1,1.0102148467523213,1.0102148467523213,1.0146950792424150,0.9947152575033230,1.0068289580826280,1.0068289580826280,1.0027345439597302,1.0098894056358174,0.9704925148765962,0.9704925148765962,1.0394491351036605,1.0001190740462724,1.0324035179139239,1.0324035179139239,1.0271320824378329,1.0153481205314354,1.0360874446655657,1.0360874446655657,1.0185641112820683,1.0167500155764331,0.9694514509501345,0.9694514509501345,1.0355939968107526,0.9992846950191151,1.0066230333781390,1.0066230333781390,1.0012532571102484,1.0095500311653651
2,1.0099809550034000,1.0099809550034000,1.0144597401325179,0.9945757478775585,1.0058244654998858,1.0058244654998858,1.0046446561751261,1.0097362379697516,0.9720875973217685,0.9720875973217685,1.0417104926203580,0.9987541009002232,1.0421341443961163,1.0421341443961163,1.0300654931712503,1.0090813804879031,1.0240417352832241,1.0240417352832241,1.0238550908172486,1.0237721935765252,0.9769985079520421,0.9769985079520421,1.0358041613797142,0.9993985402555966,1.0071326914397409,1.0071326914397409,0.9970565911755033,1.0102802494122569
3,1.0096041294079157,1.0096041294079157,1.0141343329682160,0.9947559478108376,1.0043958538266526,1.0043958538266526,1.0072240904987857,1.0085266061454381,0.9747489113479383,0.9747489113479383,1.0383184563453118,0.9977303710406864,1.0418151074622739,1.0418151074622739,1.0257159531182520,1.0026102902255600,1.0277440961756321,1.0277440961756321,1.0331227301304622,1.0298058125377691,0.9866348632200147,0.9866348632200147,1.0376309764791494,0.9969752630790615,1.0087137474702588,1.0087137474702588,0.9952447464730488,1.0120630694937636
4,1.0087465263285373,1.0087465263285373,1.0135474379040286,0.9944129866474999,1.0006755109276082,1.0006755109276082,1.0090402627691621,1.0055103813367599,0.9762842848245747,0.9762842848245747,1.0305329254663966,0.9962760246529316,1.0303297778439484,1.0303297778439484,1.0183655676023329,1.0025421734859565,1.0190357261892640,1.0190357261892640,1.0334934357029906,1.0308625480620550,0.9865836967318662,0.9865836967318662,1.0332821865521755,0.9909089383351178,1.0082301303315122,1.0082301303315122,0.9933322437315690,1.0115464789254838
5,1.0074237385485265,1.0074237385485265,1.0124259453556306,0.9944449576034042,0.9981717201565512,0.9981717201565512,1.0104102203006962,1.0026394694420415,0.9779476060909309,0.9779476060909309,1.0274154826040922,0.9945535585400601,1.0190039666925441,1.0190039666925441,1.0165448299057289,0.9916094367795768,0.9939535347914011,0.9939535347914011,1.0210579487699876,1.0125571617220093,0.9927918972938874,0.9927918972938874,1.0323041129812389,0.9883718159221011,1.0073968208001334,1.0073968208001334,0.9909203222580024,1.0096704394933100
6,1.0076498339058171,1.0076498339058171,1.0127164874666146,0.9950407799634403,0.9985883985612442,0.9985883985612442,1.0147666852509742,1.0047327608782726,0.9829290400373514,0.9829290400373514,1.0289661277583990,0.9930423382712200,1.0010847255750641,1.0010847255750641,1.0194445232743945,0.9809151086618098,0.9766410866747889,0.9766410866747889,1.0209568472502071,1.0145342797997050,1.0017886714600033,1.0017886714600033,1.0370651487934837,0.9909414655455411,1.0099897526901824,1.0099897526901824,0.9898866416264739,1.0126262697373769
7,1.0072600143242814,1.0072600143242814,1.0130825705264543,0.9960551312007699,0.9968212356841980,0.9968212356841980,1.0173304629171307,1.0048466547838086,0.9900429371457669,0.9900429371457669,1.0234984883340985,0.9971210080290573,0.9956079248774368,0.9956079248774368,1.0192422190858830,0.9638859237609069,0.9678284248322966,0.9678284248322966,1.0129698271875467,1.0193407220230690,1.0048586607489149,1.0048586607489149,1.0387707151031331,0.9881359936465323,1.0131407043557081,1.0131407043557081,0.9910016229818306,1.0151898018807199
8,1.0064335968114260,1.0064335968114260,1.0130593271575756,0.9968253405930118,0.9938338003362652,0.9938338003362652,1.0178471326147378,1.0027258717152068,0.9859144884641444,0.9859144884641444,1.0121432430895392,0.9888661704315220,0.9935873576297684,0.9935873576297684,1.0273681039910962,0.9459712212451570,0.9541661916800304,0.9541661916800304,1.0084202587974236,1.0241471642464330,1.0153819018114618,1.0153819018114618,1.0412118574041482,0.9925678260667056,1.0163958197126561,1.0163958197126561,0.9915165275660751,1.0178504375143409
9,1.0052043657309837,1.0052043657309837,1.0123620260912141,0.9963021794963947,0.9909542549324047,0.9909542549324047,1.0177336218478392,1.0025137934083466,0.9849420852622747,0.9849420852622747,1.0034854743113262,0.9870380813966347,0.9868344091967715,0.9868344091967715,1.0346510547775116,0.9233905220665597,0.9429026712186199,0.9429026712186199,1.0107455937523753,1.0355667255572623,1.0255896161970930,1.0255896161970930,1.0450109861507613,0.9959099969376987,1.0158229194098334,1.0158229194098334,0.9900647289262878,1.0173571517837281
10,1.0040427033780075,1.0040427033780075,1.0122196604568321,0.9961045408598949,0.9857234528163481,0.9857234528163481,1.0158000246461885,0.9988691884311938,0.9808989351071320,0.9808989351071320,0.9919525509761694,0.9795957278146048,0.9810385715653016,0.9810385715653016,1.0389668774657579,0.9036026092117105,0.9371144732037285,0.9371144732037285,1.0094649745018223,1.0341691076057875,1.0353453599374121,1.0353453599374121,1.0474682949570810,0.9976745981031622,1.0154769471490377,1.0154769471490377,0.9879896247371519,1.0175047490889508
11,1.0021819645754775,1.0021819645754775,1.0108831667463061,0.9953663024235575,0.9848045281202842,0.9848045281202842,1.0136902900476261,0.9946590413024139,0.9788261809136729,0.9788261809136729,0.9864445301676421,0.9732177282928871,0.9754022524007530,0.9754022524007530,1.0355951409905655,0.8939981489276012,0.9785704860130860,0.9785704860130860,1.0041402944600486,1.0411912856058796,1.0368462435897687,1.0368462435897687,1.0491900277720354,0.9943893498504098,1.0168571160603836,1.0168571160603836,0.9882877273911882,1.0196487941542922
12,1.0006616682074887,1.0006616682074887,1.0094159290858373,0.9947966381183524,0.9845217820599568,0.9845217820599568,1.0118036628184850,0.9913993191784518,0.9819736965407776,0.9819736965407776,0.9801531105051161,0.9697890457474542,0.9800814607637744,0.9800814607637744,1.0328303170809079,0.8966206434023403,1.0176799320596497,1.0176799320596497,1.0050502081380732,1.0502246699263864,1.0374858246916254,1.0374858246916254,1.0443966589491813,0.9920717861077504,1.0169575596199696,1.0169575596199696,0.9893562511900716,1.0203052137485724
13,0.9983877206485310,0.9983877206485310,1.0067400362436756,0.9943170737797867,0.9834912470769214,0.9834912470769214,1.0081047774833432,0.9868474903330638,0.9848397270304989,0.9848397270304989,0.9763653366646479,0.9696184241041980,0.9713611179054162,0.9713611179054162,1.0281098860156386,0.9035344924721069,1.0442743553713132,1.0442743553713132,1.0082517562644560,1.0619510254216857,1.0417582264520273,1.0417582264520273,1.0441137451063482,0.9920880497129621,1.0172216889803618,1.0172216889803618,0.9910906666317375,1.0213539314435764
14,0.9949754999114893,0.9949754999114893,1.0026143382677042,0.9931893709715234,0.9825983647811507,0.9825983647811507,1.0061476952954376,0.9819343428908029,0.9836711372177256,0.9836711372177256,0.9653573713244387,0.9682453261179937,0.9657779715631747,0.9657779715631747,1.0162750909877136,0.9068722127126839,1.0695651304814242,1.0695651304814242,1.0081506547446755,1.0653257614508562,1.0428071394590721,1.0428071394590721,1.0384554682496909,0.9899005948119958,1.0162284137800131,1.0162284137800131,0.9915591136595089,1.0206353656155183
15,0.9920258650778698,0.9920258650778698,0.9992440497802908,0.9925470454028992,0.9844138921158845,0.9844138921158845,1.0068483307187077,0.9787453135357943,0.9794829795675674,0.9794829795675674,0.9554397033583514,0.9665391096854323,0.9623749109355227,0.9623749109355227,1.0110488994511655,0.9056461113998189,1.0718074053880939,1.0718074053880939,0.9912667009413300,1.0622237313634368,1.0461926554248997,1.0461926554248997,1.0378977238166776,0.9895184000895221,1.0089183547212668,1.0089183547212668,0.9883767710410951,1.0150732776923861
16,0.9887435842013400,0.9887435842013400,0.9959986944006005,0.9909659363109010,0.9828290260408915,0.9828290260408915,1.0018421144820451,0.9733844452234952,0.9837479058915575,0.9837479058915575,0.9493098092327323,0.9684078229210948,0.9668946008316230,0.9668946008316230,1.0107791605331502,0.8997199550543047,1.0527741416454330,1.0527741416454330,0.9832122798654825,1.0616783194799346,1.0480602322423209,1.0480602322423209,1.0377037257530206,0.9853467853527351,1.0050084961610926,1.0050084961610926,0.9824573040538025,1.0134885487310468
17,0.9850714837432746,0.9850714837432746,0.9927126631253725,0.9885099856073377,0.9809502528768740,0.9809502528768740,0.9969533231766566,0.9702543265092810,0.9811207112759796,0.9811207112759796,0.9389964037012231,0.9679772063928770,0.9626939478693651,0.9626939478693651,1.0030916013697118,0.8992090795072776,1.0513662015877567,1.0513662015877567,0.9777190972907414,1.0473953457807181,1.0377842958724919,1.0377842958724919,1.0279714895595700,0.9758081808961052,0.9989372410039049,0.9989372410039049,0.9794453058091239,1.0077050648500805
18,0.9811758867251287,0.9811758867251287,0.9886276410449388,0.9864173412208697,0.9804219641852097,0.9804219641852097,0.9944678287980164,0.9672734480850796,0.9873986828248930,0.9873986828248930,0.9330199588356656,0.9754276848150619,0.9719991917731010,0.9719991917731010,1.0090258575660502,0.8992771962468812,1.0366610498742488,1.0366610498742488,0.9545668492610040,1.0413958150621929,1.0212831034445919,1.0212831034445919,1.0109562427263357,0.9614392856916167,0.9905557839762431,0.9905557839762431,0.9721901840732270,1.0002902423324413
19,0.9782704314440833,0.9782704314440833,0.9856292464595849,0.9853768319287091,0.9783497331904418,0.9783497331904418,0.9920684460356441,0.9619047250206746,0.9950670203554272,0.9950670203554272,0.9318408224162448,0.9822606753854627,0.9715206363723374,0.9715206363723374,1.0028555798164482,0.9009460563671696,0.9696535323144696,0.9696535323144696,0.8970400845058925,0.9978992173528850,0.9968255221095963,0.9968255221095963,0.9857769107142099,0.9425409764356850,0.9806676735547939,0.9806676735547939,0.9659532571167009,0.9921995795224664
20,0.9809965697176223,0.9809965697176223,0.9867420227446533,0.9880158890160883,0.9902213473812930,0.9902213473812930,1.0003155903754786,0.9713029359154230,1.0179782045679020,1.0179782045679020,0.9538648293735086,1.0050508520203905,1.0430380823753365,1.0430380823753365,1.0462498282521733,0.9566655493629240,0.9687670515374142,0.9687670515374142,0.8967367799465510,1.0026033948480924,0.9877093594711337,0.9877093594711337,0.9806925447958706,0.9382148574493874,0.9815642253273933,0.9815642253273933,0.9668243363005732,0.9953806898639784
21,0.9842840481885726,0.9842840481885726,0.9878489881875020,0.9916198876816723,0.9979596606113057,0.9979596606113057,1.0082574298939999,0.9776024471043810,1.0384669106283504,1.0384669106283504,0.9730782919885913,1.0244935945114357,1.0552678315059607,1.0552678315059607,1.0469241755472116,0.9766578124365840,0.9662640469904340,0.9662640469904340,0.8967030794399574,1.0061485720908572,0.9857479774254402,0.9857479774254402,0.9808703763542227,0.9446715087184105,0.9818097540286032,0.9818097540286032,0.9721011404233200,0.9966585717960388
22,0.9881874415983493,0.9881874415983493,0.9906091382418490,0.9957615796965571,1.0042768028538833,1.0042768028538833,1.0118036628184850,0.9817419014642076,1.0488818607115342,1.0488818607115342,0.9832624770905750,1.0355921261632401,1.0673380621696640,1.0673380621696640,1.0529933012025579,0.9861941559810896,0.9698621160267179,0.9698621160267179,0.9008145412443650,1.0079552489549586,0.9838974561040685,0.9838974561040685,0.9760850907840209,0.9520551854844974,0.9808313593556004,0.9808313593556004,0.9739633141452871,0.9987093975107132
23,0.9917296021959028,0.9917296021959028,0.9921112409556359,0.9991069042643693,1.0088044601620205,1.0088044601620205,1.0150876467297907,0.9851076627415998,1.0489330398274221,1.0489330398274221,0.9859680298337666,1.0414257613945692,1.0632969276743272,1.0632969276743272,1.0551174951819291,0.9940275810355050,0.9668897981271790,0.9668897981271790,0.9038475868377803,1.0098641905472165,0.9830190980575189,0.9830190980575189,0.9766024189537725,0.9583654643066157,0.9826728246146739,0.9826728246146739,0.9768049680162307,1.0023760253036160
24,0.9946714406378915,0.9946714406378915,0.9931513817129582,1.0030451447416808,1.0159028744133975,1.0159028744133975,1.0199999230214341,0.9917959841598014,1.0473976663507858,1.0473976663507858,0.9874944461575373,1.0441557076866674,1.0619676071166506,1.0619676071166506,1.0531281706615656,0.9983870523701361,0.9612580378964739,0.9612580378964739,0.8978825971707300,1.0121481028093824,0.9776466168019236,0.9776466168019236,0.9726254586488076,0.9573001981652530,0.9832754859721888,0.9832754859721888,0.9810674488226462,1.0052502886158490
25,0.9981798168717120,0.9981798168717120,0.9946883494800631,1.0067624949781986,1.0190391234772920,1.0190391234772920,1.0201956312402245,0.9914228834347696,1.0439004267651140,1.0439004267651140,0.9891339303571430,1.0446025738951954,1.0390501207023066,1.0390501207023066,1.0468567408177079,1.0062545357943533,0.9721043909333875,0.9721043909333875,0.8973096885586406,1.0246243996444975,0.9809468552875035,0.9809468552875035,0.9750342679392131,0.9680423094075447,0.9831899229399491,0.9831899229399491,0.9841065473086009,1.0074564799149683
26,1.0006174886549146,1.0006174886549146,0.9957372065007151,1.0092852940441073,1.0189051911329265,1.0189051911329265,1.0191074935437490,0.9892353349732673,1.0390895898716530,1.0390895898716530,0.9890127862044628,1.0441638325268225,1.0079971924749822,1.0079971924749822,1.0425409181294618,1.0014863640221006,0.9754417303293610,0.9754417303293610,0.9017581554289831,1.0356689902854188,0.9820298792866473,0.9820298792866473,0.9770389145970003,0.9763204844602721,0.9846035730378238,0.9846035730378238,0.9893446368009533,1.0101326521070342
27,1.0024054611355580,1.0024054611355580,0.9957517336062642,1.0113575932768180,1.0181313598099253,1.0181313598099253,1.0172012954927288,0.9860148866098349,1.0353108651485978,1.0353108651485978,0.9914275929812219,1.0452119369068247,0.9785394489168697,0.9785394489168697,1.0339429901177213,1.0007370798864608,0.9798741342146382,0.9798741342146382,0.9050945055817400,1.0248630173435298,0.9810747715078748,0.9810747715078748,0.9801024673522477,0.9805327582100881,0.9859800218173332,0.9859800218173332,0.9940174926895486,1.0129253484874334
28,1.0038036140346658,1.0038036140346658,0.9963793045659894,1.0118545963186043,1.0163865189902732,1.0163865189902732,1.0150054492778986,0.9838509024046506,1.0299199982750742,1.0299199982750742,0.9941250694475681,1.0438469637607755,0.9403081896780918,0.9403081896780918,1.0389331601010059,1.0045516173042630,0.9666812144149307,0.9666812144149307,0.9093744699191150,1.0157614565375852,0.9807848280750331,0.9807848280750331,0.9800216348257241,0.9886726926185165,0.9860841855087555,0.9860841855087555,0.9967352597432304,1.0157296972866663
29,1.0049236956322780,1.0049236956322780,0.9960161269272596,1.0122498735916037,1.0155233994376949,1.0155233994376949,1.0139094832526716,0.9847502715207798,1.0224478473554437,1.0224478473554437,0.9927682549375496,1.0430751039460453,0.9504641987387408,0.9504641987387408,1.0406864630681059,1.0137473771507506,0.9790919452937069,0.9790919452937069,0.9330322255477549,1.0250675467998431,0.9870953616133514,0.9870953616133514,0.9866175689900563,1.0031716966646982,0.9907343503043957,0.9907343503043957,1.0010364551800401,1.0146537906143844
30,1.0061919086708739,1.0061919086708739,0.9959086263461955,1.0126015541065518,1.0138566858189231,1.0138566858189231,1.0127430622686797,0.9859127748324579,1.0124593899046588,1.0124593899046588,0.9916214236255102,1.0388583119055721,0.9583869492624930,0.9583869492624930,1.0343813158594963,1.0099328397329483,0.9891039634816272,0.9891039634816272,0.9526122198785808,1.0219655167124237,0.9883659960690399,0.9883659960690399,0.9887919639535432,1.0143285298398867,0.9940489877707279,0.9940489877707279,1.0033903047080153,1.0144090898188836
31,1.0069767454283656,1.0069767454283656,0.9957778823962528,1.0125288928431329,1.0113231323046736,1.0113231323046736,1.0106881259713787,0.9863919147109197,1.0078276799168056,1.0078276799168056,0.9921786867278392,1.0391751806716192,0.9693405506577479,0.9693405506577479,1.0302003626302578,1.0147010115052011,0.9995331490940442,0.9995331490940442,0.9638007880676241,1.0225109285959260,0.9942245589620461,0.9942245589620461,0.9957354779819271,1.0266970016033430,0.9944656425364173,0.9944656425364173,1.0014042441687863,1.0114804485520947
32,1.0071274756665594,1.0071274756665594,0.9949469319588388,1.0126102734581621,1.0084435869008133,1.0084435869008133,1.0090285202760347,0.9876840214323457,1.0034945147716317,1.0034945147716317,0.9937697132663728,1.0379808291688262,0.9806131889868451,0.9806131889868451,1.0299980584417463,1.0199119420848775,1.0008889432236585,1.0008889432236585,0.9753600618291961,1.0314079599455572,0.9886303562578073,0.9886303562578073,0.9972147132173104,1.0279980900202745,0.9971106562721774,0.9971106562721774,1.0022559660374615,1.0089518736652519
33,1.0075146964508848,1.0075146964508848,0.9942176712602692,1.0126887476226547,1.0080083067816250,1.0080083067816250,1.0094982200011322,0.9892785361098499,0.9958773563569853,0.9958773563569853,0.9928651702596938,1.0375989616815386,1.0022545276658195,1.0022545276658195,1.0307061231015366,1.0276091336600854,1.0100666265625853,1.0100666265625853,0.9845603001292227,1.0295331065960180,0.9757534567404280,0.9757534567404280,0.9889617122592429,1.0235499939948898,0.9987103129618776,0.9987103129618776,1.0037348649185247,1.0065437071063539
34,1.0085178321740365,1.0085178321740365,0.9939968592559214,1.0128834798086177,1.0088416635910109,1.0088416635910109,1.0113457055865152,0.9926403700111892,0.9919024450230265,0.9919024450230265,0.9972909699709445,1.0394189258762707,1.0171429179117970,1.0171429179117970,1.0247044321756944,1.0289714684521578,1.0251367997725280,1.0251367997725280,0.9951759597061764,1.0349190489456033,0.9718477481450905,0.9718477481450905,0.9913947713076056,1.0247047099649165,1.0029549833873379,1.0029549833873379,1.0064758607504432,1.0060504213757409
35,1.0093104653231588,1.0093104653231588,0.9942351037869283,1.0138280762330651,1.0093104267962907,1.0093104267962907,1.0117371220240963,0.9962260643475475,0.9861447944856399,0.9861447944856399,0.9994715647191884,1.0395570481589067,1.0237363478778727,1.0237363478778727,1.0204560442169521,1.0299932195462120,1.0408848700472775,1.0408848700472775,1.0124643195886440,1.0354303725863867,0.9736300474822641,0.9736300474822641,0.9979664557139806,1.0306490576697729,1.0038626955554468,1.0038626955554468,1.0086400085894860,1.0020808306931703
36,1.0097756500237913,1.0097756500237913,0.9936772629338392,1.0141535986931824,1.0086630871318569,1.0086630871318569,1.0115374996409299,0.9991009036183188,0.9802933155691255,0.9802933155691255,1.0032351097291206,1.0388745615858821,1.0245871130347857,1.0245871130347857,1.0146229401148694,1.0248844640759411,1.0425013938172023,1.0425013938172023,1.0053872132040083,1.0377824613339903,0.9741246568676999,0.9741246568676999,1.0002055166986865,1.0371463679518251,1.0061952182169400,1.0061952182169400,1.0100685784510366,1.0008184853195545
37,1.0099705598145590,1.0099705598145590,0.9937179388293769,1.0143541437802188,1.0079711033526346,1.0079711033526346,1.0112165381621132,1.0021171284269970,0.9693153952111749,0.9693153952111749,1.0007153113533720,1.0388826864260372,1.0323503450916169,1.0323503450916169,1.0124987461354982,1.0194691832774538,1.0312900192838539,1.0312900192838539,1.0085550608237976,1.0219655167124237,0.9707391409018724,0.9707391409018724,1.0025092437046113,1.0352760533524858,1.0072889369768745,1.0072889369768745,1.0106183262026363,0.9989502141666030
38,1.0100095417727126,1.0100095417727126,0.9939561833603837,1.0142960147694837,1.0066950257382623,1.0066950257382623,1.0105002460813397,1.0033974530202641,0.9730002915551024,0.9730002915551024,0.9989223778937047,1.0419051269637174,1.0450054768006978,1.0450054768006978,1.0129033545125212,1.0354085003446991,1.0221644818729891,1.0221644818729891,1.0173845935512957,1.0246925761299353,0.9790110564858843,0.9790110564858843,1.0026304924943967,1.0341294691850649,1.0080180828168310,1.0080180828168310,1.0109125573936331,0.9965187427700383
39,1.0095469558692904,1.0095469558692904,0.9940259134670199,1.0137815730244770,1.0038489634204932,1.0038489634204932,1.0078542709632914,1.0045128278193065,0.9693580444744149,0.9693580444744149,0.9958210875850911,1.0350396370326964,1.0478236363829720,1.0478236363829720,1.0123975940412424,1.0309809122704643,1.0253975294128383,1.0253975294128383,1.0230125781524109,1.0296012830814558,0.9843067880092568,0.9843067880092568,0.9973602117650530,1.0343002370397871,1.0091936444771687,1.0091936444771687,1.0122172404379219,0.9949107089710322
40,1.0083956887051553,1.0083956887051553,0.9937382767771458,1.0130491474892132,1.0020185547141633,1.0020185547141633,1.0064060301442410,1.0078471700882747,0.9705351641398361,0.9705351641398361,0.9923644410952822,1.0277597802537677,1.0306488147777908,1.0306488147777908,0.9988769307757214,1.0316961380363023,1.0219037522326786,1.0219037522326786,1.0256075171601107,1.0292263124115479,0.9893125760997876,0.9893125760997876,0.9946280723685527,1.0330885984515197,1.0092940880367547,1.0092940880367547,1.0122482121422374,0.9928521149771355
41,1.0072911998908043,1.0072911998908043,0.9936801683549490,1.0125405186452798,0.9980191860976904,0.9980191860976904,1.0030633337672983,1.0080003377543405,0.9762757549719268,0.9762757549719268,0.9931155348418995,1.0294253724855538,1.0234173109440303,1.0234173109440303,0.9889977429034079,1.0319686049947168,0.9992724194537338,0.9992724194537338,1.0240572938568095,1.0282036651299813,0.9957766091025515,0.9957766091025515,0.9933509184494785,1.0337716698704087,1.0077241924017464,1.0077241924017464,1.0100414782097606,0.9896010901226233
42,1.0070599069390931,1.0070599069390931,0.9942757796824659,1.0123748509646844,0.9968286763699962,0.9968286763699962,1.0027658572747367,1.0116999259962349,0.9853941674526177,0.9853941674526177,0.9972263597561817,1.0310422156764096,1.0040092308019526,1.0040092308019526,0.9789836855720867,1.0324113638021402,0.9783619023008377,0.9783619023008377,1.0231810806853783,1.0184203394696589,1.0030422504196423,1.0030422504196423,0.9927850907638128,1.0356013254567187,1.0085314610102696,1.0085314610102696,1.0097588614078821,0.9899428944084023
43,1.0067194645045521,1.0067194645045521,0.9952636228598113,1.0123254413055596,0.9956716497283933,0.9956716497283933,1.0033490677667325,1.0154034416141822,0.9926274824981048,0.9926274824981048,0.9953122821438342,1.0292222514816773,0.9919390001382494,0.9919390001382494,0.9661373696016040,1.0253953396229682,0.9625095401699639,0.9625095401699639,1.0250683090546147,1.0154205741103963,1.0075790123688115,1.0075790123688115,0.9933670849547833,1.0367397778215339,1.0115484879296810,1.0115484879296810,1.0118262226709391,0.9901448696681809
44,1.0061295375378281,1.0061295375378281,0.9957749769751429,1.0125783025022577,0.9944439365717086,0.9944439365717086,1.0037717975193201,1.0175006604264660,0.9894714370183522,0.9894714370183522,0.9884635993789791,1.0196268152585581,0.9873661374198420,0.9873661374198420,0.9551792260572290,1.0245779387477247,0.9575556770040659,0.9575556770040659,1.0350773595128853,1.0173295157026543,1.0125677449632930,1.0125677449632930,0.9899478690828317,1.0372602131883066,1.0141637406107489,1.0141637406107489,1.0142652443857818,0.9909450024280728
45,1.0050848210593128,1.0050848210593128,0.9954234210208524,1.0123922896679050,0.9908054412164430,0.9908054412164430,1.0014937538525979,1.0176184817080551,0.9879787128049556,0.9879787128049556,0.9863799199528793,1.0084632848855133,0.9798155966522392,0.9798155966522392,0.9350499593003310,1.0257359233209862,0.9522889382697952,0.9522889382697952,1.0454908160502780,1.0201247516056036,1.0221358782470675,1.0221358782470675,0.9896972882506083,1.0423019308039165,1.0149896098784545,1.0149896098784545,1.0150782516240626,0.9897214984505682
46,1.0039439490840185,1.0039439490840185,0.9959115317673054,1.0117935608573323,0.9861550125926373,0.9861550125926373,0.9973212546279829,1.0183764652862777,0.9808562858438922,0.9808562858438922,0.9774071763776978,0.9948054285848668,0.9725840928184787,0.9725840928184787,0.9146172362606656,1.0181749652249854,0.9439455897798616,0.9439455897798616,1.0504784910261167,1.0095233081200277,1.0285828557537817,1.0285828557537817,0.9910633579488585,1.0432777471166153,1.0157671174322858,1.0157671174322858,1.0155660559670312,0.9890145850413433
47,1.0026575444649510,1.0026575444649510,0.9956442330252002,1.0113808448811121,0.9847933670915870,0.9847933670915870,0.9943073480586082,1.0150381956412562,0.9816580919928023,0.9816580919928023,0.9775121679766873,0.9873793246831470,0.9772101283591931,0.9772101283591931,0.9064913513554521,1.0260765070190043,0.9864445211504609,0.9864445211504609,1.0405368415810330,0.9983764527509496,1.0333839778917187,1.0333839778917187,0.9890344615331141,1.0435135693921842,1.0175192995272828,1.0175192995272828,1.0179857203666767,0.9907430271682942
48,1.0006252850465454,1.0006252850465454,0.9951009192776603,1.0093056391978645,0.9846259516611300,0.9846259516611300,0.9896886340951508,1.0124893285828811,0.9834920103121180,0.9834920103121180,0.9721818252587577,0.9806600818749169,0.9732221666861635,0.9732221666861635,0.9026138544089809,1.0321048384739240,1.0119438799728204,1.0119438799728204,1.0550617599228334,0.9963993346732537,1.0363004677161847,1.0363004677161847,0.9865690694741420,1.0438469732990228,1.0187469430333318,1.0187469430333318,1.0202931123381784,0.9925413838082455
49,0.9986813847332878,0.9986813847332878,0.9946854440589533,1.0068613142964484,0.9828997125559733,0.9828997125559733,0.9850112076660562,1.0092374612110249,0.9823490100572887,0.9823490100572887,0.9727794697453135,0.9702927858370675,0.9677985388108431,0.9677985388108431,0.8998827478640752,1.0239989464610941,1.0413020374717743,1.0413020374717743,1.0545899528305243,1.0010353356830233,1.0424319185459829,1.0424319185459829,0.9885332998686673,1.0452212479394070,1.0189329496251576,1.0189329496251576,1.0218804121843459,0.9929841757239138
50,0.9952977507655587,0.9952977507655587,0.9930119214996860,1.0032573156308644,0.9839228068532105,0.9839228068532105,0.9821538676717140,1.0072894826887535,0.9790650167878163,0.9790650167878163,0.9689432382437732,0.9586417650547194,0.9579615666840365,0.9579615666840365,0.8969830544954098,1.0131002681245163,1.0545992491276059,1.0545992491276059,1.0469062373272053,0.9925473632460188,1.0484183976593606,1.0484183976593606,0.9889293792486334,1.0462946458833755,1.0172291292440350,1.0172291292440350,1.0213190500436282,0.9931706144252479
51,0.9922597568267912,0.9922597568267912,0.9921693493778326,0.9996911008222583,0.9836214590783879,0.9836214590783879,0.9789638237054277,1.0048741464161792,0.9790479570825203,0.9790479570825203,0.9696135692219371,0.9539699819655632,0.9632256760924357,0.9632256760924357,0.9009617035361367,1.0184474321833998,1.0540256439189231,1.0540256439189231,1.0453223135173106,0.9891726272168483,1.0502603912327075,1.0502603912327075,0.9902631159362740,1.0444243312840362,1.0117977367627273,1.0117977367627273,1.0192362029284134,0.9880590866970064
52,0.9882082319760311,0.9882082319760311,0.9902488660242290,0.9958458667621232,0.9815343467120240,0.9815343467120240,0.9751866550827697,1.0004008650918506,0.9849932643781626,0.9849932643781626,0.9733771142318692,0.9498181886463303,0.9652994161624111,0.9652994161624111,0.8949937299750463,1.0124872174680837,1.0556943136169097,1.0556943136169097,1.0449179074381885,0.9837866848672632,1.0493393944460341,1.0493393944460341,0.9877088080981259,1.0401144759029504,1.0062100987442861,1.0062100987442861,1.0140832856229285,0.9840195815014355
53,0.9845725146789089,0.9845725146789089,0.9879129074519184,0.9918901875815911,0.9811771937937157,0.9811771937937157,0.9724154267046953,0.9963438856291364,0.9836796670703736,0.9836796670703736,0.9761068958055968,0.9377771755365396,0.9676921931662289,0.9676921931662289,0.8951960341635579,1.0109545908270026,1.0452651280044927,1.0452651280044927,1.0443786993326925,0.9774803599642679,1.0439328021983398,1.0439328021983398,0.9841360104257793,1.0321046503362150,0.9986433505888204,0.9986433505888204,1.0099717918750508,0.9777156229125784
54,0.9809186058013152,0.9809186058013152,0.9863410746314955,0.9879461342032061,0.9809390918481768,0.9809390918481768,0.9688183096433246,0.9944312534913419,0.9874242723828369,0.9874242723828369,0.9741766656395586,0.9321060371083116,0.9783799304499485,0.9783799304499485,0.8996130089460598,1.0069016448205876,1.0416149130401469,1.0416149130401469,1.0430306790689523,0.9598908267213189,1.0250353125754839,1.0250353125754839,0.9648897858604916,1.0123199745962486,0.9884204283020851,0.9884204283020851,0.9990078085473774,0.9697997463851041
55,0.9777974503518201,0.9777974503518201,0.9853677585596994,0.9844671129107028,0.9798267093213625,0.9798267093213625,0.9664267552097039,0.9914660845713522,0.9961161922311287,0.9961161922311287,0.9812676367097741,0.9352422254081626,0.9795497325407039,0.9795497325407039,0.9025464196794771,1.0010776635844787,0.9704878671634629,0.9704878671634629,0.9979057007402503,0.8991796664389697,0.9994605962492453,0.9994605962492453,0.9454495632315471,0.9875505038589131,0.9786811231540964,0.9786811231540964,0.9913926407488133,0.9620897292570194
56,0.9809627853538893,0.9809627853538893,0.9883952073561517,0.9858680220694217,0.9905115341274184,0.9905115341274184,0.9723410575815549,0.9996468088896812,1.0199144811189935,1.0199144811189935,1.0057710606585597,0.9546768430590529,1.0424000085076517,1.0424000085076517,0.9591915924627079,1.0415390069090242,0.9717915153650151,0.9717915153650151,1.0065667309347808,0.8986342545554675,0.9862170035668018,0.9862170035668018,0.9390799601414812,0.9772393781547301,0.9789378122508158,0.9789378122508158,0.9923140489521982,0.9664321973422580
57,0.9850870765265360,0.9850870765265360,0.9922448903266885,0.9880042632139413,0.9986367630189318,0.9986367630189318,0.9791125619517085,1.0063233481797238,1.0387057465024938,1.0387057465024938,1.0252348878558484,0.9680422051141174,1.0571820531090150,1.0571820531090150,0.9760502748386694,1.0474992216243402,0.9656904417817511,0.9656904417817511,1.0150929591029374,0.8989751369826564,0.9805289956342905,0.9805289956342905,0.9427255070876991,0.9714414028967785,0.9802621791846141,0.9802621791846141,0.9960074246918170,0.9691200219531571
58,0.9885070936552084,0.9885070936552084,0.9952752445442506,0.9901375979079240,1.0042172773674987,1.0042172773674987,0.9815589146865906,1.0110754732038132,1.0486003755741509,1.0486003755741509,1.0346922080417507,0.9807250805961574,1.0588835834228409,1.0588835834228409,0.9795568807728694,1.0602029935604138,0.9716350775808288,0.9716350775808288,1.0214623548491097,0.9017362846428868,0.9768108974954975,0.9768108974954975,0.9452636484205426,0.9696524063234976,0.9822189685306194,0.9822189685306194,0.9997859726183034,0.9729925091454495
59,0.9918829312313068,0.9918829312313068,0.9990900624614693,0.9915850102752312,1.0085514768448856,1.0085514768448856,0.9875241011953271,1.0123322335407623,1.0479862261834965,1.0479862261834965,1.0366062856540981,0.9860874750984934,1.0568630161751726,1.0568630161751726,0.9837378340021079,1.0611225695450626,0.9709571805160216,0.9709571805160216,1.0211590502897681,0.9066790798371264,0.9772884513848838,0.9772884513848838,0.9527002408607209,0.9700589964537887,0.9825947018461072,0.9825947018461072,1.0029063718280862,0.9765853382857408
60,0.9949339191561255,0.9949339191561255,1.0030821110663881,0.9927504969404725,1.0157615013832337,1.0157615013832337,0.9907180593259892,1.0184078842947013,1.0460584794850529,1.0460584794850529,1.0402406102345048,0.9899873983729195,1.0580859910882350,1.0580859910882350,0.9975282361856445,1.0583638415911163,0.9679848626164829,0.9679848626164829,1.0255064156403302,0.9073267564487852,0.9811429934920728,0.9811429934920728,0.9615756522730208,0.9730514998127314,0.9826877051420200,0.9826877051420200,1.0036613071207756,0.9809433429294240
61,0.9981044517526151,0.9981044517526151,1.0067371308225657,0.9938636674960519,1.0181574022102184,1.0181574022102184,0.9893676726163343,1.0194643484529493,1.0440198447021856,1.0440198447021856,1.0421950692310789,0.9928392172673436,1.0409643423053609,1.0409643423053609,1.0014394504968676,1.0574783239762693,0.9758588977538577,0.9758588977538577,1.0213949538359226,0.9028611966526102,0.9809042165473797,0.9809042165473797,0.9690364944711563,0.9733442447065410,0.9850165076716766,0.9850165076716766,1.0080399318183739,0.9862335410797772
62,1.0003602077311011,1.0003602077311011,1.0091922116603798,0.9947472284592274,1.0182801735258871,1.0182801735258871,0.9859036371437412,1.0195703876063793,1.0392260675140208,1.0392260675140208,1.0418720181572649,0.9943423126960287,1.0126232280156966,1.0126232280156966,1.0066656420334155,1.0501217160990792,0.9807084690636315,0.9807084690636315,1.0320443139194699,0.8998273430506287,0.9804693013981173,0.9804693013981173,0.9740804441262337,0.9733198492987235,0.9850053472761671,0.9850053472761671,1.0106841410743066,0.9906109664215160
63,1.0022287429252619,1.0022287429252619,1.0112289118583768,0.9950582186666609,1.0175695880321696,1.0175695880321696,0.9834651127376107,1.0186081804734026,1.0346455366420553,1.0346455366420553,1.0464351145748867,0.9957641597231632,0.9773696468261143,0.9773696468261143,1.0088235533775387,1.0404150807055645,0.9786226319411482,0.9786226319411482,1.0288764662996805,0.8972366366039929,0.9820554625307215,0.9820554625307215,0.9841198439204746,0.9782477216778520,0.9856675307430661,0.9856675307430661,1.0119075233947672,0.9947320385489204
64,1.0039231587063366,1.0039231587063366,1.0123649315123240,0.9957412345427997,1.0159400778423879,1.0159400778423879,0.9810931291258691,1.0168722802579915,1.0317197971837981,1.0317197971837981,1.0442625961034879,0.9978603684831673,0.9303648719066712,0.9303648719066712,1.0163762430819694,1.0339439904432215,0.9723129746456359,0.9723129746456359,1.0212938523161421,0.9039861086623338,0.9831811252699891,0.9831811252699891,0.9904328642419739,0.9817443967983557,0.9863669155283304,0.9863669155283304,1.0131502630304252,0.9989540983062142
65,1.0050250487234773,1.0050250487234773,1.0125770272533423,0.9958633054653437,1.0160070440145708,1.0160070440145708,0.9828701597524874,1.0169036992664153,1.0249044449180620,1.0249044449180620,1.0453932748618366,0.9978359939627021,0.9431263492603661,0.9431263492603661,1.0167471340942407,1.0353063252352936,0.9781011726605273,0.9781011726605273,1.0256749181732976,0.9219847008179094,0.9868139459285346,0.9868139459285346,1.0013614218279752,0.9882986296986487,0.9918503898553493,0.9918503898553493,1.0152214957565218,1.0020885989723927
66,1.0061165435517769,1.0061165435517769,1.0123184447745666,0.9964940052318210,1.0156870945252530,1.0156870945252530,0.9852578000217324,1.0166052186863899,1.0160163384588665,1.0160163384588665,1.0428007899944800,0.9960241546081250,0.9513149638956537,0.9513149638956537,1.0128696371477695,1.0243395301591123,0.9860794996540263,0.9860794996540263,1.0262141262787938,0.9452669705949136,0.9864472527634701,0.9864472527634701,1.0086525157204109,0.9901445488901705,0.9947037309739540,0.9947037309739540,1.0153531254998625,1.0028731951738401
67,1.0068675959455355,1.0068675959455355,1.0121760791401844,0.9959417796298363,1.0122569383723339,1.0122569383723339,0.9863537660469596,1.0138364185690485,1.0050895972168039,1.0050895972168039,1.0406040426925454,0.9914823689614495,0.9719460189507939,0.9719460189507939,1.0131393760657847,1.0242714134195086,0.9924413028776007,0.9924413028776007,1.0284046592073715,0.9622770037116415,0.9897816022411491,0.9897816022411491,1.0177219251963674,0.9967394408034926,0.9969730113942264,0.9969730113942264,1.0133902937388699,1.0042598330150119
68,1.0069533562534734,1.0069533562534734,1.0121121598757681,0.9948634864806979,1.0100507750332004,1.0100507750332004,0.9873714487846704,1.0119237864312538,1.0042280820993579,1.0042280820993579,1.0430107731924592,0.9935948274017636,0.9794433868960898,0.9794433868960898,1.0158030478811868,1.0146669531353993,0.9943707022158979,0.9943707022158979,1.0293145728853961,0.9776848894205813,0.9833431524824595,0.9833431524824595,1.0226284595563548,0.9932590292882005,0.9975384714333763,0.9975384714333763,1.0099408201707354,1.0035296147681203
69,1.0071482660442412,1.0071482660442412,1.0122254712990517,0.9942705705711986,1.0075321028905473,1.0075321028905473,0.9889371145349950,1.0091628410660185,0.9957067593040256,0.9957067593040256,1.0398852540533094,0.9914742441212945,0.9909287165144153,0.9909287165144153,1.0117569641109558,1.0135430269319397,1.0164284297861597,1.0164284297861597,1.0250346085480211,0.9867523619838069,0.9779450879827899,0.9779450879827899,1.0226527093143118,0.9935192469715869,0.9978807235623355,0.9978807235623355,1.0068513926652680,1.0021818183230597
70,1.0082553536558023,1.0082553536558023,1.0132917608463627,0.9941659383518752,1.0084435869008133,1.0084435869008133,0.9940607557029321,1.0111540207248726,0.9894884967236481,0.9894884967236481,1.0406282715230815,0.9947160553431612,1.0182063743579381,1.0182063743579381,1.0231871507618580,1.0298569860670048,1.0231031085781066,1.0231031085781066,1.0219341619414188,0.9995013647606730,0.9757875677325271,0.9757875677325271,1.0234206183162868,0.9974956984458341,1.0016603775082318,1.0016603775082318,1.0067855777935977,1.0055726722035725
71,1.0090479868049247,1.0090479868049247,1.0138844667527698,0.9942618512195883,1.0100768174334938,1.0100768174334938,0.9978105251749594,1.0123793620533981,0.9851638614311221,0.9851638614311221,1.0404344408787931,0.9984697314947963,1.0317654440462392,1.0317654440462392,1.0339767074824733,1.0291077019313650,1.0387468869967320,1.0387468869967320,1.0257760196930783,1.0030806302461568,0.9739370464111553,0.9739370464111553,1.0306066299242418,0.9983983285350804,1.0042086678162425,1.0042086678162425,1.0046330443436731,1.0078293573176365
72,1.0096690993381716,1.0096690993381716,1.0141982522326325,0.9944129866474999,1.0083989427860247,1.0083989427860247,0.9997676073628651,1.0111893671093493,0.9772993372896844,0.9772993372896844,1.0385042107127549,0.9991684677481311,1.0338391841162147,1.0338391841162147,1.0310095793843039,1.0216829773145713,1.0405719944789051,1.0405719944789051,1.0285057607271519,1.0110572790423780,0.9747983489616555,0.9747983489616555,1.0370732320461360,1.0005288608178060,1.0056111575186075,1.0056111575186075,1.0029683152367170,1.0088392336165293
73,1.0097054824991147,1.0097054824991147,1.0142098739170717,0.9941078093411400,1.0072456364873208,1.0072456364873208,1.0032668703148404,1.0102664337369021,0.9670123349962203,0.9670123349962203,1.0373008454627981,0.9985184805357267,1.0275116182616741,1.0275116182616741,1.0249404537289579,1.0152459454220299,1.0385904492125460,1.0385904492125460,1.0169464869655802,1.0186248689259723,0.9694429232021098,0.9694429232021098,1.0359334934221522,0.9999596346353983,1.0069094835295502,1.0069094835295502,1.0014894163556538,1.0098840671719220
74,1.0096483089604895,1.0096483089604895,1.0140500757560307,0.9942211609120736,1.0057947027566936,1.0057947027566936,1.0048403643939166,1.0099247520202941,0.9717293435105533,0.9717293435105533,1.0413309076086268,0.9982259862901447,1.0384120468346221,1.0384120468346221,1.0274018213558482,1.0078212208052364,1.0246153404919072,1.0246153404919072,1.0229788776458173,1.0245221349163407,0.9769047027237698,0.9769047027237698,1.0354242485050529,0.9993009586243267,1.0070285277483186,1.0070285277483186,0.9970411053233456,1.0101287679674229
75,1.0093728364562045,1.0093728364562045,1.0137595336450467,0.9943054479776396,1.0041019467376282,1.0041019467376282,1.0065508542261461,1.0083852206075312,0.9740238738728600,0.9740238738728600,1.0377208118587562,0.9968772628244057,1.0392096391692278,1.0392096391692278,1.0229511292085944,1.0008733133656680,1.0298299332981156,1.0298299332981156,1.0324824205051855,1.0310329892756493,0.9867457239443365,0.9867457239443365,1.0375986434685398,0.9978697613657019,1.0088737131392287,1.0088737131392287,0.9953337901229558,1.0116979603703178
76,1.0084814490130931,1.0084814490130931,1.0132685174774840,0.9940583996820150,1.0004857734397570,1.0004857734397570,1.0092281426592011,1.0054789623283362,0.9758407324868797,0.9758407324868797,1.0300645014093663,0.9959510310467294,1.0286814203524295,1.0286814203524295,1.0177249376720463,1.0016907142409113,1.0217994603765546,1.0217994603765546,1.0322802174656245,1.0333509897805342,0.9863619752832226,0.9863619752832226,1.0329669396987331,0.9913399238732263,1.0080887653217248,1.0080887653217248,0.9933245008054902,1.0110260042175929
77,1.0071456672470309,1.0071456672470309,1.0121906062457338,0.9939828319680591,0.9981345167275608,0.9981345167275608,1.0103397653419315,1.0025255755365055,0.9776831806588435,0.9776831806588435,1.0273589486661747,0.9941473165323074,1.0230451011878809,1.0230451011878809,1.0196131100981540,0.9950833904993610,0.9953093289210153,0.9953093289210153,1.0196425274930605,1.0139206914307650,0.9928515915300606,0.9928515915300606,1.0320131158857537,0.9890223601305670,1.0071884934172888,1.0071884934172888,0.9907925639777012,1.0089013798503073
78,1.0074107445624751,1.0074107445624751,1.0124753375144979,0.9946629413936613,0.9985921189041432,0.9985921189041432,1.0146766594703305,1.0046463586051073,0.9824428384364164,0.9824428384364164,1.0284088646560701,0.9922217294155594,1.0033179841119608,1.0033179841119608,1.0210966741472387,0.9837419533553596,0.9771625459554097,0.9771625459554097,1.0204176391447111,1.0176703981298432,1.0016778107356816,1.0016778107356816,1.0369843162669599,0.9912748694523797,1.0100120734812015,1.0100120734812015,0.9898169552917642,1.0119970391203745
79,1.0071274756665594,1.0071274756665594,1.0129518265765114,0.9957528603449468,0.9969477273427656,0.9969477273427656,1.0173030637664999,1.0046895597416898,0.9901111759669506,0.9901111759669506,1.0236115562099333,0.9970478844676618,0.9992236767943170,0.9992236767943170,1.0202537400284406,0.9654185504019881,0.9684541759690416,0.9684541759690416,1.0129024261743595,1.0233290464211795,1.0044834398358258,1.0044834398358258,1.0384393017443863,0.9874610540302490,1.0131221036965254,1.0131221036965254,0.9910016229818306,1.0145489188448842
80,1.0061269387406180,1.0061269387406180,1.0127484470988228,0.9966742051651001,0.9938263596504672,0.9938263596504672,1.0176279394096923,1.0027612180996834,0.9869807200451419,0.9869807200451419,1.0127408875760950,0.9894674086029960,0.9867280635521573,0.9867280635521573,1.0241649543396636,0.9450516452605082,0.9558348613780171,0.9558348613780171,1.0075777461325859,1.0271128413629766,1.0152966243312143,1.0152966243312143,1.0411310248776247,0.9914537691097079,1.0164776626130594,1.0164776626130594,0.9914352268422471,1.0173105421083946
81,1.0050458391011592,1.0050458391011592,1.0121935116668435,0.9963544956060564,0.9911439924202561,0.9911439924202561,1.0179528150528847,1.0025727040491410,0.9860765556644561,0.9860765556644561,1.0046323056233657,0.9878911896129154,0.9823678921229781,0.9823678921229781,1.0308747099252964,0.9212789031388477,0.9439455897798616,0.9439455897798616,1.0104759896996274,1.0377824613339903,1.0255810884490681,1.0255810884490681,1.0450918186772848,0.9946739629416137,1.0157075953229016,1.0157075953229016,0.9899989140546175,1.0167900674005037
82,1.0038296020067681,1.0038296020067681,1.0121237815602073,0.9958981828717849,0.9860545633343631,0.9860545633343631,1.0160661878237436,0.9989909370888358,0.9817263308139861,0.9817263308139861,0.9924694326942717,0.9802457150270092,0.9787521402060979,0.9787521402060979,1.0382925301707193,0.9028192667062690,0.9374273487721011,0.9374273487721011,1.0092627714622613,1.0369643435087368,1.0354647484097586,1.0354647484097586,1.0476380432627808,0.9962027418315083,1.0153579029302693,1.0153579029302693,0.9880438252197039,1.0174115297382837
83,1.0021247910368523,1.0021247910368523,1.0108599233774274,0.9952936411601385,0.9852807320113619,0.9852807320113619,1.0142382730602397,0.9951224716766639,0.9786129345974733,0.9786129345974733,0.9856369024831073,0.9727871117646693,0.9723714015292504,0.9723714015292504,1.0340441422119770,0.8928061059845380,0.9798741342146382,0.9798741342146382,1.0044098985127965,1.0438501685379533,1.0367353828654471,1.0367353828654471,1.0491576947614258,0.9926979349083987,1.0168161946101821,1.0168161946101821,0.9882877273911882,1.0197109403880702
84,1.0004693572139312,1.0004693572139312,1.0094101182436177,0.9946774736463452,0.9848975366927603,0.9848975366927603,1.0121402809548048,0.9918156210400663,0.9795341586834552,0.9795341586834552,0.9787962959950977,0.9679853312330321,0.9765720544915084,0.9765720544915084,1.0315827745850867,0.8940662656672049,1.0189835802612019,1.0189835802612019,1.0047806040853251,1.0518609055768933,1.0375284634317492,1.0375284634317492,1.0441218283590008,0.9904942164022208,1.0168831569832393,1.0168831569832393,0.9893910943574266,1.0205537986836846
85,0.9983461398931672,0.9983461398931672,1.0068388205614101,0.9943257931313970,0.9834652046766281,0.9834652046766281,1.0079599534014383,0.9868671272133287,0.9842426373451403,0.9842426373451403,0.9756707768559481,0.9690821846539643,0.9677453659885360,0.9677453659885360,1.0268623435198174,0.9027852083364671,1.0459951709973618,1.0459951709973618,1.0081843552512690,1.0635190845867548,1.0418179206882008,1.0418179206882008,1.0438146647582107,0.9904372937839800,1.0172477299032174,1.0172477299032174,0.9911177668730136,1.0215481384241327
86,0.9949287215617050,0.9949287215617050,1.0024574455277728,0.9930382355436118,0.9819435844309189,0.9819435844309189,1.0052591799821284,0.9815651695418242,0.9829802191532392,0.9829802191532392,0.9648001082221097,0.9676684624669849,0.9641827868939629,0.9641827868939629,1.0144543532911099,0.9045903019359629,1.0702430275462314,1.0702430275462314,1.0087909643699522,1.0634168198585980,1.0426621677426513,1.0426621677426513,1.0383827189758197,0.9884287385403419,1.0164107002400022,1.0164107002400022,0.9915242704921540,1.0210587368331310
87,0.9920180686862391,0.9920180686862391,0.9992324280958514,0.9925848292598770,0.9841125443410619,0.9841125443410619,1.0065234550755155,0.9785253804768281,0.9792270839881280,0.9792270839881280,0.9548824402560224,0.9659866205548886,0.9686493039677561,0.9686493039677561,1.0145217880206137,0.9084388977235669,1.0718074053880939,1.0718074053880939,0.9911318989149560,1.0579286127808563,1.0462694051571224,1.0462694051571224,1.0379785563432011,0.9896729043390328,1.0088253514253540,1.0088253514253540,0.9882412698347151,1.0152558322541090
88,0.9885252852356801,0.9885252852356801,0.9959144371884152,0.9909455911571436,0.9825686020379584,0.9825686020379584,1.0016424920988787,0.9733805178474423,0.9829290400373514,0.9829290400373514,0.9484860289945068,0.9677740853890007,0.9724777471738646,0.9724777471738646,1.0143194838321021,0.9029214418156744,1.0542342276311714,1.0542342276311714,0.9828078737863605,1.0562923771303494,1.0481966762107171,1.0481966762107171,1.0376713927424113,0.9856883210621796,1.0051461410390437,1.0051461410390437,0.9824727899059602,1.0138303530168258
89,0.9850584897572234,0.9850584897572234,0.9927533390209103,0.9885564888159259,0.9807307526458303,0.9807307526458303,0.9967537007934903,0.9701561421079569,0.9808136365806522,0.9808136365806522,0.9386895051810998,0.9675059656638838,0.9681175757446855,0.9681175757446855,1.0070702504104387,0.9012525816953859,1.0513140556596945,1.0513140556596945,0.9772135896918388,1.0427934330136677,1.0378610456047146,1.0378610456047146,1.0282624866550552,0.9766864155775341,0.9989484013994144,0.9989484013994144,0.9794182055678479,1.0079381132267480
90,0.9810901264171908,0.9810901264171908,0.9886712223615864,0.9864841895832152,0.9802619894405508,0.9802619894405508,0.9943112622229840,0.9672852302132385,0.9887634592485698,0.9887634592485698,0.9344817649446735,0.9764839140352189,0.9686493039677561,0.9686493039677561,1.0079131845292366,0.8994134297260884,1.0365567580181245,1.0365567580181245,0.9539939406489144,1.0359757844698889,1.0213172144366911,1.0213172144366911,1.0110936580214258,0.9620003800714184,0.9906376268766464,0.9906376268766464,0.9722211557775424,1.0006359307578316
91,0.9781534855696227,0.9781534855696227,0.9856844494606719,0.9854233351372973,0.9783497331904418,0.9783497331904418,0.9920332185562618,0.9620814569430581,0.9967474013270793,0.9967474013270793,0.9336741372601387,0.9836012740110467,0.9651398976954899,0.9651398976954899,0.9985060397634502,0.8974380442775837,0.9699664078828421,0.9699664078828421,0.8971411860256731,0.9934677457994289,0.9965611619208289,0.9965611619208289,0.9858173269774718,0.9432321796571800,0.9805263085450064,0.9805263085450064,0.9658951851711094,0.9926151824608569
92,0.9808666298571105,0.9808666298571105,0.9866751980591270,0.9880304212687722,0.9905822206425003,0.9905822206425003,1.0008087750868309,0.9718724054431032,1.0189079585065319,1.0189079585065319,0.9543736348147654,1.0059283347571364,1.0411238607722821,1.0411238607722821,1.0443279384613136,0.9555416231594644,0.9693928026741592,0.9693928026741592,0.8955572622157784,0.9978651291101661,0.9877605259592823,0.9877605259592823,0.9805308797428233,0.9390524331177871,0.9816311877004505,0.9816311877004505,0.9667856216701789,0.9959167011303138
93,0.9842606590136805,0.9842606590136805,0.9878054068708544,0.9917652102085104,0.9984656272455757,0.9984656272455757,1.0087623570984796,0.9780698048546841,1.0390042913451731,1.0390042913451731,0.9728521562369216,1.0247698390767075,1.0542575478821266,1.0542575478821266,1.0466207192644443,0.9761128785197551,0.9655861499256270,0.9655861499256270,0.8965008764003964,1.0026715713335301,0.9856285889530937,0.9856285889530937,0.9808218768383085,0.9456717204389267,0.9817874332375840,0.9817874332375840,0.9720237111625314,0.9971207844097628
94,0.9880860885071500,0.9880860885071500,0.9904551509230276,0.9957644861470939,1.0047604474307592,1.0047604474307592,1.0119563152291415,0.9821424938216101,1.0472611887084180,1.0472611887084180,0.9814453148003718,1.0344627733816876,1.0636159646081695,1.0636159646081695,1.0515097371534732,0.9847637044494139,0.9693406567460970,0.9693406567460970,0.8999383280729338,1.0071030428869863,0.9838036508757962,0.9838036508757962,0.9756970946567073,0.9528439703372622,0.9808313593556004,0.9808313593556004,0.9739091136627350,0.9991288845887147
95,0.9917010154265902,0.9917010154265902,0.9921577276933933,0.9991563139234942,1.0090314010788624,1.0090314010788624,1.0151150458804215,0.9852804672879303,1.0479776963308485,1.0479776963308485,0.9854349955619737,1.0408245232230953,1.0632969276743272,1.0632969276743272,1.0549826257229213,0.9930058299414508,0.9657425877098131,0.9657425877098131,0.9036116832916258,1.0111254555278157,0.9830787922936921,0.9830787922936921,0.9766832514802962,0.9592355671854388,0.9826691044828374,0.9826691044828374,0.9767817392379942,1.0027489027062839
96,0.9946792370295222,0.9946792370295222,0.9929857727096975,1.0027544996880047,1.0156015266385749,1.0156015266385749,1.0192679742831572,0.9916899450063713,1.0470735319501625,1.0470735319501625,0.9870744797615792,1.0437332159986046,1.0618080886497294,1.0618080886497294,1.0523189539075195,0.9967522506196494,0.9636567505873298,0.9636567505873298,0.8977140946377625,1.0127957794210414,0.9776039780617998,0.9776039780617998,0.9725203763643268,0.9581133784258352,0.9832717658403524,0.9832717658403524,0.9808235466511619,1.0054289590379608
97,0.9981928108577632,0.9981928108577632,0.9947086874278320,1.0066927401653163,1.0186819705589838,1.0186819705589838,1.0198981547476629,0.9910733469660556,1.0435507028065467,1.0435507028065467,0.9887704978991023,1.0442694554488383,1.0447396126891624,1.0447396126891624,1.0515097371534732,1.0081958628730563,0.9717393694369529,0.9717393694369529,0.8971748865322665,1.0279991356736680,0.9808871610513302,0.9808871610513302,0.9752525157608271,0.9686847218134046,0.9831973632036222,0.9831973632036222,0.9840175036586939,1.0072078949798564
98,1.0005992970744431,1.0005992970744431,0.9956471384463100,1.0090789360559973,1.0187973011888543,1.0187973011888543,1.0189744119549713,0.9890978768114136,1.0387995748816217,1.0387995748816217,0.9884878282095152,1.0439282121623259,1.0135271659949168,1.0135271659949168,1.0458115025103982,1.0029508739235782,0.9765889407467269,0.9765889407467269,0.9015222518828285,1.0379188143048659,0.9820298792866473,0.9820298792866473,0.9764973366692917,0.9771824555364893,0.9846296139606793,0.9846296139606793,0.9893020507075195,1.0096005249803099
99,1.0024340479048706,1.0024340479048706,0.9957023414473970,1.0111744868930022,1.0180978767238338,1.0180978767238338,1.0171386688627160,0.9857399702861274,1.0351061486850464,1.0351061486850464,0.9913387539359230,1.0451631878658942,0.9760934990907448,0.9760934990907448,1.0323919913391328,1.0007711382562625,0.9803955934952591,0.9803955934952591,0.9056000131806425,1.0285445475571702,0.9810065495236767,0.9810065495236767,0.9801671333734667,0.9818745056400489,0.9858981789169299,0.9858981789169299,0.9940755646351401,1.0122184350782086
100,1.0039361526923878,1.0039361526923878,0.9963124798804631,1.0115726706165384,1.0163232731609895,1.0163232731609895,1.0148880243466243,0.9835642039527840,1.0309435805928320,1.0309435805928320,0.9953445872512156,1.0445863242148854,0.9366924377612116,0.9366924377612116,1.0389668774657579,1.0033595743611998,0.9684541759690416,0.9684541759690416,0.9093070689059279,1.0183180747415022,0.9809212720434292,0.9809212720434292,0.9798518865200243,0.9901608124953821,0.9861027861679381,0.9861027861679381,0.9967236453541121,1.0150033631793858
101,1.0049158992406473,1.0049158992406473,0.9960597082439071,1.0120754865593982,1.0153745857217331,1.0153745857217331,1.0138272858007795,0.9845499753420786,1.0240770492112079,1.0240770492112079,0.9943189000918564,1.0442613306086832,0.9448278795741921,0.9448278795741921,1.0365392272036194,1.0113973496344260,0.9790919452937069,0.9790919452937069,0.9325941189620394,1.0281014004018245,0.9870100841331039,0.9870100841331039,0.9867388177798417,1.0043264126347251,0.9907678314909243,0.9907678314909243,1.0011061415147500,1.0138070481791590
102,1.0061503279155102,1.0061503279155102,0.9959725456106120,1.0124475122281036,1.0140799063928656,1.0140799063928656,1.0131070795556301,0.9859834676014112,1.0136109200121362,1.0136109200121362,0.9918071779929531,1.0397926685234034,0.9575361841055801,0.9575361841055801,1.0342127290357368,1.0094900809255249,0.9897818605464344,0.9897818605464344,0.9524774178522067,1.0238062818192439,0.9883404128249655,0.9883404128249655,0.9887677141955861,1.0133120545141590,0.9941159501437852,0.9941159501437852,1.0034328908014489,1.0137526702246034
103,1.0069611526451041,1.0069611526451041,0.9958214637129004,1.0124155412721991,1.0118886244253285,1.0118886244253285,1.0111265123814697,0.9865961382656739,1.0083735904862763,1.0083735904862763,0.9922594494962926,1.0395895475195269,0.9660438356747100,0.9660438356747100,1.0294922979704675,1.0139517273695613,1.0002631920869134,1.0002631920869134,0.9631267779357541,1.0251698115279997,0.9942330867100709,0.9942330867100709,0.9957354779819271,1.0252983315551416,0.9944358814817252,0.9944358814817252,1.0014468302622199,1.0106997364902583
104,1.0071560624358720,1.0071560624358720,0.9949527428010585,1.0125492379968901,1.0088974687344967,1.0088974687344967,1.0092985976179658,0.9878921723631529,1.0021126786426588,1.0021126786426588,0.9924128987563543,1.0373877158375071,0.9796029053630110,0.9796029053630110,1.0297283195237310,1.0186858407720125,1.0009932350797826,1.0009932350797826,0.9746523511907325,1.0342713723339443,0.9883915793131141,0.9883915793131141,0.9971904634593532,1.0261440390261471,0.9971106562721774,0.9971106562721774,1.0021940226288306,1.0084896610515279
105,1.0075198940453052,1.0075198940453052,0.9942089549969396,1.0127991927430515,1.0080752729538078,1.0080752729538078,1.0096352157542854,0.9894434859040746,0.9953911547560504,0.9953911547560504,0.9925178903553438,1.0372252190344060,1.0020418363765913,1.0020418363765913,1.0310770141138079,1.0269620246338513,1.0102752102748338,1.0102752102748338,0.9839199905039461,1.0326351366834374,0.9760092891811707,0.9760092891811707,0.9887515476902813,1.0218097882372437,0.9986507908524934,0.9986507908524934,1.0037968083271558,1.0064737925933536
106,1.0085620117266103,1.0085620117266103,0.9940607785203379,1.0129532346215000,1.0087374939898377,1.0087374939898377,1.0106020143551109,0.9925775319943417,0.9917915569386028,0.9917915569386028,0.9970163765582026,1.0396626710809225,1.0173024363787182,1.0173024363787182,1.0254462142002367,1.0295504607387884,1.0259189886934592,1.0259189886934592,0.9951422591995830,1.0374074906640824,0.9718051094049667,0.9718051094049667,0.9914190210655627,1.0225904412874025,1.0029587035191745,1.0029587035191745,1.0064990895286798,1.0061824821225192
107,1.0092818785538462,1.0092818785538462,0.9942815905246857,1.0139239891007783,1.0090165197072660,1.0090165197072660,1.0115492421340573,0.9960807514335877,0.9855306450949853,0.9855306450949853,0.9990192932158489,1.0392158048723945,1.0280965193070519,1.0280965193070519,1.0228162597495867,1.0317301964061041,1.0421363723207677,1.0421363723207677,1.0127676241479857,1.0375438436349580,0.9736897417184375,0.9736897417184375,0.9979907054719377,1.0289901699381849,1.0038366546325914,1.0038366546325914,1.0085587078656579,1.0025430433068943
108,1.0097210752823762,1.0097210752823762,0.9936220599327522,1.0142669502641162,1.0085700785593807,1.0085700785593807,1.0114396455315344,0.9991401773788484,0.9798412333787825,0.9798412333787825,1.0029605163163786,1.0386551909016957,1.0277243095509023,1.0277243095509023,1.0178935244958061,1.0267917327848421,1.0448479605799961,1.0448479605799961,1.0048143045919187,1.0383278732174925,0.9741161291196752,0.9741161291196752,1.0002297664566435,1.0354468212072081,1.0062510201944876,1.0062510201944876,1.0100647069879973,1.0014671366346124
109,1.0099627634229285,1.0099627634229285,0.9936511141438505,1.0144674953511525,1.0077664844931871,1.0077664844931871,1.0110090874501954,1.0020032345214609,0.9692471563899910,0.9692471563899910,1.0005618620933103,1.0385495679796799,1.0316059255793180,1.0316059255793180,1.0136788539018156,1.0212742768769496,1.0321765000609093,1.0321765000609093,1.0084202587974236,1.0201247516056036,0.9707476686498971,0.9707476686498971,1.0026062427364397,1.0348694632221946,1.0072777765813650,1.0072777765813650,1.0106067118135178,0.9995639082251608
110,1.0099887513950307,1.0099887513950307,0.9939678050448231,1.0143628631318291,1.0063787965918436,1.0063787965918436,1.0103906494788171,1.0031618104570861,0.9735120827139812,0.9735120827139812,0.9998673022846104,1.0424413664139509,1.0376676273223231,1.0376676273223231,1.0064296204801522,1.0340121071828250,1.0223730655852374,1.0223730655852374,1.0172834920315152,1.0213860165862025,0.9790025287378594,0.9790025287378594,1.0026304924943967,1.0343165006449988,1.0081036458490706,1.0081036458490706,1.0109009430045148,0.9971557416662629
111,1.0094508003725116,1.0094508003725116,0.9939678050448231,1.0138135439803813,1.0037782769054113,1.0037782769054113,1.0077877301689024,1.0043950065377174,0.9707313507507397,0.9707313507507397,0.9968548510212957,1.0360308675316130,1.0456435506683825,1.0456435506683825,1.0110488994511655,1.0291417603011668,1.0248760701322175,1.0248760701322175,1.0222711670073539,1.0252379880134375,0.9843920654895043,0.9843920654895043,0.9972470462279198,1.0348125406039539,1.0092345659273705,1.0092345659273705,1.0121049680097782,0.9955127506107567
112,1.0083515091525812,1.0083515091525812,0.9937498984615851,1.0129968313795514,1.0020966819150432,1.0020966819150432,1.0066839358149238,1.0080199746346055,0.9716269852787776,0.9716269852787776,0.9935031961304762,1.0287428859125292,1.0285750747078155,1.0285750747078155,0.9979328445626675,1.0313555543382842,1.0229988167219826,1.0229988167219826,1.0259445222260457,1.0244539584309029,0.9894063813280599,0.9894063813280599,0.9947735709162954,1.0340481511590067,1.0094391731783785,1.0094391731783785,1.0122520836052769,0.9930657426557474
113,1.0072184335689176,1.0072184335689176,0.9936046274060931,1.0126335250624563,0.9984135424449891,0.9984135424449891,1.0036348017661667,1.0084127122399020,0.9750048069273777,0.9750048069273777,0.9899577105953685,1.0287835101133045,1.0220348175640468,1.0220348175640468,0.9885931345263848,1.0324454221719419,0.9990638357414855,0.9990638357414855,1.0242594968963705,1.0245221349163407,0.9959471640630465,0.9959471640630465,0.9931003376172551,1.0349182540378297,1.0078432366205148,1.0078432366205148,1.0100453496728001,0.9897603398466794
114,1.0070754997223546,1.0070754997223546,0.9943542260524316,1.0125172670409859,0.9978108468953439,0.9978108468953439,1.0038070249987023,1.0126189319926289,0.9840123313236449,0.9840123313236449,0.9967175543149247,1.0300509851774931,1.0031584656450396,1.0031584656450396,0.9798266196908848,1.0324794805417439,0.9773711296676582,0.9773711296676582,1.0231810806853783,1.0139888679162028,1.0029058064512462,1.0029058064512462,0.9928255070270747,1.0368129640449864,1.0086244643061824,1.0086244643061824,1.0098401621317101,0.9900866075740140
115,1.0068182187985411,1.0068182187985411,0.9952142307009439,1.0125405186452798,0.9965905744244573,0.9965905744244573,1.0036074026155359,1.0162164084571461,0.9919877435495064,0.9919877435495064,0.9944723493519180,1.0285560145889630,0.9917263088490211,0.9917263088490211,0.9669465863556501,1.0253612812531663,0.9623531023857776,0.9623531023857776,1.0254390146271433,1.0129321323919169,1.0078519003056037,1.0078519003056037,0.9932296696596931,1.0380977888567062,1.0116117301709016,1.0116117301709016,1.0118533229122151,0.9902652779961257
116,1.0061919086708739,1.0061919086708739,0.9957343010796051,1.0127991927430515,0.9937519527924863,0.9937519527924863,1.0031455312191904,1.0168565707537796,0.9887037502800339,0.9887037502800339,0.9881809296893920,1.0189930777264640,0.9886422851552116,0.9886422851552116,0.9566290727415617,1.0243735885289140,0.9570342177234450,0.9570342177234450,1.0351784610326658,1.0178408393434377,1.0127809386639117,1.0127809386639117,0.9897862040297843,1.0385938288156615,1.0141674607425855,1.0141674607425855,1.0142187868293087,0.9910071486618508
117,1.0050744258704718,1.0050744258704718,0.9954205155997425,1.0121365220206702,0.9904780510413271,0.9904780510413271,1.0010631957712586,1.0173592748885594,0.9871427872454536,0.9871427872454536,0.9857338178052515,1.0075858021487674,0.9829527931683558,0.9829527931683558,0.9352859808535944,1.0271663748526620,0.9529146894065403,0.9529146894065403,1.0448168059184080,1.0214201048289215,1.0222126279792902,1.0222126279792902,0.9895032901869515,1.0430744520514696,1.0151086540972230,1.0151086540972230,1.0150511513827867,0.9902342048792367
118,1.0039829310421722,1.0039829310421722,0.9958853829773168,1.0115261674079501,0.9858759868752089,0.9858759868752089,0.9968632973960130,1.0181054763386230,0.9801397782214618,0.9801397782214618,0.9769629811512036,0.9945616833802151,0.9751895611115248,0.9751895611115248,0.9151567140966963,1.0227387867784272,0.9433719845711788,0.9433719845711788,1.0507143945722712,1.0125571617220093,1.0285146337695839,1.0285146337695839,0.9909340259064207,1.0438957641146578,1.0155997114996427,1.0155997114996427,1.0155815418191889,0.9888747560153428
119,1.0025743829542235,1.0025743829542235,0.9954873402852689,1.0110378837177743,0.9844548158877739,0.9844548158877739,0.9938963607991480,1.0147279329330718,0.9812742486236432,0.9812742486236432,0.9767206928458432,0.9868593349132235,0.9756149436899813,0.9756149436899813,0.9064239166259482,1.0262127404982115,0.9862359374382126,0.9862359374382126,1.0405368415810330,1.0018875417509956,1.0334351443798671,1.0334351443798671,0.9891233773122903,1.0439770821407159,1.0173407331991302,1.0173407331991302,1.0178928052537302,0.9901720586454588
120,1.0006018958716532,1.0006018958716532,0.9950370000132438,1.0089946489904311,0.9842650783999227,0.9842650783999227,0.9892541618494357,1.0120887362254785,0.9844473538086919,0.9844473538086919,0.9740959028711051,0.9816350626935235,0.9724777471738646,0.9724777471738646,0.9016360508311752,1.0335352900055998,1.0118917340447584,1.0118917340447584,1.0555335670151422,1.0006262767703964,1.0360872740155658,1.0360872740155658,0.9866741517586228,1.0442210362188906,1.0184939740684491,1.0184939740684491,1.0202969838012179,0.9917179462106869
121,0.9985150617118326,0.9985150617118326,0.9946099031100974,1.0065445111879414,0.9826281275243431,0.9826281275243431,0.9845963062422203,1.0089429080070524,0.9848823762937388,0.9848823762937388,0.9748308440640319,0.9720315016302492,0.9628534663362863,0.9628534663362863,0.8963087072003713,1.0187880158814178,1.0426578316013886,1.0426578316013886,1.0542866482711826,1.0051941012947283,1.0421931416012900,1.0421931416012900,0.9884120510788819,1.0454977292280048,1.0188064651427160,1.0188064651427160,1.0219113838886613,0.9921452015679106
122,0.9951808048910981,0.9951808048910981,0.9929770564463679,1.0030480511922175,0.9839860526824944,0.9839860526824944,0.9829093013962455,1.0070931138861052,0.9800630095476299,0.9800630095476299,0.9699608491262870,0.9593811255088294,0.9578020482171153,0.9578020482171153,0.8976911191552002,1.0114995247438314,1.0545471031995439,1.0545471031995439,1.0467714353008313,0.9962288934596593,1.0483245924310882,1.0483245924310882,0.9891961265861615,1.0466361815928200,1.0169575596199696,1.0169575596199696,1.0213577646740226,0.9923432926880781
123,0.9921506073439612,0.9921506073439612,0.9921693493778326,0.9996678492179643,0.9845850278892405,0.9845850278892405,0.9799697639500112,1.0054318338157004,0.9805065618853249,0.9805065618853249,0.9698558575272975,0.9551805831486663,0.9621090468239873,0.9621090468239873,0.9016360508311752,1.0169148055423185,1.0545992491276059,1.0545992491276059,1.0458278211162131,0.9920701278479542,1.0499789755478908,1.0499789755478908,0.9904328642419739,1.0433753287478851,1.0117530951806890,1.0117530951806890,1.0191897453719403,0.9874182036611706
124,0.9882913934867587,0.9882913934867587,0.9904754888707965,0.9958894635201746,0.9820886778039817,0.9820886778039817,0.9757307239310075,1.0005501053818633,0.9821698831516811,0.9821698831516811,0.9700658407252766,0.9478601021689622,0.9661501813193242,0.9661501813193242,0.8957017946348367,1.0114995247438314,1.0564243566097788,1.0564243566097788,1.0451538109843430,0.9861046853721479,1.0490920897533162,1.0490920897533162,0.9877977238773019,1.0380896570541005,1.0062398597989781,1.0062398597989781,1.0141607148837171,0.9837709965663235
125,0.9844503712100279,0.9844503712100279,0.9879129074519184,0.9918960004826646,0.9819659064883132,0.9819659064883132,0.9728577272791620,0.9967287684823272,0.9825963757840801,0.9825963757840801,0.9754284885505876,0.9370459399225847,0.9672136377654654,0.9672136377654654,0.8953309036225655,1.0090132637482996,1.0476116947672864,1.0476116947672864,1.0441764962931315,0.9788438896730236,1.0438048859779685,1.0438048859779685,0.9841360104257793,1.0302180721316643,0.9988367974443191,0.9988367974443191,1.0099563060228931,0.9780613113379686
126,0.9810225576897247,0.9810225576897247,0.9866316167424793,0.9881786502461469,0.9805038117289887,0.9805038117289887,0.9677732277549830,0.9940031695015685,0.9867077647604066,0.9867077647604066,0.9736436313677657,0.9314073008549769,0.9780608935161061,0.9780608935161061,0.9008942688066328,1.0064248276433623,1.0408848700472775,1.0408848700472775,1.0430980800821392,0.9624474449252359,1.0248477021189393,1.0248477021189393,0.9648978691131439,1.0100512016692242,0.9884241484339217,0.9884241484339217,0.9989265078235493,0.9701454348104943
127,0.9777818575685586,0.9777818575685586,0.9852980284530632,0.9845804644816365,0.9793728274876791,0.9793728274876791,0.9659374846627274,0.9911204754786912,0.9952973263769226,0.9952973263769226,0.9803227123188684,0.9345516139949830,0.9844416321929537,0.9844416321929537,0.9029510280565002,1.0035639245800105,0.9710093264440838,0.9710093264440838,0.9969620865556322,0.9010886080312278,0.9992815135407255,0.9992815135407255,0.9451989823993237,0.9857696390882379,0.9787518056589901,0.9787518056589901,0.9914042551379315,0.9624509542408541
128,0.9809393961789971,0.9809393961789971,0.9884010181983713,0.9861150703650464,0.9900130081789466,0.9900130081789466,0.9719104995002156,0.9992187248999078,1.0197524139186820,1.0197524139186820,1.0056256876753435,0.9541324787686642,1.0486744015398850,1.0486744015398850,0.9598659397577464,1.0474311048847365,0.9717915153650151,0.9717915153650151,1.0063645278952198,0.8988728722544997,0.9859014768898858,0.9859014768898858,0.9392416251945286,0.9760683985794916,0.9790866175242763,0.9790866175242763,0.9923605065086715,0.9666963188358146
129,0.9850065138130186,0.9850065138130186,0.9921025246923063,0.9880187954666251,0.9984581865597777,0.9984581865597777,0.9785998064184772,1.0062212364023468,1.0383389628386308,1.0383389628386308,1.0251622013642401,0.9677090866677602,1.0552146586836537,1.0552146586836537,0.9737574940355387,1.0498492491406648,0.9650646906450061,0.9650646906450061,1.0150255580897505,0.8969639306622417,0.9805972176184885,0.9805972176184885,0.9428548391301369,0.9718561248296754,0.9804407455127666,0.9804407455127666,0.9960500107852508,0.9694540579597140
130,0.9884187345500604,0.9884187345500604,0.9953101095975687,0.9903148913906664,1.0039940567935559,1.0039940567935559,0.9812183823858950,1.0111815123572432,1.0502295774299151,1.0502295774299151,1.0369131841742214,0.9823094244263930,1.0526623632129146,1.0526623632129146,0.9755107970026387,1.0572399153876566,0.9714264938685805,0.9714264938685805,1.0213612533293293,0.8973389013321496,0.9771008409283393,0.9771008409283393,0.9455788952739849,0.9700183374407595,0.9823752140677530,0.9823752140677530,0.9997704867661457,0.9733071244539507
131,0.9918231588954713,0.9918231588954713,0.9990755353559201,0.9920122585041351,1.0084063834718227,1.0084063834718227,0.9871091997714911,1.0124696917026161,1.0508437268205697,1.0508437268205697,1.0388676431707955,0.9886467997473355,1.0504291046760181,1.0504291046760181,0.9840075729201232,1.0570355651688457,0.9703835753073388,0.9703835753073388,1.0214286543425162,0.9004409314195688,0.9775187005815522,0.9775187005815522,0.9527002408607209,0.9709290993326116,0.9827658279105868,0.9827658279105868,1.0028521713455341,0.9769465632695755
132,0.9949157275756538,0.9949157275756538,1.0029397454320061,0.9929248839726781,1.0159884423000756,1.0159884423000756,0.9912308148592205,1.0187338565070976,1.0480971142679201,1.0480971142679201,1.0412016871791012,0.9921729803746291,1.0553210043282679,1.0553210043282679,0.9943250865342117,1.0546514792827193,0.9675676951919862,0.9675676951919862,1.0257760196930783,0.9016340199147301,0.9814073536808402,0.9814073536808402,0.9614624867358876,0.9740273161254300,0.9828551110746631,0.9828551110746631,1.0036806644359728,0.9813356410301477
133,0.9982889663545420,0.9982889663545420,1.0066586844526000,0.9940671190336252,1.0191990982219510,1.0191990982219510,0.9902953295734016,1.0204029913296082,1.0425868294573248,1.0425868294573248,1.0406363477999268,0.9913442466788136,1.0413365520615103,1.0413365520615103,1.0022823846156657,1.0577167325648820,0.9758067518257956,0.9758067518257956,1.0214960553557031,0.8980888426719652,0.9814755756650383,0.9814755756650383,0.9691658265135942,0.9745070924791737,0.9852062343953387,0.9852062343953387,1.0080515462074922,0.9871657345864474
134,1.0004979439832438,1.0004979439832438,1.0093432935580913,0.9948169832721097,1.0188754283897341,1.0188754283897341,0.9866825558545277,1.0203048069282841,1.0386460375339581,1.0386460375339581,1.0413712889928535,0.9933267076766469,1.0138462029287592,1.0138462029287592,1.0084189450005157,1.0493383735936377,0.9804998853513832,0.9804998853513832,1.0323139179722181,0.8987024310409053,0.9807251338388598,0.9807251338388598,0.9739349455784911,0.9744339062557212,0.9851020707039163,0.9851020707039163,1.0107422130198980,0.9909760755449618
135,1.0023768743662453,1.0023768743662453,1.0114439130205051,0.9949332412935801,1.0173910115730154,1.0173910115730154,0.9833711727925912,1.0182861356370594,1.0314894911623027,1.0314894911623027,1.0442302909961065,0.9933998312380423,0.9800814607637744,0.9800814607637744,1.0104082695208789,1.0413005983204116,0.9774232755957202,0.9774232755957202,1.0286405627535260,0.8972366366039929,0.9822430729872661,0.9822430729872661,0.9840147616359938,0.9791584835697041,0.9856266092928645,0.9856266092928645,1.0119113948578067,0.9947126178508648
136,1.0038088116290862,1.0038088116290862,1.0122922959845779,0.9955377830052264,1.0155606028666855,1.0155606028666855,0.9812496957009015,1.0162203358331992,1.0311312373510875,1.0311312373510875,1.0437053330011590,0.9976491226391359,0.9412121276573119,0.9412121276573119,1.0191747843563790,1.0388824540644832,0.9714264938685805,0.9714264938685805,1.0210916492765811,0.9058609620118728,0.9834369577107318,0.9834369577107318,0.9905621962844117,0.9832731756882503,0.9860358237948809,0.9860358237948809,1.0130999340109126,0.9983792456437676
137,1.0048925100657551,1.0048925100657551,1.0125508784633537,0.9955029055987853,1.0146677205709147,1.0146677205709147,0.9822086659729753,1.0158747267405381,1.0230108176302104,1.0230108176302104,1.0441172231202718,0.9965522692182035,0.9511554454287325,0.9511554454287325,1.0190399148973712,1.0419817657164476,0.9787790697253345,0.9787790697253345,1.0260456237458262,0.9245754072645453,0.9867542516923613,0.9867542516923613,1.0013129223120609,0.9899737810354482,0.9914746565398616,0.9914746565398616,1.0152214957565218,1.0013700331443343
138,1.0059424241386912,1.0059424241386912,1.0121818899824042,0.9960900086072111,1.0154266705223198,1.0154266705223198,0.9847646153103801,1.0164206320119002,1.0159310399323866,1.0159310399323866,1.0428411713787067,0.9958535329648688,0.9566854189486670,0.9566854189486670,1.0141171796435906,1.0307425036818516,0.9864966670785230,0.9864966670785230,1.0266859333711029,0.9484712654104897,0.9865751689838415,0.9865751689838415,1.0085393501832778,0.9909658609533586,0.9944582022727443,0.9944582022727443,1.0153531254998625,1.0019720747840588
139,1.0067688416515466,1.0067688416515466,1.0120831056646695,0.9956743861804542,1.0117807344812562,1.0117807344812562,0.9856179031443070,1.0131805467682031,1.0070514633258394,1.0070514633258394,1.0425261965817383,0.9933510821971120,0.9610455903778462,0.9610455903778462,1.0085875318242752,1.0218532691635804,0.9916591139566694,0.9916591139566694,1.0292134713656156,0.9656176514980930,0.9899095184615204,0.9899095184615204,1.0176734256804534,0.9960482375819977,0.9966791209791420,0.9966791209791420,1.0134096510540671,1.0034053223005643
140,1.0067948296236489,1.0067948296236489,1.0118274286070037,0.9947065381517127,1.0098982409743396,1.0098982409743396,0.9872266247027655,1.0119159316791480,1.0069661647993595,1.0069661647993595,1.0452640544323111,0.9961541520506059,0.9683302670339137,0.9683302670339137,1.0104082695208789,1.0081958628730563,0.9957786422735742,0.9957786422735742,1.0291460703524287,0.9817413903041295,0.9832152362620882,0.9832152362620882,1.0226850423249214,0.9915188235305544,0.9972557414138014,0.9972557414138014,1.0099021055403410,1.0028188172192842
141,1.0071352720581901,1.0071352720581901,1.0121034436124385,0.9941659383518752,1.0079711033526346,1.0079711033526346,0.9895829516570039,1.0097912212344933,0.9978818717292607,0.9978818717292607,1.0413147550549360,0.9935867025616086,0.9823147193006712,0.9823147193006712,1.0075422935169656,1.0056755435077225,1.0167413053545322,1.0167413053545322,1.0252705120941756,0.9924110102751432,0.9779706712268642,0.9779706712268642,1.0225557102824834,0.9911935514263216,0.9979067644851910,0.9979067644851910,1.0068049351087949,1.0021429769269483
142,1.0082059765088078,1.0082059765088078,1.0132917608463627,0.9942647576701250,1.0094629608551515,1.0094629608551515,0.9947613911262023,1.0120494624649488,0.9883454964688188,0.9883454964688188,1.0387545752949607,0.9935542032009884,1.0178341646017888,1.0178341646017888,1.0239626501511521,1.0277453671392927,1.0242503189954726,1.0242503189954726,1.0215297558622967,1.0067280722170784,0.9756170127720319,0.9756170127720319,1.0232832030211965,0.9950317622562699,1.0017868619906731,1.0017868619906731,1.0068668785174257,1.0055338308074613
143,1.0091831242598572,1.0091831242598572,1.0139541968594059,0.9946338768882937,1.0107576401840188,1.0107576401840188,0.9982802249000567,1.0130430886063493,0.9830655176797191,0.9830655176797191,1.0387141939107341,0.9963410233741721,1.0345836036285134,1.0345836036285134,1.0353591194373022,1.0288011766031488,1.0392162003492909,1.0392162003492909,1.0256749181732976,1.0062167485762950,0.9739114631670811,0.9739114631670811,1.0307602117246368,0.9961620828184792,1.0043574730897029,1.0043574730897029,1.0045594865459240,1.0078915035514144
144,1.0097574584433195,1.0097574584433195,1.0142418335492800,0.9945641220754114,1.0084547479295103,1.0084547479295103,0.9995092725140615,1.0110872553319721,0.9735717916825171,0.9735717916825171,1.0362186243655214,0.9958129087640936,1.0378271457892443,1.0378271457892443,1.0329651865399156,1.0221257361219949,1.0419277886085192,1.0419277886085192,1.0286405627535260,1.0078529842268018,0.9750030149142497,0.9750030149142497,1.0373399793836642,0.9997238123598294,1.0060166518887874,1.0060166518887874,1.0030728447387818,1.0096082932595321
145,1.0097834464154221,1.0097834464154221,1.0141924413904129,0.9944042672958896,1.0068029156823346,1.0068029156823346,1.0027110589734751,1.0096733999529042,0.9679847381980901,0.9679847381980901,1.0384799818822188,0.9981934869295245,1.0347962949177418,1.0347962949177418,1.0279750165566310,1.0206612262205172,1.0399983892702220,1.0399983892702220,1.0164746798732711,1.0108868378287834,0.9692553127455651,0.9692553127455651,1.0359496599274569,0.9996587579389828,1.0070620089348472,1.0070620089348472,1.0014468302622199,1.0100899265713117
146,1.0096223209883872,1.0096223209883872,1.0139571022805158,0.9943141673292499,1.0049353035470141,1.0049353035470141,1.0039949048887413,1.0088643604859930,0.9719767092373447,0.9719767092373447,1.0412259160096371,0.9977384958808414,1.0452181680899260,1.0452181680899260,1.0297620368884828,1.0138836106299578,1.0251889457005900,1.0251889457005900,1.0226755730864758,1.0166818390909953,0.9769899802040174,0.9769899802040174,1.0353757489891389,0.9994717264790490,1.0072963772405477,1.0072963772405477,0.9969675475255964,1.0107269254675364
147,1.0092169086235903,1.0092169086235903,1.0137159523283992,0.9944885543614557,1.0033653188436173,1.0033653188436173,1.0062455494048328,1.0077214940545800,0.9745186053264429,0.9745186053264429,1.0383103800684665,0.9970722589881270,1.0423468356853447,1.0423468356853447,1.0252776273764772,1.0055052516587135,1.0299342251542398,1.0299342251542398,1.0323476184788114,1.0236358406056496,0.9869077511568068,0.9869077511568068,1.0377360587636302,0.9991301907696044,1.0090448392037084,1.0090448392037084,0.9952331320839305,1.0123854530814871
148,1.0083411139637402,1.0083411139637402,1.0131058138953331,0.9940206158250371,1.0002439511513190,1.0002439511513190,1.0090402627691621,1.0052825935256877,0.9772822775843885,0.9772822775843885,1.0312355615519417,0.9982422359704548,1.0245871130347857,1.0245871130347857,1.0185341544260924,1.0009754884750734,1.0219558981607408,1.0219558981607408,1.0321791159458440,1.0261924588095666,0.9864728360075443,0.9864728360075443,1.0328133578983381,0.9917302503983059,1.0082450108588581,1.0082450108588581,0.9933012720272536,1.0117523383248734
149,1.0071534636386617,1.0071534636386617,1.0121092544546582,0.9939857384185959,0.9980526691837818,0.9980526691837818,1.0103828211500654,1.0026276873138826,0.9794744497149194,0.9794744497149194,1.0284250172097607,0.9966497673000642,1.0127827464826178,1.0127827464826178,1.0158367652459386,0.9888166504558287,0.9955179126332637,0.9955179126332637,1.0197773295194346,1.0127957794210414,0.9929539245063578,0.9929539245063578,1.0320131158857537,0.9893395004321940,1.0072666161858554,1.0072666161858554,0.9907732066625040,1.0096665553536990
150,1.0071794516107642,1.0071794516107642,1.0122922959845779,0.9946542220420510,0.9991464499961009,0.9991464499961009,1.0153851232223523,1.0053925600551710,0.9836540775124296,0.9836540775124296,1.0288934412667909,0.9942773139747882,0.9940127402082248,0.9940127402082248,1.0175563508482868,0.9783947892964762,0.9777882970921548,0.9777882970921548,1.0200806340787760,1.0168522803045899,1.0015498945153103,1.0015498945153103,1.0369519832563505,0.9915269553331603,1.0097851454391742,1.0097851454391742,0.9898634128482373,1.0120902584710414
151,1.0071846492051846,1.0071846492051846,1.0130448000520262,0.9958807441685643,0.9977773638092525,0.9977773638092525,1.0181446091072994,1.0056242752422959,0.9885843323429622,0.9885843323429622,1.0235388697183252,0.9950735483099836,0.9889081492667469,0.9889081492667469,1.0178260897663021,0.9585728180718252,0.9686106137532279,0.9686106137532279,1.0125317206018312,1.0239426347901195,1.0045943005601476,1.0045943005601476,1.0386656328186525,0.9887052198289399,1.0127426502492014,1.0127426502492014,0.9909629083514362,1.0144440470753837
152,1.0061503279155102,1.0061503279155102,1.0128588531009965,0.9967352406263721,0.9947452843465312,0.9947452843465312,1.0181406949429235,1.0036409503355479,0.9853515181893777,0.9853515181893777,1.0116828953093544,0.9878424405719851,0.9894930503121245,0.9894930503121245,1.0268286261550656,0.9431103181818052,0.9561477369463895,0.9561477369463895,1.0076451471457730,1.0274537237901655,1.0153392630713380,1.0153392630713380,1.0410259425931438,0.9929581525917851,1.0161837721979750,1.0161837721979750,0.9914932987878385,1.0171241034070604
153,1.0052199585142452,1.0052199585142452,1.0123533098278847,0.9964039052651813,0.9906157037285918,0.9906157037285918,1.0175339994646728,1.0017990109667068,0.9844302941033959,0.9844302941033959,1.0033562538818008,0.9861037247788035,0.9911414078036435,0.9911414078036435,1.0341790116709848,0.9234245804363616,0.9434241304992408,0.9434241304992408,1.0104085886864402,1.0385324026738059,1.0250353125754839,1.0250353125754839,1.0448493210977139,0.9942999000217458,1.0158229194098334,1.0158229194098334,0.9899872996654991,1.0172445117350053
154,1.0038036140346658,1.0038036140346658,1.0121092544546582,0.9959708441352039,0.9855783594432854,0.9855783594432854,1.0155612606192639,0.9984764508258972,0.9788858898822087,0.9788858898822087,0.9902969142228731,0.9778082629804928,0.9873129645975350,0.9873129645975350,1.0385622690887348,0.9101077578438554,0.9382095376930323,0.9382095376930323,1.0097345785545702,1.0371688729650501,1.0346716678434564,1.0346716678434564,1.0475895437468665,0.9960807647924209,1.0154360256988362,1.0154360256988362,0.9880167249784280,1.0175202856473953
155,1.0022001561559493,1.0022001561559493,1.0108947884307453,0.9954796539944912,0.9844473752019759,0.9844473752019759,1.0133575860756820,0.9943095048336998,0.9784764569551057,0.9784764569551057,0.9868725728404456,0.9723971194372266,0.9814107813214511,0.9814107813214511,1.0356288583553175,0.8999924220127191,0.9788833615814586,0.9788833615814586,1.0042750964864227,1.0433729331398889,1.0357120531024766,1.0357120531024766,1.0494082755936494,0.9925596942640997,1.0169426790926235,1.0169426790926235,0.9882025552043207,1.0197925073199039
156,1.0005109379692949,1.0005109379692949,1.0092590363459060,0.9946861929979555,0.9838818830813211,0.9838818830813211,1.0108720916970420,0.9909123245478840,0.9825196071102483,0.9825196071102483,0.9799915849682092,0.9696509234648182,0.9769442642476578,0.9769442642476578,1.0326280128923964,0.8973018107983765,1.0184099750525191,1.0184099750525191,1.0048817056051056,1.0511791407225153,1.0364454394326055,1.0364454394326055,1.0440894953483912,0.9912748694523797,1.0171138051571031,1.0171138051571031,0.9892478502249675,1.0208567615733524
157,0.9982941639489624,0.9982941639489624,1.0066906440848082,0.9942444125163677,0.9831787382734016,0.9831787382734016,1.0078934126070493,0.9866197025219918,0.9868954215186622,0.9868954215186622,0.9765753198626269,0.9716983831838919,0.9665755638977807,0.9665755638977807,1.0285819291221656,0.9015931653934040,1.0456822954289895,1.0456822954289895,1.0082180557578626,1.0579627010235753,1.0420566976328938,1.0420566976328938,1.0438631642741250,0.9923157401859251,1.0174262962313700,1.0174262962313700,0.9911177668730136,1.0218627537326339
158,0.9949053323868129,0.9949053323868129,1.0024603509488825,0.9930033581371707,0.9825909240953526,0.9825909240953526,1.0061790086104441,0.9818989965063263,0.9842085179345483,0.9842085179345483,0.9653896764318201,0.9685296955234207,0.9602479980432402,0.9602479980432402,1.0153984395041635,0.9030236169250798,1.0692001089849896,1.0692001089849896,1.0083528577842367,1.0578945245381375,1.0433273320885823,1.0433273320885823,1.0384635515023433,0.9908764111246945,1.0165334645906072,1.0165334645906072,0.9915436278073512,1.0211131147876866
159,0.9920674458332336,0.9920674458332336,0.9992585768858400,0.9926197066663182,0.9852695709826648,0.9852695709826648,1.0074589403613343,0.9794993697379638,0.9805236215906209,0.9805236215906209,0.9558758223080002,0.9674003427418681,0.9559941722586752,0.9559941722586752,1.0108128778979022,0.9024446246384491,1.0719638431722802,1.0719638431722802,0.9909296958753949,1.0544175237808102,1.0471392354556475,1.0471392354556475,1.0379381400799395,0.9904616891917976,1.0090299586763622,1.0090299586763622,0.9883225705585431,1.0152286432768312
160,0.9886604226906124,0.9886604226906124,0.9959260588728546,0.9910734749807611,0.9834019588473444,0.9834019588473444,1.0024057541521618,0.9741974120664593,0.9827925623949837,0.9827925623949837,0.9492694278485055,0.9675953389055895,0.9635978858485852,0.9635978858485852,1.0104757042503829,0.8968249936211512,1.0538692061347368,1.0538692061347368,0.9826730717599864,1.0556106122759716,1.0490835620052914,1.0490835620052914,1.0376309764791494,0.9859729341533835,1.0051945027529183,1.0051945027529183,0.9824611755168420,1.0137060605492698
161,0.9850117114074392,0.9850117114074392,0.9928957046552924,0.9883966340364040,0.9814376177966488,0.9814376177966488,0.9971607738885747,0.9708512876693319,0.9803018454217735,0.9803018454217735,0.9393679124361091,0.9672053465781468,0.9637574043155064,0.9637574043155064,1.0032939055582233,0.8978808030850072,1.0500104074581424,1.0500104074581424,0.9776179957709609,1.0500883169555109,1.0385517931947197,1.0385517931947197,1.0281412378652697,0.9769710286687379,0.9991753294414416,0.9991753294414416,0.9794530487352028,1.0080857105319707
162,0.9810615396478782,0.9810615396478782,0.9887089928360143,0.9862051703316861,0.9802247860115603,0.9802247860115603,0.9943817171817486,0.9670299507697957,0.9861021452223999,0.9861021452223999,0.9323738566880377,0.9743145817138195,0.9808258802760733,0.9808258802760733,1.0091607270250578,0.9054758195508098,1.0364524661620003,1.0364524661620003,0.9532862300104509,1.0443274039360178,1.0218629903102754,1.0218629903102754,1.0109804924842927,0.9620573026896593,0.9902098117154474,0.9902098117154474,0.9722056699253847,0.9996726641342724
163,0.9782392458775605,0.9782392458775605,0.9857047874084407,0.9851152513804006,0.9780632667872154,0.9780632667872154,0.9917044287486937,0.9616573003293377,0.9936169454052706,0.9936169454052706,0.9319942716763063,0.9810338245220495,0.9799219422968533,0.9799219422968533,1.0037659486647501,0.9067359792334766,0.9700706997389662,0.9700706997389662,0.8969389829861120,1.0021943359354657,0.9974054089752795,0.9974054089752795,0.9859304925146050,0.9437851422343758,0.9799757290332026,0.9799757290332026,0.9659455141906219,0.9913955626229634
164,0.9809757793399404,0.9809757793399404,0.9866897251646761,0.9878618471376399,0.9898530334342877,0.9898530334342877,0.9999280881022733,0.9709023435580205,1.0173384656193034,1.0173384656193034,0.9538729056503539,1.0044902380496916,1.0437293290653282,1.0437293290653282,1.0463509803464290,0.9600713863431046,0.9704357212354008,0.9704357212354008,0.8959953688014939,1.0056372484500737,0.9877690537073071,0.9877690537073071,0.9805227964901709,0.9379627715686069,0.9810582873976277,0.9810582873976277,0.9668049789853760,0.9947126178508648
165,0.9842918445802034,0.9842918445802034,0.9877560147119872,0.9917477715052898,0.9973346430042662,0.9973346430042662,1.0077094468813863,0.9766755863558810,1.0403093588003143,1.0403093588003143,0.9734336481697866,1.0262810593455478,1.0517052524113877,1.0517052524113877,1.0473625012889867,0.9736606758940251,0.9670462359113653,0.9670462359113653,0.8970737850124860,1.0088415432656499,0.9841191775527122,0.9841191775527122,0.9807167945538278,0.9427524033034363,0.9816832695461617,0.9816832695461617,0.9719656392169399,0.9965498158869273
166,0.9880704957238885,0.9880704957238885,0.9904319075541489,0.9957208893890425,1.0041279891379216,1.0041279891379216,1.0116979803803381,0.9814552030123410,1.0509034357891056,1.0509034357891056,0.9832059431526576,1.0374933387595229,1.0620739527612648,1.0620739527612648,1.0519817802600002,0.9816984511672513,0.9717915153650151,0.9717915153650151,0.9001068306059014,1.0102732494598434,0.9820810457747958,0.9820810457747958,0.9756970946567073,0.9500954210564942,0.9809652841017149,0.9809652841017149,0.9740523577951941,0.9989385617477696
167,0.9918595420564147,0.9918595420564147,0.9921490114300637,0.9993336074062367,1.0091132486226413,1.0091132486226413,1.0154673206742444,0.9856535680129621,1.0508181372626257,1.0508181372626257,0.9862426232465085,1.0433594733514722,1.0616485701828082,1.0616485701828082,1.0550837778171771,0.9910304444929461,0.9670983818394274,0.9670983818394274,0.9034094802520648,1.0150796916832072,0.9817569913498552,0.9817569913498552,0.9765539194378583,0.9564788861020649,0.9827993090971153,0.9827993090971153,0.9767585104597576,1.0026207260991169
168,0.9947390093653576,0.9947390093653576,0.9930322594474549,1.0030742092470484,1.0163232731609895,1.0163232731609895,1.0202973995139957,0.9922201407735218,1.0467664572548352,1.0467664572548352,0.9874379122196200,1.0433432236711622,1.0576074356874714,1.0576074356874714,1.0534316269443329,0.9947768651711447,0.9648039610046957,0.9648039610046957,0.8973096885586406,1.0094551316345899,0.9779536157308146,0.9779536157308146,0.9726901246700265,0.9578043699268141,0.9839265090435785,0.9839265090435785,0.9809977624879364,1.0062679331939639
169,0.9981304397247175,0.9981304397247175,0.9946796332167336,1.0068671271975218,1.0197162258849182,1.0197162258849182,1.0205205068834169,0.9922986882945811,1.0433715759009390,1.0433715759009390,0.9893116084477407,1.0436600924372093,1.0380930099007797,1.0380930099007797,1.0470253276414674,1.0040748001270376,0.9715307857247046,0.9715307857247046,0.8972759880520470,1.0189657513531611,0.9815267421531868,0.9815267421531868,0.9750746842024750,0.9686928536160104,0.9833945301909572,0.9833945301909572,0.9840600897521277,1.0077477903858030
170,1.0006746621935398,1.0006746621935398,0.9957372065007151,1.0093724875602101,1.0189870386767055,1.0189870386767055,1.0190526952424876,0.9891803517085258,1.0376821641847362,1.0376821641847362,0.9883424552262989,1.0429369816634093,1.0091138217434306,1.0091138217434306,1.0431815480597482,1.0040407417572359,0.9751810006890506,0.9751810006890506,0.9014885513762351,1.0286127240426080,0.9837610121356725,0.9837610121356725,0.9766994179856009,0.9777110227058677,0.9848156205525049,0.9848156205525049,0.9893291509487956,1.0104899929512576
171,1.0022963116527279,1.0022963116527279,0.9956761926574084,1.0113430610241343,1.0179974274655597,1.0179974274655597,1.0170486430820722,0.9856771322692799,1.0335963647663537,1.0335963647663537,0.9914760506422939,1.0436844669576744,0.9802409792306956,0.9802409792306956,1.0342801637652406,1.0068675864507859,0.9779968808044032,0.9779968808044032,0.9058022162202035,1.0192725455376312,0.9820895735228206,0.9820895735228206,0.9803692146897759,0.9818419784296256,0.9859949023446792,0.9859949023446792,0.9940020068373909,1.0131467444452678
172,1.0036788717685743,1.0036788717685743,0.9963589666182205,1.0117267124949867,1.0161149339586431,1.0161149339586431,1.0147392861003435,0.9834542374233010,1.0291437816841080,1.0291437816841080,0.9943512051992378,1.0430669791058902,0.9383407952527305,0.9383407952527305,1.0384948343592308,1.0098306646235429,0.9662640469904340,0.9662640469904340,0.9093407694125215,1.0181476335279076,0.9814329369249145,0.9814329369249145,0.9798438032673720,0.9896159817207920,0.9856786911385758,0.9856786911385758,0.9967004165758755,1.0150033631793858
173,1.0047807617857150,1.0047807617857150,0.9959609239261726,1.0121219897679863,1.0148723394303623,1.0148723394303623,1.0137255175270083,0.9842514947620531,1.0228658101351946,1.0228658101351946,0.9930751534576728,1.0436113433962788,0.9509427541395042,0.9509427541395042,1.0408550498918656,1.0120104002908585,0.9783097563727756,0.9783097563727756,0.9327289209884133,1.0282377533727001,0.9875302767626140,0.9875302767626140,0.9866014024847515,1.0040255359383097,0.9903734975162540,0.9903734975162540,1.0010441981061191,1.0142304193967717
174,1.0062802677760219,1.0062802677760219,0.9959493022417333,1.0127933798419781,1.0137227534745574,1.0137227534745574,1.0127156631180489,0.9856535680129621,1.0147198008563736,1.0147198008563736,0.9919121695919427,1.0407595245018548,0.9585464677294142,0.9585464677294142,1.0345499026832559,1.0061183023151461,0.9911898006041107,0.9911898006041107,0.9526796208917678,1.0252720762561565,0.9880845803842230,0.9880845803842230,0.9889374625012858,1.0140601803538947,0.9935244491817797,0.9935244491817797,1.0033283612993844,1.0136866398512141
175,1.0069065779036892,1.0069065779036892,0.9957604498695938,1.0125463315463534,1.0112859288756832,1.0112859288756832,1.0107507526013917,0.9861955459082714,1.0099516132261526,1.0099516132261526,0.9922998308805194,1.0412957639520883,0.9665755638977807,0.9665755638977807,1.0294248632409637,1.0094219641859212,1.0023490292093968,1.0023490292093968,0.9630930774291605,1.0253743409843130,0.9927066198136398,0.9927066198136398,0.9956384789500987,1.0248348188066096,0.9950348227074036,0.9950348227074036,1.0016907324337043,1.0120902584710414
176,1.0071950443940256,1.0071950443940256,0.9949178777477404,1.0125521444474270,1.0089755959353766,1.0089755959353766,1.0091342027141816,0.9884537871387271,1.0043219104784857,1.0043219104784857,0.9938666285885169,1.0389233106268125,0.9803473248753098,0.9803473248753098,1.0297620368884828,1.0162336381462824,1.0025576129216451,1.0025576129216451,0.9750904577764480,1.0341691076057875,0.9867883626844602,0.9867883626844602,0.9972551294805723,1.0257211852906443,0.9972669018093109,0.9972669018093109,1.0021630509245152,1.0091150075289193
177,1.0076446363113967,1.0076446363113967,0.9941101706792052,1.0128573217537868,1.0083356969567410,1.0083356969567410,1.0096469582474130,0.9899501174149072,0.9954508637245862,0.9954508637245862,0.9926471107848693,1.0366727299038623,1.0017759722650559,1.0017759722650559,1.0304701015482733,1.0234199541744635,1.0116310044044479,1.0116310044044479,0.9837851884775721,1.0329078426251885,0.9759240117009231,0.9759240117009231,0.9886626319111053,1.0234198851531966,0.9988702786308477,0.9988702786308477,1.0038084227162740,1.0066913044115766
178,1.0087543227201679,1.0087543227201679,0.9940055755192510,1.0130607732913601,1.0091690537661269,1.0091690537661269,1.0114044180521522,0.9931587836501807,0.9895993848080719,0.9895993848080719,0.9965802576085538,1.0375339629602982,1.0173024363787182,1.0173024363787182,1.0256822357535003,1.0267576744150404,1.0267011776143904,1.0267011776143904,0.9950411576798025,1.0294990183532993,0.9722656077983034,0.9722656077983034,0.9914351875708675,1.0250543774769669,1.0032414335387494,1.0032414335387494,1.0064487605091672,1.0063456159861865
179,1.0094378063864604,1.0094378063864604,0.9943571314735414,1.0138280762330651,1.0092136978809154,1.0092136978809154,1.0116431820790768,0.9961003883138525,0.9849932643781626,0.9849932643781626,0.9991000559843024,1.0385576928198350,1.0225665457871174,1.0225665457871174,1.0200177184751771,1.0369070686159785,1.0415627671120846,1.0415627671120846,1.0131383297205141,1.0281695768872623,0.9746107385051109,0.9746107385051109,0.9981200375143756,1.0314622379303551,1.0039370981921771,1.0039370981921771,1.0085199932352635,1.0024847812127275
180,1.0096690993381716,1.0096690993381716,0.9937092225660473,1.0140925632319104,1.0079004168375527,1.0079004168375527,1.0111852248471067,0.9980640763403357,0.9791759048722400,0.9791759048722400,1.0028959061016158,1.0377533336444846,1.0250656684355492,1.0250656684355492,1.0153984395041635,1.0318664298853113,1.0430228530978232,1.0430228530978232,1.0047132030721382,1.0328396661397508,0.9750200704102991,0.9750200704102991,1.0004075980149956,1.0380489980410714,1.0063961053361117,1.0063961053361117,1.0099834062641693,1.0012457406767783
181,1.0097288716740069,1.0097288716740069,0.9937266550927064,1.0141855696490867,1.0076065097485283,1.0076065097485283,1.0111147698883423,1.0017204634456474,0.9687097756731683,0.9687097756731683,1.0005860909238464,1.0381108266113070,1.0303829506662556,1.0303829506662556,1.0113523557339328,1.0249866391853464,1.0320200622767230,1.0320200622767230,1.0083865582908300,1.0242494289745896,0.9715151659721251,0.9715151659721251,1.0026224092417444,1.0360567064026449,1.0068276406291470,1.0068276406291470,1.0106299405917545,0.9984996539717124
182,1.0099263802619851,1.0099263802619851,0.9940288188881297,1.0141884760996236,1.0061853387610931,1.0061853387610931,1.0105628727113527,1.0030596986797089,0.9741603515152277,0.9741603515152277,0.9995765563181779,1.0435219701545733,1.0440483659991706,1.0440483659991706,1.0121615724879791,1.0315258461872931,1.0217994603765546,1.0217994603765546,1.0174856950710762,1.0296353713241748,0.9795824156035428,0.9795824156035428,1.0027759910421394,1.0348369360117715,1.0079548405756102,1.0079548405756102,1.0112338888259060,0.9965537000265384
183,1.0094871835334549,1.0094871835334549,0.9940898327314363,1.0139385213534620,1.0037299124477237,1.0037299124477237,1.0079129834289284,1.0043164590166580,0.9714563882258179,0.9714563882258179,0.9960310707830702,1.0374933387595229,1.0455372050237683,1.0455372050237683,1.0119929856642194,1.0271323164828603,1.0253453834847763,1.0253453834847763,1.0213949538359226,1.0327714896543130,0.9844005932375290,0.9844005932375290,0.9972793792385294,1.0345035321049327,1.0085761025923077,1.0085761025923077,1.0121281967880149,0.9943669294254746
184,1.0083671019358427,1.0083671019358427,0.9937615201460245,1.0130200829838454,1.0020483174573556,1.0020483174573556,1.0064725709386300,1.0078393153361689,0.9722070152588402,0.9722070152588402,0.9927117209996321,1.0298153648129964,1.0283092105962801,1.0283092105962801,0.9982025834806829,1.0285287096447342,1.0222687737291132,1.0222687737291132,1.0262815272919807,1.0318851953436217,0.9890482159110202,0.9890482159110202,0.9943532417783721,1.0325925584925644,1.0092978081685910,1.0092978081685910,1.0122017545857642,0.9929220294901359
185,1.0072210323661279,1.0072210323661279,0.9936249653538620,1.0126742153699708,0.9987000088482155,0.9987000088482155,1.0031337887260627,1.0089703996394233,0.9750133367800257,0.9750133367800257,0.9925340429090345,1.0283691432653967,1.0206523241840630,1.0206523241840630,0.9884245477026252,1.0286308847541397,0.9993245653817959,0.9993245653817959,1.0237202887908745,1.0302489596931148,0.9944036416705659,0.9944036416705659,0.9925668429421989,1.0324461860456595,1.0078767178070436,1.0078767178070436,1.0100530925988789,0.9899157054311245
186,1.0072054395828665,1.0072054395828665,0.9942351037869283,1.0126277121613827,0.9973904481477519,0.9973904481477519,1.0029185096853932,1.0126621331292116,0.9848823762937388,0.9848823762937388,0.9974524955078514,1.0301891074601288,1.0029457743558112,1.0029457743558112,0.9794220113138618,1.0288352349729506,0.9784140482288998,0.9784140482288998,1.0231810806853783,1.0198520456638525,1.0021468368770430,1.0021468368770430,0.9923243453626279,1.0348450678143772,1.0087211877339317,1.0087211877339317,1.0097975760382765,0.9901487538077920
187,1.0069169730925300,1.0069169730925300,0.9951299734887586,1.0123574122614640,0.9957944210440618,0.9957944210440618,1.0031024754110562,1.0155369723999830,0.9919962734021542,0.9919962734021542,0.9948277055331133,1.0281578974213652,0.9926302468282412,0.9926302468282412,0.9658676306835886,1.0223300863408056,0.9634481668750814,0.9634481668750814,1.0254053141205497,1.0098982787899355,1.0088667023205495,1.0088667023205495,0.9932135031543883,1.0379920754228307,1.0117940166308907,1.0117940166308907,1.0119578524142798,0.9901953634831255
188,1.0061139447545668,1.0061139447545668,0.9957197739740560,1.0127265314796325,0.9942207159977658,0.9942207159977658,1.0036230592730393,1.0171903977182817,0.9886013920482581,0.9886013920482581,0.9886332011927315,1.0187980815627427,0.9902374698244234,0.9902374698244234,0.9555838344342521,1.0299251028066083,0.9582335740688730,0.9582335740688730,1.0355491666051944,1.0107845731006266,1.0136337134663873,1.0136337134663873,0.9899640355881365,1.0391386595902516,1.0142976653568634,1.0142976653568634,1.0141568434206776,0.9909993803826286
189,1.0049366896183292,1.0049366896183292,0.9954699077586098,1.0121481478228171,0.9904259662407404,0.9904259662407404,1.0014311272225849,1.0165816544300721,0.9872963245931172,0.9872963245931172,0.9862022418622817,1.0074070556653563,0.9807195346314592,0.9807195346314592,0.9343756120052925,1.0322410719531312,0.9518196249172365,0.9518196249172365,1.0452549125041235,1.0138525149453270,1.0230995137738648,1.0230995137738648,0.9897053715032607,1.0432777471166153,1.0154509062261821,1.0154509062261821,1.0152485959977977,0.9901526379474032
190,1.0037620332793020,1.0037620332793020,0.9959812618739415,1.0115261674079501,0.9859280716757957,0.9859280716757957,0.9972899413129764,1.0178855432796567,0.9803359648323654,0.9803359648323654,0.9775121679766873,0.9942204400937028,0.9746046600661471,0.9746046600661471,0.9145835188959136,1.0258721568001934,0.9430069630747442,0.9430069630747442,1.0501751864667752,1.0121481028093824,1.0291286316273660,1.0291286316273660,0.9910310249382490,1.0438144460885996,1.0152016573931357,1.0152016573931357,1.0156473566908593,0.9882377571191181
191,1.0025120118211777,1.0025120118211777,0.9955367324441361,1.0107966483232231,0.9844882989738654,0.9844882989738654,0.9943386613736147,1.0148418268386079,0.9818286890457619,0.9818286890457619,0.9769710574280490,0.9873955743634572,0.9751895611115248,0.9751895611115248,0.9060193082489252,1.0255315731021755,0.9875917315678268,0.9875917315678268,1.0407053441140006,1.0025352183626546,1.0343049746783921,1.0343049746783921,0.9890667945437237,1.0445137811127003,1.0167901536873265,1.0167901536873265,1.0177495611212712,0.9899351261291801
192,1.0007448297182162,1.0007448297182162,0.9951328789098685,1.0092300714839089,0.9844324938303797,0.9844324938303797,0.9896925482595266,1.0121672837465379,0.9847458986513711,0.9847458986513711,0.9724564186714996,0.9823419237870132,0.9723714015292504,0.9723714015292504,0.9026138544089809,1.0289374100823561,1.0128825066779379,1.0128825066779379,1.0543540492843697,1.0013080416247744,1.0347740008197535,1.0347740008197535,0.9874097277499883,1.0423181944091282,1.0181703225986725,1.0181703225986725,1.0199872667580634,0.9917606717464093
193,0.9987047739081799,0.9987047739081799,0.9946534844267451,1.0068380626921543,0.9828215853550935,0.9828215853550935,0.9849407527072916,1.0090607292886415,0.9840208611762928,0.9840208611762928,0.9728360036832309,0.9725271168797075,0.9657779715631747,0.9657779715631747,0.9000176173230828,1.0207634013299225,1.0442743553713132,1.0442743553713132,1.0541518462448087,1.0060803956054194,1.0400953155872004,1.0400953155872004,0.9881533869940061,1.0427003891316018,1.0190557139757623,1.0190557139757623,1.0219500985190557,0.9930540902369140
194,0.9952483736185642,0.9952483736185642,0.9930700299218828,1.0032921930373055,0.9836586625073784,0.9836586625073784,0.9822712926029883,1.0072698458084888,0.9806856887909325,0.9806856887909325,0.9688786280290104,0.9606079763722426,0.9579083938617294,0.9579083938617294,0.8969830544954098,1.0069016448205876,1.0578844425955172,1.0578844425955172,1.0465355317546767,0.9976265114111339,1.0462097109209492,1.0462097109209492,0.9888000472061955,1.0439038959172635,1.0176420638778878,1.0176420638778878,1.0215745666042308,0.9937415829480833
195,0.9921973856937455,0.9921973856937455,0.9921577276933933,0.9997027266244054,0.9841013833123647,0.9841013833123647,0.9789599095410518,1.0056282026183490,0.9785276360709936,0.9785276360709936,0.9695408827303289,0.9534012431547093,0.9618431827124521,0.9618431827124521,0.9008942688066328,1.0129980930151108,1.0600745715741249,1.0600745715741249,1.0464007297283027,0.9895475978867562,1.0503371409649305,1.0503371409649305,0.9901499503991409,1.0442372998241023,1.0120172245410815,1.0120172245410815,1.0194762336368581,0.9884397323788967
196,0.9884551177110037,0.9884551177110037,0.9904319075541489,0.9961452311674096,0.9820775167752845,0.9820775167752845,0.9751553417677632,1.0010567368926961,0.9845411821878196,0.9845411821878196,0.9734417244466320,0.9490138294709799,0.9654057618070253,0.9654057618070253,0.8950611647045501,1.0102734234309663,1.0527219957173708,1.0527219957173708,1.0449516079447820,0.9782984777895213,1.0501836415004848,1.0501836415004848,0.9876360588242545,1.0407487565062044,1.0064928287638610,1.0064928287638610,1.0143620309617676,0.9845750134658265
197,0.9845205387347042,0.9845205387347042,0.9879100020308086,0.9920006327019880,0.9816124739129040,0.9816124739129040,0.9723919417184405,0.9969447741652403,0.9827669728370397,0.9827669728370397,0.9760826669750607,0.9368915679596387,0.9680644029223784,0.9680644029223784,0.8955332078110770,1.0079233959146419,1.0404677026227809,1.0404677026227809,1.0440416942667574,0.9702195642651436,1.0451011036777311,1.0451011036777311,0.9842815089735220,1.0329422260046148,0.9994096977471419,0.9994096977471419,1.0102505372138901,0.9787488040491379
198,0.9807496839826498,0.9807496839826498,0.9863846559481431,0.9880652986752132,0.9808870070475902,0.9808870070475902,0.9689005070952167,0.9942584489450114,0.9865542274127429,0.9865542274127429,0.9738536145657447,0.9310254333676894,0.9798155966522392,0.9798155966522392,0.8997478784050674,1.0136452020413451,1.0325415215573439,1.0325415215573439,1.0431317805887328,0.9595840325368489,1.0257090046694395,1.0257090046694395,0.9647038710494871,1.0126371148978757,0.9881860599963849,0.9881860599963849,0.9989807083061014,0.9696987587552148
199,0.9776831032745696,0.9776831032745696,0.9852718796630747,0.9843130710322544,0.9795886073758237,0.9795886073758237,0.9663915277303216,0.9912893526489688,0.9949987815342434,0.9949987815342434,0.9811545688339393,0.9330810179269181,0.9812512628545299,0.9812512628545299,0.9026475717737329,1.0096944311443357,0.9706964508757112,0.9706964508757112,0.9969620865556322,0.9014294904584167,1.0008932579174041,1.0008932579174041,0.9452393986625854,0.9886970880263340,0.9778478136227177,0.9778478136227177,0.9911138954099741,0.9613323220328499
200,0.9809315997873664,0.9809315997873664,0.9883632477239435,0.9857953608060027,0.9901171777801198,0.9901171777801198,0.9720670660752481,0.9991480321309544,1.0194112198127627,1.0194112198127627,1.0061506456702911,0.9540024813261834,1.0435698105984070,1.0435698105984070,0.9591241577332040,1.0500535993594755,0.9738773524874984,0.9738773524874984,1.0064993299215939,0.9013272257302600,0.9868054181805098,0.9868054181805098,0.9392658749524857,0.9775565184563570,0.9782458677292245,0.9782458677292245,0.9918185016831509,0.9654572782998655
201,0.9852066211982069,0.9852066211982069,0.9922390794844688,0.9879228825989119,0.9982684490719264,0.9982684490719264,0.9789794803629309,1.0056360573704548,1.0384669106283504,1.0384669106283504,1.0254610236075181,0.9680747044747376,1.0517052524113877,1.0517052524113877,0.9731168641052521,1.0529485607926290,0.9677241329761724,0.9677241329761724,1.0148570555567828,0.9016340199147301,0.9786187800767455,0.9786187800767455,0.9426527578138277,0.9696686699287091,0.9802621791846141,0.9802621791846141,0.9956202783878738,0.9690967171154904
202,0.9883901477807477,0.9883901477807477,0.9953159204397883,0.9899254270187404,1.0042061163388014,1.0042061163388014,0.9815276013715841,1.0108751770251119,1.0501783983140274,1.0501783983140274,1.0351606320987810,0.9829025377577120,1.0542043750598196,1.0542043750598196,0.9757468185559021,1.0539703118866832,0.9747638332645538,0.9747638332645538,1.0215634563688902,0.9048042264875872,0.9746789604893089,0.9746789604893089,0.9452474819152378,0.9675218740407721,0.9825165790775404,0.9825165790775404,0.9999408311398807,0.9732605147786172
203,0.9919219131894603,0.9919219131894603,0.9992672931491695,0.9916286070332826,1.0083803410715295,1.0083803410715295,0.9875084445378238,1.0122026301310145,1.0498883833239960,1.0498883833239960,1.0368485739594586,0.9888174213905917,1.0573415715759362,1.0573415715759362,0.9862666363585021,1.0576145574554765,0.9798741342146382,0.9798741342146382,1.0223048675139472,0.9094743157400755,0.9760092891811707,0.9760092891811707,0.9525628255656307,0.9690831801410900,0.9829146331840473,0.9829146331840473,1.0031696313147676,0.9768805328961864
204,0.9949469131421766,0.9949469131421766,1.0030036646964224,0.9926691163254431,1.0156833741823539,1.0156833741823539,0.9906084627234665,1.0186160352255085,1.0473976663507858,1.0473976663507858,1.0395622029794955,0.9922786032966449,1.0555868684398031,1.0555868684398031,0.9949994338292502,1.0542087204752959,0.9663683388465582,0.9663683388465582,1.0256749181732976,0.9043610793322415,0.9827973766088752,0.9827973766088752,0.9614463202305829,0.9751088458720045,0.9830225170073060,0.9830225170073060,1.0039284380704965,0.9812657265171474
205,0.9981616252912403,0.9981616252912403,1.0067894284025429,0.9939508610121548,1.0187600977598636,1.0187600977598636,0.9894537842326021,1.0202890974240721,1.0436786505962663,1.0436786505962663,1.0410563141958848,0.9929285905090492,1.0436761562430212,1.0436761562430212,1.0022486672509137,1.0557754054861790,0.9674634033358620,0.9674634033358620,1.0224059690337277,0.8969639306622417,0.9819957682945483,0.9819957682945483,0.9690364944711563,0.9744501698609329,0.9852992376912515,0.9852992376912515,1.0082877054528976,0.9866141867616676
206,1.0003965908920445,1.0003965908920445,1.0091224815537436,0.9948838316344552,1.0185778009578106,1.0185778009578106,0.9859662637737542,1.0199513430835172,1.0393710750090364,1.0393710750090364,1.0424292812595941,0.9927742185461031,1.0149628321972075,1.0149628321972075,1.0077445977054771,1.0486912645674034,0.9719479531492012,0.9719479531492012,1.0318421108799090,0.8961458128369882,0.9808615778072559,0.9808615778072559,0.9737166977568772,0.9741492931645174,0.9854145617781833,0.9854145617781833,1.0115319914799423,0.9909139293111838
207,1.0022521321001541,1.0022521321001541,1.0111911413839489,0.9950117154580727,1.0176179524898570,1.0176179524898570,0.9835433960251270,1.0189852085744875,1.0333831184501543,1.0333831184501543,1.0460636058400006,0.9939848197292063,0.9822083736560570,0.9822083736560570,1.0104082695208789,1.0393592712417086,0.9764846488906027,0.9764846488906027,1.0286742632601196,0.8984979015845919,0.9824562666878850,0.9824562666878850,0.9839662621200795,0.9792641970035798,0.9851095109675894,0.9851095109675894,1.0116791070754407,0.9941299969091959
208,1.0040115178114848,1.0040115178114848,1.0122109441935025,0.9956860119826013,1.0160702898438545,1.0160702898438545,0.9814336614265646,1.0172375262309175,1.0319501032052936,1.0319501032052936,1.0446179522846832,0.9975110003564999,0.9330766858443313,0.9330766858443313,1.0182644155080771,1.0328200642397618,0.9738773524874984,0.9738773524874984,1.0214286543425162,0.9063381974099374,0.9852789512840787,0.9852789512840787,0.9918151004455287,0.9838098746602346,0.9855745274471533,0.9855745274471533,1.0125385718701947,0.9981267765690444
209,1.0051134078286255,1.0051134078286255,1.0126467573599784,0.9959272473771524,1.0154675942942093,1.0154675942942093,0.9828975589031181,1.0158236708518495,1.0248191463915821,1.0248191463915821,1.0457567073198775,0.9974378767951044,0.9460508544872546,0.9460508544872546,1.0183318502375809,1.0354766170843026,0.9806041772075074,0.9806041772075074,1.0261467252656067,0.9248140249635776,0.9858588381497621,0.9858588381497621,1.0014180045965417,0.9870219366895346,0.9914374552214964,0.9914374552214964,1.0147182055613955,1.0018400140372805
210,1.0059450229359013,1.0059450229359013,1.0124114182500814,0.9961742956727772,1.0157131369255463,1.0157131369255463,0.9852382291998533,1.0164716879005888,1.0161613459538823,1.0161613459538823,1.0430592308535311,0.9955204145185116,0.9517403464741102,0.9517403464741102,1.0135102670780560,1.0316280212966986,0.9903554657551172,0.9903554657551172,1.0261467252656067,0.9488803243231163,0.9848696193788905,0.9848696193788905,1.0084100181408397,0.9878351169501168,0.9947483725559922,0.9947483725559922,1.0152408530717187,1.0028654268946178
211,1.0068364103790128,1.0068364103790128,1.0122690526156992,0.9957819248503144,1.0121974128859492,1.0121974128859492,0.9862676544306916,1.0136321950142944,1.0054222614700752,1.0054222614700752,1.0411209244106476,0.9908486314293553,0.9650867248731829,0.9650867248731829,1.0090258575660502,1.0253953396229682,0.9974994578996229,0.9974994578996229,1.0288764662996805,0.9681401814592911,0.9897389635010253,0.9897389635010253,1.0173258458164014,0.9956985700699473,0.9971069361403410,0.9971069361403410,1.0134832088518164,1.0043569365052900
212,1.0069143742953199,1.0069143742953199,1.0120482406113516,0.9947588542613744,1.0099317240604311,1.0099317240604311,0.9873479637984156,1.0117627640130822,1.0043304403311337,1.0043304403311337,1.0434711209726439,0.9931317115129256,0.9723714015292504,0.9723714015292504,1.0114535078281885,1.0178684398967690,1.0010975269359068,1.0010975269359068,1.0296852784579247,0.9768326833526089,0.9832493472541872,0.9832493472541872,1.0224263782400456,0.9930394706178433,0.9978360819802973,0.9978360819802973,1.0102466657508506,1.0036228341187874
213,1.0071820504079743,1.0071820504079743,1.0122109441935025,0.9942589447690515,1.0074316536322732,1.0074316536322732,0.9889605995212499,1.0090293102802177,0.9958176473884495,0.9958176473884495,1.0397964150080106,0.9912223740764877,0.9889613220890540,0.9889613220890540,1.0097339222258406,1.0170850973913275,1.0121003177570067,1.0121003177570067,1.0248998065216470,0.9852524793041756,0.9779877267229137,0.9779877267229137,1.0224667945033075,0.9937550692471557,0.9980630100223246,0.9980630100223246,1.0070681945954763,1.0023216473490602
214,1.0081747909422851,1.0081747909422851,1.0132859500041429,0.9941019964400664,1.0084212648434190,1.0084212648434190,0.9938024208541285,1.0108987412814296,0.9881066605946753,0.9881066605946753,1.0391260840298466,0.9950166744288982,1.0207586698286772,1.0207586698286772,1.0261879962247791,1.0280178340977073,1.0196614773260091,1.0196614773260091,1.0217993599150448,0.9980696585664794,0.9760775111653687,0.9760775111653687,1.0237924479382956,0.9976339390901331,1.0020100699008638,1.0020100699008638,1.0070836804476340,1.0056969646711285
215,1.0090609807909761,1.0090609807909761,1.0137362902761680,0.9942880092744191,1.0098387154879549,1.0098387154879549,0.9975208770111493,1.0121437194902201,0.9837308461862615,0.9837308461862615,1.0391503128603827,0.9984453569743311,1.0354343687854264,1.0354343687854264,1.0354939888963097,1.0269620246338513,1.0353574016726965,1.0353574016726965,1.0259782227326393,1.0054327189937604,0.9740564348835019,0.9740564348835019,1.0308329609985081,0.9987886550601599,1.0049266532606893,1.0049266532606893,1.0051711777061543,1.0080274484378040
216,1.0095417582748698,1.0095417582748698,1.0140471703349208,0.9943316060324705,1.0081645611833849,1.0081645611833849,0.9994857875278066,1.0107809199998408,0.9759601504239515,0.9759601504239515,1.0374865998302412,1.0004928166934048,1.0348494677400488,1.0348494677400488,1.0320211003268618,1.0198097669754720,1.0424492478891401,1.0424492478891401,1.0281013546480300,1.0139888679162028,0.9750030149142497,0.9750030149142497,1.0371944808359215,1.0007402876855573,1.0053321476308692,1.0053321476308692,1.0030147727931902,1.0085285024476391
217,1.0096223209883872,1.0096223209883872,1.0141401438104356,0.9942560383185147,1.0069666107698925,1.0069666107698925,1.0029145955210175,1.0101643219595249,0.9697333579909260,0.9697333579909260,1.0394814402110419,1.0018415401591438,1.0313932342900898,1.0313932342900898,1.0267274740608099,1.0138495522601561,1.0395290759176634,1.0395290759176634,1.0163735783534906,1.0189316631104421,0.9705515304453278,0.9705515304453278,1.0369762330143075,1.0006183106464699,1.0060203720206240,1.0060203720206240,1.0007925530085560,1.0090683978535857
218,1.0096665005409613,1.0096665005409613,1.0140762245460193,0.9943810156915955,1.0056570500694288,1.0056570500694288,1.0046603128326292,1.0098344223710758,0.9722923137853200,0.9722923137853200,1.0415570433602965,0.9996153339566590,1.0412302064168963,1.0412302064168963,1.0285482117574136,1.0062885941641551,1.0275355124633838,1.0275355124633838,1.0223048675139472,1.0247266643726540,0.9775357560776017,0.9775357560776017,1.0355293307895337,0.9987805232575541,1.0065821119279372,1.0065821119279372,0.9963945709957603,1.0099306768472556
219,1.0093208605119997,1.0093208605119997,1.0138554125416714,0.9945989994818526,1.0049613459473075,1.0049613459473075,1.0073258587725569,1.0094220478855143,0.9743394784208352,0.9743394784208352,1.0381730833620957,0.9965766437386686,1.0407516510161328,1.0407516510161328,1.0246369974461906,0.9991022781359741,1.0324372297012199,1.0324372297012199,1.0323476184788114,1.0311011657610871,0.9852874790321035,0.9852874790321035,1.0367256521820842,0.9955928566360716,1.0090225184126893,1.0090225184126893,0.9951828030644179,1.0121485205652083
220,1.0085256285656670,1.0085256285656670,1.0132743283197037,0.9944158930980366,1.0009396552734404,1.0009396552734404,1.0092711984673350,1.0063508398120946,0.9762331057086868,0.9762331057086868,1.0302583320536547,0.9953822922358756,1.0277243095509023,1.0277243095509023,1.0186353065203482,0.9982848772607307,1.0239895893551620,1.0239895893551620,1.0334597351963972,1.0322260777708108,0.9848269806387667,0.9848269806387667,1.0312290403784741,0.9889247784992971,1.0083752154731360,1.0083752154731360,0.9935451741987379,1.0117678748833181
221,1.0073197866601169,1.0073197866601169,1.0122632417734796,0.9944914608119925,0.9985251527319604,0.9985251527319604,1.0104141344650719,1.0033895982681580,0.9780499643227066,0.9780499643227066,1.0277546862315969,0.9937410745245546,1.0163453255771910,1.0163453255771910,1.0156007436926753,0.9877948993617746,0.9984380846047405,0.9984380846047405,1.0218330604216381,1.0105800436443133,0.9930136187425310,0.9930136187425310,1.0319726996224918,0.9885263201716118,1.0075716669964494,1.0075716669964494,0.9910093659079094,1.0098996037303665
222,1.0074159421568958,1.0074159421568958,1.0124666212511684,0.9951018154247123,0.9987706953632974,0.9987706953632974,1.0147079727853370,1.0046738502374781,0.9824428384364164,0.9824428384364164,1.0283604069949979,0.9914498696008293,0.9983197388150969,0.9983197388150969,1.0181969807785733,0.9792121901717195,0.9728865798543188,0.9728865798543188,1.0200132330655889,1.0093187786637143,1.0021127258849440,1.0021127258849440,1.0373480626363165,0.9911610242158982,1.0102836431052669,1.0102836431052669,0.9901189294088398,1.0128593181140444
223,1.0070599069390931,1.0070599069390931,1.0130825705264543,0.9960958215082847,0.9968472780844914,0.9968472780844914,1.0173343770815064,1.0045638837079949,0.9897955714189755,0.9897955714189755,1.0234823357804077,0.9959104068459542,0.9947571597205237,0.9947571597205237,1.0173540466597752,0.9642605658287267,0.9613101838245359,0.9613101838245359,1.0118240099633675,1.0159318977511795,1.0055579360869449,1.0055579360869449,1.0393203762834942,0.9884856611585826,1.0135610792532339,1.0135610792532339,0.9914390983052864,1.0157530021243331
224,1.0059866036912650,1.0059866036912650,1.0125712164111225,0.9964416891221592,0.9938524020507605,0.9938524020507605,1.0176983943684570,1.0025727040491410,0.9855988839161691,0.9855988839161691,1.0115455986029835,0.9871599539989605,0.9916199632044070,0.9916199632044070,1.0265251698722984,0.9518292608510676,0.9536447323994095,0.9536447323994095,1.0067352334677484,1.0245562231590597,1.0162005656218382,1.0162005656218382,1.0416645195526808,0.9932346338803830,1.0165223041950977,1.0165223041950977,0.9916752575506919,1.0178349009558965
225,1.0048925100657551,1.0048925100657551,1.0121034436124385,0.9960638505523802,0.9909430939037076,0.9909430939037076,1.0178393042859861,1.0021956759480564,0.9849079658516827,0.9849079658516827,1.0035743133566251,0.9852506165625228,0.9861963353290867,0.9861963353290867,1.0342801637652406,0.9287036277556414,0.9454056757656001,0.9454056757656001,1.0100378831139118,1.0373052259359259,1.0276021647309350,1.0276021647309350,1.0464013056069685,0.9977315207214029,1.0158973220465635,1.0158973220465635,0.9897975979765670,1.0174581394136173
226,1.0038036140346658,1.0038036140346658,1.0119726996624958,0.9957267022901160,0.9857308935021463,0.9857308935021463,1.0158235096324433,0.9985235793385328,0.9805577410012128,0.9805577410012128,0.9917183389476544,0.9782388795087108,0.9792838684291686,0.9792838684291686,1.0387645732772464,0.9096649990364319,0.9400346451752053,0.9400346451752053,1.0088920658897327,1.0356008137999810,1.0359167190550707,1.0359167190550707,1.0483655360014938,0.9982438242855698,1.0144539108939969,1.0144539108939969,0.9872734040748569,1.0166851956310032
227,1.0021741681838470,1.0021741681838470,1.0108918830096356,0.9951308799300799,0.9846259516611300,0.9846259516611300,1.0137450883488874,0.9944508903716066,0.9786129345974733,0.9786129345974733,0.9865252929360956,0.9724377436380018,0.9755085980453672,0.9755085980453672,1.0357974451790770,0.8999924220127191,0.9811256364881282,0.9811256364881282,1.0042413959798291,1.0429638742272620,1.0361981347398874,1.0361981347398874,1.0481715379378369,0.9935111151689811,1.0161093695612449,1.0161093695612449,0.9875250491724200,1.0189535331639008
228,1.0006044946688635,1.0006044946688635,1.0094507941391555,0.9944653027571616,0.9842353156567303,0.9842353156567303,1.0117840919966059,0.9911322576068501,0.9821357637410891,0.9821357637410891,0.9798219831544568,0.9695453005428025,0.9783799304499485,0.9783799304499485,1.0327291649866521,0.8996518383147011,1.0209651255275611,1.0209651255275611,1.0043087969930160,1.0541789060817781,1.0351918604729664,1.0351918604729664,1.0427072591448363,0.9901526806927763,1.0172216889803618,1.0172216889803618,0.9894762665442941,1.0203634758427393
229,0.9984500917815767,0.9984500917815767,1.0068068609292018,0.9941281544948972,0.9832233823881902,0.9832233823881902,1.0081086916477191,0.9859677580971994,0.9849932643781626,0.9849932643781626,0.9763249552804212,0.9712758914958290,0.9711484266161881,0.9711484266161881,1.0281773207451426,0.9026489748572599,1.0486024674004661,1.0486024674004661,1.0084202587974236,1.0638940552566627,1.0396262894458388,1.0396262894458388,1.0417130190685950,0.9902258669162287,1.0175490605819750,1.0175490605819750,0.9913694119705766,1.0214898763299658
230,0.9948299672677160,0.9948299672677160,1.0026114328465943,0.9928028130501341,0.9824495510651889,0.9824495510651889,1.0060224420354116,0.9815612421657711,0.9839782119130529,0.9839782119130529,0.9655188968613456,0.9702765361567574,0.9650335520508758,0.9650335520508758,1.0153647221394118,0.9036707259513141,1.0687829415604930,1.0687829415604930,1.0087572638633586,1.0631782021595659,1.0429776944195672,1.0429776944195672,1.0386171333027383,0.9900794944693239,1.0171696071346508,1.0171696071346508,0.9921398331154238,1.0213888887000766
231,0.9919375059727218,0.9919375059727218,0.9992353335169613,0.9921343294266790,0.9843097225147113,0.9843097225147113,1.0068052749105738,0.9785371626049870,0.9801397782214618,0.9801397782214618,0.9554962372962689,0.9683428241998544,0.9631193304478216,0.9631193304478216,1.0110826168159175,0.9035685508419087,1.0710252164671628,1.0710252164671628,0.9936931374160622,1.0588489953342664,1.0470624857234248,1.0470624857234248,1.0386009667974334,0.9900876262719297,1.0091862042134958,1.0091862042134958,0.9886400305277766,1.0150926983904418
232,0.9886318359212998,0.9886318359212998,0.9960132215061497,0.9908583976410408,0.9827992632976992,0.9827992632976992,1.0018029728382869,0.9736789984274677,0.9841488089660125,0.9841488089660125,0.9491886650800522,0.9702277871158270,0.9663096997862454,0.9663096997862454,1.0101048132381116,0.8968249936211512,1.0494368022494596,1.0494368022494596,0.9827741732797669,1.0573832008973540,1.0497316708551727,1.0497316708551727,1.0386009667974334,0.9867047963879075,1.0053842294765805,1.0053842294765805,0.9826702345209714,1.0136439143154918
233,0.9849155559106604,0.9849155559106604,0.9925993517020888,0.9882309663558086,0.9812329989372014,0.9812329989372014,0.9969494090122809,0.9710005279593447,0.9813851367080669,0.9813851367080669,0.9390044799780684,0.9690253107728790,0.9618963555347592,0.9618963555347592,1.0029904492754560,0.8957351257874934,1.0480810081198453,1.0480810081198453,0.9774831937445868,1.0478044046933450,1.0389270141078089,1.0389270141078089,1.0292890597419058,0.9768571834322564,0.9991604489140956,0.9991604489140956,0.9796737221284504,1.0079458815059703
234,0.9811031204032421,0.9811031204032421,0.9885143296216551,0.9863272412542300,0.9808386425899026,0.9808386425899026,0.9946009103867941,0.9680785601759377,0.9873986828248930,0.9873986828248930,0.9329876537282842,0.9757120542204888,0.9712547722608021,0.9712547722608021,1.0090595749308020,0.8948155498028446,1.0369217795145591,1.0369217795145591,0.9531177274774834,1.0424866388291976,1.0219823787826219,1.0219823787826219,1.0115948196858726,0.9620654344922650,0.9896443516762976,0.9896443516762976,0.9715475212086812,0.9997853041829950
235,0.9781223000030997,0.9781223000030997,0.9855130296151914,0.9853419545222679,0.9786957250800530,0.9786957250800530,0.9920058194056312,0.9627019823594267,0.9949220128604115,0.9949220128604115,0.9317842884783273,0.9818056843367796,0.9717865004838727,0.9717865004838727,1.0031253187344635,0.8982554451528270,0.9703314293792766,0.9703314293792766,0.8961638713344614,1.0011376004111798,0.9972092707707102,0.9972092707707102,0.9864801536949660,0.9430451481972461,0.9796297567724070,0.9796297567724070,0.9650318489133158,0.9914848978340193
236,0.9809835757315711,0.9809835757315711,0.9868291853779484,0.9881437728397058,0.9906268647572889,0.9906268647572889,1.0003273328686060,0.9721944502794464,1.0176455403146307,1.0176455403146307,0.9538163717124365,1.0043033667261254,1.0425595269745729,1.0425595269745729,1.0462498282521733,0.9540089965183831,0.9742945199119951,0.9742945199119951,0.8957931657619328,1.0065576310034841,0.9858161994096383,0.9858161994096383,0.9792052263078349,0.9366047605334346,0.9809652841017149,0.9809652841017149,0.9667430355767451,0.9949689710651991
237,0.9844347784267664,0.9844347784267664,0.9881511519829252,0.9919715681966204,0.9981977625568446,0.9981977625568446,1.0082339449077451,0.9783093747939150,1.0383816121018707,1.0383816121018707,0.9731913598644262,1.0234536149715887,1.0550551402167325,1.0550551402167325,1.0469241755472116,0.9758744699311425,0.9676719870481103,0.9676719870481103,0.8963323738674289,1.0083643078675852,0.9830276258055436,0.9830276258055436,0.9786636483801263,0.9426548216721665,0.9820329619387939,0.9820329619387939,0.9718301380105597,0.9968993884519286
238,0.9881536572346161,0.9881536572346161,0.9906440032951671,0.9959766570362775,1.0044516589701384,1.0044516589701384,1.0118388902978672,0.9818872143781674,1.0484297785211913,1.0484297785211913,0.9832867059211111,1.0347877669878898,1.0651579764550743,1.0651579764550743,1.0525549754607828,0.9845934126004048,0.9712700560843942,0.9712700560843942,0.8998035260465598,1.0084324843530230,0.9838292341198704,0.9838292341198704,0.9758102601938404,0.9517543087880820,0.9815233038771917,0.9815233038771917,0.9747918072357258,0.9995444875271052
239,0.9917347997903233,0.9917347997903233,0.9921751602200524,0.9993626719116043,1.0087709770759292,1.0087709770759292,1.0150837325654150,0.9847895452813095,1.0487112636585747,1.0487112636585747,0.9861134028169829,1.0404345308956526,1.0637754830750907,1.0637754830750907,1.0556232556532079,0.9932101801602616,0.9668376521991170,0.9668376521991170,0.9029376731597557,1.0082279548967097,0.9827803211128256,0.9827803211128256,0.9757375109199692,0.9582109600571052,0.9831006397758728,0.9831006397758728,0.9772734150440021,1.0027527868458952
240,0.9946012731132151,0.9946012731132151,0.9931513817129582,1.0030335189395339,1.0158210268696186,1.0158210268696186,1.0200782063089502,0.9914621571952993,1.0473379573822499,1.0473379573822499,0.9873733020048572,1.0423926173730207,1.0619676071166506,1.0619676071166506,1.0536002137680924,0.9993066283547849,0.9596415141265492,0.9596415141265492,0.8976466936245756,1.0077166312559263,0.9798382480442854,0.9798382480442854,0.9737166977568772,0.9588452406603593,0.9836400588921671,0.9836400588921671,0.9812571505115784,1.0056581232750172
241,0.9982110024382348,0.9982110024382348,0.9946476735845253,1.0067973723846395,1.0189684369622103,1.0189684369622103,1.0201878029114728,0.9911597492392209,1.0439686655862976,1.0439686655862976,0.9891581591876790,1.0435300949947284,1.0385715653015433,1.0385715653015433,1.0468230234529559,1.0107842989779934,0.9674634033358620,0.9674634033358620,0.8995676225004053,1.0206701634891058,0.9820298792866473,0.9820298792866473,0.9760285080154544,0.9690181257202434,0.9834652126958510,0.9834652126958510,0.9844007784995977,1.0077011807104694
242,1.0006304826409658,1.0006304826409658,0.9956558547096396,1.0092794811430337,1.0188270639320465,1.0188270639320465,1.0190800943931184,0.9889368543932420,1.0389616420819334,1.0389616420819334,0.9890127862044628,1.0430669791058902,1.0082630565865176,1.0082630565865176,1.0424734833999578,1.0062204774245516,0.9752331466171127,0.9752331466171127,0.9027354701201947,1.0343395488193821,0.9827803211128256,0.9827803211128256,0.9773541614504427,0.9768653152348622,0.9848937433210716,0.9848937433210716,0.9895962818985164,1.0104861088116466
243,1.0023534851913531,1.0023534851913531,0.9955338270230263,1.0112268030026639,1.0179862664368624,1.0179862664368624,1.0172012954927288,0.9855475288595320,1.0353279248538938,1.0353279248538938,0.9913306776590777,1.0442532057685281,0.9786457945614838,0.9786457945614838,1.0337744032939618,1.0052327847002991,0.9793005290059553,0.9793005290059553,0.9049597035553659,1.0279309591882302,0.9819360740583750,0.9819360740583750,0.9807814605750467,0.9813622020758821,0.9860172231356983,0.9860172231356983,0.9942846236392695,1.0129680740231559
244,1.0038296020067681,1.0038296020067681,0.9961613979827515,1.0116918350885455,1.0161521373876334,1.0161521373876334,1.0149310801547582,0.9831282652109047,1.0298773490118345,1.0298773490118345,0.9940281541254239,1.0430751039460453,0.9387661778311870,0.9387661778311870,1.0383599649002233,1.0082639796126598,0.9703835753073388,0.9703835753073388,0.9086667592806514,1.0179431040715943,0.9815864363893601,0.9815864363893601,0.9806359620273041,0.9892663142087417,0.9851169512312624,0.9851169512312624,0.9957673939833722,1.0148169244780518
245,1.0048665220936528,1.0048665220936528,0.9958534233451086,1.0121045510647657,1.0153262212640457,1.0153262212640457,1.0139251399101747,0.9838430476525446,1.0225672652925153,1.0225672652925153,0.9928893990902298,1.0424494912541060,0.9491348781810641,0.9491348781810641,1.0402481373263310,1.0177322064175618,0.9798219882865761,0.9798219882865761,0.9325267179488523,1.0269424001493821,0.9877264149671833,0.9877264149671833,0.9872884789602028,1.0034807051637196,0.9897038737856818,0.9897038737856818,0.9999640599181173,1.0135739998024915
246,1.0061321363350384,1.0061321363350384,0.9960916678761154,1.0124446057775667,1.0136111431875861,1.0136111431875861,1.0127078347892975,0.9853433053047778,1.0126555765155623,1.0126555765155623,0.9915164320265206,1.0390614329094483,0.9580147395063436,0.9580147395063436,1.0342464464004886,1.0128959179057053,0.9893646931219376,0.9893646931219376,0.9525448188653938,1.0229199875085528,0.9863108087950740,0.9863108087950740,0.9871510636651125,1.0127590919369631,0.9938034590695182,0.9938034590695182,1.0024417962633543,1.0139624137636041
247,1.0069195718897404,1.0069195718897404,0.9958592341873282,1.0120754865593982,1.0111519965313176,1.0111519965313176,1.0105824435332318,0.9859009927042990,1.0078788590326935,1.0078788590326935,0.9921544578973032,1.0408163983829402,0.9660970084970171,0.9660970084970171,1.0294248632409637,1.0129299762755073,1.0013582565762171,1.0013582565762171,0.9631267779357541,1.0238403700619629,0.9918623727591892,0.9918623727591892,0.9933266686915215,1.0246315237414640,0.9950459831029131,0.9950459831029131,1.0023101665200136,1.0119271246073742
248,1.0071274756665594,1.0071274756665594,0.9950166620654749,1.0124416993270300,1.0083431376425389,1.0083431376425389,1.0089815503035251,0.9873384123396847,1.0035798132981115,1.0035798132981115,0.9940039252948878,1.0404507805759626,0.9806131889868451,0.9806131889868451,1.0303352320892656,1.0141220192185705,0.9997938787343547,0.9997938787343547,0.9745849501775454,1.0321579012853730,0.9862170035668018,0.9862170035668018,0.9950807345170853,1.0262985432756577,0.9975831130154145,0.9975831130154145,1.0028211996412186,1.0093480559055867
249,1.0074679181011004,1.0074679181011004,0.9941130761003150,1.0126771218205077,1.0079562219810383,1.0079562219810383,1.0094512500286223,0.9892628266056381,0.9960394235572969,0.9960394235572969,0.9929943906892194,1.0396057971998369,1.0015101081535207,1.0015101081535207,1.0305038189130251,1.0221938528615984,1.0101709184187095,1.0101709184187095,0.9830100768259215,1.0264651647513177,0.9784993916043989,0.9784993916043989,0.9921869300675377,1.0256723944750095,0.9987735552030983,0.9987735552030983,1.0039245666074570,1.0066019692005208
250,1.0085672093210309,1.0085672093210309,0.9939997646770312,1.0128631346548604,1.0088788670200015,1.0088788670200015,1.0113652764083940,0.9926010962506595,0.9920133331074502,0.9920133331074502,0.9973071225246352,1.0417020059598410,1.0174619548456394,1.0174619548456394,1.0253787794707330,1.0264511490868242,1.0230509626500446,1.0230509626500446,0.9925473201918832,1.0331123720815019,0.9719756643654618,0.9719756643654618,0.9916534353924813,1.0245746011232233,1.0029140619371364,1.0029140619371364,1.0065494185481925,1.0061086834699078
251,1.0093312557008407,1.0093312557008407,0.9942002387336102,1.0138978310459474,1.0094852829125456,1.0094852829125456,1.0117410361884720,0.9966934220978504,0.9857780108217767,0.9857780108217767,0.9992050475832919,1.0416288823984456,1.0212903980517478,1.0212903980517478,1.0202200226636886,1.0273707250714730,1.0386947410686700,1.0386947410686700,1.0104085886864402,1.0338964016640364,0.9738944076710315,0.9738944076710315,0.9980634547458090,1.0310231205896407,1.0038366546325914,1.0038366546325914,1.0085470934765397,1.0023488363263380
252,1.0097366680656377,1.0097366680656377,0.9936772629338392,1.0143657695823660,1.0087635363901311,1.0087635363901311,1.0115531562984330,0.9997175016586345,0.9800885991055739,0.9800885991055739,1.0031866520680484,1.0403776570145671,1.0249061499686281,1.0249061499686281,1.0150949832213962,1.0219895026427877,1.0447436687238718,1.0447436687238718,1.0106107917260014,1.0392482557709026,0.9741843511038732,0.9741843511038732,1.0001731836880769,1.0371707633596425,1.0062435799308147,1.0062435799308147,1.0100569640619184,1.0012690455144451
253,1.0099861525978204,1.0099861525978204,0.9936482087227407,1.0146186307790641,1.0079599423239374,1.0079599423239374,1.0111108557239663,1.0027690728517893,0.9693324549164709,0.9693324549164709,1.0005860909238464,1.0397114201218527,1.0296385311539566,1.0296385311539566,1.0117906814757078,1.0160292879274715,1.0387990329247943,1.0387990329247943,1.0096671775413832,1.0226472815668017,0.9708841126182932,0.9708841126182932,1.0024769106940019,1.0353736349837557,1.0072219746038173,1.0072219746038173,1.0106299405917545,0.9991288845887147
254,1.0099809550034000,1.0099809550034000,0.9940607785203379,1.0146040985263804,1.0066057375086852,1.0066057375086852,1.0104141344650719,1.0040179784366328,0.9729491124392144,0.9729491124392144,0.9989062253400141,1.0416695065992208,1.0446332670445482,1.0446332670445482,1.0123975940412424,1.0323773054323384,1.0235724219306654,1.0235724219306654,1.0182945072293204,1.0258856646250964,0.9790536952260079,0.9790536952260079,1.0026466589997016,1.0339830967381600,1.0075605066009399,1.0075605066009399,1.0104015242724280,0.9965964255622608
255,1.0095079739111368,1.0095079739111368,0.9940230080459099,1.0140053697158076,1.0037968786199065,1.0037968786199065,1.0078660134564188,1.0051844091243636,0.9693921638850067,0.9693921638850067,0.9958291638619364,1.0343490256195167,1.0467070071145237,1.0467070071145237,1.0116558120167001,1.0271663748526620,1.0254496753409004,1.0254496753409004,1.0214960553557031,1.0294308418678615,0.9844091209855538,0.9844091209855538,0.9974572107968814,1.0345767183283852,1.0086505052290380,1.0086505052290380,1.0116094207407309,0.9949262455294767
256,1.0083878923135245,1.0083878923135245,0.9937063171449375,1.0131712184117572,1.0020557581431537,1.0020557581431537,1.0063825451579862,1.0084323491201668,0.9705607536977801,0.9705607536977801,0.9923967462026636,1.0270772936807431,1.0291599757531931,1.0291599757531931,0.9987083439519617,1.0293801688897795,1.0226337952255478,1.0226337952255478,1.0264837303315417,1.0288854299843591,0.9880845803842230,0.9880845803842230,0.9937065815661827,1.0324380542430538,1.0091043613130926,1.0091043613130926,1.0124727569985243,0.9927472432076352
257,1.0071716552191334,1.0071716552191334,0.9936133436694227,1.0128544153032502,0.9979559402684066,0.9979559402684066,1.0030476771097949,1.0088211593494105,0.9761819265927990,0.9761819265927990,0.9930347720734460,1.0287103865519089,1.0225665457871174,1.0225665457871174,0.9883571129731213,1.0303338032442300,0.9997417328062925,0.9997417328062925,1.0244279994293379,1.0280673121591057,0.9947106405994571,0.9947106405994571,0.9918797664667477,1.0330316758332787,1.0081334069037629,1.0081334069037629,1.0101034216183915,0.9899623151064579
258,1.0070105297920986,1.0070105297920986,0.9942728742613561,1.0126131799086988,0.9967840322552076,0.9967840322552076,1.0027306297953542,1.0119473506875718,0.9853685778946737,0.9853685778946737,0.9972909699709445,1.0300916093782682,1.0043814405581020,1.0043814405581020,0.9799277717851406,1.0306743869422481,0.9786747778692102,0.9786747778692102,1.0233495832183459,1.0179771923143133,1.0028802232071719,1.0028802232071719,0.9929467558168602,1.0354142939967848,1.0087881501069889,1.0087881501069889,1.0100259923576029,0.9900788392947918
259,1.0067090693157110,1.0067090693157110,0.9951415951731980,1.0124387928764933,0.9956976921286866,0.9956976921286866,1.0033020977942226,1.0154152237423411,0.9927127810245846,0.9927127810245846,0.9951749854374633,1.0281985216221405,0.9922048642497847,0.9922048642497847,0.9662048043311079,1.0241351799403013,0.9620402268174052,0.9620402268174052,1.0226081720732889,1.0132730148191060,1.0085085369035098,1.0085085369035098,0.9930518381013410,1.0377318577394443,1.0116786925439589,1.0116786925439589,1.0119230092469249,0.9900399978986805
260,1.0061217411461976,1.0061217411461976,0.9957110577107264,1.0125899283044049,0.9944736993149009,0.9944736993149009,1.0036817717386763,1.0173003642477647,0.9894117280498163,0.9894117280498163,0.9886412774695768,1.0185787108785560,0.9886422851552116,0.9886422851552116,0.9554152476104925,1.0243054717893103,0.9529668353346024,0.9529668353346024,1.0323139179722181,1.0145342797997050,1.0137445741907090,1.0137445741907090,0.9913866880549532,1.0385206425922091,1.0142232627201331,1.0142232627201331,1.0143581594987281,0.9908051734020723
261,1.0050016595485851,1.0050016595485851,0.9954001776519736,1.0122673122948243,0.9907756784732507,0.9907756784732507,1.0015054963457253,1.0172335988548644,0.9881407800052673,0.9881407800052673,0.9862830046307351,1.0070901868993092,0.9788584858507121,0.9788584858507121,0.9348139377470674,1.0277794255090946,0.9479608262406423,0.9479608262406423,1.0452212119975302,1.0191702808094745,1.0225366824042308,1.0225366824042308,0.9898993695669175,1.0427247845394194,1.0150044904058007,1.0150044904058007,1.0150705086979839,0.9896438156583457
262,1.0039439490840185,1.0039439490840185,0.9959231534517448,1.0117412447476706,0.9861661736213344,0.9861661736213344,0.9972860271486007,1.0180858394583581,0.9809927634862599,0.9809927634862599,0.9774152526545431,0.9930179637507548,0.9713611179054162,0.9713611179054162,0.9147183883549214,1.0225684949294183,0.9422769200818749,0.9422769200818749,1.0483890596173195,1.0097619258190600,1.0287448829662522,1.0287448829662522,0.9912735225178201,1.0434973057869725,1.0157968784869778,1.0157968784869778,1.0155621845039917,0.9887931890835091
263,1.0026601432621614,1.0026601432621614,0.9956064625507722,1.0112529610574947,0.9848268501776785,0.9848268501776785,0.9943778030173728,1.0146140390275358,0.9815898531716184,0.9815898531716184,0.9773991001008524,0.9858924789347721,0.9767315729584296,0.9767315729584296,0.9067948076382194,1.0309127955308608,0.9902511738989931,0.9902511738989931,1.0483216586041324,1.0030465420034380,1.0335971715923373,1.0335971715923373,0.9894143744077755,1.0433428015374620,1.0175044189999367,1.0175044189999367,1.0179199054950063,0.9904789056747377
264,1.0005915006828123,1.0005915006828123,0.9951909873320652,1.0092242585828353,0.9845664261747453,0.9845664261747453,0.9896455782870168,1.0121319373620612,0.9833981819329902,0.9833981819329902,0.9723998847335821,0.9796526016956902,0.9730626482192423,0.9730626482192423,0.9024452675852214,1.0378947613402310,1.0143947385917385,1.0143947385917385,1.0557357700547034,0.9988195999062951,1.0363516342043331,1.0363516342043331,0.9869732321067604,1.0437006008521181,1.0183823701133536,1.0183823701133536,1.0199253233494323,0.9920597504964659
265,0.9986943787193390,0.9986943787193390,0.9947464579022599,1.0066927401653163,0.9828439074124877,0.9828439074124877,0.9849407527072916,1.0087740308367750,0.9821954727096250,0.9821954727096250,0.9727794697453135,0.9693096801783059,0.9673199834100795,0.9673199834100795,0.9002536388763464,1.0296866942179956,1.0432835827381335,1.0432835827381335,1.0549606584030529,1.0033533361879079,1.0423295855696859,1.0423295855696859,0.9885413831213198,1.0449691620586263,1.0187543832970050,1.0187543832970050,1.0215087517325605,0.9927006335323016
266,0.9952535712129846,0.9952535712129846,0.9930845570274319,1.0031614027631512,0.9838558406810278,0.9838558406810278,0.9822556359454850,1.0068221249384506,0.9791759048722400,0.9791759048722400,0.9689513145206186,0.9576505345558027,0.9577488753948082,0.9577488753948082,0.8968144676716502,1.0176981480477600,1.0564765025378411,1.0564765025378411,1.0474454454327013,0.9955130403625625,1.0467299035504591,1.0467299035504591,0.9876279755716022,1.0449203712429915,1.0167529523689613,1.0167529523689613,1.0215203661216787,0.9924792375744674
267,0.9922649544212117,0.9922649544212117,0.9922071198522605,0.9995603105481040,0.9836140183925899,0.9836140183925899,0.9790107936779374,1.0042379114955988,0.9790308973772244,0.9790308973772244,0.9694681962387208,0.9531006240689723,0.9630129848032074,0.9630129848032074,0.9009617035361367,1.0230793704764454,1.0552250002643508,1.0552250002643508,1.0464007297283027,0.9908088628673553,1.0485122028876330,1.0485122028876330,0.9889051294906763,1.0429199478019591,1.0117456549170161,1.0117456549170161,1.0190194009982052,0.9876706727358938
268,0.9882342199481334,0.9882342199481334,0.9903215015519750,0.9956220700707925,0.9814748212256392,0.9814748212256392,0.9750340026721130,0.9995054233517744,0.9849506151149227,0.9849506151149227,0.9731348259265088,0.9508987923869525,0.9651398976954899,0.9651398976954899,0.8950611647045501,1.0158249377086608,1.0580930263077657,1.0580930263077657,1.0456256180766521,0.9835480671682310,1.0486657023520785,1.0486657023520785,0.9878866396564779,1.0390085507485585,1.0065597911369182,1.0065597911369182,1.0145168894833450,0.9840623070371579
269,0.9844451736156073,0.9844451736156073,0.9879477725052365,0.9916867360440178,0.9811623124221195,0.9811623124221195,0.9723488859103064,0.9954405891369542,0.9835858386912458,0.9835858386912458,0.9761149720824421,0.9399140084973189,0.9678517116331501,0.9678517116331501,0.8951960341635579,1.0111929994156150,1.0476638406953487,1.0476638406953487,1.0420533643777408,0.9753328006729776,1.0435746367813001,1.0435746367813001,0.9834327674450233,1.0318444326528287,0.9988888792900302,0.9988888792900302,1.0101498791748649,0.9777661167275231
270,0.9807860671435931,0.9807860671435931,0.9863585071581545,0.9878240632806621,0.9809874563058645,0.9809874563058645,0.9689396487389748,0.9939481862368270,0.9874242723828369,0.9874242723828369,0.9741282079784865,0.9341209974667651,0.9780077206937990,0.9780077206937990,0.8993095526632925,1.0066291778621732,1.0365567580181245,1.0365567580181245,1.0392899228370733,0.9569933260902129,1.0261695030627762,1.0261695030627762,0.9662962718220036,1.0126208512926642,0.9886064348939108,0.9886064348939108,0.9991820243841519,0.9699900692260492
271,0.9777090912466720,0.9777090912466720,0.9853270826641617,0.9841735614064899,0.9797709041778769,0.9797709041778769,0.9663289011003086,0.9912265146321213,0.9960053041467050,0.9960053041467050,0.9810980348960218,0.9373059348075464,0.9797624238299322,0.9797624238299322,0.9023778328557175,1.0011117219542807,0.9649603987888820,0.9649603987888820,0.9983775078325594,0.8985319898273108,1.0001428160912258,1.0001428160912258,0.9460153909172128,0.9879733575944158,0.9787369251316441,0.9787369251316441,0.9915823424377455,0.9621907168869087
272,0.9809082106124742,0.9809082106124742,0.9884010181983713,0.9856355060264809,0.9902548304673844,0.9902548304673844,0.9721257785408852,0.9994111663265032,1.0202727349302088,1.0202727349302088,1.0060698829018375,0.9570899205851040,1.0423468356853447,1.0423468356853447,0.9595624834749790,1.0405513141847718,0.9690799271057866,0.9690799271057866,1.0041739949666422,0.8972707248467118,0.9864301972674205,0.9864301972674205,0.9395730385532757,0.9775077276407221,0.9790940577879492,0.9790940577879492,0.9924882647889727,0.9665021118552584
273,0.9850169090018596,0.9850169090018596,0.9921954981678212,0.9878008116763680,0.9987744157061964,0.9987744157061964,0.9790695061435746,1.0067160857850206,1.0390554704610611,1.0390554704610611,1.0255660152065076,0.9703496597181529,1.0521838078121510,1.0521838078121510,0.9736563419412828,1.0443317932327723,0.9665247766307444,0.9665247766307444,1.0175530960842631,0.9007136373613199,0.9811771044841718,0.9811771044841718,0.9433317510366267,0.9721570015260909,0.9803849435352190,0.9803849435352190,0.9960654966374085,0.9692171254434353
274,0.9884161357528501,0.9884161357528501,0.9952868662286900,0.9901201592047034,1.0044293369127442,1.0044293369127442,0.9815589146865906,1.0119552054396777,1.0491804055542135,1.0491804055542135,1.0351202507145540,0.9829106625978671,1.0529282273244500,1.0529282273244500,0.9757131011911502,1.0545493041733141,0.9746595414084297,0.9746595414084297,1.0232484816985654,0.9030998143516425,0.9773652011171066,0.9773652011171066,0.9456839775584657,0.9701321826772411,0.9818804365334969,0.9818804365334969,0.9996001423924106,0.9727594607687819
275,0.9918725360424658,0.9918725360424658,0.9991830359369841,0.9918262456697823,1.0087114515895443,1.0087114515895443,0.9874536462365625,1.0133297870582159,1.0482847710261758,1.0482847710261758,1.0370020232195203,0.9881511844978772,1.0574479172205502,1.0574479172205502,0.9860980495347424,1.0581594913723054,0.9727301420701325,0.9727301420701325,1.0236528877776874,0.9073267564487852,0.9777830607703196,0.9777830607703196,0.9531448197566011,0.9704574547814739,0.9821222451028702,0.9821222451028702,1.0025424543023795,0.9763445216298511
276,0.9949703023170688,0.9949703023170688,1.0029484616953357,0.9930120774887810,1.0158731116702051,1.0158731116702051,0.9904479819840583,1.0194290020684726,1.0459561212532771,1.0459561212532771,1.0396752708553303,0.9896380302462522,1.0562249423074879,1.0562249423074879,0.9950668685587540,1.0535275530792598,0.9691320730338487,0.9691320730338487,1.0267870348908834,0.9087925508856977,0.9798553035403349,0.9798553035403349,0.9612846551775356,0.9723765601964481,0.9830113566117965,0.9830113566117965,1.0038122941793135,0.9810792878158133
277,0.9982551819908089,0.9982551819908089,1.0067255091381264,0.9942095351099266,1.0183694617554642,1.0183694617554642,0.9893285309725761,1.0204461924661909,1.0426721279838047,1.0426721279838047,1.0410724667495757,0.9909461295112160,1.0431976008422577,1.0431976008422577,1.0022486672509137,1.0559456973351879,0.9784140482288998,0.9784140482288998,1.0233158827117523,0.9047019617594305,0.9797018040758894,0.9797018040758894,0.9674117606880304,0.9723115057756015,0.9847077367292461,0.9847077367292461,1.0077186003861009,0.9862684983362774
278,1.0004199800669367,1.0004199800669367,1.0091544411859519,0.9950524057655873,1.0181388004957233,1.0181388004957233,0.9858918946506138,1.0202890974240721,1.0395757914725878,1.0395757914725878,1.0426311881807278,0.9933917063978873,1.0144842767964439,1.0144842767964439,1.0077108803407251,1.0484187976089889,0.9842022462437913,0.9842022462437913,1.0338304407689256,0.9015999316720112,0.9808018835710827,0.9808018835710827,0.9725688758802410,0.9734174309299934,0.9851132310994258,0.9851132310994258,1.0108583569110809,0.9908517830774057
279,1.0022885152610974,1.0022885152610974,1.0113131690705623,0.9953139863138959,1.0172645199144479,1.0172645199144479,0.9835042543813689,1.0189302253097459,1.0338096110825532,1.0338096110825532,1.0459828430715472,0.9942366897740129,0.9814107813214511,0.9814107813214511,1.0105094216151347,1.0398360884189339,0.9785183400850240,0.9785183400850240,1.0274610450227535,0.8945095771864814,0.9809042165473797,0.9809042165473797,0.9832953521499330,0.9777354181136851,0.9857679743026520,0.9857679743026520,1.0120701248424233,0.9948291420391986
280,1.0038685839649217,1.0038685839649217,1.0122719580368091,0.9959592183330569,1.0158433489270129,1.0158433489270129,0.9814375755909405,1.0169429730269448,1.0321889390794370,1.0321889390794370,1.0445452657930752,0.9976166232785156,0.9336615868897090,0.9336615868897090,1.0182644155080771,1.0326838307605546,0.9670462359113653,0.9670462359113653,1.0178227001370113,0.9014976669438546,0.9834454854587565,0.9834454854587565,0.9906430288109354,0.9823054911781575,0.9864375980332242,0.9864375980332242,1.0131967205868984,0.9989307934685474
281,1.0049314920239087,1.0049314920239087,1.0125189188311454,0.9959098086739319,1.0159623998997822,1.0159623998997822,0.9829093013962455,1.0167937327369321,1.0252541688766292,1.0252541688766292,1.0457809361504133,0.9977059965202212,0.9453064349749557,0.9453064349749557,1.0182306981433251,1.0348976247976720,0.9734601850630018,0.9734601850630018,1.0244279994293379,0.9208938770509049,0.9869503898969306,0.9869503898969306,1.0016281691655031,0.9885181883690060,0.9918801509100414,0.9918801509100414,1.0152911820912314,1.0020148003197813
282,1.0059658133135831,1.0059658133135831,1.0123649315123240,0.9964794729791371,1.0158545099557099,1.0158545099557099,0.9851795167342161,1.0165698723019130,1.0165110699124493,1.0165110699124493,1.0431722987293661,0.9957154106822329,0.9516871736518031,0.9516871736518031,1.0133416802542963,1.0242373550497068,0.9851930188769709,0.9851930188769709,1.0249335070282406,0.9454715000512270,0.9865751689838415,0.9865751689838415,1.0090405118477246,0.9901282852849588,0.9948227751927224,0.9948227751927224,1.0154421691497693,1.0028809634530622
283,1.0067584464627057,1.0067584464627057,1.0122254712990517,0.9958516796631967,1.0123053028300215,1.0123053028300215,0.9863772510332144,1.0136753961508769,1.0054734405859631,1.0054734405859631,1.0409674751505860,0.9911979995560226,0.9656184530962535,0.9656184530962535,1.0089247054717945,1.0215126854655623,0.9942664103597737,0.9942664103597737,1.0303592885897948,0.9650040631291529,0.9900203791858422,0.9900203791858422,1.0180371720498098,0.9966825181852518,0.9970102127125916,0.9970102127125916,1.0134290083692643,1.0041433088266782
284,1.0068260151901718,1.0068260151901718,1.0120540514535712,0.9946687542947349,1.0101140208624841,1.0101140208624841,0.9871913972233831,1.0117784735172941,1.0044754478261493,1.0044754478261493,1.0434226633115717,0.9932292095947862,0.9718928461284869,0.9718928461284869,1.0116895293814521,1.0132705599735252,0.9982295008924921,0.9982295008924921,1.0310332987216648,0.9802755958672171,0.9836586791593754,0.9836586791593754,1.0227658748514450,0.9929012299735444,0.9974826694558286,0.9974826694558286,1.0098324192056314,1.0033043346706749
285,1.0071664576247130,1.0071664576247130,1.0121208761390974,0.9941368738465075,1.0075730266624368,1.0075730266624368,0.9888784020693578,1.0090136007760058,0.9957323488619696,0.9957323488619696,1.0397883387311653,0.9909217549907507,0.9903969882913446,0.9903969882913446,1.0096327701315848,1.0159611711878680,1.0185142669086431,1.0185142669086431,1.0267533343842898,0.9898203038285073,0.9782520869116811,0.9782520869116811,1.0228062911147069,0.9933159519064413,0.9975235909060303,0.9975235909060303,1.0064603748982854,1.0017118374301135
286,1.0082813416279048,1.0082813416279048,1.0132336524241659,0.9941165286927502,1.0085403158161883,1.0085403158161883,0.9940020432372949,1.0109105234095885,0.9881066605946753,0.9881066605946753,1.0390937789224652,0.9928067179067234,1.0214499165186690,1.0214499165186690,1.0265251698722984,1.0352382084956901,1.0259189886934592,1.0259189886934592,1.0220689639677927,1.0037964833432536,0.9750797646464724,0.9750797646464724,1.0233802020530249,0.9966174637644053,1.0014743709164062,1.0014743709164062,1.0064332746570093,1.0050366609372370
287,1.0091077591407602,1.0091077591407602,1.0137740607505958,0.9941950028572427,1.0099986902326139,1.0099986902326139,0.9975835036411623,1.0119866244481013,0.9836796670703736,0.9836796670703736,1.0389807110466305,0.9966253927795989,1.0352748503185052,1.0352748503185052,1.0354602715315580,1.0350338582768792,1.0415106211840226,1.0415106211840226,1.0272588419831923,1.0053304542656039,0.9727687449317640,0.9727687449317640,1.0296851391218718,0.9970647129077255,1.0043909542762317,1.0043909542762317,1.0048421033478026,1.0076001930805800
288,1.0097418656600581,1.0097418656600581,1.0141372383893259,0.9943519511862279,1.0081831628978801,1.0081831628978801,0.9994075042402905,1.0105806238211394,0.9761648668875030,0.9761648668875030,1.0374785235533956,0.9978441188028572,1.0349026405623558,1.0349026405623558,1.0323245566096291,1.0274047834412747,1.0440136257310026,1.0440136257310026,1.0293482733919896,1.0118413086249125,0.9735532977500414,0.9735532977500414,1.0360789919698947,0.9988943684940356,1.0055962769912616,1.0055962769912616,1.0031735027778070,1.0085673438437504
289,1.0097314704712173,1.0097314704712173,1.0141430492315455,0.9941572190002649,1.0069814921414888,1.0069814921414888,1.0029224238497689,1.0095830703036859,0.9698442460753497,0.9698442460753497,1.0393118383972897,0.9993472142315423,1.0306488147777908,1.0306488147777908,1.0264914525075464,1.0204568760017063,1.0409891619034017,1.0409891619034017,1.0165757813930516,1.0162386919356496,0.9712849167754567,0.9712849167754567,1.0362568235282468,1.0002930385422371,1.0069764459026076,1.0069764459026076,1.0015513597642847,1.0099500975453113
290,1.0096716981353817,1.0096716981353817,1.0140297378082619,0.9942473189669044,1.0056235669833375,1.0056235669833375,1.0046094286957437,1.0094063383813026,0.9721302465850084,0.9721302465850084,1.0415893484676779,0.9984372321341761,1.0398477130369126,1.0398477130369126,1.0285144943926616,1.0110567659364078,1.0201307906785677,1.0201307906785677,1.0184967102688813,1.0195452514793824,0.9771178964243887,0.9771178964243887,1.0357233288531906,0.9988943684940356,1.0072405752629998,1.0072405752629998,0.9971533777514892,1.0105599074642579
291,1.0093130641203689,1.0093130641203689,1.0137275740128384,0.9944013608453528,1.0044070148553499,1.0044070148553499,1.0072632321425439,1.0083459468470015,0.9745186053264429,0.9745186053264429,1.0381003968704876,0.9978197442823920,1.0388374294130784,1.0388374294130784,1.0241312369749118,1.0027465237047672,1.0232595463622929,1.0232595463622929,1.0281013546480300,1.0252038997707187,0.9873938327942179,0.9873938327942179,1.0380593888697249,0.9975526210640748,1.0090113580171796,1.0090113580171796,0.9953454045120741,1.0122184350782086
292,1.0084606586354112,1.0084606586354112,1.0132510849508249,0.9940148029239636,1.0005564599548387,1.0005564599548387,1.0092946834535899,1.0054239790635946,0.9763013445298707,0.9763013445298707,1.0305490780200872,0.9972591303116932,1.0272989269724460,1.0272989269724460,1.0186015891555964,1.0017247726107130,1.0154376571529802,1.0154376571529802,1.0309321972018843,1.0302489596931148,0.9870186118811286,0.9870186118811286,1.0333872688366563,0.9912423422419565,1.0081482874311090,1.0081482874311090,0.9933128864163718,1.0115154058085949
293,1.0071274756665594,1.0071274756665594,1.0120656731380107,0.9940293351766474,0.9981679998136521,0.9981679998136521,1.0103632503281863,1.0025255755365055,0.9779987852068188,0.9779987852068188,1.0276335420789167,0.9954229164366509,1.0145374496187509,1.0145374496187509,1.0150275484918925,0.9903492770969100,1.0015668402884654,1.0015668402884654,1.0222374665007603,1.0137161619744515,0.9933462009154964,0.9933462009154964,1.0324496115289816,0.9888271968680272,1.0072889369768745,1.0072889369768745,0.9907267491060309,1.0096510187952545
294,1.0072626131214917,1.0072626131214917,1.0124201345134110,0.9947414155581539,0.9986553647334270,0.9986553647334270,1.0147471144290952,1.0046974144937959,0.9827157937211518,0.9827157937211518,1.0285703901929770,0.9931479611932357,0.9970435910797274,0.9970435910797274,1.0180958286843176,0.9791440734321158,0.9813863661284387,0.9813863661284387,1.0220352634611993,1.0157955447803040,1.0021638923730924,1.0021638923730924,1.0373803956469261,0.9911610242158982,1.0098260668893757,1.0098260668893757,0.9898208267548035,1.0123738006626537
295,1.0070391165614112,1.0070391165614112,1.0129634482609509,0.9958487732126600,0.9970370155723426,0.9970370155723426,1.0173500337390098,1.0048898559203912,0.9900941162616547,0.9900941162616547,1.0234661832267171,0.9975841239178954,0.9928961109397766,0.9928961109397766,1.0170505903770080,0.9621148885312130,0.9724694124298221,0.9724694124298221,1.0142504464380997,1.0214201048289215,1.0049865769692863,1.0049865769692863,1.0387787983557857,0.9881522572517439,1.0128207730177681,1.0128207730177681,0.9908545073863321,1.0147858513611627
296,1.0061165435517769,1.0061165435517769,1.0127397308354933,0.9966131697038282,0.9939863343951261,0.9939863343951261,1.0176475102315714,1.0029811511586495,0.9859315481694404,0.9859315481694404,1.0116748190325091,0.9891586646771039,0.9907160252251870,0.9907160252251870,1.0264240177780426,0.9442001860154631,0.9588593252056180,0.9588593252056180,1.0089931674095132,1.0251698115279997,1.0141965448360211,1.0141965448360211,1.0402742000964738,0.9916164051618244,1.0161949325934845,1.0161949325934845,0.9914352268422471,1.0175474746246731
297,1.0051082102342048,1.0051082102342048,1.0121354032446468,0.9963108988480049,0.9910881872767704,0.9910881872767704,1.0177414501765909,1.0026826705786240,0.9851638614311221,0.9851638614311221,1.0036550761250786,0.9874280737240774,0.9848138419491030,0.9848138419491030,1.0337069685644580,0.9220622456442893,0.9469700536074626,0.9469700536074626,1.0122958170556766,1.0370666082368936,1.0238840665921420,1.0238840665921420,1.0435236676627255,0.9945845131129496,1.0159456837604381,1.0159456837604381,0.9900260142958935,1.0173144262480056
298,1.0039023683286548,1.0039023683286548,1.0121383086657565,0.9958981828717849,0.9858462241320166,0.9858462241320166,1.0158000246461885,0.9990145013451536,0.9809074649597800,0.9809074649597800,0.9917829491624172,0.9795876029744498,0.9795497325407039,0.9795497325407039,1.0386297038182386,0.9029555001854762,0.9403996666716399,0.9403996666716399,1.0104422891930338,1.0356689902854188,1.0337591988048078,1.0337591988048078,1.0461345582694404,0.9962840598575665,1.0157447966412665,1.0157447966412665,0.9885122722474753,1.0178892789104523
299,1.0022131501420004,1.0022131501420004,1.0109035046940749,0.9953139863138959,0.9848417315492746,0.9848417315492746,1.0137333458557600,0.9947415161995262,0.9788091212083769,0.9788091212083769,0.9864364538907968,0.9730471066496310,0.9747641785330683,0.9747641785330683,1.0359660320028368,0.8933850982711687,0.9802391557110728,0.9802391557110728,1.0021519645710317,1.0384983144310871,1.0370509095423630,1.0370509095423630,1.0488666976659407,0.9945601177051321,1.0170245219930267,1.0170245219930267,0.9883186990955036,1.0198041597387373
300,1.0005681115079201,1.0005681115079201,1.0093578206636407,0.9945902801302423,0.9844734176022691,0.9844734176022691,1.0117136370378412,0.9914778666995111,0.9820248756566654,0.9820248756566654,0.9796927627249312,0.9695290508624924,0.9782735848053343,0.9782735848053343,1.0327965997161559,0.8958373008968987,1.0111095451238270,1.0111095451238270,1.0008039443072916,1.0463726984991515,1.0400100381069528,1.0400100381069528,1.0463123898277924,0.9937225420367324,1.0170431226522092,1.0170431226522092,0.9893291509487956,1.0205110731479621
301,0.9983461398931672,0.9983461398931672,1.0067051711903574,0.9942705705711986,0.9835321708488109,0.9835321708488109,1.0081752324421078,0.9869456747343880,0.9847970777672590,0.9847970777672590,0.9762441925119677,0.9695209260223373,0.9712015994384950,0.9712015994384950,1.0286156464869174,0.9039772512795303,1.0388511788528563,1.0388511788528563,1.0043087969930160,1.0585422011497965,1.0426792232387010,1.0426792232387010,1.0447604053185378,0.9928280437500919,1.0173295728036207,1.0173295728036207,0.9909551654253573,1.0214976446091881
302,0.9947727937290908,0.9947727937290908,1.0025794732143860,0.9929481355769721,0.9827434581542135,0.9827434581542135,1.0060341845285390,0.9818911417542203,0.9835773088385978,0.9835773088385978,0.9654139052623562,0.9682697006384590,0.9657779715631747,0.9657779715631747,1.0156344610574271,0.9065656873844676,1.0638812243226570,1.0638812243226570,1.0067689339743420,1.0658711733343584,1.0434211373168545,1.0434211373168545,1.0390132126827043,0.9905186118100383,1.0163772190534737,1.0163772190534737,0.9914236124531287,1.0207868470603521
303,0.9919271107838808,0.9919271107838808,0.9992062793058629,0.9924976357437741,0.9844027310871873,0.9844027310871873,1.0067700474311916,0.9787256766555295,0.9798582930840785,0.9798582930840785,0.9554962372962689,0.9665716090460525,0.9622153924686015,0.9622153924686015,1.0107117258036464,0.9058164032488278,1.0735282210141428,1.0735282210141428,0.9985797108721204,1.0661438792761095,1.0466787370623107,1.0466787370623107,1.0383180529546006,0.9898599357989667,1.0085165804829235,1.0085165804829235,0.9882490127607939,1.0147547782442738
304,0.9885538720049927,0.9885538720049927,0.9958940992406463,0.9908671169926511,0.9828625091269829,0.9828625091269829,1.0018029728382869,0.9734119368558660,0.9837734954495013,0.9837734954495013,0.9492290464642789,0.9684971961628005,0.9668946008316230,0.9668946008316230,1.0107117258036464,0.9000945971221245,1.0608046145669940,1.0608046145669940,0.9848636046885642,1.0629395844605336,1.0486657023520785,1.0486657023520785,1.0378088080375014,0.9855582122204866,1.0045583602088746,1.0045583602088746,0.9823450316256590,1.0131001347699342
305,0.9850714837432746,0.9850714837432746,0.9928230691275465,0.9885041727062642,0.9808981680762874,0.9808981680762874,0.9969768081629116,0.9702111253726984,0.9811207112759796,0.9811207112759796,0.9390690901928311,0.9677172115079152,0.9618963555347592,0.9618963555347592,1.0025858408984329,0.8995496632052956,1.0530348712857434,1.0530348712857434,0.9785616099555789,1.0482816400914095,1.0370594372903876,1.0370594372903876,1.0278098245065226,0.9751251094772161,0.9985205862382155,0.9985205862382155,0.9794607916612816,1.0073593764246902
306,0.9811966771028107,0.9811966771028107,0.9886566952560372,0.9864231541219431,0.9804926507002916,0.9804926507002916,0.9944952279486472,0.9672459564527088,0.9873219141510612,0.9873219141510612,0.9329876537282842,0.9753220618930463,0.9718928461284869,0.9718928461284869,1.0094641833078253,0.8997199550543047,1.0395812218457254,1.0395812218457254,0.9553419609126546,1.0426229918000731,1.0200295244849531,1.0200295244849531,1.0101075011978371,0.9601869880903200,0.9905520638444065,0.9905520638444065,0.9720701687190045,1.0002009071213855
307,0.9782730302412935,0.9782730302412935,0.9856437735651341,0.9853390480717312,0.9783236907901486,0.9783236907901486,0.9920058194056312,0.9618929428925157,0.9950499606501312,0.9950499606501312,0.9318569749699355,0.9823419237870132,0.9720523645954081,0.9720523645954081,1.0028555798164482,0.9000264803825209,0.9688713433935383,0.9688713433935383,0.8965682774135835,0.9981719232946362,0.9964673566925566,0.9964673566925566,0.9858577432407336,0.9425003174226559,0.9805821105225541,0.9805821105225541,0.9658990566341488,0.9922073478016886
308,0.9809419949762074,0.9809419949762074,0.9866897251646761,0.9878821922913973,0.9901990253238987,0.9901990253238987,1.0003155903754786,0.9711733325056752,1.0176881895778707,1.0176881895778707,0.9539455921419621,1.0047096087338780,1.0422404900407305,1.0422404900407305,1.0460812414284137,0.9589815185094468,0.9700706997389662,0.9700706997389662,0.8958268662685264,1.0025693066053734,0.9877093594711337,0.9877093594711337,0.9806197955219993,0.9381254076207234,0.9815195837453552,0.9815195837453552,0.9668630509309675,0.9953845740035896
309,0.9841697011113222,0.9841697011113222,0.9878315556608429,0.9914658458032239,0.9979782623258009,0.9979782623258009,1.0082613440583756,0.9773471676609382,1.0384327912177584,1.0384327912177584,0.9730944445422820,1.0241442263847684,1.0550019673944255,1.0550019673944255,1.0476996749365060,0.9788034897340978,0.9670462359113653,0.9670462359113653,0.8966019779201769,1.0058076896636683,0.9855262559767967,0.9855262559767967,0.9807733773223943,0.9446877723236222,0.9817762728420745,0.9817762728420745,0.9721398550537144,0.9965886572830386
310,0.9880626993322578,0.9880626993322578,0.9905248810296637,0.9955842862138147,1.0043586503976623,1.0043586503976623,1.0117919203253576,0.9814944767728707,1.0486259651320948,1.0486259651320948,0.9832463245368843,1.0354215045199839,1.0657960503227590,1.0657960503227590,1.0524538233665270,0.9868072066375222,0.9705400130915250,0.9705400130915250,0.9008145412443650,1.0074439253141751,0.9837780676317219,0.9837780676317219,0.9754707635824410,0.9520958444975266,0.9808015983009083,0.9808015983009083,0.9739633141452871,0.9987171657899354
311,0.9917088118182209,0.9917088118182209,0.9921315789034048,0.9990487752536341,1.0088974687344967,1.0088974687344967,1.0151698441816828,0.9849034391868455,1.0491206965856779,1.0491206965856779,0.9861053265401375,1.0415395091567399,1.0644135569427755,1.0644135569427755,1.0546454520754021,0.9943000479939195,0.9676198411200483,0.9676198411200483,0.9037127848114063,1.0102050729744056,0.9831470142778901,0.9831470142778901,0.9765215864272488,0.9582190918597110,0.9826765447465104,0.9826765447465104,0.9767507675336787,1.0023294156282825
312,0.9946376562741585,0.9946376562741585,0.9929596239197088,1.0028998222148429,1.0159661202426813,1.0159661202426813,1.0200899488020776,0.9915681963487294,1.0477303306040571,1.0477303306040571,0.9871471662531874,1.0444157025716292,1.0619676071166506,1.0619676071166506,1.0529258664730541,0.9983189356305325,0.9636046046592677,0.9636046046592677,0.8983544042630391,1.0117049556540370,0.9778768659985919,0.9778768659985919,0.9726577916594170,0.9573489889808879,0.9832903664995349,0.9832903664995349,0.9808777471337140,1.0052114472197378
313,0.9982032060466042,0.9982032060466042,0.9946854440589533,1.0066723950115588,1.0190763269062826,1.0190763269062826,1.0201878029114728,0.9913404085376574,1.0442160313130890,1.0442160313130890,0.9893116084477407,1.0452363114272898,1.0380398370784725,1.0380398370784725,1.0471939144652271,1.0054030765493081,0.9719479531492012,0.9719479531492012,0.8968041809597379,1.0254425174697508,0.9810236050197263,0.9810236050197263,0.9752120994975653,0.9678634097502166,0.9832345645219872,0.9832345645219872,0.9841065473086009,1.0073943336811904
314,1.0006226862493350,1.0006226862493350,0.9956558547096396,1.0091080005613648,1.0190502845059892,1.0190502845059892,1.0190800943931184,0.9890625304269368,1.0392772466299085,1.0392772466299085,0.9888108792833291,1.0447488210179865,1.0079440196526752,1.0079440196526752,1.0422711792114463,1.0003624378186409,0.9769018163150993,0.9769018163150993,0.9012863483366740,1.0361121374407645,0.9821492677589938,0.9821492677589938,0.9766590017223391,0.9762066392237906,0.9846816958063904,0.9846816958063904,0.9892981792444802,1.0101520728050897
315,1.0024470418909217,1.0024470418909217,0.9957197739740560,1.0114331609907738,1.0181648428960166,1.0181648428960166,1.0172091238214804,0.9859402664648286,1.0354558726436134,1.0354558726436134,0.9917667966087265,1.0456506782751975,0.9779545478714921,0.9779545478714921,1.0341115769414810,0.9992044532453794,0.9803434475671969,0.9803434475671969,0.9052967086213010,1.0253402527415942,0.9808786333033055,0.9808786333033055,0.9801671333734667,0.9806628670517813,0.9858795782577474,0.9858795782577474,0.9940949219503373,1.0128593181140444
316,1.0038503923844500,1.0038503923844500,0.9962688985638156,1.0117906544067954,1.0163493155612828,1.0163493155612828,1.0149780501272680,0.9836741704822670,1.0298773490118345,1.0298773490118345,0.9940281541254239,1.0443669535306990,0.9393510788765647,0.9393510788765647,1.0383599649002233,1.0034617494706053,0.9670983818394274,0.9670983818394274,0.9098125765048305,1.0163068684210874,0.9809042165473797,0.9809042165473797,0.9799650520571576,0.9887458788419690,0.9861027861679381,0.9861027861679381,0.9967275168171515,1.0157219290074442
317,1.0049652763876418,1.0049652763876418,0.9960015998217103,1.0122847509980448,1.0154787553229065,1.0154787553229065,1.0139251399101747,0.9850919532373879,1.0225160861766274,1.0225160861766274,0.9929620855818380,1.0432619752696115,0.9504641987387408,0.9504641987387408,1.0409562019861214,1.0128618595359036,0.9783097563727756,0.9783097563727756,0.9327626214950069,1.0246584878872163,0.9868736401647078,0.9868736401647078,0.9866418187480133,1.0030659832308226,0.9907641113590877,0.9907641113590877,1.0010170978648429,1.0146382540559400
318,1.0061425315238794,1.0061425315238794,0.9960364648750284,1.0126945605237283,1.0138232027328316,1.0138232027328316,1.0127430622686797,0.9861955459082714,1.0124764496099548,1.0124764496099548,0.9915245083033660,1.0389964341882079,0.9591313687747919,0.9591313687747919,1.0343475984947443,1.0097625478839394,0.9888432338413168,0.9888432338413168,0.9529829254511093,1.0214882813143593,0.9883233573289161,0.9883233573289161,0.9887192146796718,1.0143447934450984,0.9940750286935836,0.9940750286935836,1.0033941761710548,1.0144285105169393
319,1.0069195718897404,1.0069195718897404,0.9958011257651315,1.0124765767334711,1.0113380136762700,1.0113380136762700,1.0106842118070030,0.9867335964275278,1.0078191500641576,1.0078191500641576,0.9920333137446229,1.0390776825897585,0.9675326746993078,0.9675326746993078,1.0293911458762117,1.0125553342076874,0.9999503165185409,0.9999503165185409,0.9630930774291605,1.0222041344114561,0.9943439474343927,0.9943439474343927,0.9958243937611031,1.0268352422476419,0.9944619224045808,0.9944619224045808,1.0014623161143779,1.0114571437144280
320,1.0070884937084057,1.0070884937084057,0.9949004452210813,1.0125434250958167,1.0084435869008133,1.0084435869008133,1.0090011211254040,0.9879628651321063,1.0035286341822236,1.0035286341822236,0.9939150862495890,1.0382976979348733,0.9801878064083887,0.9801878064083887,1.0299306237122425,1.0181749652249854,1.0008889432236585,1.0008889432236585,0.9743153461247974,1.0309648127902116,0.9884598012973121,0.9884598012973121,0.9973278787544435,1.0278842447837930,0.9971329770631965,0.9971329770631965,1.0022598375005010,1.0088974957106962
321,1.0074523253178391,1.0074523253178391,0.9942089549969396,1.0127962862925148,1.0080083067816250,1.0080083067816250,1.0094473358642466,0.9896869832193584,0.9960138339993529,0.9960138339993529,0.9929459330281473,1.0376314610421589,1.0033179841119608,1.0033179841119608,1.0306049710072809,1.0265533241962295,1.0098058969222750,1.0098058969222750,0.9839536910105396,1.0302148714503960,0.9761286776535172,0.9761286776535172,0.9886949649217147,1.0236963664417944,0.9985838284794362,0.9985838284794362,1.0037309934554854,1.0063339635673532
322,1.0085750057126617,1.0085750057126617,0.9940259134670199,1.0129183572150589,1.0088825873629004,1.0088825873629004,1.0114044180521522,0.9929427779672676,0.9919962734021542,0.9919962734021542,0.9971536732645735,1.0395895475195269,1.0173556092010252,1.0173556092010252,1.0252776273764772,1.0288011766031488,1.0264925939021421,1.0264925939021421,0.9948389546402414,1.0358394314990134,0.9719330256253380,0.9719330256253380,0.9914513540761721,1.0244526240841361,1.0028843008824442,1.0028843008824442,1.0064061744157333,1.0059766227231295
323,1.0093416508896815,1.0093416508896815,0.9942351037869283,1.0139181761997047,1.0094034353687666,1.0094034353687666,1.0117214653665929,0.9962064274672826,0.9858206600850167,0.9858206600850167,0.9992454289675187,1.0392970532739449,1.0236831750555657,1.0236831750555657,1.0204560442169521,1.0303678616140317,1.0424492478891401,1.0424492478891401,1.0132731317468882,1.0360780491980457,0.9734083260336206,0.9734083260336206,0.9977724576503237,1.0306083986567436,1.0038478150281009,1.0038478150281009,1.0085741937178156,1.0021080196704482
324,1.0097964404014732,1.0097964404014732,0.9936917900393883,1.0143047341210940,1.0087151719324434,1.0087151719324434,1.0115648987915604,0.9990262834733125,0.9800288901370381,0.9800288901370381,1.0030735841922136,1.0386470660615406,1.0240553848117151,1.0240553848117151,1.0145217880206137,1.0255315731021755,1.0457865872851135,1.0457865872851135,1.0053198121908211,1.0385324026738059,0.9738858799230068,0.9738858799230068,0.9999630191191154,1.0368373594528038,1.0063291429630545,1.0063291429630545,1.0100608355249578,1.0010826068131111
325,1.0100043441782922,1.0100043441782922,0.9936772629338392,1.0144006469888072,1.0078780947801584,1.0078780947801584,1.0111930531758584,1.0019286143764545,0.9693324549164709,0.9693324549164709,1.0006668536922998,1.0384358202175092,1.0305956419554838,1.0305956419554838,1.0127347676887617,1.0198097669754720,1.0331151267660270,1.0331151267660270,1.0092964719688546,1.0222382226541749,0.9705856414374269,0.9705856414374269,1.0023879949148258,1.0351215491029753,1.0073707798772777,1.0073707798772777,1.0107034983895036,0.9991483052867705
326,1.0100459249336560,1.0100459249336560,0.9939852375714820,1.0143134534727043,1.0065834154512909,1.0065834154512909,1.0105433018894738,1.0032010842176156,0.9727699855336069,0.9727699855336069,0.9988577676789420,1.0418888772834074,1.0444737485776270,1.0444737485776270,1.0128022024182655,1.0359874926313297,1.0226859411536100,1.0226859411536100,1.0172497915249217,1.0245562231590597,0.9791816114463793,0.9791816114463793,1.0026628255050063,1.0342189190137290,1.0080478438715230,1.0080478438715230,1.0109435290979485,0.9969149250103732
327,1.0094871835334549,1.0094871835334549,0.9940259134670199,1.0137786665739401,1.0037819972483104,1.0037819972483104,1.0079247259220558,1.0043321685208699,0.9695115818220784,0.9695115818220784,0.9958937740766992,1.0351777593153324,1.0464411430029883,1.0464411430029883,1.0119592682994676,1.0301635113952210,1.0242503189954726,1.0242503189954726,1.0221363649809798,1.0283059298581378,0.9845796759460489,0.9845796759460489,0.9973682950177054,1.0345685865257792,1.0091415626314575,1.0091415626314575,1.0121591684923303,0.9952175560003111
328,1.0083255211804787,1.0083255211804787,0.9937179388293769,1.0129183572150589,1.0019962326567691,1.0019962326567691,1.0064060301442410,1.0078628795924867,0.9704072163501164,0.9704072163501164,0.9925178903553438,1.0280685241796597,1.0290536301085791,1.0290536301085791,0.9985397571282021,1.0303338032442300,1.0213822929520577,1.0213822929520577,1.0255738166535171,1.0284763710717324,0.9894916588083075,0.9894916588083075,0.9948382369375143,1.0335602430026574,1.0093052484322642,1.0093052484322642,1.0122482121422374,0.9928132735810243
329,1.0072236311633382,1.0072236311633382,0.9936423978805210,1.0125928347549416,0.9980229064405894,0.9980229064405894,1.0031298745616870,1.0080160472585524,0.9763013445298707,0.9763013445298707,0.9929055516439205,1.0297422412516009,1.0219816447417396,1.0219816447417396,0.9886942866206405,1.0322070135833292,0.9995852950221064,0.9995852950221064,1.0240235933502160,1.0275900767610411,0.9960665525353931,0.9960665525353931,0.9932135031543883,1.0341701281980940,1.0076646702923622,1.0076646702923622,1.0100685784510366,0.9894884500739006
330,1.0070079309948885,1.0070079309948885,0.9942786851035759,1.0123632251625374,0.9967765915694095,0.9967765915694095,1.0027736856034881,1.0116292332272814,0.9854794659790974,0.9854794659790974,0.9973151988014805,1.0311559634385803,1.0029457743558112,1.0029457743558112,0.9794220113138618,1.0320026633645185,0.9778925889482790,0.9778925889482790,1.0231473801787849,1.0174658686735298,1.0032639718682859,1.0032639718682859,0.9927931740164652,1.0360323109948273,1.0084905395600681,1.0084905395600681,1.0098440335947496,0.9898807481746243
331,1.0066700873575576,1.0066700873575576,0.9952432849120424,1.0122353413389200,0.9957274548718790,0.9957274548718790,1.0033177544517260,1.0153484583494405,0.9927298407298806,0.9927298407298806,0.9951588328837726,1.0292872502029178,0.9916731360267141,0.9916731360267141,0.9662048043311079,1.0255315731021755,0.9629788535225227,0.9629788535225227,1.0256075171601107,1.0147047210132996,1.0078177893135047,1.0078177893135047,0.9932700859229550,1.0371544997544309,1.0115261671386619,1.0115261671386619,1.0118223512078997,0.9899079371519022
332,1.0061425315238794,1.0061425315238794,0.9957343010796051,1.0125376121947431,0.9944550976004057,0.9944550976004057,1.0036465442592941,1.0174024760251419,0.9894373176077602,0.9894373176077602,0.9884716756558245,1.0196755642994884,0.9863026809737008,0.9863026809737008,0.9558535733522675,1.0251909894041573,0.9581292822127487,0.9581292822127487,1.0352458620458529,1.0168522803045899,1.0126018559553920,1.0126018559553920,0.9898427867983509,1.0376911987264152,1.0141637406107489,1.0141637406107489,1.0143117019422550,0.9908168258209057
333,1.0050562342900002,1.0050562342900002,0.9954640969163902,1.0122644058442876,0.9908091615593421,0.9908091615593421,1.0014898396882221,1.0175949174517374,0.9881663695632111,0.9881663695632111,0.9863718436760340,1.0084389103650482,0.9802409792306956,0.9802409792306956,0.9350162419355790,1.0260424486492026,0.9519760627014228,0.9519760627014228,1.0450864099711561,1.0197838691784147,1.0221699892391665,1.0221699892391665,0.9894709571763420,1.0423507216195516,1.0150416917241658,1.0150416917241658,1.0150821230871021,0.9896049742622344
334,1.0039673382589107,1.0039673382589107,0.9959667347683923,1.0117092737917661,0.9861624532784354,0.9861624532784354,0.9973212546279829,1.0184471580552310,0.9810780620127396,0.9810780620127396,0.9774152526545431,0.9948948018265724,0.9723182287069434,0.9723182287069434,0.9151229967319444,1.0184814905532016,0.9433719845711788,0.9433719845711788,1.0504110900129298,1.0102050729744056,1.0285487447616828,1.0285487447616828,0.9909016928958111,1.0431232428671047,1.0157410765094301,1.0157410765094301,1.0156047705974256,0.9887737683854535
335,1.0026445504788999,1.0026445504788999,0.9956064625507722,1.0113575932768180,0.9848417315492746,0.9848417315492746,0.9943817171817486,1.0151717264270570,0.9817519203719300,0.9817519203719300,0.9774394814850792,0.9874524482445425,0.9774228196484214,0.9774228196484214,0.9063227645316925,1.0260083902794006,0.9865488130065850,0.9865488130065850,1.0409412476601549,0.9991945705762030,1.0333413391515949,1.0333413391515949,0.9890102117751570,1.0432370881035862,1.0175006988681004,1.0175006988681004,1.0179353913471640,0.9905643567461825
336,1.0006408778298068,1.0006408778298068,0.9951735548054063,1.0093463295053793,0.9846743161188176,0.9846743161188176,0.9896651491088959,1.0125560939757814,0.9835346595753579,0.9835346595753579,0.9722464354735205,0.9807088309158473,0.9730094753969352,0.9730094753969352,0.9024452675852214,1.0320026633645185,1.0117874421886341,1.0117874421886341,1.0551965619492072,0.9980014820810417,1.0358826080629715,1.0358826080629715,0.9867145680218846,1.0434647785765492,1.0187692638243508,1.0187692638243508,1.0203163411164151,0.9924132072010783
337,0.9986709895444469,0.9986709895444469,0.9946941603222827,1.0068758465491321,0.9829480770136609,0.9829480770136609,0.9849211818854126,1.0092492433391838,0.9821016443304973,0.9821016443304973,0.9727633171916228,0.9703984087590832,0.9679048844554572,0.9679048844554572,0.9001862041468425,1.0242373550497068,1.0420842263927055,1.0420842263927055,1.0543540492843697,1.0026033948480924,1.0420652253809186,1.0420652253809186,0.9883473850576630,1.0447089443752400,1.0188734275157734,1.0188734275157734,1.0219462270560162,0.9929103770713025
338,0.9952769603878768,0.9952769603878768,0.9930525973952238,1.0033125381910628,0.9839451289106048,0.9839451289106048,0.9821577818360897,1.0072894826887535,0.9790138376719284,0.9790138376719284,0.9688867043058558,0.9587311382964250,0.9584932949071071,0.9584932949071071,0.8971853586839214,1.0136792604111469,1.0549642706240405,1.0549642706240405,1.0468051358074248,0.9945244813237146,1.0481710929666428,1.0481710929666428,0.9890425447857666,1.0461157462260473,1.0172254091121984,1.0172254091121984,1.0213771219892196,0.9930502060973030
339,0.9921376133579101,0.9921376133579101,0.9921344843245146,0.9997230717781627,0.9836326201070851,0.9836326201070851,0.9789638237054277,1.0047955988951200,0.9787238226818971,0.9787238226818971,0.9693470520860406,0.9539049832443227,0.9629066391585933,0.9629066391585933,0.9011640077246482,1.0189923661002287,1.0545992491276059,1.0545992491276059,1.0456930190898390,0.9899907450421017,1.0500557252801135,1.0500557252801135,0.9904086144840167,1.0441071909824091,1.0117307743896700,1.0117307743896700,1.0192245885392950,0.9880396659989508
340,0.9881926391927697,0.9881926391927697,0.9903505557630734,0.9958603990148069,0.9815380670549231,0.9815380670549231,0.9750300885077373,1.0003105354426325,0.9851382718731782,0.9851382718731782,0.9734174956160959,0.9498913122077258,0.9659906628524030,0.9659906628524030,0.8949600126102943,1.0126234509472909,1.0579365885235794,1.0579365885235794,1.0450190089579690,0.9834798906827932,1.0493052834539351,1.0493052834539351,0.9877896406246496,1.0397566765882942,1.0062361396671415,1.0062361396671415,1.0140484424555736,0.9842176726216030
341,0.9845023471542326,0.9845023471542326,0.9877356767642183,0.9919105327353485,0.9811734734508166,0.9811734734508166,0.9723645425678097,0.9961632263307000,0.9835517192806539,0.9835517192806539,0.9760745906982154,0.9378096748971598,0.9680112301000713,0.9680112301000713,0.8957355119995887,1.0107842989779934,1.0470902354866658,1.0470902354866658,1.0445809023722534,0.9766963303817333,1.0441289404029090,1.0441289404029090,0.9839824286253843,1.0319420142840985,0.9986619512480029,0.9986619512480029,1.0099446916337749,0.9779370188704126
342,0.9809134082068948,0.9809134082068948,0.9863817505270333,0.9880943631805809,0.9809948969916625,0.9809948969916625,0.9688848504377134,0.9944548177476596,0.9874839813513727,0.9874839813513727,0.9741928181932493,0.9320085390264510,0.9779545478714921,0.9779545478714921,0.9002199215115944,1.0073444036280110,1.0419799345365814,1.0419799345365814,1.0430306790689523,0.9591408853815032,1.0250182570794344,1.0250182570794344,0.9649382853764058,1.0120760205180739,0.9884278685657581,0.9884278685657581,0.9989923226952196,0.9699745326676048
343,0.9777714623797177,0.9777714623797177,0.9853154609797223,0.9843305097354750,0.9797597431491798,0.9797597431491798,0.9663836994015700,0.9914307381868755,0.9962014907576086,0.9962014907576086,0.9809607381896509,0.9351203528058368,0.9805068433422310,0.9805068433422310,0.9028498759622444,1.0016566558711095,0.9703835753073388,0.9703835753073388,0.9977034977006892,0.8995546371088776,0.9997420119340623,0.9997420119340623,0.9452636484205426,0.9875830310693363,0.9786476419675678,0.9786476419675678,0.9914429697683259,0.9621712961888531
344,0.9809809769343609,0.9809809769343609,0.9884300724094698,0.9859261510801569,0.9902845932105768,0.9902845932105768,0.9722666884584145,0.9995093507278273,1.0203750931619844,1.0203750931619844,1.0062556372692806,0.9550830850668056,1.0423468356853447,1.0423468356853447,0.9588207014504367,1.0421179991956548,0.9715829316527667,0.9715829316527667,1.0063308273886262,0.8988728722544997,0.9860890873464304,0.9860890873464304,0.9392497084471809,0.9768571834322564,0.9789303719871427,0.9789303719871427,0.9923992211390658,0.9664477339007026
345,0.9851416512679509,0.9851416512679509,0.9921635385356130,0.9878502213354929,0.9986628054192251,0.9986628054192251,0.9790460211573198,1.0063822588205185,1.0390725301663570,1.0390725301663570,1.0253883371159098,0.9683834484006297,1.0523433262790722,1.0523433262790722,0.9741283850478097,1.0465115289000877,0.9650125447169440,0.9650125447169440,1.0152277611293115,0.8987706075263431,0.9807421893349094,0.9807421893349094,0.9427740066036133,0.9717178841853764,0.9803291415576713,0.9803291415576713,0.9960383963961326,0.9690462233005457
346,0.9884707104942650,0.9884707104942650,0.9953362583875572,0.9901899140175857,1.0044404979414412,1.0044404979414412,0.9816019704947245,1.0112443503740907,1.0492657040806934,1.0492657040806934,1.0351364032682449,0.9812044461653057,1.0534599555475206,1.0534599555475206,0.9758816880149098,1.0564225145124133,0.9715829316527667,0.9715829316527667,1.0214286543425162,0.9019749023419190,0.9769814524559927,0.9769814524559927,0.9454495632315471,0.9696117473104684,0.9822152483987829,0.9822152483987829,0.9997704867661457,0.9729497836097271
347,0.9919193143922501,0.9919193143922501,0.9991772250947645,0.9916315134838193,1.0086072819883711,1.0086072819883711,0.9874027620996769,1.0124422000702455,1.0483785994053034,1.0483785994053034,1.0368566502363039,0.9866562139093472,1.0580859910882350,1.0580859910882350,0.9863340710880060,1.0605095188886300,0.9700706997389662,0.9700706997389662,1.0214960553557031,0.9065427268662507,0.9771690629125372,0.9771690629125372,0.9526032418288926,0.9700752600590004,0.9827211863285485,0.9827211863285485,1.0029063718280862,0.9765659175876852
348,0.9949962902891711,0.9949962902891711,1.0030036646964224,0.9927504969404725,1.0158731116702051,1.0158731116702051,0.9906123768878423,1.0186553089860382,1.0460840690429969,1.0460840690429969,1.0395702792563408,0.9901173958154004,1.0563844607744091,1.0563844607744091,0.9949994338292502,1.0564565728822151,0.9678805707603587,0.9678805707603587,1.0261804257722003,0.9078721683322876,0.9809894940276273,0.9809894940276273,0.9614301537252782,0.9730758952205488,0.9827211863285485,0.9827211863285485,1.0036225924903812,0.9809627636274796
349,0.9982006072493939,0.9982006072493939,1.0067196982959068,0.9939159836057136,1.0182950548974832,1.0182950548974832,0.9894107284244682,1.0195664602303265,1.0426721279838047,1.0426721279838047,1.0411209244106476,0.9915148683220697,1.0431444280199504,1.0431444280199504,1.0022486672509137,1.0591471840965578,0.9758067518257956,0.9758067518257956,1.0210916492765811,0.9022135200409512,0.9810662437598501,0.9810662437598501,0.9690688274817657,0.9736939122185914,0.9850127875398400,0.9850127875398400,1.0080670320596501,0.9863228762908332
350,1.0003550101366807,1.0003550101366807,1.0091718737126110,0.9948518606785508,1.0181090377525310,1.0181090377525310,0.9859232079656203,1.0195271864697968,1.0394649033881642,1.0394649033881642,1.0425342728585836,0.9941310668519973,1.0153350419533569,1.0153350419533569,1.0080817713529964,1.0519949264381785,0.9811777824161904,0.9811777824161904,1.0319095118930959,0.8991796664389697,0.9804948846421915,0.9804948846421915,0.9740157781050148,0.9735638033768982,0.9850425485945321,0.9850425485945321,1.0107576988720557,0.9906459236780161
351,1.0022313417224722,1.0022313417224722,1.0113044528072328,0.9950553122161241,1.0171901130564669,1.0171901130564669,0.9835551385182544,1.0182547166286355,1.0336731334401856,1.0336731334401856,1.0457567073198775,0.9950897979902937,0.9814639541437581,0.9814639541437581,1.0097676395905926,1.0420839408258531,0.9765889407467269,0.9765889407467269,1.0284046592073715,0.8966571364777717,0.9819275463103503,0.9819275463103503,0.9840470946466032,0.9784591485456033,0.9856600904793932,0.9856600904793932,1.0119423665621221,0.9947087337112537
352,1.0038347996011885,1.0038347996011885,1.0123474989856649,0.9957150764879689,1.0158098658409214,1.0158098658409214,0.9814532322484437,1.0165423806695424,1.0321292301109011,1.0321292301109011,1.0447633252678996,0.9985509798963469,0.9339274510012443,0.9339274510012443,1.0183655676023329,1.0357490840427170,0.9717915153650151,0.9717915153650151,1.0208557457304266,0.9044974323031172,0.9833005137423357,0.9833005137423357,0.9905621962844117,0.9820290098895595,0.9864338779013877,0.9864338779013877,1.0130805766957154,0.9989463300269918
353,1.0049808691709032,1.0049808691709032,1.0125654055689028,0.9957383280922630,1.0159437981852870,1.0159437981852870,0.9828153614512261,1.0167858779848262,1.0253394674031089,1.0253394674031089,1.0456840208282692,0.9983884830932458,0.9448810523964992,0.9448810523964992,1.0180283939548136,1.0369751853555822,0.9783097563727756,0.9783097563727756,1.0259782227326393,0.9226323774295684,0.9867371961963117,0.9867371961963117,1.0013614218279752,0.9882417070804079,0.9918206288006572,0.9918206288006572,1.0151943955152456,1.0019992637613366
354,1.0060359808382597,1.0060359808382597,1.0123039176690174,0.9963515891555196,1.0158098658409214,1.0158098658409214,0.9851638600767129,1.0168015874890382,1.0165878385862812,1.0165878385862812,1.0431157647914486,0.9965278946977383,0.9516871736518031,0.9516871736518031,1.0137462886313193,1.0255656314719772,0.9865488130065850,0.9865488130065850,1.0263152277985743,0.9458805589638537,0.9864984192516186,0.9864984192516186,1.0086929319836726,0.9899168584172074,0.9947260517649732,0.9947260517649732,1.0152873106281921,1.0028188172192842
355,1.0068130212041206,1.0068130212041206,1.0122022279301730,0.9958051764546085,1.0123201842016176,1.0123201842016176,0.9863263668963288,1.0138835470816840,1.0056269779336267,1.0056269779336267,1.0409109412126687,0.9918073625676517,0.9650335520508758,0.9650335520508758,1.0082840755415079,1.0206271678507153,0.9928584703020974,0.9928584703020974,1.0287079637667131,0.9636064451776782,0.9898412964773223,0.9898412964773223,1.0177057586910627,0.9964548277122888,0.9969767315260630,0.9969767315260630,1.0133825508127912,1.0040811625929003
356,1.0069195718897404,1.0069195718897404,1.0121034436124385,0.9947908252172788,1.0101103005195851,1.0101103005195851,0.9872696805108994,1.0120258982086310,1.0046631045844050,1.0046631045844050,1.0433015191588917,0.9939523203685861,0.9723714015292504,0.9723714015292504,1.0115209425576925,1.0110908243062098,0.9954657667052016,0.9954657667052016,1.0291797708590220,0.9796279192555581,0.9833346247344347,0.9833346247344347,1.0226042097983976,0.9926572758953697,0.9974752291921556,0.9974752291921556,1.0098672623729863,1.0033392919271751
357,1.0072054395828665,1.0072054395828665,1.0122458092468205,0.9942560383185147,1.0075953487198310,1.0075953487198310,0.9888588312474788,1.0093238634841901,0.9959455951781692,0.9959455951781692,1.0398287201153920,0.9914823689614495,0.9875256558867632,0.9875256558867632,1.0094304659430733,1.0103415401705700,1.0171584727790290,1.0171584727790290,1.0253042126007692,0.9894794214013184,0.9779536157308146,0.9779536157308146,1.0227335418408354,0.9931451840517190,0.9978584027713163,0.9978584027713163,1.0068397782761498,1.0019720747840588
358,1.0082605512502230,1.0082605512502230,1.0132249361608363,0.9941136222422134,1.0085105530729961,1.0085105530729961,0.9939276741141545,1.0112561325022495,0.9881748994158591,0.9881748994158591,1.0391503128603827,0.9936029522419187,1.0214499165186690,1.0214499165186690,1.0261205614952751,1.0312874375986805,1.0243024649235346,1.0243024649235346,1.0219341619414188,1.0029442772752812,0.9756852347562300,0.9756852347562300,1.0234448680742438,0.9969589994738498,1.0016678177719047,1.0016678177719047,1.0068204209609526,1.0053240872684603
359,1.0090505856021350,1.0090505856021350,1.0137914932772549,0.9943025415271030,1.0100172919471091,1.0100172919471091,0.9975835036411623,1.0123872168055039,0.9835773088385978,0.9835773088385978,1.0392391519056816,0.9973647532337089,1.0344772579838994,1.0344772579838994,1.0350219457897829,1.0300953946556173,1.0398940974140980,1.0398940974140980,1.0257423191864847,1.0042055422558802,0.9738602966789326,0.9738602966789326,1.0305742969136322,0.9979022885761252,1.0041975074207330,1.0041975074207330,1.0046253014175943,1.0075730041033022
360,1.0095729438413927,1.0095729438413927,1.0140936570726782,0.9944682092076983,1.0081385187830916,1.0081385187830916,0.9993918475827872,1.0109851435545949,0.9760198593924874,0.9760198593924874,1.0374785235533956,0.9984941060152615,1.0345304308062064,1.0345304308062064,1.0318525135031020,1.0233177790650581,1.0425535397452643,1.0425535397452643,1.0281350551546236,1.0109209260715022,0.9751224033865962,0.9751224033865962,1.0372429803518357,0.9999677664380041,1.0055702360684060,1.0055702360684060,1.0031115593691762,1.0085285024476391
