1,0.962267904264953,0.962267904264953,0.93264465973767,1.00617968392147,0.956850723866369,0.956850723866369,0.93687392718177,0.95497974383437,0.881960957614275,0.881960957614275,0.879870641661738,0.913317369405468,0.714034647591013,0.714034647591013,0.734588433734822,1.15202209734383,0.898500546088666,0.898500546088666,0.459068523295744,1.23396767199101,0.941374295296912,0.941374295296912,0.847037422990515,1.03598242955963,0.931230410970667,0.931230410970667,0.910716077919258,1.00213994273008
2,0.964003196853695,0.964003196853695,0.935914533811228,1.00703951400571,0.967057273368296,0.967057273368296,0.949134058318261,0.959066003590935,0.911104869222868,0.911104869222868,0.90826561632218,0.944340543508073,0.845507671040914,0.845507671040914,0.841667035371019,1.1874365706,0.903036085355464,0.903036085355464,0.43093522767152,1.24422217029049,0.94265150108881,0.94265150108881,0.856778595799598,1.03699282375476,0.935868738194516,0.935868738194516,0.90967622270645,1.00739342352336
3,0.966319539965993,0.966319539965993,0.939661539499997,1.00769117345868,0.975102983601882,0.975102983601882,0.959224790270321,0.961187348203805,0.93148325334095,0.93148325334095,0.928425243148059,0.967565908358264,0.925756294765187,0.925756294765187,0.918707833438603,1.19178261710226,0.936635954126556,0.936635954126556,0.430015424616192,1.26368459134964,0.95017782232675,0.95017782232675,0.872921666412138,1.04116602849853,0.94209884532704,0.94209884532704,0.910566810625534,1.01313785413616
4,0.96895202347976,0.96895202347976,0.943828395831702,1.00851594778172,0.982603762047496,0.982603762047496,0.968464076409288,0.963359008711618,0.948445626637279,0.948445626637279,0.945665966779401,0.987929444586482,0.991457735752071,0.991457735752071,0.982335638227861,1.18140699133831,0.972567849995141,0.972567849995141,0.438069553686025,1.28177659679471,0.957889131310942,0.957889131310942,0.888849479971984,1.04509392658352,0.948522259064889,0.948522259064889,0.911390380576007,1.01868456040062
5,0.971448939555295,0.971448939555295,0.947980813896358,1.00937449917658,0.989780855990816,0.989780855990816,0.977140110618151,0.965570339330287,0.963854506281,0.963854506281,0.960803293109014,1.00642788965888,1.04503187492813,1.04503187492813,1.03630803138816,1.16281867182515,1.00960090327635,1.00960090327635,0.451182205020677,1.30033992863635,0.96532625672263,0.96532625672263,0.903759583964602,1.04887115437317,0.9548043590085,0.9548043590085,0.912402189084083,1.02392559480066
6,0.973794790574032,0.973794790574032,0.952442317097467,1.01048503106811,0.997084984154889,0.997084984154889,0.986096896835244,0.968163223324927,0.977938897588574,0.977938897588574,0.974890096446751,1.02264300719059,1.09047637790179,1.09047637790179,1.08451732857221,1.1471274545368,1.04679519888982,1.04679519888982,0.466363558394265,1.31824009688994,0.972167416150652,0.972167416150652,0.917450530931698,1.05261110291449,0.961223572069304,0.961223572069304,0.914508081686309,1.02909672983611
7,0.976219139601498,0.976219139601498,0.956505253313606,1.01124439551127,1.00337585659026,1.00337585659026,0.994057769528189,0.969920625125056,0.98983101595225,0.98983101595225,0.986414938128406,1.03677858277414,1.12912074447065,1.12912074447065,1.12547331392217,1.1277103430907,1.08284004421392,1.08284004421392,0.483734342889543,1.33655884287323,0.978743246222101,0.978743246222101,0.930681330705424,1.05521915452537,0.967420702629338,0.967420702629338,0.916658250266229,1.03366182530187
8,0.978800337749562,0.978800337749562,0.960836241662022,1.01227324865956,1.00979424110229,1.00979424110229,1.00175330363322,0.972147765527557,1.0016187601678,1.0016187601678,0.998323331386088,1.05007286904609,1.16159943616881,1.16159943616881,1.1626651516382,1.10811656948052,1.11698789744589,1.11698789744589,0.502610164011241,1.35417164898638,0.985610255206698,0.985610255206698,0.943631220313085,1.05833427294921,0.973413811084521,0.973413811084521,0.919331826029686,1.03811826427979
9,0.981068076363824,0.981068076363824,0.964776924704162,1.01294906550577,1.01523701990115,1.01523701990115,1.00868611178438,0.973457885503687,1.01101379980839,1.01101379980839,1.0077152982675,1.06057579729067,1.18935752681704,1.18935752681704,1.19552554065349,1.08612475115355,1.14701449245284,1.14701449245284,0.522135397127106,1.36732128804695,0.99075514890496,0.99075514890496,0.95468568554951,1.05963927675963,0.978954680182887,0.978954680182887,0.921713169835971,1.04188151267711
10,0.98370840049741,0.98370840049741,0.968926234803976,1.01386291529832,1.02087843585612,1.02087843585612,1.01523175706333,0.975071119023776,1.02022848662388,1.02022848662388,1.0169570675446,1.0705370939351,1.21405210878898,1.21405210878898,1.22696189893538,1.0647473187503,1.17154328269034,1.17154328269034,0.541512809448836,1.37633973549575,0.995511705011911,0.995511705011911,0.965276551193966,1.060689884218,0.984418956098011,0.984418956098011,0.924495912408016,1.04551546563069
11,0.985787707166509,0.985787707166509,0.972710418046866,1.01447837800573,1.02532553899366,1.02532553899366,1.02105673225002,0.97611106912611,1.02773403933821,1.02773403933821,1.02473063946855,1.0790583019031,1.23255750255447,1.23255750255447,1.25355282324445,1.04219484705693,1.1898810059526,1.1898810059526,0.559613755019776,1.37903332911176,0.99861489971059,0.99861489971059,0.97428898019862,1.06040764348912,0.989061257615112,0.989061257615112,0.926833715543471,1.04836440303075
12,0.988151093997723,0.988151093997723,0.97660991071952,1.01513259483747,1.02992311644178,1.02992311644178,1.02690141119053,0.977211663122875,1.03495254829401,1.03495254829401,1.03180495236641,1.08670106437944,1.24975053336028,1.24975053336028,1.27809122077714,1.0202709152292,1.20017577010675,1.20017577010675,0.576896951749134,1.37540233132618,0.999805464919759,0.999805464919759,0.981207471912552,1.05833018834021,0.993133977509445,0.993133977509445,0.92889183946039,1.05057552842266
13,0.990371238029851,0.990371238029851,0.980175808608929,1.01584303465768,1.03376522884872,1.03376522884872,1.03188974486303,0.978104929150422,1.04129388669134,1.04129388669134,1.03849387851323,1.09288607752586,1.26127685025061,1.26127685025061,1.29919403254374,0.999015363992567,1.19659690873704,1.19659690873704,0.591653780635647,1.36213171149232,0.998496170023147,0.998496170023147,0.985841396393081,1.05418137619104,0.996205200658039,0.996205200658039,0.930341496945994,1.05179430340651
14,0.992584569720169,0.992584569720169,0.983739680419993,1.01645531047771,1.03751310304043,1.03751310304043,1.03675289084164,0.978945310524179,1.04732358776309,1.04732358776309,1.04464010900157,1.09871782026274,1.272932291222,1.272932291222,1.31865613608614,0.979287914264174,1.18662103721525,1.18662103721525,0.602329493077644,1.34569249760938,0.996038917117513,0.996038917117513,0.989463537923978,1.04899300228669,0.998905883845275,0.998905883845275,0.931829390388611,1.05256663624288
15,0.994532403700965,0.994532403700965,0.987086584812035,1.01676416314364,1.04072653312385,1.04072653312385,1.04104963334888,0.979432712653882,1.05253665171799,1.05253665171799,1.04995580810175,1.10340649440457,1.28221527646944,1.28221527646944,1.33590471491052,0.959955988579682,1.16854154115341,1.16854154115341,0.609267338428056,1.32547479961854,0.992417007983554,0.992417007983554,0.991990003219271,1.04233739080605,1.00102551529757,1.00102551529757,0.933077311183435,1.05260289883585
16,0.996531835203288,0.996531835203288,0.990325772650446,1.01709453713547,1.04362576037221,1.04362576037221,1.04532717528957,0.980034040562558,1.05727299254329,1.05727299254329,1.05528590185587,1.10793094740488,1.29064540513208,1.29064540513208,1.35125204724298,0.941586793056388,1.14540805585051,1.14540805585051,0.614515502672542,1.30104796795591,0.987917640108462,0.987917640108462,0.994172034214262,1.03532797164448,1.00280695451713,1.00280695451713,0.934417171597423,1.05224972586305
17,0.998309893139943,0.998309893139943,0.993291243205476,1.01707458958112,1.04600746967156,1.04600746967156,1.04889760671053,0.980352010536551,1.06110608412429,1.06110608412429,1.05953284091256,1.11129363904054,1.29663174100131,1.29663174100131,1.36616024652745,0.924436147089154,1.11823153880063,1.11823153880063,0.617872244620525,1.27376431048424,0.982796218996056,0.982796218996056,0.995794834176071,1.02732846627337,1.00409673844617,1.00409673844617,0.935674336249987,1.05139806696342
18,0.999942596635173,0.999942596635173,0.996017892234274,1.01701498298381,1.0482952174091,1.0482952174091,1.05235566847099,0.980649483403867,1.06503541140247,1.06503541140247,1.06376314869577,1.11445782034381,1.30418669533676,1.30418669533676,1.38018335109196,0.908179820563794,1.09544568238733,1.09544568238733,0.623747463621631,1.24825626236624,0.978408925290392,0.978408925290392,0.997980490189592,1.02018805197531,1.00557955228922,1.00557955228922,0.93722901131258,1.05051768157811
19,1.00115870063987,1.00115870063987,0.99845233355595,1.01653850397607,1.04991230695409,1.04991230695409,1.05515826261483,0.980552426690726,1.06779666305482,1.06779666305482,1.06716871736192,1.1166498056085,1.30935205711034,1.30935205711034,1.39215445415885,0.892778234864916,1.07488808325373,1.07488808325373,0.62737170334121,1.22619341075944,0.974488349785518,0.974488349785518,1.00025136290855,1.01362828498189,1.00669801399459,1.00669801399459,0.938701332006221,1.04945369876338
20,1.00236518290034,1.00236518290034,1.00087615271931,1.01620167752091,1.05150668576826,1.05150668576826,1.05799237217136,0.98064667630657,1.07053415280663,1.07053415280663,1.07087341955388,1.11871294837843,1.31479957891291,1.31479957891291,1.40515799263944,0.8786685895321,1.06065086425291,1.06065086425291,0.633658032486862,1.20880996949629,0.971880159239191,0.971880159239191,1.00336134110718,1.00913820662731,1.00814455612329,1.00814455612329,0.94055005103219,1.04903464393267
21,1.00308369215918,1.00308369215918,1.00281359505558,1.01549226065219,1.05228576695144,1.05228576695144,1.05991094574783,0.980228789558039,1.07270979242015,1.07270979242015,1.07358185111504,1.11972207123794,1.31769291480337,1.31769291480337,1.41466921524725,0.863811668487447,1.049228601117,1.049228601117,0.640318648091688,1.19407367153057,0.969691444600602,0.969691444600602,1.00629674301661,1.0049848496315,1.00924578750665,1.00924578750665,0.942194013357038,1.04807354079879
22,1.00384123925815,1.00384123925815,1.00485192822523,1.01483031266774,1.05316087202194,1.05316087202194,1.06215746500094,0.979980467375468,1.07447910353442,1.07447910353442,1.07627818199101,1.1206353793183,1.32183524720632,1.32183524720632,1.42470597926001,0.851682264474491,1.04056701424899,1.04056701424899,0.646136527354143,1.18275212805935,0.968191457228012,0.968191457228012,1.0099714185462,1.00217613441231,1.01063837483138,1.01063837483138,0.944188585751998,1.04753235901667
23,1.00418830144832,1.00418830144832,1.00640968741355,1.01385864644301,1.0532952501335,1.0532952501335,1.06354904261366,0.979407422296161,1.07559044762272,1.07559044762272,1.07849822760399,1.12096370692178,1.32309022168552,1.32309022168552,1.4328102426943,0.838850405565807,1.03510433157171,1.03510433157171,0.653665392854777,1.17283222951244,0.966957155757602,0.966957155757602,1.01329763197712,0.999706556799467,1.01156926498751,1.01156926498751,0.946076669956238,1.04663763664675
24,1.00448321525374,1.00448321525374,1.00801540367961,1.01292494745682,1.0533829995685,1.0533829995685,1.06488481940746,0.978773203681423,1.07617166370995,1.07617166370995,1.08082104301724,1.1207763205075,1.32389724719216,1.32389724719216,1.43965173597621,0.827417952137829,1.03075477974756,1.03075477974756,0.662480983132839,1.16423078520627,0.966452227752495,0.966452227752495,1.01714843737527,0.997886259428398,1.01256535367598,1.01256535367598,0.948091305724246,1.04584282677954
25,1.00446367797157,1.00446367797157,1.00923634209586,1.01163146462305,1.05287476208425,1.05287476208425,1.06570599453426,0.977966692849577,1.076349877964,1.076349877964,1.0824552090099,1.11970194497374,1.32227124024546,1.32227124024546,1.44540984180417,0.815223282725979,1.02696917697164,1.02696917697164,0.67086073879189,1.15542202026909,0.965382947474292,0.965382947474292,1.02052062524755,0.996162842079226,1.01316592472461,1.01316592472461,0.949865627451988,1.04469124656427
26,1.00442638453163,1.00442638453163,1.01040381564857,1.01041324741347,1.05234864272889,1.05234864272889,1.06646567488102,0.977154223556489,1.07621722715423,1.07621722715423,1.08395953637096,1.11878852221381,1.3209345668878,1.3209345668878,1.45050530846939,0.80542770647107,1.02602088048291,1.02602088048291,0.68047250975296,1.14857938972115,0.964956994321344,0.964956994321344,1.02395484121467,0.994751580905125,1.0136787846304,1.0136787846304,0.951895520837458,1.04356287860981
27,1.00405759996852,1.00405759996852,1.01133897866468,1.00873763317614,1.05116013963329,1.05116013963329,1.06658617498832,0.97591481065378,1.07542666872324,1.07542666872324,1.08520510405633,1.11680026520185,1.31696599405072,1.31696599405072,1.45303688947996,0.794285146742598,1.02444078544972,1.02444078544972,0.690259193219546,1.14124575043826,0.964328047868943,0.964328047868943,1.02716085363434,0.993743660487277,1.01398993657677,1.01398993657677,0.953610387752921,1.0421805674717
28,1.00359261632524,1.00359261632524,1.01226790608044,1.00725984202217,1.04992757319285,1.04992757319285,1.06659017400287,0.974841863917184,1.07429477059098,1.07429477059098,1.08639773841265,1.11468092944355,1.31101672157514,1.31101672157514,1.45458908823216,0.784500316999154,1.02418654939613,1.02418654939613,0.701276839882855,1.13433252590331,0.964069314606117,0.964069314606117,1.0305695793918,0.992909479776158,1.01417443936793,1.01417443936793,0.955653280313337,1.04076404188129
29,1.00323674032356,1.00323674032356,1.01281982555849,1.00561916551317,1.0481488174489,1.0481488174489,1.06615025591885,0.973510346444678,1.07245274806105,1.07245274806105,1.08700386230724,1.11177976572972,1.30348528057544,1.30348528057544,1.45483885828518,0.774487713634669,1.02337514924395,1.02337514924395,0.712636157741151,1.12625646881647,0.963524810038529,0.963524810038529,1.03318914436933,0.992285742723058,1.01396820373266,1.01396820373266,0.957318619059208,1.03889960368343
30,1.00244066952347,1.00244066952347,1.01330582864297,1.0036820888056,1.04620115221641,1.04620115221641,1.06544115913361,0.972047742824819,1.07015984346836,1.07015984346836,1.08757397089237,1.10826110988145,1.29471879165224,1.29471879165224,1.45290635770672,0.765558148937776,1.02518752902312,1.02518752902312,0.724998921025834,1.1193642387758,0.962819087431886,0.962819087431886,1.03542031450439,0.991456509566502,1.01355178332262,1.01355178332262,0.959056805706696,1.03690589630005
31,1.00170390832997,1.00170390832997,1.013741927254,1.00167820549589,1.04402565031677,1.04402565031677,1.06454649218313,0.970866034308995,1.0674114232423,1.0674114232423,1.08780634992736,1.10438453910113,1.28446857139019,1.28446857139019,1.449639123785,0.757012837553249,1.02661236844432,1.02661236844432,0.739053995679686,1.11207600008679,0.962442159300029,0.962442159300029,1.03777772734825,0.991160634297723,1.01306852938618,1.01306852938618,0.96097543140682,1.03492032896289
32,1.00059834421125,1.00059834421125,1.01390183007805,0.999403987578846,1.04122126489111,1.04122126489111,1.06312885476698,0.969065678623815,1.06411570704204,1.06411570704204,1.08764095478004,1.09992310252349,1.27291435732185,1.27291435732185,1.44481548888095,0.748225598605753,1.02647866502524,1.02647866502524,0.753308444287195,1.10306936204102,0.961512526051601,0.961512526051601,1.03935587628817,0.990286240323358,1.01203810582247,1.01203810582247,0.962470047655065,1.03223329970785
33,0.999577355958771,0.999577355958771,1.01410548045784,0.997287697636458,1.03840151262544,1.03840151262544,1.06173060330217,0.967605590798703,1.06024364594416,1.06024364594416,1.08739504132939,1.09462989503841,1.25858596816626,1.25858596816626,1.43751175028536,0.738639448269383,1.02900266628565,1.02900266628565,0.769404077163305,1.09336518192284,0.960596560384811,0.960596560384811,1.0404825665712,0.989791657456221,1.01097699467795,1.01097699467795,0.964139693198292,1.02970791601567
34,0.998305871838443,0.998305871838443,1.01393261466651,0.994664004075448,1.03500747815888,1.03500747815888,1.05950153670197,0.965893340893774,1.05574599340979,1.05574599340979,1.08652023634423,1.08885652420169,1.24021129260629,1.24021129260629,1.42726513740577,0.7294215625332,1.02920461831565,1.02920461831565,0.785856110708551,1.08167387292113,0.959322444654849,0.959322444654849,1.04083131636975,0.988951263537047,1.00935442657345,1.00935442657345,0.965417551486931,1.02643900474743
35,0.997139878024582,0.997139878024582,1.01386783917142,0.992252002459538,1.03163638077594,1.03163638077594,1.05735605215422,0.964467494359274,1.05036392293729,1.05036392293729,1.0853563912958,1.08236675010304,1.21925891779846,1.21925891779846,1.41565463821143,0.72073680860967,1.0306282603928,1.0306282603928,0.803917602330879,1.06930890308423,0.958154638940319,0.958154638940319,1.04097079327318,0.988144697083951,1.00748366637074,1.00748366637074,0.966759801648233,1.02328646988184
36,0.995756201428622,0.995756201428622,1.01356689768968,0.989550761305592,1.02759975586389,1.02759975586389,1.05437440279599,0.962665390858796,1.04374771875545,1.04374771875545,1.08299807671604,1.07488958492304,1.19100545297504,1.19100545297504,1.40085070676192,0.710570870874289,1.03059832679151,1.03059832679151,0.82308459359334,1.05519115540621,0.956456233936911,0.956456233936911,1.04013421955248,0.987184526320601,1.00534431437471,1.00534431437471,0.968015653252823,1.01968056070036
37,0.994479612642463,0.994479612642463,1.01332378795879,0.987090897362536,1.02340048389074,1.02340048389074,1.05108763657267,0.961076971019528,1.03605415000308,1.03605415000308,1.08022168633048,1.06645427195155,1.15750373190624,1.15750373190624,1.38103692908598,0.699441416647603,1.03072803906375,1.03072803906375,0.844562008086571,1.04041706735078,0.954995644853998,0.954995644853998,1.03903716235744,0.986266524830441,1.00313158887605,1.00313158887605,0.969273605734171,1.01601352239765
38,0.99308559818009,0.99308559818009,1.01276964569576,0.984421898853141,1.01873552875951,1.01873552875951,1.047209360482,0.959383523370079,1.0275030142602,1.0275030142602,1.07620821594395,1.05684951408435,1.11916782841992,1.11916782841992,1.35678086888978,0.688227825099451,1.02900506097375,1.02900506097375,0.86764677644629,1.02274232747951,0.952501608326479,0.952501608326479,1.03666041608142,0.985374469236882,1.00035023759731,1.00035023759731,0.970265587217835,1.0119426327699
39,0.991796174280925,0.991796174280925,1.01230596881442,0.98176346428525,1.01403961359547,1.01403961359547,1.04318195557722,0.958024623457903,1.01854543120857,1.01854543120857,1.07227061857403,1.04693070621989,1.07816256352943,1.07816256352943,1.33002632024524,0.677711184136278,1.02613343082375,1.02613343082375,0.892920449875052,1.00526546071682,0.950714482890963,0.950714482890963,1.03391633459439,0.983974541414511,0.997675588546245,0.997675588546245,0.971407781389764,1.00796369940614
40,0.990359082314815,0.990359082314815,1.01163333047413,0.979068046086024,1.00914838111636,1.00914838111636,1.03867541046558,0.956854461115866,1.00978952728778,1.00978952728778,1.06820278112797,1.03661745798096,1.0333170528207,1.0333170528207,1.30053296811712,0.668290425232447,1.02259048977558,1.02259048977558,0.920377241793727,0.984824171361908,0.948434195455403,0.948434195455403,1.0299758819126,0.983242590987783,0.994560195404294,0.994560195404294,0.972283846998252,1.00349014007296
41,0.989159834724625,0.989159834724625,1.01109089225591,0.976675992024463,1.00457929897058,1.00457929897058,1.03419346856267,0.95649427875422,1.00142028889353,1.00142028889353,1.06457314906356,1.02620747752633,0.986621959210088,0.986621959210088,1.26904408195868,0.661196417115699,1.01457706515408,1.01457706515408,0.950149980495977,0.963327121375936,0.946756886067131,0.946756886067131,1.02529926276938,0.982362846750926,0.991236453711672,0.991236453711672,0.973378850225983,0.999137604846226
42,0.987951516253426,0.987951516253426,1.0103448036579,0.974128311629131,1.00006401333998,1.00006401333998,1.02954409771946,0.956850382880171,0.993885212017778,0.993885212017778,1.06073740390641,1.01581177467792,0.936673656112731,0.936673656112731,1.23525132313453,0.655152946022114,1.00774142796449,1.00774142796449,0.982295479667806,0.940691644937675,0.945087658379307,0.945087658379307,1.01975350227869,0.981530737109158,0.987708262300367,0.987708262300367,0.974138842393538,0.994429953538876
43,0.986904637429652,0.986904637429652,1.00975562794307,0.971798303510776,0.995973742814614,0.995973742814614,1.02493529965964,0.958581832271328,0.987390074719192,0.987390074719192,1.05821415297309,1.00578786298931,0.885565627472505,0.885565627472505,1.20029717295975,0.65366520945937,0.997757574149023,0.997757574149023,1.02055265850609,0.919586404701187,0.943925200848896,0.943925200848896,1.01360944111065,0.981102313401869,0.984122971865759,0.984122971865759,0.975194664269715,0.989883160047988
44,0.985999569160593,0.985999569160593,1.0088461941549,0.96983083334022,0.992240833057937,0.992240833057937,1.02037666142469,0.960718562955231,0.982683258055311,0.982683258055311,1.05646695166997,0.99610609779212,0.831093199164616,0.831093199164616,1.16477414588188,0.654400428109564,0.987782899971284,0.987782899971284,1.05981301974445,0.900558307242444,0.943512974701853,0.943512974701853,1.00626509602944,0.980755006577522,0.980187390242373,0.980187390242373,0.975999615199911,0.985303648822965
45,0.985402782311077,0.985402782311077,1.00816560886653,0.968719671940064,0.988983062976266,0.988983062976266,1.01638267874748,0.963186213335562,0.979537598256962,0.979537598256962,1.05640140151276,0.986879725159865,0.77487002367122,0.77487002367122,1.13403562044003,0.659149861956801,0.978006585791397,0.978006585791397,1.09369344054995,0.882102047321629,0.943841888025175,0.943841888025175,0.998280446087933,0.981570490134771,0.97644214708125,0.97644214708125,0.977145512167129,0.981782553671394
46,0.985089671657314,0.985089671657314,1.00736955678308,0.967996012438859,0.986216956323915,0.986216956323915,1.01259296361478,0.965931369117532,0.977570053487429,0.977570053487429,1.0562947319656,0.978120843786975,0.714250651455011,0.714250651455011,1.10472427740417,0.668076281333264,0.967576920874117,0.967576920874117,1.1216873322224,0.864240194020094,0.94426796002666,0.94426796002666,0.989314451844446,0.983315308533911,0.972620511966924,0.972620511966924,0.978105665367894,0.9787022814096
47,0.985170721998957,0.985170721998957,1.00682357784543,0.967929520591034,0.984244291682314,0.984244291682314,1.00940031989286,0.969331849708066,0.977909016998644,0.977909016998644,1.0569636532549,0.970245511146524,0.736430900626273,0.736430900626273,1.07888844132058,0.682451968352336,0.95884429159239,0.95884429159239,1.14594835430343,0.850148689459918,0.945836047610366,0.945836047610366,0.979494564347289,0.98574841231428,0.97491360371204,0.97491360371204,0.979539671321643,0.976444915303554
48,0.985594556159769,0.985594556159769,1.00634709536211,0.96863958664051,0.982819752918179,0.982819752918179,1.00641522767442,0.972963333220491,0.979880244862761,0.979880244862761,1.05794983042316,0.963208084770407,0.760071367800652,0.760071367800652,1.0530751922239,0.700744889855236,0.952071315408162,0.952071315408162,1.16444646962374,0.836435873090303,0.948229241155107,0.948229241155107,0.969487441766073,0.988566332286144,0.977470809882129,0.977470809882129,0.981084157131955,0.974604792211479
49,0.986434071705749,0.986434071705749,1.00634670194884,0.97040124683712,0.982120700024531,0.982120700024531,1.00389518641953,0.977377679094138,0.983150001186684,0.983150001186684,1.05926771547357,0.957143026452222,0.785804521856683,0.785804521856683,1.02825629583042,0.728563414276254,0.947069211075991,0.947069211075991,1.18117862620414,0.826542742523603,0.952066087866384,0.952066087866384,0.959916011888145,0.992308006718589,0.980672656479188,0.980672656479188,0.983845969719288,0.973731811642411
50,0.98767535015956,0.98767535015956,1.00638736121041,0.972593038469435,0.981871435292423,0.981871435292423,1.00159932833128,0.982083618820008,0.98711758512474,0.98711758512474,1.06032626735609,0.951298324924144,0.808087592055457,0.808087592055457,1.00171212133148,0.757091994784036,0.946573909753385,0.946573909753385,1.19417686108782,0.818234433843802,0.957139375321719,0.957139375321719,0.952031539046004,0.996962102259886,0.984045045533514,0.984045045533514,0.986637719800437,0.973150612342774
51,0.989253793627704,0.989253793627704,1.00675246839667,0.975248876314275,0.982442473103191,0.982442473103191,0.999613671947824,0.987347985533601,0.992073664125295,0.992073664125295,1.06142456224731,0.948265566405916,0.829835833498722,0.829835833498722,0.975792503284783,0.78783776408397,0.947714579519709,0.947714579519709,1.2036763198085,0.812853282528873,0.963556186052028,0.963556186052028,0.947479954272079,1.00251527201866,0.987914850088205,0.987914850088205,0.989968948772328,0.973567120126764
52,0.990900984825597,0.990900984825597,1.0068732462709,0.977996858483141,0.982983154488607,0.982983154488607,0.997505423257402,0.992744259338096,0.997223164996253,0.997223164996253,1.061551017275,0.946903115797086,0.84695234633057,0.84695234633057,0.948441500601962,0.817420026935345,0.947448370025609,0.947448370025609,1.20807517205251,0.809045668560168,0.971031818389373,0.971031818389373,0.944315600795508,1.00905156689276,0.991980828776263,0.991980828776263,0.993239777537399,0.974319575495446
53,0.992923020082012,0.992923020082012,1.00708313225105,0.981126165497639,0.983847294023518,0.983847294023518,0.995584413195241,0.998314705585246,1.00190081392722,1.00190081392722,1.06130120407745,0.946330463373771,0.860768623004172,0.860768623004172,0.92179752313757,0.845568810001369,0.950922264233477,0.950922264233477,1.21086535529842,0.810418970917204,0.979269507539416,0.979269507539416,0.94293291515631,1.01645932172631,0.996417925962038,0.996417925962038,0.996761188377895,0.975712757533978
54,0.994905411548756,0.994905411548756,1.00716464748082,0.984161242940811,0.984783363447828,0.984783363447828,0.993459532841659,1.0037069806002,1.00644801002422,1.00644801002422,1.06018386924555,0.946504718977501,0.870568104575857,0.870568104575857,0.895071864825136,0.873230854731063,0.952788524494965,0.952788524494965,1.21224834771046,0.811974925374469,0.988027753277047,0.988027753277047,0.942498718492416,1.02405266738566,1.00071245166584,1.00071245166584,1.00027676928538,0.977452968123337
55,0.99697706121911,0.99697706121911,1.0072286754907,0.987416058236113,0.98589196400545,0.98589196400545,0.991446704346092,1.00902815131098,1.01039444587079,1.01039444587079,1.05837817173915,0.947298244248979,0.877890316740507,0.877890316740507,0.869872403966008,0.897765926734623,0.955169642698566,0.955169642698566,1.21318998195069,0.816261213812739,0.997187053399338,0.997187053399338,0.94307308253946,1.03245396021101,1.005107969695,1.005107969695,1.00381196712961,0.979706841886975
56,0.99916659561836,0.99916659561836,1.00713162043671,0.990525260319109,0.986808013782221,0.986808013782221,0.989276643073159,1.01437238788728,1.01322187441615,1.01322187441615,1.05574848065555,0.947639071925377,0.881503798354663,0.881503798354663,0.844621728427239,0.919208362426728,0.95653142199972,0.95653142199972,1.21311133707979,0.822410763618285,1.00583881084873,1.00583881084873,0.943751536404286,1.04045369570094,1.00914499641133,1.00914499641133,1.00682121047723,0.981937608422653
57,1.00116398892677,1.00116398892677,1.00687769184087,0.993732764107305,0.987700824671648,0.987700824671648,0.986987538287633,1.01937410562927,1.01531713940109,1.01531713940109,1.0522115822781,0.948011035104514,0.88378778017122,0.88378778017122,0.821218458306911,0.93869519514233,0.957668100619206,0.957668100619206,1.21266787469738,0.82996090862343,1.01469920690304,1.01469920690304,0.94491758403135,1.0487856652327,1.01322028198865,1.01322028198865,1.00997365483693,0.984648900267058
58,1.00329505837636,1.00329505837636,1.00668291293034,0.996900923606848,0.988150235578523,0.988150235578523,0.984703147572238,1.02394575487974,1.01630569386834,1.01630569386834,1.04773283767861,0.947984486784499,0.883910129223337,0.883910129223337,0.798464958019568,0.956216202590036,0.957796615547393,0.957796615547393,1.21103185096156,0.839432312286297,1.02314713911323,1.02314713911323,0.946236918156241,1.05713840298769,1.01743263037565,1.01743263037565,1.01303518375489,0.987782923092074
59,1.00509428782274,1.00509428782274,1.00620121772118,0.999926873175053,0.988663151020619,0.988663151020619,0.982039671464352,1.0282538547689,1.01653523382756,1.01653523382756,1.04260186041252,0.947985117522123,0.884517889172779,0.884517889172779,0.777442776543479,0.970869464136935,0.956271598340561,0.956271598340561,1.20766642914489,0.849159586348191,1.03107207834084,1.03107207834084,0.947838543406639,1.06499362386063,1.02104538871045,1.02104538871045,1.01560426716055,0.99084163736051
60,1.00695767447204,1.00695767447204,1.00571889305079,1.00296317029117,0.98903404265662,0.98903404265662,0.979473363464965,1.03226622960605,1.01638107849781,1.01638107849781,1.03695175801691,0.947887410530101,0.883183208470694,0.883183208470694,0.757930246239581,0.98351574914033,0.95533248148956,0.95533248148956,1.20581498684964,0.860638326095325,1.03894430824275,1.03894430824275,0.949476533922287,1.07276249264754,1.0245801704055,1.0245801704055,1.01807825963191,0.993972430425255
61,1.00856790274793,1.00856790274793,1.00504304839234,1.00570741475262,0.98919829933762,0.98919829933762,0.977104755092164,1.0360550164953,1.01535699998925,1.01535699998925,1.0313762669551,0.947444460698309,0.881328046133218,0.881328046133218,0.742009309495134,0.993147244512879,0.953161297609642,0.953161297609642,1.20170099211462,0.872826417317916,1.04609584062248,1.04609584062248,0.950864916019174,1.08024958094321,1.02753890596282,1.02753890596282,1.02020781335863,0.997115118460757
62,1.0102635331849,1.0102635331849,1.00456452016001,1.00851063630275,0.989320580149598,0.989320580149598,0.975111974636427,1.03932568207688,1.01384407978181,1.01384407978181,1.02619545321778,0.946655981327827,0.883152920106,0.883152920106,0.729568344572458,1.00355746880155,0.950613748582893,0.950613748582893,1.19916594440308,0.886983792103892,1.05285214219581,1.05285214219581,0.952909196310035,1.08798030753622,1.03069716110288,1.03069716110288,1.02241355012883,1.00046734704072
63,1.01156986858489,1.01156986858489,1.00383818090821,1.01091598873388,0.98915946725747,0.98915946725747,0.972766353976402,1.04225674184964,1.01196867178162,1.01196867178162,1.0203876404702,0.945719049256437,0.884518287703893,0.884518287703893,0.71921877705482,1.01027351424679,0.947011738561523,0.947011738561523,1.19485888834617,0.900513693942101,1.0588891724294,1.0588891724294,0.954046876728604,1.09484958433832,1.03326976137088,1.03326976137088,1.02392497339114,1.00356492346527
64,1.01290275559204,1.01290275559204,1.00317630242088,1.01327149195128,0.989070611208782,0.989070611208782,0.970796084529719,1.04499143722187,1.00978049776557,1.00978049776557,1.01471304995812,0.94460591202866,0.886985593833069,0.886985593833069,0.712285622628322,1.01795805627402,0.942293803884224,0.942293803884224,1.1893782088312,0.914140957747528,1.06437201193972,1.06437201193972,0.955438481064184,1.10146785904093,1.03565448824458,1.03565448824458,1.02545259966546,1.00674481938943
65,1.01395978866116,1.01395978866116,1.00221889188429,1.01538069992171,0.988632291589049,0.988632291589049,0.968645356241034,1.04715067764825,1.00681233936426,1.00681233936426,1.00857679823387,0.943254470658368,0.891875172075495,0.891875172075495,0.706175842666823,1.0241548617385,0.938259153545605,0.938259153545605,1.18451169578296,0.92910373382029,1.06916547051709,1.06916547051709,0.956794870934047,1.10760466764896,1.0375414223116,1.0375414223116,1.02657840699867,1.00957944606308
66,1.01503742401467,1.01503742401467,1.00142268243554,1.01747954067209,0.988146890587163,0.988146890587163,0.966719499691041,1.04898328847029,1.00350664316577,1.00350664316577,1.00256401937792,0.941866503845635,0.895696686931361,0.895696686931361,0.70265778813455,1.02936980300917,0.934447608315235,0.934447608315235,1.17744128516521,0.944986068742478,1.07325427612464,1.07325427612464,0.957510725783703,1.11316848040301,1.03929461386457,1.03929461386457,1.0274533433859,1.01256686928161
67,1.01575598835983,1.01575598835983,1.00031030641146,1.01924926644787,0.987353146772681,0.987353146772681,0.964644911580042,1.05051066718438,1.00001126759621,1.00001126759621,0.996371852165235,0.940287366192877,0.900412904139028,0.900412904139028,0.699806049716377,1.03404034173566,0.928174722829819,0.928174722829819,1.1698832237426,0.960119949943615,1.07672447510242,1.07672447510242,0.958224394114247,1.11827234317187,1.04067462431192,1.04067462431192,1.02811196824984,1.01518956591336
68,1.01645563973447,1.01645563973447,0.999303660203985,1.02108815948311,0.986688449203829,0.986688449203829,0.962765454192243,1.05182796379605,0.996087346150401,0.996087346150401,0.990302871074758,0.9389477368181,0.90680255349601,0.90680255349601,0.701786875941268,1.03859188250593,0.924226281262903,0.924226281262903,1.16214472626167,0.976908197293949,1.07959668767143,1.07959668767143,0.958606229399379,1.12310357267244,1.04165061515034,1.04165061515034,1.02836420476571,1.01796828885027
69,1.01692313898645,1.01692313898645,0.998067555706133,1.02245812761402,0.985617146557388,0.985617146557388,0.960816609929473,1.05269299995833,0.991923726532883,0.991923726532883,0.983861980299692,0.937409711790506,0.912286341629989,0.912286341629989,0.702653585904426,1.0421557926616,0.917997298392705,0.917997298392705,1.1527262796488,0.992950090372659,1.08124083831816,1.08124083831816,0.958328829171889,1.12655247844014,1.04209432738429,1.04209432738429,1.02806257138504,1.02014582998699
70,1.01736092834881,1.01736092834881,0.997018027452109,1.02394935484257,0.984529395607567,0.984529395607567,0.959093167076198,1.05350001394913,0.987525992790286,0.987525992790286,0.977556089585924,0.935698176576375,0.919590619894491,0.919590619894491,0.707297838110039,1.04545942755181,0.913136081543919,0.913136081543919,1.14442516886065,1.0093027019667,1.08289509109045,1.08289509109045,0.958182044691424,1.13017207484024,1.0426086210541,1.0426086210541,1.02797840500989,1.02260685479766
71,1.01752807861161,1.01752807861161,0.995614997703323,1.0250828244544,0.983370947133585,0.983370947133585,0.95722647475471,1.05381422347202,0.98232516621416,0.98232516621416,0.970884597601646,0.934042432972125,0.925762671263017,0.925762671263017,0.710716089676857,1.04887708030756,0.907422355730519,0.907422355730519,1.1345798305238,1.02577576947167,1.08312274546112,1.08312274546112,0.957751070266222,1.13294374092991,1.04247653868786,1.04247653868786,1.02719472545687,1.02465586197885
72,1.01761237904625,1.01761237904625,0.994310931062885,1.0262642154098,0.982075203111971,0.982075203111971,0.955530124562921,1.05408023566397,0.977349127217151,0.977349127217151,0.96442271701246,0.933036177101819,0.934758714108097,0.934758714108097,0.717213788006715,1.05353136821183,0.903329434648064,0.903329434648064,1.12445805152032,1.04294165528785,1.08275645427323,1.08275645427323,0.956713854646906,1.13506071898562,1.04209545930325,1.04209545930325,1.02626393200882,1.02654994569986
73,1.01749170327704,1.01749170327704,0.992839565428906,1.02717572421718,0.980560751986088,0.980560751986088,0.953838038221082,1.05402380241549,0.971959215317471,0.971959215317471,0.957413380779621,0.931724472201874,0.943800986562445,0.943800986562445,0.723028361301974,1.05652571325989,0.899845961687784,0.899845961687784,1.11546228821026,1.06087803904408,1.08145928192729,1.08145928192729,0.955298716460871,1.13612760735029,1.04125841780613,1.04125841780613,1.02485419118163,1.02815224815144
74,1.01729148285899,1.01729148285899,0.991549051875659,1.02805325923131,0.979237342622398,0.979237342622398,0.952165841017832,1.05386994170516,0.966580412106295,0.966580412106295,0.951258777305321,0.930734615509805,0.951990003900889,0.951990003900889,0.731654226550458,1.06046470287668,0.899394962095081,0.899394962095081,1.10729689900534,1.07845462965459,1.07989909777123,1.07989909777123,0.954243778528743,1.13680875904819,1.04019333236836,1.04019333236836,1.02341023232424,1.02966364466756
75,1.01692069682618,1.01692069682618,0.990065215040984,1.02863411863685,0.97755209573466,0.97755209573466,0.950662423415418,1.05337819651926,0.960605541620051,0.960605541620051,0.944635802760235,0.929606856637095,0.95990722301932,0.95990722301932,0.739996178626163,1.06299983114216,0.895856411308436,0.895856411308436,1.09737949145568,1.09458312502221,1.07691873303448,1.07691873303448,0.952431844663644,1.13633189532996,1.03860929981615,1.03860929981615,1.02152485299882,1.03064971936256
76,1.01647504848189,1.01647504848189,0.988662027926889,1.02915981734969,0.976038952424948,0.976038952424948,0.949173121539857,1.05254186689915,0.954923120724713,0.954923120724713,0.938404351332604,0.928995327840194,0.970802266624458,0.970802266624458,0.749413376334949,1.06626493585712,0.896898898862543,0.896898898862543,1.09131147415902,1.11156452171991,1.07371517074717,1.07371517074717,0.950978902712942,1.13486235656549,1.0369367763547,1.0369367763547,1.01961896386405,1.03144237605625
77,1.01578474341987,1.01578474341987,0.987124273803408,1.02948065035152,0.97418537450583,0.97418537450583,0.94792084734788,1.0516489716203,0.949519070494212,0.949519070494212,0.931814123191513,0.928483455587973,0.979272248398545,0.979272248398545,0.761053028500778,1.06942912820833,0.898895669625636,0.898895669625636,1.08543967450013,1.12788826588432,1.07001238518448,1.07001238518448,0.949186302280002,1.1328549150666,1.03471522188812,1.03471522188812,1.01748397411872,1.03194209611912
78,1.01505470275764,1.01505470275764,0.98581859416856,1.02976213906469,0.972627438492266,0.972627438492266,0.946762483788973,1.05041416659429,0.943511230370968,0.943511230370968,0.925744052465877,0.92814383204704,0.988651678175666,0.988651678175666,0.771720914950339,1.07268191375161,0.901701844967493,0.901701844967493,1.07826010795788,1.14188608251377,1.06512343180844,1.06512343180844,0.94746459109831,1.12973956652395,1.03227988565984,1.03227988565984,1.01517847196343,1.03217778984432
79,1.01409304247387,1.01409304247387,0.984375849350054,1.02980777843953,0.970914828066183,0.970914828066183,0.945712437908932,1.04913762585752,0.937697346760888,0.937697346760888,0.919640317748745,0.928328408811899,0.998567530832753,0.998567530832753,0.783007842425102,1.07558714138752,0.906291264716606,0.906291264716606,1.07262503199067,1.15524199248064,1.05889333212816,1.05889333212816,0.94496275291303,1.12543565429221,1.0294330340037,1.0294330340037,1.01247164982526,1.03221386862979
80,1.01332622251071,1.01332622251071,0.983107445622644,1.02993556868907,0.96940321892544,0.96940321892544,0.945108321876507,1.04763114148086,0.932439966861475,0.932439966861475,0.914139782116041,0.928964995094431,1.0089034352844,1.0089034352844,0.794509346275591,1.08005926281697,0.910719841248143,0.910719841248143,1.0678116502599,1.16930148043704,1.05233271466932,1.05233271466932,0.942592393574422,1.1204552502686,1.02641943810726,1.02641943810726,1.00982593693982,1.03216773294851
81,1.01229353759588,1.01229353759588,0.981879838851448,1.02978403416133,0.96791145338006,0.96791145338006,0.944467552624633,1.04614692850823,0.927153597443403,0.927153597443403,0.908730489090612,0.930264601299941,1.01878780398345,1.01878780398345,0.805700410375641,1.08546711707393,0.915522388238409,0.915522388238409,1.06176493809549,1.18170135362067,1.0447595671082,1.0447595671082,0.939859877622702,1.11434680380475,1.0229644441223,1.0229644441223,1.00675059475717,1.03175227549306
82,1.0114120462726,1.0114120462726,0.980836998623033,1.02965939145487,0.966810649418841,0.966810649418841,0.944535138618879,1.04473472022946,0.922357733057244,0.922357733057244,0.904434401753322,0.932415244580333,1.02871800376066,1.02871800376066,0.814026866727761,1.09097719424483,0.92295270630687,0.92295270630687,1.05611618475942,1.19258148784967,1.03653625863101,1.03653625863101,0.937086220587668,1.10759517524777,1.01940267244839,1.01940267244839,1.00344623074684,1.03143780712709
83,1.01029961472575,1.01029961472575,0.979631206617721,1.02956368647272,0.965655747138707,0.965655747138707,0.944585377894382,1.04314518814409,0.918207241889775,0.918207241889775,0.900148063783246,0.935204251676562,1.03608764112792,1.03608764112792,0.818956607942451,1.09621677385886,0.930496372945532,0.930496372945532,1.04862835136534,1.20345322428096,1.02706783346664,1.02706783346664,0.93334203676627,1.09968265478943,1.01532628010586,1.01532628010586,0.99991200455811,1.03075244149413
84,1.00922023497205,1.00922023497205,0.978621177056118,1.02947502411824,0.964931946339056,0.964931946339056,0.944921798303829,1.04152967716771,0.914602145744469,0.914602145744469,0.896469627533548,0.939420790036518,1.04338195611456,1.04338195611456,0.824337300977366,1.10526350174172,0.93850700376425,0.93850700376425,1.0404824261084,1.2102738106099,1.01700160016629,1.01700160016629,0.929879280970727,1.09063553350457,1.01113241972861,1.01113241972861,0.99625359029197,1.03037125100742
85,1.00829772270105,1.00829772270105,0.977827308416329,1.02919581737381,0.964653859350566,0.964653859350566,0.945893479388817,1.04008394261368,0.911693629713519,0.911693629713519,0.893136433581651,0.944010839749781,1.05049015707079,1.05049015707079,0.828939530881735,1.11458439672194,0.948888774919474,0.948888774919474,1.03022308433744,1.2172620904619,1.00576328260412,1.00576328260412,0.925993318646833,1.08043091457089,1.00679528356425,1.00679528356425,0.99249992752577,1.02973215234682
86,1.00729876897734,1.00729876897734,0.97701152665734,1.02912665011436,0.964889467463813,0.964889467463813,0.947298907892991,1.03891698459969,0.909545553904627,0.909545553904627,0.891303323148615,0.950626990732478,1.0538780700742,1.0538780700742,0.835938870432693,1.12561189014473,0.96090053044337,0.96090053044337,1.01745184117145,1.22136730138702,0.99328727638826,0.99328727638826,0.921713149942824,1.06924455123479,1.00192657310056,1.00192657310056,0.988205026384543,1.02911534690955
87,1.00655550759785,1.00655550759785,0.976425911332618,1.02936737814448,0.966116324783657,0.966116324783657,0.949167030325642,1.03811182435239,0.908457852907369,0.908457852907369,0.889962555759867,0.958370957927669,1.05602814543632,1.05602814543632,0.845255477257876,1.13911527496493,0.974612514520291,0.974612514520291,1.00270474425892,1.22328121197174,0.979350324543882,0.979350324543882,0.916507795954061,1.05623150473045,0.997201742114091,0.997201742114091,0.983870628760247,1.02873609953065
88,1.00571448635907,1.00571448635907,0.975748079937146,1.02971594886981,0.967822245227019,0.967822245227019,0.951629046144253,1.03744558893924,0.908681630605713,0.908681630605713,0.889378740711428,0.968057023608659,1.05664268041471,1.05664268041471,0.863775230694883,1.15421150247219,0.987924585684036,0.987924585684036,0.985113280677738,1.22238343491013,0.963937927549592,0.963937927549592,0.911299334806558,1.04213034140058,0.99212113642031,0.99212113642031,0.979138955340831,1.02907708869235
89,1.00529645462417,1.00529645462417,0.97550420305038,1.0306156543906,0.970838270519564,0.970838270519564,0.955108612539245,1.03739005608045,0.910499713020844,0.910499713020844,0.889961466124708,0.980050556879419,1.0545926363623,1.0545926363623,0.885447182003958,1.17344644744347,1.00500469857762,1.00500469857762,0.96834956093845,1.21864221602958,0.948160784398383,0.948160784398383,0.906368906826288,1.02784698149746,0.987384785014163,0.987384785014163,0.974455050606722,1.02979301888592
90,1.00488349083088,1.00488349083088,0.975154320957712,1.03114660556598,0.97421774295606,0.97421774295606,0.95936682149569,1.03741640572017,0.912620225025109,0.912620225025109,0.892569536552788,0.993005104930871,1.04683283703405,1.04683283703405,0.906703112530717,1.19033078961441,1.01960151990854,1.01960151990854,0.948786452031916,1.21084538571666,0.931694438587032,0.931694438587032,0.901549415921023,1.01416716572127,0.982613822041468,0.982613822041468,0.969646196227373,1.03028651575216
91,1.0047704169741,1.0047704169741,0.975241481667928,1.03137324834077,0.978249815661826,0.978249815661826,0.963705646348093,1.03729879893625,0.914887347955711,0.914887347955711,0.896296375543241,1.0060032312182,1.03383633886274,1.03383633886274,0.928047027250705,1.20280355777416,1.0343871224849,1.0343871224849,0.928681245871441,1.20350361106723,0.914849263067248,0.914849263067248,0.896936033212163,1.00094091413311,0.978299047565087,0.978299047565087,0.965077865975967,1.0307724765111
92,1.00486577139733,1.00486577139733,0.975229423551168,1.03117005476201,0.982559572951107,0.982559572951107,0.968265873595441,1.03688205091587,0.931805227093278,0.931805227093278,0.900522152738155,1.01934854989796,1.0198196010386,1.0198196010386,0.948214842814627,1.21088493439546,1.04729648693269,1.04729648693269,0.907578906916357,1.19075050551735,0.912578483514565,0.912578483514565,0.892985856274313,0.987660872271502,0.974263857072855,0.974263857072855,0.960608198149353,1.03103894486263
93,1.00531257655438,1.00531257655438,0.975577850014733,1.03065230359548,0.987317181827982,0.987317181827982,0.972877637811755,1.03644035680442,0.948329133919878,0.948329133919878,0.905196515523333,1.03330172762844,1.00515724280916,1.00515724280916,0.967985022353026,1.21853985798865,1.05441948669461,1.05441948669461,0.886395555853454,1.17478944124162,0.910499109529077,0.910499109529077,0.889778923215011,0.975066584484142,0.970829489166801,0.970829489166801,0.956869793000615,1.0311165378838
94,1.00578762263247,1.00578762263247,0.975821923608135,1.02969011934431,0.992171443349947,0.992171443349947,0.977291305148383,1.03586908602246,0.964144520277101,0.964144520277101,0.909990910223676,1.04774733942434,0.986699672777394,0.986699672777394,0.985049753609459,1.22190377818708,1.05618117890894,1.05618117890894,0.864315021999094,1.15532072183419,0.908650361127656,0.908650361127656,0.889091953433639,0.963244978154094,0.967822005632767,0.967822005632767,0.953726434932895,1.03130249855245
95,1.00656437649568,1.00656437649568,0.976493086648661,1.02937593552727,0.997313374128885,0.997313374128885,0.981988690649727,1.03507941777439,0.979429362799999,0.979429362799999,0.914769476539602,1.06156100946023,0.973613505105351,0.973613505105351,1.0025565069471,1.22290687329377,1.05656832015224,1.05656832015224,0.846864803553942,1.14046921658111,0.908571208002694,0.908571208002694,0.889838016771044,0.95347246482878,0.966197550996661,0.966197550996661,0.951476054531571,1.0319955841002
96,1.00727948876467,1.00727948876467,0.97705810678864,1.02916526653367,1.00205174301786,1.00205174301786,0.9862500246639,1.03486716414388,0.993373321275377,0.993373321275377,0.919405530046553,1.07377289262865,0.960449623866002,0.960449623866002,1.01675479197993,1.22044041785765,1.05331673282325,1.05331673282325,0.836987902058194,1.12590139943197,0.909168065350381,0.909168065350381,0.891258448634931,0.945678110382902,0.965084472194809,0.965084472194809,0.949615071637522,1.033019129266
97,1.00829449097016,1.00829449097016,0.977882622322249,1.02925192232943,1.00686996414419,1.00686996414419,0.990404656495151,1.03501265652642,1.00602415712332,1.00602415712332,0.923518616026321,1.08469205036565,0.949306693907715,0.949306693907715,1.02966167916765,1.21702355143201,1.0501381834814,1.0501381834814,0.830455906325846,1.11587232951482,0.911744226216261,0.911744226216261,0.893540656729292,0.939474682377388,0.964735790846337,0.964735790846337,0.948440655268302,1.03436853886248
98,1.00923475939892,1.00923475939892,0.978745318613819,1.02937865028318,1.01116254377108,1.01116254377108,0.994093548790817,1.03515208451951,1.01690704816628,1.01690704816628,0.92690250668773,1.09439801295171,0.938256223167966,0.938256223167966,1.03974440507239,1.2098564146153,1.04377150604529,1.04377150604529,0.824330023237886,1.10537901884291,0.914397935751868,0.914397935751868,0.896712663022759,0.934626596673478,0.964888398676461,0.964888398676461,0.947458915558838,1.03578238611511
99,1.01033150970614,1.01033150970614,0.979773346832576,1.02956036188033,1.01552914076317,1.01552914076317,0.997662391199368,1.03534709833549,1.0274413521283,1.0274413521283,0.930368177335295,1.10332547328971,0.930583303622654,0.930583303622654,1.04853993536214,1.20270579073084,1.03586903530588,1.03586903530588,0.819565827429719,1.09702635929394,0.917850069752181,0.917850069752181,0.90078142985251,0.930812377284017,0.9656951298991,0.9656951298991,0.947211826191025,1.03752152011771
100,1.01122422027698,1.01122422027698,0.98076014534052,1.02960777174816,1.01939411480279,1.01939411480279,1.00113623714971,1.03559361973867,1.03641669720059,1.03641669720059,0.933353548274543,1.11067414001365,0.923239570777827,0.923239570777827,1.05543973458703,1.1919480085348,1.02759498879585,1.02759498879585,0.814787428200051,1.09130903363937,0.922260063528217,0.922260063528217,0.90504243774429,0.92816474523663,0.96665683340481,0.96665683340481,0.947004600959713,1.03911749433981
101,1.01236599447131,1.01236599447131,0.982023611731378,1.02982845386322,1.02316039902214,1.02316039902214,1.0043790936636,1.03579570426199,1.04490296295499,1.04490296295499,0.93607689063262,1.1175529072073,0.916207090733337,0.916207090733337,1.06177827345092,1.18109822571623,1.01816071589999,1.01816071589999,0.806145961348535,1.08575677719607,0.927118651103305,0.927118651103305,0.910099568753171,0.926256484947815,0.967899781042483,0.967899781042483,0.947225823282431,1.04063737225892
102,1.01322886661778,1.01322886661778,0.983077782262001,1.02984751617107,1.02641321449255,1.02641321449255,1.00714270403647,1.03567314533473,1.05244724756721,1.05244724756721,0.938385999582555,1.12343166856711,0.910196842997253,0.910196842997253,1.06725246610611,1.16848601501748,1.00864063334711,1.00864063334711,0.793732433983303,1.08041971431912,0.932198356379583,0.932198356379583,0.915213031399204,0.924949927835386,0.969366295252456,0.969366295252456,0.947702827350554,1.042331447167
103,1.01418911301929,1.01418911301929,0.984565258169433,1.02984916863119,1.0294837908096,1.0294837908096,1.0099228136548,1.03557566490879,1.05915986566049,1.05915986566049,0.940647967474552,1.12816300350827,0.906170483148591,0.906170483148591,1.07322987581869,1.15507358237967,0.998172653420183,0.998172653420183,0.783450208922138,1.07655147874819,0.937702648050645,0.937702648050645,0.921208294187589,0.924791318440865,0.970960489921587,0.970960489921587,0.948466942488749,1.04384806906762
104,1.01493902148162,1.01493902148162,0.985778741404196,1.02970337836959,1.03223669354869,1.03223669354869,1.0125205311327,1.03518283017953,1.06500909509763,1.06500909509763,0.942587518057873,1.1320204801405,0.901463830687669,0.901463830687669,1.07818404249597,1.14107900335254,0.98864818060578,0.98864818060578,0.770902012078974,1.07324484589922,0.943551600476046,0.943551600476046,0.9273386033012,0.924727690588003,0.972556847813628,0.972556847813628,0.949529066995202,1.04538617018697
105,1.01584522820133,1.01584522820133,0.987348578379936,1.02951188971671,1.03494935579021,1.03494935579021,1.01485322782518,1.03466198122071,1.07000800492391,1.07000800492391,0.944252767327178,1.13487330641638,0.899273902214108,0.899273902214108,1.08516053242063,1.12750799414312,0.979899586736701,0.979899586736701,0.760746039653371,1.06939393078606,0.949513161889288,0.949513161889288,0.93379268986349,0.925374094344564,0.974363264711663,0.974363264711663,0.950759156598535,1.04663763664675
106,1.01638004293869,1.01638004293869,0.988708175303591,1.02907164679882,1.03689578865746,1.03689578865746,1.01669036451595,1.03383412585659,1.07354793405698,1.07354793405698,0.945706799423261,1.13672090893806,0.89649494475348,0.89649494475348,1.09056853995135,1.11097854896055,0.969829524149531,0.969829524149531,0.748116567676064,1.06626863788143,0.954985899274048,0.954985899274048,0.940360763119548,0.926061056542597,0.975899178131017,0.975899178131017,0.952036778538539,1.04768069166525
107,1.01700918382128,1.01700918382128,0.990204168608343,1.02873436788434,1.03873399973657,1.03873399973657,1.01888545273425,1.03265662798671,1.07698467713695,1.07698467713695,0.946938717994529,1.13773633917382,0.896354661801216,0.896354661801216,1.09759650719503,1.09424282317986,0.960384475157206,0.960384475157206,0.739696305963104,1.06292526466747,0.96076033366739,0.96076033366739,0.946865139621441,0.926992865161768,0.97765093591996,0.97765093591996,0.953534230970409,1.0486915803721
108,1.01723516627588,1.01723516627588,0.991512464441445,1.02798507557907,1.04021942740359,1.04021942740359,1.02063251890526,1.03132068801186,1.07969507832214,1.07969507832214,0.948465010106431,1.1380509625689,0.899000111338523,0.899000111338523,1.10682723094205,1.07789056438142,0.952325551461747,0.952325551461747,0.730233144875143,1.05949266485283,0.966187908608478,0.966187908608478,0.953252479810803,0.92821784515362,0.979115060523231,0.979115060523231,0.954951429910087,1.04920372056999
109,1.01755767832859,1.01755767832859,0.993051536499384,1.02724020950628,1.04134520562361,1.04134520562361,1.02208400228561,1.02958370387226,1.08140177682849,1.08140177682849,0.94967020394169,1.13699969496812,0.899727829153395,0.899727829153395,1.11527134973765,1.06077530326901,0.943346668420111,0.943346668420111,0.722437570681886,1.05670380871902,0.971796192748522,0.971796192748522,0.960105893811131,0.929502368389335,0.980688050577101,0.980688050577101,0.956658050884271,1.04955657844423
110,1.0175622504933,1.0175622504933,0.994417310011396,1.02609017594894,1.04201611531927,1.04201611531927,1.0233327806503,1.02759431931439,1.08263715803761,1.08263715803761,0.950698876881165,1.13562199197673,0.902347772699382,0.902347772699382,1.12420765473658,1.04254476395461,0.934386942883296,0.934386942883296,0.716401116544116,1.05333340509368,0.977086200509214,0.977086200509214,0.966788874400584,0.931034902179921,0.98192986629581,0.98192986629581,0.958331005308393,1.0496967710466
111,1.01751309513205,1.01751309513205,0.99584516413759,1.02514803761284,1.04249983125032,1.04249983125032,1.02444953856776,1.02541926910418,1.08332268886821,1.08332268886821,0.951790175167682,1.13332708179967,0.907560161144462,0.907560161144462,1.13501211366518,1.0255498113486,0.92610611142364,0.92610611142364,0.710384652406976,1.04925233783699,0.982263421009262,0.982263421009262,0.973565702691973,0.932487584741057,0.983362850550689,0.983362850550689,0.960052936421959,1.04966615396955
112,1.01736928310764,1.01736928310764,0.997018440536044,1.02385721051855,1.04253999629695,1.04253999629695,1.02500481895231,1.02302719849447,1.08248971544475,1.08248971544475,0.952595530248746,1.13017803819938,0.912254060609723,0.912254060609723,1.14363167556848,1.00890923151087,0.919108034557744,0.919108034557744,0.705823249894679,1.04517940594683,0.9871167198245,0.9871167198245,0.979971800913727,0.934114179598034,0.984498995345654,0.984498995345654,0.96176281375512,1.04930179499775
113,1.01690668653831,1.01690668653831,0.998171357797717,1.02238457346639,1.04214810415129,1.04214810415129,1.02539722556545,1.0203660967391,1.08126306673408,1.08126306673408,0.952552690382225,1.1264433260448,0.917273161464325,0.917273161464325,1.15242904433392,0.992942274464946,0.912720603158075,0.912720603158075,0.701883904638845,1.04220684798808,0.99195308272336,0.99195308272336,0.986633606791769,0.936145553453869,0.985616501208343,0.985616501208343,0.963616916277783,1.0486710989655
114,1.01650525414841,1.01650525414841,0.999405554241204,1.02106292012193,1.04156021563216,1.04156021563216,1.02569031890335,1.01789132268733,1.07950088418997,1.07950088418997,0.952772509938282,1.12241927733991,0.923044290531777,0.923044290531777,1.16176876342478,0.976589491446442,0.905958802184993,0.905958802184993,0.700378341959777,1.03765734107779,0.995935697164016,0.995935697164016,0.99302888749791,0.937870926812984,0.986633593282033,0.986633593282033,0.965547228104878,1.04791176394485
115,1.01576314958168,1.01576314958168,1.00033788468176,1.01923289922379,1.04048820877701,1.04048820877701,1.02539833787413,1.01491132408622,1.07685998656386,1.07685998656386,0.952532732854046,1.11789637251377,0.928163821227205,0.928163821227205,1.16989745232168,0.960499080573693,0.90046698413579,0.90046698413579,0.698715489538906,1.03382978233951,0.999993364455142,0.999993364455142,0.999075360865524,0.93953503103711,0.987319963788149,0.987319963788149,0.967241742776739,1.04683866953
116,1.014994530132,1.014994530132,1.00147801601212,1.01747287181516,1.03923066807778,1.03923066807778,1.02495254044422,1.01194475188445,1.07300390534409,1.07300390534409,0.951985850702581,1.11229066320561,0.932574763601251,0.932574763601251,1.17668956939962,0.944739452566022,0.894825498080159,0.894825498080159,0.700771566314286,1.02841005364135,1.00338631188454,1.00338631188454,1.00510785201881,0.940938755819958,0.988115577051184,0.988115577051184,0.969169638595562,1.04544367567473
117,1.01394932225999,1.01394932225999,1.00231464867448,1.01528995231994,1.03752268530891,1.03752268530891,1.02412413531098,1.0089658920115,1.06899687665114,1.06899687665114,0.951283666866325,1.10662291225112,0.937180986221347,0.937180986221347,1.18398070130485,0.92928544486,0.89099838737712,0.89099838737712,0.705009972500605,1.02377079526801,1.00639329869334,1.00639329869334,1.01108314843529,0.942605909118408,0.98857357661784,0.98857357661784,0.971080307224961,1.0436088567418
118,1.01294454774827,1.01294454774827,1.00324143198792,1.01322927552956,1.03558716767663,1.03558716767663,1.02310046703685,1.00579056180981,1.0643267721236,1.0643267721236,0.950178031275082,1.10049437879199,0.940988951019324,0.940988951019324,1.1887539094474,0.914472558301348,0.887564005522949,0.887564005522949,0.710929116897833,1.01776925664713,1.00955496687172,1.00955496687172,1.01696684120893,0.944072974105597,0.988897883977951,0.988897883977951,0.972999799536747,1.04151975326845
119,1.01162372464561,1.01162372464561,1.00389298337688,1.01080995587596,1.03320862731646,1.03320862731646,1.02169225776097,1.00246579340014,1.05900719544952,1.05900719544952,0.949345951458009,1.09390099170356,0.946466362655472,0.946466362655472,1.19450256025758,0.90076472765329,0.884675213441544,0.884675213441544,0.718230201601809,1.00998213628781,1.01186859132163,1.01186859132163,1.02270236854266,0.945191754263468,0.989104723303336,0.989104723303336,0.975060418244817,1.0391014505713
120,1.01031724234876,1.01031724234876,1.00462878421785,1.0084520329848,1.03065524199436,1.03065524199436,1.0200876730355,0.999102652500062,1.0528796547523,1.0528796547523,0.948333967141236,1.0870093230585,0.950082633987428,0.950082633987428,1.19893591303883,0.887141296436733,0.882120480350487,0.882120480350487,0.728098686255186,1.00276081754931,1.01378983732999,1.01378983732999,1.02809202307667,0.946342578466587,0.989171934136053,0.989171934136053,0.977053099850694,1.03625831623646
121,1.0086598234571,1.0086598234571,1.00511012535506,1.00565504750442,1.02752812777822,1.02752812777822,1.01802216877875,0.995578024059267,1.04595692205348,1.04595692205348,0.946826600271573,1.0791046897884,0.952216369573861,0.952216369573861,1.20151240538385,0.872928641859878,0.880584687047192,0.880584687047192,0.741127958245103,0.992926471566595,1.01521833730819,1.01521833730819,1.03325744432163,0.947307466665682,0.989085480680945,0.989085480680945,0.979134517238677,1.03317153193769
122,1.00698866970917,1.00698866970917,1.0058244064901,1.00290580631832,1.02448322992868,1.02448322992868,1.01613439555937,0.992205587959651,1.03892642913571,1.03892642913571,0.945742298589762,1.07165642385956,0.954632663720395,0.954632663720395,1.20538712419793,0.860634370634455,0.882559506502676,0.882559506502676,0.757282509017808,0.982645992580445,1.01609098268362,1.01609098268362,1.03868064466204,0.947960371278819,0.988886690557083,0.988886690557083,0.981265567840091,1.02964011730818
123,1.00510176120042,1.00510176120042,1.00627614327867,0.99992126661392,1.02101648591309,1.02101648591309,1.01378522610497,0.988965509145786,1.03131893786806,1.03131893786806,0.944676750102532,1.06390236486237,0.955137204111211,0.955137204111211,1.20729624987133,0.849517497689484,0.884043414897075,0.884043414897075,0.776834307792406,0.970517210804193,1.01637283198669,1.01637283198669,1.04397190583596,0.948261654339794,0.988608313953162,0.988608313953162,0.98367025763936,1.02566685571856
124,1.00331463238275,1.00331463238275,1.00672610970751,0.996924510507896,1.017382291127,1.017382291127,1.0112799361819,0.985915147737909,1.02329389060315,1.02329389060315,0.94369768423741,1.05622129941029,0.957751568221596,0.957751568221596,1.21084240681756,0.840158858864119,0.884264125317221,0.884264125317221,0.797301964227472,0.955351050568102,1.01621678385895,1.01621678385895,1.04864887021903,0.948448280700267,0.988070048755069,0.988070048755069,0.986090152534173,1.02157600984848
125,1.00124959307103,1.00124959307103,1.00694112973084,0.993632790269837,1.01326050726197,1.01326050726197,1.00834759917527,0.982626500844399,1.0146364797601,1.0146364797601,0.942803036422513,1.04780272965574,0.956543221882771,0.956543221882771,1.21179499985888,0.830274427307101,0.882749485092169,0.882749485092169,0.819734690329782,0.937973907653237,1.01497974887221,1.01497974887221,1.05261671192971,0.947966239308649,0.987481048433627,0.987481048433627,0.98818265204706,1.01694532136516
126,0.999208369412479,0.999208369412479,1.00724028118219,0.990586204622233,1.00918095076908,1.00918095076908,1.00556028603404,0.979884734764825,1.00603259259801,1.00603259259801,0.942377046424497,1.03982475880184,0.956232367613549,0.956232367613549,1.21302441480965,0.823045170411921,0.880843712476984,0.880843712476984,0.84396651648884,0.918929277030249,1.01291202204325,1.01291202204325,1.0556949856012,0.947809010627029,0.986675298207424,0.986675298207424,0.990349627641052,1.0123158932761
127,0.997007450506699,0.997007450506699,1.00721191608535,0.987358182787504,1.0050079608709,1.0050079608709,1.0024835077999,0.977308878728316,0.997061999905835,0.997061999905835,0.942371884994796,1.03184936823822,0.954005375746349,0.954005375746349,1.21243163772273,0.816954781621942,0.877044140687128,0.877044140687128,0.86858341318636,0.896995541563269,1.00973835016274,1.00973835016274,1.05784698072837,0.947013087169213,0.985610992536051,0.985610992536051,0.992214864810538,1.00718753287059
128,0.995005980810465,0.995005980810465,1.00724984112468,0.984214711829091,1.00073879618354,1.00073879618354,0.999167715616668,0.975270184593403,0.988156158392629,0.988156158392629,0.942612464968096,1.02395029692717,0.952936116766446,0.952936116766446,1.21215717956773,0.812959700457506,0.86957431026497,0.86957431026497,0.894097492675336,0.872446679402641,1.00611929339364,1.00611929339364,1.0591933586423,0.946351265451923,0.984852883521362,0.984852883521362,0.994179210841128,1.00212941318643
129,0.992885212503072,0.992885212503072,1.00703466373604,0.980982617860486,0.996248987817963,0.996248987817963,0.995763468409621,0.973379525117824,0.979193882365639,0.979193882365639,0.943621065680954,1.01612634073323,0.950343273336238,0.950343273336238,1.21054115944551,0.810669382965389,0.859671875845001,0.859671875845001,0.920424060479414,0.845302897749108,1.00161713257795,1.00161713257795,1.05956719587067,0.945817677445328,0.983747149615901,0.983747149615901,0.99591618948448,0.996605105178167
130,0.991010478071456,0.991010478071456,1.00693692020883,0.978025697846724,0.991974843369028,0.991974843369028,0.992450086228538,0.97207303318254,0.971240120802354,0.971240120802354,0.946090867142258,1.00917526807189,0.947785102112982,0.947785102112982,1.20798515297235,0.810118689780342,0.845742374265404,0.845742374265404,0.947544704755907,0.81674225016291,0.997145159290406,0.997145159290406,1.05966570431072,0.945980141330031,0.982922232228571,0.982922232228571,0.997740249469491,0.991344692216499
131,0.989167601896015,0.989167601896015,1.00665858031952,0.975152561495651,0.987809147061033,0.987809147061033,0.98912666678577,0.971227328916739,0.963490058131455,0.963490058131455,0.949868001397689,1.00290992188801,0.946851343711971,0.946851343711971,1.20326736173956,0.812960748897649,0.828295075862721,0.828295075862721,0.974996499174424,0.786995151218761,0.991861272229316,0.991861272229316,1.05867233415362,0.946891239255686,0.982267479992188,0.982267479992188,0.999509476571092,0.986070677500191
132,0.987673458862508,0.987673458862508,1.00647235814764,0.97262911718213,0.984089793321973,0.984089793321973,0.986295549869272,0.971232413470334,0.957237589242143,0.957237589242143,0.956254123668703,0.997528296455931,0.945743427213972,0.945743427213972,1.19453696601673,0.818717733722192,0.807816501436514,0.807816501436514,1.00091064170233,0.757327306490515,0.987045410702912,0.987045410702912,1.05733821225472,0.949118616813782,0.98202753832554,0.98202753832554,1.00154249501074,0.981011901360693
133,0.986368959673246,0.986368959673246,1.00623690030487,0.970304381198454,0.980523806179261,0.980523806179261,0.983311569959518,0.971708984441599,0.951984130056319,0.951984130056319,0.965095538048638,0.992928613658947,0.946231627829097,0.946231627829097,1.18122430098262,0.825994956753908,0.785424970330812,0.785424970330812,1.02700206397268,0.728116616875198,0.982776965533227,0.982776965533227,1.05559498112176,0.953970154299945,0.981998712122586,0.981998712122586,1.00353859054135,0.976280643919324
134,0.985595933317817,0.985595933317817,1.00642223729689,0.968692603069471,0.977467238585418,0.977467238585418,0.980841715013048,0.972924881283935,0.9481301874076,0.9481301874076,0.974768172007362,0.989759271775109,0.952019096672239,0.952019096672239,1.16501262244144,0.83707932805445,0.759875244732135,0.759875244732135,1.05195984278621,0.70084345665067,0.979846873727202,0.979846873727202,1.0541192533403,0.96117252808945,0.982813115240426,0.982813115240426,1.0060528410636,0.972067172191769
135,0.985100266593229,0.985100266593229,1.00675604845744,0.967818471336309,0.974640670585475,0.974640670585475,0.978992051607822,0.974717265872073,0.945700236053542,0.945700236053542,0.984358681884616,0.9872808169493,0.958231399683319,0.958231399683319,1.14547409083865,0.850420728872573,0.736160648449609,0.736160648449609,1.07751074596056,0.681790690661149,0.977899659313722,0.977899659313722,1.05247936400542,0.96855663821457,0.984096258578204,0.984096258578204,1.00872628552226,0.968300510226689
136,0.985104067549441,0.985104067549441,1.00747796180994,0.968052963296685,0.972701984014006,0.972701984014006,0.977621872695475,0.977428736486481,0.944295194874562,0.944295194874562,0.99418564259141,0.985252536768072,0.96760724268041,0.96760724268041,1.12177666460961,0.86510596784383,0.714325483213137,0.714325483213137,1.10420555061836,0.668132197545481,0.977626248256703,0.977626248256703,1.05184792030153,0.977128334023802,0.986308330079242,0.986308330079242,1.01204033982665,0.965201962248235
137,0.98535193763595,0.98535193763595,1.00809646648413,0.968632622701418,0.976366057369535,0.976366057369535,0.976302965916694,0.980499515554885,0.943416776816318,0.943416776816318,1.00262257293042,0.983869501176768,0.976656290163703,0.976656290163703,1.09365980548662,0.881916132874664,0.774701956120933,0.774701956120933,1.13275311270302,0.658947106298346,0.979216501092369,0.979216501092369,1.05153490282848,0.986060050722013,0.988941676664987,0.988941676664987,1.01545331916542,0.962369882621308
138,0.985993546389397,0.985993546389397,1.0089661261906,0.969926498978081,0.980276151067055,0.980276151067055,0.9752963795259,0.984500450146446,0.943478854781481,0.943478854781481,1.01058350475252,0.98215957147659,0.987902041149502,0.987902041149502,1.05981977157357,0.901255659750192,0.832352076623633,0.832352076623633,1.16437466343727,0.655150514439137,0.982652709388861,0.982652709388861,1.05318819897793,0.995908675846004,0.992391916590293,0.992391916590293,1.01950262781352,0.960083448672816
139,0.98683372297124,0.98683372297124,1.00964029884265,0.971762618240967,0.983965928040404,0.983965928040404,0.974180760400658,0.989180543391545,0.943634851658532,0.943634851658532,1.01756737793217,0.981393282602536,0.997251581093044,0.997251581093044,1.02021532848737,0.920121029571104,0.885915262764137,0.885915262764137,1.1997777436329,0.653344725499951,0.987348058499783,0.987348058499783,1.05551321681492,1.00595347726137,0.995943853146091,0.995943853146091,1.02350513943182,0.957829548650964
140,0.987880528346585,0.987880528346585,1.01033304060109,0.974172928052464,0.98778646148053,0.98778646148053,0.973193851280132,0.993879253517773,0.945151336151048,0.945151336151048,1.02358268015375,0.981869202810157,1.00787323235371,1.00787323235371,0.982656846192995,0.941610645069638,0.936987175048308,0.936987175048308,1.23466529223333,0.655342351630613,0.994006250606665,0.994006250606665,1.05895324431968,1.01662190067042,1.00027397141288,1.00027397141288,1.02818578780696,0.956797679631453
141,0.989146871076867,0.989146871076867,1.01110879255975,0.976607493617917,0.991221591555221,0.991221591555221,0.972007415168756,0.998499444365839,0.946430558066665,0.946430558066665,1.02871549259485,0.982632165976737,1.01494237726072,1.01494237726072,0.949890482076732,0.963618714218827,0.986001651137447,0.986001651137447,1.26827874131988,0.660630602308356,1.00125951733319,1.00125951733319,1.06256940169301,1.02717676044336,1.00449698499189,1.00449698499189,1.03274849821303,0.956810966287531
142,0.990370944236134,0.990370944236134,1.01165069967005,0.979082819866414,0.994587985830008,0.994587985830008,0.970881335045189,1.00294530387895,0.948627286366914,0.948627286366914,1.03317175630054,0.983531483149789,1.02282970654558,1.02282970654558,0.920923721911077,0.985947081831664,1.03335820483005,1.03335820483005,1.30034270233124,0.668032736128833,1.00972818861291,1.00972818861291,1.0670359999214,1.03804521463397,1.00918783325568,1.00918783325568,1.03740327954307,0.957742240090772
143,0.991719383948176,0.991719383948176,1.01230284117892,0.981778887246402,0.997545511499217,0.997545511499217,0.969900199336398,1.0074427504254,0.9504917044881,0.9504917044881,1.0365934400972,0.984304194079657,1.02676480276904,1.02676480276904,0.892867007206739,1.0049652618034,1.07758649763096,1.07758649763096,1.32968723417788,0.677292357830659,1.01839028588494,1.01839028588494,1.07123417415867,1.04840268999174,1.01406421561457,1.01406421561457,1.04202205709765,0.959259229606388
144,0.993085561455875,0.993085561455875,1.012768111384,0.984414148028276,1.00034750764533,1.00034750764533,0.968564793312156,1.01164534582749,0.952867419304174,0.952867419304174,1.03936111340149,0.985286711279366,1.03019296741501,1.03019296741501,0.868233534217491,1.02373548568134,1.11963203222612,1.11963203222612,1.35715454714952,0.68797409408872,1.02742128901264,1.02742128901264,1.0759442815683,1.05889139060483,1.01879556142352,1.01879556142352,1.04623260803701,0.961043317670659
145,0.994479888074073,0.994479888074073,1.01331548693877,0.98706973013524,1.00310674826279,1.00310674826279,0.967355131136143,1.01580906558022,0.954828370146307,0.954828370146307,1.04126808962847,0.986307302095686,1.03126621170606,1.03126621170606,0.844559745532904,1.03995013671102,1.15760779439048,1.15760779439048,1.38086189881835,0.699165471695408,1.03578602724764,1.03578602724764,1.07956325840048,1.06842952791517,1.02343351134105,1.02343351134105,1.05022666362635,0.963009007540129
146,0.995779796736508,0.995779796736508,1.01355674762729,0.989614892496097,1.00541373598823,1.00541373598823,0.96587692586387,1.01949412227973,0.956539583413756,0.956539583413756,1.04224228080999,0.987176401202543,1.03057476022259,1.03057476022259,0.823420426892098,1.05570137719755,1.19072233970606,1.19072233970606,1.4006425304949,0.710398050997118,1.04351890724111,1.04351890724111,1.0830771096953,1.07711921714775,1.02767244724683,1.02767244724683,1.05368462798873,0.964997699604705
147,0.997108607355842,0.997108607355842,1.01385109943674,0.99226728771568,1.00752125659729,1.00752125659729,0.964512758715117,1.02328277675873,0.9582989145298,0.9582989145298,1.04268874447916,0.988131911363965,1.03108129326898,1.03108129326898,0.804092006795526,1.06989332508159,1.21943465005924,1.21943465005924,1.415676589127,0.720242894226976,1.05028305281782,1.05028305281782,1.08574598643283,1.08491817396997,1.03168047168392,1.03168047168392,1.05675043744308,0.966938943077322
148,0.998286793608953,0.998286793608953,1.01393045089352,0.994688220485114,1.00929757276109,1.00929757276109,0.963080581835477,1.02660873686065,0.959512672409426,0.959512672409426,1.04257949421714,0.989084726555536,1.03037589319651,1.03037589319651,0.785953080463542,1.0822198358414,1.24070227421534,1.24070227421534,1.42726815922946,0.729422211988184,1.05573344667782,1.05573344667782,1.08714576144509,1.09142115914533,1.03509074229292,1.03509074229292,1.05915801594789,0.968693411876661
149,0.999588354861047,0.999588354861047,1.01407743009161,0.997244654984671,1.01101936305068,1.01101936305068,0.961528196167482,1.02984206275177,0.960678134226203,0.960678134226203,1.04173611660395,0.98975502863109,1.02974302578686,1.02974302578686,0.769370817753267,1.09395686113089,1.2586257164358,1.2586257164358,1.43747410665664,0.738656640296875,1.06017493531589,1.06017493531589,1.08835122395617,1.09723010596904,1.03840706362789,1.03840706362789,1.06137107952579,0.970563338041162
150,1.00063738205138,1.00063738205138,1.01391005241541,0.999468787622259,1.01213314457236,1.01213314457236,0.95969243662079,1.03269870796412,0.961600927633707,0.961600927633707,1.04040395159803,0.990440697768769,1.02764635359407,1.02764635359407,0.753357431946083,1.10326543693943,1.27319819177101,1.27319819177101,1.44460738056585,0.748383914358769,1.06407536599391,1.06407536599391,1.08888663343901,1.10252197581126,1.04125929818755,1.04125929818755,1.06304679135065,0.972204870263844
151,1.00166340152125,1.00166340152125,1.01373041991582,1.00172199568916,1.01302769083324,1.01302769083324,0.95806465231423,1.03525875421679,0.96231414107844,0.96231414107844,1.03862853447922,0.991223385821062,1.0274698043104,1.0274698043104,0.739342469202435,1.11291711478473,1.28397588469257,1.28397588469257,1.44962802704,0.75690085582547,1.06737323459453,1.06737323459453,1.08933423691747,1.10710853147981,1.04399622793539,1.04399622793539,1.06451422750583,0.973963172762367
152,1.00242583294077,1.00242583294077,1.01331096268615,1.00368427241362,1.01358766250718,1.01358766250718,0.956035615892143,1.03763551820163,0.962977929770049,0.962977929770049,1.03599826990342,0.991960660764386,1.02676480276904,1.02676480276904,0.725537880604391,1.12049261903709,1.29484297930331,1.29484297930331,1.45304079359502,0.765714082092685,1.07024621967901,1.07024621967901,1.08923319671845,1.1110036376334,1.04629130682713,1.04629130682713,1.06564875347759,0.975463383279498
153,1.00317412553765,1.00317412553765,1.01290285542936,1.00558538844136,1.01397052569121,1.01397052569121,0.954170194780578,1.03966785664455,0.963767894153529,0.963767894153529,1.03361804792204,0.992653325355719,1.02477095160376,1.02477095160376,0.71293276606748,1.12762201200866,1.30447441485297,1.30447441485297,1.45484304996765,0.774363813735701,1.0725771365909,1.0725771365909,1.08903640999827,1.11464296672205,1.04832325229034,1.04832325229034,1.06645210248926,0.976981501898299
154,1.0036171481006,1.0036171481006,1.01214291868421,1.00725667480693,1.01407298805813,1.01407298805813,0.952219258318144,1.04141116999409,0.963908445795228,0.963908445795228,1.03041165309314,0.993178901816329,1.02494231998295,1.02494231998295,0.701128176369268,1.13489032329916,1.31068902959455,1.31068902959455,1.45420047665791,0.783661487958408,1.0739755678895,1.0739755678895,1.08840157143575,1.11714631427126,1.04981866816453,1.04981866816453,1.06685707274551,0.9781099486274
155,1.00412513579919,1.00412513579919,1.01136539636583,1.00889164639408,1.01404997552359,1.01404997552359,0.950308788704928,1.04319926449013,0.964613223765269,0.964613223765269,1.02707375650529,0.994213770238877,1.02536316883974,1.02536316883974,0.690746566846931,1.14206584763702,1.31694714783667,1.31694714783667,1.45302659017352,0.79437419109553,1.0755087734279,1.0755087734279,1.08774107004364,1.1194424973556,1.05128440260811,1.05128440260811,1.06712259730688,0.979394185337739
156,1.00435517627951,1.00435517627951,1.01033412248759,1.01031528013472,1.0135670895528,1.0135670895528,0.948087137495948,1.044606229323,0.96475912183459,0.96475912183459,1.02344154372603,0.994946515339261,1.02563735824644,1.02563735824644,0.680633637413174,1.14930139517306,1.31978525235323,1.31978525235323,1.44967984322585,0.804526341235399,1.07612013029697,1.07612013029697,1.08656173068197,1.12100028668634,1.05225782776353,1.05225782776353,1.06688567093039,0.980365450400281
157,1.00449426924234,1.00449426924234,1.00928302058048,1.01172530075149,1.01316028327272,1.01316028327272,0.946307549537735,1.04600779181768,0.965659876079342,0.965659876079342,1.0199544244706,0.996805872516675,1.02769895970117,1.02769895970117,0.671319131703053,1.15643996199588,1.32317692893623,1.32317692893623,1.44530308519306,0.815047994474582,1.07643068152148,1.07643068152148,1.0853530459322,1.12214530038933,1.05298220559309,1.05298220559309,1.06639480107566,0.981335638876065
158,1.00437353838681,1.00437353838681,1.00784599992507,1.01281159656121,1.01241734308642,1.01241734308642,0.944264874092514,1.04716545463213,0.966404811661298,0.966404811661298,1.01620888963478,0.998367521535297,1.0311123786959,1.0311123786959,0.662814605849411,1.16416146153814,1.32283089650537,1.32283089650537,1.43902017538962,0.826547203853637,1.07607074873027,1.07607074873027,1.0835176932966,1.12259501008718,1.05324299972244,1.05324299972244,1.06550384550314,0.982009844768244
159,1.00422816558328,1.00422816558328,1.00644027529538,1.01395411535942,1.01161082291396,1.01161082291396,0.942262215276332,1.04830119030921,0.967111787607139,0.967111787607139,1.01237331652529,1.00017039902542,1.03596887885583,1.03596887885583,0.654176133910553,1.17339638442665,1.32303923437032,1.32303923437032,1.43263415926714,0.839002712447109,1.07553272140789,1.07553272140789,1.0818830400996,1.12274746380335,1.0533889669613,1.0533889669613,1.06444258760835,0.98259805501091
160,1.0037204533163,1.0037204533163,1.00469778890561,1.01477060770971,1.01050430983215,1.01050430983215,0.940263952727801,1.04914578232891,0.968101708383671,0.968101708383671,1.00833788138792,1.00263222531386,1.04079628624441,1.04079628624441,0.646232868417901,1.18317151609877,1.32082334964582,1.32082334964582,1.4238853776754,0.850966949874449,1.07415176084409,1.07415176084409,1.079359797043,1.12236126689895,1.05304808327681,1.05304808327681,1.06296976795648,0.982973494948843
161,1.003156387742,1.003156387742,1.00285681150341,1.01554645740981,1.00937594113009,1.00937594113009,0.938439369235017,1.05007445485727,0.969894781398483,0.969894781398483,1.00483544989103,1.00584824178191,1.05066032985663,1.05066032985663,0.640937795821771,1.1946388301615,1.31784435764587,1.31784435764587,1.41482122752107,0.864209227141032,1.07282927375998,1.07282927375998,1.07687516331074,1.12145500146845,1.05241559211338,1.05241559211338,1.06109749284985,0.983227438132488
162,1.00227326219117,1.00227326219117,1.0007539585573,1.01613559878811,1.00804337705321,1.00804337705321,0.936533719626094,1.05082940513782,0.97171797262223,0.97171797262223,1.00129728983077,1.00956443318624,1.06082725711578,1.06082725711578,0.63360306577901,1.20806987261184,1.3138256718946,1.3138256718946,1.40471075864954,0.878259530006185,1.07030213791519,1.07030213791519,1.0740172102099,1.11987293460254,1.05128455353064,1.05128455353064,1.05887366227857,0.983250886717225
163,1.00125745205295,1.00125745205295,0.998546556034382,1.01664081879871,1.00684199699839,1.00684199699839,0.93488037870337,1.05183662342639,0.974617280916721,0.974617280916721,0.99833422773768,1.01464485273271,1.07597542477367,1.07597542477367,0.627838393966478,1.2262275453363,1.30905944434056,1.30905944434056,1.3925515777397,0.892774336057265,1.06802880311899,1.06802880311899,1.07069502457734,1.11768784137704,1.04997321283377,1.04997321283377,1.05643063147845,0.983220269640177
164,0.99985152058294,0.99985152058294,0.995918437359335,1.0169385567031,1.00542641174496,1.00542641174496,0.933205215343633,1.05277588877474,0.978164457429458,0.978164457429458,0.995425532704106,1.02087350145479,1.09605103112985,1.09605103112985,0.623775625354329,1.24829537557364,1.30389769413487,1.30389769413487,1.37982846839102,0.907827650886605,1.06472713136522,1.06472713136522,1.06726288004938,1.11494885215936,1.04814375509638,1.04814375509638,1.05353585965323,0.982918536507796
165,0.998346543906124,0.998346543906124,0.993283551976025,1.01712640600928,1.00419983107854,1.00419983107854,0.931761173838044,1.05407361515148,0.982879828377535,0.982879828377535,0.993061196456366,1.02836270798944,1.12006412489618,1.12006412489618,0.618915746215457,1.27372974710975,1.29618360552622,1.29618360552622,1.36616556598638,0.924021491617661,1.06114996870506,1.06114996870506,1.0633219095078,1.11173351699078,1.04601534498367,1.04601534498367,1.0502987762211,0.982456759563573
166,0.996463601612543,0.996463601612543,0.990220101845823,1.01704081250931,1.00271988617932,1.00271988617932,0.930396980205752,1.05485430598461,0.98777394822243,0.98777394822243,0.990964566362469,1.03610736326204,1.14554739994349,1.14554739994349,0.614801500284285,1.30050114193807,1.28938748069033,1.28938748069033,1.35123776998921,0.940953813684986,1.05696430154068,1.05696430154068,1.05871174903763,1.10771328373052,1.0433950783504,1.0433950783504,1.04664976337846,0.981829214516947
167,0.994485819034732,0.994485819034732,0.987059380284337,1.01682994679427,1.00105159060118,1.00105159060118,0.929304851980548,1.05561280485985,0.992472091792614,0.992472091792614,0.988946676746125,1.04365734996779,1.169379959115,1.169379959115,0.610260990634868,1.32559319776753,1.28134531981159,1.28134531981159,1.33598487345547,0.959807394410033,1.05251556314192,1.05251556314192,1.0537499042301,1.10332411247714,1.0406311586237,1.0406311586237,1.04269068738715,0.981086264621585
168,0.992533927028222,0.992533927028222,0.983603067661597,1.01633413006866,0.99872249575239,0.99872249575239,0.92802431985132,1.05558912990718,0.996040238182578,0.996040238182578,0.985876486312119,1.05001432512657,1.18700021527544,1.18700021527544,0.602857186434436,1.3449667989477,1.27155703219119,1.27155703219119,1.3185672702745,0.978785105082507,1.04704544042495,1.04704544042495,1.04842883734827,1.09789946407758,1.03729607258768,1.03729607258768,1.03811521415476,0.98009596235419
169,0.990286184748814,0.990286184748814,0.980058827172763,1.01586760516595,0.996169990691179,0.996169990691179,0.926621301349292,1.05511483639221,0.998543554404556,0.998543554404556,0.982385696706674,1.05558643332127,1.19851935860571,1.19851935860571,0.592099739955348,1.36228965120841,1.26095215592772,1.26095215592772,1.29963673967739,0.999514019009041,1.04135966703945,1.04135966703945,1.04240405655186,1.09196464226105,1.03368867200264,1.03368867200264,1.03336368744998,0.979007349335107
170,0.988101553032214,0.988101553032214,0.976502253177878,1.01504812264973,0.992926531136455,0.992926531136455,0.925348264061904,1.05386308285422,0.999439734483454,0.999439734483454,0.977252138725735,1.05965486301903,1.19986998055237,1.19986998055237,0.576776045167332,1.37421277462325,1.24834093014874,1.24834093014874,1.27788314754387,1.01972305677099,1.03465120200185,1.03465120200185,1.03545921152862,1.08468788256399,1.02973611159479,1.02973611159479,1.02841444198121,0.977922018592724
171,0.985745915010283,0.985745915010283,0.972616451287059,1.01437041727767,0.989033866604443,0.989033866604443,0.923457604136657,1.05191291821236,0.998408705618987,0.998408705618987,0.970502365057653,1.06203412001843,1.19085719940048,1.19085719940048,0.55981453118833,1.37895486938949,1.23294627856489,1.23294627856489,1.25355452769755,1.04278603359901,1.0276979684044,1.0276979684044,1.02846568768512,1.0769833319864,1.02519439994297,1.02519439994297,1.02270990505664,0.97637170740406
172,0.983544077999138,0.983544077999138,0.968824714509364,1.01373923652694,0.984190847271485,0.984190847271485,0.921426687383226,1.04933012387875,0.994997981820106,0.994997981820106,0.961207662451504,1.06232620887838,1.17165796296484,1.17165796296484,0.541072584833495,1.3754737860051,1.2127359092062,1.2127359092062,1.22611483248994,1.06502576382011,1.01982419347152,1.01982419347152,1.02014206974109,1.06813854267125,1.02052324706916,1.02052324706916,1.01697495794098,0.975089991482225
173,0.981038696992136,0.981038696992136,0.964713998251447,1.01292719008128,0.978866450986398,0.978866450986398,0.91889750930701,1.04591396591464,0.99062270307352,0.99062270307352,0.950998755946812,1.06171645761479,1.14810955647789,1.14810955647789,0.521931951895607,1.36704668624668,1.18874153353032,1.18874153353032,1.19543412691695,1.08671333884166,1.01111194211731,1.01111194211731,1.01119540892976,1.05807331821089,1.01523436828597,1.01523436828597,1.0103861357276,0.973225894641141
174,0.978729827257511,0.978729827257511,0.960715208069163,1.01217333383853,0.973289771931885,0.973289771931885,0.916748449481348,1.04227122753097,0.984949965152653,0.984949965152653,0.93955013137708,1.06015194160696,1.11618243184204,1.11618243184204,0.501795653057618,1.35346519263584,1.16070891548367,1.16070891548367,1.16147637637217,1.10812719814405,1.00109901238535,1.00109901238535,1.00132701523228,1.04632552249135,1.0095716292458,1.0095716292458,1.00352406823075,0.971420248583512
175,0.976174831836571,0.976174831836571,0.956466285729102,1.01120337909035,0.967311090306692,0.967311090306692,0.914509372103005,1.03801635656225,0.978518984985528,0.978518984985528,0.927104031842958,1.05766345231895,1.08330760021618,1.08330760021618,0.483580823944013,1.33602334241892,1.1286616028326,1.1286616028326,1.12475527126654,1.12857032451721,0.989470217958223,0.989470217958223,0.989637884053265,1.03266601470075,1.00330560255148,1.00330560255148,0.995779369885552,0.969131950301855
176,0.973692825792168,0.973692825792168,0.952236975040607,1.01032948342292,0.961050071290453,0.961050071290453,0.912650201106896,1.03357717052573,0.971969135910947,0.971969135910947,0.914053987684561,1.05495787460851,1.04673679103548,1.04673679103548,0.466107951086748,1.31702980079054,1.08925900567361,1.08925900567361,1.08276995731066,1.14737640519895,0.977723822904741,0.977723822904741,0.977408855273231,1.01774942534334,0.996699471939058,0.996699471939058,0.987906754406689,0.96675271982653
177,0.971139446236671,0.971139446236671,0.947777970013769,1.00926529910342,0.954691846322283,0.954691846322283,0.911214713784748,1.02865082069796,0.964725795769082,0.964725795769082,0.900270733762481,1.05166330263631,1.00968017242635,1.00968017242635,0.450820237894171,1.29990955958745,1.04322871007531,1.04322871007531,1.03529765120802,1.16324509369986,0.963689534109396,0.963689534109396,0.963520143406347,1.00102042018433,0.989610741387828,0.989610741387828,0.979664699749761,0.964096649005308
178,0.968732908453291,0.968732908453291,0.943645025906034,1.00844859035955,0.948406859059682,0.948406859059682,0.910754668210277,1.02354010283829,0.957280004234608,0.957280004234608,0.885647084386588,1.04808719232441,0.97260801110375,0.97260801110375,0.43761131541626,1.28080829073439,0.990292133988387,0.990292133988387,0.981311235163077,1.18086341086776,0.948283317238977,0.948283317238977,0.948188789244583,0.982336440616691,0.982535141096581,0.982535141096581,0.971168228917323,0.961487659161056
179,0.96613369707796,0.96613369707796,0.939390320390888,1.0074624060923,0.941835460055658,0.941835460055658,0.909718817507711,1.01811398376348,0.94977379806801,0.94977379806801,0.870182121969378,1.04425551859501,0.935814024498996,0.935814024498996,0.429555902907164,1.262893331903,0.925341806804147,0.925341806804147,0.917899796847162,1.19177451197582,0.930830647427537,0.930830647427537,0.930489262263325,0.961069089681271,0.974799883586774,0.974799883586774,0.962138844434015,0.958801575201699
180,0.963874919172063,0.963874919172063,0.935597757445324,1.00676007119555,0.935529145329347,0.935529145329347,0.90865235183283,1.01253490436804,0.942386520213618,0.942386520213618,0.854551879103288,1.04044299635347,0.902507185145137,0.902507185145137,0.430102980741484,1.24338972414511,0.842783737114333,0.842783737114333,0.840841237706052,1.18824691207456,0.910295106017069,0.910295106017069,0.909858763950839,0.937095944167503,0.966738004571418,0.966738004571418,0.952234654868274,0.956436707969209
181,0.96223665195832,0.96223665195832,0.932551145403126,1.00615432652743,0.931224216899775,0.931224216899775,0.909926130659341,1.00775010109736,0.941082764135694,0.941082764135694,0.845545987163537,1.04001105576022,0.898026898357188,0.898026898357188,0.458059892480368,1.23360279752138,0.715076617048064,0.715076617048064,0.735251950165025,1.15236128543436,0.881918770142461,0.881918770142461,0.881486491938335,0.905582150203445,0.95694926998433,0.95694926998433,0.940408373155757,0.952524444209763
182,0.964636671193607,0.964636671193607,0.936538624953865,1.00600971659449,0.938142136888461,0.938142136888461,0.924370041542519,1.01027614439787,0.967828208908446,0.967828208908446,0.866522209517386,1.05779200811479,0.995175233987082,0.995175233987082,0.572201655037537,1.25883350955974,0.708836059852036,0.708836059852036,0.719065573207105,1.1648648189335,0.884683424786404,0.884683424786404,0.885016224266712,0.897356610624474,0.958521958193142,0.958521958193142,0.941594186781394,0.957389802347945
183,0.967814527656436,0.967814527656436,0.941237985818692,1.00556815564293,0.943410271927889,0.943410271927889,0.936420555459396,1.01091062783311,0.986607238905874,0.986607238905874,0.878533200527687,1.06897051369505,1.03937831253942,1.03937831253942,0.648904698858873,1.25571859389525,0.730024260186055,0.730024260186055,0.725672268415494,1.18051910116158,0.893263516568602,0.893263516568602,0.894267041394678,0.892396341997345,0.961849095642657,0.961849095642657,0.944644003311422,0.963050206677254
184,0.971249306724676,0.971249306724676,0.945912660000756,1.00559024746101,0.948114738197666,0.948114738197666,0.947039316233273,1.01153210858182,1.00119389738613,1.00119389738613,0.886327131424347,1.07826512067033,1.06527048051009,1.06527048051009,0.711099543175709,1.24508295497586,0.755393985062335,0.755393985062335,0.736774346528834,1.1922298300705,0.902533702374962,0.902533702374962,0.904354604863268,0.887606648943213,0.965491988175664,0.965491988175664,0.947983110571159,0.968759503800271
185,0.974552760001471,0.974552760001471,0.950505858294372,1.0055049883875,0.952490791706686,0.952490791706686,0.95651025389719,1.01157596285657,1.01339688081363,1.01339688081363,0.891371281973016,1.08566740009236,1.07672227208203,1.07672227208203,0.761717506139199,1.22638323869752,0.784154987406934,0.784154987406934,0.747576048580068,1.19994451942456,0.912219560935909,0.912219560935909,0.915122405935961,0.884404775725417,0.969105350200584,0.969105350200584,0.951424583050977,0.973874209934718
186,0.978117432616785,0.978117432616785,0.955392542888241,1.00575138199519,0.957021142373559,0.957021142373559,0.965713098685027,1.0119029632096,1.02375392099762,1.02375392099762,0.896823529563403,1.0908122695561,1.0796574537395,1.0796574537395,0.804178940431224,1.20625082896394,0.812047516199566,0.812047516199566,0.761094023480136,1.20411586300665,0.921854374050653,0.921854374050653,0.926228311911522,0.883391907753006,0.97299801951835,0.97299801951835,0.95525332590035,0.979118815451804
187,0.981446941723846,0.981446941723846,0.959736572886594,1.00584171648194,0.961127483947645,0.961127483947645,0.973920506652438,1.0116841420307,1.03289738151623,1.03289738151623,0.902016214589032,1.0949509978291,1.07348221412206,1.07348221412206,0.841670449682995,1.18599680017379,0.83702371399761,0.83702371399761,0.773205596625318,1.20469163701225,0.931653732963459,0.931653732963459,0.937271499312521,0.883502479844508,0.976524072860501,0.976524072860501,0.958965942786871,0.98383586719962
188,0.984749807413207,0.984749807413207,0.964191053660814,1.00593950671139,0.965162474089485,0.965162474089485,0.981586114357198,1.01124464592939,1.04030461936708,1.04030461936708,0.906506314333873,1.09779923692225,1.06169286669623,1.06169286669623,0.873060583433516,1.16529089368206,0.858204730267321,0.858204730267321,0.785582826357826,1.20250269855247,0.941494272893982,0.941494272893982,0.948245581201549,0.884279418499933,0.980200268964809,0.980200268964809,0.962889041263681,0.988350940768489
189,0.987837836447101,0.987837836447101,0.96835763460323,1.00607611008159,0.968964572351664,0.968964572351664,0.988571015631664,1.01075329797424,1.04649435683896,1.04649435683896,0.91040290701228,1.09906908377984,1.04861706083316,1.04861706083316,0.899438769842539,1.14506491066572,0.875938193898295,0.875938193898295,0.798501364265303,1.19990462988543,0.951161234537708,0.951161234537708,0.958870107732352,0.885633149969818,0.983780503494711,0.983780503494711,0.966694280554313,0.992513524078104
190,0.990897312404136,0.990897312404136,0.972601206522803,1.00619675934275,0.972649822269037,0.972649822269037,0.995300112392642,1.01017545964389,1.05209711596274,1.05209711596274,0.914037528458735,1.09990246020123,1.03471509996997,1.03471509996997,0.922489840550566,1.12472884143439,0.888746981445757,0.888746981445757,0.809980885153706,1.19506933542175,0.960935991803567,0.960935991803567,0.969313210716739,0.887399139300109,0.986994147202752,0.986994147202752,0.970471972098443,0.996470794415645
191,0.993689895131494,0.993689895131494,0.97646619685158,1.00612786749331,0.975691903283755,0.975691903283755,1.00124328361865,1.00916403070937,1.05629305176499,1.05629305176499,0.916828485545899,1.09927757123465,1.02203423844126,1.02203423844126,0.939900467874113,1.10514607644572,0.896743643250542,0.896743643250542,0.821024045370451,1.18815453629973,0.970647283951213,0.970647283951213,0.979616146317977,0.889241355488484,0.990224820002765,0.990224820002765,0.974331676619051,0.999888300914597
192,0.996448214166621,0.996448214166621,0.980283761210524,1.0062695659489,0.978690423959859,0.978690423959859,1.00671446519362,1.00815344920046,1.05949164119679,1.05949164119679,0.919370088229271,1.09808782805538,1.00856747355498,1.00856747355498,0.954956795770465,1.08559450255129,0.903470322131448,0.903470322131448,0.833975461568439,1.18143446111215,0.980096633925562,0.980096633925562,0.989959532522808,0.891430878501207,0.993492192130972,0.993492192130972,0.978193665843135,1.003342621429
193,0.998883194854217,0.998883194854217,0.983906605670928,1.00608533631728,0.981381607835805,0.981381607835805,1.0118257354591,1.00699019867346,1.06158821308626,1.06158821308626,0.921401340213618,1.09589062487034,0.997155535094476,0.997155535094476,0.967538798041691,1.06594516161354,0.907460670740164,0.907460670740164,0.845825849573803,1.1745773968494,0.989305731584428,0.989305731584428,1.00021655122267,0.893861508504295,0.996253873173498,0.996253873173498,0.981922091827267,1.00645043855686
194,1.00138692327156,1.00138692327156,0.987362111796462,1.00592624768611,0.983691412396073,0.983691412396073,1.01638924666541,1.0058842553026,1.0631055292453,1.0631055292453,0.922909682020003,1.09322736392053,0.986755865664522,0.986755865664522,0.979513315420559,1.04926683793067,0.90815193737252,0.90815193737252,0.859114728545593,1.16639164352995,0.998415412442949,0.998415412442949,1.01025227117229,0.896304104685859,0.999122709211299,0.999122709211299,0.985748523712206,1.00923732779819
195,1.00342416235283,1.00342416235283,0.990630667935562,1.00559648353076,0.98568786923186,0.98568786923186,1.02043850049074,1.00427292849011,1.06311051924441,1.06311051924441,0.923618231619557,1.08937252491837,0.976084398014556,0.976084398014556,0.988358484553661,1.02982141860072,0.908394199985592,0.908394199985592,0.871789178024318,1.15772091739266,1.006827392971,1.006827392971,1.01974136134361,0.898533150605377,1.00145330520476,1.00145330520476,0.989204439719741,1.01168146857752
196,1.0053561131108,1.0053561131108,0.993830848848141,1.00528507348607,0.987462701527303,0.987462701527303,1.0241151573909,1.00275198491417,1.06287563285757,1.06287563285757,0.924189315141399,1.08518815417726,0.966637217947989,0.966637217947989,0.996400502454236,1.01239214966551,0.908839611972722,0.908839611972722,0.885730099253517,1.14851089518356,1.01523533264884,1.01523533264884,1.02938949201043,0.900810118768507,1.00393479857303,1.00393479857303,0.99271852375254,1.01383818695087
197,1.00727640393064,1.00727640393064,0.996720685701799,1.00469140751457,0.988905147312855,0.988905147312855,1.02720470069135,1.00130813058569,1.06171801246797,1.06171801246797,0.924171307486664,1.08030744909865,0.958005034010346,0.958005034010346,1.00510410896002,0.995879741635255,0.907548475970602,0.907548475970602,0.899538192189052,1.13961237878334,1.02314494041531,1.02314494041531,1.03879181189695,0.90303254877204,1.00592602010728,1.00592602010728,0.996182974571909,1.01575335601738
198,1.00880954808006,1.00880954808006,0.999500012767599,1.00421683670483,0.990429457360641,0.990429457360641,1.03012522603911,0.999518844397395,1.05957688701498,1.05957688701498,0.923824287363078,1.07502278524139,0.949829965260906,0.949829965260906,1.01206168884912,0.980210279479871,0.908197835561158,0.908197835561158,0.914246887258257,1.13148882165319,1.03049887185181,1.03049887185181,1.04786160825833,0.905261191983629,1.00783493855596,1.00783493855596,0.999483136828727,1.01733578100127
199,1.0102562617904,1.0102562617904,1.00218991699688,1.00356185265947,0.991444649663289,0.991444649663289,1.03249306638925,0.998137858455544,1.05701226508961,1.05701226508961,0.922681546827204,1.06974299526578,0.945118530426612,0.945118530426612,1.01783660359758,0.968064886754737,0.907242754122805,0.907242754122805,0.928233575067847,1.12107870166487,1.03742168022405,1.03742168022405,1.05698221241911,0.906969191372071,1.00964978196184,1.00964978196184,1.00287915158767,1.01889982523564
200,1.01136718764446,1.01136718764446,1.00444024090767,1.00282898659472,0.992480414920318,0.992480414920318,1.03452769083829,0.996716460905439,1.05507174948194,1.05507174948194,0.922039006178608,1.06495225630834,0.944418709789747,0.944418709789747,1.02584579157531,0.95998613123379,0.909208393940561,0.909208393940561,0.944156399649033,1.11153644158381,1.0439269736894,1.0439269736894,1.06538644387045,0.908869685150816,1.01094713717105,1.01094713717105,1.00583708102045,1.01987442509131
201,1.01235613401968,1.01235613401968,1.00672620806082,1.00216231729563,0.993474581562988,0.993474581562988,1.03598412664063,0.995403348457663,1.05230378509269,1.05230378509269,0.921080758079947,1.0599443715887,0.94421466185918,0.94421466185918,1.03161203922414,0.952805364695218,0.909987465803355,0.909987465803355,0.959290934336933,1.10115650118101,1.04965309615287,1.04965309615287,1.07352616404906,0.910344344058962,1.01208904217586,1.01208904217586,1.00873702625469,1.02058620648714
202,1.01304454778465,1.01304454778465,1.00866540108615,1.00123389044413,0.994101201561018,0.994101201561018,1.03700906612469,0.994212424188449,1.04907674078499,1.04907674078499,0.919246500662533,1.05472794207447,0.944910098653787,0.944910098653787,1.03709936384846,0.947286113673073,0.9123921317733,0.9123921317733,0.977170674769317,1.09125549767896,1.05534968475514,1.05534968475514,1.08139487093759,0.911637209101788,1.01296721006201,1.01296721006201,1.01152397058025,1.02106444733128
203,1.01374618226688,1.01374618226688,1.01057144904339,1.00031984393013,0.994787880501665,0.994787880501665,1.0380145402068,0.993229331047402,1.04553782153269,1.04553782153269,0.917547759449389,1.04923811646988,0.949486431440304,0.949486431440304,1.04354427166238,0.943693371413466,0.914706198710021,0.914706198710021,0.993727918844198,1.08033888551615,1.06005311556651,1.06005311556651,1.088524246666,0.912501707967028,1.01369561249233,1.01369561249233,1.01405560585768,1.0211985480281
204,1.01395644675763,1.01395644675763,1.0121882595637,0.999187810384839,0.995181231365369,0.995181231365369,1.03867114661563,0.991830946398721,1.04181344064667,1.04181344064667,0.916239337020103,1.04386371585059,0.954744252432424,0.954744252432424,1.05015779396004,0.941451806387992,0.917646875700322,0.917646875700322,1.01065313674647,1.07005158331936,1.06401837812091,1.06401837812091,1.09531448177195,0.913193042422581,1.0139089666402,1.0139089666402,1.01645354659036,1.02093538821148
205,1.01417605756099,1.01417605756099,1.01361278934776,0.997932865281799,0.995335327320735,0.995335327320735,1.03887289822385,0.99058438334252,1.03752709081286,1.03752709081286,0.914103824155788,1.03807790228073,0.959323773467856,0.959323773467856,1.05556895316335,0.938266907343965,0.920694515425882,0.920694515425882,1.02800682453069,1.05982621488069,1.06764385271095,1.06764385271095,1.1016954350239,0.913439269556621,1.01407737102831,1.01407737102831,1.01860332125589,1.02036156746986
206,1.01414232636987,1.01414232636987,1.01485111663059,0.99649046431547,0.995292521491449,0.995292521491449,1.03883447060722,0.989154935249224,1.03258770454743,1.03258770454743,0.912043266720581,1.03187970098398,0.96525670616775,0.96525670616775,1.06129790601983,0.936712856942184,0.926544339346462,0.926544339346462,1.04616879220882,1.04814304124551,1.0705779853672,1.0705779853672,1.10753752639441,0.913614677624773,1.01375344097452,1.01375344097452,1.02056125961237,1.01953099391575
207,1.01395170933394,1.01395170933394,1.01608893247617,0.995035158422461,0.995074568896509,0.995074568896509,1.03844259366487,0.98774084674491,1.02748370771601,1.02748370771601,0.910182513964033,1.02570340348473,0.975189297131641,0.975189297131641,1.06908463844035,0.937417932938269,0.93082524344499,0.93082524344499,1.06447910673373,1.0368910420366,1.07274192008604,1.07274192008604,1.11276923369248,0.912974314487155,1.01337283951126,1.01337283951126,1.02264501422574,1.01837757562552
208,1.01340558353848,1.01340558353848,1.01689592144855,0.993315026122526,0.994716629670663,0.994716629670663,1.03791893462717,0.986349930034321,1.02183918705204,1.02183918705204,0.907728827633242,1.01935932977736,0.982072726539349,0.982072726539349,1.0748138539362,0.937295265441553,0.936523004671039,0.936523004671039,1.08138012621419,1.02531651490931,1.07376330440424,1.07376330440424,1.11680986347365,0.91179610614483,1.01226101839715,1.01226101839715,1.02419792980405,1.01667079174206
209,1.01297778316249,1.01297778316249,1.01779561825827,0.991675254532165,0.994296242222657,0.994296242222657,1.03701905041929,0.984782854727329,1.01648569026494,1.01648569026494,0.906025613181023,1.01323532616117,0.991121774022642,0.991121774022642,1.08079415268199,0.93790650604485,0.942496155028915,0.942496155028915,1.10059341010969,1.01328588239382,1.07461527013441,1.07461527013441,1.12097115458587,0.91093229763604,1.01111896246981,1.01111896246981,1.02553692360638,1.01469134256867
210,1.01218079425703,1.01218079425703,1.01835347827671,0.989746833568097,0.993784408243933,0.993784408243933,1.03603367734409,0.983316225835875,1.01028223029549,1.01028223029549,0.904107109761039,1.00671659547158,1.00358424050067,1.00358424050067,1.08733623706754,0.940118714746323,0.946990585483281,0.946990585483281,1.11908836911411,1.00078287375704,1.07424630485446,1.07424630485446,1.12382761164732,0.908588940194247,1.00962467851459,1.00962467851459,1.02671207528246,1.01239994581781
211,1.01122475277809,1.01122475277809,1.0189089974862,0.987749028950989,0.992973738270162,0.992973738270162,1.0347497288382,0.981614886535534,1.00390863511817,1.00390863511817,0.901981919756128,1.00021225706778,1.01330760262951,1.01330760262951,1.09357759935981,0.942473511307227,0.954898244713576,0.954898244713576,1.13736948771705,0.988543083592284,1.07337865111754,1.07337865111754,1.12624175890817,0.90685672080033,1.00764180802691,1.00764180802691,1.02784494681377,1.00970637826758
212,1.00998145449248,1.00998145449248,1.01921682370018,0.985551886495417,0.992051400915646,0.992051400915646,1.03317981106668,0.979888813000521,0.997502604946613,0.997502604946613,0.900235005199104,0.993552814548123,1.02568398638682,1.02568398638682,1.10116708960386,0.944546015359661,0.961282483195775,0.961282483195775,1.15541624986523,0.974707186999957,1.07090262014323,1.07090262014323,1.12731424653318,0.903741084609153,1.0050458650745,1.0050458650745,1.02854172885184,1.00642536196288
213,1.008785750789,1.008785750789,1.01957101366817,0.983365662079946,0.991209544556262,0.991209544556262,1.03156428863917,0.978441489523495,0.991012220028136,0.991012220028136,0.89936427200849,0.987231504735016,1.03653200332046,1.03653200332046,1.10968658590232,0.948184888985555,0.968687257924472,0.968687257924472,1.1743791327002,0.961372009096188,1.06818651512623,1.06818651512623,1.1280020794142,0.900649265715521,1.00247399426538,1.00247399426538,1.02931043965795,1.00302009179146
214,1.00726516632097,1.00726516632097,1.0196547123416,0.981001109676153,0.99009606483831,0.99009606483831,1.02971430743146,0.976954681309963,0.984291879317174,0.984291879317174,0.8982223917109,0.980792361665684,1.04717716791688,1.04717716791688,1.11613228163439,0.951299280429974,0.975957531004725,0.975957531004725,1.19254057432568,0.948564055430005,1.06437474545604,1.06437474545604,1.12738179846578,0.896951313858279,0.998996412208653,0.998996412208653,1.02955414136199,0.999103679234265
215,1.00570857376052,1.00570857376052,1.01978237494808,0.978854583647934,0.989273624519001,0.989273624519001,1.02786551798306,0.975542234692748,0.978082835301101,0.978082835301101,0.897778967550337,0.975117787276885,1.05959619450344,1.05959619450344,1.12550430536934,0.956642131398081,0.986852563643326,0.986852563643326,1.20955601025712,0.936580660526636,1.05982908607619,1.05982908607619,1.1259554399843,0.893465474020478,0.995604076226803,0.995604076226803,1.02989272391265,0.994957717373854
216,1.00394740896259,1.00394740896259,1.0197379389191,0.976520503395703,0.98837145771389,0.98837145771389,1.02600316896214,0.974258331946088,0.971878840688892,0.971878840688892,0.898192799513946,0.969231858444075,1.07147202318108,1.07147202318108,1.13574356434621,0.959752591191964,0.99600506157242,0.99600506157242,1.22627422644234,0.924199944819033,1.05397276504156,1.05397276504156,1.12362564632924,0.889890348081735,0.991592630879063,0.991592630879063,1.02984986602677,0.990614871427933
217,1.00216872671428,1.00216872671428,1.01989262901731,0.974438561017309,0.987693078375867,0.987693078375867,1.02388448575693,0.973155672349426,0.966337921911275,0.966337921911275,0.899636910195158,0.964113479960568,1.08572030758268,1.08572030758268,1.14849575693748,0.96412432447773,1.0073566814093,1.0073566814093,1.24196953325319,0.91210081776595,1.04781718339333,1.04781718339333,1.1202471865995,0.886342433693086,0.987487387179826,0.987487387179826,1.02975044203415,0.986220638158013
218,1.00019738923614,1.00019738923614,1.01961690532624,0.97214095292066,0.986981953332949,0.986981953332949,1.02159614899407,0.971916391856966,0.960846309077281,0.960846309077281,0.901683417071734,0.958855765801818,1.0986339112822,1.0986339112822,1.16014197508788,0.965982946741016,1.01818306632228,1.01818306632228,1.25635786225966,0.899436938816758,1.04068282462705,1.04068282462705,1.11533194917307,0.882270423699037,0.982692729370148,0.982692729370148,1.02939775734824,0.981389678279636
219,0.998155963594406,0.998155963594406,1.0195423338407,0.970071207271749,0.986727658538645,0.986727658538645,1.01958787566739,0.971151007648725,0.956304459407904,0.956304459407904,0.905133431382539,0.954567495372014,1.11320381029311,1.11320381029311,1.17274446323096,0.967053928346966,1.02904776624492,1.02904776624492,1.26899154265815,0.884892215611331,1.03223168350639,1.03223168350639,1.10925716613694,0.87797404785855,0.977766592884343,0.977766592884343,1.02881896580115,0.976355689893769
220,0.996072947779631,0.996072947779631,1.01950145820183,0.967995599323828,0.986524770979981,0.986524770979981,1.01759761114796,0.970648510750539,0.953167829131761,0.953167829131761,0.909908671443769,0.951134677180463,1.113799215778,1.113799215778,1.18703125773578,0.969030500126327,1.03934971446338,1.03934971446338,1.27801071531106,0.867776716581419,1.02332309437074,1.02332309437074,1.10209850256042,0.873916075112329,0.972299046981101,0.972299046981101,1.02833773371855,0.970865517563175
221,0.994189913675514,0.994189913675514,1.01956538785839,0.966177224335124,0.986836232431139,0.986836232431139,1.01549775773974,0.970494544112012,0.950725818613179,0.950725818613179,0.915303512466033,0.947955186154849,1.09780695921984,1.09780695921984,1.20020971404529,0.97212995129871,1.05008909237529,1.05008909237529,1.2869954315155,0.849604407195731,1.01440285807857,1.01440285807857,1.09457060495366,0.869941290318404,0.96659721900603,0.96659721900603,1.02774016558542,0.965337874761785
222,0.992209927644827,0.992209927644827,1.01955159872324,0.964534777333135,0.987283052855984,0.987283052855984,1.01334920110134,0.970587231286907,0.94955940632038,0.94955940632038,0.92230516390354,0.945677707272137,1.07023777231983,1.07023777231983,1.211152846568,0.97791838932754,1.058479680373,1.058479680373,1.29195479285614,0.827725257413877,1.00432670092547,1.00432670092547,1.08660879838288,0.86617712177161,0.960652053607419,0.960652053607419,1.02731355629855,0.959371929859123
223,0.990440187742781,0.990440187742781,1.01992455450426,0.963091097677424,0.988289216196991,0.988289216196991,1.01150221253366,0.971432405911709,0.949885716619557,0.949885716619557,0.930490273822341,0.945361134324393,1.03560900525954,1.03560900525954,1.22173668841507,0.987805966204987,1.06532409808563,1.06532409808563,1.29498064768843,0.804301962577791,0.994574643729984,0.994574643729984,1.07886334212436,0.862506438994166,0.954465814623195,0.954465814623195,1.02713768665287,0.953737941292688
224,0.989034807135986,0.989034807135986,1.02048514874494,0.961939175594224,0.989581388874445,0.989581388874445,1.0094107279241,0.972707251797279,0.951312084104273,0.951312084104273,0.940166807527951,0.946076734829346,0.991405528176087,0.991405528176087,1.22796938360771,1.00429111479153,1.07059919686152,1.07059919686152,1.29479626623524,0.777644990760356,0.984857230882735,0.984857230882735,1.07053103564385,0.859761524216951,0.948109561410554,0.948109561410554,1.02738388314806,0.947451173536363
225,0.987693602094221,0.987693602094221,1.02102693783126,0.961079620920008,0.991558203317358,0.991558203317358,1.00758357552793,0.974498312282919,0.954845538119448,0.954845538119448,0.952938937371541,0.94827227516065,0.942227984253956,0.942227984253956,1.23422519106603,1.02519307958998,1.07203361503513,1.07203361503513,1.2920602664121,0.749258335045496,0.975023703015835,0.975023703015835,1.06160658526352,0.85864274405908,0.941853948370704,0.941853948370704,1.02804765516005,0.941473228630091
226,0.986853645857666,0.986853645857666,1.02115210226346,0.960369790936264,0.993788633496177,0.993788633496177,1.00596331254675,0.97660090760441,0.959582235373259,0.959582235373259,0.966407229383402,0.951387832327047,0.88194218258049,0.88194218258049,1.23562427105807,1.04544841893031,1.07167720562249,1.07167720562249,1.2864002029441,0.719067727409699,0.965949854990912,0.965949854990912,1.05288536608075,0.858149541904844,0.935519956231025,0.935519956231025,1.02858437665005,0.93570088553624
227,0.986313359212327,0.986313359212327,1.02105963047409,0.960187705568376,0.996723297532707,0.996723297532707,1.00445594889686,0.979400431034969,0.966503423548542,0.966503423548542,0.980498161864899,0.955345080183526,0.90481986120193,0.90481986120193,1.23575506547069,1.0678850379879,1.06607203900308,1.06607203900308,1.27761091529844,0.687511690352221,0.957500080628415,0.957500080628415,1.04403819188907,0.856920017066359,0.935754464686645,0.935754464686645,1.02918898272032,0.929781575220918
228,0.986440296460125,0.986440296460125,1.02111663605707,0.960302826956976,1.0002113438617,1.0002113438617,1.00331893107125,0.982886792913557,0.974429383688195,0.974429383688195,0.995209154101183,0.960088972537398,0.930615186111805,0.930615186111805,1.22977135241293,1.08863183364521,1.0572348416742,1.0572348416742,1.26448037817375,0.654546135435076,0.948659651128155,0.948659651128155,1.0343855155641,0.854987594301774,0.93668067624439,0.93668067624439,1.02961924228056,0.924017713530057
229,0.986922613932703,0.986922613932703,1.02120393446193,0.960936388037165,1.00427591076925,1.00427591076925,1.00240742058929,0.987050300809885,0.984316769907991,0.984316769907991,1.01066700521525,0.96602971820376,0.958648661760083,0.958648661760083,1.21996413522072,1.11124983284752,1.04692531027674,1.04692531027674,1.24580287890042,0.623882364384462,0.939517405770776,0.939517405770776,1.02408004820389,0.852936775405915,0.937270909099815,0.937270909099815,1.02990611700199,0.918443147300979
230,0.988037138759789,0.988037138759789,1.02146628210178,0.961870146039781,1.00896858154318,1.00896858154318,1.00216689707842,0.991875356796521,0.994430310016185,0.994430310016185,1.0260022436993,0.972030383944456,0.982497560707287,0.982497560707287,1.2134110199811,1.13149704677674,1.02705778043145,1.02705778043145,1.2187824476534,0.600134967042941,0.928098200736844,0.928098200736844,1.01101922152122,0.848601336896265,0.937585884416911,0.937585884416911,1.02940999495536,0.913571329642254
231,0.989337506474907,0.989337506474907,1.0217021923698,0.963034127147454,1.01387115681253,1.01387115681253,1.00296590548218,0.996370075691828,1.00580162692476,1.00580162692476,1.04155890751753,0.97860049108056,1.00786685585588,1.00786685585588,1.20735429317492,1.15040776163383,1.00271577586597,1.00271577586597,1.19209264049576,0.586004097805992,0.918213508575205,0.918213508575205,0.998565096352482,0.845745102141394,0.938185248085314,0.938185248085314,1.02900870123344,0.909850934649523
232,0.991072009493035,0.991072009493035,1.0221885101849,0.964618934766565,1.01899870161359,1.01899870161359,1.00451137894622,1.00125278310125,1.01645378991346,1.01645378991346,1.05645817723948,0.985039806169244,1.03042331839913,1.03042331839913,1.20122245150527,1.16849309198844,0.983425365853464,0.983425365853464,1.17095637114487,0.577817819624188,0.910432851470269,0.910432851470269,0.988254507934348,0.844261468599391,0.939740907202154,0.939740907202154,1.02948536390909,0.907355905452259
233,0.992881999134293,0.992881999134293,1.02266243548195,0.966332103127409,1.02394486237187,1.02394486237187,1.00639949645162,1.00587419212361,1.02722523764288,1.02722523764288,1.07035068142357,0.99109964656708,1.04819940022529,1.04819940022529,1.19267642862915,1.18358591206524,0.967555368681191,0.967555368681191,1.15364950204634,0.573586116871044,0.90526097915434,0.90526097915434,0.980034979808103,0.845147713692824,0.941688990046993,0.941688990046993,1.03034756373097,0.905803125991517
234,0.994904218011782,0.994904218011782,1.02324390029666,0.96836415694779,1.02913178705715,1.02913178705715,1.00835747753571,1.01045868516832,1.03823246283041,1.03823246283041,1.08416874632152,0.997222790086508,1.06186742332433,1.06186742332433,1.18324925062382,1.19753357339598,0.956619626344842,0.956619626344842,1.13997897187831,0.574046683589293,0.902658968731884,0.902658968731884,0.973842412439743,0.847718255936563,0.94440252680291,0.94440252680291,1.03166116318547,0.905328272456926
235,0.996819055285751,0.996819055285751,1.02359181532297,0.970431561611527,1.03384128338912,1.03384128338912,1.01002270956793,1.01479199596906,1.04761698783001,1.04761698783001,1.09558577147164,1.00246175413587,1.07262577075724,1.07262577075724,1.17067223850086,1.20899145149743,0.945522641676234,0.945522641676234,1.1278747634702,0.573679279939408,0.900613228882078,0.900613228882078,0.968607597982929,0.851560089584047,0.947082432988715,0.947082432988715,1.03301042502296,0.905480202480767
236,0.998854568328928,0.998854568328928,1.02409398769289,0.972879464890833,1.03814085480246,1.03814085480246,1.01143579181518,1.01886297558279,1.05636534734739,1.05636534734739,1.1058321843655,1.00736247079912,1.07927964624306,1.07927964624306,1.15749378219135,1.2193503022191,0.936354179159788,0.936354179159788,1.11845894712057,0.573354390140438,0.900406967247887,0.900406967247887,0.964715076101695,0.856432625412249,0.950323242751896,0.950323242751896,1.03461730687301,0.906390102098145
237,1.0006796699845,1.0006796699845,1.02426195548899,0.975243466474585,1.04204018416688,1.04204018416688,1.01250331683166,1.02261773303783,1.06376830805613,1.06376830805613,1.11459216285459,1.01177407910442,1.08337973434788,1.08337973434788,1.14179267461029,1.22892308494364,0.928694370148137,0.928694370148137,1.10935297578072,0.571733615182086,0.901012738235771,0.901012738235771,0.961262619961975,0.862327118906128,0.953404049481053,0.953404049481053,1.03623469310686,0.907554811420215
238,1.00248057038264,1.00248057038264,1.02452416543419,0.977697153364323,1.04571627937105,1.04571627937105,1.01329480391005,1.02624161620191,1.07079505847457,1.07079505847457,1.12226393991498,1.0161379233696,1.08354871154038,1.08354871154038,1.12469485079163,1.23620450173593,0.920971101901761,0.920971101901761,1.10124781960402,0.567930724974594,0.902347644991887,0.902347644991887,0.958511518597792,0.869053089215027,0.956682589876373,0.956682589876373,1.03760745850308,0.909444404986697
239,1.00394428740434,1.00394428740434,1.02447306105027,0.98013478778429,1.04882136191477,1.04882136191477,1.01354822490493,1.02947306186748,1.07640405509724,1.07640405509724,1.12825762148104,1.01956586767951,1.08266915337093,1.08266915337093,1.1067547424724,1.24350347990061,0.915367132626408,0.915367132626408,1.09328048922113,0.56227244633518,0.904227888255343,0.904227888255343,0.956396866915473,0.876522861069724,0.959812924348651,0.959812924348651,1.03884290534215,0.911558663828669
240,1.0054895872688,1.0054895872688,1.02449597737332,0.982741543629034,1.0516499419396,1.0516499419396,1.01365633071548,1.03281549380448,1.0816835929689,1.0816835929689,1.1333512070564,1.02309421395129,1.08098854766155,1.08098854766155,1.08760806882871,1.25188471040278,0.907161733841992,0.907161733841992,1.08485102158683,0.558739860241532,0.906400201795966,0.906400201795966,0.953919310600344,0.884064717643802,0.963054237186927,0.963054237186927,1.03989308111204,0.913969246611022
241,1.00679746508581,1.00679746508581,1.0242855406146,0.985240614155734,1.05416341371817,1.05416341371817,1.01342489105885,1.03573286235741,1.08619413633432,1.08619413633432,1.13748155515106,1.02651413069143,1.07869380550491,1.07869380550491,1.06860216989419,1.2605393216722,0.902258609951406,0.902258609951406,1.07673324014657,0.554590823309612,0.909201640061795,0.909201640061795,0.952415273150366,0.892257580350778,0.966001955399653,0.966001955399653,1.04091584044022,0.91661410517504
242,1.00808038879899,1.00808038879899,1.02429561199434,0.987786642090942,1.05637812495263,1.05637812495263,1.01310478451008,1.03857142032963,1.08976875784218,1.08976875784218,1.1409765885987,1.02958358667145,1.07690639345688,1.07690639345688,1.04995503635654,1.26851139840861,0.898813052886088,0.898813052886088,1.07183463788679,0.553261871821741,0.912438717636254,0.912438717636254,0.951855466717417,0.90092166886498,0.969144011521649,0.969144011521649,1.04180361843664,0.919641020746816
243,1.00913520005312,1.00913520005312,1.02393900253473,0.990143207604138,1.05794783131173,1.05794783131173,1.01238829881716,1.04066752754887,1.09241500189591,1.09241500189591,1.14324062106258,1.03158359833914,1.07255164396996,1.07255164396996,1.03177828995343,1.27501434839481,0.895083725280583,0.895083725280583,1.06700600062922,0.551753679838962,0.915963468092051,0.915963468092051,0.951647344621829,0.909546867299132,0.972027461890965,0.972027461890965,1.04278711763039,0.922622745933001
244,1.01015780417103,1.01015780417103,1.02387306647049,0.992637792881931,1.0594072787075,1.0594072787075,1.01170759238687,1.04280007406888,1.09448721783733,1.09448721783733,1.14492817917804,1.03339226714745,1.06937814070609,1.06937814070609,1.01408900224476,1.28193300489766,0.893322033066252,0.893322033066252,1.06387230500406,0.552298486965506,0.919987025853351,0.919987025853351,0.952056396315922,0.918593585876069,0.975068726917641,0.975068726917641,1.04363442748824,0.926030405601857
245,1.01097805786645,1.01097805786645,1.02345815316411,0.994789394323387,1.06032277517743,1.06032277517743,1.01086655460502,1.04444937614103,1.09586742783024,1.09586742783024,1.14600525485827,1.0350106252125,1.06740421609653,1.06740421609653,0.997101749606246,1.28732408411234,0.892598438144508,0.892598438144508,1.06153189677235,0.552658017680037,0.924219638189438,0.924219638189438,0.952633579821823,0.927630179225063,0.977930570211619,0.977930570211619,1.04431041084639,0.929261006136463
246,1.01167137431407,1.01167137431407,1.0229826935553,0.996842713731785,1.06102660663016,1.06102660663016,1.00962741624891,1.04592188404758,1.09640177356865,1.09640177356865,1.14634005959823,1.03588631839452,1.06436780753601,1.06436780753601,0.979952973747325,1.2915306880756,0.892707396453188,0.892707396453188,1.05946293170709,0.55399352994737,0.928306839341755,0.928306839341755,0.953609515365993,0.936483080228499,0.980526412549018,0.980526412549018,1.04477533487315,0.932689619859765
247,1.01207508360527,1.01207508360527,1.02241802748726,0.998741331397198,1.06127375873615,1.06127375873615,1.00841571484032,1.04700232520432,1.09638127892944,1.09638127892944,1.14606615972875,1.03657766417082,1.06365682802794,1.06365682802794,0.96469572672315,1.29632284585866,0.892096750986961,0.892096750986961,1.05663197938095,0.556518380315618,0.932365279148365,0.932365279148365,0.954682175610934,0.944993276783926,0.983120645046112,0.983120645046112,1.04511599203962,0.935975126318991
248,1.01260868644355,1.01260868644355,1.02191695667451,1.00078975244166,1.06134108611864,1.06134108611864,1.00696367530563,1.0479554406648,1.09611288826283,1.09611288826283,1.14507631221047,1.0369354644233,1.06324514538677,1.06324514538677,0.950434145599077,1.30087700772929,0.894191703962271,0.894191703962271,1.05483235327156,0.560441988865216,0.936712818018744,0.936712818018744,0.955981888603784,0.95357768665779,0.985629304469516,0.985629304469516,1.04518710671791,0.939489814466446
249,1.01278808423192,1.01278808423192,1.02108172062926,1.00239360269648,1.06090289225046,1.06090289225046,1.00536690322448,1.04844302816885,1.09472073791489,1.09472073791489,1.14355495213139,1.03688317054025,1.06225599116086,1.06225599116086,0.935327390941232,1.30245491014432,0.895292063145531,0.895292063145531,1.05225153897963,0.565054741689527,0.940777319100689,0.940777319100689,0.957383102115466,0.96212274621397,0.987940808763116,0.987940808763116,1.04513085574269,0.942875469752311
250,1.01295123155533,1.01295123155533,1.02029288767934,1.00413608255237,1.0602819310724,1.0602819310724,1.00369181931537,1.04864937630222,1.09310789891568,1.09310789891568,1.14158466236674,1.03661080656601,1.06277926251405,1.06277926251405,0.921815382615599,1.30473919910562,0.896935617413453,0.896935617413453,1.05044191786991,0.570311500625851,0.945281975735632,0.945281975735632,0.959186750223926,0.970689724587457,0.990111326261291,0.990111326261291,1.04473045489339,0.946458875644735
251,1.01281926309013,1.01281926309013,1.01923975969389,1.00547317853012,1.05922229817025,1.05922229817025,1.0018412025027,1.04862040493955,1.09069547196327,1.09069547196327,1.13882352687341,1.03614360200556,1.06279918906977,1.06279918906977,0.90850061646643,1.3060518461645,0.89895154568137,0.89895154568137,1.04735609303574,0.576918467975505,0.949060824361352,0.949060824361352,0.96056793982373,0.97832581481704,0.992029853444288,0.992029853444288,1.04422955335213,0.949837467471145
252,1.01258896554031,1.01258896554031,1.01830939631968,1.00697975003124,1.05796526047724,1.05796526047724,1.00008809808455,1.04838045108477,1.08822239275973,1.08822239275973,1.13623914167273,1.03572226927236,1.06467666914966,1.06467666914966,0.896270025689356,1.30712938052134,0.902300516993206,0.902300516993206,1.04438336952092,0.58493941451486,0.953175657798284,0.953175657798284,0.962483905966634,0.986567922950824,0.994071759794379,0.994071759794379,1.04348744489799,0.953434396343568
253,1.01239495151453,1.01239495151453,1.01705659142847,1.00813533113329,1.05618645443266,1.05618645443266,0.998005803263392,1.04789040075007,1.08480519384295,1.08480519384295,1.13282353689327,1.03506481130843,1.06598385120485,1.06598385120485,0.884430242313852,1.30643059516612,0.903784824502289,0.903784824502289,1.0395344792364,0.59472993449077,0.956707955136115,0.956707955136115,0.96419641075206,0.994106903039691,0.995674531893883,0.995674531893883,1.04238086058712,0.956824568042171
254,1.01189709969917,1.01189709969917,1.01574097810853,1.00941437461313,1.05446579590706,1.05446579590706,0.996027827106551,1.04703495108988,1.08112251509238,1.08112251509238,1.12887596075926,1.03453757199408,1.06656490956963,1.06656490956963,0.873296696238631,1.30597950379464,0.906767009419705,0.906767009419705,1.03691920849601,0.607574366090764,0.960296348982928,0.960296348982928,0.965794238363998,1.0015400284728,0.997209212779254,0.997209212779254,1.041121463753,0.960216105167881
255,1.01133257507219,1.01133257507219,1.0143860628028,1.01027613256751,1.05207435343736,1.05207435343736,0.993945558768933,1.04620577162326,1.07729928470011,1.07729928470011,1.12466979699721,1.03391543533713,1.06756562119785,1.06756562119785,0.863778382367476,1.3043127460775,0.909293804482896,0.909293804482896,1.03073993106426,0.619696062225197,0.96352005609709,0.96352005609709,0.967591729694954,1.00831087195099,0.998344577807822,0.998344577807822,1.03955625804566,0.963695528534482
256,1.01047295301871,1.01047295301871,1.01267164644992,1.0110001855116,1.04963228339165,1.04963228339165,0.99184059403748,1.04477126545842,1.07254571649692,1.07254571649692,1.12009952304434,1.03325178467653,1.06922510475817,1.06922510475817,0.854711020316547,1.30200539143306,0.912546988270618,0.912546988270618,1.0252134849689,0.634055771449789,0.966070367406395,0.966070367406395,0.969594408582689,1.01481333935901,0.99924274292901,0.99924274292901,1.03753442677475,0.966742321573947
257,1.00967618445853,1.00967618445853,1.01101641912369,1.01179446801094,1.04702190746488,1.04702190746488,0.989931660469588,1.04332222064815,1.06763478510739,1.06763478510739,1.11545515390065,1.03246003693836,1.0700986849609,1.0700986849609,0.846680821188196,1.29853977254078,0.914919325951175,0.914919325951175,1.0175233843316,0.649310108561852,0.968088415547318,0.968088415547318,0.970831115301093,1.02038048883591,1.00006610078354,1.00006610078354,1.03543688515764,0.969874795164362
258,1.00862449476265,1.00862449476265,1.00918104786061,1.0122500552014,1.04414468673863,1.04414468673863,0.988046164834654,1.04155311378193,1.06226447677566,1.06226447677566,1.11055902168597,1.03189168499884,1.07060920331843,1.07060920331843,0.840683188243143,1.29487442580128,0.916948425003657,0.916948425003657,1.00887350063771,0.666186007925802,0.969680451111024,0.969680451111024,0.972788222527311,1.02568018271791,1.00058298529009,1.00058298529009,1.0329766271681,0.972760966711287
259,1.00760119288465,1.00760119288465,1.00726042394167,1.01272047518869,1.04093575856088,1.04093575856088,0.986268510174866,1.0396181763188,1.05587086219713,1.05587086219713,1.10492532116697,1.03134930798151,1.0707578554241,1.0707578554241,0.834261392694908,1.28916933876381,0.91817809734447,0.91817809734447,0.997783258708954,0.683784117892956,0.970323302842134,0.970323302842134,0.974131263122588,1.03011560785348,1.00097269241258,1.00097269241258,1.03029882339016,0.975708162346599
260,1.00633821042001,1.00633821042001,1.00504137638594,1.01286467200661,1.03754330856392,1.03754330856392,0.984582144277681,1.03742985860156,1.04949429678224,1.04949429678224,1.09948173330864,1.03101358354589,1.06990141205928,1.06990141205928,0.829816746420204,1.28300162751329,0.919701917207251,0.919701917207251,0.986964459946654,0.703294563857762,0.970662080593943,0.970662080593943,0.9760726043952,1.03390497441072,1.00092424628091,1.00092424628091,1.02741258637678,0.978370403848015
261,1.00522295110863,1.00522295110863,1.00305576059461,1.01311854102914,1.03414260926496,1.03414260926496,0.983208919758226,1.03509673703507,1.04226764937551,1.04226764937551,1.09352653306847,1.03042229569276,1.06759112718917,1.06759112718917,0.826122723501471,1.2741087582214,0.918615127923241,0.918615127923241,0.973341011490627,0.723814844997397,0.969929201096828,0.969929201096828,0.977864284188514,1.03698862408636,1.00102881043945,1.00102881043945,1.02425097694222,0.981094142085662
262,1.00402252834357,1.00402252834357,1.00087987047472,1.01309877052409,1.03048721276671,1.03048721276671,0.981993563621099,1.03251690869107,1.03482946164921,1.03482946164921,1.087824070836,1.03040085061352,1.06342966529274,1.06342966529274,0.823200072449949,1.26420519263177,0.919060939025055,0.919060939025055,0.959659960269625,0.746732434952534,0.968615865349993,0.968615865349993,0.97962541025422,1.03963148116829,1.00093762807844,1.00093762807844,1.02110627956556,0.98350351699019
263,1.00280111768986,1.00280111768986,0.998667845345868,1.01310113118141,1.0269546755376,1.0269546755376,0.981227792060117,1.02974749535133,1.02696296566566,1.02696296566566,1.08173553366188,1.03062602394549,1.05775697341054,1.05775697341054,0.821965929990289,1.25321832626452,0.919375840510579,0.919375840510579,0.944797131774506,0.771162153358128,0.967378711514719,0.967378711514719,0.981990073135137,1.04168857080191,1.00077400290373,1.00077400290373,1.01775632652956,0.986111456505899
264,1.00152364752255,1.00152364752255,0.996331658988654,1.01286541954809,1.02298132880797,1.02298132880797,0.980405690009417,1.02661477476804,1.01833454434127,1.01833454434127,1.07519456849983,1.03057625301294,1.0453746116865,1.0453746116865,0.820066784613442,1.23678559968512,0.916040439097993,0.916040439097993,0.927421612805394,0.795945628992326,0.965066097277372,0.965066097277372,0.9843260235677,1.04277542197394,1.00040270832973,1.00040270832973,1.01413420490943,0.988288498736568
265,1.00051141799526,1.00051141799526,0.994133895090883,1.01272411453539,1.01939979877307,1.01939979877307,0.980204732907403,1.02338189907177,1.00889845601749,1.00889845601749,1.06869369044179,1.03086329597189,1.03191223064248,1.03191223064248,0.820828176184107,1.21696379034387,0.916845054300551,0.916845054300551,0.910235735815948,0.824351967045572,0.962440733117597,0.962440733117597,0.987452630819581,1.04332356499571,1.00028025985156,1.00028025985156,1.01056363355277,0.990734635140124
266,0.999379889856814,0.999379889856814,0.991829988292564,1.01234817985731,1.01563492297114,1.01563492297114,0.980103671718514,1.01954038642103,0.998092791151296,0.998092791151296,1.0610331538283,1.0307662197175,1.01659110048095,1.01659110048095,0.820273219168303,1.19310994232315,0.915184737215908,0.915184737215908,0.893489638840374,0.852966675454539,0.958831065382843,0.958831065382843,0.990593968305488,1.04304759500459,1.00003538804898,1.00003538804898,1.00674907162152,0.992918136891337
267,0.998547719153756,0.998547719153756,0.989699419381499,1.01197958288905,1.01219861083184,1.01219861083184,0.98065103352458,1.01597163888498,0.986922024683289,0.986922024683289,1.05353795501291,1.03143032909637,0.999486543582531,0.999486543582531,0.821897643750767,1.16662215055348,0.917034633775359,0.917034633775359,0.879914587227979,0.884029079465278,0.955325627814144,0.955325627814144,0.994743693882403,1.04261278550013,0.999888817120002,0.999888817120002,1.00304357145502,0.995230277630935
268,0.997797571984029,0.997797571984029,0.98779386319085,1.01159353672878,1.00889041437665,1.00889041437665,0.981558968728631,1.01261048413866,0.975440274341953,0.975440274341953,1.04638174743045,1.03347971031813,0.982495169520601,0.982495169520601,0.824598101884461,1.13709309603935,0.917590999644588,0.917590999644588,0.867158336562463,0.916172175069038,0.951409687402172,0.951409687402172,0.999951637170115,1.04138084441407,0.9999527579646,0.9999527579646,0.999292219653256,0.99757931116063
269,0.997369055485855,0.997369055485855,0.986775768657189,1.01137104477645,1.00633856322353,1.00633856322353,0.9835725917304,1.00954012878305,0.963627520726084,0.963627520726084,1.03908222414996,1.03609377373322,0.966770327340195,0.966770327340195,0.827797574845428,1.10568523678919,0.922762727717377,0.922762727717377,0.857341405068606,0.952187180280232,0.947277323806183,0.947277323806183,1.00699757993235,1.03978163369629,1.00050546141792,1.00050546141792,0.995775430741629,0.999952633537897
270,0.997077355049209,0.997077355049209,0.986089341181743,1.01120013318654,1.00405710306373,1.00405710306373,0.986313823511917,1.00644895853617,0.951319628507694,0.951319628507694,1.03208728257107,1.038368844345,0.952280931614392,0.952280931614392,0.832670060674673,1.07020104226352,0.927871794784808,0.927871794784808,0.846737235786761,0.992788695197888,0.943005669726027,0.943005669726027,1.01457806907779,1.03823465994995,1.00118119188578,1.00118119188578,0.992231041561582,1.00237080494398
271,0.996951042113059,0.996951042113059,0.985907013801243,1.01119794957852,1.00241747884011,1.00241747884011,0.989649345932495,1.00374506178805,0.938866194648492,0.938866194648492,1.02498905504893,1.04029448631278,0.938922567191222,0.938922567191222,0.83928226977542,1.03403536164498,0.939288869429831,0.939288869429831,0.838686526059141,1.03469239362321,0.938885131559368,0.938885131559368,1.02187172143956,1.03593905216266,1.00251436604177,1.00251436604177,0.988990097768408,1.00509107709743
272,0.997032514783171,0.997032514783171,0.986083007228078,1.01120849384788,1.00112256477876,1.00112256477876,0.993047660826566,1.00098968393479,0.943029695456508,0.943029695456508,1.01823543898318,1.04226026612939,0.928608980481976,0.928608980481976,0.84701148417111,0.992160924448466,0.95253229286796,0.95253229286796,0.831876511502234,1.07102520299156,0.951462159030807,0.951462159030807,1.02957638185463,1.03379233124987,1.00406932085348,1.00406932085348,0.985743271520308,1.00781085034483
273,0.997372452475706,0.997372452475706,0.986737489545909,1.01137517592676,1.00041777761421,1.00041777761421,0.996628606212927,0.998400427981,0.94723656173301,0.94723656173301,1.01129406157474,1.04375282070823,0.923247142869001,0.923247142869001,0.857950939742461,0.951733596759161,0.96719895926855,0.96719895926855,0.827506066101223,1.10634109154325,0.96365423609421,0.96365423609421,1.03697648317323,1.03111397834043,1.0064086703536,1.0064086703536,0.983132827103458,1.0107827024427
274,0.997837638102168,0.997837638102168,0.987774900671183,1.01158340557446,0.999914042035619,0.999914042035619,1.0002379154707,0.99586903530639,0.951156740679487,0.951156740679487,1.00470320259224,1.04486372168443,0.918260323034664,0.918260323034664,0.868207532918597,0.915264392719257,0.983305631448321,0.983305631448321,0.824165368759009,1.13779556773466,0.975561730338212,0.975561730338212,1.04462141709252,1.028715507442,1.0090317542074,1.0090317542074,0.981392854710725,1.01368820003483
275,0.998544267077583,0.998544267077583,0.98972774513702,1.01201406815806,0.999915123498991,0.999915123498991,1.00404201116565,0.993429323488778,0.955221510790755,0.955221510790755,0.998376494112012,1.04580317670632,0.916960314539531,0.916960314539531,0.880407657527268,0.883389715495479,1.00067111134082,1.00067111134082,0.821470401042425,1.16717710004717,0.986924957711698,0.986924957711698,1.052497661718,1.02827609556121,1.01222286015118,1.01222286015118,0.980695284843871,1.01697890562035
276,0.999371847253815,0.999371847253815,0.991897950435149,1.01234863231662,1.00001904458395,1.00001904458395,1.0078948895414,0.991039503853309,0.958721935764178,0.958721935764178,0.993621268928179,1.04617909633056,0.915694579720234,0.915694579720234,0.893897604144748,0.852204387665644,1.01733414938982,1.01733414938982,0.820112922183818,1.19367477613926,0.998252946494266,0.998252946494266,1.06017257396514,1.02856339890406,1.01556202109547,1.01556202109547,0.980510801603474,1.02029080158423
277,1.00050229202793,1.00050229202793,0.994152955963868,1.01273701946207,1.00022655979984,1.00022655979984,1.01180563445219,0.988717769568314,0.962267745967634,0.962267745967634,0.990231299249567,1.04607164157524,0.91779404163083,0.91779404163083,0.91071991925088,0.823509105175144,1.03200520605194,1.03200520605194,0.820711307071113,1.21703456263015,1.00889601116399,1.00889601116399,1.06805112018968,1.02942714988314,1.01941575240087,1.01941575240087,0.98088882811529,1.02406723160477
278,1.00154887705799,1.00154887705799,0.996309273773527,1.01287120315852,1.00037389032155,1.00037389032155,1.01541285151029,0.986124541307024,0.964763042548179,0.964763042548179,0.986836512236566,1.04484130182887,0.917106176927397,0.917106176927397,0.927835602547571,0.794926005779933,1.04577426352864,1.04577426352864,0.820216028502859,1.23709690136332,1.01833704174082,1.01833704174082,1.07502680664041,1.02981904222825,1.02303072426609,1.02303072426609,0.981282243549366,1.02738290875141
279,1.0027129795748,1.0027129795748,0.998660803248315,1.01310850823554,1.00080544450763,1.00080544450763,1.01922844106163,0.983740097527699,0.967172202239264,0.967172202239264,0.984300529776648,1.04347655762868,0.919814195849663,0.919814195849663,0.944744326010636,0.770202214550655,1.05804424625296,1.05804424625296,0.821616380652292,1.25344164002201,1.02715168110877,1.02715168110877,1.08182981562119,1.03034607184857,1.02694326505012,1.02694326505012,0.982282208364713,1.03078915047673
280,1.00404533408084,1.00404533408084,1.00089078769299,1.01303528851435,1.00083725965102,1.00083725965102,1.022692726454,0.98116360592199,0.968607718055688,0.968607718055688,0.982007937401756,1.04139351795368,0.919787892796113,0.919787892796113,0.960170187518552,0.746172228585926,1.06317805843079,1.06317805843079,0.822989378064021,1.26480097358293,1.03494380709743,1.03494380709743,1.0880330854252,1.03082840088871,1.03044295725728,1.03044295725728,0.983308565444345,1.03357393906098
281,1.00517943291432,1.00517943291432,1.00309720668273,1.01309243609362,1.00109449703171,1.00109449703171,1.02600298357736,0.978457405235527,0.970002660426938,0.970002660426938,0.979703416389333,1.03839848901336,0.919642030408247,0.919642030408247,0.97377254379186,0.723444143168617,1.06728415029781,1.06728415029781,0.826351117512162,1.27456367585392,1.04253044396738,1.04253044396738,1.0939992329854,1.03155885554313,1.03413296277295,1.03413296277295,0.984469483680389,1.03624589610143
282,1.00640569116435,1.00640569116435,1.00509765415437,1.01287096709279,1.00097493245332,1.00097493245332,1.02925789010198,0.97565616047172,0.970277407401942,0.970277407401942,0.977840369664029,1.0349002461282,0.919482219431378,0.919482219431378,0.987409305824311,0.703129042740141,1.06932003429992,1.06932003429992,0.828860388643941,1.28272974683498,1.04947975556314,1.04947975556314,1.09986618162583,1.03228626112322,1.03751634401811,1.03751634401811,0.986153073793103,1.0389121025931
283,1.00748339996629,1.00748339996629,1.00718872437301,1.01269773418985,1.00093003914822,1.00093003914822,1.03234181889194,0.972706854566529,0.970360514649083,0.970360514649083,0.976204884639336,1.03090595677123,0.919234731609343,0.919234731609343,0.998877717112571,0.684058702871297,1.07068660297728,1.07068660297728,0.834038587886219,1.28943118940889,1.05609462737866,1.05609462737866,1.10561252647517,1.033361491295,1.04081631541248,1.04081631541248,0.987815471311512,1.04110936364823
284,1.00870969494054,1.00870969494054,1.0093031436693,1.01221545189953,1.00054259860759,1.00054259860759,1.03513559401694,0.96981845737627,0.969567401813781,0.969567401813781,0.974333235531197,1.02602118056794,0.916671379481599,0.916671379481599,1.00868440902601,0.666414503706803,1.07071015074362,1.07071015074362,0.840194982027773,1.29481155343028,1.06225472527125,1.06225472527125,1.11122267419975,1.03439834915407,1.04412197155543,1.04412197155543,0.989857129606832,1.04332340370185
285,1.00956630560842,1.00956630560842,1.0110275330486,1.01170608106648,1.00005727305664,1.00005727305664,1.03765470834794,0.966559258522327,0.968212201221186,0.968212201221186,0.97269998712604,1.02063588538968,0.915331916406141,0.915331916406141,1.01770397070928,0.650046518306227,1.06996420539958,1.06996420539958,0.84619776879606,1.29897030031581,1.06784845046564,1.06784845046564,1.11639143276336,1.03554019872333,1.04695934024603,1.04695934024603,0.991672313387536,1.04514735173435
286,1.01055352594556,1.01055352594556,1.01283329996303,1.01108355605926,0.999348537293267,0.999348537293267,1.04011344020758,0.963457389527257,0.965906049368945,0.965906049368945,0.971065534387287,1.01432495407749,0.912505932274016,0.912505932274016,1.02482333645816,0.634255961314341,1.06947648725597,1.06947648725597,0.853937055355963,1.30191477813846,1.07264868340956,1.07264868340956,1.12111862954606,1.03659247454313,1.04973002633276,1.04973002633276,0.993820486134536,1.04677969358228
287,1.01123464995393,1.01123464995393,1.01438468585635,1.01028071617714,0.998226934024869,0.998226934024869,1.04202706136206,0.960030267994453,0.963557423119488,0.963557423119488,0.969391281290614,1.00789206104462,0.909261490471784,0.909261490471784,1.03102320172795,0.62040501858678,1.06797182489801,1.06797182489801,0.863766612113375,1.30446692134927,1.0774678132707,1.0774678132707,1.12575652428497,1.03789759341295,1.05206678499614,1.05206678499614,0.995727425707687,1.04807141388349
288,1.0119879186819,1.0119879186819,1.01592542992069,1.00938012540985,0.997177738501778,0.997177738501778,1.04396780166157,0.956751419459432,0.960176164077278,0.960176164077278,0.967665127150834,1.00066065417906,0.906995442555374,0.906995442555374,1.03670803116812,0.607465694563451,1.06641328205774,1.06641328205774,0.873297107940302,1.30575598329801,1.08125801193161,1.08125801193161,1.12989324582716,1.03878884359065,1.05446484335987,1.05446484335987,0.997977569760375,1.04940588255643
289,1.01238589899562,1.01238589899562,1.01722280853552,1.00814349507318,0.995712330482303,0.995712330482303,1.04531059659349,0.953112865239665,0.956864586808403,0.956864586808403,0.966174104808558,0.993293696063998,0.903438552359462,0.903438552359462,1.04005747121665,0.595132106832669,1.06645199618207,1.06645199618207,0.884694301589267,1.30672277975957,1.08520871554036,1.08520871554036,1.13393485378793,1.03999547160686,1.05623398239335,1.05623398239335,0.999857801937728,1.05001294619646
290,1.01270334310671,1.01270334310671,1.01830990775694,1.00695893690254,0.994091191737249,0.994091191737249,1.04662839106359,0.949688656732357,0.952959556073521,0.952959556073521,0.964195327359507,0.985225873768489,0.901136636642757,0.901136636642757,1.04347152055335,0.585006534042789,1.06479846404705,1.06479846404705,0.895780861149486,1.30675610851924,1.08815051392717,1.08815051392717,1.13724645206478,1.04070832217179,1.0579607121963,1.0579607121963,1.00195846860902,1.05070750220417
291,1.01279243605135,1.01279243605135,1.01926674784429,1.00544754572606,0.992076224272582,0.992076224272582,1.04748394182539,0.945984321100463,0.948976645709616,0.948976645709616,0.962433043211818,0.977001055144248,0.897773432568437,0.897773432568437,1.04688609516881,0.576880336605377,1.06246523960551,1.06246523960551,0.908155986671401,1.30600188131226,1.09058886991559,1.09058886991559,1.13971963534168,1.04135409310161,1.05914424666524,1.05914424666524,1.00368743765972,1.05105765548241
292,1.01292104425092,1.01292104425092,1.02032925873626,1.004094731705,0.99014078209123,0.99014078209123,1.04823504150518,0.942560059629055,0.945095317470523,0.945095317470523,0.960791651217577,0.968974230794335,0.895708642864793,0.895708642864793,1.0505837950389,0.570565057404752,1.06318723806852,1.06318723806852,0.921717886967592,1.30506578929859,1.09314922392618,1.09314922392618,1.14246866526671,1.04225799981423,1.06032700136777,1.06032700136777,1.00554133009471,1.05122103408738
293,1.01275330640069,1.01275330640069,1.02114864022668,1.00231686166146,0.987910427363343,0.987910427363343,1.04867146376191,0.938929820772979,0.941034883906104,0.941034883906104,0.959503243665688,0.960420224469859,0.894515440708315,0.894515440708315,1.05205851517318,0.56503820519157,1.06214115848225,1.06214115848225,0.935354223713499,1.3029891713832,1.09473519821455,1.09473519821455,1.14438083377115,1.04269240661076,1.06097518847416,1.06097518847416,1.00715517109903,1.0509793797477
294,1.01257196222895,1.01257196222895,1.02191998595669,1.00072688026839,0.985607840942326,0.985607840942326,1.0490726893939,0.935474813641555,0.936644813376432,0.936644813376432,0.958125543379966,0.951583246311092,0.892918128001848,0.892918128001848,1.05466757480167,0.560727019324056,1.06278133843508,1.06278133843508,0.95040958747785,1.30030187611546,1.0961090278662,1.0961090278662,1.14585972625133,1.04287143905028,1.06142523945431,1.06142523945431,1.00868038136508,1.0506544343545
295,1.01210236969673,1.01210236969673,1.02241971916433,0.998753311733093,0.983096984796096,0.983096984796096,1.04909130732256,0.931947907744463,0.932426897816178,0.932426897816178,0.956880262440693,0.942878206995427,0.890937029832226,0.890937029832226,1.05648845364245,0.556427366298113,1.06352608643507,1.06352608643507,0.964749256614363,1.29679684529556,1.09628747894298,1.09628747894298,1.14633299255937,1.04259178715809,1.06120446494879,1.06120446494879,1.00991997743574,1.04970630277813
296,1.01162317378239,1.01162317378239,1.02310063885398,0.99686696948574,0.980564977238333,0.980564977238333,1.04894678664443,0.928673720050236,0.928174765119145,0.928174765119145,0.95611459301911,0.934099027338984,0.891632865157947,0.891632865157947,1.05894938465905,0.554251853001641,1.06446041390987,1.06446041390987,0.980099998940662,1.29171355336822,1.09660949905121,1.09660949905121,1.14661217652614,1.04227082893827,1.06111587342453,1.06111587342453,1.01097340956461,1.04882917341132
297,1.01094146218659,1.01094146218659,1.02352668575594,0.994733899204241,0.977871127429423,0.977871127429423,1.04868828080985,0.925342172235775,0.924285357833869,0.924285357833869,0.9554225599946,0.925382864105212,0.891923394340336,0.891923394340336,1.06103500399767,0.552522713096,1.06771519415632,1.06771519415632,0.997521810542813,1.28740364612388,1.09597455074774,1.09597455074774,1.14631026426859,1.04130835698675,1.06042879861328,1.06042879861328,1.01198343232744,1.0473436674938
298,1.01016503884131,1.01016503884131,1.02396178116313,0.99257676989023,0.97500346382134,0.97500346382134,1.04827095318551,0.922044759783724,0.920191835822946,0.920191835822946,0.954561174726668,0.916356148601022,0.892189214593633,0.892189214593633,1.0640871362649,0.552461117237605,1.06927932460217,1.06927932460217,1.01452041278951,1.28201987049717,1.09446933403957,1.09446933403957,1.14496146967565,1.03985763043556,1.0594395014386,1.0594395014386,1.01272567208638,1.04563706741784
299,1.0091291221956,1.0091291221956,1.02404160471584,0.990110768238143,0.972051345468991,0.972051345468991,1.04765322461349,0.91880473393396,0.916053403820001,0.916053403820001,0.954555611852434,0.907254088620589,0.894151980331994,0.894151980331994,1.06646559851531,0.552381697896782,1.07191028859783,1.07191028859783,1.03182517767744,1.27481744680352,1.09227752933904,1.09227752933904,1.14284100645569,1.03806356660962,1.05798601687359,1.05798601687359,1.01334461664053,1.04370614342316
300,1.00807550447844,1.00807550447844,1.02429372361064,0.98776258305843,0.969166403597267,0.969166403597267,1.04684865466631,0.915791659252441,0.912461376719993,0.912461376719993,0.954952124351934,0.898724222345198,0.898014543892642,0.898014543892642,1.07129369828887,0.553605489653557,1.07707283703289,1.07707283703289,1.04959418402739,1.26879780043133,1.0897553257085,1.0897553257085,1.14025406664492,1.03609041281445,1.05641063721302,1.05641063721302,1.0135806501444,1.04148469855331
301,1.00682851540926,1.00682851540926,1.02441017393889,0.985224030538066,0.96595063453493,0.96595063453493,1.04602909503546,0.91291393432832,0.909372923697197,0.909372923697197,0.955668473445259,0.890005249462008,0.90182171162839,0.90182171162839,1.07650630211881,0.555196497570374,1.07878623637048,1.07878623637048,1.06874933910526,1.26090360815118,1.08620983618317,1.08620983618317,1.13650654550488,1.03313384625542,1.05421800956441,1.05421800956441,1.01374591036245,1.0386304307359
302,1.00550080651637,1.00550080651637,1.02459362254721,0.982648986189977,0.963012172801443,0.963012172801443,1.04535882311995,0.910381959048611,0.906628780613238,0.906628780613238,0.957324202744226,0.881857782206452,0.906739585579937,0.906739585579937,1.08430354011464,0.558145235472219,1.08082770797816,1.08082770797816,1.08793605734203,1.2519777989084,1.0815810422524,1.0815810422524,1.13221578944516,1.02959634474324,1.05167680118235,1.05167680118235,1.01361531461092,1.0357736683882
303,1.00393189298191,1.00393189298191,1.02457186679332,0.980028381155626,0.959959000499583,0.959959000499583,1.04458433847429,0.908136996226479,0.904280926625549,0.904280926625549,0.959740210638198,0.874140478010845,0.913358788858807,0.913358788858807,1.09257825650835,0.562982476181422,1.08321960227823,1.08321960227823,1.10662854911584,1.24387628599724,1.07626643284476,1.07626643284476,1.12660926673911,1.02587866019745,1.04879717418376,1.04879717418376,1.0132815640768,1.03249766740229
304,1.00246946130772,1.00246946130772,1.02459444871508,0.977719461575989,0.956700601660138,0.956700601660138,1.04341130303418,0.906124916551787,0.902400766245254,0.902400766245254,0.96246429853612,0.866813428385487,0.920146570799062,0.920146570799062,1.10086479167429,0.56804722840163,1.08372408323856,1.08372408323856,1.12469030376449,1.23623770168495,1.07068720717176,1.07068720717176,1.12016697587204,1.02198453204883,1.04567853620744,1.04567853620744,1.01266453657269,1.02921586335118
305,1.00067100306985,1.00067100306985,1.02434427721597,0.975177132003915,0.95346964180997,0.95346964180997,1.0423033906191,0.904591367520058,0.901183859913806,0.901183859913806,0.965133675279209,0.860160866639918,0.927565626024509,0.927565626024509,1.10930076864903,0.572329582165215,1.08458138157938,1.08458138157938,1.14236540971674,1.22873374456722,1.06391200868121,1.06391200868121,1.11238198964955,1.01772175355561,1.04203486390804,1.04203486390804,1.0116128114062,1.02547233487227
306,0.998823903609729,0.998823903609729,1.02416999513687,0.972877989480008,0.950307468060329,0.950307468060329,1.0408075208256,0.9033061406709,0.900607752635194,0.900607752635194,0.968575316604053,0.854155671056282,0.934504451257117,0.934504451257117,1.11802722478111,0.574637985249797,1.07976726026328,1.07976726026328,1.15778085651876,1.21919253421087,1.05632525296272,1.05632525296272,1.10311736292718,1.01308503198498,1.03816060713876,1.03816060713876,1.01012812180064,1.02174075388055
307,0.996795570150508,0.996795570150508,1.02370529538103,0.970437286205526,0.94716898590363,0.94716898590363,1.03952714759762,0.90271741821801,0.900692760834379,0.900692760834379,0.972611038487521,0.84905363441123,0.944294766613172,0.944294766613172,1.12759307638055,0.573736064616886,1.07217450251851,1.07217450251851,1.17091218272242,1.20916923777964,1.04738011790227,1.04738011790227,1.0924590028901,1.007724068968,1.03377017016806,1.03377017016806,1.00831779629744,1.01751567602259
308,0.994793604677377,0.994793604677377,1.02326512494264,0.968267684752012,0.944364323824548,0.944364323824548,1.03821319324083,0.902798982931919,0.902542624791483,0.902542624791483,0.978087143352972,0.845540769881145,0.955187020500509,0.955187020500509,1.14052123735827,0.573598981068205,1.06140319543189,1.06140319543189,1.18326468798047,1.19784900646432,1.03811432949174,1.03811432949174,1.08066486125368,1.00225339680507,1.02917251656565,1.02917251656565,1.00636445360887,1.01307685630599
309,0.992899241153053,0.992899241153053,1.02265151826367,0.966298680154198,0.941746729758525,0.941746729758525,1.0370556771552,0.90345722076598,0.90571412565667,0.90571412565667,0.984495459771701,0.84290313981481,0.965963301833559,0.965963301833559,1.15338478904784,0.573903552929711,1.04799653408809,1.04799653408809,1.19315263658183,1.18470409116495,1.02729614150425,1.02729614150425,1.06694629509779,0.995636732934179,1.0240262344182,1.0240262344182,1.00389408514993,1.0084193581866
310,0.991004895990835,0.991004895990835,1.02210266740914,0.964566921616965,0.939742526626958,0.939742526626958,1.03625666875144,0.905108244171378,0.910696164533566,0.910696164533566,0.992683265103791,0.842527162850789,0.982283150967746,0.982283150967746,1.17050756360786,0.578369121608264,1.03084537878079,1.03084537878079,1.20160235724309,1.16897422875747,1.01643320704297,1.01643320704297,1.05225685691567,0.989097504045162,1.01896532411439,1.01896532411439,1.00163075809558,1.00348473088096
311,0.989389140720648,0.989389140720648,1.02180660425196,0.963000704174242,0.938133812135527,0.938133812135527,1.03608910739345,0.9081182469351,0.918093719409941,0.918093719409941,1.00274621784637,0.84357848779136,1.00132616320655,1.00132616320655,1.19178660640031,0.585696931876874,1.00740816720351,1.00740816720351,1.20731081755472,1.15017077238751,1.00551494858819,1.00551494858819,1.03713880344739,0.982163621385229,1.01379162437425,1.01379162437425,0.99984335841001,0.998621578432723
312,0.987957998077304,0.987957998077304,1.02140199837328,0.961851398486238,0.937370726550128,0.937370726550128,1.03633778783466,0.912142565176785,0.928328682829899,0.928328682829899,1.01518537812501,0.84721400211953,1.02592350358657,1.02592350358657,1.21876781283218,0.599775910335512,0.984118628059239,0.984118628059239,1.21419079711383,1.13175125283168,0.99467940871445,0.99467940871445,1.02139718925202,0.975521529385075,1.00896841705292,1.00896841705292,0.998486664720991,0.993872990570384
313,0.987021548966862,0.987021548966862,1.0212741193895,0.960904735556943,0.93736461502456,0.93736461502456,1.03698186752904,0.917667991938985,0.939312146116893,0.939312146116893,1.02784923264331,0.85118231655433,1.04532041145495,1.04532041145495,1.24534875684471,0.623674579172345,0.957713599693161,0.957713599693161,1.2202653900686,1.11106695220549,0.98425621383629,0.98425621383629,1.00561679311239,0.969008591570884,1.00440693454986,1.00440693454986,0.998382907670058,0.989393103007727
314,0.986409448119853,0.986409448119853,1.02103327178492,0.960336840094517,0.936619134656845,0.936619134656845,1.03679452296662,0.923172047686859,0.948493269247864,0.948493269247864,1.03858414618378,0.854165705518491,1.05742180874334,1.05742180874334,1.26501703230259,0.655061731729684,0.93100444593802,0.93100444593802,1.23001709103408,1.08838056411861,0.974896713355141,0.974896713355141,0.99002639397569,0.962820984234029,1.00032264392833,1.00032264392833,0.999228142912107,0.985532384121562
315,0.986378563055366,0.986378563055366,1.02115888864239,0.960241528555254,0.935972042305679,0.935972042305679,1.03657235254902,0.929042164811473,0.957314993633155,0.957314993633155,1.04786961556569,0.855921163007205,1.06426897181964,1.06426897181964,1.2768749377955,0.686353476234021,0.905526560982429,0.905526560982429,1.23606774859335,1.06751151194276,0.96661998246103,0.96661998246103,0.97478376645794,0.957500867307034,0.99677088344882,0.99677088344882,1.000411199137,0.982196619441521
316,0.986770777667399,0.986770777667399,1.02110756788117,0.960381259796407,0.935493557639312,0.935493557639312,1.03597332135628,0.934722776386499,0.966162618490035,0.966162618490035,1.05703316050821,0.857520942982221,1.07077618785536,1.07077618785536,1.28628268048651,0.718911736430955,0.882148418378353,0.882148418378353,1.2359317639838,1.04585595352498,0.959920787609235,0.959920787609235,0.960363672906578,0.953459693234444,0.993837402261287,0.993837402261287,1.00185289955188,0.979506307909776
317,0.98778034468913,0.98778034468913,1.0210049460294,0.961117961929301,0.941794792002805,0.941794792002805,1.03563149830466,0.940667837712528,0.974919354077347,0.974919354077347,1.06522412004734,0.858552485697294,1.07080089678446,1.07080089678446,1.29098103640497,0.748704211530977,0.942034379339749,0.942034379339749,1.23412740340057,1.02478482934169,0.954836506664322,0.954836506664322,0.946318107063312,0.950171007692988,0.991633405115528,0.991633405115528,1.0036537448487,0.977361326957902
318,0.989010624240665,0.989010624240665,1.02047879512061,0.961967306760611,0.948230982935009,0.948230982935009,1.03500701642993,0.94664626642152,0.985001053238816,0.985001053238816,1.07438261825859,0.859725542999405,1.07034816543851,1.07034816543851,1.29496816487488,0.777480486022514,0.992154003988353,0.992154003988353,1.22834687387614,1.00389766941453,0.951747276668621,0.951747276668621,0.933965309793477,0.948075833395179,0.989710048411617,0.989710048411617,1.00553053684036,0.975721317711609
319,0.990541087522421,0.990541087522421,1.01990065464804,0.96322943219633,0.954656661037224,0.954656661037224,1.03452530731968,0.952509551177241,0.994612088555322,0.994612088555322,1.08254151958435,0.861989776392001,1.06433592504685,1.06433592504685,1.29396435715392,0.803759376093716,1.03546153921372,1.03546153921372,1.22181593024908,0.98737447755447,0.949973402844866,0.949973402844866,0.924334326039703,0.946737059648389,0.988410605440755,0.988410605440755,1.00764462286195,0.97454901976581
320,0.992225755781324,0.992225755781324,1.01956233890554,0.964546226521133,0.960621560292001,0.960621560292001,1.03412781586685,0.958356867256831,1.00437918015363,1.00437918015363,1.09048725386345,0.86539765177749,1.05769161430778,1.05769161430778,1.29128990031912,0.827429484979401,1.06995861779401,1.06995861779401,1.21124279807348,0.977196084296752,0.949735705772908,0.949735705772908,0.916153982637564,0.946660487612079,0.987323057699984,0.987323057699984,1.00962223067708,0.973682866332276
321,0.99422693168384,0.99422693168384,1.0194900885583,0.966433572047847,0.966698428731255,0.966698428731255,1.03418118020008,0.964261543456655,1.01414585591868,1.01414585591868,1.09937317123725,0.869125081779493,1.05013905115901,1.05013905115901,1.28671183323796,0.849196412895727,1.09700103231013,1.09700103231013,1.19978484534365,0.971616272579707,0.950796844926397,0.950796844926397,0.909910147149998,0.94807025301387,0.9869291247467,0.9869291247467,1.01173518747741,0.9735517328136
322,0.996141181370376,0.996141181370376,1.01942604087776,0.968187737157468,0.972343013625409,0.972343013625409,1.0343613212396,0.969752146323145,1.02336695844731,1.02336695844731,1.10670710404909,0.872770343870952,1.03940620971743,1.03940620971743,1.27823462188013,0.868301613399322,1.11326575390469,1.11326575390469,1.1875141412724,0.968756822458885,0.953283275147613,0.953283275147613,0.904820448514327,0.950816318385169,0.986595007422233,0.986595007422233,1.01386702590761,0.973520800637989
323,0.998245993006522,0.998245993006522,1.01952343033303,0.970202774573006,0.977792633308859,0.977792633308859,1.0345657741689,0.975075515044071,1.03210795177551,1.03210795177551,1.11321807556966,0.876728394484408,1.02882839687934,1.02882839687934,1.26902123233238,0.884651775317469,1.1134553333795,1.1134553333795,1.17346906161886,0.967165964654881,0.9564781614918,0.9564781614918,0.900265468881779,0.954717695276516,0.986751891390666,0.986751891390666,1.01591824319218,0.974004398157706
324,1.0001842236052,1.0001842236052,1.01959450044045,0.972270651368207,0.982659620888179,0.982659620888179,1.03480899900086,0.980128025357902,1.04058215836539,1.04058215836539,1.11873799523835,0.880573772422203,1.01777712907737,1.01777712907737,1.25627429252877,0.899747478604662,1.09825305507324,1.09825305507324,1.15996002961381,0.965010617385946,0.960871041078655,0.960871041078655,0.897456482301074,0.959294873603277,0.987082914803298,0.987082914803298,1.01809262437675,0.974682752847632
325,1.00223347150464,1.00223347150464,1.01980975651175,0.9745497283049,0.987457696615419,0.987457696615419,1.0348160965896,0.984861506415741,1.04776609375591,1.04776609375591,1.12312561192901,0.884087153010345,1.00709290843174,1.00709290843174,1.24234363702699,0.912256942169411,1.08507468732857,1.08507468732857,1.14890029873865,0.963622881314093,0.966262248367733,0.966262248367733,0.895918553804842,0.964800063588733,0.987790791769732,0.987790791769732,1.02044161468094,0.975650814408115
326,1.00403806268635,1.00403806268635,1.01964473931518,0.976659369062506,0.991600606741667,0.991600606741667,1.0345809757209,0.989420762066825,1.05399010776932,1.05399010776932,1.12635615077907,0.887963207732609,0.996014141982869,0.996014141982869,1.22668140007458,0.92466234804998,1.07162851363106,1.07162851363106,1.13620138781179,0.959284631502482,0.971886458211598,0.971886458211598,0.894852625737171,0.970221490324851,0.988508126547956,0.988508126547956,1.0225416510892,0.976710543392247
327,1.00574605082153,1.00574605082153,1.01966976039922,0.978932485339468,0.995564421503438,0.995564421503438,1.03411759322038,0.993807540126453,1.05986707922534,1.05986707922534,1.1283215085109,0.891481748901315,0.987063133153715,0.987063133153715,1.21015061468333,0.937252803615766,1.06064567576202,1.06064567576202,1.12688604751796,0.95594729420563,0.978174199431834,0.978174199431834,0.895021965888488,0.976026812777196,0.989369919339763,0.989369919339763,1.02457354030759,0.977939191464413
328,1.00726837968975,1.00726837968975,1.01952049940416,0.981110998274363,0.999069268240162,0.999069268240162,1.03359435791932,0.997929073973579,1.06422293261823,1.06422293261823,1.1293005170268,0.894568234797199,0.976281272385064,0.976281272385064,1.19226802438893,0.94950723411576,1.04757067872046,1.04757067872046,1.11727006813571,0.951247939092418,0.98429905873351,0.98429905873351,0.895522448605498,0.981807915224067,0.990140353694284,0.990140353694284,1.02658242492547,0.979207410664462
329,1.0088008444412,1.0088008444412,1.01945871384993,0.983412580144166,1.00244572263934,1.00244572263934,1.03291063236546,1.0016949538896,1.06836736450106,1.06836736450106,1.12938677025203,0.897920891970647,0.968449338925112,0.968449338925112,1.17404374025755,0.961430095420569,1.03635795079355,1.03635795079355,1.10990059658747,0.947598571124342,0.991096363051756,0.991096363051756,0.897349688104389,0.988642731733341,0.991224405063143,0.991224405063143,1.02849330364255,0.980569082846684
330,1.01001527749413,1.01001527749413,1.01909740310173,0.985651388201422,1.00505041459583,1.00505041459583,1.031909554551,1.0052162455921,1.07099281689182,1.07099281689182,1.12857493470923,0.900878076653497,0.961541200588311,0.961541200588311,1.15557966636969,0.975504355898563,1.02562495871657,1.02562495871657,1.10229334924226,0.944308733870797,0.997617522796654,0.997617522796654,0.898784965282255,0.995180464850049,0.992114923442884,0.992114923442884,1.03028684839264,0.982005380871933
331,1.01124034220719,1.01124034220719,1.01883479974326,0.987807769973949,1.00755420350468,1.00755420350468,1.03078201783273,1.00848468668148,1.07353213239312,1.07353213239312,1.12707118084036,0.903548447736524,0.955080214161853,0.955080214161853,1.13752636047649,0.989208254896086,1.01397160817874,1.01397160817874,1.09484444374415,0.942310320446599,1.00404401968265,1.00404401968265,0.900730391893211,1.00189389368343,0.992965900120144,0.992965900120144,1.03187306286757,0.983475578250929
332,1.01213411778026,1.01213411778026,1.01825988525951,0.989851941835235,1.00955966415179,1.00955966415179,1.02947455194325,1.01128691128114,1.07437995700442,1.07437995700442,1.12439228412693,0.905558551206208,0.947221977648351,0.947221977648351,1.11906176130987,1.00132743661765,1.00419289931075,1.00419289931075,1.08806704445142,0.93994187906073,1.0102788138801,1.0102788138801,0.903046893813662,1.00845768775615,0.993745792286454,0.993745792286454,1.03326772990401,0.984986502119205
333,1.01298692749193,1.01298692749193,1.01769982212675,0.991717372593169,1.01115789096355,1.01115789096355,1.0278503429146,1.01373922855454,1.07476460276942,1.07476460276942,1.12142635457289,0.907654148293911,0.942396164384228,0.942396164384228,1.100225790056,1.0138295611014,0.992167973002286,0.992167973002286,1.08126465765792,0.937431462407299,1.01643968428818,1.01643968428818,0.905635559823726,1.01510047011275,0.994332126309892,0.994332126309892,1.03430025830912,0.986337881081699
334,1.01343701946619,1.01343701946619,1.0168393289495,0.993399537654554,1.01232466419046,1.01232466419046,1.02601837051414,1.015647313219,1.0738761453082,1.0738761453082,1.11708983603628,0.908457765367382,0.936648548652524,0.936648548652524,1.08153138142944,1.02585254843985,0.982439951699141,0.982439951699141,1.07531158286488,0.937741131197917,1.02189911063691,1.02189911063691,0.907899412665531,1.02119988441304,0.994774027473503,0.994774027473503,1.03518735352059,0.987592446010681
335,1.01385982534899,1.01385982534899,1.01595816190485,0.995067302706291,1.01335046992434,1.01335046992434,1.02405763514188,1.01740858139842,1.07280127573723,1.07280127573723,1.11254932632802,0.909199398134295,0.930651452443214,0.930651452443214,1.06394242196499,1.03699851559879,0.975795889557783,0.975795889557783,1.069752258479,0.937194749484301,1.02772262947561,1.02772262947561,0.910620593241849,1.02755415530301,0.995107289570308,0.995107289570308,1.03598910061373,0.988970870933174
336,1.01414172042033,1.01414172042033,1.01480829359603,0.996631415229571,1.01381414105754,1.01381414105754,1.02185711779787,1.0186747941357,1.07066389278358,1.07066389278358,1.10745189835499,0.909733002164671,0.926818380185031,0.926818380185031,1.0458554982308,1.04832927033291,0.965887468417556,0.965887468417556,1.06180833743896,0.936348408933673,1.03266851130038,1.03266851130038,0.912761137913666,1.03385877805824,0.995302180862182,0.995302180862182,1.03631056101881,0.99019710324969
337,1.01411717028287,1.01411717028287,1.0135865880239,0.997997271882325,1.01405327021433,1.01405327021433,1.01956261037017,1.01958355216248,1.06754371762357,1.06754371762357,1.10114239464043,0.90971855253909,0.921504366305782,0.921504366305782,1.02746154905814,1.05998740050164,0.959934672908554,0.959934672908554,1.05631161331822,0.93798729164334,1.0374822929774,1.0374822929774,0.91504328846805,1.04015419606079,0.995398796434213,0.995398796434213,1.03643467031335,0.991360473402867
338,1.01406155145984,1.01406155145984,1.01197685894247,0.999249462885159,1.01397688871988,1.01397688871988,1.01708936553057,1.02029133791204,1.06404881729202,1.06404881729202,1.09481253195316,0.909615856985855,0.918499441703297,0.918499441703297,1.01038920125961,1.07026237601188,0.9548064483363,0.9548064483363,1.05080094880229,0.941274242153922,1.04190001190828,1.04190001190828,0.917466757205117,1.04588329165505,0.995205062215057,0.995205062215057,1.03638283117932,0.992664587580896
339,1.01362952779917,1.01362952779917,1.01040542864298,1.00036471609133,1.01368144801682,1.01368144801682,1.01433560703461,1.02057901242086,1.0599841065855,1.0599841065855,1.08792552160424,0.908885061438128,0.915545130552339,0.915545130552339,0.993743642458082,1.08100495582584,0.950005497804769,0.950005497804769,1.04429788596559,0.943662890740534,1.04584126705841,1.04584126705841,0.919187662827135,1.0514279470176,0.994816688241574,0.994816688241574,1.03578536809003,0.993515353701265
340,1.01315642810446,1.01315642810446,1.00865304790944,1.00131228393927,1.0129808609542,1.0129808609542,1.01154527476981,1.0205508884838,1.05508149186116,1.05508149186116,1.08033695826048,0.9080356298772,0.912543394198769,0.912543394198769,0.976617978864846,1.09098951341651,0.945148272102821,0.945148272102821,1.03733531614072,0.94708289385861,1.04919814395714,1.04919814395714,0.920705509871513,1.05659946471861,0.99411452117747,0.99411452117747,1.03498960849566,0.994660736978133
341,1.01226454382845,1.01226454382845,1.00656062041501,1.00212399595848,1.01199230283088,1.01199230283088,1.00840525384199,1.02004876233431,1.04971682698081,1.04971682698081,1.07256189525684,0.907212689296504,0.911029374495209,0.911029374495209,0.959549833296437,1.10118087582535,0.944720820276463,0.944720820276463,1.03205585176367,0.952880523453801,1.05256981749859,1.05256981749859,0.922708361379177,1.06202365288053,0.993347205888539,0.993347205888539,1.03395763157069,0.995651669442654
342,1.01145387515304,1.01145387515304,1.00447893310288,1.00296938668878,1.01112843994939,1.01112843994939,1.00544020966338,1.01959006674677,1.04374522375589,1.04374522375589,1.06415002652649,0.905769389592162,0.909677955486319,0.909677955486319,0.944063564730482,1.11139609024745,0.944919180274315,0.944919180274315,1.02632713842508,0.95951084717834,1.0552354118878,1.0552354118878,0.923912558010768,1.06676087884441,0.992620891219866,0.992620891219866,1.03250256432744,0.996778356871444
343,1.01017627645098,1.01017627645098,1.00200835677225,1.00363983303958,1.00964575366627,1.00964575366627,1.00202751420706,1.01851245916938,1.03743560749578,1.03743560749578,1.05589128021062,0.904004757738,0.9083755558045,0.9083755558045,0.928236127606303,1.12156491119322,0.94606304295811,0.94606304295811,1.01835349541041,0.968219888267695,1.0575221171443,1.0575221171443,0.925023022020375,1.07158566501812,0.991436903983349,0.991436903983349,1.03059418040151,0.997912186534331
344,1.0088865587581,1.0088865587581,0.999499029234422,1.00425425312334,1.0079061318062,1.0079061318062,0.998563811452563,1.01719834040371,1.03021798961125,1.03021798961125,1.0465532789442,0.902418911330509,0.908469609147495,0.908469609147495,0.913584526998808,1.13086981746126,0.950174722430704,0.950174722430704,1.01213160771416,0.979928780158364,1.05962460717004,1.05962460717004,0.925933074291267,1.07654610623436,0.99041390077729,0.99041390077729,1.02831958739554,0.999287486729407
345,1.00719067125164,1.00719067125164,0.996585371207198,1.00466951241794,1.00596168581352,1.00596168581352,0.994883102570777,1.01579407673993,1.02306084576359,1.02306084576359,1.03749554331056,0.90093616185474,0.909109251586088,0.909109251586088,0.899346320779802,1.13967173457076,0.95863994487428,0.95863994487428,1.00558830184988,0.995769388523173,1.06185575073597,1.06185575073597,0.926470209973411,1.08188192877061,0.988955662152633,0.988955662152633,1.02554795320936,1.00070994667609
346,1.00548642898635,1.00548642898635,0.993740540831756,1.00528924398066,1.00389978786856,1.00389978786856,0.991169527615771,1.01390807810515,1.01499094791141,1.01499094791141,1.02798440475226,0.899043834301497,0.909060630790133,0.909060630790133,0.885310346885532,1.14837116665629,0.966765520721935,0.966765520721935,0.996618841172226,1.01196191709834,1.06298683225288,1.06298683225288,0.926225895232502,1.08643126272053,0.987464170264183,0.987464170264183,1.02249530049571,1.00207196021509
347,1.00342590675302,1.00342590675302,0.990494173201147,1.00558043106099,1.00153734370742,1.00153734370742,0.987388499084218,1.01177656438509,1.00693744577061,1.00693744577061,1.01853153300038,0.897161369191111,0.909272250811873,0.909272250811873,0.871619481140229,1.15779035289991,0.976020591124767,0.976020591124767,0.989308813573232,1.02957865967916,1.06352765251585,1.06352765251585,0.925978013013041,1.09069766558512,0.985691560012545,0.985691560012545,1.01904847078016,1.00343150548201
348,1.00131589864051,1.00131589864051,0.987332546789138,1.00599889691511,0.999091400513823,0.999091400513823,0.983614064954142,1.00953716279345,0.998259777907347,0.998259777907347,1.00895834258723,0.895268124201323,0.908142415102583,0.908142415102583,0.858473066835418,1.16594590666132,0.986422318014181,0.986422318014181,0.979396666550056,1.04873639814008,1.06325626188395,1.06325626188395,0.925100068049126,1.09396995516087,0.983660394315736,0.983660394315736,1.01513522016315,1.00459650364443
349,0.998902879033247,0.998902879033247,0.983812619240458,1.00608572976017,0.996270415882916,0.996270415882916,0.979597703685571,1.0068671101052,0.989302432474719,0.989302432474719,0.998881568682896,0.893423388668842,0.907109820985204,0.907109820985204,0.845227637483302,1.17444456245949,0.996863956371976,0.996863956371976,0.968181487117359,1.06570467327886,1.06182591975344,1.06182591975344,0.92356495901175,1.09620124473886,0.981155709185585,0.981155709185585,1.01065528430138,1.00545979493269
350,0.99649564348979,0.99649564348979,0.980229922604372,1.00620834623576,0.993475059418897,0.993475059418897,0.975686614488759,1.00396099642351,0.980107230417678,0.980107230417678,0.989027137700247,0.891834961971068,0.903504309993336,0.903504309993336,0.833391268419774,1.1809564241869,1.00832094248538,1.00832094248538,0.955449434873659,1.0855014316594,1.05971160429837,1.05971160429837,0.921682308515333,1.09817284523201,0.978583234686357,0.978583234686357,1.00569873828588,1.00634608841604
351,0.993653079106348,0.993653079106348,0.976286957765259,1.00610461501872,0.990230820204533,0.990230820204533,0.971674066849957,1.00059759070293,0.970505224623377,0.970505224623377,0.978639416331014,0.890334609181596,0.897339830715983,0.897339830715983,0.820542949814413,1.18793169645747,1.02125624938761,1.02125624938761,0.940231520841023,1.10553857699943,1.0565473214522,1.0565473214522,0.919046172024523,1.09907272486534,0.975694250490994,0.975694250490994,1.00033065677425,1.00707730088993
352,0.990864260610987,0.990864260610987,0.972444628040898,1.00616734948698,0.987010549236531,0.987010549236531,0.967660433386013,0.997300178250884,0.96096707893678,0.96096707893678,0.968561667489954,0.889141425615284,0.889289502205346,0.889289502205346,0.809581695174292,1.19468810684821,1.03431647918587,1.03431647918587,0.923314719781117,1.12494510021756,1.05222396825889,1.05222396825889,0.916016462093341,1.09894316797145,0.972543340247322,0.972543340247322,0.994512278590303,1.007709572415
353,0.987805666035103,0.987805666035103,0.968300865068208,1.0060297821817,0.983698982639678,0.983698982639678,0.963706599755536,0.993602833880183,0.951159235679044,0.951159235679044,0.958263984394399,0.888153117097385,0.875558112659109,0.875558112659109,0.798038956940707,1.19911881489201,1.04812784281906,1.04812784281906,0.899760975485553,1.14506858541532,1.04695321396103,1.04695321396103,0.912007421759366,1.09778279383743,0.968815931098324,0.968815931098324,0.988014293035788,1.00818214148501
354,0.984748209909872,0.984748209909872,0.964183126383401,1.00594062802361,0.980175172568476,0.980175172568476,0.959671037920418,0.98956800226466,0.941318066355799,0.941318066355799,0.947891575266613,0.887857645190171,0.858426854176028,0.858426854176028,0.785631347219643,1.20207410554475,1.06140638834936,1.06140638834936,0.874110911387024,1.16589512374025,1.04067706047305,1.04067706047305,0.907890263809242,1.09588189735076,0.965198921778964,0.965198921778964,0.981200230572888,1.00849464048497
355,0.981393893595842,0.981393893595842,0.959672879278,1.00582163122258,0.97655304993166,0.97655304993166,0.955634257842457,0.985215756798194,0.931598795582329,0.931598795582329,0.937088932298612,0.887814697691917,0.836828858962887,0.836828858962887,0.773404433393928,1.20373509684111,1.07346523940595,1.07346523940595,0.84241439815041,1.18645949331787,1.03312768261913,1.03312768261913,0.903182975858468,1.09262761457242,0.961175603858978,0.961175603858978,0.973547629412606,1.00855569083157
356,0.97806991148308,0.97806991148308,0.955156278548271,1.00575179511022,0.972965332920262,0.972965332920262,0.951903733421808,0.980622842461597,0.921924969443644,0.921924969443644,0.926290017029839,0.888863901060478,0.811746107685538,0.811746107685538,0.760430573163601,1.20328688868003,1.07965630638119,1.07965630638119,0.804870020650394,1.20690550643399,1.02369568453104,1.02369568453104,0.897787279626906,1.08792904856977,0.957028454004312,0.957028454004312,0.965454054220618,1.00835930565211
357,0.974591559134206,0.974591559134206,0.95046950690812,1.0054922998544,0.96906137589862,0.96906137589862,0.947857260368183,0.975641913128836,0.912053384887707,0.912053384887707,0.915285160715984,0.890906286828582,0.78307139547421,0.78307139547421,0.747215609979886,1.19911252425116,1.07659749144448,1.07659749144448,0.762457288917873,1.22675160187609,1.01341671235129,1.01341671235129,0.891603861114836,1.08176232451554,0.952537980550938,0.952537980550938,0.95662383285406,1.0078436468536
358,0.971231862722736,0.971231862722736,0.945836652556776,1.00557944745377,0.965479745262479,0.965479745262479,0.94434053756648,0.970698270522433,0.90252141729525,0.90252141729525,0.904139626768158,0.895402643334706,0.754670872669581,0.754670872669581,0.736816666258287,1.19148721909201,1.06668667561615,1.06668667561615,0.711658751920847,1.24567682631286,1.00105266145632,1.00105266145632,0.88607375149779,1.07449730087815,0.948027811707586,0.948027811707586,0.947198853277038,1.00738116093761
359,0.967808615057884,0.967808615057884,0.941167879573779,1.00556786056076,0.961814037136737,0.961814037136737,0.940946539489439,0.965095780994819,0.893231999302564,0.893231999302564,0.893291563218785,0.90029647922387,0.729964733295329,0.729964733295329,0.726225207869113,1.18009670326974,1.04017348717076,1.04017348717076,0.650033788398124,1.25659002687035,0.986480404762868,0.986480404762868,0.879025449596507,1.06569865038579,0.943206692147901,0.943206692147901,0.9366924736493,1.00619323935473
360,0.964524074751613,0.964524074751613,0.936568150619862,1.00591169029931,0.958348550636695,0.958348550636695,0.937728047832409,0.95952491103487,0.884492491093145,0.884492491093145,0.883341473739005,0.905002641999836,0.708789181063439,0.708789181063439,0.71874838992027,1.16376960703474,0.994409401066554,0.994409401066554,0.571823436983842,1.25924556796549,0.967646061296404,0.967646061296404,0.867441386414882,1.05396466179526,0.938046826972874,0.938046826972874,0.924830739641476,1.00457990845344
