1,1.2190839632336805,1.2190839632336805,1.2317992599560490,1.2373981338943290,1.3413235910946841,1.3413235910946841,1.3317739053787159,1.3402062235531840,0.8084075120965244,0.8084075120965244,0.8280785514396506,0.8269799562842931,0.7429161133372117,0.7429161133372117,0.8312354288254664,0.8216304801959821,0.3153563889220226,0.3153563889220226,0.4464977171794907,0.4377759633715436,0.2897160096340790,0.2897160096340790,0.3300082032969709,0.3341459068988626,1.0707626374196075,1.0707626374196075,1.0779167084337771,1.0823315644169877
2,1.2227981930627916,1.2227981930627916,1.2353885780255804,1.2408149158840078,1.3328484893711234,1.3328484893711234,1.3246012582229909,1.3320126760200504,0.7730125223183534,0.7730125223183534,0.7961626625697521,0.7951309104660472,0.7317225603262547,0.7317225603262547,0.8239638419480960,0.8121605350345574,0.3050332882162323,0.3050332882162323,0.4410526230675457,0.4369472999816140,0.2995488067774124,0.2995488067774124,0.3403408393719272,0.3435139365298102,1.0874419026019098,1.0874419026019098,1.0936621090778900,1.0982484289192735
3,1.2263711581210366,1.2263711581210366,1.2392064434878480,1.2442843795343204,1.3240488693240744,1.3240488693240744,1.3167488835433148,1.3241405441124381,0.7376637642405195,0.7376637642405195,0.7633891305508738,0.7623417071784253,0.7145218005327509,0.7145218005327509,0.8156239176622021,0.8027599667607623,0.2994057645675897,0.2994057645675897,0.4388266411978827,0.4399166771288616,0.3100564956217182,0.3100564956217182,0.3500373243452537,0.3540236947720296,1.1036357300012856,1.1036357300012856,1.1094276896651547,1.1134346499761243
4,1.2295341107955486,1.2295341107955486,1.2423086933433511,1.2474716200026663,1.3141581152038480,1.3141581152038480,1.3073189322968559,1.3147174542658018,0.7067255103748559,0.7067255103748559,0.7373996522048242,0.7344568304836313,0.7032536238350543,0.7032536238350543,0.8042512936359830,0.7921799913972659,0.2970042098895066,0.2970042098895066,0.4418060323157393,0.4434384965360623,0.3229731728986614,0.3229731728986614,0.3644471106624735,0.3683684901444181,1.1199803730225413,1.1199803730225413,1.1247291315599302,1.1292145188323912
5,1.2321974685487054,1.2321974685487054,1.2451411823418541,1.2503239556284114,1.3035901054519941,1.3035901054519941,1.2980005781065682,1.3047994863925689,0.6928744929538266,0.6928744929538266,0.7231762669475867,0.7183384606736062,0.6879557680534132,0.6879557680534132,0.7919137196923878,0.7800043476182915,0.2966816129924507,0.2966816129924507,0.4441347518101561,0.4480652004631691,0.3544025044731103,0.3544025044731103,0.3931606581133081,0.3975069656423447,1.1360987926109771,1.1360987926109771,1.1402525528293745,1.1450603485552597
6,1.2345920786889948,1.2345920786889948,1.2479736713403569,1.2527096822599713,1.2926129204226984,1.2926129204226984,1.2884387394300889,1.2943713349867625,0.6836928772668559,0.6836928772668559,0.7146383812172938,0.7087527314239880,0.6711654385369777,0.6711654385369777,0.7787490458196130,0.7686265380470561,0.3000868024613745,0.3000868024613745,0.4471483888029307,0.4495153613955459,0.3929744398828500,0.3929744398828500,0.4276092041318657,0.4337495302770733,1.1522266381757802,1.1522266381757802,1.1549788663443268,1.1598660261509466
7,1.2366490315720926,1.2366490315720926,1.2497945571251086,1.2544030213517725,1.2809067449565814,1.2809067449565814,1.2780805035800251,1.2831779082820955,0.6740119592162432,0.6740119592162432,0.7048670311828502,0.6995062342509489,0.6532930655628165,0.6532930655628165,0.7617934972714319,0.7546470951897150,0.3042088739237560,0.3042088739237560,0.4516688442920926,0.4535550954214525,0.4329523996696155,0.4329523996696155,0.4647854889649873,0.4725390279677157,1.1673270523165253,1.1673270523165253,1.1694226606551550,1.1743317515879936
8,1.2384992555222156,1.2384992555222156,1.2516978698383883,1.2559608933162296,1.2691911631622474,1.2691911631622474,1.2669207979629140,1.2715508255747408,0.6649320532700145,0.6649320532700145,0.6961171437752814,0.6906183538445790,0.6355699399621347,0.6355699399621347,0.7480084984517723,0.7419858131973341,0.3123096404498275,0.3123096404498275,0.4514291231676673,0.4555576986137823,0.4740270584704611,0.4740270584704611,0.5031955213891484,0.5110064996397944,1.1825500041500479,1.1825500041500479,1.1844264483884430,1.1888380683275650
9,1.2395466821159538,1.2395466821159538,1.2531478344447649,1.2574961874261295,1.2565819801872939,1.2565819801872939,1.2551625263172488,1.2592911152869948,0.6559815960847298,0.6559815960847298,0.6871552546904367,0.6817498581282994,0.6188915459758089,0.6188915459758089,0.7326726872649012,0.7276247974580309,0.3209839125706652,0.3209839125706652,0.4482442568003033,0.4487557532881104,0.5141175002073886,0.5141175002073886,0.5405163860180949,0.5501570568057963,1.1970000259214348,1.1970000259214348,1.1985070037225409,1.2021215720785960
10,1.2403253610968250,1.2403253610968250,1.2541556909799463,1.2578875369051234,1.2437376390069144,1.2437376390069144,1.2432774398350257,1.2472864967655355,0.6460602731923637,0.6460602731923637,0.6783379122037346,0.6729879782075160,0.6018027217124147,0.6018027217124147,0.7168544011193420,0.7131597163872834,0.3306618194823435,0.3306618194823435,0.4329363507120050,0.4344958374530724,0.5560076531469090,0.5560076531469090,0.5797938972172058,0.5886050117494771,1.2106394137252166,1.2106394137252166,1.2113061326665058,1.2153238932245787
11,1.2409765572356950,1.2409765572356950,1.2548001196938914,1.2587605472813410,1.2305640763389378,1.2305640763389378,1.2313720629789531,1.2345319084511930,0.6358338210777720,0.6358338210777720,0.6688845646852050,0.6626559383894240,0.5826990579070481,0.5826990579070481,0.6992440651272269,0.6972377206763167,0.3342103853499589,0.3342103853499589,0.4181078868725573,0.4187167054031634,0.5976728421861054,0.5976728421861054,0.6191292403346466,0.6285752715081869,1.2243165054344680,1.2243165054344680,1.2244382306724737,1.2288306491394925
12,1.2416036349990516,1.2416036349990516,1.2556168956220310,1.2590465334390673,1.2168308371420471,1.2168308371420471,1.2183811511219436,1.2214967191939350,0.6272532174951850,0.6272532174951850,0.6599130391604840,0.6537292886028737,0.5626625980174352,0.5626625980174352,0.6831500790052745,0.6800669409880195,0.3349989555427623,0.3349989555427623,0.4032109312832738,0.4045949001331136,0.6404159832476882,0.6404159832476882,0.6587826590029022,0.6682918137977252,1.2390398805205127,1.2390398805205127,1.2385944607933905,1.2429056832897447
13,1.2415760711413215,1.2415760711413215,1.2555944155506145,1.2589787998753952,1.2030740821246135,1.2030740821246135,1.2050300851291089,1.2079207353921486,0.6175075750641003,0.6175075750641003,0.6504596916419543,0.6456749498703838,0.5439320526457673,0.5439320526457673,0.6618867183259498,0.6616473773223913,0.3209122243713194,0.3209122243713194,0.3881085004444829,0.3868822201733690,0.6827279435003164,0.6827279435003164,0.6998336823641325,0.7079302891736723,1.2534993282682674,1.2534993282682674,1.2518879983445721,1.2560623392203876
14,1.2414658157104017,1.2414658157104017,1.2554258150149893,1.2588809625056467,1.1885413050292737,1.1885413050292737,1.1911514694161927,1.1943396497550367,0.6069390083670132,0.6069390083670132,0.6407268873670154,0.6352362942567955,0.5242313993464831,0.5242313993464831,0.6464819821449803,0.6440256478645023,0.3023091366410933,0.3023091366410933,0.3782799343430476,0.3756262091268256,0.7255179520411333,0.7255179520411333,0.7397184287057080,0.7480957162163602,1.2674544862803605,1.2674544862803605,1.2654842350430291,1.2699394907708343
15,1.2409593298246138,1.2409593298246138,1.2548413331581554,1.2583917756569043,1.1740320437544762,1.1740320437544762,1.1775670641240912,1.1803759264684945,0.5974892488180866,0.5974892488180866,0.6311193568104668,0.6259316430134858,0.5033367670593635,0.5033367670593635,0.6268038963299164,0.6256407726426890,0.2804083917409619,0.2804083917409619,0.3656432064983450,0.3643011427977882,0.7679142737563831,0.7679142737563831,0.7788417214559389,0.7877732250491029,1.2809571974268130,1.2809571974268130,1.2784851634185110,1.2830606293117688
16,1.2401909872903913,1.2401909872903913,1.2542605979798909,1.2578499071475278,1.1586338844631678,1.1586338844631678,1.1631152453499323,1.1653408177635476,0.5869576674812692,0.5869576674812692,0.6212998245766425,0.6162102209332361,0.4855390177719419,0.4855390177719419,0.6101585102551775,0.6066315054322103,0.2597621903293814,0.2597621903293814,0.3582460975160801,0.3580171120908223,0.8100575110837682,0.8100575110837682,0.8199120221232791,0.8275483175238346,1.2949170684270899,1.2949170684270899,1.2913952820498102,1.2959432939503737
17,1.2390539781590308,1.2390539781590308,1.2527356998021255,1.2567473552499773,1.1436496036134096,1.1436496036134096,1.1481409494491543,1.1508720127797574,0.5762319130030356,0.5762319130030356,0.6110755618680185,0.6059072581502795,0.4667338487135343,0.4667338487135343,0.5919278493161779,0.5888710221990624,0.2437398777756028,0.2437398777756028,0.3685198599914480,0.3655786655239296,0.8540848210763679,0.8540848210763679,0.8608184656886844,0.8685139304308326,1.3082124080934574,1.3082124080934574,1.3044063003968680,1.3090390629272304
18,1.2375207385728022,1.2375207385728022,1.2510609344815822,1.2550916459157717,1.1277529089265976,1.1277529089265976,1.1329079512817979,1.1349695920694352,0.5672722094776835,0.5672722094776835,0.6008512991593946,0.5964281446961577,0.4624429867260008,0.4624429867260008,0.5877234246761818,0.5833555596325184,0.2301549639995802,0.2301549639995802,0.3797867528394349,0.3793897220227558,0.8967436006753291,0.8967436006753291,0.9001441701530701,0.9086208072883271,1.3209751800950609,1.3209751800950609,1.3162014771690360,1.3216781797506905
19,1.2358014429468964,1.2358014429468964,1.2491276483397469,1.2535224850240358,1.1128203628820330,1.1128203628820330,1.1169394270624045,1.1186029043444707,0.5602727300466294,0.5602727300466294,0.5910317669255701,0.5874433408393366,0.4539731982810434,0.4539731982810434,0.5769022006027491,0.5726715189375777,0.2433097485795282,0.2433097485795282,0.3923207430593837,0.3934769996515585,0.9396648381580017,0.9396648381580017,0.9409060339226505,0.9503085391460440,1.3333797649946990,1.3333797649946990,1.3279159341685971,1.3335612835646380
20,1.2340718108743420,1.2340718108743420,1.2470182683051476,1.2514453224047597,1.0975068605446781,1.0975068605446781,1.1005853857398744,1.1023178459847180,0.5549930698681195,0.5549930698681195,0.5842766225723700,0.5806005452374858,0.4476301849081678,0.4476301849081678,0.5665289889909554,0.5612590209225277,0.2551383014715795,0.2551383014715795,0.4043752910304821,0.4071499455853965,0.9831391118956380,0.9831391118956380,0.9808775281417210,0.9915571446148101,1.3458738966698287,1.3458738966698287,1.3395849862960669,1.3454697569426630
21,1.2318253564693509,1.2318253564693509,1.2445754338778674,1.2489542324519323,1.0793244281011234,1.0793244281011234,1.0837900287861224,1.0848185508174402,0.5467545808680280,0.5467545808680280,0.5769432918265992,0.5733603634887855,0.4391977083065802,0.4391977083065802,0.5577065897463732,0.5536622517270990,0.2703003556332089,0.2703003556332089,0.4143065947566711,0.4214098614204345,1.0234638910287364,1.0234638910287364,1.0210803500341115,1.0330009173675545,1.3575998112710064,1.3575998112710064,1.3502854011522551,1.3570281303364173
22,1.2293239363803576,1.2293239363803576,1.2418778253078646,1.2461357636080230,1.0610385260471811,1.0610385260471811,1.0670910511081544,1.0678345410180616,0.5408831549252018,0.5408831549252018,0.5724719837240531,0.5694640407806495,0.4313249093555405,0.4313249093555405,0.5495734404427742,0.5446779447790808,0.2872187706788096,0.2872187706788096,0.4282789117231716,0.4349792244305313,1.0604610791362072,1.0604610791362072,1.0587963994383129,1.0722783332681420,1.3684114061645360,1.3684114061645360,1.3606578919322283,1.3675057603004659
23,1.2264262858364965,1.2264262858364965,1.2385994815595975,1.2435844660430426,1.0429595632140138,1.0429595632140138,1.0498493059297180,1.0503709586980639,0.5334398511709103,0.5334398511709103,0.5657939308898623,0.5622432437220393,0.4231536156575419,0.4231536156575419,0.5363053790788519,0.5311841401351461,0.3028826422358594,0.3028826422358594,0.4423882121893435,0.4505511906329578,1.0963896887171387,1.0963896887171387,1.0944883317009650,1.1089014741066279,1.3789826386606943,1.3789826386606943,1.3702030050429819,1.3778311728800487
24,1.2232529967153358,1.2232529967153358,1.2348640430258577,1.2401827359564019,1.0244196902982110,1.0244196902982110,1.0318111635776968,1.0322645451270231,0.5273834984267353,0.5273834984267353,0.5611973490689258,0.5577556879661513,0.4119227508032152,0.4119227508032152,0.5279654547929580,0.5214713758670184,0.3190483311883295,0.3190483311883295,0.4545454977851956,0.4665374885303492,1.1307810449791884,1.1307810449791884,1.1280308443323530,1.1427044476916306,1.3894831763340962,1.3894831763340962,1.3797430731679474,1.3876897854806038
25,1.2197661687124968,1.2197661687124968,1.2309937240636177,1.2366681165969746,1.0059456616799278,1.0059456616799278,1.0136462063891174,1.0136887627060145,0.5202915555950066,0.5202915555950066,0.5540760200004310,0.5509225847093456,0.4033037149847783,0.4033037149847783,0.5148352434172323,0.5111689080540400,0.3359667462339301,0.3359667462339301,0.4675589302539950,0.4816260677553168,1.1637476298725189,1.1637476298725189,1.1587106770064068,1.1740190384059126,1.3992202099217304,1.3992202099217304,1.3891065667903357,1.3968837155023257
26,1.2159141195947361,1.2159141195947361,1.2273144857084195,1.2327057031221598,0.9871706305586990,0.9871706305586990,0.9950450061627782,0.9947711573181817,0.5138468565679990,0.5138468565679990,0.5482074281158391,0.5456402566597583,0.3928190869978487,0.3928190869978487,0.5047032692847826,0.5001726713647667,0.3533869786749512,0.3533869786749512,0.4814627554706596,0.4988208330963554,1.1961799255025793,1.1961799255025793,1.1882145940077511,1.2051482202004156,1.4085849174428478,1.4085849174428478,1.3977688073882024,1.4059000585755046
27,1.2116623945398908,1.2116623945398908,1.2226873376751510,1.2282653917258810,0.9678359229085558,0.9678359229085558,0.9756930621040153,0.9753586739037523,0.5063665674534378,0.5063665674534378,0.5416161032405340,0.5392336165849377,0.3853194064805075,0.3853194064805075,0.4917453703943027,0.4904252186528242,0.3703053937205518,0.3703053937205518,0.4982432341804273,0.5146344927875114,1.2272530642348485,1.2272530642348485,1.2188558720695852,1.2345892049885083,1.4170541572090520,1.4170541572090520,1.4057802448194268,1.4140081712547052
28,1.2070144390301776,1.2070144390301776,1.2178840957491184,1.2235052273900400,0.9485012152584126,0.9485012152584126,0.9558490764794070,0.9551656096844852,0.4995890001840022,0.4995890001840022,0.5343791368935250,0.5331177468614706,0.3777451022764267,0.3777451022764267,0.4844048585228340,0.4820306152496566,0.3907723746337679,0.3907723746337679,0.5134141567690539,0.5318292581285501,1.2581293595543339,1.2581293595543339,1.2475886968265297,1.2639716395914076,1.4249955422986762,1.4249955422986762,1.4131610590271606,1.4207615492121621
29,1.2023492561093831,1.2023492561093831,1.2130771071445166,1.2185004696298274,0.9279813102529212,0.9279813102529212,0.9346709987742077,0.9341409463071230,0.4938377766620528,0.4938377766620528,0.5289827305628658,0.5264591058154771,0.3715886481204003,0.3715886481204003,0.4748587468402198,0.4727341123073057,0.4099131238590873,0.4099131238590873,0.5279344077342406,0.5478500836671885,1.2862967145740831,1.2862967145740831,1.2751841605229848,1.2921537953978417,1.4325174714399460,1.4325174714399460,1.4202139491586794,1.4277990662872884
30,1.1973222975558833,1.1973222975558833,1.2077305968259140,1.2129312655056812,0.9067982591081279,0.9067982591081279,0.9125392734980917,0.9120448975113559,0.4870139776922800,0.4870139776922800,0.5215337625385809,0.5195678484884008,0.3653575702776343,0.3653575702776343,0.4662086600808835,0.4646517048984708,0.4257562159145015,0.4257562159145015,0.5411533154525473,0.5624207482734501,1.3152139492615793,1.3152139492615793,1.3028374561377698,1.3191551891362083,1.4392240536254268,1.4392240536254268,1.4267421607682538,1.4340602747016398
31,1.1919266724052451,1.1919266724052451,1.2021930059002695,1.2071513347389999,0.8848627017059708,0.8848627017059708,0.8905800163996946,0.8897090624552793,0.4813182322107352,0.4813182322107352,0.5161855384073026,0.5150609080424225,0.3581563845072520,0.3581563845072520,0.4557320609779423,0.4537595335406417,0.4440367067476717,0.4440367067476717,0.5569406637896961,0.5799953176682064,1.3419284124250686,1.3419284124250686,1.3298353233448150,1.3448587204361209,1.4460201825863988,1.4460201825863988,1.4331341577615544,1.4390885223018199
32,1.1862657451239560,1.1862657451239560,1.1966254415460695,1.2014617153905478,0.8619253703486980,0.8619253703486980,0.8681084273616029,0.8671691539861730,0.4752896184867625,0.4752896184867625,0.5096327592915022,0.5080824196099402,0.3481194986407606,0.3481194986407606,0.4458068618277874,0.4460240105699543,0.4591629168096282,0.4591629168096282,0.5700568338832491,0.5952220074581623,1.3696927071234037,1.3696927071234037,1.3546934095736511,1.3710892034027742,1.4513694241749586,1.4513694241749586,1.4385726524409372,1.4448321916089883
33,1.1803601886053137,1.1803601886053137,1.1903347682279659,1.1946958849748621,0.8384565814471620,0.8384565814471620,0.8456266931365866,0.8448996427893309,0.4714061556584365,0.4714061556584365,0.5044869003976236,0.5021216274071949,0.3447987445808434,0.3447987445808434,0.4401205498146779,0.4357215427569758,0.4772283430447611,0.4772283430447611,0.5865290997187558,0.6103451143243770,1.3949261579430925,1.3949261579430925,1.3796767982922020,1.3947825116777124,1.4564358864724931,1.4564358864724931,1.4428053955170062,1.4488355088204337
34,1.1742754670114268,1.1742754670114268,1.1839841480527513,1.1881219663229139,0.8150912621560135,0.8150912621560135,0.8229826359207758,0.8224770765327167,0.4669586660859965,0.4669586660859965,0.4982135780382323,0.4968586840476977,0.3364782035093654,0.3364782035093654,0.4285066883091148,0.4290613615445454,0.4933223437978855,0.4933223437978855,0.5961521905706837,0.6204617132097672,1.4206938980260511,1.4206938980260511,1.4042360862763332,1.4190320467119883,1.4620631943638944,1.4620631943638944,1.4479865959212048,1.4534629173081877
35,1.1676153498874271,1.1676153498874271,1.1773300469134114,1.1815405217194466,0.7915143004799814,0.7915143004799814,0.8006682972800161,0.7998555386983988,0.4649891956516312,0.4649891956516312,0.4954093740342648,0.4941642121251559,0.3291650822088736,0.3291650822088736,0.4202356890173191,0.4204933159223040,0.5078750482650759,0.5078750482650759,0.6097478029130873,0.6318213071800517,1.4446806738981104,1.4446806738981104,1.4286122398524195,1.4410761914373120,1.4666489318666862,1.4666489318666862,1.4524211384287906,1.4574713084324484
36,1.1609586782456436,1.1609586782456436,1.1705110919170156,1.1745037570490726,0.7682007159940266,0.7682007159940266,0.7774814725637369,0.7769993164390969,0.4619194107492402,0.4619194107492402,0.4924220776726498,0.4909657382602682,0.3235683057033951,0.3235683057033951,0.4127573271576539,0.4123415316258396,0.5230729465263781,0.5230729465263781,0.6192339102653437,0.6415581020117243,1.4682737629446023,1.4682737629446023,1.4510317468583414,1.4636765629219730,1.4705277211419150,1.4705277211419150,1.4558265038356397,1.4606983169831191
37,1.1540746047775881,1.1540746047775881,1.1629690279567164,1.1674406515483819,0.7449153504927231,0.7449153504927231,0.7547613264459914,0.7544492042993393,0.4613091523047890,0.4613091523047890,0.4913813421660227,0.4902485047269298,0.3157701304390951,0.3157701304390951,0.4035213779484820,0.4045713202113374,0.5324282565410006,0.5324282565410006,0.6301240984892337,0.6499483188347611,1.4925604906837604,1.4925604906837604,1.4749934383530627,1.4869795366289551,1.4740624622797298,1.4740624622797298,1.4587425056210601,1.4632149777396168
38,1.1469527930366117,1.1469527930366117,1.1556105512463202,1.1599259889565441,0.7204494908001798,0.7204494908001798,0.7316049372904860,0.7310725948368123,0.4587941478064446,0.4587941478064446,0.4895696914693015,0.4878738801908767,0.3094644289095894,0.3094644289095894,0.3922521414134104,0.3960726514767256,0.5441851212337061,0.5441851212337061,0.6377951744708418,0.6570610129316566,1.5145975794196773,1.5145975794196773,1.4962177523801650,1.5082234954899687,1.4770599227645969,1.4770599227645969,1.4616988672927840,1.4662999167314530
39,1.1394760966273620,1.1394760966273620,1.1482895413216185,1.1521479180615373,0.6970418430320546,0.6970418430320546,0.7084586933219053,0.7084408533318428,0.4575921235976770,0.4575921235976770,0.4877002221333231,0.4876218792197037,0.3049123840184669,0.3049123840184669,0.3882889542527583,0.3903837466911079,0.5533253666502913,0.5533253666502913,0.6478292158217844,0.6604101941326220,1.5367565236016032,1.5367565236016032,1.5184155703658220,1.5286379933940755,1.4802930326586514,1.4802930326586514,1.4637774014374090,1.4691413079081441
40,1.1318512444828139,1.1318512444828139,1.1401367687544992,1.1445805738090657,0.6731779883454025,0.6731779883454025,0.6851298359886809,0.6849366979861724,0.4563900993889094,0.4563900993889094,0.4866691230665721,0.4856155637953651,0.3032706629101932,0.3032706629101932,0.3815343048311252,0.3854579876694145,0.5632541822596798,0.5632541822596798,0.6569728644248619,0.6671085565345527,1.5588029858333670,1.5588029858333670,1.5393410861482195,1.5488475656500051,1.4828616112187969,1.4828616112187969,1.4654977415910913,1.4709070295679449
41,1.1240679001563187,1.1240679001563187,1.1318491157588799,1.1369831257505176,0.6492906178382079,0.6492906178382079,0.6619379386789394,0.6618713004785153,0.4560294921262791,0.4560294921262791,0.4860620273543730,0.4852666393737410,0.3000991562237554,0.3000991562237554,0.3778812801439154,0.3799425251028705,0.5721076748788818,0.5721076748788818,0.6675205938995730,0.6765000749537545,1.5797902430344379,1.5797902430344379,1.5590714089517974,1.5689985877207413,1.4855480144835362,1.4855480144835362,1.4676317705793835,1.4733526555450256
42,1.1162156461854986,1.1162156461854986,1.1237900101559968,1.1286330825400579,0.6251821986179125,0.6251821986179125,0.6391924295938822,0.6389691617012818,0.4550216410589279,0.4550216410589279,0.4862162103923918,0.4853635628241921,0.3024124905126865,0.3024124905126865,0.3752276678711309,0.3784162335750219,0.5808177910993924,0.5808177910993924,0.6762875378785537,0.6834056032031676,1.6005431628393381,1.6005431628393381,1.5785222108167802,1.5891300930630798,1.4874662006743238,1.4874662006743238,1.4693218408183382,1.4750524163382248
43,1.1083186009458672,1.1083186009458672,1.1152775564462105,1.1205464476327673,0.6016287527624230,0.6016287527624230,0.6161932908357088,0.6161690596305630,0.4522292463585602,0.4522292463585602,0.4861294824335062,0.4850921771629289,0.3039049642474808,0.3039049642474808,0.3760892302973597,0.3795262637770936,0.5902447893133606,0.5902447893133606,0.6876571683512942,0.6964225239533113,1.6198056968045909,1.6198056968045909,1.5981657857428633,1.6069976579112726,1.4897190090261578,1.4897190090261578,1.4710320910004446,1.4768739510389963
44,1.1000459981446653,1.1000459981446653,1.1066901691650353,1.1117486103069201,0.5784468568715070,0.5784468568715070,0.5942086707700002,0.5938638355864407,0.4520443195572113,0.4520443195572113,0.4887891398393311,0.4871178772773578,0.3196132503061903,0.3196132503061903,0.3810173673753879,0.3869149023096337,0.6047258055812051,0.6047258055812051,0.6969720463289611,0.7033625798439714,1.6413741107481659,1.6413741107481659,1.6158430754457269,1.6268266539634451,1.4916984640633342,1.4916984640633342,1.4719250534849073,1.4783758292323903
45,1.0917630588968146,1.0917630588968146,1.0981814621338184,1.1029394840537943,0.5564313456795049,0.5564313456795049,0.5724928981577947,0.5728340703737528,0.4509624977693205,0.4509624977693205,0.4896756923079394,0.4900546578260275,0.3350976653046808,0.3350976653046808,0.3914939664783291,0.3983620887684986,0.6127190398082580,0.6127190398082580,0.7069718418049860,0.7122361836444673,1.6632893440380738,1.6632893440380738,1.6350336336782250,1.6462360403550647,1.4929332669674773,1.4929332669674773,1.4724497320068515,1.4792130248469511
46,1.0836799576175062,1.0836799576175062,1.0899087958524769,1.0942131432673790,0.5349143698830064,0.5349143698830064,0.5521873065281150,0.5524267290708047,0.4547072654966348,0.4547072654966348,0.4952744638759983,0.4963643744503969,0.3636412254826209,0.3636412254826209,0.4062439152153648,0.4134168733840967,0.6264473299829721,0.6264473299829721,0.7170401290308465,0.7223527825298575,1.6828893238538127,1.6828893238538127,1.6534820156254884,1.6648745159749707,1.4934799735967927,1.4934799735967927,1.4732619747187075,1.4791825813700579
47,1.0753522271008444,1.0753522271008444,1.0810179276071763,1.0854868024809634,0.5151987059400727,0.5151987059400727,0.5331447906705536,0.5333662722938511,0.4552158142003442,0.4552158142003442,0.4969608408543293,0.4987874607116755,0.3847597288299597,0.3847597288299597,0.4257841510422321,0.4324955174822048,0.6387777002704438,0.6387777002704438,0.7272111538814607,0.7331944618814361,1.7030048459411278,1.7030048459411278,1.6713231624302869,1.6844205194653750,1.4941397919425181,1.4941397919425181,1.4736453936385896,1.4796595291747168
48,1.0670176056197500,1.0670176056197500,1.0721158193261675,1.0768018544279030,0.4953184312533407,0.4953184312533407,0.5144827193226668,0.5150149706271752,0.4604030109781796,0.4604030109781796,0.5026463403812738,0.5044962519432479,0.4107287718153798,0.4107287718153798,0.4411888872232015,0.4511925886983508,0.6485272953814679,0.6485272953814679,0.7377931292310898,0.7440016135917676,1.7228672836405783,1.7228672836405783,1.6893088890309103,1.7011658724306939,1.4932820280930752,1.4932820280930752,1.4720209082148779,1.4785584900937490
49,1.0588690401783329,1.0588690401783329,1.0632137110451585,1.0677293198716080,0.4782271328829635,0.4782271328829635,0.4990315996364303,0.4996737518026839,0.4623447423923426,0.4623447423923426,0.5045447190368807,0.5077625722234514,0.4424811505231276,0.4424811505231276,0.4634171978199024,0.4745032229418575,0.6682415502015534,0.6682415502015534,0.7642651905426211,0.7704843144282668,1.7424016489853893,1.7424016489853893,1.7069476241215540,1.7194628053036385,1.4922027537989957,1.4922027537989957,1.4715113646502975,1.4768840988646275
50,1.0506343376815097,1.0506343376815097,1.0546113370497054,1.0585627109213243,0.4719860341109519,0.4719860341109519,0.4921785258688317,0.4925158768406749,0.4716742995203924,0.4716742995203924,0.5121575065390606,0.5154679865343174,0.4738604107971769,0.4738604107971769,0.4845427085110306,0.4996523447075456,0.7554502447056771,0.7554502447056771,0.8321405146298854,0.8411969237022570,1.7608018213327330,1.7608018213327330,1.7235839392944781,1.7365009091949244,1.4911894613394887,1.4911894613394887,1.4696699448377051,1.4755192163172526
51,1.0425029996511737,1.0425029996511737,1.0454731880188213,1.0497949774015536,0.4691312134970776,0.4691312134970776,0.4886175652582808,0.4888578609121214,0.4766395841366092,0.4766395841366092,0.5169853629170252,0.5201784662262429,0.4988966576983506,0.4988966576983506,0.5049789692611758,0.5200144612267992,0.8684308468746036,0.8684308468746036,0.9286111442735903,0.9390137313551936,1.7780865476743029,1.7780865476743029,1.7389961455294174,1.7513921729624515,1.4891864413613938,1.4891864413613938,1.4677629402098695,1.4726473816636683
52,1.0339478673082398,1.0339478673082398,1.0364436926664513,1.0403837750268985,0.4665679890579319,0.4665679890579319,0.4859899618447974,0.4867712102638950,0.4849150584969705,0.4849150584969705,0.5241356013051487,0.5287077298659436,0.5278879599967290,0.5278879599967290,0.5245536675850923,0.5410703466223477,0.9872181931905372,0.9872181931905372,1.0309035726533371,1.0476031630772147,1.7948369847526029,1.7948369847526029,1.7537914779688371,1.7661663363595919,1.4863350835102231,1.4863350835102231,1.4653665719606053,1.4692072687747459
53,1.0259440121199048,1.0259440121199048,1.0271032229928170,1.0313864999857947,0.4670806339457610,0.4670806339457610,0.4833217776836154,0.4843631439901471,0.4901115016148733,0.4901115016148733,0.5283178162114096,0.5331662085866962,0.5646774375594075,0.5646774375594075,0.5431289534945833,0.5633750159952269,1.1117764395538048,1.1117764395538048,1.1349767865288143,1.1536375493469528,1.8117655182519929,1.8117655182519929,1.7703892385295410,1.7806477488307650,1.4832952061317022,1.4832952061317022,1.4619612065537562,1.4658584863165027
54,1.0173992162236196,1.0173992162236196,1.0176578463192381,1.0216140519382220,0.4713181848075414,0.4713181848075414,0.4857718403259175,0.4873732268323319,0.4997831733254185,0.4997831733254185,0.5356511469571803,0.5415694717408103,0.5876615330752391,0.5876615330752391,0.5650471016178419,0.5881772533227675,1.2264058703076839,1.2264058703076839,1.2289817131784311,1.2557703121557726,1.8256382921053136,1.8256382921053136,1.7831218992151916,1.7925822282460244,1.4793080181282472,1.4793080181282472,1.4576023388329893,1.4622560082174836
55,1.0090266944381467,1.0090266944381467,1.0078752685744088,1.0121275900483757,0.4755228135205621,0.4755228135205621,0.4880646525708875,0.4903935133451682,0.5061261626116843,0.5061261626116843,0.5403633660566309,0.5473654940777887,0.6142275655545768,0.6142275655545768,0.5785908629581574,0.6014282388599990,1.3292425922691844,1.3292425922691844,1.3135005324757913,1.3427109128158836,1.8397828973381927,1.8397828973381927,1.7957003414519619,1.8040970980007307,1.4755234886166935,1.4755234886166935,1.4531879762685551,1.4588158953285613
56,1.0002269328578595,1.0002269328578595,0.9973171283657039,1.0018320883702245,0.4802353839573034,0.4802353839573034,0.4921886710557563,0.4947555825486734,0.5088815719517822,0.5088815719517822,0.5433217530986173,0.5500018119300598,0.6212421921081098,0.6212421921081098,0.5913075243692932,0.6099615960384256,1.4148383022880284,1.4148383022880284,1.3932934210344823,1.4193968040256160,1.8523340082771091,1.8523340082771091,1.8071896158935179,1.8151240495454921,1.4716729772705670,1.4716729772705670,1.4495454965296735,1.4544776998712916
57,0.9908517757474594,0.9908517757474594,0.9860133991216787,0.9905205832369924,0.4815569730717987,0.4815569730717987,0.4931879719678340,0.4958983936616385,0.5103517400225056,0.5103517400225056,0.5438999394911880,0.5497110415787064,0.6309059595409027,0.6309059595409027,0.5914109118604407,0.6089903196116128,1.4959176557480893,1.4959176557480893,1.4656549547359905,1.4887628352909705,1.8636009502850088,1.8636009502850088,1.8182258736414889,1.8249897557505836,1.4668091734649338,1.4668091734649338,1.4447830299458726,1.4499314739885858
58,0.9804498649366187,0.9804498649366187,0.9753728319844458,0.9788139656490068,0.4813688465074578,0.4813688465074578,0.4924423007288725,0.4952249513986412,0.5007817780527023,0.5007817780527023,0.5330974903899934,0.5395243869362912,0.6045637981217840,0.6045637981217840,0.5731457884243919,0.5882813186542117,1.5695055923765175,1.5695055923765175,1.5316467557027704,1.5538819666829362,1.8762364226865469,1.8762364226865469,1.8255319726571761,1.8356751645483833,1.4607247057197086,1.4607247057197086,1.4392335455791554,1.4433506090668566
59,0.9688385898678763,0.9688385898678763,0.9638180752762676,0.9671374518670977,0.4770325291993984,0.4770325291993984,0.4884603148609488,0.4909547152309993,0.4908234698000664,0.4908234698000664,0.5226612260040936,0.5287174222109887,0.5912061581953754,0.5912061581953754,0.5517101152598214,0.5707983429715817,1.6454592395833563,1.6454592395833563,1.5963714592975886,1.6081594187233232,1.8862379427551235,1.8862379427551235,1.8351802643652277,1.8448089934385572,1.4542349209906804,1.4542349209906804,1.4328617285290064,1.4367139311041566
60,0.9568448662731308,0.9568448662731308,0.9525967729607703,0.9552803152487296,0.4753676091049808,0.4753676091049808,0.4863754789479339,0.4893986554566495,0.4827976466215261,0.4827976466215261,0.5138824292768963,0.5211477007307543,0.5897509963039510,0.5897509963039510,0.5526406026801484,0.5704861469772490,1.7141006904569267,1.7141006904569267,1.6583222470240573,1.6663384942246284,1.8968112460703570,1.8968112460703570,1.8434502286864147,1.8537769301373499,1.4483201208200702,1.4483201208200702,1.4267118908535263,1.4307165661562122
61,0.9449407252160077,0.9449407252160077,0.9409258692169392,0.9437844243032792,0.4734110928358347,0.4734110928358347,0.4844884741799497,0.4876181149279673,0.4804490762443956,0.4804490762443956,0.5103169465227108,0.5171156851919868,0.5972133649779223,0.5972133649779223,0.5532264651299840,0.5737121722520201,1.7775447468779293,1.7775447468779293,1.7160265462607072,1.7160582976204029,1.9057254406207003,1.9057254406207003,1.8505924706001671,1.8606565768975769,1.4397377693374558,1.4397377693374558,1.4184027992608144,1.4222634274055561
62,0.9328987648702347,0.9328987648702347,0.9286742302948436,0.9319047098303539,0.4732276694356022,0.4732276694356022,0.4839457066794811,0.4871232369013708,0.4771758718605209,0.4771758718605209,0.5065490985311255,0.5132581318640312,0.6062428310734276,0.6062428310734276,0.5642544641857116,0.5823149063180760,1.8424584113855198,1.8424584113855198,1.7782855468614369,1.7728217398305786,1.9132898517690988,1.9132898517690988,1.8567997631675850,1.8666189374231072,1.4312873815239866,1.4312873815239866,1.4093571397430653,1.4131709756401445
63,0.9202469541721866,0.9202469541721866,0.9166548854440539,0.9198443725209698,0.4724234283730446,0.4724234283730446,0.4840826667029638,0.4870824222187649,0.4776196961837581,0.4776196961837581,0.5051036325496989,0.5126378217811439,0.6260554199028213,0.6260554199028213,0.5772468255732406,0.5936233390016821,1.8999881913604968,1.8999881913604968,1.8314693906089250,1.8247167846249179,1.9192232746401474,1.9192232746401474,1.8623419886742079,1.8715469113435537,1.4221724623766079,1.4221724623766079,1.4001399507085270,1.4038299021467724
64,0.9078466636759244,0.9078466636759244,0.9047217142003614,0.9079608950722849,0.4730348397071528,0.4730348397071528,0.4840420859552653,0.4873783286676577,0.4773885376820720,0.4773885376820720,0.5044098088786142,0.5108447379477978,0.6435919862866538,0.6435919862866538,0.5943746866066675,0.6067702592074693,1.9627870539873873,1.9627870539873873,1.8902010660931117,1.8828268048437293,1.9232070103750538,1.9232070103750538,1.8650793661418270,1.8747769298933907,1.4118368792896374,1.4118368792896374,1.3897321450280384,1.3935247852184516
65,0.8952327532822549,0.8952327532822549,0.8924101284211547,0.8952495629564973,0.4734016865076177,0.4734016865076177,0.4848334105353877,0.4881487058018439,0.4822706052376818,0.4822706052376818,0.5076958348763906,0.5138202878766479,0.6595987670923222,0.6595987670923222,0.6095381853082928,0.6197090487503681,2.0241163085276899,2.0241163085276899,1.9392069131006167,1.9347563772793157,1.9262252760377356,1.9262252760377356,1.8664769708348015,1.8766993276405748,1.4003419011094635,1.4003419011094635,1.3782800272894493,1.3813829118509127
66,0.8827428802483703,0.8827428802483703,0.8801210227133647,0.8825532827437478,0.4754381565666086,0.4754381565666086,0.4857008240174450,0.4885262416159485,0.4839441927898890,0.4839441927898890,0.5090545728989315,0.5140625965027757,0.6717997398742653,0.6717997398742653,0.6238401215836896,0.6326131498494522,2.0878112736464023,2.0878112736464023,1.9896853327295911,1.9885504423422438,1.9261409145751140,1.9261409145751140,1.8652625005498717,1.8753331566527283,1.3880598539026028,1.3880598539026028,1.3649814447524797,1.3684799515610455
67,0.8697051755421029,0.8697051755421029,0.8672549285058796,0.8697177724278947,0.4767456361887784,0.4767456361887784,0.4877704421500728,0.4903731060038653,0.4909621649010781,0.4909621649010781,0.5150773478215422,0.5188990766802878,0.6879930798967830,0.6879930798967830,0.6352127456099087,0.6486045224480483,2.1465239089105843,2.1465239089105843,2.0371843612407088,2.0395822961054066,1.9268907942428612,1.9268907942428612,1.8652721392029268,1.8736937514673124,1.3728463280454477,1.3728463280454477,1.3499120722039488,1.3541004826418623
68,0.8573427853502193,0.8573427853502193,0.8549545827623812,0.8573187673001503,0.4785093227294750,0.4785093227294750,0.4887595978752258,0.4914597969282473,0.4956315666351367,0.4956315666351367,0.5170431815562824,0.5210507772803032,0.6995224394980687,0.6995224394980687,0.6489632819325190,0.6593579400306183,2.2026916130979917,2.2026916130979917,2.0847518815016626,2.0887841848824751,1.9235257092338462,1.9235257092338462,1.8630070557350027,1.8702100154483037,1.3596075442372852,1.3596075442372852,1.3360635862160954,1.3402740702195708
69,0.8444808002369804,0.8444808002369804,0.8425231032689521,0.8442461895114451,0.4804987611473808,0.4804987611473808,0.4914632901906441,0.4936280769416855,0.5028067265274723,0.5028067265274723,0.5225359522857033,0.5261198737388980,0.7106413688222859,0.7106413688222859,0.6625759682669328,0.6750718050786966,2.2524073793442803,2.2524073793442803,2.1300591740180352,2.1295268015540123,1.9165049608445643,1.9165049608445643,1.8573202504325548,1.8628814839349270,1.3456335342724572,1.3456335342724572,1.3227549137075501,1.3258793795619408
70,0.8320253820252581,0.8320253820252581,0.8306910923466347,0.8320842518565529,0.4825305280422632,0.4825305280422632,0.4928734711731699,0.4953371917758074,0.5082805598473984,0.5082805598473984,0.5273059900244109,0.5308594304659590,0.7231408363511878,0.7231408363511878,0.6723977799259401,0.6864496146499319,2.3076431369401926,2.3076431369401926,2.1690652255495153,2.1703384735080435,1.9114901405665059,1.9114901405665059,1.8493394457030177,1.8564799970204462,1.3316878022367318,1.3316878022367318,1.3086440884587247,1.3116318323759610
71,0.8196871102088883,0.8196871102088883,0.8185106403173588,0.8196175131651365,0.4846892803680758,0.4846892803680758,0.4957445590728449,0.4980513681690995,0.5147992295949456,0.5147992295949456,0.5320085726839854,0.5358606805092380,0.7291480431337347,0.7291480431337347,0.6829777665200287,0.6978968011087968,2.3581833174789573,2.3581833174789573,2.2076260807070631,2.2074902154898863,1.9043944042104493,1.9043944042104493,1.8415899686468005,1.8481561123587813,1.3166769348714780,1.3166769348714780,1.2938471451427416,1.2968921156468760
72,0.8071490004239762,0.8071490004239762,0.8055958392884708,0.8071695893525179,0.4857286796360597,0.4857286796360597,0.4976569268081407,0.4998319086977818,0.5229175161741604,0.5229175161741604,0.5374146154545207,0.5413271631146824,0.7447443936623347,0.7447443936623347,0.6933509781318226,0.7119456208537674,2.3975042948201097,2.3975042948201097,2.2370090413866155,2.2427084095618932,1.8959957519316821,1.8959957519316821,1.8321826432651238,1.8390515585612039,1.2998185761381931,1.2998185761381931,1.2769060828668906,1.2801684990069224
73,0.7939183487135991,0.7939183487135991,0.7931980799021667,0.7945297537761619,0.4872478016431130,0.4872478016431130,0.5005280147078156,0.5032195273540712,0.5291033176792796,0.5291033176792796,0.5428206582250561,0.5462605667426457,0.7538857952879495,0.7538857952879495,0.7081698518629564,0.7266882094750328,2.4396569560354195,2.4396569560354195,2.2597483023320963,2.2678445323897569,1.8870346899021047,1.8870346899021047,1.8225247129040172,1.8298299043932400,1.2810891610959583,1.2810891610959583,1.2593091724386092,1.2614203911535766
74,0.7809874539560353,0.7809874539560353,0.7804893461945985,0.7818447624906910,0.4888515806041198,0.4888515806041198,0.5026990847096899,0.5050714935773136,0.5374157773999108,0.5374157773999108,0.5484676119924958,0.5522213589453910,0.7708253721778643,0.7708253721778643,0.7220927006708125,0.7391760492483400,2.4698018438603140,2.4698018438603140,2.2838231523993753,2.2958119217998800,1.8750178682264580,1.8750178682264580,1.8109583292380214,1.8173099231260466,1.2614878432397290,1.2614878432397290,1.2405166003785897,1.2425149920029497
75,0.7680221043763089,0.7680221043763089,0.7678218259512942,0.7689114148050894,0.4912831164482269,0.4912831164482269,0.5056969874459230,0.5085458434341406,0.5431577545817927,0.5431577545817927,0.5519656396675482,0.5569512233274069,0.7790339777192328,0.7790339777192328,0.7363257119521109,0.7557571253917867,2.5016314043698338,2.5016314043698338,2.3066309050946923,2.3229506478200732,1.8586048769986441,1.8586048769986441,1.7937726108409626,1.8008963545434904,1.2407082783375614,1.2407082783375614,1.2198119787049468,1.2213770712134939
76,0.7550085180455552,0.7550085180455552,0.7550081852437814,0.7556845550102422,0.4939498104977601,0.4939498104977601,0.5083753167940296,0.5112396124861297,0.5503236681340609,0.5503236681340609,0.5573427731184550,0.5633094016770018,0.7947422637779423,0.7947422637779423,0.7489045233750502,0.7685918496032413,2.5262204567454316,2.5262204567454316,2.3286852485418152,2.3480867706479369,1.8409170903356600,1.8409170903356600,1.7752856742814793,1.7834288826274527,1.2177136089890299,1.2177136089890299,1.1971650375029530,1.1985698331077321
77,0.7417399660307995,0.7417399660307995,0.7421458377148659,0.7425969253184987,0.4978017019026415,0.4978017019026415,0.5120935278019125,0.5148772210733802,0.5579796377099036,0.5579796377099036,0.5628451802877521,0.5686401914518148,0.8045925904275844,0.8045925904275844,0.7647572720176586,0.7836813226626541,2.5578349526569140,2.5578349526569140,2.3490957899928797,2.3743623056369541,1.8199298331345890,1.8199298331345890,1.7562878891100813,1.7628387341677656,1.1936161004055001,1.1936161004055001,1.1739480129069235,1.1745144124493525
78,0.7283232582807452,0.7283232582807452,0.7288451287933247,0.7290313977052914,0.5003837389982213,0.5003837389982213,0.5151117209119948,0.5180199516340342,0.5682430751847650,0.5682430751847650,0.5718552515719777,0.5770919163311544,0.8191442093418284,0.8191442093418284,0.7787835083166621,0.7980770268457721,2.5867969851926036,2.5867969851926036,2.3647461548303568,2.3865850906384152,1.7966273224593490,1.7966273224593490,1.7338876594102692,1.7390380838866393,1.1661205273414845,1.1661205273414845,1.1478704813691407,1.1475161223579713
79,0.7150443698193407,0.7150443698193407,0.7155444198717837,0.7160002126499412,0.5048423385731023,0.5048423385731023,0.5191444327145417,0.5218106152810569,0.5763798544441147,0.5763798544441147,0.5785525772859208,0.5843805598050805,0.8327630321718260,0.8327630321718260,0.7928097446156657,0.8138602687814798,2.6088052623917535,2.6088052623917535,2.3725542143116365,2.3875173369520857,1.7702128111629585,1.7702128111629585,1.7095789764055680,1.7142615971856228,1.1380829606363372,1.1380829606363372,1.1198102704167037,1.1195334931803793
80,0.7014450515118255,0.7014450515118255,0.7025734186643541,0.7025212334792037,0.5081721787619374,0.5081721787619374,0.5235728068071499,0.5259992220834869,0.5878545624678112,0.5878545624678112,0.5892201162288488,0.5954104484664207,0.8467176615921523,0.8467176615921523,0.8081110933054877,0.8286028574027452,2.6146836947381060,2.6146836947381060,2.3685816928211607,2.3837538240561558,1.7403769738824721,1.7403769738824721,1.6824750840149179,1.6844302778295739,1.1049318017518177,1.1049318017518177,1.0878805553649282,1.0874968076631868
81,0.6875700946270108,0.6875700946270108,0.6886844812074097,0.6887713200537779,0.5125037929058883,0.5125037929058883,0.5273468163431183,0.5298817187663728,0.5958434002860818,0.5958434002860818,0.5963703546169723,0.6027863230457526,0.8606722910124787,0.8606722910124787,0.8194147923376084,0.8420619736028652,2.6150421357348352,2.6150421357348352,2.3613900590884032,2.3709095415122472,1.7017956649768857,1.7017956649768857,1.6485952185266051,1.6472606685959494,1.0680762341548682,1.0680762341548682,1.0515717926492343,1.0517967570931892
82,0.6735435365246814,0.6735435365246814,0.6748442505718680,0.6749762509192375,0.5165861393520874,0.5165861393520874,0.5319578038003701,0.5343203154997640,0.6076972082525435,0.6076972082525435,0.6064597071673297,0.6137192882566417,0.8777611152758729,0.8777611152758729,0.8379556157500504,0.8590593110720888,2.6085901977937160,2.6085901977937160,2.3467670704984629,2.3489499616791139,1.6565123065408096,1.6565123065408096,1.6082960101036645,1.6025868772933680,1.0299622987128567,1.0299622987128567,1.0141884479607124,1.0157263108876584
83,0.6590897386275376,0.6590897386275376,0.6606031253293956,0.6612827821302051,0.5211105832244877,0.5211105832244877,0.5357571763036502,0.5381619975000440,0.6165552020371536,0.6165552020371536,0.6147663183405944,0.6213083944269662,0.8968647790812394,0.8968647790812394,0.8510858271257761,0.8713390201825075,2.5857216622024168,2.5857216622024168,2.3247469729262575,2.3231232860263087,1.6002057169888519,1.6002057169888519,1.5564400566677834,1.5494916176871327,0.9853255876245308,0.9853255876245308,0.9716793977116589,0.9735367258266109
84,0.6447461961613137,0.6447461961613137,0.6469876954080208,0.6475215797775007,0.5254798226813068,0.5254798226813068,0.5406116482470934,0.5430240465654713,0.6287603709261782,0.6287603709261782,0.6255687674417889,0.6328132079955170,0.9121626348628805,0.9121626348628805,0.8712463878995280,0.8862550510228466,2.5542146985899530,2.5542146985899530,2.3007748604837324,2.2971584998085155,1.5380125720450795,1.5380125720450795,1.4963912481351549,1.4893215440366920,0.9376537121458680,0.9376537121458680,0.9266276746254914,0.9278106235331459
85,0.6327214632266219,0.6327214632266219,0.6346348961645502,0.6353031974862151,0.5304463639799084,0.5304463639799084,0.5447204489515752,0.5473606065923479,0.6389498376805002,0.6389498376805002,0.6348486590425474,0.6428447851172103,0.9324229658127126,0.9324229658127126,0.8833771868608284,0.8990550867904864,2.5200911157013688,2.5200911157013688,2.2615633337027448,2.2488198020626236,1.4684518593656923,1.4684518593656923,1.4326026422171880,1.4242234964658051,0.8974377839739026,0.8974377839739026,0.8877156992432284,0.8899389382781057
86,0.6206140387187404,0.6206140387187404,0.6224394574209964,0.6231901785161972,0.5358079710636260,0.5358079710636260,0.5499959461523913,0.5527175336843717,0.6510995285291200,0.6510995285291200,0.6456414717038658,0.6536517498425128,0.9494371663893671,0.9494371663893671,0.9024694102260568,0.9176134042313735,2.4698735320596596,2.4698735320596596,2.1997495294759477,2.1863247714054350,1.3784475522443507,1.3784475522443507,1.3495849234545030,1.3380181071326893,0.8594982290946899,0.8594982290946899,0.8524108886993313,0.8546650963846116
87,0.6086823338038874,0.6086823338038874,0.6111731949626656,0.6118335176738504,0.5404735098592821,0.5404735098592821,0.5543127231888284,0.5568806313101731,0.6635820876201678,0.6635820876201678,0.6568486512798597,0.6649821012002516,0.9729809395557465,0.9729809395557465,0.9188046338273532,0.9363798523351490,2.3991172793053894,2.3991172793053894,2.1071829295728826,2.0945503009707349,1.2979573434075500,1.2979573434075500,1.2693045821594369,1.2600780522760449,0.8205925116378079,0.8205925116378079,0.8163594202588216,0.8181988849794704
88,0.5976740181229877,0.5976740181229877,0.6005513612182800,0.6010375402196779,0.5459197738969531,0.5459197738969531,0.5602324397593595,0.5631405832548525,0.6746961883812340,0.6746961883812340,0.6670921868682360,0.6757987582705992,0.9899578282890312,0.9899578282890312,0.9394132070627441,0.9578866875002890,2.3116218320038824,2.3116218320038824,2.0031439615723232,1.9974240461427397,1.2350893067628053,1.2350893067628053,1.2078967235460540,1.1997713615268197,0.7850660067086768,0.7850660067086768,0.7835468326941594,0.7846501734432531
89,0.5876717832492312,0.5876717832492312,0.5909561174019232,0.5911333880205206,0.5506746728106712,0.5506746728106712,0.5652187991328232,0.5680230396615827,0.6889910301255006,0.6889910301255006,0.6805061111758746,0.6897654274806090,1.0160388068045609,1.0160388068045609,0.9590568303807590,0.9767225124916941,2.1897160490164080,2.1897160490164080,1.8840368086078909,1.8797883724139874,1.1658379194463637,1.1658379194463637,1.1415635132215680,1.1320092805296320,0.7526689259335578,0.7526689259335578,0.7537915065169796,0.7553889182361501
90,0.5778280405574220,0.5778280405574220,0.5811997664070802,0.5816281112518766,0.5571415234598921,0.5571415234598921,0.5710928623621935,0.5743595191361481,0.7007338820111529,0.7007338820111529,0.6916361992328590,0.7004851611005055,1.0419332261032412,1.0419332261032412,0.9860754280672915,1.0041957599929698,2.0532575615617437,2.0532575615617437,1.7363001042120998,1.7357390531312302,1.0984424843075962,1.0984424843075962,1.0757893447742717,1.0683066790391882,0.7208798206341430,0.7208798206341430,0.7241723949560737,0.7249149978661378
91,0.5679911888300453,0.5679911888300453,0.5713572418051398,0.5723297981500082,0.5623573324562454,0.5623573324562454,0.5768806915027042,0.5801807132428141,0.7164896454860755,0.7164896454860755,0.7069099564365998,0.7157893739267410,1.0752900140758930,1.0752900140758930,1.0110952009249734,1.0276451480117355,1.8671549960601361,1.8671549960601361,1.6002412431633104,1.5957985231568736,1.0343371462110689,1.0343371462110689,1.0124441168968346,1.0061068656353755,0.6872620759194320,0.6872620759194320,0.6935947360954622,0.6937966905685544
92,0.5620305045959432,0.5620305045959432,0.5655798634510507,0.5668659573471296,0.5871241946517342,0.5871241946517342,0.6008436230187190,0.6041797466150810,0.7887775321333433,0.7887775321333433,0.7756755913929996,0.7846728701623689,1.3618076593130206,1.3618076593130206,1.2364799316264059,1.2473964395781270,1.6655319354001705,1.6655319354001705,1.4713397699723607,1.4695654667576021,0.9683102414659397,0.9683102414659397,0.9476434524080930,0.9438972938673642,0.6541062040467287,0.6541062040467287,0.6620484399635691,0.6628965615220385
93,0.5620925232758355,0.5620925232758355,0.5648192877014527,0.5665084746499717,0.6244814271657424,0.6244814271657424,0.6387308235888108,0.6415404867054533,0.8763033872117569,0.8763033872117569,0.8579900608153044,0.8657784134998858,1.5605305371008760,1.5605305371008760,1.3956966679934728,1.4082120651032715,1.4766335301240785,1.4766335301240785,1.3119252222295681,1.3065259447889588,0.8953000823149160,0.8953000823149160,0.8765680247805486,0.8739005474686274,0.6178067690554622,0.6178067690554622,0.6275609171173159,0.6293478499858212
94,0.5650935382861840,0.5650935382861840,0.5671309883788023,0.5691124538755860,0.6586452112500626,0.6586452112500626,0.6698004585455403,0.6738402061526944,0.9434410624414592,0.9434410624414592,0.9213496530011688,0.9297091214174602,1.7273891006508739,1.7273891006508739,1.5224497321402417,1.5350677041337832,1.2081612235741865,1.2081612235741865,1.0914845253830900,1.0878623927712929,0.8190091996174989,0.8190091996174989,0.8028130516037153,0.8003907899582854,0.5881997772851251,0.5881997772851251,0.5997781803832146,0.6011977816853170
95,0.5734281597672783,0.5734281597672783,0.5755048149815190,0.5768453690614781,0.6901611139412837,0.6901611139412837,0.7009309646238177,0.7056399457380133,1.0112167351358150,1.0112167351358150,0.9849212468643092,0.9933684436737714,1.9213360624873879,1.9213360624873879,1.6529936709624169,1.6662940870849527,1.1205940880733338,1.1205940880733338,1.0574098798397864,1.0502272638119916,0.8071517273712483,0.8071517273712483,0.7921045080596142,0.7866412548020301,0.5797588154480232,0.5797588154480232,0.5929472696263646,0.5941450428717444
96,0.5833063572812500,0.5833063572812500,0.5848490313337227,0.5865952392544934,0.7210467926419624,0.7210467926419624,0.7303012807706689,0.7347816291186231,1.0678690607290371,1.0678690607290371,1.0388756737310247,1.0484791176002917,2.1077460319631904,2.1077460319631904,1.8195853816980017,1.8351921200189323,1.0909510176438599,1.0909510176438599,1.0432320876237786,1.0379354235280362,0.7964190746266184,0.7964190746266184,0.7830441741879174,0.7763852140289822,0.5731559190025850,0.5731559190025850,0.5871707608991908,0.5893197517841851
97,0.5932052276885191,0.5932052276885191,0.5941220607931069,0.5961230938776949,0.7518478143886878,0.7518478143886878,0.7605440829930398,0.7656630383453092,1.1356909651237299,1.1356909651237299,1.1030929090658690,1.1109947431412794,2.2178905935910067,2.2178905935910067,1.9575042948886947,1.9698873473515759,1.0775811684658745,1.0775811684658745,1.0354925198923348,1.0321347797985292,0.7851333856270251,0.7851333856270251,0.7712464628486017,0.7644702513421207,0.5672505448083424,0.5672505448083424,0.5826151387326949,0.5842813563583739
98,0.6035003285506563,0.6035003285506563,0.6046165074661313,0.6066970557620535,0.7818916267139407,0.7818916267139407,0.7894984464759804,0.7949220639384110,1.1995646823096249,1.1995646823096249,1.1635037506496231,1.1724054413471239,2.3001258963781703,2.3001258963781703,2.0386290129423910,2.0524458436306623,1.0679032615541961,1.0679032615541961,1.0280269191602340,1.0242279499529512,0.7732102989098467,0.7732102989098467,0.7583692223671263,0.7535506418035474,0.5617740525388213,0.5617740525388213,0.5769597096644312,0.5791110391993591
99,0.6140090493102006,0.6140090493102006,0.6150847273891695,0.6170490020765982,0.8145880235964014,0.8145880235964014,0.8215470919709383,0.8271503576910918,1.2876268251119500,1.2876268251119500,1.2462904056258606,1.2559825326711451,2.3604218352638586,2.3604218352638586,2.1110002567456032,2.1218921081477760,1.0613079472143858,1.0613079472143858,1.0183353365584702,1.0148019038925025,0.7603967300872188,0.7603967300872188,0.7459160826200708,0.7417039876660783,0.5556942977817797,0.5556942977817797,0.5709561765768009,0.5723272177650091
100,0.6258098259008364,0.6258098259008364,0.6264708835617225,0.6287669085918625,0.8463626003135912,0.8463626003135912,0.8538595123259370,0.8593429385964925,1.3740985974226751,1.3740985974226751,1.3281519623739850,1.3367488439320832,2.4138150831261229,2.4138150831261229,2.1542506905422845,2.1686868188538631,1.0530996483892956,1.0530996483892956,1.0074451483345803,1.0045471944421238,0.7483330409323379,0.7483330409323379,0.7327689598530556,0.7297987833434156,0.5512688018772355,0.5512688018772355,0.5644279649672264,0.5659949745712403
101,0.6384960914210470,0.6384960914210470,0.6388386695194710,0.6413013808469509,0.8853659402655829,0.8853659402655829,0.8936438628509378,0.9000810936725026,1.4327481324704650,1.4327481324704650,1.3829447595099280,1.3919176719288742,2.4453062789302820,2.4453062789302820,2.1983282242681459,2.2096538709990736,1.0411994072978985,1.0411994072978985,0.9931988643687367,0.9898384192708740,0.7351351587799895,0.7351351587799895,0.7196893076574252,0.7163517574773263,0.5471590761810028,0.5471590761810028,0.5582024525049273,0.5601295313564993
102,0.6537285682990619,0.6537285682990619,0.6539115574043610,0.6562253427093588,0.9325857079151665,0.9325857079151665,0.9392464780772233,0.9450537720688744,1.4851101562723936,1.4851101562723936,1.4318400554416508,1.4402630890139045,2.4781780129391255,2.4781780129391255,2.2224864346995989,2.2336582741188749,1.0298726718012676,1.0298726718012676,0.9798429731507584,0.9713661312036940,0.7208124571260205,0.7208124571260205,0.7044795131366408,0.7021923710247169,0.5443312832707510,0.5443312832707510,0.5536922352105226,0.5560145880631127
103,0.6685613692399924,0.6685613692399924,0.6688233381107649,0.6714240018022145,0.9724262110784755,0.9724262110784755,0.9749220278977422,0.9805982587832842,1.5230571359091789,1.5230571359091789,1.4685259820502570,1.4772684623961512,2.4913117818053148,2.4913117818053148,2.2463344826576099,2.2578361194577501,1.0113412722703872,1.0113412722703872,0.9624460686924687,0.9511674610741606,0.7084019486248065,0.7084019486248065,0.6928552975523150,0.6899748990476894,0.5394439145241989,0.5394439145241989,0.5488894087404182,0.5511994448011843
104,0.6818368122191807,0.6818368122191807,0.6819217263895557,0.6847788027728866,1.0040314738877585,1.0040314738877585,1.0044242314746139,1.0104439954388458,1.5613092447681898,1.5613092447681898,1.5043735383896357,1.5130816773378488,2.5029903887800802,2.5029903887800802,2.2540885444936682,2.2661613459732886,0.9980431112917477,0.9980431112917477,0.9379945140010930,0.9308997356621331,0.6988597298527252,0.6988597298527252,0.6818479557635090,0.6804995274105539,0.5319125594065615,0.5319125594065615,0.5422905673298127,0.5456993233091608
105,0.6957772332661041,0.6957772332661041,0.6953310889896107,0.6984195899012852,1.0342210843003756,1.0342210843003756,1.0325771251905076,1.0380551282217345,1.5895013356338228,1.5895013356338228,1.5311917505650365,1.5404043980200262,2.4993338281298341,2.4993338281298341,2.2627041687559557,2.2748681453707889,0.9747086024047010,0.9747086024047010,0.9159059246790520,0.9100450403489057,0.6892237761221753,0.6892237761221753,0.6734334116464969,0.6715803825327558,0.5274870635020172,0.5274870635020172,0.5385471878751726,0.5421323625998503
106,0.7094695795934578,0.7094695795934578,0.7084894241255127,0.7122673406964595,1.0601543311947783,1.0601543311947783,1.0572350020108605,1.0632632965662012,1.6176564411391863,1.6176564411391863,1.5587423321710270,1.5673685019355343,2.4970578056842729,2.4970578056842729,2.2619804563179233,2.2740703111630496,0.9501553941287764,0.9501553941287764,0.8857010630014702,0.8831825354586886,0.6748354599972786,0.6748354599972786,0.6610573811238815,0.6580162562962796,0.5239381833996511,0.5239381833996511,0.5361709995690601,0.5396562931458767
107,0.7229517515056207,0.7229517515056207,0.7216777326899704,0.7259758613885301,1.0855420110525924,1.0855420110525924,1.0805334237833109,1.0862776757206010,1.6384699526309998,1.6384699526309998,1.5798557719397310,1.5876255030798234,2.4819838209628506,2.4819838209628506,2.2578449566720256,2.2700811401243541,0.9158167466421546,0.9158167466421546,0.8711808120362835,0.8700620317848038,0.6624249514960646,0.6624249514960646,0.6472741072552364,0.6479846578998065,0.5207616293638015,0.5207616293638015,0.5328665338779695,0.5372918497738444
108,0.7361410574294029,0.7361410574294029,0.7347461475402056,0.7391236986924266,1.1076892108396330,1.1076892108396330,1.1020209296897119,1.1076900785827193,1.6600786493686137,1.6600786493686137,1.5987142847774096,1.6084155832015936,2.4673575783618671,2.4673575783618671,2.2483333074864604,2.2641494162320335,0.8952422334299199,0.8952422334299199,0.8532017277043896,0.8549043972773420,0.6558260104198904,0.6558260104198904,0.6416933271363934,0.6426565910472051,0.5180375221935922,0.5180375221935922,0.5308788094775272,0.5349984411812294
109,0.7495474287328084,0.7495474287328084,0.7478070690333021,0.7522715359963230,1.1294695638262089,1.1294695638262089,1.1212562040988414,1.1272148023743147,1.6755662689815805,1.6755662689815805,1.6153660528834437,1.6243885678359422,2.4438884288822273,2.4438884288822273,2.2329285713054912,2.2474642747571423,0.8777503127895532,0.8777503127895532,0.8414211467326344,0.8436829138720457,0.6488427560139959,0.6488427560139959,0.6362571268133754,0.6383726691638862,0.5165340789629750,0.5165340789629750,0.5295721581584546,0.5337198151517184
110,0.7627057253166444,0.7627057253166444,0.7606019763479676,0.7651710169000886,1.1489594758919335,1.1489594758919335,1.1400755258440605,1.1461579169387763,1.6911648446753564,1.6911648446753564,1.6299267135363473,1.6385684686369446,2.4149717502705887,2.4149717502705887,2.2170758226628826,2.2320626057033968,0.8666744859906323,0.8666744859906323,0.8150518230458567,0.8222067210163709,0.6410346339735795,0.6410346339735795,0.6296257335115377,0.6321175577123890,0.5140032043082996,0.5140032043082996,0.5275339839001331,0.5314365543847345
111,0.7755746013943159,0.7755746013943159,0.7734680705554526,0.7780027642401821,1.1672783000946354,1.1672783000946354,1.1561911552738613,1.1630551955376174,1.7024176405374343,1.7024176405374343,1.6412302575111029,1.6504997453874803,2.3870251795865660,2.3870251795865660,2.1930554622196259,2.2110760971954777,0.8458132199810147,0.8458132199810147,0.7969015093393733,0.8091207449837331,0.6353355484987018,0.6353355484987018,0.6247100204534896,0.6292095651811157,0.5107606684378774,0.5107606684378774,0.5237754694881291,0.5286053110336744
112,0.7880817018392817,0.7880817018392817,0.7858620832631872,0.7907893558711609,1.1848352117117564,1.1848352117117564,1.1732350693072671,1.1799779833130870,1.7158710653355636,1.7158710653355636,1.6538443573090187,1.6633130255371216,2.3554593600956677,2.3554593600956677,2.1741355513396434,2.1919627646535549,0.8188226129273339,0.8188226129273339,0.7867989762385948,0.8052536491640618,0.6304050896832648,0.6304050896832648,0.6212690213128558,0.6262332641004500,0.5078763196694205,0.5078763196694205,0.5206879381859193,0.5256928850775661
113,0.8009367959880882,0.8009367959880882,0.7989567248634086,0.8032937243201730,1.2014279746866301,1.2014279746866301,1.1886608260261919,1.1947784075930501,1.7281317122649928,1.7281317122649928,1.6653406300812981,1.6750019936615295,2.3249755840624950,2.3249755840624950,2.1490123909908139,2.1666402006687933,0.8083561358228522,0.8083561358228522,0.7752581163912649,0.7963800453635660,0.6204598105897694,0.6204598105897694,0.6138665357666184,0.6170408850250827,0.5053407320265613,0.5053407320265613,0.5184984143539599,0.5228616417265060
114,0.8139641642477069,0.8139641642477069,0.8117328987852269,0.8157943297934254,1.2175033896095659,1.2175033896095659,1.2032901855715319,1.2101706447707987,1.7367862865681192,1.7367862865681192,1.6738206971723339,1.6843551066300648,2.2834848142352144,2.2834848142352144,2.1209599183928072,2.1412829482402169,0.8033379618686486,0.8033379618686486,0.7694020717803051,0.7878171903342938,0.6116955919729755,0.6116955919729755,0.6054134370373865,0.6100538962586676,0.5031539055092998,0.5031539055092998,0.5172321229211908,0.5201826157599114
115,0.8265677381947276,0.8265677381947276,0.8248312870640178,0.8283965356121858,1.2315470376376194,1.2315470376376194,1.2167224130597638,1.2236701010426989,1.7456627730328644,1.7456627730328644,1.6819827617474559,1.6913432874075922,2.2442327550101253,2.2442327550101253,2.0893578085987379,2.1050335244538112,0.7917961617739803,0.7917961617739803,0.7631350766703306,0.7826725717884809,0.6025095660430740,0.6025095660430740,0.5959290024312699,0.6006761082635210,0.5020981961561392,0.5020981961561392,0.5163593403798798,0.5195331549195249
116,0.8395055239167240,0.8395055239167240,0.8377348480571973,0.8415255580372845,1.2454966223835024,1.2454966223835024,1.2300886968329854,1.2371593536439476,1.7511458526928581,1.7511458526928581,1.6868298910051731,1.6967322312526758,2.1974810152676953,2.1974810152676953,2.0551365490289331,2.0722529450488798,0.7876382462119259,0.7876382462119259,0.7538544445675817,0.7774588979601741,0.5937078534428928,0.5937078534428928,0.5882084413342177,0.5926156994352265,0.5011697374839398,0.5011697374839398,0.5159153816305425,0.5183509332335088
117,0.8523433906544492,0.8523433906544492,0.8506271690146685,0.8545981358259898,1.2576825205886888,1.2576825205886888,1.2415629032447604,1.2488782693871656,1.7566844103932562,1.7566844103932562,1.6915902923040045,1.7015590190851428,2.1495726083807996,2.1495726083807996,2.0148154274814289,2.0325346768810002,0.7824766958590308,0.7824766958590308,0.7362520648597846,0.7608165748790885,0.5872213943168807,0.5872213943168807,0.5829842913784096,0.5861946957923478,0.4999867774498178,0.4999867774498178,0.5151031389186866,0.5179297984698207
118,0.8652226031787694,0.8652226031787694,0.8637630240791538,0.8671965786689907,1.2697696523475961,1.2697696523475961,1.2538233616431955,1.2608216658847158,1.7587833295885658,1.7587833295885658,1.6924961176523652,1.7033133335383084,2.0969629092293021,2.0969629092293021,1.9757694183247436,1.9940305042466364,0.7676372385944573,0.7676372385944573,0.7279988090045723,0.7494224532675569,0.5812973449416788,0.5812973449416788,0.5778854439123164,0.5800371679828396,0.4985823069710593,0.4985823069710593,0.5152343085491726,0.5179450202082672
119,0.8775677659595718,0.8775677659595718,0.8761607834654579,0.8795692429664181,1.2812218569518525,1.2812218569518525,1.2656526495973333,1.2719487687301483,1.7619918095919684,1.7619918095919684,1.6950112284600474,1.7054359571031885,2.0455471890656400,2.0455471890656400,1.9307958596756045,1.9503577534838761,0.7519375229377346,0.7519375229377346,0.7061841866818743,0.7340231252713657,0.5760106932840621,0.5760106932840621,0.5737022684864480,0.5758703464699076,0.4962258128791828,0.4962258128791828,0.5146188202830458,0.5165699898352613
120,0.8896235082342097,0.8896235082342097,0.8880714746377337,0.8915618467121302,1.2943436848146352,1.2943436848146352,1.2783899317812268,1.2841370533233341,1.7639982653866035,1.7639982653866035,1.6955123233336085,1.7067153466491436,1.9883854450230198,1.9883854450230198,1.8851330510854825,1.9074134600412254,0.7329401501111068,0.7329401501111068,0.6972117674533863,0.7251495214708699,0.5728237046961370,0.5728237046961370,0.5703672945294191,0.5728940453892420,0.4951465385851033,0.4951465385851033,0.5142101764342240,0.5165801376608924
121,0.9017757240109023,0.9017757240109023,0.8996412180601897,0.9035845542639187,1.3082133157706732,1.3082133157706732,1.2920554985687254,1.2981211839511793,1.7665040235448803,1.7665040235448803,1.6975552485873582,1.7089542783545650,1.9330519813055227,1.9330519813055227,1.8368510927196253,1.8589190155882158,0.7216134146144758,0.7216134146144758,0.6916639357166877,0.7168283599303270,0.5679213663682405,0.5679213663682405,0.5664154467768706,0.5677806625490165,0.4951512515732870,0.4951512515732870,0.5142404463489515,0.5165547680968148
122,0.9140450861829473,0.9140450861829473,0.9117205097680906,0.9158029365552043,1.3215891144953162,1.3215891144953162,1.3045695866402767,1.3103247740503423,1.7662173870027897,1.7662173870027897,1.6955701419728657,1.7076845811536550,1.8733157200703825,1.8733157200703825,1.7879143469098342,1.8126099430955351,0.7202513388269063,0.7202513388269063,0.6894379538470247,0.7114420478957848,0.5616411241508589,0.5616411241508589,0.5610370783721825,0.5627453466223822,0.4952596503015134,0.4952596503015134,0.5144624257236202,0.5167881680863287
123,0.9259319998289893,0.9259319998289893,0.9232902531905466,0.9275057911674304,1.3336527304336809,1.3336527304336809,1.3164090197813390,1.3221355228294234,1.7656348675785407,1.7656348675785407,1.6938259463552776,1.7046702618446246,1.8120869851004482,1.8120869851004482,1.7372200137505365,1.7604732120419777,0.7153048530720485,0.7153048530720485,0.6841983349845869,0.7051925448300660,0.5562701110306205,0.5562701110306205,0.5558803989877594,0.5588420009428207,0.4956366893562136,0.4956366893562136,0.5146036853256821,0.5167120593940958
124,0.9378189134750312,0.9378189134750312,0.9349461702201000,0.9390167340159190,1.3445593680013488,1.3445593680013488,1.3255954865416062,1.3319412503254899,1.7632678045212755,1.7632678045212755,1.6889017255785510,1.6999016280824282,1.7450002907214464,1.7450002907214464,1.6814596935250137,1.7043126215059101,0.7082794095361634,0.7082794095361634,0.6826230247383639,0.7008765896741828,0.5511803027857873,0.5511803027857873,0.5527381980918306,0.5545190456027063,0.4961456920800590,0.4961456920800590,0.5148357546719267,0.5174629984907928
125,0.9490339580889056,0.9490339580889056,0.9461674725355973,0.9501664311914900,1.3546006233730481,1.3546006233730481,1.3347413725541750,1.3414000530194063,1.7602350049791542,1.7602350049791542,1.6830813158933402,1.6939892976049085,1.6820925227998682,1.6820925227998682,1.6247688858791642,1.6479092118631395,0.7082435654364906,0.7082435654364906,0.6774176517508441,0.6912433777662514,0.5471965670508810,0.5471965670508810,0.5493164762573067,0.5513280605096648,0.4957733660135425,0.4957733660135425,0.5139024323011605,0.5170063463373961
126,0.9607417066597028,0.9607417066597028,0.9575461353510114,0.9617300557006124,1.3631227567376940,1.3631227567376940,1.3420205441726087,1.3494405454927680,1.7547981570194979,1.7547981570194979,1.6767019926953108,1.6873791182841404,1.6122820638548669,1.6122820638548669,1.5641838160667607,1.5878982040636356,0.7026160417878480,0.7026160417878480,0.6698150675190718,0.6827841056607205,0.5462685909620441,0.5462685909620441,0.5482658630743121,0.5518940456332011,0.4962870817255716,0.4962870817255716,0.5137813526422503,0.5176659550034136
127,0.9723771001039588,0.9723771001039588,0.9690484385592173,0.9730641386884018,1.3710569945887745,1.3710569945887745,1.3493758046929774,1.3567922901971550,1.7471144484234529,1.7471144484234529,1.6688193848765980,1.6788207776093045,1.5370986994646061,1.5370986994646061,1.5056664960773063,1.5308357139883848,0.6957339746506545,0.6957339746506545,0.6667329387764614,0.6763274367475192,0.5434377952162989,0.5434377952162989,0.5480248967479372,0.5513670939664603,0.4977999509325563,0.4977999509325563,0.5155925025401153,0.5195838940476801
128,0.9838953471528626,0.9838953471528626,0.9802847275889924,0.9847594673491088,1.3775520642226464,1.3775520642226464,1.3548542056322863,1.3628073540461989,1.7394307398274078,1.7394307398274078,1.6608596855388758,1.6690218167686939,1.4636316798693587,1.4636316798693587,1.4464599261468689,1.4722469323852854,0.6913251503908899,0.6913251503908899,0.6646781862813879,0.6746010546851660,0.5428378914821012,0.5428378914821012,0.5480152580948823,0.5537286181025951,0.4998265358515702,0.4998265358515702,0.5171463581627961,0.5209132592053463
129,0.9950035818180335,0.9950035818180335,0.9914236029759619,0.9959355053549966,1.3839483674102395,1.3839483674102395,1.3603021710108216,1.3680928554436624,1.7288899121505230,1.7288899121505230,1.6510401533050512,1.6582245443884365,1.3930749840569603,1.3930749840569603,1.3860127063226622,1.4154966383043672,0.6994976051163072,0.6994976051163072,0.6693698711451392,0.6758095221288132,0.5467560127460797,0.5467560127460797,0.5520345764188158,0.5618866105728786,0.5021311870734254,0.5021311870734254,0.5191895774069056,0.5228362721624283
130,1.0062289628785566,1.0062289628785566,1.0024837981129728,1.0070024170638574,1.3891406605860501,1.3891406605860501,1.3642740116918206,1.3726794054015001,1.7170176115039266,1.7170176115039266,1.6395438805327720,1.6475920418739460,1.3191602223412746,1.3191602223412746,1.3214989118466558,1.3476460422027317,0.7090679797289668,0.7090679797289668,0.6810819603670587,0.6881013624127685,0.5544516528363339,0.5544516528363339,0.5628202291873569,0.5721816848027220,0.5054726956957064,0.5054726956957064,0.5216717104145646,0.5255711111699936
131,1.0166170917605324,1.0166170917605324,1.0128995645360388,1.0177645277361940,1.3949819904088374,1.3949819904088374,1.3683067234943675,1.3772200388414060,1.7030186526418181,1.7030186526418181,1.6277585145642073,1.6364652297621547,1.2353578221325772,1.2353578221325772,1.2529530052158990,1.2796220038820223,0.7368830010751239,0.7368830010751239,0.6955337195824096,0.7037769115389363,0.5639376306333342,0.5639376306333342,0.5751673437508075,0.5856384690330103,0.5089932978689700,0.5089932978689700,0.5246987018873194,0.5282501371365880
132,1.0266399995275861,1.0266399995275861,1.0234651981018827,1.0281578667840938,1.3989843830651916,1.3989843830651916,1.3712589728894395,1.3804137877553173,1.6883724499749888,1.6883724499749888,1.6151829605257964,1.6253868793755890,1.1490928402614691,1.1490928402614691,1.1783416991044919,1.2003242213215217,0.7570990732906298,0.7570990732906298,0.7109101174205437,0.7172081639840447,0.5691399208283295,0.5691399208283295,0.5847192489283090,0.5940696957008632,0.5112743841499066,0.5112743841499066,0.5273876793122833,0.5305080283394944
133,1.0359738108513912,1.0359738108513912,1.0335250300608512,1.0384496054864856,1.4032266370910804,1.4032266370910804,1.3742061496910494,1.3833065283850103,1.6719417036751429,1.6719417036751429,1.6013835786231105,1.6110615933989099,1.0364483851278723,1.0364483851278723,1.0699916083819685,1.0894946433334207,0.7737665796385202,0.7737665796385202,0.7265947281329387,0.7345065122488246,0.5748202593115136,0.5748202593115136,0.5922084823520413,0.6037207178935791,0.5142624186584059,0.5142624186584059,0.5308283596196479,0.5337147412389029
134,1.0442085133482144,1.0442085133482144,1.0424833385204018,1.0474355916003106,1.4063918665361173,1.4063918665361173,1.3764583811883209,1.3857605111766897,1.6553075378938134,1.6553075378938134,1.5885285678282903,1.5986844687762989,0.8993646725870198,0.8993646725870198,0.9547834807466645,0.9743290098684768,0.7910434356808498,0.7910434356808498,0.7412862084727149,0.7478341817701919,0.5801818989359051,0.5801818989359051,0.6023001521006226,0.6122397698392220,0.5169959518049828,0.5169959518049828,0.5334214823146411,0.5357899715804505
135,1.0521951411254682,1.0521951411254682,1.0507597514803129,1.0556200638773496,1.4090491542574335,1.4090491542574335,1.3782997326151443,1.3873216727863653,1.6367039016781184,1.6367039016781184,1.5739004520962536,1.5836613339563717,0.7629898850701945,0.7629898850701945,0.8408160030051297,0.8589205572968298,0.8060979575434605,0.8060979575434605,0.7480668917064577,0.7562934538757229,0.5802006459275988,0.5802006459275988,0.6063773023428861,0.6153624463828712,0.5217749218233084,0.5217749218233084,0.5377248551917410,0.5399201366122837
136,1.0596615010880690,1.0596615010880690,1.0583879890477093,1.0629804444630455,1.4111749844344863,1.4111749844344863,1.3799331077100123,1.3887858995248519,1.6193485213715282,1.6193485213715282,1.5595036109212450,1.5693651250148279,0.6216899342285481,0.6216899342285481,0.7220237756767143,0.7385516572596746,0.8102558731055149,0.8102558731055149,0.7416286672218938,0.7529097450335105,0.5748952472782882,0.5748952472782882,0.6060881427512362,0.6134010151788916,0.5249137719536880,0.5249137719536880,0.5410394108544074,0.5432283277680027
137,1.0669969327264526,1.0669969327264526,1.0655628785082025,1.0704574772972877,1.4125906368311523,1.4125906368311523,1.3805671818928027,1.3894593417878491,1.5977953026743190,1.5977953026743190,1.5433143919292673,1.5530335236138102,0.5849377685092395,0.5849377685092395,0.6899391909239568,0.7104887062135482,0.8057753606464045,0.8057753606464045,0.7365260318591277,0.7484556793126390,0.5704615837427337,0.5704615837427337,0.6045363196093818,0.6116933014440834,0.5415223423132340,0.5415223423132340,0.5572237252620699,0.5591553400959195
138,1.0737259594947772,1.0737259594947772,1.0725317006473762,1.0775920793374101,1.4130656564061130,1.4130656564061130,1.3807954485986071,1.3898470812726051,1.5782670324518797,1.5782670324518797,1.5278768152476316,1.5375548485767625,0.5620656085235175,0.5620656085235175,0.6703300301029912,0.6905081625762568,0.7960974537347262,0.7960974537347262,0.7325535103686521,0.7424478697356497,0.5678370049056191,0.5678370049056191,0.6045845128746569,0.6114493423391109,0.5597286156670724,0.5597286156670724,0.5746793760882893,0.5768430001708217
139,1.0804274224053718,1.0804274224053718,1.0789347743225630,1.0840230049104951,1.4135077538323144,1.4135077538323144,1.3802323907242893,1.3893777124226374,1.5570281893169637,1.5570281893169637,1.5095483066031428,1.5201667815658275,0.5418425894170553,0.5418425894170553,0.6524784566315321,0.6734067597755889,0.7933016139602413,0.7933016139602413,0.7226564525173810,0.7325384366977419,0.5653624020020537,0.5653624020020537,0.6051050001396266,0.6102197884500490,0.5777180915644581,0.5777180915644581,0.5914943137194423,0.5940638602666961
140,1.0867533277543959,1.0867533277543959,1.0850605937836109,1.0903711450168698,1.4127364349185165,1.4127364349185165,1.3797200587845946,1.3889644637612526,1.5358078388621825,1.5358078388621825,1.4928772656173566,1.5034959480882306,0.5208360215998261,0.5208360215998261,0.6362121580243340,0.6563400454187358,0.7861327940256648,0.7861327940256648,0.7099512329228426,0.7187619078401627,0.5616130036633183,0.5616130036633183,0.6034471518141672,0.6089902345609871,0.5947178399432556,0.5947178399432556,0.6077341229707719,0.6107519595169409
141,1.0931378063010961,1.0931378063010961,1.0915535877444646,1.0970466640143262,1.4114900964297574,1.4114900964297574,1.3780917562831889,1.3875002370227660,1.5126365106531707,1.5126365106531707,1.4749149416881624,1.4847800298061149,0.5028144012521855,0.5028144012521855,0.6196012344466443,0.6406955572582871,0.7708632075650168,0.7708632075650168,0.7025198780656597,0.7080238114123253,0.5581541836958350,0.5581541836958350,0.6013170094890130,0.6064140264124764,0.6137535992174344,0.6137535992174344,0.6254874279584788,0.6290941543450452
142,1.0998427146939069,1.0998427146939069,1.0978067942768737,1.1034663006601326,1.4100133028996809,1.4100133028996809,1.3768388256979951,1.3861380469907945,1.4898905140872616,1.4898905140872616,1.4577717151484433,1.4676245790762625,0.4858748243622706,0.4858748243622706,0.6044032732479697,0.6244266771091730,0.7570990732906298,0.7570990732906298,0.6983418813256769,0.7006348961854533,0.5510022063646974,0.5510022063646974,0.5958615318598850,0.6003638406091562,0.6326856727515707,0.6326856727515707,0.6436594667665836,0.6474972361269358
143,1.1063925763869868,1.1063925763869868,1.1038052266665601,1.1099499078938513,1.4078827695585194,1.4078827695585194,1.3751344342946545,1.3841483312137570,1.4669780834001382,1.4669780834001382,1.4389710209500217,1.4486857368581090,0.4697561080264926,0.4697561080264926,0.5889640745699511,0.6087475005049096,0.7521884316354448,0.7521884316354448,0.6868010214783469,0.6883430559014980,0.5480776756604838,0.5480776756604838,0.5896831552516322,0.5959628183554505,0.6515564774393183,0.6515564774393183,0.6615540313563525,0.6659764266010590
144,1.1123532606210891,1.1123532606210891,1.1095039247706908,1.1156432902180629,1.4055264843401487,1.4055264843401487,1.3731561228443485,1.3823065686611657,1.4438252478712614,1.4438252478712614,1.4207870589036755,1.4293688931831960,0.4553910483290979,0.4553910483290979,0.5752480007443900,0.5949761883104570,0.7411842930358699,0.7411842930358699,0.6771779306264188,0.6746355823264130,0.5475902538764482,0.5475902538764482,0.5853939546421587,0.5919130972129055,0.6689709687782861,0.6689709687782861,0.6783084291580503,0.6826848215025659
145,1.1184242002861111,1.1184242002861111,1.1156372375888775,1.1213667763483510,1.4026763668903830,1.4026763668903830,1.3704828660897042,1.3790669032293228,1.4218466975309498,1.4218466975309498,1.4016201799899592,1.4105366667605388,0.4412871715352922,0.4412871715352922,0.5614285394276813,0.5803376650206358,0.7278861320572303,0.7278861320572303,0.6661850047777752,0.6588564502765041,0.5468122537211606,0.5468122537211606,0.5780011077489764,0.5850041753600816,0.6869887226047743,0.6869887226047743,0.6953403011780841,0.6998752381215473
146,1.1245537131488093,1.1245537131488093,1.1213996292286887,1.1274439822000375,1.3998685779175941,1.3998685779175941,1.3674798907600088,1.3764751708838485,1.3973808817124962,1.3973808817124962,1.3814800206487492,1.3899307411946256,0.4300563066809654,0.4300563066809654,0.5482638655549065,0.5702780163143606,0.7146596592779366,0.7146596592779366,0.6490278214439107,0.6460812230150899,0.5424910721357682,0.5424910721357682,0.5687769167753447,0.5753043613463713,0.7060621857844231,0.7060621857844231,0.7134568451425216,0.7180246242626618
147,1.1307521356558321,1.1307521356558321,1.1268810199757915,1.1333593800940631,1.3964305649542628,1.3964305649542628,1.3643703909676048,1.3730263302036503,1.3756889679142754,1.3756889679142754,1.3620047756589952,1.3712342076026001,0.4187508181398989,0.4187508181398989,0.5377872664519653,0.5594552218441611,0.7004295517078021,0.7004295517078021,0.6412882537124669,0.6364480111071585,0.5356109261841888,0.5356109261841888,0.5581743984148486,0.5648433949251465,0.7256776426052036,0.7256776426052036,0.7321838323872981,0.7371938668796958
148,1.1367955114631243,1.1367955114631243,1.1330255728296865,1.1389963177818814,1.3934910873864352,1.3934910873864352,1.3606623251466465,1.3700468583734198,1.3515930056985195,1.3515930056985195,1.3408624265706628,1.3496590475321755,0.4075572651289420,0.4075572651289420,0.5264146424257462,0.5510259299971787,0.6821132167749591,0.6821132167749591,0.6318363922351283,0.6292317340865219,0.5282714789361145,0.5282714789361145,0.5486032159312371,0.5566756440906639,0.7450338850758778,0.7450338850758778,0.7506636153284663,0.7557440921332365
149,1.1425977035152792,1.1425977035152792,1.1384620034339559,1.1447461447424863,1.3892911618375230,1.3892911618375230,1.3566600489048735,1.3656490763226345,1.3286713286713288,1.3286713286713288,1.3204717197926721,1.3289852755509466,0.3975950029491903,0.3975950029491903,0.5177990181634591,0.5410703466223477,0.6669870067130025,0.6669870067130025,0.6197133525141942,0.6193223010486141,0.5213538390011477,0.5213538390011477,0.5418465201396845,0.5499326144292215,0.7640319404445866,0.7640319404445866,0.7688810590086623,0.7741725434792045
150,1.1483826681563529,1.1483826681563529,1.1439433941810586,1.1502814820847964,1.3853263944940371,1.3853263944940371,1.3521809488776422,1.3614145530022728,1.3036137470885587,1.3036137470885587,1.2983753631565980,1.3066056508417774,0.3855432775407266,0.3855432775407266,0.5070122565870755,0.5315310245732936,0.6545132600268393,0.6545132600268393,0.6011520883086962,0.6039575006936699,0.5151860787339281,0.5151860787339281,0.5371428574488462,0.5452485996137477,0.7832562192461155,0.7832562192461155,0.7871186826320100,0.7928090252506090
151,1.1536714833582875,1.1536714833582875,1.1486454757857161,1.1553765512632383,1.3804445101493890,1.3804445101493890,1.3476156147615512,1.3565269947602168,1.2802112603778610,1.2802112603778610,1.2771077403498750,1.2856701855443304,0.3777077904330568,0.3777077904330568,0.4993615822421645,0.5216448180860921,0.6317881008342316,0.6317881008342316,0.5849537894725326,0.5866591524288901,0.5084840292034387,0.5084840292034387,0.5320825645949729,0.5391593803536318,0.8025936097640547,0.8025936097640547,0.8059062097062416,0.8117600896165756
152,1.1590533265800607,1.1590533265800607,1.1535236512831375,1.1605280650780734,1.3760940833490038,1.3760940833490038,1.3422944642195742,1.3510476236203752,1.2545156813304374,1.2545156813304374,1.2542308320838307,1.2625636349567777,0.3684544532773324,0.3684544532773324,0.4898843955536487,0.5124523804751855,0.6080234627511103,0.6080234627511103,0.5732074543756953,0.5777855486283943,0.5029724136454978,0.5029724136454978,0.5269548011697148,0.5354902354148440,0.8223127523248778,0.8223127523248778,0.8247795015388678,0.8306857844184647
153,1.1639080110227484,1.1639080110227484,1.1577311713166278,1.1652694145351168,1.3710099629476893,1.3710099629476893,1.3363392394948068,1.3455580488098822,1.2310484702392677,1.2310484702392677,1.2325006601630513,1.2420158634611353,0.3597234819287860,0.3597234819287860,0.4808896838238209,0.5039190232967589,0.5946894576727980,0.5946894576727980,0.5691321952604660,0.5712598244326988,0.4964672075277920,0.4964672075277920,0.5214414916222568,0.5301426518338447,0.8414286323981804,0.8414286323981804,0.8430574850485190,0.8493882270564709
154,1.1687385770899226,1.1687385770899226,1.1623470793141881,1.1701725719498213,1.3659587646951341,1.3659587646951341,1.3300999495361492,1.3395889014787699,1.2054823399527883,1.2054823399527883,1.2087468358682747,1.2186863889375450,0.3509551987368698,0.3509551987368698,0.4737559469346471,0.4941715705848164,0.5856567445552315,0.5856567445552315,0.5653309031445799,0.5687047789804160,0.4920710379756248,0.4920710379756248,0.5176824169308082,0.5270004585617977,0.8603135760504792,0.8603135760504792,0.8611841189845324,0.8676949044948665
155,1.1729213925004429,1.1729213925004429,1.1662735984549697,1.1741312224488765,1.3608464253091683,1.3608464253091683,1.3239468936663512,1.3334156807346280,1.1808963217134578,1.1808963217134578,1.1861301114788869,1.1960353785671127,0.3439032603399669,0.3439032603399669,0.4650024726841633,0.4875113893723859,0.5812837643951398,0.5812837643951398,0.5588926786600160,0.5628350799684149,0.4842910364227490,0.4842910364227490,0.5116678974244904,0.5199061277891946,0.8789628702935903,0.8789628702935903,0.8794671474799715,0.8859559167179225
156,1.1767527687249062,1.1767527687249062,1.1697917296316815,1.1777700200083692,1.3546429518500247,1.3546429518500247,1.3162669871643939,1.3262169910900130,1.1562085937333855,1.1562085937333855,1.1629641100165573,1.1729772897047857,0.3355827192684889,0.3355827192684889,0.4577653483038421,0.4798105548455131,0.5708172872906581,0.5708172872906581,0.5527626670497131,0.5588644012250024,0.4779264327427458,0.4779264327427458,0.5053063864081926,0.5142170014612337,0.8973718021393300,0.8973718021393300,0.8968420785335841,0.9036993898337955
157,1.1805979268782345,1.1805979268782345,1.1734035277726296,1.1811566981919717,1.3490414833967723,1.3490414833967723,1.3093733326490968,1.3194417537774343,1.1310585487499412,1.1310585487499412,1.1396535619560848,1.1497253539415564,0.3289785229920243,0.3289785229920243,0.4504592989294225,0.4723178509815288,0.5644011934492120,0.5644011934492120,0.5476942775618650,0.5534780891904602,0.4703901420818878,0.4703901420818878,0.4989159594327299,0.5073373547010066,0.9138531218179147,0.9138531218179147,0.9133543170174616,0.9202251238739437
158,1.1839297081813427,1.1839297081813427,1.1767867785208412,1.1844229611512682,1.3422501144240633,1.3422501144240633,1.3014600868478725,1.3114930943399359,1.1058437793860245,1.1058437793860245,1.1159286469809369,1.1265800339738232,0.3211430358843544,0.3211430358843544,0.4444283619458215,0.4646863933422855,0.5560853623251032,0.5560853623251032,0.5426943798238525,0.5480917771559178,0.4640724058811188,0.4640724058811188,0.4933159020077770,0.5006919086815531,0.9311215105231861,0.9311215105231861,0.9302146595207059,0.9368218926935091
159,1.1875095642040201,1.1875095642040201,1.1800763623048169,1.1872978746315708,1.3359572808468578,1.3359572808468578,1.2939678663040213,1.3040750257763143,1.0802961417796801,1.0802961417796801,1.0925024616419503,1.1029404044087894,0.3153223883186568,0.3153223883186568,0.4367432251038614,0.4576099508040781,0.5509955001715539,0.5509955001715539,0.5371465480871539,0.5472631137659884,0.4540146448374612,0.4540146448374612,0.4873302984606241,0.4946612396066306,0.9472352171234381,0.9472352171234381,0.9469589673508280,0.9531801876107452
160,1.1904106602300977,1.1904106602300977,1.1826653171963055,1.1901614991845946,1.3285921258529090,1.3285921258529090,1.2856386678388865,1.2957743397013401,1.0554419796783938,1.0554419796783938,1.0676308103215373,1.0780892317131161,0.3091286223192606,0.3091286223192606,0.4317117005346857,0.4521638651251636,0.5434323951405756,0.5434323951405756,0.5275577031101437,0.5418768017314461,0.4450160888244964,0.4450160888244964,0.4823374761781359,0.4901236002541403,0.9604127320852118,0.9604127320852118,0.9613169969032617,0.9674632521864336
161,1.1932497375762827,1.1932497375762827,1.1852917388734887,1.1926676410404602,1.3214527227361692,1.3214527227361692,1.2772993241868273,1.2875348756502749,1.0288402593043608,1.0288402593043608,1.0424411564852103,1.0525499025192397,0.3043527063679191,0.3043527063679191,0.4255773760599372,0.4456424376879921,0.5349731876177752,0.5349731876177752,0.5214961832496767,0.5350058011232801,0.4392420153828440,0.4392420153828440,0.4817784343009461,0.4884451616119289,0.9732744768386741,0.9732744768386741,0.9751200780190236,0.9809903037526095
162,1.1960164597959266,1.1960164597959266,1.1878956804792553,1.1953431168055062,1.3132927330078794,1.3132927330078794,1.2686809878943401,1.2788158390785904,1.0024234657316768,1.0024234657316768,1.0170587738513597,1.0278634996893334,0.3001737799104951,0.3001737799104951,0.4200633765320734,0.4396413369080417,0.5266573564936665,0.5266573564936665,0.5142360577670834,0.5287908256988083,0.4387733405905021,0.4387733405905021,0.4812965016481963,0.4872156077228670,0.9851229291326294,0.9851229291326294,0.9870716493506172,0.9937410466580109
163,1.1986591446557859,1.1986591446557859,1.1898289666210904,1.1975670354794050,1.3047705996432335,1.3047705996432335,1.2595706100360078,1.2698774235878991,0.9737135798222669,0.9737135798222669,0.9902020159164542,1.0003760091413891,0.2935695836340305,0.2935695836340305,0.4148940019747011,0.4349930854368663,0.5179830843728288,0.5179830843728288,0.5068389487848184,0.5218852974493952,0.4396169552167176,0.4396169552167176,0.4800241994449367,0.4863666300375624,0.9981637674370744,0.9981637674370744,0.9999313181240372,1.0072934677882646
164,1.2010985460648866,1.2010985460648866,1.1921818807627040,1.1997683762987466,1.2950397531026969,1.2950397531026969,1.2503739980888158,1.2600767979271583,0.9445968549498895,0.9445968549498895,0.9621021572375218,0.9725299018267755,0.2884951729357300,0.2884951729357300,0.4088286024940509,0.4284022811120652,0.5095955650493743,0.5095955650493743,0.4919762390704528,0.5100423165016517,0.4399450275713569,0.4399450275713569,0.4778073092422876,0.4836538047902671,1.0119021279927147,1.0119021279927147,1.0130533261584294,1.0207545584878386
165,1.2035930751894472,1.2035930751894472,1.1943249809044283,1.2020035838999241,1.2852195464440983,1.2852195464440983,1.2404875134307478,1.2507506429517110,0.9141209180875980,0.9141209180875980,0.9324219224188963,0.9428810183337707,0.2844281820084157,0.2844281820084157,0.4031422904809414,0.4255925171630712,0.4957955866753144,0.4957955866753144,0.4819421977195101,0.4985446119663789,0.4411917025189864,0.4411917025189864,0.4769012758551179,0.4837416300680573,1.0276529345028176,1.0276529345028176,1.0271439714641031,1.0353674273965359
166,1.2054191807640566,1.2054191807640566,1.1960409596892356,1.2035501669371027,1.2744257848150351,1.2744257848150351,1.2306365369269163,1.2410367484915077,0.8843014713700950,0.8843014713700950,0.9016624063341390,0.9131739807704952,0.2812193634786080,0.2812193634786080,0.3980763034147165,0.4211870847985989,0.4821748287996190,0.4821748287996190,0.4709150259959485,0.4860801334761882,0.4427195823420210,0.4427195823420210,0.4800338380979918,0.4864544553153525,1.0434650098593095,1.0434650098593095,1.0415524508744158,1.0498382267463984
167,1.2071625947654760,1.2071625947654760,1.1976370447598206,1.2052096392470679,1.2636743516629485,1.2636743516629485,1.2206486003996020,1.2311800026421837,0.8523831054572825,0.8523831054572825,0.8699874284611449,0.8821778613162193,0.2771150607079238,0.2771150607079238,0.3946645162068508,0.4170938484284593,0.4659374516478031,0.4659374516478031,0.4589632156496038,0.4782768865543514,0.4469657759606388,0.4469657759606388,0.4864242650734544,0.4930023176928169,1.0603516465216969,1.0603516465216969,1.0570506472149206,1.0659834173253826
168,1.2086096972962985,1.2086096972962985,1.1987273282235300,1.2062858503143015,1.2524196799512501,1.2524196799512501,1.2109092209519414,1.2207722585776803,0.8200024225410977,0.8200024225410977,0.8372909879612760,0.8486520398051688,0.2736077474311573,0.2736077474311573,0.3899086916140683,0.4126190391763576,0.4517431881773415,0.4517431881773415,0.4427991626883582,0.4627049203519249,0.4540708858125422,0.4540708858125422,0.4934604818036019,0.4997160722616628,1.0774974975341907,1.0774974975341907,1.0726144283706682,1.0815704774946597
169,1.2097742702853891,1.2097742702853891,1.1996227844016281,1.2074900025573601,1.2408451930801718,1.2408451930801718,1.2002669198679874,1.2100941172409128,0.7853841253285918,0.7853841253285918,0.8029467162425807,0.8129551330040126,0.2688691433231856,0.2688691433231856,0.3863590544180060,0.4090461294634392,0.4376564570058986,0.4376564570058986,0.4310185817166030,0.4530026531614995,0.4626007670331651,0.4626007670331651,0.5005352531459694,0.5074446967071945,1.0939788172127753,1.0939788172127753,1.0882236143985071,1.0970814289717039
170,1.2106666501793963,1.2106666501793963,1.2000911192228090,1.2078136184726822,1.2285464189363808,1.2285464189363808,1.1898782484571495,1.1995741327992429,0.7500631062709603,0.7500631062709603,0.7679375301724294,0.7773454573082624,0.2640932273718439,0.2640932273718439,0.3813619923458794,0.4036694206721541,0.4219925854488488,0.4219925854488488,0.4196489512438625,0.4412632551374972,0.4725366726308137,0.4725366726308137,0.5094895618340611,0.5162174661220090,1.1099087172738609,1.1099087172738609,1.1029347929560955,1.1127445978332138
171,1.2109009429701010,1.2109009429701010,1.2003871068297955,1.2080657378485724,1.2163464112388691,1.2163464112388691,1.1786170909707920,1.1878705225620023,0.7112747096880377,0.7112747096880377,0.7312516035638231,0.7415710117467452,0.2607724733119267,0.2607724733119267,0.3778123551498171,0.4014146718241959,0.4052892350012854,0.4052892350012854,0.4135531855084775,0.4381212397840142,0.4828943855415701,0.4828943855415701,0.5174318119513782,0.5249414437158290,1.1250421223318923,1.1250421223318923,1.1174794869826825,1.1274132797828815
172,1.2113591921048614,1.2113591921048614,1.2003121732584066,1.2080996046304084,1.2036807902946132,1.2036807902946132,1.1678327572698930,1.1766770958573352,0.6739379884957037,0.6739379884957037,0.6964255098513191,0.7065622614437922,0.2582352679627765,0.2582352679627765,0.3734700805216244,0.3962460936957993,0.3912383479295154,0.3912383479295154,0.4052999296532653,0.4343231992468370,0.4925397127679667,0.4925397127679667,0.5267138348433399,0.5335092874824665,1.1397372194888344,1.1397372194888344,1.1315449073594166,1.1416506791432304
173,1.2113729740337262,1.2113729740337262,1.1997351847587114,1.2079566115515452,1.1908129332936908,1.1908129332936908,1.1567491405547168,1.1644173855695892,0.6352697943336579,0.6352697943336579,0.6603274060751597,0.6700608900038915,0.2559592455172152,0.2559592455172152,0.3699893683196603,0.3936097719658789,0.3818471938152201,0.3818471938152201,0.4041355699060569,0.4374306869590729,0.5027849437285610,0.5027849437285610,0.5356295889192118,0.5429553840270053,1.1529571513442620,1.1529571513442620,1.1441674618008040,1.1544876785664955
174,1.2114901204290787,1.2114901204290787,1.1993642635803361,1.2070685492722897,1.1778039813695127,1.1778039813695127,1.1455488541899073,1.1531780423469904,0.5987190120470565,0.5987190120470565,0.6260891351951025,0.6357306038540964,0.2539444059752430,0.2539444059752430,0.3673357560468759,0.3909387617921438,0.3723126633022333,0.3723126633022333,0.4009164576637749,0.4364639130041551,0.5145674280080368,0.5145674280080368,0.5458465611575080,0.5530455326086718,1.1665164183489196,1.1665164183489196,1.1573550546504392,1.1679995083942250
175,1.2112075908873465,1.2112075908873465,1.1983414203308766,1.2065304437386728,1.1633417517358007,1.1633417517358007,1.1331615809549140,1.1411377109782510,0.5601895129860224,0.5601895129860224,0.5903861254538663,0.5996556955961807,0.2534966638548047,0.2534966638548047,0.3641652063183542,0.3858395605513767,0.3615594334003684,0.3615594334003684,0.4046492580298253,0.4380867121427672,0.5264436472459809,0.5264436472459809,0.5562273904977393,0.5637602164990682,1.1786476499339003,1.1786476499339003,1.1690543766926367,1.1798318730800172
176,1.2111145628675080,1.2111145628675080,1.1975396311170148,1.2058719229807500,1.1493075100359642,1.1493075100359642,1.1212460589119169,1.1292351291633067,0.5230192259149022,0.5230192259149022,0.5556467597002478,0.5652187936508893,0.2567427942279822,0.2567427942279822,0.3625799314540934,0.3861517565457094,0.3557168451536886,0.3557168451536886,0.4122518422615976,0.4453375168046509,0.5386385653427176,0.5386385653427176,0.5668009928990705,0.5734893056053751,1.1909391231171285,1.1909391231171285,1.1815457615035381,1.1922172942627012
177,1.2104358028709079,1.2104358028709079,1.1956363184037351,1.2045172517073091,1.1340175235191519,1.1340175235191519,1.1088587856769236,1.1170366408994694,0.4857379827629729,0.4857379827629729,0.5207628473484868,0.5302875821082972,0.2615187101793238,0.2615187101793238,0.3658538686737625,0.3869495907534484,0.3444259537567305,0.3444259537567305,0.4191010172451762,0.4516560751528639,0.5518270739992192,0.5518270739992192,0.5785697882792212,0.5854530601132312,1.2007515645157025,1.2007515645157025,1.1909546599980176,1.2010814199514144
178,1.2097949431786865,1.2097949431786865,1.1943549543329839,1.2032416029248190,1.1188921477461378,1.1188921477461378,1.0956751152683457,1.1042820525851269,0.4492334321767087,0.4492334321767087,0.4869582162628575,0.4961317581693142,0.2710705420820071,0.2710705420820071,0.3730220680599854,0.3948585559432096,0.3429921897698152,0.3429921897698152,0.4304706477179167,0.4626703927106778,0.5656998478525399,0.5656998478525399,0.5915723312504115,0.5985585432323589,1.2123219505068163,1.2123219505068163,1.2025429923528808,1.2125535368273048
179,1.2089783638934368,1.2089783638934368,1.1926164954767600,1.2015445008572581,1.1039454922092478,1.1039454922092478,1.0829479782713767,1.0919254074261917,0.4123497816476793,0.4123497816476793,0.4522959420282484,0.4620922423708725,0.2800626963341425,0.2800626963341425,0.3789840800494881,0.3980498927741659,0.3359309021342573,0.3359309021342573,0.4403677055691879,0.4722690769773620,0.5798632000771126,0.5798632000771126,0.6048833111193617,0.6119567772774538,1.2198061757426164,1.2198061757426164,1.2101003810631918,1.2197990843278672
180,1.2084201957744052,1.2084201957744052,1.1908105964062858,1.1998361098624186,1.0884250506511177,1.0884250506511177,1.0699875019751410,1.0784157474836402,0.3747449165933894,0.3747449165933894,0.4177203957525250,0.4274614935246789,0.2869280755141961,0.2869280755141961,0.3867726043825958,0.4098439636711782,0.3393360916031811,0.3393360916031811,0.4537920885370019,0.4863563546061648,0.5957231550499631,0.5957231550499631,0.6191677949468666,0.6261356804584610,1.2312823019700552,1.2312823019700552,1.2208411558056835,1.2308855838297781
181,1.2069972116190963,1.2069972116190963,1.1885888160146032,1.1979659109099183,1.0732667527293440,1.0732667527293440,1.0571335501416141,1.0655744279687600,0.3442689797310979,0.3442689797310979,0.3893796260766881,0.3989659990920427,0.2889056032127985,0.2889056032127985,0.3932170913307866,0.4140759538165767,0.3373288220214997,0.3373288220214997,0.4677301596285844,0.5005472151587087,0.6085367238725911,0.6085367238725911,0.6323631109791568,0.6373675576513992,1.2381632647183347,1.2381632647183347,1.2270515333106189,1.2370250183365572
182,1.2064803892866598,1.2064803892866598,1.1866180630870733,1.1953920354903804,1.0578450776174930,1.0578450776174930,1.0434730559475778,1.0520902772028371,0.3270800335457218,0.3270800335457218,0.3725544020528829,0.3833710159144537,0.2890548505862779,0.2890548505862779,0.3907357915432478,0.4133821849402819,0.3467916643351407,0.3467916643351407,0.4856407522106426,0.5197100560508301,0.6483459607341134,0.6483459607341134,0.6677080517318290,0.6746347505270127,1.2490361284582532,1.2490361284582532,1.2374038441474402,1.2476954569875953
183,1.2045819285855093,1.2045819285855093,1.1837893207671399,1.1924794922524824,1.0419060544537042,1.0419060544537042,1.0299698121508734,1.0384683768831193,0.3204134223570955,0.3204134223570955,0.3652307077469883,0.3761599112008885,0.2891294742730176,0.2891294742730176,0.3904945540639038,0.4143534613670947,0.3515947736913070,0.3515947736913070,0.4999897738012398,0.5356963539482213,0.6903954631030301,0.6903954631030301,0.7073421930939747,0.7139414415201970,1.2552855507899099,1.2552855507899099,1.2435789067518601,1.2537080436739865
184,1.2031244896080382,1.2031244896080382,1.1808556714472620,1.1901426843057967,1.0262539243005355,1.0262539243005355,1.0162332290549023,1.0245913847971146,0.3134879136465809,0.3134879136465809,0.3578973770012175,0.3691038840080453,0.3066660406568502,0.3066660406568502,0.3960774785858659,0.4194526626078618,0.3684415005375620,0.3684415005375620,0.5211879703754156,0.5563784110552136,0.7322949895383974,0.7322949895383974,0.7456751162936959,0.7535799168961441,1.2647586570392537,1.2647586570392537,1.2526195212838211,1.2630947823826981
185,1.2005886146968825,1.2005886146968825,1.1774349539133560,1.1865264646008613,1.0103054948085297,1.0103054948085297,1.0020198221734726,1.0104899119567774,0.3054713368081080,0.3054713368081080,0.3498220403849811,0.3613209309368184,0.3810285444929740,0.3810285444929740,0.4160657268743722,0.4374212765038982,0.3786570689443335,0.3786570689443335,0.5385848748337053,0.5747471161986525,0.7700889247928496,0.7700889247928496,0.7836996025956572,0.7888759202035790,1.2712201638391791,1.2712201638391791,1.2590115182771218,1.2691682560228754
186,1.1980940855723219,1.1980940855723219,1.1742690105221723,1.1833542760355535,0.9940701723059041,0.9940701723059041,0.9882071501755666,0.9962353840566682,0.3004690668316214,0.3004690668316214,0.3446472721714740,0.3558156789511935,1.5675078518110392,1.5675078518110392,0.9280750455335742,0.9299624902294217,0.3942134082023647,0.3942134082023647,0.5583789905362476,0.5953601180231506,0.8083796553271841,0.8083796553271841,0.8181288713081047,0.8248745257333350,1.2787609449331840,1.2787609449331840,1.2659836886360336,1.2766319817745051
187,1.1950758431508921,1.1950758431508921,1.1702975312385571,1.1798509456034050,0.9782440250807199,0.9782440250807199,0.9736741699060107,0.9822104387462172,0.2957719260773605,0.2957719260773605,0.3402337827081849,0.3511148916043130,1.8548090457589337,1.8548090457589337,1.4893312724760099,1.4632279369934524,0.4127089636335722,0.4127089636335722,0.5752622068707689,0.6112083053555536,0.8414306016831361,0.8414306016831361,0.8510930647561928,0.8561500829908215,1.2854203972368272,1.2854203972368272,1.2727036097055493,1.2831722553937102
188,1.1921437377848683,1.1921437377848683,1.1665246259191229,1.1762083850681526,0.9624319873478614,0.9624319873478614,0.9595723600807522,0.9680681512232742,0.2984256256767165,0.2984256256767165,0.3416696122497353,0.3525202816358546,1.9602150032787782,1.9602150032787782,1.6917639801427093,1.6219969443335271,0.4343587998359933,0.4343587998359933,0.5906386047089029,0.6278161007953922,0.8799181756302543,0.8799181756302543,0.8849922075506156,0.8919535212365994,1.2912503636201300,1.2912503636201300,1.2787828175799985,1.2894080942439841
189,1.1886086730310019,1.1886086730310019,1.1624744663855493,1.1724115425267583,0.9474383001698861,0.9474383001698861,0.9458814303259420,0.9543493160323673,0.3165392058688370,0.3165392058688370,0.3592272057041300,0.3710811223972486,2.0020415796963875,2.0020415796963875,1.7926012465085184,1.6774984544371145,0.4569405826299095,0.4569405826299095,0.6010835965588603,0.6332369404711814,0.9117880615095046,0.9117880615095046,0.9150358891230398,0.9213261974752998,1.2986309031158874,1.2986309031158874,1.2856742681663036,1.2965115721857119
190,1.1847910787354037,1.1847910787354037,1.1587090544232539,1.1685055736883370,0.9333664331571815,0.9333664331571815,0.9336564800817431,0.9420079763794094,0.6723106326438338,0.6723106326438338,0.6991911680957820,0.6935357497031585,2.0113695405388516,2.0113695405388516,1.8488095791956798,1.6956751989960395,0.4797374300218629,0.4797374300218629,0.6035150536780307,0.6363444281834173,0.9501350330189202,0.9501350330189202,0.9499278131821272,0.9578224795791999,1.3036408095552170,1.3036408095552170,1.2911581677177779,1.3019711023752114
191,1.1810699579418600,1.1810699579418600,1.1547001083539443,1.1643474854740250,0.9214674279626152,0.9214674279626152,0.9245359570364861,0.9325899883680989,0.7834978719548336,0.7834978719548336,0.8079287556585644,0.7904495078092570,2.0023027625999763,2.0023027625999763,1.8699006273897589,1.7031332144162090,0.5017457072210130,0.5017457072210130,0.6035835454278665,0.6326844982112284,0.9824360997071251,0.9824360997071251,0.9812630742639209,0.9881514755093928,1.3105217723034965,1.3105217723034965,1.2978326839152021,1.3086128542507267
192,1.1830648921450653,1.1830648921450653,1.1557266982819732,1.1652656515593574,1.0005229134627993,1.0005229134627993,1.0317908732038474,1.0344736398230672,0.8477321964033587,0.8477321964033587,0.8684648709607089,0.8457249516015443,1.9863706054810477,1.9863706054810477,1.8760349518645072,1.7053532748203524,0.5156173737944186,0.5156173737944186,0.6064259530460516,0.6367932875196292,1.0215798183635219,1.0215798183635219,1.0171477795876729,1.0246087241564972,1.3148907123498357,1.3148907123498357,1.3020099321476037,1.3128343497132393
193,1.1992345401858986,1.1992345401858986,1.1715564152378917,1.1745526757339471,1.0595946546658641,1.0595946546658641,1.0784282974964468,1.0752526095816832,0.8864466222657417,0.8864466222657417,0.9044762467779827,0.8761007609729327,1.9595433900981207,1.9595433900981207,1.8688667524782843,1.6990399780460694,0.5200978862535289,0.5200978862535289,0.6109464085352135,0.6402115240030887,1.0536934151347901,1.0536934151347901,1.0484252087511365,1.0561965490683487,1.3215171737361926,1.3215171737361926,1.3084977838708749,1.3193898450708910
194,1.2051607695978384,1.2051607695978384,1.1792445996623993,1.1791547950878867,1.0859229673453827,1.0859229673453827,1.0990737528881021,1.0934763653652158,0.9103484113400814,0.9103484113400814,0.9282686168322639,0.8960960688010036,1.9371562840762069,1.9371562840762069,1.8471898418343697,1.6861011885031705,0.5111727054349812,0.5111727054349812,0.6222475472581183,0.6470825246112547,1.0832574210357182,1.0832574210357182,1.0838858133404687,1.0901751732089315,1.3250377759094560,1.3250377759094560,1.3119182842350878,1.3224747840627271
195,1.2090438280555453,1.2090438280555453,1.1844974430167656,1.1823382725804730,1.0988002306745221,1.0988002306745221,1.1104921607717917,1.1028331313526176,0.9238480678385479,0.9238480678385479,0.9428100046054152,0.9060404148172909,1.9074933685971711,1.9074933685971711,1.8278908434868466,1.6698669967978712,0.5137893247111016,0.5137893247111016,0.6422471382101679,0.6661072549383878,1.1068973775614444,1.1068973775614444,1.1076547317740904,1.1167276821941488,1.3309242981509637,1.3309242981509637,1.3173466889428949,1.3283655968415455
196,1.2112523821561578,1.2112523821561578,1.1880492943006027,1.1842385753390499,1.1068003128231221,1.1068003128231221,1.1154886653321801,1.1064605362692166,0.9330111908453836,0.9330111908453836,0.9523404436429543,0.9116328979083219,1.8698457186369859,1.8698457186369859,1.8058693078724406,1.6527655939972035,0.5138251688107744,0.5138251688107744,0.6680342820233414,0.6857880104492151,1.1297312134443425,1.1297312134443425,1.1341128344100557,1.1396403213331747,1.3335965624511517,1.3335965624511517,1.3200810712399500,1.3310395488953246
197,1.2126030111849255,1.2126030111849255,1.1908293297991330,1.1859206255035724,1.1081924493992452,1.1081924493992452,1.1174517590020991,1.1067105262001777,0.9398812215154937,0.9398812215154937,0.9587872219201169,0.9139396760290591,1.8291384975204725,1.8291384975204725,1.7723028357465698,1.6233151051984873,0.5268365769920309,0.5268365769920309,0.6856366617311385,0.7028101375840184,1.1528181337151053,1.1528181337151053,1.1534383337853238,1.1633141128797153,1.3387337195714426,1.3387337195714426,1.3251311020136627,1.3360627225826893
198,1.2132852166637418,1.2132852166637418,1.1927476292266905,1.1872602448739751,1.1077832741218037,1.1077832741218037,1.1170307337447263,1.1050779388959417,0.9403065531585960,0.9403065531585960,0.9611770590094088,0.9137361367831117,1.7852224578741516,1.7852224578741516,1.7390465260941412,1.5940033701750302,0.5500993976797318,0.5500993976797318,0.7031020579392639,0.7162068623878799,1.1726149569436279,1.1726149569436279,1.1752409669957258,1.1829967334689042,1.3415285215644082,1.3415285215644082,1.3275880100923820,1.3385438659494784
199,1.2134850546322840,1.2134850546322840,1.1938191792975528,1.1872339040436581,1.1040301491632012,1.1040301491632012,1.1138197820830757,1.0996393824387061,0.9403435385188659,0.9403435385188659,0.9605506904174572,0.9127087482083296,1.7387692128786802,1.7387692128786802,1.7055834414594178,1.5599046299051387,0.5744375413576192,0.5744375413576192,0.7176223089044507,0.7324003261327535,1.1951394674635805,1.1951394674635805,1.1942001975549039,1.2051677369288134,1.3468919021175194,1.3468919021175194,1.3323504766761829,1.3437243309341242
200,1.2130612603196860,1.2130612603196860,1.1946621819756786,1.1867597690979539,1.0984568996946000,1.0984568996946000,1.1093609724296936,1.0919050000848889,0.9375973755188353,0.9375973755188353,0.9592208617145448,0.9098398140749758,1.6879877940523056,1.6879877940523056,1.6707418569427286,1.5268812313935043,0.5935782905829387,0.5935782905829387,0.7247112050124546,0.7361638390286838,1.2135677602984645,1.2135677602984645,1.2135835288485020,1.2234353947091614,1.3495547404413399,1.3495547404413399,1.3350142291722071,1.3463120264700394
201,1.2121654349434625,1.2121654349434625,1.1945235548686091,1.1855819576852120,1.0919053920914257,1.0919053920914257,1.1023760112320746,1.0818186716459068,0.9360162513673026,0.9360162513673026,0.9559155628370161,0.9078916527209078,1.6373929344427802,1.6373929344427802,1.6340392975853852,1.4904583653880250,0.6124322870108749,0.6124322870108749,0.7347794922383152,0.7448993322641912,1.2369827529238666,1.2369827529238666,1.2338150616109398,1.2451087215949266,1.3536173362557351,1.3536173362557351,1.3388534633568179,1.3497978045743015
202,1.2107045504837750,1.2107045504837750,1.1939690464403308,1.1840880563086675,1.0828282853619740,1.0828282853619740,1.0901256980205640,1.0680743272783713,0.9299783913032624,0.9299783913032624,0.9501818811106907,0.9047804099614261,1.5856414076887895,1.5856414076887895,1.5962339383224691,1.4521623234165497,0.6260888889862433,0.6260888889862433,0.7360808354851951,0.7458661062191091,1.2547455275536252,1.2547455275536252,1.2524465779662479,1.2624786098689753,1.3566053707642345,1.3566053707642345,1.3416786553980558,1.3523855001102165
203,1.2090231551622479,1.2090231551622479,1.1922680543698012,1.1817700632407797,1.0691891094472534,1.0691891094472534,1.0763180986161203,1.0538759195668450,0.9262798552762853,0.9262798552762853,0.9443518349856036,0.9000214685442749,1.5337406335613191,1.5337406335613191,1.5591522914975851,1.4146988040966282,0.6373080921838555,0.6373080921838555,0.7419368800961548,0.7510797800474160,1.2785635805004414,1.2785635805004414,1.2724178670962007,1.2844739627733044,1.3598007767528191,1.3598007767528191,1.3444634875529902,1.3556328043121493
204,1.2064838347688760,1.2064838347688760,1.1901212075495073,1.1793128400697881,1.0539508577356349,1.0539508577356349,1.0616532309165441,1.0392081430053512,0.9198444025893451,0.9198444025893451,0.9383290600629929,0.8958440678298306,1.4787056645907808,1.4787056645907808,1.5206232197966369,1.3772352847767066,0.6478462574876831,0.6478462574876831,0.7417998965964833,0.7496641467562863,1.2965700660222179,1.2965700660222179,1.2901819046765595,1.3013656912016067,1.3622326786556358,1.3622326786556358,1.3471978698500453,1.3581494650686472
205,1.2032691998611205,1.2032691998611205,1.1873336786938380,1.1763212743409392,1.0373769074171955,1.0373769074171955,1.0463137082864786,1.0234128608368693,0.9153876666768377,0.9153876666768377,0.9323737402195154,0.8917926676009729,1.4271780088970090,1.4271780088970090,1.4854025478124069,1.3432059213944447,0.6536171575350173,0.6536171575350173,0.7508750534497249,0.7592628310229705,1.3205943358776646,1.3205943358776646,1.3110110339284069,1.3233512857417369,1.3642781155273846,1.3642781155273846,1.3491200094352447,1.3604073562715535
206,1.2000270010956346,1.2000270010956346,1.1842951223740155,1.1730211445998067,1.0202856090468182,1.0202856090468182,1.0300814092070445,1.0070002565939733,0.9092388505319883,0.9092388505319883,0.9259173255024767,0.8872857271549947,1.3732250833841966,1.3732250833841966,1.4479418135199822,1.3090031157931088,0.6666644098159465,0.6666644098159465,0.7497791854523523,0.7579853082968291,1.3391538576544044,1.3391538576544044,1.3288136261209855,1.3401551888922492,1.3669315278748375,1.3669315278748375,1.3517888069170567,1.3631624909303808
207,1.1962404161399824,1.1962404161399824,1.1803910833046505,1.1691716203977787,1.0032695613021776,1.0032695613021776,1.0138237471602987,0.9912661964494004,0.9046619121986040,0.9046619121986040,0.9195572751841998,0.8824104775973021,1.3155036616910287,1.3155036616910287,1.4105844667187051,1.2725802497876297,0.6716467396704773,0.6716467396704773,0.7578954578078930,0.7682054901059605,1.3633843444184814,1.3633843444184814,1.3495560074953379,1.3626677350991201,1.3677610137951781,1.3677610137951781,1.3528886138188243,1.3644309691342607
208,1.1923504667178431,1.1923504667178431,1.1766556447709107,1.1652092069229638,0.9871330052458308,0.9871330052458308,0.9967747605334305,0.9749658325836705,0.9037187855117249,0.9037187855117249,0.9136405011002271,0.8775546127296998,1.2604313808771206,1.2604313808771206,1.3717107700472653,1.2338679464903775,0.6879558050216389,0.6879558050216389,0.7600871938026381,0.7694139575496078,1.3811846130316274,1.3811846130316274,1.3668573897290568,1.3806524003176999,1.3697310428559870,1.3697310428559870,1.3549217430913580,1.3666736385987206
209,1.1881848787184039,1.1881848787184039,1.1717137757378084,1.1606710581569366,0.9689646822946016,0.9689646822946016,0.9792996760557271,0.9585226173288202,0.9054201120841343,0.9054201120841343,0.9110193894539069,0.8769827643720380,1.2043143684488564,1.2043143684488564,1.3316653484761545,1.1948087587549778,0.6940851460657018,0.6940851460657018,0.7704979397776777,0.7782185060676095,1.4044964972027145,1.4044964972027145,1.3879564012664440,1.4020329762774979,1.3700703780052172,1.3700703780052172,1.3554413766275142,1.3673129516134761
210,1.1834507861532846,1.1834507861532846,1.1669667339903176,1.1562232208091388,0.9520615104885655,0.9520615104885655,0.9617687930499382,0.9421151149212499,0.9071399313366787,0.9071399313366787,0.9112603004508114,0.8762946078738350,1.1471153125628666,1.1471153125628666,1.2902758895201270,1.1544660985984327,0.7075266834430329,0.7075266834430329,0.7739910190193028,0.7816367425510690,1.4236934166970394,1.4236934166970394,1.4044384979904883,1.4197151322059116,1.3715125523894456,1.3715125523894456,1.3571667617669845,1.3696723210726929
211,1.1782515534889724,1.1782515534889724,1.1610769552791451,1.1509776326003147,0.9336486230036929,0.9336486230036929,0.9441212403945158,0.9252586510050148,0.9079073775622765,0.9079073775622765,0.9098919259883942,0.8757227595161732,1.0870059328940278,1.0870059328940278,1.2502304679490162,1.1096486291897858,0.7124373250982179,0.7124373250982179,0.7819360620002540,0.7897162106028823,1.4456555174661816,1.4456555174661816,1.4261929379356153,1.4402369721162063,1.3703531572962424,1.3703531572962424,1.3566219033018887,1.3697332080264790
212,1.1732039220421748,1.1732039220421748,1.1558803121033205,1.1461309198220038,0.9153533146215336,0.9153533146215336,0.9261946950986657,0.9081572989931442,0.9093960383131348,0.9093960383131348,0.9090728285989191,0.8747632173567069,1.0300307480682571,1.0300307480682571,1.2079449840697107,1.0652821095507308,0.7243734102892878,0.7243734102892878,0.7871414349877738,0.7961728795160836,1.4657335455701093,1.4657335455701093,1.4415183962930598,1.4583192209767748,1.3715502562949158,1.3715502562949158,1.3579689145072644,1.3712553818711350
213,1.1674775305987772,1.1674775305987772,1.1499792933564397,1.1404300115462729,0.8975706511272034,0.8975706511272034,0.9084913439151577,0.8907600405323810,0.9117908403906024,0.9117908403906024,0.9091499201179286,0.8757130671711281,0.9746226606640203,0.9746226606640203,1.1684164999543372,1.0242109920740761,0.7272409382631184,0.7272409382631184,0.7934084300977482,0.8023878549405553,1.4853616458733887,1.4853616458733887,1.4621933070960274,1.4766649456707139,1.3698017376787432,1.3698017376787432,1.3571465818238329,1.3706262166820105
214,1.1618855129618133,1.1618855129618133,1.1441194880738226,1.1346764216099083,0.8788144326624087,0.8788144326624087,0.8903111689461914,0.8735005316254126,0.9130853280000444,0.9130853280000444,0.9095546505927280,0.8759359911071657,0.9208936062114269,0.9208936062114269,1.1301975907268313,0.9867821611979692,0.7412918253348885,0.7412918253348885,0.7987850324598574,0.8087064132887684,1.5054584209690101,1.5054584209690101,1.4772296058618219,1.4952839045622224,1.3693210128840005,1.3693210128840005,1.3585743128018155,1.3713010470864746
215,1.1555251527906267,1.1555251527906267,1.1375440671844410,1.1286067417097410,0.8608201267831949,0.8608201267831949,0.8725368014542111,0.8558838942456427,0.9139637303064515,0.9139637303064515,0.9090921014786716,0.8771959959630306,0.8644034753494643,0.8644034753494643,1.0930125564108000,0.9515387022821913,0.7477079191763345,0.7477079191763345,0.8073465011893307,0.8175109618067701,1.5226306653604178,1.5226306653604178,1.4943864082997156,1.5106435698112968,1.3671341863667390,1.3671341863667390,1.3574644159284721,1.3705095166872536
216,1.1490855465284666,1.1490855465284666,1.1311297534735458,1.1221118455487435,0.8421391589441365,0.8421391589441365,0.8546305465322102,0.8387570330571436,0.9142688595286771,0.9142688595286771,0.9082633676493203,0.8771959959630306,0.8101893669330629,0.8101893669330629,1.0535529972895246,0.9147342633947498,0.7601458217628249,0.7601458217628249,0.8167983626666692,0.8285598070058310,1.5420056812758327,1.5420056812758327,1.5095672868613352,1.5285989599372798,1.3654092326914853,1.3654092326914853,1.3573685611985014,1.3697585775905565
217,1.1420464263606802,1.1420464263606802,1.1243520119414141,1.1153723559633748,0.8247280454143797,0.8247280454143797,0.8367040012363600,0.8212067195366082,0.9147774082323865,0.9147774082323865,0.9092366480768141,0.8779713835666397,0.7551543979625246,0.7551543979625246,1.0171261379085745,0.8827862066413724,0.7671354211990370,0.7671354211990370,0.8239557505245089,0.8350164759190323,1.5564408648799637,1.5564408648799637,1.5231577876688802,1.5411091828402743,1.3622373916438195,1.3622373916438195,1.3560165050073376,1.3684038428688128
218,1.1353828637544641,1.1353828637544641,1.1174693634093378,1.1085275030567383,0.8060376712471042,0.8060376712471042,0.8186709314778011,0.8039727198062685,0.9143798156094864,0.9143798156094864,0.9096895607509945,0.8789018486909708,0.7013507198231916,0.7013507198231916,0.9795275536279533,0.8508034614441802,0.7771359250077713,0.7771359250077713,0.8367979536187188,0.8466868186605404,1.5755253024241265,1.5755253024241265,1.5380687839449598,1.5579326027191844,1.3583727413331419,1.3583727413331419,1.3544172445125655,1.3661358038402753
219,1.1279199492740797,1.1279199492740797,1.1102083003417471,1.1011182037861682,0.7876953312238597,0.7876953312238597,0.8007494587754134,0.7861418053428176,0.9127062280572793,0.9127062280572793,0.9096895607509945,0.8796772362945798,0.6491887627921323,0.6491887627921323,0.9428939192647082,0.8224976912913505,0.7876024021122530,0.7876024021122530,0.8425170147300070,0.8526601005962827,1.5878420759668721,1.5878420759668721,1.5490664870807109,1.5680129929366520,1.3547013235379983,1.3547013235379983,1.3531307731366446,1.3642584560985331
220,1.1202709787540177,1.1202709787540177,1.1035954126666712,1.0939948906733246,0.7692495215902275,0.7692495215902275,0.7829548009095836,0.7685455753043506,0.9098491089764394,0.9098491089764394,0.9079550015732827,0.8788436946207000,0.5999744413872916,0.5999744413872916,0.9075698597893308,0.7936369060374852,0.7992158904062671,0.7992158904062671,0.8560098894476569,0.8670581269963090,1.6044050431282355,1.6044050431282355,1.5626377105821461,1.5825627139572176,1.3496207222759125,1.3496207222759125,1.3509362043188975,1.3608640084249504
221,1.1124118338187652,1.1124118338187652,1.0966453239203446,1.0871124080090926,0.7508930720746574,0.7508930720746574,0.7652666675064627,0.7513625939272683,0.9071399313366787,0.9071399313366787,0.9062686245949516,0.8787564635152940,0.5489318396573281,0.5489318396573281,0.8719011753434619,0.7684530958279824,0.8087504209192539,0.8087504209192539,0.8621399010579597,0.8714776650759335,1.6146409005929829,1.6146409005929829,1.5723920274738026,1.5909451488040758,1.3453366160168807,1.3453366160168807,1.3493571237672770,1.3580835042020454
222,1.1044114241126466,1.1044114241126466,1.0897401953168517,1.0798611537204237,0.7329269851800947,0.7329269851800947,0.7477256393137490,0.7339398262898764,0.9023503271817434,0.9023503271817434,0.9042931544203353,0.8767210710558200,0.4997175182524874,0.4997175182524874,0.8387827156792300,0.7451771500282903,0.8207223502099967,0.8207223502099967,0.8750848417769234,0.8854958874222421,1.6276044453491603,1.6276044453491603,1.5844114278333832,1.6026844609353572,1.3383755324694775,1.3383755324694775,1.3457550039146988,1.3527508218329340
223,1.0961973945091208,1.0961973945091208,1.0829999205704144,1.0734941987352513,0.7149138666444468,0.7149138666444468,0.7301389577798746,0.7169864275024523,0.8962384963971637,0.8962384963971637,0.9013540402581013,0.8745209087305790,0.4527045956064683,0.4527045956064683,0.8043891436241796,0.7213461891275625,0.8337337583912531,0.8337337583912531,0.8835435728816429,0.8917799181292080,1.6354219408854234,1.6354219408854234,1.5912355941963208,1.6098666169857503,1.3334693117701903,1.3334693117701903,1.3431770161770693,1.3487728741855665
224,1.0877249537393767,1.0877249537393767,1.0757051373956987,1.0667396572468442,0.6974604246377133,0.6974604246377133,0.7127906881387293,0.7002983241519666,0.8879907610570047,0.8879907610570047,0.8976054651462684,0.8718845908783079,0.4083408138397089,0.4083408138397089,0.7715119214392917,0.6978621126649821,0.8398989435349890,0.8398989435349890,0.8926187297348845,0.9021036828620805,1.6454234609539999,1.6454234609539999,1.6026766753726016,1.6190882711537142,1.3259520956171043,1.3259520956171043,1.3390048129304555,1.3433184179088826
225,1.0797624443376368,1.0797624443376368,1.0692233834705533,1.0603877541647100,0.6806795350984988,0.6806795350984988,0.6959699682176657,0.6834316565650800,0.8794933745350247,0.8794933745350247,0.8928450638474369,0.8680076528602622,0.3668500440124286,0.3668500440124286,0.7443554737645626,0.6804832023137963,0.8588604722619440,0.8588604722619440,0.9042280813320503,0.9135668597561063,1.6532503299861099,1.6532503299861099,1.6080646824303446,1.6266217283152680,1.3201456941747203,1.3201456941747203,1.3363208804912796,1.3387823398518079
226,1.0714829505720023,1.0714829505720023,1.0621459076528659,1.0534751676944014,0.6624641805061843,0.6624641805061843,0.6779521162394937,0.6657435934907497,0.8693963711813771,0.8693963711813771,0.8884412108240241,0.8631130186124795,0.3257697044622166,0.3257697044622166,0.7132013764321321,0.6642490106084969,0.8616563120364288,0.8616563120364288,0.9080978651977722,0.9169850962395658,1.6604116808130944,1.6604116808130944,1.6169900751592714,1.6339112263718492,1.3127463027262278,1.3127463027262278,1.3318157081826629,1.3326124618681356
227,1.0633895128460451,1.0633895128460451,1.0554056329064285,1.0472098130547371,0.6574364980741718,0.6574364980741718,0.6730570635483518,0.6619376243377498,0.8596692214304273,0.8596692214304273,0.8820522511861186,0.8563380694259445,0.3339409981602152,0.3339409981602152,0.6892154784859247,0.6469741655887554,0.9770026247837655,0.9770026247837655,1.0108012440765337,1.0149400144574907,1.6680135859448804,1.6680135859448804,1.6223877208700694,1.6412983080704193,1.3118743999122335,1.3118743999122335,1.3283144880458431,1.3275537707910625
228,1.0549136265940848,1.0549136265940848,1.0482532235173518,1.0400827369661338,0.6546240059372743,0.6546240059372743,0.6701707578682899,0.6592744662977151,0.8489249742720588,0.8489249742720588,0.8739961874496345,0.8489234254664320,0.3474105736167334,0.3474105736167334,0.6636787681725055,0.6347985218097809,1.0929941313252141,1.0929941313252141,1.1119293127090721,1.1185919934811812,1.6725316109430564,1.6725316109430564,1.6281516353969574,1.6459237727006997,1.3097158513240748,1.3097158513240748,1.3230677028264015,1.3208866493514693
229,1.0465273228797467,1.0465273228797467,1.0409659336997752,1.0333018546474100,0.6516563093847956,0.6516563093847956,0.6669496610197146,0.6560756155484780,0.8398080829655602,0.8398080829655602,0.8676361371313577,0.8419449370339497,0.3621114399044568,0.3621114399044568,0.6477915570328480,0.6307399738834560,1.2211009435560971,1.2211009435560971,1.2229201933179639,1.2287006414180732,1.6796086003074193,1.6796086003074193,1.6338095247402404,1.6530864120226951,1.3090984498720031,1.3090984498720031,1.3193747732296406,1.3152343104749802
230,1.0381031188610301,1.0381031188610301,1.0338060309535597,1.0263328235407081,0.6488767393966577,0.6488767393966577,0.6638350886338482,0.6525961638563254,0.8311904940227035,0.8311904940227035,0.8601968055469489,0.8353929117834523,0.3764018759151118,0.3764018759151118,0.6261146463889334,0.6228310086936949,1.3302103829603522,1.3302103829603522,1.3200072487101910,1.3272770571784451,1.6829174443413533,1.6829174443413533,1.6389180108593886,1.6573996089986105,1.3069069103665578,1.3069069103665578,1.3138202438771356,1.3086737412045131
231,1.0297616064155033,1.0297616064155033,1.0265974213859415,1.0193826073128041,0.6456409624899930,0.6456409624899930,0.6606596451264339,0.6492901745652478,0.8214540979316862,0.8214540979316862,0.8532296595164729,0.8274064194662781,0.3966248950215740,0.3966248950215740,0.6107443727050131,0.6214781593849199,1.4135837587994777,1.4135837587994777,1.3980878435229873,1.4052059434730721,1.6883259514449789,1.6883259514449789,1.6433614299177419,1.6626203338450241,1.3052573645022443,1.3052573645022443,1.3088105729897264,1.3024683458311324
232,1.0212753837168942,1.0212753837168942,1.0189129836400033,1.0117061367633051,0.6421135894085997,0.6421135894085997,0.6571392652635817,0.6459688797681929,0.8156843817296019,0.8156843817296019,0.8481608921416037,0.8216394741644351,0.4092736099239553,0.4092736099239553,0.5930306492217506,0.6165524003632266,1.4779239177123022,1.4779239177123022,1.4513059331453932,1.4574807923211293,1.6890195901376450,1.6890195901376450,1.6446722867332215,1.6630399435055769,1.3020431065609246,1.3020431065609246,1.3025800155416394,1.2948270331309593
233,1.0135127122836964,1.0135127122836964,1.0113746663582734,1.0045752976989424,0.6392446593024000,0.6392446593024000,0.6539029506346195,0.6426730941477669,0.8100626069685967,0.8100626069685967,0.8433233993237628,0.8167739169517876,0.4220715721998161,0.4220715721998161,0.5764886506381594,0.6144017168467125,1.5394323927509690,1.5394323927509690,1.5120923611246535,1.5181803856334704,1.6926565065262182,1.6926565065262182,1.6477662943638753,1.6677629917778463,1.2997384553390694,1.2997384553390694,1.2970961159901653,1.2878859203993283
234,1.0056363399373625,1.0056363399373625,1.0035928149695297,0.9968273306100119,0.6362675564217042,0.6362675564217042,0.6510978064499547,0.6398670847186115,0.8039600225240845,0.8039600225240845,0.8386015437844361,0.8126352856175239,0.4356530831864439,0.4356530831864439,0.5596020270840765,0.6082618622915031,1.5999013888991223,1.5999013888991223,1.5577421123902051,1.5642057314158087,1.6922440727089574,1.6922440727089574,1.6487879915877051,1.6678800921482331,1.2965807532559548,1.2965807532559548,1.2916122164386910,1.2814116076467248
235,0.9977668585554612,0.9977668585554612,0.9953913355810075,0.9889740001998140,0.6335679402234112,0.6335679402234112,0.6486731067749643,0.6374028982562805,0.7972749186553233,0.7972749186553233,0.8325980417415777,0.8064903388589213,0.4403543754510458,0.4403543754510458,0.5387177538722924,0.5946986807599390,1.6529865005146616,1.6529865005146616,1.6121588076347373,1.6211763394734668,1.6963027964106383,1.6963027964106383,1.6521133268916788,1.6717541627351979,1.2935503018538015,1.2935503018538015,1.2853766140048162,1.2747343383815006
236,0.9897354395093964,0.9897354395093964,0.9864667472285820,0.9811244327653755,0.6315596891490713,0.6315596891490713,0.6466795775442712,0.6355815430449924,0.7856985008908849,0.7856985008908849,0.8228845103463912,0.7958869133795662,0.4456153453661955,0.4456153453661955,0.5201080054657521,0.5792970117061935,1.7132762761644504,1.7132762761644504,1.6555825770306258,1.6624713984049573,1.6943156152911087,1.6943156152911087,1.6506771675864842,1.6704270252041471,1.2905339894161996,1.2905339894161996,1.2803518081600431,1.2688384516898665
237,0.9810045875734339,0.9810045875734339,0.9762645414839746,0.9712691992510926,0.6295937665517082,0.6295937665517082,0.6441838615608082,0.6337193731510984,0.7677883401802482,0.7677883401802482,0.8053847355312536,0.7791870028668341,0.4361754489936219,0.4361754489936219,0.4949503826198735,0.5574779805467207,1.7647125591950372,1.7647125591950372,1.7079787656550023,1.7170595992165678,1.6982337365550870,1.6982337365550870,1.6531543014216183,1.6737936608527688,1.2862923000508217,1.2862923000508217,1.2736520670336791,1.2618263041788182
238,0.9710988262017324,0.9710988262017324,0.9656614411324361,0.9606425557061001,0.6274397173900041,0.6274397173900041,0.6422613486385877,0.6317857775626441,0.7414917490284408,0.7414917490284408,0.7805709028500976,0.7556927584774769,0.3991994122140941,0.3991994122140941,0.4503214489412259,0.5135970991210719,1.8219555863726309,1.8219555863726309,1.7504436505531897,1.7579403264530933,1.6944280972412706,1.6944280972412706,1.6502627055051193,1.6711979359758604,1.2825313354801866,1.2825313354801866,1.2681479875390533,1.2559710087897082
239,0.9596357068682885,0.9596357068682885,0.9542902716741609,0.9495869329245180,0.6252574492436489,0.6252574492436489,0.6398975200851451,0.6297042287497434,0.7116815486510053,0.7116815486510053,0.7524999534907937,0.7290678866385477,0.3675589690364559,0.3675589690364559,0.4093455399497882,0.4738441425093775,1.8714562880208820,1.8714562880208820,1.7978741873144717,1.8062099689164910,1.6954873022719634,1.6954873022719634,1.6513711506064441,1.6716273040006122,1.2762913391248976,1.2762913391248976,1.2603030346388304,1.2478730439361385
240,0.9481209053016009,0.9481209053016009,0.9429678090372885,0.9387269848824330,0.6233009329745027,0.6233009329745027,0.6372597714847371,0.6278828735384553,0.6874376449941703,0.6874376449941703,0.7290544952720548,0.7058159508753183,0.3575220831699645,0.3575220831699645,0.3876341668088245,0.4474809252101735,1.9258317872246453,1.9258317872246453,1.8357843708485795,1.8471252237942635,1.6910067712571748,1.6910067712571748,1.6450192782432014,1.6663089955122097,1.2712013118864440,1.2712013118864440,1.2540573422333796,1.2416625746499423
241,0.9361099542957741,0.9361099542957741,0.9316415997218467,0.9272762496460973,0.6213161977207056,0.6213161977207056,0.6350024673940032,0.6259084632673950,0.6672066529266054,0.6672066529266054,0.7105428942699186,0.6876524962607741,0.3563281041821291,0.3563281041821291,0.3792942425229305,0.4308651606229120,1.9710311969121503,1.9710311969121503,1.8771191418744764,1.8896632778106481,1.6869949150347279,1.6869949150347279,1.6429276905302670,1.6631863189685605,1.2629064526830387,1.2629064526830387,1.2449612328577515,1.2334986489297708
242,0.9247949906976287,0.9247949906976287,0.9200268961565573,0.9164802721919247,0.6197782630572181,0.6197782630572181,0.6333031485841250,0.6253421595462382,0.6499529823607570,0.6499529823607570,0.6935923965277230,0.6715632034858842,0.3606189661696625,0.3606189661696625,0.3734700805216244,0.4217420998996348,2.0232202060358677,2.0232202060358677,1.9138992115362936,1.9278163213886557,1.6813708175266249,1.6813708175266249,1.6341854322093852,1.6569312075170630,1.2562281484266604,1.2562281484266604,1.2370557401280735,1.2266032014134793
243,0.9130114415180742,0.9130114415180742,0.9082398453770733,0.9052553155011626,0.6187435669533428,0.6187435669533428,0.6318574594473629,0.6246381062712865,0.6330599190575391,0.6330599190575391,0.6781162740865826,0.6547372924875656,0.3686783243375515,0.3686783243375515,0.3744694929360497,0.4195914163831208,2.0615733926858524,2.0615733926858524,1.9499943636997530,1.9650025910117452,1.6748374909213786,1.6748374909213786,1.6298480383346368,1.6493001667135203,1.2473347397239183,1.2473347397239183,1.2277931462214438,1.2171403540125347
244,0.9013381477694394,0.9013381477694394,0.8968162224188257,0.8941169072528703,0.6173373208848940,0.6173373208848940,0.6306603273902546,0.6233575456045265,0.6170452580607282,0.6170452580607282,0.6633050659968984,0.6398304658081798,0.3796106944449195,0.3796106944449195,0.3765372427589986,0.4216033461243758,2.1112891589321405,2.1112891589321405,1.9856100736143620,2.0022233882760818,1.6685291282164565,1.6685291282164565,1.6201129987490903,1.6432987727311945,1.2391341402841878,1.2391341402841878,1.2190955907230616,1.2092656413228480
245,0.8892686235659365,0.8892686235659365,0.8849355046751056,0.8826134903559008,0.6160956855602436,0.6160956855602436,0.6297523331604987,0.6226841033415292,0.6022418676127522,0.6022418676127522,0.6504211458824496,0.6261157975693430,0.3899833869017396,0.3899833869017396,0.3763304677767037,0.4203198737032304,2.1455202741197437,2.1455202741197437,2.0166025904150553,2.0303288882511930,1.6599523795165994,1.6599523795165994,1.6124117149581481,1.6338917096434513,1.2291049014291613,1.2291049014291613,1.2092830933655481,1.1993562895941376
246,0.8775333111374094,0.8775333111374094,0.8734706682525941,0.8710762066770953,0.6152208970360581,0.6152208970360581,0.6281950469675656,0.6210566178726191,0.5881966770503066,0.5881966770503066,0.6379515926826764,0.6118486656629346,0.4000202727682309,0.4000202727682309,0.3805348924166999,0.4265291051460692,2.1920459154951457,2.1920459154951457,2.0522183003296641,2.0669972432555768,1.6525941852768313,1.6525941852768313,1.6028116165153716,1.6264265610312900,1.2189531248813570,1.2189531248813570,1.1997127553258549,1.1903653160850365
247,0.8650813384079035,0.8650813384079035,0.8616049372231517,0.8590948918586618,0.6129351592793153,0.6129351592793153,0.6267848659850397,0.6193832158857774,0.5761579422824961,0.5761579422824961,0.6266287758281683,0.6002081592637523,0.4160643654172692,0.4160643654172692,0.3887714292114464,0.4309692259543562,2.2256676809883094,2.2256676809883094,2.0781766735174272,2.0906832051510635,1.6411678938395353,1.6411678938395353,1.5920741570121055,1.6141700555974667,1.2071046725874017,1.2071046725874017,1.1882858625162054,1.1791874861524463
248,0.8527051662871549,0.8527051662871549,0.8497541929079871,0.8471135770402285,0.6115947575083859,0.6115947575083859,0.6254355561240618,0.6180822478777145,0.5641007148345506,0.5641007148345506,0.6154794148914314,0.5892073476375475,0.4303921132712941,0.4303921132712941,0.3993514158055350,0.4390169449193764,2.2677844981039468,2.2677844981039468,2.1114636639376192,2.1244857659319409,1.6323286872559668,1.6323286872559668,1.5806812691010996,1.6048996096085082,1.1943230486330632,1.1943230486330632,1.1763645610993394,1.1671064997386935
249,0.8401636110200266,0.8401636110200266,0.8377723148428918,0.8349064836762216,0.6097276013573018,0.6097276013573018,0.6237920358422691,0.6163272165256609,0.5517106191441773,0.5517106191441773,0.6052166064233029,0.5777994575194478,0.4473316901612089,0.4473316901612089,0.4092421524586407,0.4494581665076137,2.3035927536771568,2.3035927536771568,2.1298536987685277,2.1457547929401333,1.6158688285489187,1.6158688285489187,1.5653268947844901,1.5887007250383280,1.1814801558323358,1.1814801558323358,1.1644886645545647,1.1555532002577547
250,0.8273464171755988,0.8273464171755988,0.8252921285280599,0.8228009906577227,0.6082978394683104,0.6082978394683104,0.6225999763786231,0.6152099145893245,0.5409201402854715,0.5409201402854715,0.5957343495851446,0.5685723450364989,0.4606893300876175,0.4606893300876175,0.4193396640940413,0.4607665991912197,2.3338810179007425,2.3338810179007425,2.1574901198272678,2.1743091522514564,1.6037207779314162,1.6037207779314162,1.5515436209158451,1.5761319519501400,1.1660498325187281,1.1660498325187281,1.1507108083677424,1.1421682182504134
251,0.8149151173393903,0.8149151173393903,0.8128756357489086,0.8107368903725791,0.6071643769181561,0.6071643769181561,0.6212658842980321,0.6140824089823366,0.5308416296119589,0.5308416296119589,0.5874759206112607,0.5593549248985952,0.4752036371584917,0.4752036371584917,0.4305055131379654,0.4700977905773853,2.3671084982975050,2.3671084982975050,2.1710857321696713,2.1899847013776239,1.5833802919437769,1.5833802919437769,1.5325651130505569,1.5567030488301226,1.1516610795937299,1.1516610795937299,1.1373718659444696,1.1289405275403530
252,0.8021840605503686,0.8021840605503686,0.8006839436839243,0.7984056188085068,0.6056076295982346,0.6056076295982346,0.6200738248343861,0.6127661354682965,0.5215583041842463,0.5215583041842463,0.5799113153084617,0.5510292005048419,0.4906134284702424,0.4906134284702424,0.4442905119576249,0.4803308815027342,2.3884715817025430,2.3884715817025430,2.1938592389900702,2.2118752259282637,1.5657299992641804,1.5657299992641804,1.5158227726940279,1.5405431977167379,1.1344398207702959,1.1344398207702959,1.1215306105703859,1.1130896239046690
253,0.7895770411211317,0.7895770411211317,0.7883124110476063,0.7862474441293742,0.6039944443090107,0.6039944443090107,0.6189477090857504,0.6117049537205431,0.5132273517834803,0.5132273517834803,0.5738018124269655,0.5447000991903823,0.5050158000110070,0.5050158000110070,0.4556286734867949,0.4919515101806728,2.4144227098657103,2.4144227098657103,2.2008111515984026,2.2238217897997483,1.5419869342841390,1.5419869342841390,1.4931237447495112,1.5180208931456680,1.1179726400562626,1.1179726400562626,1.1058911546278194,1.0977156680736440
254,0.7767288379367576,0.7767288379367576,0.7755961839828992,0.7735775047469416,0.6029597482051353,0.6029597482051353,0.6178926096455871,0.6107407068439789,0.5049426310830516,0.5049426310830516,0.5682030408589066,0.5369171461191554,0.5162466648653338,0.5162466648653338,0.4675871599628494,0.5044393499539800,2.4269323006515462,2.4269323006515462,2.2100575378262337,2.2341455545326210,1.5192843273430965,1.5192843273430965,1.4738849932517382,1.4968550011982458,1.0974664284687528,1.0974664284687528,1.0870178627951932,1.0788965254408807
255,0.7638599618590862,0.7638599618590862,0.7632021712751647,0.7613892262617326,0.6018450983114151,0.6018450983114151,0.6171012850654647,0.6099805333804440,0.4961678543590484,0.4961678543590484,0.5621128108571627,0.5291826547731542,0.5307982837795778,0.5307982837795778,0.4794422589477566,0.5148805715422173,2.4445675976906047,2.4445675976906047,2.2119753068216355,2.2338693334026445,1.4911919602901220,1.4911919602901220,1.4462702522491730,1.4717564884786654,1.0781573158799160,1.0781573158799160,1.0688306890297248,1.0607674349510283
256,0.7505845188798979,0.7505845188798979,0.7501037829963738,0.7484144858427758,0.6010972952181598,0.6010972952181598,0.6161324197141610,0.6095315718717792,0.4889649554465104,0.4889649554465104,0.5576318663147403,0.5236483257523938,0.5472528067056845,0.5472528067056845,0.4926413953175806,0.5314269592418494,2.4445317535909319,2.4445317535909319,2.2102972589506589,2.2332133082189500,1.4609436891923748,1.4609436891923748,1.4221832582647367,1.4449307452958788,1.0545923749611505,1.0545923749611505,1.0466226615912801,1.0389343881058464
257,0.7375847144780092,0.7375847144780092,0.7375599031458613,0.7360719253514248,0.6000155674731992,0.6000155674731992,0.6155237084986822,0.6086234451837980,0.4823445759582214,0.4823445759582214,0.5526787362183853,0.5191123082712803,0.5600134571381754,0.5600134571381754,0.5067710191077315,0.5468633167394096,2.4528834288147134,2.4528834288147134,2.2030028875931476,2.2278269961844077,1.4292518997342145,1.4292518997342145,1.3903949804893583,1.4167583478536439,1.0308106365859322,1.0308106365859322,1.0248182330158697,1.0169795673530919
258,0.7237579943442218,0.7237579943442218,0.7241842606529312,0.7224988717866982,0.5988256669537425,0.5988256669537425,0.6140323660207592,0.6073888010349696,0.4774347693824093,0.4774347693824093,0.5507610846830260,0.5168442995307235,0.5684086218963931,0.5684086218963931,0.5211418803772265,0.5575126689905354,2.4426320163082691,2.4426320163082691,2.1893387835009084,2.2140849949680756,1.3892645664516021,1.3892645664516021,1.3585103161834298,1.3816575118301868,1.0022734931333070,1.0022734931333070,0.9977771091925933,0.9900979772564676
259,0.7104722149183849,0.7104722149183849,0.7112694596240433,0.7094488718525503,0.5978897372961463,0.5978897372961463,0.6136214859503111,0.6067867844665327,0.4734126114530716,0.4734126114530716,0.5497010762966466,0.5142564434036780,0.5769903458714600,0.5769903458714600,0.5293784171719731,0.5672948101462928,2.4389042299422892,2.4389042299422892,2.1734486975390057,2.1994107474380731,1.3486679559389454,1.3486679559389454,1.3216521069011231,1.3461370661461771,0.9716532089034631,0.9716532089034631,0.9687432159830868,0.9615825872332461
260,0.6952052832182075,0.6952052832182075,0.6961815850248755,0.6942803165657712,0.5964976007200230,0.5964976007200230,0.6126272576316957,0.6059449816377861,0.4698805095473085,0.4698805095473085,0.5483712475937341,0.5145665984451216,0.5865048659307734,0.5865048659307734,0.5396482412926193,0.5799907805824883,2.4143510216663646,2.4143510216663646,2.1410863457415967,2.1702003629430555,1.2949203307531745,1.2949203307531745,1.2776805716642290,1.2981259142875707,0.9307350454921184,0.9307350454921184,0.9293570119367587,0.9218893672774342
261,0.6800072611623551,0.6800072611623551,0.6819779265680974,0.6797665190611550,0.5959285178628916,0.5959285178628916,0.6121808694070112,0.6054245944345609,0.4681052122543595,0.4681052122543595,0.5482845196348485,0.5164759904190093,0.5945642240986625,0.5945642240986625,0.5510208653188384,0.5901544946202079,2.3887941785995990,2.3887941785995990,2.1097856160666426,2.1399886768518730,1.2377232590957670,1.2377232590957670,1.2283788612879216,1.2471970115334921,0.8867534397613343,0.8867534397613343,0.8873423702949219,0.8798773691649298
262,0.6677103351325802,0.6677103351325802,0.6695764205032240,0.6676158703335415,0.5953312160211091,0.5953312160211091,0.6120388367900662,0.6049093090666614,0.4653867882745313,0.4653867882745313,0.5477930612011634,0.5174064555433402,0.6092277785430160,0.6092277785430160,0.5630138142919422,0.6035789223765130,2.3425194459219072,2.3425194459219072,2.0517046122058957,2.0798415257994849,1.1550209052391123,1.1550209052391123,1.1606962395357361,1.1723015663069056,0.8526314053109616,0.8526314053109616,0.8549031116785661,0.8472368880226905
263,0.6557889666643758,0.6557889666643758,0.6579542235807957,0.6557662596666928,0.5949079312513418,0.5949079312513418,0.6116583922803920,0.6050980769737138,0.4615495571465425,0.4615495571465425,0.5474461493656211,0.5177941493451448,0.6210556328912605,0.6210556328912605,0.5775914505437321,0.6152342394982664,2.2850971982459494,2.2850971982459494,1.9972194252115276,2.0251842697053806,1.0575271749361470,1.0575271749361470,1.0751531936726419,1.0830613257079307,0.8218131755774000,0.8218131755774000,0.8256522840801788,0.8181024806359755
264,0.6446945139280700,0.6446945139280700,0.6472087494436183,0.6448987856730886,0.5950819483233573,0.5950819483233573,0.6121504338462374,0.6051797063389255,0.4582023820421282,0.4582023820421282,0.5458272274664233,0.5181139967316336,0.6304582174204644,0.6304582174204644,0.5934441991863405,0.6269589335076492,2.2274240418722808,2.2274240418722808,1.9194812891479103,1.9506045646117189,0.9783023880386693,0.9783023880386693,1.0010223130266638,1.0118447837843310,0.7949915598236609,0.7949915598236609,0.7996201574144874,0.7926415861276969
265,0.6337619988559277,0.6337619988559277,0.6364707686635798,0.6337302736187198,0.5953547318416517,0.5953547318416517,0.6126830561597812,0.6050062439378504,0.4545223386952860,0.4545223386952860,0.5442853970862350,0.5195872331784910,0.6496738167559405,0.6496738167559405,0.6078495229528846,0.6404874265953986,2.1443015747308656,2.1443015747308656,1.8296886051131944,1.8624554965079607,0.9139814595376647,0.9139814595376647,0.9454362008584988,0.9546705279429539,0.7668927242721247,0.7668927242721247,0.7732550616867930,0.7656179264722380
266,0.6234737889582230,0.6234737889582230,0.6269729384900287,0.6237094691710162,0.5951007609797914,0.5951007609797914,0.6134794533333660,0.6052766412101145,0.4501765588635879,0.4501765588635879,0.5421846531932284,0.5198101571145286,0.6643000593569242,0.6643000593569242,0.6244949090276234,0.6563747338625505,2.0467339354212788,2.0467339354212788,1.6875682242039380,1.7195801170276035,0.8476827234129772,0.8476827234129772,0.8866500558760750,0.8958471085519620,0.7410278451196876,0.7410278451196876,0.7490088599900270,0.7411616667014324
267,0.6134991179421965,0.6134991179421965,0.6179884032804919,0.6141138809841428,0.5956839533292483,0.5956839533292483,0.6133881466510441,0.6056388715182418,0.4484844786312458,0.4484844786312458,0.5417221040791719,0.5223689362064388,0.6781427532471409,0.6781427532471409,0.6405888951495758,0.6766674734941747,1.8970131310876475,1.8970131310876475,1.5121950987494073,1.5458024986311227,0.7844772409177464,0.7844772409177464,0.8350639847257336,0.8400585404268293,0.7135652629729582,0.7135652629729582,0.7232945674289748,0.7146098809378170
268,0.6037518487524421,0.6037518487524421,0.6089102011067189,0.6047139675367663,0.5950396198463805,0.5950396198463805,0.6128605969309625,0.6049348182432901,0.4473009471026131,0.4473009471026131,0.5426761116269134,0.5254123325506047,0.6956420077876035,0.6956420077876035,0.6552009938984149,0.6923813385422528,1.6730233522318030,1.6730233522318030,1.3807936766894513,1.4139759643498266,0.7176160950422487,0.7176160950422487,0.7766055539471798,0.7815571470544012,0.6864420159754590,0.6864420159754590,0.6974390152658607,0.6889967690450727
269,0.5942250904245274,0.5942250904245274,0.5995697314330846,0.5956640108350287,0.5949784787129697,0.5949784787129697,0.6125511687297608,0.6051541971622968,0.4481238713686155,0.4481238713686155,0.5447383097604154,0.5314215864785756,0.7174694361589696,0.7174694361589696,0.6772225295128209,0.7121537515166558,1.4691062691927730,1.4691062691927730,1.2483306325070407,1.2836341186421545,0.6458713578305481,0.6458713578305481,0.7181856777808459,0.7175520362737914,0.6568680151224080,0.6568680151224080,0.6690710601803602,0.6601160572991336
270,0.5853185188955365,0.5853185188955365,0.5910235576161733,0.5872725748912139,0.5943952863635127,0.5943952863635127,0.6127895806224900,0.6049297164079644,0.4471160203012643,0.4471160203012643,0.5449503114376912,0.5364519135569900,0.7417221343493763,0.7417221343493763,0.7002779400387014,0.7334524560189075,1.2657985358481820,1.2657985358481820,1.0890188223890018,1.1258427981430650,0.5630940160071188,0.5630940160071188,0.6459054185214269,0.6428615166953821,0.6250459189057069,0.6250459189057069,0.6380696225135630,0.6293630717242678
271,0.5796196913098689,0.5796196913098689,0.5863027426186685,0.5822640541552420,0.5949643692206441,0.5949643692206441,0.6139816400861360,0.6058123339193169,0.4480868860083458,0.4480868860083458,0.5474365129257449,0.5428197842516300,0.7695194576599194,0.7695194576599194,0.7248152379376953,0.7544736529706413,0.9254229653544872,0.9254229653544872,0.8515236798334128,0.8896737320131369,0.4786200714354118,0.4786200714354118,0.5736829911803379,0.5677025956354252,0.6002885919764518,0.6002885919764518,0.6140201752625261,0.6046937076152102
272,0.5787514297913754,0.5787514297913754,0.5863139826543770,0.5828811821798094,0.5960272843091706,0.5960272843091706,0.6148287631943440,0.6066337294067605,0.4624649448132193,0.4624649448132193,0.5513007253160920,0.5503216593165486,0.7948168874646820,0.7948168874646820,0.7472503235166911,0.7813225084832517,0.8270667558520969,0.8270667558520969,0.7801552765045235,0.8157845797444168,0.4636599720638578,0.4636599720638578,0.5548876177230947,0.5452388412495488,0.5942748190539828,0.5942748190539828,0.6086624003557500,0.5994472817639627
273,0.5791442147640272,0.5791442147640272,0.5865725034756688,0.5830467531132301,0.5973817955724255,0.5973817955724255,0.6161628552749350,0.6090264901745313,0.4781652302477372,0.4781652302477372,0.5566874952068750,0.5588024612310236,0.8156742079084318,0.8156742079084318,0.7749237086471574,0.8080326102206031,0.7840896803443105,0.7840896803443105,0.7546420996906932,0.7908901504052825,0.4633693936926059,0.4633693936926059,0.5505791398075113,0.5380078933781611,0.5929363304097969,0.5929363304097969,0.6072195344204036,0.5984933861546450
274,0.5795645635944090,0.5795645635944090,0.5868909711540720,0.5836262513802020,0.5993947498108739,0.5993947498108739,0.6181360941317786,0.6108427435504936,0.4951137715913599,0.4951137715913599,0.5637124598766080,0.5688146536626268,0.8467549734355222,0.8467549734355222,0.7991163815756599,0.8303372795934822,0.7471702576812412,0.7471702576812412,0.7299165779999743,0.7649944194699834,0.4636505985680110,0.4636505985680110,0.5473116364218675,0.5310794547969394,0.5916402586592648,0.5916402586592648,0.6061853123338790,0.5975090470684341
275,0.5836509055028745,0.5836509055028745,0.5908849305091037,0.5872725748912139,0.6120039327858275,0.6120039327858275,0.6316342653350207,0.6250360494266940,0.5547341723462311,0.5547341723462311,0.6108828330704950,0.6182649980828003,1.1012963689046829,1.1012963689046829,0.9933125524476127,1.0310099270617654,0.7135843362877501,0.7135843362877501,0.7090265943000595,0.7450374428291795,0.4643629842523707,0.4643629842523707,0.5444585951175885,0.5259758303209128,0.5906128272352066,0.5906128272352066,0.6052368550057491,0.5967175166692130
276,0.5926677324627850,0.5926677324627850,0.5992662504689593,0.5962096423201647,0.6473058825844106,0.6473058825844106,0.6672134358797555,0.6600448434319014,0.6589589175864464,0.6589589175864464,0.6995284434914482,0.7115828961771614,1.3170707591125628,1.3170707591125628,1.1740338869733484,1.2066375180958049,0.6829017869677625,0.6829017869677625,0.6868010214783469,0.7224218378123517,0.4657877556210901,0.4657877556210901,0.5423380914454893,0.5208136556596926,0.5897456374093960,0.5897456374093960,0.6045860518391069,0.5960274645263023
277,0.6016811139404795,0.6016811139404795,0.6081271452857042,0.6051918654582302,0.6803220946262508,0.6803220946262508,0.6992620813747134,0.6925129234448918,0.7415102417085757,0.7415102417085757,0.7699804554261789,0.7832868648209175,1.5016524482632425,1.5016524482632425,1.3195690120119035,1.3527452434434988,0.6560904004124462,0.6560904004124462,0.6660822671530215,0.7047091578526070,0.4671844065022691,0.4671844065022691,0.5402465037325550,0.5167444177887498,0.5892130697446319,0.5892130697446319,0.6040109234592834,0.5957534732342642
278,0.6116833488142359,0.6116833488142359,0.6175875086735609,0.6145428602207323,0.7097356829609616,0.7097356829609616,0.7281403559557192,0.7211240159516250,0.8143159233996203,0.8143159233996203,0.8289265581487543,0.8457152592564992,1.7258593150727100,1.7258593150727100,1.4569365252498101,1.4955228781849774,0.6301751163489518,0.6301751163489518,0.6462539055755614,0.6861678145029328,0.4695090334722850,0.4695090334722850,0.5390513107537355,0.5130850312141609,0.5890434021700168,0.5890434021700168,0.6036275045394012,0.5956164775882452
279,0.6216683562769111,0.6216683562769111,0.6273176329184179,0.6243868048077367,0.7376865872579212,0.7376865872579212,0.7562729592977636,0.7494443038447912,0.8804365012219039,0.8804365012219039,0.8841337221993728,0.9037336366965537,1.9675281245792702,1.9675281245792702,1.6488926338135683,1.6854767965145052,0.6039372353884017,0.6039372353884017,0.6291652139915327,0.6682479686957059,0.4720117568633908,0.4720117568633908,0.5390416721006804,0.5109869829113965,0.5889350034417905,0.5889350034417905,0.6032794005200344,0.5952765254296054
280,0.6321770770364554,0.6321770770364554,0.6375123453058864,0.6343210608129703,0.7653647080365865,0.7653647080365865,0.7832693017042476,0.7763666888587055,0.9497100810071853,0.9497100810071853,0.9418174512981690,0.9655029516690676,2.1191261441909970,2.1191261441909970,1.8192752192245594,1.8582946235995506,0.5847247979637366,0.5847247979637366,0.6141312749025776,0.6531939171119853,0.4760517335733781,0.4760517335733781,0.5390223947945705,0.5096208119235500,0.5894063022601658,0.5894063022601658,0.6034559750226117,0.5952968210808675
281,0.6427443709936759,0.6427443709936759,0.6475609372291464,0.6445939846365644,0.7923796826759498,0.7923796826759498,0.8102656441107317,0.8033553977318544,1.0299220810922518,1.0299220810922518,1.0087039804787141,1.0346772182560489,2.2312109216740454,2.2312109216740454,1.9235242727982342,1.9677366638350620,0.5667669040276223,0.5667669040276223,0.6004329249354203,0.6383125037345001,0.4812165297849860,0.4812165297849860,0.5413260328747146,0.5101672803186886,0.5900802595704425,0.5900802595704425,0.6040260584166472,0.5955657384600900
282,0.6535356212949522,0.6535356212949522,0.6582389711520737,0.6551303167633273,0.8203964312704288,0.8203964312704288,0.8372873494845272,0.8301655423686024,1.1223300037262751,1.1223300037262751,1.0919146388095036,1.1154241448268967,2.3364303199770409,2.3364303199770409,2.0150566649607731,2.0629911305503437,0.5502427740784234,0.5502427740784234,0.5854332317213832,0.6256753870380741,0.4858470367333242,0.4858470367333242,0.5436200323018038,0.5120604029732760,0.5911878117936245,0.5911878117936245,0.6042127228908004,0.5960020949622247
283,0.6655052265141840,0.6655052265141840,0.6697337810031407,0.6667692007876410,0.8518700054846732,0.8518700054846732,0.8691584542083038,0.8630723802196062,1.2251308125961042,1.2251308125961042,1.1828344490412344,1.2084512725699044,2.4252698190406692,2.4252698190406692,2.0984559078197131,2.1512385316150477,0.5332168267338040,0.5332168267338040,0.5733786837502848,0.6135907126016011,0.4907774955487612,0.4907774955487612,0.5464730736060828,0.5135631910599072,0.5915365729192222,0.5915365729192222,0.6047323564269567,0.5963268253824180
284,0.6781535917300158,0.6781535917300158,0.6820491134609169,0.6792585173336148,0.8870402666882176,0.8870402666882176,0.9065079598713894,0.9002647597442291,1.3042147591929425,1.3042147591929425,1.2526022737447566,1.2785656966262615,2.4933266213472871,2.4933266213472871,2.1756863637068551,2.2209969921264943,0.5171228259806797,0.5171228259806797,0.5616665945283653,0.6018167869363518,0.4965796894779541,0.4965796894779541,0.5492682829920318,0.5158173731898540,0.5920738535721701,0.5920738535721701,0.6054689243519936,0.5969153992690183
285,0.6927314269869443,0.6927314269869443,0.6967061200245982,0.6933057058440456,0.9322141579505930,0.9322141579505930,0.9517960743030108,0.9444466536651117,1.3683751129209281,1.3683751129209281,1.3071927056432999,1.3371559224239780,2.5327652397892253,2.5327652397892253,2.2211079348176330,2.2682079641583583,0.5019966159187231,0.5019966159187231,0.5501942264308711,0.5913549116384910,0.5029067991745699,0.5029067991745699,0.5531622988262503,0.5198475776040012,0.5932049707362709,0.5932049707362709,0.6064224266659114,0.5977931861861032
286,0.7083360159443136,0.7083360159443136,0.7122173693021138,0.7081544081912623,0.9756055500158378,0.9756055500158378,0.9917833285665044,0.9838430260504530,1.4278013405343830,1.4278013405343830,1.3597305758482174,1.3907158211432800,2.5558985826785365,2.5558985826785365,2.2554325818785852,2.2990806791534788,0.4871213145544768,0.4871213145544768,0.5382424160845264,0.5809275639818772,0.5089808244833212,0.5089808244833212,0.5563044997221792,0.5234874474501923,0.5938506501174450,0.5938506501174450,0.6069117902873401,0.5985542731084312
287,0.7227484680548624,0.7227484680548624,0.7263610809017806,0.7224160863199880,1.0091391101096159,1.0091391101096159,1.0224978819808714,1.0137550865652492,1.4850361855518541,1.4850361855518541,1.4113337113851459,1.4421724809877920,2.5677637488701506,2.5677637488701506,2.2775230424870894,2.3170839814933299,0.4732496479810712,0.4732496479810712,0.5269412773616217,0.5718467943338990,0.5151767052380813,0.5151767052380813,0.5599286332708580,0.5280836369878760,0.5952598335843872,0.5952598335843872,0.6082083516348368,0.5995436861074576
288,0.7360308019984831,0.7360308019984831,0.7399840041802942,0.7359364582240807,1.0377625668740944,1.0377625668740944,1.0499710481728137,1.0421059854703698,1.5341157586298404,1.5341157586298404,1.4572224380755012,1.4852840317484608,2.5786588071341487,2.5786588071341487,2.2914114287978964,2.3272130070872343,0.4611343422916368,0.4611343422916368,0.5172496947598579,0.5614194466772852,0.5221037186688948,0.5221037186688948,0.5639768675539565,0.5326115179761673,0.5960233376701553,0.5960233376701553,0.6089297846025100,0.6004265469373580
289,0.7498265127923243,0.7498265127923243,0.7531310992804879,0.7495057488130477,1.0652102326114421,1.0652102326114421,1.0768963742708251,1.0687834823886486,1.5747071915259143,1.5747071915259143,1.4946214612349444,1.5194980097577144,2.5669428883160141,2.5669428883160141,2.2975802157696941,2.3318959470022249,0.4471551434192125,0.4471551434192125,0.5063937524108858,0.5536852550379425,0.5293775514460414,0.5293775514460414,0.5678708833881750,0.5374809417114202,0.5974183821725462,0.5974183821725462,0.6102263459500067,0.6017153207925000
290,0.7633328030800008,0.7633328030800008,0.7666753423090431,0.7626611120684632,1.0917595940040614,1.0917595940040614,1.1023151401105267,1.0939967525684411,1.6090480985363969,1.6090480985363969,1.5265084407852145,1.5505522832822609,2.5618684776177134,2.5618684776177134,2.2896883039454390,2.3223219365093559,0.4353982787265069,0.4353982787265069,0.4967706615589578,0.5443627919012348,0.5365201552813321,0.5365201552813321,0.5722661091812534,0.5422625401688831,0.5988275656394884,0.5988275656394884,0.6111142634486814,0.6028417294375454
291,0.7767632927589201,0.7767632927589201,0.7798149440520978,0.7762567434877471,1.1147392538383110,1.1147392538383110,1.1233410400118562,1.1158581169392241,1.6376655210451323,1.6376655210451323,1.5521220979760932,1.5770317699455134,2.5497794403658798,2.5497794403658798,2.2858629667729837,2.3193734187851027,0.4249318016220252,0.4249318016220252,0.4874557835812909,0.5395289221266456,0.5438502290335597,0.5438502290335597,0.5773842339534566,0.5479419081326451,0.6001660542836742,0.6001660542836742,0.6122847001514800,0.6042776467643376
292,0.7897045239631326,0.7897045239631326,0.7927597185095413,0.7895400479189876,1.1343467450067486,1.1343467450067486,1.1433676390011083,1.1347706204917314,1.6644151828602445,1.6644151828602445,1.5767817476192305,1.6020380201619084,2.5399291137162376,2.5399291137162376,2.2819342421093807,2.3168411623866265,0.4134616897267027,0.4134616897267027,0.4797504617247649,0.5328650873659621,0.5514240136778051,0.5514240136778051,0.5831095938681246,0.5536115177322082,0.6018815819825604,0.6018815819825604,0.6137225211010384,0.6056222336604503
293,0.8031074497843219,0.8031074497843219,0.8054347321099845,0.8027104630774414,1.1532440583947989,1.1532440583947989,1.1615325961896876,1.1526627569790910,1.6852564333722606,1.6852564333722606,1.5954282587796331,1.6217619423287162,2.5334741648132528,2.5334741648132528,2.2711474805329970,2.3069896443432398,0.4037479387153515,0.4037479387153515,0.4721821233679105,0.5274442476901727,0.5592883766933024,0.5592883766933024,0.5894229116191473,0.5595738782577384,0.6033143303904213,0.6033143303904213,0.6152158368942642,0.6069262292540389
294,0.8157799333756676,0.8157799333756676,0.8183832532459975,0.8154293211447482,1.1705234833295171,1.1705234833295171,1.1791497132843360,1.1699987934159455,1.7051915425576671,1.7051915425576671,1.6143734995761974,1.6416409420162457,2.5223552354890355,2.5223552354890355,2.2713542555152921,2.3019945084339168,0.3931739293118511,0.3931739293118511,0.4639631133876162,0.5227830161218189,0.5675183060468265,0.5675183060468265,0.5956109268804550,0.5663656997401755,0.6051665347466363,0.6051665347466363,0.6164720383554574,0.6084128857089863
295,0.8283524979827420,0.8283524979827420,0.8310582668464407,0.8282046238484484,1.1867729153244684,1.1867729153244684,1.1952044715925889,1.1853910305936941,1.7258108809080646,1.7258108809080646,1.6345618411167884,1.6621305594416176,2.5136615759838588,2.5136615759838588,2.2625318562707100,2.2897494877673132,0.3832809578021354,0.3832809578021354,0.4577988559023954,0.5165335130561000,0.5757669823920443,0.5757669823920443,0.6023001521006226,0.5730013873954299,0.6069480442800950,0.6069480442800950,0.6182882332391103,0.6100974247637388
296,0.8408044707122480,0.8408044707122480,0.8435796666255365,0.8409197189399956,1.2010846437067078,1.2010846437067078,1.2096715081471345,1.2000486034845366,1.7442758220227479,1.7442758220227479,1.6528421675618963,1.6800807824651693,2.4948937187688212,2.4948937187688212,2.2601194814772696,2.2796204621734084,0.3739614918871859,0.3739614918871859,0.4533811380379872,0.5140475228863113,0.5849248878344053,0.5849248878344053,0.6099146880140699,0.5814618891558796,0.6086164420971436,0.6086164420971436,0.6197815490323361,0.6120508811977140
297,0.8533770353193224,0.8533770353193224,0.8560486129046601,0.8536159991527451,1.2155139511916602,1.2155139511916602,1.2253762575064870,1.2150531011775290,1.7616774340296752,1.7616774340296752,1.6714597694026705,1.6977014657571872,2.4738871509515921,2.4738871509515921,2.2408894081238446,2.2609233909572621,0.3650721551683110,0.3650721551683110,0.4472853723026022,0.5102494823491341,0.5940359257975322,0.5940359257975322,0.6178762154374970,0.5899028741879313,0.6100963203868420,0.6100963203868420,0.6218348582480213,0.6137354202524666
298,0.8658255625666121,0.8658255625666121,0.8684613590052419,0.8663800129291666,1.2306393269646743,1.2306393269646743,1.2404012793418884,1.2297820997629318,1.7799944337032796,1.7799944337032796,1.6891619094552079,1.7154481495347917,2.4504180014719523,2.4504180014719523,2.2308263589854929,2.2419835006344133,0.3558243774527072,0.3558243774527072,0.4464977171794907,0.5105257034791106,0.6039999518827213,0.6039999518827213,0.6267823308603138,0.5985195097755633,0.6120522104830995,0.6120522104830995,0.6241000568667996,0.6156229158198400
299,0.8781018157030896,0.8781018157030896,0.8810239722486016,0.8786849436629219,1.2434272301757516,1.2434272301757516,1.2537371275543361,1.2418530421436256,1.7970816701479138,1.7970816701479138,1.7080396951726389,1.7333014491078924,2.4334411127386675,2.4334411127386675,2.2077709484596126,2.2187075548347210,0.3482971165214018,0.3482971165214018,0.4413608359418068,0.5074182157668747,0.6139546044720636,0.6139546044720636,0.6356402530178556,0.6082290821534726,0.6137158953119645,0.6137158953119645,0.6259061617788766,0.6173429722643012
300,0.8904607604127570,0.8904607604127570,0.8934292249920446,0.8905608951600877,1.2565631675308599,1.2565631675308599,1.2684375034081485,1.2551586286731478,1.8128281872827690,1.8128281872827690,1.7250094657945867,1.7492453567071053,2.4095988448253292,2.4095988448253292,2.1933656246930684,2.2059768959547110,0.3405547909920592,0.3405547909920592,0.4381759695744427,0.5113198392277931,0.6249309681087113,0.6249309681087113,0.6460499983172519,0.6183094723709401,0.6149129943106377,0.6149129943106377,0.6277173116767415,0.6192710591341988
301,0.9024372565964213,0.9024372565964213,0.9059618648068488,0.9031442861000504,1.2693981023830225,1.2693981023830225,1.2828385962476843,1.2683264656488751,1.8269196095455518,1.8269196095455518,1.7398110374443947,1.7642491068369426,2.3704587211303498,2.3704587211303498,2.1698966642025983,2.1862738598679372,0.3336010356555199,0.3336010356555199,0.4387581494480469,0.5118032262052521,0.6364416210086288,0.6364416210086288,0.6567296259021880,0.6289851228045409,0.6167840506195877,0.6167840506195877,0.6298816105797612,0.6207983068916703
302,0.9149409115591708,0.9149409115591708,0.9186031583001669,0.9151782825791176,1.2829432150155724,1.2829432150155724,1.2967019941802134,1.2816371540137230,1.8381354200473599,1.8381354200473599,1.7522420448846632,1.7764129998685609,2.3271396709779464,2.3271396709779464,2.1338833547862377,2.1479778178964621,0.3303750666849605,0.3303750666849605,0.4396485421959121,0.5165680406973471,0.6475960810663663,0.6475960810663663,0.6674574467523992,0.6396314981455449,0.6186126900348839,0.6186126900348839,0.6318340200796881,0.6228786111460334
303,0.9274101116997580,0.9274101116997580,0.9311732649006657,0.9272988275006546,1.2951479258771930,1.2951479258771930,1.3101342216684453,1.2948815185193363,1.8543535005256546,1.8543535005256546,1.7697900018991817,1.7933746036975111,2.2816192220667215,2.2816192220667215,2.0971463329318452,2.1164807109126760,0.3254285809301026,0.3254285809301026,0.4411553606922994,0.5210221064182186,0.6604565173682285,0.6604565173682285,0.6789274438878450,0.6514586355546162,0.6203470696865051,0.6203470696865051,0.6342152533715886,0.6248219197543775
304,0.9395451000653695,0.9395451000653695,0.9435935043583863,0.9393817426645962,1.3063038311426125,1.3063038311426125,1.3227599067961677,1.3063351388256159,1.8676774765628397,1.8676774765628397,1.7827124677731352,1.8078743518850022,2.2182637120247053,2.2182637120247053,2.0529309492177874,2.0694431810998859,0.3169693734073023,0.3169693734073023,0.4484497320498106,0.5284455492863376,0.6722483751435512,0.6722483751435512,0.6914384155532305,0.6642908844761747,0.6223170987473139,0.6223170987473139,0.6362029777720308,0.6263390196862180
305,0.9516800884309810,0.9516800884309810,0.9558863567447459,0.9513555315315104,1.3171352180845439,1.3171352180845439,1.3357356008727903,1.3201407052170602,1.8731328172026309,1.8731328172026309,1.7892363375693070,1.8153665346048757,2.1534903519346345,2.1534903519346345,1.9999620912532461,2.0161270429566271,0.3122021081508089,0.3122021081508089,0.4568742172796123,0.5337628060383857,0.6858868116007009,0.6858868116007009,0.7042771014224858,0.6766937653729813,0.6243342576899602,0.6243342576899602,0.6386548408649623,0.6284396195918431
306,0.9641665159826494,0.9641665159826494,0.9684602100238140,0.9636228325076702,1.3302053111421328,1.3302053111421328,1.3492997157910425,1.3337064853481950,1.8781628261993197,1.8781628261993197,1.7958469353243645,1.8218894828202377,2.1000224803856304,2.1000224803856304,1.9489231331234569,1.9644759501164761,0.3051408205152510,0.3051408205152510,0.4688602735008749,0.5410481383415165,0.6991596817198240,0.6991596817198240,0.7177133837811510,0.6895357726587387,0.6267048907463880,0.6267048907463880,0.6410915690005299,0.6304641108052356
307,0.9763945323680995,0.9763945323680995,0.9806818755173540,0.9757471404049668,1.3386521938810423,1.3386521938810423,1.3588006833459738,1.3434152779730726,1.8806315989973270,1.8806315989973270,1.8003086069870347,1.8260959605698173,2.0417786928852846,2.0417786928852846,1.9009513372310418,1.9140042643660264,0.2999792701623559,0.2999792701623559,0.4820449353442638,0.5477119731022002,0.7130324555731447,0.7130324555731447,0.7310050863439912,0.7032560327223975,0.6285900860198893,0.6285900860198893,0.6430389335146688,0.6322805715931917
308,0.9879851345435443,0.9879851345435443,0.9920755250470459,0.9874311801383951,1.3471037797840604,1.3471037797840604,1.3684284657374632,1.3542719835462409,1.8779316676976336,1.8779316676976336,1.7998846036324827,1.8265999625121632,1.9777888815059805,1.9777888815059805,1.8521869039064964,1.8601677995655466,0.2952120049058625,0.2952120049058625,0.4976610543068231,0.5569653809564137,0.7272614222686453,0.7272614222686453,0.7451835449878911,0.7179814042985432,0.6305129851988606,0.6305129851988606,0.6452385473182040,0.6343456541091083
309,0.9996756557032603,0.9996756557032603,1.0035853216123907,0.9990700641627087,1.3545488885678543,1.3545488885678543,1.3767931723568343,1.3639144523118838,1.8740297121891729,1.8740297121891729,1.7981114986952662,1.8243513384616967,1.9148811135844026,1.9148811135844026,1.8008722458003139,1.8050825507877362,0.2897995458552571,0.2897995458552571,0.5150922046400307,0.5667712310705804,0.7413966540056774,0.7413966540056774,0.7591788692237460,0.7320334487449646,0.6327422286097758,0.6327422286097758,0.6475188808943459,0.6362635931533748
310,1.0109975102658382,1.0109975102658382,1.0148253573207353,1.0100692423078974,1.3597176659231225,1.3597176659231225,1.3832708742082209,1.3713682337227857,1.8747971584147707,1.8747971584147707,1.7999616951514921,1.8259796524292760,1.8469735586512639,1.8469735586512639,1.7472486003918386,1.7456959349768975,0.2877564321739028,0.2877564321739028,0.5362561553392886,0.5785796843770767,0.7573878379203837,0.7573878379203837,0.7747645712136754,0.7478419987471887,0.6347263966351359,0.6347263966351359,0.6501120035893393,0.6386939973920088
311,1.0216819506184109,1.0216819506184109,1.0257094585649822,1.0205340778952288,1.3626101118498648,1.3626101118498648,1.3872630052630692,1.3772149370060802,1.8721896905157518,1.8721896905157518,1.8001640603888920,1.8239539523148469,1.7718275061043731,1.7718275061043731,1.6914882801663160,1.6842973894248039,0.2897637017555843,0.2897637017555843,0.5639953140227820,0.5952910627406565,0.7744101063782420,0.7744101063782420,0.7911406427541144,0.7654460877620111,0.6369980569397049,0.6369980569397049,0.6522107176771159,0.6408656320770513
312,1.0318426776741147,1.0318426776741147,1.0362488653808399,1.0314768114040240,1.3670357892759861,1.3670357892759861,1.3940399901287330,1.3847095330995880,1.8696007152968677,1.8696007152968677,1.7995762375564450,1.8237794901040350,1.6952636035094277,1.6952636035094277,1.6285252980575213,1.6212337985696028,0.2907314924467521,0.2907314924467521,0.5907755882085745,0.6123477175167068,0.7905418927306508,0.7905418927306508,0.8073432185395636,0.7814400466840143,0.6391424665633125,0.6391424665633125,0.6545364561253492,0.6425400233061729
313,1.0414934733618142,1.0414934733618142,1.0472116468750454,1.0420884030459783,1.3706243034907901,1.3706243034907901,1.3990618576564329,1.3915817052833557,1.8624255554045321,1.8624255554045321,1.7964540310365638,1.8170045409175000,1.6140730323366199,1.6140730323366199,1.5591178290005359,1.5504693731875288,0.2952478490055354,0.2952478490055354,0.6195078772646868,0.6283685430553452,0.8062987392491860,0.8062987392491860,0.8225240971011831,0.7971607714084483,0.6415178126079241,0.6415178126079241,0.6573212882802836,0.6449501318935448
314,1.0505688735194010,1.0505688735194010,1.0576648800838058,1.0522597265240643,1.3752851391223377,1.3752851391223377,1.4047076541799988,1.3987089692334105,1.8542240517647104,1.8542240517647104,1.7909998060666474,1.8113635961012435,1.5382926784524416,1.5382926784524416,1.4909510098373198,1.4798783900245287,0.2998717378633372,0.2998717378633372,0.6521441960614390,0.6477730774361961,0.8212307181331995,0.8212307181331995,0.8379459419891776,0.8126765704847053,0.6441240950735396,0.6441240950735396,0.6599093659894890,0.6475023100397512
315,1.0590344233247126,1.0590344233247126,1.0670690432931207,1.0613096832258018,1.3788219185319479,1.3788219185319479,1.4086439867067615,1.4043260899270469,1.8460410408050234,1.8460410408050234,1.7857961285335118,1.8038907980714602,1.4573259783398531,1.4573259783398531,1.4176837411108296,1.4005112305763987,0.3057501702096900,0.3057501702096900,0.6815956484908271,0.6659691443733995,0.8355815402747090,0.8355815402747090,0.8518834343067025,0.8266993398385299,0.6463627644608223,0.6463627644608223,0.6625781634713012,0.6494557664737264
316,1.0669073501888302,1.0669073501888302,1.0756564305742959,1.0699419496182283,1.3802563835850479,1.3802563835850479,1.4119918983918949,1.4080147168675547,1.8382833614884388,1.8382833614884388,1.7804479044022334,1.7988313939579106,1.3416592638932980,1.3416592638932980,1.3145719499397768,1.3049445678667841,0.3061802994057646,0.3061802994057646,0.7113210679195583,0.6825769398132381,0.8473546510583380,0.8473546510583380,0.8633148768299285,0.8385362356118002,0.6484082013325712,0.6484082013325712,0.6648584970474432,0.6510794185746928
317,1.0741807631473215,1.0741807631473215,1.0836855627486235,1.0771329962947440,1.3876121322507797,1.3876121322507797,1.4147716796092480,1.4113309098292837,1.8280661557139146,1.8280661557139146,1.7726616609822825,1.7891293565677511,1.2159556635802518,1.2159556635802518,1.2127352711595425,1.2019198897370000,0.3553942482566326,0.3553942482566326,0.7388547513535444,0.6953521670746523,0.8571218337307435,0.8571218337307435,0.8739077565373696,0.8484019418168920,0.6509720669045329,0.6509720669045329,0.6681780976958975,0.6542404662587616
318,1.0812681200661354,1.0812681200661354,1.0917746417800620,1.0843955395106915,1.3947938638444963,1.3947938638444963,1.4174398637704300,1.4155297203023653,1.8183574986430997,1.8183574986430997,1.7659161530689584,1.7813851728767047,1.0965204529533412,1.0965204529533412,1.1113810673379962,1.0992767844891780,0.4023500188281091,0.4023500188281091,0.7660802219132694,0.7108205503533376,0.8658016908849158,0.8658016908849158,0.8830162836743414,0.8581505476515968,0.6539318234839299,0.6539318234839299,0.6710587845808026,0.6576907269733151
319,1.0883795953604631,1.0883795953604631,1.0996801335615978,1.0918913872237315,1.4018580163354999,1.4018580163354999,1.4191442551737705,1.4187285710516024,1.8091019122355894,1.8091019122355894,1.7577348156140842,1.7723422149496131,0.9910771835901270,0.9910771835901270,1.0269479495675820,1.0182098912941258,0.4524242260711263,0.4524242260711263,0.7950179862188892,0.7238374711034813,0.8754751385988530,0.8754751385988530,0.8927609619129429,0.8675966441961357,0.6577022140309323,0.6577022140309323,0.6765376391464888,0.6618208920051483
320,1.0953084600973297,1.0953084600973297,1.1071285305576608,1.0986647435909362,1.4080003486612325,1.4080003486612325,1.4211428569979259,1.4215447841514093,1.7979878114745231,1.7979878114745231,1.7486669256906016,1.7633477187477469,0.9656305064118849,0.9656305064118849,0.9966898771584293,0.9906325784614056,0.4961181835723704,0.4961181835723704,0.8211133429063238,0.7374758893960722,0.8849704898917001,0.8849704898917001,0.9019273209682445,0.8775501756790175,0.6721333838495844,0.6721333838495844,0.6894729827067276,0.6746832609924911
321,1.1021029510277631,1.1021029510277631,1.1144308070895153,1.1057692418249823,1.4146929511876625,1.4146929511876625,1.4231363862286188,1.4250701523614935,1.7857826425854988,1.7857826425854988,1.7382402977445779,1.7526279851278503,0.9558921152923523,0.9558921152923523,0.9800100285866413,0.9769653315983973,0.5447227827287994,0.5447227827287994,0.8488867474647350,0.7553266799208050,0.8950751184145919,0.8950751184145919,0.9108912683093913,0.8847713651862062,0.6892603829093433,0.6892603829093433,0.7055109925265403,0.6909654472174944
322,1.1086769310963567,1.1086769310963567,1.1211448550859664,1.1123770272587663,1.4202426848357210,1.4202426848357210,1.4243740990334257,1.4280037076737924,1.7716172496021763,1.7716172496021763,1.7278040333586779,1.7416368658466908,0.9389525384024374,0.9389525384024374,0.9751163540056622,0.9691604317400803,0.5935424464832657,0.5935424464832657,0.8770711025221611,0.7727976663918202,0.9042798913361871,0.9042798913361871,0.9194311149161182,0.8926268483663238,0.7066088924137385,0.7066088924137385,0.7221594456266918,0.7080087203648255
323,1.1150889735007867,1.1150889735007867,1.1282972644750429,1.1189810497167911,1.4262439222381982,1.4262439222381982,1.4257944252028762,1.4302536170524425,1.7617883901104847,1.7617883901104847,1.7178399545267109,1.7324485227439224,0.9218637141390432,0.9218637141390432,0.9564376806050237,0.9527181093718925,0.6440109388226847,0.6440109388226847,0.9059746209528630,0.7904412910690707,0.9143938933549256,0.9143938933549256,0.9260817855240658,0.8999748966080984,0.7243155890200991,0.7243155890200991,0.7394940167940010,0.7247018935278859
324,1.1212219318457011,1.1212219318457011,1.1345766977574381,1.1249152624896144,1.4310834781058694,1.4310834781058694,1.4265350238483754,1.4325596466196755,1.7497034236423368,1.7497034236423368,1.7073844172610588,1.7218644819546574,0.9110805914051547,0.9110805914051547,0.9417911193591354,0.9399180736042527,0.6907158006964509,0.6907158006964509,0.9358027780063478,0.8117103180772630,0.9235517987972867,0.9235517987972867,0.9310938851126640,0.9049321456211414,0.7420411375791945,0.7420411375791945,0.7562585045672747,0.7419176797109448
325,1.1270792516133161,1.1270792516133161,1.1410771850754307,1.1312822174747870,1.4356502504552466,1.4356502504552466,1.4280010033589867,1.4339779568402304,1.7383766570597194,1.7383766570597194,1.6981430714198049,1.7117553660726030,0.8998497265508280,0.8998497265508280,0.9307286578063587,0.9334660230547106,0.7409333843381597,0.7409333843381597,0.9651514928109822,0.8348438377127969,0.9326534632645667,0.9326534632645667,0.9327613720911784,0.9063959002509770,0.7596017315518586,0.7596017315518586,0.7743044187306813,0.7585601137458500
326,1.1332087644760143,1.1332087644760143,1.1476526059648122,1.1375889648478066,1.4414398454728399,1.4414398454728399,1.4299387340615941,1.4371819094247933,1.7242852347969366,1.7242852347969366,1.6844978725551381,1.6982636217698039,0.8871636998050767,0.8871636998050767,0.9229056709762019,0.9225044748092521,0.7935883667576245,0.7935883667576245,0.9955618297380714,0.8617408702442609,0.9407896576596224,0.9407896576596224,0.9350071782529926,0.9076547292326356,0.7773744099927917,0.7773744099927917,0.7919114191305385,0.7761513694772573
327,1.1391832306389813,1.1391832306389813,1.1535273979617071,1.1434817848872747,1.4462417760276431,1.4462417760276431,1.4319373358857495,1.4396614013931015,1.7078544884970908,1.7078544884970908,1.6696673915857017,1.6832017175696961,0.8735821888184490,0.8735821888184490,0.9131872468083421,0.9111613536818315,0.8440210149973705,0.8440210149973705,1.0275817227863016,0.8899499531431135,0.9467043335389773,0.9467043335389773,0.9356915226198973,0.9076840043252323,0.7954015897956475,0.7954015897956475,0.8094074298430614,0.7929713904607056
328,1.1447752482759455,1.1447752482759455,1.1598030845655327,1.1490999076962951,1.4502394655198889,1.4502394655198889,1.4333525894617376,1.4411103226256108,1.6932267785103963,1.6932267785103963,1.6562052850786821,1.6700007436182505,0.8589932580608352,0.8589932580608352,0.8994711729827808,0.8981184988074884,0.8962100241210877,0.8962100241210877,1.0570674210906075,0.9159492670021538,0.9479135145032195,0.9479135145032195,0.9366650265784520,0.9084158816401501,0.8139990411687372,0.8139990411687372,0.8276046935801057,0.8101618070796869
329,1.1501708734265836,1.1501708734265836,1.1659551307765665,1.1546013782567692,1.4535175709035302,1.4535175709035302,1.4342301481307196,1.4424929199988854,1.6797456146920646,1.6797456146920646,1.6436971861194043,1.6574491567848273,0.8513070183266447,0.8513070183266447,0.8898216738090192,0.8884057345393606,0.9476821512513475,0.9476821512513475,1.0881969213909723,0.9474039481782305,0.9476323096278143,0.9476323096278143,0.9378120262919966,0.9086012905599292,0.8314653753777264,0.8314653753777264,0.8453983584541160,0.8269970498015818
330,1.1552701871066247,1.1552701871066247,1.1712754143451831,1.1595797951866649,1.4562877345634511,1.4562877345634511,1.4352091586689479,1.4448652734253533,1.6613084125975837,1.6613084125975837,1.6281632450390069,1.6405941687513734,0.8311959347502921,0.8311959347502921,0.8848590742339418,0.8782073320578264,0.9989392137835698,0.9989392137835698,1.1213469283114930,0.9793420163317661,0.9473698517441029,0.9473698517441029,0.9382168497203064,0.9084451567327468,0.8493653044996207,0.8493653044996207,0.8628338293371838,0.8433451968931868
331,1.1604694197709369,1.1604694197709369,1.1767193383065913,1.1651000806259366,1.4597069348703482,1.4597069348703482,1.4367816626422683,1.4470182479328142,1.6420667789172352,1.6420667789172352,1.6104900143060981,1.6219751739197088,0.8090700116319671,0.8090700116319671,0.8646985134601898,0.8630137936669694,1.0502321204154650,1.0502321204154650,1.1540174929831628,1.0139387128613258,0.9460575623255455,0.9460575623255455,0.9381011858836464,0.9076254541400389,0.8670531491532462,0.8670531491532462,0.8810966778894711,0.8606523135069251
332,1.1652965403558948,1.1652965403558948,1.1823018893750690,1.1694839473858221,1.4618844998525948,1.4618844998525948,1.4380396658209242,1.4478906617735152,1.6224552916341890,1.6224552916341890,1.5935780623234073,1.6044804911132773,0.7930259189829290,0.7930259189829290,0.8487079148293848,0.8501443810117001,1.1008798332532483,1.1008798332532483,1.1844963216600879,1.0509868719194271,0.9460950563089329,0.9460950563089329,0.9387276983322212,0.9066301009917507,0.8842461300475776,0.8842461300475776,0.8989660175503004,0.8774723344903733
333,1.1700202964743653,1.1700202964743653,1.1874273456580742,1.1742215338671058,1.4629615244334471,1.4629615244334471,1.4385418525736944,1.4480131058213330,1.6074392353646618,1.6074392353646618,1.5799617727783690,1.5903296673474103,0.7752281696955073,0.7752281696955073,0.8362324908975930,0.8398419131987216,1.1526387131808911,1.1526387131808911,1.2203859985740397,1.0849965985477865,0.9439110317766195,0.9439110317766195,0.9379855220469865,0.9048443203433513,0.9018821318311817,0.9018821318311817,0.9157759101956655,0.8935261946386782
334,1.1737276353390440,1.1737276353390440,1.1918371863343147,1.1782027622207185,1.4635964515880977,1.4635964515880977,1.4386737400037148,1.4477018938664630,1.5866996945933876,1.5866996945933876,1.5615079904154898,1.5703925135896100,0.7611242929017017,0.7611242929017017,0.8230333545277690,0.8271459427625261,1.2044334372082066,1.2044334372082066,1.2553852827401266,1.1233568079732763,0.9423925254494318,0.9423925254494318,0.9380240766592065,0.9044442274111962,0.9181466540533137,0.9181466540533137,0.9333375057234313,0.9102904025811558
335,1.1781171796825389,1.1781171796825389,1.1960671864392216,1.1821990424773692,1.4651673084003449,1.4651673084003449,1.4399926143039188,1.4496405912902430,1.5652296929567855,1.5652296929567855,1.5421965649036309,1.5497187416083811,0.7491098793366079,0.7491098793366079,0.8120053554720414,0.8177800629325457,1.2514608959790288,1.2514608959790288,1.2892202071590051,1.1592655548702244,0.9410614890391806,0.9410614890391806,0.9376963624553366,0.9034488742629081,0.9347787893537786,0.9347787893537786,0.9491938960548786,0.9267806192315954
336,1.1823861321484652,1.1823861321484652,1.2003496400441009,1.1866130130433310,1.4661173475502667,1.4661173475502667,1.4398860898412100,1.4494416197125393,1.5436949669397111,1.5436949669397111,1.5221720428409349,1.5295586639145433,0.7321703024466930,0.7321703024466930,0.7981858941553328,0.8066450724680134,1.3008540653282614,1.3008540653282614,1.3257948015713148,1.1948290253547020,0.9387462355650116,0.9387462355650116,0.9370891273128719,0.9025608631208079,0.9517219818743711,0.9517219818743711,0.9652520858178429,0.9423321620111637
337,1.1858970785268179,1.1858970785268179,1.2039314647564934,1.1896309196024968,1.4657881260626699,1.4657881260626699,1.4390186763591528,1.4483549287881574,1.5223451677239856,1.5223451677239856,1.5034002579621419,1.5096312025017882,0.7189992217371337,0.7189992217371337,0.7852969202589513,0.7934634638184114,1.3497812613817464,1.3497812613817464,1.3629515758572290,1.2310830486641207,0.9376776570384721,0.9376776570384721,0.9365686400479020,0.9009409746637898,0.9679959300728705,0.9679959300728705,0.9809823515045921,0.9581374004315081
338,1.1889842305925726,1.1889842305925726,1.2068388873263853,1.1927165597253344,1.4641373154605781,1.4641373154605781,1.4374208094185208,1.4475335333007138,1.5002834003230672,1.5002834003230672,1.4825566385099709,1.4879397342908220,0.7079549160996562,0.7079549160996562,0.7723390213684713,0.7794493325172556,1.3940845685774295,1.3940845685774295,1.4009644970160904,1.2642986395437978,0.9361778977029779,0.9361778977029779,0.9360385141298772,0.8982379077806935,0.9843028691886564,0.9843028691886564,0.9960819939678507,0.9737954953802024
339,1.1918439808320551,1.1918439808320551,1.2096414028963325,1.1958812223391229,1.4630979161925941,1.4630979161925941,1.4364012181325940,1.4466458139540355,1.4789613401275441,1.4789613401275441,1.4616648368584189,1.4668298067825631,0.7087384648104232,0.7087384648104232,0.7626550596976606,0.7753560961471160,1.4443379963188110,1.4443379963188110,1.4395253521736380,1.3007598287006990,0.9324378728600894,0.9324378728600894,0.9344288590696928,0.8951542646938399,0.9996153677976704,0.9996153677976704,1.0109394771132889,0.9888193512269566
340,1.1940663168615326,1.1940663168615326,1.2115484622881816,1.1981916894554918,1.4610426334771691,1.4610426334771691,1.4343265274065038,1.4449775138025194,1.4549948266727324,1.4549948266727324,1.4401177572952868,1.4453515701625896,0.7033655593651639,0.7033655593651639,0.7619658097566776,0.7724769553104924,1.4882470184180925,1.4882470184180925,1.4768876017090593,1.3348731382527996,0.9271887151858600,0.9271887151858600,0.9332914980092032,0.8915143948476487,1.0132783205423705,1.0132783205423705,1.0230423980185201,1.0030313810232279
341,1.1960957058869002,1.1960957058869002,1.2133656013943639,1.2012208849419361,1.4599420930757745,1.4599420930757745,1.4330482338539983,1.4437173604770623,1.4304827791539414,1.4304827791539414,1.4165373889182815,1.4215471707317888,0.7005671711124246,0.7005671711124246,0.7583127850694678,0.7653658243284703,1.5353461653882603,1.5353461653882603,1.5158251614907039,1.3707818851497477,0.9222957503538104,0.9222957503538104,0.9299758013582844,0.8873085398779212,1.0257630262411326,1.0257630262411326,1.0353420733694807,1.0165482847637726
342,1.1979149204970772,1.1979149204970772,1.2144109247152399,1.2030158243792453,1.4579291388373261,1.4579291388373261,1.4309633979409835,1.4421766062086898,1.4059337462748809,1.4059337462748809,1.3946337610797310,1.3998169331406423,0.6905675970893032,0.6905675970893032,0.7514892106537363,0.7610644572954423,1.5778931116999722,1.5778931116999722,1.5521942806535065,1.4027199533032835,0.9173371710508329,0.9173371710508329,0.9264673316462656,0.8832295436427795,1.0377952850742544,1.0377952850742544,1.0467437412501903,1.0291265146334465
343,1.1992173127748174,1.1992173127748174,1.2149466997506710,1.2046376669316150,1.4545146416945374,1.4545146416945374,1.4274988166062168,1.4390236719773843,1.3857674785877880,1.3857674785877880,1.3748212406943108,1.3792206999197743,0.6863886706318791,0.6863886706318791,0.7436662238235796,0.7538492609819759,1.6204759021113568,1.6204759021113568,1.5899332348130246,1.4379036197340431,0.9106538685120371,0.9106538685120371,0.9215612572412725,0.8775209005864207,1.0488708073060742,1.0488708073060742,1.0572019967885582,1.0404210445607935
344,1.2002647393685555,1.2002647393685555,1.2154225279289910,1.2055294921866302,1.4511471761928341,1.4511471761928341,1.4241103241733848,1.4363452084313724,1.3627903235201928,1.3627903235201928,1.3520021510675235,1.3561044569871765,0.6836275942225098,0.6836275942225098,0.7409781490537460,0.7500335321623542,1.6611589552400789,1.6611589552400789,1.6252407318533724,1.4678045570540019,0.9029488549259360,0.9029488549259360,0.9157491494491096,0.8710511051225476,1.0581271160989654,1.0581271160989654,1.0652336141629344,1.0506804962737748
345,1.2005300414992064,1.2005300414992064,1.2141936173582120,1.2057138779988485,1.4478831803015182,1.4478831803015182,1.4228624661816534,1.4349779165640748,1.3353749252202247,1.3353749252202247,1.3267257692723109,1.3310691297356461,0.6816500665239074,0.6816500665239074,0.7369804993960447,0.7479869139772845,1.7006591530795956,1.7006591530795956,1.6641782916350170,1.4954957253341483,0.8901821535825423,0.8901821535825423,0.9072093028423825,0.8643080754611051,1.0648949671308348,1.0648949671308348,1.0710857976769270,1.0579108220358906
346,1.2001992752064470,1.2001992752064470,1.2129047599303218,1.2059584714232199,1.4459501798529146,1.4459501798529146,1.4202703709224063,1.4327892292093336,1.3090783340684173,1.3090783340684173,1.3014879332366032,1.3048997981138373,0.6808292059697706,0.6808292059697706,0.7364635619403075,0.7443793158205513,1.7396575335236921,1.7396575335236921,1.6986638876773354,1.5277790699001546,0.8758407049368796,0.8758407049368796,0.8973971540323962,0.8558475737006556,1.0674164158091428,1.0674164158091428,1.0729978472905506,1.0620359131549082
347,1.1991070573438976,1.1991070573438976,1.2102933249674164,1.2054166029138436,1.4418725365708243,1.4418725365708243,1.4171608711300021,1.4286771499367896,1.2811358943846052,1.2811358943846052,1.2743035363459074,1.2762201491253440,0.6769860861026754,0.6769860861026754,0.7369460368989956,0.7421245669725931,1.7775447468779293,1.7775447468779293,1.7367110547111146,1.5574383137313839,0.8591558823295073,0.8591558823295073,0.8846259387345258,0.8455329827424143,1.0637827019194690,1.0637827019194690,1.0703038248797987,1.0605797001768540
348,1.1964436995907408,1.1964436995907408,1.2065129262908432,1.2034259887370373,1.4368213383182691,1.4368213383182691,1.4133462808463351,1.4244018119338220,1.2540903496873350,1.2540903496873350,1.2468107733791742,1.2483449647755951,0.6722101701513338,0.6722101701513338,0.7330862372294910,0.7367825466251228,1.8208444192827715,1.8208444192827715,1.7731829114986708,1.5853021202177657,0.8373156370063741,0.8373156370063741,0.8681342033574267,0.8269725740360993,1.0521086301883127,1.0521086301883127,1.0579688346283229,1.0515988744933840
349,1.1912754762663749,1.1912754762663749,1.2000049456157118,1.1993431600379165,1.4316243419783499,1.4316243419783499,1.4084765911225048,1.4192999766080849,1.2239750200876738,1.2239750200876738,1.2153188878638275,1.2171453060753719,0.6652328554411706,0.6652328554411706,0.7292609000570355,0.7309548880642461,1.8550755344703747,1.8550755344703747,1.8062644266693555,1.6109906853055824,0.8028867867609369,0.8028867867609369,0.8405483783140266,0.7993954368099973,1.0245517882779080,1.0245517882779080,1.0280419789343536,1.0258183234777274
350,1.1768940334957723,1.1768940334957723,1.1871987982653378,1.1917344230520899,1.4262298127458726,1.4262298127458726,1.4043119918899374,1.4150705551230489,1.1927038979795823,1.1927038979795823,1.1836920921902141,1.1856742617138856,0.6605688750199386,0.6605688750199386,0.7266762127783493,0.7287348276601026,1.8910630105419490,1.8910630105419490,1.8327707338558048,1.6310512448701275,0.7520543187835327,0.7520543187835327,0.7984563804228568,0.7538726678221112,0.9333083370404476,0.9333083370404476,0.9399060772193093,0.9450010401521272
351,1.1757535788821956,1.1757535788821956,1.1865206494442677,1.1923628400039361,1.4206424537849458,1.4206424537849458,1.3993053421426245,1.4096983225250479,1.1578729349455252,1.1578729349455252,1.1520652965166009,1.1535732149244668,0.6590764012851442,0.6590764012851442,0.7237124380321225,0.7237743801945945,1.9223549095563757,1.9223549095563757,1.8365720259716911,1.6425489494054004,0.6680021815249334,0.6680021815249334,0.7230146429613991,0.6797578917314372,0.9140039374397948,0.9140039374397948,0.9167748173816745,0.9213769020830667
352,1.1806875094158569,1.1806875094158569,1.1920395069770648,1.1973299680065528,1.4143449170436317,1.4143449170436317,1.3946588465311365,1.4048260697889690,1.1215070794602726,1.1215070794602726,1.1180679366334481,1.1198147771323335,0.6640388764533351,0.6640388764533351,0.7266072877842510,0.7242600184080009,1.9489870756133274,1.9489870756133274,1.8220517750065044,1.6458981306063658,0.4994667261987802,0.4994667261987802,0.5918904068012264,0.5247267597034531,0.9311309364995537,0.9311309364995537,0.9331861561497936,0.9374967230979733
353,1.1856869041116271,1.1856869041116271,1.1968052821174029,1.2024062223061969,1.4080944119434029,1.4080944119434029,1.3890992840964302,1.3993109858018473,1.0844569948100293,1.0844569948100293,1.0833574801994583,1.0852518747014557,0.6733668372957993,0.6733668372957993,0.7316043498563776,0.7252659832786283,1.9621060160936026,1.9621060160936026,1.7795183983584810,1.6322597123137748,0.2450700489155881,0.2450700489155881,0.2912319020567199,0.2905650523865584,0.9479798692564710,0.9479798692564710,0.9503845127008288,0.9548444310142357
354,1.1906036072342072,1.1906036072342072,1.2023054062573528,1.2072454091329887,1.4011854638679808,1.4011854638679808,1.3831034786239642,1.3928877751267443,1.0499311609981981,1.0499311609981981,1.0506417668198369,1.0521912857525704,0.6888512522942897,0.6888512522942897,0.7445967112439066,0.7355684510916068,1.9599553701132295,1.9599553701132295,1.6866435855811548,1.5850258990877892,0.2421173977238340,0.2421173977238340,0.2867306510800365,0.2875106843923015,0.9631556912081561,0.9631556912081561,0.9679662881717463,0.9721718432792360
355,1.1954961919812739,1.1954961919812739,1.2072997287904275,1.2120770700082615,1.3932136007040323,1.3932136007040323,1.3764228730340846,1.3861533524967715,1.0130012787688314,1.0130012787688314,1.0167118620158173,1.0177349991171889,0.7160888979542849,0.7160888979542849,0.7597257474484829,0.7530514267742369,1.9150785573227804,1.9150785573227804,1.4890791331798294,1.4340019962731247,0.2438233739679586,0.2438233739679586,0.2873571635286113,0.2893745319542921,0.9777282506723208,0.9777282506723208,0.9850132951491439,0.9890578251292861
356,1.1999822098268236,1.1999822098268236,1.2114697820382232,1.2167356339985946,1.3852323312118666,1.3852323312118666,1.3695495088926366,1.3789648665228080,0.9775323182701208,0.9775323182701208,0.9842852418324815,0.9851008733502888,0.7348940670126926,0.7348940670126926,0.7798863082222349,0.7749398348213391,1.7913447252519892,1.7913447252519892,0.9363507120050342,0.9125310305186943,0.2489319292044855,0.2489319292044855,0.2915403389544798,0.2944000895167276,0.9927344050493907,0.9927344050493907,1.0010866198694719,1.0057002591641913
357,1.2043510812770211,1.2043510812770211,1.2161156634643389,1.2210555301705674,1.3767196041754377,1.3767196041754377,1.3624580232323089,1.3713631318874600,0.9406579140811588,0.9406579140811588,0.9514057089749652,0.9511195116221178,0.7514232136255390,0.7514232136255390,0.7960492193382857,0.7911393380828237,1.4048377984792941,1.4048377984792941,0.4611549516443490,0.4492391402655693,0.2548466050838404,0.2548466050838404,0.2969861779305528,0.2993573385297707,1.0081835803157335,1.0081835803157335,1.0173314741065895,1.0218809671328841
358,1.2088026443004083,1.2088026443004083,1.2202969567478430,1.2256425976214689,1.3683903005392413,1.3683903005392413,1.3552194323615736,1.3636746660515742,0.9059656461481135,0.9059656461481135,0.9190369074308863,0.9185241552353982,0.7545200966252370,0.7545200966252370,0.8134183178510566,0.8103567359561908,0.3606991750082192,0.3606991750082192,0.4491688954230864,0.4401928982588382,0.2622422933069959,0.2622422933069959,0.3044946886603951,0.3080813161235907,1.0242407310577804,1.0242407310577804,1.0332181343527642,1.0372955142664333
359,1.2123480455009235,1.2123480455009235,1.2241373022815274,1.2294356771871036,1.3594683982253706,1.3594683982253706,1.3471996620976407,1.3558484506618937,0.8717449415585077,0.8717449415585077,0.8881810269473672,0.8873244965351751,0.7582139691188529,0.7582139691188529,0.8231022795218673,0.8176066207134719,0.3302675343859418,0.3302675343859418,0.4459497831808044,0.4379831292190260,0.2714095722452037,0.2714095722452037,0.3129381487365721,0.3158587323901170,1.0393364322103416,1.0393364322103416,1.0477275134788357,1.0517967570931892
360,1.2158762192903574,1.2158762192903574,1.2278652474581284,1.2336539730135685,1.3503583693471592,1.3503583693471592,1.3394791748479848,1.3475732737635482,0.8412874973763510,0.8412874973763510,0.8587127938060176,0.8583153078151478,0.7530276228904428,0.7530276228904428,0.8300292414287462,0.8214223495330936,0.3219875473615059,0.3219875473615059,0.4446141940590066,0.4369127723403670,0.2801550438703039,0.2801550438703039,0.3209382307722192,0.3246119850765337,1.0546300788666205,1.0546300788666205,1.0623075224059380,1.0667647998989727
