1,0.896026214208549,0.896026214208549,0.893897914696571,0.899905040812634,0.828074475134117,0.828074475134117,0.873175745118191,0.939788544319647,0.838406044629521,0.838406044629521,0.791327259236311,0.854371934814941,1.26435852730126,1.26435852730126,1.21314032915893,1.15696856522447,0.932837274932985,0.932837274932985,1.02837071968773,1.1363017809021,0.86935299864903,0.86935299864903,0.833839471362978,0.87755219178599,0.966033026713186,0.966033026713186,0.941936038394581,0.984007583547466
2,0.896046605319882,0.896046605319882,0.893259246440358,0.89927124258885,0.83234653970962,0.83234653970962,0.885780273041196,0.947248556905748,0.861513868984546,0.861513868984546,0.818473779075222,0.872609140180329,1.30641420427835,1.30641420427835,1.27011292495475,1.19305779122979,0.940836011542792,0.940836011542792,1.01409601956996,1.12786870289335,0.869568094933572,0.869568094933572,0.834137552974022,0.879918066231435,0.961110452239316,0.961110452239316,0.937936024185129,0.973798596359317
3,0.896746700142326,0.896746700142326,0.893949899322077,0.89996399878694,0.842919452665311,0.842919452665311,0.901194479015149,0.95562184422855,0.874067083073051,0.874067083073051,0.834024071628276,0.881024993408153,1.34924647756325,1.34924647756325,1.31297251224887,1.21841778788217,0.941266712744859,0.941266712744859,0.992713584953716,1.110725142994,0.852343846302122,0.852343846302122,0.813622524449267,0.870012030783601,0.949692567403716,0.949692567403716,0.928868684282452,0.957990825694614
4,0.897052566812326,0.897052566812326,0.894128132323811,0.900487250808901,0.855404963569031,0.855404963569031,0.914998973605747,0.962389690698414,0.888684970531376,0.888684970531376,0.851577993666502,0.89127485131088,1.40874570237743,1.40874570237743,1.38313267336595,1.26837914880845,0.917455089144894,0.917455089144894,0.942900212343568,1.07027965701784,0.850374888005156,0.850374888005156,0.805258705127637,0.870437547770192,0.941748918342995,0.941748918342995,0.922349430354547,0.94458796541967
5,0.899152851279657,0.899152851279657,0.895256941334793,0.901614822067495,0.874584567290851,0.874584567290851,0.936959339205347,0.975694661599398,0.919688105852592,0.919688105852592,0.887288699711941,0.915151192545828,1.42726453740996,1.42726453740996,1.43622997584368,1.30029589673207,0.889644097240026,0.889644097240026,0.892731453008497,1.02362032408787,0.837402927460433,0.837402927460433,0.780447794561374,0.865671757520374,0.928429533620377,0.928429533620377,0.911532084235235,0.926736496202404
6,0.904841971341652,0.904841971341652,0.898791895869184,0.904916468628605,0.897517867920018,0.897517867920018,0.95617831753996,0.987038495171046,0.937774644572215,0.937774644572215,0.908849880720509,0.927320756276491,1.47917701367855,1.47917701367855,1.52779101050844,1.35562187233481,0.836852435615298,0.836852435615298,0.830538776146838,0.974519836997479,0.819599573447522,0.819599573447522,0.763264266395341,0.856429528571622,0.922138590068933,0.922138590068933,0.908041687220737,0.917211910389997
7,0.910578670663425,0.910578670663425,0.902453098779803,0.909183552018969,0.916304227203925,0.916304227203925,0.979289870674324,1.00098756509686,0.966845245619279,0.966845245619279,0.944135037140779,0.946877759398584,1.54602403432821,1.54602403432821,1.60703208283359,1.40352408823376,0.826084905563634,0.826084905563634,0.807794025751717,0.957764642532734,0.816753684144343,0.816753684144343,0.762405089987039,0.856667818084113,0.922023078393553,0.922023078393553,0.911185929159417,0.916565531312908
8,0.91810978778253,0.91810978778253,0.907302521701982,0.915757366154037,0.94198130152489,0.94198130152489,0.998655186407424,1.01162961913399,0.980323433377464,0.980323433377464,0.963586201257883,0.954899387322457,1.61926303997297,1.61926303997297,1.67458943500569,1.44118476702309,0.812425524583809,0.812425524583809,0.78350926621526,0.938124447696577,0.803516989710952,0.803516989710952,0.751428673015675,0.845621397112215,0.918922034185285,0.918922034185285,0.910109002256872,0.912725279149023
9,0.92561371675319,0.92561371675319,0.912426720501835,0.922979718006465,0.959713050725305,0.959713050725305,1.01406939238138,1.01908963172009,0.9994010153146,0.9994010153146,0.990378096409154,0.965046403841545,1.67607404679856,1.67607404679856,1.74764160606165,1.4953727940581,0.792490211802443,0.792490211802443,0.754722941496435,0.917541079662073,0.805982324049171,0.805982324049171,0.755917431393741,0.84892340892816,0.921596573745998,0.921596573745998,0.915397482581869,0.914692933104281
10,0.932723417571406,0.932723417571406,0.917372686299953,0.930452641249693,0.981761551369169,0.981761551369169,1.03500539619157,1.03271184542435,1.04242880834165,1.04242880834165,1.04234834438293,0.995538874090627,1.70026800869589,1.70026800869589,1.76337414012913,1.51233364652006,0.796428051364195,0.796428051364195,0.748207518206166,0.912436848235727,0.810184974531773,0.810184974531773,0.762405089987039,0.850914828425405,0.924475480116998,0.924475480116998,0.920618654975457,0.916175802751721
11,0.941253699145843,0.941253699145843,0.923551430360065,0.939266858408371,0.999537987437529,0.999537987437529,1.0473172493176,1.03922974301891,1.06287733339634,1.06287733339634,1.06766854708049,1.00993666780014,1.75188179407686,1.75188179407686,1.80663860881469,1.55161996612044,0.768247887000412,0.768247887000412,0.716104250721386,0.886693767998503,0.804592471133665,0.804592471133665,0.757723455272416,0.847272403020187,0.924973068872479,0.924973068872479,0.923512896026046,0.918409612797545
12,0.948587702188725,0.948587702188725,0.928571659908906,0.947351470635019,1.01379309831185,1.01379309831185,1.06883860272174,1.05269814203067,1.10334493144481,1.10334493144481,1.11343286302055,1.04332583702174,1.76580078944002,1.76580078944002,1.82237114288216,1.56001911031087,0.769601519349764,0.769601519349764,0.712076534505583,0.883420402192477,0.813196322515369,0.813196322515369,0.769383706527939,0.856208259738594,0.932214762367432,0.932214762367432,0.93189754119586,0.927335347406178
13,0.956954854872496,0.956954854872496,0.934713272093657,0.955590847544218,1.04131127159214,1.04131127159214,1.09073067753538,1.06559934936385,1.1206881877513,1.1206881877513,1.13582741204507,1.05760364911701,1.79668542722007,1.79668542722007,1.85059715988557,1.57838885147574,0.764740748640727,0.764740748640727,0.70425802655726,0.876096939711198,0.811674102655529,0.811674102655529,0.769909732900368,0.85576572207254,0.935875593925616,0.935875593925616,0.937464868665265,0.932981658756048
14,0.967891287584264,0.967891287584264,0.945726586325803,0.965716879631195,1.05713042284452,1.05713042284452,1.10731558269723,1.07381882199416,1.14994048005491,1.14994048005491,1.16825783972984,1.08199419727015,1.82046122187473,1.82046122187473,1.85493517479388,1.5750833818266,0.745297665804581,0.745297665804581,0.689509477472924,0.856512225651414,0.825076255769337,0.825076255769337,0.783253268547666,0.869041852054174,0.942637469692069,0.942637469692069,0.944743740676216,0.942468222269803
15,0.975728271373368,0.975728271373368,0.952313781014889,0.974037323755065,1.07824943663514,1.07824943663514,1.12770526021974,1.08789286635762,1.17108273536187,1.17108273536187,1.18918069630065,1.09373525523565,1.83963717686002,1.83963717686002,1.84654834597115,1.56614235736582,0.748620217934808,0.748620217934808,0.693181806963803,0.857233475744267,0.842201229192537,0.842201229192537,0.800261454589556,0.884326422212516,0.953015749449252,0.953015749449252,0.955955318965209,0.953884417440163
16,0.986542357417136,0.986542357417136,0.961663587230851,0.984546582675027,1.08849166676804,1.08849166676804,1.1371001212026,1.09202663621848,1.19331513820809,1.19331513820809,1.21090145841865,1.10460216144021,1.85242114685021,1.85242114685021,1.86019863288263,1.57015227136641,0.728069617721919,0.728069617721919,0.672747070280686,0.840589242832269,0.852476213246456,0.852476213246456,0.810185818816061,0.893398444366633,0.958764676677761,0.958764676677761,0.963051498019478,0.960585847577635
17,0.995616401960462,0.995616401960462,0.968763201799922,0.993950379576761,1.09837640195738,1.09837640195738,1.15162654695906,1.10070755292627,1.22230315232036,1.22230315232036,1.24129279414948,1.1236278174135,1.82786875588774,1.82786875588774,1.85186964425868,1.55519637590475,0.738591032800973,0.738591032800973,0.679914035899982,0.850464821026721,0.88096819801433,0.88096819801433,0.839467953547975,0.920137931804,0.971470960969518,0.971470960969518,0.975820774149652,0.971593303037483
18,1.00387480205045,1.00387480205045,0.976813392378241,1.00359737812251,1.11132665628773,1.11132665628773,1.15812392745188,1.10276482443842,1.2377138743527,1.2377138743527,1.25797788570299,1.13163230510677,1.8270324214024,1.8270324214024,1.86916386369314,1.54457552260589,0.765602151044861,0.765602151044861,0.701118777153767,0.868884438782665,0.914506672534934,0.914506672534934,0.872011451788952,0.949975182903749,0.984257214882692,0.984257214882692,0.989513130482007,0.980290903854202
19,1.01086895323778,1.01086895323778,0.984217488325274,1.01300854477103,1.11778837739252,1.11778837739252,1.16834803369283,1.10810988500269,1.26230826353399,1.26230826353399,1.28684433527696,1.14877253571334,1.80475008118584,1.80475008118584,1.86366904480928,1.5331418489015,0.784491475192636,0.784491475192636,0.716459637446309,0.883864248403464,0.936992507203657,0.936992507203657,0.896191130708299,0.970723391169917,0.990708097676969,0.990708097676969,0.99655161702364,0.983922033375498
20,1.01546375032489,1.01546375032489,0.989497641001644,1.02163114851321,1.12911202972968,1.12911202972968,1.17420152963231,1.11015754309655,1.27697570315319,1.27697570315319,1.30416775126821,1.15739407170844,1.77356675251817,1.77356675251817,1.8356165484022,1.50593945932993,0.80073506338486,0.80073506338486,0.731800497738852,0.893795307374289,0.959825805101256,0.959825805101256,0.920739028088347,0.990824813616468,0.995097541341394,0.995097541341394,1.00142663434141,0.985186274805688
21,1.01829811480022,1.01829811480022,0.993463325290225,1.02824181138222,1.13315172259187,1.13315172259187,1.17679657949881,1.10940769647063,1.29012354317221,1.29012354317221,1.31946980653992,1.16413018233682,1.76753319658822,1.76753319658822,1.83139421389145,1.49949108411276,0.80073506338486,0.80073506338486,0.733103582396906,0.890688383897383,0.976222760330619,0.976222760330619,0.937817350979895,1.00450943990523,0.998225242090134,0.998225242090134,1.00546511022595,0.984558906877925
22,1.02149951927955,1.02149951927955,0.997651800830974,1.03415971805314,1.13908613865491,1.13908613865491,1.18350858817607,1.11271471235931,1.31047296390515,1.31047296390515,1.34349562912759,1.17859653696876,1.73133186100851,1.73133186100851,1.80287899589415,1.47467296773073,0.782214911695999,0.782214911695999,0.70988498303522,0.870659823626612,0.977744980190459,0.977744980190459,0.940605290753771,1.00478177077665,0.992982789130598,0.992982789130598,1.00120547970964,0.976422134966328
23,1.02508835487421,1.02508835487421,1.00238982812707,1.03813201157198,1.14462731028004,1.14462731028004,1.18431832178103,1.11070550793857,1.31845086180614,1.31845086180614,1.35436487580379,1.18269305208373,1.7094079498571,1.7094079498571,1.7801477977746,1.45213074848417,0.788183199781778,0.788183199781778,0.713320388042816,0.858010206613493,0.991924789102229,0.991924789102229,0.956158137165273,1.01737707357974,0.9943245016677,0.9943245016677,1.003051640114,0.973922168829937
24,1.02639338599955,1.02639338599955,1.00526383528003,1.04037241459559,1.14676334256779,1.14676334256779,1.18792797761038,1.11093622997732,1.33511690524732,1.33511690524732,1.37761052407865,1.19638809633838,1.68599058426759,1.68599058426759,1.76840623742277,1.43527827207628,0.788983073442759,0.788983073442759,0.710773449847529,0.834208953549336,1.00397018103662,1.00397018103662,0.968800304315998,1.02699375747669,0.996288200149153,0.996288200149153,1.00525357101295,0.97118456332697
25,1.02925493862332,1.02925493862332,1.00897702281616,1.04322450660262,1.15199170611731,1.15199170611731,1.19024986433304,1.10956151116313,1.34056764294365,1.34056764294365,1.38667118484787,1.20072457468184,1.64357647822535,1.64357647822535,1.73098362881374,1.40444528469336,0.760495265363214,0.760495265363214,0.691345642218363,0.795483371640755,1.00173648885098,1.00173648885098,0.966468254064893,1.02399811789109,0.990548158434136,0.990548158434136,1.000301630345,0.960937553840169
26,1.03264666014176,1.03264666014176,1.01344027423458,1.04726312784255,1.15185764551348,1.15185764551348,1.18888404861383,1.1053123802829,1.34208724254383,1.34208724254383,1.38906490148945,1.20334702996465,1.62511738137035,1.62511738137035,1.71068171904284,1.38320357809563,0.756865069517225,0.756865069517225,0.698808763441762,0.786329043539156,1.0137156973132,1.0137156973132,0.977637547372815,1.03455093915854,0.991116831297543,0.991116831297543,1.0001958607385,0.957011751504317
27,1.03380215645065,1.03380215645065,1.01509635587569,1.04906134605887,1.15206320510602,1.15206320510602,1.19016206189394,1.10437026529136,1.3558131911064,1.3558131911064,1.40138810938497,1.21529377069742,1.58873683125807,1.58873683125807,1.67788632633601,1.35806033355139,0.751573597606122,0.751573597606122,0.698097989991915,0.785052985682569,1.02475179129704,1.02475179129704,0.988561361706936,1.04527396722063,0.992654025131441,0.992654025131441,1.00203240572409,0.95436920174798
28,1.03633065425598,1.03633065425598,1.01783668827735,1.05150810199255,1.15306419094798,1.15306419094798,1.18342078573698,1.09881370952491,1.3560113997499,1.3560113997499,1.40050154766587,1.21777910413538,1.54232026732171,1.54232026732171,1.63057304373603,1.32213367162718,0.736068354331726,0.736068354331726,0.685185605653018,0.776786350002944,1.02023476932164,1.02023476932164,0.983984932266799,1.04098475599579,0.986816242768025,0.986816242768025,0.995195842976686,0.945481489437999
29,1.03875719650465,1.03875719650465,1.0186535895353,1.05407277387484,1.14738895871902,1.14738895871902,1.17740144074589,1.09359362339829,1.35792741663709,1.35792741663709,1.40064339754092,1.22178991809731,1.52565331579243,1.52565331579243,1.60772616521892,1.30522700719226,0.744928493345666,0.744928493345666,0.69193795342657,0.779282984939743,1.03209815670757,1.03209815670757,0.995347101911278,1.05187799085252,0.983279808398711,0.983279808398711,0.988205433528917,0.939426438377617
30,1.04070114911842,1.04070114911842,1.01890608628775,1.05668903398465,1.14679909206215,1.14679909206215,1.17509906567636,1.09160364581411,1.36760660539481,1.36760660539481,1.40809051598138,1.23176553231033,1.48061072993913,1.48061072993913,1.56243728957615,1.27477333599858,0.75569602339733,0.75569602339733,0.699460305770789,0.784942024129823,1.04444137426671,1.04444137426671,1.00776132430062,1.06369034240028,0.982924387859081,0.982924387859081,0.984840036958465,0.937221145055782
31,1.04228485876531,1.04228485876531,1.019240273166,1.05853884042848,1.14091830024064,1.14091830024064,1.16682612474857,1.08488386643565,1.36531068860757,1.36531068860757,1.40468611898003,1.2316626909267,1.43724081305651,1.43724081305651,1.51211631663974,1.23787128958774,0.740190780122934,0.740190780122934,0.683112516424296,0.775954138357344,1.03823667375106,1.03823667375106,1.00164188416802,1.05756289779337,0.977246544738499,0.977246544738499,0.977291933221878,0.932059618013729
32,1.04445991064086,1.04445991064086,1.01987894142222,1.06080135269246,1.13387564985257,1.13387564985257,1.16260185184558,1.08096159177698,1.36977038308638,1.36977038308638,1.40803732227824,1.23725040610444,1.41615323639044,1.41615323639044,1.483196217251,1.2224818899098,0.754157804818521,0.754157804818521,0.694721816105139,0.785385870340809,1.04877639169364,1.04877639169364,1.01221501425385,1.06786040886887,0.965535437957704,0.965535437957704,0.964916889261386,0.922506515477333
33,1.04714474029975,1.04714474029975,1.01946306441817,1.06362396571233,1.13220436099144,1.13220436099144,1.15578252907609,1.07558769095787,1.37066232198214,1.37066232198214,1.4097572520133,1.24153546375608,1.36758609806321,1.36758609806321,1.4320654815317,1.18877693709402,0.768986231918241,0.768986231918241,0.706212653544341,0.794984044653395,1.06265837498066,1.06265837498066,1.02540074198942,1.08166417991388,0.962789814289066,0.962789814289066,0.960859182539297,0.921156723875176
34,1.04706997289153,1.04706997289153,1.01645538251391,1.06386716735635,1.12510808636184,1.12510808636184,1.14699252934031,1.06857950903098,1.35538373904547,1.35538373904547,1.39546587710137,1.23618771180683,1.30987901857476,1.30987901857476,1.36427676856449,1.14233779792502,0.757480356948748,0.757480356948748,0.694070273776112,0.789935294003422,1.05890246293519,1.05890246293519,1.02177116001966,1.07814089926491,0.959555487378437,0.959555487378437,0.955830318521164,0.919388686987843
35,1.04664855659064,1.04664855659064,1.01304667635575,1.06380820938204,1.11879830060806,1.11879830060806,1.14288532635611,1.06536862732511,1.3393123215348,1.3393123215348,1.37897582912606,1.23282822660794,1.25157455731107,1.25157455731107,1.2933646848633,1.10267216213539,0.772985600223144,0.772985600223144,0.709174209585372,0.799200583657767,1.06454460393742,1.06454460393742,1.02687361583222,1.08311093766829,0.944032495310115,0.944032495310115,0.939676414982991,0.907364135039045
36,1.04473858916242,1.04473858916242,1.01122721446305,1.06278381457848,1.11508929056866,1.11508929056866,1.13463189708145,1.05911029202414,1.32039991346725,1.32039991346725,1.35819482243031,1.22554362860015,1.19046240170373,1.19046240170373,1.21400793214059,1.05991780880477,0.791997981857224,0.791997981857224,0.726943545831561,0.812349527658246,1.07895605500177,1.07895605500177,1.04077824627678,1.09699981211061,0.941349070235912,0.941349070235912,0.934666781802403,0.906974406477859
37,1.04263830469509,1.04263830469509,1.00928893056919,1.06102981484289,1.10740314928219,1.10740314928219,1.12588092065193,1.05188100147678,1.30138840107794,1.30138840107794,1.33725423462511,1.21563657530955,1.13472668207359,1.13472668207359,1.14968963110003,1.02361183069132,0.789659889617435,0.789659889617435,0.733103582396906,0.813792027843952,1.09040579568666,1.09040579568666,1.05101822632674,1.10741646794235,0.937528299434894,0.937528299434894,0.929503301921452,0.907544740957644
38,1.03864844391087,1.03864844391087,1.00822695893386,1.05785345397718,1.09891264437272,1.09891264437272,1.12197859002562,1.04927576512261,1.29245249473336,1.29245249473336,1.32718289349611,1.21217424872703,1.11764156330164,1.11764156330164,1.12250473767462,1.01299097739245,0.796120407648433,0.796120407648433,0.747437513635498,0.819340105481285,1.07703673430893,1.07703673430893,1.04016454884228,1.09621686085528,0.930713110587497,0.930713110587497,0.922349430354547,0.906318521826106
39,1.03645979796109,1.03645979796109,1.00990531970019,1.05568674842145,1.09422052323854,1.09422052323854,1.11260324069589,1.04410374608741,1.28318624064961,1.28318624064961,1.31579944102284,1.20768350830811,1.0700302358148,1.0700302358148,1.07663746004407,0.979611152738889,0.821470249827207,0.821470249827207,0.781080790261614,0.837149434697123,1.08476365468442,1.08476365468442,1.05482315042065,1.10962915627263,0.91573213484211,0.91573213484211,0.909118614123282,0.897849054801301
40,1.03344871052087,1.03344871052087,1.01069251545784,1.05333579919602,1.08670419205026,1.08670419205026,1.10410591575708,1.04029683244811,1.26878307922175,1.26878307922175,1.30014276106349,1.19700514464022,1.01931252309669,1.01931252309669,1.02539104392722,0.943738678841713,0.844112827307277,0.844112827307277,0.813302519988035,0.855069725465707,1.09012451592995,1.09012451592995,1.06814915185553,1.12333080324085,0.911244950529287,0.911244950529287,0.906041680116011,0.89765894330804
41,1.02856164083799,1.02856164083799,1.0100092889512,1.04862653099836,1.08078765073439,1.08078765073439,1.10028163174329,1.0413639218773,1.26080518132076,1.26080518132076,1.29161403732573,1.19052613747093,0.995357513909454,0.995357513909454,0.995719021954372,0.92401423700097,0.834329757146051,0.834329757146051,0.815494071458399,0.851740878883308,1.07357864788821,1.07357864788821,1.06211738278501,1.11487152554743,0.906526742865704,0.906526742865704,0.901685895411968,0.894949854529062
42,1.02487764672377,1.02487764672377,1.01116780346247,1.04449210305019,1.07894655177507,1.07894655177507,1.09323792496279,1.03836453537361,1.2576008082508,1.2576008082508,1.28810325291808,1.18810936495541,0.949359117215763,0.949359117215763,0.964948036204751,0.89729953967271,0.867985979650394,0.867985979650394,0.847952725668102,0.880091555610077,1.06965727716232,1.06965727716232,1.0655365542058,1.1167097589295,0.893429495980354,0.893429495980354,0.889051235144612,0.884056465965171
43,1.02092856816222,1.02092856816222,1.01232631797374,1.04127889345053,1.0731193841951,1.0731193841951,1.0871600450123,1.03483641086447,1.24509714632317,1.24509714632317,1.27625878835087,1.17688251390811,0.90557103309047,0.90557103309047,0.918502356586432,0.864461595289495,0.89887340871288,0.89887340871288,0.867972844505475,0.911715598142874,1.07410811566554,1.07410811566554,1.07246256810946,1.12185000412751,0.89097709425691,0.89097709425691,0.88625314828175,0.881024187647648
44,1.016265800704,1.016265800704,1.01274962135286,1.03590634804194,1.06846301255527,1.06846301255527,1.08757954555463,1.03643223829912,1.24256998611851,1.24256998611851,1.27473390219402,1.16865520321695,0.903181505989499,0.903181505989499,0.905430471662721,0.859476296802274,0.903980294394526,0.903980294394526,0.863530510443927,0.930412619780684,1.07313190945108,1.07313190945108,1.0717787338253,1.11786716513302,0.88821369956129,0.88821369956129,0.884926220491114,0.878077459502093
45,1.01484521994778,1.01484521994778,1.01636626601304,1.03247204603864,1.06943718627646,1.06943718627646,1.08369672658144,1.03392313612777,1.2605904552903,1.2605904552903,1.29585180234303,1.18205886355129,0.922297722797267,0.922297722797267,0.922609010699633,0.881476635778488,0.927668860508186,0.927668860508186,0.870579013821582,0.965088105014014,1.05408761533504,1.05408761533504,1.05405164507442,1.09412331728126,0.87896388001743,0.87896388001743,0.876781960790619,0.868353256621762
46,1.01559289403,1.01559289403,1.02088150205697,1.03008424807927,1.06523662068967,1.06523662068967,1.07908222061582,1.02997202121425,1.25089474914563,1.25089474914563,1.29673836406214,1.17876793927483,0.887709318010712,0.887709318010712,0.888772494414806,0.859205356667099,0.965878210005804,0.965878210005804,0.885031407301815,1.00431301390996,1.0530783173845,1.0530783173845,1.05312233181646,1.08214075893886,0.871340109442376,0.871340109442376,0.871041555783304,0.859997856492913
47,1.01546375032489,1.01546375032489,1.02492145009628,1.02629619823014,1.06108074197083,1.06108074197083,1.07886759243138,1.02883763785709,1.23229617143029,1.23229617143029,1.29001822623134,1.17062632973671,0.846430237341439,0.846430237341439,0.848168674873013,0.830485702338545,0.982121798198028,0.982121798198028,0.88828911894695,1.02312099710051,1.04530175940488,1.04530175940488,1.04747631541905,1.06391161123331,0.870433787066321,0.870433787066321,0.870676169869941,0.856585355188867
48,1.01613665699889,1.01613665699889,1.03062490615176,1.02336303900844,1.06308271365474,1.06308271365474,1.07734568348711,1.02809740464944,1.22910831574729,1.22910831574729,1.29969948020394,1.17657398975719,0.835079983611827,0.835079983611827,0.833361583985977,0.828426557311214,0.955418323669902,0.955418323669902,0.864833595101981,1.00453493701545,1.0154199217215,1.0154199217215,1.0212100652224,1.02561508244013,0.868878822205441,0.868878822205441,0.869608858386169,0.851870590155979
49,1.01990901259555,1.01990901259555,1.03800672297358,1.02306824913691,1.05858721473952,1.05858721473952,1.0719019322634,1.02272350383033,1.21064187712762,1.21064187712762,1.29186227460707,1.16922083082697,0.792247710326922,0.792247710326922,0.792526403649074,0.809460747848961,0.956771956019254,0.956771956019254,0.866728990968241,1.00126157120942,1.00946340922647,1.00946340922647,1.01943910976855,1.0115900425621,0.867314971831071,0.867314971831071,0.868464623552215,0.849912441775385
50,1.02369496226644,1.02369496226644,1.04404436590732,1.02272924078465,1.05316222897104,1.05316222897104,1.06726791464465,1.01867625473401,1.18571714020715,1.18571714020715,1.27808510549223,1.15790827862664,0.748877793444299,0.748877793444299,0.74411415727232,0.781662289980002,0.968462417218203,0.968462417218203,0.880352148756986,1.00669868729401,1.0103072484966,1.0103072484966,1.02606704206117,1.00861142365596,0.878830597315069,0.878830597315069,0.879695432678754,0.859066310175931
51,1.02724981267555,1.02724981267555,1.04938392958427,1.02202911483978,1.05331416432205,1.05331416432205,1.06918981247811,1.02046435053428,1.16759756671361,1.16759756671361,1.26464482983063,1.1518063565307,0.734719845371046,0.734719845371046,0.705592584886517,0.761612719977048,0.952095771539675,0.952095771539675,0.8703420893383,0.99055378136937,0.99907260409626,0.99907260409626,1.02063143621273,0.993360894856549,0.892132211010706,0.892132211010706,0.890185854559793,0.868923591101546
52,1.03216407050687,1.03216407050687,1.05597112427335,1.0236357196396,1.05163393808734,1.05163393808734,1.06455579485936,1.01623444649062,1.1642940893219,1.1642940893219,1.25413020784208,1.15184063699191,0.735257488968765,0.735257488968765,0.706691548663289,0.768386223356424,0.972215670550498,0.972215670550498,0.892257604041932,1.00603291797753,1.00918212946976,1.00918212946976,1.02562868675081,0.990773751578077,0.901541969797399,0.901541969797399,0.896560877206108,0.879227634036326
53,1.03650058018376,1.03650058018376,1.06170428582913,1.02409264394047,1.04800536441024,1.04800536441024,1.05954130000454,1.01075479807042,1.1468352113067,1.1468352113067,1.22748016256587,1.13828271458212,0.713632268704978,0.713632268704978,0.683266268158408,0.749962294164521,0.994058374369587,0.994058374369587,0.914173118745564,1.01901541964889,1.02476833716508,1.02476833716508,1.0363946931732,0.991420537397695,0.918913148671795,0.918913148671795,0.91176285428578,0.896708385841732
54,1.03941650910442,1.03941650910442,1.06574423386843,1.02362834989281,1.04518115435614,1.04518115435614,1.06287779269004,1.01138928367697,1.12711345127818,1.12711345127818,1.1986137129919,1.12201663573649,0.689139615920025,0.689139615920025,0.661286992622965,0.725415117917662,0.98556740781456,0.98556740781456,0.911803873912739,1.01091522629838,1.03173414761065,1.03173414761065,1.03981386459399,0.985344154829178,0.936408724735061,0.936408724735061,0.926166751607317,0.914578866208324
55,1.04401810322864,1.04401810322864,1.0712917360474,1.02489594634038,1.05047207952078,1.05047207952078,1.06245829214771,1.00824569589906,1.13623104887931,1.13623104887931,1.19146802553593,1.12381635995018,0.700967775069831,0.700967775069831,0.673953996155233,0.717828794132761,0.999657489996452,0.999657489996452,0.927263196446923,1.01868253499065,1.03917978822943,1.03917978822943,1.04291742019133,0.981259191757906,0.949639254322772,0.949639254322772,0.936157171712175,0.930852410031518
56,1.04777006771397,1.04777006771397,1.0757624138409,1.02584664367606,1.04844329571609,1.04844329571609,1.06044859187516,1.00322749155635,1.12822011620441,1.12822011620441,1.17192820524692,1.10988135246704,0.68459951442818,0.68459951442818,0.664063322164284,0.693119053804797,1.02648402201088,1.02648402201088,0.953561814091281,1.03904397991966,1.05524582609796,1.05524582609796,1.06036396154358,0.994092784073485,0.970138133945907,0.970138133945907,0.953541848853256,0.952230447448787
57,1.04986355514419,1.04986355514419,1.07802003186286,1.02561081177884,1.04566377252994,1.04566377252994,1.05916082276847,0.997747843136145,1.11872261870323,1.11872261870323,1.15331040914577,1.09426660238445,0.666678061170898,0.666678061170898,0.651396318632015,0.670468458504164,1.03811295446668,1.03811295446668,0.969139598867106,1.04836475035038,1.05924992616406,1.05924992616406,1.06977983361007,1.0026031238053,0.988895452924858,0.988895452924858,0.970791910131518,0.972562871653117
58,1.05197063664863,1.05197063664863,1.08042617738627,1.02603088734576,1.04921190984474,1.04921190984474,1.06683865827575,1.00009351719672,1.11601376724203,1.11601376724203,1.14318587431362,1.0855079445445,0.67187528261551,0.67187528261551,0.654982410956219,0.664345211449208,1.05872508342272,1.05872508342272,0.98649431726755,1.073275618942,1.06471006261784,1.06471006261784,1.07745981864754,1.01422824787896,1.00298787732117,1.00298787732117,0.983426570398875,0.989577850300032
59,1.05254158776597,1.05254158776597,1.08144359077117,1.02496964380826,1.05065082699256,1.05065082699256,1.06651671599908,0.995450236166972,1.11692222352475,1.11692222352475,1.1389658405307,1.07887467529976,0.668828635561772,0.668828635561772,0.671524707806579,0.664670339611418,1.0894894549989,1.0894894549989,1.01498448638227,1.10007283393032,1.07189096934795,1.07189096934795,1.08717377232507,1.02602357874726,1.01859083901091,1.01859083901091,0.997465081807048,1.00594644986986
60,1.0525008055433,1.0525008055433,1.08179263039957,1.02418845064872,1.04903316237296,1.04903316237296,1.06602892467079,0.989778319381148,1.10673099577132,1.10673099577132,1.12901861804237,1.06301996198868,0.656283618281674,0.656283618281674,0.66990518224081,0.649064187825335,1.09028932865988,1.09028932865988,1.01356293948258,1.09746523744077,1.0610865175167,1.0610865175167,1.07931844516346,1.01572606767176,1.02500617975122,1.02500617975122,1.00407087450391,1.01692538860572
61,1.05183469590641,1.05183469590641,1.08128021051958,1.02247866939386,1.04879185328606,1.04879185328606,1.07251654933704,0.99116265161362,1.09198096921733,1.09198096921733,1.12150057466438,1.05011336834194,0.663452199584587,0.663452199584587,0.674648078540563,0.64543359001399,1.10720973302678,1.10720973302678,1.02754148399624,1.11044773911213,1.05881973359498,1.05881973359498,1.08045816897039,1.01347933798256,1.02898688979507,1.02898688979507,1.01162859365927,1.02539485563052
62,1.05067240256041,1.05067240256041,1.08059698401293,1.02031196383813,1.05425258854889,1.05425258854889,1.07302385231847,0.987836408888374,1.08750475735156,1.08750475735156,1.12437303463427,1.04591401184333,0.682508678214831,0.682508678214831,0.691768777378698,0.657409143988727,1.13686658722622,1.13686658722622,1.05532087966112,1.13097562637026,1.05928301790015,1.05928301790015,1.08380720354152,1.01097729810141,1.03437151097046,1.03437151097046,1.02193632258362,1.03214381364131
63,1.05003348107197,1.05003348107197,1.07990633113121,1.01815999777597,1.05275110978595,1.05275110978595,1.07169705990552,0.983702639027519,1.06599911953151,1.06599911953151,1.1088404733156,1.02640842941305,0.683703441765316,0.683703441765316,0.685579876109508,0.64911837585237,1.13489766744535,1.13489766744535,1.0610070672599,1.12858995298621,1.04550030982138,1.04550030982138,1.07311133396879,0.996237389685903,1.03442482405141,1.03442482405141,1.02617672226239,1.03164001818416
64,1.04819148401486,1.04819148401486,1.07790120986171,1.01507207387172,1.0500520229621,1.0500520229621,1.07185315313057,0.982558642252073,1.04375019929833,1.04375019929833,1.08809492908861,1.0077255780519,0.699952226051919,0.699952226051919,0.676036243311223,0.64716760687911,1.16018598088097,1.16018598088097,1.09062262767021,1.14512322434546,1.04831310738847,1.04831310738847,1.07742475022271,0.995352314353794,1.04068022554889,1.04068022554889,1.03627291197375,1.03774259711786
65,1.04584650621153,1.04584650621153,1.07540594783743,1.01176305756382,1.05348397442024,1.05348397442024,1.0737262718312,0.981501166241157,1.03032156370102,1.03032156370102,1.07476104083331,0.996104501700644,0.704074160301094,0.704074160301094,0.688818927241047,0.64554196606806,1.18479747814191,1.18479747814191,1.12053434368463,1.15738447592396,1.04672470405647,1.04672470405647,1.07758255813444,0.989939738284359,1.04528292153709,1.04528292153709,1.04551332941434,1.0422387339335
66,1.04456866323464,1.04456866323464,1.07397265744849,1.00976585618422,1.05015927144517,1.05015927144517,1.06998003442994,0.976194559350013,1.00686687421987,1.00686687421987,1.05110757416766,0.976324675580666,0.690692808535656,0.690692808535656,0.697032235467449,0.635300428958443,1.17975212120342,1.17975212120342,1.12142281049694,1.15416659089431,1.03540733031592,1.03540733031592,1.06860504137831,0.975846615688471,1.04583382337352,1.04583382337352,1.04840757046493,1.04270450709199
67,1.04108858023376,1.04108858023376,1.07004410503527,1.00606624329655,1.0460212674735,1.0460212674735,1.06774595014637,0.973608549832409,0.983759049864844,0.983759049864844,1.02777326972089,0.95603064254249,0.68501768167085,0.68501768167085,0.705939626079182,0.630098378363082,1.20430208972121,1.20430208972121,1.14487833434191,1.17108822768817,1.03679718323142,1.03679718323142,1.0703058599825,0.973106286294826,1.0516094071425,1.0516094071425,1.05606144380801,1.04875955815237
68,1.03847172094598,1.03847172094598,1.06566997011771,1.00314045382164,1.04753168361002,1.04753168361002,1.07012637182842,0.973752751106625,0.972444639798231,0.972444639798231,1.01637208601323,0.947631929545273,0.694336837364637,0.694336837364637,0.726357216247633,0.637088633850598,1.21777688447158,1.21777688447158,1.15784994980163,1.17691370920737,1.03315709226224,1.03315709226224,1.06951682042385,0.964493822486228,1.05366196075886,1.05366196075886,1.05881145357701,1.05011885532919
69,1.03621510462509,1.03621510462509,1.06162259570333,1.00015570637242,1.04325068166093,1.04325068166093,1.0655118658628,0.969224831096246,0.950592136852057,0.950592136852057,0.993445599957248,0.927749262041655,0.684957943493326,0.684957943493326,0.717160624642013,0.633728976174428,1.21611560840647,1.21611560840647,1.15796841204327,1.18007611346065,1.02538053428262,1.02538053428262,1.06127574058912,0.951302795901912,1.05656752367033,1.05656752367033,1.06257108231715,1.05326520054267
70,1.03090661864132,1.03090661864132,1.05507995926468,0.996168673360007,1.03310676263751,1.03310676263751,1.05790232114149,0.965552505312882,0.920778253391857,0.920778253391857,0.962628714601253,0.902347440282722,0.670322089999879,0.670322089999879,0.696395993280897,0.623433251037776,1.23875818588654,1.23875818588654,1.17662621510176,1.19816284655836,1.02551290122696,1.02551290122696,1.06167902747465,0.944903020423586,1.06108136452362,1.06108136452362,1.06711917539664,1.0578658986796
71,1.0260603311811,1.0260603311811,1.04893834707993,0.992520648699852,1.02678803951014,1.02678803951014,1.05365853658537,0.966283125102243,0.903682757889748,0.903682757889748,0.943461250234262,0.888446713260796,0.675818002332112,0.675818002332112,0.702931935742752,0.634487608552918,1.24337284162296,1.24337284162296,1.18249009606301,1.20454313584129,1.0116143720719,1.0116143720719,1.04796727336665,0.926299417769835,1.05940200247388,1.05940200247388,1.06553263129914,1.0561168729416
72,1.020976147422,1.020976147422,1.04307893714793,0.988570464421381,1.02026375679023,1.02026375679023,1.04189300974702,0.962610799318879,0.880459311826013,0.880459311826013,0.917289948286362,0.868426923912326,0.667155966591092,0.667155966591092,0.692694220559138,0.636871881742458,1.25007947462657,1.25007947462657,1.1873470479703,1.21397486782476,1.01196183530077,1.01196183530077,1.04472344407,0.920767696944155,1.06410243911048,1.06410243911048,1.07021534024146,1.06047993171195
73,1.01566086440111,1.01566086440111,1.03702644146404,0.985062464950201,1.01121913471825,1.01121913471825,1.03219571814062,0.960005562964712,0.857946113401497,0.857946113401497,0.891384614854194,0.849675511628742,0.681851558262064,0.681851558262064,0.692925581354248,0.64857649558202,1.2690303275175,1.2690303275175,1.20754486017013,1.22734573493073,1.00511184593149,1.00511184593149,1.03372949288622,0.90912555219103,1.06402246948906,1.06402246948906,1.06876341200678,1.06037537039066
74,1.01031159619467,1.01031159619467,1.03043182039989,0.980751163079108,1.00603545803667,1.00603545803667,1.02728853737803,0.961274534177812,0.848052198613319,0.848052198613319,0.878103920302042,0.842973681461574,0.688721448677355,0.688721448677355,0.7046093015073,0.664995467773628,1.26084700467824,1.26084700467824,1.20221405929628,1.22124284952966,0.99174278455377,0.99174278455377,1.01079474304829,0.894198416301423,1.06453782927152,1.06453782927152,1.06517686080455,1.06082213239982
75,1.00458849094712,1.00458849094712,1.02399315321224,0.976520928422685,1.00010997934722,1.00010997934722,1.01753271081223,0.958044425635376,0.829569242606691,0.829569242606691,0.855478865230551,0.828318784292959,0.686212445221336,0.686212445221336,0.697957678647889,0.667054612800958,1.28072078871645,1.28072078871645,1.21968723993836,1.23727679390155,0.98441296501128,0.98441296501128,0.995276965061621,0.885619993851752,1.06658149737439,1.06658149737439,1.06266723650487,1.06277077520575
76,0.999212034592237,0.999212034592237,1.01760647065011,0.972703399586402,0.992691959268416,0.992691959268416,1.00854759454514,0.955256534333869,0.812671955748085,0.812671955748085,0.832481454237038,0.814726581421952,0.712437505154492,0.712437505154492,0.719821273785778,0.687049994776876,1.27992091505547,1.27992091505547,1.22401111175827,1.23827544787627,0.959031603435253,0.959031603435253,0.967327430473195,0.865263261213247,1.06223648127742,1.06223648127742,1.05261912388738,1.05817007706882
77,0.992414997481131,0.992414997481131,1.00949686907121,0.96781725746583,0.989242133063094,0.989242133063094,1.0049086712361,0.957111924062114,0.808724300264989,0.808724300264989,0.817516292418592,0.812789735363409,0.719725562812453,0.719725562812453,0.723927927898979,0.698646232562368,1.28090537494591,1.28090537494591,1.22543265865796,1.23871929408726,0.946109280494655,0.946109280494655,0.953580607940368,0.857791182928712,1.06436011900171,1.06436011900171,1.04918641938552,1.06030883136802
78,0.98797653224758,0.98797653224758,1.00408304164354,0.96528943431748,0.982673163475238,0.982673163475238,0.996479637083252,0.954122150976705,0.798252276933263,0.798252276933263,0.797710503613847,0.804990930437422,0.736213299809153,0.736213299809153,0.733240199902154,0.713493751969961,1.29228819242909,1.29228819242909,1.23739734506373,1.24809554529435,0.929133219883831,0.929133219883831,0.938062829953695,0.84480440449796,1.05929537631199,1.05929537631199,1.03886907504239,1.05547999943917
79,0.983164229972917,0.983164229972917,0.997985987709225,0.963107989268175,0.979956201904207,0.979956201904207,0.994421157677869,0.956727387330871,0.80436371010793,0.80436371010793,0.794447956487551,0.813766728507984,0.818174079372457,0.818174079372457,0.807102133741,0.776839555573886,1.27776740904514,1.27776740904514,1.22341880055006,1.23733227467793,0.905207894695477,0.905207894695477,0.918985606846915,0.830132578800309,1.05943754452784,1.05943754452784,1.03270559160907,1.05498570955669
80,0.979310309930921,0.979310309930921,0.991718127148247,0.962371014589355,0.984737696774279,0.984737696774279,0.997640580444581,0.964696911085868,0.81742896319215,0.81742896319215,0.798419752989129,0.82597057269986,0.844817306548283,0.844817306548283,0.826189399337569,0.792391519332933,1.2925343074017,1.2925343074017,1.23461348238516,1.2473742952015,0.893112865156966,0.893112865156966,0.910376308551484,0.821366928876538,1.05897549782632,1.05897549782632,1.02808057517939,1.05386405174645
81,0.976768218051367,0.976768218051367,0.988346552865445,0.962164661679286,0.983611587702075,0.983611587702075,0.995269914589093,0.965888974952719,0.816768267713808,0.816768267713808,0.791433646642603,0.824873597941039,0.886395078105178,0.886395078105178,0.853547813359319,0.811899209065536,1.28588920314125,1.28588920314125,1.22685420555766,1.24199265989329,0.868327154830442,0.868327154830442,0.887441558713554,0.802797367581714,1.05255127157251,1.05255127157251,1.02177286046449,1.04733372195291
82,0.972547258005371,0.972547258005371,0.983705068445289,0.961206594596821,0.982396104893982,0.982396104893982,0.996430857950423,0.970868725622307,0.820154332040313,0.820154332040313,0.793561394768448,0.828850131441763,0.905690509445519,0.905690509445519,0.878476939032414,0.837584333880131,1.28515085822342,1.28515085822342,1.22330033830842,1.24254746765702,0.86706966885927,0.86706966885927,0.881918281803043,0.808890770829695,1.05244464541063,1.05244464541063,1.02607095265589,1.04693448781706
83,0.969753675752707,0.969753675752707,0.980541432664511,0.960675972828071,0.984550011928911,0.984550011928911,0.995221135456264,0.972522233566649,0.816487472135512,0.816487472135512,0.792267014658559,0.824290830100416,0.919370552098577,0.919370552098577,0.886169685469819,0.855412194774649,1.28619684685701,1.28619684685701,1.22892729478638,1.24632016045041,0.854858818244467,0.854858818244467,0.862157224412105,0.807767405985095,1.04299045905648,1.04299045905648,1.02291709529844,1.03821787585102
84,0.966178434232265,0.966178434232265,0.976976772629831,0.960219048527203,0.983271967505696,0.983271967505696,0.99214805008804,0.973012517898983,0.810656834539141,0.810656834539141,0.786841256937653,0.817520439010822,0.965787116034938,0.965787116034938,0.92405501566907,0.888250139157864,1.23432811637957,1.23432811637957,1.20422791740418,1.22851083123457,0.856232125291931,0.856232125291931,0.854073952489103,0.816481993870475,1.04122224187182,1.04122224187182,1.02657095443208,1.03658291700897
85,0.962406078635602,0.962406078635602,0.973322996094284,0.959017779800728,0.982932347309317,0.982932347309317,0.994957728138988,0.976742524192034,0.814951355148366,0.814951355148366,0.79244432700238,0.821188448360627,0.981796947611444,0.981796947611444,0.937126900592782,0.904940051484647,1.23328212774598,1.23328212774598,1.20878871370736,1.23677746691419,0.859872216261114,0.859872216261114,0.850672315280725,0.8281241386236,1.03752586825967,1.03752586825967,1.02963827302057,1.03325596587689
86,0.959877580830271,0.959877580830271,0.97113221544797,0.959555771316266,0.985318626057558,0.985318626057558,0.993504109980685,0.976848271793125,0.80963275654771,0.80963275654771,0.787887399766194,0.818823096536921,1.03155884948916,1.03155884948916,0.964485314614531,0.937994747976002,1.20196399748142,1.20196399748142,1.18290471390875,1.21070150201873,0.845328398252425,0.845328398252425,0.831507421111874,0.821877549260447,1.0268543665573,1.0268543665573,1.02577287467394,1.02442528701489
87,0.955989675602719,0.955989675602719,0.967084841033594,0.95892934283927,0.984693009906334,0.984693009906334,0.993913854696448,0.97898245065152,0.813398720774262,0.813398720774262,0.790688934798557,0.823485239261907,1.06465379983761,1.06465379983761,1.00560969594532,0.974680042278703,1.19679558305662,1.19679558305662,1.17514543708125,1.2040992896303,0.849961241304112,0.849961241304112,0.830753449978058,0.834115417794799,1.02428645315847,1.02428645315847,1.0280421135043,1.02240059961165
88,0.953644697799388,0.953644697799388,0.965837210021456,0.95888512435854,0.988741640142114,0.988741640142114,0.99694791675841,0.983375782805963,0.817412445805192,0.817412445805192,0.792852145393167,0.82876443028873,1.06077081829853,1.06077081829853,1.01301324138884,0.993537475686886,1.18664334043648,1.18664334043648,1.16424691085025,1.19466755764684,0.839620073778025,0.839620073778025,0.814429098220326,0.827868828431646,1.01076270162557,1.01076270162557,1.01634976427667,1.00956807381649
89,0.951646368888723,0.951646368888723,0.964916339512497,0.95880405714387,0.989072322964904,0.989072322964904,0.996060136540923,0.983491143825336,0.816933441583393,0.816933441583393,0.790334310110916,0.83171254995306,1.06626673063077,1.06626673063077,1.0457507938969,1.0252916595294,1.13618977105155,1.13618977105155,1.11644739634801,1.15411111011794,0.84185376596366,0.84185376596366,0.812956224377523,0.834813265652808,1.00644434206907,1.00644434206907,1.01044589715022,1.00314230534425
90,0.951034635548723,0.951034635548723,0.964292524006428,0.958280805121909,0.990403991629653,0.990403991629653,1.00091853817069,0.988720843370232,0.82775233004125,0.82775233004125,0.800902125802615,0.843042242384,1.06256296362426,1.06256296362426,1.04742815966144,1.05818379193965,1.12929855181848,1.12929855181848,1.11188660004482,1.12836802988071,0.85164891984437,0.85164891984437,0.820057580405323,0.84817449903176,1.00066875830009,1.00066875830009,1.00460933795518,0.997457971695726
91,0.951435660738278,0.951435660738278,0.965250526390748,0.958590334487013,0.995605543058404,0.995605543058404,1.00179656256161,0.990643527026443,0.827967056071711,0.827967056071711,0.800707082224413,0.84134535955395,1.09034121617305,1.09034121617305,1.07195240394309,1.08831233497112,1.09816500778339,1.09816500778339,1.07972410143922,1.08570331284963,0.840265362631653,0.840265362631653,0.805363910402123,0.842966171115888,0.997443316902949,0.997443316902949,1.00138817266632,0.993703269703809
92,0.951007447400279,0.951007447400279,0.964641563634824,0.95835450258979,0.996106035979384,0.996106035979384,1.00334773898557,0.99524835438307,0.830857598789459,0.830857598789459,0.804909384772958,0.83844866058144,1.09117755065839,1.09117755065839,1.08201659853038,1.09546515453974,1.09373493827642,1.09373493827642,1.07753254996885,1.0657857141316,0.843574536240001,0.843574536240001,0.810203353028475,0.849553174068314,0.996883529553033,0.996883529553033,1.00120547970964,0.99228693907901
93,0.951578398517612,0.951578398517612,0.965228247265531,0.958693510942047,1.00358661767331,1.00358661767331,1.00635253356783,1.0009683382603,0.821806070736169,0.821806070736169,0.798703452739242,0.823450958800694,1.09177493243363,1.09177493243363,1.07432385209297,1.0954109665127,1.07982944232398,1.07982944232398,1.06621940589211,1.0491414812196,0.833878657567542,0.833878657567542,0.802365560079274,0.841859826950752,0.990699212163478,0.990699212163478,0.995791998940595,0.987020850715663
94,0.952992182236721,0.952992182236721,0.966126838649274,0.958936712586058,1.00715262973529,1.00715262973529,1.00675252245703,1.00542896434271,0.820633336262111,0.820633336262111,0.799235389770703,0.818120347082052,1.14571850673805,1.14571850673805,1.13418845782767,1.14623933587154,1.02882211425067,1.02882211425067,1.02303991881388,1.00808570670334,0.835715248920175,0.835715248920175,0.806819250032511,0.841638558117725,0.990583700488099,0.990583700488099,0.995897768547094,0.985956226353398
95,0.955554665227608,0.955554665227608,0.967760641165168,0.959113586508974,1.00986959130632,1.00986959130632,1.01211822706822,1.01542691935501,0.836242266937949,0.836242266937949,0.815689975277241,0.824616494481941,1.14530033949538,1.14530033949538,1.1325689322619,1.14651027600672,1.01011737633235,1.01011737633235,1.00935752990431,0.990775704474864,0.834954138990255,0.834954138990255,0.806836784244926,0.836549374958098,0.986976182010858,0.986976182010858,0.992705449514551,0.982134985338839
96,0.958878416374938,0.958878416374938,0.971109936322753,0.959585250303419,1.01427571648566,1.01427571648566,1.00860612950453,1.01758032504997,0.833335206833243,0.833335206833243,0.81194868482263,0.813749588277377,1.18424963124121,1.18424963124121,1.17409819498413,1.17566343455155,0.966431968694175,0.966431968694175,0.967066509638384,0.951939161013535,0.832356437707702,0.832356437707702,0.80389103655932,0.827613518239691,0.985341247528562,0.985341247528562,0.991628522612006,0.979530457881155
97,0.961332146772047,0.961332146772047,0.973271011468778,0.959069368028245,1.01533926394274,1.01533926394274,1.01128898181013,1.02518453891028,0.852231097513835,0.852231097513835,0.833563059534343,0.820862783979103,1.18186010414024,1.18186010414024,1.16987586047337,1.17425454584864,0.974799877762897,0.974799877762897,0.952732578399792,0.931078389097164,0.838097853918186,0.838097853918186,0.808783081822915,0.830915530055636,0.986220913364146,0.986220913364146,0.992907373308778,0.97935935753722
98,0.964322843100934,0.964322843100934,0.976575748375929,0.959378897393349,1.02426770015807,1.02426770015807,1.01067436473648,1.02897222571302,0.849720454696134,0.849720454696134,0.836417788269853,0.809550231778768,1.19763098300665,1.19763098300665,1.17693236472423,1.17978172460621,0.955972082358274,0.955972082358274,0.927203965326102,0.903338000910501,0.833928295171667,0.833928295171667,0.802505833778589,0.826098677767428,0.98255119629247,0.98255119629247,0.989705438857462,0.975281466006758
99,0.96774175276782,0.96774175276782,0.980066144659887,0.959806342707064,1.02466988196957,1.02466988196957,1.00530866012529,1.02870305000115,0.855518057518588,0.855518057518588,0.849326126899982,0.803191206223732,1.20730856776558,1.20730856776558,1.19954788244622,1.20627966982633,0.91942400892577,0.91942400892577,0.898773027332201,0.870437900521119,0.839884807666693,0.839884807666693,0.806749113182854,0.833281404501081,0.98363522893834,0.98363522893834,0.991868908081324,0.974720637101636
100,0.970147903905151,0.970147903905151,0.983229780440665,0.959754754479547,1.03109585358,1.03109585358,1.0123230994261,1.03795115838753,0.870945296937883,0.870945296937883,0.866117605859779,0.803139785531912,1.19972181922,1.19972181922,1.18647599752251,1.20270326004202,0.90330347821985,0.90330347821985,0.885801411872483,0.854403956149227,0.843508352767834,0.843508352767834,0.809063629221544,0.839136518236571,0.985474530230923,0.985474530230923,0.994109300655368,0.97396019112859
101,0.974613557287147,0.974613557287147,0.988450522116457,0.961420317253679,1.03413456060023,1.03413456060023,1.01388403167663,1.03723015201645,0.875784891316741,0.875784891316741,0.871171007658662,0.799231812953615,1.22905326438441,1.22905326438441,1.20978559762984,1.21738821536851,0.864109668831795,0.864109668831795,0.850203508259286,0.83326578035099,0.837369835724349,0.837369835724349,0.804715144542793,0.833502673334108,0.982986586453516,0.982986586453516,0.992811219121051,0.969654165806214
102,0.977074084721367,0.977074084721367,0.991577026021874,0.961545602949078,1.03337488384518,1.03337488384518,1.02586418669942,1.044055678996,0.896695903206277,0.896695903206277,0.892749919901611,0.817674701086281,1.22821692989907,1.22821692989907,1.19920084125356,1.21066890001617,0.848850540530009,0.848850540530009,0.837942666249416,0.828217029701017,0.83985171593061,0.83985171593061,0.812763348040966,0.836140878650971,0.985136880718275,0.985136880718275,0.995820845196913,0.969102842475755
103,0.980934801800475,0.980934801800475,0.99658240282057,0.962105703704981,1.04177601501876,1.04177601501876,1.03074209998232,1.044055678996,0.90515280532906,0.90515280532906,0.899558713904317,0.825096420938925,1.26053528393971,1.26053528393971,1.20481134053497,1.21299898517867,0.825346560645806,0.825346560645806,0.81661946275399,0.809963854274193,0.833034818297414,0.833034818297414,0.812833484890623,0.828141159303064,0.984195016288257,0.984195016288257,0.99513815046405,0.964578188936129
104,0.985128573698027,0.985128573698027,1.0012832982413,0.963999728629546,1.04073034230886,1.04073034230886,1.03592244388875,1.04498818056926,0.92796331671883,0.92796331671883,0.914967156582314,0.841602463013049,1.25593544427034,1.25593544427034,1.20481134053497,1.21229454082722,0.784306888963179,0.784306888963179,0.78066617241587,0.774678080500757,0.832836267880913,0.832836267880913,0.821337577911568,0.827085877176318,0.985749981149136,0.985749981149136,0.997695851857593,0.962971746818068
105,0.988438730771135,0.988438730771135,1.00591735628639,0.964898837737706,1.04622682706604,1.04622682706604,1.04644898075324,1.04889122839137,0.947850250616936,0.947850250616936,0.927272633243454,0.855023263577991,1.24321121245767,1.24321121245767,1.18740144070295,1.204220524799,0.76818635825726,0.76818635825726,0.768227637043538,0.74971173113276,0.838925147320272,0.838925147320272,0.83494412674508,0.83098361277349,0.99023716546196,0.99023716546196,1.00345548770245,0.963133341587341
106,0.99326462712002,0.99326462712002,1.01198470472042,0.966925518104459,1.04672731998702,1.04672731998702,1.05043911381865,1.04776645845249,0.961064160183783,0.961064160183783,0.936155981668859,0.861982197204257,1.25754837506349,1.25754837506349,1.20041548542788,1.21186103661094,0.73643752679064,0.73643752679064,0.740329779137022,0.722637112262577,0.83518578114284,0.83518578114284,0.839538090397632,0.825877408934401,0.990983548595182,0.990983548595182,1.00503241638118,0.960291174763079
107,0.998321622730682,0.998321622730682,1.01766588165069,0.969740761377548,1.04615532807733,1.04615532807733,1.06019494038445,1.05184254780366,0.9890776484655,0.9890776484655,0.959649867225069,0.881984846322121,1.23956718362869,1.23956718362869,1.18369966798119,1.20064411501469,0.716625271495579,0.716625271495579,0.726765852469099,0.69900230152754,0.845924049501928,0.845924049501928,0.855090936809134,0.834404769345681,0.996536994526894,0.996536994526894,1.01182090203472,0.961013598437474
108,1.00294360796623,1.00294360796623,1.02367381908414,0.972275954272687,1.04919403509756,1.04919403509756,1.06255585041337,1.05000638491197,1.00214290154972,1.00214290154972,0.974597297809134,0.891411973155733,1.24500335778339,1.24500335778339,1.18317910619219,1.19636326087892,0.702781304286297,0.702781304286297,0.717821953225184,0.682968357155649,0.85831690466519,0.85831690466519,0.871257480655137,0.84442994954976,1.0038231155893,1.0038231155893,1.02016708552944,0.962648557279524
109,1.0083064702469,1.0083064702469,1.02988226864454,0.975953457919995,1.04636088766988,1.04636088766988,1.0640582477045,1.05059280342712,1.02049371846068,1.02049371846068,0.996193941286465,0.906186851938593,1.2344297003616,1.2344297003616,1.17837836969366,1.19311197925682,0.672324576425877,0.672324576425877,0.696498749729758,0.653674507230532,0.862602284488,0.862602284488,0.877973084009821,0.846659658559496,1.00651542617699,1.00651542617699,1.02401325303853,0.96053831970432
110,1.01322072807822,1.01322072807822,1.03555601919974,0.979712028781973,1.04822879874996,1.04822879874996,1.06429238754208,1.05058319000884,1.02677032550493,1.02677032550493,1.01289676407435,0.917516544369534,1.21638877074927,1.21638877074927,1.1595224648922,1.18184086963354,0.666233230853793,0.666233230853793,0.696439518608937,0.64096940944104,0.881927858360751,0.881927858360751,0.900557149599465,0.86274420065263,1.01393482994176,1.01393482994176,1.03381136476794,0.963551586872516
111,1.01829811480022,1.01829811480022,1.04180902701057,0.983441120656798,1.04486834628053,1.04486834628053,1.06002909133283,1.04684357029751,1.02614266480051,1.02614266480051,1.02394332309437,0.922607192859685,1.2260663555082,1.2260663555082,1.16779361331738,1.18390001466087,0.666786989542165,0.666786989542165,0.703488021986592,0.633479504630641,0.903305119870677,0.903305119870677,0.925210252253999,0.881228658550135,1.02303359575628,1.02303359575628,1.04409986285475,0.967030627199204
112,1.02313760522333,1.02313760522333,1.04780953806895,0.987148103291259,1.04233906955486,1.04233906955486,1.06113149973476,1.04780491212561,1.03826642682809,1.03826642682809,1.04499029830585,0.939576021160186,1.20695013870043,1.20695013870043,1.15049939388292,1.16867317906403,0.648389895339608,0.648389895339608,0.69004255756031,0.618832579668083,0.915052686180312,0.915052686180312,0.938781732662682,0.891730417779197,1.02708538990806,1.02708538990806,1.04864795593425,0.965756880194351
113,1.02833733861332,1.02833733861332,1.05426305800673,0.991171985037613,1.04178495239235,1.04178495239235,1.05640967967692,1.04376727644757,1.03806821818459,1.03806821818459,1.0495826880108,0.944289584576992,1.19643621945616,1.19643621945616,1.13413061762889,1.15312121530499,0.667771449432602,0.667771449432602,0.71083268096835,0.626988253794962,0.943097932511059,0.943097932511059,0.968186606881496,0.916240196206828,1.03537557399492,1.03537557399492,1.0563499063712,0.969102842475755
114,1.03096099493821,1.03096099493821,1.05853322367328,0.994031446791431,1.03651190197489,1.03651190197489,1.05279026802101,1.04130624136762,1.04479079467672,1.04479079467672,1.05944125432722,0.954093796483948,1.19123899801155,1.19123899801155,1.13789023054943,1.1545301040079,0.678723565713723,0.678723565713723,0.721020433749498,0.633534985407015,0.965550675443698,0.965550675443698,0.99077067247114,0.935660791474833,1.04286606186761,1.04286606186761,1.06192684925937,0.974121785897862
115,1.03367301274554,1.03367301274554,1.06280338933982,0.996802471583792,1.03633315450311,1.03633315450311,1.04867330921025,1.03927781011031,1.04708671146396,1.04708671146396,1.06082429060902,0.958670238055902,1.17504995190247,1.17504995190247,1.12094305230762,1.13914070432995,0.660449528997471,0.660449528997471,0.703784177590695,0.62027507985379,0.974187618561486,0.974187618561486,0.999870928714172,0.942843518208486,1.04084016479172,1.04084016479172,1.0590614544651,0.973218756304869
116,1.0375677150102,1.0375677150102,1.06683591100405,1.00101059699985,1.03080985762516,1.03080985762516,1.04001013521982,1.03384622878152,1.04485686422456,1.04485686422456,1.05869654248318,0.958893061053787,1.17080854129825,1.17080854129825,1.11434926964699,1.1255936975712,0.668448265607278,0.668448265607278,0.709588827431117,0.626433446031229,0.995250508578619,0.995250508578619,1.02163088632034,0.961208831349746,1.04256395440892,1.04256395440892,1.06021530471783,0.976289056921045
117,1.03909025132309,1.03909025132309,1.06836574426894,1.00323626052988,1.02594792639278,1.02594792639278,1.03520051272289,1.03273107226091,1.05417267046918,1.05417267046918,1.06832460275263,0.967891682122235,1.15844273855072,1.15844273855072,1.10613596142059,1.12044583500288,0.672201518939573,0.672201518939573,0.701948012845256,0.632924696866908,1.01826581102468,1.01826581102468,1.04554755205348,0.981123026322197,1.04657132099325,1.04657132099325,1.06421531892728,0.981450583963097
118,1.04100701578842,1.04100701578842,1.07121004592161,1.00551351228744,1.02330246381046,1.02330246381046,1.02483006908345,1.02651119063307,1.05425525740398,1.05425525740398,1.06733165362723,0.970342735098974,1.13000736604917,1.13000736604917,1.08502428886681,1.09817455589149,0.649866585175265,0.649866585175265,0.665224717936467,0.621162772275763,1.02456978674858,1.02456978674858,1.05008891306878,0.986246250840751,1.04597599158937,1.04597599158937,1.06314800744351,0.983237631999757
119,1.04369864248442,1.04369864248442,1.07403949482414,1.00873409163388,1.01737698512101,1.01737698512101,1.01438157883148,1.02019517482241,1.04979556292516,1.04979556292516,1.0627215326879,0.967103231514333,1.13347218034558,1.13347218034558,1.08126467594627,1.09589865875602,0.654419712168539,0.654419712168539,0.654385422826292,0.632314408326802,1.04647651603584,1.04647651603584,1.06574696475477,1.00537749455787,1.04367464359527,1.04367464359527,1.06097492280087,0.983038014931832
120,1.04566978324664,1.04566978324664,1.07591094134234,1.01174094832346,1.01453490031973,1.01453490031973,1.00726958126502,1.01777259341559,1.06041624273952,1.06041624273952,1.07208362444162,0.978758588326798,1.11913501773975,1.11913501773975,1.05870699842305,1.0910759243499,0.656019459490501,0.656019459490501,0.646270759273866,0.6431331597196,1.07341318920779,1.07341318920779,1.08489432471121,1.02866178406412,1.04728216207251,1.04728216207251,1.06480185947242,0.988152014100569
121,1.04742341882131,1.04742341882131,1.07830223411561,1.01430562020575,1.0084306741585,1.0084306741585,0.99646012543012,1.01140851051353,1.06025106886993,1.06025106886993,1.07043461964409,0.982135213756292,1.09308917233917,1.09308917233917,1.024407760548,1.07335643950945,0.620517374691587,0.620517374691587,0.616240581017808,0.630760946588348,1.08430037037926,1.08430037037926,1.08620939064228,1.03822740592269,1.05165383470995,1.05165383470995,1.06914802875769,0.994311626482246
122,1.0489527521713,1.0489527521713,1.07956471787789,1.01709138449169,1.00075347024562,1.00075347024562,0.987933533011617,1.00543857776099,1.05932609520025,1.05932609520025,1.06731392239285,0.980866836691406,1.08520373290596,1.08520373290596,1.02550672432478,1.07736635351004,0.650235757634179,0.650235757634179,0.6400514915877,0.641746140310267,1.10708403067273,1.10708403067273,1.10193757917793,1.05809053885675,1.04773532326053,1.04773532326053,1.06471532070346,0.995300206247206
123,1.0495033121773,1.0495033121773,1.07975780362977,1.01844004815393,0.997384080402599,0.997384080402599,0.978685009427245,0.995325261729318,1.06941821863193,1.06941821863193,1.07470784713016,0.984757669039097,1.05515542961125,1.05515542961125,1.01469060715339,1.06577011572455,0.674047381234143,0.674047381234143,0.65705082326322,0.658612296327758,1.13052952568787,1.13052952568787,1.12120767862127,1.07882172644345,1.0476731246661,1.0476731246661,1.06423454976483,1.00049025001325
124,1.04847016253642,1.04847016253642,1.07830223411561,1.01868324979794,0.990001809818152,0.990001809818152,0.967348738957793,0.980337942629149,1.06646160636635,1.06646160636635,1.06830687151824,0.975673346817616,1.03096146771392,1.03096146771392,0.986464590149975,1.03558738466605,0.660141885281709,0.660141885281709,0.643309203232835,0.653452584125039,1.13962975311083,1.13962975311083,1.12883506102149,1.0875022729699,1.04993004509275,1.04993004509275,1.06402301055183,1.00517649832215
125,1.0487080588353,1.0487080588353,1.07845818799212,1.02021615712988,0.977096242355753,0.977096242355753,0.960070892339711,0.969022949312344,1.07113602687562,1.07113602687562,1.07022184483151,0.975073438746386,1.04679208475785,1.04679208475785,0.998495351495691,1.03656276915268,0.668632851836735,0.668632851836735,0.649350777556539,0.660609604277198,1.13987794113146,1.13987794113146,1.13800545411418,1.09308505583398,1.04439437018802,1.04439437018802,1.0556768270571,1.00275257678306
126,1.04946252995464,1.04946252995464,1.07851017261763,1.02183013167649,0.971456759621145,0.971456759621145,0.951427230002419,0.955381508771523,1.07909740738965,1.07909740738965,1.07360851059848,0.98304364597844,1.0282135115478,1.0282135115478,0.978366962321127,1.02117336947474,0.691644601775719,0.691644601775719,0.669370896393911,0.684466338117728,1.15026874626167,1.15026874626167,1.16343006211495,1.11025892141278,1.04554060142832,1.04554060142832,1.05555182661306,1.00654530107363
127,1.04927221291553,1.04927221291553,1.07814628023909,1.02337040875523,0.958586941653101,0.958586941653101,0.941027518883283,0.940624911710099,1.07412567391512,1.07412567391512,1.06486701204813,0.981312482687177,1.00820122207717,1.00820122207717,0.956098485791796,1.00675935428343,0.692629061666157,0.692629061666157,0.667060882681906,0.699612590067646,1.1589222352475,1.1589222352475,1.18946836755021,1.12636048418538,1.04837508023187,1.04837508023187,1.05799414298133,1.01249579081272
128,1.04785842919642,1.04785842919642,1.07613373259451,1.02339988774238,0.944439079261843,0.944439079261843,0.935291092862597,0.928252442382378,1.07523233884135,1.07523233884135,1.06305842614116,0.983455011512998,1.0099933674029,1.0099933674029,0.953669197443142,1.00383320082354,0.692752119152462,0.692752119152462,0.670022438722938,0.711984803198898,1.14565244907802,1.14565244907802,1.19653465515318,1.12353505139441,1.05021438152445,1.05021438152445,1.06004222717992,1.01703945550167
129,1.04492210916442,1.04492210916442,1.07321516719112,1.0230092911626,0.92941535425887,0.92941535425887,0.919154955722775,0.906487663394063,1.06307554203985,1.06307554203985,1.04805780185395,0.976187553735813,0.964652090661977,0.964652090661977,0.91624658883411,0.977985511927838,0.71637915652297,0.71637915652297,0.691108717735081,0.737616921883375,1.15273408059989,1.15273408059989,1.22048638931114,1.13810475301528,1.0459493350489,1.0459493350489,1.05659990725929,1.01613642590868
130,1.04156437283153,1.04156437283153,1.06864794652168,1.02299455166903,0.909091766717668,0.909091766717668,0.900921315871307,0.885453504195109,1.0381838398933,1.0381838398933,1.02672712689235,0.963452362395134,0.934962216432413,0.934962216432413,0.885302082488157,0.95929064260076,0.736991285479011,0.736991285479011,0.712194996747224,0.756092020415693,1.16367089937548,1.16367089937548,1.24356141284839,1.15315103366114,1.04820625547554,1.04820625547554,1.06019607388028,1.02089871881488
131,1.0360995549942,1.0360995549942,1.06214244195839,1.0214542745903,0.89121701953983,0.89121701953983,0.89087281450854,0.872590750535053,1.0197669534345,1.0197669534345,1.01406702554357,0.960709925498083,0.951449953429113,0.951449953429113,0.886921608053926,0.969261239575202,0.729792422530185,0.729792422530185,0.712609614592969,0.751653558305827,1.16611968784565,1.16611968784565,1.25120632946103,1.15546584606819,1.05303108930101,1.05303108930101,1.0656191700681,1.02565150614642
132,1.03193976828221,1.03193976828221,1.05711478603448,1.02089417383439,0.880429609618004,0.880429609618004,0.877117099050772,0.856911265318648,1.01172298598569,1.01172298598569,1.012648526793,0.970308454637761,0.939920485166928,0.939920485166928,0.879922944001851,0.971049444467357,0.763817817493442,0.763817817493442,0.747437513635498,0.776786350002944,1.17445880533869,1.17445880533869,1.26149891214824,1.1612188357269,1.05266678324789,1.05266678324789,1.06539801543633,1.02546139465316
133,1.02762364971666,1.02762364971666,1.05155985748044,1.02073203940505,0.865852753294477,0.865852753294477,0.863078464622595,0.842443070805656,0.992265504148502,0.992265504148502,1.00243533578895,0.977524491723125,0.91871343214581,0.91871343214581,0.856092782105528,0.95723149757343,0.810456604802934,0.810456604802934,0.792571627700816,0.803195199556647,1.18953209112471,1.18953209112471,1.27873504295151,1.17168655359703,1.0558300260506,1.0558300260506,1.06894610496346,1.02845565067203
134,1.02203648521133,1.02203648521133,1.04493553091599,1.01959709839967,0.853814111070203,0.853814111070203,0.856424990904724,0.837732495847938,0.978556072972898,0.978556072972898,0.993268287613427,0.985957485181556,0.911425374487849,0.911425374487849,0.839319124460058,0.950457994194054,0.834760458348117,0.834760458348117,0.822720268198515,0.813237220080219,1.20720307819329,1.20720307819329,1.29521720262098,1.18166067176272,1.06057489025465,1.06057489025465,1.07380189144368,1.03284722616638
135,1.01710183626867,1.01710183626867,1.03744974484316,1.0184547876475,0.849273925287033,0.849273925287033,0.846942327482773,0.830589726065112,0.990299935100434,0.990299935100434,1.00337509121119,1.01118790463442,0.924209344478044,0.924209344478044,0.855919261509195,0.966768590331592,0.862140749050919,0.862140749050919,0.859265869744842,0.827162894949924,1.21703132381008,1.21703132381008,1.29700569228724,1.18086069982793,1.06298286441064,1.06298286441064,1.07635959283723,1.0350810362122
136,1.01330908956067,1.01330908956067,1.02837471450487,1.01809367005488,0.841480535517495,0.841480535517495,0.837840141296888,0.825840697434269,0.983362632577839,0.983362632577839,0.994704517598373,1.01255912308295,0.89690899734945,0.89690899734945,0.833824305576197,0.938699192327457,0.903057363247241,0.903057363247241,0.90434075268934,0.854958763912961,1.2371345534808,1.2371345534808,1.30766649343514,1.18976251518741,1.06399581294859,1.06399581294859,1.07696536421991,1.03598406580519
137,1.00832006432112,1.00832006432112,1.01747279589881,1.01738617436321,0.836967161855091,0.836967161855091,0.835752394411808,0.82811907756688,0.98037298553834,0.98037298553834,0.991016420846908,1.01576434620638,0.877553827831586,0.877553827831586,0.827866765102116,0.920708767351834,0.93609829832006,0.93609829832006,0.942485594497824,0.876596266698558,1.25761833811647,1.25761833811647,1.31811688403408,1.19902176481563,1.06842079866698,1.06842079866698,1.08094614759182,1.03997640716369
138,1.00707620652979,1.00707620652979,1.00898444919123,1.02060675370965,0.855655210029521,0.855655210029521,0.847322804718839,0.844711837519986,1.02191421373912,1.02191421373912,1.02708175157999,1.0607060308568,0.916025214157218,0.916025214157218,0.870668512197454,0.937290303624547,0.945942897224438,0.945942897224438,0.955042592111797,0.881256651913917,1.26319429564653,1.26319429564653,1.31269881239805,1.19779627589425,1.07129081952448,1.07129081952448,1.08468654549441,1.04229576738148
139,1.00721894430912,1.00721894430912,1.00218188962505,1.02384944229646,0.864118902818227,0.864118902818227,0.852132427215775,0.85220069036093,1.02485430861774,1.02485430861774,1.0299364803155,1.07109301060438,0.888127485253382,0.888127485253382,0.857712307671297,0.906674068349767,0.973876946615611,0.973876946615611,0.984480459159649,0.898788577247888,1.27469367393554,1.27469367393554,1.31310209928358,1.20331097604046,1.07083765833646,1.07083765833646,1.08411923578682,1.04171592732703
140,1.00661400800623,1.00661400800623,0.995676385061756,1.0263846351916,0.871161553206295,0.871161553206295,0.857761539144238,0.859506888254534,1.02244277012179,1.02244277012179,1.02569871529819,1.07484672110721,0.853778033176924,0.853778033176924,0.835154630148079,0.875136636615392,1.01762388299694,1.01762388299694,1.02155914079336,0.924309734379619,1.28055091122232,1.28055091122232,1.31066484375799,1.20795762153403,1.07477394081285,1.07477394081285,1.08809040373995,1.04533755127366
141,1.0056148435509,1.0056148435509,0.989519920126861,1.0271953073383,0.885273666103198,0.885273666103198,0.86946853102319,0.8724657760974,1.02558107364392,1.02558107364392,1.02702855787684,1.0834339766411,0.839440870571099,0.839440870571099,0.810109824077429,0.853244673693248,1.0178084692264,1.0178084692264,1.01249677930781,0.91349098298682,1.26701639116418,1.26701639116418,1.2908336495174,1.20041746053164,1.07919004101775,1.07919004101775,1.09260965056313,1.04763790034213
142,1.00974064507734,1.00974064507734,0.988933236496153,1.03112338237641,0.894756219481042,0.894756219481042,0.875185445390744,0.877887744007916,1.03811777034546,1.03811777034546,1.03672754308382,1.09658053351634,0.845534164678575,0.845534164678575,0.818843694092829,0.856116639126104,1.04555793238812,1.04555793238812,1.04027617497268,0.935294928101537,1.27029247303644,1.27029247303644,1.29455090254923,1.20627257426713,1.07899455972096,1.07899455972096,1.09308080608299,1.04607898609738
143,1.01230312806823,1.01230312806823,0.987826706610388,1.03426289450818,0.901575435529387,0.901575435529387,0.880209696072128,0.881550456372999,1.02952872912701,1.02952872912701,1.02562779036066,1.08900455158824,0.816501410401777,0.816501410401777,0.786337502379883,0.837746897961236,1.09730360537925,1.09730360537925,1.08896415628724,0.972134163613426,1.28142784222853,1.28142784222853,1.30491362208609,1.21657008534263,1.08388159214086,1.08388159214086,1.09892698069681,1.04807515677663
144,1.01410434290267,1.01410434290267,0.987254875729824,1.03609059171165,0.910852429314685,0.910852429314685,0.894365400419094,0.892211737246692,1.02179859203041,1.02179859203041,1.01381878826222,1.07849759022641,0.795652786445806,0.795652786445806,0.754583233251045,0.821002797607418,1.13145205782881,1.13145205782881,1.12112665489284,0.994770320373743,1.28999860187415,1.28999860187415,1.31438209678983,1.22433151517805,1.08934618293767,1.08934618293767,1.10607123684494,1.04896868079496
145,1.01703386589755,1.01703386589755,0.988146040738494,1.03863315435357,0.927064825004984,0.927064825004984,0.901789584435663,0.89527841767835,1.04424572090709,1.04424572090709,1.02631930850156,1.09094139764678,0.811662618022311,0.811662618022311,0.753137228281608,0.829456129824879,1.16701567137088,1.16701567137088,1.15861995437229,1.01945926585987,1.29266248662887,1.29266248662887,1.31666154440369,1.22479107352357,1.09005702401693,1.09005702401693,1.10845586070057,1.04660179270385
146,1.02021487926555,1.02021487926555,0.990024913631774,1.04164001104316,0.933723168328729,0.933723168328729,0.907672347854836,0.895922516703181,1.041090899998,1.041090899998,1.0157160303411,1.08019447305646,0.796668335463719,0.796668335463719,0.738445817792127,0.821165361688523,1.21931510305039,1.21931510305039,1.20955871827803,1.05807388621571,1.304211502522,1.304211502522,1.32839193250887,1.23074831133584,1.0961258297311,1.0961258297311,1.11592704108698,1.05030896682246
147,1.02153350446511,1.02153350446511,0.992416206405038,1.04259807812562,0.938987281372602,0.938987281372602,0.914081925908562,0.898422005456256,1.0372258314497,1.0372258314497,1.00516594588378,1.0698417737701,0.773609398939349,0.773609398939349,0.711839326354485,0.80295818460476,1.25530941779452,1.25530941779452,1.25978670873392,1.08598071673149,1.31731583001106,1.31731583001106,1.34313820514931,1.23628003216152,1.10223906301273,1.10223906301273,1.12400399285606,1.05450092524887
148,1.02374933856333,1.02374933856333,0.99733989307794,1.04413835520435,0.951151046827121,0.951151046827121,0.929330282830897,0.910025401321492,1.04076055225883,1.04076055225883,1.00335735997681,1.06740786102396,0.785795987154301,0.785795987154301,0.710509001782603,0.806751346497211,1.28761200794951,1.28761200794951,1.30829699668602,1.10917168125554,1.32358671399888,1.32358671399888,1.34895956367087,1.23214400705186,1.10523348105911,1.10523348105911,1.12685977223156,1.05638302903216
149,1.02697113415399,1.02697113415399,1.00234526987664,1.04632717000045,0.95884612548718,0.95884612548718,0.934530138390465,0.912621024257378,1.04383278623313,1.04383278623313,1.00525460205569,1.06889906108673,0.775759973330223,0.775759973330223,0.709294357608276,0.803554252902145,1.3496329810471,1.3496329810471,1.38091435081211,1.15671870660748,1.34435177839126,1.34435177839126,1.37040390545358,1.23850974117126,1.11171990590735,1.11171990590735,1.13487903148801,1.06184873446344
150,1.02878594306266,1.02878594306266,1.00581338703538,1.04724838834897,0.962742820371949,0.962742820371949,0.939710482296901,0.914572548168433,1.03116395043591,1.03116395043591,0.993498793660394,1.05717514335184,0.758854069090853,0.758854069090853,0.694313746124907,0.793475279873634,1.42740531239168,1.42740531239168,1.4589809680537,1.21641602198518,1.36577867750531,1.36577867750531,1.39411016063774,1.24472228917548,1.11831295691748,1.11831295691748,1.14331175375169,1.06748554023864
151,1.02741294156621,1.02741294156621,1.00590250353624,1.04512590127397,0.968194618261189,0.968194618261189,0.952041847076064,0.925416483989466,1.02169948770866,1.02169948770866,0.985147382266451,1.04833078435885,0.759391712688572,0.759391712688572,0.685637716308285,0.792499895387003,1.47096766254356,1.47096766254356,1.50832049169728,1.25142439187675,1.36946840607862,1.36946840607862,1.39923015066272,1.24322446938268,1.12127183290989,1.12127183290989,1.1487733116146,1.07121172550657
152,1.02580884080799,1.02580884080799,1.0052192770296,1.04331294356408,0.98100187461411,0.98100187461411,0.958675809140803,0.929790589307347,1.02835599465295,1.02835599465295,0.991264658128256,1.05458696853025,0.765425268618523,0.765425268618523,0.699519364014881,0.79981527903673,1.51920619717501,1.51920619717501,1.56062157138189,1.28843006971776,1.37524291402519,1.37524291402519,1.40599835665465,1.24458612373977,1.12815810586522,1.12815810586522,1.15700411008404,1.07811277271197
153,1.02408239338177,1.02408239338177,1.00496678027714,1.04194954040826,0.983915458404098,0.983915458404098,0.961768406162159,0.931617138780748,1.01684337594284,1.01684337594284,0.979189687514083,1.04312015425446,0.748818055266775,0.748818055266775,0.683613309351073,0.789031861656763,1.54652495913466,1.54652495913466,1.59225098990011,1.31472795771872,1.37107335527867,1.37107335527867,1.40186028252487,1.2390033408757,1.13133023418141,1.13133023418141,1.16098489345595,1.0811925789028
154,1.02194132669177,1.02194132669177,1.00245666550272,1.03898690219941,0.98430870284201,0.98430870284201,0.968656019717609,0.938433052342018,1.00576020929365,1.00576020929365,0.969827595760363,1.03345306419235,0.747563553538765,0.747563553538765,0.678118490467212,0.787135280710538,1.58202704393357,1.58202704393357,1.62950736489628,1.34379988453834,1.37108990114671,1.37108990114671,1.40356110112906,1.23689277662221,1.13571967784584,1.13571967784584,1.16691760683872,1.08672482335672
155,1.01904578888244,1.01904578888244,0.997867165708069,1.03589160854837,0.992111029985137,0.992111029985137,0.977504554412784,0.946258374822799,1.01157432950306,1.01157432950306,0.974934191262392,1.03888651729464,0.763394170582698,0.763394170582698,0.69494998831146,0.800628099442255,1.62940417616089,1.62940417616089,1.67843227069412,1.38202613945956,1.37107335527867,1.37107335527867,1.40531452237049,1.23622897012313,1.13876740897316,1.13876740897316,1.17255224223954,1.09238064028125
156,1.01761841108911,1.01761841108911,0.995245655307565,1.03403443235774,0.991565850196213,0.991565850196213,0.97978741782918,0.948565595210253,1.00110230617133,1.00110230617133,0.964047213351816,1.02925370769374,0.76034752352896,0.76034752352896,0.688587566445937,0.798352202306784,1.65167758118205,1.65167758118205,1.69632006918195,1.40177729584847,1.36025235757937,1.36025235757937,1.39546029499364,1.22659526554671,1.13651937406,1.13651937406,1.17110992942363,1.09440532768449
157,1.01432184809022,1.01432184809022,0.990173441133219,1.03079911351772,0.989420880534872,0.989420880534872,0.981426396692233,0.95308390180235,0.988565609469785,0.988565609469785,0.951262993362362,1.01763263134249,0.768292701139688,0.768292701139688,0.681184021002419,0.807997671119016,1.68551838991585,1.68551838991585,1.73132566158694,1.43179239586644,1.3559835236246,1.3559835236246,1.39195345251078,1.22216988888617,1.1377722314622,1.1377722314622,1.17209070213845,1.09894899237344
158,1.01119521101911,1.01119521101911,0.985732468840013,1.0276301223988,0.993362262287585,0.993362262287585,0.987543299948985,0.961572550144524,0.993520825557353,0.993520825557353,0.956458245036301,1.02272327983264,0.796847549996291,0.796847549996291,0.70137025037576,0.849722451935973,1.72563513045119,1.72563513045119,1.76692356520014,1.46447057315032,1.35044065783062,1.35044065783062,1.38351949633949,1.21868064959612,1.13659934368142,1.13659934368142,1.1704849272034,1.10118280241926
159,1.00941438729601,1.00941438729601,0.982650523185029,1.02509492950366,0.993594634000897,0.993594634000897,0.984782401030866,0.962668479828565,0.983032284838668,0.983032284838668,0.94518117996932,1.01305618977054,0.790276350468621,0.790276350468621,0.693966704932243,0.868038005073806,1.73966368388993,1.73966368388993,1.77799978479359,1.479283940442,1.33554937659306,1.33554937659306,1.36160173082159,1.2066640498948,1.13293851212323,1.13293851212323,1.16579260284231,1.10111626339662
160,1.00513905095312,1.00513905095312,0.97707331550577,1.02108578725089,0.9910117330337,0.9910117330337,0.983484876097615,0.964495029301966,0.971222353163298,0.971222353163298,0.933336715402113,1.00256636863932,0.791172423131485,0.791172423131485,0.688703246843492,0.880718003399998,1.7753503549183,1.7753503549183,1.80459455804206,1.50746817483965,1.32610168594122,1.32610168594122,1.34697819766805,1.20082595683877,1.13010403331969,1.13010403331969,1.16448490588922,1.10118280241926
161,1.00189686425112,1.00189686425112,0.97261749046242,1.01668604841834,0.993335450166819,0.993335450166819,0.987523788295854,0.971243648935268,0.974955282615932,0.974955282615932,0.933584952683462,1.00584015268517,0.809571781808962,0.809571781808962,0.715714619672576,0.904235607133192,1.79577789764488,1.79577789764488,1.82035003618034,1.52616519647746,1.30313602109929,1.30313602109929,1.32111523435693,1.18543926260365,1.12053433529016,1.12053433529016,1.15580218273745,1.09619237572115
162,0.998756633105792,0.998756633105792,0.968674085299055,1.01312646071964,0.993764444099087,0.993764444099087,0.984528749540155,0.971791613777289,0.963095798779686,0.963095798779686,0.918371553583667,0.996053081008824,0.79654885910867,0.79654885910867,0.709525718403386,0.898925180483761,1.80888351993634,1.80888351993634,1.82704315283307,1.54009087134717,1.28725198777922,1.28725198777922,1.30202047703773,1.17806930839589,1.113976826334,1.113976826334,1.14987908477346,1.09410114929527
163,0.994671613802018,0.994671613802018,0.964143996504983,1.00718644480836,0.989268945183861,0.989268945183861,0.980480081515351,0.971810840613851,0.943605282168586,0.943605282168586,0.898955851935327,0.98249515859903,0.802283724151,0.802283724151,0.707732672241284,0.900171505105566,1.83614075315284,1.83614075315284,1.83989630605115,1.56139548947453,1.26933281269002,1.26933281269002,1.28125996953918,1.16765265256415,1.10656630808272,1.10656630808272,1.14343675419573,1.09066013126723
164,0.989784544119134,0.989784544119134,0.959888683588584,0.999713521565128,0.987427846224543,0.987427846224543,0.980831291271719,0.976857885211406,0.936122905876359,0.936122905876359,0.89134915238543,0.978792868788011,0.795891739155903,0.795891739155903,0.717391985437123,0.907378512701222,1.839032604081,1.839032604081,1.82094234738855,1.56833058652119,1.23821003490351,1.23821003490351,1.24643702368434,1.14482792140342,1.09547718724628,1.09547718724628,1.13357133453492,1.08540354847855
165,0.984210973688027,0.984210973688027,0.955098671666982,0.99044974985237,0.983477527098241,0.983477527098241,0.972304698853216,0.971974268724629,0.912470007751702,0.912470007751702,0.86656088671933,0.958824500131361,0.769786155577795,0.769786155577795,0.6958754314919,0.89534877069945,1.85576842221844,1.85576842221844,1.82123850299265,1.58214529983815,1.21726296596267,1.21726296596267,1.22401076600642,1.13179008093428,1.08819106618387,1.08819106618387,1.12678284888138,1.08229522556372
166,0.976856579533812,0.976856579533812,0.948429786852102,0.98167975117442,0.970482585899953,0.970482585899953,0.960373322963251,0.959765227507685,0.876131756442871,0.876131756442871,0.83145304264288,0.927800682733474,0.763752599647843,0.763752599647843,0.686331798693615,0.886245182157569,1.86222894024944,1.86222894024944,1.81892848928065,1.59290857045458,1.18413813814311,1.18413813814311,1.19073083084404,1.10864195686374,1.07426746654388,1.07426746654388,1.11249433658512,1.07455768778797
167,0.967524247580264,0.967524247580264,0.939384462014102,0.972541265157061,0.964065551663109,0.964065551663109,0.953358883662446,0.952209080738774,0.86295088164994,0.86295088164994,0.820566064732304,0.916608112147386,0.758316425493135,0.758316425493135,0.687315082072832,0.887925010995654,1.84149375380709,1.84149375380709,1.79476219198583,1.58159049207442,1.15953443236504,1.15953443236504,1.16646348086262,1.09699981211061,1.06361373586849,1.06361373586849,1.10173468297844,1.0688353318408
168,0.959068733414049,0.959068733414049,0.931408535186505,0.964029207616699,0.955887854829248,0.955887854829248,0.942305532163402,0.941057515532747,0.841114896090725,0.841114896090725,0.801150363083964,0.897153950408933,0.753119204048523,0.753119204048523,0.681704582791416,0.885161421616868,1.84217056998177,1.84217056998177,1.78937215999115,1.58292203070738,1.13511273113544,1.13511273113544,1.14252928091708,1.08430238523074,1.04784194942242,1.04784194942242,1.08475385342581,1.05796095442624
169,0.951388081478501,0.951388081478501,0.925571404379717,0.955789830707499,0.948103402433299,0.948103402433299,0.935427674434518,0.933020697849783,0.82786795174996,0.82786795174996,0.786167470031136,0.882224809550613,0.78298829281066,0.78298829281066,0.71056684198138,0.911930306972163,1.80814517501851,1.80814517501851,1.75981583070166,1.56672164400637,1.10466833393864,1.10466833393864,1.10702250077808,1.05931602777813,1.03042634298057,1.03042634298057,1.06584032469987,1.04767592264078
170,0.943129681388508,0.943129681388508,0.918791123938753,0.946806109372692,0.946324865089105,0.946324865089105,0.930627807764147,0.928396643656594,0.829321481802313,0.829321481802313,0.785014939796303,0.880613627873595,0.778388453141291,0.778388453141291,0.708600275222946,0.915886032945718,1.76692091710643,1.76692091710643,1.74761421981261,1.55945366230146,1.08585568197518,1.08585568197518,1.08098419534282,1.04426974713228,1.01910619879337,1.01910619879337,1.05316720275742,1.04095548135398
171,0.936529758353625,0.936529758353625,0.914223903269319,0.939428992837712,0.941114376286765,0.941114376286765,0.922910948950605,0.923849496809654,0.819460601788053,0.819460601788053,0.771769707712915,0.869575319362966,0.796011215510951,0.796011215510951,0.718433109015118,0.92704876651493,1.71899002619073,1.71899002619073,1.73890724505198,1.54846846857954,1.05084462519886,1.05084462519886,1.04014701462987,1.01438143399414,1.0007487279215,1.0007487279215,1.03377290309284,1.02858872871732
172,0.927945100482299,0.927945100482299,0.907577297579656,0.930600036185457,0.935743014759824,0.935743014759824,0.920520771441986,0.925281896133531,0.825043478580046,0.825043478580046,0.774695361385952,0.873946078167641,0.804016131299204,0.804016131299204,0.737867415804352,0.944605687274273,1.65555389200065,1.65555389200065,1.70425703937191,1.51323817558248,1.02000312716906,1.02000312716906,1.00481557661501,0.992407736806586,0.989766233246951,0.989766233246951,1.02167670627676,1.02221999369305
173,0.921426741892749,0.921426741892749,0.903270000037751,0.923281877624781,0.937521552104019,0.937521552104019,0.915574567373128,0.923878337064497,0.822565870536262,0.822565870536262,0.769163216258754,0.872369176951837,0.806047229335029,0.806047229335029,0.745328801446648,0.948723977328934,1.61869817485238,1.61869817485238,1.65841215185675,1.49232192288973,0.996375627605457,0.996375627605457,0.974358649651337,0.97504664375368,0.969738285838824,0.969738285838824,1.00070547793346,1.0083038323863
174,0.913963595144756,0.913963595144756,0.898190359488332,0.915882651849436,0.933320986517227,0.933320986517227,0.91060885165114,0.921648024023291,0.818552145505332,0.818552145505332,0.76384384594414,0.869129673367195,0.835617627209545,0.835617627209545,0.779801559918028,0.978093887981908,1.54166418842562,1.54166418842562,1.57465934701638,1.43967066611145,0.97175537595935,0.97175537595935,0.946286375576011,0.958332336520393,0.950367866429012,0.950367866429012,0.98464772858301,0.998170889795457
175,0.906391695802984,0.906391695802984,0.893214688189924,0.907952804305341,0.933222675407749,0.933222675407749,0.91269659853622,0.929117650027673,0.832278094067895,0.832278094067895,0.774181155588873,0.878299696741709,0.833944958238865,0.833944958238865,0.790559836890639,0.98741422863193,1.49650209095179,1.49650209095179,1.52727445035988,1.41248508568852,0.954729677744401,0.954729677744401,0.923860117898096,0.947677391176158,0.929335855996432,0.929335855996432,0.968272670413065,0.986574088706498
176,0.901178368338767,0.901178368338767,0.890667441540143,0.903376191549873,0.93544808143139,0.93544808143139,0.909886920485271,0.93345330167243,0.833995902311585,0.833995902311585,0.77302862535404,0.875780082842543,0.872296868209449,0.872296868209449,0.828098125897226,1.01803046390671,1.43509640528573,1.43509640528573,1.46851717850582,1.37142931117226,0.916756910588611,0.916756910588611,0.881024036969913,0.918572029293346,0.89974709607227,0.89974709607227,0.941753345437899,0.967239749841792
177,0.895421277905661,0.895421277905661,0.887332999132702,0.898674293099006,0.936279257175159,0.936279257175159,0.912716110189351,0.943499323776136,0.850182941530974,0.850182941530974,0.789039930001027,0.884127375147942,0.896012924686586,0.896012924686586,0.874081083925325,1.0542280659661,1.37836690409925,1.37836690409925,1.40898990208109,1.32782142094282,0.894883273037432,0.894883273037432,0.855020799959476,0.900632233138677,0.879905744447449,0.879905744447449,0.925070593867227,0.956156249784639
178,0.893579280848551,0.893579280848551,0.885766033992458,0.89653706653043,0.946414238824994,0.946414238824994,0.92039394569663,0.957977131707409,0.860869690893162,0.860869690893162,0.807976888321052,0.887692543114108,0.928689707792364,0.928689707792364,0.920411083146089,1.08972122367403,1.33609665755358,1.33609665755358,1.3671134996609,1.30302151390394,0.86212245431479,0.86212245431479,0.818006077552847,0.874437407444145,0.85732765466748,0.85732765466748,0.906483989379556,0.942943501002957
179,0.89387835048144,0.89387835048144,0.885944266994192,0.896654982479041,0.954145066979409,0.954145066979409,0.928374211827449,0.971195581843863,0.863363816323904,0.863363816323904,0.821984563482868,0.887246897118337,0.986695478168434,0.986695478168434,0.990976125654618,1.14542651546602,1.26336968314748,1.26336968314748,1.27702296489273,1.23650006303233,0.842846518046165,0.842846518046165,0.797578720090165,0.860837884552703,0.842177854165769,0.842177854165769,0.894820486408245,0.934512056276804
180,0.893885147518551,0.893885147518551,0.886694330876489,0.896441259822184,0.961134093125943,0.961134093125943,0.939173911835782,0.987240376954949,0.881086972530438,0.881086972530438,0.842322289319074,0.897890980325015,0.974150460888337,0.974150460888337,1.00248632521134,1.15935283841401,1.25161769320538,1.25161769320538,1.2327180865189,1.20593015525062,0.831512598437574,0.831512598437574,0.783603952795952,0.851850965795904,0.826619320043485,0.826619320043485,0.88258005831057,0.927696559243375
181,0.895251351977883,0.895251351977883,0.887860271762832,0.897605679814718,0.969669284903361,0.969669284903361,0.943105509941797,0.993864022150597,0.879716029412878,0.879716029412878,0.842481870428512,0.893863026132472,0.995238037554405,0.995238037554405,1.04297446435558,1.19603813271671,1.18553582305974,1.18553582305974,1.14108754260939,1.13946418515538,0.804757929814082,0.804757929814082,0.755040720773025,0.830830426658318,0.812722376943968,0.812722376943968,0.871426172534213,0.921679530481645
182,0.895577609759216,0.895577609759216,0.888357838892673,0.898829057781558,0.972806303033072,0.972806303033072,0.949202901545418,1.00168934463138,0.898545850545636,0.898545850545636,0.861525216154829,0.906563937011938,0.955990054920957,0.955990054920957,1.0657635026739,1.21278223307053,1.13157511531512,1.13157511531512,1.08736491602508,1.09613369880781,0.792596716803404,0.792596716803404,0.741556911426413,0.820703122377456,0.804236711560312,0.804236711560312,0.86498384195649,0.919654843078409
183,0.896624353474326,0.896624353474326,0.889100476399898,0.899588141700742,0.98323621801134,0.98323621801134,0.957622179871697,1.01165845938884,0.898859680897849,0.898859680897849,0.861542947389211,0.904147164496412,0.948164353665277,0.948164353665277,1.06819279102256,1.20801368669145,1.07576854527593,1.07576854527593,1.03192458693697,1.05158263538003,0.771947473487315,0.771947473487315,0.719884624882314,0.802508016030832,0.79796353903585,0.79796353903585,0.853426108591679,0.913999026153876
184,0.897827429042992,0.897827429042992,0.890013920533785,0.901975939660116,0.987231224005587,0.987231224005587,0.961563533804278,1.01857050713292,0.902295297385229,0.902295297385229,0.862961446139775,0.904421408186117,0.983111187516978,0.983111187516978,1.12782603596214,1.25369419348196,0.984152246722056,0.984152246722056,0.94775716425086,0.980511760845798,0.75391247732182,0.75391247732182,0.701403564997621,0.783904413377081,0.798914288979359,0.798914288979359,0.845368387660138,0.909835584451446
185,0.900553040924545,0.900553040924545,0.892420066057194,0.904606939263501,0.996293720824751,0.996293720824751,0.974860725413454,1.03305792848247,0.927253069079612,0.927253069079612,0.887749711805874,0.922538631937258,0.974508889953482,0.974508889953482,1.14413697201739,1.242910776102,0.927668860508186,0.927668860508186,0.897588404915788,0.929247523476845,0.748022148298961,0.748022148298961,0.699281925295488,0.774168584723883,0.804361108749183,0.804361108749183,0.841483758475958,0.908096064288103
186,0.907397657295428,0.907397657295428,0.896207517344041,0.910355341758291,1.01023602362346,1.01023602362346,0.986382356587656,1.0446132572563,0.939376831107195,0.939376831107195,0.896774910106336,0.933268416296969,1.05091401900703,1.05091401900703,1.23367359972494,1.29650273483962,0.880291728280866,0.880291728280866,0.85814047844925,0.888524633618823,0.742446190768895,0.742446190768895,0.700439183314833,0.762100922984168,0.811940451756783,0.811940451756783,0.840224138616732,0.909122666351715
187,0.914072347738533,0.914072347738533,0.899809309254082,0.914917215020183,1.02209591837596,1.02209591837596,1.00705495308057,1.06430153789591,0.97726771679013,0.97726771679013,0.934613364277621,0.964412215309102,1.05431909512591,1.05431909512591,1.2625358589149,1.28295572808087,0.863309795170814,0.863309795170814,0.848130419030564,0.864113092014559,0.745656089168992,0.745656089168992,0.71032847911651,0.757437256811132,0.822665266540106,0.822665266540106,0.842752993753958,0.912630223402392
188,0.922758961166526,0.922758961166526,0.906552457819685,0.920304499922352,1.04527946546562,1.04527946546562,1.02225453087008,1.077096997628,0.982487211069035,0.982487211069035,0.936102787965713,0.968200206273153,1.08819064178218,1.08819064178218,1.29191867989386,1.2720097466198,0.840544160204439,0.840544160204439,0.831427242959147,0.841088569819629,0.741486530422474,0.741486530422474,0.71406326636076,0.746833373505289,0.829782562846188,0.829782562846188,0.842031837346003,0.912943907366274
189,0.931044549404963,0.931044549404963,0.91472147039916,0.92569178482452,1.05579875417977,1.05579875417977,1.03334690567538,1.08448010286785,0.996014950988095,0.996014950988095,0.948691964376965,0.979684160779553,1.09607608121538,1.09607608121538,1.32459839220314,1.27916256618842,0.812733168299571,0.812733168299571,0.812887902142291,0.812682412316486,0.747989056562877,0.747989056562877,0.727319130945985,0.744399416341989,0.84255104573238,0.84255104573238,0.847031855107819,0.917753728145793
190,0.939411702088733,0.939411702088733,0.923729663361799,0.93034209504787,1.0729585114705,1.0729585114705,1.05331708265556,1.10100556889299,1.00627224828936,1.00627224828936,0.958798767974731,0.987311563399475,1.08424792206557,1.08424792206557,1.31736836735596,1.25732479129331,0.802457868193126,0.802457868193126,0.806964790060228,0.797869045024808,0.754839045932157,0.754839045932157,0.741872527249871,0.743003720625971,0.855195131429703,0.855195131429703,0.852368412526679,0.921869641974907
191,0.949063494786503,0.949063494786503,0.935366793100015,0.936495833616011,1.0831203052411,1.0831203052411,1.05954130000454,1.10347621739122,1.00204379722797,1.00204379722797,0.953958140988432,0.983866377047555,1.12254009385863,1.12254009385863,1.35508017695887,1.2752610282419,0.77132432415803,0.77132432415803,0.783627728456901,0.769906733732651,0.756956917041499,0.756956917041499,0.7497453886239,0.737318813685118,0.865919946213025,0.865919946213025,0.855829963284859,0.924901920292429
192,0.956682973388052,0.956682973388052,0.944360133312509,0.942023143707155,1.08922453140233,1.08922453140233,1.07573597210376,1.11649278574377,1.02359898720889,1.02359898720889,0.976370421247338,1.00097232719291,1.10939769480329,1.10939769480329,1.34044660666817,1.25678291102296,0.767324955853127,0.767324955853127,0.784575426390031,0.756258462744813,0.763674539466445,0.763674539466445,0.766069740381632,0.741148466564435,0.878946108990449,0.878946108990449,0.864406916830127,0.932658469217504
193,0.966103666824043,0.966103666824043,0.955640797047257,0.949260235053161,1.10262165441212,1.10262165441212,1.08029194310998,1.11809822659671,1.0204441662998,1.0204441662998,0.970962394760814,0.999995334048335,1.13938625992048,1.13938625992048,1.35612130053687,1.26193077359128,0.756126724599397,0.756126724599397,0.778948469912071,0.744274615048174,0.762996158876734,0.762996158876734,0.775222599261907,0.740722949577845,0.885503617946615,0.885503617946615,0.869599242967396,0.937591862467642
194,0.974905829882924,0.974905829882924,0.96644617277738,0.956018292857933,1.10404269681276,1.10404269681276,1.08814538349544,1.12103031917243,1.04209846060248,1.04209846060248,0.98800211100196,1.02330604767327,1.14231343061917,1.14231343061917,1.35380769258577,1.24789607458922,0.735576124386507,0.735576124386507,0.762541449444758,0.724135093224657,0.771252547029562,0.771252547029562,0.791459279957567,0.74936945474537,0.8948245215984,0.8948245215984,0.877416578429619,0.945167805474118
195,0.982831175154473,0.982831175154473,0.97558804049132,0.962371014589355,1.11473179562511,1.11473179562511,1.09715976724224,1.12731749472824,1.04193328673289,1.04193328673289,0.985040994860158,1.0275739650943,1.16363995999533,1.16363995999533,1.33587723096475,1.22963470947842,0.730161594989099,0.730161594989099,0.76372607186117,0.713316341831858,0.783628856324782,0.783628856324782,0.811798966358178,0.762611543368077,0.906731109675991,0.906731109675991,0.888753157162658,0.955566904155528
196,0.992299447850243,0.992299447850243,0.987195464729246,0.970160836944475,1.11461560976845,1.11461560976845,1.09744268621265,1.12497182066766,1.04223059969814,1.04223059969814,0.983445183765774,1.03256177220081,1.19434538324281,1.19434538324281,1.35959171246352,1.23949693039879,0.71379494931057,0.71379494931057,0.751879847697045,0.6961727819325,0.789585368819808,0.789585368819808,0.824072915048202,0.771768668919511,0.915047950303323,0.915047950303323,0.895810874541835,0.963703676067125
197,0.999966505711569,0.999966505711569,0.996753209447232,0.976432491461227,1.11617071277292,1.11617071277292,1.10528637077154,1.13128783647832,1.0620184292745,1.0620184292745,0.99970472569411,1.05623243066848,1.17606550092038,1.17606550092038,1.33876924090362,1.22009761672026,0.723085789526577,0.723085789526577,0.76745763247287,0.695451531839647,0.812187024564823,0.812187024564823,0.850304096820025,0.792908352813343,0.92919368778058,0.92919368778058,0.908407073134101,0.976897413699482
198,1.00787145987178,1.00787145987178,1.005672285909,0.984089658374159,1.11974566220849,1.11974566220849,1.10286692578323,1.12739440207449,1.05876450404366,1.05876450404366,0.99484636747343,1.05823783764945,1.20420218253432,1.20420218253432,1.34611494614836,1.23321111926273,0.739329377718801,0.739329377718801,0.786885440102036,0.695950858827007,0.835781432392342,0.835781432392342,0.877727605036021,0.818728723559675,0.942779637907921,0.942779637907921,0.92094557921373,0.989644389322673
199,1.01396160512333,1.01396160512333,1.01352939073544,0.990346573397335,1.11615283802574,1.11615283802574,1.10514003337306,1.12946128700492,1.07789163814167,1.07789163814167,1.01030800385457,1.08183993519469,1.18681837287475,1.18681837287475,1.33888492130118,1.22627505180225,0.739452435205106,0.739452435205106,0.795592414862668,0.691567877493514,0.853419327724836,0.853419327724836,0.898821262570447,0.838506753096416,0.950350095402031,0.950350095402031,0.927089831809499,0.99879825772322
200,1.01799224813022,1.01799224813022,1.02123796806044,0.996168673360007,1.12168507227729,1.12168507227729,1.1035888569491,1.12849033175853,1.07460467813692,1.07460467813692,1.00842849301008,1.08465093301417,1.17379545017446,1.17379545017446,1.32066525868627,1.20394958466383,0.739760078920868,0.739760078920868,0.805484012039713,0.687406819265515,0.869121356496445,0.869121356496445,0.916899035569611,0.856974190314458,0.957716186085854,0.957716186085854,0.932474466322223,1.00603200004182
201,1.02112568223844,1.02112568223844,1.02795883750083,1.00182863889334,1.1175560056792,1.1175560056792,1.09808657076599,1.12456805709986,1.07463771291084,1.07463771291084,1.00807386832244,1.08989584357978,1.19512197955063,1.19512197955063,1.33639779275375,1.20888069512401,0.732807330944651,0.732807330944651,0.802226300394578,0.683023837932022,0.879743803779242,0.879743803779242,0.930295173854151,0.871901326204064,0.965206673958547,0.965206673958547,0.936714866000993,1.01212507340086
202,1.02311041707488,1.02311041707488,1.03225128229259,1.00632418443414,1.11659970670519,1.11659970670519,1.09864265288024,1.12664455544857,1.09011450449101,1.09011450449101,1.02493627221976,1.11073836399736,1.17301885386664,1.17301885386664,1.3126254710562,1.18292463017424,0.706042327673372,0.706042327673372,0.773854593521497,0.663882970083224,0.880637280653496,0.880637280653496,0.932872703079056,0.87848832915649,0.966779409846408,0.966779409846408,0.93430139588904,1.01281898035126
203,1.02669925266955,1.02669925266955,1.03681107658695,1.01162303237485,1.11441898754949,1.11441898754949,1.09155016696691,1.12017472494542,1.08539053182086,1.08539053182086,1.02208154348425,1.1126580698253,1.18048612605718,1.18048612605718,1.30076823030682,1.16639728192856,0.703396591717821,0.703396591717821,0.755078328221359,0.663494604648611,0.891110815123916,0.891110815123916,0.945812951840824,0.892036790009542,0.972012977292453,0.972012977292453,0.936118710037084,1.01673527711245
204,1.02805186305466,1.02805186305466,1.03835576260198,1.01464462855801,1.10802876543342,1.10802876543342,1.09050629352437,1.11921338311731,1.09682056359618,1.09682056359618,1.03633745592742,1.13140948210888,1.17481099919237,1.17481099919237,1.30516408541391,1.16152035949541,0.696259257512147,0.696259257512147,0.720901971507857,0.664715181728824,0.90227927605209,0.90227927605209,0.958963611151564,0.906929884540221,0.979005876409665,0.979005876409665,0.938926412318719,1.02221999369305
205,1.03058036085999,1.03058036085999,1.04128175438044,1.01783572891729,1.10869906845259,1.10869906845259,1.08573569433369,1.11477198387146,1.09132027373898,1.09132027373898,1.03644384333371,1.13336346839803,1.15139363360286,1.15139363360286,1.27977223815059,1.13442634597791,0.667402276973688,0.667402276973688,0.684948681169736,0.654839603534372,0.901815991746921,0.901815991746921,0.961541140376469,0.911508447315938,0.980471986135637,0.980471986135637,0.935493707816857,1.02281884489683
206,1.03350988385487,1.03350988385487,1.04491325179077,1.02136583762884,1.10206753724961,1.10206753724961,1.07848711519531,1.10795607031019,1.08578694910787,1.08578694910787,1.03655023074,1.13348345001228,1.1665073925165,1.1665073925165,1.28017711954203,1.13117506435581,0.65755767806931,0.65755767806931,0.67872941348357,0.655727295956345,0.912736264654468,0.912736264654468,0.974043033827879,0.926112190295735,0.984932513907988,0.984932513907988,0.935628323679676,1.0255279336758
207,1.03437990460509,1.03437990460509,1.04608661905219,1.02283978698648,1.09761672520233,1.09761672520233,1.0778042073357,1.10808104474785,1.09847230229204,1.09847230229204,1.05538080165373,1.14575585512658,1.14751065206378,1.14751065206378,1.26427106487823,1.1135097675424,0.653742895993863,0.653742895993863,0.675116315113512,0.662884316108504,0.922713423083637,0.922713423083637,0.987474240537248,0.939541506392542,0.991596649026043,0.991596649026043,0.938128332560583,1.02851268412001
208,1.03701035796709,1.03701035796709,1.04901261083065,1.02466011444316,1.09443502020467,1.09443502020467,1.06882884689517,1.09962123666051,1.09186534750862,1.09186534750862,1.05559357646632,1.1416250595504,1.12660228993028,1.12660228993028,1.23847433622347,1.08652413007896,0.63516121556185,0.63516121556185,0.65515542739696,0.650678545306373,0.921042290411421,0.921042290411421,0.98756191159932,0.943711572861132,0.992227520483885,0.992227520483885,0.935147552741039,1.02499562149467
209,1.03890673132109,1.03890673132109,1.05138905085377,1.02448324052024,1.08596239004238,1.08596239004238,1.06210708239134,1.08993091103321,1.08956943072138,1.08956943072138,1.0592639419834,1.14052808479158,1.1399239035182,1.1399239035182,1.24165554715623,1.08506105334902,0.642790779712743,0.642790779712743,0.661433926203947,0.656448546049198,0.931797104638551,0.931797104638551,1.0002742155997,0.956783454689202,0.992591826537006,0.992591826537006,0.933714855343904,1.01902612060626
210,1.04108178319664,1.04108178319664,1.05343130399864,1.02342936672953,1.08186907293865,1.08186907293865,1.05824377507129,1.08285543517835,1.09751429384844,1.09751429384844,1.07412271639556,1.14947528516821,1.11578967979839,1.11578967979839,1.21869298824157,1.061814389751,0.65103563129516,0.65103563129516,0.666290878111238,0.663161719990371,0.942386460185264,0.942386460185264,1.01291638275043,0.971540383784172,0.997123438417283,0.997123438417283,0.936734096838538,1.01638357084992
211,1.04286940395686,1.04286940395686,1.05528047139163,1.02180802243613,1.0721541478475,1.0721541478475,1.04905378644631,1.07153082844326,1.09062654348672,1.09062654348672,1.07302337986387,1.14441891713927,1.09912272826912,1.09912272826912,1.19116105362349,1.03602088888233,0.638237652719468,0.638237652719468,0.652549258080853,0.659610950302478,0.941724625463594,0.941724625463594,1.01389829864563,0.975199829868853,0.996759132364162,0.996759132364162,0.938032178372856,1.01155473892107
212,1.04445991064086,1.04445991064086,1.05721132891042,1.01975923282901,1.06218003892226,1.06218003892226,1.04776601733963,1.06381125356357,1.09237738650433,1.09237738650433,1.0812861350859,1.14746987818724,1.10599261868441,1.10599261868441,1.19000424964794,1.03266123120616,0.648574481569065,0.648574481569065,0.663092397586924,0.683245761037515,0.949137174346293,0.949137174346293,1.02289334961417,0.98619518880236,0.98820238287258,0.98820238287258,0.932166772921496,0.999254525307048
213,1.04721271067086,1.04721271067086,1.05983283931092,1.01798312385306,1.05806884707136,1.05806884707136,1.04129790432651,1.0525827810113,1.08935470469091,1.08935470469091,1.08614449330658,1.14794980464422,1.07600405356722,1.07600405356722,1.15761373833255,1.00524208952645,0.665925587138031,0.665925587138031,0.672687839159866,0.710264899131325,0.964971570062237,0.964971570062237,1.03918263294708,1.00423710903381,0.988868796384386,0.988868796384386,0.936407172600266,0.996155707966883
214,1.04745740400686,1.04745740400686,1.0603749646912,1.01460777982407,1.04628045130758,1.04628045130758,1.03143476366849,1.03776850344019,1.07308507853673,1.07308507853673,1.07756257586567,1.13528317422597,1.04249093597611,1.04249093597611,1.11307678527389,0.970290812088867,0.674231967463601,0.674231967463601,0.657761596713068,0.723302881579057,0.970977720161388,0.970977720161388,1.04659960479833,1.01586223310747,0.990219394434978,0.990219394434978,0.941868730463172,0.993123429649361
215,1.04630870473508,1.04630870473508,1.05925358205529,1.01179990629776,1.03039873844007,1.03039873844007,1.02193258859341,1.02231974026253,1.05907833439588,1.05907833439588,1.0724027866605,1.12549610254962,1.02743691523999,1.02743691523999,1.08311556230715,0.955551668735345,0.703827292919887,0.703827292919887,0.669726283118834,0.753650866255266,0.973641604916108,0.973641604916108,1.05015904991844,1.02171734684296,0.984337184504109,0.984337184504109,0.942041808001081,0.982676803094635
216,1.04439194026975,1.04439194026975,1.05720390253535,1.0104659821291,1.01872652853294,1.01872652853294,1.00576718397389,1.00291024875307,1.03752314441496,1.03752314441496,1.05814687421733,1.10652186726815,0.990220030642366,0.990220030642366,1.03666988268883,0.929866543920751,0.741852056188048,0.741852056188048,0.695254896192525,0.784276254813343,0.990352931638264,0.990352931638264,1.06793874130656,1.04108688007258,0.984017306018442,0.984017306018442,0.948618754441622,0.978104621681693
217,1.04214891802309,1.04214891802309,1.05481260976208,1.0100311670686,1.00271969243518,1.00271969243518,0.990811501848526,0.984952383404057,1.01727282800376,1.01727282800376,1.0446534048526,1.09049575165101,0.963756017999113,0.963756017999113,0.993116213009385,0.909112529566342,0.7614181965105,0.7614181965105,0.705442648973673,0.795538852417128,1.00809010217901,1.00809010217901,1.0853677484464,1.06132446795484,0.985367904069035,0.985367904069035,0.956426474485072,0.975766250314575
218,1.03813186909042,1.03813186909042,1.05064641334655,1.01092290642997,0.988187522979601,0.988187522979601,0.982255641950325,0.973368214375382,1.01633133694712,1.01633133694712,1.04990185022968,1.09104423903042,0.97797370424989,0.97797370424989,0.980275688880784,0.916861417432349,0.762894886346157,0.762894886346157,0.717288873137798,0.799977314526994,1.00310979589844,1.00310979589844,1.08179076911387,1.06278824638871,0.986096516175275,0.986096516175275,0.963157267625977,0.972810016594357
219,1.03601799054887,1.03601799054887,1.04783181719417,1.01429825045896,0.979580832213472,0.979580832213472,0.969719404813281,0.959149968737698,1.00338170557161,1.00338170557161,1.04371364943035,1.08216559957622,0.951449953429113,0.951449953429113,0.936085777014787,0.899467060754111,0.793228556720272,0.793228556720272,0.748681367172731,0.825165587000484,1.0105057989131,1.0105057989131,1.09722087603848,1.08064293914606,0.981538247754526,0.981538247754526,0.964397656647659,0.966773976683301
220,1.03272142754998,1.03272142754998,1.04474987153918,1.01799786334663,0.966067523347027,0.966067523347027,0.957953877974934,0.945162445138759,0.990068691683014,0.990068691683014,1.03647930580247,1.07102444968195,0.918116050370568,0.918116050370568,0.889640097396468,0.878171166129352,0.817716996494912,0.817716996494912,0.771781504292775,0.846248282022348,1.0185139990453,1.0185139990453,1.11379070677001,1.09968907946586,0.98363522893834,0.98363522893834,0.971695759496154,0.967962173516186
221,1.02804506601754,1.02804506601754,1.03885332973182,1.02036355206564,0.95520861443649,0.95520861443649,0.95279304572163,0.937144854292356,0.985922827556415,0.985922827556415,1.03800419195933,1.0706473646086,0.917279715885228,0.917279715885228,0.871304754384006,0.880338687210753,0.815932662943494,0.815932662943494,0.768760717130924,0.844084531743789,1.00946340922647,1.00946340922647,1.1108449590844,1.10540802776565,0.98771367963059,0.98771367963059,0.979868865452968,0.971964020449343
222,1.02407559634466,1.02407559634466,1.03440493106354,1.02466011444316,0.950158998358751,0.950158998358751,0.943271358993416,0.926243237961637,0.983891188960513,0.983891188960513,1.04092984563237,1.06817917140126,0.882213405678479,0.882213405678479,0.848978437655897,0.873023303561026,0.842943781187382,0.842943781187382,0.793578556754766,0.866332323069492,0.999039512360177,0.999039512360177,1.10735565081395,1.10990148714404,0.985847721797534,0.985847721797534,0.981772718369966,0.970576206548533
223,1.01952158148022,1.01952158148022,1.02908022013674,1.02916302973075,0.93982739448996,0.93982739448996,0.93447160343107,0.915168580101858,0.969174197180436,0.969174197180436,1.03342953348876,1.0567980582785,0.848461335377264,0.848461335377264,0.820636740254931,0.850318520233358,0.865155657465385,0.865155657465385,0.810577888430286,0.884862902378183,0.989525638236177,0.989525638236177,1.10328771353383,1.1159608490331,0.989668492598552,0.989668492598552,0.987378507514463,0.974340414115113
224,1.01615704811022,1.01615704811022,1.0249140237212,1.03172770161304,0.931095580493586,0.931095580493586,0.933700893132372,0.910015787903211,0.951847458260907,0.951847458260907,1.02869529390875,1.04913637519736,0.845593902856099,0.845593902856099,0.807622695529997,0.841973564069966,0.845097287197714,0.845097287197714,0.787536982431062,0.870659823626612,0.979730484355468,0.979730484355468,1.09322307560801,1.1176458963,0.995515160475459,0.995515160475459,0.99408045439905,0.979416390985198
225,1.01562687921556,1.01562687921556,1.02443873571658,1.03429974324212,0.929102546183257,0.929102546183257,0.92851079339937,0.901440618796508,0.947073933429884,0.947073933429884,1.03997235897574,1.0547240903751,0.8475652627144,0.8475652627144,0.819826977472046,0.851619032882198,0.849527356704684,0.849527356704684,0.790261613988811,0.876207901263945,0.971953926375851,0.971953926375851,1.07970419783657,1.11509279438045,0.998687288791653,0.998687288791653,0.998330469496593,0.982714825393287
226,1.01600751329378,1.01600751329378,1.02430506096528,1.03485247425123,0.921863273576233,0.921863273576233,0.923720682555566,0.892875063108085,0.926262025862099,0.926262025862099,1.03307490880112,1.04294875194839,0.82408815894736,0.82408815894736,0.797558500942715,0.829618693905984,0.873523566534106,0.873523566534106,0.810637119551107,0.893462422716049,0.984048955914362,0.984048955914362,1.08615678800504,1.12790936601657,1.00167282132454,1.00167282132454,1.00137855724755,0.98510072463372
227,1.01599391921956,1.01599391921956,1.02437189834093,1.03596530601625,0.915097681769421,0.915097681769421,0.923554833503947,0.888625932227858,0.909364739003492,0.909364739003492,1.02732998886134,1.03268175381506,0.806823825642845,0.806823825642845,0.778239874551035,0.812712029471062,0.900534684777994,0.900534684777994,0.833026483221304,0.913768386868687,0.997236012743627,0.997236012743627,1.09113650433071,1.14070891697322,1.00816813168627,1.00816813168627,1.00813819664477,0.990927641902189
228,1.01637455329778,1.01637455329778,1.02458726321802,1.03781511246008,0.917662707989441,0.917662707989441,0.922920704777171,0.885982242200567,0.924197352492279,0.924197352492279,1.04525626682159,1.04282877033415,0.823192086284496,0.823192086284496,0.792468563450296,0.829835446014124,0.899427167401251,0.899427167401251,0.832078785288174,0.914045790750553,1.00602186867379,1.00602186867379,1.08266747973459,1.14154293026694,1.014663442048,1.014663442048,1.01479206643549,0.995243172799228
229,1.01972549259355,1.01972549259355,1.02737215387012,1.04201586812935,0.921335968534487,0.921335968534487,0.924227985536987,0.888606705391296,0.92612988676643,0.92612988676643,1.04786275827575,1.03849229199068,0.783764889118475,0.783764889118475,0.770604968312408,0.813633225930657,0.937513459412564,0.937513459412564,0.862227425785874,0.933464062481217,1.02685311653834,1.02685311653834,1.0891726725403,1.15374675744236,1.01643165923266,1.01643165923266,1.01643630304563,0.995585373487099
230,1.02319198152022,1.02319198152022,1.03092196115465,1.04732945556364,0.926385584612226,0.926385584612226,0.927125466027028,0.896720430420509,0.92796331671883,0.92796331671883,1.04844788901035,1.02937368930799,0.738722303265173,0.738722303265173,0.739197740376234,0.777869128087551,0.979291476013019,0.979291476013019,0.908072313301039,0.954990603714068,1.04953750162356,1.04953750162356,1.09488882578737,1.16584846054101,1.02382440645695,1.02382440645695,1.02401325303853,1.0017639970181
231,1.0271002778591,1.0271002778591,1.03398905405949,1.05228192540531,0.937700299575798,0.937700299575798,0.934374045165412,0.909669704845093,0.936585392711198,0.936585392711198,1.0564978694198,1.02639128918245,0.734719845371046,0.734719845371046,0.724679850483086,0.749366225867136,0.995658121691548,0.995658121691548,0.937747104832174,0.956599546228895,1.06459424154155,1.06459424154155,1.0949238942122,1.17044404399619,1.03202573540891,1.03202573540891,1.03069596908557,1.00686849061218
232,1.03208250606154,1.03208250606154,1.03870480223037,1.05845040346702,0.942240485358969,0.942240485358969,0.933593579040149,0.915976107237467,0.945719507699282,0.945719507699282,1.063608094407,1.02308322467538,0.731493983784736,0.731493983784736,0.732025555727826,0.73782417610868,1.02131560758608,1.02131560758608,0.975299635432451,0.970802624980466,1.08029627031316,1.08029627031316,1.09325814403284,1.17590768210401,1.03762360890807,1.03762360890807,1.03366713348634,1.00943499577121
233,1.03620151055087,1.03620151055087,1.04232144689056,1.06354289849766,0.945100444907423,0.945100444907423,0.931857041911437,0.922013333917972,0.936519323163364,0.936519323163364,1.05319985982474,1.00918249765345,0.704552065721288,0.704552065721288,0.70368385832686,0.702439394454819,1.0556486462651,1.0556486462651,1.02215145200157,0.99271753164793,1.10051532106016,1.10051532106016,1.10076278694617,1.18734557870357,1.04905926477065,1.04905926477065,1.04234985663811,1.01720105027094
234,1.03913103354576,1.03913103354576,1.04456421216238,1.06786893986233,0.948818392320413,0.948818392320413,0.938130038393242,0.93553941343942,0.928161525362333,0.928161525362333,1.04171001994518,0.99737287876553,0.688183805079637,0.688183805079637,0.683034907363298,0.678488286505345,1.06992331467645,1.06992331467645,1.04744314059198,1.00409109080446,1.11153486917596,1.11153486917596,1.10786414297397,1.1959920838711,1.06115244863155,1.06115244863155,1.0522248917177,1.02573705631839
235,1.04383458322664,1.04383458322664,1.04919827020746,1.07288773742509,0.958086448732122,0.958086448732122,0.936198384733215,0.940394189671354,0.944778016642644,0.944778016642644,1.05438785252834,1.00805124243342,0.709868763520948,0.709868763520948,0.702469214152533,0.686399738452456,1.08610537412552,1.08610537412552,1.07705870100229,1.01424407288078,1.11853377135761,1.11853377135761,1.1104767406237,1.2010472256718,1.06937154861048,1.06937154861048,1.05852299101383,1.03108869485371
236,1.04745060696975,1.04745060696975,1.05294116324387,1.07651365284488,0.95760383055832,0.95760383055832,0.932276542453766,0.94308594679005,0.93622201019811,0.93622201019811,1.04052202724158,0.996018800547611,0.693619979234346,0.693619979234346,0.688240525253272,0.67843409847831,1.12160745892444,1.12160745892444,1.12094896153037,1.04203994184382,1.13594002453752,1.13594002453752,1.12215452609164,1.21367656983381,1.08182015301101,1.08182015301101,1.06956149176491,1.04086993118202
237,1.04931299513819,1.04931299513819,1.05425563163166,1.07785494676034,0.956567095222006,0.956567095222006,0.929749783373226,0.946815953083101,0.933149776223818,0.933149776223818,1.02665620195482,0.983403590821178,0.675579049622015,0.675579049622015,0.670020862638365,0.665970852260258,1.14418850766135,1.14418850766135,1.15382223358582,1.06223494444371,1.15362755747414,1.15362755747414,1.13446354320649,1.2266463275851,1.09441981114088,1.09441981114088,1.08074422379759,1.0522290929044
238,1.05074716996864,1.05074716996864,1.05607509352436,1.07863613991988,0.964396234485899,0.964396234485899,0.935954489069071,0.958140559818187,0.946974829108132,0.946974829108132,1.02722360145504,0.98354071266603,0.693739455589394,0.693739455589394,0.678060650268435,0.672202475369284,1.17095351093263,1.17095351093263,1.19315169781072,1.09530148716221,1.16314143159814,1.16314143159814,1.13560326701342,1.23255250335898,1.10245231533651,1.10245231533651,1.0859557807724,1.05963393556694
239,1.05174633442397,1.05174633442397,1.05628303202639,1.079188870929,0.964995038516356,0.964995038516356,0.932842380394583,0.960928451119693,0.958982969427005,0.958982969427005,1.02607107122021,0.981980951680833,0.687048779706676,0.687048779706676,0.679217454243984,0.676537517532085,1.20085648010468,1.20085648010468,1.23354732221039,1.12775774134061,1.17502136485211,1.17502136485211,1.13853148048661,1.24034797455333,1.11403902492843,1.11403902492843,1.0965327414224,1.07015660671897
240,1.0510326455273,1.0510326455273,1.05505768013947,1.07823080384653,0.963842117323386,0.963842117323386,0.929837585812318,0.963629821656671,0.957711130631196,0.957711130631196,1.01358828221525,0.971456850088401,0.67145711537284,0.67145711537284,0.661344832821742,0.666946236746888,1.21020884906384,1.21020884906384,1.25475206346417,1.14922880179708,1.1772385111697,1.1772385111697,1.13558573280101,1.24014372639976,1.12353763885003,1.12353763885003,1.10599431349476,1.07885420753569
241,1.05043450626153,1.05043450626153,1.05409967775515,1.07716956030903,0.963859992070564,0.963859992070564,0.935466697740781,0.975463939560653,0.952673327608835,0.952673327608835,1.00410207182086,0.970616978788679,0.684300823540559,0.684300823540559,0.663311399580176,0.67670008161319,1.21642325212223,1.21642325212223,1.27163293289805,1.16742649644754,1.17727160290579,1.17727160290579,1.13246464299126,1.23939481650336,1.1293221081325,1.1293221081325,1.11186933436489,1.08406326245106
242,1.04934018328664,1.04934018328664,1.05221337848679,1.076439955377,0.971787442443935,0.971787442443935,0.933310660069741,0.978424872391219,0.96053560380111,0.96053560380111,1.00872992399457,0.981209641303537,0.71548415220823,0.71548415220823,0.678234170864767,0.689705208101592,1.23340518523228,1.23340518523228,1.29686539036764,1.18823178758753,1.18509779848953,1.18509779848953,1.13669038818311,1.24404146199694,1.13566636476489,1.13566636476489,1.1212059059932,1.09218102321333
243,1.04856532105597,1.04856532105597,1.04973296921266,1.07524605639731,0.969991030352562,0.969991030352562,0.930803412642332,0.980722479360391,0.945917716342784,0.945917716342784,0.991176001956346,0.972588105308434,0.737228848827066,0.737228848827066,0.67013654303592,0.690030336263802,1.23155932293771,1.23155932293771,1.30361773814119,1.20321159720833,1.18006785460484,1.18006785460484,1.12794081618836,1.23803316214627,1.1349821802261,1.1349821802261,1.12633092419906,1.09689578824621
244,1.04629511066086,1.04629511066086,1.04669558180811,1.07321937603056,0.969276040465449,0.969276040465449,0.932666775516398,0.988230559037898,0.933744402154326,0.933744402154326,0.975324278418797,0.960812766881723,0.770323799175514,0.770323799175514,0.666897491904381,0.716690845565026,1.2443573015134,1.2443573015134,1.32387478146184,1.22312919592635,1.18460142244828,1.18460142244828,1.12853697941045,1.23992245756674,1.13679482497822,1.13679482497822,1.1322059450692,1.10326452327048
245,1.04370543952153,1.04370543952153,1.04292298327141,1.0708831662987,0.975925446415604,0.975925446415604,0.935193534596939,0.994950338416357,0.937972853215717,0.937972853215717,0.975749828043966,0.961344114030526,0.792665877569592,0.792665877569592,0.679275294442762,0.770336992329685,1.25641693517127,1.25641693517127,1.34336182021183,1.24559891035755,1.18948245352059,1.18948245352059,1.12923834790702,1.24160750483364,1.13857192767636,1.13857192767636,1.13690788484906,1.10883479002304
246,1.04146241727487,1.04146241727487,1.04002669699323,1.06893018339983,0.974406092905488,0.974406092905488,0.932793601261754,0.997257558803811,0.923933074300942,0.923933074300942,0.959117930193608,0.948386099691962,0.783227245520757,0.783227245520757,0.669847342042032,0.801711859982955,1.25001794588342,1.25001794588342,1.34336182021183,1.25475323845915,1.18360867036577,1.18360867036577,1.11789371247496,1.23493539848389,1.13404031579609,1.13404031579609,1.13378287374792,1.10848308376051
247,1.03788717575442,1.03788717575442,1.03499904106932,1.06583488974879,0.972171749508258,0.972171749508258,0.93275457795549,1.00224692289168,0.913956572577972,0.913956572577972,0.945979085516512,0.937056407261021,0.794099593830175,0.794099593830175,0.676441124702665,0.83574194096094,1.25826279746584,1.25826279746584,1.35988730292079,1.27206324068763,1.18600782123182,1.18600782123182,1.11503563585142,1.23396521975447,1.13388037655325,1.13388037655325,1.13535980242665,1.11064084920903
248,1.03459061275554,1.03459061275554,1.03041696764974,1.06200999116572,0.97662256155554,0.97662256155554,0.935447186087649,1.01043755526714,0.922760339826884,0.922760339826884,0.949383482517865,0.94454668803609,0.811184712602117,0.811184712602117,0.692405019565251,0.874865696480217,1.26970714369218,1.26970714369218,1.37700509683795,1.29486583977707,1.18686820636999,1.18686820636999,1.10910907205538,1.23222911044917,1.13090372953385,1.13090372953385,1.13415787508006,1.10976633634003
249,1.03220485272954,1.03220485272954,1.02627305035943,1.05759551283959,0.974218408060121,0.974218408060121,0.932442391505385,1.01315815264068,0.911247721116768,0.911247721116768,0.934772945387059,0.933954025521232,0.798878648032117,0.798878648032117,0.680836979809754,0.875461764777602,1.25709375134594,1.25709375134594,1.36989736233947,1.29658574384464,1.17804925870375,1.17804925870375,1.09143458594175,1.22201670277099,1.12595449851951,1.12595449851951,1.12990785998252,1.10623026256536
250,1.02664487637266,1.02664487637266,1.01950762266861,1.05106591718525,0.966648452630306,0.966648452630306,0.92795471128512,1.01221603764914,0.895853516471391,0.895853516471391,0.915835987067035,0.918407836361076,0.795593048268282,0.795593048268282,0.670310063632252,0.874919884507252,1.26269286697281,1.26269286697281,1.38393513797396,1.31411766917861,1.17929019880688,1.17929019880688,1.08405268251532,1.22043377958088,1.12402634209202,1.12402634209202,1.12925401150597,1.10623976814002
251,1.02151991039088,1.02151991039088,1.01280903235344,1.04417520393829,0.963359499149584,0.963359499149584,0.928471770093107,1.01413872130535,0.897934707228169,0.897934707228169,0.914594800660291,0.916093905229189,0.796668335463719,0.796668335463719,0.681762422990194,0.883427404751748,1.26035477473302,1.26035477473302,1.38523822263201,1.32105276622528,1.16724480687249,1.16724480687249,1.06248560124571,1.20526835417878,1.11674910654311,1.11674910654311,1.12197513949502,1.10124934144191
252,1.01629978588955,1.01629978588955,1.00659315641796,1.03816886030592,0.958604816400279,0.958604816400279,0.923164600441316,1.00804381411516,0.882755228613253,0.882755228613253,0.897980634044315,0.900187771226295,0.786393368929543,0.786393368929543,0.673896155956456,0.877087405588652,1.24718762369841,1.24718762369841,1.37724202132123,1.32826526715381,1.16365435350743,1.16365435350743,1.05168452639849,1.19726863483087,1.11365694784833,1.11365694784833,1.11938859184516,1.10044136759554
253,1.01060386879045,1.01060386879045,0.99895884284369,1.03117497060392,0.951186796321477,0.951186796321477,0.920052491766828,1.00469834455335,0.871853753220604,0.871853753220604,0.885001370476657,0.886955513198025,0.809452305453913,0.809452305453913,0.688067004656939,0.89285612145584,1.25137157823277,1.25137157823277,1.38814054755222,1.33941690320485,1.15885605177533,1.15885605177533,1.03934044085881,1.18354996718318,1.10797910472775,1.10797910472775,1.11357126348766,1.09730452795673
254,1.0053089768809,1.0053089768809,0.992074593151715,1.02443902203951,0.948371523640967,0.948371523640967,0.920793934585828,1.00456375669741,0.877023695338633,0.877023695338633,0.886827687618008,0.888069628187452,0.810766545359447,0.810766545359447,0.703336817134195,0.899358684700041,1.22596020731085,1.22596020731085,1.36918658888962,1.33531132575322,1.13724714811282,1.13724714811282,1.01537117248843,1.153916964237,1.10039087620666,1.10039087620666,1.10477315531062,1.09235212355726
255,0.999993693860014,0.999993693860014,0.984900714831921,1.0176441155008,0.943107410597094,0.943107410597094,0.916033091221721,0.99879570572878,0.864883415924092,0.864883415924092,0.872305806659113,0.87470024831433,0.810467854471826,0.810467854471826,0.70414657991708,0.899250308645971,1.22325294261214,1.22325294261214,1.37007505570193,1.33947238398122,1.12659160909394,1.12659160909394,1.00637612151988,1.13248792879229,1.09658787643262,1.09658787643262,1.10071544858853,1.0896905626516
256,0.994664816764907,0.994664816764907,0.978551164145148,1.01100397364464,0.936475879394116,0.936475879394116,0.914189240000786,0.995382942239005,0.858722430588549,0.858722430588549,0.864291288718428,0.866832882465915,0.842606993979885,0.842606993979885,0.728844344795065,0.9260733820283,1.21205471135841,1.21205471135841,1.36355963241166,1.34213546124714,1.09414516186409,1.09414516186409,0.982582195273653,1.0944296895116,1.08477014348994,1.08477014348994,1.08984040995658,1.08054619982572
257,0.988255210769135,0.988255210769135,0.972134776082724,1.00363422685645,0.935385519816268,0.935385519816268,0.9162672310593,0.99552714351322,0.864255755219666,0.864255755219666,0.865071463031238,0.868718307832638,0.840874586831681,0.840874586831681,0.733529400896041,0.9260733820283,1.18135186852538,1.18135186852538,1.33613562347171,1.32743305550821,1.07210606563249,1.07210606563249,0.969186056989113,1.06774126411263,1.07890570458605,1.07890570458605,1.08433077499982,1.07551775082895
258,0.983973077389139,0.983973077389139,0.968703790799344,0.997509967275458,0.92941535425887,0.92941535425887,0.913399018048957,0.990720434372692,0.856079648675179,0.856079648675179,0.850851013056838,0.8592226200766,0.846489975518963,0.846489975518963,0.733992122486261,0.92845765521784,1.15907846350423,1.15907846350423,1.31818859386306,1.317890361972,1.04778363961114,1.04778363961114,0.955071015995585,1.03858484019142,1.06633270299665,1.06633270299665,1.07320573547978,1.0659266259939
259,0.98022790994092,0.98022790994092,0.964047453629044,0.99252801844664,0.924329988686775,0.924329988686775,0.913652669539667,0.98924958137569,0.855897957418635,0.855897957418635,0.843102463631884,0.857902822319894,0.871281319191537,0.871281319191537,0.763143582670112,0.955009788464995,1.13231346023295,1.13231346023295,1.29366690984332,1.30557362961712,1.02165771397323,1.02165771397323,0.938062829953695,1.00845823754079,1.05983739263492,1.05983739263492,1.06842687234973,1.06276126963109
260,0.975395216554924,0.975395216554924,0.958054368945738,0.986094229500548,0.924839418981343,0.924839418981343,0.914638008022812,0.988355533475551,0.859663921645187,0.859663921645187,0.83622274469165,0.859788247686616,0.870265770173624,0.870265770173624,0.76135053650801,0.95495560043796,1.14191194416472,1.14191194416472,1.30166311115411,1.32166305476538,1.01606521057513,1.01606521057513,0.940307209142728,0.997037361620694,1.05305774584149,1.05305774584149,1.06610955642551,1.06029932579335
261,0.972193812075594,0.972193812075594,0.954816469414237,0.981185978139612,0.918377697876555,0.918377697876555,0.912472214525206,0.984731274783593,0.855534574905547,0.855534574905547,0.820122783872753,0.856737286638647,0.900194597113285,0.900194597113285,0.780784843297245,0.978473204171153,1.13606671356524,1.13606671356524,1.29141612725214,1.32238430485824,0.992189522990897,0.992189522990897,0.92452641796984,0.970791473887772,1.03293205778496,1.03293205778496,1.05227296881156,1.04820823482191
262,0.966287186826043,0.966287186826043,0.949365510111206,0.97311610540654,0.915383677724267,0.915383677724267,0.917223302062748,0.986826999968863,0.863512472806531,0.863512472806531,0.816594268230726,0.86726138823108,0.904973651315227,0.904973651315227,0.782924930652012,0.988877305361875,1.12683740209239,1.12683740209239,1.27542372463057,1.32354940116208,0.984462602615405,0.984462602615405,0.924771896943641,0.961208831349746,1.01997697911546,1.01997697911546,1.04710948893061,1.04210565588822
263,0.964193699395823,0.964193699395823,0.947976777972695,0.968193114552028,0.915857358524479,0.915857358524479,0.916286742712431,0.983423849897369,0.854989501135914,0.854989501135914,0.802480205662617,0.866215834164079,0.915248617849402,0.915248617849402,0.772282334076955,0.993970979903166,1.13446696624328,1.13446696624328,1.28288684585397,1.33808536457189,0.967800913497375,0.967800913497375,0.917144514543412,0.944034965770941,0.996092718852357,0.996092718852357,1.03164789554407,1.02420665879764
264,0.960468923058937,0.960468923058937,0.945399825822624,0.963203795976421,0.9120500373756,0.9120500373756,0.916423324284352,0.982049131083177,0.848019163839402,0.848019163839402,0.793419544893392,0.867689893996244,0.946850113759743,0.946850113759743,0.798888825514597,1.02583353979975,1.07989097106713,1.07989097106713,1.24989511155688,1.32521382445328,0.942618102337848,0.942618102337848,0.896734691293143,0.921244275969136,0.985003598015914,0.985003598015914,1.02774403552235,1.01918771537553
265,0.957138374874495,0.957138374874495,0.94314220780066,0.957720704366006,0.912139411111489,0.912139411111489,0.92180854054867,0.984442872235161,0.852594480026923,0.852594480026923,0.796380661035194,0.880527926720563,0.951390215251588,0.951390215251588,0.79790554213538,1.0296267016922,1.06832356735449,1.06832356735449,1.24983588043606,1.33658738360981,0.93101944884059,0.93101944884059,0.892438809251635,0.909687234613329,0.971915236644055,0.971915236644055,1.02150362873885,1.01427333327472
266,0.955595447450275,0.955595447450275,0.942176779041268,0.954662259448906,0.907974595019053,0.907974595019053,0.921681714803315,0.982481734905825,0.844732203834649,0.844732203834649,0.788596649141476,0.87864250135384,0.991773223257997,0.991773223257997,0.820983781447596,1.05932174050739,1.04432735752507,1.04432735752507,1.2068933178411,1.32083084311978,0.899102469388076,0.899102469388076,0.866470640666027,0.882913705817035,0.954508515715697,0.954508515715697,1.00990743369895,1.00623161710975
267,0.952067785189611,0.952067785189611,0.940097394021038,0.949717159354029,0.902049116329599,0.902049116329599,0.926608407219041,0.98516387860624,0.851537367261576,0.851537367261576,0.797373610160588,0.885704276363746,1.0016300225495,1.0016300225495,0.836427114521184,1.07704122534783,1.04549640364496,1.04549640364496,1.15672455850603,1.30379824477317,0.895015639981766,0.895015639981766,0.867312282861915,0.883015829893816,0.947080226437438,0.947080226437438,1.00619588205268,1.00515748717282
268,0.950490872579835,0.950490872579835,0.939421593889463,0.946496580007588,0.901584372902976,0.901584372902976,0.932237519147503,0.987586460013067,0.850298563239684,0.850298563239684,0.799341777176995,0.881213535944825,1.01961121398431,1.01961121398431,0.844293381554921,1.09394788978276,1.06401655533382,1.06401655533382,1.12497667774618,1.28926228136336,0.882457326138087,0.882457326138087,0.855599428969149,0.875305462096791,0.936195472411283,0.936195472411283,0.994628533269095,0.998408529162034
269,0.948975133304058,0.948975133304058,0.938433886004854,0.944668882804117,0.89674925379137,0.89674925379137,0.936608129448979,0.989028472755225,0.851107915200653,0.851107915200653,0.805264009460599,0.875985765609822,1.06095003283111,1.06095003283111,0.89305266912434,1.14125403738432,1.03497498856591,1.03497498856591,1.06319861873026,1.24110496747131,0.880058175272035,0.880058175272035,0.853810939302888,0.878964908181472,0.930499858263719,0.930499858263719,0.988465049835781,0.995937079749633
270,0.947554552547837,0.947554552547837,0.937572426496473,0.943364437622607,0.899260655769857,0.899260655769857,0.950880903714734,0.99734407956834,0.858953674005969,0.858953674005969,0.820583795966686,0.877819770284725,1.08771273636198,1.08771273636198,0.946092131403292,1.17398360571347,1.04395818506615,1.04395818506615,1.03346459607831,1.23100746617137,0.883350803012341,0.883350803012341,0.854687649923604,0.887185896362407,0.922956057310081,0.922956057310081,0.979493864120831,0.992686173214859
271,0.948533325891836,0.948533325891836,0.938998290510345,0.944469899640835,0.902692607228002,0.902692607228002,0.957495354126342,1.00067993571187,0.85527029671421,0.85527029671421,0.820938420654327,0.86945533774872,1.12785679165829,1.12785679165829,0.992942692413053,1.22134394134206,1.0151012045277,1.0151012045277,0.969317292229568,1.19500044230508,0.871024131321245,0.871024131321245,0.839064666662446,0.880718038166226,0.914719186304166,0.914719186304166,0.968993826821019,0.988998010245584
272,0.948132300702281,0.948132300702281,0.938166536502253,0.944071933314273,0.902093803197544,0.902093803197544,0.968217007522149,1.00712092596018,0.868302515024513,0.868302515024513,0.837676705910978,0.876140027685281,1.11608837068601,1.11608837068601,1.00589889693921,1.23787128958774,1.01177865239747,1.01177865239747,0.939109420611048,1.17291909330849,0.874813135102804,0.874813135102804,0.839152337724517,0.889909205076588,0.909592245020009,0.909592245020009,0.961166875940024,0.987743274390057
273,0.948295429592948,0.948295429592948,0.937416472619956,0.944293025717919,0.912899087866547,0.912899087866547,0.976392390184283,1.01044716868542,0.86283525994123,0.86283525994123,0.835176601863109,0.866352956008932,1.09822665560625,1.09822665560625,1.0231352761749,1.25504889415784,1.01608566441813,1.01608566441813,0.899424569661228,1.13730043487682,0.866771843234519,0.866771843234519,0.818076214402505,0.888836902270379,0.898920743317631,0.898920743317631,0.946609131918124,0.981460089537761
274,0.949981094796502,0.949981094796502,0.938084846376458,0.946179680895696,0.916500849422882,0.916500849422882,0.982060525419009,1.01323505998693,0.863479438032614,0.863479438032614,0.837712168379742,0.861262307518781,1.09595660486033,1.09595660486033,1.08033923276583,1.30528119521929,0.990182063550988,0.990182063550988,0.857903553965968,1.08847735166829,0.861708807613747,0.861708807613747,0.811553487384378,0.890453866819424,0.898494238670076,0.898494238670076,0.940128339665309,0.982192018786818
275,0.951089011845612,0.951089011845612,0.938396754129493,0.948714873790834,0.926144275525325,0.926144275525325,0.993552889113514,1.02003174671164,0.873654148399087,0.873654148399087,0.849538901712566,0.86655863877621,1.07313662104606,1.07313662104606,1.1168942383932,1.31996615054578,0.980891223334981,0.980891223334981,0.854053531112627,1.07421879214035,0.859127652199235,0.859127652199235,0.806696510545611,0.893755878635369,0.900546792286436,0.900546792286436,0.933926394556904,0.982819386714581
276,0.954134084471387,0.954134084471387,0.940483565524795,0.953166200850903,0.933365673385172,0.933365673385172,0.997260103208515,1.02119497032364,0.876148273829829,0.876148273829829,0.848599146290318,0.86371336049552,1.09559817579519,1.09559817579519,1.17837836969366,1.35394204349673,0.948896276895752,0.948896276895752,0.82888030476386,1.04592359618995,0.852244571093872,0.852244571093872,0.79707022793015,0.887100792965088,0.902661544497232,0.902661544497232,0.928060989105544,0.983893516651509
277,0.955649823747164,0.955649823747164,0.941047970030286,0.956342561716614,0.939478836919992,0.939478836919992,1.00721104630562,1.02916449407864,0.904013105628919,0.904013105628919,0.871986644440236,0.882533333701531,1.08466608930824,1.08466608930824,1.19821755787434,1.34939024922579,0.93609829832006,0.93609829832006,0.820173330003228,1.03133215200377,0.858581638553858,0.858581638553858,0.802085012680645,0.888377343924861,0.909467847831139,0.909467847831139,0.926397521657863,0.987990419331297
278,0.95870169341005,0.95870169341005,0.943015959424432,0.961663518897689,0.951946473076535,0.951946473076535,1.01314258885763,1.03335594444918,0.91891178866554,0.91891178866554,0.881047305209461,0.890897766237536,1.09697215387824,1.09697215387824,1.21747834406724,1.34435076271153,0.924961595809482,0.924961595809482,0.821713339144564,1.01890445809614,0.857059418694018,0.857059418694018,0.799226936057111,0.880292521179635,0.912106845337888,0.912106845337888,0.920849425026002,0.986269910317279
279,0.961767157147158,0.961767157147158,0.945028507069012,0.966947627344823,0.96265344663606,0.96265344663606,1.01739612924031,1.03807613282518,0.941342400155263,0.941342400155263,0.897945171575551,0.910369068206596,1.10013827728703,1.10013827728703,1.26155257553568,1.35453811179411,0.89887340871288,0.89887340871288,0.818337165257789,0.99388262795177,0.865017981222094,0.865017981222094,0.808064179113928,0.88116057583228,0.918824293536887,0.918824293536887,0.92052250078773,0.988094980652591
280,0.964397610509156,0.964397610509156,0.946149889704921,0.971538979593867,0.983012783671617,0.983012783671617,1.03195182247648,1.05434203655673,0.96821618873684,0.96821618873684,0.917449529395801,0.934245409441544,1.09249179056392,1.09249179056392,1.26132121474057,1.3390403360621,0.900903857236908,0.900903857236908,0.821594876902923,0.991663396896837,0.875408786352306,0.875408786352306,0.821355112123982,0.884003029302707,0.926323666923071,0.926323666923071,0.920387884924912,0.990433352019709
281,0.969196318709596,0.969196318709596,0.949350657361061,0.978975054103154,1.0013343995289,1.0013343995289,1.03874187776627,1.06056191818458,0.975285630355103,0.975285630355103,0.916722548786137,0.941547147679941,1.13012684240422,1.13012684240422,1.29313332406819,1.35323759914527,0.875677072544439,0.875677072544439,0.793519325633946,0.968583393925533,0.873985841700717,0.873985841700717,0.82580880207722,0.875118234622691,0.92715001967771,0.92715001967771,0.917003257516914,0.988636798408387
282,0.97303664467737,0.97303664467737,0.952588556892562,0.984834002799767,1.01468683567075,1.01468683567075,1.05152201056746,1.07030031090329,1.00594190055019,1.00594190055019,0.938283729794704,0.972176739773877,1.13866940179019,1.13866940179019,1.28532489723323,1.33866101987286,0.871739232982688,0.871739232982688,0.786766977860394,0.962369546971721,0.879925808327701,0.879925808327701,0.84281698811911,0.877467088388672,0.93171717361195,0.93171717361195,0.918291723632458,0.991754626897877
283,0.976917752867812,0.976917752867812,0.957727608442559,0.990604514534922,1.0336787545472,1.0336787545472,1.05580481842984,1.07248255685309,1.0161000935297,1.0161000935297,0.93746809301313,0.985134754112441,1.1807848169448,1.1807848169448,1.30348671964936,1.33947384027838,0.865894002383213,0.865894002383213,0.779955398966022,0.955434449925055,0.878618684752403,0.878618684752403,0.852530941796643,0.875458648211963,0.933991865065579,0.933991865065579,0.917772491018731,0.993779314301113
284,0.981220277359141,0.981220277359141,0.962369092862715,0.995822295260962,1.04266975237765,1.04266975237765,1.05948276504514,1.07342467184463,1.04444392955059,1.04444392955059,0.955979501707986,1.01552438297788,1.18484701301645,1.18484701301645,1.31412931622442,1.3453803352252,0.839805815286611,0.839805815286611,0.754426785892332,0.935073004996044,0.878122308711151,0.878122308711151,0.862998866607992,0.8746927176361,0.936275442032699,0.936275442032699,0.917868645206459,0.994159537287637
285,0.984584810729138,0.984584810729138,0.965822357271311,1.00015570637242,1.05945413997764,1.05945413997764,1.06948248727508,1.08017329147793,1.06421524173999,1.06421524173999,0.96477419396148,1.0374981586155,1.19798941207179,1.19798941207179,1.32309454703493,1.34413401060339,0.841713206324334,0.841713206324334,0.753005238992637,0.935516851207031,0.885452128253641,0.885452128253641,0.876780757565647,0.880530810692126,0.94216653747706,0.94216653747706,0.921397503896047,0.999149963985754
286,0.988982493740023,0.988982493740023,0.971251037449126,1.00613257101764,1.06331508536805,1.06331508536805,1.07158974581329,1.08107695279635,1.08689361403409,1.08689361403409,0.976068990262843,1.06142592054227,1.23365310405378,1.23365310405378,1.35976523305985,1.36494221298484,0.821839422286121,0.821839422286121,0.73162280437639,0.918262329754926,0.881679670340125,0.881679670340125,0.876938565477376,0.877041571402081,0.943437165906235,0.943437165906235,0.919743651867139,0.99953969254694
287,0.993115092303575,0.993115092303575,0.975714288867548,1.01165988110879,1.0693299377934,1.0693299377934,1.08400891303155,1.08890227527713,1.12447066936481,1.12447066936481,1.00248852949209,1.09970005548674,1.23926849274106,1.23926849274106,1.36479733035349,1.36309982006565,0.819009100101112,0.819009100101112,0.726528927985816,0.914045790750553,0.887023985717607,0.887023985717607,0.88547772692315,0.882062671843853,0.947888808165096,0.947888808165096,0.921964813603638,1.00269554333508
288,0.997737077539127,0.997737077539127,0.981321202047097,1.01759989702007,1.07942916994888,1.07942916994888,1.08894536127384,1.09065191740429,1.14557988989785,1.14557988989785,1.01812747821706,1.12249656219347,1.27015313052111,1.27015313052111,1.38741284807549,1.37106546003979,0.817840053981217,0.817840053981217,0.723626603065605,0.913435502210447,0.897993896229279,0.897993896229279,0.898610852021476,0.893041010097896,0.954979447930706,0.954979447930706,0.926580214614544,1.00818976549034
289,1.00288923166934,1.00288923166934,0.987098921853307,1.02396735824507,1.08399616785281,1.08399616785281,1.09806705911286,1.09626615368043,1.17443576491445,1.17443576491445,1.04710031519732,1.15621139579659,1.27630616280611,1.27630616280611,1.39678296027744,1.37144477622904,0.793474671692881,0.793474671692881,0.698749532320942,0.894183672808902,0.895313465606518,0.895313465606518,0.897804278250417,0.892275079522033,0.956410015602715,0.956410015602715,0.925810981112727,1.00815174319169
290,1.0082452969129,1.0082452969129,0.994525296925557,1.0306296093416,1.09488188888412,1.09488188888412,1.104983940148,1.10033262961331,1.18660907910291,1.18660907910291,1.06483154957936,1.17912788411757,1.27314003939733,1.27314003939733,1.38885885304492,1.36071554687611,0.795566648960062,0.795566648960062,0.69104948661426,0.893684345821542,0.905092073619185,0.905092073619185,0.908850832071438,0.901925804777913,0.961732438183668,0.961732438183668,0.929157146845634,1.01241024064075
291,1.01285368807422,1.01285368807422,1.00027331123148,1.03754980157571,1.0990109554822,1.0990109554822,1.10901309651968,1.10223608643296,1.19177902122094,1.19177902122094,1.07887468720994,1.1953939629632,1.29512368872626,1.29512368872626,1.40858236082805,1.36629691366071,0.805657362837049,0.805657362837049,0.69389258041365,0.901784539172048,0.919817896176332,0.919817896176332,0.926034360237472,0.916410403001464,0.969987080216565,0.969987080216565,0.93483024392154,1.01869342549305
292,1.01799904516733,1.01799904516733,1.00656345091767,1.04356351495487,1.1061072301118,1.1061072301118,1.11755920059131,1.10787916296394,1.20730536496199,1.20730536496199,1.10247496017245,1.22086434564456,1.28950830003898,1.28950830003898,1.39967497021631,1.35220802663161,0.788798487213302,0.788798487213302,0.674820159509408,0.88597251790565,0.918626593677327,0.918626593677327,0.927402028805789,0.917908222794264,0.971799724968676,0.971799724968676,0.934753320571358,1.01792347394534
293,1.02331432818822,1.02331432818822,1.01370762373718,1.05010785010279,1.11259576333735,1.11259576333735,1.11985181983427,1.10795607031019,1.20756964315333,1.20756964315333,1.11100368391021,1.22784041950143,1.29368997246568,1.29368997246568,1.38804909026204,1.3356264903589,0.807626282617925,0.807626282617925,0.685304067894659,0.897678961720422,0.934427897657188,0.934427897657188,0.945304459680809,0.933550227221343,0.977362056413878,0.977362056413878,0.938820642712219,1.01969151083267
294,1.02622346007177,1.02622346007177,1.01792580477822,1.05557620221963,1.11592046631243,1.11592046631243,1.12457363989212,1.1082540862769,1.21723231452408,1.21723231452408,1.12694406361967,1.23987286138724,1.29823007395752,1.29823007395752,1.39389095033857,1.33107469608796,0.817347824035998,0.817347824035998,0.68814716169405,0.900120115880848,0.947532225146245,0.947532225146245,0.961418400889569,0.946485943613704,0.982871074778137,0.982871074778137,0.942734118152717,1.01892155928496
295,1.02934330010577,1.02934330010577,1.02276037495025,1.05854621017527,1.1224000621644,1.1224000621644,1.12788086509792,1.10738887863161,1.21744704055454,1.21744704055454,1.13093359135563,1.24302666381885,1.28353448228655,1.28353448228655,1.37578696812121,1.3099413655443,0.799627546008118,0.799627546008118,0.668719354064884,0.877372997567784,0.940847694457382,0.940847694457382,0.957736216282562,0.941158470941587,0.978623799329563,0.978623799329563,0.939291798232082,1.01024296961757
296,1.03283697718087,1.03283697718087,1.02807023312691,1.0615235878777,1.12225706418698,1.12225706418698,1.12723698054458,1.10260139632764,1.2152337107021,1.2152337107021,1.13291948960642,1.24321520635552,1.29279389980281,1.29279389980281,1.37561344752488,1.30045846081318,0.803996086771935,0.803996086771935,0.67114783001853,0.870271458191999,0.949120628478252,0.949120628478252,0.969238659626356,0.948732673302903,0.976846696631415,0.976846696631415,0.93833025635481,1.0045966582677
297,1.03465178608954,1.03465178608954,1.03101850403059,1.06245217597301,1.12161357328857,1.12161357328857,1.13234903366505,1.10178425577375,1.2218902176464,1.2218902176464,1.14247662493834,1.25207670557912,1.28496819854713,1.28496819854713,1.36248372240239,1.2851774371893,0.806949466443249,0.806949466443249,0.676123244167462,0.85845405282448,0.958981965831128,0.958981965831128,0.982617263698482,0.958638708750738,0.976366878902916,0.976366878902916,0.939214874881901,0.999967443406779
298,1.03705793722687,1.03705793722687,1.03474654431686,1.06447885633977,1.12452715707856,1.12452715707856,1.1310515087318,1.09521829108779,1.21876843151123,1.21876843151123,1.1421220002507,1.25200814465669,1.26943627239082,1.26943627239082,1.33824867911463,1.26176820951018,0.776677324812286,0.776677324812286,0.655392351880243,0.809187123404966,0.950560118997883,0.950560118997883,0.978075902683173,0.949413500481449,0.97137322032112,0.97137322032112,0.936282172156221,0.991450448508658
299,1.03997386614753,1.03997386614753,1.03873450773066,1.06735305758716,1.12139907632244,1.12139907632244,1.12772477187287,1.08671041590905,1.21381321542366,1.21381321542366,1.14059711409384,1.24928284799025,1.27654511551621,1.27654511551621,1.3370340349403,1.25017197172469,0.770032220551831,0.770032220551831,0.662914704224462,0.770627983825504,0.958187764165124,0.958187764165124,0.98898218280488,0.95400908393663,0.967419166817741,0.967419166817741,0.932830236816814,0.983228126425094
300,1.04228485876531,1.04228485876531,1.04201696551259,1.06911442706954,1.12258774700977,1.12258774700977,1.12755892282125,1.0809519783587,1.2199742007592,1.2199742007592,1.15029609930082,1.257527298912,1.25701073146577,1.25701073146577,1.3121049092672,1.22795488064033,0.767817185798346,0.767817185798346,0.670851674414426,0.737284037225135,0.969736780058258,0.969736780058258,1.00307968958599,0.960834376401547,0.968103351356528,0.968103351356528,0.934705243477494,0.980043758912961
301,1.0440520884142,1.0440520884142,1.04498751554149,1.0709494940198,1.11919154504598,1.11919154504598,1.11948109842477,1.07042528534094,1.2154319193456,1.2154319193456,1.14820381364374,1.25529906893315,1.23729713288276,1.23729713288276,1.27925167636159,1.20075249106876,0.722285915865597,0.722285915865597,0.653970804980547,0.702386628886313,0.966510335790119,0.966510335790119,1.00195749999148,0.952766574335784,0.967623533628028,0.967623533628028,0.935974478755493,0.976374607093012
302,1.04610479362175,1.04610479362175,1.0476610105675,1.07330044324523,1.113364377466,1.113364377466,1.11441782443713,1.06203277118158,1.21305341562357,1.21305341562357,1.15089896126981,1.25529906893315,1.23574394026713,1.23574394026713,1.27248437310463,1.18400839071494,0.709918638491971,0.709918638491971,0.667890118373395,0.708489514287379,0.977596067378084,0.977596067378084,1.01530103563877,0.957106847599011,0.958746905650779,0.958746905650779,0.928080219943089,0.964140932501627
303,1.04719911659664,1.04719911659664,1.05057214959583,1.07466384640105,1.10746571089731,1.10746571089731,1.1068668146752,1.05237128580912,1.21326814165403,1.21326814165403,1.15215787891094,1.25720163453048,1.21364081458315,1.21364081458315,1.24240746974034,1.16059916303582,0.716809857725036,0.716809857725036,0.684000983236606,0.714647880464818,0.98974073452072,0.98974073452072,1.03011744512887,0.965719311407609,0.95923560889277,0.95923560889277,0.930378305029769,0.961089643034778
304,1.04647863066286,1.04647863066286,1.05014141984164,1.07394898096259,1.09604374745068,1.09604374745068,1.09639881277011,1.04154657682464,1.2039523354094,1.2039523354094,1.14222838765699,1.25082546874484,1.19100004530145,1.19100004530145,1.20776119067263,1.12819472286888,0.6924444754367,0.6924444754367,0.667830887252574,0.696061820379754,0.984528786087572,0.984528786087572,1.02945114505713,0.963778953948755,0.960168587809298,0.960168587809298,0.933061006867359,0.958713249369008
305,1.04726708696775,1.04726708696775,1.05129250797784,1.07527553538447,1.084165977951,1.084165977951,1.08990143227729,1.03572084534632,1.20520765681825,1.20520765681825,1.13910769040575,1.25175104119759,1.18884947091058,1.18884947091058,1.19949004224745,1.1124260070017,0.697920533577261,0.697920533577261,0.683882520994964,0.698059128329193,0.975130733039865,0.975130733039865,1.03022265040336,0.961906679207755,0.950678859401188,0.950678859401188,0.925493672293227,0.946203913112394
306,1.04827304846019,1.04827304846019,1.05304513249489,1.07617464449263,1.07788300431799,1.07788300431799,1.07841882440935,1.02763596057195,1.19909622364358,1.19909622364358,1.12892996187046,1.24789448931111,1.1645360326582,1.1645360326582,1.16715737113083,1.08370635267314,0.713733420567418,0.713733420567418,0.706745733631727,0.708101148852765,0.974981820227489,0.974981820227489,1.04256673594304,0.971455280386854,0.950394522969484,0.950394522969484,0.927743680286044,0.942439705545814
307,1.04851094475908,1.04851094475908,1.05350556774937,1.07660208980634,1.06667553783749,1.06667553783749,1.06648744851938,1.01917615248462,1.18826081779877,1.18826081779877,1.11502867411493,1.23934151423844,1.13311375128043,1.13311375128043,1.12626435059515,1.050976784344,0.707149845050115,0.707149845050115,0.702125706207718,0.707934706523645,0.974452352450153,0.974452352450153,1.05527903994342,0.983131466498906,0.951194219183651,0.951194219183651,0.931234077300542,0.940110839753359
308,1.04708356696575,1.04708356696575,1.0526663873662,1.07559243449636,1.05619199861769,1.05619199861769,1.05972666070929,1.01581145608625,1.18470957960268,1.18470957960268,1.11322008820797,1.23661621757199,1.12469066824951,1.12469066824951,1.10573108002914,1.03764652969338,0.707642074995334,0.707642074995334,0.706627271390085,0.709266245156605,0.948260243340081,0.948260243340081,1.04195303850854,0.973446699884099,0.951158677129688,0.951158677129688,0.934282165051494,0.936517732530714
309,1.04455506916042,1.04455506916042,1.0503642110938,1.07327096425808,1.0504542047736,1.0504542047736,1.04962938021369,1.00953389394872,1.16412891545231,1.16412891545231,1.10892912948751,1.21860183520449,1.06913416315193,1.06913416315193,1.04135493878981,1.00117798749882,0.729853951273337,0.729853951273337,0.728957403939462,0.731125671047696,0.952264343406182,0.952264343406182,1.0530521949668,0.992237530011949,0.941979941693754,0.941979941693754,0.929878303253588,0.924740325523157
310,1.04102060986264,1.04102060986264,1.04683668293449,1.06999142693733,1.03898755445902,1.03898755445902,1.03928820405395,1.00210272161746,1.14234248205397,1.14234248205397,1.10016989970278,1.19923337461907,1.03466523472043,1.03466523472043,0.991091806052173,0.975113546494983,0.747512700558066,0.747512700558066,0.751879847697045,0.75520432799372,0.960868194787886,0.960868194787886,1.06376559875195,1.01152195984425,0.941828887964412,0.941828887964412,0.933359084849313,0.921517935712373
311,1.0357936883242,1.0357936883242,1.04157138300826,1.06438304963152,1.02945137683964,1.02945137683964,1.03555172247925,1.00042037341828,1.1280219075609,1.1280219075609,1.09951384403064,1.18942916271211,1.02295655192567,1.02295655192567,0.963675551831646,0.966443462169382,0.73668364176325,0.73668364176325,0.74483134431939,0.758644136128866,0.953588012849521,0.953588012849521,1.0570850638221,1.01453462010931,0.941126932398643,0.941126932398643,0.937186021520856,0.918533185268165
312,1.03157952531532,1.03157952531532,1.03839289447734,1.0598359158632,1.02550999508693,1.02550999508693,1.02850801569875,0.996152015701489,1.11375088522871,1.11375088522871,1.10016989970278,1.18334438084678,0.99278877227591,0.99278877227591,0.924170696066625,0.956418677167905,0.767201898366822,0.767201898366822,0.771070730842928,0.789491447792435,0.951453595872137,0.951453595872137,1.05454260302202,1.01724090814403,0.931228470369959,0.931228470369959,0.93147446276986,0.9064230831474
313,1.0275896645311,1.0275896645311,1.03463514869078,1.05538458880314,1.01693905381515,1.01693905381515,1.02073262192581,0.990210923203795,1.08892525262999,1.08892525262999,1.09050637696457,1.170352086047,0.942847655865617,0.942847655865617,0.874023243726548,0.932359193164361,0.812733168299571,0.812733168299571,0.803173998327708,0.826940971844431,0.959263245587837,0.959263245587837,1.06136341165119,1.02838945319271,0.92726553135309,0.92726553135309,0.931339846907042,0.901004905589444
314,1.02202968817422,1.02202968817422,1.02932529051412,1.04952564010652,1.011094011488,1.011094011488,1.01964972517701,0.990787728300659,1.06327375068335,1.06327375068335,1.08123294138276,1.15855960738969,0.911485112665373,0.911485112665373,0.842095454001377,0.913339195675073,0.833099182283003,0.833099182283003,0.813420982229677,0.839757031186669,0.964624106833361,0.964624106833361,1.06483518570923,1.03688277224506,0.925141893628803,0.925141893628803,0.931436001094769,0.898704556520979
315,1.01687073700689,1.01687073700689,1.02512196222323,1.04253175040453,1.010289647865,1.010289647865,1.01347428696086,0.986932747569955,1.05384232273001,1.05384232273001,1.08821904772928,1.16005080745246,0.901508837018819,0.901508837018819,0.840707289230717,0.909925349971867,0.849465827961532,0.849465827961532,0.822838730440156,0.849133282393761,0.945447445772986,0.945447445772986,1.04500399146863,1.02593847534994,0.921303351800804,0.921303351800804,0.927099447228271,0.89627112940723
316,1.01309158437311,1.01309158437311,1.02145333293754,1.03541257500713,1.00377430251868,1.00377430251868,1.00532817177843,0.980943587980856,1.02987559425314,1.02987559425314,1.08066554188253,1.1478983839524,0.873073464517265,0.873073464517265,0.816125204750287,0.889171335617459,0.874077325222478,0.874077325222478,0.84297731151917,0.867552900149706,0.943346120531685,0.943346120531685,1.04004180935538,1.02959792143462,0.913839520468583,0.913839520468583,0.918935956690231,0.891413780754396
317,1.00923086729401,1.00923086729401,1.01777727727677,1.02729111404655,0.997661138983856,0.997661138983856,1.00237215632899,0.97943428131073,1.00528120507185,1.00528120507185,1.07236732419173,1.1337919741632,0.84183039767207,0.84183039767207,0.788535429933428,0.865978860046475,0.853526725009588,0.853526725009588,0.829235691488784,0.849688090157494,0.929778508737459,0.929778508737459,1.02291088382659,1.02210882247063,0.910036520694546,0.910036520694546,0.912541703206371,0.888048807323665
318,1.00786466283467,1.00786466283467,1.0168341276426,1.02217650977554,0.996803151119319,0.996803151119319,0.99836251161045,0.976146492258608,0.99378510374869,0.99378510374869,1.07690652019354,1.12890700844033,0.844100448417992,0.844100448417992,0.788072708343208,0.861643817883675,0.83586797572486,0.83586797572486,0.814013293437883,0.838980300317443,0.92264723961147,0.92264723961147,1.00984789557792,1.02090035422871,0.917438153432332,0.917438153432332,0.916810949141459,0.895805356248739
319,1.00797341542845,1.00797341542845,1.0172351518965,1.01916228333917,0.989563878512295,0.989563878512295,0.988635952524354,0.967302147440035,0.974476278394134,0.974476278394134,1.06905158336229,1.11264092959469,0.814888479608622,0.814888479608622,0.770200086920965,0.842515444340316,0.854941886102093,0.854941886102093,0.833263407704587,0.854126552267361,0.936992507203657,0.936992507203657,1.01377555915873,1.03375096722375,0.91861104121311,0.91861104121311,0.91607056189596,0.900444076684322
320,1.00733449394001,1.00733449394001,1.01684898039274,1.01544056121113,0.980304759474175,0.980304759474175,0.979524010511903,0.958755818588174,0.956158496257091,0.956158496257091,1.06018596617127,1.09409520007839,0.781674052905126,0.781674052905126,0.742031910116331,0.815475618849847,0.881768418116523,0.881768418116523,0.855830464737246,0.875320208841971,0.95709573687437,0.95709573687437,1.02054376515066,1.04649945614201,0.928216281296599,0.928216281296599,0.923637896470092,0.910757625193765
321,1.0054924968829,1.0054924968829,1.01551223287974,1.00986903263926,0.979580832213472,0.979580832213472,0.97788503164885,0.95726573875461,0.949353332830165,0.949353332830165,1.05880292988947,1.082131319115,0.773012017164106,0.773012017164106,0.727629700620738,0.797051689657944,0.894750982921672,0.894750982921672,0.858673558536636,0.874876362630985,0.964624106833361,0.964624106833361,1.01454706450496,1.04602287711703,0.93748387186744,0.93748387186744,0.931743694495496,0.920529355947412
322,1.00851717839734,1.00851717839734,1.01929968416658,1.00650842810384,0.97819553930719,0.97819553930719,0.969690137333584,0.951747636661283,0.969521062306566,0.969521062306566,1.08125067261714,1.09157558617922,0.795174881025612,0.795174881025612,0.760309412930016,0.819648096931543,0.931729757556242,0.931729757556242,0.887578345497102,0.887858864302343,0.976520585955371,0.976520585955371,1.01388076443321,1.04903553738209,0.940904794561375,0.940904794561375,0.933936009975676,0.927202269360895
323,1.01174577102511,1.01174577102511,1.02284949145112,1.00306675635376,0.975612638339992,0.975612638339992,0.961261103180738,0.947190876396062,0.967687632354166,0.967687632354166,1.07906973078815,1.0797659672913,0.770144584642941,0.770144584642941,0.73815661679824,0.796618185441664,0.966862669896242,0.966862669896242,0.937154793623967,0.908109347678607,0.99392683913528,0.99392683913528,1.02138540734654,1.05936708981652,0.951585181777243,0.951585181777243,0.943887968405443,0.937896040856861
324,1.01347901548845,1.01347901548845,1.02495115559656,1.00094426927876,0.973869850490153,0.973869850490153,0.959963578247488,0.952362895431271,0.962616794557888,0.962616794557888,1.06928208940926,1.06317422406414,0.744039001064833,0.744039001064833,0.711376604764265,0.77364246197882,0.973815417872459,0.973815417872459,0.964993420409662,0.91116079037914,1.00239832357265,1.00239832357265,1.02517279722804,1.06654981655017,0.963776106286538,0.963776106286538,0.955541855957982,0.950700049928031
325,1.017183400714,1.017183400714,1.0291173520121,1.00093689953197,0.980715878659265,0.980715878659265,0.953914965776696,0.955573777137144,0.976061947542155,0.976061947542155,1.07412271639556,1.06248861483988,0.748638840734202,0.748638840734202,0.716582222654239,0.775972547141326,0.984090717978904,0.984090717978904,0.998695928156599,0.921091849349966,0.999486250797304,0.999486250797304,1.0159498014981,1.06229464668426,0.969836026487222,0.969836026487222,0.961051490914751,0.959359628446098
326,1.02002456222644,1.02002456222644,1.03219187129201,1.00118747092277,0.980465632198775,0.980465632198775,0.946032257911535,0.957381099773983,0.971172801002422,0.971172801002422,1.06078882814026,1.04581117045969,0.729701838459007,0.729701838459007,0.702816255345198,0.760528959436348,1.00808692780833,1.00808692780833,1.04394850446356,0.937292236050977,1.01062161998939,1.01062161998939,1.0226829390652,1.07189430990175,0.983972878450988,0.983972878450988,0.973888074976335,0.97380810193398
327,1.02169663335577,1.02169663335577,1.03366229355631,1.00203499180341,0.979169713028382,0.979169713028382,0.938500759802743,0.960053630056117,0.960733812444612,0.960733812444612,1.04259658166428,1.02681979494761,0.706941592822259,0.706941592822259,0.683266268158408,0.73836605637903,1.01547037698661,1.01547037698661,1.06841095736248,0.944504736979509,1.02165771397323,1.02165771397323,1.02918813187092,1.08069400118445,0.998322982738533,0.998322982738533,0.9871188912076,0.98926416633615
328,1.02386488819421,1.02386488819421,1.03618726108088,1.00403219318301,0.984612573544034,0.984612573544034,0.93964219151094,0.971041767151366,0.959313317166176,0.959313317166176,1.03337633978561,1.01638139450821,0.708375309082842,0.708375309082842,0.683844670146183,0.730617168513023,1.0178084692264,1.0178084692264,1.0822710396345,0.946613006481696,1.02562872230325,1.02562872230325,1.02825881861296,1.08215777961832,1.00786602422759,1.00786602422759,0.995628536821458,1.00172597471945
329,1.02739255045488,1.02739255045488,1.03910582648427,1.00798974720827,0.988571830043925,0.988571830043925,0.935164267117241,0.975627367671431,0.957876304500782,0.957876304500782,1.02958185562786,1.00894253442496,0.693381026524249,0.693381026524249,0.682109464182859,0.715986401213571,1.04998800189509,1.04998800189509,1.12699053585408,0.970414259545853,1.04773400200701,1.04773400200701,1.04512673095553,1.10057415479797,1.02460633164414,1.02460633164414,1.01102282227659,1.01973903870599
330,1.02910540380688,1.02910540380688,1.0409178620019,1.01151985591981,0.989143821953616,0.989143821953616,0.93096926169395,0.979232399526828,0.94183792176402,0.94183792176402,1.01310953888694,0.992299370505986,0.671158424485219,0.671158424485219,0.666319089916606,0.684503157506231,1.08622843161183,1.08622843161183,1.16857078267016,0.997766282297903,1.06762213539318,1.06762213539318,1.05982040095873,1.11742462746697,1.04106230262899,1.04106230262899,1.0259267213743,1.03800875320843
331,1.02824897713088,1.02824897713088,1.03964795186455,1.01337703211044,0.990698924958088,0.990698924958088,0.934344777685715,0.988951565408977,0.931415450593169,0.931415450593169,1.0014955803667,0.979975544699865,0.657358905477111,0.657358905477111,0.652958003999007,0.660118545340477,1.09539621434153,1.09539621434153,1.18823551478261,1.00753089893961,1.07212261150054,1.07212261150054,1.05932944301113,1.11919477813119,1.04595822056239,1.04595822056239,1.02860942321189,1.04572727983485
332,1.02625064822021,1.02625064822021,1.03733092284201,1.01461514957085,0.997401955149777,0.997401955149777,0.933622846519846,0.993729434294663,0.929020429484178,0.929020429484178,0.99649537227096,0.973273714532697,0.656104403749102,0.656104403749102,0.663774121170396,0.653778546177381,1.12265344755803,1.12265344755803,1.21832492415949,1.03249724830761,1.08246377902662,1.08246377902662,1.06346751714091,1.12699024932553,1.05590999567201,1.05590999567201,1.03641714325534,1.05719100287853
333,1.0252650778391,1.0252650778391,1.03590505882813,1.01640599804038,0.997258957172354,0.997258957172354,0.930891215081424,0.995719411878842,0.916103832882585,0.916103832882585,0.981530210452513,0.95723045868495,0.639616666752402,0.639616666752402,0.652553122607565,0.634270856444778,1.12400707990738,1.12400707990738,1.22602496986617,1.03782340283944,1.07688782149656,1.07688782149656,1.05117603423847,1.11977348123295,1.05910878052868,1.05910878052868,1.0381959957283,1.0632745706629
334,1.02362019485822,1.02362019485822,1.03374398368211,1.01605961994134,0.994425809744667,0.994425809744667,0.931418029715977,1.00002622326876,0.902642162511359,0.902642162511359,0.966086305305752,0.94295264658968,0.630237772881091,0.630237772881091,0.644629015375049,0.624246071443301,1.13194428777403,1.13194428777403,1.24089198119214,1.04908600044323,1.08077610048637,1.08077610048637,1.04856343658874,1.12193510752483,1.06627050440222,1.06627050440222,1.04531140562011,1.07335998538043
335,1.02052074593555,1.02052074593555,1.03096651940509,1.01269901540592,0.994506246106967,0.994506246106967,0.932920427007109,1.00450607618773,0.899569928537067,0.899569928537067,0.962096777569791,0.934588214053675,0.640930906657936,0.640930906657936,0.663484920176509,0.629990002309012,1.15581744011715,1.15581744011715,1.26742752331979,1.07516196533869,1.08668297537727,1.08668297537727,1.04944014720945,1.12642856690323,1.07504050621758,1.07504050621758,1.0548691318802,1.08201005832383
336,1.01929048221844,1.01929048221844,1.02924360038833,1.01044387288874,0.988518205802391,0.988518205802391,0.930579028631318,1.00532321674162,0.88554666700925,0.88554666700925,0.946812453532468,0.91823643405501,0.638003735959247,0.638003735959247,0.662848677989957,0.624842139740686,1.14646507115799,1.14646507115799,1.2631628826207,1.07654898474803,1.0740915697975,1.0740915697975,1.03274757699102,1.1142758017662,1.0742496955169,1.0742496955169,1.05585952001379,1.08188648585321
337,1.01660565255955,1.01660565255955,1.02626562398435,1.0068474364561,0.980724816032854,0.980724816032854,0.928549816705634,1.0054866448524,0.873208178951206,0.873208178951206,0.933407640339642,0.902501702358182,0.643559386469004,0.643559386469004,0.663311399580176,0.621807610226726,1.15907846350423,1.15907846350423,1.28259069024987,1.09347062154189,1.07763238555844,1.07763238555844,1.03111689523649,1.11626722126344,1.08156247311978,1.08156247311978,1.06379224050128,1.08833126547478
338,1.01355378289667,1.01355378289667,1.02313912007894,1.00228556319421,0.978141915065656,0.978141915065656,0.931535099634766,1.00687097708487,0.871506888094474,0.871506888094474,0.929028025447276,0.894651476740374,0.671158424485219,0.671158424485219,0.699114482623439,0.630369318498257,1.18073658109386,1.18073658109386,1.30438774271186,1.11499716277474,1.07998189882036,1.07998189882036,1.02761005275363,1.11366305730551,1.08540101494778,1.08540101494778,1.06877302742555,1.09281789671575
339,1.01190210287867,1.01190210287867,1.02149789118797,0.999028135113826,0.973244234338929,0.973244234338929,0.927291315078646,1.00175663855935,0.86100182998883,0.86100182998883,0.917165829645688,0.879773756573874,0.671994758970559,0.671994758970559,0.722539763128319,0.629122993876452,1.16596968273729,1.16596968273729,1.29337075423922,1.11327725870717,1.06591791098488,1.06591791098488,1.0115311799697,1.09153617400278,1.08664498683648,1.08664498683648,1.07085957329923,1.09354032039015
340,1.00855796062001,1.00855796062001,1.01765845527562,0.993102858696119,0.965647466788347,0.965647466788347,0.923691415075868,0.997046063601628,0.850728015300606,0.850728015300606,0.904895815453312,0.8660101513968,0.675340096911918,0.675340096911918,0.738272297195795,0.629881626254942,1.1845513631693,1.1845513631693,1.31457549549301,1.13386062674167,1.06639774115809,1.06639774115809,1.01210980897937,1.08549383279319,1.0932469233601,1.0932469233601,1.07900383299973,1.10069801811145
341,1.00577117540445,1.00577117540445,1.01452452499513,0.987966145184749,0.961840145639468,0.961840145639468,0.924725532691843,0.995825159479933,0.850116871983139,0.850116871983139,0.902856723499377,0.859788247686616,0.691469404843472,0.691469404843472,0.757186042196032,0.638768462688683,1.19261162852226,1.19261162852226,1.32239400344133,1.14745341695314,1.05048061610194,1.05048061610194,0.995873128283707,1.06329886677262,1.090945575366,1.090945575366,1.07676344042568,1.09825508542303
342,1.00269891463023,1.00269891463023,1.01113809796218,0.982460944333969,0.957621705305498,0.957621705305498,0.919945177674604,0.99024937687692,0.839760470360123,0.839760470360123,0.890728559182058,0.844499161985559,0.684898205315802,0.684898205315802,0.75423619205838,0.637467950039843,1.18295161584734,1.18295161584734,1.3180109005006,1.1487849555861,1.05005042353286,1.05005042353286,0.994610664989876,1.05654165702556,1.09642793718979,1.09642793718979,1.08280192341495,1.10354018493571
343,0.999076093850014,0.999076093850014,1.00563515403364,0.97691152500246,0.949023951912958,0.949023951912958,0.91399412346947,0.983693025609238,0.826084073958435,0.826084073958435,0.875550622551027,0.82591915200804,0.690812284890705,0.690812284890705,0.752153944902391,0.643537009067764,1.1987645028375,1.1987645028375,1.33726101476731,1.16304351511404,1.05142373058032,1.05142373058032,0.995855594071293,1.05240563191589,1.09883591134578,1.09883591134578,1.08507116224531,1.10577399498153
344,0.994916307138018,0.994916307138018,0.997985987709225,0.971546349340655,0.940318950037351,0.940318950037351,0.911203957071653,0.978569073665435,0.820088262492478,0.820088262492478,0.86812123534495,0.814709441191345,0.699115891566579,0.699115891566579,0.758632047165469,0.660226921394547,1.17821390262461,1.17821390262461,1.32227554119969,1.14612187832018,1.03244561993645,1.03244561993645,0.976830973601756,1.03002343842121,1.09695218248574,1.09695218248574,1.08411923578682,1.10508959360579
345,0.989512662634689,0.989512662634689,0.989096616747742,0.965119930141351,0.933615919845662,0.933615919845662,0.903077353542347,0.969945837467326,0.805024405586272,0.805024405586272,0.850070838744028,0.795906608215941,0.697204269885802,0.697204269885802,0.746138564229532,0.666025040287293,1.19144258240237,1.19144258240237,1.33530638778022,1.15899341843879,1.03418293608083,1.03418293608083,0.978707134330088,1.02641505437492,1.09974223372183,1.09974223372183,1.08709040018759,1.1083309945659
346,0.982586481818473,0.982586481818473,0.980786503041895,0.959511552835537,0.919968550375382,0.919968550375382,0.89075574458975,0.956958109369617,0.782379068066087,0.782379068066087,0.82373995568669,0.771687462368862,0.704552065721288,0.704552065721288,0.741858389519999,0.674099056315509,1.19790310043337,1.19790310043337,1.34312489572855,1.1693683236206,1.0126071241544,1.0126071241544,0.959279226975022,1.00258610312584,1.09234948649754,1.09234948649754,1.07868652418023,1.1022284156322
347,0.974464022470703,0.974464022470703,0.970738617569141,0.952709276550035,0.90973525761607,0.90973525761607,0.883633991196721,0.950151809226628,0.774946243934735,0.774946243934735,0.809838667931166,0.76116336077643,0.722772209866192,0.722772209866192,0.748683532975742,0.698104352292018,1.17759861519309,1.17759861519309,1.3220386167164,1.1618784188102,1.01163091793994,1.01163091793994,0.959121419063293,0.996730989390349,1.09432207049248,1.09432207049248,1.08044614581564,1.10501354900849
348,0.967082440168042,0.967082440168042,0.962190859860981,0.946430252286495,0.901289439574541,0.901289439574541,0.873565978180823,0.940586458036975,0.764325564120381,0.764325564120381,0.791628690220806,0.749216620043652,0.730597911121871,0.730597911121871,0.750187378143956,0.709321273888265,1.19008895005302,1.19008895005302,1.33601716123007,1.17807880551121,1.00984396419143,1.00984396419143,0.95842005056672,0.992033281858386,1.08703594943007,1.08703594943007,1.0716480376386,1.09920564288934
349,0.959394991195382,0.959394991195382,0.953464869151088,0.941006118650385,0.89063609025655,0.89063609025655,0.86443452451524,0.933337940653058,0.75803243968917,0.75803243968917,0.775918816558313,0.741177851889172,0.756046374747212,0.756046374747212,0.770257927119743,0.731321612864478,1.14757258853473,1.14757258853473,1.30717160539043,1.16515178461623,0.987804867959836,0.987804867959836,0.93897460899924,0.966978841687918,1.08258430717121,1.08258430717121,1.06668648155187,1.09633495934109
350,0.95101424443739,0.95101424443739,0.943231324301527,0.934034338188755,0.8855954115524,0.8855954115524,0.85956636705891,0.929415665994386,0.760064078285073,0.760064078285073,0.768276654539652,0.740526523126123,0.765126577730902,0.765126577730902,0.774017540040279,0.744001611190671,1.13145205782881,1.13145205782881,1.31617473575516,1.18296111383207,0.988863803514508,0.988863803514508,0.943147751553848,0.966263973150445,1.08089605960797,1.08089605960797,1.06359993212583,1.09611633112384
351,0.944577450293173,0.944577450293173,0.935686127228121,0.929907279987367,0.877417714718539,0.877417714718539,0.850795878976262,0.923051583092326,0.754877618780085,0.754877618780085,0.752566780877159,0.73634430685812,0.78955949233833,0.78955949233833,0.787147265162768,0.762425540382573,1.10905559532135,1.10905559532135,1.30936315686079,1.18673380662545,0.967453450268498,0.967453450268498,0.922124230869078,0.95045176192873,1.06667923802279,1.06667923802279,1.0479941074577,1.08312221055941
352,0.935081989448959,0.935081989448959,0.924865898747853,0.923348205345875,0.868882522941121,0.868882522941121,0.845478953497904,0.919658046439112,0.754679410136583,0.754679410136583,0.744304025655126,0.739909474824286,0.807241992885515,0.807241992885515,0.806755092548335,0.783883999088437,1.08622843161183,1.08622843161183,1.28845457121111,1.18146313286999,0.97365815078415,0.97365815078415,0.926507783972658,0.955813275959775,1.0641735232184,1.0641735232184,1.04415755536738,1.08279902102087
353,0.928420893080076,0.928420893080076,0.917892532555011,0.920503483085633,0.862385052341977,0.862385052341977,0.83915717788327,0.916485618406363,0.749426881083761,0.749426881083761,0.732246786275335,0.739960895516106,0.818413032082554,0.818413032082554,0.812192071233418,0.800194595225975,1.09545774308468,1.09545774308468,1.29781308830077,1.20665140534348,0.961960222078641,0.961960222078641,0.91563657227578,0.946485943613704,1.04625144250758,1.04625144250758,1.02496517949703,1.06664904966829
354,0.920645082624972,0.920645082624972,0.910072559603932,0.916383794631033,0.851258022223773,0.851258022223773,0.834884125847453,0.91282290604128,0.744554251930986,0.744554251930986,0.720437784176893,0.743851727863797,0.859751850929352,0.859751850929352,0.842731696187929,0.832544847365875,1.056817692385,1.056817692385,1.2591351664049,1.19988275062593,0.955010957501111,0.955010957501111,0.910253569064584,0.940358499006796,1.04072465311634,1.04072465311634,1.01790746211785,1.06251412468985
355,0.913032401060534,0.913032401060534,0.903760140792519,0.912448349846138,0.840774483003971,0.840774483003971,0.834825590888058,0.913745794196262,0.748914842088045,0.748914842088045,0.717884486425878,0.754478670839868,0.880899165772945,0.880899165772945,0.862108162778386,0.856333391234244,1.06100164691936,1.06100164691936,1.25558129915566,1.21342006006102,0.955391512466071,0.955391512466071,0.913725343122619,0.940715933275532,1.02804502536506,1.02804502536506,1.00457087628009,1.05270437163755
356,0.907193746182095,0.907193746182095,0.899601370752059,0.909861568723483,0.833454774034646,0.833454774034646,0.832415901726307,0.912611410839097,0.747428277261775,0.747428277261775,0.709976355891486,0.761283342390676,0.931915569378675,0.931915569378675,0.899183730194753,0.89664928334829,1.02328452736696,1.02328452736696,1.20636023775372,1.19455659609409,0.922729968951678,0.922729968951678,0.882409239750644,0.913550928851574,1.01086044227397,1.01086044227397,0.986205426424191,1.03602208810384
357,0.900688981666767,0.900688981666767,0.896140679968391,0.905933493685376,0.825580947902808,0.825580947902808,0.833020762973386,0.913736180777981,0.757024879084698,0.757024879084698,0.714551014362053,0.77833787184421,0.993386154051153,0.993386154051153,0.962750108651207,0.952192011059174,1.00285698464037,1.00285698464037,1.17117695198627,1.18423717168865,0.917964758955658,0.917964758955658,0.880638284296798,0.909806379369575,1.00217929559351,1.00217929559351,0.97726308696556,1.02763817125101
358,0.898303221640769,0.898303221640769,0.894313791700617,0.903818376357165,0.826644495359889,0.826644495359889,0.840815668399455,0.921128899436114,0.783551802540145,0.783551802540145,0.737637081527477,0.806773514420504,1.06644594516334,1.06644594516334,1.02863009505876,1.01158208868954,0.995596592948396,0.995596592948396,1.14582603227504,1.18640092196721,0.889323861375408,0.889323861375408,0.852425736522157,0.888615633437352,0.985696668068192,0.985696668068192,0.961061106333524,1.01246727408873
359,0.896848655698993,0.896848655698993,0.893541448693103,0.901541124599613,0.82515195397054,0.82515195397054,0.849283725858563,0.926733522293971,0.799491080955155,0.799491080955155,0.753098717908621,0.825576347395909,1.14512112496281,1.14512112496281,1.10411155446338,1.07205592686061,0.956464312303492,0.956464312303492,1.08718722266262,1.15610841806738,0.887785095647527,0.887785095647527,0.852916694469758,0.887815661502561,0.982257974347276,0.982257974347276,0.957609170994117,1.00818025991568
360,0.895965040874549,0.895965040874549,0.892932485937179,0.900059805495186,0.824034782271925,0.824034782271925,0.862327265977029,0.934491550846785,0.822582387923221,0.822582387923221,0.775759235448875,0.84429347921828,1.19153768889917,1.19153768889917,1.15032587328658,1.10744070851447,0.968462417218203,0.968462417218203,1.0796648703184,1.16615043859095,0.887702366307318,0.887702366307318,0.852495873371814,0.889704956923024,0.97354128561286,0.97354128561286,0.949359141687122,0.997191815605159
