1,0.923355422267975,0.923355422267975,0.932406850120899,0.914138908912894,0.804524713546413,0.804524713546413,0.747151513279678,0.893856497879191,0.840762602077019,0.840762602077019,0.73120613237466,0.922609457092217,0.974210468814248,0.974210468814248,0.719761421717744,1.21864380100637,1.36321785626972,1.36321785626972,1.98715188040295,0.552681595030692,1.31358536251512,1.31358536251512,1.34039826377735,1.17132606470546,1.02435481383512,1.02435481383512,1.06693191749181,0.991697016330862
2,0.920691351324239,0.920691351324239,0.928245903373255,0.912999785085257,0.806256019495723,0.806256019495723,0.748275104600258,0.896180944806027,0.862948491826415,0.862948491826415,0.745716155327983,0.939403120484236,0.983499800674786,0.983499800674786,0.747077782627572,1.22847779391087,1.3795235186087,1.3795235186087,1.98457215763188,0.581050894503991,1.31920843474391,1.31920843474391,1.34134287476414,1.17852038267555,1.02442060161917,1.02442060161917,1.06373305334355,0.99459885868853
3,0.917627640529774,0.917627640529774,0.923805452157336,0.91168680397778,0.807082392810205,0.807082392810205,0.748802877780596,0.897565130446944,0.880813936761103,0.880813936761103,0.756934624389344,0.953337857351305,0.982555189987813,0.982555189987813,0.767230301792865,1.22789101710797,1.39409806506833,1.39409806506833,1.98127780392077,0.612085612120498,1.32231361166213,1.32231361166213,1.34023650637551,1.1837430542054,1.02394121006463,1.02394121006463,1.05988040926299,0.99691933415262
4,0.915236169024246,0.915236169024246,0.920262935716025,0.910590738860044,0.807640935645096,0.807640935645096,0.749496141601888,0.899217244530008,0.896311385681086,0.896311385681086,0.766744840595587,0.965888516583146,0.983608387996944,0.983608387996944,0.782787885185678,1.22322394894254,1.41144445778715,1.41144445778715,1.98448347288145,0.661337572168356,1.32800341213496,1.32800341213496,1.34273046843964,1.1905843321768,1.02483143961752,1.02483143961752,1.05751039943712,1.00000842343323
5,0.912364245633661,0.912364245633661,0.916086626890736,0.909433938973013,0.80887334168144,0.80887334168144,0.751022128296871,0.901050523189919,0.912796855726485,0.912796855726485,0.778051685020825,0.978944673571425,0.992738634479732,0.992738634479732,0.802530526204763,1.21660000102117,1.42516075900859,1.42516075900859,1.98144378271975,0.719665003428332,1.33088112854248,1.33088112854248,1.34189829781523,1.19552818129768,1.02469358064474,1.02469358064474,1.05324735818791,1.00204557524731
6,0.909657782449266,0.909657782449266,0.911718910845226,0.909111713803328,0.810068959877801,0.810068959877801,0.753484561075691,0.903042375299766,0.927649295998466,0.927649295998466,0.787980999882264,0.991641548121314,0.999549931037057,0.999549931037057,0.818225355064927,1.20698343920067,1.43242692512275,1.43242692512275,1.97460827675656,0.778653329997334,1.33232047381372,1.33232047381372,1.33963611961756,1.19963298491307,1.02396685387433,1.02396685387433,1.04786196401689,1.00339347353429
7,0.90682069586095,0.90682069586095,0.907487042505785,0.909383536586261,0.810825240701826,0.810825240701826,0.757097106295733,0.904048841944752,0.940814744040263,0.940814744040263,0.797504485770113,1.00127176490371,1.01213912930163,1.01213912930163,0.836535015363009,1.19822981515169,1.44628216767245,1.44628216767245,1.97665236533157,0.839408078184488,1.33488488406813,1.33488488406813,1.33940309194177,1.20424276279888,1.02414246697951,1.02414246697951,1.04341072211616,1.00518104836349
8,0.904351527965791,0.904351527965791,0.903333414081242,0.911052792760445,0.81289425527106,0.81289425527106,0.7618032086031,0.906083524275925,0.954611952099983,0.954611952099983,0.808014544279627,1.011954253587,1.02985767581438,1.02985767581438,0.855618771952763,1.19247820178339,1.46003170844611,1.46003170844611,1.96939323374092,0.903331282664077,1.33542552896507,1.33542552896507,1.33684886731616,1.2081163807709,1.02400237927772,1.02400237927772,1.03832406553484,1.00670566735241
9,0.901156492747346,0.901156492747346,0.898551348663677,0.912101550936613,0.814656615194544,0.814656615194544,0.765482704534855,0.906850461093309,0.964481697541339,0.964481697541339,0.816251507643901,1.01918455199892,1.04299872211131,1.04299872211131,0.870211655097312,1.18204907938129,1.47335810972007,1.47335810972007,1.95505559454674,0.96491951665497,1.33333564419791,1.33333564419791,1.33143985154318,1.20963394324829,1.02244774681023,1.02244774681023,1.0316068739727,1.00702827177829
10,0.898979844943678,0.898979844943678,0.894709698432655,0.91379661671926,0.8182209898144,0.8182209898144,0.770849444789806,0.909375905167273,0.976574672002964,0.976574672002964,0.826897311691558,1.02942796540457,1.0640379283451,1.0640379283451,0.885882592096622,1.17772394965528,1.4892579171265,1.4892579171265,1.94340182168376,1.02764432219642,1.33265898570865,1.33265898570865,1.32730231984583,1.21211842156977,1.02138262916039,1.02138262916039,1.02535428297885,1.00786834408688
11,0.896250423352422,0.896250423352422,0.889787667418763,0.914674847887647,0.82150202036446,0.82150202036446,0.775293791411377,0.910932457041266,0.986034980328424,0.986034980328424,0.835082681959054,1.03695185975923,1.07921077876119,1.07921077876119,0.895539416788719,1.16804056627714,1.50289510821368,1.50289510821368,1.92022933713738,1.08367466868605,1.32766088193336,1.32766088193336,1.31844390988084,1.21045174864953,1.0187397593361,1.0187397593361,1.01719020895296,1.00691536450819
12,0.894386625221892,0.894386625221892,0.885731332152643,0.915842279027793,0.826217642705065,0.826217642705065,0.780352414412421,0.913154750260562,0.996394683098628,0.996394683098628,0.843398901622649,1.0449245811682,1.09123657715062,1.09123657715062,0.902707240510062,1.16111774849843,1.52930825359013,1.52930825359013,1.90097064351922,1.1422601964023,1.32561477235549,1.32561477235549,1.31170750080336,1.21020036649084,1.0166905101412,1.0166905101412,1.01030372891857,1.00655536204514
13,0.891951709945621,0.891951709945621,0.880764452406513,0.916789293122954,0.832314135336459,0.832314135336459,0.78515426343654,0.916015809045087,1.00805166268817,1.00805166268817,0.851502077905598,1.05548127806571,1.11230317775444,1.11230317775444,0.910488023194873,1.16406129031619,1.55021194318698,1.55021194318698,1.86466251003532,1.19243614702551,1.31819710001609,1.31819710001609,1.29878457074801,1.20553220901213,1.01244470081942,1.01244470081942,1.00092697256671,1.0043005827516
14,0.890516721889296,0.890516721889296,0.876512805392104,0.918092048587376,0.838569247059407,0.838569247059407,0.789623633786489,0.91855632354947,1.01691711357264,1.01691711357264,0.857954336293421,1.06288398052924,1.12015050958305,1.12015050958305,0.914439736980138,1.15977949019395,1.58045860612037,1.58045860612037,1.83166012096442,1.24332903224948,1.31241353905437,1.31241353905437,1.28767834858298,1.20250389807922,1.00926100170593,1.00926100170593,0.992678642911121,1.00338314699771
15,0.888580076091194,0.888580076091194,0.871565085570593,0.919139589933369,0.844583000543044,0.844583000543044,0.793131102384147,0.919933714429851,1.02244959630357,1.02244959630357,0.861667815225938,1.06712655536591,1.11873227334199,1.11873227334199,0.913642014292732,1.14528391057992,1.60431928628226,1.60431928628226,1.78212656896381,1.28630853805272,1.30164216361777,1.30164216361777,1.27059095835854,1.19632413271881,1.00415184184017,1.00415184184017,0.982283651373245,1.00131407420453
16,0.887160179438871,0.887160179438871,0.866860876015986,0.920144862441679,0.850861154904293,0.850861154904293,0.796816443904924,0.921129098647679,1.02630204384751,1.02630204384751,0.864877787151107,1.0695984774207,1.1128550257868,1.1128550257868,0.910810563316403,1.12951454502365,1.62658845668409,1.62658845668409,1.7292582533811,1.32721327458567,1.29007912088445,1.29007912088445,1.25289310652068,1.19036536266275,0.99920682920866,0.99920682920866,0.972104984077671,0.99935246014972
17,0.885673744299487,0.885673744299487,0.861825336317267,0.920518322566129,0.856633389386025,0.856633389386025,0.800138466230137,0.921604034986658,1.02889635550207,1.02889635550207,0.866642968761162,1.06996855427854,1.10170914776476,1.10170914776476,0.904976701826079,1.10873904410135,1.63370504481328,1.63370504481328,1.66067537971136,1.36134488658217,1.27430458834751,1.27430458834751,1.23023456997861,1.18108061327635,0.992559604656138,0.992559604656138,0.960140166517985,0.99618092973455
18,0.884711282707022,0.884711282707022,0.856773218376423,0.921171610935195,0.862378347814513,0.862378347814513,0.804086340928847,0.922320475699036,1.03055539856743,1.03055539856743,0.868322896297892,1.07001921445165,1.08733601492189,1.08733601492189,0.897362100306764,1.09024670007183,1.62208482975451,1.62208482975451,1.57437345562903,1.39124145407653,1.25426535388534,1.25426535388534,1.20213704185898,1.16985908559773,0.984822236243679,0.984822236243679,0.946769773918069,0.992713010603762
19,0.883489385275193,0.883489385275193,0.850836586142692,0.921181623099272,0.867424819571085,0.867424819571085,0.80754171755339,0.922455296524537,1.02974094054566,1.02974094054566,0.867567115571779,1.06718383938733,1.06448448958182,1.06448448958182,0.886540680130591,1.06721414442769,1.58399429728946,1.58399429728946,1.46164591678176,1.409625762002,1.22619516824966,1.22619516824966,1.16534858269908,1.15313213517487,0.974458592639806,0.974458592639806,0.930602710425167,0.987605083422006
20,0.883155972347054,0.883155972347054,0.844730821701325,0.921810041167379,0.872988491382435,0.872988491382435,0.811736633179322,0.923057649142279,1.02889429863713,1.02889429863713,0.867610385227084,1.06585569647109,1.04182670514785,1.04182670514785,0.875591305766288,1.04504870290243,1.50381484662346,1.50381484662346,1.30589027274943,1.41075575617089,1.18897621158597,1.18897621158597,1.11755757288083,1.13178896116982,0.961724709159177,0.961724709159177,0.910659256067659,0.981487095446932
21,0.882761298055061,0.882761298055061,0.838782625236922,0.922105773595869,0.877701782665445,0.877701782665445,0.815368817274799,0.923033751330652,1.02581801512938,1.02581801512938,0.865350570867135,1.06170413821662,1.0107852533275,1.0107852533275,0.859079640730036,1.02029575317113,1.43086931970596,1.43086931970596,1.16144857897367,1.41371294696446,1.1543090623058,1.1543090623058,1.07249734642092,1.11160116289339,0.949856082725661,0.949856082725661,0.892327654796999,0.976214742417552
22,0.883005077779823,0.883005077779823,0.835058345546356,0.922667735658064,0.882767304789262,0.882767304789262,0.81916260455055,0.924142313608301,1.0228061598912,1.0228061598912,0.863263345514202,1.05857001532754,0.983299128663019,0.983299128663019,0.844118557463213,0.993631080439636,1.43272741067477,1.43272741067477,1.10948555298408,1.44571033016048,1.13889441174924,1.13889441174924,1.05229185061642,1.10381580525936,0.944465888187307,0.944465888187307,0.882918773647482,0.974155653844819
23,0.883105868885771,0.883105868885771,0.830841625922372,0.922963959088205,0.887518777188061,0.887518777188061,0.822776877530894,0.925449230626203,1.01835080893458,1.01835080893458,0.860213477433839,1.0540756729235,0.961146324784978,0.961146324784978,0.82677147369243,0.965773016452417,1.41560039900057,1.41560039900057,1.05681169295507,1.46881114692548,1.11869980276263,1.11869980276263,1.02721012476042,1.09267156454967,0.938414137062981,0.938414137062981,0.871677310962685,0.971282737200109
24,0.883666548621777,0.883666548621777,0.826090882074229,0.92341393007844,0.892640298281701,0.892640298281701,0.826345508843253,0.929075077457687,1.01363375216186,1.01363375216186,0.856348034492662,1.04980353609719,0.940222967031666,0.940222967031666,0.807417208144783,0.93847667118399,1.37739153372964,1.37739153372964,0.980951516813097,1.48221558764982,1.09251207203332,1.09251207203332,0.995093724352414,1.07837746548969,0.930846501133371,0.930846501133371,0.858108067016685,0.967392114701851
25,0.884160689870722,0.884160689870722,0.820784351058597,0.924179892652195,0.897376926934432,0.897376926934432,0.829404249294402,0.932724212314596,1.00678414991449,1.00678414991449,0.851314433261799,1.04462669199045,0.916376002896381,0.916376002896381,0.785403247553837,0.907793569235116,1.3234287826865,1.3234287826865,0.886559211109277,1.48738383106165,1.0626415632442,1.0626415632442,0.958280699958476,1.06136708858901,0.921872107563527,0.921872107563527,0.842569480860066,0.963079444942038
26,0.885495315222245,0.885495315222245,0.816964250408717,0.92545560033008,0.902471681056372,0.902471681056372,0.832292718967761,0.936529539551511,1.00014059713768,1.00014059713768,0.845771633258465,1.03957907425751,0.891954087043168,0.891954087043168,0.761897638450235,0.878062935504118,1.29575286672141,1.29575286672141,0.8215090822688,1.50124816231154,1.04089205222798,1.04089205222798,0.931725744155412,1.04945034651549,0.915560347005344,0.915560347005344,0.830843210072962,0.960374006463775
27,0.886708274648349,0.886708274648349,0.814963659838653,0.926461235752653,0.907676959460857,0.907676959460857,0.835269592376587,0.94032470368506,0.993812168169478,0.993812168169478,0.839629361863739,1.03487344335906,0.868039132061791,0.868039132061791,0.737113018395577,0.850741271129872,1.32696646822872,1.32696646822872,0.827277659154893,1.52786682588266,1.03469186592507,1.03469186592507,0.926395834655068,1.04476849960543,0.913951795407097,0.913951795407097,0.826891831175229,0.959327489002645
28,0.888326559976755,0.888326559976755,0.813900305358507,0.927688355615102,0.913136403524547,0.913136403524547,0.838414692046845,0.944115889689578,0.988077507713767,0.988077507713767,0.833095093096696,1.0312711125262,0.84324656708158,0.84324656708158,0.712356803108824,0.82384115681643,1.37569731375325,1.37569731375325,0.857347213696115,1.55828905771915,1.03469588423174,1.03469588423174,0.928594951720301,1.04246235221704,0.913558814092989,0.913558814092989,0.825385074536636,0.958705557647699
29,0.889813150898374,0.889813150898374,0.813035761766559,0.92894258730778,0.918301008993055,0.918301008993055,0.841361387242391,0.947683487420059,0.982104311420589,0.982104311420589,0.827420464468853,1.02809718521539,0.815181530067357,0.815181530067357,0.685396961855964,0.794573314576333,1.43299631865219,1.43299631865219,0.899343917945687,1.59082999573541,1.03766224691966,1.03766224691966,0.934987385330809,1.04257984805385,0.914037292674205,0.914037292674205,0.825145577837242,0.958400582502496
30,0.891844395458589,0.891844395458589,0.812673878156909,0.93101109186698,0.924310555855514,0.924310555855514,0.845466459332604,0.951855644613585,0.977853255549723,0.977853255549723,0.824879244344982,1.02670360113121,0.791979818864648,0.791979818864648,0.659415359572517,0.770797108081896,1.49313398131027,1.49313398131027,0.943347012971155,1.62305469324153,1.04216987374791,1.04216987374791,0.942656340444696,1.04552504019729,0.914393137455521,0.914393137455521,0.825121484238998,0.958249564036617
31,0.894256800201924,0.894256800201924,0.812456846137726,0.933194811030711,0.930288887981205,0.930288887981205,0.849609657333487,0.955835980490451,0.97232791135007,0.97232791135007,0.823332308266495,1.02438899547358,0.761811686358674,0.761811686358674,0.630690440732781,0.741392751487743,1.54773326977832,1.54773326977832,0.985487728237488,1.65121877840709,1.04618117881941,1.04618117881941,0.950879101657559,1.04910025312086,0.914241557030639,0.914241557030639,0.824699831876891,0.958060035006149
32,0.896107162114698,0.896107162114698,0.81195883745116,0.934699987262255,0.935627063462399,0.935627063462399,0.853417957795777,0.959131003788674,0.966060643865938,0.966060643865938,0.821271828089472,1.021410165028,0.73143132999815,0.73143132999815,0.598688354979228,0.710467421392475,1.59789441323465,1.59789441323465,1.02584715469386,1.67302963908127,1.04776725316741,1.04776725316741,0.957104802628948,1.05117067218462,0.912972201876521,0.912972201876521,0.82332171835724,0.956527200430116
33,0.898303925299441,0.898303925299441,0.811974860951593,0.936814432497562,0.941420759750268,0.941420759750268,0.858764684827227,0.962691603496553,0.959848609255154,0.959848609255154,0.819991915357655,1.01925312109522,0.701004766266495,0.701004766266495,0.568460107161529,0.680444704368574,1.64649961325181,1.64649961325181,1.06705545964828,1.694092256818,1.05033111547091,1.05033111547091,0.963722427916536,1.05563416345647,0.911823224941135,0.911823224941135,0.821934393426074,0.955391509617204
34,0.900443711131788,0.900443711131788,0.812243227913575,0.938706624768672,0.947371012009752,0.947371012009752,0.864265902425706,0.966578961496345,0.954852363314311,0.954852363314311,0.819849131615326,1.01724873233301,0.672639051287272,0.672639051287272,0.540951018574145,0.653004275116516,1.69055365377971,1.69055365377971,1.10636422945883,1.71099796934669,1.05189764623648,1.05189764623648,0.968768811082772,1.0590570737828,0.910232395766347,0.910232395766347,0.820466209573202,0.953897584974578
35,0.902914261594281,0.902914261594281,0.813395106366154,0.940739478338514,0.953750527185756,0.953750527185756,0.870853535702261,0.970155125271091,0.949764465891408,0.949764465891408,0.821028367426383,1.01401537438327,0.647919097890266,0.647919097890266,0.52419937306887,0.631544897315386,1.73007248980342,1.73007248980342,1.14163553786349,1.72286514442986,1.05287196383623,1.05287196383623,0.973264497673327,1.06177672794065,0.908673708623194,0.908673708623194,0.819352348421392,0.952509293384304
36,0.905231775483813,0.905231775483813,0.814723734056534,0.94283101727946,0.959462288138833,0.959462288138833,0.876363996818357,0.97310898770806,0.943437367835819,0.943437367835819,0.822081955992263,1.00909931363742,0.616589840158307,0.616589840158307,0.507881497570656,0.604992985962384,1.76447742071889,1.76447742071889,1.17574390984654,1.72926862011711,1.0524990528009,1.0524990528009,0.976454992955717,1.06319293951597,0.906832832164704,0.906832832164704,0.818076625497864,0.950918122434504
37,0.908066544811387,0.908066544811387,0.816250041815507,0.944860818099914,0.965565050511345,0.965565050511345,0.882464948813763,0.976471668237259,0.937128297596504,0.937128297596504,0.823981169490744,1.00411443846755,0.59639985939537,0.59639985939537,0.49809273671362,0.58194737923277,1.79450869135393,1.79450869135393,1.20653216343563,1.73359338010507,1.05196833190375,1.05196833190375,0.979137703083908,1.06476194478921,0.904994426104636,0.904994426104636,0.816600871016152,0.949471323312398
38,0.910861550723514,0.910861550723514,0.818318972294876,0.946603831261063,0.971733939897026,0.971733939897026,0.889109857344339,0.980423924911397,0.932320496782141,0.932320496782141,0.82816467805939,0.999579494326705,0.583539357851726,0.583539357851726,0.491794311262244,0.561823910540737,1.81927747608232,1.81927747608232,1.23354792504138,1.73346788366303,1.04960404549802,1.04960404549802,0.979968816470401,1.06515249260205,0.902617097258496,0.902617097258496,0.814803091345003,0.947921458508914
39,0.914314970251238,0.914314970251238,0.821549147826943,0.948436953898907,0.978477716314532,0.978477716314532,0.896407254553073,0.984836395943356,0.929215901133401,0.929215901133401,0.833483173555379,0.996800237977151,0.577732411511193,0.577732411511193,0.489609002389458,0.544776321673166,1.84259834591623,1.84259834591623,1.2571914964731,1.73492779929591,1.04775793800196,1.04775793800196,0.980667837307289,1.06667287890833,0.900312913687357,0.900312913687357,0.813090805086979,0.946946171329102
40,0.917843554707276,0.917843554707276,0.825738045021414,0.950221979722965,0.985478016242603,0.985478016242603,0.904032407891149,0.989290477624235,0.926199327205056,0.926199327205056,0.839079219103432,0.993501990846843,0.569532913504039,0.569532913504039,0.485725778605309,0.528390683860826,1.85945113128466,1.85945113128466,1.27582939683822,1.73176197395613,1.04405677314498,1.04405677314498,0.978345956262339,1.06601701395511,0.897479742628146,0.897479742628146,0.810646010113872,0.945880056269548
41,0.922165421248732,0.922165421248732,0.831510793757373,0.952925306719616,0.994480855407789,0.994480855407789,0.912975496787809,0.996772380097146,0.929471315362614,0.929471315362614,0.848350002860087,0.996741543321375,0.577705347193816,0.577705347193816,0.487915069454904,0.53015101426953,1.86994386073231,1.86994386073231,1.29041383457337,1.72499226965815,1.03984089973409,1.03984089973409,0.974830826747871,1.06460325788317,0.89435203026149,0.89435203026149,0.808054782483335,0.944313617660118
42,0.926615632878925,0.926615632878925,0.837477979456644,0.95651083559365,1.00435998467252,1.00435998467252,0.921930507230554,1.00605715903218,0.935182503359554,0.935182503359554,0.857289195396878,1.0040912549985,0.586916786628734,0.586916786628734,0.487383873748582,0.546237521202812,1.87405260178158,1.87405260178158,1.30022014407254,1.71362655415261,1.03398464395178,1.03398464395178,0.969572995997523,1.06122288915293,0.890724760370566,0.890724760370566,0.80504740055194,0.942726155135056
43,0.931517574044626,0.931517574044626,0.844151970081149,0.959944410131006,1.01403406125014,1.01403406125014,0.931215606279051,1.0148388353132,0.940897744590353,0.940897744590353,0.867854825118581,1.01069106118326,0.600140016035755,0.600140016035755,0.495303760156588,0.561635713888205,1.87152971976848,1.87152971976848,1.30539531963156,1.69499362120046,1.02685141901761,1.02685141901761,0.963047661361354,1.05574024120256,0.886551505576344,0.886551505576344,0.801768541051797,0.941216113107992
44,0.936354378763379,0.936354378763379,0.850476601456528,0.963164783212841,1.02277630425241,1.02277630425241,0.939778875869258,1.02279506433889,0.945254668509803,0.945254668509803,0.877570362178067,1.01537375394037,0.611121197784981,0.611121197784981,0.500567933498103,0.575614731539179,1.86046427283617,1.86046427283617,1.30389039094604,1.67052391976473,1.01804645674333,1.01804645674333,0.954785347012169,1.04883284880261,0.882305212915749,0.882305212915749,0.79856964811787,0.939265424642992
45,0.941341980685468,0.941341980685468,0.857024495027025,0.966341734670512,1.03061350744479,1.03061350744479,0.947639206180481,1.02919047298717,0.947623571964924,0.947623571964924,0.884216875001446,1.01815546356707,0.620491392544998,0.620491392544998,0.508650550025037,0.588779100434879,1.84288254408767,1.84288254408767,1.30084419181183,1.64034926057386,1.00823399539759,1.00823399539759,0.945769159835157,1.0401051917459,0.87782246016277,0.87782246016277,0.795119283649579,0.937528769338077
46,0.946297471994399,0.946297471994399,0.863247950052132,0.969411199462662,1.0374115144436,1.0374115144436,0.954331541731355,1.03484281359226,0.948203002918832,0.948203002918832,0.889253230312208,1.01848089078082,0.629158575158525,0.629158575158525,0.514575731516848,0.601533665246702,1.81776840041176,1.81776840041176,1.29179427915965,1.60381427331942,0.996200019299643,0.996200019299643,0.93421802707697,1.02890005455235,0.872896673675492,0.872896673675492,0.791051322824857,0.935186442694376
47,0.951763228013582,0.951763228013582,0.86983126174609,0.97283565844765,1.0437569747437,1.0437569747437,0.960551507615584,1.04037461979144,0.947775537986663,0.947775537986663,0.892757582777713,1.01838999686247,0.632536994093486,0.632536994093486,0.517305243886866,0.613239444829852,1.78137142313207,1.78137142313207,1.27976027381927,1.55761132431308,0.983033367789231,0.983033367789231,0.920668154934729,1.01514653456182,0.867846776519692,0.867846776519692,0.786756933990828,0.932414651939643
48,0.95681530430812,0.95681530430812,0.876080426915035,0.976126927898142,1.04921486476899,1.04921486476899,0.965896420498716,1.04505525156505,0.945862774580871,0.945862774580871,0.894176790750654,1.01639407190641,0.635519349847326,0.635519349847326,0.519980335907161,0.622470738607171,1.73464891135236,1.73464891135236,1.26075407409302,1.50470102458688,0.966599406774951,0.966599406774951,0.904056397393611,0.998516085421858,0.861911617459997,0.861911617459997,0.781531185095633,0.928797825292443
49,0.962390672602299,0.962390672602299,0.882604701291151,0.979617800193246,1.05378960549078,1.05378960549078,0.970934713520202,1.04895059486034,0.944609841349883,0.944609841349883,0.895700347750886,1.01337408773667,0.636385408003377,0.636385408003377,0.522351470364367,0.632044753889032,1.67428189578399,1.67428189578399,1.23413834308938,1.44263606197339,0.947927675131498,0.947927675131498,0.884429832636314,0.979158922551827,0.855345513273031,0.855345513273031,0.775757184501321,0.924426048947571
50,0.967363611521533,0.967363611521533,0.889298470590625,0.982686176242607,1.05808140404926,1.05808140404926,0.975470372273749,1.05195785714614,0.943514560767244,0.943514560767244,0.896557356213738,1.00948503013708,0.638848920989948,0.638848920989948,0.523562522244548,0.637092913750293,1.59796421629431,1.59796421629431,1.19654658598527,1.36692618956213,0.925981571505795,0.925981571505795,0.86149000861691,0.95550769814327,0.848783034127227,0.848783034127227,0.770069886317895,0.918601910843486
51,0.97258965762684,0.97258965762684,0.896080977224721,0.985578688309733,1.06112584565026,1.06112584565026,0.979186295151877,1.05444749805882,0.940782257673354,0.940782257673354,0.895548995759981,1.00349958588222,0.638237663480418,0.638237663480418,0.526697134388603,0.63994274877435,1.49894890857473,1.49894890857473,1.14541860692715,1.27373732003685,0.898983238731672,0.898983238731672,0.834260535020529,0.925828949583965,0.840894031585573,0.840894031585573,0.763984626371353,0.911427820555651
52,0.977949793290795,0.977949793290795,0.903365610435641,0.988734206477993,1.06385018213524,1.06385018213524,0.982315326651325,1.0570037508547,0.938763202746784,0.938763202746784,0.894070177257667,0.997468265344675,0.637775919821762,0.637775919821762,0.529420541060847,0.642211549473113,1.37102748906259,1.37102748906259,1.07645984009502,1.15805801476446,0.865825937739695,0.865825937739695,0.801639956505342,0.889315123199299,0.831305958825253,0.831305958825253,0.756205618132461,0.902349625322797
53,0.983862624851219,0.983862624851219,0.910668315424013,0.992541369227187,1.06569388793068,1.06569388793068,0.984789018668115,1.05900085874086,0.93579768746587,0.93579768746587,0.890628740217415,0.990736104857748,0.63606855745848,0.63606855745848,0.533379422404368,0.641184951089745,1.24907821989689,1.24907821989689,1.00956495996262,1.04988823767898,0.834918888480932,0.834918888480932,0.770373699766395,0.855559993476246,0.823151039375255,0.823151039375255,0.749488570498623,0.894946668175925
54,0.989625048663896,0.989625048663896,0.918004496939922,0.996736871585611,1.06652701327406,1.06652701327406,0.986175747882734,1.05989640237197,0.932205191353226,0.932205191353226,0.885850717601197,0.982878074155468,0.627301038839069,0.627301038839069,0.53395919822776,0.636416867522751,1.12669583936582,1.12669583936582,0.93811461269549,0.945582803865377,0.804172693255695,0.804172693255695,0.738783492890494,0.823964601752455,0.81543904625093,0.81543904625093,0.742790147187442,0.888400471248961
55,0.99566643951363,0.99566643951363,0.92545271494155,1.00160190806334,1.06787589180888,1.06787589180888,0.987214822928528,1.06178290665608,0.929773493021288,0.929773493021288,0.880879236172505,0.975826006328383,0.621137965688177,0.621137965688177,0.534338547885099,0.631992549547137,0.996140850131704,0.996140850131704,0.86136867387792,0.833222445377759,0.77075085374151,0.77075085374151,0.704929988388535,0.789691667753812,0.807942514832407,0.807942514832407,0.736134125154892,0.881099381677014
56,1.00143937862716,1.00143937862716,0.932438769104451,1.00627699094628,1.06862700143617,1.06862700143617,0.987416135799749,1.06289422749035,0.927676821691097,0.927676821691097,0.874093550511554,0.968315850325754,0.615237944500081,0.615237944500081,0.533527817406784,0.625532262237612,0.871707921624508,0.871707921624508,0.788702504787547,0.722568785882837,0.738389786303833,0.738389786303833,0.672308290444963,0.756113518436986,0.801439405805188,0.801439405805188,0.730227221163813,0.87455849065006
57,1.00730557288103,1.00730557288103,0.939631059159746,1.01156025409018,1.06944855187287,1.06944855187287,0.986995167002097,1.06362887467647,0.924891766060999,0.924891766060999,0.866900444630848,0.960363184457472,0.611049576359728,0.611049576359728,0.532139169360921,0.619432184887164,0.766879016222564,0.766879016222564,0.722847704220645,0.625295362347755,0.710101881506951,0.710101881506951,0.643586494428476,0.727514761652482,0.796773172265103,0.796773172265103,0.726413581653892,0.86960914141538
58,1.01325098240131,1.01325098240131,0.946611864612785,1.01743735170773,1.0697505711972,1.0697505711972,0.985746428243621,1.06414690257372,0.921702717957503,0.921702717957503,0.858754243499697,0.952199782082138,0.610329071422739,0.610329071422739,0.53133454458038,0.61801013861394,0.685161903871102,0.685161903871102,0.670538075444953,0.545868480013762,0.687720278675412,0.687720278675412,0.620123462019326,0.704798838481966,0.794509508598507,0.794509508598507,0.724928788474631,0.86724753096304
59,1.01935834702751,1.01935834702751,0.953447327742321,1.02357382628378,1.06975456346825,1.06975456346825,0.984313510236921,1.06414408594222,0.918475617852544,0.918475617852544,0.85215761012338,0.944429210710199,0.610647902283541,0.610647902283541,0.531787162611004,0.617321041300924,0.622883614050385,0.622883614050385,0.631961565041668,0.482249150566786,0.670459642389662,0.670459642389662,0.601834800755267,0.687608902896511,0.794032453181599,0.794032453181599,0.725242379465401,0.866398986330244
60,1.02584249046147,1.02584249046147,0.960633259604367,1.03049543384583,1.06954983230633,1.06954983230633,0.982856835526066,1.06460249997887,0.915984391429287,0.915984391429287,0.846750555658188,0.93735261011163,0.617186575351195,0.617186575351195,0.534520922422952,0.620806203165844,0.599967934357971,0.599967934357971,0.616628053053613,0.455196379806212,0.66443187797281,0.66443187797281,0.592688946456822,0.683155724738859,0.797558893223908,0.797558893223908,0.728524693244862,0.870074634299061
61,1.03187136031407,1.03187136031407,0.967064145350129,1.03727800254939,1.06914926551262,1.06914926551262,0.981238413654911,1.06434804490804,0.912993951784935,0.912993951784935,0.841293682947708,0.931215798656704,0.629796896985432,0.629796896985432,0.541760952657099,0.62870028272552,0.587912613560703,0.587912613560703,0.60683747357134,0.442531762970795,0.660898690511179,0.660898690511179,0.58603500193714,0.681291813509492,0.801724495153455,0.801724495153455,0.732461362669832,0.874878641810346
62,1.03822301095729,1.03822301095729,0.973716351695084,1.04438012793539,1.06876563237869,1.06876563237869,0.979025843811805,1.06479098199014,0.910182398894677,0.910182398894677,0.835084946424749,0.925446058795116,0.640535490036221,0.640535490036221,0.546213864590057,0.637629835406685,0.579372707805673,0.579372707805673,0.59733220405071,0.431767483244093,0.657199352157234,0.657199352157234,0.579377388179969,0.679703778085044,0.805900488867666,0.805900488867666,0.736084441104032,0.879594731128991
63,1.04426928947465,1.04426928947465,0.980096414567301,1.05104839999402,1.06783492414148,1.06783492414148,0.976475295257568,1.06469216758799,0.905948221415557,0.905948221415557,0.828481886862001,0.919576041230084,0.649422487715271,0.649422487715271,0.552489990971303,0.647843353876762,0.569357298327828,0.569357298327828,0.589046553253953,0.421243672590818,0.65280831710575,0.65280831710575,0.573341243748689,0.677126113410238,0.81014041756711,0.81014041756711,0.740279087622749,0.884311847396025
64,1.05043587082286,1.05043587082286,0.986544561314196,1.05781453081625,1.0662547350294,1.0662547350294,0.973909168064605,1.06459039136715,0.901372725347802,0.901372725347802,0.822105457474069,0.914010598023033,0.661586908218095,0.661586908218095,0.557385433260303,0.656588886252747,0.559608137663223,0.559608137663223,0.58193685682382,0.41168410608865,0.648217462622762,0.648217462622762,0.567800881711688,0.674470486503067,0.81422283151503,0.81422283151503,0.7442567190433,0.888908496911755
65,1.05612819262986,1.05612819262986,0.992787731005615,1.06391234434935,1.06402795876911,1.06402795876911,0.970923310302207,1.06363465312667,0.894346172219224,0.894346172219224,0.813652329438596,0.906980977681856,0.668555639889916,0.668555639889916,0.557571789774965,0.660374745126983,0.55421036677906,0.55421036677906,0.576697133954082,0.406549538870917,0.644222474311661,0.644222474311661,0.562376380512686,0.672164400502263,0.818468264906609,0.818468264906609,0.748557699793694,0.893548078575416
66,1.06227477543367,1.06227477543367,0.999052855666336,1.07055617306498,1.0617879999762,1.0617879999762,0.967673853909691,1.06315817780347,0.887694875950857,0.887694875950857,0.804846434368925,0.900887405236672,0.672692519816723,0.672692519816723,0.558300226065894,0.663725741833233,0.547826378380683,0.547826378380683,0.573566860591634,0.400169478662369,0.639057732576581,0.639057732576581,0.556122569450703,0.66901730459327,0.822532177718525,0.822532177718525,0.752555538748257,0.898093551829758
67,1.06796404001431,1.06796404001431,1.00501769438152,1.07665723147855,1.0590127017493,1.0590127017493,0.96394477125726,1.06265745621938,0.880654469231921,0.880654469231921,0.795464936600323,0.894836949137371,0.6760943724899,0.6760943724899,0.560737726803251,0.668786430736549,0.537730529186478,0.537730529186478,0.568447011298937,0.390831438374452,0.631259477889116,0.631259477889116,0.547689044748853,0.662793156009243,0.825569801099268,0.825569801099268,0.755868336542701,0.901758188629737
68,1.07381453920801,1.07381453920801,1.01082865628563,1.08295908821901,1.05617500084263,1.05617500084263,0.960220209577621,1.06256569791471,0.877177702020387,0.877177702020387,0.787604731366259,0.889985286916662,0.682130045317531,0.682130045317531,0.565320451180183,0.677082222707107,0.522655395070494,0.522655395070494,0.563840286005698,0.378350462034935,0.6232505056354,0.6232505056354,0.538568253208172,0.655739722545675,0.828637042408912,0.828637042408912,0.759035766749172,0.905470492950774
69,1.07943268919844,1.07943268919844,1.01640274348692,1.08897415730016,1.05329812745085,1.05329812745085,0.956698918897545,1.06264131140375,0.873811098075408,0.873811098075408,0.778913712029272,0.885542769992387,0.686982149338912,0.686982149338912,0.570285445330781,0.686483702639005,0.508445818894183,0.508445818894183,0.56127520842278,0.366735858407448,0.615528050823689,0.615528050823689,0.530456253215105,0.647945954812562,0.831420859204007,0.831420859204007,0.761900429373404,0.909017059212357
70,1.08512425156704,1.08512425156704,1.02211310511866,1.09480089522675,1.04979060920131,1.04979060920131,0.952862801494388,1.06254336812474,0.869373593446979,0.869373593446979,0.770337629626744,0.88006466345182,0.68946216495803,0.68946216495803,0.57567943111627,0.69515432178437,0.501187297877035,0.501187297877035,0.564160310487391,0.360551541077051,0.609768477935106,0.609768477935106,0.523296451445667,0.642539488854599,0.83523042838714,0.83523042838714,0.765652150926546,0.913771259726773
71,1.09024759823402,1.09024759823402,1.027187391391,1.10031909198616,1.04594219387376,1.04594219387376,0.948335176826246,1.0617393504988,0.863583216149699,0.863583216149699,0.759698802581498,0.874156742754845,0.686306861615101,0.686306861615101,0.578898992098917,0.701688739259386,0.506302864962894,0.506302864962894,0.573318163600353,0.364390364108099,0.605703838975119,0.605703838975119,0.515026052335913,0.641233467993525,0.839352100188236,0.839352100188236,0.769115612870585,0.919601645100225
72,1.09546974978346,1.09546974978346,1.03196250120118,1.10551190408701,1.04293949695935,1.04293949695935,0.943583173686848,1.06212162837252,0.857855936209375,0.857855936209375,0.74829966587875,0.86909931191331,0.683116242638522,0.683116242638522,0.58251436157638,0.708597983909209,0.515750210493388,0.515750210493388,0.585587305572612,0.369981401612918,0.601446686595749,0.601446686595749,0.505276266422964,0.641643045957572,0.84325624266746,0.84325624266746,0.772519402139403,0.925420591409677
73,1.09990730410707,1.09990730410707,1.03612991282317,1.1102794020196,1.03952806115277,1.03952806115277,0.93880836411146,1.06204743771796,0.850621821209544,0.850621821209544,0.736799362641038,0.862856150893998,0.677677965109082,0.677677965109082,0.584621623703709,0.713697043003818,0.528198090402314,0.528198090402314,0.598211186546612,0.374908386665515,0.599616043492008,0.599616043492008,0.500088835280032,0.642376934530739,0.84769554863081,0.84769554863081,0.77647996366299,0.932155318945064
74,1.10400429899252,1.10400429899252,1.03984365242157,1.11495798595778,1.03727497341479,1.03727497341479,0.935372280810292,1.06295895194007,0.845355097528575,0.845355097528575,0.726885654232361,0.858852402587724,0.678669773325139,0.678669773325139,0.592161364059015,0.720837030844818,0.543214058115355,0.543214058115355,0.613335597792816,0.384205910282417,0.599169646151426,0.599169646151426,0.497157674240509,0.644352018675707,0.853469057706841,0.853469057706841,0.783542755870918,0.939317741958145
75,1.10735499960914,1.10735499960914,1.04273223508821,1.11909162210832,1.03635613481569,1.03635613481569,0.934360158825214,1.0650859152498,0.845642332668391,0.845642332668391,0.722456910149136,0.857122290210706,0.684742742102325,0.684742742102325,0.601442290140341,0.725445891169031,0.557689550709384,0.557689550709384,0.627697916841091,0.397807146265975,0.599127453931428,0.599127453931428,0.495430955954369,0.647888741583772,0.859885165746173,0.859885165746173,0.790825643242735,0.946455575262578
76,1.11018943789946,1.11018943789946,1.04544174286919,1.12256185098624,1.03558085721195,1.03558085721195,0.93458053465177,1.06743759929366,0.846725393053422,0.846725393053422,0.722082232879295,0.860397169876176,0.692903623949319,0.692903623949319,0.610283605981952,0.727529105432357,0.570576857498589,0.570576857498589,0.642843753455137,0.416762370919387,0.59969336545362,0.59969336545362,0.494154372260524,0.652719944487016,0.866605535573696,0.866605535573696,0.798174881563123,0.953797771296432
77,1.11279639518134,1.11279639518134,1.04767831202086,1.12595377577495,1.03432372053008,1.03432372053008,0.934284281351938,1.069191518635,0.84787179277952,0.84787179277952,0.719585261639138,0.863095345415973,0.700134747478633,0.700134747478633,0.621131041739944,0.733845308758251,0.585599140726552,0.585599140726552,0.657103556186396,0.439624823373094,0.601390795603025,0.601390795603025,0.493773206894929,0.658392648399126,0.873768214127286,0.873768214127286,0.805743524191538,0.961153346185687
78,1.11540294353486,1.11540294353486,1.04987711606499,1.12901205426864,1.0326994556738,1.0326994556738,0.933850901476115,1.07087397684097,0.849157514857555,0.849157514857555,0.716398729994,0.864977131652693,0.704253474509639,0.704253474509639,0.63073424247768,0.737340389448132,0.600656657879862,0.600656657879862,0.668651015831722,0.468912851516424,0.60374065263482,0.60374065263482,0.493993485525201,0.664389233207266,0.88106507290818,0.88106507290818,0.813518300938265,0.96854067089597
79,1.11766464843876,1.11766464843876,1.05179643697707,1.1318444933513,1.03072807758592,1.03072807758592,0.932768690014774,1.07179574127877,0.848986311098987,0.848986311098987,0.712878342663304,0.865992543064438,0.703202256816414,0.703202256816414,0.637141243163382,0.736532527257304,0.616730640539901,0.616730640539901,0.675043640457114,0.498064333216528,0.60753728271684,0.60753728271684,0.495202841325391,0.671010866401184,0.888429867645664,0.888429867645664,0.821628027636212,0.975450379026313
80,1.11978190426539,1.11978190426539,1.05359386407027,1.13444231903693,1.02877395468301,1.02877395468301,0.931934066604751,1.07268980400053,0.849880018917121,0.849880018917121,0.712298027427656,0.870302337694982,0.700495495026104,0.700495495026104,0.643429846405295,0.737741057772177,0.631078160857903,0.631078160857903,0.676941548357861,0.52686300416448,0.612189142401038,0.612189142401038,0.498028278572858,0.679249755509791,0.895764507411112,0.895764507411112,0.829858020825754,0.982181226978897
81,1.12117866725584,1.12117866725584,1.05487126349895,1.13625407242906,1.02632859488404,1.02632859488404,0.930860321168891,1.07283412006832,0.849040697027945,0.849040697027945,0.71237752853408,0.873907796456206,0.693144892437152,0.693144892437152,0.648721362654232,0.736168924016005,0.639222183546054,0.639222183546054,0.677600581824396,0.553001781969818,0.617532029064997,0.617532029064997,0.501297631366028,0.689011854753573,0.902953527930479,0.902953527930479,0.837652659678561,0.988807782617304
82,1.12266128573047,1.12266128573047,1.05596005075208,1.1384523935549,1.02366853664241,1.02366853664241,0.930065781797881,1.07256087777498,0.849566649493312,0.849566649493312,0.713916079969318,0.877439902230691,0.686258343875414,0.686258343875414,0.655526826485956,0.736008134642968,0.642512234424276,0.642512234424276,0.677087457824938,0.577545413175385,0.625230069619537,0.625230069619537,0.505335222984651,0.700107599271471,0.910762752714413,0.910762752714413,0.846315502852333,0.995911184624359
83,1.12389858613077,1.12389858613077,1.05683306482295,1.14055366713725,1.02077521187863,1.02077521187863,0.928819749863878,1.0725811168694,0.850025451367862,0.850025451367862,0.714040074766558,0.88185034255625,0.681663680921761,0.681663680921761,0.658311024670817,0.74506376080981,0.641934863402305,0.641934863402305,0.671676874426839,0.598711953542316,0.632811761931054,0.632811761931054,0.509707959024092,0.711485235577574,0.918670363800698,0.918670363800698,0.854597684445241,1.00279778641595
84,1.12509224803253,1.12509224803253,1.05720984111343,1.14303638495784,1.0180177850933,1.0180177850933,0.926838383145223,1.07359028399614,0.851565135770443,0.851565135770443,0.712856004015232,0.888107180595664,0.683331767019582,0.683331767019582,0.656358794173919,0.761822398644991,0.641087919611871,0.641087919611871,0.664636335829614,0.620125014173801,0.640729774333866,0.640729774333866,0.514495443280723,0.722138007285436,0.926743867511414,0.926743867511414,0.862940747711131,1.01025246182475
85,1.1263305220718,1.1263305220718,1.05735151360728,1.14530225083238,1.01528685734201,1.01528685734201,0.924849270301213,1.07437293006758,0.852534463623281,0.852534463623281,0.710974661435208,0.892956941526583,0.684062173536099,0.684062173536099,0.653849086923758,0.777637443000417,0.640641180030104,0.640641180030104,0.654526545487212,0.636471912356799,0.649106847831603,0.649106847831603,0.519573792346439,0.733974270235632,0.935391470333551,0.935391470333551,0.871577655004355,1.01812832870478
86,1.12759759635173,1.12759759635173,1.05760667344973,1.1474517493159,1.01298018207309,1.01298018207309,0.923119667054606,1.07503379312327,0.853336640951411,0.853336640951411,0.709257217210073,0.898260926721538,0.690227227002895,0.690227227002895,0.650786946757627,0.795031929719881,0.640553760007779,0.640553760007779,0.64248359030964,0.650521988864719,0.65712452641643,0.65712452641643,0.525562672023623,0.745609795784385,0.944644669846981,0.944644669846981,0.880431375896118,1.02587174776896
87,1.12832373629393,1.12832373629393,1.05732588880832,1.14887424513919,1.00971490625713,1.00971490625713,0.920758567417515,1.07431195144739,0.852286187925344,0.852286187925344,0.708247449115478,0.900781301000001,0.701378715920003,0.701378715920003,0.649006737658878,0.815797772838934,0.637874984494788,0.637874984494788,0.62882098580608,0.658521926628073,0.664471330438262,0.664471330438262,0.532101191038566,0.75752610814482,0.954168807622068,0.954168807622068,0.889940920502099,1.0332911646164
88,1.12898658970322,1.12898658970322,1.0570287819594,1.14959136372274,1.00675899125723,1.00675899125723,0.919080278651886,1.07352346885087,0.851523756487454,0.851523756487454,0.708618331875236,0.902856589471806,0.712741108481058,0.712741108481058,0.651042855133887,0.835695457752271,0.632490841827032,0.632490841827032,0.611619941122321,0.664070079604479,0.671668482978486,0.671668482978486,0.538717821278699,0.770695832206379,0.963870196483895,0.963870196483895,0.899492348244813,1.04052564517478
89,1.12955231288908,1.12955231288908,1.05692455452982,1.14988030751972,1.00441901133784,1.00441901133784,0.918573584147236,1.07247896316186,0.852282618659706,0.852282618659706,0.712118522620005,0.904768121693952,0.730481438468762,0.730481438468762,0.661957984497632,0.855391372884183,0.625817669324386,0.625817669324386,0.594103211271875,0.666226408407335,0.67889102391083,0.67889102391083,0.546093175202999,0.782156218976441,0.973271834719866,0.973271834719866,0.908743224901183,1.04727261051181
90,1.1297342470666,1.1297342470666,1.05665181364295,1.14965175692567,1.00220828454306,1.00220828454306,0.918105389901322,1.07096164086686,0.854017584239904,0.854017584239904,0.718207364864686,0.906648558628241,0.748042219814358,0.748042219814358,0.672619063740962,0.872284436899744,0.616914455263649,0.616914455263649,0.574990969535163,0.667703688327788,0.686603615606178,0.686603615606178,0.553759704888715,0.795117102475398,0.98189024924761,0.98189024924761,0.917004968674792,1.05334512749432
91,1.13005192598902,1.13005192598902,1.05676141779971,1.14905440004889,1.00057683895764,1.00057683895764,0.91841054116671,1.06911892503954,0.85694952422541,0.85694952422541,0.725890880572773,0.90916672495727,0.765928433073775,0.765928433073775,0.687120361418904,0.887355047339745,0.604898689533516,0.604898689533516,0.551678542079837,0.664877782072118,0.695405899009348,0.695405899009348,0.562290122336462,0.807703644483833,0.990286032543699,0.990286032543699,0.924994256167178,1.05884155495692
92,1.13011897076835,1.13011897076835,1.05659552869736,1.14810497364127,0.99878165667146,0.99878165667146,0.918419957460358,1.06688118390312,0.858533128744147,0.858533128744147,0.73316667005223,0.910490329310789,0.776700361442308,0.776700361442308,0.698140349505287,0.897266824713668,0.59677095422595,0.59677095422595,0.530488039662442,0.661589354338236,0.706152129587565,0.706152129587565,0.572481336176478,0.820895652238581,0.998636677364283,0.998636677364283,0.932906254159821,1.06416183224446
93,1.12993779602921,1.12993779602921,1.05615124461011,1.14678405111581,0.997073527329278,0.997073527329278,0.918254207655358,1.06440536481102,0.860040568763931,0.860040568763931,0.739959761128022,0.911489058437924,0.78277167995624,0.78277167995624,0.703997306461103,0.906528919052706,0.587000187852406,0.587000187852406,0.508084427493684,0.655708648945186,0.715718256557966,0.715718256557966,0.582246731896371,0.833530629051218,1.00628846795316,1.00628846795316,0.940287559706545,1.06894253373258
94,1.12949728281462,1.12949728281462,1.05530679973642,1.14511831734477,0.995049660254853,0.995049660254853,0.917237334329449,1.06117410772706,0.860007053964551,0.860007053964551,0.745177028887272,0.910885920250977,0.785558644540727,0.785558644540727,0.705490547764483,0.911050598125954,0.573777826376876,0.573777826376876,0.481742073335423,0.647055708730797,0.724512138047196,0.724512138047196,0.591797632699323,0.844707466568292,1.01325697856126,1.01325697856126,0.9468133554088,1.07300474219084
95,1.12897473078059,1.12897473078059,1.05422772046291,1.14316127016008,0.993571341039068,0.993571341039068,0.916270623644316,1.05810575067132,0.86021903204583,0.86021903204583,0.750315407557855,0.910225743370328,0.787682863402138,0.787682863402138,0.707210761745977,0.915549829332188,0.558558432604279,0.558558432604279,0.451624786329134,0.635414269386145,0.732330240734256,0.732330240734256,0.599534624182921,0.854512966834343,1.01947362878022,1.01947362878022,0.952606037897092,1.07658773659389
96,1.12787319459796,1.12787319459796,1.05276772567244,1.14080858238511,0.991213060977869,0.991213060977869,0.914573531087397,1.0541149613167,0.85929574167012,0.85929574167012,0.754942016981393,0.908531080848106,0.787166000950775,0.787166000950775,0.707887432338388,0.917322688782947,0.534989928106366,0.534989928106366,0.415804283369031,0.61765560200401,0.738226192515761,0.738226192515761,0.606871046875558,0.862838842150243,1.02448109952834,1.02448109952834,0.957297496138746,1.07883740967183
97,1.12664473483949,1.12664473483949,1.05103302706296,1.13813556940336,0.989579391509916,0.989579391509916,0.913039481511004,1.0501717062484,0.859364404661631,0.859364404661631,0.759769674237571,0.907119710504601,0.789685622888006,0.789685622888006,0.711836226007326,0.922115308390631,0.517515895507039,0.517515895507039,0.385090340549419,0.60315642187646,0.745332689622253,0.745332689622253,0.615634616380022,0.872246243930556,1.02940683231131,1.02940683231131,0.96161191979282,1.0814773231376
98,1.12491800560285,1.12491800560285,1.04905379404806,1.13513546393123,0.988015359038407,0.988015359038407,0.911818386917364,1.0460872421182,0.859663859999055,0.859663859999055,0.766251982697183,0.905538328054708,0.788096749426409,0.788096749426409,0.715770419094631,0.92403277386844,0.496431715141661,0.496431715141661,0.353048567337973,0.588297064329303,0.751764050325346,0.751764050325346,0.624269016286778,0.880799253309251,1.03368379013492,1.03368379013492,0.9653372736805,1.08344133340531
99,1.12325849640055,1.12325849640055,1.04668035305181,1.13184425852443,0.986747451262821,0.986747451262821,0.910415531939924,1.04203782617589,0.859617641033844,0.859617641033844,0.772278949946796,0.903435317551126,0.78861295177247,0.78861295177247,0.724802604357954,0.925486142746801,0.463755905732412,0.463755905732412,0.316405764184234,0.569694124237509,0.755624851547161,0.755624851547161,0.630412128319432,0.887176809467041,1.03684735013084,1.03684735013084,0.967985381777142,1.08520146589146
100,1.12088819180618,1.12088819180618,1.04363968581647,1.12783915806665,0.98461531058215,0.98461531058215,0.908681321332511,1.03726630722075,0.860184609806034,0.860184609806034,0.778278682406294,0.900997189389065,0.789132784697691,0.789132784697691,0.739546802621246,0.925152034958672,0.42734895658705,0.42734895658705,0.279725534438568,0.54939527205894,0.759256000454645,0.759256000454645,0.636024817868293,0.89155773443769,1.03870589530847,1.03870589530847,0.970003688397097,1.08666278492273
101,1.11846708273047,1.11846708273047,1.04049508985862,1.12357826709721,0.983042972043346,0.983042972043346,0.906963553243975,1.03291481480899,0.862354057857622,0.862354057857622,0.784493661510358,0.899028618473218,0.794087535093513,0.794087535093513,0.758154580249763,0.925523729872966,0.398114770414122,0.398114770414122,0.250989505640125,0.533445647728103,0.765773572100764,0.765773572100764,0.644148012145226,0.897250757640282,1.04101346225137,1.04101346225137,0.972434004182728,1.08831531603877
102,1.11583695284115,1.11583695284115,1.03767546585164,1.11892009174935,0.981345265475931,0.981345265475931,0.905559863182389,1.02824794678108,0.863898884422563,0.863898884422563,0.789547030914719,0.89646659981516,0.796713103931693,0.796713103931693,0.777385935446571,0.92469994535786,0.384441015819514,0.384441015819514,0.237564749840332,0.528049563815637,0.776287045309499,0.776287045309499,0.656738658541188,0.906274487017225,1.04424251465761,1.04424251465761,0.976048331775989,1.09146065927002
103,1.11305633731297,1.11305633731297,1.03463016865679,1.11428157781538,0.980029718385347,0.980029718385347,0.904478515601199,1.02378312124807,0.867366153757739,0.867366153757739,0.797070687585102,0.895393536390427,0.799338012664571,0.799338012664571,0.80093003699266,0.923325144014052,0.376467844429747,0.376467844429747,0.231611480859296,0.529294793711186,0.788737585865201,0.788737585865201,0.670703962995744,0.9159794344198,1.04739404488731,1.04739404488731,0.97978249407593,1.09481039375704
104,1.1098517993782,1.1098517993782,1.03151211495532,1.10904963501783,0.978481011947684,0.978481011947684,0.903822801770477,1.01895091404712,0.870313157254157,0.870313157254157,0.803730175184896,0.893779586686388,0.804010237991193,0.804010237991193,0.826449464501141,0.920362025568083,0.365787311512084,0.365787311512084,0.22518875223605,0.527631768532702,0.799104573530913,0.799104573530913,0.6838607913934,0.924301626480627,1.04986487294327,1.04986487294327,0.982486417569223,1.09741353676521
105,1.10647751722578,1.10647751722578,1.02811826928767,1.10381779895976,0.976878342866374,0.976878342866374,0.903491618916535,1.01431192195987,0.873225012558446,0.873225012558446,0.810745673512991,0.89271198180331,0.810487521265774,0.810487521265774,0.855242873341992,0.919825103911691,0.352057714469755,0.352057714469755,0.217488637757914,0.527742794735094,0.808618766931823,0.808618766931823,0.695180637808848,0.931359848175789,1.05177416869717,1.05177416869717,0.984591973527623,1.09969655713945
106,1.10279063854636,1.10279063854636,1.02486865646013,1.09820938598417,0.976277840994765,0.976277840994765,0.904284516915258,1.01067782849594,0.87829826994263,0.87829826994263,0.820444380084204,0.893144065241081,0.830509505229384,0.830509505229384,0.892617973136506,0.919961357244037,0.337408711413165,0.337408711413165,0.213073113532127,0.523695074062578,0.817567718528317,0.817567718528317,0.706591655447328,0.93813783554753,1.05351582643645,1.05351582643645,0.986740535263534,1.10123492582624
107,1.0993068804284,1.0993068804284,1.02193989769321,1.09285783091514,0.976273071704512,0.976273071704512,0.905797459019958,1.00723178148171,0.883215326583132,0.883215326583132,0.830451053989922,0.89372524659755,0.851639475942181,0.851639475942181,0.929005277217265,0.919571390810081,0.332178467872164,0.332178467872164,0.2162207441546,0.527700173301948,0.827471870326175,0.827471870326175,0.719154627085958,0.945306370732109,1.05554023738636,1.05554023738636,0.988954354092898,1.10301157506564
108,1.09523765372631,1.09523765372631,1.01858155549389,1.08754903568544,0.976551780452883,0.976551780452883,0.907232623115051,1.0053151653742,0.890051438216314,0.890051438216314,0.84077303944321,0.897685510566369,0.884779732569815,0.884779732569815,0.969617458692387,0.933883472162346,0.33246399562569,0.33246399562569,0.221724894032515,0.531245118920504,0.838230886425604,0.838230886425604,0.732260645872961,0.95303911920619,1.05735595337397,1.05735595337397,0.9906057874636,1.10503560476143
109,1.09119498789526,1.09119498789526,1.01461592049454,1.08255939152814,0.977511854657037,0.977511854657037,0.908560464499366,1.00476055030484,0.898031469238455,0.898031469238455,0.851347665825916,0.904076481533874,0.924094944243775,0.924094944243775,1.0103493649369,0.95540523415204,0.331329529708598,0.331329529708598,0.224427744866873,0.534376215685119,0.847712020121667,0.847712020121667,0.743924343374456,0.960923617789251,1.05891558034261,1.05891558034261,0.991950308116882,1.1068698201633
110,1.08674043383527,1.08674043383527,1.0102800380877,1.07719351201967,0.977012927950307,0.977012927950307,0.90852887528184,1.0028969855969,0.902105150755921,0.902105150755921,0.859076103637249,0.907051509399874,0.948573629152948,0.948573629152948,1.04063681147649,0.96622484503152,0.334626893288308,0.334626893288308,0.230302906177801,0.537311306476318,0.857036805158343,0.857036805158343,0.755200034559104,0.968480122508119,1.06011976531229,1.06011976531229,0.99271983519199,1.10798403063908
111,1.08238760557464,1.08238760557464,1.00568137880825,1.07181384176921,0.976147355356949,0.976147355356949,0.908138430249528,1.00051942919562,0.904025294677101,0.904025294677101,0.865588951782854,0.908161433313763,0.966585922525021,0.966585922525021,1.06687856957813,0.973262512362405,0.337341235122169,0.337341235122169,0.234939193054518,0.541527671214552,0.866340280993001,0.866340280993001,0.765770174907942,0.976895193984355,1.06095755260304,1.06095755260304,0.993009275013193,1.1090768178304
112,1.07764409494178,1.07764409494178,1.00093155241753,1.06619048526514,0.974947771683299,0.974947771683299,0.907028977767422,0.99769126982856,0.904221180814995,0.904221180814995,0.870980950611264,0.907716286175176,0.979020986201612,0.979020986201612,1.08804251085291,0.978606670842212,0.343458974707305,0.343458974707305,0.240538536655377,0.546041333603742,0.874250439432783,0.874250439432783,0.775348812658692,0.984305657639604,1.06158554399307,1.06158554399307,0.993743913867188,1.11022118065193
113,1.07280695918578,1.07280695918578,0.995862237484206,1.06045336581359,0.974251535687682,0.974251535687682,0.905929546295068,0.994798995797985,0.903523117150645,0.903523117150645,0.875928869356374,0.906749878974472,0.988335402063621,0.988335402063621,1.10653295289812,0.985784506831085,0.352243855962158,0.352243855962158,0.246518383940824,0.555599058439046,0.881633834398654,0.881633834398654,0.783945649524036,0.991743193219634,1.06141906062119,1.06141906062119,0.994411079131835,1.1103211369618
114,1.06762934188273,1.06762934188273,0.990461293699711,1.05466842707093,0.973169951757142,0.973169951757142,0.904220100251988,0.991427894411712,0.90095100753827,0.90095100753827,0.879703856073306,0.904383018513573,0.993297413617763,0.993297413617763,1.11987098241759,0.991674200683696,0.3635213712376,0.3635213712376,0.256032603298654,0.564880270149435,0.888528396270207,0.888528396270207,0.791323615447905,0.999610810216948,1.0611996785005,1.0611996785005,0.995144739273356,1.11012855561251
115,1.06245263980032,1.06245263980032,0.984936279802007,1.04939916814799,0.971934893138017,0.971934893138017,0.902255982340351,0.988158772508351,0.89837496568409,0.89837496568409,0.884284135752762,0.902107603958383,0.996261286423151,0.996261286423151,1.13167541993535,0.997450611114394,0.374523330625181,0.374523330625181,0.26670840304215,0.574823955740448,0.895153305411067,0.895153305411067,0.798387021995174,1.00678130980423,1.06037545154891,1.06037545154891,0.995311062822527,1.10943242723646
116,1.05720005229675,1.05720005229675,0.979610268818472,1.043998299435,0.969527258960831,0.969527258960831,0.899777913330794,0.983866952032058,0.893392331349494,0.893392331349494,0.887865051639465,0.897604797748184,0.993528780526068,0.993528780526068,1.13796906701455,1.00123803611889,0.383712072439444,0.383712072439444,0.2766717415031,0.583633174543038,0.899747995550419,0.899747995550419,0.803837829761257,1.01281914706918,1.05907543123177,1.05907543123177,0.995671919868633,1.10792780521478
117,1.0522971180193,1.0522971180193,0.97456199139704,1.03946490254989,0.96741408826611,0.96741408826611,0.897540118187275,0.979911181827899,0.888890519443553,0.888890519443553,0.890596976495911,0.893888450859851,0.988861836041861,0.988861836041861,1.14420590455795,1.00559918684081,0.398103136570847,0.398103136570847,0.281514688256977,0.595046510291781,0.905525833469305,0.905525833469305,0.810752974237784,1.02017473022385,1.05842058768499,1.05842058768499,0.996572939843121,1.10667960650058
118,1.04802621174142,1.04802621174142,0.970220177521337,1.03571911500693,0.96513806506489,0.96513806506489,0.895307218364613,0.976144445346334,0.883600504791896,0.883600504791896,0.892815785666249,0.889545843647446,0.982339995659404,0.982339995659404,1.15016559651544,1.00793402603207,0.414750833902114,0.414750833902114,0.288058375286015,0.607757694989339,0.911662518350191,0.911662518350191,0.818344688793004,1.02800158586503,1.05811270085564,1.05811270085564,0.99741175400422,1.10604674955582
119,1.04357342970435,1.04357342970435,0.966253497047255,1.03195942998248,0.96279958559637,0.96279958559637,0.893213863982365,0.972163819095087,0.878722468089301,0.878722468089301,0.895306636728853,0.88569064127251,0.977479970374401,0.977479970374401,1.1559110581206,1.01269245179581,0.432517706956453,0.432517706956453,0.296795586050584,0.623110356160868,0.917433172023824,0.917433172023824,0.826445929835468,1.03478558922006,1.05737335357155,1.05737335357155,0.998018181524189,1.10504350655875
120,1.03937208019433,1.03937208019433,0.963085708619404,1.02860526962502,0.960812801093349,0.960812801093349,0.891668439983982,0.968740537432393,0.876060098403504,0.876060098403504,0.898868886074016,0.8825923362298,0.97746907863692,0.97746907863692,1.16611155537969,1.01831016102715,0.452293246151134,0.452293246151134,0.306393608429467,0.63872611259873,0.924604205570716,0.924604205570716,0.834562531923014,1.041981257717,1.05679737480916,1.05679737480916,0.998599047377203,1.10398192718792
121,1.03492630835783,1.03492630835783,0.959842197950491,1.0248159323705,0.958382311834221,0.958382311834221,0.890311370654553,0.964956059076096,0.873181394922429,0.873181394922429,0.901983689238225,0.879110890628431,0.97475538574094,0.97475538574094,1.17724940997962,1.02140300726273,0.4697423490863,0.4697423490863,0.315293272299572,0.653629143960099,0.930510142235453,0.930510142235453,0.841696959982358,1.04735690710753,1.05517625640155,1.05517625640155,0.998571672213606,1.1022832689734
122,1.03074225067588,1.03074225067588,0.957499502445745,1.02118529538838,0.956530433940318,0.956530433940318,0.88947389644003,0.96141142995922,0.871802266977529,0.871802266977529,0.906589918470509,0.877147962250025,0.977892206135417,0.977892206135417,1.19362754606021,1.02895984677376,0.490160076429771,0.490160076429771,0.325537038992784,0.669476687327599,0.936129926758791,0.936129926758791,0.848205316621333,1.05219326656787,1.05324096775991,1.05324096775991,0.998704690753017,1.10060888667774
123,1.02650680432921,1.02650680432921,0.955423018944868,1.01718578807983,0.954712075047011,0.954712075047011,0.889301552349878,0.957641121872759,0.871309950303599,0.871309950303599,0.912680229557803,0.874919343956442,0.985530284583333,0.985530284583333,1.21554275362629,1.03732298234536,0.507476885947122,0.507476885947122,0.334752116822388,0.679827644390893,0.940860204306419,0.940860204306419,0.854454960922099,1.05574073230323,1.05103004172918,1.05103004172918,0.998638857946345,1.09844108420749
124,1.02263121494504,1.02263121494504,0.954023619016223,1.01337128165379,0.953186491628945,0.953186491628945,0.8897720790722,0.954635427608626,0.871516725726491,0.871516725726491,0.919641197103894,0.873523797250544,0.994401109682486,0.994401109682486,1.23883891074974,1.04711364564609,0.523008731510537,0.523008731510537,0.346680351359489,0.687315598765965,0.944401611031685,0.944401611031685,0.860604665144139,1.05800857383887,1.04859063069662,1.04859063069662,0.998817847186349,1.09607051648309
125,1.01894221373266,1.01894221373266,0.954116004844286,1.00948959339331,0.955770160845238,0.955770160845238,0.895578476732072,0.955224364929927,0.883181811783752,0.883181811783752,0.939969428050471,0.880971885341318,1.04839343269083,1.04839343269083,1.30156964607333,1.08029968476713,0.539438044983753,0.539438044983753,0.364766345097283,0.695853566348967,0.947237804936989,0.947237804936989,0.866644230051044,1.05892441521261,1.04604558327939,1.04604558327939,0.99902334802012,1.09293569947283
126,1.01594823496107,1.01594823496107,0.955704401000411,1.00580776415221,0.963131265619066,0.963131265619066,0.907554706431402,0.959180193208963,0.906771451361348,0.906771451361348,0.972714091612782,0.897406266294946,1.14109235028481,1.14109235028481,1.4041286443709,1.13883093187826,0.554719264323468,0.554719264323468,0.38222801988859,0.704995074472934,0.948508442211669,0.948508442211669,0.87158296152078,1.05964860454742,1.04292549692526,1.04292549692526,0.999500671850571,1.09001448772749
127,1.01284106092308,1.01284106092308,0.957543967126042,1.0022728511439,0.970076290008982,0.970076290008982,0.919367317230105,0.963241950062503,0.928607250598084,0.928607250598084,1.00292671531755,0.912500667270089,1.22431875679699,1.22431875679699,1.49563553330249,1.19022897771284,0.574943205077527,0.574943205077527,0.399304580473115,0.714722758850288,0.950038503800073,0.950038503800073,0.877125686795487,1.05967702699906,1.03954252795649,1.03954252795649,0.999773991701622,1.08676964460788
128,1.0102402375667,1.0102402375667,0.959208085523228,0.999058220646583,0.975327224989819,0.975327224989819,0.928957711524016,0.966064998840442,0.945055636578464,0.945055636578464,1.02659742003334,0.924176794530435,1.28231626872442,1.28231626872442,1.56134956565139,1.22649089665834,0.593757788817677,0.593757788817677,0.418669587308927,0.722775315666908,0.951108043091127,0.951108043091127,0.882416105349975,1.05829476275799,1.03627781588607,1.03627781588607,0.999639246022552,1.08279752234441
129,1.00761417748826,1.00761417748826,0.960799575431101,0.995725493578525,0.978666398010939,0.978666398010939,0.936512372241759,0.967575294075403,0.95751007480597,0.95751007480597,1.04443779880431,0.932192325625646,1.32028849616173,1.32028849616173,1.60838520664969,1.24916350336511,0.606552024860681,0.606552024860681,0.437272230739622,0.726886442298609,0.951721748109277,0.951721748109277,0.887201164178435,1.05609604364255,1.03245079280104,1.03245079280104,0.999240017690353,1.0780068081095
130,1.00530972983368,1.00530972983368,0.962452727011745,0.992767059202933,0.981176732691154,0.981176732691154,0.943009240510434,0.968012597894493,0.968203534161339,0.968203534161339,1.05948603017171,0.938862540864574,1.34791753362406,1.34791753362406,1.6449110835234,1.26345574706746,0.629068165135473,0.629068165135473,0.458715227048928,0.737616256545422,0.955592229797152,0.955592229797152,0.893249871083828,1.05685939825629,1.02956039979579,1.02956039979579,0.999079940629616,1.07447476175708
131,1.00309364965182,1.00309364965182,0.96406555313857,0.990118062606231,0.982737014035497,0.982737014035497,0.948605513721544,0.967975255748985,0.978613811610752,0.978613811610752,1.07145464939584,0.944358985651825,1.36645065007931,1.36645065007931,1.67130336034842,1.27276169305369,0.653177477147921,0.653177477147921,0.480662668727682,0.75139113540476,0.961686783341475,0.961686783341475,0.900902096962384,1.05800040929012,1.02701779592482,1.02701779592482,0.99903094743462,1.07094568214446
132,1.00131035199114,1.00131035199114,0.965532567545075,0.98768559773711,0.984219995366474,0.984219995366474,0.95392301280788,0.968025606666801,0.990272001120849,0.990272001120849,1.08251172937511,0.950530756306116,1.38042672958311,1.38042672958311,1.69512274922457,1.27939999716907,0.673232228581206,0.673232228581206,0.504267728738724,0.765269936894298,0.969608509633782,0.969608509633782,0.910077429541673,1.05859666689875,1.02440526903767,1.02440526903767,0.999048564259142,1.06763933622688
133,0.999340991923724,0.999340991923724,0.967105729640867,0.985216563919025,0.984752199929912,0.984752199929912,0.958665916409685,0.966918960860071,0.999479678034373,0.999479678034373,1.09110323462507,0.956035419571815,1.38645745162098,1.38645745162098,1.70915364270881,1.27945977114054,0.694351642871932,0.694351642871932,0.527244130488274,0.785612725982345,0.976861674933599,0.976861674933599,0.918773522390618,1.05898770581227,1.02154747455071,1.02154747455071,0.998402642812303,1.06389856261439
134,0.997532827523815,0.997532827523815,0.968675819321131,0.982961969734535,0.984733578262914,0.984733578262914,0.962566911212193,0.965357850108284,1.00735414348807,1.00735414348807,1.09797086946347,0.960437334759284,1.38868926764659,1.38868926764659,1.7172099781888,1.27473945454638,0.715563130722292,0.715563130722292,0.551829604483483,0.797297312950676,0.983140157333063,0.983140157333063,0.925645320112401,1.0587032971331,1.01871588776875,1.01871588776875,0.997726870635022,1.05971192224299
135,0.995722540590956,0.995722540590956,0.969839390021695,0.980617394160736,0.984265759117889,0.984265759117889,0.966514066010777,0.96358531776906,1.01411009788447,1.01411009788447,1.10364543688954,0.964182139662539,1.39004248351542,1.39004248351542,1.72232097815573,1.26758458846795,0.738000825653857,0.738000825653857,0.576257507102538,0.815698458973193,0.988046144472197,0.988046144472197,0.931191839005529,1.05693895656586,1.0158090343914,1.0158090343914,0.996667040168881,1.05506917415513
136,0.994546131571703,0.994546131571703,0.971422793502585,0.979148488007586,0.983841881748227,0.983841881748227,0.970181755580467,0.961861771588056,1.01986762583867,1.01986762583867,1.10813617837138,0.967302462867656,1.38732549009294,1.38732549009294,1.72246194013477,1.25747573970337,0.760389326048144,0.760389326048144,0.601441264154199,0.828973719921766,0.992342018715807,0.992342018715807,0.936018192303356,1.05488867262983,1.01339059489327,1.01339059489327,0.99584454747756,1.05119215872302
137,0.993409622277352,0.993409622277352,0.97294233768015,0.977693223161143,0.982905787964164,0.982905787964164,0.973597883250143,0.960035084426614,1.02418577180432,1.02418577180432,1.1116475078393,0.968861152503926,1.38335792717606,1.38335792717606,1.71817627122779,1.24329912861832,0.778927356713867,0.778927356713867,0.623052408919987,0.840740918803725,0.995413405327967,0.995413405327967,0.93972188331048,1.05243009986903,1.0111620001434,1.0111620001434,0.994753916354165,1.04722565614935
138,0.992477090346758,0.992477090346758,0.974615715996362,0.976338827131897,0.981541797745619,0.981541797745619,0.976447679888736,0.957780298313987,1.02698141423928,1.02698141423928,1.11315857967732,0.969322491271692,1.37320946826514,1.37320946826514,1.70871058142253,1.22618576227996,0.792627038159203,0.792627038159203,0.643191169862805,0.851085298485362,0.997147548188279,0.997147548188279,0.942485316663429,1.04916452592187,1.00906898193298,1.00906898193298,0.993942765213272,1.04321082994871
139,0.991310261934949,0.991310261934949,0.975639982523387,0.975056885867848,0.979484947545906,0.979484947545906,0.978537261994324,0.954723962757657,1.02793289576393,1.02793289576393,1.11315454036013,0.967995452330166,1.35773263935754,1.35773263935754,1.69330935698575,1.20528601502395,0.805213194605341,0.805213194605341,0.659645852365533,0.859125226729197,0.99987007272167,0.99987007272167,0.945969288754473,1.04641552849862,1.0073855665217,1.0073855665217,0.993599611348671,1.03953432618957
140,0.990517408250678,0.990517408250678,0.976931378511695,0.973872440453141,0.977818428921492,0.977818428921492,0.980817819205325,0.951877742104045,1.02942261044758,1.02942261044758,1.11418829955074,0.966477609758418,1.33972760714379,1.33972760714379,1.67731587986491,1.18181964129866,0.822132459078203,0.822132459078203,0.675572765680658,0.870964250618865,1.00360338403198,1.00360338403198,0.949349962481632,1.04509704595788,1.00606495060034,1.00606495060034,0.993740373230887,1.03621568541766
141,0.989471194234201,0.989471194234201,0.977619087520966,0.972672411073025,0.975289124255328,0.975289124255328,0.982312936582906,0.948335900581236,1.02862242948836,1.02862242948836,1.11281854261243,0.963055778791756,1.3150667331713,1.3150667331713,1.65969828713623,1.1557427894569,0.837428636216416,0.837428636216416,0.692297028128134,0.888266973904447,1.00760981842873,1.00760981842873,0.953249304694525,1.04399722599327,1.00480582611794,1.00480582611794,0.993923162178141,1.0335511537169
142,0.988602630383793,0.988602630383793,0.978414501763509,0.971375355497321,0.972759632032806,0.972759632032806,0.983866625034736,0.944769841834978,1.02829944119614,1.02829944119614,1.11232342024833,0.959687735926574,1.29008009723234,1.29008009723234,1.64518690178371,1.12787741686182,0.858370551298314,0.858370551298314,0.712921249937247,0.906916218763115,1.01158398460529,1.01158398460529,0.95736177363411,1.04398648316598,1.00385679034175,1.00385679034175,0.99434429639835,1.03096364314531
143,0.987305957479236,0.987305957479236,0.978547981149274,0.969742817707387,0.969292438400293,0.969292438400293,0.984631907664627,0.94044079536293,1.02559430081872,1.02559430081872,1.11017174942576,0.954234898140637,1.26216688443755,1.26216688443755,1.62699298427821,1.09621678861096,0.87809423679154,0.87809423679154,0.731647021431237,0.924689356384898,1.01621855339414,1.01621855339414,0.961715417200515,1.04417377668641,1.00301994287648,1.00301994287648,0.994303017760498,1.02883206913212
144,0.985954916574716,0.985954916574716,0.97845947851306,0.967948249373004,0.965201968195525,0.965201968195525,0.98468267502151,0.935387584219947,1.02177881634774,1.02177881634774,1.10721845774719,0.948233998239735,1.22877149711074,1.22877149711074,1.60499123508281,1.06122839458599,0.896570109494621,0.896570109494621,0.75115983618444,0.942469597578872,1.01961079570527,1.01961079570527,0.965245348045871,1.04549717023391,1.0018618362078,1.0018618362078,0.994274779027072,1.02614052298345
145,0.984528516014087,0.984528516014087,0.978320622400119,0.965907091470911,0.96148655711974,0.96148655711974,0.98442558428853,0.930486209841241,1.01700174751548,1.01700174751548,1.1051276214895,0.941770532932493,1.19247692729813,1.19247692729813,1.58234440564435,1.02521522932962,0.921658658715318,0.921658658715318,0.772703721567636,0.962178853265591,1.02321710417154,1.02321710417154,0.968958989527541,1.04777342186863,1.00071060369125,1.00071060369125,0.993957445900374,1.02347014338214
146,0.983214551281462,0.983214551281462,0.978161838258675,0.963811112167218,0.957955406769061,0.957955406769061,0.98396050001116,0.925350300074302,1.01205498732535,1.01205498732535,1.10313893099519,0.934730302167649,1.15569585987804,1.15569585987804,1.55659747452751,0.986925171701494,0.950207445321576,0.950207445321576,0.794909623696433,0.980548954046681,1.02782269244564,1.02782269244564,0.972102282246301,1.05098245785042,0.999697337556102,0.999697337556102,0.993555828358313,1.02116153487721
147,0.981930302010134,0.981930302010134,0.977817087632844,0.961559165122057,0.954085717191728,0.954085717191728,0.982884998018993,0.920071497074046,1.00578033932583,1.00578033932583,1.10089484549155,0.926700419401119,1.11606940855425,1.11606940855425,1.52912395826629,0.946405988674445,0.977398063824337,0.977398063824337,0.818408641697017,0.996717736734372,1.03136087234889,1.03136087234889,0.975023181858948,1.05484539438273,0.999007559353382,0.999007559353382,0.993051906577112,1.01863524184015
148,0.980264503100099,0.980264503100099,0.977184170033842,0.959093397532338,0.949687868909541,0.949687868909541,0.981228133481112,0.914629271371677,0.998031161145629,0.998031161145629,1.09820043732351,0.917574535068519,1.07382762002446,1.07382762002446,1.49736424216785,0.903070642423862,1.00588735163213,1.00588735163213,0.841800261651203,1.01089173111274,1.03310968811688,1.03310968811688,0.976804627755093,1.05721612151005,0.99735263408042,0.99735263408042,0.991805055671552,1.01566636257375
149,0.978688629485132,0.978688629485132,0.976526225050009,0.956496852720578,0.945147692145203,0.945147692145203,0.979362094762635,0.909262455896278,0.990542115884808,0.990542115884808,1.09610550054686,0.908158121389612,1.03000388913874,1.03000388913874,1.46687982050877,0.859061860162831,1.02763964699703,1.02763964699703,0.863581995738164,1.02144211438791,1.03357769907665,1.03357769907665,0.977156314839844,1.05991330781195,0.995432167829308,0.995432167829308,0.99014193532249,1.01228114131463
150,0.976603698472231,0.976603698472231,0.975188465457918,0.953651604899224,0.939745318801954,0.939745318801954,0.976648244063827,0.903234864477505,0.981747324360763,0.981747324360763,1.09326573816192,0.897948501876683,0.98621844436053,0.98621844436053,1.43399824881066,0.81336035211585,1.04725763071421,1.04725763071421,0.878178366589576,1.02729019596793,1.03225762445328,1.03225762445328,0.976874343267384,1.06170416781572,0.992935534850706,0.992935534850706,0.987926043925535,1.0085239935806
151,0.974705628250034,0.974705628250034,0.974219673100169,0.950870336727634,0.934583312328696,0.934583312328696,0.974335262551153,0.897238314080154,0.97425694818733,0.97425694818733,1.09198808989579,0.88766000950343,0.946465912924083,0.946465912924083,1.40531129148317,0.767947273057839,1.06597149861115,1.06597149861115,0.893709859824779,1.03736832324004,1.03114631912627,1.03114631912627,0.975592970907664,1.06424358802536,0.990569725579815,0.990569725579815,0.985495728139904,1.00487932522152
152,0.972764464767122,0.972764464767122,0.973493366870813,0.948237756664355,0.929659261286535,0.929659261286535,0.972913373414383,0.890847928908678,0.968469474699383,0.968469474699383,1.09272538768569,0.877582805624588,0.914057052970918,0.914057052970918,1.38527451511046,0.722798086948109,1.08111410901813,1.08111410901813,0.905742509129213,1.04412645134631,1.029682437831,1.029682437831,0.973853627956943,1.06556464884464,0.988237239835456,0.988237239835456,0.983120536895059,1.00150882355597
153,0.970758301146718,0.970758301146718,0.972705164270276,0.945435119247048,0.924749437733837,0.924749437733837,0.971652252373741,0.884259159959511,0.962801843842432,0.962801843842432,1.09402280412532,0.86742403028056,0.885362275498714,0.885362275498714,1.36604608002998,0.67623442419473,1.09268280277097,1.09268280277097,0.915390162423476,1.05130079616391,1.0261959479635,1.0261959479635,0.969782080343931,1.06628810152844,0.985714372299704,0.985714372299704,0.979909870625789,0.99777107373596
154,0.96862309141752,0.96862309141752,0.971660991050969,0.942595571314411,0.919255804825413,0.919255804825413,0.970044629004475,0.877255678318163,0.956036028593511,0.956036028593511,1.09464602180561,0.856516392086967,0.857843145569137,0.857843145569137,1.34567030469826,0.628422294604928,1.09854060905779,1.09854060905779,0.921220574548405,1.05458159413507,1.02194914576797,1.02194914576797,0.964826930591192,1.06612560859216,0.983063715349957,0.983063715349957,0.976390161500185,0.994079165750983
155,0.966616947269895,0.966616947269895,0.970833679161093,0.939871899771138,0.91368157627047,0.91368157627047,0.968418864152036,0.870095365473169,0.948657570071439,0.948657570071439,1.09451927292848,0.845842551205621,0.830160639577347,0.830160639577347,1.32065472998868,0.581371826363376,1.09767737788677,1.09767737788677,0.922494434709852,1.05619068478396,1.01485470358148,1.01485470358148,0.95828337414851,1.06337722504475,0.980229899838983,0.980229899838983,0.972740254829946,0.98992558741244
156,0.964468145540706,0.964468145540706,0.969913469373898,0.937021656541694,0.90729624684736,0.90729624684736,0.966212974982099,0.862424371202788,0.940061568494621,0.940061568494621,1.0935262129186,0.834378203095115,0.797588733614621,0.797588733614621,1.29381939187738,0.535268605905512,1.08894368554233,1.08894368554233,0.91943467521625,1.05228687722212,1.00621875372093,1.00621875372093,0.949806129549121,1.05988034267906,0.976333329667964,0.976333329667964,0.968677792066473,0.986027861854491
157,0.962704184349936,0.962704184349936,0.969394977917138,0.934316514973727,0.901049387604175,0.901049387604175,0.964259597980341,0.854725036392736,0.9313664139283,0.9313664139283,1.09207254834604,0.822816214554101,0.76379959347525,0.76379959347525,1.26467902012391,0.493506959541358,1.06634344920043,1.06634344920043,0.907419654379029,1.0396785627737,0.994558967210437,0.994558967210437,0.940672962105723,1.05277853579887,0.97173046721782,0.97173046721782,0.964672843053647,0.980450419574531
158,0.960919328866916,0.960919328866916,0.968464526744846,0.931341450585734,0.894097852329251,0.894097852329251,0.961473181348837,0.846628963064741,0.921417721170714,0.921417721170714,1.08878313651622,0.811111383951118,0.72815192685847,0.72815192685847,1.23303053391099,0.453557586906094,1.0603277550406,1.0603277550406,0.907987291023251,1.0411500545983,0.98762550082434,0.98762550082434,0.93616552151711,1.04929362401216,0.968903633267604,0.968903633267604,0.962533953299827,0.975858334273863
159,0.959202472329409,0.959202472329409,0.967502412623629,0.928724667966841,0.887029255093009,0.887029255093009,0.958831032702574,0.838499699944899,0.911217969897914,0.911217969897914,1.08516684600325,0.799763075849734,0.689797168398728,0.689797168398728,1.20070909361736,0.415580494307629,1.06219814464372,1.06219814464372,0.91489331085529,1.05164387239121,0.983304786139519,0.983304786139519,0.933631508792922,1.04835513061972,0.966721465896759,0.966721465896759,0.961324840395818,0.971569598116784
160,0.957095965476982,0.957095965476982,0.966409166100731,0.925980374354274,0.879675625779746,0.879675625779746,0.956130802514149,0.829968384455925,0.900027354186393,0.900027354186393,1.08015166650683,0.787919144432433,0.650597475152596,0.650597475152596,1.16629817735947,0.379448303151739,1.06451427664205,1.06451427664205,0.922334151261818,1.06609043346549,0.979114788188227,0.979114788188227,0.930784926787044,1.04726022166188,0.96449953048176,0.96449953048176,0.960449785087539,0.967292101339295
161,0.955059911140266,0.955059911140266,0.96515773285052,0.923109743882413,0.872249010249356,0.872249010249356,0.953328173731808,0.821225937753897,0.888742909135813,0.888742909135813,1.07475734201095,0.775537270668406,0.608674847536258,0.608674847536258,1.13129553934777,0.344250569715771,1.06016321925713,1.06016321925713,0.926632242775255,1.07564079163334,0.972663092418064,0.972663092418064,0.92712327653488,1.04369747041797,0.96129671263266,0.96129671263266,0.958705575531482,0.96257718160076
162,0.952579877434227,0.952579877434227,0.963682632017033,0.920035027507399,0.864635159885894,0.864635159885894,0.950312627288216,0.812620954284244,0.876929547314506,0.876929547314506,1.06893001495314,0.763651694871511,0.566704692338185,0.566704692338185,1.09697222657968,0.315120024894859,1.05345680720227,1.05345680720227,0.931885526004386,1.08386436037307,0.964310554944366,0.964310554944366,0.921689446765991,1.03775005706505,0.957345739992056,0.957345739992056,0.957035172410191,0.957166076433482
163,0.950032662639408,0.950032662639408,0.961954227592143,0.916703410530027,0.856891815253938,0.856891815253938,0.946830815931047,0.803912394272579,0.864490777558191,0.864490777558191,1.06211948137132,0.751648423103419,0.523332803531596,0.523332803531596,1.06170943274979,0.292586020715817,1.04171094663612,1.04171094663612,0.937793774592234,1.08891315853398,0.954366098312975,0.954366098312975,0.916341812982861,1.0304229577496,0.952813176488296,0.952813176488296,0.955804642974409,0.951352892445546
164,0.947263088177119,0.947263088177119,0.959954298444867,0.913056869364026,0.848610291048845,0.848610291048845,0.942637916025468,0.794833664998912,0.850934706665131,0.850934706665131,1.05417904060952,0.738747558558636,0.478636743489459,0.478636743489459,1.02653424240969,0.275056324750844,1.02379582517891,1.02379582517891,0.940222977374027,1.08673946544355,0.942532185180269,0.942532185180269,0.910641932400786,1.0211382083632,0.947770234041096,0.947770234041096,0.954414036477891,0.944978338531274
165,0.944504223743477,0.944504223743477,0.958008883337013,0.909386696075139,0.841040007348029,0.841040007348029,0.93845279104125,0.786180101895173,0.837665568431749,0.837665568431749,1.04583760581441,0.726157892220135,0.437251771641492,0.437251771641492,0.992030413359596,0.261956167195675,1.00477814777472,1.00477814777472,0.939708497338629,1.07758953827106,0.928459953467481,0.928459953467481,0.903415586832819,1.00968715250599,0.942069225788304,0.942069225788304,0.953257342262535,0.938205556852805
166,0.941415081499172,0.941415081499172,0.955955912349421,0.905371604801185,0.833216468976036,0.833216468976036,0.933754607635268,0.777293048750975,0.82354767092886,0.82354767092886,1.03692589287483,0.713162085849707,0.395255872336647,0.395255872336647,0.956467643943423,0.250365237164695,0.97887157317402,0.97887157317402,0.932861058259171,1.06329951888024,0.913954475235928,0.913954475235928,0.895413788345353,0.998667467205332,0.936526081365073,0.936526081365073,0.952276096650883,0.931151790684553
167,0.938290518269218,0.938290518269218,0.953898396747192,0.90145217345736,0.825761773579438,0.825761773579438,0.929279881228381,0.768988225279857,0.809726990410368,0.809726990410368,1.02862393322494,0.70079830500465,0.356893522665934,0.356893522665934,0.922635707113568,0.241170747448412,0.952551830939287,0.952551830939287,0.921886116987449,1.0459112896331,0.899852106223141,0.899852106223141,0.887952673768556,0.986884918391608,0.930740864748697,0.930740864748697,0.951169921270556,0.923851699534651
168,0.935106699371683,0.935106699371683,0.951709727407063,0.898208232296332,0.825421439170497,0.825421439170497,0.929212930516668,0.770206287736908,0.820982276375567,0.820982276375567,1.03786472811158,0.715850141621267,0.413259584339796,0.413259584339796,0.936501481292792,0.322570889591844,0.919600133246654,0.919600133246654,0.905140429172131,1.0220025073052,0.885173658154627,0.885173658154627,0.879485255262782,0.974548776340508,0.924639598247315,0.924639598247315,0.949715439392312,0.915899924052864
169,0.932462276462317,0.932462276462317,0.949390523079383,0.902638540182871,0.860225307996779,0.860225307996779,0.952759366244291,0.815830926926019,0.937223518344202,0.937223518344202,1.120753046802,0.850285129461825,0.870345870039169,0.870345870039169,1.15595910730743,0.776631726353807,0.880879711267141,0.880879711267141,0.88468571185544,0.994785302003165,0.869704577807772,0.869704577807772,0.871513494770353,0.96206849624091,0.918473725456782,0.918473725456782,0.948833331597092,0.908088098815429
170,0.930326170985269,0.930326170985269,0.946846114960662,0.905062444544966,0.881910252613322,0.881910252613322,0.96779427880276,0.845195994527671,1.01164857501084,1.01164857501084,1.1733725585577,0.937663808317911,1.1706987331789,1.1706987331789,1.28386444985485,1.0757840091932,0.834652468815435,0.834652468815435,0.860283845126421,0.972456932940112,0.855494505999637,0.855494505999637,0.864996928989878,0.950585211901815,0.914877281841812,0.914877281841812,0.949150376867179,0.90040797970889
171,0.929032107433146,0.929032107433146,0.944992850982464,0.906998122483934,0.896873525668869,0.896873525668869,0.978471002386732,0.865455647449962,1.0622068597967,1.0622068597967,1.2093976984906,0.999207761506786,1.38977382065756,1.38977382065756,1.35971234771757,1.28547318928345,0.787749798662723,0.787749798662723,0.828693903089974,0.953929238094489,0.840269020273577,0.840269020273577,0.856398661743818,0.940109604762933,0.913749544962419,0.913749544962419,0.949753062251219,0.893597115360993
172,0.927958066814969,0.927958066814969,0.942645738880395,0.908020089048339,0.906584256117649,0.906584256117649,0.985536678142924,0.879065378578266,1.09533206475829,1.09533206475829,1.23203678607793,1.04148238800121,1.53873252297181,1.53873252297181,1.39594143458645,1.43031335280641,0.758328141415304,0.758328141415304,0.810382807386244,0.946858289716554,0.829810281272314,0.829810281272314,0.852123875688193,0.933820078401372,0.913028054362571,0.913028054362571,0.950359921556103,0.888261576479342
173,0.927430003984385,0.927430003984385,0.940480155329172,0.909597079608148,0.916867542540659,0.916867542540659,0.992985484746148,0.892970420452927,1.12644063463443,1.12644063463443,1.2530810777983,1.08021546360413,1.67313788369576,1.67313788369576,1.42513808494549,1.56212722791799,0.737767151601787,0.737767151601787,0.7941252925091,0.944684070435587,0.822004355272122,0.822004355272122,0.849583519536483,0.928786050918809,0.912720704576355,0.912720704576355,0.95097771941216,0.883440310529852
174,0.926993385325658,0.926993385325658,0.937957787524629,0.911291782476532,0.927556352603987,0.927556352603987,1.00024740527667,0.907235265224158,1.15626808013063,1.15626808013063,1.27310990965894,1.11800721676518,1.79593232221251,1.79593232221251,1.44777827775593,1.68788513834802,0.71772602838491,0.71772602838491,0.776177885644309,0.94372561438034,0.813587585775195,0.813587585775195,0.84724920039835,0.923628634391322,0.911951282876699,0.911951282876699,0.951343498806295,0.878663117782058
175,0.926313473761653,0.926313473761653,0.935300254773023,0.911656852877139,0.933220554623363,0.933220554623363,1.00380480614707,0.914652210947844,1.16885325027413,1.16885325027413,1.27980220141042,1.13600047135086,1.85350010558843,1.85350010558843,1.43810393236588,1.75159375106661,0.703791010909894,0.703791010909894,0.763102444702499,0.938109056634687,0.807696626435306,0.807696626435306,0.84600862498427,0.919572142804964,0.912045184868871,0.912045184868871,0.952424457947599,0.874418654511084
176,0.926417361039519,0.926417361039519,0.932465844766302,0.913721621554221,0.945482587419754,0.945482587419754,1.01107049895425,0.929473383997292,1.19676823484469,1.19676823484469,1.2973443439292,1.17046662334141,1.95828489115431,1.95828489115431,1.4517222930527,1.86328102522564,0.694715615968684,0.694715615968684,0.749851261502945,0.928957287795333,0.800760663828401,0.800760663828401,0.84362051109312,0.91494407141896,0.911532953126615,0.911532953126615,0.953151008030857,0.86984739344164
177,0.925502899848168,0.925502899848168,0.929148254745187,0.913475010638612,0.950620345535266,0.950620345535266,1.01272563573183,0.935058096408843,1.20257004589121,1.20257004589121,1.29878460531293,1.18119731892067,1.98632451411441,1.98632451411441,1.42406640225362,1.90240191495503,0.683320100282879,0.683320100282879,0.738417980083715,0.917383200838862,0.792630168239742,0.792630168239742,0.839792003820905,0.909626801621333,0.910602713860154,0.910602713860154,0.953395024079026,0.864968903645804
178,0.92584889219177,0.92584889219177,0.925790488623784,0.915684261888135,0.96184178886228,0.96184178886228,1.01848293620312,0.948889934901836,1.22390784182741,1.22390784182741,1.31046159807662,1.20851639992655,2.06388655703126,2.06388655703126,1.42315426409924,1.98949650671238,0.67228423655204,0.67228423655204,0.724518340497953,0.904443123259595,0.784475988995124,0.784475988995124,0.835600366418209,0.904871473772578,0.90988227049442,0.90988227049442,0.953228211173619,0.860705527408665
179,0.925085422931548,0.925085422931548,0.925103505045957,0.915664664517936,0.965640019467118,0.965640019467118,1.0189875285994,0.953650361555584,1.22536010946987,1.22536010946987,1.30714819515079,1.21357732668802,2.07125498246336,2.07125498246336,1.39297406546837,2.01137064800987,0.653691693020684,0.653691693020684,0.700689263349726,0.8871772333113,0.77700206036239,0.77700206036239,0.830458023363066,0.90023726362812,0.909014757866139,0.909014757866139,0.952614817523692,0.856915431747157
180,0.925596933899679,0.925596933899679,0.925622508571972,0.917789100569423,0.975705392195597,0.975705392195597,1.02393782102949,0.966083321463938,1.24355356386709,1.24355356386709,1.31553277719766,1.23613514873612,2.12471361033514,2.12471361033514,1.38801703527139,2.07903321758359,0.638191425031873,0.638191425031873,0.680923412290236,0.874269253354526,0.773047803068862,0.773047803068862,0.828436708839885,0.896637618445904,0.908513481803838,0.908513481803838,0.953206075000321,0.85406479417722
181,0.925320362014482,0.925320362014482,0.926023885522903,0.918380693513791,0.980178477371211,0.980178477371211,1.02498412387255,0.971441338595566,1.24685446912592,1.24685446912592,1.31239643100846,1.24167145927703,2.12718009379557,2.12718009379557,1.36094437134227,2.09644519275759,0.632902679878974,0.632902679878974,0.665443177213541,0.866947048997244,0.771162912825124,0.771162912825124,0.828081601279508,0.893201632564068,0.908269234585995,0.908269234585995,0.953979430568341,0.852378031448207
182,0.925637359389623,0.925637359389623,0.926727276653105,0.919919684815481,0.987269929689395,0.987269929689395,1.02802964695738,0.979951021193091,1.25728192744722,1.25728192744722,1.31381178326955,1.25454018589117,2.1468386897905,2.1468386897905,1.34583754772424,2.13317903895383,0.624724420452041,0.624724420452041,0.648165109688425,0.858895807656956,0.769136468596545,0.769136468596545,0.826925107375346,0.887868708932384,0.907867929103293,0.907867929103293,0.954701403731503,0.85073582686874
183,0.925554697441255,0.925554697441255,0.927287373736822,0.920913087892604,0.993065421159551,0.993065421159551,1.03005104012304,0.986903019456534,1.26395566774188,1.26395566774188,1.31259827446419,1.26353248928304,2.1550863754847,2.1550863754847,1.33084620143367,2.1580196919795,0.615833172630101,0.615833172630101,0.630856124543891,0.848287017232656,0.766642317825364,0.766642317825364,0.825594107023826,0.881878631208206,0.90664701523996,0.90664701523996,0.954825210859399,0.848614664971158
184,0.924896459080674,0.924896459080674,0.928052917272831,0.920390149787622,0.995080473085138,0.995080473085138,1.02959891404794,0.988881543382254,1.26122221522347,1.26122221522347,1.30527841970634,1.2613603576958,2.13302532624361,2.13302532624361,1.30383804552886,2.15181807718407,0.603328785482411,0.603328785482411,0.609832956961415,0.834692095535489,0.763540733029771,0.763540733029771,0.824195940969117,0.874254231820837,0.905503972631217,0.905503972631217,0.955148157189988,0.846584045689878
185,0.925434219355378,0.925434219355378,0.928953391057495,0.922034834531416,1.0025241026566,1.0025241026566,1.03325001711872,0.9975100181394,1.27161035112672,1.27161035112672,1.30804724923344,1.27411034569595,2.14650797703427,2.14650797703427,1.29091414159753,2.18436513516031,0.598299973627832,0.598299973627832,0.594329126859375,0.828246261510358,0.762879538932836,0.762879538932836,0.824543772244981,0.869214126967405,0.904942869963667,0.904942869963667,0.95596132332715,0.8445156860553
186,0.925479571458499,0.925479571458499,0.929897497409916,0.922946154941423,1.00757376287126,1.00757376287126,1.03516115038109,1.00317051826462,1.27570169748429,1.27570169748429,1.30680613842731,1.28002372493458,2.13859793520198,2.13859793520198,1.26797344227056,2.19637918138235,0.591420383505932,0.591420383505932,0.579407849796889,0.821173471465559,0.762069667489243,0.762069667489243,0.825158462810089,0.866036951141988,0.904056963608008,0.904056963608008,0.956547514527446,0.842406362590536
187,0.924522659608151,0.924522659608151,0.930143930738816,0.922354177734894,1.00931953745392,1.00931953745392,1.03459568323016,1.00480671983156,1.27155263791623,1.27155263791623,1.29959387639086,1.27678742305227,2.10698219176901,2.10698219176901,1.23360154938541,2.18396890420533,0.582089708803712,0.582089708803712,0.56486599159024,0.817053662690068,0.761767563888047,0.761767563888047,0.825504552752908,0.862557809788222,0.903054062405369,0.903054062405369,0.957272020828774,0.839741460047297
188,0.924847796605063,0.924847796605063,0.930888671461346,0.923730263228326,1.01563305958558,1.01563305958558,1.03760791813317,1.01227419069769,1.27826588211703,1.27826588211703,1.29944056594314,1.28576378014267,2.10206671763865,2.10206671763865,1.20698681278933,2.20163537554606,0.57637649456903,0.57637649456903,0.553298462613012,0.816886597195947,0.762219258087417,0.762219258087417,0.826366947943756,0.859914092072451,0.901890316783768,0.901890316783768,0.957928564184517,0.837091590887419
189,0.924173454255954,0.924173454255954,0.9312007990084,0.923770311884635,1.01861590231978,1.01861590231978,1.03843145508126,1.01592837806884,1.27691258597598,1.27691258597598,1.29374304785125,1.28600272933693,2.07191376755462,2.07191376755462,1.16955676171485,2.19478486078087,0.569873508573724,0.569873508573724,0.542134489931342,0.820561511876071,0.76289305505526,0.76289305505526,0.827214603994182,0.856959691791327,0.90066870476436,0.90066870476436,0.958604883289357,0.83427669682669
190,0.923815038279122,0.923815038279122,0.931358985735712,0.923671108203468,1.02102533167925,1.02102533167925,1.03926947641987,1.01905989155264,1.27404767558924,1.27404767558924,1.2870263977931,1.28491298362759,2.03608028129537,2.03608028129537,1.12779644359313,2.18290811197802,0.55962309546172,0.55962309546172,0.531142191399596,0.822085359658665,0.763428707510585,0.763428707510585,0.829202335665769,0.853557591856158,0.899384661480496,0.899384661480496,0.959178207299193,0.83142851252235
191,0.922256748583913,0.922256748583913,0.93064462778897,0.9214084658615,1.01853996878845,1.01853996878845,1.03684416169155,1.01634907247329,1.25985609392454,1.25985609392454,1.27225130994993,1.2713101751587,1.97383895238223,1.97383895238223,1.0764719481064,2.1425551997799,0.55160770984064,0.55160770984064,0.525086948515919,0.82346213718738,0.765254723473316,0.765254723473316,0.831781871811006,0.851076244301494,0.898466559388889,0.898466559388889,0.959403426310738,0.828856292071222
192,0.921527824034268,0.921527824034268,0.930399047908828,0.9210815014585,1.01929394534865,1.01929394534865,1.03705071543569,1.0175690804387,1.25314266823566,1.25314266823566,1.26243007742409,1.26525855375276,1.92119984524271,1.92119984524271,1.02705720869728,2.11633217578084,0.54009984446835,0.54009984446835,0.517941723944174,0.825517700503231,0.766499728822139,0.766499728822139,0.833492669337872,0.846851919059005,0.897098898488891,0.897098898488891,0.959503398911339,0.82578203648957
193,0.922407273168337,0.922407273168337,0.930929444975764,0.922908112987509,1.02418538837824,1.02418538837824,1.04061661112756,1.02401571112794,1.25552227948769,1.25552227948769,1.25851775392285,1.26979619649846,1.88776089096598,1.88776089096598,0.980461708868931,2.11348025258311,0.543953305756613,0.543953305756613,0.520555347613722,0.839473325810538,0.772429227375966,0.772429227375966,0.838457334231895,0.848111776456505,0.897070327794104,0.897070327794104,0.960312621412946,0.824788692133918
194,0.922406338474928,0.922406338474928,0.931035059259578,0.923737991167336,1.0261443609527,1.0261443609527,1.0423875366414,1.02671169207638,1.25067049806114,1.25067049806114,1.24982924385866,1.26659712309688,1.83431612530554,1.83431612530554,0.926044279262083,2.09180579289337,0.550095310214866,0.550095310214866,0.524154266996818,0.856695278849356,0.778137901713441,0.778137901713441,0.843210178399011,0.849036457642421,0.896686288248195,0.896686288248195,0.96077543727026,0.823382485999524
195,0.920414740493483,0.920414740493483,0.929982820949507,0.921503634789978,1.02196011256881,1.02196011256881,1.03985337301403,1.02228539922384,1.23332350408438,1.23332350408438,1.23201040811267,1.24915027466409,1.75551044399997,1.75551044399997,0.864453185701238,2.04031508435193,0.557419977940922,0.557419977940922,0.528504972704703,0.873628879476274,0.784104782695952,0.784104782695952,0.84785288325099,0.849484955335065,0.895791708645905,0.895791708645905,0.960985802880738,0.821471934100729
196,0.919756599496798,0.919756599496798,0.929632992303564,0.921349887229884,1.02228402239952,1.02228402239952,1.04066876069269,1.0227709632652,1.22455224551513,1.22455224551513,1.21976215797612,1.24089935162648,1.68882957687912,1.68882957687912,0.805501611834528,2.00450603807237,0.56612209271076,0.56612209271076,0.533690182929678,0.892427562446219,0.789781310580095,0.789781310580095,0.851791654219274,0.849217366854058,0.894693562843256,0.894693562843256,0.960813319200117,0.81947377779908
197,0.921053622911384,0.921053622911384,0.930403208471524,0.923993119894175,1.02766924773287,1.02766924773287,1.04487133605596,1.02957010845403,1.22657117944965,1.22657117944965,1.21384963804676,1.24533561269403,1.64009829312666,1.64009829312666,0.7460124710986,1.99145756281568,0.577369359993686,0.577369359993686,0.538272770783195,0.91035145365561,0.79522148897213,0.79522148897213,0.854908391609088,0.848981147428751,0.893456242312146,0.893456242312146,0.960084984405877,0.817414375436562
198,0.919649285009766,0.919649285009766,0.92963491256327,0.922956017670216,1.02553075692978,1.02553075692978,1.04356630110764,1.02751942649441,1.21411159905979,1.21411159905979,1.19784776061293,1.23230950835082,1.56430236194497,1.56430236194497,0.680381529332452,1.94320796084079,0.585937186972576,0.585937186972576,0.543587618043974,0.929589242625062,0.800380751198118,0.800380751198118,0.858004170811889,0.847338047340972,0.891838748945701,0.891838748945701,0.959098211947316,0.81451863771654
199,0.918030532334655,0.918030532334655,0.928644442607065,0.921465272617597,1.02284135951496,1.02284135951496,1.04194511482,1.02503463483391,1.20112667116483,1.20112667116483,1.18093538436443,1.21850724844977,1.48563101206833,1.48563101206833,0.612412636249171,1.89186003117443,0.594649938399123,0.594649938399123,0.550161951485242,0.946365249187448,0.80564862947097,0.80564862947097,0.859598672167493,0.844893041236355,0.889577152895175,0.889577152895175,0.957516065662604,0.811236510665138
200,0.916260787728416,0.916260787728416,0.927654079331956,0.919815080116166,1.02017642480801,1.02017642480801,1.04030201477252,1.02278861802761,1.18866303754111,1.18866303754111,1.16422026143849,1.2057145120953,1.40735572537282,1.40735572537282,0.545208813643463,1.84047999583781,0.600350853999486,0.600350853999486,0.555719529179169,0.960962037658806,0.809570922961469,0.809570922961469,0.86082618758373,0.841090387312066,0.88683006985052,0.88683006985052,0.955353514095454,0.80719755117735
201,0.917096345217816,0.917096345217816,0.929650338649573,0.921544110404244,1.02729574264228,1.02729574264228,1.04896653111645,1.02971439548438,1.20079279358761,1.20079279358761,1.17151447265238,1.2157467596704,1.39701385560845,1.39701385560845,0.538625278652561,1.83233246419823,0.60759641159127,0.60759641159127,0.563324449934361,0.9743520081435,0.812343615444756,0.812343615444756,0.861630123736618,0.837070666888847,0.883754450667969,0.883754450667969,0.952785890706925,0.80369950822715
202,0.916573929493245,0.916573929493245,0.932442268244359,0.921184184847011,1.03690521945137,1.03690521945137,1.06316077310383,1.03536592304119,1.22260741921463,1.22260741921463,1.19464960063044,1.22743926255571,1.43236150436553,1.43236150436553,0.662175665896525,1.82844898320465,0.61234368443859,0.61234368443859,0.573246836109942,0.985054197387348,0.814779561652708,0.814779561652708,0.863713877487578,0.831891948869525,0.880207092795547,0.880207092795547,0.949999784151521,0.806789710035177
203,0.915398240966829,0.915398240966829,0.933964735483921,0.919638106043244,1.04122670550198,1.04122670550198,1.07128847432183,1.03701847268583,1.23091685110794,1.23091685110794,1.20363769338589,1.22981722409571,1.42380752981128,1.42380752981128,0.74527872550526,1.80157549310557,0.619161781388892,0.619161781388892,0.587016025038336,0.991862050498951,0.816639307038064,0.816639307038064,0.866334272768922,0.826381922056444,0.876381331761891,0.876381331761891,0.946939810817506,0.809437753509029
204,0.914185262067945,0.914185262067945,0.935266436865983,0.917865760870492,1.04368294356972,1.04368294356972,1.07684981797883,1.03774696393506,1.23321007403233,1.23321007403233,1.20545348886431,1.22901530912781,1.39062469639167,1.39062469639167,0.806453304291882,1.7626174809229,0.622884611236951,0.622884611236951,0.599631769796699,0.993813164994068,0.817191824204701,0.817191824204701,0.868524496597529,0.819714800662382,0.872100211853984,0.872100211853984,0.943365811935285,0.811954746957901
205,0.913299873736173,0.913299873736173,0.936511319896975,0.916297373513504,1.04552386281355,1.04552386281355,1.08147468675599,1.0381417279072,1.23309960828563,1.23309960828563,1.20461832943533,1.22714634126419,1.34578968418349,1.34578968418349,0.858244221995505,1.71689796237796,0.626036717973482,0.626036717973482,0.613840043162262,0.992033325517333,0.817287715613787,0.817287715613787,0.87084681297574,0.812972725027597,0.867651534487927,0.867651534487927,0.93981800800456,0.814296930969882
206,0.912740634985839,0.912740634985839,0.939271501197961,0.914741901634698,1.05080925457677,1.05080925457677,1.09119172588005,1.04005422069849,1.24324188833206,1.24324188833206,1.21701058734972,1.23154120327985,1.33647394811088,1.33647394811088,0.952333555620306,1.6817085816367,0.626356482465789,0.626356482465789,0.629081887120816,0.9875536024175,0.815655796039732,0.815655796039732,0.872381611484065,0.804620944151022,0.862509990921123,0.862509990921123,0.935382799716993,0.816503443689131
207,0.914567649036165,0.914567649036165,0.945396510908823,0.916012315033923,1.06488517170764,1.06488517170764,1.11082429499092,1.04919195404655,1.27459232132718,1.27459232132718,1.25256110751333,1.25366234199552,1.37882267369957,1.37882267369957,1.10584274358456,1.67030558723654,0.62436377131051,0.62436377131051,0.643878680084067,0.980988849331988,0.813590508180044,0.813590508180044,0.875188702544087,0.796606488051491,0.857446694539103,0.857446694539103,0.931349324114132,0.819110038384948
208,0.915085449712029,0.915085449712029,0.950753971479093,0.915456693297381,1.07600777283385,1.07600777283385,1.12858521016232,1.05462413279531,1.30032001151796,1.30032001151796,1.28592011449849,1.27051463871139,1.41785569035698,1.41785569035698,1.26265166299788,1.64608616587942,0.621841886483973,0.621841886483973,0.657216378376552,0.975995038081742,0.811076509409268,0.811076509409268,0.8792409089222,0.788835372337073,0.852163532697573,0.852163532697573,0.926671740561072,0.821721282874859
209,0.916883975086156,0.916883975086156,0.956698690139808,0.916257260813502,1.08817645615136,1.08817645615136,1.14657718447815,1.06180604949431,1.326420901704,1.326420901704,1.31742115798187,1.2893382662799,1.43929789087756,1.43929789087756,1.40623935754479,1.61830875760042,0.620009057574848,0.620009057574848,0.673740489919377,0.970772070854522,0.808444822959913,0.808444822959913,0.884225661336714,0.781223987117627,0.846716948630033,0.846716948630033,0.921850343845732,0.824908131936833
210,0.916274146055055,0.916274146055055,0.960031535557474,0.91415235808852,1.09271022920575,1.09271022920575,1.15721964081613,1.06137754401899,1.33661853561583,1.33661853561583,1.33460006796284,1.29305074925672,1.42946364209033,1.42946364209033,1.52143741569929,1.56394524412449,0.623844569504915,0.623844569504915,0.688172780422124,0.974393840290847,0.807516046169053,0.807516046169053,0.89030509033227,0.776795057055869,0.841860360150713,0.841860360150713,0.916772783533288,0.82833360386754
211,0.917672408449514,0.917672408449514,0.964226769608974,0.914281512870327,1.09954582785751,1.09954582785751,1.16885959076862,1.06449770386445,1.34859269587893,1.34859269587893,1.35094081962782,1.30218037483697,1.4029303794291,1.4029303794291,1.61750419900745,1.50825574036442,0.629736280134991,0.629736280134991,0.701272630010844,0.982004660155295,0.806766631975759,0.806766631975759,0.896940315521712,0.772342369998893,0.837125492497962,0.837125492497962,0.911803111878215,0.832780490076534
212,0.919160771394054,0.919160771394054,0.96825325550478,0.914504598402539,1.10517948498425,1.10517948498425,1.17880005809578,1.06723108503327,1.35745433551365,1.35745433551365,1.36257852085161,1.3095132202337,1.35972318689532,1.35972318689532,1.69748167228623,1.44625603677777,0.635906538212626,0.635906538212626,0.715165760624097,0.991164321852639,0.806310615052551,0.806310615052551,0.902850586449978,0.768224306665242,0.832034968028992,0.832034968028992,0.906390774328516,0.837287196029189
213,0.922790302738276,0.922790302738276,0.973421442476725,0.917482630148329,1.11379006342303,1.11379006342303,1.19007196630788,1.07425936464683,1.3684275285014,1.3684275285014,1.3732452559065,1.32217636222279,1.31120280678681,1.31120280678681,1.75994534969849,1.38312845838448,0.646457769272174,0.646457769272174,0.728539800679758,1.00196596110716,0.805770091922479,0.805770091922479,0.908527269988266,0.764290651635546,0.827981124775859,0.827981124775859,0.900645674537833,0.842682640233534
214,0.924823922977572,0.924823922977572,0.977395505282565,0.918165933661729,1.11818657201694,1.11818657201694,1.19810533181338,1.07684500333016,1.37269358738715,1.37269358738715,1.37897361969327,1.32652019607377,1.35281617506923,1.35281617506923,1.81732244993492,1.3076548141547,0.651291464955252,0.651291464955252,0.740920408806234,1.01012954412617,0.804735438839301,0.804735438839301,0.91334012795499,0.759906350347748,0.831568089579494,0.831568089579494,0.894763612572183,0.847350491504238
215,0.926787635938979,0.926787635938979,0.980974186615,0.918924808733409,1.12141203229742,1.12141203229742,1.20426378943085,1.07863051540425,1.37600743879592,1.37600743879592,1.38004293711546,1.32845527975654,1.38045214363723,1.38045214363723,1.86133789425614,1.22527375242705,0.65578777918335,0.65578777918335,0.752500142106916,1.01484947320417,0.805886196631766,0.805886196631766,0.917809694549861,0.754693684994176,0.835113916878981,0.835113916878981,0.888611253249885,0.851691858766257
216,0.928818140533578,0.928818140533578,0.984632857432287,0.919691369048304,1.12385216731212,1.12385216731212,1.20944347083707,1.08022214450357,1.38096678215982,1.38096678215982,1.37911726026045,1.32914747190398,1.40110320795353,1.40110320795353,1.89616797993946,1.13847333213628,0.651589623738619,0.651589623738619,0.759777173371968,1.01356425282813,0.809649401708334,0.809649401708334,0.921068288392428,0.747796175995337,0.838410932093976,0.838410932093976,0.882210416101966,0.855383766751234
217,0.929276588177964,0.929276588177964,0.987210955440733,0.91894026461143,1.12281243524324,1.12281243524324,1.21186495569673,1.0774377735933,1.38060483442572,1.38060483442572,1.37466348465103,1.32253349804368,1.42041854919149,1.42041854919149,1.93105407876322,1.04528701572318,0.641483137887706,0.641483137887706,0.760571539225253,1.00611760440988,0.81135218959996,0.81135218959996,0.922635301562098,0.739329170622582,0.841198776712585,0.841198776712585,0.875293279338622,0.857997692717495
218,0.930832015374608,0.930832015374608,0.990561339230378,0.919851478281948,1.12274496854179,1.12274496854179,1.21395882840707,1.07662701928169,1.3801641813595,1.3801641813595,1.36859245212303,1.31887958705878,1.42874049673214,1.42874049673214,1.95339827796419,0.951922160460796,0.631450776238231,0.631450776238231,0.760932787199502,0.996442012895256,0.814423393561817,0.814423393561817,0.925634436780866,0.732322514498433,0.844763722747681,0.844763722747681,0.869160292766168,0.861579260803337
219,0.932943117802963,0.932943117802963,0.994282610514071,0.921461728866559,1.12270938642126,1.12270938642126,1.21575759965777,1.07583249689803,1.37861959677867,1.37861959677867,1.36092778656181,1.31481886139073,1.43459332039115,1.43459332039115,1.97125877127822,0.860238546029148,0.630081971478025,0.630081971478025,0.768143101496336,0.993436412572681,0.819983938503543,0.819983938503543,0.931199488432836,0.728854054584376,0.849286431509911,0.849286431509911,0.864120758311884,0.866350719755958
220,0.936766890121263,0.936766890121263,0.999268223460441,0.924489501214269,1.12497624615469,1.12497624615469,1.21900161360534,1.07788384671872,1.3804051975341,1.3804051975341,1.35579516085813,1.31489012909189,1.43820112591851,1.43820112591851,1.9889254750542,0.768022447310169,0.620111767791192,0.620111767791192,0.764852002271478,0.986694333277661,0.824463802485729,0.824463802485729,0.934991614282491,0.724820399179467,0.854033624302613,0.854033624302613,0.858833494459165,0.871932269829475
221,0.943366000844542,0.943366000844542,1.00635916647571,0.93026259187364,1.13045281143451,1.13045281143451,1.22414832358579,1.08398615146595,1.38484953821367,1.38484953821367,1.35138110520103,1.32033499372709,1.43660334103534,1.43660334103534,1.99870043172497,0.674085954504035,0.616820719726403,0.616820719726403,0.763958103380243,0.980638406437234,0.831067280657702,0.831067280657702,0.941342691233166,0.723541081917667,0.860697712009577,0.860697712009577,0.854916140212716,0.880176611496764
222,0.947492029644011,0.947492029644011,1.01177506694969,0.932934772287374,1.13101526615916,1.13101526615916,1.22495608032312,1.08453321680138,1.38138595913619,1.38138595913619,1.34105538643944,1.31665520066827,1.42487095945259,1.42487095945259,1.99935878522406,0.571165094457746,0.631965656902038,0.631965656902038,0.782479655861764,0.985878211761499,0.84328841243281,0.84328841243281,0.95416443740047,0.726124332862666,0.868861170445423,0.868861170445423,0.853204256953946,0.888485108912025
223,0.951467378076822,0.951467378076822,1.01746558589781,0.934684574080029,1.1315124780649,1.1315124780649,1.2262368402392,1.08435112302652,1.37825063150535,1.37825063150535,1.33233780553187,1.31215454107558,1.4150505728767,1.4150505728767,2.00539201101995,0.46577288086614,0.648359736449906,0.648359736449906,0.800162635718377,0.988428920368587,0.855577551004077,0.855577551004077,0.967069394411168,0.728974681187996,0.877040525358067,0.877040525358067,0.851790909785249,0.896398174144814
224,0.954066877284212,0.954066877284212,1.02179257110134,0.934823335415855,1.1295802992559,1.1295802992559,1.22496690762101,1.08094726740997,1.37001809006332,1.37001809006332,1.32127393215551,1.3021720950266,1.39959486733876,1.39959486733876,2.00592400312164,0.357218389264236,0.667310602354137,0.667310602354137,0.81774092960047,0.990288214615754,0.867184429810128,0.867184429810128,0.979548533301745,0.733088877103822,0.884241709904443,0.884241709904443,0.849785441570094,0.902982082898731
225,0.955857496709921,0.955857496709921,1.02531765585177,0.934010087248429,1.12639334161638,1.12639334161638,1.2223982175836,1.0760776309512,1.3597291676456,1.3597291676456,1.3092524957991,1.28992987406424,1.3807765853931,1.3807765853931,2.00170018758776,0.261385573738761,0.687555816421613,0.687555816421613,0.835266066873739,0.991673674288257,0.87850600884286,0.87850600884286,0.991547499604989,0.738089264190057,0.891186322093026,0.891186322093026,0.849164707576616,0.909049522191988
226,0.959657512237407,0.959657512237407,1.03030092181405,0.937245040944475,1.12646080831783,1.12646080831783,1.22162360504808,1.07517915453883,1.35183189518944,1.35183189518944,1.29860289724136,1.28229404893969,1.35599359193977,1.35599359193977,1.99185992649732,0.231830607618241,0.706082878035105,0.706082878035105,0.851465000998302,0.989550758584226,0.888801397589788,0.888801397589788,1.00260571073033,0.742926790014509,0.898640346547407,0.898640346547407,0.856119697484155,0.916315923729461
227,0.961400014425327,0.961400014425327,1.0338577761945,0.937729595529177,1.12356874286103,1.12356874286103,1.21868695965829,1.07012820831603,1.34054351789706,1.34054351789706,1.28789228051341,1.2690981778178,1.32955043365224,1.32955043365224,1.98332070996296,0.203151630354721,0.726106716684831,0.726106716684831,0.868439045265811,0.988296846544888,0.899028901307427,0.899028901307427,1.01388706124738,0.749109195041049,0.905181478228591,0.905181478228591,0.863213002492726,0.921885207474997
228,0.965638673780593,0.965638673780593,1.03930683315273,0.94130338305941,1.12431658364893,1.12431658364893,1.21847407079304,1.06972095824546,1.33308828991575,1.33308828991575,1.2799698942754,1.26168658222461,1.30267523644463,1.30267523644463,1.97268962827825,0.178608803099554,0.741013658666608,0.741013658666608,0.882989310895284,0.984832934268363,0.908804467291959,0.908804467291959,1.02434190047241,0.756120455234039,0.912279872718909,0.912279872718909,0.870768547645393,0.928750642719235
229,0.969531788666182,0.969531788666182,1.04445671364881,0.944814130247383,1.12425402020657,1.12425402020657,1.21737708698112,1.06878923396637,1.32375883449834,1.32375883449834,1.27136161973894,1.25283975816765,1.27293452212162,1.27293452212162,1.95839539339438,0.174940665016291,0.755545658499402,0.755545658499402,0.899569019911623,0.981084352913666,0.918016739741975,0.918016739741975,1.03478890369873,0.763460139004314,0.919550308977556,0.919550308977556,0.880817305252942,0.935761505265899
230,0.970846941238348,0.970846941238348,1.04720505334828,0.945291170372053,1.11992363862582,1.11992363862582,1.21333680590224,1.06308500345924,1.30890524480184,1.30890524480184,1.25968309693086,1.23783643510664,1.23909818445316,1.23909818445316,1.93983460309221,0.182664558421388,0.76791974660241,0.76791974660241,0.9134616081105,0.978202144271001,0.926783223685752,0.926783223685752,1.04476531166948,0.770223025030258,0.925521772153185,0.925521772153185,0.891869674930729,0.940952957583298
231,0.977217908878688,0.977217908878688,1.05418957130342,0.951841943601083,1.12303594883475,1.12303594883475,1.2148603737328,1.06641553954436,1.30140161999832,1.30140161999832,1.25090309021224,1.23337398530553,1.20590577950668,1.20590577950668,1.92184987210174,0.195150009850742,0.779250112765873,0.779250112765873,0.926495554352566,0.977977197818287,0.9344635471609,0.9344635471609,1.05339747271946,0.77612930870154,0.933643985676255,0.933643985676255,0.903681496702281,0.949771734242539
232,0.978519488923643,0.978519488923643,1.05737028947995,0.95221064314432,1.11924771230443,1.11924771230443,1.21158805331228,1.06129429368371,1.28761741858457,1.28761741858457,1.24077499198386,1.21930493151459,1.17631985987695,1.17631985987695,1.9082673492062,0.210288485935207,0.790350128832488,0.790350128832488,0.939493701245832,0.979802289680831,0.942183871052409,0.942183871052409,1.06290589743419,0.781553699834188,0.939266531927009,0.939266531927009,0.914942533636547,0.954657555308819
233,0.982333894835073,0.982333894835073,1.06247960982381,0.956239397072878,1.12196961055676,1.12196961055676,1.2127912943828,1.06391323830863,1.28633732263712,1.28633732263712,1.23754109016445,1.22031543637203,1.17994317787891,1.17994317787891,1.91274070195345,0.257753456651406,0.798267125379012,0.798267125379012,0.950661742035321,0.979510253935203,0.948540223364395,0.948540223364395,1.07083256983883,0.78581362987571,0.945721065402659,0.945721065402659,0.926211572984568,0.960965642841244
234,0.983540330880093,0.983540330880093,1.06516093245955,0.957112312614709,1.12169556392358,1.12169556392358,1.21175927435824,1.06331239563768,1.28385099639211,1.28385099639211,1.23481253140566,1.21929186781377,1.19397965701783,1.19397965701783,1.92148512302604,0.317791582091343,0.804961903590597,0.804961903590597,0.959519911205682,0.977377077515784,0.953861252875426,0.953861252875426,1.07775772698037,0.789613828296617,0.950556172156576,0.950556172156576,0.936898681410118,0.965102219478679
235,0.986999650659961,0.986999650659961,1.06956788581171,0.960893985973906,1.12492568631925,1.12492568631925,1.21323731570483,1.0669741617802,1.28452982231963,1.28452982231963,1.23317997404319,1.222494682463,1.20802900821014,1.20802900821014,1.93161792667937,0.378233769137548,0.806784095843013,0.806784095843013,0.96456436490015,0.973747678316736,0.957627502123711,0.957627502123711,1.08332582596517,0.791586763876126,0.956031326918903,0.956031326918903,0.947656170776776,0.970511099591115
236,0.988017376000239,0.988017376000239,1.07182645260513,0.961434301267712,1.12653741169329,1.12653741169329,1.2139772866463,1.06811945641715,1.28746678347544,1.28746678347544,1.23553458995345,1.22618373664306,1.24237131659248,1.24237131659248,1.95551138032417,0.453355034059541,0.807506723708163,0.807506723708163,0.967955268370146,0.966647263268971,0.96022838155529,0.96022838155529,1.08822301420368,0.792629002286435,0.959562143862763,0.959562143862763,0.957366322654161,0.973264462327533
237,0.989246809397679,0.989246809397679,1.07422788672065,0.962447664629296,1.13057772396911,1.13057772396911,1.21671083381255,1.07203489361967,1.29688038886747,1.29688038886747,1.24299569840924,1.23670578100085,1.29703892732463,1.29703892732463,1.99141659974592,0.548059713756662,0.804683356143037,0.804683356143037,0.969385886286185,0.954628282217133,0.961368789163916,0.961368789163916,1.09163783049662,0.791908803144619,0.962567249281676,0.962567249281676,0.966867202776185,0.975558693555014
238,0.990960550290489,0.990960550290489,1.07675439375167,0.964075249706936,1.1373425334925,1.1373425334925,1.22156195280129,1.07851587559829,1.31295732923739,1.31295732923739,1.25605046554383,1.25319628066925,1.37086939497002,1.37086939497002,2.04098132694819,0.660651428139027,0.79884250202785,0.79884250202785,0.968006797735842,0.940085954465905,0.961145407843322,0.961145407843322,1.09378284185651,0.79025367109027,0.965143015566234,0.965143015566234,0.976109961876158,0.977440861741389
239,0.995164937554088,0.995164937554088,1.08105876256311,0.969011694902872,1.14787042020045,1.14787042020045,1.22905208167174,1.09022475794802,1.33308653553095,1.33308653553095,1.27011971330973,1.27643464179832,1.44918956882606,1.44918956882606,2.09041624170648,0.77951314500471,0.789379201512293,0.789379201512293,0.962950410925108,0.925589142195753,0.959651815432088,0.959651815432088,1.09522877018904,0.787764465924785,0.969052555328966,0.969052555328966,0.985759922936423,0.98138345923867
240,0.997338274985266,0.997338274985266,1.08315186697855,0.971555681190201,1.15702255422681,1.15702255422681,1.2354802426724,1.10001905681092,1.35485270383973,1.35485270383973,1.28686317265774,1.29987024641013,1.54182181578455,1.54182181578455,2.14693111123119,0.912913771088192,0.786629958148606,0.786629958148606,0.962189945970307,0.91424394812099,0.959051809186665,0.959051809186665,1.09692091057613,0.786105220902271,0.97153345294371,0.97153345294371,0.994942635147582,0.98352707136909
241,0.999383384164383,0.999383384164383,1.08490570417643,0.973935993144949,1.16479306773694,1.16479306773694,1.24052135770238,1.10842310120832,1.37193097446117,1.37193097446117,1.29924104815489,1.31918692135355,1.61169726251379,1.61169726251379,2.18777584015196,1.03184726892398,0.791913717368673,0.791913717368673,0.964008118957819,0.905674409106028,0.959400610382,0.959400610382,1.09940025788078,0.785175567322008,0.974139401052461,0.974139401052461,1.00419932650747,0.985555465595528
242,1.00439776115809,1.00439776115809,1.08883681717352,0.979943142156011,1.17473610013231,1.17473610013231,1.24673752251394,1.1195173771414,1.38655032353818,1.38655032353818,1.30776143694168,1.33701611302993,1.66081602807844,1.66081602807844,2.21389681162372,1.13305817575149,0.798672647916033,0.798672647916033,0.966559907388531,0.89983948228932,0.960073615865197,0.960073615865197,1.10157655104502,0.784523999499708,0.978521485069765,0.978521485069765,1.01440433268285,0.990188143883907
243,1.00674837877252,1.00674837877252,1.09046937930288,0.982640256914398,1.18059568228946,1.18059568228946,1.2502026897802,1.12507810462901,1.39502176379384,1.39502176379384,1.31315833191213,1.34624656830098,1.68877148761256,1.68877148761256,2.22980932188278,1.21781688423075,0.809618764855893,0.809618764855893,0.969490301053516,0.89144911115073,0.960343877430233,0.960343877430233,1.10323050648604,0.782980163136128,0.980553844258075,0.980553844258075,1.02343430817682,0.991784934523502
244,1.00958038296543,1.00958038296543,1.0924757733245,0.985707074567219,1.18613325697325,1.18613325697325,1.25332106675778,1.12982090555778,1.40021347240038,1.40021347240038,1.31632013803995,1.35190928394697,1.70176863095369,1.70176863095369,2.2363132173375,1.29038118048672,0.827789498469642,0.827789498469642,0.976160641839292,0.886694190402315,0.961429916131994,0.961429916131994,1.10565997703703,0.78228359821436,0.983126629953233,0.983126629953233,1.03318850211551,0.993751084267026
245,1.01486476951769,1.01486476951769,1.09665346900402,0.991984573356265,1.19405038596801,1.19405038596801,1.25773123252137,1.13812192512449,1.40441425607218,1.40441425607218,1.32172168434535,1.35815042101263,1.70018833886102,1.70018833886102,2.23304852728435,1.35288204575556,0.843926303883367,0.843926303883367,0.982010038467372,0.878231994256016,0.961659690213194,0.961659690213194,1.10699862681586,0.780635587119818,0.986852366702978,0.986852366702978,1.04337301290026,0.997777035741886
246,1.01790431459297,1.01790431459297,1.09934492634376,0.995456296587024,1.19825001397328,1.19825001397328,1.25964029247138,1.14276222389646,1.40474002718168,1.40474002718168,1.34076645285712,1.35881292850657,1.70153231325562,1.70153231325562,2.22347213852379,1.40896021084104,0.85303294400366,0.85303294400366,0.988177018712453,0.867585055018098,0.960269234339732,0.960269234339732,1.10644183557452,0.779563452955838,0.98944233777846,0.98944233777846,1.05204397363043,0.999132236772957
247,1.02058994190346,1.02058994190346,1.10213685593855,0.998574669413078,1.20176369478888,1.20176369478888,1.26093550798198,1.14692799285359,1.40278213373918,1.40278213373918,1.35846845441361,1.35760064160366,1.71132629561944,1.71132629561944,2.20764404617309,1.45739670435991,0.862261240885058,0.862261240885058,0.999882592148309,0.854251650015666,0.957842603297234,0.957842603297234,1.10586470805082,0.796700411055836,0.992864376635306,0.992864376635306,1.06033473335032,0.999586461750703
248,1.02340239542589,1.02340239542589,1.1049519353309,1.00189123612249,1.20489267071992,1.20489267071992,1.26162134243398,1.15093605948392,1.39910820997316,1.39910820997316,1.37423152251929,1.35471313439994,1.71285113886675,1.71285113886675,2.1849581933619,1.50202175887701,0.877653480329171,0.877653480329171,1.01860429553448,0.845924421740996,0.956983720688997,0.956983720688997,1.10588771852321,0.815082125207538,0.9965787817749,0.9965787817749,1.06879645111079,1.00048817948898
249,1.02664543104544,1.02664543104544,1.10802902349198,1.00580210695929,1.20869623328409,1.20869623328409,1.26242872482323,1.15619296825578,1.39441777145266,1.39441777145266,1.38891884701634,1.35173344530735,1.7137709956049,1.7137709956049,2.15895800852001,1.54339839821969,0.891917901766636,0.891917901766636,1.03881221431021,0.838237304249311,0.955253657018786,0.955253657018786,1.10515685616777,0.833386982103396,1.00044444511349,1.00044444511349,1.07699762985368,1.00153603768828
250,1.03433795780236,1.03433795780236,1.1146399869257,1.01554859644817,1.21740302813465,1.21740302813465,1.26707470107208,1.16799108265306,1.39336883082729,1.39336883082729,1.40546284977788,1.3548215692499,1.71884522506036,1.71884522506036,2.1358787364001,1.59055197003648,0.908402060501006,0.908402060501006,1.06339253536885,0.832908835820292,0.95357893639039,0.95357893639039,1.10429551821484,0.852290981824358,1.00815735121115,1.00815735121115,1.08759224995049,1.00768677390643
251,1.03721192583478,1.03721192583478,1.11721644204529,1.01981885914476,1.22086006693005,1.22086006693005,1.26782489459533,1.17365254101374,1.38935667377006,1.38935667377006,1.42077382036767,1.35266421865748,1.73281305324789,1.73281305324789,2.10647157220042,1.63526394478284,0.921865408730094,0.921865408730094,1.08629598238486,0.826890794698217,0.951055805104463,0.951055805104463,1.10248745479929,0.870835066137166,1.01263744560061,1.01263744560061,1.09531883950073,1.00845056677078
252,1.04066861678943,1.04066861678943,1.12026186725745,1.02435823344126,1.22399606282764,1.22399606282764,1.26879183564851,1.17964999157168,1.38324179577986,1.38324179577986,1.43533916972607,1.34784463303548,1.75463976510681,1.75463976510681,2.07431047283962,1.67114607714105,0.934251463071899,0.934251463071899,1.11458587535925,0.822225852530886,0.948633740319542,0.948633740319542,1.10080047622087,0.889389954664853,1.01893935141726,1.01893935141726,1.1034101721613,1.00945095713344
253,1.04393124202502,1.04393124202502,1.12312002447586,1.02877735502934,1.22623101118641,1.22623101118641,1.26908693710814,1.18528490971385,1.3746943120173,1.3746943120173,1.44712620328218,1.34046952993988,1.77387919423506,1.77387919423506,2.03245379087912,1.69787731040847,0.941947084200673,0.941947084200673,1.14804172284827,0.814656075527986,0.945026883902359,0.945026883902359,1.09756109923227,0.906918381391458,1.02528687904824,1.02528687904824,1.11094487649542,1.00987996482296
254,1.04729312001699,1.04729312001699,1.12590429436805,1.03332187416921,1.22811273733504,1.22811273733504,1.26886949847409,1.19069025786973,1.36413388342698,1.36413388342698,1.45749898620916,1.3314180412368,1.78618784774634,1.78618784774634,1.98577891697972,1.7195295832529,0.948675434359995,0.948675434359995,1.18320943010716,0.807733512880262,0.940569607674313,0.940569607674313,1.09351666666239,0.924126610477105,1.03156316790735,1.03156316790735,1.11806394467057,1.01027659511189
255,1.05024616700637,1.05024616700637,1.12814645360909,1.03740822472608,1.22933793584847,1.22933793584847,1.26790002337248,1.19545544666334,1.35111168997893,1.35111168997893,1.46567376856949,1.32011665206088,1.79206245488031,1.79206245488031,1.93292401507273,1.73376388013574,0.95650434609315,0.95650434609315,1.22169834058876,0.800949075247362,0.935543071335186,0.935543071335186,1.08813644507512,0.940631644781855,1.03741922051325,1.03741922051325,1.12450266374835,1.01032842747919
256,1.05318562199577,1.05318562199577,1.13038118784594,1.0414609096481,1.23016524694475,1.23016524694475,1.2665021213079,1.2000285237659,1.33641042928033,1.33641042928033,1.47234457849776,1.30717598309437,1.79162975585494,1.79162975585494,1.87636189275655,1.7429771634151,0.964068338595153,0.964068338595153,1.25906391089819,0.792174321924661,0.92923566930441,0.92923566930441,1.08198431542491,0.95663231869203,1.04303730930598,1.04303730930598,1.13058933419228,1.01001717653828
257,1.05571721962154,1.05571721962154,1.13195641955497,1.04521880144912,1.23011583924123,1.23011583924123,1.26398045514672,1.20380272286908,1.31942768188672,1.31942768188672,1.47660954662965,1.29265564897196,1.78596902283877,1.78596902283877,1.81334896800976,1.7473926066526,0.970500856739763,0.970500856739763,1.29461076580572,0.783133316192433,0.922436024706993,0.922436024706993,1.07471020757912,0.971479765439049,1.04806583214501,1.04806583214501,1.13579334991343,1.00934794850475
258,1.05867061712095,1.05867061712095,1.13386869951479,1.04919975743446,1.23037723921711,1.23037723921711,1.26176062871034,1.20792371609653,1.30543476917719,1.30543476917719,1.48074109489086,1.27810471021713,1.77788438315414,1.77788438315414,1.74838195451024,1.75130401696909,0.975525347452554,0.975525347452554,1.32790904191859,0.771587380429459,0.917359563951707,0.917359563951707,1.06676431832051,0.986017941535159,1.05302907739096,1.05302907739096,1.14110174244131,1.00855169266076
259,1.06139548208184,1.06139548208184,1.13570380637066,1.05282845175789,1.22998321010217,1.22998321010217,1.25900234577576,1.21104010107502,1.30987929134484,1.30987929134484,1.48298065146311,1.26148670146894,1.76246993419757,1.76246993419757,1.67827075790371,1.74782198736468,0.975687224071841,0.975687224071841,1.35699519919658,0.754173104750953,0.931637764322868,0.931637764322868,1.05751305118234,0.998395397430654,1.05760489971925,1.05760489971925,1.14584685715504,1.00702473451162
260,1.06438239223452,1.06438239223452,1.13777181939261,1.05641282784544,1.23044990390905,1.23044990390905,1.25605565058022,1.21360097082358,1.31320457650286,1.31320457650286,1.4847762503556,1.24326596675967,1.74058612323004,1.74058612323004,1.60557047997596,1.73828738636095,0.985299105385798,0.985299105385798,1.38304275114162,0.735112641991008,0.945051419926398,0.945051419926398,1.04755604663696,1.01010243951539,1.06189147061498,1.06189147061498,1.15068777054853,1.00533064051216
261,1.06726868653628,1.06726868653628,1.13967631163251,1.05985250788157,1.23229923639523,1.23229923639523,1.25324766574094,1.21593691657594,1.31586210650643,1.31586210650643,1.48621534890559,1.22421712834893,1.71576121309004,1.71576121309004,1.52997238479173,1.72730463691305,1.00781591045163,1.00781591045163,1.40583717286811,0.712660881248045,0.957522660849777,0.957522660849777,1.03694915172277,1.02006822276468,1.06562324909999,1.06562324909999,1.15503981706151,1.00293425644632
262,1.07051618142231,1.07051618142231,1.14188951762444,1.06363136331826,1.23475528690662,1.23475528690662,1.25078434028596,1.21881952113959,1.31922024100752,1.31922024100752,1.48772550271698,1.20580773662694,1.68955305228997,1.68955305228997,1.45266230504475,1.71475158086094,1.03395383233575,1.03395383233575,1.42996945965238,0.691999220697205,0.969978376497398,0.969978376497398,1.02583142432155,1.03067526072206,1.06949320878367,1.06949320878367,1.15938429294565,1.00059963191553
263,1.07358528617665,1.07358528617665,1.14370450442584,1.0676358019912,1.23619014663482,1.23619014663482,1.24770273580681,1.22102967670973,1.32007474739967,1.32007474739967,1.48708214965253,1.18513446075236,1.65674152810266,1.65674152810266,1.37070658568725,1.69890364777012,1.06045971606289,1.06045971606289,1.45024545143226,0.68117416596398,0.982774065242376,0.982774065242376,1.01384191096912,1.0432037914631,1.07357347455905,1.07357347455905,1.16325124349972,0.999148411210085
264,1.076086915195,1.076086915195,1.14494307193602,1.07133298037083,1.23629957237298,1.23629957237298,1.24348864204153,1.2221696574955,1.31825000571427,1.31825000571427,1.48398179010735,1.16197975637405,1.61731970942245,1.61731970942245,1.2973155675157,1.67682904179976,1.0846960031648,1.0846960031648,1.46351616154934,0.676903603600881,0.995219065405553,0.995219065405553,0.99991553774623,1.05694877857938,1.07724086157216,1.07724086157216,1.16602609486167,0.999574166896378
265,1.07893317346239,1.07893317346239,1.14643016372456,1.07540261552371,1.23635720576249,1.23635720576249,1.23932073706832,1.22334030181599,1.31575859780293,1.31575859780293,1.48038367652172,1.1385857348099,1.57520895179508,1.57520895179508,1.23704118095303,1.65440388367357,1.10964261949754,1.10964261949754,1.4752038353108,0.676699704769474,1.00802747878831,1.00802747878831,0.986010931186408,1.0717243404649,1.08133130431495,1.08133130431495,1.1690302815847,1.00241473466683
266,1.08155917512249,1.08155917512249,1.14757901243404,1.0793380791388,1.23587105968189,1.23587105968189,1.23504044128745,1.22431749872328,1.31303331224826,1.31303331224826,1.47624429443324,1.1151659538357,1.52956630075007,1.52956630075007,1.17576917646715,1.63036613342624,1.13005934965444,1.13005934965444,1.48216924951698,0.675968826119604,1.02037183863452,1.02037183863452,0.971295174379651,1.08592187685441,1.08502575830208,1.08502575830208,1.17132622590485,1.00499554154755
267,1.07880562675761,1.07880562675761,1.14410332103049,1.0766116750646,1.23059630504355,1.23059630504355,1.22754458201199,1.21873110214032,1.30870288558897,1.30870288558897,1.47073423737981,1.09012449533444,1.48191692958737,1.48191692958737,1.11310905486564,1.6041822626836,1.14749515676872,1.14749515676872,1.48678492464742,0.672656456716486,1.02967294001524,1.02967294001524,0.95550594794073,1.09453001228402,1.08235305573163,1.08235305573163,1.16901853703502,1.00023112860193
268,1.08066317412596,1.08066317412596,1.14427369073883,1.07963624522764,1.22847911528401,1.22847911528401,1.22182344932304,1.21795307302155,1.30199865529631,1.30199865529631,1.46290377620866,1.06317843511898,1.42826258049358,1.42826258049358,1.04750996891397,1.57415380318209,1.15865367444723,1.15865367444723,1.4843676549819,0.6695540373359,1.0385977208883,1.0385977208883,0.937872960758816,1.10626780954861,1.08483134868717,1.08483134868717,1.16992917142027,1.00220546540622
269,1.08291878404992,1.08291878404992,1.14525148698097,1.08279005556407,1.22650232485551,1.22650232485551,1.21666470261248,1.21722173610338,1.29519847830362,1.29519847830362,1.45524669966761,1.03640913352207,1.37348671249192,1.37348671249192,0.984054513811143,1.54187246530609,1.1709130860951,1.1709130860951,1.48607897233738,0.671837441152395,1.04853127938495,1.04853127938495,0.921556234788,1.11860333772387,1.08780656765562,1.08780656765562,1.17159825040116,1.00450705643049
270,1.08520430416297,1.08520430416297,1.14641234798173,1.08580845618464,1.22428650724529,1.22428650724529,1.21182210724123,1.21608163916786,1.28792225806847,1.28792225806847,1.4473017911762,1.00900707041664,1.31541262834948,1.31541262834948,0.922761537580733,1.50854965080929,1.18810890364239,1.18810890364239,1.4925448229035,0.67878289308829,1.05953455982295,1.05953455982295,0.910398207964864,1.13111897707216,1.09111781451369,1.09111781451369,1.17409382328024,1.00732611533746
271,1.08630377623099,1.08630377623099,1.14692294503748,1.08719071122054,1.22077167429778,1.22077167429778,1.20652211612596,1.21335272976452,1.27976352178032,1.27976352178032,1.43853690129614,0.98290892411561,1.25397827816787,1.25397827816787,0.860545273660873,1.47220864228582,1.20977843252227,1.20977843252227,1.5061103352338,0.6895408585286,1.07199319787542,1.07199319787542,0.920395511932156,1.14298814376767,1.09336528632976,1.09336528632976,1.17651302780074,1.00825256541611
272,1.08738463232194,1.08738463232194,1.14761775900766,1.08855556771972,1.21664610426025,1.21664610426025,1.20112128140104,1.2096877695038,1.26950291150359,1.26950291150359,1.42806197260578,0.984002288408747,1.18800636414123,1.18800636414123,0.797209012397198,1.43381287086535,1.23888564360574,1.23888564360574,1.52803038498658,0.705416026899065,1.08620095611305,1.08620095611305,0.933262346187249,1.15605430697411,1.09677046203217,1.09677046203217,1.18019105806176,1.01090371826147
273,1.08956180589065,1.08956180589065,1.14921761271336,1.09133058095725,1.21299866896745,1.21299866896745,1.19609220310117,1.20719162420496,1.25839463088585,1.25839463088585,1.41651344236894,0.988296382065541,1.11820055852133,1.11820055852133,0.737363617469425,1.39380450732375,1.26294509628986,1.26294509628986,1.54664577515511,0.725441786191181,1.09981400496404,1.09981400496404,0.946827517184105,1.16939880148885,1.10094379738286,1.10094379738286,1.18445910801598,1.01473041322251
274,1.09131854268028,1.09131854268028,1.15046166363182,1.09360297928852,1.20859838245261,1.20859838245261,1.19122121486895,1.2037988608898,1.24645465087844,1.24645465087844,1.40417375677973,0.991422470471957,1.04599494007649,1.04599494007649,0.698491825324962,1.35331351464132,1.28214392925362,1.28214392925362,1.56078868758839,0.742800022577959,1.11262034831003,1.11262034831003,0.966517267454772,1.18163641646677,1.10438935872902,1.10438935872902,1.18830081354536,1.02040053759458
275,1.09076911821074,1.09076911821074,1.14976987940473,1.0929228566119,1.20289080132694,1.20289080132694,1.18590815036739,1.19811324338056,1.23493354536725,1.23493354536725,1.3921666416388,0.995382366449203,0.974689045158103,0.974689045158103,0.672177064315162,1.31255627981523,1.29948201208439,1.29948201208439,1.57302338624779,0.757262895558754,1.12220711476467,1.12220711476467,0.989423633003513,1.18953926993761,1.10456486442557,1.10456486442557,1.18971286535932,1.02362869280287
276,1.09258875207769,1.09258875207769,1.15115769376648,1.09526121994743,1.19813410414388,1.19813410414388,1.18093965886212,1.19428817068567,1.22219435233707,1.22219435233707,1.37937228805912,0.99808152329986,0.899944661722281,0.899944661722281,0.64754083926292,1.27177555303529,1.30883429249554,1.30883429249554,1.5804221895402,0.766949273979295,1.13319206928894,1.13319206928894,1.01294767425973,1.20020075868247,1.10777259621936,1.10777259621936,1.19350131741588,1.03099157043623
277,1.09340434996825,1.09340434996825,1.15177409713201,1.09612963108282,1.19242815743791,1.19242815743791,1.17534833856388,1.1892172467054,1.20878613373586,1.20878613373586,1.36627627092781,1.00036166041356,0.824847452002611,0.824847452002611,0.626191603333959,1.23145944489821,1.31826568304098,1.31826568304098,1.58798480197408,0.77698820005672,1.14302985814336,1.14302985814336,1.0355614958568,1.20905671579087,1.109312352592,1.109312352592,1.19642219843601,1.03626161283173
278,1.09337323246684,1.09337323246684,1.15175329431853,1.09622151243503,1.18601105060896,1.18601105060896,1.1691103751765,1.18300413509405,1.19399437097972,1.19399437097972,1.35190303394282,1.00115701286509,0.753771933834573,0.753771933834573,0.607731955242737,1.18850675647372,1.32042126800211,1.32042126800211,1.58888737949533,0.780500258766984,1.14984107059331,1.14984107059331,1.05570281110048,1.21598700575985,1.11040826966564,1.11040826966564,1.19794792482519,1.04173747280021
279,1.09492529087265,1.09492529087265,1.15301232326269,1.09808932540683,1.18009230781766,1.18009230781766,1.16308532945037,1.17798794668475,1.17879129573083,1.17879129573083,1.33745139748336,1.00191783544075,0.689373050742278,0.689373050742278,0.589765275880471,1.14573130178996,1.31696668134042,1.31696668134042,1.5861034377118,0.782037261312895,1.15731323360644,1.15731323360644,1.07613517772464,1.2240931135231,1.11366310014237,1.11366310014237,1.20086975577214,1.0490836339959
280,1.09618884057953,1.09618884057953,1.15407565640662,1.09975277495281,1.17434726900788,1.17434726900788,1.15718687096239,1.17293380634375,1.16475337397665,1.16475337397665,1.32427594044741,1.00360090622845,0.634618306110276,0.634618306110276,0.582623467740947,1.10745586137756,1.31049992645703,1.31049992645703,1.58043764834991,0.780114824201808,1.16413223913598,1.16413223913598,1.0955251699496,1.23141481073111,1.11692265659869,1.11692265659869,1.20355971821985,1.05651457548637
281,1.09779657166152,1.09779657166152,1.15544106773847,1.10159778836974,1.16981424617892,1.16981424617892,1.15249951485431,1.16907333701172,1.15462125726288,1.15462125726288,1.31508300534924,1.00862135391697,0.602140465153066,0.602140465153066,0.585831348258287,1.07784477558951,1.3014873542695,1.3014873542695,1.57243812113636,0.777218671510026,1.1708090209629,1.1708090209629,1.11484264809129,1.23892459949814,1.12099722971684,1.12099722971684,1.20624565067503,1.0641560413966
282,1.09624990721559,1.09624990721559,1.1541179661288,1.0997078803237,1.16410754924751,1.16410754924751,1.14781613259491,1.1631555942216,1.14618260585428,1.14618260585428,1.30770317285137,1.01511438121385,0.588450541297624,0.588450541297624,0.599395288595388,1.05417167267031,1.28317236099914,1.28317236099914,1.55755182980111,0.768182664587858,1.17144348723216,1.17144348723216,1.13043367351534,1.23932914368025,1.12129843035916,1.12129843035916,1.20513017752621,1.06692104288143
283,1.0973386303094,1.0973386303094,1.15488041591306,1.10083116401115,1.15961209127774,1.15961209127774,1.14329898967261,1.15916637288865,1.13735405754674,1.13735405754674,1.29990637265676,1.0214225540776,0.587707592780372,0.587707592780372,0.61353422638371,1.03049700362086,1.26050730753043,1.26050730753043,1.53958543843317,0.754670880994853,1.17443712569867,1.17443712569867,1.14692167202929,1.24324266358222,1.12578000161724,1.12578000161724,1.20670622125079,1.07353479019131
284,1.09542860380068,1.09542860380068,1.15325726305626,1.09828749794229,1.15222805104067,1.15222805104067,1.136933978311,1.15154346461591,1.1249926017139,1.1249926017139,1.28897879563453,1.02464597625488,0.586058649736306,0.586058649736306,0.619838757532859,1.00060088212606,1.23617495812262,1.23617495812262,1.52404065604576,0.738186120892297,1.17368941624153,1.17368941624153,1.16213694265828,1.24144443706831,1.12737816143082,1.12737816143082,1.20564339707591,1.07569891276317
285,1.09626673169695,1.09626673169695,1.15377551981461,1.09899635488938,1.14556117273005,1.14556117273005,1.13015675213727,1.1455312049645,1.11098389954113,1.11098389954113,1.2761652858991,1.0263464039784,0.588090453855455,0.588090453855455,0.622527919204546,0.96725535874053,1.20654688325595,1.20654688325595,1.50459699912546,0.717659954403617,1.17571945259274,1.17571945259274,1.17833594207712,1.24394057903085,1.13333343275593,1.13333343275593,1.20730340857358,1.08207486446831
286,1.09168690924736,1.09168690924736,1.14976465203108,1.09324115376838,1.13602205634908,1.13602205634908,1.12228637202029,1.13495890602027,1.09514718889745,1.09514718889745,1.26171273141301,1.0267268459322,0.589691209212485,0.589691209212485,0.622463676645361,0.930513942914723,1.17349546690667,1.17349546690667,1.48298259987342,0.691326486101194,1.16822360592364,1.16822360592364,1.189608461548,1.23380088475456,1.13171601994595,1.13171601994595,1.20292611703592,1.07912971912023
287,1.09088377393559,1.09088377393559,1.14859593930175,1.09200760818869,1.12865055559425,1.12865055559425,1.11512304901102,1.12781845478299,1.08035185687568,1.08035185687568,1.2477993645694,1.0284686727076,0.594705699138126,0.594705699138126,0.626825799507074,0.896417460071034,1.1331818731895,1.1331818731895,1.45534116328524,0.65763055986574,1.16322885073724,1.16322885073724,1.2017606029688,1.22750257996841,1.13400755615126,1.13400755615126,1.20161988131174,1.08100367171949
288,1.09076882611905,1.09076882611905,1.14795811437239,1.09234125448371,1.12092982490034,1.12092982490034,1.10712107115101,1.12051916875884,1.06338967813151,1.06338967813151,1.23192931576008,1.02842751898343,0.596104132220133,0.596104132220133,0.631229865857842,0.858531203027467,1.11000293624354,1.11000293624354,1.43672306104483,0.638549575675021,1.16528506696521,1.16528506696521,1.21798130686024,1.22957563869831,1.14030551470087,1.14030551470087,1.20280182055178,1.08809109897383
289,1.08895832498562,1.08895832498562,1.14577565387198,1.09076257743997,1.11211604254428,1.11211604254428,1.09858772061004,1.11150989703731,1.04514298722987,1.04514298722987,1.21444500891919,1.02714997490838,0.594052854994578,0.594052854994578,0.634822936265175,0.817039975154329,1.10034817590723,1.10034817590723,1.42291536069576,0.6330132619856,1.16718749163804,1.16718749163804,1.23468000667271,1.23103887316339,1.14473606686112,1.14473606686112,1.20243399737572,1.0932673467498
290,1.08838582527254,1.08838582527254,1.14442396172891,1.09085172626126,1.10294721600204,1.10294721600204,1.09113050557334,1.10266364149377,1.02441644315818,1.02441644315818,1.19561126412946,1.02349195468425,0.58823699723247,0.58823699723247,0.635801440699709,0.77259241539967,1.0876180922,1.0876180922,1.40624967900087,0.626447456519022,1.17073096840007,1.17073096840007,1.25193512458372,1.23571525657842,1.15084632883502,1.15084632883502,1.20327168889604,1.10084950639057
291,1.08684227647131,1.08684227647131,1.14228110125087,1.08982963160947,1.09283562402813,1.09283562402813,1.0901014227413,1.0924092444228,1.00515305601396,1.00515305601396,1.17482506029654,1.01860747988168,0.582191092772661,0.582191092772661,0.636143890705284,0.729321541511327,1.07309739381496,1.07309739381496,1.38697878105925,0.626079123146157,1.1751564634754,1.1751564634754,1.2679566946033,1.2380766527929,1.15657179940261,1.15657179940261,1.20396176754683,1.10784085691784
292,1.08700298531933,1.08700298531933,1.14138158759606,1.09084882294716,1.08286287734686,1.08286287734686,1.08886489348896,1.0831113405657,0.988646230870761,0.988646230870761,1.15367819440037,1.01286613670308,0.573484633893672,0.573484633893672,0.636113096751295,0.697194989509052,1.05472822007449,1.05472822007449,1.36549591729332,0.698587915451954,1.18621551313925,1.18621551313925,1.28503233082968,1.24427606218035,1.1645684522407,1.1645684522407,1.20766020684149,1.11752298338248
293,1.08446731788267,1.08446731788267,1.13821023601964,1.08904441323188,1.07173263999749,1.07173263999749,1.0870452739306,1.07172213137296,0.971068686532195,0.971068686532195,1.13138875255669,1.00597347055872,0.563399545091732,0.563399545091732,0.635407755925858,0.681594766020524,1.03020175168174,1.03020175168174,1.33791306145773,0.769051405157286,1.19038949874731,1.19038949874731,1.29711425921445,1.24247550293823,1.16804927046868,1.16804927046868,1.20974584312249,1.12228728222273
294,1.08419382269662,1.08419382269662,1.13685276176124,1.09011195755813,1.06083076591119,1.06083076591119,1.08480215152615,1.06144247173078,0.952907355525721,0.952907355525721,1.1084341086147,0.998608487231347,0.553632296992641,0.553632296992641,0.633053345771249,0.669402441970911,1.00594818001268,1.00594818001268,1.30926002205877,0.84095218430259,1.19976408643328,1.19976408643328,1.31179438088424,1.24754857292456,1.1754362719398,1.1754362719398,1.21484948324378,1.13159719694903
295,1.08149191614259,1.08149191614259,1.13329953453801,1.08867052614948,1.04897168455363,1.04897168455363,1.0820674813157,1.0494828511023,0.93383592227759,0.93383592227759,1.08447514353613,0.990426562613542,0.544212594334984,0.544212594334984,0.628924035820303,0.655609271777084,0.973769301909046,0.973769301909046,1.27037433546131,0.908322462961658,1.2016620666154,1.2016620666154,1.32043282317128,1.24482793656536,1.17870297106982,1.17870297106982,1.21624224866488,1.13637883980651
296,1.07673422932636,1.07673422932636,1.1282553323344,1.0843708247018,1.0374993444068,1.0374993444068,1.08003307235577,1.03682972933762,0.919060735433062,0.919060735433062,1.06172779000788,0.983563458458817,0.539591527169257,0.539591527169257,0.628660959885788,0.645104975122652,0.937553480188919,0.937553480188919,1.2290987711243,0.971053056598965,1.19990448363287,1.19990448363287,1.32451525411583,1.23494471961729,1.17780592106911,1.17780592106911,1.21417667598958,1.13613028977002
297,1.07414810791839,1.07414810791839,1.12479549374153,1.08269653042373,1.02658522556967,1.02658522556967,1.07819418827004,1.02578112929481,0.909292199846153,0.909292199846153,1.04010581472821,0.977051479595964,0.541509793176485,0.541509793176485,0.631203319345782,0.635465443391712,0.890819999356981,0.890819999356981,1.17828403636817,1.02848280681022,1.20492828021745,1.20492828021745,1.32909875364426,1.22955089950174,1.18015986168671,1.18015986168671,1.21398314999078,1.13988144697177
298,1.07203019001726,1.07203019001726,1.12164709993671,1.08131442482311,1.01632125745156,1.01632125745156,1.07670134577686,1.01520801730231,0.90202003284486,0.90202003284486,1.01925296216173,0.971604958998684,0.543550178664559,0.543550178664559,0.635926740236633,0.628417857235867,0.839176039476348,0.839176039476348,1.12195294741067,1.08220238757566,1.21041199026504,1.21041199026504,1.33208588610311,1.22325603242032,1.182309215722,1.182309215722,1.21358622451146,1.14365933335799
299,1.07194012841274,1.07194012841274,1.12025723729793,1.08270193144188,1.00630207717474,1.00630207717474,1.07533828687838,1.00570606736707,0.895068373798652,0.895068373798652,0.999019838774337,0.965616386815453,0.546828261593636,0.546828261593636,0.64244231615666,0.619583838500369,0.778405495744095,0.778405495744095,1.05928510250849,1.13480539203078,1.2199151028809,1.2199151028809,1.33658710764513,1.22297960412714,1.18767306829458,1.18767306829458,1.21533840769561,1.15161769842527
300,1.07065272455115,1.07065272455115,1.11785324283614,1.08256195327587,0.996104155688507,0.996104155688507,1.07384397578894,0.995370771993317,0.8885099389329,0.8885099389329,0.978646808128066,0.959746614578137,0.54966374391781,0.54966374391781,0.648378912648657,0.610559273916955,0.715392279423908,0.715392279423908,0.992453142443672,1.18364034608151,1.22590195362987,1.22590195362987,1.33816320062282,1.21833348479128,1.19064820670656,1.19064820670656,1.21502026857041,1.15658832831268
301,1.06900622316546,1.06900622316546,1.11515478721658,1.08209791402098,0.985316074724131,0.985316074724131,1.07202072793395,0.984235843646781,0.880461547399387,0.880461547399387,0.957888022690583,0.95213446357806,0.549916564248426,0.549916564248426,0.653555747965494,0.599992854095667,0.64235966487961,0.64235966487961,0.917036390053875,1.2241391266185,1.22856511681478,1.22856511681478,1.33687119369343,1.21050491029774,1.19240798965165,1.19240798965165,1.21374065958265,1.16045564478778
302,1.06705360968828,1.06705360968828,1.1122031133505,1.08110621877568,0.974670563385795,0.974670563385795,1.07023180491696,0.973192615530037,0.873047698701074,0.873047698701074,0.938144758314594,0.944969115678645,0.550217902318729,0.550217902318729,0.659481991317788,0.591573337834817,0.565448659382888,0.565448659382888,0.838209749690931,1.25921814466906,1.22860298631094,1.22860298631094,1.33317938106529,1.20038676306363,1.19302639482171,1.19302639482171,1.21141351160599,1.16298827067324
303,1.06430224227469,1.06430224227469,1.10855056602805,1.07908739077471,0.964967013666159,0.964967013666159,1.06817703718147,0.96161367571619,0.865238871437501,0.865238871437501,0.91819377511243,0.936984373211647,0.550531452337116,0.550531452337116,0.664079050811233,0.58282362911148,0.491862273898691,0.491862273898691,0.748284768785781,1.2862774928113,1.22414814542027,1.22414814542027,1.32551925699757,1.18655061538431,1.19140414862352,1.19140414862352,1.20735392740861,1.16344646081282
304,1.06023058147519,1.06023058147519,1.10382540430643,1.07523462891577,0.963274933789491,0.963274933789491,1.06618141644032,0.949490951797422,0.857380376935134,0.857380376935134,0.898236549329162,0.929217481755432,0.550486565176589,0.550486565176589,0.669407466711933,0.574726213640124,0.502171521018115,0.502171521018115,0.653613390885638,1.29976296687767,1.21203051548354,1.21203051548354,1.31176869622182,1.16410043906726,1.18613250635724,1.18613250635724,1.19997049172297,1.15967117032392
305,1.05801995367154,1.05801995367154,1.10107685124478,1.07318514533353,0.961388170412952,0.961388170412952,1.06420209423802,0.937779746452635,0.8487599349631,0.8487599349631,0.877997611773095,0.920551832215881,0.547221354300899,0.547221354300899,0.670893540457057,0.564347990471368,0.525105482464247,0.525105482464247,0.571214680651197,1.32260305623374,1.20865836470574,1.20865836470574,1.30642056491496,1.14983869126433,1.18539280999511,1.18539280999511,1.1972216913842,1.16019003599749
306,1.05793355294954,1.05793355294954,1.10087157548224,1.07341886211885,0.95940398490518,0.95940398490518,1.06194163663854,0.926694210788454,0.838774823596801,0.838774823596801,0.85688636531029,0.910913826278541,0.538997432397575,0.538997432397575,0.668612929605975,0.552094587341738,0.617663009979526,0.617663009979526,0.554316031981918,1.38510028436981,1.2286770205671,1.2286770205671,1.32413365341697,1.1557450363232,1.19390730667621,1.19390730667621,1.2042589794965,1.16892297688721
307,1.05672400125982,1.05672400125982,1.0998630550848,1.07228443482874,0.956981533775692,0.956981533775692,1.05947482686695,0.915017734219737,0.827814818743111,0.827814818743111,0.83481418976977,0.90017123230511,0.526493717769591,0.526493717769591,0.661534567630274,0.538373981183145,0.719683838010363,0.719683838010363,0.546046111202057,1.45157577602808,1.24753864764226,1.24753864764226,1.34198225494422,1.16012227803878,1.20071105245046,1.20071105245046,1.21011015444791,1.17547473645128
308,1.0558142330083,1.0558142330083,1.09913263096518,1.07148941776605,0.954992311040014,0.954992311040014,1.0570619520128,0.903797755216752,0.816622267158701,0.816622267158701,0.813510953337105,0.889832386418385,0.514410820271547,0.514410820271547,0.65358017075659,0.526454424819935,0.817052125917691,0.817052125917691,0.537938914734921,1.51563447456983,1.26594791080027,1.26594791080027,1.35957270384744,1.16374684658032,1.20749820359183,1.20749820359183,1.21592845617448,1.1818344566666
309,1.05460842009221,1.05460842009221,1.0978953009557,1.07047223313075,0.952172079668427,0.952172079668427,1.05367908372894,0.892274015572898,0.804088518638799,0.804088518638799,0.791552062283105,0.87830468242552,0.499992140162843,0.499992140162843,0.641331344626946,0.515369354861919,0.911738314356807,0.911738314356807,0.528395133793614,1.57717298355539,1.28309146824179,1.28309146824179,1.37589913153094,1.16968701619826,1.21366026337611,1.21366026337611,1.22114015766711,1.18763115242762
310,1.05149408007142,1.05149408007142,1.09512487826962,1.06737029818602,0.94991725033569,0.94991725033569,1.0503900328295,0.881865749116981,0.794046420014348,0.794046420014348,0.770816839529203,0.870804339531484,0.496713397128465,0.496713397128465,0.630862727596051,0.518030993233443,0.996532079661272,0.996532079661272,0.517329880528329,1.62476954818749,1.29213844216757,1.29213844216757,1.38614345602885,1.17080641880234,1.21508812681155,1.21508812681155,1.22245192023819,1.18821517227121
311,1.0497763862044,1.0497763862044,1.09344599520892,1.06616303186854,0.947913157060178,0.947913157060178,1.04712707111062,0.872121307535447,0.78364545895321,0.78364545895321,0.753896201041007,0.863727922928701,0.493769987587435,0.493769987587435,0.618569568791267,0.522415896930926,1.08230408498742,1.08230408498742,0.504525375567205,1.67955624335317,1.30518277885839,1.30518277885839,1.39886961545004,1.17703498729245,1.21909038707156,1.21909038707156,1.2255566840607,1.19179345982747
312,1.04908523884671,1.04908523884671,1.0922761729962,1.06629485513758,0.945425382730485,0.945425382730485,1.04334552213701,0.862546705929868,0.772631491642756,0.772631491642756,0.737627483865836,0.856097801673512,0.487113815776048,0.487113815776048,0.602778907022566,0.523866133548773,1.16972311012581,1.16972311012581,0.492687181816478,1.73965456885082,1.32270344829221,1.32270344829221,1.41446126277875,1.189147801311,1.22559940357326,1.22559940357326,1.23048815714365,1.19824386529081
313,1.04781785300231,1.04781785300231,1.09067817554155,1.06537749327249,0.942591995620055,0.942591995620055,1.03918769576557,0.852214314299932,0.760206575476798,0.760206575476798,0.720943818652521,0.847763037889359,0.478955574350261,0.478955574350261,0.587141418628452,0.523778952297808,1.25525778504914,1.25525778504914,0.482975252418688,1.79627503802284,1.33784369721019,1.33784369721019,1.42894430286205,1.19844139050958,1.2306734945223,1.2306734945223,1.23439258662831,1.20305514701985
314,1.04638157974254,1.04638157974254,1.08875926001763,1.06407424680642,0.939280956052674,0.939280956052674,1.03472615792899,0.842128363407887,0.746714932853306,0.746714932853306,0.704896101088817,0.838845927442091,0.467404721725523,0.467404721725523,0.567622033775792,0.522468101272821,1.3384816463025,1.3384816463025,0.472458651294475,1.85110751176486,1.35167166458441,1.35167166458441,1.44254386518656,1.20690139769769,1.23503146530284,1.23503146530284,1.23779764246622,1.20695133215522
315,1.04212251291451,1.04212251291451,1.08500786199278,1.05899099211718,0.935960833398801,0.935960833398801,1.03029911770644,0.831893305270753,0.733121656903173,0.733121656903173,0.689371964714837,0.829537457957717,0.456805080840777,0.456805080840777,0.54825608776284,0.522495769574026,1.40286134061424,1.40286134061424,0.474485653816649,1.87757384317678,1.35205011601227,1.35205011601227,1.44661454213305,1.2012925368735,1.23252261459291,1.23252261459291,1.23588800171648,1.2026374928153
316,1.04074263282376,1.04074263282376,1.08280244372077,1.05786164562674,0.932886838274492,0.932886838274492,1.02568884850384,0.823034302291843,0.719884460572449,0.719884460572449,0.674299558646099,0.821508433838189,0.445370406749167,0.445370406749167,0.528689184653592,0.523276746528777,1.48288124142961,1.48288124142961,0.536363472180558,1.92985560831172,1.36557969367478,1.36557969367478,1.45989687089092,1.21216010373967,1.23667470988761,1.23667470988761,1.23915885880287,1.20640319845256
317,1.03930972835483,1.03930972835483,1.0805885122974,1.05664191213694,0.929290498692436,0.929290498692436,1.02090899962757,0.825416795057615,0.706440488818834,0.706440488818834,0.659721050905949,0.813330863787323,0.434433782107818,0.434433782107818,0.50866515060667,0.5266407943205,1.56109656695525,1.56109656695525,0.597482452832793,1.98191084842234,1.37874549281711,1.37874549281711,1.47260393783908,1.22356389115679,1.24039206876445,1.24039206876445,1.24218774362302,1.20980604899237
318,1.03791353007498,1.03791353007498,1.07802202119207,1.05551884192846,0.925957943731386,0.925957943731386,1.01580582920674,0.829926918994195,0.692593250544154,0.692593250544154,0.645370274972575,0.805674431134717,0.424301495776794,0.424301495776794,0.488613508187205,0.531777701562983,1.63623656910996,1.63623656910996,0.665514504703952,2.03208153714023,1.39103566640676,1.39103566640676,1.48483537210391,1.2351404232368,1.24400177734485,1.24400177734485,1.24514518243261,1.21318014497728
319,1.03505737963568,1.03505737963568,1.07448650303057,1.05236560798527,0.922490642923811,0.922490642923811,1.01076868802545,0.83446433812267,0.678403120784117,0.678403120784117,0.631867510841049,0.798842728927492,0.412892235739307,0.412892235739307,0.468215433785356,0.540782950539897,1.70047233616061,1.70047233616061,0.761489033141832,2.06641047058648,1.3952163491926,1.3952163491926,1.49170088858864,1.24319201882497,1.24349545307708,1.24349545307708,1.2450455840456,1.21178032874397
320,1.03167877452624,1.03167877452624,1.07007235937262,1.04876951190181,0.918973103805988,0.918973103805988,1.00489974544264,0.839370677903306,0.664948078257421,0.664948078257421,0.619208657992411,0.793122054608872,0.404465001403008,0.404465001403008,0.451242124904379,0.554003439103134,1.75619113274726,1.75619113274726,0.869691208852228,2.09525570939657,1.39705034088523,1.39705034088523,1.4960358128248,1.25256093058978,1.24162487813322,1.24162487813322,1.24347811844799,1.20920471365789
321,1.02906470967989,1.02906470967989,1.0664155661426,1.04586694497481,0.915862160079103,0.915862160079103,1.00011603790169,0.844479728039922,0.65237373690289,0.65237373690289,0.610746410892383,0.788383856456279,0.399894432292874,0.399894432292874,0.433319247287012,0.570647488407855,1.810328059044,1.810328059044,0.98032719786661,2.12293938260581,1.39968708065964,1.39968708065964,1.50194838480031,1.26390922363047,1.24056883651236,1.24056883651236,1.24301179074003,1.20732334420915
322,1.02815630452292,1.02815630452292,1.06348207073507,1.04527699581858,0.912295240051528,0.912295240051528,0.994989197164712,0.848956952559037,0.638074593300825,0.638074593300825,0.605604360115268,0.781502598050655,0.389406679256794,0.389406679256794,0.416748383528866,0.580640443533425,1.88272712772308,1.88272712772308,1.09175999359897,2.17388751783571,1.41171947378829,1.41171947378829,1.51485439904893,1.28631974356791,1.243760269047,1.243760269047,1.2457850876763,1.21061536990197
323,1.02680952815708,1.02680952815708,1.06033664266468,1.04372859009395,0.908682020397228,0.908682020397228,0.989732774405062,0.853053002627076,0.624251371949167,0.624251371949167,0.601254321515385,0.774153867684394,0.379446020304256,0.379446020304256,0.400405023379074,0.589910368523747,1.94213152585931,1.94213152585931,1.19977666359286,2.21192556834671,1.4205381348353,1.4205381348353,1.52416325455854,1.30466149440207,1.24480401238006,1.24480401238006,1.24714264823401,1.21143099513363
324,1.02320823234292,1.02320823234292,1.05551512657827,1.03892155585459,0.904043671276225,0.904043671276225,0.98374913733418,0.856389723686535,0.610086832008873,0.610086832008873,0.596236877553264,0.764712062587001,0.363874796338491,0.363874796338491,0.382015458079692,0.592123049554973,1.96913400849653,1.96913400849653,1.29612084742781,2.21413925191762,1.4164181528335,1.4164181528335,1.52293449533298,1.30711644529539,1.23921591744642,1.23921591744642,1.24335782317073,1.20441086152512
325,1.02092481529005,1.02092481529005,1.05159670863146,1.03594689707666,0.898935279127662,0.898935279127662,0.977645939250381,0.858925766425438,0.59563838421029,0.59563838421029,0.590547315692191,0.754321697880159,0.351631823304744,0.351631823304744,0.368187114482473,0.596000005005816,2.00823269658025,2.00823269658025,1.39308745175894,2.23286242654613,1.42060924668661,1.42060924668661,1.52758609342159,1.31881814666027,1.23752543991792,1.23752543991792,1.24255807115159,1.2018434905525
326,1.01949218344002,1.01949218344002,1.04761298051843,1.03430009889098,0.893490276903559,0.893490276903559,0.970942027705482,0.861201140081739,0.582800098686632,0.582800098686632,0.584847961547031,0.743641417146298,0.339301056265849,0.339301056265849,0.356264279520927,0.599630294941205,2.06281104413041,2.06281104413041,1.49156142564027,2.27176079857803,1.43365273100935,1.43365273100935,1.5363756585408,1.33930766491472,1.23880628779513,1.23880628779513,1.24340696029403,1.20298896590145
327,1.01686933637018,1.01686933637018,1.04309068356661,1.03073512804255,0.8879134225596,0.8879134225596,0.964097678044012,0.863399041852959,0.571725090884165,0.571725090884165,0.579518878143873,0.732564809489106,0.332374901385998,0.332374901385998,0.344300297465687,0.603584773839763,2.09263091121336,2.09263091121336,1.57923050515668,2.28593821319486,1.43939659597187,1.43939659597187,1.53753041111192,1.35026571708049,1.23636137207044,1.23636137207044,1.24096489995872,1.19943387026297
328,1.01290695680843,1.01290695680843,1.03773706351575,1.02544023029433,0.881842812705646,0.881842812705646,0.956734827515827,0.865146834294848,0.562924794221594,0.562924794221594,0.574161213511539,0.721609087063403,0.32765448837234,0.32765448837234,0.332996527165382,0.606638727840629,2.09546491543519,2.09546491543519,1.65129513670434,2.27488005605566,1.43711821609199,1.43711821609199,1.53045114599584,1.35030942504068,1.2294221303132,1.2294221303132,1.23461887070932,1.19091153937203
329,1.01078746161217,1.01078746161217,1.03295341921799,1.02319031129946,0.875838544214984,0.875838544214984,0.949267361101339,0.866830831485041,0.555877672443577,0.555877672443577,0.56920080960422,0.710337689200622,0.323668112454358,0.323668112454358,0.32186610558883,0.610360375374334,2.13243461019955,2.13243461019955,1.73079355727165,2.30526755931699,1.45124566907973,1.45124566907973,1.53293671234708,1.36785823244536,1.22875563293039,1.22875563293039,1.23260332751282,1.19017695748408
330,1.00729743325925,1.00729743325925,1.02714932757639,1.01936312422211,0.869499085718351,0.869499085718351,0.941229992951142,0.868123781495176,0.551469387396557,0.551469387396557,0.564369663846836,0.699747873061611,0.321092381566469,0.321092381566469,0.313067529631635,0.615947545065663,2.14209269449109,2.14209269449109,1.79223852896372,2.31178653382616,1.45744201972627,1.45744201972627,1.52682681002323,1.37513910690964,1.22361492178045,1.22361492178045,1.22647226957965,1.18512867888792
331,1.00441174261366,1.00441174261366,1.02232115458966,1.01584661310173,0.863179588576989,0.863179588576989,0.933558218880908,0.869509215745934,0.548340835320823,0.548340835320823,0.560305804749366,0.689231532573196,0.320921414293285,0.320921414293285,0.308122976295324,0.623492377578059,2.14505998931731,2.14505998931731,1.85307436931181,2.3127520934536,1.46380007677442,1.46380007677442,1.52160635574289,1.3813972642155,1.21873542841141,1.21873542841141,1.22126045294437,1.18001239348733
332,1.00087774472496,1.00087774472496,1.01776147658224,1.01123467730054,0.856562975370382,0.856562975370382,0.925535450305266,0.870356702416848,0.544581551659638,0.544581551659638,0.556632780190479,0.678116960452131,0.324009386895424,0.324009386895424,0.304889876591526,0.632092781883576,2.13288600331863,2.13288600331863,1.91253003628081,2.29113276613331,1.46650110945549,1.46650110945549,1.51513444271695,1.38204435074413,1.21237023206129,1.21237023206129,1.21556141021126,1.17227704737853
333,0.998414068153584,0.998414068153584,1.01393949834509,1.00824573677897,0.849995930629886,0.849995930629886,0.917738269633091,0.871420430889938,0.541784820296181,0.541784820296181,0.553875517798961,0.667892743940168,0.333609298300491,0.333609298300491,0.30772796419587,0.644084641260311,2.14100675832023,2.14100675832023,1.98256576685599,2.28957708382349,1.47743875755127,1.47743875755127,1.51558681616601,1.39184923713434,1.20939812794303,1.20939812794303,1.21293938192347,1.16834520431299
334,0.99477555985808,0.99477555985808,1.01021824839762,1.00324541867276,0.843234416739642,0.843234416739642,0.909811967674326,0.872232462848826,0.539753787156114,0.539753787156114,0.551727213074041,0.658756310515829,0.345749955012448,0.345749955012448,0.311572430072411,0.657928971709195,2.10836651523185,2.10836651523185,2.03453367457496,2.2447014504358,1.47535392610916,1.47535392610916,1.50715210984531,1.38689881954192,1.20140942334334,1.20140942334334,1.20676534699845,1.15831208971004
335,0.992302010587566,0.992302010587566,1.00633185611545,1.0007310419197,0.836401095557951,0.836401095557951,0.900964366330373,0.873110177492892,0.537694018402859,0.537694018402859,0.550130091539613,0.649364613604193,0.359642531195563,0.359642531195563,0.317071540045658,0.674349586430605,2.12324021766141,2.12324021766141,2.10490434602716,2.2500730664885,1.48909945731328,1.48909945731328,1.50922081350352,1.40053601005974,1.19908217376955,1.19908217376955,1.20455003131472,1.15581041490798
336,0.988595620183225,0.988595620183225,1.00218906649014,0.996322743715815,0.830366469731017,0.830366469731017,0.891759579339927,0.873589527522476,0.53579928281334,0.53579928281334,0.548645214061521,0.640269027244376,0.374765873714012,0.374765873714012,0.323711353642126,0.690213441845704,2.1089960723508,2.1089960723508,2.15431504117166,2.21374066258913,1.48982110866051,1.48982110866051,1.50226773284279,1.40018425920033,1.19176684070481,1.19176684070481,1.1985133039926,1.14741976162159
337,0.984413159269181,0.984413159269181,0.998049626651198,0.99091463806546,0.825880979041993,0.825880979041993,0.882509870581623,0.873961584217961,0.534551068272518,0.534551068272518,0.547712866212981,0.631999765960086,0.39323925063944,0.39323925063944,0.329464779200909,0.7074821161012,2.07855529043248,2.07855529043248,2.18358670416615,2.14443558134146,1.47997455259154,1.47997455259154,1.49024706206694,1.38841055019878,1.1803269626582,1.1803269626582,1.1893931142371,1.13444386935713
338,0.981185993964798,0.981185993964798,0.995052122586806,0.987086767855381,0.821925335065047,0.821925335065047,0.873845411829712,0.874320661178576,0.534213802917742,0.534213802917742,0.547713784239614,0.627056964493312,0.414764294375404,0.414764294375404,0.336206265938567,0.727060310442139,2.09548087042026,2.09548087042026,2.22913296809063,2.12490365186425,1.48468346005371,1.48468346005371,1.49259481434571,1.39419019128316,1.17373744339054,1.17373744339054,1.1834675571377,1.12819272040761
339,0.978014793428286,0.978014793428286,0.995301927038299,0.981505722884792,0.818332183941081,0.818332183941081,0.865861661840895,0.87504918146524,0.535362138516728,0.535362138516728,0.549036538214308,0.628681156629445,0.440565830309521,0.440565830309521,0.344511076771444,0.748087697314086,2.0432392633908,2.0432392633908,2.24229221205349,2.03588747326299,1.47070858095243,1.47070858095243,1.48259433866465,1.37745262080818,1.16078833987352,1.16078833987352,1.17361727666264,1.11348659126567
340,0.975604783836812,0.975604783836812,0.995242719030707,0.977801264872007,0.814272499772832,0.814272499772832,0.857703436857554,0.875054611466181,0.537866311089926,0.537866311089926,0.550598713534904,0.63048848590471,0.462514661649285,0.462514661649285,0.351579351072563,0.767077287700157,2.03249491053289,2.03249491053289,2.2749051476026,1.99052537672785,1.47183291533439,1.47183291533439,1.48413361488653,1.37709823028263,1.15390680340116,1.15390680340116,1.16855488639353,1.10617528926252
341,0.972932982199671,0.972932982199671,0.995488618954132,0.972358853149856,0.811614290301015,0.811614290301015,0.850425764912271,0.8756358829038,0.54136903109737,0.54136903109737,0.552771009355834,0.634349944136375,0.484174036814179,0.484174036814179,0.360199003538472,0.787043882344795,1.96007157698069,1.96007157698069,2.2721540218888,1.87479897740278,1.45383090146868,1.45383090146868,1.4718185966355,1.35379574874184,1.1406242229494,1.1406242229494,1.1595071789324,1.09018610221384
342,0.970410595198532,0.970410595198532,0.99491354384471,0.968481434468939,0.810268064348974,0.810268064348974,0.842599701847044,0.876256383920409,0.547133153118602,0.547133153118602,0.555261738014887,0.640338945643107,0.511515928470205,0.511515928470205,0.369466125433528,0.807251922070698,1.95525915461103,1.95525915461103,2.28959752579852,1.80811195715038,1.45030587238725,1.45030587238725,1.46870490657852,1.34711242102546,1.13265630191904,1.13265630191904,1.15404014862683,1.08069487404418
343,0.967194840942852,0.967194840942852,0.993698190140748,0.963086884733699,0.809390032654674,0.809390032654674,0.834968299775874,0.876672461372185,0.553448817424943,0.553448817424943,0.557974873926242,0.646719367518874,0.541204824527022,0.541204824527022,0.378563880581639,0.824788404600117,1.89926280776339,1.89926280776339,2.27259419115472,1.68705919415842,1.43009585989176,1.43009585989176,1.45332707007162,1.32294216458962,1.1195170851322,1.1195170851322,1.14442193815063,1.06455695063715
344,0.963628128784834,0.963628128784834,0.991593457485978,0.957471939301372,0.808347326477824,0.808347326477824,0.826981209450473,0.876914081895336,0.559739859847985,0.559739859847985,0.560332794732378,0.653557509578614,0.567564479493868,0.567564479493868,0.384203687068804,0.843551428142363,1.81504375431672,1.81504375431672,2.23656296020964,1.54306189298966,1.40190141116659,1.40190141116659,1.43010670486048,1.29053393985895,1.10374829033866,1.10374829033866,1.13266152756959,1.04604589213474
345,0.960343460363013,0.960343460363013,0.989514648337234,0.951050192766762,0.80706109176666,0.80706109176666,0.818898775552391,0.876628208316389,0.566817411127967,0.566817411127967,0.562683187720122,0.659483707190345,0.595017598893259,0.595017598893259,0.389352914013099,0.859501942765007,1.67702715040141,1.67702715040141,2.17178946270079,1.34738057913107,1.36089678343907,1.36089678343907,1.39821910317657,1.24355089064419,1.08474426714281,1.08474426714281,1.11881922284349,1.0236585028325
346,0.957391153339244,0.957391153339244,0.987160751317539,0.944856014822904,0.805555978785409,0.805555978785409,0.810766639749614,0.876095487475417,0.574659753190921,0.574659753190921,0.565655880361533,0.665752320960071,0.623497842142356,0.623497842142356,0.39507474922253,0.878137848734738,1.50967863602967,1.50967863602967,2.09207895811257,1.12830088776126,1.31488424970333,1.31488424970333,1.36286357454182,1.19079900455994,1.06484587916194,1.06484587916194,1.10514390373676,1.00053470595627
347,0.954970141627434,0.954970141627434,0.985002038028819,0.937555951728315,0.803854092390581,0.803854092390581,0.802971791553848,0.875305291670046,0.583108930908359,0.583108930908359,0.569900835512818,0.67259481758675,0.648585804245153,0.648585804245153,0.399755695694085,0.895224068815311,1.23659710043575,1.23659710043575,1.95695729934811,0.810714382247802,1.24420534049557,1.24420534049557,1.31040908825598,1.10953854005287,1.03798386766549,1.03798386766549,1.08710136807371,0.968488353580817
348,0.953319920940884,0.953319920940884,0.9825317092623,0.92889843985509,0.802219431553305,0.802219431553305,0.795320261075156,0.874684848728313,0.593417575031132,0.593417575031132,0.575812070204889,0.681264637697453,0.670615498484396,0.670615498484396,0.405803256606493,0.91573776496301,0.805523319627506,0.805523319627506,1.73554510720322,0.353361410543467,1.13434666273776,1.13434666273776,1.22883870497114,0.985580677770485,0.999941745886885,0.999941745886885,1.0613413391293,0.923136372928989
349,0.951767550970599,0.951767550970599,0.979678480710463,0.927973350050989,0.801834458731099,0.801834458731099,0.788956660717797,0.875212458980163,0.607959368200552,0.607959368200552,0.58574560798884,0.694224074234155,0.697076809667729,0.697076809667729,0.418117121690684,0.936786294593425,0.852977766346983,0.852977766346983,1.76305094019746,0.344643485798295,1.1512212980498,1.1512212980498,1.24102343419607,1.00225563290924,1.00241254709069,1.00241254709069,1.06344784501451,0.928390155308334
350,0.949711303361691,0.949711303361691,0.976215548365845,0.926968824719103,0.802071556761702,0.802071556761702,0.783144532652922,0.876532297658058,0.624865104150817,0.624865104150817,0.597717960521273,0.710048325160962,0.720167953232376,0.720167953232376,0.431566381095685,0.959330478619137,0.90465496577983,0.90465496577983,1.78943207698359,0.346330189550748,1.16821015068465,1.16821015068465,1.2521820207334,1.02010947522149,1.00448596322668,1.00448596322668,1.06476499050419,0.933880506659634
351,0.947524101311611,0.947524101311611,0.97280996777777,0.925973478983278,0.802539134762838,0.802539134762838,0.777298281322078,0.878016836685348,0.64380889078037,0.64380889078037,0.611098321101724,0.727759820866146,0.745640426673511,0.745640426673511,0.451418128279337,0.98305839609732,0.960092223359217,0.960092223359217,1.81806287739314,0.348893789825886,1.1860125886526,1.1860125886526,1.26478205788972,1.03807449044934,1.00701900772984,1.00701900772984,1.06651723125966,0.939726068048169
352,0.945506624006401,0.945506624006401,0.969469441321281,0.925160956644379,0.803274114543318,0.803274114543318,0.772033594108982,0.880774783526872,0.665751223521995,0.665751223521995,0.628011492973305,0.748729881943762,0.782956509440763,0.782956509440763,0.481772472029321,1.01517790051344,1.01443922362596,1.01443922362596,1.84714252569862,0.351642346073255,1.20397125351306,1.20397125351306,1.27769366928027,1.05598775594342,1.00997572556228,1.00997572556228,1.06868807309718,0.94593890611751
353,0.943360217429073,0.943360217429073,0.965494162350961,0.924165546864861,0.802998085171494,0.802998085171494,0.766235720066601,0.883001635623964,0.685948487846785,0.685948487846785,0.642335217721892,0.76816161558544,0.811172380516462,0.811172380516462,0.509875406091489,1.0412850308735,1.06494373165667,1.06494373165667,1.87185628069369,0.355206760741519,1.22006140577362,1.22006140577362,1.28863601956761,1.07255663333609,1.01228989813573,1.01228989813573,1.0700595659148,0.951965838002088
354,0.941248375035103,0.941248375035103,0.961584961650735,0.923293698717921,0.802516574412316,0.802516574412316,0.761140122995088,0.884475605023753,0.705246720702998,0.705246720702998,0.655291878410296,0.786949179979864,0.832286508702013,0.832286508702013,0.535845327909629,1.0653358322063,1.11114770642182,1.11114770642182,1.89262424231238,0.36834231810367,1.23502143972596,1.23502143972596,1.29801577220836,1.08809597954845,1.01433732138398,1.01433732138398,1.07094417806253,0.957962360803813
355,0.938986202784501,0.938986202784501,0.95748962377637,0.922223421860751,0.802706086715452,0.802706086715452,0.756299658528213,0.885580131097495,0.726274111520744,0.726274111520744,0.667210006169603,0.807769959142996,0.86426497999836,0.86426497999836,0.568564965884167,1.09433430004222,1.15635017347875,1.15635017347875,1.91283351712404,0.394353231609571,1.24945519727186,1.24945519727186,1.30719048288299,1.1030902040101,1.01648412446438,1.01648412446438,1.07170590422351,0.963785414906821
356,0.936971724287312,0.936971724287312,0.953784738708833,0.921288896285814,0.803188213731236,0.803188213731236,0.753213216320218,0.886969427327533,0.745497873766782,0.745497873766782,0.677267049136589,0.829761196833656,0.899481597853021,0.899481597853021,0.602788729232029,1.12283995889065,1.20273729817661,1.20273729817661,1.93570496169188,0.420261011771069,1.26452622172499,1.26452622172499,1.3173793334853,1.11820683531533,1.01930907876362,1.01930907876362,1.07295186277358,0.970011517726187
357,0.93435565374469,0.93435565374469,0.949612057040765,0.919987549782648,0.803453793534529,0.803453793534529,0.750916418162376,0.888060131580697,0.763706996635188,0.763706996635188,0.686510536901353,0.850231709351918,0.918189642213263,0.918189642213263,0.625950295539332,1.14531157888112,1.24084278844015,1.24084278844015,1.94932661391007,0.445411603756063,1.27632123034316,1.27632123034316,1.32364999816355,1.13082155422507,1.02077652227812,1.02077652227812,1.07251008923445,0.975085641190136
358,0.93161727467493,0.93161727467493,0.94521532373748,0.918542873493524,0.803197752311742,0.803197752311742,0.7484428125336,0.888921991783514,0.78137709989623,0.78137709989623,0.695526660069996,0.869508886533244,0.930155701072876,0.930155701072876,0.646433584244894,1.16256276468209,1.27641908117566,1.27641908117566,1.96253250550925,0.469585849207701,1.28727105512581,1.28727105512581,1.32920652972169,1.14248482696203,1.02198768880855,1.02198768880855,1.07162242580665,0.979753520987184
359,0.928586492350356,0.928586492350356,0.940662729354747,0.916873126317691,0.802880514128632,0.802880514128632,0.746782982007201,0.890063337328876,0.79824944203917,0.79824944203917,0.704619958677591,0.887320353282227,0.942050798612539,0.942050798612539,0.666847321088858,1.18020182874333,1.30517029665491,1.30517029665491,1.96939106408341,0.49415947327363,1.29577397468233,1.29577397468233,1.33210236657657,1.15212034500649,1.0224798082854,1.0224798082854,1.06979571654622,0.983737738420566
360,0.926020953670163,0.926020953670163,0.936788285355195,0.915515464060077,0.80320656746058,0.80320656746058,0.746552959518956,0.891473772813913,0.819227952066484,0.819227952066484,0.717362657958716,0.904835648147463,0.95904818008299,0.95904818008299,0.693037313491977,1.20129682023803,1.33832375842948,1.33832375842948,1.98303115839038,0.523273595445914,1.30647892629206,1.30647892629206,1.33809945539526,1.1629671014815,1.02404056304462,1.02404056304462,1.06925169633926,0.9881651981892
