1,0.957790018294161,0.957790018294161,0.918882534220947,1.01337532669144,0.945009366378345,0.945009366378345,0.910086473410389,0.956783850710448,0.885920031367355,0.885920031367355,0.847706059351117,0.95131900475892,0.674431505949252,0.674431505949252,0.711055669354106,1.17854259526004,0.871308889423084,0.871308889423084,0.445495555542941,1.24575585936795,0.957941066889812,0.957941066889812,0.850474095735385,1.06661464728799,0.946410615296417,0.946410615296417,0.919787253972227,1.01948966155732
2,0.959773422704751,0.959773422704751,0.921239548842833,1.01491558101544,0.953117943182431,0.953117943182431,0.918079325275035,0.961357100061416,0.923648382377611,0.923648382377611,0.877015270734808,0.991146481909718,0.845282111626129,0.845282111626129,0.849139279335641,1.22958955052787,0.904365950928032,0.904365950928032,0.44170037715365,1.27446201121147,0.970634210457235,0.970634210457235,0.870940913339539,1.07765682105685,0.954775973591276,0.954775973591276,0.924193995396355,1.0269034836464
3,0.962835021866619,0.962835021866619,0.925687422255252,1.01604849535292,0.967218707247397,0.967218707247397,0.933819767051354,0.969632344689921,0.954096288851969,0.954096288851969,0.909054708790302,1.01953381354011,0.93085860969083,0.93085860969083,0.931962200942454,1.22817790412884,0.942831738959703,0.942831738959703,0.439297512729661,1.30266694453074,0.983745153421078,0.983745153421078,0.89129793734973,1.08657053843336,0.962734505950823,0.962734505950823,0.928054446561294,1.03449555435205
4,0.965787616723962,0.965787616723962,0.930171124337277,1.01642783071536,0.978587926374824,0.978587926374824,0.946479315528019,0.976255210903294,0.977833985972657,0.977833985972657,0.932017283471522,1.04299914815395,0.995603765470445,0.995603765470445,0.997076274179389,1.2092345201936,0.987714090759103,0.987714090759103,0.444754485206571,1.33485884338383,0.996166395794005,0.996166395794005,0.911855173207737,1.09511016347423,0.965130964976022,0.965130964976022,0.926087801628212,1.03726500970946
5,0.96768097410038,0.96768097410038,0.934882594390363,1.01645328946451,0.988554718696512,0.988554718696512,0.958473632954158,0.981008719717731,0.994357544973985,0.994357544973985,0.950627134007721,1.06121816811835,1.04126472380179,1.04126472380179,1.0519282968225,1.17785954055084,1.03404100927061,1.03404100927061,0.45490490314716,1.36689126361557,1.00875343157821,1.00875343157821,0.931605103227776,1.10306285054024,0.965747560534229,0.965747560534229,0.923899329741398,1.03764791414505
6,0.970083808117511,0.970083808117511,0.939949791948816,1.01511161338394,0.997058524873124,0.997058524873124,0.968589848576036,0.985191406897851,1.01452795688492,1.01452795688492,0.966141858841996,1.08090615618459,1.07966831127252,1.07966831127252,1.09903837421672,1.15101549047913,1.08335784493043,1.08335784493043,0.467435728834878,1.39976664227445,1.00728781782252,1.00728781782252,0.938496265860667,1.09892848524477,0.963678469253852,0.963678469253852,0.920197799379133,1.03485535248549
7,0.972725977672838,0.972725977672838,0.944638229285727,1.01485448001746,1.00476549763738,1.00476549763738,0.978669106917329,0.987741744492114,1.02809424970864,1.02809424970864,0.984575775917243,1.09296314112438,1.13594653438142,1.13594653438142,1.15781812861366,1.12398929248498,1.13714275902537,1.13714275902537,0.483694362881309,1.43633281188465,1.00236043763934,1.00236043763934,0.943320725548361,1.09019536416823,0.960875184293341,0.960875184293341,0.916181738261577,1.02737881329058
8,0.975998476467373,0.975998476467373,0.950140489260815,1.0153967513745,1.01200393235518,1.01200393235518,0.987481738460399,0.991757524761614,1.04161412804078,1.04161412804078,0.99788807446257,1.10608846650187,1.18143949801692,1.18143949801692,1.21532647851225,1.10156232953279,1.19102845684441,1.19102845684441,0.502715168181484,1.46339861219425,0.992140931768182,0.992140931768182,0.943391768462102,1.07562511268233,0.962019382236406,0.962019382236406,0.915767882004615,1.02521342268932
9,0.978861024290543,0.978861024290543,0.955115555954568,1.01638200496687,1.01991170713936,1.01991170713936,0.996828570695559,0.994688410112089,1.05175900977113,1.05175900977113,1.01020341672917,1.1135668495658,1.21194733478282,1.21194733478282,1.25444487048828,1.07326109608145,1.24541807328395,1.24541807328395,0.523914271137051,1.46244174046614,0.971748342181022,0.971748342181022,0.936804152824287,1.05090276919164,0.964530261055912,0.964530261055912,0.916492958166812,1.02516060828441
10,0.982289920565483,0.982289920565483,0.96027488437772,1.01738253380874,1.02625450110167,1.02625450110167,1.00515739783825,0.997402316478758,1.06520595104509,1.06520595104509,1.02255785532043,1.12755702196429,1.23623936780236,1.23623936780236,1.2882733116051,1.04842067315674,1.27047962601026,1.27047962601026,0.546797624857096,1.45394380821405,0.962934764437497,0.962934764437497,0.937585624875439,1.03675820898421,0.968023243109882,0.968023243109882,0.918158315744826,1.02690678454671
11,0.985330192798204,0.985330192798204,0.965403502512638,1.01887441650934,1.03246023971706,1.03246023971706,1.01339551165586,0.998981255853217,1.07737980912151,1.07737980912151,1.03833973837319,1.13530249013763,1.25707071008745,1.25707071008745,1.31778805888823,1.02159939157534,1.26560841267874,1.26560841267874,0.570781355743267,1.42277712906966,0.958206336347857,0.958206336347857,0.942029036207613,1.02747039927208,0.971656071579116,0.971656071579116,0.920406382932642,1.02847471219244
12,0.988543450122888,0.988543450122888,0.970580745270592,1.01988258297595,1.03789145625565,1.03789145625565,1.02031660238355,1.00155829855318,1.09060130857923,1.09060130857923,1.05204300016507,1.14564885854325,1.27219023271372,1.27219023271372,1.34115011654541,0.999195197113461,1.20775855504508,1.20775855504508,0.595034566751755,1.35809715678096,0.957708956114024,0.957708956114024,0.948461649124539,1.02329733476948,0.976191545092325,0.976191545092325,0.923528514535161,1.03084805951303
13,0.991529220203347,0.991529220203347,0.975486713815821,1.02143811254944,1.04441592823598,1.04441592823598,1.028756301368,1.00342765595211,1.10303376168015,1.10303376168015,1.07072452729647,1.15039915798946,1.28384906460553,1.28384906460553,1.36026659132418,0.975675346626548,1.16354809473969,1.16354809473969,0.606734495395664,1.31467340645259,0.957384001027919,0.957384001027919,0.954319460284832,1.01969185863817,0.980704770312195,0.980704770312195,0.926677132938125,1.033257716737
14,0.995116883617486,0.995116883617486,0.980538556230157,1.02287907775172,1.04976746143333,1.04976746143333,1.03625190982114,1.00528032265999,1.11213763267085,1.11213763267085,1.08427140378974,1.15670109473806,1.29167761743203,1.29167761743203,1.37690836806151,0.95324838367436,1.14234991810389,1.14234991810389,0.61171987765852,1.28781265008473,0.958438447123645,0.958438447123645,0.961184789130908,1.01771174920649,0.985240243825403,0.985240243825403,0.929875414091925,1.03541650553765
15,0.997915450653218,0.997915450653218,0.985457320728817,1.02413673996007,1.05564171734918,1.05564171734918,1.04462777350275,1.00726985303457,1.11726311866926,1.11726311866926,1.09453418901191,1.15949277004848,1.29910298298848,1.29910298298848,1.39127977962322,0.933257649184999,1.12494792840921,1.12494792840921,0.614729072357721,1.26505277255165,0.958690453108788,0.958690453108788,0.967178227671979,1.01466741157863,0.989181370073741,0.989181370073741,0.933159777347173,1.03791858797021
16,1.00115951354222,1.00115951354222,0.990521959096583,1.02522382854907,1.06212794132572,1.06212794132572,1.05390069117674,1.00882876357975,1.12259415455893,1.12259415455893,1.10060063538768,1.16085999144197,1.30770431141587,1.30770431141587,1.4051971181498,0.914655792604352,1.10798266818564,1.10798266818564,0.617625983672624,1.2442522037952,0.957854854315948,0.957854854315948,0.971576429877226,1.01102968610804,0.992950866630619,0.992950866630619,0.936066703696072,1.04001796056534
17,1.00402206136539,1.00402206136539,0.995901377918738,1.02603596264718,1.0676101552027,1.0676101552027,1.06393291297911,1.00977679483207,1.12183163076874,1.12183163076874,1.10700591657713,1.15708900406365,1.31086261169781,1.31086261169781,1.41505050301202,0.898899997312053,1.08977440869816,1.08977440869816,0.618591620777591,1.22595772766,0.957158521988581,0.957158521988581,0.976885273067701,1.00761770601241,0.995827253126382,0.995827253126382,0.938887547943523,1.04124919637977
18,1.00716422892626,1.00716422892626,1.00146249927961,1.02661387625304,1.07155288692701,1.07155288692701,1.07027612622856,1.01080494140149,1.12079062002909,1.12079062002909,1.1097100790325,1.15504771072732,1.31684322286998,1.31684322286998,1.42756021512971,0.881163343363064,1.07354822911799,1.07354822911799,0.623442262979289,1.20684307575785,0.957324315399859,0.957324315399859,0.981748483435618,1.00417347657749,0.999240776989862,0.999240776989862,0.941754744091754,1.04258936190434
19,1.00928033422931,1.00928033422931,1.00650666412188,1.02705431261345,1.07464778790058,1.07464778790058,1.0765017481307,1.01042773178349,1.11943796913171,1.11943796913171,1.11352197068644,1.15129580085682,1.31979992951689,1.31979992951689,1.43500701290576,0.867046879372855,1.05305553855089,1.05305553855089,0.624565096822274,1.18786511981686,0.956223447148975,0.956223447148975,0.986166060980977,1.00066474846402,1.0018374706551,1.0018374706551,0.944631872790151,1.04335186987521
20,1.01143198441428,1.01143198441428,1.01080610447451,1.02640256863504,1.07576972934517,1.07576972934517,1.08020419569474,1.00860177018131,1.11654037872899,1.11654037872899,1.1164281308192,1.14783641277283,1.32534375447986,1.32534375447986,1.44338466040382,0.853567933111235,1.03961770867083,1.03961770867083,0.630875423019853,1.17098316861365,0.956548402235079,0.956548402235079,0.991436153491229,0.998078351453909,1.00416400647266,1.00416400647266,0.947330215585542,1.04342448968196
21,1.01273292709219,1.01273292709219,1.01482915223304,1.02548605366539,1.07605021470632,1.07605021470632,1.08323805245547,1.00660890166852,1.11463738457434,1.11463738457434,1.11757495634244,1.14410358041014,1.32594853538491,1.32594853538491,1.45101308739392,0.83899609931489,1.02755725635348,1.02755725635348,0.635636238514112,1.15788313900252,0.95715189025213,0.95715189025213,0.997126045037225,0.996085342286514,1.00641426242736,1.00641426242736,0.950227209384273,1.04366215450405
22,1.01399358557061,1.01399358557061,1.0184222559563,1.02424621258145,1.07639444674046,1.07639444674046,1.08639622006907,1.00461603315572,1.11156739748862,1.11156739748862,1.12044853620464,1.13918794256285,1.33340749988054,1.33340749988054,1.45907288376739,0.829524407347265,1.01784842426514,1.01784842426514,0.640554250746388,1.14519319727486,0.958690453108788,0.958690453108788,1.00316469270522,0.994621222283283,1.00882661309066,1.00882661309066,0.953600965591025,1.04411437784608
23,1.01468078662087,1.01468078662087,1.02165707298352,1.02301400912225,1.0756422359992,1.0756422359992,1.08853974234299,1.00252302049656,1.10937265510121,1.10937265510121,1.12022699036493,1.13515622924438,1.32994680914608,1.32994680914608,1.46213787675449,0.815362406376442,1.01331315668062,1.01331315668062,0.64585402648528,1.1349182175277,0.960315228539309,0.960315228539309,1.00942292756115,0.99358924342638,1.01092748764723,1.01092748764723,0.956888639696329,1.04403515623872
24,1.01555519071587,1.01555519071587,1.02482279186221,1.02157049804505,1.07531712796696,1.07531712796696,1.09057239277515,1.0003231874146,1.10449250284399,1.10449250284399,1.12235122400456,1.13043772564452,1.33172755292206,1.33172755292206,1.46518016608983,0.807120212885384,1.0098193209118,1.0098193209118,0.65283805298865,1.12614689335329,0.963239824314248,0.963239824314248,1.01662409563582,0.99293780677296,1.01326673677528,1.01326673677528,0.960341856304417,1.04403515623872
25,1.01579689591286,1.01579689591286,1.02757648104044,1.01990040410036,1.07393063782947,1.07393063782947,1.09149968454255,0.998276908690403,1.10162806564954,1.10162806564954,1.12333514817507,1.12475262831532,1.33129076671286,1.33129076671286,1.46910789784366,0.795758736222296,1.00572078279838,1.00572078279838,0.659238205893667,1.11828687558661,0.965932309313399,0.965932309313399,1.02326337884726,0.99318935161933,1.01520551662325,1.01520551662325,0.963801694612617,1.0438833148246
26,1.01631822084754,1.01631822084754,1.030066573578,1.01829141115364,1.07308599441237,1.07308599441237,1.09280998812691,0.996120471405202,1.09716564381652,1.09716564381652,1.12376520774628,1.12071455582757,1.32735969083003,1.32735969083003,1.46942574896825,0.786446423686819,1.00511608045378,1.00511608045378,0.667681916392919,1.11313799438294,0.968976276344458,0.968976276344458,1.02976057623123,0.994131032326254,1.01699809340072,1.01699809340072,0.967360858422488,1.04340138337981
27,1.01622343449578,1.01622343449578,1.03224444485186,1.01611214222581,1.07157838559621,1.07157838559621,1.09312244513549,0.994080868957434,1.09347900705699,1.09347900705699,1.12488596905309,1.11411373812319,1.32615012901993,1.32615012901993,1.46972089644108,0.777384564544717,1.00427621608628,1.00427621608628,0.676215453599609,1.10828528776177,0.972663521811275,0.972663521811275,1.03707153789986,0.995646751272331,1.01907671966396,1.01907671966396,0.970867048631467,1.04320993116202
28,1.01596514168723,1.01596514168723,1.03435065878651,1.01440895190721,1.06959905139993,1.06959905139993,1.09362640805256,0.991550560192446,1.089686280031,1.089686280031,1.12520525570444,1.10938887535406,1.32084149663115,1.32084149663115,1.46953926722703,0.768026715028627,1.00444418895978,1.00444418895978,0.684838817513738,1.10211118684939,0.975873282253611,0.975873282253611,1.04410478636023,0.996040193211525,1.02050061043755,1.02050061043755,0.974826825298077,1.04275440691968
29,1.015898791241,1.015898791241,1.03625213746627,1.01205910936003,1.06770258787853,1.06770258787853,1.09356929225529,0.989357403386908,1.08442155055787,1.08442155055787,1.12480126034967,1.10332222786854,1.31116500215033,1.31116500215033,1.46440824193011,0.758919318905911,1.00488091843088,1.00488091843088,0.696022242589874,1.09611934721856,0.979606949875586,0.979606949875586,1.05120907773435,0.997504313214756,1.02216923243785,1.02216923243785,0.97868396561296,1.04200180164973
30,1.01524713507264,1.01524713507264,1.03791817060292,1.00973217968709,1.06542364431921,1.06542364431921,1.09296453675481,0.98724770003668,1.08020446246604,1.08020446246604,1.12612401933386,1.09698213610431,1.2988677904143,1.2988677904143,1.45857340342876,0.75019898711841,1.00679580918879,1.00679580918879,0.707475147788326,1.0912666405974,0.982518282177623,0.982518282177623,1.0568214679199,0.998284747225289,1.023262577139,1.023262577139,0.982236507722719,1.04113696576934
31,1.01473291911434,1.01473291911434,1.03927966004791,1.00726522689378,1.06244030002336,1.06244030002336,1.09187933660673,0.9848542549384,1.07541050855032,1.07541050855032,1.12506190251404,1.09059753015518,1.28925849381182,1.28925849381182,1.4525796393651,0.745668057547359,1.00679580918879,1.00679580918879,0.718321722711566,1.08445462519961,0.987412503678541,0.987412503678541,1.0638999255072,1.00078729595328,1.02421607542489,1.02421607542489,0.985928105534817,1.03967136603312
32,1.01376846798518,1.01376846798518,1.04038778961499,1.00457169123298,1.05989043310384,1.05989043310384,1.09106963618665,0.982390708937659,1.07040437410169,1.07040437410169,1.12426042785859,1.08502689787287,1.27558372556984,1.27558372556984,1.4442246955188,0.736264671050655,1.0095505643142,1.0095505643142,0.732963476024098,1.0797613971998,0.990927323997629,0.990927323997629,1.06963502618012,1.00278675498853,1.02525221022889,1.02525221022889,0.989791867549811,1.03824867800089
33,1.01276610231531,1.01276610231531,1.04138075560119,1.00162865983044,1.05641623942599,1.05641623942599,1.08898658946278,0.980217580961396,1.06396602105582,1.06396602105582,1.12400630174833,1.07759938816313,1.25895225068094,1.25895225068094,1.43230527834677,0.728978754152483,1.01075996900341,1.01075996900341,0.747201009153154,1.07299494712239,0.993739180252899,0.993739180252899,1.07519574879204,1.00374133543116,1.02581477421757,1.02581477421757,0.993347720509626,1.03643318283215
34,1.01134193738011,1.01134193738011,1.04203334922614,0.998451407935658,1.05252450504006,1.05252450504006,1.08661796375258,0.977263328643435,1.05875433671592,1.05875433671592,1.1216800704313,1.0692815947553,1.23670975295073,1.23670975295073,1.41530024318134,0.7186418595532,1.01341394040472,1.01341394040472,0.762988052985531,1.06420084028779,0.996862728121372,0.996862728121372,1.0806402193633,1.00524415464153,1.02603725715094,1.02603725715094,0.997029385771558,1.03419187152383
35,1.00989407585696,1.00989407585696,1.04139355155462,0.995095944796776,1.04848934063992,1.04848934063992,1.08417542348121,0.974632875732074,1.05020080898249,1.05020080898249,1.11839597916021,1.06053773700624,1.21483684355139,1.21483684355139,1.39888550296157,0.712061765854538,1.01546320946143,1.01546320946143,0.779920387337753,1.05440429640469,1.0003045993395,1.0003045993395,1.08546467905099,1.00665667570192,1.02610082370333,1.02610082370333,1.00036341177764,1.03209910072931
36,1.00783721202376,1.00783721202376,1.04072304359487,0.991781215656545,1.04432987022744,1.04432987022744,1.08079551218409,0.972266135739493,1.04362984310355,1.04362984310355,1.11582865384114,1.05038214367879,1.18570656329144,1.18570656329144,1.37945117705821,0.701565491823108,1.01606791180603,1.01606791180603,0.798469602423874,1.04485836178371,1.00232064722063,1.00232064722063,1.0894624575606,1.00752095799457,1.02493437746693,1.02493437746693,1.00290945547047,1.02945177868325
37,1.00597229055287,1.00597229055287,1.04003462130031,0.98819153202542,1.03957755575618,1.03957755575618,1.07778181394005,0.969765870218416,1.03508294601177,1.03508294601177,1.11253804651594,1.0416001309141,1.14888212596168,1.14888212596168,1.35736052389938,0.691069217791678,1.01855391033384,1.01855391033384,0.81971361873316,1.03389990223075,1.00532482383299,1.00532482383299,1.09356357121748,1.00888188011211,1.02170837493301,1.02170837493301,1.0028399276193,1.02501536867091
38,1.0039414929664,1.0039414929664,1.038895781445,0.984731688014995,1.03488580062426,1.03488580062426,1.07390465923143,0.967719591494223,1.02676812137787,1.02676812137787,1.10931911578594,1.0307959023209,1.0929062933053,1.0929062933053,1.33061562213051,0.677886261904047,1.01804999171334,1.01804999171334,0.841384311902781,1.02029865409536,1.00687665016255,1.00687665016255,1.09678633612265,1.00980421121547,1.01795477001423,1.01795477001423,1.00261478981551,1.01977023808339
39,1.00207657149551,1.00207657149551,1.03785930921714,0.981131820884207,1.03002192947527,1.03002192947527,1.07013501661178,0.965272736184545,1.01867873856021,1.01867873856021,1.10589818737855,1.02093918994923,1.04149991637597,1.04149991637597,1.30125980040967,0.667572135795071,1.01734450564464,1.01734450564464,0.866648073369956,1.00615062211534,1.00312971906767,1.00312971906767,1.0929048096537,1.00605038812349,1.01401364376589,1.01401364376589,1.00207843210649,1.01449870029343
40,0.999623974643703,0.999623974643703,1.03657459549272,0.977419935257128,1.0253206123424,1.0253206123424,1.066046197478,0.963560271281591,1.01037717520962,1.01037717520962,1.10269880481088,1.01183921872094,0.998022889090649,0.998022889090649,1.26080189298003,0.668369032955809,1.01516085828913,1.01516085828913,0.893146952064414,0.989633193475223,0.997466216138423,0.997466216138423,1.08672407615822,1.0016709278495,1.0096911182032,1.0096911182032,1.00136328849446,1.00864290314916
41,0.997685593750199,0.997685593750199,1.03538457182369,0.973718233129712,1.02017306849861,1.02017306849861,1.06133918383262,0.962291778760884,1.00616008711779,1.00616008711779,1.10007935105893,1.0050476259384,0.953369898934391,0.953369898934391,1.21882284088272,0.66921146709716,1.010356834107,1.010356834107,0.923283812410146,0.971612109262348,0.992028192248513,0.992028192248513,1.07952290808355,0.997355966254076,1.00486006022136,1.00486006022136,1.00085672843594,1.00249002497727
42,0.995680862410462,0.995680862410462,1.03403587833212,0.969991072253139,1.01656181947383,1.01656181947383,1.05703534052088,0.962912672468388,1.00246018907496,1.00246018907496,1.09759673444328,0.99663444499149,0.905693004252879,0.905693004252879,1.17707082530297,0.66921146709716,1.00612391769479,1.00612391769479,0.954678246660022,0.952702501301934,0.986086156388319,0.986086156388319,1.07172756291213,0.992505665626632,0.999860550875689,0.999860550875689,0.99981049981834,0.996396563010909
43,0.994052906818974,0.994052906818974,1.03262576426409,0.966383567497604,1.01283263910403,1.01283263910403,1.05276845448974,0.965369542192704,0.993959706474755,0.993959706474755,1.09400638862905,0.987184719453236,0.861241607731639,0.861241607731639,1.13808865523748,0.672535666681951,0.999774543076457,0.999774543076457,0.992517747168634,0.933291674817269,0.980488970823583,0.980488970823583,1.06224010470434,0.987777912488444,0.994654450234739,0.994654450234739,0.998969543904194,0.989699036288402
44,0.992396515321957,0.992396515321957,1.03110048661518,0.96266913599561,1.00998316282146,1.00998316282146,1.04891481805058,0.968350499616364,0.987527984070546,0.987527984070546,1.08692343781223,0.981016325259355,0.817193398480432,0.817193398480432,1.09971948376941,0.677749650962206,0.99369392505573,0.99369392505573,1.03354609579133,0.915726243808258,0.974294928978247,0.974294928978247,1.05195179910528,0.982695416618196,0.988955708812748,0.988955708812748,0.997761083633866,0.983430626605779
45,0.99134201715862,0.99134201715862,1.02964174792411,0.960255646575534,1.00647709580711,1.00647709580711,1.04489319397241,0.970106360316079,0.984789529067517,0.984789529067517,1.08171059452478,0.973919492351756,0.774690740431022,0.774690740431022,1.06673107776758,0.686993658026762,0.9870421992651,0.9870421992651,1.07199192657515,0.899459424430264,0.969413970950231,0.969413970950231,1.04123077757707,0.978496552644171,0.983641545032731,0.983641545032731,0.997231347624955,0.977746476277461
46,0.990057662092264,0.990057662092264,1.0280806416056,0.958611011379997,1.0022953140591,1.0022953140591,1.03894979130382,0.972125933934573,0.981752695190066,0.981752695190066,1.07820495741397,0.966765426920709,0.734909596454341,0.734909596454341,1.03780662543011,0.699106494869975,0.979382636233466,0.979382636233466,1.10720399589118,0.883352083673623,0.96474522848865,0.96474522848865,1.02999953875926,0.975587662241275,0.977818848833574,0.977818848833574,0.996009643954404,0.972141547556506
47,0.989612166238989,0.989612166238989,1.02623546512093,0.95830805226503,0.998859368385038,0.998859368385038,1.03358426611347,0.975237078748516,0.980671900600493,0.980671900600493,1.07444519419289,0.959725826536559,0.756412917522817,0.756412917522817,1.01140227843759,0.715613650342397,0.975116125246547,0.975116125246547,1.14317959222043,0.869545791596502,0.960951875238616,0.960951875238616,1.01795453565679,0.972975465759739,0.977459697812556,0.977459697812556,0.995364028193544,0.966903018769607
48,0.989256717419887,0.989256717419887,1.02459758308183,0.959970508584977,0.996969279530941,0.996969279530941,1.02925690453228,0.979930501075131,0.981262027707683,0.981262027707683,1.0710894263266,0.954142475915706,0.779394591914751,0.779394591914751,0.984861709534525,0.734944098612861,0.972394964695835,0.972394964695835,1.17520281342238,0.857174807111557,0.957251366298897,0.957251366298897,1.00565765313287,0.969905328660452,0.97836552118415,0.97836552118415,0.995754708500115,0.962030889916763
49,0.989991311646032,0.989991311646032,1.02362253143043,0.963290329475039,0.995965269431378,0.995965269431378,1.02486234789548,0.985381680775957,0.982243362672449,0.982243362672449,1.0687110665767,0.949894550841982,0.801569891766617,0.801569891766617,0.960705024065871,0.761378315859044,0.973066856189838,0.973066856189838,1.20282452595982,0.846102434257628,0.955255213627113,0.955255213627113,0.994271411594171,0.968479907864354,0.979948328338724,0.979948328338724,0.996976412170666,0.959291142662115
50,0.990951023457608,0.990951023457608,1.02273705145305,0.9671778804713,0.995356488704342,0.995356488704342,1.02111958329808,0.990575823834429,0.98432538415175,0.98432538415175,1.06626103023159,0.945252357273392,0.822602827686721,0.822602827686721,0.937002411632342,0.787994681027681,0.975418476418848,0.975418476418848,1.21854419976162,0.832478403462053,0.951594495106101,0.951594495106101,0.98178723411584,0.964210095343918,0.982023776274341,0.982023776274341,0.998668256549126,0.957191770066987
51,0.992493671332512,0.992493671332512,1.02193090638693,0.970619903357315,0.994881575990581,0.994881575990581,1.01748433078965,0.995856758486424,0.987096992363048,0.987096992363048,1.063185452692,0.943122035567258,0.842157410283366,0.842157410283366,0.911778654531144,0.815066416002454,0.974007504281442,0.974007504281442,1.2313220488948,0.820699768142133,0.951355752593861,0.951355752593861,0.973358961167459,0.963623157369054,0.984963729322496,0.984963729322496,1.00078388973471,0.9571983718676
52,0.994235370546113,0.994235370546113,1.02115547160905,0.974527821352902,0.994435349279664,0.994435349279664,1.0139565903702,1.0008906709107,0.990034366615692,0.990034366615692,1.06022064807226,0.942594224517678,0.856369761552062,0.856369761552062,0.886554897429947,0.83963361704348,0.971151965431929,0.971151965431929,1.23615023441964,0.810379223074582,0.95469814776522,0.95469814776522,0.967565734474204,0.966564297111228,0.988399501479313,0.988399501479313,1.00307499797325,0.957412930387543
53,0.996441522883341,0.996441522883341,1.02023416296205,0.978580854218683,0.994428974612365,0.994428974612365,1.01053636203972,1.00608815210739,0.992169433228223,0.992169433228223,1.05623933901147,0.942250829376988,0.868095791322215,0.868095791322215,0.862784174041149,0.864041438652358,0.968632372329418,0.968632372329418,1.24061911311472,0.802200248065199,0.960049959081265,0.960049959081265,0.964129840827814,0.972349828577741,0.993338622600214,0.993338622600214,1.00627990082717,0.959753268705067
54,0.998123980627091,0.998123980627091,1.01904413929302,0.982476042839692,0.993899877226564,0.993899877226564,1.0067969571951,1.01077489815758,0.994370806257292,0.994370806257292,1.05156732821509,0.941691222481048,0.875017172791131,0.875017172791131,0.839467523687477,0.886878234430068,0.962115024837589,0.962115024837589,1.24423463808913,0.78882682653175,0.966515902121096,0.966515902121096,0.961766049334244,0.979025441808334,0.998338131945887,0.998338131945887,1.00998805288954,0.962796698787942
55,1.00009553674371,1.00009553674371,1.01777733990341,0.986396690209857,0.993648077868261,0.993648077868261,1.00317514369779,1.01492086581736,0.99506039298929,0.99506039298929,1.04583971665301,0.942460681962965,0.88173696062503,0.88173696062503,0.817694721653229,0.906459136093907,0.956773487460265,0.956773487460265,1.24443674818087,0.784771513017348,0.975999285246183,0.975999285246183,0.960907075922647,0.990183713198599,1.00238414300567,1.00238414300567,1.0123453781292,0.965717995559464
56,1.00221875102315,1.00221875102315,1.0161599313898,0.990475181824795,0.993026547806627,0.993026547806627,0.999133361102934,1.01942067612765,0.995212897747328,0.995212897747328,1.04012513719914,0.941799328358673,0.883383308644335,0.883383308644335,0.794945662593463,0.922192162895899,0.965810428054605,0.965810428054605,1.25065724767101,0.791811355017068,0.984507803112955,0.984507803112955,0.96101686951661,0.999490872514295,1.00648100730737,1.00648100730737,1.01440803771389,0.968863753551849
57,1.00350073643071,1.00350073643071,1.01372358185665,0.994543489940071,0.992309397735511,0.992309397735511,0.995232688124854,1.02357999634029,0.994576356148561,0.994576356148561,1.03278806027205,0.941316031493998,0.883114517130979,0.883114517130979,0.775238892869035,0.936786765182551,0.963761158997896,0.963761158997896,1.25025302748753,0.797689281346931,0.992399569489775,0.992399569489775,0.960603528927571,1.00785635112307,1.01201129736552,1.01201129736552,1.01828504312911,0.973405792374013
58,1.00508366850511,1.00508366850511,1.01223157368666,0.997837852080976,0.991324511637845,0.991324511637845,0.990965802093707,1.0266277165282,0.993469038992372,0.993469038992372,1.02545749939907,0.939986965116141,0.882442538347589,0.882442538347589,0.757371118936864,0.950561701818159,0.970648046811427,0.970648046811427,1.24767050964867,0.809718525928977,0.998792563428645,0.998792563428645,0.957445348489442,1.01660237193532,1.01437915144215,1.01437915144215,1.01831815162967,0.976987269206896
59,1.00670451512022,1.00670451512022,1.01071909199118,1.00153700833348,0.990068702179979,0.990068702179979,0.986339422515053,1.02978559527711,0.990306222923498,0.990306222923498,1.0171495304097,0.938975857201886,0.880560997754098,0.880560997754098,0.739185493880104,0.95998785680517,0.972294180971734,0.972294180971734,1.2500509173958,0.820221332278074,1.00963545252621,1.00963545252621,0.96042915086657,1.02816053513264,1.01642281610157,1.01642281610157,1.01758976461741,0.979618086751419
60,1.00810735312628,1.00810735312628,1.00914263052855,1.00493065959609,0.98840810134864,0.98840810134864,0.981881030575421,1.03238934308277,0.987740164603469,0.987740164603469,1.0088936898532,0.937634072485485,0.878343467768911,0.878343467768911,0.723088604784921,0.968867568024818,0.967154211042611,0.967154211042611,1.24771542300239,0.825119604219627,1.01771290752366,1.01771290752366,0.960642279607794,1.03651956387355,1.02122844746244,1.02122844746244,1.02012256491002,0.984523224607332
61,1.00946042829766,1.00946042829766,1.00722835589536,1.00799080124475,0.986613632504025,0.986613632504025,0.977227772974524,1.03459251430295,0.983655689344714,0.983655689344714,0.99969302145085,0.934893270529235,0.874378792946911,0.874378792946911,0.706832790127443,0.974013246834152,0.967490156789613,0.967490156789613,1.24895054022967,0.836647630277421,1.0215195242466,1.0215195242466,0.957258053535033,1.04256953992215,1.02425103702871,1.02425103702871,1.02142703983196,0.989094971532256
62,1.01085615732733,1.01085615732733,1.00543436322441,1.0108701857744,0.984509992295418,0.984509992295418,0.972611472654212,1.03616477740098,0.979385556119651,0.979385556119651,0.990231710884127,0.932667561284021,0.872665247049267,0.872665247049267,0.69491337295541,0.981504080145086,0.963593186124395,0.963593186124395,1.23942890924115,0.853233406898121,1.02591636551368,1.02591636551368,0.953195690558381,1.05142520848795,1.02740393802738,1.02740393802738,1.02256266140107,0.993330026625887
63,1.01187274094997,1.01187274094997,1.00370946870199,1.01372920330472,0.982297982742731,0.982297982742731,0.967807026178195,1.03750003268594,0.974193763704707,0.974193763704707,0.980320792583862,0.930569035424247,0.875420360061165,0.875420360061165,0.692597600476272,0.984122456530367,0.956202379690363,0.956202379690363,1.23356771658077,0.862893254820067,1.0335097037502,1.0335097037502,0.952911518903416,1.0614225036642,1.0309541299785,1.0309541299785,1.02467829458665,0.997538674517063
64,1.0126926428927,1.0126926428927,1.00194362712859,1.01618597259837,0.979493129131255,0.979493129131255,0.962921945635448,1.0385949420196,0.968829574606764,0.968829574606764,0.970305617417847,0.927440324142402,0.878981847613131,0.878981847613131,0.692279749351685,0.987127897250863,0.952506976473346,0.952506976473346,1.22923357794684,0.876585633596222,1.03890130548495,1.03890130548495,0.951219405867036,1.06990407989437,1.03410067432193,1.03410067432193,1.02657872251862,1.00149975488523
65,1.01355045937613,1.01355045937613,0.999832294812568,1.01851290227131,0.976838080201301,0.976838080201301,0.957855438442558,1.03900219488151,0.96434726084878,0.96434726084878,0.962251774538736,0.924852142248681,0.88439127681942,0.88439127681942,0.693051673511397,0.991248993996392,0.941286388523496,0.941286388523496,1.21555746173928,0.88911609670252,1.0460304221699,1.0460304221699,0.952672556375378,1.0790177431744,1.03648442003665,1.03648442003665,1.02655885741829,1.0053155956399
66,1.01413102578066,1.01413102578066,0.997639068394591,1.02074308869745,0.974014102587928,0.974014102587928,0.953232418616685,1.03949623933694,0.960528011256177,0.960528011256177,0.955598883293127,0.922467453771666,0.890002299660725,0.890002299660725,0.696457221274835,0.994117823775047,0.931879907607454,0.931879907607454,1.20338594288132,0.904107087109691,1.05422724842347,1.05422724842347,0.955494897584912,1.08850549879005,1.04026027324877,1.04026027324877,1.02898902135917,1.01032966320593
67,1.014472256647,1.014472256647,0.995369066256032,1.02270850413237,0.971792531034293,0.971792531034293,0.949405660199774,1.03922251200353,0.956781698721767,0.956781698721767,0.949434696105716,0.919682137630511,0.895075739475319,0.895075739475319,0.699635732520711,0.996485746766954,0.916896727291187,0.916896727291187,1.18757644237208,0.919098077516862,1.06003664955464,1.06003664955464,0.955772610793173,1.09580674920264,1.04395348994278,1.04395348994278,1.0311609389957,1.01528101366614
68,1.01499595124048,1.01499595124048,0.993859143751241,1.02451862119743,0.969848257508156,0.969848257508156,0.946314687641778,1.03909232461324,0.952664070254743,0.952664070254743,0.942879545671747,0.91671876474974,0.902165115640082,0.902165115640082,0.706605753609881,0.998944743720087,0.902484654744823,0.902484654744823,1.16615277264792,0.935706636797755,1.06627048181868,1.06627048181868,0.957445348489442,1.10420447715069,1.04564753856404,1.04564753856404,1.03155824100239,1.01989567229505
69,1.0154248594822,1.0154248594822,0.992308274195472,1.02600032039836,0.967671308625613,0.967671308625613,0.943425300250607,1.0385415318082,0.948639270770872,0.948639270770872,0.936852195620632,0.914505773843069,0.906432180914608,0.906432180914608,0.712054630031381,1.00003763125481,0.899696305044711,0.899696305044711,1.15620446479907,0.954502331457202,1.07437446376194,1.07437446376194,0.961462502339169,1.11326654148787,1.04791050782921,1.04791050782921,1.03226014121419,1.02354976893469
70,1.01556703900984,1.01556703900984,0.990521959096583,1.02723506973247,0.96570472376393,0.96570472376393,0.940673662723434,1.03828115702763,0.944269677921002,0.944269677921002,0.930512074972271,0.911879436933716,0.914697519950303,0.914697519950303,0.720341462922414,1.00165419406659,0.897613441413301,0.897613441413301,1.14978185521719,0.970928629456549,1.08165611038525,1.08165611038525,0.964982355792707,1.12118052934675,1.05030061019917,1.05030061019917,1.03390563369187,1.02820073746697
71,1.01548884026963,1.01548884026963,0.988840570815824,1.02822032332484,0.963483152210295,0.963483152210295,0.938016098274113,1.03724967232001,0.939177345130866,0.939177345130866,0.924992977141682,0.909386642579075,0.919703761886558,0.919703761886558,0.726812003672946,1.00374889517482,0.886392853463451,0.886392853463451,1.13590362891789,0.988835800368459,1.08542293668948,1.08542293668948,0.964982355792707,1.12744335103458,1.05243644635956,1.05243644635956,1.03468699430502,1.03259753667564
72,1.01544144709375,1.01544144709375,0.987381832124754,1.0292361274162,0.961306203327752,0.961306203327752,0.935919612539124,1.03617812995383,0.934562418539804,0.934562418539804,0.918815757846053,0.907491610136007,0.928641079705643,0.928641079705643,0.737709756515948,1.00673156740501,0.887871014750258,0.887871014750258,1.12894205909138,1.00863393207641,1.09255205337443,1.09255205337443,0.969277222850695,1.13524769113991,1.05352979106072,1.05352979106072,1.03470023770524,1.03627143871711
73,1.01517367565003,1.01517367565003,0.985452202347445,1.02983440802139,0.959078257106818,0.959078257106818,0.933480432020531,1.03502313413235,0.929509869599591,0.929509869599591,0.912918728877125,0.905431239291865,0.936570429349644,0.936570429349644,0.745247368899024,1.00641280854071,0.888542906244261,0.888542906244261,1.12415878692026,1.02941171817267,1.09949548143874,1.09949548143874,0.973875636903758,1.14304558137738,1.05483926204,1.05483926204,1.03486909105808,1.03965816243189
74,1.01475424604349,1.01475424604349,0.983678683201986,1.03035122062928,0.957060674906745,0.957060674906745,0.931246196421544,1.03397495873366,0.924782222100415,0.924782222100415,0.907275826018459,0.903746059434774,0.943794201271085,0.943794201271085,0.757325711633351,1.0083936671974,0.887568663577957,0.887568663577957,1.11681545358713,1.05034898289029,1.10356073588327,1.10356073588327,0.976252345290735,1.1485537685261,1.05615826800215,1.05615826800215,1.03527632561493,1.04348720678779
75,1.01406230567564,1.01406230567564,0.981551995741848,1.03055998237236,0.954966596699086,0.954966596699086,0.929011960822557,1.03246612026166,0.919762826368471,0.919762826368471,0.902154207488539,0.902614127304351,0.953773086204425,0.953773086204425,0.769154314198359,1.01335719808428,0.88609050229115,0.88609050229115,1.10423971454569,1.07146850888945,1.10649859513111,1.10649859513111,0.977576326865002,1.15398455726056,1.05651741902316,1.05651741902316,1.0348227391573,1.04652073416974
76,1.01328031827361,1.01328031827361,0.979658194634143,1.03069236786798,0.952987262502805,0.952987262502805,0.92716409679332,1.03082041812295,0.914869412827949,0.914869412827949,0.897241102690117,0.90211175293186,0.964927934008697,0.964927934008697,0.779802326872042,1.01822965500994,0.890390607852769,0.890390607852769,1.09968100914317,1.09352212395653,1.11086890945239,1.11086890945239,0.980908885364132,1.15926054916647,1.05652059735078,1.05652059735078,1.0339784723931,1.04946843814372
77,1.01188695890273,1.01188695890273,0.977362600588723,1.03041486750217,0.95109079898141,0.95109079898141,0.925648848289346,1.02908458625251,0.911169514785115,0.911169514785115,0.89208038783554,0.901851026991706,0.972924481531037,0.972924481531037,0.793651554443357,1.02225967779424,0.89291020095528,0.89291020095528,1.09229276245633,1.11500617251878,1.11368739744411,1.11368739744411,0.983511639385739,1.16285312556207,1.05561795230681,1.05561795230681,1.03275676872255,1.05173285575419
78,1.01048649055547,1.01048649055547,0.975100276022222,1.02940924691047,0.9495353801605,0.9495353801605,0.924335184952197,1.02727197720319,0.907038625034783,0.907038625034783,0.88752566601313,0.90245514807255,0.98263457495102,0.98263457495102,0.807319152800621,1.02471867474737,0.897445468539801,0.897445468539801,1.08860986745134,1.13767491941109,1.11685736746774,1.11685736746774,0.987160661773353,1.16685849350042,1.05287187724345,1.05287187724345,1.02987301832404,1.05264720513917
79,1.00860972079061,1.00860972079061,0.972692077586614,1.02808793782923,0.947763222651431,0.947763222651431,0.922890491256612,1.02563962761733,0.902934257851067,0.902934257851067,0.883277198733858,0.903192811708107,0.994965385626224,0.994965385626224,0.822689525039605,1.03113938901389,0.902988573365325,0.902988573365325,1.08384905195708,1.1606398408859,1.11748075069414,1.11748075069414,0.989201530931735,1.16861930742501,1.04853028171504,1.04853028171504,1.02599601290882,1.05068316945662
80,1.00666660057952,1.00666660057952,0.970089380658864,1.02648149075742,0.946577534533853,0.946577534533853,0.921990077511457,1.02372353628342,0.899599045099193,0.899599045099193,0.879152536482663,0.904909787411558,1.00521306207292,1.00521306207292,0.839830782115577,1.03726411290641,0.907423057225745,0.907423057225745,1.08158092759425,1.18339971841898,1.11443015192663,1.11443015192663,0.992320960689641,1.1660329104149,1.04311123312358,1.04311123312358,1.02131116008001,1.04851117705475
81,1.00432063837344,1.00432063837344,0.967665827079139,1.02435823107774,0.945296226406792,0.945296226406792,0.92116357832747,1.02232819451064,0.896900373946087,0.896900373946087,0.876272440566346,0.90759335684436,1.01861903880155,1.01861903880155,0.860286772347961,1.0442768079209,0.916527186969486,0.916527186969486,1.0787064729562,1.20732151162191,1.10525846041475,1.10525846041475,0.99060947231315,1.15808022334889,1.0364113185014,1.0364113185014,1.01542446868099,1.04497591282616
82,1.00153391963168,1.00153391963168,0.964963321714631,1.02141774555011,0.944317714976425,0.944317714976425,0.921180377091373,1.02089279507932,0.894917812091594,0.894917812091594,0.874167755089038,0.909965326982831,1.03094984947675,1.03094984947675,0.876973956388808,1.05208640009613,0.922607804990213,0.922607804990213,1.07542779813469,1.22784868845605,1.09503232280714,1.09503232280714,0.987664420616244,1.14841187143328,1.02799510696463,1.02799510696463,1.00773005315156,1.03973738403926
83,0.999024450968817,0.999024450968817,0.96264213576235,1.01780260316983,0.943877862932807,0.943877862932807,0.921069505249618,1.01938729474553,0.893452440286099,0.893452440286099,0.871952296691872,0.913946166947129,1.03911439169494,1.03911439169494,0.882059574382208,1.05878033624633,0.934097149537664,0.934097149537664,1.07212666663631,1.25097308855221,1.082504972651,1.082504972651,0.982052030430694,1.13657636391817,1.01582211218146,1.01582211218146,0.998062370988934,1.03118805224463
84,0.996967587135612,0.996967587135612,0.960717624366413,1.01562842599183,0.943836427595365,0.943836427595365,0.92154659014444,1.01844593976964,0.893306566169715,0.893306566169715,0.871339787605596,0.920470674620244,1.04674135088641,1.04674135088641,0.884852123548228,1.0700962759288,0.940580902454793,0.940580902454793,1.06314399589242,1.26878912882335,1.0652226674594,1.0652226674594,0.972822910091048,1.11921331965077,1.00439920271652,1.00439920271652,0.989348213642348,1.02087273878587
85,0.995496029024529,0.995496029024529,0.959320306251809,1.01374447855422,0.944171097628552,0.944171097628552,0.921916162950287,1.01732432533028,0.894791829900171,0.894791829900171,0.871079145441224,0.926683582999029,1.05372993023367,1.05372993023367,0.887690080017759,1.08179927994649,0.952305409025145,0.952305409025145,1.05537398569896,1.28963526290019,1.04082450905577,1.04082450905577,0.959667054155529,1.09485861862786,0.995595235210149,0.995595235210149,0.981610757062193,1.0150664551462
86,0.994142953853146,0.994142953853146,0.957961375997497,1.01232897210109,0.945002991711047,0.945002991711047,0.923592679587722,1.01656656795607,0.896522427371819,0.896522427371819,0.872414936533633,0.935185792315749,1.0576610061165,1.0576610061165,0.89350221486736,1.09625727129131,0.966515914123309,0.966515914123309,1.04861452596419,1.29350831513305,1.00978798246458,1.00978798246458,0.94204195310102,1.06303497062811,0.987331583399118,0.987331583399118,0.973896476432427,1.01062344333324
87,0.992932058209404,0.992932058209404,0.956901871053457,1.01110949801648,0.9465934712021,0.9465934712021,0.925410305841935,1.01593899797214,0.899121638900118,0.899121638900118,0.874408849091083,0.943808825848638,1.05712342308979,1.05712342308979,0.901312271071511,1.11208137205452,0.978710744739463,0.978710744739463,1.03700442402772,1.28478255627902,0.989362234195167,0.989362234195167,0.930862381856845,1.04187940406159,0.979859335165374,0.979859335165374,0.966301386404666,1.0080322365924
88,0.992166658418938,0.992166658418938,0.955975444025093,1.01061814415775,0.948292320037232,0.948292320037232,0.928108187324622,1.01475395890674,0.902098797002685,0.902098797002685,0.876676435921124,0.953004184616011,1.05483869522626,1.05483869522626,0.919452488824758,1.12763225093406,0.987277361288001,0.987277361288001,1.02234021403833,1.25530179398893,0.968863536824789,0.968863536824789,0.92089054014627,1.02225890604472,0.973979429069064,0.973979429069064,0.960384897355141,1.0073060385249
89,0.991564765085258,0.991564765085258,0.955509671320226,1.01093892439713,0.950810313620262,0.950810313620262,0.931430982824468,1.01383930903655,0.905990983653479,0.905990983653479,0.879413178647035,0.96265740357097,1.04778291800067,1.04778291800067,0.939181962200942,1.1391531070293,0.999875326800557,0.999875326800557,1.00879883789192,1.20604568265109,0.950400782544901,0.950400782544901,0.912643103705593,1.00554729843075,0.968039134747981,0.968039134747981,0.954511449356341,1.00714759531017
90,0.991161923090275,0.991161923090275,0.955008069945752,1.01120369538836,0.954019958605212,0.954019958605212,0.935452606902644,1.01321507719083,0.910572757036271,0.910572757036271,0.883694226196854,0.973569738041794,1.03656087231806,1.03656087231806,0.957753549337558,1.14903463182244,1.0104240232564,1.0104240232564,0.991866503539702,1.17674718164254,0.933370483338453,0.933370483338453,0.905803608646332,0.990989946680555,0.962982415505154,0.962982415505154,0.94901543826389,1.00689012508624
91,0.991019743562634,0.991019743562634,0.954892906364879,1.01131062213482,0.957918067658434,0.957918067658434,0.939853883045008,1.01243729098734,0.915797702659484,0.915797702659484,0.889675963869204,0.985931963106643,1.0228525051369,1.0228525051369,0.975507805010948,1.16080594131105,1.02470171750397,1.02470171750397,0.976708246659398,1.16296367222561,0.916174390720727,0.916174390720727,0.898996405820589,0.977174329733764,0.958570896769111,0.958570896769111,0.944287544384359,1.00701886019821
92,0.991093202985249,0.991093202985249,0.955097641619766,1.01123424588735,0.962211406084183,0.962211406084183,0.944594494218197,1.01193323211727,0.933070524167694,0.933070524167694,0.898049093399672,0.999216267715939,1.01116007430592,1.01116007430592,0.992876098604482,1.17683495848703,1.03740046674062,1.03740046674062,0.958159031573277,1.15034207847854,0.910849106350486,0.910849106350486,0.892828589218517,0.965745163893561,0.954636127176012,0.954636127176012,0.939417283952434,1.00776486366755
93,0.991645333484254,0.991645333484254,0.955635071663844,1.01099493364527,0.967193208578202,0.967193208578202,0.949718117208354,1.01220695945069,0.950615201983711,0.950615201983711,0.904741080969936,1.01487890163298,0.998829263630716,0.998829263630716,1.00931354247601,1.20515896042868,1.04821791979407,1.04821791979407,0.940889847068159,1.14091005715853,0.906372684245988,0.906372684245988,0.886002011052663,0.956231608806485,0.951219424984913,0.951219424984913,0.935599873838219,1.00865280585008
94,0.99224485715914,0.99224485715914,0.956195534424097,1.01077598840252,0.972694546457075,0.972694546457075,0.95467039280671,1.01226704593851,0.96899534064811,0.96899534064811,0.913179371041497,1.03239205380818,0.984482516605342,0.984482516605342,1.02200488380776,1.25527240759392,1.05570950995221,1.05570950995221,0.921172884785333,1.13011107622692,0.902035528606962,0.902035528606962,0.880899838156708,0.946511657948028,0.948651336268254,0.948651336268254,0.932312199732916,1.00925356970591
95,0.993074237737045,0.993074237737045,0.957129639024519,1.01112477326597,0.978387124354911,0.978387124354911,0.960324856736175,1.01240057146701,0.988874004326273,0.988874004326273,0.920868314890487,1.05283042384852,0.976284375447986,0.976284375447986,1.03644440632473,1.28361917802588,1.05806113018122,1.05806113018122,0.904622313939726,1.11347973428583,0.899608313065856,0.899608313065856,0.878258333454878,0.937946233435732,0.946970000957471,0.946970000957471,0.930282648648775,1.01073567394367
96,0.994076603406914,0.994076603406914,0.958048388480824,1.0123467932255,0.985600060403514,0.985600060403514,0.966147308304662,1.01444017391478,1.01015836403505,1.01015836403505,0.931808769740024,1.07682356951194,0.965297522339561,0.965297522339561,1.04790975046164,1.29163368661387,1.05728845496311,1.05728845496311,0.894674006090874,1.09771413343209,0.896498028670286,0.896498028670286,0.875681413220085,0.929909698087598,0.945225099094296,0.945225099094296,0.928378909866752,1.01129682699583
97,0.995514986294881,0.995514986294881,0.959407318735136,1.0137419326793,0.99365126520191,0.99365126520191,0.973172551368544,1.01813549291589,1.04088475745886,1.04088475745886,0.943922114329237,1.10861941587215,0.952697920151001,0.952697920151001,1.05537925188945,1.28808180212601,1.0539625920678,1.0539625920678,0.891215677854479,1.08254088174337,0.894826831084607,0.894826831084607,0.874040967757335,0.922369802564349,0.944103149444567,0.944103149444567,0.926839364590854,1.01208574216915
98,0.997069482463755,0.997069482463755,0.960953069909533,1.01561569661725,1.00243555673967,1.00243555673967,0.981568573566841,1.02322281555156,1.06498713987051,1.06498713987051,0.961723974155881,1.12745527525594,0.939829526449085,0.939829526449085,1.06291686427252,1.26788615122389,1.04791556862177,1.04791556862177,0.88571379202385,1.07087615972442,0.892850573622176,0.892850573622176,0.873136785218811,0.914733159023266,0.943607330335906,0.943607330335906,0.92538921226646,1.01306610956027
99,0.999014972333641,0.999014972333641,0.962619103046175,1.01784079129357,1.01228760504998,1.01228760504998,0.989507669386999,1.03205886739975,1.08295617875237,1.08295617875237,0.971706569051349,1.14220854796707,0.934386498303627,0.934386498303627,1.07220265784083,1.2491704521917,1.03867706057923,1.03867706057923,0.884860438303181,1.06060117997726,0.893009735297003,0.893009735297003,0.874034509310631,0.910037655224356,0.94348337555874,0.94348337555874,0.924929004108719,1.01397055624434
100,1.00123534262363,1.00123534262363,0.964917256282282,1.02156031454539,1.0255851610353,1.0255851610353,0.999919543253555,1.04207662017512,1.09480513538776,1.09480513538776,0.979063194140764,1.15278384646648,0.923735634586897,0.923735634586897,1.07585794577359,1.22637919339461,1.02984168743309,1.02984168743309,0.879852599363465,1.05310568477367,0.895072205333298,0.895072205333298,0.875629745646455,0.906483778035896,0.943842526579758,0.943842526579758,0.924607851653317,1.01524140286246
101,1.00442016404279,1.00442016404279,0.96779634580413,1.02444224494995,1.03469456060529,1.03469456060529,1.00788887684874,1.04737090737996,1.10520198150095,1.10520198150095,0.982940246335805,1.16124154159829,0.917015846752999,0.917015846752999,1.07985378848269,1.20470359062254,1.01821796458684,1.01821796458684,0.866917553492272,1.04574688553125,0.896604136453504,0.896604136453504,0.877825617525727,0.902813803226034,0.944859591418039,0.944859591418039,0.924879341357884,1.01664428549285
102,1.00656233559258,1.00656233559258,0.970148242044644,1.02634401351198,1.04233141202927,1.04233141202927,1.01509554656276,1.05085258553548,1.11441857339977,1.11441857339977,0.983507143043316,1.1677914859485,0.907339352272184,0.907339352272184,1.07987649213445,1.18173018390299,1.00572078279838,1.00572078279838,0.842439775715187,1.03822860766747,0.899276726243301,0.899276726243301,0.880964422623745,0.900988490622887,0.946191310690663,0.946191310690663,0.925392523116516,1.01831454104809
103,1.00856232761473,1.00856232761473,0.972748379781708,1.02802429095633,1.04796024325412,1.04796024325412,1.02019565128346,1.05319262042236,1.11747529920218,1.11747529920218,0.982666572063214,1.16642426455501,0.903173083815167,0.903173083815167,1.08609729271566,1.15900723057682,0.99382830335453,0.99382830335453,0.827236605481163,1.03282911720166,0.902625753151111,0.902625753151111,0.884535943650914,0.89997586136955,0.947478533376612,0.947478533376612,0.926084490778156,1.0200640182107
104,1.01029928751074,1.01029928751074,0.975072124924675,1.02939142578606,1.05243525969788,1.05243525969788,1.02471115902036,1.05481161745537,1.11658679322057,1.11658679322057,0.980040602257161,1.16320652490335,0.897864451426387,0.897864451426387,1.08848117615007,1.13701286894046,0.982876472002281,0.982876472002281,0.809518287438851,1.02588040584271,0.906976172263039,0.906976172263039,0.888772684688568,0.899040630530482,0.949042270565468,0.949042270565468,0.927018150493862,1.02164845035797
105,1.01193672173741,1.01193672173741,0.97756733584361,1.03039959225267,1.05638755342314,1.05638755342314,1.02871598433463,1.05494848112208,1.11368257217619,1.11368257217619,0.976561029362788,1.15995063023607,0.894101370239404,0.894101370239404,1.09293109189429,1.11444929504643,0.974141882580242,0.974141882580242,0.796965005074273,1.02223518021179,0.911187324909493,0.911187324909493,0.89335172340152,0.899098679341183,0.950961980447723,0.950961980447723,0.928739792522822,1.02346394552671
106,1.01319501055703,1.01319501055703,0.979796390931192,1.03071782661714,1.05689752680705,1.05689752680705,1.02992549533559,1.05249161139776,1.11059269316551,1.11059269316551,0.97445634388548,1.1552575633133,0.889397518755675,0.889397518755675,1.10033248236683,1.09304691415805,0.964332266767799,0.964332266767799,0.781492354717933,1.01802038807604,0.915159735043707,0.915159735043707,0.897975971241398,0.899704966919613,0.952586105861353,0.952586105861353,0.929968117893485,1.02518041368625
107,1.01398173727664,1.01398173727664,0.981759290187421,1.0305497988727,1.05707601749141,1.05707601749141,1.03132987199781,1.04926363174638,1.10631592929879,1.10631592929879,0.970396842175377,1.15025925626548,0.886239218473742,0.886239218473742,1.10612191356468,1.07039226630279,0.955463299046959,0.955463299046959,0.77161141689966,1.01410177052279,0.919702474512717,0.919702474512717,0.903323565112095,0.900595048683692,0.954756903625558,0.954756903625558,0.931918208576288,1.0268539701418
108,1.01461680583344,1.01461680583344,0.983755458922569,1.03039959225267,1.0566425401151,1.0566425401151,1.03195478601497,1.04618253017635,1.10342496953773,1.10342496953773,0.968181383778211,1.14554711183489,0.88768397285803,0.88768397285803,1.11629314955148,1.04912649635625,0.944847413441712,0.944847413441712,0.757912844015236,1.0086567147366,0.924590064277184,0.924590064277184,0.908141566353086,0.902097867894057,0.956708396784009,0.956708396784009,0.933990800711152,1.02861665090563
109,1.01522106882591,1.01522106882591,0.985526418877341,1.02983949977122,1.05561621867999,1.05561621867999,1.0317599203537,1.0422869228825,1.09937364748724,1.09937364748724,0.967001977984425,1.13877459656017,0.889666310269031,0.889666310269031,1.12455727879075,1.0288397714929,0.937288634134178,0.937288634134178,0.747223465830014,1.00733532044539,0.929411336677141,0.929411336677141,0.914516053249678,0.904155375740008,0.95883151963392,0.95883151963392,0.935947513094067,1.0296201245989
110,1.01547225265808,1.01547225265808,0.9875942449517,1.02917502641823,1.05390143317661,1.05390143317661,1.03115180510044,1.03812092639344,1.09257723979207,1.09257723979207,0.96373091882155,1.13188761623855,0.887616774979691,0.887616774979691,1.12989263695347,1.00841643568771,0.929393909079643,0.929393909079643,0.73974539243573,1.0062873180765,0.934564195899653,0.934564195899653,0.920380322856674,0.906464428432329,0.960519211599942,0.960519211599942,0.938109498180435,1.03056418208665
111,1.01540116289426,1.01540116289426,0.989024832545222,1.02834761707063,1.05298666841923,1.05298666841923,1.03125595743664,1.03429542000205,1.08555539028067,1.08555539028067,0.959417291001184,1.12503243176329,0.887213587709657,0.887213587709657,1.13597721562415,0.988311858746816,0.920592130508204,0.920592130508204,0.729886911294317,1.00362174683389,0.939073776686407,0.939073776686407,0.925734375174075,0.909057275310298,0.963090478644221,0.963090478644221,0.940847571176494,1.03206609172624
112,1.01560495355054,1.01560495355054,0.990734371923528,1.02730126248028,1.05111570356703,1.05111570356703,1.03108796979761,1.02992913522025,1.08127862641396,1.08127862641396,0.957501571093046,1.11749681617592,0.896822884312133,0.896822884312133,1.149962665106,0.97055243630752,0.913940404717574,0.913940404717574,0.721016523934732,1.00170800337766,0.943835363458303,0.943835363458303,0.931624478567887,0.911604973113278,0.965067398423629,0.965067398423629,0.942877122260634,1.03265365198085
113,1.01542722914099,1.01542722914099,0.992466944018009,1.02599777452344,1.04869332999348,1.04869332999348,1.02985158077442,1.02525574172291,1.0741639479194,1.0741639479194,0.956843449628006,1.10843499996326,0.89900681535815,0.89900681535815,1.1561380583837,0.953772058951416,0.908296516167949,0.908296516167949,0.713493537186728,1.00038660908645,0.948829061005988,0.948829061005988,0.937850421190293,0.914500963780463,0.967015713254461,0.967015713254461,0.945529113155244,1.03329732754068
114,1.0151452397445,1.0151452397445,0.994048523862011,1.02448297894861,1.04592991171945,1.04592991171945,1.02776181454499,1.02077262210367,1.06619391665151,1.06619391665151,0.952803496080231,1.0998056072611,0.902232313518421,0.902232313518421,1.16535574099674,0.935443424254451,0.90171197952672,0.90171197952672,0.708328501508995,0.997743820504027,0.952217878332505,0.952217878332505,0.943482186715955,0.916913214358474,0.969046664603402,0.969046664603402,0.948247321050969,1.0337924625867
115,1.01452912845806,1.01452912845806,0.995543091222686,1.02258121038658,1.04440636623503,1.04440636623503,1.02803059476742,1.01667338837886,1.05996774413857,1.05996774413857,0.949147989724907,1.09295042278584,0.917183841448846,0.917183841448846,1.18408625369565,0.919459944059084,0.896034496402394,0.896034496402394,0.701793608542819,0.997584341882674,0.956475453134117,0.956475453134117,0.949256038069099,0.919583459650711,0.971172965780933,0.971172965780933,0.95099863744725,1.03414895981984
116,1.01417367963896,1.01417367963896,0.997769587119582,1.02074818044729,1.04095129655908,1.04095129655908,1.0266262181052,1.01114209336094,1.05403995050005,1.05403995050005,0.950392556059785,1.08417476919042,0.929951438333254,0.929951438333254,1.20104588155757,0.903453695373411,0.89059217530097,0.89059217530097,0.697481926585755,0.994440334776003,0.960660078834767,0.960660078834767,0.955727401666247,0.922311753753648,0.973188025491777,0.973188025491777,0.954309487502944,1.03425128772935
117,1.01357652562286,1.01357652562286,1.00005750359294,1.01851799402114,1.03712649617979,1.03712649617979,1.02439870201178,1.00603474189599,1.04556599046646,1.04556599046646,0.948502900368085,1.07405097170933,0.940803895685,0.940803895685,1.21605299536845,0.889747064208724,0.88390685493564,0.88390685493564,0.693417268074147,0.991888676834357,0.963942788378066,0.963942788378066,0.961443126999057,0.925014248385164,0.975724330932239,0.975724330932239,0.958312305220277,1.0341786679226
118,1.01268790357511,1.01268790357511,1.00207414585358,1.01615542209938,1.03424195922708,1.03424195922708,1.02248700267971,1.00126454239049,1.03882262790452,1.03882262790452,0.945961639265452,1.06637545439797,0.95142116046256,0.95142116046256,1.22872163304844,0.877201626049683,0.879875505971622,0.879875505971622,0.693462181427867,0.987696667358795,0.968730902095767,0.968730902095767,0.968644295073728,0.928651973855747,0.97853397254799,0.97853397254799,0.963046820799919,1.03374624998241
119,1.01194383071379,1.01194383071379,1.00381183632943,1.01366810230675,1.0309016335625,1.0309016335625,1.02221150295172,0.99683149484444,1.03355789843139,1.03355789843139,0.947004207922942,1.05671587627374,0.956393803459646,0.956393803459646,1.23451106424629,0.862652560743644,0.875508211260603,0.875508211260603,0.692159694170003,0.984894400155023,0.974142399039872,0.974142399039872,0.977944458327115,0.931173872187305,0.981137022868464,0.981137022868464,0.967771403829394,1.03293422850693
120,1.01093909538512,1.01093909538512,1.0056749271489,1.01098729602052,1.02751987256048,1.02751987256048,1.02012845622785,0.992895829892037,1.02606527336257,1.02606527336257,0.948177097662619,1.0477176517538,0.962676805084341,0.962676805084341,1.23925612746335,0.853454090659701,0.870636997929081,0.870636997929081,0.695685392436978,0.980770738660042,0.979467683410113,0.979467683410113,0.987683795956356,0.934308507965148,0.983406348788878,0.983406348788878,0.972390039657086,1.0318977458106
121,1.00958128089615,1.00958128089615,1.00737678895515,1.00792970024678,1.02404567888263,1.02404567888263,1.01786734260662,0.988382667028892,1.02135751778835,1.02135751778835,0.949832175406384,1.04006757111954,0.967111865054714,0.967111865054714,1.24865543929044,0.837880443289857,0.873257374755693,0.873257374755693,0.705341763486654,0.974049853903027,0.983904315095905,0.983904315095905,0.996732079788296,0.936901354843117,0.985430943482581,0.985430943482581,0.976829889581771,1.03066320909585
122,1.00824479333633,1.00824479333633,1.0091707816261,1.00501721934323,1.02118664059912,1.02118664059912,1.01712819699492,0.983809417677923,1.01751174562914,1.01751174562914,0.95490166550343,1.03413446618872,0.967179062933053,0.967179062933053,1.24885977215624,0.825744837956338,0.878968452454718,0.878968452454718,0.722319011192595,0.968240275553744,0.987293132422421,0.987293132422421,1.00546389973175,0.938920163481934,0.987331583399118,0.987331583399118,0.981322713107347,1.02884771392711
123,1.00676138693128,1.00676138693128,1.01090335372058,1.00170503607791,1.01660644214492,1.01660644214492,1.01548527788529,0.978475072814531,1.00972737232755,1.00972737232755,0.95974309370665,1.02322849088717,0.971009341998375,0.971009341998375,1.25376376093559,0.820599159147004,0.880950532362027,0.880950532362027,0.737499724749759,0.959970169903587,0.989945827002865,0.989945827002865,1.01381467131969,0.940571329652979,0.98893981717465,0.98893981717465,0.985706278581086,1.02596272705896
124,1.00516186724532,1.00516186724532,1.01237744755577,0.997960054076929,1.01345416916566,1.01345416916566,1.01356349929489,0.974839840301242,0.998959210281738,0.998959210281738,0.957358217902641,1.01344808854677,0.970001373823291,0.970001373823291,1.2527193929548,0.809601978328825,0.883335747165738,0.883335747165738,0.756116309866459,0.949285102272944,0.993208641336811,0.993208641336811,1.02172626853177,0.942738485252476,0.990160294980586,0.990160294980586,0.989781934999644,1.0232658915083
125,1.00356234755936,1.00356234755936,1.01394623144634,0.994253260199682,1.01205811702722,1.01205811702722,1.01501827224881,0.97182883963367,0.991983775261916,0.991983775261916,0.958869942456002,1.00495859756859,0.962777601901849,0.962777601901849,1.25026739856513,0.798194964685123,0.882428693648834,0.882428693648834,0.773295667664138,0.936481247244327,0.994329404797048,0.994329404797048,1.02824284125585,0.9436801659594,0.99132356288937,0.99132356288937,0.993642386164583,1.01992207949751
126,1.00217372750606,1.00217372750606,1.01623926630107,0.990439539575976,1.00685638851139,1.00685638851139,1.0136642918783,0.966928452737888,0.984849204842402,0.984849204842402,0.961313462746995,0.996062119757006,0.966372688392985,0.966372688392985,1.25451298144355,0.792844369463027,0.882529477372934,0.882529477372934,0.793259653392421,0.922128171322567,0.994873207186039,0.994873207186039,1.03474649708651,0.944441250366366,0.99192426680948,0.99192426680948,0.997482972229188,1.01654195758334
127,1.00016662650753,1.00016662650753,1.01788226672154,0.986452699458002,1.00182040134533,1.00182040134533,1.0103683744007,0.963019492891184,0.97598403695124,0.97598403695124,0.96249938459489,0.986218125723885,0.955789022554595,0.955789022554595,1.24565855725861,0.78651472915774,0.880916937787327,0.880916937787327,0.814818063177743,0.906362570468825,0.994030976656748,0.994030976656748,1.03973887638851,0.944131656709295,0.992490009125773,0.992490009125773,1.00117125919123,1.0123036015894
128,0.998237724249204,0.998237724249204,1.01913371096704,0.982440400590872,0.998355769668432,0.998355769668432,1.00876577232443,0.960602680825417,0.966442543611388,0.966442543611388,0.963880788066064,0.977079999479961,0.963483179624409,0.963483179624409,1.24720240557803,0.790499214961428,0.874668346893099,0.874668346893099,0.836915433207699,0.885744262993916,0.993871814981922,0.993871814981922,1.04533834968065,0.944383201555665,0.993138387960177,0.993138387960177,1.00461785409921,1.00817087440528
129,0.996337257896404,0.996337257896404,1.02017786076696,0.978537574345117,0.993252848495735,0.993252848495735,1.00599733603336,0.95729124771873,0.959652766557873,0.959652766557873,0.966239599653635,0.970371075897957,0.967817442777273,0.967817442777273,1.24216219488815,0.803386180475071,0.867411918757867,0.867411918757867,0.859529306805427,0.864875346256882,0.991736395844664,0.991736395844664,1.04896153828145,0.944486399441355,0.993300482668778,0.993300482668778,1.00777309420228,1.00354961397576
130,0.99441072529687,0.99441072529687,1.02115803079973,0.974527821352902,0.988133990654791,0.988133990654791,1.00238896154717,0.954557312522786,0.954620109542621,0.954620109542621,0.971243929209588,0.966116791654961,0.970975743059206,0.970975743059206,1.23991453336428,0.811992669811037,0.855452250164613,0.855452250164613,0.884770611595742,0.839859985364672,0.989594344970956,0.989594344970956,1.05266868668939,0.944015559087893,0.99354203556787,0.99354203556787,1.01111374190848,0.998859034639785
131,0.992424951227485,0.992424951227485,1.02180550604331,0.970719192479027,0.984752229652772,0.984752229652772,1.00072588392086,0.954253541945459,0.951125761391056,0.951125761391056,0.976834703635379,0.964450689305686,0.972588492139342,0.972588492139342,1.23228610637418,0.821396056307741,0.841947231135153,0.841947231135153,0.908125555529841,0.815254712355942,0.986795752188588,0.986795752188588,1.05564603061982,0.94468634534488,0.994069637952728,0.994069637952728,1.01450405236551,0.994105738197986
132,0.990965241410372,0.990965241410372,1.02277032093197,0.967070953724841,0.98150114933038,0.98150114933038,0.998374056974557,0.95459069390491,0.951298158074055,0.951298158074055,0.986986715937689,0.967191491261936,0.975142011516223,0.975142011516223,1.22265975802952,0.832279394674387,0.822462377809066,0.822462377809066,0.93228893983089,0.788166129386145,0.984288955810069,0.984288955810069,1.05728001763586,0.946963148697923,0.994689411838555,0.994689411838555,1.01791753877293,0.989236910245449
133,0.989806478260098,0.989806478260098,1.0235739068074,0.963409985596076,0.979563250471542,0.979563250471542,0.997104070423554,0.956570209864855,0.955535138090848,0.955535138090848,0.998279037709129,0.96873041022577,0.97205090911263,0.97205090911263,1.20769805152215,0.845667266974779,0.801700930644374,0.801700930644374,0.956452324131939,0.761692678241566,0.981749000749294,0.981749000749294,1.06000548214484,0.949691442800861,0.995385465587254,0.995385465587254,1.02146677003263,0.984529826407945
134,0.989287522984209,0.989287522984209,1.02465388527693,0.960044338957532,0.977338491584257,0.977338491584257,0.995333480708267,0.95919398649979,0.957278996845804,0.957278996845804,1.0115522399298,0.971115098702786,0.97268928895685,0.97268928895685,1.18138451913666,0.85757518740523,0.779595700491675,0.779595700491675,0.98036868498753,0.73544705369892,0.980721081599372,0.980721081599372,1.06191072392245,0.955535023078075,0.996510593564602,0.996510593564602,1.02522458484584,0.979964681283634
135,0.989408375582704,0.989408375582704,1.02612286073074,0.95842007076132,0.976560782173802,0.976560782173802,0.994994145677443,0.963239810013202,0.960886065905484,0.960886065905484,1.02330068548889,0.973270857086008,0.975612396664596,0.975612396664596,1.14823718757253,0.870644300841327,0.755743552454569,0.755743552454569,1.00560998977785,0.71544387804923,0.980847084591943,0.980847084591943,1.0642486816292,0.961888142915885,0.997944019321054,0.997944019321054,1.02927375446396,0.974851586708393
136,0.990135860832467,0.990135860832467,1.02805504969874,0.958618649004744,0.976863578870496,0.976863578870496,0.995111737024758,0.969442070811815,0.964924126672662,0.964924126672662,1.03435191325829,0.975750933102104,0.979509873608257,0.979509873608257,1.11213838128008,0.884715227850923,0.734847726991076,0.734847726991076,1.03293976551611,0.698949232069303,0.981821949850256,0.981821949850256,1.06784603644318,0.968279961960829,1.00142110973693,1.00142110973693,1.03454131690257,0.971501172896986
137,0.991152444455099,0.991152444455099,1.02956753139421,0.960431311944717,0.982830267462181,0.982830267462181,0.995891199669818,0.975397309382711,0.969280458239224,0.969280458239224,1.04609384276327,0.979203962016823,0.985087297510393,0.985087297510393,1.07601687133588,0.899696894472791,0.77398540651675,0.77398540651675,1.061931335342,0.687375640691122,0.984202743236204,0.984202743236204,1.07165651999839,0.975258718980637,1.00539084093384,1.00539084093384,1.03973935149,0.969553641715971
138,0.992422581568691,0.992422581568691,1.03103906603871,0.962826980240383,0.988602528701253,0.988602528701253,0.997396368915452,0.981689699913058,0.97449214257913,0.97449214257913,1.05676062334022,0.983070336934225,0.992915850336885,0.992915850336885,1.03726173778796,0.917752307286075,0.817826326500446,0.817826326500446,1.09399946989767,0.67760187946821,0.987339554577579,0.987339554577579,1.0761645157976,0.981515090800613,1.00991995779181,1.00991995779181,1.04544394613596,0.96848084911626
139,0.993804092645602,0.993804092645602,1.03260017235723,0.966439576745749,0.994387539274923,0.994387539274923,0.998599160410846,0.988556250215936,0.980353629801109,0.980353629801109,1.06716024569868,0.986338949940054,0.999770033927462,0.999770033927462,0.994919427262545,0.935010822938622,0.860726598392537,0.860726598392537,1.13258004074265,0.672954216788783,0.993964659292237,0.993964659292237,1.08381777514154,0.990680353023484,1.01265014121707,1.01265014121707,1.04903952929645,0.965467127136147
140,0.995586076058701,0.995586076058701,1.03390535960713,0.970105636624346,0.99954464511966,0.99954464511966,0.999264391461371,0.995062281591876,0.986566541030742,0.986566541030742,1.0756376320949,0.990879396800292,1.00588504085631,1.00588504085631,0.957662734730533,0.953726521970803,0.90628084168594,0.90628084168594,1.17183431189342,0.669924122983078,1.00253949452352,1.00253949452352,1.09213625449595,1.00130973524959,1.01613040996056,1.01613040996056,1.05302910361356,0.963486586952064
141,0.997595546716026,0.997595546716026,1.03530523691242,0.973904081998558,1.00474318630184,1.00474318630184,1.00007073212867,1.00145481626859,0.992222478361453,0.992222478361453,1.0843170161685,0.995470717014706,1.01018570507001,1.01018570507001,0.925151105415578,0.972305610061143,0.95341402999025,0.95341402999025,1.21257072371694,0.669195077856893,1.00606094657906,1.00606094657906,1.0937766999587,1.0079530991409,1.01995711641459,1.01995711641459,1.05743915588774,0.963555905858507
142,0.999559993856265,0.999559993856265,1.03654900358586,0.977598146501226,1.00955606011244,1.00955606011244,1.00103498117666,1.00755025664441,0.997553514251128,0.997553514251128,1.09099597163055,0.999947572182224,1.01475516079706,1.01475516079706,0.895681765435961,0.99083916117087,1.00014408339816,1.00014408339816,1.25474436285948,0.667896466225877,1.01065010820323,1.01065010820323,1.09663779184846,1.01544784558916,1.02486127593168,1.02486127593168,1.06221340166805,0.964975292990433
143,1.00187988981561,1.00187988981561,1.03789257869606,0.981299848628642,1.01395776788227,1.01395776788227,1.00204626676357,1.0133953366543,1.00306357746545,1.00306357746545,1.09724486752138,1.00371220039127,1.01593112366799,1.01593112366799,0.86750653360645,1.00550206892844,1.04213730177335,1.04213730177335,1.29545831800613,0.666051070750222,1.01874082667358,1.01874082667358,1.10106182784052,1.02595468032601,1.02961287572302,1.02961287572302,1.06662676479229,0.967186896195992
144,1.00381590105032,1.00381590105032,1.03892905092392,0.98482333951196,1.0180503042881,1.0180503042881,1.00227137019986,1.01894999863971,1.00734697197382,1.00734697197382,1.10215145626569,1.00401108134706,1.01808145577484,1.01808145577484,0.843599588307115,1.02041543007939,1.09336902819107,1.09336902819107,1.32723451576262,0.677852488730336,1.02679175472523,1.02679175472523,1.10505960635014,1.03643571559143,1.03475223148396,1.03475223148396,1.07101364111609,0.969794607438368
145,1.00583722000161,1.00583722000161,1.03995272719836,0.988334101020699,1.02187829200104,1.02187829200104,1.00245279685,1.02424428584455,1.00536441011933,1.00536441011933,1.10159107561229,1.00348327029748,1.01814865365318,1.01814865365318,0.820169419694661,1.03312024767058,1.14863210357282,1.14863210357282,1.35211651372318,0.690337386516247,1.03488910493203,1.03488910493203,1.10865050271742,1.04640721129626,1.03920506847906,1.03920506847906,1.07478138847947,0.971880776432269
146,1.00781588509461,1.00781588509461,1.04080237850614,0.991849954279269,1.02517399499452,1.02517399499452,1.00244271759166,1.02897776582972,1.00251986484984,1.00251986484984,1.09751202573986,1.00260570493794,1.01616631624218,1.01616631624218,0.799463689292958,1.04568845431993,1.18602286521409,1.18602286521409,1.37493249741265,0.702617240360419,1.04336446411655,1.04336446411655,1.1131003724963,1.05711399193663,1.04396620325326,1.04396620325326,1.07840345844039,0.974950613717597
147,1.00968554588309,1.00968554588309,1.04144985374972,0.995157045794753,1.02705770918132,1.02705770918132,1.00212018132474,1.03235262356244,1.00031186117912,1.00031186117912,1.09296381997156,1.00172178040912,1.01539354064128,1.01539354064128,0.780347214514192,1.05454539704927,1.21501498318032,1.21501498318032,1.39566001015416,0.711206303253282,1.05003599098636,1.05003599098636,1.11572896030472,1.06564716710964,1.04793911277779,1.04793911277779,1.08144281879152,0.977380076343406
148,1.0113063924982,1.0113063924982,1.04189771211978,0.998400490437344,1.02717882786,1.02717882786,0.998538684860798,1.03495303322989,0.997076108052052,0.997076108052052,1.08756852716905,1.00095868009648,1.01468796291872,1.01468796291872,0.763682734125102,1.0643813848618,1.23832961802222,1.23832961802222,1.41120003054108,0.7189296250588,1.05847819148863,1.05847819148863,1.11945548405278,1.07584440818942,1.05234427485859,1.05234427485859,1.08462454569504,0.98034098391861
149,1.01267842493993,1.01267842493993,1.04133980855021,1.00165157270468,1.02703539784577,1.02703539784577,0.994574176579889,1.03727637742571,0.993959706474755,0.993959706474755,1.08199078485148,0.999852184643143,1.01156326157595,1.01156326157595,0.746950142780743,1.07289680023654,1.26060282104842,1.26060282104842,1.42691970434288,0.728726168941906,1.06374379023081,1.06374379023081,1.12079238252045,1.08315210846986,1.0564252475222,1.0564252475222,1.08740234889177,0.982935491559758
150,1.01372818378568,1.01372818378568,1.04037499366156,1.00460224173197,1.02635012111115,1.02635012111115,0.990747418162979,1.03957969279225,0.990670908214459,0.990670908214459,1.07625014118117,0.998287829002221,1.0108576838534,1.0108576838534,0.733895543020897,1.07975011581888,1.27605632541049,1.27605632541049,1.43837260954133,0.737155753213415,1.07069385003157,1.07069385003157,1.12322075848106,1.09144663853222,1.05948915534752,1.05948915534752,1.08932264192407,0.985315440680965
151,1.01462154515102,1.01462154515102,1.03926942328517,1.00736197014058,1.02542260701918,1.02542260701918,0.987196159474063,1.040644558882,0.987156668137932,0.987156668137932,1.0698318278835,0.996831579238923,1.00759858675395,1.00759858675395,0.718388948871376,1.08528285896343,1.28986369561225,1.28986369561225,1.44753493370009,0.745927077387824,1.07526974818284,1.07526974818284,1.12417660859321,1.09785780718073,1.06246724832711,1.06246724832711,1.09049799369384,0.987751505107387
152,1.01521395984953,1.01521395984953,1.03794120331909,1.00988747805694,1.02436122491392,1.02436122491392,0.983127498856961,1.04236370006138,0.98280033657137,0.98280033657137,1.06288571420297,0.995744161293404,1.00753138887562,1.00753138887562,0.706923604734468,1.09174911021056,1.29819515013789,1.29819515013789,1.45328384297618,0.750825349329377,1.08019712836601,1.08019712836601,1.1244995309284,1.10401098111502,1.06538177475431,1.06538177475431,1.09215341872169,0.99006213532215
153,1.01573765444301,1.01573765444301,1.03631867642411,1.01213039385767,1.02297792211008,1.02297792211008,0.978927807881422,1.0436088256146,0.979637520502497,0.979637520502497,1.05590050419779,0.994955624303671,1.00517946313375,1.00517946313375,0.695980444587954,1.09703139996174,1.31206970948905,1.31206970948905,1.46121104990766,0.759095454979533,1.08456744268729,1.08456744268729,1.12426702684706,1.1103254017457,1.06737140784419,1.06737140784419,1.09238517822559,0.992224225023107
154,1.01592011817014,1.01592011817014,1.03427644225661,1.01439622253264,1.02161055597449,1.02161055597449,0.975500860045382,1.04456353314334,0.975725441926741,0.975725441926741,1.04931928954738,0.993423064509109,1.00484347374206,1.00484347374206,0.684810247923877,1.10251860612567,1.32023319114119,1.32023319114119,1.46316478079445,0.76736556062969,1.08945503245176,1.08945503245176,1.12575892803563,1.11679461920491,1.06925933445025,1.06925933445025,1.0929745095355,0.994343403020076
155,1.01615471439075,1.01615471439075,1.03236472681411,1.01632854159365,1.02004876248628,1.02004876248628,0.971391882394915,1.04542811094035,0.972754914465828,0.972754914465828,1.04174111861825,0.992977922660066,1.00477627586372,1.00477627586372,0.675501750703813,1.10827903417329,1.32775837587402,1.32775837587402,1.46624134552423,0.77670645130893,1.09356670905145,1.09356670905145,1.12557809152792,1.12181906626446,1.07138245730016,1.07138245730016,1.09321951243962,0.996723352141283
156,1.01619262893146,1.01619262893146,1.03000003462016,1.01844416364859,1.01800568161701,1.01800568161701,0.967484489911274,1.0455749890217,0.968557718298957,0.968557718298957,1.03424765639254,0.991063812709181,1.00491067162039,1.00491067162039,0.667260325116293,1.11410776769183,1.32728805182822,1.32728805182822,1.46435498466802,0.785272731541599,1.09708152937053,1.09708152937053,1.12512600025866,1.1267274157026,1.07269828493469,1.07269828493469,1.09277916938222,0.998235164481799
157,1.01573528478421,1.01573528478421,1.02761742809142,1.0200684318448,1.01606140809087,1.01606140809087,0.96340239028305,1.04601896140395,0.965713173029467,0.965713173029467,1.02687799919491,0.991343616157151,1.00595223873465,1.00595223873465,0.658678344752429,1.11986819573945,1.33316710240074,1.33316710240074,1.46482657488207,0.795137623405285,1.10185637961533,1.10185637961533,1.12505495734492,1.13257744584767,1.07412853236352,1.07412853236352,1.09204416066985,1.00102772614136
158,1.01530874620129,1.01530874620129,1.02472554261614,1.02177416803831,1.01414582056758,1.01414582056758,0.95989816813306,1.0465730923472,0.963226682409283,0.963226682409283,1.0200165942178,0.991795117175466,1.00964812204329,1.00964812204329,0.651435879842184,1.12699473320547,1.33148737366574,1.33148737366574,1.46055980627872,0.805594864433996,1.10444938856772,1.10444938856772,1.12423473461354,1.13684080850025,1.07486908269889,1.07486908269889,1.09075955084824,1.00275409700182
159,1.01464524173896,1.01464524173896,1.02165707298352,1.02318967449143,1.01189875034475,1.01189875034475,0.956414104499753,1.04678005691637,0.960541272539485,0.960541272539485,1.01324641399822,0.992163948993244,1.01351200004779,1.01351200004779,0.644579377011796,1.13537353763837,1.33094986047053,1.33094986047053,1.45952679914318,0.814912972453043,1.10937676875089,1.10937676875089,1.12540371346692,1.1426069903632,1.07562234634474,1.07562234634474,1.08938554807513,1.00492608940369
160,1.01381112184347,1.01381112184347,1.01838386809601,1.02445242844962,1.00985885680913,1.00985885680913,0.952963638394251,1.04681010016028,0.958525557476723,0.958525557476723,1.00594843339579,0.993906361373784,1.01902222607158,1.01902222607158,0.638472094689364,1.14566489525704,1.33215926515974,1.33215926515974,1.45290207946956,0.828218046005912,1.11142597531428,1.11142597531428,1.1229495037195,1.14636081345518,1.07591475248575,1.07591475248575,1.08769370369667,1.00638178643899
161,1.01277558095049,1.01277558095049,1.01480867870755,1.02559807216168,1.0073854858972,1.0073854858972,0.949543410063772,1.04662316442039,0.957332041979034,0.957332041979034,0.999816826478927,0.995839548832485,1.02963949084914,1.02963949084914,0.635248176139976,1.15843801831915,1.32681772778241,1.32681772778241,1.44733282360835,0.839518245461773,1.11455615491921,1.11455615491921,1.12172885729249,1.15073382386131,1.07604824224577,1.07604824224577,1.08549861010975,1.00843494642983
162,1.01131350147458,1.01131350147458,1.01087264343235,1.02655022938015,1.00487067964781,1.00487067964781,0.946435638741873,1.04625596921702,0.956297661881038,0.956297661881038,0.993450641614128,0.997829968814634,1.03877840230324,1.03877840230324,0.627551638194606,1.17050531818175,1.32540675564501,1.32540675564501,1.44162882768599,0.852276535170004,1.11619419382263,1.11619419382263,1.11979778172807,1.15387490950701,1.07552063986092,1.07552063986092,1.08234337000667,1.00997976777341
163,1.00926848593534,1.00926848593534,1.00663718284687,1.02713832648567,1.00241962007142,1.00241962007142,0.943411861239485,1.04618253017635,0.9560589587815,0.9560589587815,0.988061864865726,1.00167090705495,1.05430111219955,1.05430111219955,0.623692017396043,1.18726292704754,1.32030038029059,1.32030038029059,1.43194999995945,0.867039698975242,1.11978859497913,1.11978859497913,1.11857713530107,1.15805442387747,1.07465295642076,1.07465295642076,1.07919806245376,1.01164672242835
164,1.00694385065842,1.00694385065842,1.00147273604235,1.02688883074393,0.999748634473221,0.999748634473221,0.940603107915045,1.04561170854203,0.956775068080113,0.956775068080113,0.982718700496089,1.00588067711304,1.07288132556028,1.07288132556028,0.621353541265148,1.20770903134304,1.31942692134838,1.31942692134838,1.42519054022468,0.880549816469851,1.12043187341489,1.12043187341489,1.11550937311679,1.16062792115187,1.07237409551749,1.07237409551749,1.07462577852685,1.01276572763235
165,1.00408130283525,1.00408130283525,0.995842516532958,1.02613270589397,0.996589986826661,0.996589986826661,0.937491976840365,1.04436992112703,0.957000509896343,0.957000509896343,0.977264763206594,1.00974705203044,1.0913607421035,1.0913607421035,0.618197733671029,1.22580998113694,1.30971808926004,1.30971808926004,1.41191864420059,0.897636811614803,1.1216919033406,1.1216919033406,1.11282911773474,1.16343361366908,1.0684583958901,1.0684583958901,1.06867949182682,1.01161371342528
166,1.00090832971006,1.00090832971006,0.990493807999036,1.02535366816977,0.993252848495735,0.993252848495735,0.934229656890567,1.04326499737873,0.957477916095418,0.957477916095418,0.971784761700661,1.0136452227942,1.10775702441822,1.10775702441822,0.615337073549741,1.24504935544618,1.30736646903103,1.30736646903103,1.40244192656579,0.915065546662654,1.12269992728117,1.12269992728117,1.10958697748946,1.16551692098645,1.0640214505331,1.0640214505331,1.06221340166805,1.01058713342986
167,0.997789858737135,0.997789858737135,0.985403577724409,1.02418511158347,0.989520480792282,0.989520480792282,0.93121595864652,1.04133555349197,0.958737738009645,0.958737738009645,0.966141858841996,1.018058486269,1.12512767596884,1.12512767596884,0.61304400472236,1.26565483917382,1.29843031216079,1.29843031216079,1.39011321096981,0.933724545360941,1.11708947824353,1.11708947824353,1.10265706417635,1.16160830106593,1.05765843863861,1.05765843863861,1.05227422980086,1.00836562752338
168,0.994858590808939,0.994858590808939,0.980446425365458,1.0230547431209,0.985329137043315,0.985329137043315,0.927758773035457,1.03876852520664,0.958591863893261,0.958591863893261,0.959990703762804,1.02144156432173,1.14327110312037,1.14327110312037,0.610024419038778,1.28746705288772,1.29066996540505,1.29066996540505,1.37356264012421,0.953613807709665,1.11224831063422,1.11224831063422,1.09588861203083,1.15782222863466,1.05124775182982,1.05124775182982,1.04264296698885,1.00608470541138
169,0.991465239415909,0.991465239415909,0.975384346188378,1.02155267692064,0.980783999259264,0.980783999259264,0.924251191132687,1.03631165548233,0.957471285453765,0.957471285453765,0.952347372292579,1.02549871431729,1.16601758493812,1.16601758493812,0.604144173233908,1.3162236561452,1.28391745589032,1.28391745589032,1.36011109068524,0.975302900213657,1.10300367002137,1.10300367002137,1.08449591204543,1.15103696765053,1.0454314122859,1.0454314122859,1.03451814095218,1.00370145538987
170,0.988278048337959,0.988278048337959,0.970483496024521,1.0200200602214,0.975958376114065,0.975958376114065,0.920696572690991,1.03387481458729,0.957245843637535,0.957245843637535,0.945186228826444,1.02916795498726,1.20684029602905,1.20684029602905,0.59322371673915,1.35823152076123,1.26984132909096,1.26984132909096,1.33915901117513,0.998472865630212,1.0903038947175,1.0903038947175,1.06747144653437,1.14199425291691,1.0394879396372,1.0394879396372,1.02673102162118,1.00201139443278
171,0.985133511118301,0.985133511118301,0.965475159851849,1.01900680200495,0.971464235668404,0.971464235668404,0.917907977883233,1.03212229202578,0.957829340103071,0.957829340103071,0.938416048606868,1.03731405082474,1.26691519926411,1.26691519926411,0.570769805152215,1.42098148004674,1.2568738232567,1.2568738232567,1.31910519873941,1.02196178828947,1.07755106552202,1.07755106552202,1.05143512336898,1.13277094188334,1.03307089617317,1.03307089617317,1.01819565017761,0.998258270783947
172,0.981991343557437,0.981991343557437,0.960231378136056,1.01762948367556,0.967496005274896,0.967496005274896,0.915163059861621,1.03034974063501,0.962464158619094,0.962464158619094,0.932616760449579,1.04822638529557,1.2735341902805,1.2735341902805,0.545750380916824,1.4540413279722,1.2344998365064,1.2344998365064,1.28703706418374,1.04809349953115,1.06563383511937,1.06563383511937,1.0366129881839,1.12308324036416,1.02760735099503,1.02760735099503,1.0110673900077,0.996865290854475
173,0.978666712269434,0.978666712269434,0.955176976531034,1.01676897795406,0.963910254919315,0.963910254919315,0.913563817538135,1.02876746312234,0.972264246983445,0.972264246983445,0.929169767825752,1.06961863072671,1.24615105485736,1.24615105485736,0.521616399099926,1.4624429008954,1.2111516070898,1.2111516070898,1.25755144746694,1.07326833904471,1.05194593108428,1.05194593108428,1.02162939183122,1.11060919593134,1.02098371623573,1.02098371623573,1.00250553176367,0.993686523859022
174,0.9756311793543,0.9756311793543,0.95004579920543,1.01571243986405,0.961086277305943,0.961086277305943,0.9123509467844,1.02831013818724,0.990107303673884,0.990107303673884,0.9316523844414,1.09019690249104,1.19138478401109,1.19138478401109,0.49959385689636,1.46319426107553,1.18004303091746,1.18004303091746,1.21769084604095,1.10158718566495,1.04102346114931,1.04102346114931,1.00845416055559,1.10041195485157,1.0135464296058,1.0135464296058,0.993182178006842,0.991016095510817
175,0.972474793840672,0.972474793840672,0.944796899108265,1.01517526025684,0.959374679136212,0.959374679136212,0.912287111481572,1.02938501869163,1.00212865699227,1.00212865699227,0.934832218846745,1.1004415241883,1.136853705739,1.136853705739,0.480704418635157,1.4359403781783,1.13354813953245,1.13354813953245,1.17012760445209,1.12596463207175,1.02780641040225,1.02780641040225,0.994600792376062,1.08691238142971,1.00565464212627,1.00565464212627,0.983971393151902,0.986299108972393
176,0.969818406332581,0.969818406332581,0.939865338656175,1.01536110912568,0.96093965995807,0.96093965995807,0.914208890071978,1.03545709209996,1.00646509663387,1.00646509663387,0.932245345365348,1.10677525678326,1.08396897548621,1.08396897548621,0.464652936843486,1.39948802519713,1.0773108214844,1.0773108214844,1.10028733941839,1.15198243001246,1.01476841653937,1.01476841653937,0.979068228053566,1.07185838985463,0.998242782117299,0.998242782117299,0.974386482240669,0.983793725639528
177,0.967183345753637,0.967183345753637,0.934670181563418,1.01681734957746,0.963891130917419,0.963891130917419,0.919997744112661,1.04047765197138,1.00785753138117,1.00785753138117,0.925787935743018,1.10486750600164,1.03511611793377,1.03511611793377,0.451848077252959,1.36763490725793,1.03961770867083,1.03961770867083,1.05364482158077,1.17868370775897,0.994448776053168,0.994448776053168,0.95947975920112,1.05203794593423,0.98969943747574,0.98969943747574,0.964251970220191,0.979330908424727
178,0.965346860188275,0.965346860188275,0.930076434281892,1.01676643207914,0.963677579562909,0.963677579562909,0.923552362554357,1.04120202796347,0.995902484479326,0.995902484479326,0.911648098325808,1.09798688484929,0.986700046590529,0.986700046590529,0.441449804748595,1.33405138405542,0.991039953654418,0.991039953654418,0.99903018345795,1.21035160542761,0.977988806181515,0.977988806181515,0.942900926512618,1.03424276052051,0.980301122704503,0.980301122704503,0.953203663584342,0.974458779571883
179,0.962301848637966,0.962301848637966,0.925398233707725,1.01609686697632,0.961739680704071,0.961739680704071,0.925716043344955,1.04006372283305,0.983271112128792,0.983271112128792,0.8917024566972,1.08905225202207,0.941744665981746,0.941744665981746,0.435001967649819,1.30272194139327,0.931711934733953,0.931711934733953,0.935949378159023,1.22819042835894,0.953915602863989,0.953915602863989,0.919456764978039,1.0090431268085,0.968086809662275,0.968086809662275,0.940586014022094,0.967866881659194
180,0.959242619134892,0.959242619134892,0.920776335328651,1.01495122326426,0.955546691423277,0.955546691423277,0.925329671775205,1.0330169130667,0.970931488011026,0.970931488011026,0.871352819713815,1.07952621645256,0.903912260476896,0.903912260476896,0.437499369343007,1.27307736701383,0.840301096974846,0.840301096974846,0.852792303747514,1.23085599960156,0.923210663095354,0.923210663095354,0.888753309348456,0.977928964272874,0.954162556360688,0.954162556360688,0.924107913294907,0.959211921054751
181,0.957460635721793,0.957460635721793,0.918718746017037,1.01354590031079,0.946928141235287,0.946928141235287,0.920931755385621,1.02549274953598,0.957557483795264,0.957557483795264,0.851244276732474,1.06813694428633,0.870615711759927,0.870615711759927,0.442062803346014,1.24568687317477,0.673974357634404,0.673974357634404,0.712303333313164,1.17904823032206,0.886683058722645,0.886683058722645,0.854374997544445,0.939494201721086,0.945628746701988,0.945628746701988,0.915112333693588,0.953894170660489
182,0.959519869213792,0.959519869213792,0.921956122234938,1.01258610546758,0.952878893158726,0.952878893158726,0.931820714146998,1.02855716041496,0.9876208130537,0.9876208130537,0.875125615043107,1.08865798352721,1.00356671405362,1.00356671405362,0.592928569266319,1.27621941867617,0.693022481489389,0.693022481489389,0.712482986728042,1.20777716482578,0.890217774251086,0.890217774251086,0.860058430643736,0.932392897212021,0.948136447193874,0.948136447193874,0.917098843727004,0.959456187677455
183,0.962882415042499,0.962882415042499,0.928489736056518,1.01106367226799,0.960933285290771,0.960933285290771,0.946166858519438,1.03055336706596,1.00976715617747,1.00976715617747,0.891161624206127,1.10081035600608,1.03787123094567,1.03787123094567,0.666942473991706,1.2625583244921,0.719394222629007,0.719394222629007,0.719377186523973,1.23044591171808,0.894229974804007,0.894229974804007,0.865851657336992,0.924549857899557,0.950580581133368,0.950580581133368,0.919668063370222,0.963483286051757
184,0.966676238771717,0.966676238771717,0.934391229778635,1.00928155982701,0.965239373051117,0.965239373051117,0.957022219753011,1.03021621510651,1.02164926602112,1.02164926602112,0.900453517366008,1.10486750600164,1.05940815095331,1.05940815095331,0.723747010685852,1.24910214672078,0.748587908043437,0.748587908043437,0.728292487237278,1.24605203395047,0.901140244186063,0.901140244186063,0.874564101940338,0.919286765729351,0.953094638280493,0.953094638280493,0.922869655374078,0.967827270855512
185,0.970135940610979,0.970135940610979,0.94000609414391,1.00733905726634,0.968732690730865,0.968732690730865,0.965804613521058,1.02922144991922,1.0285451333411,1.0285451333411,0.903718060474774,1.10605667065551,1.05856817747408,1.05856817747408,0.766021210255996,1.22207594872662,0.782753590513489,0.782753590513489,0.736040040753878,1.2567826669015,0.906591531548874,0.906591531548874,0.882378822451864,0.913372236905725,0.955570555496183,0.955570555496183,0.926312939431999,0.970940019844829
186,0.973595642450241,0.973595642450241,0.945439255970473,1.00638690004787,0.972516055772708,0.972516055772708,0.973891538463556,1.02779606490253,1.03313353736554,1.03313353736554,0.905568619841819,1.10729670866356,1.05255396736274,1.05255396736274,0.801166463174677,1.19418454810081,0.812854329444823,0.812854329444823,0.750704250743269,1.26202267874595,0.912818732076466,0.912818732076466,0.890794178506838,0.909831259452976,0.957112044391702,0.957112044391702,0.93004095659471,0.973369482470638
187,0.976984254525683,0.976984254525683,0.950475743240692,1.00546020157856,0.974406144626805,0.974406144626805,0.980540489216029,1.02456474711294,1.04006255789379,1.04006255789379,0.909152449601941,1.10669258758272,1.05218437903187,1.05218437903187,0.840057818633139,1.17148436326494,0.83899090856154,0.83899090856154,0.762538919448337,1.2645743366876,0.919012773921802,0.919012773921802,0.899693918064593,0.906606325525153,0.959673776453121,0.959673776453121,0.934394724417947,0.975227889343369
188,0.980297037519716,0.980297037519716,0.955440573171701,1.00455641598349,0.976238861475213,0.976238861475213,0.985832099845208,1.02170730080314,1.04148151520771,1.04148151520771,0.910944364482003,1.10304878358984,1.04573338271133,1.04573338271133,0.873613815928882,1.14851095654539,0.861566462760041,0.861566462760041,0.772779164096365,1.26304789845465,0.925120603193273,0.925120603193273,0.909084499571832,0.903168545958094,0.96250248803459,0.96250248803459,0.939109374897254,0.976703391780511
189,0.983199869542384,0.983199869542384,0.959926834444412,1.0040396033756,0.97887478640327,0.97887478640327,0.991654551413695,1.01984461968063,1.04152792969928,1.04152792969928,0.910227598529978,1.10037793249558,1.03763603837148,1.03763603837148,0.905149188218318,1.12455850474264,0.88394044951034,0.88394044951034,0.784479092740274,1.263207377076,0.931831920481796,0.931831920481796,0.917648399900992,0.901659276879874,0.965849267018057,0.965849267018057,0.94317178791559,0.979977884884861
190,0.98626620802184,0.98626620802184,0.964612712590637,1.0034718732694,0.980258089207112,0.980258089207112,0.996536272203661,1.01655989167964,1.04529413415866,1.04529413415866,0.9124821532518,1.09737640459918,1.02809393964735,1.02809393964735,0.929101540821166,1.10210877330015,0.895496983207192,0.895496983207192,0.792069449518856,1.25730666808594,0.938231546157116,0.938231546157116,0.927245651702751,0.899014831059059,0.969196046001525,0.969196046001525,0.947850019044285,0.982522879021408
191,0.988775676684702,0.988775676684702,0.968843054794739,1.00288886791371,0.980423830556881,0.980423830556881,1.00010768940926,1.01273438528825,1.04451171844351,1.04451171844351,0.913498657692853,1.09099815781932,1.01945901228079,1.01945901228079,0.947832053520075,1.08195865937864,0.909304353408953,0.909304353408953,0.802287237490025,1.24876317051347,0.946242683790056,0.946242683790056,0.937546874195217,0.897847404977188,0.972631818158342,0.972631818158342,0.952720279476211,0.985209811871147
192,0.991228273536508,0.991228273536508,0.97285842498121,1.00229822493327,0.981835819363567,0.981835819363567,1.00407891719573,1.01024079604359,1.04503553913416,1.04503553913416,0.911517777243622,1.08685197945395,1.00554905146462,1.00554905146462,0.961590466484365,1.05953169642645,0.916224835797184,0.916224835797184,0.812909245644668,1.24151828457201,0.952257668751212,0.952257668751212,0.946782452981566,0.895615750699134,0.975880068985601,0.975880068985601,0.957170061951063,0.98814101134359
193,0.99373774219937,0.99373774219937,0.976835407307389,1.00163120570536,0.982766520789193,0.982766520789193,1.00813413880171,1.00672907464416,1.04487640373447,1.04487640373447,0.914534710296234,1.08056912021317,0.996746129402208,0.996746129402208,0.975280768493386,1.04113475625857,0.920659319657604,0.920659319657604,0.822767726786081,1.23261026443644,0.961223776433111,0.961223776433111,0.957974941119149,0.895602850963423,0.979242739607167,0.979242739607167,0.962255527636608,0.991075511716339
194,0.995917828289863,0.995917828289863,0.98048481322575,1.00059248873975,0.982584842771177,0.982584842771177,1.01042549019796,1.0029936979845,1.04567208073292,1.04567208073292,0.915688051873583,1.07385383746189,0.988413592488173,0.988413592488173,0.987449925834738,1.02337533381927,0.922137480944411,0.922137480944411,0.833434648294443,1.22525146519401,0.968167204497423,0.968167204497423,0.967275104372535,0.895067511931405,0.982061916205776,0.982061916205776,0.966533145908564,0.993158379809933
195,0.997680854432611,0.997680854432611,0.984213554055378,0.999571592898562,0.983184061497265,0.983184061497265,1.01352990176708,0.999548739349322,1.04235675990601,1.04235675990601,0.918392214328948,1.06674428621575,0.976317974387155,0.976317974387155,0.994238317709857,1.00361228423298,0.922171075519111,0.922171075519111,0.844079113125946,1.2151359640682,0.977385318164464,0.977385318164464,0.979533236216235,0.896628379952471,0.985402338534004,0.985402338534004,0.971708004545613,0.995554833432674
196,0.999282743777365,0.999282743777365,0.987837368066878,0.998509963058719,0.983215934833759,0.983215934833759,1.01604635659962,0.996170543478388,1.04078529783406,1.04078529783406,0.918411762491276,1.05989546090976,0.965028730826205,0.965028730826205,1.00086778402268,0.985602408400308,0.925765695012027,0.925765695012027,0.859731416897165,1.20577229072877,0.983068716303065,0.983068716303065,0.9875869192558,0.895344856249197,0.987627167867743,0.987627167867743,0.975548590610218,0.99737693040203
197,1.0007732591588,1.0007732591588,0.991148960814675,0.996710029493324,0.983442235522867,0.983442235522867,1.01849561637656,0.992949240103436,1.0373042109658,1.0373042109658,0.917779705242672,1.05181931593427,0.961971227361782,0.961971227361782,1.01337749614038,0.972760979867279,0.920760103381705,0.920760103381705,0.868287410780714,1.19440374329233,0.992233776078498,0.992233776078498,0.998766490499975,0.896834775723851,0.989826570580526,0.989826570580526,0.980091076886629,0.999268346277829
198,1.00210500740104,1.00210500740104,0.994373541079144,0.994772618682483,0.984293253607258,0.984293253607258,1.02166722300129,0.989220539720201,1.03109129973617,1.03109129973617,0.915759728468785,1.04174003263808,0.951757149854255,0.951757149854255,1.0187128543031,0.956731962691299,0.92425393915052,0.92425393915052,0.884658328211444,1.18923207942845,0.999329734081184,0.999329734081184,1.00911938056607,0.896621930084615,0.99192426680948,0.99192426680948,0.984650117413319,0.999750277722623
199,1.00351969370106,1.00351969370106,0.997690252208313,0.993150896361187,0.984328314277402,0.984328314277402,1.02478171382875,0.9855819690687,1.024984478773,1.024984478773,0.912026029464149,1.03386102191002,0.940367109475797,0.940367109475797,1.02180055094195,0.940520797592865,0.921129643703406,0.921129643703406,0.897638287436356,1.17296526005046,1.00687665016255,1.00687665016255,1.01875538304805,0.897634559337951,0.993246451099244,0.993246451099244,0.988702597881488,0.999492807498692
200,1.00482063637898,1.00482063637898,1.00149320956784,0.991641192536182,0.983349802847034,0.983349802847034,1.02588707249351,0.981205669872262,1.02215982542847,1.02215982542847,0.910638109938865,1.02523162920786,0.937847189038085,0.937847189038085,1.03203989788402,0.927383378685847,0.924018777127619,0.924018777127619,0.913762181421629,1.16405723991489,1.01304416506208,1.01304416506208,1.02839138553003,0.89627363722041,0.995239262516751,0.995239262516751,0.99296035105311,0.999852605632134
201,1.00586565590714,1.00586565590714,1.00437997666174,0.990085662962695,0.981784822025177,0.981784822025177,1.02589379199907,0.977086407318178,1.01434892956026,1.01434892956026,0.908833162950585,1.01401405461198,0.933848915276915,0.933848915276915,1.04009969425749,0.918116603130984,0.922238264668511,0.922238264668511,0.931076279280466,1.14799546447864,1.01895967397647,1.01895967397647,1.03829218432687,0.895602850963423,0.997384633659999,0.997384633659999,0.997377025027405,1.00057880369963
202,1.00639172015941,1.00639172015941,1.00694684491989,0.988410477268169,0.981297159976818,0.981297159976818,1.02622976727711,0.973921852292836,1.00578214054352,1.00578214054352,0.902949166089875,1.00361045368292,0.923231650499355,0.923231650499355,1.04395931505605,0.903954602160161,0.926135235333729,0.926135235333729,0.948682313938479,1.14054553459544,1.02311777273131,1.02311777273131,1.0468044170824,0.892036074039251,0.999263025283199,0.999263025283199,1.0016215347988,1.00145684318124
203,1.00715001097349,1.00715001097349,1.00911959781238,0.986653823576342,0.97956962513884,0.97956962513884,1.02628016356882,0.970139741698203,0.999602382522159,0.999602382522159,0.898094705778437,0.996742550869115,0.922962858985999,0.922962858985999,1.04893141479067,0.895598566217569,0.924589884897522,0.924589884897522,0.965457451552683,1.12402810595532,1.02788599123966,1.02788599123966,1.0556137383863,0.890178512096826,1.00118591349307,1.00118591349307,1.00568063696708,1.0026022555877
204,1.0070670729157,1.0070670729157,1.01086496586029,0.984843706511285,0.977504232934026,0.977504232934026,1.02475819555928,0.965439643095164,0.993077831134797,0.993077831134797,0.897925288371595,0.98514342611691,0.948699646389831,0.948699646389831,1.06477856371654,0.910716843781277,0.927143072574733,0.927143072574733,0.983714729839627,1.11126981624709,1.03375507799889,1.03375507799889,1.06484285872595,0.889862468571899,1.00308655340961,1.00308655340961,1.00972318488509,1.00340437436226
205,1.00716659858505,1.00716659858505,1.01234161888616,0.98287319932654,0.975483463400304,0.975483463400304,1.02434830572007,0.961680899468018,0.983151760579023,0.983151760579023,0.891116011827362,0.974549050109689,0.96008968676829,0.96008968676829,1.06582293169732,0.921577413657616,0.927075883425333,0.927075883425333,1.00322958203072,1.09438786504387,1.03973690427779,1.03973690427779,1.07378780741063,0.890255910511094,1.00489502182518,1.00489502182518,1.0136829615517,1.00397873101564
206,1.00705996393932,1.00705996393932,1.01363656937332,0.980839045268902,0.974626070648614,0.974626070648614,1.02457340915636,0.958165839930375,0.976269154542354,0.976269154542354,0.886066069892644,0.970657238515199,0.982432981316003,0.982432981316003,1.06902414659496,0.943275784919986,0.925967262460228,0.925967262460228,1.02175634043998,1.07235703263698,1.04503566170223,1.04503566170223,1.08257129492771,0.890791249543112,1.00643968904832,1.00643968904832,1.01739773531418,1.00484686779633
207,1.00685617328304,1.00685617328304,1.01535378632369,0.978728514963794,0.971384552327169,0.971384552327169,1.02186208866255,0.953355582766327,0.977078092824121,0.977078092824121,0.887036961954932,0.967712943142244,1.0129408180819,1.0129408180819,1.08294148512154,0.967091625780888,0.921163238278106,0.921163238278106,1.04207963299802,1.04836689145347,1.05078537720534,1.05078537720534,1.09121915506402,0.891900626814283,1.00786357982191,1.00786357982191,1.02127142987935,1.0050251164129
208,1.00604574997548,1.00604574997548,1.0162341479197,0.976437227539671,0.968184469343167,0.968184469343167,1.01866696376836,0.949757069773375,0.971156929827256,0.971156929827256,0.886593870275499,0.962498424339169,1.02221412529268,1.02221412529268,1.08339555815667,0.981777302028767,0.921566373174508,0.921566373174508,1.06157202851224,1.03292024784243,1.05690646994971,1.05690646994971,1.099983267241,0.893951684792378,1.00899824278212,1.00899824278212,1.02476106583805,1.00545093255247
209,1.00535854892522,1.00535854892522,1.01680228825201,0.974784954719387,0.967996416657852,0.967996416657852,1.01583805192724,0.949396550846438,0.965945245487351,0.965945245487351,0.881439671475032,0.961296541346753,1.02685077889807,1.02685077889807,1.08480318456555,0.986968517818715,0.926941505126532,0.926941505126532,1.08407361872567,1.01722299496927,1.06134973337196,1.06134973337196,1.10716505997556,0.895660899774124,1.00972290147939,1.00972290147939,1.02775738513845,1.0053651091445
210,1.00459077947596,1.00459077947596,1.01713754223189,0.972985021153993,0.968359772693884,0.968359772693884,1.01701396540039,0.948161439707855,0.967788563867114,0.967788563867114,0.878983119075821,0.96530281798814,1.05030283843838,1.05030283843838,1.10044600062561,0.997100496005237,0.931140826964051,0.931140826964051,1.10459902137545,1.00132069815437,1.06666838600575,1.06666838600575,1.11446956319749,0.897357215020159,1.01066050812718,1.01066050812718,1.03080336718969,1.0050746299175
211,1.00398888614228,1.00398888614228,1.01773383366175,0.971600065199857,0.966922285218003,0.966922285218003,1.01444039477058,0.94662923426837,0.968053789533267,0.968053789533267,0.884332799499567,0.96626941171749,1.06018092655421,1.06018092655421,1.10344288265744,1.00586636477335,0.941790307143998,0.941790307143998,1.12822344543187,0.991592502251845,1.0714631314599,1.0714631314599,1.12177406641942,0.900162907537364,1.01114043559775,1.01114043559775,1.0339784723931,1.00463230927639
212,1.00285855889753,1.00285855889753,1.01779013585684,0.970059810875863,0.966233821149731,0.966233821149731,1.01144349529043,0.946882932772511,0.965083262072354,0.965083262072354,0.880729421577117,0.965016655370898,1.06427999713289,1.06427999713289,1.10069574079493,1.01067051622808,0.949953788796135,0.949953788796135,1.15002887866264,0.976100293320422,1.07467952363869,1.07467952363869,1.12779333874731,0.901601228069173,1.01099423252724,1.01099423252724,1.03669668028882,1.00377737609692
213,1.00181827868696,1.00181827868696,1.01746255944902,0.968679946671558,0.967862548644577,0.967862548644577,1.01019366725611,0.947844316577678,0.962709492360285,0.962709492360285,0.879048279616914,0.96574160066791,1.0814490550485,1.0814490550485,1.11729211022875,1.01538359372159,0.961711889941187,0.961711889941187,1.17527018345296,0.964390005981081,1.07877793676547,1.07877793676547,1.13386427864882,0.904619766225615,1.01074950130053,1.01074950130053,1.03902420787797,1.00273429159997
214,1.0006547762191,1.0006547762191,1.01713754223189,0.967236435594361,0.967059340564927,0.967059340564927,1.00859442493263,0.948051281146846,0.963624520908513,0.963624520908513,0.883368423491389,0.962472987662081,1.09146153892101,1.09146153892101,1.12142417484839,1.02405838852848,0.971991829799433,0.971991829799433,1.19990515796806,0.950629279224347,1.08078735291016,1.08078735291016,1.13854665250903,0.906135485171691,1.00954491513269,1.00954491513269,1.04105706981217,1.00145024138063
215,0.999216393331132,0.999216393331132,1.01660778975987,0.965897305388707,0.966778855203779,0.966778855203779,1.00518091610771,0.949239658350456,0.958591863893261,0.958591863893261,0.882860171270862,0.958231421757629,1.09388066254121,1.09388066254121,1.1219917661423,1.02836163319646,0.985060119357791,0.985060119357791,1.22424819568399,0.938531686661721,1.08239886486778,1.08239886486778,1.14243463742469,0.907889849228427,1.00832761565438,1.00832761565438,1.04294094349386,1.00016619116128
216,0.997458106505973,0.997458106505973,1.01549198262074,0.964756753426477,0.968793250070203,0.968793250070203,1.00253343091673,0.953388964148451,0.954149333985199,0.954149333985199,0.881771990234607,0.95863840859104,1.11020974697759,1.11020974697759,1.13867895018314,1.03314301616088,0.998565138387251,0.998565138387251,1.24879334349165,0.924816525225373,1.08235244271262,1.08235244271262,1.14528281242104,0.909212072138834,1.00620131447685,1.00620131447685,1.04430170286675,0.998495935606037
217,0.996055268499916,0.996055268499916,1.01442480010464,0.964387601563702,0.969733513496778,0.969733513496778,1.00089723131266,0.954193455457636,0.955402525257772,0.955402525257772,0.887356248606288,0.956082022543679,1.1139392292254,1.1139392292254,1.14156231395619,1.03573862405586,1.01059199612991,1.01059199612991,1.27075597346045,0.910190057381294,1.08233917923972,1.08233917923972,1.14699430079753,0.911392127474042,1.00355694589732,1.00355694589732,1.04502015732884,0.996234818895876
218,0.994405985979282,0.994405985979282,1.01299933089249,0.963091751231615,0.969523149475917,0.969523149475917,0.997816338013006,0.954891126344025,0.950515742358904,0.950515742358904,0.888646427319932,0.952139337595013,1.13147787547188,1.13147787547188,1.16088312160076,1.03637614178445,1.02601190591727,1.02601190591727,1.29420074410199,0.895495241556635,1.08145715829172,1.08145715829172,1.14747868430031,0.912404756727378,1.00014024370622,1.00014024370622,1.04524529513262,0.993567691447977
219,0.992199833642054,0.992199833642054,1.01016118842162,0.961958836894132,0.970836330939472,0.970836330939472,0.994799280016178,0.956763821881173,0.950290300542674,0.950290300542674,0.889890993654811,0.952209288457005,1.13315782243035,1.13315782243035,1.15890790389796,1.03241442447107,1.03998724899254,1.03998724899254,1.3182743016956,0.877086852120474,1.07810149964746,1.07810149964746,1.14597386621834,0.913410936112859,0.996202295785498,0.996202295785498,1.0446791397731,0.990032427219389
220,0.988150086763082,0.988150086763082,1.00579776830184,0.959843214839192,0.971084942964125,0.971084942964125,0.993072367087037,0.956800541401509,0.947299881156799,0.947299881156799,0.896218082194954,0.950562263615547,1.15452674774215,1.15452674774215,1.17775193485566,1.02610755265609,1.05695250921611,1.05695250921611,1.33738493370321,0.858336722781413,1.07473920926675,1.07473920926675,1.14338402909014,0.914565462459019,0.990802317159751,0.990802317159751,1.04356007245427,0.985926107237724
221,0.985216449176091,0.985216449176091,1.00321554489958,0.95749846404184,0.970957449618149,0.970957449618149,0.98943711457861,0.957975566052269,0.949686912152176,0.949686912152176,0.898935276758538,0.951287208912559,1.13813046542744,1.13813046542744,1.18424517925794,1.02622139510762,1.07217085155528,1.07217085155528,1.35842683992076,0.839973898665639,1.06956645483488,1.06956645483488,1.13821081328044,0.914810557437533,0.97316259887082,0.97316259887082,1.02911152281123,0.975396235259016
222,0.982628781773027,0.982628781773027,1.00127567835952,0.956324815705706,0.972681797122477,0.972681797122477,0.987501896977082,0.95926408740225,0.947618151956183,0.947618151956183,0.908618133164978,0.948304758523972,1.08736246834233,1.08736246834233,1.19448452620001,1.02487805417952,1.08426489844733,1.08426489844733,1.37315841994073,0.818649328724739,1.06228480821156,1.06228480821156,1.13188799395748,0.913933375409166,0.959327338742582,0.959327338742582,1.01940411044793,0.960637909987291
223,0.980401302506653,0.980401302506653,1.00013172012284,0.954866029379015,0.973026029156613,0.973026029156613,0.984615869338692,0.960399054394461,0.953015494262395,0.953015494262395,0.913407432935323,0.952234725134094,1.03780403306733,1.03780403306733,1.20592716668517,1.03601184593954,1.0987441601431,1.0987441601431,1.38894546377311,0.798965110317754,1.03006120079562,1.03006120079562,1.10109412007404,0.893590492192462,0.94749124668709,0.94749124668709,1.01207388842463,0.95114452070492
224,0.978868133266925,0.978868133266925,0.999857886719429,0.953827312413412,0.975585458077085,0.975585458077085,0.983493711910028,0.963019492891184,0.953738234202662,0.953738234202662,0.927312692404598,0.955204457184137,0.983474548430258,0.983474548430258,1.22697345186321,1.04787422938938,1.10687404722053,1.10687404722053,1.39927553512857,0.774428185289603,0.994030976656748,0.994030976656748,1.06573412437106,0.870467715929975,0.936551443020333,0.936551443020333,1.00726322329371,0.941357351295244
225,0.977377617885489,0.977377617885489,0.999878360244918,0.953178114309911,0.977179124901787,0.977179124901787,0.981155323974848,0.965733399257854,0.963491908075436,0.963491908075436,0.938572433905491,0.959846650752728,0.930589818177474,0.930589818177474,1.25158421036699,1.06310634940462,1.11127493650625,1.11127493650625,1.40428337406829,0.751691090416721,0.971045378117204,0.971045378117204,1.04365269509097,0.85926429546472,0.927416929441524,0.927416929441524,1.00405500958974,0.933072091525163
226,0.976723592058341,0.976723592058341,0.9999551359655,0.952984627816318,0.981756136022332,0.981756136022332,0.981578652825182,0.969341926665443,0.97088507351945,0.97088507351945,0.955233984263005,0.96589422073044,0.884895260906962,0.884895260906962,1.27844263039464,1.08104791976637,1.09723240428159,1.09723240428159,1.36671335368199,0.724306332864411,0.949452444232393,0.949452444232393,1.02376713769015,0.84811247394231,0.918686063470408,0.918686063470408,1.0017639013512,0.925981757666146
227,0.976413166756325,0.976413166756325,1.00021617341548,0.952908251568848,0.984790477656565,0.984790477656565,0.980133959129597,0.973427807837403,0.983755148969521,0.983755148969521,0.973641837121815,0.973372603794361,0.901694730491709,0.901694730491709,1.29056638043248,1.09536930016934,1.05927053487042,1.05927053487042,1.28982169211434,0.694643309292775,0.933867863572286,0.933867863572286,1.00809894598688,0.841049868640379,0.91747194231971,0.91747194231971,1.00071105103349,0.918237845546382
228,0.976842074998042,0.976842074998042,1.00047209248409,0.953160293185501,0.990476680887103,0.990476680887103,0.982200207089562,0.977723991716744,0.998362452532894,0.998362452532894,0.99494933405927,0.985035320239286,0.922828463229321,0.922828463229321,1.28859116272969,1.1089848573728,1.03864346600453,1.03864346600453,1.24989372065778,0.664911937740559,0.921738417603208,0.921738417603208,0.995672894528883,0.835780326602317,0.917316204266349,0.917316204266349,1.00026408627597,0.911791187247192
229,0.977685673528711,0.977685673528711,1.00198457417957,0.954002977782595,0.997150957548957,0.997150957548957,0.982996468498524,0.984443663938276,1.02186144655404,1.02186144655404,1.02216689207387,0.998103413093332,0.948397255937306,0.948397255937306,1.28250658405901,1.13125244089284,1.02093912513755,1.02093912513755,1.22422573900713,0.636912048363031,0.911087848862726,0.911087848862726,0.9856881359249,0.832181300338867,0.91789783822074,0.91789783822074,1.00095274308755,0.906107036918874
230,0.979434481718695,0.979434481718695,1.00377344846914,0.955186809618392,1.00404197289897,1.00404197289897,0.986336062762272,0.990806155371084,1.04421997021074,1.04421997021074,1.05144352318702,1.00888220500944,0.967548651263917,0.967548651263917,1.2757635994874,1.14757744844281,1.00830756505029,1.00830756505029,1.20145466867138,0.614539476053241,0.9025594357866,0.9025594357866,0.976794854813849,0.828975716014612,0.918269702552237,0.918269702552237,1.0013301799939,0.90212285024856
231,0.981427364764461,0.981427364764461,1.00600250355672,0.95663541244542,1.01293144644716,1.01293144644716,0.991405929707943,0.998003181356988,1.06035895199614,1.06035895199614,1.07795734735781,1.01861809316494,0.98797680627897,0.98797680627897,1.26107433680111,1.16098808923351,0.998632327536652,0.998632327536652,1.18569008151587,0.600140834811095,0.896703612500271,0.896703612500271,0.970426826363961,0.828066284646966,0.921092057478466,0.921092057478466,1.00433974269453,0.900115902862023
232,0.984188017259489,0.984188017259489,1.00892509932024,0.958448075385393,1.02359945217172,1.02359945217172,0.999728037345071,1.00689598155478,1.07560279715828,1.07560279715828,1.09943426170211,1.02661792810917,1.00595223873465,1.00595223873465,1.24018697718535,1.17478579435942,0.978878717612964,0.978878717612964,1.15550830781641,0.591551771918232,0.888234885052204,0.888234885052204,0.961197706024315,0.824892949661988,0.923199288690279,0.923199288690279,1.00616071022516,0.897531297921795
233,0.987510278888698,0.987510278888698,1.01237744755577,0.960540784566092,1.03402203320527,1.03402203320527,1.00995176505592,1.01412972706102,1.08839993555016,1.08839993555016,1.11674090141645,1.03365116932405,1.01942541334162,1.01942541334162,1.21861850801691,1.18225385918005,0.962686132607491,0.962686132607491,1.12687604482028,0.589432984520258,0.881530199500133,0.881530199500133,0.953202149005084,0.823873870540797,0.924438836461933,0.924438836461933,1.00778302675245,0.895379110921758
234,0.990631119520416,0.990631119520416,1.01634675230989,0.96285243898954,1.04219754401599,1.04219754401599,1.01640920989991,1.02092951459965,1.09884982679659,1.09884982679659,1.13132383051309,1.04188629353134,1.03007627705835,1.03007627705835,1.19766303744589,1.19186216208952,0.945888845257417,0.945888845257417,1.10264529048866,0.592941514190022,0.875362684600601,0.875362684600601,0.944651165569332,0.82240330066971,0.926263196515599,0.926263196515599,1.00888222897094,0.894062051699342
235,0.993612150283287,0.993612150283287,1.01904669848371,0.96542886440422,1.04967184142385,1.04967184142385,1.02162690596792,1.02733540182922,1.10907427622678,1.10907427622678,1.14360659250914,1.04736153827457,1.03985356835667,1.03985356835667,1.17391501770885,1.20005881859996,0.932988528572559,0.932988528572559,1.08425327214055,0.599183963082977,0.870680678666118,0.870680678666118,0.938451056733741,0.824015767633621,0.928383141037891,0.928383141037891,1.01027609684439,0.893926714786764
236,0.996441522883341,0.996441522883341,1.02114267565562,0.968542469426111,1.05580108403165,1.05580108403165,1.02676732772198,1.03225581755428,1.11679897375349,1.11679897375349,1.15424730886965,1.05188926679626,1.04674135088641,1.04674135088641,1.15193788280879,1.20902960378083,0.921599967749208,0.921599967749208,1.07071189599415,0.599502920325683,0.868246831388561,0.868246831388561,0.932496368872892,0.826731162000847,0.930868593236439,0.930868593236439,1.01177591191962,0.893900307584309
237,0.998998384722083,0.998998384722083,1.02292131318245,0.971638253323592,1.06104106055127,1.06104106055127,1.03018419629968,1.03693588732804,1.12259415455893,1.12259415455893,1.16278333975285,1.05486535801558,1.05141160343097,1.05141160343097,1.1288936762762,1.21800038896171,0.912395054281367,0.912395054281367,1.05678875634113,0.594991953607416,0.868969690661732,0.868969690661732,0.930597585541992,0.831723359721116,0.933519318471209,0.933519318471209,1.01361343370053,0.895280083912554
238,1.00138937044524,1.00138937044524,1.02442099892449,0.974774771219724,1.06564994500831,1.06564994500831,1.03252594398764,1.04215673549221,1.12764007285749,1.12764007285749,1.17036151068198,1.05690029218263,1.05198278539686,1.05198278539686,1.10759765092883,1.22335098418381,0.902854195066525,0.902854195066525,1.04585235471045,0.588430547471754,0.867663238580864,0.867663238580864,0.926031463722447,0.836418863520026,0.936516481416517,0.936516481416517,1.01523575022782,0.896501417026071
239,1.0038609245674,1.0038609245674,1.0259641909082,0.977987665363327,1.06978072941794,1.06978072941794,1.03411846680556,1.04594886050149,1.13027243759406,1.13027243759406,1.17499442515371,1.05848372533137,1.05121000979596,1.05121000979596,1.08641514384025,1.22551399076295,0.893750065322784,0.893750065322784,1.03390540262108,0.581618532073967,0.870839840340945,0.870839840340945,0.926263967803782,0.843752363271894,0.939952253573334,0.939952253573334,1.01708651540895,0.89926096968256
240,1.00606707690463,1.00606707690463,1.02708511642871,0.981014710638085,1.07294893906545,1.07294893906545,1.03515327066194,1.04957407860014,1.13409831782831,1.13409831782831,1.17854567464328,1.05723096898478,1.05043723419506,1.05043723419506,1.06298497522779,1.22979446694063,0.892238309461277,0.892238309461277,1.02950389395658,0.578930178171161,0.871788178653454,0.871788178653454,0.9235320448481,0.849970035884736,0.943299032556802,0.943299032556802,1.01885450933869,0.901895088127391
241,1.00796043428105,1.00796043428105,1.02801922102913,0.984214875407109,1.07531075329966,1.07531075329966,1.03564379456788,1.0517205014707,1.13400548884516,1.13400548884516,1.18074158487812,1.05497982306247,1.05211718115353,1.05211718115353,1.04075810015842,1.24195284076445,0.882764639395835,0.882764639395835,1.02121738019534,0.572505467996659,0.876118702556028,0.876118702556028,0.924242473985511,0.858116218986415,0.947004962561287,0.947004962561287,1.02115886097745,0.904885703805356
242,1.00995568698561,1.00995568698561,1.02898915429916,0.987290292305265,1.07705422480588,1.07705422480588,1.03620487328221,1.05480160304073,1.13226163009021,1.13226163009021,1.18151047926302,1.05251882455419,1.04949646389831,1.04949646389831,1.01760037536704,1.24491274450433,0.880547397465625,0.880547397465625,1.01744465848291,0.568176762559938,0.879620259402213,0.879620259402213,0.924746232828403,0.866010857241724,0.950698179255294,0.950698179255294,1.02311557336037,0.908635526553886
243,1.01160259984745,1.01160259984745,1.02966478064029,0.990243507207467,1.07902718433486,1.07902718433486,1.03594281256534,1.05730186856181,1.12764007285749,1.12764007285749,1.18139970634316,1.05103077894454,1.04684214770392,1.04684214770392,0.998120642160177,1.24828248106974,0.878800479581218,0.878800479581218,1.01537864421182,0.56532893003578,0.883221292295166,0.883221292295166,0.925476037305926,0.874524682811176,0.953765265408234,0.953765265408234,1.0247345790376,0.911738372842283
244,1.01331823281432,1.01331823281432,1.03039159079513,0.993438580226661,1.07978258240977,1.07978258240977,1.0350558378313,1.05853697970039,1.12386723775646,1.12386723775646,1.17573073926806,1.05103077894454,1.04650615831223,1.04650615831223,0.979707980585855,1.25338262289846,0.873660509652095,0.873660509652095,1.01286349640353,0.561979878987369,0.888917953906668,0.888917953906668,0.927826911906087,0.884122086180375,0.958011511108056,0.958011511108056,1.02722433827948,0.915854595524869
245,1.01476135501987,1.01476135501987,1.03079850211422,0.996409616253273,1.08036905180126,1.08036905180126,1.03415206433337,1.059348147286,1.11819140850079,1.11819140850079,1.17143014355591,1.0488559430535,1.05594746021886,1.05594746021886,0.961726688394902,1.26815937310757,0.875709778708804,0.875709778708804,1.00882129456878,0.560681267356353,0.893487220321483,0.893487220321483,0.929544858729282,0.89257141307127,0.961726976095401,0.961726976095401,1.02895260200855,0.920007128110829
246,1.01599120793397,1.01599120793397,1.03088551459755,0.999421386278536,1.07915149034719,1.07915149034719,1.03175656060092,1.06045640917251,1.11197186662951,1.11197186662951,1.16453615830826,1.04715168568859,1.06555675682133,1.06555675682133,0.944903282443518,1.28186600427225,0.873626915077394,0.873626915077394,1.00830479100101,0.559564917006882,0.898759450800114,0.898759450800114,0.932309073918483,0.902381662079706,0.965343912926537,0.965343912926537,1.03030011798122,0.924658096643117
247,1.01693196247519,1.01693196247519,1.03085480430932,1.0023847846804,1.07831003426375,1.07831003426375,1.02870590507629,1.06093376293689,1.10626288416556,1.10626288416556,1.15799403998251,1.04629319783686,1.06535516318631,1.06535516318631,0.926513324520953,1.29224843585215,0.875071481789501,0.875071481789501,1.00677773697455,0.56038509277384,0.9040515764881,0.9040515764881,0.934492028904348,0.912101612938163,0.969488452142531,0.969488452142531,1.03165094480395,0.929731580414677
248,1.0176784049953,1.0176784049953,1.03031737426524,1.00530235733378,1.07622551805704,1.07622551805704,1.02509753059011,1.06098717314828,1.10212536377358,1.10212536377358,1.15178424041633,1.04723435488913,1.07738358340899,1.07738358340899,0.917295641907914,1.30420189326321,0.876549643076307,0.876549643076307,1.00509348621007,0.560180048832101,0.910172669232473,0.910172669232473,0.937307911667179,0.922247255075092,0.973804621049984,0.973804621049984,1.03347191233458,0.934900790295133
249,1.0182352748119,1.0182352748119,1.02933720423247,1.00800353061933,1.07423343452616,1.07423343452616,1.02119013810646,1.06073347464414,1.09685400365879,1.09685400365879,1.14562656928303,1.04749508082928,1.07822355688823,1.07822355688823,0.899995459269649,1.30807253661537,0.877557480317312,0.877557480317312,1.00421767581254,0.563346838598965,0.916472818861027,0.916472818861027,0.940543593465753,0.933437775804636,0.977392952932544,0.977392952932544,1.03447841075151,0.93984223805442
250,1.0185125248908,1.0185125248908,1.02817789085167,1.01080908477643,1.07245490234979,1.07245490234979,1.01790765963998,1.06164478637612,1.09150970648581,1.09150970648581,1.13859574689908,1.05185111178063,1.07600602690304,1.07600602690304,0.88489753085174,1.31100967186495,0.877960615213714,0.877960615213714,1.00399310904395,0.565009972793074,0.923270348723414,0.923270348723414,0.944334701680848,0.944202605255707,0.981219659386575,0.981219659386575,1.03550477426877,0.945192997451751
251,1.01883242882799,1.01883242882799,1.02710303076351,1.01327858344465,1.07064130950328,1.07064130950328,1.01454118735399,1.06160139057936,1.08986530735566,1.08986530735566,1.1326596216055,1.05257605707764,1.08205383595355,1.08205383595355,0.873795445142932,1.31868265309833,0.881320072683729,0.881320072683729,1.00073689089929,0.572847207899558,0.928124779805626,0.928124779805626,0.946123691417785,0.954051553471277,0.984579151680521,0.984579151680521,1.03606430792818,0.950325897428833
252,1.01883716814558,1.01883716814558,1.02568523912342,1.01590847223256,1.06789064056384,1.06789064056384,1.01073122770098,1.06128092931097,1.08422926194991,1.08422926194991,1.1269254939893,1.05287493803343,1.07731638553065,1.07731638553065,0.860650030776061,1.31774914499575,0.885452205371847,0.885452205371847,1.00105128437532,0.581618532073967,0.934537668953848,0.934537668953848,0.949650003318027,0.964674485829524,0.988221515132614,0.988221515132614,1.03664039583788,0.955511611810823
253,1.01879451428728,1.01879451428728,1.02412413280491,1.01838306265061,1.06615035639127,1.06615035639127,1.0069851033508,1.06288657379113,1.0766769611062,1.0766769611062,1.11847417180952,1.05330100237465,1.07889553567162,1.07889553567162,0.849820388888328,1.31804513536974,0.889920283806967,0.889920283806967,0.997345932693472,0.591574554578426,0.939962429370856,0.939962429370856,0.95296964492375,0.974226740123734,0.991364881148425,0.991364881148425,1.0369151963925,0.960403546065508
254,1.01880873224005,1.01880873224005,1.02262700625355,1.02130318117891,1.06508578695237,1.06508578695237,1.00434769741816,1.06396145429552,1.07257259392249,1.07257259392249,1.11225134013513,1.05340910825228,1.08064268050843,1.08064268050843,0.840965964703389,1.31984384610398,0.890760148174471,0.890760148174471,0.995863792020731,0.599935790869355,0.945824884393636,0.945824884393636,0.955953447300878,0.984269184374973,0.994784761667144,0.994784761667144,1.03718006439695,0.965569455045658
255,1.01869261895914,1.01869261895914,1.02084836872672,1.02379813859628,1.0619462633077,1.0619462633077,1.00046718295677,1.06324709271807,1.06453625623805,1.06453625623805,1.10440601098752,1.05231533113749,1.07812276007072,1.07812276007072,0.831430430965763,1.31784021895698,0.895967307252994,0.895967307252994,0.991866503539702,0.612124514072754,0.950831845414223,0.950831845414223,0.959557260561565,0.993266750033598,0.997448200212392,0.997448200212392,1.0367132345391,0.970266636182241
256,1.01833953979883,1.01833953979883,1.0186807342156,1.02578646690544,1.06003067578441,1.06003067578441,0.997571076060034,1.06316363926276,1.05890684147396,1.05890684147396,1.09581785167144,1.05209276021297,1.0770475940173,1.0770475940173,0.82387011493093,1.3142200289982,0.897512657689201,0.897512657689201,0.989149245639677,0.622900712344171,0.956110707629306,0.956110707629306,0.963167532268956,1.00270290670641,1.00034683500149,1.00034683500149,1.03621329618069,0.975023233524347
257,1.01802674483802,1.01802674483802,1.01675110443829,1.02772133184137,1.05677003346107,1.05677003346107,0.994050055146142,1.06168818217288,1.05069810710652,1.05069810710652,1.08829832522929,1.05190198513481,1.07805556219238,1.07805556219238,0.816786575582979,1.30909711867917,0.901275250055618,0.901275250055618,0.983624903132189,0.63627413387762,0.959904060879341,0.959904060879341,0.965531323762525,1.01043629826532,1.0028259305448,1.0028259305448,1.03543855726766,0.979832645271362
258,1.01718788562494,1.01718788562494,1.0143940898164,1.02924376504095,1.05296754441733,1.05296754441733,0.990283772279279,1.06050981938391,1.04405420416939,1.04405420416939,1.08023796629607,1.05156494916339,1.08040748793425,1.08040748793425,0.816264391592585,1.3054996972107,0.903593275709928,0.903593275709928,0.978706890899912,0.649579207430489,0.96402900095193,0.96402900095193,0.968973675855619,1.01853088242416,1.00525099451858,1.00525099451858,1.03444530225095,0.984368082292912
259,1.01639404992895,1.01639404992895,1.01193982594845,1.03078401936494,1.04978658543523,1.04978658543523,0.98764300659386,1.05869387219637,1.03656820974222,1.03656820974222,1.07155858222247,1.05125970903833,1.08635450016725,1.08635450016725,0.820078605087636,1.29905621445388,0.907960570420947,0.907960570420947,0.971475840951085,0.666028288090029,0.966966860199772,0.966966860199772,0.971473094729967,1.02614817636168,1.00714209945226,1.00714209945226,1.03280312062333,0.989144485036858
260,1.0154248594822,1.0154248594822,1.00932945144864,1.0319933099499,1.04570361103034,1.04570361103034,0.983953998040947,1.05678111900068,1.0283727366581,1.0283727366581,1.06404557183443,1.05156494916339,1.08632090122808,1.08632090122808,0.823211709029999,1.28994881833116,0.907691813823346,0.907691813823346,0.964649011185733,0.682317890128216,0.970156725432755,0.970156725432755,0.975128575564284,1.03334622888857,1.00935421547552,1.00935421547552,1.03138607679949,0.993838365273135
261,1.01422107281484,1.01422107281484,1.00670116261403,1.03296838004261,1.04138796126904,1.04138796126904,0.981528256533476,1.05390698199981,1.02163600473781,1.02163600473781,1.05586792392724,1.05189562596553,1.08853843121327,1.08853843121327,0.825754518026699,1.27931593335789,0.907053516904043,0.907053516904043,0.953667696201335,0.700726279564378,0.972172773313893,0.972172773313893,0.977627994438631,1.04012504000486,1.01112136563203,1.01112136563203,1.02965450222036,0.998552050911253
262,1.0130480917118,1.0130480917118,1.0039653877706,1.03381615638953,1.03725398952577,1.03725398952577,0.97836672916709,1.05172383960891,1.01734597958779,1.01734597958779,1.05075933750554,1.05341546742155,1.08467455320877,1.08467455320877,0.828524363540962,1.26790891971419,0.908766840213751,0.908766840213751,0.944146065212817,0.719749800825758,0.973605228387332,0.973605228387332,0.980876593130613,1.046284663807,1.01311417704953,1.01311417704953,1.02781035873934,1.0025989546874
263,1.01169501654042,1.01169501654042,1.00110165339287,1.0344602627432,1.0330435217749,1.0330435217749,0.976334078734929,1.04893649420157,1.01352009935353,1.01352009935353,1.04777498472347,1.0555648666355,1.07866034309743,1.07866034309743,0.832429391643038,1.25502195420055,0.910077028627057,0.910077028627057,0.934871457669757,0.74269193964038,0.975647803214274,0.975647803214274,0.984641867558894,1.05222499210205,1.01464295263458,1.01464295263458,1.0256086434523,1.00700895749729
264,1.01070449916452,1.01070449916452,0.998301898782288,1.03508400209755,1.02947052075392,1.02947052075392,0.975867073098449,1.04585539263154,1.00891180340413,1.00891180340413,1.04686925320228,1.05657597454976,1.06884945285994,1.06884945285994,0.835290051764326,1.23912954796641,0.907926975846247,0.907926975846247,0.921330081523351,0.764540510765725,0.976655827154842,0.976655827154842,0.987651503722837,1.05763643123293,1.01626072139297,1.01626072139297,1.02324469651254,1.01096343606484
265,1.00981824677556,1.00981824677556,0.995412572497696,1.03552698433288,1.02689196783155,1.02689196783155,0.975994743704106,1.0430680472242,1.00281161308261,1.00281161308261,1.04404780177295,1.0586363453939,1.05493949204377,1.05493949204377,0.841374630435002,1.21861513819999,0.909774677454756,0.909774677454756,0.907766248700086,0.790786135308371,0.976742039728707,0.976742039728707,0.991287609217043,1.06207394031762,1.01782445858182,1.01782445858182,1.02068209856943,1.0154064478778
266,1.00891066745745,1.00891066745745,0.992674238463582,1.03598015006787,1.0253014883405,1.0253014883405,0.978017314877925,1.04114527961386,0.997261766018359,0.997261766018359,1.0412849948306,1.06014982768064,1.03135303674679,1.03135303674679,0.84350877370009,1.193159966037,0.909438731707754,0.909438731707754,0.894674006090874,0.816393845365605,0.977100153497067,0.977100153497067,0.995763312782735,1.06667914596655,1.01927377597637,1.01927377597637,1.0178149024212,1.01950286515854
267,1.00870213748357,1.00870213748357,0.989864247090259,1.0363263890564,1.02445365758976,1.02445365758976,0.982156530303416,1.03876852520664,0.990405682548306,0.990405682548306,1.03755781188007,1.06418790016839,1.00652342070053,1.00652342070053,0.848480873434709,1.15356556139349,0.910245001500558,0.910245001500558,0.884613414857724,0.846444174160527,0.977073626551262,0.977073626551262,1.00043276974954,1.07069741364061,1.02119348585863,1.02119348585863,1.01554697013305,1.02388315986567
268,1.00798887018658,1.00798887018658,0.986849520462048,1.03636203130522,1.02284724143046,1.02284724143046,0.985418850253215,1.03721629093788,0.986228378306397,0.986228378306397,1.03497093839867,1.06856936779683,0.981257018445071,0.981257018445071,0.847186765284603,1.113675166376,0.911488000764463,0.911488000764463,0.87405877673366,0.876904590838928,0.975694225369432,0.975694225369432,1.00561890245264,1.07391589770058,1.02312590905136,1.02312590905136,1.01266984143465,1.02812151585961
269,1.0075054597926,1.0075054597926,0.985178368944033,1.035855402197,1.02213646602664,1.02213646602664,0.989400157298026,1.0353602860918,0.98049287327584,0.98049287327584,1.03257954654055,1.07310345548779,0.962273617814307,0.962273617814307,0.847777060230265,1.0734432440039,0.916191241222484,0.916191241222484,0.867748450536081,0.911602582313277,0.97574727926104,0.97574727926104,1.01338195539054,1.07761167198187,1.02254745342459,1.02254745342459,1.00808100325746,1.03080184690874
270,1.00715001097349,1.00715001097349,0.984822641438667,1.03563900282917,1.02185916799914,1.02185916799914,0.993556171487419,1.03426871489635,0.975301080860896,0.975301080860896,1.03008389781669,1.07759938816313,0.945978132317102,0.945978132317102,0.850024721754135,1.03225504503892,0.921297616576907,0.921297616576907,0.858428929639301,0.950355887302027,0.975037683460772,0.975037683460772,1.02144209687681,1.08131389613101,1.02238218038837,1.02238218038837,1.00355176038127,1.0317558070974
271,1.00720451312576,1.00720451312576,0.984814963866609,1.03553207608271,1.02177310999061,1.02177310999061,0.998962013711132,1.03280327222111,0.969936891762953,0.969936891762953,1.02749702433529,1.0825404626875,0.930623417116644,0.930623417116644,0.853180529348254,0.991135151544858,0.929864233125445,0.929864233125445,0.852837217101234,0.992845548562474,0.969931246393418,0.969931246393418,1.02578863150843,1.07970787903495,1.02181643807207,1.02181643807207,0.998628526348458,1.0328219978965
272,1.00707181223329,1.00707181223329,0.984861029298959,1.03559317708068,1.02227670870721,1.02227670870721,1.00381349672608,1.03178514006633,0.974962918136551,0.974962918136551,1.02663038913875,1.07937359639003,0.922324479141779,0.922324479141779,0.859378626277711,0.949696499186501,0.946426358452619,0.946426358452619,0.848592905174748,1.03362651030843,0.975707488842334,0.975707488842334,1.02892097815974,1.07521877100742,1.02205481264355,1.02205481264355,0.994072796671823,1.03407303911278
273,1.00747939354586,1.00747939354586,0.985052968600415,1.03587831507124,1.02278349475747,1.02278349475747,1.00874225405497,1.03060343913915,0.975301080860896,0.975301080860896,1.01926724799523,1.07593964498312,0.917015846752999,0.917015846752999,0.868505494283725,0.91126328754864,0.962719727182192,0.962719727182192,0.846571804257374,1.07402016683109,0.980250228311343,0.980250228311343,1.03120726829286,1.06893014984817,1.0223059005255,1.0223059005255,0.989990518553153,1.03511282270942
274,1.00810735312628,1.00810735312628,0.98690070427577,1.03637221480489,1.02400424354519,1.02400424354519,1.01396666962854,1.02913132018749,0.975420432410665,0.975420432410665,1.01253616410031,1.0718061849563,0.911841610120896,0.911841610120896,0.876020403015045,0.875653368708821,0.982876472002281,0.982876472002281,0.845269316999511,1.11429991005279,0.986563641412799,0.986563641412799,1.03481108155355,1.06384120411006,1.02351048669334,1.02351048669334,0.986530680244953,1.03690851247633
275,1.00874716100066,1.00874716100066,0.989807944895165,1.03630093030725,1.02231814404466,1.02231814404466,1.01772287323706,1.02451801317797,0.97666036239993,0.97666036239993,1.00526424771431,1.06906538300005,0.909691278014049,0.909691278014049,0.88544241849389,0.845598961503859,1.00679580918879,1.00679580918879,0.846616717611094,1.15485304519681,0.990118252150594,0.990118252150594,1.03650965303664,1.05906830189689,1.0246546846364,1.0246546846364,0.983961460601735,1.03838401491347
276,1.0089699089273,1.0089699089273,0.992699830370443,1.03599797119228,1.02068304188251,1.02068304188251,1.02054170581984,1.02000485031482,0.976945479991044,0.976945479991044,1.00044888372753,1.06410523096785,0.90895210135232,0.90895210135232,0.896294764033379,0.81552178580859,1.0323276859609,1.0323276859609,0.842709255837504,1.19351521954479,0.997393267037461,0.997393267037461,1.04141807253148,1.05743648532941,1.0261929952043,1.0261929952043,0.981514742410577,1.04074085773253
277,1.00992488142129,1.00992488142129,0.995456078739359,1.03552189258305,1.01866545968244,1.01866545968244,1.02332358112204,1.01570199015906,0.97666036239993,0.97666036239993,0.995972354554432,1.05962837580034,0.909960069527405,0.909960069527405,0.909349363793225,0.789360790446089,1.05617983399801,1.05617983399801,0.840620784889551,1.21880397235932,1.00273844661705,1.00273844661705,1.0450800118125,1.05481138911216,1.02700029041969,1.02700029041969,0.978372745707724,1.04260916730618
278,1.01070212950572,1.01070212950572,0.998191853582786,1.03503053872432,1.01739371355633,1.01739371355633,1.02614913321038,1.01128897144228,0.976647101116622,0.976647101116622,0.991684790950504,1.05398779265604,0.9083137215081,0.9083137215081,0.923629960747909,0.762425666413156,1.06978563675157,1.06978563675157,0.835118899058922,1.23889827864978,1.00914470402883,1.00914470402883,1.04906487342871,1.05411480338375,1.02976861377638,1.02976861377638,0.977627804445193,1.04542153436758
279,1.01165236268212,1.01165236268212,1.00104279200709,1.03447299211778,1.01583829473542,1.01583829473542,1.02878653914302,1.00686927644908,0.975692288718472,0.975692288718472,0.988029284595179,1.04897040810039,0.910497652554117,0.910497652554117,0.935662896178723,0.740886674582933,1.07892336107001,1.07892336107001,0.832760947988652,1.2554157072899,1.01387976385492,1.01387976385492,1.05191950687176,1.05248943668413,1.0332202775713,1.0332202775713,0.978227068305274,1.04826030863143
280,1.0130860062525,1.0130860062525,1.0039090855755,1.03373723426715,1.0140502005581,1.0140502005581,1.03118876238103,1.00257309256974,0.973683204297363,0.973683204297363,0.985474991384328,1.04261123882835,0.908683309838964,0.908683309838964,0.946560649021725,0.71991689501038,1.08402973642443,1.08402973642443,0.829100509660519,1.26764999581369,1.01752721890303,1.01752721890303,1.05292702455754,1.05138005941296,1.03710101559486,1.03710101559486,0.979700396580057,1.05116510090142
281,1.01418315827413,1.01418315827413,1.0067984118601,1.0330803985389,1.01240234906136,1.01240234906136,1.03357754660791,0.997826260031731,0.972476427516367,0.972476427516367,0.98157187497285,1.03688798648351,0.907406550150523,0.907406550150523,0.955778331634764,0.700108308443473,1.08665011325104,1.08665011325104,0.827124322096865,1.27883628196858,1.0215195242466,1.0215195242466,1.05581395023412,1.0494257494527,1.04116291829275,1.04116291829275,0.982130560520937,1.05420523008398
282,1.01546988299928,1.01546988299928,1.00941646393196,1.03193730070175,1.01056963221295,1.01056963221295,1.03561355679286,0.993323111583223,0.970069504596029,0.970069504596029,0.979173967060622,1.02987382277645,0.907204956515506,0.907204956515506,0.966517158915472,0.682052895630189,1.08560868143534,1.08560868143534,0.823037206908397,1.28863282585169,1.02858895530348,1.02858895530348,1.06250490101919,1.04961924548837,1.04557443702879,1.04557443702879,0.985361950175293,1.05704400434784
283,1.01633006914151,1.01633006914151,1.01187840537198,1.03078147349003,1.00834806065932,1.00834806065932,1.03722623812746,0.988459444207777,0.967085715851809,0.967085715851809,0.975694394166249,1.02262436980633,0.907843336359727,0.907843336359727,0.974168289557329,0.666069415434823,1.08507116824014,1.08507116824014,0.822408419956325,1.29717632342416,1.03669956898318,1.03669956898318,1.0709719246478,1.05066412408098,1.04949331498379,1.04949331498379,0.988265565674137,1.05883639321443
284,1.01727082368273,1.01727082368273,1.01438641224435,1.02934050828775,1.00651534381091,1.00651534381091,1.0389531510566,0.983839460921835,0.964002467482781,0.964002467482781,0.97283384641226,1.01464361236991,0.903240281693506,0.903240281693506,0.979866906148149,0.649972092787923,1.07909133394351,1.07909133394351,0.819848358794318,1.3045123400064,1.04400111081586,1.04400111081586,1.07887706341317,1.05152195650578,1.05315157007398,1.05315157007398,0.991586348279997,1.0611503243295
285,1.01803859313199,1.01803859313199,1.01678437391721,1.02770096484204,1.00399735022788,1.00399735022788,1.03999131466576,0.978909030782141,0.959904730940718,0.959904730940718,0.969621431736369,1.00665649576423,0.90098915276915,0.90098915276915,0.986450965157462,0.636652525958451,1.0756646873241,1.0756646873241,0.816839164095117,1.30902330672466,1.05060632032116,1.05060632032116,1.08623323420873,1.05150260690222,1.05628857943455,1.05628857943455,0.994430368477838,1.06228913493535
286,1.01846276205612,1.01846276205612,1.01881637132196,1.02578137515561,1.0014889186458,1.0014889186458,1.04128481948622,0.974168874520553,0.955873300815193,0.955873300815193,0.966917269281004,0.998008025554251,0.896285301285421,0.896285301285421,0.990514918821832,0.623219116677445,1.0774787943579,1.0774787943579,0.822520703340624,1.31344314280216,1.05900873040472,1.05900873040472,1.09475192541097,1.05356656461602,1.05980698810948,1.05980698810948,0.998390145144448,1.06449413634029
287,1.01875186042899,1.01875186042899,1.02083045439191,1.02385923959426,0.998400392339523,0.998400392339523,1.04148304490027,0.968948026356381,0.950993148557979,0.950993148557979,0.963405116116084,0.988704560909254,0.893899776604387,0.893899776604387,0.994578872486201,0.612654537175094,1.0763365788181,1.0763365788181,0.831840224237404,1.31670106320979,1.06463907465171,1.06463907465171,1.10113287075426,1.05313442346969,1.06170762802602,1.06170762802602,1.00055544108087,1.06483082817159
288,1.01889640961543,1.01889640961543,1.02266283492315,1.02122935080635,0.995828214084454,0.995828214084454,1.04215163570357,0.964201193818369,0.945589175610113,0.945589175610113,0.959971155600476,0.979248476201727,0.888960732546471,0.888960732546471,0.996236239064408,0.600587237312496,1.0777475509555,1.0777475509555,0.841159745134184,1.31859202400584,1.07277621527722,1.07277621527722,1.11071074721591,1.0551983811835,1.06513386519997,1.06513386519997,1.00462447579932,1.06581449646302
289,1.01879925360487,1.01879925360487,1.02430327615293,1.01838560852552,0.992503825088125,0.992503825088125,1.04229274532035,0.959003712621684,0.940165310737285,0.940165310737285,0.957201832604018,0.970186659989068,0.888792737850624,0.888792737850624,1.00018667447,0.591661989112234,1.0773780106338,1.0773780106338,0.849715739017734,1.31918437317086,1.07676188888433,1.07676188888433,1.11629084516794,1.05409545378018,1.06649101109356,1.06649101109356,1.00751484789794,1.06539858302436
290,1.01885849507472,1.01885849507472,1.02568523912342,1.01590592635764,0.989341990107915,0.989341990107915,1.04211131867021,0.953949771368132,0.934264039665382,0.934264039665382,0.954458573823997,0.959407868072957,0.884996057724471,0.884996057724471,1.00073156211215,0.581757695828781,1.0766053354157,1.0766053354157,0.860652140648413,1.3170200204525,1.08420269718248,1.08420269718248,1.12454474005532,1.05539832708702,1.06773373719283,1.06773373719283,1.01008406754116,1.06369201756574
291,1.01883716814558,1.01883716814558,1.02709279400077,1.01325312469549,0.985902857100208,0.985902857100208,1.04200044682845,0.948718908789323,0.927984822019212,0.927984822019212,0.950594553737174,0.949315866438226,0.880090612605725,0.880090612605725,1.00282029807372,0.573925335163245,1.08026714405802,1.08026714405802,0.873093139628693,1.31834141474371,1.08994578094914,1.08994578094914,1.13149402870855,1.05546282576558,1.07006345133802,1.07006345133802,1.01413654800933,1.06374153107034
292,1.01853859113753,1.01853859113753,1.02830585038597,1.01076580490286,0.982345792747472,0.982345792747472,1.04153008143919,0.94378847864963,0.923363264786497,0.923363264786497,0.9478838752277,0.938963138863342,0.877604291107182,0.877604291107182,1.0051133669011,0.565637604691574,1.0757654710482,1.0757654710482,0.884478674796566,1.3112787900838,1.09125223303001,1.09125223303001,1.1353755551775,1.05159935492005,1.07236138220701,1.07236138220701,1.01743746551485,1.06380094727587
293,1.01818314231843,1.01818314231843,1.02931673070698,1.00787878274846,0.978332939682871,0.978332939682871,1.04042808252721,0.938367342192715,0.91655359580802,0.91655359580802,0.944879974283306,0.928184346947231,0.876529125053758,0.876529125053758,1.00509066324935,0.563451829622122,1.0769748757374,1.0769748757374,0.897615830759497,1.30811200031693,1.0965576221909,1.0965576221909,1.14266068305932,1.05129621113083,1.07378209465298,1.07378209465298,1.02042716311514,1.06336192753506
294,1.01766418704254,1.01766418704254,1.03020732906574,1.00513942133918,0.974642007316861,0.974642007316861,1.03949407125425,0.933456940882295,0.910274378161849,0.910274378161849,0.941791364635492,0.917361040846216,0.873874808859368,0.873874808859368,1.00688425173809,0.561061138139909,1.07509357955419,1.07509357955419,0.916299785906776,1.3034871202977,1.10196248739855,1.10196248739855,1.1488414165548,1.05184444989856,1.07587025589908,1.07587025589908,1.02396315097462,1.06350716714856
295,1.01699594326263,1.01699594326263,1.03097508627156,1.0024000599299,0.97052397224183,0.97052397224183,1.03856341973407,0.928176006230301,0.904061466932216,0.904061466932216,0.939100234288345,0.907987625339226,0.874714782338606,0.874714782338606,1.00813295258468,0.560218703998558,1.06471285597185,1.06471285597185,0.924406646253132,1.29248309542435,1.10608742747114,1.10608742747114,1.15418901042549,1.05138005941296,1.07757066117558,1.07757066117558,1.02732697463121,1.06331901583107
296,1.01600305622794,1.01600305622794,1.03096484950882,0.999401019279211,0.966482433174385,0.966482433174385,1.03653076930191,0.922688107009139,0.898677385909312,0.898677385909312,0.936845679566523,0.898060962105569,0.871993268265877,0.871993268265877,1.00829187814698,0.559467343818434,1.06602304438515,1.06602304438515,0.944348175304555,1.28232202897815,1.11179072081909,1.11179072081909,1.15999515401216,1.05326342082681,1.0791121500711,1.0791121500711,1.03084309739036,1.06330581222984
297,1.01473528877314,1.01473528877314,1.03077291020736,0.996246680258669,0.962514202780876,0.962514202780876,1.03523726448145,0.918104843243533,0.893412656436176,0.893412656436176,0.934180613435814,0.889183561801798,0.874546787642758,0.874546787642758,1.00951787534182,0.561493739455738,1.0551384021823,1.0551384021823,0.960539439320406,1.2666019934448,1.11788528661766,1.11788528661766,1.16614359527412,1.05565632180125,1.07986859204457,1.07986859204457,1.03366394163781,1.06203496561172
298,1.01327083963844,1.01327083963844,1.0304530113716,0.993354566354443,0.958934827092594,0.958934827092594,1.03395383891932,0.914045667177272,0.888830883053384,0.888830883053384,0.932812242072858,0.880217133128219,0.873135632197639,0.873135632197639,1.01126605652705,0.563133070757827,1.04623583988676,1.04623583988676,0.978639520869333,1.25359309447444,1.12358194822917,1.12358194822917,1.1723243287696,1.05772027951506,1.07957300757594,1.07957300757594,1.03458766880335,1.06159594587092
299,1.01155520667157,1.01155520667157,1.02982089127214,0.990202773208816,0.95473073400903,0.95473073400903,1.03205557859838,0.909562547558038,0.883353973047326,0.883353973047326,0.931098519842109,0.871657691288051,0.877133905958809,0.877133905958809,1.01623815626167,0.56736800995489,1.04546316466866,1.04546316466866,0.996245555527346,1.24785186410574,1.12730898411469,1.12730898411469,1.17591522513688,1.05777832832576,1.07915029000253,1.07915029000253,1.03571666867234,1.06064528658256
300,1.00985616131626,1.00985616131626,1.02900706863396,0.987132448060492,0.951180044323593,0.951180044323593,1.02972391016876,0.906127603337493,0.879196560730378,0.879196560730378,0.929521634747655,0.863187277817691,0.880325805179911,0.880325805179911,1.0174641534565,0.568779656353911,1.04939372990858,1.04939372990858,1.01531127418124,1.24607481661066,1.13175887927338,1.13175887927338,1.17868589877278,1.06166114877486,1.07744670639841,1.07744670639841,1.03585241352462,1.05831155006565
301,1.00798650052778,1.00798650052778,1.0281727724703,0.984105402785735,0.947779159319678,0.947779159319678,1.02845728337054,0.902736054913709,0.876206141344504,0.876206141344504,0.92880486879563,0.855200161212007,0.88304731925264,0.88304731925264,1.01953018576632,0.573515502337723,1.05110705321829,1.05110705321829,1.03716162076574,1.24206506841664,1.13364892416195,1.13364892416195,1.17829193352385,1.06476353521342,1.07512334890846,1.07512334890846,1.03568024932172,1.0546475507251
302,1.00612157905689,1.00612157905689,1.02733847630663,0.980879779267553,0.94418384696315,0.94418384696315,1.02627344406326,0.899758435628261,0.872221125710556,0.872221125710556,0.929417377881906,0.84779808817935,0.891178262531658,0.891178262531658,1.03031442035054,0.578342422282763,1.04798275777117,1.04798275777117,1.05921407744197,1.23010417181518,1.13360913374324,1.13360913374324,1.17708420399025,1.06679524358795,1.07303836598999,1.07303836598999,1.03482936085741,1.05279574565298
303,1.0038632942262,1.0038632942262,1.02615868940035,0.977924018490435,0.940429167924151,0.940429167924151,1.02420719610329,0.896714053578565,0.870868474813176,0.870868474813176,0.92918931598808,0.840834797826464,0.892387824341759,0.892387824341759,1.0314268992866,0.583579175053324,1.04979686480498,1.04979686480498,1.0820525178083,1.2262994675629,1.12955051103516,1.12955051103516,1.17276350314545,1.06519567635975,1.06951995731506,1.06951995731506,1.03368049588809,1.0497490146698
304,1.00151022304374,1.00151022304374,1.02456431360291,0.974731491346157,0.937586066308882,0.937586066308882,1.02258107575756,0.894901444529239,0.867752073235879,0.867752073235879,0.931684964711947,0.834551938585687,0.902702698666794,0.902702698666794,1.0442998698324,0.589407908571862,1.05140940439059,1.05140940439059,1.10525026500438,1.22342885237855,1.12714982243986,1.12714982243986,1.16807467083854,1.06395730173147,1.06592844710488,1.06592844710488,1.03243561626714,1.04588035951022
305,0.999059995850727,0.999059995850727,1.02307486462361,0.971480409078819,0.933876009940975,0.933876009940975,1.02006126117224,0.893058792236002,0.868958850016875,0.868958850016875,0.933007723696137,0.82951547652223,0.912547187843456,0.912547187843456,1.05376729261475,0.595623706425616,1.05023359427608,1.05023359427608,1.12671884808227,1.21709527284482,1.12214949315573,1.12214949315573,1.16067974936275,1.06209973978904,1.0615105717136,1.0615105717136,1.03027694203083,1.04076726493498
306,0.996439153224547,0.996439153224547,1.02113243889287,0.968453363804062,0.931424950364583,0.931424950364583,1.01870056129617,0.89158667328434,0.868514597026069,0.868514597026069,0.938018569306199,0.82496867049272,0.919233376738185,0.919233376738185,1.06580022804557,0.601998883711517,1.04603427243856,1.04603427243856,1.14973694186347,1.21037438808781,1.11638651417971,1.11638651417971,1.15231606088141,1.058571662072,1.05625997448598,1.05625997448598,1.02712832362787,1.03601396849318
307,0.993673761411931,0.993673761411931,1.01923607859448,0.965528153525932,0.928629658754055,0.928629658754055,1.01669814863903,0.891573320731491,0.871253052029098,0.871253052029098,0.941628463282759,0.822119762658845,0.933412129067712,0.933412129067712,1.08298689242505,0.599038979971634,1.03914738462503,1.03914738462503,1.17138517835623,1.20048671356393,1.1085610651674,1.1085610651674,1.14233130227743,1.05323762135538,1.05045634825254,1.05045634825254,1.02299969360842,1.03113523783972
308,0.990661925084738,0.990661925084738,1.01642352803047,0.962717507619008,0.926765068569153,0.926765068569153,1.01553231442422,0.892144142365809,0.875251328946353,0.875251328946353,0.948346515069461,0.821089577236774,0.945003763081187,0.945003763081187,1.09956055820712,0.592959793059721,1.02997606573189,1.02997606573189,1.19474012229033,1.19205712929242,1.09890525689459,1.09890525689459,1.13036380053539,1.04556872847502,1.04336232100553,1.04336232100553,1.01793409302321,1.02490313806048
309,0.98757662933493,0.98757662933493,1.01251564385282,0.960461862443705,0.924492499677128,0.924492499677128,1.01352990176708,0.893312490740144,0.881961538300023,0.881961538300023,0.956048491026669,0.821496564070185,0.961836831605103,0.961836831605103,1.12324046698889,0.590250342713214,1.01855391033384,1.01855391033384,1.21566974512358,1.18292128255492,1.08800268216896,1.08800268216896,1.11694314828502,1.03787403612324,1.03523215895452,1.03523215895452,1.01160374771672,1.01823531944073
310,0.984126406130844,0.984126406130844,1.0089506912271,0.958374245012838,0.922886083517828,0.922886083517828,1.01242454310232,0.895802741846583,0.888439675195808,0.888439675195808,0.963893820174283,0.825337502310498,0.978367509676495,0.978367509676495,1.14719281959174,0.592732108156654,1.00585516109718,1.00585516109718,1.23783448518411,1.17424108902128,1.07505090087995,1.07505090087995,1.09959576043877,1.03027609178929,1.02623749179098,1.02623749179098,1.00382325008584,1.01106576397435
311,0.98152689043381,0.98152689043381,1.00622003476504,0.956551398573203,0.920157725913937,0.920157725913937,1.00927981449984,0.898069337692793,0.896601995071665,0.896601995071665,0.971380766345884,0.827156224722302,0.996779728341377,0.996779728341377,1.17711623260648,0.599653729209918,0.988016441931404,0.988016441931404,1.25788829761984,1.16068540620629,1.05962548189467,1.05962548189467,1.07958103410388,1.01985310533457,1.0146461309622,1.0146461309622,0.994400570827337,1.00175722510916
312,0.979308889802612,0.979308889802612,1.00367364003238,0.955140983869909,0.918219827055099,0.918219827055099,1.00769065143469,0.90066640922203,0.902828167584605,0.902828167584605,0.976691350444974,0.829909745017096,1.00696020690973,1.00696020690973,1.19430289698596,0.614794775263933,0.968632372329418,0.968632372329418,1.27583118243074,1.14651459156607,1.0436827874662,1.0436827874662,1.05759002307764,1.01086843941165,1.00538766260622,1.00538766260622,0.986838589300133,0.993990206687248
313,0.977770981245296,0.977770981245296,1.0020331988026,0.953832404163244,0.917212629621887,0.917212629621887,1.00536570251063,0.905433270589317,0.911129730935192,0.911129730935192,0.984061007642607,0.832179968447215,1.01912302288909,1.01912302288909,1.21242041108745,0.637403886138575,0.946459953027319,0.946459953027319,1.28202922524402,1.1305211641104,1.02116141047824,1.02116141047824,1.02857222203774,0.996452984754286,0.998287278703973,0.998287278703973,0.983209897639093,0.987130935849707
314,0.976868141244776,0.976868141244776,1.00048744762821,0.953206118933984,0.916205432188675,0.916205432188675,1.00470383121289,0.910807673111258,0.92111547726585,0.92111547726585,0.993593994804533,0.838698116951058,1.03817362139819,1.03817362139819,1.24195786202234,0.665910036002675,0.922439832116712,0.922439832116712,1.29049539242014,1.10828528776177,0.998865512529607,0.998865512529607,0.999192747982422,0.98094105256146,0.991094723300757,0.991094723300757,0.980547974194315,0.981377466614947
315,0.97648662617894,0.97648662617894,1.00021617341548,0.952905705693932,0.916734529574477,0.916734529574477,1.00534554399395,0.916899775348862,0.933554561008423,0.933554561008423,1.0068671970252,0.844408650957352,1.05658584006308,1.05658584006308,1.27769340988668,0.693869742099413,0.902551843894223,0.902551843894223,1.29159576958626,1.09450177834484,0.983440093544327,0.983440093544327,0.976271720630846,0.972846468402626,0.986848477600935,0.986848477600935,0.980564528444593,0.976412912553512
316,0.976590891165876,0.976590891165876,1.00005238521157,0.953010086565475,0.917617420995362,0.917617420995362,1.00658529276993,0.92373962054604,0.950078120009751,0.950078120009751,1.02163257563691,0.852790036057903,1.09693816600564,1.09693816600564,1.34662169661867,0.724220139678364,0.884948286751345,0.884948286751345,1.28256818548866,1.08124227011236,0.970932638597535,0.970932638597535,0.955811361473396,0.965171125654409,0.982306647432487,0.982306647432487,0.979558030027663,0.972098635852518
317,0.977481882872426,0.977481882872426,0.999842531575312,0.953193389559405,0.926545142547344,0.926545142547344,1.00939404609437,0.931013423710829,0.970891704161103,0.970891704161103,1.03808561226292,0.862290634950333,1.10906738304583,1.10906738304583,1.40061098049504,0.751246337672523,0.930468935470048,0.930468935470048,1.25784338426612,1.06308448993832,0.963571411136804,0.963571411136804,0.941111936775682,0.960191827669851,0.978247923062223,0.978247923062223,0.979538164927328,0.97008178576506
318,0.978733062715666,0.978733062715666,0.999783670189532,0.953868046412063,0.936059333490817,0.936059333490817,1.01169211699619,0.939008264729493,0.994191778932639,0.994191778932639,1.05849389373329,0.877380943632889,1.10745463396569,1.10745463396569,1.39933957599669,0.774720651178823,0.983985092967386,0.983985092967386,1.23615023441964,1.04738723706516,0.95422066274074,0.95422066274074,0.924442685833327,0.953290469064311,0.976115265229453,0.976115265229453,0.9815279858108,0.966368272919904
319,0.980474761929267,0.980474761929267,1.00008821388118,0.954955135001064,0.945748827785007,0.945748827785007,1.01531057074071,0.948258245716014,1.03036192915425,1.03036192915425,1.08505333028285,0.903542566018069,1.0985173161466,1.0985173161466,1.39034892990121,0.797876205820828,1.03703092641892,1.03703092641892,1.209359418926,1.03513016588118,0.9530866358076,0.9530866358076,0.916137123372317,0.952129492850295,0.973652061324242,0.973652061324242,0.982494754027063,0.964325015629992
320,0.982616933479057,0.982616933479057,1.00118610668551,0.956085503463631,0.956400896841318,0.956400896841318,1.01981935897205,0.958022299987243,1.0624476041171,1.0624476041171,1.12659317522973,0.91070934978766,1.08474175108711,1.08474175108711,1.37554614895614,0.819779493495959,1.08742278846915,1.08742278846915,1.19797388375813,1.02298700799817,0.947953671794442,0.947953671794442,0.905357975823774,0.948601415133257,0.972984612524121,0.972984612524121,0.985438099726574,0.962539228564011
321,0.98528042996353,0.98528042996353,1.00300569126332,0.957727592784252,0.969905629513845,0.969905629513845,1.02729144915573,0.969755855803779,1.06928379566219,1.06928379566219,1.14127384513801,0.911179928313791,1.0723101435944,1.0723101435944,1.36065255340403,0.840703736087899,1.13747870477237,1.13747870477237,1.18849716612333,1.02556144860001,0.949280019084664,0.949280019084664,0.90055289147619,0.949833339893685,0.971614753320061,0.971614753320061,0.987067037953976,0.962004482714308
322,0.98816667437464,0.98816667437464,1.00559815142832,0.960026517833122,0.988730022047229,0.988730022047229,1.04187613597558,0.984143231499162,1.07474081374329,1.07474081374329,1.14624559442342,0.910454983016779,1.05695542839394,1.05695542839394,1.34105930193839,0.859806499455296,1.15336893860554,1.15336893860554,1.17906536184225,1.02692840821161,0.947210917311918,0.947210917311918,0.893287138934482,0.948008027290538,0.971392270386687,0.971392270386687,0.990225588907107,0.960301218155997
323,0.992308837946578,0.992308837946578,1.01010232703584,0.962040304891434,0.996131010781147,0.996131010781147,1.04887114126444,0.988082234589777,1.07824179253651,1.07824179253651,1.14967955493902,0.909075043284745,1.04126472380179,1.04126472380179,1.32087575552708,0.877611458875205,1.13482473337106,1.13482473337106,1.1629863812107,1.03248737729876,0.950268147815879,0.950268147815879,0.890671468019467,0.950542825357806,0.971732351441987,0.971732351441987,0.993145758656229,0.960413448766428
324,0.994311199627521,0.994311199627521,1.01289184488367,0.963157943979423,0.999974935162329,0.999974935162329,1.04941542121487,0.991734157794127,1.08119242807246,1.08119242807246,1.1512694721417,0.907879519461602,1.02691797677641,1.02691797677641,1.2977180307357,0.897397276951805,1.13304422091195,1.13304422091195,1.1598649031272,1.03631486421123,0.950659420266495,0.950659420266495,0.8853755417224,0.951123313464814,0.970117761011217,0.970117761011217,0.994718412432683,0.959073283241866
325,0.996052898841122,0.996052898841122,1.01412537479436,0.964443610811847,1.00382204687716,1.00382204687716,1.04928775060921,0.994164322412744,1.08243898870338,1.08243898870338,1.15100882997732,0.906480502221752,1.0112944700626,1.0112944700626,1.27465112055135,0.911582046412935,1.11382812418347,1.11382812418347,1.14547017326012,1.03572251504621,0.954923626804558,0.954923626804558,0.885104286960843,0.954741689331831,0.970254429098861,0.970254429098861,0.99806568183899,0.958178739258721
326,0.997735356584873,0.997735356584873,1.01543056204427,0.964744024051899,1.00641016180048,1.00641016180048,1.0482596662584,0.996460961502865,1.08221354688715,1.08221354688715,1.14925601142192,0.905393084276233,0.998661268934869,0.998661268934869,1.25249235643724,0.926131111718974,1.10952801862185,1.10952801862185,1.13850860343361,1.03310250912398,0.953710019034005,0.953710019034005,0.879272309587365,0.953342068007156,0.970416523807462,0.970416523807462,1.00118781344151,0.957577975402883
327,0.999306440365305,0.999306440365305,1.0162520622545,0.965981319260925,1.00861260935222,1.00861260935222,1.04695944193237,0.997933080454528,1.08242572742007,1.08242572742007,1.14654533291244,0.904331103007802,0.985456885841258,0.985456885841258,1.22810863445103,0.939314067606605,1.09414170340918,1.09414170340918,1.12662902137483,1.02799919324069,0.95876340220975,0.95876340220975,0.880021489404999,0.957328086341944,0.967734015296496,0.967734015296496,1.00213140570738,0.955006574063882
328,1.00064292792513,1.00064292792513,1.01683043934956,0.967274623718096,1.01000228682336,1.01000228682336,1.04516197419484,0.999328422227305,1.08035696722408,1.08035696722408,1.14249234725645,0.902251654655844,0.971815716538443,0.971815716538443,1.20238539701119,0.951745663314112,1.09091662423796,1.09091662423796,1.12132924563593,1.0245817942117,0.963206665631993,0.963206665631993,0.881519849040267,0.960365974101953,0.967292227757368,0.967292227757368,1.00488603295372,0.952431871824574
329,1.00191780435631,1.00191780435631,1.01734995505883,0.968629029173244,1.01101267159022,1.01101267159022,1.04290422032639,1.00054350453661,1.07869930681062,1.07869930681062,1.13756621034981,0.901164236710325,0.961668836909256,0.961668836909256,1.178092489632,0.964108953550699,1.08033433320742,1.08033433320742,1.12267664624752,1.01574212205671,0.962656231506551,0.962656231506551,0.877735199271875,0.96038532370552,0.968166267852766,0.968166267852766,1.00813728770841,0.952121587195734
330,1.00296519354326,1.00296519354326,1.01750862488137,0.970092907249767,1.01130909361961,1.01130909361961,1.04037096672995,1.00168180966704,1.07442917358556,1.07442917358556,1.13160402083979,0.899587162730859,0.950312395469967,0.950312395469967,1.15425365528793,0.976859308122501,1.06400736990314,1.06400736990314,1.10145508661509,1.0117095912025,0.964712069806395,0.964712069806395,0.878174373647729,0.960772315776859,0.966723307113455,0.966723307113455,1.00834587126192,0.951154423405841
331,1.00406708488248,1.00406708488248,1.01741649401667,0.971673895572412,1.01125809628122,1.01125809628122,1.03742446354151,1.00243622890304,1.07161778152434,1.07161778152434,1.12493809748596,0.89818814549101,0.94147587446839,0.94147587446839,1.13118674510358,0.990452096835654,1.06037915583553,1.06037915583553,1.1034537308556,1.00649236201824,0.967756036837454,0.967756036837454,0.88214631837053,0.959843534805646,0.966901293460154,0.966901293460154,1.01047143699767,0.950302791126685
332,1.00480641842621,1.00480641842621,1.01705052974856,0.97310467727503,1.01115291427079,1.01115291427079,1.0345921919476,1.00288687756171,1.06662490835901,1.06662490835901,1.11846765575541,0.895905203722347,0.930119433029101,0.930119433029101,1.10821064952625,1.00279261858193,1.04912497331098,1.04912497331098,1.10329653411759,0.998427300309825,0.967954988930987,0.967954988930987,0.882030066329862,0.957856975506107,0.96829657928517,0.96829657928517,1.01362667710075,0.951576938645112
333,1.00545807459457,1.00545807459457,1.01674086767555,0.974767133594977,1.010314645521,1.010314645521,1.03130971348112,1.00340762712284,1.06136017888587,1.06136017888587,1.11095464536738,0.895580886089473,0.924810800640321,0.924810800640321,1.08589295984985,1.01736445237828,1.02873306646799,1.02873306646799,1.0882954739753,0.987696667358795,0.965501246444077,0.965501246444077,0.877909577332876,0.956812096913493,0.969040307948163,0.969040307948163,1.01534831912971,0.952682740247891
334,1.00617134189157,1.00617134189157,1.01611898433883,0.976495782662732,1.0095209994423,1.0095209994423,1.02768789998382,1.00326742531792,1.05668557651993,1.05668557651993,1.1025033231876,0.894143713833991,0.919233376738185,0.919233376738185,1.06325741904887,1.03209566560677,1.02221571897616,1.02221571897616,1.08229954125376,0.982821178077436,0.971005587698497,0.971005587698497,0.883082793142572,0.960714266966158,0.967762620245073,0.967762620245073,1.01416303480977,0.952478084428869
335,1.0069106754353,1.0069106754353,1.01506971615753,0.978802345336349,1.00829387598728,1.00829387598728,1.02390817810583,1.00309718026909,1.05075115223975,1.05075115223975,1.09405851706193,0.894557059836674,0.920812526879151,0.920812526879151,1.0435733529762,1.04883050598226,1.01284283263482,1.01284283263482,1.0837816819265,0.967739057029492,0.977305737327051,0.977305737327051,0.887681207195635,0.965841911911396,0.970461020394137,0.970461020394137,1.01768246841897,0.955250840686586
336,1.00720688278455,1.00720688278455,1.01367239804293,0.980984160139096,1.00672570783177,1.00672570783177,1.01989999303878,1.00299703612272,1.04540022442512,1.04540022442512,1.08539868115065,0.893603184445868,0.925281185788694,0.925281185788694,1.0230719554403,1.07187221817273,0.982809282852881,0.982809282852881,1.0693420387057,0.942814826778055,0.975906440935867,0.975906440935867,0.884929908899842,0.96678359261832,0.973858652619518,0.973858652619518,1.02059601646798,0.959931517321635
337,1.00724005800767,1.00724005800767,1.01246190084841,0.982827373578057,1.00524678501844,1.00524678501844,1.01593884451065,1.00214247274035,1.03941275501172,1.03941275501172,1.07603511139556,0.894404439774145,0.926557945477135,0.926557945477135,1.00368303684046,1.09475455093106,0.96016653950498,0.96016653950498,1.06720865440403,0.922561041866239,0.98286313247308,0.98286313247308,0.888843727602309,0.976019803387603,0.975177658581663,0.975177658581663,1.02144028323219,0.96370774727262
338,1.00730877811269,1.00730877811269,1.01075747985147,0.984871711135358,1.00330569882596,1.00330569882596,1.0116719584795,1.00170851477274,1.0336573580562,1.0336573580562,1.06697128012951,0.894735116576291,0.927263523199694,0.927263523199694,0.985088746052087,1.1123318254479,0.948106087187626,0.948106087187626,1.06521001016352,0.910349536002647,0.993129060499397,0.993129060499397,0.895289257412642,0.98759086632063,0.977033801911526,0.977033801911526,1.02263218925224,0.966840301663778
339,1.00704337632776,1.00704337632776,1.0089865198967,0.986686919950246,1.00140286063726,1.00140286063726,1.00717660925929,1.00066033937405,1.02806109650037,1.02806109650037,1.05746435718402,0.89526292762587,0.926356351842118,0.926356351842118,0.965949567621565,1.12521879096154,0.922339048392612,0.922339048392612,1.05220759426175,0.895518024216829,0.999966380780491,0.999966380780491,0.898615357465068,0.997007673389872,0.979172816399535,0.979172816399535,1.0238307169724,0.971045648654647
340,1.00658129286293,1.00658129286293,1.00680608943216,0.988402839643422,0.999391653104488,0.999391653104488,1.00265102226405,0.999809114129888,1.02230569954485,1.02230569954485,1.04760556731663,0.899523571038139,0.925213987910355,0.925213987910355,0.948626681331544,1.13963124532574,0.923481263932417,0.923481263932417,1.04531339446581,0.90346917262428,1.00580230885747,1.00580230885747,0.901211653039972,1.00634063217699,0.980974928159864,0.980974928159864,1.02448626528342,0.97517507493846
341,1.00587276488352,1.00587276488352,1.00424433955538,0.990240961332552,0.99729120022953,0.99729120022953,0.998108636504903,0.99894453633288,1.01872515305179,1.01872515305179,1.03879586216084,0.900782686554003,0.924508410187796,0.924508410187796,0.930032390543172,1.14873864144846,0.934601068158166,0.934601068158166,1.04367405705506,0.918050075147972,1.01467557222905,1.01467557222905,0.906953212159597,1.0176085513208,0.981276869283728,0.981276869283728,1.02378436507162,0.978010548302006
342,1.00498888215335,1.00498888215335,1.00138060517765,0.991740481657894,0.99525768136121,0.99525768136121,0.993751037148684,0.997849626999218,1.01237962898908,1.01237962898908,1.02954306532561,0.901761998621897,0.925684373058728,0.925684373058728,0.913050059029495,1.16444889976014,0.938195687651082,0.938195687651082,1.03749847091863,0.92688974730296,1.02226227872912,1.02226227872912,0.912113511075886,1.02836048103616,0.982866033093542,0.982866033093542,1.02373470232078,0.981757070150229
343,1.00357893517091,1.00357893517091,0.997531582385776,0.993329107605286,0.993099856480563,0.993099856480563,0.988980188200472,0.997372273234847,1.00645183535056,1.00645183535056,1.01950182594316,0.90155214603592,0.92225728126344,0.92225728126344,0.897293724710654,1.17430765606298,0.941487955971697,0.941487955971697,1.0243613149557,0.939875863613124,1.02549856611726,1.02549856611726,0.912727063512742,1.03615192140578,0.983886276259442,0.983886276259442,1.02314537101087,0.985817177527599
344,1.00222585999953,1.00222585999953,0.994204634493863,0.994882091303858,0.991110960283335,0.991110960283335,0.984535235271961,0.997609281047926,0.998839858731969,0.998839858731969,1.00926510493743,0.90248694391891,0.925113191092847,0.925113191092847,0.884625087030665,1.18867457344656,0.951767895829943,0.951767895829943,1.01883697244821,0.955595899146479,1.03104932952684,1.03104932952684,0.915930453077797,1.04589767173566,0.9844138786443,0.9844138786443,1.02140386388157,0.989500982269993
345,1.0007732591588,1.0007732591588,0.990885364174008,0.996819502114699,0.989565103463374,0.989565103463374,0.980023087287842,0.997425683446245,0.992010297828531,0.992010297828531,0.999777730154271,0.901215110064502,0.922727666411813,0.922727666411813,0.867302200740644,1.19507251922277,0.962686132607491,0.962686132607491,1.01589514777959,0.972090545126406,1.03730305700024,1.03730305700024,0.919818437993449,1.05503068461925,0.983641545032731,0.983641545032731,1.01874856213691,0.9928513960814
346,0.999436771598976,0.999436771598976,0.987681257435027,0.998619435680093,0.987257473901205,0.987257473901205,0.97516824452012,0.99589347800676,0.982932949404447,0.982932949404447,0.988048832757507,0.902442429734006,0.925650774119559,0.925650774119559,0.858379665600436,1.20602416306034,0.964130699319598,0.964130699319598,1.00278044849352,0.984005876407486,1.04082450905577,1.04082450905577,0.920948666166603,1.06286727406386,0.982932777973554,0.982932777973554,1.01486824587163,0.996238119796182
347,0.997685593750199,0.997685593750199,0.983952516605398,0.999614872772129,0.985061401016765,0.985061401016765,0.970555303952588,0.99470510080315,0.977270381432082,0.977270381432082,0.97833991213463,0.901577582713008,0.922425275959287,0.922425275959287,0.844326105163315,1.21467618937692,0.975351287269448,0.975351287269448,0.995594311898414,1.00339392023196,1.04256865574242,1.04256865574242,0.920903457039677,1.06916234509097,0.982726186678278,0.982726186678278,1.01242814938059,0.999426789492556
348,0.995882283407953,0.995882283407953,0.980489931607122,1.00068668611164,0.981615893341758,0.981615893341758,0.965774375746034,0.992201497143861,0.967941068625152,0.967941068625152,0.967790420531652,0.901920977853698,0.921719698236728,0.921719698236728,0.831680171135082,1.22392019644147,0.988318793103706,0.988318793103706,0.9889695922248,1.0232376172603,1.04562588624638,1.04562588624638,0.922162854146907,1.07703763374271,0.982169979344843,0.982169979344843,1.00945500603058,1.00258575108617
349,0.993735372540576,0.993735372540576,0.976707447773085,1.00162102220569,0.97892897107531,0.97892897107531,0.960775063608753,0.989951591988713,0.960660624089254,0.960660624089254,0.957214864712236,0.902836698228872,0.921652500358389,0.921652500358389,0.821599749755305,1.2330731295448,0.996986193376344,0.996986193376344,0.977381946965189,1.04062078698776,1.0448897635003,1.0448897635003,0.918462164185663,1.08278446600209,0.982017419619101,0.982017419619101,1.00669044623407,1.00559287126567
350,0.99130647227671,0.99130647227671,0.972692077586614,1.00225239918479,0.975639642749125,0.975639642749125,0.955903422077128,0.987224333069194,0.952233078547244,0.952233078547244,0.946724017596242,0.904242074637994,0.915772686003727,0.915772686003727,0.810951737081622,1.24172515586138,1.00528405332728,1.00528405332728,0.964177420971679,1.05957596026856,1.04530756289672,1.04530756289672,0.917105890377878,1.08869899482572,0.981505708872341,0.981505708872341,1.00323060792587,1.00911493189303
351,0.988891789965609,0.988891789965609,0.968628082777108,1.0028557715398,0.97218457307317,0.97218457307317,0.951095615848331,0.984557160637498,0.945834509351304,0.945834509351304,0.936317879183669,0.905329492583513,0.90962408013571,0.90962408013571,0.800462649970233,1.24864677691465,1.01902423437964,1.01902423437964,0.949827604458324,1.0824497511026,1.04478365571709,1.04478365571709,0.91501981209257,1.0935879946603,0.979783055302503,0.979783055302503,0.998900016053024,1.01129022519521
352,0.986311231538926,0.986311231538926,0.964369589475459,1.00348460264398,0.968735878064514,0.968735878064514,0.945911517308126,0.981839916132615,0.938381668132407,0.938381668132407,0.926413476937512,0.907847723615241,0.895814916137048,0.895814916137048,0.7903595249387,1.25757202511491,1.02708693230768,1.02708693230768,0.932715616691224,1.10350092912118,1.04516829643125,1.04516829643125,0.915181273260163,1.09840604594846,0.979376229367191,0.979376229367191,0.995529570696328,1.01442608048668
353,0.983211717836355,0.983211717836355,0.959906360918923,1.00395558950338,0.965086381035946,0.965086381035946,0.940811412587431,0.97914603859522,0.931611783003853,0.931611783003853,0.915987790362611,0.90924674085509,0.883450506522674,0.883450506522674,0.782277024913474,1.26214849166657,1.03770281791293,1.03770281791293,0.908709429128194,1.12434706319802,1.04207790724503,1.04207790724503,0.911680795146736,1.10005076225165,0.978251101389843,0.978251101389843,0.991261884974539,1.01789532670913
354,0.980190402873985,0.980190402873985,0.955348442307002,1.00451822785975,0.96184805004815,0.96184805004815,0.936064081908682,0.976148390480498,0.924974510708376,0.924974510708376,0.905959583088378,0.913539180113719,0.860972816218283,0.860972816218283,0.770584644259003,1.26235340807934,1.04458970572646,1.04458970572646,0.88185124360398,1.1477904205369,1.04173305694958,1.04173305694958,0.912216846223146,1.10429477530067,0.97580696745035,0.97580696745035,0.98546458652702,1.0197240254791
355,0.976901316467892,0.976901316467892,0.950416881854912,1.00541946757991,0.958514099050873,0.958514099050873,0.931471299857833,0.973995291333509,0.918609094720705,0.918609094720705,0.897319295339428,0.915415135048971,0.838058339704688,0.838058339704688,0.761003703217864,1.2639016654202,1.05181253928699,1.05181253928699,0.844483333309421,1.17171221373983,1.04054597612483,1.04054597612483,0.911732462720366,1.10744231081422,0.973830047670941,0.973830047670941,0.979495123876604,1.02226571871534
356,0.973626448014564,0.973626448014564,0.945321533198913,1.00637926242312,0.955696496104799,0.955696496104799,0.926962511626495,0.97191229308898,0.912900112256763,0.912900112256763,0.887708115528191,0.920610576344229,0.81134718306494,0.81134718306494,0.749243211608125,1.26082791922878,1.05127502609179,1.05127502609179,0.803522354717309,1.19460878723407,1.03329085644731,1.03329085644731,0.906985504393116,1.10559764860751,0.972275845464944,0.972275845464944,0.973694514579029,1.02501866957121
357,0.970034045282837,0.970034045282837,0.939975383855677,1.00731869026701,0.953608792564439,0.953608792564439,0.922588113506373,0.971575141129529,0.906189902903094,0.906189902903094,0.879497887350456,0.923898266857875,0.780066570698141,0.780066570698141,0.735257762126273,1.25579608287098,1.05863223795112,1.05863223795112,0.767883608540948,1.22306432981546,1.02866190440444,1.02866190440444,0.903962951335766,1.10539125283613,0.968401464096618,0.968401464096618,0.96577496124581,1.02613107297461
358,0.966451121186286,0.966451121186286,0.934350282727657,1.0093935783233,0.951820698387123,0.951820698387123,0.918616885719904,0.96877778130755,0.901018002413111,0.901018002413111,0.870890179872054,0.930543598747159,0.74626603789363,0.74626603789363,0.725676821085134,1.24470782809157,1.06091666903073,1.06091666903073,0.727910723730663,1.24958334628042,1.02146647035499,1.02146647035499,0.900468931669042,1.1042754256971,0.964495299452096,0.964495299452096,0.9567264080436,1.02589670905282
359,0.962830282549031,0.962830282549031,0.928418078717307,1.01118587426395,0.950080414214548,0.950080414214548,0.915492315634103,0.965342837087005,0.89392321584352,0.89392321584352,0.862354148988853,0.937729460024566,0.718210923687103,0.718210923687103,0.717162951676539,1.22963508750848,1.03709811556832,1.03709811556832,0.669770387340872,1.26282007185271,1.00933039264946,1.00933039264946,0.893409849421853,1.09892203537692,0.960306263649427,0.960306263649427,0.946323717168611,1.02520021908809
360,0.959154941759513,0.959154941759513,0.921927971137391,1.01254282559401,0.947469987955686,0.947469987955686,0.912471897884495,0.961297013573593,0.889858632509727,0.889858632509727,0.854267725839195,0.944641877023276,0.692944521431643,0.692944521431643,0.710578892667225,1.20668444927924,1.00088316404156,1.00088316404156,0.595259133520352,1.27617071072597,0.986762593506333,0.986762593506333,0.875261614184342,1.08629319411556,0.95286579869188,0.95286579869188,0.932106927029463,1.02254959614172
