1,1.0098774197072116,1.0098774197072116,1.0131986846965069,0.9957077953263932,1.0100181878983703,1.0100181878983703,0.9985794546950901,1.0156288361858907,0.9747782683405284,0.9747782683405284,1.0389010617662595,1.0099978348392491,1.0143572961962000,1.0143572961962000,1.0061285697280642,1.0187062558403943,1.0160189835428028,1.0160189835428028,1.0047274290611552,1.0179299186246045,0.9746364515923319,0.9746364515923319,1.0355572956630643,1.0069575816953964,1.0097135378863464,1.0097135378863464,0.9972454935294794,1.0152469408930445
2,1.0097591792991158,1.0097591792991158,1.0131124487238286,0.9956920173149728,1.0084559862567821,1.0084559862567821,1.0010785346749171,1.0151878011551436,0.9770955649842087,0.9770955649842087,1.0370840505633836,1.0102419796063395,1.0231750790816585,1.0231750790816585,1.0078919642286523,1.0152559431518791,1.0126014761239488,1.0126014761239488,1.0051440554593010,1.0242228488312604,0.9850259075759572,0.9850259075759572,1.0370158288376790,1.0061255897724675,1.0110454815168410,1.0110454815168410,0.9950507138263539,1.0157287192275581
3,1.0092124881761873,1.0092124881761873,1.0127227999597923,0.9956084573292030,1.0063352310763323,1.0063352310763323,1.0028752061195467,1.0138363860612878,0.9788146397269604,0.9788146397269604,1.0335840463242618,1.0086302247549503,1.0230618329909493,1.0230618329909493,1.0061843681580502,1.0057095861991336,1.0054262538915113,1.0054262538915113,1.0053264835862996,1.0286378379105972,0.9941816868351840,0.9941816868351840,1.0374608276423369,1.0037356021216086,1.0115504984972474,1.0115504984972474,0.9925399793326014,1.0159199556659564
4,1.0084154715677969,1.0084154715677969,1.0118354580979172,0.9955272549773235,1.0032671410265532,1.0032671410265532,1.0039345763693530,1.0123998828061531,0.9784520199781064,0.9784520199781064,1.0280261384050480,1.0055774906556891,1.0158951647061270,1.0158951647061270,1.0014271417191671,0.9928014491714056,0.9949408875206077,0.9949408875206077,1.0104562474727388,1.0295367692746256,1.0012353739175477,1.0012353739175477,1.0384124085858966,1.0017781525721285,1.0120656253324192,1.0120656253324192,0.9901625382661446,1.0158142756602926
5,1.0073212941200227,1.0073212941200227,1.0105529587071898,0.9956206308811179,1.0004297152136790,1.0004297152136790,1.0054490063732047,1.0108559280700280,0.9799509825196100,0.9799509825196100,1.0242052153883272,1.0036800990001484,1.0104814654940575,1.0104814654940575,0.9986265528729563,0.9818266840790217,0.9830759029967170,0.9830759029967170,1.0108502757920894,1.0299638540706919,1.0076390276313445,1.0076390276313445,1.0384651097084709,0.9989256511301139,1.0118186475274702,1.0118186475274702,0.9881010519903147,1.0151988818011723
6,1.0070768001152846,1.0070768001152846,1.0100760084892144,0.9961795488000423,0.9985031425714119,0.9985031425714119,1.0080792422612883,1.0106614905505558,0.9843737507294150,0.9843737507294150,1.0236902217380799,1.0031887770711019,1.0085529314759445,1.0085529314759445,1.0108217920854925,0.9756080877247625,0.9712122605138311,0.9712122605138311,1.0076885991316051,1.0332043599608460,1.0134309171321068,1.0134309171321068,1.0386486013978833,0.9972226618805208,1.0123097783250075,1.0123097783250075,0.9864973439618617,1.0158449609842317
7,1.0062679370373129,1.0062679370373129,1.0094359942987170,0.9965190480802618,0.9955966185777479,0.9955966185777479,1.0094801999441276,1.0095689459072221,0.9874355718595826,0.9874355718595826,1.0198355722953196,1.0021701882397265,1.0074687174240657,1.0074687174240657,1.0215814525736087,0.9613613047905614,0.9589285591964268,0.9589285591964268,1.0088842429369345,1.0384587349278365,1.0189581761970421,1.0189581761970421,1.0390541483790410,0.9954524678745876,1.0130090531912470,1.0130090531912470,0.9848342069369913,1.0171100587693609
8,1.0055845527438592,1.0055845527438592,1.0093492142505012,0.9971463147124515,0.9928833554167573,0.9928833554167573,1.0109492030583853,1.0087626644087111,0.9903723890865784,0.9903723890865784,1.0164077544417560,1.0007494742648577,1.0037068029078438,1.0037068029078438,1.0319263173799904,0.9436101059040193,0.9524699868605798,0.9524699868605798,1.0081179626287080,1.0405465225270689,1.0231893193890791,1.0231893193890791,1.0387947137798517,0.9938503597735536,1.0135649167941507,1.0135649167941507,0.9837104927271312,1.0178469440128752
9,1.0042683100633603,1.0042683100633603,1.0085528236826287,0.9970471580717144,0.9888639166188169,0.9888639166188169,1.0113364071869575,1.0069937795927151,0.9904832196847437,0.9904832196847437,1.0097431611873919,0.9990628710328880,0.9962814778714607,0.9962814778714607,1.0341701527740612,0.9184902064337128,0.9473554685910913,0.9473554685910913,1.0034837129791168,1.0507887551219661,1.0253102362720039,1.0253102362720039,1.0373233754167464,0.9919089712726703,1.0130827956613018,1.0130827956613018,0.9815078079051340,1.0181228619460545
10,1.0027890306001170,1.0027890306001170,1.0077792162778847,0.9967952539583463,0.9843463405915520,0.9843463405915520,1.0109925104482558,1.0047908502603375,0.9906106245302937,0.9906106245302937,1.0021894032535403,0.9965314130070756,0.9902258274469687,0.9902258274469687,1.0373748699550975,0.9024780995805955,0.9409291052393607,0.9409291052393607,1.0037109263895454,1.0582615070777557,1.0284602370862885,1.0284602370862885,1.0362227213539947,0.9896573898931288,1.0124974053355094,1.0124974053355094,0.9804823608844078,1.0182918812099917
11,1.0008941663812596,1.0008941663812596,1.0064872862445089,0.9963350619585830,0.9856152614864495,0.9856152614864495,1.0105139780256320,1.0022129003925990,0.9914188127146788,0.9914188127146788,0.9954929326096521,0.9948816422785930,0.9863747902676443,0.9863747902676443,1.0407297505580080,0.8968874289852821,1.0046894733798479,1.0046894733798479,1.0022313685397202,1.0631738035494351,1.0305060100808199,1.0305060100808199,1.0349949776459344,0.9874021078111457,1.0113156525180169,1.0113156525180169,0.9806373387089241,1.0174603464285839
12,0.9991893962001114,0.9991893962001114,1.0053104735269218,0.9960084616560908,0.9869546482541832,0.9869546482541832,1.0103372054218362,0.9994288094293016,0.9912357214959068,0.9912357214959068,0.9881528493355108,0.9916020702512294,0.9849200135639183,0.9849200135639183,1.0416569891739524,0.8979719535010592,1.0355946646600669,1.0355946646600669,0.9976624478815543,1.0687583479164615,1.0300980639815620,1.0300980639815620,1.0330628005340268,0.9840976025729092,1.0096070275929045,1.0096070275929045,0.9811914469226284,1.0162109037832645
13,0.9971007881706441,0.9971007881706441,1.0035477141253666,0.9953049573049255,0.9874042026834172,0.9874042026834172,1.0089848696953381,0.9958318576598550,0.9895214486379115,0.9895214486379115,0.9798311495561157,0.9880512837855376,0.9755192478446313,0.9755192478446313,1.0366273351063140,0.8976555313823215,1.0593756312660325,1.0593756312660325,0.9965132328562945,1.0790326118710638,1.0298965699055709,1.0298965699055709,1.0301093911353818,0.9806683836623897,1.0076252879147873,1.0076252879147873,0.9812257857591492,1.0147683185847198
14,0.9948238192358503,0.9948238192358503,1.0017974004517294,0.9948207355751253,0.9885799421245303,0.9885799421245303,1.0079937663172196,0.9931635055746687,0.9906566296842491,0.9906566296842491,0.9735459785946957,0.9868585171515272,0.9678868633879573,0.9678868633879573,1.0272154528719046,0.9025334324640536,1.0747903142477551,1.0747903142477551,0.9936551921999813,1.0829580960687553,1.0276203298306574,1.0276203298306574,1.0252723607152909,0.9765630464157828,1.0050903607717927,1.0050903607717927,0.9815017150269525,1.0125739741974522
15,0.9922633914023934,0.9922633914023934,0.9995311671497503,0.9938784754534423,0.9887490602193374,0.9887490602193374,1.0059395914733598,0.9897830699628256,0.9897113554350473,0.9897113554350473,0.9646248951384940,0.9850541682457591,0.9625957915995553,0.9625957915995553,1.0249141779175541,0.8983215753498717,1.0804080978940627,1.0804080978940627,0.9886659472762306,1.0833071557578480,1.0236346824966813,1.0236346824966813,1.0210516077482241,0.9711757118293437,1.0026095510866608,1.0026095510866608,0.9810704017427542,1.0101298037766886
16,0.9896574127719566,0.9896574127719566,0.9970105105245937,0.9927769390268166,0.9882186930296101,0.9882186930296101,1.0033843289337006,0.9858438993023477,0.9893944310411321,0.9893944310411321,0.9537347357163962,0.9817228236231325,0.9630648582474634,0.9630648582474634,1.0250688544477360,0.8958344647067366,1.0768221643291001,1.0768221643291001,0.9807599066913000,1.0804982519067956,1.0188890748068906,1.0188890748068906,1.0148085972392318,0.9635277661494055,0.9993295276474449,0.9993295276474449,0.9798289543791081,1.0075744849880521
17,0.9867624088294390,0.9867624088294390,0.9942798180721856,0.9914596790992182,0.9872095146938257,0.9872095146938257,1.0003629346265157,0.9818667078352316,0.9890758802023802,0.9890758802023802,0.9425538337926292,0.9798405939419187,0.9666217236290283,0.9666217236290283,1.0237054854562391,0.8936572182109663,1.0547254591842228,1.0547254591842228,0.9621703162004674,1.0688897586229436,1.0106632980014409,1.0106632980014409,1.0060770130756480,0.9546381607862487,0.9951549307358123,0.9951549307358123,0.9778875759172785,1.0037789416503917
18,0.9838063170678741,0.9838063170678741,0.9913987794129421,0.9900326305088191,0.9854481651972765,0.9854481651972765,0.9970297524197224,0.9773846177694793,0.9859538806132507,0.9859538806132507,0.9296833562626222,0.9762163643518038,0.9603449417848083,0.9603449417848083,1.0169743895565999,0.8890695073624807,1.0329501728600072,1.0329501728600072,0.9435831909545944,1.0566422807788229,1.0014785457378230,1.0014785457378230,0.9968120521012920,0.9438423976094531,0.9906709425334869,0.9906709425334869,0.9755116971272785,0.9992995093109692
19,0.9812493147195974,0.9812493147195974,0.9885479822856524,0.9888344537622431,0.9840277278095632,0.9840277278095632,0.9939608117232203,0.9732520217907042,0.9843087703856969,0.9843087703856969,0.9194675774383925,0.9743228926213330,0.9632364026215554,0.9632364026215554,1.0105555186953386,0.8914721841241909,0.9612348566632639,0.9612348566632639,0.8922280297078178,1.0129580766765502,0.9839578572777292,0.9839578572777292,0.9797234910512994,0.9291106413297801,0.9839852361072926,0.9839852361072926,0.9717874175273987,0.9935041702895488
20,0.9837221276136532,0.9837221276136532,0.9896835586114673,0.9911836999167000,0.9907677439477001,0.9907677439477001,0.9994706252429668,0.9766357154250795,1.0019512822290750,1.0019512822290750,0.9355769752515578,0.9915284052442550,1.0366037871160525,1.0366037871160525,1.0550125075041394,0.9456102871727239,0.9608208370132673,0.9608208370132673,0.8911120954895104,1.0123310012115565,0.9854769258421705,0.9854769258421705,0.9815985999532285,0.9360969014131534,0.9852003217106443,0.9852003217106443,0.9754313023808107,0.9961286404242924
21,0.9867996609807739,0.9867996609807739,0.9913164879879099,0.9942723136609245,0.9949831492299711,0.9949831492299711,1.0030199964215463,0.9781863759939893,1.0109569072904794,1.0109569072904794,0.9467672702808225,1.0006346870250746,1.0586063633789928,1.0586063633789928,1.0672815975798926,0.9632881187545327,0.9645973404009189,0.9645973404009189,0.8937708621782686,1.0194411417491474,0.9883560213186078,0.9883560213186078,0.9852547403318171,0.9459366991352250,0.9870294620515354,0.9870294620515354,0.9800485792034076,0.9992447944410942
22,0.9895693696469079,0.9895693696469079,0.9926859714551797,0.9969055866905063,0.9992176724684591,0.9992176724684591,1.0063913612576849,0.9795708774137551,1.0182143365015777,1.0182143365015777,0.9582802591627413,1.0087078096869944,1.0762070841989226,1.0762070841989226,1.0760624652163717,0.9804007351786482,0.9634586186083026,0.9634586186083026,0.8962443246209087,1.0228372871947911,0.9891028895948981,0.9891028895948981,0.9872014990745493,0.9549207464246923,0.9880672981129535,0.9880672981129535,0.9843051263921253,1.0018822324062193
23,0.9923510063417945,0.9923510063417945,0.9937781350870726,0.9995407639628459,1.0021336216442704,1.0021336216442704,1.0089485851254465,0.9797914740073455,1.0224886335327084,1.0224886335327084,0.9666467795872677,1.0164043236988007,1.0776772730925084,1.0776772730925084,1.0777310844424983,0.9871632332836392,0.9663446777892354,0.9663446777892354,0.8995267982844058,1.0256745264794285,0.9908877506140590,0.9908877506140590,0.9897780806431022,0.9646646219394767,0.9890919021585752,0.9890919021585752,0.9886982790342271,1.0045907903278468
24,0.9948807883167641,0.9948807883167641,0.9945332212537307,1.0017419552428961,1.0045795307425842,1.0045795307425842,1.0110407844270304,0.9794353689814436,1.0263783150848111,1.0263783150848111,0.9738939672668792,1.0215537739453655,1.0702211236764054,1.0702211236764054,1.0769897038323162,0.9905717389046530,0.9669425570568967,0.9669425570568967,0.8990694953444294,1.0278050225582676,0.9916410487282222,0.9916410487282222,0.9899025056249103,0.9720472272543494,0.9887250036351866,0.9887250036351866,0.9915359979903917,1.0063661956743293
25,0.9971288445254535,0.9971288445254535,0.9953929059424544,1.0034560684290097,1.0071979771658219,1.0071979771658219,1.0125456924992888,0.9779228241130323,1.0288316134967503,1.0288316134967503,0.9797714626574012,1.0258712385860527,1.0557624793022480,1.0557624793022480,1.0737222134175455,0.9923022236006510,0.9798167564164355,0.9798167564164355,0.8981396871205598,1.0366152891109690,0.9909694792761777,0.9909694792761777,0.9912753254569112,0.9773189518965119,0.9878398858504623,0.9878398858504623,0.9946877345143768,1.0072844430564816
26,0.9992514015598318,0.9992514015598318,0.9960313332459679,1.0050687580187223,1.0095390794279553,1.0095390794279553,1.0144864899251089,0.9765103606358053,1.0307880717359217,1.0307880717359217,0.9837059904776234,1.0295306735409464,1.0365729627363329,1.0365729627363329,1.0696341578559216,0.9950774751109787,0.9844783358467867,0.9844783358467867,0.8955626843896231,1.0407374787099257,0.9913437268275478,0.9913437268275478,0.9933382931356569,0.9841448235360646,0.9868481983025625,0.9868481983025625,0.9978899013223879,1.0080840738503722
27,1.0009106209440002,1.0009106209440002,0.9964484124850149,1.0065013606504980,1.0117652360933016,1.0117652360933016,1.0159914929003400,0.9754540338157670,1.0318835985081429,1.0318835985081429,0.9887861813227388,1.0352899309988595,1.0038247396650322,1.0038247396650322,1.0682207343904664,1.0032683813556080,0.9871671150000063,0.9871671150000063,0.8953769692693451,1.0368965901545319,0.9901813205952340,0.9901813205952340,0.9948815033948571,0.9894555535819618,0.9854294883302858,0.9854294883302858,1.0005016526118382,1.0080870736376413
28,1.0027209083025748,1.0027209083025748,0.9970449233023343,1.0076641955582744,1.0127915700445402,1.0127915700445402,1.0168769376355311,0.9745427997079166,1.0298427974867199,1.0298427974867199,0.9924506018888029,1.0371517474853695,0.9407667699963409,0.9407667699963409,1.0634401218448981,1.0051931459535255,0.9868188553592474,0.9868188553592474,0.9014981725036396,1.0321768924995400,0.9902253998452298,0.9902253998452298,0.9970139003614886,0.9965816262035803,0.9842794031461033,0.9842794031461033,1.0034555736908608,1.0084043323891212
29,1.0041544126811179,1.0041544126811179,0.9972173272382487,1.0083102552529175,1.0133567539165846,1.0133567539165846,1.0169272045767324,0.9758839662648749,1.0269943504291905,1.0269943504291905,0.9954052143173653,1.0385053789689473,0.9462039225408057,0.9462039225408057,1.0591124612603928,1.0059801025182615,0.9935746897776691,0.9935746897776691,0.9240490007701356,1.0267106177683474,0.9891124181498181,0.9891124181498181,0.9988727252086896,1.0031274286823497,0.9886007416261712,0.9886007416261712,1.0056840673199245,1.0081729425482162
30,1.0054001474583241,1.0054001474583241,0.9969833747571657,1.0088456195024944,1.0132874476087443,1.0132874476087443,1.0163110312093848,0.9783116042581166,1.0230910377203604,1.0230910377203604,0.9967931750872261,1.0395233021526695,0.9523520461044566,0.9523520461044566,1.0478140997533674,1.0070215903469046,0.9984630741378401,0.9984630741378401,0.9467785592961911,1.0207125403343604,0.9890740715263596,0.9890740715263596,1.0007912089109396,1.0097442106339500,0.9923583962333256,0.9923583962333256,1.0075900758427720,1.0078041874486183
31,1.0063218068697302,1.0063218068697302,0.9965959249650931,1.0094336224625862,1.0131933741818862,1.0131933741818862,1.0154337481298450,0.9816434542135567,1.0199130419589921,1.0199130419589921,0.9994577846287256,1.0417672003922209,0.9633014018570512,0.9633014018570512,1.0425522257491695,1.0114572382341835,1.0075372843921424,1.0075372843921424,0.9655156536104302,1.0178748903912651,0.9880697773313769,0.9880697773313769,1.0024769786674406,1.0157628110428838,0.9960521803462552,0.9960521803462552,1.0089549430465066,1.0074525561346812
32,1.0068225393998242,1.0068225393998242,0.9961162997090589,1.0099309471961235,1.0117674957584222,1.0117674957584222,1.0146373856516850,0.9841945491188694,1.0124899477238019,1.0124899477238019,0.9988696430939321,1.0403596514487190,0.9693885467564740,0.9693885467564740,1.0316633262504240,1.0087516651696919,1.0112708424676389,1.0112708424676389,0.9776713656312790,1.0101557433608219,0.9847443891322232,0.9847443891322232,1.0016006004493518,1.0200375664472687,0.9985003708823348,0.9985003708823348,1.0095472020512863,1.0055716895170232
33,1.0073893960277722,1.0073893960277722,0.9954822476796588,1.0107243590089174,1.0113273367788995,1.0113273367788995,1.0139340280867604,0.9870977318766703,1.0062706550171114,1.0062706550171114,1.0001841601334045,1.0416748232901014,0.9787169421929410,0.9787169421929410,1.0262135428275967,1.0108920230764902,1.0122122842325421,1.0122122842325421,0.9827929120345198,1.0024517906933159,0.9795340513532855,0.9795340513532855,1.0000205290117219,1.0208084967799109,1.0004290932926667,1.0004290932926667,1.0099467386323531,1.0032078883968414
34,1.0082664425726646,1.0082664425726646,0.9952100512222591,1.0117115955309715,1.0113158600586825,1.0113158600586825,1.0142994045316143,0.9897053202600661,0.9995333783547750,0.9995333783547750,1.0020138187460452,1.0412965875012796,0.9937947545423371,0.9937947545423371,1.0230958055521269,1.0088865134560452,1.0154821671408623,1.0154821671408623,0.9899236330797059,1.0047752962473004,0.9780536392840076,0.9780536392840076,1.0005957262357732,1.0254702716456425,1.0030242335412503,1.0030242335412503,1.0110969802964500,1.0016713723594364
35,1.0091173901828505,1.0091173901828505,0.9955196528728552,1.0126147053283394,1.0115787245235539,1.0115787245235539,1.0151167722010628,0.9929148520297572,0.9935306351606424,0.9935306351606424,1.0059929453270171,1.0410028150035870,1.0036371130058690,1.0036371130058690,1.0235294742322389,1.0043791377568765,1.0230935526998766,1.0230935526998766,1.0019145845624320,1.0099910693192617,0.9792017139499782,0.9792017139499782,1.0051800577338577,1.0309271054239355,1.0062485933095218,1.0062485933095218,1.0131872749501436,1.0011224425369949
36,1.0097252710737903,1.0097252710737903,0.9953464781632628,1.0130822195948972,1.0107875741394610,1.0107875741394610,1.0152398613566409,0.9956449800179090,0.9851701665511718,0.9851701665511718,1.0077557427792638,1.0402734130971809,1.0102549733126391,1.0102549733126391,1.0202726511643774,1.0060309267964009,1.0230499363672190,1.0230499363672190,1.0105145916034455,1.0103200067439244,0.9775335196276427,0.9775335196276427,1.0060992186048225,1.0347372746437973,1.0082075263446824,1.0082075263446824,1.0143110828965911,0.9997268540056644
37,1.0099457866822668,1.0099457866822668,0.9954569935067976,1.0133744301799685,1.0099367804891612,1.0099367804891612,1.0154880958988719,0.9989774625990836,0.9753521710186591,0.9753521710186591,1.0098687477475126,1.0393775253165789,1.0200939813001144,1.0200939813001144,1.0195661445729367,1.0075122085802324,1.0180166115785241,1.0180166115785241,1.0179419637920843,1.0071911999542800,0.9754134548919059,0.9754134548919059,1.0069921029329310,1.0366803654678038,1.0101051758190438,1.0101051758190438,1.0152787881794736,0.9976958105378524
38,1.0097978383461497,1.0097978383461497,0.9954553839499994,1.0130116492650811,1.0084300595727682,1.0084300595727682,1.0147402604740803,1.0014424255106558,0.9778206495824084,0.9778206495824084,1.0092699557623910,1.0382845318697254,1.0233385823132151,1.0233385823132151,1.0121506973408219,1.0112027069702767,1.0064475470962031,1.0064475470962031,1.0175278026388981,1.0045420422432949,0.9842830676318282,0.9842830676318282,1.0044468311605144,1.0363150321227654,1.0106305314484489,1.0106305314484489,1.0153447787370096,0.9948071091411651
39,1.0091888564064022,1.0091888564064022,0.9955022877952864,1.0127227030961656,1.0062945571041635,1.0062945571041635,1.0134020969248370,1.0032785584422199,0.9791577421377726,0.9791577421377726,1.0079700091306594,1.0347950589489952,1.0240596047605708,1.0240596047605708,1.0026181920298249,1.0100493237550852,1.0027025816721655,1.0027025816721655,1.0240500190532620,1.0032566812705179,0.9935775144789152,0.9935775144789152,1.0037525382816568,1.0376717836519187,1.0115926030688591,1.0115926030688591,1.0158544870538111,0.9925957972071572
40,1.0082536581726171,1.0082536581726171,0.9953723444211034,1.0118437590461744,1.0032081816063700,1.0032081816063700,1.0122369098604820,1.0041402263237791,0.9785737709916046,0.9785737709916046,1.0051565151689463,1.0292005862657192,1.0185112164110308,1.0185112164110308,0.9923139451982125,1.0044324212742803,0.9939538163615396,0.9939538163615396,1.0257752796507114,1.0085250186250723,1.0010833043784586,1.0010833043784586,1.0011579702344726,1.0382442083055914,1.0117854931508126,1.0117854931508126,1.0155587793660645,0.9901449085128224
41,1.0073930254108798,1.0073930254108798,0.9955476500932173,1.0106756194621445,1.0003459589420418,1.0003459589420418,1.0109706511302130,1.0053927303840593,0.9799051322651628,0.9799051322651628,1.0032636195074813,1.0250001276903264,1.0132509690023486,1.0132509690023486,0.9833866066830201,1.0022436983286078,0.9815708040097763,0.9815708040097763,1.0261664318509429,1.0122673491506045,1.0071597335720759,1.0071597335720759,0.9985289836170678,1.0387272239882739,1.0117285211457219,1.0117285211457219,1.0152216401066831,0.9882280132001524
42,1.0068588332309005,1.0068588332309005,0.9960808894594997,1.0099842886628940,0.9984146588424834,0.9984146588424834,1.0105982834997045,1.0079366133559995,0.9844796245433157,0.9844796245433157,1.0038413324763285,1.0237921251211386,1.0095473527695094,1.0095473527695094,0.9764868846457028,1.0109908025202929,0.9714055144185297,0.9714055144185297,1.0313697422120052,1.0084909339730783,1.0129320236875150,1.0129320236875150,0.9968343316488971,1.0386906610481506,1.0120223611009962,1.0120223611009962,1.0157958391956221,0.9865093225817242
43,1.0063333067128353,1.0063333067128353,0.9966666547849554,1.0095580556589754,0.9958750331065408,0.9958750331065408,1.0099671787313207,1.0094824659693278,0.9873779492425071,0.9873779492425071,1.0029642235149205,1.0201310630275366,1.0024724875286346,1.0024724875286346,0.9626492842917392,1.0184263124374178,0.9614817922081565,0.9614817922081565,1.0391973058323936,1.0126792395837338,1.0197496659988117,1.0197496659988117,0.9957681701747967,1.0401182440220369,1.0130199064176866,1.0130199064176866,1.0169227092039250,0.9850073665934808
44,1.0053408131614525,1.0053408131614525,0.9970143190533555,1.0090433207059395,0.9924739992407193,0.9924739992407193,1.0087658336343712,1.0103608668015620,0.9889968040034097,0.9889968040034097,1.0010828658413113,1.0143307572976650,0.9996031398338604,0.9996031398338604,0.9478741882574956,1.0219889303856924,0.9506434690529771,0.9506434690529771,1.0454845022272905,1.0102013264496330,1.0228655809255776,1.0228655809255776,0.9940345845121400,1.0394033423243612,1.0133474359772237,1.0133474359772237,1.0177814925722379,0.9834312908614659
45,1.0042790554841339,1.0042790554841339,0.9970797668065422,1.0084607584394412,0.9889074151723863,0.9889074151723863,1.0070141461987965,1.0108416307284303,0.9899859922632054,0.9899859922632054,0.9994218393588677,1.0087223799745184,0.9939977933913602,0.9939977933913602,0.9232637983730662,1.0289489873782891,0.9466710276786172,0.9466710276786172,1.0577922376873048,1.0084646518317819,1.0264279435109125,1.0264279435109125,0.9925483684444878,1.0385364897844320,1.0131323636845200,1.0131323636845200,1.0185006084253114,0.9816090763344734
46,1.0027514522120984,1.0027514522120984,0.9968896124062201,1.0075858949096448,0.9840727427173582,0.9840727427173582,1.0044304127673305,1.0105892763229725,0.9889922344679158,0.9889922344679158,0.9958895139614582,1.0006313587868076,0.9865717982597656,0.9865717982597656,0.9000459075428472,1.0329837792654055,0.9438896476960628,0.9438896476960628,1.0643658133716571,1.0068901873047449,1.0300157930439600,1.0300157930439600,0.9908087872889541,1.0380774546535712,1.0129299881800071,1.0129299881800071,1.0186528991343220,0.9808975955393934
47,1.0010273728972259,1.0010273728972259,0.9964037076116917,1.0064264377658074,0.9855374219695359,0.9855374219695359,1.0020198139923739,1.0103046580050594,0.9906740558789292,0.9906740558789292,0.9945823191065866,0.9940273204959021,0.9873980256552950,0.9873980256552950,0.8959529285903420,1.0385256749486338,1.0060113837696263,1.0060113837696263,1.0678138693215966,1.0057029737033716,1.0321316745116833,1.0321316745116833,0.9883942320649447,1.0366654146299397,1.0116292661598179,1.0116292661598179,1.0177749310111193,0.9809897452545627
48,0.9991375857367606,0.9991375857367606,0.9959556387368268,1.0049785105137441,0.9867913874492279,0.9867913874492279,0.9987214295422333,1.0099679429579174,0.9905386737087034,0.9905386737087034,0.9906361793370482,0.9869996344540442,0.9807218670651420,0.9807218670651420,0.8941288122688867,1.0401774639881582,1.0396355501256742,1.0396355501256742,1.0745986343241409,0.9956714088973033,1.0310565746321729,1.0310565746321729,0.9846922002593953,1.0327240185014974,1.0095346231918629,1.0095346231918629,1.0164572758019097,0.9809243436425419
49,0.9971382238301136,0.9971382238301136,0.9954313312772834,1.0035397190930062,0.9878865222568983,0.9878865222568983,0.9959867371155429,1.0092525381461548,0.9905322453791103,0.9905322453791103,0.9883624561148877,0.9807841125101627,0.9748109572062902,0.9748109572062902,0.8950482555159361,1.0384125499424530,1.0542423244224761,1.0542423244224761,1.0776580033188086,0.9900581184382340,1.0291103479227817,1.0291103479227817,0.9799771522129033,1.0285934424642384,1.0071738531646386,1.0071738531646386,1.0143503897722448,0.9809476857372287
50,0.9948319343733605,0.9948319343733605,0.9944917808336319,1.0016743319554433,0.9885388518982604,0.9885388518982604,0.9926115445261723,1.0080094602093175,0.9906915595233634,0.9906915595233634,0.9859629244482248,0.9738293518667753,0.9634072769004361,0.9634072769004361,0.8953600702717405,1.0294682967363729,1.0702750172869326,1.0702750172869326,1.0816677242453410,0.9891370115174869,1.0271208941105823,1.0271208941105823,0.9762433665006343,1.0248432986379801,1.0047245624384815,1.0047245624384815,1.0122644382471011,0.9812731314081303
51,0.9924010225033842,0.9924010225033842,0.9938424040099282,0.9995571993914089,0.9890541744754749,0.9890541744754749,0.9899815300783582,1.0061734538029001,0.9904498388407121,0.9904498388407121,0.9856789124394714,0.9655918881953203,0.9652359667320659,0.9652359667320659,0.8972170091990699,1.0273992567682539,1.0746245721836560,1.0746245721836560,1.0792768475088421,0.9857067814198494,1.0225314617599681,1.0225314617599681,0.9703971687979910,1.0191917338972081,1.0021766708934934,1.0021766708934934,1.0095558570628571,0.9805643691702628
52,0.9896056430881913,0.9896056430881913,0.9926041334264287,0.9969327674889160,0.9881535195303455,0.9881535195303455,0.9859814014138287,1.0033449525130467,0.9895989758417992,0.9895989758417992,0.9822255039205358,0.9534947035861540,0.9670452238025681,0.9670452238025681,0.8969650956989859,1.0230562402266159,1.0701200115508724,1.0701200115508724,1.0730755238133658,0.9769975368477560,1.0168476400162254,1.0168476400162254,0.9616746889013690,1.0130328028516873,0.9988403890859938,0.9988403890859938,1.0066727383528575,0.9793726411820876
53,0.9868368315729378,0.9868368315729378,0.9913735932495231,0.9942409163249801,0.9873405455383781,0.9873405455383781,0.9821174901494326,1.0003094244516062,0.9895912308663859,0.9895912308663859,0.9804110813687812,0.9424185485164255,0.9708701272686520,0.9708701272686520,0.8949780971958802,1.0215778275552598,1.0545993073297666,1.0545993073297666,1.0663593747955258,0.9629328953280643,1.0101595240774999,1.0101595240774999,0.9534159344723420,1.0056932737132351,0.9947430730935839,0.9947430730935839,1.0032502905644349,0.9774503400027765
54,0.9837691260859175,0.9837691260859175,0.9897161351342693,0.9913283090184976,0.9852488984125725,0.9852488984125725,0.9773310903561723,0.9968190384871219,0.9861705075755627,0.9861705075755627,0.9763348433900247,0.9287267679731568,0.9629174373009779,0.9629174373009779,0.8898778745256124,1.0121052477804584,1.0320449662022351,1.0320449662022351,1.0531148462509234,0.9441091329414359,1.0013094332549746,1.0013094332549746,0.9428586857184580,0.9964980643424480,0.9904099001364669,0.9904099001364669,0.9990114595907376,0.9753444580921600
55,0.9811838023155257,0.9811838023155257,0.9885864302902956,0.9887202672054545,0.9839515533090541,0.9839515533090541,0.9731370116497902,0.9936981059515356,0.9841043030347838,0.9841043030347838,0.9736843604875024,0.9201706069974326,0.9657640017585680,0.9657640017585680,0.8915776752273193,1.0107842264220497,0.9643222219949245,0.9643222219949245,1.0119054006347308,0.8928158382753988,0.9838749665967179,0.9838749665967179,0.9290669795850099,0.9794739449423265,0.9840350420094465,0.9840350420094465,0.9934470995344883,0.9716967480208496
56,0.9836741096517518,0.9836741096517518,0.9912354434026511,0.9898101968190812,0.9904693492220523,0.9904693492220523,0.9765821160957084,0.9993680140962243,1.0018003326582683,1.0018003326582683,0.9910619015043358,0.9358480144907402,1.0355698302050211,1.0355698302050211,0.9424564068753956,1.0558063393891772,0.9589788857341088,0.9589788857341088,1.0146027894945202,0.8895983292588791,0.9858164677626124,0.9858164677626124,0.9360282649443683,0.9813680384660058,0.9853774225782432,0.9853774225782432,0.9962523231403511,0.9757280246413983
57,0.9867946247019672,0.9867946247019672,0.9941531164814130,0.9914211181833760,0.9950510581133289,0.9950510581133289,0.9784312372499109,1.0031404878756840,1.0104834569434600,1.0104834569434600,1.0011119326953322,0.9465266299896988,1.0558743852025345,1.0558743852025345,0.9628080636476554,1.0677852938480215,0.9637981549825300,0.9637981549825300,1.0216061395501350,0.8932983619632623,0.9887357690927365,0.9887357690927365,0.9465242264377306,0.9852286112531228,0.9870757295045214,0.9870757295045214,0.9992570182042203,0.9799395072325749
58,0.9896365132343987,0.9896365132343987,0.9968577386476539,0.9925677216885991,0.9988701597588766,0.9988701597588766,0.9793152584405116,1.0063261696551877,1.0173361337394558,1.0173361337394558,1.0089444513742338,0.9580211076291528,1.0720826481733889,1.0720826481733889,0.9785584013589343,1.0779780208541987,0.9658756344580398,0.9658756344580398,1.0262416218222059,0.8964883568631125,0.9900843307516581,0.9900843307516581,0.9563328527847100,0.9877525643323688,0.9882278069247901,0.9882278069247901,1.0022395601879319,0.9842686064829232
59,0.9922652060939472,0.9922652060939472,0.9994022439172001,0.9936841973530496,1.0023557824045373,1.0023557824045373,0.9799359871505481,1.0090376984467477,1.0225009480436158,1.0225009480436158,1.0166181747971996,0.9668961138308472,1.0760234781110272,1.0760234781110272,0.9854458149190489,1.0813041419598415,0.9670921946289376,0.9670921946289376,1.0285092363107327,0.8987091978026579,0.9903189811000539,0.9903189811000539,0.9651152135916727,0.9888358339510851,0.9887416254258158,0.9887416254258158,1.0045576035035004,0.9881232081324420
60,0.9947804501466936,0.9947804501466936,1.0017778364021970,0.9946283617174903,1.0047800760220276,1.0047800760220276,0.9795759885408133,1.0114519880369932,1.0276923276134435,1.0276923276134435,1.0231261916394463,0.9747972775156434,1.0742135509453137,1.0742135509453137,0.9932436455095975,1.0827637004635007,0.9702285444572751,0.9702285444572751,1.0316368104159448,0.9015920201761064,0.9919254334852249,0.9919254334852249,0.9727467358399494,0.9905106238480729,0.9886190583042169,0.9886190583042169,1.0063865293059684,0.9915437155659103
61,0.9970520565659969,0.9970520565659969,1.0035491196538382,0.9952970909687719,1.0075844096338611,1.0075844096338611,0.9782885664476346,1.0128284867412187,1.0298911261332993,1.0298911261332993,1.0277086218546370,0.9801066311207205,1.0609751499509281,1.0609751499509281,0.9994311169994461,1.0781591848133723,0.9782371741537255,0.9782371741537255,1.0379215415658822,0.8975010406199392,0.9897523032200555,0.9897523032200555,0.9768495774470993,0.9902184163832811,0.9874197619152197,0.9874197619152197,1.0069817566360162,0.9944892254340041
62,0.9991508391020412,0.9991508391020412,1.0052991159500786,0.9959470951662702,1.0098171966323901,1.0098171966323901,0.9769560654424285,1.0144950127133865,1.0310115142765974,1.0310115142765974,1.0313407212624133,0.9841386808398075,1.0364979120726676,1.0364979120726676,1.0013951396784400,1.0693592069774938,0.9860639572940185,0.9860639572940185,1.0442802300646030,0.8995243548413039,0.9913984191834301,0.9913984191834301,0.9847837610580250,0.9931173246339139,0.9868149844561710,0.9868149844561710,1.0080974094993591,0.9977699927771918
63,1.0009839630284838,1.0009839630284838,1.0065116789644357,0.9963290771956305,1.0115545223208160,1.0115545223208160,0.9754292031491547,1.0157472637233731,1.0313154271118181,1.0313154271118181,1.0350749614472958,0.9884713814156721,1.0045692154447832,1.0045692154447832,1.0055090430421898,1.0631512673267154,0.9885427070299789,0.9885427070299789,1.0376437906337852,0.8989449157574100,0.9902354706756330,0.9902354706756330,0.9899188636980689,0.9951966013077728,0.9855485467375836,0.9855485467375836,1.0081499019883082,1.0008339629946268
64,1.0027352423268705,1.0027352423268705,1.0076799224923088,0.9968181275409946,1.0127330566108941,1.0127330566108941,0.9744111473267923,1.0165968484534047,1.0285776557529458,1.0285776557529458,1.0367742260048762,0.9913666528644832,0.9372460897561860,0.9372460897561860,1.0056370512050989,1.0585922476029856,0.9900082158072766,0.9900082158072766,1.0344981380655371,0.9041783471430549,0.9898430181616109,0.9898430181616109,0.9966232310848778,0.9969664252434618,0.9843340260967042,0.9843340260967042,1.0084838542037176,1.0034826189142265
65,1.0042437403631093,1.0042437403631093,1.0086241655874706,0.9970814797804651,1.0132280719344600,1.0132280719344600,0.9759138726306789,1.0164639021553177,1.0257491132822290,1.0257491132822290,1.0377208587392601,0.9938344305981220,0.9478717895217241,0.9478717895217241,1.0058557318167354,1.0524195570483359,0.9966043473461209,0.9966043473461209,1.0326303041345999,0.9205283029801599,0.9900957185368063,0.9900957185368063,1.0047065618334259,0.9993430163514818,0.9888803088453056,0.9888803088453056,1.0089368518851367,1.0060092209893192
66,1.0055772939776439,1.0055772939776439,1.0092342556234108,0.9970210200729100,1.0133862484928942,1.0133862484928942,0.9785963367880660,1.0158086284196113,1.0225245702186265,1.0225245702186265,1.0391378863631420,0.9958985300104098,0.9537780087140968,0.9537780087140968,1.0061810858974627,1.0418210555634666,1.0008425128394414,1.0008425128394414,1.0252136146741186,0.9448347664362912,0.9883506760317015,0.9883506760317015,1.0102127188659764,0.9994820887492386,0.9924036229659678,0.9924036229659678,1.0080999716327483,1.0071791067764422
67,1.0062859208345090,1.0062859208345090,1.0095234317715402,0.9965365263084301,1.0126418672303079,1.0126418672303079,0.9810565381834148,1.0149500604041508,1.0181812654565627,1.0181812654565627,1.0397927411354082,0.9983788071277623,0.9577496630314547,0.9577496630314547,1.0025521365355032,1.0399979395218277,1.0063650115744047,1.0063650115744047,1.0172899065003120,0.9615658133221939,0.9869301466693597,0.9869301466693597,1.0154759474093573,1.0007392173686631,0.9955379752919590,0.9955379752919590,1.0071842589103488,1.0084049573448022
68,1.0069605171272917,1.0069605171272917,1.0100646282425572,0.9962118302486956,1.0119340271313151,1.0119340271313151,0.9840259889302143,1.0144659751921770,1.0125776982952353,1.0125776982952353,1.0397896347540625,0.9993516881536055,0.9687579871626435,0.9687579871626435,1.0035560979926785,1.0324341392897225,1.0060509739792696,1.0060509739792696,1.0092786821304451,0.9745389246611698,0.9843730078941217,0.9843730078941217,1.0198360770812096,1.0010790158668543,0.9984789617781253,0.9984789617781253,1.0056255131983232,1.0094952550259446
69,1.0072552515813398,1.0072552515813398,1.0105138986175670,0.9955198193627460,1.0115841358268689,1.0115841358268689,0.9869734538216741,1.0140155140379872,1.0077654352718919,1.0077654352718919,1.0418050105943022,1.0012757057152815,0.9835436379999141,0.9835436379999141,1.0114183429472550,1.0298974339880806,1.0096939442869384,1.0096939442869384,1.0015661632748307,0.9790557570380301,0.9798378030918329,0.9798378030918329,1.0212684817498288,0.9992259261262284,1.0004455664089611,1.0004455664089611,1.0033953010651568,1.0097973898499435
70,1.0082328605840229,1.0082328605840229,1.0117819573367393,0.9952401450424958,1.0118688536320504,1.0118688536320504,0.9901653571364574,1.0147672948294784,1.0016447361022138,1.0016447361022138,1.0423326516543143,1.0041274142232213,0.9993974206039922,0.9993974206039922,1.0120653585655490,1.0289551354764512,1.0163893868601417,1.0163893868601417,1.0011565217374034,0.9890959456717112,0.9779610651122238,0.9779610651122238,1.0252398666242655,1.0012668635227917,1.0031219423140727,1.0031219423140727,1.0017012622119705,1.0112087272644361
71,1.0090657428378418,1.0090657428378418,1.0125523229580728,0.9955012076567458,1.0115190515249115,1.0115190515249115,0.9926852208673035,1.0152092787988269,0.9938534457358718,0.9938534457358718,1.0406740659000711,1.0066617567221983,1.0050389521879024,1.0050389521879024,1.0045580080369867,1.0267885456841617,1.0233391462037644,1.0233391462037644,1.0068364461239581,1.0015910505658590,0.9787850139750621,0.9787850139750621,1.0305349230927965,1.0053882618179955,1.0063178458146658,1.0063178458146658,1.0009582747746371,1.0130284732164885
72,1.0096954204172197,1.0096954204172197,1.0129910972091738,0.9955495618210559,1.0109338577235767,1.0109338577235767,0.9955775154973066,1.0155997670333943,0.9846267790761698,0.9846267790761698,1.0398812730037619,1.0075475118662989,1.0094883843909153,1.0094883843909153,1.0053576487725953,1.0209826916531781,1.0239853389476004,1.0239853389476004,1.0068043979394852,1.0129030484432109,0.9769749758798931,0.9769749758798931,1.0336501367806934,1.0072450522610630,1.0082934601101896,1.0082934601101896,0.9994139957426014,1.0147279151999407
73,1.0097342833621810,1.0097342833621810,1.0131885059499945,0.9955517154289366,1.0097430736699509,1.0097430736699509,0.9984159685074706,1.0152747871936256,0.9740588375743805,0.9740588375743805,1.0384439799396721,1.0095528863633882,1.0130760741522000,1.0130760741522000,1.0048115626673644,1.0181881761019429,1.0168604432528445,1.0168604432528445,1.0049032832015956,1.0174235767461910,0.9748344596116451,0.9748344596116451,1.0356948959255159,1.0067443472207092,1.0097990256288492,1.0097990256288492,0.9973749750022206,1.0151335114369358
74,1.0096064597514978,1.0096064597514978,1.0129684273951154,0.9954942934419710,1.0082118532264621,1.0082118532264621,1.0008235303873012,1.0148950535965435,0.9766333448515387,0.9766333448515387,1.0364306750203296,1.0098090127882398,1.0219266917030121,1.0219266917030121,1.0062143187859103,1.0140517356585483,1.0122787152622821,1.0122787152622821,1.0043428508474823,1.0224208795186263,0.9849351926344018,0.9849351926344018,1.0367856315185695,1.0054640522040001,1.0108865189180862,1.0108865189180862,0.9949455726208100,1.0155108909249317
75,1.0090702897616226,1.0090702897616226,1.0125419628530481,0.9954466873730300,1.0062011377908926,1.0062011377908926,1.0027335476156458,1.0136813927563562,0.9790712307624053,0.9790712307624053,1.0335325691476753,1.0085445780902151,1.0250077894845562,1.0250077894845562,1.0070820664287079,1.0063903856022725,1.0049451321912719,1.0049451321912719,1.0042319148243075,1.0277508156418438,0.9940420896322097,0.9940420896322097,1.0373061291224208,1.0035187409585287,1.0114384872534183,1.0114384872534183,0.9923737218720667,1.0157745909745466
76,1.0082964971271626,1.0082964971271626,1.0117176204044416,0.9954034111894069,1.0032598268473474,1.0032598268473474,1.0039117047529349,1.0123539858091213,0.9787883842603090,0.9787883842603090,1.0282585253142937,1.0056760804692402,1.0175074137845077,1.0175074137845077,1.0019153779815451,0.9930965578831816,0.9939034898238576,0.9939034898238576,1.0100342797105142,1.0300665186851310,1.0009937514557958,1.0009937514557958,1.0380709615656227,1.0017516555426464,1.0119000615931999,1.0119000615931999,0.9900278700355669,1.0157372498726043
77,1.0072469121561094,1.0072469121561094,1.0105202008258753,0.9956234419061410,1.0005699333808924,1.0005699333808924,1.0055957896376306,1.0109948843125922,0.9803026818531312,0.9803026818531312,1.0246811573873709,1.0040709820943845,1.0139518885933652,1.0139518885933652,1.0005007236683696,0.9839022820185136,0.9824062245352962,0.9824062245352962,1.0099467635144539,1.0313186163228296,1.0076548310882849,1.0076548310882849,1.0383694038777287,0.9990925528102317,1.0117780594340733,1.0117780594340733,0.9880699001977657,1.0152608774047316
78,1.0069738112721580,1.0069738112721580,1.0099717046747316,0.9960550702645398,0.9983692871454588,0.9983692871454588,1.0079722866110674,1.0105109572570519,0.9842162179295071,0.9842162179295071,1.0235740282834571,1.0028904190006860,1.0069078477322102,1.0069078477322102,1.0091182988406249,0.9747932597816918,0.9704587044896071,0.9704587044896071,1.0077296865475958,1.0344527616724248,1.0132576213812448,1.0132576213812448,1.0384319494515701,0.9972912729037888,1.0122007108330073,1.0122007108330073,0.9864029512183408,1.0158253061280629
79,1.0062776833582423,1.0062776833582423,1.0094078837292844,0.9965202949058769,0.9955845472088148,0.9955845472088148,1.0094729240495548,1.0095371248327811,0.9872373004890004,0.9872373004890004,1.0198773605205658,1.0021640494891453,1.0064675951783879,1.0064675951783879,1.0203313215723775,0.9603866262952787,0.9585246048539666,0.9585246048539666,1.0084865167501444,1.0398278702259958,1.0186939331008460,1.0186939331008460,1.0386774685858100,0.9954850340560740,1.0129140800261849,1.0129140800261849,0.9847597175955303,1.0170935599393816
80,1.0054816658496961,1.0054816658496961,1.0092216285369804,0.9970438936555583,0.9926719577982485,0.9926719577982485,1.0107481985622293,1.0086327863454358,0.9900491138128243,0.9900491138128243,1.0160940838872969,1.0004706418589411,1.0031077377889444,1.0031077377889444,1.0306175159707591,0.9428874994333787,0.9524008717488299,0.9524008717488299,1.0077432453948727,1.0416134132003196,1.0229512604519315,1.0229512604519315,1.0385973066254899,0.9939919486489707,1.0134476424788703,1.0134476424788703,0.9835862605032850,1.0178429755443006
81,1.0042071814647275,1.0042071814647275,1.0085362973881800,0.9970782833729791,0.9889535301803057,0.9889535301803057,1.0114072364389080,1.0070419224111040,0.9902762739416985,0.9902762739416985,1.0097701571205158,0.9990874999960632,0.9957038557993225,0.9957038557993225,1.0342214380957397,0.9184479894930003,0.9468582423987939,0.9468582423987939,1.0026319708456295,1.0516609936862402,1.0250261613867060,1.0250261613867060,1.0370542444031510,0.9920635126066331,1.0130028980737869,1.0130028980737869,0.9813901372424065,1.0181683274718500
82,1.0026529083437887,1.0026529083437887,1.0076423812802280,0.9967029661932707,0.9841451411985213,0.9841451411985213,1.0108093793452897,1.0046463901738840,0.9902167925305237,0.9902167925305237,1.0018302464008042,0.9962161918627739,0.9888916678812762,0.9888916678812762,1.0369576125779225,0.9019960886846946,0.9406284880542740,0.9406284880542740,1.0033427831422688,1.0592166986504965,1.0283044490867430,1.0283044490867430,1.0359286461292934,0.9898270300930535,1.0123619035467839,1.0123619035467839,0.9803804379683649,1.0183118485440010
83,1.0008624806433424,1.0008624806433424,1.0064668380722281,0.9963761391952122,0.9856014656362402,0.9856014656362402,1.0105025580345852,1.0022395971985911,0.9910074770704748,0.9910074770704748,0.9951866582012543,0.9947016215687783,0.9851391346980124,0.9851391346980124,1.0399617015805531,0.8962984411813623,1.0050149183235242,1.0050149183235242,1.0021348131121421,1.0647486787349301,1.0304354368000710,1.0304354368000710,1.0349056374002221,0.9877059354816041,1.0112432778518423,1.0112432778518423,0.9805836588898679,1.0175112490688045
84,0.9990061123531769,0.9990061123531769,1.0052081419862622,0.9959637346208429,0.9867998909258655,0.9867998909258655,1.0101723589582750,0.9993217691550386,0.9908071920062850,0.9908071920062850,0.9877587087119050,0.9912472800519766,0.9834699275266714,0.9834699275266714,1.0406169228503157,0.8978272682576467,1.0358060361183310,1.0358060361183310,0.9973994884192139,1.0703221353235972,1.0300006867983551,1.0300006867983551,1.0329092122905694,0.9844275572026058,1.0095384887245675,1.0095384887245675,0.9810600282270808,1.0162560568312198
85,0.9971221770632277,0.9971221770632277,1.0035558072489854,0.9953459211937714,0.9874904862120969,0.9874904862120969,1.0090699660275162,0.9959254862685484,0.9900168172653506,0.9900168172653506,0.9800777370657990,0.9883531919767716,0.9776843254723322,0.9776843254723322,1.0379291617117972,0.8986056174849562,1.0593736182045252,1.0593736182045252,0.9960292230959240,1.0801586373622312,1.0298445889271048,1.0298445889271048,1.0300409240870936,0.9809557802140073,1.0076027191507666,1.0076027191507666,0.9811852603078594,1.0148249708172061
86,0.9947632003820360,0.9947632003820360,1.0016820791076140,0.9947211482128120,0.9885359083871166,0.9885359083871166,1.0079555836878742,0.9931277305893876,0.9911626863777587,0.9911626863777587,0.9738151243498659,0.9870194559619448,0.9702744126258088,0.9702744126258088,1.0288085801045208,0.9039372482110439,1.0749862522344633,1.0749862522344633,0.9936888838810937,1.0839021998631366,1.0274420761325198,1.0274420761325198,1.0250953086293391,0.9765626763455387,1.0049531640956508,1.0049531640956508,0.9813705150501089,1.0124811682788177
87,0.9922916312653374,0.9922916312653374,0.9995195602049525,0.9938962483858470,0.9889056906911101,0.9889056906911101,1.0060689125908111,0.9899067166626169,0.9904614563038322,0.9904614563038322,0.9649793184577509,0.9853992695736126,0.9651957610193881,0.9651957610193881,1.0265032023244358,0.8998434345815725,1.0801853190872575,1.0801853190872575,0.9888639886213058,1.0838537421651215,1.0236490915309506,1.0236490915309506,1.0210919477928913,0.9713005735297245,1.0025863578904339,1.0025863578904339,0.9810570286562837,1.0100924626747465
88,0.9895386014496642,0.9895386014496642,0.9969877273614649,0.9927346603036857,0.9882230042328005,0.9882230042328005,1.0033844554709974,0.9858394076596334,0.9894991431087209,0.9894991431087209,0.9537356232539236,0.9816793346431114,0.9647494776086643,0.9647494776086643,1.0250389038198759,0.8962090888214078,1.0763376875263486,1.0763376875263486,0.9801497585638381,1.0798021858208988,1.0188539043684055,1.0188539043684055,1.0148051183729943,0.9634815813829338,0.9992766590539944,0.9992766590539944,0.9797696191192782,1.0074555246741661
89,0.9867984172034168,0.9867984172034168,0.9943090621323210,0.9914641676714326,0.9870771756220981,0.9870771756220981,1.0001850548213718,0.9817943038199278,0.9886198560500410,0.9886198560500410,0.9419847743146740,0.9795006698735915,0.9636686140328420,0.9636686140328420,1.0220253783180564,0.8926185994947988,1.0551737008798430,1.0551737008798430,0.9620799238852880,1.0682967678099438,1.0106509031332522,1.0106509031332522,1.0061492550638960,0.9547598398825299,0.9951323025020576,0.9951323025020576,0.9778656103102956,1.0037015721370790
90,0.9837227596972280,0.9837227596972280,0.9913399512454605,0.9899255621928150,0.9853004544562425,0.9853004544562425,0.9969115665843999,0.9772675820086126,0.9856541500647533,0.9856541500647533,0.9294552591180921,0.9759130509044127,0.9581979567278125,0.9581979567278125,1.0162641904219982,0.8879411264131480,1.0326240568958285,1.0326240568958285,0.9432125824623583,1.0547688568945393,1.0014056484192888,1.0014056484192888,0.9967936955305077,0.9436304953876450,0.9906184604933068,0.9906184604933068,0.9755115721451619,0.9991578631058615
91,0.9812345117300686,0.9812345117300686,0.9885722843263230,0.9887893413445322,0.9839561915690382,0.9839561915690382,0.9938665730713397,0.9731509598296315,0.9841893428648226,0.9841893428648226,0.9194453150387479,0.9743903449168757,0.9611054998496306,0.9611054998496306,1.0097702378497999,0.8903487216533879,0.9614153611784164,0.9614153611784164,0.8924215514371340,1.0104809848593650,0.9839528993304538,0.9839528993304538,0.9796818926933124,0.9284474754522385,0.9839642135563537,0.9839642135563537,0.9718018217163306,0.9933370571404387
92,0.9836638128064185,0.9836638128064185,0.9896182695469790,0.9910952659762529,0.9905877140489558,0.9905877140489558,0.9993268788736667,0.9765071658758465,1.0014013889747257,1.0014013889747257,0.9353293522814259,0.9912067495059707,1.0347013868111801,1.0347013868111801,1.0541082447123069,0.9442589351967159,0.9605873218784231,0.9605873218784231,0.8906773906283287,1.0091426489455375,0.9853721117380505,0.9853721117380505,0.9814715103079195,0.9353642363437578,0.9851659779393084,0.9851659779393084,0.9754347081434864,0.9959890878207162
93,0.9868412561579623,0.9868412561579623,0.9913226768471479,0.9942663742370852,0.9950460630641152,0.9950460630641152,1.0030626078562839,0.9781967510560337,1.0110741662182376,1.0110741662182376,0.9468575772242308,1.0007022872423179,1.0576756011305011,1.0576756011305011,1.0673968869830255,0.9630085852247671,0.9641256129877137,0.9641256129877137,0.8938937135520808,1.0165414823789307,0.9883158154649210,0.9883158154649210,0.9852369018900469,0.9454615289417186,0.9869913122172290,0.9869913122172290,0.9800741068007121,0.9990833683886815
94,0.9895613156787758,0.9895613156787758,0.9926397477043145,0.9968255631555721,0.9990798031636735,0.9990798031636735,1.0062350244273415,0.9793816590565918,1.0179874861717202,1.0179874861717202,0.9580166605171170,1.0084460622375144,1.0748963779656253,1.0748963779656253,1.0759274822497142,0.9793530992518431,0.9628701336276753,0.9628701336276753,0.8958568702881164,1.0205556688034976,0.9890335558009681,0.9890335558009681,0.9870951345898034,0.9543948766077355,0.9880258179735477,0.9880258179735477,0.9842605077765186,1.0017071510721760
95,0.9923429523736624,0.9923429523736624,0.9938125025251852,0.9995174369890647,1.0023136812754503,1.0023136812754503,1.0091537337180765,0.9799331505405675,1.0228524924776285,1.0228524924776285,0.9669807155819348,1.0165578664241810,1.0791823069370816,1.0791823069370816,1.0788425399339112,0.9876288492511082,0.9658360442483968,0.9658360442483968,0.8995830880443131,1.0246179022676218,0.9909143221127383,0.9909143221127383,0.9897973254350536,0.9643670114491202,0.9890466159561990,0.9890466159561990,0.9887031533367725,1.0044521439100080
96,0.9948392543089539,0.9948392543089539,0.9944740076994101,1.0016340708228531,1.0045655862301961,1.0045655862301961,1.0110469531202553,0.9794544426473362,1.0267300144183322,1.0267300144183322,0.9742455800506328,1.0217637487995823,1.0725430035835499,1.0725430035835499,1.0782332703123725,0.9907279005979678,0.9665661145550358,0.9665661145550358,0.8988813149791920,1.0265430691175828,0.9915700881078424,0.9915700881078424,0.9897414415199643,0.9715059625152355,0.9886881918698932,0.9886881918698932,0.9915056898271295,1.0061781152621203
97,0.9971900139036717,0.9971900139036717,0.9954255731445126,1.0034684913460477,1.0074013470266658,1.0074013470266658,1.0127421732870798,0.9780962900894087,1.0290759674710421,1.0290759674710421,0.9799058506313347,1.0260201217778593,1.0561618560481811,1.0561618560481811,1.0748697737754203,0.9929149840507973,0.9794772200422082,0.9794772200422082,0.8982341881773385,1.0362465178159039,0.9910357918209868,0.9910357918209868,0.9913147772804113,0.9770116455657583,0.9878382801676466,0.9878382801676466,0.9947316969738716,1.0071760444936051
98,0.9992573553793117,0.9992573553793117,0.9959754748241280,1.0050310358764758,1.0095163043821356,1.0095163043821356,1.0145097095190936,0.9765623308398875,1.0312252755980065,1.0312252755980065,0.9839893368332312,1.0297515946010189,1.0373449124197471,1.0373449124197471,1.0701068033805092,0.9949061481088641,0.9842012043792848,0.9842012043792848,0.8952237132076998,1.0410766825960323,0.9912582797049725,0.9912582797049725,0.9932500631664034,0.9841784259142347,0.9868297032153149,0.9868297032153149,0.9978248793762551,1.0080672312947683
99,1.0009665501454843,1.0009665501454843,0.9964549187216497,1.0065279520404351,1.0116145223762523,1.0116145223762523,1.0158331947418944,0.9753255158978207,1.0316452856146734,1.0316452856146734,0.9882392363215067,1.0350597648324900,1.0015980132778919,1.0015980132778919,1.0659206902838361,1.0026084854862198,0.9876435395567286,0.9876435395567286,0.8958626225263552,1.0381236376263074,0.9902158712903097,0.9902158712903097,0.9948872028140120,0.9896898080465175,0.9854019241086162,0.9854019241086162,1.0005150256983086,1.0081392574370081
100,1.0027848099130199,1.0027848099130199,0.9970323868951600,1.0076745102065450,1.0127645432604018,1.0127645432604018,1.0168210081502929,0.9744219365613567,1.0297341354816703,1.0297341354816703,0.9920202201494965,1.0368769829262234,0.9396952877534769,0.9396952877534769,1.0620000300121704,1.0042037120226539,0.9868658267944171,0.9868658267944171,0.9013190313699202,1.0328581748809575,0.9901760527762539,0.9901760527762539,0.9970618643045056,0.9966899087570226,0.9842294783044816,0.9842294783044816,1.0035444672212539,1.0084371738101598
101,1.0041561050339154,1.0041561050339154,0.9972578381959711,1.0083655009624457,1.0134267738028839,1.0134267738028839,1.0169223328908008,0.9759127191045041,1.0267310212651359,1.0267310212651359,0.9954005547453466,1.0384692860739639,0.9462119636833412,0.9462119636833412,1.0592909341798336,1.0060182207268660,0.9939034898238576,0.9939034898238576,0.9239972306259874,1.0282694772739900,0.9891822942192314,0.9891822942192314,0.9988561450802393,1.0033434016768439,0.9886071940923009,0.9886071940923009,1.0056636639893985,1.0082441562480706
102,1.0053813888490037,1.0053813888490037,0.9970344045086112,1.0089252123158525,1.0132586963433297,1.0132586963433297,1.0162841420337896,0.9782823136866132,1.0228275536567975,1.0228275536567975,0.9966570120382379,1.0393135491810037,0.9515090663286447,0.9515090663286447,1.0472868866465141,1.0070810219624706,0.9989898252322442,0.9989898252322442,0.9469959117267820,1.0219317852954386,0.9892425642657986,0.9892425642657986,1.0009655963333903,1.0101171674260183,0.9924467385230563,0.9924467385230563,1.0076125413782211,1.0080222032379493
103,1.0063396071587918,1.0063396071587918,0.9965814842935379,1.0095020165149649,1.0131433642248775,1.0131433642248775,1.0153481772828037,0.9816251396985455,1.0196946336523351,1.0196946336523351,0.9992524676140643,1.0415112958499206,0.9624255874158859,0.9624255874158859,1.0426777722166380,1.0109571929170074,1.0074695113213974,1.0074695113213974,0.9653056969147178,1.0191487529272250,0.9880074931187290,0.9880074931187290,1.0024611387232960,1.0161063842575655,0.9960357666996946,0.9960357666996946,1.0089707532842496,1.0075713289618629
104,1.0068063295145966,1.0068063295145966,0.9961127858878799,1.0099657903046770,1.0118104293957113,1.0118104293957113,1.0144982578937225,0.9841776263804738,1.0122912116546947,1.0122912116546947,0.9989981141510167,1.0404582412622700,0.9681428397586728,0.9681428397586728,1.0314930589824518,1.0080069255456683,1.0109064783348216,1.0109064783348216,0.9777625796947784,1.0114086623154361,0.9846083554538532,0.9846083554538532,1.0014499729431179,1.0203296998980118,0.9984891013677578,0.9984891013677578,1.0095453585650673,1.0057078048643537
105,1.0073956353043505,1.0073956353043505,0.9954856934913956,1.0107794006924360,1.0113564151011081,1.0113564151011081,1.0139411141753878,0.9871347721134203,1.0063670025112539,1.0063670025112539,1.0003111519612766,1.0417295543193796,0.9794232225456482,0.9794232225456482,1.0269458972211634,1.0114732232894048,1.0119908474667416,1.0119908474667416,0.9826162361457599,1.0029466341349120,0.9795238255870299,0.9795238255870299,0.9999593157696307,1.0210785000300528,1.0004126201763721,1.0004126201763721,1.0099480509445768,1.0033686582457890
106,1.0082701535149432,1.0082701535149432,0.9952443959905577,1.0117390483640607,1.0114638978565103,1.0114638978565103,1.0143715940595066,0.9898227039650866,1.0001146387595483,1.0001146387595483,1.0025236350940498,1.0416802963930294,0.9959417395993331,0.9959417395993331,1.0250093634745892,1.0104169800251728,1.0151278683155815,1.0151278683155815,0.9896072599765775,1.0048984937846273,0.9779598256254050,0.9779598256254050,1.0005154902570224,1.0257031198432702,1.0029611956233002,1.0029611956233002,1.0110577984029130,1.0017888327796878
107,1.0091080516577760,1.0091080516577760,0.9955300809873220,1.0126644196660479,1.0116645026008251,1.0116645026008251,1.0152203429785911,0.9930768358490540,0.9938770679108825,0.9938770679108825,1.0063811690337741,1.0413459933493308,1.0052694649405887,1.0052694649405887,1.0249063825486591,1.0052398714995565,1.0226929534599285,1.0226929534599285,1.0015361694611575,1.0104752356409563,0.9791824244363597,0.9791824244363597,1.0051201768235170,1.0311806775552366,1.0062300982222740,1.0062300982222740,1.0131712772392258,1.0012105925358057
108,1.0097300015057058,1.0097300015057058,0.9953885306683412,1.0131004912575479,1.0106657008851334,1.0106657008851334,1.0153059138256326,0.9958120881056546,0.9849477308572998,0.9849477308572998,1.0073780955613747,1.0401492328294000,1.0082138632990281,1.0082138632990281,1.0191985313871463,1.0058231210785251,1.0229788081939619,1.0229788081939619,1.0100737236298651,1.0108723423696067,0.9775193429971519,0.9775193429971519,1.0060740523384248,1.0349827792437756,1.0082216504064871,1.0082216504064871,1.0143086769908476,0.9998199724021394
109,1.0099411378095222,1.0099411378095222,0.9954462026753058,1.0133921124341465,1.0099495059716819,1.0099495059716819,1.0155080255231366,0.9990083347349230,0.9752255406706505,0.9752255406706505,1.0097938987493724,1.0393731616264066,1.0196403268420664,1.0196403268420664,1.0187800431622509,1.0075708204493770,1.0184547879666079,1.0184547879666079,1.0175179416590603,1.0079398303227696,0.9753472198150229,0.9753472198150229,1.0069181585207798,1.0367613368372270,1.0100892081954875,1.0100892081954875,1.0152840686738975,0.9977251522070772
110,1.0097907223084837,1.0097907223084837,0.9954492857700178,1.0130177927149302,1.0082948959196401,1.0082948959196401,1.0147548438975502,1.0014474865165310,0.9776490983770023,0.9776490983770023,1.0090661919384025,1.0381930422978103,1.0229713701374243,1.0229713701374243,1.0113547491483739,1.0109276820458297,1.0061462588906140,1.0061462588906140,1.0173659182198949,1.0051469421515697,0.9843031318247084,0.9843031318247084,1.0044289187003135,1.0362994891725106,1.0106872061048700,1.0106872061048700,1.0153195635949965,0.9947858606480098
111,1.0091499730716482,1.0091499730716482,0.9954904768221620,1.0126906936821920,1.0062247156124788,1.0062247156124788,1.0133640091984644,1.0032221914892836,0.9790084190118029,0.9790084190118029,1.0077280072315340,1.0345951427704292,1.0231342032737694,1.0231342032737694,1.0018509636175170,1.0091533409162761,1.0021214779170649,1.0021214779170649,1.0240964478333314,1.0038028570193338,0.9934858699222456,0.9934858699222456,1.0037590519035480,1.0373319111396788,1.0115671202878767,1.0115671202878767,1.0158729219160014,0.9925208962687845
112,1.0082248677852690,1.0082248677852690,0.9953673343921966,1.0117789921228579,1.0031377157335337,1.0031377157335337,1.0122034407454470,1.0039961458127662,0.9784358329794924,0.9784358329794924,1.0048114109937267,1.0289050387076175,1.0174350435016877,1.0174350435016877,0.9917498066597508,1.0037085851840073,0.9941625037377939,0.9941625037377939,1.0257847297563893,1.0083771815802800,1.0010724588687936,1.0010724588687936,1.0012261412090384,1.0381165340713547,1.0117722908698834,1.0117722908698834,1.0156000234645244,0.9900304478798400
113,1.0072741529192093,1.0072741529192093,0.9955457684986504,1.0106302576793107,1.0001985752578015,1.0001985752578015,1.0108475303403108,1.0052718672374994,0.9792461897569933,0.9792461897569933,1.0027335377192690,1.0245052556404621,1.0122136616152606,1.0122136616152606,0.9833012679077474,1.0019207182384973,0.9811339696626972,0.9811339696626972,1.0260994593628781,1.0098420002990962,1.0068710106112073,1.0068710106112073,0.9983192153847988,1.0379633990043198,1.0116877249082563,1.0116877249082563,1.0150913774957135,0.9880158719942234
114,1.0068486995039090,1.0068486995039090,0.9960756300626381,1.0099612790629060,0.9982853524792070,0.9982853524792070,1.0104577954658001,1.0079242771541785,0.9842461135346027,0.9842461135346027,1.0037258046748512,1.0235927266685254,1.0096451866703589,1.0096451866703589,0.9772344194944862,1.0106297042215782,0.9709794163994895,0.9709794163994895,1.0314506844215070,1.0064064316415080,1.0129295447138773,1.0129295447138773,0.9968926581721956,1.0383628528258704,1.0119751421322676,1.0119751421322676,1.0157937144996407,0.9864026113991866
115,1.0063180959274516,1.0063180959274516,0.9965834565673609,1.0094488790742040,0.9958513066227757,0.9958513066227757,1.0099634142467373,1.0094887605953853,0.9873289235481405,0.9873289235481405,1.0031432102496036,1.0202039144651567,1.0044559693540740,1.0044559693540740,0.9636881197676557,1.0194780470963309,0.9609785268313373,0.9609785268313373,1.0392831785318142,1.0111298252226197,1.0195617288099017,1.0195617288099017,0.9956781637632092,1.0397367756143530,1.0128720646591738,1.0128720646591738,1.0169010872977626,0.9847618527541842
116,1.0053701336834118,1.0053701336834118,0.9969894729371475,1.0090182028371839,0.9927740589827716,0.9927740589827716,1.0089691790705200,1.0104943824628103,0.9899450213432687,0.9899450213432687,1.0021135187949515,1.0152154030290099,1.0017213107967706,1.0017213107967706,0.9484448913171322,1.0240977280552590,0.9501173889790754,0.9501173889790754,1.0456718608442082,1.0079045136954026,1.0227668093196995,1.0227668093196995,0.9939454663217195,1.0388728836363768,1.0132841601803380,1.0132841601803380,1.0178218305503530,0.9832426792369280
117,1.0042398459126960,1.0042398459126960,0.9970315707818539,1.0083749541675640,0.9889667016493634,0.9889667016493634,1.0069761533753965,1.0108129727826614,0.9900251818387971,0.9900251818387971,0.9996822576616856,1.0087481183504492,0.9933089355141467,0.9933089355141467,0.9230586570863528,1.0293715666586241,0.9458879467522864,0.9458879467522864,1.0571837330564826,1.0062992497840335,1.0262686694546888,1.0262686694546888,0.9924306791398627,1.0378962682620285,1.0130566587132461,1.0130566587132461,1.0184522715917375,0.9813567192304694
118,1.0027895811245211,1.0027895811245211,0.9969653975946173,1.0075964135839250,0.9844570047175843,0.9844570047175843,1.0047213220129474,1.0108180654198233,0.9900357150053593,0.9900357150053593,0.9968157333327130,1.0014305057751181,0.9879883795364477,0.9879883795364477,0.9005891216700642,1.0347208219327764,0.9434219464058721,0.9434219464058721,1.0643222607107070,1.0054984657914090,1.0299485508840369,1.0299485508840369,0.9907206313381312,1.0374470029856138,1.0128630549944857,1.0128630549944857,1.0186467437650821,0.9806772674140427
119,1.0009874496830422,1.0009874496830422,0.9963489600107406,1.0063616481729343,0.9852924861634492,0.9852924861634492,1.0017113160624853,1.0100970302390246,0.9899117179489911,0.9899117179489911,0.9936519578935374,0.9932607902426074,0.9848007366163074,0.9848007366163074,0.8936939127410545,1.0369353668907293,1.0054564498141203,1.0054564498141203,1.0675468011176572,1.0047379263276446,1.0320846514804927,1.0320846514804927,0.9883464901772194,1.0362375394136374,1.0116046754248440,1.0116046754248440,1.0177535278236609,0.9808399746256015
120,0.9991937596157576,0.9991937596157576,0.9960045375257509,1.0050242350094842,0.9867618631404825,0.9867618631404825,0.9987537598215961,1.0100795381374681,0.9905487421767408,0.9905487421767408,0.9903836009490553,0.9870063648914283,0.9809939257209286,0.9809939257209286,0.8940196771043553,1.0404848688962582,1.0398281330098704,1.0398281330098704,1.0748406392043262,0.9976577638574701,1.0312459062437542,1.0312459062437542,0.9847474920270399,1.0331797970142096,1.0095668557876449,1.0095668557876449,1.0164628375060960,0.9809846518657622
121,0.9970774826375429,0.9970774826375429,0.9954239635877145,1.0035370667548795,0.9877037867064967,0.9877037867064967,0.9958920239487989,1.0091387604078204,0.9900304484220781,0.9900304484220781,0.9877036813852089,0.9804848669095423,0.9742876128462672,0.9742876128462672,0.8950096889540340,1.0372407224327753,1.0543329121903038,1.0543329121903038,1.0776017135589013,0.9924571851484456,1.0292728756319047,1.0292728756319047,0.9799675298169276,1.0292975381107847,1.0072460791564783,1.0072460791564783,1.0143455154696994,0.9811442655466999
122,0.9948250018438292,0.9948250018438292,0.9944976749852871,1.0017309378383699,0.9885310917325176,0.9885310917325176,0.9925933231554160,1.0080298940205390,0.9903365298504145,0.9903365298504145,0.9855632367150728,0.9736393464421599,0.9629134167297102,0.9629134167297102,0.8958556916204399,1.0284878800161390,1.0709500639123730,1.0709500639123730,1.0816147214787131,0.9918966363536085,1.0273585657080990,1.0273585657080990,0.9763481765983382,1.0255317773202224,1.0047902467595906,1.0047902467595906,1.0122724371025600,0.9814555559714259
123,0.9923809385575360,0.9923809385575360,0.9937701099728959,0.9995558845571237,0.9888403685296666,0.9888403685296666,0.9898258892031477,1.0059969512229985,0.9899454085920393,0.9899454085920393,0.9852066685134583,0.9651021934049822,0.9642341743911768,0.9642341743911768,0.8975070789784826,1.0257032014219631,1.0754425461761128,1.0754425461761128,1.0791240023213569,0.9875666535750272,1.0226788057555605,1.0226788057555605,0.9703198195380329,1.0196173146779963,1.0022422660100017,1.0022422660100017,1.0095240491141964,0.9807890407375968
124,0.9896545989805586,0.9896545989805586,0.9925871083960709,0.9969728245954964,0.9880623004173237,0.9880623004173237,0.9859071240205373,1.0032035290301184,0.9893939663426073,0.9893939663426073,0.9819462994067223,0.9532385032004521,0.9664461586836685,0.9664461586836685,0.8974968219141468,1.0227021097724847,1.0709789177939772,1.0709789177939772,1.0730997653888004,0.9791945595967517,1.0170753957191911,1.0170753957191911,0.9617453024841440,1.0135223317706672,0.9989468101748348,0.9989468101748348,1.0066855490198034,0.9795188183158828
125,0.9867780681902628,0.9867780681902628,0.9914031093474273,0.9942626564297965,0.9873573146321670,0.9873573146321670,0.9821368187215370,1.0001751180081901,0.9894577849400136,0.9894577849400136,0.9803927389265492,0.9423269849836602,0.9704667299514511,0.9704667299514511,0.8952172919361879,1.0216229136084478,1.0551528992442678,1.0551528992442678,1.0660204036136025,0.9649681186447039,1.0100832956381398,1.0100832956381398,0.9533158615541953,1.0060281872842034,0.9947918977451281,0.9947918977451281,1.0031874558053417,0.9775828306071570
126,0.9837798307271056,0.9837798307271056,0.9897868649541315,0.9914081058578654,0.9854994833814602,0.9854994833814602,0.9776194055872024,0.9970136341630278,0.9868543114548092,0.9868543114548092,0.9771448693066568,0.9293191943846669,0.9652976154915053,0.9652976154915053,0.8906861311952631,1.0141845345788474,1.0326019132192483,1.0326019132192483,1.0533059027352802,0.9464712403904495,1.0014136276156853,1.0014136276156853,0.9429821484606684,0.9970166067685704,0.9904841183643929,0.9904841183643929,0.9990360185766388,0.9754702616707533
127,0.9811901639308604,0.9811901639308604,0.9885699720052892,0.9886944012413299,0.9840740212120974,0.9840740212120974,0.9732995488076827,0.9938997554043801,0.9846777410143898,0.9846777410143898,0.9745462333880240,0.9206071239363505,0.9674231575017397,0.9674231575017397,0.8917499939081586,1.0128942537112486,0.9639491345955757,0.9639491345955757,1.0116280605767936,0.8932622240189798,0.9838482401621862,0.9838482401621862,0.9290159068679085,0.9796709703403194,0.9839968327054061,0.9839968327054061,0.9934501303508145,0.9716683437851463
128,0.9837148484576451,0.9837148484576451,0.9912810550685366,0.9898265642389743,0.9905342551293949,0.9905342551293949,0.9765934411837827,0.9992755874764263,1.0018246518810663,1.0018246518810663,0.9911792783423283,0.9356386313233264,1.0340272710286151,1.0340272710286151,0.9417659013043183,1.0555362329432600,0.9588721934742231,0.9588721934742231,1.0147453628280079,0.8900972792850528,0.9858389334612043,0.9858389334612043,0.9360507665472652,0.9813879482451419,0.9853766494717023,0.9853766494717023,0.9962929110826991,0.9757437422767765
129,0.9868210090937720,0.9868210090937720,0.9941016786733144,0.9914182844887961,0.9950992841241899,0.9950992841241899,0.9784130475134787,1.0029941931746007,1.0104764864655880,1.0104764864655880,1.0011370056304798,0.9463753060898299,1.0555286160735053,1.0555286160735053,0.9631046979482428,1.0669163626411251,0.9636954888456588,0.9636954888456588,1.0212634705007726,0.8931004245866239,0.9888608023255891,0.9888608023255891,0.9465999472922157,0.9853866312473807,0.9870563721061321,0.9870563721061321,0.9993229462706981,0.9799735985649757
130,0.9896528862379684,0.9896528862379684,0.9969205340325957,0.9925837944042559,0.9988251448510815,0.9988251448510815,0.9793101969486349,1.0062475026451132,1.0165696135227944,1.0165696135227944,1.0082601599406436,0.9574718003934117,1.0701433926318951,1.0701433926318951,0.9768343939853952,1.0772918930993192,0.9661239120439373,0.9661239120439373,1.0262095736377332,0.8964008866116103,0.9900607805020997,0.9900607805020997,0.9563429933096997,0.9877131148443409,0.9882364003013407,0.9882364003013407,1.0022175633354198,0.9842674503149134
131,0.9922676528690759,0.9922676528690759,0.9994337549587413,0.9937317807524341,1.0022624522885739,1.0022624522885739,0.9797872425580197,1.0089830079520077,1.0224300815185834,1.0224300815185834,1.0161903077475543,0.9666473095301830,1.0742792202760207,1.0742792202760207,0.9848541874481676,1.0804839856650306,0.9674706501923056,0.9674706501923056,1.0284821186161788,0.8978648840135112,0.9904396761290405,0.9904396761290405,0.9651682848063999,0.9888767637200896,0.9888391260545695,0.9888391260545695,1.0045583846417288,0.9881990777521202
132,0.9947601826927106,0.9947601826927106,1.0017594511829955,0.9946035385529709,1.0046253781585817,1.0046253781585817,0.9793700807244018,1.0112670082722506,1.0269247231002245,1.0269247231002245,1.0223477472664959,0.9743454506806976,1.0724290873976294,1.0724290873976294,0.9934319652108003,1.0814623530192105,0.9700574342291566,0.9700574342291566,1.0315020436914952,0.8993678939688988,0.9917843643916532,0.9917843643916532,0.9727483642454222,0.9898632229629327,0.9885747533524503,0.9885747533524503,1.0063599393606733,0.9914076314663638
133,0.9970432277857407,0.9970432277857407,1.0035126212532042,0.9952811996095683,1.0074824868439527,1.0074824868439527,0.9781698428288003,1.0127780981014727,1.0296253185771125,1.0296253185771125,1.0272138936445976,0.9798710658122736,1.0599009873272189,1.0599009873272189,0.9994594264970126,1.0775915104164140,0.9778828753284448,0.9778828753284448,1.0379556441211546,0.8961774884105910,0.9897900301001046,0.9897900301001046,0.9769657863831128,0.9898578199373679,0.9873916029962110,0.9873916029962110,1.0069920051695729,0.9943667966160884
134,0.9991322436110628,0.9991322436110628,1.0053105868759922,0.9958337247135206,1.0098909033407282,1.0098909033407282,0.9769488844508283,1.0145928166519269,1.0316284015682724,1.0316284015682724,1.0317333086953464,0.9845460572036774,1.0393759710051886,1.0393759710051886,1.0026042424223285,1.0716212972278996,0.9857935360315410,0.9857935360315410,1.0442941997860400,0.8971421251278603,0.9912145103266815,0.9912145103266815,0.9848366102174605,0.9924543067844700,0.9867281586446550,0.9867281586446550,1.0080997841595734,0.9976037858138193
135,1.0009361897440954,1.0009361897440954,1.0064774702150217,0.9962286057206082,1.0117337791762295,1.0117337791762295,0.9755899371505661,1.0160243221637597,1.0322322773012529,1.0322322773012529,1.0360394188936874,0.9893486310619796,1.0092049341165366,1.0092049341165366,1.0069991893488757,1.0668839826574719,0.9880783608423004,0.9880783608423004,1.0375751746490807,0.8964879462046547,0.9900189478219631,0.9900189478219631,0.9898391458483323,0.9946047109592572,0.9854720983946359,0.9854720983946359,1.0081607441869185,1.0006066353656484
136,1.0027368939000825,1.0027368939000825,1.0076684062267671,0.9967285827922723,1.0129247416244702,1.0129247416244702,0.9746220217321080,1.0167231521812805,1.0295901563887357,1.0295901563887357,1.0375427595421045,0.9923081005289167,0.9430879798082741,0.9430879798082741,1.0072478205883724,1.0620290344755445,0.9896217079978794,0.9896217079978794,1.0342861269990251,0.9021361426326333,0.9897233302156646,0.9897233302156646,0.9965757112524443,0.9965042075085012,0.9842885317502592,0.9842885317502592,1.0084691375594943,1.0033655647151678
137,1.0042666381003555,1.0042666381003555,1.0086486036470255,0.9970871018305115,1.0132346130703351,1.0132346130703351,0.9760152290055111,1.0164007028444495,1.0255661769629651,1.0255661769629651,1.0376500776214537,0.9937433108304591,0.9465617533836382,0.9465617533836382,1.0047754578009027,1.0520896091136418,0.9967734445127322,0.9967734445127322,1.0326167452873229,0.9197287509629085,0.9899266060539579,0.9899266060539579,1.0047078201467456,0.9991176435727860,0.9888755215317255,0.9888755215317255,1.0089337273322230,1.0059913785046257
138,1.0055812292076427,1.0055812292076427,1.0092265252168171,0.9970497650707278,1.0132786468077488,1.0132786468077488,0.9785065269415777,1.0157480861368278,1.0219811052938703,1.0219811052938703,1.0386218572524462,0.9954479605099205,0.9505481497956447,0.9505481497956447,1.0047926896689867,1.0400606501230802,1.0008176850808517,1.0008176850808517,1.0254063146551149,0.9463422936347141,0.9883842971116631,0.9883842971116631,1.0102318156210663,0.9997436543978135,0.9924530720497182,0.9924530720497182,1.0081136571745100,1.0073010043820290
139,1.0063461522822610,1.0063461522822610,1.0095522224353946,0.9966029934484945,1.0124407570345846,1.0124407570345846,0.9810000392803404,1.0147396174535979,1.0169708806989612,1.0169708806989612,1.0388492887438305,0.9974176119162784,0.9537123393833896,0.9537123393833896,1.0011518421123979,1.0369988972384034,1.0057966572088501,1.0057966572088501,1.0173572898625367,0.9631768264519714,0.9869700426513418,0.9869700426513418,1.0154675093082710,1.0010017451998729,0.9955651529603581,0.9955651529603581,1.0071896018958311,1.0085698519012447
140,1.0069567857952206,1.0069567857952206,1.0100748976683256,0.9962479655219776,1.0117925304693622,1.0117925304693622,0.9839603477074376,1.0143409050844832,1.0121981170502259,1.0121981170502259,1.0395676024493026,0.9991359443530593,0.9661861617416853,0.9661861617416853,1.0032611048223847,1.0308671940048337,1.0065656467046300,1.0065656467046300,1.0091241934463202,0.9767412859701162,0.9844452854692466,0.9844452854692466,1.0197881131381925,1.0016054037821529,0.9984896068604961,0.9984896068604961,1.0056193890746123,1.0096099968889836
141,1.0072642434799379,1.0072642434799379,1.0105030397766330,0.9955467734655894,1.0115191109897832,1.0115191109897832,0.9868782977743910,1.0138927846455108,1.0076982088853039,1.0076982088853039,1.0416318668150075,1.0009930273451453,0.9817122677874390,0.9817122677874390,1.0109280552720101,1.0285694447850882,1.0102173402788306,1.0102173402788306,1.0016742231788864,0.9817624069331011,0.9798921855760104,0.9798921855760104,1.0212814349751806,0.9997685971322702,1.0005057795145500,1.0005057795145500,1.0033891769414460,1.0099771271038105
142,1.0081411472962811,1.0081411472962811,1.0117805064686396,0.9952671898235657,1.0118269011651424,1.0118269011651424,0.9900708021413346,1.0146006928423204,1.0015101284295294,1.0015101284295294,1.0422274044958624,1.0037474773348407,0.9991501554710236,0.9991501554710236,1.0121342860378848,1.0272057966127563,1.0169369395901211,1.0169369395901211,1.0012280138412273,0.9920728088319859,0.9779000978543211,0.9779000978543211,1.0251113706287753,1.0016578057287264,1.0031189093576429,1.0031189093576429,1.0016420831797863,1.0113842773152404
143,1.0090680264946286,1.0090680264946286,1.0125413961076968,0.9955163055814671,1.0117011329617256,1.0117011329617256,0.9928026791131686,1.0153664862938290,0.9944822602896832,0.9944822602896832,1.0411614719255098,1.0071864349947643,1.0074760884713900,1.0074760884713900,1.0052915932782736,1.0285727237707747,1.0238403985190765,1.0238403985190765,1.0068278177665999,1.0034587252317340,0.9788745668977249,0.9788745668977249,1.0305538718110254,1.0059732688599696,1.0063612884552906,1.0063612884552906,1.0009503384102363,1.0131739316512507
144,1.0096013623033129,1.0096013623033129,1.0128999645566590,0.9955254414127924,1.0110052453019227,1.0110052453019227,0.9956517296219496,1.0156754607025169,0.9851934789271661,0.9851934789271661,1.0401129942598619,1.0079293717367892,1.0137086440316645,1.0137086440316645,1.0061613923339383,1.0233788104435155,1.0244248573766892,1.0244248573766892,1.0067333167098214,1.0147764723274948,0.9770862972898121,0.9770862972898121,1.0336703438122421,1.0077415385006330,1.0082983366283707,1.0082983366283707,0.9994266501819016,1.0148202524018144
145,1.0098241819583691,1.0098241819583691,1.0132546791372312,0.9956873473863053,1.0100946894556733,1.0100946894556733,0.9987063083352514,1.0156387684099208,0.9749932688580035,0.9749932688580035,1.0390781994644274,1.0105404116376060,1.0166898976267251,1.0166898976267251,1.0060456926482320,1.0209220304179798,1.0173422359735862,1.0173422359735862,1.0050828352094749,1.0203478756238729,0.9748922506845745,0.9748922506845745,1.0357466348084927,1.0076367346074859,1.0098631340020097,1.0098631340020097,0.9973851297991899,1.0154296779341805
146,1.0095634780684031,1.0095634780684031,1.0129206167572662,0.9954677247215906,1.0080839145552323,1.0080839145552323,1.0007115765138519,1.0148076879826209,0.9768256525910528,0.9768256525910528,1.0364669161360298,1.0095537738935929,1.0230042048027779,1.0230042048027779,1.0067739442160644,1.0139554154540102,1.0123552115995587,1.0123552115995587,1.0040223690027550,1.0229929267502806,0.9849390660307107,0.9849390660307107,1.0367962161541426,1.0058863023525910,1.0108697187182552,1.0108697187182552,0.9949507906241758,1.0156468812811259
147,1.0090751221425018,1.0090751221425018,1.0126190402208468,0.9954963337020685,1.0062256373179885,1.0062256373179885,1.0027180151624491,1.0136014288635262,0.9788171955688467,0.9788171955688467,1.0335696978009030,1.0083583446689688,1.0227763724309369,1.0227763724309369,1.0058803487711410,1.0051480599003373,1.0055228808438605,1.0055228808438605,1.0043827056409933,1.0270001319810655,0.9940700555535603,0.9940700555535603,1.0372588313452791,1.0034331807180779,1.0114200219010379,1.0114200219010379,0.9923881260609987,1.0157790281598820
148,1.0082885654977869,1.0082885654977869,1.0116543262835904,0.9953135037277783,1.0030053469293703,1.0030053469293703,1.0036625528153014,1.0122371398359749,0.9780763112208037,0.9780763112208037,1.0279407129180402,1.0051328380232298,1.0133320505229155,1.0133320505229155,1.0006496562425236,0.9915345310768224,0.9941370049587017,0.9941370049587017,1.0097655680099349,1.0262153636682934,1.0009091564804085,1.0009091564804085,1.0380254402308149,1.0009887187272783,1.0118103812344561,1.0118103812344561,0.9899505373509544,1.0154064608306299
149,1.0073327124039568,1.0073327124039568,1.0105593515947542,0.9955978479766961,1.0002795069480381,1.0002795069480381,1.0052824516561349,1.0107871932839840,0.9792169137499308,0.9792169137499308,1.0239479774283158,1.0031449182868291,1.0067430043102310,1.0067430043102310,0.9990938647240893,0.9809565232524932,0.9825457967998007,0.9825457967998007,1.0099553918718120,1.0274793704012670,1.0076369359973376,1.0076369359973376,1.0383300260726591,0.9983059314992371,1.0116939989651843,1.0116939989651843,0.9880468097517340,1.0150270502366705
150,1.0069604559579137,1.0069604559579137,1.0099825181760376,0.9960657249561600,0.9982808628814018,0.9982808628814018,1.0078782377651323,1.0103912328368141,0.9837513645051966,0.9837513645051966,1.0232326221812682,1.0025937620298286,1.0058149224425845,1.0058149224425845,1.0095856106917578,0.9737689866279023,0.9703661036602724,0.9703661036602724,1.0078217223594150,1.0312582495295395,1.0131451379524330,1.0131451379524330,1.0384109282172851,0.9964674965402801,1.0121735628994750,1.0121735628994750,0.9863973270230962,1.0156236641775753
151,1.0062699148472085,1.0062699148472085,1.0094383519593790,0.9965345993961159,0.9956185313829296,0.9956185313829296,1.0095785194238338,1.0095451908108950,0.9870787608422886,0.9870787608422886,1.0199460707174752,1.0020876479307070,1.0070190835372854,1.0070190835372854,1.0212212244741401,0.9605345905243775,0.9587440285582598,0.9587440285582598,1.0085797851844434,1.0369861136983227,1.0186185568086741,1.0186185568086741,1.0387450474129314,0.9948798211787685,1.0128294843296908,1.0128294843296908,0.9847314716371910,1.0168764815835722
152,1.0054657822011521,1.0054657822011521,1.0091877825045912,0.9969909602408072,0.9927610361758930,0.9927610361758930,1.0108178257098590,1.0087545984305974,0.9900960483638294,0.9900960483638294,1.0161487414066899,1.0006600555967535,1.0068415083062916,1.0068415083062916,1.0310897512127735,0.9447257807838172,0.9522794170378910,0.9522794170378910,1.0077485867589515,1.0417908176540702,1.0228776659220615,1.0228776659220615,1.0385749530594544,0.9938063954285470,1.0134569494922281,1.0134569494922281,0.9836222865983792,1.0178236644137566
153,1.0042272858003685,1.0042272858003685,1.0084870358822311,0.9970830213103166,0.9891092984114405,0.9891092984114405,1.0115602516652074,1.0072364864557233,0.9909829254984144,0.9909829254984144,1.0100169665145808,0.9998417527481955,1.0012167291026639,1.0012167291026639,1.0345020713759636,0.9211552020503351,0.9471689248914170,0.9471689248914170,1.0028965738046096,1.0527447213562589,1.0250563738779157,1.0250563738779157,1.0371350725293462,0.9919612992051950,1.0130389962022732,1.0130389962022732,0.9814466916501433,1.0181443291736982
154,1.0025622553252695,1.0025622553252695,1.0076154495411267,0.9966505315087656,0.9842613058251758,0.9842613058251758,1.0108823280969634,1.0046061868084619,0.9905625282329766,0.9905625282329766,1.0018537661452791,0.9965175823280553,0.9910158697010880,0.9910158697010880,1.0368878645404400,0.9028174745991381,0.9405553468195096,0.9405553468195096,1.0032462277146905,1.0597361815995581,1.0283655712804980,1.0283655712804980,1.0358673588687715,0.9899715795304238,1.0123251512512244,1.0123251512512244,0.9803312575055043,1.0182574149041823
155,1.0008636836411140,1.0008636836411140,1.0064929990376517,0.9963298026214429,0.9856831703698073,0.9856831703698073,1.0105712994211364,1.0022526925512936,0.9913508118305494,0.9913508118305494,0.9953912356013094,0.9946754394277453,0.9860062379014309,0.9860062379014309,1.0411929595834069,0.8964082872018567,1.0046176741860884,1.0046176741860884,1.0023386066954560,1.0644887319311704,1.0307206737042616,1.0307206737042616,1.0349686270846472,0.9875334827478238,1.0113136008121968,1.0113136008121968,0.9805535381997804,1.0174840947444634
156,0.9990158790638991,0.9990158790638991,1.0051569762159323,0.9958630817893676,0.9867141723134659,0.9867141723134659,1.0100516740113383,0.9991358088204075,0.9908536618587652,0.9908536618587652,0.9877290501661992,0.9910104574090733,0.9830008608787634,0.9830008608787634,1.0412942993790433,0.8966742949156660,1.0350672425451604,1.0350672425451604,0.9973263528187504,1.0683394762895504,1.0302337103203012,1.0302337103203012,1.0329475538376107,0.9841264680519540,1.0095080402208030,1.0095080402208030,0.9810161595041734,1.0161246286514971
157,0.9971366334262799,0.9971366334262799,1.0035962275274515,0.9953583214412528,0.9874684247447364,0.9874684247447364,1.0089830665388568,0.9959153958880845,0.9894433792857447,0.9894433792857447,0.9800369103395408,0.9879342777202431,0.9742413762766877,0.9742413762766877,1.0370404896577547,0.8972513963964726,1.0594742712798892,1.0594742712798892,0.9961783704159702,1.0796617406283462,1.0301161914762880,1.0301161914762880,1.0300783774129680,0.9808600060348177,1.0076211845031473,1.0076211845031473,0.9812499073076425,1.0148295954892459
158,0.9947901760778303,0.9947901760778303,1.0017561640599570,0.9947890435349446,0.9883176128435031,0.9883176128435031,1.0077219325691131,0.9929372469807555,0.9900154231697762,0.9900154231697762,0.9732153708657563,0.9860958328624518,0.9636679439376307,0.9636679439376307,1.0268334797960443,0.9006877733958207,1.0750815371458078,1.0750815371458078,0.9936021894333533,1.0836110430165875,1.0276889664132518,1.0276889664132518,1.0252639966326351,0.9768474083913983,1.0050131095874373,1.0050131095874373,0.9815329293105597,1.0125918479299298
159,0.9923486207360440,0.9923486207360440,0.9995749425606972,0.9939399326214895,0.9886724694647271,0.9886724694647271,1.0059347197874284,0.9896136211598627,0.9893498199827512,0.9893498199827512,0.9647117258932535,0.9844388879314828,0.9607818438625740,0.9607818438625740,1.0251771690471208,0.8973149267441466,1.0805100930104314,1.0805100930104314,0.9888192033378759,1.0839293033213486,1.0236910016790133,1.0236910016790133,1.0210946864748227,0.9713495708300518,1.0025750289061230,1.0025750289061230,0.9810543727863071,1.0100909627811121
160,0.9896462187757427,0.9896462187757427,0.9969652389059189,0.9926764448822378,0.9882603481721601,0.9882603481721601,1.0034222901227763,0.9859577719345424,0.9896730952565053,0.9896730952565053,0.9537620274953623,0.9820547599196190,0.9662853358329572,0.9662853358329572,1.0251074210096380,0.8972419693126241,1.0763732516129771,1.0763732516129771,0.9803469781605935,1.0777213794154483,1.0183896390868155,1.0183896390868155,1.0147529353794342,0.9628637861173267,0.9992386281591558,0.9992386281591558,0.9797886788920513,1.0072856617200596
161,0.9868461700980125,0.9868461700980125,0.9943167925389149,0.9915265542913020,0.9874577508002856,0.9874577508002856,1.0005729549050772,0.9821415204542612,0.9898622275560998,0.9898622275560998,0.9427371102920279,0.9806228038954932,0.9711053306878172,0.9711053306878172,1.0245424619060295,0.8961803976966518,1.0543563979078885,1.0543563979078885,0.9621986665175011,1.0663658517415739,1.0102366821319739,1.0102366821319739,1.0061314906405563,0.9541918560717872,0.9950551405223029,0.9950551405223029,0.9778556742320302,1.0034892746922297
162,0.9837450253508995,0.9837450253508995,0.9913810742881625,0.9900187114010429,0.9856025954688005,0.9856025954688005,0.9971825778400764,0.9775589377905971,0.9866592929739005,0.9866592929739005,0.9296079895342577,0.9767392675639607,0.9630916620559152,0.9630916620559152,1.0170145972487958,0.8912651981527369,1.0322965988906447,1.0322965988906447,0.9431156161606202,1.0548337409308646,1.0010124986939311,1.0010124986939311,0.9967606092920376,0.9437362614634269,0.9906770084463462,0.9906770084463462,0.9755246640218701,0.9992660741820336
163,0.9812039270409595,0.9812039270409595,0.9885420654641832,0.9887576493043515,0.9839706415328351,0.9839706415328351,0.9939089947001319,0.9732143805595065,0.9843436227750569,0.9843436227750569,0.9196794030615877,0.9745163002450657,0.9632833092863462,0.9632833092863462,1.0108661026034227,0.8907975328192139,0.9608121137467357,0.9608121137467357,0.8923332134927540,1.0114624585734022,0.9835726867487680,0.9835726867487680,0.9797160151898107,0.9286204462843606,0.9838885085850798,0.9838885085850798,0.9717698575400241,0.9932991848261676
164,0.9836832034993136,0.9836832034993136,0.9895840154579367,0.9911031776515198,0.9905827784646137,0.9905827784646137,0.9993304851866289,0.9765403470956165,1.0015683706446379,1.0015683706446379,0.9354817128902884,0.9913834419775185,1.0348662302331590,1.0348662302331590,1.0550272776767828,0.9440039940595982,0.9605363243202388,0.9605363243202388,0.8907973658830216,1.0133403997007213,0.9855457173606174,0.9855457173606174,0.9815097778365303,0.9361427901234296,0.9852071309951775,0.9852071309951775,0.9754267717790859,0.9962108533441332
165,0.9867950324978220,0.9867950324978220,0.9912774278982873,0.9943068393956851,0.9949609688328674,0.9949609688328674,1.0029665027792738,0.9781484817124979,1.0108687694702752,1.0108687694702752,0.9469626024983011,1.0005888312978415,1.0565310785096058,1.0565310785096058,1.0676963932616270,0.9621683451426268,0.9652072980376238,0.9652072980376238,0.8937248442723590,1.0210131423254381,0.9885716145571635,0.9885716145571635,0.9851758366848169,0.9461781329625175,0.9870302648929433,0.9870302648929433,0.9800215205751756,0.9993265386441742
166,0.9894973732887451,0.9894973732887451,0.9926558886119241,0.9969109367058731,0.9990503680522355,0.9990503680522355,1.0062529610891797,0.9793198198910528,1.0178205819515620,1.0178205819515620,0.9579516483932383,1.0081347610182827,1.0733739216455584,1.0733739216455584,1.0754445796607910,0.9775803976151326,0.9642893419903056,0.9642893419903056,0.8958535832948372,1.0243682219253061,0.9893871194160484,0.9893871194160484,0.9870907675023990,0.9551632904627172,0.9881168066664376,0.9881168066664376,0.9842443225924259,1.0020088171794139
167,0.9923915208599677,0.9923915208599677,0.9938499530580097,0.9995574940956451,1.0020947613506852,1.0020947613506852,1.0089457696705901,0.9796136429134016,1.0219442392109026,1.0219442392109026,0.9666295465669449,1.0155614658479182,1.0756951314574916,1.0756951314574916,1.0777983707845402,0.9857172005959365,0.9666654255893948,0.9666654255893948,0.8995625443363178,1.0271118310815752,0.9912557232634086,0.9912557232634086,0.9897807453066032,0.9650299552845152,0.9891490525728676,0.9891490525728676,0.9887135268524457,1.0047336551965325
168,0.9948484297156867,0.9948484297156867,0.9945079670808696,1.0017167240263574,1.0046286487265190,1.0046286487265190,1.0109825456361234,0.9794357485568842,1.0266111290457371,1.0266111290457371,0.9736757809580713,1.0216852763373336,1.0709220432674222,1.0709220432674222,1.0770651958258266,0.9919398956823038,0.9675941179647520,0.9675941179647520,0.8987399742681840,1.0284181356356976,0.9917849841350626,0.9917849841350626,0.9897763782191989,0.9721555098077918,0.9887465911485978,0.9887465911485978,0.9915406535742330,1.0064074739970621
169,0.9971185680699128,0.9971185680699128,0.9954587617522942,1.0035457491950721,1.0074741320294942,1.0074741320294942,1.0127579588148705,0.9781146678669934,1.0295189026149327,1.0295189026149327,0.9798744909720349,1.0263405201816871,1.0580126590217835,1.0580126590217835,1.0742018337458814,0.9953816010333923,0.9799905507265638,0.9799905507265638,0.8983077346519618,1.0378468538257797,0.9912619206975030,0.9912619206975030,0.9913636294445953,0.9778130696865194,0.9878884726230710,0.9878884726230710,0.9948017806957244,1.0074996152974636
170,0.9992445505894714,0.9992445505894714,0.9960059657240365,1.0050459524447439,1.0095584649760942,1.0095584649760942,1.0144801946945874,0.9767132753401188,1.0313954327078381,1.0313954327078381,0.9838238110843797,1.0302175479583866,1.0372832636603078,1.0372832636603078,1.0699578708063553,0.9974305572141821,0.9836918998179438,0.9836918998179438,0.8954895487891597,1.0408204317183924,0.9912957741812430,0.9912957741812430,0.9932399226414137,0.9841215091106823,0.9868529856161427,0.9868529856161427,0.9978548750842260,1.0080557633580212
171,1.0009191846569507,1.0009191846569507,0.9963734434099237,1.0064034735049325,1.0117135908523243,1.0117135908523243,1.0159824771179347,0.9754355611443221,1.0319463328089913,1.0319463328089913,0.9889094750775804,1.0353211424777182,1.0046978737253522,1.0046978737253522,1.0683282284247042,1.0039762323906598,0.9860887850526083,0.9860887850526083,0.8957985261574097,1.0342749465602163,0.9896888569885151,0.9896888569885151,0.9948041541348992,0.9888459738757752,0.9853008850306946,0.9853008850306946,1.0004082284797204,1.0079434900699222
172,1.0027364249348494,1.0027364249348494,0.9969794528793336,1.0075897714038300,1.0127607375086201,1.0127607375086201,1.0168429940056327,0.9745031973369422,1.0298062412027689,1.0298062412027689,0.9923628835965159,1.0369080464833813,0.9403881662019581,0.9403881662019581,1.0630671749856533,1.0040057432618374,0.9855949139628229,0.9855949139628229,0.9013514904285529,1.0298373712657030,0.9895396537626945,0.9895396537626945,0.9970349956142044,0.9958630978175118,0.9841491346939624,0.9841491346939624,1.0034950680396892,1.0082020654829527
173,1.0041041110624298,1.0041041110624298,0.9972321306268288,1.0083698081782071,1.0132625912924189,1.0132625912924189,1.0168615317196312,0.9757571880676983,1.0259789841524978,1.0259789841524978,0.9949352631966312,1.0378699073425186,0.9467741735656194,0.9467741735656194,1.0592191347294839,1.0047730259124552,0.9925433312654408,0.9925433312654408,0.9241480214426733,1.0255135483639881,0.9886146867241190,0.9886146867241190,0.9988069228239024,1.0026215426585778,0.9884790962854479,0.9884790962854479,1.0056561963079349,1.0079473647951447
174,1.0053978434117445,1.0053978434117445,0.9970441978682845,1.0089046283584246,1.0132646130980532,1.0132646130980532,1.0163183387382819,0.9782726028815900,1.0227126956714172,1.0227126956714172,0.9967543453204044,1.0393000883062353,0.9514541185213184,0.9514541185213184,1.0474473071327239,1.0050660852581774,0.9992750089457751,0.9992750089457751,0.9467900637726685,1.0222976819812994,0.9895171105961765,0.9895171105961765,1.0009485720943565,1.0100565499200242,0.9924983879869614,0.9924983879869614,1.0075937315696808,1.0080057981513220
175,1.0062617385403201,1.0062617385403201,0.9965215226353533,1.0093644803148385,1.0130101926449475,1.0130101926449475,1.0153166694958708,0.9814261472737854,1.0194189125276192,1.0194189125276192,0.9990248142382979,1.0411463730141663,0.9627820780682960,0.9627820780682960,1.0420081910568058,1.0087524849161136,1.0076433056315257,1.0076433056315257,0.9651150513045209,1.0190641572849271,0.9883192240536728,0.9883192240536728,1.0025176147858299,1.0160650104042679,0.9961069519711909,0.9961069519711909,1.0089432572186097,1.0075493305218903
176,1.0068289621845372,1.0068289621845372,0.9961123324915987,1.0099187056355388,1.0117843540495184,1.0117843540495184,1.0146193224525497,0.9840772919389956,1.0123668800644834,1.0123668800644834,0.9989598760758798,1.0403055860670942,0.9688276770646184,0.9688276770646184,1.0314549027031232,1.0071974259543379,1.0117479380448635,1.0117479380448635,0.9777124530472697,1.0112772516089541,0.9851402502349972,0.9851402502349972,1.0015672181371593,1.0204587803991760,0.9985808036974548,0.9985808036974548,1.0095686364842740,1.0056889312027864
177,1.0073338542323502,1.0073338542323502,0.9954540464309700,1.0106576878428435,1.0113129760124102,1.0113129760124102,1.0138840774888016,0.9870517716170650,1.0065765815459395,1.0065765815459395,1.0002840081052318,1.0419006997271492,0.9784147292526461,0.9784147292526461,1.0258660334879042,1.0127975236334998,1.0125518206067694,1.0125518206067694,0.9823832704970925,1.0029014617045588,0.9797570040448284,0.9797570040448284,1.0000077978416617,1.0210132936530312,1.0004959967433211,1.0004959967433211,1.0099192113211839,1.0032770397429485
178,1.0083349726660618,1.0083349726660618,0.9952548921144667,1.0117785614012818,1.0116020347532180,1.0116020347532180,1.0143626415457494,0.9900383660779486,1.0004160732026368,1.0004160732026368,1.0024816249844217,1.0421432913163817,0.9947054139344899,0.9947054139344899,1.0231676050024765,1.0117974329991477,1.0156606585945076,1.0156606585945076,0.9894634540206101,1.0055436382217622,0.9781782851772294,0.9781782851772294,1.0005966144569400,1.0256445747306435,1.0030429665074334,1.0030429665074334,1.0111205394254188,1.0017452108731513
179,1.0091337427966276,1.0091337427966276,0.9954973457758216,1.0126312541046856,1.0116045620102605,1.0116045620102605,1.0150510993439619,0.9931873239335695,0.9939081252622901,0.9939081252622901,1.0061918276946051,1.0415112958499206,1.0030340273157015,1.0030340273157015,1.0229891320830360,1.0064760491033298,1.0227996457198143,1.0227996457198143,1.0015098735149235,1.0101705270653012,0.9791220769218664,0.9791220769218664,1.0050211401633986,1.0309650746309869,1.0062212372319208,1.0062212372319208,1.0131131605550321,1.0011351916328881
180,1.0097715762931014,1.0097715762931014,0.9953939487539012,1.0130730157549017,1.0107108049902358,1.0107108049902358,1.0153127152053421,0.9956717717177616,0.9849985378960116,0.9849985378960116,1.0076768998622507,1.0399220250970453,1.0106483192016706,1.0106483192016706,1.0207358601897762,1.0056534335692540,1.0227231493825377,1.0227231493825377,1.0100355123329938,1.0095142948498068,0.9771728289633539,0.9771728289633539,1.0060539193253066,1.0343771962962260,1.0081351814133748,1.0081351814133748,1.0142876175042097,0.9996038627276357
181,1.0098716493958664,1.0098716493958664,0.9954119939258916,1.0133881679312915,1.0098086931557524,1.0098086931557524,1.0154972065842500,0.9989074941928574,0.9749369628867484,0.9749369628867484,1.0096933111629389,1.0390826434061304,1.0202795976736438,1.0202795976736438,1.0194705487333282,1.0065281030011013,1.0178179895098061,1.0178179895098061,1.0176029926101611,1.0045740736029998,0.9747691541498763,0.9747691541498763,1.0067389599003413,1.0361048322240805,1.0099194815748940,1.0099194815748940,1.0152642590084251,0.9974174865253013
182,1.0097911708839240,1.0097911708839240,0.9955041467200392,1.0130429105836858,1.0083948861012215,1.0083948861012215,1.0148500948478059,1.0015144815818056,0.9774543122453561,0.9774543122453561,1.0093220985921230,1.0380639066530541,1.0230283282303845,1.0230283282303845,1.0120776670427518,1.0098357798122584,1.0063636695334000,1.0063636695334000,1.0177500855594077,1.0035753522337367,0.9840943557636564,0.9840943557636564,1.0044570457039346,1.0361245939751187,1.0106361513383040,1.0106361513383040,1.0153815234792738,0.9946943983840896
183,1.0091629409798304,1.0091629409798304,0.9954615047997952,1.0126537649744278,1.0061186897464307,1.0061186897464307,1.0133040937883731,1.0031862899788555,0.9785639348728296,0.9785639348728296,1.0078686819296199,1.0343164582862132,1.0226550851976921,1.0226550851976921,1.0018965049831674,1.0079142942000274,1.0017457064357065,1.0017457064357065,1.0238002075640384,1.0040767662106571,0.9935924657886677,0.9935924657886677,1.0037051664860845,1.0376668987246958,1.0115628979367686,1.0115628979367686,1.0158299905589681,0.9925731738115035
184,1.0082656473707479,1.0082656473707479,0.9953668129864732,1.0118396785259793,1.0031125918252861,1.0031125918252861,1.0122527270225969,1.0040251833339757,0.9784689040245075,0.9784689040245075,1.0051204219761671,1.0287707258033352,1.0175683924487358,1.0175683924487358,0.9926126309116672,1.0031327133228332,0.9941235845486532,0.9941235845486532,1.0259511337911515,1.0100140661928960,1.0013252367119152,1.0013252367119152,1.0013274724405050,1.0384578868645715,1.0118663125192031,1.0118663125192031,1.0155941180595176,0.9901894678528806
185,1.0073297558840095,1.0073297558840095,0.9955445896683194,1.0107071528154288,1.0002443037440556,1.0002443037440556,1.0109567320275519,1.0052502946999560,0.9795009219983390,0.9795009219983390,1.0030935821095324,1.0244968980643696,1.0126036570282355,1.0126036570282355,0.9831605409850620,1.0008087322175967,0.9810776039404934,0.9810776039404934,1.0258554001118934,1.0127342678170732,1.0072174471770792,1.0072174471770792,0.9985358673311119,1.0389466016290143,1.0117442211554755,1.0117442211554755,1.0152165783309630,0.9883181318093583
186,1.0068847894370576,1.0068847894370576,0.9960919523287601,1.0100232122916426,0.9985534498527786,0.9985534498527786,1.0106848666451214,1.0081586649887790,0.9850393539164400,0.9850393539164400,1.0039899950121602,1.0243407667092264,1.0102569835982731,1.0102569835982731,0.9770391249895352,1.0125966857602078,0.9712994931791465,0.9712994931791465,1.0316010643640328,1.0092658464828643,1.0132412756488209,1.0132412756488209,0.9970290741397578,1.0388175951418988,1.0120972632308620,1.0120972632308620,1.0158236477165534,0.9865399141623111
187,1.0063547975543825,1.0063547975543825,0.9966702139457626,1.0095624308834066,0.9959191263088261,0.9959191263088261,1.0099468062265167,1.0096217068934723,0.9878146884060671,0.9878146884060671,1.0027169703520917,1.0205501252057658,1.0034106208244504,1.0034106208244504,0.9626853891582008,1.0204982215180125,0.9613120240210429,0.9613120240210429,1.0390559651213855,1.0128899073725628,1.0199121162400087,1.0199121162400087,0.9959218324366845,1.0402742656369763,1.0130985551407892,1.0130985551407892,1.0169086487158137,0.9850410517046888
188,1.0053428929203119,1.0053428929203119,0.9969831253892111,1.0091081556379260,0.9927217001633349,0.9927217001633349,1.0087669092013949,1.0105364204428622,0.9897245993430042,0.9897245993430042,1.0013558575924333,1.0152054922750595,1.0013849230006995,1.0013849230006995,0.9481261017575796,1.0246678616914819,0.9503690216674850,0.9503690216674850,1.0458111471844167,1.0096691130883810,1.0228672077520273,1.0228672077520273,0.9940285150008323,1.0393821002923462,1.0133681017097591,1.0133681017097591,1.0177411233485938,0.9834055426874070
189,1.0042375826457020,1.0042375826457020,0.9970438804908877,1.0083659543535786,0.9887730245625889,0.9887730245625889,1.0068587900325041,1.0106631986400387,0.9897910512320508,0.9897910512320508,0.9991759175023299,1.0084439173728537,0.9942584604285547,0.9942584604285547,0.9230241933501849,1.0279919334310710,0.9458751973627404,0.9458751973627404,1.0578197662560187,1.0055374783448958,1.0262163011365917,1.0262163011365917,0.9927488103545034,1.0381074303433484,1.0131419085768132,1.0131419085768132,1.0185161062077630,0.9814400570705362
190,1.0027519823467095,1.0027519823467095,0.9969088817481697,1.0075564244860145,0.9841139816058071,0.9841139816058071,1.0044012459203906,1.0104716711989448,0.9890636431412271,0.9890636431412271,0.9960383244202113,1.0005480049084341,0.9865483449273702,0.9865483449273702,0.9004602929420081,1.0320595151750511,0.9433930925242678,0.9433930925242678,1.0644307314889223,1.0043157694330711,1.0294625171151908,1.0294625171151908,0.9905597892884769,1.0372055691583213,1.0127123586887450,1.0127123586887450,1.0185408214213099,0.9806128032355435
191,1.0010363444060313,1.0010363444060313,0.9963345873486276,1.0063609680862351,0.9853798400598176,0.9853798400598176,1.0018873927111480,1.0101850284786817,0.9903372268982017,0.9903372268982017,0.9945281053559574,0.9936739355528066,0.9865637571172301,0.9865637571172301,0.8954437679167194,1.0370878397251471,1.0060932482709224,1.0060932482709224,1.0676729394847486,1.0032340950553413,1.0315116212305477,1.0315116212305477,0.9881000088033820,1.0360231207141690,1.0114912369074009,1.0114912369074009,1.0176600412004850,0.9807861971892480
192,0.9991889476246710,0.9991889476246710,0.9959840440138420,1.0049638433105990,0.9867382853188964,0.9867382853188964,0.9988090249860255,1.0099310608776011,0.9904376017795590,0.9904376017795590,0.9906342563390722,0.9866992054798176,0.9804833131699202,0.9804833131699202,0.8939404925676839,1.0390224412801234,1.0407648776312566,1.0407648776312566,1.0741318812784866,0.9978606291356016,1.0314430621158794,1.0314430621158794,0.9846802092736411,1.0331011940943491,1.0095642093844857,1.0095642093844857,1.0164686804200445,0.9810451788234710
193,0.9971075983614190,0.9971075983614190,0.9954534116761764,1.0034968509614026,0.9877223694788692,0.9877223694788692,0.9959379253532563,1.0088961800699592,0.9896311949395189,0.9896311949395189,0.9880084026029340,0.9798258017718435,0.9740859141876668,0.9740859141876668,0.8951500055941459,1.0362357133198936,1.0551669906748189,1.0551669906748189,1.0773247843751239,0.9923401474879852,1.0293745910189775,1.0293745910189775,0.9798388117661458,1.0290395991506025,1.0072433732835853,1.0072433732835853,1.0144154742094358,0.9811625767481543
194,0.9948370522113381,0.9948370522113381,0.9945498608972496,1.0017165880090175,0.9885700412234103,0.9885700412234103,0.9927033473350871,1.0079658406649294,0.9904457340037430,0.9904457340037430,0.9860312648378310,0.9736800988707169,0.9634870182305805,0.9634870182305805,0.8958663589673490,1.0280657106090150,1.0728376445856964,1.0728376445856964,1.0816007517572761,0.9916095860916369,1.0275807437203801,1.0275807437203801,0.9763054679638924,1.0254664969291520,1.0048472187646813,1.0048472187646813,1.0123787343926820,0.9814658677401631
195,0.9923771664458791,0.9923771664458791,0.9937868402956710,0.9995612119029339,0.9889864439867319,0.9889864439867319,0.9899026024394050,1.0061918948430582,0.9903854780950270,0.9903854780950270,0.9856062083236889,0.9655996540846098,0.9651280814030471,0.9651280814030471,0.8970803851021187,1.0279989012756545,1.0765410067385837,1.0765410067385837,1.0792456210726893,0.9874919137357155,1.0230551449409373,1.0230551449409373,0.9703677094626194,1.0200734632609527,1.0022818133830551,1.0022818133830551,1.0095459209845918,0.9808386934664554
196,0.9896933803663489,0.9896933803663489,0.9926346696659655,0.9969779252457401,0.9882505662007833,0.9882505662007833,0.9860187299164198,1.0034797334257637,0.9900346307088014,0.9900346307088014,0.9822579730017449,0.9540443066652965,0.9678828428166895,0.9678828428166895,0.8973741474246922,1.0255687630088206,1.0715781391026433,1.0715781391026433,1.0734588694045590,0.9782874150635683,1.0172964117125796,1.0172964117125796,0.9618686171894933,1.0133959157752608,0.9989320914156908,0.9989320914156908,1.0067650688914553,0.9795711583541700
197,0.9868032903638815,0.9868032903638815,0.9914130613957989,0.9942824469527419,0.9874549262188850,0.9874549262188850,0.9821087274416209,1.0004565415661444,0.9900438472295432,0.9900438472295432,0.9802806873137208,0.9430589015589791,0.9714638316258611,0.9714638316258611,0.8949341969605235,1.0239583711635869,1.0541155015475179,1.0541155015475179,1.0660241014810417,0.9625776757621052,1.0097613389369404,1.0097613389369404,0.9532807027996690,1.0054984687367075,0.9946754560061225,0.9946754560061225,1.0031633030113194,0.9774485901268697
198,0.9836869960007631,0.9836869960007631,0.9897296463434481,0.9914188285581554,0.9854205437644221,0.9854205437644221,0.9773923344078812,0.9970430196283914,0.9866336571052823,0.9866336571052823,0.9763297400492424,0.9293330250636872,0.9636344391770658,0.9636344391770658,0.8901519432846614,1.0154440749556362,1.0286341689884053,1.0286341689884053,1.0531058070194057,0.9426948252129236,1.0005882068622496,1.0005882068622496,0.9427682351962871,0.9958226121328002,0.9901800198800184,0.9901800198800184,0.9987834922101587,0.9752113737798825
199,0.9811730568947521,0.9811730568947521,0.9885121639794402,0.9887052372894031,0.9838856959637662,0.9838856959637662,0.9730384390954903,0.9937680427264751,0.9841036834367508,0.9841036834367508,0.9737750372382137,0.9200873270799094,0.9653746764408044,0.9653746764408044,0.8912941699690815,1.0104501797552476,0.9606711994412264,0.9606711994412264,1.0113922188090068,0.8903863828393132,0.9832398070699774,0.9832398070699774,0.9289778613945895,0.9788779098070763,0.9838359670751660,0.9838359670751660,0.9933190553560874,0.9714866066730999
200,0.9836384682940434,0.9836384682940434,0.9911608597143988,0.9897494197377331,0.9903026097221089,0.9903026097221089,0.9763960113662647,0.9989416876138024,1.0012514462507229,1.0012514462507229,0.9907607304367202,0.9347985839847580,1.0332519708691443,1.0332519708691443,0.9416834345070595,1.0535212962389666,0.9599834034262400,0.9599834034262400,1.0146204570833961,0.8900948153343062,0.9860899295420238,0.9860899295420238,0.9358855574102065,0.9815499649980367,0.9853404324037480,0.9853404324037480,0.9962200777542823,0.9757185565628306
201,0.9868245569177087,0.9868245569177087,0.9940995023711648,0.9913786581037919,0.9950523663405040,0.9950523663405040,0.9784906781451386,1.0030096925050938,1.0106116362865514,1.0106116362865514,1.0014528950287573,0.9463753800506803,1.0562342263310012,1.0562342263310012,0.9637833053246907,1.0669626783139456,0.9660554679526899,0.9660554679526899,1.0212425159186174,0.8943455410305406,0.9891991822271384,0.9891991822271384,0.9465591631369652,0.9856536739355692,0.9870863151171583,0.9870863151171583,0.9994084027928860,0.9799883162712641
202,0.9895611729502267,0.9895611729502267,0.9968351821826658,0.9924939322817405,0.9987338960056239,0.9987338960056239,0.9793275958269612,1.0060437971586318,1.0165703105705817,1.0165703105705817,1.0085082266795391,0.9572806115951903,1.0702037012009118,1.0702037012009118,0.9772217007347100,1.0765303486736526,0.9680779237470009,0.9680779237470009,1.0261791689499000,0.8975199309089960,0.9903729762446005,0.9903729762446005,0.9563939920083706,0.9881614179381210,0.9882587609212928,0.9882587609212928,1.0022725867122291,0.9842577947496413
203,0.9923136114619104,0.9923136114619104,0.9994845353422321,0.9937473093987315,1.0023616396943891,1.0023616396943891,0.9800051081489901,1.0090119822106438,1.0224161405628394,1.0224161405628394,1.0167408768603563,0.9668180111728503,1.0753882278507174,1.0753882278507174,0.9850511230834125,1.0808553307940154,0.9686449360715506,0.9686449360715506,1.0286690663589364,0.8998270101246703,0.9907620201698707,0.9907620201698707,0.9653065512347268,0.9894155119815433,0.9889910712247224,0.9889910712247224,1.0046726495417806,0.9883835959169474
204,0.9948134408313459,0.9948134408313459,1.0017861335541423,0.9945750429202762,1.0046812454054421,1.0046812454054421,0.9795421714482117,1.0114429731202779,1.0273546466854206,1.0273546466854206,1.0231836596943424,0.9746945458944714,1.0745995257870209,1.0745995257870209,0.9932653904859892,1.0823718616739759,0.9714142376850613,0.9714142376850613,1.0312986609823414,0.9033397825723167,0.9921825495322125,0.9921825495322125,0.9729388136673093,0.9907770004098220,0.9887158155612967,0.9887158155612967,1.0064641119548139,0.9916179915486019
205,0.9971328613146231,0.9971328613146231,1.0036271718236414,0.9953628100134672,1.0077333394047627,1.0077333394047627,0.9784066257456601,1.0129182247016455,1.0300570235066537,1.0300570235066537,1.0279890837132810,0.9801779293804828,1.0618234904884303,1.0618234904884303,0.9999374056950547,1.0774935507190329,0.9778117471551876,0.9778117471551876,1.0383767901350593,0.8978821316687369,0.9898674980262835,0.9898674980262835,0.9768997619430339,0.9903237383747702,0.9874287121101739,0.9874287121101739,1.0069782258912237,0.9945258790846971
206,0.9990986208428355,0.9990986208428355,1.0052722975600474,0.9958783837400986,1.0096926474588410,1.0096926474588410,0.9769291446325089,1.0144898884449378,1.0311867056204478,1.0311867056204478,1.0314372409685131,0.9840380201224460,1.0377000628817346,1.0377000628817346,1.0019079928952233,1.0688460457175721,0.9817425852583972,0.9817425852583972,1.0442021639742207,0.8970484949994918,0.9907021374629345,0.9907021374629345,0.9847741386620494,0.9922258254157234,0.9866000311029351,0.9866000311029351,1.0079672718705062,0.9975308534858419
207,1.0009862466852706,1.0009862466852706,1.0065682628203256,0.9964191660137122,1.0117839675278530,1.0117839675278530,0.9755026896843404,1.0160650632610562,1.0318310875748402,1.0318310875748402,1.0354939531216676,0.9892212704776324,1.0072114008629276,1.0072114008629276,1.0068231781248755,1.0665204251194922,0.9839535978138898,0.9839535978138898,1.0378484059654189,0.8969339212897779,0.9896979982038041,0.9896979982038041,0.9898239720700630,0.9946102620129196,0.9854282097310066,0.9854282097310066,1.0080653828319943,1.0006911293737251
208,1.0027353646656270,1.0027353646656270,1.0076233386364191,0.9967619070405310,1.0126250386716475,1.0126250386716475,0.9743259877259659,1.0166592569821047,1.0288148843498575,1.0288148843498575,1.0368441935466159,0.9917690738513779,0.9393280755776861,0.9393280755776861,1.0061511352696026,1.0600309025728940,0.9880454808376815,0.9880454808376815,1.0345716845401605,0.9033993280486914,0.9896461721611904,0.9896461721611904,0.9964996943242367,0.9966392091335722,0.9842894535311348,0.9842894535311348,1.0083998349758700,1.0034072180113092
209,1.0042582578955397,1.0042582578955397,1.0085985033579563,0.9970433269166424,1.0132735625612277,1.0132735625612277,0.9759271274125312,1.0165315298463264,1.0256508295442333,1.0256508295442333,1.0374613279739697,0.9941512049202816,0.9461932010174249,0.9461932010174249,1.0051418401389729,1.0535245752246531,0.9983718153495101,0.9983718153495101,1.0328340977179138,0.9221475292790925,0.9902547601892516,0.9902547601892516,1.0045768075246160,0.9994981497978352,0.9889285685343777,0.9889285685343777,1.0089871259415171,1.0060823720517851
210,1.0054736322713569,1.0054736322713569,1.0092075052428220,0.9969426060764972,1.0133891028067306,1.0133891028067306,0.9785208572904538,1.0157817418258985,1.0220446140922599,1.0220446140922599,1.0385067732197324,0.9958587390729077,0.9509723200643958,0.9509723200643958,1.0048259225574343,1.0421206728805616,1.0030622486614655,1.0030622486614655,1.0249469573443388,0.9460827574894122,0.9887645871612750,0.9887645871612750,1.0101128680031215,0.9999927116721358,0.9925383219132854,0.9925383219132854,1.0080960034505480,1.0073300960689815
211,1.0062892443707254,1.0062892443707254,1.0095614490497162,0.9965607147253636,1.0126564955887196,1.0126564955887196,0.9811082286692062,1.0149267165145508,1.0176676186871481,1.0176676186871481,1.0392504557061948,0.9978755775018053,0.9551470132307768,0.9551470132307768,1.0014973000392231,1.0387179054844990,1.0080922183476484,1.0080922183476484,1.0174891804678670,0.9625173089688149,0.9871137456544036,0.9871137456544036,1.0154849776578883,1.0009375750195348,0.9955843022146788,0.9955843022146788,1.0072537489671480,1.0085141371022799
212,1.0068637879505362,1.0068637879505362,1.0099879135917833,0.9961206759614518,1.0118744730624158,1.0118744730624158,0.9840245021169755,1.0142951029813116,1.0124935878622461,1.0124935878622461,1.0397464412610646,0.9991988850367292,0.9688745837294092,0.9688745837294092,1.0039130438315598,1.0317644064632752,1.0073742264100529,1.0073742264100529,1.0091582960015923,0.9754727619941074,0.9844635678998248,0.9844635678998248,1.0198697554671243,1.0014712163116191,0.9985265078303904,0.9985265078303904,1.0056524780899678,1.0095631877084736
213,1.0073179501940135,1.0073179501940135,1.0105066216072542,0.9955272776468802,1.0116057513076924,1.0116057513076924,0.9870176786069473,1.0139553196993576,1.0078894323282599,1.0078894323282599,1.0419661726169775,1.0013311023922131,0.9836012661880856,0.9836012661880856,1.0118474985190595,1.0298617750187409,1.0128363332997978,1.0128363332997978,1.0014359161661404,0.9824892724033296,0.9803707049560172,0.9803707049560172,1.0218296894905001,1.0000286824998685,1.0006609360503342,1.0006609360503342,1.0036143322244027,1.0100802135433982
214,1.0081963832448122,1.0081963832448122,1.0117952871874056,0.9952509584210124,1.0118885959694188,1.0118885959694188,0.9900932941458619,1.0146358352018672,1.0016514742308233,1.0016514742308233,1.0423123122526459,1.0040119613357845,1.0001673600017726,1.0001673600017726,1.0120559220663603,1.0285374746746458,1.0145373702734470,1.0145373702734470,1.0008282332836378,0.9894680022344383,0.9775583868319461,0.9775583868319461,1.0251655521199612,1.0009417938203182,1.0029503721317279,1.0029503721317279,1.0015556580461951,1.0111377010512859
215,1.0091240576450764,1.0091240576450764,1.0126154130505975,0.9955819566174925,1.0115686452278192,1.0115686452278192,0.9927961940767015,1.0152730791041427,0.9943098571369816,0.9943098571369816,1.0409646604788190,1.0067387499674396,1.0067054789783985,1.0067054789783985,1.0053506739688471,1.0269086385349262,1.0212475752977037,1.0212475752977037,1.0067653648942940,1.0020468814539683,0.9785523777927471,0.9785523777927471,1.0304058349498619,1.0053295686772710,1.0061441347219000,1.0061441347219000,1.0008394792728605,1.0130213799695087
216,1.0097236398903711,1.0097236398903711,1.0129786514812558,0.9955863545114804,1.0108382382100571,1.0108382382100571,0.9954993154478106,1.0156280454037225,0.9847980204825594,0.9847980204825594,1.0400697268054033,1.0074184501823931,1.0110041397588694,1.0110041397588694,1.0052993886471688,1.0201588464994700,1.0222286072722500,1.0222286072722500,1.0061490536544335,1.0139941679654692,0.9768033844234070,0.9768033844234070,1.0335311891627483,1.0073710241721763,1.0081969407320455,1.0081969407320455,0.9993487863232938,1.0148234396757876
217,1.0098240800094054,1.0098240800094054,1.0132333241723881,0.9955900269796558,1.0097704275108832,1.0097704275108832,0.9985170401733847,1.0152192426541440,0.9745656687654314,0.9745656687654314,1.0387991428735350,1.0092020900500560,1.0148893517939699,1.0148893517939699,1.0057506994779382,1.0165552412301153,1.0175576335548648,1.0175576335548648,1.0052328042778409,1.0203885308111909,0.9750849908849075,0.9750849908849075,1.0358604751547273,1.0076758140252695,1.0098853459476269,1.0098853459476269,0.9974909584063747,1.0153934930002484
218,1.0095497557378894,1.0095497557378894,1.0128945691409130,0.9954242898510710,1.0080840037525396,1.0080840037525396,1.0008265989167513,1.0147627082929040,0.9767966089332526,0.9767966089332526,1.0365582585398867,1.0094049646626368,1.0229666794709451,1.0229666794709451,1.0066168059904419,1.0131905920426572,1.0128987382065235,1.0128987382065235,1.0045302094644000,1.0243283880549037,0.9849774126541692,0.9849774126541692,1.0368135364668989,1.0060492812881208,1.0109175918540567,1.0109175918540567,0.9950305292145318,1.0156773791183606
219,1.0090378903809598,1.0090378903809598,1.0125595092891293,0.9954352619164841,1.0061753895014935,1.0061753895014935,1.0027228235797319,1.0135477822012480,0.9787444702497152,0.9787444702497152,1.0335123037074674,1.0080950440416310,1.0231971922236314,1.0231971922236314,1.0060448720830850,1.0041291150982883,1.0068662638897168,1.0068662638897168,1.0046407346134150,1.0285376372469046,0.9941211843848384,0.9941211843848384,1.0373067952882962,1.0038473633353462,1.0115047960067336,1.0115047960067336,0.9924453678703764,1.0157923709636720
220,1.0082366734752652,1.0082366734752652,1.0116375052815589,0.9953490495925876,1.0030479535098660,1.0030479535098660,1.0036941871395311,1.0123558520550378,0.9782985145654134,0.9782985145654134,1.0278259986926297,1.0055252003344735,1.0149429594108736,1.0149429594108736,1.0005889344216563,0.9929030977276840,0.9946637560531059,0.9946637560531059,1.0099656637258096,1.0291679979795605,1.0010175341091327,1.0010175341091327,1.0380104885078374,1.0015964480822441,1.0119049083765139,1.0119049083765139,0.9900083415798566,1.0156243203810404
221,1.0072587178461054,1.0072587178461054,1.0105135132307281,0.9956011804015220,1.0005341652606299,1.0005341652606299,1.0054564720737227,1.0110798143174373,0.9799966004247948,0.9799966004247948,1.0243820572406526,1.0042394649115405,1.0105578563481454,1.0105578563481454,0.9991709978478935,0.9840969717936436,0.9837422263556257,0.9837422263556257,1.0102425929095871,1.0297334746758906,1.0076444503861770,1.0076444503861770,1.0383205517135445,0.9988386846227354,1.0117969113397243,1.0117969113397243,0.9880671193456726,1.0151492290723139
222,1.0068960038230643,1.0068960038230643,1.0099575587107592,0.9960740446834463,0.9984299115820466,0.9984299115820466,1.0079604870081298,1.0105793124676554,0.9841696706272727,0.9841696706272727,1.0232449737451905,1.0033303381387213,1.0073474301908210,1.0073474301908210,1.0097813154792823,0.9770889596353833,0.9705466081754249,0.9705466081754249,1.0082432792474796,1.0322015320070055,1.0132804744194674,1.0132804744194674,1.0384511202250910,0.9969015889366842,1.0121760308934324,1.0121760308934324,0.9863745490323558,1.0156955653286790
223,1.0062670602762249,1.0062670602762249,1.0094427499033063,0.9966176153125264,0.9957818219203206,0.9957818219203206,1.0095919007429830,1.0098309794864166,0.9875188303452763,0.9875188303452763,1.0199431862205113,1.0030406334877993,1.0074626865671641,1.0074626865671641,1.0212359946467835,0.9634319842515235,0.9560827612456396,0.9560827612456396,1.0085703350787656,1.0374049853252341,1.0184549445485842,1.0184549445485842,1.0384628891555534,0.9949621248010706,1.0127924941551956,1.0127924941551956,0.9846018339368042,1.0168803250610106
224,1.0054039399597736,1.0054039399597736,1.0091730471254532,0.9969973077166661,0.9927608875137139,0.9927608875137139,1.0107210879463644,1.0087618103639697,0.9903412542854166,0.9903412542854166,1.0159933483779422,1.0011742314285659,1.0036907206227728,1.0036907206227728,1.0308714808837103,0.9460054049479352,0.9496054003357246,0.9496054003357246,1.0074778206875727,1.0382969354954805,1.0223343058878429,1.0223343058878429,1.0382316555784159,0.9931168805496210,1.0133047069734056,1.0133047069734056,0.9834682773852661,1.0175193109970899
225,1.0042359106826972,1.0042359106826972,1.0085655414483155,0.9971148266982806,0.9890046402374389,0.9890046402374389,1.0114381748080048,1.0070620082781718,0.9905089330031162,0.9905089330031162,1.0098255542545147,0.9994766080298902,0.9974025471599607,0.9974025471599607,1.0345685371528588,0.9197591738943499,0.9456242356948331,0.9456242356948331,1.0024626906917480,1.0495058580999359,1.0247744680945510,1.0247744680945510,1.0368171633699974,0.9914020490522146,1.0129457773943615,1.0129457773943615,0.9812759660789423,1.0179602484778478
226,1.0026726048835750,1.0026726048835750,1.0076764766805719,0.9967112405814438,0.9842150124226415,0.9842150124226415,1.0107593971130067,1.0046570815487956,0.9904754747093304,0.9904754747093304,1.0020107123646995,0.9963893342135037,0.9901320141173872,0.9901320141173872,1.0369809986846079,0.9021825809956087,0.9415491281836020,0.9415491281836020,1.0026171793758729,1.0587518332763164,1.0286916337817849,1.0286916337817849,1.0362988863190636,0.9898100068618220,1.0124306505591896,1.0124306505591896,0.9804822983933494,1.0182322916858046
227,1.0009310922959105,1.0009310922959105,1.0064921829243456,0.9963687942588613,0.9857434082847298,0.9857434082847298,1.0105795243454363,1.0023453089588119,0.9911859987537529,0.9911859987537529,0.9954557299949638,0.9947616777792835,0.9866950957786443,0.9866950957786443,1.0409389946704557,0.8966677369442931,1.0055987061606346,1.0055987061606346,1.0020838647163137,1.0641597945065078,1.0307786971809694,1.0307786971809694,1.0352744712398112,0.9875591656227688,1.0112915970106484,1.0112915970106484,0.9807531346399034,1.0175161237231167
228,0.9991169920460937,0.9991169920460937,1.0051742506142447,0.9959017107138798,0.9867566004993467,0.9867566004993467,1.0102340142561987,0.9993403050890569,0.9910973187852699,0.9910973187852699,0.9879853266272227,0.9912197666156368,0.9841607956895186,0.9841607956895186,1.0408725288935605,0.8978002166257339,1.0363428525202716,1.0363428525202716,0.9971718641346254,1.0694835707528592,1.0302430839393688,1.0302430839393688,1.0331521407797388,0.9841012292613021,1.0095734866629764,1.0095734866629764,0.9811899158917007,1.0161906239714149
229,0.9970956091632882,0.9970956091632882,1.0034707047670099,0.9952029669696085,0.9873742918530065,0.9873742918530065,1.0090633228194279,0.9957141260106805,0.9893433142034039,0.9893433142034039,0.9798290786352186,0.9875645474292145,0.9764727933303070,0.9764727933303070,1.0369190460160205,0.8958856988580866,1.0604157130447924,1.0604157130447924,0.9961717964294118,1.0795106183158920,1.0300619639279627,1.0300619639279627,1.0302776350280942,0.9807630476308468,1.0076256744680578,1.0076256744680578,0.9812281291738345,1.0147207282096087
230,0.9947418318792451,0.9947418318792451,1.0017213205557491,0.9947019470983390,0.9884666020792763,0.9884666020792763,1.0079118650517886,0.9929650825130697,0.9905232612076309,0.9905232612076309,0.9735371771808828,0.9864213345649557,0.9677977407248547,0.9677977407248547,1.0271805788531634,0.9008267204142819,1.0764255912121665,1.0764255912121665,0.9934756401921020,1.0849366485182246,1.0280697987383471,1.0280697987383471,1.0257790908910540,0.9770370323845079,1.0051553017212280,1.0051553017212280,0.9815432090896455,1.0126752170177806
231,0.9922341320498123,0.9922341320498123,0.9994595532071398,0.9938189905368227,0.9886182077693996,0.9886182077693996,1.0058940696807932,0.9895829388117436,0.9897851650507367,0.9897851650507367,0.9645271180875639,0.9844789007515362,0.9626808936913901,0.9626808936913901,1.0251562446358760,0.8973448474885349,1.0805376048510309,1.0805376048510309,0.9891425613017227,1.0833055131240170,1.0235835536654032,1.0235835536654032,1.0210020153997343,0.9710690575849756,1.0025213277363978,1.0025213277363978,0.9809693224559980,1.0100856506578231
232,0.9896020952642547,0.9896020952642547,0.9969916492392971,0.9927363378508770,0.9881092479334453,0.9881092479334453,1.0033507965500170,0.9856998187913348,0.9891813667675103,0.9891813667675103,0.9536667651340930,0.9812508794368844,0.9635928932739655,0.9635928932739655,1.0250241336472325,0.8939900352581360,1.0739320790251525,1.0739320790251525,0.9807027951830729,1.0783804862401469,1.0180670626422068,1.0180670626422068,1.0140366590266940,0.9627677158819418,0.9991116008075133,0.9991116008075133,0.9795654920774303,1.0073230965653539
233,0.9867762534987090,0.9867762534987090,0.9942798860816278,0.9914457826609987,0.9871339348420325,0.9871339348420325,1.0003298134890473,0.9817339513248647,0.9890564403140927,0.9890564403140927,0.9425080516485099,0.9793353673730016,0.9665453327749405,0.9665453327749405,1.0240242750157915,0.8922279903249064,1.0528875340280788,1.0528875340280788,0.9623778076512205,1.0673050276344624,1.0101262128692430,1.0101262128692430,1.0056225399118757,0.9543469895181407,0.9949730128197662,0.9949730128197662,0.9776931037439337,1.0035987044319798
234,0.9837988544037315,0.9837988544037315,0.9914297463789459,0.9900128626554302,0.9853677984233202,0.9853677984233202,0.9970193130927265,0.9772656525001227,0.9859174017790538,0.9859174017790538,0.9296718182747666,0.9757845069464596,0.9600547905583167,0.9600547905583167,1.0169961345329916,0.8881608184541369,1.0310505138176402,1.0310505138176402,0.9433374882069699,1.0557922177712675,1.0009131848125699,1.0009131848125699,0.9963050998702372,0.9433430988360273,0.9905231007749741,0.9905231007749741,0.9753697486884120,0.9992277019032177
235,0.9811938748731390,0.9811938748731390,0.9886210244265488,0.9888441790020410,0.9839928219299388,0.9839928219299388,0.9938788155548167,0.9731476069132391,0.9842574211987062,0.9842574211987062,0.9195683869092077,0.9742698626916135,0.9633040822378963,0.9633040822378963,1.0103232987587791,0.8905823493835439,0.9614247554654504,0.9614247554654504,0.8919831487085133,1.0142450802831582,0.9843155266928970,0.9843155266928970,0.9799641249691209,0.9294009244293021,0.9841322750243975,0.9841322750243975,0.9719656107800634,0.9936214432230960
236,0.9837147872882670,0.9837147872882670,0.9896936240089093,0.9911615744294208,0.9907165446932594,0.9907165446932594,0.9994395287022489,0.9765703019241411,1.0018148932120454,1.0018148932120454,0.9354652194845717,0.9912749414100172,1.0362821414146299,1.0362821414146299,1.0550974359968388,0.9444700199002779,0.9615368158893555,0.9615368158893555,0.8904694883034159,1.0140151115468148,0.9858707727788638,0.9858707727788638,0.9820107345747080,0.9363284913719511,0.9853316606179956,0.9853316606179956,0.9756070897277318,0.9962605685685599
237,0.9867844094158048,0.9867844094158048,0.9913287070176875,0.9943178114610982,0.9949965882909509,0.9949965882909509,1.0029967135589133,0.9782933846369655,1.0109693767008949,1.0109693767008949,0.9468702246339956,1.0010519741428947,1.0581386369215076,1.0581386369215076,1.0672647759943821,0.9651345975691872,0.9666848851839652,0.9666848851839652,0.8932412453861485,1.0211811016346604,0.9889168891041427,0.9889168891041427,0.9857594720099545,0.9463632420986482,0.9872022216285586,0.9872022216285586,0.9802836080735713,0.9994147823863371
238,0.9895368071479032,0.9895368071479032,0.9926417879875797,0.9969261253088210,0.9992764534940275,0.9992764534940275,1.0063866793776990,0.9797181210534400,1.0181500532056469,1.0181500532056469,0.9582045965885343,1.0091433651348576,1.0758760571645418,1.0758760571645418,1.0759102503816305,0.9821939304758986,0.9639484635750734,0.9639484635750734,0.8956617050621607,1.0233834629436067,0.9891751671700230,0.9891751671700230,0.9873248137798987,0.9550102294097311,0.9880788947110668,0.9880788947110668,0.9843144688053371,1.0019391346209781
239,0.9923210129566749,0.9923210129566749,0.9937907848433172,0.9995885060491267,1.0023258418416909,1.0023258418416909,1.0089130914136606,0.9800240904898896,1.0224008055115208,1.0224008055115208,0.9666029944025849,1.0169830673529914,1.0773281534874226,1.0773281534874226,1.0776330269074492,0.9889535594684141,0.9660621781577142,0.9660621781577142,0.8990021119822046,1.0255624167204611,0.9908473123565936,0.9908473123565936,0.9898381095903042,0.9646672124311858,0.9891109324734281,0.9891109324734281,0.9887031220912433,1.0046030082114112
240,0.9948640075173396,0.9948640075173396,0.9945367124050957,1.0017461264413177,1.0046560322998872,1.0046560322998872,1.0110239549665401,0.9795854910682201,1.0264113861298263,1.0264113861298263,0.9738384222099590,1.0221018978075005,1.0702311751045750,1.0702311751045750,1.0772371042240925,0.9923817390035463,0.9669673848154864,0.9669673848154864,0.8990699062185893,1.0283770697899219,0.9915420447185657,0.9915420447185657,0.9897575775378311,0.9718669290313928,0.9886903030454471,0.9886903030454471,0.9914720071467205,1.0062748271537614
241,0.9971193428820370,0.9971193428820370,0.9953860823284228,1.0034861282611125,1.0073369763031677,1.0073369763031677,1.0126340155325382,0.9781671441716631,1.0288644521925030,1.0288644521925030,0.9797798942639111,1.0261971100928085,1.0552056301816601,1.0552056301816601,1.0737513434802588,0.9935228260224138,0.9779264916611025,0.9779264916611025,0.8982329555548587,1.0334495230601264,0.9901463050926012,0.9901463050926012,0.9904828841391023,0.9765643046546130,0.9875914807718994,0.9875914807718994,0.9944481125514300,1.0070357419432117
242,0.9992552552306596,0.9992552552306596,0.9960085500828392,1.0051109460636267,1.0096033609541459,1.0096033609541459,1.0144668450097623,0.9767300082907940,1.0308563049693136,1.0308563049693136,0.9836757402402327,1.0297592865294580,1.0365716225459103,1.0365716225459103,1.0697281125652363,0.9962443841421266,0.9826444368136573,0.9826444368136573,0.8954874944183601,1.0373175150737322,0.9906852494550275,0.9906852494550275,0.9926613205695557,0.9834177835343804,0.9866655667497095,0.9866655667497095,0.9976336254924114,1.0079081800739436
243,1.0009518491049192,1.0009518491049192,0.9963962265730524,1.0064670616113038,1.0117066334623479,1.0117066334623479,1.0159240168867580,0.9754844631135923,1.0320912412989753,1.0320912412989753,0.9886410689370163,1.0353179621611519,1.0040659739410991,1.0040659739410991,1.0681243179857112,1.0043865154746707,0.9872234807222101,0.9872234807222101,0.8970677164373624,1.0350650534329393,0.9904502892349271,0.9904502892349271,0.9951239137550126,0.9895767885939499,0.9854519381548387,0.9854519381548387,1.0005287112400703,1.0080093291509198
244,1.0028228980458571,1.0028228980458571,0.9970273541964391,1.0076585281691148,1.0128253758240402,1.0128253758240402,1.0168565967650514,0.9745135407676999,1.0300382806661534,1.0300382806661534,0.9924184286534362,1.0370754938486322,0.9406454827630961,0.9406454827630961,1.0633859645452057,1.0046476047099504,0.9866175492085197,0.9866175492085197,0.9014973507553199,1.0324832437090261,0.9904316969326441,0.9904316969326441,0.9971859191941608,0.9966537899011921,0.9843886193124382,0.9843886193124382,1.0036448903518982,1.0084949822106559
245,1.0041318411805555,1.0041318411805555,0.9972266898714548,1.0082996459004108,1.0133409362607411,1.0133409362607411,1.0168820307617321,0.9758102653668157,1.0268364303805120,1.0268364303805120,0.9953625385545917,1.0382660416571312,0.9461007278782658,0.9461007278782658,1.0590377898320293,1.0051603560966613,0.9962540746438547,0.9962540746438547,0.9237392016535657,1.0284698786013748,0.9899213382349777,0.9899213382349777,0.9996234201316504,1.0037341958546808,0.9888483735981932,0.9888483735981932,1.0058694782898199,1.0084086133355363
246,1.0054238607872801,1.0054238607872801,0.9970549886997763,1.0089396301538747,1.0133455150558537,1.0133455150558537,1.0163934069896792,0.9783283372087919,1.0230989375952819,1.0230989375952819,0.9968774911523248,1.0395110986123575,0.9515653543263938,0.9515653543263938,1.0478190231442486,1.0059096043260041,0.9993011787453697,0.9993011787453697,0.9469281174903973,1.0217334372603424,0.9894514177947769,0.9894514177947769,1.0012275475592194,1.0102529832056264,0.9925736469352310,0.9925736469352310,1.0076383189397584,1.0079625512181940
247,1.0063039250214978,1.0063039250214978,0.9965815976426082,1.0094192953027905,1.0131560302425264,1.0131560302425264,1.0153283425615116,0.9815446697051279,1.0197033080247981,1.0197033080247981,0.9992621565654045,1.0415196534260132,0.9625287820784256,0.9625287820784256,1.0421669704127219,1.0093689342251571,1.0073145055853370,1.0073145055853370,0.9651314862709173,1.0181652259208989,0.9882310655536812,0.9882310655536812,1.0027939996056223,1.0159382983526661,0.9961271122109880,0.9961271122109880,1.0090347128823918,1.0075116456943236
248,1.0068469663715260,1.0068469663715260,0.9961001588014493,1.0098683112111311,1.0118289229707764,1.0118289229707764,1.0146647177078196,0.9839983086160540,1.0125551604167824,1.0125551604167824,0.9990063238731447,1.0400891766188947,0.9687586572578548,0.9687586572578548,1.0317687688717947,1.0066330305430662,1.0106300178878223,1.0106300178878223,0.9776898549684748,1.0099898373438885,0.9847795595707084,0.9847795595707084,1.0017220646939367,1.0201041790912184,0.9985552614467383,0.9985552614467383,1.0096403137281127,1.0055964690097765
249,1.0073328959120915,1.0073328959120915,0.9954323514189162,1.0106575744950601,1.0112073366680274,1.0112073366680274,1.0139385834294494,0.9869249301573150,1.0060589073893100,1.0060589073893100,1.0000981429547118,1.0411763271585686,0.9781667940244660,0.9781667940244660,1.0257560777582257,1.0091930986177238,1.0122216785195759,1.0122216785195759,0.9826622540516694,1.0019253265504724,0.9796151602719948,0.9796151602719948,1.0000373311954640,1.0208355119077348,1.0004493724719317,1.0004493724719317,1.0099377399199618,1.0032161065640470
250,1.0083023489976788,1.0083023489976788,0.9952296606114197,1.0116855028712803,1.0113971782705842,1.0113971782705842,1.0143771617005710,0.9896780540909128,0.9997850900557095,0.9997850900557095,1.0021800101480425,1.0412155264092677,0.9940199065333329,0.9940199065333329,1.0233473087696374,1.0086856755827531,1.0153030046667146,1.0153030046667146,0.9892802041452915,1.0047021990418199,0.9779253523982554,0.9779253523982554,1.0005403604496979,1.0254846303711160,1.0029573300905958,1.0029573300905958,1.0110981988720864,1.0016940270028740
251,1.0091092342657548,1.0091092342657548,0.9955169324951681,1.0125928065366265,1.0115351367726773,1.0115351367726773,1.0150816897354920,0.9928286884047299,0.9933506419320357,0.9933506419320357,1.0059638784729963,1.0406341201644635,1.0031311911213396,1.0031311911213396,1.0233953118307284,1.0038975367341862,1.0211858414114805,1.0211858414114805,1.0003035469814365,1.0090568213278663,0.9787777319900014,0.9787777319900014,1.0047916090101643,1.0307239368598897,1.0061132401951312,1.0061132401951312,1.0130749472728984,1.0010253869197294
252,1.0097404206897955,1.0097404206897955,0.9953663142505639,1.0130359056906844,1.0107809735387141,1.0107809735387141,1.0153686763249046,0.9956034481384448,0.9853641781852768,0.9853641781852768,1.0078660932784984,1.0399547157929114,1.0105833199661747,1.0105833199661747,1.0205401554022517,1.0051874077285743,1.0215857696309263,1.0215857696309263,1.0089512154249993,1.0104132262138352,0.9773467444576255,0.9773467444576255,1.0058923370913464,1.0346636306652088,1.0081447263056682,1.0081447263056682,1.0142305006769485,0.9996588588275672
253,1.0098915498335801,1.0098915498335801,0.9954122659636604,1.0133328768826499,1.0098846892616467,1.0098846892616467,1.0155001485764035,0.9987793874816384,0.9752840152350215,0.9752840152350215,1.0097482645281743,1.0389156398059820,1.0199760445429262,1.0199760445429262,1.0193060254213842,1.0056382682604543,1.0181353822074535,1.0181353822074535,1.0168642408706483,1.0068339270960323,0.9752286938879693,0.9752286938879693,1.0066924763259359,1.0365609808070366,1.0100534966202717,1.0100534966202717,1.0152086107210332,0.9976387208363894
254,1.0096926066258216,1.0096926066258216,0.9955016303706787,1.0130106744741456,1.0084455204393821,1.0084455204393821,1.0148172584192554,1.0013242826547537,0.9777146983187536,0.9777146983187536,1.0092473975169041,1.0378335186041336,1.0235871876366063,1.0235871876366063,1.0122729615477031,1.0099845637877787,1.0101294365930127,1.0101294365930127,1.0201117902305532,1.0067505634291076,0.9852389443729490,0.9852389443729490,1.0052547423303146,1.0368812395963360,1.0108685293235768,1.0108685293235768,1.0155056307210035,0.9949070083067794
255,1.0091394723283873,1.0091394723283873,0.9954517567797502,1.0126169949535599,1.0061480356605612,1.0061480356605612,1.0133051060867484,1.0031369135402846,0.9790800600343765,0.9790800600343765,1.0078930892116220,1.0342281490308645,1.0229358550912255,1.0229358550912255,1.0019383538056570,1.0083266266500923,1.0029273735404780,1.0029273735404780,1.0237291263343746,1.0043342490636702,0.9936260868686293,0.9936260868686293,1.0037555730373107,1.0376541683082965,1.0115479710335560,1.0115479710335560,1.0159040424630212,0.9925651743787862
256,1.0083056317543098,1.0083056317543098,0.9952947909872096,1.0117478441520364,1.0030771804942533,1.0030771804942533,1.0121514022820890,1.0038766111802486,0.9785063897055082,0.9785063897055082,1.0049714635944929,1.0286414422368781,1.0180133356690371,1.0180133356690371,0.9928107973946323,1.0032622332574461,0.9947107274882757,0.9947107274882757,1.0257165246458448,1.0091130815365790,1.0010755575858408,1.0010755575858408,1.0012407228398630,1.0383541191681080,1.0118095783930481,1.0118095783930481,1.0156846676029549,0.9902403079975332
257,1.0073641738541537,1.0073641738541537,0.9955223732505422,1.0106762088706172,1.0002910728655627,1.0002910728655627,1.0109269324941275,1.0054532410355561,0.9798778699517078,0.9798778699517078,1.0032151747507800,1.0251303727478382,1.0129943225364217,1.0129943225364217,0.9831162304671319,1.0026961983533311,0.9813117900958399,0.9813117900958399,1.0261019246078376,1.0118891327110109,1.0071289013374567,1.0071289013374567,0.9985345349993614,1.0386372969189421,1.0116852866491657,1.0116852866491657,1.0151824582131461,0.9882096707509139
258,1.0068157292090494,1.0068157292090494,0.9961404203912171,1.0100213533879983,0.9984571762256715,0.9984571762256715,1.0105472889690461,1.0080411863898984,0.9843818829535991,0.9843818829535991,1.0038039079772583,1.0241034263403703,1.0097711645700826,1.0097711645700826,0.9770140977525561,1.0125306961732690,0.9708505804630237,0.9708505804630237,1.0317226831153654,1.0085960625382639,1.0130002729304786,1.0130002729304786,0.9969953957538431,1.0386595751476408,1.0120944978882349,1.0120944978882349,1.0158317403085997,0.9864336092009662
259,1.0063149151197843,1.0063149151197843,0.9966624381995405,1.0095762819825127,0.9958978973496678,0.9958978973496678,1.0099557903745979,1.0097368447771358,0.9873305499929773,0.9873305499929773,1.0028533552854619,1.0206391740696183,1.0027619686599150,1.0027619686599150,0.9629528933960749,1.0200067835382631,0.9607409855734786,0.9607409855734786,1.0390206299436335,1.0121347064687491,1.0196109984109514,1.0196109984109514,0.9957583257235293,1.0399365395321525,1.0129833622661959,1.0129833622661959,1.0168656548677220,0.9849907427723651
260,1.0053328815320768,1.0053328815320768,0.9969744428504267,1.0090917655484761,0.9925376563857583,0.9925376563857583,1.0086817496005684,1.0105805777191241,0.9889981206492300,0.9889981206492300,1.0013142172901084,1.0150591977130161,1.0004219961820655,1.0004219961820655,0.9481503084294117,1.0239382873762577,0.9503978755490894,0.9503978755490894,1.0456615889902106,1.0093524954174509,1.0226533962757738,1.0226533962757738,0.9939716688461455,1.0392214898063792,1.0133298626708518,1.0133298626708518,1.0177759933591100,0.9833732949742654
261,1.0042443112773058,1.0042443112773058,0.9970762529853631,1.0085097020122238,0.9889297739641049,0.9889297739641049,1.0069639108919195,1.0110263258115926,0.9899816550769739,0.9899816550769739,0.9993708799125055,1.0092344109416702,0.9939012996809333,0.9939012996809333,0.9228157698028842,1.0304126446140562,0.9438675040194827,0.9438675040194827,1.0557378668877699,1.0074922126038153,1.0259044152657957,1.0259044152657957,0.9921190615471133,1.0379918944131206,1.0129913609454073,1.0129913609454073,1.0183079484926565,0.9814189960640851
262,1.0027435409725154,1.0027435409725154,0.9969051185590360,1.0076490976335530,0.9840916228140886,0.9840916228140886,1.0044655585015496,1.0107982958656230,0.9891661091659461,0.9891661091659461,0.9958529030384549,1.0013194905387039,0.9866649414941360,0.9866649414941360,0.9003905449045256,1.0347499229307431,0.9412371036499741,0.9412371036499741,1.0627527214198622,1.0060117888636042,1.0296359678019051,1.0296359678019051,0.9904383990623227,1.0374293876419916,1.0128069155656700,1.0128069155656700,1.0184707064539278,0.9807650111916607
263,1.0010486802306386,1.0010486802306386,0.9963846422980686,1.0064600340487457,0.9855293347469993,0.9855293347469993,1.0020165240226540,1.0104753087969176,0.9906423789294885,0.9906423789294885,0.9945497021024563,0.9946081350539033,0.9874154481307887,0.9874154481307887,0.8958729234885239,1.0402856705158094,1.0070601888149178,1.0070601888149178,1.0689232295533455,1.0059933092330053,1.0322367984875080,1.0322367984875080,0.9885574427043776,1.0365921407215952,1.0117605455974352,1.0117605455974352,1.0179044749749186,0.9810371481429696
264,0.9991949830033220,0.9991949830033220,0.9959641625869128,1.0049841325637905,0.9867180969949910,0.9867180969949910,0.9987343679808433,1.0102623353434270,0.9905856857094626,0.9905856857094626,0.9905785633592308,0.9877034459062203,0.9808022784904976,0.9808022784904976,0.8938654108567469,1.0416480890685089,1.0402502049058961,1.0402502049058961,1.0748562524224028,0.9963264091374245,1.0313336774041149,1.0313336774041149,0.9849118869613621,1.0329628618370807,1.0096080980481150,1.0096080980481150,1.0164769917307948,0.9809515917102353
265,0.9971634460037322,0.9971634460037322,0.9954550665726026,1.0035446157172401,0.9879129543923209,0.9879129543923209,0.9959580764177907,1.0092863519916593,0.9904294695553749,0.9904294695553749,0.9882548421896959,0.9807156247627148,0.9748893583460120,0.9748893583460120,0.8951865207431809,1.0387949616481293,1.0580436555687176,1.0580436555687176,1.0793286176529904,0.9921241411392054,1.0297769594275505,1.0297769594275505,0.9802985402384895,1.0291059897524055,1.0072909788055842,1.0072909788055842,1.0144645296901800,0.9811377347598330
266,0.9948034090533181,0.9948034090533181,0.9945363950276989,1.0017174721217266,0.9886287627841072,0.9886287627841072,0.9926731365554476,1.0080188863327602,0.9906720421853217,0.9906720421853217,0.9859394047037499,0.9738045749818994,0.9634501629939591,0.9634501629939591,0.8954162789842999,1.0297425019143982,1.0715506272620439,1.0715506272620439,1.0816221172135914,0.9904815073081806,1.0274191456263708,1.0274191456263708,0.9762638696059055,1.0251437956762413,1.0047763308418545,1.0047763308418545,1.0122991520299716,0.9813589378231371
267,0.9923922956720918,0.9923922956720918,0.9938128879120242,0.9995458646130895,0.9890687433690148,0.9890687433690148,0.9899650802297587,1.0061228437441470,0.9903740155314152,0.9903740155314152,0.9856052468247010,0.9653810258108989,0.9652553994931935,0.9652553994931935,0.8974763077854755,1.0274295873858532,1.0755291078209257,1.0755291078209257,1.0790903106402443,0.9865190638492911,1.0227476747419333,1.0227476747419333,0.9703878424757376,1.0194001574587210,1.0022041459105622,1.0022041459105622,1.0095625436060922,0.9806736426710927
268,0.9896535794909216,0.9896535794909216,0.9925492951462214,0.9969143598089255,0.9880818346276415,0.9880818346276415,0.9859312293756003,1.0032161499135199,0.9896011444349150,0.9896011444349150,0.9821400044720674,0.9531850295056304,0.9668033194312898,0.9668033194312898,0.8970426391053635,1.0226689100424098,1.0713506631523211,1.0713506631523211,1.0731893359556599,0.9776533584047927,1.0172479942587178,1.0172479942587178,0.9618379735592324,1.0133926591571123,0.9988931982097105,0.9988931982097105,1.0067132638041474,0.9794648533928251
269,0.9868445185248005,0.9868445185248005,0.9913971925259579,0.9942339794406487,0.9873663235602133,0.9873663235602133,0.9821077784118940,1.0002527728170896,0.9895448384636598,0.9895448384636598,0.9803618969974737,0.9422201855157175,0.9707059539418842,0.9707059539418842,0.8950055861282997,1.0212868175755918,1.0555434331766795,1.0555434331766795,1.0660154731236837,0.9635669519868398,1.0101145152123898,1.0101145152123898,0.9534846975943525,1.0058521078620304,0.9947561861699121,0.9947561861699121,1.0032217633963334,0.9774769006192208
270,0.9837229635951554,0.9837229635951554,0.9897757794150570,0.9913886100391562,0.9853108310763352,0.9853108310763352,0.9773186897010743,0.9967538780364773,0.9859889653518733,0.9859889653518733,0.9762774492965892,0.9286221873307254,0.9626869245482917,0.9626869245482917,0.8897982797063676,1.0116191381524495,1.0332977614802639,1.0332977614802639,1.0537295139941445,0.9450425596159158,1.0012707767598115,1.0012707767598115,0.9428857024456203,0.9966657061630543,0.9904387429574156,0.9904387429574156,0.9990374871165082,0.9753855801759724
271,0.9811858005152142,0.9811858005152142,0.9885824857426494,0.9886921116161094,0.9839531588605871,0.9839531588605871,0.9731140134960751,0.9936783363973352,0.9841721490194050,0.9841721490194050,0.9737722267027105,0.9200702421234725,0.9651461739737521,0.9651461739737521,0.8917360443006621,1.0108625122053125,0.9621581808746016,0.9621581808746016,1.0108864327181613,0.8918483269489252,0.9833147185545924,0.9833147185545924,0.9286555111294057,0.9790588741564724,0.9839519627911671,0.9839519627911671,0.9933524255812051,0.9715788813794055
272,0.9836817354342364,0.9836817354342364,0.9912392746012270,0.9897667392790050,0.9903705483379026,0.9903705483379026,0.9764527949782571,0.9991853117841254,1.0014522734631914,1.0014522734631914,0.9909506634675740,0.9354952951952981,1.0327473891750376,1.0327473891750376,0.9415258859988637,1.0539373175479287,0.9562230045306466,0.9562230045306466,1.0130246218463173,0.8881166735432947,0.9853440683487737,0.9853440683487737,0.9356673510768514,0.9810476316486088,0.9852463512846945,0.9852463512846945,0.9962087668727350,0.9756232820692561
273,0.9868617886792508,0.9868617886792508,0.9941632045486690,0.9913989473569834,0.9950402652391350,0.9950402652391350,0.9785535988160315,1.0030069722144359,1.0107862854821228,1.0107862854821228,1.0014042283876741,0.9464530389435749,1.0563970594673464,1.0563970594673464,0.9640114224355160,1.0666651103629048,0.9640618660399832,0.9640618660399832,1.0221702697716875,0.8926100983880629,0.9891544057658070,0.9891544057658070,0.9469892102186455,0.9854024702538309,0.9871586303135989,0.9871586303135989,0.9995073261381316,0.9800134707374261
274,0.9895771993273198,0.9895771993273198,0.9968644262428011,0.9925155590387738,0.9987605362680971,0.9987605362680971,0.9793012128005536,1.0061168337996700,1.0169492722175579,1.0169492722175579,1.0085602215863501,0.9573422209835534,1.0698867461659682,1.0698867461659682,0.9770875383331995,1.0752560528612751,0.9651348278233619,0.9651348278233619,1.0257083071626465,0.8957335666177565,0.9899582129678389,0.9899582129678389,0.9561045799447958,0.9876532374788352,0.9881982207321673,0.9881982207321673,1.0021713199522981,0.9841992051545438
275,0.9923055982733638,0.9923055982733638,0.9994628403301783,0.9936843787095028,1.0024021055395074,1.0024021055395074,0.9799933718147008,1.0089762388566494,1.0227099849300225,1.0227099849300225,1.0167009376716254,0.9666324433992575,1.0749205013932321,1.0749205013932321,0.9855065367399161,1.0800700137221224,0.9683637784810343,0.9683637784810343,1.0298984018453783,0.8992594801360512,0.9906830803530945,0.9906830803530945,0.9653472613715468,0.9890416670208890,0.9888518228427603,0.9888518228427603,1.0045959417677508,0.9882286069080494
276,0.9948042042552350,0.9948042042552350,1.0017490003987146,0.9945534388327997,1.0046918896174570,1.0046918896174570,0.9795022172967095,1.0113396337065612,1.0277171115347663,1.0277171115347663,1.0231686455178379,0.9745260630773153,1.0739729867644581,1.0739729867644581,0.9933474470006745,1.0817086868189012,0.9701661395505495,0.9701661395505495,1.0317543204256783,0.9019784497848550,0.9921199554478599,0.9921199554478599,0.9728455504447762,0.9906838167223415,0.9886322903200131,0.9886322903200131,1.0064184309912165,0.9915503400961293
277,0.9970998298503854,0.9970998298503854,1.0035798372518874,0.9952899727279875,1.0077479974956103,1.0077479974956103,0.9783840388381601,1.0128073254104026,1.0302442970121490,1.0302442970121490,1.0279265123176025,0.9798277247539533,1.0612840638433361,1.0612840638433361,0.9999189429792505,1.0768328351032230,0.9793658306388054,0.9793658306388054,1.0384462278680835,0.8977359372577757,0.9900395542903268,0.9900395542903268,0.9770509815967124,0.9905639139632324,0.9874936530596091,0.9874936530596091,1.0070845231813457,0.9945145986346543
278,0.9990961332881213,0.9990961332881213,1.0052799826270133,0.9958323192010090,1.0097208338079755,1.0097208338079755,0.9768379428757545,1.0143080085462937,1.0312495173710503,1.0312495173710503,1.0314214132159418,0.9835286517459079,1.0369348141504333,1.0369348141504333,1.0017114675425520,1.0673143495288120,0.9868919965940118,0.9868919965940118,1.0444774496613585,0.8996910821751529,0.9913850947001273,0.9913850947001273,0.9847719921275625,0.9930146671481829,0.9868002062272930,0.9868002062272930,1.0081037210962447,0.9977240897824194
279,1.0009565387572492,1.0009565387572492,1.0065478146480449,0.9963231151022345,1.0117106473411803,1.0117106473411803,0.9754999058638082,1.0157323653873276,1.0316066381873608,1.0316066381873608,1.0354969855415528,0.9882787873612936,1.0066344488860008,1.0066344488860008,1.0067132223951973,1.0633664507623855,0.9887641437957794,0.9887641437957794,1.0382140839677361,0.8986763451260374,0.9903777792560235,0.9903777792560235,0.9899565390792351,0.9952262069273059,0.9855695990233896,0.9855695990233896,1.0081921771892297,1.0007908410526352
280,1.0027440914969195,1.0027440914969195,1.0076212530135256,0.9968083342925268,1.0126356234187908,1.0126356234187908,0.9742769861577339,1.0165947607884811,1.0285728538681895,1.0285728538681895,1.0366934600898869,0.9915885354156105,0.9394935890948765,0.9394935890948765,1.0063964842485118,1.0593660882249762,0.9893553128584164,0.9893553128584164,1.0344697877485036,0.9037381212763402,0.9898245033272542,0.9898245033272542,0.9967499506380338,0.9969414825090052,0.9843589736500815,0.9843589736500815,1.0084397980076354,1.0034730570923067
281,1.0042638446987502,1.0042638446987502,1.0086125133030446,0.9971289725016230,1.0132089837106790,1.0132089837106790,0.9759037812812495,1.0164911366931841,1.0253799877540277,1.0253799877540277,1.0373787130224652,0.9939586848267534,0.9462548497768641,0.9462548497768641,1.0051914843303575,1.0523445502507596,0.9959427211307292,0.9959427211307292,1.0325814101095709,0.9202412527181882,0.9895907825939726,0.9895907825939726,1.0043758474855864,0.9989029288171222,0.9888262211223099,0.9888262211223099,1.0089076685609233,1.0060226887842456
282,1.0055403680629929,1.0055403680629929,1.0092383588597555,0.9970440750120115,1.0132113920379784,1.0132113920379784,0.9785167448283039,1.0158985561677583,1.0220247095054475,1.0220247095054475,1.0386223749826704,0.9959151712017444,0.9508054663567828,0.9508054663567828,1.0044648738928188,1.0412033766347910,0.9975155931884150,0.9975155931884150,1.0236765344419065,0.9435440669035634,0.9879448990343765,0.9879448990343765,1.0101255251547510,0.9991394037031429,0.9923122774546744,0.9923122774546744,1.0079891124953724,1.0071597331503299
283,1.0062410021211041,1.0062410021211041,1.0095609503138070,0.9966446147544830,1.0126117780052826,1.0126117780052826,0.9811009211403091,1.0151258670957446,1.0175169014656038,1.0175169014656038,1.0392614020023654,0.9985531328520980,0.9549741286662621,0.9549741286662621,1.0017410078878386,1.0413615876941598,1.0043291353700452,1.0043291353700452,1.0175015066926640,0.9611789730549876,0.9866296485837119,0.9866296485837119,1.0153770587861000,1.0005196916998251,0.9955158228160756,0.9955158228160756,1.0070607453336728,1.0084291431296584
284,1.0069278526793233,1.0069278526793233,1.0100055507071208,0.9961868483972799,1.0118691806888440,1.0118691806888440,0.9840281400642619,1.0146325455480483,1.0126667655124890,1.0126667655124890,1.0399527937361743,1.0001083816138003,0.9689583456308213,0.9689583456308213,1.0040476165156438,1.0348507517406000,1.0063281054467712,1.0063281054467712,1.0094586450124845,0.9748773072303608,0.9841818945202385,0.9841818945202385,1.0196845613538086,1.0011164669755637,0.9984381655406597,0.9984381655406597,1.0055521799414400,1.0095720933269285
285,1.0072754782557374,1.0072754782557374,1.0104398136652242,0.9955226303877692,1.0115332933616579,1.0115332933616579,0.9869338792820627,1.0141738918905978,1.0078535730920961,1.0078535730920961,1.0419025657608505,1.0019477879626464,0.9837634292292194,0.9837634292292194,1.0116579479701362,1.0329427919443255,1.0115056996434877,1.0115056996434877,1.0025259653123735,0.9816215510820908,0.9800423184169450,0.9800423184169450,1.0213700350365871,0.9996569839466304,1.0003990610770395,1.0003990610770395,1.0034606354665809,1.0099741273165417
286,1.0082294350988426,1.0082294350988426,1.0117499928989169,0.9952913782404990,1.0119352461611826,1.0119352461611826,0.9901905380585443,1.0149768837352899,1.0017577352934948,1.0017577352934948,1.0425381905533575,1.0047793051584335,0.9999670015335947,0.9999670015335947,1.0120485369800385,1.0311729594200905,1.0176576156097263,1.0176576156097263,1.0012703338796978,0.9915594857597906,0.9781775104979675,0.9781775104979675,1.0254286136222490,1.0017028802844656,1.0031918489862897,1.0031918489862897,1.0017214155782637,1.0113763716258752
287,1.0090830741616703,1.0090830741616703,1.0126095415687564,0.9955701684480404,1.0116467226042192,1.0116467226042192,0.9927991044345306,1.0152609643213286,0.9942064617152131,0.9942064617152131,1.0407219929265481,1.0067921497014110,1.0066371292668461,1.0066371292668461,1.0051562000290428,1.0288260254150492,1.0254058893512354,1.0254058893512354,1.0070776292558234,1.0041404182716094,0.9792412225923295,0.9792412225923295,1.0307945057288470,1.0061272920955906,1.0063873361987454,1.0063873361987454,1.0009259044064518,1.0131352781423784
288,1.0096832069313688,1.0096832069313688,1.0129742535373283,0.9955865585374901,1.0110000421256584,1.0110000421256584,0.9956234801704125,1.0156581583886808,0.9848922768333401,0.9848922768333401,1.0401286740895117,1.0077317483445851,1.0113405275549405,1.0113405275549405,1.0054335510486794,1.0220012265820164,1.0256783236752203,1.0256783236752203,1.0061991803019421,1.0145994785322017,0.9771228621509686,0.9771228621509686,1.0336624238401699,1.0076993504927985,1.0083165046320817,1.0083165046320817,0.9994528339353179,1.0148707175730582
289,1.0098021202026251,1.0098021202026251,1.0131774884203621,0.9955999562454635,1.0098383661266768,1.0098383661266768,0.9984785095664729,1.0153011993180374,0.9744312934420094,0.9744312934420094,1.0386066211915599,1.0095198998241208,1.0148866714131246,1.0148866714131246,1.0057121329160361,1.0192075307772028,1.0185460467549379,1.0185460467549379,1.0051284422412246,1.0195433957051285,0.9749311395835163,0.9749311395835163,1.0356965243309888,1.0072289912124661,1.0097959034678186,1.0097959034678186,0.9973830051032087,1.0152825946146478
290,1.0096095589999941,1.0096095589999941,1.0129513570251294,0.9954980792579297,1.0082464915141642,1.0082464915141642,1.0008186270670454,1.0149280450285931,0.9767866953647235,0.9767866953647235,1.0366967883556146,1.0097999156036435,1.0225673027250122,1.0225673027250122,1.0063616102297706,1.0140894439939419,1.0128410304433149,1.0128410304433149,1.0039422485415730,1.0234278140570443,0.9849165228641926,0.9849165228641926,1.0367127233644464,1.0057843109932996,1.0109026054811101,1.0109026054811101,0.9949679756652008,1.0156052904805528
291,1.0090193560593597,1.0090193560593597,1.0125444565325945,0.9954626014017903,1.0061168463354113,1.0061168463354113,1.0026345954494551,1.0136048450424922,0.9787328527865952,0.9787328527865952,1.0334414486282002,1.0083863018704109,1.0225874055813511,1.0225874055813511,1.0059455837003159,1.0050267374299406,1.0025549571616317,1.0025549571616317,1.0029610810477152,1.0265652446743017,0.9935868880979828,0.9935868880979828,1.0368519520323709,1.0032934421938817,1.0114046787096878,1.0114046787096878,0.9923077625600599,1.0156885033294833
292,1.0082952125702200,1.0082952125702200,1.0116897365331496,0.9953861143176916,1.0031299258353552,1.0031299258353552,1.0037721973830818,1.0122533666860627,0.9783352257488728,0.9783352257488728,1.0278913066623507,1.0052056894608501,1.0148685788424197,1.0148685788424197,1.0008408479217403,0.9918001289174210,0.9910476265655340,0.9910476265655340,1.0089877832252310,1.0274945647642040,1.0006294972669028,1.0006294972669028,1.0377067908871602,1.0012752271103098,1.0118675613836152,1.0118675613836152,0.9899644416114201,1.0155713553870722
293,1.0072956233709638,1.0072956233709638,1.0104902766713182,0.9955407887026367,1.0003432830228203,1.0003432830228203,1.0053821314117828,1.0108218611742299,0.9797569708855051,0.9797569708855051,1.0242488526500888,1.0035221925845961,1.0102663649312311,1.0102663649312311,0.9990335531857956,0.9818410296413997,0.9805729965226693,0.9805729965226693,1.0088127508331106,1.0287359852820008,1.0072448708229464,1.0072448708229464,1.0380036047937933,0.9985523982818503,1.0117177571238833,1.0117177571238833,0.9880230319040613,1.0151122004482123
294,1.0069571120319043,1.0069571120319043,1.0099483320964373,0.9960673798337946,0.9983424982208067,0.9983424982208067,1.0079561531057104,1.0104550015108429,0.9840764211232957,0.9840764211232957,1.0233512563640912,1.0027484141679646,1.0066337787907895,1.0066337787907895,1.0099663529198979,0.9744805265218514,0.9710753723313363,0.9710753723313363,1.0084507706982326,1.0326388832645157,1.0134209237696297,1.0134209237696297,1.0386304668823907,0.9971213366476688,1.0122210792168731,1.0122210792168731,0.9864434141785724,1.0157287817231262
295,1.0062380048215713,1.0062380048215713,1.0094362209968575,0.9965283652680402,0.9956740121081247,0.9956740121081247,1.0095696618130494,1.0096224660443536,0.9871452901810895,0.9871452901810895,1.0198894162386458,1.0021695965529234,1.0064320801321891,1.0064320801321891,1.0210620348356505,0.9604608133464335,0.9616884665229036,0.9616884665229036,1.0102536865119045,1.0390348887440684,1.0188976737466966,1.0188976737466966,1.0389126251397685,0.9953183544181027,1.0129160425274040,1.0129160425274040,0.9847599988052925,1.0170483443958582
296,1.0054581971982532,1.0054581971982532,1.0092305604437195,0.9969970810210997,0.9927480133690143,0.9927480133690143,1.0107813513340220,1.0086529671063638,0.9901679991854195,0.9901679991854195,1.0161562854756723,1.0004871351285749,1.0032591793066974,1.0032591793066974,1.0314663906151791,0.9424272118176502,0.9540985536199669,0.9540985536199669,1.0085703350787656,1.0408738173179006,1.0231813401926826,1.0231813401926826,1.0389069997390443,0.9937796763569183,1.0134813618180003,1.0134813618180003,0.9835639199499525,1.0177538256164003
297,1.0042185589690762,1.0042185589690762,1.0084893708730791,0.9969873104421885,0.9888907055434690,0.9888907055434690,1.0113705722571258,1.0069400064052900,0.9903311083676252,0.9903311083676252,1.0098371662038310,0.9991709278352870,0.9963833323435778,0.9963833323435778,1.0342169249874320,0.9180081955378119,0.9482982523969994,0.9482982523969994,1.0030872194148066,1.0510105106891545,1.0251934921072523,1.0251934921072523,1.0371928069052001,0.9918459853171135,1.0130305217651905,1.0130305217651905,0.9813895435773530,1.0180092450032414
298,1.0026553958985029,1.0026553958985029,1.0076538522061416,0.9966717955528926,0.9842130203494432,0.9842130203494432,1.0108433229751883,1.0046153598816110,0.9904208726326661,0.9904208726326661,1.0020394094114173,0.9963696606273037,0.9897802141314562,0.9897802141314562,1.0372329121846919,0.9014628436374437,0.9417209094322230,0.9417209094322230,1.0034656345160808,1.0583933284426954,1.0284898298340890,1.0284898298340890,1.0361028114964523,0.9896385903247252,1.0123616061981142,1.0123616061981142,0.9803501922961609,1.0181819827534808
299,1.0008716560500752,1.0008716560500752,1.0064927043300689,0.9963622880961059,0.9857118027054788,0.9857118027054788,1.0106324802041968,1.0021678258090219,0.9913851995213848,0.9913851995213848,0.9953031475017196,0.9947144907567437,0.9863908725527154,0.9863908725527154,1.0407555983601338,0.8961558053040038,1.0042700855658317,1.0042700855658317,1.0021113932850274,1.0634337503531948,1.0306276347249206,1.0306276347249206,1.0351253981206194,0.9874354141331204,1.0112638543797769,1.0112638543797769,0.9805294791423453,1.0174434101296277
300,0.9990891395892117,0.9990891395892117,1.0052240108561030,0.9959084662417580,0.9868522497453022,0.9868522497453022,1.0102115222516714,0.9992781179793641,0.9911402259490599,0.9911402259490599,0.9879893945075564,0.9913672445512862,0.9845755846253116,0.9845755846253116,1.0415716503986796,0.8975231423352330,1.0344707053185038,1.0344707053185038,0.9969413637309176,1.0687587585749194,1.0300676965544999,1.0300676965544999,1.0328898934801876,0.9839304048365961,1.0094924294156502,1.0094924294156502,0.9810104415723414,1.0161173479178129
301,0.9971242160425017,0.9971242160425017,1.0035381021242058,0.9952824010960701,0.9874311402702483,0.9874311402702483,1.0090149539376805,0.9958094943401435,0.9894987558599503,0.9894987558599503,0.9797709449271769,0.9879766572875085,0.9764479998074890,0.9764479998074890,1.0368033463303141,0.8974592021143482,1.0561580879569015,1.0561580879569015,0.9943635392516610,1.0772556927243528,1.0294839757307421,1.0294839757307421,1.0296635041095570,0.9802942426455401,1.0074985876466815,1.0074985876466815,0.9811644195399254,1.0146120171688917
302,0.9947591224234882,0.9947591224234882,1.0017336529345970,0.9947553792433362,0.9885090599975929,0.9885090599975929,1.0079281250944427,0.9931250419300164,0.9906714225872886,0.9906714225872886,0.9735162460875293,0.9867656223234551,0.9678674306268297,0.9678674306268297,1.0271969901561004,0.9022538989342879,1.0726021163893449,1.0726021163893449,0.9920223782885109,1.0816103150103995,1.0271789950552164,1.0271789950552164,1.0248481610896265,0.9761339129606504,1.0049486443958733,1.0049486443958733,0.9814539406129030,1.0124147979854912
303,0.9922486699720355,0.9922486699720355,0.9994874144086175,0.9938765258715714,0.9886646795665486,0.9886646795665486,1.0058358941585346,0.9897948684327724,0.9898784920044678,0.9898784920044678,0.9646159458017599,0.9849976621560720,0.9620945603815051,0.9620945603815051,1.0246278006813023,0.8979740028671132,1.0786191572345960,1.0786191572345960,0.9881392066032298,1.0826476382746915,1.0232829781118293,1.0232829781118293,1.0207765552601822,0.9708445729748659,1.0025011972314677,1.0025011972314677,0.9810105353089289,1.0100035939769025
304,0.9896064790696936,0.9896064790696936,0.9969936441829341,0.9927384461196443,0.9882092381150270,0.9882092381150270,1.0033372570592467,0.9858544957833992,0.9893660844311192,0.9893660844311192,0.9536449465032122,0.9816461262212927,0.9634508330891705,0.9634508330891705,1.0250774703817780,0.8958934864490917,1.0780809987916506,1.0780809987916506,0.9814777038486575,1.0811548947807479,1.0191223307326152,1.0191223307326152,1.0149472337597114,0.9636439682060729,0.9993162956316488,0.9993162956316488,0.9797902724140373,1.0075044899517758
305,0.9868150960538776,0.9868150960538776,0.9942637905136463,0.9914503165723264,0.9871777901848314,0.9871777901848314,1.0003353178614631,0.9818734769305898,0.9891309469775693,0.9891309469775693,0.9425249148615297,0.9798231391812300,0.9662766245952104,0.9662766245952104,1.0241383335712042,0.8938203477488648,1.0590850793884823,1.0590850793884823,0.9657067100947870,1.0708399756388278,1.0113467975141170,1.0113467975141170,1.0068158650497159,0.9552035541052822,0.9953022075318528,0.9953022075318528,0.9780397728897017,1.0038710601177772
306,0.9837831134837367,0.9837831134837367,0.9914035174040803,0.9900065831882413,0.9854301473411842,0.9854301473411842,0.9970238368010914,0.9773730407185395,0.9859292515914363,0.9859292515914363,0.9296127970291975,0.9761132629263799,0.9598805658033794,0.9598805658033794,1.0172472274679287,0.8891367265690520,1.0342170595685869,1.0342170595685869,0.9442077196776530,1.0573260271109870,1.0015726692681304,1.0015726692681304,0.9969618654047896,0.9439950885921952,0.9907054944488914,0.9907054944488914,0.9754700780824689,0.9993307883428053
307,0.9811962400890968,0.9811962400890968,0.9886073091890434,0.9888697502619294,0.9840404532920839,0.9840404532920839,0.9939542317837805,0.9732927312567138,0.9841960035436782,0.9841960035436782,0.9195634314913467,0.9746692512836429,0.9632585157635282,0.9632585157635282,1.0103401203442897,0.8917685224555995,0.9609624223392791,0.9609624223392791,0.8921733834445502,1.0127145562111008,0.9838032312970763,0.9838032312970763,0.9795486595182652,0.9289884441351571,0.9839890124353962,0.9839890124353962,0.9717817933321542,0.9935155757307278
308,0.9837221276136532,0.9837221276136532,0.9896741052990049,0.9911789166402493,0.9907566537491481,0.9907566537491481,0.9994334865463210,0.9766726923992560,1.0017456531318500,1.0017456531318500,0.9354916237260106,0.9915616136660738,1.0363826556963245,1.0363826556963245,1.0549677867036360,0.9461578777823528,0.9607933251726678,0.9607933251726678,0.8907916136447830,1.0120160261744575,0.9854287407920872,0.9854287407920872,0.9815562614109357,0.9360286604601296,0.9851838783292167,0.9851838783292167,0.9754411447224886,0.9961499201652317
309,0.9867950936672002,0.9867950936672002,0.9913017299389579,0.9942730164171804,0.9949822572568973,0.9949822572568973,1.0030357503150127,0.9782021283747763,1.0111719852577086,1.0111719852577086,0.9468413796643567,1.0006476301738902,1.0589286791756267,1.0589286791756267,1.0677792703414593,0.9636147877035404,0.9643027624003541,0.9643027624003541,0.8937018353194043,1.0193134269687851,0.9882773913735362,0.9882773913735362,0.9851883457995853,0.9458826688795771,0.9870307703856815,0.9870307703856815,0.9800836054415695,0.9992593246606783
310,0.9894748425677681,0.9894748425677681,0.9926752032935019,0.9968984911192785,0.9992086040755412,0.9992086040755412,1.0063659905296527,0.9794709858102911,1.0180904943447180,1.0180904943447180,0.9580984618925549,1.0085121832377504,1.0761595074389205,1.0761595074389205,1.0759004035998680,0.9800711971171649,0.9635961778112998,0.9635961778112998,0.8960471050241534,1.0231165349460651,0.9889106916700484,0.9889106916700484,0.9870117898369682,0.9547961067664579,0.9880769322098476,0.9880769322098476,0.9842873476860468,1.0018897943699598
311,0.9923449913529364,0.9923449913529364,0.9937804927477346,0.9995770125839110,1.0022320360067547,1.0022320360067547,1.0090293475552050,0.9798454369824909,1.0225069891244380,1.0225069891244380,0.9666870885833018,1.0163873866640647,1.0770500639747342,1.0770500639747342,1.0770249881336309,0.9865512925799147,0.9663071006410996,0.9663071006410996,0.8992889021458197,1.0256794543809216,0.9909517391210828,0.9909517391210828,0.9897997680432628,0.9647367116230398,0.9891063235690497,0.9891063235690497,0.9887148704101986,1.0046355059068253
312,0.9948693700328300,0.9948693700328300,0.9944510658475830,1.0017144570706935,1.0045575584725310,1.0045575584725310,1.0110150973557559,0.9793083061026865,1.0261921258758737,1.0261921258758737,0.9736271143169880,1.0212753113437005,1.0697513869332862,1.0697513869332862,1.0772206929211554,0.9903114694157950,0.9670297897222120,0.9670297897222120,0.8991011326547422,1.0277684739555273,0.9916969031029972,0.9916969031029972,0.9898523211289758,0.9719241418911406,0.9887243494681135,0.9887243494681135,0.9914567280829728,1.0063459471102636
313,0.9971518238218707,0.9971518238218707,0.9954391296933196,1.0034480660755163,1.0072339534131349,1.0072339534131349,1.0125804586216172,0.9779859285300401,1.0288759922058688,1.0288759922058688,0.9798726419355196,1.0258388437335881,1.0556720164487228,1.0556720164487228,1.0740196682832799,0.9924592050403875,0.9797416021201639,0.9797416021201639,0.8980476513087406,1.0365389066378263,0.9910065089448912,0.9910065089448912,0.9912986412625445,0.9773785332058222,0.9878543369958037,0.9878543369958037,0.9947238231005292,1.0072596323159442
314,0.9991876222881431,0.9991876222881431,0.9960115198284809,1.0049964194634886,1.0094270773423120,1.0094270773423120,1.0143860193113552,0.9763666913315199,1.0305252072703919,1.0305252072703919,0.9834831445967969,1.0292227745208320,1.0365267261667532,1.0365267261667532,1.0697441135855998,0.9944843885749509,0.9846085138242573,0.9846085138242573,0.8954143588178967,1.0403535130519237,0.9913849397642750,0.9913849397642750,0.9933449547944093,0.9840423140784312,0.9867496569534653,0.9867496569534653,0.9978736224017077,1.0080716059845354
315,1.0009486479074592,1.0009486479074592,0.9964535131931781,1.0064777163029239,1.0117620547226716,1.0117620547226716,1.0159633067174514,0.9753663835202638,1.0320083700620524,1.0320083700620524,0.9887722765681435,1.0350713027251486,1.0036364429106577,1.0036364429106577,1.0679868733236133,1.0030318845129764,0.9872476374602974,0.9872476374602974,0.8958133176271663,1.0364165304174149,0.9902331466378477,0.9902331466378477,0.9949299114484577,0.9894824946957369,0.9854291612467493,0.9854291612467493,1.0005275239099631,1.0080486701110414
316,1.0027429088889406,1.0027429088889406,0.9969837374741907,1.0075779152257078,1.0126859009677216,1.0126859009677216,1.0167694125674742,0.9743830300786902,1.0297161671387112,1.0297161671387112,0.9923844803430149,1.0367410428832327,0.9406146583833764,0.9406146583833764,1.0632403142316393,1.0042033021494432,0.9867309516734296,0.9867309516734296,0.9016678635316813,1.0320323407224099,0.9901502559568363,0.9901502559568363,0.9969844410261171,0.9964903668813695,0.9842376553928949,0.9842376553928949,1.0035133779197631,1.0082773726425178
317,1.0041333500252181,1.0041333500252181,0.9972608759510549,1.0083187336671005,1.0134320661764555,1.0134320661764555,1.0169954714484202,0.9758477800728664,1.0268765493531533,1.0268765493531533,0.9955437441330931,1.0384091559026085,0.9461737682562973,0.9461737682562973,1.0593089866130643,1.0054771880886100,0.9931043044054686,0.9931043044054686,0.9237617997323606,1.0266038465693308,0.9892095629292464,0.9892095629292464,0.9988773883698163,1.0031411952954328,0.9885837630171384,0.9885837630171384,1.0056683508187689,1.0081632557351601
318,1.0053396917228519,1.0053396917228519,0.9970098757698000,1.0088772208644485,1.0132519470804040,1.0132519470804040,1.0162943599205159,0.9782306281641115,1.0229671181137465,1.0229671181137465,0.9967458397524339,1.0393781909642321,0.9517281874627389,0.9517281874627389,1.0477693789528639,1.0068211623468235,0.9985791606847597,0.9985791606847597,0.9472210707664109,1.0207141829681914,0.9891547931054380,0.9891547931054380,1.0008437619966528,1.0098284386215217,0.9924420106792100,0.9924420106792100,1.0076157284221929,1.0078914937572596
319,1.0063394032608644,1.0063394032608644,0.9965839779730843,1.0094346652621915,1.0131818082643615,1.0131818082643615,1.0154246374444669,0.9815933502553911,1.0197863341612294,1.0197863341612294,0.9993254675756892,1.0416501943269263,0.9625636270294131,0.9625636270294131,1.0420168069908478,1.0106239659966270,1.0070762933069759,1.0070762933069759,0.9650254807376613,1.0174588933735582,0.9879852598239157,0.9879852598239157,1.0023994813706214,1.0156370611739169,0.9960050208472606,0.9960050208472606,1.0089566615506091,1.0074332137563531
320,1.0068014767439246,1.0068014767439246,0.9960744512323071,1.0099282495188835,1.0117519159620652,1.0117519159620652,1.0146463381654420,0.9842366503614947,1.0124145116632755,1.0124145116632755,0.9989794758629422,1.0406250229798675,0.9692109715254803,0.9692109715254803,1.0314306960312909,1.0086610831901051,1.0104716570492498,1.0104716570492498,0.9774158019038168,1.0095643951816531,0.9844772797227584,0.9844772797227584,1.0013660360428380,1.0199014546114653,0.9985084290312802,0.9985084290312802,1.0095706986891968,1.0055693146854352
321,1.0073589540672123,1.0073589540672123,0.9954719102444480,1.0107588620741215,1.0113061078197414,1.0113061078197414,1.0139245694238157,0.9871543835111871,1.0062722040121941,1.0062722040121941,1.0001872665147502,1.0417581771684750,0.9786733860042067,0.9786733860042067,1.0262155942404638,1.0115674941278887,1.0117667266189314,1.0117667266189314,0.9823688899014958,1.0021298344624350,0.9793634669798397,0.9793634669798397,0.9999211962778810,1.0207582412407534,1.0003921923227723,1.0003921923227723,1.0099285224888666,1.0032260746071597
322,1.0082709079372747,1.0082709079372747,0.9952133156754835,1.0117225222572712,1.0113414894183386,1.0113414894183386,1.0142998790464777,0.9897719041186133,0.9997550395511056,0.9997550395511056,1.0020929575089010,1.0415098905937634,0.9941117095772807,0.9941117095772807,1.0232476101042947,1.0095337032558986,1.0150876070854360,1.0150876070854360,0.9894593452790110,1.0049884279868759,0.9780237366645025,0.9780237366645025,1.0005250386345674,1.0254768588959886,1.0030159672482359,1.0030159672482359,1.0110835134733922,1.0017438047228688
323,1.0091145152220744,1.0091145152220744,0.9955179753066148,1.0126453092298016,1.0115822329509778,1.0115822329509778,1.0151389162280238,0.9930298950195604,0.9935321841557251,0.9935321841557251,1.0060108440004853,1.0410664952957605,1.0034052600627601,1.0034052600627601,1.0234383915009382,1.0048398352458157,1.0228989567541733,1.0228989567541733,1.0016323140145758,1.0103869440725388,0.9792079113840726,0.9792079113840726,1.0051533370804178,1.0310188088304393,1.0062643230541422,1.0062643230541422,1.0131860563745072,1.0011338167303898
324,1.0097646233737771,1.0097646233737771,0.9953435310874352,1.0131223447101474,1.0108063055740122,1.0108063055740122,1.0153625076316797,0.9957377862131477,0.9853599958985535,0.9853599958985535,1.0076308218722889,1.0402512988029184,1.0104151260681391,1.0104151260681391,1.0202439313842375,1.0059993665591693,1.0231452212785634,1.0231452212785634,1.0102130099700737,1.0110591919678857,0.9776758282080332,0.9776758282080332,1.0061984773202328,1.0349477705986778,1.0082232560893030,1.0082232560893030,1.0143035839695984,0.9997731007260614
325,1.0099409339115948,1.0099409339115948,0.9954465653923308,1.0133878052183853,1.0099745406826219,1.0099745406826219,1.0154980607110042,0.9989939108681783,0.9753241342076627,0.9753241342076627,1.0098995896765883,1.0393347759450615,1.0207486643215518,1.0207486643215518,1.0194561888432583,1.0070412642610231,1.0186601202403502,1.0186601202403502,1.0178601998342629,1.0075813254891484,0.9754945638106152,0.9754945638106152,1.0069999488865726,1.0366927998280078,1.0101190917367797,1.0101190917367797,1.0153010974872769,0.9977086221293138
326,1.0097595259255925,1.0097595259255925,0.9955099501924382,1.0130164325415318,1.0084101091083491,1.0084101091083491,1.0147581655015943,1.0014386297562492,0.9775707192258190,0.9775707192258190,1.0091786873199946,1.0381291401230857,1.0231154406078531,1.0231154406078531,1.0120891549548079,1.0107657821275637,1.0063180401392349,1.0063180401392349,1.0174061838875657,1.0048102022162098,0.9843568170975504,0.9843568170975504,1.0045328405768503,1.0363720229403666,1.0106461719884687,1.0106461719884687,1.0153427790231448,0.9947667057563859
327,1.0091763370736602,1.0091763370736602,0.9955123758625424,1.0127134765866137,1.0062726442989818,1.0062726442989818,1.0133812499051695,1.0032338318027969,0.9790891991053643,0.9790891991053643,1.0078929412887008,1.0346126714919683,1.0234337358332193,1.0234337358332193,1.0021082107910555,1.0091984269694640,1.0017255758206336,1.0017255758206336,1.0240911064692526,1.0031954931603124,0.9935379283686377,0.9935379283686377,1.0036981347351792,1.0375031056346289,1.0115661985070010,1.0115661985070010,1.0158426762437975,0.9925070222526654
328,1.0082334518880123,1.0082334518880123,0.9953108638853770,1.0118234017843128,1.0031744352917416,1.0031744352917416,1.0121010720722394,1.0040949619524817,0.9784381564721164,0.9784381564721164,1.0051208657449309,1.0291082091635999,1.0173740648374596,1.0173740648374596,0.9922638907242545,1.0036962889876835,0.9934586032307494,0.9934586032307494,1.0255981928877915,1.0083135295193277,1.0009516863718806,1.0009516863718806,1.0011225154062238,1.0380508836100402,1.0117743425757035,1.0117743425757035,1.0155451563153610,0.9900570084962842
329,1.0073820557023860,1.0073820557023860,0.9955354083936258,1.0106675490999812,1.0003166427603472,1.0003166427603472,1.0109472417302829,1.0053800778693709,0.9798277599607833,0.9798277599607833,1.0032204260144835,1.0249051619584439,1.0125366475071058,1.0125366475071058,0.9833636308589082,1.0021748396291934,0.9807394096072708,0.9807394096072708,1.0259585295260301,1.0116681984607381,1.0069934874024959,1.0069934874024959,0.9984050027458432,1.0385127312747566,1.0117112749228867,1.0117112749228867,1.0151880824083905,0.9881777355156127
330,1.0068200926246955,1.0068200926246955,0.9961137153502563,1.0099496495803504,0.9983958084781888,0.9983958084781888,1.0105559567738851,1.0079246883609059,0.9844952693936507,0.9844952693936507,1.0038479890077836,1.0237572155997612,1.0087888049903211,1.0087888049903211,0.9769230150212553,1.0110010493505630,0.9712176286778506,0.9712176286778506,1.0314206906078336,1.0080687770785051,1.0129167625060578,1.0129167625060578,0.9968651233160192,1.0385705362468951,1.0120151949980594,1.0120151949980594,1.0157907774199020,0.9865010731667345
331,1.0063286986196762,1.0063286986196762,0.9966632316430326,1.0095540431474503,0.9958597803669774,0.9958597803669774,1.0099796110207429,1.0094397953635414,0.9873535525699551,0.9873535525699551,1.0029366358901119,1.0200879438517676,1.0026996498052643,1.0026996498052643,0.9629922805231239,1.0183336810917769,0.9612952485084822,0.9612952485084822,1.0392363388775847,1.0128221487270330,1.0197002414619094,1.0197002414619094,0.9957673559720602,1.0400501510971107,1.0130212147518327,1.0130212147518327,1.0169232091323912,0.9849903677989564
332,1.0053689714652256,1.0053689714652256,0.9969615437262275,1.0090224193747188,0.9924858030177303,0.9924858030177303,1.0087602343589825,1.0103342016268566,0.9890267770582595,0.9890267770582595,1.0012690268376738,1.0145587046385232,0.9996185520237202,0.9996185520237202,0.9478692648666145,1.0219213013059103,0.9507508323333652,0.9507508323333652,1.0458193646676148,1.0098962072155202,1.0227714573952702,1.0227714573952702,0.9939987595917384,1.0393220008846940,1.0133670312545486,1.0133670312545486,1.0178352661278816,0.9833762635137503
333,1.0042721637341880,1.0042721637341880,0.9970740313435854,1.0084305625899985,0.9888861267483565,0.9888861267483565,1.0069821006283517,1.0107668859979093,0.9899534633664692,0.9899534633664692,0.9994023135332659,1.0086367333097834,0.9942216051919334,0.9942216051919334,0.9231747670546326,1.0289973524171636,0.9464817998969332,0.9464817998969332,1.0576997910013257,1.0085262506004455,1.0264253096014224,1.0264253096014224,0.9925594712090751,1.0383792099306624,1.0131560623734850,1.0131560623734850,1.0184720187661516,0.9815375501567783
334,1.0027530630057246,1.0027530630057246,0.9968911312837619,1.0075920383594938,0.9840898388679409,0.9840898388679409,1.0044266482827471,1.0105491045888371,0.9891335028194558,0.9891335028194558,0.9958767925902329,1.0006425268752144,0.9867681361566757,0.9867681361566757,0.9004155721415047,1.0331059214822238,0.9433555153761319,0.9433555153761319,1.0641706481457012,1.0067522060629388,1.0299123733625113,1.0299123733625113,0.9907252204808272,1.0377512007263163,1.0129243682901521,1.0129243682901521,1.0186194976636753,0.9808365061215717
335,1.0010233357182636,1.0010233357182636,0.9963982441865036,1.0064172339258122,0.9855326053149369,0.9855326053149369,1.0020094062997023,1.0102847302944253,0.9906508209526891,0.9906508209526891,0.9945462259138075,0.9939487001119527,0.9875367353640335,0.9875367353640335,0.8958963095952092,1.0384986233167210,1.0062207421663831,1.0062207421663831,1.0678512588701481,1.0053181867284540,1.0321041733978897,1.0321041733978897,0.9883197695237794,1.0364204281283032,1.0116296527130884,1.0116296527130884,1.0177568710952785,0.9809215625897613
336,0.9991785488303739,0.9991785488303739,0.9959552986896160,1.0049916135174812,0.9868306639969143,0.9868306639969143,0.9987985540247054,1.0099781598635282,0.9905969933735661,0.9905969933735661,0.9904879605699800,0.9869282622334316,0.9805851676420373,0.9805851676420373,0.8937107343265649,1.0400348281107998,1.0395644219524172,1.0395644219524172,1.0743677230462734,0.9958414214988144,1.0311679735100183,1.0311679735100183,0.9847378696310644,1.0328245295798122,1.0095285870138706,1.0095285870138706,1.0164089389683357,0.9809101259007982
337,0.9971265812584594,0.9971265812584594,0.9954396510990430,1.0035038785239605,0.9879096838243833,0.9879096838243833,0.9959510852321358,1.0091890857849932,0.9902887433521140,0.9902887433521140,0.9881365778141761,0.9806401846953314,0.9748391012051647,0.9748391012051647,0.8952045731764117,1.0382678646990404,1.0544738264958131,1.0544738264958131,1.0774480466230960,0.9907147613121862,1.0289998011921244,1.0289998011921244,0.9798206032322228,1.0286178671003534,1.0071532766367040,1.0071532766367040,1.0143140199763301,0.9810297424181493
338,0.9947992903151848,0.9947992903151848,0.9945262616208148,1.0016830370651926,0.9885614188170294,0.9885614188170294,0.9926304302177376,1.0080970788735337,0.9907415920645337,0.9907415920645337,0.9860173600832358,0.9739908823639960,0.9639078380232751,0.9639078380232751,0.8955619292978664,1.0297748818980514,1.0707346663310944,1.0707346663310944,1.0813156050903008,0.9901000056009251,1.0272534417322743,1.0272534417322743,0.9763113154199085,1.0251803586163646,1.0047297660401990,1.0047297660401990,1.0122904970184008,0.9813755303964687
339,0.9923214003627370,0.9923214003627370,0.9938092607417748,0.9995508972546633,0.9890689514960654,0.9890689514960654,0.9899418290014498,1.0061036751843941,0.9902071113112570,0.9902071113112570,0.9855440067353135,0.9654344255448702,0.9651602459731894,0.9651602459731894,0.8973954821185105,1.0273947481629351,1.0755727241535833,1.0755727241535833,1.0793577897183440,0.9864381641331131,1.0226313179168127,1.0226313179168127,0.9702982801747336,1.0193255512974977,1.0021676017590713,1.0021676017590713,1.0095454835471838,0.9806747988391026
340,0.9896367579119116,0.9896367579119116,0.9925457586552283,0.9969512885166898,0.9881718049783600,0.9881718049783600,0.9858973173800260,1.0033413149150738,0.9896937743408589,0.9896937743408589,0.9822572333871388,0.9535230305918478,0.9667477015287522,0.9667477015287522,0.8968547296867341,1.0230066455681091,1.0707668753152106,1.0707668753152106,1.0732427495964478,0.9778209070555572,1.0170796564551310,1.0170796564551310,0.9617280561898184,1.0133231599652581,0.9988589436429753,0.9988589436429753,1.0066623023461259,0.9794609474198186
341,0.9867746630948754,0.9867746630948754,0.9913142663461323,0.9942437046804466,0.9873550549670466,0.9873550549670466,0.9820151531105493,1.0002199711727602,0.9892750035202580,0.9892750035202580,0.9802831280419210,0.9422894128716693,0.9706376042303319,0.9706376042303319,0.8947840335386493,1.0216483257475175,1.0556118772679270,1.0556118772679270,1.0662135144687588,0.9638121150861203,1.0100519985959635,1.0100519985959635,0.9532711544221240,1.0057794260660766,0.9947458681710779,0.9947458681710779,1.0031556478566810,0.9775032737489606
342,0.9837717359793881,0.9837717359793881,0.9897448804584953,0.9913617012754262,0.9852571342972879,0.9852571342972879,0.9774014450932593,0.9968749626020442,0.9861998610323794,0.9861998610323794,0.9764654593294670,0.9288293516726280,0.9627840883539298,0.9627840883539298,0.8901269160476823,1.0123667468889490,1.0322174184713584,1.0322174184713584,1.0528502432919435,0.9449078636417717,1.0014318325783373,1.0014318325783373,0.9429557238809507,0.9967794657561102,0.9904149847987166,0.9904149847987166,0.9990451110256174,0.9754272022243298
343,0.9811348668129511,0.9811348668129511,0.9885771583363456,0.9886555909603646,0.9838766275708485,0.9838766275708485,0.9730904459245240,0.9936589147872886,0.9841099568668357,0.9841099568668357,0.9736208275928360,0.9200371076625042,0.9657774036627940,0.9657774036627940,0.8915612639243823,1.0112658274447399,0.9638189566181051,0.9638189566181051,1.0119066332572104,0.8928146063000255,0.9838559869548040,0.9838559869548040,0.9290848180267801,0.9794194706023857,0.9839318917559708,0.9839318917559708,0.9934501615963437,0.9716550947247083
344,0.9837210265648452,0.9837210265648452,0.9912572064241472,0.9898275390299097,0.9904663165136012,0.9904663165136012,0.9765453886452776,0.9992727722919083,1.0016120523059693,1.0016120523059693,0.9910023625285425,0.9356982437687292,1.0332157857277344,1.0332157857277344,0.9411800177894649,1.0547373900554107,0.9589587551190361,0.9589587551190361,1.0147120820210553,0.8894989499121020,0.9857959387621750,0.9857959387621750,0.9360592786667821,0.9813456122092095,0.9853795634886642,0.9853795634886642,0.9962984102958271,0.9757197127308405
345,0.9868739409957235,0.9868739409957235,0.9940921346815959,0.9913599330500084,0.9949535951887900,0.9949535951887900,0.9784855850189376,1.0029967236775383,1.0106265066393449,1.0106265066393449,1.0012253895759122,0.9464378769692479,1.0567562305006015,1.0567562305006015,0.9638965433149564,1.0678020986496641,0.9638390872331779,0.9638390872331779,1.0216279158806101,0.8931825562781751,0.9888707182201401,0.9888707182201401,0.9466942467727770,0.9854040985629052,0.9870495628215987,0.9870495628215987,0.9993461304533172,0.9798362958018512
346,0.9896353102366271,0.9896353102366271,0.9969069321441607,0.9926058518828652,0.9988958783158400,0.9988958783158400,0.9793825130138241,1.0062704353279857,1.0169585661880540,1.0169585661880540,1.0086856602235494,0.9576773375966061,1.0700857644437236,1.0700857644437236,0.9775581324449200,1.0771238450828913,0.9661165308184106,0.9661165308184106,1.0259162094875596,0.8963532502305106,0.9900920000763498,0.9900920000763498,0.9563481005814100,0.9877562650348104,0.9882145154392601,0.9882145154392601,1.0022315300869438,0.9842200161787225
347,0.9922679791057597,0.9922679791057597,0.9994228054385511,0.9936944666622070,1.0023068725476532,1.0023068725476532,0.9799177025111432,1.0090196369820303,1.0227242356847832,1.0227242356847832,1.0167157299637479,0.9669719237024823,1.0759591489707425,1.0759591489707425,0.9852579055004195,1.0818861619191777,0.9673163154767478,0.9673163154767478,1.0287154951390061,0.8988336273153580,0.9903343197494373,0.9903343197494373,0.9651240217849120,0.9888592964045650,0.9888596728476371,0.9888596728476371,1.0045541977408246,0.9881913595494594
348,0.9947813472975741,0.9947813472975741,1.0017876070920562,0.9946502378396465,1.0048367163122189,1.0048367163122189,0.9795934506877881,1.0114644507639612,1.0278312724723595,1.0278312724723595,1.0232468227817058,0.9749022279623266,1.0745633406456108,1.0745633406456108,0.9930294780062687,1.0832448916129800,0.9700225411630304,0.9700225411630304,1.0314461648057480,0.9014552709096736,0.9918887136882161,0.9918887136882161,0.9727551739410357,0.9905060349770453,0.9886046071588757,0.9886046071588757,1.0063534090450839,0.9915234670018446
349,0.9971197098983062,0.9971197098983062,1.0035424547285050,0.9953224582026505,1.0076293650767845,1.0076293650767845,0.9782955259989652,1.0128616679609888,1.0300884681068321,1.0300884681068321,1.0278836146704471,0.9802813266493081,1.0615380299284176,1.0615380299284176,0.9996834407821036,1.0784608514965210,0.9778291936882507,0.9778291936882507,1.0377744486166356,0.8971618367338325,0.9897825157112653,0.9897825157112653,0.9768754098793724,0.9903007200055831,0.9874262143813495,0.9874262143813495,1.0069747576374894,0.9944545716414904
350,0.9991376876857242,0.9991376876857242,1.0052856954201559,0.9959341961885428,1.0098599518750646,1.0098599518750646,0.9769304416398024,1.0145489756885320,1.0312814266697534,1.0312814266697534,1.0315742175935680,0.9843544986012041,1.0377335676422994,1.0377335676422994,1.0020680030988598,1.0701498524011273,0.9856727523411044,0.9856727523411044,1.0441475177109532,0.8995329786689168,0.9913920668134834,0.9913920668134834,0.9848090013428534,0.9931260582916762,0.9867995520602200,0.9867995520602200,1.0080963159058394,0.9977514315934650
351,1.0009243432745139,1.0009243432745139,1.0065456383458953,0.9963102161245071,1.0115876442542928,1.0115876442542928,0.9754960148419279,1.0158748643340043,1.0313763026185672,1.0313763026185672,1.0354479490931665,0.9888504307738482,1.0068153745930510,1.0068153745930510,1.0065720851899385,1.0645386881452736,0.9880139428740675,0.9880139428740675,1.0375653136692429,0.8988106304417237,0.9901937929313488,0.9901937929313488,0.9898532833685734,0.9951420529537830,0.9855469113199010,0.9855469113199010,1.0081527140859305,1.0008114958378935
352,1.0027460489170223,1.0027460489170223,1.0076507011019875,0.9968068154322320,1.0127331755406372,1.0127331755406372,0.9743524972896704,1.0166010554145386,1.0287516079007302,1.0287516079007302,1.0368486312342529,0.9916059162154489,0.9393702915759977,0.9393702915759977,1.0065872656451553,1.0592484546134766,0.9891996361018537,0.9891996361018537,1.0344229480942742,0.9040494003873194,0.9898408490596780,0.9898408490596780,0.9965586129949798,0.9968813090873041,0.9843342045059059,0.9843342045059059,1.0084700436798393,1.0034645889428286
353,1.0042303442692795,1.0042303442692795,1.0085647706746375,0.9970847441966212,1.0131884088651082,1.0131884088651082,0.9758375390063124,1.0163590128085518,1.0252731070933232,1.0252731070933232,1.0373514212434991,0.9935960547773609,0.9461302120675630,0.9461302120675630,1.0047635596062734,1.0511493599680664,0.9965426134598978,0.9965426134598978,1.0328213606189567,0.9205788139704639,0.9900287087806616,0.9900287087806616,1.0046429059831254,0.9992414690764833,0.9888868207811693,0.9888868207811693,1.0089313214264795,1.0059942533007584
354,1.0055678331138129,1.0055678331138129,1.0092403084637644,0.9970161007791195,1.0133099550626419,1.0133099550626419,0.9785461014811891,1.0157244891969341,1.0219993059860917,1.0219993059860917,1.0386413830780479,0.9954915974116423,0.9509991238728477,0.9509991238728477,1.0049933178473924,1.0406414404627840,1.0007056246569466,1.0007056246569466,1.0253537227626468,0.9450996411415439,0.9883320062614923,0.9883320062614923,1.0102589803850899,0.9993632221868132,0.9923940186039406,0.9923940186039406,1.0081094702736058,1.0072189477011084
355,1.0062427352534868,1.0062427352534868,1.0095546254356846,0.9965432364971951,1.0125475262115275,1.0125475262115275,0.9809953890346786,1.0149125140668132,1.0176810949443673,1.0176810949443673,1.0391063048194602,0.9978457712791039,0.9554425252189588,0.9554425252189588,1.0015555601646497,1.0389646491574007,1.0059402555963692,1.0059402555963692,1.0172048555492113,0.9615748478082645,0.9870114105239213,0.9870114105239213,1.0155259098500000,1.0007408456777374,0.9955478175329219,0.9955478175329219,1.0071872897266752,1.0084489229769633
356,1.0069406574691637,1.0069406574691637,1.0100706810829108,0.9962153893690879,1.0119529964253529,1.0119529964253529,0.9840791978635688,1.0144570868006084,1.0126268788891102,1.0126268788891102,1.0399234310363112,0.9994933231820752,0.9694113299936582,0.9694113299936582,1.0042859906908046,1.0327620378583626,1.0068709610332336,1.0068709610332336,1.0092367729661347,0.9752091192642278,0.9843725430865646,0.9843725430865646,1.0198432568689759,1.0012874394283673,0.9984613587368865,0.9984613587368865,1.0056032976271072,1.0095595317177397
357,1.0072623676190058,1.0072623676190058,1.0104622114415138,0.9954840468023703,1.0116174956198318,1.0116174956198318,0.9868989233537888,1.0139920436232404,1.0079217288757336,1.0079217288757336,1.0417772010851118,1.0013092839413522,0.9834719378123052,0.9834719378123052,1.0115369146109754,1.0296556087937085,1.0103153092721846,1.0103153092721846,1.0015673958973106,0.9809427326514198,0.9799566388905913,0.9799566388905913,1.0213170378402905,0.9996348537460293,1.0004326020069676,1.0004326020069676,1.0033988318099492,1.0098953204051624
358,1.0082133679421641,1.0082133679421641,1.0117552749655925,0.9952427293719526,1.0119057813173089,1.0119057813173089,0.9901929422671857,1.0147866531769516,1.0017833711621131,1.0017833711621131,1.0424854560319405,1.0042297020792910,1.0004829748462936,1.0004829748462936,1.0123308113905560,1.0291666300532241,1.0167430146649201,1.0167430146649201,1.0013599044465575,0.9912013915846273,0.9779839181504466,0.9779839181504466,1.0252808728348077,1.0016001487846857,1.0031429945998784,1.0031429945998784,1.0016990125338727,1.0113452175851754
359,1.0090716966573217,1.0090716966573217,1.0125594412796872,0.9955211115274745,1.0115730753607528,1.0115730753607528,0.9927599411411342,1.0152178192462415,0.9941276953152591,0.9941276953152591,1.0408799746064172,1.0068388189979980,1.0063067723276766,1.0063067723276766,1.0051188643148610,1.0274877893817866,1.0237202858491423,1.0237202858491423,1.0069190318300993,1.0029589538886448,0.9787458152044156,0.9787458152044156,1.0305009486331596,1.0057873455693016,1.0063369355992524,1.0063369355992524,1.0009532442444460,1.0131692132358587
360,1.0096383289975495,1.0096383289975495,1.0129455988923586,0.9955525542025322,1.0108396950994110,1.0108396950994110,0.9955322467793338,1.0155739875347169,0.9847819883834538,0.9847819883834538,1.0399730591763823,1.0075682948652545,1.0111019736597187,1.0111019736597187,1.0053116971243716,1.0209322772482496,1.0244852492219074,1.0244852492219074,1.0066437461429616,1.0144323405398950,0.9770468661153872,0.9770468661153872,1.0336142378418611,1.0076335520033861,1.0083385976382311,1.0083385976382311,0.9994549586312992,1.0148853727837788
