1,0.944037230363121,0.944037230363121,0.973063195454017,0.919069572197234,0.820400896565186,0.820400896565186,0.761789578150086,0.936991301010779,0.957152091605873,0.957152091605873,0.800144223379652,1.06970419309538,1.04304496052349,1.04304496052349,0.788211748552953,1.29206195799581,1.35701977687639,1.35701977687639,2.01986699891271,0.57083871563019,1.36873269516029,1.36873269516029,1.44039234047193,1.18778927840933,1.08527741283475,1.08527741283475,1.14868099278544,1.02296940485557
2,0.943583375901238,0.943583375901238,0.972956332579399,0.918248748864,0.822514421102937,0.822514421102937,0.7629541192281,0.940513797673343,0.975152821732575,0.975152821732575,0.812589720342243,1.08579820862315,1.03259479872675,1.03259479872675,0.795646868413343,1.29705438174064,1.40602254349697,1.40602254349697,2.05931762249006,0.599833917696992,1.38908374875295,1.38908374875295,1.45861637363823,1.20535965574769,1.09237559076807,1.09237559076807,1.15428162288917,1.03056264894487
3,0.943266675260254,0.943266675260254,0.973233080023921,0.916859663223141,0.830675722064792,0.830675722064792,0.770178587026887,0.945330272701747,0.989224589907854,0.989224589907854,0.821244005311446,1.09603985486809,1.02452090111118,1.02452090111118,0.806443374797442,1.29201657232541,1.45621483849614,1.45621483849614,2.10078882766225,0.634665067355601,1.40993897976973,1.40993897976973,1.47697915087128,1.22339968153691,1.0994502090781,1.0994502090781,1.15986075345316,1.03789909943416
4,0.94349609619703,0.94349609619703,0.973685192185763,0.914830939332638,0.83788795627562,0.83788795627562,0.775329165313285,0.953658461239667,1.00406661586274,1.00406661586274,0.830553316436575,1.10475279927122,1.02290072098766,1.02290072098766,0.82928299448834,1.28536757161071,1.50571082420052,1.50571082420052,2.14462559177475,0.685250968813434,1.43024915411178,1.43024915411178,1.49589690437129,1.2407628610293,1.10636327568552,1.10636327568552,1.16489522901026,1.04438670441229
5,0.943196851496887,0.943196851496887,0.974323629359759,0.911660200369808,0.843949194639456,0.843949194639456,0.778934210687506,0.956943728535161,1.01996370079304,1.01996370079304,0.841066817060476,1.11172053041288,1.01488082937621,1.01488082937621,0.858021736224159,1.26603327601711,1.55944269144819,1.55944269144819,2.19097576226133,0.746839822845544,1.45065471337192,1.45065471337192,1.51478690905795,1.25802934819356,1.11322585738588,1.11322585738588,1.16989387200112,1.05050338530151
6,0.94136148400268,0.94136148400268,0.973487906878778,0.909252634940889,0.846661775495231,0.846661775495231,0.782172641277907,0.961224640295481,1.04621072008962,1.04621072008962,0.859910397788526,1.11686431686774,0.994601574830082,0.994601574830082,0.853502786129371,1.23705452546193,1.61433507418716,1.61433507418716,2.23932187310378,0.811911791843514,1.47017455553562,1.47017455553562,1.53302481663093,1.27474330776857,1.11960041831794,1.11960041831794,1.17401820037565,1.05506860485731
7,0.939398937510911,0.939398937510911,0.972589162702509,0.908835360202924,0.848980594613878,0.848980594613878,0.786942227730141,0.964085770237727,1.05848953528212,1.05848953528212,0.87554501199512,1.11282933131961,0.988174860340098,0.988174860340098,0.855929217461055,1.20766730387307,1.66972067600994,1.66972067600994,2.28892468713327,0.877560435504706,1.48916296744146,1.48916296744146,1.55121416378055,1.29059394298537,1.12562158490055,1.12562158490055,1.17788095101661,1.05777563739079
8,0.937361579844107,0.937361579844107,0.970890317003466,0.910770746323092,0.852436947639785,0.852436947639785,0.792649916717441,0.968708148511255,1.05729207570879,1.05729207570879,0.877113104913852,1.1091748809939,1.02522297916471,1.02522297916471,0.88880847504727,1.18803800142183,1.73157615169678,1.73157615169678,2.33830573001211,0.948952758811589,1.50705445278941,1.50705445278941,1.56898727872995,1.30608543526915,1.13045803899737,1.13045803899737,1.18147137415413,1.05785053552413
9,0.934336714666833,0.934336714666833,0.967158336612986,0.913859128429745,0.858666460250258,0.858666460250258,0.801218638723565,0.973244261560394,1.05865135414338,1.05865135414338,0.881043261849407,1.10855159054337,1.03065058257852,1.03065058257852,0.897623766857793,1.1751257781909,1.79499832329689,1.79499832329689,2.3864300697039,1.01789998154641,1.52426461729394,1.52426461729394,1.58531745538526,1.3205547515128,1.13218798847946,1.13218798847946,1.18306592335193,1.05419479330171
10,0.915584046791231,0.915584046791231,0.93666679638886,0.918026385352321,0.870657683065553,0.870657683065553,0.812590885547128,0.975914889132113,1.07364225345063,1.07364225345063,0.90209672880048,1.11859640822499,1.05268503225846,1.05268503225846,0.919216779625991,1.16598056560379,1.86079955165418,1.86079955165418,2.43472689806843,1.09028418527404,1.54028928353095,1.54028928353095,1.60080129323345,1.33307640800433,1.12224246178767,1.12224246178767,1.17810311292732,1.03521346636734
11,0.915491779675354,0.915491779675354,0.916962926353661,0.922624643155558,0.873925568935228,0.873925568935228,0.815778996461319,0.972482252078288,1.07671033906014,1.07671033906014,0.91153175201614,1.11764507016893,1.09146134321483,1.09146134321483,0.945863002598706,1.16409706028188,1.931271854864,1.931271854864,2.48179166448489,1.16193024543274,1.55159239632312,1.55159239632312,1.6120603742494,1.33993465670598,1.02938388939295,1.02938388939295,1.08393154558489,0.983455289653422
12,0.915027950390133,0.915027950390133,0.913472072449497,0.925408304894354,0.877267495473423,0.877267495473423,0.82030776732026,0.972665565680115,1.08441291685617,1.08441291685617,0.921674732794265,1.11776316730692,1.10296462209186,1.10296462209186,0.95514577200524,1.15910463653705,2.00769179996678,2.00769179996678,2.52636766576623,1.23491419081011,1.52431230975298,1.52431230975298,1.60059317713334,1.2781206326579,1.01608279921159,1.01608279921159,1.02546713050331,0.982627843608933
13,0.911658953807694,0.911658953807694,0.905098407197437,0.928277068717867,0.886748066528906,0.886748066528906,0.830375296824937,0.974150046416482,1.08901504527044,1.08901504527044,0.932598451818847,1.11477793409651,1.10015630987775,1.10015630987775,0.945373264164788,1.1466689628454,2.08759329154349,2.08759329154349,2.56143214880844,1.30665251891493,1.30395270936885,1.30395270936885,1.35173488182503,1.16842318640589,1.0126229002474,1.0126229002474,1.01621157864282,0.980634126631047
14,0.904768844586912,0.904768844586912,0.886334382444128,0.93179919693372,0.892630934191308,0.892630934191308,0.836126116963275,0.973456330237018,1.08854900695001,1.08854900695001,0.935211940016733,1.11228477229441,1.07998506733986,1.07998506733986,0.928254679815567,1.12406689898247,2.1560637055308,2.1560637055308,2.55438475446545,1.37539213877099,1.28339725952317,1.28339725952317,1.27877631432977,1.15601894202708,0.994744511825486,0.994744511825486,0.996507250465965,0.968946451252634
15,0.899639291685301,0.899639291685301,0.865613945063212,0.934722865328017,0.90101099167379,0.90101099167379,0.843436847064137,0.97416082956953,1.08155195938908,1.08155195938908,0.931592755094597,1.10555979638085,1.05641144654257,1.05641144654257,0.909043576703242,1.09365849980944,2.03983807907608,2.03983807907608,1.9684160919611,1.43213692563204,1.2709359012972,1.2709359012972,1.26593555095298,1.13691530062853,0.955955274897284,0.955955274897284,0.943596883152002,0.949572800762693
16,0.899975941972961,0.899975941972961,0.855500333006486,0.9377014382931,0.914260905853924,0.914260905853924,0.852232007613207,0.975009104276025,1.07140915316522,1.07140915316522,0.924605809431388,1.09532471108802,1.11446790096889,1.11446790096889,0.936001451406631,1.07564038865767,1.54812766540791,1.54812766540791,1.72158480128381,1.24072707141539,1.22201706474036,1.22201706474036,1.22588707608846,1.09415657181495,0.921898156591299,0.921898156591299,0.88538329603412,0.938327381028749
17,0.902280126164059,0.902280126164059,0.852094421387274,0.942283224725102,0.922193353840355,0.922193353840355,0.85772404084532,0.974804224368101,1.06016597868479,1.06016597868479,0.915428826822608,1.08427606773345,1.10620498233891,1.10620498233891,0.914786872882824,1.15234217164634,1.5629532508094,1.5629532508094,1.68548538620522,1.25265270345082,1.12234663855789,1.12234663855789,1.11168683475472,1.03797142258242,0.908240306400006,0.908240306400006,0.848418420698156,0.937482102095369
18,0.904564360708481,0.904564360708481,0.850740824975455,0.945217874033557,0.927790155283475,0.927790155283475,0.861063110788142,0.972014982112846,1.08550033960385,1.08550033960385,0.922964935828664,1.11626727022566,1.06950790254106,1.06950790254106,0.890255429511119,1.12075374504272,1.58456785183505,1.58456785183505,1.61619422224549,1.29989389186197,1.03505581210019,1.03505581210019,0.981753016252654,0.99848641973518,0.90490157121278,0.90490157121278,0.836719087819917,0.94013563596218
19,0.907205195187239,0.907205195187239,0.850162669423039,0.947268559752374,0.930469081289923,0.930469081289923,0.862346262531509,0.967622644437689,1.07604364535174,1.07604364535174,0.92235622465346,1.10769866676897,1.03048856456617,1.03048856456617,0.864944856812725,1.08621524986261,1.51484988369459,1.51484988369459,1.35098056730292,1.33490957741281,0.99523260880287,0.99523260880287,0.905728204882439,0.987463494329513,0.90571269538629,0.90571269538629,0.830767298567005,0.944183701740178
20,0.909821092607652,0.909821092607652,0.85099839190402,0.949195710186925,0.932471544824894,0.932471544824894,0.863561123285733,0.963291411296475,1.06124692867801,1.06124692867801,0.910909807989301,1.09292996356758,0.989038956405978,0.989038956405978,0.839100024004604,1.05058749859273,1.28962283971855,1.28962283971855,1.00957620149141,1.3207695146706,0.98121102584549,0.98121102584549,0.880442098719063,0.985308636731413,0.909428384546267,0.909428384546267,0.829695904836348,0.949783228851593
21,0.912541725673115,0.912541725673115,0.851971118070408,0.951122860621476,0.932882133986686,0.932882133986686,0.863568311810906,0.964035448856833,1.04589355512155,1.04589355512155,0.898788515891763,1.07542534333599,0.947778369260203,0.947778369260203,0.812253453490741,1.01695671682077,1.0881283375398,1.0881283375398,0.752173819299634,1.28095589592176,0.975998921393403,0.975998921393403,0.866602378061742,0.986931686524854,0.915463013770759,0.915463013770759,0.833178830275138,0.956327899074171
22,0.915297270620261,0.915297270620261,0.852987685416126,0.952995106485242,0.946259936594264,0.946259936594264,0.873980890523883,0.97731669902844,1.0309026558143,1.0309026558143,0.885906334825221,1.0584652821296,0.909947163375888,0.909947163375888,0.794177653111589,0.979990088273868,0.991312332677239,0.991312332677239,0.669157485238358,1.2631020483484,0.978329038677865,0.978329038677865,0.862259688772778,0.993748495657306,0.922699183783395,0.922699183783395,0.83878662689212,0.963165028674542
23,0.920157503291744,0.920157503291744,0.853612422221581,0.959770330520102,0.951052387138463,0.951052387138463,0.873538796225749,0.97335928185958,1.01527095381647,1.01527095381647,0.873599782804795,1.04173485424708,0.880027837094789,0.880027837094789,0.77407611648305,0.943318466584611,0.969900821862565,0.969900821862565,0.627587715110316,1.27165990035062,0.986913681304832,0.986913681304832,0.868010630339154,1.00350060760768,0.931005633825808,0.931005633825808,0.845136157630326,0.970373082363823
24,0.922895592298048,0.922895592298048,0.854050834014882,0.963114018880904,0.951203833960435,0.951203833960435,0.872884640435013,0.971569278453501,0.999458014694016,0.999458014694016,0.860552191092817,1.02693990723725,0.850189519819866,0.850189519819866,0.748498413729792,0.903197533944384,0.963459960885792,0.963459960885792,0.621698458998518,1.26956080457649,0.998646026228354,0.998646026228354,0.879748378385363,1.01383978012165,0.939604896329197,0.939604896329197,0.852127091304275,0.977538337119768
25,0.925254638017506,0.925254638017506,0.853990552393303,0.965065876372308,0.950470158245102,0.950470158245102,0.871579923116127,0.970048853873639,0.984667770774737,0.984667770774737,0.848980062338126,1.01347683350591,0.81954111248318,0.81954111248318,0.723365927734642,0.857267235491998,0.981738079873929,0.981738079873929,0.632072420601308,1.25728916774313,1.0105827674049,1.0105827674049,0.892609953372166,1.02419967242021,0.947874324106428,0.947874324106428,0.858795531882041,0.984450364853476
26,0.927321920154324,0.927321920154324,0.853782306791485,0.966680070753385,0.950486985669765,0.950486985669765,0.870232074646204,0.968726120433003,0.972291864265476,0.972291864265476,0.838433479585137,1.00108319496862,0.791133954317371,0.791133954317371,0.698478310956451,0.814582012473747,1.03227852952049,1.03227852952049,0.672533334976083,1.26764624469459,1.02399116160321,1.02399116160321,0.907906486730257,1.03552648799996,0.956147117544131,0.956147117544131,0.865621635751274,0.991298194187182
27,0.929184718412711,0.929184718412711,0.853078107848494,0.968472704989513,0.950278325603936,0.950278325603936,0.868352275313485,0.966882201261681,0.959559956261441,0.959559956261441,0.829501304731603,0.988722361191895,0.761673679071271,0.761673679071271,0.669984438437591,0.782108565297184,1.09776061611767,1.09776061611767,0.718366039444463,1.29934028418527,1.03810812947867,1.03810812947867,0.924618209569097,1.04684639698486,0.964019397385785,0.964019397385785,0.872272160045918,0.998056859076438
28,0.931164720845321,0.931164720845321,0.852617775465528,0.970795168333715,0.950325442392994,0.950325442392994,0.866476070243353,0.96551633520885,0.947352341367891,0.947352341367891,0.818696681371734,0.978736592079272,0.732969487882815,0.732969487882815,0.643850214736699,0.752698650873126,1.16521557905008,1.16521557905008,0.768215265863568,1.34157593651965,1.05299498990718,1.05299498990718,0.941163439527849,1.05860832804116,0.971211813812298,0.971211813812298,0.87819886650246,1.00402731027676
29,0.932900340106148,0.932900340106148,0.851930016964786,0.973059981878594,0.950288422058734,0.950288422058734,0.865049147996528,0.964322999604798,0.934601015100505,0.934601015100505,0.80749507246282,0.970345134329571,0.705318413774651,0.705318413774651,0.617337556791417,0.722267558864899,1.23432427655761,1.23432427655761,0.818335545911248,1.38508027311312,1.0682838296333,1.0682838296333,0.958575819903727,1.07134408897352,0.977872455884395,0.977872455884395,0.883627500288228,1.00983013232152
30,0.934892811067931,0.934892811067931,0.851392962517991,0.975928745702106,0.951143255231646,0.951143255231646,0.864826303716167,0.963323760755621,0.924005116065118,0.924005116065118,0.800183921934556,0.963587353655457,0.682500877035004,0.682500877035004,0.590290638736406,0.699756266342781,1.30514473441482,1.30514473441482,0.868948650738159,1.43139878206311,1.0836271750269,1.0836271750269,0.975953514262919,1.08517799848953,0.984371546253884,0.984371546253884,0.889238880161834,1.0150801348107
31,0.937082284790641,0.937082284790641,0.850546279742178,0.978300623160015,0.95206203261828,0.95206203261828,0.864563922547355,0.962953539167617,0.911998156559532,0.911998156559532,0.792866154980475,0.955123725432538,0.655011820939193,0.655011820939193,0.560060420860928,0.670232887742705,1.37387626438767,1.37387626438767,0.920300992733915,1.47601033400996,1.09935887330124,1.09935887330124,0.994031866159149,1.09965422132805,0.990584555483338,0.990584555483338,0.894914758654677,1.02143577641104
32,0.938309188061225,0.938309188061225,0.849568073428373,0.980694462446238,0.952863018032268,0.952863018032268,0.864545951234423,0.962349682596892,0.900489599146632,0.900489599146632,0.785859360039813,0.946850364820831,0.626145611738385,0.626145611738385,0.528405509359507,0.641889536573223,1.44408745161194,1.44408745161194,0.970716967649133,1.51986067540137,1.11414353560323,1.11414353560323,1.01183966712524,1.11404756502818,0.996464364326164,0.996464364326164,0.900533305041532,1.02702460378912
33,0.936615961799585,0.936615961799585,0.838235128571527,0.983417729157171,0.954071227123116,0.954071227123116,0.866839090764585,0.96155172927129,0.889317624965155,0.889317624965155,0.779871494675036,0.939180611803317,0.592094826142296,0.592094826142296,0.498665029917948,0.610323802804809,1.51177451764262,1.51177451764262,1.02445950982415,1.56145045211294,1.12911896774139,1.12911896774139,1.02945322639789,1.13088584331077,1.00153641465595,1.00153641465595,0.90561794619137,1.03156485730048
34,0.938341606237074,0.938341606237074,0.834944300048057,0.985591950160254,0.955151547786521,0.955151547786521,0.865139004561189,0.960624378109105,0.876430370854309,0.876430370854309,0.77107164833785,0.93015930265098,0.55842208257503,0.55842208257503,0.469436549748211,0.5793934684221,1.58097025381199,1.58097025381199,1.07820205199917,1.60195608045765,1.14401264137833,1.14401264137833,1.04598458194996,1.14768268202417,0.994212737471069,0.994212737471069,0.905048208388111,1.03395089783394
35,0.940147049261268,0.940147049261268,0.835481354494852,0.987433998510088,0.956494376274677,0.956494376274677,0.865865045603654,0.959898312470495,0.863569007761264,0.863569007761264,0.762854047472598,0.919727388794823,0.525802456088056,0.525802456088056,0.445328062296708,0.556178698008666,1.64813508787157,1.64813508787157,1.12950511151701,1.64354585716922,1.15879730368033,1.15879730368033,1.06304316495565,1.16407203164049,0.994606519746176,0.994606519746176,0.890518102776698,1.0388157099231
36,0.942149495046388,0.942149495046388,0.835944426951526,0.989476448543288,0.957342478477724,0.957342478477724,0.867270402274961,0.959272889593672,0.850694699159319,0.850694699159319,0.755800937551214,0.909997496814521,0.49882645703136,0.49882645703136,0.425760785777897,0.533758176827363,1.71605425700051,1.71605425700051,1.18258234024007,1.68481269606939,1.17148349778463,1.17148349778463,1.07682738798628,1.17965330965753,0.99834576852945,0.99834576852945,0.893058631723305,1.04466489747897
37,0.944241714241552,0.944241714241552,0.836440380292699,0.991417325120535,0.958392509776734,0.958392509776734,0.868830312237485,0.958956583770912,0.839749271383607,0.839749271383607,0.750276221993657,0.901468259070494,0.488835346269622,0.488835346269622,0.41696775480528,0.519280147967371,1.7791572868405,1.7791572868405,1.23489569055532,1.72273482192286,1.18440134097568,1.18440134097568,1.09038962051012,1.19585618121247,1.00343464716159,1.00343464716159,0.897372872698926,1.05080654441264
38,0.946216729262493,0.946216729262493,0.837750135525187,0.992910729445885,0.959035317398884,0.959035317398884,0.870397410725182,0.958600739720305,0.830027194199031,0.830027194199031,0.747312063227447,0.892978387039131,0.49774633694901,0.49774633694901,0.428565651353972,0.51558121582916,1.84147696872387,1.84147696872387,1.27966882174836,1.75668942609338,1.19821852768004,1.19821852768004,1.10425708998079,1.21311576178187,1.00839563069584,1.00839563069584,0.902385848716279,1.05715505285743
39,0.948206706518441,0.948206706518441,0.839717508447628,0.993448794239577,0.959937267360854,0.959937267360854,0.872773218294832,0.958327566509739,0.824719535549662,0.824719535549662,0.745340368333852,0.890937930932675,0.523453194908944,0.523453194908944,0.454254658296757,0.507026016957347,1.89535390040795,1.89535390040795,1.32303740232059,1.78997508765455,1.21318714660976,1.21318714660976,1.11944262808549,1.23112816119164,1.01259260930317,1.01259260930317,0.906947334398974,1.06266184894661
40,0.950181721539382,0.950181721539382,0.84238908031306,0.993662922065638,0.961535872703898,0.961535872703898,0.875867878381775,0.958266461975797,0.826357142425626,0.826357142425626,0.751487027918248,0.891987683270401,0.510572762926918,0.510572762926918,0.445149975593465,0.495452671003436,1.95149383730008,1.95149383730008,1.36652918908763,1.81906255766747,1.22791049003585,1.22791049003585,1.13263025162913,1.24829104943292,1.01614001543959,1.01614001543959,0.91077066921707,1.06710223828019
41,0.952480918318811,0.952480918318811,0.846786898614616,0.991941663771531,0.964776834694111,0.964776834694111,0.880770452549708,0.959750942712163,0.840545420181013,0.840545420181013,0.774876093182874,0.896823104976054,0.5061982765934,0.5061982765934,0.455234135164592,0.479091136821533,2.00827205771244,2.00827205771244,1.41443175762877,1.85036445838716,1.24157097294623,1.24157097294623,1.14517965246577,1.264487014393,1.01906140872842,1.01906140872842,0.914468590053316,1.07085427810261
42,0.950772729822164,0.950772729822164,0.850946330503565,0.983104773103696,0.968451944240646,0.968451944240646,0.886169034954573,0.961663155186127,0.838584175582526,0.838584175582526,0.785548388026394,0.892768436571585,0.526558540145701,0.526558540145701,0.484351311144802,0.472442136106835,2.06748736065654,2.06748736065654,1.46011661466339,1.88201236390478,1.25290133857214,1.25290133857214,1.15584907119808,1.27749903911999,1.0178329426565,1.0178329426565,0.916790540345842,1.06707727223574
43,0.950822603938854,0.950822603938854,0.854957798412275,0.980263461565576,0.972581394253098,0.972581394253098,0.893695420810623,0.965225190076536,0.83720547888458,0.83720547888458,0.789022011580546,0.889356741473974,0.523237170892474,0.523237170892474,0.490161389838101,0.471398265687462,2.12687674092435,2.12687674092435,1.50540721187461,1.91412160915298,1.26302576630521,1.26302576630521,1.16535997697311,1.2872235246909,0.994980108058456,0.994980108058456,0.90856338313652,1.03434322138952
44,0.95253577984717,0.95253577984717,0.859547421873401,0.978997911208984,0.977208936035593,0.977208936035593,0.900470605786102,0.969516884989905,0.843367541121409,0.843367541121409,0.803260559939662,0.890655809991911,0.517836570480723,0.517836570480723,0.504586412800773,0.460505704789663,2.17875178338592,2.17875178338592,1.54613917987796,1.94332441409854,1.25710508817598,1.25710508817598,1.16680985247054,1.26895558127111,0.976728131324257,0.976728131324257,0.890195609680514,1.02196719649996
45,0.953303841244203,0.953303841244203,0.863024575409024,0.975717363104584,0.983640377742029,0.983640377742029,0.912072885415198,0.973934383355509,0.837710353731716,0.837710353731716,0.803631079785439,0.884764074996421,0.520590876690716,0.520590876690716,0.510997534117517,0.455263659857597,2.22752244690823,2.22752244690823,1.58600870451766,1.96904410407824,1.18896619062653,1.18896619062653,1.12685156124941,1.19345268619921,0.965998405742729,0.965998405742729,0.88219419763852,1.0117596508994
46,0.953051976954916,0.953051976954916,0.867397733047208,0.971132831444043,0.992367080172582,0.992367080172582,0.920803349237712,0.974257877946968,0.830959270839896,0.830959270839896,0.800686770296681,0.877592954339327,0.584155943537023,0.584155943537023,0.547193656551631,0.465566207040099,2.2623959374221,2.2623959374221,1.60458819869463,1.99146521498431,1.15667158264889,1.15667158264889,1.09194355405761,1.16714546635573,0.947655556175814,0.947655556175814,0.869434220799497,0.991287494453848
47,0.952406107143775,0.952406107143775,0.870417294273572,0.966905179493603,0.993767121904595,0.993767121904595,0.925486673387871,0.97618806234268,0.827334528347644,0.827334528347644,0.799078978823045,0.873354579275757,0.732510436847817,0.732510436847817,0.578203003753796,0.629794255409625,2.20291951849245,2.20291951849245,1.53465636252191,1.9718813434213,1.12828775631243,1.12828775631243,1.06677538035096,1.13445655285634,0.920629302593734,0.920629302593734,0.84737210976387,0.963621550630123
48,0.951967214916899,0.951967214916899,0.870718702381467,0.964212110296603,0.997819165763595,0.997819165763595,0.929656017988166,0.975591394540653,0.84281088423867,0.84281088423867,0.811835447799056,0.882631765560414,0.743797691708376,0.743797691708376,0.585215167693984,0.74201032549216,2.0344126691542,2.0344126691542,1.4848071361028,1.79135910684628,1.0718198848106,1.0718198848106,1.02230790696077,1.07307764428481,0.890082568158995,0.890082568158995,0.822174649182007,0.93361236520627
49,0.952608097316371,0.952608097316371,0.87409447318989,0.959160889784389,0.996496530185034,0.996496530185034,0.928973108096738,0.973636049454495,0.896884274917731,0.896884274917731,0.836428702562455,0.95273553886421,0.731457319767525,0.731457319767525,0.582810997200205,0.743303817098774,1.95645504102543,1.95645504102543,1.44131534933576,1.69387802177524,1.00325175512981,1.00325175512981,0.963182122919497,1.00151150828636,0.859434863910127,0.859434863910127,0.791415974319278,0.908881714893816
50,0.952672933668069,0.952672933668069,0.87759080724147,0.955756806395724,0.99508302651329,0.99508302651329,0.928088919500469,0.972068897878089,0.908690579035352,0.908690579035352,0.852586014408627,0.970010525771921,0.721763242028433,0.721763242028433,0.578269786267512,0.734635154050942,1.84321774196083,1.84321774196083,1.34551021225347,1.61062926739251,0.92736623959079,0.92736623959079,0.895037974540117,0.928798877540202,0.83184317936892,0.83184317936892,0.766193430941045,0.879689275781119
51,0.955503289790251,0.955503289790251,0.882457178147117,0.956300361646494,0.995927763231404,0.995927763231404,0.931650833723652,0.975663282227645,0.904392670080253,0.904392670080253,0.849767417010401,0.963469256517463,0.715228515530214,0.715228515530214,0.581631172791221,0.728394624369911,1.6575062504639,1.6575062504639,1.23046026754225,1.46572245801808,0.85400161117239,0.85400161117239,0.823404412882225,0.854532262949261,0.807856117192148,0.807856117192148,0.74323550574935,0.859702173913367
52,0.960178988229979,0.960178988229979,0.890217066888556,0.958875386016308,1.00145725497587,1.00145725497587,0.938591354778108,0.980519295483894,0.899078538676434,0.899078538676434,0.845460123803252,0.954992506390322,0.711259074227577,0.711259074227577,0.584725429260066,0.724741077902108,1.45696917356549,1.45696917356549,1.09099085502019,1.29468075290644,0.775745099098306,0.775745099098306,0.745881165591217,0.779671681199869,0.800983438510379,0.800983438510379,0.734323946524792,0.856381690002075
53,0.965966879471903,0.965966879471903,0.89717411403351,0.962312412147444,1.00379963248905,1.00379963248905,0.939949986035791,0.982934721766795,0.895298450077371,0.895298450077371,0.841152830596103,0.948969552352616,0.709530882095817,0.709530882095817,0.589889943654109,0.720497517719007,1.24845355266431,1.24845355266431,0.967439682867255,1.11464292304853,0.727834617389708,0.727834617389708,0.692832371673156,0.741277920341407,0.800535805667737,0.800535805667737,0.733732709181788,0.85758719329103
54,0.970525373737408,0.970525373737408,0.903232417002197,0.965439227453646,1.00312317001757,1.00312317001757,0.939640879453355,1.0148061277943,0.892851748895101,0.892851748895101,0.837996795481187,0.942513575475598,0.694166173924386,0.694166173924386,0.585749427803712,0.709763806667634,1.02650496495122,1.02650496495122,0.791180900575681,0.940648643661192,0.714146881645599,0.714146881645599,0.673755062496398,0.728922022126658,0.802370090624428,0.802370090624428,0.735574503086662,0.860825645913428
55,0.975400568643898,0.975400568643898,0.909416763361457,0.97052339070833,1.02356512549893,1.02356512549893,0.944219969988506,1.02559287522732,0.891660762076218,0.891660762076218,0.839525189845014,0.936615279527998,0.676155171551197,0.676155171551197,0.57942734983859,0.692948415781657,0.798231567810492,0.798231567810492,0.680541737638569,0.742134157593652,0.708859831900736,0.708859831900736,0.663349257490893,0.724287696971769,0.804005801613331,0.804005801613331,0.738365859996968,0.863850103869148
56,0.985766903798003,0.985766903798003,0.915105156379546,0.980774074073876,1.02649646287534,1.02649646287534,0.946549052144533,1.02512201087753,0.885835283070813,0.885835283070813,0.831082630501969,0.92716750848846,0.658846247231536,0.658846247231536,0.570612058028068,0.674657990607436,0.709800287372649,0.709800287372649,0.646019361853514,0.625484406717106,0.708260269558536,0.708260269558536,0.657965987701379,0.720129926862614,0.809431246292573,0.809431246292573,0.742612019096727,0.871143755425099
57,0.991018648285505,0.991018648285505,0.921670372984237,0.997220738252502,1.02743543317157,1.02743543317157,0.947379326802006,1.02392867527347,0.877284774441768,0.877284774441768,0.821257238163081,0.915803939432571,0.645695785228923,0.645695785228923,0.560705985160183,0.659567255196943,0.669675464260596,0.669675464260596,0.626207805728472,0.573445285107953,0.706018723983716,0.706018723983716,0.651847374358143,0.719342575047923,0.815496166461304,0.815496166461304,0.748828969339835,0.878012984225472
58,0.994661952509741,0.994661952509741,0.9288658065418,1.00090758018071,1.02612962501767,1.02612962501767,0.948263515398275,1.02217102132654,0.868669538268219,0.868669538268219,0.809321205988431,0.903456227560063,0.633814464323071,0.633814464323071,0.555073993170128,0.650422042609832,0.647364553940156,0.647364553940156,0.618371891738717,0.540759365196531,0.711878083237043,0.711878083237043,0.65206242766159,0.724985263053205,0.819760458278053,0.819760458278053,0.754193104506366,0.880381191870045
59,0.999297751656117,0.999297751656117,0.933263624843356,1.00471521216464,1.02349108483041,1.02349108483041,0.944158867524537,1.01906906763287,0.861989655675354,0.861989655675354,0.799767087108058,0.892177950881614,0.623715341553097,0.623715341553097,0.550376956372097,0.641117980176296,0.622297419327854,0.622297419327854,0.607209410489159,0.517369440856247,0.718180301038587,0.718180301038587,0.653914660952569,0.729875132218125,0.817693942748863,0.817693942748863,0.755601324359704,0.876254661380932
60,1.00218795671833,1.00218795671833,0.937214811130487,1.0074329884185,1.01955346745913,1.01955346745913,0.939223944993326,1.01542436190243,0.858287240129697,0.858287240129697,0.790067406859701,0.882946691261732,0.615884470956059,0.615884470956059,0.546325483873322,0.631405446709091,0.61594359701293,0.61594359701293,0.60688907438266,0.49155748293043,0.719031952092849,0.719031952092849,0.65303363612877,0.725358219175953,0.814796109083337,0.814796109083337,0.753996025392031,0.872299326625162
61,1.00484375343209,1.00484375343209,0.941396163609101,1.0112104228885,1.0143773516326,1.0143773516326,0.933110104333755,1.01105359053337,0.859905428742309,0.859905428742309,0.781399889038863,0.878872340000931,0.618476759153699,0.618476759153699,0.548017307554129,0.631995460424389,0.61510222328173,0.61510222328173,0.60688907438266,0.487174755489943,0.704737840798105,0.704737840798105,0.64449393882092,0.705073550055374,0.807492625861281,0.807492625861281,0.747850740281409,0.865783189024808
62,1.00860675553639,1.00860675553639,0.945763841099868,1.01536669889692,1.0102950184092,1.0102950184092,0.927370066983177,1.00812416728848,0.859225789525012,0.859225789525012,0.774690833259986,0.874699574458469,0.625578548695151,0.625578548695151,0.557300076960664,0.635558235551377,0.614231836663247,0.614231836663247,0.60358714836182,0.483391769699206,0.679678860177482,0.679678860177482,0.623335468643061,0.678448626848075,0.805843452230494,0.805843452230494,0.744701057708676,0.86623614440261
63,1.01123262778014,1.01123262778014,0.948805322915898,1.01926217819411,1.00656942658868,1.00656942658868,0.921838496862613,1.0063485414198,0.858455531745408,0.858455531745408,0.768663269340304,0.872153925039482,0.650178283570676,0.650178283570676,0.577935873698931,0.648992393991996,0.600102560556545,0.600102560556545,0.591981124810955,0.473472965491788,0.656786479838902,0.656786479838902,0.600290079157537,0.657825534579076,0.805782870342016,0.805782870342016,0.744632975832815,0.866371674358173
64,1.0135343182654,1.0135343182654,0.95121110763164,1.02277332549581,1.00422031810564,1.00422031810564,0.916993430896063,1.0071177396706,0.860436194607246,0.860436194607246,0.765216111489421,0.873203677377208,0.670430535114741,0.670430535114741,0.585437776073037,0.678674622438499,0.556264087872299,0.556264087872299,0.561031728675318,0.446000184535892,0.64756139561913,0.64756139561913,0.588365026621229,0.650021082380828,0.801010363794147,0.801010363794147,0.738781517765383,0.863593310269134
65,1.01728235813469,1.01728235813469,0.954926647579871,1.02703117496018,1.00316019035183,1.00316019035183,0.912888783022325,1.00904073529762,0.866617675107426,0.866617675107426,0.765083782973073,0.880289505656862,0.675372084491493,0.675372084491493,0.58868785840722,0.68328126798486,0.485472642902372,0.485472642902372,0.518698080139469,0.382865842406348,0.637137186714955,0.637137186714955,0.57567688171785,0.639426365856834,0.799852576592125,0.799852576592125,0.732521568442784,0.864945043246985
66,1.0208084581847,1.0208084581847,0.958170894850303,1.03178591079015,1.0033217336286,1.0033217336286,0.909233417971894,1.01250212742624,0.864203337697408,0.864203337697408,0.760988215392082,0.878872340000931,0.693194065850271,0.693194065850271,0.59674628172896,0.689998347205169,0.451701642105243,0.451701642105243,0.509876516591254,0.336016792766193,0.63126420104476,0.63126420104476,0.555302315517073,0.640752432071049,0.798829415808943,0.798829415808943,0.729866375284201,0.868108597736045
67,1.02568115938535,1.02568115938535,0.961606947280304,1.0373148010682,1.0040318509494,1.0040318509494,0.906422704629281,1.01635890183331,0.859309935332868,0.859309935332868,0.75398142045142,0.875900228694743,0.702186065535836,0.702186065535836,0.59736958519031,0.712668489573714,0.454864046819063,0.454864046819063,0.513178442612095,0.330803653810666,0.626699351393912,0.626699351393912,0.547026231936028,0.642582679710462,0.797146585573446,0.797146585573446,0.728433072634493,0.871889170180695
68,1.03047655570514,1.03047655570514,0.965659516294636,1.04513046671943,1.00487322218258,1.00487322218258,0.904780126627269,1.02305883426088,0.862326238906778,0.862326238906778,0.750514413323085,0.880132042806203,0.698675675268198,0.698675675268198,0.59674628172896,0.718772862243522,0.459622160333435,0.459622160333435,0.521926082443425,0.336455065510242,0.626086162634843,0.626086162634843,0.543467446624146,0.645055240672385,0.79810916446815,0.79810916446815,0.728601485695834,0.876846713292076
69,1.03606744418614,1.03606744418614,0.969955951868992,1.05202373558148,1.00712136611764,1.00712136611764,0.903036909272835,1.02726066956551,0.859122225453805,0.859122225453805,0.744162644538349,0.878800169527713,0.695003266988207,0.695003266988207,0.597926106137944,0.719748654157283,0.468964310038483,0.468964310038483,0.533482823516366,0.344689979701052,0.624696268114287,0.624696268114287,0.538604467084907,0.64491710877507,0.800687260388931,0.800687260388931,0.731002267634094,0.881529629914552
70,1.04163588931462,1.04163588931462,0.974756561005644,1.05917780115475,1.00486312572779,1.00486312572779,0.898655503179939,1.02919085396122,0.852390560825337,0.852390560825337,0.734628374935428,0.874633964937361,0.697838582204377,0.697838582204377,0.606763658786371,0.734294761522886,0.475869377211779,0.475869377211779,0.548095078220533,0.352325152242111,0.622761316919002,0.622761316919002,0.53535785592319,0.640745525476184,0.805675169206944,0.805675169206944,0.735742916148003,0.888231229559361
71,1.04622181434431,1.04622181434431,0.979102317906746,1.06475336031796,1.00223804748026,1.00223804748026,0.894992949604335,1.03214184351221,0.848053815343535,0.848053815343535,0.724783133319087,0.872488533597132,0.702807134583187,0.702807134583187,0.615801558975947,0.749385496933379,0.478364485518096,0.478364485518096,0.553590074508946,0.35398597527219,0.61765822380186,0.61765822380186,0.527067897935471,0.638887651457309,0.812329079958099,0.812329079958099,0.742730266565328,0.895560546893092
72,1.05119426377834,1.05119426377834,0.983546717461341,1.07037009790926,1.00259815436806,1.00259815436806,0.891560428834265,1.03503172852925,0.846487408766526,0.846487408766526,0.717650626287894,0.873525164030637,0.70361722464495,0.70361722464495,0.622034593589448,0.762206948823496,0.481323800020938,0.481323800020938,0.564235089740312,0.355808267207972,0.619463724036897,0.619463724036897,0.526318679975075,0.641228987116783,0.818945968444072,0.818945968444072,0.749355708063603,0.903517581915747
73,1.05534379028699,1.05534379028699,0.987127993797874,1.07613507784168,0.999784608964306,0.999784608964306,0.886125903803536,1.03479809354653,0.843322231840256,0.843322231840256,0.710584283514875,0.872685362160456,0.702051050525542,0.702051050525542,0.623192157160526,0.775300714736059,0.487387493463034,0.487387493463034,0.573697325501526,0.35564679830227,0.621698456403282,0.621698456403282,0.528004420385966,0.644122850365514,0.826262914308013,0.826262914308013,0.757228122867122,0.911449650893955
74,1.05910928609711,1.05910928609711,0.989673522272731,1.08102432987008,0.995534001494275,0.995534001494275,0.880946571416445,1.03462556309775,0.838797776479391,0.838797776479391,0.702068943487839,0.870034737507697,0.690871807673218,0.690871807673218,0.620320509070735,0.776344585155431,0.491797452330013,0.491797452330013,0.592892850652531,0.359545119025651,0.625248137997449,0.625248137997449,0.529391861053367,0.65014540108841,0.834411178308288,0.834411178308288,0.765569944288422,0.920943880938916
75,1.06166284087166,1.06166284087166,0.991558692983928,1.08553474036006,0.99191947067653,0.99191947067653,0.876956939945473,1.03608128875932,0.830124285515788,0.830124285515788,0.693136768634304,0.863572199678568,0.689413645562045,0.689413645562045,0.619630423095669,0.773530673590167,0.511787331667832,0.511787331667832,0.617829784481564,0.369256320354309,0.628893204509693,0.628893204509693,0.532125119168146,0.657238474015491,0.843333544216893,0.843333544216893,0.774528085849095,0.930830434539453
76,1.06357800695258,1.06357800695258,0.992871188290124,1.08908981131838,0.988382346012237,0.988382346012237,0.873229689643313,1.03633289566379,0.821178938865266,0.821178938865266,0.68139261280836,0.856414200925696,0.692194954774097,0.692194954774097,0.638707961180562,0.766019345137726,0.534011203326424,0.534011203326424,0.648237073360049,0.390754751799225,0.636394546995638,0.636394546995638,0.536800794217286,0.668772487441221,0.85175779237579,0.85175779237579,0.783185233853331,0.940296131962189
77,1.06539342480011,1.06539342480011,0.993539766274909,1.09302097858658,0.984262992454583,0.984262992454583,0.869110664719229,1.0358476537766,0.827897657984833,0.827897657984833,0.687254766082606,0.859530653178321,0.691843915747333,0.691843915747333,0.650773335325266,0.751700166124161,0.558875247727747,0.558875247727747,0.676057032147576,0.415021221627607,0.644733914118978,0.644733914118978,0.543051214423926,0.680755429533221,0.859993563548311,0.859993563548311,0.791595137150491,0.949558534451581
78,1.06655050430733,1.06655050430733,0.993863094972469,1.09583209261077,0.979975364650292,0.979975364650292,0.864682533212708,1.03502453976055,0.846480936012076,0.846480936012076,0.704490555337019,0.882244669385878,0.690790798667042,0.690790798667042,0.656115936422552,0.739809120477397,0.579822552345897,0.579822552345897,0.703063830049375,0.440025835024912,0.653557019041139,0.653557019041139,0.549537499544024,0.692455201235728,0.867953350562212,0.867953350562212,0.799431719387768,0.957875793829811
79,1.06704176435673,1.06704176435673,0.99355346664345,1.09820397006868,0.973624694582242,0.973624694582242,0.858841856509709,1.03234312903578,0.854526569793985,0.854526569793985,0.713780017184696,0.890203104296266,0.688171507467343,0.688171507467343,0.666333661021112,0.730709293560694,0.608661362304958,0.608661362304958,0.726768701930333,0.470197453404687,0.662386937171733,0.662386937171733,0.556474702881026,0.703443593667067,0.874489463196881,0.874489463196881,0.806651981485671,0.965001816230198
80,1.06695199094668,1.06695199094668,0.99249579819211,1.09958207479538,0.971400109041712,0.971400109041712,0.861861037082337,1.04074679964504,0.858183676058489,0.858183676058489,0.718418131682716,0.895018843145587,0.687550438419991,0.687550438419991,0.682717637719456,0.728848481073986,0.639066868177287,0.639066868177287,0.747590548852796,0.503598449898505,0.670767183545678,0.670767183545678,0.561871847077215,0.715930717184264,0.879110515023556,0.879110515023556,0.81254285537597,0.969488571074886
81,1.0683758969782,1.0683758969782,0.993164376176895,1.10169864599914,0.982290818284007,0.982290818284007,0.874318751207011,1.05336308871198,0.865290760445084,0.865290760445084,0.726251979850557,0.904414126568238,0.672698787287677,0.672698787287677,0.686457458487557,0.72977888731734,0.664714260535244,0.664714260535244,0.766712150286916,0.539928953681491,0.67942677146542,0.67942677146542,0.567144121613337,0.7274232910408,0.881584275469736,0.881584275469736,0.814714308890278,0.973832662808455
82,1.07077484199101,1.07077484199101,0.994690597232326,1.10514939827298,0.990492505065055,0.990492505065055,0.881309591937678,1.05775183200279,0.876469207381011,0.876469207381011,0.739378968672345,0.915817061336792,0.663868805614464,0.663868805614464,0.696229966328009,0.724536842385274,0.682180018679464,0.682180018679464,0.779082052245587,0.574160361690349,0.681947658586037,0.681947658586037,0.564161124178426,0.735386594920959,0.885273039345945,0.885273039345945,0.817416084384977,0.978704608053164
83,1.07228852143256,1.07228852143256,0.99525779248991,1.10787541021245,0.990502601519853,0.990502601519853,0.883016866666247,1.05833771665177,0.881174899866489,0.881174899866489,0.747007707639845,0.920921482078987,0.656226956031837,0.656226956031837,0.699546831175908,0.723379507789883,0.697614874713891,0.697614874713891,0.787164378624957,0.605139324598634,0.684257336245198,0.684257336245198,0.561788600637171,0.743101261385953,0.889503674557984,0.889503674557984,0.82080942840816,0.981996559342232
84,1.07310645694628,1.07310645694628,0.995476998386561,1.10972020379082,0.990001144264877,0.990001144264877,0.884569588103598,1.06013131444219,0.894450519244362,0.894450519244362,0.759234862550462,0.933177340621944,0.65484980292684,0.65484980292684,0.706403169250758,0.728598859886745,0.70234397534098,0.70234397534098,0.78078229773393,0.632243033770068,0.684727447627151,0.684727447627151,0.558368559392028,0.749510581421329,0.894791127157915,0.894791127157915,0.825646824850924,0.98750335543142
85,1.07410144557426,1.07410144557426,0.995729085167709,1.11080456906382,0.990933383591242,0.990933383591242,0.888645481876645,1.06241734288851,0.898910247060722,0.898910247060722,0.766459999543099,0.938327688028914,0.672671784285618,0.672671784285618,0.720249410427892,0.74673043521454,0.70570947026578,0.70570947026578,0.773439208523405,0.650073814356892,0.688120425427333,0.688120425427333,0.559325893452535,0.756969703876292,0.902118170003269,0.902118170003269,0.832530260826146,0.994051592231776
86,1.07473983426789,1.07473983426789,0.994827600917733,1.11164186376829,0.992508430539756,0.992508430539756,0.891201002575619,1.0629097735444,0.90161585842101,0.90161585842101,0.771210593280016,0.941417896473096,0.679908588837364,0.679908588837364,0.723544014437885,0.779135803885493,0.701589640271628,0.701589640271628,0.752617361600941,0.669980623731316,0.69590792266751,0.69590792266751,0.566159038739482,0.768413931568767,0.910979954023395,0.910979954023395,0.840900748300439,1.0015770713433
87,1.07455530003614,1.07455530003614,0.99298079123845,1.11103791348966,0.992037262649175,0.992037262649175,0.892685433023827,1.06680608617932,0.900664363516794,0.900664363516794,0.77380423220045,0.940420631752256,0.6773973096459,0.6773973096459,0.712792029729596,0.790096443288903,0.701792730482608,0.701792730482608,0.748724045845025,0.680891308359476,0.704076959579997,0.704076959579997,0.574421247913853,0.781529555218744,0.918892621790701,0.918892621790701,0.849350067420466,1.00755465569918
88,1.07483210138377,1.07483210138377,0.991301126055363,1.11087869023438,0.994675802836431,0.994675802836431,0.894863556151222,1.06841996475227,0.898670755146055,0.898670755146055,0.774657751130899,0.939725170828512,0.675993153538845,0.675993153538845,0.700370482178406,0.795928501936266,0.715486813280069,0.715486813280069,0.745914944603415,0.700106108138033,0.714180947687769,0.714180947687769,0.584299825465745,0.796917448579538,0.918256511961684,0.918256511961684,0.84639029744882,1.00583199863242
89,1.07565003689749,1.07565003689749,0.991186042959621,1.11084574749191,0.995422940491495,0.995422940491495,0.896822429260844,1.06900584940125,0.895188413251713,0.895188413251713,0.77400934140079,0.940243486045265,0.699836804356724,0.699836804356724,0.694515881809297,0.814105462934469,0.724045615028482,0.724045615028482,0.738325443003274,0.716898874331057,0.712845558834686,0.712845558834686,0.59224986048995,0.796178442928907,0.920625936933263,0.920625936933263,0.84577756056607,1.00849623223256
90,1.07473484685623,1.07473484685623,0.989857107211176,1.10939901205173,0.993854624512846,0.993854624512846,0.896243752984423,1.06639632636347,0.888081328865119,0.888081328865119,0.770502635717551,0.937770007099497,0.741826472558087,0.741826472558087,0.694026143375379,0.865164342142902,0.734577293112123,0.734577293112123,0.736797686187662,0.731615611736483,0.702939153771503,0.702939153771503,0.58053986125709,0.796164629739176,0.925748472170115,0.925748472170115,0.84884124497982,1.00999419489931
91,1.07399670992921,1.07399670992921,0.988256904165625,1.10667849056934,0.992885364852222,0.992885364852222,0.898155900680421,1.06506280976978,0.881394973517804,0.881394973517804,0.767201039234651,0.934548579613099,0.785058278854152,0.785058278854152,0.707627515335553,0.941276111416274,0.743165107747819,0.743165107747819,0.70826313147025,0.748408377929507,0.697454520982051,0.697454520982051,0.573769150800175,0.803009065251091,0.921265412422752,0.921265412422752,0.844150762058651,1.00454089747679
92,1.07368998411156,1.07368998411156,0.988815879202085,1.10262927847395,0.991111754292676,0.991111754292676,0.897818039997293,1.06063452825113,0.881213736393191,0.881213736393191,0.767194422808834,0.937848738524826,0.818542001407006,0.818542001407006,0.735342258527725,0.995330444871602,0.694017276690829,0.694017276690829,0.662307220807062,0.732192286399705,0.686764596948947,0.686764596948947,0.567192682036696,0.794583019514929,0.920117722202143,0.920117722202143,0.841474069360322,1.00048213196546
93,1.07234338296092,1.07234338296092,0.987719849718831,1.09818200824037,0.987850599392867,0.987850599392867,0.89707043337931,1.05554847439651,0.891673707585119,0.891673707585119,0.76903378918608,0.958332031014714,0.851215633898099,0.851215633898099,0.784983927056676,1.03086742480067,0.676435466997478,0.676435466997478,0.641041831583292,0.71664513747924,0.666365850897249,0.666365850897249,0.541594401723155,0.787710957623551,0.919999924085658,0.919999924085658,0.843115200894238,0.995171497654059
94,1.07190449073404,1.07190449073404,0.988015777679309,1.09566188844134,0.984007215599696,0.984007215599696,0.894011715918231,1.05011376525998,0.906470424258848,0.906470424258848,0.777674841303648,0.979359882529797,0.878866708006263,0.878866708006263,0.806064940553051,1.05680533543856,0.675303964393451,0.675303964393451,0.587176083213464,0.717544749953866,0.660779019981286,0.660779019981286,0.53577408812341,0.784091901913921,0.916630897954194,0.916630897954194,0.840979579946173,0.988280869387018
95,1.07207406273079,1.07207406273079,0.987865073625362,1.09309784498568,0.980089791138005,0.980089791138005,0.8903563508678,1.04413630408667,0.925124902585045,0.925124902585045,0.791178966397029,0.998097961758215,0.883430215354192,0.883430215354192,0.814457276443371,1.05966463267423,0.596592001195331,0.596592001195331,0.479025685411463,0.688111275143015,0.646123808639534,0.646123808639534,0.528642643092971,0.769995541793014,0.917879557988932,0.917879557988932,0.842742542205314,0.986283585831354
96,1.07195685855657,1.07195685855657,0.988002077310769,1.09028398573296,0.975960341125553,0.975960341125553,0.888041645762119,1.03793599108369,0.931041000152757,0.931041000152757,0.808897754736116,1.00196236255147,0.872169963495692,0.872169963495692,0.808291024343587,1.0540368095437,0.539639703459279,0.539639703459279,0.412001515436196,0.652841852740358,0.63706224142218,0.63706224142218,0.524792495240934,0.766804694965058,0.922843907183648,0.922843907183648,0.848429170468029,0.98854122956481
97,1.07136585027379,1.07136585027379,0.987933575468065,1.08732737459619,0.972655434921618,0.972655434921618,0.886151063641641,1.03285353161342,0.932290241761694,0.932290241761694,0.815891316825142,1.00012529596045,0.854834036173972,0.854834036173972,0.797427735445772,1.0407388081143,0.489215305361848,0.489215305361848,0.347367545640195,0.629175124561727,0.634473222217222,0.634473222217222,0.528205599282739,0.771528805853201,0.929060282073573,0.929060282073573,0.85551326881421,0.989618336053757
98,1.07060277628842,1.07060277628842,0.988084279522013,1.08486764982502,0.97087845887714,0.97087845887714,0.888411854808525,1.03079035499677,0.928147678913406,0.928147678913406,0.821773319376841,0.99390551335942,0.839631346014893,0.839631346014893,0.791239222508082,1.02573884404462,0.443723098102485,0.443723098102485,0.304023606306925,0.594044104078243,0.638036530228257,0.638036530228257,0.535836522953443,0.77616313100809,0.930722918346244,0.930722918346244,0.860329165717228,0.988027642364782
99,1.07092197063524,1.07092197063524,0.989889988095674,1.08226791839836,0.97415307571668,0.97415307571668,0.892131916585512,1.03328485773537,0.918076072988505,0.918076072988505,0.818339394377593,0.98286999190907,0.833717688564026,0.833717688564026,0.798229125610364,1.0140747267499,0.414768236594293,0.414768236594293,0.282437880976656,0.572661007565972,0.641722475991105,0.641722475991105,0.544716143224806,0.777551356576097,0.936616189830954,0.936616189830954,0.865281226371969,0.992196971787231
100,1.07124615239373,1.07124615239373,0.990328399888975,1.07975328905641,0.975896396911831,0.975896396911831,0.896980576814648,1.04294296848262,0.909409054779352,0.909409054779352,0.815593577663358,0.972182200920593,0.828587118172863,0.828587118172863,0.809337283725139,1.00819728243213,0.400580934713025,0.400580934713025,0.26883591706991,0.564679830226979,0.641599838239291,0.641599838239291,0.547768512693088,0.777088614720095,0.94337443605671,0.94337443605671,0.873257555617592,0.998420650009791
101,1.07149053556551,1.07149053556551,0.992117668020387,1.07752416348254,0.984875510712339,0.984875510712339,0.900556868088177,1.05718032489121,0.906878207789226,0.906878207789226,0.817260916969351,0.96552283452814,0.82669690802875,0.82669690802875,0.822782829819975,1.00368140822658,0.386799813253716,0.386799813253716,0.250379629087751,0.56135818416682,0.651077011171126,0.651077011171126,0.56155967292705,0.783477214970873,0.950536561538984,0.950536561538984,0.881011722952512,1.00786138138808
102,1.0716700823856,1.0716700823856,0.992073826841057,1.07682687543357,0.989459301190709,0.989459301190709,0.89682602352343,1.06056264056414,0.903272883560326,0.903272883560326,0.82107859466601,0.957708740564189,0.824023610824933,0.824023610824933,0.842350106338786,0.994853895332323,0.349663317531787,0.349663317531787,0.218025682331308,0.544796087839085,0.66078583318972,0.66078583318972,0.575454891211066,0.790742952769596,0.957422702862637,0.957422702862637,0.888704974924818,1.0172807132997
103,1.07539817260821,1.07539817260821,0.990344840331224,1.07951994463057,0.990613662522633,0.990613662522633,0.892239744463106,1.05758649032271,0.901428148541947,0.901428148541947,0.826781953720638,0.951784200808145,0.829046169207862,0.829046169207862,0.86803911328157,0.991064191853297,0.335650092974215,0.335650092974215,0.217803911180654,0.528718398228455,0.672259276192746,0.672259276192746,0.589239114241691,0.799638646956626,0.961959613177537,0.961959613177537,0.89612589939368,1.02725286476691
104,1.07580464665924,1.07580464665924,0.988240463723376,1.08369543723876,0.987800117118876,0.987800117118876,0.887272473568617,1.05172045506424,0.907758502394488,0.907758502394488,0.838340849623693,0.948628382842855,0.839712355021069,0.839712355021069,0.902209499466296,0.981941672101391,0.333009920231484,0.333009920231484,0.220884066050841,0.52532755120871,0.683698653153601,0.683698653153601,0.60380030404606,0.807912747605743,0.967361498233482,0.967361498233482,0.902568594804117,1.03488890778955
105,1.07550540195909,1.07550540195909,0.986018263946079,1.08625399023734,0.984239434060054,0.984239434060054,0.885216555369161,1.04770193336143,0.909700328729623,0.909700328729623,0.848166241962582,0.945866222004212,0.851566672924862,0.851566672924862,0.935021974538796,0.973091466371929,0.332400649598546,0.332400649598546,0.224703458089873,0.525627422033585,0.696446166133804,0.696446166133804,0.617841203600154,0.819053085124127,0.972534518377399,0.972534518377399,0.907828815528544,1.04216829303439
106,1.07427849868851,1.07427849868851,0.984102952424093,1.08676734797418,0.980880680097195,0.980880680097195,0.8816222927827,1.04253320866677,0.91024404010346,0.91024404010346,0.854127641624089,0.941345725999878,0.860153627579546,0.860153627579546,0.961668197511511,0.966260922975601,0.325524595312533,0.325524595312533,0.232095829778321,0.521083225687396,0.708328401642877,0.708328401642877,0.630668092570273,0.829779026950569,0.97883840043957,0.97883840043957,0.913633691259861,1.04965453979035
107,1.07267753954275,1.07267753954275,0.981730048592848,1.08688813802991,0.977555580983664,0.977555580983664,0.880105513971213,1.03748669304,0.913823473314559,0.913823473314559,0.864383101641111,0.938780393724559,0.87827264196097,0.87827264196097,1.00434222377608,0.960111164635385,0.31876459257565,0.31876459257565,0.238330063235579,0.506274220335855,0.718309751998835,0.718309751998835,0.642745763579995,0.839351567434438,0.985260080618226,0.985260080618226,0.918958410603525,1.0568839929463
108,1.07080726016685,1.07080726016685,0.979954480829976,1.08463156017065,0.975230030895152,0.975230030895152,0.881704960822188,1.03526536351197,0.913642236189947,0.913642236189947,0.872018457034428,0.933538192988037,0.903088400852965,0.903088400852965,1.03768895895831,0.967372871900584,0.315544162087264,0.315544162087264,0.243800418285031,0.499215722458018,0.732051993410416,0.732051993410416,0.657175146520961,0.85178343819271,0.990853808321018,0.990853808321018,0.923734891683677,1.06372825570223
109,1.06891204373262,1.06891204373262,0.979754455449282,1.08190554823118,0.979480638365182,0.979480638365182,0.888289649880585,1.03278883269513,0.918749239451352,0.918749239451352,0.881228521772296,0.934108995821676,0.925959943596729,0.925959943596729,1.07655638194107,0.967032479372528,0.310815061460175,0.310815061460175,0.243578647134378,0.497347296549179,0.74377071191707,0.74377071191707,0.670217088794526,0.864387973822624,0.99685814660127,0.99685814660127,0.929511101361999,1.07048335401371
110,1.06792204251631,1.06792204251631,0.979485928225885,1.07925365746226,0.978861389137561,0.978861389137561,0.891603559985302,1.02952872609008,0.920341537046163,0.920341537046163,0.892549226345924,0.932593415884083,0.98272025392423,0.98272025392423,1.15814235286421,0.962176212638926,0.312381757373444,0.312381757373444,0.249837521830598,0.496885956818601,0.756020860681584,0.756020860681584,0.682752615224491,0.877109921565255,1.00262688864855,1.00262688864855,0.934835820705663,1.07676766405849
111,1.06575750585195,1.06575750585195,0.97831865682622,1.07571505787517,0.980456628995672,0.980456628995672,0.897458613738647,1.02562522468646,0.920503355907424,0.920503355907424,0.898351831787813,0.929805011236997,1.10069636991893,1.10069636991893,1.25660203891961,0.97806119728155,0.318097296168147,0.318097296168147,0.254864334578743,0.502398966599004,0.768066613193074,0.768066613193074,0.695232644027759,0.890246264999829,1.00825090729558,1.00825090729558,0.939590802246069,1.08300560859216
112,1.06352314542422,1.06352314542422,0.977704880315597,1.07165761009417,0.980634999697106,0.980634999697106,0.901523724723935,1.02167859067065,0.939164306988072,0.939164306988072,0.920014009914089,0.938891929910442,1.15340622993761,1.15340622993761,1.27516757773268,1.08303825293409,0.325350517988836,0.325350517988836,0.25878229157362,0.507773574460233,0.779192582565961,0.779192582565961,0.70680389919388,0.903272102916551,1.01345085272327,1.01345085272327,0.944424615432208,1.08895109374804
113,1.06146833181657,1.06146833181657,0.976403345304233,1.06690561949273,0.983869230717454,0.983869230717454,0.905290511914546,1.0192380036973,0.990577395587998,0.990577395587998,0.97618084867828,0.984438059463549,1.14986883666792,1.14986883666792,1.27425488337856,1.09976287247925,0.331878417627457,0.331878417627457,0.265090448747763,0.515385680014763,0.791497236997947,0.791497236997947,0.718687328510166,0.916691616740619,1.01649340978905,1.01649340978905,0.94792545715412,1.09299915952604
114,1.05898210709955,1.05898210709955,0.974033181546696,1.06268345799937,0.983791824564001,0.983791824564001,0.905470225043869,1.01602821847315,1.00082376588306,1.00082376588306,1.00653701032866,0.993636514322877,1.14230799609147,1.14230799609147,1.26786602289972,1.10668418721639,0.342526147260228,0.342526147260228,0.274503402031054,0.522813249677062,0.80303199887688,0.80303199887688,0.729863163086077,0.929758894226536,1.01906477438889,1.01906477438889,0.950229491163525,1.09631964343733
115,1.05586746851224,1.05586746851224,0.970342302261839,1.05864522681814,0.982913432996561,0.982913432996561,0.904665110224502,1.01376375633293,0.999969362295601,0.999969362295601,1.0130806554621,0.992960736255466,1.1234328976524,1.1234328976524,1.25991890376751,1.1042787466848,0.354972675904531,0.354972675904531,0.285838371953342,0.533262594574645,0.814151155041333,0.814151155041333,0.740803132748531,0.941907594595313,1.02195587673347,1.02195587673347,0.953354090939888,1.09972929179307
116,1.05279272921827,1.05279272921827,0.96703503329612,1.05511486291667,0.984862048772608,0.984862048772608,0.913435110935467,1.02770637322486,0.992590422222088,0.992590422222088,1.01453626914194,0.986419467001008,1.09327054435277,1.09327054435277,1.2411975390891,1.09669933972675,0.367158088563289,0.367158088563289,0.297296548070437,0.545557298394538,0.823546569471959,0.823546569471959,0.749641129799873,0.953952696041105,1.02468542737545,1.02468542737545,0.957338672306076,1.10263605268212
117,1.05051597579135,1.05051597579135,0.967040513443536,1.04870749950607,1.0099349115214,1.0099349115214,0.9367618751216,1.03922278068083,0.982421724980431,0.982421724980431,1.01204849303459,0.9777196445021,1.06105596289668,1.06105596289668,1.22338886876482,1.08074627657851,0.383463331216198,0.383463331216198,0.304196094979656,0.560227901826905,0.833725502872506,0.833725502872506,0.758645619731303,0.96583203921012,1.02761018632474,1.02761018632474,0.9621259031561,1.10438010921555
118,1.05081023307983,1.05081023307983,0.968681817594709,1.05112879107768,1.0196847213715,1.0196847213715,0.947314630075449,1.03942766058876,0.967450243936539,0.967450243936539,1.00425434342165,0.964519008855189,1.02905740545705,1.02905740545705,1.20591411100911,1.06207007320583,0.401857501753466,0.401857501753466,0.312549474987602,0.575244510057206,0.843754545687502,0.843754545687502,0.768288332369737,0.977552530697224,1.02649951836931,1.02649951836931,0.966250231530634,1.096373142104
119,1.05010950174033,1.05010950174033,0.96984086877325,1.0496051892384,1.02323530797553,1.02323530797553,0.950585409029129,1.03659888010566,0.952569381454954,0.952569381454954,0.995189840051765,0.951141227501288,0.997112854021546,0.997112854021546,1.18681431208631,1.04604893155198,0.420889955810955,0.420889955810955,0.321863863315047,0.592959955711386,0.85210753922771,0.85210753922771,0.777944919414845,0.986462038073985,1.02235302466905,1.02235302466905,0.966153483601779,1.09390863685942
120,1.04886264882307,1.04886264882307,0.969917590837078,1.04813649196991,1.02365262810718,1.02365262810718,0.952350191959081,1.03166738477807,0.940232311472396,0.940232311472396,0.987838990968597,0.939836707014396,0.975267425356014,0.975267425356014,1.17697502173214,1.03672217628324,0.442504556836609,0.442504556836609,0.331646435182761,0.611482745894076,0.853974358338654,0.853974358338654,0.786248751809237,0.97624027767274,1.02376996772734,1.02376996772734,0.969880070491019,1.09385870477053
121,1.04722677779562,1.04722677779562,0.969720305530092,1.04645092164681,1.02170401233114,1.02170401233114,0.951124548417098,1.02458285322509,0.92922215615218,0.92922215615218,0.982009919823438,0.928807746516157,0.976563569454834,0.976563569454834,1.17915658384687,1.03175244537362,0.458432631954842,0.458432631954842,0.338940241915363,0.628990588669496,0.846943127234661,0.846943127234661,0.78293276861415,0.974209738782222,1.02518691078562,1.02518691078562,0.973549325274271,1.09479314814836
122,1.04521435718716,1.04521435718716,0.969523020223106,1.0438484449916,1.01703271924452,1.01703271924452,0.948184441621373,1.01680460549265,0.91972662537337,0.91972662537337,0.979442746606274,0.919897973549704,0.979614908687473,0.979614908687473,1.18745987638557,1.05943770432219,0.474041565312966,0.474041565312966,0.34613548369212,0.644606938549548,0.852884244989198,0.852884244989198,0.789308058480856,0.979638322346668,1.02715582216116,1.02715582216116,0.977763235064412,1.09633034317067
123,1.04287276740854,1.04287276740854,0.968802380837867,1.04061731100091,1.01128447097942,1.01128447097942,0.943519088784146,1.00899760268542,0.914283038880541,0.914283038880541,0.978622309804913,0.9143014813992,0.971324987055436,0.971324987055436,1.19028700279955,1.06508822028792,0.476739763830262,0.476739763830262,0.338127081029634,0.653233991511349,0.860828446023359,0.860828446023359,0.796862672914852,0.986876433765928,1.0281722516234,1.0281722516234,0.981023998592497,1.09674049961513
124,1.04014714693141,1.04014714693141,0.968139283000498,1.0372242085264,1.00523669455532,1.00523669455532,0.938260682620154,1.00155003831314,0.910587096089334,0.910587096089334,0.978820802579436,0.914045604266879,0.968732698857796,0.968732698857796,1.20264176783702,1.0637039573405,0.436701979380057,0.436701979380057,0.343030687582972,0.60110260195608,0.869160999938265,0.869160999938265,0.805894911659629,0.993803748416231,1.02899683843879,1.02899683843879,0.984797167817853,1.09677259881513
125,1.03729684116255,1.03729684116255,0.967451524499756,1.033943660422,0.999114877462694,0.999114877462694,0.933645649459138,0.994727896817686,0.907311882337407,0.907311882337407,0.976372725026985,0.914957576610279,0.982477226905701,0.982477226905701,1.23654502396688,1.07246339172914,0.44093786092334,0.44093786092334,0.355967338037757,0.591068462816018,0.876614649965171,0.876614649965171,0.81353277253367,0.998797216504137,1.03001326790103,1.03001326790103,0.988770999414167,1.0966156693929
126,1.03424205151527,1.03424205151527,0.966813087325761,1.03080037374456,0.993470959230516,0.993470959230516,0.931176391062239,0.988829512100066,0.911739246381514,0.911739246381514,0.985271817751433,0.916558448925311,1.10606996732862,1.10606996732862,1.38916532864603,1.12261455752943,0.454370827735256,0.454370827735256,0.37218127327442,0.596512271636833,0.883843464113752,0.883843464113752,0.822037783824835,1.00466782213999,1.03032290866436,1.03032290866436,0.993181988318643,1.09658713677068
127,1.03134187162972,1.03134187162972,0.968122842558249,1.02749237335477,0.991162236566667,0.991162236566667,0.932391251816463,0.984469523884055,0.931358165120829,0.931358165120829,1.0060209291149,0.929227647451248,1.23166092990388,1.23166092990388,1.52017035971906,1.18978534973252,0.475869377211779,0.475869377211779,0.388888033290314,0.612682229193578,0.892782393579293,0.892782393579293,0.832263221543578,1.01253443369203,1.03084795169784,1.03084795169784,0.996457084873225,1.09705079188182
128,1.02851400921337,1.02851400921337,0.968700998110666,1.02419535387914,0.987961660395646,0.987961660395646,0.932340932140252,0.979674615161748,0.972887357674918,0.972887357674918,1.05308356595431,0.95804991007395,1.30586517956134,1.30586517956134,1.59892920422822,1.24225118472359,0.497164836477323,0.497164836477323,0.40877351313224,0.628436980992803,0.901728136253268,0.901728136253268,0.842897954259203,1.01922001752203,1.0319316943695,1.0319316943695,0.999639016755577,1.09663350228179
129,1.02508266998507,1.02508266998507,0.968177644032412,1.02126070457068,0.984515403824537,0.984515403824537,0.934271051149182,0.977280755184945,1.01300548975881,1.01300548975881,1.10433440033614,0.984956374680302,1.39570416741081,1.39570416741081,1.71793564367027,1.27418000385526,0.520694288063639,0.520694288063639,0.431295605543047,0.644952943347481,0.910939594056172,0.910939594056172,0.852492106474278,1.02755627752494,1.02957909770027,1.02957909770027,1.00096482170656,1.09191848645931
130,1.02252163409302,1.02252163409302,0.969613442655475,1.01759856969933,0.984855317802742,0.984855317802742,0.939716358967671,0.978308749108917,1.03834632343232,1.03834632343232,1.13870011603189,1.00199516731202,1.58737147602385,1.58737147602385,1.88437992868864,1.37271229430994,0.545848461337789,0.545848461337789,0.453374155652546,0.662299317217199,0.921431935044688,0.921431935044688,0.861205233865554,1.0352778505848,1.02374977376451,1.02374977376451,0.996113092237296,1.08719633748128
131,1.02062392395294,1.02062392395294,0.972580942481385,1.01457058262054,0.991175698506398,0.991175698506398,0.955426880733092,0.990450579441715,1.0955913637921,1.0955913637921,1.18342053813192,1.04203665804418,1.6109720998232,1.6109720998232,1.90632911486333,1.41483019644809,0.568594564967471,0.568594564967471,0.476413714081544,0.677431260380144,0.930411743760833,0.930411743760833,0.866165334251511,1.03674895529119,1.02333916318705,1.02333916318705,0.997084154782473,1.08596943472566
132,1.02085334488972,1.02085334488972,0.978842010904473,1.01185829682376,1.00873679888535,1.00873679888535,0.979893026159133,1.00290512121292,1.14958708141776,1.14958708141776,1.25957559929058,1.07911915937437,1.58769551204855,1.58769551204855,1.894174697367,1.40316607915337,0.592530196975745,0.592530196975745,0.501326006671615,0.696300055360768,0.938717044842002,0.938717044842002,0.877514598910848,1.04054758246733,1.02344349866165,1.02344349866165,0.998904449147602,1.08447860521447
133,1.02260642009139,1.02260642009139,0.986363513233304,1.00987349658989,1.02478343104458,1.02478343104458,0.99824892518819,1.00856987094782,1.15859715561278,1.15859715561278,1.2728679987578,1.08321975444361,1.55893731485598,1.55893731485598,1.87625472285319,1.37663815480018,0.616697932082282,0.616697932082282,0.525400497136996,0.719390108876176,0.948194217773837,0.948194217773837,0.888385196539931,1.04478823171488,1.02249438240883,1.02249438240883,1.0001442559396,1.08340863188107
134,1.02402783241707,1.02402783241707,0.991616234531799,1.01040881615504,1.03427409855486,1.03427409855486,1.01636041436137,1.02020489308733,1.15685598466561,1.15685598466561,1.27251071176366,1.07901418414059,1.53665983815751,1.53665983815751,1.85991526783065,1.35038254446945,0.63941502282468,0.63941502282468,0.550386713443952,0.73207695146706,0.955797758386293,0.955797758386293,0.895821878517198,1.04801361151716,1.02318770846585,1.02318770846585,1.00291769656678,1.08180010530321
135,1.02535448392103,1.02535448392103,1.00112977044644,1.00996683436022,1.06732652607914,1.06732652607914,1.05869363910471,1.03809414399507,1.15306295055765,1.15306295055765,1.26737636532933,1.0735489110323,1.50557938278788,1.50557938278788,1.8343375650774,1.32399077712749,0.663379667720237,0.663379667720237,0.575101876122331,0.75163775604355,0.96438240101326,0.96438240101326,0.904888803278661,1.05130115067324,1.02446665944483,1.02446665944483,1.005519140876,1.08053753676981
136,1.03031695853173,1.03031695853173,1.01133380493554,1.01070255560874,1.07966439384251,1.07966439384251,1.07133466062129,1.03804382261418,1.15077159548219,1.15077159548219,1.26512678055141,1.06923836549552,1.47946747979707,1.47946747979707,1.80742421204982,1.29578358296923,0.687170235292098,0.687170235292098,0.601320154377362,0.767023436058313,0.971958688791981,0.971958688791981,0.914212404563593,1.05129424407837,1.02561771532591,1.02561771532591,1.00855415923676,1.07851172059192
137,1.03151144362646,1.03151144362646,1.01634813982142,1.01084805272132,1.08075144547578,1.08075144547578,1.07587421426799,1.03447100457072,1.14426647725949,1.14426647725949,1.25770976721006,1.06159485628644,1.44360749306304,1.44360749306304,1.77024861274787,1.2659198118411,0.709103978077862,0.709103978077862,0.624285789089475,0.782086178261672,0.978703765141741,0.978703765141741,0.922648043821389,1.0535043544354,1.02663414478815,1.02663414478815,1.01079369462693,1.07662143436959
138,1.03151643103813,1.03151643103813,1.01983899372559,1.01036214726987,1.07747682863624,1.07747682863624,1.07614737822456,1.02936338441,1.13779372280904,1.13779372280904,1.24966419341606,1.05489612418133,1.40496619711696,1.40496619711696,1.73596692237361,1.23097284562732,0.724683898548703,0.724683898548703,0.645896155658707,0.796410776896106,0.98511499427823,0.98511499427823,0.930292841898766,1.05575590436162,1.02809820709303,1.02809820709303,1.01349905337825,1.07486667810283
139,1.03096781575454,1.03096781575454,1.0219324100386,1.00931896042496,1.07316900792235,1.07316900792235,1.07687701352961,1.02446064415721,1.12739847916161,1.12739847916161,1.23788695546103,1.04429362557029,1.36781006628412,1.36781006628412,1.69961497407416,1.19350697470594,0.742729914438578,0.742729914438578,0.663810336383713,0.810942978409301,0.993134140605167,0.993134140605167,0.939116964543434,1.05778644325214,1.02948485920708,1.02948485920708,1.01621874515607,1.07330451703608
140,1.03036433894259,1.03036433894259,1.02417653040557,1.00805615529691,1.06891503496739,1.06891503496739,1.07577716917816,1.01831065253512,1.11708738132205,1.11708738132205,1.22635452526125,1.03297598317918,1.323633154916,1.323633154916,1.65756425127094,1.15533762589323,0.763125974198356,0.763125974198356,0.682513036755488,0.826697730208526,1.00160977189719,1.00160977189719,0.948835986418575,1.0599689272297,1.03143694228026,1.03143694228026,1.01965150500212,1.07222741054713
141,1.02923469019955,1.02923469019955,1.02490813008564,1.00642823477313,1.06298505051593,1.06298505051593,1.07343730423437,1.01170776848499,1.10604486222958,1.10604486222958,1.21425969886698,1.02072012463622,1.27915921052523,1.27915921052523,1.61849648074703,1.11503515057137,0.782941776212479,0.782941776212479,0.699761904028535,0.849280310020299,1.01093024103504,1.01093024103504,0.958881056850555,1.06365704888799,1.03225479777471,1.03225479777471,1.02186595759592,1.069723672947
142,1.02796040651811,1.02796040651811,1.02530818084703,1.00495404704756,1.05565165884752,1.05565165884752,1.06961660310496,1.00415237258222,1.09380488356378,1.09380488356378,1.20112609361937,1.00769007374419,1.22928466572271,1.22928466572271,1.57949549273685,1.07232723471792,0.805339725194767,0.805339725194767,0.721495476792573,0.868172171987452,1.02065950267893,1.02065950267893,0.969938958969738,1.06824993447368,1.03186101549961,1.03186101549961,1.02301618297231,1.06694530885796
143,1.02645420819406,1.02645420819406,1.02457658116695,1.00329043855278,1.04727496684997,1.04727496684997,1.06481466828945,0.996611354216853,1.08012148065553,1.08012148065553,1.18706618875733,0.993452807663775,1.18386561625989,1.18386561625989,1.53931468031767,1.02902930514917,0.827476558191511,0.827476558191511,0.739877841057848,0.888978593836501,1.02687996197927,1.02687996197927,0.978332975007511,1.06916851159082,1.03208651475116,1.03208651475116,1.02367191893455,1.06576120503567
144,1.0251500000426,1.0251500000426,1.02389430281363,1.00146486157418,1.0388545235483,1.0388545235483,1.06021041791619,0.988656981651287,1.06553189212421,1.06553189212421,1.17253651766225,0.97871690922294,1.1350171855356,1.1350171855356,1.49969038884613,0.984891740677878,0.846247896263454,0.846247896263454,0.758383411517931,0.906624838531094,1.03263030989765,1.03263030989765,0.983882737677113,1.07246986393663,1.03345633856286,1.03345633856286,1.02460356565686,1.06534034885787
145,1.02368619471774,1.02368619471774,1.02352987301045,0.999386723569967,1.03070331904124,1.03070331904124,1.05519642160808,0.98054805055869,1.05045037425466,1.05045037425466,1.15849646207765,0.963830108883557,1.08708685688131,1.08708685688131,1.46309357132972,0.940935718888218,0.867746445739977,0.867746445739977,0.773882750824711,0.924132681306514,1.04176000919935,1.04176000919935,0.99303290887862,1.07990136001213,1.03548246616639,1.03548246616639,1.02581112313924,1.06514418708008
146,1.02201042439694,1.02201042439694,1.0229078762787,0.996858368085321,1.02243095707661,1.02243095707661,1.04942403589422,0.971630382987444,1.03554362075528,1.03554362075528,1.14526361044279,0.948825211406179,1.04204584944731,1.04204584944731,1.42740944816743,0.896979697098557,0.883587482196363,0.883587482196363,0.787878974554841,0.932921203174017,1.05153696330228,1.05153696330228,1.00028922356913,1.08816855406638,1.03769370509584,1.03769370509584,1.02825132090037,1.06487312716896
147,1.01966634091249,1.01966634091249,1.02155427986688,0.992504435622076,1.01341482294184,1.01341482294184,1.04296514602635,0.962655205266604,1.01965948133387,1.01965948133387,1.13155437614906,0.933085487292393,1.00002917824389,1.00002917824389,1.39377332209243,0.852910211132878,0.911933073071616,0.911933073071616,0.807567324485075,0.941040782432183,1.06164095141005,1.06164095141005,1.00773977995307,1.09890830908255,1.04038286781216,1.04038286781216,1.03063776981213,1.06407778032447
148,1.01692077078868,1.01692077078868,1.01997051726358,0.988795631865554,1.00435157201801,1.00435157201801,1.03606416186035,0.953482336406539,1.00387890598367,1.00387890598367,1.11902286565085,0.917299836513831,0.952719918636954,0.952719918636954,1.35361477051117,0.806412591800398,0.944543558377435,0.944543558377435,0.828758789991961,0.957672079719505,1.07329153783236,1.07329153783236,1.01810396173855,1.1091300694838,1.03987465308104,1.03987465308104,1.03197790778961,1.05914876983531
149,1.01430986077994,1.01430986077994,1.01809630684722,0.98516918496521,0.994692630261094,0.994692630261094,1.02891517357588,0.944683283518827,0.989341099487962,0.989341099487962,1.10781464031611,0.901284552411391,0.902926382840612,0.902926382840612,1.3118089169249,0.760391522007196,0.96995884763713,0.96995884763713,0.842878219916897,0.97241188411146,1.08270057867986,1.08270057867986,1.02660897302971,1.11727985142533,1.03905679758659,1.03905679758659,1.03134725462374,1.05576408752402
150,1.01155431583279,1.01155431583279,1.01551515741415,0.982042369659008,0.984868779742473,0.984868779742473,1.02131330820551,0.935413366281324,0.973961834913692,0.973961834913692,1.09836638424882,0.885925363520031,0.856400210293379,0.856400210293379,1.26978045495959,0.716004336348665,1.00077053393142,1.00077053393142,0.859929957278252,0.99051946853663,1.08550762055471,1.08550762055471,1.0338236645002,1.1172660382356,1.03961549722477,1.03961549722477,1.03167333097655,1.05410919543504
151,1.00847708283299,1.00847708283299,1.01273946274781,0.978448865501135,0.974900213371745,0.974900213371745,1.01382286497533,0.92623330865256,0.957708748488612,0.957708748488612,1.08670162553268,0.869155569924851,0.809874037746146,0.809874037746146,1.22844207896933,0.670346351918723,1.03413535430659,1.03413535430659,0.88198386614879,1.01455526849972,1.09024961362484,1.09024961362484,1.03816635378916,1.12321261641497,1.04056461347759,1.04056461347759,1.03157658304769,1.05232233996827
152,1.00511307366222,1.00511307366222,1.00964317945762,0.974668685802592,0.964632118842004,0.964632118842004,1.00571061431768,0.916657868745344,0.940879586917441,0.940879586917441,1.07368711594979,0.852582604892994,0.763752910229795,0.763752910229795,1.18501118421598,0.626503794305082,1.06253897095641,1.06253897095641,0.898912397315337,1.03243218305961,1.09633380875649,1.09633380875649,1.04398666738891,1.12996726619363,1.03945731118264,1.03945731118264,1.03054818839653,1.04899115632365
153,1.00068923951178,1.00068923951178,1.00602354208917,0.970218670340474,0.954461623375312,0.954461623375312,0.998198605511979,0.906949436617196,0.923946861275064,0.923946861275064,1.06039471648257,0.835734079872484,0.720035049896672,0.720035049896672,1.14200324538282,0.583228557571534,1.07817691720181,1.07817691720181,0.917048349190997,1.04133603985975,1.10151184716641,1.10151184716641,1.04897451658821,1.13586549820895,1.03685565563856,1.03685565563856,1.02691834943614,1.04304923774555
154,0.996467395533935,0.996467395533935,1.00196001278001,0.965527074766902,0.944176701420908,0.944176701420908,0.990920223774396,0.897093634730715,0.907052972159389,0.907052972159389,1.0473868233255,0.819213602457514,0.680340636870304,0.680340636870304,1.10262382312824,0.5394313856283,1.09349572168711,1.09349572168711,0.930872084248396,1.03529248938919,1.10117799995314,1.10117799995314,1.04940462319511,1.13717775123343,1.03209661173257,1.03209661173257,1.02084831271463,1.03660443170075
155,0.991714392213337,0.991714392213337,0.997526573520246,0.961120982961411,0.93451775966399,0.93451775966399,0.984457739643939,0.886716647113549,0.889660680951029,0.889660680951029,1.0343326151877,0.803126147881856,0.648072049410093,0.648072049410093,1.07631151272411,0.49772195452381,1.10713177871,1.10713177871,0.940432884965456,1.04682598265363,1.09207555348518,1.09207555348518,1.04374386527211,1.12960121666575,1.02479312851052,1.02479312851052,1.01359938456373,1.02848690067809
156,0.987273102122054,0.987273102122054,0.993284939420053,0.956503508558399,0.923812152092995,0.923812152092995,0.97638143161216,0.876364820186829,0.872792682853156,0.872792682853156,1.02164231046986,0.787228960917411,0.651663448683907,0.651663448683907,1.11097163734275,0.458576813797345,1.10031375019856,1.10031375019856,0.936490286731617,1.04770252814172,1.07881704987242,1.07881704987242,1.03167313146573,1.11863354401901,1.01322871913218,1.01322871913218,1.00176747119039,1.02269121178889
157,0.982662240034024,0.982662240034024,0.988722716696008,0.951663670643707,0.912729610209535,0.912729610209535,0.968351848994006,0.865560100832066,0.856533123673625,0.856533123673625,1.01020251023152,0.771338334905076,0.6635177665877,0.6635177665877,1.12711074482414,0.428236493129933,1.07504352537528,1.07504352537528,0.922567986718372,1.03810666174571,1.06787503712725,1.06787503712725,1.02169049586378,1.11117442156405,1.00755084991762,1.00755084991762,0.995446606505181,1.01582554956629
158,0.978360597469475,0.978360597469475,0.983689201294164,0.947161495839343,0.901569662172622,0.901569662172622,0.959941274541687,0.854744598324254,0.845645950687967,0.845645950687967,1.00229588137969,0.757914626886399,0.644615665146573,0.644615665146573,1.1086787710385,0.396012667140611,1.08009176776248,1.08009176776248,0.934100086552352,1.04968628898321,1.05987633042562,1.05987633042562,1.01226283652879,1.10710643718815,0.999089579493539,0.999089579493539,0.988247843947024,1.00631348663244
159,0.973759710204782,0.973759710204782,0.978842010904473,0.942681282863293,0.890197688584948,0.890197688584948,0.951886532085428,0.843806886748557,0.850694699159319,0.850694699159319,1.01687186745549,0.750461385288541,0.617558657083701,0.617558657083701,1.08554976045483,0.364651168889031,1.08635855141555,1.08635855141555,0.945508980191524,1.07139232330688,1.04981322156845,1.04981322156845,1.00449316879135,1.10067639736817,0.991123061158697,0.991123061158697,0.980647756646949,0.996384134098569
160,0.968580283186481,0.968580283186481,0.973537228205524,0.937981451604103,0.878664171720503,0.878664171720503,0.943777875690372,0.832542086197051,0.845607114161265,0.845607114161265,1.02801392853205,0.738835378148221,0.587666333804661,0.587666333804661,1.05558667263422,0.335354718640992,1.08464679106587,1.08464679106587,0.950363304266938,1.08520944823768,1.03063403982646,1.03063403982646,0.989064828569855,1.08954987303952,0.980682782377675,0.980682782377675,0.971768446732009,0.984075874186789
161,0.964198842035227,0.964198842035227,0.96841603044502,0.934042048650284,0.867026324823144,0.867026324823144,0.936089748017931,0.82115148219331,0.834014410940508,0.834014410940508,1.024427825739,0.724814623487461,0.551320293033578,0.551320293033578,1.02215089410037,0.305127862149599,1.07884421360932,1.07884421360932,0.958741325513847,1.09328289352279,1.01095749386877,1.01095749386877,0.971069723113669,1.07280138049018,0.968825560538364,0.968825560538364,0.960574353037791,0.971953076319464
162,0.960061784055756,0.960061784055756,0.963968890816717,0.930533646577127,0.855846183876635,0.855846183876635,0.928789800704829,0.810353951607246,0.82080999186159,0.82080999186159,1.0178974134572,0.710964453581583,0.516432414373668,0.516432414373668,0.989049028135102,0.281300385185663,1.07072060517015,1.07072060517015,0.963694214545107,1.09379036722643,0.984890158399904,0.984890158399904,0.949723948445711,1.05056905161747,0.961730748265509,0.961730748265509,0.954099408317736,0.964424030630166
163,0.955727723315358,0.955727723315358,0.95980671885406,0.926385606254326,0.84514057630564,0.84514057630564,0.923707513407573,0.799678630089067,0.806058584469014,0.806058584469014,1.00858148590625,0.697035552250375,0.477953136439944,0.477953136439944,0.954099512623688,0.26178454691044,1.05035355829765,1.05035355829765,0.962338946402225,1.09427477394353,0.96556108607236,0.96556108607236,0.928947024451387,1.03666607615281,0.957153450024958,0.957153450024958,0.951942287829926,0.959455787785452
164,0.951505879337513,0.951505879337513,0.956792637775111,0.922083833133327,0.83897500790889,0.83897500790889,0.930565366422541,0.789919876580024,0.789695461218276,0.789695461218276,0.996685152286505,0.682030654772997,0.438717774448574,0.438717774448574,0.92070825576565,0.247488060732078,1.0270562098096,1.0270562098096,0.964458092952914,1.07759734268315,0.955961275388712,0.955961275388712,0.921482593660772,1.02817096446799,0.952868964245383,0.952868964245383,0.951558879371129,0.953806328585145
165,0.947807713584918,0.947807713584918,0.958280497798628,0.915871380949012,0.838426433864856,0.838426433864856,0.932980710880642,0.77968666433684,0.773532993355502,0.773532993355502,0.984596942318055,0.667589999177147,0.403802892786606,0.403802892786606,0.886114913660722,0.236799735351113,1.01330410123757,1.01330410123757,0.968252843752984,1.04885587746817,0.948480372528069,0.948480372528069,0.91917250494955,1.02109170473064,0.948547456200627,0.948547456200627,0.952418860960954,0.947500619073691
166,0.944722999467615,0.944722999467615,0.957521497381475,0.910608777839277,0.83120410319923,0.83120410319923,0.928689161352408,0.769047286662156,0.756561431186421,0.756561431186421,0.971357474257371,0.653050929299636,0.368536972097873,0.368536972097873,0.851655136583226,0.22570293893648,1.00912624546885,1.00912624546885,0.973895687475166,1.02855692932275,0.940829139456573,0.940829139456573,0.917660194622084,1.01444065387496,0.937945625716997,0.937945625716997,0.950129159978045,0.933548166806267
167,0.939952540206175,0.939952540206175,0.954425214091283,0.905302251072913,0.822824045716747,0.822824045716747,0.923552960116355,0.759026143095596,0.738981430098999,0.738981430098999,0.957118925898255,0.638538103230567,0.336241381635603,0.336241381635603,0.819755355864847,0.21746543975752,1.00352675822328,1.00352675822328,0.975546650485586,1.01762317770806,0.929859873877671,0.929859873877671,0.917937682755564,0.99726395244395,0.930480590792333,0.930480590792333,0.948258700020177,0.924039670450195
168,0.935571099054921,0.935571099054921,0.951134385567812,0.900113769133738,0.813794449642249,0.813794449642249,0.917097664511071,0.748721043165421,0.721738012242999,0.721738012242999,0.943191349552558,0.62436644667126,0.306484073366857,0.306484073366857,0.792151916862201,0.211270295746896,0.975906489530095,0.975906489530095,0.967760018973754,1.00170695700314,0.9049712234679,0.9049712234679,0.905020610142064,0.979223926654725,0.923681956640925,0.923681956640925,0.946029914399881,0.91486999898303
169,0.931152252316149,0.931152252316149,0.947588730189486,0.895262950304889,0.804148969825062,0.804148969825062,0.909697077845547,0.738491425306587,0.703711391098495,0.703711391098495,0.928535966366943,0.610719666280816,0.278914008264869,0.278914008264869,0.762033003176251,0.203146260743954,0.935346473108801,0.935346473108801,0.946938172051291,0.981707879682598,0.885853360601812,0.885853360601812,0.899935640096041,0.961080301942514,0.920625936933263,0.920625936933263,0.946467071708042,0.90885674884937
170,0.926025193120373,0.926025193120373,0.943536161175154,0.890132118165038,0.794049149541957,0.794049149541957,0.902343216593648,0.728110843305071,0.686027825939865,0.686027825939865,0.913655624703536,0.596403668775071,0.264278381149024,0.264278381149024,0.73474121590428,0.196973809568535,0.853007899000337,0.853007899000337,0.893860943328231,0.955803653810666,0.869597045278047,0.869597045278047,0.885853117321925,0.949484129162993,0.918455085929472,0.918455085929472,0.946406156345429,0.903642412137976
171,0.920853247219575,0.920853247219575,0.93942879068666,0.88491343871193,0.783979618623247,0.783979618623247,0.893785277375284,0.717723072534856,0.668881499400623,0.668881499400623,0.898490776729979,0.583248959792936,0.264710429181964,0.264710429181964,0.711990639565004,0.194001048156844,0.80989474849816,0.80989474849816,0.857490474621064,0.945677246724488,0.857578545600293,0.857578545600293,0.87720936196402,0.941900688000448,0.917176134950495,0.917176134950495,0.945169932810056,0.899794074715544
172,0.915055381154313,0.915055381154313,0.934513098454266,0.879225325178612,0.773674503759247,0.773674503759247,0.885148264380018,0.707683957046548,0.652790231836804,0.652790231836804,0.88451688540356,0.570337006038901,2.92701741116069,2.92701741116069,2.06578349677941,0.234530451830738,0.777516366290603,0.777516366290603,0.839206675311635,0.93183705480716,0.848040053792552,0.848040053792552,0.872124391917996,0.934973373350144,0.913446983148633,0.913446983148633,0.94226032843115,0.893527597559649
173,0.909696407315926,0.909696407315926,0.929920734919432,0.873822715413375,0.763705937388518,0.763705937388518,0.876507657122166,0.698119300292381,0.639754104373597,0.639754104373597,0.872018457034428,0.560718650244482,2.89701707587341,2.89701707587341,2.01108861804595,2.86739857784002,0.770930440877417,0.770930440877417,0.829818363267305,0.93596604539583,0.836546171164223,0.836546171164223,0.863307206476666,0.928702185212083,0.911117946102706,0.911117946102706,0.938426243843181,0.888366759514924
174,0.904162874069123,0.904162874069123,0.925188627625482,0.868000085681633,0.754211904393304,0.754211904393304,0.867701713785336,0.689093801190648,1.60109406810891,1.60109406810891,1.5480252992274,1.64069073339325,2.84114786461385,2.84114786461385,1.95076174732242,2.82997809258904,0.76390932215499,0.76390932215499,0.81769487369825,0.940925447499539,0.822517774998409,0.822517774998409,0.852499043677615,0.925566591143052,0.910475104952746,0.910475104952746,0.936724196946653,0.885203205025863
175,0.897786468250252,0.897786468250252,0.919544075786724,0.861466441758226,0.745209232198268,0.745209232198268,0.859150963092145,0.680657781122242,1.58968907476722,1.58968907476722,1.54014513607883,1.63241737278154,2.78433354828223,2.78433354828223,1.89030131157147,2.78543205708408,0.756075842588646,0.756075842588646,0.800125670318704,0.938065141169958,0.813135986984652,0.813135986984652,0.844021781199798,0.926201997870697,0.909734659649127,0.909734659649127,0.934703240210565,0.881155139247865
176,0.891235503022964,0.891235503022964,0.91315970404677,0.855267715716608,0.737256591302241,0.737256591302241,0.850513950096879,0.673256943746507,1.5742903919296,1.5742903919296,1.52637635395276,1.61814074098846,2.72373881166239,2.72373881166239,1.82636818510728,2.73959252997251,0.738406994233447,0.738406994233447,0.777012188172821,0.929691825059974,0.805668710540878,0.805668710540878,0.839547285047431,0.92505550312299,0.902555705864498,0.902555705864498,0.929962591696657,0.873633226714123
177,0.885143379669228,0.885143379669228,0.907750798546911,0.849409398013856,0.731962683503066,0.731962683503066,0.906652737434815,1.17027043968127,1.55729293874271,1.55729293874271,1.51192607996748,1.60318833112797,2.66074080785931,2.66074080785931,1.76285801456329,2.69087101279006,0.725554285167186,0.725554285167186,0.765578653294688,0.915667097250415,0.792301195593171,0.792301195593171,0.83059135553936,0.916373913376797,0.896776866835802,0.896776866835802,0.920578042597695,0.868618618358295
178,0.932970163869515,0.932970163869515,0.902755644176981,0.844849573410168,1.14318455646274,1.14318455646274,1.12550738632443,1.17547510821942,1.54014013944902,1.54014013944902,1.49666198560666,1.5869696575101,2.59687870799036,2.59687870799036,1.69896940977491,2.64203603143159,0.719171449964979,0.719171449964979,0.756436753639973,0.905033216460602,0.76226175960722,0.76226175960722,0.804271606078771,0.899266277894442,0.894461292431758,0.894461292431758,0.916801290115715,0.864827346180312
179,0.945900028621509,0.945900028621509,0.902794005208895,0.982561217852926,1.1432316732518,1.1432316732518,1.12298061972615,1.17434287714931,1.52340159644016,1.52340159644016,1.48014738676635,1.570737861988,2.53118040398141,2.53118040398141,1.63732914961497,2.592406800841,0.714500375112455,0.714500375112455,0.731302689899248,0.906002029894814,0.74968457683787,0.74968457683787,0.789488425767618,0.891372039962939,0.890129687405589,0.890129687405589,0.913665940569479,0.859909035424489
180,0.946934916542835,0.946934916542835,0.90562176127569,0.983708723382331,1.14159941305943,1.14159941305943,1.11931087762537,1.1724702029032,1.50695432738156,1.50695432738156,1.46552508570982,1.55385653220694,2.46494203993129,2.46494203993129,1.57700227889145,2.54311796277846,0.66056541765381,0.66056541765381,0.671301273028008,0.883073445285108,0.741944772056731,0.741944772056731,0.781482893116716,0.884472351692098,0.888699281705417,0.888699281705417,0.91226488722939,0.856007199335388
181,0.947313959829682,0.947313959829682,0.908794766629711,0.979892855712778,1.13932434524491,1.13932434524491,1.11562316421166,1.16978879217843,1.48990509215908,1.48990509215908,1.4483223785845,1.53615508341203,2.39883869089146,2.39883869089146,1.51716514660184,2.49230870475726,0.643447814156983,0.643447814156983,0.639144456183257,0.861182875069201,0.735274640999746,0.735274640999746,0.77406702274946,0.878125191010514,0.887679486582706,0.887679486582706,0.911591234984027,0.853564093557478
182,0.946209248144989,0.946209248144989,0.911943111320358,0.979170860606956,1.1365983024494,1.1365983024494,1.11198936473675,1.16659338449167,1.47319244016802,1.47319244016802,1.43126523282715,1.51849956128189,2.33119617073428,2.33119617073428,1.46491896003796,2.44188522493453,0.635788411914336,0.635788411914336,0.61859366288937,0.858230300793504,0.730648472472991,0.730648472472991,0.769349724480298,0.871322195067793,0.884758093293883,0.884758093293883,0.91361577497674,0.835987998267634
183,0.946929929131166,0.946929929131166,0.914759907092321,0.980189340395017,1.13380158447031,1.13380158447031,1.10787393407525,1.16329733404313,1.45561243908059,1.45561243908059,1.41352659521062,1.50098838009819,2.26433673763681,2.26433673763681,1.41069155890051,2.39075826722049,0.61594359701293,0.61594359701293,0.594740943574643,0.842475548994279,0.732399467040555,0.732399467040555,0.768059404659616,0.871232409334539,0.873277825427324,0.873277825427324,0.90561794619137,0.830106711511759
184,0.947862575113277,0.947862575113277,0.917439699178877,0.980713679046013,1.13042936856772,1.13042936856772,1.10395259359342,1.15941180456126,1.43785767362301,1.43785767362301,1.39523217782541,1.48288671322452,2.1952090523664,2.1952090523664,1.35793337306481,2.3387462889335,0.598448825981427,0.598448825981427,0.570863583020954,0.827551208710094,0.708205763891063,0.708205763891063,0.765291460528151,0.82186406923447,0.875404922844992,0.875404922844992,0.908226557013838,0.831098220134035
185,0.948348847751009,0.948348847751009,0.919905765516198,0.980914080729378,1.12698984296647,1.12698984296647,1.10019658919057,1.1550913545731,1.41946210547483,1.41946210547483,1.37720903389872,1.46458821778752,2.1305908684398,2.1305908684398,1.30918213805207,2.28839088761638,0.590122127331276,0.590122127331276,0.559454689381782,0.81569477763425,0.697127486977214,0.697127486977214,0.74552736822103,0.820800453625151,0.877959459142476,0.877959459142476,0.911924477850084,0.832360788667437
186,0.948700460273676,0.948700460273676,0.922108784777539,0.980974475757241,1.12331136793501,1.12331136793501,1.0960200560651,1.1506091572892,1.40100180978214,1.40100180978214,1.35907341073314,1.44604040617032,2.07693590334905,2.07693590334905,1.27169488701945,2.24030476981964,0.597810542461207,0.597810542461207,0.54738048229065,0.816017715445654,0.7026189329751,0.7026189329751,0.75034178733691,0.82495131713944,0.879874519950471,0.879874519950471,0.915156575325175,0.833359430445269
187,0.948690485450338,0.948690485450338,0.923982995193903,0.980856430930054,1.1194545222021,1.1194545222021,1.09185789998998,1.14584300364169,1.38410144791202,1.38410144791202,1.34182438862709,1.42950024589902,2.03135483587388,2.03135483587388,1.23761354418634,2.20297505590947,0.482542341286813,0.482542341286813,0.49859082914689,0.777219044104078,0.710202033962254,0.710202033962254,0.7562453473767,0.829185059792118,0.882553585685382,0.882553585685382,0.918983493399895,0.834511435067554
188,0.948486001571907,0.948486001571907,0.925835285020602,0.980529748733883,1.11534863058418,1.11534863058418,1.08823488330283,1.14085040378016,1.37385507761696,1.37385507761696,1.33078819036361,1.41734936258983,1.97421648351756,1.97421648351756,1.19099934961252,2.16280873759884,0.484863372269434,0.484863372269434,0.495806369144241,0.70921756781694,0.717723816073502,0.717723816073502,0.760955708442525,0.833922983869993,0.884411430265371,0.884411430265371,0.922330255086963,0.835103486978697
189,0.947890005877457,0.947890005877457,0.927632773373139,0.980035607596819,1.11130331769505,1.11130331769505,1.08448247316256,1.13581826569078,1.36226884715065,1.36226884715065,1.32059889460477,1.40418153170348,1.91135349472478,1.91135349472478,1.14235941878931,2.114155298922,0.489853588882068,0.489853588882068,0.49134630489221,0.724349510979886,0.724823179261835,0.724823179261835,0.766207171368636,0.8377077978564,0.885518732560328,0.885518732560328,0.925193277129754,0.835181951689812
190,0.947745370939055,0.947745370939055,0.929306958408809,0.979352045690547,1.10677000949067,1.10677000949067,1.08116856305785,1.13123902002945,1.34696078287534,1.34696078287534,1.30683011247869,1.38781195618706,1.84508812767259,1.84508812767259,1.09066975317307,2.06395874745131,0.494031444650785,0.494031444650785,0.489670700642828,0.740680937442333,0.732542544417672,0.732542544417672,0.772263349881839,0.840988430417611,0.887201562795825,0.887201562795825,0.928006133579806,0.836041496934304
191,0.947605723412321,0.947605723412321,0.930474229808475,0.978484553472145,1.10375116950601,1.10375116950601,1.0800938785445,1.12870497906301,1.33035816770993,1.33035816770993,1.29083159485213,1.37043855499768,1.77617646641865,1.77617646641865,1.03693209046953,2.01167445514188,0.504998316043667,0.504998316043667,0.493810428788359,0.758004244325521,0.741099934210902,0.741099934210902,0.779249113642201,0.845954272126054,0.889517137199868,0.889517137199868,0.930707909074505,0.83718993497881
192,0.947341390593862,0.947341390593862,0.931970310053116,0.978059043048562,1.10203813767526,1.10203813767526,1.07943612849117,1.12581509404597,1.31249336542669,1.31249336542669,1.27341716210065,1.3522056690818,1.7058336460556,1.7058336460556,0.981925560005387,1.95789243570899,0.515007762156218,0.515007762156218,0.498196569323506,0.777980254659531,0.750699744894551,0.750699744894551,0.787136713836374,0.849828871845715,0.890728774969426,0.890728774969426,0.932940277951425,0.837368263867709
193,0.94709202001041,0.94709202001041,0.932762191354767,0.977243710172405,1.09891496765769,1.09891496765769,1.07759227178432,1.12142994513951,1.293903614645,1.293903614645,1.2551425939929,1.33319859081684,1.6339516545752,1.6339516545752,0.926139900214557,1.90358848106642,0.522522099962452,0.522522099962452,0.502336297469037,0.793527403579996,0.760061093283006,0.760061093283006,0.79524630453733,0.853558433073196,0.891475951593987,0.891475951593987,0.934155001947052,0.837550159334385
194,0.945912497150681,0.945912497150681,0.932386801256753,0.97649700800973,1.09473840085618,1.09473840085618,1.07553635358486,1.11629716428835,1.27433647794128,1.27433647794128,1.23596819197398,1.31388314780267,1.55739814373863,1.55739814373863,0.866992853900019,1.84817257749887,0.533634035791748,0.533634035791748,0.508250194819795,0.810804576490127,0.767432984808703,0.767432984808703,0.800865439240302,0.856238191881091,0.892374582939742,0.892374582939742,0.935373309199304,0.837660723245503
195,0.944713024644276,0.944713024644276,0.931238710373044,0.975009094141459,1.09002335646543,1.09002335646543,1.07303474682469,1.11096669229796,1.25425799363599,1.25425799363599,1.21598658600533,1.29393785338587,1.48157371395765,1.48157371395765,0.807689981720142,1.79187165335837,0.544920048944741,0.544920048944741,0.514435145799131,0.828058682413729,0.774927514086214,0.774927514086214,0.805763104796226,0.859007736422239,0.892835678424268,0.892835678424268,0.937086105865705,0.837553725912163
196,0.943658187076274,0.943658187076274,0.93074549710558,0.973573339615433,1.08498186003621,1.08498186003621,1.07001556625206,1.10500720304639,1.23344808807779,1.23344808807779,1.19473462627973,1.27341519518331,1.40558726616432,1.40558726616432,0.751191975116341,1.73468570864492,0.553565889355002,0.553565889355002,0.516061467570589,0.846719874515593,0.784145785097553,0.784145785097553,0.812464443219771,0.862502473424286,0.891401907063625,0.891401907063625,0.936588033194931,0.837250566801036
197,0.942269192926445,0.942269192926445,0.930564652240843,0.970976353417306,1.07994036360699,1.07994036360699,1.06708624224409,1.09896504295479,1.21309774808557,1.21309774808557,1.17283425682403,1.25259729413578,1.33078895046157,1.33078895046157,0.695161446108552,1.67802169914116,0.562472845750809,0.562472845750809,0.51820525536024,0.86037553054069,0.792362514469078,0.792362514469078,0.818798109866455,0.864415600202087,0.890553760624934,0.890553760624934,0.933929256779723,0.836319690000985
198,0.940623347075661,0.940623347075661,0.93053999157747,0.968659380530182,1.07416855694737,1.07416855694737,1.06383343460335,1.09265330403697,1.19307104581588,1.19307104581588,1.15093388736833,1.23205495307689,1.25758381188029,1.25758381188029,0.638440831125697,1.6207222902517,0.572540317637925,0.572540317637925,0.524340923861652,0.878137110167928,0.800701881592418,0.800701881592418,0.824840413972984,0.866494485256665,0.889712345507186,0.889712345507186,0.932485204360142,0.833748187423068
199,0.938860297050655,0.938860297050655,0.930265984206657,0.966380840842607,1.06796260273143,1.06796260273143,1.05993365969704,1.0859749379155,1.17307023456399,1.17307023456399,1.12896735365445,1.21130266155046,1.18435167029695,1.18435167029695,0.581030130167776,1.56342288136224,0.58321706015798,0.58321706015798,0.533852442100789,0.895437350064588,0.808305422204875,0.808305422204875,0.830154311729129,0.868041562506583,0.88803288093216,0.88803288093216,0.932098212644721,0.830449102978444
200,0.937067322555634,0.937067322555634,0.929901554403475,0.964017199070316,1.06124172932078,1.06124172932078,1.05539410605033,1.07921390095398,1.15376848079275,1.15376848079275,1.10792050312919,1.19125239189988,1.1120376307836,1.1120376307836,0.523663950885666,1.50582846561512,0.593284532045097,0.593284532045097,0.540998401399622,0.911076766931168,0.812291149138824,0.812291149138824,0.830043316475737,0.867875804229806,0.88654189334351,0.88654189334351,0.931288396647637,0.827656472578293
201,0.934695808307004,0.934695808307004,0.92899733007979,0.960967250163213,1.05417757644699,1.05417757644699,1.05042683515585,1.07255350675426,1.13380003331311,1.13380003331311,1.08656268059052,1.17205504602371,1.04050667832996,1.04050667832996,0.475135324251983,1.44827943553842,0.607500846813648,0.607500846813648,0.55216088264918,0.927292858460971,0.813660604034078,0.813660604034078,0.828295141234812,0.863655874766859,0.884337385735009,0.884337385735009,0.929486018565629,0.824589215689237
202,0.932381649292568,0.932381649292568,0.927898560522828,0.958021619940602,1.0469485148115,1.0469485148115,1.04554942082602,1.06564150565006,1.11460184361307,1.11460184361307,1.06570108998815,1.15359908773606,0.969596794923676,0.969596794923676,0.472285937000097,1.39109349082497,0.618583769755661,0.618583769755661,0.56305231027016,0.941548256135818,0.816515338367966,0.816515338367966,0.829606272665505,0.859546450821764,0.879965392783188,0.879965392783188,0.926916823566028,0.827189250889378
203,0.930069983983966,0.930069983983966,0.926750469639119,0.954990887633274,1.0396050266883,1.0396050266883,1.04057855566894,1.05883733607635,1.09522888954288,1.09522888954288,1.04505122501194,1.1358713951327,0.907651908200894,0.907651908200894,0.480678272890418,1.33697107886403,0.626910468405812,0.626910468405812,0.578477725860056,0.951420926370179,0.819090731156057,0.819090731156057,0.83272107696382,0.853786350703765,0.875859287008576,0.875859287008576,0.923233235756279,0.830548967156227
204,0.927613683736963,0.927613683736963,0.925846245315435,0.951293064790909,1.03229855889935,1.03229855889935,1.0351727847389,1.05210864857399,1.07657441121668,1.07657441121668,1.02479834558478,1.11886540726153,0.880891933160669,0.880891933160669,0.55861346639708,1.28604835666682,0.63172660769475,0.63172660769475,0.582814583917279,0.95531924709356,0.817721276260802,0.817721276260802,0.833990585174491,0.845277425829214,0.872177254453309,0.872177254453309,0.920753622172284,0.833641190089729
205,0.924888063259831,0.924888063259831,0.924903659959836,0.944915898894239,1.02485074074323,1.02485074074323,1.02965918593127,1.04526853515678,1.06118867388796,1.06118867388796,1.00707955724569,1.10472655546278,1.26598174552056,1.26598174552056,1.14115733354242,1.27883203507203,0.626504287983853,0.626504287983853,0.577023892761328,0.95139785938365,0.817114900710167,0.817114900710167,0.836938896592718,0.837507506605295,0.868215872078949,0.868215872078949,0.918403005826763,0.835909533556519
206,0.921494129619047,0.921494129619047,0.923933673867157,0.94116317148109,1.01720099349115,1.01720099349115,1.02429654615227,1.03836372282129,1.06044430712616,1.06044430712616,0.999814721698151,1.10052098515976,1.41911577019575,1.41911577019575,1.28792303785245,1.43330216430394,0.61121449638584,0.61121449638584,0.58266673648351,0.942886141354493,0.815834017524556,0.815834017524556,0.837972539889931,0.829157433412656,0.862995732688438,0.862995732688438,0.915231823714285,0.836358922356543
207,0.918623874203513,0.918623874203513,0.922251268610362,0.938832472451269,1.00979356115423,1.00979356115423,1.01902016867535,1.03172848931201,1.21960933906273,1.21960933906273,1.13985799054994,1.19343718895278,1.39781040157139,1.39781040157139,1.35294694537401,1.4009648741386,0.596562988308048,0.596562988308048,0.595406257026603,0.927569662299317,0.81417840787507,0.81417840787507,0.841739441301924,0.820406777717806,0.856069203439133,0.856069203439133,0.911885062027217,0.836066462978749
208,0.916125180957322,0.916125180957322,0.919549555934141,0.936910812473797,1.0023962252721,1.0023962252721,1.01386240186378,1.02537361778199,1.28027199377235,1.28027199377235,1.28310360949737,1.22563178096043,1.3547946192918,1.3547946192918,1.3957100149902,1.34557166340625,0.58910667627638,0.58910667627638,0.608786449782695,0.919542350987267,0.811098837662856,0.811098837662856,0.845804642457407,0.809832780978409,0.849331151176203,0.849331151176203,0.905807858792456,0.837625057467723
209,0.913643943651974,0.913643943651974,0.918053475689499,0.935131904380365,0.995853722562884,0.995853722562884,1.01015671713714,1.01972324558449,1.27950820874719,1.27950820874719,1.28852246224185,1.22228569538392,1.35722488947709,1.35722488947709,1.52513452657196,1.28917996792494,0.58542203959147,0.58542203959147,0.629460449271389,0.911353570769515,0.811664333962887,0.811664333962887,0.852401922830897,0.806780066047767,0.843468170635732,0.843468170635732,0.897387205725423,0.842222376223528
210,0.911564192985983,0.911564192985983,0.917368457262465,0.933534181370524,0.99199351134505,0.99199351134505,1.01588597169995,1.02296538026779,1.27622652224082,1.27622652224082,1.28871433859056,1.21702381179107,1.50582240980641,1.50582240980641,1.80842594975556,1.26156278748198,0.598448825981427,0.598448825981427,0.650528708583468,0.924686288983207,0.803774638596197,0.803774638596197,0.850133457339697,0.799148278721161,0.840274158848759,0.840274158848759,0.893115963829294,0.847679240223825
211,0.910100387661119,0.910100387661119,0.923728168339046,0.931889789475515,1.031315837299,1.031315837299,1.1114178769855,1.0661878520712,1.28502299553898,1.28502299553898,1.29689885732672,1.22010745928314,1.68196299223566,1.68196299223566,2.10999352085946,1.26846140938392,0.612229947440737,0.612229947440737,0.671251990550085,0.94069477763425,0.803686066886554,0.803686066886554,0.850841052080071,0.799120652341698,0.837255161406278,0.837255161406278,0.889568539771267,0.853738855868598
212,0.924765871673939,0.924765871673939,0.958535324653485,0.930533646577127,1.08851225373064,1.08851225373064,1.15254342949979,1.06764717211711,1.34756274903923,1.34756274903923,1.36495541328484,1.25026159518433,1.77096488702131,1.77096488702131,2.27861936799255,1.2677352386574,0.622007290455026,0.622007290455026,0.665436658155172,0.961155194685366,0.808216850495231,0.808216850495231,0.859186507694486,0.80133766929359,0.834757841336801,0.834757841336801,0.886153696208338,0.860290659246732
213,0.927107461452555,0.927107461452555,0.964621028359253,0.929012789966385,1.09090847900274,1.09090847900274,1.15844880292935,1.06548694712303,1.43003211349241,1.43003211349241,1.47350449524565,1.29077547446846,1.74971352440108,1.74971352440108,2.32512225837685,1.2320167160467,0.610866341738447,0.610866341738447,0.669798157451357,0.968721166266839,0.813176866235257,0.813176866235257,0.86792738389911,0.802159554082609,0.832566796370184,0.832566796370184,0.882853516857386,0.865394432047009
214,0.927152348157576,0.927152348157576,0.966347274795378,0.927920189007765,1.09052817920534,1.09052817920534,1.1626828442562,1.06317216360192,1.48142578382899,1.48142578382899,1.55854541627712,1.31425056112087,1.77223402811808,1.77223402811808,2.36343316041197,1.16418783162269,0.622181367778723,0.622181367778723,0.691408524020588,0.978709171433844,0.816515338367966,0.816515338367966,0.876002288583381,0.802663735507806,0.834020761693653,0.834020761693653,0.875930665059297,0.867060023869322
215,0.927399225035194,0.927399225035194,0.969366836021743,0.926868766477233,1.09150753532076,1.09150753532076,1.1706728899859,1.06370772687,1.49657850199749,1.49657850199749,1.59656339902409,1.31744574479883,1.76923669488955,1.76923669488955,2.37028949848682,1.09268270789568,0.639269958388266,0.639269958388266,0.713487074130087,0.993864181583318,0.818491168813856,0.818491168813856,0.88216252514664,0.797967250999125,0.836137762129908,0.836137762129908,0.86723768448882,0.869681458536131
216,0.927905447319602,0.927905447319602,0.974504474224496,0.925872248517487,1.10184967051903,1.10184967051903,1.20416782302913,1.07527086132252,1.50195736094582,1.50195736094582,1.60194916963948,1.31410622017444,1.7521167915843,1.7521167915843,2.35860255858651,1.01377971989225,0.651078203512348,0.651078203512348,0.731968003351208,1.0062280863628,0.811262354665275,0.811262354665275,0.875253070622985,0.78505882519512,0.838025897654136,0.838025897654136,0.859404685508167,0.871175854625101
217,0.932269432530014,0.932269432530014,0.991673776079669,0.926355408740394,1.13479776801039,1.13479776801039,1.25949790128512,1.091625310113,1.50126477621962,1.50126477621962,1.60412597373341,1.30633805287526,1.71563573580293,1.71563573580293,2.33021999025717,0.928885823395027,0.650643010203107,0.650643010203107,0.730563452730403,1.01056467983023,0.805736842625219,0.805736842625219,0.868870843552942,0.7722539983141,0.841808900023532,0.841808900023532,0.853237900857799,0.874806630803076
218,0.941451257412722,0.941451257412722,1.01499454340961,0.927313493500591,1.17060652769458,1.17060652769458,1.30644256492688,1.10068675305823,1.49330328824556,1.49330328824556,1.5948232790341,1.2954796771319,1.67280897453774,1.67280897453774,2.29259917419712,0.840588001617243,0.61930909193773,0.61930909193773,0.699466209160997,1.002398966599,0.808128278785588,0.808128278785588,0.86966168473336,0.767633486348943,0.847012211111689,0.847012211111689,0.849023991067658,0.879396816403325
219,0.949655549608298,0.949655549608298,1.0326762390482,0.928271578260788,1.19131435648563,1.19131435648563,1.33233203833716,1.1025270778452,1.47909559222683,1.47909559222683,1.57777274970258,1.28141299580637,1.62636381099669,1.62636381099669,2.25101592898991,0.750996688232845,0.594996292394779,0.594996292394779,0.694464037651813,0.982838162022513,0.813728736118419,0.813728736118419,0.874219427325771,0.766231447591204,0.852612670135422,0.852612670135422,0.845465817239758,0.884247362181367
220,0.956568102181591,0.956568102181591,1.04381189859806,0.929561835674234,1.19590824341879,1.19590824341879,1.33975778484079,1.10139484677509,1.46126315371584,1.46126315371584,1.55550847682691,1.26522712694905,1.5762732421777,1.5762732421777,2.20916555372783,0.660565739945908,0.585915258675276,0.585915258675276,0.690841775524473,0.969666912714523,0.820834912515186,0.820834912515186,0.880233982618953,0.766307420134727,0.858741537853102,0.858741537853102,0.842308968153777,0.88985045587056
221,0.961136571270435,0.961136571270435,1.0516402891822,0.930470506320725,1.19884631176506,1.19884631176506,1.34654015834144,1.09952936129767,1.44208438227915,1.44208438227915,1.53191430236195,1.24864760096508,1.52882896756047,1.52882896756047,2.16629117992211,0.57115596924314,0.602742733299275,0.602742733299275,0.707794947929982,0.974903118656579,0.834345504840009,0.834345504840009,0.894011268446241,0.772129679606517,0.86777833621772,0.86777833621772,0.842735375692065,0.898321078093242
222,0.965625241772573,0.965625241772573,1.05935633674431,0.93128858442542,1.19862082427457,1.19862082427457,1.34755014612824,1.09556475536011,1.42212888030841,1.42212888030841,1.50710270554657,1.23129388263204,1.4800345428403,1.4800345428403,2.12237054673484,0.478410351765421,0.625749952914502,0.625749952914502,0.73002134547325,0.987797564126223,0.847992361333513,0.847992361333513,0.907753868256843,0.777668768688814,0.877185357234147,0.877185357234147,0.843297946982075,0.906049852138107
223,0.969754818634541,0.969754818634541,1.0653159970595,0.93157957865058,1.19584429920507,1.19584429920507,1.34541874841447,1.09048948465854,1.40214748731987,1.40214748731987,1.48205953382759,1.21354650717235,1.42983596201308,1.42983596201308,2.07940712957749,0.386958225894315,0.647915798798528,0.647915798798528,0.750793909917791,0.995525004613397,0.862593067007791,0.862593067007791,0.922315058061213,0.784658242692909,0.885939440119202,0.885939440119202,0.843398278167555,0.914006887160761
224,0.973270943861216,0.973270943861216,1.07006180472199,0.931694878249229,1.19076241695666,1.19076241695666,1.33968230532648,1.08453358979133,1.38150587337739,1.38150587337739,1.45745304621255,1.19562198600567,1.37966438418791,1.37966438418791,2.03588719147252,0.298161161742048,0.669559412711465,0.669559412711465,0.771862169229869,1.0019145598819,0.875960581955498,0.875960581955498,0.93648776447871,0.791198788030733,0.894821418102154,0.894821418102154,0.84383901873234,0.921842658538964
225,0.975834473459104,0.975834473459104,1.07360746010032,0.931782725562485,1.18479541217094,1.18479541217094,1.33284961214961,1.07818590703001,1.36039174836002,1.36039174836002,1.43304505137204,1.17740878294612,1.33014087841216,1.33014087841216,1.99214464498849,0.217941989296798,0.69749882316476,0.69749882316476,0.795024933853674,1.01144122531832,0.889723262992382,0.889723262992382,0.950015310985865,0.80021189433048,0.903326442112355,0.903326442112355,0.84503940970147,0.929057845383801
226,0.977919211536764,0.977919211536764,1.07587624113066,0.933627519140858,1.17832358464531,1.17832358464531,1.32518664431528,1.07165491066687,1.33941355118611,1.33941355118611,1.41016545089536,1.15903155608379,1.28104942066934,1.28104942066934,1.94962644458925,0.182200773850895,0.72497402742153,0.72497402742153,0.81325945068518,1.02232884295996,0.903431438361793,0.903431438361793,0.963438799442966,0.809024709379121,0.911101117800351,0.911101117800351,0.853427813458885,0.936012672050845
227,0.979782009795152,0.979782009795152,1.07812584164504,0.934928757468461,1.17165992447852,1.17165992447852,1.31677966412555,1.06462070049479,1.31805993425408,1.31805993425408,1.38729246684449,1.14041157399337,1.23220098994506,1.23220098994506,1.90946789300798,0.147753050011605,0.752768373438412,0.752768373438412,0.835929390529756,1.03263978593836,0.916144885299825,0.916144885299825,0.976709669426652,0.818548903698931,0.917489141374297,0.917489141374297,0.860447413185829,0.941890392228942
228,0.981569996878504,0.981569996878504,1.08059190798236,0.935936256342364,1.16464625387872,1.16464625387872,1.30797372078872,1.0572306462721,1.29653802570633,1.29653802570633,1.36447903062598,1.12200154237049,1.1926955979331,1.1926955979331,1.87144638186563,0.120226640909458,0.781868299383017,0.781868299383017,0.857416550904179,1.04435781509504,0.927918109473952,0.927918109473952,0.988031185272641,0.827216680255392,0.92319057021216,0.92319057021216,0.866513866650717,0.946559042540307
229,0.982859242794951,0.982859242794951,1.08318949785767,0.936040575026856,1.15720180120754,1.15720180120754,1.29931514221793,1.04990529096771,1.27558571955022,1.27558571955022,1.3437233028367,1.10349309646595,1.16234422361906,1.16234422361906,1.83513895524199,0.11920546332529,0.807631743290105,0.807631743290105,0.87836160402145,1.05270806421849,0.936291542639462,0.936291542639462,0.998277434601395,0.834440978484921,0.928003464685681,0.928003464685681,0.876099078120638,0.949758262807147
230,0.983652241250329,0.983652241250329,1.08569940537432,0.935694676230911,1.14960926719931,1.14960926719931,1.29108787515752,1.04208031623873,1.25607036488211,1.25607036488211,1.32511791343807,1.08595567147381,1.13388305944913,1.13388305944913,1.79388962260336,0.138721301600513,0.834497676913938,0.834497676913938,0.896472914658149,1.0654179737959,0.941312877255394,0.941312877255394,1.00443073396132,0.838087660574014,0.931931190455331,0.931931190455331,0.887293171814856,0.94971903045159
231,0.984694610289159,0.984694610289159,1.08847510004066,0.935475057947771,1.14187201733898,1.14187201733898,1.28274199743176,1.03412953805751,1.23563587908204,1.23563587908204,1.30608245636132,1.06823453982256,1.09675393161835,1.09675393161835,1.75215055153081,0.18998441632578,0.855125839771978,0.855125839771978,0.910247367237625,1.08073445285108,0.944508272010988,0.944508272010988,1.00715011766942,0.83883357281951,0.933004836145578,0.933004836145578,0.896860467001655,0.949558534451581
232,0.985634737388774,0.985634737388774,1.09114393183239,0.934961700210932,1.13382514286484,1.13382514286484,1.27414452132494,1.02593074735618,1.2141786980788,1.2141786980788,1.28553845419819,1.05002133676301,1.05084882811847,1.05084882811847,1.71112382727123,0.22951533525071,0.870560695806405,0.870560695806405,0.920941664946914,1.10626960693855,0.940406720533659,0.940406720533659,1.00879423486029,0.829309378499701,0.93755184344189,0.93755184344189,0.908699546888242,0.951994507073936
233,0.986477609960842,0.986477609960842,1.09381824377152,0.934283628761738,1.12596673554692,1.12596673554692,1.26622636084697,1.01784697695403,1.19256617096875,1.19256617096875,1.26373733112974,1.03294317841862,1.01004729200769,1.01004729200769,1.67356979372489,0.262056860932885,0.87598610572828,0.87598610572828,0.922420139284603,1.117410961432,0.939848037442063,0.939848037442063,1.0081768237633,0.828998581730744,0.942287327724579,0.942287327724579,0.921269611126179,0.953824161474035
234,0.987066124537789,0.987066124537789,1.09648433548954,0.932721593722907,1.11856266869493,1.11856266869493,1.25877904876782,1.00963021433094,1.17419002108392,1.17419002108392,1.2417443317126,1.02337731024109,0.971649023080141,0.971649023080141,1.63730688877706,0.284341225102966,0.869081038554984,0.869081038554984,0.904826294666096,1.11699575567448,0.943922336085655,0.943922336085655,1.01499609464357,0.829558015914867,0.945972725940317,0.945972725940317,0.933348769206591,0.954605242007411
235,0.987559878293024,0.987559878293024,1.09907918529114,0.930915233344083,1.11091292144285,1.11091292144285,1.25076024893743,1.00085991651803,1.15998232506518,1.15998232506518,1.22053207054191,1.0215008779374,0.962305984367812,0.962305984367812,1.62419525525081,0.312956890294892,0.834236560928393,0.834236560928393,0.893146347398347,1.09139140062742,0.94665443266773,0.94665443266773,1.02175293069381,0.82866706517719,0.949987958882212,0.949987958882212,0.945728920843443,0.955807178718587
236,0.987707006937261,0.987707006937261,1.10125754388911,0.928938668795825,1.10267421432754,1.10267421432754,1.24214480151768,0.99210759062686,1.14822780298316,1.14822780298316,1.20231705026651,1.02122531794875,1.05784260565168,1.05784260565168,1.68628073216885,0.387434775433594,0.832901968113386,0.832901968113386,0.897409281738686,1.07616718951836,0.950401697306485,0.950401697306485,1.0280310997138,0.828059284829008,0.954026751447405,0.954026751447405,0.958388566496987,0.955578917740797
237,0.987582321645535,0.987582321645535,1.10299475062007,0.926643657737015,1.09435810105878,1.09435810105878,1.23313398521342,0.982862834079804,1.14741870867686,1.14741870867686,1.19036778524023,1.02915094809859,1.21248879844217,1.21248879844217,1.7471196021642,0.601632446921774,0.835600166630683,0.835600166630683,0.901080826343949,1.07083871563019,0.953787861898233,0.953787861898233,1.03553715372444,0.827271933014318,0.955080203174826,0.955080203174826,0.970553722736381,0.952932517029542
238,0.987118492360314,0.987118492360314,1.10427710511548,0.923590963601373,1.08624728237092,1.08624728237092,1.22412676317175,0.974308199327862,1.19325875569494,1.19325875569494,1.20725290392632,1.08514867436418,1.3100776478825,1.3100776478825,1.80933864410968,0.759483808599047,0.835629179517965,0.835629179517965,0.910641627061009,1.06239619856062,0.957330730283966,0.957330730283966,1.0442849671324,0.825130888605949,0.956985167001408,0.956985167001408,0.981651068501744,0.951587917207247
239,0.986784335778488,0.986784335778488,1.10537039452502,0.919711955675418,1.07843599184206,1.07843599184206,1.21593184447462,0.966799530421641,1.23905996618633,1.23905996618633,1.24384835512254,1.14022130638216,1.43672172753806,1.43672172753806,1.88827557532208,0.892509208563419,0.840068151272227,0.840068151272227,0.919142854502724,1.05547610260196,0.954366984615132,0.954366984615132,1.04779519202092,0.815206111783929,0.956800055675503,0.956800055675503,0.991254196254786,0.947682514540368
240,0.986819247660171,0.986819247660171,1.10627735892241,0.912294348162374,1.07229398183984,1.07229398183984,1.20913509392362,0.962874462711927,1.27852435007073,1.27852435007073,1.27342377852647,1.18229669226866,1.58056671950504,1.58056671950504,1.97593875499338,1.06826521721645,0.849062146329882,0.849062146329882,0.93126634407178,1.05337700682783,0.949270704706424,0.949270704706424,1.05151353300955,0.803768790686319,0.957291442104269,0.957291442104269,1.00090032308732,0.945078912762449
241,0.983148512671756,0.983148512671756,1.10735420788971,0.905409314985944,1.07241177381249,1.07241177381249,1.20985394644091,0.972597272377474,1.32787263000096,1.32787263000096,1.30908631368243,1.23593247577437,1.74863340431873,1.74863340431873,2.07584539551264,1.25373375933668,0.854487556251757,0.854487556251757,0.935603202129003,1.04629544196346,0.943636181331423,0.943636181331423,1.05331026867384,0.794631365678989,0.959112264419076,0.959112264419076,1.01176117391548,0.94191179169561
242,0.982283196747177,0.982283196747177,1.10948050508722,0.902716245788943,1.09306912032955,1.09306912032955,1.22723939457163,1.0071752498202,1.38260624163396,1.38260624163396,1.34795119893403,1.29541406761079,1.89590777754717,1.89590777754717,2.15921223346821,1.43416449204169,0.851064035552392,0.851064035552392,0.940087907619995,1.02911053699945,0.940985843250558,0.940985843250558,1.05597415475525,0.791592463938078,0.958738676106796,0.958738676106796,1.02277968803511,0.930409578361652
243,0.988796756386947,0.988796756386947,1.11180408759172,0.909809916334356,1.11911124273897,1.11911124273897,1.24344951883657,1.02670713437568,1.44086750444247,1.44086750444247,1.3938228791263,1.35653589747492,2.05878988596557,2.05878988596557,2.23249491185265,1.6455709447998,0.849816481399234,0.849816481399234,0.943020215056413,1.00615888540321,0.942736837818122,0.942736837818122,1.06216907733519,0.790556474708222,0.953986363521753,0.953986363521753,1.03313529967925,0.919085693916592
244,0.99433028963375,0.99433028963375,1.11522917972689,0.91883073731432,1.14029360490553,1.14029360490553,1.25913488076388,1.04696508456977,1.50657243486899,1.50657243486899,1.43855653407797,1.42854234689084,2.08455074992962,2.08455074992962,2.22196553552341,1.78731039348242,0.850280687595758,0.850280687595758,0.949648708337055,0.985560066432921,0.942655079316912,0.942655079316912,1.06711530331447,0.787075550895906,0.952421331402741,0.952421331402741,1.04433297663009,0.914445576227451
245,0.999863822880553,0.999863822880553,1.11877209503151,0.925968331516361,1.16353900933586,1.16353900933586,1.27509340664777,1.0754146366965,1.55505336570286,1.55505336570286,1.4844546799735,1.48257834847531,2.06011303306645,2.06011303306645,2.18650402074018,1.8368488527322,0.858317257373081,0.858317257373081,0.961846121622995,0.962608414836686,0.941462767840945,0.941462767840945,1.07123600209665,0.773994460220258,0.953043978589874,0.953043978589874,1.05531565818348,0.914919931071922
246,1.00634995175614,1.00634995175614,1.12356448394704,0.934706393956782,1.19176196598168,1.19176196598168,1.29661225675291,1.11496724207901,1.56010211417421,1.56010211417421,1.50321886359174,1.49257067854005,2.02476610337154,2.02476610337154,2.14794824948809,1.86521489673688,0.865135285884529,0.865135285884529,0.974536359688165,0.941940394906809,0.934608680156239,0.934608680156239,1.07803446136692,0.750021669441391,0.957513575695354,0.957513575695354,1.06678924589439,0.919003662627699
247,1.01433978524995,1.01433978524995,1.12923369644917,0.945440237545236,1.22214219846938,1.22214219846938,1.31633397556483,1.1571221817306,1.55282026541745,1.55282026541745,1.50822749793554,1.48937549486209,1.99619692719338,1.99619692719338,2.12317193689943,1.87234044699086,0.876943531008611,0.876943531008611,0.990479241296252,0.92690071968998,0.923836997621925,0.923836997621925,1.08382008894998,0.745546195968413,0.963975643799662,0.963975643799662,1.07804783820784,0.924278631161319
248,1.02280092914648,1.02280092914648,1.13376029821501,0.957887103742179,1.26098662556288,1.26098662556288,1.34120267840055,1.19653460612347,1.54174538255273,1.54174538255273,1.5103381377713,1.48228966658244,1.95858174532554,1.95858174532554,2.07876156527824,1.86376255528384,0.895569804644141,0.895569804644141,1.01322310485771,0.914098542166451,0.91902687246745,0.91902687246745,1.08955021890634,0.752763587603077,0.970868516444257,0.970868516444257,1.08913085094671,0.931650747428386
249,1.03260119307615,1.03260119307615,1.13798549187295,0.974394162948668,1.28147233234837,1.28147233234837,1.34706492067907,1.20985180013857,1.52513629463288,1.52513629463288,1.50790329307048,1.46786869384292,1.90962530259302,1.90962530259302,2.02595885776673,1.84930721925906,0.918315908273823,0.918315908273823,1.03724831284517,0.909508211847204,0.91993984239762,0.91993984239762,1.0950722327626,0.769891942870029,0.977626762670012,0.977626762670012,1.09943629699811,0.938409412317642
250,1.03867087307738,1.03867087307738,1.1403583957042,0.986950838287181,1.28713980897508,1.28713980897508,1.34536483447567,1.21613837836594,1.51353711865767,1.51353711865767,1.51291192741428,1.45350020872029,1.8592917067555,1.8592917067555,1.97244380344224,1.83589575365364,0.941729308311008,0.941729308311008,1.06245630030278,0.907708986897952,0.924661395842452,0.924661395842452,1.10158626669604,0.788746946853407,0.982554089599547,0.982554089599547,1.10794653148075,0.943138694451232
251,1.04329669740041,1.04329669740041,1.14207368184549,0.997654484361703,1.2886643736496,1.2886643736496,1.3419323137056,1.22024675967749,1.49555580679432,1.49555580679432,1.51597533256775,1.43632363609424,1.82459284911,1.82459284911,1.92313604748187,1.8259562918344,0.942164501620249,0.942164501620249,1.08874850227469,0.898943532016977,0.928217890645052,0.928217890645052,1.10679610640213,0.807961093769803,0.98652556895532,0.98652556895532,1.11422081382984,0.945289340851349
252,1.0479549398993,1.0479549398993,1.14439726434999,1.00737259339064,1.28787348469041,1.28787348469041,1.33693988297301,1.221763589873,1.47739973056081,1.47739973056081,1.51450648603628,1.42046581484246,1.81322458524326,1.81322458524326,1.88293297422479,1.82071424690233,0.912426292155423,0.912426292155423,1.11967325717137,0.850548994279387,0.927223162213674,0.927223162213674,1.10674060877544,0.823715036658479,0.992041886467279,0.992041886467279,1.11816956262979,0.947557684318139
253,1.05189998252951,1.05189998252951,1.14670988655965,1.01607496786005,1.28426568484253,1.28426568484253,1.33060319803308,1.22230274752543,1.46128257197919,1.46128257197919,1.51293177669173,1.40641881637326,1.82324269900706,1.82324269900706,1.8509664109927,1.821122717936,0.896237101051645,0.896237101051645,1.15348103702654,0.775927292858461,0.92156819921337,0.92156819921337,1.10120472051251,0.836879006472515,1.00001513612306,1.00001513612306,1.12515691304711,0.951291891251675
254,1.05541112034452,1.05541112034452,1.14916225252844,1.02363807248567,1.28071846372344,1.28071846372344,1.32525852956701,1.22446297251951,1.4492367759469,1.4492367759469,1.51575699051578,1.39698416723794,1.83204567767822,1.83204567767822,1.80702351696752,1.83787003031637,0.893654954083479,0.893654954083479,1.18125171333615,0.72095866396014,0.917323570358925,0.917323570358925,1.09403165226205,0.852674388930386,1.00909905373427,1.00909905373427,1.13324432324809,0.95516876129633
255,1.058176640115,1.058176640115,1.15058435078296,1.0297956200992,1.27957756433124,1.27957756433124,1.32512194758872,1.22641112883697,1.44143710683411,1.44143710683411,1.52018337938764,1.39247679313783,1.82329670501118,1.82329670501118,1.75239542074777,1.84004854249593,0.898268003161438,0.898268003161438,1.20123575813392,0.691156117364827,0.920634789657898,0.920634789657898,1.09392065700865,0.873117909732877,1.01761754038636,1.01761754038636,1.14117048690097,0.958642608052074
256,1.06112170670557,1.06112170670557,1.15306685756253,1.03557432617431,1.28039874265483,1.28039874265483,1.32418384505366,1.22981141643165,1.4276566126091,1.4276566126091,1.52239326561066,1.38222858594077,1.79256728866832,1.79256728866832,1.68623621049304,1.84125126276173,0.886749886910183,0.886749886910183,1.21330996522505,0.677131389555269,0.923918756123135,0.923918756123135,1.09631399215992,0.894086331745162,1.02389113150429,1.02389113150429,1.1466672025626,0.960447296407728
257,1.06466526269643,1.06466526269643,1.15438757308985,1.04116635670876,1.28022037195339,1.28022037195339,1.32165348419279,1.23375086167876,1.40909275284521,1.40909275284521,1.51643848237497,1.36827344080112,1.75176575255754,1.75176575255754,1.61911978420838,1.81735570729218,0.899834699074706,0.899834699074706,1.25044431234002,0.664190810112567,0.926214807365427,0.926214807365427,1.09714645656036,0.913265945687229,1.02756979839909,1.02756979839909,1.14680336631432,0.961456637918894
258,1.06787715581129,1.06787715581129,1.15588091326078,1.04682976318522,1.28106174318658,1.28106174318658,1.32000731192819,1.24035015134455,1.39066482092478,1.39066482092478,1.51215765487109,1.35173328052982,1.70440248694649,1.70440248694649,1.54577032331023,1.7853815024901,0.923538227984719,0.923538227984719,1.28974708848361,0.67051116442148,0.923591722118298,0.923591722118298,1.09200598888764,0.927541877274644,1.03171965775982,1.03171965775982,1.14800734054008,0.963065164496759
259,1.07141572439048,1.07141572439048,1.15713038687169,1.05225433477877,1.28252236364738,1.28252236364738,1.31764588140888,1.24504082292072,1.38113045361926,1.38113045361926,1.50252413888091,1.32771363485222,1.66011756357013,1.66011756357013,1.47693981250686,1.75106993566203,0.947009653796469,0.947009653796469,1.32451587665828,0.677754198191548,0.931535923152459,0.931535923152459,1.0752942660488,0.940457209673515,1.03657967147994,1.03657967147994,1.15076644814077,0.964142270985707
260,1.0742635364535,1.0742635364535,1.15818805532303,1.05853816290511,1.28077231148236,1.28077231148236,1.3108455365953,1.24468138448576,1.36994553392888,1.36994553392888,1.49228191171552,1.30233587208768,1.61418545706819,1.61418545706819,1.40710756399774,1.7205934579834,0.975210180235309,0.975210180235309,1.34745687013143,0.691271452297472,0.941299250838526,0.941299250838526,1.06083019709115,0.95473314126093,1.04176951992621,1.04176951992621,1.15371188508592,0.965344207696883
261,1.0763582493545,1.0763582493545,1.15814969429112,1.06324348462138,1.27794530413887,1.27794530413887,1.30372170814893,1.24549012096441,1.36038527560557,1.36038527560557,1.48097443999353,1.27798161785242,1.5684153685786,1.5684153685786,1.33841061822181,1.68623650548492,0.996969845697377,0.996969845697377,1.34531308234178,0.700728916774313,0.951961922037894,0.951961922037894,1.0489537049782,0.967724446203324,1.04413557923732,1.04413557923732,1.15449661828663,0.964035273652367
262,1.07879459995483,1.07879459995483,1.15927586458516,1.06739152494418,1.27781741571143,1.27781741571143,1.29759349043902,1.24710040515301,1.34840420711779,1.34840420711779,1.46922366774177,1.25186902845148,1.51994497988314,1.51994497988314,1.26791054457553,1.65453461470529,1.00538358300938,1.00538358300938,1.33368241755195,0.701443993356708,0.961820634642038,0.961820634642038,1.03791661446903,0.978035992337824,1.0488374069153,1.0488374069153,1.15636349498788,0.965936259608026
263,1.08178704695625,1.08178704695625,1.16036915399471,1.07266236373953,1.27609765291081,1.27609765291081,1.29059186692059,1.2451486544512,1.33658495749126,1.33658495749126,1.45622900743633,1.22552024477454,1.46963838704768,1.46963838704768,1.19407134524346,1.6194968771507,1.01318804968844,1.01318804968844,1.33055298020384,0.700244510057206,0.967509663684513,0.967509663684513,1.01974114172608,0.989680511281405,1.05529610935913,1.05529610935913,1.16095722998019,0.96817963703037
264,1.08380196127055,1.08380196127055,1.16021296979334,1.0775845585104,1.2720960913258,1.2720960913258,1.28279591137056,1.24252115949168,1.32435792433436,1.32435792433436,1.44441868735221,1.1991649001455,1.42232912744074,1.42232912744074,1.13321021441021,1.58348334768235,1.02763646755525,1.02763646755525,1.33247499684284,0.701467060343237,0.982464656197364,0.982464656197364,1.01265131991566,1.00678124016889,1.06100426951794,1.06100426951794,1.1651818895402,0.971361024408321
265,1.08555254276638,1.08555254276638,1.16054177863832,1.08096942529929,1.26832674820115,1.26832674820115,1.27456145578497,1.23971035093033,1.31139946992456,1.31139946992456,1.43156958841476,1.17236997172503,1.3773151230088,1.3773151230088,1.0858168905097,1.54619901944259,1.0228493411536,1.0228493411536,1.32104146196471,0.699990773205388,0.998611960186184,0.998611960186184,1.00784383800312,1.02397175478964,1.06481083151063,1.06481083151063,1.16681585456087,0.975434056230764
266,1.08692906838704,1.08692906838704,1.15971975652588,1.08387936755089,1.26315063237462,1.26315063237462,1.26537092635139,1.23598656874419,1.2989976723975,1.2989976723975,1.41856169525768,1.14588340805377,1.32733256619805,1.32733256619805,1.03176757607549,1.51093435353597,1.04069226683249,1.04069226683249,1.33449557843768,0.697868610444731,1.01399618483038,1.01399618483038,1.00207902203007,1.04042326375975,1.06988961316136,1.06988961316136,1.16868631451874,0.980758956853276
267,1.08820335206848,1.08820335206848,1.15895801603502,1.08633909232206,1.2575336380219,1.2575336380219,1.25565922884278,1.23161579737513,1.28697129462856,1.28697129462856,1.4069564843739,1.11895726059109,1.27651291632347,1.27651291632347,0.97587061209513,1.47428542468191,1.07301262326548,1.07301262326548,1.35450426447442,0.707649012732977,1.02400478802008,1.02400478802008,0.989765486106892,1.05485114043421,1.07406976346634,1.07406976346634,1.171706999853,0.984835555253497
268,1.08953748468995,1.08953748468995,1.15858810608442,1.08859292495278,1.25148249611286,1.25148249611286,1.24590440018312,1.22715516639733,1.27479604350727,1.27479604350727,1.39549021843229,1.09269376929159,1.2207787200742,1.2207787200742,0.917903390189575,1.43913422295131,1.10269280695574,1.10269280695574,1.37020073369289,0.718836501199483,1.03738592938465,1.03738592938465,0.979047506951222,1.07137171535298,1.07761043828182,1.07761043828182,1.17209399156842,0.988501997209252
269,1.09089904807559,1.09089904807559,1.15954439180856,1.08976513753904,1.2453775064449,1.2453775064449,1.23729254702596,1.22243933413071,1.2601482001859,1.2601482001859,1.3801202612584,1.06591196277534,1.16072404349554,1.16072404349554,0.859557734039629,1.39622207158102,1.1293556503686,1.1293556503686,1.3753753938748,0.73579073629821,1.05110773117093,1.05110773117093,0.973032951658041,1.08622780090912,1.08278345842574,1.08278345842574,1.17470618564751,0.993134981742837
270,1.09224814293207,1.09224814293207,1.16071440328193,1.09077263641294,1.23938694326465,1.23938694326465,1.22911200537917,1.21747908372833,1.24318311077127,1.24318311077127,1.36316236188831,1.03586936306004,1.09988627985716,1.09988627985716,0.805753288822376,1.35317376319951,1.14580595745792,1.14580595745792,1.38609433282305,0.74937719136372,1.06400513473669,1.06400513473669,0.969217489822689,1.10075927650656,1.08905704954367,1.08905704954367,1.18100555079298,0.99752543898752
271,1.09297879874158,1.09297879874158,1.16199401770363,1.09117618500821,1.23322810583777,1.23322810583777,1.22130167277879,1.21206234651355,1.22476812435974,1.22476812435974,1.34507967012927,1.00601703095594,1.03993961528673,1.03993961528673,0.752015626118839,1.30998929780678,1.18276837585615,1.18276837585615,1.41605807940023,0.769307067724672,1.07927353483751,1.07927353483751,0.977521322217082,1.11681020297446,1.09442191233444,1.09442191233444,1.18662768043646,1.0012204135655
272,1.09385159578367,1.09385159578367,1.16307360674464,1.09151110289,1.22661492794497,1.22661492794497,1.21414909023174,1.20704099157722,1.20714928674561,1.20714928674561,1.32773801806178,0.99797330366811,0.987148746261866,0.987148746261866,0.71176803118595,1.2671679177773,1.21949869115612,1.21949869115612,1.44348377836438,0.793365934674294,1.09504611236245,1.09504611236245,0.991825835497982,1.13109304115674,1.09881409924908,1.09881409924908,1.19159765737432,1.00394171241009
273,1.09371942937444,1.09371942937444,1.16344899684265,1.0893149200586,1.22080946643602,1.22080946643602,1.20695697079623,1.20202323102524,1.18874724584298,1.18874724584298,1.30970825770927,0.992553957224597,0.938624351562285,0.938624351562285,0.672499913120897,1.23371867868698,1.25060050632324,1.25060050632324,1.46201399006342,0.820654179737959,1.10932659724033,1.10932659724033,1.00663676462248,1.14309670303334,1.10242208727399,1.10242208727399,1.19567898666936,1.00644188343245
274,1.09302867285827,1.09302867285827,1.16140490185638,1.08877136480783,1.21328087664152,1.21328087664152,1.19827682664992,1.19457566665296,1.17477904173891,1.17477904173891,1.29482791604586,0.989975503045056,0.876679464839504,0.876679464839504,0.640110393968599,1.19169154788964,1.27488429297891,1.27488429297891,1.47541882405847,0.845774128067909,1.12109300820602,1.12109300820602,1.02633842209957,1.15361544701381,1.10218985670149,1.10218985670149,1.19787552298004,1.00707316769915
275,1.09244265198716,1.09244265198716,1.16061302055473,1.08854351083907,1.20436907253966,1.20436907253966,1.18933430133481,1.18712450789633,1.15765860621747,1.15765860621747,1.28053643628021,0.985186008004179,0.81543665617025,0.81543665617025,0.615222777190408,1.14821207563925,1.29385872126183,1.29385872126183,1.49515645646663,0.864988927846466,1.13223941720421,1.13223941720421,1.04847503794795,1.16245588844192,1.09919105322183,1.09919105322183,1.19457534362908,1.00517931489905
276,1.09205862128865,1.09205862128865,1.16086236726217,1.08710501108451,1.19550438522687,1.19550438522687,1.18046725553401,1.17800914918586,1.13739241203311,1.13739241203311,1.26167962270052,0.97796896068231,0.754220850503055,0.754220850503055,0.591492723983295,1.10738766510771,1.31619864446955,1.31619864446955,1.51247924745656,0.88344251706957,1.13411986273202,1.13411986273202,1.06430573596299,1.1642308833224,1.09672738975707,1.09672738975707,1.19563240433324,1.00775438405474
277,1.09052748590625,1.09052748590625,1.16150354450988,1.08106276306963,1.18675748988672,1.18675748988672,1.17255268931862,1.16991459563066,1.11799356694511,1.11799356694511,1.24357708166403,0.971375203810966,0.700214846385547,0.700214846385547,0.577000918506906,1.06971755866949,1.32887727621212,1.32887727621212,1.52780609809061,0.895921756781694,1.13357480605729,1.13357480605729,1.07073652345639,1.16403749866616,1.09896218830981,1.09896218830981,1.20014730767982,1.01134592787716
278,1.08884922187962,1.08884922187962,1.16267081590954,1.07827361087375,1.17948131146217,1.17948131146217,1.1651772624912,1.16174456000412,1.09815457455448,1.09815457455448,1.22448869318073,0.964676471705848,0.650016265558323,0.650016265558323,0.563444068222543,1.03445289276286,1.33906079964836,1.33906079964836,1.52827428163088,0.90692470935597,1.13700184989964,1.13700184989964,1.08529771326076,1.16291172370305,1.09142647451525,1.09142647451525,1.20135128190558,0.999429991520957
279,1.08886667782046,1.08886667782046,1.16325445160937,1.07732925225625,1.16922331338723,1.16922331338723,1.15515286413756,1.15252855853186,1.08071697406497,1.08071697406497,1.20753741023647,0.959801684287531,0.599439642702277,0.599439642702277,0.546102875494268,0.998507441800127,1.33079212677278,1.33079212677278,1.51275030108514,0.911145967890755,1.1366339366442,1.1366339366442,1.10684466682549,1.151343177303,1.08592025398471,1.08592025398471,1.19610897746427,0.999162498187609
280,1.08834050588937,1.08834050588937,1.16339145529478,1.07644528866661,1.15862540133408,1.15862540133408,1.14512487152134,1.14279137132892,1.06105921879895,1.06105921879895,1.18930915710944,0.953155439799301,0.552670443136516,0.552670443136516,0.534616283135103,0.961495427582813,1.31233993046094,1.31233993046094,1.50718138107984,0.908124192655472,1.10564746468591,1.10564746468591,1.10643537182861,1.11292179006507,1.08888203519918,1.08888203519918,1.19979614853065,1.00491895472125
281,1.08795398148502,1.08795398148502,1.16330377293612,1.07581663133113,1.14826980419609,1.14826980419609,1.13507890759218,1.13385213745157,1.04112313509156,1.04112313509156,1.1710015068726,0.94618114770553,0.518430636526016,0.518430636526016,0.52983020298545,0.927002318073116,1.31158559539159,1.31158559539159,1.51955128303851,0.899635541612844,1.10352174365447,1.10352174365447,1.11386511660254,1.11145068535867,1.09303189455992,1.09303189455992,1.20421788720499,1.01194867952164
282,1.08738541655475,1.08738541655475,1.16327089205162,1.07502051505475,1.13824739006643,1.13824739006643,1.12603214866206,1.12540173984577,1.02181490856587,1.02181490856587,1.15315039001717,0.939712048924291,0.500284619142533,0.500284619142533,0.533035763643822,0.897206625450595,1.27450712544423,1.27450712544423,1.48374756282746,0.886648828197084,1.10915626702947,1.10915626702947,1.13423968280331,1.11265243286531,1.10055078005212,1.10055078005212,1.20937777674394,1.02166047081105
283,1.08707619703127,1.08707619703127,1.16301058504935,1.07475697311498,1.12832257499983,1.12832257499983,1.11600056178324,1.11630435305704,1.00456501795542,1.00456501795542,1.13680120182229,0.935427747195945,0.543381410428304,0.543381410428304,0.59458698045214,0.88052739157584,1.17969300980418,1.17969300980418,1.47660160352863,0.773735929138217,1.11592178300453,1.11592178300453,1.15464199781744,1.11812936259381,1.10823121724692,1.10823121724692,1.2148780756622,1.03069104574488
284,1.08621586851836,1.08621586851836,1.1621858228632,1.07408439212286,1.11703810402041,1.11703810402041,1.10482240513935,1.10659232654455,0.993380098265043,0.993380098265043,1.12497103246072,0.934955358643968,0.584587991569963,0.584587991569963,0.630983450427402,0.895459277139906,1.1552641587121,1.1552641587121,1.4873698249548,0.737220889463001,1.12756555621841,1.12756555621841,1.17941475093388,1.12688001828866,1.11747668656074,1.11747668656074,1.22063995231402,1.04114468521211
285,1.08522836100789,1.08522836100789,1.16105965256916,1.07315101441952,1.10584113564924,1.10584113564924,1.0940036747541,1.09673652465807,1.00261024611138,1.00261024611138,1.13502799970322,0.951856371281364,0.627252734822794,0.627252734822794,0.668248093080973,0.892985758102698,1.14110586971811,1.14110586971811,1.49951795576282,0.69420095958664,1.13927746151663,1.13927746151663,1.20232139635266,1.13892511973446,1.12784965213235,1.12784965213235,1.22643766153209,1.05150202707934
286,1.08402888850149,1.08402888850149,1.15947314989215,1.07206115868944,1.09460378145887,1.09460378145887,1.08310587059195,1.08722937805349,1.00116034911448,1.00116034911448,1.1372246530746,0.959729513814312,0.65768511814301,0.65768511814301,0.688527716412755,0.897501632308243,1.14931651681913,1.14931651681913,1.51666825808002,0.677546595312788,1.15401443135959,1.15401443135959,1.22790580225953,1.15240679291231,1.13795336486627,1.13795336486627,1.23209920699843,1.06157760930211
287,1.08253765241244,1.08253765241244,1.15776608397198,1.07102895275868,1.08453425054016,1.08453425054016,1.07394768952165,1.07945113032105,1.00224777186216,1.00224777186216,1.13988445625321,0.971217740960307,0.664381862653581,0.664381862653581,0.691132234447682,0.884339787890069,1.15810742166581,1.15810742166581,1.53335037685695,0.679345820262041,1.16824041057,1.16824041057,1.25370526146984,1.16584702652098,1.1471853715382,1.1471853715382,1.23650302938966,1.07115387063596
288,1.08087185691498,1.08087185691498,1.15603709746215,1.06988693768635,1.079139378193,1.079139378193,1.07353075506162,1.07846626900928,0.993639008443061,0.993639008443061,1.13437297354729,0.974603192249474,0.656199953029778,0.656199953029778,0.685077286537424,0.857358006832813,1.1778071721308,1.1778071721308,1.55353155156641,0.682298394537738,1.18151254059963,1.18151254059963,1.27807565679273,1.1774639190851,1.15570385819029,1.15570385819029,1.24011495206693,1.08047690494758
289,1.08040802762976,1.08040802762976,1.15638234674937,1.06906062389604,1.08055288186475,1.08055288186475,1.07406270592441,1.07559435591398,0.97752184986144,0.97752184986144,1.11973082321331,0.971952567596715,0.647099941335978,0.647099941335978,0.682183377609728,0.823908767742488,1.19855138653797,1.19855138653797,1.57176606839792,0.687673002398967,1.19207301367248,1.19207301367248,1.29908844570052,1.18831417961912,1.16250922366264,1.16250922366264,1.24215740834276,1.08865506779247
290,1.07960505435105,1.07960505435105,1.15552744375243,1.06836882630415,1.07806578849946,1.07806578849946,1.07465575925118,1.07323643978067,0.956634271249837,0.956634271249837,1.10075491396891,0.965122616449382,0.657550103132716,0.657550103132716,0.691532929529979,0.799877055261718,1.21894744629775,1.21894744629775,1.58714220150989,0.70056744786861,1.200807546885,1.200807546885,1.31900515648105,1.19687145065773,1.16889388157611,1.16889388157611,1.24222907347524,1.09725052023738
291,1.078098856027,1.078098856027,1.15256542407394,1.0680503797936,1.07429981085975,1.07429981085975,1.07773244802519,1.0673488382161,0.941416825536829,0.941416825536829,1.08200396320231,0.961973359436203,0.644993707175395,0.644993707175395,0.680380249739394,0.778500404499788,1.23359895437554,1.23359895437554,1.5931546638165,0.715030448422218,1.20519525311656,1.20519525311656,1.33237314731146,1.20159556154588,1.17314134509051,1.17314134509051,1.2418528315297,1.1036917597044
292,1.07493683702882,1.07493683702882,1.14701677481497,1.06793782542349,1.06605100728964,1.06605100728964,1.07665776351184,1.05862886178408,0.930128341775244,0.930128341775244,1.06824179750205,0.959007809082126,0.621339077371927,0.621339077371927,0.665532270856519,0.747297756094634,1.24236084633493,1.24236084633493,1.59633338364253,0.779087470012918,1.21477462417491,1.21477462417491,1.34629611440882,1.20673406812596,1.17380438020329,1.17380438020329,1.2383985721439,1.10693377890457
293,1.07094441398775,1.07094441398775,1.13894725774451,1.06755074819946,1.05477999824995,1.05477999824995,1.073110226339,1.04763004567444,0.909868620345334,0.909868620345334,1.04492551292141,0.947952604775444,0.597603438562282,0.597603438562282,0.65099594370432,0.724741077902108,1.24253492365863,1.24253492365863,1.58420989407347,0.840883926923787,1.21572847335568,1.21572847335568,1.35329575257586,1.20585693057802,1.1670158430333,1.1670158430333,1.22813254191537,1.10386652201552
294,1.06747566917193,1.06747566917193,1.13247520364589,1.06692758132105,1.04290993289223,1.04290993289223,1.06968129983152,1.03852187573267,0.887880673477155,0.887880673477155,1.01961106774391,0.935447430052277,0.573921805756755,0.573921805756755,0.635034922926177,0.7035005841514,1.23594899824545,1.23594899824545,1.57625077388891,0.894399335670788,1.20746405152512,1.20746405152512,1.35055555725774,1.19374276318357,1.15885411639114,1.15885411639114,1.21330144274752,1.10375952468218
295,1.06450067811135,1.06450067811135,1.12660322568936,1.0664416758696,1.034216885311,1.034216885311,1.06867131204472,1.02969406777016,0.865193669128327,0.865193669128327,0.993846705610826,0.922292721070142,0.551779344068577,0.551779344068577,0.61938555387871,0.682487018752729,1.22347345671386,1.22347345671386,1.54273868890128,0.948445285107953,1.17540109263424,1.17540109263424,1.32392363364699,1.16988047792255,1.1540546845595,1.1540546845595,1.20419280440862,1.10271451739323
296,1.06025140336932,1.06025140336932,1.12027365542357,1.0662879430714,1.02258913486844,1.02258913486844,1.06454509859546,1.01788651518187,0.846312644396364,0.846312644396364,0.969306382253967,0.910266495851063,0.534146383724211,0.534146383724211,0.607720874816302,0.663515808522395,1.17870657163657,1.17870657163657,1.48290976070277,0.989066248385311,1.15619465805851,1.15619465805851,1.29746514011966,1.15407128227495,1.1504466965346,1.1504466965346,1.19543174196229,1.10294277837102
297,1.05492983511846,1.05492983511846,1.10814882926507,1.06620284098669,1.01000895218992,1.01000895218992,1.05997679084807,1.00598550860049,0.8324609498724,0.8324609498724,0.946129042615498,0.899375315347151,0.522805122859534,0.522805122859534,0.599172713060644,0.645906168404286,1.08920181436926,1.08920181436926,1.36416363014732,1.01377099095774,1.13898449355397,1.13898449355397,1.27731256442566,1.13772337222782,1.13311017944851,1.13311017944851,1.18075472282928,1.08389725303666
298,1.0540370884297,1.0540370884297,1.10496212354251,1.06631814058533,0.997300881083955,0.997300881083955,1.05567086426949,0.99405215255997,0.820551081683572,0.820551081683572,0.924347768824508,0.889520765276744,0.511544871001034,0.511544871001034,0.594520197938424,0.630452347630534,0.977676275654343,0.977676275654343,1.26096612137658,1.01409392876915,1.12578049560868,1.12578049560868,1.2604274115034,1.11468987835069,1.11638957822861,1.11638957822861,1.14781384468237,1.08420397872556
299,1.05321915291597,1.05321915291597,1.10315641496885,1.06638951652735,0.984377418942295,0.984377418942295,1.05119960161193,0.981860000846278,0.810052273964942,0.810052273964942,0.904319847875138,0.879495630451456,0.507116378663398,0.507116378663398,0.597770280272606,0.61347810689813,0.878423188260032,0.878423188260032,1.15444204534604,1.01863812511533,1.05358092583251,1.05358092583251,1.19146467313025,1.05429170625009,1.12290886256093,1.12290886256093,1.14907156775749,1.0931346894816
300,1.05239124257891,1.05239124257891,1.10077255084277,1.06649658044039,0.971470784225299,0.971470784225299,1.04688648650818,0.969682226669984,0.799741176125375,0.799741176125375,0.883901557802539,0.869923201321813,0.501499754235177,0.501499754235177,0.596568195025717,0.59906815654375,0.783289930859872,0.783289930859872,1.06132280331055,1.022767115704,1.04699936648517,1.04699936648517,1.15779842533578,1.05073480989425,1.13060949371856,1.13060949371856,1.15410604331459,1.10169090957096
301,1.05162567488772,1.05162567488772,1.09914220698643,1.06681502695094,0.958456453990456,0.958456453990456,1.0426344738684,0.957407404116253,0.789708406727177,0.789708406727177,0.86518368916502,0.859465043657213,0.494965027736959,0.494965027736959,0.597569932731458,0.581776216118494,0.612229947440737,0.612229947440737,0.805768514040886,1.022767115704,1.06183853445464,1.06183853445464,1.16753132161759,1.05650872320198,1.13822261770395,1.13822261770395,1.15821962191925,1.11084274814923
302,1.05075537155147,1.05075537155147,1.09779683079574,1.06692483609251,0.945246925629514,0.945246925629514,1.03822071941222,0.944773143127566,0.781649827436366,0.781649827436366,0.84907269229957,0.850194418324666,0.490779562417852,0.490779562417852,0.598638452950915,0.572472153684957,0.399971664080087,0.399971664080087,0.707080352000099,0.926001107215353,1.07530824752886,1.07530824752886,1.17817299153655,1.06104635602875,1.14688246209581,1.14688246209581,1.16450465403822,1.12039761001642
303,1.04972297733598,1.04972297733598,1.09624868915064,1.06676286760869,0.933339839937537,0.933339839937537,1.03517997326408,0.932243119285016,0.773558884373304,0.773558884373304,0.833676269422403,0.840779452045682,0.48670210910698,0.48670210910698,0.598527148761388,0.561624978457566,0.358976454349552,0.358976454349552,0.661099800097949,0.940348772836317,1.0937175367178,1.0937175367178,1.19138142669021,1.07010780849256,1.15585194725101,1.15585194725101,1.17151350399529,1.12995960503916
304,1.0487928250597,1.0487928250597,1.09501565598198,1.06682600786509,0.930633990051627,0.930633990051627,1.03312764932721,0.919533376224989,0.764820665865196,0.764820665865196,0.817102122749733,0.832086190498885,0.482705664802284,0.482705664802284,0.598638452950915,0.551617438132712,0.409226775123287,0.409226775123287,0.639489433528718,0.978063295811035,1.11280814675015,1.11280814675015,1.20792665664896,1.07820924427003,1.16381509992538,1.16381509992538,1.17780211937088,1.13853009143962
305,1.04809708113187,1.04809708113187,1.0951225188566,1.06690836472127,0.927389662576481,0.927389662576481,1.03038522697374,0.906457005961307,0.756742668311034,0.756742668311034,0.800316250450905,0.823399489904198,0.477872127433767,0.477872127433767,0.596100717429704,0.543175703436918,0.485733758887917,0.485733758887917,0.63409300219615,1.03176324045027,1.13369063060067,1.13369063060067,1.22693459379235,1.08767818583091,1.17293940546225,1.17293940546225,1.18432722968367,1.14808495330681
306,1.04764821408165,1.04764821408165,1.09463478573655,1.06707033320509,0.923391466476405,0.923391466476405,1.02674423897365,0.893226077170593,0.745939641133233,0.745939641133233,0.781968901659162,0.813092234138147,0.468232055698792,0.468232055698792,0.590201595384784,0.531965442846267,0.556554216745126,0.556554216745126,0.625591774754435,1.08387156301901,1.15231112925107,1.15231112925107,1.24274448019738,1.09602825902355,1.18225891930643,1.18225891930643,1.1917875699754,1.15777534512956
307,1.04704972468137,1.04704972468137,1.09372234119174,1.06710053071902,0.919396635861261,0.919396635861261,1.0235453452717,0.880207217056504,0.734761194197305,0.734761194197305,0.762139473484315,0.802607832665103,0.455405629720884,0.455405629720884,0.581297260222641,0.520891339266837,0.627258623053205,0.627258623053205,0.615217813151645,1.13295811035246,1.17338438293774,1.17338438293774,1.26048290913009,1.1062707392094,1.19123850144304,1.19123850144304,1.19873550456986,1.16744790406342
308,1.04636146187104,1.04636146187104,1.09273865473052,1.06702366431992,0.915287378758405,0.915287378758405,1.02001937367438,0.866767813973517,0.723032563133089,0.723032563133089,0.742607784471252,0.791965968341401,0.442120152707977,0.442120152707977,0.571146318137797,0.510021471204242,0.692914786974084,0.692914786974084,0.599915603756557,1.18188318878022,1.19498906688228,1.19498906688228,1.27985851805034,1.1172867580202,1.20062532849664,1.20062532849664,1.20599876574726,1.17704913144172
309,1.04567070535488,1.04567070535488,1.09171112708997,1.06708405934778,0.911248796839137,0.911248796839137,1.01650777912741,0.853788492087272,0.710488365008117,0.710488365008117,0.722295357211732,0.78116008021493,0.42818660364566,0.42818660364566,0.559169987344714,0.499265067317665,0.759180221527901,0.759180221527901,0.587323930647233,1.23034692747739,1.21657331120151,1.21657331120151,1.2985612182469,1.13127951921812,1.20978665629869,1.20978665629869,1.21281053658999,1.18651126228667
310,1.04497246772121,1.04497246772121,1.09113297153755,1.06706209751947,0.907109250371886,0.907109250371886,1.01255049601972,0.840456920534772,0.697814711794135,0.697814711794135,0.701572711551531,0.770984043491094,0.417763444850981,0.417763444850981,0.545501832870823,0.494794578782527,0.829217331428476,0.829217331428476,0.582099987987396,1.28187857538291,1.23918634999429,1.23918634999429,1.31773564827038,1.14876701741809,1.21918021467323,1.21918021467323,1.22037837458045,1.19612675597609
311,1.04414206367832,1.04414206367832,1.09024518765612,1.06680130080824,0.902350454677014,0.902350454677014,1.00737116363263,0.826916874689997,0.686474445996947,0.686474445996947,0.68458834647818,0.762395757178069,0.406989247029539,0.406989247029539,0.529919246337072,0.492616066602967,0.903954529068858,0.903954529068858,0.575915037008061,1.33532478317033,1.26070246222918,1.26070246222918,1.33621635796015,1.16635120794618,1.2287218621085,1.2287218621085,1.22800354467689,1.20533565979881
312,1.04309969463949,1.04309969463949,1.08892173205509,1.0666585489242,0.897860897776761,0.897860897776761,1.00205884352984,0.814886470272035,0.674901161039542,0.674901161039542,0.668768472348698,0.754371712746572,0.395485968152509,0.395485968152509,0.512288662716028,0.488803670288737,0.977763314316192,0.977763314316192,0.569385108683265,1.39013194316295,1.28337000668944,1.28337000668944,1.35548790883035,1.18457771179677,1.23773173518935,1.23773173518935,1.23571471293232,1.21426280397707
313,1.04208475636484,1.04208475636484,1.0870749223758,1.06652403272578,0.893290569238122,0.893290569238122,0.996264892240463,0.803136427833339,0.661877979085236,0.661877979085236,0.652101695714583,0.745317598833681,0.390166376746935,0.390166376746935,0.4972180754541,0.487215171824475,1.05299373104038,1.05299373104038,0.562189866906508,1.44676139509135,1.30678700407744,1.30678700407744,1.37686143231166,1.202617737586,1.24657332524665,1.24657332524665,1.24285972664112,1.22299378637755
314,1.04106483067852,1.04106483067852,1.08489382370413,1.06637579038466,0.889097175011948,0.889097175011948,0.990341547497975,0.792450323162111,0.648880688148732,0.648880688148732,0.636030397404038,0.737326359162739,0.434802339150055,0.434802339150055,0.499978419354364,0.510271092391483,1.1266574518513,1.1266574518513,0.554698930262214,1.50232976563942,1.33004048446303,1.33004048446303,1.39816558375959,1.22105143928257,1.25491679755424,1.25491679755424,1.24962849840436,1.23147510833356
315,1.03971822952788,1.03971822952788,1.08228527353398,1.06623029327208,0.885486009679135,0.885486009679135,0.984824354427758,0.781005803393127,0.638317152885597,0.638317152885597,0.621619821973668,0.732018548905109,0.441364068650332,0.441364068650332,0.485909569798177,0.572404075179346,1.20093044329516,1.20093044329516,0.562042019472739,1.55785200221443,1.35248319304496,1.35248319304496,1.41889394733056,1.24017580046571,1.26307515853593,1.26307515853593,1.25594219657632,1.23942144362288
316,1.03758361733352,1.03758361733352,1.07829846628865,1.06632637627095,0.881521468428386,0.881521468428386,0.978775210494743,0.770837290068235,0.645806129784768,0.645806129784768,0.614685807716998,0.750415458623766,0.432831119999766,0.432831119999766,0.469280723882874,0.58211660864655,1.27819176212914,1.27819176212914,0.62024462589979,1.6141354493449,1.37487820916785,1.37487820916785,1.43966393412154,1.2596938375562,1.27037191043705,1.27037191043705,1.26174707230764,1.24734994602331
317,1.0340275928135,1.0340275928135,1.06944802821137,1.06619460530107,0.877556927177637,0.877556927177637,0.972790763288286,0.772799823923092,0.642712153157453,0.642712153157453,0.608565613835873,0.755060612718205,0.424568201369787,0.424568201369787,0.452429269588517,0.58719980373219,1.35626544180704,1.35626544180704,0.680048912859339,1.66910407824322,1.397245972457,1.397245972457,1.46000381430564,1.2798334681846,1.27532279698988,1.27532279698988,1.26572090390396,1.25289240789028
318,1.03185058761996,1.03185058761996,1.06147715379441,1.06601616544602,0.873922203450295,0.873922203450295,0.965965258636596,0.7771813784452,0.633216622378642,0.633216622378642,0.596695745919397,0.752462475682332,0.414469078599813,0.414469078599813,0.435355206915107,0.594416125326982,1.43465826324505,1.43465826324505,0.744904653805993,1.72455711385865,1.41812164309908,1.41812164309908,1.47984421584946,1.30015957687437,1.2728254769204,1.2728254769204,1.26054668133851,1.25716160149051
319,1.03038927600093,1.03038927600093,1.05637787662357,1.06582948990535,0.870748551158737,0.870748551158737,0.960207249973085,0.782752674187011,0.623216216752697,0.623216216752697,0.585030987203263,0.749162316770605,0.40218271266308,0.40218271266308,0.417435232401293,0.599408549071806,1.5145017290472,1.5145017290472,0.83171573866734,1.78148643661192,1.4369056587519,1.4369056587519,1.49720109859864,1.32353149389992,1.2728019172971,1.2728019172971,1.25192536590052,1.26322835029084
320,1.02888806508855,1.02888806508855,1.051604668224,1.065700464164,0.869621113706274,0.869621113706274,0.956735192314564,0.800490960952066,0.61262679047176,0.61262679047176,0.573743364758722,0.746209888320749,0.394054809043395,0.394054809043395,0.403811599603213,0.608826075681362,1.59353283400542,1.59353283400542,0.930428541947089,1.83940763978594,1.44186567449193,1.44186567449193,1.50355557685534,1.34273873422145,1.27659838230838,1.27659838230838,1.25046698045444,1.27003694726899
321,1.02813496592652,1.02813496592652,1.04660129363294,1.06595027996108,0.876580936547147,0.876580936547147,0.95506386021186,0.81080324965094,0.602717003408121,0.602717003408121,0.565591928151644,0.743382117960998,0.386872010495767,0.386872010495767,0.388006404690408,0.618674766159789,1.6728250549492,1.6728250549492,1.03219685885806,1.89642923048533,1.44248567645943,1.44248567645943,1.49075643669857,1.36634547547244,1.28133386659107,1.28133386659107,1.25226935853645,1.27634622335822
322,1.02851400921337,1.02851400921337,1.04210483267789,1.0705128497933,0.874406833280607,0.874406833280607,0.949870150774423,0.816162476716127,0.590121023247545,0.590121023247545,0.559173995108734,0.737070482030418,0.376340839692853,0.376340839692853,0.374449554406044,0.62255524097963,1.7502314382196,1.7502314382196,1.12314767186494,1.95531924709356,1.4537683496263,1.4537683496263,1.49148484304895,1.39301183824893,1.28582702331985,1.28582702331985,1.25491738518178,1.28280529571413
323,1.0275339828204,1.0275339828204,1.03772345481859,1.07067756350566,0.870738454703938,0.870738454703938,0.943882109305379,0.819627463229099,0.577104314047689,0.577104314047689,0.552881774156355,0.729472899486123,0.365026581830235,0.365026581830235,0.361649572610463,0.624166432279096,1.81591661502776,1.81591661502776,1.16750190199563,2.0131020483484,1.47011323665971,1.47011323665971,1.50203632932454,1.4212529046548,1.29096975251953,1.29096975251953,1.25731100060679,1.28912527153669
324,1.02623476208062,1.02623476208062,1.03310917069409,1.0697359501167,0.865434450449965,0.865434450449965,0.93722912925784,0.821855981525823,0.564119968620086,0.564119968620086,0.546556471074888,0.720779637939325,0.351417068792623,0.351417068792623,0.347157767134074,0.622101384275555,1.83187370303327,1.83187370303327,1.18502182289726,2.0702851079535,1.48912208819085,1.48912208819085,1.51459266736451,1.44961138317339,1.29591727341189,1.29591727341189,1.26093008979731,1.29504222407035
325,1.02482581828411,1.02482581828411,1.02868395165545,1.0683441192473,0.859447252754649,0.859447252754649,0.930069358185609,0.823369217336986,0.551180932473636,0.551180932473636,0.540350263658136,0.711482768798335,0.341020913000003,0.341020913000003,0.336628390804839,0.622169462781166,1.86715337396911,1.86715337396911,1.24398830773211,2.12488466506736,1.50843072089309,1.50843072089309,1.52852257166521,1.47852929587611,1.30101624902544,1.30101624902544,1.26484658928763,1.30087357873733
326,1.02339941854677,1.02339941854677,1.02429435357502,1.06658717298218,0.853241298538706,0.853241298538706,0.923132431393739,0.824501448407096,0.539924812484304,0.539924812484304,0.534276384757732,0.702717336778319,0.328788553067387,0.328788553067387,0.326766839612765,0.622169462781166,1.92573039339299,1.92573039339299,1.31872518550233,2.18160638494187,1.52981738216774,1.52981738216774,1.54215417622242,1.50766131301966,1.30618590350889,1.30618590350889,1.26805360396635,1.30639464113763
327,1.0214443531725,1.0214443531725,1.01985543416784,1.06442667812179,0.846584369341778,0.846584369341778,0.915850455393569,0.82551865917802,0.529684914943691,0.529684914943691,0.527997396656988,0.693000566702239,0.320093586404468,0.320093586404468,0.318085112829675,0.622146769945962,1.98555496697004,1.98555496697004,1.40009055655318,2.23763609522052,1.55371811735456,1.55371811735456,1.55741602356383,1.53703506098351,1.31174934026744,1.31174934026744,1.2720166857928,1.31170170887125
328,1.01961896050163,1.01961896050163,1.01566860154181,1.06208499817782,0.839715414594089,0.839715414594089,0.908723032684617,0.826172837129639,0.520661895239764,0.520661895239764,0.52159931289153,0.68329691853038,0.313531856904191,0.313531856904191,0.309447907722396,0.62073981416333,2.05068889891983,2.05068889891983,1.48547244955476,2.29438088208156,1.57969006790536,1.57969006790536,1.57360051894906,1.56613945174759,1.31727238910034,1.31727238910034,1.27576835547841,1.3166485522493
329,1.01742699307309,1.01742699307309,1.01120776154496,1.05986410828957,0.83300800312317,0.83300800312317,0.901699843590671,0.826765910547316,0.513140554568341,0.513140554568341,0.516094446611426,0.673448929412083,0.307672205457442,0.307672205457442,0.300743920101401,0.618288987961325,2.11805682319039,2.11805682319039,1.57053400644984,2.3523943532017,1.60622751475618,1.60622751475618,1.58986826077433,1.59496067212219,1.32251272245368,1.32251272245368,1.27960244006638,1.32107110869398
330,1.01509537811781,1.01509537811781,1.00687022486499,1.05731379097661,0.825610667241043,0.825610667241043,0.894159080684276,0.826798260006462,0.507405694125242,0.507405694125242,0.510073499117562,0.66421110884009,0.303675761152746,0.303675761152746,0.294533146325805,0.620263264624051,2.18783281710542,2.18783281710542,1.65244148475785,2.40996955157778,1.63500650718182,1.63500650718182,1.60454738303543,1.62378879909164,1.32751072825311,1.32751072825311,1.28341144185797,1.32566129429423
331,1.0125517981666,1.0125517981666,1.0023271826569,1.05478269026342,0.817937361594432,0.817937361594432,0.886204977580438,0.826852175771705,0.50292007529108,0.50292007529108,0.504806824166885,0.655012653980762,0.300246379891284,0.300246379891284,0.290592978016557,0.621329827878627,2.25383713567369,2.25383713567369,1.74043534908935,2.46699114227717,1.66429649024002,1.66429649024002,1.62165452646448,1.65254095351758,1.3321990932892,1.3321990932892,1.28698753196899,1.33004461838336
332,1.00962917492854,1.00962917492854,0.99740327020338,1.05165587495722,0.810048664912127,0.810048664912127,0.87800646462072,0.826517898027196,0.497567107360557,0.497567107360557,0.499712176287461,0.644554496316162,0.301461514983928,0.301461514983928,0.288255590036494,0.625618773732136,2.32123407283153,2.32123407283153,1.82650719678185,2.52419726886879,1.69379086955125,1.69379086955125,1.63883797913023,1.68145886622029,1.33657445190149,1.33657445190149,1.29025546201033,1.33426031331692
333,1.00640231957867,1.00640231957867,0.992301252958832,1.04863612356405,0.801463312848748,0.801463312848748,0.869692935258235,0.82592123022517,0.49328861666881,0.49328861666881,0.495404883080312,0.636228648087569,0.309940457630377,0.309940457630377,0.292841322644998,0.6302481121137,2.38819581668014,2.38819581668014,1.91376182394451,2.58059605093191,1.72348964511549,1.72348964511549,1.65631279433614,1.71072901526116,1.34066709503422,1.34066709503422,1.29335497899032,1.33842607616159
334,1.00271911606108,1.00271911606108,0.987138954092706,1.04520458788999,0.792807285601782,0.792807285601782,0.860883397658819,0.825123276899569,0.489398491244089,0.489398491244089,0.491792314583994,0.627640361774544,0.328194487022095,0.328194487022095,0.302970003891937,0.642751864310966,2.45570880538711,2.45570880538711,1.99367336189664,2.6360260195608,1.75277962817369,1.75277962817369,1.67380148394873,1.74031686766584,1.34447029136644,1.34447029136644,1.2960388382019,1.3420675520729
335,0.998791529371709,0.998791529371709,0.981762929477345,1.04183619247233,0.784097410595893,0.784097410595893,0.851628171498682,0.824839320535954,0.48840815981317,0.48840815981317,0.490449180143055,0.621952016294489,0.348608756578513,0.348608756578513,0.313432597707455,0.664083129402489,2.51953715740918,2.51953715740918,2.08092798905929,2.69260933751615,1.78204235839816,1.78204235839816,1.69158153610147,1.76946269799913,1.34795711561439,1.34795711561439,1.29866536530749,1.34595512185089
336,0.994704345508928,0.994704345508928,0.976318403019281,1.03793522271807,0.776154866154664,0.776154866154664,0.841848183000921,0.823868836761574,0.49141799063263,0.49141799063263,0.492023889487604,0.620278973506238,0.37661086971344,0.37661086971344,0.328525445807289,0.688319077400092,2.59427435504956,2.59427435504956,2.16707376046868,2.74757796641447,1.81129827541419,1.81129827541419,1.7097361972344,1.79844967665049,1.35097947871734,1.35097947871734,1.3009550662904,1.34906874425106
337,0.990307942122667,0.990307942122667,0.970408064030834,1.03342755745662,0.77023161267307,0.77023161267307,0.832564202740092,0.82373943892499,0.4945831675589,0.4945831675589,0.49388972156812,0.618481272627881,0.407718328085125,0.407718328085125,0.33849830118889,0.714960465929292,2.68227044217816,2.68227044217816,2.2574824662184,2.80120871009411,1.84023397163381,1.84023397163381,1.73014544945187,1.82741593551727,1.35343977652164,1.35343977652164,1.30294735697349,1.35181144256232
338,0.923479119463326,0.923479119463326,0.969010626439685,0.893769545979539,0.764752603202596,0.764752603202596,0.824304587316404,0.823624418625804,0.49890049477735,0.49890049477735,0.497495673638621,0.620482363021672,0.439095816477397,0.439095816477397,0.345154291722592,0.749498961109397,2.76939614268828,2.76939614268828,2.34589523161225,2.85490865473335,1.86867911684618,1.86867911684618,1.75450890757142,1.855201166662,1.35506202486866,1.35506202486866,1.30496473045295,1.35199690460678
339,0.924414259151272,0.924414259151272,0.971153364079447,0.895007644050739,0.760700559343596,0.760700559343596,0.817579722017136,0.826018278602608,0.506693691135692,0.506693691135692,0.50252415725987,0.629825158827438,0.461427299179986,0.461427299179986,0.351810282256294,0.767471686590766,2.85794347467526,2.85794347467526,2.43630393736197,2.90669403949068,1.89683129409589,1.89683129409589,1.77850469391411,1.88221976577665,0.947618533910633,0.947618533910633,1.18082280470514,0.853128971068565
340,0.926927914632469,0.926927914632469,0.972907011252653,0.897272457595618,0.757600947720557,0.757600947720557,0.810991438696152,0.827463221111129,0.510952763564088,0.510952763564088,0.506116876478737,0.633958558657236,0.491562649477556,0.491562649477556,0.357086100839864,0.787486767240472,2.94501114941081,2.94501114941081,2.52565306983635,2.95612659162207,1.92021422544172,1.92021422544172,1.80153620899296,1.86697000431317,0.948197427511643,0.948197427511643,1.01450236523305,0.857152070802117
341,0.92942660787866,0.92942660787866,0.974359250317965,0.899847481965431,0.756207636958409,0.756207636958409,0.805330475122476,0.830723327716176,0.516642314726034,0.516642314726034,0.509034720264225,0.640900045990452,0.51964577161866,0.51964577161866,0.365189045837415,0.812290036118169,3.04075367744391,3.04075367744391,2.61475578992112,3.0056744786861,0.92263105972909,0.92263105972909,1.07386520216138,0.779754560338257,0.95431619824791,0.95431619824791,1.02092356110374,0.863753806269142
342,0.931957719300699,0.931957719300699,0.975671745624161,0.902318187650753,0.756116768865226,0.756116768865226,0.798914716405643,0.833703072341957,0.526435592209565,0.526435592209565,0.514195532401823,0.650295329413104,0.55755798650915,0.55755798650915,0.382174065159204,0.84226727142232,3.14859457947391,3.14859457947391,2.70181328717208,3.05342314080089,0.942832222736199,0.942832222736199,1.08518671800737,0.799838938207732,0.96105761617131,0.96105761617131,1.02804349201616,0.870319875958388
343,0.933912784674964,0.933912784674964,0.976874637982032,0.90451437048215,0.75734517086567,0.75734517086567,0.79343346596129,0.835654823043766,0.537406911003078,0.537406911003078,0.521063382400318,0.661475191809891,0.598143498603457,0.598143498603457,0.395797697957284,0.885247501298219,1.24798934646779,1.24798934646779,1.30556676389689,3.09037645322015,0.967441531600172,0.967441531600172,1.10547110056476,0.823224668423014,0.968327442788657,0.968327442788657,1.0355647476705,0.876636285203175
344,0.935566111643252,0.935566111643252,0.977751461568636,0.906685846256694,0.755904743314464,0.755904743314464,0.785838789116098,0.836521069672009,0.555206985741816,0.555206985741816,0.530968171849016,0.680941536722606,0.624768458633389,0.624768458633389,0.404724293957333,0.911480418793752,0.465192634691725,0.465192634691725,1.33836425295464,0.37190902380513,0.992779853766593,0.992779853766593,1.12622721294908,0.84684522286373,0.975593903745532,0.975593903745532,1.04302508796223,0.883755174448007
345,0.936977549145591,0.936977549145591,0.978617324860406,0.908099638954405,0.755696083248635,0.755696083248635,0.779494915650994,0.839932140419737,0.571272362287834,0.571272362287834,0.542368273532453,0.696536919889955,0.658360193194478,0.658360193194478,0.416500277209268,0.924029556661425,0.51692261271688,0.51692261271688,1.3822256583061,0.362267023436058,1.01823400047639,1.01823400047639,1.14699719974006,0.870562469632566,0.983122886219145,0.983122886219145,1.0510229167476,0.891544580315096
346,0.938488734881311,0.938488734881311,0.97905299658,0.909538138708971,0.756894195884685,0.756894195884685,0.773567976645919,0.842760920902837,0.583848924185059,0.583848924185059,0.550566025120253,0.708090756557057,0.687766462436461,0.687766462436461,0.423245311094591,0.939664920116808,0.573062549609015,0.573062549609015,1.42712199569394,0.364343052223657,1.04367452076933,1.04367452076933,1.16851640449145,0.894183024073282,0.990571092841454,0.990571092841454,1.05927874000992,0.899747709204431
347,0.939708157034392,0.939708157034392,0.979488668299593,0.911322537259481,0.757930765243964,0.757930765243964,0.768672591003159,0.847458781247706,0.599849573186572,0.599849573186572,0.561575757680462,0.722872581662667,0.713824359423159,0.713824359423159,0.427942347892622,0.954324491658429,0.630711156639853,0.630711156639853,1.47376786104805,0.368771913637202,1.0694216354418,1.0694216354418,1.18968874907598,0.917630913642355,0.99794188927293,0.99794188927293,1.06737331672414,0.908407360049346
348,0.940815362424919,0.940815362424919,0.979647592574665,0.913010852811117,0.760956336198483,0.760956336198483,0.765081922679285,0.853191824285246,0.613280538671256,0.613280538671256,0.570488083256544,0.735023464971851,0.730890256724291,0.730890256724291,0.432728428042274,0.966919015196509,0.689491266274719,0.689491266274719,1.52176899454505,0.375461339730578,1.09483490290099,1.09483490290099,1.21173518128097,0.941023550452503,1.00526893211828,1.00526893211828,1.07523856501441,0.917644796494292
349,0.941663222408657,0.941663222408657,0.979329744024521,0.914693677905675,0.764096333640714,0.764096333640714,0.761020405956584,0.858112536459788,0.629740753238751,0.629740753238751,0.582119759843592,0.748893317734062,0.759702459920982,0.759702459920982,0.452206661209464,0.981374351221297,0.746443564010771,0.746443564010771,1.56590145352508,0.378252445100572,1.11999608164813,1.11999608164813,1.23286590264549,0.964057044329634,1.01193630551132,1.01193630551132,1.08221516566187,0.926561240939221
350,0.94195747969713,0.94195747969713,0.978677606481985,0.915753336121825,0.766411787274428,0.766411787274428,0.756462880996951,0.862569573053236,0.648298140248191,0.648298140248191,0.594360147605844,0.765413795149033,0.772258855878302,0.772258855878302,0.459062999284314,0.997849349579218,0.803482900408671,0.803482900408671,1.61035424861162,0.383119579258166,1.14480297355669,1.14480297355669,1.25393418917996,0.986710675489151,1.01897390155617,1.01897390155617,1.08934584634416,0.935766578184165
351,0.942274180338114,0.942274180338114,0.978072050192487,0.917139676534144,0.769568612141323,0.769568612141323,0.752189302781649,0.866376026079415,0.673367118234785,0.673367118234785,0.613997699431985,0.788646126573341,0.79224107740178,0.79224107740178,0.473577065598608,1.01486897598203,0.861653739410598,0.861653739410598,1.65332856936047,0.388909392876915,1.16832216907121,1.16832216907121,1.27391333479053,1.00853551526478,1.02578936400993,1.02578936400993,1.09616836695677,0.944818552584657
352,0.942279167749783,0.942279167749783,0.977104804173516,0.918152665865126,0.773142757139876,0.773142757139876,0.748458458216902,0.871728064375903,0.696112377373667,0.696112377373667,0.632517075294981,0.810743413282484,0.843627790319589,0.843627790319589,0.524910557808366,1.06526976296955,0.919273333554154,0.919273333554154,1.6973378221457,0.395483484037645,1.19236598163515,1.19236598163515,1.29407284768786,1.03027056930716,1.03258799816134,1.03258799816134,1.10291563918027,0.954070255340715
353,0.942353978924819,0.942353978924819,0.975951233142391,0.918567195374552,0.775360611710541,0.775360611710541,0.743904527519856,0.87676379684963,0.731265906794062,0.731265906794062,0.657374987091077,0.844558560461497,0.905869710065016,0.905869710065016,0.586105601210198,1.11065543337705,0.976921940584992,0.976921940584992,1.74073104395689,0.402541981915483,1.21593968281714,1.21593968281714,1.31402424448508,1.05172935955491,1.03914093909836,1.03914093909836,1.10945149926294,0.963189994718988
354,0.941832794405404,0.941832794405404,0.975016868007917,0.917823238440416,0.779210726473578,0.779210726473578,0.743041904499105,0.88484756725178,0.775759620886457,0.775759620886457,0.692289866129673,0.887290041559075,0.92506884452879,0.92506884452879,0.614421387025815,1.14344658024647,1.03442548317942,1.03442548317942,1.78109339337582,0.417304853293966,1.23915909716055,1.23915909716055,1.3338438344189,1.07235935841878,1.04428703395851,1.04428703395851,1.11499838051731,0.970173354008256
355,0.941972441932137,0.941972441932137,0.974255127517055,0.917957754638839,0.783750765647822,0.783750765647822,0.74138135518416,0.889678419817582,0.812854976641987,0.812854976641987,0.723598793097767,0.922266477261699,0.938975390589049,0.938975390589049,0.640511089050896,1.16797753510172,1.09091357471894,1.09091357471894,1.82318062952205,0.443532016977302,1.26031410934844,1.26031410934844,1.35241472775206,1.09104169753051,1.04804647670461,1.04804647670461,1.11813731332017,0.976133105475247
356,0.94198491046131,0.94198491046131,0.973537228205524,0.91784794549727,0.788156185424758,0.788156185424758,0.742739986441842,0.899512655397966,0.843723542616184,0.843723542616184,0.745188190540051,0.951954785563026,0.947238309219027,0.947238309219027,0.662237666846526,1.18052667296939,1.14595102189433,1.14595102189433,1.86450398726048,0.469505443808821,1.27614800574929,1.27614800574929,1.36640706688279,1.10432307945727,1.05281561759201,1.05281561759201,1.12175281925406,0.983665717742323
357,0.942269192926445,0.942269192926445,0.972967292874232,0.91780951229772,0.796172770534506,0.796172770534506,0.747441281904934,0.91095717516695,0.864501084402129,0.864501084402129,0.757766016018992,0.973907731325731,0.951801816566957,0.951801816566957,0.68198303006858,1.18556448238462,1.19982795357841,1.19982795357841,1.90089909720661,0.494994463923233,1.29055112837898,1.29055112837898,1.37691692993835,1.11793597793757,1.05869206077437,1.05869206077437,1.12663321477631,0.991440857298301
358,0.943039748029313,0.943039748029313,0.97280836859916,0.918652297459269,0.805256214367928,0.805256214367928,0.751826282260416,0.919324901932715,0.878016195694669,0.878016195694669,0.762351199110473,0.989706504008514,1.00794105784711,1.00794105784711,0.734340520821984,1.21095776497762,1.2424188721095,1.2424188721095,1.92748699404606,0.517254105923602,1.30892635152575,1.30892635152575,1.39082602262904,1.13478116281503,1.06490507000382,1.06490507000382,1.13183252013813,0.999355093387619
359,0.943401335375318,0.943401335375318,0.972545321523179,0.919610382219466,0.809776060632577,0.809776060632577,0.755000016124261,0.926671823543206,0.895906888995713,0.895906888995713,0.767915613222934,1.01084589170948,1.03159568765057,1.03159568765057,0.757558574757274,1.2501709842097,1.27238918467259,1.27238918467259,1.94968875035037,0.527518914928954,1.32795564268219,1.32795564268219,1.40644860454397,1.15157800152843,1.07159263735969,1.07159263735969,1.137365068366,1.00747262441028
360,0.943595844430411,0.943595844430411,0.97288235058928,0.919552732420142,0.816082979396501,0.816082979396501,0.759830705040465,0.932735549940905,0.930600852850126,0.930600852850126,0.78720911090657,1.04490379411659,1.05452123639846,1.05452123639846,0.781911931425736,1.28175941081331,1.31173065982801,1.31173065982801,1.9817962847172,0.54468075290644,1.3478570245182,1.3478570245182,1.42250823026913,1.16936938990249,1.07831049565979,1.07831049565979,1.14302661383234,1.0150801348107
