1,1.2883865501637535,1.2883865501637535,1.2969323416593068,1.3016498809371000,1.4053471445642935,1.4053471445642935,1.3967002182303283,1.4048911309237202,0.8405533426554138,0.8405533426554138,0.8588042066269952,0.8591846781359097,0.7474746338155720,0.7474746338155720,0.8395305139808518,0.8330105067700510,0.3078716801139083,0.3078716801139083,0.4681932658275886,0.4659095624682797,0.3111759379792935,0.3111759379792935,0.3514623431515008,0.3562544387396473,1.1460834702408222,1.1460834702408222,1.1494538088924886,1.1534403883386990
2,1.2924654732754142,1.2924654732754142,1.3010863033153806,1.3055370987556976,1.3957064505961920,1.3957064505961920,1.3878629182039293,1.3953548432503553,0.7975001862747082,0.7975001862747082,0.8189590194085485,0.8190453006420431,0.7390004094184254,0.7390004094184254,0.8348043659259023,0.8271742537622010,0.3029266050696407,0.3029266050696407,0.4667500924382199,0.4661167288102120,0.3195661399476231,0.3195661399476231,0.3594513846143508,0.3640479265078915,1.1619699097393210,1.1619699097393210,1.1649488112572375,1.1690280955552750
3,1.2956915413952543,1.2956915413952543,1.3043984375252518,1.3087909287640618,1.3853158067319713,1.3853158067319713,1.3785836488340426,1.3858109792586832,0.7528749729667542,0.7528749729667542,0.7782035537748737,0.7778513127543598,0.7264585391129259,0.7264585391129259,0.8272891193028523,0.8201076598315880,0.3024543047623546,0.3024543047623546,0.4673088162497315,0.4706303357197819,0.3294207793866546,0.3294207793866546,0.3691552769306029,0.3743630465790970,1.1779890416338479,1.1779890416338479,1.1807092729843773,1.1842940984602961
4,1.2989077197833474,1.2989077197833474,1.3075383262133591,1.3119466344309016,1.3742648540068194,1.3742648540068194,1.3685320467650350,1.3752595052317369,0.7132847979732398,0.7132847979732398,0.7453134240565871,0.7436811668299038,0.7158410779554337,0.7158410779554337,0.8182786410437042,0.8124531788171295,0.3041250670993792,0.3041250670993792,0.4701715881841015,0.4756118528154401,0.3426709377673725,0.3426709377673725,0.3846842744749866,0.3896102776771375,1.1940531171323645,1.1940531171323645,1.1958320620426715,1.2000272685163860
5,1.3014981307700055,1.3014981307700055,1.3101576099379322,1.3144902811289163,1.3628015820555630,1.3628015820555630,1.3578844502603480,1.3645629124695577,0.6978870137255334,0.6978870137255334,0.7284547006011501,0.7252210408748626,0.7019830573744769,0.7019830573744769,0.8072908403568880,0.8024387852201615,0.3066782135681893,0.3066782135681893,0.4734323820742109,0.4801992776169628,0.3794531814662609,0.3794531814662609,0.4174822854121977,0.4235727485237183,1.2098964196196509,1.2098964196196509,1.2110032784279652,1.2152475011293675
6,1.3038025188898621,1.3038025188898621,1.3124708830014991,1.3169722463348157,1.3510668395393401,1.3510668395393401,1.3476112013481476,1.3535155925891533,0.6880065273906008,0.6880065273906008,0.7184686684320010,0.7149099595123024,0.6886841618154824,0.6886841618154824,0.7974385786680697,0.7924889158153231,0.3120020371281074,0.3120020371281074,0.4748563026740128,0.4822975313522038,0.4252056047947221,0.4252056047947221,0.4588221232402577,0.4660875914290729,1.2252808106722703,1.2252808106722703,1.2255003135626525,1.2301187104120008
7,1.3056237076162118,1.3056237076162118,1.3143353636974848,1.3186019332130523,1.3388576050197241,1.3388576050197241,1.3361558760705217,1.3416810206974268,0.6783339129793364,0.6783339129793364,0.7090061589782679,0.7064464974450360,0.6750818192348046,0.6750818192348046,0.7827590917395010,0.7800377382217657,0.3196174254481849,0.3196174254481849,0.4788235560670040,0.4862916349253957,0.4724676194227840,0.4724676194227840,0.5032561576566617,0.5118590898463876,1.2405772317174091,1.2405772317174091,1.2401785453026950,1.2447861206097492
8,1.3074186401797443,1.3074186401797443,1.3160232651022465,1.3203289566370295,1.3266919357478517,1.3266919357478517,1.3244845223741186,1.3298488264800625,0.6683912364575819,0.6683912364575819,0.6992756405747530,0.6962529273702796,0.6583212619247022,0.6583212619247022,0.7692704203943682,0.7683381479772707,0.3296370039863130,0.3296370039863130,0.4764267802229665,0.4865051511935174,0.5197567426786838,0.5197567426786838,0.5476362308924223,0.5565334880025810,1.2558082467301626,1.2558082467301626,1.2550155220582244,1.2594060108257537
9,1.3082013264498493,1.3082013264498493,1.3169870779787560,1.3212621736870800,1.3133847831456877,1.3133847831456877,1.3119171102466438,1.3169421249487552,0.6593305669554915,0.6593305669554915,0.6900399144632394,0.6868638182061387,0.6416325856182369,0.6416325856182369,0.7560585268091785,0.7539464650500448,0.3383078018392106,0.3383078018392106,0.4703755105878811,0.4758344971024592,0.5661434425765575,0.5661434425765575,0.5906182113163976,0.6013168319509585,1.2703247358648857,1.2703247358648857,1.2690433704409776,1.2732273665200853
10,1.3088902483882556,1.3088902483882556,1.3177207647883631,1.3218304370458462,1.3002211005034665,1.3002211005034665,1.2991895328917231,1.3041408873802647,0.6496201650685074,0.6496201650685074,0.6813082457802722,0.6781662736535673,0.6244179951332618,0.6244179951332618,0.7399718559484594,0.7400506624882576,0.3463341822536091,0.3463341822536091,0.4497561658758487,0.4554341686075484,0.6136990795712012,0.6136990795712012,0.6357073800668092,0.6457016703633111,1.2849072946783204,1.2849072946783204,1.2831519574335033,1.2874709143869481
11,1.3089521129602162,1.3089521129602162,1.3178021756656708,1.3220366936531125,1.2862338500803794,1.2862338500803794,1.2860457908140235,1.2904829616491593,0.6402218567174904,0.6402218567174904,0.6721740111644895,0.6686670029985327,0.6074895638336524,0.6074895638336524,0.7240624649938950,0.7238949200120133,0.3516648178371901,0.3516648178371901,0.4330211696874480,0.4378234420617598,0.6603381673264453,0.6603381673264453,0.6803061691990741,0.6906748839853625,1.2986601112376239,1.2986601112376239,1.2960957543597871,1.3009964532242144
12,1.3090077158270219,1.3090077158270219,1.3180303239049000,1.3219988211002434,1.2716847925599040,1.2716847925599040,1.2723094654868969,1.2765117067965783,0.6310662696467992,0.6310662696467992,0.6633032804320954,0.6597806712206823,0.5899610626365910,0.5899610626365910,0.7087070243919702,0.7085624584316418,0.3499263893984486,0.3499263893984486,0.4164547336362757,0.4218970334377345,0.7073882937339067,0.7073882937339067,0.7247336168046953,0.7341411132162281,1.3126442085416579,1.3126442085416579,1.3097939167862060,1.3143904472082517
13,1.3081864112294157,1.3081864112294157,1.3171892817726267,1.3210707101339774,1.2571512043943478,1.2571512043943478,1.2581079346181641,1.2622226495707551,0.6212791502065178,0.6212791502065178,0.6539485525667934,0.6510823575033179,0.5707947664199491,0.5707947664199491,0.6892733562829798,0.6907374512071617,0.3297160234608013,0.3297160234608013,0.4028685508272384,0.4089348497330426,0.7533312939821681,0.7533312939821681,0.7694820447665375,0.7772745610288790,1.3261940230635807,1.3261940230635807,1.3224320632324342,1.3267847321202877
14,1.3074737861839421,1.3074737861839421,1.3162191863846853,1.3203147471352981,1.2420838311848248,1.2420838311848248,1.2435264377325292,1.2473425186182843,0.6113394934182440,0.6113394934182440,0.6443557361926622,0.6412317494634389,0.5534691698280912,0.5534691698280912,0.6746321681314645,0.6743678229829329,0.3042345136128946,0.3042345136128946,0.3960011986629619,0.4010879284443751,0.7989173095289013,0.7989173095289013,0.8125172263545274,0.8199573655686374,1.3391511645468381,1.3391511645468381,1.3353330160313155,1.3397502509551278
15,1.3060016942385517,1.3060016942385517,1.3148427055813292,1.3186437155672190,1.2264248566788212,1.2264248566788212,1.2287584091562989,1.2324019786171843,0.6022392409232290,0.6022392409232290,0.6355481613910285,0.6326953876663567,0.5343415437716339,0.5343415437716339,0.6577072673358535,0.6576970818621004,0.2817630099541150,0.2817630099541150,0.3904328204233390,0.3962338067428935,0.8436013099800758,0.8436013099800758,0.8543672886793744,0.8623294665592129,1.3515936114347755,1.3515936114347755,1.3472004829473812,1.3516694951124253
16,1.3040878698998872,1.3040878698998872,1.3131627154872598,1.3167388253618166,1.2102200982258708,1.2102200982258708,1.2135825632307065,1.2164429476981349,0.5921405992479093,0.5921405992479093,0.6263267154899695,0.6232327805331169,0.5162111529048766,0.5162111529048766,0.6412826196384562,0.6399270396901748,0.2658001678376666,0.2658001678376666,0.3876784927730599,0.3956698539231891,0.8873525123456467,0.8873525123456467,0.8977165260276342,0.9035914753118908,1.3637934955904345,1.3637934955904345,1.3585490686753847,1.3628813476753776
17,1.3018052499395825,1.3018052499395825,1.3108135506685668,1.3145075834585398,1.1945077378315301,1.1945077378315301,1.1977402919062259,1.2007180572544263,0.5828704255337825,0.5828704255337825,0.6167066987149723,0.6138118792242030,0.5010424413651944,0.5010424413651944,0.6268092354070207,0.6258085888357930,0.2585412754226079,0.2585412754226079,0.3930417698666848,0.3999643883792214,0.9320094041689833,0.9320094041689833,0.9402261138936774,0.9450813956048819,1.3753871019577377,1.3753871019577377,1.3701672318704461,1.3740017391856012
18,1.2993761114535047,1.2993761114535047,1.3082662831398546,1.3118144306273194,1.1787112374375215,1.1787112374375215,1.1813296768205113,1.1841451430546772,0.5760228942154839,0.5760228942154839,0.6082880046444684,0.6058182913826420,0.4932974906948221,0.4932974906948221,0.6204078119805465,0.6171284918044634,0.2566089313769326,0.2566089313769326,0.4029883896194402,0.4114224333177769,0.9742367260485930,0.9742367260485930,0.9799638366682708,0.9855439307539640,1.3863926808106604,1.3863926808106604,1.3804323600993842,1.3847743401014048
19,1.2964109387570331,1.2964109387570331,1.3052391597148134,1.3089352996358619,1.1621151301489059,1.1621151301489059,1.1648981933012530,1.1671952667195862,0.5689289689680312,0.5689289689680312,0.6003811031165072,0.5986488208852928,0.4829866611604403,0.4829866611604403,0.6082059005778598,0.6052293545213462,0.2658723752884921,0.2658723752884921,0.4151824778685718,0.4247096538692937,1.0160472936014415,1.0160472936014415,1.0208795852174719,1.0264462400711842,1.3968931879399946,1.3968931879399946,1.3903674459975457,1.3953830666701232
20,1.2934493134643401,1.2934493134643401,1.3021456045485178,1.3057557850297761,1.1447969842584884,1.1447969842584884,1.1480479766366256,1.1500912848461642,0.5628914607523668,0.5628914607523668,0.5938720471892954,0.5916490794189097,0.4754264173728318,0.4754264173728318,0.5974474977206113,0.5940993296765118,0.2768869634162969,0.2768869634162969,0.4264579330155133,0.4372940169657107,1.0574767073146896,1.0574767073146896,1.0595810675418711,1.0656549220890188,1.4075637728750749,1.4075637728750749,1.4005048733846417,1.4050285492909065
21,1.2898779378357588,1.2898779378357588,1.2984782175857212,1.3020773330939046,1.1265046751248766,1.1265046751248766,1.1306297773951910,1.1321724860586433,0.5561139546050566,0.5561139546050566,0.5873682613397515,0.5854528587728397,0.4668416418118636,0.4668416418118636,0.5885957422282210,0.5853563016429819,0.2919156500211227,0.2919156500211227,0.4363196833285455,0.4501260271835181,1.0975491382386653,1.0975491382386653,1.0984771141232377,1.1054895966087872,1.4176648017851907,1.4176648017851907,1.4101338732339848,1.4148038668408898
22,1.2860111602197788,1.2860111602197788,1.2945213115544281,1.2979057793525728,1.1081274137581643,1.1081274137581643,1.1135210329442431,1.1147643230651056,0.5501079495548952,0.5501079495548952,0.5820850084778124,0.5804148293793634,0.4587668574222702,0.4587668574222702,0.5797254295964336,0.5758875755967376,0.3082440707408070,0.3082440707408070,0.4494013644681166,0.4617309141652057,1.1360586587847927,1.1360586587847927,1.1357361693325063,1.1437576764909840,1.4270604483888838,1.4270604483888838,1.4192499314693048,1.4238622092688289
23,1.2817757213535137,1.2817757213535137,1.2901179981830417,1.2937660292188120,1.0895518566748144,1.0895518566748144,1.0955783537836183,1.0966238363679723,0.5441324682972158,0.5441324682972158,0.5762707527902192,0.5748141132085054,0.4509295533105160,0.4509295533105160,0.5692343285130531,0.5638745252336883,0.3234725767064077,0.3234725767064077,0.4616445669763473,0.4760341229070414,1.1726010074578144,1.1726010074578144,1.1718416037455801,1.1801341924864361,1.4360342002752240,1.4360342002752240,1.4275572573034512,1.4323128526498978
24,1.2773374086150808,1.2773374086150808,1.2855496816294592,1.2890443022441211,1.0706461636208500,1.0706461636208500,1.0773328014153931,1.0779294724431137,0.5372911396747158,0.5372911396747158,0.5708499679014020,0.5691147730186470,0.4411232556307772,0.4411232556307772,0.5586630763807877,0.5528373037022253,0.3397469553717006,0.3397469553717006,0.4722634627076516,0.4905111608783146,1.2087459534450311,1.2087459534450311,1.2070344270800744,1.2158747809388901,1.4451242377456357,1.4451242377456357,1.4359332842106509,1.4406339394614924
25,1.2723398691703363,1.2723398691703363,1.2804533141728671,1.2840959235046481,1.0518090673722311,1.0518090673722311,1.0587880679470407,1.0589600639839694,0.5314811724575546,0.5314811724575546,0.5647122824472626,0.5634390205491041,0.4312118661039486,0.4312118661039486,0.5471552809581011,0.5417638370998746,0.3552797317275722,0.3552797317275722,0.4841832969339737,0.5030574244175947,1.2429848036242710,1.2429848036242710,1.2400796123142228,1.2482915462085986,1.4531757424538001,1.4531757424538001,1.4438221076579973,1.4484880579503938
26,1.2673493439103360,1.2673493439103360,1.2753301296998840,1.2789924948838605,1.0326250736085265,1.0326250736085265,1.0395063175901793,1.0394177972017669,0.5254778606832002,0.5254778606832002,0.5591662907132093,0.5581910946299217,0.4221257432897643,0.4221257432897643,0.5361197055081564,0.5311699206661892,0.3711281318464859,0.3711281318464859,0.4951110231264934,0.5176940042843790,1.2771354691105441,1.2771354691105441,1.2716904772772810,1.2812645888630287,1.4609110196874617,1.4609110196874617,1.4511202998628887,1.4560242498668745
27,1.2615490162407399,1.2615490162407399,1.2696367782287357,1.2732543362822448,1.0127210718266013,1.0127210718266013,1.0198431564787092,1.0199763196327876,0.5197874585889971,0.5197874585889971,0.5538842278688082,0.5528429208993982,0.4133107665399327,0.4133107665399327,0.5252795722710103,0.5216904405879235,0.3860591794454785,0.3860591794454785,0.5092893274432297,0.5312737183109992,1.3093829782786057,1.3093829782786057,1.3026986490537174,1.3121293648546788,1.4681882334789846,1.4681882334789846,1.4577276800098642,1.4627228971344097
28,1.2556560798331000,1.2556560798331000,1.2635795064657416,1.2673114966649308,0.9928189529494513,0.9928189529494513,0.9995933917266543,0.9993417734282728,0.5139746348671919,0.5139746348671919,0.5476782864087459,0.5472797228778826,0.4048565596374699,0.4048565596374699,0.5157873980530453,0.5122304770862894,0.4033826097548396,0.4033826097548396,0.5214794865516333,0.5448514479856853,1.3411005627639321,1.3411005627639321,1.3319588670302538,1.3425926632894727,1.4746209204509948,1.4746209204509948,1.4636228260352224,1.4687226626620715
29,1.2493265977664991,1.2493265977664991,1.2571371400205196,1.2608176668408524,0.9720155872395260,0.9720155872395260,0.9781468624424877,0.9780777077116585,0.5087954654898553,0.5087954654898553,0.5425537308856089,0.5412731440846392,0.3971038749350607,0.3971038749350607,0.5053444665655465,0.5025896865277002,0.4199040378116360,0.4199040378116360,0.5344762982514811,0.5585283952570823,1.3719776981337894,1.3719776981337894,1.3617487321507571,1.3721808289617963,1.4805528862697785,1.4805528862697785,1.4690249874153296,1.4743949180896136
30,1.2424466500059494,1.2424466500059494,1.2501128850395991,1.2538781488464537,0.9504070397600705,0.9504070397600705,0.9557102463814952,0.9556233540295256,0.5028585062376615,0.5028585062376615,0.5363697197487448,0.5356706331959311,0.3890404641219922,0.3890404641219922,0.4955024705283096,0.4921877494804738,0.4323368892660316,0.4323368892660316,0.5491854294805609,0.5710468778692833,1.4015385136561316,1.4015385136561316,1.3905184016165626,1.4001062763513785,1.4854076803624254,1.4854076803624254,1.4737773593955512,1.4790985612030823
31,1.2356267662411997,1.2356267662411997,1.2430975593689084,1.2467915756390655,0.9281482994178888,0.9281482994178888,0.9331275111540958,0.9331164900135943,0.4976516695724869,0.4976516695724869,0.5312589344285461,0.5313284415517624,0.3809838774548386,0.3809838774548386,0.4844416257821647,0.4812779831433402,0.4481162608784959,0.4481162608784959,0.5611697016148210,0.5853969173167667,1.4305930837188499,1.4305930837188499,1.4180246701064609,1.4278194365387316,1.4903727134837264,1.4903727134837264,1.4781027551966770,1.4832105308367456
32,1.2281512040113347,1.2281512040113347,1.2355098561867706,1.2392500941329239,0.9049365139017582,0.9049365139017582,0.9101620408291896,0.9098041585827517,0.4923828875637455,0.4923828875637455,0.5256278564405343,0.5253575861900114,0.3704332929273126,0.3704332929273126,0.4735201569978741,0.4716849882826247,0.4621263228782806,0.4621263228782806,0.5740423524676662,0.5985940482904699,1.4586189956686100,1.4586189956686100,1.4441181521297508,1.4548854604188084,1.4942265814392854,1.4942265814392854,1.4819110120847925,1.4874954413914165
33,1.2204600832533654,1.2204600832533654,1.2276276602812524,1.2312570889321370,0.8809074000343112,0.8809074000343112,0.8866700840049451,0.8868238552717596,0.4884011649331948,0.4884011649331948,0.5206432129793512,0.5197745608093900,0.3640463472940093,0.3640463472940093,0.4648302829342664,0.4611476300914230,0.4766055062409755,0.4766055062409755,0.5876631117151092,0.6123384635276302,1.4853708837624813,1.4853708837624813,1.4700483994704374,1.4799059697330843,1.4975789908568111,1.4975789908568111,1.4845654869172187,1.4900288727863302
34,1.2124835846110995,1.2124835846110995,1.2194322695465625,1.2231763174455024,0.8566739725388860,0.8566739725388860,0.8631475067676357,0.8631150164163253,0.4850516275875816,0.4850516275875816,0.5155585230437334,0.5153237460039132,0.3549738727716548,0.3549738727716548,0.4533078786997141,0.4518848238435176,0.4898971268117924,0.4898971268117924,0.6004100300646606,0.6229674462280699,1.5123782625084758,1.5123782625084758,1.4954520397336721,1.5061301474840005,1.5008014730713350,1.5008014730713350,1.4872725071813113,1.4928922399875446
35,1.2042028960948015,1.2042028960948015,1.2111841464358246,1.2148945413234939,0.8321771229734164,0.8321771229734164,0.8395785373972954,0.8396011065590361,0.4830747631450621,0.4830747631450621,0.5123050150951599,0.5122728111215092,0.3454328068964758,0.3454328068964758,0.4430264338082450,0.4420898921592861,0.5030743053850745,0.5030743053850745,0.6138606575185843,0.6350430214885537,1.5382415265157205,1.5382415265157205,1.5207941186499758,1.5301369429501908,1.5029849432234867,1.5029849432234867,1.4893542882848805,1.4945951652580054
36,1.1957560977091337,1.1957560977091337,1.2023926442576107,1.2061685650898684,0.8076674622715340,0.8076674622715340,0.8153650143516844,0.8154825017219728,0.4809944116200096,0.4809944116200096,0.5100342066291202,0.5094580098305247,0.3389730703734133,0.3389730703734133,0.4341292725492448,0.4340594183215552,0.5179817379687028,0.5179817379687028,0.6249192240973440,0.6462038105073635,1.5628755122335076,1.5628755122335076,1.5445264823465252,1.5537410720511922,1.5053163696371730,1.5053163696371730,1.4915035033523745,1.4963549952095334
37,1.1869736128037611,1.1869736128037611,1.1936341834358177,1.1975519757597142,0.7829611303198791,0.7829611303198791,0.7911526149909565,0.7914594874541880,0.4801646378281222,0.4801646378281222,0.5089070900182392,0.5080802647609364,0.3304824680260709,0.3304824680260709,0.4233286225874116,0.4242154960470031,0.5289082239238023,0.5289082239238023,0.6368422016362485,0.6560457992306927,1.5873460296593325,1.5873460296593325,1.5682819843271065,1.5776881723561154,1.5067109117842634,1.5067109117842634,1.4921094982930112,1.4970118843965021
38,1.1779566230091929,1.1779566230091929,1.1843061664155816,1.1881686277108798,0.7574969107362872,0.7574969107362872,0.7665608515873711,0.7668636954624759,0.4791755526915152,0.4791755526915152,0.5079247305407163,0.5065732145433866,0.3227420667863086,0.3227420667863086,0.4120648338061585,0.4156178465945055,0.5402961109483275,0.5402961109483275,0.6459196954599857,0.6666577165044982,1.6104729553048172,1.6104729553048172,1.5896853192879083,1.5995631797375183,1.5070729677245243,1.5070729677245243,1.4926216083666684,1.4974283503118191
39,1.1684744395827225,1.1684744395827225,1.1751189532742476,1.1784363153074118,0.7326500993205092,0.7326500993205092,0.7420276401925162,0.7424864077147049,0.4791484567046059,0.4791484567046059,0.5071869196672286,0.5065807352658060,0.3174801953428449,0.3174801953428449,0.4063792421611065,0.4084385344764072,0.5514705545647524,0.5514705545647524,0.6569908352890749,0.6746459236508819,1.6329331066884811,1.6329331066884811,1.6118707958060159,1.6204663363071152,1.5072186749623970,1.5072186749623970,1.4924749008879010,1.4972172741083909
40,1.1589282416426072,1.1589282416426072,1.1653618349060577,1.1685846372538762,0.7073392441768562,0.7073392441768562,0.7174277300735283,0.7176262102739893,0.4799887587564671,0.4799887587564671,0.5077222575567707,0.5069838630800390,0.3132983587261825,0.3132983587261825,0.3980557728924022,0.4016746466323269,0.5642190297821902,0.5642190297821902,0.6667299964113956,0.6832564235638361,1.6541801469763981,1.6541801469763981,1.6323666709120555,1.6394974594125729,1.5068823168826617,1.5068823168826617,1.4916331840522299,1.4962028517366028
41,1.1490552256922342,1.1490552256922342,1.1552573169242328,1.1586671344859549,0.6818672714559539,0.6818672714559539,0.6929305167265358,0.6932138619042654,0.4809156537062522,0.4809156537062522,0.5080517224122590,0.5074451910302676,0.3104877204953578,0.3104877204953578,0.3928700395128110,0.3947777274291652,0.5764956588272527,0.5764956588272527,0.6793146412488835,0.6935552101024222,1.6730290535305812,1.6730290535305812,1.6502629513625020,1.6579140535250168,1.5060572570220550,1.5060572570220550,1.4906122108720565,1.4949190964473658
42,1.1388438626693222,1.1388438626693222,1.1450351472815610,1.1479987748031386,0.6564979724248616,0.6564979724248616,0.6685194257995128,0.6687071319522269,0.4805387583220743,0.4805387583220743,0.5091232482038704,0.5084773247195808,0.3103166619044238,0.3103166619044238,0.3888166864691927,0.3921306423619318,0.5863126931951408,0.5863126931951408,0.6875882328796863,0.6999011675880479,1.6908251328337338,1.6908251328337338,1.6678069218823635,1.6751549161966337,1.5039619043543455,1.5039619043543455,1.4886222555831328,1.4919765955527036
43,1.1284690772041459,1.1284690772041459,1.1344280865565690,1.1373256591679977,0.6316221052040205,0.6316221052040205,0.6444621752158597,0.6445298509478492,0.4794776076540189,0.4794776076540189,0.5106924563300752,0.5099249783225681,0.3131131969003577,0.3131131969003577,0.3866818257730262,0.3902399242135483,0.5983318277457503,0.5983318277457503,0.6994397000573424,0.7126530099877129,1.7091726114254089,1.7091726114254089,1.6856579391202515,1.6918829779025455,1.5014716821224614,1.5014716821224614,1.4861351183499703,1.4894522307317126
44,1.1179398990517784,1.1179398990517784,1.1235042243754720,1.1263625471515268,0.6076317939428267,0.6076317939428267,0.6213710528420604,0.6214661678359140,0.4799353829268326,0.4799353829268326,0.5147088505216846,0.5144753572373476,0.3230709906194077,0.3230709906194077,0.3918225482187608,0.3965206772116228,0.6122469755491670,0.6122469755491670,0.7121630435625261,0.7222171894402518,1.7264464413802141,1.7264464413802141,1.7018096436224817,1.7075231950693530,1.4984054148793109,1.4984054148793109,1.4828700553063172,1.4861992394458734
45,1.1075098600853202,1.1075098600853202,1.1129973348049811,1.1155674398803721,0.5843338747631485,0.5843338747631485,0.5986160727747220,0.5989138459101403,0.4797968016443869,0.4797968016443869,0.5175053917357108,0.5179719803858581,0.3357766404268652,0.3357766404268652,0.3984103327047117,0.4035972285792928,0.6239527570112886,0.6239527570112886,0.7223344101649193,0.7329600739417155,1.7435613755826922,1.7435613755826922,1.7167876291110005,1.7224949622937806,1.4953804780545956,1.4953804780545956,1.4794166285713020,1.4825259647399078
46,1.0968996291314612,1.0968996291314612,1.1023248603382720,1.1046077416456315,0.5618034054180898,0.5618034054180898,0.5767903801057128,0.5771966518794587,0.4811149561159885,0.4811149561159885,0.5213859539254960,0.5227219148330171,0.3572317551833710,0.3572317551833710,0.4114563965335873,0.4180717573828330,0.6398792683348689,0.6398792683348689,0.7364502411440815,0.7455337215376878,1.7583979602593827,1.7583979602593827,1.7302846799751970,1.7367174406092198,1.4914619414514583,1.4914619414514583,1.4753064433361955,1.4784833464436180
47,1.0863967340161822,1.0863967340161822,1.0914472153361829,1.0938498941972916,0.5395292695603919,0.5395292695603919,0.5553988311176125,0.5559968639697581,0.4815445744144536,0.4815445744144536,0.5233195624220512,0.5252622097556920,0.3773693548352365,0.3773693548352365,0.4238004477274003,0.4297952454762647,0.6562826213148437,0.6562826213148437,0.7498501826826149,0.7573679996029709,1.7738266888188461,1.7738266888188461,1.7442265094598137,1.7503504398215082,1.4873737326042191,1.4873737326042191,1.4712653155485844,1.4741144110174618
48,1.0756086760107753,1.0756086760107753,1.0801094054573923,1.0824898498162359,0.5183696287312054,0.5183696287312054,0.5350770702698329,0.5356348637264703,0.4831969399294090,0.4831969399294090,0.5256593069040355,0.5274630466164352,0.4000883014151853,0.4000883014151853,0.4389608409492797,0.4480802862927784,0.6703294682424075,0.6703294682424075,0.7626965082925830,0.7708576240517777,1.7865520666239185,1.7865520666239185,1.7565288141835695,1.7613200837946272,1.4819854406036723,1.4819854406036723,1.4657971457023220,1.4688239458365497
49,1.0649058631931438,1.0649058631931438,1.0687682798086793,1.0714060591567245,0.4994684029611196,0.4994684029611196,0.5184911202107504,0.5191334409558529,0.4860130454363505,0.4860130454363505,0.5282231146881528,0.5312906670141557,0.4304530210782096,0.4304530210782096,0.4573229329662790,0.4687798064468738,0.6951320463985904,0.6951320463985904,0.7945948443782120,0.8005725005259029,1.7991174055417549,1.7991174055417549,1.7666430310330701,1.7723132491897533,1.4765966693030010,1.4765966693030010,1.4603590301006979,1.4629151244078407
50,1.0543293325751837,1.0543293325751837,1.0578667263603065,1.0600595823697243,0.4925229948797061,0.4925229948797061,0.5106549030203906,0.5107150229288694,0.4906411542606405,0.4906411542606405,0.5314000365080380,0.5348794190123043,0.4574516170329347,0.4574516170329347,0.4747334780482383,0.4897573382436007,0.8152866069769065,0.8152866069769065,0.8815899492353162,0.8929611484903363,1.8105053971559921,1.8105053971559921,1.7766816684511533,1.7826816958061587,1.4708535108640621,1.4708535108640621,1.4539602873911384,1.4568895509570396
51,1.0436442299021751,1.0436442299021751,1.0463085050387726,1.0489534416520483,0.4886833459260110,0.4886833459260110,0.5057494566631882,0.5057384698893944,0.4944194121461165,0.4944194121461165,0.5352055425916840,0.5386830243759354,0.4839979995850313,0.4839979995850313,0.4941600391676724,0.5097104489159033,0.9646311430851466,0.9646311430851466,0.9939248684749882,1.0089250880444276,1.8215730660382772,1.8215730660382772,1.7862823673984756,1.7919915935173676,1.4645564289580681,1.4645564289580681,1.4475013965951422,1.4499870648389444
52,1.0328657391372627,1.0328657391372627,1.0350181630241357,1.0374760740544389,0.4870830245457528,0.4870830245457528,0.5030520109696874,0.5033780840406541,0.4986623825299702,0.4986623825299702,0.5383867144742046,0.5426925095157987,0.5125638743848828,0.5125638743848828,0.5104705801994154,0.5269400014043748,1.1143603314628787,1.1143603314628787,1.1104124965500097,1.1321021468793975,1.8316827878669641,1.8316827878669641,1.7943689443286857,1.8008190897902305,1.4575187914903553,1.4575187914903553,1.4405984632439777,1.4431160731355279
53,1.0224096858764264,1.0224096858764264,1.0234015376148440,1.0264757605703962,0.4871110465991744,0.4871110465991744,0.5019926570461385,0.5027007692439155,0.5051274686836398,0.5051274686836398,0.5434674093509453,0.5491328972522361,0.5460149277736946,0.5460149277736946,0.5312064067282238,0.5540150693573274,1.2522061716283457,1.2522061716283457,1.2182347976636538,1.2467635578238687,1.8412574409058264,1.8412574409058264,1.8028907574483097,1.8081372240552429,1.4502821707324605,1.4502821707324605,1.4329816326904647,1.4356071207064902
54,1.0114739537515913,1.0114739537515913,1.0117204582919708,1.0146588238123164,0.4884089956243293,0.4884089956243293,0.5020442662875555,0.5029486115715136,0.5106526015805799,0.5106526015805799,0.5473699018639288,0.5531970785551500,0.5714148538120847,0.5714148538120847,0.5493244921037898,0.5727223055050580,1.3747431239489916,1.3747431239489916,1.3155662930337240,1.3488013155036254,1.8487441580337145,1.8487441580337145,1.8087195783132932,1.8143704008871013,1.4420061692197901,1.4420061692197901,1.4245928159005008,1.4274886002438523
55,1.0008235995110524,1.0008235995110524,0.9998983424045869,1.0027855158892571,0.4898087322664585,0.4898087322664585,0.5028271535982571,0.5038057027297832,0.5155480792395531,0.5155480792395531,0.5511673328285676,0.5574282540808772,0.5973156721606299,0.5973156721606299,0.5669723316703793,0.5901713199062657,1.4846855527869782,1.4846855527869782,1.4056854576836055,1.4411486889478271,1.8563705009254663,1.8563705009254663,1.8146171384600351,1.8205270694112763,1.4334060133459412,1.4334060133459412,1.4161764790841553,1.4190794722275875
56,0.9894808296768707,0.9894808296768707,0.9871592416194237,0.9901211151110824,0.4912671712339374,0.4912671712339374,0.5033560078621707,0.5042190956723038,0.5168754561404341,0.5168754561404341,0.5525111176325961,0.5583248438411310,0.6103998345948348,0.6103998345948348,0.5764573988987880,0.5962477462959305,1.5815965803580661,1.5815965803580661,1.4918566217300626,1.5239799042562980,1.8619789657456567,1.8619789657456567,1.8192629512191780,1.8254752293506000,1.4245461136738093,1.4245461136738093,1.4073278204720789,1.4099338839084798
57,0.9781332224738996,0.9781332224738996,0.9744907900021708,0.9771765216324437,0.4916151763400675,0.4916151763400675,0.5031993742157862,0.5044540421389538,0.5170549262464987,0.5170549262464987,0.5520744661974456,0.5572427144402795,0.6194663948573964,0.6194663948573964,0.5805995893118603,0.6005417914523919,1.6735116697748711,1.6735116697748711,1.5685224085275109,1.5939386285675035,1.8668758290851015,1.8668758290851015,1.8241331377763947,1.8287910705345416,1.4153177796828356,1.4153177796828356,1.3984240030157584,1.4009409957817542
58,0.9658823978951573,0.9658823978951573,0.9615206033219698,0.9638367756241393,0.4895631424122279,0.4895631424122279,0.5005514509203481,0.5017789972830775,0.5083079825687435,0.5083079825687435,0.5417746094033061,0.5481256332245600,0.5999288651029829,0.5999288651029829,0.5610454972131658,0.5805639863361880,1.7573853923252194,1.7573853923252194,1.6419458683962711,1.6650701048718310,1.8712408080819674,1.8712408080819674,1.8251668448378264,1.8310607603858970,1.4047542630217389,1.4047542630217389,1.3884200180587425,1.3906707944051580
59,0.9529345084738801,0.9529345084738801,0.9482493505499455,0.9506586444620150,0.4857024492286905,0.4857024492286905,0.4964636859736206,0.4978515628313039,0.4980826753160648,0.4980826753160648,0.5314223918374997,0.5380406008483568,0.5836159717648991,0.5836159717648991,0.5424366347254610,0.5650925189345009,1.8410384053088935,1.8410384053088935,1.7098551721674540,1.7272989846584879,1.8731291036463642,1.8731291036463642,1.8273354256186094,1.8324695831747719,1.3938589231974701,1.3938589231974701,1.3778813526467204,1.3797828332658908
60,0.9394243555536625,0.9394243555536625,0.9348701025698313,0.9371298566432028,0.4832344041045987,0.4832344041045987,0.4932723807739945,0.4953261502619922,0.4898096665659668,0.4898096665659668,0.5224679348711901,0.5294530468611696,0.5819854558342945,0.5819854558342945,0.5399610333633447,0.5610135544184706,1.9202340841425554,1.9202340841425554,1.7746412019740050,1.7887134864113421,1.8746751936105539,1.8746751936105539,1.8277029358817702,1.8321995538535363,1.3829105654055747,1.3829105654055747,1.3669388357971948,1.3690919905780918
61,0.9255847240703532,0.9255847240703532,0.9215336687416987,0.9233871385026370,0.4812676546871728,0.4812676546871728,0.4910904255206190,0.4932314191487848,0.4854793687544235,0.4854793687544235,0.5170343147932143,0.5241894812578649,0.5867887446722756,0.5867887446722756,0.5410543252567578,0.5639880400161382,1.9874010915924796,1.9874010915924796,1.8342415518478337,1.8407328754964527,1.8733266210281110,1.8733266210281110,1.8253187637172901,1.8299065973248165,1.3705182975537569,1.3705182975537569,1.3549020118266923,1.3566810040825141
62,0.9119279988758205,0.9119279988758205,0.9078055959485967,0.9095954019577414,0.4798241312790909,0.4798241312790909,0.4895949614676158,0.4915930000153162,0.4819458725097335,0.4819458725097335,0.5134691072509681,0.5195761162928225,0.5980676930404539,0.5980676930404539,0.5512327187996603,0.5704368745517349,2.0551580202916004,2.0551580202916004,1.8941908094183024,1.8980242908003908,1.8709868688272207,1.8709868688272207,1.8234492072567854,1.8258336550628440,1.3579364849372872,1.3579364849372872,1.3422572922518610,1.3440666956901528
63,0.8978919970939375,0.8978919970939375,0.8944554045838560,0.8956458144798551,0.4790990652617677,0.4790990652617677,0.4892548862640641,0.4909841541802994,0.4801896934545714,0.4801896934545714,0.5108164731577731,0.5170383852527904,0.6151389764612157,0.6151389764612157,0.5635736113314482,0.5810757986009180,2.1172069272962224,2.1172069272962224,1.9459851354079520,1.9439691817444764,1.8667837250724473,1.8667837250724473,1.8188739915978271,1.8214908533093976,1.3452671816134611,1.3452671816134611,1.3298717360909387,1.3309289517164566
64,0.8839586281532004,0.8839586281532004,0.8808319530575193,0.8819509476387540,0.4789586227173460,0.4789586227173460,0.4888829465677558,0.4906767893945123,0.4799181622845499,0.4799181622845499,0.5096483859430878,0.5151705112846171,0.6339931817380153,0.6339931817380153,0.5800709082554211,0.5936237624826693,2.1782085991964197,2.1782085991964197,1.9957873870485412,1.9949281331559414,1.8617775290442224,1.8617775290442224,1.8130092810587068,1.8154877108898748,1.3315933389669929,1.3315933389669929,1.3158850687548571,1.3168785457335521
65,0.8698606811765436,0.8698606811765436,0.8671903811394130,0.8681148027537453,0.4794816272084810,0.4794816272084810,0.4890246512578361,0.4908722825865738,0.4812115875873758,0.4812115875873758,0.5096846814779933,0.5147167895195626,0.6489175888539436,0.6489175888539436,0.5948648966823971,0.6075733352045645,2.2340576563980901,2.2340576563980901,2.0400102588554692,2.0386684091011120,1.8554720785396210,1.8554720785396210,1.8060551289053779,1.8083484073640206,1.3168047179692284,1.3168047179692284,1.3012226758789189,1.3016777187700190
66,0.8559373363389086,0.8559373363389086,0.8535298162585051,0.8544964104589232,0.4803531906012683,0.4803531906012683,0.4895372522225476,0.4913654283691460,0.4827993960973757,0.4827993960973757,0.5103283109634829,0.5152753740847155,0.6609540174186780,0.6609540174186780,0.6088980423940943,0.6205661973740227,2.2936533266142898,2.2936533266142898,2.0862586027076451,2.0856098415865612,1.8475286790156564,1.8475286790156564,1.7972254246048061,1.8005218877071096,1.3017870283811541,1.3017870283811541,1.2857521841563717,1.2867768442937615
67,0.8419529331574446,0.8419529331574446,0.8397897601565603,0.8407916232264697,0.4812670270522477,0.4812670270522477,0.4903276040114014,0.4922709193055368,0.4862382196167200,0.4862382196167200,0.5127848471666852,0.5173955341049591,0.6748129478857567,0.6748129478857567,0.6226496723528108,0.6338792907192342,2.3453243426361214,2.3453243426361214,2.1250148610198036,2.1286905189487983,1.8389977898010477,1.8389977898010477,1.7886461035602708,1.7911993376786477,1.2858144254679518,1.2858144254679518,1.2701886787043708,1.2709284730769084
68,0.8280109107014287,0.8280109107014287,0.8262357071129877,0.8273340579820438,0.4823509894876370,0.4823509894876370,0.4911284702802328,0.4933632793269801,0.4904570321327269,0.4904570321327269,0.5147004353976666,0.5193622884803971,0.6866937859236311,0.6866937859236311,0.6368202198625966,0.6474425148833176,2.3932678193096795,2.3932678193096795,2.1640528387221547,2.1671357501927044,1.8293207445353519,1.8293207445353519,1.7775800925526624,1.7808679988651919,1.2699063805946067,1.2699063805946067,1.2541147658566041,1.2547530291823619
69,0.8141360201744997,0.8141360201744997,0.8126147860426444,0.8135593319905555,0.4834858641913642,0.4834858641913642,0.4922928486087492,0.4944041365037615,0.4950506996724516,0.4950506996724516,0.5178109712391886,0.5220806877840052,0.6972175288105583,0.6972175288105583,0.6494378901543277,0.6620082538102999,2.4352030911126659,2.4352030911126659,2.1974638939880373,2.1987433015416857,1.8174043796357557,1.8174043796357557,1.7661317087344859,1.7688411646249707,1.2533791168295423,1.2533791168295423,1.2375371375331552,1.2378888040294169
70,0.8002853971143302,0.8002853971143302,0.7992474050285686,0.8002457583088486,0.4847618090744382,0.4847618090744382,0.4936357323072676,0.4960273627010504,0.4998058821461927,0.4998058821461927,0.5214546349376824,0.5260302635327773,0.7080533626373280,0.7080533626373280,0.6613950052500747,0.6741276496011179,2.4741419807738505,2.4741419807738505,2.2289653868601453,2.2288649701623253,1.8044486601465544,1.8044486601465544,1.7531044325931668,1.7558676992925684,1.2363620452063961,1.2363620452063961,1.2199875177167760,1.2210624357991666
71,0.7867807265454072,0.7867807265454072,0.7857837212582347,0.7867385619300389,0.4858708769068324,0.4858708769068324,0.4953071333076830,0.4975837319192360,0.5052196929764333,0.5052196929764333,0.5253591674807307,0.5303560463280309,0.7153365461007907,0.7153365461007907,0.6713155730051842,0.6862004445865093,2.5107130110098526,2.5107130110098526,2.2540906701589680,2.2572495370997512,1.7902578650408583,1.7902578650408583,1.7383216024856603,1.7407972609765445,1.2186540071498047,1.2186540071498047,1.2025855557110106,1.2036486092506717
72,0.7732171475743392,0.7732171475743392,0.7721974412578714,0.7735632901748338,0.4866259955611586,0.4866259955611586,0.4972766318549454,0.4997697415482174,0.5123745841944318,0.5123745841944318,0.5298772390658107,0.5352004171192066,0.7283615659370664,0.7283615659370664,0.6851603834936391,0.7008179621861880,2.5396050740382576,2.5396050740382576,2.2746825108859050,2.2786920472305128,1.7742854941797535,1.7742854941797535,1.7224417305976567,1.7241573409169983,1.1998772772923578,1.1998772772923578,1.1841153019185600,1.1849467327200289
73,0.7594815195199993,0.7594815195199993,0.7592015428179204,0.7605038827551013,0.4868076404924296,0.4868076404924296,0.4988171636980818,0.5018022904319153,0.5184724870797133,0.5184724870797133,0.5353479196899664,0.5400482918833279,0.7381751427057811,0.7381751427057811,0.6979545440260186,0.7134344332348916,2.5618504185114332,2.5618504185114332,2.2912501256792961,2.2935453183285137,1.7564448326151567,1.7564448326151567,1.7044816931966849,1.7062226387536150,1.1806618772131976,1.1806618772131976,1.1654223140996403,1.1657175633375669
74,0.7461863070196521,0.7461863070196521,0.7462245791693690,0.7475662335504094,0.4881122719835519,0.4881122719835519,0.5013033165019555,0.5039869298756708,0.5261333060773822,0.5261333060773822,0.5408563408703235,0.5453709122501762,0.7523748255255449,0.7523748255255449,0.7150105292956684,0.7290249915837806,2.5810916605493222,2.5810916605493222,2.3057651573564160,2.3083985894265142,1.7371922361331704,1.7371922361331704,1.6847090161360747,1.6872841577832103,1.1607150651439260,1.1607150651439260,1.1459984418966205,1.1465406062865104
75,0.7331061424362592,0.7331061424362592,0.7332649215129571,0.7345651230186834,0.4894155743654210,0.4894155743654210,0.5030647728194313,0.5060802908036526,0.5319198499564622,0.5319198499564622,0.5450144321501939,0.5491569977490803,0.7612557690192208,0.7612557690192208,0.7266719146593221,0.7426626973770504,2.5969082712244762,2.5969082712244762,2.3149841002463587,2.3187473816338424,1.7159149027701694,1.7159149027701694,1.6627659004762556,1.6662341833845515,1.1397095897071743,1.1397095897071743,1.1249153298871781,1.1259084641208630
76,0.7200633330896280,0.7200633330896280,0.7201080337175583,0.7215716278462014,0.4922813185138321,0.4922813185138321,0.5059737923237798,0.5091316530018234,0.5382723898271562,0.5382723898271562,0.5491798335377968,0.5541776782033391,0.7743335622505718,0.7743335622505718,0.7413281064554562,0.7584177525861210,2.5985431569035438,2.5985431569035438,2.3116227203536144,2.3191232178901831,1.6933197798147703,1.6933197798147703,1.6393846644622021,1.6440446512843256,1.1176819514508920,1.1176819514508920,1.1032797978949325,1.1041768408043897
77,0.7067264385948797,0.7067264385948797,0.7071412791500841,0.7086259547955627,0.4950626273049635,0.4950626273049635,0.5084635168403177,0.5117302092824507,0.5457068920425979,0.5457068920425979,0.5546199987122310,0.5597259202427706,0.7859532629714352,0.7859532629714352,0.7561449951821136,0.7730205331789554,2.6023933126777470,2.6023933126777470,2.3091013907485016,2.3210940762312475,1.6692348254631943,1.6692348254631943,1.6151828638279433,1.6208559257806465,1.0948969083900495,1.0948969083900495,1.0803884815621652,1.0820667277923195
78,0.6940107697497589,0.6940107697497589,0.6942872025885729,0.6959968881171756,0.4981631807547737,0.4981631807547737,0.5114849449645799,0.5145495265826850,0.5553409844483767,0.5553409844483767,0.5627047228608532,0.5676411387382109,0.7973436723895572,0.7973436723895572,0.7708734413720704,0.7883378594550001,2.5989918421954652,2.5989918421954652,2.3048740282393214,2.3187640501900901,1.6431897213529525,1.6431897213529525,1.5900681143299367,1.5955875499290477,1.0703936112518222,1.0703936112518222,1.0566678819020485,1.0584146609625911
79,0.6810682014341499,0.6810682014341499,0.6815340534097907,0.6833504899315433,0.5015758164411760,0.5015758164411760,0.5147030179433857,0.5179905855788843,0.5643525220705893,0.5643525220705893,0.5698894537458246,0.5754357692866758,0.8104733291298617,0.8104733291298617,0.7842661683581930,0.8030254774115602,2.5931221484727032,2.5931221484727032,2.2948566839534630,2.3103388887477916,1.6154635557067858,1.6154635557067858,1.5625157381645591,1.5691810599288569,1.0458620722754850,1.0458620722754850,1.0323844878031403,1.0342419819144604
80,0.6685865537413460,0.6685865537413460,0.6696125516818349,0.6712169759788333,0.5051764841672050,0.5051764841672050,0.5184823715213034,0.5216348349841486,0.5748219380487067,0.5748219380487067,0.5794575347554185,0.5850015299649186,0.8247289699461278,0.8247289699461278,0.7987328404328253,0.8189800796592530,2.5753373170939162,2.5753373170939162,2.2762734199666443,2.2941783265955289,1.5850753554679329,1.5850753554679329,1.5330704983620611,1.5394296878554594,1.0200487372890552,1.0200487372890552,1.0068175121572069,1.0088885406756001
81,0.6562046095941432,0.6562046095941432,0.6571799269288948,0.6591797773551071,0.5084211721315846,0.5084211721315846,0.5218375340558483,0.5249726867931969,0.5851003762877649,0.5851003762877649,0.5885307384717582,0.5943937157882310,0.8404827382622492,0.8404827382622492,0.8121188552621447,0.8331084879506918,2.5503744293142026,2.5503744293142026,2.2519795428458513,2.2712074686050334,1.5512979235293920,1.5512979235293920,1.5005706672822077,1.5079356076815207,0.9938886839663510,0.9938886839663510,0.9814338317661225,0.9836866464245441
82,0.6441860324658283,0.6441860324658283,0.6453921903401810,0.6472438542560409,0.5126377343176668,0.5126377343176668,0.5255094553326204,0.5286905635045622,0.5951380519925388,0.5951380519925388,0.5973149379288978,0.6029983623263715,0.8539918175154231,0.8539918175154231,0.8265602580405769,0.8464948680326428,2.5172693567178230,2.5172693567178230,2.2226606876481085,2.2393871947287041,1.5138147748264050,1.5138147748264050,1.4653671192686184,1.4707020457932283,0.9657602187704707,0.9657602187704707,0.9540800738605655,0.9569472918771162
83,0.6322394246353894,0.6322394246353894,0.6338760560281020,0.6352684538349163,0.5165121247104525,0.5165121247104525,0.5295742248708472,0.5326536630717708,0.6061209858912380,0.6061209858912380,0.6073626810075113,0.6128327324428450,0.8705562943662369,0.8705562943662369,0.8419942703603743,0.8608953135044789,2.4731555997474799,2.4731555997474799,2.1852654836841050,2.2008498895550503,1.4739991409944482,1.4739991409944482,1.4263124825507132,1.4322768733813818,0.9375319485409565,0.9375319485409565,0.9270660595900490,0.9297126558463242
84,0.6206257621490081,0.6206257621490081,0.6227132548126774,0.6240575071003637,0.5207182386210165,0.5207182386210165,0.5336302858512298,0.5365394680724209,0.6167278405499435,0.6167278405499435,0.6168700711226732,0.6222834602531723,0.8866835709354348,0.8866835709354348,0.8576955844540399,0.8725467097536179,2.4209954804266602,2.4209954804266602,2.1415333615540955,2.1536588255962763,1.4312659819176821,1.4312659819176821,1.3862089384388008,1.3907337963729522,0.9079703022340964,0.9079703022340964,0.8990573250566123,0.9017209608929879
85,0.6096169857554549,0.6096169857554549,0.6117509995061621,0.6130448223047521,0.5257233317912623,0.5257233317912623,0.5382621952026019,0.5412766819926105,0.6282149067111084,0.6282149067111084,0.6272421789816127,0.6329881830641862,0.9031106549818282,0.9031106549818282,0.8736701228128705,0.8880647779607319,2.3584020656639266,2.3584020656639266,2.0883237590742452,2.0943862333212162,1.3854119828873221,1.3854119828873221,1.3423551344953235,1.3461673250303723,0.8780449408711596,0.8780449408711596,0.8704854397099417,0.8729090988907247
86,0.5986271288487219,0.5986271288487219,0.6009495299551874,0.6018297323479288,0.5306508566687033,0.5306508566687033,0.5425735333094647,0.5455604855017745,0.6398323927128787,0.6398323927128787,0.6377152683287670,0.6430898806775689,0.9219061726037596,0.9219061726037596,0.8904363008417239,0.9038062910554050,2.2842536422294746,2.2842536422294746,2.0292129801351169,2.0308905432597553,1.3366792435465598,1.3366792435465598,1.2966776284279449,1.2985691376953146,0.8468676844520558,0.8468676844520558,0.8419088423012000,0.8439925338659244
87,0.5878634726814298,0.5878634726814298,0.5907743337197510,0.5913673958514060,0.5356822366664014,0.5356822366664014,0.5477436475882418,0.5502698927217945,0.6527588107569714,0.6527588107569714,0.6493229543970405,0.6543412232680684,0.9418140260098228,0.9418140260098228,0.9090297648520566,0.9228807574817978,2.1979680091675911,2.1979680091675911,1.9565808492089618,1.9560328508933549,1.2842837366529256,1.2842837366529256,1.2464733788732656,1.2469368991137326,0.8151620549494615,0.8151620549494615,0.8129816912326664,0.8139908430990090
88,0.5775352603279859,0.5775352603279859,0.5807178071446991,0.5812895328750343,0.5405465180952107,0.5405465180952107,0.5526291485387692,0.5553468319788381,0.6644921076184535,0.6644921076184535,0.6600106719072772,0.6658109231969960,0.9589904012776742,0.9589904012776742,0.9265769220665984,0.9419572153956020,2.1056946073061238,2.1056946073061238,1.8780711166678958,1.8763023839172914,1.2282300347460551,1.2282300347460551,1.1938408761896369,1.1930415091266238,0.7823538876833679,0.7823538876833679,0.7824046848846922,0.7834883434198907
89,0.5678247530946615,0.5678247530946615,0.5713981086349703,0.5720530941510811,0.5461627430840192,0.5461627430840192,0.5586018146137024,0.5610133135790416,0.6788786892221660,0.6788786892221660,0.6735217060261426,0.6789035608389365,0.9828785515243793,0.9828785515243793,0.9477241643241670,0.9633625186882977,2.0067508718740621,2.0067508718740621,1.7969013558540210,1.7929080095298899,1.1709344800657302,1.1709344800657302,1.1380907852947562,1.1373513582169872,0.7497349702280034,0.7497349702280034,0.7520748836082282,0.7532528702490655
90,0.5583173884762157,0.5583173884762157,0.5621668015708073,0.5629984903650943,0.5519819156718514,0.5519819156718514,0.5640705882817680,0.5667803022955102,0.6917394076594454,0.6917394076594454,0.6856463697133737,0.6907898062345953,1.0056802977414292,1.0056802977414292,0.9700191853950804,0.9874093308834748,1.8965568522954637,1.8965568522954637,1.7022813605002955,1.7014365290294515,1.1104001792312153,1.1104001792312153,1.0808847558780108,1.0795197389261417,0.7171521108897035,0.7171521108897035,0.7213335094480098,0.7222918723360500
91,0.5496067116230929,0.5496067116230929,0.5536243893365964,0.5549726895176010,0.5589080885887949,0.5589080885887949,0.5707335580593556,0.5737051781268651,0.7078588265946574,0.7078588265946574,0.7012483496475529,0.7064565820500984,1.0364335387785428,1.0364335387785428,0.9992277279732757,1.0142501999168467,1.7515869977834608,1.7515869977834608,1.5868204168974822,1.5867647994549223,1.0419081896863751,1.0419081896863751,1.0155920650847634,1.0141905602269599,0.6823213339671158,0.6823213339671158,0.6890408373402408,0.6899321565670848
92,0.5451125810236858,0.5451125810236858,0.5493776152083937,0.5503678189175178,0.5929490501833001,0.5929490501833001,0.6039006022535611,0.6065405789736008,0.7947440673652918,0.7947440673652918,0.7829608188850683,0.7881642742975249,1.2975330955153868,1.2975330955153868,1.2110444447096893,1.2235941617108070,1.5826052139950684,1.5826052139950684,1.4491374320797137,1.4535235044799908,0.9695385232258038,0.9695385232258038,0.9450880247142696,0.9449284639043959,0.6469822039585488,0.6469822039585488,0.6557407342811077,0.6567986405263586
93,0.5446573039978017,0.5446573039978017,0.5487021579723380,0.5498287915356197,0.6288699998967581,0.6288699998967581,0.6389869002281131,0.6410896382425247,0.8780563105127300,0.8780563105127300,0.8610291144165737,0.8659181176584408,1.5097817762487513,1.5097817762487513,1.3843278537372687,1.3972865158658776,1.3892672666678607,1.3892672666678607,1.2969889227579969,1.2954714604011581,0.8918193120018918,0.8918193120018918,0.8711782653839243,0.8703645371635942,0.6105865489984423,0.6105865489984423,0.6214096795574156,0.6230101440510686
94,0.5466249306271113,0.5466249306271113,0.5504471255226082,0.5518683072871994,0.6632210500639756,0.6632210500639756,0.6720031298583646,0.6750072436202070,0.9557896368615014,0.9557896368615014,0.9340689058404998,0.9393321623323216,1.6889984061524801,1.6889984061524801,1.5295003552403506,1.5439237169421098,1.1688324516148456,1.1688324516148456,1.1153180287488307,1.1147882793829678,0.8106989478142428,0.8106989478142428,0.7947892473642094,0.7924960629180093,0.5753874114954936,0.5753874114954936,0.5875633732696404,0.5885758530121628
95,0.5540220199855058,0.5540220199855058,0.5576417936261249,0.5586102052503327,0.6952641758524105,0.6952641758524105,0.7030185181594356,0.7057261112888198,1.0217791380888170,1.0217791380888170,0.9956800238343513,1.0014711057698777,1.8223940808389538,1.8223940808389538,1.6380959453263506,1.6514544780181550,1.1049433899514511,1.1049433899514511,1.0637319472177613,1.0603622682720388,0.7859703268565033,0.7859703268565033,0.7703643396262579,0.7675754984185432,0.5624310073970431,0.5624310073970431,0.5760826518178453,0.5768666909164160
96,0.5632343857306188,0.5632343857306188,0.5664463552841212,0.5673283910589845,0.7259582188291439,0.7259582188291439,0.7327887030836125,0.7353028892722078,1.0818482477908742,1.0818482477908742,1.0526067227915772,1.0589488250997223,1.9259391215213273,1.9259391215213273,1.7267197102608460,1.7409551086663460,1.0712256893603322,1.0712256893603322,1.0345007118582512,1.0312180914141944,0.7705701766697606,0.7705701766697606,0.7561739847040306,0.7530039350277582,0.5543630958769219,0.5543630958769219,0.5691831238224633,0.5702362815473515
97,0.5727183966075208,0.5727183966075208,0.5755799634783746,0.5765622037969914,0.7550261335542859,0.7550261335542859,0.7608801830556339,0.7637300012520639,1.1372793733240147,1.1372793733240147,1.1048178072524344,1.1106310586405965,2.0125502715873593,2.0125502715873593,1.8031403792943954,1.8170661728527275,1.0492696288253698,1.0492696288253698,1.0125148120010448,1.0104558171264826,0.7587374239234959,0.7587374239234959,0.7423557845910288,0.7398789815478449,0.5484870238265125,0.5484870238265125,0.5643152073285995,0.5650135770768091
98,0.5827910883918067,0.5827910883918067,0.5853390015028354,0.5865321095733510,0.7834514977949077,0.7834514977949077,0.7883890324157643,0.7914095159930138,1.1888325081523929,1.1888325081523929,1.1536504319232406,1.1592746639357530,2.0880726394847087,2.0880726394847087,1.8703282792287852,1.8857780647107922,1.0315411101755287,1.0315411101755287,0.9970528574084935,0.9925863310884719,0.7482707990457739,0.7482707990457739,0.7321718995505566,0.7295649653700912,0.5441493208298083,0.5441493208298083,0.5599809813607354,0.5606479024360110
99,0.5933801961686191,0.5933801961686191,0.5955422072684065,0.5967704494686596,0.8111420861367176,0.8111420861367176,0.8147804574228511,0.8179284032486258,1.2350441425252341,1.2350441425252341,1.1970003907932594,1.2032911447623498,2.1570374581008815,2.1570374581008815,1.9304214294222071,1.9454107654602828,1.0200737495416043,1.0200737495416043,0.9839216690957505,0.9798213919660412,0.7386416837937554,0.7386416837937554,0.7218721541973417,0.7195071373879877,0.5407735731831395,0.5407735731831395,0.5558941980473432,0.5561090880458297
100,0.6045002857928679,0.6045002857928679,0.6062058978533909,0.6076167051105227,0.8377226098141933,0.8377226098141933,0.8405412142892942,0.8438904714082339,1.2794778884076183,1.2794778884076183,1.2390514455206783,1.2447314363092699,2.2199210528207396,2.2199210528207396,1.9843018862451502,1.9989797853395412,1.0061268122944280,1.0061268122944280,0.9712281870600989,0.9686788589850261,0.7292150667255864,0.7292150667255864,0.7123797998427666,0.7096896185188079,0.5383015274867492,0.5383015274867492,0.5508127736653514,0.5514240552683076
101,0.6160142447336480,0.6160142447336480,0.6171857500090563,0.6187610976901490,0.8638490950028946,0.8638490950028946,0.8654210022073815,0.8686725682910820,1.3197450550017726,1.3197450550017726,1.2761674975184947,1.2825556277765158,2.2718159528453339,2.2718159528453339,2.0303425439219716,2.0453376293021193,0.9923951349949957,0.9923951349949957,0.9557654466394022,0.9566266990773661,0.7195397361622540,0.7195397361622540,0.7027045348195319,0.7003932222736607,0.5359181891826469,0.5359181891826469,0.5461844595882278,0.5470300674668387
102,0.6277136630189547,0.6277136630189547,0.6285454032493539,0.6302035980299167,0.8887752099374471,0.8887752099374471,0.8892533151563986,0.8928912772487557,1.3566882295632734,1.3566882295632734,1.3110109560239644,1.3174515234144477,2.3189271265835698,2.3189271265835698,2.0702767182389059,2.0848308161575999,0.9767642654983800,0.9767642654983800,0.9415297768680381,0.9409507156674390,0.7097329450844062,0.7097329450844062,0.6927504281398273,0.6905250941354694,0.5336032801886386,0.5336032801886386,0.5416824604523373,0.5427587567730517
103,0.6397442529464297,0.6397442529464297,0.6403080970494425,0.6419477366220425,0.9130110002937669,0.9130110002937669,0.9124328474515365,0.9160344311037842,1.3904749664930987,1.3904749664930987,1.3425071501991261,1.3494239946000870,2.3578547845406344,2.3578547845406344,2.1040783502342464,2.1190166890616986,0.9620661891086545,0.9620661891086545,0.9268037503338282,0.9248596058328737,0.6999297467162719,0.6999297467162719,0.6824222243861794,0.6809716605458629,0.5294643392666745,0.5294643392666745,0.5373269312122527,0.5385302737113469
104,0.6517796533684228,0.6517796533684228,0.6521245993965190,0.6537972356058558,0.9364771256333784,0.9364771256333784,0.9347129903925564,0.9389064494823769,1.4212183833751528,1.4212183833751528,1.3722129629885420,1.3789951333023014,2.3894997139772975,2.3894997139772975,2.1319950000442049,2.1470843143404932,0.9429639123534861,0.9429639123534861,0.9105803282682041,0.9097237630194405,0.6887451514633126,0.6887451514633126,0.6717632445064282,0.6701148684494490,0.5244121103919401,0.5244121103919401,0.5335408883310440,0.5348587486950857
105,0.6644400149637195,0.6644400149637195,0.6641512459338595,0.6660225423561977,0.9588963928375857,0.9588963928375857,0.9562667914514568,0.9604067915513014,1.4491293718665854,1.4491293718665854,1.3990544885655252,1.4068885526656978,2.4138282491070453,2.4138282491070453,2.1550903471057099,2.1699708859697884,0.9261100575419460,0.9261100575419460,0.8945620073485779,0.8953788828869862,0.6790878661010409,0.6790878661010409,0.6622681878705062,0.6609310693363644,0.5202226954799335,0.5202226954799335,0.5300996575213891,0.5316055983465462
106,0.6768778307204384,0.6768778307204384,0.6763348970856009,0.6785511796609519,0.9806653195002609,0.9806653195002609,0.9769648663402682,0.9814809254158879,1.4743301903661614,1.4743301903661614,1.4240804723859617,1.4319675125891285,2.4335887009613462,2.4335887009613462,2.1737390877014806,2.1886940540168105,0.9049233015459668,0.9049233015459668,0.8756946664871296,0.8765461924201068,0.6678141063251930,0.6678141063251930,0.6521348861589940,0.6503878678950836,0.5158502616588173,0.5158502616588173,0.5265137782853003,0.5278439643105094
107,0.6896502580260201,0.6896502580260201,0.6887225262589786,0.6911509520072276,1.0017782938267794,1.0017782938267794,0.9972257876779483,1.0017748596931084,1.4979220622213718,1.4979220622213718,1.4475926688969578,1.4552752569200265,2.4433827151784384,2.4433827151784384,2.1866591998821083,2.2010412759674924,0.8833473519313875,0.8833473519313875,0.8593455119182117,0.8599534384165715,0.6568725088928531,0.6568725088928531,0.6428949417714656,0.6415965453614806,0.5119466202287825,0.5119466202287825,0.5230353657421604,0.5247378674284878
108,0.7023483510978732,0.7023483510978732,0.7012494468548024,0.7037485360318814,1.0218545629358002,1.0218545629358002,1.0164265925916232,1.0212860152107734,1.5197409424512294,1.5197409424512294,1.4687684359748252,1.4768249469226260,2.4504830115313814,2.4504830115313814,2.1955997927439528,2.2109353837248120,0.8618867525841645,0.8618867525841645,0.8373242497944537,0.8403131167124658,0.6461979151142180,0.6461979151142180,0.6338813134467292,0.6325922563066010,0.5084287785297953,0.5084287785297953,0.5202152559883618,0.5216194829528605
109,0.7153102151400972,0.7153102151400972,0.7137718009955576,0.7164245203258414,1.0413199955838703,1.0413199955838703,1.0350610603242121,1.0398431591152302,1.5403223848692844,1.5403223848692844,1.4895431671424257,1.4976175223807506,2.4506258636525335,2.4506258636525335,2.1990794537972751,2.2150119584559484,0.8397408636564658,0.8397408636564658,0.8196729779882999,0.8218336408898770,0.6370021296451388,0.6370021296451388,0.6261016143419618,0.6254221286789831,0.5058149337350095,0.5058149337350095,0.5174752512897716,0.5188805823147077
110,0.7281391590377002,0.7281391590377002,0.7266341088104729,0.7290885417949350,1.0599281158439235,1.0599281158439235,1.0527412386698227,1.0575483702057964,1.5593316071312542,1.5593316071312542,1.5080726752210512,1.5159568894633069,2.4444422775674948,2.4444422775674948,2.1964305208565351,2.2141412801596840,0.8254238064569451,0.8254238064569451,0.8056145124637653,0.8091278354550858,0.6295946970884273,0.6295946970884273,0.6199261414479629,0.6196012135938540,0.5034085521556869,0.5034085521556869,0.5154747631562184,0.5169908379026295
111,0.7413323836794069,0.7413323836794069,0.7394461565339311,0.7420249655395187,1.0776469881741817,1.0776469881741817,1.0696919849998849,1.0748709369222904,1.5763625775055916,1.5763625775055916,1.5254548363906513,1.5335975985256483,2.4357742474263646,2.4357742474263646,2.1926152519630535,2.2102901418035183,0.8110440786397268,0.8110440786397268,0.7951936454251486,0.7992298880072117,0.6219719469063888,0.6219719469063888,0.6140263856976267,0.6150727879107782,0.5019097806661201,0.5019097806661201,0.5134735622737806,0.5156581310673450
112,0.7542450678056065,0.7542450678056065,0.7523002040097412,0.7553125711379794,1.0950503078159086,1.0950503078159086,1.0865360615292583,1.0916085554460873,1.5944952609139300,1.5944952609139300,1.5431499721727149,1.5512142070911457,2.4241167864314384,2.4241167864314384,2.1864759974846568,2.2037218180232374,0.7984377476493857,0.7984377476493857,0.7819178647336178,0.7907825018232502,0.6143411947799885,0.6143411947799885,0.6077231455637009,0.6102045328743737,0.5007445651940219,0.5007445651940219,0.5122265289056764,0.5146683236484435
113,0.7673729879686580,0.7673729879686580,0.7656402735505080,0.7686067708789275,1.1124198459307835,1.1124198459307835,1.1031125806616431,1.1080062471352026,1.6120625196315832,1.6120625196315832,1.5602918348009154,1.5683834181354412,2.4094039278388730,2.4094039278388730,2.1779420823585349,2.1954575435634083,0.7791165778671866,0.7791165778671866,0.7638587481199047,0.7757748481447673,0.6065369311049268,0.6065369311049268,0.6009524107567839,0.6034948137309508,0.4992330738165335,0.4992330738165335,0.5106294170437036,0.5133383606447408
114,0.7805479112317786,0.7805479112317786,0.7784930994268728,0.7819228830137158,1.1284758918261812,1.1284758918261812,1.1185561846422385,1.1237726864309037,1.6276196152240092,1.6276196152240092,1.5752087896395373,1.5837456046929570,2.3856076760904887,2.3856076760904887,2.1604865263427189,2.1802421814428272,0.7680629341370485,0.7680629341370485,0.7531789507073174,0.7658010984530060,0.5996497882367191,0.5996497882367191,0.5942407883543274,0.5976381494809664,0.4981685482398377,0.4981685482398377,0.5100428643087552,0.5126090581634161
115,0.7934933819686611,0.7934933819686611,0.7917028941125265,0.7950474732401585,1.1441574981091907,1.1441574981091907,1.1340083767858691,1.1391355255784918,1.6429152182198772,1.6429152182198772,1.5891275747676332,1.5974290463585974,2.3597851079484347,2.3597851079484347,2.1418926674996328,2.1601154130682505,0.7606995906924939,0.7606995906924939,0.7438892832842720,0.7593368735921009,0.5937166731024217,0.5937166731024217,0.5880795868836911,0.5925851196637414,0.4973774818188359,0.4973774818188359,0.5094303754338358,0.5124554433605067
116,0.8063320274781138,0.8063320274781138,0.8048027739338192,0.8085132957515041,1.1588709959800485,1.1588709959800485,1.1487158467732208,1.1540254896249356,1.6569411457086738,1.6569411457086738,1.6022486231390836,1.6107056853115498,2.3267412285992131,2.3267412285992131,2.1165763862017792,2.1364083486254581,0.7500878202306148,0.7500878202306148,0.7304905204879569,0.7498532588280913,0.5876797776489014,0.5876797776489014,0.5823521860155036,0.5865326416984206,0.4960766244114810,0.4960766244114810,0.5083621628414711,0.5114865129210324
117,0.8192242871583143,0.8192242871583143,0.8179787419491230,0.8218615324477014,1.1732420636196992,1.1732420636196992,1.1627767966367564,1.1682789623344549,1.6695273948568692,1.6695273948568692,1.6136801016104976,1.6225272354018505,2.2916400967281740,2.2916400967281740,2.0900511270138460,2.1096248344295345,0.7407712425344857,0.7407712425344857,0.7224499269023203,0.7402422486699048,0.5814838231380672,0.5814838231380672,0.5770128158594540,0.5818273383184474,0.4945885081323760,0.4945885081323760,0.5071310871289522,0.5106233591773228
118,0.8323115196749937,0.8323115196749937,0.8313933290560429,0.8349682951473312,1.1870021840392948,1.1870021840392948,1.1771474822119998,1.1822429632652525,1.6811425140405061,1.6811425140405061,1.6233029234268339,1.6325984228117816,2.2506661048827552,2.2506661048827552,2.0580388770556843,2.0774256693670488,0.7330454994310711,0.7330454994310711,0.7163102516008566,0.7330049202954289,0.5761336251547786,0.5761336251547786,0.5716571475690315,0.5763626411586592,0.4928667146079174,0.4928667146079174,0.5068413151101612,0.5104324044054951
119,0.8450279141254329,0.8450279141254329,0.8441684088534354,0.8479495065411090,1.2016664679480826,1.2016664679480826,1.1915307289789721,1.1964174085268986,1.6919282675043474,1.6919282675043474,1.6325279393805066,1.6422628075090246,2.2043365233233083,2.2043365233233083,2.0213399623178860,2.0438842417892791,0.7258756174585395,0.7258756174585395,0.7056976424947169,0.7257993415519002,0.5700005430639299,0.5700005430639299,0.5662663496211011,0.5717140609191216,0.4911870626251816,0.4911870626251816,0.5068120132115679,0.5102277702414331
120,0.8578006639222672,0.8578006639222672,0.8568946246730225,0.8609301635600760,1.2175224829008735,1.2175224829008735,1.2070181165384057,1.2118292116465244,1.7025157795458916,1.7025157795458916,1.6416164433223335,1.6517387468320082,2.1567776856130534,2.1567776856130534,1.9820008009599166,2.0053119187128301,0.7111421185457675,0.7111421185457675,0.6937805586669044,0.7146933206464747,0.5631209122251229,0.5631209122251229,0.5591346913618060,0.5651229678643044,0.4902891491456384,0.4902891491456384,0.5065898731425029,0.5100915728042172
121,0.8704891628793548,0.8704891628793548,0.8694044428766146,0.8734985699631049,1.2342373977888448,1.2342373977888448,1.2231387807926759,1.2281215199719537,1.7122528693476931,1.7122528693476931,1.6497688284681096,1.6596761001809328,2.1036280526262363,2.1036280526262363,1.9383871802165769,1.9640064783129749,0.7019903918222776,0.7019903918222776,0.6834457398102294,0.7042437233608884,0.5573301990394682,0.5573301990394682,0.5540470556024664,0.5591107395525263,0.4908254859850453,0.4908254859850453,0.5071597158758210,0.5105680848889346
122,0.8835926274557494,0.8835926274557494,0.8822961272496151,0.8864548928456367,1.2501958279935352,1.2501958279935352,1.2384895202440034,1.2434437371575549,1.7207403607893501,1.7207403607893501,1.6563148599402484,1.6658152317068189,2.0468370553792181,2.0468370553792181,1.8919327378144768,1.9191175554650459,0.6942346758147468,0.6942346758147468,0.6762235862382208,0.6951720600584221,0.5521020715339438,0.5521020715339438,0.5491841314263691,0.5548339166615328,0.4913484392902042,0.4913484392902042,0.5077419921174611,0.5112159075019804
123,0.8964429901473806,0.8964429901473806,0.8949806923452635,0.8992251792126883,1.2653676470385387,1.2653676470385387,1.2533460791363815,1.2579546434912527,1.7276909711180897,1.7276909711180897,1.6602166724432101,1.6700241014535522,1.9848506083756414,1.9848506083756414,1.8430366496670292,1.8685329786205120,0.6884576256137983,0.6884576256137983,0.6721188129197521,0.6903163508753932,0.5481229005688072,0.5481229005688072,0.5454412184222160,0.5518482245344982,0.4926431026651799,0.4926431026651799,0.5090327407504935,0.5122118388348472
124,0.9095866855075393,0.9095866855075393,0.9080401139563613,0.9120322585606089,1.2792237956016781,1.2792237956016781,1.2663195026910845,1.2709845004946152,1.7335153840873081,1.7335153840873081,1.6629372225373171,1.6729201778243195,1.9199065765325387,1.9199065765325387,1.7896173574997403,1.8160441415131969,0.6872755124408505,0.6872755124408505,0.6674769260637752,0.6861638960178508,0.5456654871248011,0.5456654871248011,0.5432852201389538,0.5499541132013269,0.4939957982244703,0.4939957982244703,0.5101176237473283,0.5136292067924185
125,0.9222512394891200,0.9222512394891200,0.9209264174746631,0.9249448441883249,1.2924786329868481,1.2924786329868481,1.2787434844695513,1.2838905975324406,1.7373479971754393,1.7373479971754393,1.6643544484236836,1.6736993417595243,1.8546254318812390,1.8546254318812390,1.7323061988848627,1.7586538555889433,0.6825443349395942,0.6825443349395942,0.6637890345765398,0.6788686245668956,0.5428297776784665,0.5428297776784665,0.5415491732662381,0.5478269954349888,0.4954162594475285,0.4954162594475285,0.5114296360554209,0.5150219597971033
126,0.9353233686654685,0.9353233686654685,0.9339510816729768,0.9376747195494261,1.3046950668482522,1.3046950668482522,1.2901586380126062,1.2957479386786539,1.7400105043469494,1.7400105043469494,1.6651275348170445,1.6743316806820405,1.7820319874105730,1.7820319874105730,1.6732060530655595,1.7004673729976119,0.6782772833172287,0.6782772833172287,0.6587499115929693,0.6741172922956066,0.5418823637965287,0.5418823637965287,0.5409844809110551,0.5486307996975101,0.4970932568449590,0.4970932568449590,0.5127639019675804,0.5163881095651465
127,0.9480558608042675,0.9480558608042675,0.9465999295277054,0.9501951287648820,1.3158026174757698,1.3158026174757698,1.3005837449104378,1.3061367233598256,1.7395729694498991,1.7395729694498991,1.6639478874319911,1.6722798908656100,1.7009520350801135,1.7009520350801135,1.6110992558311816,1.6390208255138179,0.6777404958526015,0.6777404958526015,0.6586646492391732,0.6714804854454191,0.5414348264797225,0.5414348264797225,0.5417050611214299,0.5502176040767340,0.4988489700705419,0.4988489700705419,0.5146284530499571,0.5180708338726566
128,0.9604590893741431,0.9604590893741431,0.9588687726978943,0.9625120240695044,1.3263620951348487,1.3263620951348487,1.3102948704598643,1.3161412113847410,1.7390484335828331,1.7390484335828331,1.6624393702002183,1.6689496637006296,1.6205171920101444,1.6205171920101444,1.5503743732327540,1.5790977658997454,0.6777831845342217,0.6777831845342217,0.6584347945065893,0.6706347546510558,0.5422622928487270,0.5422622928487270,0.5438898555902936,0.5534402087214566,0.5006229335700991,0.5006229335700991,0.5164761753392227,0.5197057996043725
129,0.9725332962435347,0.9725332962435347,0.9710547507057217,0.9745802968602612,1.3359699674883365,1.3359699674883365,1.3191773586712054,1.3247002748951908,1.7353067389568011,1.7353067389568011,1.6582749038263951,1.6648906101630017,1.5434816834919269,1.5434816834919269,1.4851551094054634,1.5170932036432772,0.6866597055017352,0.6866597055017352,0.6669178093381907,0.6759980610588574,0.5444162039744392,0.5444162039744392,0.5482588534039765,0.5590990212989633,0.5027216782079211,0.5027216782079211,0.5180730892153943,0.5210195382126345
130,0.9846537537334060,0.9846537537334060,0.9833126867380075,0.9866393787002060,1.3452716278377670,1.3452716278377670,1.3276128209570848,1.3333633112845356,1.7300137174657946,1.7300137174657946,1.6535897197784952,1.6605232070061768,1.4618899202178486,1.4618899202178486,1.4194727067587529,1.4499271043139415,0.7036670579131432,0.7036670579131432,0.6784796988441983,0.6866004534433785,0.5486164082394469,0.5486164082394469,0.5555400660465569,0.5660849685499270,0.5059859332717641,0.5059859332717641,0.5209474470787506,0.5238858878394812
131,0.9962220524502523,0.9962220524502523,0.9947186444144159,0.9982676821344810,1.3540570769211344,1.3540570769211344,1.3352669610647783,1.3411713520930146,1.7230546192375411,1.7230546192375411,1.6480031824469012,1.6559101838921537,1.3701565662280784,1.3701565662280784,1.3436371798653401,1.3738128537477015,0.7294882606743672,0.7294882606743672,0.6944155078085379,0.7022371466850081,0.5536298713395922,0.5536298713395922,0.5646952263568304,0.5748437686841485,0.5089657421462882,0.5089657421462882,0.5234330796198232,0.5265360314908119
132,1.0074043291377144,1.0074043291377144,1.0061898413183348,1.0097289145073320,1.3620776605489855,1.3620776605489855,1.3424678949801532,1.3484803230827986,1.7143290585374071,1.7143290585374071,1.6414768712653902,1.6500506864998632,1.2763018127448902,1.2763018127448902,1.2626028901114830,1.2908654115754645,0.7516137135310775,0.7516137135310775,0.7100145894124938,0.7171086738208037,0.5576616265105347,0.5576616265105347,0.5726638318169955,0.5829630748503744,0.5117234138476888,0.5117234138476888,0.5262032969516928,0.5294074711240714
133,1.0180229448641414,1.0180229448641414,1.0173448766515725,1.0209262936478289,1.3694300714194907,1.3694300714194907,1.3487169474047276,1.3551104881919216,1.7042621648708456,1.7042621648708456,1.6335195639945743,1.6419966764906824,1.1551554799756965,1.1551554799756965,1.1575686914587029,1.1830805367057247,0.7683880947332186,0.7683880947332186,0.7203757335120460,0.7266883312184295,0.5590334700536218,0.5590334700536218,0.5785029551296136,0.5886301241713275,0.5139215948267412,0.5139215948267412,0.5282732385043439,0.5314563577678977
134,1.0283068146703502,1.0283068146703502,1.0277517986674702,1.0316804938934656,1.3765521771921772,1.3765521771921772,1.3546414555560991,1.3614838644699137,1.6926976466266177,1.6926976466266177,1.6252188516628263,1.6343298127605930,1.0119066484742014,1.0119066484742014,1.0382837942472520,1.0627504860366090,0.7802596354378012,0.7802596354378012,0.7283424592519975,0.7340601986540454,0.5594225441850907,0.5594225441850907,0.5833133537120330,0.5930868816949307,0.5163819529739397,0.5163819529739397,0.5309898016840596,0.5341232427684454
135,1.0380967353746318,1.0380967353746318,1.0377665290900779,1.0418426801963332,1.3825175517978616,1.3825175517978616,1.3599581304489157,1.3667899470561806,1.6803731349182356,1.6803731349182356,1.6163566210557028,1.6252179447729143,0.8529190617775978,0.8529190617775978,0.9102612482090647,0.9311561842711309,0.7873750212210305,0.7873750212210305,0.7307474862915635,0.7377383933993099,0.5596300231710429,0.5596300231710429,0.5863317175300833,0.5964771083145336,0.5198684189493870,0.5198684189493870,0.5340563245661631,0.5373639862263538
136,1.0478523645090518,1.0478523645090518,1.0475194882030141,1.0516398544526735,1.3885750410587332,1.3885750410587332,1.3650811703574113,1.3718903003607583,1.6679185298269217,1.6679185298269217,1.6070523839345083,1.6153978469364867,0.6659897821608273,0.6659897821608273,0.7591642812452882,0.7774332709851363,0.7897133618770076,0.7897133618770076,0.7289157208842024,0.7361346401660758,0.5575093446101802,0.5575093446101802,0.5884778355971714,0.5991346044269216,0.5229260587902950,0.5229260587902950,0.5370286062068453,0.5404275338360189
137,1.0571261379635175,1.0571261379635175,1.0568845022350171,1.0611633717957938,1.3936939576686354,1.3936939576686354,1.3694769453569189,1.3763818078303192,1.6534999553711958,1.6534999553711958,1.5971191375432896,1.6049511361821125,0.6197643825623479,0.6197643825623479,0.7211071418367274,0.7451970642567984,0.7843522992543995,0.7843522992543995,0.7212138192293135,0.7287222919510018,0.5546872711302581,0.5546872711302581,0.5890004736988952,0.5991650039542809,0.5404881315243310,0.5404881315243310,0.5544121555330892,0.5572542599573450
138,1.0664002070349647,1.0664002070349647,1.0660756419459960,1.0704803115778101,1.3984004812130300,1.3984004812130300,1.3734283832483638,1.3805638549366888,1.6386533949053725,1.6386533949053725,1.5855680623093182,1.5941976141381269,0.5933394698075369,0.5933394698075369,0.6998469774117640,0.7220089814334171,0.7751478928812509,0.7751478928812509,0.7117049057536495,0.7180603690084542,0.5514464836637308,0.5514464836637308,0.5879063030923295,0.5990541900347170,0.5604492857280998,0.5604492857280998,0.5734226333829826,0.5763200719464984
139,1.0752493938810872,1.0752493938810872,1.0748777022336999,1.0794708413067087,1.4024842432328963,1.4024842432328963,1.3768645714893013,1.3837585223896467,1.6229232767459356,1.6229232767459356,1.5732714410878630,1.5817391101365526,0.5704844952523507,0.5704844952523507,0.6812523289031720,0.7033718456425678,0.7660910803541291,0.7660910803541291,0.7020533644695616,0.7076683179289599,0.5490474517525685,0.5490474517525685,0.5874395684359670,0.5981206358341933,0.5808614982183403,0.5808614982183403,0.5930945817950385,0.5958742859572237
140,1.0841201876411353,1.0841201876411353,1.0838205373146050,1.0883852466207879,1.4058674539172209,1.4058674539172209,1.3794465585610627,1.3866056866896159,1.6055315706422639,1.6055315706422639,1.5594053567364450,1.5683660691962236,0.5461427667738341,0.5461427667738341,0.6622194160386072,0.6846952784009729,0.7582454456342496,0.7582454456342496,0.6926690047549730,0.6989605847712291,0.5474847863322008,0.5474847863322008,0.5875816070992567,0.5985081873505832,0.6017168421083767,0.6017168421083767,0.6132544464158320,0.6161587568254762
141,1.0927746703934893,1.0927746703934893,1.0925114320528018,1.0971413341599305,1.4084541958815640,1.4084541958815640,1.3816143874901934,1.3890405461353321,1.5872558171584676,1.5872558171584676,1.5452846086319196,1.5541128473445560,0.5254983605520206,0.5254983605520206,0.6442790054019493,0.6669208549567424,0.7464860762526474,0.7464860762526474,0.6829369160859624,0.6873418073260020,0.5458051128886651,0.5458051128886651,0.5863158416271710,0.5972421913913681,0.6228205003321868,0.6228205003321868,0.6333665568613508,0.6364852202466337
142,1.1015920381026867,1.1015920381026867,1.1011004977515364,1.1056915152232663,1.4108101158722677,1.4108101158722677,1.3836131419760196,1.3908110269448233,1.5680837741317870,1.5680837741317870,1.5307005186988942,1.5397156207511071,0.5068088446633010,0.5068088446633010,0.6271535295677488,0.6504775416982918,0.7357080924133965,0.7357080924133965,0.6707385057820301,0.6757468421039855,0.5440030423573914,0.5440030423573914,0.5846134043787057,0.5947937557157357,0.6438855933305883,0.6438855933305883,0.6536214942639313,0.6567072987706550
143,1.1100988736098836,1.1100988736098836,1.1094647309809642,1.1141706779555671,1.4128572025601092,1.4128572025601092,1.3853927377780371,1.3923721515117335,1.5489745742072756,1.5489745742072756,1.5155606905756773,1.5243390764507905,0.4877048756460154,0.4877048756460154,0.6113578504460855,0.6330253409172257,0.7207811320286015,0.7207811320286015,0.6577456232229103,0.6629457877763519,0.5424598102304737,0.5424598102304737,0.5803150036652072,0.5908782456429365,0.6647331946801507,0.6647331946801507,0.6736949182838750,0.6769655640590170
144,1.1184206797608904,1.1184206797608904,1.1176626230859463,1.1223409663853467,1.4142022611243499,1.4142022611243499,1.3865703194039298,1.3934965496877199,1.5296183274382629,1.5296183274382629,1.4995100740297160,1.5077435768792415,0.4709183865814363,0.4709183865814363,0.5959945131890980,0.6161263753390467,0.7085031405788064,0.7085031405788064,0.6472249560098042,0.6502264887484082,0.5425367268793391,0.5425367268793391,0.5761100849970485,0.5854642426670407,0.6859309432053401,0.6859309432053401,0.6939690603091823,0.6972950894371571
145,1.1266904304488707,1.1266904304488707,1.1259132766526778,1.1304067989297093,1.4150817622529548,1.4150817622529548,1.3870836427374948,1.3939935239290111,1.5102521237102051,1.5102521237102051,1.4832071737657233,1.4914034400189344,0.4551368667385942,0.4551368667385942,0.5810098205423609,0.6013216579226964,0.6945194184038511,0.6945194184038511,0.6368681339650528,0.6388172588674343,0.5421634933316068,0.5421634933316068,0.5677853695231543,0.5769643480046580,0.7069829107541761,0.7069829107541761,0.7143066369852278,0.7175863602358517
146,1.1346437097209479,1.1346437097209479,1.1337615877164442,1.1382970697247550,1.4154888758011508,1.4154888758011508,1.3871127782812496,1.3939948941142368,1.4892495508931987,1.4892495508931987,1.4654504120754479,1.4735490740696771,0.4422292222120551,0.4422292222120551,0.5672656924059539,0.5898885286938469,0.6789512195249331,0.6789512195249331,0.6253294263893400,0.6304000348328729,0.5406610874514329,0.5406610874514329,0.5591601096957241,0.5684813514035729,0.7282753026193503,0.7282753026193503,0.7344965162534994,0.7378028715653591
147,1.1426345860982263,1.1426345860982263,1.1413212813684472,1.1461632689819601,1.4156583372309341,1.4156583372309341,1.3870755361536953,1.3937581744667065,1.4687089156843445,1.4687089156843445,1.4476649199617579,1.4560901442867238,0.4289535287491714,0.4289535287491714,0.5556165468576473,0.5779065455344153,0.6677045684576828,0.6677045684576828,0.6174644653942419,0.6195059427140218,0.5383401969765383,0.5383401969765383,0.5517735925269117,0.5604976543021312,0.7492283868655609,0.7492283868655609,0.7546670721075636,0.7581560177545084
148,1.1501475035648530,1.1501475035648530,1.1486828141390291,1.1534924249355376,1.4152530327481105,1.4152530327481105,1.3859784986549593,1.3930406810032012,1.4471025594000042,1.4471025594000042,1.4286399395811096,1.4366365992702785,0.4164985525683219,0.4164985525683219,0.5440333383791132,0.5678148822258852,0.6513053026919056,0.6513053026919056,0.6077873846954225,0.6106287459011088,0.5314504412285390,0.5314504412285390,0.5436863400263650,0.5524523939120429,0.7698416104542030,0.7698416104542030,0.7747284585907876,0.7781236357235680
149,1.1576276881693388,1.1576276881693388,1.1558382747174971,1.1608308593727916,1.4139382114193804,1.4139382114193804,1.3848912532673476,1.3916630000582790,1.4248209254178106,1.4248209254178106,1.4090372906870714,1.4170934038240832,0.4045221764876388,0.4045221764876388,0.5332986254870524,0.5573524039613521,0.6327675156309263,0.6327675156309263,0.5950640411902387,0.5987305717035440,0.5211341385913280,0.5211341385913280,0.5361314369511320,0.5442471538863547,0.7901331867900103,0.7901331867900103,0.7943326958587970,0.7977791726744469
150,1.1648107777073500,1.1648107777073500,1.1627885938462859,1.1677756585167045,1.4122979060024214,1.4122979060024214,1.3828643263962379,1.3896861048744857,1.4018427939889790,1.4018427939889790,1.3883881063697177,1.3963843254773656,0.3920230708298729,0.3920230708298729,0.5224983703579723,0.5469568396738422,0.6170558101201790,0.6170558101201790,0.5854840102673992,0.5908566632285711,0.5122530418321504,0.5122530418321504,0.5292381705743973,0.5375353967857903,0.8104046325205853,0.8104046325205853,0.8139564545268150,0.8175399296016390
151,1.1718593615187483,1.1718593615187483,1.1694770544083002,1.1745153973358375,1.4102949752775473,1.4102949752775473,1.3808290922833137,1.3877257728120977,1.3787120435977369,1.3787120435977369,1.3675708745757640,1.3758459162519163,0.3826594327484818,0.3826594327484818,0.5130851626906331,0.5366070795967944,0.6008708960323239,0.6008708960323239,0.5753908335654918,0.5801879934894472,0.5041635659973361,0.5041635659973361,0.5233701666298857,0.5310884042838465,0.8305312190058155,0.8305312190058155,0.8335169369327357,0.8372273586239477
152,1.1788568304666063,1.1788568304666063,1.1758945816648043,1.1812890697289202,1.4080206478271098,1.4080206478271098,1.3782077361090406,1.3852073723671767,1.3539724281765473,1.3539724281765473,1.3460588425421920,1.3542743477840966,0.3717403443415502,0.3717403443415502,0.5031764399181173,0.5264349601968437,0.5823163059796430,0.5823163059796430,0.5644191009968194,0.5700733548103565,0.4958231720500342,0.4958231720500342,0.5168208500008196,0.5252154363767308,0.8500104553689377,0.8500104553689377,0.8524085045103649,0.8563196943183924
153,1.1856318879472418,1.1856318879472418,1.1822980605276894,1.1878993182632820,1.4059640358562868,1.4059640358562868,1.3751288796609309,1.3824775604018360,1.3304087132956854,1.3304087132956854,1.3239965973998542,1.3342107696241290,0.3622666100393984,0.3622666100393984,0.4930785922568531,0.5178922757969007,0.5678525632039172,0.5678525632039172,0.5527684129103605,0.5590090052955496,0.4885890060845037,0.4885890060845037,0.5119366453591165,0.5195830323271815,0.8693540866660436,0.8693540866660436,0.8712664540989324,0.8752955563504706
154,1.1920875984649719,1.1920875984649719,1.1886073017190928,1.1943036311442154,1.4031051218526491,1.4031051218526491,1.3716397578356785,1.3790904625237919,1.3055847901802871,1.3055847901802871,1.3015367163973579,1.3114940002424402,0.3526231819754956,0.3526231819754956,0.4847642041414708,0.5078452218063858,0.5582893902511954,0.5582893902511954,0.5462067478947170,0.5536671298886375,0.4824317548555825,0.4824317548555825,0.5073610074686977,0.5154834267926091,0.8884270977389627,0.8884270977389627,0.8896791336203634,0.8941735948218041
155,1.1983410800930392,1.1983410800930392,1.1943639727614808,1.2003219240910514,1.4001954432594792,1.4001954432594792,1.3679607733967840,1.3753162873194744,1.2803603851137930,1.2803603851137930,1.2778521373458742,1.2885699836804430,0.3438828158876672,0.3438828158876672,0.4762212078620269,0.4999007802248274,0.5499719093589407,0.5499719093589407,0.5367139438960374,0.5461484204098895,0.4770420370654459,0.4770420370654459,0.5039307990841412,0.5116507087286792,0.9073239107122375,0.9073239107122375,0.9084618882015951,0.9129158732783480
156,1.2041489056842589,1.2041489056842589,1.1998779527141021,1.2058660515088615,1.3962547081631380,1.3962547081631380,1.3629479750016420,1.3709119881095757,1.2553927390075896,1.2553927390075896,1.2543962966654221,1.2650911429145026,0.3354208749531674,0.3354208749531674,0.4679016869208539,0.4908403090979203,0.5395617747974799,0.5395617747974799,0.5299648588676716,0.5403334755018602,0.4736306775400229,0.4736306775400229,0.5017462579541537,0.5095584909783876,0.9260254273193654,0.9260254273193654,0.9266096231237188,0.9313629711286283
157,1.2097925563536245,1.2097925563536245,1.2053379205198280,1.2112429911547609,1.3925185451326854,1.3925185451326854,1.3580390371949811,1.3662382057054252,1.2288864162712643,1.2288864162712643,1.2295851110105736,1.2403097643031684,0.3267232735130725,0.3267232735130725,0.4599177738198402,0.4836602003848574,0.5309400235149543,0.5309400235149543,0.5244133759331789,0.5339585464779948,0.4706156592179893,0.4706156592179893,0.5004503451557932,0.5081124754716821,0.9438890167010037,0.9438890167010037,0.9446310431046094,0.9493102939742581
158,1.2150089061132707,1.2150089061132707,1.2104833555541330,1.2162962634439753,1.3879799323906119,1.3879799323906119,1.3525437365373536,1.3608796127853597,1.2023868675316662,1.2023868675316662,1.2043866596483965,1.2154102761647469,0.3192708512309197,0.3192708512309197,0.4532253586543102,0.4750334752161532,0.5224009247862038,0.5224009247862038,0.5169224691353799,0.5272954895532811,0.4688119556368458,0.4688119556368458,0.4993178359326202,0.5068522537243677,0.9616470863167532,0.9616470863167532,0.9618634104729763,0.9668001127278684
159,1.2201477236009333,1.2201477236009333,1.2152054772949981,1.2211227089026779,1.3830357567278047,1.3830357567278047,1.3468305212756091,1.3552749507185766,1.1747702622474077,1.1747702622474077,1.1788145427793242,1.1897211121722844,0.3117597412938987,0.3117597412938987,0.4450937781036264,0.4673849686639290,0.5146306764615258,0.5146306764615258,0.5094983577299557,0.5214233953095463,0.4670036795160670,0.4670036795160670,0.4986395633145809,0.5058964518250503,0.9787582482412790,0.9787582482412790,0.9790310364843162,0.9839986479113747
160,1.2247824872607531,1.2247824872607531,1.2194143527547006,1.2256435479524814,1.3774754650867349,1.3774754650867349,1.3405118003882821,1.3491180234066869,1.1460014246041577,1.1460014246041577,1.1518144048647916,1.1630428022561561,0.3051817195749776,0.3051817195749776,0.4388269926459691,0.4599945588802222,0.5060525221304421,0.5060525221304421,0.5015127721145102,0.5155330450280167,0.4659695506860452,0.4659695506860452,0.4985552859150785,0.5060256073588867,0.9953801553463280,0.9953801553463280,0.9954663922109468,1.0006607441377888
161,1.2292107758960840,1.2292107758960840,1.2236041479944981,1.2296625902655800,1.3712153605041530,1.3712153605041530,1.3335884567706375,1.3422541611174432,1.1166644689944152,1.1166644689944152,1.1247324957451561,1.1352883453320102,0.2986359988133872,0.2986359988133872,0.4318270027657519,0.4541308233460949,0.4974316791177382,0.4974316791177382,0.4953275187806023,0.5079246428418421,0.4659589358618918,0.4659589358618918,0.4997999398141424,0.5066853959834154,1.0114398802744831,1.0114398802744831,1.0119723496743229,1.0169310689331228
162,1.2332044806942402,1.2332044806942402,1.2274038748971843,1.2334768348524936,1.3642589503516991,1.3642589503516991,1.3262161207789860,1.3349511141637824,1.0873914990886997,1.0873914990886997,1.0961672297645486,1.1073459558101328,0.2936725700179360,0.2936725700179360,0.4254650626145906,0.4470156371226437,0.4886895820838368,0.4886895820838368,0.4884931713984404,0.5023267860354160,0.4664710603010467,0.4664710603010467,0.5019352487558435,0.5084229242762224,1.0265017392124995,1.0265017392124995,1.0270576402218501,1.0325093914503753
163,1.2372034797237936,1.2372034797237936,1.2308610304126135,1.2368608262309266,1.3569207166465613,1.3569207166465613,1.3184282220385999,1.3271970747730240,1.0572627203916265,1.0572627203916265,1.0677000552295639,1.0783344272261284,0.2869394127152157,0.2869394127152157,0.4198260612344077,0.4417859911803064,0.4786373058321274,0.4786373058321274,0.4808859620350946,0.4953894916733936,0.4693557612434739,0.4693557612434739,0.5037051585916860,0.5103221305022471,1.0410192975551928,1.0410192975551928,1.0416857815541620,1.0475792302801306
164,1.2410259685410807,1.2410259685410807,1.2343347356919543,1.2403719153291575,1.3492313396606679,1.3492313396606679,1.3103115250750961,1.3189484791149020,1.0257588203589076,1.0257588203589076,1.0379203763515465,1.0489431876226971,0.2817298597237665,0.2817298597237665,0.4137732751289461,0.4349073936613295,0.4695632361783932,0.4695632361783932,0.4724846733306341,0.4895880403585169,0.4726159003509577,0.4726159003509577,0.5048302365411553,0.5108487725935377,1.0559399473026596,1.0559399473026596,1.0561188276778675,1.0622118852778419
165,1.2443586200199113,1.2443586200199113,1.2373828008217691,1.2434047248537135,1.3408236160431202,1.3408236160431202,1.3015321349517801,1.3102524373814430,0.9943628145873156,0.9943628145873156,1.0080291758299789,1.0191171135230148,0.2757578221620902,0.2757578221620902,0.4071902286360327,0.4303433028118821,0.4581671747254727,0.4581671747254727,0.4641757194332800,0.4823209467050276,0.4758866542825948,0.4758866542825948,0.5070361425830407,0.5128312803177172,1.0719326070826136,1.0719326070826136,1.0703258928079626,1.0770652000066805
166,1.2473768156531677,1.2473768156531677,1.2400172381966019,1.2459253795858876,1.3320943218257006,1.3320943218257006,1.2925195400836165,1.3011420355158922,0.9628986607763583,0.9628986607763583,0.9772989279429506,0.9892424111158702,0.2721050843253645,0.2721050843253645,0.4027116407172948,0.4269374610409052,0.4476948236812252,0.4476948236812252,0.4566749897836611,0.4726484216368805,0.4777634368454098,0.4777634368454098,0.5115776641714564,0.5163310471336704,1.0883086700929925,1.0883086700929925,1.0854791716796579,1.0918728239748297
167,1.2502953883636361,1.2502953883636361,1.2425605209842669,1.2485543416495333,1.3228232679087952,1.3228232679087952,1.2831179094562799,1.2917810106527265,0.9304809241007986,0.9304809241007986,0.9456251661508861,0.9579409934806563,0.2688144811651905,0.2688144811651905,0.3982824068926981,0.4223450910702159,0.4348546132117952,0.4348546132117952,0.4451779310996643,0.4662151526661491,0.4809264911381366,0.4809264911381366,0.5165866804328635,0.5212640922241953,1.1049695111158535,1.1049695111158535,1.1006810758641541,1.1076229739741872
168,1.2528404624550302,1.2528404624550302,1.2445413153988500,1.2506418254110643,1.3130423529144808,1.3130423529144808,1.2733007963434149,1.2814432855209965,0.8970793256114097,0.8970793256114097,0.9123690210384475,0.9241929481019913,0.2639820759713057,0.2639820759713057,0.3931795883912638,0.4174293035439153,0.4211874230697038,0.4211874230697038,0.4346356536125546,0.4563989605179647,0.4854746983303890,0.4854746983303890,0.5220379419259279,0.5262919023217955,1.1215040749905076,1.1215040749905076,1.1162939193778403,1.1231505952556877
169,1.2552130306005445,1.2552130306005445,1.2463666467411894,1.2527452109763808,1.3029450360785013,1.3029450360785013,1.2631712185698400,1.2712932354656283,0.8620579257600075,0.8620579257600075,0.8769693993365227,0.8882535522283622,0.2595522953864012,0.2595522953864012,0.3889023651766216,0.4133802113390560,0.4094684716951675,0.4094684716951675,0.4251428496138751,0.4470193257953080,0.4916171704579888,0.4916171704579888,0.5275444312940170,0.5320642460950544,1.1377788581976385,1.1377788581976385,1.1317398608610256,1.1387226347962747
170,1.2575637499636938,1.2575637499636938,1.2481022777814146,1.2545327196099865,1.2917771586587692,1.2917771586587692,1.2526113096176386,1.2605010118346052,0.8253644097043967,0.8253644097043967,0.8406832145688747,0.8511454531833034,0.2545456470001555,0.2545456470001555,0.3842705821496698,0.4081915900373935,0.3976518813147980,0.3976518813147980,0.4174401621308406,0.4385866238156597,0.4994781826160244,0.4994781826160244,0.5342308042551396,0.5391021612531239,1.1532992967471585,1.1532992967471585,1.1467534013541594,1.1540302325974496
171,1.2593147699683280,1.2593147699683280,1.2492782999329644,1.2558875824701381,1.2803032169137856,1.2803032169137856,1.2419806085178011,1.2497001640965730,0.7852957293757947,0.7852957293757947,0.8029807389286400,0.8144415929682893,0.2515857874453246,0.2515857874453246,0.3794567812235258,0.4034586210554594,0.3843720682516633,0.3843720682516633,0.4092125414465546,0.4344512343847515,0.5072808132412163,0.5072808132412163,0.5409339820283874,0.5465219386305635,1.1680768938420576,1.1680768938420576,1.1610882861175775,1.1686968474816961
172,1.2608191379132512,1.2608191379132512,1.2500150698268853,1.2569623693403125,1.2678845369276859,1.2678845369276859,1.2307500603483996,1.2381856916533200,0.7444539156616760,0.7444539156616760,0.7656097681739584,0.7767494414571573,0.2477683602205188,0.2477683602205188,0.3749675328204534,0.3997970723008586,0.3728465783491499,0.3728465783491499,0.4026685575641867,0.4344357564396646,0.5153624504366559,0.5153624504366559,0.5483358684223595,0.5536990292784146,1.1821163318758607,1.1821163318758607,1.1745400354156914,1.1824311163475598
173,1.2620243145985575,1.2620243145985575,1.2503961506823646,1.2575866829102202,1.2553443172843208,1.2553443172843208,1.2197938919484910,1.2263817474313454,0.7035719476537037,0.7035719476537037,0.7272142773204120,0.7380242161664096,0.2448694630358611,0.2448694630358611,0.3718140036212152,0.3964023828593856,0.3638033898693537,0.3638033898693537,0.4013676190691690,0.4374690368063087,0.5239527010140301,0.5239527010140301,0.5564772509961337,0.5618430456749799,1.1958031524949333,1.1958031524949333,1.1876199673789531,1.1957829189503164
174,1.2630403770384742,1.2630403770384742,1.2508602712144123,1.2578950903707953,1.2419629560821865,1.2419629560821865,1.2080536322897917,1.2145813092715663,0.6630847485875391,0.6630847485875391,0.6886960446579582,0.6994732494326303,0.2428345027240322,0.2428345027240322,0.3679497754663454,0.3937572892795636,0.3546130616784414,0.3546130616784414,0.4030976197316767,0.4421421856113896,0.5333682949955783,0.5333682949955783,0.5647250358979370,0.5701643643428472,1.2090118896743556,1.2090118896743556,1.2004191554759633,1.2086204718426865
175,1.2637771351793521,1.2637771351793521,1.2508282187718280,1.2579515198910178,1.2280500988575771,1.2280500988575771,1.1960994711872723,1.2029157537573920,0.6209863992877118,0.6209863992877118,0.6492863188571242,0.6595188988028330,0.2416552903099342,0.2416552903099342,0.3647994049291323,0.3889263391169886,0.3449958466713282,0.3449958466713282,0.4088510604995850,0.4471185433920189,0.5433051584955519,0.5433051584955519,0.5740390396836254,0.5794817345635747,1.2219419322659542,1.2219419322659542,1.2128703241314382,1.2209778144425549
176,1.2642494773673540,1.2642494773673540,1.2506537045653805,1.2577889421833239,1.2140680910320998,1.2140680910320998,1.1841999291963925,1.1910551886459417,0.5778290212947076,0.5778290212947076,0.6086185745162419,0.6188927254578173,0.2456428662395520,0.2456428662395520,0.3640847576459695,0.3885021522983603,0.3386393203241325,0.3386393203241325,0.4210113581384564,0.4576852174417241,0.5531896010947065,0.5531896010947065,0.5830431255773559,0.5881147757591956,1.2343553630617341,1.2343553630617341,1.2251871396221472,1.2334148474553228
177,1.2644707063666503,1.2644707063666503,1.2495514728374570,1.2571171858006542,1.1991336656675986,1.1991336656675986,1.1718120658605971,1.1790432180670465,0.5347871277037414,0.5347871277037414,0.5680056559833551,0.5784192740555691,0.2493001535068876,0.2493001535068876,0.3654437719822382,0.3898675160676164,0.3327491905303819,0.3327491905303819,0.4329547672091461,0.4686570961563965,0.5640158235537482,0.5640158235537482,0.5929612581366316,0.5980260406568798,1.2466146804328411,1.2466146804328411,1.2368691334395496,1.2451424608243158
178,1.2644790642649473,1.2644790642649473,1.2487044681364632,1.2563536074427308,1.1842888444185842,1.1842888444185842,1.1589333127572956,1.1665848089019508,0.4910118469490198,0.4910118469490198,0.5271574539829781,0.5373363022863273,0.2581674487087336,0.2581674487087336,0.3712004335228533,0.3948677426601604,0.3311170296607797,0.3311170296607797,0.4478874665456450,0.4827531385563000,0.5745999463695990,0.5745999463695990,0.6030712526715279,0.6079892734616699,1.2581298659259148,1.2581298659259148,1.2483618528309037,1.2567545946728198
179,1.2639906243885857,1.2639906243885857,1.2472588215359519,1.2548383843741286,1.1692034913144418,1.1692034913144418,1.1462663341228569,1.1540272225062504,0.4459317148728962,0.4459317148728962,0.4845634962545260,0.4951222309577528,0.2661143940981874,0.2661143940981874,0.3780239331624220,0.4006597846474773,0.3289912241430814,0.3289912241430814,0.4627073995432524,0.4971869176554073,0.5857720487910547,0.5857720487910547,0.6132387551313353,0.6183954222851913,1.2694645396182231,1.2694645396182231,1.2596185731471015,1.2678896994828301
180,1.2636107296930010,1.2636107296930010,1.2455932579496154,1.2534140495968882,1.1539175534721702,1.1539175534721702,1.1336877252781541,1.1412184086194530,0.4022098099478093,0.4022098099478093,0.4435056811649762,0.4540384900237182,0.2735331505938265,0.2735331505938265,0.3842796633029918,0.4096704685890994,0.3351420273756611,0.3351420273756611,0.4818647109904221,0.5152659512576712,0.5980120025223427,0.5980120025223427,0.6246130795513518,0.6294055706564956,1.2805880631710329,1.2805880631710329,1.2703975141275881,1.2788360763988185
181,1.2626878940993622,1.2626878940993622,1.2436998369810603,1.2515725623632765,1.1388015939355025,1.1388015939355025,1.1210108742693852,1.1283885180599185,0.3544409724718688,0.3544409724718688,0.3988951537173279,0.4091696891438366,0.2765457835437329,0.2765457835437329,0.3893560280099664,0.4170987166336228,0.3423464236014175,0.3423464236014175,0.5010711366966908,0.5346653726369629,0.6081743085568359,0.6081743085568359,0.6336331257942868,0.6385658483475734,1.2910964603178028,1.2910964603178028,1.2804490552740777,1.2891346704674358
182,1.2614269533016238,1.2614269533016238,1.2412180704511682,1.2489197913603849,1.1229385642394309,1.1229385642394309,1.1076419537674316,1.1151044513976143,0.3399555558074721,0.3399555558074721,0.3852282273009999,0.3968639925477845,0.2772932549929470,0.2772932549929470,0.3902222910703305,0.4167569773938265,0.3530426631567151,0.3530426631567151,0.5199113664871164,0.5553308105502851,0.6524164057132549,0.6524164057132549,0.6762584050804884,0.6798678520091511,1.3011556426401187,1.3011556426401187,1.2905206325836593,1.2991911711060475
183,1.2601642925505383,1.2601642925505383,1.2389848994083608,1.2464381762859449,1.1101157612009547,1.1101157612009547,1.0973096311356620,1.1047803878185765,0.3415273678914653,0.3415273678914653,0.3860027587156566,0.3973195090306891,0.3117015085820914,0.3117015085820914,0.4208648662078891,0.4452503826811784,0.3648751482589644,0.3648751482589644,0.5397004837633372,0.5749393826234432,0.7003140850031185,0.7003140850031185,0.7207733390447113,0.7246421100652732,1.3101820069324417,1.3101820069324417,1.2995055450241946,1.3086317412030433
184,1.2606905176519985,1.2606905176519985,1.2418203189776191,1.2474851568827108,1.1469660167203113,1.1469660167203113,1.1357268120249631,1.1390582713114989,0.4895675165865697,0.4895675165865697,0.5281455935456849,0.5294690283963109,0.8939585654237997,0.8939585654237997,0.8880321642079237,0.8812977037367935,0.3847253852123061,0.3847253852123061,0.5615720456253611,0.5952623213929197,0.7475751198012586,0.7475751198012586,0.7647777107269788,0.7687789121105409,1.3190706277428081,1.3190706277428081,1.3082337886719171,1.3173114746383603
185,1.2602663072834499,1.2602663072834499,1.2425652037821400,1.2465284810248740,1.1496776949544554,1.1496776949544554,1.1413546673671944,1.1412212295890354,0.5347583178140457,0.5347583178140457,0.5720745809491368,0.5674959375178628,1.0780444509093539,1.0780444509093539,1.0493754359481409,1.0088138375812061,0.4019380066034193,0.4019380066034193,0.5807022460015080,0.6150415477324205,0.7938951096119529,0.7938951096119529,0.8087754955984635,0.8129168180492603,1.3273458550014312,1.3273458550014312,1.3165282058318184,1.3257091899058715
186,1.2597275587716796,1.2597275587716796,1.2421949428074601,1.2454411185997791,1.1467148889108589,1.1467148889108589,1.1408836427431579,1.1392118932550443,0.5631171246192468,0.5631171246192468,0.5993243675428667,0.5916232696669702,1.1934275649818680,1.1934275649818680,1.1457166018752882,1.0934815265794104,0.4214471882387111,0.4214471882387111,0.5985621551803150,0.6331840805965793,0.8390997263616049,0.8390997263616049,0.8510398514322872,0.8555709213592773,1.3346395862126319,1.3346395862126319,1.3238444147446287,1.3328061301752034
187,1.2589947242743751,1.2589947242743751,1.2409213090431039,1.2435423556949179,1.1425461377381905,1.1425461377381905,1.1381172509557580,1.1365240734369162,0.5873696651914168,0.5873696651914168,0.6213922227678831,0.6134853260382408,1.2881207785264692,1.2881207785264692,1.2219595961699297,1.1677528546951406,0.4449550277640550,0.4449550277640550,0.6165088983692093,0.6484032661912495,0.8831199736932178,0.8831199736932178,0.8926904516152258,0.8971585786801749,1.3418773867862182,1.3418773867862182,1.3310481281251370,1.3401977340970224
188,1.2580310666630090,1.2580310666630090,1.2394242680087939,1.2417781016257474,1.1371462622000421,1.1371462622000421,1.1340589426056089,1.1323768451551068,0.6073254514780063,0.6073254514780063,0.6393840129218904,0.6313820815138622,1.3630121403982189,1.3630121403982189,1.2825751100957408,1.2271963641405479,0.4698016570065905,0.4698016570065905,0.6276790525446423,0.6583678878641135,0.9264481344900289,0.9264481344900289,0.9335459899581692,0.9380874663551144,1.3480861299923277,1.3480861299923277,1.3373469671993574,1.3462355156100791
189,1.2569037984894811,1.2569037984894811,1.2376413145329201,1.2398071824626078,1.1306593968109835,1.1306593968109835,1.1287744532583728,1.1268750678789510,0.6237094643576756,0.6237094643576756,0.6546377427237334,0.6457514472492573,1.4223294364629402,1.4223294364629402,1.3319572373622894,1.2729503891199891,0.4965502032557744,0.4965502032557744,0.6356060939632416,0.6618635222314301,0.9676014811227949,0.9676014811227949,0.9720561169847002,0.9772490206140539,1.3545532897040673,1.3545532897040673,1.3435076913785873,1.3527086914998003
190,1.2555546025856095,1.2555546025856095,1.2361237971650534,1.2377835685148137,1.1251767473021217,1.1251767473021217,1.1247018981891701,1.1222999388110542,0.6417435575485851,0.6417435575485851,0.6710784300183624,0.6615733379646612,1.4825561637065898,1.4825561637065898,1.3825949327837874,1.3193946636362217,0.5212201740179886,0.5212201740179886,0.6286291187726558,0.6549663117784787,1.0069124208925042,1.0069124208925042,1.0096076097034643,1.0147879364140333,1.3599008780632649,1.3599008780632649,1.3491121546504685,1.3584043291443011
191,1.2538760087414591,1.2538760087414591,1.2342545173283905,1.2354566823678503,1.1176893580030136,1.1176893580030136,1.1181947192943049,1.1154588860758625,0.6555777727685569,0.6555777727685569,0.6832057287444274,0.6738287824609107,1.5228914154943720,1.5228914154943720,1.4174073366271371,1.3517519527991728,0.5417152825447401,0.5417152825447401,0.6245868187917611,0.6486318635340714,1.0449239428808501,1.0449239428808501,1.0461548671167351,1.0511539229642548,1.3653229054187341,1.3653229054187341,1.3543304664154832,1.3638171930731693
192,1.2521441769663557,1.2521441769663557,1.2322999582161767,1.2331686608128916,1.1113395385458404,1.1113395385458404,1.1130066260573981,1.1099074194354908,0.6712020370273273,0.6712020370273273,0.6978510195794011,0.6875748683257947,1.5718919677649186,1.5718919677649186,1.4570445967137187,1.3880571666064838,0.5545350569431817,0.5545350569431817,0.6233562119157734,0.6476523874193419,1.0802157019636141,1.0802157019636141,1.0803035120495790,1.0854259934665671,1.3698863587741161,1.3698863587741161,1.3589403678130851,1.3683171563987782
193,1.2498189075378923,1.2498189075378923,1.2299055069609104,1.2303458134535483,1.1036152355223490,1.1036152355223490,1.1063374760129536,1.1024147630263259,0.6831663026928854,0.6831663026928854,0.7093458239840810,0.6981800270275059,1.6022949026450664,1.6022949026450664,1.4869318567945422,1.4122931701057440,0.5510418512089080,0.5510418512089080,0.6272932109251596,0.6498534305847753,1.1142135139820781,1.1142135139820781,1.1135055140481322,1.1187476966219387,1.3744373871954996,1.3744373871954996,1.3632271167857961,1.3727759224849843
194,1.2472851743888820,1.2472851743888820,1.2273373268131256,1.2274555074330087,1.0955847574145019,1.0955847574145019,1.0992380349214850,1.0949419743029345,0.6955312135383761,0.6955312135383761,0.7210042558002199,0.7092066025729700,1.6295810226143401,1.6295810226143401,1.5113068568089372,1.4314126441476345,0.5372870130290222,0.5372870130290222,0.6348627005375173,0.6557628306448734,1.1453285847179586,1.1453285847179586,1.1440781118499861,1.1494602202321500,1.3782098847376008,1.3782098847376008,1.3669888470106046,1.3763798458535763
195,1.2446821324948296,1.2446821324948296,1.2247200790876278,1.2245757928891186,1.0870759476543077,1.0870759476543077,1.0915695276999289,1.0870020733162600,0.7065447528439759,0.7065447528439759,0.7306830934420896,0.7185589627525613,1.6462010025185951,1.6462010025185951,1.5272659966903956,1.4420193061007527,0.5344877254385303,0.5344877254385303,0.6477302435074160,0.6688075633900288,1.1734960820914264,1.1734960820914264,1.1733611303253859,1.1791046844705046,1.3816291380878856,1.3816291380878856,1.3701117958460804,1.3799596712230582
196,1.2417386742093675,1.2417386742093675,1.2216279200349838,1.2214117424224940,1.0783001715327276,1.0783001715327276,1.0834025458379062,1.0784594117289537,0.7170325320662336,0.7170325320662336,0.7402770148325061,0.7274531571038502,1.6594398455935384,1.6594398455935384,1.5421022322219564,1.4506424465921164,0.5377606757410408,0.5377606757410408,0.6658962327489288,0.6840584986156466,1.1996651346867826,1.1996651346867826,1.2004448295696830,1.2062256482785185,1.3845920608503282,1.3845920608503282,1.3729771651540574,1.3831493555541390
197,1.2386443437662220,1.2386443437662220,1.2186333725951464,1.2181737558626720,1.0688007692621817,1.0688007692621817,1.0748042696387852,1.0693676282626470,0.7265272270453828,0.7265272270453828,0.7491531006438208,0.7360675463960339,1.6661384272236230,1.6661384272236230,1.5496695967684195,1.4536109577275498,0.5472362006559681,0.5472362006559681,0.6799248368039311,0.6971655400115364,1.2239435237954308,1.2239435237954308,1.2245069560368305,1.2307105145241293,1.3871679671967911,1.3871679671967911,1.3754138160078870,1.3855281780042659
198,1.2354557115059568,1.2354557115059568,1.2153524764282291,1.2148648968599232,1.0595071204879718,1.0595071204879718,1.0654589436504129,1.0603552752398679,0.7358333111036062,0.7358333111036062,0.7574158174156091,0.7437289405098182,1.6671443063314821,1.6671443063314821,1.5541201515616851,1.4525984855275937,0.5694138790274264,0.5694138790274264,0.6971568692944149,0.7120715948709874,1.2479878968577434,1.2479878968577434,1.2479957766270022,1.2541769966032053,1.3899536226516194,1.3899536226516194,1.3778924794487537,1.3880007281506022
199,1.2319981484152787,1.2319981484152787,1.2114710477912245,1.2109913633458678,1.0488096369847686,1.0488096369847686,1.0545335561899809,1.0492524628578208,0.7431156024287292,0.7431156024287292,0.7643775050134801,0.7501126664398455,1.6583284196955286,1.6583284196955286,1.5531034572223790,1.4451829830025034,0.5873685568628717,0.5873685568628717,0.7096106737456627,0.7242067006894977,1.2701754922181454,1.2701754922181454,1.2693812934201738,1.2762223432356770,1.3926427913044450,1.3926427913044450,1.3802484312899712,1.3906626026760873
200,1.2283627313987815,1.2283627313987815,1.2078362077279305,1.2070965885232694,1.0381017421257488,1.0381017421257488,1.0435711272600092,1.0383309985203575,0.7510412602141108,0.7510412602141108,0.7717359784589826,0.7566699672248033,1.6483860940405524,1.6483860940405524,1.5502034106506493,1.4382135736575667,0.6042964356648807,0.6042964356648807,0.7218731290434602,0.7345626365637892,1.2926790010758513,1.2926790010758513,1.2912284780921826,1.2981377701003844,1.3949314862685627,1.3949314862685627,1.3824383126410533,1.3929515944661646
201,1.2245027798476487,1.2245027798476487,1.2036760799032289,1.2028465469797667,1.0270179308662817,1.0270179308662817,1.0322040915089132,1.0267096919290617,0.7585432575535705,0.7585432575535705,0.7788177728269270,0.7630617266537786,1.6335258338962244,1.6335258338962244,1.5437273638338338,1.4261626850337008,0.6209141403227777,0.6209141403227777,0.7314849860061960,0.7436604933117870,1.3144659276507091,1.3144659276507091,1.3116171908535643,1.3186701033851271,1.3965043649312379,1.3965043649312379,1.3836548561957565,1.3945372905264319
202,1.2200515137105687,1.2200515137105687,1.1992367293482111,1.1984019782328905,1.0142977645979137,1.0142977645979137,1.0196755669047144,1.0139298131302670,0.7642600211049173,0.7642600211049173,0.7840655801664878,0.7683446068396605,1.6125470445245798,1.6125470445245798,1.5331375545621713,1.4098986056422762,0.6362911484042271,0.6362911484042271,0.7396088773752647,0.7511827746240166,1.3368763526658389,1.3368763526658389,1.3330999053289274,1.3401532285912146,1.3986041787770300,1.3986041787770300,1.3855820103885059,1.3964639374850025
203,1.2156586991130260,1.2156586991130260,1.1946408977214120,1.1936321957153835,1.0013940704934996,1.0013940704934996,1.0074349464202088,1.0018511064709648,0.7707227404404532,0.7707227404404532,0.7896587475957927,0.7731135994811325,1.5891975468620925,1.5891975468620925,1.5216250211464473,1.3927483143527786,0.6481159132129919,0.6481159132129919,0.7437996988756751,0.7562750185576042,1.3586919392659109,1.3586919392659109,1.3525340372045624,1.3598593400848806,1.3995223703387671,1.3995223703387671,1.3860071650982297,1.3977284461874913
204,1.2106675288705206,1.2106675288705206,1.1894497108793167,1.1887078009808860,0.9879279047370705,0.9879279047370705,0.9946602144318007,0.9887716407025170,0.7765868996314330,0.7765868996314330,0.7946612413200440,0.7777582438144193,1.5605338593041269,1.5605338593041269,1.5072748247339878,1.3742302695091311,0.6580809955618178,0.6580809955618178,0.7509735240167302,0.7610608785525486,1.3808824741160786,1.3808824741160786,1.3726863003481018,1.3804711536981380,1.4001058998058251,1.4001058998058251,1.3864770250018885,1.3983361054686867
205,1.2054911949004701,1.2054911949004701,1.1840705431511762,1.1831667663909684,0.9738330333841755,0.9738330333841755,0.9809197555495685,0.9748570470389770,0.7822010738588492,0.7822010738588492,0.7990400808531916,0.7814932225859731,1.5269954568476043,1.5269954568476043,1.4895934243833822,1.3509422140176974,0.6651509678539619,0.6651509678539619,0.7542795030252107,0.7637524535161205,1.4021251868218407,1.4021251868218407,1.3918755379766858,1.4002308464816466,1.4004391608693707,1.4004391608693707,1.3864932994347559,1.3986654447898608
206,1.2000589372471959,1.2000589372471959,1.1787207519811209,1.1776265487744562,0.9595223294564409,0.9595223294564409,0.9672861269944372,0.9607074666092217,0.7890335065097436,0.7890335065097436,0.8038803071860271,0.7863412682756038,1.4916340975456763,1.4916340975456763,1.4696610825071903,1.3250261917381798,0.6754789039965585,0.6754789039965585,0.7611055992118440,0.7694987398472259,1.4245276915451024,1.4245276915451024,1.4123120473393884,1.4206758872688328,1.4004258879428437,1.4004258879428437,1.3863596986160347,1.3987852190032604
207,1.1942997003380376,1.1942997003380376,1.1727110062536827,1.1716985605665491,0.9451954177797576,0.9451954177797576,0.9533555647089450,0.9468166093897395,0.7959988074337955,0.7959988074337955,0.8094290189601669,0.7909242939627041,1.4499831504254976,1.4499831504254976,1.4462095963023633,1.2966825463041651,0.6829380699073029,0.6829380699073029,0.7644878035504463,0.7751065184133230,1.4457210861447980,1.4457210861447980,1.4311102986356117,1.4404464491570956,1.3993649386824623,1.3993649386824623,1.3852697075855263,1.3979172933785389
208,1.1881443366735793,1.1881443366735793,1.1664830014253809,1.1653210327422674,0.9306963864547846,0.9306963864547846,0.9393663300199134,0.9323946844965844,0.8028194059940217,0.8028194059940217,0.8146420607873709,0.7959971921601251,1.4075929208312028,1.4075929208312028,1.4230629209829515,1.2669795115631286,0.6956388609591013,0.6956388609591013,0.7722946132627710,0.7831062348009252,1.4666766270309641,1.4666766270309641,1.4505592086123620,1.4609451561490050,1.3980806724332659,1.3980806724332659,1.3838853116684764,1.3970717955945733
209,1.1815276223979796,1.1815276223979796,1.1597636809345264,1.1586130683530840,0.9153556966952213,0.9153556966952213,0.9243728822298111,0.9173874487146430,0.8096007480189967,0.8096007480189967,0.8200296951876328,0.8006793546427544,1.3613461389088568,1.3613461389088568,1.3956153324837095,1.2339937089731396,0.7050335498598970,0.7050335498598970,0.7797737326383863,0.7884012795021897,1.4867955564688549,1.4867955564688549,1.4686542756343803,1.4798005054510168,1.3964027901740670,1.3964027901740670,1.3822466227882293,1.3957682369991369
210,1.1747211488944846,1.1747211488944846,1.1528585318995064,1.1517088552808514,0.9001015467159222,0.9001015467159222,0.9093656692998907,0.9024236155647053,0.8172301454655811,0.8172301454655811,0.8258963116468929,0.8054874037631545,1.3109975903485831,1.3109975903485831,1.3684958500023177,1.2016822240206508,0.7150304216524824,0.7150304216524824,0.7868226111042932,0.7965617283964636,1.5071724261336734,1.5071724261336734,1.4862373447874777,1.4981057761546117,1.3938572640816542,1.3938572640816542,1.3797767103197802,1.3937058300257765
211,1.1678641517614130,1.1678641517614130,1.1457446638735751,1.1443884526137613,0.8848576604136339,0.8848576604136339,0.8943409589910762,0.8875648433819299,0.8250030210597152,0.8250030210597152,0.8319185653998575,0.8106386713066963,1.2579999083441380,1.2579999083441380,1.3421285239156358,1.1634078274609472,0.7257275694776018,0.7257275694776018,0.7947897297583174,0.8032347070808483,1.5271549142549463,1.5271549142549463,1.5043083446162513,1.5163144137237519,1.3908536745471030,1.3908536745471030,1.3770718283023415,1.3917740135294432
212,1.1604722491373314,1.1604722491373314,1.1385762019867265,1.1371289436430025,0.8690705745435021,0.8690705745435021,0.8787795687557695,0.8716238666682080,0.8330774619298426,0.8330774619298426,0.8378689930942858,0.8152934857078004,1.2064189190316301,1.2064189190316301,1.3125602886993402,1.1260694299846017,0.7332071714593345,0.7332071714593345,0.8007577016099707,0.8106407053697329,1.5464290669952134,1.5464290669952134,1.5217076586377685,1.5336140374929457,1.3879871648481819,1.3879871648481819,1.3741288881574130,1.3890953181233909
213,1.1530423731682540,1.1530423731682540,1.1310873029311392,1.1295316745243140,0.8528226200398226,0.8528226200398226,0.8629695231084723,0.8555539716445696,0.8397672325773713,0.8397672325773713,0.8432491473843096,0.8205338909045634,1.1499236347742583,1.1499236347742583,1.2815907920421912,1.0884872744491008,0.7427676196025911,0.7427676196025911,0.8087876865156418,0.8182510919078417,1.5655221961574184,1.5655221961574184,1.5383107285712012,1.5511027667018857,1.3843039277369737,1.3843039277369737,1.3705635598474999,1.3861214818767502
214,1.1450347809943815,1.1450347809943815,1.1233748802627934,1.1213260811723682,0.8353671697796089,0.8353671697796089,0.8459283201453198,0.8384339505440932,0.8452765322771416,0.8452765322771416,0.8478950608534593,0.8247802788006391,1.0896000046586169,1.0896000046586169,1.2492196391114354,1.0557308912089052,0.7497694716581075,0.7497694716581075,0.8140759170213632,0.8243128901964877,1.5831194516389282,1.5831194516389282,1.5533204658655446,1.5672195261802577,1.3797047112184500,1.3797047112184500,1.3671072029226252,1.3825949027462268
215,1.1371153633038291,1.1371153633038291,1.1155323281678398,1.1133345932079060,0.8193854063235845,0.8193854063235845,0.8301242139752619,0.8221613487061753,0.8523947786212778,0.8523947786212778,0.8533454261782183,0.8299225727549303,1.0308331896976992,1.0308331896976992,1.2157650651060949,1.0219516800342143,0.7639162282660588,0.7639162282660588,0.8252610019315623,0.8357828412466485,1.6002344674939000,1.6002344674939000,1.5679512082010034,1.5826242743823524,1.3751177721569634,1.3751177721569634,1.3629637164757391,1.3786281573580268
216,1.1287919446965591,1.1287919446965591,1.1074931858193229,1.1047727119182986,0.8023829238808023,0.8023829238808023,0.8138465147585775,0.8057251306324772,0.8590637375921141,0.8590637375921141,0.8580453154428364,0.8346141361405839,0.9685114496581695,0.9685114496581695,1.1810154396704926,0.9882477470836745,0.7741251810620121,0.7741251810620121,0.8328446364505404,0.8445655829074927,1.6151367824278480,1.6151367824278480,1.5811199318815674,1.5961029832560607,1.3694636160642351,1.3694636160642351,1.3585539787232570,1.3736479042085661
217,1.1201857818835557,1.1201857818835557,1.0995965924917726,1.0960982050092192,0.7857203242098252,0.7857203242098252,0.7977569123650046,0.7893300181155514,0.8646656696567701,0.8646656696567701,0.8631736110210925,0.8394533791664738,0.9048162365174970,0.9048162365174970,1.1465947099182463,0.9555192446672385,0.7865035363271056,0.7865035363271056,0.8451015909513190,0.8551155884009506,1.6291975051114185,1.6291975051114185,1.5931737111677124,1.6083040628318717,1.3631109353437898,1.3631109353437898,1.3535849310820862,1.3685429459019931
218,1.1113608625041929,1.1113608625041929,1.0912626083914623,1.0874611329886845,0.7683779589952381,0.7683779589952381,0.7809681371845214,0.7723954153157708,0.8700345109424715,0.8700345109424715,0.8671594897629804,0.8434397893625502,0.8395742169694429,0.8395742169694429,1.1101528313027347,0.9255772314368339,0.7963137586713308,0.7963137586713308,0.8532533792195559,0.8625743704512853,1.6422178117229684,1.6422178117229684,1.6035350178678585,1.6192093413252748,1.3559449929196505,1.3559449929196505,1.3479200821408068,1.3623103523466240
219,1.1017736006779109,1.1017736006779109,1.0824079611562156,1.0779353397910774,0.7506622248396057,0.7506622248396057,0.7636169577200433,0.7550678514531595,0.8737731858350228,0.8737731858350228,0.8701659840711903,0.8462480100214177,0.7730920226371175,0.7730920226371175,1.0728652209300216,0.8947079816676813,0.8112239160644242,0.8112239160644242,0.8632994062327279,0.8740097937777906,1.6532369790241217,1.6532369790241217,1.6133209919800187,1.6290055465593507,1.3480487077133698,1.3480487077133698,1.3419353277417776,1.3556767219578765
220,1.0925104694347816,1.0925104694347816,1.0744386535759787,1.0692355650616707,0.7334741470574945,0.7334741470574945,0.7469389056321492,0.7381578313883114,0.8786635217856367,0.8786635217856367,0.8735456338787793,0.8496442144330777,0.7070188221166263,0.7070188221166263,1.0352502942049648,0.8655936306054547,0.8228711141230459,0.8228711141230459,0.8745104234717314,0.8846352046447488,1.6625465880691228,1.6625465880691228,1.6211594657040784,1.6369263217340517,1.3395648742928328,1.3395648742928328,1.3355728164338569,1.3482779602145394
221,1.0832807429105693,1.0832807429105693,1.0663272623459925,1.0609764599516649,0.7163850879147469,0.7163850879147469,0.7302127357522962,0.7211858708913466,0.8833836916738835,0.8833836916738835,0.8775416277697392,0.8535529389850715,0.6403237144317554,0.6403237144317554,0.9984281916481903,0.8392048292144707,0.8370519308493111,0.8370519308493111,0.8862506959667871,0.8956285143603107,1.6717444148505392,1.6717444148505392,1.6291872680149961,1.6448024316814036,1.3306526202994005,1.3306526202994005,1.3293398670343108,1.3406097462567284
222,1.0737941521036463,1.0737941521036463,1.0583455933427990,1.0527078429370091,0.6990228968204661,0.6990228968204661,0.7135922323830582,0.7042214061135579,0.8863072017554413,0.8863072017554413,0.8817978954964849,0.8569605954058701,0.5744561481748337,0.5744561481748337,0.9608468257071495,0.8128956873199427,0.8504475483147130,0.8504475483147130,0.8975587629817704,0.9066011868157567,1.6786335173785905,1.6786335173785905,1.6343743815064138,1.6503749707399242,1.3207899510281631,1.3207899510281631,1.3219957421235167,1.3322573638588304
223,1.0643254595612437,1.0643254595612437,1.0505435285437412,1.0446756813680018,0.6814920934495362,0.6814920934495362,0.6966406432893336,0.6872504128061641,0.8881800078144990,0.8881800078144990,0.8854356941085419,0.8601682689805156,0.5068575235708275,0.5068575235708275,0.9231904415430143,0.7886632684980229,0.8642659653821182,0.8642659653821182,0.9091273320270155,0.9175246473432342,1.6842478611783118,1.6842478611783118,1.6398651638641746,1.6555977454040518,1.3110900963223222,1.3110900963223222,1.3148688076367547,1.3234072742713872
224,1.0546950107813819,1.0546950107813819,1.0424663711839199,1.0366657823242940,0.6641217061815274,0.6641217061815274,0.6800341859811345,0.6702646295582454,0.8882248141302014,0.8882248141302014,0.8886453414107190,0.8637981285637067,0.4416614532719338,0.4416614532719338,0.8850101143154774,0.7635741117917187,0.8769735684575793,0.8769735684575793,0.9194931910954411,0.9289362584465291,1.6886235366518247,1.6886235366518247,1.6436524956179652,1.6597989091361709,1.3006082450286061,1.3006082450286061,1.3073983677847274,1.3141087471658468
225,1.0449403759949909,1.0449403759949909,1.0343288609943686,1.0285206450043549,0.6466823898308596,0.6466823898308596,0.6631700837818802,0.6529668067749458,0.8861065119005922,0.8861065119005922,0.8895454196756225,0.8647971027041707,0.3791691095845311,0.3791691095845311,0.8487960541985210,0.7411822256354152,0.8957007297763840,0.8957007297763840,0.9346105600461528,0.9428664090247321,1.6918038196206775,1.6918038196206775,1.6465637815376497,1.6626727683650711,1.2898227755405876,1.2898227755405876,1.2995186912814014,1.3048481167486765
226,1.0354874855239666,1.0354874855239666,1.0263256685723798,1.0205375601949205,0.6291078366136783,0.6291078366136783,0.6462644052419511,0.6357263302733002,0.8832540063630437,0.8832540063630437,0.8918347584147521,0.8657012131868439,0.3180734410943819,0.3180734410943819,0.8141325023031006,0.7231947130381648,0.9024446332025365,0.9024446332025365,0.9386214269012241,0.9474296247326573,1.6942637642919816,1.6942637642919816,1.6485814567944743,1.6652355843852646,1.2787957387897801,1.2787957387897801,1.2918114208138520,1.2953643213628476
227,1.0262768128579300,1.0262768128579300,1.0186893050123442,1.0129840866862909,0.6264348502266830,0.6264348502266830,0.6435431213762872,0.6336229347535182,0.8808844949535949,0.8808844949535949,0.8923439159184609,0.8656243821703089,0.3236428540470779,0.3236428540470779,0.7777853835483398,0.7006112457928847,1.0582642248697047,1.0582642248697047,1.0671169019548732,1.0713901057112560,1.6950455052646329,1.6950455052646329,1.6498095592202893,1.6664689730302173,1.2726874273943907,1.2726874273943907,1.2832641361885231,1.2851247793217531
228,1.0170659520719958,1.0170659520719958,1.0108476254884229,1.0049293708157674,0.6254177862903716,0.6254177862903716,0.6421435718543778,0.6322897042293019,0.8764723378803950,0.8764723378803950,0.8900242317321152,0.8635408856718600,0.3297472800395036,0.3297472800395036,0.7427194970774814,0.6836457645351649,1.2118272201648495,1.2118272201648495,1.1900168876978769,1.1966888336342909,1.6953018940941844,1.6953018940941844,1.6497936833173770,1.6676375716210494,1.2670651263253270,1.2670651263253270,1.2753381706048517,1.2753691457809440
229,1.0079939775188562,1.0079939775188562,1.0028044983988587,0.9972896190799931,0.6246382637133685,0.6246382637133685,0.6412516469784117,0.6313756697850329,0.8731232086068738,0.8731232086068738,0.8883624572417136,0.8617058294015170,0.3410912852654042,0.3410912852654042,0.7113156843918910,0.6712961527995889,1.3477048396266840,1.3477048396266840,1.3010736574587534,1.3080268519593354,1.6949238430493363,1.6949238430493363,1.6497805096958114,1.6673005444587901,1.2613715938839025,1.2613715938839025,1.2672449070190768,1.2651466234487918
230,0.9988951824432070,0.9988951824432070,0.9948960090195690,0.9895296847207459,0.6238218583545891,0.6238218583545891,0.6401867147620504,0.6302581225351751,0.8687552049340291,0.8687552049340291,0.8850895690075232,0.8591188718147396,0.3504444596563924,0.3504444596563924,0.6787013144852081,0.6557306871920836,1.4648035263898769,1.4648035263898769,1.4023456880648648,1.4113238793765464,1.6944140865324926,1.6944140865324926,1.6494189951193889,1.6671272331868900,1.2553796049418251,1.2553796049418251,1.2587597107410373,1.2552883944662263
231,0.9894855058000336,0.9894855058000336,0.9864433843445753,0.9812320067949519,0.6225901432738855,0.6225901432738855,0.6390075278720387,0.6289121170487070,0.8628304062301770,0.8628304062301770,0.8807026543553685,0.8546659204403937,0.3641441600521231,0.3641441600521231,0.6487441690070808,0.6432560100470717,1.5509065972175977,1.5509065972175977,1.4783537367044575,1.4877631002345175,1.6908800849618510,1.6908800849618510,1.6464712284015228,1.6640487290950408,1.2486163114915747,1.2486163114915747,1.2500849232596674,1.2447943521044949
232,0.9802394397190219,0.9802394397190219,0.9780412524466473,0.9729747398751084,0.6217667600915268,0.6217667600915268,0.6379436792089573,0.6279316689205549,0.8580824058252553,0.8580824058252553,0.8767908117045875,0.8506540423433968,0.3742693728176192,0.3742693728176192,0.6199348023422984,0.6280414445214552,1.6257094290585876,1.6257094290585876,1.5424777062983523,1.5514611941932686,1.6872940707528579,1.6872940707528579,1.6430329131729260,1.6605790221469232,1.2417209524223818,1.2417209524223818,1.2410277064044952,1.2343561009849280
233,0.9713409117112489,0.9713409117112489,0.9697412986165944,0.9649581591560485,0.6213260126952844,0.6213260126952844,0.6369284299170704,0.6273534507552900,0.8525682092603809,0.8525682092603809,0.8719408102276908,0.8465182432519889,0.3875946550741513,0.3875946550741513,0.5936306494961170,0.6158770411151394,1.6955231347689574,1.6955231347689574,1.5997319662435339,1.6101995989276376,1.6816665809016849,1.6816665809016849,1.6381286103137065,1.6557772554622570,1.2346680510891632,1.2346680510891632,1.2319552842397830,1.2236652980628042
234,0.9631039745082226,0.9631039745082226,0.9616351718985027,0.9567860908913498,0.6216743131590263,0.6216743131590263,0.6371361510940333,0.6275683280383393,0.8472853079572561,0.8472853079572561,0.8684328085285157,0.8420840936836915,0.4003467090738302,0.4003467090738302,0.5704950294937928,0.6026364379117028,1.7637419186724150,1.7637419186724150,1.6543462365336190,1.6667258481257419,1.6772871494134718,1.6772871494134718,1.6340964687591568,1.6518254867353170,1.2278471678854823,1.2278471678854823,1.2236462953249054,1.2136935778435045
235,0.9544556190896684,0.9544556190896684,0.9529751080034450,0.9480363348960997,0.6214108541692804,0.6214108541692804,0.6368120482684629,0.6271290224752258,0.8400215431051101,0.8400215431051101,0.8622857729365786,0.8348429199350934,0.4077695600570183,0.4077695600570183,0.5493304145950866,0.5848572348976849,1.8259979111963855,1.8259979111963855,1.7037221764052275,1.7180201550140894,1.6706875049748342,1.6706875049748342,1.6283150222640339,1.6456101420284459,1.2207726611774170,1.2207726611774170,1.2145726852453853,1.2038378938641452
236,0.9455752580891261,0.9455752580891261,0.9435093411029195,0.9386274856059651,0.6217018921760302,0.6217018921760302,0.6368335588076538,0.6269893844808961,0.8307514510054017,0.8307514510054017,0.8547761672637650,0.8260785435082947,0.4124868646564714,0.4124868646564714,0.5274472040856863,0.5670867944282771,1.8900263922774116,1.8900263922774116,1.7563062596811911,1.7690846739484547,1.6639953482610752,1.6639953482610752,1.6216877617073719,1.6398314296391201,1.2135930402651069,1.2135930402651069,1.2059631142869656,1.1944900175558066
237,0.9362453980309758,0.9362453980309758,0.9334924292527312,0.9285972113304637,0.6222266688128362,0.6222266688128362,0.6368824391000690,0.6271514693331889,0.8170164789182062,0.8170164789182062,0.8423116685682155,0.8126311499713190,0.4059502427561009,0.4059502427561009,0.5012208332918714,0.5420442385273998,1.9478273213259238,1.9478273213259238,1.8030457461243585,1.8177925765257441,1.6559267754645937,1.6559267754645937,1.6140317764205112,1.6320567929744338,1.2060798633353285,1.2060798633353285,1.1968720814569305,1.1849701149369873
238,0.9263147905177394,0.9263147905177394,0.9234299110232580,0.9182438240730881,0.6216724302542509,0.6216724302542509,0.6364269855379840,0.6263353628329952,0.7953865360669480,0.7953865360669480,0.8228707770580769,0.7923316091454417,0.3735132574502462,0.3735132574502462,0.4567279200073142,0.5004651677572183,2.0053648521261418,2.0053648521261418,1.8504889416718981,1.8640668698909098,1.6472650789554175,1.6472650789554175,1.6053620978434435,1.6240511029188411,1.1980797174789750,1.1980797174789750,1.1878830113145677,1.1752079995911373
239,0.9153439874691819,0.9153439874691819,0.9126881544165893,0.9074792074165314,0.6199866766847729,0.6199866766847729,0.6351409281892684,0.6250981258737121,0.7694818748230778,0.7694818748230778,0.7997768717116468,0.7683205063428165,0.3417354846397726,0.3417354846397726,0.4135059733550780,0.4578600826726833,2.0605131791603677,2.0605131791603677,1.8922545288675785,1.9083893546935795,1.6375886052571762,1.6375886052571762,1.5960758768878516,1.6148027684962787,1.1897689114034118,1.1897689114034118,1.1784886642369323,1.1655929377118051
240,0.9042508258645269,0.9042508258645269,0.9019077429131926,0.8966718455442942,0.6193620322554694,0.6193620322554694,0.6343878987911750,0.6243774084449697,0.7466837848012399,0.7466837848012399,0.7786062897101946,0.7460617318639204,0.3256691704407479,0.3256691704407479,0.3851546126839248,0.4288600429878711,2.1106065305018995,2.1106065305018995,1.9318414075296215,1.9490257073432480,1.6269469174334168,1.6269469174334168,1.5848788896812169,1.6044982627851847,1.1810172598209547,1.1810172598209547,1.1689620230468645,1.1558304247092039
241,0.8928983006699533,0.8928983006699533,0.8910231464285465,0.8855272195436951,0.6188919336965522,0.6188919336965522,0.6338565563678773,0.6236615269640828,0.7256612980661435,0.7256612980661435,0.7600302009450864,0.7267450981806109,0.3188477541841948,0.3188477541841948,0.3684717443659815,0.4085755488103115,2.1593542801025767,2.1593542801025767,1.9677561112673410,1.9865164653067957,1.6147944951751476,1.6147944951751476,1.5727990164908172,1.5930476609266948,1.1718393629507831,1.1718393629507831,1.1587506281644007,1.1464236156703678
242,0.8816627591772672,0.8816627591772672,0.8801004185897917,0.8747163563568630,0.6183507277925885,0.6183507277925885,0.6333549915939820,0.6230922956019163,0.7065950273257111,0.7065950273257111,0.7416299797718269,0.7089650848280004,0.3196466341993013,0.3196466341993013,0.3576114746584259,0.3944837838872425,2.2014139848711363,2.2014139848711363,2.0004689582258699,2.0203849872496238,1.6008720101630518,1.6008720101630518,1.5591855141898332,1.5795993515803459,1.1620497316446841,1.1620497316446841,1.1482482337511779,1.1363339504587231
243,0.8701268170827670,0.8701268170827670,0.8690468050962011,0.8633423067174272,0.6177129030298574,0.6177129030298574,0.6326508826199068,0.6222990389553402,0.6878659873621135,0.6878659873621135,0.7248609326379948,0.6907461347669097,0.3263520399753008,0.3263520399753008,0.3528257068577539,0.3900650716188273,2.2434877678219323,2.2434877678219323,2.0319028698774577,2.0515321689498669,1.5873250449685061,1.5873250449685061,1.5454180662983754,1.5655292105612266,1.1522456844656070,1.1522456844656070,1.1379915397173752,1.1261340150300274
244,0.8590290331034910,0.8590290331034910,0.8580888544734450,0.8524520512221537,0.6173147609691204,0.6173147609691204,0.6324669193519010,0.6220057387178997,0.6712983420410409,0.6712983420410409,0.7094558156050825,0.6748946739383566,0.3371323707486291,0.3371323707486291,0.3514015451172190,0.3874590111922688,2.2778862166444185,2.2778862166444185,2.0578737042609312,2.0799286419988983,1.5715883232036072,1.5715883232036072,1.5297021891096041,1.5503302960304135,1.1420758575529935,1.1420758575529935,1.1273419626594616,1.1155911404192738
245,0.8476163632903042,0.8476163632903042,0.8469750917500320,0.8413603242495604,0.6168752319230267,0.6168752319230267,0.6319859019587254,0.6214085394573017,0.6539340583819520,0.6539340583819520,0.6947271385412043,0.6589227106255829,0.3499681342715311,0.3499681342715311,0.3528071497183569,0.3870973570783585,2.3130671399183025,2.3130671399183025,2.0851659086712075,2.1051322927857745,1.5561081535732464,1.5561081535732464,1.5145529465407337,1.5350937642073652,1.1313548723663516,1.1313548723663516,1.1168245609224998,1.1050865999193160
246,0.8360806361899723,0.8360806361899723,0.8356724755695417,0.8301187118346800,0.6164174276247016,0.6164174276247016,0.6313787910690239,0.6205785296070233,0.6380424252884985,0.6380424252884985,0.6803313263829226,0.6436470978386455,0.3626110019365713,0.3626110019365713,0.3563969691098022,0.3914722566237228,2.3418216000687195,2.3418216000687195,2.1057746447032746,2.1272177329432225,1.5389680704027742,1.5389680704027742,1.4972253274211982,1.5181793992527772,1.1196526492169698,1.1196526492169698,1.1055196112651040,1.0940781090188223
247,0.8246473269366179,0.8246473269366179,0.8245860243194378,0.8190091865128956,0.6158916172362543,0.6158916172362543,0.6311046520891489,0.6202754365751753,0.6235509691571400,0.6235509691571400,0.6671923427471512,0.6294680576581151,0.3789534665736197,0.3789534665736197,0.3652668869088365,0.3979222860517663,2.3705978586948580,2.3705978586948580,2.1261142345954784,2.1464810277798270,1.5212324955972960,1.5212324955972960,1.4797725588967903,1.5009465185799640,1.1076698880177465,1.1076698880177465,1.0941608886640737,1.0827344332429152
248,0.8131461601488583,0.8131461601488583,0.8132647060331566,0.8076808290289244,0.6154227739471873,0.6154227739471873,0.6304742247381231,0.6196242761964221,0.6093538962329555,0.6093538962329555,0.6544596650993144,0.6163537979392186,0.3926536219124114,0.3926536219124114,0.3730822064242643,0.4067461684741991,2.3955280487609900,2.3955280487609900,2.1402909672559236,2.1613335051370539,1.5018585635099868,1.5018585635099868,1.4601669166019273,1.4821523929070755,1.0944256088906243,1.0944256088906243,1.0818910354054343,1.0703949454311663
249,0.8014274998854787,0.8014274998854787,0.8019968472654504,0.7964931076811852,0.6148795743793438,0.6148795743793438,0.6297965624904037,0.6191115851246004,0.5949608670901892,0.5949608670901892,0.6429618856507898,0.6030689545618084,0.4095729543508010,0.4095729543508010,0.3823907834120245,0.4169963541806768,2.4164845583571672,2.4164845583571672,2.1526162888053681,2.1747505023050682,1.4814922270168283,1.4814922270168283,1.4402323559993873,1.4624942583211131,1.0814757675169566,1.0814757675169566,1.0697112260892290,1.0583314314046079
250,0.7898998350664622,0.7898998350664622,0.7904504929099548,0.7851069201511535,0.6142441493972087,0.6142441493972087,0.6292663437519892,0.6183817196944978,0.5813608036366112,0.5813608036366112,0.6316334286976555,0.5901522847319318,0.4235738270529101,0.4235738270529101,0.3931033856699100,0.4270398234938512,2.4287462009501719,2.4287462009501719,2.1583418326741084,2.1828863452353580,1.4594764285027244,1.4594764285027244,1.4182257367279190,1.4405517436094013,1.0673160620211239,1.0673160620211239,1.0567223279974076,1.0454269926467206
251,0.7781211108072823,0.7781211108072823,0.7788701664556041,0.7736199239384077,0.6134155605369417,0.6134155605369417,0.6283996215226872,0.6174775989433328,0.5678923842399147,0.5678923842399147,0.6200752133584568,0.5786188295879485,0.4385450933041207,0.4385450933041207,0.4049286266261120,0.4391612107720806,2.4426427292222437,2.4426427292222437,2.1638559887716857,2.1895426553634953,1.4367733609509346,1.4367733609509346,1.3964531181318225,1.4193940971417718,1.0530196822513047,1.0530196822513047,1.0436494443286723,1.0323205442593277
252,0.7664556078520426,0.7664556078520426,0.7677665255561652,0.7624740724777003,0.6124994350644707,0.6124994350644707,0.6274717387304618,0.6165746065800007,0.5546145345101855,0.5546145345101855,0.6096848302301855,0.5664904682080367,0.4537010664380952,0.4537010664380952,0.4170061657115631,0.4509902476983166,2.4449152203161471,2.4449152203161471,2.1638795636160530,2.1907451726356308,1.4117907190859549,1.4117907190859549,1.3723399016579627,1.3957794385955398,1.0377895521003198,1.0377895521003198,1.0296982956453451,1.0183596508110722
253,0.7548145604834597,0.7548145604834597,0.7562780517458081,0.7509887102117656,0.6113791436428272,0.6113791436428272,0.6262604064264727,0.6155470482598221,0.5420397929949847,0.5420397929949847,0.6004094935349110,0.5554266309014945,0.4680759023363419,0.4680759023363419,0.4280441101580267,0.4638038760007488,2.4440019550104237,2.4440019550104237,2.1605578680446609,2.1894327222663397,1.3863206118348534,1.3863206118348534,1.3482387610038713,1.3715976335598317,1.0226142833789793,1.0226142833789793,1.0155142364653615,1.0040058327271584
254,0.7434605572039784,0.7434605572039784,0.7450557411859848,0.7397527290778588,0.6106212929305916,0.6106212929305916,0.6253656723382990,0.6147564916841322,0.5300286806532643,0.5300286806532643,0.5918243670116088,0.5449981237138853,0.4802574577375336,0.4802574577375336,0.4380045560212022,0.4752975464469050,2.4359569550646802,2.4359569550646802,2.1484474704930343,2.1790470211130351,1.3590076894582279,1.3590076894582279,1.3220539080925435,1.3461747126250099,1.0065897317061203,1.0065897317061203,1.0007210541690812,0.9892543578922496
255,0.7318150218321300,0.7318150218321300,0.7337074604548073,0.7285335542540080,0.6094340660901688,0.6094340660901688,0.6241634900397867,0.6135134918869878,0.5178042282218424,0.5178042282218424,0.5832102550611340,0.5347960073636523,0.4913330465574474,0.4913330465574474,0.4482212483411582,0.4857253728304796,2.4219123788116708,2.4219123788116708,2.1339634790276647,2.1640115865074732,1.3299268272926066,1.3299268272926066,1.2951669687088081,1.3201903344977319,0.9899386979011930,0.9899386979011930,0.9850679799405696,0.9735744340751179
256,0.7203520433835346,0.7203520433835346,0.7225619943172231,0.7173707214175148,0.6084694650496574,0.6084694650496574,0.6233426783642801,0.6128491535503282,0.5066898951095168,0.5066898951095168,0.5757776605232720,0.5257662690833040,0.5047638756041303,0.5047638756041303,0.4601349318340610,0.4983490132338642,2.4017406143414459,2.4017406143414459,2.1139908708794497,2.1430889765834764,1.2996203611997348,1.2996203611997348,1.2671222706605658,1.2933739603674768,0.9731765770750838,0.9731765770750838,0.9693536489051342,0.9578020550633799
257,0.7088354776384626,0.7088354776384626,0.7114892424323254,0.7062907822040579,0.6073739467477056,0.6073739467477056,0.6221819520116338,0.6117380139313792,0.4970540888009515,0.4970540888009515,0.5685902945994666,0.5186508110469672,0.5145333228959286,0.5145333228959286,0.4705221919033685,0.5096702208701931,2.3757890748608070,2.3757890748608070,2.0877312446524732,2.1195287660685187,1.2687416744325013,1.2687416744325013,1.2385632102472244,1.2655054059480919,0.9550987774069979,0.9550987774069979,0.9527798219090703,0.9412689586869885
258,0.6975753461877643,0.6975753461877643,0.7006401014172893,0.6953973463480274,0.6062847786344079,0.6062847786344079,0.6209121078305172,0.6106414627551277,0.4874821865819947,0.4874821865819947,0.5632437158042617,0.5130118930247287,0.5271175029061005,0.5271175029061005,0.4837629082795366,0.5208022372024389,2.3433365941313218,2.3433365941313218,2.0593455603776141,2.0906711296299751,1.2352676631597608,1.2352676631597608,1.2082713119202664,1.2363835928016258,0.9371041916143875,0.9371041916143875,0.9351189736695177,0.9239523989797868
259,0.6863495063069277,0.6863495063069277,0.6897722582964623,0.6844108922342567,0.6052097876864777,0.6052097876864777,0.6199032394635022,0.6098015795113109,0.4786301235333384,0.4786301235333384,0.5580676495219848,0.5073358841669215,0.5365580263647997,0.5365580263647997,0.4952864970123483,0.5334633175691579,2.3019667202923464,2.3019667202923464,2.0216081282562075,2.0552619568454209,1.1989706802296698,1.1989706802296698,1.1776379127881103,1.2047708865390814,0.9175568577643344,0.9175568577643344,0.9167785589655633,0.9056778841594383
260,0.6757570661205050,0.6757570661205050,0.6797003744712430,0.6741792631919218,0.6043573486990560,0.6043573486990560,0.6191627712571378,0.6090158185839110,0.4714011264234315,0.4714011264234315,0.5537600410386048,0.5042386284714342,0.5481613491354672,0.5481613491354672,0.5090527357829305,0.5470241519483475,2.2564960082083774,2.2564960082083774,1.9803042150960590,2.0149681033395983,1.1609441341825220,1.1609441341825220,1.1444687603971786,1.1711038345631228,0.8981427324796746,0.8981427324796746,0.8983035931110415,0.8871800850734062
261,0.6651716401188267,0.6651716401188267,0.6698597510552680,0.6642525694731887,0.6037737958974972,0.6037737958974972,0.6186323117291055,0.6084515440682964,0.4641394835461640,0.4641394835461640,0.5498361282099395,0.5020399281795603,0.5600658442125132,0.5600658442125132,0.5225931302187232,0.5609227425925107,2.1988721917750973,2.1988721917750973,1.9303385112011882,1.9645953294895011,1.1167785454125010,1.1167785454125010,1.1072149408580194,1.1321994874784043,0.8767652464077670,0.8767652464077670,0.8781030226094994,0.8668800260605147
262,0.6549392882902235,0.6549392882902235,0.6594093168305626,0.6541237040142167,0.6027932086262460,0.6027932086262460,0.6176383321867916,0.6072063277950516,0.4566754369112609,0.4566754369112609,0.5461843893924386,0.4996316732129993,0.5732487292909539,0.5732487292909539,0.5385885947134695,0.5759871499673077,2.1305789297462603,2.1305789297462603,1.8706014272300275,1.9046488512975805,1.0695979383204464,1.0695979383204464,1.0670259370985153,1.0903206570309290,0.8548173563183669,0.8548173563183669,0.8570591909830361,0.8461101355963226
263,0.6445371985656588,0.6445371985656588,0.6492785926320694,0.6438698124465820,0.6018627952293030,0.6018627952293030,0.6166685921326706,0.6065049944572969,0.4496407637315677,0.4496407637315677,0.5428769906496497,0.4982889678728652,0.5864693746434574,0.5864693746434574,0.5527737510351213,0.5905859475853192,2.0541766347492492,2.0541766347492492,1.8051387993901269,1.8386330342796642,1.0209376247414075,1.0209376247414075,1.0267527403858008,1.0477144457137348,0.8320713577830576,0.8320713577830576,0.8354534360553069,0.8245392849042766
264,0.6342840191769907,0.6342840191769907,0.6393477453713610,0.6335773188855377,0.6010590164084291,0.6010590164084291,0.6159627574996676,0.6058275184622964,0.4435685693880828,0.4435685693880828,0.5397584646903734,0.4977649102606379,0.5980303877094524,0.5980303877094524,0.5683803052680360,0.6040723003353226,1.9785967780757914,1.9785967780757914,1.7397791150372981,1.7741550900107659,0.9718964839327419,0.9718964839327419,0.9862726502574743,1.0051918755542191,0.8096295673498964,0.8096295673498964,0.8136953112548927,0.8030722623899154
265,0.6244602100169131,0.6244602100169131,0.6297810220024055,0.6239602580874879,0.6004467769988221,0.6004467769988221,0.6153480617370053,0.6050418784335929,0.4376901276738827,0.4376901276738827,0.5373117036312323,0.4982599105362446,0.6131795366975119,0.6131795366975119,0.5838936789712124,0.6212588366957078,1.8892080411680563,1.8892080411680563,1.6639867762236686,1.6985100067968684,0.9174464369979700,0.9174464369979700,0.9415593519531401,0.9574281042014223,0.7860324055318109,0.7860324055318109,0.7909299138917557,0.7800957348487774
266,0.6147590012813725,0.6147590012813725,0.6206993608702713,0.6147056125276408,0.5996810254704703,0.5996810254704703,0.6147663140203797,0.6045149213155971,0.4319823417085601,0.4319823417085601,0.5351433216747031,0.4992290581752951,0.6274006018411424,0.6274006018411424,0.6012840875827621,0.6379853394640594,1.7899704804486734,1.7899704804486734,1.5827411829937450,1.6164645948543475,0.8605228910779750,0.8605228910779750,0.8954809793372265,0.9070848735117770,0.7614418020324291,0.7614418020324291,0.7674470951790073,0.7565813765519186
267,0.6055264529586999,0.6055264529586999,0.6120189951558636,0.6059282545023337,0.5993038168804712,0.5993038168804712,0.6144606717321747,0.6039680562122627,0.4276276411859148,0.4276276411859148,0.5329621895302682,0.5011057348072093,0.6422126380210050,0.6422126380210050,0.6189591706093176,0.6560931379009585,1.6713726943447580,1.6713726943447580,1.4844380111216575,1.5200532686488695,0.7982600069563253,0.7982600069563253,0.8431224204251266,0.8518187026024330,0.7355185229712683,0.7355185229712683,0.7425474504749551,0.7319373151911582
268,0.5965488339712220,0.5965488339712220,0.6036612480377753,0.5972672860096881,0.5987630909326268,0.5987630909326268,0.6138680082195418,0.6033514325611115,0.4239292022016355,0.4239292022016355,0.5321951382258496,0.5044592078414861,0.6608120751836476,0.6608120751836476,0.6382179278086719,0.6740511764845202,1.5312171240226975,1.5312171240226975,1.3717946543348429,1.4100828656768871,0.7307010604545693,0.7307010604545693,0.7879494354903656,0.7921926620485832,0.7081979734392309,0.7081979734392309,0.7161213352428357,0.7056716493655156
269,0.5886289594180619,0.5886289594180619,0.5961326760859221,0.5898435945620462,0.5987009919947411,0.5987009919947411,0.6139147615369996,0.6038748030177811,0.4216964765574275,0.4216964765574275,0.5327356611918068,0.5096827768755603,0.6811362014905209,0.6811362014905209,0.6611667919187664,0.6963741571763893,1.3433546813156325,1.3433546813156325,1.2236196850312822,1.2622041970943976,0.6526927994037107,0.6526927994037107,0.7224366776599405,0.7221530850765744,0.6782749348384363,0.6782749348384363,0.6874877575204782,0.6768680983893481
270,0.5813816134979666,0.5813816134979666,0.5893666439591421,0.5833195658995859,0.5987744252809805,0.5987744252809805,0.6142543952929186,0.6038973707744404,0.4193960925603647,0.4193960925603647,0.5328779532888366,0.5141949539389592,0.7029602750694933,0.7029602750694933,0.6821955843503963,0.7192993636614657,1.1282041800852916,1.1282041800852916,1.0535224679503072,1.0903747975362965,0.5689267311220730,0.5689267311220730,0.6525662378189722,0.6477949920070543,0.6475444598739234,0.6475444598739234,0.6577011104913163,0.6472721765711480
271,0.5760488981446672,0.5760488981446672,0.5844508405348211,0.5785269956595898,0.5989615343280702,0.5989615343280702,0.6144589460732470,0.6041292141745497,0.4178233827177690,0.4178233827177690,0.5337833866326605,0.5190312057684322,0.7230032465646719,0.7230032465646719,0.7029515473496144,0.7377337660338344,0.8395083465821096,0.8395083465821096,0.8259823921692102,0.8626529507878802,0.4722095158908693,0.4722095158908693,0.5721492161130199,0.5618870315832819,0.6141526156638104,0.6141526156638104,0.6254927011405830,0.6147819100908313
272,0.5752611326373334,0.5752611326373334,0.5844502879065007,0.5786966343517169,0.5991263807951687,0.5991263807951687,0.6146799106791894,0.6040738828711688,0.4310510395801813,0.4310510395801813,0.5347753512517390,0.5238807897876488,0.7419538997704024,0.7419538997704024,0.7235239131186276,0.7570942100525042,0.7530960098800986,0.7530960098800986,0.7593178401806358,0.7936483028866462,0.4550937651634563,0.4550937651634563,0.5521512363451229,0.5370393240516208,0.6060020801760594,0.6060020801760594,0.6183981175337544,0.6070869735993533
273,0.5754922244941055,0.5754922244941055,0.5846910593399963,0.5786898359658783,0.5994551876565304,0.5994551876565304,0.6153575729269086,0.6048263160579307,0.4450705195299243,0.4450705195299243,0.5366928945115329,0.5302833175237247,0.7632525141139260,0.7632525141139260,0.7459555463221236,0.7780693520643376,0.7163805647424455,0.7163805647424455,0.7317930306392658,0.7672262600121607,0.4561446327546432,0.4561446327546432,0.5487486418980786,0.5297413146133799,0.6041910630899479,0.6041910630899479,0.6169407836475034,0.6060842025703692
274,0.5758870344101238,0.5758870344101238,0.5849186549509051,0.5791841048762040,0.6010258625165019,0.6010258625165019,0.6168723402809395,0.6062391785235022,0.4616457549919082,0.4616457549919082,0.5419559170753279,0.5396149102539077,0.7935426231149473,0.7935426231149473,0.7739803803064395,0.8040443223712326,0.6828059166482450,0.6828059166482450,0.7078201643159449,0.7426579987146206,0.4578163859063105,0.4578163859063105,0.5468018170803148,0.5229233289968200,0.6029075710947990,0.6029075710947990,0.6162081965855120,0.6052560823864223
275,0.5808872881562445,0.5808872881562445,0.5896989771796205,0.5836851031433025,0.6268103235907125,0.6268103235907125,0.6420367013956737,0.6317811640127228,0.5388052503648991,0.5388052503648991,0.6030807429024485,0.6057064206366528,1.0141577067400027,1.0141577067400027,0.9497950621143265,0.9880509881274281,0.6508911316532086,0.6508911316532086,0.6858334786305926,0.7222552889973888,0.4601982707938405,0.4601982707938405,0.5453473141454157,0.5178935658569593,0.6020126071544840,0.6020126071544840,0.6157307736242434,0.6048692021333792
276,0.5879516740390209,0.5879516740390209,0.5964202464124468,0.5907154510738194,0.6568220166447325,0.6568220166447325,0.6714548518986144,0.6612639231098854,0.6263562199464341,0.6263562199464341,0.6746794230879978,0.6818670673232146,1.2428648625909693,1.2428648625909693,1.1372908709235237,1.1743697707682594,0.6228246858927322,0.6228246858927322,0.6638809764695734,0.7002393011576385,0.4642150835584748,0.4642150835584748,0.5449175669649872,0.5137423320748047,0.6012490820560255,0.6012490820560255,0.6152361258982612,0.6043056429858692
277,0.5953171055061168,0.5953171055061168,0.6036650582646161,0.5981401637382183,0.6873278799030333,0.6873278799030333,0.7012344677494888,0.6910956764439584,0.7121113458654640,0.7121113458654640,0.7463337790940694,0.7561395853687233,1.4590478909158153,1.4590478909158153,1.3093345051062795,1.3488897870915082,0.5986469973738816,0.5986469973738816,0.6438765422814621,0.6820503344582191,0.4682700280375679,0.4682700280375679,0.5449281227514980,0.5109691818946421,0.6005606596001648,0.6005606596001648,0.6149275848255064,0.6042727965382371
278,0.6037042161357791,0.6037042161357791,0.6116471635533257,0.6060096308890455,0.7154286092085606,0.7154286092085606,0.7283861057116002,0.7189110813196500,0.7896763016690732,0.7896763016690732,0.8087436538595988,0.8233647591934440,1.6360343899345486,1.6360343899345486,1.4507829440818520,1.4944456105033499,0.5744620426964574,0.5744620426964574,0.6258146752692394,0.6644523077648095,0.4734732515325786,0.4734732515325786,0.5456338404144655,0.5085183686023447,0.6004706249152242,0.6004706249152242,0.6149272284510641,0.6043562646902709
279,0.6125095710458165,0.6125095710458165,0.6202609520979737,0.6145845837531407,0.7415585648492008,0.7415585648492008,0.7540579309458660,0.7450854475901177,0.8595180034449365,0.8595180034449365,0.8652478965908760,0.8833552544389288,1.7764944204721467,1.7764944204721467,1.5642626153240531,1.6138121795628297,0.5506294967098544,0.5506294967098544,0.6075449567125092,0.6469495299642423,0.4783874252006429,0.4783874252006429,0.5476314174537733,0.5076757582392559,0.6004311010895663,0.6004311010895663,0.6148791970956673,0.6043339163808650
280,0.6219266649878000,0.6219266649878000,0.6292094298048873,0.6238073089949302,0.7676071125480823,0.7676071125480823,0.7795733231917622,0.7710188224591162,0.9261116145972594,0.9261116145972594,0.9201020100033724,0.9414604413142680,1.9022693439438996,1.9022693439438996,1.6643941756812350,1.7187603797637712,0.5326080610425138,0.5326080610425138,0.5934291257333469,0.6321272147564153,0.4856383299273384,0.4856383299273384,0.5500987692159588,0.5083724848369726,0.6011345661954908,0.6011345661954908,0.6153013424212113,0.6048779903475763
281,0.6316748230748677,0.6316748230748677,0.6386886342993092,0.6333789402361101,0.7933212046712762,0.7933212046712762,0.8049279081045652,0.7960737876997150,0.9915782938602955,0.9915782938602955,0.9736609593283881,0.9966539975974724,2.0144037096178513,2.0144037096178513,1.7585965325846846,1.8148727486178113,0.5153936231117572,0.5153936231117572,0.5791596653517226,0.6182923130710547,0.4929342251779456,0.4929342251779456,0.5542087702518121,0.5105655814657637,0.6018421975255750,0.6018421975255750,0.6159411533367108,0.6052396193969311
282,0.6413994930490361,0.6413994930490361,0.6482667592630859,0.6428425267444130,0.8179062184838749,0.8179062184838749,0.8289943488252981,0.8199916604012065,1.0513837073764978,1.0513837073764978,1.0240238615516597,1.0485674933527442,2.1148478583964851,2.1148478583964851,1.8437224741592135,1.8963516679728813,0.4989648385767746,0.4989648385767746,0.5660445865159641,0.6054039472583156,0.5005611396371519,0.5005611396371519,0.5584584454547767,0.5140309577549558,0.6027741044447231,0.6027741044447231,0.6161335559384197,0.6056009700865602
283,0.6516801379427190,0.6516801379427190,0.6582214567986755,0.6527342073171962,0.8411861208492322,0.8411861208492322,0.8518087637966323,0.8427115479201759,1.1087693350015158,1.1087693350015158,1.0718489663741420,1.0971961426658168,2.1996178538946722,2.1996178538946722,1.9166615079756748,1.9681017730257786,0.4832672112482638,0.4832672112482638,0.5528198846538964,0.5939431242270522,0.5080009065812845,0.5080009065812845,0.5631159962485195,0.5171328134390503,0.6026348493239120,0.6026348493239120,0.6164359198541738,0.6060183506124045
284,0.6620254692068228,0.6620254692068228,0.6688616752228927,0.6630384886373770,0.8639046960733203,0.8639046960733203,0.8742670910548305,0.8651729943258303,1.1609165411814379,1.1609165411814379,1.1173146914252650,1.1425610548371170,2.2734519280926704,2.2734519280926704,1.9825914707585970,2.0302891538266135,0.4685477905177282,0.4685477905177282,0.5415051380996756,0.5828200378949925,0.5161270443856747,0.5161270443856747,0.5678005698557299,0.5215894011328917,0.6031731033638171,0.6031731033638171,0.6173290338038638,0.6067280088502300
285,0.6731179589547015,0.6731179589547015,0.6794821735417813,0.6739640782324383,0.8861539849719237,0.8861539849719237,0.8962017811575010,0.8867275796098681,1.2118236162737503,1.2118236162737503,1.1599623699454271,1.1873517427591420,2.3363650941114931,2.3363650941114931,2.0349490576527232,2.0864897251712966,0.4538188329540647,0.4538188329540647,0.5299888266261120,0.5719366612765862,0.5248432031080071,0.5248432031080071,0.5732832453694505,0.5273645470972200,0.6040538726465965,0.6040538726465965,0.6182792864558108,0.6077213156485404
286,0.6841182430786025,0.6841182430786025,0.6905011750510931,0.6847875753294340,0.9074745587798521,0.9074745587798521,0.9177092703465761,0.9078138839432246,1.2588820818519246,1.2588820818519246,1.2021468766395944,1.2282027686119481,2.3880725575949575,2.3880725575949575,2.0819582400729688,2.1317132179043408,0.4409118646527395,0.4409118646527395,0.5191129650912010,0.5633027460108082,0.5330161277911658,0.5330161277911658,0.5783236756515138,0.5335622295088657,0.6047459820264923,0.6047459820264923,0.6187814576422426,0.6083062289635789
287,0.6950980221336911,0.6950980221336911,0.7012122462431279,0.6954554681703041,0.9280985685799981,0.9280985685799981,0.9378686185971440,0.9281397354762920,1.3029002471158089,1.3029002471158089,1.2412916535357439,1.2665101664946432,2.4295155957362615,2.4295155957362615,2.1246357123586406,2.1695976812288920,0.4277937236178681,0.4277937236178681,0.5085577214396891,0.5536806234817903,0.5417561290415966,0.5417561290415966,0.5837834662200789,0.5404511190509701,0.6057028125521187,0.6057028125521187,0.6197639819798023,0.6093159987513803
288,0.7063650333977786,0.7063650333977786,0.7124528226232262,0.7069458198095367,0.9480968263597963,0.9480968263597963,0.9574378717576688,0.9474972690504115,1.3439926170944199,1.3439926170944199,1.2787706608826148,1.3037903020650465,2.4639620645425295,2.4639620645425295,2.1594678578396471,2.1995723548528439,0.4161519751781766,0.4161519751781766,0.4998531030710324,0.5438918153902981,0.5512079767302533,0.5512079767302533,0.5895654193929544,0.5476417111648830,0.6063943688934093,0.6063943688934093,0.6205720808264117,0.6102215029390710
289,0.7177905759867992,0.7177905759867992,0.7235662072325251,0.7182287769142596,0.9677132605869108,0.9677132605869108,0.9765760713707133,0.9668004385107214,1.3843426223232518,1.3843426223232518,1.3144570768111694,1.3392866590179668,2.4937517361764567,2.4937517361764567,2.1880501956713805,2.2272177848004215,0.4037350184456607,0.4037350184456607,0.4889151611126201,0.5364612111374292,0.5603126380166003,0.5603126380166003,0.5954226986583709,0.5553986006194629,0.6072697183978568,0.6072697183978568,0.6213256543833414,0.6112302785849949
290,0.7295689240061843,0.7295689240061843,0.7351185532424420,0.7298853534638891,0.9870992789571019,0.9870992789571019,0.9961433580826928,0.9855935766705300,1.4220572979819013,1.4220572979819013,1.3485921348765877,1.3739908616969578,2.5182290376871497,2.5182290376871497,2.2127438257175500,2.2502915562463883,0.3917840041316790,0.3917840041316790,0.4807896980872603,0.5271708722518123,0.5693434037963407,0.5693434037963407,0.6018788710272656,0.5622440986574316,0.6081695122086579,0.6081695122086579,0.6220715064940203,0.6124147389835085
291,0.7413133566955025,0.7413133566955025,0.7467487907598368,0.7415222059413002,1.0059261115287099,1.0059261115287099,1.0150274443857432,1.0044085571948196,1.4584912801869954,1.4584912801869954,1.3821766398282294,1.4073760322188849,2.5377251676230128,2.5377251676230128,2.2349436920949595,2.2710149742494208,0.3812249133194588,0.3812249133194588,0.4732983983753885,0.5223163536799440,0.5789316928016154,0.5789316928016154,0.6088660416808005,0.5702238047594714,0.6091018246894498,0.6091018246894498,0.6229172226428777,0.6134361998797893
292,0.7533632423495924,0.7533632423495924,0.7584537785289932,0.7536207067480604,1.0243044066470637,1.0243044066470637,1.0335617837689268,1.0225338912553390,1.4921929748928464,1.4921929748928464,1.4138431765138140,1.4393525201539983,2.5550248324603939,2.5550248324603939,2.2515566750155993,2.2894641136286338,0.3712639181848306,0.3712639181848306,0.4657163355127014,0.5157612455004517,0.5880419881100130,0.5880419881100130,0.6161346718258600,0.5781321823615622,0.6103868283234533,0.6103868283234533,0.6238911939938211,0.6144836675275850
293,0.7652949080853265,0.7652949080853265,0.7699380639983956,0.7652473178802811,1.0430349157175158,1.0430349157175158,1.0520017737535323,1.0408697905454030,1.5255591527246490,1.5255591527246490,1.4443468960623806,1.4707429899796787,2.5689883998315013,2.5689883998315013,2.2654204374762039,2.3029353310743104,0.3619332623064651,0.3619332623064651,0.4593534850178911,0.5115456882514011,0.5972719043213700,0.5972719043213700,0.6239687543427312,0.5865734008412486,0.6110182509337290,0.6110182509337290,0.6245762644634991,0.6151525659484336
294,0.7773438531399297,0.7773438531399297,0.7818276877979737,0.7769134938674253,1.0603990635559748,1.0603990635559748,1.0695611961058120,1.0583629856220678,1.5554912406733747,1.5554912406733747,1.4729521976330127,1.5000186839386660,2.5735346458400206,2.5735346458400206,2.2719936131502894,2.3083023896480341,0.3529259504846262,0.3529259504846262,0.4523651153191944,0.5058736166826354,0.6068089155607344,0.6068089155607344,0.6314425045312690,0.5948424119424867,0.6117396713597051,0.6117396713597051,0.6248296070948499,0.6157272992506466
295,0.7892156161254900,0.7892156161254900,0.7937555883801660,0.7888240907909211,1.0778755580460309,1.0778755580460309,1.0867199846656610,1.0750371323302603,1.5837915299405820,1.5837915299405820,1.5010793671571734,1.5267822856840509,2.5730028174017177,2.5730028174017177,2.2766625104560352,2.3080964698496955,0.3435939322015281,0.3435939322015281,0.4471452518621390,0.5010790255391805,0.6162837076000611,0.6162837076000611,0.6396479818407369,0.6033274465007132,0.6126740116487165,0.6126740116487165,0.6256521589049546,0.6166098984094799
296,0.8012076683482771,0.8012076683482771,0.8054387037021145,0.8007453083686883,1.0939375849330681,1.0939375849330681,1.1032727458890887,1.0914947494732194,1.6122546399725002,1.6122546399725002,1.5283107084790661,1.5545935753401168,2.5709719515774379,2.5709719515774379,2.2773246449830320,2.3059950523331860,0.3355389412877458,0.3355389412877458,0.4431791772113662,0.4993566080602801,0.6262300427892793,0.6262300427892793,0.6483496655625055,0.6128388472242783,0.6130391646051669,0.6130391646051669,0.6260322916434615,0.6170796900951053
297,0.8132115721245977,0.8132115721245977,0.8172502614800082,0.8128195333942565,1.1106897148801291,1.1106897148801291,1.1207732951798142,1.1080419928497685,1.6390160077663303,1.6390160077663303,1.5544458736460629,1.5818837985803720,2.5671240431675453,2.5671240431675453,2.2755040711583558,2.3027859695184554,0.3277160133134089,0.3277160133134089,0.4398696619762305,0.4960090063472561,0.6364993135902415,0.6364993135902415,0.6573842365676794,0.6224724404614466,0.6136395064458257,0.6136395064458257,0.6266273577678659,0.6177169350385747
298,0.8251304994558536,0.8251304994558536,0.8290168527640408,0.8248487665272791,1.1270301532360105,1.1270301532360105,1.1374872249207617,1.1243390968234879,1.6645548731869251,1.6645548731869251,1.5802251385679797,1.6066653481172157,2.5588340707101014,2.5588340707101014,2.2732077238661597,2.2953119172634695,0.3202345947920328,0.3202345947920328,0.4391356984882531,0.4966027244459739,0.6466350009118577,0.6466350009118577,0.6670347588273328,0.6324466272858716,0.6142099104633181,0.6142099104633181,0.6270859324808503,0.6181225051589145
299,0.8369764900154755,0.8369764900154755,0.8407259997884510,0.8365382262564799,1.1417443525811963,1.1417443525811963,1.1533272890070791,1.1391698205087009,1.6872307864244160,1.6872307864244160,1.6025695028680484,1.6298709644561682,2.5391036450978262,2.5391036450978262,2.2592839468270793,2.2800017603421061,0.3127854198493272,0.3127854198493272,0.4367852865048052,0.4963014998223597,0.6567520714649587,0.6567520714649587,0.6766315732452189,0.6426886356446293,0.6145139342192643,0.6145139342192643,0.6273016578099530,0.6184798792810337
300,0.8492191448158181,0.8492191448158181,0.8527940934498228,0.8485661172189077,1.1568604597966698,1.1568604597966698,1.1688207364385610,1.1541502973791748,1.7090613375161050,1.7090613375161050,1.6252852376411897,1.6514143302149151,2.5130299483861034,2.5130299483861034,2.2414110525912063,2.2614761478462952,0.3058598624588339,0.3058598624588339,0.4358529014100674,0.4995224998819807,0.6683517879948095,0.6683517879948095,0.6877446208375196,0.6538007667878846,0.6147142079328587,0.6147142079328587,0.6278856763266446,0.6191846463408220
301,0.8611236675377902,0.8611236675377902,0.8648864736715921,0.8605980638707416,1.1704442517220073,1.1704442517220073,1.1838380224008263,1.1682658649756794,1.7284728372463756,1.7284728372463756,1.6457531142865218,1.6724100506411190,2.4845682555472193,2.4845682555472193,2.2201121945564362,2.2385808136723897,0.2992930716479137,0.2992930716479137,0.4375656138533722,0.5020342925603125,0.6803783837606141,0.6803783837606141,0.6991224920018038,0.6652106095035464,0.6153955514945717,0.6153955514945717,0.6285595012028085,0.6196541994323969
302,0.8734037850719787,0.8734037850719787,0.8769914189162256,0.8727279597983700,1.1843485066561723,1.1843485066561723,1.1981906888863370,1.1827069724619950,1.7457128221462390,1.7457128221462390,1.6629663779669952,1.6904974735226241,2.4461947182384458,2.4461947182384458,2.1925118057817339,2.2060367229902491,0.2970918797350140,0.2970918797350140,0.4408177636338801,0.5070320813418313,0.6921383841351813,0.6921383841351813,0.7104896384869929,0.6771213651015886,0.6158288388071935,0.6158288388071935,0.6290720468452287,0.6204319365059928
303,0.8855411196040703,0.8855411196040703,0.8889241186390952,0.8846916016379799,1.1973919049109787,1.1973919049109787,1.2126485804348299,1.1964998211382707,1.7614203331117788,1.7614203331117788,1.6796352936251397,1.7060144331290219,2.4024018991871046,2.4024018991871046,2.1565468851320015,2.1713613424804281,0.2907766796647058,0.2907766796647058,0.4453893188708269,0.5146337367314296,0.7053798056990960,0.7053798056990960,0.7225903699115380,0.6895832182766182,0.6163250250438566,0.6163250250438566,0.6300352873657412,0.6211515759282684
304,0.8979621926899242,0.8979621926899242,0.9012050905466321,0.8969045370767528,1.2098731268713820,1.2098731268713820,1.2265270117680667,1.2101152308278125,1.7774342246039976,1.7774342246039976,1.6963666002027704,1.7231181797031663,2.3593538219266117,2.3593538219266117,2.1237157520438510,2.1367628333846875,0.2850623000814549,0.2850623000814549,0.4566958142295191,0.5221480806359223,0.7180445157015071,0.7180445157015071,0.7357490444833438,0.7030016375848933,0.6170987997911330,0.6170987997911330,0.6306279380633697,0.6217927179078975
305,0.9098127518756248,0.9098127518756248,0.9131598081452152,0.9086086147943876,1.2218768663325725,1.2218768663325725,1.2394755938605324,1.2235538463236675,1.7910634244049450,1.7910634244049450,1.7115797844070726,1.7365895028114766,2.3083310477499444,2.3083310477499444,2.0849885814532310,2.0970370407995551,0.2799864341828619,0.2799864341828619,0.4690341019433658,0.5305533985588785,0.7312024884170772,0.7312024884170772,0.7480609760843975,0.7159653377059930,0.6171990841248917,0.6171990841248917,0.6309459428574269,0.6218739591821258
306,0.9218118451574273,0.9218118451574273,0.9249825057466207,0.9206315455611392,1.2336891033021975,1.2336891033021975,1.2523975285686275,1.2369911319338625,1.8033798562859054,1.8033798562859054,1.7256831922560458,1.7501165476358946,2.2565312308250980,2.2565312308250980,2.0440689045844875,2.0544566501589214,0.2737497994521311,0.2737497994521311,0.4858802928143668,0.5406652591452613,0.7443300047525766,0.7443300047525766,0.7616058235499151,0.7292449211840102,0.6178588223117581,0.6178588223117581,0.6316358045834966,0.6223392573464650
307,0.9335305322950781,0.9335305322950781,0.9367213492718280,0.9322703821168209,1.2444149780558369,1.2444149780558369,1.2645651897989370,1.2493279170103904,1.8140746096732290,1.8140746096732290,1.7380116889472659,1.7622486693770161,2.1957876882641583,2.1957876882641583,1.9966230371392817,2.0051681333217268,0.2698919233844432,0.2698919233844432,0.5032651688791671,0.5513823470715802,0.7572034185283423,0.7572034185283423,0.7741569914964500,0.7424985207084743,0.6178475771934506,0.6178475771934506,0.6315095688365840,0.6224348540294041
308,0.9452176959127854,0.9452176959127854,0.9483308486843566,0.9437452112613490,1.2554274604520490,1.2554274604520490,1.2769061794224659,1.2624755696436016,1.8233260120711234,1.8233260120711234,1.7490570067276368,1.7731416666367803,2.1337216262249079,2.1337216262249079,1.9460169283380342,1.9533508257695360,0.2666380467481885,0.2666380467481885,0.5244180909020525,0.5648338719632501,0.7696978830818314,0.7696978830818314,0.7876288773656049,0.7559094675072310,0.6178097124836086,0.6178097124836086,0.6315585109266668,0.6227490823940404
309,0.9563816712216613,0.9563816712216613,0.9593450801386921,0.9552114330074978,1.2652705113039506,1.2652705113039506,1.2877977359415960,1.2749770993437428,1.8314556242880904,1.8314556242880904,1.7584174296768698,1.7818634826117055,2.0655206570081446,2.0655206570081446,1.8928467756379694,1.9005373762141629,0.2620285774030406,0.2620285774030406,0.5477540435133759,0.5787656100230004,0.7819469002398964,0.7819469002398964,0.7995454314271092,0.7686231782189855,0.6174705523416066,0.6174705523416066,0.6312867160186343,0.6222841818864522
310,0.9680700979301079,0.9680700979301079,0.9710080390697958,0.9666160316167748,1.2748099345308983,1.2748099345308983,1.2987468813109850,1.2865322743481136,1.8386471603799510,1.8386471603799510,1.7672454897804057,1.7902065276575061,1.9936546664920090,1.9936546664920090,1.8360232354732058,1.8417454814497656,0.2600608108343188,0.2600608108343188,0.5766713405287243,0.5940574228984631,0.7962941415231152,0.7962941415231152,0.8133591558866305,0.7832116396710679,0.6176111716243108,0.6176111716243108,0.6318600828992156,0.6226980630328878
311,0.9792081664416902,0.9792081664416902,0.9823885758434651,0.9777582650524007,1.2828688038891820,1.2828688038891820,1.3081057717811604,1.2980193833864171,1.8435428828821794,1.8435428828821794,1.7737327853869247,1.7964412065432209,1.9135287297604553,1.9135287297604553,1.7777806663936977,1.7797819438339721,0.2628646397739191,0.2628646397739191,0.6114061233058463,0.6144410828371265,0.8115634844152906,0.8115634844152906,0.8285547594698565,0.7990740790811691,0.6179597334226027,0.6179597334226027,0.6320004152351811,0.6231002133051690
312,0.9902239838942589,0.9902239838942589,0.9938184710518578,0.9894799952311186,1.2920321261171750,1.2920321261171750,1.3182150830952364,1.3095744374920915,1.8480888059871392,1.8480888059871392,1.7796447075138770,1.8021022594189440,1.8361406403699669,1.8361406403699669,1.7150646422212426,1.7163737812499489,0.2654604749243493,0.2654604749243493,0.6457523140649759,0.6357311947393401,0.8256119592248379,0.8256119592248379,0.8423199273114279,0.8141586132674211,0.6183221580552671,0.6183221580552671,0.6325992430898104,0.6235245130584806
313,1.0000857126507903,1.0000857126507903,1.0048790069423041,1.0005811465754968,1.2998587705531630,1.2998587705531630,1.3270173883638472,1.3203362752507553,1.8516034493011786,1.8516034493011786,1.7856222506079182,1.8062460920093000,1.7509839432699348,1.7509839432699348,1.6460060247025292,1.6473751152046425,0.2708292578404418,0.2708292578404418,0.6833899460118928,0.6572816536153231,0.8379168266884485,0.8379168266884485,0.8547233142468114,0.8272047657378668,0.6183852781947505,0.6183852781947505,0.6328841050607290,0.6238162340510104
314,1.0096524425339888,1.0096524425339888,1.0155720159139718,1.0115006088700167,1.3081755240262694,1.3081755240262694,1.3359916976827793,1.3309871280061336,1.8537870430655088,1.8537870430655088,1.7896095743711022,1.8112983936828224,1.6687880156108557,1.6687880156108557,1.5757692262484801,1.5750060558642822,0.2780490946531672,0.2780490946531672,0.7226283098913684,0.6794837736665029,0.8489137845113731,0.8489137845113731,0.8665427550724162,0.8395234524237130,0.6185663799033616,0.6185663799033616,0.6331388335926890,0.6239716780749743
315,1.0186201986639907,1.0186201986639907,1.0252608992274406,1.0214452760036710,1.3159066202748329,1.3159066202748329,1.3445311409519489,1.3412967240411704,1.8548272188280350,1.8548272188280350,1.7925387175393497,1.8130094434959994,1.5740611362797408,1.5740611362797408,1.4929376578023814,1.4898655877546112,0.2834047076568451,0.2834047076568451,0.7583147305527951,0.7009901799295462,0.8585491870053901,0.8585491870053901,0.8759375739596313,0.8497262301074986,0.6184752391412104,0.6184752391412104,0.6331185598466352,0.6238141264702302
316,1.0273811035297089,1.0273811035297089,1.0343824368557479,1.0306563301968104,1.3228302826520759,1.3228302826520759,1.3525656885241770,1.3510810152403954,1.8547489506007881,1.8547489506007881,1.7937935910330478,1.8154100068146315,1.4550298338011110,1.4550298338011110,1.3919149599213883,1.3905851607265154,0.2842067099094097,0.2842067099094097,0.7955087625115287,0.7210305469835900,0.8655741592826051,0.8655741592826051,0.8828864904428511,0.8573278951598083,0.6182442902196428,0.6182442902196428,0.6328116818546113,0.6232306844851704
317,1.0358890677562900,1.0358890677562900,1.0436060071234252,1.0397185785196630,1.3356759759054684,1.3356759759054684,1.3599525521561031,1.3602951078878827,1.8539474970120859,1.8539474970120859,1.7944024550061806,1.8154568404042435,1.3235722165544741,1.3235722165544741,1.2834062330410765,1.2877937413921208,0.3540317689925508,0.3540317689925508,0.8281257384362962,0.7359369987134278,0.8711821341878344,0.8711821341878344,0.8896431227189897,0.8640642775758313,0.6185173806829333,0.6185173806829333,0.6331413678109457,0.6241456131378595
318,1.0445882424214026,1.0445882424214026,1.0526067227494686,1.0489944653880530,1.3481968127055575,1.3481968127055575,1.3676529640020187,1.3700264454580890,1.8524853747064243,1.8524853747064243,1.7951436659297766,1.8157161344022046,1.1791500868986742,1.1791500868986742,1.1717759584145300,1.1702079603759150,0.4243622802314702,0.4243622802314702,0.8601706314710771,0.7534826385157740,0.8776402748552578,0.8776402748552578,0.8954026131781702,0.8711407440898256,0.6194094688225007,0.6194094688225007,0.6339932215196437,0.6254084914476693
319,1.0530575076976694,1.0530575076976694,1.0615219264143529,1.0577123302428668,1.3605292482690050,1.3605292482690050,1.3751242243949866,1.3791379757114728,1.8493486061495836,1.8493486061495836,1.7934331007203219,1.8131064437226592,1.0416863113607866,1.0416863113607866,1.0749910004728660,1.0716372994612422,0.4968626480744406,0.4968626480744406,0.8941863814949879,0.7705964833372347,0.8826377340666794,0.8826377340666794,0.9010017401286781,0.8766751563668259,0.6207247052335931,0.6207247052335931,0.6368434251152406,0.6279396164334273
320,1.0613386530765756,1.0613386530765756,1.0702092726970185,1.0662985164912877,1.3717879481543729,1.3717879481543729,1.3818636448762283,1.3870755796229159,1.8443633526303689,1.8443633526303689,1.7898703582144042,1.8100986675314124,1.0059255120513053,1.0059255120513053,1.0357043518710627,1.0315036502542549,0.5633766095225596,0.5633766095225596,0.9253436816393292,0.7881191046571441,0.8869359213238724,0.8869359213238724,0.9055595598514666,0.8815699048460687,0.6327747159272192,0.6327747159272192,0.6475167604693108,0.6389570148451432
321,1.0696154179493000,1.0696154179493000,1.0788044173072777,1.0748515569615429,1.3835348003326804,1.3835348003326804,1.3890866913048385,1.3958019266296031,1.8396657083216008,1.8396657083216008,1.7868748290677934,1.8053493313235367,0.9845231706898748,0.9845231706898748,1.0155998629145069,1.0095829500194888,0.6324173776146593,0.6324173776146593,0.9587971716250732,0.8082495612890014,0.8913259676362391,0.8913259676362391,0.9090097820072476,0.8846066308165191,0.6484126936149829,0.6484126936149829,0.6617393476862283,0.6537172778942489
322,1.0773566323485098,1.0773566323485098,1.0866232645558556,1.0827118039839365,1.3938034984229200,1.3938034984229200,1.3955171787064318,1.4036897202781338,1.8324251219642809,1.8324251219642809,1.7831477791403951,1.8011138826600712,0.9689673026052861,0.9689673026052861,1.0040016507913538,0.9972293553090901,0.7000217169837341,0.7000217169837341,0.9888904604602912,0.8296150785647153,0.8938822622498588,0.8938822622498588,0.9112601067987706,0.8876200051947245,0.6640767747249159,0.6640767747249159,0.6769070795214190,0.6694920826121681
323,1.0851907511027443,1.0851907511027443,1.0950128023452184,1.0908582251192269,1.4042860723438206,1.4042860723438206,1.4022604919531614,1.4110543046682567,1.8259197182879210,1.8259197182879210,1.7767587449820041,1.7947846819675848,0.9518095800029354,0.9518095800029354,0.9875770030939567,0.9827639873476424,0.7670225110562865,0.7670225110562865,1.0214838615406912,0.8503253628317509,0.8976576285912499,0.8976576285912499,0.9118865293934687,0.8885463416303725,0.6802804740366473,0.6802804740366473,0.6927792448376554,0.6851374102919632
324,1.0931941777646037,1.0931941777646037,1.1032145628484433,1.0987673738354640,1.4140161119894985,1.4140161119894985,1.4080705447728679,1.4181778976569102,1.8172583065206507,1.8172583065206507,1.7696997309497848,1.7865530803539995,0.9381085147780216,0.9381085147780216,0.9744507882161959,0.9688243720628044,0.8300123855961939,0.8300123855961939,1.0539739262199466,0.8719655144151603,0.9012050211708235,0.9012050211708235,0.9113497043146744,0.8874731024507818,0.6974063099188332,0.6974063099188332,0.7089207104408278,0.7018398686786034
325,1.1009425407199129,1.1009425407199129,1.1110076692515702,1.1066036952081251,1.4230201257056148,1.4230201257056148,1.4142136096340034,1.4248386098366543,1.8072456864423259,1.8072456864423259,1.7615892514215927,1.7779387765245704,0.9223024280098859,0.9223024280098859,0.9608361652228150,0.9562943315677555,0.8944668452235991,0.8944668452235991,1.0839367675829972,0.8967806290933170,0.9027171436977223,0.9027171436977223,0.9050391173533371,0.8814128972312998,0.7143687413277773,0.7143687413277773,0.7253909908628088,0.7181411709348398
326,1.1083719060778405,1.1083719060778405,1.1186341436732405,1.1144625708823024,1.4318584807212000,1.4318584807212000,1.4198342011560976,1.4311396080950747,1.7980502715354549,1.7980502715354549,1.7528597927711960,1.7688786989662801,0.9091677668959105,0.9091677668959105,0.9480230527182854,0.9441657749348449,0.9586038645483187,0.9586038645483187,1.1132010077246217,0.9244484481121040,0.9030968277924402,0.9030968277924402,0.8983220059418949,0.8746220843766254,0.7308643712846192,0.7308643712846192,0.7415043424821958,0.7344186137860166
327,1.1159316922731810,1.1159316922731810,1.1260919501143791,1.1222419958927952,1.4406607282687398,1.4406607282687398,1.4260864641089095,1.4379307296686574,1.7881406488531528,1.7881406488531528,1.7442028401893572,1.7594661730073333,0.8963165353089347,0.8963165353089347,0.9365638217242336,0.9349886026456298,1.0197558551040080,1.0197558551040080,1.1446247036103170,0.9538394783505649,0.9011968559214747,0.9011968559214747,0.8906102861022572,0.8673057333241118,0.7477751857570698,0.7477751857570698,0.7576116753332230,0.7507760254098184
328,1.1233017729891688,1.1233017729891688,1.1336925673477942,1.1298097956136426,1.4478948114960086,1.4478948114960086,1.4316254279505665,1.4436805910698043,1.7751262504660235,1.7751262504660235,1.7321811980204058,1.7474593396646991,0.8795978327604438,0.8795978327604438,0.9219013126040494,0.9219264367142547,1.0790626955169056,1.0790626955169056,1.1721011847207332,0.9815025349247097,0.8938822622498588,0.8938822622498588,0.8824488053109664,0.8596706967236116,0.7648327766753634,0.7648327766753634,0.7744129088206666,0.7671707770025387
329,1.1309942374606907,1.1309942374606907,1.1414578969063947,1.1375265179152634,1.4556909971782774,1.4556909971782774,1.4374221972096903,1.4495367627246427,1.7619056940580122,1.7619056940580122,1.7211658856822403,1.7350628816230853,0.8604924989139752,0.8604924989139752,0.9066283920475283,0.9070715338151371,1.1389767143056122,1.1389767143056122,1.2002189015979479,1.0119619402445532,0.8851373618498186,0.8851373618498186,0.8758150423898138,0.8534344629560411,0.7822800017257017,0.7822800017257017,0.7913256479114056,0.7841786357739429
330,1.1379102236187206,1.1379102236187206,1.1484697904643586,1.1446344491416809,1.4619143297381874,1.4619143297381874,1.4422741882717394,1.4550368877186146,1.7462247077784527,1.7462247077784527,1.7075007442922190,1.7211851831158611,0.8445117140104175,0.8445117140104175,0.8958016831239887,0.8946414659881405,1.1946245897417751,1.1946245897417751,1.2274836020231288,1.0447196219746067,0.8743037906663630,0.8743037906663630,0.8669459016708374,0.8452717652856795,0.7989100938021089,0.7989100938021089,0.8072974792800193,0.8003036567924633
331,1.1450122334809694,1.1450122334809694,1.1557006411800119,1.1519556396045547,1.4681157689151210,1.4681157689151210,1.4472587741499949,1.4599502107398779,1.7304378675982268,1.7304378675982268,1.6931233774057746,1.7063543185047276,0.8247608159603974,0.8247608159603974,0.8795902451132809,0.8821420943992272,1.2462710824784209,1.2462710824784209,1.2523692077375481,1.0774892098162654,0.8634892445138900,0.8634892445138900,0.8579382690328392,0.8367129396959581,0.8155245533206066,0.8155245533206066,0.8239994030895279,0.8166087765535093
332,1.1516133338050882,1.1516133338050882,1.1624722868470996,1.1587108133855273,1.4734451647431484,1.4734451647431484,1.4518219781970856,1.4641115035700341,1.7135884893048325,1.7135884893048325,1.6786722294319814,1.6912529642747587,0.8094651753066976,0.8094651753066976,0.8660190537227442,0.8692679248794883,1.2959493545114338,1.2959493545114338,1.2766068981459315,1.1108132255883443,0.8524986555854575,0.8524986555854575,0.8490937866311522,0.8281244788128053,0.8317884601018335,0.8317884601018335,0.8402172516148441,0.8329373580628640
333,1.1583921805579420,1.1583921805579420,1.1692236597805381,1.1655810928838102,1.4786775725153931,1.4786775725153931,1.4568755503008433,1.4687080720067573,1.6965603754351390,1.6965603754351390,1.6627744451383852,1.6754381669680003,0.7930553790966220,0.7930553790966220,0.8548934564050862,0.8604830756103191,1.3447983761972311,1.3447983761972311,1.3026736035631665,1.1415357559746648,0.8410168452562029,0.8410168452562029,0.8392254773842076,0.8188263842700403,0.8480730873961384,0.8480730873961384,0.8556620843775422,0.8485828845710346
334,1.1648276010010283,1.1648276010010283,1.1759375994166936,1.1721876942154688,1.4828003955794231,1.4828003955794231,1.4603513885655133,1.4721208810075668,1.6780032154366948,1.6780032154366948,1.6465806864828672,1.6576964409295252,0.7758048481098284,0.7758048481098284,0.8401488220722512,0.8478259782184229,1.3909289463066683,1.3909289463066683,1.3272908489658679,1.1747518230015224,0.8302403491656951,0.8302403491656951,0.8302641213142727,0.8112307481742739,0.8646162786730349,0.8646162786730349,0.8723471001996193,0.8652832353768944
335,1.1713751946514837,1.1713751946514837,1.1826720735578078,1.1787060624193337,1.4868002021981290,1.4868002021981290,1.4639308867606500,1.4757633975315163,1.6585148349242902,1.6585148349242902,1.6287749640710329,1.6391111120387512,0.7601620859005896,0.7601620859005896,0.8261034365452070,0.8343607352349804,1.4295499415302564,1.4295499415302564,1.3493624040909435,1.2020132467441818,0.8184761845139600,0.8184761845139600,0.8200264439857415,0.8025047251840765,0.8807594755613478,0.8807594755613478,0.8876015894129421,0.8812310207814964
336,1.1776693639259228,1.1776693639259228,1.1890383808947196,1.1853208918402907,1.4898683770697432,1.4898683770697432,1.4668795964203338,1.4785180743287476,1.6379404113462177,1.6379404113462177,1.6102217406429027,1.6195909915363429,0.7456434879950686,0.7456434879950686,0.8141178934912349,0.8221927471513242,1.4673948201911984,1.4673948201911984,1.3711416311458611,1.2295167614228155,0.8066367362632293,0.8066367362632293,0.8093095339496190,0.7930274602426299,0.8966072760959571,0.8966072760959571,0.9031480284888703,0.8968304588722268
337,1.1840490471308482,1.1840490471308482,1.1954310398768049,1.1916179769617525,1.4933905904301317,1.4933905904301317,1.4700078950033002,1.4813815196531641,1.6179446339946113,1.6179446339946113,1.5924538437885227,1.6009936123971471,0.7386055188414821,0.7386055188414821,0.8059294570241006,0.8149528938159193,1.5029390513937642,1.5029390513937642,1.3918006601792456,1.2547017593015102,0.7950856029670036,0.7950856029670036,0.7985792813993468,0.7831696917199074,0.9124307429319338,0.9124307429319338,0.9188499260159838,0.9124605562984588
338,1.1900333560600633,1.1900333560600633,1.2015422947009935,1.1977840545621186,1.4959934293843191,1.4959934293843191,1.4725178859793369,1.4843004574792231,1.5969970692956075,1.5969970692956075,1.5726528019706691,1.5805770730599944,0.7290294223506065,0.7290294223506065,0.7958896497775462,0.8052997560353794,1.5322389275721147,1.5322389275721147,1.4115658096970261,1.2770963614903090,0.7838768385759719,0.7838768385759719,0.7881696714201273,0.7733317083644327,0.9287882607144154,0.9287882607144154,0.9341731163023598,0.9281482344222349
339,1.1959692913013855,1.1959692913013855,1.2077250130927222,1.2038626284752316,1.4980733746064760,1.4980733746064760,1.4745764766851883,1.4864206982173687,1.5755896073489117,1.5755896073489117,1.5528764105160999,1.5591764301017075,0.7206966852454292,0.7206966852454292,0.7860863473501158,0.7992424479248640,1.5627245500026996,1.5627245500026996,1.4287561932957937,1.2983642486508595,0.7709920751036116,0.7709920751036116,0.7760260412792022,0.7621636183146697,0.9443344339937014,0.9443344339937014,0.9495014542195697,0.9433863615890112
340,1.2014744588520225,1.2014744588520225,1.2134446289519412,1.2095427819650568,1.4991436767523185,1.4991436767523185,1.4755071686896215,1.4874070300820785,1.5526246974558611,1.5526246974558611,1.5320132780456852,1.5380159374843139,0.7106661006366201,0.7106661006366201,0.7780554491514798,0.7889787201039887,1.5829199294882890,1.5829199294882890,1.4424740023192166,1.3147093555330045,0.7574808737012134,0.7574808737012134,0.7642910467456839,0.7502440315690148,0.9591990793650728,0.9591990793650728,0.9637648265115560,0.9577919545819046
341,1.2071911806643776,1.2071911806643776,1.2194593192485619,1.2154955127961018,1.5001998386524951,1.5001998386524951,1.4766034035562980,1.4884370869753158,1.5294193514862000,1.5294193514862000,1.5099975285885776,1.5146554626337250,0.7060211319838651,0.7060211319838651,0.7714937236272355,0.7818838470521338,1.6053396617672313,1.6053396617672313,1.4568837330248281,1.3327852141721737,0.7451130521651238,0.7451130521651238,0.7530015908492144,0.7399615188120717,0.9745491082856838,0.9745491082856838,0.9784706574723006,0.9730364442566969
342,1.2123215058823877,1.2123215058823877,1.2246219730179031,1.2206723814905194,1.5002991895691717,1.5002991895691717,1.4771603098106865,1.4889696860324764,1.5039125605320369,1.5039125605320369,1.4869848844397344,1.4917407615119973,0.6979468025373328,0.6979468025373328,0.7635279728328657,0.7762567002224809,1.6176939478820496,1.6176939478820496,1.4653883581304332,1.3439682279326466,0.7302329467094042,0.7302329467094042,0.7405901815160827,0.7279098894266302,0.9887692424664541,0.9887692424664541,0.9926242664360431,0.9869871179264519
343,1.2174463218748324,1.2174463218748324,1.2299398280881784,1.2260340320626872,1.4997250512914899,1.4997250512914899,1.4768947188622437,1.4884449050910158,1.4789821306006248,1.4789821306006248,1.4638169430021974,1.4671067206898800,0.6924015015668694,0.6924015015668694,0.7567498789599068,0.7699723625470659,1.6258052515247774,1.6258052515247774,1.4718796915270469,1.3537018710403677,0.7159060368970639,0.7159060368970639,0.7277765544937428,0.7150512290131935,1.0028699203084828,1.0028699203084828,1.0064511196333108,1.0009401775367130
344,1.2224729124065836,1.2224729124065836,1.2355442354854409,1.2310078245105955,1.4988206293643875,1.4988206293643875,1.4758676307474810,1.4875935767706072,1.4533953575164282,1.4533953575164282,1.4391449043980287,1.4416712101535643,0.6880963753806775,0.6880963753806775,0.7539422232524091,0.7639720109765166,1.6315804851860827,1.6315804851860827,1.4766689211603210,1.3610860414579757,0.7032286707581623,0.7032286707581623,0.7170679201942447,0.7041608955388273,1.0172914342800581,1.0172914342800581,1.0204445976809573,1.0154540922285773
345,1.2271585221872330,1.2271585221872330,1.2403345050239238,1.2358117740230252,1.4971786256411606,1.4971786256411606,1.4754466903639487,1.4865473597516192,1.4251221642361303,1.4251221642361303,1.4128166163848839,1.4158307770851652,0.6837057198990184,0.6837057198990184,0.7483142771893139,0.7610122623856933,1.6303806607516116,1.6303806607516116,1.4789077455470956,1.3615083115495772,0.6882030605590477,0.6882030605590477,0.7048948182973813,0.6916392622876499,1.0304327744881163,1.0304327744881163,1.0338640356962980,1.0283899856354684
346,1.2317262076665081,1.2317262076665081,1.2452722972382571,1.2410629289420998,1.4953109687025012,1.4953109687025012,1.4732912621001351,1.4848869370554079,1.3977517080377704,1.3977517080377704,1.3860015261974923,1.3890235038720946,0.6772932974542994,0.6772932974542994,0.7434132182247284,0.7545865291040689,1.6246985247470311,1.6246985247470311,1.4742222452290388,1.3628108401591972,0.6739926688549144,0.6739926688549144,0.6933436633417356,0.6800699494256734,1.0436676150897082,1.0436676150897082,1.0465855737620360,1.0416908086427474
347,1.2362602196841557,1.2362602196841557,1.2499044569056985,1.2459424484945381,1.4923045974111611,1.4923045974111611,1.4713342444813957,1.4822847538138890,1.3689002766030982,1.3689002766030982,1.3580651844856564,1.3597122574071245,0.6708635871732626,0.6708635871732626,0.7394218539233512,0.7477143043448086,1.6139945648982490,1.6139945648982490,1.4688279279236633,1.3598938428158982,0.6602249153179779,0.6602249153179779,0.6826934658763614,0.6696181163962324,1.0567309031159404,1.0567309031159404,1.0594824480534104,1.0552323332814040
348,1.2406099010766607,1.2406099010766607,1.2549072265762324,1.2505402872878097,1.4892270449353717,1.4892270449353717,1.4688806384075292,1.4795724721595247,1.3388908181857280,1.3388908181857280,1.3282152945729038,1.3306107365423514,0.6677240251093388,0.6677240251093388,0.7360093144380606,0.7439097667940693,1.6012806039340359,1.6012806039340359,1.4605020787211791,1.3537836263400573,0.6472431486833541,0.6472431486833541,0.6723711733631594,0.6591886159804657,1.0691755621582990,1.0691755621582990,1.0721620923235924,1.0677524765551296
349,1.2448526228703807,1.2448526228703807,1.2591652277850500,1.2552333618380649,1.4857269464761682,1.4857269464761682,1.4657342404716243,1.4762728646381009,1.3069764792428684,1.3069764792428684,1.2962964741692882,1.2992106948881370,0.6623311300643087,0.6623311300643087,0.7318078991120190,0.7385482843850971,1.5769585005135345,1.5769585005135345,1.4456267448393079,1.3439297315051228,0.6343144561694973,0.6343144561694973,0.6607705328803509,0.6477562708213677,1.0814617572056229,1.0814617572056229,1.0836492681125098,1.0795398577337971
350,1.2491389347317461,1.2491389347317461,1.2637832518017691,1.2599466273024844,1.4815532849832034,1.4815532849832034,1.4624574950892790,1.4730763031055665,1.2736876718797101,1.2736876718797101,1.2643259730040270,1.2666688708302443,0.6589427141460208,0.6589427141460208,0.7297709569386286,0.7364751459898293,1.5526177775616881,1.5526177775616881,1.4280410896833104,1.3293717319749336,0.6216149622048606,0.6216149622048606,0.6497703899805700,0.6366870216929627,1.0932639328656000,1.0932639328656000,1.0955041827287726,1.0915171597767399
351,1.2530094747456733,1.2530094747456733,1.2679820636088999,1.2644670578655852,1.4768510072044787,1.4768510072044787,1.4583793215956609,1.4689280270350549,1.2384740700729726,1.2384740700729726,1.2312606557039134,1.2338570699300446,0.6561043243884754,0.6561043243884754,0.7279472244519275,0.7332875712391419,1.5117842370524288,1.5117842370524288,1.4002168796184722,1.3037223957436321,0.6065356246650311,0.6065356246650311,0.6343508348307305,0.6221810125902261,1.1036392320546975,1.1036392320546975,1.1058918641687190,1.1017870430279355
352,1.2570414485058070,1.2570414485058070,1.2720254414294880,1.2691706363596256,1.4718943526825716,1.4718943526825716,1.4545660166816323,1.4647369931255871,1.2023746253689058,1.2023746253689058,1.1969357048399500,1.1996439362399411,0.6607929675750859,0.6607929675750859,0.7318118474395504,0.7338336370873479,1.4729375367781472,1.4729375367781472,1.3714799301625358,1.2806479545821705,0.5920699056137616,0.5920699056137616,0.6213265987559266,0.6093248147083352,1.1149827912339307,1.1149827912339307,1.1171310825400813,1.1132057168670804
353,1.2608205891238879,1.2608205891238879,1.2757459970538489,1.2735567331527653,1.4667856259102776,1.4667856259102776,1.4499357527259820,1.4604839381848713,1.1652976031612268,1.1652976031612268,1.1615280930202709,1.1645272903064476,0.6719822921602483,0.6719822921602483,0.7386491662254786,0.7361596943838635,1.4138504976621020,1.4138504976621020,1.3314852066929335,1.2411129172559925,0.5740932109950143,0.5740932109950143,0.6041696455926980,0.5929537351616925,1.1244998113768638,1.1244998113768638,1.1263371055235147,1.1227812118996885
354,1.2647257969474714,1.2647257969474714,1.2796626193891538,1.2779951745991001,1.4609478827126021,1.4609478827126021,1.4449999267453326,1.4551611715785029,1.1288773321784240,1.1288773321784240,1.1263334093386201,1.1302011748545431,0.6881036544696534,0.6881036544696534,0.7501068178885179,0.7463628809874322,1.3562462090299887,1.3562462090299887,1.2892162965700054,1.2036352560152106,0.5573461212756983,0.5573461212756983,0.5892835376699693,0.5769527995808568,1.1340970589868040,1.1340970589868040,1.1361006169262646,1.1324482077507008
355,1.2683216819112519,1.2683216819112519,1.2831007528560803,1.2819045382325107,1.4544509013253384,1.4544509013253384,1.4396734998729948,1.4494433483318991,1.0887708643741023,1.0887708643741023,1.0890704751761280,1.0924159544034704,0.7069524004297211,0.7069524004297211,0.7621132870784058,0.7586830187093194,1.2843003399131687,1.2843003399131687,1.2349002480611699,1.1518611328291692,0.5380936064462055,0.5380936064462055,0.5708804950207114,0.5590723580263632,1.1418920275205964,1.1418920275205964,1.1444670217235209,1.1408833425184808
356,1.2717913652981743,1.2717913652981743,1.2862358714892113,1.2857486607039683,1.4477751547435189,1.4477751547435189,1.4338584306029172,1.4436849837224397,1.0493688922294215,1.0493688922294215,1.0531139252664736,1.0556818403732691,0.7268115749282578,0.7268115749282578,0.7759821823648014,0.7738836438230562,1.1906509092718198,1.1906509092718198,1.1659336125201012,1.0861310624897802,0.5142958239142259,0.5142958239142259,0.5486826893439590,0.5369127159642112,1.1474598727216594,1.1474598727216594,1.1505491851367926,1.1473855871166996
357,1.2751626619787768,1.2751626619787768,1.2886383794836753,1.2889397588258391,1.4398690591099506,1.4398690591099506,1.4271368686849963,1.4366303835898591,1.0083277761055665,1.0083277761055665,1.0157010488942080,1.0173060722867611,0.7423961044256892,0.7423961044256892,0.7911445497504465,0.7882840892948924,1.0744845614806064,1.0744845614806064,1.0756376365374629,1.0046079319763452,0.4860875819465077,0.4860875819465077,0.5208432802317792,0.5114379969520455,1.1511661162388473,1.1511661162388473,1.1546165658416567,1.1526616173575503
358,1.2783958249061746,1.2783958249061746,1.2893969345677010,1.2918605846385984,1.4321796452043556,1.4321796452043556,1.4204332857252053,1.4292822414224451,0.9663981238085749,0.9663981238085749,0.9773846942069309,0.9784168439696166,0.7494513614155935,0.7494513614155935,0.8089301859478780,0.8070000879872330,0.8927951746167528,0.8927951746167528,0.9247307356857721,0.8859012211787791,0.4416127751836487,0.4416127751836487,0.4779716711115610,0.4735089821892495,1.1495432428862544,1.1495432428862544,1.1528856155780012,1.1538684260654699
359,1.2813130270288193,1.2813130270288193,1.2890327234188448,1.2933088450655714,1.4235798652997202,1.4235798652997202,1.4123692414247957,1.4215329573804112,0.9241597241667708,0.9241597241667708,0.9377889856651762,0.9389932170469183,0.7548201444783910,0.7548201444783910,0.8229834681299847,0.8187737615634320,0.3386702014980705,0.3386702014980705,0.4858174265627199,0.4787376039822187,0.3014497379125182,0.3014497379125182,0.3417688377291754,0.3459168162250056,1.1170872506040073,1.1170872506040073,1.1208260123555291,1.1243566881814555
360,1.2849892391887729,1.2849892391887729,1.2930305821172510,1.2977675941365572,1.4145304034310848,1.4145304034310848,1.4048997066907554,1.4133061234876394,0.8833463938846742,0.8833463938846742,0.8986386836876008,0.8991357811810259,0.7551376947349652,0.7551376947349652,0.8349461108842755,0.8312149817199324,0.3130383729946717,0.3130383729946717,0.4663229948410939,0.4633735606963504,0.3032667508501002,0.3032667508501002,0.3433712905678102,0.3480672006687081,1.1308197153426360,1.1308197153426360,1.1343354151189833,1.1380241109474769
