1,0.6445090221878550,0.6445090221878550,0.6317742457613940,0.6352178563904730,0.5554042051118697,0.5554042051118697,0.5355514586535562,0.5342076906880749,0.3579223729458429,0.3579223729458429,0.3638875657367742,0.3641593217056888,0.0593674844373164,0.0593674844373164,0.1058504652367575,0.1046868169895524,0.1574142564158707,0.1574142564158707,0.2282284640348443,0.2292886564759021,0.5175176759062696,0.5175176759062696,0.4999667732498282,0.4990119670728380,0.7215079654644247,0.7215079654644247,0.6486461524778079,0.6494419939537658
2,0.6490204475399787,0.6490204475399787,0.6336726170691690,0.6379175439110818,0.5789619402220585,0.5789619402220585,0.5517219369677590,0.5490677841627306,0.3983203353291111,0.3983203353291111,0.3932874904945283,0.3908892871665662,0.1170344836500833,0.1170344836500833,0.1361434125743800,0.1292217380584446,0.1634359278335312,0.1634359278335312,0.2354458665813018,0.2299229110599059,0.5137957217877025,0.5137957217877025,0.5003992000517732,0.5003446606255872,0.7249679381078380,0.7249679381078380,0.6499142307870197,0.6517537755289802
3,0.6574098062189614,0.6574098062189614,0.6407321444783481,0.6443378279312382,0.6180001393877305,0.6180001393877305,0.5779374088471967,0.5750714528627717,0.4506593731645958,0.4506593731645958,0.4403615729856509,0.4299100031191951,0.1724521248606865,0.1724521248606865,0.1738384099714503,0.1597391656433789,0.1700707708040554,0.1700707708040554,0.2366978001054170,0.2326670211609575,0.5079583351072965,0.5079583351072965,0.5015909378793216,0.4999033418921991,0.7342330190870731,0.7342330190870731,0.6522896077575999,0.6527025079421842
4,0.6699165716674892,0.6699165716674892,0.6516428340187324,0.6549198770869901,0.6612240571393696,0.6612240571393696,0.6048032512634022,0.6027401734956634,0.5312930420487535,0.5312930420487535,0.4787317422157970,0.4686839537039987,0.2836279314651510,0.2836279314651510,0.1957103759797958,0.1783816097428186,0.1975546479268683,0.1975546479268683,0.2373572904798470,0.2374869521992876,0.5046215938493043,0.5046215938493043,0.5015672817841885,0.5006699209397354,0.7418677527169247,0.7418677527169247,0.6563432572671463,0.6571836190727324
5,0.6843985691713753,0.6843985691713753,0.6633536520813693,0.6672135405884196,0.7000907646661015,0.7000907646661015,0.6312551233062347,0.6304278129454068,0.5895317762262936,0.5895317762262936,0.5106125201362398,0.5087453116560026,0.3673627094788136,0.3673627094788136,0.2247599743031626,0.2180630672138583,0.2297843575387734,0.2297843575387734,0.2404694954939737,0.2412451774060042,0.5044191433781952,0.5044191433781952,0.5034543102959660,0.5058630406335940,0.7549636722972313,0.7549636722972313,0.6628302939865131,0.6642722002106767
6,0.6997683138004045,0.6997683138004045,0.6772698845181850,0.6793756301773031,0.7395177921448470,0.7395177921448470,0.6571565080554121,0.6585699941243759,0.6481418615859921,0.6481418615859921,0.5405413469620906,0.5431882514822677,0.4875729667487890,0.4875729667487890,0.2418559514125143,0.2485560458803897,0.4451555795204802,0.4451555795204802,0.2408212044272258,0.2535111822690921,0.5130787906568074,0.5130787906568074,0.5027911124960435,0.5105202144170137,0.7706031098833810,0.7706031098833810,0.6678937731767756,0.6690435095372653
7,0.7158454057598100,0.7158454057598100,0.6908390482193743,0.6968147487554689,0.7761415108913864,0.7761415108913864,0.6836417727262273,0.6834631380777276,0.7193187556093770,0.7193187556093770,0.5698632852325242,0.5725969156371745,0.5486297833537818,0.5486297833537818,0.2557324965006684,0.2735293216745305,0.5666565318585550,0.5666565318585550,0.2539980070661995,0.2626082216412979,0.6493780846053205,0.6493780846053205,0.5079797378376671,0.5157786169716947,0.8156558228274560,0.8156558228274560,0.6742410356479562,0.6814520314562045
8,0.7326257655241303,0.7326257655241303,0.7097383225295525,0.7115797102273833,0.8127735515892088,0.8127735515892088,0.7137486643289827,0.7076584423566438,0.7376783839334242,0.7376783839334242,0.6086302536340058,0.6040755578078434,0.6345147283531607,0.6345147283531607,0.3353007991331019,0.3390745708382478,0.6414855662385137,0.6414855662385137,0.2793531288894334,0.2663257784094767,0.6946359327561616,0.6946359327561616,0.5127152579725091,0.5203734752970566,0.8396769504741766,0.8396769504741766,0.6877078525739755,0.6871800144304158
9,0.7483025341797890,0.7483025341797890,0.7271792769760845,0.7301019489447742,0.8639837190533949,0.8639837190533949,0.7338402228772403,0.7335758490938386,0.7849010564570932,0.7849010564570932,0.6457802694996373,0.6389122407807779,0.6730869823016478,0.6730869823016478,0.3921948638718647,0.3787479745479313,0.6857934579785163,0.6857934579785163,0.2852576196168568,0.2812314822051718,0.7056760245376807,0.7056760245376807,0.5187470659497537,0.5274464446423253,0.8907252426584695,0.8907252426584695,0.6972561809031959,0.6998322636180566
10,0.7649686142503318,0.7649686142503318,0.7482183851408687,0.7442031965422369,0.8957117527451317,0.8957117527451317,0.7678732036082481,0.7609291254125944,0.7998910933226835,0.7998910933226835,0.7011027718478051,0.6747577779168602,0.7009627428114247,0.7009627428114247,0.4230521600571873,0.4295191737722288,0.7334029133187930,0.7334029133187930,0.2989843828967333,0.3434645765990637,0.7306673241200262,0.7306673241200262,0.5346138541218082,0.5313118164547090,0.9070740201644388,0.9070740201644388,0.7129944275183142,0.7084207576618197
11,0.7808469220599679,0.7808469220599679,0.7617275873106645,0.7614439161172646,0.9236555276971724,0.9236555276971724,0.7924123655629576,0.7837321812161615,0.8359715483030720,0.8359715483030720,0.7392458483507222,0.7028187361286308,0.7694073917490858,0.7694073917490858,0.4756001065059988,0.4720936573761765,0.7819758553075743,0.7819758553075743,0.4156939494047642,0.3818120298537521,0.7502736743192044,0.7502736743192044,0.5398393697376604,0.5585988982885289,0.9205109513286738,0.9205109513286738,0.7234377429226483,0.7205888856697145
12,0.7965101276179878,0.7965101276179878,0.7822578306692328,0.7773812003809778,0.9512818796502738,0.9512818796502738,0.8153156816009648,0.8008928224249553,0.8684157376833906,0.8684157376833906,0.7590668416501419,0.7372028520723930,0.8627924115471131,0.8627924115471131,0.5669499097008319,0.6046950988609154,0.8134374185815072,0.8134374185815072,0.5303692684344370,0.6413966540397922,0.7670674784341451,0.7670674784341451,0.6052967775346005,0.6399876673275716,0.9389019172696289,0.9389019172696289,0.7475736342212799,0.7510233234395294
13,0.8134291382671551,0.8134291382671551,0.8009378104955344,0.8016329408529477,0.9750041219045756,0.9750041219045756,0.8396667644892427,0.8296457971158514,0.8998739702664802,0.8998739702664802,0.7980172499651953,0.7710336302690463,0.9620619739907417,0.9620619739907417,0.6276467201883033,0.6481367999823335,0.8591162965600051,0.8591162965600051,0.6396796534978874,0.6710162565841780,0.7763282598371447,0.7763282598371447,0.6544162603836868,0.6806160271355794,0.9460375604066530,0.9460375604066530,0.7606156316626433,0.7853846526094136
14,0.8290342238325585,0.8290342238325585,0.8250099407181203,0.8251370708177435,0.9998980503176498,0.9998980503176498,0.8623202250990505,0.8590096633436324,0.9180216566963200,0.9180216566963200,0.8200949465863886,0.8103869715182790,0.9848811283534454,0.9848811283534454,0.7026013847867891,0.7259131239372266,0.8828959159122460,0.8828959159122460,0.7053105056200120,0.7220868740997015,0.7759719314647703,0.7759719314647703,0.7276025941996289,0.7338326040383888,0.9482720856443929,0.9482720856443929,0.7981229321841784,0.8134027001975359
15,0.8447248204901069,0.8447248204901069,0.8463917301894047,0.8466021511828451,1.0174666554169518,1.0174666554169518,0.8957887722035399,0.8891349874434482,0.9527495911515855,0.9527495911515855,0.8557483412676751,0.8599266757300598,1.0692618344694278,1.0692618344694278,0.7603301915838863,0.7643082806659354,0.9119403530804545,0.9119403530804545,0.7389370008028262,0.7467374279977854,0.7905231076483078,0.7905231076483078,0.7547417598435014,0.7718717400785243,0.9482364096677858,0.9482364096677858,0.8425206908857863,0.8501057131216185
16,0.8602991241815722,0.8602991241815722,0.8792782055268283,0.8656097753683787,1.0397598254477984,1.0397598254477984,0.9213610431398651,0.9048997532534552,0.9699765336747215,0.9699765336747215,0.8950610515867167,0.8886748410817105,1.1244158363994736,1.1244158363994736,0.7845790891951725,0.7995285296142666,0.9388377287297014,0.9388377287297014,0.7674638609518138,0.7755912524973644,0.7976934551720816,0.7976934551720816,0.7843267672114583,0.7817594558017791,0.9518840916860251,0.9518840916860251,0.8656399797346535,0.8644173861829691
17,0.8761745180444499,0.8761745180444499,0.8949667284133672,0.8773325418933364,1.0617607612429643,1.0617607612429643,0.9425109515679490,0.9287970616607202,1.0200093124611493,1.0200093124611493,0.9209828117087098,0.9159881297228389,1.1784243956587266,1.1784243956587266,0.8205459837561589,0.8390003016557089,0.9712649410910007,0.9712649410910007,0.7817535897222204,0.7871881029107530,0.8077517334084905,0.8077517334084905,0.7918083795086135,0.8097570657420252,0.9431145933107042,0.9431145933107042,0.8776448601069612,0.8785341558613035
18,0.8899946257873899,0.8899946257873899,0.9094005235422106,0.8970757034684111,1.0814906216723574,1.0814906216723574,0.9633694602100783,0.9603127717616872,1.0340883097192213,1.0340883097192213,0.9459352177776134,0.9411047805677746,1.2140648194440389,1.2140648194440389,0.8662036445537477,0.8640682091457861,0.9825970818117150,0.9825970818117150,0.8017079419935925,0.8104432390383001,0.8107805893370993,0.8107805893370993,0.8265768839737945,0.8134912124099275,0.9336767301435080,0.9336767301435080,0.8938500351621229,0.8875176527874473
19,0.9035963464660043,0.9035963464660043,0.9245683278666483,0.9092084177010159,1.0990815177125959,1.0990815177125959,0.9855524776197778,0.9758307107280041,1.0549238282420847,1.0549238282420847,0.9656942469707553,0.9549783686778480,1.2544255965766495,1.2544255965766495,0.8750254744790235,0.8968772194709150,1.0149776816019895,1.0149776816019895,0.8126398185902469,0.8461420520724759,0.8105530106565243,0.8105530106565243,0.8267358595501790,0.8203416265478468,0.9260664771001148,0.9260664771001148,0.9012652357093329,0.8991090118807117
20,0.9183011284447786,0.9183011284447786,0.9385669208151342,0.9233137409369152,1.1190995257051648,1.1190995257051648,0.9960984588183641,0.9915687157245372,1.0840041193528018,1.0840041193528018,0.9832830610010181,0.9748405229653981,1.2508601778634403,1.2508601778634403,0.8962069464542614,0.9376554266580790,1.0194426373100089,1.0194426373100089,0.8364433173546224,0.8353372267103263,0.8336457056288138,0.8336457056288138,0.8342307060264296,0.8322222829389869,0.9192974456724925,0.9192974456724925,0.9133969337281691,0.9072683851460730
21,0.9307806617363285,0.9307806617363285,0.9483747492235474,0.9363370975161657,1.1312647324182612,1.1312647324182612,1.0124149807731850,1.0000402286257983,1.1204525613582981,1.1204525613582981,0.9907511255038053,0.9919764606594040,1.2752381498984948,1.2752381498984948,0.9182852273672142,0.9701166870732174,1.0323521570450453,1.0323521570450453,0.8388674213251391,0.8297728613467057,0.8460043807730269,0.8460043807730269,0.8433943824866208,0.8378654587188185,0.9106200480401281,0.9106200480401281,0.9112172799674788,0.9110503735279845
22,0.9448440575431654,0.9448440575431654,0.9613018857959139,0.9500595414355437,1.1549397178777774,1.1549397178777774,1.0265142322299587,1.0146757469221801,1.1426193803387326,1.1426193803387326,1.0088722749695311,1.0040022578976537,1.2857822973262978,1.2857822973262978,1.0166103708257546,0.9999311363454826,1.0284506367960640,1.0284506367960640,0.8591789734662727,0.8520701259537995,0.8654453251810302,0.8654453251810302,0.8426269655263214,0.8445226619656169,0.9024654751277066,0.9024654751277066,0.9146353689032852,0.9208155428247468
23,0.9570327259673819,0.9570327259673819,0.9748537306979201,0.9599749545609837,1.1676157586540077,1.1676157586540077,1.0387648088734469,1.0303736597109809,1.1627897015001061,1.1627897015001061,1.0197457494186501,1.0132118822429330,1.3105919163922559,1.3105919163922559,1.0364961966939252,1.0358149577027040,1.0440108260339187,1.0440108260339187,0.8585085012188240,0.8668443062886916,0.8869620669338799,0.8869620669338799,0.8437837982065055,0.8559094106521508,0.8844231336359810,0.8844231336359810,0.9227329504711348,0.9234832093498352
24,0.9684040588163070,0.9684040588163070,0.9870693340274098,0.9740428280625697,1.1824624912586592,1.1824624912586592,1.0488323915693762,1.0402459492589180,1.1864014259339080,1.1864014259339080,1.0277971593863426,1.0333366958164221,1.3276518220248708,1.3276518220248708,1.0392081745068549,1.0448573182654628,1.0478371414647001,1.0478371414647001,0.8438370078626936,0.8561317780920177,0.9020261694549683,0.9020261694549683,0.8452822381345918,0.8523735854023530,0.8750567716938675,0.8750567716938675,0.9265647672553294,0.9308291453069032
25,0.9787626627145809,0.9787626627145809,0.9974883236158795,0.9846383345150460,1.1912586451585749,1.1912586451585749,1.0632870780869417,1.0580398316949706,1.2050472663885945,1.2050472663885945,1.0313134180505015,1.0435969573054569,1.3349535147906242,1.3349535147906242,1.0584308042749788,1.0672229011861751,1.0451465869784275,1.0451465869784275,0.8474373282328291,0.8623272253245789,0.9116785105343357,0.9116785105343357,0.8661020832603702,0.8622560257429150,0.8605900139078237,0.8605900139078237,0.9348421707492163,0.9356056507498398
26,0.9908352500961150,0.9908352500961150,1.0087005142069287,0.9946441037756361,1.2057151376905602,1.2057151376905602,1.0730389040212116,1.0696751981335382,1.2202902619862823,1.2202902619862823,1.0417665502377733,1.0428150420761988,1.3455683773449854,1.3455683773449854,1.1162142069381977,1.1042575475143417,1.0336493800912487,1.0336493800912487,0.8661070903576887,0.8741957755188369,0.9249853222419004,0.9249853222419004,0.8684541277401153,0.8662659760122212,0.8416609228803893,0.8416609228803893,0.9388602877602771,0.9440498300150314
27,1.0011774299308418,1.0011774299308418,1.0153862634435193,1.0041594122447475,1.2128873222400969,1.2128873222400969,1.0852569719592227,1.0776031626439093,1.2412176478747670,1.2412176478747670,1.0568537474074653,1.0728755207285887,1.3487325233098393,1.3487325233098393,1.1125939263210014,1.1088933500778808,1.0337173767799088,1.0337173767799088,0.8721699512539061,0.8854436272752703,0.9300283207333671,0.9300283207333671,0.8820797076823493,0.8764200985614585,0.8300011479483539,0.8300011479483539,0.9429632116185520,0.9444207150743629
28,1.0102514601363359,1.0102514601363359,1.0254842009813574,1.0125915236757954,1.2157745192133618,1.2157745192133618,1.0918917924985370,1.0896036720502076,1.2534723662766531,1.2534723662766531,1.0593429387480437,1.1052899378100478,1.3528425434171794,1.3528425434171794,1.1467847311530497,1.1490718396783364,1.0101773075993783,1.0101773075993783,0.8952229256964609,0.9038323953531072,0.9305623599479435,0.9305623599479435,0.8896056544794743,0.8870485109859134,0.8107207455780543,0.8107207455780543,0.9449074871157939,0.9522726351158111
29,1.0190134861152862,1.0190134861152862,1.0357771097117749,1.0255472092772313,1.2224792627314547,1.2224792627314547,1.1028843509895854,1.0980456794391769,1.2691088388586420,1.2691088388586420,1.0785019461205012,1.1190653768793992,1.3491995279040221,1.3491995279040221,1.1703971559040223,1.1768472491557931,1.0020662396990756,1.0020662396990756,0.9097409618269900,0.9146037629927719,0.9402874951186502,0.9402874951186502,0.8991693340028266,0.8929345192253194,0.7957095186511135,0.7957095186511135,0.9490378946745549,0.9539195098783407
30,1.0279836738544827,1.0279836738544827,1.0441817305241643,1.0369255459048807,1.2301118295144717,1.2301118295144717,1.1091672721581298,1.1013515711403066,1.2805705219311034,1.2805705219311034,1.0901036214386473,1.1135703414375731,1.3536576657652575,1.3536576657652575,1.1695578162990670,1.2000650926085998,1.0303607911241464,1.0303607911241464,0.9014143901056586,0.9239753864322681,0.9537883380518845,0.9537883380518845,0.9065286955705871,0.8983858029597031,0.7767076575877127,0.7767076575877127,0.9559592720176745,0.9556256007592517
31,1.0366611953774412,1.0366611953774412,1.0525306232894047,1.0436105157268982,1.2359136413183536,1.2359136413183536,1.1132553155320979,1.1119571853973957,1.2907280765837126,1.2907280765837126,1.1052961085409065,1.1167740309938285,1.3313892825728271,1.3313892825728271,1.1933596025014830,1.2342590622526741,1.0322161636677254,1.0322161636677254,0.9337305744393642,0.9303845592886341,0.9609194389392244,0.9609194389392244,0.9104738043589513,0.9042774162932200,0.7555786723960648,0.7555786723960648,0.9561158309543718,0.9624154542271504
32,1.0449747914407068,1.0449747914407068,1.0590856733214944,1.0516618241100624,1.2382069333219266,1.2382069333219266,1.1194862817000459,1.1148806817382257,1.2956419455191945,1.2956419455191945,1.1307901691852671,1.1372968479394610,1.3279999397787661,1.3279999397787661,1.2258633950703706,1.2424342052979624,1.0411249312371138,1.0411249312371138,0.9289927632218331,0.9290704783951728,0.9716405060820091,0.9716405060820091,0.9105829863364890,0.9119029819755514,0.7346425464587114,0.7346425464587114,0.9588260182905161,0.9660101863406708
33,1.0518879446919107,1.0518879446919107,1.0682474720341628,1.0592100602922458,1.2380581784427420,1.2380581784427420,1.1230355252001532,1.1208462846187994,1.3085619906732269,1.3085619906732269,1.1370737219466758,1.1343259960908281,1.3206230232038885,1.3206230232038885,1.2665807046772728,1.2489148944807573,1.0407186330020464,1.0407186330020464,0.9425753171691764,0.9409597954516628,0.9770428120634672,0.9770428120634672,0.9179246471897093,0.9169056933253444,0.7140657925451301,0.7140657925451301,0.9611096193326876,0.9629348697820904
34,1.0575132924184754,1.0575132924184754,1.0727133360777017,1.0647044053989192,1.2410230221936032,1.2410230221936032,1.1259270321426142,1.1231315404595241,1.3123260942412314,1.3123260942412314,1.1437336371689060,1.1365544217232482,1.3133555015060021,1.3133555015060021,1.2563882311656784,1.2709660930742408,1.0368163919401110,1.0368163919401110,0.9605329915277804,0.9424651045348442,0.9820732464502009,0.9820732464502009,0.9234785358743683,0.9184266520979403,0.6890600676528014,0.6890600676528014,0.9639171774934110,0.9656016539477990
35,1.0646167528834245,1.0646167528834245,1.0779117468404593,1.0721485974527130,1.2422369868370187,1.2422369868370187,1.1300212629741204,1.1279762279478840,1.3191464050993347,1.3191464050993347,1.1411141413620918,1.1384992146520123,1.2986897063158211,1.2986897063158211,1.2584804022247948,1.2577248465015207,1.0459082459998139,1.0459082459998139,0.9529491412184933,0.9566073377148694,0.9858021950188255,0.9858021950188255,0.9183281242248830,0.9210630245986287,0.6655102659313398,0.6655102659313398,0.9603821846744657,0.9642413499038591
36,1.0701947887108036,1.0701947887108036,1.0820663343333499,1.0760500600202376,1.2414701784687943,1.2414701784687943,1.1356390815641402,1.1316428514936439,1.3230171265677220,1.3230171265677220,1.1628525885887564,1.1499095731641320,1.2880570463302794,1.2880570463302794,1.2581160466550985,1.2728593022616339,1.0346806231574286,1.0346806231574286,0.9574317683866722,0.9430852261153846,0.9824040580325506,0.9824040580325506,0.9255539860110178,0.9252183776034031,0.6396283151700418,0.6396283151700418,0.9623313679753657,0.9663485221428788
37,1.0775468883055150,1.0775468883055150,1.0866269514515297,1.0790478843374227,1.2440787386803496,1.2440787386803496,1.1338490402770474,1.1373553539332297,1.3295919833517644,1.3295919833517644,1.1635175174020327,1.1521463553926734,1.2677584828209338,1.2677584828209338,1.2772093704245131,1.2698273487453302,1.0109646756161237,1.0109646756161237,0.9472963665805214,0.9286568717223845,0.9796058894289869,0.9796058894289869,0.9170955258693773,0.9161049891460146,0.6115857287459853,0.6115857287459853,0.9596000770834912,0.9625791809120786
38,1.0849402599824947,1.0849402599824947,1.0919733032455303,1.0867231574006855,1.2443202981769677,1.2443202981769677,1.1361921224116995,1.1381968981957709,1.3362493913742099,1.3362493913742099,1.1601114534809642,1.1558096577356156,1.2581903465190831,1.2581903465190831,1.2861872295882315,1.2973939356961919,1.0273485137894081,1.0273485137894081,0.9664273673721603,0.9418334458086194,0.9954406767249308,0.9954406767249308,0.9344963208258371,0.9293109205829923,0.5945173861971937,0.5945173861971937,0.9660315574654469,0.9693418773190640
39,1.0930915757017454,1.0930915757017454,1.0970660308470517,1.0930640818195865,1.2442943663823445,1.2442943663823445,1.1351108887603443,1.1438216682981437,1.3484121130198194,1.3484121130198194,1.1763717178341475,1.1602581524043341,1.2528795930547487,1.2528795930547487,1.2759628605969555,1.2903345262330819,1.0324141469590888,1.0324141469590888,0.9787787955547921,0.9593831749665532,1.0117684432230765,1.0117684432230765,0.9477726838671890,0.9511172095104911,0.5823497137320806,0.5823497137320806,0.9756610608671743,0.9754245687639761
40,1.0979644364136045,1.0979644364136045,1.1007414648958802,1.0977420688575332,1.2430448848397031,1.2430448848397031,1.1364548438230335,1.1412261634660457,1.3431460427192379,1.3431460427192379,1.1682007939833703,1.1619981268007067,1.2280040048438805,1.2280040048438805,1.2907043191431429,1.2922001225243962,1.0473102271953310,1.0473102271953310,0.9864744875708734,0.9657519678130235,1.0351177308909942,1.0351177308909942,0.9628718896517053,0.9613804665391841,0.5707937573846905,0.5707937573846905,0.9813854248980531,0.9799442095874444
41,1.1023031441942335,1.1023031441942335,1.1022373473106433,1.1002479713053095,1.2398055653027742,1.2398055653027742,1.1320823738295427,1.1431375521177973,1.3464106983558377,1.3464106983558377,1.1677297686794488,1.1643584555679867,1.2103579704777134,1.2103579704777134,1.2877682109324504,1.2834744473635396,1.0326361573489187,1.0326361573489187,0.9945640820323308,0.9670816238531589,1.0465127262495058,1.0465127262495058,0.9749095335297199,0.9693617908418559,0.5653042097791924,0.5653042097791924,0.9849881454074819,0.9841649266610049
42,1.1045760756465948,1.1045760756465948,1.1050954110104767,1.1026331425767575,1.2356368621350555,1.2356368621350555,1.1358941423137605,1.1386489893010523,1.3577699040289020,1.3577699040289020,1.1633031771821642,1.1662241066158348,1.1896355908071836,1.1896355908071836,1.2751376009785265,1.2783393115959114,1.0324331283668773,1.0324331283668773,1.0027478894044211,0.9656091956351782,1.0613258057296411,1.0613258057296411,0.9813072665589547,0.9801557183982951,0.5607979906084190,0.5607979906084190,0.9897079801855956,0.9887555483945859
43,1.1077847018934863,1.1077847018934863,1.1081526793871348,1.1047613179301869,1.2325899877215472,1.2325899877215472,1.1354380383009623,1.1394177010199629,1.3545826240044732,1.3545826240044732,1.1715048378455541,1.1692618112334401,1.1631684376505922,1.1631684376505922,1.2741307382685767,1.2760123498326159,1.0300628551031625,1.0300628551031625,1.0167754982056743,0.9587249808052541,1.0710348795705862,1.0710348795705862,0.9934661686029317,0.9826607008987929,0.5585568974084585,0.5585568974084585,0.9940117313695650,0.9917463545325625
44,1.1101029849535775,1.1101029849535775,1.1072891255736519,1.1090532727992370,1.2295911131341892,1.2295911131341892,1.1321219539150633,1.1349356078504311,1.3594816130145377,1.3594816130145377,1.1592158350794084,1.1557365784832583,1.1280427155750270,1.1280427155750270,1.2671939024578187,1.2574769057054811,1.0109005232632182,1.0109005232632182,1.0116544774191272,0.9731862160634549,1.0882811209827656,1.0882811209827656,0.9956466650361515,0.9916365996947523,0.5594796214645118,0.5594796214645118,0.9974870452960264,0.9961253080549100
45,1.1134029501861309,1.1134029501861309,1.1085831092761620,1.1096195558454034,1.2248343749445592,1.2248343749445592,1.1305416969025910,1.1324113671626390,1.3560748864378649,1.3560748864378649,1.1608381829068344,1.1659757026997504,1.1079131090123573,1.1079131090123573,1.2611794494378537,1.2646853097536821,1.0124964031433596,1.0124964031433596,1.0189002016381061,0.9816412132783198,1.1000763543167902,1.1000763543167902,1.0064636213198463,0.9978989735181422,0.5633602422337776,0.5633602422337776,1.0020455114898577,0.9988683672870102
46,1.1146354966840617,1.1146354966840617,1.1104280617100126,1.1120062650936200,1.2214690372882011,1.2214690372882011,1.1283835509987956,1.1370522607637741,1.3522753298301700,1.3522753298301700,1.1549368783788756,1.1638732814284576,1.0732335092117229,1.0732335092117229,1.2601955744610078,1.2608793322441734,1.0374341286416833,1.0374341286416833,1.0204474897470890,0.9830772994873944,1.1144284477273942,1.1144284477273942,1.0160102618376130,1.0065268619120908,0.5695907753952489,0.5695907753952489,1.0089140808656147,1.0047158609372260
47,1.1167414324967444,1.1167414324967444,1.1113469587084401,1.1125291002960758,1.2188307558220635,1.2188307558220635,1.1257968008934820,1.1335184610358060,1.3570077930662143,1.3570077930662143,1.1509847455528788,1.1605683295897877,1.0609131781520817,1.0609131781520817,1.2521030303684524,1.2624046571181853,1.0289660180581692,1.0289660180581692,1.0187935618711630,0.9907601732273261,1.1234385946699998,1.1234385946699998,1.0302829931376163,1.0174998227686642,0.5846836540343406,0.5846836540343406,1.0138241421135212,1.0089980490475829
48,1.1178660040220660,1.1178660040220660,1.1122321417777916,1.1152858467547964,1.2128353100445779,1.2128353100445779,1.1262405299912042,1.1343886285860187,1.3582327344047140,1.3582327344047140,1.1464003826504279,1.1580741314297365,1.0521482992441884,1.0521482992441884,1.2328798259070008,1.2351484276138744,1.0199017951617027,1.0199017951617027,1.0352374717331565,0.9855739378135140,1.1357132068866698,1.1357132068866698,1.0318631541216172,1.0215125755850261,0.6097158746833546,0.6097158746833546,1.0209146423707032,1.0153560366190091
49,1.1200544839992852,1.1200544839992852,1.1133491658388721,1.1163149839094468,1.2073651874418352,1.2073651874418352,1.1211663237420193,1.1307984645073272,1.3526461634497053,1.3526461634497053,1.1547977452536977,1.1586400859984407,1.0627671958829505,1.0627671958829505,1.2370285370389227,1.2428305654104250,1.0151739829964603,1.0151739829964603,1.0314871620973201,0.9905412558879633,1.1417955288459416,1.1417955288459416,1.0378529435802339,1.0280006368742389,0.6367057958896991,0.6367057958896991,1.0301405279995783,1.0214304927097093
50,1.1219255027223951,1.1219255027223951,1.1118445855382972,1.1159875486554305,1.2018406006400701,1.2018406006400701,1.1172750022323135,1.1306584848676173,1.3488086953798597,1.3488086953798597,1.1463210882136345,1.1568912634414690,1.0545974630737414,1.0545974630737414,1.2218379556572183,1.2315489715562873,1.0200899273426951,1.0200899273426951,1.0283755350765102,1.0009489150099249,1.1529765458434342,1.1529765458434342,1.0452473757225975,1.0375790832871328,0.6670004469960619,0.6670004469960619,1.0352901882220791,1.0264045486138018
51,1.1210414642567625,1.1210414642567625,1.1132146180123308,1.1180185238770899,1.1972205059183822,1.1972205059183822,1.1165057932253724,1.1263510721728496,1.3468396283798290,1.3468396283798290,1.1431798840608247,1.1494250544439066,1.0499720293594070,1.0499720293594070,1.2240942016613636,1.2338532102071846,1.0298944251429127,1.0298944251429127,1.0415890402910986,1.0045695597543542,1.1637831007091441,1.1637831007091441,1.0537352819127255,1.0424720007346338,0.6963981234437133,0.6963981234437133,1.0441172657256870,1.0340333297720783
52,1.1225043185103032,1.1225043185103032,1.1125588128166026,1.1189663020606859,1.1949167371725689,1.1949167371725689,1.1077498533138785,1.1259987704745884,1.3425364833397437,1.3425364833397437,1.1387477337782803,1.1414798977901999,1.0585760194894263,1.0585760194894263,1.2158818340100044,1.2200594180785573,1.0264878631223400,1.0264878631223400,1.0315490073822140,0.9952844649074916,1.1753139697363653,1.1753139697363653,1.0625686001772456,1.0514985102333014,0.7258518514780425,0.7258518514780425,1.0538070369563375,1.0410121061871964
53,1.1239450267684803,1.1239450267684803,1.1131663562919409,1.1192790496365630,1.1880275732697925,1.1880275732697925,1.0997501582125799,1.1235914735614276,1.3435853239956936,1.3435853239956936,1.1449735732691979,1.1472429997272200,1.0544781016352891,1.0544781016352891,1.1984151797043525,1.2125835140995942,1.0295443503182566,1.0295443503182566,1.0383358049076807,1.0248674370143291,1.1807946394638380,1.1807946394638380,1.0658151097366069,1.0605138095437470,0.7542564968195070,0.7542564968195070,1.0592931761976461,1.0482215705601807
54,1.1250067630055218,1.1250067630055218,1.1141048812627758,1.1190505831876003,1.1845539759436183,1.1845539759436183,1.0921482282387214,1.1229186302512260,1.3372077879617530,1.3372077879617530,1.1341215164926972,1.1435488926770061,1.0605482121633352,1.0605482121633352,1.1951569558835422,1.2174071418833352,1.0274044969288350,1.0274044969288350,1.0485067533028127,1.0106966493987348,1.1953907614653376,1.1953907614653376,1.0778544078870083,1.0652858877564426,0.7829622981559708,0.7829622981559708,1.0695913187697699,1.0557170174121682
55,1.1244125297902197,1.1244125297902197,1.1121360801716567,1.1180544356346347,1.1801802704224180,1.1801802704224180,1.0932677651986451,1.1224984952821810,1.3348721572338285,1.3348721572338285,1.1226993572397042,1.1418040026358562,1.0627921122866035,1.0627921122866035,1.1924734253903286,1.2168640882604549,1.0399319857982550,1.0399319857982550,1.0515313923294494,1.0150692276131497,1.2007415157593349,1.2007415157593349,1.0822056405463651,1.0738250837788701,0.8112078196854556,0.8112078196854556,1.0768587944268675,1.0640406075621132
56,1.1243470454594320,1.1243470454594320,1.1116403776528199,1.1166898657467716,1.1751382081887973,1.1751382081887973,1.0930749718788513,1.1173826707606018,1.3322887434000388,1.3322887434000388,1.1156585017334970,1.1288208016497954,1.0420633255408489,1.0420633255408489,1.1867305149676530,1.2017031701415997,1.0345417465282924,1.0345417465282924,1.0603634192062927,1.0202511365973299,1.2103539625680038,1.2103539625680038,1.0875032824382878,1.0842990264038537,0.8389641026654436,0.8389641026654436,1.0835018011464925,1.0721753728047698
57,1.1236321748483342,1.1236321748483342,1.1108606468273825,1.1160509901971316,1.1671682308631341,1.1671682308631341,1.0897192091938197,1.1065271908861316,1.3296172145296463,1.3296172145296463,1.1332142900395696,1.1210060734375156,1.0600318493600112,1.0600318493600112,1.1785825129689846,1.1982921145728826,1.0450214057954172,1.0450214057954172,1.0697644805034923,1.0237494875975039,1.2175187404371022,1.2175187404371022,1.0934998544136909,1.0909910142052821,0.8642773276071892,0.8642773276071892,1.0911317671817866,1.0789520889219015
58,1.1244649278510197,1.1244649278510197,1.1100722950885742,1.1133403061426279,1.1621758031246661,1.1621758031246661,1.0801024269756561,1.1035449775955914,1.3238673525670124,1.3238673525670124,1.1272287862642940,1.1180656985865025,1.0590864498156900,1.0590864498156900,1.1762593151921743,1.1932248605081142,1.0420163365902191,1.0420163365902191,1.0686035809267678,1.0243159614506114,1.2180482462118265,1.2180482462118265,1.1037136629851088,1.0986569695363546,0.8919572580263633,0.8919572580263633,1.0989343897497768,1.0836969274670947
59,1.1233280647684629,1.1233280647684629,1.1085967333981859,1.1124104453883850,1.1581626164215495,1.1581626164215495,1.0754610481132933,1.0962263362227804,1.3210373201432595,1.3210373201432595,1.1348717890090791,1.1196980203622502,1.0730337033843338,1.0730337033843338,1.1712364955089776,1.1945839327369858,1.0521749938218321,1.0521749938218321,1.0767041572612437,1.0341407062868653,1.2043490976667763,1.2043490976667763,1.1085049320993905,1.1068610139020851,0.9163900774868176,0.9163900774868176,1.1049291737622238,1.0921072829560585
60,1.1230019146549286,1.1230019146549286,1.1055863412379832,1.1100814871678262,1.1502448742008149,1.1502448742008149,1.0691471896570590,1.0980610693575483,1.3110263651036766,1.3110263651036766,1.1240843122378019,1.1152219980827784,1.0775226901262824,1.0775226901262824,1.1657326575105822,1.2014048933370831,1.0443875709378725,1.0443875709378725,1.0762637263538679,1.0412582598882578,1.1854581242762581,1.1854581242762581,1.1105214901390650,1.1156013338896724,0.9411961512548285,0.9411961512548285,1.1109261172082803,1.0981673271768877
61,1.1213436670260284,1.1213436670260284,1.1063900104925133,1.1092384452021660,1.1454168050001869,1.1454168050001869,1.0640036445980043,1.0955471212903232,1.3107761235753510,1.3107761235753510,1.1215387155762055,1.1256608613320587,1.0968186650124458,1.0968186650124458,1.1469240942849919,1.1914449792483772,1.0625520573785052,1.0625520573785052,1.0769515384008195,1.0369263501123809,1.1644146736439669,1.1644146736439669,1.1237402845013515,1.1207346109611105,0.9658897486698124,0.9658897486698124,1.1167208591436182,1.1051910058804473
62,1.1211062068556481,1.1211062068556481,1.1047945257393381,1.1072438431310818,1.1382454377851514,1.1382454377851514,1.0586307707555984,1.0819338072536711,1.2948102223836842,1.2948102223836842,1.1137090030441665,1.1134766164771508,1.0946601925588451,1.0946601925588451,1.1431791052157068,1.1805111353042304,1.0617471495798794,1.0617471495798794,1.0871785521476776,1.0544974229898310,1.1385442753108745,1.1385442753108745,1.1287322168561686,1.1240183718316215,0.9890433828518798,0.9890433828518798,1.1224328555092784,1.1121892922418535
63,1.1186523987808688,1.1186523987808688,1.1025604006447360,1.1052475492855522,1.1301414176013218,1.1301414176013218,1.0540420343891141,1.0813830050159052,1.2809850895923005,1.2809850895923005,1.1101835887336977,1.0991702877718406,1.0998394823315243,1.0998394823315243,1.1557352923837072,1.1871031389743421,1.0508107351709073,1.0508107351709073,1.0891717621005452,1.0582403614785156,1.1081640110129214,1.1081640110129214,1.1271054053908560,1.1325501493471373,1.0120394605765881,1.0120394605765881,1.1268586146921913,1.1206709227607232
64,1.1158640696182311,1.1158640696182311,1.0993187062998897,1.1018669994495229,1.1252279740969062,1.1252279740969062,1.0466538172343445,1.0727193631973955,1.2715450061261264,1.2715450061261264,1.0976293992119253,1.1008545515274026,1.1237390594164405,1.1237390594164405,1.1424360267431242,1.1779825418726937,1.0692142912412812,1.0692142912412812,1.0946046102814877,1.0592374592942961,1.0833388943828683,1.0833388943828683,1.1307878157241749,1.1341461174673952,1.0327345870820079,1.0327345870820079,1.1305429028984197,1.1260886093530196
65,1.1124061154905251,1.1124061154905251,1.0974826826691733,1.0997104484247144,1.1257671176550299,1.1257671176550299,1.0404276635333705,1.0660393544245210,1.2605570222445648,1.2605570222445648,1.0963180163716773,1.0930167197846690,1.1274278736525027,1.1274278736525027,1.1375488346852403,1.1724493201865980,1.0787713099272944,1.0787713099272944,1.1051749520585048,1.0647103927783672,1.0572946710131614,1.0572946710131614,1.1312996476006927,1.1422547103775291,1.0555791538600379,1.0555791538600379,1.1349805389661856,1.1315088449835244
66,1.1104537711624323,1.1104537711624323,1.0962810658956390,1.0973474240187329,1.1254977687853776,1.1254977687853776,1.0353149575483940,1.0551915204967577,1.2467283959054745,1.2467283959054745,1.0781868937912207,1.0963126596079138,1.1412607490634250,1.1412607490634250,1.1491487321561193,1.1728796211504906,1.1158186930527065,1.1158186930527065,1.1067707916060958,1.0680852963197172,1.0306493135190671,1.0306493135190671,1.1326587977937990,1.1448305808329602,1.0753008785099980,1.0753008785099980,1.1414861271833805,1.1369339826105840
67,1.1063568150010459,1.1063568150010459,1.0931894678103784,1.0945583031490351,1.1233982593616811,1.1233982593616811,1.0299724317120076,1.0500247229971329,1.2296160935033811,1.2296160935033811,1.0778842669819326,1.0903801317808992,1.1461856542197606,1.1461856542197606,1.1443348134975042,1.1594145950657997,1.1356838175227941,1.1356838175227941,1.1079366041260130,1.0738183924389733,1.0033581351363292,1.0033581351363292,1.1320936983464218,1.1427332865011846,1.0957229121317247,1.0957229121317247,1.1461895698972755,1.1412078373267978
68,1.1040518831151931,1.1040518831151931,1.0911389219871157,1.0894336876575124,1.1265240437061055,1.1265240437061055,1.0260204141902627,1.0452645330223795,1.2184543379710742,1.2184543379710742,1.0742215179768111,1.0981035928551452,1.1470221334852555,1.1470221334852555,1.1387927583928237,1.1552427466832487,1.1461223904515414,1.1461223904515414,1.1109476603097055,1.0816368276406974,0.9745064172296485,0.9745064172296485,1.1344669175127196,1.1417756396867460,1.1127431891388111,1.1127431891388111,1.1501736267509484,1.1445545284146483
69,1.0994545228241233,1.0994545228241233,1.0858880929921642,1.0867031637026947,1.1236332058791545,1.1236332058791545,1.0212024472540389,1.0421685127558566,1.2108196423253383,1.2108196423253383,1.0741894732147255,1.0707363959762914,1.1570717496253162,1.1570717496253162,1.1316596648106914,1.1688003910235367,1.1582870701341181,1.1582870701341181,1.1104107045184299,1.0859280689780366,0.9509190592060693,0.9509190592060693,1.1361210244724165,1.1411729272141025,1.1321518160442803,1.1321518160442803,1.1507701212075689,1.1487574022207496
70,1.0968468583605031,1.0968468583605031,1.0829826142687897,1.0824636538414509,1.1243804725224908,1.1243804725224908,1.0143550924589761,1.0322427996059296,1.1944052731206536,1.1944052731206536,1.0602558874801151,1.0725954928311030,1.1731696447778410,1.1731696447778410,1.1386855780872269,1.1482900495581094,1.1762105647771324,1.1762105647771324,1.1115013779071674,1.0893104716640816,0.9256916321708564,0.9256916321708564,1.1328816282843193,1.1394317212140854,1.1456230797383045,1.1456230797383045,1.1550716148018556,1.1521789958159567
71,1.0925591181577201,1.0925591181577201,1.0784489375048945,1.0775570465568649,1.1240701083215148,1.1240701083215148,1.0146280280859283,1.0291947135437614,1.1861123672088409,1.1861123672088409,1.0528769270351681,1.0685799026124474,1.1727353874570308,1.1727353874570308,1.1318096597691940,1.1362626198755137,1.1811551013705421,1.1811551013705421,1.1127952159467482,1.0906929101457232,0.9046319906819504,0.9046319906819504,1.1347741158949736,1.1394419422680526,1.1610210700769146,1.1610210700769146,1.1554621778169769,1.1586229644069530
72,1.0880058909148267,1.0880058909148267,1.0743397637520837,1.0750825957340047,1.1261403423094476,1.1261403423094476,1.0034103639968324,1.0183556038372403,1.1699944319966040,1.1699944319966040,1.0287534339447035,1.0528375502128335,1.1790057784106309,1.1790057784106309,1.1203091842439894,1.1391936137405299,1.1880972509304522,1.1880972509304522,1.1061745914998518,1.0967095316201751,0.8724000104946974,0.8724000104946974,1.1287800253281510,1.1424485806914866,1.1748599903834209,1.1748599903834209,1.1606060468311612,1.1592481650475444
73,1.0828494766929553,1.0828494766929553,1.0721288843346073,1.0708365494714946,1.1244549985683561,1.1244549985683561,1.0023875674444467,1.0158542029646109,1.1550160402900362,1.1550160402900362,1.0354607623353258,1.0587661455240260,1.1815014528603360,1.1815014528603360,1.1266948891535820,1.1391962024495372,1.1953757798688924,1.1953757798688924,1.1126238409283271,1.0911913148392924,0.8525399171906549,0.8525399171906549,1.1313403427014113,1.1375551686768584,1.1875597424243334,1.1875597424243334,1.1597512055899717,1.1608459218045957
74,1.0819239012408037,1.0819239012408037,1.0712005966984006,1.0711264580923594,1.1354977077990143,1.1354977077990143,1.0093680998969929,1.0219417488926630,1.1473299765539460,1.1473299765539460,1.0434987658209212,1.0712802301434974,1.2264822058283857,1.2264822058283857,1.1322458520048402,1.1418947877725580,1.2076130213888376,1.2076130213888376,1.1125885833360043,1.0979572739259509,0.8231888732659796,0.8231888732659796,1.1329903139801409,1.1334786167010564,1.1977528466109588,1.1977528466109588,1.1582602148386034,1.1643333982334982
75,1.0821974413701374,1.0821974413701374,1.0702763886015569,1.0715034930971603,1.1438351141344516,1.1438351141344516,1.0182363961802872,1.0298536373099583,1.1302293193108750,1.1302293193108750,1.0438038450354707,1.0682204051243938,1.2388988803154852,1.2388988803154852,1.1424963695425217,1.1576085390816548,1.2086209581695051,1.2086209581695051,1.1192557362449005,1.0964450425553587,0.7969191436453443,0.7969191436453443,1.1311769005895820,1.1376745242102813,1.2076995029424449,1.2076995029424449,1.1603774413367611,1.1672723412479260
76,1.0822081964827182,1.0822081964827182,1.0679070229284462,1.0733143838432455,1.1514667892798311,1.1514667892798311,1.0231731033730729,1.0316048531806976,1.1187992075584299,1.1187992075584299,1.0535289398473997,1.0781737665244930,1.2489088675087834,1.2489088675087834,1.1452350705951846,1.1565914640760908,1.2378251755425154,1.2378251755425154,1.1157724595214100,1.1144409708226395,0.7707393056606334,0.7707393056606334,1.1245619615959426,1.1310222666347574,1.2187508457378673,1.2187508457378673,1.1567888553018679,1.1650366386592410
77,1.0814604777445262,1.0814604777445262,1.0688584022968968,1.0723070090598699,1.1615636938865428,1.1615636938865428,1.0291539194719861,1.0351492396041060,1.1025126763216799,1.1025126763216799,1.0692867881093120,1.0884959651377231,1.2679625600318063,1.2679625600318063,1.1516058334782597,1.1734105941313364,1.2471198183132750,1.2471198183132750,1.1154614991169900,1.1162176912580482,0.7397458612409717,0.7397458612409717,1.1261379868989760,1.1308902172117301,1.2270388677008608,1.2270388677008608,1.1573436334273937,1.1664101780938787
78,1.0815032332905987,1.0815032332905987,1.0678810062434514,1.0721864316812184,1.1702059659908584,1.1702059659908584,1.0347855861812576,1.0391993367847012,1.0891523147659457,1.0891523147659457,1.0713868644817079,1.1007701662920573,1.2735561740023733,1.2735561740023733,1.1538218509494733,1.1647729350767304,1.2418045435905281,1.2418045435905281,1.1238221724440105,1.1089115053247143,0.7169083341689285,0.7169083341689285,1.1196677967391935,1.1312642748157860,1.2302567960092599,1.2302567960092599,1.1545483447758158,1.1652168360525932
79,1.0821155859566529,1.0821155859566529,1.0679991589400994,1.0728348426868233,1.1820423070220014,1.1820423070220014,1.0426389430011029,1.0456288917904477,1.0728585376524706,1.0728585376524706,1.0742153052168151,1.1152811496749331,1.2722448592729760,1.2722448592729760,1.1600592849805460,1.1679553213497962,1.2555485244553042,1.2555485244553042,1.1166906019050928,1.1026869267992998,0.6841772870173866,0.6841772870173866,1.1237225837868114,1.1290692210484856,1.2351697810221016,1.2351697810221016,1.1527442361510527,1.1622225004770970
80,1.0820475585450580,1.0820475585450580,1.0668562721389057,1.0740526126921317,1.1875397731789599,1.1875397731789599,1.0471545102268607,1.0504354475702311,1.0551355113549807,1.0551355113549807,1.0888622138951982,1.1225874363624042,1.2849137826846773,1.2849137826846773,1.1731510863298664,1.1762463810317481,1.2561451173102260,1.2561451173102260,1.1232392661840520,1.1160172333517804,0.6567521778687325,0.6567521778687325,1.1161589195792643,1.1203928650760475,1.2399069237736748,1.2399069237736748,1.1513394264319228,1.1616715160643445
81,1.0812177724699810,1.0812177724699810,1.0674657399252643,1.0747115588386009,1.1948008985828342,1.1948008985828342,1.0535296539768042,1.0613086699620595,1.0433619968020309,1.0433619968020309,1.1001329779967053,1.1263878851946356,1.3043673241615610,1.3043673241615610,1.1845762770291561,1.1866279670543218,1.2576665131851212,1.2576665131851212,1.1188101033976738,1.1266305420955678,0.6328605612676516,0.6328605612676516,1.1122634389625083,1.1195173164047645,1.2388802318611076,1.2388802318611076,1.1465372387084241,1.1591201248975345
82,1.0817631573414432,1.0817631573414432,1.0678876258733612,1.0749977763152212,1.2021503704159546,1.2021503704159546,1.0615659827552721,1.0664159663123118,1.0244188166203059,1.0244188166203059,1.1093348930194815,1.1327416837790731,1.3039397112150584,1.3039397112150584,1.1855776801524938,1.2044854570558587,1.2787334731205005,1.2787334731205005,1.1174922786354473,1.1172367096506290,0.6037548412024009,0.6037548412024009,1.1063396549721305,1.1088767046578327,1.2436853679488504,1.2436853679488504,1.1443809460931471,1.1562913787656575
83,1.0821456790795390,1.0821456790795390,1.0668906018475084,1.0770755829294820,1.2096640521806425,1.2096640521806425,1.0676235036849338,1.0733266278108424,1.0072833532908236,1.0072833532908236,1.1103237028209803,1.1408690469991953,1.3227354596355017,1.3227354596355017,1.1753794597076235,1.1984362193742930,1.2814860175208165,1.2814860175208165,1.1167683420061980,1.1205193160265032,0.5759269035411753,0.5759269035411753,1.0999703754279508,1.1030230081374197,1.2427288338145481,1.2427288338145481,1.1357236785961138,1.1510316345023548
84,1.0803038528048627,1.0803038528048627,1.0661667530141015,1.0765501331665195,1.2173362225353905,1.2173362225353905,1.0788790782281512,1.0768811108049021,0.9825049133136339,0.9825049133136339,1.1204655430337060,1.1490259040879820,1.3329739658451607,1.3329739658451607,1.1859253696156897,1.2005094876548659,1.2873796245036508,1.2873796245036508,1.1138685495359828,1.1146823855960870,0.5443167817747763,0.5443167817747763,1.0911876778984708,1.0945728341979322,1.2433718970246876,1.2433718970246876,1.1323076509378438,1.1494974076206528
85,1.0824098415983958,1.0824098415983958,1.0669010700994590,1.0775663513163143,1.2231832106462373,1.2231832106462373,1.0848374034099819,1.0877534509721105,0.9624749810138082,0.9624749810138082,1.1269505200139385,1.1546790594368144,1.3429917839081782,1.3429917839081782,1.1927357728943766,1.1918680893539160,1.2955870410688040,1.2955870410688040,1.1248319267684008,1.1227428124285430,0.5222349143626502,0.5222349143626502,1.0791832848954337,1.0904382530125103,1.2412243972863701,1.2412243972863701,1.1248636906611964,1.1406206761794713
86,1.0826238312521588,1.0826238312521588,1.0653804795311950,1.0766985479246811,1.2281997869040535,1.2281997869040535,1.0909724148792856,1.0904861907451007,0.9368567956804482,0.9368567956804482,1.1259654705671742,1.1644077758705866,1.3320461264329377,1.3320461264329377,1.1958227381035631,1.1941619731687838,1.2970094452980176,1.2970094452980176,1.1227300540719811,1.1160752075088449,0.5015998618976060,0.5015998618976060,1.0771571320759150,1.0794943067607468,1.2374359518959950,1.2374359518959950,1.1153109453086836,1.1349635760754415
87,1.0821189767310626,1.0821189767310626,1.0658191454713892,1.0774282410025018,1.2355330606534267,1.2355330606534267,1.0945069263376359,1.0937665959572076,0.9121998535290589,0.9121998535290589,1.1364907034691387,1.1611311709167997,1.3384745585754227,1.3384745585754227,1.2024446419707981,1.1945448144675410,1.3015037140661661,1.3015037140661661,1.1282660740599662,1.1106847646164177,0.4858775039099938,0.4858775039099938,1.0614478306350967,1.0717302622827314,1.2303671825561258,1.2303671825561258,1.1090523177715705,1.1304859943824128
88,1.0813558405654764,1.0813558405654764,1.0677356822751960,1.0776312539359456,1.2397262095530392,1.2397262095530392,1.0999538532432740,1.1010877859789208,0.8896658238674514,0.8896658238674514,1.1377515667609968,1.1705549535195474,1.3321104344842709,1.3321104344842709,1.2018170768570624,1.1964817440737254,1.3041332397223340,1.3041332397223340,1.1213896875704008,1.1073759112341113,0.4685889072169106,0.4685889072169106,1.0587305228123163,1.0707599215786887,1.2254188201104141,1.2254188201104141,1.1060074182259354,1.1229237823373497
89,1.0830859832080326,1.0830859832080326,1.0665576960409915,1.0777149967709911,1.2470247094345510,1.2470247094345510,1.1035914889939233,1.1149266554434245,0.8607864764451985,0.8607864764451985,1.1395326669556936,1.1671031877568592,1.3412170240708343,1.3412170240708343,1.1944135900642956,1.2008379660644681,1.3051133050687802,1.3051133050687802,1.1049862372405808,1.1093894315846935,0.4601728999486350,0.4601728999486350,1.0486507103042402,1.0658426054862340,1.2197476086407704,1.2197476086407704,1.0992135456218566,1.1191650294191078
90,1.0818116348193321,1.0818116348193321,1.0661181064315075,1.0794597545160303,1.2509686456144906,1.2509686456144906,1.1109409117720663,1.1207619831551088,0.8392418971285270,0.8392418971285270,1.1354580773602985,1.1643740217764484,1.3265609581430322,1.3265609581430322,1.1859750805885270,1.1927427853640744,1.2929423783406024,1.2929423783406024,1.0926602407638868,1.1082685978814473,0.4573189052714641,0.4573189052714641,1.0439542309977299,1.0551879810040246,1.2130457495540401,1.2130457495540401,1.0893971530568241,1.1129446899109385
91,1.0812303819123170,1.0812303819123170,1.0656370286764252,1.0790419631268640,1.2563381617704721,1.2563381617704721,1.1173607427153396,1.1251101742323129,0.8100382967228283,0.8100382967228283,1.1383784015458753,1.1711472887152237,1.3301185459865219,1.3301185459865219,1.1929791555186138,1.1921430677773659,1.2864911024023618,1.2864911024023618,1.0871719052245348,1.0989033198720775,0.4469208780998540,0.4469208780998540,1.0437912851676168,1.0450181971624184,1.2025615652235493,1.2025615652235493,1.0871015769737264,1.1042639402920154
92,1.0812278918123599,1.0812278918123599,1.0654875481963659,1.0800351116251310,1.2588173602214578,1.2588173602214578,1.1196409681384949,1.1257828214925991,0.7902143543470431,0.7902143543470431,1.1534158966355981,1.1679762062693249,1.3340408625196756,1.3340408625196756,1.1881910980597405,1.1927114332216517,1.2908135774164753,1.2908135774164753,1.0824179101941342,1.0920776560565020,0.4623589246453135,0.4623589246453135,1.0338984054392641,1.0351024559686084,1.1963142389768548,1.1963142389768548,1.0804757475669051,1.1015665676678053
93,1.0811120756739281,1.0811120756739281,1.0647228269968874,1.0818078605473571,1.2638591995456692,1.2638591995456692,1.1223264229235808,1.1287474883156967,0.7908121391768593,0.7908121391768593,1.1494465969727699,1.1718395753547071,1.3305259885110199,1.3305259885110199,1.1923446940849469,1.1822691563545715,1.2840831065940546,1.2840831065940546,1.0700737069279620,1.0892995113756814,0.4826872575226506,0.4826872575226506,1.0303953182326893,1.0336296350630838,1.1899558544598856,1.1899558544598856,1.0762891947342941,1.0958320160182107
94,1.0806251816610333,1.0806251816610333,1.0667332701784862,1.0819059834651883,1.2667529351949420,1.2667529351949420,1.1272844424701083,1.1365554702777452,0.7867933947982318,0.7867933947982318,1.1555987008121538,1.1701351574555576,1.3224758544393453,1.3224758544393453,1.2020460921481098,1.1841574757582842,1.2692932261330341,1.2692932261330341,1.0775746151962933,1.0694611009425905,0.5201699972734489,0.5201699972734489,1.0221620045629107,1.0330277468689859,1.1821949114650914,1.1821949114650914,1.0714541247262852,1.0920030665093048
95,1.0816477120689625,1.0816477120689625,1.0677079721965033,1.0797487403508339,1.2723226983036720,1.2723226983036720,1.1306839102123523,1.1441439743593242,0.7880880777002102,0.7880880777002102,1.1504411290532124,1.1711918572278721,1.3340539139692082,1.3340539139692082,1.1961692781801041,1.1839719516127556,1.2742947069498094,1.2742947069498094,1.0489934236755296,1.0421639258244888,0.5448515981504701,0.5448515981504701,1.0139386165274535,1.0103762427206875,1.1772351297214283,1.1772351297214283,1.0644239904540993,1.0853488022661102
96,1.0797585738951008,1.0797585738951008,1.0696384410120974,1.0806526861965273,1.2752664399637796,1.2752664399637796,1.1333888112925574,1.1468524039427852,0.7901672561483304,0.7901672561483304,1.1443398717495867,1.1718749679971043,1.3279185461934995,1.3279185461934995,1.1891689387566466,1.1728048362236108,1.2613188724230056,1.2613188724230056,1.0343410040988523,1.0282501281290162,0.5714189804791084,0.5714189804791084,1.0074915861810880,1.0087154863067345,1.1682685178435566,1.1682685178435566,1.0592981821573775,1.0761200094323673
97,1.0809276493345499,1.0809276493345499,1.0701849453418708,1.0826814313518724,1.2803260377376038,1.2803260377376038,1.1367000832114824,1.1497415915483922,0.7903058335406968,0.7903058335406968,1.1479267596852811,1.1690368385574612,1.3180310053267248,1.3180310053267248,1.1864219046507334,1.1689174581975370,1.2607994065541610,1.2607994065541610,1.0342363873085179,1.0272247643063088,0.5906178391990101,0.5906178391990101,1.0142754263854337,1.0052167535914949,1.1642219067563533,1.1642219067563533,1.0548454300543444,1.0734873431626797
98,1.0797731966097426,1.0797731966097426,1.0693251631779879,1.0837504021048272,1.2815834697158459,1.2815834697158459,1.1424878113497667,1.1529690632832978,0.7893465312185634,0.7893465312185634,1.1507818498908982,1.1749821470608970,1.3053611327186938,1.3053611327186938,1.1808924927992601,1.1711866054596676,1.2419547129559434,1.2419547129559434,1.0383323369477802,1.0348170714526173,0.6190930225442614,0.6190930225442614,1.0157669183694948,1.0132976507424920,1.1560819624870593,1.1560819624870593,1.0535909954393023,1.0704927134673905
99,1.0797764814224522,1.0797764814224522,1.0698752082400387,1.0838146895337510,1.2844337380302921,1.2844337380302921,1.1455856650904381,1.1547412564950021,0.7912127326472296,0.7912127326472296,1.1483958230649933,1.1761697668391162,1.3029798364267102,1.3029798364267102,1.1818525180030108,1.1645120507356541,1.2280245220780523,1.2280245220780523,1.0427404029780964,1.0339529392408504,0.6443436348861464,0.6443436348861464,1.0180913365003781,1.0078752167572091,1.1490127453315839,1.1490127453315839,1.0497712518521070,1.0652351260825719
100,1.0794199203009307,1.0794199203009307,1.0707967992738947,1.0827192655803779,1.2900930364184515,1.2900930364184515,1.1501374731389182,1.1605977575975668,0.7852484703679279,0.7852484703679279,1.1478430509190167,1.1726441025499410,1.2919848207423286,1.2919848207423286,1.1791106561370461,1.1598408691490141,1.2033453281592277,1.2033453281592277,1.0498586796707285,1.0460334844870605,0.6619618774199032,0.6619618774199032,1.0191621470164416,1.0101681948157430,1.1430696351531962,1.1430696351531962,1.0435205749569201,1.0601076376863159
101,1.0788891051632601,1.0788891051632601,1.0706162219277471,1.0834458058058232,1.2896266356309181,1.2896266356309181,1.1511259931408160,1.1628831114632492,0.7905622858205010,0.7905622858205010,1.1507458812803939,1.1784432525486621,1.2883475004071490,1.2883475004071490,1.1680141900211418,1.1522125189729500,1.1914269262359320,1.1914269262359320,1.0591614821040778,1.0442550334797993,0.6849192168308946,0.6849192168308946,1.0218068322814355,1.0080799675479704,1.1383181623022325,1.1383181623022325,1.0406280136368362,1.0557361351987318
102,1.0788353296003561,1.0788353296003561,1.0707976459707436,1.0851484998862437,1.2923040005468316,1.2923040005468316,1.1530669887491123,1.1654708723236828,0.7965001524060187,0.7965001524060187,1.1451486750048800,1.1780049408893443,1.2893887687807639,1.2893887687807639,1.1705781843022154,1.1470750821306483,1.1867361158023280,1.1867361158023280,1.0593400820389585,1.0370108597045196,0.7092930619053852,0.7092930619053852,1.0210458669834452,1.0066730889261049,1.1329590783099335,1.1329590783099335,1.0363315260022810,1.0488671635064397
103,1.0798000049199195,1.0798000049199195,1.0723214693815220,1.0852366259550794,1.2930300907962780,1.2930300907962780,1.1564780456975385,1.1649262456582572,0.8084933722925244,0.8084933722925244,1.1502042267049366,1.1844418138705197,1.2705457978429209,1.2705457978429209,1.1596966534908324,1.1452785180795306,1.1787759380803946,1.1787759380803946,1.0645807474420761,1.0426724255205320,0.7297529940652858,0.7297529940652858,1.0206840776124224,1.0081262920022409,1.1241730107571928,1.1241730107571928,1.0314874256355411,1.0433517311028417
104,1.0783040376350341,1.0783040376350341,1.0716637398747735,1.0847920737701409,1.2928117881813708,1.2928117881813708,1.1545308626317041,1.1666822647519277,0.8297239204875587,0.8297239204875587,1.1485190973028125,1.1858934037732851,1.2724339866416567,1.2724339866416567,1.1557442001302849,1.1382073156087202,1.1481094314947164,1.1481094314947164,1.0646605105197897,1.0544979998471151,0.7535133999643620,0.7535133999643620,1.0164499674380605,1.0017204937118926,1.1197701623554588,1.1197701623554588,1.0272979281207351,1.0355692233326088
105,1.0776512075994640,1.0776512075994640,1.0721668317479283,1.0838017705288956,1.2913675581180786,1.2913675581180786,1.1579348482000869,1.1685058230415086,0.8521484856543555,0.8521484856543555,1.1479141706716045,1.1878650688934991,1.2579464030623657,1.2579464030623657,1.1522411569519182,1.1386491219459789,1.1200513067185556,1.1200513067185556,1.0666855101050796,1.0558991861904943,0.7703717084520553,0.7703717084520553,1.0186718206809537,0.9962344254228788,1.1079802969898958,1.1079802969898958,1.0219955370483904,1.0297966321897494
106,1.0777421227383244,1.0777421227383244,1.0724978902158657,1.0846239729093423,1.2847363004019403,1.2847363004019403,1.1589840642140237,1.1700105061434314,0.8815017910488199,0.8815017910488199,1.1537294775217215,1.1896633756078967,1.2528399641079864,1.2528399641079864,1.1429681927644788,1.1259253295403995,1.0724855806974878,1.0724855806974878,1.0579673479116392,1.0402222242057924,0.7882530200240861,0.7882530200240861,1.0136233122105036,0.9893284549109767,1.1010181824001761,1.1010181824001761,1.0167835477194300,1.0216311804486602
107,1.0779930400446431,1.0779930400446431,1.0732397506004230,1.0841117497465893,1.2769534926770094,1.2769534926770094,1.1607612395179818,1.1723181116745298,0.9091514096783082,0.9091514096783082,1.1591107086405257,1.1908926145118979,1.2340594028288172,1.2340594028288172,1.1281275996192810,1.1218935590785810,1.0156331408481540,1.0156331408481540,1.0623074997272353,1.0414405467900725,0.7988081632682844,0.7988081632682844,1.0100917715188735,0.9878323893504622,1.0904128639482769,1.0904128639482769,1.0100701630953459,1.0160405514179127
108,1.0786339493889292,1.0786339493889292,1.0731401482620107,1.0841399716202915,1.2675137250091133,1.2675137250091133,1.1611735402599555,1.1736728165910491,0.9422316835225611,0.9422316835225611,1.1618665581798877,1.1921647833802882,1.2237629956430502,1.2237629956430502,1.1245130659353604,1.1061809583068207,0.9663045466126031,0.9663045466126031,1.0434013383358183,1.0320686349219341,0.8087178742043977,0.8087178742043977,0.9996468610950006,0.9783264794495933,1.0816196313458408,1.0816196313458408,1.0052831895631877,1.0085942225714035
109,1.0787463747529511,1.0787463747529511,1.0753096165063296,1.0842294049693804,1.2529374558211612,1.2529374558211612,1.1608468817873960,1.1737115364493720,0.9696590090053776,0.9696590090053776,1.1655366644007941,1.1947064994398542,1.2059527503118554,1.2059527503118554,1.1121017014859145,1.1092471403088886,0.9086498419454748,0.9086498419454748,1.0229932613107848,1.0079035064285244,0.8116234205690296,0.8116234205690296,0.9853125908622034,0.9675503563097421,1.0680338014926285,1.0680338014926285,0.9969099857418924,0.9983466968136551
110,1.0828793578924407,1.0828793578924407,1.0775809192898445,1.0897638912697118,1.2404376620846040,1.2404376620846040,1.1622199080791527,1.1715493019306613,0.9904976329039805,0.9904976329039805,1.1694850368720562,1.1949031252309501,1.2070046971441786,1.2070046971441786,1.1089222106509848,1.1068416543723696,0.8708489690121550,0.8708489690121550,1.0331948433517053,1.0111699608004403,0.8335328877399232,0.8335328877399232,0.9933660851235221,0.9753274243887802,1.0700518078848933,1.0700518078848933,1.0013722589840226,1.0015087787112542
111,1.0870984878942773,1.0870984878942773,1.0830274122293431,1.0926465211269354,1.2241430585629740,1.2241430585629740,1.1618009288115823,1.1710431010486855,1.0065059742307512,1.0065059742307512,1.1666503833769530,1.1963694620680476,1.1922857469595378,1.1922857469595378,1.0988854790311693,1.0952753025274207,0.8285747308863525,0.8285747308863525,1.0325865053858092,1.0111503476527768,0.8623116820284117,0.8623116820284117,1.0026359658709545,0.9856340384689790,1.0732437628881473,1.0732437628881473,1.0068238472875772,1.0059166540132747
112,1.0898816249336001,1.0898816249336001,1.0858656170394467,1.0951485017339520,1.2049967006641686,1.2049967006641686,1.1610435054380468,1.1654110770994370,1.0247488921832628,1.0247488921832628,1.1672365082344882,1.1897443198918978,1.1741969125055935,1.1741969125055935,1.0982386616909590,1.0902503307097728,0.7871916578426703,0.7871916578426703,1.0303170146275273,1.0204838985115141,0.8921797971499313,0.8921797971499313,1.0139374585367829,0.9975296967296515,1.0747869354662398,1.0747869354662398,1.0119329690518613,1.0102151167521933
113,1.0920410714049360,1.0920410714049360,1.0890109418883951,1.0986142554829570,1.1860814255197409,1.1860814255197409,1.1577620904570824,1.1632036530751897,1.0425003844250298,1.0425003844250298,1.1689059422429378,1.1830405273993099,1.1649002463540197,1.1649002463540197,1.0857994246151248,1.0859959312733201,0.7533538145304060,0.7533538145304060,1.0431213005738451,1.0100843153915315,0.9135364437125757,0.9135364437125757,1.0200953220699120,1.0055672368291428,1.0766864199947972,1.0766864199947972,1.0154781701024156,1.0150489755548202
114,1.0967895860614889,1.0967895860614889,1.0927624247087468,1.1001889898962371,1.1657480007129173,1.1657480007129173,1.1542135344522573,1.1594383183969452,1.0605348540310406,1.0605348540310406,1.1699114284002157,1.1847464199918925,1.1509029226789875,1.1509029226789875,1.0681888096309100,1.0742429047455062,0.7152723050869981,0.7152723050869981,1.0320140030055525,1.0167294228771451,0.9385128477068357,0.9385128477068357,1.0271316042405041,1.0132355001401434,1.0774564389292227,1.0774564389292227,1.0191967147781786,1.0179404672425980
115,1.0993315542709210,1.0993315542709210,1.0968440423277466,1.1033256935156188,1.1435671027212553,1.1435671027212553,1.1504777833035058,1.1550195493501394,1.0724873158609678,1.0724873158609678,1.1635852037872545,1.1818442233153172,1.1374437933228612,1.1374437933228612,1.0678721536074041,1.0737918941095548,0.6824863681455947,0.6824863681455947,1.0290633471234618,1.0184435542972154,0.9603382519501863,0.9603382519501863,1.0329483568074471,1.0247158868694730,1.0811792046973923,1.0811792046973923,1.0250867662605592,1.0220491246749173
116,1.1014082446543199,1.1014082446543199,1.0990631577963899,1.1047171779969307,1.1203415026310242,1.1203415026310242,1.1464872660459693,1.1515624051391553,1.0831831356417232,1.0831831356417232,1.1627574352646044,1.1781479861523665,1.1105105847684165,1.1105105847684165,1.0677603757551866,1.0748567164145881,0.6452136108365675,0.6452136108365675,1.0332639135530588,1.0242225105705671,0.9824598841061578,0.9824598841061578,1.0448513429131649,1.0332232657400351,1.0799386061970511,1.0799386061970511,1.0300399180245847,1.0302375177598826
117,1.1049691935547208,1.1049691935547208,1.1009198100412443,1.1084650735841193,1.0965017871179856,1.0965017871179856,1.1434460815592566,1.1471202081274401,1.0917745457964767,1.0917745457964767,1.1638552953534045,1.1760149240286282,1.0869581762410661,1.0869581762410661,1.0549567831096558,1.0586833254395154,0.6088423502620011,0.6088423502620011,1.0294069641502792,1.0193111476526877,1.0089452759368998,1.0089452759368998,1.0479666686722422,1.0427486286145833,1.0827363341952034,1.0827363341952034,1.0369880919756782,1.0339471526726460
118,1.1063445234438107,1.1063445234438107,1.1043190669724352,1.1088512595506930,1.0720993739525668,1.0720993739525668,1.1410616514940732,1.1426117462442655,1.1008527235983658,1.1008527235983658,1.1568237589871917,1.1696924217159401,1.0701526552247946,1.0701526552247946,1.0469702699360421,1.0532717730767662,0.5725655161844080,0.5725655161844080,1.0423135549136646,1.0332105239160547,1.0225147681021800,1.0225147681021800,1.0565129706776291,1.0479872484841666,1.0804284418340226,1.0804284418340226,1.0418102053820293,1.0376715916150048
119,1.1087629403106887,1.1087629403106887,1.1067469317005638,1.1114314462763883,1.0453756565011312,1.0453756565011312,1.1330950543799219,1.1372692880202990,1.1139760414726667,1.1139760414726667,1.1551383025976993,1.1639470161001186,1.0761553728134363,1.0761553728134363,1.0539772183327669,1.0574312531829486,0.5400796777028505,0.5400796777028505,1.0361908717091621,1.0193988299598897,1.0389168830138999,1.0389168830138999,1.0655534038449936,1.0574730459885195,1.0912988671246424,1.0912988671246424,1.0480129821135118,1.0412542648170005
120,1.1115410441692470,1.1115410441692470,1.1079851103834844,1.1133035484978604,1.0179146290266441,1.0179146290266441,1.1277896532887632,1.1316030533607853,1.1119147189350476,1.1119147189350476,1.1478204887906094,1.1594206903890913,1.0643457093791413,1.0643457093791413,1.0403854337884371,1.0447483048528190,0.4935238106303274,0.4935238106303274,1.0375029165382210,1.0221740903542893,1.0571748586742133,1.0571748586742133,1.0765910400651055,1.0617437979896973,1.1001937538696283,1.1001937538696283,1.0510544461965861,1.0503533508219052
121,1.1126162905230772,1.1126162905230772,1.1102734240764189,1.1136547454929502,0.9914335113157365,0.9914335113157365,1.1228884012098062,1.1250831193439657,1.1177968181479137,1.1177968181479137,1.1412594872472659,1.1534842300462551,1.0575138687965595,1.0575138687965595,1.0366413067591436,1.0440289313831030,0.4574149259710146,0.4574149259710146,1.0342375432951514,1.0174080954720341,1.0731220752784891,1.0731220752784891,1.0761519961736128,1.0724612324970919,1.1078813297409815,1.1078813297409815,1.0553899999482608,1.0559614309603875
122,1.1140918601806542,1.1140918601806542,1.1109856500712632,1.1150968294099461,0.9678281478950796,0.9678281478950796,1.1170611911996129,1.1221977547117121,1.1217521611051968,1.1217521611051968,1.1373344943728316,1.1513759100012295,1.0593996846044711,1.0593996846044711,1.0291375359807111,1.0304960235955520,0.4180633441026704,0.4180633441026704,1.0283431674507713,1.0243159614506114,1.0898450282048842,1.0898450282048842,1.0854212152120906,1.0788645579518030,1.1178627664178629,1.1178627664178629,1.0620048358748877,1.0619032390243164
123,1.1161239936690757,1.1161239936690757,1.1122082803211395,1.1160018518393775,0.9386311762435747,0.9386311762435747,1.1117218081988014,1.1143610514370339,1.1296342516848308,1.1296342516848308,1.1320973011897284,1.1420925509842894,1.0573582005984985,1.0573582005984985,1.0336310631091910,1.0357513905148563,0.3815815588751585,0.3815815588751585,1.0235565157979734,1.0231833021730383,1.1055980840566375,1.1055980840566375,1.0822737965687068,1.0832906040309978,1.1271255336831341,1.1271255336831341,1.0656839218092387,1.0684426004682679
124,1.1149604282380425,1.1149604282380425,1.1131946821501602,1.1163419754017341,0.9135921338050024,0.9135921338050024,1.1063539432505929,1.1084237777692585,1.1305428328698890,1.1305428328698890,1.1283380909109819,1.1339789515695440,1.0533136750379037,1.0533136750379037,1.0222179409697809,1.0286942821264196,0.3429486275219457,0.3429486275219457,1.0348062887188492,1.0169402642145289,1.1198060140799453,1.1198060140799453,1.0857514079805231,1.0889725209024790,1.1358474143323556,1.1358474143323556,1.0723335049857656,1.0735934223681243
125,1.1170500459488786,1.1170500459488786,1.1140293712983380,1.1183370388658489,0.8895708957296020,0.8895708957296020,1.0983773283480467,1.1022236011647173,1.1410179121918420,1.1410179121918420,1.1244464507481060,1.1269777625679234,1.0536824378119687,1.0536824378119687,1.0325483408799985,1.0298525855900524,0.3069723724461677,0.3069723724461677,1.0352484536061750,1.0242043395661142,1.1354458634622493,1.1354458634622493,1.0921855350022704,1.0929211448479823,1.1449947198072268,1.1449947198072268,1.0781743802754908,1.0792862090070725
126,1.1167080545611487,1.1167080545611487,1.1153633036976300,1.1194242346435106,0.8645779212356323,0.8645779212356323,1.0905674801581904,1.0978032637185871,1.1470127106659136,1.1470127106659136,1.1121994658587768,1.1192400461238228,1.0560696665810125,1.0560696665810125,1.0355212294636571,1.0277672366674453,0.2696304170935570,0.2696304170935570,1.0306534067378852,1.0254532355864583,1.1410730280603711,1.1410730280603711,1.0946489120136562,1.0960578544259336,1.1548436777006821,1.1548436777006821,1.0824446602385112,1.0838721248239611
127,1.1171140468158618,1.1171140468158618,1.1156059208310731,1.1191621634021560,0.8411268111262578,0.8411268111262578,1.0842912375152425,1.0898820629303025,1.1559722372364305,1.1559722372364305,1.1083920249432178,1.1146154075172476,1.0654066735765961,1.0654066735765961,1.0253701338716499,1.0200546096314744,0.2305284767782792,0.2305284767782792,1.0336768897778883,1.0299388778285807,1.1612903564247583,1.1612903564247583,1.0986623422516009,1.1043711981268287,1.1625089374276725,1.1625089374276725,1.0879575960877939,1.0906586449342024
128,1.1185087147152570,1.1185087147152570,1.1160518991531447,1.1191018747128303,0.8139707980269218,0.8139707980269218,1.0773561779649194,1.0834362357815648,1.1664845810672553,1.1664845810672553,1.1004606193396622,1.1059009524558783,1.0480947563184619,1.0480947563184619,1.0219711101855782,1.0207630529964926,0.1899291676865725,0.1899291676865725,1.0260534469264027,1.0252377793908007,1.1751072448791100,1.1751072448791100,1.1059940774704995,1.1127231180636645,1.1696339822620225,1.1696339822620225,1.0920023133946821,1.0938746487939037
129,1.1172292271840918,1.1172292271840918,1.1145372354628234,1.1199269992491374,0.7869515770018013,0.7869515770018013,1.0713075944739239,1.0763556970312014,1.1666128072071573,1.1666128072071573,1.0951943242807876,1.1002341971564951,1.0610202000382485,1.0610202000382485,1.0213389475252215,1.0159664628401621,0.1545192313216487,0.1545192313216487,1.0290448513373252,1.0301883686040074,1.1885745403574388,1.1885745403574388,1.1101927862157810,1.1180707075569944,1.1794890603020924,1.1794890603020924,1.0975333099614271,1.1005210698426107
130,1.1162038887911045,1.1162038887911045,1.1148440476119046,1.1205151984642550,0.7607096410871452,0.7607096410871452,1.0660172200653573,1.0710688189582962,1.1661510119565917,1.1661510119565917,1.0929325526548066,1.0884612279146293,1.0405163728226186,1.0405163728226186,1.0164189979476648,1.0164065433714156,0.1281605432200195,0.1281605432200195,1.0276524654372359,1.0239770577961300,1.2013379869170171,1.2013379869170171,1.1115827058752843,1.1195616625905254,1.1884526867425911,1.1884526867425911,1.1016456568027257,1.1049463962523660
131,1.1158825599349340,1.1158825599349340,1.1146880244743762,1.1192724363364583,0.7349485950716313,0.7349485950716313,1.0578512493194274,1.0662554014314682,1.1622236173809619,1.1622236173809619,1.0838243195130257,1.0817957774513050,1.0555067931575361,1.0555067931575361,1.0127955565171665,1.0127748722684036,0.1155102758774360,0.1155102758774360,1.0350189902594189,1.0233376114965682,1.2121788663987501,1.2121788663987501,1.1137575777823885,1.1188288789633642,1.1938354303260710,1.1938354303260710,1.1061376713350248,1.1097963336036925
132,1.1146461988157923,1.1146461988157923,1.1149117833598201,1.1192898154739426,0.7084023878131886,0.7084023878131886,1.0527176238351559,1.0579669991513401,1.1490570830276226,1.1490570830276226,1.0759777671315234,1.0771613075551751,1.0428886517494707,1.0428886517494707,1.0074799305835591,1.0053838204180154,0.1029741372525681,0.1029741372525681,1.0337153263334531,1.0217108739550578,1.2126842801788318,1.2126842801788318,1.1172315497949534,1.1288005062425750,1.1987366228612895,1.1987366228612895,1.1099895119581449,1.1144547009296599
133,1.1130702304471776,1.1130702304471776,1.1135489862952230,1.1161232751052517,0.6807581288042014,0.6807581288042014,1.0445589208964927,1.0511713209282854,1.1435020833926299,1.1435020833926299,1.0699191816794504,1.0683508335658207,1.0481111299551484,1.0481111299551484,1.0049670840086418,1.0050237022316564,0.0981372420602880,0.0981372420602880,1.0332309679340033,1.0179370736016671,1.2128863420693821,1.2128863420693821,1.1191581154167787,1.1288847475099495,1.2086106584286778,1.2086106584286778,1.1151429021114261,1.1200776831376689
134,1.1136685431879416,1.1136685431879416,1.1118183379359798,1.1177710634150362,0.6553359793940627,0.6553359793940627,1.0370378207250746,1.0451521964207637,1.1301036809840890,1.1301036809840890,1.0630544088710301,1.0602596822622252,1.0556434774290044,1.0556434774290044,1.0065095608999119,0.9894100476708446,0.0983823184646458,0.0983823184646458,1.0254055164183080,1.0197155246089284,1.2251438567414672,1.2251438567414672,1.1216380351520339,1.1344328015456029,1.2141599894175699,1.2141599894175699,1.1189732465545232,1.1226606431622914
135,1.1120430377244350,1.1120430377244350,1.1090749631729580,1.1159457156873269,0.6308232260710070,0.6308232260710070,1.0292304278755111,1.0394211672641573,1.1247206415306603,1.1247206415306603,1.0567141238012352,1.0478476791992979,1.0477295530306332,1.0477295530306332,1.0046254288253855,1.0012358456851993,0.1040106662804106,0.1040106662804106,1.0368688578697287,1.0265276322783246,1.2340577652323552,1.2340577652323552,1.1248949666274326,1.1363728235308519,1.2195384041168589,1.2195384041168589,1.1232183004067404,1.1270467535996087
136,1.1103153322009858,1.1103153322009858,1.1091497803854284,1.1150240831087956,0.6067364526292527,0.6067364526292527,1.0256111580702520,1.0332606907675168,1.1188578215255094,1.1188578215255094,1.0469819987608897,1.0453369317018295,1.0475503922234137,1.0475503922234137,0.9974463597770454,0.9995713057934575,0.1145953239678338,0.1145953239678338,1.0420462330046605,1.0301148193002689,1.2348428274878847,1.2348428274878847,1.1266848893500969,1.1349138505048955,1.2253722472873958,1.2253722472873958,1.1237896669086309,1.1299417747249056
137,1.1084755721794655,1.1084755721794655,1.1058114856273615,1.1128253146216913,0.5904547035502296,0.5904547035502296,1.0166237286759492,1.0252616581627552,1.1106155073601160,1.1106155073601160,1.0318645552596371,1.0286394695219674,1.0602307059910707,1.0602307059910707,1.0023404481548603,0.9938738449025606,0.1503735957522482,0.1503735957522482,1.0363657146874838,1.0197683070504349,1.2405072958196466,1.2405072958196466,1.1281743962072939,1.1413249241779366,1.2318176573037871,1.2318176573037871,1.1263580187190525,1.1353956380517760
138,1.1080921497669172,1.1080921497669172,1.1039846217171019,1.1115207258278004,0.5872683621495937,0.5872683621495937,1.0106642249307778,1.0184953874270346,1.0977152589764219,1.0977152589764219,1.0261690892799731,1.0215319387383293,1.0506120249846667,1.0506120249846667,1.0026249213520209,0.9906920338981633,0.2036568101243914,0.2036568101243914,1.0439637258330317,1.0285428832007597,1.2417367647075337,1.2417367647075337,1.1314518406602907,1.1367941947234330,1.2357673163123031,1.2357673163123031,1.1338637191657202,1.1390499784434021
139,1.1042658727689560,1.1042658727689560,1.1027442878058387,1.1098003450145422,0.5869236698995750,0.5869236698995750,1.0039517174245980,1.0149707040201399,1.0873148380628679,1.0873148380628679,1.0213983435776364,1.0153572334786150,1.0511820173806152,1.0511820173806152,1.0005350490662148,0.9873126181062031,0.2595894926444295,0.2595894926444295,1.0443686101514262,1.0288898628572201,1.2356113103062407,1.2356113103062407,1.1325631808498342,1.1419957220584582,1.2428405638082318,1.2428405638082318,1.1348943579339470,1.1426270633693254
140,1.1025914659807594,1.1025914659807594,1.1001783345188911,1.1098807811995353,0.5813832565297450,0.5813832565297450,0.9998745757615299,1.0082780500277120,1.0753559067001504,1.0753559067001504,1.0122508719516690,1.0019353931235844,1.0600249676866214,1.0600249676866214,1.0045918092657211,0.9906532032630527,0.3081525835228395,0.3081525835228395,1.0575442568037663,1.0437822989353780,1.2374779217836260,1.2374779217836260,1.1337401956531388,1.1405710390200046,1.2463335255346164,1.2463335255346164,1.1365675263571087,1.1430352036024729
141,1.0988945152380190,1.0988945152380190,1.0978405275465137,1.1054789378903751,0.5821294086260346,0.5821294086260346,0.9907828435115873,1.0015894150585531,1.0672766247610708,1.0672766247610708,1.0014988733098438,0.9886000681166359,1.0614463891902568,1.0614463891902568,1.0014266857639813,0.9906759263754508,0.3609653473070097,0.3609653473070097,1.0648289955716270,1.0410676085558219,1.2394077423652350,1.2394077423652350,1.1404649783332708,1.1461271709854062,1.2525827176796689,1.2525827176796689,1.1386556005015365,1.1472676854677648
142,1.0976069746176305,1.0976069746176305,1.0957845936523942,1.1054833211241653,0.5810306881472620,0.5810306881472620,0.9831007712305704,0.9969862610661632,1.0542579839273156,1.0542579839273156,0.9925807833226830,0.9785891936726411,1.0619898040889755,1.0619898040889755,1.0009396331688429,0.9843758715545039,0.4107929843777087,0.4107929843777087,1.0738543612129288,1.0518058069016438,1.2407645361495394,1.2407645361495394,1.1362972044816253,1.1472986356546091,1.2553562636351001,1.2553562636351001,1.1405778890383895,1.1503030997743897
143,1.0953880306515740,1.0953880306515740,1.0925405131618826,1.1019371311901671,0.5787162197497989,0.5787162197497989,0.9804003879765041,0.9932193579885942,1.0427948775576403,1.0427948775576403,0.9836947380976078,0.9778605312618049,1.0691937296327763,1.0691937296327763,0.9827385207905225,0.9792433244958829,0.4499146269137290,0.4499146269137290,1.0781092590143018,1.0583900559437716,1.2382925161616205,1.2382925161616205,1.1455106745406631,1.1499923779420809,1.2602953712249554,1.2602953712249554,1.1453992171961553,1.1543383252983188
144,1.0926433577094614,1.0926433577094614,1.0896660543321559,1.0982369897816406,0.5764579245234965,0.5764579245234965,0.9727034854401185,0.9906419877736853,1.0303606943161536,1.0303606943161536,0.9690965505370893,0.9680364513193512,1.0734136192152719,1.0734136192152719,1.0035728779958919,0.9801623161935008,0.4992300062451235,0.4992300062451235,1.0903647403063503,1.0630170282205289,1.2414954561805496,1.2414954561805496,1.1438037962918230,1.1527299718481858,1.2690631529737866,1.2690631529737866,1.1494865342387970,1.1539456753742843
145,1.0885880974771445,1.0885880974771445,1.0872737508716828,1.0968268188825914,0.5816309831866888,0.5816309831866888,0.9715553683191861,0.9853764791415760,1.0263612291452409,1.0263612291452409,0.9677747041010580,0.9566844251252565,1.0690731816989119,1.0690731816989119,0.9919054540590202,0.9856581454161567,0.5403689639683865,0.5403689639683865,1.1104005896353866,1.0724596051059847,1.2395090323642159,1.2395090323642159,1.1443951986701526,1.1529403277330581,1.2707943334704423,1.2707943334704423,1.1510108980550413,1.1583719821833505
146,1.0884058433526222,1.0884058433526222,1.0869164448014281,1.0956418846812908,0.6023777563416165,0.6023777563416165,0.9792285031615371,0.9977418374407312,1.0438615741240915,1.0438615741240915,0.9824678814920446,0.9754041835665397,1.1143477109309849,1.1143477109309849,1.0208323553569449,1.0067377152288723,0.5874649602144354,0.5874649602144354,1.1093775414647107,1.0775140286303515,1.2405206370854969,1.2405206370854969,1.1483121848279387,1.1546042164054848,1.2744075336870238,1.2744075336870238,1.1536878104823829,1.1616944574082206
147,1.0890405009565904,1.0890405009565904,1.0868649502385239,1.0957223977651225,0.6255748240274486,0.6255748240274486,0.9859756800726518,1.0064517470393133,1.0540447481265500,1.0540447481265500,0.9884574726094228,0.9815031878966820,1.1331342046872144,1.1331342046872144,1.0286226107591843,1.0175481640436679,0.6278064585395970,0.6278064585395970,1.1261064020318698,1.0919842051764579,1.2405133835817337,1.2405133835817337,1.1455076968503668,1.1538440667306054,1.2784435464715531,1.2784435464715531,1.1559734728020907,1.1649443830840809
148,1.0878660744512760,1.0878660744512760,1.0846602286163125,1.0938311477328824,0.6454910367230728,0.6454910367230728,0.9855127993206455,1.0052633904761465,1.0405081564976100,1.0405081564976100,0.9767612979418611,0.9738526422199673,1.1268778143794766,1.1268778143794766,1.0220285795183377,1.0078983197671785,0.6727770176553042,0.6727770176553042,1.1337434277262994,1.1003045062154566,1.2396947738712989,1.2396947738712989,1.1553317588474228,1.1572425671746831,1.2815451173583403,1.2815451173583403,1.1543143406973917,1.1643603592145493
149,1.0796307311036846,1.0796307311036846,1.0820850386364675,1.0858487407089474,0.6502182022643935,0.6502182022643935,0.9762674609819828,0.9952603356345311,1.0068796544447141,1.0068796544447141,0.9593474221535961,0.9476099810113559,1.1237226857797542,1.1237226857797542,1.0210717151278890,1.0038095977071977,0.7120238413743347,0.7120238413743347,1.1448492803113004,1.1050569449515324,1.2407333201779864,1.2407333201779864,1.1509840001600784,1.1604842898393615,1.2835237906132160,1.2835237906132160,1.1550286224418096,1.1666598857983770
150,1.0709783754845483,1.0709783754845483,1.0739424320126063,1.0744353382109761,0.6551843266925563,0.6551843266925563,0.9637273506111628,0.9802559494220234,0.9776418949058830,0.9776418949058830,0.9317787901515607,0.9199290021408780,1.1117079959382570,1.1117079959382570,1.0099959379717782,0.9846114440741750,0.7559725279922639,0.7559725279922639,1.1528429278821748,1.1140299600076302,1.2369149980808491,1.2369149980808491,1.1513944251392771,1.1617564813468535,1.2856720367108767,1.2856720367108767,1.1574237287830957,1.1633757441865646
151,1.0595707507532695,1.0595707507532695,1.0648465986817148,1.0634356514637346,0.6597927558218206,0.6597927558218206,0.9512644361391498,0.9636802231363026,0.9420102961104799,0.9420102961104799,0.9107922503781191,0.8974782693135507,1.1029953228284939,1.1029953228284939,1.0013962270176187,0.9764541343576041,0.7968315700183928,0.7968315700183928,1.1717097857280516,1.1178957690978544,1.2383255455091142,1.2383255455091142,1.1543365485794423,1.1503990769765480,1.2844895049674401,1.2844895049674401,1.1552327870739916,1.1639099637711001
152,1.0468001936518359,1.0468001936518359,1.0512339455514661,1.0485910227952113,0.6614081803115072,0.6614081803115072,0.9380220002309656,0.9485670292206592,0.9231424212904331,0.9231424212904331,0.8951486842013998,0.8788556767840341,1.0962740636183150,1.0962740636183150,0.9943769227143505,0.9689002814740856,0.8320985451474413,0.8320985451474413,1.1705439732081344,1.1253095389146959,1.2338901574846808,1.2338901574846808,1.1511785425927821,1.1500403509534427,1.2838724896983797,1.2838724896983797,1.1499109610991602,1.1574565833467187
153,1.0311034512156700,1.0311034512156700,1.0360157242782959,1.0324255027790510,0.6656030381832583,0.6656030381832583,0.9230195764008732,0.9340366917039754,0.9008494464205892,0.9008494464205892,0.8712629109276314,0.8618326350650825,1.0974159468028717,1.0974159468028717,0.9898517874528527,0.9687570395756775,0.8803906103551498,0.8803906103551498,1.1774619752165072,1.1340780580635363,1.2306877355731634,1.2306877355731634,1.1501411483789348,1.1418488356216077,1.2750917959329104,1.2750917959329104,1.1436032555254649,1.1505967293680184
154,1.0155306839688591,1.0155306839688591,1.0219050594559860,1.0176866869122012,0.6722852678510052,0.6722852678510052,0.9079509565964858,0.9192975610272204,0.8693045220981107,0.8693045220981107,0.8580455910231080,0.8445688906068644,1.0960538500698387,1.0960538500698387,0.9758005355931092,0.9618676220040518,0.9045774890263970,0.9045774890263970,1.1778821763577960,1.1446887709495446,1.2295677168759909,1.2295677168759909,1.1448271291903815,1.1398194618420008,1.2702650154242134,1.2702650154242134,1.1352598911504115,1.1411861705020259
155,0.9997995569609447,0.9997995569609447,1.0027155990439423,1.0010579282933647,0.6788013557056368,0.6788013557056368,0.8967448817135721,0.9058077584373710,0.8560668228840789,0.8560668228840789,0.8417573692499420,0.8326010979769878,1.1046315000017104,1.1046315000017104,0.9886667698113479,0.9618029042788675,0.9456864128765771,0.9456864128765771,1.1883924068298695,1.1550621070630951,1.2209475752875183,1.2209475752875183,1.1401409063726702,1.1309810527074704,1.2583372974879532,1.2583372974879532,1.1232103497648140,1.1238852599415960
156,0.9816251650674310,0.9816251650674310,0.9885900785405555,0.9845055302210849,0.6862396197868219,0.6862396197868219,0.8867056827514281,0.8908889480130053,0.8355921749002536,0.8355921749002536,0.8224350316870583,0.8218636912348937,1.1001240039313338,1.1001240039313338,0.9653471513107859,0.9539084923437121,0.9674013836575963,0.9674013836575963,1.1860402630272902,1.1617767258514575,1.2217227935022259,1.2217227935022259,1.1346516997383405,1.1164424277177436,1.2449706733738519,1.2449706733738519,1.0987689967664946,1.1095419199825016
157,0.9639535084610076,0.9639535084610076,0.9728307410084686,0.9687163531201796,0.6914794769696880,0.6914794769696880,0.8739750379738838,0.8796072556221077,0.8147117578198259,0.8147117578198259,0.8133511591042099,0.8075457288369436,1.1032005865347785,1.1032005865347785,0.9718954944320884,0.9540928659519040,1.0118469506718115,1.0118469506718115,1.1798646934343036,1.1731079334854613,1.2164765673785327,1.2164765673785327,1.1259388125035890,1.1055044162715095,1.2328560670580433,1.2328560670580433,1.0852584022318439,1.0871335211717592
158,0.9473121174666356,0.9473121174666356,0.9558933402697363,0.9507297148124231,0.6995892927981611,0.6995892927981611,0.8668210602830511,0.8716782128372010,0.8037633674789404,0.8037633674789404,0.7996374723747277,0.7967724378879745,1.1033258804502910,1.1033258804502910,0.9696237317080980,0.9502164180305279,1.0337296306001267,1.0337296306001267,1.1803935573191444,1.1637642876242498,1.2100617499878232,1.2100617499878232,1.1196209808306432,1.0916016397519648,1.2192060503013120,1.2192060503013120,1.0697702572911487,1.0737536196155331
159,0.9294559285591335,0.9294559285591335,0.9389370043105638,0.9359020807871918,0.7043267864754491,0.7043267864754491,0.8565051935767097,0.8586263857587126,0.7837873910825851,0.7837873910825851,0.7853616943592746,0.7844608778333320,1.1009965526573551,1.1009965526573551,0.9596740661274133,0.9548970915501950,1.0562043382346551,1.0562043382346551,1.1955231103788120,1.1743196222109729,1.2040414713910987,1.2040414713910987,1.1026952929037113,1.0814969739154718,1.1986985585347840,1.1986985585347840,1.0558448551913049,1.0563198649484700
160,0.9098230798226419,0.9098230798226419,0.9207731246999146,0.9163233289286711,0.7109036542957017,0.7109036542957017,0.8472770426200968,0.8492270666320640,0.7625735342821495,0.7625735342821495,0.7658938474175329,0.7731650538445256,1.0964472919484742,1.0964472919484742,0.9682892938014180,0.9490650177909147,1.0855169178217490,1.0855169178217490,1.1792124279763330,1.1742019433249913,1.1951687524394381,1.1951687524394381,1.0962595116095768,1.0673561457519181,1.1769998026205033,1.1769998026205033,1.0373389017811681,1.0401179820156123
161,0.8905804350475180,0.8905804350475180,0.9058651023632213,0.8985283225262715,0.7163838078218659,0.7163838078218659,0.8397110588281255,0.8415980782429218,0.7439914834207745,0.7439914834207745,0.7609063090900662,0.7638458106207104,1.1050116531317311,1.1050116531317311,0.9585585863785478,0.9534770408424831,1.1073424132557139,1.1073424132557139,1.1974960905655929,1.1831660170931835,1.1852855945081728,1.1852855945081728,1.0838134278792280,1.0604007185272717,1.1555973513654905,1.1555973513654905,1.0192701355209055,1.0222104003615680
162,0.8709561162279009,0.8709561162279009,0.8898445973394553,0.8810879735666908,0.7237303818326646,0.7237303818326646,0.8290305249814914,0.8259016358284874,0.7260235206118471,0.7260235206118471,0.7508055057920520,0.7569147514845808,1.0993295266034253,1.0993295266034253,0.9416746711070794,0.9458081342253035,1.1297390328202264,1.1297390328202264,1.1921866439577802,1.1754540120603985,1.1693594907809224,1.1693594907809224,1.0711997663560824,1.0435961518153112,1.1322966843928040,1.1322966843928040,0.9983638734976046,1.0044357608540884
163,0.8482166823619099,0.8482166823619099,0.8706703774706924,0.8637783526324336,0.7322094842493232,0.7322094842493232,0.8194893672443473,0.8172882808133186,0.7041602521099294,0.7041602521099294,0.7384030384091339,0.7453620031287425,1.0916832755700125,1.0916832755700125,0.9515312363686933,0.9370810208927761,1.1474169705169135,1.1474169705169135,1.1842773834111537,1.1671810133187062,1.1544837203039753,1.1544837203039753,1.0621684316868460,1.0323719508579967,1.1112713685139328,1.1112713685139328,0.9792227521380203,0.9852106205660616
164,0.8263433264533501,0.8263433264533501,0.8515913725112154,0.8449829692409548,0.7320926797188145,0.7320926797188145,0.8082053107537329,0.8081204966369463,0.6982694837231246,0.6982694837231246,0.7333504295953913,0.7411596184085457,1.0993957330474178,1.0993957330474178,0.9394511826226071,0.9413521031206097,1.1637453060927405,1.1637453060927405,1.1779943070612486,1.1726605806615458,1.1467895661870056,1.1467895661870056,1.0531824240810117,1.0149608799920822,1.0890041106879027,1.0890041106879027,0.9607224917801268,0.9604791655880289
165,0.8028545314428124,0.8028545314428124,0.8348407838863366,0.8242394306768009,0.7371632000536977,0.7371632000536977,0.8002420529023799,0.7973537293492671,0.7008789050787310,0.7008789050787310,0.7221107292938652,0.7309116460314544,1.0991287715797065,1.0991287715797065,0.9376388872140303,0.9416774175525364,1.1802305386215532,1.1802305386215532,1.1828728596514122,1.1630282177295805,1.1372053562322724,1.1372053562322724,1.0347763277950111,1.0069154268185518,1.0667681999542888,1.0667681999542888,0.9391178492962606,0.9414374580110805
166,0.7777226943073680,0.7777226943073680,0.8123353507240617,0.8020993323079991,0.7359307339293047,0.7359307339293047,0.7892302445434358,0.7855771089465384,0.6991802645493314,0.6991802645493314,0.7217536590877685,0.7203144990203421,1.0981957115876706,1.0981957115876706,0.9394506079292795,0.9373433434055234,1.1899540650999390,1.1899540650999390,1.1642409560888010,1.1480881909254743,1.1240376563647405,1.1240376563647405,1.0131965099346742,0.9884957687240722,1.0475913176248972,1.0475913176248972,0.9212272363087918,0.9173434586650259
167,0.7556076927412658,0.7556076927412658,0.7917460695033897,0.7790143010126230,0.7395897175809363,0.7395897175809363,0.7764948855125292,0.7725697851988822,0.6961227633526745,0.6961227633526745,0.7101492043769925,0.7161943694227538,1.1002286528266765,1.1002286528266765,0.9269628092672632,0.9386877462833532,1.1922649914304417,1.1922649914304417,1.1377781100739848,1.1352880162171952,1.1099873605214325,1.1099873605214325,1.0015262799537981,0.9811967822015621,1.0214985949850670,1.0214985949850670,0.9000675353045801,0.8990298936563182
168,0.7325637779294527,0.7325637779294527,0.7643019305936607,0.7539787306805806,0.7286693856160209,0.7286693856160209,0.7578345939277743,0.7530138061217768,0.6991450702909526,0.6991450702909526,0.7100079458339212,0.7105215514948119,1.1028154501240273,1.1028154501240273,0.9339579764507723,0.9353336423127984,1.1942022963797911,1.1942022963797911,1.1146349686740145,1.1070321042927140,1.0980853970606044,1.0980853970606044,0.9775793637349953,0.9573090250903658,1.0005411231704966,1.0005411231704966,0.8791626474663033,0.8747907952122435
169,0.7116205538261573,0.7116205538261573,0.7403153937252589,0.7285091433044640,0.7144893007516513,0.7144893007516513,0.7376945178553300,0.7291575701718216,0.6964694009195743,0.6964694009195743,0.7029742840498150,0.7088068107416299,1.1051276923830295,1.1051276923830295,0.9264901240053147,0.9324299737095267,1.1918644596990060,1.1918644596990060,1.1005177709086624,1.0956694579367201,1.0847959419513304,1.0847959419513304,0.9673920235217682,0.9507423276278893,0.9744963168005027,0.9744963168005027,0.8557688160807951,0.8540320162821015
170,0.6882783038471394,0.6882783038471394,0.7120752058326401,0.7013404760933329,0.7020735438624257,0.7020735438624257,0.7054686675798532,0.7028397314820957,0.7022988381355280,0.7022988381355280,0.6921492037311924,0.6992165516357544,1.0958977072736129,1.0958977072736129,0.9220095274767057,0.9328476187627165,1.1856515325775527,1.1856515325775527,1.1036345998693233,1.0881530075232870,1.0750847956807388,1.0750847956807388,0.9566791209712118,0.9342485139276721,0.9497522654939156,0.9497522654939156,0.8342971750760668,0.8260717142133939
171,0.6651566661281536,0.6651566661281536,0.6825909123791581,0.6689795993117028,0.6824633114827265,0.6824633114827265,0.6792649813338211,0.6717370985532135,0.7048634903242261,0.7048634903242261,0.6915266197821006,0.6859760985730097,1.0973767924542741,1.0973767924542741,0.9240959516025462,0.9285851655649074,1.1796795972537177,1.1796795972537177,1.0863384388617583,1.0865672268489563,1.0497616483012202,1.0497616483012202,0.9436944061516767,0.9268303367274483,0.9181156602883990,0.9181156602883990,0.8104099131107608,0.8019914404576926
172,0.6436040562864125,0.6436040562864125,0.6532470936301603,0.6428593708636668,0.6615411829257631,0.6615411829257631,0.6524929329168021,0.6466993677871363,0.7023103539038945,0.7023103539038945,0.6805939606193335,0.6823748972090886,1.1046267540200623,1.1046267540200623,0.9177022009863672,0.9277524641675353,1.1587889962210820,1.1587889962210820,1.0864676203680554,1.0810394919228838,1.0386636580164474,1.0386636580164474,0.9235672048743081,0.9092310006416870,0.8976094373327544,0.8976094373327544,0.7786488654244202,0.7709039587068556
173,0.6209438287913984,0.6209438287913984,0.6262479324007721,0.6154511637708400,0.6511576911217413,0.6511576911217413,0.6299701946241851,0.6241293173082122,0.6993724096732009,0.6993724096732009,0.6701413189131141,0.6656562977566838,1.0928987214701162,1.0928987214701162,0.9109624849869749,0.9257617469408644,1.1686996937965215,1.1686996937965215,1.0859217056803698,1.0681207730426969,1.0180928508704499,1.0180928508704499,0.9105313730380167,0.8875889080004993,0.8640761091282505,0.8640761091282505,0.7464389500154986,0.7377653835575851
174,0.5999444979677924,0.5999444979677924,0.6053008832752005,0.5937373156634314,0.6251790855226848,0.6251790855226848,0.6100672062104177,0.6000706598204414,0.7110435762174094,0.7110435762174094,0.6646064037312464,0.6649060065088271,1.0849314047782028,1.0849314047782028,0.9227583528825645,0.9247958708467796,1.1630264153066243,1.1630264153066243,1.0712265145982520,1.0556822878516261,0.9954114036561715,0.9954114036561715,0.8881077108331041,0.8637755008141285,0.8319897477824948,0.8319897477824948,0.7263481686480481,0.7185134783683695
175,0.5814672675348111,0.5814672675348111,0.5870111537238217,0.5764223887093229,0.6208984818314636,0.6208984818314636,0.5953191556346635,0.5889971724398685,0.7252978978140961,0.7252978978140961,0.6659782792346153,0.6633213664874202,1.0981966607840004,1.0981966607840004,0.9226847921366321,0.9283245688581651,1.1748020962650292,1.1748020962650292,1.0679527604520891,1.0457845705689182,0.9720116005156161,0.9720116005156161,0.8669383179519662,0.8447643404352272,0.7870577957801568,0.7870577957801568,0.7089852427099114,0.6971383223914348
176,0.5686927368696164,0.5686927368696164,0.5768248518239302,0.5675834824230034,0.6263890377967317,0.6263890377967317,0.5965537007339039,0.5885666468252989,0.7563019691953125,0.7563019691953125,0.6773028327581946,0.6884491594605181,1.1151194075469821,1.1151194075469821,0.9274932512086351,0.9387262892841296,1.1623200186117109,1.1623200186117109,1.0515169424965303,1.0283940540214300,0.9452569223576599,0.9452569223576599,0.8493012928986519,0.8277466152913387,0.7564101913403736,0.7564101913403736,0.6891487837280299,0.6773669036073481
177,0.5609088963270182,0.5609088963270182,0.5671728926081637,0.5626368877424359,0.6279170817979461,0.6279170817979461,0.5950259880036983,0.5948059353879944,0.7787767379365614,0.7787767379365614,0.6928504281423412,0.7032359105154059,1.1061566212043590,1.1061566212043590,0.9317382234729294,0.9506311867403762,1.1484652728230045,1.1484652728230045,1.0354640451133288,1.0184902797372375,0.9187189426246338,0.9187189426246338,0.8262366001438018,0.8110998154930323,0.7308892545934030,0.7308892545934030,0.6680474855873512,0.6612665900431046
178,0.5565929703119545,0.5565929703119545,0.5584753916584804,0.5591713646899462,0.6348100351606818,0.6348100351606818,0.5971041880275588,0.5999982193766420,0.8006774003380065,0.8006774003380065,0.6956450256848373,0.7151653611160188,1.0985701695397136,1.0985701695397136,0.9330916262594200,0.9513468209637481,1.1489316388042381,1.1489316388042381,1.0224597734794099,1.0121206216048408,0.8910814094371960,0.8910814094371960,0.8066098162634814,0.7947754734618188,0.7026976948444348,0.7026976948444348,0.6464366592708756,0.6446373510506049
179,0.5534682127508531,0.5534682127508531,0.5545278600313773,0.5578269422977508,0.6447202902886163,0.6447202902886163,0.6005151467623733,0.6044984471633630,0.8100186293431461,0.8100186293431461,0.7072180896082643,0.7282247545961292,1.1083150936579598,1.1083150936579598,0.9325818732778416,0.9492413376377502,1.1384603890215768,1.1384603890215768,1.0067536720862680,0.9951359241568040,0.8676114027423596,0.8676114027423596,0.7841446318216567,0.7740532756776746,0.6732430711788938,0.6732430711788938,0.6221761097593250,0.6271607529336533
180,0.5543589268036048,0.5543589268036048,0.5525861532394245,0.5593996773412319,0.6625705785782223,0.6625705785782223,0.6086152161748434,0.6151765998892091,0.8547854672196483,0.8547854672196483,0.7121892785673199,0.7340383238195307,1.1161613878178442,1.1161613878178442,0.9391080907060317,0.9547475216964356,1.1184972339897459,1.1184972339897459,0.9948155091251241,0.9895934793699839,0.8407964945977972,0.8407964945977972,0.7572213487242793,0.7502131618664217,0.6463289800818229,0.6463289800818229,0.6040531613466759,0.6109264187836033
181,0.5581622101125999,0.5581622101125999,0.5535162882142107,0.5636597960911738,0.6913617808015420,0.6913617808015420,0.6194524007321607,0.6316908645264018,0.8913114142279712,0.8913114142279712,0.7441156712256295,0.7691242299826794,1.1388187042063442,1.1388187042063442,0.9529866472208324,0.9641114574447771,1.0993997753156610,1.0993997753156610,0.9739519733664790,0.9560841281580785,0.8030627318060458,0.8030627318060458,0.7216359645544295,0.7220988340840993,0.6203392550313606,0.6203392550313606,0.5787238885105106,0.5944274748595286
182,0.5674200308872706,0.5674200308872706,0.5604739041117534,0.5748471929030122,0.7250422780099289,0.7250422780099289,0.6471797729503180,0.6558986179749560,0.9257337279542269,0.9257337279542269,0.7723902689556530,0.8024001957387904,1.1362347544979825,1.1362347544979825,0.9604700163861351,0.9884536635097869,1.0987856426788587,1.0987856426788587,0.9521931259601633,0.9479363074470627,0.7791909328134611,0.7791909328134611,0.7064854763259182,0.7072567097338316,0.5972911560604279,0.5972911560604279,0.5677094029164325,0.5828535668739990
183,0.5844839441616030,0.5844839441616030,0.5783018759906940,0.5915563108080035,0.7612189147844135,0.7612189147844135,0.6762481538228134,0.6868928353005335,0.9546057001090990,0.9546057001090990,0.8034467117208119,0.8273379171138289,1.1277978229219798,1.1277978229219798,0.9795995458351883,1.0075522956631928,1.0910657359415898,1.0910657359415898,0.9590446587371078,0.9453300662369406,0.7694958478726311,0.7694958478726311,0.7004614434288920,0.6960972970702123,0.5901076712895019,0.5901076712895019,0.5674833494799346,0.5836716120590537
184,0.6021846872547597,0.6021846872547597,0.6007304136845966,0.6147542295981884,0.7943370115529662,0.7943370115529662,0.7072811997840283,0.7213924251163230,0.9904020132093411,0.9904020132093411,0.8294731078006357,0.8540814825252571,1.1342086949323666,1.1342086949323666,1.0010654910075867,1.0118685364814883,1.0820649445850747,1.0820649445850747,0.9579773940776993,0.9552326868065646,0.7674624058086887,0.7674624058086887,0.6976592714326617,0.7008703644171628,0.5887678069965092,0.5887678069965092,0.5747723213170552,0.5884568430558578
185,0.6219480278251751,0.6219480278251751,0.6173230548609268,0.6378793251883842,0.8227463699580393,0.8227463699580393,0.7347265025093441,0.7471508353719986,1.0179327218261454,1.0179327218261454,0.8537674517909954,0.8819096030294049,1.1352385729500256,1.1352385729500256,1.0076922797681063,1.0337851222065884,1.0916214827291189,1.0916214827291189,0.9597743752995249,0.9532136863117820,0.7712739925094744,0.7712739925094744,0.7024421037577701,0.7041641814859317,0.5866935251097639,0.5866935251097639,0.5802745581543629,0.5948219875422539
186,0.6424172322621626,0.6424172322621626,0.6374434199721650,0.6549824727414685,0.8531009844755263,0.8531009844755263,0.7598608389510382,0.7757355012103865,1.0489833738434511,1.0489833738434511,0.8722721574396438,0.9089672781421088,1.1301544401093928,1.1301544401093928,1.0118521974199162,1.0326653617437318,1.0921649756964298,1.0921649756964298,0.9490289015475276,0.9579009401747407,0.7675910259736352,0.7675910259736352,0.7012679012175231,0.7063120865204159,0.5847450794082897,0.5847450794082897,0.5861684377235968,0.6003952635051977
187,0.6610043979592087,0.6610043979592087,0.6544754968130976,0.6737198744087743,0.8858500175653028,0.8858500175653028,0.7867386634278727,0.8027033433951515,1.0903807496521520,1.0903807496521520,0.9155425593699418,0.9429171787972009,1.1232718175231753,1.1232718175231753,1.0398426359405220,1.0517737734644990,1.0950205963491668,1.0950205963491668,0.9454860915124103,0.9507617544251897,0.7749478921656093,0.7749478921656093,0.7045675129205050,0.7048725664681390,0.5840680568480325,0.5840680568480325,0.5905478672399761,0.6055566737176123
188,0.6797220025093285,0.6797220025093285,0.6710442765327757,0.6888415695921453,0.9190167828882341,0.9190167828882341,0.8142259033653904,0.8330162872641581,1.1272576041190163,1.1272576041190163,0.9523461321189437,0.9815336648943018,1.1348095362090285,1.1348095362090285,1.0431715470406266,1.0807687525187630,1.1003553330216715,1.1003553330216715,0.9446676529758695,0.9538687077580179,0.7753342707678604,0.7753342707678604,0.7052499002801159,0.7108967237918106,0.5828023060378240,0.5828023060378240,0.5975556219274805,0.6108419083629997
189,0.6952279079232477,0.6952279079232477,0.6844836646987539,0.7035651594889866,0.9511462764262418,0.9511462764262418,0.8401685378314876,0.8604858211828410,1.1676580249247448,1.1676580249247448,0.9889123120386175,1.0242378373334602,1.1299963989205080,1.1299963989205080,1.0648392095710115,1.1027445909166984,1.0977793877950841,1.0977793877950841,0.9593556191415279,0.9463539879164374,0.7729356925055453,0.7729356925055453,0.7086012907088088,0.7134727591029510,0.5802746108500576,0.5802746108500576,0.6005570383327037,0.6154788049440574
190,0.7116576404212634,0.7116576404212634,0.6999833741879780,0.7208590930602049,0.9813102290955831,0.9813102290955831,0.8652569103028998,0.8881123910838875,1.2001421960177072,1.2001421960177072,1.0176010392704922,1.0498704670251968,1.1244780087590649,1.1244780087590649,1.0916862957163633,1.1160744288643374,1.1098179252107119,1.1098179252107119,0.9505756116631935,0.9503086330284322,0.7743841913017150,0.7743841913017150,0.7085225473431906,0.7135179295672575,0.5837224924721103,0.5837224924721103,0.6064872356490084,0.6274249705479537
191,0.7282781569606758,0.7282781569606758,0.7137796835620067,0.7385390588003198,1.0046148134198667,1.0046148134198667,0.8866177815689444,0.9079469570910035,1.2224248196350866,1.2224248196350866,1.0389747320879068,1.0749443517605690,1.1254312391731056,1.1254312391731056,1.1015744691109950,1.1038396148268177,1.1122033355464604,1.1122033355464604,0.9543643578545948,0.9452086377786115,0.7807234945371738,0.7807234945371738,0.7145690783446791,0.7237102986410170,0.5969775358643965,0.5969775358643965,0.6183071899794742,0.6392349586875594
192,0.7452920563124650,0.7452920563124650,0.7300341848058447,0.7542327275439006,1.0263828831853801,1.0263828831853801,0.9066339120634060,0.9267894125004285,1.2350296691515794,1.2350296691515794,1.0612692213342305,1.0886545766092071,1.1256678263582685,1.1256678263582685,1.1303019518242436,1.1248323190706193,1.1090387264074451,1.1090387264074451,0.9545235950133639,0.9591256081891474,0.7845962179125363,0.7845962179125363,0.7151125068237875,0.7302219342966381,0.6122028186509798,0.6122028186509798,0.6286962250753483,0.6536116322232259
193,0.7613672409612651,0.7613672409612651,0.7487699696517358,0.7728314037066866,1.0426742173690060,1.0426742173690060,0.9246000298405690,0.9406418094091058,1.2424255096467005,1.2424255096467005,1.0726125766314825,1.0909321586894010,1.1246248968910768,1.1246248968910768,1.1286238473076609,1.1204358282730951,1.1090786113908992,1.1090786113908992,0.9515119608363545,0.9688220022796614,0.7914156771917581,0.7914156771917581,0.7220430809888543,0.7434151718440113,0.6287195270091792,0.6287195270091792,0.6474116435456183,0.6750216904156304
194,0.7783250865735937,0.7783250865735937,0.7634645474100542,0.7878474398860607,1.0517912122121380,1.0517912122121380,0.9343353558880710,0.9481162124398291,1.2407753906132277,1.2407753906132277,1.0841853135675410,1.0964476759844661,1.0999308424782521,1.0999308424782521,1.1399846723542597,1.1301009171692944,1.1095742904322621,1.1095742904322621,0.9535126847023401,0.9764921851593402,0.8103054848406001,0.8103054848406001,0.7303725078843140,0.7625900339420961,0.6407533026081144,0.6407533026081144,0.6662964793981702,0.6942716348062240
195,0.7945328822903236,0.7945328822903236,0.7803418326725116,0.8036762198887553,1.0600233310032172,1.0600233310032172,0.9444423222422975,0.9560440789252425,1.2391908726422476,1.2391908726422476,1.0915596961893330,1.0910992906118324,1.0827247606108727,1.0827247606108727,1.1391387237760371,1.1150340554777072,1.1186654236790110,1.1186654236790110,0.9733505713203838,0.9866001669221478,0.8377366817513412,0.8377366817513412,0.7570541017859601,0.7873775735138202,0.6519442146007235,0.6519442146007235,0.6886787142936452,0.7183761244249058
196,0.8102177570160556,0.8102177570160556,0.7956128570400798,0.8190133856173948,1.0648450844372463,1.0648450844372463,0.9510635893031953,0.9587543709829011,1.2367924874462579,1.2367924874462579,1.0858302235233741,1.0914899205168096,1.0637363253355125,1.0637363253355125,1.1361454335792487,1.1177993719662513,1.1209616934794491,1.1209616934794491,0.9829701140913210,0.9945322430088640,0.8695013290532700,0.8695013290532700,0.7866763302826231,0.8142121264260299,0.6626699954506226,0.6626699954506226,0.7169940911876201,0.7399278503177422
197,0.8241819196905583,0.8241819196905583,0.8104596862863266,0.8319926022633889,1.0697300698403993,1.0697300698403993,0.9555217997797123,0.9612582224794750,1.2371490880936549,1.2371490880936549,1.0863355825009589,1.0929934523993894,1.0299247655783337,1.0299247655783337,1.1405050571623987,1.1147734587709648,1.1295179835143350,1.1295179835143350,0.9914501430382539,1.0239231216400551,0.9142562244342349,0.9142562244342349,0.8236860429776245,0.8502131513339737,0.6789648111760753,0.6789648111760753,0.7476040626039610,0.7657827448661898
198,0.8368814824527884,0.8368814824527884,0.8239792027631913,0.8429359990609029,1.0768688179785308,1.0768688179785308,0.9612529568776496,0.9664174720573507,1.2357021123897947,1.2357021123897947,1.0889962787161687,1.0912921477419324,1.0010362125848311,1.0010362125848311,1.1374554470195057,1.1183596836491807,1.1194758577102841,1.1194758577102841,1.0142762551039779,1.0342999188973110,0.9742717145721630,0.9742717145721630,0.8709534024622977,0.8972115357434447,0.7111029698602522,0.7111029698602522,0.7792390778923582,0.7923664682623958
199,0.8488854066525257,0.8488854066525257,0.8466023267874695,0.8704686284743025,1.0819940254218456,1.0819940254218456,0.9632056399057400,0.9742421182622218,1.2363818015047350,1.2363818015047350,1.0905520846141616,1.0889445996510734,0.9710781526269070,0.9710781526269070,1.1303120089574767,1.1256960849760798,1.1302712330512581,1.1302712330512581,1.0313851462769108,1.0399591772841863,1.0269563734155533,1.0269563734155533,0.9146278477497853,0.9337874125091862,0.7381693182633450,0.7381693182633450,0.8215645655773177,0.8327000959147794
200,0.8625891684485324,0.8625891684485324,0.8665147123636305,0.8852147497308025,1.0830717924161377,1.0830717924161377,0.9669610337768342,0.9788049839969641,1.2333992174977888,1.2333992174977888,1.0914544062567659,1.0905900298128941,0.9461052717922507,0.9461052717922507,1.1292442287548017,1.1120446718428580,1.1240551824070040,1.1240551824070040,1.0469721810467989,1.0476400320236232,1.0621255045195501,1.0621255045195501,0.9443513177165287,0.9650163592044344,0.7549489690181693,0.7549489690181693,0.8566735206071521,0.8580659672869263
201,0.8793996213357387,0.8793996213357387,0.8863566681564476,0.9008638940469349,1.0875340672759934,1.0875340672759934,0.9725067635758561,0.9830999475220938,1.2347271537983089,1.2347271537983089,1.0906269647214841,1.0927147353405109,0.9176464674369925,0.9176464674369925,1.1265727668214676,1.1094657424028447,1.1255544733513103,1.1255544733513103,1.0699222726789694,1.0568830162887375,1.0899648405438322,1.0899648405438322,0.9737376469708147,0.9843400860078795,0.7615471587921230,0.7615471587921230,0.8813990354372827,0.8830703654331269
202,0.8945683036384420,0.8945683036384420,0.9028255376479503,0.9161842189299592,1.0872414615246302,1.0872414615246302,0.9765626910987939,0.9887111901802931,1.2312906673708011,1.2312906673708011,1.0901116326291687,1.0903331054458620,0.8882308731814575,0.8882308731814575,1.1251808595820281,1.1091899010763924,1.1331052293153754,1.1331052293153754,1.0741485598111626,1.0591220878374514,1.1093841539673985,1.1093841539673985,0.9906467921738773,1.0055182746835258,0.7659933706716996,0.7659933706716996,0.9000406405405330,0.8982769469855105
203,0.9092999469082432,0.9092999469082432,0.9181375113540311,0.9298541409426925,1.0884823982065792,1.0884823982065792,0.9780022080056806,0.9918726911186129,1.2328791964521111,1.2328791964521111,1.0919148044712204,1.0890121078393498,0.8541430972923535,0.8541430972923535,1.1185942993544402,1.1060592889834742,1.1359988127836893,1.1359988127836893,1.0789892538390782,1.0579556824087513,1.1268654866176222,1.1268654866176222,1.0045395371066015,1.0142132593510977,0.7707094660897934,0.7707094660897934,0.9127824767101596,0.9149205978478812
204,0.9245167358228843,0.9245167358228843,0.9310055330918532,0.9431780950813488,1.0860948155228436,1.0860948155228436,0.9803659149987927,0.9962784228460340,1.2287707843490112,1.2287707843490112,1.0896670933020729,1.0845142928680314,0.8277682534788193,0.8277682534788193,1.1146519031271256,1.1074290036827095,1.1432004550070369,1.1432004550070369,1.0756519204280710,1.0659359260787002,1.1397806091219662,1.1397806091219662,1.0143028873070568,1.0218528377687066,0.7690459803855698,0.7690459803855698,0.9266538929697627,0.9290501127172577
205,0.9391907359277205,0.9391907359277205,0.9481555317121114,0.9565144299329916,1.0902869241785460,1.0902869241785460,0.9829342009451041,1.0002630393548322,1.2282744417933458,1.2282744417933458,1.0897550529041242,1.0914204460706223,0.7921297280861663,0.7921297280861663,1.1064832121686639,1.0979094577595914,1.1354538781904704,1.1354538781904704,1.0906184793724107,1.0711368713532599,1.1531945395368934,1.1531945395368934,1.0260732007673425,1.0306975114201846,0.7690983001755313,0.7690983001755313,0.9367917466744090,0.9400279379217311
206,0.9519779290161016,0.9519779290161016,0.9602441305142594,0.9684728144988856,1.0925507178369460,1.0925507178369460,0.9876582756685298,1.0025837802302733,1.2213374205637069,1.2213374205637069,1.0911730336264123,1.0896468814349376,0.7554233568226686,0.7554233568226686,1.1022212864512053,1.1018066153530264,1.1360019363064899,1.1360019363064899,1.0925920375525082,1.0697633741595236,1.1594837158802735,1.1594837158802735,1.0367573189783663,1.0386521290979747,0.7693838572602567,0.7693838572602567,0.9517472967621138,0.9498214407585799
207,0.9654093692423282,0.9654093692423282,0.9711372703381382,0.9800074864650542,1.0932004987652524,1.0932004987652524,0.9917832473605023,1.0078059618310438,1.2107925996782751,1.2107925996782751,1.0889043952656987,1.0869365587595068,0.7256109985013441,0.7256109985013441,1.0928164301450825,1.0890730433800859,1.1343772239081888,1.1343772239081888,1.0980569643625311,1.0774670147616874,1.1719816323913723,1.1719816323913723,1.0464865911676509,1.0491783309827580,0.7680635475820570,0.7680635475820570,0.9634369979834904,0.9617464297373597
208,0.9772321519153966,0.9772321519153966,0.9835893330058060,0.9887149726365042,1.0927098751552344,1.0927098751552344,0.9953252230533427,1.0081150345229239,1.2098173823054779,1.2098173823054779,1.0845296312662771,1.0813718850166674,0.6819282715140769,0.6819282715140769,1.0878378618481108,1.0807489057497064,1.1445483752310046,1.1445483752310046,1.1016572847326667,1.0851282563534606,1.1745136233121918,1.1745136233121918,1.0506980378103117,1.0529986971865446,0.7676825311373306,0.7676825311373306,0.9724115059089913,0.9744346595797123
209,0.9892810038760625,0.9892810038760625,0.9973172138799519,0.9967527468241055,1.0909740795844896,1.0909740795844896,1.0005589282079506,1.0126105571116715,1.2063442783223772,1.2063442783223772,1.0804455590372035,1.0748907712324955,0.6495098946697266,0.6495098946697266,1.0816716897896601,1.0827750019994782,1.1570789876232253,1.1570789876232253,1.1066011505676250,1.0902152723143863,1.1794734655640857,1.1794734655640857,1.0581280368089945,1.0575915772433966,0.7582503403011431,0.7582503403011431,0.9873696080545984,0.9812735330131583
210,1.0008839160210010,1.0008839160210010,1.0078150232478142,1.0071595435270853,1.0917914140855038,1.0917914140855038,1.0051181022773090,1.0161993488409542,1.1962502544817679,1.1962502544817679,1.0793092779326374,1.0760346417721958,0.6096381909459628,0.6096381909459628,1.0732113419674429,1.0690410378123545,1.1795969440349932,1.1795969440349932,1.1139113210414233,1.0983988581770239,1.1861345135021901,1.1861345135021901,1.0577698868372227,1.0615845473746606,0.7510129683856348,0.7510129683856348,0.9963721886170243,0.9895705543417767
211,1.0115339675759598,1.0115339675759598,1.0162184894735913,1.0179415296627439,1.0942145879716019,1.0942145879716019,1.0110885077333807,1.0193205615216263,1.1900550298818555,1.1900550298818555,1.0762329807724194,1.0733526659816479,0.5781818245817024,0.5781818245817024,1.0678669813674557,1.0627044534309702,1.1877361236405015,1.1877361236405015,1.1126001432023396,1.1032978186632927,1.1866370776915078,1.1866370776915078,1.0648392544555536,1.0727559945050478,0.7496628043337054,0.7496628043337054,1.0054405337484704,0.9984726781251118
212,1.0197310587497419,1.0197310587497419,1.0254891272175695,1.0238124483811875,1.0938721248156769,1.0938721248156769,1.0165300328903744,1.0204778441731768,1.1790893011930923,1.1790893011930923,1.0677963796849632,1.0656418217289971,0.5358381763164745,0.5358381763164745,1.0528154757710297,1.0552227967653240,1.2031920352710117,1.2031920352710117,1.1178457215486499,1.1029300721446000,1.1884434591822868,1.1884434591822868,1.0745526456299235,1.0723865528608481,0.7411662495702092,0.7411662495702092,1.0208514298595852,1.0090503043308563
213,1.0278974740112858,1.0278974740112858,1.0350833571027260,1.0315159433181524,1.0937589611388545,1.0937589611388545,1.0187199017907533,1.0218032396273198,1.1767351676013877,1.1767351676013877,1.0659583836881961,1.0591246598831243,0.4892677567953607,0.4892677567953607,1.0571273998079891,1.0530721548488642,1.2096351419957738,1.2096351419957738,1.1353782818227722,1.1071523790364746,1.1995490915513818,1.1995490915513818,1.0797081855238084,1.0748349898531082,0.7245914744551054,0.7245914744551054,1.0293996459593329,1.0149163275280491
214,1.0356572612479151,1.0356572612479151,1.0421932244881971,1.0397716488138520,1.0939424155827639,1.0939424155827639,1.0210552250500800,1.0255560271109685,1.1673841049064071,1.1673841049064071,1.0630709217331251,1.0629236340219226,0.4448498772507875,0.4448498772507875,1.0439301422330547,1.0410467386066076,1.2143836174656972,1.2143836174656972,1.1345503063965050,1.1169482810085172,1.1974274417006030,1.1974274417006030,1.0864352841852822,1.0822434405664922,0.7069612725927195,0.7069612725927195,1.0389579862080160,1.0250893429381656
215,1.0408676099752410,1.0408676099752410,1.0504405136315642,1.0457429974152794,1.0926833489355197,1.0926833489355197,1.0243962556933544,1.0247068369017205,1.1577434659237362,1.1577434659237362,1.0606523596640824,1.0562157451586867,0.4023488996939217,0.4023488996939217,1.0331368268474577,1.0318271952940108,1.2183379973313049,1.2183379973313049,1.1405368721749092,1.1199150580212791,1.2050700441301119,1.2050700441301119,1.0971511644261351,1.0888126108646057,0.6966082235988367,0.6966082235988367,1.0468171466741489,1.0307608549120664
216,1.0484815939122527,1.0484815939122527,1.0564870837196421,1.0514930311597179,1.0926042903983308,1.0926042903983308,1.0243718005040376,1.0268252542643037,1.1477895721633631,1.1477895721633631,1.0524891200164586,1.0507719962773714,0.3514805191921994,0.3514805191921994,1.0233377309186036,1.0216857839404545,1.2330418607798155,1.2330418607798155,1.1508008774940404,1.1248174796512531,1.2143734398677211,1.2143734398677211,1.1067662918207211,1.0995719187221238,0.6868497990937169,0.6868497990937169,1.0566350115802789,1.0391154256802373
217,1.0524651710543143,1.0524651710543143,1.0609365526332877,1.0545423007998098,1.0951499901564443,1.0951499901564443,1.0256913985910221,1.0264321741836060,1.1421155331250306,1.1421155331250306,1.0496650936108227,1.0507737986804564,0.3042679683540844,0.3042679683540844,1.0107352809377317,1.0149672211633156,1.2453254745998010,1.2453254745998010,1.1637583316693012,1.1358092067734913,1.2217413158421930,1.2217413158421930,1.1208757464361339,1.1096012454995365,0.6721849575379760,0.6721849575379760,1.0632491604143939,1.0445245827985283
218,1.0604171198344439,1.0604171198344439,1.0678739247788964,1.0619739583429402,1.1089003799826900,1.1089003799826900,1.0357447403132529,1.0393340230766910,1.1626403846833078,1.1626403846833078,1.0690227458094741,1.0696153012573930,0.2867455668098527,0.2867455668098527,1.0389553094427122,1.0358434335017852,1.2664015648325975,1.2664015648325975,1.1650576606453913,1.1436968648493222,1.2306376086810846,1.2306376086810846,1.1297773861502345,1.1222206203233669,0.6576781202551999,0.6576781202551999,1.0690113145334410,1.0478371559903581
219,1.0655720505925110,1.0655720505925110,1.0714934768356947,1.0681044106410704,1.1224212474204232,1.1224212474204232,1.0435705973218183,1.0467470624838440,1.1705069483842452,1.1705069483842452,1.0804382018214187,1.0793048563877721,0.2503792451314484,0.2503792451314484,1.0298737181333626,1.0311423379443931,1.2733689428458974,1.2733689428458974,1.1700457429690820,1.1505522368150352,1.2428872222151417,1.2428872222151417,1.1396907788561850,1.1315138663594355,0.6444524087851031,0.6444524087851031,1.0735518181658832,1.0535783743552671
220,1.0716733252959891,1.0716733252959891,1.0743807900630371,1.0687537444327364,1.1324107096918197,1.1324107096918197,1.0536040998944831,1.0540716833790793,1.1809899205362024,1.1809899205362024,1.0951768304565879,1.0916419777952571,0.2174290810434175,0.2174290810434175,1.0152178888929873,1.0334845443273988,1.2711579692450150,1.2711579692450150,1.1760831721593616,1.1555850281912439,1.2497037023767463,1.2497037023767463,1.1458486423893142,1.1435537733656120,0.6363149275016419,0.6363149275016419,1.0743969419558292,1.0510465911746760
221,1.0729251038425252,1.0729251038425252,1.0764426508350995,1.0717128117353549,1.1444085114384812,1.1444085114384812,1.0603400804538625,1.0607387528575267,1.1879648532279918,1.1879648532279918,1.1037671156071076,1.0957852109232991,0.2042426083329801,0.2042426083329801,1.0261218327441466,1.0324010257906455,1.2938599732310359,1.2938599732310359,1.1813059197696596,1.1674893435371236,1.2448455387043922,1.2448455387043922,1.1540933705385628,1.1464166576106694,0.6357484407601193,0.6357484407601193,1.0726668430102322,1.0516894390028644
222,1.0763882500935460,1.0763882500935460,1.0772342354164219,1.0727960856722569,1.1550724975826239,1.1550724975826239,1.0667482239773418,1.0693575972703311,1.1859058597221772,1.1859058597221772,1.1108923338543155,1.1053889061248994,0.1952385319500176,0.1952385319500176,1.0131435333270264,1.0203925799741040,1.3052896639715239,1.3052896639715239,1.1842704474913526,1.1675732762719782,1.2390312078038055,1.2390312078038055,1.1486554463482279,1.1474967922170045,0.6358382277891116,0.6358382277891116,1.0675772543045081,1.0484169641428525
223,1.0793402371023024,1.0793402371023024,1.0799684504589870,1.0750669083709659,1.1644408599363860,1.1644408599363860,1.0762267214302128,1.0739081118603933,1.1931168009701538,1.1931168009701538,1.1172143076314900,1.1072222777720426,0.1862655417468509,0.1862655417468509,1.0122694247757515,1.0159578338101374,1.3063744874672840,1.3063744874672840,1.1841262381588193,1.1750346368147679,1.2346368797917469,1.2346368797917469,1.1491241017154468,1.1478106774872214,0.6428415414145784,0.6428415414145784,1.0650683850744243,1.0471323469257179
224,1.0815376178623473,1.0815376178623473,1.0815733258499416,1.0756398047172369,1.1735583749014733,1.1735583749014733,1.0804970492675214,1.0807140827040147,1.1904287100958184,1.1904287100958184,1.1224724280061591,1.1127217372941685,0.1855992059234439,0.1855992059234439,1.0040949868840137,1.0117273080234193,1.3101284813316814,1.3101284813316814,1.1914471015089780,1.1774649365532019,1.2262971638398392,1.2262971638398392,1.1519509223702424,1.1524965361640329,0.6499800207171067,0.6499800207171067,1.0606531285913399,1.0427045695176853
225,1.0831485006112118,1.0831485006112118,1.0805062569029487,1.0779861420752799,1.1802433537852690,1.1802433537852690,1.0872829223416514,1.0856396407825430,1.1881478116152993,1.1881478116152993,1.1237293674495985,1.1166966915159975,0.1854205197143892,0.1854205197143892,0.9975495172293490,0.9986730237678986,1.3162477027691157,1.3162477027691157,1.1900680094551743,1.1810864465835575,1.2195517939204858,1.2195517939204858,1.1438418445567227,1.1516346705166092,0.6590910531278962,0.6590910531278962,1.0580524834328471,1.0415599533221540
226,1.0859186573422475,1.0859186573422475,1.0829329670444652,1.0779510762049578,1.1880750529739879,1.1880750529739879,1.0919587741817258,1.0900821318691316,1.1794373620572058,1.1794373620572058,1.1261518533670598,1.1174346936519108,0.2038195040690431,0.2038195040690431,0.9941042307304058,1.0049532318197889,1.3152318370459544,1.3152318370459544,1.1827202694157861,1.1830702587840023,1.2185290498898540,1.2185290498898540,1.1490215368274568,1.1494894031734715,0.6726461329761668,0.6726461329761668,1.0546259530747486,1.0421787813672241
227,1.0875838454625175,1.0875838454625175,1.0833999588428787,1.0786761553524731,1.1967753558278753,1.1967753558278753,1.0973011035908888,1.0986364758597169,1.1890840824006996,1.1890840824006996,1.1311805921029223,1.1252725253946443,0.2311499512874421,0.2311499512874421,0.9889075663156111,0.9874851987066947,1.3295298828013666,1.3295298828013666,1.1914335186660341,1.1960812748296650,1.2073043823429284,1.2073043823429284,1.1487694257156877,1.1538623657143208,0.6960428563963289,0.6960428563963289,1.0531871813543037,1.0418220140579704
228,1.0907455306761749,1.0907455306761749,1.0837399461139505,1.0803899228656269,1.2046785346338647,1.2046785346338647,1.1019097773205508,1.1027795007002876,1.2018748662895833,1.2018748662895833,1.1354150785213775,1.1272073231790278,0.2680191097214730,0.2680191097214730,0.9838149213931113,0.9826466139375778,1.3278607202709027,1.3278607202709027,1.1929469941659858,1.2006496960920736,1.1973840502048758,1.1973840502048758,1.1448049619403966,1.1452778343718777,0.7206387553732821,0.7206387553732821,1.0490985882827109,1.0422098600253811
229,1.0914607191723735,1.0914607191723735,1.0858857838189397,1.0808775384000837,1.2138843960281980,1.2138843960281980,1.1071276700836727,1.1054929295565952,1.2056475096408708,1.2056475096408708,1.1341002623137630,1.1250858947479292,0.3083620894229029,0.3083620894229029,0.9837718193935416,0.9826535171615974,1.3353134456732247,1.3353134456732247,1.1948191145189910,1.1985081134243936,1.1912010858808877,1.1912010858808877,1.1394659632388004,1.1464222627047804,0.7465133918130162,0.7465133918130162,1.0503608753836060,1.0444172290739797
230,1.0928987783880431,1.0928987783880431,1.0856029100989515,1.0810529446505326,1.2197656378849508,1.2197656378849508,1.1134139305150155,1.1066240395444182,1.1998528785113287,1.1998528785113287,1.1427160524790039,1.1308340858957913,0.3409202354267926,0.3409202354267926,0.9931597222465003,0.9746112611786877,1.3323903088737969,1.3323903088737969,1.1856717922878519,1.1910629048855621,1.1824459773116756,1.1824459773116756,1.1349780876802829,1.1444238817984931,0.7765353232153575,0.7765353232153575,1.0497225664398173,1.0447031135130520
231,1.0938157709424701,1.0938157709424701,1.0847639874665287,1.0795657980142193,1.2279380169543197,1.2279380169543197,1.1155671657382251,1.1109118472476300,1.1952122826409055,1.1952122826409055,1.1458140942992088,1.1452921441698971,0.3860623517708809,0.3860623517708809,1.0067494953641836,0.9884614296368091,1.3354143594867838,1.3354143594867838,1.1774732460861841,1.1888480613427856,1.1751405332803095,1.1751405332803095,1.1358411215845470,1.1455388009594585,0.8025073595493850,0.8025073595493850,1.0473338402432868,1.0473135247183809
232,1.0953307583525600,1.0953307583525600,1.0868184588842729,1.0829960244998718,1.2352176438391715,1.2352176438391715,1.1213090281198392,1.1142906695173480,1.1943683967837495,1.1943683967837495,1.1626442976352001,1.1494887939711869,0.4299192562846371,0.4299192562846371,1.0082023200963484,1.0077809649588441,1.3452844512658149,1.3452844512658149,1.1685519192419003,1.1876135867545472,1.1620053446528598,1.1620053446528598,1.1329509422973318,1.1364059595283904,0.8341115727594047,0.8341115727594047,1.0388231197634881,1.0452471370906968
233,1.0970379602870004,1.0970379602870004,1.0855668100242100,1.0840254692498756,1.2420611856161641,1.2420611856161641,1.1243495251112698,1.1186149425048539,1.1906371584423192,1.1906371584423192,1.1675948863900578,1.1520128137095542,0.4648178831383359,0.4648178831383359,1.0219274334926807,1.0148432507652956,1.3413634690670757,1.3413634690670757,1.1625873172095333,1.1897026754093629,1.1548373286124385,1.1548373286124385,1.1279954039350275,1.1355046933664805,0.8619849595203478,0.8619849595203478,1.0422558339541959,1.0380866926832599
234,1.0983777400256385,1.0983777400256385,1.0869694788131483,1.0838795921533821,1.2507105908215794,1.2507105908215794,1.1305060453615388,1.1251004697614928,1.1920981083370061,1.1920981083370061,1.1731538351434898,1.1534088568263350,0.5018944409703932,0.5018944409703932,1.0254468554308840,1.0216808941567739,1.3408420810303538,1.3408420810303538,1.1596560241035543,1.1780680408438575,1.1473624634574571,1.1473624634574571,1.1198811978771082,1.1261003345824465,0.8922711767661320,0.8922711767661320,1.0385890175289907,1.0406943587705184
235,1.0984979005937827,1.0984979005937827,1.0871371247892394,1.0838332990526500,1.2546354310954502,1.2546354310954502,1.1358425801676109,1.1296098138692872,1.1822561374939038,1.1822561374939038,1.1801355059360490,1.1552297755067087,0.5357261711495770,0.5357261711495770,1.0346376384724769,1.0188275615619791,1.3463341951978138,1.3463341951978138,1.1627026268762282,1.1810053981351241,1.1314667985406421,1.1314667985406421,1.1132604689301144,1.1223826734854589,0.9184893624115615,0.9184893624115615,1.0353646886816110,1.0412047546517977
236,1.1002142152344494,1.1002142152344494,1.0854807548353809,1.0850324595390595,1.2658214710763314,1.2658214710763314,1.1400683190252014,1.1359100739557220,1.1927363924420891,1.1927363924420891,1.1835566112760556,1.1620636687310719,0.5598020614527237,0.5598020614527237,1.0454818142175661,1.0239684500162904,1.3358574191825050,1.3358574191825050,1.1512528682677514,1.1647668655842305,1.1333387206189971,1.1333387206189971,1.1073745677773974,1.1185542293519244,0.9428625477604906,0.9428625477604906,1.0378907352244986,1.0433920255145217
237,1.1014901000678043,1.1014901000678043,1.0866194081523299,1.0871860115091694,1.2737947920431352,1.2737947920431352,1.1432345294396256,1.1409997258135738,1.1998297175839396,1.1998297175839396,1.1857982731788910,1.1702567377363853,0.6007957152381216,0.6007957152381216,1.0435999809163501,1.0288924621826507,1.3416116689942341,1.3416116689942341,1.1435571762516701,1.1583487514399589,1.1363280708574663,1.1363280708574663,1.0968783749095294,1.1062101635623702,0.9663239805357120,0.9663239805357120,1.0364841586960518,1.0428253547127941
238,1.1008057464263941,1.1008057464263941,1.0868557135456265,1.0864454756951305,1.2800127757143058,1.2800127757143058,1.1480006395888647,1.1429385614535039,1.2083833456671982,1.2083833456671982,1.1906898407137851,1.1713453891997527,0.6293836102942107,0.6293836102942107,1.0517712579947864,1.0399934216749405,1.3397296263713574,1.3397296263713574,1.1270895686636890,1.1587741836870737,1.1159769412540159,1.1159769412540159,1.0956327078021668,1.1005416000033301,0.9879993754025492,0.9879993754025492,1.0358057039183390,1.0430075129047680
239,1.1026713611027883,1.1026713611027883,1.0891119297307419,1.0866810937360667,1.2861573478866584,1.2861573478866584,1.1516439717289935,1.1474368287410692,1.2016376932174939,1.2016376932174939,1.1917883547773216,1.1734769766300581,0.6544760898664017,0.6544760898664017,1.0607126241322022,1.0368032692748528,1.3342149267313388,1.3342149267313388,1.1293301597561325,1.1365297015214864,1.0929365751303048,1.0929365751303048,1.0778618521127497,1.0874124913268153,1.0040485642681403,1.0040485642681403,1.0334908892449013,1.0400140596886518
240,1.1020225046309795,1.1020225046309795,1.0882758550786293,1.0886071020432750,1.2885888437240394,1.2885888437240394,1.1535453872517696,1.1564180714227863,1.1962180362084727,1.1962180362084727,1.1949208937648736,1.1746237965566249,0.6816539537748110,0.6816539537748110,1.0679207151935861,1.0320921065157656,1.3098858076371702,1.3098858076371702,1.1098405141114402,1.1213387417987428,1.0537794417518496,1.0537794417518496,1.0558639996202344,1.0768463943604181,1.0129447944599439,1.0129447944599439,1.0340914081005215,1.0359768733661008
241,1.1017077454002280,1.1017077454002280,1.0873147771826361,1.0887733573319514,1.2944159185943160,1.2944159185943160,1.1603079836999233,1.1579926463196062,1.1870139612984858,1.1870139612984858,1.1971241346519432,1.1774887981877176,0.7079718458085668,0.7079718458085668,1.0623625686757330,1.0404697441322974,1.3088132379616282,1.3088132379616282,1.0821702400579001,1.1205461398902197,1.0371383497964979,1.0371383497964979,1.0547652319008316,1.0664024554744993,1.0239825535153191,1.0239825535153191,1.0373213318440715,1.0381971836856037
242,1.1022814750265215,1.1022814750265215,1.0875532378042754,1.0902076744662663,1.2975347927470500,1.2975347927470500,1.1634721316285015,1.1604348401177365,1.1749017020086401,1.1749017020086401,1.1970745960656579,1.1816521854593469,0.7380760820012554,0.7380760820012554,1.0782192196241220,1.0456054551685940,1.3133404238546758,1.3133404238546758,1.0429545495019581,1.0825701827265712,0.9975629742099742,0.9975629742099742,1.0455335648455373,1.0533816569988943,1.0309159332703239,1.0309159332703239,1.0358391751392881,1.0350960826251454
243,1.1017323285146983,1.1017323285146983,1.0887717115423476,1.0901164724438934,1.2994608786502584,1.2994608786502584,1.1710677759312103,1.1624664073677264,1.1603204102247358,1.1603204102247358,1.1962646483545758,1.1790790092732055,0.7612822711673698,0.7612822711673698,1.0770410983025485,1.0541387029599025,1.2948792027479825,1.2948792027479825,1.0438619990092808,1.0614009625387766,0.9610343292577617,0.9610343292577617,1.0385034034827769,1.0470726290098158,1.0403095373284659,1.0403095373284659,1.0351452117020152,1.0350555921336033
244,1.1013129850857470,1.1013129850857470,1.0886330841764431,1.0907357387897352,1.2992306875335182,1.2992306875335182,1.1694336978595188,1.1643768157699004,1.1475677965793143,1.1475677965793143,1.1970562847730375,1.1850328382275888,0.7835167205910154,0.7835167205910154,1.0747917486183343,1.0615855558711162,1.2842335162304546,1.2842335162304546,1.0424415804333282,1.0604606851654921,0.9230033023385661,0.9230033023385661,1.0375209311121758,1.0491151912461545,1.0452998451692677,1.0452998451692677,1.0311344563964417,1.0351204945679879
245,1.1013774097995317,1.1013774097995317,1.0890568944355605,1.0899902814500371,1.2997849889314788,1.2997849889314788,1.1722930889509495,1.1634741039337047,1.1297596312303053,1.1297596312303053,1.1987744398993518,1.1795668050899493,0.8097816949293938,0.8097816949293938,1.0798706009009715,1.0629503807866707,1.2484924864486631,1.2484924864486631,1.0337046334570930,1.0502393509463346,0.8951046430156478,0.8951046430156478,1.0304365096151240,1.0374757187574974,1.0484486606024821,1.0484486606024821,1.0301339515426762,1.0347556879843844
246,1.0990002120340716,1.0990002120340716,1.0873319420369374,1.0907724964345027,1.3021651413015689,1.3021651413015689,1.1739983718911333,1.1657090729710882,1.1140226221087564,1.1140226221087564,1.1872649750190438,1.1768969545565191,0.8245867846809494,0.8245867846809494,1.0891564956882818,1.0693939651403599,1.2488036373738036,1.2488036373738036,1.0316195225668596,1.0515202625459530,0.8558894816070860,0.8558894816070860,1.0203995427618695,1.0364013541009824,1.0537946086703400,1.0537946086703400,1.0265568497683433,1.0322003752203306
247,1.0978417857455032,1.0978417857455032,1.0865606781799897,1.0889662965175613,1.3001075388468335,1.3001075388468335,1.1750442486422719,1.1682114540932953,1.0982665925608044,1.0982665925608044,1.1834019462508873,1.1780339431935309,0.8520009984754390,0.8520009984754390,1.0899153782273736,1.0688558013011600,1.2193387259824324,1.2193387259824324,1.0335942367335906,1.0410918365617592,0.8296637911164425,0.8296637911164425,1.0143877514805066,1.0301117790855832,1.0569245412121704,1.0569245412121704,1.0250384734725622,1.0300831048684083
248,1.0969591777628249,1.0969591777628249,1.0873461819384880,1.0901428487454734,1.3027635787625842,1.3027635787625842,1.1725253641426523,1.1654516594319579,1.0781786932471782,1.0781786932471782,1.1849593870857213,1.1650083038075585,0.8684441637928704,0.8684441637928704,1.0901708294114902,1.0720686768136458,1.1975115486515748,1.1975115486515748,1.0224115110374599,1.0457776482815073,0.8114341818369180,0.8114341818369180,1.0049780847163781,1.0167457727550233,1.0619408969940516,1.0619408969940516,1.0249783037997122,1.0271676914374435
249,1.0965654770653470,1.0965654770653470,1.0874143025486076,1.0899095376696901,1.2947019113665346,1.2947019113665346,1.1694631619430329,1.1643280973658838,1.0662532740643140,1.0662532740643140,1.1708194723217640,1.1635024779574159,0.8848477001635392,0.8848477001635392,1.0897806126420519,1.0700624273329307,1.1703080677678652,1.1703080677678652,1.0173240138632853,1.0373258237817058,0.7875079815661081,0.7875079815661081,1.0009553905530666,1.0101258268984923,1.0623565445123044,1.0623565445123044,1.0212895985701915,1.0265937656808146
250,1.0948733216923496,1.0948733216923496,1.0870937893050616,1.0905424151099330,1.2961673921268531,1.2961673921268531,1.1677455040877733,1.1630791613788092,1.0452213405259394,1.0452213405259394,1.1663381104403026,1.1523868942771140,0.8905433527395423,0.8905433527395423,1.0890654067958578,1.0709261932383913,1.1672414891905929,1.1672414891905929,1.0159394308729721,1.0292578978045548,0.7726509924828339,0.7726509924828339,0.9882044244218054,1.0017104375136345,1.0678666916356760,1.0678666916356760,1.0197835899396290,1.0206543105752319
251,1.0941750870681994,1.0941750870681994,1.0868667975771036,1.0904101491078411,1.2918150859089521,1.2918150859089521,1.1661567024910817,1.1588897707332084,1.0236422139041683,1.0236422139041683,1.1566350872757285,1.1508158542062581,0.9073896891979881,0.9073896891979881,1.0919762285001360,1.0669962453308628,1.1448470320649424,1.1448470320649424,1.0037824974414322,1.0188043785284973,0.7460544666122894,0.7460544666122894,0.9831099271789985,0.9909725608983057,1.0688782324535755,1.0688782324535755,1.0136785766570182,1.0165411433060825
252,1.0937112927059707,1.0937112927059707,1.0857082853704247,1.0909853524192648,1.2901457916453352,1.2901457916453352,1.1659918018370146,1.1606569646720659,1.0024044198324089,1.0024044198324089,1.1494394032506690,1.1463211524766321,0.9234802280789584,0.9234802280789584,1.0883266385232320,1.0753347646779499,1.1226950083628184,1.1226950083628184,0.9874134377139598,0.9992016142960117,0.7177256486108341,0.7177256486108341,0.9688590322745028,0.9796047706183237,1.0751077953479007,1.0751077953479007,1.0116584265152202,1.0146494628356091
253,1.0936442719305288,1.0936442719305288,1.0880990493820815,1.0910244170291850,1.2888381307468488,1.2888381307468488,1.1625402808805625,1.1576261310024667,0.9773135014214516,0.9773135014214516,1.1428000882326366,1.1429334539508762,0.9430322486750421,0.9430322486750421,1.0851583542081904,1.0791674921805348,1.0873278402331650,1.0873278402331650,0.9517197494337318,0.9715773610977554,0.6897244040204057,0.6897244040204057,0.9480893116020485,0.9525115590984614,1.0730387379765580,1.0730387379765580,1.0029243028128991,1.0074068609659150
254,1.0960399600126915,1.0960399600126915,1.0900792423944410,1.0940546926561856,1.2822943278223191,1.2822943278223191,1.1619454010344130,1.1563495519772982,0.9501115744610463,0.9501115744610463,1.1366175745680083,1.1325730771632083,0.9506545325011315,0.9506545325011315,1.0910817183357313,1.0664287427895796,1.0920510872496989,1.0920510872496989,0.9552955050879050,0.9830149989006982,0.6805129723483675,0.6805129723483675,0.9464580336012913,0.9607007664503685,1.0765131153552958,1.0765131153552958,1.0094408845102885,1.0129726858940955
255,1.0984811056642847,1.0984811056642847,1.0947343816699393,1.0966587180217930,1.2785377098493844,1.2785377098493844,1.1586197899281776,1.1549172112942172,0.9247872353070180,0.9247872353070180,1.1269930283718070,1.1259074628450580,0.9603420302414345,0.9603420302414345,1.0830000934164004,1.0799694167041525,1.0845803415235269,1.0845803415235269,0.9556648428173184,0.9650161863469964,0.6820387986757286,0.6820387986757286,0.9574885564501394,0.9599655099875701,1.0788850453481271,1.0788850453481271,1.0180733185208111,1.0183893920870810
256,1.1016428968396421,1.1016428968396421,1.0983161402582982,1.0994597582114467,1.2739110764516886,1.2739110764516886,1.1553341517619098,1.1506061716760116,0.8958426749942398,0.8958426749942398,1.1182508575887489,1.1190694732500470,0.9692751541987563,0.9692751541987563,1.0783973745556770,1.0675249172370356,1.0777280533118814,1.0777280533118814,0.9620175673618939,0.9733858086837962,0.6757261779719705,0.6757261779719705,0.9608212536008599,0.9686159836136722,1.0856943801802845,1.0856943801802845,1.0205013071466076,1.0246211042272571
257,1.1043178999638050,1.1043178999638050,1.1002070452393145,1.1015106502322585,1.2679123613361989,1.2679123613361989,1.1530402746467263,1.1481499603089187,0.8647178821311580,0.8647178821311580,1.1161090903269049,1.1098652561140230,0.9827494706961570,0.9827494706961570,1.0749032391238880,1.0740803913467099,1.0897404011901808,1.0897404011901808,0.9600327383121193,0.9756309372339944,0.6758668441342383,0.6758668441342383,0.9633946397259769,0.9763229880163226,1.0815322326667469,1.0815322326667469,1.0266716923739458,1.0276122044850271
258,1.1070088503238638,1.1070088503238638,1.1033139608402969,1.1054837056183575,1.2631291712299904,1.2631291712299904,1.1498524572377251,1.1439981132221477,0.8320928046140248,0.8320928046140248,1.0950913232597981,1.1019243596857902,0.9878502144725585,0.9878502144725585,1.0607968167046953,1.0604499755198813,1.0800192774216417,1.0800192774216417,0.9582906664553865,0.9742562863256896,0.6803369453552534,0.6803369453552534,0.9709412649279386,0.9744660533084839,1.0858512649142347,1.0858512649142347,1.0312398760190205,1.0356933418853747
259,1.1083126560652488,1.1083126560652488,1.1073226855578464,1.1074657731787783,1.2558951664709224,1.2558951664709224,1.1478686404947216,1.1412563551530417,0.7983029524133408,0.7983029524133408,1.0898930415735133,1.0957791482947403,0.9875362677865301,0.9875362677865301,1.0687272972788682,1.0588901345257711,1.0636565830950078,1.0636565830950078,0.9574811868152557,0.9789328683288901,0.6844499410427767,0.6844499410427767,0.9783118755479304,0.9781281580314888,1.0879638350352883,1.0879638350352883,1.0376971714482184,1.0419535836454994
260,1.1102201256132631,1.1102201256132631,1.1107438026622283,1.1109191462147967,1.2504698486594625,1.2504698486594625,1.1412184986319798,1.1369208092953913,0.7609648202585340,0.7609648202585340,1.0803937315393406,1.0868336579288331,1.0002846863908388,1.0002846863908388,1.0561745582708335,1.0575198445578675,1.0800161538988411,1.0800161538988411,0.9639295692537559,0.9788763363150362,0.6829115506106826,0.6829115506106826,0.9811663225515879,0.9861261327607845,1.0888764086042735,1.0888764086042735,1.0447276983446969,1.0483749050124129
261,1.1102226686940704,1.1102226686940704,1.1120756568056183,1.1132021189299770,1.2446113435624651,1.2446113435624651,1.1400859974753099,1.1345389988712533,0.7252933691411431,0.7252933691411431,1.0721892914833211,1.0758011486452694,0.9976689386054342,0.9976689386054342,1.0552743011731531,1.0503068383603200,1.0623848287731787,1.0623848287731787,0.9644910897609942,0.9752732857177758,0.6891898466984177,0.6891898466984177,0.9883547977817779,0.9916519312757029,1.0948438500972510,1.0948438500972510,1.0532663933053474,1.0541064174241435
262,1.1125915484660565,1.1125915484660565,1.1134970298976743,1.1138243843305173,1.2354197483703315,1.2354197483703315,1.1334751410572537,1.1284961523239490,0.6852134489898419,0.6852134489898419,1.0623634845619803,1.0691750233401642,1.0062888277739750,1.0062888277739750,1.0546628274725900,1.0415946820131685,1.0832744687218756,1.0832744687218756,0.9683012217051158,0.9907812285182003,0.6881889927059288,0.6881889927059288,0.9896962472603440,0.9932393268990852,1.0972888486697860,1.0972888486697860,1.0595952024347732,1.0622399081476959
263,1.1140512238685878,1.1140512238685878,1.1160350421886067,1.1133774482815875,1.2266781329725744,1.2266781329725744,1.1301087713021571,1.1232874001423943,0.6468068087994028,0.6468068087994028,1.0540555530039188,1.0604702357135238,1.0037181668142281,1.0037181668142281,1.0550369528288555,1.0418478002272229,1.0737273011462336,1.0737273011462336,0.9807722945043181,0.9911411874635557,0.6924693370874206,0.6924693370874206,0.9933935460451452,0.9923901551412659,1.1067923914591877,1.1067923914591877,1.0668543348256516,1.0676279866808016
264,1.1139868521356535,1.1139868521356535,1.1172044075094403,1.1139735680770630,1.2193316332649122,1.2193316332649122,1.1255845612785687,1.1167837382685661,0.6063447980415114,0.6063447980415114,1.0471649481934089,1.0545560596270116,1.0201734343848623,1.0201734343848623,1.0366809605987477,1.0424512570602753,1.0751376918262139,1.0751376918262139,0.9744030971502148,0.9920973284121564,0.6921861913869444,0.6921861913869444,0.9938959485690575,0.9920487389676212,1.1206500453852097,1.1206500453852097,1.0701224412816628,1.0741521519354333
265,1.1157255246950841,1.1157255246950841,1.1186233944558308,1.1175436735498117,1.2116971346003473,1.2116971346003473,1.1227360718980384,1.1109879146148671,0.5714848851173254,0.5714848851173254,1.0324752041697887,1.0431950214174917,1.0250632192770015,1.0250632192770015,1.0442551313098107,1.0340874258917829,1.0858669926464051,1.0858669926464051,0.9738126769771384,1.0067916140131834,0.7058073647665385,0.7058073647665385,1.0061767704879516,0.9989017907968870,1.1278105422883637,1.1278105422883637,1.0779551977641146,1.0779351207166556
266,1.1165690328103506,1.1165690328103506,1.1212568525733715,1.1184563089642470,1.2036581296609166,1.2036581296609166,1.1168128089755891,1.1036660384184496,0.5526861049074782,0.5526861049074782,1.0237902561761691,1.0294748014244730,1.0372924274889972,1.0372924274889972,1.0332399842997613,1.0298937172998364,1.0743032306964744,1.0743032306964744,0.9861022598748761,1.0006033774966749,0.7279251111169225,0.7279251111169225,1.0101916895710443,1.0060543854496740,1.1429053614617479,1.1429053614617479,1.0840396964274339,1.0852774291962732
267,1.1153156648383100,1.1153156648383100,1.1201690010673591,1.1175146826877251,1.1925112474329476,1.1925112474329476,1.1121010109536276,1.1010415181988484,0.5372764541451143,0.5372764541451143,1.0130784769806349,1.0205745349905182,1.0340039368049603,1.0340039368049603,1.0321423200440514,1.0328695821209803,1.0826867658933863,1.0826867658933863,0.9888035116407822,1.0058337424927302,0.7652946443982714,0.7652946443982714,1.0173803302284732,1.0054005677071944,1.1521029715563538,1.1521029715563538,1.0897852621701163,1.0895925587234780
268,1.1151951863850649,1.1151951863850649,1.1197794435444037,1.1170021519296183,1.1825388005797994,1.1825388005797994,1.1072905082518940,1.0935452556025405,0.5249118830764502,0.5249118830764502,1.0049742585529748,1.0128692618019484,1.0461114105876799,1.0461114105876799,1.0216691088419259,1.0176960080914224,1.0621858843978766,1.0621858843978766,0.9833671954999392,1.0016515271821094,0.7902047306438380,0.7902047306438380,1.0145993329187957,1.0121946011925853,1.1606136325114373,1.1606136325114373,1.0961727686312943,1.0957541723129214
269,1.1139289970472877,1.1139289970472877,1.1236571611676893,1.1186350987635867,1.1735305112253023,1.1735305112253023,1.1021916503861691,1.0864336429405608,0.5154041282972904,0.5154041282972904,0.9934180344790114,0.9981496912256850,1.0477836572214225,1.0477836572214225,1.0114611186104865,1.0266690487796502,1.0644021439604214,1.0644021439604214,0.9909594267123194,1.0142774909905528,0.8185635988751699,0.8185635988751699,1.0192875408633713,1.0213858015446915,1.1741487845652432,1.1741487845652432,1.1006864756557626,1.1019552959945960
270,1.1141404436202436,1.1141404436202436,1.1214079494746878,1.1182254586512932,1.1629477384093059,1.1629477384093059,1.0951967787463124,1.0836260120998267,0.5072398366973472,0.5072398366973472,0.9824848848351920,0.9933020462010420,1.0382776932791633,1.0382776932791633,1.0070477612012063,1.0100889428560855,1.0624266359245103,1.0624266359245103,0.9946221703606658,1.0154545682790110,0.8427932805623640,0.8427932805623640,1.0235648275470322,1.0224135120355178,1.1814309380413461,1.1814309380413461,1.1072014868559814,1.1068358218044241
271,1.1138223465959323,1.1138223465959323,1.1220170323988423,1.1183487274892896,1.1528290629836127,1.1528290629836127,1.0901051886878543,1.0746469259671809,0.5031131805117789,0.5031131805117789,0.9751178594291849,0.9810915845739879,1.0439204281597889,1.0439204281597889,0.9995572083693087,1.0157084548424271,1.0747607066512754,1.0747607066512754,1.0021557352513943,1.0196428405911162,0.8690540728301480,0.8690540728301480,1.0278255715068234,1.0277352191825113,1.1932075928465335,1.1932075928465335,1.1105661788879861,1.1111908535835844
272,1.1122741401927971,1.1122741401927971,1.1227334149054904,1.1177269234817799,1.1390170758572453,1.1390170758572453,1.0850405091590059,1.0720567144828028,0.4976343919730551,0.4976343919730551,0.9617362283721308,0.9729958453352670,1.0383408148350843,1.0383408148350843,0.9964656456135014,0.9910236762854414,1.0675619476797438,1.0675619476797438,1.0046616252762335,1.0277739324408897,0.9001907739491358,0.9001907739491358,1.0327017047945550,1.0422515886515034,1.2047755655793499,1.2047755655793499,1.1168646577908041,1.1171617795070485
273,1.1109372744009174,1.1109372744009174,1.1211259994239893,1.1177551453554821,1.1342696998628086,1.1342696998628086,1.0786994455323269,1.0648105135537913,0.5001076943587554,0.5001076943587554,0.9539047174095666,0.9610565634450994,1.0427332208504920,1.0427332208504920,0.9912026041193692,0.9905743914554949,1.0628802675435569,1.0628802675435569,1.0084789821368147,1.0326198220570098,0.9251945081093613,0.9251945081093613,1.0413464360069644,1.0430242673602781,1.2148442516634566,1.2148442516634566,1.1231531247741593,1.1206562167710590
274,1.1091804823907347,1.1091804823907347,1.1217353902379070,1.1163483580053235,1.1202071625603121,1.1202071625603121,1.0755170298719701,1.0590742890744227,0.5053671657358908,0.5053671657358908,0.9543593933450771,0.9574848559498427,1.0460755784262359,1.0460755784262359,0.9787010128174906,0.9843143178069952,1.0729413747553962,1.0729413747553962,1.0064730563309781,1.0404636389792399,0.9498762385132353,0.9498762385132353,1.0467823750704350,1.0536638899729551,1.2264549161507063,1.2264549161507063,1.1277452585010859,1.1252834073989384
275,1.1087789935082846,1.1087789935082846,1.1219168912533444,1.1151549649317960,1.1100545306012586,1.1100545306012586,1.0734672135818948,1.0547434484147455,0.5130806602910116,0.5130806602910116,0.9471043611126856,0.9470556601352914,1.0484699261677521,1.0484699261677521,0.9913468521445959,0.9799074721734415,1.0628228427782220,1.0628228427782220,1.0252248935068184,1.0468604094039951,0.9836379308334370,0.9836379308334370,1.0525425515217448,1.0621539589940565,1.2295850726003397,1.2295850726003397,1.1320193665509597,1.1305005042922147
276,1.1070086913813133,1.1070086913813133,1.1221119394183650,1.1129252062128063,1.1007489543978015,1.1007489543978015,1.0665561181528300,1.0499493418046002,0.5236325976625126,0.5236325976625126,0.9379768357161796,0.9393190906749722,1.0600990050003332,1.0600990050003332,0.9973676267911646,0.9850293767616989,1.0728034592101987,1.0728034592101987,1.0149004878860852,1.0478785625106497,1.0203635861289362,1.0203635861289362,1.0636547954265076,1.0678732981115142,1.2375012583385290,1.2375012583385290,1.1350365860839624,1.1358948573809107
277,1.1075155591747154,1.1075155591747154,1.1207946330662886,1.1112954891300517,1.0919889118222035,1.0919889118222035,1.0634509966048917,1.0455582157958883,0.5336379889038959,0.5336379889038959,0.9340580556017415,0.9349713667241906,1.0641323775040548,1.0641323775040548,0.9834396466501906,0.9765901853976583,1.0781569370195074,1.0781569370195074,1.0361007047517465,1.0606741223606548,1.0556367272958251,1.0556367272958251,1.0681390315857739,1.0758702837065550,1.2425341086618957,1.2425341086618957,1.1402894083393591,1.1414613685886088
278,1.1058056552169171,1.1058056552169171,1.1193403927420054,1.1089518432313537,1.0807481847328906,1.0807481847328906,1.0614192516193719,1.0392515840871979,0.5454513557788334,0.5454513557788334,0.9286885960281932,0.9272218527326243,1.0661790820898405,1.0661790820898405,0.9825974335785974,0.9801939559702576,1.0804344656831417,1.0804344656831417,1.0345921421949873,1.0751633351971406,1.0979394202973671,1.0979394202973671,1.0759157660767584,1.0824340137662669,1.2554911307684244,1.2554911307684244,1.1470397978030262,1.1463885614056382
279,1.1033717149609445,1.1033717149609445,1.1183125027673864,1.1083035091245872,1.0710364675855659,1.0710364675855659,1.0536187337226284,1.0341486008350880,0.5570199155329891,0.5570199155329891,0.9257259269784317,0.9194451388399563,1.0624067385767697,1.0624067385767697,0.9819635468382580,0.9752155809147425,1.0796086543088501,1.0796086543088501,1.0452861745417923,1.0699188371976218,1.1388484043615232,1.1388484043615232,1.0874374423972877,1.0965881952422614,1.2629936095226533,1.2629936095226533,1.1481698686733688,1.1473833725864566
280,1.1039169938707067,1.1039169938707067,1.1167018544433711,1.1065585206830326,1.0605333477318502,1.0605333477318502,1.0539559010516413,1.0282354413069263,0.5653802339764760,0.5653802339764760,0.9233472573683119,0.9106513780428449,1.0682212779930602,1.0682212779930602,0.9844008212405964,0.9744568015412477,1.1063452886693566,1.1063452886693566,1.0616838449384447,1.0878181418697952,1.1766969279449591,1.1766969279449591,1.0942371636165480,1.1002826116842592,1.2686413853089191,1.2686413853089191,1.1549682564568133,1.1518491894877541
281,1.1009845038148061,1.1009845038148061,1.1155961453310899,1.1039970972739130,1.0592178107008996,1.0592178107008996,1.0486142591377603,1.0241704443327486,0.5776079097312991,0.5776079097312991,0.9235504800176609,0.9127823100538466,1.0752754678158603,1.0752754678158603,0.9760663312571227,0.9683250128057802,1.1244249594524025,1.1244249594524025,1.0552600272159069,1.0863996498078894,1.2007086159386939,1.2007086159386939,1.1020689853780175,1.1106071950367551,1.2743092381615184,1.2743092381615184,1.1587373515102559,1.1588986526931915
282,1.0983523621984159,1.0983523621984159,1.1139777227905525,1.1009578244828166,1.0555609818402252,1.0555609818402252,1.0446066527117854,1.0208753353769746,0.5879513987562992,0.5879513987562992,0.9216073575820108,0.9033000312782478,1.0789002112996720,1.0789002112996720,0.9875191072361370,0.9690423728351570,1.1598903984147839,1.1598903984147839,1.0732231925110203,1.1005009261207346,1.2237093468454125,1.2237093468454125,1.1181197286394990,1.1147406222322129,1.2797953525140375,1.2797953525140375,1.1620027095962184,1.1594969903926629
283,1.0987615862849882,1.0987615862849882,1.1098909480180184,1.0968327400931501,1.0530127557754720,1.0530127557754720,1.0395903924935117,1.0156422730058905,0.5996594416374120,0.5996594416374120,0.9203715088238217,0.9028215751865811,1.0779716599902018,1.0779716599902018,0.9782880956616122,0.9697640473795461,1.1614480752083636,1.1614480752083636,1.0721339641055745,1.1101096379040467,1.2394520405489324,1.2394520405489324,1.1151352558262284,1.1148098616300548,1.2885903763788973,1.2885903763788973,1.1665522435873918,1.1638493750936836
284,1.0957223398160316,1.0957223398160316,1.1071965277273537,1.0952584670729006,1.0469456074713066,1.0469456074713066,1.0356644997924829,1.0093330926482980,0.6130887684126902,0.6130887684126902,0.9178342503401149,0.8982941024917727,1.0739511016369305,1.0739511016369305,0.9709320210683723,0.9748655299300787,1.1778444074728505,1.1778444074728505,1.0679429345657041,1.1035386565794560,1.2534634783363652,1.2534634783363652,1.1209242166170710,1.1301757325682844,1.2935280658860004,1.2935280658860004,1.1688437952714894,1.1680350919118432
285,1.0946449742281954,1.0946449742281954,1.1043732555707677,1.0912880262473081,1.0380259617586014,1.0380259617586014,1.0314255020973107,1.0053736685536492,0.6246653503875058,0.6246653503875058,0.9177464542317477,0.8953738817843470,1.0905145775891436,1.0905145775891436,0.9816397071481572,0.9680995074878045,1.1566907097120074,1.1566907097120074,1.0957814046744232,1.1244174291246440,1.2594325938261877,1.2594325938261877,1.1252895105917169,1.1328815093225240,1.2970996938871631,1.2970996938871631,1.1690017283932113,1.1695910836582479
286,1.0918884865564991,1.0918884865564991,1.1016442746541777,1.0887316781615246,1.0295160235403136,1.0295160235403136,1.0276304299270842,1.0021924645988156,0.6345427742702986,0.6345427742702986,0.9225140935540862,0.8950697672274520,1.0918500968249467,1.0918500968249467,0.9709828814278646,0.9580268407401107,1.1393296894440927,1.1393296894440927,1.0811662656666774,1.1331242245440725,1.2623760915587243,1.2623760915587243,1.1304394259594861,1.1312153126701692,1.3012404208875497,1.3012404208875497,1.1708669882515557,1.1716462947337876
287,1.0891674960544042,1.0891674960544042,1.0992011693827679,1.0857641519866794,1.0180787646550749,1.0180787646550749,1.0240724454155345,0.9963148881303281,0.6434099159125710,0.6434099159125710,0.9175362013539820,0.8967712357397351,1.0747806992290356,1.0747806992290356,0.9780904011569189,0.9539430084638104,1.1284062496682925,1.1284062496682925,1.0990808795231821,1.1329381880699105,1.2730686627938672,1.2730686627938672,1.1350927287566974,1.1449782915483566,1.3047840604133405,1.3047840604133405,1.1727752404699461,1.1732861106212784
288,1.0874344924459398,1.0874344924459398,1.0963293276160289,1.0806198503925195,1.0052232818043036,1.0052232818043036,1.0178493363365237,0.9922527338799259,0.6556889597577485,0.6556889597577485,0.9161612194706149,0.8878513067266706,1.0835605279791207,1.0835605279791207,0.9713912010371222,0.9489470877139120,1.1297873272881438,1.1297873272881438,1.0968376874608132,1.1376381327931220,1.2689642158786365,1.2689642158786365,1.1428813740088677,1.1492472301367336,1.3074355766161512,1.3074355766161512,1.1764685590349058,1.1751380849196584
289,1.0838698878668784,1.0838698878668784,1.0928948173069455,1.0784166217727866,0.9927925899846504,0.9927925899846504,1.0129808876038788,0.9874600976441472,0.6703389579798850,0.6703389579798850,0.9129719481746766,0.8881767224109341,1.0812255050082069,1.0812255050082069,0.9649983124609346,0.9507770173477915,1.1212507394740006,1.1212507394740006,1.0992675713644977,1.1433270993301350,1.2723933097827587,1.2723933097827587,1.1494820862599797,1.1547969327294785,1.3112373072028360,1.3112373072028360,1.1761895994749723,1.1741880779873501
290,1.0858162983397541,1.0858162983397541,1.0921225528082672,1.0790408865431260,0.9945662801549878,0.9945662801549878,1.0214590794214464,0.9940571773027397,0.7103803197157563,0.7103803197157563,0.9396022899236035,0.9127885365372312,1.1111702762175160,1.1111702762175160,0.9967104649710576,0.9676036258957251,1.1190020433285259,1.1190020433285259,1.1226812136367144,1.1528824518146563,1.2796769933028347,1.2796769933028347,1.1507456195091210,1.1611842671804022,1.3125135816797842,1.3125135816797842,1.1797929089208401,1.1781316361757057
291,1.0843960406897355,1.0843960406897355,1.0917483897734743,1.0781592413605761,0.9929382241321039,0.9929382241321039,1.0226497230362508,1.0016280368919184,0.7392854158785144,0.7392854158785144,0.9521752812190485,0.9285297419530636,1.1307189746264461,1.1307189746264461,1.0103717874080267,0.9672676689934349,1.1149335347452027,1.1149335347452027,1.1228887132374334,1.1522291609402731,1.2883966115143475,1.2883966115143475,1.1570821444600392,1.1623783170817583,1.3169489713488838,1.3169489713488838,1.1797209605192105,1.1783145786871285
292,1.0852588868153075,1.0852588868153075,1.0918880177811094,1.0778200405842806,0.9871433968230491,0.9871433968230491,1.0307168908887969,1.0079271206788598,0.7684490345715694,0.7684490345715694,0.9646153521493119,0.9432068741294155,1.1450729588223405,1.1450729588223405,1.0178341802668720,0.9813217701944704,1.1106521460694667,1.1106521460694667,1.1282920837592207,1.1666243460394303,1.2905769370294975,1.2905769370294975,1.1704033382830772,1.1695526726881527,1.3140688452792373,1.3140688452792373,1.1799665470142680,1.1794515477680345
293,1.0870134536297835,1.0870134536297835,1.0905750988581593,1.0776054159262345,0.9804737243853632,0.9804737243853632,1.0353872427666151,1.0110719573743570,0.7915120132341050,0.7915120132341050,0.9802741232386535,0.9582022123776909,1.1494005821882503,1.1494005821882503,1.0193700481848746,0.9990282521705772,1.1298469144923406,1.1298469144923406,1.1377197327489914,1.1700973153190983,1.3045554749962893,1.3045554749962893,1.1723983907817215,1.1666502230729001,1.3169521060581253,1.3169521060581253,1.1785955029843067,1.1786589929650644
294,1.0894347844434200,1.0894347844434200,1.0912479149633072,1.0786114065305188,0.9729617515928140,0.9729617515928140,1.0400310769692709,1.0162316970770215,0.8177939726317414,0.8177939726317414,0.9931208029612990,0.9675196531984209,1.1494781789881985,1.1494781789881985,1.0232894566790853,0.9965801963526034,1.1073131001955849,1.1073131001955849,1.1454703341301655,1.1678383421940788,1.3004537481449701,1.3004537481449701,1.1781933069531572,1.1767993999508628,1.3150899394967301,1.3150899394967301,1.1816002566960175,1.1808668522133183
295,1.0909772689147386,1.0909772689147386,1.0904376260788671,1.0796069388927769,0.9645261908141185,0.9645261908141185,1.0414692188855936,1.0198314676015756,0.8355226921180866,0.8355226921180866,1.0016254174213450,0.9760645185149700,1.1553900110282771,1.1553900110282771,1.0299300380794671,1.0053849709553522,1.1239338455597485,1.1239338455597485,1.1409796150555518,1.1723179274347171,1.3102300464225789,1.3102300464225789,1.1819238566129358,1.1822521673866289,1.3137340284778578,1.3137340284778578,1.1812046877211646,1.1787541897381575
296,1.0911882386600429,1.0911882386600429,1.0898894283553957,1.0800198087562842,0.9532172534455391,0.9532172534455391,1.0434255358173175,1.0246635098703818,0.8580829880828222,0.8580829880828222,1.0089504249505357,0.9898245552306855,1.1515566816510270,1.1515566816510270,1.0308121923373283,1.0081465481975522,1.1457074424610258,1.1457074424610258,1.1528536207585349,1.1842839665100087,1.3180871453205181,1.3180871453205181,1.1910906761906621,1.1861998021978775,1.3116986319128954,1.3116986319128954,1.1797490331561356,1.1787863468355566
297,1.0907615838737708,1.0907615838737708,1.0885765864048864,1.0780078275477158,0.9407400478624645,0.9407400478624645,1.0452086039379784,1.0261518228043551,0.8739029366147417,0.8739029366147417,1.0188086036213304,0.9922622234757966,1.1580603376026359,1.1580603376026359,1.0314207925712535,1.0049670382678282,1.1453725047084036,1.1453725047084036,1.1530062109941610,1.1800861760527137,1.3149233224111698,1.3149233224111698,1.1927543779302032,1.1930248285565881,1.3101868064272193,1.3101868064272193,1.1798060618346442,1.1757983838555817
298,1.0936137019799912,1.0936137019799912,1.0886697230582703,1.0772609091300878,0.9277546088260319,0.9277546088260319,1.0440265049073931,1.0287626195298671,0.8913768858998082,0.8913768858998082,1.0237976133919542,0.9992363764311416,1.1542066005042986,1.1542066005042986,1.0330988970878363,1.0048974307589633,1.1446668288264441,1.1446668288264441,1.1624997512220432,1.1852230901687246,1.3242193351181628,1.3242193351181628,1.1903040696706741,1.1952650527881947,1.3089102334065337,1.3089102334065337,1.1788128205302928,1.1745662180015826
299,1.0933205059552513,1.0933205059552513,1.0872210247497258,1.0773157380018852,0.9156458724966419,0.9156458724966419,1.0464018011066873,1.0292281400543641,0.9169570303803617,0.9169570303803617,1.0282976135534041,1.0061731704861783,1.1801241689860289,1.1801241689860289,1.0394642003842993,1.0063390540417367,1.1551774830505908,1.1551774830505908,1.1728403406556458,1.1865743783570184,1.3197606322602042,1.3197606322602042,1.1846681290756231,1.1958850751102990,1.3065477075414274,1.3065477075414274,1.1746302920966816,1.1729384610256164
300,1.0948370827908458,1.0948370827908458,1.0866835261955274,1.0759367111323983,0.9016077809260393,0.9016077809260393,1.0500024103257208,1.0319107890739287,0.9494907580944970,0.9494907580944970,1.0335797674996374,1.0067202817499026,1.2068267228323712,1.2068267228323712,1.0332215941132783,1.0118202139133508,1.1613961766756760,1.1613961766756760,1.1707396239458598,1.1854290282191926,1.3175626910930573,1.3175626910930573,1.1996655971083430,1.1910365038485589,1.2999978818529161,1.2999978818529161,1.1743562403404062,1.1706238362924002
301,1.0954316338912489,1.0954316338912489,1.0843349430814362,1.0757847590276692,0.8864766159150349,0.8864766159150349,1.0492726831906884,1.0345545221852548,0.9709206972901259,0.9709206972901259,1.0388351084816767,1.0137540778618799,1.2291257176064323,1.2291257176064323,1.0297605035478261,1.0077493251820873,1.1632601989747029,1.1632601989747029,1.1728695293181426,1.1934032148876570,1.3154100843244314,1.3154100843244314,1.1917199614066525,1.1942175596122708,1.2985241206937452,1.2985241206937452,1.1726744341828061,1.1662052746378906
302,1.0958048309997179,1.0958048309997179,1.0835946221456951,1.0757166266568241,0.8681688432142702,0.8681688432142702,1.0478686213976305,1.0373647016748913,0.9893089209491059,0.9893089209491059,1.0431557560716578,1.0147085322228244,1.2400431364908659,1.2400431364908659,1.0472487088532627,1.0126882943338236,1.1462473313635668,1.1462473313635668,1.1642499149852108,1.1942693660999188,1.3155125400650887,1.3155125400650887,1.1891239117498342,1.1921425208012300,1.2942883821489637,1.2942883821489637,1.1633492146078888,1.1615235738083225
303,1.0962371017561063,1.0962371017561063,1.0820430886562242,1.0759382491091667,0.8544397040850512,0.8544397040850512,1.0495220475508293,1.0350696433383886,1.0064716857069629,1.0064716857069629,1.0514707178581360,1.0356555693127460,1.2624398984868801,1.2624398984868801,1.0646840423725605,1.0518471202197077,1.1425875237251579,1.1425875237251579,1.1827936745670153,1.2140076917941969,1.3127024549910566,1.3127024549910566,1.1933222896406384,1.1847569850314175,1.2900928723727829,1.2900928723727829,1.1584299266891047,1.1538084194707516
304,1.0954583892205756,1.0954583892205756,1.0836912225589157,1.0736550456974712,0.8385039847125029,0.8385039847125029,1.0465097378659607,1.0386263809064773,1.0244220513867011,1.0244220513867011,1.0649743152035365,1.0438719057033392,1.2578972821523067,1.2578972821523067,1.0946183810737626,1.0624645663962868,1.1496969018903944,1.1496969018903944,1.1698370873817296,1.2045175241827928,1.3066819173406261,1.3066819173406261,1.1891543503617539,1.1865738598019333,1.2856415852496723,1.2856415852496723,1.1539321209484892,1.1472548422367914
305,1.0961215505219253,1.0961215505219253,1.0816244355506415,1.0738548288797010,0.8175820047618123,0.8175820047618123,1.0533510034170970,1.0424710177755658,1.0472239197058235,1.0472239197058235,1.0727837545187457,1.0526373196155676,1.2761204278868949,1.2761204278868949,1.1047617183058474,1.0821304134566418,1.1310583607970188,1.1310583607970188,1.1760583184467408,1.2180592489299411,1.2978457249614881,1.2978457249614881,1.1868196757420717,1.1848657897994550,1.2794874046490150,1.2794874046490150,1.1511427216613013,1.1461710107985388
306,1.0959153490531346,1.0959153490531346,1.0809813308076475,1.0723228502205855,0.7987029152448387,0.7987029152448387,1.0529238724197545,1.0402802579941410,1.0567523769899119,1.0567523769899119,1.0928405057106525,1.0629814747754700,1.2801507155025453,1.2801507155025453,1.1193368031336954,1.0933383729212365,1.1297724304870946,1.1297724304870946,1.1688033463346936,1.2125972757342702,1.2931865145352144,1.2931865145352144,1.1876310963478636,1.1938273461487185,1.2720750861034502,1.2720750861034502,1.1481609364707108,1.1384164444086677
307,1.0957561945792786,1.0957561945792786,1.0785653968078448,1.0720619324618073,0.7790704662273393,0.7790704662273393,1.0571758343116726,1.0422129180617310,1.0743414839586443,1.0743414839586443,1.0931496722673051,1.0709898793919792,1.2941470899812477,1.2941470899812477,1.1198778769016278,1.0944820070338275,1.1265965286118000,1.1265965286118000,1.1885724517480420,1.2180266564933824,1.2786241990423259,1.2786241990423259,1.1887803193750679,1.1862725035656114,1.2622918824681346,1.2622918824681346,1.1447610064084399,1.1349111247123058
308,1.0952734330726956,1.0952734330726956,1.0770361853262096,1.0714781933793183,0.7609324761933762,0.7609324761933762,1.0587236808322795,1.0473410937279906,1.1075555477409988,1.1075555477409988,1.1004300460207337,1.0728053908630977,1.3023037713409242,1.3023037713409242,1.1241854907386302,1.1192260382636487,1.1052208204611269,1.1052208204611269,1.1744179734137588,1.2237562914689331,1.2901781238493664,1.2901781238493664,1.1875695574150695,1.1798253264922671,1.2516792496946714,1.2516792496946714,1.1400397974453018,1.1289533361396085
309,1.0928267244318368,1.0928267244318368,1.0769393539956666,1.0695228097158311,0.7520333381463328,0.7520333381463328,1.0558341381620528,1.0486266910492750,1.1347881402868298,1.1347881402868298,1.1067958361052497,1.0834064703900321,1.3010835794591724,1.3010835794591724,1.1365888094814898,1.1169361813294589,1.1071110322974822,1.1071110322974822,1.1842788283944456,1.1979895187258767,1.2927159434785673,1.2927159434785673,1.1876870107545421,1.1832295968861650,1.2426948744644306,1.2426948744644306,1.1375768652574589,1.1245942847232733
310,1.0926593579262072,1.0926593579262072,1.0766219966221942,1.0709011444957723,0.7373949515363035,0.7373949515363035,1.0578367137048938,1.0476860435544182,1.1600198357313023,1.1600198357313023,1.1124321173712657,1.0827895569704689,1.2993289900438334,1.2993289900438334,1.1360465863269020,1.1270085604428186,1.1120178463462995,1.1120178463462995,1.1876346575915893,1.2080902897726313,1.2984239328329092,1.2984239328329092,1.1779717998805463,1.1695713013832865,1.2339373924745360,1.2339373924745360,1.1332166743314198,1.1202234685152066
311,1.0909163409370641,1.0909163409370641,1.0780486038402253,1.0684584528931820,0.7330255555970177,0.7330255555970177,1.0615977057518555,1.0503526164809069,1.1677183209703497,1.1677183209703497,1.1157163784976720,1.0953044608640696,1.2953563661052088,1.2953563661052088,1.1350767913365822,1.1216841612833177,1.1075242983911049,1.1075242983911049,1.1839256744779016,1.2141689234051374,1.2953660628892469,1.2953660628892469,1.1881032256870949,1.1702641899288337,1.2248180008391023,1.2248180008391023,1.1284655277659668,1.1149148023262878
312,1.0885418451949620,1.0885418451949620,1.0770954541056359,1.0686272458435262,0.7287083947626602,0.7287083947626602,1.0633714435794037,1.0520832471105124,1.1870912075200009,1.1870912075200009,1.1219961709043460,1.0997860542076223,1.3047890046310036,1.3047890046310036,1.1316269072910183,1.1225844567492158,1.1098092754552640,1.1098092754552640,1.1744960025115221,1.2076541856657583,1.2987369992364093,1.2987369992364093,1.1723629893526410,1.1761854772899973,1.2168954710464954,1.2168954710464954,1.1227841560951339,1.1068708220598249
313,1.0877485629256394,1.0877485629256394,1.0753578782267195,1.0665106053158606,0.7278611904007908,0.7278611904007908,1.0645090518438827,1.0552710187375174,1.1933733826406139,1.1933733826406139,1.1227817580564956,1.1050507097642146,1.3077531074693860,1.3077531074693860,1.1414306007664934,1.1319972903343631,1.1252125677401328,1.1252125677401328,1.1861535497173763,1.1970792379313717,1.3034004840488294,1.3034004840488294,1.1792560115345245,1.1626455481862865,1.2111501460940675,1.2111501460940675,1.1179904097939275,1.1039105063404187
314,1.0859415980503631,1.0859415980503631,1.0763235744691615,1.0671387150281211,0.7248791083222719,0.7248791083222719,1.0684858191957793,1.0542939059583665,1.2057162160791028,1.2057162160791028,1.1321707098538940,1.1114030336552188,1.3025182897114229,1.3025182897114229,1.1403915552301982,1.1377229393900070,1.1353935701733195,1.1353935701733195,1.1795054705879333,1.2082053728008340,1.2961209453880467,1.2961209453880467,1.1844861591130602,1.1625855407081569,1.1965980794350908,1.1965980794350908,1.1118726362218054,1.0935571954970189
315,1.0845093667282102,1.0845093667282102,1.0756492958876380,1.0648065270563485,0.7293582499941030,0.7293582499941030,1.0713951028019606,1.0567795248127934,1.2110406415654522,1.2110406415654522,1.1377584334957294,1.1153650433458007,1.2956717365857315,1.2956717365857315,1.1456724122174859,1.1382061650713837,1.1493598016989102,1.1493598016989102,1.1633517133709563,1.1994659849448468,1.3019663627333335,1.3019663627333335,1.1813572683204101,1.1594023418202257,1.1909596331406154,1.1909596331406154,1.1073100474729012,1.0877364667479921
316,1.0818821523308841,1.0818821523308841,1.0742199946341786,1.0645265383856408,0.7319090766686321,0.7319090766686321,1.0696310881219722,1.0601938321172277,1.2204661038875204,1.2204661038875204,1.1465156456977257,1.1226023471515623,1.2894846376100575,1.2894846376100575,1.1408090699326974,1.1417153039480468,1.1633330010830563,1.1633330010830563,1.1700419860125231,1.1953570305093224,1.3012570736867606,1.3012570736867606,1.1580904234798766,1.1434377149463721,1.1784387087983443,1.1784387087983443,1.0974002103262162,1.0818062273959324
317,1.0807007853341999,1.0807007853341999,1.0734849078244129,1.0627783970917106,0.7346441751215718,0.7346441751215718,1.0703351815043471,1.0608558926820737,1.2215964606566272,1.2215964606566272,1.1346677488913095,1.1171541741899473,1.2957220439912025,1.2957220439912025,1.1498329045626234,1.1467779558634685,1.1597279752291507,1.1597279752291507,1.1755259866019994,1.1683552063207432,1.2960327376012104,1.2960327376012104,1.1495255936237561,1.1306602434974691,1.1638487270847309,1.1638487270847309,1.0925136083797959,1.0768734463028307
318,1.0780799286388920,1.0780799286388920,1.0731235991872359,1.0622704033650709,0.7438301232753348,0.7438301232753348,1.0703835026013102,1.0630355756432692,1.2339338596875724,1.2339338596875724,1.1384153511184842,1.1190345721721275,1.2838388178413604,1.2838388178413604,1.1408788951720004,1.1566837946973538,1.1897428669044190,1.1897428669044190,1.1458873563082124,1.1702233586357011,1.2919469425527996,1.2919469425527996,1.1491335310680524,1.1276313495533004,1.1540062625175618,1.1540062625175618,1.0858462589540261,1.0695288829047978
319,1.0752890563954471,1.0752890563954471,1.0719561581774226,1.0600213430376364,0.7535087012238000,0.7535087012238000,1.0759601696880219,1.0645002645624178,1.2380905345052873,1.2380905345052873,1.1437969092246567,1.1248055391407916,1.2877729993286346,1.2877729993286346,1.1458548773489978,1.1512046482660789,1.1964187962133208,1.1964187962133208,1.1429997016976492,1.1361287857089510,1.2848952416262978,1.2848952416262978,1.1241826369376182,1.1251016386964303,1.1425346447759583,1.1425346447759583,1.0801568384851936,1.0601315594295031
320,1.0721059139374784,1.0721059139374784,1.0716858309652868,1.0600375686925443,0.7648132547073285,0.7648132547073285,1.0715943782201276,1.0654380693334988,1.2478931705890253,1.2478931705890253,1.1396518538514100,1.1276154855503775,1.2721067512070134,1.2721067512070134,1.1499610611746776,1.1569607865611429,1.2050315499296027,1.2050315499296027,1.1395597744729160,1.1415489367515157,1.2798943393620292,1.2798943393620292,1.1212006455329280,1.1084604439922350,1.1346300276075896,1.1346300276075896,1.0712138386591785,1.0526362106174465
321,1.0701965900597088,1.0701965900597088,1.0716353370441134,1.0591321617689207,0.7781323891295843,0.7781323891295843,1.0764447556482171,1.0629737218949100,1.2443730977978678,1.2443730977978678,1.1410145737084687,1.1324292126260564,1.2752077756159463,1.2752077756159463,1.1430644538968513,1.1577365363603527,1.2027722818608029,1.2027722818608029,1.1164495786920015,1.1372646177015873,1.2660878130559110,1.2660878130559110,1.1060013562690021,1.1013480741324801,1.1232017733438286,1.1232017733438286,1.0664470852780923,1.0470059734545367
322,1.0690503493666752,1.0690503493666752,1.0697318085828038,1.0578771727258143,0.7927165344500008,0.7927165344500008,1.0809625817870441,1.0645597657117902,1.2459675788493447,1.2459675788493447,1.1449639271418355,1.1255543556952150,1.2801215277154088,1.2801215277154088,1.1434078331600903,1.1643650695909020,1.2055397230621681,1.2055397230621681,1.1214391059989843,1.1432339368787328,1.2554228310404392,1.2554228310404392,1.0959609154437349,1.0955224030826223,1.1085134961047098,1.1085134961047098,1.0583740427285340,1.0358821667926632
323,1.0669053666674306,1.0669053666674306,1.0705474855381010,1.0568945593684116,0.8085952633168875,0.8085952633168875,1.0815663990718596,1.0648440380893520,1.2540044206533207,1.2540044206533207,1.1479233263179147,1.1338229617752744,1.2811454732560077,1.2811454732560077,1.1425432070487209,1.1612151859975957,1.2099948276598165,1.2099948276598165,1.1269375564213795,1.1462171543240951,1.2355139061128471,1.2355139061128471,1.0832924975045819,1.0826048042809437,1.0985081759288446,1.0985081759288446,1.0505140970138156,1.0277824018054076
324,1.0646394286872893,1.0646394286872893,1.0684398261637549,1.0562063147645022,0.8217118473891646,0.8217118473891646,1.0849908130714787,1.0691935034910074,1.2586384176002978,1.2586384176002978,1.1449564064323665,1.1349199698347636,1.2785226064981308,1.2785226064981308,1.1505739716085597,1.1602179577610883,1.2164977618597599,1.2164977618597599,1.1084755828938972,1.1357053724623309,1.2230332166731863,1.2230332166731863,1.0761696968881531,1.0636055135131011,1.0884883017457863,1.0884883017457863,1.0381884425944066,1.0211009805012998
325,1.0633802858025825,1.0633802858025825,1.0689951823242219,1.0569663059846628,0.8374389978576813,0.8374389978576813,1.0875823756437664,1.0689754959849047,1.2686980235264631,1.2686980235264631,1.1512450274979824,1.1343525405726260,1.2886082920987176,1.2886082920987176,1.1490369543039018,1.1674421816976677,1.2020026938969226,1.2020026938969226,1.0972310119128725,1.1230595070775817,1.1842682906053634,1.1842682906053634,1.0537940085824617,1.0545613644535545,1.0706698680570341,1.0706698680570341,1.0320015671467766,1.0103791375569147
326,1.0661478464719605,1.0661478464719605,1.0726156580503097,1.0591676890322734,0.8523957734074239,0.8523957734074239,1.0911986008270622,1.0712298739639288,1.2781268500055822,1.2781268500055822,1.1504370417111096,1.1369499672730026,1.2973817137735775,1.2973817137735775,1.1523966114970330,1.1665125475296860,1.2077223446868599,1.2077223446868599,1.1048668816206686,1.1163610402931776,1.1936835975438931,1.1936835975438931,1.0543539797854393,1.0461655928980855,1.0668614202362601,1.0668614202362601,1.0295157645938864,1.0103379607858549
327,1.0676888474794750,1.0676888474794750,1.0769891551648729,1.0634634888432448,0.8669413554000197,0.8669413554000197,1.0972711484393161,1.0728283669504468,1.2793040461920904,1.2793040461920904,1.1522814139615571,1.1318344196079915,1.2988904613395398,1.2988904613395398,1.1477671693965765,1.1729716641374195,1.2181068566440576,1.2181068566440576,1.1111652747934679,1.1443590970116109,1.1940471794200307,1.1940471794200307,1.0519910171079405,1.0492033890505486,1.0700409856744162,1.0700409856744162,1.0337217523289841,1.0140669095650441
328,1.0673302730856478,1.0673302730856478,1.0770164034089207,1.0645759074399099,0.8800442676951891,0.8800442676951891,1.0944537927736988,1.0711508658479580,1.2700733168070077,1.2700733168070077,1.1433697002280767,1.1254801294590764,1.2802895354657551,1.2802895354657551,1.1305562536217053,1.1632007258062518,1.2182298753882059,1.2182298753882059,1.1048428948980227,1.1492217154889734,1.1946999947587320,1.1946999947587320,1.0589993420751933,1.0546347252441253,1.0648952111824166,1.0648952111824166,1.0340287845258425,1.0135633764789413
329,1.0621533552747677,1.0621533552747677,1.0749768646446942,1.0629065105565279,0.8823811013367253,0.8823811013367253,1.0860059489621507,1.0641770762766172,1.2605141939374935,1.2605141939374935,1.1229341341700865,1.1144382804504354,1.2640271920491202,1.2640271920491202,1.1158035885556299,1.1385510386380329,1.2265552650068292,1.2265552650068292,1.1091058846058306,1.1215132411272204,1.2026985369800562,1.2026985369800562,1.0522806802028930,1.0472074809798986,1.0693633660266846,1.0693633660266846,1.0341640435946631,1.0162778080511621
330,1.0543705213683223,1.0543705213683223,1.0728117068570608,1.0601690657062521,0.8858822651265247,0.8858822651265247,1.0750255689589550,1.0558145671284074,1.2357116872983243,1.2357116872983243,1.0983701890946289,1.0890304595798519,1.2276677520441057,1.2276677520441057,1.0841106882719813,1.1159504584663176,1.2003210372752562,1.2003210372752562,1.0777352973383543,1.1029762207273379,1.1942200977686748,1.1942200977686748,1.0543996377033189,1.0470145998001958,1.0637130526186516,1.0637130526186516,1.0325925648632999,1.0144342651868561
331,1.0474512753193510,1.0474512753193510,1.0662490365533306,1.0564856882445024,0.8923733871273071,0.8923733871273071,1.0620291581481136,1.0418886515013950,1.2051458620683173,1.2051458620683173,1.0717400108393860,1.0595773907671227,1.1817083776601975,1.1817083776601975,1.0532806900197196,1.0786684466107799,1.1904427762827465,1.1904427762827465,1.0749918520603243,1.1032320569328913,1.1905553945190970,1.1905553945190970,1.0433527375578400,1.0388764977181244,1.0602500199019309,1.0602500199019309,1.0354005156483159,1.0140799488758796
332,1.0375296574731290,1.0375296574731290,1.0602132426069666,1.0524205080499696,0.8939280316513727,0.8939280316513727,1.0508632526323907,1.0317065050619154,1.1884206965083906,1.1884206965083906,1.0467527806157670,1.0369467453409424,1.1336493809951265,1.1336493809951265,1.0180410698648068,1.0550769661579087,1.1986946429800625,1.1986946429800625,1.0556368788584385,1.0610897480339379,1.1816378592763270,1.1816378592763270,1.0285870330865299,1.0304274777686009,1.0572215922307817,1.0572215922307817,1.0343499511972367,1.0130777847002290
333,1.0255109516161993,1.0255109516161993,1.0501664147698284,1.0454105637367654,0.8943398196336110,0.8943398196336110,1.0374775230647164,1.0177947050288232,1.1591803491564436,1.1591803491564436,1.0241653106875179,1.0114702692983013,1.1028360951441969,1.1028360951441969,0.9834393593035268,1.0316106066403938,1.1813787936572646,1.1813787936572646,1.0427577427775994,1.0614543218375672,1.1694864270967811,1.1694864270967811,1.0211002925449753,1.0238803981355131,1.0520196915161701,1.0520196915161701,1.0338969609195827,1.0110108088329584
334,1.0118997473654077,1.0118997473654077,1.0421001648072539,1.0347061685290784,0.8972747935236168,0.8972747935236168,1.0195522621500264,1.0064389057698442,1.1340701515377716,1.1340701515377716,1.0021634751357518,0.9885379671376148,1.0628602171232551,1.0628602171232551,0.9680134410041715,0.9908332623562323,1.1683114158853036,1.1683114158853036,1.0113654807607442,1.0174386689080979,1.1596400547917440,1.1596400547917440,1.0102040966139465,1.0190611711900013,1.0468641397167739,1.0468641397167739,1.0300840882575086,1.0088647147412939
335,0.9994501482541938,0.9994501482541938,1.0299937083988373,1.0256881648480656,0.8965183875944963,0.8965183875944963,1.0081665545712883,0.9889652708708588,1.1078460297632797,1.1078460297632797,0.9798222266957728,0.9668232701882896,1.0332203752348428,1.0332203752348428,0.9397184150199396,0.9621417375244994,1.1389928295235932,1.1389928295235932,0.9681584573558746,0.9846884618822308,1.1475180252078103,1.1475180252078103,1.0060406238705069,1.0039745658230679,1.0534099350648318,1.0534099350648318,1.0232408431486280,1.0051432169968681
336,0.9846105300117831,0.9846105300117831,1.0192562838227235,1.0144700085008569,0.8939595361812300,0.8939595361812300,0.9930706313828446,0.9764269965461797,1.0840060602126389,1.0840060602126389,0.9573304005727282,0.9442216270662961,0.9955080931610094,0.9955080931610094,0.9132014901912923,0.9349200241402867,1.1274266648638156,1.1274266648638156,0.9331600950357162,0.9237867541003270,1.1413976223537809,1.1413976223537809,0.9963328572222524,0.9959080111187666,1.0457295242431734,1.0457295242431734,1.0210198656811356,1.0034048709786270
337,0.9704611462851499,0.9704611462851499,1.0077666845549835,1.0051364119869453,0.8923061427888146,0.8923061427888146,0.9764804863057897,0.9634750568996692,1.0586795214174620,1.0586795214174620,0.9336584770377760,0.9257891061348389,0.9867847415925379,0.9867847415925379,0.8813298602827612,0.9028766964126723,1.0934530684452159,1.0934530684452159,0.9018863216487981,0.9238828008381502,1.1367118589226590,1.1367118589226590,0.9950286288723924,0.9883703135294108,1.0520076751307439,1.0520076751307439,1.0133470054418687,1.0010834814901652
338,0.9551468726062295,0.9551468726062295,0.9953004589582062,0.9923626690372244,0.8876723762900188,0.8876723762900188,0.9606225237040598,0.9471899746137661,1.0392588897158190,1.0392588897158190,0.9159409934781184,0.9016616468739413,0.9528763638097357,0.9528763638097357,0.8545790352697820,0.8764615097014239,1.0764675917263318,1.0764675917263318,0.8821741485771509,0.8956118906242791,1.1208174892743734,1.1208174892743734,0.9861109427161384,0.9853663127973232,1.0488322893049098,1.0488322893049098,1.0090035010482676,0.9942792161523957
339,0.9389618586550649,0.9389618586550649,0.9816256890682213,0.9806092967745732,0.8833656178947652,0.8833656178947652,0.9409254892340557,0.9341356969113332,1.0109026687149831,1.0109026687149831,0.8914708937773401,0.8777865240449503,0.8936033244072183,0.8936033244072183,0.8279483211622705,0.8439030288813419,1.0475581868515047,1.0475581868515047,0.8632168347772002,0.8811466173650888,1.1230133580118735,1.1230133580118735,0.9794787992896747,0.9831344962068831,1.0453160411670159,1.0453160411670159,1.0014898499596736,0.9908886031754146
340,0.9231805058012065,0.9231805058012065,0.9680309705166822,0.9672462011271582,0.8748878529345628,0.8748878529345628,0.9247731804380201,0.9202913380491938,0.9860236921982334,0.9860236921982334,0.8683103784862847,0.8550451127564528,0.8727473453532920,0.8727473453532920,0.8032540362220967,0.8303399194887050,1.0108964386564789,1.0108964386564789,0.8437214091993404,0.8647185871963278,1.1055076743133017,1.1055076743133017,0.9735649409336186,0.9746742660691373,1.0446161053749212,1.0446161053749212,0.9937184410229496,0.9827504065351698
341,0.9059557426658132,0.9059557426658132,0.9548722238699088,0.9559850583292696,0.8668654918976983,0.8668654918976983,0.9058914171588509,0.8999364555661816,0.9619328341659880,0.9619328341659880,0.8524761786738929,0.8327780611889740,0.8043496816339480,0.8043496816339480,0.7661320080726405,0.7971017587370202,0.9704381686327703,0.9704381686327703,0.8325016919309365,0.8460488896210738,1.0895855859184918,1.0895855859184918,0.9651638840438047,0.9628011930406181,1.0404358959652771,1.0404358959652771,0.9814233131422946,0.9767708530977693
342,0.8905064207998560,0.8905064207998560,0.9383931940162189,0.9407504756510898,0.8584511818160293,0.8584511818160293,0.8841380843003986,0.8823003933121548,0.9317362898676467,0.9317362898676467,0.8342103372977296,0.8128226735054792,0.7671224388845606,0.7671224388845606,0.7446922114466478,0.7633130658697670,0.9317425265525602,0.9317425265525602,0.8257423490880161,0.8355570093356155,1.0841498620089811,1.0841498620089811,0.9550534674965702,0.9569438696946038,1.0348587257728821,1.0348587257728821,0.9735903603476965,0.9691636407243337
343,0.8721145425164694,0.8721145425164694,0.9180357537872761,0.9239671503670178,0.8475519519418674,0.8475519519418674,0.8692544989404797,0.8623692727216256,0.9114627149629414,0.9114627149629414,0.8034772850397406,0.7848767413814998,0.7343350619670629,0.7343350619670629,0.7129165553238254,0.7323846088213284,0.9043103076914502,0.9043103076914502,0.8014810796167618,0.8202137592898369,1.0671696687526930,1.0671696687526930,0.9413938095431652,0.9536568117099098,1.0282040365966447,1.0282040365966447,0.9621292646207201,0.9543640229259244
344,0.8551932007098954,0.8551932007098954,0.9061736848784412,0.9081859707453087,0.8377240989922624,0.8377240989922624,0.8466629129060516,0.8421945601110129,0.8849522516671546,0.8849522516671546,0.7725831915029030,0.7631450035302796,0.7085119385201318,0.7085119385201318,0.6826578022391948,0.6992235340711965,0.8548728706998462,0.8548728706998462,0.7952260359427199,0.7910288187091136,1.0558131428694979,1.0558131428694979,0.9266651607733225,0.9323408036614160,1.0173534644645552,1.0173534644645552,0.9402118968877519,0.9401218601757200
345,0.8374486424536630,0.8374486424536630,0.8798752037777753,0.8842635879983158,0.8218559211707525,0.8218559211707525,0.8113784943345888,0.8227229805225561,0.8546031557856200,0.8546031557856200,0.7561483158950902,0.7405412302955492,0.6725203120928528,0.6725203120928528,0.6501175166440047,0.6720348986354115,0.8122778708095165,0.8122778708095165,0.7435436075374515,0.7849666255092080,1.0408249430842187,1.0408249430842187,0.8977101003303107,0.9195333284734480,1.0059768582673470,1.0059768582673470,0.9223532827801345,0.9273661788607741
346,0.8205036711879213,0.8205036711879213,0.8655527107983477,0.8628135798055456,0.8084128491168884,0.8084128491168884,0.7813460486495123,0.7894629162978944,0.8241025434461384,0.8241025434461384,0.7088049593062381,0.6939269901456233,0.6292521466025557,0.6292521466025557,0.6254979418364185,0.6073269530184127,0.7717232521209575,0.7717232521209575,0.7351332267851890,0.7585762700419059,1.0193190815870141,1.0193190815870141,0.8556927396928165,0.8896504286433901,0.9968184320382614,0.9968184320382614,0.9025680612684450,0.8971426249827441
347,0.8018665445491822,0.8018665445491822,0.8348211559139292,0.8309401647606957,0.7919729086603506,0.7919729086603506,0.7455606424446982,0.7344520941914338,0.7905587922727944,0.7905587922727944,0.6107891877326814,0.5895719478921336,0.6081159173323032,0.6081159173323032,0.4895594074333268,0.5464031247015270,0.7310509006499127,0.7310509006499127,0.6617107357563998,0.7106671188725695,1.0022260704418355,1.0022260704418355,0.8193678957660063,0.8311367080942500,0.9839997849539702,0.9839997849539702,0.8702825656831867,0.8753950153075805
348,0.7848006180025439,0.7848006180025439,0.7907160243004280,0.8028228734787459,0.7740926762067529,0.7740926762067529,0.6738144205245497,0.6850097758615802,0.7585919250217379,0.7585919250217379,0.5337295461073219,0.5132136327586564,0.5715761300246572,0.5715761300246572,0.3753250285869223,0.3219637795681713,0.6889001618102277,0.6889001618102277,0.5967200112325937,0.5874146378107922,0.9790121383352157,0.9790121383352157,0.7756218204841644,0.7932980365964379,0.9697000623889446,0.9697000623889446,0.8355110712328918,0.8402132879942952
349,0.7673320899756023,0.7673320899756023,0.7648545927186992,0.7684660104469401,0.7523891015636834,0.7523891015636834,0.6455025791030844,0.6457021598916406,0.7332081955566954,0.7332081955566954,0.4660035954141313,0.4629426444588250,0.5353519504966165,0.5353519504966165,0.2357667882599616,0.2713835695417512,0.6646765216783268,0.6646765216783268,0.4313295356132605,0.4728833736005489,0.9479273774842476,0.9479273774842476,0.7393221214976358,0.7491274221659757,0.9488095390074633,0.9488095390074633,0.8140497366158458,0.8162498778364589
350,0.7504522321746971,0.7504522321746971,0.7427003078314139,0.7437222712067230,0.7265893436140760,0.7265893436140760,0.6287992919453352,0.6241530393479949,0.6881460882036476,0.6881460882036476,0.4511456163895617,0.4403444422881757,0.4985480493102483,0.4985480493102483,0.1694316615354375,0.1626074552235497,0.6094514372081256,0.6094514372081256,0.3816463860906859,0.3923757288710963,0.9098635802712640,0.9098635802712640,0.7045074628328591,0.7026572354486136,0.9254530443559020,0.9254530443559020,0.7879662325134846,0.7856382819111557
351,0.7334157099998931,0.7334157099998931,0.7256405209117887,0.7251394362046526,0.6920484160855304,0.6920484160855304,0.6101779911644306,0.6088333068463091,0.6450776320752334,0.6450776320752334,0.4344184140745598,0.4285740947235245,0.4682577706369503,0.4682577706369503,0.1386628681225647,0.1364189243676137,0.5814526593651768,0.5814526593651768,0.3622795640258064,0.3485879345688954,0.8658522985528951,0.8658522985528951,0.6777994005730220,0.6684280797025882,0.8901720411132567,0.8901720411132567,0.7660948018227574,0.7639360647240889
352,0.7162605107207491,0.7162605107207491,0.7079194637531374,0.7052853865045681,0.6295347353817262,0.6295347353817262,0.5975402564635673,0.5932220481201855,0.5617623418495303,0.5617623418495303,0.4213322161046928,0.4158656782805202,0.3392477514939674,0.3392477514939674,0.1321208466278657,0.1300739985905390,0.4675101516626763,0.4675101516626763,0.3302168297615027,0.3260207007527849,0.8122150992331539,0.8122150992331539,0.6414322072731065,0.6329204679321232,0.8533523434485781,0.8533523434485781,0.7378424411277541,0.7373164587131023
353,0.7005515826890483,0.7005515826890483,0.6913363671594681,0.6874573905004838,0.5919707104433382,0.5919707104433382,0.5847246569118907,0.5801582619968481,0.4466527915076139,0.4466527915076139,0.4102406410809706,0.4032472181369421,0.1237880155354699,0.1237880155354699,0.1247765532478415,0.1240305135956564,0.3115382419677463,0.3115382419677463,0.2928018773839455,0.2844529417089183,0.7243747800784702,0.7243747800784702,0.5967971260105253,0.5896268858743262,0.8063483486375246,0.8063483486375246,0.7130285858317754,0.7138164833095507
354,0.6850054648098638,0.6850054648098638,0.6767235341332932,0.6713089420264539,0.5755551414155580,0.5755551414155580,0.5729591572966561,0.5673962947185150,0.4080207527947636,0.4080207527947636,0.3983907823503451,0.3927747646483498,0.0276882942346731,0.0276882942346731,0.1162506903862781,0.1182841548679536,0.2194539065531252,0.2194539065531252,0.2515507833630121,0.2561012714752560,0.6415891168320157,0.6415891168320157,0.5584123821075029,0.5541149878554233,0.7634431354317672,0.7634431354317672,0.6877604642291917,0.6889782628465558
355,0.6716878274497632,0.6716878274497632,0.6648266736812108,0.6576457102126636,0.5613291372128587,0.5613291372128587,0.5627372810167247,0.5575254755449447,0.3887896784038740,0.3887896784038740,0.3877448911095074,0.3836547688928452,0.0273397018826129,0.0273397018826129,0.1102767532459086,0.1128101858546933,0.1550043384396862,0.1550043384396862,0.2272597472359444,0.2331634068540319,0.5921914609350974,0.5921914609350974,0.5214865410225191,0.5221029765417241,0.7383481459619864,0.7383481459619864,0.6691108103279418,0.6672199668189028
356,0.6627414281122848,0.6627414281122848,0.6560443491017515,0.6499519814281787,0.5543415216542783,0.5543415216542783,0.5518733823570213,0.5498958009810980,0.3784635277267516,0.3784635277267516,0.3780258455638905,0.3770868120509391,0.0294485788279900,0.0294485788279900,0.1060033336618983,0.1114306915880969,0.1675039558748851,0.1675039558748851,0.2213312697858752,0.2257975161917811,0.5688935954277876,0.5688935954277876,0.5113944868987796,0.5117774040549733,0.7284497790800082,0.7284497790800082,0.6611219856891586,0.6597043237411097
357,0.6560718808100787,0.6560718808100787,0.6491628589481730,0.6448175997841757,0.5483493452147967,0.5483493452147967,0.5423609029944976,0.5437378731333599,0.3679531247557639,0.3679531247557639,0.3679487488500723,0.3712914307132140,0.0308215913188138,0.0308215913188138,0.1007037991414637,0.1099042161767485,0.1485475362687984,0.1485475362687984,0.2200645974321825,0.2264655169269120,0.5503086939907120,0.5503086939907120,0.5085258131525946,0.5064794361300968,0.7239080332044964,0.7239080332044964,0.6557627622504516,0.6572282272413804
358,0.6510481836178375,0.6510481836178375,0.6423690404046809,0.6409909597864392,0.5470399753441719,0.5470399753441719,0.5370195557214517,0.5381728982552328,0.3617268463984584,0.3617268463984584,0.3628408791711005,0.3673179511848181,0.0342277823477260,0.0342277823477260,0.0988219658402478,0.1066821363655698,0.1582770695218007,0.1582770695218007,0.2219130200592002,0.2247822473715476,0.5432492214530351,0.5432492214530351,0.5043964184203258,0.5060381173967087,0.7201871333346849,0.7201871333346849,0.6517180449435632,0.6536736914996089
359,0.6469301940589408,0.6469301940589408,0.6378716176604087,0.6373511839660769,0.5469957649779806,0.5469957649779806,0.5347677140320815,0.5348005456327283,0.3553308075007375,0.3553308075007375,0.3602138626548173,0.3645866550916705,0.0382687484220847,0.0382687484220847,0.1012161382430163,0.1036363764012267,0.1461669313527429,0.1461669313527429,0.2222673299623778,0.2268560493083313,0.5297992825729971,0.5297992825729971,0.5028612536452496,0.5024556379812222,0.7192451532075759,0.7192451532075759,0.6494049970794423,0.6524074077495889
360,0.6446392491175280,0.6446392491175280,0.6344138616741998,0.6364121722500615,0.5482239215204593,0.5482239215204593,0.5343569847078951,0.5335176930102618,0.3520455787498649,0.3520455787498649,0.3603386083357933,0.3636731644372042,0.0505228730377335,0.0505228730377335,0.1034321557142299,0.1030099088214421,0.1505751831083817,0.1505751831083817,0.2244379838634927,0.2279618847221879,0.5266725043435831,0.5266725043435831,0.5006137591803588,0.5011651474900148,0.7194820476631217,0.7194820476631217,0.6488352992307957,0.6509773973146409
