1,0.8641967031197363,0.8641967031197363,0.8521679372497306,0.8958089120258920,0.9265165936254465,0.9265165936254465,0.9010819970110344,0.9749408100459513,1.0939442220649855,1.0939442220649855,1.0286371092723474,1.1546789229954222,1.4829240770969818,1.4829240770969818,1.1780810682708787,1.3825935304474262,1.1847984140621095,1.1847984140621095,0.9740543314903936,1.2846873921603867,1.0206933181574582,1.0206933181574582,0.9633347278003555,1.0443288054025623,0.9061841605313609,0.9061841605313609,0.8805250270264914,0.9471460602612978
2,0.8646000712508600,0.8646000712508600,0.8534893914340703,0.8960804045307272,0.9410716488225284,0.9410716488225284,0.9096284496543642,0.9900779130485654,1.1057051151077908,1.1057051151077908,1.0398660532878012,1.1627966925623858,1.5134580919942635,1.5134580919942635,1.2052723081750150,1.3911633250576374,1.1566113666815012,1.1566113666815012,0.9774099390239307,1.2537501629257386,1.0136446074969416,1.0136446074969416,0.9627378885464990,1.0336933162736646,0.9029684165680627,0.9029684165680627,0.8781789250673562,0.9444729040906851
3,0.8650880165707677,0.8650880165707677,0.8543471774835542,0.8969414236174907,0.9528631842061910,0.9528631842061910,0.9157488774601880,1.0008612004718322,1.1195645500414173,1.1195645500414173,1.0532895791955263,1.1714863958942945,1.5455103728256641,1.5455103728256641,1.2338368430238047,1.3991890057243432,1.1278245948885393,1.1278245948885393,0.9866200107649159,1.2180586601561445,1.0085196715800158,1.0085196715800158,0.9634432440283294,1.0260887600535142,0.8992531395619221,0.8992531395619221,0.8767925920915035,0.9409314599668440
4,0.8656800568922557,0.8656800568922557,0.8546717451779534,0.8981747752823140,0.9605560160463554,0.9605560160463554,0.9219397707177236,1.0066021619450645,1.1339825896510181,1.1339825896510181,1.0694746206510259,1.1804343918942430,1.6143384285057241,1.6143384285057241,1.2762029920663607,1.4347604547810140,1.1046923675549094,1.1046923675549094,0.9973293965102475,1.1853299655315168,1.0048721946661678,1.0048721946661678,0.9649624712199640,1.0192101757875547,0.8950227191053501,0.8950227191053501,0.8749409165783019,0.9374387960650946
5,0.8664867931545032,0.8664867931545032,0.8543780886925445,0.8993926130897181,0.9673639005305372,0.9673639005305372,0.9287245870682586,1.0121709958256246,1.1506048531171651,1.1506048531171651,1.0854402039172983,1.1888842520344007,1.6505237666022263,1.6505237666022263,1.3076514462989224,1.4578172831370588,1.0914984304831352,1.0914984304831352,1.0096808880698633,1.1609384752217944,1.0011785471584735,1.0011785471584735,0.9665540425635814,1.0129486676826576,0.8903395968287023,0.8903395968287023,0.8724203111676607,0.9320632155906142
6,0.8676903916102755,0.8676903916102755,0.8529716286834811,0.9013396021958228,0.9758485273734228,0.9758485273734228,0.9367173825909956,1.0185802173645242,1.1778557028504943,1.1778557028504943,1.1104950138540604,1.2073152788466659,1.6534759503630132,1.6534759503630132,1.3213843957454561,1.4612860095269062,1.0851584866953996,1.0851584866953996,1.0253879871630163,1.1441951640769847,0.9980081663810360,0.9980081663810360,0.9665721286015770,1.0073042357388229,0.8844466679639205,0.8844466679639205,0.8693955846748914,0.9277217758244731
7,0.8691151919444059,0.8691151919444059,0.8520906592272546,0.9037287362383736,0.9841468495097858,0.9841468495097858,0.9458778913135280,1.0252931934787268,1.2001244027710820,1.2001244027710820,1.1291489599383648,1.2256909572300654,1.6497646336351668,1.6497646336351668,1.3315467783358907,1.4557088416059751,1.0843874124509452,1.0843874124509452,1.0389532091071030,1.1326195415571165,0.9923599637338535,0.9923599637338535,0.9657401708537771,0.9999900683003489,0.8757672813445331,0.8757672813445331,0.8648003271185688,0.9231364349478747
8,0.8705920397793266,0.8705920397793266,0.8520056534025310,0.9056989961306070,0.9952707930284089,0.9952707930284089,0.9575952892838880,1.0355499729714679,1.2103906508700646,1.2103906508700646,1.1415666358121324,1.2329600508877554,1.6425950445018271,1.6425950445018271,1.3384132530591575,1.4498596167132911,1.0846444371990966,1.0846444371990966,1.0555884549648515,1.1231109944872246,0.9854497648548756,0.9854497648548756,0.9644741481940815,0.9918591824134101,0.8691094425078987,0.8691094425078987,0.8557164530040662,0.9187071907819689
9,0.8722900894926054,0.8722900894926054,0.8533348353891184,0.9071185140844602,1.0087623588590906,1.0087623588590906,0.9677523808234871,1.0463028849372045,1.2174562451499529,1.2174562451499529,1.1504729806582659,1.2344729079434169,1.6280028219127949,1.6280028219127949,1.3379325998285290,1.4382291811708614,1.0861865856880053,1.0861865856880053,1.0657266734704320,1.1127756172373422,0.9768774245974352,0.9768774245974352,0.9598260364291992,0.9825667413997656,0.8640048392263525,0.8640048392263525,0.8457503669958391,0.9152925752355657
10,0.8743394598362177,0.8743394598362177,0.8553363361712470,0.9098256822041038,1.0178757640864902,1.0178757640864902,0.9750807878015131,1.0531069874239982,1.2232536558411431,1.2232536558411431,1.1599645473423386,1.2332921414609495,1.6083497128766993,1.6083497128766993,1.3345680272141283,1.4285711586736392,1.0872146846806110,1.0872146846806110,1.0775069977902967,1.1036804852574456,0.9617642502117862,0.9617642502117862,0.9462795939704566,0.9722034917536896,0.8627169806002744,0.8627169806002744,0.8381109936743576,0.9132145377744690
11,0.8762717233030523,0.8762717233030523,0.8575155764050706,0.9118192128824659,1.0251416476408735,1.0251416476408735,0.9816542077969127,1.0568330435477185,1.2256088539344390,1.2256088539344390,1.1660179357285196,1.2312811485454971,1.5986496805198280,1.5986496805198280,1.3351173451919895,1.4222458340803881,1.0871290097645605,1.0871290097645605,1.0837898374275581,1.0900377872876008,0.9486056309656254,0.9486056309656254,0.9330767862336313,0.9633466339125598,0.8612496022869247,0.8612496022869247,0.8368313016966474,0.9111365003133722
12,0.8784837420866338,0.8784837420866338,0.8598571004860938,0.9137894727746994,1.0306609245716070,1.0306609245716070,0.9883081597371258,1.0601844690285649,1.2269072323704868,1.2269072323704868,1.1696572840332027,1.2285137271022140,1.6245445495073016,1.6245445495073016,1.3437691033433057,1.4437383348488544,1.0878144090929645,1.0878144090929645,1.0817193561834606,1.0790822874027255,0.9365243255758755,0.9365243255758755,0.9184090094191584,0.9578655456584180,0.8600163800874074,0.8600163800874074,0.8359684790753127,0.9081609067657924
13,0.8807933499341970,0.8807933499341970,0.8622372635783550,0.9154804832333878,1.0363044046400223,1.0363044046400223,0.9942473906671193,1.0629283853588045,1.2301682758842813,1.2301682758842813,1.1755460787774634,1.2277388490980947,1.6496802855277157,1.6496802855277157,1.3544121391643691,1.4719642456682014,1.0784758432434620,1.0784758432434620,1.0547317041052249,1.0668176397328650,0.9276749617553581,0.9276749617553581,0.9071414077478678,0.9539815957034963,0.8563869603230053,0.8563869603230053,0.8342816123774220,0.9045706824198599
14,0.8832721121593281,0.8832721121593281,0.8651583728279483,0.9174662569830404,1.0411172762251906,1.0411172762251906,0.9995725655179101,1.0648015385731748,1.2376113057560438,1.2376113057560438,1.1820749599069702,1.2292148072011790,1.6830821360783332,1.6830821360783332,1.3746682395980061,1.4880156070016131,1.0626259837741230,1.0626259837741230,1.0439509224549244,1.0622011712279176,0.9249047261245874,0.9249047261245874,0.9049710831883897,0.9488997920241595,0.8543419969288691,0.8543419969288691,0.8323426851384674,0.8990682733679418
15,0.8856988268836692,0.8856988268836692,0.8683190439472172,0.9192736213723727,1.0453168948180553,1.0453168948180553,1.0052400011341582,1.0674442033783134,1.2513197664529208,1.2513197664529208,1.1928649875439699,1.2356352249495957,1.7463432166666237,1.7463432166666237,1.4162104116737699,1.5103922929282758,1.0592846620481542,1.0592846620481542,1.0239600690636388,1.0588938505079550,0.9191180116958664,0.9191180116958664,0.9015889940832029,0.9410411456200423,0.8537331910329049,0.8537331910329049,0.8313732215189901,0.8967268227075511
16,0.8880474703568249,0.8880474703568249,0.8713715258350196,0.9213679921239594,1.0503704099824822,1.0503704099824822,1.0107463728607793,1.0706133761139778,1.2691196289657158,1.2691196289657158,1.2070931934788609,1.2557636035804078,1.8434278883427870,1.8434278883427870,1.5005307212754859,1.5558258072109834,1.0593703369642047,1.0593703369642047,0.9955444988860256,1.0570334826029764,0.9089297006538098,0.9089297006538098,0.8961089245705207,0.9293166985598582,0.8540922304074479,0.8540922304074479,0.8309951307073938,0.8953902446222447
17,0.8904026197675794,0.8904026197675794,0.8741921736553940,0.9233770366597407,1.0560371781392128,1.0560371781392128,1.0162326116011970,1.0744406837627993,1.2894256638085568,1.2894256638085568,1.2264420904957181,1.2686044390772413,1.8563331487827983,1.8563331487827983,1.5355497423641464,1.5680003566969185,1.0543155169172262,1.0543155169172262,0.9896186387736088,1.0551731146979975,0.9063441473984238,0.9063441473984238,0.8954397411646816,0.9259590782717250,0.8539595419429429,0.8539595419429429,0.8305782613510186,0.8941902511587945
18,0.8928163226167228,0.8928163226167228,0.8772137443342062,0.9255722474845519,1.0621153691895142,1.0621153691895142,1.0242757395894424,1.0811334095719818,1.3318947166062602,1.3318947166062602,1.2702971519762694,1.2953192807430669,1.8530435725922072,1.8530435725922072,1.5365797135726365,1.5705848979285697,1.0408645550973006,1.0408645550973006,0.9870483861947292,1.0417371242731504,0.9061440748250904,0.9061440748250904,0.8965429894824163,0.9253057035129530,0.8539751523505317,0.8539751523505317,0.8314313893361587,0.8930975741839455
19,0.8952820729666564,0.8952820729666564,0.8803666876512275,0.9271391470838872,1.0740000569264381,1.0740000569264381,1.0346643604703802,1.0941037299374323,1.3539822474427481,1.3539822474427481,1.2904690172027280,1.3128093842646158,1.8526218320549519,1.8526218320549519,1.5327344877276070,1.5811271055839884,1.0308405899193942,1.0308405899193942,0.9883335124841690,1.0293346715732914,0.9059132218558595,0.9059132218558595,0.8965791615584077,0.9258683317774511,0.8522189814967888,0.8522189814967888,0.8312568858846527,0.8919073367649135
20,0.8980080608205409,0.8980080608205409,0.8833959861322871,0.9297066904867584,1.0879185710429009,1.0879185710429009,1.0547067482358330,1.1068107963376199,1.3612592056540860,1.3612592056540860,1.2973636619809465,1.3180859344831422,1.8640931746682952,1.8640931746682952,1.5347257653973543,1.6070405321434369,1.0411215798454521,1.0411215798454521,0.9984003350847807,1.0321596746882591,0.9049128589891923,0.9049128589891923,0.8965068174064250,0.9263765121453847,0.8490812895714347,0.8490812895714347,0.8301226134498643,0.8890683278391898
21,0.9008836852391969,0.9008836852391969,0.8865721128560512,0.9339419735621892,1.1045152153156270,1.1045152153156270,1.0675817929128868,1.1183028444365943,1.3684304818996988,1.3684304818996988,1.3026123703399617,1.3247461954233102,1.8393791791851364,1.8393791791851364,1.5322538344969783,1.5903090283806434,1.0540584921690748,1.0540584921690748,1.0040406115773219,1.0345023601982326,0.9023119155358577,0.9023119155358577,0.8946982136068599,0.9263583628465299,0.8426810224600160,0.8426810224600160,0.8272530011362114,0.8850585935832708
22,0.9044164093553286,0.9044164093553286,0.8914792672832780,0.9370525019747309,1.1126194700493621,1.1126194700493621,1.0743364097841168,1.1246209396029028,1.3818520915467514,1.3818520915467514,1.3112078160846903,1.3362771181036561,1.7956868595254905,1.7956868595254905,1.5234647468511968,1.5607228327025329,1.0717075248754739,1.0717075248754739,1.0108946184543341,1.0418749293031486,0.8966791030866239,0.8966791030866239,0.8889106814482516,0.9225833086847369,0.8375061723443200,0.8375061723443200,0.8213198837850100,0.8797805735529733
23,0.9080597344106396,0.9080597344106396,0.8949722338991938,0.9405663906801709,1.1188606777178709,1.1188606777178709,1.0807487658898893,1.1309592850742316,1.3856264474654949,1.3856264474654949,1.3140790607270783,1.3467195216829777,1.7419571150791688,1.7419571150791688,1.5038266291426539,1.5269877682051931,1.0869576599324597,1.0869576599324597,1.0121797447437739,1.0482828631980758,0.8848902114578998,0.8848902114578998,0.8777154239289436,0.9145250199932172,0.8333225831105147,0.8333225831105147,0.8162398944189487,0.8760342524963481
24,0.9118917316563148,0.9118917316563148,0.8980710826004819,0.9443052303181886,1.1254900201916351,1.1254900201916351,1.0869799251198318,1.1391505334549101,1.3849772582474711,1.3849772582474711,1.3184682245116206,1.3439336507634061,1.6871308452359837,1.6871308452359837,1.4799999618529183,1.4924365327925950,1.0987807983474260,1.0987807983474260,1.0093953044499877,1.0502121336180539,0.8679609937143011,0.8679609937143011,0.8624327218226185,0.9030728124158547,0.8303800212800209,0.8303800212800209,0.8129631073851153,0.8739659710796697
25,0.9154765032732367,0.9154765032732367,0.9012472093242460,0.9483310763184608,1.1339047827695747,1.1339047827695747,1.0928688235843169,1.1487390528819841,1.3784551712198820,1.3784551712198820,1.3164748126261410,1.3399116649325014,1.6305332651363265,1.6305332651363265,1.4554179823436233,1.4567970694929859,1.0994661976758300,1.0994661976758300,0.9925458708773327,1.0464913978080961,0.8548639352599353,0.8548639352599353,0.8498448393776454,0.8946878363449490,0.8276794207671540,0.8276794207671540,0.8098123506218139,0.8725611006834353
26,0.9193800658324983,0.9193800658324983,0.9047710871491521,0.9529386919719516,1.1370642000843547,1.1370642000843547,1.0971873491249393,1.1511589643319002,1.3696080809463469,1.3696080809463469,1.3120673606591631,1.3343952715222238,1.5788278752688303,1.5788278752688303,1.4298746963730709,1.4248983895549772,1.0843874124509452,1.0843874124509452,0.9712698911966073,1.0341578476232365,0.8458298890640331,0.8458298890640331,0.8405667018858765,0.8894608382747741,0.8261339904158601,0.8261339904158601,0.8067003724032916,0.8721708589067035
27,0.9235633837085070,0.9235633837085070,0.9083876986010295,0.9574299536947987,1.1398587706821943,1.1398587706821943,1.1020997977585612,1.1532751212065133,1.3592814431526643,1.3592814431526643,1.3060139722729820,1.3261483556212403,1.5250981308225089,1.5250981308225089,1.4063226880722659,1.3922515529446484,1.0546582165814280,1.0546582165814280,0.9478520343668155,1.0164499012684378,0.8391043725604399,0.8391043725604399,0.8329886519656986,0.8857402320095453,0.8249554046429037,0.8249554046429037,0.8038016761810545,0.8722196391287950
28,0.9273953809541822,0.9273953809541822,0.9129007351136287,0.9612696334060409,1.1416830042668953,1.1416830042668953,1.1048781498546258,1.1552799014035149,1.3494530203402557,1.3494530203402557,1.3000703129814142,1.3173479554316001,1.4744892663518765,1.4744892663518765,1.3818780380574363,1.3624613145377233,1.0401791557688966,1.0401791557688966,0.9365714813817330,1.0058389139585586,0.8340717778312065,0.8340717778312065,0.8253020858175469,0.8841430937103252,0.8253066388136524,0.8253066388136524,0.8022990075708646,0.8719074457074095
29,0.9311428010110734,0.9311428010110734,0.9170196537116001,0.9652644516914748,1.1425369008384574,1.1425369008384574,1.1069115814611659,1.1564746693997079,1.3389905057334983,1.3389905057334983,1.2935780082167789,1.3082708130976317,1.4282665034686988,1.4282665034686988,1.3577080470315372,1.3349835603906965,1.0296411410946875,1.0296411410946875,0.9221495085780197,0.9975706121586526,0.8276386750886390,0.8276386750886390,0.8163494970096997,0.8827092991007980,0.8251349243301753,0.8251349243301753,0.8021826719365273,0.8722489072620498
30,0.9351244348215202,0.9351244348215202,0.9211926669253048,0.9692825407630374,1.1429405610359231,1.1429405610359231,1.1087336167125708,1.1583984483766288,1.3289054267186153,1.3289054267186153,1.2868113807156096,1.2997471550523199,1.3890446335039586,1.3890446335039586,1.3397865480038109,1.3097502762606299,1.0302408655070407,1.0302408655070407,0.9115115187376570,0.9974328071286542,0.8226060803594055,0.8226060803594055,0.8079937474557090,0.8824189103191217,0.8255954313540457,0.8255954313540457,0.8030454945578621,0.8725415885945987
31,0.9392231755087449,0.9392231755087449,0.9253656801390094,0.9730679219733127,1.1430958149580255,1.1430958149580255,1.1102637236640267,1.1603424776585698,1.3194997317691062,1.3194997317691062,1.2809957387010911,1.2915186886276249,1.3548836499862817,1.3548836499862817,1.3260535985572774,1.2885978467068544,1.0345246113095650,1.0345246113095650,0.9061568258649911,0.9990864674886354,0.8194203093840193,0.8194203093840193,0.8022062152971007,0.8814569974798185,0.8263369257145149,0.8263369257145149,0.8045093846232729,0.8730196347710951
32,0.9431397499432042,0.9431397499432042,0.9288663745571728,0.9770394694726179,1.1429560864281334,1.1429560864281334,1.1118139636016859,1.1614562444346819,1.3118453379658941,1.3118453379658941,1.2762225230854014,1.2834747169658156,1.3257835529156681,1.3257835529156681,1.3097800534631352,1.2668332889666352,1.0391510567762909,1.0391510567762909,0.8900927472469937,0.9978462222186495,0.8172810718691463,0.8172810718691463,0.7976304476842009,0.8811666086981422,0.8263681465296926,0.8263681465296926,0.8059926639610732,0.8732147556594611
33,0.9470498184400645,0.9470498184400645,0.9318029394112612,0.9809024199699889,1.1427930698099260,1.1427930698099260,1.1132031396497184,1.1616688726373943,1.3067726036111025,1.3067726036111025,1.2723454284090556,1.2775893340297668,1.2971051963823097,1.2971051963823097,1.2953604565442749,1.2461569591134269,1.0430921029146132,1.0430921029146132,0.8764561293979382,1.0003267127586213,0.8156343206886327,0.8156343206886327,0.7955505533147010,0.8815114453763829,0.8251817555529417,0.8251817555529417,0.8070881578510826,0.8731659754373695
34,0.9512981956920610,0.9512981956920610,0.9343531141529696,0.9849360228989708,1.1425058500540370,1.1425058500540370,1.1144211853150221,1.1624282590756525,1.3013979207828117,1.3013979207828117,1.2685780628273235,1.2719991427143351,1.2691859728160109,1.2691859728160109,1.2782629344833407,1.2271129710907351,1.0420640039220073,1.0420640039220073,0.8615343852594428,0.9992931750336330,0.8141568616855550,0.8141568616855550,0.7916982272216274,0.8807673241233371,0.8196244504513196,0.8196244504513196,0.8059441907800994,0.8720830545069389
35,0.9557157273216254,0.9557157273216254,0.9373128624138010,0.9890006535427909,1.1431035776541305,1.1431035776541305,1.1167163457422060,1.1631673952088903,1.2972612266958685,1.2972612266958685,1.2646461036036711,1.2672207283555996,1.2416884897869671,1.2416884897869671,1.2617833951475004,1.2103814673279416,1.0432634527467139,1.0432634527467139,0.8576790063911235,1.0023937882085978,0.8114174064506817,0.8114174064506817,0.7875203524446320,0.8790249914332788,0.8149725489898494,0.8149725489898494,0.7999819895203137,0.8694489225139993
36,0.9599250689480292,0.9599250689480292,0.9405121725443079,0.9924059452462967,1.1441127281477950,1.1441127281477950,1.1190316391555934,1.1638154049695375,1.2924149536962017,1.2924149536962017,1.2593791070622204,1.2624423139968644,1.2117449116418431,1.2117449116418431,1.2446172083393336,1.1907933653617442,1.0471188239689857,1.0471188239689857,0.8538950234277729,1.0032206183885883,0.8031836505481134,0.8031836505481134,0.7782060428768718,0.8747962048001164,0.8075732157927458,0.8075732157927458,0.7939422311709698,0.8675367378080135
37,0.9643295887023960,0.9643295887023960,0.9437578494883003,0.9957181538052875,1.1454013357012431,1.1454013357012431,1.1210650707621337,1.1646355423228563,1.2872667322230353,1.2872667322230353,1.2539292286964139,1.2572949101123578,1.1851752577947610,1.1851752577947610,1.2293736344536814,1.1700490212655978,1.0500317711147020,1.0500317711147020,0.8511819790389556,1.0049431812635687,0.7868392603265663,0.7868392603265663,0.7575879595618296,0.8661389892463892,0.7976137757510747,0.7976137757510747,0.7858665992207235,0.8619660364451673
38,0.9686755550183740,0.9686755550183740,0.9475599281941202,0.9986968144297663,1.1467753329118477,1.1467753329118477,1.1225448452480811,1.1653949287611145,1.2809711065505709,1.2809711065505709,1.2478209757629259,1.2519076630361001,1.1568342936912068,1.1568342936912068,1.2128254303706085,1.1516171614293496,1.0492606968702478,1.0492606968702478,0.8370455898551179,1.0006023228186181,0.7701101151563011,0.7701101151563011,0.7379646083365482,0.8564109650602302,0.7887080382216494,0.7887080382216494,0.7755515063094847,0.8559953372611711
39,0.9734574191534695,0.9734574191534695,0.9520497812999765,1.0020865922758531,1.1475826533067792,1.1475826533067792,1.1237628909133848,1.1661846906569031,1.2741319736258074,1.2741319736258074,1.2410909246266277,1.2459853811474744,1.1351568300762858,1.1351568300762858,1.1991611456713076,1.1346136006948033,1.0339248868972115,1.0339248868972115,0.8110574804464465,0.9939876813786934,0.7433465609234666,0.7433465609234666,0.7094067543414153,0.8387698465733897,0.7827682781341010,0.7827682781341010,0.7674080119058749,0.8515465810064287
40,0.9785255445429109,0.9785255445429109,0.9566169124283088,1.0054841270506492,1.1482191943873983,1.1482191943873983,1.1248702051545700,1.1665694464522873,1.2676702762929184,1.2676702762929184,1.2348912307809619,1.2395649633990578,1.1191306896605855,1.1191306896605855,1.1907840465089221,1.1210787663501045,1.0038529913634926,1.0038529913634926,0.7750739443421324,0.9828254739488204,0.7159212281788369,0.7159212281788369,0.6810840188402258,0.8209290857991466,0.7780773506536587,0.7780773506536587,0.7625122206275144,0.8474392863063266
41,0.9830276533612593,0.9830276533612593,0.9613926942173263,1.0090445573283466,1.1487082442420202,1.1487082442420202,1.1256956575889081,1.1664580697746760,1.2616011119755786,1.2616011119755786,1.2293316233205416,1.2329416014114669,1.1111176194527355,1.1111176194527355,1.1830249300716307,1.1123049290110787,0.9588736604369897,0.9588736604369897,0.7283096265875177,0.9624303295090524,0.6917893977952344,0.6917893977952344,0.6568306418880578,0.8050847478989288,0.7753533345294086,0.7753533345294086,0.7594196316813817,0.8450588114682627
42,0.9879721659363240,0.9879721659363240,0.9656507132557547,1.0126592861070109,1.1486306172809690,1.1486306172809690,1.1271754320748557,1.1659619373016807,1.2560754549105377,1.2560754549105377,1.2246132722521588,1.2273329606197465,1.1369281403327580,1.1369281403327580,1.2004657758687283,1.1263158630563448,0.8917045262534121,0.8917045262534121,0.6784038890142725,0.9277034619494474,0.6713973855131724,0.6713973855131724,0.6368998280168504,0.7893856043895491,0.7718722136371002,0.7718722136371002,0.7575485668957904,0.8434783322724990
43,0.9927410181962220,0.9927410181962220,0.9703492170222962,1.0160568208818073,1.1490265147823298,1.1490265147823298,1.1287357385056167,1.1656176821163369,1.2562717214183126,1.2562717214183126,1.2246864249819012,1.2246946855104834,1.1392898873413875,1.1392898873413875,1.2028690420218717,1.1277441621580466,0.8337026080872362,0.8337026080872362,0.6407782470956741,0.9024851414597342,0.6538833402475223,0.6538833402475223,0.6221777930883905,0.7760458697312901,0.7706389914375830,0.7706389914375830,0.7548243741250591,0.8407368837909582
44,0.9973927635793421,0.9973927635793421,0.9751790934270470,1.0198034174485346,1.1493137345382187,1.1493137345382187,1.1308396355638688,1.1652228011684427,1.2633222182745256,1.2633222182745256,1.2298619806111739,1.2297129430609701,1.1297585511994184,1.1297585511994184,1.1995731341547036,1.1258397633557775,0.7781852624865241,0.7781852624865241,0.5991544344988187,0.8743729153400540,0.6380929971521293,0.6380929971521293,0.6078898230718262,0.7651744397172803,0.7733552023580388,0.7733552023580388,0.7552218542090448,0.8431466267622770
45,1.0018428248969005,1.0018428248969005,0.9800862478542738,1.0232707645817170,1.1506489182682977,1.1506489182682977,1.1341917777667294,1.1658201851665391,1.2620238398384778,1.2620238398384778,1.2284720787460688,1.2285875250073683,1.1186246010158793,1.1186246010158793,1.1908527112561549,1.1218949372653628,0.7173560720906822,0.7173560720906822,0.5701676970814544,0.8417131232304256,0.6198556125828890,0.6198556125828890,0.5933667345613184,0.7517621078636022,0.7774763499614888,0.7774763499614888,0.7583047485189828,0.8469319719965753
46,1.0065010762176192,1.0065010762176192,0.9845297341466445,1.0265674592832887,1.1554462644612560,1.1554462644612560,1.1392149578244697,1.1692222364099361,1.2582041916487092,1.2582041916487092,1.2256739868334232,1.2245655391764636,1.1073219546174380,1.1073219546174380,1.1813083113908140,1.1193784102766500,0.6608963024134148,0.6608963024134148,0.5414665432839657,0.8117405292057664,0.6148384080516044,0.6148384080516044,0.5877962348586578,0.7498382821849960,0.7816443287877055,0.7816443287877055,0.7623183279036190,0.8508246337194748
47,1.0107884890952084,1.0107884890952084,0.9897846396750133,1.0300425633451806,1.1584349024617235,1.1584349024617235,1.1419731769343311,1.1703258780335379,1.2537051593935669,1.2537051593935669,1.2230222003802622,1.2203037101538077,1.0996462768393920,1.0996462768393920,1.1745791661620126,1.1213508233218572,0.6082062290423687,0.6082062290423687,0.5108377000523173,0.7835594005710870,0.6117603684618591,0.6117603684618591,0.5840162529175669,0.7500016258746891,0.7869440621641119,0.7869440621641119,0.7669038908237468,0.8549904646860866
48,1.0150824079103962,1.0150824079103962,0.9946376994865068,1.0332772026170758,1.1599331028100097,1.1599331028100097,1.1439059436098544,1.1702853774234976,1.2483606714126259,1.2483606714126259,1.2187976302376402,1.2151932052218783,1.0934045168880140,1.0934045168880140,1.1673007029553497,1.1248875639546430,0.5595428767256951,0.5595428767256951,0.4967013108684796,0.7628886460713221,0.6110524193562178,0.6110524193562178,0.5842513714115103,0.7514717190819258,0.7924779516543509,0.7924779516543509,0.7722747192756513,0.8594587330296656
49,1.0193633148503864,1.0193633148503864,0.9997535045744189,1.0362868909563929,1.1605308304101032,1.1605308304101032,1.1453957845889036,1.1701233749833357,1.2437861520391085,1.2437861520391085,1.2155971983114116,1.2105992856260284,1.1088402205515571,1.1088402205515571,1.1640047950881818,1.1418911246891892,0.5388952219575290,0.5388952219575290,0.4829932971144552,0.7567563222363919,0.6119604410351925,0.6119604410351925,0.5852822755772624,0.7534499926570961,0.7978401266611127,0.7978401266611127,0.7782950883526055,0.8630782255088529
50,1.0236637396031729,1.0236637396031729,1.0043747303184845,1.0392500377234526,1.1612682865400887,1.1612682865400887,1.1467648276507327,1.1689286069871427,1.2395286785627657,1.2395286785627657,1.2122504609256981,1.2077027178487254,1.1039480303193958,1.1039480303193958,1.1620821821656671,1.1439315519773348,0.5161913692041514,0.5161913692041514,0.4696422628852751,0.7530355864264342,0.6122682449941671,0.6122682449941671,0.5868738469208797,0.7552286239448640,0.8012510007192712,0.8012510007192712,0.7842088164314174,0.8661708915894523
51,1.0278991049799717,1.0278991049799717,1.0091659677119971,1.0423760799934136,1.1615943197765033,1.1615943197765033,1.1476204795643759,1.1686957284794104,1.2360864659648714,1.2360864659648714,1.2095072335603592,1.2054703312178106,1.0925610358135036,1.0925610358135036,1.1517824700807668,1.1365179994970724,0.4991420609101056,0.4991420609101056,0.4662152594467690,0.7506239984014617,0.6130377548916034,0.6130377548916034,0.5896229246962187,0.7558638494047811,0.8052706806733939,0.8052706806733939,0.7895214770661532,0.8674001531861575
52,1.0320824228559806,1.0320824228559806,1.0140344831279859,1.0455719346217607,1.1620911323272305,1.1620911323272305,1.1484761314780190,1.1678350905160511,1.2361921479305962,1.2361921479305962,1.2081904844249964,1.2061898607930641,1.0761131548605480,1.0761131548605480,1.1372942084146740,1.1264518915422210,0.4851770495938771,0.4851770495938771,0.4683571365958353,0.7462142374415118,0.6139457765705782,0.6139457765705782,0.5935114228652836,0.7553193704391379,0.8092825554237223,0.8092825554237223,0.7954061212363807,0.8696830675800383
53,1.0361356219800140,1.0361356219800140,1.0188025371147560,1.0489849832539762,1.1634806549300452,1.1634806549300452,1.1506001615224744,1.1685742266492889,1.2382755923977427,1.2382755923977427,1.2083185017020457,1.2131453133538488,1.0848853580354576,1.0848853580354576,1.1312517106581994,1.1309408315761413,0.4756671339122737,0.4756671339122737,0.4781383755765715,0.7443538695365329,0.6104983722300636,0.6104983722300636,0.5951029942089009,0.7506368513346061,0.8139422620889869,0.8139422620889869,0.8014167956771402,0.8717806171299717
54,1.0401237617280594,1.0401237617280594,1.0231996565936410,1.0521342963100657,1.1665702079798792,1.1665702079798792,1.1542140325459789,1.1706093823038211,1.2364035118620460,1.2364035118620460,1.2060873434449033,1.2145105745992018,1.0894401558378146,1.0894401558378146,1.1246598949238633,1.1316209740055232,0.4698412396208409,0.4698412396208409,0.4893475326566853,0.7367745928866192,0.6100212760936531,0.6100212760936531,0.5986297716180529,0.7460995266209126,0.8186487999770180,0.8186487999770180,0.8073402183921468,0.8746098700112772
55,1.0440663599129139,1.0440663599129139,1.0276045038747736,1.0557955666609877,1.1698460657362357,1.1698460657362357,1.1569118526972302,1.1735254262267327,1.2337312678715755,1.2337312678715755,1.2031246578903374,1.2131637628301373,1.0921392952762483,1.0921392952762483,1.1149781655640572,1.1297845894461922,0.4606740236034394,0.4606740236034394,0.4982720207777949,0.7282995835417156,0.6107138350013458,0.6107138350013458,0.6022288931791874,0.7424878161488125,0.8241436634482848,0.8241436634482848,0.8140392120027352,0.8779757053355888
56,1.0479569105969779,1.0479569105969779,1.0320711735738872,1.0592629137941700,1.1731374488848025,1.1731374488848025,1.1584016936762793,1.1774843608581855,1.2291114562270331,1.2291114562270331,1.1983331540922120,1.2107468814363369,1.0932358206731119,1.0932358206731119,1.1068757253906023,1.1257717491128392,0.4405404183315762,0.4405404183315762,0.5025557750759275,0.7091446843719335,0.6121143430146798,0.6121143430146798,0.6068046607920871,0.7396202269297583,0.8284833567579785,0.8284833567579785,0.8206218699789863,0.8802195955517966
57,1.0516652950282763,1.0516652950282763,1.0365455710752483,1.0632189474360560,1.1752566649214977,1.1752566649214977,1.1591466141658040,1.1786285030918280,1.2238877476354919,1.2238877476354919,1.1945292121456088,1.2075735715147056,1.0908740736644824,1.0908740736644824,1.0960953600750736,1.1191063533048971,0.4220346364646722,0.4220346364646722,0.5091241983330643,0.6949507662820950,0.6132532176628855,0.6132532176628855,0.6108016751891260,0.7371882208832184,0.8349928967225190,0.8349928967225190,0.8270009405951473,0.8838781122086571
58,1.0552435607075996,1.0552435607075996,1.0402162771428589,1.0675240428698731,1.1759553075709575,1.1759553075709575,1.1599116676415320,1.1783551239740548,1.2184979673835261,1.2184979673835261,1.1892622156041581,1.2039205752095719,1.0897775482676189,1.0897775482676189,1.0890228911101087,1.1132571284122132,0.4078126004002923,0.4078126004002923,0.5135507444411347,0.6797233104672682,0.6130223646936547,0.6130223646936547,0.6137858714584083,0.7325964482729606,0.8430478670383533,0.8430478670383533,0.8346015353718496,0.8882585761524714
59,1.0586071304461633,1.0586071304461633,1.0439951724419358,1.0722014708817502,1.1762580527190569,1.1762580527190569,1.1596700718070916,1.1776969890608977,1.2134705252997595,1.2134705252997595,1.1846353054479530,1.1992897566611449,1.0910427698793845,1.0910427698793845,1.0804397977060252,1.1099924447511804,0.4023294057730614,0.4023294057730614,0.5181914782641117,0.6640135370474468,0.6147460668639120,0.6147460668639120,0.6183435530333125,0.7308178169851928,0.8517506692691239,0.8517506692691239,0.8436466309415732,0.8958878028875777
60,1.0619902179975234,1.0619902179975234,1.0476813341140416,1.0764445108858907,1.1758233417371706,1.1758233417371706,1.1597103377794982,1.1763705940820735,1.2083072064029181,1.2083072064029181,1.1796060552781651,1.1953415687353945,1.0980436627978221,1.0980436627978221,1.0743972999495506,1.1065237183613330,0.3908489670222969,0.3908489670222969,0.5178344987392673,0.6509909617125950,0.6201172459480174,0.6201172459480174,0.6254151938896120,0.7321971636981556,0.8610232513768867,0.8610232513768867,0.8524978337874013,0.9031072757571158
61,1.0651716214833216,1.0651716214833216,1.0509115554535391,1.0798653164468155,1.1747288015863502,1.1747288015863502,1.1588043534003467,1.1748518212055570,1.2029929132693271,1.2029929132693271,1.1750522978517026,1.1910428407601614,1.1031888973523363,1.1031888973523363,1.0715133805657784,1.1068637895760238,0.3767982807900179,0.3767982807900179,0.5213328980827423,0.6343165530827847,0.6305518001572537,0.6305518001572537,0.6351093102552809,0.7401102579988371,0.8698197160531903,0.8698197160531903,0.8618531577153578,0.9105413816038563
62,1.0681513409035581,1.0681513409035581,1.0542422382222552,1.0833171497225789,1.1737118883965807,1.1737118883965807,1.1582305632935508,1.1730090434487170,1.1983731016247849,1.1983731016247849,1.1705534049725468,1.1867256633086398,1.1145758918582287,1.1145758918582287,1.0708267330934518,1.1069998180619003,0.3620621952293351,0.3620621952293351,0.5266161950504392,0.6289421569128458,0.6420174976290545,0.6420174976290545,0.6453098356848281,0.7480052030006639,0.8785303234877553,0.8785303234877553,0.8713442065500409,0.9181901204277992
63,1.0711766018869857,1.0711766018869857,1.0572019864830864,1.0865440320657642,1.1725707720691294,1.1725707720691294,1.1572339804764840,1.1708928865741042,1.1938438745222926,1.1938438745222926,1.1670969384922196,1.1830173185746407,1.1193837339829387,1.1193837339829387,1.0658142065454670,1.1075439320054057,0.3575214246786596,0.3575214246786596,0.5371113930808642,0.6334897229027940,0.6532831225275220,0.6532831225275220,0.6565412652801274,0.7559001480024907,0.8871628788843762,0.8871628788843762,0.8803214396664011,0.9257120306743044
64,1.0743189697471915,1.0743189697471915,1.0604090244158408,1.0894839080466954,1.1717634516741979,1.1717634516741979,1.1564588605076542,1.1691108597323248,1.1918057223261709,1.1918057223261709,1.1647560511404638,1.1803052455602232,1.1241915761076489,1.1241915761076489,1.0610763389864131,1.1042792483443729,0.3691732132615251,0.3691732132615251,0.5469640279665693,0.6505775466225997,0.6653336475213744,0.6653336475213744,0.6667960488236615,0.7653377834069732,0.8959749539682685,0.8959749539682685,0.8898803509544477,0.9334193057647572
65,1.0770514635386745,1.0770514635386745,1.0635078731171290,1.0922919162395635,1.1707387757883234,1.1707387757883234,1.1557240065112313,1.1678857162786016,1.1881219509494771,1.1881219509494771,1.1612995846601368,1.1765969008262238,1.1327107349602052,1.1327107349602052,1.0588104023277349,1.1097203877794275,0.3779120546986742,0.3779120546986742,0.5586729563814652,0.6700080558523787,0.6773226117234320,0.6773226117234320,0.6777923599250173,0.7741583426503935,0.9049119123128716,0.9049119123128716,0.8992841480633779,0.9406875588563867
66,1.0798620285813429,1.0798620285813429,1.0665217159936935,1.0949913274304974,1.1702574886298065,1.1702574886298065,1.1554421447043843,1.1667213237399390,1.1836380161180096,1.1836380161180096,1.1575687954432758,1.1733866919520155,1.1316985576707925,1.1316985576707925,1.0520812570989335,1.1063196756325184,0.3869935958000252,0.3869935958000252,0.5709530520361120,0.6871647820871835,0.6895424288947204,0.6895424288947204,0.6889152732923427,0.7839952626296811,0.9138332602498858,0.9138332602498858,0.9082516865435434,0.9482680053694016
67,1.0826205461232212,1.0826205461232212,1.0692650857915920,1.0973727045443387,1.1696519983336080,1.1696519983336080,1.1547777561596730,1.1654658048286852,1.1811016489406139,1.1811016489406139,1.1553559253685692,1.1715232948468717,1.1252037533970614,1.1252037533970614,1.0474120542871121,1.1004024364968963,0.3986453843828907,0.3986453843828907,0.5812340623516304,0.7011519926320244,0.7020084892331885,0.7020084892331885,0.7001828749636333,0.7936506896204210,0.9226609457413669,0.9226609457413669,0.9173646445666304,0.9557118672605605
68,1.0851188261611486,1.0851188261611486,1.0720470946007283,1.0996687554423743,1.1686350851438385,1.1686350851438385,1.1540630351494536,1.1639369067996588,1.1757118686886479,1.1757118686886479,1.1501072170095541,1.1669478247273104,1.1198054745201940,1.1198054745201940,1.0373183364439100,1.0967296673782343,0.4141525441880279,0.4141525441880279,0.5950134720106237,0.7190666465318206,0.7140128436331948,0.7140128436331948,0.7117036811668630,0.8034694603008539,0.9318788914225689,0.9318788914225689,0.9266811899498076,0.9635557269728693
69,1.0875130111974958,1.0875130111974958,1.0746590917604175,1.1018639662671856,1.1675793584735434,1.1675793584735434,1.1537811733426064,1.1628737657860972,1.1680574748854358,1.1680574748854358,1.1444378804545203,1.1608225985995104,1.1118767524197950,1.1118767524197950,1.0278426013258017,1.0907444139996740,0.4276891809240040,0.4276891809240040,0.6055800659460175,0.7354654451016341,0.7260325882311498,0.7260325882311498,0.7226638201922275,0.8143045917171541,0.9405114468191897,0.9405114468191897,0.9353191107993507,0.9705605668652049
70,1.0898746665458490,1.0898746665458490,1.0772788167223544,1.1036170321555507,1.1659957684681010,1.1659957684681010,1.1523114653497606,1.1611828653169090,1.1609314909108479,1.1609314909108479,1.1386405266224375,1.1551217104263474,1.1106115308080291,1.1106115308080291,1.0201521496357431,1.0961175391917906,0.4447384892180498,0.4447384892180498,0.6192166837950731,0.7515886336114507,0.7382831857983357,0.7382831857983357,0.7346186913073528,0.8238874215124748,0.9492064438461659,0.9492064438461659,0.9441606190089841,0.9779068683121808
71,1.0918784953262701,1.0918784953262701,1.0795430627809015,1.1055097227606885,1.1634263160573095,1.1634263160573095,1.1502176347846103,1.1583579477665884,1.1534431687680604,1.1534431687680604,1.1316910172969121,1.1489595853459704,1.0969471374009583,1.0969471374009583,1.0096464433091450,1.0874797303386410,0.4586178256182278,0.4586178256182278,0.6270702333416497,0.7696410925412454,0.7507338559388551,0.7507338559388551,0.7467001646884477,0.8341236260665674,0.9577453367972538,0.9577453367972538,0.9524107544107363,0.9847458554494053
72,1.0940514784842590,1.0940514784842590,1.0819618648844007,1.1072317609342153,1.1604221526646317,1.1604221526646317,1.1477412774815960,1.1561202890618540,1.1474041992980706,1.1474041992980706,1.1262228507486700,1.1447531047521802,1.0797401234809434,1.0797401234809434,0.9990034074880815,1.0723125541634257,0.4760955084925261,0.4760955084925261,0.6384221822317011,0.7851441584160690,0.7623842357860406,0.7623842357860406,0.7576964757898035,0.8440694418389837,0.9660266580231262,0.9660266580231262,0.9606802790848781,0.9914580140091920
73,1.0959186825751057,1.0959186825751057,1.0839401822597867,1.1090779099670953,1.1576353447628971,1.1576353447628971,1.1451541887544632,1.1535586254767962,1.1404442869839073,1.1404442869839073,1.1198402750786483,1.1418565369748772,1.0535078620636655,1.0535078620636655,0.9915876147869533,1.0541527512989304,0.4919453679618652,0.4919453679618652,0.6475608580677175,0.8025764947108707,0.7741269568209186,0.7741269568209186,0.7694704865249723,0.8537611674274331,0.9735977057037069,0.9735977057037069,0.9682420953168013,0.9980043198138677
74,1.0974866135364092,1.0974866135364092,1.0858025826014586,1.1109240589999756,1.1552211462742077,1.1552211462742077,1.1428791613134828,1.1517968489400372,1.1312046636948228,1.1312046636948228,1.1124152730097976,1.1346427917460529,1.0292156071177618,1.0292156071177618,0.9817685559326819,1.0309598944570093,0.5093373759201130,0.5093373759201130,0.6589128069577690,0.8167704128007093,0.7847923639993858,0.7847923639993858,0.7798699583724716,0.8625817266708534,0.9796779594595546,0.9796779594595546,0.9752513172856225,1.0038481904204262
75,1.0993082760640647,1.0993082760640647,1.0874563322824453,1.1126460971735024,1.1534202007778223,1.1534202007778223,1.1404732694621802,1.1515133446697541,1.1209082207484902,1.1209082207484902,1.1045879309273638,1.1262667295110493,1.0018868203036204,1.0018868203036204,0.9782666538238158,1.0092633509597282,0.5263866842141588,0.5263866842141588,0.6669805442192521,0.8323423811905322,0.7952884790004169,0.7952884790004169,0.7899619675740449,0.8714385845119832,0.9856879663812528,0.9856879663812528,0.9798756587505294,1.0083359708528417
76,1.1007721120237879,1.1007721120237879,1.0890946263589367,1.1146706555667028,1.1510758665540788,1.1510758665540788,1.1377553163247256,1.1493566871851009,1.1102796344813080,1.1102796344813080,1.0977481506964522,1.1166361028884244,0.9738832486298704,0.9738832486298704,0.9723614855618063,0.9843021238014144,0.5433503175921541,0.5433503175921541,0.6756194487204863,0.8485344722153479,0.8036607466845238,0.8036607466845238,0.7984443193940052,0.8786438561573285,0.9928141174455519,0.9928141174455519,0.9854694638349136,1.0140042326598708
77,1.1021708886075232,1.1021708886075232,1.0908411096668946,1.1166021308153884,1.1482269570835033,1.1482269570835033,1.1346548364494069,1.1465722702448207,1.0995151714010512,1.0995151714010512,1.0908169295533625,1.1058431592596205,0.9439396704847463,0.9439396704847463,0.9612377965101142,0.9525394723492819,0.5592001770614932,0.5592001770614932,0.6804029743534010,0.8634863179701778,0.8074005647860643,0.8074005647860643,0.8019710968031571,0.8836167640435367,0.9995890343391025,0.9995890343391025,0.9915189168204523,1.0195846900671355
78,1.1035176176904684,1.1035176176904684,1.0921857472579772,1.1187120154243941,1.1452771325635613,1.1452771325635613,1.1312221623017327,1.1433119711365654,1.0884185649999447,1.0884185649999447,1.0844892184306474,1.0946074281998912,0.9166108836706047,0.9166108836706047,0.9564999289510602,0.9255378179028224,0.5762494853555390,0.5762494853555390,0.6851864999863158,0.8761643807300337,0.8143723244568372,0.8143723244568372,0.8095310606853393,0.8901686609301102,1.0066371333654576,1.0066371333654576,0.9974035609906797,1.0252529518741647
79,1.1047862755222284,1.1047862755222284,1.0936153906737833,1.1203409704534062,1.1422031049059378,1.1422031049059378,1.1277089562092451,1.1397276671479866,1.0747704939977678,1.0747704939977678,1.0767716054428274,1.0798847461216254,0.8924873249396033,0.8924873249396033,0.9584912066208076,0.8962236791964646,0.5842172525482338,0.5842172525482338,0.6729064043316689,0.8853973177399286,0.8225906901614568,0.8225906901614568,0.8173442290994606,0.8977187692536963,1.0131622837375869,1.0131622837375869,1.0038117155154249,1.0308626774146841
80,1.1059963799155996,1.1059963799155996,1.0946045493614764,1.1218768423379031,1.1391989415132600,1.1391989415132600,1.1243970799787910,1.1357484822115134,1.0625113859736883,1.0625113859736883,1.0706084879620326,1.0652358619485138,0.8757020515568434,0.8757020515568434,0.9647396986189802,0.8730988365974818,0.5833605033877290,0.5833605033877290,0.6729064043316689,0.8928387893598440,0.8304550813132558,0.8304550813132558,0.8257361507294426,0.9051418324852989,1.0197186549248938,1.0197186549248938,1.0101617022230016,1.0363455743777656
81,1.1071999783713720,1.1071999783713720,1.0956400748626549,1.1231722494324030,1.1352477291957588,1.1352477291957588,1.1204308816967274,1.1305036532112767,1.0515808512330067,1.0515808512330067,1.0664936469140243,1.0512696083980786,0.8527593663301568,0.8527593663301568,0.9692715719363364,0.8445328545634441,0.5929560939853830,0.5929560939853830,0.6742629265260776,0.9031052640947271,0.8391351529563373,0.8391351529563373,0.8343451048153725,0.9132545690733830,1.0259628179604243,1.0259628179604243,1.0155810038558799,1.0417796911187558
82,1.1086573083934963,1.1086573083934963,1.0964824053076434,1.1242427055943252,1.1308462805041612,1.1308462805041612,1.1169378085904431,1.1249348193307163,1.0422808382492224,1.0422808382492224,1.0649208632245633,1.0390007066661904,0.8312505989301380,0.8312505989301380,0.9727048092979698,0.8156268013147153,0.6028943842472387,0.6028943842472387,0.6715498821372602,0.9124760061346205,0.8469687637122388,0.8469687637122388,0.8436594143831327,0.9206594830061309,1.0324567475173760,1.0324567475173760,1.0212135874850432,1.0469308825716153
83,1.1099454840380527,1.1099454840380527,1.0975797532268028,1.1249098014633490,1.1266544246074017,1.1266544246074017,1.1140386585771582,1.1190926063323829,1.0334337479756872,1.0334337479756872,1.0634760968121515,1.0262705680270883,0.8096574834226682,0.8096574834226682,0.9786786423072118,0.7897813889982050,0.6147175226622053,0.6147175226622053,0.6729064043316689,0.9217089431445156,0.8547562038742942,0.8547562038742942,0.8523768846970365,0.9279917997434597,1.0381467410835032,1.0381467410835032,1.0267492247522589,1.0519552454470369
84,1.1109148687402692,1.1109148687402692,1.0984839060897722,1.1255303557601153,1.1228041273392670,1.1228041273392670,1.1115522347810423,1.1136250239769236,1.0227296745901302,1.0227296745901302,1.0597270194128550,1.0140385652477772,0.7827504371457819,0.7827504371457819,0.9813565674492859,0.7622356206082401,0.6244844630919602,0.6244844630919602,0.6729778002366378,0.9297705373994238,0.8622358400773751,0.8622358400773751,0.8601177089591752,0.9357778489521578,1.0436494097585645,1.0436494097585645,1.0320037175698262,1.0564918061015440
85,1.1120599137576528,1.1120599137576528,1.0993571477437512,1.1258096051936604,1.1193730156608082,1.1193730156608082,1.1097301995296374,1.1081574416214646,1.0122218677123478,1.0122218677123478,1.0550635328917788,1.0006995938911529,0.7513729411739898,0.7513729411739898,0.9780606595821179,0.7326494249301295,0.6358792269266742,0.6358792269266742,0.6759050323403617,0.9390723769243181,0.8697154762804559,0.8697154762804559,0.8680755656772616,0.9434550023677273,1.0480203238834358,1.0480203238834358,1.0365795858537592,1.0610673909337243
86,1.1129707450214805,1.1129707450214805,1.1003385786291966,1.1258483898372083,1.1156546842264603,1.1156546842264603,1.1076766349368941,1.1022139770980302,1.0011705535822664,1.0011705535822664,1.0487723981339350,0.9881908489675135,0.7190676160202361,0.7190676160202361,0.9760007171651378,0.7008187592350590,0.6454748175243281,0.6454748175243281,0.6807599538782454,0.9460315309392389,0.8761177986271259,0.8761177986271259,0.8753461529515133,0.9511140064844420,1.0525629524917841,1.0525629524917841,1.0410875916843287,1.0648234680347677
87,1.1137449515957341,1.1137449515957341,1.1012040924809279,1.1253519463997950,1.1111988966621269,1.1111988966621269,1.1056834693027606,1.0960680095243935,0.9878244310535889,0.9878244310535889,1.0403232578486910,0.9737264595572874,0.6881962086931502,0.6881962086931502,0.9707821963754550,0.6711645493140103,0.6571266061071936,0.6571266061071936,0.6819736842627163,0.9553333704641331,0.8832126798814887,0.8832126798814887,0.8810794269961347,0.9586641148080280,1.0556303975829886,1.0556303975829886,1.0452659798842763,1.0686673495355756
88,1.1144280750436049,1.1144280750436049,1.1023400794113252,1.1235911235827203,1.1069837526770521,1.1069837526770521,1.1036399712031186,1.0899017916457368,0.9735875605280878,0.9735875605280878,1.0309962848065388,0.9600184986748920,0.6596022002672429,0.6596022002672429,0.9661129935636337,0.6442989233534272,0.6621814261541721,0.6621814261541721,0.6880423361850709,0.9648419175340249,0.8882452746107220,0.8882452746107220,0.8864148082048517,0.9640000086713316,1.0582217252427337,1.0582217252427337,1.0476702496605801,1.0720624529931422
89,1.1153519181826299,1.1153519181826299,1.1033987883192466,1.1217139468350019,1.1017361701099975,1.1017361701099975,1.1010528824759860,1.0829559370238016,0.9591846183421621,0.9591846183421621,1.0225288563388593,0.9452035692151833,0.6376716923299689,0.6376716923299689,0.9623364324658369,0.6160730125340803,0.6684356950258572,0.6684356950258572,0.6896130460943862,0.9762108325088956,0.8955248382404695,0.8955248382404695,0.8921119101734818,0.9707515478453077,1.0579563483137235,1.0579563483137235,1.0486397132800573,1.0724234266366190
90,1.1160870891312908,1.1160870891312908,1.1045115918429012,1.1207598446037235,1.0956114028830655,1.0956114028830655,1.0974692109317865,1.0753620726412192,0.9435587848385634,0.9435587848385634,1.0132201714791427,0.9304808871369175,0.6169220578970096,0.6169220578970096,0.9593151835875996,0.5924040559915920,0.6704918930110687,0.6704918930110687,0.6886135034248220,0.9844102317938024,0.9003265800004719,0.9003265800004719,0.8975015494961858,0.9765048755822711,1.0566528792800567,1.0566528792800567,1.0492795592689124,1.0692136880230001
91,1.1166531057023839,1.1166531057023839,1.1052920998699090,1.1197204161566396,1.0894012459989770,1.0894012459989770,1.0943284650840610,1.0675859555134550,0.9290199658395628,0.9290199658395628,1.0046613020992854,0.9156290587246317,0.6017393985558198,0.6017393985558198,0.9575299001595502,0.5713196406807546,0.6627811505665254,0.6627811505665254,0.6859718549409735,0.9917138983837193,0.9026197194948321,0.9026197194948321,0.8992920672577552,0.9798443465715495,1.0590802976601190,1.0590802976601190,1.0493571163584705,1.0662868746975118
92,1.1169328610191309,1.1169328610191309,1.1060262410834309,1.1187740708540708,1.0825079718576391,1.0825079718576391,1.0899596070779303,1.0597693377756503,0.9154624793794356,0.9154624793794356,0.9954623463341822,0.9019026483659478,0.5872315240742385,0.5872315240742385,0.9553326282481048,0.5528197666015683,0.6580690301837490,0.6580690301837490,0.6851864999863158,0.9944699989836879,0.8969561266497009,0.8969561266497009,0.8963259570264684,0.9714049226040795,1.0625301977372497,1.0625301977372497,1.0522558125807078,1.0690478352678892
93,1.1172711697742670,1.1172711697742670,1.1073245118610280,1.1175872607615052,1.0756923246773522,1.0756923246773522,1.0858826773717483,1.0517198415301132,0.9020861620034081,0.9020861620034081,0.9872326642381655,0.8886374749144776,0.5823393338420774,0.5823393338420774,0.9590405245986688,0.5376525904263529,0.6690354194382105,0.6690354194382105,0.6997512645999668,1.0058389139585586,0.8933702105276478,0.8933702105276478,0.8984781955479509,0.9620035857973065,1.0677362686681233,1.0677362686681233,1.0559591636071113,1.0730868376570633
94,1.1175314072782176,1.1175314072782176,1.1087618830790817,1.1162375551660382,1.0686748473983325,1.0686748473983325,1.0820171440207016,1.0432957146417019,0.8894043261164294,0.8894043261164294,0.9783446075744674,0.8748188171743509,0.5799775868334479,0.5799775868334479,0.9681042712333811,0.5250019412398506,0.6825720561741866,0.6825720561741866,0.7119599643496448,1.0107309925235028,0.9013423330650878,0.9013423330650878,0.9051338575303506,0.9665409105110000,1.0733091841773341,1.0733091841773341,1.0596431253611251,1.0767843784915969
95,1.1173036994622609,1.1173036994622609,1.1103306269353448,1.1146008432083165,1.0619834033557274,1.0619834033557274,1.0786247358454342,1.0349930895834119,0.8774924588368744,0.8774924588368744,0.9714499627962490,0.8616089921517465,0.5733984344522657,0.5733984344522657,0.9706448668809897,0.5141876766126792,0.6751183384777948,0.6751183384777948,0.7203132852310035,0.9911626782637255,0.9108842557932980,0.9108842557932980,0.9131459723624239,0.9745447513059554,1.0787259956106570,1.0787259956106570,1.0639281545592150,1.0807258204365879
96,1.1172646638366681,1.1172646638366681,1.1124480447511875,1.1126848818170503,1.0552919593131223,1.0552919593131223,1.0741350799220830,1.0271157209305466,0.8686755634106893,0.8686755634106893,0.9662561189845406,0.8501703168528433,0.5621801361612755,0.5621801361612755,0.9662503230580990,0.5040535544148895,0.6571266061071936,0.6571266061071936,0.7193137425614392,0.9643595999290304,0.9203338373338158,0.9203338373338158,0.9195122577368930,0.9822763526180893,1.0842364694895126,1.0842364694895126,1.0688821136547442,1.0845501898485594
97,1.1169198491439334,1.1169198491439334,1.1153305149895429,1.1112110653622300,1.0482822447302076,1.0482822447302076,1.0699172193124775,1.0188232210247667,0.8612325335389268,0.8612325335389268,0.9632385688826678,0.8395249690343477,0.5538296735236211,0.5538296735236211,0.9597271720709956,0.4950756743470491,0.6307387319636453,0.6307387319636453,0.7258821658185759,0.9381077417143290,0.9304605875840775,0.9304605875840775,0.9252274457435188,0.9914235992408955,1.0903791648757157,1.0903791648757157,1.0740008815655846,1.0884038273937857
98,1.1163603385104393,1.1163603385104393,1.1173474713761669,1.1094114579016072,1.0411716150979264,1.0411716150979264,1.0658805555787023,1.0105205959664769,0.8509360905925941,0.8509360905925941,0.9540396131175647,0.8277911021148275,0.5444670335965541,0.5444670335965541,0.9512127434141447,0.4874580791379724,0.6349368028501189,0.6349368028501189,0.7296661487819264,0.9374876190793361,0.9410952143666471,0.9410952143666471,0.9323714307518010,0.9999174711049298,1.0958740283469826,1.0958740283469826,1.0805253717246672,1.0919160033843718
99,1.1158138397521427,1.1158138397521427,1.1186611977582590,1.1073481148648590,1.0348062042917359,1.0348062042917359,1.0640987862997042,1.0028254800587935,0.8396583151073881,0.8396583151073881,0.9445663346159276,0.8162970783870587,0.5353574379918402,0.5353574379918402,0.9425609852628286,0.4833092103187431,0.6478737151737416,0.6478737151737416,0.7380908655682539,0.9384522542893251,0.9525455216404993,0.9525455216404993,0.9404197176598657,1.0080846555895782,1.1016810999700257,1.1016810999700257,1.0872049760628659,1.0956428123521604
100,1.1151957756802595,1.1151957756802595,1.1196735398526947,1.1054321534735927,1.0289997076051134,1.0289997076051134,1.0598406597176919,0.9954037432688830,0.8283503447748320,0.8283503447748320,0.9342335115398178,0.8047477062304240,0.5267539310318328,0.5267539310318328,0.9341152213532106,0.4786842417989465,0.6674932709493019,0.6674932709493019,0.7395187836676315,0.9418973800392859,0.9647037780199929,0.9647037780199929,0.9491371879737694,1.0164151837639195,1.1072540154792367,1.1072540154792367,1.0935743520428323,1.0995159619862234
101,1.1142719325412342,1.1142719325412342,1.1209022604100634,1.1031748872191047,1.0218813152767272,1.0218813152767272,1.0544248864289858,0.9873643721758559,0.8169819847475762,0.8169819847475762,0.9235897893623028,0.7938071667913117,0.5215243483698674,0.5215243483698674,0.9260814459269884,0.4767798429966774,0.6836001551667924,0.6836001551667924,0.7490858349334610,0.9433443328542694,0.9773699109317944,0.9773699109317944,0.9622314794826208,1.0243464273634559,1.1131079183250465,1.1131079183250465,1.1000018958399669,1.1034671599756327
102,1.1131203815862520,1.1131203815862520,1.1214432065673954,1.1010184610378413,1.0141030937794067,1.0141030937794067,1.0485057884851958,0.9793958771503997,0.8062628139383442,0.8062628139383442,0.9123242689819777,0.7837706516903384,0.5206808672953569,0.5206808672953569,0.9181163352479990,0.4789562987706993,0.6977365163151219,0.6977365163151219,0.7585100943893528,0.9460315309392389,0.9915596734405198,0.9915596734405198,0.9768992562970937,1.0332395838022952,1.1189227951518843,1.1189227951518843,1.1062743254579854,1.1081207931631591
103,1.1118647356296896,1.1118647356296896,1.1215823070078523,1.0986060562091617,1.0059833136534613,1.0059833136534613,1.0420229669277112,0.9715691342600848,0.7953926688923625,0.7953926688923625,0.9020097340883034,0.7724242237728779,0.5319835136937981,0.5319835136937981,0.9218928963457956,0.4875941076238487,0.7176987717548841,0.7176987717548841,0.7714327531887196,0.9480986063892154,1.0062265320856556,1.0062265320856556,0.9917298074535276,1.0418423514594581,1.1247845032014887,1.1247845032014887,1.1128085102532626,1.1127744263506858
104,1.1104008996699666,1.1104008996699666,1.1211572778842342,1.0961936513804824,0.9981274651950895,0.9981274651950895,1.0357012092598539,0.9637018907597297,0.7888856792884484,0.7888856792884484,0.8959014811548155,0.7643249036822028,0.5529861924491105,0.5529861924491105,0.9295146832886217,0.4982723437651438,0.7359475288736367,0.7359475288736367,0.7838556406533043,0.9496833642341974,1.0212165848877148,1.0212165848877148,1.0075550906997222,1.0518607644272935,1.1304354707486437,1.1304354707486437,1.1186543758787111,1.1175256199823953
105,1.1091257359006077,1.1091257359006077,1.1208481657943301,1.0935873233340634,0.9897980922743062,0.9897980922743062,1.0287653955127936,0.9557536460392936,0.7839337243230567,0.7839337243230567,0.8905979082484936,0.7584579702224428,0.5723862571628530,0.5723862571628530,0.9421489967794326,0.5112630641663372,0.7595938057035696,0.7595938057035696,0.8062739548135318,0.9538175151341504,1.0374532437236208,1.0374532437236208,1.0245740524536298,1.0626232986481747,1.1365001140969027,1.1365001140969027,1.1251013089482353,1.1222085213031767
106,1.1075317811889092,1.1075317811889092,1.1202144860100269,1.0910120230024827,0.9821751246990877,0.9821751246990877,1.0238428803860702,0.9487267901972775,0.7816238185007857,0.7816238185007857,0.8877998163358479,0.7532552179090706,0.5857132581401195,0.5857132581401195,0.9470928585801847,0.5227574712228904,0.7863243795113198,0.7863243795113198,0.8246227023905333,0.9589163012440923,1.0537514633513216,1.0537514633513216,1.0418643047774723,1.0746744330877447,1.1423540169427124,1.1423540169427124,1.1311022887528002,1.1273011764895264
107,1.1054628930325006,1.1054628930325006,1.1191712327066008,1.0879014945899408,0.9754914433525878,0.9754914433525878,1.0192324265454988,0.9420745649981354,0.7802348555226880,0.7802348555226880,0.8864099144707428,0.7500265595585737,0.5933889359181654,0.5933889359181654,0.9487408125137687,0.5381967043698584,0.8163106001289884,0.8163106001289884,0.8441851803520056,0.9673913105889960,1.0706345105010739,1.0706345105010739,1.0590641269113363,1.0861629392628167,1.1483015822340552,1.1483015822340552,1.1370935739211701,1.1319645657214712
108,1.1035046058152709,1.1035046058152709,1.1183598134706025,1.0849616186090099,0.9692890491646046,0.9692890491646046,1.0152460952772320,0.9358982219669685,0.7758415052332703,0.7758415052332703,0.8823865143349124,0.7444363682431420,0.5991246072248372,0.5991246072248372,0.9495647894805608,0.5506433108275464,0.8445833224256473,0.8445833224256473,0.8635334705985714,0.9760730274788971,1.0878253616098010,1.0878253616098010,1.0770597347170090,1.0981777751046773,1.1541554850798650,1.1541554850798650,1.1426776843693596,1.1371840494852590
109,1.1013511404700782,1.1013511404700782,1.1171929153312148,1.0819286594835640,0.9639172634598682,0.9639172634598682,1.0121355489088117,0.9305521414416306,0.7708291605731789,0.7708291605731789,0.8774852814421736,0.7390306716905957,0.6051976709613131,0.6051976709613131,0.9496334542277934,0.5642461594151833,0.8813378614113039,0.8813378614113039,0.8808112796010397,0.9894401153887451,1.1058626736057080,1.1058626736057080,1.0956160097005470,1.1121708845217082,1.1604698949495453,1.1604698949495453,1.1489791978959623,1.1424035332490465
110,1.0987878010561631,1.0987878010561631,1.1160646562030649,1.0788801865006989,0.9581030040771406,0.9581030040771406,1.0075351615613422,0.9243960487154839,0.7661640566576117,0.7661640566576117,0.8733704403941652,0.7341969089029946,0.6027515758452324,0.6027515758452324,0.9437282859657840,0.5742442531270966,0.9133802800141840,0.9133802800141840,0.9013019043271076,1.0017736655736049,1.1245463739154613,1.1245463739154613,1.1146063495959806,1.1264543827204154,1.1664408758522713,1.1664408758522713,1.1550577347900852,1.1470961906142463
111,1.0959837419510936,1.0959837419510936,1.1147663854254679,1.0756920888010613,0.9516910170943194,0.9516910170943194,1.0023911835863817,0.9182095805318068,0.7612573939632449,0.7612573939632449,0.8686703775082180,0.7291233029236424,0.5986185185801308,0.5986185185801308,0.9364498227591213,0.5749243955564785,0.9507345434121940,0.9507345434121940,0.9292177031699386,1.0180346591134199,1.1439072429349586,1.1439072429349586,1.1337052057193879,1.1403567456431725,1.1723728307360253,1.1723728307360253,1.1613398590442985,1.1519351886457203
112,1.0931276353452337,1.0931276353452337,1.1129889909085198,1.0723643663846514,0.9452635047192880,0.9452635047192880,0.9974284024872514,0.9117294829253366,0.7547202095119809,0.7547202095119809,0.8622512254733249,0.7239205506102703,0.5917863218765954,0.5917863218765954,0.9246394862351024,0.5783251077033876,0.9897166302151631,0.9897166302151631,0.9559911675332675,1.0380852909781917,1.1639914512580460,1.1639914512580460,1.1526232014628390,1.1555658580834733,1.1780394086907693,1.1780394086907693,1.1673893120298371,1.1567254064551031
113,1.0903626118657568,1.0903626118657568,1.1116366255151895,1.0688349638217922,0.9387816534715209,0.9387816534715209,0.9922944910053927,0.9053202613864372,0.7482887070264417,0.7482887070264417,0.8547164943098607,0.7178506729113361,0.5872315240742385,0.5872315240742385,0.9124171612276876,0.5780530507316349,1.0302408655070407,1.0302408655070407,0.9877623452444180,1.0608231209279331,1.1841064399770309,1.1841064399770309,1.1719210040041985,1.1707386719260646,1.1836669606265411,1.1836669606265411,1.1731576205657273,1.1611839187542636
114,1.0874999993222982,1.0874999993222982,1.1097433139645272,1.0651969642569992,0.9321057348211259,0.9321057348211259,0.9864357920202126,0.8992856704904119,0.7401813905129804,0.7401813905129804,0.8454809621798863,0.7130169101237350,0.5782062765769758,0.5782062765769758,0.8995081887479460,0.5758085807146748,1.0721358994557264,1.0721358994557264,1.0173916458065020,1.0850768062076572,1.2042060384980671,1.2042060384980671,1.1912368925835539,1.1858207392743820,1.1885530182018436,1.1885530182018436,1.1788968451930331,1.1654375541206401
115,1.0843185958365000,1.0843185958365000,1.1079350082385886,1.0616287770505921,0.9247156481290609,0.9247156481290609,0.9799932364351348,0.8925423189186787,0.7309870594949208,0.7309870594949208,0.8363917355093968,0.7069654819010894,0.5696871177244193,0.5696871177244193,0.8866678810154371,0.5771688655734385,1.1163441561377747,1.1163441561377747,1.0515902842865943,1.1088481738823868,1.2248904645411549,1.2248904645411549,1.2104442649349352,1.2009935531169731,1.1913550863640379,1.1913550863640379,1.1840834755572369,1.1685497322900762
116,1.0813388764162637,1.0813388764162637,1.1061498859193926,1.0570832168267781,0.9175817304084645,0.9175817304084645,0.9729567577570578,0.8861837231423298,0.7215209748507118,0.7215209748507118,0.8269001688253241,0.7008956042021552,0.5640357945251987,0.5640357945251987,0.8749948739858837,0.5741082246412201,1.1626942857210854,1.1626942857210854,1.0845751923822156,1.1333085667071086,1.2443436747483445,1.2443436747483445,1.2289462818044863,1.2147144230511824,1.1935561538340624,1.1935561538340624,1.1874475143168233,1.1699936268639837
117,1.0778516938633231,1.0778516938633231,1.1037388116181410,1.0520877547378082,0.9103468976385016,0.9103468976385016,0.9660209440099976,0.8800073801111630,0.7127191768482015,0.7127191768482015,0.8175000430534295,0.6937556568784849,0.5557696799949954,0.5557696799949954,0.8602319533308601,0.5705714840084346,1.2084446908920425,1.2084446908920425,1.1181312677175881,1.1596293274368092,1.2603956512088659,1.2603956512088659,1.2444460163667592,1.2258943911457234,1.1949298697018791,1.1949298697018791,1.1905013247181768,1.1709399631725583
118,1.0746117369391361,1.0746117369391361,1.1015518435820699,1.0477749023752816,0.9022348802086613,0.9022348802086613,0.9585717391147515,0.8735779082672434,0.7036607226432168,0.7036607226432168,0.8087217154843450,0.6872798907012025,0.5504557492255789,0.5504557492255789,0.8483529520596086,0.5722038258389510,1.2565083187963626,1.2565083187963626,1.1547573669666220,1.1860189906815091,1.2730463939227186,1.2730463939227186,1.2570158127737365,1.2339708291360978,1.1940634920806992,1.1940634920806992,1.1929734569478441,1.1707253301953557
119,1.0711896137621835,1.0711896137621835,1.0981206993841350,1.0433922376543685,0.8944256079269203,0.8944256079269203,0.9514949944642677,0.8670370597457124,0.6943003199647325,0.6943003199647325,0.8001262697396164,0.6802506402352636,0.5451418184561625,0.5451418184561625,0.8383278989636391,0.5694832561214236,1.3035438477080770,1.3035438477080770,1.1839582920988929,1.2096525533262401,1.2833886069442626,1.2833886069442626,1.2679578657611055,1.2401597400455759,1.1904340723162972,1.1904340723162972,1.1941077293826325,1.1660034046969012
120,1.0676373718332552,1.0676373718332552,1.0949445726603708,1.0390095729334556,0.8866008102529690,0.8866008102529690,0.9450021064136815,0.8611745964423589,0.6853324503017976,0.6853324503017976,0.7918782994611642,0.6735350308662300,0.5393217990420398,0.5393217990420398,0.8270668804174817,0.5701633985508054,1.3343011425701998,1.3343011425701998,1.2091610465529066,1.2294964776460144,1.2911760471063178,1.2911760471063178,1.2775434658988005,1.2442796308856097,1.1845723642666930,1.1845723642666930,1.1924402519571315,1.1607253846666039
121,1.0640070586531420,1.0640070586531420,1.0914361504399599,1.0349216715035068,0.8793737401791113,0.8793737401791113,0.9383984869389769,0.8551703810038639,0.6768778930438117,0.6768778930438117,0.7840326691962949,0.6657678013487489,0.5341765644875255,0.5341765644875255,0.8155998676296262,0.5686670852061654,1.3621454902866064,1.3621454902866064,1.2320077361429473,1.2423812479508680,1.2928535786827291,1.2928535786827291,1.2810702433079524,1.2428821348737920,1.1800375408621389,1.1800375408621389,1.1867979736917735,1.1553205360588685
122,1.0605589117257941,1.0605589117257941,1.0882213847049578,1.0310432071487166,0.8718905011337850,0.8718905011337850,0.9317042690263571,0.8488725361425757,0.6690272327328249,0.6690272327328249,0.7774672117019171,0.6585540561199245,0.5292843742553643,0.5292843742553643,0.8027595598971173,0.5662185724603908,1.3816793711461162,1.3816793711461162,1.2521413813441706,1.2529922352607472,1.2861434523770845,1.2861434523770845,1.2773083474048570,1.2359491027112683,1.1767281344533078,1.1767281344533078,1.1832691261168760,1.1516717754464265
123,1.0573710023023972,1.0573710023023972,1.0843574835811571,1.0272966105819892,0.8646479056677170,0.8646479056677170,0.9249194526758220,0.8427164434164290,0.6615540080137126,0.6615540080137126,0.7710846360318953,0.6522443352292391,0.5259947980647732,0.5259947980647732,0.7938331427568706,0.5659465154886379,1.3929027851487292,1.3929027851487292,1.2597807431758405,1.2560239459207128,1.2709687171996407,1.2709687171996407,1.2665833268734361,1.2204677507881458,1.1729582210206062,1.1729582210206062,1.1803122620774700,1.1484327686995526
124,1.0541570691286051,1.0541570691286051,1.0806481385023086,1.0235500140152620,0.8577623942224840,0.8577623942224840,0.9184164981321342,0.8367729788929946,0.6544129266154496,0.6544129266154496,0.7654518758417327,0.6454918269076284,0.5219460889071227,0.5219460889071227,0.7843574076387624,0.5654024015451324,1.3809939718177124,1.3809939718177124,1.2500709001000734,1.2518897950207597,1.2629965946622006,1.2629965946622006,1.2619352151085537,1.2134076735336388,1.1687278005640342,1.1687278005640342,1.1773747873104536,1.1451059575529141
125,1.0510277131435970,1.0510277131435970,1.0769619768302028,1.0199352852365975,0.8508613573850410,0.8508613573850410,0.9120343415056665,0.8304852591842166,0.6476945730800858,0.6476945730800858,0.7602763202124599,0.6392928028746744,0.5205121710804548,0.5205121710804548,0.7751563315095850,0.5644502021439979,1.3390989378690270,1.3390989378690270,1.2185139101038296,1.2298409902210106,1.2551629839062990,1.2551629839062990,1.2556051018100758,1.2052767876466999,1.1649734975389217,1.1649734975389217,1.1729055600246632,1.1418962189392952
126,1.0479438987217804,1.0479438987217804,1.0731908093333733,1.0161964455985797,0.8443174045684330,0.8443174045684330,0.9055817194274872,0.8243696670681102,0.6417914804231708,0.6417914804231708,0.7556859864211262,0.6337395105118198,0.5216086964773184,0.5216086964773184,0.7658179258859421,0.5650623303304415,1.2885507373992429,1.2885507373992429,1.1992370157622327,1.2113062136862214,1.2458365239493709,1.2458365239493709,1.2474663847120329,1.1968010650815204,1.1606181938216391,1.1606181938216391,1.1689404538210009,1.1381986781047615
127,1.0445412933576239,1.0445412933576239,1.0696823871129624,1.0127678831089453,0.8377035874868789,0.8377035874868789,0.8996726879767987,0.8183958270871455,0.6365526744079546,0.6365526744079546,0.7514431280960687,0.6284260613407162,0.5205121710804548,0.5205121710804548,0.7564795202622994,0.5683950282344127,1.2493973007641728,1.2493973007641728,1.1803884968504490,1.1907043617014557,1.2334012440068003,1.2334012440068003,1.2350774486850120,1.1871637873896352,1.1574336706735187,1.1574336706735187,1.1638701590911342,1.1348328427804499
128,1.0411061583054737,1.0411061583054737,1.0663517043442463,1.0091453974015712,0.8314235663378446,0.8314235663378446,0.8939347869088389,0.8127864925965448,0.6312534786980385,0.6312534786980385,0.7482792725347112,0.6234631522190953,0.5212713040475142,0.5212713040475142,0.7513296642198493,0.5697553130931763,1.2020190721882564,1.2020190721882564,1.1576845990703459,1.1627299406117739,1.2222279602960253,1.2222279602960253,1.2253109881673605,1.1782887802496507,1.1568638907965265,1.1568638907965265,1.1617082552196998,1.1329401701633006
129,1.0373522323109838,1.0373522323109838,1.0627505484968640,1.0050807667577510,0.8256170696512221,0.8256170696512221,0.8881062874029638,0.8072885347835552,0.6272677588478452,0.6272677588478452,0.7452800106152739,0.6187400862892256,0.5240547915933990,0.5240547915933990,0.7435018830353252,0.5742442531270966,1.1435031045257775,1.1435031045257775,1.1170603291430548,1.1360646673070773,1.2095464371862750,1.2095464371862750,1.2125603313804265,1.1678529334081555,1.1566531502940773,1.1566531502940773,1.1615919195853626,1.1323548074982031
130,1.0336113181916913,1.0336113181916913,1.0592962208921863,1.0011247331158650,0.8195854547775513,0.8195854547775513,0.8830529078659185,0.8023069597485812,0.6235386952001265,0.6235386952001265,0.7431220050878740,0.6154745289861515,0.5286095893957560,0.5286095893957560,0.7377340442677811,0.5793453213474604,1.0749631716853922,1.0749631716853922,1.0759362878809815,1.1090548814273846,1.2034673089965282,1.2034673089965282,1.2065015086518833,1.1643319694303293,1.1574726966924906,1.1574726966924906,1.1625904671134242,1.1318377371440334
131,1.0296036606308494,1.0296036606308494,1.0557646152650326,0.9966877698939850,0.8142757706416559,0.8142757706416559,0.8773552727703654,0.7978518926441330,0.6210778151411056,0.6210778151411056,0.7407445413712469,0.6120244769201920,0.5298748110075218,0.5298748110075218,0.7329961767087270,0.5858746886695262,0.9990551960646655,0.9990551960646655,1.0125367242686183,1.0815627779426973,1.2018821186078095,1.2018821186078095,1.2062663901579398,1.1627348311311092,1.1579956453467164,1.1579956453467164,1.1635502360967067,1.1317987129663603
132,1.0255504615068161,1.0255504615068161,1.0524339324963166,0.9922508066721051,0.8096026275863795,0.8096026275863795,0.8722012283023033,0.7935487028273364,0.6195831701972832,0.6195831701972832,0.7404336422698419,0.6099396860995855,0.5385626660749803,0.5385626660749803,0.7264730257216235,0.5956007254096867,0.9293158143995736,0.9293158143995736,0.9889760756288889,1.0603408033229387,1.2051294503749908,1.2051294503749908,1.2096123071871354,1.1641686257406363,1.1590259322475789,1.1590259322475789,1.1650916832516758,1.1317499327442688
133,1.0216924405107457,1.0216924405107457,1.0486936762084775,0.9875190801592610,0.8049838234038388,0.8049838234038388,0.8677216388720539,0.7899947742962878,0.6198549238234327,0.6198549238234327,0.7400313022562588,0.6091463586191777,0.5474192173573410,0.5474192173573410,0.7236577710850842,0.6045786054775271,0.9042987389128330,0.9042987389128330,0.9891902633437956,1.0548286021230013,1.2111316275749939,1.2111316275749939,1.2157434740676609,1.1673992009367862,1.1611255320682761,1.1611255320682761,1.1674571744832005,1.1324816360756409
134,1.0174570751339469,1.0174570751339469,1.0449766033273813,0.9827175412880307,0.8011335261357040,0.8011335261357040,0.8636749086451769,0.7869369782382347,0.6227536291690278,0.6227536291690278,0.7407262531888114,0.6110097557243216,0.5620114399463734,0.5620114399463734,0.7245504127991089,0.6189296107374841,0.9099532833721647,0.9099532833721647,1.0047545706270107,1.0597206806879458,1.2231513721729488,1.2231513721729488,1.2274270546128516,1.1755300868237251,1.1636388076900770,1.1636388076900770,1.1710441898752666,1.1329206580744642
135,1.0131891800691541,1.0131891800691541,1.0410354241811046,0.9779935717038962,0.7980129223014497,0.7980129223014497,0.8604536308526380,0.7848309465161319,0.6278565583711693,0.6278565583711693,0.7435426332838926,0.6157143721779027,0.5809897641228605,0.5809897641228605,0.7285329681386036,0.6370213993590413,0.9349703588589053,0.9349703588589053,1.0308140759406510,1.0752926490777686,1.2364023326068019,1.2364023326068019,1.2408107227296332,1.1839876600900496,1.1655823034348858,1.1655823034348858,1.1743597554538792,1.1337499218500191
136,1.0087196009387995,1.0087196009387995,1.0371947064640468,0.9733549283355671,0.7966466877869502,0.7966466877869502,0.8582390023702676,0.7847499452960510,0.6392098209747501,0.6392098209747501,0.7500166498660924,0.6251605040376422,0.6014863542334666,0.6014863542334666,0.7304555810611183,0.6535488603930203,0.9658133286370787,0.9658133286370787,1.0575875403039801,1.0892109571076103,1.2493300988837319,1.2493300988837319,1.2531092285666761,1.1923363375632459,1.1673853055113952,1.1673853055113952,1.1773360087656746,1.1338669943830386
137,1.0042695396212413,1.0042695396212413,1.0326662143469525,0.9693135684778758,0.7952028263113997,0.7952028263113997,0.8559035759706769,0.7841525612979546,0.6469698967436871,0.6469698967436871,0.7539851854546161,0.6320790576458499,0.6109333422679847,0.6109333422679847,0.7331335062031924,0.6615065268167880,0.9987124964004637,0.9987124964004637,1.0874310285809707,1.1027158500474565,1.2616884278365588,1.2616884278365588,1.2655162506316926,1.2002131332662178,1.1686263329147071,1.1686263329147071,1.1797402785419784,1.1335255328283984
138,0.9996047823629237,0.9996047823629237,1.0285936625624668,0.9651015561885736,0.7941160488566843,0.7941160488566843,0.8532460217918324,0.7836058030624087,0.6532655224161515,0.6532655224161515,0.7578439919485261,0.6379275416293214,0.6231638178483876,0.6231638178483876,0.7336141594338210,0.6700083071840611,1.0382943076157860,1.0382943076157860,1.1178456840977125,1.1215951391572418,1.2736773920386164,1.2736773920386164,1.2771455730628962,1.2077087936932396,1.1695941781852142,1.1695941781852142,1.1815822594189853,1.1325401723421507
139,0.9948424360406245,0.9948424360406245,1.0241888152813339,0.9611300086892685,0.7930913729708097,0.7930913729708097,0.8512629226508006,0.7839196827902221,0.6580061134500935,0.6580061134500935,0.7608432538679634,0.6419679769365146,0.6347195085691820,0.6347195085691820,0.7380087032567118,0.6755854751049923,1.0777904439150581,1.0777904439150581,1.1450475238908548,1.1388207679070459,1.2840657756540064,1.2840657756540064,1.2877078192523563,1.2139521524992820,1.1699376071521683,1.1699376071521683,1.1829492031224484,1.1317011525221774
140,0.9902557500334921,0.9902557500334921,1.0195907729440112,0.9570886488315771,0.7920977478693556,0.7920977478693556,0.8491388926063453,0.7834033000122065,0.6643470313935829,0.6643470313935829,0.7647020603618734,0.6471891787261754,0.6648317829292083,0.6648317829292083,0.7603934108545614,0.6811626430259234,1.1180576544587844,1.1180576544587844,1.1749624080728143,1.1570110318668390,1.2938231611534987,1.2938231611534987,1.2971487310860863,1.2198143760293740,1.1696878406307472,1.1696878406307472,1.1838314150161728,1.1307353041247661
141,0.9857211115271498,0.9857211115271498,1.0150622808269170,0.9534428923380743,0.7915931726225234,0.7915931726225234,0.8473470568342456,0.7831805466569841,0.6695103502904242,0.6695103502904242,0.7686705959503970,0.6515986035591397,0.6750379039307858,0.6750379039307858,0.7757743142346789,0.6895964091502584,1.1567827165136022,1.1567827165136022,1.2040919373001162,1.1747189782216376,1.3027648661617086,1.3027648661617086,1.3055406527160682,1.2242972528465033,1.1693053856448210,1.1693053856448210,1.1839671399228997,1.1297304315496819
142,0.9809067177040605,0.9809067177040605,1.0101937654109281,0.9499057328465057,0.7907237506587510,0.7907237506587510,0.8453136252277055,0.7822490326260539,0.6768175033491118,0.6768175033491118,0.7740290334040256,0.6566168611096264,0.6922449178508009,0.6922449178508009,0.7854560435944851,0.6963298192011388,1.1967072273931265,1.1967072273931265,1.2342924051019515,1.1950452201464064,1.3104291847401741,1.3104291847401741,1.3127208098003418,1.2282900985945535,1.1686653589336791,1.1686653589336791,1.1836956901094460,1.1283060490646108
143,0.9765802692008788,0.9765802692008788,1.0055107172488817,0.9462444624955837,0.7902812769807598,0.7902812769807598,0.8438640502210629,0.7815098964928160,0.6856494961989721,0.6856494961989721,0.7822770036824780,0.6620779060910382,0.7086084506963053,0.7086084506963053,0.7956184261849198,0.7055797562407319,1.2341471657071870,1.2341471657071870,1.2593523677460274,1.2102037734462339,1.3165852639196645,1.3165852639196645,1.3191775253647890,1.2309580455262055,1.1671745650089462,1.1671745650089462,1.1830170655758119,1.1268621544907031
144,0.9723188800736848,0.9723188800736848,1.0006190184261503,0.9431261771543323,0.7902657515885495,0.7902657515885495,0.8428171349384879,0.7810441394773510,0.6992371775064492,0.6992371775064492,0.7998153706382114,0.6681846827425495,0.7416729088171186,0.7416729088171186,0.8100380231037801,0.7206789181730090,1.2697022558681368,1.2697022558681368,1.2859116443944498,1.2257068393210575,1.3221872959730008,1.3221872959730008,1.3241692718515887,1.2342067700212100,1.1655666930272970,1.1655666930272970,1.1818537092324390,1.1251938708951748
145,0.9681485740728737,0.9681485740728737,0.9959050590551135,0.9397906978092129,0.7903356158534955,0.7903356158534955,0.8423742092420137,0.7807201345970274,0.7099110560446562,0.7099110560446562,0.8088680209438298,0.6758227659260108,0.7717008350696938,0.7717008350696938,0.8357186385687978,0.7399269489245154,1.3071421941821972,1.3071421941821972,1.3074732076950506,1.2416233202858766,1.3266658435760801,1.3266658435760801,1.3283652326665798,1.2375099424127789,1.1640915095101529,1.1640915095101529,1.1801183693535746,1.1233011982780257
146,0.9644076599535812,0.9644076599535812,0.9912915611132955,0.9362612952463537,0.7912438512977934,0.7912438512977934,0.8429580658419114,0.7803252536491332,0.7236799064362330,0.7236799064362330,0.8208102040742719,0.6848076608785364,0.7868834944108836,0.7868834944108836,0.8425851132920645,0.7518974556816359,1.3401270368616327,1.3401270368616327,1.3286063955658383,1.2545769931057291,1.3308827578140310,1.3308827578140310,1.3312770847838797,1.2419565206321985,1.1618592212249508,1.1618592212249508,1.1780728011164774,1.1209695036620533
147,0.9603869905175418,0.9603869905175418,0.9868403470186772,0.9328870312576862,0.7929594071370228,0.7929594071370228,0.8488570307994981,0.7811453910024521,0.7436387005345495,0.7436387005345495,0.8378365019218086,0.6998070851011305,0.8002104953881500,0.8002104953881500,0.8473916455983513,0.7634598769811274,1.3725978300447652,1.3725978300447652,1.3507391261061903,1.2703556690405498,1.3346071857176227,1.3346071857176227,1.3337186999132926,1.2460582621733776,1.1599001150725532,1.1599001150725532,1.1761241792413279,1.1183158595802771
148,0.9563142735807122,0.9563142735807122,0.9823968607263065,0.9291869762632164,0.7975393978390379,0.7975393978390379,0.8523199044264774,0.7819857786607911,0.7536633898547327,0.7536633898547327,0.8452797921730949,0.7092716664371586,0.8088983504556087,0.8088983504556087,0.8509622124544500,0.7712815149190186,1.4055826727242007,1.4055826727242007,1.3702302081626938,1.2826203167104102,1.3371773487750600,1.3371773487750600,1.3356900780548184,1.2495247782546395,1.1577927100480616,1.1577927100480616,1.1740592217318411,1.1157890440759388
149,0.9521634853926972,0.9521634853926972,0.9784015869642967,0.9255644905558423,0.8025385741307290,0.8025385741307290,0.8583799332736912,0.7855903329543902,0.7622689213494682,0.7622689213494682,0.8510771460051777,0.7179429202927788,0.8168270725560077,0.8168270725560077,0.8521981779046380,0.7808035089303647,1.4359972679221216,1.4359972679221216,1.3906494369837927,1.2952983794702659,1.3405016315319846,1.3405016315319846,1.3370827029804837,1.2528823985427726,1.1561848380664126,1.1561848380664126,1.1721202944928866,1.1133207648381103
150,0.9483184762718245,0.9483184762718245,0.9758436844203406,0.9219652756345971,0.8070098870872726,0.8070098870872726,0.8596885773769101,0.7869066027807045,0.7697270486449057,0.7697270486449057,0.8544604597557623,0.7257470487628370,0.8210444779285604,0.8210444779285604,0.8552880915301081,0.7903935171846487,1.4640129654706291,1.4640129654706291,1.4073560787465100,1.3046002189951602,1.3432564769648068,1.3432564769648068,1.3384391558301574,1.2565304076125823,1.1538823029470606,1.1538823029470606,1.1702007565263213,1.1109988262665560
151,0.9443368424613777,0.9443368424613777,0.9725825518718529,0.9182186790678697,0.8086866294459764,0.8086866294459764,0.8596885773769101,0.7875546125413515,0.7764906944512943,0.7764906944512943,0.8575328744049420,0.7329238950390844,0.8279610227395469,0.8279610227395469,0.8570733749581574,0.8000515396818709,1.4888586911252686,1.4888586911252686,1.4257048263235115,1.3114904704950818,1.3477042441719884,1.3477042441719884,1.3410073732255399,1.2610677323262758,1.1516265990504753,1.1516265990504753,1.1683296917407300,1.1087744481391850
152,0.9405113511533013,0.9405113511533013,0.9689813960244708,0.9143789993566275,0.8096259156746948,0.8096259156746948,0.8591550532425208,0.7880001192517962,0.7808085576223370,0.7808085576223370,0.8584289953442860,0.7390306716905957,0.8317566875748443,0.8317566875748443,0.8556314152662714,0.8097775764220314,1.5126763177873026,1.5126763177873026,1.4446247411402640,1.3231349955299494,1.3521212309832729,1.3521212309832729,1.3441181717607920,1.2657321021319528,1.1495738304525447,1.1495738304525447,1.1654600794270771,1.1063061689013565
153,0.9366403182820335,0.9366403182820335,0.9653570567703458,0.9106091320037714,0.8103788971968905,0.8103788971968905,0.8582591353564710,0.7883342492846299,0.7845527186937308,0.7845527186937308,0.8594348453782437,0.7450267514843757,0.8374080107740649,0.8374080107740649,0.8546701088050140,0.8229723395520393,1.5405206655037091,1.5405206655037091,1.4680425979700558,1.3373289136197879,1.3575539708591731,1.3575539708591731,1.3467949053841481,1.2710679959952564,1.1480986469354004,1.1480986469354004,1.1639671054530820,1.1037403292193448
154,0.9327497675979693,0.9327497675979693,0.9617327175162208,0.9065445013599512,0.8107670320021459,0.8107670320021459,0.8567592278843201,0.7885975032498928,0.7885384385439240,0.7885384385439240,0.8597640326620842,0.7512995734224839,0.8429749858658345,0.8429749858658345,0.8561120684969001,0.8357590172244181,1.5718776847781852,1.5718776847781852,1.4933881442340073,1.3535899071596029,1.3615554223258419,1.3615554223258419,1.3475726050179613,1.2761316503757383,1.1458351378350207,1.1458351378350207,1.1627940544735145,1.1008232719382749
155,0.9286250031603496,0.9286250031603496,0.9581624728778291,0.9030616403693497,0.8111784548957168,0.8111784548957168,0.8552593204121691,0.7895897681958836,0.7941244853036646,0.7941244853036646,0.8610442054325758,0.7591774997976963,0.8486263090650551,0.8486263090650551,0.8578973519249494,0.8502460509702515,1.6101743722527506,1.6101743722527506,1.5220179021265270,1.3730893189043811,1.3659262385432802,1.3659262385432802,1.3492907786275481,1.2810138117676726,1.1435716287346409,1.1435716287346409,1.1615531410405835,1.0976428014579107
156,0.9246889109130941,0.9246889109130941,0.9544531277989805,0.8990978497987541,0.8116830301425489,0.8116830301425489,0.8535077506124762,0.7902580282615508,0.8006616697549286,0.8006616697549286,0.8630376173180554,0.7688819243254756,0.8448306442297577,0.8448306442297577,0.8567300512219941,0.8556871904053064,1.6507842824606789,1.6507842824606789,1.5449359876215367,1.3928643407091561,1.3715128803986676,1.3715128803986676,1.3540474066204042,1.2847888659294657,1.1399031829512667,1.1399031829512667,1.1595657406206550,1.0941794056894161
157,0.9207658305410362,0.9207658305410362,0.9500869195290857,0.8952271423726734,0.8122652323504322,0.8122652323504322,0.8519575106748168,0.7923336845261232,0.8076064846454170,0.8076064846454170,0.8656345392239095,0.7793796763336627,0.8340340864760227,0.8340340864760227,0.8549447677939447,0.8527625779589644,1.6943928147303740,1.6943928147303740,1.5674256976867331,1.4142930228739123,1.3770225712643116,1.3770225712643116,1.3590391531072039,1.2892898920454496,1.1355478792339844,1.1355478792339844,1.1569191049394818,1.0896428450349092
158,0.9166735957914103,0.9166735957914103,0.9463775744502372,0.8908832622953085,0.8136469922571419,0.8136469922571419,0.8504072707371575,0.7949257235687113,0.8125886344581585,0.8125886344581585,0.8661648965145418,0.7883830207624769,0.8224783957552284,0.8224783957552284,0.8558374095079694,0.8463692391227751,1.7330322018691411,1.7330322018691411,1.5834183803997617,1.4355839000086703,1.3811163639186728,1.3811163639186728,1.3624935863643732,1.2925930644370185,1.1273680256574394,1.1273680256574394,1.1516549174857198,1.0836623898064945
159,0.9127440094817535,0.9127440094817535,0.9431241697039970,0.8866945207921351,0.8151917687820589,0.8151917687820589,0.8489878952098201,0.7984087760321891,0.8128150958132832,0.8128150958132832,0.8650858937508418,0.7920913654964762,0.8194418638869904,0.8194418638869904,0.8603006180780928,0.8411321424165348,1.7687586418621919,1.7687586418621919,1.6132618686767524,1.4548077016934515,1.3835634053925201,1.3835634053925201,1.3644468784679036,1.2940268590465458,1.1179705602889660,1.1179705602889660,1.1437053158060055,1.0754185322730356
160,0.9088794825480845,0.9088794825480845,0.9397934869352810,0.8837158601676561,0.8174507133486459,0.8174507133486459,0.8474678547514658,0.8022057082234801,0.8126188293055085,0.8126188293055085,0.8638605855276571,0.7948403374634707,0.8070426920916854,0.8070426920916854,0.8670297633068942,0.8354869602526654,1.8073980290009592,1.8073980290009592,1.6410348757096456,1.4729290631382455,1.3790694675914921,1.3790694675914921,1.3594551319811039,1.2917400473908442,1.1088618874608858,1.1088618874608858,1.1367251777457688,1.0617405579985866
161,0.9051710981167860,0.9051710981167860,0.9363700705395935,0.8811948583370425,0.8170470531511802,0.8170470531511802,0.8442767764382320,0.8021854579184600,0.8126490241528584,0.8126490241528584,0.8635131100613808,0.7958181597067641,0.8049339894054091,0.8049339894054091,0.8745828855024876,0.8317461768910652,1.8489503632854427,1.8489503632854427,1.6675941523580680,1.4918772547630299,1.3668650406181524,1.3668650406181524,1.3476268631319481,1.2824839049749093,1.1036480113262179,1.1036480113262179,1.1312186243871374,1.0530576784663044
162,0.9013325949335120,0.9013325949335120,0.9332403106293151,0.8789531059399738,0.8160379026575159,0.8160379026575159,0.8414480918766588,0.8019525794107274,0.8132076288288326,0.8132076288288326,0.8650858937508418,0.7969251282840772,0.8020661537520732,0.8020661537520732,0.8825479961814772,0.8284814932300323,1.8816781812167267,1.8816781812167267,1.6780893503884928,1.5025571445879085,1.3463960773463468,1.3463960773463468,1.3359794546627490,1.2595794898201842,1.0976301992007254,1.0976301992007254,1.1268657327356841,1.0461796671514065
163,0.8975331273758307,0.8975331273758307,0.9298400776403706,0.8759046329571086,0.8147570578001727,0.8147570578001727,0.8386999392598991,0.8015678236153433,0.8149891248224795,0.8149891248224795,0.8681948847648925,0.7979767484325248,0.8154775028367909,0.8154775028367909,0.8991648650117827,0.8324943335633852,1.9005266627478326,1.9005266627478326,1.6641671489195620,1.5081382483028449,1.3353920858130077,1.3353920858130077,1.3313494289358623,1.2470927722080996,1.0910035811792687,1.0910035811792687,1.1221056663640503,1.0386382448160647
164,0.8937466716933469,0.8937466716933469,0.9264166612446832,0.8711806633729742,0.8133597725012528,0.8133597725012528,0.8379852182496795,0.8004743071442514,0.8188691627069480,0.8188691627069480,0.8721634203534161,0.8002644834923055,0.8356367005175928,0.8356367005175928,0.9195582949398849,0.8416762563600403,1.8798790079796666,1.8798790079796666,1.6588838519518649,1.4933242075780135,1.3307750264283900,1.3307750264283900,1.3290344160724190,1.2414301909654102,1.0807085173744377,1.0807085173744377,1.1166281969140033,1.0301699982609851
165,0.8903831019547831,0.8903831019547831,0.9230473394647291,0.8684191967523636,0.8122885204387476,0.8122885204387476,0.8381462821393064,0.7998667979936448,0.8238664099433646,0.8238664099433646,0.8777413159962719,0.8041388735129017,0.8627967911168322,0.8627967911168322,0.9490841362499320,0.8504500936990661,1.8373842496186277,1.8373842496186277,1.6658092547338461,1.4464704973785465,1.3251268237812075,1.3251268237812075,1.3256342409292365,1.2349871898719653,1.0581436732047895,1.0581436732047895,1.1070208124449830,1.0106481533799776
166,0.8870325440914169,0.8870325440914169,0.9193766333971185,0.8662084720701332,0.8119314364179125,0.8119314364179125,0.8396361231183557,0.7990061600302855,0.8340722683476475,0.8340722683476475,0.8864647790180497,0.8109282807870895,0.9554110130980896,0.9554110130980896,1.0156202763183870,0.8764315345014528,1.8285597332654282,1.8285597332654282,1.6763044527642710,1.4311741390487205,1.3140304910601759,1.3140304910601759,1.3189424068708457,1.2246420895247438,1.0466622184232079,1.0466622184232079,1.0922171029755638,0.9909506996994406
167,0.8841894493607546,0.8841894493607546,0.9138744381968263,0.8639356919582262,0.8128396718622104,0.8128396718622104,0.8429077333764030,0.7989960348777754,0.8450028030883291,0.8450028030883291,0.8976937230335036,0.8193412419746700,1.0210338406950097,1.0210338406950097,1.1131242173887750,0.9011207046880140,1.8356707512976180,1.8356707512976180,1.6877277975592915,1.4282113309037541,1.2773556493483620,1.2773556493483620,1.2933687491449952,1.1874541761713115,1.0380608838417646,1.0380608838417646,1.0838312426670849,0.9813117278141655
168,0.8813203308796973,0.8813203308796973,0.9085113434369911,0.8617327242047053,0.8156575305483655,0.8156575305483655,0.8475282537100759,0.8005755586693525,0.8701702083545118,0.8701702083545118,0.9254734721531689,0.8317577395168666,1.0414460826981649,1.0414460826981649,1.1532930945198856,0.9041813456202323,1.8374699245346782,1.8374699245346782,1.6852289408853807,1.4224235196438200,1.2390494466539828,1.2390494466539828,1.2674695427352229,1.1474168228976798,1.0234807631538010,1.0234807631538010,1.0753193520880737,0.9733898197465103
169,0.8784902480242327,0.8784902480242327,0.9063398310054152,0.8595064856650557,0.8190575914424039,0.8190575914424039,0.8525916997402230,0.8025398382563138,0.9056038617196772,0.9056038617196772,0.9655611680519881,0.8536388183950914,1.0540982988158230,1.0540982988158230,1.1740298481841513,0.9040453171343560,1.8222197894776924,1.8222197894776924,1.6563849952779541,1.4008570324490652,1.2240286134560263,1.2240286134560263,1.2559849086079846,1.1339500431474372,1.0128656859933991,1.0128656859933991,1.0574036644001326,0.9660142501662796
170,0.8759464264231138,0.8759464264231138,0.9049024597873614,0.8574664134144361,0.8232106338586379,0.8232106338586379,0.8631917169762962,0.8053242551965939,0.9232074577246976,0.9232074577246976,0.9889517533871112,0.8636568840197760,1.0648948565695577,1.0648948565695577,1.1889987630808727,0.9039773028914178,1.7181247664763573,1.7181247664763573,1.6167602680202273,1.3062538793551415,1.2119934786601225,1.2119934786601225,1.2437044888089375,1.1245668556395190,1.0068868998868787,1.0068868998868787,1.0430749921042575,0.9601020872487930
171,0.8734676641979827,0.8734676641979827,0.9039519401109064,0.8551781194451099,0.8358017269411269,0.8358017269411269,0.8819254606385299,0.8125434889363021,0.9347418894123781,0.9347418894123781,1.0049539130182548,0.8698559080527301,1.0864036239695767,1.0864036239695767,1.2054096376694803,0.9096224850552871,1.6370762958926017,1.6370762958926017,1.6046229641755181,1.2476867416058075,1.1864919206590836,1.1864919206590836,1.2123252128864830,1.1114267632686625,1.0012125167283403,1.0012125167283403,1.0368510356672129,0.9549118716182603
172,0.8712426335392035,0.8712426335392035,0.9045160696749813,0.8523002988938555,0.8474302457065822,0.8474302457065822,0.8933207308296361,0.8160366665522900,0.9430001801625892,0.9430001801625892,1.0162011452161444,0.8750402108898137,1.1150819805029351,1.1150819805029351,1.2283436632451914,0.9177161799649312,1.6134300190626689,1.6134300190626689,1.5949845170047197,1.2266025720160474,1.1685623400488176,1.1685623400488176,1.1880356638583236,1.1035136689679810,0.9942112489247519,0.9942112489247519,1.0321588317489425,0.9489021482565908
173,0.8690696503812145,0.8690696503812145,0.9055284117694171,0.8496396723464694,0.8534230470997274,0.8534230470997274,0.9032865590003032,0.8178288185465794,0.9518170755887745,0.9518170755887745,1.0260036110016220,0.8813314823042104,1.1723543454622007,1.1723543454622007,1.2762716568135934,0.9341076125130338,1.5995506826624908,1.5995506826624908,1.5531465166929577,1.2146135344061837,1.1547419422908618,1.1547419422908618,1.1702390024706031,1.0981777751046773,0.9799667519999480,0.9799667519999480,1.0256343415898599,0.9383265961071594
174,0.8674691897319173,0.8674691897319173,0.9057911570458355,0.8467696087239247,0.8580185631939528,0.8580185631939528,0.9112793545230403,0.8188008331875499,0.9622192005008320,0.9622192005008320,1.0367936386386216,0.8885267780567464,1.2252406088340115,1.2252406088340115,1.3252296215904853,0.9546479138803656,1.5555137758125432,1.5555137758125432,1.5060966153184674,1.2035202294913099,1.1477701826200888,1.1477701826200888,1.1640716635140860,1.0910813992524606,0.9718337296461695,0.9718337296461695,1.0155325306749061,0.9250388636094421
175,0.8660313775225893,0.8660313775225893,0.9059302574862923,0.8438607604578321,0.8619775382075590,0.8619775382075590,0.9200170705353019,0.8205322342667787,0.9775128906835813,0.9775128906835813,1.0512413027627399,0.8992828227329732,1.2858025499838683,1.2858025499838683,1.3688317360832294,0.9839620525867234,1.5225289331331080,1.5225289331331080,1.4666860757756472,1.1982836383513695,1.1271627075667447,1.1271627075667447,1.1489517357497219,1.0722424270412050,0.9650588127526190,0.9650588127526190,1.0101035344058329,0.9179754874505968
176,0.8649188621931997,0.8649188621931997,0.9059920799042731,0.8417276050626975,0.8668214605771478,0.8668214605771478,0.9281105309890558,0.8222231347359670,1.0019556196133652,1.0019556196133652,1.0762412481521952,0.9157951040112288,1.3766454617086537,1.3766454617086537,1.4348185581738229,1.0196015158863323,1.4969121332340138,1.4969121332340138,1.4182796522067482,1.1930470472114292,1.1045083361862200,1.1045083361862200,1.1331626245795186,1.0504451191166211,0.9574409338492718,0.9574409338492718,1.0056343071200424,0.9103267486266539
177,0.8641706793693412,0.8641706793693412,0.9060616301245016,0.8395168803804670,0.8724727033416682,0.8724727033416682,0.9375227020391304,0.8249974265237371,1.0268814661007482,1.0268814661007482,1.0998512916765453,0.9345028729678222,1.4300378137251708,1.4300378137251708,1.4830898754783883,1.0462630991181010,1.4596435447520544,1.4596435447520544,1.3828672833421851,1.1784397140315952,1.0970594803790366,1.0970594803790366,1.1286230290426100,1.0428950107930350,0.9512357968327133,0.9512357968327133,1.0005543177539811,0.9022097196706327
178,0.8633704490446926,0.8633704490446926,0.9067339489200429,0.8373682111279133,0.8797152988077361,0.8797152988077361,0.9515654599159794,0.8295739954583067,1.0597787522885178,1.0597787522885178,1.1314349827428138,0.9571588298501662,1.4587161702585294,1.4587161702585294,1.5045132766149805,1.0634707025814618,1.3911892868277196,1.3911892868277196,1.3605917609918954,1.1302768560471430,1.0898722579369815,1.0898722579369815,1.1231248734919321,1.0355445447568516,0.9457253229538577,0.9457253229538577,0.9962305100111122,0.8964243853305840
179,0.8626222662208340,0.8626222662208340,0.9069271439762329,0.8352815973050361,0.8918251047317083,0.8918251047317083,0.9666651995685053,0.8366616022153834,1.0885544418130195,1.0885544418130195,1.1573127608891776,0.9818626786005396,1.4977693440083673,1.4977693440083673,1.5285459381464142,1.0805422775589462,1.3510077512000438,1.3510077512000438,1.3541661295446965,1.1043695104074378,1.0813306980754387,1.0813306980754387,1.1175182017132803,1.0260706107546593,0.9395826275676545,0.9395826275676545,0.9916352524547896,0.8907853916568097
180,0.8621928743393154,0.8621928743393154,0.9081094977201158,0.8344671197905302,0.9039426733517856,0.9039426733517856,0.9832648466931821,0.8453186076115272,1.1068978115781136,1.1068978115781136,1.1716141195538110,0.9990944894540488,1.5477034236193914,1.5477034236193914,1.5719420583974602,1.1065917326042711,1.3443251077481062,1.3443251077481062,1.3472407267627153,1.0965835262125263,1.0737279402887681,1.0737279402887681,1.1133041548602938,1.0151991807406497,0.9316993717352974,0.9316993717352974,0.9865455684525335,0.8852244463383817
181,0.8617049290194077,0.8617049290194077,0.9102269155359586,0.8340017040679554,0.9208110119881904,0.9208110119881904,0.9993309696834697,0.8572460372684364,1.1207270516643904,1.1207270516643904,1.1805753289472516,1.0128024503364441,1.5816113628147150,1.5816113628147150,1.5992019630488292,1.1430473668191383,1.3343868174862503,1.3343868174862503,1.3381734468316679,1.0880396143526236,1.0670947649728670,1.0670947649728670,1.1090177638553245,1.0065601144857772,0.9237692846801736,0.9237692846801736,0.9779755100563539,0.8786293603116145
182,0.8617374587074015,0.8617374587074015,0.9131557525877995,0.8341103010698895,0.9343103405149773,0.9343103405149773,1.0101021173022715,0.8674623161511371,1.1355376242895405,1.1355376242895405,1.1905972529219564,1.0272299407940930,1.6344976261865261,1.6344976261865261,1.6129349124953627,1.1864404538137003,1.3286465981108682,1.3286465981108682,1.3351748188229751,1.0848700986626596,1.0582454011523497,1.0582454011523497,1.1012407675171945,0.9975580622538092,0.9172285239004554,0.9172285239004554,0.9706269758207156,0.8725025644169255
183,0.8622774515280993,0.8622774515280993,0.9151495255676806,0.8344205782182728,0.9441223883918368,0.9441223883918368,1.0167359362562813,0.8759471939546090,1.1617920440603213,1.1617920440603213,1.2124516309324895,1.0488711764805667,1.6572716151983107,1.6572716151983107,1.6235779483164263,1.2175229628364510,1.3238488028120412,1.3238488028120412,1.3304626890950291,1.0670243472778627,1.0437324444867009,1.0437324444867009,1.0867719371206737,0.9861058546764466,0.9091579431770322,0.9091579431770322,0.9644708818370344,0.8658294300348119
184,0.8632273184175197,0.8632273184175197,0.9156827439227651,0.8349402924418146,0.9526768794996684,0.9526768794996684,1.0232489572930707,0.8844928226731416,1.1876086385445279,1.1876086385445279,1.2326052079765129,1.0679479349629311,1.6914325987159875,1.6914325987159875,1.6274918389086883,1.2312618399099644,1.3095410918316108,1.3095410918316108,1.3247510166975189,1.0459401776881025,1.0301736800938734,1.0301736800938734,1.0735510433458528,0.9759603966166278,0.8945231860625077,0.8945231860625077,0.9569478441498902,0.8558197284616417
185,0.8643918812476994,0.8643918812476994,0.9161232286508784,0.8352040280179404,0.9609519135477160,0.9609519135477160,1.0304163003814697,0.8953976119265297,1.2090318827393169,1.2090318827393169,1.2469065666411463,1.0949026198205081,1.7158092017693420,1.7158092017693420,1.6570176802187353,1.2483334148874488,1.2837529421004159,1.2837529421004159,1.2993340745285986,1.0207907597133885,1.0182616668815594,1.0182616668815594,1.0635675503722535,0.9657241920625352,0.8766414641695073,0.8766414641695073,0.9409516944285141,0.8420051695653366
186,0.8659858359593978,0.8659858359593978,0.9156131937025367,0.8358711238869643,0.9722466363806516,0.9722466363806516,1.0432913450585235,0.9072136649058277,1.2167013739662040,1.2167013739662040,1.2516614940744004,1.1033155810080886,1.7542719387670227,1.7542719387670227,1.6693086699733828,1.2712542147576171,1.2543664458951007,1.2543664458951007,1.2674201050075105,0.9968815870086605,0.9962382936169325,0.9962382936169325,1.0425515742213070,0.9477563861963088,0.8670644791137625,0.8670644791137625,0.9252948569739550,0.8312344965275392
187,0.8679896647398189,0.8679896647398189,0.9151108865564426,0.8372828849121079,0.9883930442792811,0.9883930442792811,1.0556731315735948,0.9217533839103452,1.2395437759864407,1.2395437759864407,1.2718333593008591,1.1190345348059363,1.8035312335184384,1.8035312335184384,1.6988345112834300,1.3179799996561503,1.2136708607711220,1.2136708607711220,1.2427885177932478,0.9779333953838760,0.9571779712230658,0.9571779712230658,1.0066507887999396,0.9176104007985288,0.8560513365598456,0.8560513365598456,0.9177815139230056,0.8242199005907854
188,0.8702667428993881,0.8702667428993881,0.9162082344756020,0.8399978099604610,0.9984457357353991,0.9984457357353991,1.0630720040033323,0.9289523673450332,1.2563019162656623,1.2563019162656623,1.2842327469921910,1.1328347430697745,1.8133999620902117,1.8133999620902117,1.6864061920343172,1.3481783235207045,1.1836846401534533,1.1836846401534533,1.2035921659653341,0.9604321565740751,0.9298449796661284,0.9298449796661284,0.9825601861897325,0.8945970898506751,0.8463104422244180,0.8463104422244180,0.9067781018419377,0.8161126276791826
189,0.8725438210589574,0.8725438210589574,0.9180551792127787,0.8431703938026794,1.0093678491552893,1.0093678491552893,1.0764302403492669,0.9382776328068442,1.2833564994912170,1.2833564994912170,1.3035633558266124,1.1568744106737601,1.8128938734455053,1.8128938734455053,1.6696519937095462,1.3730715364360802,1.1149733574809670,1.1149733574809670,1.1264131926939778,0.9233626035044967,0.9150857798333002,0.9150857798333002,0.9706234011126028,0.8797691126863246,0.8416507355591534,0.8416507355591534,0.8973258315520337,0.8083370602778017
190,0.8750290892216873,0.8750290892216873,0.9206285373612298,0.8457456941342602,1.0203443014479154,1.0203443014479154,1.0853894192097657,0.9469953891180487,1.2928980712538010,1.2928980712538010,1.3056299204418345,1.1694200545499764,1.8059773286345189,1.8059773286345189,1.6468552976283006,1.3945640372045467,1.0082224120820671,1.0082224120820671,1.0835042538076824,0.8698942518651049,0.8921389946917497,0.8921389946917497,0.9498244574176042,0.8597141374517991,0.8410653452745724,0.8410653452745724,0.8920907280068561,0.8087077899656969
191,0.8777030295747815,0.8777030295747815,0.9231864399051859,0.8482356682500354,1.0336340371798642,1.0336340371798642,1.0966034925250416,0.9594695770105038,1.3013828233591367,1.3013828233591367,1.3061602777324666,1.1830357680509291,1.7931564163019587,1.7931564163019587,1.6211060174160503,1.4114995836961548,0.9529620912295065,0.9529620912295065,1.0590154584033575,0.8441936137703973,0.8714083980548157,0.8714083980548157,0.9337097975634792,0.8390057874585017,0.8412526701656383,0.8412526701656383,0.8891435586036449,0.8100931482730948
192,0.8803899818030733,0.8803899818030733,0.9250333846423626,0.8507954547241969,1.0433839834878829,1.0433839834878829,1.1008112866415456,0.9683392106093599,1.3103204981747216,1.3103204981747216,1.3049532576917175,1.1977400006529064,1.7743467883403736,1.7743467883403736,1.5927474768089585,1.4224498768092027,0.9209196726266263,0.9209196726266263,1.0306712841307133,0.8253143246606121,0.8697000860825072,0.8697000860825072,0.9304362246862663,0.8373542012627173,0.8424000351234171,0.8424000351234171,0.8873500509076118,0.8116150912023488
193,0.8833762071609085,0.8833762071609085,0.9260998213525315,0.8533474842696489,1.0506032908656355,1.0506032908656355,1.1042741602685249,0.9773404711908473,1.3162537856789867,1.3162537856789867,1.3023929121507345,1.2113372646775706,1.7446562545176025,1.7446562545176025,1.5612990225763967,1.4266667598713700,0.8696860728284384,0.8696860728284384,0.9878337411493868,0.7914831897959969,0.8707927901368667,0.8707927901368667,0.9293329763685316,0.8374267984581364,0.8430244514269701,0.8430244514269701,0.8861091374746808,0.8133223989755503
194,0.8864535156451264,0.8864535156451264,0.9266175841031208,0.8562640894644511,1.0573180229965560,1.0573180229965560,1.1069518474335727,0.9866556115001482,1.3194695369217562,1.3194695369217562,1.2994850911434752,1.2225176473084340,1.7171587714885590,1.7171587714885590,1.5297819035966023,1.4306115859617847,0.8115984797462119,0.8115984797462119,0.9743399151102691,0.7676429196062681,0.8732244414127655,0.8732244414127655,0.9304543107242620,0.8396047143207093,0.8438518030291778,0.8438518030291778,0.8843253244148425,0.8151565353261897
195,0.8894397410029615,0.8894397410029615,0.9279622216942034,0.8592660208750588,1.0637222472832719,1.0637222472832719,1.1089752125470111,0.9967503885527277,1.3214171045758281,1.3214171045758281,1.2941632300547179,1.2306169673991092,1.6851064906571585,1.6851064906571585,1.4994320853197631,1.4297954150465266,0.8068006844473850,0.8068006844473850,0.9679142836630701,0.7712947529012265,0.8756253122927667,0.8756253122927667,0.9290074276846099,0.8414014949073320,0.8444684141289365,0.8444684141289365,0.8831231895266906,0.8173614013647242
196,0.8926666860519512,0.8926666860519512,0.9296855215954185,0.8626945833646933,1.0704990809830333,1.0704990809830333,1.1110086441535514,1.0073210477732821,1.3211302535260034,1.3211302535260034,1.2886950635064756,1.2371296325289687,1.6559220454790937,1.6559220454790937,1.4689449375484587,1.4334681841651886,0.8103133560054546,0.8103133560054546,0.9674145123282879,0.7794252496711340,0.8787803028722555,0.8787803028722555,0.9297308692044359,0.8435612614710500,0.8453191813425276,0.8453191813425276,0.8815720477355269,0.8191857816709454
197,0.8957439945361690,0.8957439945361690,0.9313779102876432,0.8667902417233517,1.0768955425736444,1.0768955425736444,1.1119750274913129,1.0167273144551741,1.3202546029528550,1.3202546029528550,1.2834463551474604,1.2419818447928583,1.6251349862594591,1.6251349862594591,1.4403117379524364,1.4310876856623520,0.8192235472747047,0.8192235472747047,0.9644872802245640,0.7882447715910337,0.8813812463255902,0.8813812463255902,0.9299659876983793,0.8460477154141541,0.8461075069257633,0.8461075069257633,0.8787218246942635,0.8207760169111273
198,0.8988603386459796,0.8988603386459796,0.9332093994203247,0.8713358019471659,1.0821198370523835,1.0821198370523835,1.1131125412118033,1.0247363100906708,1.3194242446507314,1.3194242446507314,1.2784536813425438,1.2460960780052057,1.5978905475527685,1.5978905475527685,1.4119531973453445,1.4273469023007519,0.8312180355217722,0.8312180355217722,0.9653440310841904,0.7997514915959029,0.8846593584886688,0.8846593584886688,0.9299659876983793,0.8487519609435155,0.8465367931344560,0.8465367931344560,0.8779171698900973,0.8217125971752837
199,0.9022239083845434,0.9022239083845434,0.9350795275642442,0.8758193067413033,1.0866843023621884,1.0866843023621884,1.1137970627427178,1.0320871708130104,1.3190317116351820,1.3190317116351820,1.2743388402945353,1.2500442659309563,1.5674408807629381,1.5674408807629381,1.3835259919910201,1.4260546316849263,0.8465538454948084,0.8465538454948084,0.9649870515593461,0.8104313814207813,0.8862907194712338,0.8862907194712338,0.9297670412804272,0.8501676062541879,0.8463650786509789,0.8463650786509789,0.8765696154590238,0.8227369818392046
200,0.9053857940575454,0.9053857940575454,0.9369032888946781,0.8801476729612492,1.0909460225238941,1.0909460225238941,1.1148339115321912,1.0392254033326378,1.3175370666913595,1.3175370666913595,1.2704617456181897,1.2533098232340303,1.5418834042052687,1.5418834042052687,1.3577080470315372,1.4194572501199225,0.8658307016061667,0.8658307016061667,0.9721266420562338,0.8237984693306293,0.8870448391707214,0.8870448391707214,0.9277233189869186,0.8510206233003622,0.8464665463003063,0.8464665463003063,0.8750766414850286,0.8233613686819755
201,0.9085411737929485,0.9085411737929485,0.9387966004453404,0.8841269773892639,1.0952853696466507,1.0952853696466507,1.1156190979941225,1.0456751254815777,1.3159971294765120,1.3159971294765120,1.2661274463809542,1.2554684119597910,1.5326894604931038,1.5326894604931038,1.3369026286200389,1.4178929225323442,0.8824516353199602,0.8824516353199602,0.9651298433692839,0.8341338465805117,0.8853057468025154,0.8853057468025154,0.9237263045898798,0.8509843247026527,0.8469426637317655,0.8469426637317655,0.8736127514196179,0.8240930720133476
202,0.9117290832163455,0.9117290832163455,0.9409217460634307,0.8882459065340511,1.0993840731901490,1.0993840731901490,1.1167062792491045,1.0521349727830276,1.3139287824330406,1.3139287824330406,1.2613359425828290,1.2570550669206066,1.5229050800287816,1.5229050800287816,1.3331947322694748,1.4195252643628606,0.8997579683621574,0.8997579683621574,0.9611316726910267,0.8469497143703659,0.8851826252189255,0.8851826252189255,0.9222975075882234,0.8500768597599140,0.8467943648596716,0.8467943648596716,0.8732443552442165,0.8244052654347330
203,0.9151447004556994,0.9151447004556994,0.9426141347556554,0.8921398847462605,1.1033352855076501,1.1033352855076501,1.1174310667524257,1.0581796888315631,1.3113018307135949,1.3113018307135949,1.2568370497036732,1.2581435860216312,1.5056137180013154,1.5056137180013154,1.3161658749557732,1.4168727088882713,0.9128662305178811,0.9128662305178811,0.9524927681897926,0.8588698494652304,0.8856597213553361,0.8856597213553361,0.9213389475744539,0.8492238427137396,0.8471377938266258,0.8471377938266258,0.8733509962423590,0.8245613621454257
204,0.9185147761318619,0.9185147761318619,0.9446233633400317,0.8958864813129878,1.1069992780692623,1.1069992780692623,1.1184779820350008,1.0637383975596133,1.3150006995139638,1.3150006995139638,1.2595802770690121,1.2611139517040884,1.4913588878420871,1.4913588878420871,1.3004416478394925,1.4144241961424968,0.9227188458636865,0.9227188458636865,0.9444964268332783,0.8697564468351066,0.8860598665020030,0.8860598665020030,0.9213932056884409,0.8480804368858889,0.8472002354569811,0.8472002354569811,0.8738163387797081,0.8248735555668111
205,0.9215725668032836,0.9215725668032836,0.9466171363199128,0.8999278411706791,1.1104924913165619,1.1104924913165619,1.1192229025245255,1.0691958547625624,1.3178088203175091,1.3178088203175091,1.2610981962111663,1.2658185681576697,1.4922023689165977,1.4922023689165977,1.2895926177767310,1.4272108738148754,0.9331711856218452,0.9331711856218452,0.9411408192997410,0.8810564592949780,0.8867524254096956,0.8867524254096956,0.9216644962583755,0.8463925520923948,0.8477700153339732,0.8477700153339732,0.8743107652256416,0.8257808676977125
206,0.9249296306042486,0.9249296306042486,0.9485259034750703,0.9034960283770862,1.1135044174053448,1.1135044174053448,1.1200584214519651,1.0745014346778599,1.3196205111585060,1.3196205111585060,1.2604398216434849,1.2698774529411514,1.4620057464491205,1.4620057464491205,1.2675512339150445,1.4190491646622934,0.9435378504639536,0.9435378504639536,0.9409266315848345,0.8904961038498707,0.8871371803584137,0.8871371803584137,0.9218453566383321,0.8453035941611083,0.8478168465567397,0.8478168465567397,0.8753190073898980,0.8263954984960651
207,0.9283387419060037,0.9283387419060037,0.9504114872234850,0.9071805695141368,1.1180378319307291,1.1180378319307291,1.1244373459511976,1.0807790292341279,1.3267012028620691,1.3267012028620691,1.2642071872252170,1.2788438984173884,1.4328213012710558,1.4328213012710558,1.2432439133946802,1.4093231279221328,0.9535618156418598,0.9535618156418598,0.9454959695028425,0.8978686729547868,0.8880913726312347,0.8880913726312347,0.9219719589043016,0.8443961292183697,0.8480822234857498,0.8480822234857498,0.8760364104683113,0.8272150062272019
208,0.9314095444526229,0.9314095444526229,0.9518102194303009,0.9103919379999031,1.1239374809706131,1.1239374809706131,1.1273566289506860,1.0872996274506386,1.3255085063917460,1.3255085063917460,1.2614456716774425,1.2814268250977860,1.3972263999267109,1.3972263999267109,1.2168079857101031,1.3949041084192375,0.9623863319950594,0.9623863319950594,0.9482090138916599,0.9037253867297201,0.8890917354979020,0.8890917354979020,0.9222794215502277,0.8434342163790667,0.8463260526320069,0.8463260526320069,0.8769186223620357,0.8278784172476459
209,0.9345389004376310,0.9345389004376310,0.9540667376866004,0.9137662019885706,1.1295809610390284,1.1295809610390284,1.1309906329603940,1.0953491236961757,1.3201791158344800,1.3201791158344800,1.2562701160481697,1.2788807973699656,1.3709097904019820,1.3709097904019820,1.1940112896288575,1.3802130319445896,0.9788359158767519,0.9788359158767519,0.9557769798183610,0.9143363740395994,0.8894764904466201,0.8894764904466201,0.9227134864621234,0.8426174979306018,0.8431337242800919,0.8431337242800919,0.8762109139198172,0.8255076984540003
210,0.9379415058017874,0.9379415058017874,0.9564159895698712,0.9170473828327231,1.1359386091491137,1.1359386091491137,1.1326516043221717,1.1021937267930100,1.3145326793800396,1.3145326793800396,1.2506739322228784,1.2748957104916381,1.3463644911337254,1.3463644911337254,1.1786990509959727,1.3657259981987562,0.9935720014374347,0.9935720014374347,0.9607032972612135,0.9249473613494787,0.8897689042076459,0.8897689042076459,0.9228039166521016,0.8410566582290913,0.8368115092066173,0.8368115092066173,0.8746016043114848,0.8216345488199374
211,0.9414026646043328,0.9414026646043328,0.9586802356284183,0.9211275273339624,1.1390281621989475,1.1390281621989475,1.1333260593599845,1.1062134123395235,1.3085842944520996,1.3085842944520996,1.2456446820530904,1.2711689162813502,1.3364114144545010,1.3364114144545010,1.1760897906011312,1.3604889014925159,1.0079653873339156,1.0079653873339156,0.9697705771922609,0.9369363989593423,0.8841514819563610,0.8841514819563610,0.9192409671669584,0.8339965809745841,0.8281165121796411,0.8281165121796411,0.8700645145723308,0.8139467858183211
212,0.9450264718468473,0.9450264718468473,0.9610603987206795,0.9250059916887526,1.1410387004901712,1.1410387004901712,1.1336884531116453,1.1087649507720712,1.3035115600973080,1.3035115600973080,1.2415847055523888,1.2665565472092117,1.3407131679345046,1.3407131679345046,1.1770510970623886,1.3589925881478759,1.0215020240698918,1.0215020240698918,0.9729833929158603,0.9463760435142350,0.8732860022045603,0.8732860022045603,0.9118799497027283,0.8230707030640100,0.8224343238173083,0.8224343238173083,0.8657213175570723,0.8076834053017760
213,0.9486632909645594,0.9486632909645594,0.9636492124736259,0.9288224006138661,1.1428629340748722,1.1428629340748722,1.1340508468633059,1.1118328719826343,1.3016998692563111,1.3016998692563111,1.2405057027886888,1.2643426100545854,1.3482201494976485,1.3482201494976485,1.1786990509959727,1.3647737987976216,1.0354670353861202,1.0354670353861202,0.9766959799742420,0.9554022729791323,0.8520783094312159,0.8520783094312159,0.8969589683563163,0.8037235504848207,0.8183209814176526,0.8183209814176526,0.8633946048703267,0.8028248951814653
214,0.9524887822726358,0.9524887822726358,0.9663384876557911,0.9326310526102701,1.1446483541790475,1.1446483541790475,1.1343427751632547,1.1146982901429954,1.3052930560909550,1.3052930560909550,1.2445656792893904,1.2654495786318984,1.3488949343572569,1.3488949343572569,1.1802096754350913,1.3644337275829306,1.0342675865614135,1.0342675865614135,0.9677714918531323,0.9503723893841896,0.8364880389091565,0.8364880389091565,0.8864871523568344,0.7874617787109430,0.8143013014635299,0.8143013014635299,0.8609127780044646,0.7989322334585657
215,0.9565810170222617,0.9565810170222617,0.9691204964649276,0.9364319476779646,1.1467598075196375,1.1467598075196375,1.1352688925286096,1.1177054604384979,1.3114829997976947,1.3114829997976947,1.2523381568245173,1.2682538990277588,1.3432436111580364,1.3432436111580364,1.1736865244479879,1.3616451436224650,1.0149050555340047,1.0149050555340047,0.9482804097966288,0.9342492008743729,0.8231447372876110,0.8231447372876110,0.8787825001706870,0.7733779227996382,0.8110231158698764,0.8110231158698764,0.8583921725938236,0.7961615168437700
216,0.9602894014535602,0.9602894014535602,0.9720106945055305,0.9402483566030780,1.1502452580708320,1.1502452580708320,1.1382183750074031,1.1220390257128248,1.3153932325295130,1.3153932325295130,1.2584464097580053,1.2696007107968230,1.3317722685446929,1.3317722685446929,1.1651720957911371,1.3587205311761232,0.9730956965013696,0.9730956965013696,0.9327161025134135,0.9073083175096793,0.8107864083347840,0.8107864083347840,0.8710235898705527,0.7591307231986405,0.8060355906452464,0.8060355906452464,0.8559394296365459,0.7940542112494184
217,0.9638416433824883,0.9638416433824883,0.9754959333191986,0.9440647655281916,1.1544836901442224,1.1544836901442224,1.1418221795378058,1.1268484731551269,1.3171898259468351,1.3171898259468351,1.2613908071301356,1.2705231846112508,1.3188670081046816,1.3188670081046816,1.1554903664313310,1.3528713062834392,0.9532191159776580,0.9532191159776580,0.9262904710662145,0.8903582988198722,0.7996285148219576,0.7996285148219576,0.8630295610764750,0.7480415015983735,0.8031398600375191,0.8031398600375191,0.8524978337874013,0.7909127649467275
218,0.9675240040633918,0.9675240040633918,0.9790816335620856,0.9477725774513710,1.1586910714331922,1.1586910714331922,1.1446005316338705,1.1310301611418023,1.3167369032365859,1.3167369032365859,1.2609336025692459,1.2696376097494002,1.3007321650027051,1.3007321650027051,1.1454653133353616,1.3404246998257514,0.9294014893156241,0.9294014893156241,0.9205787986687044,0.8700320568951034,0.7867315289409252,0.7867315289409252,0.8537875956606973,0.7376056547568782,0.8015085724444868,0.8015085724444868,0.8506558529103944,0.7895371626837480
219,0.9712909419330793,0.9712909419330793,0.9828914400701529,0.9515191740180984,1.1623317759064888,1.1623317759064888,1.1477110780022910,1.1349789706207452,1.3154234273768630,1.3154234273768630,1.2595985652514476,1.2690472265081665,1.2795607900324903,1.2795607900324903,1.1335863120641101,1.3284541930686309,0.9032706399202272,0.9032706399202272,0.9158666689407585,0.8444692238303941,0.7704486995111731,0.7704486995111731,0.8392645071501895,0.7242659200986192,0.8013134423496265,0.8013134423496265,0.8505686011846414,0.7884347296644807
220,0.9750839035531619,0.9750839035531619,0.9869717196568865,0.9555295061609514,1.1654058035641126,1.1654058035641126,1.1501975017984070,1.1379456403062072,1.3117396560001693,1.3117396560001693,1.2567090324266239,1.2667225924958088,1.2623537761124755,1.2623537761124755,1.1229432762430465,1.3124708459781573,0.8701144474086908,0.8701144474086908,0.9016588838519519,0.8156679725607218,0.7586598078824490,0.7586598078824490,0.8292991002145859,0.7135941323720120,0.8010870914395886,0.8010870914395886,0.8509951651772114,0.7879079032658928
221,0.9785515682933059,0.9785515682933059,0.9910597270458675,0.9591985334405829,1.1678821036216427,1.1678821036216427,1.1518383401739813,1.1415400694472961,1.3069537726952023,1.3069537726952023,1.2526124795610512,1.2636230804793318,1.2421102303242224,1.2421102303242224,1.1109956102245624,1.2973716840458802,0.8420130749441328,0.8420130749441328,0.8879508700979274,0.7961685608159436,0.7485638380280847,0.7485638380280847,0.8217933944463907,0.7052454548988158,0.8019846898759461,0.8019846898759461,0.8522457732463372,0.7882396087761148
222,0.9822404349118082,0.9822404349118082,0.9953563850955338,0.9630382131518253,1.1699857942661276,1.1699857942661276,1.1529758538944717,1.1447902434030413,1.3010355826146123,1.3010355826146123,1.2477112466683122,1.2586970703102880,1.2250719126191094,1.2250719126191094,1.0995972621839396,1.2837688354582433,0.8192235472747047,0.8192235472747047,0.8763133375880005,0.7777026867961536,0.7411765430126962,0.7411765430126962,0.8148664418940563,0.6975864507821011,0.8024139760846387,0.8024139760846387,0.8538259989460854,0.7888347274856308
223,0.9861635152838661,0.9861635152838661,0.9996916821564381,0.9669787329362921,1.1718177905469338,1.1718177905469338,1.1533382476461322,1.1477164124784631,1.2948456389078726,1.2948456389078726,1.2417858755591804,1.2534205200917616,1.2123353483940003,1.2123353483940003,1.0920441399883460,1.2691457732265334,0.7966053694373776,0.7966053694373776,0.8746712317737163,0.7634398661913159,0.7349589030414109,0.7349589030414109,0.8101098139012001,0.6924139006084905,0.8039750168435214,0.8039750168435214,0.8555710334611445,0.7894883824616565
224,0.9903208094094798,0.9903208094094798,1.0039419733926187,0.9707563572178578,1.1727570767756521,1.1727570767756521,1.1532778486875221,1.1498123190480558,1.2872365373756853,1.2872365373756853,1.2359519453622263,1.2481255203969466,1.2034787971116396,1.2034787971116396,1.0892975500990394,1.2571072522264746,0.7798987608075337,0.7798987608075337,0.8713870201451479,0.7482124103764891,0.7297108455408954,0.7297108455408954,0.8073064780118743,0.6874228434234276,0.8052316546544219,0.8052316546544219,0.8574517928829306,0.7903956945925579
225,0.9945431629110811,0.9945431629110811,1.0083854596849895,0.9752941605129622,1.1733470416796405,1.1733470416796405,1.1529959868806750,1.1507539582314958,1.2805936709586967,1.2805936709586967,1.2305386433612908,1.2425722280340921,1.2088770759885070,1.2088770759885070,1.1029618347983403,1.2459529163846124,0.7702174952938293,0.7702174952938293,0.8754565867283739,0.7402886211515792,0.7246782508116619,0.7246782508116619,0.8038520447547048,0.6835570427673607,0.8066678121525939,0.8066678121525939,0.8595943074819755,0.7920054419215765
226,0.9990387657918308,0.9990387657918308,1.0124271002604850,0.9797311237348423,1.1734712448173221,1.1734712448173221,1.1525530611842010,1.1520904783628305,1.2743584349809320,1.2743584349809320,1.2261129032118774,1.2370742841001030,1.2273493115202880,1.2273493115202880,1.1247972244183286,1.2424841899947650,0.7631921521776898,0.7631921521776898,0.8750996072035295,0.7320892218666725,0.7199072894475569,0.7199072894475569,0.8010487088653789,0.6798182872032772,0.8080259176128217,0.8080259176128217,0.8620955236202270,0.7931566551629353
227,1.0036384636741607,1.0036384636741607,1.0166928471011607,0.9840982745983360,1.1734867702095324,1.1734867702095324,1.1520698695153202,1.1530321175462706,1.2711426837381625,1.2711426837381625,1.2243938140629316,1.2330891972217755,1.2607511620709053,1.2607511620709053,1.1585802800568010,1.2455448309269832,0.7595081307875191,0.7595081307875191,0.8759563580631561,0.7270593382717297,0.7154903026362724,0.7154903026362724,0.7979379103301270,0.6757165456620983,0.8100006341728083,0.8100006341728083,0.8640150615867922,0.7946981101810259
228,1.0079453943645460,1.0079453943645460,1.0205722038294567,0.9885274808915064,1.1734246686406915,1.1734246686406915,1.1516672097912528,1.1536497518493873,1.2723051853611356,1.2723051853611356,1.2288561305772163,1.2306538663516862,1.3252774642709617,1.3252774642709617,1.2015644118244511,1.2661531465372533,0.7539392612442378,0.7539392612442378,0.8701018938557081,0.7188599389868230,0.7093188332588334,0.7093188332588334,0.7942302725410185,0.6717236999140479,0.8114055708558027,0.8114055708558027,0.8660218512791102,0.7957712750670383
229,1.0123824438069069,1.0123824438069069,1.0245674775914664,0.9930575272579014,1.1737429391810010,1.1737429391810010,1.1520195370498116,1.1542876364575243,1.2845944882325648,1.2845944882325648,1.2455349529584767,1.2335319846527006,1.3679576066411951,1.3679576066411951,1.2468144802507790,1.2845169921305633,0.7507692893503700,0.7507692893503700,0.8665320986072642,0.7116940774269045,0.7038399227890869,0.7038399227890869,0.7899077094600579,0.6676038090740142,0.8122875588845713,0.8122875588845713,0.8677474965217800,0.7967761476421226
230,1.0168910585628539,1.0168910585628539,1.0287482186074186,0.9974867335510718,1.1749772078617136,1.1749772078617136,1.1543448969563006,1.1556039062838386,1.3009902903435873,1.3009902903435873,1.2638231353940694,1.2415206078856444,1.3925029059094518,1.3925029059094518,1.2692678525958612,1.2918625303678872,0.7377467021106968,0.7377467021106968,0.8588213408706254,0.7041148007769907,0.6956677276783134,0.6956677276783134,0.7850606512772235,0.6615782418542292,0.8127792867236193,0.8127792867236193,0.8686878762326730,0.7970005366637434
231,1.0212435308164307,1.0212435308164307,1.0327280367649334,1.0019004259868229,1.1772206270360905,1.1772206270360905,1.1600425320518537,1.1576593122433907,1.3165557341524861,1.3165557341524861,1.2795326841062435,1.2526640915639309,1.4081916538953478,1.4081916538953478,1.2809408596254148,1.2978477837464475,0.7272086874364876,0.7272086874364876,0.8552515456221816,0.6895763701121561,0.6844482733736921,0.6844482733736921,0.7771027945591370,0.6535925503581285,0.8111714147419702,0.8111714147419702,0.8683194800572716,0.7957907871558748
232,1.0255114258812235,1.0255114258812235,1.0368160441539145,1.0064382292819276,1.1837257663721730,1.1837257663721730,1.1695553680329451,1.1624080087706321,1.3238628872111737,1.3238628872111737,1.2860798534181859,1.2574425059226662,1.4348456558498810,1.4348456558498810,1.2908285832269188,1.3088660911024335,0.6961943678262132,0.6961943678262132,0.8409009687234372,0.6689745181273904,0.6714127757111212,0.6714127757111212,0.7677884849913768,0.6432111514131976,0.8125919618325534,0.8125919618325534,0.8688332957755945,0.7962883454212079
233,1.0295386012548617,1.0295386012548617,1.0414759089092178,1.0107665955018734,1.1924976129709477,1.1924976129709477,1.1783937489762235,1.1679160917361318,1.3276825354009425,1.3276825354009425,1.2892619971619790,1.2614275928009939,1.4738988295997191,1.4738988295997191,1.3209724072620599,1.3263457515375470,0.6780312856235111,0.6780312856235111,0.8334043987017051,0.6533336472225684,0.6621786569418856,0.6621786569418856,0.7597582841213077,0.6363144178483835,0.8150506010277936,0.8150506010277936,0.8709467264660552,0.7989127213697291
234,1.0337674606940619,1.0337674606940619,1.0463057853139688,1.0150716909356905,1.1984050247069367,1.1984050247069367,1.1835477934442857,1.1716522730123624,1.3342046224285316,1.3342046224285316,1.2955531319198228,1.2657632197288040,1.4819118998075691,1.4819118998075691,1.3382072588174596,1.3321269621872929,0.6618387264899701,0.6618387264899701,0.8259792245849419,0.6415513171577023,0.6561610895439337,0.6561610895439337,0.7546218493305428,0.6334105300316196,0.8190312549629443,0.8190312549629443,0.8740005368674089,0.8025809940710079
235,1.0379898141956632,1.0379898141956632,1.0514138625996332,1.0193380017259597,1.2026589821725371,1.2026589821725371,1.1865375418954860,1.1748416960530468,1.3448030138483635,1.3448030138483635,1.3060871250027242,1.2729769649576284,1.4644518415652010,1.4644518415652010,1.3319587668192867,1.3177759569273357,0.6448750931119748,0.6448750931119748,0.8151984429346414,0.6289421569128458,0.6538371696536761,0.6538371696536761,0.7519451157071865,0.6336646202155864,0.8231055713436278,0.8231055713436278,0.8774518273527482,0.8068834096594758
236,1.0426155358283882,1.0426155358283882,1.0557182484515470,1.0236663679459057,1.2056398574768996,1.2056398574768996,1.1894870243742792,1.1781931215338932,1.3520346797886764,1.3520346797886764,1.3125977179497952,1.2826998389616961,1.4371230547510594,1.4371230547510594,1.3198051065591045,1.2968955843453129,0.6297106329710396,0.6297106329710396,0.8116286476861976,0.6183311696029665,0.6538833402475223,0.6538833402475223,0.7510408138074040,0.6349532204342754,0.8275155114874713,0.8275155114874713,0.8810970105619830,0.8110492406260876
237,1.0468769249555820,1.0468769249555820,1.0597057944113093,1.0277775401619833,1.2097307983242926,1.2097307983242926,1.1938558823804102,1.1820204291827145,1.3455427876084374,1.3455427876084374,1.3074770268678293,1.2791759889905825,1.4113125338710368,1.4113125338710368,1.3057288333764077,1.2720703856728754,0.6171164203116187,0.6171164203116187,0.8064167466234695,0.6110964055280488,0.6540372422270095,0.6540372422270095,0.7494130703877954,0.6363870150438026,0.8315820226643605,0.8315820226643605,0.8846161635006857,0.8153614122589738
238,1.0512359031467575,1.0512359031467575,1.0635851511396051,1.0323231003857973,1.2162126495720598,1.2162126495720598,1.1987280650416252,1.1874677612331537,1.3357445596433788,1.3357445596433788,1.3004909411774328,1.2727186722895887,1.3829715697674827,1.3829715697674827,1.2898672767656616,1.2511219988479143,0.6124899748448928,0.6124899748448928,0.8075590811029716,0.6065488395381005,0.6530214891623936,0.6530214891623936,0.7487981450959432,0.6364233136415122,0.8362651449410083,0.8362651449410083,0.8884843233424004,0.8186589552723574
239,1.0556729525891184,1.0556729525891184,1.0673949576476724,1.0373651040470246,1.2183784417853856,1.2183784417853856,1.2002984379654880,1.1891890371598723,1.3244063944634730,1.3244063944634730,1.2914017145069434,1.2643426100545854,1.3499914597541205,1.3499914597541205,1.2740743849021481,1.2261607716896004,0.6055503066448037,0.6055503066448037,0.8049888285240919,0.6013122483981601,0.6524058812444445,0.6524058812444445,0.7473150899802998,0.6361692234575452,0.8421190477868182,0.8421190477868182,0.8922264529135828,0.8236638060589426
240,1.0599928951547013,1.0599928951547013,1.0718693551490335,1.0424614062092190,1.2185026449230674,1.2185026449230674,1.1999259777207256,1.1887536556019376,1.3120416044736687,1.3120416044736687,1.2823856405661962,1.2555237603886567,1.3120348114011462,1.3120348114011462,1.2537496197212783,1.2046682709211340,0.6001527869336234,0.6001527869336234,0.8036323063296833,0.5946287044432361,0.6494047926444430,0.6494047926444430,0.7453979699527608,0.6336464709167317,0.8492217832397341,0.8492217832397341,0.8970252978299957,0.8300345030640890
241,1.0641957308435062,1.0641957308435062,1.0754859666009109,1.0473250005101258,1.2176021721748747,1.2176021721748747,1.1989998603553707,1.1877411403509266,1.2992389891972902,1.2992389891972902,1.2728757856996880,1.2464281685783998,1.2788860051728821,1.2788860051728821,1.2316395711123593,1.1837198840961729,0.5918423200767267,0.5918423200767267,0.8015618250855858,0.5862225976133317,0.6494971338321354,0.6494971338321354,0.7444394099389913,0.6341365019858105,0.8566601424558098,0.8566601424558098,0.9020277301064988,0.8374881209996661
242,1.0683204952811260,1.0683204952811260,1.0792262228887499,1.0518472899478113,1.2159254298161708,1.2159254298161708,1.1976710832659483,1.1862426177794303,1.2871157579862855,1.2871157579862855,1.2642986281373949,1.2373879251970084,1.2546780983344294,1.2546780983344294,1.2098041814923710,1.1709332064237941,0.5807045809901641,0.5807045809901641,0.8017046168955236,0.5738890474284720,0.6528675871829064,0.6528675871829064,0.7458682069406477,0.6382745421246990,0.8644731514540173,0.8644731514540173,0.9075633673737145,0.8459368554659092
243,1.0723281528419679,1.0723281528419679,1.0826419114821897,1.0564781763874307,1.2139614677015778,1.2139614677015778,1.1964027051351362,1.1843390891075298,1.2742074607441822,1.2742074607441822,1.2530879723043766,1.2275174553826322,1.2336754195791171,1.2336754195791171,1.1913333644867834,1.1656961097175540,0.5640836472763706,0.5640836472763706,0.7992771561265818,0.5563189061036719,0.6585465702259863,0.6585465702259863,0.7484364243360302,0.6455887095631730,0.8724188489167298,0.8724188489167298,0.9130020582789823,0.8538880316668194
244,1.0762447272764273,1.0762447272764273,1.0860576000756295,1.0610392504686639,1.2117879127921469,1.2117879127921469,1.1953557898525611,1.1823039334529977,1.2617822810596782,1.2617822810596782,1.2424076737619905,1.2195288321496884,1.2071057657320350,1.2071057657320350,1.1692919806250972,1.1604590130113137,0.5547450814268682,0.5547450814268682,0.7999911151762705,0.5490841420287542,0.6647488199993228,0.6647488199993228,0.7509503836174256,0.6521950543463109,0.8805518712705083,0.8805518712705083,0.9185473901823927,0.8627855441763040
245,1.0800832304597012,1.0800832304597012,1.0891796321836604,1.0652435058292566,1.2096221205788211,1.2096221205788211,1.1940270127631387,1.1801776514258746,1.2539920104433913,1.2539920104433913,1.2326052079765129,1.2155621947476494,1.1826448145712294,1.1826448145712294,1.1405901162818421,1.1508690047570296,0.5539740071824139,0.5539740071824139,0.7992771561265818,0.5474993841837722,0.6705201442300951,0.6705201442300951,0.7535547730887994,0.6600899993481377,0.8883414646573325,0.8883414646573325,0.9240054703600501,0.8712147665537107
246,1.0838566742669873,1.0838566742669873,1.0922552974782056,1.0692460810434001,1.2074097521888647,1.2074097521888647,1.1922049775117340,1.1784361251941358,1.2459903758956548,1.2459903758956548,1.2228393185559063,1.2118722994899387,1.1571716861210111,1.1571716861210111,1.1131242173887750,1.1444756659208402,0.5532029329379595,0.5532029329379595,0.8012762414657103,0.5479127992737675,0.6767839547952266,0.6767839547952266,0.7565389693580818,0.6680575415453835,0.8960061747834462,0.8960061747834462,0.9292405739052279,0.8794878922204244
247,1.0874739755719032,1.0874739755719032,1.0954082407952268,1.0731245453981901,1.2051663330144877,1.2051663330144877,1.1903527427810241,1.1774944860106955,1.2368111423012702,1.2368111423012702,1.2119578500067285,1.2078134147064568,1.1355785706135411,1.1355785706135411,1.0866196249569653,1.1425712671185710,0.5543167068466157,0.5543167068466157,0.7994199479365195,0.5482573118487636,0.6832786183295889,0.6832786183295889,0.7590710146774730,0.6761884274323224,0.9026405980086973,0.9026405980086973,0.9341848383645622,0.8880927233973603
248,1.0911498303152078,1.0911498303152078,1.0976802146560216,1.0768013296065313,1.2038699627649343,1.2038699627649343,1.1883595771468907,1.1776362381458372,1.2255333668160642,1.2255333668160642,1.1975650504299171,1.2025737634405076,1.1052976000386128,1.1052976000386128,1.0608703447447150,1.1384904125422799,0.5582577529849378,0.5582577529849378,0.7980634257421109,0.5505999973587369,0.6893731367172844,0.6893731367172844,0.7626158781246206,0.6843737612158256,0.9096965022388468,0.9096965022388468,0.9381596392044194,0.8961317039980351
249,1.0947346019321298,1.0947346019321298,1.1004854068719010,1.0808892310364802,1.2027288464374832,1.2027288464374832,1.1857926214059613,1.1773223584180237,1.2143008836018832,1.2143008836018832,1.1837574726910447,1.1976846522240407,1.0685218251899531,1.0685218251899531,1.0306578559623412,1.1238673503105701,0.5601426011380485,0.5601426011380485,0.7954931731632313,0.5532871954437064,0.6941902686752357,0.6941902686752357,0.7650755792920291,0.6919420188382663,0.9163387306678924,0.9163387306678924,0.9422410810424190,0.9042194648208014
250,1.0980461241699033,1.0980461241699033,1.1029119367776477,1.0843953628132106,1.2007260708423646,1.2007260708423646,1.1829035378857780,1.1766034725898060,1.2037024921820509,1.2037024921820509,1.1697121485805095,1.1933305758199422,1.0188407899012824,1.0188407899012824,0.9937848866983987,1.0956414394912233,0.5619417743751086,0.5619417743751086,0.7939938591588849,0.5547341482586899,0.6976376730157503,0.6976376730157503,0.7656362464698943,0.6988932002996449,0.9235897649929021,0.9235897649929021,0.9468945064159102,0.9120828366219469
251,1.1014942710972513,1.1014942710972513,1.1051143604182141,1.0875601897267193,1.1985990921095644,1.1985990921095644,1.1789776055761212,1.1757023340164061,1.1887409453201510,1.1887409453201510,1.1530881907465558,1.1848253672509188,0.9624119060165270,0.9624119060165270,0.9550579692591742,1.0672795001860000,0.5634839228640173,0.5634839228640173,0.7862831014222461,0.5576280538886570,0.7010850773562649,0.7010850773562649,0.7672820759274985,0.7058262324621687,0.9308329941141175,0.9308329941141175,0.9516351835151544,0.9204047425107522
252,1.1045195320806789,1.1045195320806789,1.1072395060363045,1.0904690379928119,1.1961616055325599,1.1961616055325599,1.1756053303870573,1.1748619463580672,1.1688727357638844,1.1688727357638844,1.1337575819121342,1.1720767791355282,0.9110439085788351,0.9110439085788351,0.9187343179730930,1.0415701163553661,0.5590288272293922,0.5590288272293922,0.7783581559707007,0.5596262268236343,0.7058714289183188,0.7058714289183188,0.7697056050189157,0.7137030281651406,0.9380840284391272,0.9380840284391272,0.9564728069763464,0.9284242110225903
253,1.1076814177536809,1.1076814177536809,1.1089241669262815,1.0928814428214915,1.1926528668930498,1.1926528668930498,1.1705318178638084,1.1722192815529284,1.1463473796408223,1.1463473796408223,1.1136040048681111,1.1556382957624269,0.8600976516783985,0.8600976516783985,0.8814493602257545,1.0130041343213285,0.5515751095330004,0.5515751095330004,0.7664350398408982,0.5598329343686319,0.7107347314701161,0.7107347314701161,0.7726355431742112,0.7216161224658222,0.9452335951148096,0.9452335951148096,0.9612425679841748,0.9362095344683895
254,1.1106611371739172,1.1106611371739172,1.1104310883645636,1.0958756173033894,1.1878788087884071,1.1878788087884071,1.1645120549890016,1.1683008475315160,1.1248788431750085,1.1248788431750085,1.0926457477969218,1.1393843071522112,0.8099948758524723,0.8099948758524723,0.8452630384341386,0.9875668074624472,0.5463489396539210,0.5463489396539210,0.7610803469682325,0.5616933022736107,0.7159212281788369,0.7159212281788369,0.7763070088873284,0.7297470083527611,0.9531090457433725,0.9531090457433725,0.9670787389734284,0.9442972952911557
255,1.1134001369029991,1.1134001369029991,1.1118452761758748,1.0986681116388384,1.1810942123925405,1.1810942123925405,1.1576467066936531,1.1621346296528592,1.1025195587123711,1.1025195587123711,1.0723641534758495,1.1218942036306623,0.7590486189520357,0.7590486189520357,0.8096260346203841,0.9616533809029987,0.5406943951945892,0.5406943951945892,0.7512991079874962,0.5623823274236029,0.7216309916178142,0.7216309916178142,0.7804487115883325,0.7385131196996170,0.9608283922960470,0.9608283922960470,0.9730506348694089,0.9513021351834913
256,1.1161131128816861,1.1161131128816861,1.1132130971737002,1.1012511688991287,1.1739913454563646,1.1739913454563646,1.1509323557948299,1.1555127799112475,1.0805980995363078,1.0805980995363078,1.0519728300601636,1.1052712254946753,0.7124884636390538,0.7124884636390538,0.7760489732236097,0.9353318688859211,0.5376957731328224,0.5376957731328224,0.7453732478750794,0.5632780601185927,0.7299263083121775,0.7299263083121775,0.7873394920646755,0.7487130256560001,0.9689536094460310,0.9689536094460310,0.9795751250284914,0.9581801464983890
257,1.1185788632316196,1.1185788632316196,1.1140167886074508,1.1034696505100687,1.1667875634708222,1.1667875634708222,1.1437650127064309,1.1490326823047774,1.0585860558181950,1.0585860558181950,1.0317643884688337,1.0880025156885891,0.6634822132099915,0.6634822132099915,0.7401373104209245,0.9105746844564218,0.5323839283376924,0.5323839283376924,0.7383764491881294,0.5687902613185301,0.7391604270814132,0.7391604270814132,0.7952069185927837,0.7593485147848977,0.9769851641504821,0.9769851641504821,0.9860026688256263,0.9642971863486597
258,1.1208494354535901,1.1208494354535901,1.1151218643288576,1.1053390703290775,1.1591723585917089,1.1591723585917089,1.1365171376732184,1.1421374534453925,1.0368004734552065,1.0368004734552065,1.0113364886882765,1.0708629522165227,0.6180185832938733,0.6180185832938733,0.7076588849798726,0.8868377136709952,0.5312701544290362,0.5312701544290362,0.7393045959527248,0.5749914876684594,0.7489639831747515,0.7489639831747515,0.8040690772106527,0.7699840039137954,0.9848606147790450,0.9848606147790450,0.9920230379025805,0.9720922658388771
259,1.1229638651731901,1.1229638651731901,1.1156087158704566,1.1071231639322812,1.1514795267515445,1.1514795267515445,1.1291786642020909,1.1352422245860079,1.0146072606529939,1.0146072606529939,0.9911646234618179,1.0539447824599188,0.5771097511801120,0.5771097511801120,0.6750431300443556,0.8642569850155177,0.5356395751476107,0.5356395751476107,0.7394473877626626,0.5831219844383670,0.7587059784762952,0.7587059784762952,0.8129854939425086,0.7799661182839213,0.9928765590759072,0.9928765590759072,0.9981888265224564,0.9797117365295652
260,1.1247790217632470,1.1247790217632470,1.1162655790615026,1.1086900635316164,1.1436780171659087,1.1436780171659087,1.1216287943758279,1.1283469957266232,0.9930783344924801,0.9930783344924801,0.9713402337016354,1.0367129716064096,0.5375504887855677,0.5375504887855677,0.6437320053062591,0.8403839857442147,0.5442070667526590,0.5442070667526590,0.7438025379657641,0.5934573616882495,0.7680016580373257,0.7680016580373257,0.8220646850163255,0.7893130071941300,1.0001353986047115,1.0001353986047115,1.0038601886963989,0.9870482819321228
261,1.1265551427277110,1.1265551427277110,1.1166133301626446,1.1101638799864366,1.1355737624321736,1.1355737624321736,1.1141191905219716,1.1210973865293847,0.9714286289425664,0.9714286289425664,0.9518267430428580,1.0196841049920746,0.5001842771847507,0.5001842771847507,0.6143434934906773,0.8183473710322428,0.5519178091972022,0.5519178091972022,0.7453018519701106,0.6030348112731405,0.7760353413665606,0.7760353413665606,0.8310715319381596,0.7952115293219316,1.0075035109866373,1.0075035109866373,1.0090952922415766,0.9943750712902620
262,1.1279734371242427,1.1279734371242427,1.1170229036817676,1.1114748009383557,1.1277412020621171,1.1277412020621171,1.1066800521198272,1.1135440227568429,0.9507602559315262,0.9507602559315262,0.9331727969585534,1.0033563184767047,0.4696502622874691,0.4696502622874691,0.5861222823780510,0.7963107563202708,0.5604853008022505,0.5604853008022505,0.7483718758837723,0.6140592136730151,0.7838997325183596,0.7838997325183596,0.8398975184800374,0.7996218089436418,1.0149340649989187,1.0149340649989187,1.0145824563278183,1.0019360057144404
263,1.1293657077703794,1.1293657077703794,1.1176797668728136,1.1127159095318886,1.1193652529647031,1.1193652529647031,1.0986369241315819,1.1063247890171346,0.9301371751915110,0.9301371751915110,0.9154698363608996,0.9863090023860810,0.4424058235807787,0.4424058235807787,0.5638749042746666,0.7764505973823208,0.5685387429109957,0.5685387429109957,0.7510135243676207,0.6246702009828944,0.7917949040660561,0.7917949040660561,0.8472404499062717,0.8054658831748790,1.0231529445944356,1.0231529445944356,1.0207773288562785,1.0097603533379127
264,1.1302895509094046,1.1302895509094046,1.1180893403919365,1.1138484211234874,1.1109039142101327,1.1109039142101327,1.0904629317330143,1.0988119258546332,0.9100274068564447,0.9100274068564447,0.8973645357496629,0.9696860242500941,0.4219092334701725,0.4219092334701725,0.5416275261712823,0.7588349084613308,0.5754784111110847,0.5754784111110847,0.7519416711322161,0.6345921631427816,0.8005365365009325,0.8005365365009325,0.8549993602064060,0.8143227410160089,1.0310752264457650,1.0310752264457650,1.0273793761049193,1.0173603119397643
265,1.1312849593620162,1.1312849593620162,1.1185607363290402,1.1148413079983137,1.1019457629048355,1.1019457629048355,1.0818862796103796,1.0907725547616061,0.8903705612316278,0.8903705612316278,0.8801736442602057,0.9533582377347241,0.4087509287078081,0.4087509287078081,0.5231567091656947,0.7406751055968354,0.5804475562420126,0.5804475562420126,0.7526556301819048,0.6429982699726859,0.8124639399111951,0.8124639399111951,0.8653084018639270,0.8240144666044582,1.0391301967615993,1.0391301967615993,1.0345727961614410,1.0250480749413804
266,1.1317859165571216,1.1317859165571216,1.1186225587470211,1.1156402716554004,1.0930419504722739,1.0930419504722739,1.0736116222807954,1.0832090658365543,0.8709099821145855,0.8709099821145855,0.8630559055004909,0.9368090575038914,0.4133057265101650,0.4133057265101650,0.5216460847265760,0.7321733252295622,0.5841315776321834,0.5841315776321834,0.7503709612229008,0.6491305938076162,0.8248068786660734,0.8248068786660734,0.8768111220291610,0.8344503134459534,1.0474661544140325,1.0474661544140325,1.0412620951358347,1.0330090071867088
267,1.1322348262514366,1.1322348262514366,1.1187848425942206,1.1165090476708734,1.0839751214215050,1.0839751214215050,1.0649242387340423,1.0753114468786686,0.8547708362060377,0.8547708362060377,0.8486448177412439,0.9218096332812973,0.4149083405517350,0.4149083405517350,0.5186248358483386,0.7216311175741436,0.5838745528840319,0.5838745528840319,0.7551544868558155,0.6531958421925699,0.8378423763286443,0.8378423763286443,0.8885851327643298,0.8452854448622537,1.0555991767678108,1.0555991767678108,1.0485718508266939,1.0412235965869130
268,1.1324690400049924,1.1324690400049924,1.1183829968773453,1.1170675465379631,1.0751566986460996,1.0751566986460996,1.0564784510217293,1.0676365812760056,0.8431609173999822,0.8431609173999822,0.8387509110435882,0.9096514284071404,0.4120405048983992,0.4120405048983992,0.5122390143557005,0.7097966393028994,0.5902144966717675,0.5902144966717675,0.7617229101129523,0.6453409554826592,0.8515242623050617,0.8515242623050617,0.9016613382351856,0.8566287566464875,1.0637868355481501,1.0637868355481501,1.0556780191574628,1.0491162365213131
269,1.1324430162545973,1.1324430162545973,1.1179888789627177,1.1177268854782776,1.0667885122447907,1.0667885122447907,1.0487977167851446,1.0606907266540704,0.8313849269335020,0.8313849269335020,0.8292959207243868,0.8998916554504954,0.4095944097823186,0.4095944097823186,0.5059218576102952,0.7044235141107827,0.5963830906274022,0.5963830906274022,0.7712899613787819,0.6353500908077729,0.8656986346158384,0.8656986346158384,0.9152439527699194,0.8690428770631531,1.0714983768970303,1.0714983768970303,1.0630556373016855,1.0565600984124721
270,1.1322153084386404,1.1322153084386404,1.1171929153312148,1.1180681903414991,1.0590180534435751,1.0590180534435751,1.0423450947069652,1.0542511296576405,0.8196844235853966,0.8196844235853966,0.8182315703508533,0.8886559243907662,0.4099318022121228,0.4099318022121228,0.5009093310623104,0.6929291070542295,0.6046078825682484,0.6046078825682484,0.7816423675992691,0.6351433832627752,0.8802577618753332,0.8802577618753332,0.9284648465447404,0.8815658932729472,1.0784840342930302,1.0784840342930302,1.0701618056324544,1.0645015185689639
271,1.1316297740547510,1.1316297740547510,1.1163351292817310,1.1182621135592385,1.0529320996971687,1.0529320996971687,1.0365165952010902,1.0489252994373228,0.8087689862683900,0.8087689862683900,0.8085754100248603,0.8780290260485594,0.4136431189399692,0.4136431189399692,0.4974760937006770,0.6876920103479892,0.6139464484177509,0.6139464484177509,0.7928515246793828,0.6406555844627125,0.8952939852712385,0.8952939852712385,0.9418123425855308,0.8935807291148078,1.0845330672337001,1.0845330672337001,1.0760561444388765,1.0710283122848030
272,1.1309596624820777,1.1309596624820777,1.1152764203738097,1.1181457596285949,1.0466520785481344,1.0466520785481344,1.0303257019435546,1.0431337122015401,0.7985631278641072,0.7985631278641072,0.7993947424421928,0.8696898627661330,0.4201379232137004,0.4201379232137004,0.4972014347117463,0.6874199533762365,0.6273974102376765,0.6273974102376765,0.8037037022346522,0.6507153516525981,0.9118538382640677,0.9118538382640677,0.9559917963741212,0.9075919878306934,1.0892630207331147,1.0892630207331147,1.0807386537209522,1.0767453543139236
273,1.1301334084070340,1.1301334084070340,1.1141868002568980,1.1178975379098883,1.0407291414199351,1.0407291414199351,1.0243663380273578,1.0385571432669705,0.7911653902633696,0.7911653902633696,0.7936888295222878,0.8624023196321543,0.4314405696121416,0.4314405696121416,0.5010466605567757,0.6865357682180401,0.6413624215539050,0.6413624215539050,0.8179828832284276,0.6615330465074750,0.9233349259338174,0.9233349259338174,0.9655593104738206,0.9186086122355414,1.0927285312178341,1.0927285312178341,1.0845583403816930,1.0820136182998028
274,1.1294177552711695,1.1294177552711695,1.1130430855242530,1.1174398791160229,1.0343947813981651,1.0343947813981651,1.0184069741111608,1.0330186848439404,0.7826957355817088,0.7826957355817088,0.7863004038183083,0.8548011354012702,0.4375136333486175,0.4375136333486175,0.5020079670180331,0.6811626430259234,0.6584974047640013,0.6584974047640013,0.8292634362135103,0.6768983073523003,0.9336001879656176,0.9336001879656176,0.9741140064457635,0.9278466053526214,1.0969043152478450,1.0969043152478450,1.0871371136095027,1.0866379833540745
275,1.1280840380634216,1.1280840380634216,1.1119766488140839,1.1171373588963494,1.0272220501970430,1.0272220501970430,1.0120650834570999,1.0271865969981173,0.7733051380558746,0.7733051380558746,0.7783450444588256,0.8457793414961674,0.4415623425062681,0.4415623425062681,0.5003600130844491,0.6775578881501997,0.6723767411641793,0.6723767411641793,0.8342611495613317,0.6889562474771631,0.9415723105030577,0.9415723105030577,0.9790153227425850,0.9363041786189462,1.1017513468041755,1.1017513468041755,1.0906562665482054,1.0917599066736792
276,1.1269845346092298,1.1269845346092298,1.1106474668274966,1.1164547491699064,1.0202589117907592,1.0202589117907592,1.0050890037376330,1.0212532576271931,0.7636427869038909,0.7636427869038909,0.7697130223492258,0.8375324255951839,0.4437553932999955,0.4437553932999955,0.4987807238980977,0.6756534893479305,0.6790593846161169,0.6790593846161169,0.8332616068917674,0.6995672347870424,0.9489596055184462,0.9489596055184462,0.9838985530014107,0.9441991236207730,1.1061768973556079,1.1061768973556079,1.0948443493843474,1.0970769508816496
277,1.1258069599038525,1.1258069599038525,1.1095423911060895,1.1157023270850770,1.0125350291661743,1.0125350291661743,0.9977907962389121,1.0150971649010463,0.7537388769731075,0.7537388769731075,0.7615382048005158,0.8289349696447179,0.4526962926898073,0.4526962926898073,0.4964461224921870,0.6795303011954070,0.6817153070136819,0.6817153070136819,0.8304771665979812,0.7105916371869170,0.9598558656661442,0.9598558656661442,0.9912957425416320,0.9543990295771561,1.1107273311677506,1.1107273311677506,1.0986252575003090,1.1021988742012543
278,1.1241219220657712,1.1241219220657712,1.1082209369217497,1.1147404679250890,1.0047645703649588,1.0047645703649588,0.9904120567953777,1.0091537003776121,0.7439406490080490,0.7439406490080490,0.7528696063260449,0.8214998307004308,0.4607937110051085,0.4607937110051085,0.4961714635032564,0.6829310133423163,0.6781169605395616,0.6781169605395616,0.8226236170514046,0.7186532314418254,0.9705828336364062,0.9705828336364062,0.9990365668037706,0.9654882511774231,1.1151684921267717,1.1151684921267717,1.1022219675285700,1.1070086040994735
279,1.1226385682932518,1.1226385682932518,1.1071854114205713,1.1133752484722028,0.9970484504364792,0.9970484504364792,0.9831742482552670,1.0027546039912227,0.7358937221892875,0.7358937221892875,0.7448410942368198,0.8134374095623328,0.4669511228490354,0.4669511228490354,0.4912962664497370,0.6868078251897929,0.6802588334408236,0.6802588334408236,0.8247654942004710,0.7308489765966866,0.9807403642825654,0.9807403642825654,1.0058730891661267,0.9755974106395323,1.1205228619297392,1.1205228619297392,1.1065554699076339,1.1120719911525685
280,1.1206607632632259,1.1206607632632259,1.1059953298744407,1.1119945151618975,0.9891382631053717,0.9891382631053717,0.9757854423186310,0.9967908891627680,0.7292206609249487,0.7292206609249487,0.7364468184988827,0.8076996224365925,0.4703250471470776,0.4703250471470776,0.4866957283851482,0.6864677539751020,0.6858277029841049,0.6858277029841049,0.8244085146756266,0.7476611902564954,0.9924676951194946,0.9924676951194946,1.0143373549480914,0.9863417955615587,1.1251123217608539,1.1251123217608539,1.1112961470068781,1.1174768397603037
281,1.1187219938587925,1.1187219938587925,1.1046120532721200,1.1103422893467569,0.9810417710677416,0.9810417710677416,0.9681248410682495,0.9903715424713585,0.7222154563397606,0.7222154563397606,0.7284365945920931,0.8039174797974391,0.4797720351815956,0.4797720351815956,0.4824385140567228,0.6878280388338656,0.6973938166509199,0.6973938166509199,0.8259078286799730,0.7635776712213143,1.0063496536692456,1.0063496536692456,1.0240495573517558,1.0003530542774444,1.1289056508049387,1.1289056508049387,1.1153291156639038,1.1205987739741581
282,1.1166335878895877,1.1166335878895877,1.1031514986473234,1.1086357650306493,0.9734653796691539,0.9734653796691539,0.9609675644729522,0.9848330840483286,0.7152404466019223,0.7152404466019223,0.7190364688201984,0.8010024625438477,0.5000155809698485,0.5000155809698485,0.4777693112449014,0.6968059189017061,0.7068180574164730,0.7068180574164730,0.8268359754445684,0.7809411050011168,1.0206163671677144,1.0206163671677144,1.0344309431612597,1.0134024001540269,1.1330267984083888,1.1330267984083888,1.1189646042369439,1.1243353389863648
283,1.1146557828595618,1.1146557828595618,1.1014900211640890,1.1069059699284129,0.9654154638081545,0.9654154638081545,0.9535284260708078,0.9793351262353390,0.7091863797082575,0.7091863797082575,0.7106056167173902,0.7966852850923261,0.5268382791392838,0.5268382791392838,0.4753660450917581,0.7323773679583768,0.7261805884438818,0.7261805884438818,0.8373311734749934,0.8005094192608943,1.0302660212815657,1.0302660212815657,1.0430579832851852,1.0218962720180613,1.1373508813104938,1.1373508813104938,1.1228521533510478,1.1285499501750682
284,1.1130943578358570,1.1130943578358570,1.0997203544493883,1.1052770148994009,0.9575052764770470,0.9575052764770470,0.9454852980825623,0.9741409229976528,0.7016074730234202,0.7016074730234202,0.7017724246009989,0.7933459298840978,0.5506244454404811,0.5506244454404811,0.4717954782356593,0.7589029227042690,0.7477706672886031,0.7477706672886031,0.8496826650346092,0.8179417555556959,1.0416393775656743,1.0416393775656743,1.0521371743590020,1.0309890707443032,1.1410661583166344,1.1410661583166344,1.1266039775584253,1.1322182228763469
285,1.1111035409306336,1.1111035409306336,1.0977111258650121,1.1033067550071676,0.9496106145381498,0.9496106145381498,0.9370999093288596,0.9698174828758359,0.7022415648177691,0.7022415648177691,0.6961396644108363,0.7952462259418188,0.5764349663205036,0.5764349663205036,0.4671262754238379,0.7961067135914562,0.7706458698740817,0.7706458698740817,0.8616057811644117,0.8369588496954796,1.0540284869143988,1.0540284869143988,1.0617770326106839,1.0409348865167194,1.1435560183270521,1.1435560183270521,1.1297644289579214,1.1357694230446063
286,1.1088785102718544,1.1088785102718544,1.0954777910154554,1.1017863969800898,0.9423292055915563,0.9423292055915563,0.9289762493958007,0.9667191862077423,0.7032228973566425,0.7032228973566425,0.6901777169368332,0.8023308248366234,0.5843636884209027,0.5843636884209027,0.4636243733149719,0.8056287076028021,0.7781852624865241,0.7781852624865241,0.8748140235836540,0.8438491011954012,1.0654941843861996,1.0654941843861996,1.0706391912285529,1.0511166431742478,1.1463034500626854,1.1463034500626854,1.1313155707490852,1.1377986802836115
287,1.1064648074227110,1.1064648074227110,1.0929817108894802,1.1004134205984941,0.9352030505670650,0.9352030505670650,0.9206915255731147,0.9635398883195678,0.7040834505061161,0.7040834505061161,0.6851484667670451,0.8088250404901943,0.5989559110099351,0.5989559110099351,0.4641050265456005,0.8150146731282717,0.7930926978793079,0.7930926978793079,0.8913064776314646,0.8539088683852868,1.0735432579133832,1.0735432579133832,1.0779278645408004,1.0593564248543152,1.1503855716471636,1.1503855716471636,1.1338167868873366,1.1412523200076878
288,1.1040185748855738,1.1040185748855738,1.0904547195545145,1.0994127767949582,0.9299632306961155,0.9299632306961155,0.9133228526226821,0.9647447814682709,0.7072841043252106,0.7072841043252106,0.6802472338743063,0.8208172000777543,0.6116081271275932,0.6116081271275932,0.4711088307633327,0.8227682968232248,0.8097136315931013,0.8097136315931013,0.9022300510917030,0.8659668085101496,1.0786066330385142,1.0786066330385142,1.0818887068618479,1.0629862846252702,1.1548111221985957,1.1548111221985957,1.1376558628204669,1.1453986388854629
289,1.1014357176588623,1.1014357176588623,1.0876727107453781,1.0987534378546440,0.9258024255837763,0.9258024255837763,0.9056723178654024,0.9646435299431698,0.7032832870513424,0.7032832870513424,0.6734257418258301,0.8216474265107392,0.6208864189472091,0.6208864189472091,0.4804472363869755,0.8303178777893633,0.8211083954278153,0.8211083954278153,0.9078703275842442,0.8727881574950720,1.0888257244764683,1.0888257244764683,1.0896476171619822,1.0728776525011221,1.1590961790817287,1.1590961790817287,1.1406515054046520,1.1492522764306894
290,1.0986772001169840,1.0986772001169840,1.0846820512755564,1.0987689517120631,0.9210827063518693,0.9210827063518693,0.8981325145322411,0.9648764084509024,0.7001279255032727,0.7001279255032727,0.6690000016764168,0.8210201443169284,0.6342977680319267,0.6342977680319267,0.4883436823187322,0.8402479572583383,0.8136546777314234,0.8136546777314234,0.9070849726295865,0.8701009594101026,1.1007685180846796,1.1007685180846796,1.0982746572859077,1.0833860965380364,1.1634905088179832,1.1634905088179832,1.1439185978022905,1.1538083491740330
291,1.0957950697607293,1.0957950697607293,1.0814441021338115,1.0985595146369043,0.9175118661435184,0.9175118661435184,0.8905021127611646,0.9671444426131669,0.6985426960174004,0.6985426960174004,0.6668602843314524,0.8204482105519832,0.6426482306695811,0.6426482306695811,0.5033125972154537,0.8485456948967970,0.8114271299141109,0.8114271299141109,0.9123682695972835,0.8726503524650736,1.1104027820005822,1.1104027820005822,1.1067208370298767,1.0928600305402285,1.1677833709049104,1.1677833709049104,1.1468075993883331,1.1581497889401740
292,1.0930235403436535,1.0930235403436535,1.0780206857381240,1.0982647513459403,0.9127378080388756,0.9127378080388756,0.8827207135935630,0.9648257826883518,0.6966253232106786,0.6966253232106786,0.6638975987768864,0.8199500746921923,0.6514204338444907,0.6514204338444907,0.5178695236287794,0.8550750622188626,0.8155395258845340,0.8155395258845340,0.9212927577183931,0.8793338964199976,1.1211605303667416,1.1211605303667416,1.1154744794197717,1.1028239956114996,1.1716547519869394,1.1716547519869394,1.1497838527001285,1.1619546462633090
293,1.0897770774818676,1.0897770774818676,1.0745431747267036,1.0984043760627127,0.9068381589989918,0.9068381589989918,0.8751305777948932,0.9618186123928493,0.6958553546032549,0.6958553546032549,0.6622333741752474,0.8197840294055952,0.6532760922084139,0.6532760922084139,0.5250106573409767,0.8606522301397939,0.8234216181611783,0.8234216181611783,0.9315737680339115,0.8831235347449545,1.1317951571493112,1.1317951571493112,1.1243728101136321,1.1128242592804800,1.1753231977703134,1.1753231977703134,1.1523529312917435,1.1652229211434377
294,1.0866997689976496,1.0866997689976496,1.0707720072298741,1.0973804614730482,0.9010549504006845,0.9010549504006845,0.8686175567581037,0.9591455721301803,0.6955986984007803,0.6955986984007803,0.6635135469457389,0.8198947262633266,0.6544569657127286,0.6544569657127286,0.5279632414719815,0.8644610277443322,0.8304469612773179,0.8304469612773179,0.9424973414941498,0.8876021982199035,1.1421065897749576,1.1421065897749576,1.1325115272116750,1.1226248806620582,1.1789135915157434,1.1789135915157434,1.1545245297993727,1.1685497322900762
295,1.0836289664510304,1.0836289664510304,1.0669081061060737,1.0956584232995212,0.8958772320985759,0.8958772320985759,0.8622454666247378,0.9557435208867834,0.6973650969707523,0.6973650969707523,0.6662567743110779,0.8194150398798242,0.6496491235880185,0.6496491235880185,0.5337997449867582,0.8663654265466014,0.8345593572477410,0.8345593572477410,0.9499225156109130,0.8948369622948212,1.1511098555749624,1.1511098555749624,1.1403066095878007,1.1312094990203663,1.1816766336589657,1.1816766336589657,1.1565991819450543,1.1712814247271985
296,1.0802653967124667,1.0802653967124667,1.0630442049822730,1.0940449821279286,0.8904976836977344,0.8904976836977344,0.8567994938567268,0.9526249739136696,0.6953722370456557,0.6953722370456557,0.6655801115609610,0.8183818692076652,0.6439978003887979,0.6439978003887979,0.5364090053815995,0.8670455689759833,0.8440692729293444,0.8440692729293444,0.9612030685959956,0.9023473364297359,1.1604055351359930,1.1604055351359930,1.1475229387480654,1.1396489229878364,1.1841586884655890,1.1841586884655890,1.1578110114694009,1.1734472665880600
297,1.0770644754138721,1.0770644754138721,1.0590180200112727,1.0919661252337609,0.8855450835826740,0.8855450835826740,0.8515548509507495,0.9494760514830255,0.6938322998308083,0.6938322998308083,0.6639341751417576,0.8165738205313869,0.6351412491064372,0.6351412491064372,0.5363403406343669,0.8626246431850012,0.8558067364282603,0.8558067364282603,0.9736973519655491,0.9109601508046379,1.1696550441031772,1.1696550441031772,1.1554988815041476,1.1479250032656134,1.1861334050255756,1.1861334050255756,1.1591294819918900,1.1756033524045031
298,1.0736813878625120,1.0736813878625120,1.0551695744919674,1.0899493237692701,0.8806235342520341,0.8806235342520341,0.8470953945067035,0.9460334996295883,0.6912808352297376,0.6912808352297376,0.6606971668506577,0.8142860854716063,0.6234168621707408,0.6234168621707408,0.5327011090310355,0.8600401019533502,0.8697717477444888,0.8697717477444888,0.9880479288642935,0.9263943141644623,1.1792123570293360,1.1792123570293360,1.1634929102982252,1.1567455625090337,1.1880456799552068,1.1880456799552068,1.1596820762549922,1.1773887085330510
299,1.0701226399959851,1.0701226399959851,1.0508188218265677,1.0876300020851055,0.8765248307085358,0.8765248307085358,0.8435922549073175,0.9420340643880949,0.6869025823639949,0.6869025823639949,0.6573504294649443,0.8116662598386316,0.6111020384828868,0.6111020384828868,0.5269332702634915,0.8567754182923173,0.8861356567101308,0.8861356567101308,0.9998996490891271,0.9361095687793518,1.1882002326313921,1.1882002326313921,1.1712156485223681,1.1651849864765036,1.1896301363254727,1.1896301363254727,1.1607097076916382,1.1787350426627756
300,1.0667070227566313,1.0667070227566313,1.0463057853139688,1.0851555418267493,0.8719681280948360,0.8719681280948360,0.8390120005460513,0.9381257555191925,0.6828564728191018,0.6828564728191018,0.6534733347885986,0.8081793088200950,0.5964254677864034,0.5964254677864034,0.5210967667487146,0.8496339227838079,0.9021568660115709,0.9021568660115709,1.0168204785667510,0.9489254365692060,1.1975882533801150,1.1975882533801150,1.1786309241005852,1.1724265567195586,1.1909023845439619,1.1909023845439619,1.1608260433259754,1.1799545482150626
301,1.0630636977013204,1.0630636977013204,1.0416768317676555,1.0824871583506537,0.8671242057252472,0.8671242057252472,0.8335660277780402,0.9338428160074161,0.6776176668038856,0.6776176668038856,0.6483526437066326,0.8038436818922848,0.5777845360397205,0.5777845360397205,0.5133376503114232,0.8441927833487531,0.9165502519080518,0.9165502519080518,1.0317422227052464,0.9611900842390665,1.2062529348252478,1.2062529348252478,1.1854131883489543,1.1798496199511612,1.1902389422214368,1.1902389422214368,1.1601183348837569,1.1803740581250493
302,1.0595309735851886,1.0595309735851886,1.0381143149315113,1.0800747535219744,0.8619154366387181,0.8619154366387181,0.8283113183789612,0.9290738691751546,0.6705822673713474,0.6705822673713474,0.6416774571176412,0.7995449539170518,0.5591436042930376,0.5591436042930376,0.5068144993243198,0.8381395157272546,0.9308579628884822,0.9308579628884822,1.0473779258934306,0.9724211941839387,1.2139634239975594,1.2139634239975594,1.1922135386353190,1.1869459958033779,1.1908399429136067,1.1908399429136067,1.1591003980833057,1.1811545416785127
303,1.0560112613442543,1.0560112613442543,1.0342735972144537,1.0772822591865254,0.8564970747573510,0.8564970747573510,0.8223620209558661,0.9240214180726097,0.6641054726147833,0.6641054726147833,0.6342524550487906,0.7940101110304858,0.5380565774302740,0.5380565774302740,0.5020766317652657,0.8324263193204471,0.9449086491207612,0.9449086491207612,1.0639417758462102,0.9828254739488204,1.2209044032724348,1.2209044032724348,1.1966265319062579,1.1918281571953122,1.1919560870562078,1.1919560870562078,1.1541561336239714,1.1825301439414924
304,1.0523874541017397,1.0523874541017397,1.0303942404861577,1.0743656539917230,0.8504654598836804,0.8504654598836804,0.8165939204086011,0.9186145866322112,0.6570398783348952,0.6570398783348952,0.6278698793787688,0.7882538744284570,0.5198373862208463,0.5198373862208463,0.4943861800752070,0.8282774505012178,0.9578455614443839,0.9578455614443839,1.0797202708443319,0.9910248732337271,1.2275067981924384,1.2275067981924384,1.2012565576331447,1.1976359328288400,1.1931346728291641,1.1931346728291641,1.1532933110026364,1.1837301374049425
305,1.0487831646720216,1.0487831646720216,1.0264376057353859,1.0713171810088580,0.8442941164801177,0.8442941164801177,0.8097386386063544,0.9126407466512465,0.6499893814786820,0.6499893814786820,0.6209569464181147,0.7820548503955029,0.5001842771847507,0.5001842771847507,0.4877256995936382,0.8218841116650284,0.9678695266222903,0.9678695266222903,1.0942136395530140,0.9974328071286542,1.2312773966898762,1.2312773966898762,1.2005692881893097,1.2039518888303014,1.1941727649338210,1.1941727649338210,1.1528958309186508,1.1848325704242100
306,1.0454065830582602,1.0454065830582602,1.0222645925216813,1.0679972155211577,0.8377035874868789,0.8377035874868789,0.8031551521178530,0.9067479078903626,0.6441013862454419,0.6441013862454419,0.6140257252750251,0.7763539622223399,0.4882911940341521,0.4882911940341521,0.4812025486065348,0.8190275134616246,0.9763513433112879,0.9763513433112879,1.1081358410219451,1.0025315932385963,1.2348171422180831,1.2348171422180831,1.1990500609976751,1.2107215773031321,1.1956713640623484,1.1956713640623484,1.1522365956574061,1.1858569550881308
307,1.0419779539437088,1.0419779539437088,1.0180297568899959,1.0647858470353913,0.8309578045715380,0.8309578045715380,0.7964106017397249,0.9005513145541756,0.6376849811835776,0.6376849811835776,0.6082466596253778,0.7707084224780424,0.4785911616772809,0.4785911616772809,0.4737180911581740,0.8133143170548170,0.9826912870990235,0.9826912870990235,1.1202731448666543,1.0068724516835468,1.2414503175339842,1.2414503175339842,1.2033002799266532,1.2178361024542037,1.1959289357875640,1.1959289357875640,1.1520136190249264,1.1864130496199736
308,1.0382955932628053,1.0382955932628053,1.0133467087279495,1.0612719583299515,0.8243362247938789,0.8243362247938789,0.7904713708097313,0.8942534696928873,0.6326273442524611,0.6326273442524611,0.6024675939757305,0.7657455133564215,0.4819650859753230,0.4819650859753230,0.4747480623666641,0.8160348867723445,0.9948571251781919,0.9948571251781919,1.1254850459293824,1.0130047755184770,1.2493762694775781,1.2493762694775781,1.2084005426414266,1.2252228670880967,1.1968421446315103,1.1968421446315103,1.1513252998550976,1.1868715837076333
309,1.0342944416395621,1.0342944416395621,1.0084781933119606,1.0576339587651582,0.8175361030058022,0.8175361030058022,0.7840992806763654,0.8880568763567002,0.6314799400531631,0.6314799400531631,0.5999438247996187,0.7623692591956162,0.4986660112506318,0.4986660112506318,0.4793486004312528,0.8278693650435887,1.0048810903560983,1.0048810903560983,1.1074218819722563,1.0219621024683752,1.2563941997421970,1.2563941997421970,1.2136274076221698,1.2326822289174089,1.1964596896455841,1.1964596896455841,1.1506466753214633,1.1870667045959993
310,1.0302867840787202,1.0302867840787202,1.0034628496532674,1.0540037161290745,0.8113104207295037,0.8113104207295037,0.7786533079083544,0.8823462903409983,0.6353448805139567,0.6353448805139567,0.6008033693740916,0.7629411929605613,0.5271756715690881,0.5271756715690881,0.4926008966471576,0.8454850539645786,1.0023965177906344,1.0023965177906344,1.1184882472424325,1.0288523539682968,1.2631197162457903,1.2631197162457903,1.2192159933628259,1.2393067229994015,1.1962723647545181,1.1962723647545181,1.1504333933251782,1.1869691441518164
311,1.0260904543275140,1.0260904543275140,0.9979761100574706,1.0502416057049280,0.8069788363028522,0.8069788363028522,0.7741435189988000,0.8779823496091410,0.6417763829994958,0.6417763829994958,0.6044244294963389,0.7663727955502323,0.5458166033157710,0.5458166033157710,0.5057158633685971,0.8578636461793283,1.0144766809537522,1.0144766809537522,1.1297688002275150,1.0391877312181792,1.2691218934457935,1.2691218934457935,1.2235928145577735,1.2453322902191866,1.1945239991045697,1.1945239991045697,1.1491827852560526,1.1861886605983529
312,1.0218290652003199,1.0218290652003199,0.9928603049695586,1.0467509877856169,0.8037185039387058,0.8037185039387058,0.7704591825235837,0.8745397977557038,0.6540052961762253,0.6540052961762253,0.6121603306665946,0.7736603386842110,0.5627705729134328,0.5627705729134328,0.5207534430125513,0.8687459250494379,1.0235582220551034,1.0235582220551034,1.1401926023529712,1.0467670078680931,1.2741083175811807,1.2741083175811807,1.2270834198909342,1.2506137361859258,1.1925961137673495,1.1925961137673495,1.1477479790992260,1.1848130583353733
313,1.0174180395083543,1.0174180395083543,0.9873890209782569,1.0430742035772758,0.8011956277045449,0.8011956277045449,0.7677814953585357,0.8719072581030752,0.6622182946554115,0.6622182946554115,0.6179028199513708,0.7789553383790260,0.6124516082021036,0.6124516082021036,0.5617462971104540,0.8882660127726970,1.0358097350503221,1.0358097350503221,1.1522585102927114,1.0524170140980287,1.2784021828088752,1.2784021828088752,1.2305921112620906,1.2552418073938933,1.1881549528083286,1.1881549528083286,1.1448105043322097,1.1827350208742766
314,1.0130200256915862,1.0130200256915862,0.9820722930319072,1.0394051762976442,0.8006677643693974,0.8006677643693974,0.7669258434448926,0.8716541292903225,0.6795652344579572,0.6795652344579572,0.6326796713593297,0.7882538744284570,0.6714952834178416,0.6714952834178416,0.6122835510736974,0.9123430547728145,1.0458337002282285,1.0458337002282285,1.1600406639343190,1.0581359228429636,1.2804336889381072,1.2804336889381072,1.2324730592136381,1.2580912473140928,1.1864534183811466,1.1864534183811466,1.1401086057777445,1.1800130844815724
315,1.0083032209324785,1.0083032209324785,0.9766164646451008,1.0356353089447883,0.8004969850550849,0.8004969850550849,0.7656171993416737,0.8704593612941296,0.7010488683474462,0.7010488683474462,0.6541499975387155,0.8010947099252904,0.7368650666924085,0.7368650666924085,0.6687946380461828,0.9361480398011793,1.0513168948554592,1.0513168948554592,1.1699646947249929,1.0622011712279176,1.2803721281463123,1.2803721281463123,1.2318400478837903,1.2603417603720848,1.1853763002575175,1.1853763002575175,1.1387901352552554,1.1794569899497296
316,1.0036644874245557,1.0036644874245557,0.9709983524110947,1.0317025460890310,0.8028568446710386,0.8028568446710386,0.7713047679441252,0.8721401366108078,0.7215964619690866,0.7215964619690866,0.6725844854337929,0.8133267127046014,0.7970896154124610,0.7970896154124610,0.7195378862511241,0.9581166402702130,1.0802750164805222,1.0802750164805222,1.1840296880038617,1.0808737527927050,1.2836348501114421,1.2836348501114421,1.2329432962015252,1.2654961612468407,1.1848143255843198,1.1848143255843198,1.1385477693503860,1.1798472317264612
317,0.9988500936014665,0.9988500936014665,0.9659289141366683,1.0273276382968275,0.8062025666923411,0.8062025666923411,0.7743247158746303,0.8729197733540862,0.7393208373635067,0.7393208373635067,0.6897936651056856,0.8240643079045398,0.8607724365380069,0.8607724365380069,0.7736457070704662,0.9803572977109996,1.1076909896166762,1.1076909896166762,1.1873852955373989,1.0974792589075162,1.2920994589832415,1.2920994589832415,1.2396351302599160,1.2734092555475223,1.1841118572428226,1.1841118572428226,1.1379079233615310,1.1796228427048405
318,0.9942569016567353,0.9942569016567353,0.9610140319071939,1.0231466537223637,0.8082208676796698,0.8082208676796698,0.7774251957499489,0.8731526518618187,0.7574377457734763,0.7574377457734763,0.7069479802302716,0.8345436104364382,0.9265639603498291,0.9265639603498291,0.8272728746591796,1.0079030661009645,1.1140309334044118,1.1140309334044118,1.1902411317361541,1.1049207305274316,1.3006256286468356,1.3006256286468356,1.2471227499901156,1.2810138117676726,1.1825195956687622,1.1825195956687622,1.1369481543782485,1.1788813833290501
319,0.9894945553344361,0.9894945553344361,0.9560759662709767,1.0187872597875796,0.8099441862150043,0.8099441862150043,0.7801934813529120,0.8730919009467580,0.7762340382488198,0.7762340382488198,0.7259676899632881,0.8458162404487446,0.9806310972259548,0.9806310972259548,0.8743768912607897,1.0375572760220133,1.1314229413626595,1.1314229413626595,1.2064480021640893,1.1197347712522630,1.3097058454365840,1.3097058454365840,1.2544114233023629,1.2891991455511758,1.1812863734692449,1.1812863734692449,1.1356199892195644,1.1778277305318743
320,0.9846346199481554,0.9846346199481554,0.9512151786572356,1.0148467400031127,0.8118072332802307,0.8118072332802307,0.7833946261592475,0.8737095352498747,0.8001936496210045,0.8001936496210045,0.7495411571227670,0.8597086960940254,1.0096468461891173,1.0096468461891173,0.9043833858014654,1.0568733210164578,1.1622659111408329,1.1622659111408329,1.2263674596504059,1.1379939377270554,1.3181704543083832,1.3181704543083832,1.2620256452985319,1.2963318200011020,1.1800375408621389,1.1800375408621389,1.1346505256000872,1.1764716403577313
321,0.9798007083122696,0.9798007083122696,0.9464934914839512,1.0106657554286489,0.8150365148599567,0.8150365148599567,0.7883775402445811,0.8750865559912496,0.8222962778811672,0.8222962778811672,0.7724379615321291,0.8739332423125004,1.0201060115130480,1.0201060115130480,0.9159877280837863,1.0650350301690401,1.1965358775610255,1.1965358775610255,1.2499281082901355,1.1579756670768280,1.3261887474396696,1.3261887474396696,1.2690792001168358,1.3018855054506628,1.1794599557813523,1.1794599557813523,1.1340397635198165,1.1757399370263593
322,0.9749667966763840,0.9749667966763840,0.9423513894792369,1.0068493465035353,0.8194923024242901,0.8194923024242901,0.7961086069466743,0.8773545901535142,0.8388279568052645,0.8388279568052645,0.7875074238590575,0.8845047922258417,1.0278660373985451,1.0278660373985451,0.9258754516852904,1.0663273007848655,1.2350895897837422,1.2350895897837422,1.2732745692149585,1.1760970285216219,1.3324525580048010,1.3324525580048010,1.2744869254775355,1.3069128612334353,1.1781330711363021,1.1781330711363021,1.1333514443499875,1.1753009150275360
323,0.9704386641076405,0.9704386641076405,0.9391366237442348,1.0028235005032631,0.8271618461761391,0.8271618461761391,0.8048966554244444,0.8817590314954119,0.8500000503247457,0.8500000503247457,0.7956273768604607,0.8942276662299095,1.0281190817208983,1.0281190817208983,0.9321926084306958,1.0650350301690401,1.2786981220534375,1.2786981220534375,1.2984059277640032,1.1988348584713633,1.3397629020304458,1.3397629020304458,1.2813053618018959,1.3127387861658180,1.1768842385291960,1.1768842385291960,1.1326340412715743,1.1749887216061505
324,0.9662683581068293,0.9662683581068293,0.9367641884542213,0.9991312024375029,0.8334496300212785,0.8334496300212785,0.8106949554510143,0.8846041993507527,0.8587112637852060,0.8587112637852060,0.8006200506653774,0.9040243381391315,1.0215399293397160,1.0215399293397160,0.9353511868033986,1.0584376486040361,1.3204218061700219,1.3204218061700219,1.3203244705894486,1.2211592733311094,1.3483660226837837,1.3483660226837837,1.2875993030243824,1.3188369505810220,1.1760881077421659,1.1760881077421659,1.1309277853012942,1.1746570160959287
325,0.9623582896099689,0.9623582896099689,0.9343762975597124,0.9954389043717425,0.8380529088116089,0.8380529088116089,0.8139162332435532,0.8862343489048804,0.8655202018626196,0.8655202018626196,0.8064356926798959,0.9097067768360060,1.0047546559569562,1.0047546559569562,0.9272487466299437,1.0463991276039772,1.3615457658742531,1.3615457658742531,1.3451702455186179,1.2386605121409102,1.3574770198694295,1.3574770198694295,1.2952316110585471,1.3270948815599444,1.1753544185854912,1.1753544185854912,1.1306466408516458,1.1739740929866480
326,0.9586499051786703,0.9586499051786703,0.9316483833663092,0.9918552033079164,0.8399780574456762,0.8399780574456762,0.8151342789088570,0.8871051120207498,0.8685094917502646,0.8685094917502646,0.8091972082276705,0.9132490762834083,0.9882224268965496,0.9882224268965496,0.9191463064564890,1.0332723787169076,1.4050686232278977,1.4050686232278977,1.3657322661496545,1.2605026093956617,1.3668342602222550,1.3668342602222550,1.3010734013311425,1.3352802153434475,1.1741680276087403,1.1741680276087403,1.1308405335755412,1.1734570226324783
327,0.9548179079329951,0.9548179079329951,0.9283640674110787,0.9879767389531262,0.8415694101472239,0.8415694101472239,0.8159597313431951,0.8890288909976707,0.8658674426071440,0.8658674426071440,0.8059784881190062,0.9111827349390903,0.9733771599851642,0.9733771599851642,0.9106318777996382,1.0214379004456633,1.4485058056654918,1.4485058056654918,1.3897926861241663,1.2839983670103945,1.3762838417627727,1.3762838417627727,1.3068790195277464,1.3437922365063366,1.1732157927458218,1.1732157927458218,1.1309180906650995,1.1729204401894722
328,0.9509794047497212,0.9509794047497212,0.9246238111232397,0.9842689270299468,0.8437817785371803,0.8437817785371803,0.8159496648500933,0.8913880515325263,0.8633310754297483,0.8633310754297483,0.8029609380171333,0.9094669336442548,0.9599658109004465,0.9599658109004465,0.9022547786372528,1.0113717924908119,1.4963124088216606,1.4963124088216606,1.4127107716191758,1.3100435176800982,1.3846868898427771,1.3846868898427771,1.3106047433548507,1.3532661705085287,1.1717249988210889,1.1717249988210889,1.1304721374001399,1.1720716643250806
329,0.9470888540656571,0.9470888540656571,0.9212931283545236,0.9805068166058003,0.8424854082876269,0.8424854082876269,0.8133021771643505,0.8903654111290051,0.8611268515732020,0.8611268515732020,0.8009858143140893,0.9080647734463247,0.9501814304361242,0.9501814304361242,0.8933283614970059,1.0011016418071461,1.5465179096272428,1.5465179096272428,1.4362000243539366,1.3399472091897582,1.3948752008848337,1.3948752008848337,1.3193945578207369,1.3628852989015590,1.1705542182519271,1.1705542182519271,1.1295608415978311,1.1710667917499962
330,0.9431072202552103,0.9431072202552103,0.9173133101970089,0.9770937679735849,0.8403351414665113,0.8403351414665113,0.8105842240268959,0.8892617695054033,0.8591943813428052,0.8591943813428052,0.7991752842529657,0.9068471080112802,0.9387100878227809,0.9387100878227809,0.8858439040486452,0.9913075908240474,1.5962093609365220,1.5962093609365220,1.4569762326998799,1.3689551680044281,1.4054944374694547,1.4054944374694547,1.3268460054749451,1.3715788130529958,1.1683453455781081,1.1683453455781081,1.1282423710753420,1.1695643609095787
331,0.9389954676927880,0.9389954676927880,0.9130784745653234,0.9742469751371690,0.8383711793519184,0.8383711793519184,0.8078461379032378,0.8876417451037857,0.8578356132120575,0.8578356132120575,0.7982242987663148,0.9064596690092206,0.9319622392266965,0.9319622392266965,0.8801447300283337,0.9816495683268252,1.6486424095594168,1.6486424095594168,1.4753963761818503,1.4007192274190667,1.4151748719792034,1.4151748719792034,1.3338633882172577,1.3796552510433704,1.1652700952831094,1.1652700952831094,1.1261968028382447,1.1676326641147565
332,0.9349422685687547,0.9349422685687547,0.9085808936572195,0.9706865448594716,0.8362053871385926,0.8362053871385926,0.8055912434484606,0.8865887292427342,0.8573373982307834,0.8573373982307834,0.7970904314553081,0.9066441637721061,0.9236117765890423,0.9236117765890423,0.8756128567109777,0.9721955885584174,1.6990192601970999,1.6990192601970999,1.4855345946874308,1.4369619503086546,1.4231777749125409,1.4231777749125409,1.3395966622618791,1.3876953904360354,1.1602669596508906,1.1602669596508906,1.1230460460749434,1.1645107299009021
333,0.9309411169455115,0.9309411169455115,0.9037587450547164,0.9672424685124178,0.8347537629669369,0.8347537629669369,0.8039604715659878,0.8859508446345974,0.8575336647385580,0.8575336647385580,0.7980962814892657,0.9070869512030314,0.9177074090674684,0.9177074090674684,0.8736902437884631,0.9624695518182569,1.7493104359187326,1.7493104359187326,1.5125936426706352,1.4694839373882846,1.4293184638940826,1.4293184638940826,1.3442628600647570,1.3936302111615466,1.1535466791839009,1.1535466791839009,1.1180242245260508,1.1602083143124342
334,0.9270310484486511,0.9270310484486511,0.8977851539173206,0.9638294198802024,0.8332555626186506,0.8332555626186506,0.8023196331904133,0.8852825845689302,0.8577601260936826,0.8577601260936826,0.7996142006314199,0.9074005922999369,0.9128152188353073,0.9128152188353073,0.8734842495467650,0.9532876290216019,1.7982308129835576,1.7982308129835576,1.5340838100662673,1.5040040974028919,1.4320425289310070,1.4320425289310070,1.3446245808246702,1.3970422793462440,1.1403168587523707,1.1403168587523707,1.1104042404769587,1.1547156613049343
335,0.9233551937053464,0.9233551937053464,0.8930943779530267,0.9604241281766966,0.8323085136938272,0.8323085136938272,0.8017861090560241,0.8848472030109954,0.8584093153117065,0.8584093153117065,0.8022111225372740,0.9089134493555983,0.9060673702392229,0.9060673702392229,0.8719049603604137,0.9453299625978343,1.8461230910557769,1.8461230910557769,1.5547886225072418,1.5374907196925112,1.4291337815186980,1.4291337815186980,1.3410254592635356,1.3952092001619119,1.1265406740552315,1.1265406740552315,1.0942529765764664,1.1444815707101432
336,0.9195362083348687,0.9195362083348687,0.8887127140786368,0.9569645379722238,0.8317728876625746,0.8317728876625746,0.8016250451663971,0.8847358263333842,0.8590283096823805,0.8590283096823805,0.8046251626187723,0.9102602611246626,0.9021873572964745,0.9021873572964745,0.8727976020744384,0.9390046380045831,1.8853622026068975,1.8853622026068975,1.5676398854016398,1.5644316030572045,1.4183298625586922,1.4183298625586922,1.3290705881484102,1.3892199315398364,1.1194769646212877,1.1194769646212877,1.0804672039074985,1.1382962385489446
337,0.9159774604683419,0.9159774604683419,0.8845319730626845,0.9540013912051641,0.8314779052105804,0.8314779052105804,0.8015545797146854,0.8848472030109954,0.8595416220873296,0.8595416220873296,0.8074232545314179,0.9115701739411499,0.8974638632792155,0.8974638632792155,0.8742395617663243,0.9344476837277247,1.9167192218813736,1.9167192218813736,1.5737085373239943,1.5885474833069302,1.3852409369689314,1.3852409369689314,1.2910175642055606,1.3698364803629375,1.1135293993299449,1.1135293993299449,1.0744856133753233,1.1338474822942022
338,0.9123666651010249,0.9123666651010249,0.8791843339073445,0.9508288073629457,0.8312450243274271,0.8312450243274271,0.8018666410008376,0.8849383293835864,0.8609305850654273,0.8609305850654273,0.8108614328293093,0.9130092330916572,0.8930777616917607,0.8930777616917607,0.8789087645781457,0.9281223591344735,1.9293134345407945,1.9293134345407945,1.5592865645202811,1.6018456687017790,1.3693428624878974,1.3693428624878974,1.2721899986520879,1.3606892337401313,1.1070510801805820,1.1070510801805820,1.0682907408468632,1.1301596975040868
339,0.9087688816089055,0.9087688816089055,0.8742617238756225,0.9478036051662093,0.8316176337404724,0.8316176337404724,0.8029034897903110,0.8854850876191324,0.8621685738067753,0.8621685738067753,0.8150128502421889,0.9147065849102041,0.8891134006415611,0.8891134006415611,0.8844706091039918,0.9242455472869969,1.9213456673480995,1.9213456673480995,1.4752535843719123,1.6091493352916959,1.3656492149802031,1.3656492149802031,1.2665833268734361,1.3583661234867204,1.0995346689265622,1.0995346689265622,1.0613881598761843,1.1260816709372397
340,0.9054248296831380,0.9054248296831380,0.8696482259338045,0.9448869999714071,0.8318970908002563,0.8318970908002563,0.8040812694832080,0.8857888421944357,0.8638141929873474,0.8638141929873474,0.8190362503780193,0.9153892155328806,0.8768829250611583,0.8768829250611583,0.8839212911261305,0.9194845502813239,1.8287310830975290,1.8287310830975290,1.4320590618657416,1.5901322411519123,1.3617708850971242,1.3617708850971242,1.2610309132087711,1.3558796695436162,1.0909411395489135,1.0909411395489135,1.0527017658456674,1.1221890092143401
341,0.9018270461910185,0.9018270461910185,0.8655293073358331,0.9418074992737038,0.8325491572730856,0.8325491572730856,0.8053093816416135,0.8861330973797793,0.8654749095915947,0.8654749095915947,0.8230230741489786,0.9171972642091588,0.8642307089435002,0.8642307089435002,0.8859812335431105,0.9162878808632292,1.8063699300083533,1.8063699300083533,1.4304883519564264,1.6006054234317930,1.3563689256171212,1.3563689256171212,1.2526932496927761,1.3524857506577734,1.0829876368824065,1.0829876368824065,1.0409033935966281,1.1178280573593624
342,0.8986586545804177,0.8986586545804177,0.8616190393985469,0.9387357555047099,0.8337057989927471,0.8337057989927471,0.8068193556068660,0.8865887292427342,0.8656862735230443,0.8656862735230443,0.8263880997171276,0.9181197380235865,0.8493854420321146,0.8493854420321146,0.8843332796095265,0.9120709978010618,1.8173363192628149,1.8173363192628149,1.4297029970017687,1.6149371465516300,1.3479197069432707,1.3479197069432707,1.2405394321596985,1.3484747556108683,1.0741911722061028,1.0741911722061028,1.0299775386051184,1.1129695472390515
343,0.8957830301617618,0.8957830301617618,0.8580101557489171,0.9357260671653926,0.8345907463487297,0.8345907463487297,0.8084501274893389,0.8871962383933408,0.8645690641710961,0.8645690641710961,0.8283449352377360,0.9190053128854371,0.8347932194430823,0.8347932194430823,0.8824106666870117,0.9071059580665742,1.8292451325938319,1.8292451325938319,1.4281322870924533,1.6281664294314797,1.3383470038191632,1.3383470038191632,1.2270834198909342,1.3439737294948844,1.0643410050175535,1.0643410050175535,1.0192649656098938,1.1073012854320223
344,0.8929204176183032,0.8929204176183032,0.8549885850701050,0.9322975046757581,0.8352738636059793,0.8352738636059793,0.8100808993718116,0.8871557377833004,0.8627724707537742,0.8627724707537742,0.8294056498190003,0.9189684139328600,0.8218036108956199,0.8218036108956199,0.8783594466002844,0.9051335450213669,1.8365275004581230,1.8365275004581230,1.4071418910316034,1.6387085142263598,1.3246805080406945,1.3246805080406945,1.2064110784619051,1.3386196863327260,1.0502838329838156,1.0502838329838156,1.0061190389297812,1.1002866894952685
345,0.8901619000764249,0.8901619000764249,0.8533039241801279,0.9291094069761207,0.8357240999800758,0.8357240999800758,0.8113492775026239,0.8866798556153253,0.8600851293396287,0.8600851293396287,0.8295885316433563,0.9188946160277057,0.8168270725560077,0.8168270725560077,0.8736215790412303,0.9083302144394616,1.8296735071740844,1.8296735071740844,1.3882219762148509,1.6456676682412805,1.3105215259278664,1.3105215259278664,1.1871856200725281,1.3316140569747832,1.0403868345724998,1.0403868345724998,0.9902780033875213,1.0903647923218629
346,0.8875725369121147,0.8875725369121147,0.8517197247193697,0.9257894414884202,0.8357396253722860,0.8357396253722860,0.8127887860161647,0.8860622213122086,0.8568391832495091,0.8568391832495091,0.8299908716569393,0.9187101212648202,0.8130314077207103,0.8130314077207103,0.8734155847995323,0.9178522084508075,1.8136522978726444,1.8136522978726444,1.3624480545210862,1.6498707216562327,1.2888367370181115,1.2888367370181115,1.1606353162949123,1.3182017251211049,1.0320274613086833,1.0320274613086833,0.9807384813718643,1.0832916601185993
347,0.8850677509365885,0.8850677509365885,0.8507073826249339,0.9222057404245940,0.8355688460579735,0.8355688460579735,0.8131310467816218,0.8857179661268648,0.8544235954615133,0.8544235954615133,0.8300823125691174,0.9190606613143028,0.8199479525316967,0.8199479525316967,0.8791147588198437,0.9291425727785463,1.7980594631514566,1.7980594631514566,1.3250366003173946,1.6522134071662060,1.2586257784447623,1.2586257784447623,1.1267601671290581,1.2986186316568036,1.0241910366990925,1.0241910366990925,0.9736420076772901,1.0753209718288526
348,0.8825304352730684,0.8825304352730684,0.8495095732765557,0.9186065255033488,0.8351651858605078,0.8351651858605078,0.8133927756022656,0.8846548251133033,0.8531403144491404,0.8531403144491404,0.8310515862382037,0.9207949120854269,0.8363114853772012,0.8363114853772012,0.8872858637405312,0.9445818059255142,1.7725283381684132,1.7725283381684132,1.2672059172926038,1.6487682814162452,1.2446360885093704,1.2446360885093704,1.1110253140728417,1.2879468439301964,1.0128266599744271,1.0128266599744271,0.9671659906991814,1.0670771142953936
349,0.8801232383615237,0.8801232383615237,0.8485435979956056,0.9154416985898399,0.8346606106136757,0.8346606106136757,0.8137249698746213,0.8839055638275553,0.8554502202714115,0.8554502202714115,0.8331364390358613,0.9259976643987989,0.8679420256713465,0.8679420256713465,0.9029414261095794,0.9672985630668680,1.7164112681553476,1.7164112681553476,1.1874566914423679,1.6304402124264536,1.2333089028191080,1.2333089028191080,1.1003183795794163,1.2768394730310746,1.0042799618195448,1.0042799618195448,0.9578979184969780,1.0538381620197679
350,0.8776379701987939,0.8776379701987939,0.8477785455730931,0.9120364068863341,0.8344199670344172,0.8344199670344172,0.8141376960917903,0.8832778043719284,0.8606135391682528,0.8606135391682528,0.8383668592124408,0.9329162180070066,0.9149239215215836,0.9149239215215836,0.9335659033753492,0.9916476620387383,1.6413600416951259,1.6413600416951259,1.1507591962883650,1.6114920208016692,1.2204119169380756,1.2204119169380756,1.0901901983018516,1.2631367523957200,0.9975206553335830,0.9975206553335830,0.9525561739536579,1.0457894253746747
351,0.8755690820423851,0.8755690820423851,0.8467043810606765,0.9084527058225080,0.8346217971331501,0.8346217971331501,0.8148121511296031,0.8837638116924137,0.8682075432767651,0.8682075432767651,0.8465416767611508,0.9415505729100497,1.0016337759812672,1.0016337759812672,0.9744214279787864,1.0431344439429444,1.5975801595933299,1.5975801595933299,1.1318392814716125,1.6019145712167782,1.1964801591278067,1.1964801591278067,1.0747085497775744,1.2365480295734759,0.9852664853763544,0.9852664853763544,0.9467878654177677,1.0346382666045639
352,0.8736758542011432,0.8736758542011432,0.8452901932493655,0.9056059129860921,0.8359569808632291,0.8359569808632291,0.8171375110360921,0.8854648373141121,0.8814177889923679,0.8814177889923679,0.8598188972093911,0.9527494050172018,1.0659070338589705,1.0659070338589705,1.0073805066504669,1.0959815107059143,1.5767611549930627,1.5767611549930627,1.1189166226722456,1.5910968763619013,1.1845219753216465,1.1845219753216465,1.0675283926933010,1.2209577818572248,0.9737850305947727,0.9737850305947727,0.9373259004916689,1.0227651605474994
353,0.8716655194831235,0.8716655194831235,0.8445096852223577,0.9029452864387060,0.8396054480326309,0.8396054480326309,0.8206205176492747,0.8899300295710705,0.9066757788006004,0.9066757788006004,0.8842519089433429,0.9687819999119550,1.0976219222605668,1.0976219222605668,1.0196028316578818,1.1247515354687665,1.5523438039186754,1.5523438039186754,1.1000681037604620,1.5730444174321065,1.1650687651144569,1.1650687651144569,1.0555916076161713,1.1981985610933379,0.9647934358236089,0.9647934358236089,0.9261189010505108,1.0126578985301462
354,0.8699349400818509,0.8699349400818509,0.8443474013751581,0.9007112909703467,0.8450781487867337,0.8450781487867337,0.8263382857310312,0.8953368610114690,0.9404487155615185,0.9404487155615185,0.9135678653875980,1.0023046983282571,1.1257941901492188,1.1257941901492188,1.0266753006228464,1.1448837513784693,1.5011102041204876,1.5011102041204876,1.0967124962269248,1.5300492480725958,1.1431992938293172,1.1431992938293172,1.0414483259035723,1.1749130106626626,0.9572926349771779,0.9572926349771779,0.9183922760032763,1.0050481838838763
355,0.8682954438069610,0.8682954438069610,0.8443860403863961,0.8991754190858499,0.8529184718528952,0.8529184718528952,0.8348042064295474,0.9020498371256718,0.9620229339930573,0.9620229339930573,0.9296248895660484,1.0272299407940930,1.1684743325194522,1.1684743325194522,1.0385543018940979,1.1699810070226595,1.4787490510313119,1.4787490510313119,1.0801486462741452,1.5066223929728622,1.1219300402641779,1.1219300402641779,1.0232175996039561,1.1564007258307929,0.9478015071631716,0.9478015071631716,0.9118387019356095,0.9964140845736856
356,0.8668901612856268,0.8668901612856268,0.8453674712718415,0.8979187966348978,0.8658123100834835,0.8658123100834835,0.8488570307994981,0.9163566776224568,0.9740253858146621,0.9740253858146621,0.9392627617096058,1.0420633197300904,1.2680050993116960,1.2680050993116960,1.0729553402576644,1.2277250992771787,1.4210041576132872,1.4210041576132872,1.0636561922263346,1.4545320916334548,1.1085713484446837,1.1085713484446837,1.0135415692762828,1.1420809290343761,0.9348760896796234,0.9348760896796234,0.9029584151811970,0.9839361037626868
357,0.8657971637690336,0.8657971637690336,0.8463257187505441,0.8961579738178231,0.8807555000858209,0.8807555000858209,0.8614804131490098,0.9284056091094872,0.9888963481345121,0.9888963481345121,0.9521742185091342,1.0545351657011526,1.3616314985823661,1.3616314985823661,1.1144975123334284,1.3055333931984625,1.3760248266867845,1.3760248266867845,1.0328845571847485,1.4210454693438357,1.0924732013903162,1.0924732013903162,1.0028527208208529,1.1257284107662247,0.9266103788613400,0.9266103788613400,0.8936418697980197,0.9743556681439215
358,0.8650489809451751,0.8650489809451751,0.8480722020585019,0.8962898416058860,0.8914059191420324,0.8914059191420324,0.8697047380130857,0.9373461187759141,1.0203140868021343,1.0203140868021343,0.9754550747496438,1.0786301817340038,1.4070107803910332,1.4070107803910332,1.1361269077117186,1.3490625086789008,1.3289892977750701,1.3289892977750701,1.0226035468692301,1.3923131205891623,1.0628932409328649,1.0628932409328649,0.9809686148461152,1.0982322230012416,0.9190159155693760,0.9190159155693760,0.8891338639674501,0.9651752303463063
359,0.8645675415628662,0.8645675415628662,0.8496795849260029,0.8964992786810446,0.9002088165252274,0.9002088165252274,0.8775364696461957,0.9447779807183346,1.0561553706065241,1.0561553706065241,1.0014425819906210,1.1148834026410117,1.4289412883283072,1.4289412883283072,1.1427873881932875,1.3636175566676725,1.2962614798437861,1.2962614798437861,1.0118227652189296,1.3688862654894289,1.0473953115984977,1.0473953115984977,0.9733001347359592,1.0798106846636459,0.9135991041360534,0.9135991041360534,0.8851590631275931,0.9572338101898143
360,0.8643528456221068,0.8643528456221068,0.8512174175732756,0.8960959183881465,0.9105099142567089,0.9105099142567089,0.8898981231750636,0.9570800410181179,1.0816549191935561,1.0816549191935561,1.0189077962166120,1.1415244464016834,1.4473291757526370,1.4473291757526370,1.1553530369368656,1.3734796218937093,1.2565083187963626,1.2565083187963626,0.9751966659698955,1.3350551306248137,1.0331439882979774,1.0331439882979774,0.9674221723873726,1.0610987575443735,0.9094389305136311,0.9094389305136311,0.8825899845359780,0.9520338385148633
