1,0.8344472767729619,0.8344472767729619,0.8144631035939260,0.8692543956631174,0.8878076630933366,0.8878076630933366,0.8478494298436009,0.9329577663393477,1.0212686239447530,1.0212686239447530,0.9629985213236102,1.0774706989309484,1.3953473765940205,1.3953473765940205,1.1165356908448865,1.2795030989702543,1.1776023277514767,1.1776023277514767,1.0013454131518464,1.2417713424362455,1.0104987265504786,1.0104987265504786,0.9365094410944647,1.0287912208749976,0.8695587400510296,0.8695587400510296,0.8315921565855432,0.9183000193847788
2,0.8346864392233548,0.8346864392233548,0.8151086849550105,0.8691903931114073,0.8956890664272660,0.8956890664272660,0.8555969267161698,0.9394648252936110,1.0369229090421885,1.0369229090421885,0.9789544038535219,1.0889095933494739,1.4349191511868626,1.4349191511868626,1.1446582629483020,1.3009538461462478,1.1403530733717864,1.1403530733717864,0.9946333197728326,1.2103771236141188,0.9954227420641507,0.9954227420641507,0.9263187650932500,1.0137556137912922,0.8625396904187075,0.8625396904187075,0.8258213663908494,0.9120176136504399
3,0.8351567480725577,0.8351567480725577,0.8159000308885086,0.8694109076502016,0.9045804378855178,0.9045804378855178,0.8642856139137244,0.9468373711523921,1.0567222341115234,1.0567222341115234,0.9972383506232575,1.1029578275791556,1.4901266447591108,1.4901266447591108,1.1786439572900540,1.3318432215404192,1.1175347392997057,1.1175347392997057,1.0002533773436992,1.1836080381359515,0.9848977467681194,0.9848977467681194,0.9208695977684049,1.0024559761274849,0.8569865218774801,0.8569865218774801,0.8219763035196525,0.9068079257639802
4,0.8355798230988254,0.8355798230988254,0.8165671275418207,0.8695037849163325,0.9132984378271241,0.9132984378271241,0.8725599104610126,0.9537506616082818,1.0739798264766538,1.0739798264766538,1.0141728596374160,1.1160142342728685,1.5380086402808733,1.5380086402808733,1.2086712715485208,1.3589163441214109,1.0994389810061991,1.0994389810061991,1.0066681527543990,1.1598985984981467,0.9742490437874837,0.9742490437874837,0.9156303970528636,0.9913957254911078,0.8516920799935654,0.8516920799935654,0.8180538837721415,0.9016273454855612
5,0.8362219189775213,0.8362219189775213,0.8172527359280466,0.8698142340752021,0.9212561065621234,0.9212561065621234,0.8804530942199159,0.9602587468316018,1.0889825364522845,1.0889825364522845,1.0290887109495688,1.1254980470443154,1.5690601526783787,1.5690601526783787,1.2312500513422491,1.3772985545209417,1.0860782132540918,1.0860782132540918,1.0118478431457816,1.1367541609449734,0.9642158508899779,0.9642158508899779,0.9111887135770675,0.9803575611578565,0.8461974460191086,0.8461974460191086,0.8143888559192307,0.8962913879754882
6,0.8371971883419469,0.8371971883419469,0.8184259016771728,0.8705685323474633,0.9291910634348752,0.9291910634348752,0.8883715999508420,0.9664283343110402,1.1023293171731261,1.1023293171731261,1.0430543469228311,1.1347785489081126,1.5927985223940113,1.5927985223940113,1.2531040177495416,1.3930698415882579,1.0759105225005370,1.0759105225005370,1.0205252269945944,1.1193611067383471,0.9557171178159505,0.9557171178159505,0.9080029151253948,0.9709927905170938,0.8414826060581984,0.8414826060581984,0.8112852390405020,0.8916873023228004
7,0.8385254683830450,0.8385254683830450,0.8198625837832400,0.8714176696498928,0.9367300467320206,0.9367300467320206,0.8960421043409090,0.9722629304658743,1.1146611588785225,1.1146611588785225,1.0557671430347286,1.1420413273857173,1.6115947446645529,1.6115947446645529,1.2718564571079012,1.4034789097689826,1.0705572767704601,1.0705572767704601,1.0274364673146488,1.1044683275374649,0.9477466786361520,0.9477466786361520,0.9051089346730934,0.9628933513070322,0.8369528566568223,0.8369528566568223,0.8087153354408343,0.8877849150070498
8,0.8401753544430315,0.8401753544430315,0.8216084486072438,0.8726942875970294,0.9442995490940612,0.9442995490940612,0.9037629104862105,0.9781822793403109,1.1260318932564202,1.1260318932564202,1.0678497616128482,1.1489625069058740,1.6243071834301877,1.6243071834301877,1.2863396145169592,1.4143006722828642,1.0667993280633770,1.0667993280633770,1.0364569822778364,1.0928341650107360,0.9405345357654102,0.9405345357654102,0.9031316897895485,0.9559577177794316,0.8334952514205585,0.8334952514205585,0.8065510637667543,0.8842592867305872
9,0.8416850610693236,0.8416850610693236,0.8230717949643622,0.8737443217978821,0.9513577119438513,0.9513577119438513,0.9104983839498919,0.9835104972380649,1.1358746242447058,1.1358746242447058,1.0782850836534277,1.1540273296250996,1.6296249340811055,1.6296249340811055,1.2947152358713248,1.4182488749848761,1.0623300134464297,1.0623300134464297,1.0390935755817532,1.0788057826868398,0.9323668002416220,0.9323668002416220,0.9004010562417731,0.9484836415554613,0.8303396768044550,0.8303396768044550,0.8040250831392312,0.8804470100098698
10,0.8437638566235023,0.8437638566235023,0.8250496694210765,0.8754727585248112,0.9585824714650144,0.9585824714650144,0.9176253214134946,0.9890507252184572,1.1452576689089518,1.1452576689089518,1.0883486779341172,1.1589668688660972,1.6332586479901086,1.6332586479901086,1.3036845674156128,1.4247771191302268,1.0608390004311647,1.0608390004311647,1.0466677040764447,1.0715621180868644,0.9244950849423157,0.9244950849423157,0.8975552969344898,0.9411125160025137,0.8278986498435688,0.8278986498435688,0.8021345925284620,0.8769945197231885
11,0.8457095755745030,0.8457095755745030,0.8267722413361162,0.8773234376733015,0.9664064499199655,0.9664064499199655,0.9249070137669264,0.9956564770470104,1.1575137530984456,1.1575137530984456,1.0996885741833047,1.1676790160033734,1.6491983090373876,1.6491983090373876,1.3151898093610213,1.4417761952340538,1.0603051656296960,1.0603051656296960,1.0471174208775738,1.0593620149338352,0.9157433340702784,0.9157433340702784,0.8932178850121275,0.9330408627867075,0.8252910542863932,0.8252910542863932,0.7997338251498878,0.8734815184090873
12,0.8480013038406670,0.8480013038406670,0.8290287112434693,0.8795003213980842,0.9748320346351340,0.9748320346351340,0.9328662399663759,1.0025955097517401,1.1721497725030907,1.1721497725030907,1.1125784358849724,1.1775276894307116,1.6740437197807203,1.6740437197807203,1.3347635166003935,1.4623341750770966,1.0609308696760686,1.0609308696760686,1.0504804797833145,1.0524186836678833,0.9072474779191488,0.9072474779191488,0.8887868778046011,0.9260412858492502,0.8228343449663831,0.8228343449663831,0.7974871159571935,0.8700658430970829
13,0.8504399592295161,0.8504399592295161,0.8311949517771503,0.8816650667078874,0.9830359206040448,0.9830359206040448,0.9410304372636862,1.0091764600780886,1.1857330497406422,1.1857330497406422,1.1266676145161074,1.1861469729371961,1.6950219001482696,1.6950219001482696,1.3534934811250652,1.4759437299231168,1.0598793392648036,1.0598793392648036,1.0478018131819948,1.0449516461507282,0.8990150873386579,0.8990150873386579,0.8834515906746326,0.9183333441736313,0.8204421075672150,0.8204421075672150,0.7950992140760572,0.8665866230069613
14,0.8531051441773394,0.8531051441773394,0.8338105002653270,0.8841748372677138,0.9919072901381581,0.9919072901381581,0.9503677433527189,1.0163951511007800,1.2021344763272488,1.2021344763272488,1.1430487477378064,1.1965971535904107,1.7322931051054220,1.7322931051054220,1.3830778538695991,1.4936315657303525,1.0605000774060462,1.0605000774060462,1.0448632270989413,1.0405602096823057,0.8916507703883231,0.8916507703883231,0.8776372949749646,0.9105217393655987,0.8178247024685299,0.8178247024685299,0.7927672812060677,0.8634492328264789
15,0.8558367405904924,0.8558367405904924,0.8364013460105758,0.8865965123612498,1.0020234890993815,1.0020234890993815,0.9610355650865890,1.0245255111355427,1.2233379616613971,1.2233379616613971,1.1643165979608203,1.2099451557480685,1.7874499416663578,1.7874499416663578,1.4277147464766187,1.5200337090894096,1.0551878003932915,1.0551878003932915,1.0319429849475845,1.0342560252928221,0.8822470179374523,0.8822470179374523,0.8689799090350805,0.9020740846506075,0.8151414056469424,0.8151414056469424,0.7898033819905969,0.8600400349821793
16,0.8587370799629170,0.8587370799629170,0.8394240300285971,0.8894234756438234,1.0115443404669728,1.0115443404669728,0.9708145513835749,1.0323345634331242,1.2409115883743047,1.2409115883743047,1.1814413700000115,1.2217302281985389,1.8236758824388737,1.8236758824388737,1.4589304175663342,1.5406178917472559,1.0564118960078219,1.0564118960078219,1.0250663382276171,1.0313080659110492,0.8744420775327735,0.8744420775327735,0.8618705819943001,0.8950431594119390,0.8126952803059294,0.8126952803059294,0.7872252018607304,0.8572180728809441
17,0.8616166181888291,0.8616166181888291,0.8423584461810695,0.8922838502201537,1.0197095775566611,1.0197095775566611,0.9788445251197234,1.0394542194918401,1.2546941638273446,1.2546941638273446,1.1943433293506696,1.2307643758544176,1.8382737504548106,1.8382737504548106,1.4749999236531983,1.5500247022617437,1.0584280534905781,1.0584280534905781,1.0157101718473704,1.0298880523661202,0.8661874286540734,0.8661874286540734,0.8550710446711450,0.8891413073629124,0.8106829690308820,0.8106829690308820,0.7846058029715567,0.8547074391958518
18,0.8649808231284879,0.8649808231284879,0.8457136671231207,0.8954838551954052,1.0283126632179749,1.0283126632179749,0.9876053286092216,1.0471673156326162,1.2682709389228126,1.2682709389228126,1.2071772852501841,1.2414213475118996,1.8534362588163491,1.8534362588163491,1.4893969275331194,1.5656135054402491,1.0608116879529501,1.0608116879529501,1.0107314983213573,1.0300372804914630,0.8585793303424004,0.8585793303424004,0.8477172310869889,0.8845544809266205,0.8087578465096458,0.8087578465096458,0.7828047152761038,0.8524358978630041
19,0.8681330593117316,0.8681330593117316,0.8490584675532670,0.8986179571600358,1.0368222560145250,1.0368222560145250,0.9960086303383021,1.0552195081742239,1.2832308557307777,1.2832308557307777,1.2202484283889972,1.2526746978318219,1.8696823330052239,1.8696823330052239,1.5033575450589332,1.5798332115452671,1.0594212345165666,1.0594212345165666,0.9970520668924188,1.0256796315231183,0.8490824564398385,0.8490824564398385,0.8385440034518749,0.8794858524745561,0.8064675121765532,0.8064675121765532,0.7800204413497014,0.8498939427517948
20,0.8717797032334307,0.8717797032334307,0.8528571732225729,0.9020474272225008,1.0449154861773149,1.0449154861773149,1.0046876507019424,1.0624911375757589,1.2950323948248559,1.2950323948248559,1.2319798485509681,1.2608981661388183,1.8711822747548090,1.8711822747548090,1.5145153635335826,1.5824581720996980,1.0550835163855627,1.0550835163855627,0.9861606926380475,1.0223271606820827,0.8398770602519199,0.8398770602519199,0.8299323475277459,0.8746119040976265,0.8044490054016050,0.8044490054016050,0.7778285539263441,0.8473817511947228
21,0.8754685582621995,0.8754685582621995,0.8568837203198272,0.9057956839409930,1.0518639610560228,1.0518639610560228,1.0123737246829154,1.0689273839651070,1.3030185374294052,1.3030185374294052,1.2406723759460676,1.2660342392572113,1.8537130190732742,1.8537130190732742,1.5181450491741819,1.5721342630670847,1.0593951635146344,1.0593951635146344,0.9813886457503910,1.0216110533887708,0.8331812493328320,0.8331812493328320,0.8242265938888196,0.8715704064187618,0.8031849298124849,0.8031849298124849,0.7764978353728859,0.8456914600968071
22,0.8795175775326609,0.8795175775326609,0.8613844620058918,0.9096162807083529,1.0585972539444022,1.0585972539444022,1.0197931480328231,1.0751497387785462,1.3092807051061992,1.3092807051061992,1.2483472344442690,1.2701951526708033,1.8307122648638217,1.8307122648638217,1.5159368967643436,1.5598479503686455,1.0680172162964949,1.0680172162964949,0.9793672575507214,1.0259884117321609,0.8271380456605560,0.8271380456605560,0.8181432562287555,0.8689980645659765,0.8022113328176685,0.8022113328176685,0.7755079295827648,0.8446886825014878
23,0.8837273744453148,0.8837273744453148,0.8657805081958746,0.9137388052220463,1.0647564916100065,1.0647564916100065,1.0270283882551452,1.0809882689647645,1.3137936453499370,1.3137936453499370,1.2547591717069468,1.2732497616860110,1.7998806780276226,1.7998806780276226,1.5090792631353165,1.5423622505613233,1.0753456507920061,1.0753456507920061,0.9718155681479781,1.0278561096531187,0.8208430355262271,0.8208430355262271,0.8119538676372127,0.8664592083985757,0.8012061129587756,0.8012061129587756,0.7746026738490341,0.8435985000887840
24,0.8882099200498040,0.8882099200498040,0.8703815932818723,0.9181163590605614,1.0706724800691521,1.0706724800691521,1.0337745551191742,1.0863332492571118,1.3173667992437057,1.3173667992437057,1.2606375293300589,1.2752570447823510,1.7649013939481311,1.7649013939481311,1.5018404937849985,1.5236412751989747,1.0812054188453368,1.0812054188453368,0.9645434324324231,1.0292460898646454,0.8140710618588454,0.8140710618588454,0.8050685642922911,0.8637614733409460,0.8001901800479712,0.8001901800479712,0.7738502471135299,0.8428722857664829
25,0.8927003295023652,0.8927003295023652,0.8748834996133851,0.9224915219991564,1.0759369219800701,1.0759369219800701,1.0402004332559946,1.0912244475815371,1.3185885971049689,1.3185885971049689,1.2649690375617944,1.2762972273450039,1.7241558593370798,1.7241558593370798,1.4903773921527548,1.5003759830978329,1.0791333949298689,1.0791333949298689,0.9526235997970914,1.0277059429861068,0.8065376121255200,0.8065376121255200,0.7971830725483050,0.8599202377505036,0.7990291691811579,0.7990291691811579,0.7729372884705052,0.8417704603105629
26,0.8975103663281710,0.8975103663281710,0.8797842050652184,0.9270601639159094,1.0811698124687179,1.0811698124687179,1.0465429884173074,1.0961642226413149,1.3197532366009403,1.3197532366009403,1.2687469867033585,1.2776112385625551,1.6860654934409038,1.6860654934409038,1.4786333550994122,1.4802746808842240,1.0740669302210462,1.0740669302210462,0.9384692075885820,1.0237011856852396,0.7976126402116376,0.7976126402116376,0.7878525478940175,0.8554303060634095,0.7977974263571447,0.7977974263571447,0.7720384245125717,0.8407017601325258
27,0.9024459710506086,0.9024459710506086,0.8845674039210396,0.9316039159514418,1.0860440878142632,1.0860440878142632,1.0524515626189173,1.1009044738919780,1.3197402323167735,1.3197402323167735,1.2712953747929787,1.2783396777334779,1.6423509637522142,1.6423509637522142,1.4646671188651763,1.4568240974498281,1.0588178770432786,1.0588178770432786,0.9172081679676358,1.0140285752463505,0.7872752505719404,0.7872752505719404,0.7769583058138309,0.8487988935498344,0.7962134435491922,0.7962134435491922,0.7706123209972177,0.8394457053506209
28,0.9075138913586688,0.9075138913586688,0.8896101961175552,0.9363461739854773,1.0909890796399886,1.0909890796399886,1.0583954678152752,1.1061025266643687,1.3197474905218900,1.3197474905218900,1.2740574880147648,1.2788137035253684,1.5979482400317959,1.5979482400317959,1.4503291114236860,1.4359825657180179,1.0450027289717816,1.0450027289717816,0.8980152646545847,1.0061992606450296,0.7771086593021744,0.7771086593021744,0.7657863028208280,0.8429853867133117,0.7950221650839057,0.7950221650839057,0.7696388043758072,0.8384189857227723
29,0.9124549246730013,0.9124549246730013,0.8945612265121772,0.9409968421610312,1.0955054495881265,1.0955054495881265,1.0642052349976741,1.1108572312042477,1.3196517729419173,1.3196517729419173,1.2762629260852756,1.2792538441659840,1.5527263553723536,1.5527263553723536,1.4336986709460278,1.4108194411732446,1.0331888406676510,1.0331888406676510,0.8773984139649855,0.9963943158308366,0.7674985254876369,0.7674985254876369,0.7558986549006678,0.8371638646861385,0.7939074913934332,0.7939074913934332,0.7689276783454538,0.8374246534334479
30,0.9175467916668029,0.9175467916668029,0.8995736153327816,0.9457650322634320,1.0999110346854717,1.0999110346854717,1.0699265463723984,1.1155105061523520,1.3191642634982645,1.3191642634982645,1.2780715246093555,1.2793915827268423,1.5132200642331590,1.5132200642331590,1.4197755114763604,1.3893424911824475,1.0271093313123203,1.0271093313123203,0.8597192143962753,0.9906241616509133,0.7597268968217743,0.7597268968217743,0.7465743580695376,0.8327088436072112,0.7934954906500349,0.7934954906500349,0.7686869214570948,0.8372093391272084
31,0.9229769563312069,0.9229769563312069,0.9049568517829492,0.9507522655815991,1.1042148680590540,1.1042148680590540,1.0755916532348964,1.1206356082992928,1.3185421748347452,1.3185421748347452,1.2796682309783898,1.2795509345193248,1.4758290122004631,1.4758290122004631,1.4057006468792994,1.3670373450808941,1.0246015492217000,1.0246015492217000,0.8466811670121902,0.9881792606036295,0.7527253749905488,0.7527253749905488,0.7385547012209626,0.8293383668809782,0.7936290165801870,0.7936290165801870,0.7693240503907199,0.8376117620575295
32,0.9282837854171415,0.9282837854171415,0.9100641285590186,0.9556045050119640,1.1082568052710939,1.1082568052710939,1.0808686324383814,1.1253785107450192,1.3183387938788791,1.3183387938788791,1.2809238203054343,1.2794516601842381,1.4406841661815613,1.4406841661815613,1.3892031825009614,1.3441080104981267,1.0203656321458598,1.0203656321458598,0.8297966852833131,0.9804353532941715,0.7464146174887794,0.7464146174887794,0.7296624373791455,0.8255856546183875,0.7936512171214980,0.7936512171214980,0.7696567505155454,0.8379864712652654
33,0.9337814777059564,0.9337814777059564,0.9154431968044243,0.9606596031047893,1.1124337877322366,1.1124337877322366,1.0861752965212310,1.1301495500673844,1.3185485257642220,1.3185485257642220,1.2810345321234686,1.2790025445576092,1.4073790345490942,1.4073790345490942,1.3737330053124421,1.3191769680273282,1.0155896728871388,1.0155896728871388,0.8142987524444034,0.9778008668297856,0.7402996421610536,0.7402996421610536,0.7218452737520853,0.8225658870119532,0.7941196227285758,0.7941196227285758,0.7705970790703168,0.8388269841949153
34,0.9392754156414984,0.9392754156414984,0.9206053958079464,0.9656472655588396,1.1161318854161020,1.1161318854161020,1.0907310272580777,1.1345199168455138,1.3188072505341009,1.3188072505341009,1.2805726218892859,1.2784940841255041,1.3723515645320130,1.3723515645320130,1.3551285252758614,1.2958134153706726,1.0077174717798991,1.0077174717798991,0.7953302400508345,0.9697190845195515,0.7338445842634114,0.7338445842634114,0.7123864559407572,0.8188210118246654,0.7943276237304513,0.7943276237304513,0.7712033963667659,0.8395016247553641
35,0.9449150123371333,0.9449150123371333,0.9260788616317864,0.9707122337769765,1.1200741356191291,1.1200741356191291,1.0954708555753070,1.1386005336599569,1.3191821065858425,1.3191821065858425,1.2798944203549698,1.2778868988472518,1.3391106808163322,1.3391106808163322,1.3391498549751528,1.2724152375658839,0.9968086196857004,0.9968086196857004,0.7758157097531921,0.9662549272199260,0.7271829935851076,0.7271829935851076,0.7038949080346623,0.8156715762450399,0.7949243278146400,0.7949243278146400,0.7720035155832180,0.8407503821369432
36,0.9505071722718182,0.9505071722718182,0.9313780597182960,0.9755444877362135,1.1237053236406345,1.1237053236406345,1.0996775537248114,1.1421777655020688,1.3187074502137504,1.3187074502137504,1.2779870243641340,1.2766001789137005,1.3042463016649390,1.3042463016649390,1.3210388848283028,1.2491733408351022,0.9810232487538992,0.9810232487538992,0.7537066594490358,0.9568432313649697,0.7202400701307999,0.7202400701307999,0.6937666882028252,0.8115261196405720,0.7950921226036181,0.7950921226036181,0.7724833904430648,0.8418589310403544
37,0.9562537173012309,0.9562537173012309,0.9369678061955710,0.9804273797296580,1.1275984078236823,1.1275984078236823,1.1038396817816671,1.1455135675485826,1.3177490647131702,1.3177490647131702,1.2763595239794876,1.2741848086982215,1.2711067319718827,1.2711067319718827,1.3060079033481016,1.2258013658451172,0.9643241512781888,0.9643241512781888,0.7358470121825752,0.9480425261364173,0.7131128721940398,0.7131128721940398,0.6837601778292625,0.8077999465648020,0.7957430373119381,0.7957430373119381,0.7735418029583961,0.8433194770179033
38,0.9619572902060183,0.9619572902060183,0.9426852345922476,0.9852501926994665,1.1313354124761139,1.1313354124761139,1.1078698105046334,1.1484869255732240,1.3159379913240179,1.3159379913240179,1.2741713158939025,1.2720192727872783,1.2379943440897743,1.2379943440897743,1.2894308406004522,1.2041756212988282,0.9449198769829429,0.9449198769829429,0.7161810180142822,0.9357016417330646,0.7056699698234973,0.7056699698234973,0.6739378330833518,0.8032604988110222,0.7961538118626478,0.7961538118626478,0.7746063614119940,0.8445018198571923
39,0.9680530408243265,0.9680530408243265,0.9487499725210079,0.9903493691780002,1.1351248737876571,1.1351248737876571,1.1120247525964557,1.1516071255954008,1.3141291861239646,1.3141291861239646,1.2722600706511153,1.2696907218242552,1.2099946077396122,1.2099946077396122,1.2766379779750066,1.1848304574552657,0.9198941980806032,0.9198941980806032,0.6987486484570025,0.9230069271205658,0.6977345079694560,0.6977345079694560,0.6642759882370952,0.7983742604750950,0.7967196675202475,0.7967196675202475,0.7758208807592940,0.8460263205791688
40,0.9741180970679025,0.9741180970679025,0.9547751738016578,0.9952408438891068,1.1388197453547260,1.1388197453547260,1.1160027830729291,1.1544301352032298,1.3127451371358281,1.3127451371358281,1.2704707183867929,1.2676698846674053,1.1843337426678395,1.1843337426678395,1.2628019084858797,1.1663134897224594,0.8884935384677013,0.8884935384677013,0.6790966787211772,0.9074280739597741,0.6883107684752955,0.6883107684752955,0.6533443792179647,0.7925555882934864,0.7972269240746195,0.7972269240746195,0.7767576036969490,0.8474905562535118
41,0.9801734630212738,0.9801734630212738,0.9608869879253775,1.0001846731779533,1.1427849655093443,1.1427849655093443,1.1206071046209549,1.1577626018753091,1.3132315880912346,1.3132315880912346,1.2701268518791236,1.2668738583569124,1.1715026923635226,1.1715026923635226,1.2545742464532932,1.1580979714667206,0.8472914236045775,0.8472914236045775,0.6537386348953503,0.8873348353719441,0.6773115351521146,0.6773115351521146,0.6416214807822463,0.7856399036848382,0.7973826505460825,0.7973826505460825,0.7772685360315024,0.8489734863916103
42,0.9861336510457234,0.9861336510457234,0.9668348935265433,1.0050159462551720,1.1467173437949738,1.1467173437949738,1.1258358352020719,1.1609590878973701,1.3141734914176961,1.3141734914176961,1.2700383190842386,1.2666590081815308,1.1660762144688128,1.1660762144688128,1.2504295125406790,1.1535910873205035,0.7982853888297510,0.7982853888297510,0.6237609430146820,0.8627938478155623,0.6649398581896987,0.6649398581896987,0.6289394975803017,0.7783679883806097,0.7973947188635975,0.7973947188635975,0.7777205493045412,0.8499472383721510
43,0.9920577161035459,0.9920577161035459,0.9729552892483025,1.0097217277391428,1.1505184191269846,1.1505184191269846,1.1309150292727295,1.1636499653641439,1.3135687922039347,1.3135687922039347,1.2696838213092745,1.2654255886751202,1.1538728168900223,1.1538728168900223,1.2440298036480433,1.1493593327297242,0.7459546805704286,0.7459546805704286,0.5926697111960829,0.8389389342190900,0.6509625554163330,0.6509625554163330,0.6160534197166017,0.7699837427294317,0.7977503147433163,0.7977503147433163,0.7784006998060315,0.8510913723513077
44,0.9976818895100591,0.9976818895100591,0.9789893173155072,1.0144002284419729,1.1538618375302392,1.1538618375302392,1.1354441548295116,1.1657887100783910,1.3120504664211445,1.3120504664211445,1.2684496778145313,1.2632270834278012,1.1380233500336161,1.1380233500336161,1.2353123775313408,1.1435694464729460,0.6977258099484378,0.6977258099484378,0.5639813321402731,0.8140122060368221,0.6396863804099923,0.6396863804099923,0.6053899629688445,0.7635746181698987,0.7990699562221710,0.7990699562221710,0.7798356534724893,0.8529533573400327
45,1.0034396468647870,1.0034396468647870,0.9851447749949707,1.0190848596574189,1.1573167505299820,1.1573167505299820,1.1397868730314362,1.1679630321199388,1.3093832272534685,1.3093832272534685,1.2662015313771298,1.2605525375958133,1.1214177346181109,1.1214177346181109,1.2267728771813342,1.1405083962149982,0.6495317006623565,0.6495317006623565,0.5410167914555907,0.7899930476483058,0.6295730879223326,0.6295730879223326,0.5973866763982829,0.7575249303822063,0.8010195380607236,0.8010195380607236,0.7825456025187891,0.8552549082068042
46,1.0090689951906766,1.0090689951906766,0.9910039223535565,1.0236972121291232,1.1604835067774586,1.1604835067774586,1.1438142642439135,1.1697981722382336,1.3066957255965090,1.3066957255965090,1.2639783134285569,1.2578840361421608,1.1072152383977811,1.1072152383977811,1.2156085035468593,1.1385169822899257,0.6010483274024563,0.6010483274024563,0.5165039534264804,0.7661465809268531,0.6194266351128511,0.6194266351128511,0.5892367690768177,0.7516620855943457,0.8033669871585259,0.8033669871585259,0.7851818822517347,0.8574266637396925
47,1.0147342128106747,1.0147342128106747,0.9971118747581585,1.0285355966009762,1.1640372034735111,1.1640372034735111,1.1480573199545994,1.1723322871065900,1.3048172113848169,1.3048172113848169,1.2629540458140278,1.2569918492672387,1.0946757747927245,1.0946757747927245,1.2070006422443853,1.1411241623628825,0.5601677548964963,0.5601677548964963,0.4977944255524807,0.7466793496321280,0.6125250484980748,0.6125250484980748,0.5840957900293575,0.7477877205492143,0.8070607312920477,0.8070607312920477,0.7892944983021324,0.8602923282496199
48,1.0202605193595706,1.0202605193595706,1.0029629921928647,1.0331270440246603,1.1673030660289772,1.1673030660289772,1.1521439953786032,1.1743537805811048,1.3026848112066567,1.3026848112066567,1.2617695759992307,1.2549765069997847,1.0879136815509791,1.0879136815509791,1.2007620029931798,1.1448206308798172,0.5218384161510436,0.5218384161510436,0.4831603977535779,0.7298569287601459,0.6072675476108815,0.6072675476108815,0.5815126669215083,0.7451606972846574,0.8113634414366451,0.8113634414366451,0.7938103698486546,0.8639026555658179
49,1.0258203106809016,1.0258203106809016,1.0089717658429818,1.0379638958683592,1.1701807622114841,1.1701807622114841,1.1558218407205214,1.1762170575760384,1.2994509784020805,1.2994509784020805,1.2596323246775754,1.2521982909211933,1.0860764382382666,1.0860764382382666,1.1930962118027912,1.1473398443602192,0.4934644757148410,0.4934644757148410,0.4745578108779259,0.7194804120696396,0.6051330222377245,0.6051330222377245,0.5808649733131476,0.7451019192198867,0.8167922482246568,0.8167922482246568,0.7990429397428920,0.8685797972150250
50,1.0310783839087905,1.0310783839087905,1.0145428779930852,1.0424995556272387,1.1724054278320373,1.1724054278320373,1.1587425077706337,1.1767697034630933,1.2941892333304990,1.2941892333304990,1.2559660038426055,1.2480470851455341,1.0753878088513964,1.0753878088513964,1.1825733073798257,1.1434899022137208,0.4722277824266466,0.4722277824266466,0.4692855592322568,0.7117167953851364,0.6044415008232952,0.6044415008232952,0.5823628537513839,0.7464171229479691,0.8227488986969189,0.8227488986969189,0.8047718556115302,0.8735914713735454
51,1.0364376217370364,1.0364376217370364,1.0202853156183342,1.0469514725837847,1.1741532733900628,1.1741532733900628,1.1612828319571862,1.1775036568835056,1.2876285719682925,1.2876285719682925,1.2511630538956642,1.2435608742797020,1.0691854138078074,1.0691854138078074,1.1740057134877091,1.1403436928076616,0.4546261316935694,0.4546261316935694,0.4687694601174475,0.7082423141271540,0.6055625922514611,0.6055625922514611,0.5846203506770078,0.7485897739603133,0.8288967706921587,0.8288967706921587,0.8112745860808400,0.8792653231166775
52,1.0416008214430257,1.0416008214430257,1.0259287583804848,1.0513525062856188,1.1756367709377804,1.1756367709377804,1.1632427183728762,1.1775196495763065,1.2808108491748795,1.2808108491748795,1.2463206949406480,1.2386671257836706,1.0603723293763492,1.0603723293763492,1.1615677659442520,1.1326643964405816,0.4380946335159945,0.4380946335159945,0.4696548692872380,0.7023914453637119,0.6073762650130187,0.6073762650130187,0.5885789330136009,0.7506760390289794,0.8356412822351299,0.8356412822351299,0.8177442104293545,0.8849434385094379
53,1.0466741196084770,1.0466741196084770,1.0315601256082512,1.0557741385098425,1.1777272946219335,1.1777272946219335,1.1658944250174483,1.1782964497298376,1.2772588650460337,1.2772588650460337,1.2438327950959802,1.2363858308694526,1.0752518997966565,1.0752518997966565,1.1584840314719884,1.1404803217705659,0.4257444274578303,0.4257444274578303,0.4772411522900682,0.6997954391077477,0.6117086080630841,0.6117086080630841,0.5942982099256688,0.7537196740920175,0.8427859843498137,0.8427859843498137,0.8252828183070186,0.8906003176473181
54,1.0516315401675012,1.0516315401675012,1.0369353934316679,1.0599700452595482,1.1800015133964812,1.1800015133964812,1.1684776083525934,1.1793627432797911,1.2742544217656575,1.2742544217656575,1.2410956103630231,1.2348166736209496,1.0912755773505021,1.0912755773505021,1.1534749529137929,1.1454466909906600,0.4142955331807504,0.4142955331807504,0.4901361504629833,0.6931383630507867,0.6172683372715386,0.6172683372715386,0.6019160832116950,0.7558396029614158,0.8498921581994898,0.8498921581994898,0.8329850720342582,0.8961591328437425
55,1.0565897217440807,1.0565897217440807,1.0423579213414307,1.0644562317816173,1.1821597855333617,1.1821597855333617,1.1709747312017420,1.1802001788300913,1.2712011368133522,1.2712011368133522,1.2386350218774398,1.2337578084343503,1.1059834081470923,1.1059834081470923,1.1487889500898611,1.1509380523216404,0.4063910536901662,0.4063910536901662,0.5010808175607315,0.6884653640817173,0.6241220761160151,0.6241220761160151,0.6101448169805513,0.7582345419278023,0.8574547984116434,0.8574547984116434,0.8411631852750104,0.9019321964339994
56,1.0612737340627214,1.0612737340627214,1.0475116000440421,1.0685989256818169,1.1840576455224259,1.1840576455224259,1.1729265761803707,1.1809284022482700,1.2675983452486914,1.2675983452486914,1.2356624828823040,1.2316823887095005,1.1184240288032472,1.1184240288032472,1.1425156621367201,1.1532167613947379,0.3960296926365435,0.3960296926365435,0.5113728810676522,0.6816553057327382,0.6311299574610147,0.6311299574610147,0.6180196324562678,0.7602682629688702,0.8647556142165340,0.8647556142165340,0.8492747584907976,0.9073006232758587
57,1.0659829614296958,1.0659829614296958,1.0525540244577847,1.0728349259840309,1.1859752493462850,1.1859752493462850,1.1750324916712063,1.1814884885859862,1.2637498331983188,1.2637498331983188,1.2333782267956430,1.2300126749850517,1.1280117948467234,1.1280117948467234,1.1352047860283201,1.1548694103569928,0.3850277298211583,0.3850277298211583,0.5177427782944555,0.6732722515468119,0.6369168121613992,0.6369168121613992,0.6252958651576641,0.7611739795123831,0.8719037367634547,0.8719037367634547,0.8574725387340025,0.9128319707294842
58,1.0704161930965990,1.0704161930965990,1.0571934202493156,1.0769464768801418,1.1876753483757216,1.1876753483757216,1.1770141070764024,1.1820141093878802,1.2600779374724456,1.2600779374724456,1.2299677895665933,1.2279277307852492,1.1350691813983129,1.1350691813983129,1.1299644039734196,1.1553597773197457,0.3770462788010600,0.3770462788010600,0.5248681249501824,0.6646967963187769,0.6433805008277347,0.6433805008277347,0.6326187175638381,0.7623801766476180,0.8793889332268492,0.8793889332268492,0.8658179853872902,0.9179896748877808
59,1.0745902221841517,1.0745902221841517,1.0618367390570933,1.0809984391936260,1.1890074120010101,1.1890074120010101,1.1783327316600536,1.1824069993917690,1.2567740932310172,1.2567740932310172,1.2269384282807445,1.2251804692502548,1.1461470048964841,1.1461470048964841,1.1229325903833112,1.1552100469494395,0.3776918464679524,0.3776918464679524,0.5314605431721390,0.6584864660961756,0.6499220178293048,0.6499220178293048,0.6401291164159495,0.7643203871310961,0.8867826815302507,0.8867826815302507,0.8740921391566866,0.9237526533068010
60,1.0787611564669792,1.0787611564669792,1.0663602832750914,1.0851831271052448,1.1905513024551588,1.1905513024551588,1.1802935590949741,1.1826846906940387,1.2536126912649985,1.2536126912649985,1.2242212229983931,1.2233182512339680,1.1572223573209326,1.1572223573209326,1.1188019032417520,1.1565248667636909,0.3747706527752644,0.3747706527752644,0.5374854393602383,0.6543869160867570,0.6574871137145057,0.6574871137145057,0.6489349024847821,0.7666889650260095,0.8943790097731146,0.8943790097731146,0.8827868389951974,0.9294939035113683
61,1.0826777586828107,1.0826777586828107,1.0705723154842561,1.0890691364422163,1.1918163918957512,1.1918163918957512,1.1816446060684789,1.1830961390633703,1.2502364161850126,1.2502364161850126,1.2220225669432254,1.2214118909395335,1.1629379508411801,1.1629379508411801,1.1148107473593385,1.1581878096889042,0.3720133339518644,0.3720133339518644,0.5425865929298022,0.6512043212877785,0.6644713740083447,0.6644713740083447,0.6565719930536936,0.7696962645580985,0.9018573008355781,0.9018573008355781,0.8915242326181992,0.9352300701336861
62,1.0863790436649834,1.0863790436649834,1.0746889693609250,1.0929183013983663,1.1929286279225237,1.1929286279225237,1.1828754592220776,1.1834104339619971,1.2464808998876942,1.2464808998876942,1.2191488254148453,1.2189084193307396,1.1703524075456777,1.1703524075456777,1.1105995253970642,1.1575149588373406,0.3641969992773367,0.3641969992773367,0.5490873848596367,0.6536022952516211,0.6725584042740004,0.6725584042740004,0.6643117537357986,0.7731581144577478,0.9092897710133592,0.9092897710133592,0.9002946504161531,0.9413281550148542
63,1.0900535408292082,1.0900535408292082,1.0785361610591542,1.0966298363462894,1.1935230722034529,1.1935230722034529,1.1838188737743356,1.1833721199172120,1.2415813090089005,1.2415813090089005,1.2158069415300752,1.2153312463339772,1.1730607043455874,1.1730607043455874,1.1046099822192332,1.1566614957265953,0.3623298189484787,0.3623298189484787,0.5544353684406311,0.6633753296490742,0.6810083810757602,0.6810083810757602,0.6736335594376659,0.7780502306001521,0.9171696079131385,0.9171696079131385,0.9091191524708518,0.9477809427478092
64,1.0938076404297219,1.0938076404297219,1.0826752496849834,1.1002641881403781,1.1945613011109129,1.1945613011109129,1.1848322659384676,1.1834974102645559,1.2377179781230818,1.2377179781230818,1.2131581062942913,1.2125816036802446,1.1809842022369292,1.1809842022369292,1.1011001623583028,1.1577011859854089,0.3698084720741704,0.3698084720741704,0.5634848672309186,0.6821180067754680,0.6925530184135621,0.6925530184135621,0.6840041305592247,0.7857423200098175,0.9255506349403038,0.9255506349403038,0.9187631129610814,0.9549402664201645
65,1.0973633681208090,1.0973633681208090,1.0864705840122024,1.1036855659261899,1.1946889908137197,1.1946889908137197,1.1853081650275328,1.1834252293408984,1.2322787094513614,1.2322787094513614,1.2091554341578430,1.2086130113955107,1.1816205037204845,1.1816205037204845,1.0941591845543497,1.1581129445037510,0.3788588341734886,0.3788588341734886,0.5718331443978240,0.7004683734842937,0.7040061998866135,0.7040061998866135,0.6946538860960356,0.7937163660150348,0.9342512465040148,0.9342512465040148,0.9282013893839927,0.9622230719452223
66,1.1008459366575758,1.1008459366575758,1.0903685910302510,1.1071229443499295,1.1949784380127046,1.1949784380127046,1.1855754144890176,1.1832846304801250,1.2265333864638990,1.2265333864638990,1.2054321077344481,1.2051887794869356,1.1800489008329458,1.1800489008329458,1.0855897177594258,1.1575056006891966,0.3893989678117892,0.3893989678117892,0.5825683799707222,0.7199018172789412,0.7158436776920103,0.7158436776920103,0.7057936823464249,0.8025247043093011,0.9431057775183845,0.9431057775183845,0.9377951990179676,0.9698452475820565
67,1.1041989800064231,1.1041989800064231,1.0940157088999023,1.1101332099597188,1.1946458898933181,1.1946458898933181,1.1856560855012392,1.1828632615099115,1.2200121915920128,1.2200121915920128,1.2005252279848158,1.2005300290940708,1.1742801792276636,1.1742801792276636,1.0768385793921915,1.1535910873205035,0.4012600322146542,0.4012600322146542,0.5897900277293936,0.7351202704389048,0.7272974648330403,0.7272974648330403,0.7164368541844696,0.8111299911070866,0.9521109366240906,0.9521109366240906,0.9471521851640742,0.9774342159477457
68,1.1074761245377507,1.1074761245377507,1.0977861565928069,1.1132125051415631,1.1942486903933289,1.1942486903933289,1.1858167431480600,1.1825483679543349,1.2138248741554820,1.2138248741554820,1.1958311568787892,1.1957749349737969,1.1697593498522667,1.1697593498522667,1.0669693180489830,1.1513498108399824,0.4160038045454502,0.4160038045454502,0.6007655485785707,0.7530145058966827,0.7392204932403973,0.7392204932403973,0.7277538764881356,0.8205458808526651,0.9611232592765570,0.9611232592765570,0.9566992856672240,0.9850859091589311
69,1.1105687476791590,1.1105687476791590,1.1011787687834589,1.1161626304225902,1.1936715380984293,1.1936715380984293,1.1857358154942301,1.1822145739436303,1.2076423955223619,1.2076423955223619,1.1914805856850081,1.1922637006497860,1.1653806072159163,1.1653806072159163,1.0570794547748938,1.1488596076188273,0.4295743817892976,0.4295743817892976,0.6080414241427837,0.7714596653140596,0.7506023573089827,0.7506023573089827,0.7385849506477267,0.8298595323886121,0.9700148987538738,0.9700148987538738,0.9658096148242359,0.9925062173845082
70,1.1134225127771966,1.1134225127771966,1.1047010244016358,1.1188449136074283,1.1925991123529258,1.1925991123529258,1.1856667789015867,1.1815729847383245,1.2005730549515798,1.2005730549515798,1.1868350884726555,1.1869591175899172,1.1530215319926054,1.1530215319926054,1.0474611624078669,1.1438249239172809,0.4466583369125784,0.4466583369125784,0.6179987711948099,0.7896101226474261,0.7618553655151467,0.7618553655151467,0.7503185253517147,0.8387636967399895,0.9788072811598644,0.9788072811598644,0.9749392012544827,0.9999386606128740
71,1.1159827787713896,1.1159827787713896,1.1079145263817778,1.1213190045838304,1.1910993551765536,1.1910993551765536,1.1850344139786368,1.1803183708164593,1.1924794001837438,1.1924794001837438,1.1814190076791502,1.1807553874618917,1.1343871650508905,1.1343871650508905,1.0369466860475345,1.1328197416997743,0.4602673999211828,0.4602673999211828,0.6238123659337300,0.8053841924753330,0.7730205518644310,0.7730205518644310,0.7612681060890992,0.8476687516681060,0.9874899515884462,0.9874899515884462,0.9837537878621117,1.0070630551555804
72,1.1186481159227242,1.1186481159227242,1.1112626981540110,1.1236907159995466,1.1894786831426476,1.1894786831426476,1.1844044443773649,1.1793689008941315,1.1840074114742145,1.1840074114742145,1.1756224008355802,1.1746776734640130,1.1170575250346795,1.1170575250346795,1.0239253292795949,1.1202788873718148,0.4767157191878312,0.4767157191878312,0.6300728725872857,0.8203088820929550,0.7842123876047684,0.7842123876047684,0.7721545189058880,0.8567572654044462,0.9960112163373227,0.9960112163373227,0.9923586750560882,1.0138847305746630
73,1.1210087923794023,1.1210087923794023,1.1141508349741991,1.1260036357992762,1.1875742418753183,1.1875742418753183,1.1832273148671120,1.1777679211656162,1.1742002154484781,1.1742002154484781,1.1689439486996873,1.1672079208191608,1.0908394328384727,1.0908394328384727,1.0094899308921237,1.1030355636014257,0.4916457129610000,0.4916457129610000,0.6337930870398690,0.8359168300454803,0.7950870047413772,0.7950870047413772,0.7833384437317921,0.8652332404597360,1.0042690432675037,1.0042690432675037,1.0006058686429558,1.0207366615074556
74,1.1233705849951616,1.1233705849951616,1.1171930114791957,1.1285181268538171,1.1857846503659457,1.1857846503659457,1.1820994605456603,1.1763065995512392,1.1646381350580270,1.1646381350580270,1.1618437285285346,1.1595187389244304,1.0667254599170135,1.0667254599170135,0.9960340606728842,1.0837690082022740,0.5063187211436944,0.5063187211436944,0.6405154650026924,0.8515735821647843,0.8053548939805438,0.8053548939805438,0.7940287690880278,0.8735522958936228,1.0125003457137347,1.0125003457137347,1.0088333952273705,1.0275515314857850
75,1.1254705875718825,1.1254705875718825,1.1198101536927225,1.1307154864907369,1.1834298431938206,1.1834298431938206,1.1806155587662381,1.1742428580005553,1.1547849703998867,1.1547849703998867,1.1548589859159277,1.1515183631269095,1.0391902854266901,1.0391902854266901,0.9812952520306261,1.0633832182850833,0.5224008049070095,0.5224008049070095,0.6425471377861716,0.8649524936538551,0.8156467071048603,0.8156467071048603,0.8042324345489706,0.8823235861955488,1.0201484321953525,1.0201484321953525,1.0166792180725150,1.0337753940309939
76,1.1275960588694556,1.1275960588694556,1.1223929082169628,1.1330421999438525,1.1809656061399572,1.1809656061399572,1.1788831423627402,1.1718321519862718,1.1441438368487953,1.1441438368487953,1.1473523947173214,1.1416522892164842,1.0091086694652835,1.0091086694652835,0.9693461321198811,1.0407627025910724,0.5372265146724495,0.5372265146724495,0.6460055628326922,0.8786918051437538,0.8254779097315431,0.8254779097315431,0.8147510499238689,0.8907924366369271,1.0280692497455168,1.0280692497455168,1.0241548915423304,1.0402968921175775
77,1.1294354383007228,1.1294354383007228,1.1248237684559039,1.1352074356946649,1.1786056371809575,1.1786056371809575,1.1771021351480631,1.1693092405551180,1.1339064409573045,1.1339064409573045,1.1396885340818386,1.1315871171469458,0.9803898506618608,0.9803898506618608,0.9562835714901804,1.0149725821206419,0.5502483593994384,0.5502483593994384,0.6456904805832525,0.8900528520448553,0.8345823107840502,0.8345823107840502,0.8244515072737009,0.8989291019546768,1.0354627399030891,1.0354627399030891,1.0315210853651589,1.0464722966448934
78,1.1313177898566151,1.1313177898566151,1.1271864049904314,1.1374380227099630,1.1765357606443021,1.1765357606443021,1.1750674804771433,1.1666423948887565,1.1243298441566207,1.1243298441566207,1.1323593750684264,1.1214389722475284,0.9565934107137486,0.9565934107137486,0.9499756348351037,0.9915182554269885,0.5646519672288334,0.5646519672288334,0.6490208158132353,0.9014814739461120,0.8436717215540900,0.8436717215540900,0.8343852410852253,0.9068737589275087,1.0425962772106601,1.0425962772106601,1.0384754193782897,1.0524892901898579
79,1.1331408327776944,1.1331408327776944,1.1294202562572377,1.1394141321465747,1.1746821629776862,1.1746821629776862,1.1731221370859259,1.1637949258684084,1.1147112102513046,1.1147112102513046,1.1257980501704870,1.1109250508773210,0.9304111490865187,0.9304111490865187,0.9473601260646719,0.9670691575856130,0.5767067019317661,0.5767067019317661,0.6465478408881077,0.9105477864669415,0.8517087842115212,0.8517087842115212,0.8430686059445655,0.9144890806222765,1.0494075839869361,1.0494075839869361,1.0454014820753947,1.0582436593163589
80,1.1349867569599377,1.1349867569599377,1.1315573806547132,1.1412643208540556,1.1728144994418377,1.1728144994418377,1.1711325657908711,1.1610256243412156,1.1052522568585492,1.1052522568585492,1.1189377667043128,1.1004887906105760,0.9083790557763038,0.9083790557763038,0.9463150462981835,0.9445590680397029,0.5845975251832429,0.5845975251832429,0.6448181608837651,0.9190932083615742,0.8587902542159060,0.8587902542159060,0.8512400437403745,0.9214601591040874,1.0558603262064574,1.0558603262064574,1.0519472341125697,1.0637471290608749
81,1.1367491214146042,1.1367491214146042,1.1335250797880378,1.1428976733303120,1.1706228047349452,1.1706228047349452,1.1687405804539392,1.1579029441688182,1.0954202619653317,1.0954202619653317,1.1116797272031476,1.0895545102015785,0.8846308017657812,0.8846308017657812,0.9466559146091170,0.9174803305698246,0.5916838718036693,0.5916838718036693,0.6383837512676107,0.9249384458750033,0.8645917963647686,0.8645917963647686,0.8579296155003520,0.9277752387599872,1.0618000035904498,1.0618000035904498,1.0577619472794082,1.0686085095699906
82,1.1385391869082850,1.1385391869082850,1.1354153606476205,1.1442929166965665,1.1682203800789033,1.1682203800789033,1.1663861503390278,1.1542989438088098,1.0855194653361147,1.0855194653361147,1.1048135782101900,1.0789913179897872,0.8599101802454370,0.8599101802454370,0.9481935678139323,0.8892365036560012,0.6010955035011908,0.6010955035011908,0.6348589439074098,0.9314350313065956,0.8714378129425194,0.8714378129425194,0.8660369956865430,0.9349404629708894,1.0677938270621163,1.0677938270621163,1.0637662011823847,1.0737661317350253
83,1.1401050058956579,1.1401050058956579,1.1372000878513175,1.1452750861227610,1.1653852041157744,1.1653852041157744,1.1636463300755924,1.1506295187964342,1.0751334274523441,1.0751334274523441,1.0979575105913912,1.0680074004132463,0.8353131124112201,0.8353131124112201,0.9481636013690150,0.8606108642978968,0.6103395359005767,0.6103395359005767,0.6300738075494502,0.9373853854869330,0.8775305299720362,0.8775305299720362,0.8735368962081892,0.9416279818190184,1.0735085303559637,1.0735085303559637,1.0693748205526872,1.0785171493133725
84,1.1416147632564537,1.1416147632564537,1.1390174251275647,1.1462564585823156,1.1621978652431360,1.1621978652431360,1.1605468693716698,1.1465851634886624,1.0643292867113465,1.0643292867113465,1.0905568654703077,1.0570038843978595,0.8048645420020155,0.8048645420020155,0.9459741779872500,0.8323464494581562,0.6171763457882234,0.6171763457882234,0.6285217703563645,0.9430213282082146,0.8836040170432361,0.8836040170432361,0.8810061914274623,0.9482930581333259,1.0791095849485071,1.0791095849485071,1.0752484527810400,1.0829989010190271
85,1.1429582129141551,1.1429582129141551,1.1406784547252353,1.1468801156307318,1.1587260473913794,1.1587260473913794,1.1573135272953965,1.1421270507061816,1.0528862727074979,1.0528862727074979,1.0822488966749366,1.0450761279860745,0.7717521541199072,0.7717521541199072,0.9416618192733801,0.8020035899156025,0.6240975760630793,0.6240975760630793,0.6262638367290739,0.9477816115524844,0.8899426352720157,0.8899426352720157,0.8887991555131112,0.9551038328021256,1.0843549791248743,1.0843549791248743,1.0805563309055026,1.0872915762623099
86,1.1441076538297472,1.1441076538297472,1.1426280712055481,1.1473826337498578,1.1548530296548059,1.1548530296548059,1.1537195182122026,1.1372222543167545,1.0412776808994311,1.0412776808994311,1.0733058013075643,1.0336863212461527,0.7386088778162668,0.7386088778162668,0.9387213618658771,0.7686567648187804,0.6287816660768965,0.6287816660768965,0.6283170136423368,0.9512758021855122,0.8957809717505708,0.8957809717505708,0.8962677389811663,0.9619744542277829,1.0895916608795062,1.0895916608795062,1.0863349879011777,1.0912083123989258
87,1.1449878467342585,1.1449878467342585,1.1443982096925782,1.1475691239436339,1.1505918455452737,1.1505918455452737,1.1497824648458610,1.1321813917548877,1.0291930718058127,1.0291930718058127,1.0639687991571527,1.0215420661921673,0.7036197094418852,0.7036197094418852,0.9344464612081537,0.7348289309073496,0.6341796049531427,0.6341796049531427,0.6283142087558433,0.9574504678246982,0.9019191138784736,0.9019191138784736,0.9036916600602932,0.9681117747665882,1.0944730694367057,1.0944730694367057,1.0913663807494922,1.0949804944144828
88,1.1458473906957680,1.1458473906957680,1.1459436942023602,1.1476247276930600,1.1459652714473663,1.1459652714473663,1.1458684236770671,1.1266905102116405,1.0165281087280942,1.0165281087280942,1.0550585140802242,1.0101044539145008,0.6718429369068125,0.6718429369068125,0.9291555107774554,0.7037945042169441,0.6329741314828495,0.6329741314828495,0.6318549104728408,0.9617668209596149,0.9083193588240633,0.9083193588240633,0.9110680717456201,0.9742695785703892,1.0992670956307222,1.0992670956307222,1.0965089741075082,1.0985558926010319
89,1.1466428569791176,1.1466428569791176,1.1474583462563288,1.1475539202723464,1.1412865633020266,1.1412865633020266,1.1420420683911228,1.1210578324937202,1.0043901215843487,1.0043901215843487,1.0463095309898358,0.9988366337191691,0.6485332984820418,0.6485332984820418,0.9265652861949225,0.6721349532305101,0.6317103086272794,0.6317103086272794,0.6319474717271273,0.9699677980617896,0.9156343138341521,0.9156343138341521,0.9187190414632823,0.9805559816552948,1.1038833238848793,1.1038833238848793,1.1014807923275598,1.1021020191930160
90,1.1472166642158472,1.1472166642158472,1.1486917670831180,1.1471602187521528,1.1359712777903954,1.1359712777903954,1.1375829204462147,1.1149257893572739,0.9910572524233134,0.9910572524233134,1.0369512663048350,0.9874226494659052,0.6245490569310160,0.6245490569310160,0.9223802848719508,0.6452611592049885,0.6240218460098477,0.6240218460098477,0.6330469872325905,0.9723854814006774,0.9212608179372340,0.9212608179372340,0.9257648447078580,0.9862893365853119,1.1082461820076794,1.1082461820076794,1.1059638855366609,1.1050798504854780
91,1.1477322282423412,1.1477322282423412,1.1498954588024133,1.1464425809453345,1.1307961993147413,1.1307961993147413,1.1334656191236157,1.1088902155121616,0.9786718814551836,0.9786718814551836,1.0284889608359791,0.9761099543405066,0.6067437352232151,0.6067437352232151,0.9216592172911300,0.6207072501043986,0.6131961728265755,0.6131961728265755,0.6335556066500836,0.9752067376571590,0.9282323592035249,0.9282323592035249,0.9332720406794884,0.9922189746285939,1.1125231421058144,1.1125231421058144,1.1102992303898358,1.1082822613227952
92,1.1480559143758811,1.1480559143758811,1.1508001431271613,1.1457982027642766,1.1252693450635933,1.1252693450635933,1.1294205196401628,1.1027596262568793,0.9657627100178190,0.9657627100178190,1.0193004298322690,0.9649208942265168,0.5896327852314495,0.5896327852314495,0.9196992245032625,0.5996673256319327,0.6034828623924101,0.6034828623924101,0.6342727226302624,0.9745619595306777,0.9369832015735944,0.9369832015735944,0.9420504243264289,0.9978506256950228,1.1169698330866462,1.1169698330866462,1.1152537580368975,1.1116966247426061
93,1.1482696588399253,1.1482696588399253,1.1516331098111507,1.1449967608499989,1.1197994640350721,1.1197994640350721,1.1255397563332503,1.0962521396905089,0.9547482325410520,0.9547482325410520,1.0119751200708083,0.9547013157649522,0.5804786926262799,0.5804786926262799,0.9231050982583863,0.5796305946405185,0.6082029552184194,0.6082029552184194,0.6483354885466499,0.9800430428766036,0.9488330955725500,0.9488330955725500,0.9547336530930051,1.0064199331925547,1.1223504311410555,1.1223504311410555,1.1212077791377761,1.1154961105144379
94,1.1481932019428651,1.1481932019428651,1.1522265886127099,1.1439939315962886,1.1138750231499197,1.1138750231499197,1.1207873525772123,1.0896437366668927,0.9436050731360753,0.9436050731360753,1.0033260342334476,0.9435763626939152,0.5682814727317959,0.5682814727317959,0.9234085085131731,0.5615684329075172,0.6169578459625060,0.6169578459625060,0.6656603374550111,0.9832659949673415,0.9627640647455620,0.9627640647455620,0.9675346766861567,1.0152063632990429,1.1277262534976245,1.1277262534976245,1.1272392390608121,1.1189149835636638
95,1.1480009689083852,1.1480009689083852,1.1526012366642622,1.1427208693464692,1.1076976547079189,1.1076976547079189,1.1161181007022765,1.0830668058943496,0.9322272317656678,0.9322272317656678,0.9948254195427884,0.9323992081736167,0.5578844300441861,0.5578844300441861,0.9233953981935219,0.5451785722478736,0.6222080491611366,0.6222080491611366,0.6867960921459130,0.9855879470560094,0.9753596874430208,0.9753596874430208,0.9807732493405606,1.0236347815564728,1.1327172449593181,1.1327172449593181,1.1327686168003988,1.1222460418291949
96,1.1475047347277969,1.1475047347277969,1.1526410797980169,1.1410534925251945,1.1010645004849040,1.1010645004849040,1.1106571094656117,1.0765043284110223,0.9210821065968053,0.9210821065968053,0.9857888423423076,0.9220686329462540,0.5467806602719283,0.5467806602719283,0.9208510597297684,0.5293679809583521,0.6245941665760734,0.6245941665760734,0.7030195556244819,0.9778815814133044,0.9860689572215046,0.9860689572215046,0.9931420620065947,1.0293175517277176,1.1371645167682658,1.1371645167682658,1.1380319983318121,1.1247671706518341
97,1.1469130689457685,1.1469130689457685,1.1526931823575424,1.1395512717137926,1.0943866968054250,1.0943866968054250,1.1052385496415258,1.0697348866679190,0.9098222110595396,0.9098222110595396,0.9764852003754758,0.9103429053012598,0.5362267044029368,0.5362267044029368,0.9207555416865948,0.5160260691492543,0.6213874333384137,0.6213874333384137,0.7214420501139772,0.9681948928493830,0.9964604027282811,0.9964604027282811,1.0046555276464229,1.0350902701495963,1.1413687442790246,1.1413687442790246,1.1429190845496298,1.1268462737985645
98,1.1461107027699171,1.1461107027699171,1.1522264660184522,1.1377945733237040,1.0872908529114513,1.0872908529114513,1.0995972249014008,1.0625752061159901,0.8991909063278768,0.8991909063278768,0.9670288714145669,0.8988950358967209,0.5267328391609174,0.5267328391609174,0.9155544905906482,0.5045258408949229,0.6246860358209774,0.6246860358209774,0.7380105146312502,0.9579272469924602,1.0057693681405198,1.0057693681405198,1.0154440746707396,1.0391103335492200,1.1449964030802717,1.1449964030802717,1.1474269254034839,1.1287497473779056
99,1.1452405552971363,1.1452405552971363,1.1518756012528950,1.1360416758514376,1.0802173337457097,1.0802173337457097,1.0938884889654852,1.0555279020257744,0.8888202921299785,0.8888202921299785,0.9576916859664434,0.8877354650224895,0.5187067917100899,0.5187067917100899,0.9142893447442990,0.4958396077875338,0.6474807818436908,0.6474807818436908,0.7583150879579031,0.9595696949129003,1.0182967017734048,1.0182967017734048,1.0274425987656204,1.0479738876013014,1.1492798813605940,1.1492798813605940,1.1519777058793597,1.1321071254805664
100,1.1441828930987188,1.1441828930987188,1.1510843779136548,1.1342088364946596,1.0727602938151963,1.0727602938151963,1.0877313145925966,1.0485369572112579,0.8778219944021169,0.8778219944021169,0.9473887048739115,0.8765213115802581,0.5093784884074810,0.5093784884074810,0.9098196621946136,0.4861389514213201,0.6774872635913617,0.6774872635913617,0.7759970924131070,0.9634102074217238,1.0316117066123029,1.0316117066123029,1.0393937914045053,1.0572538753365159,1.1532608772655546,1.1532608772655546,1.1561014665644804,1.1355121416684995
101,1.1429813985823412,1.1429813985823412,1.1504828691882159,1.1321891391133487,1.0653613885093562,1.0653613885093562,1.0817210247668814,1.0412974842401674,0.8673042503380046,0.8673042503380046,0.9380599511205389,0.8652586199483627,0.5045957252174944,0.5045957252174944,0.9094123058340200,0.4807430432014100,0.7122858437894259,0.7122858437894259,0.7974217504128424,0.9690029772262395,1.0449551778461896,1.0449551778461896,1.0523690161082573,1.0665301226494270,1.1572715599408729,1.1572715599408729,1.1600952611417261,1.1391601858852574
102,1.1415231367427903,1.1415231367427903,1.1494033654519777,1.1299974808531619,1.0578658932666283,1.0578658932666283,1.0760295693659272,1.0341774860917659,0.8572265349590751,0.8572265349590751,0.9293674237254395,0.8548672346116848,0.5031872131956435,0.5031872131956435,0.9090236785014997,0.4781761031654729,0.7429254784411643,0.7429254784411643,0.8152804627171384,0.9738158189039635,1.0581042296589842,1.0581042296589842,1.0645502823283539,1.0760256299554678,1.1609403930018771,1.1609403930018771,1.1637080075464501,1.1426694155093027
103,1.1397967937857436,1.1397967937857436,1.1480760374237851,1.1277306625083037,1.0507984392004641,1.0507984392004641,1.0704891047778797,1.0274066759899203,0.8493917561737244,0.8493917561737244,0.9225518649009876,0.8456918682983302,0.5087075918918099,0.5087075918918099,0.9145187753381965,0.4790014918317859,0.7767768122356923,0.7767768122356923,0.8337151117147724,0.9798684741262025,1.0713468571744540,1.0713468571744540,1.0768351083506664,1.0850603528567753,1.1643124874322195,1.1643124874322195,1.1668955369689773,1.1458550177278919
104,1.1379548776292918,1.1379548776292918,1.1464208923504842,1.1252086309232454,1.0441685110942456,1.0441685110942456,1.0653320627526923,1.0205405939106407,0.8424409662865106,0.8424409662865106,0.9162975636706102,0.8370278930247586,0.5211865141906642,0.5211865141906642,0.9210495874273451,0.4830086508671059,0.8053406985431152,0.8053406985431152,0.8504565442324796,0.9840994199692563,1.0842104879523902,1.0842104879523902,1.0889007149978416,1.0941926829686719,1.1675325339691649,1.1675325339691649,1.1699124551452269,1.1490489012659519
105,1.1359953588932874,1.1359953588932874,1.1451047816968718,1.1226808979614542,1.0371338343747343,1.0371338343747343,1.0596649027573277,1.0137625144029765,0.8349984330026595,0.8349984330026595,0.9101044838760333,0.8289443612343790,0.5294361938133821,0.5294361938133821,0.9279090939591794,0.4894320837532424,0.8422708935182068,0.8422708935182068,0.8725852287420907,0.9905059054006415,1.0974829446158001,1.0974829446158001,1.1023937387126730,1.1035763338363005,1.1706928842831084,1.1706928842831084,1.1730134497569620,1.1520680571625055
106,1.1337710567825270,1.1337710567825270,1.1434537435312042,1.1199222285894219,1.0298157110334796,1.0298157110334796,1.0542074189559769,1.0070156505791215,0.8271004473477535,0.8271004473477535,0.9034716728704227,0.8206778496271143,0.5374585346536257,0.5374585346536257,0.9320753662540779,0.4964450799724595,0.8773997064074123,0.8773997064074123,0.8956058671566437,0.9990175397951966,1.1108034004665044,1.1108034004665044,1.1167841027755712,1.1127316408280621,1.1735797290910179,1.1735797290910179,1.1760223372405434,1.1549911989491557
107,1.1313249941561392,1.1313249941561392,1.1415984020350680,1.1169266149047847,1.0224050626625003,1.0224050626625003,1.0484312718242705,0.9998273200160253,0.8191837113296300,0.8191837113296300,0.8967798400015555,0.8120120427237441,0.5461913091891012,0.5461913091891012,0.9368072551967891,0.5023032807106901,0.9150636138654528,0.9150636138654528,0.9186227657225388,1.0091331419017702,1.1243941356526055,1.1243941356526055,1.1316881732800452,1.1220981926223026,1.1765230432990641,1.1765230432990641,1.1789312507949901,1.1575824320108792
108,1.1286449947332384,1.1286449947332384,1.1395483195605642,1.1136108045462185,1.0146717380895316,1.0146717380895316,1.0422208870912530,0.9921113161129217,0.8107762904031154,0.8107762904031154,0.8896788866395550,0.8022996425534255,0.5515918408097242,0.5515918408097242,0.9380077858962855,0.5060764860424066,0.9495058903704438,0.9495058903704438,0.9439032076887113,1.0175772012961699,1.1378525323854085,1.1378525323854085,1.1459902801919140,1.1313776460114739,1.1793376718112556,1.1793376718112556,1.1814505118633418,1.1604421110126741
109,1.1258296356544939,1.1258296356544939,1.1373053963186877,1.1103277311250215,1.0066778078017393,1.0066778078017393,1.0360161484736188,0.9840043892216213,0.8019735997229694,0.8019735997229694,0.8822813575795752,0.7924586619712417,0.5556073356088604,0.5556073356088604,0.9396709235891917,0.5091478302633128,0.9875509310472073,0.9875509310472073,0.9659281113980618,1.0307458794514244,1.1513637736493341,1.1513637736493341,1.1610730002521008,1.1410655178931279,1.1823046063626734,1.1823046063626734,1.1841759486740731,1.1629530726708148
110,1.1227790714166443,1.1227790714166443,1.1349710790576906,1.1068503204539000,0.9983320372161170,0.9983320372161170,1.0293776855378898,0.9759598936979392,0.7924564294766764,0.7924564294766764,0.8743502488800294,0.7827545041350170,0.5559372239508202,0.5559372239508202,0.9384732022439062,0.5109717333366053,1.0225605622132941,1.0225605622132941,0.9892769215323577,1.0419417430188129,1.1651733063926608,1.1651733063926608,1.1752336466093962,1.1508666711359765,1.1851846748425665,1.1851846748425665,1.1869472751571943,1.1652708582034794
111,1.1197400239111321,1.1197400239111321,1.1326743369366807,1.1034442076445017,0.9900629191655803,0.9900629191655803,1.0226085064763131,0.9680456488220419,0.7826847684134890,0.7826847684134890,0.8658448684488589,0.7728618715925113,0.5572345376551566,0.5572345376551566,0.9364523401148006,0.5137632689280017,1.0588662946182956,1.0588662946182956,1.0123667471470845,1.0568354607613639,1.1792154156397239,1.1792154156397239,1.1895152906737481,1.1609264478638166,1.1879923334173697,1.1879923334173697,1.1897698997383794,1.1676599778741592
112,1.1164929649404927,1.1164929649404927,1.1299295128037521,1.0998332744086059,0.9814312501094493,0.9814312501094493,1.0156039870598885,0.9597757161955627,0.7724983311704198,0.7724983311704198,0.8570533602892917,0.7630131981651732,0.5561003148165082,0.5561003148165082,0.9304403221032816,0.5175140147041722,1.0929721310507330,1.0929721310507330,1.0330957932964246,1.0707512180850014,1.1936453038100086,1.1936453038100086,1.2029390965826312,1.1712742371090332,1.1904769224869329,1.1904769224869329,1.1921430513676763,1.1698210742829762
113,1.1132345921755302,1.1132345921755302,1.1274371715445708,1.0961030413972044,0.9729675972160818,0.9729675972160818,1.0086355685630373,0.9513657833652596,0.7625196600488079,0.7625196600488079,0.8482994281606799,0.7528916118978364,0.5564487362113872,0.5564487362113872,0.9261953878904754,0.5210738542582024,1.1285652560695880,1.1285652560695880,1.0563183835385119,1.0894169347945517,1.2077484341059033,1.2077484341059033,1.2166564998689304,1.1817896328965203,1.1928342456627021,1.1928342456627021,1.1944227027894789,1.1719428139259918
114,1.1099066116715057,1.1099066116715057,1.1245527125521140,1.0921114646329868,0.9643931594719213,0.9643931594719213,1.0017310538266626,0.9434511963996767,0.7528009233979277,0.7528009233979277,0.8387180901602026,0.7429764503088073,0.5546621499099869,0.5546621499099869,0.9195250445421811,0.5224130052576287,1.1596269926573712,1.1596269926573712,1.0778412125655208,1.1049751400386294,1.2215084534919893,1.2215084534919893,1.2290728219287645,1.1914028744474503,1.1949583340817918,1.1949583340817918,1.1964467651252397,1.1737592106609966
115,1.1063137463237176,1.1063137463237176,1.1216982891527953,1.0882737024303024,0.9558282710334786,0.9558282710334786,0.9946712709172422,0.9352252222977945,0.7424570738313963,0.7424570738313963,0.8299256655120756,0.7331105595613620,0.5534006667746274,0.5534006667746274,0.9123143687339729,0.5271267044778311,1.1917563988480921,1.1917563988480921,1.0999811166211058,1.1209988619504432,1.2349486801854381,1.2349486801854381,1.2414996423190638,1.2009860145046036,1.1966974625330917,1.1966974625330917,1.1983447947536157,1.1753572593390649
116,1.1026621811551607,1.1026621811551607,1.1186379074005293,1.0840183297082222,0.9474625630460537,0.9474625630460537,0.9874006997001717,0.9270600546375241,0.7317882683732986,0.7317882683732986,0.8205111284294976,0.7229276136957703,0.5506763079955211,0.5506763079955211,0.9051533248501589,0.5270827211815536,1.2227970303390734,1.2227970303390734,1.1205671135592761,1.1351079588578581,1.2478159449712452,1.2478159449712452,1.2530164887771773,1.2098403065585999,1.1983448846785691,1.1983448846785691,1.1998348160269410,1.1765009013586492
117,1.0987570449371631,1.0987570449371631,1.1154173562505689,1.0797316913718009,0.9389135471022498,0.9389135471022498,0.9802461304900711,0.9191819002234554,0.7216806128982638,0.7216806128982638,0.8115742651843324,0.7128814905761378,0.5484362796660337,0.5484362796660337,0.8946032633364871,0.5273690805147643,1.2484844160999775,1.2484844160999775,1.1387511926968215,1.1511054016029447,1.2599960794354668,1.2599960794354668,1.2635231823191746,1.2178455227496805,1.1994635596293941,1.1994635596293941,1.2011068613564153,1.1774111905543347
118,1.0949504351253305,1.0949504351253305,1.1121962534264491,1.0755047029231326,0.9303629181000478,0.9303629181000478,0.9733710439914528,0.9113753280760944,0.7117525979998602,0.7117525979998602,0.8024647354944847,0.7033513375707848,0.5487031556280686,0.5487031556280686,0.8863353338935429,0.5318235590313740,1.2755672212023954,1.2755672212023954,1.1590183675368941,1.1645593964255214,1.2715313289196022,1.2715313289196022,1.2734131434307931,1.2257216053136131,1.2002749119705602,1.2002749119705602,1.2022505794948855,1.1782904043036895
119,1.0910730506808510,1.0910730506808510,1.1086551795897142,1.0710457971822043,0.9219727561473052,0.9219727561473052,0.9661511167184281,0.9034979433638184,0.7016580980215990,0.7016580980215990,0.7943439136630425,0.6934695116440912,0.5469474577482001,0.5469474577482001,0.8761383145590522,0.5321361211793882,1.2956580318818558,1.2956580318818558,1.1746359755328608,1.1750016110328452,1.2816995857763089,1.2816995857763089,1.2817863626968993,1.2325371890968033,1.2008082412536811,1.2008082412536811,1.2027011177427402,1.1786025526524533
120,1.0870722291888948,1.0870722291888948,1.1050978007167040,1.0664728026014940,0.9138198428237797,0.9138198428237797,0.9594541394959978,0.8958148655929519,0.6923216268401833,0.6923216268401833,0.7871324317807197,0.6846295167468693,0.5441366113888046,0.5441366113888046,0.8671193510903701,0.5346824732894082,1.3124924502723572,1.3124924502723572,1.1899282166955785,1.1869135818935457,1.2904110597277774,1.2904110597277774,1.2898565538819509,1.2381241332109370,1.2009275046267700,1.2009275046267700,1.2032159015319406,1.1784153620351097
121,1.0828321945120418,1.0828321945120418,1.1014523991666607,1.0619801790411783,0.9056906091975406,0.9056906091975406,0.9525276391285086,0.8878283542709756,0.6831377291788189,0.6831377291788189,0.7800983820835908,0.6748460493403632,0.5411602030899988,0.5411602030899988,0.8570646723692361,0.5366579783626358,1.3192460812490774,1.3192460812490774,1.2012608930915982,1.1916757423211533,1.2966635216866180,1.2966635216866180,1.2950222662842359,1.2417516303840310,1.2002716851476951,1.2002716851476951,1.2029444968980927,1.1777796682741519
122,1.0788274157287978,1.0788274157287978,1.0977276178347519,1.0575873602262496,0.8979407023842380,0.8979407023842380,0.9457447725144871,0.8800228939150928,0.6747904908697281,0.6747904908697281,0.7739172166402923,0.6661267588468723,0.5399172530075584,0.5399172530075584,0.8476945396241802,0.5383218571026636,1.3193652629721961,1.3193652629721961,1.2091482339114004,1.1945486183694203,1.3019086063802525,1.3019086063802525,1.3001255225171433,1.2450834560797936,1.1993902462139023,1.1993902462139023,1.2024573288581697,1.1770309877980392
123,1.0747000623846397,1.0747000623846397,1.0937502310348381,1.0530432403599601,0.8903253246413507,0.8903253246413507,0.9387432472501599,0.8723208301666766,0.6667411413956233,0.6667411413956233,0.7684960035108518,0.6578527375574331,0.5381813237174703,0.5381813237174703,0.8401907545266254,0.5391116848060289,1.3138444179439837,1.3138444179439837,1.2128993021154124,1.1935528256587991,1.3056649591827836,1.3056649591827836,1.3032138110519529,1.2467894448809278,1.1983556622669382,1.1983556622669382,1.2017855368327217,1.1757164718202664
124,1.0705766663317691,1.0705766663317691,1.0896102842492050,1.0483587317547665,0.8827925354884547,0.8827925354884547,0.9321786115504301,0.8647661215503241,0.6591714383096284,0.6591714383096284,0.7635984719445303,0.6496783569290405,0.5377995428273370,0.5377995428273370,0.8312204865309337,0.5413857148050544,1.2963892614122396,1.2963892614122396,1.2112790126843176,1.1899995069006355,1.3069277769179140,1.3069277769179140,1.3050830476881694,1.2470165419493602,1.1966249880915445,1.1966249880915445,1.2002826500619586,1.1737803649226151
125,1.0664046158898604,1.0664046158898604,1.0853969648003341,1.0436712805035171,0.8754351180446182,0.8754351180446182,0.9254628994905909,0.8572348460774337,0.6518471532841323,0.6518471532841323,0.7590006321372919,0.6421659273098798,0.5366579067675210,0.5366579067675210,0.8215703548161825,0.5425451893601132,1.2694653652739800,1.2694653652739800,1.2030831343502271,1.1803925943785640,1.3058413599815160,1.3058413599815160,1.3042422915619321,1.2451126669968313,1.1940836069395580,1.1940836069395580,1.1984193654712489,1.1712953951285558
126,1.0620594085868589,1.0620594085868589,1.0809585622943136,1.0386883998493073,0.8683384998826134,0.8683384998826134,0.9188984348852668,0.8499759595166866,0.6454171396140214,0.6454171396140214,0.7551555960331441,0.6352447477897232,0.5369247827295559,0.5369247827295559,0.8139167374940415,0.5455912665810302,1.2255071730637388,1.2255071730637388,1.1830422203539659,1.1663548266379797,1.3012640242341553,1.3012640242341553,1.2996605710339986,1.2410140547288320,1.1907223546340420,1.1907223546340420,1.1954897196183834,1.1682248294566739
127,1.0575578882779897,1.0575578882779897,1.0764620501101398,1.0335876294374935,0.8612140725938224,0.8612140725938224,0.9125613547449319,0.8430824247401391,0.6394433343779983,0.6394433343779983,0.7516942020401648,0.6284096548701030,0.5371780677861169,0.5371780677861169,0.8047385772867365,0.5489517775795901,1.1836905274407847,1.1836905274407847,1.1661025758573826,1.1541237516098792,1.2973084066667044,1.2973084066667044,1.2957309925595382,1.2375903215136097,1.1874540993634941,1.1874540993634941,1.1924299437659556,1.1651330275299117
128,1.0528867625232861,1.0528867625232861,1.0719937959023678,1.0284604978214313,0.8543878675417029,0.8543878675417029,0.9064946037653818,0.8364437467793489,0.6336880313585006,0.6336880313585006,0.7489966096129949,0.6218782461710989,0.5374956007594639,0.5374956007594639,0.7973490392604287,0.5533847323554685,1.1475586017153312,1.1475586017153312,1.1510552947817667,1.1438410890862554,1.2944434457115006,1.2944434457115006,1.2929270486363111,1.2345067886126666,1.1843472497726515,1.1843472497726515,1.1900194248319986,1.1621087880511090
129,1.0479371043433265,1.0479371043433265,1.0670545958536144,1.0230874713443450,0.8479521516666358,0.8479521516666358,0.9004102300620591,0.8298491983879984,0.6285068826062328,0.6285068826062328,0.7468311304436951,0.6156842236810061,0.5377031709521577,0.5377031709521577,0.7887140208672485,0.5567255912429258,1.1030417451779717,1.1030417451779717,1.1312350318563296,1.1321825244761370,1.2906007852220363,1.2906007852220363,1.2894668700901075,1.2306871049793069,1.1811022921631886,1.1811022921631886,1.1871164933241314,1.1588427504424126
130,1.0431334093304818,1.0431334093304818,1.0623668979245469,1.0176744739250030,0.8416720636658335,0.8416720636658335,0.8948146730754214,0.8238487742580793,0.6238720650015818,0.6238720650015818,0.7448538980245959,0.6108745469927325,0.5399394926710613,0.5399394926710613,0.7819519052813950,0.5621383441294953,1.0592883965543405,1.0592883965543405,1.1093008194769365,1.1171846286083467,1.2854836478888556,1.2854836478888556,1.2844431520558093,1.2257043281248774,1.1775063207624752,1.1775063207624752,1.1840349198773183,1.1551819972700312
131,1.0379919747265753,1.0379919747265753,1.0573275383672469,1.0120783580938240,0.8357058768293337,0.8357058768293337,0.8889331317898901,0.8185174775531551,0.6200344402588838,0.6200344402588838,0.7433726692141074,0.6059078996307146,0.5415716368648026,0.5415716368648026,0.7752487861339725,0.5699336815335624,1.0098416376992316,1.0098416376992316,1.0817269153212221,1.1052210379558609,1.2798168668652048,1.2798168668652048,1.2788681827031865,1.2207142485411886,1.1738405209149640,1.1738405209149640,1.1804546240266414,1.1517489393864644
132,1.0328944762028642,1.0328944762028642,1.0526372659587675,1.0067028181065651,0.8303614917441976,0.8303614917441976,0.8834143961913488,0.8133734749510860,0.6174320712994357,0.6174320712994357,0.7432203488154543,0.6020585464458730,0.5457428093084592,0.5457428093084592,0.7683536944487989,0.5798308590108030,0.9665712233494873,0.9665712233494873,1.0582163567324661,1.0969102514784339,1.2760426468573085,1.2760426468573085,1.2744515884578242,1.2172990648626603,1.1705574867956947,1.1705574867956947,1.1773304387411809,1.1487302754494835
133,1.0275745576149777,1.0275745576149777,1.0476874615067227,1.0010306226138226,0.8251600236331480,0.8251600236331480,0.8785536041293885,0.8089891680182691,0.6165594233467933,0.6165594233467933,0.7436883078741323,0.5998582095687554,0.5541753483866454,0.5541753483866454,0.7632528436530444,0.5885058623404191,0.9541204577124418,0.9541204577124418,1.0538753274026484,1.0960402233514350,1.2764216435948421,1.2764216435948421,1.2750092455371105,1.2164669099577847,1.1682325609214896,1.1682325609214896,1.1753662788170574,1.1459371749765028
134,1.0223535205747822,1.0223535205747822,1.0429921627336773,0.9954765007940624,0.8206910776019191,0.8206910776019191,0.8742186707229170,0.8051882095217878,0.6182654039743640,0.6182654039743640,0.7447461189699532,0.5995301646718172,0.5626190072965831,0.5626190072965831,0.7601166679021757,0.6003607644094133,0.9628865217430708,0.9628865217430708,1.0636662511893920,1.1053233389977626,1.2809455291431018,1.2809455291431018,1.2792785072803512,1.2187505268318022,1.1668306999960356,1.1668306999960356,1.1747186608154576,1.1440223863269938
135,1.0168425865805044,1.0168425865805044,1.0379879877283393,0.9897501115697952,0.8166323000602013,0.8166323000602013,0.8702652778408444,0.8020169526140382,0.6220086720505487,0.6220086720505487,0.7474495769239065,0.6014321290547349,0.5749546073195297,0.5749546073195297,0.7580892506132444,0.6165241578839689,0.9921729472469002,0.9921729472469002,1.0889466931555647,1.1214962890349192,1.2889586679153830,1.2889586679153830,1.2871202263244317,1.2226893696328336,1.1658972446776596,1.1658972446776596,1.1747072703432038,1.1423115149202945
136,1.0113263254633389,1.0113263254633389,1.0329966851200607,0.9840932423585924,0.8139461061707363,0.8139461061707363,0.8672990141316502,0.7999402116553024,0.6293396104307348,0.6293396104307348,0.7522868035429874,0.6064225876041351,0.5913217641208093,0.5913217641208093,0.7583767411941691,0.6330927591731655,1.0265605987954618,1.0265605987954618,1.1157688877310132,1.1374055088631365,1.2966200650091622,1.2966200650091622,1.2940163838754275,1.2268032998207428,1.1648869909750974,1.1648869909750974,1.1744156250859983,1.1403036639183173
137,1.0057108783914603,1.0057108783914603,1.0275735442390093,0.9785560407536521,0.8108440013038624,0.8108440013038624,0.8641400981217956,0.7976998663044378,0.6348640117999665,0.6348640117999665,0.7565613061862979,0.6096394790195031,0.6015557159427311,0.6015557159427311,0.7561526691104685,0.6434147965761500,1.0641574665342481,1.0641574665342481,1.1441805179861282,1.1530378588990513,1.3038155520104959,1.3038155520104959,1.3008959932106052,1.2311448614231275,1.1637119756970502,1.1637119756970502,1.1738783881356645,1.1381894676554138
138,1.0000643310688202,1.0000643310688202,1.0226432322739398,0.9730848647695851,0.8083262107111764,0.8083262107111764,0.8616322818722996,0.7956011460834034,0.6409630210742477,0.6409630210742477,0.7614733182718656,0.6133937706177949,0.6135527788656889,0.6135527788656889,0.7555196279615920,0.6524313723130272,1.1071485487204331,1.1071485487204331,1.1735944276815973,1.1722742089432459,1.3106982115009447,1.3106982115009447,1.3074099403575463,1.2350920756455050,1.1621482573366897,1.1621482573366897,1.1731162917906210,1.1359185002754006
139,0.9943639544377652,0.9943639544377652,1.0175875063832360,0.9674051287463250,0.8063661511902750,0.8063661511902750,0.8599333144250886,0.7931466525893657,0.6477133030451206,0.6477133030451206,0.7684560446096408,0.6171108801311741,0.6281271716812618,0.6281271716812618,0.7628230124587628,0.6611260277537460,1.1520217089508662,1.1520217089508662,1.1995798311198100,1.1911942704450471,1.3168213633463801,1.3168213633463801,1.3132382931437696,1.2379707758964895,1.1602360421069133,1.1602360421069133,1.1717893427459662,1.1331647565682217
140,0.9885550567033180,0.9885550567033180,1.0121638751251540,0.9618050893870717,0.8042587871764439,0.8042587871764439,0.8578307352751614,0.7909093860456713,0.6541924608123741,0.6541924608123741,0.7737025750195670,0.6216342730819188,0.6417156060815390,0.6417156060815390,0.7630159214479175,0.6678339483434642,1.1953330920179324,1.1953330920179324,1.2298277270660216,1.2106586861147657,1.3224021395170868,1.3224021395170868,1.3181833626684811,1.2405525578627077,1.1579653268568397,1.1579653268568397,1.1703938050302576,1.1301567517553119
141,0.9827987706491971,0.9827987706491971,1.0068294924866825,0.9563141731523815,0.8026923784270554,0.8026923784270554,0.8558699078402408,0.7892490537567080,0.6606096214109248,0.6606096214109248,0.7785891087231698,0.6261252461852274,0.6490559305743601,0.6490559305743601,0.7617844878521002,0.6760915782658518,1.2362782212905816,1.2362782212905816,1.2586011876788017,1.2279494392794905,1.3272602023724727,1.3272602023724727,1.3223122314839757,1.2424272218981991,1.1553166861128219,1.1553166861128219,1.1685301926561737,1.1266468661851698
142,0.9772077776080969,0.9772077776080969,1.0015003201041637,0.9511762518341154,0.8012077194772911,0.8012077194772911,0.8540108815766284,0.7872314943135775,0.6680175270078663,0.6680175270078663,0.7839890593180210,0.6314283639412571,0.6642851579264074,0.6642851579264074,0.7635590632620423,0.6838186011884667,1.2810905491831728,1.2810905491831728,1.2861909861913128,1.2496945112044486,1.3320970668486116,1.3320970668486116,1.3264117405617286,1.2447227725005185,1.1527656244922404,1.1527656244922404,1.1665608701439065,1.1233639379644837
143,0.9716910091458946,0.9716910091458946,0.9962253343835511,0.9461050304931102,0.8004788751706184,0.8004788751706184,0.8526783983461269,0.7854882907982823,0.6761817980629810,0.6761817980629810,0.7905811782315725,0.6377568280585708,0.6795057365204259,0.6795057365204259,0.7675277443107678,0.6939254011841359,1.3210251167618789,1.3210251167618789,1.3122231377377509,1.2653202914486816,1.3351349460116713,1.3351349460116713,1.3292621262519289,1.2463605431234490,1.1495593887571569,1.1495593887571569,1.1642991648618419,1.1195637142532930
144,0.9661960565202790,0.9661960565202790,0.9907703802926249,0.9413601363386499,0.8003593798044748,0.8003593798044748,0.8518224985823128,0.7841549962487335,0.6863461582654877,0.6863461582654877,0.7988468052554768,0.6453853830069659,0.7029203955784048,0.7029203955784048,0.7777884423407077,0.7058299014382942,1.3604159177288566,1.3604159177288566,1.3378616702129307,1.2825068664881669,1.3374196770434914,1.3374196770434914,1.3313632158474020,1.2479913672478156,1.1460820353649597,1.1460820353649597,1.1613099443807133,1.1155825314126773
145,0.9608794356751322,0.9608794356751322,0.9852218254859395,0.9366077629587981,0.7999171437140061,0.7999171437140061,0.8502040310529179,0.7829652938447071,0.6943509000206477,0.6943509000206477,0.8046338806180240,0.6520508670072311,0.7177468379136773,0.7177468379136773,0.7799656918542250,0.7149550316936433,1.4019122624709293,1.4019122624709293,1.3627606476159833,1.2992298019432538,1.3386114802081448,1.3386114802081448,1.3321881355090393,1.2488117665397371,1.1423069107587835,1.1423069107587835,1.1579870404246364,1.1111991716215266
146,0.9558435795734039,0.9558435795734039,0.9797973973651822,0.9318502399483490,0.7993799952673835,0.7993799952673835,0.8488755685409470,0.7813923654704095,0.7027061525978880,0.7027061525978880,0.8104332369272738,0.6588460303972408,0.7307348013993760,0.7307348013993760,0.7845093540647998,0.7255924386890852,1.4412509214340425,1.4412509214340425,1.3879457234413759,1.3135087748927257,1.3392113943408290,1.3392113943408290,1.3320242547910996,1.2496303846781807,1.1381847736217094,1.1381847736217094,1.1545256479929551,1.1065411344023857
147,0.9508106153383860,0.9508106153383860,0.9745023674834347,0.9271301743699830,0.7987623874678552,0.7987623874678552,0.8473301583227262,0.7802871592187214,0.7104427944015604,0.7104427944015604,0.8158764457821516,0.6657523737160284,0.7446061737408846,0.7446061737408846,0.7898508728712959,0.7352191656849602,1.4798173821494498,1.4798173821494498,1.4116152255980985,1.3309337395160921,1.3393594801615674,1.3393594801615674,1.3314744269752110,1.2506005789775936,1.1337948747233009,1.1337948747233009,1.1507486001719072,1.1016607314564659
148,0.9457647138049270,0.9457647138049270,0.9692997123748693,0.9222800806190338,0.7981674915305746,0.7981674915305746,0.8458963016569304,0.7790631623237154,0.7175340608002982,0.7175340608002982,0.8207419002488771,0.6727171460253929,0.7541469893836323,0.7541469893836323,0.7948131288593082,0.7423173210522890,1.5169089690412647,1.5169089690412647,1.4344900099149882,1.3437307551704927,1.3381976575618486,1.3381976575618486,1.3298489651311522,1.2504124891703272,1.1291650938131110,1.1291650938131110,1.1468808383020461,1.0963243639800824
149,0.9408974991934630,0.9408974991934630,0.9641908418734497,0.9176092430569736,0.7976327949327172,0.7976327949327172,0.8445059029701469,0.7777551824108997,0.7249150505532663,0.7249150505532663,0.8252713700095480,0.6796187271067040,0.7651852757022427,0.7651852757022427,0.7989784647028030,0.7526384226404590,1.5517212054784362,1.5517212054784362,1.4567121906410501,1.3572682802015945,1.3369804163420989,1.3369804163420989,1.3275966284018585,1.2502828211971360,1.1244568365708452,1.1244568365708452,1.1426507938578370,1.0911355843754549
150,0.9360378440230488,0.9360378440230488,0.9589545959382726,0.9129212400595889,0.7969633111751008,0.7969633111751008,0.8428929104617298,0.7768288035423485,0.7313234408206348,0.7313234408206348,0.8289888309061596,0.6865824004381894,0.7740070088917298,0.7740070088917298,0.8030155067039959,0.7599826973039787,1.5823211128891350,1.5823211128891350,1.4778675795374068,1.3692074687706910,1.3347698796376426,1.3347698796376426,1.3245410804230759,1.2492212537243066,1.1194250580681384,1.1194250580681384,1.1380169202965984,1.0855918559392543
151,0.9311206051909469,0.9311206051909469,0.9540321300056963,0.9080450303248957,0.7964289371889232,0.7964289371889232,0.8413961766018907,0.7761265789402738,0.7383365303017646,0.7383365303017646,0.8331276932426070,0.6939765067723573,0.7832821841093039,0.7832821841093039,0.8083748180871615,0.7706612801512548,1.6124778132669868,1.6124778132669868,1.4998391904033801,1.3806060573385452,1.3318021065430921,1.3318021065430921,1.3208408637786091,1.2482738581894108,1.1141699188867189,1.1141699188867189,1.1337072244924555,1.0797140869533128
152,0.9262158470467525,0.9262158470467525,0.9491097253702488,0.9031062280563942,0.7958317184475490,0.7958317184475490,0.8397460566074670,0.7753951911925034,0.7449892801413857,0.7449892801413857,0.8362655667739464,0.7018041598798657,0.7895994840809913,0.7895994840809913,0.8108479862442365,0.7803843960730144,1.6374290035923773,1.6374290035923773,1.5206430335258811,1.3901050375687021,1.3282522865212223,1.3282522865212223,1.3162797840359970,1.2457193278714045,1.1082978757099762,1.1082978757099762,1.1287616289423410,1.0734019176648366
153,0.9214327502424059,0.9214327502424059,0.9443054403021020,0.8982254817423654,0.7954783296136568,0.7954783296136568,0.8383116866584547,0.7747817388638368,0.7512097131387602,0.7512097131387602,0.8396389778651766,0.7092356314619260,0.7975155687511655,0.7975155687511655,0.8121730649804202,0.7896667432171851,1.6640239085157784,1.6640239085157784,1.5407793136629224,1.4001286625917309,1.3251305223431433,1.3251305223431433,1.3117384553896838,1.2441569000405892,1.1027557429029469,1.1027557429029469,1.1238619230646163,1.0672807926770220
154,0.9164927316181473,0.9164927316181473,0.9395137824424989,0.8931595326422099,0.7949780879431865,0.7949780879431865,0.8366754253108813,0.7742630453780759,0.7572710704740000,0.7572710704740000,0.8424536975303000,0.7170105336312332,0.8036734844677487,0.8036734844677487,0.8159591380054313,0.7980011099543546,1.6863270299306277,1.6863270299306277,1.5611549441140782,1.4071367532328316,1.3216227962457781,1.3216227962457781,1.3071279089374224,1.2407547187824497,1.0966444630789958,1.0966444630789958,1.1187261312116150,1.0603779439284737
155,0.9116379469600873,0.9116379469600873,0.9351369222538473,0.8884647860809477,0.7943890635384755,0.7943890635384755,0.8352155622954405,0.7740015178134498,0.7627262164694125,0.7627262164694125,0.8453265225701201,0.7236703395791226,0.8054069426841143,0.8054069426841143,0.8190700295684011,0.8060734485434882,1.7170808804003546,1.7170808804003546,1.5830900914556356,1.4172176292976586,1.3188559535030879,1.3188559535030879,1.3036323207681244,1.2381364231699343,1.0904814895527482,1.0904814895527482,1.1135411718524821,1.0536067763588364
156,0.9067129964834244,0.9067129964834244,0.9307497641475481,0.8835974655895477,0.7933632229195140,0.7933632229195140,0.8334614169024364,0.7729019560415737,0.7667826458538493,0.7667826458538493,0.8470766491240794,0.7292102870681177,0.8055873310658601,0.8055873310658601,0.8192357814668495,0.8098335524678029,1.7462555730387603,1.7462555730387603,1.6028776307053147,1.4278513064054223,1.3153380824670833,1.3153380824670833,1.2997635970228010,1.2348421798125555,1.0841283270868394,1.0841283270868394,1.1082949170023713,1.0468129786488634
157,0.9019563323555001,0.9019563323555001,0.9265786171233286,0.8789183518354560,0.7925556613630060,0.7925556613630060,0.8320983933205425,0.7721596214238647,0.7708850438706898,0.7708850438706898,0.8493946319897443,0.7344835492584295,0.8042677776980208,0.8042677776980208,0.8211152394340020,0.8116162796892612,1.7791211746649949,1.7791211746649949,1.6221247618239076,1.4386576751802496,1.3116329086087335,1.3116329086087335,1.2955308125294818,1.2318567884682448,1.0777998175476191,1.0777998175476191,1.1026765460766861,1.0396925197827371
158,0.8971852596285279,0.8971852596285279,0.9224043439455375,0.8742497825630637,0.7916126029010435,0.7916126029010435,0.8306274947159429,0.7710683553268640,0.7744698411351660,0.7744698411351660,0.8505140311167897,0.7392320495114282,0.7982531842573454,0.7982531842573454,0.8242383048652194,0.8109415572080688,1.8056689034896616,1.8056689034896616,1.6391513578017902,1.4478563220763829,1.3069047615347316,1.3069047615347316,1.2905250662134373,1.2280404890264931,1.0712577568711956,1.0712577568711956,1.0967390780362054,1.0325031045831958
159,0.8927137234113393,0.8927137234113393,0.9187412275252553,0.8698777461859029,0.7910126096992244,0.7910126096992244,0.8292199010414006,0.7703759658032497,0.7782732918287744,0.7782732918287744,0.8528930521205430,0.7442166468454728,0.7983532627431084,0.7983532627431084,0.8272405680653643,0.8122049072075275,1.8316741071788822,1.8316741071788822,1.6521529416614593,1.4554256606354399,1.3014826703743867,1.3014826703743867,1.2854517035316853,1.2233263101165313,1.0646899461483097,1.0646899461483097,1.0909645183327079,1.0251972589514919
160,0.8881517275740721,0.8881517275740721,0.9148733786946026,0.8654071924710044,0.7900454844059598,0.7900454844059598,0.8279153917462082,0.7695699169816015,0.7817319777793529,0.7817319777793529,0.8542511048685828,0.7490962917920548,0.7933777558027633,0.7933777558027633,0.8299815613238870,0.8110491759117264,1.8494160447318804,1.8494160447318804,1.6602300798006571,1.4579371981412099,1.2941486368229758,1.2941486368229758,1.2783240488970418,1.2172297779923700,1.0575758988508430,1.0575758988508430,1.0844446611820955,1.0173027016980059
161,0.8839571510125251,0.8839571510125251,0.9112803861897288,0.8614621462975416,0.7895760198897284,0.7895760198897284,0.8270522204701579,0.7688664095432058,0.7859359906678233,0.7859359906678233,0.8567120599495900,0.7538316043105032,0.7926636154969476,0.7926636154969476,0.8348576637827624,0.8121702820593942,1.8679103169120646,1.8679103169120646,1.6662231872751629,1.4589057731434352,1.2864371207039773,1.2864371207039773,1.2710392751810298,1.2107107562632504,1.0505409087135680,1.0505409087135680,1.0779691367328454,1.0094343002951254
162,0.8797917975251033,0.8797917975251033,0.9076519639443776,0.8577371242218637,0.7893702581604456,0.7893702581604456,0.8265323501188638,0.7683132505216227,0.7904483260611348,0.7904483260611348,0.8594895701791820,0.7592900442734585,0.7932146649370753,0.7932146649370753,0.8424653949861238,0.8123789687630085,1.8768414972882641,1.8768414972882641,1.6720283673546026,1.4543519689663065,1.2775901285423241,1.2775901285423241,1.2633324329927562,1.2030772668030079,1.0430161514018490,1.0430161514018490,1.0715467951360611,1.0011652798136899
163,0.8757786982832542,0.8757786982832542,0.9044173144547811,0.8542264248672379,0.7897049355169179,0.7897049355169179,0.8264965913881017,0.7685356943396712,0.7971311672094676,0.7971311672094676,0.8638997131293558,0.7657450740098589,0.8021945468448053,0.8021945468448053,0.8555972530196956,0.8190213823157177,1.8823784815081488,1.8823784815081488,1.6738272345591187,1.4475006147838991,1.2676285558832736,1.2676285558832736,1.2554674040962870,1.1945498164122066,1.0354224691537344,1.0354224691537344,1.0647407011539178,0.9927276811854041
164,0.8718609291738377,0.8718609291738377,0.9011591268677048,0.8506931652261855,0.7905059803174969,0.7905059803174969,0.8277460082847038,0.7686201049695881,0.8048616092962698,0.8048616092962698,0.8701554807414290,0.7727673594949011,0.8148946302418274,0.8148946302418274,0.8725797992251313,0.8250573878686869,1.8748563767125701,1.8748563767125701,1.6670020107581993,1.4345506168374804,1.2559070634957556,1.2559070634957556,1.2453514619729600,1.1842121797418141,1.0273086230597881,1.0273086230597881,1.0575286474628125,0.9840806717657492
165,0.8682869370614222,0.8682869370614222,0.8982440806079502,0.8475945589296011,0.7934709106981823,0.7934709106981823,0.8318046242261958,0.7703963201395417,0.8187061819180125,0.8187061819180125,0.8829793552667847,0.7835615202243019,0.8540945082394263,0.8540945082394263,0.9112290215571270,0.8372856800486324,1.8467332144854294,1.8467332144854294,1.6496406983254224,1.4130955542881884,1.2402811324849683,1.2402811324849683,1.2319541687969469,1.1708494320045537,1.0184733239096935,1.0184733239096935,1.0492469546758092,0.9745981510054316
166,0.8646307043185258,0.8646307043185258,0.8952773608685721,0.8444461728705754,0.7971378440937932,0.7971378440937932,0.8368978480381094,0.7718578127987616,0.8344130890025420,0.8344130890025420,0.8977203405617110,0.7946718202569498,0.8960669309537214,0.8960669309537214,0.9531698705729996,0.8512545877833874,1.8110010441229363,1.8110010441229363,1.6325823136339463,1.3785271875421026,1.2231390631070513,1.2231390631070513,1.2192212953829167,1.1546826143470328,1.0090466772013660,1.0090466772013660,1.0415220019499054,0.9640229880345477
167,0.8614588846168579,0.8614588846168579,0.8927583553583396,0.8416710124196063,0.7997982290488860,0.7997982290488860,0.8404878364027726,0.7730919013394921,0.8449397546104431,0.8449397546104431,0.9070765889718803,0.8029352180935568,0.9221627050006621,0.9221627050006621,0.9796255591778942,0.8599838683722395,1.7887277181388666,1.7887277181388666,1.6233551720324020,1.3557853843648542,1.2091765991991585,1.2091765991991585,1.2085030337913751,1.1417081580679549,1.0005826562901139,1.0005826562901139,1.0342268551734375,0.9549885604515335
168,0.8582693078388988,0.8582693078388988,0.8900954241895591,0.8388608467416003,0.8022879524254420,0.8022879524254420,0.8440004900961225,0.7744015061783144,0.8544372672178793,0.8544372672178793,0.9153035401785573,0.8108130578575481,0.9408291959007702,0.9408291959007702,1.0011236740517948,0.8650943530737534,1.7679565784566043,1.7679565784566043,1.6101114329721249,1.3362721645283568,1.1967001416764655,1.1967001416764655,1.1986253503882667,1.1304129732878425,0.9923370912868199,0.9923370912868199,1.0269620283590841,0.9467440559554617
169,0.8553948430633558,0.8553948430633558,0.8878152935904685,0.8364068025414524,0.8048547154710994,0.8048547154710994,0.8476631080359460,0.7757720885035914,0.8635425343238158,0.8635425343238158,0.9225130057860484,0.8184939974181845,0.9606089055128848,0.9606089055128848,1.0230197807722523,0.8694168817015309,1.7427906127343438,1.7427906127343438,1.5967957018251806,1.3165627894830756,1.1835727424939015,1.1835727424939015,1.1878038848701182,1.1187408964318062,0.9840939786689031,0.9840939786689031,1.0197726736666433,0.9384121466420057
170,0.8525768457904194,0.8525768457904194,0.8853132673849284,0.8339142587220766,0.8076500811529590,0.8076500811529590,0.8513510479477923,0.7775082791803322,0.8723641265797857,0.8723641265797857,0.9299833040376831,0.8259208899257483,0.9790011072297903,0.9790011072297903,1.0489351369172333,0.8747313740325869,1.7033215987615695,1.7033215987615695,1.5743098617687268,1.2881634571261626,1.1674995256810068,1.1674995256810068,1.1752185218960143,1.1044653075371211,0.9752402220920210,0.9752402220920210,1.0120187940579652,0.9296241088115618
171,0.8500081071341100,0.8500081071341100,0.8831986390337421,0.8317879517263751,0.8109685294122085,0.8109685294122085,0.8559936090954606,0.7795657775942542,0.8826586808365682,0.8826586808365682,0.9396885512914571,0.8349865416141637,1.0090987851703934,1.0090987851703934,1.0770464716038046,0.8831499641030536,1.6313705993338488,1.6313705993338488,1.5369244646586497,1.2369603778418592,1.1453582728087184,1.1453582728087184,1.1585968177647530,1.0838780231781444,0.9647171655106368,0.9647171655106368,1.0030498214810823,0.9190460760765049
172,0.8475436278828828,0.8475436278828828,0.8813369226362051,0.8296175663449653,0.8150886031730604,0.8150886031730604,0.8619414494631465,0.7818511077387725,0.8958090363814470,0.8958090363814470,0.9515700922795376,0.8450009775382796,1.0513862697843128,1.0513862697843128,1.1168971610867007,0.8937368370985171,1.5785544738480746,1.5785544738480746,1.5076966124339179,1.1964444725404426,1.1274679006433899,1.1274679006433899,1.1440018252266859,1.0671024072618767,0.9556101033388552,0.9556101033388552,0.9949760252991731,0.9096404649960246
173,0.8453788880794540,0.8453788880794540,0.8796095695451149,0.8276962023860136,0.8194925752120071,0.8194925752120071,0.8679063992713884,0.7848856998171329,0.9092928157238611,0.9092928157238611,0.9640222390450034,0.8559345252953579,1.0929423165763590,1.0929423165763590,1.1553309995958536,0.9061466773524588,1.5484846768099969,1.5484846768099969,1.4845815428407496,1.1783888079156271,1.1144947953783437,1.1144947953783437,1.1335132813407471,1.0566481050386816,0.9476470789456171,0.9476470789456171,0.9874856835233617,0.9025096749788754
174,0.8433008535428308,0.8433008535428308,0.8778508936211805,0.8258300743457313,0.8244984116005151,0.8244984116005151,0.8745501661336895,0.7880649958324936,0.9243101933223311,0.9243101933223311,0.9771965787956597,0.8679908621190081,1.1385101515569576,1.1385101515569576,1.1948726601155406,0.9212563433459844,1.5179393943557276,1.5179393943557276,1.4615777337451576,1.1602130099572023,1.1031674414278214,1.1031674414278214,1.1226254450215223,1.0468063414965370,0.9400195795938777,0.9400195795938777,0.9803038678485276,0.8953702756692071
175,0.8415527962182048,0.8415527962182048,0.8762606622073355,0.8241819473340706,0.8304946658455585,0.8304946658455585,0.8824409545709150,0.7922464435817614,0.9426580285809897,0.9426580285809897,0.9938563245395643,0.8821989976301118,1.1998249038344766,1.1998249038344766,1.2454204339824835,0.9444065302249535,1.4793654847826252,1.4793654847826252,1.4274600294000412,1.1437453578360355,1.0894710171794757,1.0894710171794757,1.1097183704968918,1.0368865634320601,0.9320948898562754,0.9320948898562754,0.9721448479893232,0.8884429929285570
176,0.8401980835006845,0.8401980835006845,0.8751867978069520,0.8228787842673071,0.8364718860015025,0.8364718860015025,0.8899987077477178,0.7962965288917665,0.9598369903906921,0.9598369903906921,1.0096318421208905,0.8959202859407344,1.2562679342679974,1.2562679342679974,1.2923375857574233,0.9640642562165301,1.4447804385051484,1.4447804385051484,1.3990325047881296,1.1275724077988789,1.0769723013585737,1.0769723013585737,1.0974214447038737,1.0278890666384406,0.9243096634028968,0.9243096634028968,0.9645491238587026,0.8821412367843656
177,0.8389112028145972,0.8389112028145972,0.8739596292873059,0.8214930431956072,0.8422576038644042,0.8422576038644042,0.8974268569123091,0.8002208962423208,0.9746707958847596,0.9746707958847596,1.0234724690545842,0.9080883521821023,1.3000800713687275,1.3000800713687275,1.3281184574399980,0.9785937170251191,1.4113648628857727,1.4113648628857727,1.3685985513711807,1.1098048754663921,1.0644607150931289,1.0644607150931289,1.0853666922627727,1.0182818810093355,0.9168327276060365,0.9168327276060365,0.9569282423541112,0.8754722328192883
178,0.8378120905266652,0.8378120905266652,0.8733560364594859,0.8204358976001201,0.8489295360113134,0.8489295360113134,0.9055594872917936,0.8046104200428429,0.9914971298958896,0.9914971298958896,1.0390404936259521,0.9210762559213457,1.3485798353211262,1.3485798353211262,1.3705677995680599,0.9967962509802824,1.3757543571989630,1.3757543571989630,1.3404898488573669,1.0902850858382129,1.0522421207122736,1.0522421207122736,1.0736461070185128,1.0078922346573882,0.9093701189026967,0.9093701189026967,0.9496392415159097,0.8690260865405625
179,0.8367892829322824,0.8367892829322824,0.8727916737941323,0.8193562530233326,0.8562131399028452,0.8562131399028452,0.9135879211782920,0.8100013258754795,1.0079546563595416,1.0079546563595416,1.0540457942215498,0.9350990304968260,1.3954771079644543,1.3954771079644543,1.4113540040032155,1.0192043367114212,1.3201920861763312,1.3201920861763312,1.3018609520684921,1.0585830253487123,1.0360945581550207,1.0360945581550207,1.0593447118578621,0.9944600219344896,0.9009131324652903,0.9009131324652903,0.9416488662027376,0.8613964495168783
180,0.8360919371790685,0.8360919371790685,0.8726493418609345,0.8187120587576530,0.8639717572314985,0.8639717572314985,0.9212986327536655,0.8167345916343326,1.0246308362523258,1.0246308362523258,1.0676274214882195,0.9500447633278457,1.4441535536880150,1.4441535536880150,1.4432298733325137,1.0474163459215546,1.2892681534559038,1.2892681534559038,1.2793582826930772,1.0341518471675828,1.0249496616830154,1.0249496616830154,1.0502846526664067,0.9841501712583522,0.8940046337843217,0.8940046337843217,0.9351739153743922,0.8550498430583255
181,0.8355703864811391,0.8355703864811391,0.8723936715364867,0.8180874821323443,0.8721857086848145,0.8721857086848145,0.9289243104094758,0.8238225188747110,1.0418155441410788,1.0418155441410788,1.0809408842022667,0.9660336093291964,1.4908333718437590,1.4908333718437590,1.4719180620837420,1.0766446500201416,1.2668992337980829,1.2668992337980829,1.2594342389673796,1.0187287919238157,1.0169540872821099,1.0169540872821099,1.0431306632366981,0.9759816232933481,0.8878430155236772,0.8878430155236772,0.9293784594807888,0.8496024567050768
182,0.8354829709312820,0.8354829709312820,0.8726954373018323,0.8178076855365543,0.8806372959013631,0.8806372959013631,0.9368297274183766,0.8313421632982917,1.0589362890972434,1.0589362890972434,1.0939058979658449,0.9821191653839157,1.5365655332269068,1.5365655332269068,1.4983522123063524,1.1074629034884176,1.2447103282012222,1.2447103282012222,1.2426666275090661,1.0063203325203078,1.0092013857405751,1.0092013857405751,1.0358989149864253,0.9686943900692097,0.8819589685658766,0.8819589685658766,0.9237974558597638,0.8442386214858942
183,0.8356420236003489,0.8356420236003489,0.8729318603278200,0.8176746534127891,0.8891832792953781,0.8891832792953781,0.9448544827751555,0.8385720577581859,1.0753833818910405,1.0753833818910405,1.1074283200715462,0.9960553038699199,1.5778349354671375,1.5778349354671375,1.5255486339715447,1.1306523945895919,1.2225946697050283,1.2225946697050283,1.2236382775369687,0.9915242231113144,1.0009683894921055,1.0009683894921055,1.0285856712216941,0.9609684587434641,0.8759686945993617,0.8759686945993617,0.9181943268609796,0.8391630745762083
184,0.8362518016001945,0.8362518016001945,0.8735939306165662,0.8177829795707121,0.8979156677178969,0.8979156677178969,0.9535582262803994,0.8461900529663707,1.0927205120872383,1.0927205120872383,1.1215572743061804,1.0106167607691832,1.6217076138740700,1.6217076138740700,1.5549391612755203,1.1549152652828991,1.2027596031397598,1.2027596031397598,1.2096091702585035,0.9761452793259821,0.9927055640956961,0.9927055640956961,1.0211795439230167,0.9527967047021998,0.8702841943675304,0.8702841943675304,0.9128118780188836,0.8340678492836217
185,0.8369022179374954,0.8369022179374954,0.8741382491207847,0.8177823052143244,0.9068215567017331,0.9068215567017331,0.9617993305130090,0.8543569310750690,1.1102976166900975,1.1102976166900975,1.1352243183066315,1.0256916235010076,1.6600277896264428,1.6600277896264428,1.5802579978763678,1.1796086107908366,1.1716643466923493,1.1716643466923493,1.1899506557875266,0.9522800417711528,0.9824187477322019,0.9824187477322019,1.0131141570586863,0.9421172646793979,0.8640089274055819,0.8640089274055819,0.9072001447065262,0.8283254511733852
186,0.8379428840771770,0.8379428840771770,0.8751940308681566,0.8183100197403017,0.9171299031793582,0.9171299031793582,0.9709533089464841,0.8640587656029656,1.1310188850218239,1.1310188850218239,1.1510498761633274,1.0442986011365478,1.7157517376067031,1.7157517376067031,1.6123183481321877,1.2163122036269609,1.1418267057190965,1.1418267057190965,1.1666121302370402,0.9272237948385872,0.9714243597528489,0.9714243597528489,1.0042861287642919,0.9304817014696586,0.8579600543358391,0.8579600543358391,0.9015931642530949,0.8227872982790065
187,0.8391532571317004,0.8391532571317004,0.8761623416126546,0.8190274123266152,0.9262407151021101,0.9262407151021101,0.9789511169343873,0.8731519370577936,1.1477922946206467,1.1477922946206467,1.1627545348593498,1.0604515611678575,1.7460471014451098,1.7460471014451098,1.6279627052817884,1.2442444042075846,1.1061590921232924,1.1061590921232924,1.1393598530659172,0.9039836260351939,0.9593396179952377,0.9593396179952377,0.9938262328648768,0.9191181203959947,0.8516174758489276,0.8516174758489276,0.8954432925861245,0.8176289381746131
188,0.8407215621097540,0.8407215621097540,0.8772816271855186,0.8202082716666914,0.9353533336502683,0.9353533336502683,0.9864106619223987,0.8824068314114797,1.1635487994401383,1.1635487994401383,1.1729843801648028,1.0759812175786867,1.7740159493737400,1.7740159493737400,1.6404146995963007,1.2741464949725494,1.0659662974778292,1.0659662974778292,1.1095392348288866,0.8831648947373638,0.9465715313409068,0.9465715313409068,0.9824654378613051,0.9076410798457886,0.8458389459988114,0.8458389459988114,0.8892222099811066,0.8129252307084900
189,0.8423692158515782,0.8423692158515782,0.8785466160336672,0.8216388880907397,0.9442516089984647,0.9442516089984647,0.9937269153457536,0.8917095327987256,1.1781229728886873,1.1781229728886873,1.1822658431084854,1.0910573624513704,1.7920387255691248,1.7920387255691248,1.6466861146466345,1.2987144412953555,1.0239932258432820,1.0239932258432820,1.0782591406530564,0.8636685686509052,0.9332951378356368,0.9332951378356368,0.9706966314720271,0.8962481097397395,0.8399356026402783,0.8399356026402783,0.8830487379111930,0.8086200104961079
190,0.8443772367731098,0.8443772367731098,0.8800604099278320,0.8234265455695384,0.9531079448283062,0.9531079448283062,1.0007649692656679,0.9013082272864197,1.1918789349229670,1.1918789349229670,1.1906410821641520,1.1052246526179641,1.8061584408197493,1.8061584408197493,1.6473500586918317,1.3220368181001767,0.9677555917229783,0.9677555917229783,1.0405839052719814,0.8375161050491545,0.9171675623216735,0.9171675623216735,0.9554468278134197,0.8824256462898326,0.8340239340787537,0.8340239340787537,0.8761387365994244,0.8044194136861482
191,0.8465341127284668,0.8465341127284668,0.8816828836314540,0.8252424647114965,0.9619291159850656,0.9619291159850656,1.0076334686296722,0.9103526509610524,1.2040377894064220,1.2040377894064220,1.1978817083826794,1.1181092524365637,1.8095648159462780,1.8095648159462780,1.6439516765479374,1.3424048275358935,0.9169891435795875,0.9169891435795875,1.0018652521153137,0.8166288602095004,0.9028300385181071,0.9028300385181071,0.9429200063769944,0.8695265328028698,0.8290594025645528,0.8290594025645528,0.8701421856057419,0.8007518550730137
192,0.8489819510624836,0.8489819510624836,0.8837293495753552,0.8275371768887569,0.9703796063219032,0.9703796063219032,1.0144247188695661,0.9197105143100982,1.2155783355415226,1.2155783355415226,1.2048681006746940,1.1304976637427091,1.8084454195499651,1.8084454195499651,1.6373300286726333,1.3589565841584308,0.8917437233752480,0.8917437233752480,0.9819309238058065,0.8076301226888262,0.8938520706561076,0.8938520706561076,0.9357605008753466,0.8609581158820768,0.8258699463083673,0.8258699463083673,0.8661658454931730,0.7983111616404813
193,0.8515243077768744,0.8515243077768744,0.8856577572490848,0.8298505258243698,0.9785392299683656,0.9785392299683656,1.0206449415309036,0.9286983221417675,1.2253041791849126,1.2253041791849126,1.2106951349384523,1.1415673015938268,1.7979359430079793,1.7979359430079793,1.6262218421223782,1.3703585518572488,0.8719459010984542,0.8719459010984542,0.9672183591850848,0.7995145528785144,0.8869912152128839,0.8869912152128839,0.9305234354134592,0.8532320064409835,0.8231262433627475,0.8231262433627475,0.8627941837601821,0.7961176778931400
194,0.8543144010727816,0.8543144010727816,0.8877733663543328,0.8323988573085503,0.9866675602819016,0.9866675602819016,1.0268963033740528,0.9376154029309431,1.2342813692130656,1.2342813692130656,1.2168396408393554,1.1525369324579384,1.7861748676255245,1.7861748676255245,1.6128530618836796,1.3834515369257125,0.8498091375054578,0.8498091375054578,0.9484639531271887,0.7912948049429632,0.8796792885426876,0.8796792885426876,0.9245427678665886,0.8453407840724887,0.8202603083670031,0.8202603083670031,0.8594285860196142,0.7937386433936967
195,0.8570223044727115,0.8570223044727115,0.8897867931457820,0.8350384108204556,0.9944568257201220,0.9944568257201220,1.0326042693851436,0.9461688423843470,1.2429289157588483,1.2429289157588483,1.2215681719152336,1.1622932917434246,1.7688761160308455,1.7688761160308455,1.5969483712438604,1.3917185249962443,0.8284135352531053,0.8284135352531053,0.9292888140952632,0.7831463861742426,0.8719206817383625,0.8719206817383625,0.9180040873648226,0.8372062561389125,0.8177334479179088,0.8177334479179088,0.8558854116360668,0.7919575037613891
196,0.8601227407276880,0.8601227407276880,0.8923016304512525,0.8380750989396194,1.0023294540163648,1.0023294540163648,1.0387096877003501,0.9549333511737539,1.2509338087266149,1.2509338087266149,1.2267364342021456,1.1719265655064415,1.7481265099826317,1.7481265099826317,1.5810820751115915,1.4025262502879094,0.8324483331711827,0.8324483331711827,0.9238248952058696,0.7937331361985652,0.8704340696851840,0.8704340696851840,0.9167339673163396,0.8347610886444493,0.8168622702808265,0.8168622702808265,0.8539201864159772,0.7917476830037095
197,0.8631790886989583,0.8631790886989583,0.8946462456298969,0.8411374126015176,1.0098872133132659,1.0098872133132659,1.0442258568828080,0.9635518731898394,1.2577888810338560,1.2577888810338560,1.2312129309240551,1.1805738729488455,1.7239161651859931,1.7239161651859931,1.5619372626150969,1.4077789788412143,0.8405340681990099,0.8405340681990099,0.9197363056604696,0.8021912737179974,0.8687313855806829,0.8687313855806829,0.9160610065397408,0.8323356919535908,0.8162161312703465,0.8162161312703465,0.8520765688277204,0.7914162662383554
198,0.8665686608904620,0.8665686608904620,0.8972589744501465,0.8445322452677028,1.0173448984671387,1.0173448984671387,1.0498049032593093,0.9719571022869656,1.2645367436030235,1.2645367436030235,1.2351004920973816,1.1890019343043510,1.7013614397834598,1.7013614397834598,1.5403174090587202,1.4129605854686236,0.8524745870839540,0.8524745870839540,0.9169061751884993,0.8157306758324369,0.8679312981811111,0.8679312981811111,0.9156060195736478,0.8301999108182391,0.8158309131567274,0.8158309131567274,0.8509274422635758,0.7912576912694799
199,0.8699378885459863,0.8699378885459863,0.8999482020872049,0.8479002875937565,1.0246314058637873,1.0246314058637873,1.0550411619942710,0.9803381285388372,1.2707907457990615,1.2707907457990615,1.2390826348900885,1.1969596331275634,1.6748851203832471,1.6748851203832471,1.5171355545610328,1.4167861964299473,0.8666038286549197,0.8666038286549197,0.9158178792290103,0.8251386175207178,0.8661680472787621,0.8661680472787621,0.9148077905826848,0.8271528915635931,0.8153394680343937,0.8153394680343937,0.8495242835844167,0.7910196648296424
200,0.8735603828439290,0.8735603828439290,0.9029241163959111,0.8516481151763655,1.0321196100825554,1.0321196100825554,1.0610754050367646,0.9887959539251214,1.2775658266374155,1.2775658266374155,1.2446090609062039,1.2050920694335669,1.6581398893024182,1.6581398893024182,1.5022309940203262,1.4198313378360499,0.8848969816773412,0.8848969816773412,0.9203720799323361,0.8371406883816254,0.8647651688236084,0.8647651688236084,0.9143036927825513,0.8245554354467692,0.8147583172364141,0.8147583172364141,0.8482619898103253,0.7910076118201156
201,0.8771364550709958,0.8771364550709958,0.9058790057894205,0.8553090120900810,1.0396785953038392,1.0396785953038392,1.0667044109796893,0.9970932537264471,1.2844791157981945,1.2844791157981945,1.2497866713764267,1.2128874858566190,1.6418382159547862,1.6418382159547862,1.4853823603656142,1.4217937415018755,0.8976084573337088,0.8976084573337088,0.9228366401979831,0.8453491738171507,0.8621780580535323,0.8621780580535323,0.9134019039893723,0.8211892334888832,0.8142495763435242,0.8142495763435242,0.8469093097707948,0.7907067785415198
202,0.8809878634495862,0.8809878634495862,0.9090687244835675,0.8593794272465392,1.0470022675659840,1.0470022675659840,1.0724392388124528,1.0053545485883655,1.2905717741429990,1.2905717741429990,1.2542540032127374,1.2200031844613923,1.6215815891142202,1.6215815891142202,1.4667488503355199,1.4234548127974600,0.9134521776507868,0.9134521776507868,0.9264166103258900,0.8574967186367257,0.8600878978597988,0.8600878978597988,0.9119260878388934,0.8177313021268852,0.8134729446163852,0.8134729446163852,0.8456954459902433,0.7905964976040133
203,0.8847749404774982,0.8847749404774982,0.9120734484428348,0.8633191398740262,1.0540932722847629,1.0540932722847629,1.0772712870142791,1.0133386652825427,1.2953614334568002,1.2953614334568002,1.2581096705841799,1.2264437443223832,1.6023430446473428,1.6023430446473428,1.4453275244767199,1.4263651968702871,0.9265509939072897,0.9265509939072897,0.9271374661547268,0.8666306061577105,0.8575660478144039,0.8575660478144039,0.9095230377891929,0.8139793023256857,0.8127117371025407,0.8127117371025407,0.8448078905587201,0.7900322199743331
204,0.8888328382861053,0.8888328382861053,0.9152043831904112,0.8673740448335662,1.0615237935352089,1.0615237935352089,1.0827899370656175,1.0217241387003266,1.3023294615811656,1.3023294615811656,1.2622738280048802,1.2342400765603347,1.5858399787913233,1.5858399787913233,1.4248229845421061,1.4317264799420639,0.9373332154206749,0.9373332154206749,0.9293888550468657,0.8762384572214507,0.8544264164309596,0.8544264164309596,0.9068112656486940,0.8093123239828881,0.8116048077869442,0.8116048077869442,0.8439654053411511,0.7895427201996761
205,0.8930432440128034,0.8930432440128034,0.9187840742183239,0.8717818834044039,1.0686135078072689,1.0686135078072689,1.0878112156799931,1.0299295018986527,1.3067999110824511,1.3067999110824511,1.2655730035227595,1.2402941625338106,1.5631332823548536,1.5631332823548536,1.4014566491178970,1.4311827715348895,0.9471359121471792,0.9471359121471792,0.9311334944458405,0.8847566614076875,0.8506977729384440,0.8506977729384440,0.9040532296790265,0.8041918639646169,0.8105806787460627,0.8105806787460627,0.8431490608476754,0.7892249143158283
206,0.8972829742826341,0.8972829742826341,0.9221834290931497,0.8760750813893241,1.0751092939770877,1.0751092939770877,1.0925727729867285,1.0372837459592552,1.3095711845234623,1.3095711845234623,1.2673365108096930,1.2444711942896307,1.5327959102631636,1.5327959102631636,1.3751451740291665,1.4272195957958469,0.9540633498034474,0.9540633498034474,0.9296674737718895,0.8902940572537428,0.8461820639078937,0.8461820639078937,0.8999190227293971,0.7985407983252788,0.8093298976671461,0.8093298976671461,0.8423678711210840,0.7887506652879194
207,0.9017604971712582,0.9017604971712582,0.9255468638504672,0.8806899473712011,1.0813023413467195,1.0813023413467195,1.0969464592760594,1.0445567437195327,1.3115723321591006,1.3115723321591006,1.2692790999612285,1.2479243659490247,1.5035964676207059,1.5035964676207059,1.3485021951435392,1.4243045326489479,0.9606295178615124,0.9606295178615124,0.9303341017951848,0.8961618197672236,0.8420450487808880,0.8420450487808880,0.8965826888951218,0.7929226840252819,0.8083373914903412,0.8083373914903412,0.8418008878295404,0.7883933386517459
208,0.9060767858071566,0.9060767858071566,0.9290390225783772,0.8852205801097355,1.0874142841400867,1.0874142841400867,1.1015571968642937,1.0512357027407999,1.3132167692557886,1.3132167692557886,1.2711036453862505,1.2503014551017120,1.4716603108305291,1.4716603108305291,1.3250543884472115,1.4185006091699532,0.9641242735967087,0.9641242735967087,0.9304752810820257,0.8992636999826834,0.8368481146915429,0.8368481146915429,0.8922926084287552,0.7865162311959657,0.8071321086138207,0.8071321086138207,0.8414813809855270,0.7880620038796539
209,0.9106445653778444,0.9106445653778444,0.9328262656845876,0.8899934294017243,1.0934839648034191,1.0934839648034191,1.1060655344508001,1.0581110212415903,1.3149334859784274,1.3149334859784274,1.2726888039994302,1.2527366069190162,1.4459364333788314,1.4459364333788314,1.3021206935714948,1.4123513700244401,0.9730144852555863,0.9730144852555863,0.9330585815425655,0.9043196239526325,0.8320413821973331,0.8320413821973331,0.8886189045171581,0.7805176625130891,0.8062407310656037,0.8062407310656037,0.8413322395502604,0.7879661537562745
210,0.9152660727879396,0.9152660727879396,0.9365536827930370,0.8947258173104482,1.0992114835193114,1.0992114835193114,1.1102912240793217,1.0647250687450187,1.3166728845920550,1.3166728845920550,1.2738367975695439,1.2555954147087485,1.4185767051228086,1.4185767051228086,1.2805158232375766,1.4053168500644915,0.9768518884447485,0.9768518884447485,0.9338850880959919,0.9070639197922707,0.8267187720024535,0.8267187720024535,0.8844816726248523,0.7739496590633272,0.8052519680033221,0.8052519680033221,0.8411911288076620,0.7877136145090478
211,0.9200867131250164,0.9200867131250164,0.9403449102126229,0.8997402087995039,1.1054346628198231,1.1054346628198231,1.1148241992602288,1.0715455673736949,1.3198090340527728,1.3198090340527728,1.2771194762933455,1.2594638168434960,1.4043235518911668,1.4043235518911668,1.2626211733649728,1.4058483928790784,0.9820139468273226,0.9820139468273226,0.9380998975336008,0.9096693114649232,0.8214759585637385,0.8214759585637385,0.8807222026914887,0.7673444295058772,0.8041845995360500,0.8041845995360500,0.8413692790715465,0.7877689599609562
212,0.9249449984638312,0.9249449984638312,0.9442964296241605,0.9046997322006471,1.1115646718672507,1.1115646718672507,1.1195247614113821,1.0781210442650742,1.3233897485768711,1.3233897485768711,1.2802349875038237,1.2624453438297376,1.3941624967440600,1.3941624967440600,1.2488281806404147,1.4046112456944233,0.9814664557867465,0.9814664557867465,0.9382130279555064,0.9097519031317797,0.8153332739259971,0.8153332739259971,0.8759847865846224,0.7610915121063563,0.8031509190994881,0.8031509190994881,0.8415822563189408,0.7876512176365998
213,0.9299602056225578,0.9299602056225578,0.9484856593013918,0.9097918585896725,1.1176490636231755,1.1176490636231755,1.1242034234786238,1.0850095332187595,1.3271871507662156,1.3271871507662156,1.2836853836340842,1.2664137529514916,1.3854247800611394,1.3854247800611394,1.2339526500932216,1.4063715133603358,0.9840648656459884,0.9840648656459884,0.9407710844376045,0.9099471197988948,0.8086526047063712,0.8086526047063712,0.8713151647812686,0.7551757670602020,0.8022015232761591,0.8022015232761591,0.8419263469160201,0.7876967238970579
214,0.9349951992377233,0.9349951992377233,0.9527714319565673,0.9150113770308564,1.1235995715320439,1.1235995715320439,1.1284049887959613,1.0916367511750826,1.3302938137686482,1.3302938137686482,1.2863776604276069,1.2698194853991003,1.3728358949816319,1.3728358949816319,1.2190031398851391,1.4036866606577825,0.9806036297704193,0.9806036297704193,0.9394368934288494,0.9060728197899938,0.8010028667211778,0.8010028667211778,0.8656446428276322,0.7479061672554947,0.8011590013449472,0.8011590013449472,0.8421829193521848,0.7872933990408538
215,0.9400710848628627,0.9400710848628627,0.9574267650016003,0.9202785295550659,1.1290988747457495,1.1290988747457495,1.1323774587042539,1.0980543536765668,1.3329823739138535,1.3329823739138535,1.2889410789296094,1.2723953063849409,1.3591127870634760,1.3591127870634760,1.2021591884874456,1.4001754834741018,0.9672465864471593,0.9672465864471593,0.9356680609437116,0.8965156499763699,0.7917055604175249,0.7917055604175249,0.8595669991773121,0.7394271642392924,0.7996367799266302,0.7996367799266302,0.8424304777455586,0.7864755982448018
216,0.9450121689116988,0.9450121689116988,0.9621151984962142,0.9254254627268775,1.1340699335951909,1.1340699335951909,1.1360861865863756,1.1040310880957593,1.3344952560428065,1.3344952560428065,1.2906420816967588,1.2736756156141971,1.3433868738931971,1.3433868738931971,1.1870982405623272,1.3940767783285670,0.9473246165421170,0.9473246165421170,0.9283510470442602,0.8798574738964319,0.7799477279512982,0.7799477279512982,0.8507569426011715,0.7284509840470722,0.7977719989929688,0.7977719989929688,0.8421472729102392,0.7855342336027854
217,0.9501098196389212,0.9501098196389212,0.9670640834913263,0.9307570469386803,1.1389724697238739,1.1389724697238739,1.1397543650943798,1.1097093492642833,1.3360553165050160,1.3360553165050160,1.2917774277247460,1.2749339452858692,1.3292646875688501,1.3292646875688501,1.1764264403661790,1.3898075911452112,0.9225087471315173,0.9225087471315173,0.9192585399944052,0.8628041717739193,0.7677977254690058,0.7677977254690058,0.8418417247825747,0.7176734024676380,0.7962248665021342,0.7962248665021342,0.8422168449314158,0.7845256344858579
218,0.9551265995672622,0.9551265995672622,0.9718581932360835,0.9358420619330712,1.1434494165247582,1.1434494165247582,1.1426308042406548,1.1151318128704146,1.3363467031979188,1.3363467031979188,1.2924233688617541,1.2752590595751294,1.3136623280846984,1.3136623280846984,1.1644501633647280,1.3801920939271093,0.9007804292354588,0.9007804292354588,0.9129054720865631,0.8460155384020149,0.7567177868876924,0.7567177868876924,0.8340363050506111,0.7079433172485576,0.7954627554778875,0.7954627554778875,0.8425073429468114,0.7839157686024576
219,0.9602500741568625,0.9602500741568625,0.9770373715442980,0.9410970760423012,1.1478360965776755,1.1478360965776755,1.1458109359567989,1.1203341417638752,1.3360217473063525,1.3360217473063525,1.2922719649516607,1.2752978901268608,1.2957754609440535,1.2957754609440535,1.1542831104751543,1.3708442397459295,0.8817684614454782,0.8817684614454782,0.9067515511197615,0.8289190633627366,0.7458157632750576,0.7458157632750576,0.8262184296723329,0.6978457800669862,0.7950341043285060,0.7950341043285060,0.8433280305699953,0.7834375838979685
220,0.9653391000184575,0.9653391000184575,0.9821094024712766,0.9463760604558595,1.1519854634790399,1.1519854634790399,1.1486440026712645,1.1252424445725795,1.3348040321854673,1.3348040321854673,1.2910873118391515,1.2740805889626783,1.2806710228149947,1.2806710228149947,1.1424697760179405,1.3577905588996713,0.8553262581048228,0.8553262581048228,0.8982349807632444,0.8075221903969115,0.7347877607228989,0.7347877607228989,0.8181537545592207,0.6873157788209803,0.7947735061139317,0.7947735061139317,0.8440887338356984,0.7828369832531840
221,0.9705580062094979,0.9705580062094979,0.9872484311600922,0.9515593475674834,1.1557427281449537,1.1557427281449537,1.1510322239312742,1.1300821583993250,1.3333348504998195,1.3333348504998195,1.2901006202555778,1.2731829071983602,1.2651292046370453,1.2651292046370453,1.1312351685281909,1.3459571805714083,0.8354427739645375,0.8354427739645375,0.8917715873199902,0.7900390361900782,0.7239017873116937,0.7239017873116937,0.8113931856152499,0.6778306022051114,0.7951035455565599,0.7951035455565599,0.8454378082581124,0.7828351794014180
222,0.9756649920853991,0.9756649920853991,0.9923803493819607,0.9567474164789477,1.1591909308217598,1.1591909308217598,1.1536539890548732,1.1344644127940284,1.3308049123789290,1.3308049123789290,1.2884256457635292,1.2713954196778583,1.2522573816163063,1.2522573816163063,1.1193787573064087,1.3350867556871775,0.8186369095285333,0.8186369095285333,0.8902064606566013,0.7727792549004247,0.7154251611188809,0.7154251611188809,0.8056360079508246,0.6699491761807450,0.7960137677503084,0.7960137677503084,0.8472720840202043,0.7833760889514034
223,0.9813141268677276,0.9813141268677276,0.9976747049952910,0.9621936412766680,1.1629790371642483,1.1629790371642483,1.1567385645455119,1.1390574799574706,1.3296425410720565,1.3296425410720565,1.2879926965678388,1.2692967382545657,1.2429735576407033,1.2429735576407033,1.1165188347196207,1.3215408362485375,0.8045126338626974,0.8045126338626974,0.8832690413959408,0.7609705236232946,0.7062779090568962,0.7062779090568962,0.7987734806448784,0.6626188390424413,0.7971388963468633,0.7971388963468633,0.8490055663947258,0.7844857857604838
224,0.9868368312668615,0.9868368312668615,1.0027791008063043,0.9674061709334697,1.1662397379328400,1.1662397379328400,1.1593633238212082,1.1431941994803489,1.3277513250014104,1.3277513250014104,1.2874406038593631,1.2681065452114033,1.2369169559467446,1.2369169559467446,1.1154971662382238,1.3114331004380537,0.7850524931347397,0.7850524931347397,0.8765616228277495,0.7455803173379363,0.6972156019288935,0.6972156019288935,0.7920828412580740,0.6552683748698375,0.7983785126186670,0.7983785126186670,0.8509362924146795,0.7853946810707140
225,0.9925528341250529,0.9925528341250529,1.0082702202032541,0.9731680558257830,1.1699281572663158,1.1699281572663158,1.1624574805985586,1.1471419999743655,1.3273884147455897,1.3273884147455897,1.2882253013643379,1.2673812198111380,1.2386664761423065,1.2386664761423065,1.1199350094401845,1.3023500818493532,0.7731728065876373,0.7731728065876373,0.8786194745518350,0.7340353162697455,0.6898964072429554,0.6898964072429554,0.7870628599176701,0.6494472090733597,0.8002074112820701,0.8002074112820701,0.8534838247990572,0.7871120299451182
226,0.9984801461911116,0.9984801461911116,1.0134357905488631,0.9789860962136581,1.1736165765997915,1.1736165765997915,1.1658199989510296,1.1513420916114976,1.3275260182175883,1.3275260182175883,1.2894204024464300,1.2669452919190596,1.2466616351716022,1.2466616351716022,1.1298136352974297,1.2955504514078224,0.7641745864921835,0.7641745864921835,0.8768047129905220,0.7210703016566257,0.6827570959466257,0.6827570959466257,0.7823514227302600,0.6440186095034115,0.8025506009736907,0.8025506009736907,0.8563951967288105,0.7890747026596856
227,1.0042890946600624,1.0042890946600624,1.0189327944701827,0.9847936534249598,1.1778582749638726,1.1778582749638726,1.1696169259992177,1.1558970157749975,1.3314327471214988,1.3314327471214988,1.2934985932402128,1.2697495171407920,1.2695759018007657,1.2695759018007657,1.1512752285665875,1.2989231279989697,0.7556257808109894,0.7556257808109894,0.8776293496196194,0.7104169151738167,0.6765085708296451,0.6765085708296451,0.7776796656732523,0.6390224739978978,0.8055876221177354,0.8055876221177354,0.8595368364789479,0.7915927977316278
228,1.0099472601840476,1.0099472601840476,1.0240683292226536,0.9906273879251316,1.1823884526919000,1.1823884526919000,1.1734088913096445,1.1604952998061449,1.3361026460508794,1.3361026460508794,1.2978002239448960,1.2732845626521854,1.2957841097020824,1.2957841097020824,1.1728108014966347,1.3036368272191723,0.7455636155414457,0.7455636155414457,0.8744027951898971,0.6976489943111497,0.6697821736776440,0.6697821736776440,0.7735255296895196,0.6345266645043266,0.8087026678386549,0.8087026678386549,0.8625859593717138,0.7942490514501860
229,1.0158600114475473,1.0158600114475473,1.0294842983396291,0.9967224048729934,1.1870635475864273,1.1870635475864273,1.1774124148525462,1.1651984343259225,1.3402558515035348,1.3402558515035348,1.3018884961128379,1.2767386501264784,1.3199536817822990,1.3199536817822990,1.1934286520510917,1.3105272316977012,0.7342376274163319,0.7342376274163319,0.8711940050413005,0.6862016015765164,0.6634633910751597,0.6634633910751597,0.7689144494238445,0.6303126334909595,0.8121129033152611,0.8121129033152611,0.8660762786861694,0.7971416097500778
230,1.0215224386698425,1.0215224386698425,1.0347799411926653,1.0024910333291841,1.1913948029527801,1.1913948029527801,1.1808858023798201,1.1696545800927112,1.3427614443947640,1.3427614443947640,1.3045067206307215,1.2791347882290716,1.3395554740863904,1.3395554740863904,1.2117877818199125,1.3135424270297424,0.7153200118238201,0.7153200118238201,0.8667417152139062,0.6715556588345347,0.6561049793876150,0.6561049793876150,0.7638204459567708,0.6253129356784899,0.8156083269155023,0.8156083269155023,0.8692198031907086,0.8000658994423970
231,1.0270853755304024,1.0270853755304024,1.0398516043368708,1.0083927552142662,1.1952119443464377,1.1952119443464377,1.1841373660102856,1.1737966875281374,1.3457723898172236,1.3457723898172236,1.3069462298794274,1.2825152441854590,1.3601667000061417,1.3601667000061417,1.2268777597385445,1.3185677525831447,0.6955941951714104,0.6955941951714104,0.8605560055335113,0.6531227004588526,0.6488836000802014,0.6488836000802014,0.7579168254792464,0.6209907886490141,0.8188954268315816,0.8188954268315816,0.8723565261902327,0.8029907630875509
232,1.0325971720112430,1.0325971720112430,1.0449235739667206,1.0143189991498121,1.1997990307747557,1.1997990307747557,1.1876399251337075,1.1783442567633975,1.3493308760881528,1.3493308760881528,1.3100043689060565,1.2862984755345694,1.3859795361118510,1.3859795361118510,1.2452125417708702,1.3258193815800374,0.6663810167682477,0.6663810167682477,0.8478779185827624,0.6318018493682023,0.6405069091038377,0.6405069091038377,0.7512914892666915,0.6149304139404542,0.8225514171375833,0.8225514171375833,0.8755685574199822,0.8061645582763999
233,1.0379621935729095,1.0379621935729095,1.0499852456789232,1.0200964555441698,1.2038518077392317,1.2038518077392317,1.1910116825840791,1.1824266695486898,1.3525391539622151,1.3525391539622151,1.3130683734594690,1.2894831302654812,1.4100737404435300,1.4100737404435300,1.2663950725217363,1.3316120752812590,0.6438494637174211,0.6438494637174211,0.8390668351444248,0.6148865128710067,0.6361173304298059,0.6361173304298059,0.7468288091299651,0.6131179121613416,0.8274854229074817,0.8274854229074817,0.8795705465815832,0.8107040332385634
234,1.0433873862559522,1.0433873862559522,1.0549702346829299,1.0260242934129957,1.2072180670494059,1.2072180670494059,1.1940002741131988,1.1855924530214703,1.3521476645237485,1.3521476645237485,1.3140108902944563,1.2898075119028221,1.4168370692221368,1.4168370692221368,1.2753335011697033,1.3284967477640754,0.6255898305546267,0.6255898305546267,0.8314263243360531,0.6027023649263475,0.6335502067030196,0.6335502067030196,0.7439809145690277,0.6138645716992780,0.8332307164820889,0.8332307164820889,0.8841242771078269,0.8164383140158533
235,1.0486572806232006,1.0486572806232006,1.0600875028910024,1.0317876496283367,1.2099935598517988,1.2099935598517988,1.1963525655480407,1.1882173927013482,1.3499782172569732,1.3499782172569732,1.3134151727305301,1.2886574315522501,1.4178810978699121,1.4178810978699121,1.2817013707146145,1.3190188153236921,0.6109168223719323,0.6109168223719323,0.8204938117464434,0.5909931190661127,0.6333476107642182,0.6333476107642182,0.7414138058635831,0.6164162521717197,0.8395130824543402,0.8395130824543402,0.8890779852964532,0.8229053685764113
236,1.0541199661044698,1.0541199661044698,1.0648975498892614,1.0376170927696773,1.2123053306258582,1.2123053306258582,1.1985858608238156,1.1905348792763111,1.3463804157083301,1.3463804157083301,1.3118166333843762,1.2862744811842073,1.4130575619635035,1.4130575619635035,1.2834319329085844,1.3076439862544922,0.5966212229791136,0.5966212229791136,0.8130038298465577,0.5810173596681939,0.6347701734286724,0.6347701734286724,0.7398935052619805,0.6199509512486152,0.8463860860837943,0.8463860860837943,0.8941993546809891,0.8299839288856112
237,1.0593507949038774,1.0593507949038774,1.0697248826778574,1.0433268683047554,1.2145496755588701,1.2145496755588701,1.2006752657045145,1.1925010397441833,1.3417132386058683,1.3417132386058683,1.3091481852934106,1.2834946166387970,1.4043865642710918,1.4043865642710918,1.2842644382064412,1.2927336488164367,0.5827750380005544,0.5827750380005544,0.8071603163183734,0.5715043013130047,0.6365976251367403,0.6365976251367403,0.7390961659600398,0.6237845278791025,0.8535668640781083,0.8535668640781083,0.8994432331016368,0.8371541576618241
238,1.0646973998407046,1.0646973998407046,1.0745950008623928,1.0490940867430447,1.2166000018277385,1.2166000018277385,1.2027543193736772,1.1943266013512819,1.3358551110138881,1.3358551110138881,1.3060817978697423,1.2802854180685832,1.3921695757868273,1.3921695757868273,1.2830582887985227,1.2797389243034865,0.5734205142120273,0.5734205142120273,0.8033372560276940,0.5642127710879195,0.6398903391017453,0.6398903391017453,0.7397102293233510,0.6286367461836019,0.8612813585742870,0.8612813585742870,0.9053738176912591,0.8447968316141800
239,1.0699279749675936,1.0699279749675936,1.0792128813616961,1.0549056287875467,1.2179470991572987,1.2179470991572987,1.2044198378646012,1.1959788090102126,1.3289590600902605,1.3289590600902605,1.3004710549061174,1.2761626025548032,1.3732003783557074,1.3732003783557074,1.2744429358848195,1.2612294430891955,0.5674328741016005,0.5674328741016005,0.7993889108069704,0.5582445846158745,0.6432701178386567,0.6432701178386567,0.7407572153649977,0.6338695969863287,0.8692351542541313,0.8692351542541313,0.9112758031814815,0.8528538175198597
240,1.0750606325023617,1.0750606325023617,1.0838797995640825,1.0604555818587280,1.2192405784257005,1.2192405784257005,1.2056021857542238,1.1972783222033103,1.3211811372449886,1.3211811372449886,1.2949798220507014,1.2716622881395214,1.3512597147732268,1.3512597147732268,1.2646261158202161,1.2444643206889718,0.5601987918035584,0.5601987918035584,0.7976545559918052,0.5514101241835060,0.6479794892053258,0.6479794892053258,0.7422036717777349,0.6402373987851744,0.8773348668639291,0.8773348668639291,0.9177474761760847,0.8608059340433304
241,1.0800867983138853,1.0800867983138853,1.0881780768335441,1.0659662383440416,1.2201356967920665,1.2201356967920665,1.2066034302155610,1.1984073036881464,1.3128971058054530,1.3128971058054530,1.2882933048154817,1.2675830654149494,1.3304075591655273,1.3304075591655273,1.2537585972807024,1.2297832578804480,0.5519355256673359,0.5519355256673359,0.7950263773473690,0.5444208043757817,0.6526394986317487,0.6526394986317487,0.7435898072747484,0.6460785135006046,0.8856128291687875,0.8856128291687875,0.9240710730313876,0.8691624413354124
242,1.0849656818611979,1.0849656818611979,1.0925614345178543,1.0710962513010331,1.2208423454151791,1.2208423454151791,1.2072616303937505,1.1995976047491226,1.3049374254070576,1.3049374254070576,1.2817508595818758,1.2639025884975430,1.3091723871308334,1.3091723871308334,1.2403027270614631,1.2161877402566439,0.5413991164578827,0.5413991164578827,0.7948104010873673,0.5366562491496096,0.6583262666986894,0.6583262666986894,0.7463332523444474,0.6521944601976750,0.8939045377390505,0.8939045377390505,0.9306138750181948,0.8778035472401972
243,1.0897562873720907,1.0897562873720907,1.0967357076956454,1.0763752970197176,1.2214003990986433,1.2214003990986433,1.2075111715842597,1.2007471116150934,1.2965138247316377,1.2965138247316377,1.2736668805905411,1.2598717207996553,1.2873651615293702,1.2873651615293702,1.2255002397237558,1.2041952734099308,0.5334275972480443,0.5334275972480443,0.7940381223394825,0.5305050470521442,0.6638634347749456,0.6638634347749456,0.7491674456944386,0.6585312699260052,0.9023996006862636,0.9023996006862636,0.9371061164195299,0.8860140245325030
244,1.0945288821341734,1.0945288821341734,1.1008005042013043,1.0816724890557450,1.2219255463907828,1.2219255463907828,1.2076289700824878,1.2017839854520869,1.2879840728063903,1.2879840728063903,1.2654104184522357,1.2559315187768005,1.2611050610798802,1.2611050610798802,1.2096798297102662,1.1936018497107663,0.5230935486726364,0.5230935486726364,0.7929432816448418,0.5217784866154286,0.6696887493919635,0.6696887493919635,0.7522562680426618,0.6647065290338897,0.9109800453664835,0.9109800453664835,0.9437738038719120,0.8950628009363824
245,1.0989926559722976,1.0989926559722976,1.1046057686633974,1.0867297941331120,1.2217831455953838,1.2217831455953838,1.2072878078378011,1.2025684826235437,1.2792733193910522,1.2792733193910522,1.2559901991405864,1.2514949450785118,1.2376273896419763,1.2376273896419763,1.1889655246612318,1.1805687567904251,0.5179612857208419,0.5179612857208419,0.7916044158252642,0.5193730043182355,0.6765380971435960,0.6765380971435960,0.7557564825948765,0.6728857639197612,0.9197649415434273,0.9197649415434273,0.9504583721680662,0.9039187291878340
246,1.1034704832679438,1.1034704832679438,1.1082793055955849,1.0916884592624891,1.2217639179392765,1.2217639179392765,1.2068518592924342,1.2032576222951448,1.2709903464397629,1.2709903464397629,1.2471492005987854,1.2469819924176195,1.2181565642451797,1.2181565642451797,1.1719848513586035,1.1741481313487319,0.5157849777976451,0.5157849777976451,0.7930498673315959,0.5193279543181319,0.6845533557538019,0.6845533557538019,0.7602116893438142,0.6819267208582415,0.9284945299764656,0.9284945299764656,0.9571747354515189,0.9132744883649656
247,1.1077369506212189,1.1077369506212189,1.1118992075400251,1.0962691782890954,1.2212243176438884,1.2212243176438884,1.2058467652069718,1.2034328577365834,1.2616502461557890,1.2616502461557890,1.2370491300734123,1.2420787194466349,1.1900382163563357,1.1900382163563357,1.1534496687258939,1.1661122895373603,0.5165720737607408,0.5165720737607408,0.7919073435665652,0.5184410324410943,0.6924129576935386,0.6924129576935386,0.7642827283728481,0.6911137323819097,0.9374158562241401,0.9374158562241401,0.9640011520028633,0.9228453978618126
248,1.1119675486803855,1.1119675486803855,1.1151195747985989,1.1009376862563616,1.2201560858502205,1.2201560858502205,1.2045973483103698,1.2030996623828283,1.2512841683360885,1.2512841683360885,1.2255341845092864,1.2360240839842194,1.1627415004802377,1.1627415004802377,1.1304401212864805,1.1585967607628029,0.5176546410790680,0.5176546410790680,0.7902851842111412,0.5213674053644842,0.7005192179175111,0.7005192179175111,0.7695726413626703,0.7005517084306142,0.9462028821041748,0.9462028821041748,0.9708041320429516,0.9325035481895197
249,1.1160506108028228,1.1160506108028228,1.1184223253983516,1.1054972550144431,1.2186473600691541,1.2186473600691541,1.2026312169488769,1.2021991968079597,1.2383068000131510,1.2383068000131510,1.2122483997497480,1.2279925704801213,1.1255580186402359,1.1255580186402359,1.1042166726296945,1.1434880305840920,0.5208924112237898,0.5208924112237898,0.7884601380660187,0.5230126689099308,0.7082734336289923,0.7082734336289923,0.7751573972945403,0.7099645702152803,0.9550026862027547,0.9550026862027547,0.9772147553841077,0.9418665227737151
250,1.1201340788012895,1.1201340788012895,1.1216190932623167,1.1099199294258113,1.2166384571399531,1.2166384571399531,1.2006064857534795,1.2008970324197989,1.2247011433098238,1.2247011433098238,1.1983579158383963,1.2191426847819868,1.0861678679660007,1.0861678679660007,1.0760688163383800,1.1269025846282357,0.5240606586966924,0.5240606586966924,0.7872175733493856,0.5248935064142519,0.7164170938506360,0.7164170938506360,0.7808092357787046,0.7201208854616225,0.9636821943449290,0.9636821943449290,0.9839074363187736,0.9515365621244247
251,1.1240032949906749,1.1240032949906749,1.1245164246518329,1.1140987320453186,1.2142227408827095,1.2142227408827095,1.1980788225529384,1.1992072804178755,1.2099715233016983,1.2099715233016983,1.1839723448069941,1.2096063042353185,1.0411498468886686,1.0411498468886686,1.0438651890177997,1.1071999395255672,0.5250886010585903,0.5250886010585903,0.7840901249091012,0.5272229668362703,0.7241295184716021,0.7241295184716021,0.7868810074814766,0.7297065191336449,0.9724026186010309,0.9724026186010309,0.9902661879409608,0.9610490924186660
252,1.1276869243655636,1.1276869243655636,1.1272412046236264,1.1181743581375003,1.2113951140328845,1.2113951140328845,1.1955256662859690,1.1970160249368917,1.1949843882245466,1.1949843882245466,1.1687919948964580,1.1999585605968921,0.9970362387937879,0.9970362387937879,1.0133087797162630,1.0894578264590955,0.5268204604726574,0.5268204604726574,0.7826484132514276,0.5301183678845891,0.7320601349818155,0.7320601349818155,0.7928611412149337,0.7396736758806340,0.9810546987488529,0.9810546987488529,0.9968449641530879,0.9705549812586782
253,1.1311732472556035,1.1311732472556035,1.1297496670276961,1.1218557922684793,1.2081253156149268,1.2081253156149268,1.1920806804300179,1.1944150315350044,1.1787972299014811,1.1787972299014811,1.1532278195770418,1.1889121844442172,0.9486970946333547,0.9486970946333547,0.9793792724587307,1.0668429256539713,0.5244306186288731,0.5244306186288731,0.7776725446119080,0.5307941178861416,0.7396100891675544,0.7396100891675544,0.7988227694167234,0.7497697881394231,0.9891896482643362,0.9891896482643362,1.0030884999192393,0.9795967062420182
254,1.1345943763084021,1.1345943763084021,1.1321797304039622,1.1253547823440087,1.2046607242647944,1.2046607242647944,1.1884977924831857,1.1914771653152418,1.1631375011502083,1.1631375011502083,1.1368168088282904,1.1778143394942002,0.9003530083254764,0.9003530083254764,0.9457850148037100,1.0471992368846108,0.5242518460441952,0.5242518460441952,0.7728920830647709,0.5331958460166595,0.7469451826379276,0.7469451826379276,0.8047319059661872,0.7598245776375249,0.9972913615043103,0.9972913615043103,1.0091027512151294,0.9887575674351700
255,1.1377309862645095,1.1377309862645095,1.1343788874958374,1.1286672209206359,1.2008109345691560,1.2008109345691560,1.1844393476360990,1.1882882052662633,1.1462081913539890,1.1462081913539890,1.1211886626073939,1.1655034061285376,0.8490139806658731,0.8490139806658731,0.9111222660971093,1.0259918015603646,0.5228291142244670,0.5228291142244670,0.7673645867481907,0.5356773501890273,0.7542708882546344,0.7542708882546344,0.8112465648643463,0.7698298510689411,1.0053206648391946,1.0053206648391946,1.0151542878698361,0.9973785849907435
256,1.1408970729672603,1.1408970729672603,1.1366136582195765,1.1318745212059005,1.1966219509535303,1.1966219509535303,1.1804728660320010,1.1849704484506640,1.1297887704671981,1.1297887704671981,1.1045648432150368,1.1538529584682680,0.7992218451565831,0.7992218451565831,0.8761813913236207,1.0047085652361512,0.5243151613346019,0.5243151613346019,0.7647962456822831,0.5383775345702309,0.7622461727782607,0.7622461727782607,0.8180507285704183,0.7803965440765918,1.0136647770127847,1.0136647770127847,1.0214995184278368,1.0063273296148771
257,1.1437882801290209,1.1437882801290209,1.1384148130538063,1.1349232864349175,1.1922350128112691,1.1922350128112691,1.1759783015451422,1.1809106991070413,1.1125165104792283,1.1125165104792283,1.0878501081575389,1.1408676190107427,0.7458009378857353,0.7458009378857353,0.8395024627449328,0.9806880705797772,0.5252226804970987,0.5252226804970987,0.7618688791452038,0.5450665210439318,0.7703141245025944,0.7703141245025944,0.8257588163233233,0.7909098024799054,1.0218081808041741,1.0218081808041741,1.0278349154846114,1.0150065623865321
258,1.1465075480577773,1.1465075480577773,1.1402026664110749,1.1376905998297384,1.1874861043644371,1.1874861043644371,1.1712179418992457,1.1768765209674157,1.0952509038459486,1.0952509038459486,1.0703977831070446,1.1276547911322252,0.6964424758147520,0.6964424758147520,0.8032692850343887,0.9592803708852468,0.5256298847177540,0.5256298847177540,0.7615220081821708,0.5542632908567277,0.7788410211376211,0.7788410211376211,0.8338779404046109,0.8017189104758985,1.0298343863891082,1.0298343863891082,1.0337324758992819,1.0235170530248128
259,1.1490152023716445,1.1490152023716445,1.1417784317025106,1.1401473414554373,1.1826084738574234,1.1826084738574234,1.1663589463285438,1.1724446635683032,1.0772151714072959,1.0772151714072959,1.0533188354958478,1.1139604277796427,0.6478203937130874,0.6478203937130874,0.7672983137168702,0.9354676271176726,0.5298384893153792,0.5298384893153792,0.7600167190973105,0.5614440731648919,0.7877994562073146,0.7877994562073146,0.8426493844771761,0.8120504912244662,1.0379405526446359,1.0379405526446359,1.0400663159850287,1.0319211164089050
260,1.1512701481226333,1.1512701481226333,1.1431598850954807,1.1423994465700171,1.1774414606737607,1.1774414606737607,1.1613736830865387,1.1676944917167582,1.0594293934073398,1.0594293934073398,1.0364979710631150,1.1003611260136101,0.6010392615347190,0.6010392615347190,0.7318452000255777,0.9140992316453475,0.5378335965745848,0.5378335965745848,0.7650935636505971,0.5734583450674940,0.7976123373776484,0.7976123373776484,0.8525384558997723,0.8233271520084083,1.0460071580518393,1.0460071580518393,1.0462961667953070,1.0402442524433180
261,1.1534112456473429,1.1534112456473429,1.1443430422766101,1.1445513791084532,1.1722961269949708,1.1722961269949708,1.1563839713899888,1.1626054800316461,1.0414211816630869,1.0414211816630869,1.0197293464782959,1.0859520607135946,0.5590791941890367,0.5590791941890367,0.6975289383383325,0.8919148056548535,0.5443861083935425,0.5443861083935425,0.7675450344459410,0.5820666492539379,0.8079251974642171,0.8079251974642171,0.8620844632353027,0.8347803251020106,1.0538863495870456,1.0538863495870456,1.0524283381600699,1.0484994160634609
262,1.1553149056947849,1.1553149056947849,1.1453934911737715,1.1466424356566132,1.1669928426378224,1.1669928426378224,1.1510147723019071,1.1574160650238163,1.0237335406448089,1.0237335406448089,1.0034605747540388,1.0716743232701424,0.5210036547351959,0.5210036547351959,0.6655126012984847,0.8683697049242017,0.5519913921000478,0.5519913921000478,0.7711240696116834,0.5938932128227755,0.8185792000396646,0.8185792000396646,0.8725244301006144,0.8458612371187315,1.0615381146467295,1.0615381146467295,1.0586121354062712,1.0565369695660261
263,1.1570861486875970,1.1570861486875970,1.1465462449789896,1.1483166786520176,1.1612372567058005,1.1612372567058005,1.1453634385390568,1.1521288978883319,1.0059270465177497,1.0059270465177497,0.9882633614540011,1.0570602985956581,0.4879332751063707,0.4879332751063707,0.6377149778321404,0.8470387420444532,0.5590032501435250,0.5590032501435250,0.7752566023788154,0.6045569232639416,0.8300729612672741,0.8300729612672741,0.8827935766736114,0.8567196830660624,1.0692908147256295,1.0692908147256295,1.0647643015568611,1.0645605842140362
264,1.1584920525193401,1.1584920525193401,1.1473847284045759,1.1498906877661519,1.1550969886069598,1.1550969886069598,1.1392121669231601,1.1463817056481636,0.9881597164557978,0.9881597164557978,0.9727182490966303,1.0421270208472690,0.4610047492149322,0.4610047492149322,0.6114540711192077,0.8262571024607654,0.5663925169768779,0.5663925169768779,0.7773583973246329,0.6144763701617311,0.8411088375031530,0.8411088375031530,0.8929454622334462,0.8674215656226858,1.0765605239581018,1.0765605239581018,1.0707138975821877,1.0721348757858120
265,1.1598191656668533,1.1598191656668533,1.1481087700905928,1.1512121810656371,1.1490987986918384,1.1490987986918384,1.1333363573002149,1.1403513486707564,0.9726726725012530,0.9726726725012530,0.9591855623190584,1.0281742145300972,0.4483652071241124,0.4483652071241124,0.5938131995769966,0.8079254260612131,0.5725179609546606,0.5725179609546606,0.7822856479315979,0.6240842212254714,0.8529947687468282,0.8529947687468282,0.9030124714605371,0.8783387896347875,1.0836912216615517,1.0836912216615517,1.0768706527000165,1.0795607595532108
266,1.1607309154326595,1.1607309154326595,1.1486320023824859,1.1523612230452367,1.1428334217836282,1.1428334217836282,1.1273797911178456,1.1348114627800496,0.9568331519607424,0.9568331519607424,0.9454530810354312,1.0137613028075045,0.4360110740482467,0.4360110740482467,0.5780527224533417,0.7916403766607838,0.5760512024546138,0.5760512024546138,0.7851662663604517,0.6340900139567925,0.8644708141860673,0.8644708141860673,0.9135497703049074,0.8885317966427745,1.0907750013605451,1.0907750013605451,1.0825957990598514,1.0868302821698106
267,1.1615021813577493,1.1615021813577493,1.1490570979710846,1.1534424615553043,1.1362509175943187,1.1362509175943187,1.1210463039600274,1.1287149114484825,0.9416876972844889,0.9416876972844889,0.9315856926357887,0.9998037342528561,0.4288103652207493,0.4288103652207493,0.5656466142576090,0.7754666892232698,0.5810568348255948,0.5810568348255948,0.7883292433629874,0.6424993473094459,0.8759394401925700,0.8759394401925700,0.9235117962273464,0.8987075264620258,1.0972689178398232,1.0972689178398232,1.0883304511375382,1.0939029389641404
268,1.1621615777022032,1.1621615777022032,1.1489802313715023,1.1541976794044579,1.1295847279353073,1.1295847279353073,1.1141609517970754,1.1223753909177321,0.9268163910639867,0.9268163910639867,0.9175949448759855,0.9862361196823402,0.4211228548699106,0.4211228548699106,0.5526580332887977,0.7594483470449483,0.5845515905607910,0.5845515905607910,0.7917007169282086,0.6495656275340137,0.8869198978084180,0.8869198978084180,0.9335670615593407,0.9084080445333730,1.1039204323478262,1.1039204323478262,1.0940092161499222,1.1007158411041797
269,1.1625076884863739,1.1625076884863739,1.1490195841282262,1.1548882203455137,1.1225833447411362,1.1225833447411362,1.1073209396515968,1.1163574346914271,0.9116210362275580,0.9116210362275580,0.9040811377627472,0.9730210938480642,0.4137887080613958,0.4137887080613958,0.5411865035939211,0.7495792440121403,0.5893623111554217,0.5893623111554217,0.7964727638158652,0.6568336942173784,0.8986628914091720,0.8986628914091720,0.9447865739461436,0.9181881801651823,1.1102100264032952,1.1102100264032952,1.1001104119858220,1.1070186631607781
270,1.1626704955087139,1.1626704955087139,1.1487984240873230,1.1552638368534904,1.1156339020273893,1.1156339020273893,1.1003668075376098,1.1101778410886853,0.8976107345889905,0.8976107345889905,0.8915529224468108,0.9603042713190210,0.4104255767250115,0.4104255767250115,0.5325280739156493,0.7349112826110180,0.5972916201716556,0.5972916201716556,0.8017272511804087,0.6648291306940809,0.9106036356048995,0.9106036356048995,0.9563270861322549,0.9278037372156337,1.1163657718463253,1.1163657718463253,1.1059620827281027,1.1132804885863332
271,1.1625962201953122,1.1625962201953122,1.1484691972082512,1.1553879184288365,1.1087080099662570,1.1087080099662570,1.0934945440966832,1.1042085471201541,0.8849516688029291,0.8849516688029291,0.8799752890651888,0.9488089627026970,0.4094235563305194,0.4094235563305194,0.5263072272411133,0.7261997825036398,0.6026212778523652,0.6026212778523652,0.8089245899228028,0.6692552932042498,0.9229374583186606,0.9229374583186606,0.9682460720285264,0.9365832208235579,1.1226522036153868,1.1226522036153868,1.1117205810462636,1.1189407294479590
272,1.1622822243519773,1.1622822243519773,1.1477214335333679,1.1552410313465593,1.1023513984750408,1.1023513984750408,1.0868592464074571,1.0987334017024435,0.8735493309902537,0.8735493309902537,0.8699780485562350,0.9388787817493189,0.4137380510500837,0.4137380510500837,0.5230858344125112,0.7213747213205222,0.6098615675318197,0.6098615675318197,0.8163790432604371,0.6708067025828141,0.9360454761259132,0.9360454761259132,0.9798364067998963,0.9458220639134330,1.1284669384180479,1.1284669384180479,1.1173708289050910,1.1240874465091362
273,1.1617534186200202,1.1617534186200202,1.1469227319444075,1.1549930521112459,1.0964225700710448,1.0964225700710448,1.0806653722845760,1.0940271883754955,0.8646055589481575,0.8646055589481575,0.8626208449928902,0.9307890224176240,0.4242462920552080,0.4242462920552080,0.5247658282306834,0.7184540432847366,0.6162142016692973,0.6162142016692973,0.8251835819636231,0.6787833682261400,0.9495234056510223,0.9495234056510223,0.9916363523049608,0.9562140257649017,1.1339364677106154,1.1339364677106154,1.1228160482633485,1.1294069233735298
274,1.1609918937196391,1.1609918937196391,1.1459616542611142,1.1545095385812292,1.0902504924605905,1.0902504924605905,1.0744438664151970,1.0887717500583487,0.8549764913729863,0.8549764913729863,0.8545487803528340,0.9223640748327760,0.4294231915039406,0.4294231915039406,0.5250392720405531,0.7090509760295065,0.6247890783524236,0.6247890783524236,0.8312673807680865,0.6884409619983279,0.9630258647292599,0.9630258647292599,1.0035612101487805,0.9666797273703553,1.1391566281321786,1.1391566281321786,1.1279639681011955,1.1346222687950733
275,1.1600555884540469,1.1600555884540469,1.1449899108774004,1.1541056604100932,1.0836589551442508,1.0836589551442508,1.0680202980528515,1.0833646804880686,0.8450351697652027,0.8450351697652027,0.8463260449935324,0.9140451786132699,0.4331643971198744,0.4331643971198744,0.5238331226326346,0.7025086946619395,0.6316023001907032,0.6316023001907032,0.8383338248074493,0.7005115464010596,0.9769207966575523,0.9769207966575523,1.0147497613576015,0.9784640168954994,1.1443537490384861,1.1443537490384861,1.1327908241240017,1.1397799729533702
276,1.1588627695378002,1.1588627695378002,1.1437769632916484,1.1533769876805664,1.0770735474498245,1.0770735474498245,1.0612170712045683,1.0781167681440045,0.8356923476543101,0.8356923476543101,0.8374997102686895,0.9054663741253356,0.4364089169175765,0.4364089169175765,0.5206098569012252,0.6963706852941992,0.6417439199423260,0.6417439199423260,0.8428571717593464,0.7131518255967667,0.9894669059977704,0.9894669059977704,1.0253820789895720,0.9891952884845082,1.1489302873714040,1.1489302873714040,1.1374788638878288,1.1446257747426893
277,1.1576167301271831,1.1576167301271831,1.1425855309981239,1.1525382109444580,1.0700902305097140,1.0700902305097140,1.0542990400101544,1.0725442982107463,0.8254238019658615,0.8254238019658615,0.8292186862369791,0.8971483937207289,0.4387897964492490,0.4387897964492490,0.5169951544830845,0.6904638221856192,0.6460357034508778,0.6460357034508778,0.8457433999611872,0.7257273454173251,1.0021780598621242,1.0021780598621242,1.0350156317249137,0.9998421333986645,1.1532344818545193,1.1532344818545193,1.1415417388111899,1.1492227269815756
278,1.1560074824046520,1.1560074824046520,1.1411886920258114,1.1514142427614573,1.0629470272211672,1.0629470272211672,1.0470797971147521,1.0668117303046365,0.8155000210204425,0.8155000210204425,0.8202693587473995,0.8883596844578692,0.4420516137630089,0.4420516137630089,0.5120581826829711,0.6835153971885966,0.6524243404005474,0.6524243404005474,0.8466979963311514,0.7388181246140672,1.0142478113372679,1.0142478113372679,1.0437187476805529,1.0105288761507258,1.1570538139339452,1.1570538139339452,1.1451929178165401,1.1532544176716368
279,1.1543394333923445,1.1543394333923445,1.1399583973525940,1.1501510506369494,1.0555442505751713,1.0555442505751713,1.0398287306599154,1.0610612026900337,0.8056619776229612,0.8056619776229612,0.8107136824265990,0.8791015284776157,0.4466280422971630,0.4466280422971630,0.5050638271490092,0.6779304543761749,0.6569644191655963,0.6569644191655963,0.8476479178902930,0.7527564069377564,1.0253861968785045,1.0253861968785045,1.0518464127764564,1.0216901181892999,1.1607174195419083,1.1607174195419083,1.1485917036237470,1.1570630866888225
280,1.1523886917254784,1.1523886917254784,1.1383071139984109,1.1487624282243203,1.0479842329965126,1.0479842329965126,1.0323030576841552,1.0553247007525397,0.7955833549683921,0.7955833549683921,0.8008627134918030,0.8707712761533579,0.4511006857349702,0.4511006857349702,0.5001315376059141,0.6725102149710901,0.6677987826828460,0.6677987826828460,0.8473365754895114,0.7681381663480953,1.0372410876382827,1.0372410876382827,1.0605908103027384,1.0332845367536998,1.1642200712253670,1.1642200712253670,1.1519509915343613,1.1610327084794840
281,1.1503022859957464,1.1503022859957464,1.1368474454690236,1.1470742076601514,1.0406060393605066,1.0406060393605066,1.0245469205441053,1.0497893475501670,0.7869336914461172,0.7869336914461172,0.7917737131456968,0.8645937383314529,0.4619042200499387,0.4619042200499387,0.4958585098509980,0.6731783867485815,0.6828032650329640,0.6828032650329640,0.8508679275848637,0.7849277382616685,1.0498626026418216,1.0498626026418216,1.0695346761078588,1.0457554609445749,1.1681752525474081,1.1681752525474081,1.1552793858619561,1.1647527427803539
282,1.1481442431468045,1.1481442431468045,1.1350259399880145,1.1453737260707511,1.0334190254058628,1.0334190254058628,1.0166642590911441,1.0450113809116686,0.7801956576963783,0.7801956576963783,0.7828705766795354,0.8597697749307499,0.4770136003264426,0.4770136003264426,0.4916969198131179,0.6810373595600289,0.6963974303261785,0.6963974303261785,0.8560794066898397,0.7998589976709725,1.0631364220581829,1.0631364220581829,1.0782354788720396,1.0578778133998248,1.1720120740067621,1.1720120740067621,1.1585160008447715,1.1687932067494584
283,1.1458931532180960,1.1458931532180960,1.1332469134173009,1.1435738688718466,1.0259894074681200,1.0259894074681200,1.0087990492675498,1.0405288942390902,0.7734580775844591,0.7734580775844591,0.7740689871458095,0.8558898335282707,0.4958048804495391,0.4958048804495391,0.4863750664860988,0.6920378627034632,0.7137036097040242,0.7137036097040242,0.8634712175624519,0.8152764216647266,1.0768043799115401,1.0768043799115401,1.0880275741911862,1.0704595253370255,1.1759369231938726,1.1759369231938726,1.1618535731068442,1.1727965277708376
284,1.1437518527553718,1.1437518527553718,1.1310644291444738,1.1415680877541738,1.0186807043879109,1.0186807043879109,1.0004259457010507,1.0361023392301041,0.7668103177608555,0.7668103177608555,0.7650723688465398,0.8525527871981113,0.5118779794778358,0.5118779794778358,0.4790080032934788,0.7045946258832679,0.7303307015553505,0.7303307015553505,0.8727825057588021,0.8299852466985194,1.0910290980541149,1.0910290980541149,1.0982372895374819,1.0833620230155963,1.1797946544653914,1.1797946544653914,1.1651669713450690,1.1766608702129802
285,1.1413919880507526,1.1413919880507526,1.1286042688779405,1.1392574362441121,1.0109618328181911,1.0109618328181911,0.9921294924282424,1.0308525453927695,0.7589873335588191,0.7589873335588191,0.7562814105801086,0.8475595812040131,0.5224479973260236,0.5224479973260236,0.4745224010699312,0.7117245989542867,0.7517796872878498,0.7517796872878498,0.8849659977245254,0.8486791196581344,1.1053493603202946,1.1053493603202946,1.1092788641197902,1.0957203783066680,1.1837429949229588,1.1837429949229588,1.1682969747854217,1.1803225253112444
286,1.1388178715370523,1.1388178715370523,1.1259843682936153,1.1370823303679880,1.0030388770999223,1.0030388770999223,0.9839935257078495,1.0256599660553480,0.7513237274441306,0.7513237274441306,0.7475186801613218,0.8416937867738382,0.5328759284351653,0.5328759284351653,0.4710097718547898,0.7163484599523054,0.7700405619269268,0.7700405619269268,0.8955881028755180,0.8643574582358213,1.1192854776711236,1.1192854776711236,1.1192983639530809,1.1078961653662549,1.1873043102461025,1.1873043102461025,1.1711398399899646,1.1837623066423022
287,1.1360621762346466,1.1360621762346466,1.1233289766716839,1.1348095654258925,0.9950815954989385,0.9950815954989385,0.9761560331779560,1.0202432324514501,0.7438600243953567,0.7438600243953567,0.7406325517177588,0.8365359172608413,0.5446271195227300,0.5446271195227300,0.4706370641961317,0.7239032929490683,0.7856918534202196,0.7856918534202196,0.9075191550568238,0.8759249843040638,1.1312290987897491,1.1312290987897491,1.1287675021570696,1.1194945024683063,1.1904006403944052,1.1904006403944052,1.1737172826072391,1.1868012229150187
288,1.1331552413767423,1.1331552413767423,1.1205579786647346,1.1326296777499281,0.9875397086966762,0.9875397086966762,0.9685930616217836,1.0147927174911011,0.7377032519053573,0.7377032519053573,0.7345241554661153,0.8315571811421524,0.5577682895792264,0.5577682895792264,0.4758137675555830,0.7315198897235824,0.8041054296420422,0.8041054296420422,0.9198868345689556,0.8894212135017374,1.1437683943652093,1.1437683943652093,1.1379788084823457,1.1299837152996681,1.1934448250852101,1.1934448250852101,1.1763125894184083,1.1897884014393583
289,1.1300829627713136,1.1300829627713136,1.1176192104161138,1.1303907532374722,0.9798152236837302,0.9798152236837302,0.9609163122859137,1.0092398321923424,0.7308354777391625,0.7308354777391625,0.7285451673991278,0.8264625028572090,0.5682221669624548,0.5682221669624548,0.4799716117878485,0.7418269540895361,0.8219392364399443,0.8219392364399443,0.9300966214053994,0.9006696354025802,1.1559190025154800,1.1559190025154800,1.1469586177239741,1.1417664017866822,1.1962918508989659,1.1962918508989659,1.1783438629884015,1.1926300419234943
290,1.1266932383762986,1.1266932383762986,1.1143417755305776,1.1279512383522241,0.9724101887559768,0.9724101887559768,0.9534210941143431,1.0036220353757448,0.7248943344261632,0.7248943344261632,0.7228878668166605,0.8221145800411749,0.5786846931037121,0.5786846931037121,0.4847081829875780,0.7527151594552409,0.8344210389840520,0.8344210389840520,0.9377642461165419,0.9128669229306029,1.1671168949356023,1.1671168949356023,1.1550232928370863,1.1515189295395842,1.1986096777628681,1.1986096777628681,1.1801928070564893,1.1950681115716399
291,1.1233032603087654,1.1233032603087654,1.1108911149589014,1.1254919832163526,0.9650463190785473,0.9650463190785473,0.9458054254812581,0.9978706525369281,0.7192928146275697,0.7192928146275697,0.7173744549380954,0.8180740047053542,0.5865674182786319,0.5865674182786319,0.4883238218571223,0.7635949424876161,0.8443044316689179,0.8443044316689179,0.9447904867828308,0.9203480385727905,1.1758822733371554,1.1758822733371554,1.1620372452146575,1.1597311157647969,1.2004736197225845,1.2004736197225845,1.1814823887964840,1.1969792105243549
292,1.1198586919152622,1.1198586919152622,1.1073654267015087,1.1230574953514494,0.9577578760118206,0.9577578760118206,0.9381079737223155,0.9924900949172802,0.7128886583131858,0.7128886583131858,0.7108738015828204,0.8148574796159459,0.5927834042276948,0.5927834042276948,0.4901367917746146,0.7739235305943014,0.8556875277030260,0.8556875277030260,0.9512192866259982,0.9315945833902955,1.1860806621757913,1.1860806621757913,1.1702257650396981,1.1698884997032257,1.2024305587172692,1.2024305587172692,1.1827829512795147,1.1992842051081340
293,1.1161284375314826,1.1161284375314826,1.1036030702296127,1.1205160300413988,0.9503474212078491,0.9503474212078491,0.9301620073392970,0.9867994329976540,0.7076589703142020,0.7076589703142020,0.7045251020307748,0.8118576363317178,0.5957709323582522,0.5957709323582522,0.4920836742428308,0.7822906508499753,0.8708000184897201,0.8708000184897201,0.9618413917769907,0.9413694948710862,1.1960470801786698,1.1960470801786698,1.1779098311889962,1.1797669550070153,1.2043608441550893,1.2043608441550893,1.1836351061066230,1.2011884986200958
294,1.1123627704641277,1.1123627704641277,1.0996475665046996,1.1175893846236904,0.9426661661599767,0.9426661661599767,0.9220500793828852,0.9813158208602253,0.7019137985393460,0.7019137985393460,0.6988472721045660,0.8086517346951417,0.5988288860899021,0.5988288860899021,0.4919216681499970,0.7917470595496270,0.8848746351042566,0.8848746351042566,0.9725784972742179,0.9503194282249816,1.2057471556880117,1.2057471556880117,1.1848319676594483,1.1889471981474675,1.2059527649472896,1.2059527649472896,1.1845355270355840,1.2027298079608000
295,1.1082905655254802,1.1082905655254802,1.0953657781628996,1.1143780995052257,0.9350726614889699,0.9350726614889699,0.9136783445716306,0.9754128067682752,0.6964742274424124,0.6964742274424124,0.6919495959051483,0.8050538642816546,0.5973981344045484,0.5973981344045484,0.4954820563867253,0.7977147506211439,0.8959423961626134,0.8959423961626134,0.9810623439549772,0.9611361209581658,1.2148656385210184,1.2148656385210184,1.1923149640896673,1.1979837022022530,1.2073547549456582,1.2073547549456582,1.1850331021976381,1.2040564589413616
296,1.1040910169825715,1.1040910169825715,1.0909300114334197,1.1112515380711125,0.9272541674325729,0.9272541674325729,0.9054438274736349,0.9697602878485911,0.6896462221917512,0.6896462221917512,0.6846059563724898,0.8019051094947963,0.5931713628021344,0.5931713628021344,0.4948087478274913,0.8046201281367035,0.9091144595197830,0.9091144595197830,0.9929447781037285,0.9700297418119318,1.2243178444101674,1.2243178444101674,1.1995040072668615,1.2073931797953110,1.2086221218941007,1.2086221218941007,1.1853129472533719,1.2052792244588593
297,1.0996973582285465,1.0996973582285465,1.0860945874238153,1.1076867675952144,0.9193999280020704,0.9193999280020704,0.8966954283285399,0.9637312992299262,0.6833054239595294,0.6833054239595294,0.6770414430968987,0.7978112337318349,0.5882440417993789,0.5882440417993789,0.4933844052425193,0.8080723489870760,0.9229109854470426,0.9229109854470426,1.0040259496774950,0.9802917564188417,1.2335757822952191,1.2335757822952191,1.2065832628186821,1.2160128939362675,1.2094630319327095,1.2094630319327095,1.1852687784436968,1.2062501066752269
298,1.0952763535770327,1.0952763535770327,1.0813511091074910,1.1040018390720447,0.9114499374250468,0.9114499374250468,0.8882141075505241,0.9576249983423201,0.6770201207539269,0.6770201207539269,0.6693110453919681,0.7937701089070747,0.5835391174316524,0.5835391174316524,0.4911181928456539,0.8133147835774223,0.9376175134893641,0.9376175134893641,1.0192602231860131,0.9949470845775116,1.2420107688145117,1.2420107688145117,1.2133788855101384,1.2245257388685500,1.2102702539406085,1.2102702539406085,1.1849403395027363,1.2072409952475438
299,1.0906057859018696,1.0906057859018696,1.0759692211941583,1.1002747939272035,0.9037930072978201,0.9037930072978201,0.8794891483389907,0.9515234011878907,0.6695263263964412,0.6695263263964412,0.6615749654579662,0.7898881527118170,0.5760641194209526,0.5760641194209526,0.4891010765221629,0.8169204780573588,0.9504419634874377,0.9504419634874377,1.0321421318886250,1.0053883606431666,1.2503727723423972,1.2503727723423972,1.2197001260148117,1.2327484338992822,1.2108906429046260,1.2108906429046260,1.1843926954302710,1.2075482240005824
300,1.0859761102366805,1.0859761102366805,1.0710693126049999,1.0964306559913986,0.8959034096272276,0.8959034096272276,0.8714448026727751,0.9452747909910832,0.6626425236939476,0.6626425236939476,0.6540066029304236,0.7854546927841860,0.5666999855493668,0.5666999855493668,0.4867917873607290,0.8195688339821499,0.9639566742985731,0.9639566742985731,1.0482281559290110,1.0167963346277094,1.2583751605080604,1.2583751605080604,1.2258327524467210,1.2402417465808140,1.2113991256516867,1.2113991256516867,1.1834100828202263,1.2078203596374477
301,1.0810663293766209,1.0810663293766209,1.0655937013816501,1.0922055680016409,0.8882924839255195,0.8882924839255195,0.8630716135590732,0.9391312878501703,0.6557558479519286,0.6557558479519286,0.6460791601851175,0.7808911871408509,0.5549537366092472,0.5549537366092472,0.4816132110984704,0.8219869794625951,0.9740101492341395,0.9740101492341395,1.0608716492796730,1.0280072148617991,1.2660624499079196,1.2660624499079196,1.2314155510627414,1.2470801291285212,1.2113081937833521,1.2113081937833521,1.1821273025852466,1.2074842692561547
302,1.0764454815150737,1.0764454815150737,1.0604109678399620,1.0883584874197803,0.8808693182213697,0.8808693182213697,0.8550839856883008,0.9329372409582128,0.6486574745606810,0.6486574745606810,0.6385811839789741,0.7767923659774332,0.5429640869074569,0.5429640869074569,0.4774553668662049,0.8246138116466547,0.9846533254038864,0.9846533254038864,1.0778019441546114,1.0384794628025253,1.2733801304239116,1.2733801304239116,1.2371545790711083,1.2541456087446610,1.2113139375280517,1.2113139375280517,1.1808919689936841,1.2069933755960420
303,1.0717140831699867,1.0717140831699867,1.0550575217944171,1.0841667494186533,0.8734677029774207,0.8734677029774207,0.8467320978280911,0.9266752037412463,0.6418216062544770,0.6418216062544770,0.6308212753424152,0.7723546933012653,0.5262312111952407,0.5262312111952407,0.4742498937114651,0.8266782191272517,0.9926695377598943,0.9926695377598943,1.0927510542029537,1.0473740221979602,1.2804608433433233,1.2804608433433233,1.2412453691964409,1.2599475380835774,1.2108137799839827,1.2108137799839827,1.1791777438923976,1.2063279182809472
304,1.0669855766916103,1.0669855766916103,1.0497515197266050,1.0799396383597326,0.8660473762560518,0.8660473762560518,0.8391299456530454,0.9203712605377963,0.6355068165905891,0.6355068165905891,0.6234026670455580,0.7681307718225998,0.5097750957399496,0.5097750957399496,0.4701079691530619,0.8294501026075454,1.0023083596171105,1.0023083596171105,1.1085229309560647,1.0546937086731101,1.2866728769646005,1.2866728769646005,1.2459194394449071,1.2657298747342367,1.2101767406139818,1.2101767406139818,1.1771619580868358,1.2056676265413635
305,1.0621118173291704,1.0621118173291704,1.0441669222081535,1.0755619619109651,0.8586138224558171,0.8586138224558171,0.8312982703329410,0.9140398646370784,0.6289131908801454,0.6289131908801454,0.6155540423164021,0.7633350155207960,0.4936809925850114,0.4936809925850114,0.4653554782794702,0.8299021011629073,1.0083034485852322,1.0083034485852322,1.1239722457624197,1.0609781836875483,1.2922179187245770,1.2922179187245770,1.2496575568417312,1.2703961406156432,1.2090403181373996,1.2090403181373996,1.1750466080813569,1.2045995003161611
306,1.0573436872034121,1.0573436872034121,1.0385289348904709,1.0710481267769982,0.8514645540676928,0.8514645540676928,0.8239885184969974,0.9076031906356232,0.6238808353327641,0.6238808353327641,0.6089252638604551,0.7593779625037936,0.4784962445599698,0.4784962445599698,0.4599409162634884,0.8326627548654281,1.0126796524809931,1.0126796524809931,1.1385492408692874,1.0677150357863592,1.2968223581139744,1.2968223581139744,1.2527405072424060,1.2750358673102287,1.2077597212152109,1.2077597212152109,1.1725259539336648,1.2032180778365258
307,1.0524533883927694,1.0524533883927694,1.0327191317206121,1.0665882401540516,0.8444134886748551,0.8444134886748551,0.8169415676679940,0.9014772195910963,0.6191681432357182,0.6191681432357182,0.6032829936903699,0.7557299054338236,0.4708878085682525,0.4708878085682525,0.4532902383946710,0.8327338767913235,1.0179422704424486,1.0179422704424486,1.1529261540729501,1.0715987212119484,1.3013912145096362,1.3013912145096362,1.2554855537523455,1.2786760106730160,1.2058817748442605,1.2058817748442605,1.1699794868452533,1.2010181986147417
308,1.0473587817357684,1.0473587817357684,1.0268903877379376,1.0619927465920409,0.8380799116575661,0.8380799116575661,0.8110832096744161,0.8957969914068803,0.6176729529817366,0.6176729529817366,0.5999280956680494,0.7537493641325439,0.4726916923857107,0.4726916923857107,0.4538605372995020,0.8387371288257881,1.0268138599570888,1.0268138599570888,1.1650498084601451,1.0746367805939283,1.3054367737718915,1.3054367737718915,1.2580015943079002,1.2831926596622787,1.2043348359627977,1.2043348359627977,1.1672473304753506,1.1992907645691009
309,1.0420643318687342,1.0420643318687342,1.0207813319850163,1.0571343153439339,0.8324904062182296,0.8324904062182296,0.8054185305479320,0.8908745773986457,0.6192624999022316,0.6192624999022316,0.5986860703716912,0.7540239254393615,0.4835755365966619,0.4835755365966619,0.4585839981795801,0.8510009819686812,1.0369418234696044,1.0369418234696044,1.1775493176374725,1.0784397514359989,1.3089281468338378,1.3089281468338378,1.2600121135608855,1.2867384018907373,1.2018759324032395,1.2018759324032395,1.1642477028720906,1.1971604976268284
310,1.0366505544490219,1.0366505544490219,1.0145669064675957,1.0523620177980804,0.8272166085686017,0.8272166085686017,0.7999630143322451,0.8859188951684885,0.6217308944922393,0.6217308944922393,0.5978443672782915,0.7545270741450505,0.4945520460722086,0.4945520460722086,0.4621041190059508,0.8618442682232942,1.0465893356607980,1.0465893356607980,1.1868680855311389,1.0835491722810708,1.3124805409446159,1.3124805409446159,1.2622322435475657,1.2906444714677752,1.1995343561230514,1.1995343561230514,1.1615628292539180,1.1948840366982556
311,1.0309445970225610,1.0309445970225610,1.0079015792703294,1.0473206520535148,0.8219495212419106,0.8219495212419106,0.7946200782354168,0.8809365299428561,0.6246595802567129,0.6246595802567129,0.5977950601937696,0.7555958301325624,0.5051331837521480,0.5051331837521480,0.4684944633845499,0.8716300837376195,1.0560245554076866,1.0560245554076866,1.1956146565801253,1.0889823900018867,1.3153265747754921,1.3153265747754921,1.2630833200664637,1.2939807500472325,1.1964898487499600,1.1964898487499600,1.1580985687177123,1.1919276876404603
312,1.0252387410651074,1.0252387410651074,1.0014742688244009,1.0425249359494686,0.8175297412306608,0.8175297412306608,0.7897964136594631,0.8764950940325473,0.6293920812052223,0.6293920812052223,0.5998261821401900,0.7575208730509430,0.5219340139917342,0.5219340139917342,0.4827350798800591,0.8839847109175107,1.0592412204556061,1.0592412204556061,1.1966131961718214,1.0941762795971528,1.3161210597462629,1.3161210597462629,1.2625012855079616,1.2973314559698608,1.1930341796074151,1.1930341796074151,1.1542386736488321,1.1891267158143193
313,1.0194528260608318,1.0194528260608318,0.9949604681296602,1.0375679260584978,0.8145716502175840,0.8145716502175840,0.7867849810272012,0.8730430670153577,0.6384746664201700,0.6384746664201700,0.6069698438690813,0.7621483025742509,0.5568614055230523,0.5568614055230523,0.5122866768254649,0.9002426216883220,1.0671183874679757,1.0671183874679757,1.2058870858815911,1.0976357441884341,1.3194522336279013,1.3194522336279013,1.2645230148426301,1.3005501784197766,1.1900462707073751,1.1900462707073751,1.1509681330867858,1.1866609324435884
314,1.0136186625435473,1.0136186625435473,0.9886567939926291,1.0327630754906538,0.8125873948207086,0.8125873948207086,0.7850717271971258,0.8706421960795346,0.6512979490969903,0.6512979490969903,0.6172081208692852,0.7690304683796964,0.6015211209106154,0.6015211209106154,0.5521869982327550,0.9194258895689910,1.0777764613531124,1.0777764613531124,1.2172973641372653,1.1016301775309445,1.3222407290008220,1.3222407290008220,1.2677974263209413,1.3036980109612719,1.1870605560468832,1.1870605560468832,1.1476666169958765,1.1838124045254372
315,1.0078077354289525,1.0078077354289525,0.9824516856387944,1.0279051346835562,0.8118142881915875,0.8118142881915875,0.7847921589384408,0.8686418266431046,0.6663873038961982,0.6663873038961982,0.6308025789757935,0.7779288922674952,0.6566421269025745,0.6566421269025745,0.5964015512567222,0.9412163375226168,1.0888318076486443,1.0888318076486443,1.2292686196916449,1.1081746285876466,1.3257348275686713,1.3257348275686713,1.2708232586863732,1.3078960115933380,1.1840962674902149,1.1840962674902149,1.1445810282027293,1.1813127579374645
316,1.0018462283074070,1.0018462283074070,0.9763079357109420,1.0230967897235212,0.8114605122236798,0.8114605122236798,0.7850782287845371,0.8673734436113947,0.6820701681762795,0.6820701681762795,0.6446833481084103,0.7874260759364724,0.7146864131083048,0.7146864131083048,0.6429282027963344,0.9633764323279360,1.1203603393186423,1.1203603393186423,1.2475583495537799,1.1268891494639757,1.3327354408979293,1.3327354408979293,1.2759526717765413,1.3143370188001255,1.1813847037003302,1.1813847037003302,1.1418655068390680,1.1794150238864696
317,0.9958382483804818,0.9958382483804818,0.9701934245135526,1.0181026289260982,0.8114066360731776,0.8114066360731776,0.7854533532687274,0.8665120617831038,0.6980288442507846,0.6980288442507846,0.6587063562655215,0.7981845198847997,0.7706327577235941,0.7706327577235941,0.6863720563150868,0.9864798284661844,1.1571266594244458,1.1571266594244458,1.2644353515853410,1.1462099682583644,1.3381211919795655,1.3381211919795655,1.2802169512612562,1.3198701720792265,1.1783567176603074,1.1783567176603074,1.1385654657733426,1.1769657211614182
318,0.9898286449494386,0.9898286449494386,0.9641482403688966,1.0133299635494877,0.8114005709736002,0.8114005709736002,0.7861987260465497,0.8661806624001981,0.7140885303464932,0.7140885303464932,0.6723440726320564,0.8085577720864709,0.8244403880320202,0.8244403880320202,0.7281321702100523,1.0101606223449262,1.1920208332962616,1.1920208332962616,1.2817256068936154,1.1654772901776302,1.3419190330386226,1.3419190330386226,1.2835662745552596,1.3238647649841162,1.1744712357121494,1.1744712357121494,1.1348193115353142,1.1742506782739439
319,0.9837910868068623,0.9837910868068623,0.9580146657644337,1.0082096368024291,0.8110082106488059,0.8110082106488059,0.7862934268000272,0.8655115349752033,0.7270472995188200,0.7270472995188200,0.6840831912979305,0.8171059883567680,0.8628878240811042,0.8628878240811042,0.7620476306965296,1.0260722816344043,1.2186343603638998,1.2186343603638998,1.2931994625764760,1.1815010120894440,1.3436719875853373,1.3436719875853373,1.2845011597800746,1.3264591931400276,1.1701506489688802,1.1701506489688802,1.1307036634887051,1.1707487460502244
320,0.9775303983170592,0.9775303983170592,0.9520424865002421,1.0032405498016050,0.8101194154713611,0.8101194154713611,0.7858638087476659,0.8645684792344801,0.7382932834962792,0.7382932834962792,0.6936617798327283,0.8243938601626143,0.8957666954964321,0.8957666954964321,0.7883338215973611,1.0362885719633599,1.2553547458472516,1.2553547458472516,1.3081186538355543,1.2021066944284513,1.3465599639237233,1.3465599639237233,1.2865864129109477,1.3291437476619208,1.1657277074043344,1.1657277074043344,1.1268353279979393,1.1672019635121433
321,0.9716037457995484,0.9716037457995484,0.9461607205011093,0.9980976014629938,0.8092361692148063,0.8092361692148063,0.7852465001324054,0.8635627355588744,0.7482489703016891,0.7482489703016891,0.7023427594719730,0.8307214084650286,0.9214794531163784,0.9214794531163784,0.8107768159375581,1.0463822705516275,1.2966412810975843,1.2966412810975843,1.3291328634450699,1.2250474684394899,1.3502065394051552,1.3502065394051552,1.2901878740739199,1.3324545557466441,1.1616631367871713,1.1616631367871713,1.1234685010697181,1.1638818923437320
322,0.9654714156040800,0.9654714156040800,0.9403915573276803,0.9931131881806299,0.8082544618736215,0.8082544618736215,0.7845863323685520,0.8625043955941107,0.7574050448434405,0.7574050448434405,0.7096314096910383,0.8364089853157950,0.9422698318810141,0.9422698318810141,0.8307166756757628,1.0499355594019568,1.3413530494112940,1.3413530494112940,1.3486006456344868,1.2469408299481222,1.3536815594316824,1.3536815594316824,1.2930608578652911,1.3356481639325215,1.1573919849701932,1.1573919849701932,1.1200765987133696,1.1602037565997882
323,0.9596588142508635,0.9596588142508635,0.9346391282704284,0.9879005972187019,0.8073878623797369,0.8073878623797369,0.7837950207428369,0.8614937771404855,0.7658771847655764,0.7658771847655764,0.7164048100417354,0.8416344419683620,0.9581155921268365,0.9581155921268365,0.8462421034970983,1.0518876691048240,1.3903317717079060,1.3903317717079060,1.3696260747899767,1.2749253268874154,1.3565094232232042,1.3565094232232042,1.2956560807438460,1.3379568950705774,1.1526270001819616,1.1526270001819616,1.1165383410804355,1.1563053049606178
324,0.9538468217116914,0.9538468217116914,0.9291038749407041,0.9825921250394611,0.8059866953326668,0.8059866953326668,0.7822671477011860,0.8597072992799644,0.7722594152520044,0.7722594152520044,0.7203955678269052,0.8451612451456615,0.9670905318871215,0.9670905318871215,0.8538910385622209,1.0484766241062855,1.4373278563813889,1.4373278563813889,1.3895248745372324,1.3019825446579114,1.3587723502077991,1.3587723502077991,1.2971235338175136,1.3390435768074451,1.1474331706349763,1.1474331706349763,1.1128296360929109,1.1518162558546376
325,0.9482572999711982,0.9482572999711982,0.9235241811925612,0.9773725452931511,0.8047495440635325,0.8047495440635325,0.7807517645511408,0.8586619587232528,0.7781213231591494,0.7781213231591494,0.7247070966080351,0.8483092672806003,0.9725429560559179,0.9725429560559179,0.8616926152061406,1.0444208027006161,1.4869223509141136,1.4869223509141136,1.4121275848642498,1.3313748541004389,1.3607804423904486,1.3607804423904486,1.2994988255697131,1.3405434861511860,1.1420459253254653,1.1420459253254653,1.1089708882658407,1.1470670421280564
326,0.9428473783737663,0.9428473783737663,0.9178143536398623,0.9721521072750747,0.8033627654973750,0.8033627654973750,0.7790839362857418,0.8572542596670903,0.7836508657570052,0.7836508657570052,0.7284362885582133,0.8512166132599965,0.9745210505708155,0.9745210505708155,0.8659160110366626,1.0371906974444549,1.5353548236464318,1.5353548236464318,1.4299535734927880,1.3603466968753337,1.3627900487430444,1.3627900487430444,1.2998705376433024,1.3410186978990901,1.1364746865761943,1.1364746865761943,1.1047775555595432,1.1421440026858516
327,0.9374401964395337,0.9374401964395337,0.9123553539384317,0.9669790581195195,0.8022216234641053,0.8022216234641053,0.7776345100290400,0.8559615027452829,0.7888605936919190,0.7888605936919190,0.7317237330225261,0.8538211908336761,0.9773454878356849,0.9773454878356849,0.8697077027700957,1.0305623211139618,1.5846265343457104,1.5846265343457104,1.4470465517843509,1.3886803313154288,1.3642469830652773,1.3642469830652773,1.3003356670642514,1.3419730399325496,1.1308467202809571,1.1308467202809571,1.1003889459080589,1.1371329844734277
328,0.9320842563540275,0.9320842563540275,0.9065552970120606,0.9618443859729396,0.8009453071370611,0.8009453071370611,0.7760257948807620,0.8546261556576207,0.7935375996138091,0.7935375996138091,0.7347382471937047,0.8565048948146573,0.9746767282153358,0.9746767282153358,0.8726865546851489,1.0218059018954917,1.6321763174411816,1.6321763174411816,1.4615104164693129,1.4146854438751744,1.3651786518331737,1.3651786518331737,1.2993438417419982,1.3423394232029540,1.1252889051148043,1.1252889051148043,1.0954849788464693,1.1320099634649936
329,0.9267574378736392,0.9267574378736392,0.9013112050443903,0.9569681762382466,0.7998764946423699,0.7998764946423699,0.7747638880925539,0.8535742298744616,0.7982383459149343,0.7982383459149343,0.7380700497043161,0.8594728677403888,0.9749510173985384,0.9749510173985384,0.8745351097559805,1.0116289157887415,1.6794033167032067,1.6794033167032067,1.4752038723307193,1.4438656429005479,1.3656765109114841,1.3656765109114841,1.2982004134103153,1.3430994413919746,1.1199783936530221,1.1199783936530221,1.0902072567924341,1.1266439144277347
330,0.9215184408191377,0.9215184408191377,0.8957764420916968,0.9518379180607502,0.7987878092682119,0.7987878092682119,0.7735267899931523,0.8525496712661490,0.8023452803099725,0.8023452803099725,0.7410477210353873,0.8617964733029555,0.9710232457165524,0.9710232457165524,0.8743225352873489,1.0010448502377212,1.7218704958981832,1.7218704958981832,1.4870769568578255,1.4682311231648599,1.3653559611338737,1.3653559611338737,1.2951888160692429,1.3432011452555628,1.1141570115952590,1.1141570115952590,1.0843671404140944,1.1210528758793104
331,0.9163637137752646,0.9163637137752646,0.8904305968901298,0.9471071240853065,0.7980325108038077,0.7980325108038077,0.7724195525475706,0.8515765971555163,0.8069283832031692,0.8069283832031692,0.7447343879163867,0.8644036151583532,0.9683940232757642,0.9683940232757642,0.8767395163602041,0.9908772222791149,1.7673557039358814,1.7673557039358814,1.4982002017289950,1.4967346336470120,1.3654269757043505,1.3654269757043505,1.2927596091622815,1.3431373799610540,1.1084035864270323,1.1084035864270323,1.0786316688779718,1.1156882207275070
332,0.9113697136390801,0.9113697136390801,0.8851812946665070,0.9423751040073396,0.7972508227040078,0.7972508227040078,0.7716863274725431,0.8507031566658086,0.8106324872142464,0.8106324872142464,0.7473434475486715,0.8668799786461272,0.9631405205416326,0.9631405205416326,0.8774175071764564,0.9793854163581133,1.8050841681606111,1.8050841681606111,1.5060379895540781,1.5258369337138731,1.3641543158645699,1.3641543158645699,1.2886825202478951,1.3424934929787924,1.1022274474634954,1.1022274474634954,1.0725818530859799,1.1102344388998153
333,0.9066127958386374,0.9066127958386374,0.8801791424664211,0.9379293175634094,0.7968933044406160,0.7968933044406160,0.7713784430897378,0.8504593322424113,0.8149697184091245,0.8149697184091245,0.7514199886630467,0.8694312557926660,0.9581316541060331,0.9581316541060331,0.8783352295520466,0.9691242069180657,1.8415984685810700,1.8415984685810700,1.5126565867166410,1.5499949962693753,1.3619228836148560,1.3619228836148560,1.2847299877966547,1.3417316936362940,1.0958287867951908,1.0958287867951908,1.0661414014577704,1.1052919670544961
334,0.9018676484430507,0.9018676484430507,0.8752414135487603,0.9335543385401929,0.7963254433620903,0.7963254433620903,0.7709984424149890,0.8499635587655843,0.8186192346692220,0.8186192346692220,0.7550533159098607,0.8721576367479558,0.9520738168752130,0.9520738168752130,0.8796350241003313,0.9578027192932873,1.8727595232714522,1.8727595232714522,1.5129875633228773,1.5747959598680210,1.3585441647969070,1.3585441647969070,1.2785107056539569,1.3399993437636870,1.0890936975749852,1.0890936975749852,1.0589663872879511,1.1003005452317109
335,0.8974414181376569,0.8974414181376569,0.8703896232057521,0.9294289939906962,0.7962531138235120,0.7962531138235120,0.7709794509359719,0.8499152385974961,0.8223918379910855,0.8223918379910855,0.7590908146115847,0.8755485329941954,0.9464249423454743,0.9464249423454743,0.8804993687459126,0.9494992344449935,1.8979093498020405,1.8979093498020405,1.5124574397756005,1.5969690067939626,1.3539289748008914,1.3539289748008914,1.2716038718346914,1.3376833098963716,1.0820970420933460,1.0820970420933460,1.0516426414120832,1.0955080390627481
336,0.8930837808812514,0.8930837808812514,0.8655811086357144,0.9253685715698019,0.7963384768739483,0.7963384768739483,0.7712144491020085,0.8500641331331449,0.8257218420134542,0.8257218420134542,0.7632012658026756,0.8792418313201922,0.9386348824351498,0.9386348824351498,0.8807896686810484,0.9398491120787582,1.9115544156228370,1.9115544156228370,1.5056219313908714,1.6145037807925811,1.3480962407511372,1.3480962407511372,1.2631153488712727,1.3338662979932288,1.0748198466318268,1.0748198466318268,1.0441020668341736,1.0903453333154640
337,0.8889929056452460,0.8889929056452460,0.8612664650328489,0.9215736003451765,0.7966197297362700,0.7966197297362700,0.7714475652295840,0.8505710245247533,0.8295552328031678,0.8295552328031678,0.7677173548303722,0.8828158905462968,0.9300120706803277,0.9300120706803277,0.8823385593027075,0.9314885425267851,1.9245166694882665,1.9245166694882665,1.5023177751014949,1.6313111849978621,1.3413289610105887,1.3413289610105887,1.2550248727765088,1.3293628295397026,1.0673878927457041,1.0673878927457041,1.0364803658711468,1.0848888457101236
338,0.8847869645548726,0.8847869645548726,0.8567980882308189,0.9175920163165229,0.7970632562734574,0.7970632562734574,0.7718586195389420,0.8510703044208575,0.8326930456025581,0.8326930456025581,0.7728102817576614,0.8861018344050740,0.9208653912963258,0.9208653912963258,0.8855946008332451,0.9239271588263214,1.9240573232637468,1.9240573232637468,1.4905466014503201,1.6432081391918614,1.3323556870754225,1.3323556870754225,1.2436843626826495,1.3227454881386029,1.0593285799581758,1.0593285799581758,1.0281471291485487,1.0787919907278867
339,0.8807903032922189,0.8807903032922189,0.8527920756717305,0.9139064134369652,0.7979010142831809,0.7979010142831809,0.7727513901471542,0.8520639894350466,0.8358601936476272,0.8358601936476272,0.7767860091304490,0.8891936255051943,0.9110058071433697,0.9110058071433697,0.8883215473207130,0.9177601391993343,1.9152043558933438,1.9152043558933438,1.4720380904416899,1.6482687558701545,1.3217316650649098,1.3217316650649098,1.2315132389174090,1.3146898653040977,1.0509536838944538,1.0509536838944538,1.0194084243920498,1.0725380366554920
340,0.8769549777512980,0.8769549777512980,0.8487266048976544,0.9102593714817616,0.7985808216145464,0.7985808216145464,0.7731210396103666,0.8528331780930736,0.8376652185325159,0.8376652185325159,0.7805349972335207,0.8915007463995731,0.8931634193297305,0.8931634193297305,0.8856835637165932,0.9116305521649238,1.8914536731331166,1.8914536731331166,1.4437610947382644,1.6484630339956010,1.3087541687070194,1.3087541687070194,1.2162328299564285,1.3052912527472549,1.0420728220055060,1.0420728220055060,1.0100393922069408,1.0660685222970714
341,0.8732904752843003,0.8732904752843003,0.8451126487747127,0.9068316179628291,0.7992154633107603,0.7992154633107603,0.7735188341032937,0.8537058488809887,0.8392602091068481,0.8392602091068481,0.7841391801441303,0.8937540173778716,0.8773782003901105,0.8773782003901105,0.8871322540380605,0.9084862143884934,1.8422800390601546,1.8422800390601546,1.3952618023786627,1.6431968766918355,1.2899880006448092,1.2899880006448092,1.1951092993714518,1.2919163931663447,1.0318305635498308,1.0318305635498308,0.9986525255701814,1.0585803236504867
342,0.8697372843183975,0.8697372843183975,0.8416257615998841,0.9033750510346018,0.7998293933371404,0.7998293933371404,0.7739595732920163,0.8547406701798687,0.8405308486400406,0.8405308486400406,0.7873351590501665,0.8961162703291898,0.8587364202272280,0.8587364202272280,0.8854972098872642,0.9032821482055381,1.8219421746004796,1.8219421746004796,1.3703646948999391,1.6417909412719389,1.2777459366297881,1.2777459366297881,1.1803495364264227,1.2827938593985766,1.0232506351612694,1.0232506351612694,0.9891736859547112,1.0520533320153433
343,0.8663175758317021,0.8663175758317021,0.8383033959188984,0.9001373434067624,0.8006209533543377,0.8006209533543377,0.7744359001170954,0.8556209524632878,0.8416777962610408,0.8416777962610408,0.7902422607621264,0.8992357190392697,0.8430759905105965,0.8430759905105965,0.8847658413410031,0.9006946202436840,1.8127006251536586,1.8127006251536586,1.3575818921867651,1.6447557944037505,1.2681312603054118,1.2681312603054118,1.1689976383130758,1.2750649001119185,1.0153816403863163,1.0153816403863163,0.9806640198309433,1.0460096906602006
344,0.8630056781653472,0.8630056781653472,0.8351627762249629,0.8968128277202817,0.8012914694693291,0.8012914694693291,0.7749165898495163,0.8569084925173902,0.8425950519326277,0.8425950519326277,0.7936329018382825,0.9025894332005969,0.8295752792274697,0.8295752792274697,0.8819986274431777,0.8993816720590614,1.7989326531808960,1.7989326531808960,1.3422980656835282,1.6436417454428576,1.2580806544535248,1.2580806544535248,1.1569798969353098,1.2661311686128081,1.0072849609900114,1.0072849609900114,0.9720325821836555,1.0393547895362023
345,0.8599167079082045,0.8599167079082045,0.8323831966199744,0.8938980141919222,0.8021766513959617,0.8021766513959617,0.7757985815101782,0.8582945544009397,0.8442774433935702,0.8442774433935702,0.7974652904003039,0.9069111637105103,0.8181366789658069,0.8181366789658069,0.8802015771995477,0.9013908664656078,1.7843353750514335,1.7843353750514335,1.3261437894051329,1.6385473412644869,1.2476112291945189,1.2476112291945189,1.1443550317686080,1.2566579257252410,0.9991529801515641,0.9991529801515641,0.9630162449091990,1.0328724842288961
346,0.8570460989549419,0.8570460989549419,0.8297161585435608,0.8910191867726180,0.8035606555016742,0.8035606555016742,0.7768065842005351,0.8599261511563143,0.8461208762805331,0.8461208762805331,0.8017254958220802,0.9121838764118825,0.8095361068744876,0.8095361068744876,0.8815687962488963,0.9062954719079507,1.7581824356845970,1.7581824356845970,1.2997339131442329,1.6295852068688967,1.2343955539040916,1.2343955539040916,1.1292984685656817,1.2452893574218391,0.9904034499532202,0.9904034499532202,0.9537359600726580,1.0257978595962762
347,0.8543664039390634,0.8543664039390634,0.8276525294035806,0.8884622725707751,0.8050467984651649,0.8050467984651649,0.7784526834764280,0.8618927392362934,0.8487866033221433,0.8487866033221433,0.8069353666896110,0.9174056698048522,0.8121196144514089,0.8121196144514089,0.8860459704098109,0.9110419246466576,1.7269382020832884,1.7269382020832884,1.2721123259181286,1.6177248557999815,1.2206368972709571,1.2206368972709571,1.1138112958758786,1.2326488674198677,0.9818696651316277,0.9818696651316277,0.9441044553506487,1.0186734650535700
348,0.8518835587975007,0.8518835587975007,0.8253460410390829,0.8858835950491458,0.8072981763327932,0.8072981763327932,0.7805632185162137,0.8638800237422499,0.8523791124295557,0.8523791124295557,0.8134719463964334,0.9227717956259555,0.8220471531317350,0.8220471531317350,0.8939224631660238,0.9168776658293422,1.6907479269725580,1.6907479269725580,1.2406312148769290,1.6006846932608325,1.2063229945185512,1.2063229945185512,1.0974568543269680,1.2200504126399747,0.9732983200918870,0.9732983200918870,0.9348710435366201,1.0117673365745381
349,0.8494791491986420,0.8494791491986420,0.8233491644724241,0.8835988756074493,0.8098961036667051,0.8098961036667051,0.7829197017639918,0.8663698379963238,0.8575046149425977,0.8575046149425977,0.8200569166992179,0.9296486497049848,0.8432934449981804,0.8432934449981804,0.9024451073907643,0.9286137194169058,1.6508183252989816,1.6508183252989816,1.2116726317555759,1.5814624213416701,1.1909585606574724,1.1909585606574724,1.0814698543443393,1.2063695508915611,0.9645746690129201,0.9645746690129201,0.9247903936460963,1.0044113110664370
350,0.8473349568692075,0.8473349568692075,0.8216674777423297,0.8816453264572641,0.8143225294785558,0.8143225294785558,0.7867257823628774,0.8704265085327764,0.8688135033643992,0.8688135033643992,0.8312001345034538,0.9410998160431613,0.8904452382349306,0.8904452382349306,0.9211919280407019,0.9571757233676300,1.6026639432539400,1.6026639432539400,1.1729539785989083,1.5567562504515755,1.1733345309856804,1.1733345309856804,1.0627961714516454,1.1919837085965939,0.9555267867724819,0.9555267867724819,0.9147640738498483,0.9969030240706410
351,0.8451403344431054,0.8451403344431054,0.8198896158170643,0.8796997469734796,0.8191324115328422,0.8191324115328422,0.7900997640405210,0.8750849148261645,0.8796935528339059,0.8796935528339059,0.8404792145768805,0.9534125810386225,0.9363664367578531,0.9363664367578531,0.9353051871453130,0.9876786072434485,1.5421779772949713,1.5421779772949713,1.1276709560852194,1.5291387233047922,1.1542599265054294,1.1542599265054294,1.0427847521447604,1.1760593059274156,0.9460574814658796,0.9460574814658796,0.9039515656305521,0.9889486117358318
352,0.8433310913070298,0.8433310913070298,0.8185381367201034,0.8779445199064191,0.8237185946484572,0.8237185946484572,0.7937667448876862,0.8794525448868092,0.8898127004670418,0.8898127004670418,0.8487653709445262,0.9635149351930735,0.9735993400723061,0.9735993400723061,0.9450789304453479,1.0130317021955477,1.5005810729740172,1.5005810729740172,1.0984674128767649,1.5052922565833393,1.1385722173608370,1.1385722173608370,1.0274660865558136,1.1619067947380535,0.9376088202314649,0.9376088202314649,0.8943430876905811,0.9818743150762603
353,0.8415358001594687,0.8415358001594687,0.8174514612197894,0.8762214167254658,0.8283536211723717,0.8283536211723717,0.7974560535547769,0.8831675533497886,0.8994199934268636,0.8994199934268636,0.8565516744516098,0.9720688295157464,1.0045890756267479,1.0045890756267479,0.9528720790266346,1.0311097727803940,1.4665795205493086,1.4665795205493086,1.0814931747800949,1.4816250513206317,1.1253937906510862,1.1253937906510862,1.0154305513975981,1.1482905888608876,0.9299696397809543,0.9299696397809543,0.8862865820816617,0.9746609578441899
354,0.8399019969371518,0.8399019969371518,0.8167584971781012,0.8747370970109023,0.8339111235330866,0.8339111235330866,0.8019178534629712,0.8878099669503757,0.9104299345254329,0.9104299345254329,0.8652775620302892,0.9823523318572838,1.0404888346678876,1.0404888346678876,0.9644822035292534,1.0567698149916209,1.4326810106560461,1.4326810106560461,1.0684756965636291,1.4551713158431889,1.1116051534530169,1.1116051534530169,1.0052925449865138,1.1339428632503477,0.9222577267430675,0.9222577267430675,0.8787095416033711,0.9674169351320991
355,0.8384436843630972,0.8384436843630972,0.8158086368693881,0.8732240864972962,0.8412561526884245,0.8412561526884245,0.8075688450370104,0.8938899269321922,0.9268144253001011,0.9268144253001011,0.8778690150568577,0.9970700267783718,1.1018357109037999,1.1018357109037999,0.9863417886449681,1.0939834269016009,1.3876092142204157,1.3876092142204157,1.0554282995578987,1.4182218688832993,1.0961377560355965,1.0961377560355965,0.9949212621137370,1.1172091044408108,0.9142438476214777,0.9142438476214777,0.8712094482721769,0.9591124115681801
356,0.8372140829316755,0.8372140829316755,0.8151521446193677,0.8721379435771358,0.8499260189674264,0.8499260189674264,0.8144412795723426,0.9015401640932430,0.9466172282593877,0.9466172282593877,0.8932649230766788,1.0160032176810514,1.1755527821947744,1.1755527821947744,1.0121831651290596,1.1441917633245311,1.3585934305461680,1.3585934305461680,1.0460366046154008,1.3922064323651966,1.0829257147530400,1.0829257147530400,0.9864129880540196,1.1023678212015442,0.9069174108430392,0.9069174108430392,0.8644213004297717,0.9520163047008935
357,0.8361170000238912,0.8361170000238912,0.8144979816602437,0.8710970438400808,0.8578049059302545,0.8578049059302545,0.8208179680675646,0.9085482133920385,0.9630870029441738,0.9630870029441738,0.9069295842068744,1.0315579674201221,1.2317314077399830,1.2317314077399830,1.0321979409795574,1.1844149556776660,1.3080752776592743,1.3080752776592743,1.0314418452274075,1.3541222885277000,1.0664550283292680,1.0664550283292680,0.9753721252229293,1.0849582927624917,0.8988782334301880,0.8988782334301880,0.8570147073060717,0.9442303065264102
358,0.8354200094122032,0.8354200094122032,0.8142407176104457,0.8704188865345091,0.8649955976580461,0.8649955976580461,0.8270606040960303,0.9146866707100891,0.9772025485569292,0.9772025485569292,0.9197923178471693,1.0440716622044952,1.2733850619440696,1.2733850619440696,1.0496215557961184,1.2130312368876262,1.2782214974943491,1.2782214974943491,1.0246016620318559,1.3244859582512787,1.0526747190659029,1.0526747190659029,0.9662227412536174,1.0703539029357860,0.8913399234624363,0.8913399234624363,0.8506772616032083,0.9372732602316226
359,0.8348036866613816,0.8348036866613816,0.8139860893371885,0.8697220311654589,0.8723346262361424,0.8723346262361424,0.8331904889112320,0.9205601795666579,0.9910495405803772,0.9910495405803772,0.9328242352756193,1.0551491760637473,1.3123736631383909,1.3123736631383909,1.0649849775246201,1.2373811383586737,1.2368877861452821,1.2368877861452821,1.0130773183921116,1.2960368831859181,1.0375092471357545,1.0375092471357545,0.9543610513303932,1.0556415752083195,0.8836378845025163,0.8836378845025163,0.8432854187313477,0.9305553882823416
360,0.8344411378980156,0.8344411378980156,0.8141573535152050,0.8692079876826150,0.8800200107135144,0.8800200107135144,0.8404846711562697,0.9267481543666963,1.0064779140435642,1.0064779140435642,0.9481887993866924,1.0665239634393200,1.3543979784008595,1.3543979784008595,1.0908741130302984,1.2597003216824434,1.2072177444701646,1.2072177444701646,1.0080659211903407,1.2703705841686177,1.0244331783143668,1.0244331783143668,0.9453703878826906,1.0424197167111611,0.8765601066940518,0.8765601066940518,0.8373708955270618,0.9244511539065170
