1,0.910217725453827,0.910217725453827,0.907009759838246,0.911863864054573,0.858871067590369,0.858871067590369,0.899912364246375,0.966274465029683,0.838300160923708,0.838300160923708,0.797994836322829,0.850288959718518,1.16288925205826,1.16288925205826,1.14236349879982,1.07731327777258,0.930259329931327,0.930259329931327,1.01866554063581,1.10438427887208,0.871588296269136,0.871588296269136,0.837535977012296,0.877776459503355,0.982804853168524,0.982804853168524,0.958702010397402,0.997190096545553
2,0.910209980449913,0.910209980449913,0.907123338626437,0.911620046009341,0.860854933817751,0.860854933817751,0.911741361744033,0.970661601003329,0.849280527667297,0.849280527667297,0.810955254324352,0.858125800168885,1.20204026065978,1.20204026065978,1.18713232658804,1.10663306890757,0.917520237219856,0.917520237219856,0.989068948779576,1.08722476032117,0.865464622057995,0.865464622057995,0.829023489791115,0.876110436636236,0.976912018142488,0.976912018142488,0.952836601847091,0.985892749368438
3,0.910434432701485,0.910434432701485,0.90767761639688,0.911677853412728,0.866322324977704,0.866322324977704,0.924593469233733,0.975259862038296,0.860743095144216,0.860743095144216,0.824463594688228,0.865937803559518,1.24455320031604,1.24455320031604,1.2302000477476,1.13881702554358,0.913313430233082,0.913313430233082,0.965377319631605,1.07162601445837,0.860903068552918,0.860903068552918,0.819918283041045,0.876573096993825,0.970449383987725,0.970449383987725,0.947524596001764,0.974097773741102
4,0.911476186681825,0.911476186681825,0.908810968866181,0.911979975773125,0.875349055452383,0.875349055452383,0.937458975035442,0.97976602797486,0.869931610279163,0.869931610279163,0.836159529125072,0.870858683424578,1.28275644559823,1.28275644559823,1.27406356848953,1.17037018763325,0.901373062361668,0.901373062361668,0.926677186633223,1.04123809738645,0.85273788202728,0.85273788202728,0.806504104229355,0.873586821183333,0.962302335894817,0.962302335894817,0.940929238648273,0.961426406156739
5,0.913690595399436,0.913690595399436,0.910917932877531,0.912850786056052,0.889758742806443,0.889758742806443,0.953578186473537,0.987041171777888,0.885576935352703,0.885576935352703,0.854978915875179,0.881942445762253,1.31973413486407,1.31973413486407,1.334218535041,1.21367685621936,0.860252234675235,0.860252234675235,0.865381923697806,0.987892131419234,0.841312573744594,0.841312573744594,0.78749020957067,0.868151044693111,0.95290570806125,0.95290570806125,0.934316718109498,0.948548374002047
6,0.918478281667309,0.918478281667309,0.914549243783028,0.91546205744402,0.908211434011693,0.908211434011693,0.972679862164898,0.996630204928271,0.907753862440475,0.907753862440475,0.880994995894596,0.897707694618151,1.35650010488766,1.35650010488766,1.41124785359183,1.26599569800465,0.829085621899401,0.829085621899401,0.824533910075512,0.953331889824709,0.832981167453105,0.832981167453105,0.777663695871452,0.865922551593507,0.948250436280486,0.948250436280486,0.932251121425901,0.941411810307382
7,0.924256971758299,0.924256971758299,0.918452213895369,0.919404886757004,0.926777473487487,0.926777473487487,0.990511303442713,1.00531186521811,0.927522944068243,0.927522944068243,0.905300222573094,0.91086220940596,1.40909102256832,1.40909102256832,1.47314133615404,1.30582148106675,0.804261197021701,0.804261197021701,0.789450720546614,0.926503022022685,0.825894971518253,0.825894971518253,0.772951461485941,0.86285250678087,0.945926025155815,0.945926025155815,0.93299038529118,0.938310747903274
8,0.930927967826482,0.930927967826482,0.923061619716133,0.925451695746092,0.9457402997834,0.9457402997834,1.00850724621797,1.01376254982046,0.947343705441173,0.947343705441173,0.929657610352641,0.924539798656605,1.46893225859504,1.46893225859504,1.53916685500937,1.34904882052127,0.794956479000616,0.794956479000616,0.769272810815228,0.91207822355785,0.824741210790579,0.824741210790579,0.773464745945746,0.862673383701817,0.947475406272914,0.947475406272914,0.936868751736693,0.939211350388653
9,0.937880994135856,0.937880994135856,0.927581800874829,0.93236887331875,0.964158511394976,0.964158511394976,1.02433645863614,1.02180884248431,0.964184698840974,0.964184698840974,0.950184619225018,0.935128465628854,1.5175537957172,1.5175537957172,1.58883223082626,1.38326526627872,0.78178320401399,0.78178320401399,0.7483155936646,0.896028502273865,0.824628192852898,0.824628192852898,0.775097577921349,0.863496369589907,0.948864363782104,0.948864363782104,0.941181258753551,0.939829666864242
10,0.944931953981558,0.944931953981558,0.932297313195088,0.940233992924604,0.981563036527166,0.981563036527166,1.03719787050918,1.02880253540167,0.980072200942538,0.980072200942538,0.970918272223382,0.945667308860793,1.56148340708164,1.56148340708164,1.61950452327703,1.41468280114341,0.771895075767205,0.771895075767205,0.728767965898601,0.884523817773805,0.826887832662893,0.826887832662893,0.779591441954112,0.865933542561874,0.951704669530771,0.951704669530771,0.946502726354868,0.941531258637022
11,0.9523380120659,0.9523380120659,0.937142898688958,0.948421553061291,0.998057042468132,0.998057042468132,1.04907018921566,1.0355059959296,0.99538562720826,0.99538562720826,0.991103387389174,0.956651124476164,1.60051505718418,1.60051505718418,1.64898719737772,1.4437422135965,0.763866612027919,0.763866612027919,0.715454797486542,0.874331003453439,0.832762896168881,0.832762896168881,0.786235531132753,0.87227607394233,0.955985053811376,0.955985053811376,0.953298980992514,0.946930716922439
12,0.959952369992336,0.959952369992336,0.942023520914273,0.956906100803346,1.01275729505944,1.01275729505944,1.05979390040762,1.041318392104,1.00795816076738,1.00795816076738,1.00931561276836,0.965598151572484,1.62934723936156,1.62934723936156,1.67867052180048,1.4652538430295,0.752469860262059,0.752469860262059,0.701607051529003,0.863990002330378,0.838048569691975,0.838048569691975,0.793132382092519,0.878640290206321,0.961334566732419,0.961334566732419,0.960389650270028,0.954678304764876
13,0.96714926201704,0.96714926201704,0.947037592680684,0.965016363552505,1.02561587581066,1.02561587581066,1.06972815328197,1.04629071568208,1.0213819745732,1.0213819745732,1.02772648116069,0.974802077654127,1.66052325301603,1.66052325301603,1.70783011487414,1.48522559165817,0.746012553659218,0.746012553659218,0.693701182841688,0.856997638047416,0.847021992639629,0.847021992639629,0.80397983425626,0.888739801922319,0.967806433900587,0.967806433900587,0.968581330548801,0.963687246549791
14,0.974870419471126,0.974870419471126,0.952392954314536,0.97366803928888,1.03467674651293,1.03467674651293,1.07850620626498,1.05046635762366,1.0363602002696,1.0363602002696,1.04581822824453,0.984091287615581,1.70334240405956,1.70334240405956,1.73252914926298,1.49487879542069,0.738070784253104,0.738070784253104,0.687278049059931,0.84825333368585,0.860693712169631,0.860693712169631,0.817663209690955,0.902532724589254,0.974879261617724,0.974879261617724,0.976875843245385,0.973273303158131
15,0.982045299379444,0.982045299379444,0.957374756863834,0.981985679886293,1.04178144325991,1.04178144325991,1.08559249905162,1.05353065967586,1.05132076871975,1.05132076871975,1.06320203070911,0.991949224604638,1.75322075775734,1.75322075775734,1.74909742449989,1.5061364948447,0.729215881911517,0.729215881911517,0.68047961723154,0.842334842596436,0.87659990848279,0.87659990848279,0.832410436788412,0.917258839881142,0.982924814452983,0.982924814452983,0.985933090829858,0.982348313433066
16,0.989372531667377,0.989372531667377,0.962692203551335,0.990273064077731,1.04821758883033,1.04821758883033,1.09203798034889,1.05594026003494,1.06971631756499,1.06971631756499,1.08342053513428,1.00092707359436,1.77370210780932,1.77370210780932,1.76915293431702,1.51491643840867,0.723212654643904,0.723212654643904,0.675163920308707,0.836992419683729,0.898368802471606,0.898368802471606,0.853039359010664,0.93683137811625,0.991876967736832,0.991876967736832,0.99597010691442,0.991280612852626
17,0.99611878675385,0.99611878675385,0.967732898805621,0.998235523179451,1.05303041069619,1.05303041069619,1.09636109458881,1.05657267589496,1.08739638904943,1.08739638904943,1.10297663973638,1.01076943180785,1.77816952591418,1.77816952591418,1.78565659334852,1.51745561037059,0.730165255920694,0.730165255920694,0.676038932147856,0.843397168766398,0.925177491264134,0.925177491264134,0.880265196328385,0.961411490655085,1.00209770990659,1.00209770990659,1.00678650764353,0.999339510169564
18,1.00179276643009,1.00179276643009,0.973046803074777,1.00616684247648,1.05854660269837,1.05854660269837,1.10106851707821,1.05805822591574,1.10813245613112,1.10813245613112,1.12565702503704,1.02307858883964,1.7848862833511,1.7848862833511,1.81629895829362,1.51868457215917,0.754327392941692,0.754327392941692,0.693224711551151,0.862851979005793,0.955531722432409,0.955531722432409,0.910236413112262,0.98915254628548,1.01108638790523,1.01108638790523,1.01670367481889,1.005032849266
19,1.00590347821115,1.00590347821115,0.977326099786003,1.01334633425496,1.06355523879209,1.06355523879209,1.10506508468044,1.05892641408297,1.12876530727733,1.12876530727733,1.14876531600738,1.0371423494829,1.7856074076158,1.7856074076158,1.82916370470484,1.51687727541126,0.788721593105015,0.788721593105015,0.723423557649796,0.889170211764768,0.984393282848691,0.984393282848691,0.940482304799771,1.01604818851125,1.01839642259911,1.01839642259911,1.02487716505514,1.00931322692465
20,1.00850070412878,1.00850070412878,0.980572947600478,1.01993720642741,1.06811591166091,1.06811591166091,1.10852385892563,1.05927701008658,1.14991624786879,1.14991624786879,1.17253893028433,1.05155412820413,1.78220284852571,1.78220284852571,1.83004112475721,1.50965832443663,0.79194633805535,0.79194633805535,0.726566080637741,0.890922151843371,1.00294907399346,1.00294907399346,0.960703247289815,1.03194201992878,1.02005592097902,1.02005592097902,1.02718260625104,1.00757254827477
21,1.01007023936265,1.01007023936265,0.983069743680655,1.0246584204328,1.07250601913819,1.07250601913819,1.11154093548492,1.05943817650879,1.17167485613045,1.17167485613045,1.19603696777077,1.06584740721867,1.77662639103445,1.77662639103445,1.82921131664567,1.50320259647802,0.791020414152686,0.791020414152686,0.725370458991904,0.887844228556247,1.01612270938081,1.01612270938081,0.97521856050742,1.04255439399302,1.01969746281154,1.01969746281154,1.02778280430735,1.00359728161198
22,1.01187609912382,1.01187609912382,0.985932681906974,1.02848254304351,1.07663746178969,1.07663746178969,1.11468566818364,1.05947293355314,1.19196260142286,1.19196260142286,1.21882752224062,1.07940440207084,1.76333781148081,1.76333781148081,1.82314555538442,1.49272539334867,0.787588171290166,0.787588171290166,0.718247999341827,0.878643816763013,1.02685049855956,1.02685049855956,0.987371060855948,1.05157931576129,1.01789899400192,1.01789899400192,1.02674215784237,0.998426510726897
23,1.01335106378358,1.01335106378358,0.988704070759187,1.03086639447489,1.08086840657569,1.08086840657569,1.1176166978058,1.05938563507444,1.21285586106274,1.21285586106274,1.24279316322585,1.09325270870195,1.75257636395627,1.75257636395627,1.81773207771249,1.48310801564559,0.784857299795204,0.784857299795204,0.710390666467465,0.856833413711963,1.03617045233395,1.03617045233395,0.997382162177385,1.05900891332383,1.01591396400968,1.01591396400968,1.02570510537772,0.992577626278128
24,1.01485374740472,1.01485374740472,0.991587709992711,1.03264820968226,1.08453715751444,1.08453715751444,1.12047574871844,1.05886900223477,1.23041922245603,1.23041922245603,1.2667478796147,1.10693762937384,1.73723737590222,1.73723737590222,1.80857358080929,1.46747633821612,0.786494543595462,0.786494543595462,0.708037704943752,0.831378000215427,1.04600775794011,1.04600775794011,1.00755380755607,1.0670516286893,1.01452643218638,1.01452643218638,1.02470083899778,0.985927460848846
25,1.0162379120844,1.0162379120844,0.994026665023345,1.03440716694788,1.08705790087955,1.08705790087955,1.12192954000652,1.05736101879258,1.24411765668544,1.24411765668544,1.28578637376273,1.11923885650102,1.71404133046558,1.71404133046558,1.79111496227894,1.44799527865138,0.768608507808788,0.768608507808788,0.699683392688873,0.805574251507364,1.05272254759884,1.05272254759884,1.01393143925202,1.07314315011653,1.0114216956494,1.0114216956494,1.02252720226323,0.977744010572796
26,1.0177200103004,1.0177200103004,0.996579364893031,1.03626456795777,1.08988488819477,1.08988488819477,1.12297788348618,1.05638199181301,1.25817483447919,1.25817483447919,1.30142131760037,1.13253506222599,1.69603595880028,1.69603595880028,1.77767275104256,1.43037973318112,0.75954397572715,0.75954397572715,0.699999900877565,0.795691923821213,1.05971283645426,1.05971283645426,1.02066805050346,1.07920258979825,1.00905091578829,1.00905091578829,1.02019066196238,0.970289063845648
27,1.01916455543821,1.01916455543821,0.998859575301574,1.0380066854354,1.09156291771133,1.09156291771133,1.12273239663614,1.05431568183676,1.27202873860863,1.27202873860863,1.3133368210378,1.14489090096041,1.67018347629398,1.67018347629398,1.75356546506113,1.40910033338334,0.755303770103825,0.755303770103825,0.698475466189047,0.793218294768452,1.06676624855986,1.06676624855986,1.02688087725723,1.08580058692992,1.00608256986843,1.00608256986843,1.01772913846612,0.962761485533445
28,1.02066958294211,1.02066958294211,1.00069089488544,1.03956544246733,1.09198814340891,1.09198814340891,1.12119494033308,1.05207470110897,1.28351097309968,1.28351097309968,1.32357039823459,1.15670571073099,1.64152606906154,1.64152606906154,1.72615867158045,1.38534125847233,0.752034967377615,0.752034967377615,0.695515465201924,0.792189326666628,1.07279761040969,1.07279761040969,1.03252076716215,1.09161495772239,1.00189105334185,1.00189105334185,1.01219459798767,0.95471002639088
29,1.02202725155577,1.02202725155577,1.0009831997492,1.04110426781577,1.09187927477062,1.09187927477062,1.11929513412523,1.0498441991504,1.29637219545747,1.29637219545747,1.33393337804491,1.16907232216602,1.61566719234994,1.61566719234994,1.6998333493271,1.36044278692132,0.755808302698523,0.755808302698523,0.697444592866049,0.79289754411327,1.07978732411021,1.07978732411021,1.03874150698794,1.09764795966939,0.996985947080719,0.996985947080719,1.00437339313141,0.94712972454856
30,1.02324306430827,1.02324306430827,1.00089901196322,1.04262106340875,1.09106221699768,1.09106221699768,1.11688656423636,1.04733733810246,1.30686533704806,1.30686533704806,1.34295401730786,1.18030570534547,1.58252744720027,1.58252744720027,1.66787213362111,1.33339283255147,0.760695162774207,0.760695162774207,0.700900889630689,0.796853041192971,1.08516300937502,1.08516300937502,1.04448228856106,1.10288485904282,0.991241587057009,0.991241587057009,0.995550635732207,0.939504210273777
31,1.02499893822182,1.02499893822182,1.00068104253442,1.04439051103412,1.08942565801603,1.08942565801603,1.11376140796019,1.04460702837026,1.31723085837907,1.31723085837907,1.35073156059623,1.19039807998556,1.54954968858493,1.54954968858493,1.6332310458172,1.30542803416411,0.762410573596178,0.762410573596178,0.697964131145544,0.798252797052185,1.09006692383381,1.09006692383381,1.0494524586594,1.10778118692349,0.982741579870779,0.982741579870779,0.985712609911213,0.931967735321637
32,1.02649132914039,1.02649132914039,1.00025783424275,1.04585364015519,1.08761833002319,1.08761833002319,1.11036240507357,1.04181126322758,1.32743861293248,1.32743861293248,1.3598509828293,1.2018216312549,1.51523696199583,1.51523696199583,1.59656645052817,1.27850922876181,0.770913013730766,0.770913013730766,0.704589611415104,0.805050786438107,1.09720301445616,1.09720301445616,1.05612713490488,1.1142351132536,0.974059899567848,0.974059899567848,0.97615983036188,0.925063505191216
33,1.0280346230781,1.0280346230781,0.999152489018489,1.0473792145229,1.08565462214093,1.08565462214093,1.10706158203996,1.03916633332619,1.33329866536931,1.33329866536931,1.36702751944895,1.20966535426399,1.47837792076172,1.47837792076172,1.5554460577484,1.24889963039609,0.78116213149601,0.78116213149601,0.711229447347649,0.812242657628593,1.10220714965613,1.10220714965613,1.0608209561805,1.11911703405411,0.965047052798822,0.965047052798822,0.966297746742711,0.917896094949886
34,1.02911734405282,1.02911734405282,0.997076299766512,1.04862072099145,1.08284372077787,1.08284372077787,1.1027441248651,1.03571726857922,1.33042742486102,1.33042742486102,1.36525681162924,1.21367145230245,1.42297213181335,1.42297213181335,1.4959005240395,1.20553090595704,0.785926056164817,0.785926056164817,0.714718557056258,0.816482981290096,1.10660248339536,1.10660248339536,1.06522716772324,1.12301867929762,0.956191370927092,0.956191370927092,0.956340385441133,0.911145295396731
35,1.02846706944793,1.02846706944793,0.993877440650556,1.0482769132542,1.08004924473306,1.08004924473306,1.09899996657411,1.03303743404519,1.31968349295154,1.31968349295154,1.35373751714522,1.21435282561588,1.35122346457838,1.35122346457838,1.41481942932437,1.15522600051242,0.796762137202203,0.796762137202203,0.724701895258554,0.825320303341664,1.1123531696544,1.1123531696544,1.07081577483452,1.12820908984539,0.947639156481241,0.947639156481241,0.946808069689639,0.905175212459646
36,1.02644857875694,1.02644857875694,0.991087564802605,1.04682543395368,1.07672087797202,1.07672087797202,1.09434881699515,1.02978687556,1.30686461927382,1.30686461927382,1.33998391189912,1.21189231087293,1.29314134547717,1.29314134547717,1.33676849455753,1.11369336161903,0.807471019176982,0.807471019176982,0.734922443701619,0.833422464891555,1.11683980923387,1.11683980923387,1.07474507161384,1.13241135292637,0.939304393079036,0.939304393079036,0.93722397099451,0.89987762799383
37,1.02414362482911,1.02414362482911,0.989432923333701,1.04475419524244,1.07309604100396,1.07309604100396,1.08986715606312,1.02672382800833,1.29659571035529,1.29659571035529,1.32866941513042,1.21043934287848,1.24110530272334,1.24110530272334,1.27554634036098,1.079293307307,0.817485635877085,0.817485635877085,0.750225580444743,0.84250034993451,1.12102751205451,1.12102751205451,1.07880828191958,1.13646999078559,0.930523661551416,0.930523661551416,0.927620288664891,0.895977836923945
38,1.02112358284257,1.02112358284257,0.989260341139948,1.04203067700529,1.06846769853889,1.06846769853889,1.08507599412366,1.02454926201497,1.28847624817096,1.28847624817096,1.31928349429257,1.20845297658311,1.19775116983614,1.19775116983614,1.22662915218564,1.05159528511216,0.828549822496018,0.828549822496018,0.769439609947066,0.852070266482513,1.123053351398,1.123053351398,1.08319714557367,1.13958756411008,0.921448152492885,0.921448152492885,0.918213322843525,0.892542712982548
39,1.01799419362973,1.01799419362973,0.990074101054173,1.03919474628172,1.06391618855422,1.06391618855422,1.08021099259803,1.02341002793714,1.28387043443825,1.28387043443825,1.31344498992877,1.20861785875074,1.15708615551238,1.15708615551238,1.18403755043434,1.02322168579668,0.842683841240434,0.842683841240434,0.795482833412751,0.863236238290701,1.11922152567121,1.11922152567121,1.08838355558229,1.14395112707818,0.912153630925207,0.912153630925207,0.909662315877977,0.888959044323521
40,1.01421789277422,1.01421789277422,0.990609282975723,1.03565590624341,1.0598410127987,1.0598410127987,1.07550156036183,1.02253549347306,1.2777160945637,1.2777160945637,1.30600441658523,1.20493838300987,1.10977756187906,1.10977756187906,1.13563525139051,0.9912961885894,0.859628319720102,0.859628319720102,0.824355489692685,0.877496812420083,1.11172883901139,1.11172883901139,1.09026777976886,1.14658821685313,0.902786127817748,0.902786127817748,0.90100862318851,0.88431339396453
41,1.01015431341829,1.01015431341829,0.991559536696809,1.03168524987091,1.05560294132503,1.05560294132503,1.07069238513624,1.02195133898672,1.27408674090485,1.27408674090485,1.30174859388926,1.202556269588,1.0608888890687,1.0608888890687,1.08938501207202,0.960172299461806,0.873735335311563,0.873735335311563,0.846930111539742,0.890299254071008,1.10518673961112,1.10518673961112,1.09245543983235,1.14764617182171,0.894103021828923,0.894103021828923,0.892547099496664,0.878902413801162
42,1.00547036943967,1.00547036943967,0.99199381504581,1.02700240849718,1.05282658742886,1.05282658742886,1.06711131407642,1.02158480344685,1.27214702780311,1.27214702780311,1.29962414456126,1.20111197960237,1.01511561517529,1.01511561517529,1.05188652764795,0.928887193066789,0.895423130790677,0.895423130790677,0.869480807281821,0.912017922434676,1.09878023297833,1.09878023297833,1.09277059314284,1.14470103787929,0.886656596517913,0.886656596517913,0.885252819098006,0.873853424790622
43,1.00102917018898,1.00102917018898,0.992867187218749,1.02281647890042,1.05024869481597,1.05024869481597,1.06479094974162,1.02064105007067,1.2683178457963,1.2683178457963,1.29642246848267,1.19746960983026,0.978621754110697,0.978621754110697,1.0125903523724,0.903552411292033,0.914561970752636,0.914561970752636,0.880635841024978,0.937545184077972,1.09157886227493,1.09157886227493,1.08823214199275,1.13865184653294,0.880680664371233,0.880680664371233,0.878408082129281,0.868189255005453
44,0.997150961387244,0.997150961387244,0.99439048245745,1.018472586571,1.04836276963912,1.04836276963912,1.06339224040292,1.01981920462924,1.27274450307912,1.27274450307912,1.30151302266298,1.19641179047893,0.963946342473616,0.963946342473616,0.9923716016153,0.897438950151164,0.93142046550842,0.93142046550842,0.884053856021655,0.967859328499202,1.08340260401748,1.08340260401748,1.08035300488177,1.12824696412827,0.874219116453341,0.874219116453341,0.872569445214135,0.862225735163404
45,0.995883328444085,0.995883328444085,0.997583253041874,1.01500314854421,1.0482328603039,1.0482328603039,1.06384413569296,1.01990170648823,1.28213614832352,1.28213614832352,1.3152281610204,1.20313919238755,0.965469584270184,0.965469584270184,0.989237375567775,0.903160243891515,0.963539294730585,0.963539294730585,0.894463078892537,1.00829059008617,1.07380930787728,1.07380930787728,1.07232047591325,1.11137478799953,0.86823293294619,0.86823293294619,0.866846329738399,0.856366860225526
46,0.995877163013338,0.995877163013338,1.00163893459506,1.01196453302805,1.04765498774378,1.04765498774378,1.06344129311188,1.01857525665347,1.28331760471986,1.28331760471986,1.32457361469136,1.20613998799014,0.942230200330946,0.942230200330946,0.96133065670842,0.889602639402472,0.989593784286343,0.989593784286343,0.898920170448205,1.03851556582526,1.06271169409838,1.06271169409838,1.06106717445977,1.08888058302473,0.862887629193023,0.862887629193023,0.862281142493752,0.850663384793425
47,0.996992086899071,0.996992086899071,1.00706619625126,1.00959707968531,1.04695643660579,1.04695643660579,1.06311169463645,1.01743609636979,1.2787026034769,1.2787026034769,1.32988389173982,1.20721950236353,0.907619077494384,0.907619077494384,0.925353713879038,0.869505499565796,0.994991572440319,0.994991572440319,0.894484270585517,1.04649006861439,1.04794962466833,1.04794962466833,1.04776332213292,1.06281713533622,0.859149888119365,0.859149888119365,0.859256681189579,0.846110930383933
48,0.999626458263097,0.999626458263097,1.01378793506118,1.00826944184209,1.04667394828124,1.04667394828124,1.06303145363453,1.01694868601326,1.2687159233889,1.2687159233889,1.3321837500802,1.20665483330668,0.865053563261193,0.865053563261193,0.883288564159162,0.847716218172236,0.983002172528012,0.983002172528012,0.883649163046049,1.03672577716935,1.02901681948717,1.02901681948717,1.0327172243924,1.03509212057857,0.857075990373106,0.857075990373106,0.85785267395581,0.842926297903044
49,1.00389589167042,1.00389589167042,1.02128889520646,1.00842111035891,1.04628496688094,1.04628496688094,1.06295873057435,1.0158822129667,1.25662587767281,1.25662587767281,1.333057717791,1.20616287997893,0.823860671766328,0.823860671766328,0.840758177760356,0.830013026806588,0.978037145430614,0.978037145430614,0.880255757757347,1.02647779373629,1.01663962984641,1.01663962984641,1.02518687114797,1.01601818613815,0.860871437780543,0.860871437780543,0.861574444672345,0.845161031762512
50,1.00918246828906,1.00918246828906,1.02857415528469,1.00934442765293,1.04547306747241,1.04547306747241,1.06248435589415,1.01494406794587,1.2414037522902,1.2414037522902,1.33060906952521,1.20469794231714,0.787811563203902,0.787811563203902,0.792218484258711,0.809955551535707,0.979685758979485,0.979685758979485,0.886973524431817,1.02531090285274,1.01015173879539,1.01015173879539,1.02460236904002,1.00600600806268,0.869675048172262,0.869675048172262,0.869910618434063,0.851974764104726
51,1.01483097097874,1.01483097097874,1.03587912006497,1.01067460526746,1.04436469785686,1.04436469785686,1.06150717233828,1.0136364356192,1.22348638464256,1.22348638464256,1.32082293917753,1.20006538181417,0.76670002869597,0.76670002869597,0.750808338810486,0.792780794546614,0.978123839763788,0.978123839763788,0.88835918771147,1.02040213482584,1.00432110600536,1.00432110600536,1.02367790918431,0.996074034350971,0.882318438013723,0.882318438013723,0.87951906831515,0.861957887962692
52,1.02061720225775,1.02061720225775,1.04305594893167,1.0125273684341,1.04484897325226,1.04484897325226,1.06181399368329,1.01292159169434,1.21482098337253,1.21482098337253,1.30725043604334,1.19571365963122,0.749917371178003,0.749917371178003,0.725705283095206,0.779261575121243,0.991825808060914,0.991825808060914,0.904595442548688,1.02946526533865,1.0124520708145,1.0124520708145,1.02611787450554,0.988749742147509,0.896627707876714,0.896627707876714,0.890804669455633,0.876105368543738
53,1.0260868565018,1.0260868565018,1.04980630383978,1.01415039272251,1.04547123489558,1.04547123489558,1.0619741035118,1.01178803976601,1.20598288562075,1.20598288562075,1.28990510046744,1.1900973420936,0.737705149516995,0.737705149516995,0.709343099545019,0.768252099108976,1.00344640175259,1.00344640175259,0.917875114413779,1.03333865025063,1.02365163079927,1.02365163079927,1.03182274290567,0.98523768217462,0.912161981371154,0.912161981371154,0.903428779007413,0.892656764989603
54,1.03128090070526,1.03128090070526,1.05614524006728,1.01560650986629,1.04599725231877,1.04599725231877,1.06248517467989,1.0101904702265,1.19665009786389,1.19665009786389,1.26872938598437,1.1813681629429,0.72188020185993,0.72188020185993,0.695936257178967,0.75076258459777,1.00836168619981,1.00836168619981,0.926833048117072,1.03460304933336,1.03178144529861,1.03178144529861,1.03600906235104,0.980852879902793,0.927622254978747,0.927622254978747,0.915920057240608,0.91004772713702
55,1.03626970230502,1.03626970230502,1.06184892105497,1.01739362546595,1.04750139065621,1.04750139065621,1.06427384933313,1.00889626843501,1.1911457743396,1.1911457743396,1.24927637264393,1.17265230004712,0.711174881248605,0.711174881248605,0.689192365846239,0.730453047408775,1.01874795155769,1.01874795155769,0.9426468363007,1.04096610083085,1.04121053471511,1.04121053471511,1.04386582981613,0.980187480736822,0.944119884798296,0.944119884798296,0.928970459240548,0.928394786384501
56,1.04057062526773,1.04057062526773,1.06686088951049,1.01889976506194,1.0491885151837,1.0491885151837,1.06672901557376,1.00759225202166,1.18795555495979,1.18795555495979,1.23500592628153,1.16410116969813,0.700219476163217,0.700219476163217,0.682183888156634,0.704019813061932,1.03810068491543,1.03810068491543,0.961437031943435,1.05678744764835,1.05019718622544,1.05019718622544,1.05416225825353,0.988457144746401,0.960482074457973,0.960482074457973,0.941928370742014,0.946516804395556
57,1.04424603725647,1.04424603725647,1.07082812130562,1.02017395728292,1.05095566223273,1.05095566223273,1.06989555774702,1.00615821031713,1.18571782199427,1.18571782199427,1.22366373335298,1.1553507443879,0.690265119441338,0.690265119441338,0.67792125911153,0.687482248129798,1.06181158503836,1.06181158503836,0.98515532160838,1.07868188737106,1.0555580612516,1.0555580612516,1.06333716090712,0.999698528959717,0.976023001153249,0.976023001153249,0.956606854894706,0.964068124831665
58,1.04689895586671,1.04689895586671,1.07384078205731,1.02127715664021,1.05283181366648,1.05283181366648,1.073238064418,1.00478630328637,1.18365809703987,1.18365809703987,1.21303687068633,1.14538090921722,0.681079488290301,0.681079488290301,0.674793154599254,0.674853562181624,1.08545497727889,1.08545497727889,1.00911287232309,1.10684251189339,1.06072554044292,1.06072554044292,1.07137288553934,1.01090114773055,0.989939596387317,0.989939596387317,0.970234570703913,0.979620399443345
59,1.04803950960092,1.04803950960092,1.07536568245432,1.02120786505354,1.05567719462322,1.05567719462322,1.07726194968972,1.00379229609448,1.1819670209343,1.1819670209343,1.20519008699833,1.13517901212095,0.676081351145313,0.676081351145313,0.678547016048102,0.669144423711435,1.10763735682267,1.10763735682267,1.02687424545183,1.12721915951578,1.05837315690544,1.05837315690544,1.07131277662691,1.01313439368134,0.999299088497851,0.999299088497851,0.980375152675742,0.990464965986313
60,1.04899046360117,1.04899046360117,1.07669630334522,1.02088840599336,1.05899605913403,1.05899605913403,1.08160486365739,1.00284773098266,1.18093873756042,1.18093873756042,1.20018108262201,1.12503501829045,0.671078240729535,0.671078240729535,0.685384090750732,0.661017026229895,1.12016681979409,1.12016681979409,1.03368429853121,1.13523086938091,1.0528510947188,1.0528510947188,1.06828526570849,1.0075737063209,1.00665970109604,1.00665970109604,0.988988431198153,0.999136491763143
61,1.04963222889255,1.04963222889255,1.07754415903602,1.02049584568956,1.06238591902866,1.06238591902866,1.08571866648971,1.00179668091332,1.16923413661033,1.16923413661033,1.19614036676754,1.11388736785334,0.673622423972776,0.673622423972776,0.692149747542124,0.656229769038902,1.1341004467192,1.1341004467192,1.04541082438181,1.14512217808541,1.04657356657214,1.04657356657214,1.06406029394981,1.0002948632569,1.01214363582989,1.01214363582989,0.996792032787454,1.00645215502899
62,1.05012286469968,1.05012286469968,1.07837109231846,1.01956231409789,1.06622055210706,1.06622055210706,1.09039393303028,1.00180745485912,1.15566590662775,1.15566590662775,1.19150356800609,1.10201300898774,0.683827575635974,0.683827575635974,0.698836504545861,0.659692741533202,1.155819509007,1.155819509007,1.06741327051842,1.16072220695083,1.04140781284552,1.04140781284552,1.06206665632517,0.9927858039636,1.01655063459579,1.01655063459579,1.00542196106653,1.01281806551997
63,1.05031001864293,1.05031001864293,1.07868614615004,1.018374308464,1.06957830797058,1.06957830797058,1.09419964912145,1.00173056135549,1.1400060825146,1.1400060825146,1.18414423673144,1.08779648546503,0.691471492841791,0.691471492841791,0.696716412837932,0.654726354045072,1.17179613763599,1.17179613763599,1.08912723618931,1.17253866108772,1.0343984000897,1.0343984000897,1.05714746467155,0.983352434046569,1.02005042190486,1.02005042190486,1.01256976761471,1.01702887437125
64,1.05011746357853,1.05011746357853,1.07841387809004,1.01675045598929,1.07179070331588,1.07179070331588,1.09676229959842,1.0016369903741,1.12134912029175,1.12134912029175,1.16646070027027,1.07114727667594,0.706976730233718,0.706976730233718,0.6905486259892,0.652496821596775,1.18398735058618,1.18398735058618,1.10867281314631,1.17884526046991,1.02767900919177,1.02767900919177,1.05330475516103,0.973823264472832,1.0235483082994,1.0235483082994,1.0196118812142,1.02024712448337
65,1.04933832637562,1.04933832637562,1.07774364146908,1.0149564940496,1.07354848386111,1.07354848386111,1.0987056503203,1.00126123056555,1.10054515176711,1.10054515176711,1.14639406312161,1.05268226935109,0.702252833449493,0.702252833449493,0.690550666500949,0.645590069140012,1.20441381457855,1.20441381457855,1.13359082607509,1.19058986646004,1.02153621108024,1.02153621108024,1.04896656560273,0.96407902838295,1.02739928956688,1.02739928956688,1.02688122365133,1.02376275572387
66,1.0483535898912,1.0483535898912,1.07661825944105,1.01312625755018,1.07476063162377,1.07476063162377,1.09994536635649,1.00058800654094,1.07966438139897,1.07966438139897,1.1255382392848,1.03491853491164,0.694863973988531,0.694863973988531,0.702312856396751,0.638769683076512,1.21554550907987,1.21554550907987,1.14723349113283,1.19729868716383,1.01465822121887,1.01465822121887,1.04498415993623,0.953133212102732,1.03110369674655,1.03110369674655,1.03287139535621,1.0267538498245
67,1.04683098326657,1.04683098326657,1.07482153378634,1.01074936288368,1.07560076629012,1.07560076629012,1.1011049902609,0.99985338578405,1.0588193561879,1.0588193561879,1.10529157709712,1.01666539069874,0.68615293496441,0.68615293496441,0.712842577195738,0.633911413517726,1.22365711410589,1.22365711410589,1.15816498669521,1.20154093532926,1.00705424208607,1.00705424208607,1.03939174846341,0.941886183878633,1.03416749573146,1.03416749573146,1.03788766631664,1.0296551753697
68,1.04538964822907,1.04538964822907,1.07258881392374,1.00879511928971,1.07654949810189,1.07654949810189,1.101928465404,0.999404200796891,1.03931929634467,1.03931929634467,1.0857233169582,1.00023851848053,0.686822905586687,0.686822905586687,0.723133558120012,0.633635680810346,1.23739461286743,1.23739461286743,1.17067013636205,1.21131484929396,1.00118967515699,1.00118967515699,1.03575203968498,0.930919128294681,1.03822879961311,1.03822879961311,1.04290467074654,1.03296428788642
69,1.0433347254473,1.0433347254473,1.0688026882665,1.00634374306908,1.07430038334679,1.07430038334679,1.10138605707283,0.997807664375471,1.01799522860692,1.01799522860692,1.06333435680617,0.981173232338489,0.681529214063261,0.681529214063261,0.719612995181212,0.631600632684655,1.24577482820443,1.24577482820443,1.17964926175832,1.21701009792737,0.994057323041487,0.994057323041487,1.02946829963199,0.916846827093998,1.04144691212353,1.04144691212353,1.04681707017484,1.03609276944312
70,1.04028834025667,1.04028834025667,1.06442885326569,1.00375809024384,1.06869717788183,1.06869717788183,1.0971150473796,0.996965820719564,0.991125780658439,0.991125780658439,1.03590654197221,0.957842106376674,0.666257720398512,0.666257720398512,0.705488572849853,0.623261477601856,1.25548530412914,1.25548530412914,1.1872803220399,1.22794641226644,0.986528114045573,0.986528114045573,1.02307073308154,0.902909239519105,1.04451410559866,1.04451410559866,1.05031087858427,1.03908787432405
71,1.03645298374632,1.03645298374632,1.05958526038213,1.00097372792023,1.06303614443693,1.06303614443693,1.09084024569032,0.996186775884763,0.966049189202539,0.966049189202539,1.00992538988771,0.936461437708206,0.659427998667913,0.659427998667913,0.693907988499774,0.623195583242552,1.26450080416988,1.26450080416988,1.19645564149699,1.23459878085491,0.980118444060835,0.980118444060835,1.01701221123208,0.89008738376001,1.04737016178196,1.04737016178196,1.05352340145711,1.04154670141733
72,1.03233926568084,1.03233926568084,1.05457727714725,0.99793903248586,1.05676486290793,1.05676486290793,1.08230179918708,0.994799003111884,0.941850866304697,0.941850866304697,0.983579879433641,0.915532175119367,0.65871611047754,0.65871611047754,0.690667655841265,0.630529049657138,1.26906007336366,1.26906007336366,1.19968771647784,1.23926249538126,0.971447121223954,0.971447121223954,1.00542640857947,0.875675550752763,1.04985397816747,1.04985397816747,1.05622396264926,1.04383991974589
73,1.02771993134014,1.02771993134014,1.04900937041269,0.994610386129209,1.05061704275863,1.05061704275863,1.07450606577954,0.994148212508672,0.91964652024102,0.91964652024102,0.958644565118569,0.896788274545459,0.66489149186549,0.66489149186549,0.691366871200826,0.643778933885742,1.27701676556483,1.27701676556483,1.20834281405243,1.24641844249836,0.962478587092944,0.962478587092944,0.990601115983083,0.863193078273632,1.05209298391815,1.05209298391815,1.05708153513788,1.04562296682038
74,1.02284027315079,1.02284027315079,1.04322000718128,0.991106219490448,1.04514456110748,1.04514456110748,1.0668394027777,0.993543174278063,0.900070232773675,0.900070232773675,0.935884476424558,0.880615458516571,0.672455126271395,0.672455126271395,0.694871790216211,0.655645676320023,1.28279615090662,1.28279615090662,1.21571000357627,1.24990051161102,0.950613860467314,0.950613860467314,0.96963573602569,0.849979854924729,1.05340895988755,1.05340895988755,1.0541772161307,1.04657541775654
75,1.01787536896442,1.01787536896442,1.03753027446581,0.987612046299646,1.03892744240476,1.03892744240476,1.05909711374807,0.992306827099673,0.880553951232657,0.880553951232657,0.912514456743641,0.864646874936703,0.673819223402649,0.673819223402649,0.694147408545071,0.66225750353757,1.28301359734884,1.28301359734884,1.21633755112966,1.24952587484576,0.936296673351753,0.936296673351753,0.947204763826262,0.836722816228961,1.05334758750433,1.05334758750433,1.04906537410007,1.04649782738857
76,1.01267408929678,1.01267408929678,1.03147146603902,0.98395626635649,1.03358636329959,1.03358636329959,1.05160500097769,0.991216518542868,0.863999206199114,0.863999206199114,0.890163348010073,0.851313712863819,0.687028941090887,0.687028941090887,0.703711967286455,0.676520113696061,1.28502248980689,1.28502248980689,1.22207092948509,1.25256915706213,0.917960447589728,0.917960447589728,0.927260474507854,0.825673031329061,1.05423884485712,1.05423884485712,1.04394531721152,1.04683487878026
77,1.00750715260701,1.00750715260701,1.02539145845244,0.980472583525425,1.02836603064549,1.02836603064549,1.04506357287942,0.990707412706429,0.849890492215056,0.849890492215056,0.86783070338307,0.839780040654934,0.699522507785216,0.699522507785216,0.710963265874273,0.688290893471161,1.28567553974284,1.28567553974284,1.2246276047026,1.25154852847734,0.898166923102008,0.898166923102008,0.907869491532716,0.813903338001156,1.05367698883551,1.05367698883551,1.03741663223163,1.04614597257141
78,1.00247937121782,1.00247937121782,1.01934759460303,0.977418011619981,1.02288289289945,1.02288289289945,1.03913928591932,0.990243764065995,0.839671396828672,0.839671396828672,0.849438760699972,0.832865911935779,0.7223249543621,0.7223249543621,0.729208841769425,0.707556996679331,1.28612109176661,1.28612109176661,1.22355708240564,1.25131438049906,0.881412804678792,0.881412804678792,0.891436780095856,0.804228166780063,1.05301845773237,1.05301845773237,1.0312796932885,1.04497497057058
79,0.997978199140768,0.997978199140768,1.01358297294974,0.975414021635888,1.02212610654222,1.02212610654222,1.03727275218629,0.993276629810572,0.842218490490917,0.842218490490917,0.842347158970535,0.837073250006425,0.778500179348578,0.778500179348578,0.777330230362384,0.751976192360875,1.2836481714433,1.2836481714433,1.22240726216076,1.24870539466981,0.865927334174353,0.865927334174353,0.876272290624018,0.795486039657325,1.05209020043616,1.05209020043616,1.02521001349453,1.043673217132
80,0.994254788509352,0.994254788509352,1.00844746265444,0.974512568460047,1.02082816703467,1.02082816703467,1.03507595006224,0.995680990785044,0.842003588883952,0.842003588883952,0.832968008305094,0.838255404277271,0.814878944717724,0.814878944717724,0.804222814882142,0.772207679920403,1.27736212167894,1.27736212167894,1.21641274745959,1.24280743162233,0.852014768530337,0.852014768530337,0.862079435091064,0.78711671429945,1.05015629146667,1.05015629146667,1.02039111916486,1.04097323275782
81,0.99065708132961,0.99065708132961,1.00397499344283,0.973472863385371,1.01973391504802,1.01973391504802,1.03344656645178,0.997651442161275,0.841527273899376,0.841527273899376,0.825600522050046,0.837877611651795,0.848051371361165,0.848051371361165,0.833598702201274,0.791194211914827,1.27602688682622,1.27602688682622,1.21195360509492,1.24064108169723,0.842521261765136,0.842521261765136,0.849956760937058,0.783187591635033,1.0489125502492,1.0489125502492,1.02049607864409,1.03908065491951
82,0.987314602601202,0.987314602601202,1.0003019484212,0.97286000552711,1.01858264956002,1.01858264956002,1.03134258485592,0.999445230343936,0.837413566184485,0.837413566184485,0.819664157921438,0.834283270169891,0.870629310285197,0.870629310285197,0.85294411392951,0.811268320713299,1.26995615167621,1.26995615167621,1.20604317356267,1.2356995971035,0.833760646130164,0.833760646130164,0.837351845913463,0.781832434940766,1.04583992558971,1.04583992558971,1.02281494233105,1.03576191653007
83,0.984103992755216,0.984103992755216,0.997178642446515,0.972202977733118,1.01759251508655,1.01759251508655,1.02999769207046,1.00076946635421,0.833661616685728,0.833661616685728,0.817096877770954,0.829873495100326,0.893579534051299,0.893579534051299,0.870893135450374,0.832454956607205,1.25302304294516,1.25302304294516,1.19569000613773,1.22600843680784,0.826929531393081,0.826929531393081,0.825446020367586,0.784065383838356,1.04240605928076,1.04240605928076,1.02649725239082,1.03278256307723
84,0.980925687728185,0.980925687728185,0.993821370810187,0.971594757718109,1.01762801277846,1.01762801277846,1.02919610083697,1.00220697638376,0.82933745756415,0.82933745756415,0.814123387276013,0.82484069884562,0.923678479345883,0.923678479345883,0.893852973657895,0.858330967779739,1.22022984550839,1.22022984550839,1.18765083486554,1.21908150565853,0.821479075991383,0.821479075991383,0.813978609446287,0.787364902247293,1.03835446364114,1.03835446364114,1.02907730455125,1.02915142136411
85,0.978116085650615,0.978116085650615,0.991345663189221,0.971210865764191,1.01691819468664,1.01691819468664,1.0282253931319,1.0026993309483,0.824022913548483,0.824022913548483,0.810145295516312,0.819790247331585,0.946212369300051,0.946212369300051,0.910951101779137,0.875682296061725,1.19308457069508,1.19308457069508,1.16915117049753,1.2061674427796,0.816340785911193,0.816340785911193,0.804061095418885,0.790528815870843,1.03373496978732,1.03373496978732,1.03078533487477,1.02514632908055
86,0.975461383651316,0.975461383651316,0.989245839364848,0.971238471974023,1.01704579633252,1.01704579633252,1.02821452561216,1.00335255675844,0.819408773634607,0.819408773634607,0.807903445244058,0.816863813287354,0.97626229235398,0.97626229235398,0.933893255551494,0.899239209637393,1.17876224048926,1.17876224048926,1.1568319608465,1.19282934753452,0.812330374588217,0.812330374588217,0.797035961387783,0.793615050082831,1.02933801871248,1.02933801871248,1.03221721394789,1.02139675996369
87,0.973287687158223,0.973287687158223,0.987505294251074,0.971439224331918,1.01736934795269,1.01736934795269,1.02822234129416,1.00403470987513,0.814629689200756,0.814629689200756,0.803734096113842,0.814012488905693,0.996656965400748,0.996656965400748,0.950481935905897,0.919187927227869,1.15477491335319,1.15477491335319,1.1349176994968,1.17109528313941,0.807799591870243,0.807799591870243,0.789911153084172,0.795786508968208,1.02493672269016,1.02493672269016,1.03163557266883,1.01718055478984
88,0.971406466470812,0.971406466470812,0.986754080160756,0.971192645665703,1.01764294488596,1.01764294488596,1.02841579803256,1.00452713823381,0.813174473709904,0.813174473709904,0.801090805391327,0.813196157592981,1.00753066675171,1.00753066675171,0.971108789012939,0.945204683633868,1.12979060138562,1.12979060138562,1.11175107745232,1.15016501988618,0.807820585024062,0.807820585024062,0.786732228576217,0.797807955988043,1.02189267963834,1.02189267963834,1.03064854282112,1.01308401671545
89,0.970479206068062,0.970479206068062,0.9869159243989,0.971282365847655,1.01777448317836,1.01777448317836,1.02849000979408,1.0048168540642,0.811387790075778,0.811387790075778,0.797477533603864,0.812598123088416,1.00241317110774,1.00241317110774,0.987630812650185,0.969304745860499,1.09349907442252,1.09349907442252,1.07902153305014,1.11897266017106,0.807229757153921,0.807229757153921,0.785993573738418,0.798925915702834,1.01948055488633,1.01948055488633,1.02781412345315,1.00950508806951
90,0.970374189929472,0.970374189929472,0.986946034954833,0.971464345982865,1.01736636153119,1.01736636153119,1.02774774330877,1.00471154981307,0.806779105246114,0.806779105246114,0.792558387879503,0.808848175931068,1.01073700547742,1.01073700547742,1.00091930533475,1.01097429148099,1.06678300761935,1.06678300761935,1.05409053166437,1.075769471422,0.810394403197712,0.810394403197712,0.789154693834337,0.80376015946489,1.01826824664831,1.01826824664831,1.02655167582449,1.00790114056619
91,0.97030300722903,0.97030300722903,0.987007971925587,0.971356626552102,1.01784541068897,1.01784541068897,1.02758733573999,1.00516494106674,0.80323286984407,0.80323286984407,0.788103768302837,0.804770858371922,1.02986065260345,1.02986065260345,1.02204744416164,1.03873436952877,1.05465788133297,1.05465788133297,1.04235716978378,1.0467441031333,0.817778960736492,0.817778960736492,0.796685351427691,0.81159048179301,1.01901517027684,1.01901517027684,1.02689655316297,1.00849692374883
92,0.970123853059557,0.970123853059557,0.986818618594981,0.971197007446856,1.01689213137173,1.01689213137173,1.0249513667223,1.00452514579178,0.796590443487436,0.796590443487436,0.781478692999308,0.797623620381285,1.03948961532214,1.03948961532214,1.03306280675705,1.05231820381132,1.0311139743928,1.0311139743928,1.02131108424323,1.01482363943092,0.821973852993368,0.821973852993368,0.801605303953621,0.816503147599627,1.0185231049742,1.0185231049742,1.02653509941478,1.00816526867972
93,0.97029205212481,0.97029205212481,0.98703907878668,0.971305058152137,1.0166340774049,1.0166340774049,1.02225101137189,1.00466845402984,0.791036449985852,0.791036449985852,0.77710485388887,0.791358098011215,1.06068356403175,1.06068356403175,1.05234496262105,1.07520977628334,1.00866653758449,1.00866653758449,1.00559915290651,0.991604499502308,0.82674318120576,0.82674318120576,0.807836239468351,0.821559290101407,1.01873016887777,1.01873016887777,1.02692303141036,1.00819611522639
94,0.971002656233874,0.971002656233874,0.987098524994535,0.971218650715364,1.01630584253283,1.01630584253283,1.02099864137436,1.00774980253055,0.791404955279826,0.791404955279826,0.778012364726602,0.790294144205369,1.09574654404304,1.09574654404304,1.08530398857264,1.10596580855074,0.985377739378821,0.985377739378821,0.989294537769356,0.968507886323979,0.82921692242696,0.82921692242696,0.812135015841028,0.823552071487529,1.01880708802621,1.01880708802621,1.02698919035534,1.00810714882702
95,0.972502384524572,0.972502384524572,0.98748160432839,0.971348675963671,1.01695077383026,1.01695077383026,1.01993407105015,1.0114661496865,0.795247057222921,0.795247057222921,0.780381771201717,0.789399112329886,1.12241038015554,1.12241038015554,1.10966905920511,1.12835581619077,0.96013405502102,0.96013405502102,0.968692794178382,0.945590252011242,0.833622321376921,0.833622321376921,0.816831576256968,0.823991413168989,1.01832860068446,1.01832860068446,1.02647356132737,1.00737514496077
96,0.974538250520388,0.974538250520388,0.989105304987061,0.971460978025265,1.01776219812628,1.01776219812628,1.01798751962041,1.01510877648725,0.802253825782947,0.802253825782947,0.783240630368394,0.788601932484921,1.14241216480981,1.14241216480981,1.13138146456299,1.14524076594914,0.940467942967138,0.940467942967138,0.949870469194678,0.923408419701491,0.841132406472438,0.841132406472438,0.821771007114015,0.825038525695796,1.01802377546249,1.01802377546249,1.02630295633177,1.00671650191235
97,0.976953825523859,0.976953825523859,0.991117620008252,0.97154865534769,1.01972848519075,1.01972848519075,1.01553287442524,1.01860543846056,0.808026022652993,0.808026022652993,0.789767692039567,0.785484432625746,1.15846304105424,1.15846304105424,1.14507533891516,1.15768520359169,0.93864167709619,0.93864167709619,0.925720142434154,0.895723147650132,0.846235755892505,0.846235755892505,0.825299324186367,0.8282832377895,1.01777224373702,1.01777224373702,1.02622843583498,1.00595321395976
98,0.979661112023413,0.979661112023413,0.993969820278963,0.971601383208469,1.02188848241338,1.02188848241338,1.01306907371687,1.02199546788804,0.816694725684519,0.816694725684519,0.801130503220444,0.783213188247638,1.17343045473348,1.17343045473348,1.16171639240447,1.17147567746701,0.921663799979971,0.921663799979971,0.904239285386034,0.873711954688938,0.852718901915609,0.852718901915609,0.829603731014132,0.834341043678625,1.01817116422795,1.01817116422795,1.02676621564054,1.00552201861595
99,0.982655422253525,0.982655422253525,0.996877094084884,0.971803018965079,1.02430246120988,1.02430246120988,1.01001894798795,1.02497468528603,0.82605005155246,0.82605005155246,0.813179563695367,0.780233489183736,1.18554392144592,1.18554392144592,1.17330785948388,1.19041550763396,0.893515144851574,0.893515144851574,0.881242880488388,0.848837099878281,0.857097987528934,0.857097987528934,0.832222044804647,0.839775037849652,1.01828420075235,1.01828420075235,1.02774679095703,1.00434277628469
100,0.985443012214709,0.985443012214709,1.00006466174236,0.972148759137009,1.02642309196729,1.02642309196729,1.00905627927009,1.02740524318353,0.834266126149275,0.834266126149275,0.825323714319107,0.777151150222378,1.19619737794757,1.19619737794757,1.17957155038485,1.20214598309221,0.86766886381729,0.86766886381729,0.858519233187476,0.827089563955647,0.860839945302737,0.860839945302737,0.834813880238802,0.844578833658802,1.01917518654592,1.01917518654592,1.02897747935821,1.00296809956794
101,0.988681137206177,0.988681137206177,1.00371246703328,0.972806504692456,1.02948268079339,1.02948268079339,1.01269823821448,1.0303691851926,0.844824728750404,0.844824728750404,0.839068856849696,0.777394882573625,1.21034633334806,1.21034633334806,1.18821515815654,1.20861450607205,0.847386653510446,0.847386653510446,0.841841370812688,0.820518024532283,0.864813115345994,0.864813115345994,0.840273443406436,0.848654403550372,1.02046841943084,1.02046841943084,1.03097552350486,1.00199610519324
102,0.991801150887964,0.991801150887964,1.0075707694643,0.973448790770398,1.03203274538776,1.03203274538776,1.01763447409896,1.03227890398391,0.854311981523355,0.854311981523355,0.850550299915261,0.781507061788905,1.2263808688456,1.2263808688456,1.19305321151506,1.21271403087224,0.822336965488354,0.822336965488354,0.819970860054947,0.809889630822179,0.866390046290711,0.866390046290711,0.847824644552139,0.849984310722716,1.02193511076612,1.02193511076612,1.03315158068862,1.00033133967593
103,0.995163960251645,0.995163960251645,1.01185156063327,0.974088923563972,1.03451880553954,1.03451880553954,1.02401199618031,1.03442314058188,0.86751199332165,0.86751199332165,0.862934637791917,0.789499507914715,1.25174739174889,1.25174739174889,1.19904959537682,1.21777190276212,0.802093128083078,0.802093128083078,0.801653034084753,0.793524290893495,0.869038634601249,0.869038634601249,0.857977724646478,0.851711378022249,1.02372135941094,1.02372135941094,1.03551489262464,0.998678023113299
104,0.998947496571338,0.998947496571338,1.01623386422793,0.975211723330242,1.03561936973527,1.03561936973527,1.03044787535397,1.03560355179506,0.882850111021172,0.882850111021172,0.875180956471989,0.798600045994694,1.25737287148081,1.25737287148081,1.19926861030462,1.21696965493137,0.771615095707613,0.771615095707613,0.77325206387436,0.765660039976544,0.871061454381524,0.871061454381524,0.868312805397184,0.85273413218673,1.02585140202548,1.02585140202548,1.03821765422516,0.997252518871665
105,1.00298646515826,1.00298646515826,1.02102841675752,0.976810398941588,1.03664445891493,1.03664445891493,1.03672624992645,1.03663032358926,0.900591480425572,0.900591480425572,0.888256005801778,0.80971852036766,1.25966199697919,1.25966199697919,1.19842859963433,1.22055034162094,0.746943451826899,0.746943451826899,0.752387816731641,0.73736598318165,0.876153013126159,0.876153013126159,0.880363196681814,0.85620965461613,1.02891947806806,1.02891947806806,1.04244845274455,0.996238083149065
106,1.00704800635527,1.00704800635527,1.02601066210911,0.978400130140949,1.03798875582894,1.03798875582894,1.04375024056225,1.03784549184679,0.921386979214196,0.921386979214196,0.903347027833493,0.822512897789321,1.25892879477114,1.25892879477114,1.19658329684202,1.22043070817249,0.725175357498206,0.725175357498206,0.735066000331479,0.71705541019423,0.883982884345598,0.883982884345598,0.893944158703686,0.861803908988068,1.03293067927404,1.03293067927404,1.04693185814479,0.995944494031159
107,1.01152803253347,1.01152803253347,1.03133447407958,0.980858683976129,1.03787092792614,1.03787092792614,1.04893025129023,1.03790843825619,0.94224779545851,0.94224779545851,0.918577300002228,0.835186531191672,1.25398820547388,1.25398820547388,1.1902611112709,1.21737013909569,0.70225039124815,0.70225039124815,0.719522235332588,0.692782283612694,0.894876030557855,0.894876030557855,0.90979099846244,0.870328147589271,1.03784114882972,1.03784114882972,1.05305933533193,0.995636028564508
108,1.0159905814989,1.0159905814989,1.03674845166698,0.983251369394651,1.03759889207684,1.03759889207684,1.05321711565267,1.03737800591059,0.962362844269168,0.962362844269168,0.936740903234123,0.848172872153328,1.25583399940461,1.25583399940461,1.19137046949215,1.21596844452059,0.683026988780883,0.683026988780883,0.704106304094573,0.671133538891855,0.908294681932235,0.908294681932235,0.925944317587351,0.881507447683977,1.04362922988749,1.04362922988749,1.05971366362973,0.995974538421765
109,1.02049154976005,1.02049154976005,1.04207298319117,0.9863576201249,1.0368723771739,1.0368723771739,1.05315883299543,1.03692808298193,0.979897207583225,0.979897207583225,0.954763409918341,0.861627077487206,1.24919468289858,1.24919468289858,1.18618620930677,1.21148570883473,0.669224824574106,0.669224824574106,0.69840026985912,0.652886675619875,0.923728388495751,0.923728388495751,0.943748273099901,0.894087947718809,1.04895878320603,1.04895878320603,1.06655363304699,0.995869820594315
110,1.02500994428001,1.02500994428001,1.04745668417179,0.989618686479883,1.0348743254444,1.0348743254444,1.05164556808905,1.03552252581906,0.989911019537438,0.989911019537438,0.973885915751245,0.875226265416763,1.24367577325505,1.24367577325505,1.17878459302005,1.20784936380284,0.655685585804002,0.655685585804002,0.691625764135705,0.635234484062601,0.941872368732739,0.941872368732739,0.964681544245845,0.909853749207526,1.05472439273853,1.05472439273853,1.07400245546015,0.996698156111029
111,1.0291632535826,1.0291632535826,1.05261643789264,0.992585360213224,1.03250378550607,1.03250378550607,1.04924265526525,1.03356063456416,0.998008517830077,0.998008517830077,0.993253070996151,0.889109583324845,1.24173974998282,1.24173974998282,1.17574831153651,1.20619816631388,0.652138224236776,0.652138224236776,0.693838587044554,0.624778654204986,0.96408887702181,0.96408887702181,0.988412847221743,0.929232460230225,1.06099971892282,1.06099971892282,1.08190969628366,0.998269725678835
112,1.03297445790969,1.03297445790969,1.05757504867184,0.995616080353373,1.02941419671855,1.02941419671855,1.04593245341322,1.03093046349264,1.00319228337952,1.00319228337952,1.0077843228638,0.901189970089568,1.23015416044149,1.23015416044149,1.16543624532416,1.19632232918206,0.650726954190199,0.650726954190199,0.696586671101883,0.61954464501373,0.985599814038362,0.985599814038362,1.01108136375611,0.948798166241753,1.06664665707715,1.06664665707715,1.088448576489,0.998803305305192
113,1.03636952113836,1.03636952113836,1.06211919650465,0.998342966548116,1.02650080679949,1.02650080679949,1.04255726974795,1.02854617452679,1.01018885954536,1.01018885954536,1.02048732044628,0.913392896323702,1.22270988453457,1.22270988453457,1.16045671648433,1.18991458255304,0.662511698627474,0.662511698627474,0.710479534857378,0.62441620596463,1.01043370848469,1.01043370848469,1.03710943588465,0.97070895873353,1.07198008011454,1.07198008011454,1.09327003796177,1.00010024580742
114,1.0388615271015,1.0388615271015,1.06604087501387,1.00082564821069,1.02322286983786,1.02322286983786,1.03788021676578,1.02563551189356,1.01616849317029,1.01616849317029,1.028159002857,0.92278968367039,1.21554055945566,1.21554055945566,1.15051738375159,1.1819899861579,0.668487212132843,0.668487212132843,0.715438391014558,0.627633976537414,1.03191315577052,1.03191315577052,1.05846955639607,0.989403853291914,1.07507707721382,1.07507707721382,1.09441300341595,1.00118140632954
115,1.04071742366427,1.04071742366427,1.06883307557386,1.00319718727248,1.01933665311539,1.01933665311539,1.03227339536523,1.02212342694303,1.02071645429939,1.02071645429939,1.03240205454593,0.9302165630143,1.20458444390302,1.20458444390302,1.14092697852804,1.17134772725477,0.66461581273015,0.66461581273015,0.712976736613951,0.62385040180889,1.05003125403704,1.05003125403704,1.07737890719946,1.00559934223312,1.07484896747088,1.07484896747088,1.0936933965321,1.00227817243319
116,1.0423074933493,1.0423074933493,1.07060987512539,1.00529520400726,1.0153568392282,1.0153568392282,1.02589058839415,1.01849858453228,1.02557033080888,1.02557033080888,1.03640322643884,0.937112138749076,1.19443399821852,1.19443399821852,1.13150389526797,1.16094729425277,0.667070967821249,0.667070967821249,0.71194859770295,0.626759610251388,1.06802842598603,1.06802842598603,1.0956072772861,1.02100719461693,1.07367868302181,1.07367868302181,1.09208115731961,1.00300638428898
117,1.04358633616655,1.04358633616655,1.07214551347801,1.00706890298894,1.01106392619608,1.01106392619608,1.01867589511742,1.01449982716672,1.03014657224297,1.03014657224297,1.04116419631695,0.943699196308116,1.18255001242972,1.18255001242972,1.12143192927149,1.15019371866498,0.667753152738023,0.667753152738023,0.700324612302249,0.629235805309392,1.08738684579255,1.08738684579255,1.11509063015958,1.03831826684733,1.07217268348975,1.07217268348975,1.09076384617561,1.00387380668279
118,1.04466360506615,1.04466360506615,1.07340273988882,1.0088580062357,1.00622843467611,1.00622843467611,1.01040035326982,1.00997218713269,1.0337948751417,1.0337948751417,1.04454358942124,0.949804025894123,1.16646432328976,1.16646432328976,1.10739660928654,1.13731361054975,0.661084084567266,0.661084084567266,0.678795903044176,0.6296386681323,1.10543635683735,1.10543635683735,1.13063099055217,1.05393554173651,1.07001670696992,1.07001670696992,1.08878377203065,1.00407500200726
119,1.04551341542976,1.04551341542976,1.07436245850892,1.01067002263663,1.00216805528165,1.00216805528165,1.00201658283521,1.00602146975837,1.03899400105984,1.03899400105984,1.04849306181576,0.956994205066348,1.15689361888604,1.15689361888604,1.0950964044594,1.12818500265743,0.656343610004974,0.656343610004974,0.656004579046331,0.633833445200767,1.12512951679517,1.12512951679517,1.14247183760284,1.07134627531521,1.06802536322587,1.06802536322587,1.08688577311788,1.00459552836682
120,1.04604899264118,1.04604899264118,1.07503695710195,1.01232683692588,0.997506183447932,0.997506183447932,0.992989321248829,1.0016885724845,1.043147042803,1.043147042803,1.05147363021822,0.963331994302995,1.14544088672155,1.14544088672155,1.07712901833279,1.12014908957764,0.653629793132931,0.653629793132931,0.645274062765761,0.639208584680303,1.14406318470868,1.14406318470868,1.15311202814955,1.08800858335879,1.06576313916207,1.06576313916207,1.08475959185717,1.00496379092157
121,1.04651710679218,1.04651710679218,1.0754333205046,1.0137625806868,0.992061054702792,0.992061054702792,0.983678834233581,0.996164342463357,1.04687315242917,1.04687315242917,1.05415969612095,0.970137647911865,1.12733818104219,1.12733818104219,1.04948960651265,1.10920934643104,0.642260044520027,0.642260044520027,0.640529857950373,0.642730426874199,1.16386490515371,1.16386490515371,1.1634445219344,1.10552477082317,1.06365224147239,1.06365224147239,1.08283100726806,1.00578344856819
122,1.04648882733711,1.04648882733711,1.07521955769759,1.01486208081197,0.986694862507737,0.986694862507737,0.974333213866843,0.988812526539143,1.05174583462371,1.05174583462371,1.05678806169066,0.973704459158883,1.1082315851303,1.1082315851303,1.0409657087636,1.10360640663702,0.662560730668367,0.662560730668367,0.657794251698591,0.65010705044207,1.18560101531327,1.18560101531327,1.17806392248391,1.12501205479014,1.06191297257225,1.06191297257225,1.08101919101644,1.00918364225934
123,1.04542368548311,1.04542368548311,1.07395198078318,1.01505388875788,0.980659915516474,0.980659915516474,0.964784311332897,0.979659764399781,1.05641265916668,1.05641265916668,1.05906083934141,0.97416170045134,1.08027185674312,1.08027185674312,1.03049720331711,1.09025480198968,0.676719620737874,0.676719620737874,0.66695179747769,0.658654413901353,1.20014855196594,1.20014855196594,1.188628786672,1.13733887139294,1.05734921624788,1.05734921624788,1.07593720119269,1.0099774121422
124,1.04457387511949,1.04457387511949,1.07270266946336,1.0151564182212,0.97314499305263,0.97314499305263,0.955394029926128,0.969456025985222,1.06099306369135,1.06099306369135,1.06113174276037,0.971644180167674,1.0658706854668,1.0658706854668,1.01519336519443,1.06938996087956,0.680759434541897,0.680759434541897,0.667380416558273,0.666444164313098,1.20960424229652,1.20960424229652,1.1979508420302,1.14763414116714,1.05423864118771,1.05423864118771,1.07020645763461,1.01011662268023
125,1.04341513081688,1.04341513081688,1.07129339581514,1.01535590069344,0.96472219845298,0.96472219845298,0.94584631835325,0.958328753791414,1.06531722281293,1.06531722281293,1.06230867568641,0.96930246437309,1.06297908373544,1.06297908373544,1.00981661673399,1.05482154971381,0.688112819457292,0.688112819457292,0.673850035343984,0.675865894058407,1.21241416155627,1.21241416155627,1.21035366936847,1.15735684090009,1.05237560917406,1.05237560917406,1.06565315259516,1.01125699690422
126,1.04225577506659,1.04225577506659,1.06953497255878,1.0154217691101,0.956641824227519,0.956641824227519,0.937771974490992,0.94726457559531,1.07206257799534,1.07206257799534,1.06532140240781,0.974516750708867,1.05502398187156,1.05502398187156,0.997271550496891,1.04214936069348,0.701470852858878,0.701470852858878,0.684202519165921,0.693707970003548,1.2131633008124,1.2131633008124,1.22949782536649,1.16789005028677,1.05060965958077,1.05060965958077,1.06256773997914,1.01223562729724
127,1.04115746217609,1.04115746217609,1.06812735941917,1.01572383625807,0.947248171147714,0.947248171147714,0.93028834731821,0.935280036768378,1.07657752150948,1.07657752150948,1.06569668537377,0.980831797577564,1.04534173410868,1.04534173410868,0.986208575960651,1.03489778241472,0.708471064957985,0.708471064957985,0.691072729309243,0.712814445031416,1.21251682670577,1.21251682670577,1.24927746191718,1.17695730213591,1.0487309450223,1.0487309450223,1.0603542758531,1.01353059887095
128,1.03959684388752,1.03959684388752,1.06605936200961,1.01582012671797,0.936660085214596,0.936660085214596,0.923139677945659,0.921587237177894,1.07729443441875,1.07729443441875,1.06309678530168,0.98348936296913,1.02991677951666,1.02991677951666,0.969087322039578,1.02321400878395,0.716746110120315,0.716746110120315,0.698845295411687,0.733858254016582,1.21170082569261,1.21170082569261,1.26685696009851,1.18518419048482,1.0469861091582,1.0469861091582,1.05876602109184,1.01454233643226
129,1.03573891476708,1.03573891476708,1.06200733357534,1.01450209583577,0.920345060943945,0.920345060943945,0.910485865473697,0.902938422516342,1.06608739457069,1.06608739457069,1.0498851015833,0.976912180385647,0.992397003734601,0.992397003734601,0.934971325925914,0.99896616406218,0.735005926392638,0.735005926392638,0.716240940935778,0.755391528501555,1.21376620693542,1.21376620693542,1.28332558470837,1.19434189503309,1.04621440575104,1.04621440575104,1.05860935201592,1.01621227950232
130,1.03101441142587,1.03101441142587,1.05642271105422,1.01302041534169,0.903334336210375,0.903334336210375,0.896895064381885,0.884731265838715,1.05279364145686,1.05279364145686,1.0377860341531,0.972042021985947,0.969300423713791,0.969300423713791,0.910812346980158,0.985834633779898,0.749082385784702,0.749082385784702,0.732250923180215,0.768111216483443,1.21646052006044,1.21646052006044,1.2961744353943,1.20095474482473,1.04533543645286,1.04533543645286,1.0583394352559,1.01734018384575
131,1.02553263013622,1.02553263013622,1.05018174483408,1.0112641082722,0.887591483149714,0.887591483149714,0.883963385805864,0.86862598791733,1.03660209018793,1.03660209018793,1.0260362460721,0.969718859175744,0.95956773277574,0.95956773277574,0.893916909692718,0.981700562422396,0.768365479432187,0.768365479432187,0.756338358464801,0.783278231964368,1.2202706336898,1.2202706336898,1.30432474739629,1.20410514252772,1.04488009953443,1.04488009953443,1.05826572157552,1.01790701648695
132,1.0198360778499,1.0198360778499,1.04354330820556,1.00965477666386,0.873652496547883,0.873652496547883,0.872640695632023,0.85441552236908,1.02248935666814,1.02248935666814,1.01898403443667,0.973739769677541,0.957453382222296,0.957453382222296,0.888264692146075,0.985609441406355,0.799339517090891,0.799339517090891,0.792263063285881,0.806103490088414,1.22806498909421,1.22806498909421,1.31430876166352,1.20907306022937,1.04593211994415,1.04593211994415,1.05958266598479,1.01932850994828
133,1.01381795503924,1.01381795503924,1.03616871276468,1.00797847239047,0.861376267989037,0.861376267989037,0.861146060454063,0.842002018151914,1.00745873345233,1.00745873345233,1.01384362716863,0.983742072570884,0.947457818399576,0.947457818399576,0.875265952129961,0.981342301828121,0.84132586689048,0.84132586689048,0.834517248277807,0.825635280485052,1.23620831973368,1.23620831973368,1.32464247284407,1.213454594916,1.0465541263325,1.0465541263325,1.06003492325171,1.02013314539959
134,1.00787697654388,1.00787697654388,1.02910645899134,1.00612029840671,0.850717933277469,0.850717933277469,0.850566157811003,0.832443978544262,0.995930992074566,0.995930992074566,1.0085325807824,0.995973127523271,0.934088956046025,0.934088956046025,0.860965365617544,0.974990213541423,0.876625383287105,0.876625383287105,0.881721402587923,0.841597116089518,1.24572468890612,1.24572468890612,1.33140236678817,1.21546935823886,1.04678094616916,1.04678094616916,1.0601854311842,1.0206735798141
135,1.00174889505924,1.00174889505924,1.02054509805455,1.00435096120618,0.842304233688749,0.842304233688749,0.842433456856438,0.825314651980371,0.995327343940105,0.995327343940105,1.00713884847175,1.01285185468364,0.93469072181174,0.93469072181174,0.859201683295228,0.97888245899779,0.913761114084715,0.913761114084715,0.928773113429186,0.862644132581236,1.26225550343975,1.26225550343975,1.3382646741451,1.21894770267365,1.04768306589065,1.04768306589065,1.06084878096072,1.0218473528995
136,0.9958160182456,0.9958160182456,1.01031924329784,1.00233195344394,0.835378993724597,0.835378993724597,0.834749152743783,0.820341442872503,0.996086461974595,0.996086461974595,1.00633088994192,1.02179693670902,0.924045080449908,0.924045080449908,0.850841026486162,0.965235929111239,0.950929532909586,0.950929532909586,0.972900370639292,0.885122338496374,1.27767842584891,1.27767842584891,1.34204179646257,1.22254575954768,1.04858504983254,1.04858504983254,1.06151968547265,1.02290430289327
137,0.990149936435195,0.990149936435195,0.999340956744508,1.00104224653303,0.833564199678009,0.833564199678009,0.831388111741189,0.819941773759565,1.00348269483636,1.00348269483636,1.01163624322863,1.03427426756696,0.919378021046152,0.919378021046152,0.854248681108146,0.958920946386091,0.981534053738371,0.981534053738371,1.00997557930825,0.903450030933461,1.28845136468724,1.28845136468724,1.34171431702068,1.22396567383935,1.04871132486882,1.04871132486882,1.06152863380002,1.02320904927273
138,0.987576098391229,0.987576098391229,0.989891002305958,1.00271579018544,0.841275954467947,0.841275954467947,0.837455835074858,0.828338072073831,1.02284738245823,1.02284738245823,1.02804175578031,1.05950527897761,0.919012840876639,0.919012840876639,0.869523952066331,0.950854325255364,1.00944607597376,1.00944607597376,1.04218695263694,0.920009104257875,1.29307302187928,1.29307302187928,1.33575805640958,1.22227039123212,1.04811742485951,1.04811742485951,1.06074514172651,1.02313021920903
139,0.986207474673356,0.986207474673356,0.981550156911159,1.0044883297063,0.849902232968848,0.849902232968848,0.844216176704339,0.837192410673178,1.03613711603632,1.03613711603632,1.0400212681205,1.07938809339909,0.906749465573209,0.906749465573209,0.868192178064366,0.927435597908916,1.03859242654294,1.03859242654294,1.07152514255942,0.936276294486073,1.2961171729717,1.2961171729717,1.32961401251256,1.22251605422777,1.04877079633751,1.04877079633751,1.06081482132488,1.02379826936033
140,0.985600918577393,0.985600918577393,0.974835558288217,1.0068000737176,0.85989160926456,0.85989160926456,0.851936209649019,0.845979080037562,1.04458029440215,1.04458029440215,1.04623905600669,1.0938800688915,0.887311791920087,0.887311791920087,0.859181958348315,0.902832051597117,1.07797226147302,1.07797226147302,1.10281228463301,0.956019138813822,1.29268680536451,1.29268680536451,1.31894825665627,1.22054867089017,1.04929049279056,1.04929049279056,1.06107865028841,1.02450402084645
141,0.985959226916339,0.985959226916339,0.9693536658991,1.0088153270353,0.870787907471054,0.870787907471054,0.859338107118544,0.853880145815468,1.04992814314248,1.04992814314248,1.04962906597225,1.1037539971026,0.870308889552803,0.870308889552803,0.842516418718007,0.883588339676089,1.09312387271829,1.09312387271829,1.11051649043552,0.954845191415856,1.27982605424229,1.27982605424229,1.30174569461693,1.21296638798329,1.04984135066384,1.04984135066384,1.06136235627422,1.02417287624028
142,0.989125863483526,0.989125863483526,0.967206185477927,1.01200014503873,0.882137734506156,0.882137734506156,0.869026128792186,0.862225599960824,1.05575876683553,1.05575876683553,1.05269641567557,1.11158964058624,0.854894591969626,0.854894591969626,0.826159676532485,0.8707504551309,1.12735392213602,1.12735392213602,1.14369858002327,0.979518614815059,1.27870895963944,1.27870895963944,1.29925612042114,1.21389557039006,1.05079146847708,1.05079146847708,1.0628521794344,1.02371192819898
143,0.991954216623202,0.991954216623202,0.965866597840594,1.01528920409049,0.893940818877001,0.893940818877001,0.879177657626283,0.869538083603428,1.05802090412515,1.05802090412515,1.05237652502931,1.11499545980751,0.842244722479007,0.842244722479007,0.806576205100119,0.858996948634453,1.17677324509129,1.17677324509129,1.18979734828346,1.01256170581057,1.28073364867314,1.28073364867314,1.3006809299074,1.21655479062835,1.05261974091085,1.05261974091085,1.06535954477169,1.02303789833887
144,0.995043912690986,0.995043912690986,0.966118939797399,1.01832610802164,0.90620014700509,0.90620014700509,0.889450366748997,0.875887406008576,1.06021341731364,1.06021341731364,1.05080538342808,1.1141436683553,0.8328445302167,0.8328445302167,0.787159375460644,0.851387109761427,1.22174983877608,1.22174983877608,1.23161676176781,1.04279245506146,1.28088635229886,1.28088635229886,1.30162715071115,1.21685570551903,1.05489085853903,1.05489085853903,1.06873416439443,1.02182430914359
145,0.997741161257837,0.997741161257837,0.966772792733513,1.02085914341094,0.917399702740201,0.917399702740201,0.900481420331435,0.881263678760253,1.06555207854372,1.06555207854372,1.04809885314057,1.11176843749216,0.820466059217821,0.820466059217821,0.760479004162854,0.841516390638104,1.26372979309207,1.26372979309207,1.27235676611621,1.07295199766689,1.2827998926483,1.2827998926483,1.30306976460945,1.21616372009174,1.05702531399086,1.05702531399086,1.07200969229359,1.0201972449611
146,1.00052605065845,1.00052605065845,0.969350898384768,1.02353771873848,0.928686747050601,0.928686747050601,0.910938356244277,0.886830561799729,1.07216651170506,1.07216651170506,1.04595855545443,1.10992121857963,0.815199365450117,0.815199365450117,0.747212276936947,0.837034294703306,1.30866375021956,1.30866375021956,1.31768169578115,1.10722741267961,1.28648131536897,1.28648131536897,1.30735941051442,1.21484673473356,1.06014098078636,1.06014098078636,1.07620931836108,1.01969013648472
147,1.00336698942948,1.00336698942948,0.973472391428775,1.02605982206869,0.938998181755732,0.938998181755732,0.921382340455509,0.893602429504117,1.07828840818403,1.07828840818403,1.04426047312056,1.10761645913297,0.805249981999029,0.805249981999029,0.733354481474214,0.827773258341311,1.34719724948726,1.34719724948726,1.37139716865993,1.14016465595892,1.29116552065628,1.29116552065628,1.312719451584,1.21130081069597,1.06289296189945,1.06289296189945,1.08055219101344,1.01972163934089
148,1.00596238100407,1.00596238100407,0.978547459211066,1.02803714445409,0.948426925288154,0.948426925288154,0.930642658235788,0.900433627704591,1.0811607971311,1.0811607971311,1.04063150684251,1.1039886025825,0.795383723216877,0.795383723216877,0.722101739345252,0.822073716137041,1.38656429345016,1.38656429345016,1.4253395977345,1.17076170245802,1.29758309902089,1.29758309902089,1.31943247579386,1.20687575771567,1.06567270994254,1.06567270994254,1.08399509664259,1.02082052021961
149,1.00789139651827,1.00789139651827,0.982688989058838,1.02958071807061,0.957825804605583,0.957825804605583,0.939762963655571,0.907446064335894,1.07941746706097,1.07941746706097,1.03805130181743,1.10029521210335,0.789918809084788,0.789918809084788,0.715670046310227,0.817293496207722,1.44140840771236,1.44140840771236,1.48872668584788,1.21410858750059,1.30836969778808,1.30836969778808,1.33100975667661,1.20486262818541,1.06828490594827,1.06828490594827,1.08784925859603,1.02304701374864
150,1.00947219258019,1.00947219258019,0.985791760077181,1.03023719374041,0.967275928201012,0.967275928201012,0.949261324779215,0.914727923406514,1.07517628264135,1.07517628264135,1.0348548572357,1.09728229721257,0.78155234667976,0.78155234667976,0.708326244523089,0.811925984804217,1.52032867527168,1.52032867527168,1.56781271684101,1.27758193465451,1.32165965825377,1.32165965825377,1.34616283306381,1.20425812492525,1.07070449857877,1.07070449857877,1.09201279796626,1.02570849463195
151,1.00856460041107,1.00856460041107,0.986418380672266,1.02911224068977,0.97661630080634,0.97661630080634,0.958102200958537,0.922234338073638,1.06944514245774,1.06944514245774,1.02958950951322,1.09167794934229,0.773816779197937,0.773816779197937,0.702092481127784,0.809068216813817,1.56238395417224,1.56238395417224,1.61157424644647,1.31217810032242,1.31843735293134,1.31843735293134,1.34370034592223,1.19819526913174,1.07286984389162,1.07286984389162,1.09613452957747,1.02857540038986
152,1.00726603840623,1.00726603840623,0.986155300759852,1.02772502864573,0.986286672987347,0.986286672987347,0.967013864886308,0.930182632107135,1.06526382040959,1.06526382040959,1.02510842471715,1.08795194151963,0.771993720219396,0.771993720219396,0.700492039745443,0.808079801424256,1.59680586809781,1.59680586809781,1.64768352407737,1.34258975294282,1.31293772178577,1.31293772178577,1.33940720000464,1.1901746842296,1.0750660790655,1.0750660790655,1.09988681262339,1.03155446214959
153,1.0058872748477,1.0058872748477,0.985518440361739,1.02619857087931,0.994019332727781,0.994019332727781,0.97516591895822,0.937557102835202,1.06041884430066,1.06041884430066,1.02014727315035,1.08351987294464,0.765412662028348,0.765412662028348,0.694118841380575,0.80296115318356,1.62802577657026,1.62802577657026,1.67873003789519,1.37044181533488,1.30681721092657,1.30681721092657,1.33365287490441,1.18190204968803,1.07650201631937,1.07650201631937,1.1025787922229,1.03414229052195
154,1.00440527853965,1.00440527853965,0.983538117806227,1.02435569073579,0.999636112835918,0.999636112835918,0.982701576242638,0.944934377740945,1.05400452659698,1.05400452659698,1.01418644408054,1.07776425840333,0.762197797695574,0.762197797695574,0.692527242215817,0.802581780804265,1.65494081397416,1.65494081397416,1.70570911386697,1.39560021372471,1.29594965910733,1.29594965910733,1.32461508144094,1.17003819049601,1.07721289046173,1.07721289046173,1.10475726985587,1.03673690075918
155,1.00289913004834,1.00289913004834,0.980489700769367,1.02274867804907,1.00336160578315,1.00336160578315,0.990652432329211,0.953133571882268,1.0494000048579,1.0494000048579,1.009279453893,1.07348824436631,0.762614131507509,0.762614131507509,0.693389018344769,0.804323822943925,1.68319321805865,1.68319321805865,1.73358165895887,1.42240598747957,1.28454706944316,1.28454706944316,1.31533350448959,1.15936388083977,1.07648158148823,1.07648158148823,1.1057295569675,1.03865339743272
156,1.00131379908281,1.00131379908281,0.977509419935364,1.02107795023007,1.00585160258146,1.00585160258146,0.997052433800709,0.960208659746379,1.04322614152406,1.04322614152406,1.00273839027435,1.06815141856112,0.766109630406349,0.766109630406349,0.691777694233097,0.805560461745233,1.70784425427,1.70784425427,1.75304178554096,1.44411118431572,1.27170400433409,1.27170400433409,1.30401781150675,1.14818027347368,1.07512813034676,1.07512813034676,1.10567337320712,1.04034842611047
157,0.999874655066141,0.999874655066141,0.974401501340363,1.01942224018921,1.00772700740984,1.00772700740984,1.00126151351842,0.967330090336289,1.03674004639654,1.03674004639654,0.995935751812674,1.0623251829825,0.775333626789202,0.775333626789202,0.692964591900834,0.818272315331365,1.72390828784146,1.72390828784146,1.76759295898481,1.46303034096096,1.25639970762288,1.25639970762288,1.28881223493021,1.13448938858063,1.07304737573025,1.07304737573025,1.10465157690717,1.04175533491617
158,0.998148385410973,0.998148385410973,0.971393656063612,1.01753237427656,1.01009116726588,1.01009116726588,1.00427762242185,0.974149333884566,1.03061398682699,1.03061398682699,0.990663480050233,1.05675195624731,0.791150048839197,0.791150048839197,0.696126024771688,0.840916304142694,1.74420755277122,1.74420755277122,1.78442053041645,1.48129709077356,1.24144165416095,1.24144165416095,1.27030553775286,1.12262211327682,1.07039125502105,1.07039125502105,1.10230799529954,1.04275380044085
159,0.99650970563559,0.99650970563559,0.968545330312966,1.01537914512212,1.0111694690468,1.0111694690468,1.00538409968861,0.978968829779316,1.02372794789385,1.02372794789385,0.98287162707927,1.05071834618199,0.793578425919732,0.793578425919732,0.69738774120358,0.867208793256073,1.75953397390142,1.75953397390142,1.79471354077745,1.49705557046264,1.22476086798738,1.22476086798738,1.24577790581812,1.10912728349518,1.06746445766152,1.06746445766152,1.09974158567099,1.04352328687208
160,0.994766060675589,0.994766060675589,0.965710897484268,1.0132641781745,1.01260111878966,1.01260111878966,1.00657774041851,0.983679995862805,1.01741612835141,1.01741612835141,0.975388432423074,1.04474832497442,0.792792649134749,0.792792649134749,0.699818670868045,0.887927131373177,1.76891330589777,1.76891330589777,1.79738369409285,1.50745494820494,1.20304201247479,1.20304201247479,1.22011809588725,1.09452340559472,1.06344062895192,1.06344062895192,1.09657270423082,1.04330152718317
161,0.99312172500919,0.99312172500919,0.963167828564458,1.01096844576491,1.01397704462228,1.01397704462228,1.00747565062833,0.98801060551804,1.01137419192258,1.01137419192258,0.967265148739247,1.03928955818318,0.799666419835212,0.799666419835212,0.7104592594721,0.900449618645192,1.77818178284516,1.77818178284516,1.80098218028136,1.51620181857175,1.18212679214502,1.18212679214502,1.19623127061135,1.08099991017936,1.05991959213406,1.05991959213406,1.09375163400696,1.04349229447886
162,0.991239740012182,0.991239740012182,0.960572066171763,1.00799332453136,1.01405380922945,1.01405380922945,1.0074412616275,0.991238140228631,1.00138148253098,1.00138148253098,0.95513930835452,1.03138718380412,0.794405409805555,0.794405409805555,0.710908172057031,0.898998663238381,1.78135038966171,1.78135038966171,1.79814864584911,1.5233603316941,1.15792197336962,1.15792197336962,1.17002652393261,1.06593619392671,1.05495990247016,1.05495990247016,1.0899753665098,1.04251023669177
163,0.988867170162021,0.988867170162021,0.957902521846974,1.00396994029809,1.01360666048314,1.01360666048314,1.00630143745085,0.994373432252521,0.987959534938184,0.987959534938184,0.940332018093706,1.02164073255021,0.790124134121732,0.790124134121732,0.711702611298244,0.899305743747759,1.78277587189406,1.78277587189406,1.78512190709377,1.52743386501491,1.13382758433486,1.13382758433486,1.14400438660809,1.04992443238914,1.04960434735652,1.04960434735652,1.08580009162826,1.04125734184956
164,0.986049313540806,0.986049313540806,0.955637311366112,0.99851937022894,1.01163046392915,1.01163046392915,1.00364537096514,0.99666724959125,0.972048776951298,0.972048776951298,0.92288574540191,1.00955136853498,0.783301517063692,0.783301517063692,0.707888894838072,0.898021763367921,1.78333725323182,1.78333725323182,1.76082734010039,1.53057144792389,1.11100529414827,1.11100529414827,1.11948649383891,1.03452281812251,1.04403364945258,1.04403364945258,1.08154794914768,1.03981630494967
165,0.982560902633397,0.982560902633397,0.953125902810261,0.991930099216661,1.00753316150525,1.00753316150525,0.998534361544002,0.99526707940128,0.952096088673357,0.952096088673357,0.901793273265942,0.994092094300506,0.767980290691033,0.767980290691033,0.696476312622052,0.890846955216514,1.77269090487441,1.77269090487441,1.73867860292192,1.52482680368959,1.08589590050525,1.08589590050525,1.0934786609138,1.01736755029503,1.03760984826596,1.03760984826596,1.07615416145795,1.03782637453502
166,0.977212824569203,0.977212824569203,0.94917101412905,0.984515623380098,0.998698240738687,0.998698240738687,0.989230648119826,0.986727694231403,0.921696483465777,0.921696483465777,0.871457053912684,0.968474013772195,0.743332760650676,0.743332760650676,0.674999926456556,0.872615329474311,1.76419841326986,1.76419841326986,1.72131987195979,1.52271754738111,1.0637183589606,1.0637183589606,1.07101086249461,1.00256746875657,1.03153995662993,1.03153995662993,1.0706997891911,1.03614498251029
167,0.971261961003057,0.971261961003057,0.944555021624175,0.977188217529343,0.991090671335147,0.991090671335147,0.980307149016447,0.977708130531637,0.897119319324928,0.897119319324928,0.851488122661272,0.948022041668611,0.74427981350274,0.74427981350274,0.67769816316023,0.874063725876878,1.74834614126632,1.74834614126632,1.70037154164815,1.5137724531094,1.04082129863712,1.04082129863712,1.04768571315738,0.991445648455887,1.02445972892411,1.02445972892411,1.06414785322944,1.03350829554156
168,0.964903567559936,0.964903567559936,0.939751280947007,0.969529868435127,0.984241177879933,0.984241177879933,0.971982554459882,0.968849954636522,0.876742570026964,0.876742570026964,0.83415478875464,0.929920912230958,0.747042110193531,0.747042110193531,0.680350148264245,0.878366691514539,1.72810727812606,1.72810727812606,1.67393182844285,1.49905769605229,1.01841139451321,1.01841139451321,1.02371762671885,0.98028654797872,1.01668329127368,1.01668329127368,1.05648691144944,1.03005246138916
169,0.958463749667777,0.958463749667777,0.935390176512123,0.961677999809992,0.978248787395036,0.978248787395036,0.964349163932863,0.959980488236556,0.864050455279733,0.864050455279733,0.819511829042266,0.914584327086737,0.758777608325855,0.758777608325855,0.692289862682269,0.890062620415477,1.69640912960257,1.69640912960257,1.64536405910062,1.48651442093075,1.00297826310459,1.00297826310459,1.00119748028478,0.96953485596411,1.00900542961931,1.00900542961931,1.04875599668328,1.02712736285527
170,0.951882126868439,0.951882126868439,0.931206912548222,0.953919219324409,0.972770468647323,0.972770468647323,0.956914366163848,0.952452230501221,0.855123497077246,0.855123497077246,0.808954668377897,0.90215996200678,0.762567240668622,0.762567240668622,0.697569346749303,0.894129517911554,1.62986625462698,1.62986625462698,1.61337554034972,1.46073376626986,0.987490779558008,0.987490779558008,0.978195853853429,0.957647826622564,0.998995960520993,0.998995960520993,1.0385571772366,1.02180017153852
171,0.945434563972366,0.945434563972366,0.926790402476408,0.946173855456804,0.969235292197456,0.969235292197456,0.951279110567812,0.950085652131221,0.849584289724971,0.849584289724971,0.800578426434113,0.894283322412501,0.770608309070465,0.770608309070465,0.706294574990981,0.903866529063085,1.57449842131929,1.57449842131929,1.60036110644837,1.44224313249994,0.973634003939209,0.973634003939209,0.958757544620657,0.94651724325251,0.988770601844536,0.988770601844536,1.02794504775114,1.01635418820163
172,0.938900124552133,0.938900124552133,0.922628835824872,0.938533119124461,0.965045614326718,0.965045614326718,0.944803259763327,0.948297324715613,0.844529292873895,0.844529292873895,0.793103232890762,0.8883275151849,0.780992498482141,0.780992498482141,0.721073321423408,0.914728862331274,1.52329120539463,1.52329120539463,1.56907943319878,1.41392213265001,0.957657638728354,0.957657638728354,0.938490645443136,0.934349647164418,0.978071236553428,0.978071236553428,1.0168200030747,1.01037061445809
173,0.932633040628834,0.932633040628834,0.918758134929644,0.931384877575513,0.962551205769377,0.962551205769377,0.939815738117874,0.947511121848324,0.842532588497624,0.842532588497624,0.788712468349305,0.886350425381716,0.795333280041711,0.795333280041711,0.741594067919465,0.929531422385422,1.4741305442203,1.4741305442203,1.51810657555332,1.38240709777578,0.940456337371057,0.940456337371057,0.917869484118438,0.921604876710487,0.966341100361394,0.966341100361394,1.00483833941993,1.00387628607425
174,0.926581084380028,0.926581084380028,0.914659556904307,0.925079232763045,0.960558719643577,0.960558719643577,0.936025951130983,0.947417477072785,0.842402958470176,0.842402958470176,0.786932220741208,0.885495641512669,0.804722104827924,0.804722104827924,0.757916121405242,0.941778816701119,1.42630582850799,1.42630582850799,1.46533926003462,1.34728425953206,0.922866950245565,0.922866950245565,0.897875738099929,0.908818073228885,0.949250249430583,0.949250249430583,0.991907639635307,0.996086038114084
175,0.920814266564774,0.920814266564774,0.910785811743314,0.919595148755164,0.959709761459168,0.959709761459168,0.933315398176439,0.949556843256902,0.842988088029287,0.842988088029287,0.784998413313502,0.884479715997033,0.814623886972869,0.814623886972869,0.776438526727769,0.954067794835794,1.37008739588219,1.37008739588219,1.4107330524477,1.30725072875752,0.90229409086951,0.90229409086951,0.874023912950249,0.894161765438783,0.930712123648562,0.930712123648562,0.978357671588497,0.987666024723657
176,0.915933130710207,0.915933130710207,0.907645568580913,0.916009875071918,0.960401796768429,0.960401796768429,0.932828146229702,0.955563465632419,0.850095201427836,0.850095201427836,0.789174224881016,0.886600142566635,0.837959894458905,0.837959894458905,0.808561623032568,0.980845215253565,1.31689331638743,1.31689331638743,1.36169547489336,1.26814224287251,0.885191428577415,0.885191428577415,0.853384642864592,0.881698304364395,0.912787450139528,0.912787450139528,0.964733769820464,0.980196785033988
177,0.912083303271492,0.912083303271492,0.904894050481606,0.913394407540055,0.96267663547235,0.96267663547235,0.934151973891285,0.964342976964315,0.856780120019381,0.856780120019381,0.796972386421722,0.888378685512786,0.865403113151077,0.865403113151077,0.844876610641816,1.0100984722782,1.26186728614742,1.26186728614742,1.30871624244486,1.22416027153268,0.868164111577107,0.868164111577107,0.833365331536493,0.869857318268707,0.895183420176899,0.895183420176899,0.950635533354866,0.972882726080261
178,0.910072812354287,0.910072812354287,0.902753765597697,0.911820467092718,0.969397441310228,0.969397441310228,0.940531952329836,0.977960432728301,0.866272540766849,0.866272540766849,0.813852118777043,0.89225491266059,0.911766074866849,0.911766074866849,0.901187253056867,1.05595582834533,1.21838226135879,1.21838226135879,1.26553987700683,1.19187864259256,0.85662219063862,0.85662219063862,0.818489973542162,0.862608923157613,0.880692545087011,0.880692545087011,0.938755381872886,0.96798425071586
179,0.909518433126794,0.909518433126794,0.901810818114447,0.91140212258893,0.976133654368114,0.976133654368114,0.947269219088635,0.991507562667947,0.873816635121712,0.873816635121712,0.829094084879937,0.894218087725488,0.94518574411533,0.94518574411533,0.948611466802014,1.0907953916364,1.18796178833568,1.18796178833568,1.21821267415684,1.15796439281758,0.846852034366933,0.846852034366933,0.806155168188343,0.856704990825619,0.867323481125812,0.867323481125812,0.927107006739183,0.96439956113094
180,0.909382131248711,0.909382131248711,0.901583328436345,0.911461972851845,0.982413827288405,0.982413827288405,0.953454252087451,1.0040437865555,0.880676977737112,0.880676977737112,0.839968982044801,0.89579494177693,0.955013637665666,0.955013637665666,0.975708102496742,1.11173508362068,1.17301199012829,1.17301199012829,1.16992432548978,1.12261318010737,0.835442542843973,0.835442542843973,0.792271226812935,0.84919919911751,0.85396154559408,0.85396154559408,0.91548107577085,0.959960137802608
181,0.909720822308008,0.909720822308008,0.901579675317426,0.911974620168417,0.988779248967859,0.988779248967859,0.960242730172152,1.0125337296453,0.887426065345567,0.887426065345567,0.849806658023305,0.896230188805647,0.961323297364975,0.961323297364975,1.00662797703981,1.13509239486525,1.14804046912791,1.14804046912791,1.12325679953414,1.09119308742708,0.823929235861719,0.823929235861719,0.778137110622254,0.840620154201075,0.842248449742963,0.842248449742963,0.904059782780902,0.956146542047518
182,0.910279991208973,0.910279991208973,0.902198270120948,0.912867901906147,0.993893970898024,0.993893970898024,0.965555681929298,1.01754855865341,0.888186906038229,0.888186906038229,0.854134952337546,0.891935172921722,0.928427952951319,0.928427952951319,1.02616723738426,1.14504436237335,1.09530828567055,1.09530828567055,1.06641452653639,1.0508978241179,0.808023327126009,0.808023327126009,0.761229614864436,0.828423001319674,0.83201154979975,0.83201154979975,0.892687192162869,0.951539103486286
183,0.911201952398519,0.911201952398519,0.903014410097498,0.913826941635696,0.999473827976714,0.999473827976714,0.972299052363568,1.02343187100535,0.891191652554853,0.891191652554853,0.859579555761272,0.88885926765656,0.936768838535136,0.936768838535136,1.05116486665914,1.16003372973737,1.04111011525141,1.04111011525141,1.01275921072155,1.00895390244109,0.791370292176316,0.791370292176316,0.743189788936025,0.81446922434543,0.829282583330377,0.829282583330377,0.882557685579834,0.946895713748918
184,0.912484616763747,0.912484616763747,0.904321396415998,0.915148726962432,1.00462547293633,1.00462547293633,0.978355684872295,1.0282740954981,0.892819708082302,0.892819708082302,0.862202535966564,0.884343411410178,0.946937756368286,0.946937756368286,1.07678757270001,1.17123896957436,0.974815242917433,0.974815242917433,0.949905332947644,0.957030786380265,0.776663725194037,0.776663725194037,0.728125886783467,0.797371436311975,0.829440630795131,0.829440630795131,0.872972046598847,0.942263772966223
185,0.915255442867776,0.915255442867776,0.906769594944502,0.91716337294352,1.00958116792165,1.00958116792165,0.984853717326662,1.03377677762763,0.896699134285792,0.896699134285792,0.86652282916796,0.883823179743335,0.966758371872317,0.966758371872317,1.10794482677662,1.18413507146612,0.899794799132339,0.899794799132339,0.88177540722487,0.893489440087446,0.76178259869987,0.76178259869987,0.716664867189565,0.779380706362043,0.832330699770457,0.832330699770457,0.865149154762838,0.937590047145136
186,0.919887057115997,0.919887057115997,0.909862347560963,0.919618448396262,1.01760615760294,1.01760615760294,0.99611001142099,1.04362910830294,0.911365128188513,0.911365128188513,0.878776071887995,0.894679368780673,1.0091292180774,1.0091292180774,1.165369588607,1.21909234895245,0.865100011240062,0.865100011240062,0.854662345065225,0.861429770600717,0.761982465027321,0.761982465027321,0.722012125604358,0.771930166548966,0.840779382264525,0.840779382264525,0.864557758340004,0.938878820240205
187,0.9259337141516,0.9259337141516,0.914117179445493,0.922798131644662,1.02775652916676,1.02775652916676,1.00770565498449,1.05352711755669,0.922336450976699,0.922336450976699,0.88844387808609,0.904260937866951,1.03607937249401,1.03607937249401,1.202822501602,1.22507530087683,0.838060617210712,0.838060617210712,0.833544481209753,0.831129739208316,0.761312553358548,0.761312553358548,0.727617015383055,0.764841140479186,0.850049395612798,0.850049395612798,0.864285861212453,0.939750690953986
188,0.933176006166349,0.933176006166349,0.920062021632092,0.926613751542743,1.03888692209487,1.03888692209487,1.01979785487806,1.06352364199985,0.936629489385169,0.936629489385169,0.899503724051725,0.916476881114319,1.0581557215354,1.0581557215354,1.24201120992539,1.22762726785998,0.816603059141009,0.816603059141009,0.817470923886377,0.809685633405484,0.764532845638831,0.764532845638831,0.738829534080763,0.760972171087585,0.860775781046077,0.860775781046077,0.866942487584155,0.942927593567389
189,0.941127118901104,0.941127118901104,0.92732325968592,0.931088000394985,1.04952767764352,1.04952767764352,1.03112493672084,1.07210073598004,0.94675498701087,0.94675498701087,0.907174175522014,0.925374084470329,1.06939815539215,1.06939815539215,1.26324001399859,1.22963800544534,0.796011733793751,0.796011733793751,0.803330595845122,0.788590504315489,0.769057301652914,0.769057301652914,0.750779642395036,0.758036839900738,0.872322411096689,0.872322411096689,0.87054147551366,0.946324870327417
190,0.949160471348466,0.949160471348466,0.935831318296667,0.936074675714121,1.05978610336704,1.05978610336704,1.04146895463747,1.07984417745492,0.953826355252349,0.953826355252349,0.911793125647119,0.931427893349292,1.08123382940756,1.08123382940756,1.28567952170994,1.23477648596894,0.777953730559306,0.777953730559306,0.790940291482166,0.768297251863449,0.77265058188529,0.77265058188529,0.762471967170943,0.755070318127985,0.883977325385395,0.883977325385395,0.875697032323901,0.950536262564916
191,0.957767055993374,0.957767055993374,0.945428670548547,0.941694747911632,1.06959018578336,1.06959018578336,1.05136651102392,1.08675271192392,0.961446677231325,0.961446677231325,0.917392673698448,0.937463448485558,1.09187307656409,1.09187307656409,1.30040657517804,1.23766880051664,0.762230789446237,0.762230789446237,0.780801775399022,0.750969659969219,0.779215112326621,0.779215112326621,0.776141038206225,0.756455922775159,0.896278143273614,0.896278143273614,0.882142981949089,0.956077702472927
192,0.966385207190179,0.966385207190179,0.955192682513509,0.94841851637821,1.07751485885156,1.07751485885156,1.05931855807156,1.09248777182979,0.966966935343707,0.966966935343707,0.92133429884768,0.943539550869944,1.09794899253622,1.09794899253622,1.30795782899307,1.23858556378735,0.74894452758277,0.74894452758277,0.772807721924792,0.734399039621218,0.784022975917255,0.784022975917255,0.789392542518202,0.759346101875745,0.907206976103755,0.907206976103755,0.889319467153021,0.962540090460925
193,0.974981040546759,0.974981040546759,0.965343150179812,0.955435573218038,1.08418781407223,1.08418781407223,1.06696519804046,1.09796957021505,0.975231387924188,0.975231387924188,0.928071543598599,0.953130695690095,1.1075829285257,1.1075829285257,1.31644839838353,1.24092065516075,0.736291418595185,0.736291418595185,0.765613483959785,0.719787564275068,0.791415298047174,0.791415298047174,0.804895011469799,0.76669564360113,0.91690673191418,0.91690673191418,0.896909995865188,0.969701302223611
194,0.98357672104142,0.98357672104142,0.975463009137601,0.962623070797366,1.08934176672118,1.08934176672118,1.07322704802813,1.10138254962299,0.981729398104064,0.981729398104064,0.931731283387587,0.962333724046688,1.12315708124145,1.12315708124145,1.32167686965682,1.23685375766467,0.723618412547527,0.723618412547527,0.759375606590849,0.707477795630502,0.799570563150801,0.799570563150801,0.821447940731517,0.776170600966033,0.927098145688413,0.927098145688413,0.905441785930974,0.978181185625415
195,0.99202239303923,0.99202239303923,0.985481078918255,0.969770925859377,1.09328798336651,1.09328798336651,1.07832793428019,1.10447777142377,0.988395223900869,0.988395223900869,0.935791078818844,0.972523202613088,1.16281536346365,1.16281536346365,1.32732092515646,1.23484941758992,0.714127514892905,0.714127514892905,0.756797739680355,0.694166001939148,0.811579653656115,0.811579653656115,0.839848572308963,0.789890002966192,0.937832338449203,0.937832338449203,0.915024124299406,0.987754334813518
196,1.00019551223485,1.00019551223485,0.995271714371092,0.976790798532608,1.09628397498931,1.09628397498931,1.08197212627658,1.10610131650386,0.996766911952561,0.996766911952561,0.942328757351293,0.985109457443844,1.17355904930679,1.17355904930679,1.3324868207361,1.23314192200756,0.708262856436512,0.708262856436512,0.755035411148068,0.684227222137686,0.82676963833112,0.82676963833112,0.861770977456903,0.807567341791079,0.948418056207667,0.948418056207667,0.924563628051575,0.997878638138018
197,1.00787718035977,1.00787718035977,1.00472454702455,0.983835572007107,1.09726888322515,1.09726888322515,1.08338304296623,1.10653721854413,1.00380856434057,1.00380856434057,0.946666129851262,0.99636378754114,1.17461054084547,1.17461054084547,1.33042726421008,1.2283079629891,0.711453492141008,0.711453492141008,0.765483599389912,0.679340906656647,0.847552285456636,0.847552285456636,0.887134503710557,0.829269602937092,0.961310873190667,0.961310873190667,0.935559655450604,1.00982631510984
198,1.01438349318684,1.01438349318684,1.01290183232232,0.990455982824075,1.09819548836855,1.09819548836855,1.08461747411268,1.1067895207408,1.01292903447772,1.01292903447772,0.954223796403942,1.00947850318504,1.18343880696681,1.18343880696681,1.33386824719064,1.23809807347871,0.722153846804327,0.722153846804327,0.782162145367699,0.677478628352661,0.86942269428515,0.86942269428515,0.912646552238973,0.854066712837865,0.97241635529198,0.97241635529198,0.945198984395812,1.02083167748117
199,1.01931048761721,1.01931048761721,1.02009814448991,0.996529238562182,1.09764116781434,1.09764116781434,1.08356689758102,1.10590554062561,1.02103758649363,1.02103758649363,0.959288808570177,1.02237537088331,1.17997670002899,1.17997670002899,1.33152710004316,1.23660681375504,0.735219819788419,0.735219819788419,0.802111731697307,0.68051164654806,0.892630050676714,0.892630050676714,0.939442801050904,0.879624873034718,0.981108965853427,0.981108965853427,0.952652721054329,1.03045820650889
200,1.02236706360247,1.02236706360247,1.02703187489767,1.00181058256506,1.09726487870542,1.09726487870542,1.08234966093498,1.10545856946293,1.0284672676349,1.0284672676349,0.965877417263238,1.03547302975125,1.18441356804185,1.18441356804185,1.33213653288573,1.2305803587585,0.727393169087011,0.727393169087011,0.801269532802126,0.674540552351196,0.903931413078636,0.903931413078636,0.953402829657234,0.895432261971309,0.986709942610144,0.986709942610144,0.955876025928178,1.03580217017962
201,1.02460119150768,1.02460119150768,1.0324930109293,1.00637173576585,1.09632429167955,1.09632429167955,1.08029391326235,1.10450478008244,1.03737441526841,1.03737441526841,0.972908087441006,1.04935919045532,1.18617055356559,1.18617055356559,1.33097140067666,1.22336972454766,0.718369852344095,0.718369852344095,0.794466315752739,0.669915327903475,0.913533624119774,0.913533624119774,0.965693960940503,0.909182111924374,0.991543493017387,0.991543493017387,0.957154243150145,1.03949296313428
202,1.02637994375516,1.02637994375516,1.03623945043101,1.01044961465733,1.09375549407759,1.09375549407759,1.0768489095045,1.10219421147181,1.04291620660794,1.04291620660794,0.978469937941428,1.06188425036179,1.18085199568821,1.18085199568821,1.32249783555078,1.20950951780667,0.704709809994979,0.704709809994979,0.776548397537156,0.659491573111378,0.92102444152617,0.92102444152617,0.975691823083759,0.921737659490482,0.995450279704118,0.995450279704118,0.957654982748146,1.04198796017353
203,1.02814086211204,1.02814086211204,1.03866578559629,1.01407607680565,1.091609342991,1.091609342991,1.07411275088701,1.10017269454422,1.05131818473249,1.05131818473249,0.986393809274339,1.07685770572303,1.18164842948203,1.18164842948203,1.32020362017354,1.19934707219944,0.694091175399815,0.694091175399815,0.747091944295789,0.656411083819012,0.928277719959222,0.928277719959222,0.985368901461445,0.933433089518614,0.999166092370938,0.999166092370938,0.956891147656073,1.04434148605313
204,1.02964497244443,1.02964497244443,1.04047889493586,1.01692901295448,1.08833249200083,1.08833249200083,1.0702078128519,1.09714388747785,1.05487403830933,1.05487403830933,0.992852092148553,1.09023545480676,1.17629505870912,1.17629505870912,1.31097642604144,1.18525207681898,0.687102333049321,0.687102333049321,0.714195600761766,0.657415033369731,0.937319442551148,0.937319442551148,0.996382375963059,0.946842665032117,1.00291713984627,1.00291713984627,0.955844266700708,1.04673300496066
205,1.03120818938563,1.03120818938563,1.04233196718238,1.01930011031691,1.08505333332132,1.08505333332132,1.06629297495292,1.09410519199548,1.05672015365039,1.05672015365039,0.999900303227559,1.10129303349713,1.17163510397792,1.17163510397792,1.30272527669627,1.17215765209825,0.668745163304499,0.668745163304499,0.689723980591554,0.65681394664192,0.943929410229512,0.943929410229512,1.00607588918262,0.958541808225237,1.00615935323726,1.00615935323726,0.954102790169971,1.04859561133164
206,1.03270491139191,1.03270491139191,1.04403476340066,1.02118009320644,1.08134704849418,1.08134704849418,1.06174618333751,1.09073826013674,1.06033558248901,1.06033558248901,1.0086141305864,1.10988979820286,1.17099923578392,1.17099923578392,1.29444556018661,1.15999982293112,0.656643487124639,0.656643487124639,0.679113094835868,0.658174570921201,0.951344019611772,0.951344019611772,1.01541635765071,0.970243773423748,1.00910977624874,1.00910977624874,0.952239044280823,1.04971695258003
207,1.03403052995648,1.03403052995648,1.04576152629306,1.0228228835411,1.07667581015667,1.07667581015667,1.05651667329015,1.08590223435254,1.06271084099859,1.06271084099859,1.01728379795703,1.11382258202885,1.16138661381211,1.16138661381211,1.28291734897144,1.14326521467214,0.649474150014915,0.649474150014915,0.673515753477309,0.66189463702,0.958390817436032,0.958390817436032,1.02530191504112,0.982029804677603,1.01183324364396,1.01183324364396,0.950749734549254,1.04896409265622
208,1.03539670788364,1.03539670788364,1.04719985884176,1.02373256336747,1.07155430090491,1.07155430090491,1.05078792725032,1.08030738333045,1.0658736414025,1.0658736414025,1.02666417956291,1.11842372215504,1.15168021016253,1.15168021016253,1.26984787121467,1.12552939600237,0.64501578734008,0.64501578734008,0.667160979995486,0.660965101621283,0.964278534349801,0.964278534349801,1.03364518426073,0.992802438942749,1.01309490776981,1.01309490776981,0.94874743627976,1.04496169853395
209,1.03678627368446,1.03678627368446,1.0488199617318,1.02315598006893,1.06606498669623,1.06606498669623,1.04520678594779,1.07380907053775,1.06968057240792,1.06968057240792,1.03661910261811,1.12350634215006,1.14811082266908,1.14811082266908,1.25958953847839,1.11168710229109,0.647238573193903,0.647238573193903,0.666393977430232,0.664187362703239,0.971174066435588,0.971174066435588,1.04207823641283,1.00361220485778,1.01348588515362,1.01348588515362,0.947643711441511,1.03845635873511
210,1.03807428821687,1.03807428821687,1.05013342403384,1.02147365764179,1.05966610352134,1.05966610352134,1.0392513851298,1.06665288290349,1.07161009311548,1.07161009311548,1.04471299759898,1.12640045809247,1.14028431537851,1.14028431537851,1.24614256604793,1.09478679850725,0.649529577539403,0.649529577539403,0.66667357105696,0.669533634623809,0.977598978025153,0.977598978025153,1.05089857257032,1.01443712048597,1.01295233918047,1.01295233918047,0.94626574237345,1.03018605683477
211,1.03946278398426,1.03946278398426,1.05143531812597,1.01895939447517,1.05261156508091,1.05261156508091,1.0331841828416,1.05881218073976,1.07442218902653,1.07442218902653,1.0529484507302,1.12975570546922,1.12856231612404,1.12856231612404,1.22794324175244,1.07420152861088,0.652979585634131,0.652979585634131,0.667443991637211,0.676694072250087,0.983464839052755,0.983464839052755,1.05828329485477,1.02469808061567,1.00903244976148,1.00903244976148,0.94524005868538,1.02092552974017
212,1.04064792244494,1.04064792244494,1.05287199016607,1.01605455865186,1.04604761424496,1.04604761424496,1.02984331374208,1.05076064869131,1.0774267919883,1.0774267919883,1.06270103795095,1.13406508495396,1.11931061151821,1.11931061151821,1.21095326075393,1.05628082188442,0.661383961686932,0.661383961686932,0.672641425241159,0.704884847334012,0.990930062066139,0.990930062066139,1.06705904389494,1.03602650141632,1.0046257225548,1.0046257225548,0.944878898324964,1.01185394685931
213,1.04196411452448,1.04196411452448,1.0541568917202,1.01305177599606,1.0392282564976,1.0392282564976,1.02592013911563,1.04190571973876,1.07515618496268,1.07515618496268,1.06873264609592,1.13614436579207,1.10600142841415,1.10600142841415,1.19133101959832,1.03787646335569,0.672525604718289,0.672525604718289,0.675452400774426,0.731586697876585,0.997965356792417,0.997965356792417,1.07541631316504,1.04681918677241,0.99995531134764,0.99995531134764,0.945257661952338,1.00286389220344
214,1.04278177293106,1.04278177293106,1.05517882406249,1.00947787607126,1.03195441969662,1.03195441969662,1.01965121779663,1.03070155404132,1.06774401751282,1.06774401751282,1.06828627631969,1.13199777378318,1.08066758700463,1.08066758700463,1.15703545845068,1.00927127415606,0.70076095417986,0.70076095417986,0.676833278833084,0.754027055214412,1.0066512022905,1.0066512022905,1.08519869627032,1.05973624808181,0.995907585426876,0.995907585426876,0.946524730438565,0.993918393670531
215,1.04163831482038,1.04163831482038,1.05400805479942,1.00657149430019,1.02032359754771,1.02032359754771,1.00932052375694,1.01487979324178,1.05049417990685,1.05049417990685,1.05878910923977,1.11833783979187,1.04476625563143,1.04476625563143,1.11409084816669,0.978054621124592,0.733458219362707,0.733458219362707,0.688070344936161,0.782877293645391,1.0154618564017,1.0154618564017,1.09466942607775,1.0722326820613,0.99261499780098,0.99261499780098,0.950112276244548,0.9857716238034
216,1.03876507123039,1.03876507123039,1.05112164805156,1.00430922061692,1.00674556070801,1.00674556070801,0.996742709488095,0.998161285939208,1.03223572594114,1.03223572594114,1.04773495637366,1.10409468375932,1.0187581807961,1.0187581807961,1.07326428907888,0.957114929140311,0.761779552548162,0.761779552548162,0.707063570669699,0.80463188608244,1.0231667752193,1.0231667752193,1.10286995565214,1.08401886184176,0.988857161345207,0.988857161345207,0.95387952206739,0.977690995349568
217,1.03545754692754,1.03545754692754,1.0477881216882,1.00306732766143,0.99382311126063,0.99382311126063,0.984801166169559,0.982696688822573,1.01878219628185,1.01878219628185,1.04115588746899,1.0944993495556,1.00500921846066,1.00500921846066,1.03966590277905,0.946150235702328,0.78425896677445,0.78425896677445,0.725625442910656,0.820603985707871,1.03245595820658,1.03245595820658,1.11197851024037,1.09613001782202,0.985882501673539,0.985882501673539,0.957740505286783,0.970668775355071
218,1.03158117246883,1.03158117246883,1.04356705347853,1.00330882678504,0.981506633884758,0.981506633884758,0.973664563662514,0.968495078572247,1.01034992808444,1.01034992808444,1.03891942256116,1.08878921975019,0.99157641405408,0.99157641405408,1.00582877660451,0.937356857366074,0.801017976229871,0.801017976229871,0.745965366552884,0.835868509387972,1.04032335828319,1.04032335828319,1.12167506694918,1.10884671674864,0.98291836492156,0.98291836492156,0.961594080464664,0.965075414073004
219,1.02762500408822,1.02762500408822,1.0389268175481,1.00567236004598,0.970459385646114,0.970459385646114,0.963681927994801,0.955993685523192,1.0027212799243,1.0027212799243,1.03738951746459,1.08526430233887,0.979995797783534,0.979995797783534,0.969781096034473,0.927951877015308,0.822376048999211,0.822376048999211,0.770041180586481,0.855599806692134,1.03965474071294,1.03965474071294,1.13045918558475,1.12136349887226,0.981387314051662,0.981387314051662,0.966085554028925,0.961711973714046
220,1.02307369330163,1.02307369330163,1.03424230138836,1.00870098211418,0.959430055936466,0.959430055936466,0.954174336922883,0.943444178688754,0.996386922270773,0.996386922270773,1.0370656262619,1.08141216414659,0.9560963897636,0.9560963897636,0.928065553994377,0.914000825623624,0.837917074134474,0.837917074134474,0.785150174077795,0.869931587466965,1.03561931015185,1.03561931015185,1.1360531188022,1.13189789647174,0.979680564367854,0.979680564367854,0.970077168158533,0.959748076909695
221,1.01838929073726,1.01838929073726,1.02870904393324,1.01199628016936,0.950333008810121,0.950333008810121,0.945901028127288,0.93273900902929,0.990224112660211,0.990224112660211,1.03731843065431,1.07761493680324,0.933983096424902,0.933983096424902,0.892372922468786,0.905025118234926,0.858121828028893,0.858121828028893,0.802087121989331,0.885258336774171,1.02743787550031,1.02743787550031,1.1350312672909,1.1390577697295,0.979049121296688,0.979049121296688,0.974246868672196,0.959525879681116
222,1.01366157729575,1.01366157729575,1.02330148697909,1.01624708435922,0.942658312796061,0.942658312796061,0.939718377050606,0.923398293191505,0.987370672953033,0.987370672953033,1.040419169617,1.07687087235711,0.908058856725762,0.908058856725762,0.86502394348768,0.898101092499511,0.881438339996805,0.881438339996805,0.822696385213298,0.902977244467723,1.01746353923943,1.01746353923943,1.12989644442485,1.14306160127349,0.979423940907043,0.979423940907043,0.97839984608225,0.960549722506599
223,1.00915826515183,1.00915826515183,1.0180196305259,1.02029503811924,0.935221580276927,0.935221580276927,0.934212042990127,0.914227599073848,0.980025976281587,0.980025976281587,1.04032561814373,1.0733402693538,0.883726063679752,0.883726063679752,0.846342378248677,0.885254251439465,0.892126614302224,0.892126614302224,0.828462576512693,0.91338432022575,1.00338719823788,1.00338719823788,1.11687700616718,1.14157588969822,0.981129808023393,0.981129808023393,0.982086556958761,0.962780883125437
224,1.00635625521625,1.00635625521625,1.01436402084456,1.02323758402519,0.928420073185351,0.928420073185351,0.929540944813292,0.905626005436061,0.968212704311805,0.968212704311805,1.04037962565544,1.06928584378344,0.869845664901981,0.869845664901981,0.831245311983298,0.874647818595757,0.882148238675824,0.882148238675824,0.815653907114144,0.907450433104888,0.989621872248046,0.989621872248046,1.10142110260091,1.13744848402341,0.984049884292285,0.984049884292285,0.985366192286874,0.96557916807859
225,1.00569767511374,1.00569767511374,1.01331518826297,1.02496059800562,0.923523767263934,0.923523767263934,0.926947552653763,0.898356691370832,0.956512266452293,0.956512266452293,1.04380779477457,1.06858816179826,0.865367589788284,0.865367589788284,0.830907267203432,0.872130398169918,0.892056974591969,0.892056974591969,0.822587692336404,0.916069644710932,0.989631074726432,0.989631074726432,1.09563527738708,1.14173555579273,0.987514233123432,0.987514233123432,0.989022170793155,0.969486834862518
226,1.00541910974272,1.00541910974272,1.012704231799,1.02483239476716,0.918178887258671,0.918178887258671,0.924119392293804,0.891083097244941,0.94223114309618,0.94223114309618,1.04611965478422,1.06452236504393,0.856898820098412,0.856898820098412,0.820867949394953,0.862837374254863,0.912376136581805,0.912376136581805,0.840900049482603,0.930750402198602,0.996479012744315,0.996479012744315,1.0951210798805,1.14920243353176,0.99161131493203,0.99161131493203,0.992881467032797,0.973397418577573
227,1.0056128367485,1.0056128367485,1.01286358527425,1.02588910526709,0.913850748027507,0.913850748027507,0.921565376284569,0.885078910076353,0.927564718528916,0.927564718528916,1.0471948812566,1.05999124747169,0.845804873898131,0.845804873898131,0.810253207273062,0.853992815833712,0.930007774243266,0.930007774243266,0.856356996900578,0.944779394354942,1.00320933158532,1.00320933158532,1.09253274445897,1.15467578725167,0.995741730634611,0.995741730634611,0.996597590034517,0.977476819681587
228,1.00637898068826,1.00637898068826,1.01343723564501,1.02786305969489,0.911810275538069,0.911810275538069,0.92065719403554,0.881510520189865,0.929376954925928,0.929376954925928,1.05252116053075,1.05885353059085,0.831107437776118,0.831107437776118,0.797385060008928,0.844426618215523,0.941386760776918,0.941386760776918,0.866194727664015,0.95257427677717,1.02021709331906,1.02021709331906,1.09040580200576,1.15943636182035,0.999690201661272,0.999690201661272,0.999759576861797,0.981193865016383
229,1.00873600957662,1.00873600957662,1.01582133854158,1.03155367867485,0.917268775306741,0.917268775306741,0.9240655013055,0.885711547318823,0.939229411231357,0.939229411231357,1.06433203403097,1.06224528545299,0.811517724130242,0.811517724130242,0.788215680376401,0.840592590105725,0.979256550969348,0.979256550969348,0.899784244639365,0.96988518963733,1.03857201161531,1.03857201161531,1.09098771714785,1.16645201574995,1.00430725148213,1.00430725148213,1.00366229449327,0.985401902783086
230,1.01240637712203,1.01240637712203,1.01908246673001,1.03682646475268,0.923975463515712,0.923975463515712,0.927821197031834,0.892981082766499,0.948931996275817,0.948931996275817,1.07356531825453,1.06118716685997,0.780100151608779,0.780100151608779,0.770399292119267,0.817448955715595,1.01187067486546,1.01187067486546,0.939843380400425,0.98379037204077,1.05400356134795,1.05400356134795,1.08869794802046,1.17059308587192,1.00914779453923,1.00914779453923,1.00761738184394,0.990409033831958
231,1.01687534628807,1.01687534628807,1.02320755754265,1.04257208999251,0.931187603563451,0.931187603563451,0.931023393602052,0.901465196118504,0.955633854339388,0.955633854339388,1.08060598982336,1.05693165087828,0.754069341821259,0.754069341821259,0.749048737511669,0.783014354846268,1.04106179381981,1.04106179381981,0.982989667306485,0.993715680314715,1.06867648176863,1.06867648176863,1.08865807831146,1.17597613541931,1.01463926504138,1.01463926504138,1.01053116260711,0.995277537729032
232,1.02170573198541,1.02170573198541,1.02753124518377,1.04897656503618,0.938345920150985,0.938345920150985,0.934048806888814,0.910823548757986,0.960542281690991,0.960542281690991,1.08406093189702,1.04834954901504,0.741420893265152,0.741420893265152,0.736929458059672,0.75417245775399,1.06113863804233,1.06113863804233,1.0189834160305,1.00530953349691,1.08121457099243,1.08121457099243,1.08665576674249,1.17856228057062,1.02310193283516,1.02310193283516,1.01499615792399,1.00150496691477
233,1.02638524296836,1.02638524296836,1.03179366005757,1.05483708732132,0.945074667155122,0.945074667155122,0.936020889546446,0.920194593991158,0.961453567864013,0.961453567864013,1.08517416365541,1.04290245264947,0.730125174364206,0.730125174364206,0.722795513340147,0.726555683943918,1.08341055435643,1.08341055435643,1.05624456471528,1.01892604031069,1.09375913070884,1.09375913070884,1.08825846817465,1.18412861194184,1.03255165049581,1.03255165049581,1.02051060133933,1.00757254827477
234,1.03106505967515,1.03106505967515,1.03600111209673,1.06067436517779,0.951153392370638,0.951153392370638,0.937423767248884,0.928689259906521,0.961105160248713,0.961105160248713,1.08187708969289,1.03794461643649,0.720752690324878,0.720752690324878,0.711542091040602,0.706386891988388,1.10657499593665,1.10657499593665,1.09022783701824,1.03395256700465,1.10173552263884,1.10173552263884,1.09224437385377,1.18817714999229,1.0429637740243,1.0429637740243,1.02786906031544,1.01470911196943
235,1.03539446590882,1.03539446590882,1.04007671975311,1.06556878054366,0.956146621244352,0.956146621244352,0.938397377921558,0.936471886074703,0.961260199484199,0.961260199484199,1.07847615513094,1.03470861687063,0.714587965945765,0.714587965945765,0.706309538743812,0.695183571404577,1.12040558451496,1.12040558451496,1.11951612392177,1.04381757415542,1.11073784712017,1.11073784712017,1.09766437166133,1.19429629736703,1.0535012221318,1.0535012221318,1.03634114596746,1.02221240683001
236,1.03892893920793,1.03892893920793,1.04365854750235,1.06889389330546,0.960202996119074,0.960202996119074,0.938793446911566,0.943747620230926,0.9625767409922,0.9625767409922,1.07439035608294,1.0305783335335,0.711283582738752,0.711283582738752,0.701328649562816,0.691697567872074,1.14574804356383,1.14574804356383,1.15569649626461,1.06739338881259,1.12343309742016,1.12343309742016,1.10447433100338,1.20215766175446,1.06449692641932,1.06449692641932,1.04577026256642,1.03002919886343
237,1.0419540256378,1.0419540256378,1.04633218774835,1.07125317521008,0.963594552844108,0.963594552844108,0.939299679800316,0.950668035557977,0.967830561307302,0.967830561307302,1.06958476461396,1.02584941720843,0.703369687975708,0.703369687975708,0.694236510891474,0.685866876700257,1.16879239217432,1.16879239217432,1.19083779204845,1.09126365257122,1.13508041549391,1.13508041549391,1.11050393970509,1.20923495422287,1.07368961328033,1.07368961328033,1.05450705734532,1.03758266493938
238,1.04380610065259,1.04380610065259,1.04791216168057,1.07247795231547,0.966916132283555,0.966916132283555,0.94012769548249,0.957570592700882,0.975196073431661,0.975196073431661,1.06478748199293,1.02125126949907,0.696960562860579,0.696960562860579,0.687549073717154,0.681927929416422,1.19728924585399,1.19728924585399,1.23161129294381,1.12689969186322,1.14657387963215,1.14657387963215,1.11350618966284,1.2165699403415,1.08184480814977,1.08184480814977,1.06269756407296,1.04468232945529
239,1.04399942002659,1.04399942002659,1.04780002199983,1.07234417262263,0.970215313561757,0.970215313561757,0.94082150473937,0.964550043347421,0.985900671312871,0.985900671312871,1.06069660531562,1.0169625376905,0.695280307800466,0.695280307800466,0.684659709079592,0.682964965886634,1.21754871666361,1.21754871666361,1.2614539818798,1.1537875777858,1.15191663727898,1.15191663727898,1.11093246298965,1.21808773366227,1.08948471940345,1.08948471940345,1.07091124843543,1.05138645811042
240,1.04405653943045,1.04405653943045,1.04733618659776,1.07220393307668,0.973932797469518,0.973932797469518,0.942137144543615,0.972277692874329,0.996065646521683,0.996065646521683,1.05692777343034,1.01434836234305,0.692677155774988,0.692677155774988,0.679880830561816,0.683596400184043,1.22882537545974,1.22882537545974,1.28232233064052,1.17780666984843,1.15244721767344,1.15244721767344,1.10725881930623,1.21664524332747,1.09558163118166,1.09558163118166,1.07824755663395,1.05702969891475
241,1.04389756303433,1.04389756303433,1.0466340682117,1.07182456854118,0.976939784553294,0.976939784553294,0.943461716555865,0.979681533673842,0.994216229419124,0.994216229419124,1.05043194687277,1.01440910840481,0.691723708717622,0.691723708717622,0.67512303733212,0.685951323840336,1.235160457265,1.235160457265,1.2987985301305,1.198522671664,1.15131143053636,1.15131143053636,1.10294117330029,1.2136851081985,1.10003947941109,1.10003947941109,1.08432515789804,1.06143725477052
242,1.04363902257475,1.04363902257475,1.04558064155631,1.0715323292039,0.98107543534418,0.98107543534418,0.945286120041129,0.987608206021576,0.992520990222964,0.992520990222964,1.04503181117236,1.01697525546205,0.716227013905038,0.716227013905038,0.679394508594807,0.691787772771704,1.24408073566111,1.24408073566111,1.31421241055952,1.21679006297791,1.15106440150718,1.15106440150718,1.09871757111176,1.21098207261334,1.10354795661513,1.10354795661513,1.09062720081585,1.06636949361272
243,1.04313707498559,1.04313707498559,1.04371998632052,1.07094586288224,0.984234662051207,0.984234662051207,0.94702053153073,0.994825716593953,0.987727263194651,0.987727263194651,1.03712963516467,1.01781702231787,0.745859182212521,0.745859182212521,0.679354378530396,0.701464007572421,1.24692601525149,1.24692601525149,1.32338021038361,1.23328819367784,1.14981113898195,1.14981113898195,1.09410546752215,1.20742946487878,1.10447288731092,1.10447288731092,1.09559858344555,1.07044502978299
244,1.04209083705562,1.04209083705562,1.04162984879631,1.06997522854456,0.987687033177684,0.987687033177684,0.948760823390601,1.00277519133384,0.980392041143151,0.980392041143151,1.02641337544872,1.01019623436302,0.776927915311356,0.776927915311356,0.677302984051373,0.721841358373903,1.25273098252766,1.25273098252766,1.33662775290773,1.25010643353164,1.14629147857667,1.14629147857667,1.08724544278215,1.20253358257791,1.10499136174748,1.10499136174748,1.09956885361397,1.07427875236285
245,1.04050443605665,1.04050443605665,1.03904305315005,1.06862373893605,0.990529631332563,0.990529631332563,0.950790667660007,1.01025828704977,0.973683148892045,0.973683148892045,1.01635797688029,1.00136636038581,0.785116760902418,0.785116760902418,0.677495472326428,0.756053325873931,1.2539383077085,1.2539383077085,1.34547836094013,1.26423678289502,1.14457435362529,1.14457435362529,1.08070528876095,1.19835122206127,1.10456195873435,1.10456195873435,1.10176178059523,1.07725730365964
246,1.03859029910261,1.03859029910261,1.0360973662452,1.06704720350498,0.993284469419291,0.993284469419291,0.951973961915626,1.01740657871004,0.965597852761458,0.965597852761458,1.00481329424973,0.992315496425297,0.785900406285634,0.785900406285634,0.676871755901605,0.797360132642715,1.25655903476377,1.25655903476377,1.35201839083477,1.27750110548941,1.14117547574882,1.14117547574882,1.07207623590199,1.19268092207036,1.10384646808528,1.10384646808528,1.10258018581487,1.07928004954947
247,1.03656666206034,1.03656666206034,1.03288433745587,1.06527781109204,0.99549238513234,0.99549238513234,0.953467129353994,1.02497800602275,0.959796944921878,0.959796944921878,0.994996390391115,0.985279875582623,0.787907476283443,0.787907476283443,0.682437591784179,0.833001304013473,1.25393475466205,1.25393475466205,1.35633466017257,1.28847398540318,1.13705276543179,1.13705276543179,1.06225626570463,1.1865371192801,1.10212518998332,1.10212518998332,1.10194800849025,1.08036930455547
248,1.03419108592576,1.03419108592576,1.02921965032752,1.06266891383812,0.997362156483803,0.997362156483803,0.954354618654475,1.03212024656278,0.955198883150941,0.955198883150941,0.985812651520166,0.97953832540044,0.794884264736006,0.794884264736006,0.686766197375856,0.862894951850371,1.25472708401852,1.25472708401852,1.36241735966066,1.29984908663854,1.13287153310377,1.13287153310377,1.0501923308929,1.18008289589678,1.09994382267662,1.09994382267662,1.10102977807757,1.08043741489728
249,1.03147095902498,1.03147095902498,1.02495103622162,1.05857121368798,0.99641953326146,0.99641953326146,0.9541982305793,1.03757009208137,0.947079851631152,0.947079851631152,0.974104407678945,0.970212009470226,0.794130458977537,0.794130458977537,0.683839423356216,0.872225721078038,1.25360787438943,1.25360787438943,1.36287058844922,1.30758815844677,1.12776085045873,1.12776085045873,1.03595367084693,1.17330755800524,1.09726774236492,1.09726774236492,1.09944790450058,1.07953776041452
250,1.02796374610149,1.02796374610149,1.02042222041821,1.05354329469135,0.992242140442798,0.992242140442798,0.951756090475342,1.03911061874343,0.936059720194758,0.936059720194758,0.95952530300178,0.958642727500999,0.783778240592375,0.783778240592375,0.674215689774091,0.871353740381616,1.24623672424183,1.24623672424183,1.36256023268752,1.31416739588586,1.1216667967249,1.1216667967249,1.02066546353761,1.16506388615059,1.09376951652135,1.09376951652135,1.097164980817,1.07805632401853
251,1.02394194900352,1.02394194900352,1.01492704396029,1.04801691797001,0.987464001790254,0.987464001790254,0.949053650943071,1.03788032268529,0.92567008164934,0.92567008164934,0.945633832426654,0.9454416806314,0.779659661910144,0.779659661910144,0.669895926399996,0.869922617257702,1.2432180559851,1.2432180559851,1.36138033391067,1.31984339947995,1.11613121839813,1.11613121839813,1.0064584557797,1.15623487096711,1.09067496345503,1.09067496345503,1.09495943816109,1.07668266822767
252,1.01919813410649,1.01919813410649,1.00918644433141,1.04209731839583,0.981742696929639,0.981742696929639,0.946162518516669,1.03449604920145,0.914744409302714,0.914744409302714,0.932427841807799,0.932955073281265,0.777352064263105,0.777352064263105,0.671204574602131,0.870159325150347,1.23389486212252,1.23389486212252,1.35578094174311,1.32360837067048,1.10735090370786,1.10735090370786,0.990835008130939,1.14208385066867,1.08644040479242,1.08644040479242,1.09150083628558,1.07466998575023
253,1.01431006851158,1.01431006851158,1.0028595744664,1.03585411883,0.976660079030592,0.976660079030592,0.943650260579862,1.03175784349527,0.906439904919732,0.906439904919732,0.921671884262733,0.921931458521982,0.784154788237982,0.784154788237982,0.678680329482415,0.876613773606839,1.2256681383918,1.2256681383918,1.35128009959549,1.32516144534287,1.09690982924633,1.09690982924633,0.975321582618089,1.12269206930521,1.08171778632565,1.08171778632565,1.08778265956938,1.07207333366121
254,1.00946745386069,1.00946745386069,0.996928237749742,1.02935329811402,0.971607596839402,0.971607596839402,0.941267519659146,1.02875781614716,0.900205748549877,0.900205748549877,0.912150252241622,0.912497864448218,0.792597270639387,0.792597270639387,0.688518316798257,0.882745787528483,1.21489601219036,1.21489601219036,1.34280889122772,1.3254789884915,1.08219118401117,1.08219118401117,0.959909505296828,1.09621883672855,1.07640018161269,1.07640018161269,1.08337802878877,1.06889161811145
255,1.00453944035086,1.00453944035086,0.9909893733941,1.0228880341963,0.966016812172953,0.966016812172953,0.938552575035666,1.02510456298891,0.893459388483529,0.893459388483529,0.902185173927811,0.902741089356225,0.800623419228857,0.800623419228857,0.696804835013752,0.890588495787787,1.20017360895523,1.20017360895523,1.32911769035703,1.32130922997413,1.06439934236118,1.06439934236118,0.94367644675391,1.06598238569916,1.07025975246984,1.07025975246984,1.07785397692355,1.06472463615035
256,0.999462233607747,0.999462233607747,0.985356817524741,1.01622218355795,0.96124905812244,0.96124905812244,0.936733084264806,1.02236532416464,0.887569333083544,0.887569333083544,0.893887866039597,0.894417831549255,0.813054464804671,0.813054464804671,0.708079342601377,0.901092568461702,1.18915703315861,1.18915703315861,1.31905573780981,1.31991268162147,1.03880940679993,1.03880940679993,0.928494152870036,1.03451019336155,1.06408687200046,1.06408687200046,1.07204607237864,1.06004952478698
257,0.994850593316987,0.994850593316987,0.980934440322543,1.0098449834496,0.956536281376803,0.956536281376803,0.935214087858287,1.01965021602721,0.882535008130532,0.882535008130532,0.884453323054456,0.886731808907395,0.822144182876166,0.822144182876166,0.715731261662717,0.908886015889295,1.170428214756,1.170428214756,1.2997289138126,1.31032223703154,1.01065902541643,1.01065902541643,0.911257199402323,1.00146050001014,1.05653555694158,1.05653555694158,1.06519121353141,1.05363315138751
258,0.990601286729049,0.990601286729049,0.977208867878893,1.00387431238723,0.951921309935269,0.951921309935269,0.934092946883377,1.01687326839261,0.879130604917989,0.879130604917989,0.875097098654668,0.881117436440718,0.833871155401421,0.833871155401421,0.727195536843064,0.91996394526511,1.13688745634794,1.13688745634794,1.26799606258344,1.28790561524219,0.98304037473719,0.98304037473719,0.894000311080107,0.969824928413026,1.04899476480238,1.04899476480238,1.05861565985325,1.04808857577853
259,0.987444739048538,0.987444739048538,0.973431542917232,0.998790242359807,0.947660568807489,0.947660568807489,0.932874668146401,1.0142599961813,0.876315207245444,0.876315207245444,0.864317753241284,0.876425626084412,0.844273816961749,0.844273816961749,0.738202057220896,0.929905676756226,1.12647916210211,1.12647916210211,1.25549843254959,1.28240025099665,0.964099229809995,0.964099229809995,0.884859952029351,0.946616756074206,1.04277470091891,1.04277470091891,1.05498513273711,1.04488607709449
260,0.984406302677708,0.984406302677708,0.969807815001005,0.994002939088075,0.943602293482722,0.943602293482722,0.932174383038716,1.0121305184132,0.874815346196966,0.874815346196966,0.853581798478332,0.873550811230593,0.856623869270394,0.856623869270394,0.747709481633289,0.940863332932535,1.11982288489855,1.11982288489855,1.24414925555462,1.28067717847702,0.949481811837082,0.949481811837082,0.880100543560668,0.928634343613849,1.03372872392531,1.03372872392531,1.05180539594898,1.04140078193772
261,0.981155999686665,0.981155999686665,0.966155581687157,0.989171079393674,0.93984517161688,0.93984517161688,0.931721817833069,1.00998037828327,0.873516318380382,0.873516318380382,0.841014819814225,0.873310669779548,0.871748296213179,0.871748296213179,0.759536287734497,0.953310969330389,1.11418562141441,1.11418562141441,1.23221833240722,1.27740359729023,0.937305495044844,0.937305495044844,0.877347251022495,0.913571518520788,1.02306486500193,1.02306486500193,1.04855950021587,1.03804346713412
262,0.977998789604504,0.977998789604504,0.962663974905147,0.984261535824808,0.936235131009881,0.936235131009881,0.931721520092802,1.00782271115011,0.870710395327783,0.870710395327783,0.827876530919447,0.87383419310491,0.882575817192512,0.882575817192512,0.760771477513643,0.962785682546826,1.11182497735866,1.11182497735866,1.2208172015843,1.27540660371107,0.925815481836005,0.925815481836005,0.874231174567283,0.9009764628792,1.01124402803116,1.01124402803116,1.04469492299614,1.03451697032518
263,0.975086617179054,0.975086617179054,0.959884560261371,0.979503163860979,0.933779478058816,0.933779478058816,0.93269527963561,1.00675830433974,0.868224025366103,0.868224025366103,0.817336141818542,0.877223853275269,0.90206748635708,0.90206748635708,0.758473181112908,0.980593153335451,1.09990024289158,1.09990024289158,1.2070371323237,1.27096228263287,0.915640560304048,0.915640560304048,0.872153840988629,0.891232820895716,1.00006671851674,1.00006671851674,1.041208816016,1.03133102522529
264,0.971840747183672,0.971840747183672,0.957232894079168,0.974681297614538,0.931195748349358,0.931195748349358,0.93324051649932,1.00556018253071,0.863815168884399,0.863815168884399,0.808207949134847,0.88004645045531,0.917729737012552,0.917729737012552,0.767501765434706,0.994703502741375,1.06420633833995,1.06420633833995,1.19203478090028,1.26571929242327,0.906705672734637,0.906705672734637,0.869563222950169,0.884056461185403,0.98841451982021,0.98841451982021,1.03654556390501,1.02804765462576
265,0.968891785989632,0.968891785989632,0.954701836171559,0.970102366014614,0.928282222683869,0.928282222683869,0.934432817398013,1.00476778095488,0.857752560557512,0.857752560557512,0.800476412245334,0.881862248991063,0.933138350857682,0.933138350857682,0.776981302853187,1.00836794565764,1.03616072155836,1.03616072155836,1.1719566772068,1.25459565970157,0.898234791380106,0.898234791380106,0.867479345869655,0.879881526998735,0.97649836556399,0.97649836556399,1.03016012550999,1.02478827578475
266,0.966042337905087,0.966042337905087,0.952369928595292,0.965999310259767,0.924465576007687,0.924465576007687,0.936283422026761,1.00457060298779,0.854261880881518,0.854261880881518,0.797469224755909,0.884270246818551,0.955824280804604,0.955824280804604,0.793231258257141,1.02631296292442,1.02657389164981,1.02657389164981,1.14771201323237,1.24677832473348,0.893975194197077,0.893975194197077,0.866054384208933,0.879976138442647,0.965803480999975,0.965803480999975,1.02326954670023,1.02201164904521
267,0.963308861063351,0.963308861063351,0.950143241913933,0.961775339305858,0.919822572927989,0.919822572927989,0.939160486225553,1.00529149803289,0.851081853895886,0.851081853895886,0.796176429561161,0.884528941253976,0.975088600447296,0.975088600447296,0.808047414071646,1.04488941448862,1.01892844631692,1.01892844631692,1.11927412846001,1.23416897497697,0.889695466592578,0.889695466592578,0.863835528380762,0.881538341216682,0.956011191386088,0.956011191386088,1.01570850346022,1.01866687704546
268,0.960770283168781,0.960770283168781,0.948098380924196,0.958073236142605,0.915937713669833,0.915937713669833,0.943833594149189,1.0071435097994,0.853181199988242,0.853181199988242,0.800614893044581,0.886181204209671,1.0006206622212,1.0006206622212,0.829856403652341,1.07087546284368,1.01455109310096,1.01455109310096,1.09112677496237,1.22185343282061,0.888074536298078,0.888074536298078,0.861993152171198,0.885950026803028,0.947989603651799,0.947989603651799,1.00731130503971,1.01561073538071
269,0.958856095260764,0.958856095260764,0.946581949121039,0.955659956491549,0.913057174387268,0.913057174387268,0.949536213480605,1.00969354042471,0.857410900020052,0.857410900020052,0.807874672011326,0.886300003158039,1.02692784377125,1.02692784377125,0.8608170884304,1.09892406862006,1.01089287648475,1.01089287648475,1.06447309401828,1.20874691954857,0.886473592636322,0.886473592636322,0.858562226754427,0.890820808108573,0.940911141080893,0.940911141080893,0.99872692521389,1.0125350502774
270,0.957659594064074,0.957659594064074,0.945810698226957,0.954428333046123,0.913061314653438,0.913061314653438,0.959094867008291,1.0149070232829,0.85972414283544,0.85972414283544,0.81621537054997,0.884956108757237,1.06290945794437,1.06290945794437,0.924858549694446,1.13890339193685,1.00358923421954,1.00358923421954,1.01495289274642,1.18873464467047,0.883088374688711,0.883088374688711,0.852318508584902,0.893623950621824,0.932860157061279,0.932860157061279,0.989059797776277,1.00943180017495
271,0.957416186934503,0.957416186934503,0.945916195873298,0.954253144038532,0.914012286281336,0.914012286281336,0.968641908665569,1.02035458118285,0.865857093037686,0.865857093037686,0.826232148362167,0.885565963308302,1.0846390989649,1.0846390989649,0.964760076789067,1.17311344018369,1.00236698624365,1.00236698624365,0.971918716732246,1.17176501050743,0.881610514175371,0.881610514175371,0.846245225812643,0.896772417479021,0.926160926938016,0.926160926938016,0.979735640656558,1.00762169856425
272,0.957558348519494,0.957558348519494,0.945612876302495,0.954382617162642,0.914744434661191,0.914744434661191,0.977465218169145,1.02397005173664,0.867344751924112,0.867344751924112,0.832571183881474,0.882519832590653,1.07546483528996,1.07546483528996,0.987137688977343,1.19319138748853,0.989030271120716,0.989030271120716,0.922799790420992,1.13953983368262,0.874914273262136,0.874914273262136,0.834897119669431,0.895724413792618,0.918408250719143,0.918408250719143,0.969007843037797,1.0049570090567
273,0.957993546403871,0.957993546403871,0.945801177977654,0.954907190361862,0.922243746285379,0.922243746285379,0.986572423017185,1.02816783192302,0.869814182413767,0.869814182413767,0.839074088346556,0.879429862966365,1.06185157220039,1.06185157220039,1.0195546189741,1.2193207400813,0.994664692167698,0.994664692167698,0.878474288341079,1.10082779560743,0.870029770281192,0.870029770281192,0.822327661295446,0.896094393552089,0.912583577056773,0.912583577056773,0.959367707276187,1.00267297906119
274,0.959717064544491,0.959717064544491,0.946754918766799,0.957161679093967,0.929746858809657,0.929746858809657,0.99510908307883,1.0316447170643,0.870236951440161,0.870236951440161,0.843259747437573,0.873660782549296,1.05185316650865,1.05185316650865,1.04663425040424,1.23712053385719,0.983786685182302,0.983786685182302,0.849508662053235,1.07089406146324,0.864644307383097,0.864644307383097,0.81381973930812,0.894977919103294,0.912154445602861,0.912154445602861,0.952260314895063,1.00280832466548
275,0.961910429271206,0.961910429271206,0.948216719837039,0.960511527019769,0.937194722536198,0.937194722536198,1.00309283946489,1.03462260616761,0.871198338255021,0.871198338255021,0.8469142557297,0.867415159751181,1.04943899877323,1.04943899877323,1.07167200974353,1.24946644983631,0.956026022725321,0.956026022725321,0.826245651985848,1.04447382999592,0.860239196010586,0.860239196010586,0.807330868080562,0.893942243124653,0.915218719816399,0.915218719816399,0.946678905718337,1.00383187579785
276,0.964198670295861,0.964198670295861,0.94994757865065,0.96414682315523,0.945025459073599,0.945025459073599,1.01101727110278,1.03842890839163,0.875073170703385,0.875073170703385,0.851395955995996,0.863229067840066,1.05422044340518,1.05422044340518,1.09823471153043,1.26571740629303,0.943402759327844,0.943402759327844,0.818707561712175,1.03144942889161,0.862953208190901,0.862953208190901,0.80612610286613,0.894560262305368,0.920454381535384,0.920454381535384,0.943136394936988,1.00632103897484
277,0.966885167574384,0.966885167574384,0.952113656768135,0.968286319107054,0.952361331993913,0.952361331993913,1.01734186985169,1.04083179348312,0.879349095396146,0.879349095396146,0.854031245605665,0.859056441804711,1.0580349421019,1.0580349421019,1.12173324483987,1.27546465346154,0.921018566746189,0.921018566746189,0.800383583314987,1.01065003190569,0.867432226967952,0.867432226967952,0.807591390759241,0.894222809871197,0.926265409347061,0.926265409347061,0.940103278693227,1.00831673032848
278,0.96971204304884,0.96971204304884,0.954098019894571,0.972985337719745,0.960488878104421,0.960488878104421,1.02388776405396,1.04374562926478,0.888024976170055,0.888024976170055,0.85830584014331,0.860393004784266,1.06644119067326,1.06644119067326,1.15064185496832,1.28701407936946,0.908752029211442,0.908752029211442,0.802758420134679,0.997708384470417,0.874176205737815,0.874176205737815,0.813585086287954,0.893634198957192,0.932667893135083,0.932667893135083,0.93866091100688,1.00982551295378
279,0.972567248932348,0.972567248932348,0.956506200165833,0.977469966506884,0.971099022832704,0.971099022832704,1.02867900042848,1.04629093706453,0.898685789822726,0.898685789822726,0.863193904621618,0.866103284210518,1.07171072630998,1.07171072630998,1.18202560584915,1.29318767711008,0.893524382772322,0.893524382772322,0.806963945786591,0.982621556653288,0.881274048559374,0.881274048559374,0.823100403212698,0.893177034083787,0.93877383425728,0.93877383425728,0.937718842836859,1.01091885166336
280,0.975343832835339,0.975343832835339,0.958725248507635,0.98197469261478,0.981996271264221,0.981996271264221,1.03297583908985,1.04887712682302,0.909282434458487,0.909282434458487,0.867332634108445,0.874020022190392,1.08169847499289,1.08169847499289,1.2042216124917,1.29878997715305,0.879453608254565,0.879453608254565,0.796962150303313,0.971237474399576,0.886805169435676,0.886805169435676,0.835056294156522,0.892603869936135,0.943847375123244,0.943847375123244,0.936628393795774,1.0117888263719
281,0.978408510502323,0.978408510502323,0.961345973879605,0.98689025433739,0.993437998633644,0.993437998633644,1.03686209392321,1.05131432619396,0.923429334032026,0.923429334032026,0.873259150713551,0.887352585779909,1.09952907171325,1.09952907171325,1.22019541863886,1.30648234391297,0.871778317331567,0.871778317331567,0.787220807562782,0.960690551355889,0.893114906256689,0.893114906256689,0.84947954182471,0.892986325929968,0.948880317886149,0.948880317886149,0.936792910994883,1.01377941309607
282,0.981383407268678,0.981383407268678,0.96436843163203,0.99149762033344,1.00454918344166,1.00454918344166,1.03994765074388,1.05287064480398,0.936838792353074,0.936838792353074,0.878300775011469,0.901935979606646,1.12110525180652,1.12110525180652,1.23112031854671,1.30809387683615,0.85789230122877,0.85789230122877,0.771742668451827,0.947831016088342,0.896080548705378,0.896080548705378,0.862656328475921,0.89241212209612,0.952316288779037,0.952316288779037,0.936944079049883,1.01553132193078
283,0.984158615414395,0.984158615414395,0.967721385945999,0.996335387756744,1.01568758540925,1.01568758540925,1.04351532349168,1.05493127263073,0.955134714134032,0.955134714134032,0.885917680572716,0.921576857126981,1.1523068422822,1.1523068422822,1.24716214175219,1.31371025140246,0.846891358836497,0.846891358836497,0.761090766516182,0.939567196208238,0.898916062358137,0.898916062358137,0.87567957109513,0.893711729842156,0.955767466988122,0.955767466988122,0.93758168404848,1.01788389980777
284,0.987096570550242,0.987096570550242,0.970926388943772,1.00100575112363,1.02668291063774,1.02668291063774,1.04726588319841,1.05693478378587,0.975884849590791,0.975884849590791,0.895345299517894,0.944052750357224,1.16658083991972,1.16658083991972,1.26125935726022,1.32050696667669,0.838124572046659,0.838124572046659,0.751707631747303,0.930527801243906,0.902389279005318,0.902389279005318,0.88802518083574,0.896084145216721,0.95968932521144,0.95968932521144,0.939195463546829,1.02013416632549
285,0.990399508995513,0.990399508995513,0.974371888937009,1.00601125387787,1.03695097435791,1.03695097435791,1.05184832921079,1.05929427791753,1.0001161901036,1.0001161901036,0.907390051701285,0.969912618165839,1.18510556314906,1.18510556314906,1.28227050674679,1.33180497041756,0.827623898593354,0.827623898593354,0.739635886382037,0.922140813112213,0.906024114179156,0.906024114179156,0.897376758039538,0.898331946774265,0.963325299468231,0.963325299468231,0.940407668517705,1.02260560914589
286,0.993518095966053,0.993518095966053,0.978038291924238,1.01084968385021,1.04300112494953,1.04300112494953,1.05673521464604,1.06221231996571,1.02733375855768,1.02733375855768,0.922396446577904,0.998393095018102,1.20331270751503,1.20331270751503,1.30439781616044,1.34175054041505,0.817150228293005,0.817150228293005,0.729459772133929,0.913511978986513,0.910078381063192,0.910078381063192,0.905760505665998,0.90151086158437,0.967249601724509,0.967249601724509,0.941624861080885,1.02505079958615
287,0.997249251601383,0.997249251601383,0.982094139528286,1.01646832052481,1.04854263366124,1.04854263366124,1.06143534249889,1.06479511519333,1.05545084168727,1.05545084168727,0.937756121360158,1.02681237694608,1.21730322871746,1.21730322871746,1.31925546238052,1.34852806315745,0.809239725695577,0.809239725695577,0.719245376117858,0.905953169046499,0.915774571395548,0.915774571395548,0.914580993997954,0.907842847576259,0.97153480618123,0.97153480618123,0.94371429552182,1.02782064446082
288,1.00108501574352,1.00108501574352,0.98639507820159,1.02171068455941,1.05443477540627,1.05443477540627,1.06656994783618,1.06790310338196,1.08356074707448,1.08356074707448,0.957368541487286,1.05671499989939,1.23725954346736,1.23725954346736,1.34040468649548,1.35742827992092,0.800745102263161,0.800745102263161,0.709890952674951,0.899418836699136,0.922669815903885,0.922669815903885,0.923928614665744,0.915298140240522,0.97619245410515,0.97619245410515,0.945919691483839,1.03077826677677
289,1.00514079914157,1.00514079914157,0.991079040858462,1.02745288662921,1.06022388560956,1.06022388560956,1.07130022189106,1.07079716233159,1.10730787708609,1.10730787708609,0.976661070968154,1.08523871717493,1.25221274780148,1.25221274780148,1.35495965680603,1.36228910848395,0.792476452584426,0.792476452584426,0.698743438564786,0.893393214890891,0.929664274632323,0.929664274632323,0.933314278948996,0.923649048300053,0.980469919124164,0.980469919124164,0.948000030903513,1.03348722071417
290,1.00917681239804,1.00917681239804,0.99647353514497,1.03310619670336,1.06580442142041,1.06580442142041,1.07602640201726,1.07324425011854,1.12306617982475,1.12306617982475,0.99730055702303,1.11288490821346,1.26104882906263,1.26104882906263,1.36398484027491,1.36102176163171,0.786824976914525,0.786824976914525,0.685218353222933,0.889265795460012,0.937725358121216,0.937725358121216,0.942955596328148,0.932593320124775,0.985055128626738,0.985055128626738,0.950034601829097,1.03632889501783
291,1.0132139975959,1.0132139975959,1.00154522655978,1.03879125391882,1.07141936895172,1.07141936895172,1.08041821982377,1.07531063388894,1.1350606180123,1.1350606180123,1.01697667831781,1.13883020952273,1.27238433412991,1.27238433412991,1.37412618367087,1.36191421436209,0.788792654033846,0.788792654033846,0.681358047085686,0.890377517230872,0.947650087272047,0.947650087272047,0.955706446660653,0.943108854846105,0.989915970735369,0.989915970735369,0.952908628547727,1.03938620345504
292,1.01726850714462,1.01726850714462,1.00677898361387,1.04402522566562,1.07593063011936,1.07593063011936,1.08401224258519,1.07586637762777,1.14392268942364,1.14392268942364,1.03479054059783,1.15933963602956,1.277607689395,1.277607689395,1.37830175088132,1.3578639503936,0.791522104310231,0.791522104310231,0.679854804090147,0.891420598361523,0.957028706846145,0.957028706846145,0.967902164556345,0.954434008061565,0.994273477833826,0.994273477833826,0.95542538229406,1.04125602923055
293,1.02074387383492,1.02074387383492,1.01176975290961,1.04897816619635,1.08007143927466,1.08007143927466,1.08758996406701,1.0762265668708,1.1526351766837,1.1526351766837,1.05197954673814,1.17557155229094,1.28274010485135,1.28274010485135,1.3808904801211,1.35149139007295,0.799723956715864,0.799723956715864,0.681556291955493,0.893904491435251,0.967549008895035,0.967549008895035,0.980887667909016,0.96554142128209,0.997940274061836,0.997940274061836,0.957499780611136,1.04062181548032
294,1.0235957167562,1.0235957167562,1.01587109844928,1.05324520283759,1.08344419511889,1.08344419511889,1.09049025200661,1.07580320983592,1.15938569984063,1.15938569984063,1.06472855071948,1.18579110464654,1.28995347890011,1.28995347890011,1.3836404097891,1.34558520827591,0.803861123992385,0.803861123992385,0.67939884088959,0.889901523258583,0.975336031074488,0.975336031074488,0.992065338654961,0.974395834514085,0.999854902326862,0.999854902326862,0.958018123476095,1.03603151388946
295,1.02589863252511,1.02589863252511,1.01961654164583,1.05573544860166,1.08595563985342,1.08595563985342,1.09266859423412,1.07478034913163,1.16440480797979,1.16440480797979,1.07473440393529,1.19332062388791,1.29014033178841,1.29014033178841,1.377154983278,1.33377540368607,0.802689329275967,0.802689329275967,0.676725953162189,0.882809084771203,0.978997898528586,0.978997898528586,0.99905060297706,0.978677856379026,0.998075714221708,0.998075714221708,0.95691872610764,1.02900229326026
296,1.02790239751786,1.02790239751786,1.02306746596716,1.05756297969251,1.08812167779226,1.08812167779226,1.09463851827482,1.07296995726537,1.16945951772117,1.16945951772117,1.08368334091774,1.20018747242106,1.29276763970058,1.29276763970058,1.37544299392001,1.32524880154234,0.799353018667368,0.799353018667368,0.674826220427035,0.870863688870924,0.983146203238631,0.983146203238631,1.00659373887628,0.983373524823705,0.99527247630627,0.99527247630627,0.955137275491519,1.0219158278577
297,1.0300290125398,1.0300290125398,1.02636905521512,1.0590696714127,1.08927925548934,1.08927925548934,1.09582136592004,1.07000889322812,1.17343799676956,1.17343799676956,1.09049890425401,1.20682734613725,1.28902205632768,1.28902205632768,1.36689256951822,1.31035987509493,0.793673829235223,0.793673829235223,0.674712742329145,0.848234088646539,0.988292545487409,0.988292545487409,1.0150873564642,0.989306122789412,0.992116550856727,0.992116550856727,0.953397559287477,1.01437556089509
298,1.03191232234011,1.03191232234011,1.02922153223727,1.06072455326726,1.0898628293996,1.0898628293996,1.09611136493997,1.06574159895303,1.17557064758657,1.17557064758657,1.09636879759898,1.21145347294401,1.28468181186162,1.28468181186162,1.35558813442493,1.29367324816554,0.782178302778289,0.782178302778289,0.670448426819291,0.811760248643199,0.992047588035168,0.992047588035168,1.02282908003613,0.991162259703951,0.988017296574388,0.988017296574388,0.951203678795926,1.00601818860061
299,1.03366437470567,1.03366437470567,1.03216539258266,1.06219204416949,1.09010561189286,1.09010561189286,1.09515078040397,1.061173445931,1.17893126657058,1.17893126657058,1.10248057073996,1.21662676316914,1.28189962208767,1.28189962208767,1.34520124944842,1.27804796824668,0.769494637591306,0.769494637591306,0.670073128772655,0.767193228108313,0.9972911314619,0.9972911314619,1.03134476292101,0.99276590139926,0.984111460344919,0.984111460344919,0.948597368428945,0.997856907001124
300,1.03521403789002,1.03521403789002,1.03479425444677,1.0634488996907,1.08953934565265,1.08953934565265,1.09272784454723,1.05562855354804,1.18077853035042,1.18077853035042,1.10704628269114,1.22090771469394,1.27420099890315,1.27420099890315,1.33258544547067,1.26039659671699,0.759184407427267,0.759184407427267,0.669187179285517,0.731660470527276,1.00428443988054,1.00428443988054,1.04119151582365,0.995245701505297,0.980308748728406,0.980308748728406,0.946487030108497,0.989970400313776
301,1.03670138436525,1.03670138436525,1.03717326511697,1.06471889576779,1.08773235702589,1.08773235702589,1.08778304863007,1.04901371979349,1.18200247898167,1.18200247898167,1.11097621390621,1.22386123011054,1.26261469889455,1.26261469889455,1.31332165421242,1.2390794516066,0.729536366700543,0.729536366700543,0.670595401464148,0.712509731908994,1.01136474047768,1.01136474047768,1.05091150739958,0.997327153271349,0.975781041890199,0.975781041890199,0.943736739687191,0.98171592276479
302,1.0377598002948,1.0377598002948,1.03899639285841,1.06597094780849,1.08470297178087,1.08470297178087,1.08256745794019,1.04243224099445,1.18293860014334,1.18293860014334,1.1151724898585,1.22725059103921,1.25666169375769,1.25666169375769,1.29887483102461,1.21908147318441,0.719871369770286,0.719871369770286,0.681226111706814,0.717820721257493,1.01996833882518,1.01996833882518,1.06175287258485,0.999741453146986,0.971850290102497,0.971850290102497,0.941013074207159,0.97398634697206
303,1.03748607555123,1.03748607555123,1.03989478336091,1.06609815722339,1.07889404259853,1.07889404259853,1.07562504813752,1.03510116122621,1.18285792231895,1.18285792231895,1.11682933568771,1.22894549593481,1.24548604382298,1.24548604382298,1.2793620973329,1.19863055101089,0.717929274585345,0.717929274585345,0.686893180571305,0.719355192391883,1.0232004217809,1.0232004217809,1.06740919733165,1.00118424053499,0.967382801520835,0.967382801520835,0.9384545127018,0.965873851045669
304,1.037607804593,1.037607804593,1.0405118837067,1.0663171848922,1.07204142697539,1.07204142697539,1.06788022831562,1.02788409341873,1.18220001045207,1.18220001045207,1.11556454438793,1.23063471523842,1.23210368259157,1.23210368259157,1.25561666210175,1.17218452164282,0.717187398488353,0.717187398488353,0.689610502493664,0.717306237206582,1.02110887099018,1.02110887099018,1.07032638176523,1.00217699232636,0.963207239098297,0.963207239098297,0.936045505618637,0.958053923311288
305,1.03744490474095,1.03744490474095,1.04090868991164,1.06637090657653,1.06466476225232,1.06466476225232,1.059760851238,1.02110676494729,1.18157411131622,1.18157411131622,1.11218130459477,1.23110437506075,1.21960301122468,1.21960301122468,1.23441506485188,1.14842608648287,0.719662450639524,0.719662450639524,0.701215347010384,0.71908512034022,1.01229404700596,1.01229404700596,1.0736879156274,1.00328722865797,0.958758963331293,0.958758963331293,0.934021570000173,0.950263967044235
306,1.03720618537691,1.03720618537691,1.04107186255666,1.06621034886015,1.05669631095987,1.05669631095987,1.05088618153839,1.01497690634234,1.18066985933073,1.18066985933073,1.10703074206811,1.2319290851406,1.2064359215718,1.2064359215718,1.21164499423708,1.12492675050271,0.723224735001805,0.723224735001805,0.712716283871204,0.720286652294531,1.00093862004352,1.00093862004352,1.07636040352633,1.00486324440577,0.954689309003693,0.954689309003693,0.932281780449186,0.942904476888209
307,1.03701587228732,1.03701587228732,1.04142876120494,1.0662408261158,1.04819770197807,1.04819770197807,1.04190760048564,1.00906688050834,1.17824148552751,1.17824148552751,1.09936367568402,1.23118412296941,1.18687888941969,1.18687888941969,1.18241466342275,1.09768231181026,0.727366876543343,0.727366876543343,0.719651436299463,0.726223105420635,0.989431208398981,0.989431208398981,1.07871682506801,1.0071484746664,0.950477561315384,0.950477561315384,0.931013538411828,0.935651600564866
308,1.03667687550419,1.03667687550419,1.04155269049673,1.06613034606406,1.03930400300654,1.03930400300654,1.03354526735025,1.00328783928945,1.1736139950128,1.1736139950128,1.09239024423661,1.22816402627823,1.16165943323836,1.16165943323836,1.14601125363769,1.07297576557761,0.732329771812876,0.732329771812876,0.727943540681402,0.733563163413815,0.980441824902876,0.980441824902876,1.08074668021457,1.01272386616019,0.946650137810051,0.946650137810051,0.930952073671367,0.928816282932314
309,1.03377204045086,1.03377204045086,1.03886028650356,1.06369967450081,1.03079127639583,1.03079127639583,1.026539736611,0.99833654704394,1.15847010702218,1.15847010702218,1.09251780043947,1.21559018997734,1.11698241032075,1.11698241032075,1.08676499498541,1.03971446815453,0.744427894946294,0.744427894946294,0.741084441137629,0.750419251844927,0.977439803906816,0.977439803906816,1.0843325192335,1.02519505061776,0.943144308308387,0.943144308308387,0.931791822852196,0.922247499881468
310,1.02994636519541,1.02994636519541,1.0354492697389,1.06008210155206,1.0215789805489,1.0215789805489,1.02000247687647,0.993276260839825,1.14424669271483,1.14424669271483,1.09208235525962,1.20403706705903,1.09381478357436,1.09381478357436,1.04739672162805,1.02354028182516,0.753928030521664,0.753928030521664,0.756003392995127,0.770458469778063,0.975672209113035,0.975672209113035,1.08409482272409,1.03559414048504,0.940042423143184,0.940042423143184,0.932682988241931,0.916680026363151
311,1.02532463601797,1.02532463601797,1.03092820297562,1.05513617299864,1.01311138962676,1.01311138962676,1.01442170774927,0.988676892892618,1.12960108360048,1.12960108360048,1.09111237419467,1.19455305076159,1.0648888197192,1.0648888197192,1.00390049300105,1.00697264859315,0.768472781434721,0.768472781434721,0.773381264841235,0.792574227452847,0.97322866352404,0.97322866352404,1.08130120395353,1.04293818672624,0.935304190021386,0.935304190021386,0.932507028919299,0.910225587012472
312,1.02050500160895,1.02050500160895,1.02666645230526,1.04979199726218,1.00626583281807,1.00626583281807,1.01068811923775,0.984756578707829,1.11682857813855,1.11682857813855,1.09234469944041,1.18903293942523,1.04048924275114,1.04048924275114,0.962214198296036,0.995927346521459,0.792622838097818,0.792622838097818,0.796484995409777,0.81885589463713,0.973809426183446,0.973809426183446,1.08050822283286,1.04732239489167,0.930453735052835,0.930453735052835,0.931395309263974,0.903961258647978
313,1.01531747951404,1.01531747951404,1.02188391078787,1.04406773922876,1.00074998018196,1.00074998018196,1.00684124055469,0.980537545806427,1.10115985362484,1.10115985362484,1.09020178600584,1.18397231369395,1.00319042228565,1.00319042228565,0.919374334281861,0.979460154206058,0.827022012526159,0.827022012526159,0.815057121695724,0.846759277134014,0.972828787080413,0.972828787080413,1.07745286398792,1.05048630851522,0.924606657754997,0.924606657754997,0.929080112924306,0.897845110384723
314,1.01019538232062,1.01019538232062,1.017191258136,1.03833514411998,0.996394759537658,0.996394759537658,1.00260447099215,0.976278590270221,1.08330981320075,1.08330981320075,1.08753279940169,1.17816238678708,0.96331047427962,0.96331047427962,0.884767935177688,0.963054377992532,0.858686051803808,0.858686051803808,0.831937330558315,0.868229042989261,0.968497439323716,0.968497439323716,1.07061931760428,1.0506590449505,0.918905136197894,0.918905136197894,0.925296070650908,0.892793787829281
315,1.00521335759928,1.00521335759928,1.01250962019116,1.03194756407673,0.99270551088771,0.99270551088771,0.999259805704238,0.972745769163724,1.06685211124424,1.06685211124424,1.08780760685442,1.17433792845053,0.942800705537402,0.942800705537402,0.869857915822697,0.95023568597918,0.879197078301487,0.879197078301487,0.846913021464758,0.885112074475408,0.961764532285661,0.961764532285661,1.06153663267456,1.05101580584261,0.914464328309379,0.914464328309379,0.920620789640829,0.889997690574473
316,1.00083727752623,1.00083727752623,1.00853535890963,1.02473190816337,0.989137212308486,0.989137212308486,0.995225722828378,0.969112883190695,1.04868323550347,1.04868323550347,1.08736954592614,1.16909880505502,0.923893040457153,0.923893040457153,0.852828484930361,0.936545013269406,0.894234992060629,0.894234992060629,0.858673043862327,0.893805058732145,0.951547480657343,0.951547480657343,1.04760110415659,1.04786867572481,0.910441925285674,0.910441925285674,0.915601364761728,0.887684126651305
317,0.998062935598059,0.998062935598059,1.00579928354029,1.01800455088952,0.985631492834317,0.985631492834317,0.991638920268427,0.965673190300692,1.02901693914663,1.02901693914663,1.08678023319156,1.16217809301882,0.900868217629185,0.900868217629185,0.831766322650052,0.919992734062864,0.86715722512971,0.86715722512971,0.836760149718627,0.872190955082066,0.934627142468275,0.934627142468275,1.02681194222602,1.0376736614053,0.906183673081319,0.906183673081319,0.909345163684956,0.88502920886303
318,0.997865183228399,0.997865183228399,1.00592653384929,1.01399176744082,0.981021001025033,0.981021001025033,0.98680979644495,0.960545013479165,1.00933298554354,1.00933298554354,1.08479211051704,1.1524792211926,0.875889609847597,0.875889609847597,0.811810797908659,0.897975061540453,0.864209617801814,0.864209617801814,0.835219308558125,0.871389078444111,0.936410697810508,0.936410697810508,1.0211855958482,1.04245384148512,0.910085843261348,0.910085843261348,0.910847529172851,0.891214561317268
319,0.99742911912648,0.99742911912648,1.00580515067068,1.01015881084297,0.975730419592485,0.975730419592485,0.98129326478033,0.954937248480944,0.994192112204715,0.994192112204715,1.08313018705852,1.14172223077335,0.854329770501216,0.854329770501216,0.796217207117522,0.880514335827002,0.876300634842349,0.876300634842349,0.849187368643547,0.88172687206062,0.947529017165778,0.947529017165778,1.01987841722094,1.04999617073672,0.916609238791091,0.916609238791091,0.914891513021658,0.899714936160237
320,0.997178221762861,0.997178221762861,1.00593566664658,1.00604857747356,0.970779611478705,0.970779611478705,0.975802413213727,0.948971286681725,0.983158917277183,0.983158917277183,1.08250209970016,1.1309662877,0.831873321477937,0.831873321477937,0.777673036336332,0.861296213948422,0.894072973142895,0.894072973142895,0.862992731215128,0.894991836156317,0.960858088164617,0.960858088164617,1.01905195771866,1.05514573646961,0.923089931633837,0.923089931633837,0.91921340844756,0.908088862038862
321,0.996948317436165,0.996948317436165,1.00593810205919,1.00181858836591,0.968209795778505,0.968209795778505,0.970297344549382,0.943904875563213,0.977126024803764,0.977126024803764,1.08370072795142,1.12108891820954,0.814114481950416,0.814114481950416,0.765066754746742,0.846155865333958,0.925371048637066,0.925371048637066,0.881585365591055,0.905722870076079,0.971126184790234,0.971126184790234,1.01590985943047,1.05654352029795,0.929168581054646,0.929168581054646,0.92364664453697,0.916152499368881
322,0.999129555117279,0.999129555117279,1.00886004369107,0.998263460663801,0.968542170916741,0.968542170916741,0.965808240110673,0.941192202632713,0.98783894886614,0.98783894886614,1.09850355605315,1.12393350965332,0.824775753591878,0.824775753591878,0.779763880709182,0.851587991594645,0.957769147309536,0.957769147309536,0.913266946595259,0.918103845366095,0.982492827273209,0.982492827273209,1.01605351212245,1.05956529396574,0.93682770512299,0.93682770512299,0.929551660437935,0.926067731654872
323,1.00240156450087,1.00240156450087,1.01267351238991,0.995436805626727,0.97008119608715,0.97008119608715,0.961423493635503,0.940950600587705,0.994152203957062,0.994152203957062,1.10638080551698,1.12063437009224,0.809796972436545,0.809796972436545,0.76433149034627,0.835354308416583,0.983560000819332,0.983560000819332,0.955754923812958,0.929788791734367,0.991376957422771,0.991376957422771,1.01572633702949,1.06255023303683,0.944721795804527,0.944721795804527,0.936218017634822,0.935003239698671
324,1.00590062478866,1.00590062478866,1.01640699992455,0.994837364386444,0.972558636340517,0.972558636340517,0.95723570234687,0.943323156283803,0.997951239445856,0.997951239445856,1.10752327211076,1.11224931887761,0.787766803766783,0.787766803766783,0.744378006116627,0.816885335030673,1.00000847401576,1.00000847401576,0.995142761428671,0.940208697518602,0.994739744329316,0.994739744329316,1.01369313404477,1.06376191303594,0.953182223234764,0.953182223234764,0.94376446483265,0.945344854392112
325,1.00974540778404,1.00974540778404,1.02071419318025,0.994984726334525,0.975635804329528,0.975635804329528,0.95334178070164,0.947995137673981,1.00066801493805,1.00066801493805,1.10235993857706,1.10267627817932,0.771607936499463,0.771607936499463,0.729875408940991,0.803704543916679,1.01077065168717,1.01077065168717,1.03100799278881,0.950840940236567,0.99865511130521,0.99865511130521,1.01185121435859,1.06577058676821,0.962977296330633,0.962977296330633,0.952662549545047,0.956823488838754
326,1.01329261957642,1.01329261957642,1.02443666600785,0.995460160480244,0.979576794737228,0.979576794737228,0.949912854918199,0.954947727250153,1.00219170609124,1.00219170609124,1.09391630264431,1.0911277935071,0.757684199219084,0.757684199219084,0.718548528218457,0.789320381056559,1.02623279919143,1.02623279919143,1.06692996319789,0.960546213561057,1.00337612650607,1.00337612650607,1.01164836580095,1.06857061022287,0.97415671042899,0.97415671042899,0.962672280565824,0.969483042852054
327,1.01714122411978,1.01714122411978,1.02832109377416,0.997556410417595,0.983882060694635,0.983882060694635,0.947101963493719,0.962775072672847,1.0017501313798,1.0017501313798,1.08434204791949,1.0789332460401,0.740127842859484,0.740127842859484,0.706261926802985,0.773739243960926,1.03740570903147,1.03740570903147,1.09568982498293,0.96981462449319,1.01034757903855,1.01034757903855,1.01436239732796,1.07313245620136,0.985757923882378,0.985757923882378,0.973174536326688,0.982655247510877
328,1.02051167657943,1.02051167657943,1.03181364151104,1.0008265316094,0.988773004631996,0.988773004631996,0.944214701690787,0.970988878055744,0.999403870949449,0.999403870949449,1.07425926092632,1.06646369546593,0.723173962732855,0.723173962732855,0.698203265732873,0.756171679820254,1.04610285611105,1.04610285611105,1.11582945294636,0.975480364066321,1.02022802126214,1.02022802126214,1.01870849995827,1.07995532260475,0.997835655873182,0.997835655873182,0.98404536048948,0.996864202415418
329,1.02370536970634,1.02370536970634,1.03489465986674,1.00479205322687,0.994588992628784,0.994588992628784,0.943162338717525,0.980391654773141,0.993270346527812,0.993270346527812,1.06570114753285,1.05589702275742,0.708386297269348,0.708386297269348,0.692029357348892,0.737171713053544,1.06796617208438,1.06796617208438,1.14888439237623,0.991895741097213,1.0356341203905,1.0356341203905,1.02948640839295,1.09171877781547,1.01105441180733,1.01105441180733,0.996099857661287,1.01209277059531
330,1.02609332765638,1.02609332765638,1.03694195626909,1.00904512112594,1.00068441465541,1.00068441465541,0.943079492488267,0.989539767881093,0.984984504275028,0.984984504275028,1.05632261233763,1.04484123951716,0.690971323893664,0.690971323893664,0.680302536323419,0.709036101132836,1.11082443948072,1.11082443948072,1.1952032808022,1.02468992958431,1.05396258156139,1.05396258156139,1.0426514776106,1.10675575928021,1.02382244732976,1.02382244732976,1.00705070334179,1.02666335203629
331,1.02568105905991,1.02568105905991,1.03614347303397,1.01201306474493,1.00625721291965,1.00625721291965,0.943330487533241,0.997956507174732,0.97526885573943,0.97526885573943,1.04584592440438,1.03254120935671,0.672670397849921,0.672670397849921,0.66935995198041,0.683352015278663,1.12319259414369,1.12319259414369,1.21512689021784,1.03469414251943,1.05672145582384,1.05672145582384,1.04001185939543,1.10651767114114,1.0297854804136,1.0297854804136,1.01138602125875,1.03464137743774
332,1.02483017866286,1.02483017866286,1.03508733421454,1.01461456353462,1.01179179856334,1.01179179856334,0.944664140623631,1.00638571767961,0.967127286108557,0.967127286108557,1.03560865438627,1.02106214875507,0.662644994402455,0.662644994402455,0.665393877309595,0.666387736388706,1.13438469043452,1.13438469043452,1.23228600910416,1.04888094399812,1.05819874118228,1.05819874118228,1.03467677493758,1.10572394499316,1.03559895225823,1.03559895225823,1.01593653911426,1.04202405719622
333,1.02393221679465,1.02393221679465,1.03389968311404,1.01652237348366,1.01578376175617,1.01578376175617,0.946155521620397,1.01396127746469,0.957889675215707,0.957889675215707,1.02476699261323,1.00837325402686,0.64979193127666,0.64979193127666,0.659794713068443,0.646465888342801,1.14658443069617,1.14658443069617,1.24947589012545,1.06434497458574,1.05868460328333,1.05868460328333,1.02783972854132,1.10459053851202,1.04102504487869,1.04102504487869,1.02053326554554,1.04924134695982
334,1.02285724082384,1.02285724082384,1.03265081459652,1.01643519307301,1.01761586347281,1.01761586347281,0.947327055135475,1.02027599041379,0.948634837741136,0.948634837741136,1.01376823206681,0.995688997544745,0.639864572310504,0.639864572310504,0.658152101109942,0.634691270061334,1.15211083913133,1.15211083913133,1.26130153841095,1.07740594126474,1.05609669381465,1.05609669381465,1.01940393724891,1.10119121022818,1.04631121661219,1.04631121661219,1.02598287026092,1.05605354791319
335,1.02163816701706,1.02163816701706,1.03134687254378,1.01452368389186,1.01576801517009,1.01576801517009,0.948986808253158,1.02607930990781,0.939054992091436,0.939054992091436,1.00284071219824,0.982113150466505,0.638680223394982,0.638680223394982,0.661210828222728,0.631566725878411,1.16196698996014,1.16196698996014,1.27413550112048,1.09365581095756,1.05162774024833,1.05162774024833,1.01035488287526,1.09671951989562,1.05182013479407,1.05182013479407,1.03214548063504,1.06231043810331
336,1.02019301043157,1.02019301043157,1.02955252695139,1.01227698011092,1.01207068960745,1.01207068960745,0.949763612609429,1.03083290762718,0.928974714242751,0.928974714242751,0.991167242424382,0.967647358621402,0.638140978747783,0.638140978747783,0.663675086245772,0.626835127029744,1.16767176132666,1.16767176132666,1.28430819735359,1.10525158864369,1.04711478733223,1.04711478733223,1.00154687284917,1.09166679350563,1.05660256417857,1.05660256417857,1.03796255354816,1.06738181456025
337,1.01876028661552,1.01876028661552,1.0282314263098,1.00961331213669,1.00828818315886,1.00828818315886,0.95078560607547,1.03350211580371,0.919316774755917,0.919316774755917,0.980793338017683,0.954181333241023,0.645169631310024,0.645169631310024,0.67037272597884,0.624584482796427,1.16821821986937,1.16821821986937,1.29124334978185,1.11585496380269,1.04143815226645,1.04143815226645,0.991532728038501,1.08415892242513,1.06093916121725,1.06093916121725,1.04336418936108,1.07142723341664
338,1.01707457632295,1.01707457632295,1.02643248664362,1.0065510104925,1.00450805227283,1.00450805227283,0.951306353802231,1.03365036824978,0.91121238583059,0.91121238583059,0.970368965053036,0.941021581723753,0.660922111306991,0.660922111306991,0.689726299754074,0.625539631130805,1.17475014044748,1.17475014044748,1.30134836931802,1.12877351719079,1.03702887102092,1.03702887102092,0.982590804485992,1.07344183710821,1.06517412721868,1.06517412721868,1.0485691820127,1.07512816270696
339,1.01525776145755,1.01525776145755,1.0243021648113,1.00289396066369,1.00022979985535,1.00022979985535,0.950264783913643,1.03150022811985,0.902607564706279,0.902607564706279,0.960129694756716,0.927145744857759,0.668459458424428,0.668459458424428,0.717173223299166,0.625415519424931,1.18017279992655,1.18017279992655,1.30784533222371,1.14096011758377,1.03200920663867,1.03200920663867,0.97449131875426,1.0583953499411,1.06930875208914,1.06930875208914,1.05335242972678,1.07841240838582
340,1.01322418839053,1.01322418839053,1.02221202728709,0.99849474548977,0.995724850896779,0.995724850896779,0.948939765290992,1.02865406157316,0.894483221657126,0.894483221657126,0.950223547716362,0.913776374541165,0.672177333574353,0.672177333574353,0.741096183052541,0.627341809870218,1.17800970525295,1.17800970525295,1.31085318542079,1.14645650081096,1.02140478818578,1.02140478818578,0.964993958416014,1.04082391058169,1.07191639947797,1.07191639947797,1.05698317688375,1.0808739336404
341,1.0111136748241,1.0111136748241,1.01995628170525,0.993829516877913,0.991747005332848,0.991747005332848,0.947399703760592,1.02566724337778,0.887601920033965,0.887601920033965,0.941734213119859,0.901502228786347,0.678080606003308,0.678080606003308,0.751008308961955,0.630172068564986,1.18664360810587,1.18664360810587,1.31785943256097,1.15954633504893,1.01395912043897,1.01395912043897,0.959018067299337,1.0274443374413,1.07502242592124,1.07502242592124,1.06071396927461,1.08353716468238
342,1.00877743515677,1.00877743515677,1.01745029747749,0.989229991045455,0.986562034624231,0.986562034624231,0.944580103433306,1.02165158715202,0.878372061102889,0.878372061102889,0.93079361450913,0.886816943166363,0.678290193843787,0.678290193843787,0.753535822849239,0.630113211467355,1.18374503281887,1.18374503281887,1.31871120189815,1.165418638044,1.00515723743999,1.00515723743999,0.950558688965339,1.01212589807042,1.07704513475495,1.07704513475495,1.06338203776983,1.08533778626691
343,1.00581160819763,1.00581160819763,1.01298862157177,0.983894649296146,0.980160572267137,0.980160572267137,0.940995087314957,1.01673911062907,0.86783140285772,0.86783140285772,0.918037224885165,0.870216660392531,0.678417367482587,0.678417367482587,0.753213421992788,0.634574195617133,1.18192303060365,1.18192303060365,1.31979881427009,1.16420042705562,0.99666248715714,0.99666248715714,0.943110509930306,0.998548338972825,1.07883912283747,1.07883912283747,1.0654768265378,1.08690388658886
344,1.00227866351771,1.00227866351771,1.00636817378641,0.978631304542079,0.972488251815634,0.972488251815634,0.936230945304725,1.01000266411638,0.855288010932678,0.855288010932678,0.903751084032184,0.852608382007677,0.68186597554254,0.68186597554254,0.749320125574378,0.642798195508916,1.18235721287881,1.18235721287881,1.32107441746685,1.16088963879283,0.988271408544866,0.988271408544866,0.935574069707403,0.985661874142926,1.08026609863715,1.08026609863715,1.0674071714536,1.08821315112509
345,0.998137277444834,0.998137277444834,0.998875018031548,0.97314849041985,0.964755252709121,0.964755252709121,0.929975347862659,1.00360146442423,0.841653602165328,0.841653602165328,0.887181548667176,0.834431694044929,0.682734166529203,0.682734166529203,0.744103217201002,0.651099605279104,1.17681943469503,1.17681943469503,1.31709379720172,1.15893562580147,0.978439854487696,0.978439854487696,0.927266257137404,0.972536132961157,1.07983622039539,1.07983622039539,1.06730617270943,1.08810143266294
346,0.991757126655193,0.991757126655193,0.990392420552656,0.967148777624735,0.95324884216495,0.95324884216495,0.919659243096049,0.992325792196059,0.820074868127805,0.820074868127805,0.861507823957009,0.810334509373238,0.6802006402948,0.6802006402948,0.728629336432513,0.653757770938408,1.17696368838056,1.17696368838056,1.3146430804491,1.16355379373477,0.971234457699997,0.971234457699997,0.921244561507711,0.961502091880809,1.07928753499584,1.07928753499584,1.06687357242395,1.08799445421386
347,0.984625608577996,0.984625608577996,0.981493312166777,0.960769092957498,0.942331163895449,0.942331163895449,0.910223630733648,0.98269705779332,0.804849584538553,0.804849584538553,0.840631997338084,0.792280959363268,0.704365763068426,0.704365763068426,0.737810959135538,0.680060496068766,1.1710116249817,1.1710116249817,1.30752540602002,1.16384311082575,0.962639342887253,0.962639342887253,0.913506946646248,0.949760915660017,1.07752280741904,1.07752280741904,1.06478003055406,1.08700437486617
348,0.976826389637098,0.976826389637098,0.972145977159663,0.954346342602923,0.932556877820907,0.932556877820907,0.901000604921795,0.973835782543932,0.794775192438623,0.794775192438623,0.823270813404048,0.779400849199271,0.718177246522379,0.718177246522379,0.747610176728137,0.696320409040337,1.16208210866484,1.16208210866484,1.30009874303524,1.16280452020427,0.954365595874403,0.954365595874403,0.906764857114179,0.938810792108413,1.07444834973483,1.07444834973483,1.06054116387064,1.08465660992554
349,0.969129842952026,0.969129842952026,0.963070135308533,0.947963731677444,0.923382387355226,0.923382387355226,0.892053882077599,0.966334090702367,0.787771151420703,0.787771151420703,0.808028539566044,0.76885422568356,0.731580211304211,0.731580211304211,0.754067716245325,0.709888889297421,1.14737604944334,1.14737604944334,1.29349240364966,1.16545327911476,0.947319085627592,0.947319085627592,0.900310072966073,0.929018730453477,1.06989789981213,1.06989789981213,1.05493166281372,1.08103436485237
350,0.96133179595251,0.96133179595251,0.954067909338638,0.941668522012292,0.915226945352985,0.915226945352985,0.884301767619165,0.95949167579119,0.782584514774311,0.782584514774311,0.794539278778953,0.762240236373001,0.743717123436098,0.743717123436098,0.760872142759961,0.721982103607368,1.10843679227201,1.10843679227201,1.28033646392745,1.16306240373103,0.938799316106635,0.938799316106635,0.892415109711062,0.919310437800685,1.0638372411895,1.0638372411895,1.04788947586729,1.07632833401905
351,0.953593976549216,0.953593976549216,0.945178764004354,0.935771946017108,0.907363969038034,0.907363969038034,0.87651675286124,0.954022348617169,0.778623549417343,0.778623549417343,0.780906921165973,0.758223066392247,0.761326764839887,0.761326764839887,0.774187162097277,0.73874166215774,1.08629065380194,1.08629065380194,1.26808424737036,1.16302006464455,0.933963845080842,0.933963845080842,0.888162290025863,0.913546417525464,1.05769742305489,1.05769742305489,1.04061984004237,1.07136896771738
352,0.945773000261797,0.945773000261797,0.936716424730374,0.930583469304103,0.898914025152026,0.898914025152026,0.868920877607847,0.948885980645064,0.774481417842613,0.774481417842613,0.768780157575917,0.755435480489182,0.777561652103585,0.777561652103585,0.788612899997007,0.756206226377559,1.07190365815088,1.07190365815088,1.25506639545401,1.16017244032785,0.92773764950893,0.92773764950893,0.882609900436502,0.908875107443111,1.05029913161523,1.05029913161523,1.0320464622584,1.06523765141227
353,0.938285364866498,0.938285364866498,0.929047310414274,0.926381252043541,0.890339126675557,0.890339126675557,0.862688429471531,0.945067428592243,0.771655971330731,0.771655971330731,0.7584073302421,0.75584050410786,0.795107351454347,0.795107351454347,0.801790524876511,0.774750050637629,1.06057938853243,1.06057938853243,1.24038738824928,1.16612557248802,0.921663726196564,0.921663726196564,0.878211906314702,0.904237067319056,1.04210517166745,1.04210517166745,1.0229710246314,1.05809168061472
354,0.931164852847494,0.931164852847494,0.922550293768125,0.922733588326076,0.881705789360203,0.881705789360203,0.860279859582663,0.94287212644291,0.770489731748244,0.770489731748244,0.749453315630347,0.760914296473212,0.824073811943087,0.824073811943087,0.823420629593817,0.800996477674601,1.05121497933113,1.05121497933113,1.2259626813603,1.1770375097773,0.91460628800667,0.91460628800667,0.874408001291948,0.897548766014854,1.03349375731212,1.03349375731212,1.01351880374457,1.05064322405933
355,0.924363669378002,0.924363669378002,0.917135375225846,0.919565886172742,0.8733638996339,0.8733638996339,0.8586963279733,0.941827644052858,0.770965759623124,0.770965759623124,0.742030590923155,0.768232551085995,0.848270195275971,0.848270195275971,0.843349627682464,0.824204087170852,1.03181818819752,1.03181818819752,1.19645769230598,1.1661121009605,0.905045775695719,0.905045775695719,0.867837868901764,0.889209888609886,1.02297043028395,1.02297043028395,1.00237160829054,1.04167883839737
356,0.918834093261573,0.918834093261573,0.913069177118196,0.917287766525021,0.866658025903519,0.866658025903519,0.859218862141662,0.942780990668449,0.774213257387162,0.774213257387162,0.738369158591066,0.778671896458155,0.887590295084385,0.887590295084385,0.878244419113926,0.860645587119177,1.01140593639091,1.01140593639091,1.1649600005086,1.15616177413545,0.89466552386477,0.89466552386477,0.860948170141704,0.88029651031787,1.01388765701634,1.01388765701634,0.992257724606929,1.03323862525889
357,0.914306628934399,0.914306628934399,0.910483322426811,0.915263292733233,0.862381266696787,0.862381266696787,0.862421654192413,0.945677706207456,0.781948853908819,0.781948853908819,0.740441292950464,0.792984027698758,0.938322630423706,0.938322630423706,0.923242464388691,0.90391706939692,0.981628564773715,0.981628564773715,1.1228890211205,1.13341926968045,0.88328277704462,0.88328277704462,0.851909615805922,0.872077790931935,1.00418287736038,1.00418287736038,0.982253714647913,1.02441826307132
358,0.912062514050461,0.912062514050461,0.90847759408973,0.913673506321452,0.861638122855958,0.861638122855958,0.869921061599339,0.951841288738663,0.798083844567769,0.798083844567769,0.754025182283708,0.812261476194427,1.0105167606281,1.0105167606281,0.991064993924915,0.962920030269679,0.957727221361526,0.957727221361526,1.08788854755452,1.11697374208797,0.876118360043485,0.876118360043485,0.845759789279356,0.868955910336056,0.997183642191269,0.997183642191269,0.974578103478784,1.01840522832339
359,0.911078949507419,0.911078949507419,0.907535034058487,0.912867128932272,0.860475726160548,0.860475726160548,0.878776303746538,0.957114471063683,0.810996172451328,0.810996172451328,0.768070520413553,0.82794009458294,1.06801771751402,1.06801771751402,1.04705867684818,1.00607379835216,0.948619342113302,0.948619342113302,1.06500083553377,1.11220289684279,0.875110832448917,0.875110832448917,0.844952047235879,0.871962831343886,0.992847927720039,0.992847927720039,0.969620950156545,1.01409932751739
360,0.910462304524779,0.910462304524779,0.907073744769605,0.912309925193031,0.858795864067158,0.858795864067158,0.888605082131344,0.961462127167421,0.82396821915152,0.82396821915152,0.782466984303267,0.83940838248397,1.1134918846927,1.1134918846927,1.09296338951039,1.04165675237635,0.93401774245718,0.93401774245718,1.03867938564735,1.10613429444675,0.873702997044548,0.873702997044548,0.84144868677527,0.874662599343852,0.987539963359318,0.987539963359318,0.964020544120894,1.00631593434537
