1,0.5976075853385919,0.5976075853385919,0.5870740115964467,0.5923353998499170,0.5466724346329376,0.5466724346329376,0.5295045358731104,0.5278700299394811,0.3604017523492453,0.3604017523492453,0.3863789155962092,0.3864145374634829,0.8755636421552758,0.8755636421552758,0.0784751110884052,0.0773422097905526,0.1372505067442252,0.1372505067442252,0.1929210292501350,0.1930298750473691,0.4961629301937230,0.4961629301937230,0.4593380519599146,0.4544670761640918,0.6932336095110856,0.6932336095110856,0.6195561711965896,0.6200908532292199
2,0.6025073981247878,0.6025073981247878,0.5893481905204322,0.5952828675585842,0.5676152772683537,0.5676152772683537,0.5460985546224749,0.5429231939895658,0.3959607105451119,0.3959607105451119,0.4192804819178281,0.4194979738901509,0.8929888073373813,0.8929888073373813,0.1060628064940723,0.0996073913969238,0.1458466118534673,0.1458466118534673,0.2002748586593059,0.1977985149595698,0.4879304400911992,0.4879304400911992,0.4541652309138779,0.4511066940459958,0.6904685605829475,0.6904685605829475,0.6154475956729487,0.6166941663226028
3,0.6150112919562275,0.6150112919562275,0.5983009708414385,0.6018690657610128,0.6076764940396591,0.6076764940396591,0.5754401330946054,0.5729802885196614,0.4577097996277547,0.4577097996277547,0.4800356483516240,0.4694238870431228,0.9002905042667777,0.9002905042667777,0.1394194644221480,0.1247677359366312,0.1549213419687920,0.1549213419687920,0.2032498169202887,0.2010331867881256,0.4757105744878215,0.4757105744878215,0.4504441825319878,0.4498975188905303,0.6912750331869878,0.6912750331869878,0.6183770829545979,0.6168652224977562
4,0.6330397470165473,0.6330397470165473,0.6140954793177261,0.6168464261047283,0.6535580222918500,0.6535580222918500,0.6142992319787042,0.6108285955139465,0.5113676287616373,0.5113676287616373,0.5319119809387731,0.5168835803897429,1.0106741257751235,1.0106741257751235,0.1550903775427205,0.1401052062382336,0.1651639170989581,0.1651639170989581,0.2077623940577344,0.2021169685863530,0.4693580637088943,0.4693580637088943,0.4484145197782295,0.4459044288422488,0.6877547162645896,0.6877547162645896,0.6182069052701867,0.6190278612836239
5,0.6503452788789038,0.6503452788789038,0.6292278850693090,0.6330238954503441,0.6885826781348835,0.6885826781348835,0.6468461929730002,0.6404918214834513,0.5482254471071735,0.5482254471071735,0.5694225598864041,0.5533355121616718,1.2809096382278258,1.2809096382278258,0.1620820157042066,0.1458265996541123,0.1662934721133129,0.1662934721133129,0.2084309240040227,0.2036509366699980,0.4671142174194404,0.4671142174194404,0.4490346945085446,0.4445687121007462,0.6919534942665773,0.6919534942665773,0.6222790141471680,0.6186735306350919
6,0.6686504082495552,0.6686504082495552,0.6466152783615527,0.6471179755686610,0.7248793225796999,0.7248793225796999,0.6750165739851086,0.6675702850240780,0.5800155815900651,0.5800155815900651,0.5975355416615169,0.5782383170355637,1.3549011367932435,1.3549011367932435,0.1693491864040765,0.1543052911017397,0.1745832572186622,0.1745832572186622,0.2060910691920138,0.2135216878169309,0.4585330214746366,0.4585330214746366,0.4402394892422588,0.4449764572113102,0.6985588889282407,0.6985588889282407,0.6268130338818367,0.6234142303464855
7,0.6865806885545962,0.6865806885545962,0.6629951240292459,0.6631130283459880,0.7559466805505197,0.7559466805505197,0.7026568340416280,0.6918055098929389,0.5995197766244446,0.5995197766244446,0.6230746592428826,0.6009756606160738,1.5083967696536433,1.5083967696536433,0.1752042528447300,0.1609228063779367,0.1850555723517479,0.1850555723517479,0.2043528913316643,0.2156559042811326,0.4479657183411946,0.4479657183411946,0.4391118988235042,0.4446811935105570,0.7065980126637534,0.7065980126637534,0.6318332755719659,0.6300243296863410
8,0.7056176661009635,0.7056176661009635,0.6801042422632804,0.6784744235703115,0.7845471515360636,0.7845471515360636,0.7278684004178915,0.7131236457349233,0.6202376606511382,0.6202376606511382,0.6457007212251239,0.6228107286576746,1.6155658990874939,1.6155658990874939,0.1829363847031223,0.1633009759303200,0.1872381023794842,0.1872381023794842,0.2078793867983349,0.2276942190245204,0.4446302711541684,0.4446302711541684,0.4434531219357094,0.4484493207392170,0.7101055284337066,0.7101055284337066,0.6341063632137435,0.6396890035825069
9,0.7234051467619623,0.7234051467619623,0.6979234416803315,0.6936438013543310,0.8103081328145970,0.8103081328145970,0.7492581645561882,0.7344540899694260,0.6410194230458482,0.6410194230458482,0.6667305883585297,0.6401745201397926,1.6265766253336158,1.6265766253336158,0.1961275049782415,0.1658170103842908,0.2044111675977252,0.2044111675977252,0.2109880510485753,0.2317625691594049,0.4362006864451385,0.4362006864451385,0.4420295390320317,0.4521330869105188,0.7140354822343473,0.7140354822343473,0.6490455327952657,0.6417050227896717
10,0.7411569275119505,0.7411569275119505,0.7161264687638780,0.7101573012204788,0.8376880086772178,0.8376880086772178,0.7702287632877403,0.7553783572508194,0.6457890078577490,0.6457890078577490,0.6840493024683933,0.6505807646885445,1.6399000404478132,1.6399000404478132,0.1866044116203552,0.2040228212367094,0.2223691778259416,0.2223691778259416,0.2150995102182481,0.2492197928939299,0.4291052806109192,0.4291052806109192,0.4381111623268595,0.4441750271664086,0.7278991303323734,0.7278991303323734,0.6550746850429753,0.6525182167190102
11,0.7588819333286808,0.7588819333286808,0.7325830799648702,0.7259027313254105,0.8607636806853205,0.8607636806853205,0.7944170729357739,0.7746040663646644,0.6555198125855999,0.6555198125855999,0.6970183856151807,0.6652778306889976,1.6697904531767171,1.6697904531767171,0.2229058235524066,0.2502764957192948,0.2409015380614570,0.2409015380614570,0.2372612779377040,0.2460684888960070,0.4235108260108617,0.4235108260108617,0.4285125488872111,0.4473245066411095,0.7423132279855382,0.7423132279855382,0.6699044546845190,0.6659949996614514
12,0.7755627167483530,0.7755627167483530,0.7505845975235066,0.7419745910788591,0.8832868727956792,0.8832868727956792,0.8128603508325416,0.7941128685064340,0.6605449108695667,0.6605449108695667,0.7109252332356587,0.6753031144546546,1.6902992035162570,1.6902992035162570,0.2404193605234200,0.2617192825510521,0.2436009830957625,0.2436009830957625,0.2493950964628359,0.2603577350664826,0.4174463765799049,0.4174463765799049,0.4227477428713283,0.4347828294472113,0.7590187319263729,0.7590187319263729,0.6852569129281826,0.6793862545163158
13,0.7932073977653096,0.7932073977653096,0.7684421797072072,0.7575568063595323,0.9046665600014047,0.9046665600014047,0.8329556335676561,0.8129693258447250,0.6672521395113020,0.6672521395113020,0.7236548871551207,0.6897796242122634,1.6838556741542596,1.6838556741542596,0.2454478293489223,0.2847771873415511,0.3874565149239265,0.3874565149239265,0.2689328841431103,0.2647262093916455,0.4007843017683514,0.4007843017683514,0.4167151341309913,0.4289197359608262,0.7694900746264518,0.7694900746264518,0.6995518384187197,0.6925820165995764
14,0.8102630302505923,0.8102630302505923,0.7849083865998618,0.7733982451846160,0.9268299977597440,0.9268299977597440,0.8476140944094053,0.8281824989975499,0.6755350345641117,0.6755350345641117,0.7368633995292334,0.7003863744363285,1.6633178333887062,1.6633178333887062,0.2943204133447296,0.3273602088193709,0.4910692562406718,0.4910692562406718,0.3220977281216844,0.2775148346107292,0.3927489062723337,0.3927489062723337,0.4075534619786103,0.4104587245756375,0.7736248468662139,0.7736248468662139,0.7131903642693853,0.7059854897526661
15,0.8260691658505064,0.8260691658505064,0.8015665073257642,0.7893164909858212,0.9465393969025221,0.9465393969025221,0.8631478712475921,0.8442326428416305,0.6721281882698970,0.6721281882698970,0.7460614723456471,0.7108327201201430,1.6570197561567765,1.6570197561567765,0.3460516474262678,0.3252750021828609,0.7444724794610044,0.7444724794610044,0.3245378624256365,0.2775481817429823,0.3781942276380376,0.3781942276380376,0.4003932628195186,0.4075482680967845,0.7758138439343233,0.7758138439343233,0.7292721554462397,0.7205985744300546
16,0.8420091761167100,0.8420091761167100,0.8190114747679822,0.8052539385310570,0.9647069916795028,0.9647069916795028,0.8827746749986978,0.8590150222563089,0.6777707774446902,0.6777707774446902,0.7555787841318280,0.7223818470181799,1.6430127160312611,1.6430127160312611,0.4782900450667908,0.3898302423511786,1.0635239085156163,1.0635239085156163,0.3237189132414334,0.3502949507532330,0.3802864626917177,0.3802864626917177,0.3900194309669765,0.3902120708097033,0.7804350599669987,0.7804350599669987,0.7408320824373118,0.7340631390742705
17,0.8573422878957345,0.8573422878957345,0.8339135839196679,0.8208361538117303,0.9820779875341548,0.9820779875341548,0.8979509284017199,0.8738712520260983,0.6824338983098966,0.6824338983098966,0.7644177131072537,0.7302817706255176,1.6555797800691068,1.6555797800691068,0.5185005748871608,0.4944524695433455,1.2845146463240402,1.2845146463240402,0.4976871185142962,0.4976225810476576,0.3764203761794828,0.3764203761794828,0.3852835512082072,0.3972280987466486,0.7840705872614026,0.7840705872614026,0.7527809869927523,0.7495681595221017
18,0.8727467994967800,0.8727467994967800,0.8502838338956986,0.8353718740427464,1.0024555019021117,1.0024555019021117,0.9129545842843176,0.8882105293101119,0.6827532901499792,0.6827532901499792,0.7734162615675630,0.7388634135289199,1.6344310403572693,1.6344310403572693,0.5912928273714023,0.5356568420052910,1.2348716606931607,1.2348716606931607,0.7301182675900675,0.7431408422614877,0.3665808069777555,0.3665808069777555,0.3909215033019802,0.3978889270292867,0.7868100338846505,0.7868100338846505,0.7640370252616617,0.7620796969047487
19,0.8878210869209782,0.8878210869209782,0.8665293398801184,0.8499171951457778,1.0177450618629371,1.0177450618629371,0.9271938797193221,0.9045314577895988,0.6783243899675001,0.6783243899675001,0.7784442753413945,0.7405075600664877,1.6136168405445874,1.6136168405445874,0.6596937800251538,0.6515495249022307,1.2988733965065160,1.2988733965065160,0.9171896598101802,1.0160537726212819,0.3869573570657701,0.3869573570657701,0.3960520397073135,0.4055517230726438,0.7878213249278122,0.7878213249278122,0.7728254871066093,0.7762284862495782
20,0.9018779268813760,0.9018779268813760,0.8828516113978372,0.8669299403567161,1.0309917310390808,1.0309917310390808,0.9406195011294692,0.9229448129972250,0.6814970155789876,0.6814970155789876,0.7716604472338442,0.7451592917337525,1.5975007445330909,1.5975007445330909,0.7562851555122867,0.7410755453705732,1.2778521862393715,1.2778521862393715,1.0272965419638569,1.0133359813426499,0.4404609621703856,0.4404609621703856,0.4049177193747714,0.4134535421118486,0.7867716304273153,0.7867716304273153,0.7829267482313002,0.7863574554783032
21,0.9154706679986370,0.9154706679986370,0.8960360917419558,0.8811680335552611,1.0454204502290025,1.0454204502290025,0.9529602238398064,0.9322253409561488,0.6980840984739457,0.6980840984739457,0.7782247985496796,0.7633050553495917,1.5635522173752994,1.5635522173752994,0.7787582781742066,0.8569337620421161,1.2528105259211337,1.2528105259211337,1.0663386908270913,1.0505680545032940,0.4687061353950665,0.4687061353950665,0.4100623506603392,0.4205539311061520,0.7829312846937901,0.7829312846937901,0.7898797221943845,0.7980870217745347
22,0.9286528601392768,0.9286528601392768,0.9135386333341481,0.8968558584281014,1.0609669775841273,1.0609669775841273,0.9661269489693171,0.9417766535504790,0.7253388688276640,0.7253388688276640,0.7842105292328122,0.7459212132999424,1.5497051745928583,1.5497051745928583,0.9589737790607900,0.8961907927691390,1.2180049154788124,1.2180049154788124,1.0535864821016427,1.0484671851713454,0.5473620445145750,0.5473620445145750,0.4205066569140536,0.4235909291710421,0.7785532905575713,0.7785532905575713,0.7988748283704028,0.8096455318956131
23,0.9418618272131745,0.9418618272131745,0.9260322238785749,0.9107579211061143,1.0761665989569478,1.0761665989569478,0.9789977926352432,0.9569898267033038,0.7416065598825394,0.7416065598825394,0.7802399945463343,0.7538010863397488,1.5309273046011236,1.5309273046011236,1.0086901814553972,0.9765660303946153,1.2037610352977965,1.2037610352977965,1.0541213060586734,1.0561203520234437,0.6176338522957858,0.6176338522957858,0.4257640472414969,0.4317880119110002,0.7730359938537401,0.7730359938537401,0.8090247116906396,0.8180150661799033
24,0.9539373221124877,0.9539373221124877,0.9389864076227962,0.9248904047124921,1.0864067496197862,1.0864067496197862,0.9851373330046218,0.9691259017265119,0.7714164649569187,0.7714164649569187,0.7775264633033141,0.7571896322525409,1.5102731021315161,1.5102731021315161,1.0406347351242566,1.0463429037105572,1.2021145652768725,1.2021145652768725,1.0546728432643611,1.0574375637474434,0.7548420206711813,0.7548420206711813,0.4389991397816287,0.4428393104249060,0.7671986683387817,0.7671986683387817,0.8183844843332533,0.8267389311127256
25,0.9653255937248482,0.9653255937248482,0.9525547156334102,0.9383796298938512,1.0936018366601747,1.0936018366601747,0.9941987028268974,0.9751570140605607,0.7789754051722078,0.7789754051722078,0.7798608982697358,0.7624428809457452,1.4809644979228831,1.4809644979228831,1.1163545208288248,1.0279724055740311,1.2111701503919539,1.2111701503919539,1.0526505401768391,1.0592549824552400,0.7819955929982900,0.7819955929982900,0.4821435681792261,0.4538203080576800,0.7607852909637945,0.7607852909637945,0.8267475019671729,0.8349007543271867
26,0.9770440895140561,0.9770440895140561,0.9655376864526186,0.9511679914181005,1.1040604096081679,1.1040604096081679,1.0028409072424282,0.9854960637760727,0.7737373789948525,0.7737373789948525,0.7943862713941376,0.7956666713451324,1.4643102290301362,1.4643102290301362,1.1525870496262802,1.1721963257471895,1.2083941253566752,1.2083941253566752,1.0520154367278653,1.0650407099011618,0.9044823103800381,0.9044823103800381,0.4684997241122956,0.4816875773382923,0.7523237291975939,0.7523237291975939,0.8353171639321634,0.8441988792765953
27,0.9871114644190268,0.9871114644190268,0.9783575305135666,0.9635339145736810,1.1135168097183925,1.1135168097183925,1.0133693559883103,0.9913179334373075,0.8670423818776596,0.8670423818776596,0.8054598731579329,0.7884885681689220,1.4408924360892432,1.4408924360892432,1.1830506159013272,1.1577205110805084,1.2094279553698135,1.2094279553698135,1.0552745202160205,1.0608389712372648,0.9209472905850855,0.9209472905850855,0.5572833747089847,0.5028762629113915,0.7449886688465608,0.7449886688465608,0.8458803359145416,0.8527150331395885
28,0.9958133177278445,0.9958133177278445,0.9892774276253620,0.9744693077989963,1.1161764222493933,1.1161764222493933,1.0185596099953553,0.9978413814720948,0.9004507683503032,0.9004507683503032,0.8548621037293873,0.8432466680969405,1.4142165154348347,1.4142165154348347,1.1791242772293595,1.1961675855107052,1.2006212552578950,1.2006212552578950,1.0574138160441431,1.0631732704949854,0.9746479902962072,0.9746479902962072,0.6047972159792561,0.5593981713412912,0.7347221445856033,0.7347221445856033,0.8537449760441144,0.8607180184771216
29,1.0055950933447309,1.0055950933447309,1.0012912335866695,0.9853662975362509,1.1239625342966706,1.1239625342966706,1.0254511824180110,1.0043402127218453,0.8988538091498901,0.8988538091498901,0.8526074785054074,0.8657835060021374,1.3797589058218065,1.3797589058218065,1.1708755218614977,1.2057147299456352,1.1995682802445136,1.1995682802445136,1.0566617198545687,1.0634900682513904,0.9652632548018016,0.9652632548018016,0.6534527425485164,0.6489755540793239,0.7267470266123158,0.7267470266123158,0.8659248360283986,0.8725819860538309
30,1.0138953226546801,1.0138953226546801,1.0129883817231182,0.9982314660366218,1.1310291376399093,1.1310291376399093,1.0350180164072436,1.0230982029199884,0.9575580293570783,0.9575580293570783,0.8630825072008894,0.8494422934641165,1.3519048229138499,1.3519048229138499,1.1765411596820126,1.2091613524853211,1.1990322202377011,1.1990322202377011,1.0544722842804748,1.0663745951912880,0.9957219520687818,0.9957219520687818,0.7728363781341581,0.7228336597963049,0.7153155974788558,0.7153155974788558,0.8755520307465154,0.8813669424777792
31,1.0219278026320504,1.0219278026320504,1.0234476856351191,1.0081683685723561,1.1443015035554829,1.1443015035554829,1.0415643937890509,1.0291416236465556,0.9606241910218717,0.9606241910218717,0.8792240276097369,0.8786760209247723,1.3187126468324102,1.3187126468324102,1.1773505365135146,1.2118669511789746,1.2036653102965800,1.2036653102965800,1.0602383550672110,1.0726438560548806,0.9655209939026174,0.9655209939026174,0.7657325584960042,0.7634113283855314,0.7044730213578695,0.7044730213578695,0.8857505362622984,0.8922412278982440
32,1.0291659595894362,1.0291659595894362,1.0323045090395013,1.0179324554118168,1.1510083525467021,1.1510083525467021,1.0475436650323211,1.0343603820743854,0.9969283968445978,0.9969283968445978,0.8819575112883675,0.9210829712535012,1.2931276171535091,1.2931276171535091,1.1797958877916699,1.2037329219853159,1.1926377901564384,1.1926377901564384,1.0574639557901147,1.0652908133930605,0.9705090035595793,0.9705090035595793,0.8083977609656308,0.8609608310439006,0.6881131485330519,0.6881131485330519,0.8925576436387447,0.9007573817612372
33,1.0353063442832482,1.0353063442832482,1.0447885038922657,1.0267652576658028,1.1511368362438519,1.1511368362438519,1.0477162625527454,1.0358004639990461,0.9872614704847634,0.9872614704847634,0.9020097090768617,0.9514996821985046,1.2553827894009519,1.2553827894009519,1.2143752213588230,1.2042326822535703,1.1894980101165371,1.1894980101165371,1.0549569684915336,1.0554367358122541,0.9724799496246401,0.9724799496246401,0.8301461611673598,0.8631542185352101,0.6739806762336791,0.6739806762336791,0.9007383280393667,0.9088947683792479
34,1.0409201552896545,1.0409201552896545,1.0521963778556278,1.0361261078806252,1.1523574313667748,1.1523574313667748,1.0564077805455403,1.0467549333404813,1.0382364081619520,1.0382364081619520,0.9202661876604162,0.9506575583621895,1.2280814245872524,1.2280814245872524,1.1835844601944456,1.2489181434805985,1.1834864800401406,1.1834864800401406,1.0581659122337173,1.0660077767365033,0.9625039303107163,0.9625039303107163,0.8937704505455873,0.8918650983894030,0.6570959561586132,0.6570959561586132,0.9149238535899252,0.9146740234397870
35,1.0457664182093347,1.0457664182093347,1.0608996701934121,1.0462166243686026,1.1611328678821058,1.1611328678821058,1.0605747778243555,1.0488473600686208,1.0133877230035229,1.0133877230035229,0.9144999337689984,0.9346973066072635,1.1925329239987168,1.1925329239987168,1.2488684510077315,1.2084892610900824,1.1737991099170304,1.1737991099170304,1.0607397525269271,1.0651574248640479,0.9463421725772168,0.9463421725772168,0.8657921132802392,0.9259610257382853,0.6390719335159347,0.6390719335159347,0.9149846313343578,0.9213818691654445
36,1.0509696802391200,1.0509696802391200,1.0631834448090600,1.0522651737381801,1.1565973933727181,1.1565973933727181,1.0660362565063528,1.0577340194669538,1.0250348787718697,1.0250348787718697,0.9818992612610715,0.9847234725978918,1.1675442480530931,1.1675442480530931,1.1913682544037849,1.2425074255567827,1.1680173198435533,1.1680173198435533,1.0501602661269154,1.0531858043851663,0.9175511989037498,0.9175511989037498,0.8860041715364151,0.9379965365880351,0.6134312251684312,0.6134312251684312,0.9243322484280849,0.9224326428128152
37,1.0578419131086478,1.0578419131086478,1.0735276004211123,1.0577184690428150,1.1593597928614385,1.1593597928614385,1.0704374932771725,1.0699808700228279,1.0475626498923649,1.0475626498923649,0.9458651625486133,0.9507979123349086,1.1375229284071284,1.1375229284071284,1.2560322970057074,1.2195701525551728,1.1356239794318881,1.1356239794318881,1.0369066599417507,1.0282921701581886,0.8966894928612587,0.8966894928612587,0.8680331992375139,0.9436768477834777,0.5872912718755694,0.5872912718755694,0.9308962448268010,0.9304722830450239
38,1.0656691185977076,1.0656691185977076,1.0809930485344488,1.0674921567542908,1.1758314028360419,1.1758314028360419,1.0743332658810352,1.0823384961113687,1.1243657410375691,1.1243657410375691,0.9652190250907420,0.9837409947888575,1.1043889331777157,1.1043889331777157,1.2350918240885469,1.3124049306616137,1.1353750944287251,1.1353750944287251,1.0457312552327556,1.0323271731608199,0.9407628791007365,0.9407628791007365,0.8773499150724736,0.9211243251164233,0.5784968801457966,0.5784968801457966,0.9489593904721566,0.9427761093578420
39,1.0736837486195725,1.0736837486195725,1.0893317045890623,1.0759505249996839,1.1796345202716758,1.1796345202716758,1.0844548776144884,1.0874218622214953,1.1138471031041810,1.1138471031041810,0.9791857300180514,1.0122128006833233,1.0732185417042166,1.0732185417042166,1.1915576830239236,1.2800239119012642,1.1315269493798217,1.1315269493798217,1.0409178396194803,1.0261579536939869,0.9404596566291887,0.9404596566291887,0.8966317112331771,0.9907362576130485,0.5712642290143242,0.5712642290143242,0.9672291804485830,0.9606759162578205
40,1.0787352860275632,1.0787352860275632,1.0963365595026042,1.0841976740607426,1.1772447235046897,1.1772447235046897,1.0857370306233547,1.0944130291719845,1.0879337784788099,1.0879337784788099,0.9985595449957906,0.9974756335478075,1.0455244561393344,1.0455244561393344,1.1846521487806825,1.2376132215504285,1.1310291793734957,1.1310291793734957,1.0404665819057357,1.0366789739198563,1.0022109129599055,1.0022109129599055,0.9341663772974703,0.9503132509623118,0.5621626096258693,0.5621626096258693,0.9782056410931026,0.9710125965563745
41,1.0829300255713008,1.0829300255713008,1.0961734327443435,1.0865978920645432,1.1826024936758359,1.1826024936758359,1.0906437315611313,1.0980686217499691,1.1417619499274034,1.1417619499274034,1.0474430122413734,1.0465794734319955,1.0262811393313833,1.0262811393313833,1.2558084268182708,1.2631526945695015,1.1301485093623038,1.1301485093623038,1.0524332679442956,1.0414476138320570,0.9830472527580822,0.9830472527580822,0.9118259921258951,0.9659903474546845,0.5586934973132515,0.5586934973132515,0.9926464331702779,0.9799441725590259
42,1.0863750669838175,1.0863750669838175,1.1028232470663772,1.0888252943720702,1.1867525170937743,1.1867525170937743,1.0948600424172104,1.0967762405355301,1.2644722948871516,1.2644722948871516,0.9938707226273367,1.0604745167311960,1.0195757961352643,1.0195757961352643,1.1604397269702154,1.2633594919218827,1.1311631943751990,1.1311631943751990,1.0549569684915336,1.0299261796385930,0.9943271286996617,0.9943271286996617,0.9230596116727376,0.9836921093236506,0.5568501313611594,0.5568501313611594,0.9963781866784368,0.9885702911060462
43,1.0892042849314023,1.0892042849314023,1.1032550531911847,1.0935681251475802,1.1829750963975705,1.1829750963975705,1.0985955458949648,1.1038166410560930,1.1310729696793045,1.1310729696793045,1.0245775210318069,1.0301380080563181,1.0004779314573806,1.0004779314573806,1.1707377555923060,1.2397328944123356,1.1295358693545183,1.1295358693545183,1.0522494222090661,1.0328273801446173,0.9888388019646459,0.9888388019646459,0.9736884214748185,0.9795865378655584,0.5554164022873099,0.5554164022873099,1.0046318043723779,0.9941296167985310
44,1.0923905019890925,1.0923905019890925,1.1047711724738416,1.0987813986518349,1.1808679637643138,1.1808679637643138,1.1021337950636629,1.1025242598416540,1.2484175317256645,1.2484175317256645,1.0701089790948355,1.0329450875107020,0.9937871334742684,0.9937871334742684,1.1442177487728755,1.2236027009266053,1.1253814043017221,1.1253814043017221,1.0526672534254964,1.0352283736668442,1.0426001461700771,1.0426001461700771,0.9699391833324595,0.9991161226439491,0.5577206097274251,0.5577206097274251,1.0113295118088457,0.9972575011441928
45,1.0950769202926351,1.0950769202926351,1.1066231409646821,1.0992326396365495,1.1806109963700142,1.1806109963700142,1.1094568612873794,1.1099092953527341,1.2226745494150042,1.2226745494150042,1.0498572569502369,1.0485444290500643,0.9890308488210560,0.9890308488210560,1.1449754632534308,1.2144863843091360,1.1258217393073180,1.1258217393073180,1.0538037543341865,1.0347448402491735,1.0354440958415481,1.0354440958415481,0.9786498193173386,1.0315248288456702,0.5646844366575509,0.5646844366575509,1.0162160424612232,1.0049550290260947
46,1.0975223641968568,1.0975223641968568,1.1098376976715816,1.1016040550243043,1.1813690501831979,1.1813690501831979,1.1081747082785134,1.1156696230513763,1.2411353977717805,1.2411353977717805,1.0125262499231000,1.0851768159297748,0.9854963620604119,0.9854963620604119,1.1512782700689577,1.1737473058900481,1.1247113292932065,1.1247113292932065,1.0554249394539355,1.0389299053469441,1.0657360207491768,1.0657360207491768,0.9809613796757856,1.0046980126058074,0.5740804825522426,0.5740804825522426,1.0314591007649081,1.0171244540584350
47,1.1001284577006258,1.1001284577006258,1.1098185062882566,1.1033994180911471,1.1939347557644477,1.1939347557644477,1.1094691896816955,1.1258240468791114,1.1936098919674845,1.1936098919674845,1.0325385428403733,1.0858384846583082,1.0004342958183603,1.0004342958183603,1.1558589985195866,1.2058525948472227,1.1215906942535483,1.1215906942535483,1.0654863151455738,1.0413308988691710,1.0994088762145640,1.0994088762145640,1.0438386404015880,1.0239885743883501,0.5917972775362390,0.5917972775362390,1.0360782093417824,1.0189571987922212
48,1.1023597021387841,1.1023597021387841,1.1136663786448735,1.1077390122420185,1.1805596028911542,1.1805596028911542,1.1145484881398962,1.1174543399665540,1.2592768542884742,1.2592768542884742,1.0273908144528792,1.0671112545840609,1.0131904476252940,1.0131904476252940,1.1343502397420098,1.1260805161661915,1.1212077942486824,1.1212077942486824,1.0640656890097113,1.0412475310385381,1.1094607011463749,1.1094607011463749,1.0385248705532071,1.0358834834758366,0.6191789426162740,0.6191789426162740,1.0467143146174798,1.0299903220896141
49,1.1038858733344845,1.1038858733344845,1.1173319328599050,1.1070285477128936,1.1729276712804566,1.1729276712804566,1.1051912368540362,1.1090477078764414,1.1971657877870712,1.1971657877870712,1.0125262499231000,1.0547200038497089,1.0460771742335915,1.0460771742335915,1.1236389123123436,1.1809852132233887,1.1150048141698528,1.1150048141698528,1.0648846381939143,1.0441820786768155,1.1110374579984235,1.1110374579984235,0.9943938005391996,1.0419855999580696,0.6500041177040365,0.6500041177040365,1.0575570642242478,1.0364538018507667
50,1.1047069712877269,1.1047069712877269,1.1134456777366386,1.1090639325801164,1.1636126032370966,1.1636126032370966,1.0938244572946647,1.1114478444175424,1.2209285406892192,1.2209285406892192,1.0113091513508630,1.0291956313823463,1.0716040230604655,1.0716040230604655,1.1160273259394942,1.1390742831408076,1.1200973842345709,1.1200973842345709,1.0689459576176155,1.0459328031201058,1.1096577957528808,1.1096577957528808,1.0582577028814124,1.0347586693777291,0.6827110622012265,0.6827110622012265,1.0685092137709944,1.0489409026369634
51,1.1057244187515269,1.1057244187515269,1.1148946271776590,1.1129330840022429,1.1549784987886307,1.1549784987886307,1.1004694618310000,1.1036443235608344,1.2411141049824417,1.2411141049824417,1.0067599960316822,1.0481233671319066,1.0960690713378458,1.0960690713378458,1.1160273259394942,1.1435031931043040,1.1192550042238656,1.1192550042238656,1.0722718941003997,1.0507181165984332,1.1317627139287181,1.1317627139287181,1.0727331448821744,1.0408607858599621,0.7155332170704222,0.7155332170704222,1.0800326741154069,1.0527774482796892
52,1.1051978450641216,1.1051978450641216,1.1146163521194499,1.1109553043671112,1.1576766564287762,1.1576766564287762,1.0838014727157395,1.1116940122679118,1.1467018770540147,1.1467018770540147,1.0478221085179720,1.0475820018085611,1.1129706088517075,1.1129706088517075,1.1052471153752321,1.1187909094947557,1.1202696892367605,1.1202696892367605,1.0761827942861859,1.0508348315613192,1.1234089348375751,1.1234089348375751,1.1015289852011196,1.0738178389345105,0.7487778099703056,0.7487778099703056,1.1017546399756024,1.0665108154848604
53,1.1067864911040903,1.1067864911040903,1.1164203421519783,1.1099088093174543,1.1423613997285209,1.1423613997285209,1.0824576777352930,1.0970347167784178,1.2202045858516986,1.2202045858516986,1.0015923152085777,1.0737880935719886,1.0978435873246712,1.0978435873246712,1.0897828516584476,1.1097607584407785,1.1189869742204595,1.1189869742204595,1.0778541191519067,1.0535359492738245,1.1410716438052366,1.1410716438052366,1.0472214116578518,1.0855862064359598,0.7809599072172472,0.7809599072172472,1.1038089277374228,1.0724855633170034
54,1.1092140850528067,1.1092140850528067,1.1147027133444112,1.1127410665619388,1.1448411350835119,1.1448411350835119,1.0852562232450298,1.1028319696546156,1.1418045355060811,1.1418045355060811,0.9848123168601960,1.0575270833040928,1.1176832578658997,1.1176832578658997,1.0859770584720227,1.1007995398375952,1.1216672742545215,1.1216672742545215,1.0808959304075183,1.0562537405524564,1.1499712233451655,1.1499712233451655,1.0819511965554931,1.0858111692555814,0.8153310015322980,0.8153310015322980,1.1160738765639127,1.0900432578666750
55,1.1086161115433804,1.1086161115433804,1.1121982378205284,1.1107728877988226,1.1310034409004792,1.1310034409004792,1.0760592410852781,1.0932314234902116,1.1667596846112043,1.1667596846112043,1.0041063220954936,1.0335867056717041,1.1203159414201243,1.1203159414201243,1.0808797065119244,1.0952677106613991,1.1235051942778784,1.1235051942778784,1.0851578088151059,1.0594884123810120,1.1665878147859869,1.1665878147859869,1.1139324798074199,1.1071685769433968,0.8484091794503954,0.8484091794503954,1.1300527577834005,1.1024814854599707
56,1.1080895378559750,1.1080895378559750,1.1123325775038018,1.1094863709487854,1.1319028267805278,1.1319028267805278,1.0738401301083942,1.0993610029644081,1.2426258930254994,1.2426258930254994,1.0350325972916785,1.1426818436095834,1.1180032525520487,1.1180032525520487,1.0899033971439904,1.0931997371375877,1.1262812193131571,1.1262812193131571,1.0892525547361216,1.0614892403162013,1.2013977545196783,1.2013977545196783,1.1126639405863210,1.1354576515107992,0.8785942969159037,0.8785942969159037,1.1384765531617529,1.1155061913680779
57,1.1063134672832009,1.1063134672832009,1.1120543024455927,1.1100336206536519,1.1221894592760036,1.1221894592760036,1.0676266193731196,1.0888004021835636,1.2486730451977306,1.2486730451977306,1.0048046573418590,1.0671714062866549,1.1419155827351717,1.1419155827351717,1.0717526911779647,1.0867373198756765,1.1267215543187530,1.1267215543187530,1.0924447852296479,1.0653575076575668,1.2160737221425937,1.2160737221425937,1.1186683595661893,1.1286244058647965,0.9117492817486716,0.9117492817486716,1.1515316126658659,1.1245477320547563
58,1.1069917655924011,1.1069917655924011,1.1090892337219154,1.1083822706670372,1.1216369793782595,1.1216369793782595,1.0670718416288987,1.0864987327826103,1.1983155984113685,1.1983155984113685,1.0131647278626341,1.0392209151480032,1.1524172265260566,1.1524172265260566,1.0715632625578260,1.0830666668709110,1.1273916293272686,1.1273916293272686,1.0953696037446590,1.0687589151473882,1.2584339014178263,1.2584339014178263,1.1517913281171053,1.1269653050700879,0.9440081859102837,0.9440081859102837,1.1625080733103854,1.1362039885616366
59,1.1072327399917221,1.1072327399917221,1.1075155402892840,1.1058188378389782,1.1208275320862158,1.1208275320862158,1.0549160448333017,1.0960008118068667,1.2098775830223600,1.2098775830223600,1.0726229859817513,1.0980893814199411,1.1884311739308087,1.1884311739308087,1.0637450267811888,1.0815673860661474,1.1299762043601143,1.1299762043601143,1.0981941427677271,1.0711265615373620,1.2355406048159647,1.2355406048159647,1.1524960721288269,1.1504036188394020,0.9708266002827348,0.9708266002827348,1.1791854863826787,1.1525765081834598
60,1.1062599174166849,1.1062599174166849,1.1069685858645280,1.1055500134225524,1.1095209667370340,1.1095209667370340,1.0575789780055622,1.0823877296814424,1.2105802450705416,1.2105802450705416,0.9946887724873649,1.0909513793787933,1.2009400571166273,1.2009400571166273,1.0602147661331476,1.0763457529185234,1.1307228593696030,1.1307228593696030,1.1030911246242885,1.0746113368578165,1.2361925331297925,1.2361925331297925,1.1358359236917277,1.1444421041194326,1.0048264611768782,1.0048264611768782,1.1869042599256134,1.1561686878616808
61,1.1060457179506218,1.1060457179506218,1.1045600672572691,1.1058764430710692,1.1048570085304965,1.1048570085304965,1.0495778500944646,1.0799137427852306,1.2298076338435164,1.2298076338435164,1.0830381573704020,1.0642440234270831,1.2227724218397829,1.2227724218397829,1.0674474952657196,1.0772763410042385,1.1315843843805515,1.1315843843805515,1.1067178995829023,1.0791632204103716,1.2267471531410774,1.2267471531410774,1.1714536860441382,1.1743059184241855,1.0284829908953939,1.0284829908953939,1.1952308109128735,1.1723334964136749
62,1.1046266464879531,1.1046266464879531,1.1063928443647848,1.1059916535352519,1.1188103380409640,1.1188103380409640,1.0478272181015895,1.0688238811260922,1.2145407038875664,1.2145407038875664,1.0174944063901001,1.1019791915210160,1.2590918187176772,1.2590918187176772,1.0557201416007636,1.0758287595375704,1.1337669144082878,1.1337669144082878,1.1104449540334593,1.0825979750324464,1.2010793709245533,1.2010793709245533,1.2152323840522850,1.1731951645023044,1.0577848288421914,1.0577848288421914,1.2064017603395774,1.1835621124826716
63,1.1046534214212109,1.1046534214212109,1.1046752155572177,1.1049067549975340,1.1124632434017643,1.1124632434017643,1.0439684306806749,1.0740795647314774,1.1944190179623604,1.1944190179623604,1.0173148344696061,1.0614569945402303,1.2712952524303536,1.2712952524303536,1.0556512584661677,1.0751911343677285,1.1358920094352942,1.1358920094352942,1.1151413769061345,1.0853657870094580,1.1820369997113491,1.1820369997113491,1.1772466818204899,1.1922467032889994,1.0740806959047835,1.0740806959047835,1.2062072715573933,1.1825968669228777
64,1.0999945830343363,1.0999945830343363,1.0998485826510376,1.1036298390195121,1.0993450579227704,1.0993450579227704,1.0451026429577488,1.0774151391039819,1.1963779545815338,1.1963779545815338,0.9902194269106258,1.0736076384642066,1.2689243827102508,1.2689243827102508,1.0532231279716615,1.0727612654772500,1.1386680344705729,1.1386680344705729,1.1180996219184600,1.0899843648265195,1.1592346698509519,1.1592346698509519,1.1926382910364901,1.1979551348368949,1.0878675370881390,1.0878675370881390,1.2037640062312045,1.1903921411905816
65,1.0990574603703098,1.0990574603703098,1.0988314393348246,1.0991654335324430,1.1018504900171913,1.1018504900171913,1.0416753493378950,1.0785967447857547,1.1957604636907075,1.1957604636907075,1.0305832041505500,1.0286542660590008,1.2815932632391438,1.2815932632391438,1.0569083756725433,1.0719168429550270,1.1513611696318815,1.1513611696318815,1.1214422716499013,1.0954366209499098,1.1521241028931553,1.1521241028931553,1.1878037471160798,1.2128026809319132,1.1083237786953835,1.1083237786953835,1.2014058297472212,1.1944241796049113
66,1.0963353421557565,1.0963353421557565,1.0943214642535031,1.0981381402268162,1.0962742975608903,1.0962742975608903,1.0374220532988676,1.0599864552978331,1.1703794587988074,1.1703794587988074,1.0687921183445463,1.0713619749006995,1.2879786117491141,1.2879786117491141,1.0533264526735553,1.0701073661216918,1.1640160147927034,1.1640160147927034,1.1263726800037772,1.0998884631057055,1.1337488211173563,1.1337488211173563,1.1812637226873031,1.2140118560873787,1.1217265853053866,1.1217265853053866,1.1993150753387414,1.1890603466840304
67,1.0945592715829824,1.0945592715829824,1.0940144021203067,1.0987525960357893,1.1045101025481920,1.1045101025481920,1.0371261718352831,1.0644667101745549,1.1385041531585605,1.1385041531585605,1.0655797762112653,1.0701990419838834,1.2998911412016552,1.2998911412016552,1.0559784533554983,1.0692112442613735,1.1762496699481728,1.1762496699481728,1.1304339994274784,1.1048405122452984,1.0991359759901709,1.0991359759901709,1.1981916738488563,1.1954383632923795,1.1401730459787527,1.1401730459787527,1.2013328964539023,1.1868121798105860
68,1.0932740747866032,1.0932740747866032,1.0879595206813411,1.0917631612087220,1.1035593231892835,1.1035593231892835,1.0358563472207329,1.0622881246987863,1.1865193931176499,1.1865193931176499,1.0233803748951804,1.0543590936341454,1.3133890988719339,1.3133890988719339,1.0515010496067634,1.0692629435994687,1.1908955951342981,1.1908955951342981,1.1346123115917801,1.1104761775960812,1.0803361827542053,1.0803361827542053,1.2250706104559188,1.2236290166261976,1.1538446767901025,1.1538446767901025,1.1972364764791479,1.1912596403645737
69,1.0896862337300446,1.0896862337300446,1.0890438338391908,1.0910911001676580,1.1031096302492593,1.1031096302492593,1.0270538736790937,1.0548292388325955,1.1675688106060802,1.1675688106060802,1.0319798746432809,1.0626399780245779,1.2860731888452277,1.2860731888452277,1.0519487899816369,1.0686425515423252,1.2028995102868478,1.2028995102868478,1.1395092934483415,1.1157450244920792,1.0588983540157733,1.0588983540157733,1.2133718598613399,1.2262442094042973,1.1610389244642398,1.1610389244642398,1.1907089467270915,1.1834888026933204
70,1.0865892664498806,1.0865892664498806,1.0839101387998140,1.0854649891667494,1.1083003716141109,1.1083003716141109,1.0178815483079739,1.0483673327604006,1.1605634829136011,1.1605634829136011,1.0269917657406704,1.0366744930715264,1.3355414582812384,1.3355414582812384,1.0511910755010818,1.0677981290201022,1.2150948754418307,1.2150948754418307,1.1439717308398156,1.1219976117895452,1.0235577749568729,1.0235577749568729,1.2224348678520800,1.1976317507836889,1.1729439962381680,1.1729439962381680,1.1840233948395102,1.1798110949275227
71,1.0839296230795958,1.0839296230795958,1.0841692224746986,1.0862618615440112,1.1040475612384528,1.1040475612384528,1.0204581827200225,1.0578324866071014,1.1396326709935192,1.1396326709935192,1.0379656053264135,1.0392409657155346,1.3466103653793871,1.3466103653793871,1.0541530502887064,1.0671949700756571,1.2254140305729699,1.2254140305729699,1.1463450121491390,1.1241318282537469,1.0164168857519216,1.0164168857519216,1.2120328462390688,1.2027355947538516,1.1855403302441310,1.1855403302441310,1.1764991100787598,1.1831222537465631
72,1.0813681544645899,1.0813681544645899,1.0777784918275495,1.0807989653673611,1.1018633383869063,1.1018633383869063,1.0209636468869794,1.0473703529664047,1.1178714402892223,1.1178714402892223,0.9662565517424850,1.0255263775241157,1.3611264879601395,1.3611264879601395,1.0549624271202085,1.0669709396105775,1.2382028907354949,1.2382028907354949,1.1521779359305040,1.1289504888643274,0.9568943145870814,0.9568943145870814,1.1951189899577501,1.2173722382054748,1.1914160592164245,1.1914160592164245,1.1845703945394033,1.1752658879877329
73,1.0754330442590887,1.0754330442590887,1.0770492192612080,1.0782835368993782,1.0989853035707511,1.0989853035707511,1.0107680647876298,1.0436409100333093,1.1001132539806278,1.1001132539806278,1.0147808751470799,1.0267294115759946,1.3647773364248377,1.3647773364248377,1.0603180908350416,1.0705898932772477,1.2518149859084819,1.2518149859084819,1.1557211446458320,1.1358700188068562,0.9465695894308777,0.9465695894308777,1.2144430707591569,1.1974208481402937,1.1950515865108284,1.1950515865108284,1.1730955563905368,1.1722968415189994
74,1.0794849841587844,1.0794849841587844,1.0769244752695970,1.0804533339748139,1.1171143532385868,1.1171143532385868,1.0294455821764019,1.0555800507762221,1.0996448126151732,1.0996448126151732,1.0452681967598352,1.0601336570831636,1.3634246316152083,1.3634246316152083,1.0795709269546019,1.0925793450804442,1.2607174110216171,1.2607174110216171,1.1588298088960722,1.1414223163270061,0.9054223000418363,0.9054223000418363,1.1826450209502775,1.1786505128781257,1.1992247622079257,1.1992247622079257,1.1669934708495080,1.1758523663025444
75,1.0803507070007898,1.0803507070007898,1.0757729922701107,1.0810101845516955,1.1363740594413407,1.1363740594413407,1.0370028878921229,1.0635681975207070,1.0678546781322815,1.0678546781322815,1.0161176883329794,1.0259474394422734,1.3487921473304021,1.3487921473304021,1.0923315276384966,1.0998344855264830,1.2673224361055559,1.2673224361055559,1.1623228778654284,1.1461075884085739,0.8777380883895189,0.8777380883895189,1.1930752323237575,1.2017232620655549,1.2039227851552716,1.2039227851552716,1.1672730484738978,1.1641350183045380
76,1.0825641014834428,1.0825641014834428,1.0787092739188009,1.0876731897302458,1.1418346165702069,1.1418346165702069,1.0482217267197023,1.0724671653115583,1.0555261531050919,1.0555261531050919,1.0594144736076387,1.0558829367665252,1.4032930604667535,1.4032930604667535,1.0964300741469541,1.1034189729677564,1.2804750512727037,1.2804750512727037,1.1649802844019244,1.1509929432836605,0.8456419897761807,0.8456419897761807,1.1707489420324166,1.1765696067966269,1.2206282890961064,1.2206282890961064,1.1536588337210052,1.1561442512652302
77,1.0818233283299743,1.0818233283299743,1.0765886260614135,1.0853209760865214,1.1595653667768782,1.1595653667768782,1.0561118990819558,1.0728364170871123,1.0575063825136042,1.0575063825136042,1.0506553543746546,1.0683343392034712,1.3702172460893680,1.3702172460893680,1.0995298152037707,1.1082614776360151,1.2890520113817026,1.2890520113817026,1.1665680430243590,1.1535273253349001,0.7973234889350330,0.7973234889350330,1.1728349843071126,1.1807595393120771,1.2214731651574819,1.2214731651574819,1.1490397251441311,1.1573049895966283
78,1.0844472717892486,1.0844472717892486,1.0743048514457656,1.0884412594914621,1.1715914408300987,1.1715914408300987,1.0636445480090448,1.0791013888790117,1.0321466704110431,1.0321466704110431,1.0577185165807510,1.0653668552088367,1.3658245917613248,1.3658245917613248,1.1033528291738444,1.1099675557931596,1.2922683714225771,1.2922683714225771,1.1677881101763350,1.1559283188571270,0.7511123842711429,0.7511123842711429,1.1647163332920796,1.1681194408845945,1.2248526694029842,1.2248526694029842,1.1294571358879615,1.1547513652675527
79,1.0875799389804230,1.0875799389804230,1.0734412391961508,1.0889693074522981,1.1826795838941260,1.1826795838941260,1.0664061083358334,1.0794460238695289,1.0258227119774068,1.0258227119774068,1.0517726907688394,1.0875227323309387,1.3711045040827807,1.3711045040827807,1.1077096874370365,1.1112083399074466,1.2933404914362021,1.2933404914362021,1.1624231573573718,1.1535439989010268,0.7164237335260706,0.7164237335260706,1.1655338363456766,1.1526954275642960,1.2195401911382744,1.2195401911382744,1.1327026674406599,1.1492164761715185
80,1.0876424138246914,1.0876424138246914,1.0740361720792189,1.0876827906022610,1.1869580910092139,1.1869580910092139,1.0736798609822860,1.0886896266508974,1.0101086334453413,1.0101086334453413,1.0662581590220204,1.0980693308524097,1.3740135466841339,1.3740135466841339,1.1116360261090041,1.1166540035201504,1.3028747015573658,1.3028747015573658,1.1653312626237256,1.1582626181148477,0.6791576917728416,0.6791576917728416,1.1529048236556254,1.1479430879997921,1.2213195513281410,1.2213195513281410,1.1221638065560549,1.1398816963274341
81,1.0886063114219757,1.0886063114219757,1.0762239897782429,1.0916863542326005,1.2030185531529380,1.2030185531529380,1.0753935077922130,1.0992502274317417,1.0229055998379855,1.0229055998379855,1.0786286691004943,1.0952823019655571,1.3939841241424233,1.3939841241424233,1.1132892213393062,1.1177224565074531,1.3046743315802363,1.3046743315802363,1.1673034259652759,1.1628811959319092,0.6425284172098631,0.6425284172098631,1.1340035892612517,1.1340375737119386,1.2117186869943279,1.2117186869943279,1.1120990120780234,1.1255129776145505
82,1.0905162566610394,1.0905162566610394,1.0766078174447382,1.0914943367922965,1.2088003195246788,1.2088003195246788,1.0903848352804948,1.1014534296925473,1.0165603486150105,1.0165603486150105,1.0967255281991652,1.1054479397039332,1.3770680414155547,1.3770680414155547,1.1146841048148737,1.1213241770614248,1.3123897666782867,1.3123897666782867,1.1658827998294135,1.1638482627672506,0.5974392356907000,0.5974392356907000,1.1242217423785557,1.1102899360656449,1.2077503297363519,1.2077503297363519,1.1087197694875734,1.1292151219767985
83,1.0909268056376606,1.0909268056376606,1.0766174131364006,1.0940289670043097,1.2183466582229083,1.2183466582229083,1.0982133656711681,1.1060198433168986,0.9986744055703829,0.9986744055703829,1.1092756101981331,1.1131674082034893,1.3903187304647184,1.3903187304647184,1.1165095078816656,1.1193768353265023,1.3192245317651450,1.3192245317651450,1.1724511065516956,1.1635314650108457,0.5511978087796551,0.5511978087796551,1.1236156625284750,1.1229581548455800,1.2059197649367048,1.2059197649367048,1.1029701948642536,1.1280788202418510
84,1.0911767050147343,1.0911767050147343,1.0765598389864264,1.0925984370740447,1.2413837851218661,1.2413837851218661,1.1087048292341022,1.1142664663042712,0.9863032949645155,0.9863032949645155,1.1116699024713863,1.1195033875433844,1.3956422784251947,1.3956422784251947,1.1184210148667024,1.1456745653043061,1.3257146868476242,1.3257146868476242,1.1736544604550145,1.1602634460500367,0.5062905607434207,0.5062905607434207,1.1097744901382625,1.0993370587853235,1.2045500416250807,1.2045500416250807,1.0964791317588567,1.1224950579529158
85,1.0923101771893187,1.0923101771893187,1.0758785448783970,1.0941537783405073,1.2426429253539342,1.2426429253539342,1.1085199033193618,1.1130356270524244,0.9951823881188128,0.9951823881188128,1.1147026726841733,1.1182803029239743,1.3556574878695955,1.3556574878695955,1.1188859760252250,1.1616324276630521,1.3287204518858224,1.3287204518858224,1.1742728506553310,1.1557949303281145,0.4623536246161393,0.4623536246161393,1.0841781876325334,1.0929818591310163,1.1983414826892149,1.1983414826892149,1.0897328021268429,1.1244988588618554
86,1.0928635258099821,1.0928635258099821,1.0768093269696484,1.0939713617722187,1.2528702276470576,1.2528702276470576,1.1141046659445195,1.1194359911620273,0.9571747591489792,0.9571747591489792,1.1138646703885349,1.1244959788586815,1.3474248973077660,1.3474248973077660,1.1956390087487321,1.2005792623615033,1.3351340269673282,1.3351340269673282,1.1726683787842394,1.1559283188571270,0.4362006864451385,0.4362006864451385,1.0795973515563428,1.0474831288625697,1.1928881917476091,1.1928881917476091,1.0923584006863294,1.1252441750535951
87,1.0917925284796661,1.0917925284796661,1.0784597859355787,1.0957859265830918,1.2609647005674944,1.2609647005674944,1.1200962655821058,1.1214791843200926,0.9273222684959223,0.9273222684959223,1.1205886411892538,1.1231926919691462,1.3116000376721018,1.3116000376721018,1.2031989327706347,1.2278765128758158,1.3341959219554065,1.3341959219554065,1.1739385856821869,1.1506427983950025,0.4037710431130976,0.4037710431130976,1.0473764553404306,1.0426323680644813,1.1869356558606450,1.1869356558606450,1.0859645819720245,1.1214809392002207
88,1.0925779265218978,1.0925779265218978,1.0770780063361951,1.0936257303796713,1.2688022060936319,1.2688022060936319,1.1334232598377247,1.1279041652147324,0.9047944973754271,0.9047944973754271,1.1147226251197839,1.1195635392459784,1.3280070379437336,1.3280070379437336,1.2321642908682202,1.2395950295107481,1.3461424021072264,1.3461424021072264,1.1765124259753967,1.1518933158544957,0.3714172053989435,0.3714172053989435,1.0338312754351411,0.9920579141783248,1.1909424165759563,1.1909424165759563,1.0794856744155139,1.1168990773657552
89,1.0927028762104347,1.0927028762104347,1.0783638290189550,1.0956035100148029,1.2789267214290356,1.2789267214290356,1.1365793287826262,1.1327659802595267,0.8768583577628659,0.8768583577628659,1.1086171798229887,1.1097387611556344,1.3174035776618014,1.3174035776618014,1.2325603688921467,1.2436965103329742,1.3338513119510271,1.3338513119510271,1.1570247780410940,1.1485085819308007,0.3406856079075704,0.3406856079075704,1.0248951213665112,1.0021812410612918,1.1884333906967199,1.1884333906967199,1.0691413023130929,1.1158116488237089
90,1.0915515540803449,1.0915515540803449,1.0745063609706758,1.0958819353032438,1.2774106138026680,1.2774106138026680,1.1505350711483622,1.1340583614739657,0.8459838132215446,0.8459838132215446,1.1140242898734185,1.1121047281243295,1.3051710535231114,1.3051710535231114,1.2294434070516813,1.2393882321583669,1.3213879167926381,1.3213879167926381,1.1239158324511678,1.1399383689417408,0.3436875103758940,0.3436875103758940,1.0121110649938809,1.0066804974537218,1.1869612581655353,1.1869612581655353,1.0659808596025999,1.1132946793893093
91,1.0911588550592290,1.0911588550592290,1.0738634496292958,1.0943169931647658,1.2905416476513767,1.2905416476513767,1.1502391896847777,1.1472529582537618,0.8076142068329507,0.8076142068329507,1.0921763728799845,1.1094380026426647,1.2768660690119449,1.2768660690119449,1.2392936952988982,1.2345284943774097,1.3197988817724440,1.3197988817724440,1.1162778778148243,1.1283335669176440,0.3209003416390742,0.3209003416390742,1.0039501293381448,0.9919876132971931,1.1695260885353307,1.1695260885353307,1.0614589954168179,1.1047296523334149
92,1.0906055064385658,1.0906055064385658,1.0737866840959966,1.0956707161189094,1.2928286574606431,1.2928286574606431,1.1510035501323710,1.1443112524418484,0.7858103905499761,0.7858103905499761,1.1171368698286475,1.1080745640505354,1.2856804680940450,1.2856804680940450,1.2354017981942287,1.2411632427663051,1.2935702314391215,1.2935702314391215,1.1073864295291906,1.1027396429133500,0.3384114393709616,0.3384114393709616,0.9919835760191117,0.9738359257889839,1.1602836564699799,1.1602836564699799,1.0464104258953169,1.0930611775283097
93,1.0906501313273289,1.0906501313273289,1.0739785979292444,1.0957475230950309,1.3006019211382056,1.3006019211382056,1.1502022045018296,1.1461698197121368,0.7915594436714636,0.7915594436714636,1.0985411998397154,1.0879036931140336,1.2522992042435175,1.2522992042435175,1.2439605276677721,1.2465572070409137,1.2517001159070222,1.2517001159070222,1.0760658015455855,1.0548865081300771,0.3625782703533241,0.3625782703533241,1.0102646356831704,0.9915658080104027,1.1602068495553095,1.1602068495553095,1.0416819173784642,1.0820647091255924
94,1.0917032787021397,1.0917032787021397,1.0736715357960480,1.0955267030386813,1.2997796254764469,1.2997796254764469,1.1545048141181209,1.1495669360472336,0.7836811116160919,0.7836811116160919,1.1128071913011814,1.0823897870429222,1.2468592945789871,1.2468592945789871,1.2490751004115193,1.2461091461107545,1.1969071252106946,1.1969071252106946,1.0773861481895048,1.0542028919188875,0.3915966608804520,0.3915966608804520,0.9927446995517710,0.9961916059888697,1.1462791956950580,1.1462791956950580,1.0384485413746520,1.0876240348180772
95,1.0911410051037238,1.0911410051037238,1.0803981156513809,1.0966980094245360,1.3034285624755009,1.3034285624755009,1.1549486363134978,1.1475729764592422,0.7731198881040261,0.7731198881040261,1.1344954888097318,1.0860590409011526,1.2500301510144620,1.2500301510144620,1.2479557494743356,1.2496764004393295,1.1959498751985296,1.1959498751985296,1.0769181772271030,1.0533858871786852,0.4232834091572008,0.4232834091572008,1.0106170076890311,1.0099846388669125,1.1479689478178090,1.1479689478178090,1.0332702775489984,1.0781548536935153
96,1.0908911057266499,1.0908911057266499,1.0776921306025879,1.0952002733901645,1.3029274760566167,1.3029274760566167,1.1575129423312300,1.1509700927943389,0.7908993672019594,0.7908993672019594,1.1162190577905671,1.1134882172839902,1.2331867943526271,1.2331867943526271,1.2381226820107676,1.2377510864520160,1.1930589801617912,1.1930589801617912,1.0790908995525399,1.0544029747124064,0.4534995284469426,0.4534995284469426,1.0039924139788479,0.9934639318009590,1.1400706367591922,1.1400706367591922,1.0292224797697902,1.0696142632340715
97,1.0914712292805713,1.0914712292805713,1.0814248546592562,1.0956323126308485,1.3085422136220628,1.3085422136220628,1.1583142879617716,1.1503300563833787,0.7652628488379932,0.7652628488379932,1.1529913966206116,1.1219696073497361,1.2293032224798206,1.2293032224798206,1.2365728114823593,1.2384576440726516,1.1931929951634943,1.1931929951634943,1.0792246055417976,1.0549532023945833,0.4844130594212444,0.4844130594212444,1.0217237733137639,0.9716706586501271,1.1414787635281514,1.1414787635281514,1.0259040149237726,1.0715325360554344
98,1.0909625055486711,1.0909625055486711,1.0823556367505076,1.0968420225047639,1.3109063136496188,1.3109063136496188,1.1616676112157294,1.1549210867927666,0.7741632347816294,0.7741632347816294,1.1749590282277083,1.1451881645509976,1.1999218922061536,1.1999218922061536,1.2385532016019920,1.2363035049853479,1.1918337001462198,1.1918337001462198,1.0805449521857169,1.0542529126172673,0.5164030301695410,0.5164030301695410,1.0206948470566504,1.0054713222982561,1.1352446022873954,1.1352446022873954,1.0316535895470924,1.0709582760388481
99,1.0904359318612658,1.0904359318612658,1.0822404884505590,1.0943649975248420,1.3218402762770662,1.3218402762770662,1.1649346357094750,1.1561642344371319,0.7838088683521249,0.7838088683521249,1.1990216655739012,1.1745421954168414,1.2044454534512579,1.2044454534512579,1.2363661620785715,1.2348903897440768,1.1914316551411106,1.1914316551411106,1.0810630628940903,1.0556201450396465,0.5443298197990967,0.5443298197990967,1.0310545840289580,0.9868415887983515,1.1399426252347413,1.1399426252347413,1.0293318797097688,1.0654844784339401
100,1.0899182831516130,1.0899182831516130,1.0814440460425809,1.0966692068084904,1.3284186415711356,1.3284186415711356,1.1699769489847276,1.1721405279261017,0.7264886794519614,0.7264886794519614,1.1729438322310537,1.1658602996757823,1.1740314130541105,1.1740314130541105,1.2250693280048401,1.2262221340567665,1.1898617651211598,1.1898617651211598,1.0825839685218961,1.0552366530187351,0.5720595148221462,0.5720595148221462,1.0331547211838885,0.9743420921331323,1.1271414727896572,1.1271414727896572,1.0216009506179475,1.0693576789713415
101,1.0892846097311759,1.0892846097311759,1.0836414594332673,1.0965635972163232,1.3294079660391891,1.3294079660391891,1.1829834049881298,1.1699865592353700,0.7433525686083245,0.7433525686083245,1.1781713703609895,1.1836852542111205,1.1881257244576666,1.1881257244576666,1.2185770925691743,1.2110742279948468,1.1888087901077784,1.1888087901077784,1.0819822915702366,1.0553366944154947,0.5993950206321835,0.5993950206321835,1.0199337235239909,1.0046417719009020,1.1252469022277847,1.1252469022277847,1.0198140849316304,1.0730231684389140
102,1.0887848109770284,1.0887848109770284,1.0830561222418618,1.0978405131943452,1.3347014943617606,1.3347014943617606,1.1843518567572082,1.1718943600757323,0.7703731182793154,0.7703731182793154,1.1653220018278647,1.1993447474530767,1.1270503750422569,1.1270503750422569,1.2168722349879253,1.2132628333075475,1.1857455900688501,1.1857455900688501,1.0805616654343742,1.0536860113689637,0.6238195907153616,0.6238195907153616,1.0389195271997713,0.9896817443960728,1.1297273055835642,1.1297273055835642,1.0220020837312025,1.0600228991272571
103,1.0883207121338916,1.0883207121338916,1.0846202199828308,1.0970436408170832,1.3405089574729312,1.3405089574729312,1.1886914515564477,1.1806456271563621,0.7325571244135315,0.7325571244135315,1.1884867795715879,1.2471252498801979,1.1384974576785816,1.1384974576785816,1.2124120520228394,1.2118324849535778,1.1766134249527955,1.1766134249527955,1.0822831300460665,1.0539861355592421,0.6466370816993363,0.6466370816993363,1.0381584036671119,1.0144135943782104,1.1183726833647745,1.1183726833647745,1.0177354860720371,1.0542558623649434
104,1.0872407898258230,1.0872407898258230,1.0857717029823171,1.0970052373290224,1.3440294107748354,1.3440294107748354,1.1912927427571283,1.1782085654377057,0.7903883402578272,0.7903883402578272,1.1914796449131542,1.1997457588037028,1.1565189765939645,1.1565189765939645,1.2071252714426022,1.2088166902313526,1.1538691646637540,1.1538691646637540,1.0809293569048326,1.0512349971483570,0.6684236162800482,0.6684236162800482,1.0415411749233756,1.0086208017729570,1.1135466488929777,1.1135466488929777,1.0157662871524222,1.0452876314676163
105,1.0863572170283122,1.0863572170283122,1.0855222149990951,1.0959107379192894,1.3498368738860060,1.3498368738860060,1.1942269006043413,1.1778885472322256,0.8401708817320406,0.8401708817320406,1.1692526316431218,1.2094502334888588,1.1391956279029063,1.1391956279029063,1.2070391675243572,1.2020785431662666,1.1246921842929631,1.1246921842929631,1.0792747452877691,1.0490841071180288,0.6923175470380176,0.6923175470380176,1.0422741086955660,0.9783070618289611,1.1072356807375512,1.1072356807375512,1.0081326024516932,1.0410967551763586
106,1.0861251676067436,1.0861251676067436,1.0858676598989410,1.0968996277368552,1.3441835912114153,1.3441835912114153,1.1953487844870991,1.1898276879751382,0.9260234083462529,0.9260234083462529,1.1746597416935516,1.2032345575541514,1.1129124279996805,1.1129124279996805,1.1953634762103484,1.1949612676218151,1.0917244938739987,1.0917244938739987,1.0747287416530089,1.0463663158393968,0.7183340350968219,0.7183340350968219,1.0438668301620571,0.9916079885390818,1.1015007644421535,1.1015007644421535,1.0088497798359972,1.0321040876825809
107,1.0842419973009381,1.0842419973009381,1.0832672274584343,1.0944706071170092,1.3382476444030948,1.3382476444030948,1.1993185274568581,1.2024068651290112,0.8820112127828658,0.8820112127828658,1.2235033040679137,1.2325083861498700,1.1025126006998429,1.1025126006998429,1.1882340717796704,1.1887745801630789,1.0534919283881266,1.0534919283881266,1.0686618323904431,1.0421145564771199,0.7310997011489858,0.7310997011489858,1.0413015619593904,1.0111094529650198,1.0884947935579481,1.0884947935579481,1.0067104032319714,1.0192137830549513
108,1.0823677519728849,1.0823677519728849,1.0847449639744418,1.0925216300979230,1.3338278052211419,1.3338278052211419,1.2005390384941441,1.2015945112227924,0.9256401381381537,0.9256401381381537,1.1927765532278329,1.2171496514208835,1.0992981086253477,1.0992981086253477,1.1807258101087148,1.1839493086075186,1.0132874278771944,1.0132874278771944,1.0585670302014902,1.0347281666830468,0.7507181950581308,0.7507181950581308,1.0243877056780715,1.0046558320771284,1.0815821712376028,1.0815821712376028,0.9984203188913707,1.0140820978003500
109,1.0828318508160220,1.0828318508160220,1.0866257195402693,1.0927328492822574,1.3276477393882369,1.3276477393882369,1.1987390929240049,1.2089918551263910,0.9592401597148469,0.9592401597148469,1.2193531974609417,1.2171697019884147,1.0864401403273667,1.0864401403273667,1.1730625613849184,1.1807611827583089,0.9521191520998475,0.9521191520998475,1.0360877107575475,1.0155869127697377,0.7451843849523828,0.7451843849523828,1.0119560213113021,0.9863354224542030,1.0684353876765014,1.0684353876765014,0.9903490344307273,1.0100500593860204
110,1.0858931181851752,1.0858931181851752,1.0897922977888568,1.0973220661055241,1.3125509049731363,1.3125509049731363,1.2083182553075535,1.2028130420821206,0.9710789505872433,0.9710789505872433,1.2416799729090262,1.2102322056225800,1.0355900756557135,1.0355900756557135,1.1659848193051872,1.1738851707916356,0.9160499716414684,0.9160499716414684,1.0339484149294251,1.0129024686233590,0.7802217415397351,0.7802217415397351,1.0202156211286795,0.9868415887983515,1.0777802289614127,1.0777802289614127,0.9953692761208563,1.0068977384439082
111,1.0886420113329864,1.0886420113329864,1.0955305214029638,1.1020264933929733,1.3031587467114865,1.3031587467114865,1.2052238283342323,1.2042900491843367,0.9763595623432761,0.9763595623432761,1.2134472765202509,1.2634063107156248,1.0201139690165146,1.0201139690165146,1.1586832070380195,1.1666300303455965,0.8815698262032832,0.8815698262032832,1.0297868160137806,1.0119687489202709,0.8101194772343517,0.8101194772343517,1.0396947456126651,1.0113484759608677,1.0843472201657409,1.0843472201657409,1.0033919383859538,1.0216330061035490
112,1.0922744772783082,1.0922744772783082,1.0989945660930851,1.1056748247587500,1.2910427340702610,1.2910427340702610,1.2127688056556372,1.2082656599678012,0.9849405564468295,0.9849405564468295,1.1842568632221742,1.2205582479012067,1.0124340965489422,1.0124340965489422,1.1515710233909904,1.1589095958567002,0.8470322457643681,0.8470322457643681,1.0274971009477434,1.0114852155026002,0.8448687724737336,0.8448687724737336,1.0463052444426137,1.0233136859294858,1.0879059405454743,1.0879059405454743,1.0192670852317374,1.0203134298952230
113,1.0950322954038720,1.0950322954038720,1.1008465345839256,1.1082862619468852,1.2735304061487442,1.2735304061487442,1.2126701785011089,1.2056439723613679,0.9838972097692263,0.9838972097692263,1.2466481293760263,1.1858306649369710,1.0067032826242766,1.0067032826242766,1.1444760605276103,1.1537051958217743,0.8110205003067188,0.8110205003067188,1.0242714439569025,1.0083505850708039,0.8620160032397637,0.8620160032397637,1.0589906366536028,1.0254930132445690,1.0935384476213112,1.0935384476213112,1.0167144199655700,1.0176742774785710
114,1.0973795645528146,1.0973795645528146,1.1039939214491883,1.1089583229879492,1.2615942706835286,1.2615942706835286,1.2095264379505235,1.2002159712607241,1.0426653083444311,1.0426653083444311,1.2975667450538744,1.2294205987500475,1.0219175754293535,1.0219175754293535,1.1359689934050139,1.1475874408138318,0.7754490898546654,0.7754490898546654,1.0214134784365201,1.0063330835694881,0.9013136355523632,0.9013136355523632,1.0677999368001230,1.0334510729886792,1.0971099691534898,1.0971099691534898,1.0221236392200677,1.0347432400992329
115,1.0999231832123153,1.0999231832123153,1.1067574806479554,1.1113873436077955,1.2385571437845706,1.2385571437845706,1.2049032900820156,1.1990466739714698,1.0450075151717038,1.0450075151717038,1.2728257248969264,1.2227437597621200,0.9868199764440276,0.9868199764440276,1.1305616673392338,1.1419177467360484,0.7379057443775522,0.7379057443775522,1.0177198504832776,1.0030317174764261,0.9324697445039033,0.9324697445039033,1.0816692989508045,1.0568472062293144,1.1085798017442852,1.1085798017442852,1.0330271665712680,1.0483544243221519
116,1.1021455026727209,1.1021455026727209,1.1113058384959265,1.1133555223709120,1.2231391001265957,1.2231391001265957,1.2022773420927031,1.2041300400815964,1.0526090409656705,1.0526090409656705,1.2497607093312553,1.1902818909289228,0.9983106947193726,0.9983106947193726,1.1250510165715601,1.1346281400646125,0.6999220638948429,0.6999220638948429,1.0141933550166069,1.0021146713394644,0.9618216797497338,0.9618216797497338,1.0908309711031854,1.0698247488862291,1.1077733291402447,1.1077733291402447,1.0441130271557664,1.0530462508406444
117,1.1038233984902162,1.1038233984902162,1.1103462693296879,1.1167542310642935,1.1991511938687294,1.1991511938687294,1.2024006260358633,1.1995267012796900,1.0762653299211242,1.0762653299211242,1.2709701483851552,1.1908032056847369,0.9634603643551617,0.9634603643551617,1.1188515344579271,1.1299579665233381,0.6615746284075109,0.6615746284075109,1.0106000065553076,1.0002305583671613,0.9901578197158789,0.9901578197158789,1.0997530302915810,1.0817477783261682,1.1111528333857470,1.1111528333857470,1.0494006909213986,1.0558564594324500
118,1.1053138697749059,1.1053138697749059,1.1152976462274793,1.1170902615848255,1.1788636180887770,1.1788636180887770,1.2028321198369241,1.1972496486637736,1.1008585016074872,1.1008585016074872,1.2473265121867814,1.1662613110264086,0.9492642364605582,0.9492642364605582,1.1150629620551513,1.1250809956296826,0.6215041428982818,0.6215041428982818,1.0074412025590955,0.9973460314272637,1.0181149315925895,1.0181149315925895,1.1081676737915371,1.0888200469680187,1.1217521876102767,1.1217521876102767,1.0571680866598794,1.0645192328741460
119,1.1076611389238484,1.1076611389238484,1.1186657340009767,1.1190296377318965,1.1523831281062049,1.1523831281062049,1.1909228909276475,1.1865290387801892,1.1304128932098003,1.1304128932098003,1.2091575028640058,1.1555743585322182,0.9294827467713567,0.9294827467713567,1.1127381562625389,1.1203074234122175,0.5828886774075436,0.5828886774075436,1.0042489720655690,0.9951451206985558,1.0424940183050353,1.0424940183050353,1.1194717677395518,1.1004196923547520,1.1227122740436579,1.1227122740436579,1.0611915733413146,1.0616968059841152
120,1.1081698626557486,1.1081698626557486,1.1191839013507456,1.1221115176487764,1.1189773668472587,1.1189773668472587,1.1808629211657742,1.1781839486526686,1.0718151369493063,1.0718151369493063,1.2403431597231267,1.1610682140357982,0.9288282121860523,0.9288282121860523,1.1088118175905712,1.1150168578137996,0.5426075968956382,0.5426075968956382,0.9998701009173809,0.9927608007424553,1.0691775958012448,1.0691775958012448,1.1238411806122259,1.1043706018743544,1.1452295011945610,1.1452295011945610,1.0726542559412946,1.0793400286213637
121,1.1096157090516754,1.1096157090516754,1.1220626088494614,1.1234460388588894,1.0890663621507870,1.0890663621507870,1.1745877684589194,1.1706019788612934,1.1129740987412886,1.1129740987412886,1.1832193365704313,1.1381303647799750,0.9328863266149399,0.9328863266149399,1.1060392714230853,1.1111049412312561,0.5020967763808132,0.5020967763808132,0.9974633931107432,0.9890092483639757,1.0932231377949881,1.0932231377949881,1.1318893572260869,1.1228737937882221,1.1530766076433976,1.1530766076433976,1.0765318760360918,1.0852292483659300
122,1.1108830558925493,1.1108830558925493,1.1224080537493073,1.1237052624032999,1.0663247477552737,1.0663247477552737,1.1634059148142883,1.1643616238544305,1.1274106099130237,1.1274106099130237,1.1909209767160618,1.1395539550746983,0.9222392306939873,0.9222392306939873,1.1026467770442361,1.1064347676899817,0.4595374408399550,0.4595374408399550,0.9948895528175334,0.9875919952432168,1.1162832067562010,1.1162832067562010,1.1404731392888561,1.1295523774957350,1.1687964228459609,1.1687964228459609,1.0877636032072280,1.1019560986362853
123,1.1109633806923229,1.1109633806923229,1.1227151158825037,1.1246077443727289,1.0263663179416882,1.0263663179416882,1.1513857303561676,1.1557703658765408,1.1249832319283957,1.1249832319283957,1.1382864515757158,1.1088966373193192,0.9418170874010942,0.9418170874010942,1.1009074778956891,1.1029709120375972,0.4196584053331589,0.4196584053331589,0.9907446671505462,0.9859913328950656,1.1371297516751147,1.1371297516751147,1.1385139509362701,1.1385087097519158,1.1798182151011782,1.1798182151011782,1.0875569588761573,1.1076376073110223
124,1.1117487787345548,1.1117487787345548,1.1230029866323752,1.1221499211368371,1.0009779393848892,1.0009779393848892,1.1443955307789835,1.1428957873022247,1.1156144046193051,1.1156144046193051,1.1597153674213305,1.0861993948738720,0.8951560440753893,0.8951560440753893,1.0999603347949951,1.1009891040772779,0.3768118947886511,0.3768118947886511,0.9890900555334827,0.9844073441130409,1.1594317644574581,1.1594317644574581,1.1517631383566362,1.1447233076439594,1.1943987277361290,1.1943987277361290,1.1033591724286220,1.1091404579927271
125,1.1121950276221864,1.1121950276221864,1.1216691854913037,1.1252702045417777,0.9655164389715465,0.9655164389715465,1.1322890475606509,1.1352645839407753,1.1750851652426915,1.1750851652426915,1.1920782179814675,1.0742492566252086,0.8853525705088292,0.8853525705088292,1.0978077368388726,1.0974907821994966,0.3340611092453599,0.3340611092453599,0.9853295745856112,0.9805724239039284,1.1824615111715162,1.1824615111715162,1.1591629504797132,1.1531312930273128,1.2119363065858944,1.2119363065858944,1.1202675409297591,1.1074543328376438
126,1.1123110523329707,1.1123110523329707,1.1225999675825551,1.1245693408846680,0.9338195108846926,0.9338195108846926,1.1176922286904816,1.1255409538511867,1.1408676527751720,1.1408676527751720,1.1410797925611778,1.1050870294883697,0.9166684141123960,0.9166684141123960,1.0965161780651991,1.0944749874772715,0.2924398787164235,0.2924398787164235,0.9818532188649123,0.9776212026995245,1.2003667981164159,1.2003667981164159,1.1685783304763140,1.1511488081793984,1.2318164963331100,1.2318164963331100,1.1189425861011293,1.1347622293710580
127,1.1112489799804073,1.1112489799804073,1.1232044961572853,1.1250301827413978,0.8961866359895183,0.8961866359895183,1.1149553251523250,1.1157065482289319,1.1362258246993042,1.1362258246993042,1.1101535173649926,1.0574869821690303,0.8832871502618684,0.8832871502618684,1.0959651129884316,1.0913385609661572,0.2501677181792147,0.2501677181792147,0.9784270028901849,0.9756537218965885,1.2199549697784060,1.2199549697784060,1.1703824751463214,1.1648715401763092,1.2408029053495591,1.2408029053495591,1.1305146686410881,1.1326729003745417
128,1.1111418802473756,1.1111418802473756,1.1192798582673695,1.1236764597872542,0.8617144600442290,0.8617144600442290,1.1048337134188715,1.1092446421567368,1.1967612247896331,1.1967612247896331,1.1038285952764826,1.0437723939776116,0.8839416848471728,0.8839416848471728,1.0940363852197457,1.0885984960471069,0.2094080126612268,0.2094080126612268,0.9742988304718549,0.9715020039310711,1.2404376477314623,1.2404376477314623,1.1804885042744093,1.1739544140185270,1.2434527439056915,1.2434527439056915,1.1326054230495679,1.1336381459343359
129,1.1107134813152493,1.1107134813152493,1.1187041167676264,1.1252798054137931,0.8250195161382482,0.8250195161382482,1.0912231660939842,1.0992871526092973,1.1346501582882300,1.1346501582882300,1.0361499336858633,1.0605146178662588,0.9195338210747289,0.9195338210747289,1.0931409044699987,1.0862720258328189,0.1669826921220717,0.1669826921220717,0.9706720555132411,0.9693010932023630,1.2556745769267410,1.2556745769267410,1.1883534474452226,1.1826014223977281,1.2591469568033646,1.2591469568033646,1.1435818836940874,1.1439626079346648
130,1.1100798078948122,1.1100798078948122,1.1191455185840959,1.1223707411931867,0.7956352946000906,0.7956352946000906,1.0811262111491629,1.0891942707441546,1.1504068223989734,1.1504068223989734,1.0898419379135627,0.9937462279869831,0.9037086293233676,0.9037086293233676,1.0925898393932314,1.0828771026312283,0.1341873067052970,0.1341873067052970,0.9692848558746929,0.9669834675107690,1.2684705652260597,1.2684705652260597,1.1935262684912593,1.1902360980886324,1.2606702939443295,1.2606702939443295,1.1420624400832735,1.1296916356075830
131,1.1085625616768646,1.1085625616768646,1.1197404514671641,1.1221403202648219,0.7605078517993373,0.7605078517993373,1.0675773057958555,1.0833354759053644,1.1825589343006253,1.1825589343006253,1.0642030581541448,1.0570057685482788,0.9050613341329968,0.9050613341329968,1.0916599170761865,1.0826186059407517,0.1188713065106562,0.1188713065106562,0.9672124130411993,0.9656162350883898,1.2795230243139781,1.2795230243139781,1.1955841210054863,1.1969287419723718,1.2752252042743903,1.2752252042743903,1.1446758830938735,1.1473592948412819
132,1.1077771636346327,1.1077771636346327,1.1170536578016959,1.1228987891540230,0.7234660019110521,0.7234660019110521,1.0655307923393960,1.0715563442651919,1.0963657230569914,1.0963657230569914,1.0818011063625546,1.0170048863233074,0.8985014430669455,0.8985014430669455,1.0901444881150761,1.0791202840629706,0.1058527063452115,0.1058527063452115,0.9664268903543106,0.9639322049096056,1.2864819800360010,1.2864819800360010,1.2053095883672447,1.2035510849749795,1.2719097057911135,1.2719097057911135,1.1694002695290373,1.1421542997973291
133,1.1057690436402903,1.1057690436402903,1.1158158135772480,1.1175511034415553,0.7028957619973704,0.7028957619973704,1.0517599758884002,1.0641590003615933,1.1249406463497178,1.1249406463497178,1.0664177785069038,1.0039519668604220,0.9300063744396002,0.9300063744396002,1.0879057862407087,1.0758804588756656,0.0975246312393755,0.0975246312393755,0.9677639502468872,0.9628817702436313,1.2954573651938170,1.2954573651938170,1.2115395254308639,1.2097516226907967,1.3052439067581125,1.3052439067581125,1.1818353960399384,1.1525765081834598
134,1.1040108230230214,1.1040108230230214,1.1122654076621652,1.1191832516841396,0.6714044078259562,0.6714044078259562,1.0383959964498333,1.0566508809253286,1.0398759529410428,1.0398759529410428,1.0261338110094214,0.9343163458241686,0.9070685735279306,0.9070685735279306,1.0879057862407087,1.0728646641534405,0.0945571562016639,0.0945571562016639,0.9696024075991799,0.9646825153853016,1.3061004739451461,1.3061004739451461,1.2179526959375304,1.2182158487790555,1.2968591519065824,1.2968591519065824,1.1740801558503442,1.1471271471750022
135,1.1028148760041685,1.1028148760041685,1.1100871856548036,1.1131058996985166,0.6474807434166648,0.6474807434166648,1.0343769399028104,1.0403668776233972,1.0563565718893067,1.0563565718893067,1.0511142603936947,0.9651340681197981,0.9130175656476978,0.9130175656476978,1.0863214741450025,1.0730542283931233,0.0975054862391322,0.0975054862391322,0.9707723350051843,0.9655995615222632,1.3151061813501168,1.3151061813501168,1.2246477640488858,1.2222932998846949,1.2828674922841055,1.2828674922841055,1.1830266398308165,1.1426063768316630
136,1.1000035080120889,1.1000035080120889,1.1097801235216072,1.1124914438895437,0.6218610942049961,0.6218610942049961,1.0235279529047117,1.0382006005401470,1.0627444086909594,1.0627444086909594,1.0296254872412487,0.9729337388894792,0.9048867915769157,0.9048867915769157,1.0863214741450025,1.0714687820248676,0.1052017763369392,0.1052017763369392,0.9754019048832305,0.9672168974365410,1.3213980476347342,1.3213980476347342,1.2311736935974280,1.2260895474658076,1.3016339817685989,1.3016339817685989,1.1501215689950306,1.1417510959558961
137,1.0967280411768723,1.0967280411768723,1.1057115502567554,1.1110513130872632,0.6022801787593678,0.6022801787593678,1.0129871757645137,1.0273322899463408,1.0809071579969920,1.0809071579969920,0.9881443736071398,0.9041803428246036,0.9047558846598548,0.9047558846598548,1.0850471361549778,1.0686770177677221,0.1255720565958116,0.1255720565958116,0.9778086126898683,0.9685674562927937,1.3284631312217989,1.3284631312217989,1.2356558655119774,1.2358613699431162,1.2847108582361977,1.2847108582361977,1.1507293464393560,1.1342857157402737
138,1.0942379723838875,1.0942379723838875,1.1022954840249459,1.1082094549707635,0.6007769195027152,0.6007769195027152,1.0068599637894511,1.0188271907160804,1.0346805123423652,1.0346805123423652,0.9664560760985894,0.9376246894668353,0.8941378791649157,0.8941378791649157,1.0854776557462023,1.0668675409343871,0.1622155870614898,0.1622155870614898,0.9824214693192573,0.9728192156550706,1.3396368792983366,1.3396368792983366,1.2434644291618528,1.2435522863389259,1.2738298786578761,1.2738298786578761,1.1628848953258673,1.1318542743934505
139,1.0916408038578713,1.0916408038578713,1.0994263722178925,1.1067021180643768,0.5946996406275300,0.5946996406275300,1.0037285516331818,1.0116513978778143,1.0113436152269941,1.0113436152269941,1.0100521479074052,0.8725605978277214,0.8718691580515573,0.8718691580515573,1.0828773174152062,1.0643859727058131,0.2046791976011315,0.2046791976011315,0.9873184511758188,0.9767041565625628,1.3445490833374114,1.3445490833374114,1.2446906837422484,1.2496965833498379,1.2943373248749008,1.2943373248749008,1.1511791017481570,1.1349577221426619
140,1.0885706115109652,1.0885706115109652,1.0959143490694592,1.1063948901598903,0.5823652057011499,0.5823652057011499,0.9877632809939343,1.0043771378994006,0.9838120386118709,0.9838120386118709,0.9770109145365132,0.9032379661506319,0.8986468951970131,0.8986468951970131,1.0822229276365449,1.0620939687169220,0.2498231081748353,0.2498231081748353,0.9966444439265401,0.9820563712891937,1.3533576961358762,1.3533576961358762,1.2546134794272890,1.2541958397422677,1.2607086974016648,1.2607086974016648,1.1349028217891186,1.1181697803811805
141,1.0857770934743909,1.0857770934743909,1.0944366125534517,1.1036202381474969,0.5849605763835758,0.5849605763835758,0.9821538615801446,0.9954535533235123,0.9960553924817053,0.9960553924817053,0.9496760777502077,0.8638586515191312,0.8700946420647319,0.8700946420647319,1.0820162782327571,1.0609048839407302,0.2952924837526753,0.2952924837526753,1.0041821190709401,0.9880255079625078,1.3601195572513929,1.3601195572513929,1.2581512943661315,1.2580342678520595,1.2713848585408649,1.2713848585408649,1.1167545873015572,1.1179009778202251
142,1.0838939231685853,1.0838939231685853,1.0913084170715139,1.0974276756976913,0.5756712050796458,0.5756712050796458,0.9642160478503338,0.9898163095500545,0.9701420678563342,0.9701420678563342,0.9605900600291195,0.8632771850607232,0.8751272857650728,0.8751272857650728,1.0806041739735408,1.0601121607566026,0.3434230143643341,0.3434230143643341,1.0135081118216616,0.9939946446358220,1.3685188197132678,1.3685188197132678,1.2583909073301167,1.2598199102328049,1.2415965768011543,1.2415965768011543,1.1299676689411950,1.1160926696828894
143,1.0807969558884214,1.0807969558884214,1.0865009755486583,1.0961219571036238,0.5706860376302338,0.5706860376302338,0.9599257666283584,0.9826897502818622,0.9554074576338553,0.9554074576338553,0.9298832616246492,0.8890020632033989,0.9045231612517466,0.9045231612517466,1.0792781736325694,1.0584750150502518,0.3883946199358483,0.3883946199358483,1.0241544512163021,1.0022147127362240,1.3672604464563445,1.3672604464563445,1.2572915066718311,1.2578514855611169,1.2434783462105816,1.2434783462105816,1.1275730258105523,1.1149563679479420
144,1.0777892383857839,1.0777892383857839,1.0840828612497371,1.0938753530520666,0.5705447055633690,0.5705447055633690,0.9499151104437492,0.9729907369773105,0.9234043952575752,0.9234043952575752,0.8736373456388132,0.8629964771152847,0.8871852673476817,0.8871852673476817,1.0784515760174183,1.0564415077518370,0.4373292405577258,0.4373292405577258,1.0330626127505931,1.0087340770917150,1.3622572756758051,1.3622572756758051,1.2550504207145563,1.2589200589543190,1.2588397291446827,1.2588397291446827,1.1323987787184973,1.1161659794722409
145,1.0750849701267360,1.0750849701267360,1.0831328877751609,1.0907550696471258,0.5714183947039876,0.5714183947039876,0.9419632961099156,0.9665411392976340,0.9636051815293095,0.9636051815293095,0.9184904208910868,0.8264242419381680,0.8916361025277521,0.8916361025277521,1.0775560952676713,1.0552007236375500,0.4845599561579494,0.4845599561579494,1.0434081136694040,1.0169374716259905,1.3572086215245336,1.3572086215245336,1.2532885606852522,1.2546317052052844,1.2498149166708983,1.2498149166708983,1.1156484323528848,1.1195260114841823
146,1.0756650936806571,1.0756650936806571,1.0787956351437622,1.0891709257646174,0.5915260933079302,0.5915260933079302,0.9538848534135080,0.9789726157412854,0.9639032805800534,0.9639032805800534,0.9338937011823480,0.8788765266000854,0.9145302678004015,0.9145302678004015,1.0990476332615993,1.0757425939740783,0.5297421567321399,0.5297421567321399,1.0530349448959548,1.0300762417337321,1.3613930916318937,1.3613930916318937,1.2523864883502487,1.2484171073132406,1.2495332913171064,1.2495332913171064,1.1369206429042793,1.1139666857916974
147,1.0772358897651206,1.0772358897651206,1.0809450700761367,1.0912063106318404,0.6186875468853963,0.6186875468853963,0.9620585788450301,0.9881177513825060,0.9767854181300529,0.9767854181300529,0.9445483017983241,0.8752874750119802,0.9200138131039521,0.9200138131039521,1.1068142066872895,1.0824635079264660,0.5755178523138726,0.5755178523138726,1.0617091209490450,1.0372458751681599,1.3575118439960814,1.3575118439960814,1.2412374380848126,1.2499074859932331,1.2606446916394394,1.2606446916394394,1.1204620297119432,1.1161415428757904
148,1.0754241192813361,1.0754241192813361,1.0778168745941989,1.0874427688018811,0.6488426706064526,0.6488426706064526,0.9523931177012694,0.9797603528624672,0.9178895628188151,0.9178895628188151,0.9237379114566331,0.8706557939122467,0.9204501694941551,0.9204501694941551,1.1019751664819259,1.0754668641709033,0.6153203078196956,0.6153203078196956,1.0758819558103563,1.0444488557348406,1.3556621869196397,1.3556621869196397,1.2418998974558308,1.2424274722408184,1.2575084092903939,1.2575084092903939,1.1098502355340190,1.1158849586130604
149,1.0688910355664083,1.0688910355664083,1.0736427487210609,1.0781107212031045,0.6377031340635656,0.6377031340635656,0.9445645873105960,0.9668857742881510,0.8616340133855936,0.8616340133855936,0.9216628581531471,0.8715380188836245,0.9174829460407748,0.9174829460407748,1.0956895804500479,1.0645755369454959,0.6541846583135966,0.6541846583135966,1.0860268977452807,1.0546530782043051,1.3552528365830501,1.3552528365830501,1.2419844667372375,1.2365503185782070,1.2433759369910209,1.2433759369910209,1.1061063264769735,1.1133802074768859
150,1.0603230569238800,1.0603230569238800,1.0631354663507482,1.0677033759386252,0.6314973714912306,0.6314973714912306,0.9241734231118970,0.9503309863508134,0.9223823413693109,0.9223823413693109,0.8639404619321385,0.8146746093648181,0.9287118504819981,0.9287118504819981,1.0892662281489782,1.0556832507931060,0.6971077488590776,0.6971077488590776,1.0963055456694626,1.0628397991724539,1.3470355076041038,1.3470355076041038,1.2417307588930178,1.2320932427144562,1.2490340463717482,1.2490340463717482,1.1221030288116223,1.1093726056590067
151,1.0497112583759987,1.0497112583759987,1.0542594515630410,1.0558655007438809,0.6423028504215282,0.6423028504215282,0.9053356365970165,0.9255172670335845,0.7565328052090680,0.7565328052090680,0.8599699272456605,0.7759770140293821,0.9112721400868858,0.9112721400868858,1.0864247988468962,1.0513060401677050,0.7367953343634407,0.7367953343634407,1.1053474131930114,1.0664746365880473,1.3340727469454339,1.3340727469454339,1.2374881999424536,1.2198608893975376,1.2419678102220617,1.2419678102220617,1.1036509056018982,1.1095314435359349
152,1.0382694368971224,1.0382694368971224,1.0402881245026068,1.0428179156752211,0.6367138095955122,0.6367138095955122,0.8984194073857287,0.9074116216389200,0.8011199060846038,0.8011199060846038,0.8480184183150057,0.7364573454251623,0.9048286107248886,0.9048286107248886,1.0854432141789043,1.0490485024042107,0.7701650697875144,0.7701650697875144,1.1169129812637983,1.0759618957140691,1.3332843685194093,1.3332843685194093,1.2290171769215599,1.2117200473624850,1.2337238680474276,1.2337238680474276,1.0961023097433746,1.1004288113581302
153,1.0239626975596507,1.0239626975596507,1.0278137253415047,1.0281285814919616,0.6364825389406426,0.6364825389406426,0.8762529544055225,0.8922476820561690,0.7827016433065052,0.7827016433065052,0.7727977360636394,0.7550041203916277,0.9001886877757304,0.9001886877757304,1.0811896806176062,1.0479283500788128,0.8120351853196138,0.8120351853196138,1.1241999576783404,1.0874833299075330,1.3180171170769759,1.3180171170769759,1.2214623211159041,1.1976317507836889,1.2215115686148172,1.2215115686148172,1.0908511126244018,1.0951138516301502
154,1.0102896316426162,1.0102896316426162,1.0142933957892026,1.0137752778292344,0.6295187225551239,0.6295187225551239,0.8650217871836272,0.8734896918580257,0.7435229109230352,0.7435229109230352,0.8217011557448327,0.6845865272216530,0.8928142647813000,0.8928142647813000,1.0785721215029611,1.0438096361438880,0.8485638457838321,0.8485638457838321,1.1306178451627076,1.1046237558856531,1.3063430519223842,1.3063430519223842,1.2058592886963875,1.1975895702550099,1.2188745312111300,1.2188745312111300,1.0858916486787054,1.0900676944631256
155,0.9960096672384025,0.9960096672384025,0.9972610430884672,0.9986923078933516,0.6383969460281745,0.6383969460281745,0.8480949017877302,0.8606520384612650,0.7938164793413809,0.7938164793413809,0.8137002290650455,0.6736589679170869,0.8928579004203203,0.8928579004203203,1.0752829518260059,1.0432064771994429,0.8942055263638619,0.8942055263638619,1.1331582589586031,1.1142610771068140,1.2957454265417874,1.2957454265417874,1.1962606752567391,1.1864960912124252,1.2112962489636401,1.2112962489636401,1.0735780776566695,1.0785947124296240
156,0.9808907549254411,0.9808907549254411,0.9800943507044584,0.9842621972545026,0.6418660058512189,0.6418660058512189,0.8289489054149493,0.8451065387104416,0.7295335483274159,0.7295335483274159,0.7234553627990163,0.6835438977100247,0.8997377861725205,0.8997377861725205,1.0722520939037852,1.0401906824772178,0.9231719117319763,0.9231719117319763,1.1376206963500772,1.1272164379871634,1.2859058573400601,1.2859058573400601,1.1867607259787318,1.1721547114615551,1.2022458341849656,1.2022458341849656,1.0654095488049340,1.0686490176742776
157,0.9650132195035060,0.9650132195035060,0.9676391429266812,0.9683439514532973,0.6454250042622681,0.6454250042622681,0.8231422316921032,0.8409093768616445,0.7872157146463398,0.7872157146463398,0.7669516724297799,0.6752028616169981,0.8958396690867073,0.8958396690867073,1.0692212359815645,1.0374506175581675,0.9535167371176085,0.9535167371176085,1.1448742462673049,1.1337191287765280,1.2693195881463937,1.2693195881463937,1.1744558955340723,1.1586850626367182,1.1864108086103966,1.1864108086103966,1.0554419987179948,1.0560641705022791
158,0.9504833557222185,0.9504833557222185,0.9530920743665038,0.9544994940073757,0.6578365294069382,0.6578365294069382,0.8148945358946851,0.8295118053895443,0.8222636458980742,0.8222636458980742,0.7587312689582778,0.6786716097999154,0.8936433419226857,0.8936433419226857,1.0620057276326416,1.0334870016375286,0.9754760523966748,0.9754760523966748,1.1503896183241831,1.1311180524607822,1.2455317852534660,1.2455317852534660,1.1605160589822188,1.1380447239364464,1.1815975752910450,1.1815975752910450,1.0436389607491925,1.0466927357635190
159,0.9343559209232096,0.9343559209232096,0.9335456504502232,0.9376883671087566,0.6603933549802190,0.6603933549802190,0.8042674599942747,0.8191235221039583,0.8080187698303887,0.8080187698303887,0.7388985479614985,0.6492774777990091,0.8910252035814679,0.8910252035814679,1.0602319869167967,1.0280413380248248,1.0193372479540774,1.0193372479540774,1.1567239395652642,1.1384044008580958,1.2346612596484761,1.2346612596484761,1.1378092069245482,1.1162514507856145,1.1625750627576499,1.1625750627576499,1.0343034992043518,1.0258116640965815
160,0.9182463360797061,0.9182463360797061,0.9140280136089298,0.9221253535721138,0.6670873556017232,0.6670873556017232,0.7937143544597607,0.8114061599948797,0.7458864105396468,0.7458864105396468,0.6852863534762408,0.6983011154130717,0.8801162938263934,0.8801162938263934,1.0555995961152207,1.0232505326946613,1.0579910034453024,1.0579910034453024,1.1538994005421963,1.1363702257906536,1.2110250679913221,1.2110250679913221,1.1184992210033762,1.0966375049498656,1.1394561814418280,1.1394561814418280,1.0216374172646072,1.0191404732656000
161,0.9019404017256445,0.9019404017256445,0.9026475232973399,0.9028756051816333,0.6712630757590914,0.6712630757590914,0.7905336287262271,0.8093506584442959,0.7624947862239437,0.7624947862239437,0.7573745033367677,0.6772680700727234,0.8732945889262202,0.8732945889262202,1.0487801657902245,1.0191318187597367,1.0754703886674362,1.0754703886674362,1.1568242190572076,1.1346028277812366,1.1799447646576691,1.1799447646576691,1.0971313825679767,1.0842926702231364,1.1274358992958939,1.1274358992958939,1.0103327568001517,1.0041364030450035
162,0.8844652952859879,0.8844652952859879,0.8818056810066371,0.8883014814625563,0.6821327965379639,0.6821327965379639,0.7874268733585899,0.7966853225427936,0.7686909879215469,0.7686909879215469,0.6977167208615461,0.7102512536617349,0.8740654852155789,0.8740654852155789,1.0419951770325260,1.0150820372756058,1.1009332389910265,1.1009332389910265,1.1573089032682664,1.1221476738846843,1.1412687384117426,1.1412687384117426,1.0888858776308339,1.0720181363775387,1.1219186025920629,1.1219186025920629,0.9888417463687998,0.9996522875963401
163,0.8667045895582471,0.8667045895582471,0.8734094508020492,0.8740249847759506,0.6888396455291831,0.6888396455291831,0.7830133081934543,0.7919096662456285,0.6514741826112199,0.6514741826112199,0.6875210262646103,0.6816390937945498,0.8726109639149023,0.8726109639149023,1.0346246816307623,1.0109977895660778,1.0933326738944360,1.0933326738944360,1.1514759794869014,1.1125937204941563,1.1423300170621602,1.1423300170621602,1.0874904844876250,1.0663518853583223,1.1069796576886497,1.1069796576886497,0.9765160197978775,0.9876050455462522
164,0.8486582845424220,0.8486582845424220,0.8615011974490281,0.8609677988352755,0.6968056347524703,0.6968056347524703,0.7677630844245360,0.7829737732772217,0.6699776165466739,0.6699776165466739,0.7419712230455066,0.7057599265347205,0.8654983547545938,0.8654983547545938,1.0280807838441495,1.0092572451835364,1.0969510789404200,1.0969510789404200,1.1316373533307973,1.0965037291820106,1.1394494035824556,1.1394494035824556,1.0836002975429218,1.0632727067647532,1.0929495946088374,1.0929495946088374,0.9647129818290752,0.9702061888735086
165,0.8285324597102333,0.8285324597102333,0.8475970402302305,0.8489187044561968,0.7022918886207663,0.7022918886207663,0.7649028969432191,0.7813736822498211,0.7452263340701426,0.7452263340701426,0.6262670489405534,0.6598441268880115,0.8636074770637142,0.8636074770637142,1.0227251201293166,1.0049145007835321,1.0984252439591542,1.0984252439591542,1.1239325456998250,1.0967204855416561,1.1372358795401565,1.1372358795401565,1.0795832566761085,1.0609246573349538,1.0817613873718339,1.0817613873718339,0.9528370105669537,0.9603093673110632
166,0.8103790549613765,0.8103790549613765,0.8327141224618696,0.8296017499616098,0.7105405419777830,0.7105405419777830,0.7516375446591803,0.7740624970938518,0.7530407877574978,0.7530407877574978,0.7237346968975625,0.6373473901178772,0.8632147563125316,0.8632147563125316,1.0188676645919448,1.0027431285835300,1.1048005290401732,1.1048005290401732,1.0854586472909356,1.0747113782545759,1.1319446474116468,1.1319446474116468,1.0743963407498374,1.0555396098402643,1.0652735030225655,1.0652735030225655,0.9509285893917715,0.9504736372397440
167,0.7908422786608617,0.7908422786608617,0.8115460266546458,0.8076445556628423,0.7072899044398933,0.7072899044398933,0.7393707923147392,0.7578769609320681,0.7323441965201430,0.7323441965201430,0.6813158187897629,0.6226703746849555,0.8630838493954707,0.8630838493954707,1.0150790921891690,1.0006062226089247,1.0729815386358070,1.0729815386358070,1.0854753605395928,1.0732607780015637,1.1256831033741839,1.1256831033741839,1.0683496371292660,1.0519542649025468,1.0535604485353136,1.0535604485353136,0.9244902705636096,0.9370823823848795
168,0.7715197018264099,0.7715197018264099,0.7661200223249098,0.7745311480824099,0.6970369054073399,0.6970369054073399,0.7202001391533263,0.7449408403951596,0.7285966655965068,0.7285966655965068,0.6897157941817589,0.6733582094041172,0.8623274983191189,0.8623274983191189,1.0132020267714301,0.9979867894787634,1.0919733788771617,1.0919733788771617,1.0841884403929880,1.0721269755049565,1.1183299584391491,1.1183299584391491,1.0628526338378372,1.0424074052448598,1.0038279712861617,1.0038279712861617,0.8860058027889151,0.8952591475598787
169,0.7515902265047791,0.7515902265047791,0.7435509555349775,0.7467942288304906,0.6866554226776366,0.6866554226776366,0.7008938736544370,0.7237457884783600,0.7641769165817123,0.7641769165817123,0.6950630469253574,0.6788721154752285,0.8624584052361798,0.8624584052361798,1.0101022857146138,0.9972457656327309,1.1074425390737488,1.1074425390737488,1.0824502625326384,1.0713599914631342,1.1141606494553662,1.1141606494553662,1.0551568292298372,1.0312295651449170,0.9500375287119183,0.9500375287119183,0.8451388474324645,0.8518475339655964
170,0.7313394519840536,0.7313394519840536,0.7222485200444804,0.7270164324791740,0.6718541007659805,0.6718541007659805,0.6741289295943550,0.6934056009203395,0.7360917274437793,0.7360917274437793,0.6593082823114453,0.7020104704063649,0.8609893387224964,0.8609893387224964,1.0073469603307768,0.9961256133073330,1.1231605842734991,1.1231605842734991,1.0841717271443307,1.0719102191453111,1.1061555762065034,1.1061555762065034,1.0329573928606064,1.0202345073359165,0.9399246182803018,0.9399246182803018,0.8372742073028917,0.8428304298753683
171,0.7106067286646858,0.7106067286646858,0.7039975145026219,0.7072290352558421,0.6522988820597820,0.6522988820597820,0.6460941609197228,0.6851835947180038,0.7886849171107199,0.7886849171107199,0.6431867143382082,0.6440643302408674,0.8603929849892190,0.8603929849892190,1.0057798690187196,0.9934544808390764,1.1402379244905236,1.1402379244905236,1.0808625039102038,1.0692424485650589,1.0984082420584562,1.0984082420584562,1.0167200908305403,1.0085083203631464,0.9267778347192004,0.9267778347192004,0.8219217490592280,0.8255171012902014
172,0.6876338359294070,0.6876338359294070,0.6838465620116110,0.6863567394947925,0.6408381362740205,0.6408381362740205,0.6314603568666057,0.6546464728796880,0.7585982057749356,0.7585982057749356,0.5904125221485891,0.7280561576295417,0.8628365807743557,0.8628365807743557,1.0044366478940991,0.9921102980485988,1.1549604296776221,1.1549604296776221,1.0796591500068848,1.0680586253700721,1.0885535117331515,1.0885535117331515,1.0033158597275953,0.9984412341850846,0.9135926477007638,0.9135926477007638,0.8115409103101475,0.8134576409418883
173,0.6671777869203708,0.6671777869203708,0.6630047197209082,0.6612888626630995,0.6216169751804116,0.6216169751804116,0.6114760296803353,0.6413287921747071,0.7086666147753504,0.7086666147753504,0.6044191319471194,0.6606461495892642,0.8591420966706371,0.8591420966706371,1.0038683620336826,0.9896804291581203,1.1668494748287119,1.1668494748287119,1.0781883841250508,1.0659744296042502,1.0768188020842504,1.0768188020842504,0.9966771711371776,0.9858995569911865,0.8927011669103865,0.8927011669103865,0.7993488947769767,0.8026811019072255
174,0.6481140344407454,0.6481140344407454,0.6421532817385431,0.6389092299956630,0.6132912316051050,0.6132912316051050,0.5899999667818264,0.6174874358664371,0.7734392799441088,0.7734392799441088,0.6455011968690194,0.6928473610445544,0.8594475461437793,0.8594475461437793,1.0040405698701724,0.9880260503390710,1.1756561749406305,1.1756561749406305,1.0741604911986640,1.0600386400631892,1.0602022106434290,1.0602022106434290,0.9855563106322105,0.9706864463142830,0.8714896573088821,0.8714896573088821,0.7825863928624778,0.7823865085550997
175,0.6302819288909836,0.6302819288909836,0.6256870748458886,0.6280698454904997,0.6098478685214905,0.6098478685214905,0.5799646538085851,0.6118871172705347,0.7967761770594799,0.7967761770594799,0.6164105457489950,0.6369463787672510,0.8664437936000337,0.8664437936000337,1.0090173763447279,0.9908695139343119,1.1743734599243294,1.1743734599243294,1.0692969358394169,1.0427814991221831,1.0397650160611047,1.0397650160611047,0.9714191457570749,0.9453921892830917,0.8542977095751341,0.8542977095751341,0.7640978030060942,0.7707302520482195
176,0.6213837260716079,0.6213837260716079,0.6152757493921995,0.6215316516481471,0.6207304376700780,0.6207304376700780,0.5744538615493237,0.6124533033263841,0.8261815191364211,0.8261815191364211,0.6468380100549190,0.7284972701152306,0.8728582325360174,0.8728582325360174,1.0101367272819117,0.9995377696216221,1.1747946499296820,1.1747946499296820,1.0622105184087614,1.0354451300264897,1.0233000358560573,1.0233000358560573,0.9572396962412359,0.9346361544699391,0.8301291337588153,0.8301291337588153,0.7473839232871413,0.7513520310629869
177,0.6139045947149009,0.6139045947149009,0.6068891148792741,0.6162799746558314,0.6296343578825586,0.6296343578825586,0.5774496613681168,0.6197891052673903,0.8722591152656760,0.8722591152656760,0.7458819004251531,0.7199156272118282,0.8859780146681201,0.8859780146681201,1.0120826758342465,0.9997962663120985,1.1682279148462298,1.1682279148462298,1.0495418759265989,1.0315935362512507,0.9943119675760843,0.9943119675760843,0.9294586872991699,0.9167937908387095,0.8082135607728312,0.8082135607728312,0.7285428225130490,0.7341120122671715
178,0.6095938304603788,0.6095938304603788,0.5998266858157579,0.6142349889165933,0.6441658640302002,0.6441658640302002,0.5915163592826970,0.6228415866119701,0.8894211034727829,0.8894211034727829,0.6802583397024095,0.7840373421769703,0.9436934198789669,0.9436934198789669,1.0115143899738301,1.0001926279041624,1.1612591347576682,1.1612591347576682,1.0367896672011501,1.0257244409746960,0.9836840199483327,0.9836840199483327,0.9129958671853530,0.9124351362085431,0.7790909389602648,0.7790909389602648,0.7119140316363016,0.7191445969412509
179,0.6051759664728252,0.6051759664728252,0.5971878706086017,0.6144846115889886,0.6519905211866226,0.6519905211866226,0.5920711370269179,0.6323067404586710,0.8933815622898076,0.8933815622898076,0.7365441605594663,0.7550442215266903,0.9469660928054893,0.9469660928054893,1.0104294806039442,1.0001064623406704,1.1558219546885706,1.1558219546885706,1.0265611590229398,1.0182546833499899,0.9548778851512884,0.9548778851512884,0.8976042579693528,0.8983890201584263,0.7500195217574788,0.7500195217574788,0.6850138019504524,0.6905171241995106
180,0.6055151156274253,0.6055151156274253,0.5938197828351042,0.6126796476501306,0.6822869769745437,0.6822869769745437,0.6013297611582499,0.6498708165825229,0.9063275782078237,0.9063275782078237,0.6751904210573572,0.7702626022829576,0.9402025687573431,0.9402025687573431,1.0124615330745241,1.0004338914819404,1.1482979695929534,1.1482979695929534,1.0158646798823276,1.0087840977900948,0.9363358310161382,0.9363358310161382,0.8769411635456751,0.8685252058536732,0.7264141966487437,0.7264141966487437,0.6643372132944968,0.6753053429090852
181,0.6074339858442416,0.6074339858442416,0.5918910488109645,0.6191794380044224,0.6754002508073148,0.6754002508073148,0.6112787753712789,0.6574527863738984,0.9489557424641860,0.9489557424641860,0.7729573555485230,0.8441489436358496,0.9361153639024419,0.9361153639024419,1.0146485725979446,1.0022950676533708,1.1264535243153468,1.1264535243153468,0.9954745165205356,0.9928941892714680,0.8959465978059665,0.8959465978059665,0.8395051616430229,0.8517092350869667,0.6875626989779133,0.6875626989779133,0.6371938726309173,0.6546930738031032
182,0.6131995214724428,0.6131995214724428,0.5973797844418495,0.6226837562899713,0.7037694511379889,0.7037694511379889,0.6237920956020405,0.6754230394508598,0.9229785394707984,0.9229785394707984,0.7606067979056593,0.8629764265477534,0.9170320444375651,0.9170320444375651,1.0216057691921328,1.0068446094057564,1.1201931092357873,1.1201931092357873,0.9832738450007749,0.9866082548417489,0.8748574749098146,0.8748574749098146,0.8229295824873305,0.8357790554225198,0.6643670107474210,0.6643670107474210,0.6279434999282822,0.6421693181222309
183,0.6275330357431724,0.6275330357431724,0.6130687403098508,0.6341952018361988,0.7232861247350425,0.7232861247350425,0.6423093438647043,0.6928147980794532,0.9588781822960866,0.9588781822960866,0.7577735520489766,0.8341838115727865,0.9098467092122229,0.9098467092122229,1.0363123184283625,1.0246808810486310,1.1158089041800714,1.1158089041800714,0.9794465110582745,0.9818562884956747,0.8630317985194490,0.8630317985194490,0.8162767990166785,0.8300425035221719,0.6660823651750623,0.6660823651750623,0.6250626348421791,0.6359502043255830
184,0.6441245693853183,0.6441245693853183,0.6276062131783657,0.6568820624081216,0.7435223070361348,0.7435223070361348,0.6670277744683268,0.7086803160357568,1.0276751846498862,1.0276751846498862,0.8074351642833667,0.8295721810405843,0.9012213978992107,0.9012213978992107,1.0475058278001999,1.0452916838359529,1.1178382742058615,1.1178382742058615,0.9787111281173575,0.9826232725374973,0.8655333839097186,0.8655333839097186,0.8047612818651473,0.8305627300425465,0.6525259447357181,0.6525259447357181,0.6347992295002746,0.6380395333220993
185,0.6619299000018222,0.6619299000018222,0.6418078368386972,0.6761318107986022,0.7861403493807210,0.7861403493807210,0.7024965649155198,0.7453716341333060,1.1385041531585605,1.1385041531585605,0.8680307112322790,0.9260154108662045,0.8952142249274164,0.8952142249274164,1.0560817780573923,1.0535118785931039,1.1189103942194862,1.1189103942194862,0.9788114076093007,0.9836236865050918,0.8623040645877341,0.8623040645877341,0.8089192715343048,0.8320952892512180,0.6487880082217535,0.6487880082217535,0.6364037619532941,0.6426213951565648
186,0.6783161591556575,0.6783161591556575,0.6597901630140089,0.6925589028166131,0.8415553679614265,0.8415553679614265,0.7410227971530861,0.7856939280238029,1.2181391852858308,1.2181391852858308,0.8790045508180221,0.9682218555196205,0.8886834242873786,0.8886834242873786,1.0617474158779070,1.0567344706677102,1.1203271242374906,1.1203271242374906,0.9779256054304688,0.9840071785260031,0.8620614866104959,0.8620614866104959,0.8131477356046345,0.8321093494274443,0.6430274896214657,0.6430274896214657,0.6479393778465932,0.6449795267140364
187,0.6965231137710299,0.6965231137710299,0.6770624080063040,0.7065473733427629,0.8810255597258428,0.8810255597258428,0.7783901603249463,0.8233945343078664,1.3510700691282234,1.3510700691282234,1.0110098648167063,1.0662290296126831,0.8827198869546046,0.8827198869546046,1.0717871327452626,1.0670398720613712,1.1224330742642536,1.1224330742642536,0.9784437161388422,0.9839905049598764,0.8663520845828978,0.8663520845828978,0.8162627041364440,0.8325733352429137,0.6455749189580374,0.6455749189580374,0.6476719557710899,0.6513452600893871
188,0.7122935494599335,0.7122935494599335,0.6919165386996777,0.7265939941105051,0.9387147397460998,0.9387147397460998,0.8172492592090451,0.8660308059918349,1.3901210447756602,1.3901210447756602,1.0656994908249280,1.0834524671220818,0.8747345650138901,0.8747345650138901,1.0888357085577536,1.0940096934344137,1.1218970142574411,1.1218970142574411,0.9786609883713858,0.9837070543357247,0.8678833580642143,0.8678833580642143,0.8130490714429934,0.8378177809753397,0.6414401467182753,0.6414401467182753,0.6546978630274934,0.6544364895403731
189,0.7302059798094691,0.7302059798094691,0.7039975145026219,0.7465254044140649,1.0056418975914267,1.0056418975914267,0.8469976746936042,0.9170244761958425,1.4305986373087995,1.4305986373087995,1.1390047392576919,1.2324081333122134,0.8733818602042609,0.8733818602042609,1.0987204383722686,1.1074342882264905,1.1229882792713093,1.1229882792713093,0.9795467905502178,0.9844740383775471,0.8705062324431031,0.8705062324431031,0.8187715928181730,0.8398846268806122,0.6345403255503750,0.6345403255503750,0.6588793718444532,0.6654451762413155
190,0.7506174039297421,0.7506174039297421,0.7283801670167451,0.7656119379802869,1.0498916828898153,1.0498916828898153,0.8942154249239654,0.9456414888012775,1.4769104541207816,1.4769104541207816,1.1612916098345556,1.2086482107876062,0.8656001712456411,0.8656001712456411,1.1091562332635510,1.1100881875820487,1.1246538942924764,1.1246538942924764,0.9805328722209929,0.9844406912452940,0.8679288414349465,0.8679288414349465,0.8165586966213670,0.8419655329621110,0.6365117030269178,0.6365117030269178,0.6549045073585641,0.6672046111857503
191,0.7684852093905146,0.7684852093905146,0.7466215768669411,0.7828359023755598,1.0659007515546794,1.0659007515546794,0.9364155186677060,0.9842036825616337,1.5340815934955732,1.5340815934955732,1.1597752247281619,1.2388243149222338,0.8658183494407427,0.8658183494407427,1.1178182874389881,1.1091231332709366,1.1255345643036683,1.1255345643036683,0.9813183949078816,0.9845240590759269,0.8695662427813048,0.8695662427813048,0.8225067360802976,0.8489675007228299,0.6497608958075800,0.6497608958075800,0.6670114340495292,0.6881956475367148
192,0.7839878957468390,0.7839878957468390,0.7642872452173940,0.7998678493305286,1.1138251705915521,1.1138251705915521,0.9661516057579491,1.0049187071702130,1.5308025039373916,1.5308025039373916,1.2497208044600345,1.3073371041767337,0.8654692643285803,0.8654692643285803,1.1241383150381641,1.1046942233074402,1.1272001793248356,1.1272001793248356,0.9798810555233619,0.9856411880064074,0.8762522982789346,0.8762522982789346,0.8216751381464660,0.8565881162375079,0.6635221346860454,0.6635221346860454,0.6709619874376455,0.6995464465879639
193,0.8010435282321219,0.8010435282321219,0.7862325920492711,0.8148068061861832,1.1466142101041792,1.1466142101041792,1.0141090596472715,1.0165501381001640,1.5859082427463154,1.5859082427463154,1.2459298416940505,1.2441978670206260,0.8578184822870215,0.8578184822870215,1.1244655099274947,1.1027124153471208,1.1259557543090211,1.1259557543090211,0.9825551753085150,0.9883423057189128,0.8796938733310026,0.8796938733310026,0.8257485585342169,0.8662896378336847,0.6748639557523899,0.6748639557523899,0.6954067962484194,0.7175928730666452
194,0.8186168094270574,0.8186168094270574,0.7972772331526776,0.8328564455747633,1.1514195003775813,1.1514195003775813,1.0091900303151791,1.0250921625079801,1.6110124413768105,1.6110124413768105,1.2652837042361791,1.3418842320331876,0.8429096389550865,0.8429096389550865,1.1240177695526212,1.0999378842026737,1.1280042693350543,1.1280042693350543,0.9842432134228928,0.9917937339071140,0.8949762858970134,0.8949762858970134,0.8390118408348177,0.8796889857773897,0.6925935518888314,0.6925935518888314,0.7149286077601564,0.7382662336637535
195,0.8347442442260662,0.8347442442260662,0.8174953554853251,0.8481794373110262,1.1521904025604801,1.1521904025604801,1.0308633475227444,1.0349511849152719,1.5447705737436721,1.5447705737436721,1.2813653673381955,1.2952466119553514,0.8247426679096360,0.8247426679096360,1.1231567303701722,1.0964050960994955,1.1277936743323780,1.1277936743323780,0.9887725038089958,0.9964790059886818,0.9168083038484576,0.9168083038484576,0.8576875571454405,0.8974469883512612,0.7000310214594253,0.7000310214594253,0.7329552867588526,0.7590373406466636
196,0.8511305033799015,0.8511305033799015,0.8365619948184865,0.8649905642096453,1.1603491173294920,1.1603491173294920,1.0383220260839372,1.0427177805944243,1.5724937854628447,1.5724937854628447,1.2414205912460905,1.2935623642827210,0.8038266516059067,0.8038266516059067,1.1196092489384821,1.0937856629693341,1.1279851243348109,1.1279851243348109,0.9934020736870420,1.0050825661099949,0.9402625620226827,0.9402625620226827,0.8787875928563857,0.9208993622968017,0.7197447962248549,0.7197447962248549,0.7674041123032252,0.7872982644416467
197,0.8655889673391679,0.8655889673391679,0.8520590368532401,0.8796510957768591,1.1689446766688130,1.1689446766688130,1.0452998972668053,1.0354804457935658,1.6206793677366449,1.6206793677366449,1.2283716983568616,1.3120489875465924,0.7804524943040341,0.7804524943040341,1.1135130915267430,1.0905113715566326,1.1291912593501390,1.1291912593501390,1.0009731753287565,1.0168207566631045,0.9809550177044022,0.9809550177044022,0.9128831081434775,0.9491884368642043,0.7386648995386892,0.7386648995386892,0.7948513416889675,0.8148871818342415
198,0.8795833324552974,0.8795833324552974,0.8665197441884560,0.8891463581998941,1.1610557776638157,1.1610557776638157,1.0551379559309901,1.0380159746523701,1.6545136099960653,1.6545136099960653,1.2887477685140589,1.3701555322523404,0.7562056242217554,0.7562056242217554,1.1083812979993468,1.0877885397502807,1.1296507393559780,1.1296507393559780,1.0106835727985937,1.0275251861163661,1.0409627448237189,1.0409627448237189,0.9576907324087378,0.9988349191194222,0.7584426800663442,0.7584426800663442,0.8349646530144545,0.8487318679181598
199,0.8929618741064951,0.8929618741064951,0.8813642791901674,0.9022899519887060,1.1677754750247500,1.1677754750247500,1.0442643121442594,1.0423485288188703,1.6809805471442465,1.6809805471442465,1.2861140470134806,1.3136730835166288,0.7313769456192061,0.7313769456192061,1.1014757637561055,1.0845314814502773,1.1293635643523285,1.1293635643523285,1.0239204657351011,1.0321771110656808,1.0863096654436974,1.0863096654436974,0.9991719649386721,1.0320872358947240,0.7797950023447445,0.7797950023447445,0.8688178566633883,0.8770538832042691
200,0.9075631377098037,0.9075631377098037,0.9008435332648113,0.9149246995607121,1.1783882284093228,1.1783882284093228,1.0494792229399363,1.0508043944790568,1.6278976233225124,1.6278976233225124,1.3428587738895776,1.3668471886096736,0.7053119239110818,0.7053119239110818,1.0945013463782682,1.0777588681597945,1.1275064993287285,1.1275064993287285,1.0383272860776132,1.0343280010960090,1.1286243613481979,1.1286243613481979,1.0324358822919324,1.0613745829741967,0.7907911922950718,0.7907911922950718,0.8983072182620644,0.8997310447103170
201,0.9199777817637169,0.9199777817637169,0.9201212778145450,0.9263785398748483,1.1874077839492383,1.1874077839492383,1.0596624766449698,1.0556415927388143,1.6073500816105297,1.6073500816105297,1.3649261676747264,1.3993491585779334,0.6794650803980589,0.6794650803980589,1.0885257344520720,1.0737435529010604,1.1291912593501390,1.1291912593501390,1.0463830719303868,1.0383129834002607,1.1586282249078563,1.1586282249078563,1.0600900373118887,1.0907462911110277,0.7968973420113769,0.7968973420113769,0.9208800725443157,0.9201478210446951
202,0.9339185970133306,0.9339185970133306,0.9319623613259295,0.9414135054506551,1.1856090121891412,1.1856090121891412,1.0616350197355333,1.0638512905486317,1.6282383079519340,1.6282383079519340,1.3390478586879833,1.3768925229428619,0.6531236996428059,0.6531236996428059,1.0807419402427327,1.0667296760327996,1.1291529693496523,1.1291529693496523,1.0511630610463478,1.0404305262983358,1.1814911992625630,1.1814911992625630,1.0779764403293832,1.1078294052260349,0.7995087771101741,0.7995087771101741,0.9407422394248750,0.9312298175349889
203,0.9467259400883598,0.9467259400883598,0.9472195110691235,0.9534818015737643,1.1893478877762000,1.1893478877762000,1.0635089356715686,1.0687131055934260,1.6379052343117684,1.6379052343117684,1.3483456936824492,1.3645012722085099,0.6261277843022486,0.6261277843022486,1.0730786915189363,1.0618354720264456,1.1286169093428398,1.1286169093428398,1.0549736817401909,1.0447656534912455,1.1973345734009375,1.1973345734009375,1.0899288987681817,1.1085183538611256,0.7964236993709087,0.7964236993709087,0.9490931015099082,0.9469425490526492
204,0.9583016362335255,0.9583016362335255,0.9593772524053668,0.9652044663043262,1.1902087285471037,1.1902087285471037,1.0590953705064330,1.0695870014622371,1.6384375540452394,1.6384375540452394,1.3778752983859033,1.3947575786132627,0.5991755046007116,0.5991755046007116,1.0650365855548622,1.0549594600597720,1.1276213693301882,1.1276213693301882,1.0587843024340340,1.0484505116052187,1.2211981819117521,1.2211981819117521,1.1099154389406067,1.1201320594240851,0.7954252094801922,0.7954252094801922,0.9645549596935505,0.9500337785036352
205,0.9700112070449808,0.9700112070449808,0.9789140806299850,0.9788857089259894,1.1969284259080379,1.1969284259080379,1.0633486665454601,1.0847140158674327,1.6315599830887935,1.6315599830887935,1.3763988181507307,1.4222469066986940,0.5712777860537347,0.5712777860537347,1.0575111031002578,1.0475664547121457,1.1265875393170499,1.1265875393170499,1.0635141518040234,1.0517852248305339,1.2303858227996516,1.2303858227996516,1.1221216052236251,1.1366246461375857,0.7975502007860762,0.7975502007860762,0.9709730895056284,0.9613601409584339
206,0.9808461300366780,0.9808461300366780,0.9843644334942202,0.9893698611665902,1.2087232293063888,1.2087232293063888,1.0666526762221540,1.0800860602804891,1.6249379256044134,1.6249379256044134,1.3844995070085702,1.3883213464357109,0.5429000754775345,0.5429000754775345,1.0496239841890245,1.0417933619581718,1.1277745293321346,1.1277745293321346,1.0687453986337290,1.0562537405524564,1.2380725124533891,1.2380725124533891,1.1310013797713174,1.1372432938915449,0.8018641891600695,0.8018641891600695,0.9845265265140885,0.9731752353422423
207,0.9903155314322222,0.9903155314322222,0.9961767299306176,1.0018605956583684,1.2055111368776441,1.2055111368776441,1.0723607227904717,1.0810830400744851,1.5717911234146631,1.5717911234146631,1.3976082572046304,1.4117604598798168,0.5139260111680570,0.5139260111680570,1.0428562162149750,1.0362270665565789,1.1250559392975858,1.1250559392975858,1.0729404240466880,1.0628064520402007,1.2505501171575826,1.2505501171575826,1.1422209044379257,1.1504176790156284,0.7952203910410709,0.7952203910410709,0.9894495238131255,0.9843061050254370
208,1.0002579566486560,1.0002579566486560,1.0078642823754038,1.0081299650842954,1.2056653173142238,1.2056653173142238,1.0740990263890307,1.0804183868784878,1.5470063166242505,1.5470063166242505,1.3642078799927506,1.3660852670434835,0.4841955957822277,0.4841955957822277,1.0350379804383378,1.0286617300819683,1.1246538942924764,1.1246538942924764,1.0786396418387953,1.0687589151473882,1.2590403463609219,1.2590403463609219,1.1495079575191272,1.1453138350454659,0.7941322930832387,0.7941322930832387,0.9910783673639180,1.0019982008555863
209,1.0089865848907316,1.0089865848907316,1.0182660121374305,1.0155130356639859,1.1913008399728771,1.1913008399728771,1.0760345842966461,1.0903020260708165,1.5721956864121009,1.5721956864121009,1.3634496874395539,1.3402601360631512,0.4542760926273103,0.4542760926273103,1.0276330434692760,1.0229058704406928,1.1367535344462427,1.1367535344462427,1.0849238233339049,1.0749448081803479,1.2677883146650770,1.2677883146650770,1.1496770960819402,1.1656026693400792,0.7779772386975425,0.7779772386975425,1.0150126431214586,0.9965732764435793
210,1.0182328618424601,1.0182328618424601,1.0277945339581800,1.0244610483821543,1.1938062720672979,1.1938062720672979,1.0796961174085042,1.0938591515086533,1.5379994667339203,1.5379994667339203,1.3789327774732567,1.3855142669813270,0.4246038580935080,0.4246038580935080,1.0185060281353162,1.0157541286708445,1.1480682295900337,1.1480682295900337,1.0905896146286980,1.0821978094454086,1.2737921196017241,1.2737921196017241,1.1559070331455594,1.1405193149522828,0.7628590776598982,0.7628590776598982,1.0129705109085245,1.0066289358829528
211,1.0250247699122141,1.0250247699122141,1.0366801444375495,1.0302119707192605,1.1975322992846420,1.1975322992846420,1.0830864258454103,1.0973547349838979,1.5454945285811927,1.5454945285811927,1.3884899941306585,1.3768724723753305,0.3940880012053133,0.3940880012053133,1.0093273504504097,1.0089815153803616,1.1591340397306618,1.1591340397306618,1.0970075021130654,1.0889339301605452,1.2740801809496947,1.2740801809496947,1.1564285437142334,1.1739684741947534,0.7471648647622251,0.7471648647622251,1.0199842626160416,1.0133245633103851
212,1.0325574511354370,1.0325574511354370,1.0428981526347758,1.0355884590477737,1.1939989976130225,1.1939989976130225,1.0896821168044815,1.0973793517689350,1.4747385896082197,1.4747385896082197,1.3099572075679589,1.3386159895255836,0.3633539661220171,0.3633539661220171,1.0042127777066623,1.0018297736105133,1.1706018948763990,1.1706018948763990,1.1032916836081750,1.0973207339222129,1.2952451094637334,1.2952451094637334,1.1774017255030687,1.1773850970177546,0.7373975854466259,0.7373975854466259,1.0329177666312894,1.0106121011043816
213,1.0383943865856593,1.0383943865856593,1.0524554615305124,1.0374606290907382,1.1980333857035261,1.1980333857035261,1.0908533142645036,1.0943637956019105,1.5201348164786315,1.5201348164786315,1.3154042224896094,1.3169012248891705,0.3323435719915924,0.3323435719915924,0.9972728018961231,0.9973491643089215,1.1808636150068084,1.1808636150068084,1.1095758651032845,1.1055741491548678,1.2954573651938170,1.2954573651938170,1.1718201529302334,1.1712126796543900,0.7218697875307388,0.7218697875307388,1.0311430564938588,1.0084861172131896
214,1.0432941993718552,1.0432941993718552,1.0593835509107552,1.0497113417821362,1.2080422657114949,1.2080422657114949,1.0891766526375246,1.1006287673938100,1.4985226352997065,1.4985226352997065,1.3432179177305656,1.3851734073332946,0.3008386406189376,0.3008386406189376,0.9889379426100163,0.9901284900882794,1.1900340701233496,1.1900340701233496,1.1171636799936564,1.1130772539118270,1.3159097208997184,1.3159097208997184,1.1785997903229954,1.1650683826434780,0.7026168542533323,0.7026168542533323,1.0351422320775210,1.0117850577340046
215,1.0497558832647618,1.0497558832647618,1.0636056552422051,1.0493657103895890,1.1924571932472252,1.1924571932472252,1.0907300303213434,1.0975393608716750,1.4772937243288808,1.4772937243288808,1.3722886164149797,1.3244402382809446,0.2697409752104723,0.2697409752104723,0.9816707719101465,0.9830629138819232,1.2024400302810088,1.2024400302810088,1.1246010756461133,1.1221310003185576,1.3254612287534753,1.3254612287534753,1.2017999631888709,1.1468323340779110,0.6819685953594116,0.6819685953594116,1.0313861674715892,1.0038920370804989
216,1.0536114736538995,1.0536114736538995,1.0696893237561578,1.0523419807143017,1.1884741986355816,1.1884741986355816,1.0882396946695070,1.0986471161983369,1.4307902724128492,1.4307902724128492,1.3400055755972844,1.3395784167670866,0.2382651342638310,0.2382651342638310,0.9731464840039010,0.9751012158152488,1.2157075154496162,1.2157075154496162,1.1313198016063104,1.1313014616881745,1.3380752835698653,1.3380752835698653,1.2161626461477575,1.1675289134830882,0.6776162035280830,0.6776162035280830,1.0399436738876930,1.0117972760322298
217,1.0586540860841376,1.0586540860841376,1.0760128845616703,1.0575168507304957,1.1965815199257335,1.1965815199257335,1.0867726157459006,1.0946961221999092,1.4621758438983028,1.4621758438983028,1.3177386574560312,1.3792985910466196,0.2182509211665213,0.2182509211665213,0.9649321702033372,0.9676737442422255,1.2301619906333086,1.2301619906333086,1.1410803388221189,1.1406386587190569,1.3433665156983750,1.3433665156983750,1.2108911609400799,1.1648434198238566,0.6575055930368559,0.6575055930368559,1.0413780286563012,1.0043929873077337
218,1.0660885925520813,1.0660885925520813,1.0805612424096414,1.0665320695527705,1.2050742923073348,1.2050742923073348,1.0989160841471814,1.1113986108474685,1.4418412300797083,1.4418412300797083,1.2965691232733523,1.3758899945662961,0.2052038650994523,0.2052038650994523,0.9800003558961954,0.9811155721470007,1.2417064257800190,1.2417064257800190,1.1497879413725236,1.1500592235805724,1.3559047648968781,1.3559047648968781,1.2274103605748345,1.2134353888620988,0.6480199390750485,0.6480199390750485,1.0467872479107987,1.0080096035824051
219,1.0720861776018511,1.0720861776018511,1.0852919183991978,1.0721677814256942,1.2163680092868014,1.2163680092868014,1.1081993650671453,1.1134541123980524,1.4604298351725176,1.4604298351725176,1.3694553705582968,1.3599297428113701,0.1827315110039991,0.1827315110039991,0.9786571347715749,0.9806675112168415,1.2530785559245399,1.2530785559245399,1.1595150520910178,1.1603801610129227,1.3645920887067233,1.3645920887067233,1.2284392868319480,1.1980816764229318,0.6394559680892873,0.6394559680892873,1.0479784917016768,1.0079851669859545
220,1.0782890371399314,1.0782890371399314,1.0897059365638952,1.0796852642135977,1.2252719294992822,1.2252719294992822,1.1159046115146587,1.1197560093675074,1.5159614297682185,1.5159614297682185,1.3978476864319558,1.4099960099370612,0.1630518378058449,0.1630518378058449,0.9753679650946195,0.9805641125406509,1.2678202061118817,1.2678202061118817,1.1677212571817062,1.1703676271227419,1.3587702172530050,1.3587702172530050,1.2237034070731789,1.2056601114089309,0.6299319106701446,0.6299319106701446,1.0391049410145237,1.0082906244415857
221,1.0810111553544846,1.0810111553544846,1.0908286324883945,1.0822006926815806,1.2388141111788702,1.2388141111788702,1.1136978289320907,1.1229438830297902,1.4844268087573929,1.4844268087573929,1.3849983178988312,1.3903063526213109,0.1552846940602320,0.1552846940602320,0.9734564581095827,0.9784272065660456,1.2805133412731904,1.2805133412731904,1.1737213134496434,1.1760699867380306,1.3559047648968781,1.3559047648968781,1.2251974643780286,1.2205357778564021,0.6374461871554090,0.6374461871554090,1.0406851623697702,1.0062012954450694
222,1.0842955471674538,1.0842955471674538,1.0928533234291580,1.0866650981686496,1.2459064112615388,1.2459064112615388,1.1216249864772925,1.1289257617937651,1.4865773804806159,1.4865773804806159,1.3802895430947668,1.3633583898592250,0.2467304482337687,0.2467304482337687,0.9730087177347092,0.9750495164771534,1.2892243163838923,1.2892243163838923,1.1784678760682901,1.1825893510935219,1.3558896037733006,1.3558896037733006,1.2019127222307464,1.1703690690808095,0.6334522275925428,0.6334522275925428,1.0332094998045658,1.0005075684721070
223,1.0868213158714490,1.0868213158714490,1.0936305744538113,1.0856570066070534,1.2590631418496776,1.2590631418496776,1.1264577170491727,1.1336398761283377,1.5087644669716898,1.5087644669716898,1.3675598891753049,1.3621152546722834,0.2882133957290649,0.2882133957290649,0.9706839119420968,0.9709308025422287,1.2959059214688045,1.2959059214688045,1.1832311519355938,1.1866243540961532,1.3544038136627161,1.3544038136627161,1.2256203107850616,1.2098500439243811,0.6423490285418763,0.6423490285418763,1.0292346353186765,0.9947038768151174
224,1.0903020571949762,1.0903020571949762,1.0960486887527325,1.0886428778037813,1.2582922396667788,1.2582922396667788,1.1315493439016895,1.1400771654154958,1.5057621836749129,1.5057621836749129,1.3886496136155420,1.3667469357720170,0.2967223453380229,0.2967223453380229,0.9706839119420968,0.9698795826676245,1.3029895715588258,1.3029895715588258,1.1800723479393818,1.1913929940083541,1.3519931950139108,1.3519931950139108,1.2313005475195378,1.2126761393458763,0.6508105903080769,0.6508105903080769,1.0234121274020378,0.9906840566990129
225,1.0918550033239345,1.0918550033239345,1.0971042148355952,1.0875195757780027,1.2629561978733164,1.2629561978733164,1.1277891836353031,1.1410249116394178,1.4620693799516085,1.4620693799516085,1.3355561824561559,1.3852536096034198,0.3445470057042689,0.3445470057042689,0.9682902230148884,0.9681562713977816,1.3053061165882651,1.3053061165882651,1.1849024768013146,1.1982791768186298,1.3296760211079901,1.3296760211079901,1.1983185277709663,1.2151085498330336,0.6551117775296251,0.6551117775296251,1.0278245916478412,0.9804695593827113
226,1.0940059229623191,1.0940059229623191,1.0978142960186117,1.0911967097598252,1.2672604017278344,1.2672604017278344,1.1330534080082442,1.1405818095087530,1.4327279162426838,1.4327279162426838,1.3173795136150432,1.3391373042813977,0.3472233248975138,0.3472233248975138,0.9702017299999254,0.9666569905930181,1.3066271216050529,1.3066271216050529,1.1889637962250157,1.1962283281850610,1.3278718474022806,1.3278718474022806,1.2011093140573839,1.1901657972075006,0.6617555756486238,0.6617555756486238,1.0113659784555051,0.9860533216716465
227,1.0959604930901459,1.0959604930901459,1.0967203871690996,1.0935777260195954,1.2748280914899572,1.2748280914899572,1.1347300696352229,1.1517332131304838,1.4521682329090468,1.4521682329090468,1.3525157527250316,1.3792985910466196,0.3657975619071538,0.3657975619071538,0.9700639637307334,0.9644856183930161,1.3166973917330294,1.3166973917330294,1.1898495984038475,1.2052153803272854,1.3171529330330647,1.3171529330330647,1.2058733835766220,1.1800987110294390,0.6871530620996706,0.6871530620996706,1.0122776446219934,0.9856745544266641
228,1.0986469113936885,1.0986469113936885,1.0994455636012173,1.0958051283271222,1.2771407980386533,1.2771407980386533,1.1382436620152889,1.1504162151310078,1.4593226101268979,1.4593226101268979,1.3602772501774936,1.3409819564942784,0.3737392482088480,0.3737392482088480,0.9689446127935497,0.9622797799676170,1.3285864368841191,1.3285864368841191,1.1930251156487168,1.2094838132556889,1.2961244546312223,1.2961244546312223,1.1815738100524606,1.1980957365991582,0.7099519146043655,0.7099519146043655,1.0060783146898729,0.9824489236952003
229,1.0990931602813203,1.0990931602813203,1.1002995801591697,1.0939809626442338,1.2797104719816492,1.2797104719816492,1.1421024494362035,1.1477576023470191,1.4478245038839230,1.4478245038839230,1.3168008929823405,1.3652832443422311,0.3919062192542985,0.3919062192542985,0.9714932887735989,0.9636584289834914,1.3366847719870356,1.3366847719870356,1.1921226002212277,1.2135688369566999,1.2796746355497521,1.2796746355497521,1.1439827644672298,1.1611174731238756,0.7355158160371985,0.7355158160371985,1.0056042482832988,0.9883259251415414
230,1.1010388054313944,1.1010388054313944,1.1020459960417239,1.0963619789040040,1.2874066454409219,1.2874066454409219,1.1430517357985372,1.1485453394682010,1.4540419983708650,1.4540419983708650,1.3599181063365056,1.3789777819661184,0.4185966851217138,0.4185966851217138,0.9736631075133705,0.9619868170517437,1.3365699019855757,1.3365699019855757,1.1920557472265989,1.2123349930633334,1.2643012562422768,1.2643012562422768,1.1734692539176621,1.1354014108058939,0.7641135905995164,0.7641135905995164,1.0119616003509442,0.9909284226635178
231,1.1022615273835052,1.1022615273835052,1.1019020606667882,1.0977541053462083,1.2866614399974530,1.2866614399974530,1.1465283429956552,1.1506377661963403,1.4106685864876432,1.4106685864876432,1.3324036976297060,1.3742057468936657,0.4423199275357488,0.4423199275357488,0.9760395756569298,0.9629001720247605,1.3406286420371556,1.3406286420371556,1.1882117000354413,1.2159364833466737,1.2412260261574866,1.2412260261574866,1.1386267099781453,1.1349796055191035,0.7824192385959867,0.7824192385959867,1.0066739365853119,0.9999088718590702
232,1.1021187277394631,1.1021187277394631,1.1014030847003440,1.0989638152201238,1.2846570943219162,1.2846570943219162,1.1434215876280178,1.1500100381778984,1.3906746572984701,1.3906746572984701,1.3192350901268144,1.3718598304925020,0.4641232018328908,0.4641232018328908,0.9783643814495422,0.9650715442247626,1.3463529971099026,1.3463529971099026,1.1908356800746227,1.2193378908364951,1.2090237996791064,1.2090237996791064,1.1335948377344531,1.1247437972263257,0.8145629323855930,0.8145629323855930,1.0131163774951628,1.0022059119254154
233,1.1043410471998689,1.1043410471998689,1.1026409289247918,1.0995878719011118,1.2935738629041118,1.2935738629041118,1.1416832840294588,1.1528778936347013,1.3682107645459916,1.3682107645459916,1.3098973502611275,1.3579447366257702,0.4847774043024983,0.4847774043024983,0.9836856035970772,0.9664329601279386,1.3552362772227944,1.3552362772227944,1.1890473624683018,1.2157364005531548,1.1960610390204365,1.1960610390204365,1.1063071496005921,1.0907462911110277,0.8406388799162293,0.8406388799162293,1.0136390660972827,1.0023769681005690
234,1.1050818203533375,1.1050818203533375,1.1012111708670964,1.0983685611551812,1.3040195874823901,1.3040195874823901,1.1447900393970962,1.1596105843423026,1.3694670391169832,1.3694670391169832,1.2954717393147779,1.3010412259719011,0.5047479817607877,0.5047479817607877,0.9893340206339429,0.9792543959755703,1.3534749372004107,1.3534749372004107,1.1874763170945244,1.2110011077732072,1.1867369480203407,1.1867369480203407,1.1136082975620281,1.0744646070409223,0.8756244295486443,0.8756244295486443,1.0171398641765981,1.0109053402617874
235,1.1051532201753584,1.1051532201753584,1.1011631924087844,1.0979653245305427,1.3009616754902249,1.3009616754902249,1.1489200514929634,1.1581335772400865,1.3105711838057452,1.3105711838057452,1.3212103812522480,1.3129111619504390,0.5257367241295509,0.5257367241295509,1.0082424410805237,1.0121179418914759,1.3540875772081962,1.3540875772081962,1.1853035947690875,1.2028810810695647,1.1568392123257241,1.1568392123257241,1.1032344657094859,1.0792731873103318,0.9005738756641132,0.9005738756641132,1.0166657977700240,1.0124204092417173
236,1.1055191442632164,1.1055191442632164,1.1006738121340027,1.0990310213242300,1.2985847270929538,1.2985847270929538,1.1464913578127072,1.1538994902137338,1.3692115256449171,1.3692115256449171,1.3021957101154968,1.3224752826628758,0.5482818042900379,0.5482818042900379,1.0567533886197025,1.0292131896883181,1.3487652671405586,1.3487652671405586,1.1656989540941842,1.1793713528310927,1.1476364103142473,1.1476364103142473,1.1124666122630391,1.1161530295520301,0.9317574830203381,0.9317574830203381,1.0178935082075617,1.0141187526950257
237,1.1057690436402903,1.1057690436402903,1.1001652404758961,1.1012200201436964,1.2921605422354643,1.2921605422354643,1.1440626641324509,1.1557703658765408,1.3784738890073136,1.3784738890073136,1.2055461120185158,1.2706846667294918,0.5637870013552503,0.5637870013552503,1.0665175729486747,1.0507201143359584,1.3395565220235308,1.3395565220235308,1.1429020829257546,1.1681000221295275,1.1406774545922245,1.1406774545922245,1.1001758766986141,1.1044690231079388,0.9482325662171613,0.9482325662171613,1.0181609302830650,1.0206799788419803
238,1.1045016967994163,1.1045016967994163,1.0997430300427513,1.1017000637444563,1.3002293184164710,1.3002293184164710,1.1416709556351430,1.1501577388881201,1.2940053937001259,1.2940053937001259,1.2294890347510463,1.2650304066856612,0.5860702676816155,0.5860702676816155,1.0821884860692470,1.0725027687867734,1.3084841866286532,1.3084841866286532,1.1086733496757954,1.1365869821502990,1.1315352970750572,1.1315352970750572,1.0972723313703210,1.1119068563316743,0.9737708653451043,0.9737708653451043,1.0232541052665132,1.0227815261367219
239,1.1035467241798844,1.1035467241798844,1.1029096082913388,1.1012584236317571,1.2905287992816619,1.2905287992816619,1.1417325976067230,1.1541948916341771,1.2898745925683905,1.2898745925683905,1.2217474897341947,1.2514561724669617,0.5964555497684463,0.5964555497684463,1.1042138683562934,1.0772591078915401,1.2981650314975139,1.2981650314975139,1.0748457343936095,1.0986045985139592,1.1238334462977422,1.1238334462977422,1.0899148038879474,1.0834209392971030,0.9959168590750997,0.9959168590750997,1.0237038605753139,1.0263492692184923
240,1.1045106217771690,1.1045106217771690,1.1023914409415698,1.1004711521265105,1.2840660693150272,1.2840660693150272,1.1431873481360135,1.1482745548327946,1.2321924262494668,1.2321924262494668,1.2207099630824518,1.2941037296060665,0.6190151751419402,0.6190151751419402,1.1117049092436000,1.0860824615931362,1.2241121705564255,1.2241121705564255,1.0727732915601158,1.0949530875322391,1.1074594328341592,1.1074594328341592,1.0241339978338517,1.1185432595105083,1.0049288703964390,1.0049288703964390,1.0269737032257855,1.0238445180823177
241,1.1044035220441373,1.1044035220441373,1.0983900375183548,1.1011912175276506,1.2879205802295211,1.2879205802295211,1.1368998670348427,1.1423419096388938,1.2866167957995478,1.2866167957995478,1.1679956281996640,1.2110542788913641,0.6411093536992174,0.6411093536992174,1.1179043913572331,1.0948024166185415,1.2049480253128810,1.2049480253128810,1.0720044821218844,1.0943695127178088,1.0944663499283342,1.0944663499283342,1.1068991345704382,1.1083074512177304,1.0144145243582463,1.0144145243582463,1.0278853693922738,1.0249441649225894
242,1.1030737003589948,1.1030737003589948,1.0994935420595293,1.1000871172459024,1.2868156204340329,1.2868156204340329,1.1328808104878199,1.1451851483106594,1.2557422512582264,1.2557422512582264,1.1794682786756681,1.1729180994468049,0.6594072316617288,0.6594072316617288,1.1308027583103197,1.1041772299264874,1.2051011853148275,1.2051011853148275,1.0705170029913929,1.0951531703257580,1.0729072322012831,1.0729072322012831,1.1016558391232294,1.0848128967435109,1.0203030544829850,1.0203030544829850,1.0254664151638582,1.0166968136205516
243,1.1024043270275474,1.1024043270275474,1.0995607119011659,1.1002695338141912,1.2886143921941300,1.2886143921941300,1.1380340793119166,1.1423172928538567,1.2677087988666558,1.2677087988666558,1.1864316787037124,1.2366187524937893,0.6741997132896097,0.6741997132896097,1.1367611494528669,1.1105190153995095,1.2058478403243162,1.2058478403243162,1.0702495910128778,1.0934357930147207,1.0594138322174045,1.0594138322174045,1.0991892350822039,1.0973545739374091,1.0282525701513823,1.0282525701513823,1.0291009242809250,1.0175520944963186
244,1.1012440799197050,1.1012440799197050,1.0989657790180980,1.0987909995238501,1.2801216198125287,1.2801216198125287,1.1326219142071834,1.1363600308749189,1.2950913259564070,1.2950913259564070,1.2580808749808097,1.2073850250331335,0.6903303545141130,0.6903303545141130,1.1434772550759695,1.1193251359884071,1.2058478403243162,1.2058478403243162,1.0688623913743296,1.0911181673231265,1.0431611077424405,1.0431611077424405,1.0847278879616762,1.1203570222437067,1.0278685355780297,1.0278685355780297,1.0266455034058497,1.0205089226668269
245,1.0992627348586204,1.0992627348586204,1.0961638370526812,1.0988678064999717,1.2883959699089753,1.2883959699089753,1.1356423708146086,1.1325813543717496,1.2528677246974826,1.2528677246974826,1.2590186394545004,1.2329093975004961,0.7047155701778044,0.7047155701778044,1.1456470738157409,1.1240987082058720,1.2064221903316152,1.2064221903316152,1.0673916254924953,1.0889839508589247,1.0271358001211375,1.0271358001211375,1.0668273900639471,1.0204313498030855,1.0376998206558543,1.0376998206558543,1.0203246179848640,1.0162325182879925
246,1.0975312891746094,1.0975312891746094,1.0949068014449086,1.0986181838275764,1.2946531259601701,1.2946531259601701,1.1353588177453400,1.1404341087985315,1.2643019525724408,1.2643019525724408,1.2087584541517971,1.2702636048113340,0.7182717087001101,0.7182717087001101,1.1495045293531128,1.1282174221407968,1.2072837153425637,1.2072837153425637,1.0659709993566329,1.0866996722995839,1.0121869322738293,1.0121869322738293,1.0468267550112877,1.0822539446703165,1.0337826680076585,1.0337826680076585,1.0235093717931298,1.0247364538527604
247,1.0960943677564354,1.0960943677564354,1.0938608710537085,1.0966404041924447,1.2852609676985203,1.2852609676985203,1.1360861930099853,1.1437942999560728,1.2389209476805410,1.2389209476805410,1.1725846883900657,1.2619626698533701,0.7319732993524836,0.7319732993524836,1.1572194404278560,1.1320604062725466,1.2060775803272359,1.2060775803272359,1.0647509322046567,1.0844654144386228,0.9963435581354548,0.9963435581354548,1.0540433336913171,1.1087854972094262,1.0423722412983101,1.0423722412983101,1.0209323954291896,1.0201668103165202
248,1.0937470986074929,1.0937470986074929,1.0932467467873159,1.0959395405353349,1.2986746656809587,1.2986746656809587,1.1452955035640531,1.1481883960851653,1.2227384277830207,1.2227384277830207,1.2561055838553759,1.2116156947822407,0.7445112729643156,0.7445112729643156,1.1591826097638398,1.1379885970408063,1.2039524853002295,1.2039524853002295,1.0605726200403551,1.0804137378698648,0.9876107509548772,0.9876107509548772,1.0704215845237275,0.9791647325787680,1.0502577512044819,1.0502577512044819,1.0202516846915448,1.0158415327447847
249,1.0914623043028187,1.0914623043028187,1.0886791975560199,1.0940769713643859,1.2845800041036264,1.2845800041036264,1.1483406169601102,1.1470314071884296,1.2325756964575658,1.2325756964575658,1.1868706322871421,1.1910037113600500,0.7564238024168569,0.7564238024168569,1.1608358049941421,1.1435548924423993,1.1991662352394041,1.1991662352394041,1.0593024131424074,1.0748947874819683,0.9664913058115704,0.9664913058115704,1.0705766282063063,0.9894005408715459,1.0554550190971861,1.0554550190971861,1.0150247986703451,1.0235024057320110
250,1.0888294358657917,1.0888294358657917,1.0901089556137156,1.0953730890864382,1.2921862389748942,1.2921862389748942,1.1384902299016095,1.1472283414687250,1.2174791088163266,1.2174791088163266,1.1701504912455918,1.1657399962705943,0.7669399914207485,0.7669399914207485,1.1677413392373832,1.1482595322090705,1.1958541501973130,1.1958541501973130,1.0552578069673635,1.0711932558018684,0.9538620898716030,0.9538620898716030,0.9862187700032288,1.0784576970892039,1.0530356012850650,1.0530356012850650,1.0073546473229564,1.0089504125457487
251,1.0864196918725806,1.0864196918725806,1.0846394113661555,1.0924352222497862,1.2883574247998304,1.2883574247998304,1.1394395162639430,1.1461328945345814,1.2129437446871532,1.2129437446871532,1.1413192217885031,1.1769081623855362,0.7771943665905184,0.7771943665905184,1.1748707436680612,1.1592542581106686,1.1877749600946401,1.1877749600946401,1.0503441118621446,1.0643737672560989,0.9389738665186044,0.9389738665186044,1.0552695882717127,1.0212890205528924,1.0658623560350393,1.0658623560350393,1.0082420023916718,1.0030978476958581
252,1.0839474730351011,1.0839474730351011,1.0875181188648713,1.0920799899852238,1.2894366878558885,1.2894366878558885,1.1483159601714783,1.1500715801404908,1.1768737595471543,1.1768737595471543,1.1554056413294751,1.1332380263023345,0.7869687497310651,0.7869687497310651,1.1787109784217840,1.1628042793265452,1.1776281099656905,1.1776281099656905,1.0416532225603974,1.0556034714735198,0.9193856948566141,0.9193856948566141,1.0075161340374561,1.0160726951729191,1.0636093532047046,1.0636093532047046,1.0016415393462961,0.9992002105620061
253,1.0818590282409848,1.0818590282409848,1.0871150998150512,1.0923296126576190,1.2930599281155126,1.2930599281155126,1.1422997037452600,1.1541825832416588,1.1575611996168242,1.1575611996168242,1.1441125627739650,1.1489576712468845,0.7954486089140096,0.7954486089140096,1.1771266663260778,1.1659924051757546,1.1526438846481826,1.1526438846481826,1.0212463459499481,1.0314101270238583,0.8772226101878877,0.8772226101878877,1.0062616896965915,0.9849012844791161,1.0710724250801886,1.0710724250801886,0.9897047903397422,0.9976362683891753
254,1.0839474730351011,1.0839474730351011,1.0887655587809815,1.0945954184532067,1.2801087714428137,1.2801087714428137,1.1517185970027002,1.1472652666462804,1.1469573905260808,1.1469573905260808,1.1483025742521578,1.1552936505867799,0.8039139228839473,0.8039139228839473,1.1776260690518983,1.1620632554805128,1.1497146996109575,1.1497146996109575,1.0209455074741183,1.0308598993416813,0.8805428962513365,0.8805428962513365,0.8975619733286496,0.9993692058160233,1.0764617102595690,1.0764617102595690,0.9943846766610490,1.0073742520746924
255,1.0855093441418120,1.0855093441418120,1.0918841585712571,1.0971012460491745,1.2856335704202546,1.2856335704202546,1.1409559087648136,1.1517947550930761,1.1102912072845943,1.1102912072845943,1.1745200746442785,1.1590431067151354,0.8108810799141881,0.8108810799141881,1.1756284581486165,1.1640795296662290,1.1495998296094978,1.1495998296094978,1.0219483023935507,1.0311100028335800,0.8768132598512981,0.8768132598512981,0.9953804421556098,0.9613364291237648,1.0765641194791298,1.0765641194791298,0.9988092964557391,1.0047961911491667
256,1.0878833882240124,1.0878833882240124,1.0962022198193309,1.0993574509727471,1.2810081573228622,1.2810081573228622,1.1438407530347625,1.1450497559929564,1.0834409999283141,1.0834409999283141,1.1229031237200651,1.1940112964897471,0.8166846199038877,0.8166846199038877,1.1712543791017753,1.1622528197201956,1.1494658146077947,1.1494658146077947,1.0206613822469459,1.0285422736500873,0.8763887483911311,0.8763887483911311,0.9639629541130602,0.9825391748730904,1.0791755545779269,1.0791755545779269,1.0016415393462961,1.0139965697127733
257,1.0895791339970129,1.0895791339970129,1.0976127864937015,1.1027273570500831,1.2773463719540932,1.2773463719540932,1.1448886665516245,1.1430188712274094,1.0513527663946789,1.0513527663946789,1.1402417902655393,1.1453084679561856,0.8222263460594654,0.8222263460594654,1.1681201964776609,1.1623734515090844,1.1495615396090111,1.1495615396090111,1.0232185092914985,1.0287590300097327,0.8702939767130197,0.8702939767130197,0.9502486356449575,0.9863354224542030,1.0794571799317187,1.0794571799317187,1.0053732928544552,1.0144853016417830
258,1.0910696052817026,1.0910696052817026,1.0975552123437271,1.1044459131408042,1.2744426403985079,1.2744426403985079,1.1490556638304397,1.1493823101594567,1.0140265066836882,1.0140265066836882,1.1217259300190490,1.1462107434950946,0.8265026386834546,0.8265026386834546,1.1592514928984359,1.1544289865551083,1.1472258495793284,1.1472258495793284,1.0245555691840751,1.0294426462209223,0.8741297409780997,0.8741297409780997,0.9620601452814118,0.9536455127279551,1.0823886438416430,1.0823886438416430,1.0113416673577322,1.0175887493909943
259,1.0922566273228029,1.0922566273228029,1.1013742976253569,1.1060780613833885,1.2720142985223768,1.2720142985223768,1.1443215604130874,1.1418372655456366,0.9858987319670774,0.9858987319670774,1.1443519920012903,1.1646973667589662,0.8307207504554167,0.8307207504554167,1.1568578039712274,1.1517923203122487,1.1460005695637572,1.1460005695637572,1.0252073858817061,1.0311933706642127,0.8809370854643487,0.8809370854643487,1.0274603895691778,0.9550655905268157,1.0923991450536987,1.0923991450536987,1.0173829751543282,1.0362949639738386
260,1.0944432468721983,1.0944432468721983,1.1061337606899004,1.1100240197816367,1.2540651260305506,1.2540651260305506,1.1445064863278278,1.1479422282347960,0.9414606806169136,0.9414606806169136,1.1270532303270371,1.1552134483166545,0.8345461414761961,0.8345461414761961,1.1507444257758392,1.1485007957868485,1.1464983395700830,1.1464983395700830,1.0260096218172519,1.0324772352559592,0.8812554690594739,0.8812554690594739,1.0249655957676833,0.9778008954848127,1.0937944706702130,1.0937944706702130,1.0264145479770059,1.0368081324992988
261,1.0958087684683511,1.0958087684683511,1.1094538700050860,1.1097839979812567,1.2498508607640375,1.2498508607640375,1.1557623103383552,1.1496777115799000,0.9097770100807162,0.9097770100807162,1.1005164909651493,1.1145308467956185,0.8376297266336304,0.8376297266336304,1.1467836455365739,1.1419349798487468,1.1451964795535385,1.1451964795535385,1.0259929085685948,1.0314434741561114,0.8672162686268091,0.8672162686268091,1.0217237733137639,1.0279254237317264,1.1004766722465469,1.1004766722465469,1.0368440089216326,1.0445178786794260
262,1.0979864630399938,1.0979864630399938,1.1103366736380256,1.1168118362963846,1.2551315407168939,1.2551315407168939,1.1426942123633725,1.1479422282347960,0.8544157577997261,0.8544157577997261,1.1081183689327276,1.1329773689244274,0.8398987798626860,0.8398987798626860,1.1398264489423855,1.1372131069693772,1.1438754745367508,1.1438754745367508,1.0294191245433222,1.0336777320170727,0.8808764409700391,0.8808764409700391,1.0211035985834489,1.0201642064547849,1.1116136748737702,1.1116136748737702,1.0408188734075219,1.0540603695933395
263,1.0983970120166149,1.0983970120166149,1.1115745178624734,1.1152468941579068,1.2403045220658080,1.2403045220658080,1.1392422619548868,1.1362492553422527,0.7993526045694799,0.7993526045694799,1.0917374192965548,1.1441856361744318,0.8505458757836386,0.8505458757836386,1.1380871497938385,1.1316985109058795,1.1431096745270188,1.1431096745270188,1.0291015728188351,1.0353951093281100,0.8701423654772458,0.8701423654772458,1.0135769325382620,1.0036294392126053,1.1176558188278498,1.1176558188278498,1.0542872215737762,1.0637128251912800
264,1.1000927577896153,1.1000927577896153,1.1121406636705542,1.1151316836937242,1.2385956888937157,1.2385956888937157,1.1449626369175205,1.1240762551414891,0.7481434462095641,0.7481434462095641,1.0939521396493137,1.0983299882303168,0.8580366604821229,0.8580366604821229,1.1312504986851932,1.1298890340725445,1.1412908995039051,1.1412908995039051,1.0304052062140974,1.0357285806506413,0.8643053328999499,0.8643053328999499,0.9914056859295000,0.9706161454331513,1.1333500317255230,1.1333500317255230,1.0528042446096217,1.0713492615820559
265,1.1011102052534154,1.1011102052534154,1.1127260008619597,1.1170422572247496,1.2253618680872871,1.2253618680872871,1.1299959662178709,1.1202237282832090,0.7036628092807224,0.7036628092807224,1.0557831303265381,1.0907909748385427,0.8630402137564503,0.8630402137564503,1.1284090693831113,1.1277693612106376,1.1410420145007423,1.1410420145007423,1.0319261118419030,1.0395968479920070,0.8895031202855750,0.8895031202855750,1.0205538982543059,0.9734563010308727,1.1430021006691162,1.1430021006691162,1.0644614159917860,1.0791689724462104
266,1.1016724788518315,1.1016724788518315,1.1136279958782240,1.1167734328083239,1.2162395255896516,1.2162395255896516,1.1226112580225742,1.1097739030350309,0.6743426383611365,0.6743426383611365,1.0181129318940236,1.0599131008403193,0.8660656180618577,0.8660656180618577,1.1226917692116498,1.1228751572042837,1.1401996344900369,1.1401996344900369,1.0339317016807679,1.0421312300432466,0.8777684106366738,0.8777684106366738,1.0394692275289141,0.9908065584941802,1.1879085434464713,1.1879085434464713,1.0704176349461765,1.0929512128442824
267,1.1018063535181208,1.1018063535181208,1.1127355965536221,1.1187896159315163,1.2007957851922466,1.2007957851922466,1.1132540067367140,1.0991886854691495,0.6433403370837821,0.6433403370837821,1.0023305553261641,1.0600735053805697,0.8672001446763854,0.8672001446763854,1.1190581838617149,1.1198421293693599,1.1396444294829813,1.1396444294829813,1.0351016290867723,1.0446322649622330,0.9246769269851239,0.9246769269851239,1.0820921453578374,0.9880929444824960,1.1702557542247005,1.1702557542247005,1.0805067405219808,1.0983272640633885
268,1.1017528036516051,1.1017528036516051,1.1122654076621652,1.1161973804874117,1.1787094376521974,1.1787094376521974,1.1088404415715785,1.0880003566698633,0.6174270124584110,0.6174270124584110,1.0170155479354495,1.0374163640701850,0.8691201127932785,0.8691201127932785,1.1135819746613389,1.1156544829836414,1.1375959144569481,1.1375959144569481,1.0379595946071547,1.0466497664635486,0.9457508887576984,0.9457508887576984,1.0193699283146136,0.9942794220220870,1.1890222437091937,1.1890222437091937,1.0939993997860082,1.1066723617512284
269,1.1014404294302629,1.1014404294302629,1.1133305294366900,1.1184823880270298,1.1629187912724879,1.1629187912724879,1.0930970820300194,1.0820923282609993,0.5961342231195687,0.5961342231195687,0.9762527219833165,0.9497552828232803,0.8703128202598334,0.8703128202598334,1.1096384152057224,1.1123457253455431,1.1354133844292118,1.1354133844292118,1.0406337143923077,1.0500678475194967,0.9501172923479873,0.9501172923479873,1.0115754595449726,1.0512231357387771,1.2027706814352142,1.2027706814352142,1.1017060177800564,1.1133802074768859
270,1.1006996562767943,1.1006996562767943,1.1111427117376660,1.1167638319363087,1.1577794433864961,1.1577794433864961,1.0864520774936839,1.0736364626008126,0.5755440958289081,0.5755440958289081,0.9616674915520833,0.9748385428049541,0.8717964319865235,0.8717964319865235,1.1057292973174038,1.1074515213391889,1.1349156144228858,1.1349156144228858,1.0424053187499716,1.0540695033898748,0.9760124914181725,0.9760124914181725,1.0252756831328407,1.0215421037249666,1.2125635630557035,1.2125635630557035,1.1116249456714495,1.1247920980192612
271,1.1001195327228732,1.1001195327228732,1.1104230348629871,1.1157845429907580,1.1418346165702069,1.1418346165702069,1.0769715422646637,1.0626696848668589,0.5559547296371732,0.5559547296371732,0.9050624317252594,0.9504570526868763,0.8735418575473354,0.8735418575473354,1.1012002312177218,1.1055558789423616,1.1320630093866340,1.1320630093866340,1.0454471300055832,1.0579377707312405,1.0139456226088066,1.0139456226088066,1.0311673430708335,1.0270115122770140,1.2225996665726495,1.2225996665726495,1.1165357874216000,1.1341268778633455
272,1.0989860605482886,1.0989860605482886,1.1114209867958751,1.1145460305007970,1.1217012212268342,1.1217012212268342,1.0665540490676257,1.0545707625897078,0.5390482549021324,0.5390482549021324,0.9036458087969180,0.9438203148340113,0.8746763841618631,0.8746763841618631,1.0944669048109703,1.1019024590502946,1.1270661643231326,1.1270661643231326,1.0490070519695682,1.0616393024113404,1.0409324225765639,1.0409324225765639,1.0288416878321522,1.0356585206562150,1.2375642137809528,1.2375642137809528,1.1266370485462909,1.1417022227629952
273,1.0975937640188778,1.0975937640188778,1.1101543554964401,1.1144980261407209,1.1163177543162581,1.1163177543162581,1.0613761234548968,1.0449948332103407,0.5225463431645295,0.5225463431645295,0.9044638586569461,0.9059848939024219,0.8769018017518982,0.8769018017518982,1.0942602554071825,1.0962499980852096,1.1289806643474625,1.1289806643474625,1.0523831281983238,1.0662078595300222,1.0685408286109943,1.0685408286109943,1.0655024713219106,1.0401155965199660,1.2553450145271745,1.2553450145271745,1.1341127111114953,1.1465895420530916
274,1.0966566413548513,1.0966566413548513,1.1090220638802786,1.1132019084186686,1.1022744862177858,1.1022744862177858,1.0563584669682762,1.0344342324294962,0.5070026069471747,0.5070026069471747,0.8971413147879139,0.9285618329426815,0.8775272459111891,0.8775272459111891,1.0880779940771985,1.0943026563502871,1.1282340093379739,1.1282340093379739,1.0554917924485643,1.0702928832310332,1.0942540941982508,1.0942540941982508,1.0575529588696908,1.1029224037230410,1.2627952852502136,1.2627952852502136,1.1415519070300402,1.1572194615090516
275,1.0973706395750620,1.0973706395750620,1.1101351641131154,1.1103312476861231,1.0920471839246622,1.0920471839246622,1.0530298005029506,1.0273076731613040,0.4922467039353570,0.4922467039353570,0.8733580115402670,0.8871173098554554,0.8786617725257169,0.8786617725257169,1.0859598376883739,1.0915281252058400,1.1268555693204561,1.1268555693204561,1.0607063260296128,1.0764621026978662,1.1193305925952568,1.1193305925952568,1.0824868020044016,1.1109507643482830,1.2775294117145053,1.2775294117145053,1.1502552800327821,1.1650269540749807
276,1.0963174922002512,1.0963174922002512,1.1099912287381797,1.1074221834655169,1.0820254555469784,1.0820254555469784,1.0435862504568783,1.0267537954979731,0.4933539289809767,0.4933539289809767,0.9017303749783155,0.9163911384511738,0.8800144773353461,0.8800144773353461,1.0803114206515081,1.0892533543296472,1.1256302893048848,1.1256302893048848,1.0621770919114468,1.0810973540810545,1.1462719091922819,1.1462719091922819,1.1065185728041087,1.0963000607204334,1.2872710887252143,1.2872710887252143,1.1560656324005345,1.1709283921177722
277,1.0968797657986671,1.0968797657986671,1.1105381831629357,1.1094671692047549,1.0649114270866260,1.0649114270866260,1.0447327911282682,1.0165501381001640,0.4886269297477537,0.4886269297477537,0.8892401502861789,0.9307272942360634,0.8809017353287588,0.8809017353287588,1.0786926669885040,1.0858067317899613,1.1317375443824980,1.1317375443824980,1.0696312008125610,1.0876500655687988,1.1694229448949591,1.1694229448949591,1.0932130058628045,1.0849956790344535,1.2916106794040980,1.2916106794040980,1.1656806715697650,1.1812895090127769
278,1.0957373686463301,1.0957373686463301,1.1103558650213503,1.1041290843643026,1.0667487439558681,1.0667487439558681,1.0423657394195922,1.0099036061401920,0.4883714162756876,0.4883714162756876,0.8866862385280423,0.8826259827284411,0.8819053550262257,0.8819053550262257,1.0764711858977853,1.0820154469963068,1.1278319643328645,1.1278319643328645,1.0750462933774960,1.0945362483790746,1.2035354729440906,1.2035354729440906,1.1200214680686948,1.1035129311245475,1.3027348808788761,1.3027348808788761,1.1739342892637059,1.1858102793561160
279,1.0948091709600563,1.0948091709600563,1.1115841135541358,1.1032458041389039,1.0612881868270019,1.0612881868270019,1.0368549471603308,1.0034540084605155,0.4950999377067618,0.4950999377067618,0.8767698780296527,0.8589462624739593,0.8831562433448076,0.8831562433448076,1.0734403279755649,1.0785343582312239,1.1253239693009920,1.1253239693009920,1.0804112461964592,1.1002052608621105,1.2379512234647700,1.2379512234647700,1.1334397940518743,1.1756978758705936,1.3160352782693185,1.3160352782693185,1.1789788420516081,1.1973810077754197
280,1.0942111974506297,1.0942111974506297,1.1115361350958237,1.1029769797224782,1.0380326376428894,1.0380326376428894,1.0419589024071634,0.9993060801817923,0.4804504986416383,0.4804504986416383,0.8745950625481145,0.8633974884659110,0.8842471343203150,0.8842471343203150,1.0697723010583320,1.0760010906645547,1.1240221092844476,1.1240221092844476,1.0878152153516016,1.1061077032709183,1.2731553524114736,1.2731553524114736,1.1534968086254715,1.1030348851328518,1.3298989263673446,1.3298989263673446,1.1923742569245435,1.2053106833236011
281,1.0942111974506297,1.0942111974506297,1.1137527398698350,1.0992230387645341,1.0373645224177104,1.0373645224177104,1.0395795223041713,0.9970290275658760,0.4863486012884976,0.4863486012884976,0.8837532304933073,0.9270780909453642,0.8843198603853488,0.8843198603853488,1.0678435732896461,1.0626281952105732,1.1357771394338345,1.1357771394338345,1.0918932480239600,1.1112098145056506,1.2982470119320570,1.2982470119320570,1.1433625897369146,1.1800143499720810,1.3348657735160372,1.3348657735160372,1.1932008342488263,1.2111265932788160
282,1.0928456758544767,1.0928456758544767,1.1098281019799190,1.0987429951637742,1.0372874321994205,1.0372874321994205,1.0356097793344126,0.9895332165221298,0.4849432771921340,0.4849432771921340,0.8903175818091428,0.8788765266000854,0.8852652992307886,0.8852652992307886,1.0674130536984217,1.0690733793597860,1.1475321695832212,1.1475321695832212,1.1005507108283932,1.1206303793671659,1.3084504480996417,1.3084504480996417,1.1718342478104680,1.1702565876709987,1.3308590128007258,1.3308590128007258,1.1940881893175415,1.2026104394158228
283,1.0917032787021397,1.0917032787021397,1.1094058915467742,1.0964195841360951,1.0416558779025136,1.0416558779025136,1.0349933596186114,0.9874284814014719,0.4823881424714729,0.4823881424714729,0.8562388217865078,0.8815432520817501,0.8852216635917682,0.8852216635917682,1.0644510789107968,1.0670743382867682,1.1511697196294484,1.1511697196294484,1.1041273460410352,1.1267162310033660,1.3361346597519590,1.3361346597519590,1.1927228603178965,1.1601613811404843,1.3338544824728755,1.3338544824728755,1.1925809012556141,1.2044676207460596
284,1.0896416088412813,1.0896416088412813,1.1087821715887189,1.0915999463844637,1.0341909750981106,1.0341909750981106,1.0254018688407469,0.9798218948250595,0.4996140090465964,0.4996140090465964,0.9083146787297615,0.8898441870397141,0.8871852673476817,0.8871852673476817,1.0598875712438169,1.0629556243518434,1.1463260345678934,1.1463260345678934,1.1084226509459374,1.1303677419850862,1.3464897071553177,1.3464897071553177,1.1640256841605925,1.1771882545505858,1.3282475777019287,1.3282475777019287,1.1967988767192335,1.2028548053803276
285,1.0881600625343442,1.0881600625343442,1.1047711724738416,1.0890845179164805,1.0266232853359878,1.0266232853359878,1.0261662292883402,0.9799819039277996,0.5051288414853565,0.5051288414853565,0.8961636454430022,0.9466474448559267,0.8876216237378847,0.8876216237378847,1.0593365061670497,1.0585439475010454,1.1382468444652203,1.1382468444652203,1.1152082299007633,1.1385711365193616,1.3529028624285544,1.3529028624285544,1.1710872191580430,1.1939761049648396,1.3340593009119970,1.3340593009119970,1.1928847899777770,1.2076321599863971
286,1.0869105656489755,1.0869105656489755,1.1035045411744067,1.0871259400253794,1.0361953207736474,1.0361953207736474,1.0224307258105858,0.9770648149009230,0.4966330185391585,0.4966330185391585,0.9175127515461752,0.8821648196752209,0.8875779880988643,0.8875779880988643,1.0584065838500047,1.0564587408645354,1.1337094794075580,1.1337094794075580,1.1211581464227287,1.1458908320489283,1.3449584336740010,1.3449584336740010,1.1917785033421897,1.2050133433025192,1.3388853353837935,1.3388853353837935,1.1939423227309034,1.1989082950535748
287,1.0855718189860804,1.0855718189860804,1.0969602794606592,1.0827287406424166,1.0231028320340836,1.0231028320340836,1.0124693832032408,0.9655072343260828,0.4933113434022990,0.4933113434022990,0.8975603159357332,0.9306470919659381,0.8878979827850132,0.8878979827850132,1.0568394925379474,1.0520125977883406,1.1274299193277553,1.1274299193277553,1.1305342789194217,1.1523268285737867,1.3625150147766207,1.3625150147766207,1.2018986273505121,1.2423290510072340,1.3290156468486338,1.3290156468486338,1.1900890137338793,1.2034657202915897
288,1.0832513247703957,1.0832513247703957,1.0980254012351842,1.0768722087131435,1.0200449200419184,1.0200449200419184,1.0079941760665250,0.9585037589830752,0.5350665032957689,0.5350665032957689,0.8862273325090021,0.8747862108236973,0.8887125147133921,0.8887125147133921,1.0549624271202085,1.0493069990946871,1.1224522192644970,1.1224522192644970,1.1359660847330137,1.1590962964211764,1.3596495624204936,1.3596495624204936,1.2011797884585560,1.2415276209623325,1.3319855142158932,1.3319855142158932,1.1903929024560422,1.1962324877422470
289,1.0812342797983006,1.0812342797983006,1.0985819513516026,1.0724942110742111,0.9997573442619662,0.9997573442619662,1.0029395343969563,0.9566205749277498,0.5226315143218849,0.5226315143218849,0.8683499502020461,0.8407403471555263,0.9021959271706640,0.9021959271706640,1.0529992577842247,1.0476870865010348,1.1184892042141337,1.1184892042141337,1.1408129268436036,1.1650654330944907,1.3664569069067427,1.3664569069067427,1.2127939697717283,1.2652049577274944,1.3301549494162461,1.3301549494162461,1.1859804382102386,1.1962813609351479
290,1.0820732277070479,1.0820732277070479,1.0942542944118663,1.0737039209481267,1.0013505421066236,1.0013505421066236,1.0188185062759916,0.9710706277444296,0.5927273768253539,0.5927273768253539,0.9167146541217575,0.9084711642763048,0.9194756402227018,0.9194756402227018,1.0714943794232299,1.0638345130994633,1.1148899441683930,1.1148899441683930,1.1491026981775780,1.1748361428446641,1.3557531536611040,1.3557531536611040,1.2122583643228197,1.2668078178172977,1.3323439464843556,1.3323439464843556,1.1934804118732161,1.1985539644050427
291,1.0844651217447538,1.0844651217447538,1.0930164501874187,1.0756240953511671,1.0094707117664905,1.0094707117664905,1.0236265800592399,0.9748616126401174,0.6303304427977494,0.6303304427977494,0.9033664746983718,0.9240504552481358,0.9286100339909508,0.9286100339909508,1.0792953944162182,1.0638862124375585,1.1131094591457660,1.1131094591457660,1.1561891156082336,1.1792879850004598,1.3632730709554903,1.3632730709554903,1.2172338570455745,1.2473625940962649,1.3331760213932862,1.3331760213932862,1.1897121917183975,1.1968434026535091
292,1.0879637130237862,1.0879637130237862,1.0973728942021419,1.0746448064056164,0.9941169099570902,0.9941169099570902,1.0308263623397964,0.9892747402792419,0.6899502529465079,0.6899502529465079,0.9501948410760792,0.9658157874158628,0.9333081377921361,0.9333081377921361,1.0836866942467083,1.0747086072121725,1.1115970041265453,1.1115970041265453,1.1608521119835942,1.1892587775441523,1.3733703792580332,1.3733703792580332,1.2054505371695889,1.2395873166430971,1.3268266497805243,1.3268266497805243,1.1895177029362134,1.1919438650651872
293,1.0890614852873601,1.0890614852873601,1.0984476116683290,1.0791284136367159,0.9894272550111228,0.9894272550111228,1.0425876505172806,0.9860622498319221,0.7094544479808875,0.7094544479808875,0.9577169093012158,0.9610638029109414,0.9891472105251101,0.9891472105251101,1.0865453443324391,1.0763285198058250,1.1124010941367639,1.1124010941367639,1.1738048796929292,1.1934605162080494,1.3786009668922334,1.3786009668922334,1.2076493384861604,1.2225463830567691,1.3250088861333225,1.3250088861333225,1.1847162611260413,1.1826090852211029
294,1.0919621030569659,1.0919621030569659,1.0969123010023474,1.0772946470818123,0.9901596120848767,0.9901596120848767,1.0448314182827965,0.9926718566143388,0.7640278670563404,0.7640278670563404,0.9729605701075935,0.9511989236855349,1.0556333791790367,1.0556333791790367,1.0879230070243575,1.0780173648502711,1.1105440291131636,1.1105440291131636,1.1744232698932460,1.1985793010089083,1.3549647752350797,1.3549647752350797,1.1893118993011640,1.2582170501430019,1.3216677853451555,1.3216677853451555,1.1852754163748209,1.1810207064518214
295,1.0935418241191821,1.0935418241191821,1.0966724087107877,1.0804821365908595,0.9688056216185812,0.9688056216185812,1.0468902601335719,0.9959828142018062,0.7670301503531172,0.7670301503531172,1.0000160727953529,0.9477502260701489,1.0881710206751718,1.0881710206751718,1.0880952148608474,1.0798613079090029,1.1086869640895634,1.1086869640895634,1.1815598270698733,1.2002133104893127,1.3520235172610657,1.3520235172610657,1.1971486527115083,1.2253162377733589,1.3136670650669779,1.3136670650669779,1.1892259697629370,1.1756080003380396
296,1.0958355434016089,1.0958355434016089,1.0974208726604537,1.0822006926815806,0.9659918286510006,0.9659918286510006,1.0481107711708579,0.9951089183329952,0.8052081216376615,0.8052081216376615,1.0026896991671521,0.9950695654440499,1.1043016618996753,1.1043016618996753,1.0912810598359088,1.0821533118978941,1.1096633591019718,1.1096633591019718,1.1827297544758777,1.2064825713529053,1.3409558970495696,1.3409558970495696,1.2353034935061167,1.2329227931118105,1.3119901140966719,1.3119901140966719,1.1811668408511802,1.1712338495734034
297,1.0967280411768723,1.0967280411768723,1.0949163971365710,1.0774482610340554,0.9564840350619160,0.9564840350619160,1.0545215362151890,1.0078850297671635,0.8061237115792317,0.8061237115792317,1.0375665566142047,1.0063179338291171,1.1349193352789173,1.1349193352789173,1.0925553978259335,1.0837732244915466,1.1100271141065945,1.1100271141065945,1.1896323261713040,1.2160865454418128,1.3292969930185554,1.3292969930185554,1.2000944826805047,1.2529726044105758,1.3073688980639966,1.3073688980639966,1.1724391567506651,1.1650758272678816
298,1.0982542123725727,1.0982542123725727,1.0978334874019364,1.0807125575192242,0.9366204554825581,0.9366204554825581,1.0526722770677859,1.0088573927761224,0.8780933395445187,0.8780933395445187,1.0462458661047469,0.9753999586958308,1.1432973779708144,1.1432973779708144,1.0950351906713867,1.0857722655645643,1.1085338040876171,1.1085338040876171,1.1952646909687825,1.2196880357251534,1.3304492384104372,1.3304492384104372,1.2143162168370469,1.2418510050155385,1.3046934572029738,1.3046934572029738,1.1652187607120774,1.1655156860039904
299,1.0976205389521358,1.0976205389521358,1.0979294443185603,1.0808661714714676,0.9196349107193555,0.9196349107193555,1.0498120895864689,1.0018416090405964,0.9049009613221213,0.9049009613221213,1.0173746917764375,0.9802722466059401,1.1531008515373746,1.1531008515373746,1.0956034765318030,1.0868579516645656,1.1112906841226524,1.1112906841226524,1.2088692753757486,1.2203383048040897,1.3188358177501551,1.3188358177501551,1.1866902515775597,1.2434819854577941,1.2940556995211090,1.2940556995211090,1.1635777616123983,1.1649902991803049
300,1.0999767330788310,1.0999767330788310,1.0962693896609674,1.0811541976319237,0.9087009480919082,0.9087009480919082,1.0526722770677859,1.0106913432613740,0.9673740052422847,0.9673740052422847,1.0503361154048876,0.9963528017660540,1.1622061548796099,1.1622061548796099,1.0971016847092643,1.0897014152598063,1.1113289741231389,1.1113289741231389,1.1948802862496668,1.2362115397565900,1.3023708375451075,1.3023708375451075,1.2134846189032154,1.2158818595254826,1.2856197400597986,1.2856197400597986,1.1608549186618200,1.1645504404441962
301,1.1000838328118625,1.1000838328118625,1.0944366125534517,1.0806741540311635,0.8913042554978262,0.8913042554978262,1.0534612943040111,1.0103836334484124,0.9730804727850944,0.9730804727850944,1.0188112671403893,1.0137767449507658,1.1650861070549496,1.1650861070549496,1.0954312686953132,1.0914936589804431,1.1111949591214358,1.1111949591214358,1.2082341719267748,1.2392961494900065,1.2847384508246009,1.2847384508246009,1.1824054079862922,1.2245007475522309,1.2865414230358445,1.2865414230358445,1.1686101588514142,1.1622534003778509
302,1.0994144594804152,1.0994144594804152,1.0944558039367764,1.0852153664943540,0.8696547525280862,0.8696547525280862,1.0590707137178008,1.0104821005885600,0.9807884625257554,0.9807884625257554,1.0482610621014017,1.0104082496055051,1.1619443410454882,1.1619443410454882,1.0966022819834440,1.0888742258502817,1.1129371541435762,1.1129371541435762,1.2082007454294603,1.2458321874116243,1.2624970825365673,1.2624970825365673,1.1743713262526658,1.2223495405896003,1.2812161436186895,1.2812161436186895,1.1629213619725269,1.1627787872015363
303,1.1013958045414998,1.1013958045414998,1.0930356415707434,1.0770546252814321,0.8535428969055022,0.8535428969055022,1.0628555307728194,1.0114913887750743,1.0241405816196383,1.0241405816196383,1.0735807028910525,1.0351105488040839,1.1727514343095151,1.1727514343095151,1.0982726979973951,1.0968359239169563,1.1147942191671765,1.1147942191671765,1.2190643570566446,1.2317096769024145,1.2608445200666316,1.2608445200666316,1.1955277414845487,1.2052242459459144,1.2775934174767307,1.2775934174767307,1.1595542749309633,1.1668963537034427
304,1.1011637551199314,1.1011637551199314,1.0977183391019878,1.0762961563922313,0.8386259396664113,0.8386259396664113,1.0622514394513343,1.0073680772813880,1.0420904030322824,1.0420904030322824,1.0765336633613980,1.0426094610607952,1.1752823013726925,1.1752823013726925,1.0988065422905133,1.0984041371725133,1.1163258191866405,1.1163258191866405,1.2081673189321460,1.2466825392840797,1.2449556625575251,1.2449556625575251,1.1789803520893252,1.1825733020452753,1.2747387604814771,1.2747387604814771,1.1618516736705138,1.1629987165695908
305,1.1010477304091471,1.1010477304091471,1.0933139166289525,1.0765553799366416,0.8066206507063980,0.8066206507063980,1.0657157182541364,1.0282431109927075,1.0605299585997199,1.0605299585997199,1.0327979245033090,1.0105285530106929,1.1758932003189766,1.1758932003189766,1.1006491661409543,1.1024022193185490,1.1168427341932097,1.1168427341932097,1.2191479232999307,1.2415304073509676,1.2215014043832999,1.2215014043832999,1.1360614417754786,1.1780178049479402,1.2724985588035873,1.2724985588035873,1.1597122970664879,1.1668108256158660
306,1.1008513808985891,1.1008513808985891,1.0930836200290552,1.0720621718335270,0.7908300043266884,0.7908300043266884,1.0608460024993078,1.0227043343593976,1.0674501151348437,1.0674501151348437,1.0648016312224580,1.0306593228121321,1.1776677163058020,1.1776677163058020,1.1103789089026286,1.1064003014645847,1.1178574192061046,1.1178574192061046,1.2171924732070376,1.2483498958967372,1.2044603014823116,1.2044603014823116,1.1652378438607536,1.1706783929577891,1.2707960055283911,1.2707960055283911,1.1569043652737039,1.1686557886478774
307,1.1004586818774733,1.1004586818774733,1.0918169887296203,1.0765841825526874,0.7662125279527882,0.7662125279527882,1.0619309011991178,1.0175594262866785,1.0557603737878192,1.0557603737878192,1.0464453904608513,1.0773771451600938,1.1831367163963460,1.1831367163963460,1.1312849402524912,1.1367995122646148,1.1199059342321378,1.1199059342321378,1.2155211483413169,1.2333436863828189,1.1661633033258201,1.1661633033258201,1.1468581200350538,1.1529906912650492,1.2569451585828102,1.2569451585828102,1.1600283413375372,1.1554844631610672
308,1.0989325106817729,1.0989325106817729,1.0925366656042992,1.0785139578277430,0.7396035542730661,0.7396035542730661,1.0668376021368942,1.0268276458530838,1.0711124749011245,1.0711124749011245,1.0610904781989159,1.0271504734941521,1.1805331232681349,1.1805331232681349,1.1491773344637821,1.1544979190059022,1.1199250792323812,1.1199250792323812,1.2104737472468405,1.2242732664099616,1.1584462914249276,1.1584462914249276,1.1064199086424675,1.1384243486945578,1.2589549395166884,1.2589549395166884,1.1577917203424191,1.1432417283393754
309,1.0991377851700834,1.0991377851700834,1.0916058835130478,1.0716205317208278,0.7167077594409731,0.7167077594409731,1.0686745328899814,1.0180640703799355,1.1194045211216188,1.1194045211216188,1.0575389446602572,1.0414665787115105,1.1831658068223596,1.1831658068223596,1.1601469736481829,1.1726099204519518,1.1233711792761754,1.1233711792761754,1.1852200285258014,1.2139690025437377,1.1568846956964562,1.1568846956964562,1.1182032285184529,1.1306771915938425,1.2436831646497031,1.2436831646497031,1.1403485076902755,1.1404559563440204
310,1.0979953880177464,1.0979953880177464,1.0940719762702811,1.0750672447742853,0.6978977461782434,0.6978977461782434,1.0589351013803245,1.0208088419115535,1.1688676707557497,1.1688676707557497,1.0737403223759361,1.0285339626538128,1.1835585275735421,1.1835585275735421,1.1747501981825184,1.1860689814694254,1.1300527843610875,1.1300527843610875,1.1744901228878748,1.2242399192777085,1.1454683696426802,1.1454683696426802,1.1132841153166362,1.1297351597866776,1.2397660120015073,1.2397660120015073,1.1456604825536809,1.1394296192931002
311,1.0992538098808677,1.0992538098808677,1.0942255073368792,1.0764593712164896,0.6868609965930763,0.6868609965930763,1.0639774146555774,1.0213627195748847,1.1437208865465769,1.1437208865465769,1.0478620133891927,1.0537174754731433,1.1881402696706733,1.1881402696706733,1.1867530843858580,1.1898774993757784,1.1416929445090145,1.1416929445090145,1.1707630684373178,1.2025309361809067,1.1468480318882228,1.1468480318882228,1.1298315047118597,1.1315770428723284,1.2217419893588288,1.2217419893588288,1.1334806225693967,1.1322086050419826
312,1.0977097887296621,1.0977097887296621,1.0937361270620976,1.0738095305402939,0.6792933068309535,0.6792933068309535,1.0585775779451601,1.0183225466228234,1.1636722301570721,1.1636722301570721,1.0602724283388876,1.0528954022043593,1.1935656341221970,1.1935656341221970,1.1889229031256296,1.1959780212710225,1.1455410895579179,1.1455410895579179,1.1591473606205591,1.1958114890318967,1.1546711716541571,1.1546711716541571,1.1141298081307021,1.1175871675271170,1.2219852112552854,1.2219852112552854,1.1412844849545369,1.1255740691056766
313,1.0966030914883356,1.0966030914883356,1.0931124071040423,1.0706028392872162,0.6728305768643189,0.6728305768643189,1.0524626943644135,1.0165993716702380,1.1921832750817820,1.1921832750817820,1.0429936191002449,1.0527750987991715,1.1940310809384136,1.1940310809384136,1.1974299702482261,1.2047841418599201,1.1511314296289619,1.1511314296289619,1.1335928034236904,1.1417057669511579,1.1588556417615172,1.1588556417615172,1.1051795591818376,1.1347265223470293,1.2143941278553505,1.2143941278553505,1.1352431771579408,1.1295450160288800
314,1.0950233704261194,1.0950233704261194,1.0916922447380093,1.0744047846052365,0.6677297740874721,0.6677297740874721,1.0473464107232646,1.0184702473330449,1.1950152160638481,1.1950152160638481,1.0778305716760765,1.0706000533345097,1.1993255384728763,1.1993255384728763,1.1975332949501201,1.2058008955091273,1.1675769848379574,1.1675769848379574,1.1193865420650648,1.1432897557331825,1.1549743941257049,1.1549743941257049,1.1338908302193762,1.1284275633976277,1.2046140473873062,1.2046140473873062,1.1307091574232722,1.1114863712519734
315,1.0935239741636769,1.0935239741636769,1.0897443193305449,1.0703052122547450,0.6677811675663321,0.6677811675663321,1.0471738132028403,1.0211780936871075,1.2172235953442605,1.2172235953442605,1.0957079539830326,1.0919338571878277,1.2037909188659535,1.2037909188659535,1.1938308264655890,1.2084720279773840,1.1652795848087614,1.1652795848087614,1.1065173405990159,1.0778460086863721,1.1569605013143431,1.1569605013143431,1.1309309053701453,1.1085745945660310,1.1987895230247929,1.1987895230247929,1.1148704772241480,1.1087250358530689
316,1.0921673775452767,1.0921673775452767,1.0892261519807760,1.0741551619328411,0.6714943464139611,0.6714943464139611,1.0502805685704777,1.0115406223451482,1.2408372987210368,1.2408372987210368,1.1447709931491095,1.1200648034342611,1.2048381742024405,1.2048381742024405,1.1896289552552377,1.2094543154011945,1.1560516946914903,1.1560516946914903,1.0965729576479779,1.0795300388651563,1.1613420660282094,1.1613420660282094,1.1083086225938814,1.1199492771331427,1.1804710738758775,1.1804710738758775,1.1185536085367609,1.1064279957867236
317,1.0898379583518392,1.0898379583518392,1.0888615156976054,1.0673865471621236,0.6769163584336824,0.6769163584336824,1.0444369096646837,1.0216335042102909,1.2748418832951678,1.2748418832951678,1.1246389856181735,1.0863597994141223,1.2004309746613906,1.2004309746613906,1.1875624612173601,1.2094543154011945,1.1469195295754355,1.1469195295754355,1.0841884403929880,1.0819810530857630,1.1592195087273744,1.1592195087273744,1.0784838560178227,1.1218895814523779,1.1694236793157700,1.1694236793157700,1.1203647853208512,1.0936965290360221
318,1.0879280131127758,1.0879280131127758,1.0884968794144347,1.0720141674734511,0.6865140906107718,0.6865140906107718,1.0486162353378150,1.0241567246765766,1.2994776405602084,1.2994776405602084,1.1308840979642418,1.1254584061001847,1.1989619081477072,1.1989619081477072,1.1939169303838340,1.2067659498202394,1.1486042895968460,1.1486042895968460,1.0858096255127370,1.0895175049749752,1.1580369410883380,1.1580369410883380,1.1128048893886655,1.1029364638992674,1.1593747746463789,1.1593747746463789,1.1120382343335908,1.0881249850453121
319,1.0853933194310277,1.0853933194310277,1.0849560691910143,1.0700555895823498,0.6984116809668426,0.6984116809668426,1.0553228818457305,1.0379051991197039,1.3100601568616130,1.3100601568616130,1.1548868780036037,1.1573789096100364,1.2011727805247356,1.2011727805247356,1.1921948520189358,1.2063006557773819,1.1490063346019554,1.1490063346019554,1.0890519957522351,1.0781794800089037,1.1616907718704894,1.1616907718704894,1.0956373252631268,1.1125536244380863,1.1531790168629583,1.1531790168629583,1.0964305095633105,1.0798654154450491
320,1.0825908764167007,1.0825908764167007,1.0841788181663610,1.0710828828879764,0.7131873061390688,0.7131873061390688,1.0634472936999884,1.0585463733731726,1.3287765186904554,1.3287765186904554,1.1620697548233627,1.1488774689767594,1.2015218656368980,1.2015218656368980,1.1959834244217118,1.2134179313218334,1.1487765945990358,1.1487765945990358,1.0722217543544281,1.0844153937402430,1.1599927260298215,1.1599927260298215,1.1071669372948925,1.0846863551574739,1.1414275589183709,1.1414275589183709,1.0944248439970361,1.0736951748413022
321,1.0805202815780899,1.0805202815780899,1.0870959084317262,1.0686250596520848,0.7299415802474017,0.7299415802474017,1.0768359299271875,1.0619434897082694,1.3147019849374808,1.3147019849374808,1.1823813342747926,1.1708729415586108,1.2087072008622404,1.2087072008622404,1.1918504363459563,1.2168990200869161,1.1500210196148504,1.1500210196148504,1.0777538396599633,1.0848155593272808,1.1468935152589550,1.1468935152589550,1.0779764403293832,1.0719056549677279,1.1338876801282165,1.1338876801282165,1.0916290677531386,1.0648002537333265
322,1.0769324405215310,1.0769324405215310,1.0833919714500453,1.0645542899176390,0.7459249521728359,0.7459249521728359,1.0908656426588195,1.0634204968104852,1.3289468610051662,1.3289468610051662,1.1899832122423710,1.1637950912200570,1.2107435306831875,1.2107435306831875,1.1897150591734826,1.2131422015186584,1.1522418396430734,1.1522418396430734,1.0702997307588493,1.0794800181667765,1.1514418523321726,1.1514418523321726,1.0792167897900131,1.0748442317990337,1.1139434846187755,1.1139434846187755,1.0862927817919601,1.0541458976809162
323,1.0757454184804309,1.0757454184804309,1.0843611363079462,1.0636422070761946,0.7758231084995927,0.7758231084995927,1.0887574872307799,1.0773535971413897,1.3389544719944222,1.3389544719944222,1.2014957675895961,1.1684067217522591,1.2151943658632578,1.2151943658632578,1.1817418363440046,1.2145897829853265,1.1564537396965995,1.1564537396965995,1.0693972153313602,1.0813474575729531,1.1309136910083841,1.1309136910083841,1.0649809607532366,1.0721446779635757,1.1090790466896434,1.1090790466896434,1.0703203905550844,1.0416099237018186
324,1.0737640734193461,1.0737640734193461,1.0812809192843202,1.0596866478059315,0.7951727532903514,0.7951727532903514,1.1060172392732095,1.0903758764259273,1.3845849195475612,1.3845849195475612,1.2026330564193912,1.2028936979061191,1.2164452541818398,1.2164452541818398,1.1903866697357930,1.2070761458488111,1.1614888747605878,1.1614888747605878,1.0602550683158682,1.0989547434026172,1.1360836341482747,1.1360836341482747,1.0445151946528408,1.0439259042773048,1.0858705573067058,1.0858705573067058,1.0478934028594713,1.0270579305155563
325,1.0708634556497403,1.0708634556497403,1.0810410269927606,1.0595138321096578,0.8187752084567683,0.8187752084567683,1.1128841549072335,1.1079768777273347,1.4107111720663208,1.4107111720663208,1.2043689183174997,1.2141019651561238,1.2149907328811631,1.2149907328811631,1.1808635763779065,1.2050426385503965,1.1507676746243392,1.1507676746243392,1.0536031953503000,1.0667080665138196,1.1002730602584754,1.1002730602584754,1.0209767446613389,1.0138090068004777,1.0725829610687085,1.0725829610687085,1.0391535632100697,1.0183951570738601
326,1.0747904458608990,1.0747904458608990,1.0868464204485042,1.0658984119997672,0.8443434641895771,0.8443434641895771,1.1228701543032105,1.1111647513896177,1.4368800101637580,1.4368800101637580,1.2193531974609417,1.2180519269597925,1.2148161903250820,1.2148161903250820,1.1811218881326413,1.2017166477995995,1.1544052246705663,1.1544052246705663,1.0582829049743179,1.0661578388316424,1.0961947180161569,1.0961947180161569,1.0276859076529288,1.0243119584415561,1.0756040330457484,1.0756040330457484,1.0443196714868370,1.0166357221294255
327,1.0766646911889521,1.0766646911889521,1.0899938073137669,1.0715629264887365,0.8725970291928165,0.8725970291928165,1.1388354249424579,1.1154480719860440,1.4158427342969817,1.4158427342969817,1.2357940044039459,1.2411902818909288,1.2091871928914635,1.2091871928914635,1.1755079126630736,1.1992523126837240,1.1635948247873509,1.1635948247873509,1.0557926309243939,1.0967871798061624,1.1059736427235747,1.1059736427235747,1.0313646713941156,1.0389486018931795,1.0762568918204478,1.0762568918204478,1.0463496481508845,1.0315787008588955
328,1.0749957203492095,1.0749957203492095,1.0871055041233888,1.0723021936339072,0.8783402504554122,0.8783402504554122,1.1249906381255661,1.1164081266024843,1.3823065910883052,1.3823065910883052,1.2067831630263632,1.2104126607303620,1.2109326184522755,1.2109326184522755,1.1694806383859304,1.1939100477472109,1.1659688048175201,1.1659688048175201,1.0740434984580636,1.1130105596473208,1.1180418970911785,1.1180418970911785,1.0204975187333682,1.0588296910772288,1.0687682176400735,1.0687682176400735,1.0468480256552313,1.0273267330765115
329,1.0684180117455186,1.0684180117455186,1.0790451231269844,1.0640358428288179,0.8748069487837928,0.8748069487837928,1.1107636710848778,1.1034966228506129,1.3651446028811982,1.3651446028811982,1.1658806700249571,1.1690282893457300,1.2075581290347057,1.2075581290347057,1.1631606107867545,1.1822776966757709,1.1775323849644741,1.1775323849644741,1.0888180102710341,1.0946362897758342,1.1188909200115125,1.1188909200115125,0.9874450245836245,1.0482423783787922,1.0734534394349744,1.0734534394349744,1.0479177139572444,1.0239789193627955
330,1.0605729563009538,1.0605729563009538,1.0726831795548224,1.0601666914066914,0.8648751589941139,0.8648751589941139,1.0806207469822060,1.0813907498874467,1.2737346582495481,1.2737346582495481,1.0980024840782334,1.1191224267602895,1.2099144535418018,1.2099144535418018,1.1518465559293740,1.1760220767662408,1.1830270000343015,1.1830270000343015,1.0548399757509332,1.0896342199378612,1.1219989503448777,1.1219989503448777,0.9954509165567820,1.0338306977467904,1.0635581485949244,1.0635581485949244,1.0507134902011419,1.0189571987922212
331,1.0509429053058621,1.0509429053058621,1.0598729311855368,1.0518331344974960,0.8696033590492263,0.8696033590492263,1.0549160448333017,1.0511736462546108,1.1639490364184770,1.1639490364184770,1.0405793743913814,1.0410054156582902,1.2106271689791335,1.2106271689791335,1.1420134884658062,1.1735060423122701,1.1833333200381941,1.1833333200381941,1.0511797742950051,1.0766121647930056,1.1279572719107926,1.1279572719107926,0.9564503829481078,0.9451812866396965,1.0610363215632428,1.0610363215632428,1.0460214483309487,1.0181874460040310
332,1.0395546336935018,1.0395546336935018,1.0490969694486771,1.0397840401184171,0.8657873932438774,0.8657873932438774,1.0263634835973967,1.0219658308082895,1.1229604169412055,1.1229604169412055,0.9928930532824251,0.9932249132311690,1.2143216530828520,1.2143216530828520,1.1375360847170710,1.1597367852662248,1.1964859352053421,1.1964859352053421,1.0436420991506048,1.0656409582817186,1.0612483281702689,1.0612483281702689,0.9253852669114190,0.9235145550749015,1.0600762351298614,1.0600762351298614,1.0463374926019979,1.0139843514145481
333,1.0263188916863462,1.0263188916863462,1.0340605206137181,1.0246914693105191,0.8697960845949509,0.8697960845949509,1.0067613366349228,0.9961551316970648,1.0531413606991415,1.0531413606991415,0.9568988594411877,0.9503768504167510,1.2119216929367356,1.2119216929367356,1.1251026789225069,1.1532399017789168,1.1736650949153271,1.1736650949153271,1.0462995056871007,1.0613391782210619,1.0651750591768134,1.0651750591768134,0.9141234576041075,0.8726307773117655,1.0563895032256772,1.0563895032256772,1.0454136708866231,1.0089504125457487
334,1.0129403500351484,1.0129403500351484,1.0199548538700105,1.0137272734691583,0.8720830944042173,0.8720830944042173,0.9828812368447899,0.9779387107697342,1.0013785898164158,1.0013785898164158,0.9171935125764081,0.9139249186448222,1.2073690412656179,1.2073690412656179,1.1198503399095678,1.1459158288820841,1.1756753199408738,1.1756753199408738,1.0387785437913577,1.0515684684708886,1.0038786365534185,1.0038786365534185,0.8616341236110816,0.8345558200908281,1.0527539759312732,1.0527539759312732,1.0367224534327675,1.0055781622355822
335,0.9991066345185663,0.9991066345185663,1.0046881084351542,0.9972137736030104,0.8716719465733379,0.8716719465733379,0.9737828818395662,0.9610885214119532,0.9465922428475746,0.9465922428475746,0.8813589382200543,0.8712974120732487,1.2201397382855583,1.2201397382855583,1.1087257136723263,1.1238229784026972,1.1742968799233562,1.1742968799233562,1.0242547307082452,1.0575876258425825,0.9383674215755087,0.9383674215755087,0.8210267736556821,0.8027657616430660,1.0537012612122094,1.0537012612122094,1.0351422320775210,1.0018882361715593
336,0.9856834679786054,0.9856834679786054,0.9905152718498098,0.9824572333156446,0.8603268361150113,0.8603268361150113,0.9505192017652342,0.9435613704656567,0.9090104696645178,0.9090104696645178,0.8451652200227125,0.8356876041376351,1.2136962089235610,1.2136962089235610,1.0499683998620042,1.1261839148423820,1.1497146996109575,1.1497146996109575,1.0209622207227755,1.0445155499993470,0.9138670458744436,0.9138670458744436,0.7951485735452644,0.7800445168612954,1.0567479354941396,1.0567479354941396,1.0293318797097688,1.0007763710330622
337,0.9698148575344229,0.9698148575344229,0.9743273400153644,0.9682575436051605,0.8556114844296139,0.8556114844296139,0.9245186181527455,0.9172091020836195,0.8539260236449328,0.8539260236449328,0.8075149740258084,0.8092208549963007,1.2348304034223918,1.2348304034223918,0.9896095531723266,1.0512198746042127,1.1483936945941697,1.1483936945941697,1.0275806671910295,1.0476168332988900,0.9311204045055154,0.9311204045055154,0.8163895580585540,0.7533864227361486,1.0605882812276648,1.0605882812276648,1.0195101962094677,1.0011795748744952
338,0.9544371208666352,0.9544371208666352,0.9554238274404636,0.9542690730790109,0.8452171533301956,0.8452171533301956,0.9026603750304399,0.8945001178870484,0.8158758090964215,0.8158758090964215,0.7801402323682820,0.7734105413853739,1.2316595469869167,1.2316595469869167,0.9314894083570167,0.9654162064787313,1.1372704494528119,1.1372704494528119,1.0025943604485057,1.0583712834505314,0.9260262669835118,0.9260262669835118,0.7736538811877551,0.7364579705596314,1.0579384426715324,1.0579384426715324,1.0147573765948417,0.9985404224578431
339,0.9382561362011105,0.9382561362011105,0.9383051135147668,0.9377747749568934,0.8347200352730576,0.8347200352730576,0.8773748382882804,0.8718034420829959,0.7865556381768356,0.7865556381768356,0.7486153841037837,0.7462219718129122,1.2385539779521237,1.2385539779521237,0.7762096021941575,0.7661324912340900,1.1255728543041550,1.1255728543041550,0.9982154893003174,1.0262913422229996,0.9327274836047189,0.9327274836047189,0.7776145425336306,0.7370063174324588,1.0575032034883995,1.0575032034883995,1.0073303362251835,0.9933354274138904
340,0.9215753527814383,0.9215753527814383,0.9191329215733193,0.9207332271299095,0.8230665639415714,0.8230665639415714,0.8538152767503639,0.8502760635681976,0.7560856566329522,0.7560856566329522,0.7243332699658758,0.7140408109251533,1.2484447227967246,1.2484447227967246,0.6501362450999695,0.6259411194323642,1.1260706243104808,1.1260706243104808,0.9579031335391354,1.0479336310552949,0.8850912333245540,0.8850912333245540,0.7565145068226854,0.7399448942637645,1.0535604485353136,1.0535604485353136,0.9984689410869168,0.9891812060173083
341,0.9039128218089765,0.9039128218089765,0.9006420237399011,0.9052470205693882,0.8074943398470166,0.8074943398470166,0.8313652707008894,0.8265085576150384,0.7269145352387383,0.7269145352387383,0.7026250200217149,0.6868923424877541,1.2593390873387922,1.2593390873387922,0.3933399193263689,0.4368077075670981,1.0886995838355571,1.0886995838355571,0.8569885381469222,1.0442821200735748,0.8861828342221262,0.8861828342221262,0.7380220239551103,0.7359658643917094,1.0474158953616732,1.0474158953616732,0.9888539019176864,0.9824733602916509
342,0.8866162149243726,0.8866162149243726,0.8835233098142042,0.8863237018274246,0.7947487570897571,0.7947487570897571,0.8038482945875300,0.8054242812309049,0.6948050089157640,0.6948050089157640,0.6767666634705820,0.6584806882958822,1.2675716779006216,1.2675716779006216,0.2723983557595772,0.2901883847288580,1.0612456534866634,1.0612456534866634,0.8939916706739776,0.9195138247484075,0.8581650778511062,0.8581650778511062,0.7409114744031688,0.7141725912408774,1.0463149962513960,1.0463149962513960,0.9753369315558860,0.9747147409186226
343,0.8679183865326052,0.8679183865326052,0.8637273979147017,0.8702518420739761,0.7795234389775066,0.7795234389775066,0.7814845872982676,0.7821737277635213,0.6701905444400623,0.6701905444400623,0.6497311132184331,0.6407559865982007,1.2689389279232577,1.2689389279232577,0.1608076777141821,0.1635250063953996,1.0366634731742650,1.0366634731742650,0.6856108864159265,0.7773549999532213,0.8509635441518452,0.8509635441518452,0.7046453475599745,0.7205418510714109,1.0380198494669814,1.0380198494669814,0.9639714933469979,0.9639748567786356
344,0.8473373878350322,0.8473373878350322,0.8402563361085051,0.8495523620092000,0.7618569306194102,0.7618569306194102,0.7562360357390562,0.7597847617724305,0.6407852023631210,0.6407852023631210,0.6273245280279068,0.6121237761634842,1.2632662948506188,1.2632662948506188,0.1314462415926699,0.1352799346826733,0.9091194815533934,0.9091194815533934,0.5933036140821748,0.5013241127277575,0.8155319983514806,0.8155319983514806,0.6918190065466412,0.7071706234801585,1.0280861551695961,1.0280861551695961,0.9531530548380029,0.9578779259642402
345,0.8290054835311228,0.8290054835311228,0.8202397233007677,0.8299281796101268,0.7446529635710529,0.7446529635710529,0.7335148050146292,0.7366203670526762,0.6154467830498986,0.6154467830498986,0.6019250774958141,0.5894265337180369,1.2665826034161616,1.2665826034161616,0.1308435141649556,0.1322986061858449,0.7847152699724231,0.7847152699724231,0.3995970621451511,0.4393151203030217,0.7987941179220400,0.7987941179220400,0.6886617533741283,0.7014481317560368,1.0160146684138818,1.0160146684138818,0.9375817967143821,0.9473457528940822
346,0.8099863559402607,0.8099863559402607,0.7981216540189676,0.8096031335539435,0.7264468236849274,0.7264468236849274,0.7128524161409776,0.7174561999014235,0.5915775662010564,0.5915775662010564,0.5817332126580468,0.5720226411008563,1.2705098109279882,1.2705098109279882,0.1177384978080813,0.1214762114112311,0.5552050070557303,0.5552050070557303,0.3816804595846257,0.3589485315729259,0.7986121844391113,0.7986121844391113,0.6867025650215423,0.6931104472538153,1.0046088415853118,1.0046088415853118,0.9221685607262859,0.9300079877124648
347,0.7884950095119190,0.7884950095119190,0.7770783022033547,0.7888076447690155,0.7065446989964245,0.7065446989964245,0.6909571878357240,0.6953626353307758,0.5677296421415530,0.5677296421415530,0.5602244870699904,0.5516713150565726,1.2732006753342400,1.2732006753342400,0.1115734572617462,0.1135662126826518,0.3408001493310019,0.3408001493310019,0.3686274123833473,0.3323208464687842,0.7541900923573535,0.7541900923573535,0.6725513052661721,0.6814967416908557,0.9874168938515639,0.9874168938515639,0.9045794814875042,0.9157858885782839
348,0.7669054883282984,0.7669054883282984,0.7561309073043658,0.7657079467004390,0.6871308123570908,0.6871308123570908,0.6741659147773031,0.6774046906463329,0.5440520603967604,0.5440520603967604,0.5427661059108536,0.5313801407148829,1.2716588827555229,1.2716588827555229,0.1045129359656640,0.1112225093556654,0.3374306292881809,0.3374306292881809,0.3535353488458898,0.3166643678759294,0.7332677418205529,0.7332677418205529,0.6634037279940256,0.6730606359550498,0.9667174303478628,0.9667174303478628,0.8830276933117198,0.8909949614792694
349,0.7467528885628517,0.7467528885628517,0.7362102514132521,0.7437603532736866,0.6664834822251191,0.6664834822251191,0.6561294738929641,0.6576497206541938,0.5222269513244470,0.5222269513244470,0.5210379035310823,0.5134549333418882,1.2353540310906352,1.2353540310906352,0.1028597407353619,0.1027782841334348,0.3031227888521854,0.3031227888521854,0.3054011927131350,0.2797157453394372,0.7136340867878305,0.7136340867878305,0.6412324813852636,0.6519281910868560,0.9400014251949723,0.9400014251949723,0.8535018650663841,0.8658252671352724
350,0.7225126489866990,0.7225126489866990,0.7164431265887367,0.7203150238125628,0.6449110694736689,0.6449110694736689,0.6401272180707686,0.6398394766799725,0.5018710447165137,0.5018710447165137,0.5029609968680219,0.4983769065583401,1.1985837326095312,1.1985837326095312,0.0963675052996962,0.0987974351000976,0.2553943032456359,0.2553943032456359,0.2760694413197375,0.2534048579917004,0.6917869077128089,0.6917869077128089,0.6228950422002671,0.6278431092111301,0.9115188610046602,0.9115188610046602,0.8324606099438333,0.8377231812172174
351,0.7029669477084314,0.7029669477084314,0.6940179951737403,0.6960824228461924,0.6241866491234074,0.6241866491234074,0.6231140339146594,0.6225215684064899,0.4810254039537871,0.4810254039537871,0.4874579543987084,0.4830582729644162,1.0702804086768498,1.0702804086768498,0.0913562572578428,0.0941100284461247,0.2138496527176727,0.2138496527176727,0.2328489802922014,0.2414165639466924,0.6656036472946534,0.6656036472946534,0.6038105743628458,0.6099445048749952,0.8802968501910999,0.8802968501910999,0.7990693171525870,0.8082893007926112
352,0.6810918272367265,0.6810918272367265,0.6752488222821130,0.6734627683783759,0.6023315722382278,0.6023315722382278,0.6082953039468019,0.6048344083574533,0.4613295738153579,0.4613295738153579,0.4698200013190777,0.4658348354550175,1.0546588499075835,1.0546588499075835,0.0877915550425038,0.0904393754413592,0.1432620368206217,0.1432620368206217,0.2284199693980417,0.2310122586837090,0.6405423100212247,0.6405423100212247,0.5791445339525892,0.5855360389460633,0.8448504590706620,0.8448504590706620,0.7579227841717465,0.7705591958730662
353,0.6614211762699221,0.6614211762699221,0.6560190561906911,0.6520336220404446,0.5885067264249100,0.5885067264249100,0.5932669912755720,0.5891535162889266,0.4438907793468460,0.4438907793468460,0.4530799078419168,0.4494134206468714,0.9633585478641143,0.9633585478641143,0.0842957359617607,0.0859587661397674,0.1309900916646657,0.1309900916646657,0.2164867098567962,0.2180568978033595,0.5990917981606357,0.5990917981606357,0.5455846241144059,0.5480094285979532,0.7999440162933069,0.7999440162933069,0.7242519137561105,0.7332689496896299
354,0.6428929224554548,0.6428929224554548,0.6383054093819264,0.6329374876022072,0.5763264719351097,0.5763264719351097,0.5784975748849787,0.5731033724448461,0.4248976112565986,0.4248976112565986,0.4375170080657721,0.4342351410256667,0.8929451716983610,0.8929451716983610,0.0811615533376462,0.0827878734032564,0.1077863513697849,0.1077863513697849,0.1940575301588251,0.2011499017510116,0.5578687031537075,0.5578687031537075,0.5099809566422299,0.5166130550845288,0.7623982361718752,0.7623982361718752,0.6923922201245647,0.6980313776080340
355,0.6264888133461143,0.6264888133461143,0.6250249721211839,0.6183057586510391,0.5630798027589661,0.5630798027589661,0.5656760447963166,0.5590964217588310,0.4078420869961860,0.4078420869961860,0.4227721581496555,0.4192172659447125,0.8666619717951350,0.8666619717951350,0.0766669288052622,0.0784623621159505,0.0923746261739275,0.0923746261739275,0.1778958187073064,0.1829590411069173,0.5206633058947880,0.5206633058947880,0.4834966766817316,0.4859056302061953,0.7368727381963774,0.7368727381963774,0.6711321651220565,0.6719453108971438
356,0.6159751895535119,0.6159751895535119,0.6144409242175720,0.6080136238507423,0.5549210879899542,0.5549210879899542,0.5520654974714292,0.5480065600996925,0.3942572873980045,0.3942572873980045,0.4094638835974906,0.4094526395569626,0.8614547855387129,0.8614547855387129,0.0743765645799478,0.0792033859619830,0.0934658911877957,0.0934658911877957,0.1750211399382668,0.1775568056819067,0.5155843294963618,0.5155843294963618,0.4816502473710210,0.4822078038586670,0.7260813666851715,0.7260813666851715,0.6616386814416914,0.6575032823949086
357,0.6082550837974838,0.6082550837974838,0.6068507321126245,0.6020802849453473,0.5466595862632225,0.5466595862632225,0.5420548412868199,0.5419262141955700,0.3814390282160215,0.3814390282160215,0.3967342296780286,0.4015727665171562,0.8540076364792488,0.8540076364792488,0.0718106678162496,0.0789965886096018,0.1005878312783037,0.1005878312783037,0.1761910673442713,0.1803412912250449,0.5141137005093548,0.5141137005093548,0.4817630064128964,0.4763728307247346,0.7153411997837459,0.7153411997837459,0.6493858881640880,0.6516995907379191
358,0.6026144978578194,0.6026144978578194,0.5981474397748403,0.5969054149291533,0.5411733323949264,0.5411733323949264,0.5322907529885311,0.5353289158056719,0.3699835075517243,0.3699835075517243,0.3853613413800767,0.3958984559057944,0.8543567215914112,0.8543567215914112,0.0708635247155557,0.0772388111143620,0.1076331913678385,0.1076331913678385,0.1798178423028851,0.1822254041973480,0.5160240020801062,0.5160240020801062,0.4820589988978195,0.4741513228809723,0.7076861106215856,0.7076861106215856,0.6355164068845788,0.6382594626901537
359,0.5987856824019396,0.5987856824019396,0.5931001059604252,0.5936315175719693,0.5404024302120277,0.5404024302120277,0.5284442939619326,0.5306024930785807,0.3632124005419725,0.3632124005419725,0.3846829585693217,0.3914873310489053,0.8578621179260417,0.8578621179260417,0.0742560190944049,0.0763254561413452,0.1154634964673486,0.1154634964673486,0.1827426608178963,0.1848765012114735,0.5128704883760087,0.5128704883760087,0.4743772891700539,0.4675852205832701,0.6980468428304373,0.6980468428304373,0.6283932552370832,0.6362067885883131
360,0.5960635641873864,0.5960635641873864,0.5905284605949057,0.5917593475290049,0.5406337008668973,0.5406337008668973,0.5290237284947855,0.5274884697714086,0.3602527028238733,0.3602527028238733,0.3834259551258639,0.3879784817309254,0.8616147828817874,0.8616147828817874,0.0776657342569031,0.0764633210429327,0.1268547716121127,0.1268547716121127,0.1879571943989447,0.1897618560865603,0.5103992252328938,0.5103992252328938,0.4659062661491600,0.4610050581093414,0.6936944509991086,0.6936944509991086,0.6248559905111084,0.6284603875135102
