1.000000000000000000e+00,6.162439000000000000e+06,6.162439000000000000e+06,5.321493000000000000e+06,6.421738000000000000e+06,4.838498000000000000e+06,4.838498000000000000e+06,4.104486000000000000e+06,5.032014000000000000e+06,2.142859000000000000e+06,2.142859000000000000e+06,1.880795000000000000e+06,2.476824000000000000e+06,3.656120000000000000e+05,3.656120000000000000e+05,3.891830000000000000e+05,4.619180000000000000e+05,1.988080000000000000e+05,1.988080000000000000e+05,2.012390000000000000e+05,2.530300000000000000e+05,2.093766000000000000e+06,2.093766000000000000e+06,1.646556000000000000e+06,2.375617000000000000e+06,4.701749000000000000e+06,4.701749000000000000e+06,3.989686000000000000e+06,5.014829000000000000e+06
2.000000000000000000e+00,6.166165000000000000e+06,6.166165000000000000e+06,5.324735000000000000e+06,6.425785000000000000e+06,4.860668000000000000e+06,4.860668000000000000e+06,4.131632000000000000e+06,5.040367000000000000e+06,2.161398000000000000e+06,2.161398000000000000e+06,1.906743000000000000e+06,2.488870000000000000e+06,3.652410000000000000e+05,3.652410000000000000e+05,3.938580000000000000e+05,4.589460000000000000e+05,1.992910000000000000e+05,1.992910000000000000e+05,1.987550000000000000e+05,2.597680000000000000e+05,2.097359000000000000e+06,2.097359000000000000e+06,1.642738000000000000e+06,2.381735000000000000e+06,4.706098000000000000e+06,4.706098000000000000e+06,3.989627000000000000e+06,5.019674000000000000e+06
3.000000000000000000e+00,6.170055000000000000e+06,6.170055000000000000e+06,5.329080000000000000e+06,6.429338000000000000e+06,4.877317000000000000e+06,4.877317000000000000e+06,4.157118000000000000e+06,5.046869000000000000e+06,2.176574000000000000e+06,2.176574000000000000e+06,1.930308000000000000e+06,2.496967000000000000e+06,3.637660000000000000e+05,3.637660000000000000e+05,3.950580000000000000e+05,4.554530000000000000e+05,1.986440000000000000e+05,1.986440000000000000e+05,1.944580000000000000e+05,2.662200000000000000e+05,2.093756000000000000e+06,2.093756000000000000e+06,1.632637000000000000e+06,2.383562000000000000e+06,4.706761000000000000e+06,4.706761000000000000e+06,3.986407000000000000e+06,5.024521000000000000e+06
4.000000000000000000e+00,6.173969000000000000e+06,6.173969000000000000e+06,5.333387000000000000e+06,6.433492000000000000e+06,4.896134000000000000e+06,4.896134000000000000e+06,4.179360000000000000e+06,5.055672000000000000e+06,2.193284000000000000e+06,2.193284000000000000e+06,1.951765000000000000e+06,2.506387000000000000e+06,3.624230000000000000e+05,3.624230000000000000e+05,3.968120000000000000e+05,4.519650000000000000e+05,1.994620000000000000e+05,1.994620000000000000e+05,1.914440000000000000e+05,2.756180000000000000e+05,2.093581000000000000e+06,2.093581000000000000e+06,1.625868000000000000e+06,2.389188000000000000e+06,4.709515000000000000e+06,4.709515000000000000e+06,3.985015000000000000e+06,5.029897000000000000e+06
5.000000000000000000e+00,6.177773000000000000e+06,6.177773000000000000e+06,5.337866000000000000e+06,6.435192000000000000e+06,4.913510000000000000e+06,4.913510000000000000e+06,4.201447000000000000e+06,5.062371000000000000e+06,2.205590000000000000e+06,2.205590000000000000e+06,1.972887000000000000e+06,2.511748000000000000e+06,3.588600000000000000e+05,3.588600000000000000e+05,3.955990000000000000e+05,4.468490000000000000e+05,2.014580000000000000e+05,2.014580000000000000e+05,1.898970000000000000e+05,2.867260000000000000e+05,2.091808000000000000e+06,2.091808000000000000e+06,1.618435000000000000e+06,2.393507000000000000e+06,4.712788000000000000e+06,4.712788000000000000e+06,3.983871000000000000e+06,5.034999000000000000e+06
6.000000000000000000e+00,6.181549000000000000e+06,6.181549000000000000e+06,5.343149000000000000e+06,6.438659000000000000e+06,4.931235000000000000e+06,4.931235000000000000e+06,4.223467000000000000e+06,5.070632000000000000e+06,2.220725000000000000e+06,2.220725000000000000e+06,1.995539000000000000e+06,2.518960000000000000e+06,3.564210000000000000e+05,3.564210000000000000e+05,3.963540000000000000e+05,4.433990000000000000e+05,2.064010000000000000e+05,2.064010000000000000e+05,1.915120000000000000e+05,2.993940000000000000e+05,2.095315000000000000e+06,2.095315000000000000e+06,1.620391000000000000e+06,2.400334000000000000e+06,4.721165000000000000e+06,4.721165000000000000e+06,3.988731000000000000e+06,5.041258000000000000e+06
7.000000000000000000e+00,6.185472000000000000e+06,6.185472000000000000e+06,5.348846000000000000e+06,6.441627000000000000e+06,4.953372000000000000e+06,4.953372000000000000e+06,4.248979000000000000e+06,5.081699000000000000e+06,2.240318000000000000e+06,2.240318000000000000e+06,2.023453000000000000e+06,2.528054000000000000e+06,3.536920000000000000e+05,3.536920000000000000e+05,3.973230000000000000e+05,4.394750000000000000e+05,2.145300000000000000e+05,2.145300000000000000e+05,1.960910000000000000e+05,3.130650000000000000e+05,2.100780000000000000e+06,2.100780000000000000e+06,1.625194000000000000e+06,2.406900000000000000e+06,4.730907000000000000e+06,4.730907000000000000e+06,3.996113000000000000e+06,5.046522000000000000e+06
8.000000000000000000e+00,6.189977000000000000e+06,6.189977000000000000e+06,5.354141000000000000e+06,6.444462000000000000e+06,4.970982000000000000e+06,4.970982000000000000e+06,4.271781000000000000e+06,5.089359000000000000e+06,2.255340000000000000e+06,2.255340000000000000e+06,2.046488000000000000e+06,2.533674000000000000e+06,3.496930000000000000e+05,3.496930000000000000e+05,3.958990000000000000e+05,4.346260000000000000e+05,2.233970000000000000e+05,2.233970000000000000e+05,1.998550000000000000e+05,3.290130000000000000e+05,2.103295000000000000e+06,2.103295000000000000e+06,1.624854000000000000e+06,2.414368000000000000e+06,4.737921000000000000e+06,4.737921000000000000e+06,3.999422000000000000e+06,5.051785000000000000e+06
9.000000000000000000e+00,6.194111000000000000e+06,6.194111000000000000e+06,5.361729000000000000e+06,6.447741000000000000e+06,4.987047000000000000e+06,4.987047000000000000e+06,4.289992000000000000e+06,5.098261000000000000e+06,2.269382000000000000e+06,2.269382000000000000e+06,2.063263000000000000e+06,2.539542000000000000e+06,3.456550000000000000e+05,3.456550000000000000e+05,3.935840000000000000e+05,4.295510000000000000e+05,2.335980000000000000e+05,2.335980000000000000e+05,2.044700000000000000e+05,3.458770000000000000e+05,2.107835000000000000e+06,2.107835000000000000e+06,1.631048000000000000e+06,2.419904000000000000e+06,4.747747000000000000e+06,4.747747000000000000e+06,4.007395000000000000e+06,5.058196000000000000e+06
1.000000000000000000e+01,6.198015000000000000e+06,6.198015000000000000e+06,5.368523000000000000e+06,6.450628000000000000e+06,4.999480000000000000e+06,4.999480000000000000e+06,4.305820000000000000e+06,5.103699000000000000e+06,2.276773000000000000e+06,2.276773000000000000e+06,2.076974000000000000e+06,2.539969000000000000e+06,3.391440000000000000e+05,3.391440000000000000e+05,3.902850000000000000e+05,4.230140000000000000e+05,2.452220000000000000e+05,2.452220000000000000e+05,2.106160000000000000e+05,3.636160000000000000e+05,2.113116000000000000e+06,2.113116000000000000e+06,1.637955000000000000e+06,2.426730000000000000e+06,4.757322000000000000e+06,4.757322000000000000e+06,4.017056000000000000e+06,5.064686000000000000e+06
1.100000000000000000e+01,6.201563000000000000e+06,6.201563000000000000e+06,5.375811000000000000e+06,6.453821000000000000e+06,5.008779000000000000e+06,5.008779000000000000e+06,4.320093000000000000e+06,5.105406000000000000e+06,2.282173000000000000e+06,2.282173000000000000e+06,2.089220000000000000e+06,2.537104000000000000e+06,3.317970000000000000e+05,3.317970000000000000e+05,3.857900000000000000e+05,4.139060000000000000e+05,2.588430000000000000e+05,2.588430000000000000e+05,2.171030000000000000e+05,3.812620000000000000e+05,2.114918000000000000e+06,2.114918000000000000e+06,1.642898000000000000e+06,2.431923000000000000e+06,4.765150000000000000e+06,4.765150000000000000e+06,4.023772000000000000e+06,5.069431000000000000e+06
1.200000000000000000e+01,6.205144000000000000e+06,6.205144000000000000e+06,5.383030000000000000e+06,6.457361000000000000e+06,5.016037000000000000e+06,5.016037000000000000e+06,4.331213000000000000e+06,5.105906000000000000e+06,2.283462000000000000e+06,2.283462000000000000e+06,2.096564000000000000e+06,2.531135000000000000e+06,3.215930000000000000e+05,3.215930000000000000e+05,3.801460000000000000e+05,4.040840000000000000e+05,2.697740000000000000e+05,2.697740000000000000e+05,2.206350000000000000e+05,3.963950000000000000e+05,2.110417000000000000e+06,2.110417000000000000e+06,1.640394000000000000e+06,2.432670000000000000e+06,4.768045000000000000e+06,4.768045000000000000e+06,4.026056000000000000e+06,5.071867000000000000e+06
1.300000000000000000e+01,6.209611000000000000e+06,6.209611000000000000e+06,5.390447000000000000e+06,6.460158000000000000e+06,5.026858000000000000e+06,5.026858000000000000e+06,4.345874000000000000e+06,5.109621000000000000e+06,2.293021000000000000e+06,2.293021000000000000e+06,2.109948000000000000e+06,2.530165000000000000e+06,3.151800000000000000e+05,3.151800000000000000e+05,3.768900000000000000e+05,3.968670000000000000e+05,2.822470000000000000e+05,2.822470000000000000e+05,2.254250000000000000e+05,4.102650000000000000e+05,2.106989000000000000e+06,2.106989000000000000e+06,1.642792000000000000e+06,2.433337000000000000e+06,4.773480000000000000e+06,4.773480000000000000e+06,4.030138000000000000e+06,5.073970000000000000e+06
1.400000000000000000e+01,6.213650000000000000e+06,6.213650000000000000e+06,5.397422000000000000e+06,6.463240000000000000e+06,5.038022000000000000e+06,5.038022000000000000e+06,4.360182000000000000e+06,5.113816000000000000e+06,2.301468000000000000e+06,2.301468000000000000e+06,2.122922000000000000e+06,2.529122000000000000e+06,3.084250000000000000e+05,3.084250000000000000e+05,3.745580000000000000e+05,3.890610000000000000e+05,2.956190000000000000e+05,2.956190000000000000e+05,2.308090000000000000e+05,4.247830000000000000e+05,2.103414000000000000e+06,2.103414000000000000e+06,1.645688000000000000e+06,2.434592000000000000e+06,4.779495000000000000e+06,4.779495000000000000e+06,4.036131000000000000e+06,5.076498000000000000e+06
1.500000000000000000e+01,6.218849000000000000e+06,6.218849000000000000e+06,5.404928000000000000e+06,6.465574000000000000e+06,5.047386000000000000e+06,5.047386000000000000e+06,4.373612000000000000e+06,5.118203000000000000e+06,2.308379000000000000e+06,2.308379000000000000e+06,2.134807000000000000e+06,2.526942000000000000e+06,3.009200000000000000e+05,3.009200000000000000e+05,3.710430000000000000e+05,3.812500000000000000e+05,3.074590000000000000e+05,3.074590000000000000e+05,2.348240000000000000e+05,4.389740000000000000e+05,2.098045000000000000e+06,2.098045000000000000e+06,1.646820000000000000e+06,2.434822000000000000e+06,4.784326000000000000e+06,4.784326000000000000e+06,4.039917000000000000e+06,5.078120000000000000e+06
1.600000000000000000e+01,6.223884000000000000e+06,6.223884000000000000e+06,5.413060000000000000e+06,6.467615000000000000e+06,5.059303000000000000e+06,5.059303000000000000e+06,4.391467000000000000e+06,5.122712000000000000e+06,2.319687000000000000e+06,2.319687000000000000e+06,2.153938000000000000e+06,2.525977000000000000e+06,2.962030000000000000e+05,2.962030000000000000e+05,3.707520000000000000e+05,3.737900000000000000e+05,3.200680000000000000e+05,3.200680000000000000e+05,2.406030000000000000e+05,4.526830000000000000e+05,2.092335000000000000e+06,2.092335000000000000e+06,1.650127000000000000e+06,2.435813000000000000e+06,4.790131000000000000e+06,4.790131000000000000e+06,4.046056000000000000e+06,5.080017000000000000e+06
1.700000000000000000e+01,6.228827000000000000e+06,6.228827000000000000e+06,5.421825000000000000e+06,6.470065000000000000e+06,5.068539000000000000e+06,5.068539000000000000e+06,4.407764000000000000e+06,5.127101000000000000e+06,2.327364000000000000e+06,2.327364000000000000e+06,2.168938000000000000e+06,2.523240000000000000e+06,2.895700000000000000e+05,2.895700000000000000e+05,3.703030000000000000e+05,3.654400000000000000e+05,3.317550000000000000e+05,3.317550000000000000e+05,2.454160000000000000e+05,4.657260000000000000e+05,2.085654000000000000e+06,2.085654000000000000e+06,1.652904000000000000e+06,2.439100000000000000e+06,4.795594000000000000e+06,4.795594000000000000e+06,4.052534000000000000e+06,5.083143000000000000e+06
1.800000000000000000e+01,6.234167000000000000e+06,6.234167000000000000e+06,5.432073000000000000e+06,6.471837000000000000e+06,5.078509000000000000e+06,5.078509000000000000e+06,4.423264000000000000e+06,5.130284000000000000e+06,2.333909000000000000e+06,2.333909000000000000e+06,2.183380000000000000e+06,2.520472000000000000e+06,2.830080000000000000e+05,2.830080000000000000e+05,3.684270000000000000e+05,3.569380000000000000e+05,3.423310000000000000e+05,3.423310000000000000e+05,2.501300000000000000e+05,4.787140000000000000e+05,2.078129000000000000e+06,2.078129000000000000e+06,1.655405000000000000e+06,2.440472000000000000e+06,4.799705000000000000e+06,4.799705000000000000e+06,4.058189000000000000e+06,5.084498000000000000e+06
1.900000000000000000e+01,6.238965000000000000e+06,6.238965000000000000e+06,5.444578000000000000e+06,6.474601000000000000e+06,5.094442000000000000e+06,5.094442000000000000e+06,4.446477000000000000e+06,5.138429000000000000e+06,2.351436000000000000e+06,2.351436000000000000e+06,2.209189000000000000e+06,2.523360000000000000e+06,2.808400000000000000e+05,2.808400000000000000e+05,3.721230000000000000e+05,3.524010000000000000e+05,3.519710000000000000e+05,3.519710000000000000e+05,2.554180000000000000e+05,4.892910000000000000e+05,2.070606000000000000e+06,2.070606000000000000e+06,1.661201000000000000e+06,2.439519000000000000e+06,4.803232000000000000e+06,4.803232000000000000e+06,4.067116000000000000e+06,5.084907000000000000e+06
2.000000000000000000e+01,6.243731000000000000e+06,6.243731000000000000e+06,5.458537000000000000e+06,6.475217000000000000e+06,5.107859000000000000e+06,5.107859000000000000e+06,4.467281000000000000e+06,5.143761000000000000e+06,2.364381000000000000e+06,2.364381000000000000e+06,2.231604000000000000e+06,2.523627000000000000e+06,2.767190000000000000e+05,2.767190000000000000e+05,3.732210000000000000e+05,3.458470000000000000e+05,3.584420000000000000e+05,3.584420000000000000e+05,2.600290000000000000e+05,4.968440000000000000e+05,2.058302000000000000e+06,2.058302000000000000e+06,1.662986000000000000e+06,2.434781000000000000e+06,4.804940000000000000e+06,4.804940000000000000e+06,4.073071000000000000e+06,5.083104000000000000e+06
2.100000000000000000e+01,6.248435000000000000e+06,6.248435000000000000e+06,5.473732000000000000e+06,6.477403000000000000e+06,5.123477000000000000e+06,5.123477000000000000e+06,4.487585000000000000e+06,5.151692000000000000e+06,2.378914000000000000e+06,2.378914000000000000e+06,2.254527000000000000e+06,2.526001000000000000e+06,2.729280000000000000e+05,2.729280000000000000e+05,3.751870000000000000e+05,3.406050000000000000e+05,3.640470000000000000e+05,3.640470000000000000e+05,2.618520000000000000e+05,5.040970000000000000e+05,2.044826000000000000e+06,2.044826000000000000e+06,1.663494000000000000e+06,2.430291000000000000e+06,4.804627000000000000e+06,4.804627000000000000e+06,4.076435000000000000e+06,5.080881000000000000e+06
2.200000000000000000e+01,6.254048000000000000e+06,6.254048000000000000e+06,5.489669000000000000e+06,6.481149000000000000e+06,5.141428000000000000e+06,5.141428000000000000e+06,4.512470000000000000e+06,5.163311000000000000e+06,2.396985000000000000e+06,2.396985000000000000e+06,2.279046000000000000e+06,2.532999000000000000e+06,2.725410000000000000e+05,2.725410000000000000e+05,3.773890000000000000e+05,3.392380000000000000e+05,3.693880000000000000e+05,3.693880000000000000e+05,2.652770000000000000e+05,5.098320000000000000e+05,2.029314000000000000e+06,2.029314000000000000e+06,1.663432000000000000e+06,2.424560000000000000e+06,4.804210000000000000e+06,4.804210000000000000e+06,4.078450000000000000e+06,5.077863000000000000e+06
2.300000000000000000e+01,6.259907000000000000e+06,6.259907000000000000e+06,5.506054000000000000e+06,6.485914000000000000e+06,5.164265000000000000e+06,5.164265000000000000e+06,4.540661000000000000e+06,5.180346000000000000e+06,2.420652000000000000e+06,2.420652000000000000e+06,2.307188000000000000e+06,2.545282000000000000e+06,2.764150000000000000e+05,2.764150000000000000e+05,3.828030000000000000e+05,3.403180000000000000e+05,3.738680000000000000e+05,3.738680000000000000e+05,2.679430000000000000e+05,5.129660000000000000e+05,2.015333000000000000e+06,2.015333000000000000e+06,1.665213000000000000e+06,2.417912000000000000e+06,4.803005000000000000e+06,4.803005000000000000e+06,4.081856000000000000e+06,5.073545000000000000e+06
2.400000000000000000e+01,6.266022000000000000e+06,6.266022000000000000e+06,5.523457000000000000e+06,6.489814000000000000e+06,5.183583000000000000e+06,5.183583000000000000e+06,4.562963000000000000e+06,5.194094000000000000e+06,2.438823000000000000e+06,2.438823000000000000e+06,2.330191000000000000e+06,2.553898000000000000e+06,2.785800000000000000e+05,2.785800000000000000e+05,3.848100000000000000e+05,3.405530000000000000e+05,3.755300000000000000e+05,3.755300000000000000e+05,2.693110000000000000e+05,5.151900000000000000e+05,1.998765000000000000e+06,1.998765000000000000e+06,1.665721000000000000e+06,2.408590000000000000e+06,4.800377000000000000e+06,4.800377000000000000e+06,4.084287000000000000e+06,5.067572000000000000e+06
2.500000000000000000e+01,6.271641000000000000e+06,6.271641000000000000e+06,5.542110000000000000e+06,6.494537000000000000e+06,5.200787000000000000e+06,5.200787000000000000e+06,4.586397000000000000e+06,5.205133000000000000e+06,2.455479000000000000e+06,2.455479000000000000e+06,2.350311000000000000e+06,2.558881000000000000e+06,2.809760000000000000e+05,2.809760000000000000e+05,3.868850000000000000e+05,3.384430000000000000e+05,3.787220000000000000e+05,3.787220000000000000e+05,2.715180000000000000e+05,5.168820000000000000e+05,1.985753000000000000e+06,1.985753000000000000e+06,1.668076000000000000e+06,2.399827000000000000e+06,4.798399000000000000e+06,4.798399000000000000e+06,4.087846000000000000e+06,5.062015000000000000e+06
2.600000000000000000e+01,6.278180000000000000e+06,6.278180000000000000e+06,5.562345000000000000e+06,6.498751000000000000e+06,5.216653000000000000e+06,5.216653000000000000e+06,4.606346000000000000e+06,5.214485000000000000e+06,2.467047000000000000e+06,2.467047000000000000e+06,2.367676000000000000e+06,2.560569000000000000e+06,2.810100000000000000e+05,2.810100000000000000e+05,3.880670000000000000e+05,3.348420000000000000e+05,3.818290000000000000e+05,3.818290000000000000e+05,2.745710000000000000e+05,5.189670000000000000e+05,1.980453000000000000e+06,1.980453000000000000e+06,1.675120000000000000e+06,2.394561000000000000e+06,4.798683000000000000e+06,4.798683000000000000e+06,4.094703000000000000e+06,5.058646000000000000e+06
2.700000000000000000e+01,6.285046000000000000e+06,6.285046000000000000e+06,5.582769000000000000e+06,6.502342000000000000e+06,5.233114000000000000e+06,5.233114000000000000e+06,4.625457000000000000e+06,5.225715000000000000e+06,2.481086000000000000e+06,2.481086000000000000e+06,2.383658000000000000e+06,2.564247000000000000e+06,2.821690000000000000e+05,2.821690000000000000e+05,3.879120000000000000e+05,3.335660000000000000e+05,3.846550000000000000e+05,3.846550000000000000e+05,2.766330000000000000e+05,5.218120000000000000e+05,1.977565000000000000e+06,1.977565000000000000e+06,1.679316000000000000e+06,2.389881000000000000e+06,4.798651000000000000e+06,4.798651000000000000e+06,4.098580000000000000e+06,5.056116000000000000e+06
2.800000000000000000e+01,6.294587000000000000e+06,6.294587000000000000e+06,5.604904000000000000e+06,6.506380000000000000e+06,5.247508000000000000e+06,5.247508000000000000e+06,4.643100000000000000e+06,5.232692000000000000e+06,2.491277000000000000e+06,2.491277000000000000e+06,2.398232000000000000e+06,2.563792000000000000e+06,2.825090000000000000e+05,2.825090000000000000e+05,3.870590000000000000e+05,3.298220000000000000e+05,3.851920000000000000e+05,3.851920000000000000e+05,2.773220000000000000e+05,5.214470000000000000e+05,1.970534000000000000e+06,1.970534000000000000e+06,1.682000000000000000e+06,2.379750000000000000e+06,4.794423000000000000e+06,4.794423000000000000e+06,4.101201000000000000e+06,5.050699000000000000e+06
2.900000000000000000e+01,6.306379000000000000e+06,6.306379000000000000e+06,5.628422000000000000e+06,6.510853000000000000e+06,5.258409000000000000e+06,5.258409000000000000e+06,4.658825000000000000e+06,5.239175000000000000e+06,2.494953000000000000e+06,2.494953000000000000e+06,2.407408000000000000e+06,2.558688000000000000e+06,2.809460000000000000e+05,2.809460000000000000e+05,3.831860000000000000e+05,3.239740000000000000e+05,3.857040000000000000e+05,3.857040000000000000e+05,2.786690000000000000e+05,5.199880000000000000e+05,1.964671000000000000e+06,1.964671000000000000e+06,1.685759000000000000e+06,2.370679000000000000e+06,4.790208000000000000e+06,4.790208000000000000e+06,4.103835000000000000e+06,5.045064000000000000e+06
3.000000000000000000e+01,6.319832000000000000e+06,6.319832000000000000e+06,5.654300000000000000e+06,6.514132000000000000e+06,5.272897000000000000e+06,5.272897000000000000e+06,4.676988000000000000e+06,5.245602000000000000e+06,2.503413000000000000e+06,2.503413000000000000e+06,2.420760000000000000e+06,2.555828000000000000e+06,2.812420000000000000e+05,2.812420000000000000e+05,3.825000000000000000e+05,3.210640000000000000e+05,3.830220000000000000e+05,3.830220000000000000e+05,2.765760000000000000e+05,5.160710000000000000e+05,1.955210000000000000e+06,1.955210000000000000e+06,1.686682000000000000e+06,2.358636000000000000e+06,4.784033000000000000e+06,4.784033000000000000e+06,4.105368000000000000e+06,5.036582000000000000e+06
3.100000000000000000e+01,6.334051000000000000e+06,6.334051000000000000e+06,5.679749000000000000e+06,6.518354000000000000e+06,5.288708000000000000e+06,5.288708000000000000e+06,4.697689000000000000e+06,5.255206000000000000e+06,2.516154000000000000e+06,2.516154000000000000e+06,2.437357000000000000e+06,2.557077000000000000e+06,2.852840000000000000e+05,2.852840000000000000e+05,3.838580000000000000e+05,3.201050000000000000e+05,3.802110000000000000e+05,3.802110000000000000e+05,2.751350000000000000e+05,5.098820000000000000e+05,1.945228000000000000e+06,1.945228000000000000e+06,1.688299000000000000e+06,2.345813000000000000e+06,4.777860000000000000e+06,4.777860000000000000e+06,4.106800000000000000e+06,5.027253000000000000e+06
3.200000000000000000e+01,6.348997000000000000e+06,6.348997000000000000e+06,5.704498000000000000e+06,6.523092000000000000e+06,5.304596000000000000e+06,5.304596000000000000e+06,4.717409000000000000e+06,5.266585000000000000e+06,2.525808000000000000e+06,2.525808000000000000e+06,2.452053000000000000e+06,2.556477000000000000e+06,2.878570000000000000e+05,2.878570000000000000e+05,3.838100000000000000e+05,3.202290000000000000e+05,3.760650000000000000e+05,3.760650000000000000e+05,2.726370000000000000e+05,5.022150000000000000e+05,1.936679000000000000e+06,1.936679000000000000e+06,1.691132000000000000e+06,2.332920000000000000e+06,4.772387000000000000e+06,4.772387000000000000e+06,4.110241000000000000e+06,5.017470000000000000e+06
3.300000000000000000e+01,6.365723000000000000e+06,6.365723000000000000e+06,5.730600000000000000e+06,6.526267000000000000e+06,5.324433000000000000e+06,5.324433000000000000e+06,4.738923000000000000e+06,5.282093000000000000e+06,2.543959000000000000e+06,2.543959000000000000e+06,2.472111000000000000e+06,2.564494000000000000e+06,2.947890000000000000e+05,2.947890000000000000e+05,3.876160000000000000e+05,3.264430000000000000e+05,3.652270000000000000e+05,3.652270000000000000e+05,2.647440000000000000e+05,4.880070000000000000e+05,1.918334000000000000e+06,1.918334000000000000e+06,1.683388000000000000e+06,2.310843000000000000e+06,4.761155000000000000e+06,4.761155000000000000e+06,4.108794000000000000e+06,5.002767000000000000e+06
3.400000000000000000e+01,6.383317000000000000e+06,6.383317000000000000e+06,5.756657000000000000e+06,6.530538000000000000e+06,5.340794000000000000e+06,5.340794000000000000e+06,4.760380000000000000e+06,5.294805000000000000e+06,2.553973000000000000e+06,2.553973000000000000e+06,2.489031000000000000e+06,2.565304000000000000e+06,2.985440000000000000e+05,2.985440000000000000e+05,3.908830000000000000e+05,3.281300000000000000e+05,3.537030000000000000e+05,3.537030000000000000e+05,2.555550000000000000e+05,4.742780000000000000e+05,1.900423000000000000e+06,1.900423000000000000e+06,1.676181000000000000e+06,2.289774000000000000e+06,4.750480000000000000e+06,4.750480000000000000e+06,4.107147000000000000e+06,4.987725000000000000e+06
3.500000000000000000e+01,6.400636000000000000e+06,6.400636000000000000e+06,5.784995000000000000e+06,6.535141000000000000e+06,5.356173000000000000e+06,5.356173000000000000e+06,4.779462000000000000e+06,5.308168000000000000e+06,2.559606000000000000e+06,2.559606000000000000e+06,2.499860000000000000e+06,2.565325000000000000e+06,3.010640000000000000e+05,3.010640000000000000e+05,3.903690000000000000e+05,3.312490000000000000e+05,3.426070000000000000e+05,3.426070000000000000e+05,2.465250000000000000e+05,4.597790000000000000e+05,1.885586000000000000e+06,1.885586000000000000e+06,1.668305000000000000e+06,2.271676000000000000e+06,4.739689000000000000e+06,4.739689000000000000e+06,4.105903000000000000e+06,4.975364000000000000e+06
3.600000000000000000e+01,6.419044000000000000e+06,6.419044000000000000e+06,5.812317000000000000e+06,6.539870000000000000e+06,5.371457000000000000e+06,5.371457000000000000e+06,4.801001000000000000e+06,5.321084000000000000e+06,2.568711000000000000e+06,2.568711000000000000e+06,2.514357000000000000e+06,2.565306000000000000e+06,3.039800000000000000e+05,3.039800000000000000e+05,3.921430000000000000e+05,3.347690000000000000e+05,3.326650000000000000e+05,3.326650000000000000e+05,2.390500000000000000e+05,4.469520000000000000e+05,1.873198000000000000e+06,1.873198000000000000e+06,1.665863000000000000e+06,2.253873000000000000e+06,4.731085000000000000e+06,4.731085000000000000e+06,4.108921000000000000e+06,4.963390000000000000e+06
3.700000000000000000e+01,6.436878000000000000e+06,6.436878000000000000e+06,5.839972000000000000e+06,6.544907000000000000e+06,5.390467000000000000e+06,5.390467000000000000e+06,4.826776000000000000e+06,5.336915000000000000e+06,2.583490000000000000e+06,2.583490000000000000e+06,2.533827000000000000e+06,2.570073000000000000e+06,3.091980000000000000e+05,3.091980000000000000e+05,3.958540000000000000e+05,3.407500000000000000e+05,3.237360000000000000e+05,3.237360000000000000e+05,2.310560000000000000e+05,4.352670000000000000e+05,1.867199000000000000e+06,1.867199000000000000e+06,1.665196000000000000e+06,2.241397000000000000e+06,4.725229000000000000e+06,4.725229000000000000e+06,4.111505000000000000e+06,4.955056000000000000e+06
3.800000000000000000e+01,6.455005000000000000e+06,6.455005000000000000e+06,5.868684000000000000e+06,6.550611000000000000e+06,5.407579000000000000e+06,5.407579000000000000e+06,4.852478000000000000e+06,5.354380000000000000e+06,2.597015000000000000e+06,2.597015000000000000e+06,2.551606000000000000e+06,2.577016000000000000e+06,3.154590000000000000e+05,3.154590000000000000e+05,4.005440000000000000e+05,3.477200000000000000e+05,3.096710000000000000e+05,3.096710000000000000e+05,2.211910000000000000e+05,4.177240000000000000e+05,1.850833000000000000e+06,1.850833000000000000e+06,1.658546000000000000e+06,2.217190000000000000e+06,4.712367000000000000e+06,4.712367000000000000e+06,4.110474000000000000e+06,4.939320000000000000e+06
3.900000000000000000e+01,6.474319000000000000e+06,6.474319000000000000e+06,5.895889000000000000e+06,6.555395000000000000e+06,5.420541000000000000e+06,5.420541000000000000e+06,4.874477000000000000e+06,5.364459000000000000e+06,2.601836000000000000e+06,2.601836000000000000e+06,2.560785000000000000e+06,2.573918000000000000e+06,3.171310000000000000e+05,3.171310000000000000e+05,3.998450000000000000e+05,3.493400000000000000e+05,2.982970000000000000e+05,2.982970000000000000e+05,2.137160000000000000e+05,4.036470000000000000e+05,1.842407000000000000e+06,1.842407000000000000e+06,1.658359000000000000e+06,2.200555000000000000e+06,4.707286000000000000e+06,4.707286000000000000e+06,4.113415000000000000e+06,4.929124000000000000e+06
4.000000000000000000e+01,6.492997000000000000e+06,6.492997000000000000e+06,5.922878000000000000e+06,6.561393000000000000e+06,5.432745000000000000e+06,5.432745000000000000e+06,4.896537000000000000e+06,5.376003000000000000e+06,2.605098000000000000e+06,2.605098000000000000e+06,2.567528000000000000e+06,2.569797000000000000e+06,3.173030000000000000e+05,3.173030000000000000e+05,3.969130000000000000e+05,3.494230000000000000e+05,2.855440000000000000e+05,2.855440000000000000e+05,2.048870000000000000e+05,3.872010000000000000e+05,1.826822000000000000e+06,1.826822000000000000e+06,1.652031000000000000e+06,2.178677000000000000e+06,4.697631000000000000e+06,4.697631000000000000e+06,4.115042000000000000e+06,4.917946000000000000e+06
4.100000000000000000e+01,6.512291000000000000e+06,6.512291000000000000e+06,5.949174000000000000e+06,6.567538000000000000e+06,5.442414000000000000e+06,5.442414000000000000e+06,4.917368000000000000e+06,5.384374000000000000e+06,2.602874000000000000e+06,2.602874000000000000e+06,2.571720000000000000e+06,2.563125000000000000e+06,3.173460000000000000e+05,3.173460000000000000e+05,3.956760000000000000e+05,3.480740000000000000e+05,2.738100000000000000e+05,2.738100000000000000e+05,1.967030000000000000e+05,3.712540000000000000e+05,1.815230000000000000e+06,1.815230000000000000e+06,1.652656000000000000e+06,2.157502000000000000e+06,4.693159000000000000e+06,4.693159000000000000e+06,4.121560000000000000e+06,4.906184000000000000e+06
4.200000000000000000e+01,6.531555000000000000e+06,6.531555000000000000e+06,5.974903000000000000e+06,6.573777000000000000e+06,5.453226000000000000e+06,5.453226000000000000e+06,4.937307000000000000e+06,5.392962000000000000e+06,2.601081000000000000e+06,2.601081000000000000e+06,2.572856000000000000e+06,2.558296000000000000e+06,3.169500000000000000e+05,3.169500000000000000e+05,3.937420000000000000e+05,3.479470000000000000e+05,2.619260000000000000e+05,2.619260000000000000e+05,1.885540000000000000e+05,3.567970000000000000e+05,1.806859000000000000e+06,1.806859000000000000e+06,1.653827000000000000e+06,2.141025000000000000e+06,4.691315000000000000e+06,4.691315000000000000e+06,4.128342000000000000e+06,4.899645000000000000e+06
4.300000000000000000e+01,6.551787000000000000e+06,6.551787000000000000e+06,6.000667000000000000e+06,6.579464000000000000e+06,5.462885000000000000e+06,5.462885000000000000e+06,4.957796000000000000e+06,5.398297000000000000e+06,2.595399000000000000e+06,2.595399000000000000e+06,2.575447000000000000e+06,2.547882000000000000e+06,3.158660000000000000e+05,3.158660000000000000e+05,3.931860000000000000e+05,3.455950000000000000e+05,2.482940000000000000e+05,2.482940000000000000e+05,1.801310000000000000e+05,3.408170000000000000e+05,1.797764000000000000e+06,1.797764000000000000e+06,1.653759000000000000e+06,2.120464000000000000e+06,4.691623000000000000e+06,4.691623000000000000e+06,4.136322000000000000e+06,4.890734000000000000e+06
4.400000000000000000e+01,6.572235000000000000e+06,6.572235000000000000e+06,6.027158000000000000e+06,6.586493000000000000e+06,5.477090000000000000e+06,5.477090000000000000e+06,4.981507000000000000e+06,5.406757000000000000e+06,2.596187000000000000e+06,2.596187000000000000e+06,2.581159000000000000e+06,2.544024000000000000e+06,3.187940000000000000e+05,3.187940000000000000e+05,3.952360000000000000e+05,3.462950000000000000e+05,2.369270000000000000e+05,2.369270000000000000e+05,1.734780000000000000e+05,3.252210000000000000e+05,1.791663000000000000e+06,1.791663000000000000e+06,1.657027000000000000e+06,2.104597000000000000e+06,4.694791000000000000e+06,4.694791000000000000e+06,4.146294000000000000e+06,4.884104000000000000e+06
4.500000000000000000e+01,6.593411000000000000e+06,6.593411000000000000e+06,6.052998000000000000e+06,6.590883000000000000e+06,5.486813000000000000e+06,5.486813000000000000e+06,5.001834000000000000e+06,5.411289000000000000e+06,2.589926000000000000e+06,2.589926000000000000e+06,2.580408000000000000e+06,2.534952000000000000e+06,3.170160000000000000e+05,3.170160000000000000e+05,3.942330000000000000e+05,3.445680000000000000e+05,2.235610000000000000e+05,2.235610000000000000e+05,1.676850000000000000e+05,3.064100000000000000e+05,1.783014000000000000e+06,1.783014000000000000e+06,1.659920000000000000e+06,2.082938000000000000e+06,4.696795000000000000e+06,4.696795000000000000e+06,4.156433000000000000e+06,4.873158000000000000e+06
4.600000000000000000e+01,6.614328000000000000e+06,6.614328000000000000e+06,6.078309000000000000e+06,6.596908000000000000e+06,5.495535000000000000e+06,5.495535000000000000e+06,5.019888000000000000e+06,5.411802000000000000e+06,2.578517000000000000e+06,2.578517000000000000e+06,2.575901000000000000e+06,2.519809000000000000e+06,3.136420000000000000e+05,3.136420000000000000e+05,3.902490000000000000e+05,3.397110000000000000e+05,2.115550000000000000e+05,2.115550000000000000e+05,1.610740000000000000e+05,2.891010000000000000e+05,1.776218000000000000e+06,1.776218000000000000e+06,1.663953000000000000e+06,2.065236000000000000e+06,4.699901000000000000e+06,4.699901000000000000e+06,4.168053000000000000e+06,4.864728000000000000e+06
4.700000000000000000e+01,6.634702000000000000e+06,6.634702000000000000e+06,6.102845000000000000e+06,6.603869000000000000e+06,5.504123000000000000e+06,5.504123000000000000e+06,5.038068000000000000e+06,5.413844000000000000e+06,2.566754000000000000e+06,2.566754000000000000e+06,2.568580000000000000e+06,2.506212000000000000e+06,3.099510000000000000e+05,3.099510000000000000e+05,3.852190000000000000e+05,3.348970000000000000e+05,2.012170000000000000e+05,2.012170000000000000e+05,1.558750000000000000e+05,2.740200000000000000e+05,1.773367000000000000e+06,1.773367000000000000e+06,1.668867000000000000e+06,2.052502000000000000e+06,4.705353000000000000e+06,4.705353000000000000e+06,4.179652000000000000e+06,4.861207000000000000e+06
4.800000000000000000e+01,6.653803000000000000e+06,6.653803000000000000e+06,6.126239000000000000e+06,6.613632000000000000e+06,5.515867000000000000e+06,5.515867000000000000e+06,5.056883000000000000e+06,5.414467000000000000e+06,2.556408000000000000e+06,2.556408000000000000e+06,2.562415000000000000e+06,2.492487000000000000e+06,3.066180000000000000e+05,3.066180000000000000e+05,3.808040000000000000e+05,3.308450000000000000e+05,1.964500000000000000e+05,1.964500000000000000e+05,1.559580000000000000e+05,2.660530000000000000e+05,1.781603000000000000e+06,1.781603000000000000e+06,1.682238000000000000e+06,2.052228000000000000e+06,4.718797000000000000e+06,4.718797000000000000e+06,4.198160000000000000e+06,4.866765000000000000e+06
4.900000000000000000e+01,6.672554000000000000e+06,6.672554000000000000e+06,6.148708000000000000e+06,6.622780000000000000e+06,5.527320000000000000e+06,5.527320000000000000e+06,5.075172000000000000e+06,5.416557000000000000e+06,2.549644000000000000e+06,2.549644000000000000e+06,2.557261000000000000e+06,2.483218000000000000e+06,3.045090000000000000e+05,3.045090000000000000e+05,3.776890000000000000e+05,3.272410000000000000e+05,1.956310000000000000e+05,1.956310000000000000e+05,1.573270000000000000e+05,2.633130000000000000e+05,1.798855000000000000e+06,1.798855000000000000e+06,1.701416000000000000e+06,2.061617000000000000e+06,4.738641000000000000e+06,4.738641000000000000e+06,4.218683000000000000e+06,4.877598000000000000e+06
5.000000000000000000e+01,6.690845000000000000e+06,6.690845000000000000e+06,6.170104000000000000e+06,6.630942000000000000e+06,5.536240000000000000e+06,5.536240000000000000e+06,5.091875000000000000e+06,5.416177000000000000e+06,2.538156000000000000e+06,2.538156000000000000e+06,2.546854000000000000e+06,2.470686000000000000e+06,2.987980000000000000e+05,2.987980000000000000e+05,3.719170000000000000e+05,3.215480000000000000e+05,1.934930000000000000e+05,1.934930000000000000e+05,1.593120000000000000e+05,2.582400000000000000e+05,1.814488000000000000e+06,1.814488000000000000e+06,1.718841000000000000e+06,2.067502000000000000e+06,4.754773000000000000e+06,4.754773000000000000e+06,4.238061000000000000e+06,4.888459000000000000e+06
5.100000000000000000e+01,6.707913000000000000e+06,6.707913000000000000e+06,6.190702000000000000e+06,6.639571000000000000e+06,5.542303000000000000e+06,5.542303000000000000e+06,5.105399000000000000e+06,5.412193000000000000e+06,2.519945000000000000e+06,2.519945000000000000e+06,2.532039000000000000e+06,2.452050000000000000e+06,2.910300000000000000e+05,2.910300000000000000e+05,3.633480000000000000e+05,3.126670000000000000e+05,1.924830000000000000e+05,1.924830000000000000e+05,1.612340000000000000e+05,2.549370000000000000e+05,1.831568000000000000e+06,1.831568000000000000e+06,1.735400000000000000e+06,2.074762000000000000e+06,4.773423000000000000e+06,4.773423000000000000e+06,4.256879000000000000e+06,4.899803000000000000e+06
5.200000000000000000e+01,6.724429000000000000e+06,6.724429000000000000e+06,6.210150000000000000e+06,6.647524000000000000e+06,5.548725000000000000e+06,5.548725000000000000e+06,5.118721000000000000e+06,5.406580000000000000e+06,2.502608000000000000e+06,2.502608000000000000e+06,2.519457000000000000e+06,2.433442000000000000e+06,2.835480000000000000e+05,2.835480000000000000e+05,3.561750000000000000e+05,3.032320000000000000e+05,1.943240000000000000e+05,1.943240000000000000e+05,1.651650000000000000e+05,2.547730000000000000e+05,1.855299000000000000e+06,1.855299000000000000e+06,1.755132000000000000e+06,2.089943000000000000e+06,4.795082000000000000e+06,4.795082000000000000e+06,4.278122000000000000e+06,4.916644000000000000e+06
5.300000000000000000e+01,6.739967000000000000e+06,6.739967000000000000e+06,6.229777000000000000e+06,6.654984000000000000e+06,5.553092000000000000e+06,5.553092000000000000e+06,5.131701000000000000e+06,5.400678000000000000e+06,2.484233000000000000e+06,2.484233000000000000e+06,2.504521000000000000e+06,2.413428000000000000e+06,2.743910000000000000e+05,2.743910000000000000e+05,3.483540000000000000e+05,2.937210000000000000e+05,1.953690000000000000e+05,1.953690000000000000e+05,1.676750000000000000e+05,2.549570000000000000e+05,1.878257000000000000e+06,1.878257000000000000e+06,1.774343000000000000e+06,2.106514000000000000e+06,4.816164000000000000e+06,4.816164000000000000e+06,4.298366000000000000e+06,4.935972000000000000e+06
5.400000000000000000e+01,6.754348000000000000e+06,6.754348000000000000e+06,6.248326000000000000e+06,6.663156000000000000e+06,5.561204000000000000e+06,5.561204000000000000e+06,5.143956000000000000e+06,5.400776000000000000e+06,2.474147000000000000e+06,2.474147000000000000e+06,2.493973000000000000e+06,2.405725000000000000e+06,2.696540000000000000e+05,2.696540000000000000e+05,3.431320000000000000e+05,2.906040000000000000e+05,1.948080000000000000e+05,1.948080000000000000e+05,1.686660000000000000e+05,2.530840000000000000e+05,1.896298000000000000e+06,1.896298000000000000e+06,1.788721000000000000e+06,2.119418000000000000e+06,4.834383000000000000e+06,4.834383000000000000e+06,4.318669000000000000e+06,4.951514000000000000e+06
5.500000000000000000e+01,6.767581000000000000e+06,6.767581000000000000e+06,6.266829000000000000e+06,6.669701000000000000e+06,5.565173000000000000e+06,5.565173000000000000e+06,5.157057000000000000e+06,5.395209000000000000e+06,2.456361000000000000e+06,2.456361000000000000e+06,2.481336000000000000e+06,2.387287000000000000e+06,2.626990000000000000e+05,2.626990000000000000e+05,3.366190000000000000e+05,2.826080000000000000e+05,1.968180000000000000e+05,1.968180000000000000e+05,1.724170000000000000e+05,2.537270000000000000e+05,1.920856000000000000e+06,1.920856000000000000e+06,1.812108000000000000e+06,2.136342000000000000e+06,4.856510000000000000e+06,4.856510000000000000e+06,4.342419000000000000e+06,4.971635000000000000e+06
5.600000000000000000e+01,6.780943000000000000e+06,6.780943000000000000e+06,6.283668000000000000e+06,6.676206000000000000e+06,5.570433000000000000e+06,5.570433000000000000e+06,5.167938000000000000e+06,5.390515000000000000e+06,2.441402000000000000e+06,2.441402000000000000e+06,2.472034000000000000e+06,2.373814000000000000e+06,2.573070000000000000e+05,2.573070000000000000e+05,3.304750000000000000e+05,2.764070000000000000e+05,1.982310000000000000e+05,1.982310000000000000e+05,1.754520000000000000e+05,2.528310000000000000e+05,1.944903000000000000e+06,1.944903000000000000e+06,1.834222000000000000e+06,2.154038000000000000e+06,4.877788000000000000e+06,4.877788000000000000e+06,4.365062000000000000e+06,4.993085000000000000e+06
5.700000000000000000e+01,6.792359000000000000e+06,6.792359000000000000e+06,6.300337000000000000e+06,6.681336000000000000e+06,5.572546000000000000e+06,5.572546000000000000e+06,5.175542000000000000e+06,5.382457000000000000e+06,2.423101000000000000e+06,2.423101000000000000e+06,2.459895000000000000e+06,2.355725000000000000e+06,2.506410000000000000e+05,2.506410000000000000e+05,3.230280000000000000e+05,2.695780000000000000e+05,1.975880000000000000e+05,1.975880000000000000e+05,1.768790000000000000e+05,2.519670000000000000e+05,1.962795000000000000e+06,1.962795000000000000e+06,1.847819000000000000e+06,2.168774000000000000e+06,4.894496000000000000e+06,4.894496000000000000e+06,4.381885000000000000e+06,5.012187000000000000e+06
5.800000000000000000e+01,6.803911000000000000e+06,6.803911000000000000e+06,6.315965000000000000e+06,6.685976000000000000e+06,5.572102000000000000e+06,5.572102000000000000e+06,5.183230000000000000e+06,5.370881000000000000e+06,2.400358000000000000e+06,2.400358000000000000e+06,2.444772000000000000e+06,2.332355000000000000e+06,2.415070000000000000e+05,2.415070000000000000e+05,3.150430000000000000e+05,2.596190000000000000e+05,1.953590000000000000e+05,1.953590000000000000e+05,1.758700000000000000e+05,2.494580000000000000e+05,1.979413000000000000e+06,1.979413000000000000e+06,1.860403000000000000e+06,2.180417000000000000e+06,4.911236000000000000e+06,4.911236000000000000e+06,4.396049000000000000e+06,5.031027000000000000e+06
5.900000000000000000e+01,6.814403000000000000e+06,6.814403000000000000e+06,6.331068000000000000e+06,6.690408000000000000e+06,5.575582000000000000e+06,5.575582000000000000e+06,5.192351000000000000e+06,5.364091000000000000e+06,2.387629000000000000e+06,2.387629000000000000e+06,2.438395000000000000e+06,2.317982000000000000e+06,2.373210000000000000e+05,2.373210000000000000e+05,3.112510000000000000e+05,2.540950000000000000e+05,1.956370000000000000e+05,1.956370000000000000e+05,1.773280000000000000e+05,2.504040000000000000e+05,2.002541000000000000e+06,2.002541000000000000e+06,1.878878000000000000e+06,2.198374000000000000e+06,4.930675000000000000e+06,4.930675000000000000e+06,4.414389000000000000e+06,5.052807000000000000e+06
6.000000000000000000e+01,6.824322000000000000e+06,6.824322000000000000e+06,6.344340000000000000e+06,6.694109000000000000e+06,5.578427000000000000e+06,5.578427000000000000e+06,5.200441000000000000e+06,5.356784000000000000e+06,2.373416000000000000e+06,2.373416000000000000e+06,2.429436000000000000e+06,2.302976000000000000e+06,2.335570000000000000e+05,2.335570000000000000e+05,3.061360000000000000e+05,2.496450000000000000e+05,1.953350000000000000e+05,1.953350000000000000e+05,1.802630000000000000e+05,2.498280000000000000e+05,2.025055000000000000e+06,2.025055000000000000e+06,1.901427000000000000e+06,2.214413000000000000e+06,4.951745000000000000e+06,4.951745000000000000e+06,4.434404000000000000e+06,5.072428000000000000e+06
6.100000000000000000e+01,6.833862000000000000e+06,6.833862000000000000e+06,6.356564000000000000e+06,6.697408000000000000e+06,5.577523000000000000e+06,5.577523000000000000e+06,5.204113000000000000e+06,5.344475000000000000e+06,2.353881000000000000e+06,2.353881000000000000e+06,2.414087000000000000e+06,2.282864000000000000e+06,2.262040000000000000e+05,2.262040000000000000e+05,2.991160000000000000e+05,2.417350000000000000e+05,1.932660000000000000e+05,1.932660000000000000e+05,1.813460000000000000e+05,2.472310000000000000e+05,2.045834000000000000e+06,2.045834000000000000e+06,1.918933000000000000e+06,2.228777000000000000e+06,4.969986000000000000e+06,4.969986000000000000e+06,4.452795000000000000e+06,5.089779000000000000e+06
6.200000000000000000e+01,6.843137000000000000e+06,6.843137000000000000e+06,6.368926000000000000e+06,6.701042000000000000e+06,5.572961000000000000e+06,5.572961000000000000e+06,5.205348000000000000e+06,5.332133000000000000e+06,2.330535000000000000e+06,2.330535000000000000e+06,2.395862000000000000e+06,2.259199000000000000e+06,2.182940000000000000e+05,2.182940000000000000e+05,2.907230000000000000e+05,2.334080000000000000e+05,1.915680000000000000e+05,1.915680000000000000e+05,1.830150000000000000e+05,2.447630000000000000e+05,2.064761000000000000e+06,2.064761000000000000e+06,1.936518000000000000e+06,2.243937000000000000e+06,4.986371000000000000e+06,4.986371000000000000e+06,4.470323000000000000e+06,5.106633000000000000e+06
6.300000000000000000e+01,6.850562000000000000e+06,6.850562000000000000e+06,6.380046000000000000e+06,6.704015000000000000e+06,5.566448000000000000e+06,5.566448000000000000e+06,5.205676000000000000e+06,5.318732000000000000e+06,2.305376000000000000e+06,2.305376000000000000e+06,2.376471000000000000e+06,2.236261000000000000e+06,2.111110000000000000e+05,2.111110000000000000e+05,2.822580000000000000e+05,2.261320000000000000e+05,1.909260000000000000e+05,1.909260000000000000e+05,1.856660000000000000e+05,2.439530000000000000e+05,2.085294000000000000e+06,2.085294000000000000e+06,1.956065000000000000e+06,2.260138000000000000e+06,5.002675000000000000e+06,5.002675000000000000e+06,4.491307000000000000e+06,5.123531000000000000e+06
6.400000000000000000e+01,6.857946000000000000e+06,6.857946000000000000e+06,6.390202000000000000e+06,6.707356000000000000e+06,5.558876000000000000e+06,5.558876000000000000e+06,5.205179000000000000e+06,5.303836000000000000e+06,2.279300000000000000e+06,2.279300000000000000e+06,2.355785000000000000e+06,2.210826000000000000e+06,2.034810000000000000e+05,2.034810000000000000e+05,2.739880000000000000e+05,2.161690000000000000e+05,1.925130000000000000e+05,1.925130000000000000e+05,1.912210000000000000e+05,2.444490000000000000e+05,2.108608000000000000e+06,2.108608000000000000e+06,1.978384000000000000e+06,2.278986000000000000e+06,5.020920000000000000e+06,5.020920000000000000e+06,4.513682000000000000e+06,5.141245000000000000e+06
6.500000000000000000e+01,6.864788000000000000e+06,6.864788000000000000e+06,6.399205000000000000e+06,6.710466000000000000e+06,5.550885000000000000e+06,5.550885000000000000e+06,5.203932000000000000e+06,5.287901000000000000e+06,2.254251000000000000e+06,2.254251000000000000e+06,2.335151000000000000e+06,2.185420000000000000e+06,1.963040000000000000e+05,1.963040000000000000e+05,2.672120000000000000e+05,2.087190000000000000e+05,1.942600000000000000e+05,1.942600000000000000e+05,1.965550000000000000e+05,2.463280000000000000e+05,2.130771000000000000e+06,2.130771000000000000e+06,1.998583000000000000e+06,2.297793000000000000e+06,5.037857000000000000e+06,5.037857000000000000e+06,4.534862000000000000e+06,5.157598000000000000e+06
6.600000000000000000e+01,6.871058000000000000e+06,6.871058000000000000e+06,6.408209000000000000e+06,6.714063000000000000e+06,5.542429000000000000e+06,5.542429000000000000e+06,5.200636000000000000e+06,5.272912000000000000e+06,2.230514000000000000e+06,2.230514000000000000e+06,2.315132000000000000e+06,2.162019000000000000e+06,1.895480000000000000e+05,1.895480000000000000e+05,2.621880000000000000e+05,2.031070000000000000e+05,1.933810000000000000e+05,1.933810000000000000e+05,2.005870000000000000e+05,2.467100000000000000e+05,2.145388000000000000e+06,2.145388000000000000e+06,2.012941000000000000e+06,2.308038000000000000e+06,5.049807000000000000e+06,5.049807000000000000e+06,4.554028000000000000e+06,5.168947000000000000e+06
6.700000000000000000e+01,6.876616000000000000e+06,6.876616000000000000e+06,6.415772000000000000e+06,6.714982000000000000e+06,5.532089000000000000e+06,5.532089000000000000e+06,5.196315000000000000e+06,5.255261000000000000e+06,2.207412000000000000e+06,2.207412000000000000e+06,2.294699000000000000e+06,2.136951000000000000e+06,1.839940000000000000e+05,1.839940000000000000e+05,2.569350000000000000e+05,1.984650000000000000e+05,1.929070000000000000e+05,1.929070000000000000e+05,2.066440000000000000e+05,2.505140000000000000e+05,2.160858000000000000e+06,2.160858000000000000e+06,2.026158000000000000e+06,2.322961000000000000e+06,5.061567000000000000e+06,5.061567000000000000e+06,4.572289000000000000e+06,5.181159000000000000e+06
6.800000000000000000e+01,6.882603000000000000e+06,6.882603000000000000e+06,6.422394000000000000e+06,6.717276000000000000e+06,5.519691000000000000e+06,5.519691000000000000e+06,5.190808000000000000e+06,5.235822000000000000e+06,2.183102000000000000e+06,2.183102000000000000e+06,2.273124000000000000e+06,2.109419000000000000e+06,1.778710000000000000e+05,1.778710000000000000e+05,2.517490000000000000e+05,1.930370000000000000e+05,1.945460000000000000e+05,1.945460000000000000e+05,2.142980000000000000e+05,2.575300000000000000e+05,2.177201000000000000e+06,2.177201000000000000e+06,2.039592000000000000e+06,2.338694000000000000e+06,5.075160000000000000e+06,5.075160000000000000e+06,4.591712000000000000e+06,5.193011000000000000e+06
6.900000000000000000e+01,6.887026000000000000e+06,6.887026000000000000e+06,6.429533000000000000e+06,6.718809000000000000e+06,5.508596000000000000e+06,5.508596000000000000e+06,5.188594000000000000e+06,5.216101000000000000e+06,2.163850000000000000e+06,2.163850000000000000e+06,2.257220000000000000e+06,2.083216000000000000e+06,1.752510000000000000e+05,1.752510000000000000e+05,2.500300000000000000e+05,1.895120000000000000e+05,1.977810000000000000e+05,1.977810000000000000e+05,2.231850000000000000e+05,2.659390000000000000e+05,2.194882000000000000e+06,2.194882000000000000e+06,2.053992000000000000e+06,2.355201000000000000e+06,5.087963000000000000e+06,5.087963000000000000e+06,4.610999000000000000e+06,5.206067000000000000e+06
7.000000000000000000e+01,6.890733000000000000e+06,6.890733000000000000e+06,6.435930000000000000e+06,6.719403000000000000e+06,5.500207000000000000e+06,5.500207000000000000e+06,5.186104000000000000e+06,5.198678000000000000e+06,2.150436000000000000e+06,2.150436000000000000e+06,2.244926000000000000e+06,2.063515000000000000e+06,1.759590000000000000e+05,1.759590000000000000e+05,2.503260000000000000e+05,1.873960000000000000e+05,2.027690000000000000e+05,2.027690000000000000e+05,2.324280000000000000e+05,2.743890000000000000e+05,2.210568000000000000e+06,2.210568000000000000e+06,2.067186000000000000e+06,2.370866000000000000e+06,5.099655000000000000e+06,5.099655000000000000e+06,4.629347000000000000e+06,5.217705000000000000e+06
7.100000000000000000e+01,6.893593000000000000e+06,6.893593000000000000e+06,6.441138000000000000e+06,6.719557000000000000e+06,5.488638000000000000e+06,5.488638000000000000e+06,5.180250000000000000e+06,5.181423000000000000e+06,2.133061000000000000e+06,2.133061000000000000e+06,2.227655000000000000e+06,2.044817000000000000e+06,1.755590000000000000e+05,1.755590000000000000e+05,2.493540000000000000e+05,1.866040000000000000e+05,2.083020000000000000e+05,2.083020000000000000e+05,2.408230000000000000e+05,2.810150000000000000e+05,2.222239000000000000e+06,2.222239000000000000e+06,2.076184000000000000e+06,2.383336000000000000e+06,5.108942000000000000e+06,5.108942000000000000e+06,4.645250000000000000e+06,5.226519000000000000e+06
7.200000000000000000e+01,6.896200000000000000e+06,6.896200000000000000e+06,6.446542000000000000e+06,6.719355000000000000e+06,5.475552000000000000e+06,5.475552000000000000e+06,5.171747000000000000e+06,5.160491000000000000e+06,2.117087000000000000e+06,2.117087000000000000e+06,2.207862000000000000e+06,2.022337000000000000e+06,1.749850000000000000e+05,1.749850000000000000e+05,2.484240000000000000e+05,1.846660000000000000e+05,2.155290000000000000e+05,2.155290000000000000e+05,2.490950000000000000e+05,2.893900000000000000e+05,2.233222000000000000e+06,2.233222000000000000e+06,2.083460000000000000e+06,2.395500000000000000e+06,5.119591000000000000e+06,5.119591000000000000e+06,4.660807000000000000e+06,5.234495000000000000e+06
7.300000000000000000e+01,6.897697000000000000e+06,6.897697000000000000e+06,6.451515000000000000e+06,6.718091000000000000e+06,5.461504000000000000e+06,5.461504000000000000e+06,5.162790000000000000e+06,5.140157000000000000e+06,2.098516000000000000e+06,2.098516000000000000e+06,2.188178000000000000e+06,1.999929000000000000e+06,1.739280000000000000e+05,1.739280000000000000e+05,2.466420000000000000e+05,1.841280000000000000e+05,2.228050000000000000e+05,2.228050000000000000e+05,2.551670000000000000e+05,2.974990000000000000e+05,2.239210000000000000e+06,2.239210000000000000e+06,2.085847000000000000e+06,2.405393000000000000e+06,5.130877000000000000e+06,5.130877000000000000e+06,4.673784000000000000e+06,5.240049000000000000e+06
7.400000000000000000e+01,6.898771000000000000e+06,6.898771000000000000e+06,6.455246000000000000e+06,6.716315000000000000e+06,5.446584000000000000e+06,5.446584000000000000e+06,5.153699000000000000e+06,5.119600000000000000e+06,2.082554000000000000e+06,2.082554000000000000e+06,2.169137000000000000e+06,1.978713000000000000e+06,1.741100000000000000e+05,1.741100000000000000e+05,2.471490000000000000e+05,1.836830000000000000e+05,2.293110000000000000e+05,2.293110000000000000e+05,2.612950000000000000e+05,3.047430000000000000e+05,2.243146000000000000e+06,2.243146000000000000e+06,2.085968000000000000e+06,2.413484000000000000e+06,5.142827000000000000e+06,5.142827000000000000e+06,4.685019000000000000e+06,5.245699000000000000e+06
7.500000000000000000e+01,6.899233000000000000e+06,6.899233000000000000e+06,6.459980000000000000e+06,6.715116000000000000e+06,5.435245000000000000e+06,5.435245000000000000e+06,5.148791000000000000e+06,5.098863000000000000e+06,2.073656000000000000e+06,2.073656000000000000e+06,2.158314000000000000e+06,1.960413000000000000e+06,1.774950000000000000e+05,1.774950000000000000e+05,2.520910000000000000e+05,1.850430000000000000e+05,2.310020000000000000e+05,2.310020000000000000e+05,2.641560000000000000e+05,3.078920000000000000e+05,2.240456000000000000e+06,2.240456000000000000e+06,2.081507000000000000e+06,2.412532000000000000e+06,5.152176000000000000e+06,5.152176000000000000e+06,4.693942000000000000e+06,5.244533000000000000e+06
7.600000000000000000e+01,6.898775000000000000e+06,6.898775000000000000e+06,6.465007000000000000e+06,6.713419000000000000e+06,5.424536000000000000e+06,5.424536000000000000e+06,5.144534000000000000e+06,5.079929000000000000e+06,2.068337000000000000e+06,2.068337000000000000e+06,2.150915000000000000e+06,1.945522000000000000e+06,1.820280000000000000e+05,1.820280000000000000e+05,2.591160000000000000e+05,1.867800000000000000e+05,2.301020000000000000e+05,2.301020000000000000e+05,2.652980000000000000e+05,3.093530000000000000e+05,2.232828000000000000e+06,2.232828000000000000e+06,2.072927000000000000e+06,2.405784000000000000e+06,5.158868000000000000e+06,5.158868000000000000e+06,4.701042000000000000e+06,5.240331000000000000e+06
7.700000000000000000e+01,6.898218000000000000e+06,6.898218000000000000e+06,6.468165000000000000e+06,6.709680000000000000e+06,5.411636000000000000e+06,5.411636000000000000e+06,5.139840000000000000e+06,5.061087000000000000e+06,2.061010000000000000e+06,2.061010000000000000e+06,2.143918000000000000e+06,1.930921000000000000e+06,1.864620000000000000e+05,1.864620000000000000e+05,2.660430000000000000e+05,1.895560000000000000e+05,2.342820000000000000e+05,2.342820000000000000e+05,2.680380000000000000e+05,3.173340000000000000e+05,2.233618000000000000e+06,2.233618000000000000e+06,2.069441000000000000e+06,2.410902000000000000e+06,5.172373000000000000e+06,5.172373000000000000e+06,4.711235000000000000e+06,5.243975000000000000e+06
7.800000000000000000e+01,6.896977000000000000e+06,6.896977000000000000e+06,6.471190000000000000e+06,6.707470000000000000e+06,5.397289000000000000e+06,5.397289000000000000e+06,5.134599000000000000e+06,5.038490000000000000e+06,2.052539000000000000e+06,2.052539000000000000e+06,2.136058000000000000e+06,1.911936000000000000e+06,1.896890000000000000e+05,1.896890000000000000e+05,2.711500000000000000e+05,1.900720000000000000e+05,2.400690000000000000e+05,2.400690000000000000e+05,2.718460000000000000e+05,3.246330000000000000e+05,2.233810000000000000e+06,2.233810000000000000e+06,2.064371000000000000e+06,2.416414000000000000e+06,5.185902000000000000e+06,5.185902000000000000e+06,4.720524000000000000e+06,5.247535000000000000e+06
7.900000000000000000e+01,6.895866000000000000e+06,6.895866000000000000e+06,6.473965000000000000e+06,6.704681000000000000e+06,5.382716000000000000e+06,5.382716000000000000e+06,5.124690000000000000e+06,5.018095000000000000e+06,2.043260000000000000e+06,2.043260000000000000e+06,2.126232000000000000e+06,1.900014000000000000e+06,1.925940000000000000e+05,1.925940000000000000e+05,2.758870000000000000e+05,1.921490000000000000e+05,2.459380000000000000e+05,2.459380000000000000e+05,2.756750000000000000e+05,3.315580000000000000e+05,2.233168000000000000e+06,2.233168000000000000e+06,2.061705000000000000e+06,2.419813000000000000e+06,5.200048000000000000e+06,5.200048000000000000e+06,4.732714000000000000e+06,5.249641000000000000e+06
8.000000000000000000e+01,6.893252000000000000e+06,6.893252000000000000e+06,6.476920000000000000e+06,6.699977000000000000e+06,5.364504000000000000e+06,5.364504000000000000e+06,5.116153000000000000e+06,4.994408000000000000e+06,2.029186000000000000e+06,2.029186000000000000e+06,2.115912000000000000e+06,1.884032000000000000e+06,1.924310000000000000e+05,1.924310000000000000e+05,2.795450000000000000e+05,1.911470000000000000e+05,2.532410000000000000e+05,2.532410000000000000e+05,2.813010000000000000e+05,3.386970000000000000e+05,2.233769000000000000e+06,2.233769000000000000e+06,2.061561000000000000e+06,2.423423000000000000e+06,5.214064000000000000e+06,5.214064000000000000e+06,4.747798000000000000e+06,5.252253000000000000e+06
8.100000000000000000e+01,6.890547000000000000e+06,6.890547000000000000e+06,6.479315000000000000e+06,6.695760000000000000e+06,5.344307000000000000e+06,5.344307000000000000e+06,5.105209000000000000e+06,4.971277000000000000e+06,2.014789000000000000e+06,2.014789000000000000e+06,2.106716000000000000e+06,1.868891000000000000e+06,1.922190000000000000e+05,1.922190000000000000e+05,2.839380000000000000e+05,1.909840000000000000e+05,2.622250000000000000e+05,2.622250000000000000e+05,2.872630000000000000e+05,3.470930000000000000e+05,2.232700000000000000e+06,2.232700000000000000e+06,2.059363000000000000e+06,2.425960000000000000e+06,5.228215000000000000e+06,5.228215000000000000e+06,4.763251000000000000e+06,5.253611000000000000e+06
8.200000000000000000e+01,6.886844000000000000e+06,6.886844000000000000e+06,6.481867000000000000e+06,6.690356000000000000e+06,5.324777000000000000e+06,5.324777000000000000e+06,5.092393000000000000e+06,4.947748000000000000e+06,2.000335000000000000e+06,2.000335000000000000e+06,2.095385000000000000e+06,1.855500000000000000e+06,1.916220000000000000e+05,1.916220000000000000e+05,2.852920000000000000e+05,1.909810000000000000e+05,2.729890000000000000e+05,2.729890000000000000e+05,2.953590000000000000e+05,3.574220000000000000e+05,2.234585000000000000e+06,2.234585000000000000e+06,2.059581000000000000e+06,2.433792000000000000e+06,5.244022000000000000e+06,5.244022000000000000e+06,4.780790000000000000e+06,5.257951000000000000e+06
8.300000000000000000e+01,6.882831000000000000e+06,6.882831000000000000e+06,6.483847000000000000e+06,6.684808000000000000e+06,5.305008000000000000e+06,5.305008000000000000e+06,5.078438000000000000e+06,4.924983000000000000e+06,1.986956000000000000e+06,1.986956000000000000e+06,2.084339000000000000e+06,1.841587000000000000e+06,1.912550000000000000e+05,1.912550000000000000e+05,2.883170000000000000e+05,1.911720000000000000e+05,2.865460000000000000e+05,2.865460000000000000e+05,3.050430000000000000e+05,3.699650000000000000e+05,2.241527000000000000e+06,2.241527000000000000e+06,2.063036000000000000e+06,2.446027000000000000e+06,5.262117000000000000e+06,5.262117000000000000e+06,4.799534000000000000e+06,5.265472000000000000e+06
8.400000000000000000e+01,6.878673000000000000e+06,6.878673000000000000e+06,6.485676000000000000e+06,6.678705000000000000e+06,5.286317000000000000e+06,5.286317000000000000e+06,5.067607000000000000e+06,4.902549000000000000e+06,1.977143000000000000e+06,1.977143000000000000e+06,2.079223000000000000e+06,1.829972000000000000e+06,1.934600000000000000e+05,1.934600000000000000e+05,2.937810000000000000e+05,1.923910000000000000e+05,2.986330000000000000e+05,2.986330000000000000e+05,3.121300000000000000e+05,3.822210000000000000e+05,2.245250000000000000e+06,2.245250000000000000e+06,2.060438000000000000e+06,2.455791000000000000e+06,5.279320000000000000e+06,5.279320000000000000e+06,4.815161000000000000e+06,5.271926000000000000e+06
8.500000000000000000e+01,6.874353000000000000e+06,6.874353000000000000e+06,6.487244000000000000e+06,6.672057000000000000e+06,5.267021000000000000e+06,5.267021000000000000e+06,5.053359000000000000e+06,4.879019000000000000e+06,1.967598000000000000e+06,1.967598000000000000e+06,2.071343000000000000e+06,1.818449000000000000e+06,1.946510000000000000e+05,1.946510000000000000e+05,2.968690000000000000e+05,1.937760000000000000e+05,3.104450000000000000e+05,3.104450000000000000e+05,3.197860000000000000e+05,3.943250000000000000e+05,2.249392000000000000e+06,2.249392000000000000e+06,2.058845000000000000e+06,2.466168000000000000e+06,5.294572000000000000e+06,5.294572000000000000e+06,4.829915000000000000e+06,5.278253000000000000e+06
8.600000000000000000e+01,6.868921000000000000e+06,6.868921000000000000e+06,6.488709000000000000e+06,6.664388000000000000e+06,5.248041000000000000e+06,5.248041000000000000e+06,5.039967000000000000e+06,4.858164000000000000e+06,1.959147000000000000e+06,1.959147000000000000e+06,2.065449000000000000e+06,1.809124000000000000e+06,1.962730000000000000e+05,1.962730000000000000e+05,3.016470000000000000e+05,1.950530000000000000e+05,3.227070000000000000e+05,3.227070000000000000e+05,3.269680000000000000e+05,4.065730000000000000e+05,2.254326000000000000e+06,2.254326000000000000e+06,2.056539000000000000e+06,2.477698000000000000e+06,5.309108000000000000e+06,5.309108000000000000e+06,4.843401000000000000e+06,5.284891000000000000e+06
8.700000000000000000e+01,6.864600000000000000e+06,6.864600000000000000e+06,6.491031000000000000e+06,6.657428000000000000e+06,5.229599000000000000e+06,5.229599000000000000e+06,5.027819000000000000e+06,4.839985000000000000e+06,1.952334000000000000e+06,1.952334000000000000e+06,2.061398000000000000e+06,1.802921000000000000e+06,2.004020000000000000e+05,2.004020000000000000e+05,3.063030000000000000e+05,1.975750000000000000e+05,3.340420000000000000e+05,3.340420000000000000e+05,3.336580000000000000e+05,4.179270000000000000e+05,2.259279000000000000e+06,2.259279000000000000e+06,2.056903000000000000e+06,2.487016000000000000e+06,5.322821000000000000e+06,5.322821000000000000e+06,4.857792000000000000e+06,5.289599000000000000e+06
8.800000000000000000e+01,6.860218000000000000e+06,6.860218000000000000e+06,6.496516000000000000e+06,6.649750000000000000e+06,5.211346000000000000e+06,5.211346000000000000e+06,5.013889000000000000e+06,4.824253000000000000e+06,1.947352000000000000e+06,1.947352000000000000e+06,2.059030000000000000e+06,1.799744000000000000e+06,2.032430000000000000e+05,2.032430000000000000e+05,3.105750000000000000e+05,2.010030000000000000e+05,3.443990000000000000e+05,3.443990000000000000e+05,3.401170000000000000e+05,4.289350000000000000e+05,2.264759000000000000e+06,2.264759000000000000e+06,2.058621000000000000e+06,2.495990000000000000e+06,5.337154000000000000e+06,5.337154000000000000e+06,4.874337000000000000e+06,5.293603000000000000e+06
8.900000000000000000e+01,6.855134000000000000e+06,6.855134000000000000e+06,6.503041000000000000e+06,6.640867000000000000e+06,5.193054000000000000e+06,5.193054000000000000e+06,5.001336000000000000e+06,4.804738000000000000e+06,1.942843000000000000e+06,1.942843000000000000e+06,2.058110000000000000e+06,1.793309000000000000e+06,2.063060000000000000e+05,2.063060000000000000e+05,3.151800000000000000e+05,2.023070000000000000e+05,3.541770000000000000e+05,3.541770000000000000e+05,3.455000000000000000e+05,4.387950000000000000e+05,2.269584000000000000e+06,2.269584000000000000e+06,2.056781000000000000e+06,2.501207000000000000e+06,5.350447000000000000e+06,5.350447000000000000e+06,4.887992000000000000e+06,5.296594000000000000e+06
9.000000000000000000e+01,6.849826000000000000e+06,6.849826000000000000e+06,6.508268000000000000e+06,6.632399000000000000e+06,5.175104000000000000e+06,5.175104000000000000e+06,4.987543000000000000e+06,4.785686000000000000e+06,1.937387000000000000e+06,1.937387000000000000e+06,2.055848000000000000e+06,1.786011000000000000e+06,2.093410000000000000e+05,2.093410000000000000e+05,3.192160000000000000e+05,2.033910000000000000e+05,3.622950000000000000e+05,3.622950000000000000e+05,3.492020000000000000e+05,4.481330000000000000e+05,2.272675000000000000e+06,2.272675000000000000e+06,2.052331000000000000e+06,2.506017000000000000e+06,5.363814000000000000e+06,5.363814000000000000e+06,4.901044000000000000e+06,5.298140000000000000e+06
9.100000000000000000e+01,6.845036000000000000e+06,6.845036000000000000e+06,6.513793000000000000e+06,6.624091000000000000e+06,5.161681000000000000e+06,5.161681000000000000e+06,4.976177000000000000e+06,4.772151000000000000e+06,1.940564000000000000e+06,1.940564000000000000e+06,2.060314000000000000e+06,1.787065000000000000e+06,2.173700000000000000e+05,2.173700000000000000e+05,3.246390000000000000e+05,2.087970000000000000e+05,3.672090000000000000e+05,3.672090000000000000e+05,3.489150000000000000e+05,4.554630000000000000e+05,2.267194000000000000e+06,2.267194000000000000e+06,2.040185000000000000e+06,2.506285000000000000e+06,5.370892000000000000e+06,5.370892000000000000e+06,4.909147000000000000e+06,5.298625000000000000e+06
9.200000000000000000e+01,6.840106000000000000e+06,6.840106000000000000e+06,6.521011000000000000e+06,6.615222000000000000e+06,5.153665000000000000e+06,5.153665000000000000e+06,4.971360000000000000e+06,4.764622000000000000e+06,1.954130000000000000e+06,1.954130000000000000e+06,2.073981000000000000e+06,1.794894000000000000e+06,2.283900000000000000e+05,2.283900000000000000e+05,3.357830000000000000e+05,2.167920000000000000e+05,3.722650000000000000e+05,3.722650000000000000e+05,3.501590000000000000e+05,4.614680000000000000e+05,2.263580000000000000e+06,2.263580000000000000e+06,2.032534000000000000e+06,2.506739000000000000e+06,5.380358000000000000e+06,5.380358000000000000e+06,4.919346000000000000e+06,5.297106000000000000e+06
9.300000000000000000e+01,6.835562000000000000e+06,6.835562000000000000e+06,6.528015000000000000e+06,6.606091000000000000e+06,5.145826000000000000e+06,5.145826000000000000e+06,4.965679000000000000e+06,4.755197000000000000e+06,1.963952000000000000e+06,1.963952000000000000e+06,2.085548000000000000e+06,1.801122000000000000e+06,2.382130000000000000e+05,2.382130000000000000e+05,3.456930000000000000e+05,2.244990000000000000e+05,3.737260000000000000e+05,3.737260000000000000e+05,3.499770000000000000e+05,4.640020000000000000e+05,2.254280000000000000e+06,2.254280000000000000e+06,2.024873000000000000e+06,2.499198000000000000e+06,5.384848000000000000e+06,5.384848000000000000e+06,4.929431000000000000e+06,5.291174000000000000e+06
9.400000000000000000e+01,6.831029000000000000e+06,6.831029000000000000e+06,6.534575000000000000e+06,6.597094000000000000e+06,5.133603000000000000e+06,5.133603000000000000e+06,4.954594000000000000e+06,4.742191000000000000e+06,1.966596000000000000e+06,1.966596000000000000e+06,2.086919000000000000e+06,1.801256000000000000e+06,2.446650000000000000e+05,2.446650000000000000e+05,3.504600000000000000e+05,2.296780000000000000e+05,3.726390000000000000e+05,3.726390000000000000e+05,3.462470000000000000e+05,4.639750000000000000e+05,2.240227000000000000e+06,2.240227000000000000e+06,2.008947000000000000e+06,2.488572000000000000e+06,5.386245000000000000e+06,5.386245000000000000e+06,4.934182000000000000e+06,5.283418000000000000e+06
9.500000000000000000e+01,6.825620000000000000e+06,6.825620000000000000e+06,6.541128000000000000e+06,6.587268000000000000e+06,5.121248000000000000e+06,5.121248000000000000e+06,4.940595000000000000e+06,4.735238000000000000e+06,1.969084000000000000e+06,1.969084000000000000e+06,2.088491000000000000e+06,1.805622000000000000e+06,2.498640000000000000e+05,2.498640000000000000e+05,3.548160000000000000e+05,2.366430000000000000e+05,3.659810000000000000e+05,3.659810000000000000e+05,3.363170000000000000e+05,4.581940000000000000e+05,2.216891000000000000e+06,2.216891000000000000e+06,1.980024000000000000e+06,2.471539000000000000e+06,5.383083000000000000e+06,5.383083000000000000e+06,4.929517000000000000e+06,5.273066000000000000e+06
9.600000000000000000e+01,6.820982000000000000e+06,6.820982000000000000e+06,6.547266000000000000e+06,6.577869000000000000e+06,5.115599000000000000e+06,5.115599000000000000e+06,4.931026000000000000e+06,4.734390000000000000e+06,1.982493000000000000e+06,1.982493000000000000e+06,2.094577000000000000e+06,1.821523000000000000e+06,2.582010000000000000e+05,2.582010000000000000e+05,3.604150000000000000e+05,2.479090000000000000e+05,3.583620000000000000e+05,3.583620000000000000e+05,3.253540000000000000e+05,4.511230000000000000e+05,2.192539000000000000e+06,2.192539000000000000e+06,1.955763000000000000e+06,2.452891000000000000e+06,5.377806000000000000e+06,5.377806000000000000e+06,4.930132000000000000e+06,5.259172000000000000e+06
9.700000000000000000e+01,6.815869000000000000e+06,6.815869000000000000e+06,6.552791000000000000e+06,6.567291000000000000e+06,5.109262000000000000e+06,5.109262000000000000e+06,4.924850000000000000e+06,4.730129000000000000e+06,1.995517000000000000e+06,1.995517000000000000e+06,2.104769000000000000e+06,1.832194000000000000e+06,2.672210000000000000e+05,2.672210000000000000e+05,3.694760000000000000e+05,2.578240000000000000e+05,3.489510000000000000e+05,3.489510000000000000e+05,3.136550000000000000e+05,4.443460000000000000e+05,2.170434000000000000e+06,2.170434000000000000e+06,1.933651000000000000e+06,2.436317000000000000e+06,5.374976000000000000e+06,5.374976000000000000e+06,4.931358000000000000e+06,5.247065000000000000e+06
9.800000000000000000e+01,6.810811000000000000e+06,6.810811000000000000e+06,6.557981000000000000e+06,6.556664000000000000e+06,5.103821000000000000e+06,5.103821000000000000e+06,4.917062000000000000e+06,4.727521000000000000e+06,2.005945000000000000e+06,2.005945000000000000e+06,2.112375000000000000e+06,1.844080000000000000e+06,2.744580000000000000e+05,2.744580000000000000e+05,3.772220000000000000e+05,2.671790000000000000e+05,3.382710000000000000e+05,3.382710000000000000e+05,3.005070000000000000e+05,4.350690000000000000e+05,2.144045000000000000e+06,2.144045000000000000e+06,1.908869000000000000e+06,2.417265000000000000e+06,5.368874000000000000e+06,5.368874000000000000e+06,4.931091000000000000e+06,5.233279000000000000e+06
9.900000000000000000e+01,6.805014000000000000e+06,6.805014000000000000e+06,6.561724000000000000e+06,6.546485000000000000e+06,5.097352000000000000e+06,5.097352000000000000e+06,4.906569000000000000e+06,4.726034000000000000e+06,2.016401000000000000e+06,2.016401000000000000e+06,2.115465000000000000e+06,1.856827000000000000e+06,2.805320000000000000e+05,2.805320000000000000e+05,3.821020000000000000e+05,2.768720000000000000e+05,3.278950000000000000e+05,3.278950000000000000e+05,2.876090000000000000e+05,4.279950000000000000e+05,2.120563000000000000e+06,2.120563000000000000e+06,1.885778000000000000e+06,2.402996000000000000e+06,5.365923000000000000e+06,5.365923000000000000e+06,4.930384000000000000e+06,5.222222000000000000e+06
1.000000000000000000e+02,6.800116000000000000e+06,6.800116000000000000e+06,6.564455000000000000e+06,6.534757000000000000e+06,5.091545000000000000e+06,5.091545000000000000e+06,4.898799000000000000e+06,4.724018000000000000e+06,2.027470000000000000e+06,2.027470000000000000e+06,2.120980000000000000e+06,1.872161000000000000e+06,2.860360000000000000e+05,2.860360000000000000e+05,3.868990000000000000e+05,2.871640000000000000e+05,3.184810000000000000e+05,3.184810000000000000e+05,2.773730000000000000e+05,4.201440000000000000e+05,2.102766000000000000e+06,2.102766000000000000e+06,1.871514000000000000e+06,2.389522000000000000e+06,5.363584000000000000e+06,5.363584000000000000e+06,4.935715000000000000e+06,5.208659000000000000e+06
1.010000000000000000e+02,6.795031000000000000e+06,6.795031000000000000e+06,6.566352000000000000e+06,6.525116000000000000e+06,5.088464000000000000e+06,5.088464000000000000e+06,4.894102000000000000e+06,4.725536000000000000e+06,2.041462000000000000e+06,2.041462000000000000e+06,2.128642000000000000e+06,1.888313000000000000e+06,2.926960000000000000e+05,2.926960000000000000e+05,3.921110000000000000e+05,2.986420000000000000e+05,3.028930000000000000e+05,3.028930000000000000e+05,2.607050000000000000e+05,4.069760000000000000e+05,2.072909000000000000e+06,2.072909000000000000e+06,1.845854000000000000e+06,2.367676000000000000e+06,5.355112000000000000e+06,5.355112000000000000e+06,4.933665000000000000e+06,5.192019000000000000e+06
1.020000000000000000e+02,6.789378000000000000e+06,6.789378000000000000e+06,6.567119000000000000e+06,6.515263000000000000e+06,5.086721000000000000e+06,5.086721000000000000e+06,4.891849000000000000e+06,4.724358000000000000e+06,2.054141000000000000e+06,2.054141000000000000e+06,2.135803000000000000e+06,1.900465000000000000e+06,2.979520000000000000e+05,2.979520000000000000e+05,3.969090000000000000e+05,3.074180000000000000e+05,2.890980000000000000e+05,2.890980000000000000e+05,2.461280000000000000e+05,3.945270000000000000e+05,2.050602000000000000e+06,2.050602000000000000e+06,1.827241000000000000e+06,2.354226000000000000e+06,5.350089000000000000e+06,5.350089000000000000e+06,4.934885000000000000e+06,5.179145000000000000e+06
1.030000000000000000e+02,6.783357000000000000e+06,6.783357000000000000e+06,6.566667000000000000e+06,6.505577000000000000e+06,5.081066000000000000e+06,5.081066000000000000e+06,4.885614000000000000e+06,4.721837000000000000e+06,2.063651000000000000e+06,2.063651000000000000e+06,2.138590000000000000e+06,1.910470000000000000e+06,3.002250000000000000e+05,3.002250000000000000e+05,3.980070000000000000e+05,3.146570000000000000e+05,2.765490000000000000e+05,2.765490000000000000e+05,2.340930000000000000e+05,3.845640000000000000e+05,2.033976000000000000e+06,2.033976000000000000e+06,1.812096000000000000e+06,2.343093000000000000e+06,5.347891000000000000e+06,5.347891000000000000e+06,4.940077000000000000e+06,5.167646000000000000e+06
1.040000000000000000e+02,6.778473000000000000e+06,6.778473000000000000e+06,6.566137000000000000e+06,6.495661000000000000e+06,5.074448000000000000e+06,5.074448000000000000e+06,4.879441000000000000e+06,4.717172000000000000e+06,2.068179000000000000e+06,2.068179000000000000e+06,2.138753000000000000e+06,1.916631000000000000e+06,3.011950000000000000e+05,3.011950000000000000e+05,3.975250000000000000e+05,3.190510000000000000e+05,2.653280000000000000e+05,2.653280000000000000e+05,2.229380000000000000e+05,3.734570000000000000e+05,2.015858000000000000e+06,2.015858000000000000e+06,1.800283000000000000e+06,2.332386000000000000e+06,5.345267000000000000e+06,5.345267000000000000e+06,4.946008000000000000e+06,5.156040000000000000e+06
1.050000000000000000e+02,6.774049000000000000e+06,6.774049000000000000e+06,6.565413000000000000e+06,6.486781000000000000e+06,5.065598000000000000e+06,5.065598000000000000e+06,4.869983000000000000e+06,4.711375000000000000e+06,2.069477000000000000e+06,2.069477000000000000e+06,2.134688000000000000e+06,1.920029000000000000e+06,3.000430000000000000e+05,3.000430000000000000e+05,3.945240000000000000e+05,3.217840000000000000e+05,2.581530000000000000e+05,2.581530000000000000e+05,2.170990000000000000e+05,3.665270000000000000e+05,2.013416000000000000e+06,2.013416000000000000e+06,1.802419000000000000e+06,2.327647000000000000e+06,5.350786000000000000e+06,5.350786000000000000e+06,4.960797000000000000e+06,5.147927000000000000e+06
1.060000000000000000e+02,6.769342000000000000e+06,6.769342000000000000e+06,6.563033000000000000e+06,6.478285000000000000e+06,5.060721000000000000e+06,5.060721000000000000e+06,4.861920000000000000e+06,4.708277000000000000e+06,2.075150000000000000e+06,2.075150000000000000e+06,2.133846000000000000e+06,1.928590000000000000e+06,2.995460000000000000e+05,2.995460000000000000e+05,3.928560000000000000e+05,3.257610000000000000e+05,2.522080000000000000e+05,2.522080000000000000e+05,2.119010000000000000e+05,3.601930000000000000e+05,2.010847000000000000e+06,2.010847000000000000e+06,1.805066000000000000e+06,2.324566000000000000e+06,5.355294000000000000e+06,5.355294000000000000e+06,4.974463000000000000e+06,5.139713000000000000e+06
1.070000000000000000e+02,6.764699000000000000e+06,6.764699000000000000e+06,6.560245000000000000e+06,6.469851000000000000e+06,5.054322000000000000e+06,5.054322000000000000e+06,4.851909000000000000e+06,4.703197000000000000e+06,2.078959000000000000e+06,2.078959000000000000e+06,2.130799000000000000e+06,1.935170000000000000e+06,2.976270000000000000e+05,2.976270000000000000e+05,3.885470000000000000e+05,3.288180000000000000e+05,2.455500000000000000e+05,2.455500000000000000e+05,2.061500000000000000e+05,3.528610000000000000e+05,2.006265000000000000e+06,2.006265000000000000e+06,1.808791000000000000e+06,2.318046000000000000e+06,5.359626000000000000e+06,5.359626000000000000e+06,4.985939000000000000e+06,5.131929000000000000e+06
1.080000000000000000e+02,6.760394000000000000e+06,6.760394000000000000e+06,6.556805000000000000e+06,6.461820000000000000e+06,5.047565000000000000e+06,5.047565000000000000e+06,4.841679000000000000e+06,4.699924000000000000e+06,2.084589000000000000e+06,2.084589000000000000e+06,2.127467000000000000e+06,1.945856000000000000e+06,2.952270000000000000e+05,2.952270000000000000e+05,3.848550000000000000e+05,3.320050000000000000e+05,2.431050000000000000e+05,2.431050000000000000e+05,2.052070000000000000e+05,3.487350000000000000e+05,2.014929000000000000e+06,2.014929000000000000e+06,1.826632000000000000e+06,2.320335000000000000e+06,5.369826000000000000e+06,5.369826000000000000e+06,5.004314000000000000e+06,5.128189000000000000e+06
1.090000000000000000e+02,6.756197000000000000e+06,6.756197000000000000e+06,6.552978000000000000e+06,6.453862000000000000e+06,5.040307000000000000e+06,5.040307000000000000e+06,4.829698000000000000e+06,4.695168000000000000e+06,2.087440000000000000e+06,2.087440000000000000e+06,2.123506000000000000e+06,1.953106000000000000e+06,2.913410000000000000e+05,2.913410000000000000e+05,3.783740000000000000e+05,3.322960000000000000e+05,2.422710000000000000e+05,2.422710000000000000e+05,2.062870000000000000e+05,3.464830000000000000e+05,2.025761000000000000e+06,2.025761000000000000e+06,1.848289000000000000e+06,2.326488000000000000e+06,5.382500000000000000e+06,5.382500000000000000e+06,5.024962000000000000e+06,5.126053000000000000e+06
1.100000000000000000e+02,6.751211000000000000e+06,6.751211000000000000e+06,6.548290000000000000e+06,6.445278000000000000e+06,5.031183000000000000e+06,5.031183000000000000e+06,4.816480000000000000e+06,4.686094000000000000e+06,2.087412000000000000e+06,2.087412000000000000e+06,2.118407000000000000e+06,1.955590000000000000e+06,2.857370000000000000e+05,2.857370000000000000e+05,3.716330000000000000e+05,3.308620000000000000e+05,2.401030000000000000e+05,2.401030000000000000e+05,2.053660000000000000e+05,3.413340000000000000e+05,2.034127000000000000e+06,2.034127000000000000e+06,1.869497000000000000e+06,2.329585000000000000e+06,5.390711000000000000e+06,5.390711000000000000e+06,5.042748000000000000e+06,5.122509000000000000e+06
1.110000000000000000e+02,6.746245000000000000e+06,6.746245000000000000e+06,6.543770000000000000e+06,6.436925000000000000e+06,5.022125000000000000e+06,5.022125000000000000e+06,4.802949000000000000e+06,4.678468000000000000e+06,2.086653000000000000e+06,2.086653000000000000e+06,2.113239000000000000e+06,1.958982000000000000e+06,2.799140000000000000e+05,2.799140000000000000e+05,3.640030000000000000e+05,3.292950000000000000e+05,2.404600000000000000e+05,2.404600000000000000e+05,2.065480000000000000e+05,3.398720000000000000e+05,2.047952000000000000e+06,2.047952000000000000e+06,1.895035000000000000e+06,2.335746000000000000e+06,5.402012000000000000e+06,5.402012000000000000e+06,5.062390000000000000e+06,5.121559000000000000e+06
1.120000000000000000e+02,6.740267000000000000e+06,6.740267000000000000e+06,6.538635000000000000e+06,6.428540000000000000e+06,5.015462000000000000e+06,5.015462000000000000e+06,4.789817000000000000e+06,4.673854000000000000e+06,2.087689000000000000e+06,2.087689000000000000e+06,2.109532000000000000e+06,1.968152000000000000e+06,2.751790000000000000e+05,2.751790000000000000e+05,3.565210000000000000e+05,3.297950000000000000e+05,2.391820000000000000e+05,2.391820000000000000e+05,2.056420000000000000e+05,3.368640000000000000e+05,2.059590000000000000e+06,2.059590000000000000e+06,1.919246000000000000e+06,2.341220000000000000e+06,5.411381000000000000e+06,5.411381000000000000e+06,5.080141000000000000e+06,5.118448000000000000e+06
1.130000000000000000e+02,6.734255000000000000e+06,6.734255000000000000e+06,6.532731000000000000e+06,6.419762000000000000e+06,5.006528000000000000e+06,5.006528000000000000e+06,4.772815000000000000e+06,4.666742000000000000e+06,2.083088000000000000e+06,2.083088000000000000e+06,2.101474000000000000e+06,1.971147000000000000e+06,2.691230000000000000e+05,2.691230000000000000e+05,3.461950000000000000e+05,3.279760000000000000e+05,2.374270000000000000e+05,2.374270000000000000e+05,2.043080000000000000e+05,3.328700000000000000e+05,2.066872000000000000e+06,2.066872000000000000e+06,1.941157000000000000e+06,2.340876000000000000e+06,5.417704000000000000e+06,5.417704000000000000e+06,5.096195000000000000e+06,5.113184000000000000e+06
1.140000000000000000e+02,6.727579000000000000e+06,6.727579000000000000e+06,6.526242000000000000e+06,6.409794000000000000e+06,4.998705000000000000e+06,4.998705000000000000e+06,4.757193000000000000e+06,4.659668000000000000e+06,2.082709000000000000e+06,2.082709000000000000e+06,2.094760000000000000e+06,1.975217000000000000e+06,2.638690000000000000e+05,2.638690000000000000e+05,3.372010000000000000e+05,3.272090000000000000e+05,2.362670000000000000e+05,2.362670000000000000e+05,2.046440000000000000e+05,3.312750000000000000e+05,2.080010000000000000e+06,2.080010000000000000e+06,1.967410000000000000e+06,2.346881000000000000e+06,5.426249000000000000e+06,5.426249000000000000e+06,5.114273000000000000e+06,5.112001000000000000e+06
1.150000000000000000e+02,6.720441000000000000e+06,6.720441000000000000e+06,6.518854000000000000e+06,6.400925000000000000e+06,4.993385000000000000e+06,4.993385000000000000e+06,4.741559000000000000e+06,4.652227000000000000e+06,2.082759000000000000e+06,2.082759000000000000e+06,2.088835000000000000e+06,1.978482000000000000e+06,2.588260000000000000e+05,2.588260000000000000e+05,3.281020000000000000e+05,3.258640000000000000e+05,2.339030000000000000e+05,2.339030000000000000e+05,2.042680000000000000e+05,3.270550000000000000e+05,2.087120000000000000e+06,2.087120000000000000e+06,1.988810000000000000e+06,2.346352000000000000e+06,5.429826000000000000e+06,5.429826000000000000e+06,5.128779000000000000e+06,5.104925000000000000e+06
1.160000000000000000e+02,6.713241000000000000e+06,6.713241000000000000e+06,6.511594000000000000e+06,6.391973000000000000e+06,4.984655000000000000e+06,4.984655000000000000e+06,4.724127000000000000e+06,4.642772000000000000e+06,2.080540000000000000e+06,2.080540000000000000e+06,2.080217000000000000e+06,1.979043000000000000e+06,2.519430000000000000e+05,2.519430000000000000e+05,3.172990000000000000e+05,3.234650000000000000e+05,2.328740000000000000e+05,2.328740000000000000e+05,2.055800000000000000e+05,3.255840000000000000e+05,2.099423000000000000e+06,2.099423000000000000e+06,2.014476000000000000e+06,2.349906000000000000e+06,5.435515000000000000e+06,5.435515000000000000e+06,5.143995000000000000e+06,5.100381000000000000e+06
1.170000000000000000e+02,6.706319000000000000e+06,6.706319000000000000e+06,6.501922000000000000e+06,6.383619000000000000e+06,4.976917000000000000e+06,4.976917000000000000e+06,4.703101000000000000e+06,4.636838000000000000e+06,2.077736000000000000e+06,2.077736000000000000e+06,2.067878000000000000e+06,1.984208000000000000e+06,2.449340000000000000e+05,2.449340000000000000e+05,3.048890000000000000e+05,3.219680000000000000e+05,2.328490000000000000e+05,2.328490000000000000e+05,2.055650000000000000e+05,3.247500000000000000e+05,2.116377000000000000e+06,2.116377000000000000e+06,2.038893000000000000e+06,2.356694000000000000e+06,5.441217000000000000e+06,5.441217000000000000e+06,5.157082000000000000e+06,5.098716000000000000e+06
1.180000000000000000e+02,6.697849000000000000e+06,6.697849000000000000e+06,6.491897000000000000e+06,6.375073000000000000e+06,4.969494000000000000e+06,4.969494000000000000e+06,4.681889000000000000e+06,4.629896000000000000e+06,2.075437000000000000e+06,2.075437000000000000e+06,2.056935000000000000e+06,1.988051000000000000e+06,2.375320000000000000e+05,2.375320000000000000e+05,2.930760000000000000e+05,3.211430000000000000e+05,2.334000000000000000e+05,2.334000000000000000e+05,2.077980000000000000e+05,3.251570000000000000e+05,2.137220000000000000e+06,2.137220000000000000e+06,2.063799000000000000e+06,2.365137000000000000e+06,5.445279000000000000e+06,5.445279000000000000e+06,5.169688000000000000e+06,5.095107000000000000e+06
1.190000000000000000e+02,6.689688000000000000e+06,6.689688000000000000e+06,6.481425000000000000e+06,6.366425000000000000e+06,4.962123000000000000e+06,4.962123000000000000e+06,4.661906000000000000e+06,4.620017000000000000e+06,2.071336000000000000e+06,2.071336000000000000e+06,2.048309000000000000e+06,1.987393000000000000e+06,2.300340000000000000e+05,2.300340000000000000e+05,2.827540000000000000e+05,3.181700000000000000e+05,2.352900000000000000e+05,2.352900000000000000e+05,2.099030000000000000e+05,3.269060000000000000e+05,2.161452000000000000e+06,2.161452000000000000e+06,2.092351000000000000e+06,2.374610000000000000e+06,5.450113000000000000e+06,5.450113000000000000e+06,5.183545000000000000e+06,5.093360000000000000e+06
1.200000000000000000e+02,6.680709000000000000e+06,6.680709000000000000e+06,6.470100000000000000e+06,6.356677000000000000e+06,4.955128000000000000e+06,4.955128000000000000e+06,4.642327000000000000e+06,4.611773000000000000e+06,2.066447000000000000e+06,2.066447000000000000e+06,2.039495000000000000e+06,1.988105000000000000e+06,2.212880000000000000e+05,2.212880000000000000e+05,2.719450000000000000e+05,3.152360000000000000e+05,2.366800000000000000e+05,2.366800000000000000e+05,2.115010000000000000e+05,3.291190000000000000e+05,2.187213000000000000e+06,2.187213000000000000e+06,2.119317000000000000e+06,2.385091000000000000e+06,5.453619000000000000e+06,5.453619000000000000e+06,5.196143000000000000e+06,5.090632000000000000e+06
1.210000000000000000e+02,6.671046000000000000e+06,6.671046000000000000e+06,6.458067000000000000e+06,6.348470000000000000e+06,4.943006000000000000e+06,4.943006000000000000e+06,4.619032000000000000e+06,4.601293000000000000e+06,2.055684000000000000e+06,2.055684000000000000e+06,2.024421000000000000e+06,1.986226000000000000e+06,2.111270000000000000e+05,2.111270000000000000e+05,2.596530000000000000e+05,3.109590000000000000e+05,2.384580000000000000e+05,2.384580000000000000e+05,2.137480000000000000e+05,3.315230000000000000e+05,2.212637000000000000e+06,2.212637000000000000e+06,2.146906000000000000e+06,2.394090000000000000e+06,5.456266000000000000e+06,5.456266000000000000e+06,5.207712000000000000e+06,5.085835000000000000e+06
1.220000000000000000e+02,6.660569000000000000e+06,6.660569000000000000e+06,6.445623000000000000e+06,6.339570000000000000e+06,4.932812000000000000e+06,4.932812000000000000e+06,4.596388000000000000e+06,4.592926000000000000e+06,2.047029000000000000e+06,2.047029000000000000e+06,2.010072000000000000e+06,1.986382000000000000e+06,2.024940000000000000e+05,2.024940000000000000e+05,2.479310000000000000e+05,3.078970000000000000e+05,2.407560000000000000e+05,2.407560000000000000e+05,2.156380000000000000e+05,3.335140000000000000e+05,2.238118000000000000e+06,2.238118000000000000e+06,2.173690000000000000e+06,2.402642000000000000e+06,5.456899000000000000e+06,5.456899000000000000e+06,5.216991000000000000e+06,5.080065000000000000e+06
1.230000000000000000e+02,6.649676000000000000e+06,6.649676000000000000e+06,6.432257000000000000e+06,6.329796000000000000e+06,4.919502000000000000e+06,4.919502000000000000e+06,4.574084000000000000e+06,4.581857000000000000e+06,2.034476000000000000e+06,2.034476000000000000e+06,1.995872000000000000e+06,1.981079000000000000e+06,1.939310000000000000e+05,1.939310000000000000e+05,2.361960000000000000e+05,3.028930000000000000e+05,2.387530000000000000e+05,2.387530000000000000e+05,2.147240000000000000e+05,3.333680000000000000e+05,2.257172000000000000e+06,2.257172000000000000e+06,2.195551000000000000e+06,2.404121000000000000e+06,5.451846000000000000e+06,5.451846000000000000e+06,5.220708000000000000e+06,5.068758000000000000e+06
1.240000000000000000e+02,6.639464000000000000e+06,6.639464000000000000e+06,6.417868000000000000e+06,6.320782000000000000e+06,4.906670000000000000e+06,4.906670000000000000e+06,4.551224000000000000e+06,4.573900000000000000e+06,2.023353000000000000e+06,2.023353000000000000e+06,1.982129000000000000e+06,1.979265000000000000e+06,1.870150000000000000e+05,1.870150000000000000e+05,2.253010000000000000e+05,2.990940000000000000e+05,2.409440000000000000e+05,2.409440000000000000e+05,2.188050000000000000e+05,3.351960000000000000e+05,2.282283000000000000e+06,2.282283000000000000e+06,2.223396000000000000e+06,2.411673000000000000e+06,5.450591000000000000e+06,5.450591000000000000e+06,5.227647000000000000e+06,5.062206000000000000e+06
1.250000000000000000e+02,6.627483000000000000e+06,6.627483000000000000e+06,6.403554000000000000e+06,6.311007000000000000e+06,4.891769000000000000e+06,4.891769000000000000e+06,4.528418000000000000e+06,4.566024000000000000e+06,2.009192000000000000e+06,2.009192000000000000e+06,1.966708000000000000e+06,1.973713000000000000e+06,1.805730000000000000e+05,1.805730000000000000e+05,2.139420000000000000e+05,2.936480000000000000e+05,2.414600000000000000e+05,2.414600000000000000e+05,2.207590000000000000e+05,3.366640000000000000e+05,2.302910000000000000e+06,2.302910000000000000e+06,2.250376000000000000e+06,2.414263000000000000e+06,5.445941000000000000e+06,5.445941000000000000e+06,5.232672000000000000e+06,5.051442000000000000e+06
1.260000000000000000e+02,6.615238000000000000e+06,6.615238000000000000e+06,6.388508000000000000e+06,6.301862000000000000e+06,4.876509000000000000e+06,4.876509000000000000e+06,4.508797000000000000e+06,4.557681000000000000e+06,1.996433000000000000e+06,1.996433000000000000e+06,1.953496000000000000e+06,1.968165000000000000e+06,1.749880000000000000e+05,1.749880000000000000e+05,2.045390000000000000e+05,2.880700000000000000e+05,2.432770000000000000e+05,2.432770000000000000e+05,2.252720000000000000e+05,3.383780000000000000e+05,2.327614000000000000e+06,2.327614000000000000e+06,2.280760000000000000e+06,2.421741000000000000e+06,5.443851000000000000e+06,5.443851000000000000e+06,5.238477000000000000e+06,5.044026000000000000e+06
1.270000000000000000e+02,6.602245000000000000e+06,6.602245000000000000e+06,6.373312000000000000e+06,6.292146000000000000e+06,4.859637000000000000e+06,4.859637000000000000e+06,4.488595000000000000e+06,4.548924000000000000e+06,1.981966000000000000e+06,1.981966000000000000e+06,1.938768000000000000e+06,1.962497000000000000e+06,1.698910000000000000e+05,1.698910000000000000e+05,1.952960000000000000e+05,2.824200000000000000e+05,2.455800000000000000e+05,2.455800000000000000e+05,2.297850000000000000e+05,3.431470000000000000e+05,2.352514000000000000e+06,2.352514000000000000e+06,2.309105000000000000e+06,2.430674000000000000e+06,5.439786000000000000e+06,5.439786000000000000e+06,5.242919000000000000e+06,5.037161000000000000e+06
1.280000000000000000e+02,6.588740000000000000e+06,6.588740000000000000e+06,6.357439000000000000e+06,6.282592000000000000e+06,4.842840000000000000e+06,4.842840000000000000e+06,4.467214000000000000e+06,4.539389000000000000e+06,1.965686000000000000e+06,1.965686000000000000e+06,1.922307000000000000e+06,1.955525000000000000e+06,1.645030000000000000e+05,1.645030000000000000e+05,1.853540000000000000e+05,2.772810000000000000e+05,2.487650000000000000e+05,2.487650000000000000e+05,2.351600000000000000e+05,3.490500000000000000e+05,2.377858000000000000e+06,2.377858000000000000e+06,2.336805000000000000e+06,2.438923000000000000e+06,5.436777000000000000e+06,5.436777000000000000e+06,5.248272000000000000e+06,5.030213000000000000e+06
1.290000000000000000e+02,6.575106000000000000e+06,6.575106000000000000e+06,6.339891000000000000e+06,6.272984000000000000e+06,4.824697000000000000e+06,4.824697000000000000e+06,4.444137000000000000e+06,4.526831000000000000e+06,1.946834000000000000e+06,1.946834000000000000e+06,1.903202000000000000e+06,1.943662000000000000e+06,1.589920000000000000e+05,1.589920000000000000e+05,1.752990000000000000e+05,2.701630000000000000e+05,2.522540000000000000e+05,2.522540000000000000e+05,2.410370000000000000e+05,3.535580000000000000e+05,2.402279000000000000e+06,2.402279000000000000e+06,2.365487000000000000e+06,2.445368000000000000e+06,5.430523000000000000e+06,5.430523000000000000e+06,5.251531000000000000e+06,5.021043000000000000e+06
1.300000000000000000e+02,6.560604000000000000e+06,6.560604000000000000e+06,6.322265000000000000e+06,6.263810000000000000e+06,4.806498000000000000e+06,4.806498000000000000e+06,4.421690000000000000e+06,4.519645000000000000e+06,1.930871000000000000e+06,1.930871000000000000e+06,1.884692000000000000e+06,1.938559000000000000e+06,1.541700000000000000e+05,1.541700000000000000e+05,1.661180000000000000e+05,2.648620000000000000e+05,2.547570000000000000e+05,2.547570000000000000e+05,2.454930000000000000e+05,3.566560000000000000e+05,2.420610000000000000e+06,2.420610000000000000e+06,2.386907000000000000e+06,2.448601000000000000e+06,5.420688000000000000e+06,5.420688000000000000e+06,5.251767000000000000e+06,5.008601000000000000e+06
1.310000000000000000e+02,6.546214000000000000e+06,6.546214000000000000e+06,6.303498000000000000e+06,6.254139000000000000e+06,4.791198000000000000e+06,4.791198000000000000e+06,4.400473000000000000e+06,4.513210000000000000e+06,1.917382000000000000e+06,1.917382000000000000e+06,1.868433000000000000e+06,1.933176000000000000e+06,1.522830000000000000e+05,1.522830000000000000e+05,1.576920000000000000e+05,2.633890000000000000e+05,2.575050000000000000e+05,2.575050000000000000e+05,2.491800000000000000e+05,3.587530000000000000e+05,2.436991000000000000e+06,2.436991000000000000e+06,2.408820000000000000e+06,2.449845000000000000e+06,5.410532000000000000e+06,5.410532000000000000e+06,5.250262000000000000e+06,4.995465000000000000e+06
1.320000000000000000e+02,6.531169000000000000e+06,6.531169000000000000e+06,6.284269000000000000e+06,6.244413000000000000e+06,4.774644000000000000e+06,4.774644000000000000e+06,4.380459000000000000e+06,4.507942000000000000e+06,1.905836000000000000e+06,1.905836000000000000e+06,1.853626000000000000e+06,1.930686000000000000e+06,1.504860000000000000e+05,1.504860000000000000e+05,1.514240000000000000e+05,2.614680000000000000e+05,2.626810000000000000e+05,2.626810000000000000e+05,2.559260000000000000e+05,3.633860000000000000e+05,2.454260000000000000e+06,2.454260000000000000e+06,2.431125000000000000e+06,2.454127000000000000e+06,5.399764000000000000e+06,5.399764000000000000e+06,5.249381000000000000e+06,4.985173000000000000e+06
1.330000000000000000e+02,6.514475000000000000e+06,6.514475000000000000e+06,6.264423000000000000e+06,6.235467000000000000e+06,4.755757000000000000e+06,4.755757000000000000e+06,4.358430000000000000e+06,4.499018000000000000e+06,1.888586000000000000e+06,1.888586000000000000e+06,1.835373000000000000e+06,1.923058000000000000e+06,1.469810000000000000e+05,1.469810000000000000e+05,1.444400000000000000e+05,2.585150000000000000e+05,2.692060000000000000e+05,2.692060000000000000e+05,2.619860000000000000e+05,3.691320000000000000e+05,2.472484000000000000e+06,2.472484000000000000e+06,2.450074000000000000e+06,2.457403000000000000e+06,5.387574000000000000e+06,5.387574000000000000e+06,5.245199000000000000e+06,4.973951000000000000e+06
1.340000000000000000e+02,6.498579000000000000e+06,6.498579000000000000e+06,6.243624000000000000e+06,6.226718000000000000e+06,4.737878000000000000e+06,4.737878000000000000e+06,4.337158000000000000e+06,4.492191000000000000e+06,1.872940000000000000e+06,1.872940000000000000e+06,1.816303000000000000e+06,1.916400000000000000e+06,1.443160000000000000e+05,1.443160000000000000e+05,1.396340000000000000e+05,2.558890000000000000e+05,2.759080000000000000e+05,2.759080000000000000e+05,2.691620000000000000e+05,3.732580000000000000e+05,2.489887000000000000e+06,2.489887000000000000e+06,2.470050000000000000e+06,2.459167000000000000e+06,5.374250000000000000e+06,5.374250000000000000e+06,5.240131000000000000e+06,4.963076000000000000e+06
1.350000000000000000e+02,6.482354000000000000e+06,6.482354000000000000e+06,6.222954000000000000e+06,6.217781000000000000e+06,4.721682000000000000e+06,4.721682000000000000e+06,4.318838000000000000e+06,4.485594000000000000e+06,1.860020000000000000e+06,1.860020000000000000e+06,1.800273000000000000e+06,1.912130000000000000e+06,1.433220000000000000e+05,1.433220000000000000e+05,1.372250000000000000e+05,2.542880000000000000e+05,2.815790000000000000e+05,2.815790000000000000e+05,2.757350000000000000e+05,3.773840000000000000e+05,2.504166000000000000e+06,2.504166000000000000e+06,2.488967000000000000e+06,2.459043000000000000e+06,5.359039000000000000e+06,5.359039000000000000e+06,5.235106000000000000e+06,4.950289000000000000e+06
1.360000000000000000e+02,6.466430000000000000e+06,6.466430000000000000e+06,6.199751000000000000e+06,6.208413000000000000e+06,4.705591000000000000e+06,4.705591000000000000e+06,4.300157000000000000e+06,4.479400000000000000e+06,1.849424000000000000e+06,1.849424000000000000e+06,1.785268000000000000e+06,1.908746000000000000e+06,1.423230000000000000e+05,1.423230000000000000e+05,1.369370000000000000e+05,2.534490000000000000e+05,2.871790000000000000e+05,2.871790000000000000e+05,2.824240000000000000e+05,3.801110000000000000e+05,2.517603000000000000e+06,2.517603000000000000e+06,2.504365000000000000e+06,2.458608000000000000e+06,5.342436000000000000e+06,5.342436000000000000e+06,5.226485000000000000e+06,4.935790000000000000e+06
1.370000000000000000e+02,6.449366000000000000e+06,6.449366000000000000e+06,6.177804000000000000e+06,6.198406000000000000e+06,4.687060000000000000e+06,4.687060000000000000e+06,4.280408000000000000e+06,4.466506000000000000e+06,1.833649000000000000e+06,1.833649000000000000e+06,1.767982000000000000e+06,1.898702000000000000e+06,1.398870000000000000e+05,1.398870000000000000e+05,1.364910000000000000e+05,2.493670000000000000e+05,2.903230000000000000e+05,2.903230000000000000e+05,2.881910000000000000e+05,3.802230000000000000e+05,2.525967000000000000e+06,2.525967000000000000e+06,2.516195000000000000e+06,2.452949000000000000e+06,5.322480000000000000e+06,5.322480000000000000e+06,5.216079000000000000e+06,4.918742000000000000e+06
1.380000000000000000e+02,6.433475000000000000e+06,6.433475000000000000e+06,6.154444000000000000e+06,6.189476000000000000e+06,4.665191000000000000e+06,4.665191000000000000e+06,4.257661000000000000e+06,4.454275000000000000e+06,1.815849000000000000e+06,1.815849000000000000e+06,1.746279000000000000e+06,1.888819000000000000e+06,1.370570000000000000e+05,1.370570000000000000e+05,1.350270000000000000e+05,2.453580000000000000e+05,2.931520000000000000e+05,2.931520000000000000e+05,2.937460000000000000e+05,3.798490000000000000e+05,2.532610000000000000e+06,2.532610000000000000e+06,2.525619000000000000e+06,2.445593000000000000e+06,5.301300000000000000e+06,5.301300000000000000e+06,5.204778000000000000e+06,4.900837000000000000e+06
1.390000000000000000e+02,6.416588000000000000e+06,6.416588000000000000e+06,6.131079000000000000e+06,6.179267000000000000e+06,4.646348000000000000e+06,4.646348000000000000e+06,4.236682000000000000e+06,4.445309000000000000e+06,1.802697000000000000e+06,1.802697000000000000e+06,1.725923000000000000e+06,1.885795000000000000e+06,1.359620000000000000e+05,1.359620000000000000e+05,1.338700000000000000e+05,2.427340000000000000e+05,2.969660000000000000e+05,2.969660000000000000e+05,2.997820000000000000e+05,3.791040000000000000e+05,2.537276000000000000e+06,2.537276000000000000e+06,2.533137000000000000e+06,2.438546000000000000e+06,5.281095000000000000e+06,5.281095000000000000e+06,5.192676000000000000e+06,4.883374000000000000e+06
1.400000000000000000e+02,6.398074000000000000e+06,6.398074000000000000e+06,6.107018000000000000e+06,6.169877000000000000e+06,4.627974000000000000e+06,4.627974000000000000e+06,4.217818000000000000e+06,4.436909000000000000e+06,1.789924000000000000e+06,1.789924000000000000e+06,1.708901000000000000e+06,1.882892000000000000e+06,1.354210000000000000e+05,1.354210000000000000e+05,1.341720000000000000e+05,2.408250000000000000e+05,3.006820000000000000e+05,3.006820000000000000e+05,3.056510000000000000e+05,3.783180000000000000e+05,2.541534000000000000e+06,2.541534000000000000e+06,2.540094000000000000e+06,2.429445000000000000e+06,5.260845000000000000e+06,5.260845000000000000e+06,5.180623000000000000e+06,4.864808000000000000e+06
1.410000000000000000e+02,6.379122000000000000e+06,6.379122000000000000e+06,6.082094000000000000e+06,6.160101000000000000e+06,4.608702000000000000e+06,4.608702000000000000e+06,4.198390000000000000e+06,4.426686000000000000e+06,1.774218000000000000e+06,1.774218000000000000e+06,1.691603000000000000e+06,1.877273000000000000e+06,1.347230000000000000e+05,1.347230000000000000e+05,1.345590000000000000e+05,2.386390000000000000e+05,3.047020000000000000e+05,3.047020000000000000e+05,3.114830000000000000e+05,3.783350000000000000e+05,2.543934000000000000e+06,2.543934000000000000e+06,2.545938000000000000e+06,2.417874000000000000e+06,5.239564000000000000e+06,5.239564000000000000e+06,5.167146000000000000e+06,4.845344000000000000e+06
1.420000000000000000e+02,6.360703000000000000e+06,6.360703000000000000e+06,6.057918000000000000e+06,6.150801000000000000e+06,4.587779000000000000e+06,4.587779000000000000e+06,4.176723000000000000e+06,4.414900000000000000e+06,1.756240000000000000e+06,1.756240000000000000e+06,1.673030000000000000e+06,1.869363000000000000e+06,1.348540000000000000e+05,1.348540000000000000e+05,1.348680000000000000e+05,2.365040000000000000e+05,3.097610000000000000e+05,3.097610000000000000e+05,3.189280000000000000e+05,3.779900000000000000e+05,2.548402000000000000e+06,2.548402000000000000e+06,2.554792000000000000e+06,2.408378000000000000e+06,5.222280000000000000e+06,5.222280000000000000e+06,5.157098000000000000e+06,4.828922000000000000e+06
1.430000000000000000e+02,6.342262000000000000e+06,6.342262000000000000e+06,6.032416000000000000e+06,6.140944000000000000e+06,4.568117000000000000e+06,4.568117000000000000e+06,4.155494000000000000e+06,4.404858000000000000e+06,1.740429000000000000e+06,1.740429000000000000e+06,1.655466000000000000e+06,1.864679000000000000e+06,1.359480000000000000e+05,1.359480000000000000e+05,1.358960000000000000e+05,2.363700000000000000e+05,3.148540000000000000e+05,3.148540000000000000e+05,3.258130000000000000e+05,3.785960000000000000e+05,2.551913000000000000e+06,2.551913000000000000e+06,2.562542000000000000e+06,2.399520000000000000e+06,5.204180000000000000e+06,5.204180000000000000e+06,5.144832000000000000e+06,4.811192000000000000e+06
1.440000000000000000e+02,6.323718000000000000e+06,6.323718000000000000e+06,6.006944000000000000e+06,6.132233000000000000e+06,4.548241000000000000e+06,4.548241000000000000e+06,4.133731000000000000e+06,4.393634000000000000e+06,1.721977000000000000e+06,1.721977000000000000e+06,1.636438000000000000e+06,1.856557000000000000e+06,1.354660000000000000e+05,1.354660000000000000e+05,1.362730000000000000e+05,2.351710000000000000e+05,3.196270000000000000e+05,3.196270000000000000e+05,3.323570000000000000e+05,3.796750000000000000e+05,2.553160000000000000e+06,2.553160000000000000e+06,2.567159000000000000e+06,2.388640000000000000e+06,5.185137000000000000e+06,5.185137000000000000e+06,5.130757000000000000e+06,4.795555000000000000e+06
1.450000000000000000e+02,6.305232000000000000e+06,6.305232000000000000e+06,5.981728000000000000e+06,6.123490000000000000e+06,4.528906000000000000e+06,4.528906000000000000e+06,4.111709000000000000e+06,4.383239000000000000e+06,1.704867000000000000e+06,1.704867000000000000e+06,1.619063000000000000e+06,1.849536000000000000e+06,1.371330000000000000e+05,1.371330000000000000e+05,1.381700000000000000e+05,2.353280000000000000e+05,3.247570000000000000e+05,3.247570000000000000e+05,3.389810000000000000e+05,3.828000000000000000e+05,2.553650000000000000e+06,2.553650000000000000e+06,2.568866000000000000e+06,2.380668000000000000e+06,5.167647000000000000e+06,5.167647000000000000e+06,5.114894000000000000e+06,4.781345000000000000e+06
1.460000000000000000e+02,6.286420000000000000e+06,6.286420000000000000e+06,5.956077000000000000e+06,6.116053000000000000e+06,4.511227000000000000e+06,4.511227000000000000e+06,4.090371000000000000e+06,4.379038000000000000e+06,1.689459000000000000e+06,1.689459000000000000e+06,1.602251000000000000e+06,1.850094000000000000e+06,1.390530000000000000e+05,1.390530000000000000e+05,1.405490000000000000e+05,2.392900000000000000e+05,3.300440000000000000e+05,3.300440000000000000e+05,3.449160000000000000e+05,3.867840000000000000e+05,2.555154000000000000e+06,2.555154000000000000e+06,2.570691000000000000e+06,2.374553000000000000e+06,5.150771000000000000e+06,5.150771000000000000e+06,5.098416000000000000e+06,4.769678000000000000e+06
1.470000000000000000e+02,6.267912000000000000e+06,6.267912000000000000e+06,5.930498000000000000e+06,6.107845000000000000e+06,4.495178000000000000e+06,4.495178000000000000e+06,4.069810000000000000e+06,4.375487000000000000e+06,1.677237000000000000e+06,1.677237000000000000e+06,1.587318000000000000e+06,1.851844000000000000e+06,1.416000000000000000e+05,1.416000000000000000e+05,1.431830000000000000e+05,2.439050000000000000e+05,3.352470000000000000e+05,3.352470000000000000e+05,3.516120000000000000e+05,3.913750000000000000e+05,2.555599000000000000e+06,2.555599000000000000e+06,2.572197000000000000e+06,2.367607000000000000e+06,5.134546000000000000e+06,5.134546000000000000e+06,5.082412000000000000e+06,4.758630000000000000e+06
1.480000000000000000e+02,6.248777000000000000e+06,6.248777000000000000e+06,5.904586000000000000e+06,6.098432000000000000e+06,4.479973000000000000e+06,4.479973000000000000e+06,4.048389000000000000e+06,4.372103000000000000e+06,1.668348000000000000e+06,1.668348000000000000e+06,1.572270000000000000e+06,1.856567000000000000e+06,1.467710000000000000e+05,1.467710000000000000e+05,1.476290000000000000e+05,2.505350000000000000e+05,3.381610000000000000e+05,3.381610000000000000e+05,3.561620000000000000e+05,3.922850000000000000e+05,2.549810000000000000e+06,2.549810000000000000e+06,2.569184000000000000e+06,2.355369000000000000e+06,5.116468000000000000e+06,5.116468000000000000e+06,5.063353000000000000e+06,4.743940000000000000e+06
1.490000000000000000e+02,6.230298000000000000e+06,6.230298000000000000e+06,5.878626000000000000e+06,6.088132000000000000e+06,4.464635000000000000e+06,4.464635000000000000e+06,4.026459000000000000e+06,4.369917000000000000e+06,1.657920000000000000e+06,1.657920000000000000e+06,1.557765000000000000e+06,1.859145000000000000e+06,1.502040000000000000e+05,1.502040000000000000e+05,1.507730000000000000e+05,2.555710000000000000e+05,3.392080000000000000e+05,3.392080000000000000e+05,3.582450000000000000e+05,3.936560000000000000e+05,2.538220000000000000e+06,2.538220000000000000e+06,2.559836000000000000e+06,2.339700000000000000e+06,5.096618000000000000e+06,5.096618000000000000e+06,5.041804000000000000e+06,4.727548000000000000e+06
1.500000000000000000e+02,6.213646000000000000e+06,6.213646000000000000e+06,5.852588000000000000e+06,6.079194000000000000e+06,4.449883000000000000e+06,4.449883000000000000e+06,4.005002000000000000e+06,4.369421000000000000e+06,1.648420000000000000e+06,1.648420000000000000e+06,1.542894000000000000e+06,1.865824000000000000e+06,1.541720000000000000e+05,1.541720000000000000e+05,1.548900000000000000e+05,2.621790000000000000e+05,3.391320000000000000e+05,3.391320000000000000e+05,3.592920000000000000e+05,3.933860000000000000e+05,2.526181000000000000e+06,2.526181000000000000e+06,2.549155000000000000e+06,2.323316000000000000e+06,5.078573000000000000e+06,5.078573000000000000e+06,5.019408000000000000e+06,4.713233000000000000e+06
1.510000000000000000e+02,6.198312000000000000e+06,6.198312000000000000e+06,5.825871000000000000e+06,6.069673000000000000e+06,4.438897000000000000e+06,4.438897000000000000e+06,3.984615000000000000e+06,4.371909000000000000e+06,1.644537000000000000e+06,1.644537000000000000e+06,1.530154000000000000e+06,1.875719000000000000e+06,1.618870000000000000e+05,1.618870000000000000e+05,1.595900000000000000e+05,2.701580000000000000e+05,3.395390000000000000e+05,3.395390000000000000e+05,3.604610000000000000e+05,3.939140000000000000e+05,2.512412000000000000e+06,2.512412000000000000e+06,2.537817000000000000e+06,2.305466000000000000e+06,5.062738000000000000e+06,5.062738000000000000e+06,4.995525000000000000e+06,4.698543000000000000e+06
1.520000000000000000e+02,6.183515000000000000e+06,6.183515000000000000e+06,5.799043000000000000e+06,6.060099000000000000e+06,4.426984000000000000e+06,4.426984000000000000e+06,3.963469000000000000e+06,4.373260000000000000e+06,1.636436000000000000e+06,1.636436000000000000e+06,1.515180000000000000e+06,1.881620000000000000e+06,1.664960000000000000e+05,1.664960000000000000e+05,1.633060000000000000e+05,2.759800000000000000e+05,3.398730000000000000e+05,3.398730000000000000e+05,3.617730000000000000e+05,3.958620000000000000e+05,2.502372000000000000e+06,2.502372000000000000e+06,2.526052000000000000e+06,2.291705000000000000e+06,5.050277000000000000e+06,5.050277000000000000e+06,4.972565000000000000e+06,4.686694000000000000e+06
1.530000000000000000e+02,6.169625000000000000e+06,6.169625000000000000e+06,5.772498000000000000e+06,6.050132000000000000e+06,4.416146000000000000e+06,4.416146000000000000e+06,3.944296000000000000e+06,4.371939000000000000e+06,1.628111000000000000e+06,1.628111000000000000e+06,1.503297000000000000e+06,1.883671000000000000e+06,1.730010000000000000e+05,1.730010000000000000e+05,1.691150000000000000e+05,2.806130000000000000e+05,3.409820000000000000e+05,3.409820000000000000e+05,3.624550000000000000e+05,3.983710000000000000e+05,2.492360000000000000e+06,2.492360000000000000e+06,2.513782000000000000e+06,2.278742000000000000e+06,5.038302000000000000e+06,5.038302000000000000e+06,4.950145000000000000e+06,4.676712000000000000e+06
1.540000000000000000e+02,6.156825000000000000e+06,6.156825000000000000e+06,5.743957000000000000e+06,6.040908000000000000e+06,4.408181000000000000e+06,4.408181000000000000e+06,3.927639000000000000e+06,4.374099000000000000e+06,1.624001000000000000e+06,1.624001000000000000e+06,1.493176000000000000e+06,1.889508000000000000e+06,1.800450000000000000e+05,1.800450000000000000e+05,1.756610000000000000e+05,2.856240000000000000e+05,3.429820000000000000e+05,3.429820000000000000e+05,3.645700000000000000e+05,4.005350000000000000e+05,2.481626000000000000e+06,2.481626000000000000e+06,2.503772000000000000e+06,2.265166000000000000e+06,5.026381000000000000e+06,5.026381000000000000e+06,4.929230000000000000e+06,4.666657000000000000e+06
1.550000000000000000e+02,6.143696000000000000e+06,6.143696000000000000e+06,5.716285000000000000e+06,6.034326000000000000e+06,4.400371000000000000e+06,4.400371000000000000e+06,3.913641000000000000e+06,4.379589000000000000e+06,1.619482000000000000e+06,1.619482000000000000e+06,1.482514000000000000e+06,1.895118000000000000e+06,1.858200000000000000e+05,1.858200000000000000e+05,1.816860000000000000e+05,2.894860000000000000e+05,3.414210000000000000e+05,3.414210000000000000e+05,3.635810000000000000e+05,3.991220000000000000e+05,2.465893000000000000e+06,2.465893000000000000e+06,2.487113000000000000e+06,2.246724000000000000e+06,5.012654000000000000e+06,5.012654000000000000e+06,4.905783000000000000e+06,4.656236000000000000e+06
1.560000000000000000e+02,6.131672000000000000e+06,6.131672000000000000e+06,5.688422000000000000e+06,6.026392000000000000e+06,4.395644000000000000e+06,4.395644000000000000e+06,3.901966000000000000e+06,4.385504000000000000e+06,1.620601000000000000e+06,1.620601000000000000e+06,1.475671000000000000e+06,1.902896000000000000e+06,1.932830000000000000e+05,1.932830000000000000e+05,1.891450000000000000e+05,2.940700000000000000e+05,3.398250000000000000e+05,3.398250000000000000e+05,3.644040000000000000e+05,3.975420000000000000e+05,2.448540000000000000e+06,2.448540000000000000e+06,2.470930000000000000e+06,2.230144000000000000e+06,4.997363000000000000e+06,4.997363000000000000e+06,4.881779000000000000e+06,4.647060000000000000e+06
1.570000000000000000e+02,6.119679000000000000e+06,6.119679000000000000e+06,5.660501000000000000e+06,6.018733000000000000e+06,4.392824000000000000e+06,4.392824000000000000e+06,3.892257000000000000e+06,4.393759000000000000e+06,1.624348000000000000e+06,1.624348000000000000e+06,1.471485000000000000e+06,1.914147000000000000e+06,2.018080000000000000e+05,2.018080000000000000e+05,1.964100000000000000e+05,3.006690000000000000e+05,3.368280000000000000e+05,3.368280000000000000e+05,3.651330000000000000e+05,3.938090000000000000e+05,2.429728000000000000e+06,2.429728000000000000e+06,2.455071000000000000e+06,2.210094000000000000e+06,4.981859000000000000e+06,4.981859000000000000e+06,4.861220000000000000e+06,4.635655000000000000e+06
1.580000000000000000e+02,6.108082000000000000e+06,6.108082000000000000e+06,5.632130000000000000e+06,6.011178000000000000e+06,4.390346000000000000e+06,4.390346000000000000e+06,3.882808000000000000e+06,4.401525000000000000e+06,1.627844000000000000e+06,1.627844000000000000e+06,1.465843000000000000e+06,1.924223000000000000e+06,2.091690000000000000e+05,2.091690000000000000e+05,2.033150000000000000e+05,3.063020000000000000e+05,3.314410000000000000e+05,3.314410000000000000e+05,3.634770000000000000e+05,3.893760000000000000e+05,2.408242000000000000e+06,2.408242000000000000e+06,2.433485000000000000e+06,2.189127000000000000e+06,4.965752000000000000e+06,4.965752000000000000e+06,4.837585000000000000e+06,4.623754000000000000e+06
1.590000000000000000e+02,6.097317000000000000e+06,6.097317000000000000e+06,5.603932000000000000e+06,6.003935000000000000e+06,4.392217000000000000e+06,4.392217000000000000e+06,3.873045000000000000e+06,4.414722000000000000e+06,1.635482000000000000e+06,1.635482000000000000e+06,1.461878000000000000e+06,1.940719000000000000e+06,2.184300000000000000e+05,2.184300000000000000e+05,2.094820000000000000e+05,3.142400000000000000e+05,3.242500000000000000e+05,3.242500000000000000e+05,3.594130000000000000e+05,3.837600000000000000e+05,2.380768000000000000e+06,2.380768000000000000e+06,2.407250000000000000e+06,2.166227000000000000e+06,4.947418000000000000e+06,4.947418000000000000e+06,4.811112000000000000e+06,4.613028000000000000e+06
1.600000000000000000e+02,6.087638000000000000e+06,6.087638000000000000e+06,5.575435000000000000e+06,5.997103000000000000e+06,4.394645000000000000e+06,4.394645000000000000e+06,3.863338000000000000e+06,4.426931000000000000e+06,1.641601000000000000e+06,1.641601000000000000e+06,1.456462000000000000e+06,1.955919000000000000e+06,2.257220000000000000e+05,2.257220000000000000e+05,2.154840000000000000e+05,3.215020000000000000e+05,3.144900000000000000e+05,3.144900000000000000e+05,3.516350000000000000e+05,3.758870000000000000e+05,2.349870000000000000e+06,2.349870000000000000e+06,2.372860000000000000e+06,2.141995000000000000e+06,4.927679000000000000e+06,4.927679000000000000e+06,4.779357000000000000e+06,4.601875000000000000e+06
1.610000000000000000e+02,6.077951000000000000e+06,6.077951000000000000e+06,5.547810000000000000e+06,5.991546000000000000e+06,4.401061000000000000e+06,4.401061000000000000e+06,3.860342000000000000e+06,4.437467000000000000e+06,1.652217000000000000e+06,1.652217000000000000e+06,1.458013000000000000e+06,1.971519000000000000e+06,2.360510000000000000e+05,2.360510000000000000e+05,2.255650000000000000e+05,3.280690000000000000e+05,3.048960000000000000e+05,3.048960000000000000e+05,3.444410000000000000e+05,3.668390000000000000e+05,2.317587000000000000e+06,2.317587000000000000e+06,2.342123000000000000e+06,2.115135000000000000e+06,4.908073000000000000e+06,4.908073000000000000e+06,4.748134000000000000e+06,4.588337000000000000e+06
1.620000000000000000e+02,6.068488000000000000e+06,6.068488000000000000e+06,5.519091000000000000e+06,5.986071000000000000e+06,4.410434000000000000e+06,4.410434000000000000e+06,3.857950000000000000e+06,4.453246000000000000e+06,1.666888000000000000e+06,1.666888000000000000e+06,1.462113000000000000e+06,1.992713000000000000e+06,2.473210000000000000e+05,2.473210000000000000e+05,2.357630000000000000e+05,3.370260000000000000e+05,2.948840000000000000e+05,2.948840000000000000e+05,3.362940000000000000e+05,3.564710000000000000e+05,2.283440000000000000e+06,2.283440000000000000e+06,2.308058000000000000e+06,2.088965000000000000e+06,4.888213000000000000e+06,4.888213000000000000e+06,4.717333000000000000e+06,4.576372000000000000e+06
1.630000000000000000e+02,6.059878000000000000e+06,6.059878000000000000e+06,5.490335000000000000e+06,5.981835000000000000e+06,4.422918000000000000e+06,4.422918000000000000e+06,3.859820000000000000e+06,4.473335000000000000e+06,1.685876000000000000e+06,1.685876000000000000e+06,1.472451000000000000e+06,2.015786000000000000e+06,2.603440000000000000e+05,2.603440000000000000e+05,2.487060000000000000e+05,3.471060000000000000e+05,2.869690000000000000e+05,2.869690000000000000e+05,3.292820000000000000e+05,3.461050000000000000e+05,2.249964000000000000e+06,2.249964000000000000e+06,2.277990000000000000e+06,2.061397000000000000e+06,4.869797000000000000e+06,4.869797000000000000e+06,4.689178000000000000e+06,4.564446000000000000e+06
1.640000000000000000e+02,6.050719000000000000e+06,6.050719000000000000e+06,5.461705000000000000e+06,5.976995000000000000e+06,4.438592000000000000e+06,4.438592000000000000e+06,3.866163000000000000e+06,4.492185000000000000e+06,1.708713000000000000e+06,1.708713000000000000e+06,1.486175000000000000e+06,2.041145000000000000e+06,2.746010000000000000e+05,2.746010000000000000e+05,2.628620000000000000e+05,3.570050000000000000e+05,2.806710000000000000e+05,2.806710000000000000e+05,3.231130000000000000e+05,3.361730000000000000e+05,2.220383000000000000e+06,2.220383000000000000e+06,2.249415000000000000e+06,2.038033000000000000e+06,4.853463000000000000e+06,4.853463000000000000e+06,4.660905000000000000e+06,4.555895000000000000e+06
1.650000000000000000e+02,6.042898000000000000e+06,6.042898000000000000e+06,5.432726000000000000e+06,5.973025000000000000e+06,4.459410000000000000e+06,4.459410000000000000e+06,3.876910000000000000e+06,4.514826000000000000e+06,1.737083000000000000e+06,1.737083000000000000e+06,1.505197000000000000e+06,2.068972000000000000e+06,2.898350000000000000e+05,2.898350000000000000e+05,2.779750000000000000e+05,3.678010000000000000e+05,2.728570000000000000e+05,2.728570000000000000e+05,3.150390000000000000e+05,3.258970000000000000e+05,2.186513000000000000e+06,2.186513000000000000e+06,2.218579000000000000e+06,2.009360000000000000e+06,4.835713000000000000e+06,4.835713000000000000e+06,4.633487000000000000e+06,4.544403000000000000e+06
1.660000000000000000e+02,6.035625000000000000e+06,6.035625000000000000e+06,5.404688000000000000e+06,5.968999000000000000e+06,4.474243000000000000e+06,4.474243000000000000e+06,3.883703000000000000e+06,4.531226000000000000e+06,1.758018000000000000e+06,1.758018000000000000e+06,1.518837000000000000e+06,2.089679000000000000e+06,3.009890000000000000e+05,3.009890000000000000e+05,2.910350000000000000e+05,3.746390000000000000e+05,2.670330000000000000e+05,2.670330000000000000e+05,3.079710000000000000e+05,3.176390000000000000e+05,2.158749000000000000e+06,2.158749000000000000e+06,2.193218000000000000e+06,1.989122000000000000e+06,4.823207000000000000e+06,4.823207000000000000e+06,4.608985000000000000e+06,4.539299000000000000e+06
1.670000000000000000e+02,6.028975000000000000e+06,6.028975000000000000e+06,5.377626000000000000e+06,5.965453000000000000e+06,4.492734000000000000e+06,4.492734000000000000e+06,3.896966000000000000e+06,4.548985000000000000e+06,1.782234000000000000e+06,1.782234000000000000e+06,1.541033000000000000e+06,2.108845000000000000e+06,3.126540000000000000e+05,3.126540000000000000e+05,3.059780000000000000e+05,3.799940000000000000e+05,2.629250000000000000e+05,2.629250000000000000e+05,3.039680000000000000e+05,3.102230000000000000e+05,2.134743000000000000e+06,2.134743000000000000e+06,2.171630000000000000e+06,1.968410000000000000e+06,4.809983000000000000e+06,4.809983000000000000e+06,4.587638000000000000e+06,4.534447000000000000e+06
1.680000000000000000e+02,6.022654000000000000e+06,6.022654000000000000e+06,5.350680000000000000e+06,5.961573000000000000e+06,4.509940000000000000e+06,4.509940000000000000e+06,3.910731000000000000e+06,4.566889000000000000e+06,1.808902000000000000e+06,1.808902000000000000e+06,1.563274000000000000e+06,2.130364000000000000e+06,3.237650000000000000e+05,3.237650000000000000e+05,3.207840000000000000e+05,3.846700000000000000e+05,2.579630000000000000e+05,2.579630000000000000e+05,2.974170000000000000e+05,3.020180000000000000e+05,2.109051000000000000e+06,2.109051000000000000e+06,2.146943000000000000e+06,1.948326000000000000e+06,4.796752000000000000e+06,4.796752000000000000e+06,4.564996000000000000e+06,4.529863000000000000e+06
1.690000000000000000e+02,6.016487000000000000e+06,6.016487000000000000e+06,5.325619000000000000e+06,5.958534000000000000e+06,4.528737000000000000e+06,4.528737000000000000e+06,3.925459000000000000e+06,4.584616000000000000e+06,1.837487000000000000e+06,1.837487000000000000e+06,1.585890000000000000e+06,2.151267000000000000e+06,3.344960000000000000e+05,3.344960000000000000e+05,3.343870000000000000e+05,3.901140000000000000e+05,2.575350000000000000e+05,2.575350000000000000e+05,2.960440000000000000e+05,2.987820000000000000e+05,2.091408000000000000e+06,2.091408000000000000e+06,2.130746000000000000e+06,1.935235000000000000e+06,4.787912000000000000e+06,4.787912000000000000e+06,4.544671000000000000e+06,4.529396000000000000e+06
1.700000000000000000e+02,6.011631000000000000e+06,6.011631000000000000e+06,5.305806000000000000e+06,5.957082000000000000e+06,4.550921000000000000e+06,4.550921000000000000e+06,3.945166000000000000e+06,4.605238000000000000e+06,1.873048000000000000e+06,1.873048000000000000e+06,1.616142000000000000e+06,2.175963000000000000e+06,3.488410000000000000e+05,3.488410000000000000e+05,3.517260000000000000e+05,3.971050000000000000e+05,2.566980000000000000e+05,2.566980000000000000e+05,2.951580000000000000e+05,2.974290000000000000e+05,2.076096000000000000e+06,2.076096000000000000e+06,2.115202000000000000e+06,1.924373000000000000e+06,4.781160000000000000e+06,4.781160000000000000e+06,4.527691000000000000e+06,4.531200000000000000e+06
1.710000000000000000e+02,6.005969000000000000e+06,6.005969000000000000e+06,5.290971000000000000e+06,5.956160000000000000e+06,4.574925000000000000e+06,4.574925000000000000e+06,3.966405000000000000e+06,4.627795000000000000e+06,1.910651000000000000e+06,1.910651000000000000e+06,1.647738000000000000e+06,2.201543000000000000e+06,3.619830000000000000e+05,3.619830000000000000e+05,3.679770000000000000e+05,4.027190000000000000e+05,2.567860000000000000e+05,2.567860000000000000e+05,2.926690000000000000e+05,2.962820000000000000e+05,2.061117000000000000e+06,2.061117000000000000e+06,2.098852000000000000e+06,1.915346000000000000e+06,4.773602000000000000e+06,4.773602000000000000e+06,4.508549000000000000e+06,4.533455000000000000e+06
1.720000000000000000e+02,6.002734000000000000e+06,6.002734000000000000e+06,5.279161000000000000e+06,5.955024000000000000e+06,4.603748000000000000e+06,4.603748000000000000e+06,3.991706000000000000e+06,4.654535000000000000e+06,1.954370000000000000e+06,1.954370000000000000e+06,1.684219000000000000e+06,2.230186000000000000e+06,3.768570000000000000e+05,3.768570000000000000e+05,3.855090000000000000e+05,4.101380000000000000e+05,2.588890000000000000e+05,2.588890000000000000e+05,2.913580000000000000e+05,2.983490000000000000e+05,2.050142000000000000e+06,2.050142000000000000e+06,2.084691000000000000e+06,1.911991000000000000e+06,4.768154000000000000e+06,4.768154000000000000e+06,4.490621000000000000e+06,4.538856000000000000e+06
1.730000000000000000e+02,5.998804000000000000e+06,5.998804000000000000e+06,5.269799000000000000e+06,5.953960000000000000e+06,4.630643000000000000e+06,4.630643000000000000e+06,4.017539000000000000e+06,4.676578000000000000e+06,1.993676000000000000e+06,1.993676000000000000e+06,1.721230000000000000e+06,2.254308000000000000e+06,3.898150000000000000e+05,3.898150000000000000e+05,4.022980000000000000e+05,4.143820000000000000e+05,2.598210000000000000e+05,2.598210000000000000e+05,2.889770000000000000e+05,2.991190000000000000e+05,2.036175000000000000e+06,2.036175000000000000e+06,2.069567000000000000e+06,1.904509000000000000e+06,4.760352000000000000e+06,4.760352000000000000e+06,4.472957000000000000e+06,4.540991000000000000e+06
1.740000000000000000e+02,5.996255000000000000e+06,5.996255000000000000e+06,5.265293000000000000e+06,5.952770000000000000e+06,4.664551000000000000e+06,4.664551000000000000e+06,4.050549000000000000e+06,4.705610000000000000e+06,2.043438000000000000e+06,2.043438000000000000e+06,1.766634000000000000e+06,2.286592000000000000e+06,4.048880000000000000e+05,4.048880000000000000e+05,4.215250000000000000e+05,4.206460000000000000e+05,2.595650000000000000e+05,2.595650000000000000e+05,2.850910000000000000e+05,2.975250000000000000e+05,2.018489000000000000e+06,2.018489000000000000e+06,2.054719000000000000e+06,1.893228000000000000e+06,4.750778000000000000e+06,4.750778000000000000e+06,4.454335000000000000e+06,4.541709000000000000e+06
1.750000000000000000e+02,5.993352000000000000e+06,5.993352000000000000e+06,5.264459000000000000e+06,5.952111000000000000e+06,4.704346000000000000e+06,4.704346000000000000e+06,4.091698000000000000e+06,4.735512000000000000e+06,2.099840000000000000e+06,2.099840000000000000e+06,1.822471000000000000e+06,2.320117000000000000e+06,4.236810000000000000e+05,4.236810000000000000e+05,4.468480000000000000e+05,4.274050000000000000e+05,2.595020000000000000e+05,2.595020000000000000e+05,2.834130000000000000e+05,2.966390000000000000e+05,2.001694000000000000e+06,2.001694000000000000e+06,2.039171000000000000e+06,1.883299000000000000e+06,4.741210000000000000e+06,4.741210000000000000e+06,4.437066000000000000e+06,4.542000000000000000e+06
1.760000000000000000e+02,5.991310000000000000e+06,5.991310000000000000e+06,5.266631000000000000e+06,5.951576000000000000e+06,4.751697000000000000e+06,4.751697000000000000e+06,4.141609000000000000e+06,4.768803000000000000e+06,2.162981000000000000e+06,2.162981000000000000e+06,1.886432000000000000e+06,2.357823000000000000e+06,4.426980000000000000e+05,4.426980000000000000e+05,4.731160000000000000e+05,4.336500000000000000e+05,2.601060000000000000e+05,2.601060000000000000e+05,2.829320000000000000e+05,2.965700000000000000e+05,1.988050000000000000e+06,1.988050000000000000e+06,2.028719000000000000e+06,1.876148000000000000e+06,4.732393000000000000e+06,4.732393000000000000e+06,4.419667000000000000e+06,4.543264000000000000e+06
1.770000000000000000e+02,5.989936000000000000e+06,5.989936000000000000e+06,5.273095000000000000e+06,5.953627000000000000e+06,4.789547000000000000e+06,4.789547000000000000e+06,4.180644000000000000e+06,4.795794000000000000e+06,2.209657000000000000e+06,2.209657000000000000e+06,1.933550000000000000e+06,2.383328000000000000e+06,4.542860000000000000e+05,4.542860000000000000e+05,4.905020000000000000e+05,4.344590000000000000e+05,2.599060000000000000e+05,2.599060000000000000e+05,2.816450000000000000e+05,2.949880000000000000e+05,1.972207000000000000e+06,1.972207000000000000e+06,2.016222000000000000e+06,1.866862000000000000e+06,4.722048000000000000e+06,4.722048000000000000e+06,4.401978000000000000e+06,4.542908000000000000e+06
1.780000000000000000e+02,5.990266000000000000e+06,5.990266000000000000e+06,5.283193000000000000e+06,5.956762000000000000e+06,4.835047000000000000e+06,4.835047000000000000e+06,4.229884000000000000e+06,4.827245000000000000e+06,2.269915000000000000e+06,2.269915000000000000e+06,1.997394000000000000e+06,2.417280000000000000e+06,4.692590000000000000e+05,4.692590000000000000e+05,5.131020000000000000e+05,4.367590000000000000e+05,2.600250000000000000e+05,2.600250000000000000e+05,2.812810000000000000e+05,2.932350000000000000e+05,1.955868000000000000e+06,1.955868000000000000e+06,2.005496000000000000e+06,1.858098000000000000e+06,4.711773000000000000e+06,4.711773000000000000e+06,4.385808000000000000e+06,4.541373000000000000e+06
1.790000000000000000e+02,5.991221000000000000e+06,5.991221000000000000e+06,5.295453000000000000e+06,5.960328000000000000e+06,4.874897000000000000e+06,4.874897000000000000e+06,4.272348000000000000e+06,4.854625000000000000e+06,2.318699000000000000e+06,2.318699000000000000e+06,2.050408000000000000e+06,2.443943000000000000e+06,4.798340000000000000e+05,4.798340000000000000e+05,5.294670000000000000e+05,4.353390000000000000e+05,2.614350000000000000e+05,2.614350000000000000e+05,2.818050000000000000e+05,2.920330000000000000e+05,1.940630000000000000e+06,1.940630000000000000e+06,1.994586000000000000e+06,1.851692000000000000e+06,4.701473000000000000e+06,4.701473000000000000e+06,4.368863000000000000e+06,4.541681000000000000e+06
1.800000000000000000e+02,5.993819000000000000e+06,5.993819000000000000e+06,5.309536000000000000e+06,5.964324000000000000e+06,4.910525000000000000e+06,4.910525000000000000e+06,4.310687000000000000e+06,4.876196000000000000e+06,2.360234000000000000e+06,2.360234000000000000e+06,2.097368000000000000e+06,2.462243000000000000e+06,4.858040000000000000e+05,4.858040000000000000e+05,5.427230000000000000e+05,4.303600000000000000e+05,2.615260000000000000e+05,2.615260000000000000e+05,2.822070000000000000e+05,2.905120000000000000e+05,1.924086000000000000e+06,1.924086000000000000e+06,1.982779000000000000e+06,1.843304000000000000e+06,4.691624000000000000e+06,4.691624000000000000e+06,4.351319000000000000e+06,4.540772000000000000e+06
1.810000000000000000e+02,5.998027000000000000e+06,5.998027000000000000e+06,5.323968000000000000e+06,5.967988000000000000e+06,4.948339000000000000e+06,4.948339000000000000e+06,4.350511000000000000e+06,4.898328000000000000e+06,2.403337000000000000e+06,2.403337000000000000e+06,2.148213000000000000e+06,2.482427000000000000e+06,4.916210000000000000e+05,4.916210000000000000e+05,5.545020000000000000e+05,4.244710000000000000e+05,2.622720000000000000e+05,2.622720000000000000e+05,2.819890000000000000e+05,2.891850000000000000e+05,1.908235000000000000e+06,1.908235000000000000e+06,1.969475000000000000e+06,1.836605000000000000e+06,4.680243000000000000e+06,4.680243000000000000e+06,4.332390000000000000e+06,4.539461000000000000e+06
1.820000000000000000e+02,6.005747000000000000e+06,6.005747000000000000e+06,5.339367000000000000e+06,5.973677000000000000e+06,4.980682000000000000e+06,4.980682000000000000e+06,4.384749000000000000e+06,4.918084000000000000e+06,2.437924000000000000e+06,2.437924000000000000e+06,2.191100000000000000e+06,2.495995000000000000e+06,4.941780000000000000e+05,4.941780000000000000e+05,5.620370000000000000e+05,4.177340000000000000e+05,2.632170000000000000e+05,2.632170000000000000e+05,2.832180000000000000e+05,2.874250000000000000e+05,1.894500000000000000e+06,1.894500000000000000e+06,1.960479000000000000e+06,1.830474000000000000e+06,4.670117000000000000e+06,4.670117000000000000e+06,4.315662000000000000e+06,4.538424000000000000e+06
1.830000000000000000e+02,6.014300000000000000e+06,6.014300000000000000e+06,5.355007000000000000e+06,5.978948000000000000e+06,5.013214000000000000e+06,5.013214000000000000e+06,4.419483000000000000e+06,4.939633000000000000e+06,2.474070000000000000e+06,2.474070000000000000e+06,2.236002000000000000e+06,2.511274000000000000e+06,4.950630000000000000e+05,4.950630000000000000e+05,5.691520000000000000e+05,4.120680000000000000e+05,2.651270000000000000e+05,2.651270000000000000e+05,2.849500000000000000e+05,2.877640000000000000e+05,1.883269000000000000e+06,1.883269000000000000e+06,1.952904000000000000e+06,1.827041000000000000e+06,4.661262000000000000e+06,4.661262000000000000e+06,4.299189000000000000e+06,4.538511000000000000e+06
1.840000000000000000e+02,6.024840000000000000e+06,6.024840000000000000e+06,5.371664000000000000e+06,5.988521000000000000e+06,5.048277000000000000e+06,5.048277000000000000e+06,4.455745000000000000e+06,4.963645000000000000e+06,2.509879000000000000e+06,2.509879000000000000e+06,2.281410000000000000e+06,2.527500000000000000e+06,4.950460000000000000e+05,4.950460000000000000e+05,5.753320000000000000e+05,4.060560000000000000e+05,2.662220000000000000e+05,2.662220000000000000e+05,2.866190000000000000e+05,2.857910000000000000e+05,1.869393000000000000e+06,1.869393000000000000e+06,1.942874000000000000e+06,1.821171000000000000e+06,4.650064000000000000e+06,4.650064000000000000e+06,4.280867000000000000e+06,4.538108000000000000e+06
1.850000000000000000e+02,6.035310000000000000e+06,6.035310000000000000e+06,5.388491000000000000e+06,5.997695000000000000e+06,5.081035000000000000e+06,5.081035000000000000e+06,4.492670000000000000e+06,4.983925000000000000e+06,2.543906000000000000e+06,2.543906000000000000e+06,2.327558000000000000e+06,2.537831000000000000e+06,4.939400000000000000e+05,4.939400000000000000e+05,5.814170000000000000e+05,3.969330000000000000e+05,2.665450000000000000e+05,2.665450000000000000e+05,2.867470000000000000e+05,2.842860000000000000e+05,1.857734000000000000e+06,1.857734000000000000e+06,1.934674000000000000e+06,1.816857000000000000e+06,4.638831000000000000e+06,4.638831000000000000e+06,4.264415000000000000e+06,4.536860000000000000e+06
1.860000000000000000e+02,6.047666000000000000e+06,6.047666000000000000e+06,5.405501000000000000e+06,6.007817000000000000e+06,5.112819000000000000e+06,5.112819000000000000e+06,4.529730000000000000e+06,5.006102000000000000e+06,2.579049000000000000e+06,2.579049000000000000e+06,2.373029000000000000e+06,2.549747000000000000e+06,4.927180000000000000e+05,4.927180000000000000e+05,5.882160000000000000e+05,3.899560000000000000e+05,2.651280000000000000e+05,2.651280000000000000e+05,2.843010000000000000e+05,2.809160000000000000e+05,1.839964000000000000e+06,1.839964000000000000e+06,1.920381000000000000e+06,1.808041000000000000e+06,4.624476000000000000e+06,4.624476000000000000e+06,4.243981000000000000e+06,4.534681000000000000e+06
1.870000000000000000e+02,6.060413000000000000e+06,6.060413000000000000e+06,5.422857000000000000e+06,6.017776000000000000e+06,5.152271000000000000e+06,5.152271000000000000e+06,4.572899000000000000e+06,5.033594000000000000e+06,2.621178000000000000e+06,2.621178000000000000e+06,2.425473000000000000e+06,2.568054000000000000e+06,4.948860000000000000e+05,4.948860000000000000e+05,5.967480000000000000e+05,3.841620000000000000e+05,2.661120000000000000e+05,2.661120000000000000e+05,2.843020000000000000e+05,2.788890000000000000e+05,1.830893000000000000e+06,1.830893000000000000e+06,1.913175000000000000e+06,1.803575000000000000e+06,4.612478000000000000e+06,4.612478000000000000e+06,4.226144000000000000e+06,4.533394000000000000e+06
1.880000000000000000e+02,6.074603000000000000e+06,6.074603000000000000e+06,5.440790000000000000e+06,6.029465000000000000e+06,5.184860000000000000e+06,5.184860000000000000e+06,4.612347000000000000e+06,5.054396000000000000e+06,2.656860000000000000e+06,2.656860000000000000e+06,2.472908000000000000e+06,2.578360000000000000e+06,4.939650000000000000e+05,4.939650000000000000e+05,6.019670000000000000e+05,3.749980000000000000e+05,2.643040000000000000e+05,2.643040000000000000e+05,2.817790000000000000e+05,2.756640000000000000e+05,1.817576000000000000e+06,1.817576000000000000e+06,1.900851000000000000e+06,1.796257000000000000e+06,4.597735000000000000e+06,4.597735000000000000e+06,4.205908000000000000e+06,4.529813000000000000e+06
1.890000000000000000e+02,6.089509000000000000e+06,6.089509000000000000e+06,5.459046000000000000e+06,6.042224000000000000e+06,5.220023000000000000e+06,5.220023000000000000e+06,4.656619000000000000e+06,5.076292000000000000e+06,2.694824000000000000e+06,2.694824000000000000e+06,2.526008000000000000e+06,2.591020000000000000e+06,4.946980000000000000e+05,4.946980000000000000e+05,6.103160000000000000e+05,3.665000000000000000e+05,2.640920000000000000e+05,2.640920000000000000e+05,2.809840000000000000e+05,2.740410000000000000e+05,1.809570000000000000e+06,1.809570000000000000e+06,1.892272000000000000e+06,1.795371000000000000e+06,4.584287000000000000e+06,4.584287000000000000e+06,4.187001000000000000e+06,4.529113000000000000e+06
1.900000000000000000e+02,6.105324000000000000e+06,6.105324000000000000e+06,5.478425000000000000e+06,6.055132000000000000e+06,5.254158000000000000e+06,5.254158000000000000e+06,4.697736000000000000e+06,5.099550000000000000e+06,2.729718000000000000e+06,2.729718000000000000e+06,2.574326000000000000e+06,2.603948000000000000e+06,4.928780000000000000e+05,4.928780000000000000e+05,6.144240000000000000e+05,3.574490000000000000e+05,2.641150000000000000e+05,2.641150000000000000e+05,2.804980000000000000e+05,2.719530000000000000e+05,1.801688000000000000e+06,1.801688000000000000e+06,1.883476000000000000e+06,1.792565000000000000e+06,4.570259000000000000e+06,4.570259000000000000e+06,4.167723000000000000e+06,4.527907000000000000e+06
1.910000000000000000e+02,6.121443000000000000e+06,6.121443000000000000e+06,5.498163000000000000e+06,6.068918000000000000e+06,5.282369000000000000e+06,5.282369000000000000e+06,4.734560000000000000e+06,5.117562000000000000e+06,2.757945000000000000e+06,2.757945000000000000e+06,2.615168000000000000e+06,2.610731000000000000e+06,4.876750000000000000e+05,4.876750000000000000e+05,6.155420000000000000e+05,3.453400000000000000e+05,2.623600000000000000e+05,2.623600000000000000e+05,2.784220000000000000e+05,2.691990000000000000e+05,1.791941000000000000e+06,1.791941000000000000e+06,1.871245000000000000e+06,1.789665000000000000e+06,4.556062000000000000e+06,4.556062000000000000e+06,4.146512000000000000e+06,4.525150000000000000e+06
1.920000000000000000e+02,6.138412000000000000e+06,6.138412000000000000e+06,5.519034000000000000e+06,6.083900000000000000e+06,5.309867000000000000e+06,5.309867000000000000e+06,4.769040000000000000e+06,5.135396000000000000e+06,2.782758000000000000e+06,2.782758000000000000e+06,2.653264000000000000e+06,2.616075000000000000e+06,4.804030000000000000e+05,4.804030000000000000e+05,6.137900000000000000e+05,3.321690000000000000e+05,2.569630000000000000e+05,2.569630000000000000e+05,2.724600000000000000e+05,2.616570000000000000e+05,1.773752000000000000e+06,1.773752000000000000e+06,1.853236000000000000e+06,1.778973000000000000e+06,4.535860000000000000e+06,4.535860000000000000e+06,4.120941000000000000e+06,4.515994000000000000e+06
1.930000000000000000e+02,6.155296000000000000e+06,6.155296000000000000e+06,5.539689000000000000e+06,6.099245000000000000e+06,5.334929000000000000e+06,5.334929000000000000e+06,4.802218000000000000e+06,5.150164000000000000e+06,2.803725000000000000e+06,2.803725000000000000e+06,2.686821000000000000e+06,2.617318000000000000e+06,4.717410000000000000e+05,4.717410000000000000e+05,6.101680000000000000e+05,3.182610000000000000e+05,2.518150000000000000e+05,2.518150000000000000e+05,2.677350000000000000e+05,2.562280000000000000e+05,1.760603000000000000e+06,1.760603000000000000e+06,1.837594000000000000e+06,1.773302000000000000e+06,4.517360000000000000e+06,4.517360000000000000e+06,4.096493000000000000e+06,4.509198000000000000e+06
1.940000000000000000e+02,6.174068000000000000e+06,6.174068000000000000e+06,5.562085000000000000e+06,6.115535000000000000e+06,5.358279000000000000e+06,5.358279000000000000e+06,4.833183000000000000e+06,5.163446000000000000e+06,2.818919000000000000e+06,2.818919000000000000e+06,2.716687000000000000e+06,2.615760000000000000e+06,4.604880000000000000e+05,4.604880000000000000e+05,6.045560000000000000e+05,3.032740000000000000e+05,2.467720000000000000e+05,2.467720000000000000e+05,2.619450000000000000e+05,2.501540000000000000e+05,1.749253000000000000e+06,1.749253000000000000e+06,1.821681000000000000e+06,1.768590000000000000e+06,4.499830000000000000e+06,4.499830000000000000e+06,4.071111000000000000e+06,4.502401000000000000e+06
1.950000000000000000e+02,6.193378000000000000e+06,6.193378000000000000e+06,5.584756000000000000e+06,6.132220000000000000e+06,5.381335000000000000e+06,5.381335000000000000e+06,4.863310000000000000e+06,5.176926000000000000e+06,2.835634000000000000e+06,2.835634000000000000e+06,2.746409000000000000e+06,2.615727000000000000e+06,4.502300000000000000e+05,4.502300000000000000e+05,5.989680000000000000e+05,2.899520000000000000e+05,2.411850000000000000e+05,2.411850000000000000e+05,2.563500000000000000e+05,2.432470000000000000e+05,1.739769000000000000e+06,1.739769000000000000e+06,1.806913000000000000e+06,1.763577000000000000e+06,4.483258000000000000e+06,4.483258000000000000e+06,4.046557000000000000e+06,4.494628000000000000e+06
1.960000000000000000e+02,6.213950000000000000e+06,6.213950000000000000e+06,5.607812000000000000e+06,6.149481000000000000e+06,5.402139000000000000e+06,5.402139000000000000e+06,4.890839000000000000e+06,5.189453000000000000e+06,2.846917000000000000e+06,2.846917000000000000e+06,2.769107000000000000e+06,2.611417000000000000e+06,4.371420000000000000e+05,4.371420000000000000e+05,5.894790000000000000e+05,2.771330000000000000e+05,2.338500000000000000e+05,2.338500000000000000e+05,2.490300000000000000e+05,2.358270000000000000e+05,1.730016000000000000e+06,1.730016000000000000e+06,1.788803000000000000e+06,1.756744000000000000e+06,4.466072000000000000e+06,4.466072000000000000e+06,4.019194000000000000e+06,4.486800000000000000e+06
1.970000000000000000e+02,6.235846000000000000e+06,6.235846000000000000e+06,5.631951000000000000e+06,6.167929000000000000e+06,5.420969000000000000e+06,5.420969000000000000e+06,4.916632000000000000e+06,5.200854000000000000e+06,2.856567000000000000e+06,2.856567000000000000e+06,2.790120000000000000e+06,2.606070000000000000e+06,4.223800000000000000e+05,4.223800000000000000e+05,5.798590000000000000e+05,2.634530000000000000e+05,2.287890000000000000e+05,2.287890000000000000e+05,2.433220000000000000e+05,2.309040000000000000e+05,1.727855000000000000e+06,1.727855000000000000e+06,1.776342000000000000e+06,1.756390000000000000e+06,4.454561000000000000e+06,4.454561000000000000e+06,3.996129000000000000e+06,4.481680000000000000e+06
1.980000000000000000e+02,6.259030000000000000e+06,6.259030000000000000e+06,5.657441000000000000e+06,6.186713000000000000e+06,5.439695000000000000e+06,5.439695000000000000e+06,4.942691000000000000e+06,5.210336000000000000e+06,2.864579000000000000e+06,2.864579000000000000e+06,2.811520000000000000e+06,2.598104000000000000e+06,4.083330000000000000e+05,4.083330000000000000e+05,5.704160000000000000e+05,2.492160000000000000e+05,2.222210000000000000e+05,2.222210000000000000e+05,2.354340000000000000e+05,2.254640000000000000e+05,1.721825000000000000e+06,1.721825000000000000e+06,1.761196000000000000e+06,1.753981000000000000e+06,4.442900000000000000e+06,4.442900000000000000e+06,3.971125000000000000e+06,4.475656000000000000e+06
1.990000000000000000e+02,6.282852000000000000e+06,6.282852000000000000e+06,5.683957000000000000e+06,6.206665000000000000e+06,5.457443000000000000e+06,5.457443000000000000e+06,4.967469000000000000e+06,5.219663000000000000e+06,2.871910000000000000e+06,2.871910000000000000e+06,2.831260000000000000e+06,2.589225000000000000e+06,3.947080000000000000e+05,3.947080000000000000e+05,5.608280000000000000e+05,2.366320000000000000e+05,2.175760000000000000e+05,2.175760000000000000e+05,2.300430000000000000e+05,2.195620000000000000e+05,1.721949000000000000e+06,1.721949000000000000e+06,1.752655000000000000e+06,1.755533000000000000e+06,4.434664000000000000e+06,4.434664000000000000e+06,3.950866000000000000e+06,4.472011000000000000e+06
2.000000000000000000e+02,6.307024000000000000e+06,6.307024000000000000e+06,5.712110000000000000e+06,6.225904000000000000e+06,5.474250000000000000e+06,5.474250000000000000e+06,4.988833000000000000e+06,5.228159000000000000e+06,2.874092000000000000e+06,2.874092000000000000e+06,2.843432000000000000e+06,2.577513000000000000e+06,3.786430000000000000e+05,3.786430000000000000e+05,5.470870000000000000e+05,2.229960000000000000e+05,2.122940000000000000e+05,2.122940000000000000e+05,2.253910000000000000e+05,2.152460000000000000e+05,1.724828000000000000e+06,1.724828000000000000e+06,1.747596000000000000e+06,1.757751000000000000e+06,4.427796000000000000e+06,4.427796000000000000e+06,3.932223000000000000e+06,4.468416000000000000e+06
2.010000000000000000e+02,6.331111000000000000e+06,6.331111000000000000e+06,5.741859000000000000e+06,6.245044000000000000e+06,5.490116000000000000e+06,5.490116000000000000e+06,5.009210000000000000e+06,5.234474000000000000e+06,2.873200000000000000e+06,2.873200000000000000e+06,2.854373000000000000e+06,2.563254000000000000e+06,3.644170000000000000e+05,3.644170000000000000e+05,5.328470000000000000e+05,2.111800000000000000e+05,2.073270000000000000e+05,2.073270000000000000e+05,2.228170000000000000e+05,2.111970000000000000e+05,1.729746000000000000e+06,1.729746000000000000e+06,1.748389000000000000e+06,1.764441000000000000e+06,4.424226000000000000e+06,4.424226000000000000e+06,3.917241000000000000e+06,4.467111000000000000e+06
2.020000000000000000e+02,6.355307000000000000e+06,6.355307000000000000e+06,5.771306000000000000e+06,6.264489000000000000e+06,5.505815000000000000e+06,5.505815000000000000e+06,5.030066000000000000e+06,5.241969000000000000e+06,2.874234000000000000e+06,2.874234000000000000e+06,2.866219000000000000e+06,2.550444000000000000e+06,3.507380000000000000e+05,3.507380000000000000e+05,5.200460000000000000e+05,2.030430000000000000e+05,2.011030000000000000e+05,2.011030000000000000e+05,2.171080000000000000e+05,2.045880000000000000e+05,1.731130000000000000e+06,1.731130000000000000e+06,1.746640000000000000e+06,1.766238000000000000e+06,4.418488000000000000e+06,4.418488000000000000e+06,3.900049000000000000e+06,4.464161000000000000e+06
2.030000000000000000e+02,6.379656000000000000e+06,6.379656000000000000e+06,5.801508000000000000e+06,6.285549000000000000e+06,5.520477000000000000e+06,5.520477000000000000e+06,5.048396000000000000e+06,5.246471000000000000e+06,2.870032000000000000e+06,2.870032000000000000e+06,2.874372000000000000e+06,2.532982000000000000e+06,3.369830000000000000e+05,3.369830000000000000e+05,5.061910000000000000e+05,1.939870000000000000e+05,1.955520000000000000e+05,1.955520000000000000e+05,2.112790000000000000e+05,1.999690000000000000e+05,1.733706000000000000e+06,1.733706000000000000e+06,1.744428000000000000e+06,1.772827000000000000e+06,4.413956000000000000e+06,4.413956000000000000e+06,3.881883000000000000e+06,4.462205000000000000e+06
2.040000000000000000e+02,6.405059000000000000e+06,6.405059000000000000e+06,5.831030000000000000e+06,6.306269000000000000e+06,5.533405000000000000e+06,5.533405000000000000e+06,5.066744000000000000e+06,5.250803000000000000e+06,2.864640000000000000e+06,2.864640000000000000e+06,2.881230000000000000e+06,2.515294000000000000e+06,3.219930000000000000e+05,3.219930000000000000e+05,4.907900000000000000e+05,1.859260000000000000e+05,1.897320000000000000e+05,1.897320000000000000e+05,2.062130000000000000e+05,1.949280000000000000e+05,1.737287000000000000e+06,1.737287000000000000e+06,1.743577000000000000e+06,1.778275000000000000e+06,4.411299000000000000e+06,4.411299000000000000e+06,3.865338000000000000e+06,4.460033000000000000e+06
2.050000000000000000e+02,6.431032000000000000e+06,6.431032000000000000e+06,5.860576000000000000e+06,6.326261000000000000e+06,5.544119000000000000e+06,5.544119000000000000e+06,5.081813000000000000e+06,5.253639000000000000e+06,2.854910000000000000e+06,2.854910000000000000e+06,2.881923000000000000e+06,2.495031000000000000e+06,3.077970000000000000e+05,3.077970000000000000e+05,4.739740000000000000e+05,1.796440000000000000e+05,1.846460000000000000e+05,1.846460000000000000e+05,2.023850000000000000e+05,1.899390000000000000e+05,1.744460000000000000e+06,1.744460000000000000e+06,1.744888000000000000e+06,1.784857000000000000e+06,4.410483000000000000e+06,4.410483000000000000e+06,3.852502000000000000e+06,4.459772000000000000e+06
2.060000000000000000e+02,6.457272000000000000e+06,6.457272000000000000e+06,5.889908000000000000e+06,6.345157000000000000e+06,5.554404000000000000e+06,5.554404000000000000e+06,5.097258000000000000e+06,5.255863000000000000e+06,2.846085000000000000e+06,2.846085000000000000e+06,2.884436000000000000e+06,2.474402000000000000e+06,2.943510000000000000e+05,2.943510000000000000e+05,4.570140000000000000e+05,1.752850000000000000e+05,1.791730000000000000e+05,1.791730000000000000e+05,1.984950000000000000e+05,1.846900000000000000e+05,1.750337000000000000e+06,1.750337000000000000e+06,1.744905000000000000e+06,1.791133000000000000e+06,4.410466000000000000e+06,4.410466000000000000e+06,3.839274000000000000e+06,4.461581000000000000e+06
2.070000000000000000e+02,6.483491000000000000e+06,6.483491000000000000e+06,5.919217000000000000e+06,6.365105000000000000e+06,5.565097000000000000e+06,5.565097000000000000e+06,5.111753000000000000e+06,5.258097000000000000e+06,2.835605000000000000e+06,2.835605000000000000e+06,2.882707000000000000e+06,2.454703000000000000e+06,2.806200000000000000e+05,2.806200000000000000e+05,4.391470000000000000e+05,1.737640000000000000e+05,1.753410000000000000e+05,1.753410000000000000e+05,1.969440000000000000e+05,1.806390000000000000e+05,1.761974000000000000e+06,1.761974000000000000e+06,1.749330000000000000e+06,1.801616000000000000e+06,4.413803000000000000e+06,4.413803000000000000e+06,3.828384000000000000e+06,4.468019000000000000e+06
2.080000000000000000e+02,6.509159000000000000e+06,6.509159000000000000e+06,5.947873000000000000e+06,6.385997000000000000e+06,5.575670000000000000e+06,5.575670000000000000e+06,5.127678000000000000e+06,5.261608000000000000e+06,2.827711000000000000e+06,2.827711000000000000e+06,2.885312000000000000e+06,2.436120000000000000e+06,2.701820000000000000e+05,2.701820000000000000e+05,4.247330000000000000e+05,1.742580000000000000e+05,1.726110000000000000e+05,1.726110000000000000e+05,1.961620000000000000e+05,1.788370000000000000e+05,1.774995000000000000e+06,1.774995000000000000e+06,1.754234000000000000e+06,1.816039000000000000e+06,4.418584000000000000e+06,4.418584000000000000e+06,3.819369000000000000e+06,4.478405000000000000e+06
2.090000000000000000e+02,6.534859000000000000e+06,6.534859000000000000e+06,5.975955000000000000e+06,6.406108000000000000e+06,5.581783000000000000e+06,5.581783000000000000e+06,5.138693000000000000e+06,5.259778000000000000e+06,2.810672000000000000e+06,2.810672000000000000e+06,2.878991000000000000e+06,2.410476000000000000e+06,2.571440000000000000e+05,2.571440000000000000e+05,4.067870000000000000e+05,1.728190000000000000e+05,1.675590000000000000e+05,1.675590000000000000e+05,1.930740000000000000e+05,1.743300000000000000e+05,1.782964000000000000e+06,1.782964000000000000e+06,1.752175000000000000e+06,1.827897000000000000e+06,4.422372000000000000e+06,4.422372000000000000e+06,3.805677000000000000e+06,4.487904000000000000e+06
2.100000000000000000e+02,6.560074000000000000e+06,6.560074000000000000e+06,6.004510000000000000e+06,6.425449000000000000e+06,5.588251000000000000e+06,5.588251000000000000e+06,5.152360000000000000e+06,5.258798000000000000e+06,2.796047000000000000e+06,2.796047000000000000e+06,2.875005000000000000e+06,2.386721000000000000e+06,2.455800000000000000e+05,2.455800000000000000e+05,3.909320000000000000e+05,1.724360000000000000e+05,1.606500000000000000e+05,1.606500000000000000e+05,1.894460000000000000e+05,1.701770000000000000e+05,1.787201000000000000e+06,1.787201000000000000e+06,1.748452000000000000e+06,1.837677000000000000e+06,4.423297000000000000e+06,4.423297000000000000e+06,3.791540000000000000e+06,4.495581000000000000e+06
2.110000000000000000e+02,6.583934000000000000e+06,6.583934000000000000e+06,6.032378000000000000e+06,6.444714000000000000e+06,5.598673000000000000e+06,5.598673000000000000e+06,5.167370000000000000e+06,5.263095000000000000e+06,2.785949000000000000e+06,2.785949000000000000e+06,2.873296000000000000e+06,2.371214000000000000e+06,2.393870000000000000e+05,2.393870000000000000e+05,3.767600000000000000e+05,1.778790000000000000e+05,1.554780000000000000e+05,1.554780000000000000e+05,1.873950000000000000e+05,1.662330000000000000e+05,1.793767000000000000e+06,1.793767000000000000e+06,1.747092000000000000e+06,1.847039000000000000e+06,4.427712000000000000e+06,4.427712000000000000e+06,3.779336000000000000e+06,4.501991000000000000e+06
2.120000000000000000e+02,6.608555000000000000e+06,6.608555000000000000e+06,6.060438000000000000e+06,6.463509000000000000e+06,5.606414000000000000e+06,5.606414000000000000e+06,5.184023000000000000e+06,5.261740000000000000e+06,2.772568000000000000e+06,2.772568000000000000e+06,2.871436000000000000e+06,2.347699000000000000e+06,2.329080000000000000e+05,2.329080000000000000e+05,3.651190000000000000e+05,1.790840000000000000e+05,1.525020000000000000e+05,1.525020000000000000e+05,1.854600000000000000e+05,1.645090000000000000e+05,1.803375000000000000e+06,1.803375000000000000e+06,1.747778000000000000e+06,1.861566000000000000e+06,4.435612000000000000e+06,4.435612000000000000e+06,3.770597000000000000e+06,4.513188000000000000e+06
2.130000000000000000e+02,6.631704000000000000e+06,6.631704000000000000e+06,6.087657000000000000e+06,6.482053000000000000e+06,5.615540000000000000e+06,5.615540000000000000e+06,5.195698000000000000e+06,5.264028000000000000e+06,2.756800000000000000e+06,2.756800000000000000e+06,2.861329000000000000e+06,2.330651000000000000e+06,2.282130000000000000e+05,2.282130000000000000e+05,3.490810000000000000e+05,1.833700000000000000e+05,1.497350000000000000e+05,1.497350000000000000e+05,1.853830000000000000e+05,1.635070000000000000e+05,1.812022000000000000e+06,1.812022000000000000e+06,1.749950000000000000e+06,1.875547000000000000e+06,4.445850000000000000e+06,4.445850000000000000e+06,3.765986000000000000e+06,4.523533000000000000e+06
2.140000000000000000e+02,6.653948000000000000e+06,6.653948000000000000e+06,6.114841000000000000e+06,6.499795000000000000e+06,5.621663000000000000e+06,5.621663000000000000e+06,5.208259000000000000e+06,5.260610000000000000e+06,2.737179000000000000e+06,2.737179000000000000e+06,2.852637000000000000e+06,2.305622000000000000e+06,2.228110000000000000e+05,2.228110000000000000e+05,3.353650000000000000e+05,1.853780000000000000e+05,1.484760000000000000e+05,1.484760000000000000e+05,1.860630000000000000e+05,1.626570000000000000e+05,1.825360000000000000e+06,1.825360000000000000e+06,1.756539000000000000e+06,1.893561000000000000e+06,4.461124000000000000e+06,4.461124000000000000e+06,3.764810000000000000e+06,4.536220000000000000e+06
2.150000000000000000e+02,6.675599000000000000e+06,6.675599000000000000e+06,6.141378000000000000e+06,6.516082000000000000e+06,5.632187000000000000e+06,5.632187000000000000e+06,5.223274000000000000e+06,5.258440000000000000e+06,2.722579000000000000e+06,2.722579000000000000e+06,2.846881000000000000e+06,2.284868000000000000e+06,2.213960000000000000e+05,2.213960000000000000e+05,3.260120000000000000e+05,1.891190000000000000e+05,1.469350000000000000e+05,1.469350000000000000e+05,1.868520000000000000e+05,1.618080000000000000e+05,1.834562000000000000e+06,1.834562000000000000e+06,1.761011000000000000e+06,1.906649000000000000e+06,4.473553000000000000e+06,4.473553000000000000e+06,3.769412000000000000e+06,4.546645000000000000e+06
2.160000000000000000e+02,6.697690000000000000e+06,6.697690000000000000e+06,6.166534000000000000e+06,6.532152000000000000e+06,5.639006000000000000e+06,5.639006000000000000e+06,5.235666000000000000e+06,5.252855000000000000e+06,2.703032000000000000e+06,2.703032000000000000e+06,2.836174000000000000e+06,2.258807000000000000e+06,2.175010000000000000e+05,2.175010000000000000e+05,3.182240000000000000e+05,1.913120000000000000e+05,1.469680000000000000e+05,1.469680000000000000e+05,1.878140000000000000e+05,1.600290000000000000e+05,1.845664000000000000e+06,1.845664000000000000e+06,1.765143000000000000e+06,1.921308000000000000e+06,4.488734000000000000e+06,4.488734000000000000e+06,3.781265000000000000e+06,4.556243000000000000e+06
2.170000000000000000e+02,6.718222000000000000e+06,6.718222000000000000e+06,6.191947000000000000e+06,6.547679000000000000e+06,5.646418000000000000e+06,5.646418000000000000e+06,5.247340000000000000e+06,5.246051000000000000e+06,2.682759000000000000e+06,2.682759000000000000e+06,2.824071000000000000e+06,2.232272000000000000e+06,2.152130000000000000e+05,2.152130000000000000e+05,3.117160000000000000e+05,1.948460000000000000e+05,1.464180000000000000e+05,1.464180000000000000e+05,1.888140000000000000e+05,1.588540000000000000e+05,1.855951000000000000e+06,1.855951000000000000e+06,1.769173000000000000e+06,1.937287000000000000e+06,4.504261000000000000e+06,4.504261000000000000e+06,3.797422000000000000e+06,4.567527000000000000e+06
2.180000000000000000e+02,6.738322000000000000e+06,6.738322000000000000e+06,6.216913000000000000e+06,6.561419000000000000e+06,5.652131000000000000e+06,5.652131000000000000e+06,5.255989000000000000e+06,5.240281000000000000e+06,2.661987000000000000e+06,2.661987000000000000e+06,2.806970000000000000e+06,2.207325000000000000e+06,2.128440000000000000e+05,2.128440000000000000e+05,3.038560000000000000e+05,1.988610000000000000e+05,1.476180000000000000e+05,1.476180000000000000e+05,1.920470000000000000e+05,1.593980000000000000e+05,1.868083000000000000e+06,1.868083000000000000e+06,1.775859000000000000e+06,1.954958000000000000e+06,4.521684000000000000e+06,4.521684000000000000e+06,3.818470000000000000e+06,4.579982000000000000e+06
2.190000000000000000e+02,6.758445000000000000e+06,6.758445000000000000e+06,6.240610000000000000e+06,6.574822000000000000e+06,5.657043000000000000e+06,5.657043000000000000e+06,5.264462000000000000e+06,5.233274000000000000e+06,2.638627000000000000e+06,2.638627000000000000e+06,2.788241000000000000e+06,2.180063000000000000e+06,2.097000000000000000e+05,2.097000000000000000e+05,2.963270000000000000e+05,2.038540000000000000e+05,1.508480000000000000e+05,1.508480000000000000e+05,1.970100000000000000e+05,1.613090000000000000e+05,1.885120000000000000e+06,1.885120000000000000e+06,1.787209000000000000e+06,1.975484000000000000e+06,4.542966000000000000e+06,4.542966000000000000e+06,3.843100000000000000e+06,4.594939000000000000e+06
2.200000000000000000e+02,6.777245000000000000e+06,6.777245000000000000e+06,6.263301000000000000e+06,6.587665000000000000e+06,5.669444000000000000e+06,5.669444000000000000e+06,5.277648000000000000e+06,5.233556000000000000e+06,2.625402000000000000e+06,2.625402000000000000e+06,2.776639000000000000e+06,2.163448000000000000e+06,2.120520000000000000e+05,2.120520000000000000e+05,2.926560000000000000e+05,2.149700000000000000e+05,1.541490000000000000e+05,1.541490000000000000e+05,2.023840000000000000e+05,1.630980000000000000e+05,1.900153000000000000e+06,1.900153000000000000e+06,1.795530000000000000e+06,1.993846000000000000e+06,4.564449000000000000e+06,4.564449000000000000e+06,3.868501000000000000e+06,4.607967000000000000e+06
2.210000000000000000e+02,6.794698000000000000e+06,6.794698000000000000e+06,6.285253000000000000e+06,6.599880000000000000e+06,5.680516000000000000e+06,5.680516000000000000e+06,5.289023000000000000e+06,5.232681000000000000e+06,2.612992000000000000e+06,2.612992000000000000e+06,2.765192000000000000e+06,2.146505000000000000e+06,2.152470000000000000e+05,2.152470000000000000e+05,2.904440000000000000e+05,2.264910000000000000e+05,1.559130000000000000e+05,1.559130000000000000e+05,2.067950000000000000e+05,1.649870000000000000e+05,1.909935000000000000e+06,1.909935000000000000e+06,1.800435000000000000e+06,2.007922000000000000e+06,4.583133000000000000e+06,4.583133000000000000e+06,3.893256000000000000e+06,4.618954000000000000e+06
2.220000000000000000e+02,6.812829000000000000e+06,6.812829000000000000e+06,6.306927000000000000e+06,6.612045000000000000e+06,5.690254000000000000e+06,5.690254000000000000e+06,5.299998000000000000e+06,5.232127000000000000e+06,2.597202000000000000e+06,2.597202000000000000e+06,2.750579000000000000e+06,2.128665000000000000e+06,2.174160000000000000e+05,2.174160000000000000e+05,2.860830000000000000e+05,2.365430000000000000e+05,1.579310000000000000e+05,1.579310000000000000e+05,2.105620000000000000e+05,1.680810000000000000e+05,1.920588000000000000e+06,1.920588000000000000e+06,1.805751000000000000e+06,2.024271000000000000e+06,4.603065000000000000e+06,4.603065000000000000e+06,3.919901000000000000e+06,4.633989000000000000e+06
2.230000000000000000e+02,6.830456000000000000e+06,6.830456000000000000e+06,6.327382000000000000e+06,6.623251000000000000e+06,5.700528000000000000e+06,5.700528000000000000e+06,5.312311000000000000e+06,5.231072000000000000e+06,2.584875000000000000e+06,2.584875000000000000e+06,2.737070000000000000e+06,2.113429000000000000e+06,2.223550000000000000e+05,2.223550000000000000e+05,2.836890000000000000e+05,2.478370000000000000e+05,1.612920000000000000e+05,1.612920000000000000e+05,2.155470000000000000e+05,1.714980000000000000e+05,1.932884000000000000e+06,1.932884000000000000e+06,1.811179000000000000e+06,2.040791000000000000e+06,4.624853000000000000e+06,4.624853000000000000e+06,3.947565000000000000e+06,4.648849000000000000e+06
2.240000000000000000e+02,6.847497000000000000e+06,6.847497000000000000e+06,6.347123000000000000e+06,6.634597000000000000e+06,5.710251000000000000e+06,5.710251000000000000e+06,5.323039000000000000e+06,5.230433000000000000e+06,2.570274000000000000e+06,2.570274000000000000e+06,2.720325000000000000e+06,2.095822000000000000e+06,2.278570000000000000e+05,2.278570000000000000e+05,2.796630000000000000e+05,2.590950000000000000e+05,1.634740000000000000e+05,1.634740000000000000e+05,2.188650000000000000e+05,1.747910000000000000e+05,1.941881000000000000e+06,1.941881000000000000e+06,1.814310000000000000e+06,2.054402000000000000e+06,4.647008000000000000e+06,4.647008000000000000e+06,3.978285000000000000e+06,4.664215000000000000e+06
2.250000000000000000e+02,6.864196000000000000e+06,6.864196000000000000e+06,6.365724000000000000e+06,6.645022000000000000e+06,5.725277000000000000e+06,5.725277000000000000e+06,5.338567000000000000e+06,5.234950000000000000e+06,2.566389000000000000e+06,2.566389000000000000e+06,2.711295000000000000e+06,2.088430000000000000e+06,2.400720000000000000e+05,2.400720000000000000e+05,2.803720000000000000e+05,2.768790000000000000e+05,1.660360000000000000e+05,1.660360000000000000e+05,2.230800000000000000e+05,1.780740000000000000e+05,1.951321000000000000e+06,1.951321000000000000e+06,1.816682000000000000e+06,2.067286000000000000e+06,4.669158000000000000e+06,4.669158000000000000e+06,4.010763000000000000e+06,4.679696000000000000e+06
2.260000000000000000e+02,6.881511000000000000e+06,6.881511000000000000e+06,6.384386000000000000e+06,6.655166000000000000e+06,5.737081000000000000e+06,5.737081000000000000e+06,5.353055000000000000e+06,5.236165000000000000e+06,2.558066000000000000e+06,2.558066000000000000e+06,2.699576000000000000e+06,2.075954000000000000e+06,2.495330000000000000e+05,2.495330000000000000e+05,2.802250000000000000e+05,2.910710000000000000e+05,1.685520000000000000e+05,1.685520000000000000e+05,2.272010000000000000e+05,1.820710000000000000e+05,1.958908000000000000e+06,1.958908000000000000e+06,1.818857000000000000e+06,2.078219000000000000e+06,4.693209000000000000e+06,4.693209000000000000e+06,4.044637000000000000e+06,4.695337000000000000e+06
2.270000000000000000e+02,6.898401000000000000e+06,6.898401000000000000e+06,6.402809000000000000e+06,6.665216000000000000e+06,5.755437000000000000e+06,5.755437000000000000e+06,5.372581000000000000e+06,5.246156000000000000e+06,2.560273000000000000e+06,2.560273000000000000e+06,2.692338000000000000e+06,2.075654000000000000e+06,2.640970000000000000e+05,2.640970000000000000e+05,2.816190000000000000e+05,3.108980000000000000e+05,1.708490000000000000e+05,1.708490000000000000e+05,2.307130000000000000e+05,1.867820000000000000e+05,1.962798000000000000e+06,1.962798000000000000e+06,1.818094000000000000e+06,2.087395000000000000e+06,4.720081000000000000e+06,4.720081000000000000e+06,4.075816000000000000e+06,4.712600000000000000e+06
2.280000000000000000e+02,6.914393000000000000e+06,6.914393000000000000e+06,6.420225000000000000e+06,6.675707000000000000e+06,5.769976000000000000e+06,5.769976000000000000e+06,5.388910000000000000e+06,5.252064000000000000e+06,2.553306000000000000e+06,2.553306000000000000e+06,2.678468000000000000e+06,2.067743000000000000e+06,2.736240000000000000e+05,2.736240000000000000e+05,2.813770000000000000e+05,3.263440000000000000e+05,1.727700000000000000e+05,1.727700000000000000e+05,2.331180000000000000e+05,1.923620000000000000e+05,1.967861000000000000e+06,1.967861000000000000e+06,1.814994000000000000e+06,2.099102000000000000e+06,4.749785000000000000e+06,4.749785000000000000e+06,4.106570000000000000e+06,4.732139000000000000e+06
2.290000000000000000e+02,6.929700000000000000e+06,6.929700000000000000e+06,6.436920000000000000e+06,6.686427000000000000e+06,5.789322000000000000e+06,5.789322000000000000e+06,5.408448000000000000e+06,5.261574000000000000e+06,2.556395000000000000e+06,2.556395000000000000e+06,2.671969000000000000e+06,2.068504000000000000e+06,2.902710000000000000e+05,2.902710000000000000e+05,2.864340000000000000e+05,3.463690000000000000e+05,1.739310000000000000e+05,1.739310000000000000e+05,2.352300000000000000e+05,1.962690000000000000e+05,1.967120000000000000e+06,1.967120000000000000e+06,1.809306000000000000e+06,2.104367000000000000e+06,4.777053000000000000e+06,4.777053000000000000e+06,4.136383000000000000e+06,4.751125000000000000e+06
2.300000000000000000e+02,6.944254000000000000e+06,6.944254000000000000e+06,6.454075000000000000e+06,6.696927000000000000e+06,5.809495000000000000e+06,5.809495000000000000e+06,5.427505000000000000e+06,5.272797000000000000e+06,2.558026000000000000e+06,2.558026000000000000e+06,2.662843000000000000e+06,2.070129000000000000e+06,3.037900000000000000e+05,3.037900000000000000e+05,2.905990000000000000e+05,3.654300000000000000e+05,1.761960000000000000e+05,1.761960000000000000e+05,2.389600000000000000e+05,2.020720000000000000e+05,1.967949000000000000e+06,1.967949000000000000e+06,1.805823000000000000e+06,2.113247000000000000e+06,4.804737000000000000e+06,4.804737000000000000e+06,4.166272000000000000e+06,4.772074000000000000e+06
2.310000000000000000e+02,6.959331000000000000e+06,6.959331000000000000e+06,6.470397000000000000e+06,6.707863000000000000e+06,5.825510000000000000e+06,5.825510000000000000e+06,5.443749000000000000e+06,5.280683000000000000e+06,2.553528000000000000e+06,2.553528000000000000e+06,2.649378000000000000e+06,2.067075000000000000e+06,3.148220000000000000e+05,3.148220000000000000e+05,2.931010000000000000e+05,3.821950000000000000e+05,1.791760000000000000e+05,1.791760000000000000e+05,2.425340000000000000e+05,2.077010000000000000e+05,1.968897000000000000e+06,1.968897000000000000e+06,1.801771000000000000e+06,2.121954000000000000e+06,4.833063000000000000e+06,4.833063000000000000e+06,4.197153000000000000e+06,4.791280000000000000e+06
2.320000000000000000e+02,6.974540000000000000e+06,6.974540000000000000e+06,6.487017000000000000e+06,6.719919000000000000e+06,5.841250000000000000e+06,5.841250000000000000e+06,5.458170000000000000e+06,5.288241000000000000e+06,2.547280000000000000e+06,2.547280000000000000e+06,2.631843000000000000e+06,2.065892000000000000e+06,3.249230000000000000e+05,3.249230000000000000e+05,2.945890000000000000e+05,3.975980000000000000e+05,1.801170000000000000e+05,1.801170000000000000e+05,2.440260000000000000e+05,2.106520000000000000e+05,1.962335000000000000e+06,1.962335000000000000e+06,1.791847000000000000e+06,2.124612000000000000e+06,4.857673000000000000e+06,4.857673000000000000e+06,4.224479000000000000e+06,4.808499000000000000e+06
2.330000000000000000e+02,6.988621000000000000e+06,6.988621000000000000e+06,6.501768000000000000e+06,6.733359000000000000e+06,5.859963000000000000e+06,5.859963000000000000e+06,5.473786000000000000e+06,5.300815000000000000e+06,2.545413000000000000e+06,2.545413000000000000e+06,2.617497000000000000e+06,2.071096000000000000e+06,3.366040000000000000e+05,3.366040000000000000e+05,2.958960000000000000e+05,4.151010000000000000e+05,1.819150000000000000e+05,1.819150000000000000e+05,2.448570000000000000e+05,2.131960000000000000e+05,1.953384000000000000e+06,1.953384000000000000e+06,1.779979000000000000e+06,2.123613000000000000e+06,4.881521000000000000e+06,4.881521000000000000e+06,4.250355000000000000e+06,4.821744000000000000e+06
2.340000000000000000e+02,7.003391000000000000e+06,7.003391000000000000e+06,6.517689000000000000e+06,6.747517000000000000e+06,5.876226000000000000e+06,5.876226000000000000e+06,5.488541000000000000e+06,5.311606000000000000e+06,2.543491000000000000e+06,2.543491000000000000e+06,2.601959000000000000e+06,2.075187000000000000e+06,3.469360000000000000e+05,3.469360000000000000e+05,2.979040000000000000e+05,4.321650000000000000e+05,1.870470000000000000e+05,1.870470000000000000e+05,2.487920000000000000e+05,2.204140000000000000e+05,1.953705000000000000e+06,1.953705000000000000e+06,1.774478000000000000e+06,2.133447000000000000e+06,4.911161000000000000e+06,4.911161000000000000e+06,4.282379000000000000e+06,4.843409000000000000e+06
2.350000000000000000e+02,7.018231000000000000e+06,7.018231000000000000e+06,6.532430000000000000e+06,6.764390000000000000e+06,5.896783000000000000e+06,5.896783000000000000e+06,5.500256000000000000e+06,5.332366000000000000e+06,2.548304000000000000e+06,2.548304000000000000e+06,2.585784000000000000e+06,2.092819000000000000e+06,3.620410000000000000e+05,3.620410000000000000e+05,2.980200000000000000e+05,4.572920000000000000e+05,1.929310000000000000e+05,1.929310000000000000e+05,2.542340000000000000e+05,2.277990000000000000e+05,1.954073000000000000e+06,1.954073000000000000e+06,1.770496000000000000e+06,2.142198000000000000e+06,4.940284000000000000e+06,4.940284000000000000e+06,4.315209000000000000e+06,4.865234000000000000e+06
2.360000000000000000e+02,7.033522000000000000e+06,7.033522000000000000e+06,6.546668000000000000e+06,6.780525000000000000e+06,5.916145000000000000e+06,5.916145000000000000e+06,5.511138000000000000e+06,5.351861000000000000e+06,2.551525000000000000e+06,2.551525000000000000e+06,2.568064000000000000e+06,2.108063000000000000e+06,3.739580000000000000e+05,3.739580000000000000e+05,2.966580000000000000e+05,4.791280000000000000e+05,1.993500000000000000e+05,1.993500000000000000e+05,2.597610000000000000e+05,2.369660000000000000e+05,1.955424000000000000e+06,1.955424000000000000e+06,1.765890000000000000e+06,2.152579000000000000e+06,4.970089000000000000e+06,4.970089000000000000e+06,4.348666000000000000e+06,4.889509000000000000e+06
2.370000000000000000e+02,7.048563000000000000e+06,7.048563000000000000e+06,6.560944000000000000e+06,6.795416000000000000e+06,5.931882000000000000e+06,5.931882000000000000e+06,5.521194000000000000e+06,5.366900000000000000e+06,2.548553000000000000e+06,2.548553000000000000e+06,2.548878000000000000e+06,2.115830000000000000e+06,3.821190000000000000e+05,3.821190000000000000e+05,2.943230000000000000e+05,4.942280000000000000e+05,2.069380000000000000e+05,2.069380000000000000e+05,2.646910000000000000e+05,2.477860000000000000e+05,1.955489000000000000e+06,1.955489000000000000e+06,1.760115000000000000e+06,2.160390000000000000e+06,4.999291000000000000e+06,4.999291000000000000e+06,4.381664000000000000e+06,4.909859000000000000e+06
2.380000000000000000e+02,7.063761000000000000e+06,7.063761000000000000e+06,6.574244000000000000e+06,6.809509000000000000e+06,5.946639000000000000e+06,5.946639000000000000e+06,5.530497000000000000e+06,5.379789000000000000e+06,2.547038000000000000e+06,2.547038000000000000e+06,2.532221000000000000e+06,2.122126000000000000e+06,3.899540000000000000e+05,3.899540000000000000e+05,2.918300000000000000e+05,5.088710000000000000e+05,2.134820000000000000e+05,2.134820000000000000e+05,2.684490000000000000e+05,2.581400000000000000e+05,1.952516000000000000e+06,1.952516000000000000e+06,1.748428000000000000e+06,2.164669000000000000e+06,5.025604000000000000e+06,5.025604000000000000e+06,4.411104000000000000e+06,4.929793000000000000e+06
2.390000000000000000e+02,7.078853000000000000e+06,7.078853000000000000e+06,6.588021000000000000e+06,6.822365000000000000e+06,5.951899000000000000e+06,5.951899000000000000e+06,5.533659000000000000e+06,5.384941000000000000e+06,2.531291000000000000e+06,2.531291000000000000e+06,2.505281000000000000e+06,2.117418000000000000e+06,3.894870000000000000e+05,3.894870000000000000e+05,2.844220000000000000e+05,5.144750000000000000e+05,2.201880000000000000e+05,2.201880000000000000e+05,2.723180000000000000e+05,2.680570000000000000e+05,1.949161000000000000e+06,1.949161000000000000e+06,1.740641000000000000e+06,2.166308000000000000e+06,5.054071000000000000e+06,5.054071000000000000e+06,4.444237000000000000e+06,4.947404000000000000e+06
2.400000000000000000e+02,7.093429000000000000e+06,7.093429000000000000e+06,6.600969000000000000e+06,6.836015000000000000e+06,5.956414000000000000e+06,5.956414000000000000e+06,5.535150000000000000e+06,5.386880000000000000e+06,2.513957000000000000e+06,2.513957000000000000e+06,2.478426000000000000e+06,2.111949000000000000e+06,3.885190000000000000e+05,3.885190000000000000e+05,2.772860000000000000e+05,5.181260000000000000e+05,2.286330000000000000e+05,2.286330000000000000e+05,2.766960000000000000e+05,2.770220000000000000e+05,1.946076000000000000e+06,1.946076000000000000e+06,1.731434000000000000e+06,2.166599000000000000e+06,5.080985000000000000e+06,5.080985000000000000e+06,4.476662000000000000e+06,4.964488000000000000e+06
2.410000000000000000e+02,7.107923000000000000e+06,7.107923000000000000e+06,6.613154000000000000e+06,6.849364000000000000e+06,5.959275000000000000e+06,5.959275000000000000e+06,5.534001000000000000e+06,5.388997000000000000e+06,2.495192000000000000e+06,2.495192000000000000e+06,2.448981000000000000e+06,2.108830000000000000e+06,3.867810000000000000e+05,3.867810000000000000e+05,2.680370000000000000e+05,5.213730000000000000e+05,2.386450000000000000e+05,2.386450000000000000e+05,2.807310000000000000e+05,2.872510000000000000e+05,1.945491000000000000e+06,1.945491000000000000e+06,1.722530000000000000e+06,2.168605000000000000e+06,5.109809000000000000e+06,5.109809000000000000e+06,4.509145000000000000e+06,4.983156000000000000e+06
2.420000000000000000e+02,7.122258000000000000e+06,7.122258000000000000e+06,6.625065000000000000e+06,6.862706000000000000e+06,5.962994000000000000e+06,5.962994000000000000e+06,5.532217000000000000e+06,5.393802000000000000e+06,2.480765000000000000e+06,2.480765000000000000e+06,2.421254000000000000e+06,2.111814000000000000e+06,3.851150000000000000e+05,3.851150000000000000e+05,2.597110000000000000e+05,5.268820000000000000e+05,2.481170000000000000e+05,2.481170000000000000e+05,2.834940000000000000e+05,2.946640000000000000e+05,1.940445000000000000e+06,1.940445000000000000e+06,1.709473000000000000e+06,2.166544000000000000e+06,5.135279000000000000e+06,5.135279000000000000e+06,4.537904000000000000e+06,4.998648000000000000e+06
2.430000000000000000e+02,7.136685000000000000e+06,7.136685000000000000e+06,6.636562000000000000e+06,6.876237000000000000e+06,5.961883000000000000e+06,5.961883000000000000e+06,5.527111000000000000e+06,5.391761000000000000e+06,2.458877000000000000e+06,2.458877000000000000e+06,2.388235000000000000e+06,2.109153000000000000e+06,3.804950000000000000e+05,3.804950000000000000e+05,2.495470000000000000e+05,5.266730000000000000e+05,2.566480000000000000e+05,2.566480000000000000e+05,2.854900000000000000e+05,3.029650000000000000e+05,1.934297000000000000e+06,1.934297000000000000e+06,1.694851000000000000e+06,2.163684000000000000e+06,5.158982000000000000e+06,5.158982000000000000e+06,4.565183000000000000e+06,5.012373000000000000e+06
2.440000000000000000e+02,7.150924000000000000e+06,7.150924000000000000e+06,6.647015000000000000e+06,6.889356000000000000e+06,5.962361000000000000e+06,5.962361000000000000e+06,5.524703000000000000e+06,5.391883000000000000e+06,2.443407000000000000e+06,2.443407000000000000e+06,2.362239000000000000e+06,2.112856000000000000e+06,3.773870000000000000e+05,3.773870000000000000e+05,2.430420000000000000e+05,5.284360000000000000e+05,2.632860000000000000e+05,2.632860000000000000e+05,2.866790000000000000e+05,3.093470000000000000e+05,1.926512000000000000e+06,1.926512000000000000e+06,1.677973000000000000e+06,2.158100000000000000e+06,5.181264000000000000e+06,5.181264000000000000e+06,4.593406000000000000e+06,5.024395000000000000e+06
2.450000000000000000e+02,7.164582000000000000e+06,7.164582000000000000e+06,6.658413000000000000e+06,6.902694000000000000e+06,5.960216000000000000e+06,5.960216000000000000e+06,5.521608000000000000e+06,5.389613000000000000e+06,2.425446000000000000e+06,2.425446000000000000e+06,2.335241000000000000e+06,2.117038000000000000e+06,3.723390000000000000e+05,3.723390000000000000e+05,2.355080000000000000e+05,5.287430000000000000e+05,2.698330000000000000e+05,2.698330000000000000e+05,2.881290000000000000e+05,3.162210000000000000e+05,1.917174000000000000e+06,1.917174000000000000e+06,1.657443000000000000e+06,2.151534000000000000e+06,5.202352000000000000e+06,5.202352000000000000e+06,4.617656000000000000e+06,5.035750000000000000e+06
2.460000000000000000e+02,7.178846000000000000e+06,7.178846000000000000e+06,6.667718000000000000e+06,6.915813000000000000e+06,5.957558000000000000e+06,5.957558000000000000e+06,5.515457000000000000e+06,5.387116000000000000e+06,2.410037000000000000e+06,2.410037000000000000e+06,2.306513000000000000e+06,2.124920000000000000e+06,3.676840000000000000e+05,3.676840000000000000e+05,2.272700000000000000e+05,5.271960000000000000e+05,2.762470000000000000e+05,2.762470000000000000e+05,2.908920000000000000e+05,3.231030000000000000e+05,1.909920000000000000e+06,1.909920000000000000e+06,1.640528000000000000e+06,2.146092000000000000e+06,5.224766000000000000e+06,5.224766000000000000e+06,4.643423000000000000e+06,5.047811000000000000e+06
2.470000000000000000e+02,7.191592000000000000e+06,7.191592000000000000e+06,6.676874000000000000e+06,6.929655000000000000e+06,5.951293000000000000e+06,5.951293000000000000e+06,5.505369000000000000e+06,5.382124000000000000e+06,2.389591000000000000e+06,2.389591000000000000e+06,2.270818000000000000e+06,2.132893000000000000e+06,3.597730000000000000e+05,3.597730000000000000e+05,2.168540000000000000e+05,5.241550000000000000e+05,2.803510000000000000e+05,2.803510000000000000e+05,2.905230000000000000e+05,3.277530000000000000e+05,1.898153000000000000e+06,1.898153000000000000e+06,1.617857000000000000e+06,2.137037000000000000e+06,5.242793000000000000e+06,5.242793000000000000e+06,4.664316000000000000e+06,5.057218000000000000e+06
2.480000000000000000e+02,7.205717000000000000e+06,7.205717000000000000e+06,6.684648000000000000e+06,6.943886000000000000e+06,5.944899000000000000e+06,5.944899000000000000e+06,5.494273000000000000e+06,5.377987000000000000e+06,2.371076000000000000e+06,2.371076000000000000e+06,2.235547000000000000e+06,2.143683000000000000e+06,3.520360000000000000e+05,3.520360000000000000e+05,2.063100000000000000e+05,5.213720000000000000e+05,2.839690000000000000e+05,2.839690000000000000e+05,2.910880000000000000e+05,3.320370000000000000e+05,1.888799000000000000e+06,1.888799000000000000e+06,1.598166000000000000e+06,2.126957000000000000e+06,5.261166000000000000e+06,5.261166000000000000e+06,4.688074000000000000e+06,5.066740000000000000e+06
2.490000000000000000e+02,7.218027000000000000e+06,7.218027000000000000e+06,6.692813000000000000e+06,6.955997000000000000e+06,5.936943000000000000e+06,5.936943000000000000e+06,5.481221000000000000e+06,5.374426000000000000e+06,2.351352000000000000e+06,2.351352000000000000e+06,2.197810000000000000e+06,2.155748000000000000e+06,3.436290000000000000e+05,3.436290000000000000e+05,1.953480000000000000e+05,5.181760000000000000e+05,2.852540000000000000e+05,2.852540000000000000e+05,2.886430000000000000e+05,3.339460000000000000e+05,1.873098000000000000e+06,1.873098000000000000e+06,1.571689000000000000e+06,2.112771000000000000e+06,5.275105000000000000e+06,5.275105000000000000e+06,4.706592000000000000e+06,5.075594000000000000e+06
2.500000000000000000e+02,7.230673000000000000e+06,7.230673000000000000e+06,6.701501000000000000e+06,6.968194000000000000e+06,5.926405000000000000e+06,5.926405000000000000e+06,5.467644000000000000e+06,5.366075000000000000e+06,2.329732000000000000e+06,2.329732000000000000e+06,2.160798000000000000e+06,2.165544000000000000e+06,3.340930000000000000e+05,3.340930000000000000e+05,1.858090000000000000e+05,5.118240000000000000e+05,2.892840000000000000e+05,2.892840000000000000e+05,2.881320000000000000e+05,3.377030000000000000e+05,1.864023000000000000e+06,1.864023000000000000e+06,1.554450000000000000e+06,2.102716000000000000e+06,5.293090000000000000e+06,5.293090000000000000e+06,4.729176000000000000e+06,5.086330000000000000e+06
2.510000000000000000e+02,7.241921000000000000e+06,7.241921000000000000e+06,6.710238000000000000e+06,6.980438000000000000e+06,5.912762000000000000e+06,5.912762000000000000e+06,5.449614000000000000e+06,5.357048000000000000e+06,2.306057000000000000e+06,2.306057000000000000e+06,2.118486000000000000e+06,2.172810000000000000e+06,3.226540000000000000e+05,3.226540000000000000e+05,1.746500000000000000e+05,5.047620000000000000e+05,2.917570000000000000e+05,2.917570000000000000e+05,2.861740000000000000e+05,3.414310000000000000e+05,1.854356000000000000e+06,1.854356000000000000e+06,1.534881000000000000e+06,2.096423000000000000e+06,5.310126000000000000e+06,5.310126000000000000e+06,4.750237000000000000e+06,5.098506000000000000e+06
2.520000000000000000e+02,7.253290000000000000e+06,7.253290000000000000e+06,6.718693000000000000e+06,6.992347000000000000e+06,5.897424000000000000e+06,5.897424000000000000e+06,5.430519000000000000e+06,5.345803000000000000e+06,2.280858000000000000e+06,2.280858000000000000e+06,2.076337000000000000e+06,2.179384000000000000e+06,3.101090000000000000e+05,3.101090000000000000e+05,1.648920000000000000e+05,4.964650000000000000e+05,2.945450000000000000e+05,2.945450000000000000e+05,2.858540000000000000e+05,3.423170000000000000e+05,1.844694000000000000e+06,1.844694000000000000e+06,1.518031000000000000e+06,2.088741000000000000e+06,5.327702000000000000e+06,5.327702000000000000e+06,4.773719000000000000e+06,5.109085000000000000e+06
2.530000000000000000e+02,7.264269000000000000e+06,7.264269000000000000e+06,6.726295000000000000e+06,7.003714000000000000e+06,5.882520000000000000e+06,5.882520000000000000e+06,5.410440000000000000e+06,5.336503000000000000e+06,2.260677000000000000e+06,2.260677000000000000e+06,2.035864000000000000e+06,2.190854000000000000e+06,2.999230000000000000e+05,2.999230000000000000e+05,1.570800000000000000e+05,4.901640000000000000e+05,2.965570000000000000e+05,2.965570000000000000e+05,2.839710000000000000e+05,3.443520000000000000e+05,1.835822000000000000e+06,1.835822000000000000e+06,1.500904000000000000e+06,2.083262000000000000e+06,5.343694000000000000e+06,5.343694000000000000e+06,4.795651000000000000e+06,5.118966000000000000e+06
2.540000000000000000e+02,7.274796000000000000e+06,7.274796000000000000e+06,6.733941000000000000e+06,7.015008000000000000e+06,5.866367000000000000e+06,5.866367000000000000e+06,5.388303000000000000e+06,5.325239000000000000e+06,2.240842000000000000e+06,2.240842000000000000e+06,1.996220000000000000e+06,2.202902000000000000e+06,2.885550000000000000e+05,2.885550000000000000e+05,1.507510000000000000e+05,4.831990000000000000e+05,2.978060000000000000e+05,2.978060000000000000e+05,2.820250000000000000e+05,3.460010000000000000e+05,1.831191000000000000e+06,1.831191000000000000e+06,1.488532000000000000e+06,2.078726000000000000e+06,5.361072000000000000e+06,5.361072000000000000e+06,4.819035000000000000e+06,5.130404000000000000e+06
2.550000000000000000e+02,7.284661000000000000e+06,7.284661000000000000e+06,6.741669000000000000e+06,7.025363000000000000e+06,5.846588000000000000e+06,5.846588000000000000e+06,5.364772000000000000e+06,5.311009000000000000e+06,2.217113000000000000e+06,2.217113000000000000e+06,1.955176000000000000e+06,2.208719000000000000e+06,2.760290000000000000e+05,2.760290000000000000e+05,1.452440000000000000e+05,4.745870000000000000e+05,2.979060000000000000e+05,2.979060000000000000e+05,2.788470000000000000e+05,3.464050000000000000e+05,1.822766000000000000e+06,1.822766000000000000e+06,1.472773000000000000e+06,2.071534000000000000e+06,5.377783000000000000e+06,5.377783000000000000e+06,4.840864000000000000e+06,5.139898000000000000e+06
2.560000000000000000e+02,7.294109000000000000e+06,7.294109000000000000e+06,6.748508000000000000e+06,7.034377000000000000e+06,5.824308000000000000e+06,5.824308000000000000e+06,5.338696000000000000e+06,5.294537000000000000e+06,2.193709000000000000e+06,2.193709000000000000e+06,1.914055000000000000e+06,2.213671000000000000e+06,2.633940000000000000e+05,2.633940000000000000e+05,1.395120000000000000e+05,4.653820000000000000e+05,2.967890000000000000e+05,2.967890000000000000e+05,2.787770000000000000e+05,3.449500000000000000e+05,1.819658000000000000e+06,1.819658000000000000e+06,1.464853000000000000e+06,2.063380000000000000e+06,5.395499000000000000e+06,5.395499000000000000e+06,4.866597000000000000e+06,5.147852000000000000e+06
2.570000000000000000e+02,7.303628000000000000e+06,7.303628000000000000e+06,6.755457000000000000e+06,7.043485000000000000e+06,5.801188000000000000e+06,5.801188000000000000e+06,5.311850000000000000e+06,5.276901000000000000e+06,2.172889000000000000e+06,2.172889000000000000e+06,1.874483000000000000e+06,2.217265000000000000e+06,2.506760000000000000e+05,2.506760000000000000e+05,1.349430000000000000e+05,4.566340000000000000e+05,2.944310000000000000e+05,2.944310000000000000e+05,2.758870000000000000e+05,3.430500000000000000e+05,1.813830000000000000e+06,1.813830000000000000e+06,1.453393000000000000e+06,2.053958000000000000e+06,5.410630000000000000e+06,5.410630000000000000e+06,4.888821000000000000e+06,5.155627000000000000e+06
2.580000000000000000e+02,7.312699000000000000e+06,7.312699000000000000e+06,6.761746000000000000e+06,7.051907000000000000e+06,5.776116000000000000e+06,5.776116000000000000e+06,5.284705000000000000e+06,5.259246000000000000e+06,2.151321000000000000e+06,2.151321000000000000e+06,1.837139000000000000e+06,2.220380000000000000e+06,2.380990000000000000e+05,2.380990000000000000e+05,1.306820000000000000e+05,4.476590000000000000e+05,2.937490000000000000e+05,2.937490000000000000e+05,2.755700000000000000e+05,3.421530000000000000e+05,1.815786000000000000e+06,1.815786000000000000e+06,1.449714000000000000e+06,2.050764000000000000e+06,5.429575000000000000e+06,5.429575000000000000e+06,4.913358000000000000e+06,5.167112000000000000e+06
2.590000000000000000e+02,7.322025000000000000e+06,7.322025000000000000e+06,6.768803000000000000e+06,7.058113000000000000e+06,5.750462000000000000e+06,5.750462000000000000e+06,5.255896000000000000e+06,5.240475000000000000e+06,2.133630000000000000e+06,2.133630000000000000e+06,1.803502000000000000e+06,2.223770000000000000e+06,2.264580000000000000e+05,2.264580000000000000e+05,1.280060000000000000e+05,4.390610000000000000e+05,2.915320000000000000e+05,2.915320000000000000e+05,2.730350000000000000e+05,3.406820000000000000e+05,1.817834000000000000e+06,1.817834000000000000e+06,1.449005000000000000e+06,2.045005000000000000e+06,5.445826000000000000e+06,5.445826000000000000e+06,4.936515000000000000e+06,5.176570000000000000e+06
2.600000000000000000e+02,7.331613000000000000e+06,7.331613000000000000e+06,6.774443000000000000e+06,7.064542000000000000e+06,5.723625000000000000e+06,5.723625000000000000e+06,5.226134000000000000e+06,5.219544000000000000e+06,2.116080000000000000e+06,2.116080000000000000e+06,1.769251000000000000e+06,2.224438000000000000e+06,2.154250000000000000e+05,2.154250000000000000e+05,1.253240000000000000e+05,4.297450000000000000e+05,2.880590000000000000e+05,2.880590000000000000e+05,2.708720000000000000e+05,3.379030000000000000e+05,1.820806000000000000e+06,1.820806000000000000e+06,1.454617000000000000e+06,2.039406000000000000e+06,5.462393000000000000e+06,5.462393000000000000e+06,4.959020000000000000e+06,5.186568000000000000e+06
2.610000000000000000e+02,7.340572000000000000e+06,7.340572000000000000e+06,6.779799000000000000e+06,7.069596000000000000e+06,5.697169000000000000e+06,5.697169000000000000e+06,5.195430000000000000e+06,5.199996000000000000e+06,2.100947000000000000e+06,2.100947000000000000e+06,1.736538000000000000e+06,2.227602000000000000e+06,2.061840000000000000e+05,2.061840000000000000e+05,1.227640000000000000e+05,4.220740000000000000e+05,2.830260000000000000e+05,2.830260000000000000e+05,2.665330000000000000e+05,3.343210000000000000e+05,1.822450000000000000e+06,1.822450000000000000e+06,1.463219000000000000e+06,2.032233000000000000e+06,5.476229000000000000e+06,5.476229000000000000e+06,4.979175000000000000e+06,5.195730000000000000e+06
2.620000000000000000e+02,7.349174000000000000e+06,7.349174000000000000e+06,6.783744000000000000e+06,7.074296000000000000e+06,5.674201000000000000e+06,5.674201000000000000e+06,5.166166000000000000e+06,5.183707000000000000e+06,2.090662000000000000e+06,2.090662000000000000e+06,1.707863000000000000e+06,2.237766000000000000e+06,2.003550000000000000e+05,2.003550000000000000e+05,1.227710000000000000e+05,4.177840000000000000e+05,2.774580000000000000e+05,2.774580000000000000e+05,2.609610000000000000e+05,3.301560000000000000e+05,1.824454000000000000e+06,1.824454000000000000e+06,1.474952000000000000e+06,2.025325000000000000e+06,5.490007000000000000e+06,5.490007000000000000e+06,4.997972000000000000e+06,5.203048000000000000e+06
2.630000000000000000e+02,7.356737000000000000e+06,7.356737000000000000e+06,6.787888000000000000e+06,7.078148000000000000e+06,5.656752000000000000e+06,5.656752000000000000e+06,5.139640000000000000e+06,5.173121000000000000e+06,2.089085000000000000e+06,2.089085000000000000e+06,1.688530000000000000e+06,2.256227000000000000e+06,1.992560000000000000e+05,1.992560000000000000e+05,1.263260000000000000e+05,4.186370000000000000e+05,2.686270000000000000e+05,2.686270000000000000e+05,2.519900000000000000e+05,3.236680000000000000e+05,1.822696000000000000e+06,1.822696000000000000e+06,1.483804000000000000e+06,2.014819000000000000e+06,5.499038000000000000e+06,5.499038000000000000e+06,5.011898000000000000e+06,5.210331000000000000e+06
2.640000000000000000e+02,7.362648000000000000e+06,7.362648000000000000e+06,6.790728000000000000e+06,7.081518000000000000e+06,5.634226000000000000e+06,5.634226000000000000e+06,5.109220000000000000e+06,5.156568000000000000e+06,2.081093000000000000e+06,2.081093000000000000e+06,1.664767000000000000e+06,2.266625000000000000e+06,1.960260000000000000e+05,1.960260000000000000e+05,1.278570000000000000e+05,4.160590000000000000e+05,2.564080000000000000e+05,2.564080000000000000e+05,2.410580000000000000e+05,3.132040000000000000e+05,1.813653000000000000e+06,1.813653000000000000e+06,1.489446000000000000e+06,1.997441000000000000e+06,5.503515000000000000e+06,5.503515000000000000e+06,5.023614000000000000e+06,5.212251000000000000e+06
2.650000000000000000e+02,7.368935000000000000e+06,7.368935000000000000e+06,6.793502000000000000e+06,7.083366000000000000e+06,5.612006000000000000e+06,5.612006000000000000e+06,5.079386000000000000e+06,5.141062000000000000e+06,2.075165000000000000e+06,2.075165000000000000e+06,1.644010000000000000e+06,2.279592000000000000e+06,1.943870000000000000e+05,1.943870000000000000e+05,1.305710000000000000e+05,4.151440000000000000e+05,2.466300000000000000e+05,2.466300000000000000e+05,2.316750000000000000e+05,3.060660000000000000e+05,1.814374000000000000e+06,1.814374000000000000e+06,1.503214000000000000e+06,1.988625000000000000e+06,5.514088000000000000e+06,5.514088000000000000e+06,5.038584000000000000e+06,5.221381000000000000e+06
2.660000000000000000e+02,7.373733000000000000e+06,7.373733000000000000e+06,6.795238000000000000e+06,7.084941000000000000e+06,5.588764000000000000e+06,5.588764000000000000e+06,5.049379000000000000e+06,5.124581000000000000e+06,2.068035000000000000e+06,2.068035000000000000e+06,1.624106000000000000e+06,2.290653000000000000e+06,1.929780000000000000e+05,1.929780000000000000e+05,1.353680000000000000e+05,4.135950000000000000e+05,2.350020000000000000e+05,2.350020000000000000e+05,2.219550000000000000e+05,2.946610000000000000e+05,1.813513000000000000e+06,1.813513000000000000e+06,1.519940000000000000e+06,1.973299000000000000e+06,5.521914000000000000e+06,5.521914000000000000e+06,5.053809000000000000e+06,5.224108000000000000e+06
2.670000000000000000e+02,7.377656000000000000e+06,7.377656000000000000e+06,6.797642000000000000e+06,7.085420000000000000e+06,5.563875000000000000e+06,5.563875000000000000e+06,5.017519000000000000e+06,5.106515000000000000e+06,2.059899000000000000e+06,2.059899000000000000e+06,1.602415000000000000e+06,2.300359000000000000e+06,1.928100000000000000e+05,1.928100000000000000e+05,1.390130000000000000e+05,4.118630000000000000e+05,2.244910000000000000e+05,2.244910000000000000e+05,2.126400000000000000e+05,2.851580000000000000e+05,1.815360000000000000e+06,1.815360000000000000e+06,1.539831000000000000e+06,1.963575000000000000e+06,5.532616000000000000e+06,5.532616000000000000e+06,5.068591000000000000e+06,5.232448000000000000e+06
2.680000000000000000e+02,7.380857000000000000e+06,7.380857000000000000e+06,6.798969000000000000e+06,7.085368000000000000e+06,5.538340000000000000e+06,5.538340000000000000e+06,4.983575000000000000e+06,5.087487000000000000e+06,2.052712000000000000e+06,2.052712000000000000e+06,1.580456000000000000e+06,2.309064000000000000e+06,1.928200000000000000e+05,1.928200000000000000e+05,1.425100000000000000e+05,4.101910000000000000e+05,2.109910000000000000e+05,2.109910000000000000e+05,2.043580000000000000e+05,2.695370000000000000e+05,1.815143000000000000e+06,1.815143000000000000e+06,1.564696000000000000e+06,1.944441000000000000e+06,5.541894000000000000e+06,5.541894000000000000e+06,5.087488000000000000e+06,5.232482000000000000e+06
2.690000000000000000e+02,7.383182000000000000e+06,7.383182000000000000e+06,6.800089000000000000e+06,7.085624000000000000e+06,5.508067000000000000e+06,5.508067000000000000e+06,4.946153000000000000e+06,5.062782000000000000e+06,2.039609000000000000e+06,2.039609000000000000e+06,1.554958000000000000e+06,2.309978000000000000e+06,1.921420000000000000e+05,1.921420000000000000e+05,1.442790000000000000e+05,4.037540000000000000e+05,2.007110000000000000e+05,2.007110000000000000e+05,1.959560000000000000e+05,2.585690000000000000e+05,1.824271000000000000e+06,1.824271000000000000e+06,1.592991000000000000e+06,1.939104000000000000e+06,5.554669000000000000e+06,5.554669000000000000e+06,5.105244000000000000e+06,5.240943000000000000e+06
2.700000000000000000e+02,7.384644000000000000e+06,7.384644000000000000e+06,6.801317000000000000e+06,7.085176000000000000e+06,5.474586000000000000e+06,5.474586000000000000e+06,4.906194000000000000e+06,5.036898000000000000e+06,2.024053000000000000e+06,2.024053000000000000e+06,1.526848000000000000e+06,2.307093000000000000e+06,1.913370000000000000e+05,1.913370000000000000e+05,1.451330000000000000e+05,3.967300000000000000e+05,1.871630000000000000e+05,1.871630000000000000e+05,1.843030000000000000e+05,2.459820000000000000e+05,1.829179000000000000e+06,1.829179000000000000e+06,1.617963000000000000e+06,1.932247000000000000e+06,5.566280000000000000e+06,5.566280000000000000e+06,5.120469000000000000e+06,5.246820000000000000e+06
2.710000000000000000e+02,7.385283000000000000e+06,7.385283000000000000e+06,6.803518000000000000e+06,7.082539000000000000e+06,5.441931000000000000e+06,5.441931000000000000e+06,4.866258000000000000e+06,5.011017000000000000e+06,2.010364000000000000e+06,2.010364000000000000e+06,1.502212000000000000e+06,2.305830000000000000e+06,1.914370000000000000e+05,1.914370000000000000e+05,1.472380000000000000e+05,3.910050000000000000e+05,1.751050000000000000e+05,1.751050000000000000e+05,1.756480000000000000e+05,2.334570000000000000e+05,1.841398000000000000e+06,1.841398000000000000e+06,1.649661000000000000e+06,1.928286000000000000e+06,5.579170000000000000e+06,5.579170000000000000e+06,5.140865000000000000e+06,5.254487000000000000e+06
2.720000000000000000e+02,7.384526000000000000e+06,7.384526000000000000e+06,6.805052000000000000e+06,7.080896000000000000e+06,5.406585000000000000e+06,5.406585000000000000e+06,4.826771000000000000e+06,4.982038000000000000e+06,1.993461000000000000e+06,1.993461000000000000e+06,1.476535000000000000e+06,2.300560000000000000e+06,1.901890000000000000e+05,1.901890000000000000e+05,1.487890000000000000e+05,3.834500000000000000e+05,1.666310000000000000e+05,1.666310000000000000e+05,1.678670000000000000e+05,2.245030000000000000e+05,1.866476000000000000e+06,1.866476000000000000e+06,1.684647000000000000e+06,1.935217000000000000e+06,5.595907000000000000e+06,5.595907000000000000e+06,5.162271000000000000e+06,5.267745000000000000e+06
2.730000000000000000e+02,7.381756000000000000e+06,7.381756000000000000e+06,6.805385000000000000e+06,7.078756000000000000e+06,5.368090000000000000e+06,5.368090000000000000e+06,4.782848000000000000e+06,4.951565000000000000e+06,1.974535000000000000e+06,1.974535000000000000e+06,1.446606000000000000e+06,2.291930000000000000e+06,1.881490000000000000e+05,1.881490000000000000e+05,1.492690000000000000e+05,3.755870000000000000e+05,1.591420000000000000e+05,1.591420000000000000e+05,1.616690000000000000e+05,2.180240000000000000e+05,1.897076000000000000e+06,1.897076000000000000e+06,1.721365000000000000e+06,1.949368000000000000e+06,5.614919000000000000e+06,5.614919000000000000e+06,5.184821000000000000e+06,5.285594000000000000e+06
2.740000000000000000e+02,7.379138000000000000e+06,7.379138000000000000e+06,6.805318000000000000e+06,7.076718000000000000e+06,5.329463000000000000e+06,5.329463000000000000e+06,4.742087000000000000e+06,4.918204000000000000e+06,1.956229000000000000e+06,1.956229000000000000e+06,1.421908000000000000e+06,2.280303000000000000e+06,1.864440000000000000e+05,1.864440000000000000e+05,1.520470000000000000e+05,3.665800000000000000e+05,1.536840000000000000e+05,1.536840000000000000e+05,1.577660000000000000e+05,2.140890000000000000e+05,1.933975000000000000e+06,1.933975000000000000e+06,1.763034000000000000e+06,1.974306000000000000e+06,5.638069000000000000e+06,5.638069000000000000e+06,5.209759000000000000e+06,5.307740000000000000e+06
2.750000000000000000e+02,7.375199000000000000e+06,7.375199000000000000e+06,6.802452000000000000e+06,7.072391000000000000e+06,5.286490000000000000e+06,5.286490000000000000e+06,4.695754000000000000e+06,4.882384000000000000e+06,1.933774000000000000e+06,1.933774000000000000e+06,1.394975000000000000e+06,2.267447000000000000e+06,1.838970000000000000e+05,1.838970000000000000e+05,1.517410000000000000e+05,3.569610000000000000e+05,1.491960000000000000e+05,1.491960000000000000e+05,1.531600000000000000e+05,2.127230000000000000e+05,1.971924000000000000e+06,1.971924000000000000e+06,1.803834000000000000e+06,2.000770000000000000e+06,5.660793000000000000e+06,5.660793000000000000e+06,5.233342000000000000e+06,5.332727000000000000e+06
2.760000000000000000e+02,7.369955000000000000e+06,7.369955000000000000e+06,6.799009000000000000e+06,7.068391000000000000e+06,5.242349000000000000e+06,5.242349000000000000e+06,4.649582000000000000e+06,4.847175000000000000e+06,1.910644000000000000e+06,1.910644000000000000e+06,1.369314000000000000e+06,2.251973000000000000e+06,1.811420000000000000e+05,1.811420000000000000e+05,1.515930000000000000e+05,3.470900000000000000e+05,1.456160000000000000e+05,1.456160000000000000e+05,1.509910000000000000e+05,2.118280000000000000e+05,2.012946000000000000e+06,2.012946000000000000e+06,1.847303000000000000e+06,2.026872000000000000e+06,5.685116000000000000e+06,5.685116000000000000e+06,5.257217000000000000e+06,5.357374000000000000e+06
2.770000000000000000e+02,7.363446000000000000e+06,7.363446000000000000e+06,6.794298000000000000e+06,7.062576000000000000e+06,5.197548000000000000e+06,5.197548000000000000e+06,4.601915000000000000e+06,4.813810000000000000e+06,1.887156000000000000e+06,1.887156000000000000e+06,1.344471000000000000e+06,2.235703000000000000e+06,1.779760000000000000e+05,1.779760000000000000e+05,1.521790000000000000e+05,3.373850000000000000e+05,1.408280000000000000e+05,1.408280000000000000e+05,1.470550000000000000e+05,2.089170000000000000e+05,2.049640000000000000e+06,2.049640000000000000e+06,1.888172000000000000e+06,2.049069000000000000e+06,5.706836000000000000e+06,5.706836000000000000e+06,5.279805000000000000e+06,5.379156000000000000e+06
2.780000000000000000e+02,7.356859000000000000e+06,7.356859000000000000e+06,6.787558000000000000e+06,7.056237000000000000e+06,5.152873000000000000e+06,5.152873000000000000e+06,4.555737000000000000e+06,4.779791000000000000e+06,1.864237000000000000e+06,1.864237000000000000e+06,1.322966000000000000e+06,2.218767000000000000e+06,1.744180000000000000e+05,1.744180000000000000e+05,1.533200000000000000e+05,3.275170000000000000e+05,1.353010000000000000e+05,1.353010000000000000e+05,1.430720000000000000e+05,2.064200000000000000e+05,2.087257000000000000e+06,2.087257000000000000e+06,1.929925000000000000e+06,2.070128000000000000e+06,5.729953000000000000e+06,5.729953000000000000e+06,5.302374000000000000e+06,5.401275000000000000e+06
2.790000000000000000e+02,7.348352000000000000e+06,7.348352000000000000e+06,6.780385000000000000e+06,7.048669000000000000e+06,5.106742000000000000e+06,5.106742000000000000e+06,4.505852000000000000e+06,4.745263000000000000e+06,1.838828000000000000e+06,1.838828000000000000e+06,1.298095000000000000e+06,2.200627000000000000e+06,1.703420000000000000e+05,1.703420000000000000e+05,1.526890000000000000e+05,3.182060000000000000e+05,1.295330000000000000e+05,1.295330000000000000e+05,1.386420000000000000e+05,2.024660000000000000e+05,2.120787000000000000e+06,2.120787000000000000e+06,1.969622000000000000e+06,2.089846000000000000e+06,5.751365000000000000e+06,5.751365000000000000e+06,5.321960000000000000e+06,5.422298000000000000e+06
2.800000000000000000e+02,7.337943000000000000e+06,7.337943000000000000e+06,6.771763000000000000e+06,7.040566000000000000e+06,5.060829000000000000e+06,5.060829000000000000e+06,4.456740000000000000e+06,4.711184000000000000e+06,1.814567000000000000e+06,1.814567000000000000e+06,1.274920000000000000e+06,2.182322000000000000e+06,1.662900000000000000e+05,1.662900000000000000e+05,1.527780000000000000e+05,3.096910000000000000e+05,1.268310000000000000e+05,1.268310000000000000e+05,1.370670000000000000e+05,2.014460000000000000e+05,2.160209000000000000e+06,2.160209000000000000e+06,2.014522000000000000e+06,2.115794000000000000e+06,5.776519000000000000e+06,5.776519000000000000e+06,5.344145000000000000e+06,5.447476000000000000e+06
2.810000000000000000e+02,7.327161000000000000e+06,7.327161000000000000e+06,6.761098000000000000e+06,7.030656000000000000e+06,5.017120000000000000e+06,5.017120000000000000e+06,4.409533000000000000e+06,4.678074000000000000e+06,1.794214000000000000e+06,1.794214000000000000e+06,1.256244000000000000e+06,2.166706000000000000e+06,1.655720000000000000e+05,1.655720000000000000e+05,1.556820000000000000e+05,3.032140000000000000e+05,1.242410000000000000e+05,1.242410000000000000e+05,1.357100000000000000e+05,2.008280000000000000e+05,2.198394000000000000e+06,2.198394000000000000e+06,2.059336000000000000e+06,2.140280000000000000e+06,5.802729000000000000e+06,5.802729000000000000e+06,5.364864000000000000e+06,5.472370000000000000e+06
2.820000000000000000e+02,7.314203000000000000e+06,7.314203000000000000e+06,6.750356000000000000e+06,7.019902000000000000e+06,4.978168000000000000e+06,4.978168000000000000e+06,4.370829000000000000e+06,4.647407000000000000e+06,1.782463000000000000e+06,1.782463000000000000e+06,1.248923000000000000e+06,2.154333000000000000e+06,1.673300000000000000e+05,1.673300000000000000e+05,1.622180000000000000e+05,2.978740000000000000e+05,1.251720000000000000e+05,1.251720000000000000e+05,1.369550000000000000e+05,2.034670000000000000e+05,2.242417000000000000e+06,2.242417000000000000e+06,2.108604000000000000e+06,2.170391000000000000e+06,5.831592000000000000e+06,5.831592000000000000e+06,5.388616000000000000e+06,5.498720000000000000e+06
2.830000000000000000e+02,7.299401000000000000e+06,7.299401000000000000e+06,6.738284000000000000e+06,7.007203000000000000e+06,4.942678000000000000e+06,4.942678000000000000e+06,4.336512000000000000e+06,4.617258000000000000e+06,1.775149000000000000e+06,1.775149000000000000e+06,1.246983000000000000e+06,2.144761000000000000e+06,1.721910000000000000e+05,1.721910000000000000e+05,1.718280000000000000e+05,2.951360000000000000e+05,1.272790000000000000e+05,1.272790000000000000e+05,1.386340000000000000e+05,2.067780000000000000e+05,2.286609000000000000e+06,2.286609000000000000e+06,2.157617000000000000e+06,2.201356000000000000e+06,5.860484000000000000e+06,5.860484000000000000e+06,5.410060000000000000e+06,5.524981000000000000e+06
2.840000000000000000e+02,7.283236000000000000e+06,7.283236000000000000e+06,6.724811000000000000e+06,6.993656000000000000e+06,4.913056000000000000e+06,4.913056000000000000e+06,4.310193000000000000e+06,4.593621000000000000e+06,1.777707000000000000e+06,1.777707000000000000e+06,1.257470000000000000e+06,2.141379000000000000e+06,1.806730000000000000e+05,1.806730000000000000e+05,1.867270000000000000e+05,2.958450000000000000e+05,1.295480000000000000e+05,1.295480000000000000e+05,1.410030000000000000e+05,2.089430000000000000e+05,2.331605000000000000e+06,2.331605000000000000e+06,2.207188000000000000e+06,2.228849000000000000e+06,5.888624000000000000e+06,5.888624000000000000e+06,5.431844000000000000e+06,5.547439000000000000e+06
2.850000000000000000e+02,7.266160000000000000e+06,7.266160000000000000e+06,6.709894000000000000e+06,6.979146000000000000e+06,4.889758000000000000e+06,4.889758000000000000e+06,4.288180000000000000e+06,4.578572000000000000e+06,1.792208000000000000e+06,1.792208000000000000e+06,1.275398000000000000e+06,2.148385000000000000e+06,1.949010000000000000e+05,1.949010000000000000e+05,2.046230000000000000e+05,3.019140000000000000e+05,1.332980000000000000e+05,1.332980000000000000e+05,1.439110000000000000e+05,2.122570000000000000e+05,2.377445000000000000e+06,2.377445000000000000e+06,2.257222000000000000e+06,2.257987000000000000e+06,5.915316000000000000e+06,5.915316000000000000e+06,5.453100000000000000e+06,5.570293000000000000e+06
2.860000000000000000e+02,7.247182000000000000e+06,7.247182000000000000e+06,6.695170000000000000e+06,6.962865000000000000e+06,4.869299000000000000e+06,4.869299000000000000e+06,4.273784000000000000e+06,4.565172000000000000e+06,1.808890000000000000e+06,1.808890000000000000e+06,1.301634000000000000e+06,2.154375000000000000e+06,2.071980000000000000e+05,2.071980000000000000e+05,2.239880000000000000e+05,3.060630000000000000e+05,1.366140000000000000e+05,1.366140000000000000e+05,1.455770000000000000e+05,2.154270000000000000e+05,2.420538000000000000e+06,2.420538000000000000e+06,2.303663000000000000e+06,2.285943000000000000e+06,5.939671000000000000e+06,5.939671000000000000e+06,5.470728000000000000e+06,5.590889000000000000e+06
2.870000000000000000e+02,7.227981000000000000e+06,7.227981000000000000e+06,6.678931000000000000e+06,6.946533000000000000e+06,4.849477000000000000e+06,4.849477000000000000e+06,4.256920000000000000e+06,4.551777000000000000e+06,1.822379000000000000e+06,1.822379000000000000e+06,1.322893000000000000e+06,2.158295000000000000e+06,2.182100000000000000e+05,2.182100000000000000e+05,2.412040000000000000e+05,3.097460000000000000e+05,1.398420000000000000e+05,1.398420000000000000e+05,1.468950000000000000e+05,2.172800000000000000e+05,2.460795000000000000e+06,2.460795000000000000e+06,2.348374000000000000e+06,2.310526000000000000e+06,5.960912000000000000e+06,5.960912000000000000e+06,5.487334000000000000e+06,5.608336000000000000e+06
2.880000000000000000e+02,7.206586000000000000e+06,7.206586000000000000e+06,6.660049000000000000e+06,6.928838000000000000e+06,4.833445000000000000e+06,4.833445000000000000e+06,4.239975000000000000e+06,4.546982000000000000e+06,1.839810000000000000e+06,1.839810000000000000e+06,1.343763000000000000e+06,2.167363000000000000e+06,2.303080000000000000e+05,2.303080000000000000e+05,2.565330000000000000e+05,3.156590000000000000e+05,1.422830000000000000e+05,1.422830000000000000e+05,1.480570000000000000e+05,2.192140000000000000e+05,2.499409000000000000e+06,2.499409000000000000e+06,2.391375000000000000e+06,2.332302000000000000e+06,5.979885000000000000e+06,5.979885000000000000e+06,5.500730000000000000e+06,5.625290000000000000e+06
2.890000000000000000e+02,7.184386000000000000e+06,7.184386000000000000e+06,6.641790000000000000e+06,6.911535000000000000e+06,4.823105000000000000e+06,4.823105000000000000e+06,4.229708000000000000e+06,4.548257000000000000e+06,1.863952000000000000e+06,1.863952000000000000e+06,1.375340000000000000e+06,2.181830000000000000e+06,2.455170000000000000e+05,2.455170000000000000e+05,2.752290000000000000e+05,3.259970000000000000e+05,1.443720000000000000e+05,1.443720000000000000e+05,1.495930000000000000e+05,2.200090000000000000e+05,2.536929000000000000e+06,2.536929000000000000e+06,2.435297000000000000e+06,2.351179000000000000e+06,5.997634000000000000e+06,5.997634000000000000e+06,5.515105000000000000e+06,5.637853000000000000e+06
2.900000000000000000e+02,7.160756000000000000e+06,7.160756000000000000e+06,6.622543000000000000e+06,6.893291000000000000e+06,4.813450000000000000e+06,4.813450000000000000e+06,4.217305000000000000e+06,4.551444000000000000e+06,1.886082000000000000e+06,1.886082000000000000e+06,1.403590000000000000e+06,2.192493000000000000e+06,2.572110000000000000e+05,2.572110000000000000e+05,2.899170000000000000e+05,3.331310000000000000e+05,1.478360000000000000e+05,1.478360000000000000e+05,1.528680000000000000e+05,2.225320000000000000e+05,2.576811000000000000e+06,2.576811000000000000e+06,2.479553000000000000e+06,2.373283000000000000e+06,6.015727000000000000e+06,6.015727000000000000e+06,5.528938000000000000e+06,5.651759000000000000e+06
2.910000000000000000e+02,7.135841000000000000e+06,7.135841000000000000e+06,6.602893000000000000e+06,6.875539000000000000e+06,4.802912000000000000e+06,4.802912000000000000e+06,4.202477000000000000e+06,4.558225000000000000e+06,1.901067000000000000e+06,1.901067000000000000e+06,1.425956000000000000e+06,2.201569000000000000e+06,2.670400000000000000e+05,2.670400000000000000e+05,3.018020000000000000e+05,3.392470000000000000e+05,1.526820000000000000e+05,1.526820000000000000e+05,1.557870000000000000e+05,2.264040000000000000e+05,2.615979000000000000e+06,2.615979000000000000e+06,2.521780000000000000e+06,2.396276000000000000e+06,6.032111000000000000e+06,6.032111000000000000e+06,5.540417000000000000e+06,5.667085000000000000e+06
2.920000000000000000e+02,7.109942000000000000e+06,7.109942000000000000e+06,6.583133000000000000e+06,6.857780000000000000e+06,4.793816000000000000e+06,4.793816000000000000e+06,4.191627000000000000e+06,4.565189000000000000e+06,1.918299000000000000e+06,1.918299000000000000e+06,1.454955000000000000e+06,2.206591000000000000e+06,2.748120000000000000e+05,2.748120000000000000e+05,3.140920000000000000e+05,3.425490000000000000e+05,1.547810000000000000e+05,1.547810000000000000e+05,1.569010000000000000e+05,2.278100000000000000e+05,2.647788000000000000e+06,2.647788000000000000e+06,2.559297000000000000e+06,2.412937000000000000e+06,6.044739000000000000e+06,6.044739000000000000e+06,5.548463000000000000e+06,5.678267000000000000e+06
2.930000000000000000e+02,7.083553000000000000e+06,7.083553000000000000e+06,6.562295000000000000e+06,6.839718000000000000e+06,4.782755000000000000e+06,4.782755000000000000e+06,4.176163000000000000e+06,4.572251000000000000e+06,1.927700000000000000e+06,1.927700000000000000e+06,1.476604000000000000e+06,2.208207000000000000e+06,2.796140000000000000e+05,2.796140000000000000e+05,3.222820000000000000e+05,3.443630000000000000e+05,1.609980000000000000e+05,1.609980000000000000e+05,1.604570000000000000e+05,2.334860000000000000e+05,2.684659000000000000e+06,2.684659000000000000e+06,2.599933000000000000e+06,2.437722000000000000e+06,6.058299000000000000e+06,6.058299000000000000e+06,5.556622000000000000e+06,5.692465000000000000e+06
2.940000000000000000e+02,7.057422000000000000e+06,7.057422000000000000e+06,6.540890000000000000e+06,6.821542000000000000e+06,4.776460000000000000e+06,4.776460000000000000e+06,4.163355000000000000e+06,4.587971000000000000e+06,1.946173000000000000e+06,1.946173000000000000e+06,1.506217000000000000e+06,2.217480000000000000e+06,2.884750000000000000e+05,2.884750000000000000e+05,3.323340000000000000e+05,3.505650000000000000e+05,1.684100000000000000e+05,1.684100000000000000e+05,1.653350000000000000e+05,2.399860000000000000e+05,2.722323000000000000e+06,2.722323000000000000e+06,2.640260000000000000e+06,2.465218000000000000e+06,6.072071000000000000e+06,6.072071000000000000e+06,5.564289000000000000e+06,5.705596000000000000e+06
2.950000000000000000e+02,7.030197000000000000e+06,7.030197000000000000e+06,6.518510000000000000e+06,6.802337000000000000e+06,4.767998000000000000e+06,4.767998000000000000e+06,4.145580000000000000e+06,4.600927000000000000e+06,1.955458000000000000e+06,1.955458000000000000e+06,1.526274000000000000e+06,2.220489000000000000e+06,2.929590000000000000e+05,2.929590000000000000e+05,3.370790000000000000e+05,3.540270000000000000e+05,1.736070000000000000e+05,1.736070000000000000e+05,1.687230000000000000e+05,2.439600000000000000e+05,2.752424000000000000e+06,2.752424000000000000e+06,2.675782000000000000e+06,2.484436000000000000e+06,6.080242000000000000e+06,6.080242000000000000e+06,5.568148000000000000e+06,5.712825000000000000e+06
2.960000000000000000e+02,7.005641000000000000e+06,7.005641000000000000e+06,6.495491000000000000e+06,6.783993000000000000e+06,4.763650000000000000e+06,4.763650000000000000e+06,4.130586000000000000e+06,4.617812000000000000e+06,1.970056000000000000e+06,1.970056000000000000e+06,1.552423000000000000e+06,2.229638000000000000e+06,2.996350000000000000e+05,2.996350000000000000e+05,3.429790000000000000e+05,3.594350000000000000e+05,1.787810000000000000e+05,1.787810000000000000e+05,1.721000000000000000e+05,2.483960000000000000e+05,2.779311000000000000e+06,2.779311000000000000e+06,2.707527000000000000e+06,2.501685000000000000e+06,6.085926000000000000e+06,6.085926000000000000e+06,5.569433000000000000e+06,5.718252000000000000e+06
2.970000000000000000e+02,6.981959000000000000e+06,6.981959000000000000e+06,6.472586000000000000e+06,6.764913000000000000e+06,4.758451000000000000e+06,4.758451000000000000e+06,4.112976000000000000e+06,4.634815000000000000e+06,1.982319000000000000e+06,1.982319000000000000e+06,1.575442000000000000e+06,2.236628000000000000e+06,3.046480000000000000e+05,3.046480000000000000e+05,3.459110000000000000e+05,3.642890000000000000e+05,1.845330000000000000e+05,1.845330000000000000e+05,1.754210000000000000e+05,2.523720000000000000e+05,2.803955000000000000e+06,2.803955000000000000e+06,2.736879000000000000e+06,2.518062000000000000e+06,6.090211000000000000e+06,6.090211000000000000e+06,5.568681000000000000e+06,5.722091000000000000e+06
2.980000000000000000e+02,6.957376000000000000e+06,6.957376000000000000e+06,6.448745000000000000e+06,6.744896000000000000e+06,4.749862000000000000e+06,4.749862000000000000e+06,4.094527000000000000e+06,4.649197000000000000e+06,1.986556000000000000e+06,1.986556000000000000e+06,1.595435000000000000e+06,2.238861000000000000e+06,3.047810000000000000e+05,3.047810000000000000e+05,3.474120000000000000e+05,3.648950000000000000e+05,1.910350000000000000e+05,1.910350000000000000e+05,1.809670000000000000e+05,2.580660000000000000e+05,2.831159000000000000e+06,2.831159000000000000e+06,2.768349000000000000e+06,2.535081000000000000e+06,6.094687000000000000e+06,6.094687000000000000e+06,5.569371000000000000e+06,5.726059000000000000e+06
2.990000000000000000e+02,6.933373000000000000e+06,6.933373000000000000e+06,6.425385000000000000e+06,6.726206000000000000e+06,4.744067000000000000e+06,4.744067000000000000e+06,4.077950000000000000e+06,4.666695000000000000e+06,1.992534000000000000e+06,1.992534000000000000e+06,1.617589000000000000e+06,2.242757000000000000e+06,3.062150000000000000e+05,3.062150000000000000e+05,3.481040000000000000e+05,3.666620000000000000e+05,1.982340000000000000e+05,1.982340000000000000e+05,1.863650000000000000e+05,2.637230000000000000e+05,2.854887000000000000e+06,2.854887000000000000e+06,2.797698000000000000e+06,2.548906000000000000e+06,6.097700000000000000e+06,6.097700000000000000e+06,5.569606000000000000e+06,5.726336000000000000e+06
3.000000000000000000e+02,6.909484000000000000e+06,6.909484000000000000e+06,6.401551000000000000e+06,6.705709000000000000e+06,4.739718000000000000e+06,4.739718000000000000e+06,4.064957000000000000e+06,4.684187000000000000e+06,1.998989000000000000e+06,1.998989000000000000e+06,1.643580000000000000e+06,2.245840000000000000e+06,3.076930000000000000e+05,3.076930000000000000e+05,3.491740000000000000e+05,3.687490000000000000e+05,2.063210000000000000e+05,2.063210000000000000e+05,1.930390000000000000e+05,2.693230000000000000e+05,2.876310000000000000e+06,2.876310000000000000e+06,2.825571000000000000e+06,2.561797000000000000e+06,6.098739000000000000e+06,6.098739000000000000e+06,5.568593000000000000e+06,5.725892000000000000e+06
3.010000000000000000e+02,6.884706000000000000e+06,6.884706000000000000e+06,6.376504000000000000e+06,6.687228000000000000e+06,4.740370000000000000e+06,4.740370000000000000e+06,4.050966000000000000e+06,4.704195000000000000e+06,2.010894000000000000e+06,2.010894000000000000e+06,1.666992000000000000e+06,2.253473000000000000e+06,3.091660000000000000e+05,3.091660000000000000e+05,3.478400000000000000e+05,3.734780000000000000e+05,2.157040000000000000e+05,2.157040000000000000e+05,2.004120000000000000e+05,2.772300000000000000e+05,2.897498000000000000e+06,2.897498000000000000e+06,2.850831000000000000e+06,2.576942000000000000e+06,6.098539000000000000e+06,6.098539000000000000e+06,5.564367000000000000e+06,5.726779000000000000e+06
3.020000000000000000e+02,6.860773000000000000e+06,6.860773000000000000e+06,6.352510000000000000e+06,6.669413000000000000e+06,4.742231000000000000e+06,4.742231000000000000e+06,4.040292000000000000e+06,4.722187000000000000e+06,2.016775000000000000e+06,2.016775000000000000e+06,1.689015000000000000e+06,2.258567000000000000e+06,3.088550000000000000e+05,3.088550000000000000e+05,3.448130000000000000e+05,3.773800000000000000e+05,2.260680000000000000e+05,2.260680000000000000e+05,2.082540000000000000e+05,2.834000000000000000e+05,2.913942000000000000e+06,2.913942000000000000e+06,2.873769000000000000e+06,2.587469000000000000e+06,6.094842000000000000e+06,6.094842000000000000e+06,5.559131000000000000e+06,5.723002000000000000e+06
3.030000000000000000e+02,6.835690000000000000e+06,6.835690000000000000e+06,6.327144000000000000e+06,6.652032000000000000e+06,4.745918000000000000e+06,4.745918000000000000e+06,4.028990000000000000e+06,4.741558000000000000e+06,2.025167000000000000e+06,2.025167000000000000e+06,1.711590000000000000e+06,2.266708000000000000e+06,3.100130000000000000e+05,3.100130000000000000e+05,3.429910000000000000e+05,3.818710000000000000e+05,2.379840000000000000e+05,2.379840000000000000e+05,2.194620000000000000e+05,2.908660000000000000e+05,2.932179000000000000e+06,2.932179000000000000e+06,2.895722000000000000e+06,2.600190000000000000e+06,6.091043000000000000e+06,6.091043000000000000e+06,5.552938000000000000e+06,5.720062000000000000e+06
3.040000000000000000e+02,6.811718000000000000e+06,6.811718000000000000e+06,6.301771000000000000e+06,6.633924000000000000e+06,4.754352000000000000e+06,4.754352000000000000e+06,4.024016000000000000e+06,4.762227000000000000e+06,2.036633000000000000e+06,2.036633000000000000e+06,1.736795000000000000e+06,2.276372000000000000e+06,3.105490000000000000e+05,3.105490000000000000e+05,3.416940000000000000e+05,3.886120000000000000e+05,2.496540000000000000e+05,2.496540000000000000e+05,2.316650000000000000e+05,2.984020000000000000e+05,2.944817000000000000e+06,2.944817000000000000e+06,2.913935000000000000e+06,2.609536000000000000e+06,6.083873000000000000e+06,6.083873000000000000e+06,5.543264000000000000e+06,5.713051000000000000e+06
3.050000000000000000e+02,6.788280000000000000e+06,6.788280000000000000e+06,6.275841000000000000e+06,6.616675000000000000e+06,4.763171000000000000e+06,4.763171000000000000e+06,4.016741000000000000e+06,4.784481000000000000e+06,2.047269000000000000e+06,2.047269000000000000e+06,1.756428000000000000e+06,2.287107000000000000e+06,3.114710000000000000e+05,3.114710000000000000e+05,3.382250000000000000e+05,3.950860000000000000e+05,2.612260000000000000e+05,2.612260000000000000e+05,2.442180000000000000e+05,3.053060000000000000e+05,2.954848000000000000e+06,2.954848000000000000e+06,2.929284000000000000e+06,2.617539000000000000e+06,6.074754000000000000e+06,6.074754000000000000e+06,5.531117000000000000e+06,5.705679000000000000e+06
3.060000000000000000e+02,6.765152000000000000e+06,6.765152000000000000e+06,6.249346000000000000e+06,6.600433000000000000e+06,4.769241000000000000e+06,4.769241000000000000e+06,4.006318000000000000e+06,4.802164000000000000e+06,2.051364000000000000e+06,2.051364000000000000e+06,1.770350000000000000e+06,2.292572000000000000e+06,3.081480000000000000e+05,3.081480000000000000e+05,3.313850000000000000e+05,3.989890000000000000e+05,2.736660000000000000e+05,2.736660000000000000e+05,2.572300000000000000e+05,3.134920000000000000e+05,2.964900000000000000e+06,2.964900000000000000e+06,2.942605000000000000e+06,2.625820000000000000e+06,6.065325000000000000e+06,6.065325000000000000e+06,5.517633000000000000e+06,5.698792000000000000e+06
3.070000000000000000e+02,6.742052000000000000e+06,6.742052000000000000e+06,6.223292000000000000e+06,6.583128000000000000e+06,4.773683000000000000e+06,4.773683000000000000e+06,3.996867000000000000e+06,4.819476000000000000e+06,2.052944000000000000e+06,2.052944000000000000e+06,1.782254000000000000e+06,2.294691000000000000e+06,3.043030000000000000e+05,3.043030000000000000e+05,3.238480000000000000e+05,3.999820000000000000e+05,2.867050000000000000e+05,2.867050000000000000e+05,2.727070000000000000e+05,3.211710000000000000e+05,2.974662000000000000e+06,2.974662000000000000e+06,2.956975000000000000e+06,2.633873000000000000e+06,6.054284000000000000e+06,6.054284000000000000e+06,5.504499000000000000e+06,5.690097000000000000e+06
3.080000000000000000e+02,6.719020000000000000e+06,6.719020000000000000e+06,6.198271000000000000e+06,6.564579000000000000e+06,4.774378000000000000e+06,4.774378000000000000e+06,3.987565000000000000e+06,4.830813000000000000e+06,2.049958000000000000e+06,2.049958000000000000e+06,1.791142000000000000e+06,2.292181000000000000e+06,2.964480000000000000e+05,2.964480000000000000e+05,3.159280000000000000e+05,4.000020000000000000e+05,2.991820000000000000e+05,2.991820000000000000e+05,2.888730000000000000e+05,3.272040000000000000e+05,2.979320000000000000e+06,2.979320000000000000e+06,2.966024000000000000e+06,2.635820000000000000e+06,6.041081000000000000e+06,6.041081000000000000e+06,5.487940000000000000e+06,5.679097000000000000e+06
3.090000000000000000e+02,6.696343000000000000e+06,6.696343000000000000e+06,6.172107000000000000e+06,6.547062000000000000e+06,4.776786000000000000e+06,4.776786000000000000e+06,3.978657000000000000e+06,4.843609000000000000e+06,2.048293000000000000e+06,2.048293000000000000e+06,1.800243000000000000e+06,2.290582000000000000e+06,2.894970000000000000e+05,2.894970000000000000e+05,3.072110000000000000e+05,3.996820000000000000e+05,3.111860000000000000e+05,3.111860000000000000e+05,3.055450000000000000e+05,3.339970000000000000e+05,2.982978000000000000e+06,2.982978000000000000e+06,2.972688000000000000e+06,2.641424000000000000e+06,6.026899000000000000e+06,6.026899000000000000e+06,5.470539000000000000e+06,5.669246000000000000e+06
3.100000000000000000e+02,6.673489000000000000e+06,6.673489000000000000e+06,6.145999000000000000e+06,6.529456000000000000e+06,4.780572000000000000e+06,4.780572000000000000e+06,3.975046000000000000e+06,4.858332000000000000e+06,2.052198000000000000e+06,2.052198000000000000e+06,1.813355000000000000e+06,2.293998000000000000e+06,2.853550000000000000e+05,2.853550000000000000e+05,3.021500000000000000e+05,4.030030000000000000e+05,3.245810000000000000e+05,3.245810000000000000e+05,3.250700000000000000e+05,3.416950000000000000e+05,2.984968000000000000e+06,2.984968000000000000e+06,2.979569000000000000e+06,2.645831000000000000e+06,6.012899000000000000e+06,6.012899000000000000e+06,5.453780000000000000e+06,5.658344000000000000e+06
3.110000000000000000e+02,6.651028000000000000e+06,6.651028000000000000e+06,6.119794000000000000e+06,6.511664000000000000e+06,4.782504000000000000e+06,4.782504000000000000e+06,3.968561000000000000e+06,4.870694000000000000e+06,2.052753000000000000e+06,2.052753000000000000e+06,1.821363000000000000e+06,2.293742000000000000e+06,2.792940000000000000e+05,2.792940000000000000e+05,2.934350000000000000e+05,4.030110000000000000e+05,3.381020000000000000e+05,3.381020000000000000e+05,3.464980000000000000e+05,3.508450000000000000e+05,2.986099000000000000e+06,2.986099000000000000e+06,2.984086000000000000e+06,2.651412000000000000e+06,5.997292000000000000e+06,5.997292000000000000e+06,5.435083000000000000e+06,5.647183000000000000e+06
3.120000000000000000e+02,6.628576000000000000e+06,6.628576000000000000e+06,6.093747000000000000e+06,6.494228000000000000e+06,4.784579000000000000e+06,4.784579000000000000e+06,3.961596000000000000e+06,4.883928000000000000e+06,2.053780000000000000e+06,2.053780000000000000e+06,1.828870000000000000e+06,2.294592000000000000e+06,2.729760000000000000e+05,2.729760000000000000e+05,2.836920000000000000e+05,4.043150000000000000e+05,3.522960000000000000e+05,3.522960000000000000e+05,3.698870000000000000e+05,3.582350000000000000e+05,2.986808000000000000e+06,2.986808000000000000e+06,2.988173000000000000e+06,2.656412000000000000e+06,5.981322000000000000e+06,5.981322000000000000e+06,5.415832000000000000e+06,5.635518000000000000e+06
3.130000000000000000e+02,6.606696000000000000e+06,6.606696000000000000e+06,6.067892000000000000e+06,6.476722000000000000e+06,4.786337000000000000e+06,4.786337000000000000e+06,3.954351000000000000e+06,4.894122000000000000e+06,2.053799000000000000e+06,2.053799000000000000e+06,1.833698000000000000e+06,2.291604000000000000e+06,2.663540000000000000e+05,2.663540000000000000e+05,2.748860000000000000e+05,4.042190000000000000e+05,3.667590000000000000e+05,3.667590000000000000e+05,3.925310000000000000e+05,3.679650000000000000e+05,2.988955000000000000e+06,2.988955000000000000e+06,2.989567000000000000e+06,2.663652000000000000e+06,5.964437000000000000e+06,5.964437000000000000e+06,5.395981000000000000e+06,5.624727000000000000e+06
3.140000000000000000e+02,6.585328000000000000e+06,6.585328000000000000e+06,6.041386000000000000e+06,6.459588000000000000e+06,4.790936000000000000e+06,4.790936000000000000e+06,3.947611000000000000e+06,4.906298000000000000e+06,2.058236000000000000e+06,2.058236000000000000e+06,1.839690000000000000e+06,2.291663000000000000e+06,2.608530000000000000e+05,2.608530000000000000e+05,2.667610000000000000e+05,4.049320000000000000e+05,3.798300000000000000e+05,3.798300000000000000e+05,4.150200000000000000e+05,3.747280000000000000e+05,2.983043000000000000e+06,2.983043000000000000e+06,2.986141000000000000e+06,2.663596000000000000e+06,5.944261000000000000e+06,5.944261000000000000e+06,5.372722000000000000e+06,5.608614000000000000e+06
3.150000000000000000e+02,6.563905000000000000e+06,6.563905000000000000e+06,6.015108000000000000e+06,6.443072000000000000e+06,4.792775000000000000e+06,4.792775000000000000e+06,3.940077000000000000e+06,4.914468000000000000e+06,2.060152000000000000e+06,2.060152000000000000e+06,1.843826000000000000e+06,2.288110000000000000e+06,2.553670000000000000e+05,2.553670000000000000e+05,2.587390000000000000e+05,4.042450000000000000e+05,3.947770000000000000e+05,3.947770000000000000e+05,4.394270000000000000e+05,3.831140000000000000e+05,2.981914000000000000e+06,2.981914000000000000e+06,2.986105000000000000e+06,2.666987000000000000e+06,5.924399000000000000e+06,5.924399000000000000e+06,5.350476000000000000e+06,5.594092000000000000e+06
3.160000000000000000e+02,6.542557000000000000e+06,6.542557000000000000e+06,5.987483000000000000e+06,6.427525000000000000e+06,4.794174000000000000e+06,4.794174000000000000e+06,3.931639000000000000e+06,4.921402000000000000e+06,2.061862000000000000e+06,2.061862000000000000e+06,1.845013000000000000e+06,2.284053000000000000e+06,2.509320000000000000e+05,2.509320000000000000e+05,2.507460000000000000e+05,4.040700000000000000e+05,4.074030000000000000e+05,4.074030000000000000e+05,4.592160000000000000e+05,3.890830000000000000e+05,2.972275000000000000e+06,2.972275000000000000e+06,2.976716000000000000e+06,2.666779000000000000e+06,5.899042000000000000e+06,5.899042000000000000e+06,5.322961000000000000e+06,5.576826000000000000e+06
3.170000000000000000e+02,6.521788000000000000e+06,6.521788000000000000e+06,5.961317000000000000e+06,6.412461000000000000e+06,4.798733000000000000e+06,4.798733000000000000e+06,3.925353000000000000e+06,4.930406000000000000e+06,2.067179000000000000e+06,2.067179000000000000e+06,1.849688000000000000e+06,2.282941000000000000e+06,2.482820000000000000e+05,2.482820000000000000e+05,2.461670000000000000e+05,4.039130000000000000e+05,4.228060000000000000e+05,4.228060000000000000e+05,4.781910000000000000e+05,3.941040000000000000e+05,2.959810000000000000e+06,2.959810000000000000e+06,2.967398000000000000e+06,2.663937000000000000e+06,5.873003000000000000e+06,5.873003000000000000e+06,5.295871000000000000e+06,5.557540000000000000e+06
3.180000000000000000e+02,6.500861000000000000e+06,6.500861000000000000e+06,5.934402000000000000e+06,6.398064000000000000e+06,4.799775000000000000e+06,4.799775000000000000e+06,3.916564000000000000e+06,4.935412000000000000e+06,2.067088000000000000e+06,2.067088000000000000e+06,1.850719000000000000e+06,2.278856000000000000e+06,2.449210000000000000e+05,2.449210000000000000e+05,2.429990000000000000e+05,4.035830000000000000e+05,4.409070000000000000e+05,4.409070000000000000e+05,4.980340000000000000e+05,4.032860000000000000e+05,2.952915000000000000e+06,2.952915000000000000e+06,2.960409000000000000e+06,2.667042000000000000e+06,5.848876000000000000e+06,5.848876000000000000e+06,5.269204000000000000e+06,5.540540000000000000e+06
3.190000000000000000e+02,6.479783000000000000e+06,6.479783000000000000e+06,5.907259000000000000e+06,6.383297000000000000e+06,4.801360000000000000e+06,4.801360000000000000e+06,3.907197000000000000e+06,4.941420000000000000e+06,2.069414000000000000e+06,2.069414000000000000e+06,1.849467000000000000e+06,2.278528000000000000e+06,2.429500000000000000e+05,2.429500000000000000e+05,2.400730000000000000e+05,4.042750000000000000e+05,4.557600000000000000e+05,4.557600000000000000e+05,5.167190000000000000e+05,4.100890000000000000e+05,2.940545000000000000e+06,2.940545000000000000e+06,2.949739000000000000e+06,2.663552000000000000e+06,5.820518000000000000e+06,5.820518000000000000e+06,5.240021000000000000e+06,5.520577000000000000e+06
3.200000000000000000e+02,6.459826000000000000e+06,6.459826000000000000e+06,5.880414000000000000e+06,6.370328000000000000e+06,4.802205000000000000e+06,4.802205000000000000e+06,3.899851000000000000e+06,4.948085000000000000e+06,2.071156000000000000e+06,2.071156000000000000e+06,1.848725000000000000e+06,2.276845000000000000e+06,2.407310000000000000e+05,2.407310000000000000e+05,2.368860000000000000e+05,4.042130000000000000e+05,4.692110000000000000e+05,4.692110000000000000e+05,5.333620000000000000e+05,4.168170000000000000e+05,2.926377000000000000e+06,2.926377000000000000e+06,2.938227000000000000e+06,2.658776000000000000e+06,5.790785000000000000e+06,5.790785000000000000e+06,5.209948000000000000e+06,5.497872000000000000e+06
3.210000000000000000e+02,6.440220000000000000e+06,6.440220000000000000e+06,5.853211000000000000e+06,6.357064000000000000e+06,4.801645000000000000e+06,4.801645000000000000e+06,3.893488000000000000e+06,4.949743000000000000e+06,2.069251000000000000e+06,2.069251000000000000e+06,1.846072000000000000e+06,2.271255000000000000e+06,2.381400000000000000e+05,2.381400000000000000e+05,2.360550000000000000e+05,4.024650000000000000e+05,4.801260000000000000e+05,4.801260000000000000e+05,5.472020000000000000e+05,4.210170000000000000e+05,2.908286000000000000e+06,2.908286000000000000e+06,2.921289000000000000e+06,2.649929000000000000e+06,5.757307000000000000e+06,5.757307000000000000e+06,5.176657000000000000e+06,5.473936000000000000e+06
3.220000000000000000e+02,6.420813000000000000e+06,6.420813000000000000e+06,5.826664000000000000e+06,6.344378000000000000e+06,4.798683000000000000e+06,4.798683000000000000e+06,3.886226000000000000e+06,4.950807000000000000e+06,2.064157000000000000e+06,2.064157000000000000e+06,1.840007000000000000e+06,2.264017000000000000e+06,2.341590000000000000e+05,2.341590000000000000e+05,2.330870000000000000e+05,3.991270000000000000e+05,4.894810000000000000e+05,4.894810000000000000e+05,5.598150000000000000e+05,4.264080000000000000e+05,2.890444000000000000e+06,2.890444000000000000e+06,2.903590000000000000e+06,2.643977000000000000e+06,5.723185000000000000e+06,5.723185000000000000e+06,5.142889000000000000e+06,5.450991000000000000e+06
3.230000000000000000e+02,6.402226000000000000e+06,6.402226000000000000e+06,5.800150000000000000e+06,6.332680000000000000e+06,4.796027000000000000e+06,4.796027000000000000e+06,3.880220000000000000e+06,4.951900000000000000e+06,2.060368000000000000e+06,2.060368000000000000e+06,1.835423000000000000e+06,2.257882000000000000e+06,2.328340000000000000e+05,2.328340000000000000e+05,2.321120000000000000e+05,3.959000000000000000e+05,4.992350000000000000e+05,4.992350000000000000e+05,5.719040000000000000e+05,4.328970000000000000e+05,2.876663000000000000e+06,2.876663000000000000e+06,2.884510000000000000e+06,2.642582000000000000e+06,5.689438000000000000e+06,5.689438000000000000e+06,5.107351000000000000e+06,5.429835000000000000e+06
3.240000000000000000e+02,6.384293000000000000e+06,6.384293000000000000e+06,5.773692000000000000e+06,6.320845000000000000e+06,4.794154000000000000e+06,4.794154000000000000e+06,3.873330000000000000e+06,4.953310000000000000e+06,2.056160000000000000e+06,2.056160000000000000e+06,1.830399000000000000e+06,2.251571000000000000e+06,2.318750000000000000e+05,2.318750000000000000e+05,2.304540000000000000e+05,3.951810000000000000e+05,5.078830000000000000e+05,5.078830000000000000e+05,5.832240000000000000e+05,4.381810000000000000e+05,2.861230000000000000e+06,2.861230000000000000e+06,2.864204000000000000e+06,2.641007000000000000e+06,5.655039000000000000e+06,5.655039000000000000e+06,5.071723000000000000e+06,5.407468000000000000e+06
3.250000000000000000e+02,6.366316000000000000e+06,6.366316000000000000e+06,5.748270000000000000e+06,6.309725000000000000e+06,4.793044000000000000e+06,4.793044000000000000e+06,3.868516000000000000e+06,4.955885000000000000e+06,2.054806000000000000e+06,2.054806000000000000e+06,1.827145000000000000e+06,2.250686000000000000e+06,2.322350000000000000e+05,2.322350000000000000e+05,2.307720000000000000e+05,3.961550000000000000e+05,5.163060000000000000e+05,5.163060000000000000e+05,5.937690000000000000e+05,4.443230000000000000e+05,2.847647000000000000e+06,2.847647000000000000e+06,2.841586000000000000e+06,2.641707000000000000e+06,5.619613000000000000e+06,5.619613000000000000e+06,5.034916000000000000e+06,5.386202000000000000e+06
3.260000000000000000e+02,6.349562000000000000e+06,6.349562000000000000e+06,5.722998000000000000e+06,6.298753000000000000e+06,4.791711000000000000e+06,4.791711000000000000e+06,3.863354000000000000e+06,4.957682000000000000e+06,2.052189000000000000e+06,2.052189000000000000e+06,1.822906000000000000e+06,2.247303000000000000e+06,2.329530000000000000e+05,2.329530000000000000e+05,2.311360000000000000e+05,3.959770000000000000e+05,5.212390000000000000e+05,5.212390000000000000e+05,6.009600000000000000e+05,4.478890000000000000e+05,2.831946000000000000e+06,2.831946000000000000e+06,2.815029000000000000e+06,2.640931000000000000e+06,5.581214000000000000e+06,5.581214000000000000e+06,4.994940000000000000e+06,5.362412000000000000e+06
3.270000000000000000e+02,6.332749000000000000e+06,6.332749000000000000e+06,5.698677000000000000e+06,6.289087000000000000e+06,4.790057000000000000e+06,4.790057000000000000e+06,3.857146000000000000e+06,4.961588000000000000e+06,2.050757000000000000e+06,2.050757000000000000e+06,1.817689000000000000e+06,2.246367000000000000e+06,2.340220000000000000e+05,2.340220000000000000e+05,2.320430000000000000e+05,3.975180000000000000e+05,5.221480000000000000e+05,5.221480000000000000e+05,6.048290000000000000e+05,4.474240000000000000e+05,2.810070000000000000e+06,2.810070000000000000e+06,2.782362000000000000e+06,2.632863000000000000e+06,5.539054000000000000e+06,5.539054000000000000e+06,4.951918000000000000e+06,5.336379000000000000e+06
3.280000000000000000e+02,6.316383000000000000e+06,6.316383000000000000e+06,5.676569000000000000e+06,6.279611000000000000e+06,4.787039000000000000e+06,4.787039000000000000e+06,3.849745000000000000e+06,4.961923000000000000e+06,2.047849000000000000e+06,2.047849000000000000e+06,1.811207000000000000e+06,2.244409000000000000e+06,2.360180000000000000e+05,2.360180000000000000e+05,2.326010000000000000e+05,3.978870000000000000e+05,5.219530000000000000e+05,5.219530000000000000e+05,6.079670000000000000e+05,4.456240000000000000e+05,2.786793000000000000e+06,2.786793000000000000e+06,2.748932000000000000e+06,2.622467000000000000e+06,5.494997000000000000e+06,5.494997000000000000e+06,4.909664000000000000e+06,5.309784000000000000e+06
3.290000000000000000e+02,6.301420000000000000e+06,6.301420000000000000e+06,5.653899000000000000e+06,6.270974000000000000e+06,4.784328000000000000e+06,4.784328000000000000e+06,3.842401000000000000e+06,4.962378000000000000e+06,2.044686000000000000e+06,2.044686000000000000e+06,1.804086000000000000e+06,2.240981000000000000e+06,2.385290000000000000e+05,2.385290000000000000e+05,2.340270000000000000e+05,3.987000000000000000e+05,5.234800000000000000e+05,5.234800000000000000e+05,6.097690000000000000e+05,4.452090000000000000e+05,2.765776000000000000e+06,2.765776000000000000e+06,2.716002000000000000e+06,2.613261000000000000e+06,5.452144000000000000e+06,5.452144000000000000e+06,4.867950000000000000e+06,5.283679000000000000e+06
3.300000000000000000e+02,6.287172000000000000e+06,6.287172000000000000e+06,5.633858000000000000e+06,6.263809000000000000e+06,4.779760000000000000e+06,4.779760000000000000e+06,3.834499000000000000e+06,4.962239000000000000e+06,2.039203000000000000e+06,2.039203000000000000e+06,1.796758000000000000e+06,2.239102000000000000e+06,2.405410000000000000e+05,2.405410000000000000e+05,2.354220000000000000e+05,4.006740000000000000e+05,5.245590000000000000e+05,5.245590000000000000e+05,6.108010000000000000e+05,4.432720000000000000e+05,2.744647000000000000e+06,2.744647000000000000e+06,2.683167000000000000e+06,2.604871000000000000e+06,5.409539000000000000e+06,5.409539000000000000e+06,4.825819000000000000e+06,5.259969000000000000e+06
3.310000000000000000e+02,6.272879000000000000e+06,6.272879000000000000e+06,5.614380000000000000e+06,6.258375000000000000e+06,4.777651000000000000e+06,4.777651000000000000e+06,3.826862000000000000e+06,4.964441000000000000e+06,2.037826000000000000e+06,2.037826000000000000e+06,1.791139000000000000e+06,2.243034000000000000e+06,2.433140000000000000e+05,2.433140000000000000e+05,2.363360000000000000e+05,4.039090000000000000e+05,5.249580000000000000e+05,5.249580000000000000e+05,6.113030000000000000e+05,4.427840000000000000e+05,2.726847000000000000e+06,2.726847000000000000e+06,2.651729000000000000e+06,2.599537000000000000e+06,5.366755000000000000e+06,5.366755000000000000e+06,4.785721000000000000e+06,5.238913000000000000e+06
3.320000000000000000e+02,6.259793000000000000e+06,6.259793000000000000e+06,5.595994000000000000e+06,6.254294000000000000e+06,4.770786000000000000e+06,4.770786000000000000e+06,3.816249000000000000e+06,4.964159000000000000e+06,2.031265000000000000e+06,2.031265000000000000e+06,1.779403000000000000e+06,2.241495000000000000e+06,2.442860000000000000e+05,2.442860000000000000e+05,2.362340000000000000e+05,4.044000000000000000e+05,5.232370000000000000e+05,5.232370000000000000e+05,6.085990000000000000e+05,4.381540000000000000e+05,2.701523000000000000e+06,2.701523000000000000e+06,2.614723000000000000e+06,2.587726000000000000e+06,5.321849000000000000e+06,5.321849000000000000e+06,4.743739000000000000e+06,5.216226000000000000e+06
3.330000000000000000e+02,6.247416000000000000e+06,6.247416000000000000e+06,5.577924000000000000e+06,6.251199000000000000e+06,4.763173000000000000e+06,4.763173000000000000e+06,3.805106000000000000e+06,4.961769000000000000e+06,2.022150000000000000e+06,2.022150000000000000e+06,1.765611000000000000e+06,2.239300000000000000e+06,2.448910000000000000e+05,2.448910000000000000e+05,2.362900000000000000e+05,4.050250000000000000e+05,5.217560000000000000e+05,5.217560000000000000e+05,6.060790000000000000e+05,4.351960000000000000e+05,2.678583000000000000e+06,2.678583000000000000e+06,2.579576000000000000e+06,2.578866000000000000e+06,5.278226000000000000e+06,5.278226000000000000e+06,4.703253000000000000e+06,5.195179000000000000e+06
3.340000000000000000e+02,6.236045000000000000e+06,6.236045000000000000e+06,5.560174000000000000e+06,6.248573000000000000e+06,4.753873000000000000e+06,4.753873000000000000e+06,3.794988000000000000e+06,4.957731000000000000e+06,2.010619000000000000e+06,2.010619000000000000e+06,1.751077000000000000e+06,2.235441000000000000e+06,2.443920000000000000e+05,2.443920000000000000e+05,2.373740000000000000e+05,4.050630000000000000e+05,5.170670000000000000e+05,5.170670000000000000e+05,5.996990000000000000e+05,4.297370000000000000e+05,2.651547000000000000e+06,2.651547000000000000e+06,2.539470000000000000e+06,2.566108000000000000e+06,5.233529000000000000e+06,5.233529000000000000e+06,4.660910000000000000e+06,5.173197000000000000e+06
3.350000000000000000e+02,6.226101000000000000e+06,6.226101000000000000e+06,5.542941000000000000e+06,6.247690000000000000e+06,4.745698000000000000e+06,4.745698000000000000e+06,3.787231000000000000e+06,4.953872000000000000e+06,2.000661000000000000e+06,2.000661000000000000e+06,1.738598000000000000e+06,2.232557000000000000e+06,2.462100000000000000e+05,2.462100000000000000e+05,2.388280000000000000e+05,4.065470000000000000e+05,5.069520000000000000e+05,5.069520000000000000e+05,5.890540000000000000e+05,4.217970000000000000e+05,2.617621000000000000e+06,2.617621000000000000e+06,2.492672000000000000e+06,2.547635000000000000e+06,5.184416000000000000e+06,5.184416000000000000e+06,4.614808000000000000e+06,5.149449000000000000e+06
3.360000000000000000e+02,6.217218000000000000e+06,6.217218000000000000e+06,5.526835000000000000e+06,6.249583000000000000e+06,4.738175000000000000e+06,4.738175000000000000e+06,3.782013000000000000e+06,4.949949000000000000e+06,1.994512000000000000e+06,1.994512000000000000e+06,1.729460000000000000e+06,2.230858000000000000e+06,2.491040000000000000e+05,2.491040000000000000e+05,2.429000000000000000e+05,4.089110000000000000e+05,4.963110000000000000e+05,4.963110000000000000e+05,5.765700000000000000e+05,4.130280000000000000e+05,2.580946000000000000e+06,2.580946000000000000e+06,2.444943000000000000e+06,2.529943000000000000e+06,5.135731000000000000e+06,5.135731000000000000e+06,4.571321000000000000e+06,5.125950000000000000e+06
3.370000000000000000e+02,6.208855000000000000e+06,6.208855000000000000e+06,5.510766000000000000e+06,6.251777000000000000e+06,4.732033000000000000e+06,4.732033000000000000e+06,3.778541000000000000e+06,4.947546000000000000e+06,1.990349000000000000e+06,1.990349000000000000e+06,1.722157000000000000e+06,2.232304000000000000e+06,2.542120000000000000e+05,2.542120000000000000e+05,2.466620000000000000e+05,4.126920000000000000e+05,4.827540000000000000e+05,4.827540000000000000e+05,5.617070000000000000e+05,4.034350000000000000e+05,2.545721000000000000e+06,2.545721000000000000e+06,2.396487000000000000e+06,2.512680000000000000e+06,5.087699000000000000e+06,5.087699000000000000e+06,4.527662000000000000e+06,5.105719000000000000e+06
3.380000000000000000e+02,6.201085000000000000e+06,6.201085000000000000e+06,5.494898000000000000e+06,6.254936000000000000e+06,4.724745000000000000e+06,4.724745000000000000e+06,3.774282000000000000e+06,4.945220000000000000e+06,1.984917000000000000e+06,1.984917000000000000e+06,1.713507000000000000e+06,2.234874000000000000e+06,2.578090000000000000e+05,2.578090000000000000e+05,2.504860000000000000e+05,4.155220000000000000e+05,4.663180000000000000e+05,4.663180000000000000e+05,5.437730000000000000e+05,3.907450000000000000e+05,2.505956000000000000e+06,2.505956000000000000e+06,2.342936000000000000e+06,2.490332000000000000e+06,5.040155000000000000e+06,5.040155000000000000e+06,4.482864000000000000e+06,5.083591000000000000e+06
3.390000000000000000e+02,6.193408000000000000e+06,6.193408000000000000e+06,5.480287000000000000e+06,6.259966000000000000e+06,4.716672000000000000e+06,4.716672000000000000e+06,3.772131000000000000e+06,4.939961000000000000e+06,1.976901000000000000e+06,1.976901000000000000e+06,1.702776000000000000e+06,2.233704000000000000e+06,2.617760000000000000e+05,2.617760000000000000e+05,2.535330000000000000e+05,4.174200000000000000e+05,4.474030000000000000e+05,4.474030000000000000e+05,5.225540000000000000e+05,3.775100000000000000e+05,2.462898000000000000e+06,2.462898000000000000e+06,2.286061000000000000e+06,2.468404000000000000e+06,4.991721000000000000e+06,4.991721000000000000e+06,4.436726000000000000e+06,5.063036000000000000e+06
3.400000000000000000e+02,6.186522000000000000e+06,6.186522000000000000e+06,5.464851000000000000e+06,6.266271000000000000e+06,4.709158000000000000e+06,4.709158000000000000e+06,3.768650000000000000e+06,4.934560000000000000e+06,1.971638000000000000e+06,1.971638000000000000e+06,1.693112000000000000e+06,2.233906000000000000e+06,2.665700000000000000e+05,2.665700000000000000e+05,2.568360000000000000e+05,4.197140000000000000e+05,4.326440000000000000e+05,4.326440000000000000e+05,5.062330000000000000e+05,3.664060000000000000e+05,2.430407000000000000e+06,2.430407000000000000e+06,2.239352000000000000e+06,2.452497000000000000e+06,4.952665000000000000e+06,4.952665000000000000e+06,4.398994000000000000e+06,5.046662000000000000e+06
3.410000000000000000e+02,6.179689000000000000e+06,6.179689000000000000e+06,5.450700000000000000e+06,6.273776000000000000e+06,4.699846000000000000e+06,4.699846000000000000e+06,3.767077000000000000e+06,4.929606000000000000e+06,1.964053000000000000e+06,1.964053000000000000e+06,1.680790000000000000e+06,2.233278000000000000e+06,2.698250000000000000e+05,2.698250000000000000e+05,2.593720000000000000e+05,4.209990000000000000e+05,4.147710000000000000e+05,4.147710000000000000e+05,4.842940000000000000e+05,3.534790000000000000e+05,2.392281000000000000e+06,2.392281000000000000e+06,2.185960000000000000e+06,2.433330000000000000e+06,4.914882000000000000e+06,4.914882000000000000e+06,4.357273000000000000e+06,5.030193000000000000e+06
3.420000000000000000e+02,6.173278000000000000e+06,6.173278000000000000e+06,5.436563000000000000e+06,6.282630000000000000e+06,4.691321000000000000e+06,4.691321000000000000e+06,3.768298000000000000e+06,4.923865000000000000e+06,1.957538000000000000e+06,1.957538000000000000e+06,1.671802000000000000e+06,2.232350000000000000e+06,2.738800000000000000e+05,2.738800000000000000e+05,2.615930000000000000e+05,4.215600000000000000e+05,3.986730000000000000e+05,3.986730000000000000e+05,4.657930000000000000e+05,3.414890000000000000e+05,2.360284000000000000e+06,2.360284000000000000e+06,2.140374000000000000e+06,2.418009000000000000e+06,4.884396000000000000e+06,4.884396000000000000e+06,4.320981000000000000e+06,5.015771000000000000e+06
3.430000000000000000e+02,6.166758000000000000e+06,6.166758000000000000e+06,5.422093000000000000e+06,6.291171000000000000e+06,4.682465000000000000e+06,4.682465000000000000e+06,3.771651000000000000e+06,4.916526000000000000e+06,1.950872000000000000e+06,1.950872000000000000e+06,1.662843000000000000e+06,2.228758000000000000e+06,2.766850000000000000e+05,2.766850000000000000e+05,2.640130000000000000e+05,4.207630000000000000e+05,3.821110000000000000e+05,3.821110000000000000e+05,4.460290000000000000e+05,3.293370000000000000e+05,2.327920000000000000e+06,2.327920000000000000e+06,2.092975000000000000e+06,2.403082000000000000e+06,4.854470000000000000e+06,4.854470000000000000e+06,4.284154000000000000e+06,5.001401000000000000e+06
3.440000000000000000e+02,6.161242000000000000e+06,6.161242000000000000e+06,5.408242000000000000e+06,6.300776000000000000e+06,4.675742000000000000e+06,4.675742000000000000e+06,3.778396000000000000e+06,4.913659000000000000e+06,1.946829000000000000e+06,1.946829000000000000e+06,1.656015000000000000e+06,2.229936000000000000e+06,2.816310000000000000e+05,2.816310000000000000e+05,2.674750000000000000e+05,4.214340000000000000e+05,3.680290000000000000e+05,3.680290000000000000e+05,4.298800000000000000e+05,3.185940000000000000e+05,2.302462000000000000e+06,2.302462000000000000e+06,2.054745000000000000e+06,2.392133000000000000e+06,4.830561000000000000e+06,4.830561000000000000e+06,4.254683000000000000e+06,4.992298000000000000e+06
3.450000000000000000e+02,6.156096000000000000e+06,6.156096000000000000e+06,5.394585000000000000e+06,6.309847000000000000e+06,4.672586000000000000e+06,4.672586000000000000e+06,3.786138000000000000e+06,4.912306000000000000e+06,1.947068000000000000e+06,1.947068000000000000e+06,1.650955000000000000e+06,2.235432000000000000e+06,2.885040000000000000e+05,2.885040000000000000e+05,2.725960000000000000e+05,4.246230000000000000e+05,3.547560000000000000e+05,3.547560000000000000e+05,4.145620000000000000e+05,3.098780000000000000e+05,2.281780000000000000e+06,2.281780000000000000e+06,2.020441000000000000e+06,2.386418000000000000e+06,4.810353000000000000e+06,4.810353000000000000e+06,4.227853000000000000e+06,4.985825000000000000e+06
3.460000000000000000e+02,6.151606000000000000e+06,6.151606000000000000e+06,5.380576000000000000e+06,6.318043000000000000e+06,4.671809000000000000e+06,4.671809000000000000e+06,3.795192000000000000e+06,4.913461000000000000e+06,1.951345000000000000e+06,1.951345000000000000e+06,1.648963000000000000e+06,2.245558000000000000e+06,2.965590000000000000e+05,2.965590000000000000e+05,2.789760000000000000e+05,4.284040000000000000e+05,3.383620000000000000e+05,3.383620000000000000e+05,3.946290000000000000e+05,2.995850000000000000e+05,2.254326000000000000e+06,2.254326000000000000e+06,1.978588000000000000e+06,2.375231000000000000e+06,4.786614000000000000e+06,4.786614000000000000e+06,4.197233000000000000e+06,4.979668000000000000e+06
3.470000000000000000e+02,6.148854000000000000e+06,6.148854000000000000e+06,5.367558000000000000e+06,6.325905000000000000e+06,4.672008000000000000e+06,4.672008000000000000e+06,3.806618000000000000e+06,4.914880000000000000e+06,1.955294000000000000e+06,1.955294000000000000e+06,1.649369000000000000e+06,2.254153000000000000e+06,3.010830000000000000e+05,3.010830000000000000e+05,2.847360000000000000e+05,4.310210000000000000e+05,3.229610000000000000e+05,3.229610000000000000e+05,3.759020000000000000e+05,2.885090000000000000e+05,2.228650000000000000e+06,2.228650000000000000e+06,1.940866000000000000e+06,2.364014000000000000e+06,4.766786000000000000e+06,4.766786000000000000e+06,4.169787000000000000e+06,4.974944000000000000e+06
3.480000000000000000e+02,6.147764000000000000e+06,6.147764000000000000e+06,5.355497000000000000e+06,6.333834000000000000e+06,4.677380000000000000e+06,4.677380000000000000e+06,3.822571000000000000e+06,4.921413000000000000e+06,1.966213000000000000e+06,1.966213000000000000e+06,1.654632000000000000e+06,2.270356000000000000e+06,3.095250000000000000e+05,3.095250000000000000e+05,2.924340000000000000e+05,4.362010000000000000e+05,3.061830000000000000e+05,3.061830000000000000e+05,3.553950000000000000e+05,2.790890000000000000e+05,2.201294000000000000e+06,2.201294000000000000e+06,1.897953000000000000e+06,2.353141000000000000e+06,4.746330000000000000e+06,4.746330000000000000e+06,4.138780000000000000e+06,4.971776000000000000e+06
3.490000000000000000e+02,6.146473000000000000e+06,6.146473000000000000e+06,5.344689000000000000e+06,6.341442000000000000e+06,4.683425000000000000e+06,4.683425000000000000e+06,3.838722000000000000e+06,4.930425000000000000e+06,1.979066000000000000e+06,1.979066000000000000e+06,1.661380000000000000e+06,2.289455000000000000e+06,3.175580000000000000e+05,3.175580000000000000e+05,2.988350000000000000e+05,4.415290000000000000e+05,2.836020000000000000e+05,2.836020000000000000e+05,3.281790000000000000e+05,2.643600000000000000e+05,2.167039000000000000e+06,2.167039000000000000e+06,1.848674000000000000e+06,2.336726000000000000e+06,4.722004000000000000e+06,4.722004000000000000e+06,4.104315000000000000e+06,4.965576000000000000e+06
3.500000000000000000e+02,6.146475000000000000e+06,6.146475000000000000e+06,5.335889000000000000e+06,6.348668000000000000e+06,4.688669000000000000e+06,4.688669000000000000e+06,3.853156000000000000e+06,4.938025000000000000e+06,1.988593000000000000e+06,1.988593000000000000e+06,1.666558000000000000e+06,2.307350000000000000e+06,3.242510000000000000e+05,3.242510000000000000e+05,3.053990000000000000e+05,4.463020000000000000e+05,2.690980000000000000e+05,2.690980000000000000e+05,3.108550000000000000e+05,2.558820000000000000e+05,2.148031000000000000e+06,2.148031000000000000e+06,1.816822000000000000e+06,2.330887000000000000e+06,4.709585000000000000e+06,4.709585000000000000e+06,4.081913000000000000e+06,4.963982000000000000e+06
3.510000000000000000e+02,6.146210000000000000e+06,6.146210000000000000e+06,5.329136000000000000e+06,6.355373000000000000e+06,4.696271000000000000e+06,4.696271000000000000e+06,3.868302000000000000e+06,4.946561000000000000e+06,1.999757000000000000e+06,1.999757000000000000e+06,1.674091000000000000e+06,2.324411000000000000e+06,3.314990000000000000e+05,3.314990000000000000e+05,3.124710000000000000e+05,4.507160000000000000e+05,2.509300000000000000e+05,2.509300000000000000e+05,2.881920000000000000e+05,2.457940000000000000e+05,2.120817000000000000e+06,2.120817000000000000e+06,1.775059000000000000e+06,2.319460000000000000e+06,4.693130000000000000e+06,4.693130000000000000e+06,4.054947000000000000e+06,4.960606000000000000e+06
3.520000000000000000e+02,6.146148000000000000e+06,6.146148000000000000e+06,5.324559000000000000e+06,6.362367000000000000e+06,4.704593000000000000e+06,4.704593000000000000e+06,3.886401000000000000e+06,4.954305000000000000e+06,2.013661000000000000e+06,2.013661000000000000e+06,1.685719000000000000e+06,2.343353000000000000e+06,3.387550000000000000e+05,3.387550000000000000e+05,3.220030000000000000e+05,4.555530000000000000e+05,2.361170000000000000e+05,2.361170000000000000e+05,2.708430000000000000e+05,2.386080000000000000e+05,2.101661000000000000e+06,2.101661000000000000e+06,1.743992000000000000e+06,2.313451000000000000e+06,4.683066000000000000e+06,4.683066000000000000e+06,4.034916000000000000e+06,4.959809000000000000e+06
3.530000000000000000e+02,6.146004000000000000e+06,6.146004000000000000e+06,5.319858000000000000e+06,6.369447000000000000e+06,4.714760000000000000e+06,4.714760000000000000e+06,3.907208000000000000e+06,4.964723000000000000e+06,2.028073000000000000e+06,2.028073000000000000e+06,1.703057000000000000e+06,2.363182000000000000e+06,3.458200000000000000e+05,3.458200000000000000e+05,3.318160000000000000e+05,4.599830000000000000e+05,2.249130000000000000e+05,2.249130000000000000e+05,2.559820000000000000e+05,2.333860000000000000e+05,2.089363000000000000e+06,2.089363000000000000e+06,1.719721000000000000e+06,2.314082000000000000e+06,4.677912000000000000e+06,4.677912000000000000e+06,4.020341000000000000e+06,4.962589000000000000e+06
3.540000000000000000e+02,6.145863000000000000e+06,6.145863000000000000e+06,5.316803000000000000e+06,6.377268000000000000e+06,4.724123000000000000e+06,4.724123000000000000e+06,3.929932000000000000e+06,4.972257000000000000e+06,2.040085000000000000e+06,2.040085000000000000e+06,1.722170000000000000e+06,2.378691000000000000e+06,3.511720000000000000e+05,3.511720000000000000e+05,3.416450000000000000e+05,4.614510000000000000e+05,2.129390000000000000e+05,2.129390000000000000e+05,2.405260000000000000e+05,2.279210000000000000e+05,2.077057000000000000e+06,2.077057000000000000e+06,1.694769000000000000e+06,2.312739000000000000e+06,4.673760000000000000e+06,4.673760000000000000e+06,4.006586000000000000e+06,4.964592000000000000e+06
3.550000000000000000e+02,6.145186000000000000e+06,6.145186000000000000e+06,5.314908000000000000e+06,6.384079000000000000e+06,4.736503000000000000e+06,4.736503000000000000e+06,3.953854000000000000e+06,4.981328000000000000e+06,2.053963000000000000e+06,2.053963000000000000e+06,1.743310000000000000e+06,2.395879000000000000e+06,3.558990000000000000e+05,3.558990000000000000e+05,3.510470000000000000e+05,4.629960000000000000e+05,2.059170000000000000e+05,2.059170000000000000e+05,2.316540000000000000e+05,2.268580000000000000e+05,2.076144000000000000e+06,2.076144000000000000e+06,1.684537000000000000e+06,2.319134000000000000e+06,4.674820000000000000e+06,4.674820000000000000e+06,4.001446000000000000e+06,4.970448000000000000e+06
3.560000000000000000e+02,6.146226000000000000e+06,6.146226000000000000e+06,5.313673000000000000e+06,6.391191000000000000e+06,4.751875000000000000e+06,4.751875000000000000e+06,3.980529000000000000e+06,4.990841000000000000e+06,2.071059000000000000e+06,2.071059000000000000e+06,1.769344000000000000e+06,2.412735000000000000e+06,3.612620000000000000e+05,3.612620000000000000e+05,3.613060000000000000e+05,4.639330000000000000e+05,2.014690000000000000e+05,2.014690000000000000e+05,2.249380000000000000e+05,2.268360000000000000e+05,2.075564000000000000e+06,2.075564000000000000e+06,1.674195000000000000e+06,2.323650000000000000e+06,4.677493000000000000e+06,4.677493000000000000e+06,3.997528000000000000e+06,4.975440000000000000e+06
3.570000000000000000e+02,6.146641000000000000e+06,6.146641000000000000e+06,5.314280000000000000e+06,6.397926000000000000e+06,4.766599000000000000e+06,4.766599000000000000e+06,4.005100000000000000e+06,4.999065000000000000e+06,2.084762000000000000e+06,2.084762000000000000e+06,1.792566000000000000e+06,2.427120000000000000e+06,3.637770000000000000e+05,3.637770000000000000e+05,3.689000000000000000e+05,4.640020000000000000e+05,2.003590000000000000e+05,2.003590000000000000e+05,2.198930000000000000e+05,2.315890000000000000e+05,2.080662000000000000e+06,2.080662000000000000e+06,1.667865000000000000e+06,2.336565000000000000e+06,4.682195000000000000e+06,4.682195000000000000e+06,3.994755000000000000e+06,4.984324000000000000e+06
3.580000000000000000e+02,6.150235000000000000e+06,6.150235000000000000e+06,5.314839000000000000e+06,6.404879000000000000e+06,4.786409000000000000e+06,4.786409000000000000e+06,4.034371000000000000e+06,5.010763000000000000e+06,2.104220000000000000e+06,2.104220000000000000e+06,1.819329000000000000e+06,2.445010000000000000e+06,3.668090000000000000e+05,3.668090000000000000e+05,3.771460000000000000e+05,4.660410000000000000e+05,1.999130000000000000e+05,1.999130000000000000e+05,2.147070000000000000e+05,2.359360000000000000e+05,2.084763000000000000e+06,2.084763000000000000e+06,1.662795000000000000e+06,2.347302000000000000e+06,4.686976000000000000e+06,4.686976000000000000e+06,3.993412000000000000e+06,4.991855000000000000e+06
3.590000000000000000e+02,6.154323000000000000e+06,6.154323000000000000e+06,5.317210000000000000e+06,6.411433000000000000e+06,4.804072000000000000e+06,4.804072000000000000e+06,4.058346000000000000e+06,5.018642000000000000e+06,2.116466000000000000e+06,2.116466000000000000e+06,1.839970000000000000e+06,2.456558000000000000e+06,3.654540000000000000e+05,3.654540000000000000e+05,3.816550000000000000e+05,4.651910000000000000e+05,2.006870000000000000e+05,2.006870000000000000e+05,2.111000000000000000e+05,2.425660000000000000e+05,2.091767000000000000e+06,2.091767000000000000e+06,1.659990000000000000e+06,2.359446000000000000e+06,4.693500000000000000e+06,4.693500000000000000e+06,3.993355000000000000e+06,5.000298000000000000e+06
3.600000000000000000e+02,6.158677000000000000e+06,6.158677000000000000e+06,5.319198000000000000e+06,6.416190000000000000e+06,4.821539000000000000e+06,4.821539000000000000e+06,4.080104000000000000e+06,5.025651000000000000e+06,2.129345000000000000e+06,2.129345000000000000e+06,1.859635000000000000e+06,2.467860000000000000e+06,3.664580000000000000e+05,3.664580000000000000e+05,3.852600000000000000e+05,4.647230000000000000e+05,2.002890000000000000e+05,2.002890000000000000e+05,2.066490000000000000e+05,2.478550000000000000e+05,2.094390000000000000e+06,2.094390000000000000e+06,1.653650000000000000e+06,2.368464000000000000e+06,4.698199000000000000e+06,4.698199000000000000e+06,3.991729000000000000e+06,5.007702000000000000e+06
