1,0.92858249501072,0.92858249501072,0.873648968429647,0.982617623927015,0.94336873058555,0.94336873058555,0.895666003857368,1.01123001808392,0.984497799605094,0.984497799605094,0.939211946042264,1.09696092041719,1.2808604818026,1.2808604818026,1.21569700211802,1.29555866713253,0.774705488482755,0.774705488482755,0.809489784774338,0.829416596471684,0.959612736155666,0.959612736155666,0.825163023943829,1.03718131587645,0.916814761875288,0.916814761875288,0.866623465367478,0.988927564310073
2,0.929565293703208,0.929565293703208,0.874633253507192,0.983701969423403,0.947384347507712,0.947384347507712,0.902693879893048,1.01368723143015,0.990665922653469,0.990665922653469,0.950323579072044,1.10172902795176,1.28186171767571,1.28186171767571,1.22893534929457,1.29356597883418,0.773966783475817,0.773966783475817,0.79602792048545,0.837759676125849,0.958380718649333,0.958380718649333,0.822072297842005,1.0395878822206,0.91801934097419,0.91801934097419,0.866244251049145,0.99038018942137
3,0.930415904775937,0.930415904775937,0.875659982212033,0.984907004541796,0.951027531343449,0.951027531343449,0.908284739644628,1.01500859457451,0.995946527030067,0.995946527030067,0.957979395114007,1.1048674235326,1.27507534677724,1.27507534677724,1.23882587311581,1.28093332461955,0.772776537606729,0.772776537606729,0.780346059934681,0.846644795778336,0.957857867197715,0.957857867197715,0.819315159323335,1.04072360723337,0.917757369503494,0.917757369503494,0.865586632383235,0.991209742091834
4,0.931435672003183,0.931435672003183,0.876958493805333,0.986080964902374,0.955112929821754,0.955112929821754,0.914095754622964,1.01647421029778,1.00190043099581,1.00190043099581,0.967982274780298,1.10776120911996,1.26665989589438,1.26665989589438,1.24046390851385,1.26759985587471,0.771520937139172,0.771520937139172,0.77234249080272,0.856228062948661,0.957224787734841,0.957224787734841,0.817070252851758,1.04299261833617,0.918434884038339,0.918434884038339,0.865680056116197,0.992744989559583
5,0.931973652659718,0.931973652659718,0.877825984077727,0.986508679899233,0.958528070953875,0.958528070953875,0.919198922319577,1.01757260878499,1.00744350574355,1.00744350574355,0.976486824398757,1.1090613699621,1.25740309490588,1.25740309490588,1.24531570327496,1.25305458074708,0.779812059154043,0.779812059154043,0.762336098956237,0.865043801481363,0.955830284942638,0.955830284942638,0.815309985817,1.04355422094091,0.918717727535088,0.918717727535088,0.864861320065465,0.993441680638536
6,0.932732057606943,0.932732057606943,0.879423097663899,0.987178338110297,0.962339292687507,0.962339292687507,0.9253777369792,1.01917676411374,1.01392054796092,1.01392054796092,0.987035292621587,1.11279928982757,1.25138495562183,1.25138495562183,1.25388163708845,1.2450343477088,0.797897458948572,0.797897458948572,0.7658041192036,0.873730317678465,0.956705280748798,0.956705280748798,0.816061884446899,1.04649458617081,0.920599882377122,0.920599882377122,0.866062517132461,0.994476124647164
7,0.933009489004272,0.933009489004272,0.880226114330375,0.987146417397187,0.965349126409906,0.965349126409906,0.930258972639002,1.0198568459915,1.01932053268065,1.01932053268065,0.995810371537593,1.11529918012969,1.24057219314015,1.24057219314015,1.25267506115837,1.23276424581211,0.821608305317386,0.821608305317386,0.767381281765301,0.881050893079797,0.956893406937413,0.956893406937413,0.816527598183085,1.04723357975463,0.921823619670026,0.921823619670026,0.866413160509002,0.995284340775028
8,0.934379381254764,0.934379381254764,0.881676920123728,0.988586740881468,0.969550807113555,0.969550807113555,0.935578403502252,1.02244053822154,1.02495484118656,1.02495484118656,1.00510077886768,1.11683799317144,1.22898242482511,1.22898242482511,1.25344923350788,1.22054452339384,0.850516822706868,0.850516822706868,0.774218870251892,0.893112800754447,0.958074700049186,0.958074700049186,0.817984700256269,1.05052384909727,0.923536656013571,0.923536656013571,0.86746436013159,0.997377364810331
9,0.934444088146781,0.934444088146781,0.88298668616263,0.988579578459975,0.971855064978867,0.971855064978867,0.940073902160215,1.02269436880455,1.02815828305388,1.02815828305388,1.01133509300793,1.11676020140594,1.20881244529366,1.20881244529366,1.24530909448661,1.19993301928392,0.883549611348223,0.883549611348223,0.779422348446586,0.91672839940132,0.959391304664029,0.959391304664029,0.82021757917978,1.05261319289312,0.925001370334542,0.925001370334542,0.868695994991689,0.998099553814307
10,0.935658836895646,0.935658836895646,0.884623310036552,0.9901588078036,0.975303202643665,0.975303202643665,0.94454824831753,1.02454251570653,1.03279539826383,1.03279539826383,1.01966587330533,1.11856779606196,1.19041485798939,1.19041485798939,1.24597941444777,1.18723019365292,0.929713723175915,0.929713723175915,0.791170954750762,0.938408264806188,0.961427666141242,0.961427666141242,0.823780386543236,1.05555746039936,0.927186383783353,0.927186383783353,0.870395803693428,0.999808293098307
11,0.936214273587351,0.936214273587351,0.885896618855393,0.990732929463414,0.977840636006565,0.977840636006565,0.948478382938143,1.02533479403455,1.03638540505178,1.03638540505178,1.02670815136906,1.11856456183101,1.17407433757145,1.17407433757145,1.24485969687885,1.17100350343291,0.970674222655806,0.970674222655806,0.805125079080329,0.960618895777412,0.96211955245715,0.96211955245715,0.82611815276092,1.05765249501489,0.928836742840451,0.928836742840451,0.872147721896959,1.00086309005005
12,0.936965983069031,0.936965983069031,0.887431114621889,0.99150077488565,0.980499789912231,0.980499789912231,0.952611158514975,1.02637495193159,1.04006733886353,1.04006733886353,1.03368537918643,1.11911829621428,1.15472426005488,1.15472426005488,1.23995692003619,1.1572319131525,1.01576295427233,1.01576295427233,0.814735732462738,0.976907848174972,0.963101571161722,0.963101571161722,0.829241777744222,1.0599764631763,0.930710144897366,0.930710144897366,0.873635521223809,1.00194005582088
13,0.937431317924404,0.937431317924404,0.888415040515001,0.991743282070051,0.982088878484103,0.982088878484103,0.956146841303483,1.02708359867647,1.04235317433031,1.04235317433031,1.03902094897583,1.11837203997811,1.13120155397267,1.13120155397267,1.23454337826538,1.13867877058959,1.05906631708521,1.05906631708521,0.827613641213175,0.998630209515708,0.961727971279365,0.961727971279365,0.83107031880183,1.06190304952938,0.931765069733218,0.931765069733218,0.87464427027095,1.00247263710941
14,0.938561990755926,0.938561990755926,0.889904279042801,0.992690470014704,0.984033779666681,0.984033779666681,0.959874081137869,1.02760831941589,1.04479443995349,1.04479443995349,1.0445641721979,1.11744943304378,1.10522304149867,1.10522304149867,1.23247954807511,1.11757606656505,1.09776614159079,1.09776614159079,0.83737872911815,1.01990679716182,0.960628617574189,0.960628617574189,0.833510319178084,1.06401190470698,0.933140787204098,0.933140787204098,0.876308284128001,1.00371424230116
15,0.939341342945356,0.939341342945356,0.891123590468385,0.992957340711584,0.985501025486407,0.985501025486407,0.962371429974511,1.02755999718237,1.04561526647074,1.04561526647074,1.04745863636334,1.11454611498625,1.07598539414267,1.07598539414267,1.22528068933733,1.09375736887336,1.13547673512863,1.13547673512863,0.842630468101146,1.04301938269026,0.957584875195124,0.957584875195124,0.834066770151893,1.06527949414141,0.933914153917239,0.933914153917239,0.877386756013208,1.00414785834954
16,0.940180236953381,0.940180236953381,0.892794516455762,0.993542685378304,0.987564775291314,0.987564775291314,0.966103238749037,1.02792078732333,1.04954899436279,1.04954899436279,1.05392850849878,1.11401808422789,1.05640328728063,1.05640328728063,1.22277407032765,1.07556407972776,1.17196539571933,1.17196539571933,0.850118612014044,1.06482760316673,0.954658049758465,0.954658049758465,0.836240218837896,1.06707649240069,0.935043140781022,0.935043140781022,0.878978855511089,1.00489403204856
17,0.940718648032701,0.940718648032701,0.89446113222993,0.993630100758727,0.98920225877778,0.98920225877778,0.969213925494502,1.02776042733325,1.05207081745328,1.05207081745328,1.05946194700413,1.11248931432436,1.03874565910751,1.03874565910751,1.22474726570627,1.05407183437898,1.2071519154466,1.2071519154466,0.857786286059425,1.08572259465402,0.95231539097564,0.95231539097564,0.839043698791765,1.06851545680484,0.936086252417378,0.936086252417378,0.880283459907186,1.0055702945229
18,0.94201981611185,0.94201981611185,0.896762007850625,0.994456204302239,0.991406366055947,0.991406366055947,0.973107931644007,1.02881288399252,1.0558961185993,1.0558961185993,1.06655206146073,1.11224164032261,1.02198300126692,1.02198300126692,1.22665626142663,1.03534146400805,1.24417925636408,1.24417925636408,0.866507975721316,1.10592290767947,0.950022481118249,0.950022481118249,0.841860621299356,1.07001555687181,0.937215361697736,0.937215361697736,0.881824261577758,1.00655472628096
19,0.94253684952618,0.94253684952618,0.899107901253725,0.994623647053515,0.993616706012509,0.993616706012509,0.977749551776455,1.0293349862858,1.06088125316031,1.06088125316031,1.0768515630025,1.11117894012132,1.00747336786915,1.00747336786915,1.23740403950806,1.01799023185895,1.27144004569519,1.27144004569519,0.876598341339445,1.1254190023391,0.946916169362377,0.946916169362377,0.844711327066959,1.070831132629,0.938165253112159,0.938165253112159,0.883320177649435,1.00696571954127
20,0.94397441380343,0.94397441380343,0.901525092766992,0.995386134758886,0.997051217331405,0.997051217331405,0.983411991590231,1.03123193150242,1.06773737302939,1.06773737302939,1.08682164574792,1.11254225357834,0.993665671987085,0.993665671987085,1.24462178049827,0.998919800008664,1.3021606678604,1.3021606678604,0.882795026557389,1.1382727220433,0.943564457444912,0.943564457444912,0.847108346646444,1.07126851276993,0.938841665897828,0.938841665897828,0.884874696618766,1.00788402314957
21,0.944658212134582,0.944658212134582,0.903912531836302,0.995227997515849,0.999325595003237,0.999325595003237,0.987158184065199,1.03123954880032,1.07147934364553,1.07147934364553,1.0957974925552,1.11071491309126,0.974930764709984,0.974930764709984,1.24728889865358,0.975728146896643,1.32399108419145,1.32399108419145,0.883769894481084,1.14790975958146,0.939373284668025,0.939373284668025,0.849729998373652,1.07217676759044,0.939069054686061,0.939069054686061,0.885623709831432,1.00767073338506
22,0.945652058345219,0.945652058345219,0.906668434270914,0.996357122245823,1.00253023047781,1.00253023047781,0.99187646086,1.03354386076066,1.07790841188064,1.07790841188064,1.10582537760868,1.11209661059788,0.964967151639683,0.964967151639683,1.25188295066906,0.963078399644689,1.34600370122125,1.34600370122125,0.888703112261288,1.15352095764408,0.936287179058338,0.936287179058338,0.852143290518169,1.0727957661765,0.939573839433451,0.939573839433451,0.886783836169602,1.00827103171482
23,0.946457427200766,0.946457427200766,0.90922073899547,0.99674107315545,1.00602596869623,1.00602596869623,0.996868197183193,1.03552538972267,1.08494630600042,1.08494630600042,1.1150980274899,1.11565188152598,0.968125870460405,0.968125870460405,1.25708217887482,0.959340422272392,1.36176505188538,1.36176505188538,0.88825235649855,1.16571382218233,0.932173625753347,0.932173625753347,0.853543084862328,1.07160459632059,0.939604749618662,0.939604749618662,0.887504197273028,1.00777726477507
24,0.947384605704476,0.947384605704476,0.912063264742769,0.997641677161891,1.0101084952541,1.0101084952541,1.00236057089175,1.03887628667515,1.09504316542823,1.09504316542823,1.12605709141818,1.11938588626977,0.974140110091588,0.974140110091588,1.26519116217959,0.957629319273087,1.37433095877284,1.37433095877284,0.889191511438902,1.1791885029086,0.929430188512405,0.929430188512405,0.856289433962879,1.07095486730828,0.939746569220906,0.939746569220906,0.88825572667659,1.00750896910109
25,0.94822335623824,0.94822335623824,0.914841915524873,0.998123476900573,1.01350463282759,1.01350463282759,1.00744783190787,1.04095326990142,1.10157705542804,1.10157705542804,1.13539914030875,1.12219251784416,0.97536850074409,0.97536850074409,1.27419610836201,0.949134979357508,1.38681764796518,1.38681764796518,0.886478289920578,1.19828999244946,0.927309936690343,0.927309936690343,0.857283652311188,1.06908063649623,0.939238846475713,0.939238846475713,0.888564000645132,1.0070762609907
26,0.949531315432442,0.949531315432442,0.918230700932348,0.998913542748543,1.01687443427962,1.01687443427962,1.01240437046999,1.04359694835239,1.10772604434477,1.10772604434477,1.14518693740559,1.12341641892493,0.975910552492338,0.975910552492338,1.27837569493671,0.940378846080837,1.3927173858088,1.3927173858088,0.888132669743562,1.21620853389797,0.92588826011534,0.92588826011534,0.859149514142946,1.0671345387614,0.938882797867059,0.938882797867059,0.889170159148837,1.00659936656513
27,0.951035595241371,0.951035595241371,0.921283349573589,0.999500692119891,1.01999419533959,1.01999419533959,1.01639026308231,1.04525743994682,1.11254132882409,1.11254132882409,1.15102044055711,1.12340143932895,0.975529361424775,0.975529361424775,1.28174617699493,0.928096149314538,1.39508302422914,1.39508302422914,0.884064285289725,1.23636808551555,0.92265165355476,0.92265165355476,0.859833492501407,1.06356574444427,0.937864781628597,0.937864781628597,0.888939968265534,1.00550038329821
28,0.953152940570447,0.953152940570447,0.924888842922963,1.00024541476408,1.02267779112131,1.02267779112131,1.02051762361898,1.04692935748811,1.117099273098,1.117099273098,1.15738358680088,1.12408981985338,0.978073884919246,0.978073884919246,1.28386004515413,0.920048027636423,1.40019157534281,1.40019157534281,0.887180001782485,1.25995246265852,0.92174586079476,0.92174586079476,0.862090072769638,1.0615214394213,0.937231275852498,0.937231275852498,0.889611385397651,1.00477857260173
29,0.955025375334839,0.955025375334839,0.928628850842903,1.00067087388015,1.02507077299672,1.02507077299672,1.02445596540984,1.04793039738658,1.12077080792516,1.12077080792516,1.16416928784832,1.1235444263815,0.981899444379897,0.981899444379897,1.28387515095607,0.910580284227023,1.40273248291359,1.40273248291359,0.887080584558584,1.28241720198095,0.920830034638034,0.920830034638034,0.864339224258181,1.05968086574277,0.937203181248514,0.937203181248514,0.890172901804806,1.00390823838353
30,0.957496719492226,0.957496719492226,0.932907216365469,1.00150329388986,1.02824601711533,1.02824601711533,1.02934151617978,1.04989407330664,1.12638986458699,1.12638986458699,1.17115231401635,1.12442635009492,0.98921324332837,0.98921324332837,1.29252888724335,0.906493249039936,1.40414156766543,1.40414156766543,0.886059386278119,1.30627043096309,0.919462148217701,0.919462148217701,0.865578061709089,1.05765981178305,0.936638106337891,0.936638106337891,0.89093279145554,1.00270718775502
31,0.96021880883427,0.96021880883427,0.937315307332813,1.0023892346712,1.03179302216878,1.03179302216878,1.03404701686418,1.05232597500674,1.13214840629551,1.13214840629551,1.17977101866324,1.12701662864098,1.00428637656515,1.00428637656515,1.30166128862965,0.907508035676747,1.39665252481359,1.39665252481359,0.884326823978086,1.32550114283954,0.916619631184089,0.916619631184089,0.866183684129408,1.05444905132105,0.935199956413715,0.935199956413715,0.891331080124218,1.00124109489697
32,0.962690822538211,0.962690822538211,0.94169723770054,1.00287622293569,1.03482803102352,1.03482803102352,1.03853718509199,1.05485491790816,1.13770742615296,1.13770742615296,1.18856095585279,1.12751895577441,1.01442254927473,1.01442254927473,1.30397247632671,0.907936261243345,1.38784747800167,1.38784747800167,0.879001728596872,1.34853567460821,0.91446454117895,0.91446454117895,0.86664055408025,1.051677784733,0.934316414782991,0.934316414782991,0.891932125078681,0.999763577152644
33,0.965640175110751,0.965640175110751,0.946616208661302,1.00420042495656,1.03849064615072,1.03849064615072,1.04322779441594,1.05747058691999,1.14345251850807,1.14345251850807,1.19613269581032,1.13008421158627,1.02583683321085,1.02583683321085,1.30922363072665,0.90683510978638,1.37500133851774,1.37500133851774,0.873847476406246,1.37015136247728,0.913266107681103,0.913266107681103,0.866823620436859,1.04859807571843,0.933556452684822,0.933556452684822,0.892561091635351,0.998464923190964
34,0.967990331341774,0.967990331341774,0.951236936813626,1.00458713932015,1.04187896232387,1.04187896232387,1.04750313784714,1.06007863863393,1.14883683542435,1.14883683542435,1.20275658663491,1.13185963415545,1.04194239954366,1.04194239954366,1.31256390118098,0.908592094096391,1.35166974686428,1.35166974686428,0.863533180730397,1.38516803859078,0.909252470285176,0.909252470285176,0.866571926305985,1.04233833666812,0.9319740348269,0.9319740348269,0.89263682086459,0.996508543822102
35,0.970987030420668,0.970987030420668,0.956348670087348,1.00551114808973,1.04606658894879,1.04606658894879,1.05218393241079,1.06350047167307,1.15596637926167,1.15596637926167,1.21273083694487,1.13547209990458,1.06542318435758,1.06542318435758,1.32389325263716,0.922812601514899,1.31883302201834,1.31883302201834,0.850013403495546,1.39862624130111,0.904009463084831,0.904009463084831,0.864695098180401,1.03522757618377,0.930110487304279,0.930110487304279,0.89272943292307,0.994000970436062
36,0.973439962047806,0.973439962047806,0.960613207009201,1.00603157978686,1.04978401498305,1.04978401498305,1.05715942361349,1.06650970107619,1.1616037381364,1.1616037381364,1.22011558009391,1.13781810890252,1.08181245043633,1.08181245043633,1.33251394498269,0.93319077407009,1.27887462638164,1.27887462638164,0.827462102337908,1.40764491960918,0.89691292519206,0.89691292519206,0.861851467441072,1.02492475364492,0.927462433160185,0.927462433160185,0.892127170456882,0.990965355451411
37,0.976261957300731,0.976261957300731,0.965695487159328,1.00673896760405,1.05314220654396,1.05314220654396,1.06180722027613,1.06955812782473,1.16650568082066,1.16650568082066,1.22782811125317,1.13982758765893,1.09702597117625,1.09702597117625,1.3432343437981,0.946613306535716,1.23540193574544,1.23540193574544,0.80876876859711,1.41158316542099,0.890781683675985,0.890781683675985,0.859349029940294,1.01621308428789,0.925319959471218,0.925319959471218,0.892125141270675,0.987978920440839
38,0.978788634698371,0.978788634698371,0.970024377958955,1.0072835936226,1.05616933289367,1.05616933289367,1.06607968696725,1.0723061473875,1.17080808737983,1.17080808737983,1.2336074360658,1.14080772985963,1.10804249052013,1.10804249052013,1.35072493333588,0.955644727676628,1.19183814475987,1.19183814475987,0.786133493667826,1.41165167927677,0.883709671864101,0.883709671864101,0.856448798974767,1.00653267482691,0.923088121682435,0.923088121682435,0.891690814254965,0.985277123987936
39,0.981818715455481,0.981818715455481,0.975229858369974,1.00859826454715,1.05965902174776,1.05965902174776,1.07126763388646,1.07560657974143,1.17575814269948,1.17575814269948,1.24102551973108,1.14281244238095,1.12096496520181,1.12096496520181,1.36135092088916,0.962975841420756,1.14462736913548,1.14462736913548,0.762717359183821,1.40274401076036,0.876890863966819,0.876890863966819,0.852754219209694,0.996751781749911,0.92120125380226,0.92120125380226,0.891628721157036,0.98267164462273
40,0.9844747588124,0.9844747588124,0.979690988905418,1.00955673189573,1.06204845955113,1.06204845955113,1.07554754625781,1.07739093177353,1.17835456117279,1.17835456117279,1.24636706906958,1.14152555890798,1.13041674883357,1.13041674883357,1.36473556463669,0.967589162230657,1.10060411551825,1.10060411551825,0.739967223578379,1.38698929298514,0.869958344239975,0.869958344239975,0.849414098361185,0.987408594003531,0.919316160962424,0.919316160962424,0.89176483896779,0.980217109947196
41,0.987500487516906,0.987500487516906,0.984140266354537,1.01087236156961,1.06465946296097,1.06465946296097,1.08053742116094,1.08040984149272,1.1817715288571,1.1817715288571,1.2518361821224,1.14250621177674,1.14226389423771,1.14226389423771,1.37074389735895,0.976376782681343,1.0537389270888,1.0537389270888,0.722616504968136,1.36644033983277,0.863046588070244,0.863046588070244,0.846676239294564,0.977550956158311,0.918111826696672,0.918111826696672,0.892109475953159,0.977811452599748
42,0.990514594806217,0.990514594806217,0.989019427707187,1.01194734516075,1.06688636228856,1.06688636228856,1.08516161163286,1.08254109796649,1.18311174999152,1.18311174999152,1.25423742408562,1.14141933995466,1.14780725078543,1.14780725078543,1.37151618148321,0.976885075633292,1.00463286810881,1.00463286810881,0.698670467028576,1.33668537934891,0.855602086404902,0.855602086404902,0.843109186914143,0.967323902818604,0.917311222295573,0.917311222295573,0.892622048389005,0.975157020244958
43,0.993722201049776,0.993722201049776,0.993839263764141,1.01342912045445,1.0690162273682,1.0690162273682,1.08993150052924,1.08456531553546,1.18295590387574,1.18295590387574,1.25657071662716,1.14014232939722,1.14676701838367,1.14676701838367,1.36782375702112,0.973030145900369,0.959002485501945,0.959002485501945,0.680012846271122,1.30378745413878,0.849305711901042,0.849305711901042,0.8406385870406,0.956897020410795,0.916817699873091,0.916817699873091,0.893415866033118,0.973183541377416
44,0.996698718082527,0.996698718082527,0.99824418193565,1.01417260236421,1.07012619406466,1.07012619406466,1.09325845044134,1.08543797222565,1.18009964944072,1.18009964944072,1.25583178931611,1.13581169415439,1.13868303799434,1.13868303799434,1.36158978138236,0.966701223923447,0.917946924787918,0.917946924787918,0.665474766403105,1.27440108085377,0.844545979976339,0.844545979976339,0.839371803228007,0.949419120759824,0.916862443131287,0.916862443131287,0.894958859224793,0.971397476041864
45,0.999735685604198,0.999735685604198,1.00258977481146,1.01566069412412,1.07190305734934,1.07190305734934,1.09744486875982,1.08681971832521,1.17771675678439,1.17771675678439,1.25515990543446,1.1322979575606,1.13267074818959,1.13267074818959,1.35628670078824,0.962422566791643,0.879338200631724,0.879338200631724,0.655852530431504,1.24156039506747,0.840696918157268,0.840696918157268,0.83975969165317,0.942469979554308,0.916958234101296,0.916958234101296,0.89664941483743,0.969881370933257
46,1.00292937484437,1.00292937484437,1.00692423296982,1.01662513955677,1.0731147022502,1.0731147022502,1.10008952361098,1.08754478986867,1.17415711503146,1.17415711503146,1.25346533745679,1.12894559206898,1.12832555998467,1.12832555998467,1.34776797260582,0.957080542811691,0.840686896964407,0.840686896964407,0.645686877983624,1.21489029262205,0.83761680471507,0.83761680471507,0.840677499696111,0.935609777730607,0.917261459957798,0.917261459957798,0.899069016470457,0.968435252710839
47,1.00609193016977,1.00609193016977,1.01130275108542,1.018068170098,1.07501316386827,1.07501316386827,1.10387167533706,1.08811569047659,1.17020522357966,1.17020522357966,1.25056199456691,1.12414837645585,1.11658955468718,1.11658955468718,1.33744221286613,0.947449066097416,0.801319663377498,0.801319663377498,0.641608841372127,1.18001674002604,0.836220211631882,0.836220211631882,0.843480802774274,0.930226750100316,0.918326545369383,0.918326545369383,0.902270747635046,0.967803403536171
48,1.00892808154984,1.00892808154984,1.01512124080421,1.01889387886237,1.07608982850859,1.07608982850859,1.10642875883553,1.08808077786123,1.16498853829503,1.16498853829503,1.24764451819732,1.11776230233258,1.10044694165215,1.10044694165215,1.32385454401969,0.932207474607293,0.771340716882787,0.771340716882787,0.640908094725986,1.1473148164793,0.834775959914245,0.834775959914245,0.845851467873435,0.923769133120081,0.919336114864163,0.919336114864163,0.905471423622807,0.966592138605355
49,1.01188551650579,1.01188551650579,1.01924204408836,1.01985353054836,1.07730575073776,1.07730575073776,1.1097123038163,1.08817647016605,1.15871808923825,1.15871808923825,1.24252457457275,1.11109689278879,1.08438914606693,1.08438914606693,1.31154803600041,0.917144010558739,0.741410291226335,0.741410291226335,0.644929183607287,1.11928050776611,0.836415305457113,0.836415305457113,0.851305253419025,0.920808443534193,0.921491748334952,0.921491748334952,0.909537506944058,0.96663034766214
50,1.0145837891204,1.0145837891204,1.02287471572658,1.02099263755081,1.07834037535127,1.07834037535127,1.11191402530387,1.08782313862928,1.15206135256711,1.15206135256711,1.23697827097689,1.10390379293201,1.06327155088926,1.06327155088926,1.29389218586857,0.898857159524639,0.733323154776383,0.733323154776383,0.659869758449741,1.09949474693138,0.840846025580837,0.840846025580837,0.857470963684762,0.920826816752009,0.924148494055879,0.924148494055879,0.913725747274961,0.967748927257192
51,1.0175295548364,1.0175295548364,1.02655533848675,1.02249900194508,1.0796433106592,1.0796433106592,1.11467713415867,1.08752654009246,1.14541792659625,1.14541792659625,1.23200382971397,1.09767670679336,1.04307232396132,1.04307232396132,1.27862777300661,0.879949561345681,0.729114714723451,0.729114714723451,0.672818127951099,1.08959406113804,0.849685587449313,0.849685587449313,0.866179439112443,0.925168912165877,0.928145456440908,0.928145456440908,0.918975738996727,0.971048146902906
52,1.02001309430602,1.02001309430602,1.03030055458098,1.02376951400326,1.08015066290146,1.08015066290146,1.11658153609711,1.08709275084666,1.13753466435558,1.13753466435558,1.22508168622778,1.09062863666131,1.02093789429908,1.02093789429908,1.25856821214083,0.861726584293154,0.734672826256888,0.734672826256888,0.687104286504181,1.07948436472134,0.858865727395548,0.858865727395548,0.875458869321896,0.930162525135385,0.931925557863163,0.931925557863163,0.92429399254249,0.974378539086037
53,1.02256416232815,1.02256416232815,1.0336849100471,1.02506715302788,1.08148182857624,1.08148182857624,1.1192008925575,1.08633903508924,1.13085560453084,1.13085560453084,1.21912986048329,1.08413123690426,0.997770056627591,0.997770056627591,1.2438579933876,0.848143917056826,0.731165462805715,0.731165462805715,0.697627068785493,1.06980049492733,0.866859975589845,0.866859975589845,0.883017652654931,0.934881352811898,0.93588518319279,0.93588518319279,0.929135711999441,0.977625930605222
54,1.02454329411848,1.02454329411848,1.03667326467464,1.0259771753366,1.08181301599682,1.08181301599682,1.12108515731532,1.08523841489015,1.12402943373739,1.12402943373739,1.21283031489822,1.07723892052589,0.976668060061381,0.976668060061381,1.2269111718344,0.827291311157313,0.729421683292018,0.729421683292018,0.709541692201427,1.06454834415959,0.874342520551108,0.874342520551108,0.890945575588201,0.939316940263324,0.939286405315136,0.939286405315136,0.933599434649784,0.980951631775441
55,1.02717958585204,1.02717958585204,1.04026804235507,1.02735247305725,1.08271149936069,1.08271149936069,1.12411961044845,1.08457935992845,1.11720977964094,1.11720977964094,1.20865550242971,1.07079497069087,0.957116175509044,0.957116175509044,1.2139315115161,0.811420875820443,0.731414008324135,0.731414008324135,0.725154057217041,1.05910452804845,0.884063349098698,0.884063349098698,0.899794667202842,0.945302544400029,0.943686118232217,0.943686118232217,0.938833761054033,0.985236947732189
56,1.02900625232695,1.02900625232695,1.04298323722048,1.02810520407822,1.08298457622094,1.08298457622094,1.12603983445738,1.08304756892971,1.11005597150623,1.11005597150623,1.20316065919588,1.06399865990492,0.939367880406811,0.939367880406811,1.19955173218034,0.797819316279707,0.729455350812441,0.729455350812441,0.735762743701531,1.05113610644112,0.892408069414748,0.892408069414748,0.907947399159542,0.95077971444727,0.947360696566743,0.947360696566743,0.943085636664382,0.989330234805532
57,1.03094607216958,1.03094607216958,1.04577912885542,1.02882686034138,1.08381321692397,1.08381321692397,1.12807927395997,1.08186355518803,1.10327916122631,1.10327916122631,1.19855894316072,1.05750330282005,0.924103664179639,0.924103664179639,1.18735946178825,0.783337015500106,0.727220421589037,0.727220421589037,0.751019909315244,1.04240362525216,0.899993038634258,0.899993038634258,0.915115817807517,0.955196440896336,0.950736945707771,0.950736945707771,0.946944661825088,0.992862340543886
58,1.03288407467156,1.03288407467156,1.04833700093871,1.02981403377295,1.08435234360511,1.08435234360511,1.12952635883438,1.08020171469709,1.09497910768314,1.09497910768314,1.19279773819387,1.04942844947253,0.903052363100675,0.903052363100675,1.16703743761373,0.769653589306932,0.7216623100556,0.7216623100556,0.763930635401726,1.0352547681223,0.908495227537816,0.908495227537816,0.922822822982908,0.960698975739853,0.954618408054202,0.954618408054202,0.950958473309651,0.996726978568511
59,1.03435081204869,1.03435081204869,1.05059980300939,1.03035161016405,1.08420392031275,1.08420392031275,1.13050538117443,1.07852995584951,1.0867428345788,1.0867428345788,1.18753935894752,1.04120073615692,0.884425671190581,0.884425671190581,1.14726583109745,0.750282679853189,0.719973982928482,0.719973982928482,0.780910711157812,1.03215950291588,0.917376037815055,0.917376037815055,0.931716133524267,0.967104562368752,0.958322427575037,0.958322427575037,0.95532739238041,1.00050490851576
60,1.03615897034385,1.03615897034385,1.05330577880766,1.03128509363293,1.08394251444832,1.08394251444832,1.13138921726155,1.07649224931553,1.07695531027936,1.07695531027936,1.18143750087995,1.0323345175626,0.85873183337573,0.85873183337573,1.12634146307051,0.73064098070292,0.713247410392113,0.713247410392113,0.796054946526899,1.03300942163325,0.925315520385555,0.925315520385555,0.939459044468152,0.972805462926739,0.962076209433647,0.962076209433647,0.959550210044277,1.00394417759535
61,1.0375161412098,1.0375161412098,1.05510086288109,1.03184263456898,1.08279643487999,1.08279643487999,1.13148237287441,1.07379628128837,1.06569903339593,1.06569903339593,1.17290468430206,1.02155159157335,0.827498538666021,0.827498538666021,1.09661513307473,0.704713541985807,0.704970151473888,0.704970151473888,0.813431725962825,1.03183774797288,0.933262528003599,0.933262528003599,0.947710649944991,0.978124428186947,0.965417631059061,0.965417631059061,0.964257191537094,1.00719194742203
62,1.03915571724749,1.03915571724749,1.05747555090299,1.0325276891664,1.08193693630843,1.08193693630843,1.13149565664482,1.07082236123488,1.05432836768198,1.05432836768198,1.16422419098105,1.01060337936026,0.795828482835422,0.795828482835422,1.07279800397598,0.683564057017015,0.70060129558835,0.70060129558835,0.833850865493293,1.03281602176185,0.941994788268198,0.941994788268198,0.956612273644573,0.984952598825606,0.969327494050913,0.969327494050913,0.969456859440931,1.01098780914444
63,1.04036262273672,1.04036262273672,1.05907853116825,1.03278074259347,1.08002961451029,1.08002961451029,1.13092276231723,1.06753906780122,1.04223864684666,1.04223864684666,1.15469387689279,0.998639618628678,0.764769697591426,0.764769697591426,1.04051124055111,0.657473784628569,0.698654520730923,0.698654520730923,0.85718399142142,1.03442132742088,0.950112363630587,0.950112363630587,0.96536673675604,0.990833979664791,0.972565412462087,0.972565412462087,0.974185269140092,1.01366834471625
64,1.04153796388838,1.04153796388838,1.06093042624633,1.03323000125183,1.07826136698691,1.07826136698691,1.13043701629233,1.06413469106975,1.029942610157,1.029942610157,1.14540872431798,0.98701409036546,0.742506579384636,0.742506579384636,1.01498526760771,0.635423766482961,0.694268831085173,0.694268831085173,0.880375230631939,1.03724513899614,0.957664445605272,0.957664445605272,0.972786142032062,0.995884988615617,0.975536891197574,0.975536891197574,0.978866439384359,1.0165278197322
65,1.04243802575663,1.04243802575663,1.06254699565602,1.03364592927158,1.07608280146923,1.07608280146923,1.12959590825651,1.06049489222519,1.01634919614946,1.01634919614946,1.13525436274094,0.974817975673485,0.718146422849646,0.718146422849646,0.983465123631377,0.616295758085901,0.693577656695303,0.693577656695303,0.903810669431266,1.04101600285646,0.964934198944301,0.964934198944301,0.980438669489737,1.00256275901994,0.978776033774499,0.978776033774499,0.983771388283515,1.01932684121078
66,1.04359552827509,1.04359552827509,1.06409825336277,1.03427498162851,1.07441824860503,1.07441824860503,1.128927320016,1.05720747275517,1.00478843699713,1.00478843699713,1.12603951516777,0.963457484125533,0.696948884788241,0.696948884788241,0.962442567891814,0.601255684509472,0.699709106297128,0.699709106297128,0.930934197672612,1.04516152476362,0.973842740415269,0.973842740415269,0.988646232915566,1.00975302838493,0.982287430814428,0.982287430814428,0.988310758995648,1.02245120713327
67,1.04453485426629,1.04453485426629,1.06525961636632,1.03462379719491,1.07264059095937,1.07264059095937,1.12824798630515,1.05387165170477,0.994936993605726,0.994936993605726,1.11692776951711,0.95366831815152,0.682657631950909,0.682657631950909,0.944518589775516,0.589226684402375,0.710824339142814,0.710824339142814,0.955570364884886,1.05554094028348,0.982046435766224,0.982046435766224,0.995702158613973,1.01776765362891,0.985380101959256,0.985380101959256,0.992959705762949,1.02541925639968
68,1.04533142336712,1.04533142336712,1.06672658545921,1.03510413061109,1.07086433872159,1.07086433872159,1.12758591303483,1.05125193600343,0.986556798554615,0.986556798554615,1.10886896810492,0.944122400389527,0.669088789806834,0.669088789806834,0.929128609934917,0.583762310260538,0.724875577813662,0.724875577813662,0.982798136428964,1.05908544824051,0.989438122746022,0.989438122746022,1.00259305927787,1.02422120573795,0.988093526554449,0.988093526554449,0.997205006809988,1.0282004974261
69,1.04577275019604,1.04577275019604,1.06757605664583,1.03517840548594,1.06837597242488,1.06837597242488,1.12583245534102,1.0470037848363,0.975826017025979,0.975826017025979,1.09883655309,0.933033924686787,0.651271275866245,0.651271275866245,0.917103447476803,0.575085344735675,0.737965311710064,0.737965311710064,1.00704918255059,1.06345298973098,0.995271288767691,0.995271288767691,1.00725267289962,1.02935806476848,0.990259626642409,0.990259626642409,1.00156710781509,1.03021521181037
70,1.04652130324396,1.04652130324396,1.06871209714678,1.03572647172268,1.06606187670445,1.06606187670445,1.12446938819918,1.04367534304323,0.966342836342313,0.966342836342313,1.09036588758316,0.922612892118639,0.642808054235787,0.642808054235787,0.903442137845892,0.567158673585902,0.764843875662249,0.764843875662249,1.03073461223332,1.06763667125403,1.0015661303915,1.0015661303915,1.01259591112842,1.03587486627336,0.99332077551915,0.99332077551915,1.00567604754903,1.03262049085032
71,1.04679773032146,1.04679773032146,1.06930535010375,1.0354808627022,1.06314699967053,1.06314699967053,1.12254467986012,1.03898499186387,0.956784782969573,0.956784782969573,1.080725586031,0.911186694615585,0.631964094531193,0.631964094531193,0.890126373434395,0.560062364196568,0.795653617734468,0.795653617734468,1.05556768346187,1.075071725503,1.00769988025675,1.00769988025675,1.01737916086927,1.04256239236856,0.996105079311322,0.996105079311322,1.00971924164987,1.03495479940461
72,1.04722839223026,1.04722839223026,1.07007771636518,1.03542514244681,1.06108312765625,1.06108312765625,1.12134998662345,1.03504581734264,0.950650907243793,0.950650907243793,1.07483391817451,0.90206769533907,0.634266839548027,0.634266839548027,0.891818223251852,0.557261804976361,0.826379191005627,0.826379191005627,1.07978687746321,1.08210350199323,1.01336498688326,1.01336498688326,1.02104261050993,1.04878571017294,0.999515666301663,0.999515666301663,1.013278677759,1.03658575866806
73,1.04718979765387,1.04718979765387,1.07083882818101,1.03503515705608,1.05867829147096,1.05867829147096,1.11985205113748,1.03135468108414,0.945588820196787,0.945588820196787,1.06810529464129,0.893732231066005,0.641604036413691,0.641604036413691,0.889837474972263,0.555847581046337,0.853670677193594,0.853670677193594,1.09822442902601,1.09020981857613,1.01761761421509,1.01761761421509,1.02376048262168,1.05378777807454,1.00324551571984,1.00324551571984,1.01659209533241,1.03848652683547
74,1.04737358818308,1.04737358818308,1.07144387436023,1.03463298990911,1.05628335424547,1.05628335424547,1.1186468662605,1.02741384027899,0.940380870059216,0.940380870059216,1.06244864118461,0.885813301694838,0.649247356029264,0.649247356029264,0.890676791092642,0.558950417137083,0.881001772229119,0.881001772229119,1.11595930351114,1.09823201055129,1.02130865003573,1.02130865003573,1.02600804222886,1.05862985264578,1.00700774432213,1.00700774432213,1.02003237762748,1.04014457291542
75,1.04728205160413,1.04728205160413,1.0719373339086,1.03439313338464,1.05441746142725,1.05441746142725,1.11723827893727,1.02378991080505,0.936781989471084,0.936781989471084,1.05743216187946,0.878715186094393,0.662354089308826,0.662354089308826,0.896530289345001,0.565630196195882,0.903816468421955,0.903816468421955,1.12897330768458,1.10627935318237,1.02382995902137,1.02382995902137,1.02698669551496,1.06145737705121,1.01050439016476,1.01050439016476,1.02301260282573,1.04112923165798
76,1.0474611074827,1.0474611074827,1.07269156135611,1.0342197689463,1.05246846623043,1.05246846623043,1.11674804858222,1.02055232115876,0.934782888672823,0.934782888672823,1.05311130345395,0.872519080483799,0.678293920394875,0.678293920394875,0.908371349841952,0.572008598017683,0.925733033996436,0.925733033996436,1.13855693502554,1.1128896393699,1.0242239091956,1.0242239091956,1.02692531964468,1.06435579281034,1.01349294601248,1.01349294601248,1.02583844753736,1.04224637368456
77,1.04714364676636,1.04714364676636,1.07318065082719,1.03369916805811,1.04971466115974,1.04971466115974,1.1157601421919,1.01665051900533,0.930176138497886,0.930176138497886,1.04819230891911,0.864940085807807,0.688915599886159,0.688915599886159,0.914019031542858,0.575979580477688,0.941200288967448,0.941200288967448,1.14425170804515,1.11729880953225,1.02406435031711,1.02406435031711,1.0256871896966,1.06479691263277,1.01658151620204,1.01658151620204,1.02843296502142,1.04270768184142
78,1.04698893368752,1.04698893368752,1.07362831436021,1.03332999316763,1.0469356809567,1.0469356809567,1.11382105015239,1.01235396625782,0.925570081588588,0.925570081588588,1.04298937640086,0.857156823913883,0.6972160110095,0.6972160110095,0.921063055810738,0.578927679598992,0.960041227529127,0.960041227529127,1.14701608599907,1.11975056485266,1.02327770414324,1.02327770414324,1.02466980063069,1.06492211066567,1.01964021674728,1.01964021674728,1.03155937279401,1.04315854871147
79,1.04684899845763,1.04684899845763,1.07411961880197,1.03294525269972,1.04409596269166,1.04409596269166,1.1121723396418,1.00840939615057,0.921306081945854,0.921306081945854,1.03833946157591,0.849961851607603,0.70394486202821,0.70394486202821,0.931104637651399,0.584644850766489,0.973432978888152,0.973432978888152,1.14989822027645,1.11940192472573,1.02189741532973,1.02189741532973,1.02269339148214,1.06498080740577,1.02202378988089,1.02202378988089,1.03436841584385,1.0428957006654
80,1.04641293235164,1.04641293235164,1.07496741379456,1.03231332409479,1.04130109526919,1.04130109526919,1.11093830275393,1.00448521818457,0.917037784056155,0.917037784056155,1.03372814202248,0.843608970907246,0.712631338785194,0.712631338785194,0.940504222909543,0.589250974508044,0.991107436889277,0.991107436889277,1.15292417170297,1.12148509284728,1.02138822044587,1.02138822044587,1.02158685705997,1.06575313293342,1.02497917083675,1.02497917083675,1.03777071177313,1.04364535479336
81,1.04600924360404,1.04600924360404,1.07511503859697,1.03163655985925,1.0377102781529,1.0377102781529,1.10894582180278,1.00039687157955,0.91336139636952,0.91336139636952,1.02968669161894,0.837882169229849,0.718067454879128,0.718067454879128,0.949136244606531,0.595257827676474,1.01592832121088,1.01592832121088,1.16200395641406,1.12418141661493,1.0216932635769,1.0216932635769,1.02053975287531,1.06804523250464,1.02787334350507,1.02787334350507,1.0410810449835,1.04456751713809
82,1.04554022624261,1.04554022624261,1.07555037013109,1.03088033222306,1.03427075624941,1.03427075624941,1.10701045260338,0.995908775528693,0.908461394829045,0.908461394829045,1.02529425980258,0.832470109290749,0.725387103306898,0.725387103306898,0.956868526975374,0.59857207764989,1.04702522742788,1.04702522742788,1.17592622862335,1.12615530947282,1.02329163941647,1.02329163941647,1.02108435317675,1.07114006284006,1.03140573498762,1.03140573498762,1.04507748663414,1.04592465743817
83,1.04499569359479,1.04499569359479,1.07566740439253,1.029929083693,1.03110651097502,1.03110651097502,1.10470110719251,0.991592624108469,0.903824279619095,0.903824279619095,1.02171848943567,0.827643274931024,0.731563178531982,0.731563178531982,0.966681633561668,0.603664903138356,1.08062145192574,1.08062145192574,1.18857055515841,1.1294248947427,1.02503201569026,1.02503201569026,1.02218434319777,1.07441228415458,1.03463202382416,1.03463202382416,1.04876216411595,1.04725372732228
84,1.04408544505396,1.04408544505396,1.07583604148433,1.02905797532782,1.02746161620796,1.02746161620796,1.10262139332868,0.987349313099373,0.900262003456733,0.900262003456733,1.01944825395747,0.823112287591935,0.738642023395334,0.738642023395334,0.978023258481926,0.609451346088684,1.11415826315225,1.11415826315225,1.20340688669813,1.13106315643363,1.02791801077635,1.02791801077635,1.02335189973881,1.07838870375546,1.03773032613145,1.03773032613145,1.05215187909074,1.04848224307478
85,1.04299719277914,1.04299719277914,1.07594337776605,1.0279600381497,1.02389701300375,1.02389701300375,1.10004248044954,0.982801389521298,0.896718861426023,0.896718861426023,1.01652280485573,0.817991138215706,0.746485200220243,0.746485200220243,0.986600521646875,0.612640546999585,1.15240159568973,1.15240159568973,1.21512171045049,1.12959401122217,1.03104229903469,1.03104229903469,1.02515974633872,1.08301859205016,1.04123505146803,1.04123505146803,1.05598817736593,1.04977650866954
86,1.0420671447902,1.0420671447902,1.07606430319219,1.02674033980621,1.02002926943173,1.02002926943173,1.09768135371708,0.97833503450819,0.892312603674049,0.892312603674049,1.0137421333218,0.812960036638049,0.748545191846226,0.748545191846226,0.994708560839015,0.617992466948513,1.19069939039261,1.19069939039261,1.23196665599933,1.12648833884779,1.03491992816388,1.03491992816388,1.02662339281306,1.08766604058843,1.04455431569335,1.04455431569335,1.05932440299231,1.0512628031477
87,1.04118214771942,1.04118214771942,1.07582622377647,1.02577262334641,1.01673481006265,1.01673481006265,1.09453013878037,0.973970798894998,0.888433366461276,0.888433366461276,1.010327085987,0.808011322838291,0.750371204300303,0.750371204300303,1.00187343152243,0.61873376498817,1.22410648264337,1.22410648264337,1.24516694681563,1.12600440553729,1.03901076697351,1.03901076697351,1.02813921762092,1.09165920745865,1.04761913706735,1.04761913706735,1.06307912798198,1.05262758525914
88,1.03996371646451,1.03996371646451,1.07591823485567,1.02441943325745,1.01358871288123,1.01358871288123,1.09269833222415,0.970448354046149,0.887788490763349,0.887788490763349,1.01097740725217,0.806338544546112,0.771215823777417,0.771215823777417,1.02306781575908,0.624934939001947,1.2587691753617,1.2587691753617,1.25543491213471,1.13404047373641,1.04289536373932,1.04289536373932,1.02858529815364,1.09611739559394,1.05079921364679,1.05079921364679,1.06613053703237,1.05408747387431
89,1.03894299274218,1.03894299274218,1.07614152784552,1.02307932727705,1.01072950222003,1.01072950222003,1.09080484497604,0.966926305931564,0.887646371307237,0.887646371307237,1.01228656611002,0.804442093650298,0.789629009693148,0.789629009693148,1.03989662323461,0.632723066586057,1.29104147412996,1.29104147412996,1.26782635213906,1.13682525843178,1.04700403969868,1.04700403969868,1.03018867643641,1.10028470154628,1.05366584258571,1.05366584258571,1.06950028481488,1.05524267363467
90,1.03786956614107,1.03786956614107,1.07637104669891,1.02146479339914,1.00788886738464,1.00788886738464,1.08906856311276,0.963265004089822,0.88828888990199,0.88828888990199,1.0146162346824,0.803362881848892,0.80907755344456,0.80907755344456,1.06180003604989,0.64365991157162,1.31827651771016,1.31827651771016,1.27559344340834,1.14780395337379,1.04799539503632,1.04799539503632,1.02937593256335,1.10258330491142,1.05568816440623,1.05568816440623,1.07202856966115,1.05561424725421
91,1.03683411239454,1.03683411239454,1.07673148827851,1.02023280050536,1.00517691902669,1.00517691902669,1.08721196582578,0.960696149721307,0.890121329640499,0.890121329640499,1.01708035251049,0.803745372214469,0.83034138560467,0.83034138560467,1.08050007474094,0.655485594497937,1.34230918596537,1.34230918596537,1.28344354323351,1.15518697178293,1.04913028368823,1.04913028368823,1.02869726047609,1.10433623996691,1.05814788064954,1.05814788064954,1.07459378569638,1.05616014496649
92,1.03571544357625,1.03571544357625,1.07716454497788,1.01885727719663,1.00324051139604,1.00324051139604,1.08480151146181,0.958682009202685,0.893027083242189,0.893027083242189,1.01908676303409,0.806254624764078,0.858308721039868,0.858308721039868,1.09645180159124,0.674188975862572,1.35925880205621,1.35925880205621,1.28081139983953,1.16485783261698,1.0488260766736,1.0488260766736,1.02736414827342,1.10512043491845,1.05968402504208,1.05968402504208,1.07642654667839,1.05649873017265
93,1.03484340701378,1.03484340701378,1.07783771647143,1.01771890335544,1.00169719023709,1.00169719023709,1.08305786852829,0.957648516441297,0.897410463228057,0.897410463228057,1.02203830471375,0.811824140683667,0.891388501381196,0.891388501381196,1.11595528012305,0.703589000056717,1.37307040719934,1.37307040719934,1.2798828622726,1.16872929910099,1.04806841586805,1.04806841586805,1.025210863418,1.1051792942534,1.06124538724909,1.06124538724909,1.07832424161902,1.05655706518806
94,1.03385276506165,1.03385276506165,1.07823736901843,1.01642250506525,1.00037671788309,1.00037671788309,1.08063286124387,0.957365644910062,0.903241520522473,0.903241520522473,1.02459737053375,0.818517807192607,0.92449557929258,0.92449557929258,1.13332506413062,0.733516209507219,1.37478943118331,1.37478943118331,1.26923363672594,1.16699130205037,1.04405268818113,1.04405268818113,1.02000116634789,1.10279679194674,1.06159635556988,1.06159635556988,1.07897788307997,1.0552627239318
95,1.03327748109708,1.03327748109708,1.07911048651362,1.01545619853094,0.999725280781466,0.999725280781466,1.07898651981335,0.957215600010884,0.909084917945273,0.909084917945273,1.02760290935385,0.824787959669702,0.960005818282075,0.960005818282075,1.15010477774984,0.76504296739766,1.37375167937732,1.37375167937732,1.25298422930474,1.16502868362445,1.03937141184472,1.03937141184472,1.01403974752359,1.10070744815089,1.06208736845257,1.06208736845257,1.07971967238974,1.05413551892591
96,1.03259009590938,1.03259009590938,1.07957155959885,1.01399833557356,0.998205607137596,0.998205607137596,1.0766487454416,0.956671756679863,0.913309124140296,0.913309124140296,1.02946617309576,0.830031158708645,0.988701413889828,0.988701413889828,1.16459124181181,0.792892922996747,1.35793487632661,1.35793487632661,1.22954396442659,1.16470085783346,1.0320106611715,1.0320106611715,1.00707738907411,1.09704451141681,1.06178922288393,1.06178922288393,1.07995018794283,1.05252687980453
97,1.0318628727017,1.0318628727017,1.08055991543331,1.01282195014114,0.997419128670759,0.997419128670759,1.07513160348504,0.95671365181829,0.918406290428664,0.918406290428664,1.03211438855701,0.83469508996207,1.01591416649563,1.01591416649563,1.1791891111631,0.819112742615423,1.33546279666515,1.33546279666515,1.20205461940991,1.15752858457567,1.02241260238107,1.02241260238107,0.998174880995998,1.09152376595033,1.0606270611283,1.0606270611283,1.07952535751857,1.05016412252678
98,1.03109236809174,1.03109236809174,1.08098195714336,1.01111238728515,0.996157561238056,0.996157561238056,1.07313624579381,0.955916612679086,0.922561724672242,0.922561724672242,1.03444296993864,0.839209906146405,1.03612216764252,1.03612216764252,1.19629265541145,0.839548818184401,1.29425771255159,1.29425771255159,1.1605792979434,1.15143692225854,1.01003320240651,1.01003320240651,0.986226042618482,1.08297062657002,1.05846885690943,1.05846885690943,1.07814624140496,1.04682495360981
99,1.03049035008974,1.03049035008974,1.08164830413267,1.00971193649375,0.995347435256133,0.995347435256133,1.07124470457576,0.955540667289186,0.926310766597904,0.926310766597904,1.03663782685839,0.843436535330775,1.05653880021769,1.05653880021769,1.20998512075886,0.861393719882143,1.24715883192155,1.24715883192155,1.11380880278441,1.14253098827011,0.995759859447162,0.995759859447162,0.9728077208683,1.07414725455246,1.05622330846424,1.05622330846424,1.07633774948998,1.04359277005184
100,1.02944126628836,1.02944126628836,1.08175749620063,1.00799611356858,0.994103954811713,0.994103954811713,1.06918174349245,0.954966275419728,0.930279296425054,0.930279296425054,1.03796256878361,0.848399888281152,1.0709304691163,1.0709304691163,1.21879369151604,0.885287087157917,1.19272736338752,1.19272736338752,1.05972293733465,1.13026093723611,0.981255609010378,0.981255609010378,0.957939195197502,1.06515803579001,1.05369369235655,1.05369369235655,1.07411749510991,1.03998205201646
101,1.02876947197043,1.02876947197043,1.08192709111759,1.00663745296872,0.99360045216493,0.99360045216493,1.0680202173768,0.955042686439246,0.936884592785741,0.936884592785741,1.04079306989345,0.854787494408557,1.09350458463908,1.09350458463908,1.23590856511585,0.90964466534202,1.13769384037063,1.13769384037063,1.01036952478575,1.11711321503682,0.967331205292726,0.967331205292726,0.943340581855386,1.05672424102808,1.05103780355165,1.05103780355165,1.07215575905259,1.03659710789285
102,1.02804875292928,1.02804875292928,1.08176192614199,1.00511084204441,0.993061203274414,0.993061203274414,1.06660384593333,0.955091564100744,0.942796346200603,0.942796346200603,1.04309247832336,0.860846911205819,1.10775001655525,1.10775001655525,1.24740313628076,0.936320599167135,1.0838347196838,1.0838347196838,0.965355722320948,1.1013593645256,0.955103839149117,0.955103839149117,0.931319224438054,1.04966502311052,1.04912290227578,1.04912290227578,1.07131924733069,1.0336684782672
103,1.02763793829334,1.02763793829334,1.08170206206964,1.00407234732498,0.992512727575686,0.992512727575686,1.06528282996279,0.955181146697873,0.948159587841438,0.948159587841438,1.04558667509546,0.866942585434264,1.1247447037413,1.1247447037413,1.25686597708454,0.961777529541117,1.04372085932044,1.04372085932044,0.928652427601706,1.08320752906181,0.946224701104666,0.946224701104666,0.923836674534679,1.04412314031381,1.04808842100796,1.04808842100796,1.07080375286671,1.0309345256774
104,1.02694849664123,1.02694849664123,1.08142375399729,1.00280724938068,0.991849252850107,0.991849252850107,1.06404786236489,0.954704827538825,0.952852857568193,0.952852857568193,1.04692754368343,0.872463077221549,1.12972846010288,1.12972846010288,1.25989091392334,0.980322575402136,0.991414405457844,0.991414405457844,0.897640045039005,1.0601547847492,0.936724607285052,0.936724607285052,0.917135561504251,1.03659629961361,1.04662474722788,1.04662474722788,1.07120301554476,1.02797215102337
105,1.0264222330494,1.0264222330494,1.08115436567173,1.0014005385201,0.990459304463413,0.990459304463413,1.06225641477991,0.953892474456976,0.955386327521434,0.955386327521434,1.04660591642077,0.876554549596721,1.13400832912232,1.13400832912232,1.25908841819519,0.99493802194614,0.948422962319468,0.948422962319468,0.868981823729664,1.02974330541937,0.930277453124836,0.930277453124836,0.913361918298207,1.03027022186534,1.04585676684404,1.04585676684404,1.07198798593701,1.02509504687825
106,1.02577583367579,1.02577583367579,1.08063941492139,1.00004125755303,0.988814366204749,0.988814366204749,1.05984536814592,0.953168593116313,0.95663878122588,0.95663878122588,1.04551673249073,0.879285602300468,1.12721025926525,1.12721025926525,1.24963218617976,1.00295825498441,0.916182350629253,0.916182350629253,0.857462938777804,0.999636235752593,0.926689120267912,0.926689120267912,0.91449374594646,1.02651265492977,1.04591883204761,1.04591883204761,1.0738408764462,1.02313715427942
107,1.02537405791834,1.02537405791834,1.08026652161473,0.999036037075175,0.987446537715887,0.987446537715887,1.05751300881434,0.951858814612495,0.957754938905586,0.957754938905586,1.04345813681127,0.88122205552646,1.11604750293894,1.11604750293894,1.2408066213954,1.01058714743137,0.899134702640717,0.899134702640717,0.853129119988307,0.970889903297607,0.926603139632078,0.926603139632078,0.919184843444032,1.02499466942953,1.04668099764413,1.04668099764413,1.07623978037991,1.02159388669282
108,1.02471751969691,1.02471751969691,1.07969715442263,0.997605865054427,0.985203201226648,0.985203201226648,1.05446214134071,0.949806349563835,0.957145558408405,0.957145558408405,1.04018406187666,0.881239928908029,1.09870282190824,1.09870282190824,1.2243063651121,1.01157854359605,0.889644422766058,0.889644422766058,0.858212911428013,0.946975965835657,0.9296346189707,0.9296346189707,0.927096670687977,1.0256279763622,1.0483270721211,1.0483270721211,1.07953404243553,1.02078725945643
109,1.02410660629069,1.02410660629069,1.0793789768781,0.996561561441974,0.98350522409694,0.98350522409694,1.0516627347948,0.948611941384398,0.958114743772523,0.958114743772523,1.03686903609058,0.88312446421613,1.08531921327526,1.08531921327526,1.21024475172973,1.01334542387504,0.881822665594738,0.881822665594738,0.860367273017803,0.925607448205826,0.933350598930418,0.933350598930418,0.935394794475722,1.02728644381105,1.0500855862223,1.0500855862223,1.08297318838632,1.02051026271012
110,1.02343992922143,1.02343992922143,1.07880996887043,0.995154906978411,0.980646380063885,0.980646380063885,1.04830194088166,0.946752527229285,0.957992451713703,0.957992451713703,1.03237495193937,0.884546844943661,1.06556649660037,1.06556649660037,1.19113874461151,1.0108165539849,0.870647029256528,0.870647029256528,0.862263921998061,0.906290009929643,0.936289269349323,0.936289269349323,0.943685135732366,1.02772203540865,1.05143063834112,1.05143063834112,1.08605771375561,1.01978648481467
111,1.02272408830517,1.02272408830517,1.07816696886934,0.99388134948117,0.978692924224687,0.978692924224687,1.04471346145153,0.944831936650446,0.957927562049839,0.957927562049839,1.02861653352697,0.88619000448924,1.05062205190813,1.05062205190813,1.17363489661171,1.01143460222913,0.869269631582733,0.869269631582733,0.871225950385695,0.888344583297211,0.941042869753804,0.941042869753804,0.953266315897738,1.0291484800095,1.05303429547482,1.05303429547482,1.08972242404514,1.01924293260885
112,1.02187596411964,1.02187596411964,1.07728283638484,0.992570231568857,0.976993602791796,0.976993602791796,1.04150665774312,0.94341456381385,0.958119596632,0.958119596632,1.02501775095592,0.888852457452298,1.03458082984759,1.03458082984759,1.15030398551295,1.01357393079503,0.865216656256462,0.865216656256462,0.878122417034014,0.873603697134857,0.945550094527565,0.945550094527565,0.963335673014067,1.02982032192113,1.05450623237372,1.05450623237372,1.09302658852945,1.01880946788347
113,1.02097178932255,1.02097178932255,1.07648275305791,0.991118572283631,0.975567785951987,0.975567785951987,1.03768338555578,0.942175165968716,0.956979451961164,0.956979451961164,1.02162480983297,0.891014966399468,1.0144742196752,1.0144742196752,1.12795306331515,1.01569436705652,0.856842355661722,0.856842355661722,0.884174319887053,0.868219722239529,0.949082128880636,0.949082128880636,0.973123444005061,1.03098791552409,1.05525070877514,1.05525070877514,1.09618935931887,1.01789366110462
114,1.02036140198862,1.02036140198862,1.07533635607244,0.98989966349841,0.973624473491353,0.973624473491353,1.03314871246662,0.940430725403718,0.954733687248344,0.954733687248344,1.0158675912322,0.892911247072601,0.995409791730996,0.995409791730996,1.09766876276016,1.01578253114376,0.854309369860451,0.854309369860451,0.890082405590952,0.86510624448917,0.953842836274465,0.953842836274465,0.983750667100854,1.03194169690203,1.0567591870217,1.0567591870217,1.09943768059877,1.01739951585737
115,1.01934225648318,1.01934225648318,1.07399623894886,0.988447214654908,0.971191284729838,0.971191284729838,1.0286125163974,0.938401191595598,0.953092172866972,0.953092172866972,1.01051770676464,0.894581642247237,0.971406453433161,0.971406453433161,1.06881101637602,1.01425495338729,0.846051915366004,0.846051915366004,0.896219247431402,0.865750621639174,0.958158172335838,0.958158172335838,0.99366879548781,1.03238606862141,1.05745377866877,1.05745377866877,1.10250483613412,1.01648310378653
116,1.01831698940923,1.01831698940923,1.07254279913632,0.98712470454463,0.969472470900791,0.969472470900791,1.02398088024526,0.936289454447685,0.951425284963192,0.951425284963192,1.00503790300281,0.895150186003814,0.946956604882273,0.946956604882273,1.038631512322,1.01269139028908,0.843330787538838,0.843330787538838,0.904731485272063,0.867060190275119,0.964334285431716,0.964334285431716,1.00442124658407,1.0341939607355,1.05841909457166,1.05841909457166,1.10539179993431,1.01575168407973
117,1.01716575193354,1.01716575193354,1.07095885564607,0.985574519666114,0.967406521327038,0.967406521327038,1.01930389313173,0.93417660644383,0.949361294501067,0.949361294501067,1.00010912375126,0.896408642288954,0.923700050108102,0.923700050108102,1.00961798735535,1.00934835204228,0.844151680904457,0.844151680904457,0.911832577662782,0.864083740236336,0.97249924072309,0.97249924072309,1.01503768026174,1.03583795724288,1.05914759561003,1.05914759561003,1.1080033625825,1.01477292693406
118,1.01605349163226,1.01605349163226,1.06965639302399,0.984279813286512,0.965655444221596,0.965655444221596,1.01408751725164,0.932209439262232,0.947072131359209,0.947072131359209,0.993755399827293,0.896013555444938,0.894975207103861,0.894975207103861,0.977044213693587,1.00299244105906,0.841840504649505,0.841840504649505,0.92141910065104,0.862029191826698,0.982109144495762,0.982109144495762,1.02615484906556,1.03869539910033,1.05967092646855,1.05967092646855,1.1109882143253,1.01382261851186
119,1.01469096439387,1.01469096439387,1.06762077510787,0.982757150153574,0.963451275838739,0.963451275838739,1.00935003398625,0.929992567533986,0.944046304148746,0.944046304148746,0.987710256877021,0.895741539599726,0.8662191668767,0.8662191668767,0.941552187919239,0.996587050230959,0.842351458782991,0.842351458782991,0.929268235260436,0.860513214359392,0.992379440866841,0.992379440866841,1.03698459484572,1.04067369061505,1.06010838209964,1.06010838209964,1.11349547680247,1.01281919571765
120,1.01367004937253,1.01367004937253,1.06586178907007,0.981452969074675,0.961637505321209,0.961637505321209,1.00409042239484,0.92793351669652,0.940766603061072,0.940766603061072,0.981483734270456,0.895809969117733,0.834687548722811,0.834687548722811,0.910202928327368,0.991969231253341,0.848594803379164,0.848594803379164,0.94420881010289,0.85496272477658,1.00406597905636,1.00406597905636,1.04995418292757,1.04418720268389,1.06074427499895,1.06074427499895,1.11608699109094,1.0124426284392
121,1.01182984849226,1.01182984849226,1.06395350203584,0.979927768075854,0.95944103612931,0.95944103612931,0.998345910878543,0.925352204872071,0.937406483159208,0.937406483159208,0.974788270055017,0.894985750893379,0.80492734788289,0.80492734788289,0.876442405100573,0.98375467736972,0.85149120035677,0.85149120035677,0.957883987076072,0.854729430761302,1.01478540928367,1.01478540928367,1.06198173099465,1.04733081147369,1.06086516136685,1.06086516136685,1.11807681108536,1.01109033047502
122,1.01043838727776,1.01043838727776,1.06189812897584,0.978497821643185,0.957242978215467,0.957242978215467,0.993320753604324,0.923167071885058,0.933685865124768,0.933685865124768,0.96884894700412,0.89437260879422,0.775245140100269,0.775245140100269,0.846066525621311,0.975700258256802,0.860058594083351,0.860058594083351,0.969927949404655,0.848410545276869,1.02647710352429,1.02647710352429,1.07418527039005,1.05040060220254,1.06084630921429,1.06084630921429,1.12015640227757,1.01029149637298
123,1.00888891307641,1.00888891307641,1.05983766746969,0.977253308611052,0.954688863272158,0.954688863272158,0.987523699276417,0.920379458242596,0.92929458191061,0.92929458191061,0.961920823968821,0.892380662974023,0.743556560918561,0.743556560918561,0.814060163644981,0.965563187491207,0.865104761262114,0.865104761262114,0.985474679748179,0.85097417765293,1.0382145054611,1.0382145054611,1.08768212495408,1.05368241661308,1.06112113442537,1.06112113442537,1.1222276332226,1.00925273965894
124,1.00732375235577,1.00732375235577,1.05773727662729,0.975883086622169,0.951831363542287,0.951831363542287,0.982022103077576,0.917726178822402,0.923621173222631,0.923621173222631,0.95439710160262,0.891075906119485,0.714246769984557,0.714246769984557,0.783762645513292,0.956588443263521,0.875300078623287,0.875300078623287,0.996126800942139,0.848133020797728,1.04932732845171,1.04932732845171,1.10096725929699,1.05675171955738,1.06136058124625,1.06136058124625,1.12415097707689,1.00869753558234
125,1.00522209354597,1.00522209354597,1.05513420716939,0.974230484756008,0.948657524831542,0.948657524831542,0.976208126749149,0.915272615431414,0.91828496894174,0.91828496894174,0.94683568995719,0.889725699808956,0.691664855156047,0.691664855156047,0.752139593261229,0.94496787678507,0.879334239746969,0.879334239746969,1.0046361431355,0.846192083971738,1.05944294328993,1.05944294328993,1.11266741043065,1.05997126014117,1.06053096411685,1.06053096411685,1.12533626532402,1.00732261483008
126,1.00320408023073,1.00320408023073,1.05255646021408,0.973084046141009,0.945761773565641,0.945761773565641,0.970851044434744,0.91316548040098,0.912709310708941,0.912709310708941,0.939884917114661,0.888452604373197,0.66796276504204,0.66796276504204,0.721528629739252,0.935613487202123,0.881503814371904,0.881503814371904,1.01087433263139,0.844262421577713,1.06832877026553,1.06832877026553,1.12393421608248,1.06231847936583,1.05985773416214,1.05985773416214,1.12611409298083,1.00613503194832
127,1.00100093729317,1.00100093729317,1.04968238610065,0.971390443641578,0.942316446716589,0.942316446716589,0.965107463628478,0.911381445756295,0.906377161010244,0.906377161010244,0.932227470286579,0.886287031417758,0.647545157553653,0.647545157553653,0.690112338151265,0.926740401564827,0.884386348252865,0.884386348252865,1.01708453087005,0.838275698204251,1.07781632233924,1.07781632233924,1.13488812860886,1.06526144611329,1.05873437846081,1.05873437846081,1.12696253631763,1.00427194320721
128,0.998969437397335,0.998969437397335,1.04688098697106,0.969722783771176,0.938907721576933,0.938907721576933,0.959606798139666,0.909643749673809,0.899770616771406,0.899770616771406,0.924326673929624,0.885074875702015,0.632799595157538,0.632799595157538,0.66163129270305,0.916995571024099,0.8929131429107,0.8929131429107,1.03348161630346,0.830929104883,1.08731850644984,1.08731850644984,1.14598760984199,1.06824278524487,1.05764034152921,1.05764034152921,1.12735968864203,1.00257841188443
129,0.996664284259724,0.996664284259724,1.04386180234626,0.968128214438212,0.935344218257143,0.935344218257143,0.954611508196364,0.90749813141963,0.893084624290273,0.893084624290273,0.916783382129977,0.88288121600411,0.61815152408305,0.61815152408305,0.636039231876161,0.905976859386098,0.906107840253128,0.906107840253128,1.04286544398085,0.824216481543786,1.09594903921985,1.09594903921985,1.15545912706911,1.07047943997294,1.05609752543333,1.05609752543333,1.12765010577195,1.0008605932206
130,0.994581516227713,0.994581516227713,1.04116175309115,0.966775701113492,0.932306398586658,0.932306398586658,0.949755401707334,0.905831292076946,0.887266461736753,0.887266461736753,0.909349353000405,0.881460367280714,0.604940475089347,0.604940475089347,0.611234560975476,0.898940825444164,0.920301670775182,0.920301670775182,1.05777609713455,0.816324379168224,1.10559782240484,1.10559782240484,1.16666119621222,1.07373166212116,1.05471354484364,1.05471354484364,1.128244738498,0.999210415936503
131,0.992145658037715,0.992145658037715,1.03794687281385,0.965043805037734,0.92884121271331,0.92884121271331,0.945006326871588,0.903952596636534,0.880291100177664,0.880291100177664,0.901947214799411,0.879051205667891,0.594633692566918,0.594633692566918,0.587887599962153,0.889817641681837,0.941645888502464,0.941645888502464,1.07575710164002,0.810348930226728,1.1145839833477,1.1145839833477,1.17662159789312,1.07664617477023,1.05336494264414,1.05336494264414,1.12829084160862,0.997492445949676
132,0.990049068651829,0.990049068651829,1.03442471025318,0.963610869563024,0.925615435015943,0.925615435015943,0.940302856827242,0.902177448839393,0.874030772799227,0.874030772799227,0.89462516631678,0.877027257983551,0.586792465568442,0.586792465568442,0.567410741317729,0.883805390712147,0.964500193542857,0.964500193542857,1.09178547465079,0.800366721617638,1.12337337823255,1.12337337823255,1.18748495005758,1.07925273277734,1.05160575525178,1.05160575525178,1.12824977087979,0.995854601489849
133,0.987218847541234,0.987218847541234,1.03098342405426,0.961612610363563,0.92204624895997,0.92204624895997,0.93580676589926,0.900631613447659,0.868024180644872,0.868024180644872,0.887506784900754,0.874671035624709,0.578555423804159,0.578555423804159,0.548452015768433,0.874803657478163,0.988511076931915,0.988511076931915,1.10414313210334,0.791405282733387,1.13051060712315,1.13051060712315,1.19524572544786,1.08059105097062,1.0487163568299,1.0487163568299,1.12716277641252,0.993611465041357
134,0.984681026975937,0.984681026975937,1.02745988461993,0.960045506379158,0.918522524793464,0.918522524793464,0.931828234357161,0.898397761492853,0.861039806632468,0.861039806632468,0.88015483867258,0.871067591677713,0.569132887568889,0.569132887568889,0.531815807267654,0.8632181767079,1.00786792073303,1.00786792073303,1.12106529491346,0.782634641928546,1.13770246228482,1.13770246228482,1.20365245091963,1.08116598635289,1.04657682113873,1.04657682113873,1.1261458294531,0.991434002773634
135,0.982102985792617,0.982102985792617,1.02380542245937,0.958307406631241,0.914712830677086,0.914712830677086,0.927577427826707,0.896100194015024,0.854126561674685,0.854126561674685,0.871315253105586,0.868310324680998,0.55992970680728,0.55992970680728,0.514371438363,0.856772302370352,1.02156862110299,1.02156862110299,1.13397409056841,0.771659416042531,1.14275302336185,1.14275302336185,1.21066132768001,1.08071641159837,1.04352283363163,1.04352283363163,1.12507928918279,0.98863566224854
136,0.979519062164568,0.979519062164568,1.01998525654656,0.957012813045678,0.911561600701695,0.911561600701695,0.923566236823607,0.895004413973968,0.848117751070283,0.848117751070283,0.863187596279423,0.865880225678337,0.552642230515647,0.552642230515647,0.497898561345715,0.850966967115615,1.03545746349886,1.03545746349886,1.14827183171068,0.761196743178929,1.14784664443316,1.14784664443316,1.21637971928307,1.08015269526061,1.04054945743923,1.04054945743923,1.12309880344492,0.986076336397469
137,0.976730783363137,0.976730783363137,1.01606356116704,0.95526433624615,0.907853462580335,0.907853462580335,0.919516040609309,0.892776751073703,0.841589823154972,0.841589823154972,0.854321555737585,0.863104744854691,0.545610181486676,0.545610181486676,0.483278977404136,0.844297983659336,1.05076826352202,1.05076826352202,1.16166227003289,0.749336040751656,1.15221995123117,1.15221995123117,1.22130305458376,1.07952459136307,1.03706027900768,1.03706027900768,1.12103292955147,0.983516859223401
138,0.974252839389714,0.974252839389714,1.01192414015639,0.953848150686269,0.904106156352594,0.904106156352594,0.915311938800288,0.891281221586822,0.835175313498294,0.835175313498294,0.84666682688637,0.860854060558447,0.537581771150675,0.537581771150675,0.471794791478055,0.837479661034874,1.06776144934517,1.06776144934517,1.17542431642501,0.728844327023109,1.15655159156223,1.15655159156223,1.22574546483748,1.07892884384027,1.03407343699202,1.03407343699202,1.1191724904696,0.980582857631347
139,0.971244758019394,0.971244758019394,1.00758441395967,0.952205079916425,0.900540453263959,0.900540453263959,0.91118517053364,0.889583436971436,0.828593449516225,0.828593449516225,0.83734235424621,0.857555315211532,0.533511508472739,0.533511508472739,0.467065731357721,0.833053464001973,1.08556364587966,1.08556364587966,1.19264666133837,0.709164372396049,1.1602738423949,1.1602738423949,1.22940714572107,1.07692339898595,1.03075343826725,1.03075343826725,1.11706376016346,0.977648553393298
140,0.968505116992671,0.968505116992671,1.00352377406824,0.950458125836427,0.896833476131713,0.896833476131713,0.906963131404069,0.887465986850101,0.823018345895938,0.823018345895938,0.829132433320191,0.854907841844455,0.529883856394991,0.529883856394991,0.462300794957776,0.825435367157542,1.10516408409325,1.10516408409325,1.21040084013882,0.694776462680602,1.16412624867954,1.16412624867954,1.23431951472794,1.0752140393497,1.02757862560053,1.02757862560053,1.11496339010449,0.975079769854905
141,0.965517408967509,0.965517408967509,0.999107960635559,0.949046734023215,0.892662103354375,0.892662103354375,0.902756152854959,0.884909986671785,0.816246111169243,0.816246111169243,0.820452121197633,0.852573407988859,0.527957427879637,0.527957427879637,0.462976779594661,0.817191125366993,1.12273654931191,1.12273654931191,1.22877951353989,0.676971532815735,1.16665271371628,1.16665271371628,1.23811579802446,1.07263203316463,1.02457880742791,1.02457880742791,1.11260799192305,0.971729403036148
142,0.962472646010954,0.962472646010954,0.995017209115732,0.947284327159838,0.889167037287546,0.889167037287546,0.898848439885034,0.883308053054922,0.810064677420588,0.810064677420588,0.813655185845806,0.850207653159847,0.527940854354961,0.527940854354961,0.462749248452916,0.811602601796184,1.13411518099385,1.13411518099385,1.24692074386251,0.659061664007194,1.16714198115942,1.16714198115942,1.24038529021929,1.06810409183959,1.021077632172,1.021077632172,1.11000763038271,0.968347031403491
143,0.95967781521824,0.95967781521824,0.99056020920128,0.945740740732618,0.885401766280903,0.885401766280903,0.894529945352503,0.881378496281684,0.803886016734492,0.803886016734492,0.805158065364118,0.848922982581738,0.531878528835484,0.531878528835484,0.464947142635415,0.805483294434845,1.14177751255376,1.14177751255376,1.25919056668035,0.647690098474406,1.16684293019588,1.16684293019588,1.24181833719634,1.06308186217684,1.01756446009174,1.01756446009174,1.10688584915467,0.965297040734109
144,0.956723154098017,0.956723154098017,0.986159960427414,0.944221912597014,0.881962244377414,0.881962244377414,0.890763108036901,0.879969772252074,0.798545098247251,0.798545098247251,0.798188266683517,0.848326011637333,0.540293979718344,0.540293979718344,0.466765503544132,0.804018691026397,1.15144603224242,1.15144603224242,1.27107237276024,0.6317064230039,1.16599106694329,1.16599106694329,1.24245279035688,1.05836287190548,1.01378845962475,1.01378845962475,1.10341391155478,0.961743976760648
145,0.953587524109066,0.953587524109066,0.981451052496521,0.942653567878178,0.87893297936355,0.87893297936355,0.886570174748223,0.878973096430517,0.79246515858823,0.79246515858823,0.791818597295264,0.848190854828135,0.550798669623676,0.550798669623676,0.471263256072235,0.808975671849829,1.16875707906721,1.16875707906721,1.2812129295982,0.618650630788328,1.16558778013599,1.16558778013599,1.24281556243167,1.05367477465523,1.01004232880208,1.01004232880208,1.10010690620978,0.958872925535415
146,0.950570308210753,0.950570308210753,0.977060741158665,0.941056347885291,0.875747652971058,0.875747652971058,0.882135849122137,0.877842324427252,0.787817644393686,0.787817644393686,0.784517386635284,0.848557174038959,0.557717628719559,0.557717628719559,0.476535180949845,0.815836277250825,1.17752746813752,1.17752746813752,1.28773392731353,0.618941164227428,1.16424191144736,1.16424191144736,1.2423348142604,1.04963071559761,1.00706595340359,1.00706595340359,1.09650128582259,0.956314053653336
147,0.947772799231821,0.947772799231821,0.972696829876714,0.939424330931295,0.873333895501009,0.873333895501009,0.878095383058138,0.8777598830469,0.782521649519889,0.782521649519889,0.778435098001156,0.849711454042955,0.565954670483842,0.565954670483842,0.481996872464345,0.826684058515604,1.18921702927278,1.18921702927278,1.29545372301028,0.616508488714961,1.16370944465721,1.16370944465721,1.24222196755942,1.04658157441445,1.00443919974356,1.00443919974356,1.09313226854711,0.954016894894855
148,0.945170893496308,0.945170893496308,0.96796008515218,0.937991169868506,0.870476456875828,0.870476456875828,0.873779680655692,0.877417183988441,0.778287044340273,0.778287044340273,0.772155665444904,0.852015077593179,0.58052182376138,0.58052182376138,0.488469708596309,0.838956859312927,1.20707467819386,1.20707467819386,1.30745038976633,0.615525011342006,1.16290301039535,1.16290301039535,1.24093218990493,1.0431433437602,1.00212179276879,1.00212179276879,1.08938265710667,0.95227108147655
149,0.942518867418716,0.942518867418716,0.963493626714297,0.93657594305796,0.868137063813683,0.868137063813683,0.869818917214139,0.877024020331421,0.774231579001922,0.774231579001922,0.766919030013489,0.854195459921919,0.598313015045129,0.598313015045129,0.498123260149596,0.85395105157865,1.21795819928134,1.21795819928134,1.31423392617002,0.61132225001102,1.16126756672898,1.16126756672898,1.23901503411818,1.04055255745335,0.999682520093513,0.999682520093513,1.08540301711783,0.950188271743555
150,0.939958521394336,0.939958521394336,0.958845181496476,0.934822277732625,0.865466788854411,0.865466788854411,0.865773712989994,0.876912855390254,0.771155559359153,0.771155559359153,0.761149671116041,0.856051568042191,0.614114408454467,0.614114408454467,0.509226968689273,0.868505323041712,1.22982302956704,1.22982302956704,1.31922216124889,0.605353739181502,1.15783098899754,1.15783098899754,1.23536997955103,1.03503246236625,0.997190057416359,0.997190057416359,1.08095958632956,0.94792395007546
151,0.937502242034426,0.937502242034426,0.954077786366899,0.933289632327213,0.863710334536236,0.863710334536236,0.862610652652922,0.877289911636098,0.769506419055746,0.769506419055746,0.757446337034821,0.858856497389756,0.636373627008391,0.636373627008391,0.524334658856089,0.886937914709822,1.22855257578165,1.22855257578165,1.32838012843703,0.596779967304051,1.1529731527493,1.1529731527493,1.23130696768855,1.02937741355538,0.994570403917686,0.994570403917686,1.07657589478321,0.945523059402422
152,0.935202445269251,0.935202445269251,0.949387256706218,0.9316903256446,0.861822444029562,0.861822444029562,0.85896210012095,0.877291419226306,0.766911664419967,0.766911664419967,0.753214084655183,0.861582443413055,0.656642072774688,0.656642072774688,0.541579819997638,0.900696010487088,1.2287001187388,1.2287001187388,1.33108080215039,0.588676252513144,1.14670994419573,1.14670994419573,1.22522191274515,1.02253460938041,0.991778816339296,0.991778816339296,1.07144643672213,0.942617582195333
153,0.932878353529099,0.932878353529099,0.94487224850566,0.930114254534074,0.860406220626106,0.860406220626106,0.855837368115055,0.877352516303179,0.765918908024104,0.765918908024104,0.750286279973494,0.865103840027515,0.681789959188427,0.681789959188427,0.55912143250229,0.91712781715496,1.22878329731867,1.22878329731867,1.33885078906697,0.580952399353062,1.14139321939999,1.14139321939999,1.21890125936019,1.01525523803876,0.98925697368412,0.98925697368412,1.06679294457773,0.940263752974414
154,0.930862253204014,0.930862253204014,0.940286061923081,0.928752661289194,0.859570308464942,0.859570308464942,0.852767632610846,0.878156299924895,0.764593800080631,0.764593800080631,0.747041740387511,0.868029797701705,0.704743315952337,0.704743315952337,0.576581851321506,0.931259260852684,1.22096748147448,1.22096748147448,1.34345004219213,0.57923174758239,1.13467418805904,1.13467418805904,1.21216671682117,1.00923223708703,0.986408584814888,0.986408584814888,1.06198214991857,0.938289668814884
155,0.928513244767084,0.928513244767084,0.93548232930159,0.927310138321148,0.85937361246737,0.85937361246737,0.850175097521283,0.879557724044022,0.76548783544942,0.76548783544942,0.745014310842802,0.872322132841176,0.730398157238537,0.730398157238537,0.598530581542613,0.950766014971462,1.21563117948736,1.21563117948736,1.35038994354992,0.579845770492488,1.12796923134406,1.12796923134406,1.20527298614596,1.00241577327742,0.983489561581828,0.983489561581828,1.05722054273306,0.936063556203573
156,0.926296806547944,0.926296806547944,0.930496190851654,0.92573130375666,0.858711665359046,0.858711665359046,0.84739193609587,0.88121282005245,0.765994058019433,0.765994058019433,0.742157717155042,0.876743666995989,0.753594267393299,0.753594267393299,0.615814451301636,0.965954528082531,1.20470012778282,1.20470012778282,1.34832920788943,0.578721796351969,1.11926832544423,1.11926832544423,1.19731481746681,0.994294485813203,0.980169073190755,0.980169073190755,1.05149279941076,0.933428720176916
157,0.92449586979062,0.92449586979062,0.925719636519008,0.924268252273469,0.858020204685381,0.858020204685381,0.844523910837852,0.882561081780012,0.765279301145037,0.765279301145037,0.73827717098206,0.879891595046998,0.774658242344074,0.774658242344074,0.631215760493692,0.978076190444584,1.19298284045427,1.19298284045427,1.34840063385612,0.581735538742637,1.11070635421851,1.11070635421851,1.18817635719573,0.98652033834931,0.977220547563097,0.977220547563097,1.0465952367494,0.931337739002074
158,0.922738357909831,0.922738357909831,0.920833650662111,0.922989675441481,0.857001161767858,0.857001161767858,0.842110918173799,0.883962188511726,0.764753528483988,0.764753528483988,0.734191870551725,0.882912877422889,0.792692187018675,0.792692187018675,0.641873847876093,0.987473762437609,1.172781337979,1.172781337979,1.34261513055451,0.584326923566612,1.10001869641417,1.10001869641417,1.17819013166163,0.97784037498762,0.973706090108791,0.973706090108791,1.04100344890295,0.928990341008535
159,0.921187975038149,0.921187975038149,0.916094571238755,0.921866472398569,0.857181420603781,0.857181420603781,0.840221915255827,0.88600521128487,0.766650857886361,0.766650857886361,0.73204358163564,0.887338667144743,0.812247971223877,0.812247971223877,0.656825759460387,0.998801048380953,1.15468009464545,1.15468009464545,1.33435674446031,0.591532152856301,1.08952836207877,1.08952836207877,1.16772757984893,0.968952452815432,0.970314416479302,0.970314416479302,1.03514794801707,0.926433663309914
160,0.919507652310142,0.919507652310142,0.911256476639735,0.920793575497164,0.857924025903096,0.857924025903096,0.838952765216878,0.888618103156846,0.770102904812031,0.770102904812031,0.731336907650086,0.893873515891741,0.841541188633204,0.841541188633204,0.678959535755277,1.01675233610341,1.12936112906582,1.12936112906582,1.31963237794945,0.597446026053989,1.07644188634049,1.07644188634049,1.15514888707926,0.95907546618331,0.966799897816709,0.966799897816709,1.02921420171105,0.923545966554993
161,0.917922548667134,0.917922548667134,0.906379290801473,0.91976918003264,0.859427812327528,0.859427812327528,0.838287730596468,0.891281856361646,0.775646811478538,0.775646811478538,0.732114611431111,0.901311055519315,0.878292492147013,0.878292492147013,0.703387505720044,1.03530907720049,1.10456202961038,1.10456202961038,1.29867078715847,0.605899248235813,1.06192091357583,1.06192091357583,1.1409636322641,0.947306363305871,0.962511828816111,0.962511828816111,1.0226238107485,0.920913551696291
162,0.916277472782746,0.916277472782746,0.901511743078858,0.918604243195203,0.861706345118289,0.861706345118289,0.838654007297709,0.894745029111244,0.78353714502873,0.78353714502873,0.736266411695471,0.911312148731932,0.920268355586824,0.920268355586824,0.736438056255585,1.06110876795446,1.07217783584777,1.07217783584777,1.26520289568698,0.614068875090515,1.04498607278213,1.04498607278213,1.12511026265745,0.934429826919207,0.95808242987957,0.95808242987957,1.01539982668473,0.917626059582857
163,0.91512169195543,0.91512169195543,0.896721120689211,0.91803452050292,0.865332908478307,0.865332908478307,0.840437839982454,0.89889256846867,0.794346820187148,0.794346820187148,0.742855512416162,0.92214665219371,0.972098641816714,0.972098641816714,0.778789060224029,1.09027668669444,1.04249100460379,1.04249100460379,1.23398492216611,0.624554096818047,1.02842107413998,1.02842107413998,1.10885184768208,0.921129893548543,0.953736151797516,0.953736151797516,1.00850960316825,0.914596951487084
164,0.913913877795879,0.913913877795879,0.892165764103891,0.917158731185116,0.869287848443156,0.869287848443156,0.842880699977423,0.902995356200958,0.805792497243307,0.805792497243307,0.75189477868369,0.933696090918249,1.02131908536664,1.02131908536664,0.819502028794433,1.11335948414773,1.01678189187573,1.01678189187573,1.20066374349106,0.638768553734032,1.01164495610838,1.01164495610838,1.09275509710279,0.907455666837954,0.949127657411616,0.949127657411616,1.00113732617649,0.911557326443008
165,0.912643939281022,0.912643939281022,0.887244159123946,0.916505258918686,0.873093509649984,0.873093509649984,0.845381687044177,0.907210102342944,0.816399738834971,0.816399738834971,0.759824204396982,0.944534849947068,1.06609294973715,1.06609294973715,0.859830743527949,1.13463941598029,0.996507113032486,0.996507113032486,1.17364445855244,0.654810335892358,0.997631924052984,0.997631924052984,1.07859655051936,0.896598395867685,0.945801905107814,0.945801905107814,0.994673881103033,0.909721475841388
166,0.911672475055207,0.911672475055207,0.882542614473953,0.915558916929327,0.876942432977434,0.876942432977434,0.848138027098767,0.911151260535505,0.827288307623172,0.827288307623172,0.768187056821414,0.954768978010808,1.1111505138536,1.1111505138536,0.897544266300329,1.15327622446273,0.977335440593706,0.977335440593706,1.15118195724528,0.669742887398119,0.984386446847135,0.984386446847135,1.06528258543623,0.887043997413848,0.942384646414131,0.942384646414131,0.988427883623506,0.908046405924258
167,0.910701441252177,0.910701441252177,0.878387509076351,0.914854461757153,0.88101102766595,0.88101102766595,0.851265297404741,0.915439799250857,0.838943212249353,0.838943212249353,0.77754867514543,0.966303777584729,1.15630264455203,1.15630264455203,0.939517625220234,1.17241142992813,0.962337550466245,0.962337550466245,1.13005241891101,0.683277409340209,0.971937788564622,0.971937788564622,1.05333816895139,0.879066606390047,0.939267002287984,0.939267002287984,0.983097211458157,0.906670955541516
168,0.90974776783481,0.90974776783481,0.874531364856056,0.914109569921905,0.885370358470169,0.885370358470169,0.854362784989801,0.919784594885044,0.851101566382989,0.851101566382989,0.788632222414246,0.977408935110267,1.20015229119351,1.20015229119351,0.980362769557627,1.18948197641173,0.945439425877236,0.945439425877236,1.11495740954599,0.698238580557881,0.960560334735358,0.960560334735358,1.04152269485685,0.870611186513343,0.936444504524384,0.936444504524384,0.97746979110192,0.905588844788781
169,0.909081473363582,0.909081473363582,0.872115669944598,0.91348266065172,0.889826601312956,0.889826601312956,0.858266775119611,0.924671170832072,0.864751134907338,0.864751134907338,0.800510687317581,0.988635120962429,1.24206283544783,1.24206283544783,1.02352193392994,1.20491518984657,0.940015984425493,0.940015984425493,1.10614788524939,0.713498957854627,0.95214510193676,0.95214510193676,1.03354577735278,0.865227996288204,0.934418877456342,0.934418877456342,0.972611188815728,0.905425188967346
170,0.90865779386885,0.90865779386885,0.869754810523411,0.913272468959566,0.894905867576445,0.894905867576445,0.862171865179456,0.929333433225438,0.878908451186107,0.878908451186107,0.812707880308247,0.999160670257086,1.28337380807415,1.28337380807415,1.06212292256639,1.21898185992918,0.937732534363832,0.937732534363832,1.09149494470522,0.729863362219954,0.944064733753897,0.944064733753897,1.02428226595694,0.860476649642105,0.93243193402603,0.93243193402603,0.96778107630388,0.905085544500207
171,0.90795658732728,0.90795658732728,0.868017016367221,0.91304287669266,0.899529903898366,0.899529903898366,0.867014095628061,0.934125269029886,0.894468659813109,0.894468659813109,0.827125660399674,1.01047196745005,1.32704992016314,1.32704992016314,1.10687008436782,1.23654450596094,0.932784399082772,0.932784399082772,1.07427549543915,0.743013686211233,0.936374135163298,0.936374135163298,1.01496109308067,0.856508197188772,0.930399329213208,0.930399329213208,0.962669799751213,0.905008369771652
172,0.907306696746637,0.907306696746637,0.866762804187458,0.912865733654008,0.905131065320371,0.905131065320371,0.872594632959323,0.938944955579766,0.912446147072161,0.912446147072161,0.842823607595702,1.02227197396192,1.37351330913745,1.37351330913745,1.15592900851094,1.25284046796378,0.932072430047935,0.932072430047935,1.05257841023446,0.755948928731179,0.929432418156122,0.929432418156122,1.0074580255953,0.852700551040037,0.928647425607072,0.928647425607072,0.958187489755217,0.905204333052982
173,0.906849683398442,0.906849683398442,0.866538912556877,0.912782999226214,0.911058098054912,0.911058098054912,0.879426044568975,0.944722596686899,0.932500796840489,0.932500796840489,0.861180098565076,1.03553793820781,1.42045440558773,1.42045440558773,1.20863881616082,1.26543263866896,0.934598484300883,0.934598484300883,1.04229307103159,0.768970897650856,0.923147052518114,0.923147052518114,1.00057862185234,0.849163137528556,0.927213009388435,0.927213009388435,0.953820762205561,0.905182845187384
174,0.906381239934067,0.906381239934067,0.86635058018527,0.912685657970336,0.918264968524509,0.918264968524509,0.887480578376163,0.950643855598111,0.953971095044818,0.953971095044818,0.882839837420771,1.04896544377855,1.47370806511338,1.47370806511338,1.26634486780287,1.28005798118195,0.935390661252024,0.935390661252024,1.02740944391933,0.781401392524365,0.915295640874433,0.915295640874433,0.993539499346089,0.84544182924407,0.924909190653498,0.924909190653498,0.949499731929283,0.905286198794449
175,0.906108399713111,0.906108399713111,0.866716050346955,0.912564347981116,0.926757970512247,0.926757970512247,0.897728118840653,0.957347236440147,0.9804843461645,0.9804843461645,0.911019640384722,1.06494101267031,1.54391254073035,1.54391254073035,1.34386973159227,1.29876855961493,0.935773876852138,0.935773876852138,1.01911148397873,0.795320979681262,0.908925827480647,0.908925827480647,0.987512813385951,0.842308138739989,0.923046867296629,0.923046867296629,0.94540507766624,0.905063300019623
176,0.906108495362619,0.906108495362619,0.867962899245818,0.912522670583611,0.9358156409416,0.9358156409416,0.9086064268745,0.964008008022078,1.00785072998024,1.00785072998024,0.939652258294802,1.08071231434413,1.60818369451309,1.60818369451309,1.41528146615844,1.31105215601477,0.938299931105086,0.938299931105086,1.01121408858103,0.812759924139262,0.902408996954277,0.902408996954277,0.982039748388313,0.838695443813917,0.92107828635258,0.92107828635258,0.94168768970277,0.904748169878025
177,0.905942304342843,0.905942304342843,0.869298885748408,0.912679285107118,0.943613577078956,0.943613577078956,0.918401811485114,0.969847063593497,1.0314819371831,1.0314819371831,0.964134525528184,1.0933435182103,1.65121148931326,1.65121148931326,1.47432532538494,1.31139311712767,0.935148057060737,0.935148057060737,1.00481084718916,0.829374967799813,0.895319705403586,0.895319705403586,0.977096603008453,0.834650246592363,0.919152796042964,0.919152796042964,0.937485163900972,0.904108754553499
178,0.906288412086762,0.906288412086762,0.870921441565328,0.912901320173394,0.951821647896554,0.951821647896554,0.928327833939737,0.975893214451458,1.05447201232249,1.05447201232249,0.989004376262874,1.10584841684672,1.68859258676478,1.68859258676478,1.52868166544645,1.30663765421793,0.938430640302024,0.938430640302024,1.00798254619635,0.848538033084474,0.888442230006003,0.888442230006003,0.972309462002051,0.83131445069231,0.916952296897404,0.916952296897404,0.933780843896674,0.903367498851881
179,0.906493723755221,0.906493723755221,0.872671687448566,0.913454969715082,0.959230469367075,0.959230469367075,0.937228636992896,0.981206438427505,1.07461332029577,1.07461332029577,1.01181472532582,1.11671951818504,1.71608026489757,1.71608026489757,1.5700290776984,1.29829355310408,0.949375555103214,0.949375555103214,1.00843619760638,0.870635919736047,0.883102790714901,0.883102790714901,0.968236545099985,0.829006742015694,0.915298632592778,0.915298632592778,0.930585687295396,0.903317108293825
180,0.907147009893391,0.907147009893391,0.874837330129827,0.913947710475573,0.966767488477517,0.966767488477517,0.946035945993186,0.986683672348872,1.09432244646934,1.09432244646934,1.03389031464224,1.12708693060848,1.73945380925769,1.73945380925769,1.60927961581834,1.2894915385167,0.957383473858052,0.957383473858052,1.01099691503367,0.896072772777281,0.87798325003538,0.87798325003538,0.965641955355928,0.827361769939225,0.913672267184398,0.913672267184398,0.926900603976339,0.9033130982344
181,0.908394136000641,0.908394136000641,0.877098456006482,0.914426069996058,0.973428205226612,0.973428205226612,0.954237362764882,0.991209220114379,1.11226804350897,1.11226804350897,1.05449330409185,1.1358273546411,1.75890625266197,1.75890625266197,1.63692134514617,1.27653501622649,0.966516283883509,0.966516283883509,1.01109729747334,0.921383005274907,0.873692579407625,0.873692579407625,0.961721505313183,0.825939227614719,0.912294897089755,0.912294897089755,0.923494574344447,0.903340941665878
182,0.910054228857752,0.910054228857752,0.879462428359432,0.915566868909094,0.980503578403019,0.980503578403019,0.962446817486824,0.996197042645938,1.12978520238335,1.12978520238335,1.07535015258088,1.14428401746347,1.77135979408663,1.77135979408663,1.6653721789905,1.25653346365891,0.969656275273591,0.969656275273591,1.00933770913186,0.946262207565868,0.86881314348587,0.86881314348587,0.958189651198428,0.824127433224278,0.910289162715166,0.910289162715166,0.919912005512559,0.903265280167295
183,0.911676970582073,0.911676970582073,0.881994499027535,0.916863831169481,0.9872480696823,0.9872480696823,0.970688254789748,1.00058397145911,1.14586868791509,1.14586868791509,1.09435442803701,1.15172530199004,1.77575957743167,1.77575957743167,1.68901181491645,1.23293967435305,0.975698604968412,0.975698604968412,1.00533688978164,0.973228047034367,0.863746974902823,0.863746974902823,0.954706261027356,0.822338402112546,0.908311828985998,0.908311828985998,0.916178708729229,0.9031208423665
184,0.91337671016016,0.91337671016016,0.884724180998458,0.918432232285337,0.994343240778315,0.994343240778315,0.978837213359834,1.00505262753096,1.16324539117089,1.16324539117089,1.11587989883545,1.15890648625911,1.78371486927645,1.78371486927645,1.71350492865209,1.21227509186408,0.98000309647667,0.98000309647667,1.00094708847772,0.994554935992328,0.858476654566945,0.858476654566945,0.950704625035158,0.819779159206188,0.905848868703442,0.905848868703442,0.912373172916935,0.90270485544729
185,0.915132165576532,0.915132165576532,0.887409503691771,0.919510204918508,1.00147348596647,1.00147348596647,0.98736903219167,1.00954342137482,1.17988404382681,1.17988404382681,1.13761229827274,1.16628700128834,1.79174815417853,1.79174815417853,1.74182264261681,1.18482907172592,0.980180346069488,0.980180346069488,0.996626782708946,1.01275967455996,0.853412158216686,0.853412158216686,0.946014588791827,0.817623639307231,0.90356212708073,0.90356212708073,0.907987776854176,0.902148516448209
186,0.91697394467368,0.91697394467368,0.890175104106104,0.921131111659638,1.00880128261786,1.00880128261786,0.996437870709986,1.01469247671184,1.19885692189116,1.19885692189116,1.16158956540414,1.17419333418107,1.80853810958917,1.80853810958917,1.77451631858148,1.15910944835731,0.97981891533553,0.97981891533553,0.990804601208223,1.03176923411709,0.84895175596098,0.84895175596098,0.941397425339726,0.815094964232284,0.901176289240481,0.901176289240481,0.903798724848791,0.90173729620341
187,0.918791763569128,0.918791763569128,0.892852285285578,0.922576623669725,1.01544244586611,1.01544244586611,1.00509542000568,1.01892071181885,1.2151852688468,1.2151852688468,1.18307571613723,1.18007742161627,1.80917375300618,1.80917375300618,1.79681909103559,1.12959427106962,0.977014608928494,0.977014608928494,0.982455484832021,1.04685008776639,0.844563399067878,0.844563399067878,0.93659471927112,0.813256016502239,0.898283401946203,0.898283401946203,0.899475746553754,0.901061185052072
188,0.920717475109356,0.920717475109356,0.895692296741838,0.924123650315143,1.02190756650206,1.02190756650206,1.01323270239541,1.02330280047398,1.23144581442289,1.23144581442289,1.20446981805374,1.18532453577689,1.81066439531386,1.81066439531386,1.81561070865091,1.0977040612277,0.977292861082582,0.977292861082582,0.979919863014648,1.06068381578756,0.84134560512616,0.84134560512616,0.93294117467004,0.813104965888516,0.896136643677108,0.896136643677108,0.895687742910287,0.900701792933802
189,0.922599522649281,0.922599522649281,0.898813968658496,0.925815617301004,1.02773371539317,1.02773371539317,1.02102536824456,1.02716151728619,1.24528533773248,1.24528533773248,1.22339346019613,1.18896576915921,1.79921501450196,1.79921501450196,1.82784357588572,1.06783532795751,0.974144947922989,0.974144947922989,0.968391325905127,1.07407437190609,0.837067615597046,0.837067615597046,0.927600058949725,0.811275936444194,0.893185363676511,0.893185363676511,0.890819725200096,0.899923765743873
190,0.924930644628256,0.924930644628256,0.902075483048159,0.927628273908869,1.0330731043226,1.0330731043226,1.02917305766461,1.0307691013084,1.25868477601408,1.25868477601408,1.24225313928291,1.19243899275477,1.78674002498654,1.78674002498654,1.83457981943904,1.03523260834931,0.969431495063705,0.969431495063705,0.962466831533205,1.0877311780718,0.832625886607469,0.832625886607469,0.922480568490117,0.810296302485439,0.890133396042902,0.890133396042902,0.88604358904135,0.898722639453866
191,0.927200168324216,0.927200168324216,0.90515848277408,0.929454522198465,1.03785424080288,1.03785424080288,1.03539696945561,1.0340342243127,1.26879453018279,1.26879453018279,1.2577802163332,1.19389746069081,1.76635068998142,1.76635068998142,1.83140004813034,1.00006503350925,0.956590306685723,0.956590306685723,0.948525255008598,1.10049123326429,0.827544946634798,0.827544946634798,0.915344164345085,0.80789087430522,0.886699427486718,0.886699427486718,0.88056389344097,0.897062928820948
192,0.929838277398425,0.929838277398425,0.908845630718137,0.931435411115881,1.04260158638951,1.04260158638951,1.04233312824848,1.03755547895876,1.27797960664144,1.27797960664144,1.27270698289269,1.19562045467406,1.74377657445864,1.74377657445864,1.82171062029744,0.965042299669652,0.941422098513767,0.941422098513767,0.93685483118147,1.10771033877794,0.822781034128126,0.822781034128126,0.908407806624521,0.806210781741599,0.883267968470324,0.883267968470324,0.875537842708991,0.895504074965641
193,0.932677441737998,0.932677441737998,0.912467706415552,0.933775887430446,1.04692987601114,1.04692987601114,1.04867515560311,1.04090574113642,1.28594495153383,1.28594495153383,1.28593827548221,1.19701968511689,1.70712373717968,1.70712373717968,1.80794734650342,0.925635651573688,0.927300554138505,0.927300554138505,0.920090963756976,1.11805940005789,0.818832195752722,0.818832195752722,0.901218870394549,0.80467003296265,0.880635216398116,0.880635216398116,0.869759207396621,0.894098889613957
194,0.935508428044655,0.935508428044655,0.916150125097894,0.936082638327273,1.05095080904134,1.05095080904134,1.05489788285408,1.04363670112578,1.29222760206586,1.29222760206586,1.29813093851143,1.19633811349973,1.67206878266218,1.67206878266218,1.79018481164538,0.885242105480753,0.907853600209203,0.907853600209203,0.904999815255021,1.12187449438208,0.814650498961632,0.814650498961632,0.894215476781082,0.802708976501813,0.877710562002602,0.877710562002602,0.864128865012246,0.892431158862189
195,0.938218322074456,0.938218322074456,0.919750170816684,0.938522204205324,1.05412648089279,1.05412648089279,1.0599425004289,1.04599917432943,1.29610531409423,1.29610531409423,1.30767683566707,1.19484321790983,1.62568046200552,1.62568046200552,1.76919907629804,0.842922443971673,0.883621897495015,0.883621897495015,0.883580712190941,1.12646839177585,0.80914383639176,0.80914383639176,0.885312084324432,0.798715647036747,0.874119777813726,0.874119777813726,0.857886601235339,0.889491785303735
196,0.941419089378208,0.941419089378208,0.923691501611931,0.941147654660069,1.05789211852757,1.05789211852757,1.0652538933419,1.04807615755569,1.30033742351754,1.30033742351754,1.31720334458771,1.19348160667963,1.58280767840674,1.58280767840674,1.74909891858954,0.799867781857738,0.860036809217194,0.860036809217194,0.864712674396492,1.12946305435858,0.805643156403458,0.805643156403458,0.877483565538423,0.795681139389901,0.870661203525949,0.870661203525949,0.85219351641345,0.887497045555091
197,0.944543815323272,0.944543815323272,0.927701855682595,0.94394054786609,1.06087378298782,1.06087378298782,1.07045055509138,1.05027636644479,1.30337975045023,1.30337975045023,1.32634063922093,1.19116181197466,1.53640960861792,1.53640960861792,1.72459730784031,0.762810076943258,0.838748043876492,0.838748043876492,0.849327135085896,1.13284018036412,0.80326649555395,0.80326649555395,0.871123645746544,0.793429363340971,0.86824421066734,0.86824421066734,0.846724616083691,0.88553900163326
198,0.947686762499568,0.947686762499568,0.931717896840132,0.946552406639105,1.06363125433992,1.06363125433992,1.07485543643657,1.05224908790611,1.30590767427835,1.30590767427835,1.33347442250587,1.18738252799756,1.48517889401604,1.48517889401604,1.70120880587164,0.72601146648924,0.816677003796538,0.816677003796538,0.831914642666627,1.13616527052983,0.800580889696916,0.800580889696916,0.864778229762629,0.792014950758862,0.865205770065278,0.865205770065278,0.841194028493244,0.883549860835511
199,0.951342008439559,0.951342008439559,0.935802482360507,0.949455838003597,1.06673696132116,1.06673696132116,1.07923755769105,1.05384634005864,1.30723694181566,1.30723694181566,1.33993306033692,1.18356170968614,1.4345916221369,1.4345916221369,1.67080743535161,0.687410890048048,0.791357047995721,0.791357047995721,0.816708633488513,1.13968202603894,0.799510103301863,0.799510103301863,0.860508803950232,0.790893859282411,0.863241167659919,0.863241167659919,0.836328039969259,0.881773480171778
200,0.954877883793835,0.954877883793835,0.940454399694524,0.952391979639473,1.06919178114298,1.06919178114298,1.08358084295434,1.05537932126017,1.30789693070453,1.30789693070453,1.34575913435167,1.17917677340788,1.38129214169008,1.38129214169008,1.63903993386848,0.652431338618527,0.77298745471997,0.77298745471997,0.80870796000385,1.14080946923545,0.799695024377636,0.799695024377636,0.858249216794984,0.791901947339553,0.861634878569854,0.861634878569854,0.832111391031461,0.880453187021504
201,0.958309596834134,0.958309596834134,0.944897331551974,0.955489642339564,1.07184348027645,1.07184348027645,1.08708513543189,1.05640194350269,1.30658263770504,1.30658263770504,1.34978010932947,1.17348146292658,1.33024666059929,1.33024666059929,1.60399258513878,0.618890301224699,0.750176719411889,0.750176719411889,0.800152287453717,1.14073575179567,0.79960653539262,0.79960653539262,0.856168274103674,0.792127466393627,0.86021337729989,0.86021337729989,0.827866414654215,0.879031204817133
202,0.961859532666054,0.961859532666054,0.949669635535483,0.958566494539412,1.07370992303688,1.07370992303688,1.09044922913513,1.05736553168651,1.30505731464486,1.30505731464486,1.35319896183189,1.16645892619677,1.27985144662376,1.27985144662376,1.56649620826931,0.591646698633779,0.732979548023826,0.732979548023826,0.793149647071134,1.13361031079374,0.800834651022448,0.800834651022448,0.855388252236383,0.794399241608851,0.859387493876034,0.859387493876034,0.823788643220413,0.878601371843683
203,0.965314536361498,0.965314536361498,0.954094967355663,0.961877901943893,1.07584657073713,1.07584657073713,1.09356431560073,1.05856708108272,1.30173615627194,1.30173615627194,1.35415242811702,1.15872043286811,1.23167123547559,1.23167123547559,1.52561235531445,0.570510708168135,0.721582102139297,0.721582102139297,0.789345731737191,1.12497236138049,0.805077523663021,0.805077523663021,0.855916756848506,0.799053193941041,0.859487385801309,0.859487385801309,0.820894861354573,0.878652972985717
204,0.969177150434366,0.969177150434366,0.959160665157749,0.965030156958984,1.07818327519291,1.07818327519291,1.09659090000361,1.05937253098836,1.29865569972908,1.29865569972908,1.3562173657425,1.15196327329893,1.18259507908167,1.18259507908167,1.48292619136542,0.553147780782976,0.719601659761446,0.719601659761446,0.787593865121837,1.11272139015442,0.810775796239816,0.810775796239816,0.858158302681653,0.804657838349056,0.860489304260147,0.860489304260147,0.818671441444022,0.880183302456058
205,0.972967692603119,0.972967692603119,0.964166498887488,0.968499927194581,1.08047097368719,1.08047097368719,1.09993291049618,1.06052694835384,1.29620070744623,1.29620070744623,1.35760135956344,1.14475127872449,1.13911882420202,1.13911882420202,1.44536089427459,0.54092086129636,0.710591637163416,0.710591637163416,0.788465454958567,1.10455176329972,0.816338339255343,0.816338339255343,0.859574369590844,0.809784453904168,0.861055603336521,0.861055603336521,0.816008418633623,0.881649168329606
206,0.976552110082596,0.976552110082596,0.968725028268642,0.971545535445555,1.08200684007395,1.08200684007395,1.10232255079951,1.06112427146384,1.29185032690481,1.29185032690481,1.35820257604653,1.13704070191561,1.09510831687985,1.09510831687985,1.40447420898186,0.529032204022014,0.695845263217942,0.695845263217942,0.781402005982724,1.0891847125313,0.819734365341682,0.819734365341682,0.858664167203298,0.814761157009491,0.861218539797968,0.861218539797968,0.813002869191511,0.882991781621963
207,0.98045547084578,0.98045547084578,0.97354294867528,0.97459255362202,1.08387560481261,1.08387560481261,1.10516282397668,1.06217371294269,1.28781302512621,1.28781302512621,1.35825476120239,1.12875051687585,1.05360528634993,1.05360528634993,1.3619589294173,0.527298610184128,0.677402393574211,0.677402393574211,0.777148300101808,1.07135723380251,0.82265505925812,0.82265505925812,0.858263720602947,0.81900992298065,0.861429830806576,0.861429830806576,0.810052757116569,0.883948067302554
208,0.98423037432001,0.98423037432001,0.978080884815547,0.977507433581496,1.08557400967515,1.08557400967515,1.10785993702945,1.06282689623726,1.28439300707309,1.28439300707309,1.35947422682361,1.12175232198951,1.02108803093439,1.02108803093439,1.32462399580608,0.527910360993553,0.658354498784046,0.658354498784046,0.768206541245261,1.052466489413,0.824445602515542,0.824445602515542,0.856868525027167,0.821553556781607,0.861330367339314,0.861330367339314,0.807081054500387,0.884294521304566
209,0.988023977273012,0.988023977273012,0.982833613247398,0.980599118197507,1.08752557126895,1.08752557126895,1.11075089159817,1.0639350543874,1.28025379524548,1.28025379524548,1.35866970567083,1.11459973513095,0.984436168568637,0.984436168568637,1.28625809121235,0.531445920818614,0.6392155036445,0.6392155036445,0.762997271755971,1.02758555259405,0.827114486044699,0.827114486044699,0.855235962252769,0.825044793356277,0.861878548762574,0.861878548762574,0.80443345350516,0.885654234095602
210,0.991531157774952,0.991531157774952,0.987154601989475,0.983803258470655,1.08839313565961,1.08839313565961,1.11273914204919,1.06440788228491,1.27398487137311,1.27398487137311,1.3569736881055,1.10643398287145,0.947050196551035,0.947050196551035,1.24328586113906,0.535950385969779,0.620705298959921,0.620705298959921,0.755322841200227,0.997111630256411,0.829050234849186,0.829050234849186,0.853603930105491,0.828985116900919,0.862042403348334,0.862042403348334,0.801681227669109,0.886529486311211
211,0.99508917599028,0.99508917599028,0.991647819667698,0.986793879627492,1.08914612875625,1.08914612875625,1.11450816798348,1.06451658747363,1.26730470232335,1.26730470232335,1.35384964549398,1.09654574729674,0.914031835742332,0.914031835742332,1.20172035887158,0.543618862292634,0.608428536659626,0.608428536659626,0.750038284881186,0.96829591668164,0.831979986693223,0.831979986693223,0.85330235702528,0.833913854526105,0.863550820386614,0.863550820386614,0.79970025492655,0.888243900207605
212,0.998338676718249,0.998338676718249,0.99568846495897,0.989739157580548,1.08999383412261,1.08999383412261,1.1164964184345,1.06485873110412,1.26062702902989,1.26062702902989,1.35128568731562,1.08795409788786,0.889750647177859,0.889750647177859,1.16702422003703,0.550426389314577,0.593450450955944,0.593450450955944,0.74598437866384,0.939013615076313,0.83490848436267,0.83490848436267,0.852975136967573,0.839109898081281,0.864822912226679,0.864822912226679,0.797902152444952,0.889683284556649
213,1.0022114774637,1.0022114774637,1.00008320623818,0.992707671105691,1.0915238955638,1.0915238955638,1.119086753664,1.06529601161145,1.25442091502447,1.25442091502447,1.3486347538775,1.07955071476483,0.867021520453692,0.867021520453692,1.12898403429766,0.556698634378272,0.580815228585259,0.580815228585259,0.74050967483889,0.907782571269021,0.837844367726929,0.837844367726929,0.852457244897861,0.84497371867689,0.866569613128374,0.866569613128374,0.798036809241637,0.891542665884328
214,1.00553223707496,1.00553223707496,1.00444747670457,0.995615388643674,1.09252485149305,1.09252485149305,1.12103142996368,1.06506058949836,1.24703333771609,1.24703333771609,1.34468662067975,1.07016906189059,0.852767314318577,0.852767314318577,1.09533302813494,0.564900593392288,0.573282616001105,0.573282616001105,0.737721166490815,0.877886246753596,0.841089056745982,0.841089056745982,0.851992769291624,0.849760023215292,0.868826607523338,0.868826607523338,0.799616408952484,0.893513572260918
215,1.00902200936649,1.00902200936649,1.00861509369329,0.99846056188689,1.09354523871375,1.09354523871375,1.12275942004671,1.06466726714763,1.23845167967012,1.23845167967012,1.33956341548294,1.05917284688128,0.835763852913576,0.835763852913576,1.05905550065963,0.571717116749663,0.570934801562163,0.570934801562163,0.742268297964606,0.853029593326565,0.846246780074155,0.846246780074155,0.853918945739424,0.856801355699583,0.872060363770959,0.872060363770959,0.802887944122588,0.895549850172284
216,1.01188905553758,1.01188905553758,1.01231146070449,1.00101230143698,1.09427146795611,1.09427146795611,1.12409803489779,1.06396179427689,1.22892107961671,1.22892107961671,1.3327536150406,1.0482745099139,0.825561386105288,0.825561386105288,1.02645718006972,0.578554331678534,0.570563468616316,0.570563468616316,0.746117578439553,0.831797236144312,0.850807934355319,0.850807934355319,0.855299991258655,0.863247428445615,0.875059998318717,0.875059998318717,0.806617263700953,0.897912153481045
217,1.01525577473734,1.01525577473734,1.01663370659208,1.00362737484012,1.09619473807837,1.09619473807837,1.1262456059837,1.0640857340614,1.22222205374155,1.22222205374155,1.32750773848784,1.04059763719598,0.823633007763502,0.823633007763502,1.00382207997289,0.594161174387225,0.573984682824053,0.573984682824053,0.752984123399125,0.816934933022334,0.855976805902077,0.855976805902077,0.857485290617018,0.870368432405389,0.878460914399626,0.878460914399626,0.810791380895856,0.900277785895743
218,1.01803864934158,1.01803864934158,1.02035755121249,1.00602503773258,1.09819854418225,1.09819854418225,1.12811227186098,1.06446334573521,1.21531380029638,1.21531380029638,1.32194440223695,1.03287276168185,0.822160888806931,0.822160888806931,0.978932438936284,0.612089971271102,0.577680188301121,0.577680188301121,0.763699948833644,0.806404613566941,0.861421456506072,0.861421456506072,0.85952095312737,0.876873527081219,0.882064123870873,0.882064123870873,0.815744543259287,0.902582813450076
219,1.02101205776533,1.02101205776533,1.02428882484358,1.00857187074197,1.10036513318067,1.10036513318067,1.13026204280696,1.06470527429026,1.20903586397069,1.20903586397069,1.31674708687088,1.02535623873001,0.825412224383199,0.825412224383199,0.9610046843695,0.634269536646942,0.582672883535682,0.582672883535682,0.77327971531154,0.796144013214714,0.867324716952091,0.867324716952091,0.862344066284702,0.884336630601029,0.885644869900591,0.885644869900591,0.821566197319241,0.905409073068148
220,1.02361176356216,1.02361176356216,1.0275478249422,1.01056967876527,1.10209464033049,1.10209464033049,1.1321890356161,1.0649610885446,1.20262246353904,1.20262246353904,1.31117523429247,1.01843702716794,0.833115988618181,0.833115988618181,0.944205144385228,0.662558513415145,0.58636937923394,0.58636937923394,0.7867850143099,0.792427786986221,0.872467529537908,0.872467529537908,0.864739493982825,0.891096673998407,0.88943684573063,0.88943684573063,0.827453515844849,0.908017805877793
221,1.02622136908305,1.02622136908305,1.03115481489339,1.0127341963786,1.10387963053896,1.10387963053896,1.1338380845667,1.06462568939662,1.1957387516975,1.1957387516975,1.30512157501468,1.00991806284409,0.840756383494105,0.840756383494105,0.927609532727167,0.686966471077671,0.599477927332932,0.599477927332932,0.801177346597246,0.786813987131604,0.878537734557232,0.878537734557232,0.867565083400052,0.898401897920881,0.89362483918109,0.89362483918109,0.833961359512506,0.910716651532251
222,1.02893977591904,1.02893977591904,1.03446978789966,1.01505053476876,1.10593494789663,1.10593494789663,1.13544313631596,1.06464306635744,1.18912291769909,1.18912291769909,1.29861491959231,1.00264461788159,0.84638553240486,0.84638553240486,0.914402341267125,0.713370715572719,0.610231729444659,0.610231729444659,0.816422929621767,0.784069963844101,0.884290494052359,0.884290494052359,0.869550513209654,0.905333966667365,0.897789634690571,0.897789634690571,0.841435420484409,0.914186563518769
223,1.03206397579182,1.03206397579182,1.03814861473766,1.01727618675136,1.108975945011,1.108975945011,1.13843299997772,1.06604734696328,1.18560889282524,1.18560889282524,1.29400704280958,0.998328962234741,0.868824134990579,0.868824134990579,0.907322440719634,0.749943518007375,0.61756431734865,0.61756431734865,0.828641596004002,0.782397011593282,0.889234728994637,0.889234728994637,0.87216491303288,0.911767357015259,0.902601279382835,0.902601279382835,0.849285286741817,0.917866890132847
224,1.03435922920537,1.03435922920537,1.04128387579874,1.01914552236395,1.11158896487561,1.11158896487561,1.14112038288019,1.06746987734533,1.18285759880805,1.18285759880805,1.28919930412786,0.993992879866096,0.897718612894451,0.897718612894451,0.905518241500237,0.790679824480296,0.627683387678277,0.627683387678277,0.842733746188111,0.785023954241147,0.893262301663795,0.893262301663795,0.873331054568266,0.917186155512094,0.906870557439156,0.906870557439156,0.856805937829029,0.92078969382311
225,1.03713564746784,1.03713564746784,1.04449211116401,1.02112550892905,1.11479445581585,1.11479445581585,1.14410381618175,1.0687372846296,1.18048150015499,1.18048150015499,1.28565325030804,0.990660430428222,0.928602888672735,0.928602888672735,0.9057023434614,0.833852338588399,0.634929826338831,0.634929826338831,0.852284556193027,0.787983058999984,0.895921709207155,0.895921709207155,0.873358824054244,0.922116519085759,0.91151687854676,0.91151687854676,0.864248830500794,0.923858372882642
226,1.03952348960493,1.03952348960493,1.04744460721221,1.02318873749513,1.11764572286733,1.11764572286733,1.14683240415549,1.06991304629856,1.17850541577596,1.17850541577596,1.28128437429119,0.98709664836604,0.964770219169997,0.964770219169997,0.904023711220643,0.875402813417982,0.643954702254695,0.643954702254695,0.860459933731342,0.792371414826396,0.899487327568713,0.899487327568713,0.873736984315529,0.926852581816152,0.91757490759832,0.91757490759832,0.871560475408702,0.927380718287679
227,1.04195136106102,1.04195136106102,1.05040554409462,1.02490439122923,1.12117891826081,1.12117891826081,1.15064264640242,1.07184173025642,1.1780287263222,1.1780287263222,1.27804055949904,0.985080530925055,1.00522911764529,1.00522911764529,0.904909288859468,0.919322023367002,0.652356729042726,0.652356729042726,0.872990364806007,0.798319978583976,0.902213345718117,0.902213345718117,0.873545074173577,0.931873510720112,0.923550733919706,0.923550733919706,0.878974066631641,0.931613979133401
228,1.04437688910418,1.04437688910418,1.05288176158322,1.02696649185491,1.1243766489054,1.1243766489054,1.15355466886179,1.07352586721307,1.17634214967425,1.17634214967425,1.27305361554252,0.98253791472985,1.04156413321575,1.04156413321575,0.904104904906079,0.962252536051965,0.666593139075903,0.666593139075903,0.886299725003861,0.805340480642236,0.903445920635378,0.903445920635378,0.872360537564677,0.935739853608948,0.929541801104691,0.929541801104691,0.885675900500672,0.935717707493549
229,1.04666965563053,1.04666965563053,1.05587598288985,1.02884891157606,1.128642428429,1.128642428429,1.15767382222821,1.07622461238008,1.17831157870314,1.17831157870314,1.27069332443077,0.98384284180707,1.09290598792429,1.09290598792429,0.905420053787617,1.01612889005792,0.67554176796022,0.67554176796022,0.89711786330958,0.812112945197265,0.904612303004794,0.904612303004794,0.871354291668301,0.939275478577102,0.935137095502405,0.935137095502405,0.892838927810791,0.939338185862248
230,1.04950298535013,1.04950298535013,1.05874748284817,1.03121516132859,1.13365820691944,1.13365820691944,1.16184010336607,1.08048474492203,1.18189063189398,1.18189063189398,1.26854032435478,0.986827866751779,1.14543333710381,1.14543333710381,0.909592087461356,1.07718342010565,0.686005435263593,0.686005435263593,0.907077924799294,0.815628833442378,0.90505168216976,0.90505168216976,0.86891694442765,0.941860086279737,0.940716842995082,0.940716842995082,0.899740920607263,0.943099848587302
231,1.05190034461325,1.05190034461325,1.06169949998379,1.03358095990497,1.13875452139148,1.13875452139148,1.16625784543164,1.08506488332246,1.18700915076405,1.18700915076405,1.26657196550733,0.992794852632926,1.20483869902413,1.20483869902413,0.91177298761667,1.14630766303654,0.699225878356933,0.699225878356933,0.914750424923505,0.815608019106443,0.905220717034049,0.905220717034049,0.867717904010787,0.945300268072158,0.94669860652036,0.94669860652036,0.906738041653112,0.946895332002223
232,1.05448197265311,1.05448197265311,1.06425587546527,1.0361336582044,1.14392831661062,1.14392831661062,1.17002519040726,1.08960201572851,1.19023380655994,1.19023380655994,1.26248865826003,0.99714557415219,1.26511465844659,1.26511465844659,0.918311911632129,1.21190804137842,0.711142200144459,0.711142200144459,0.921995334463363,0.816807445214729,0.903828304532831,0.903828304532831,0.864167831698225,0.946412254237125,0.95176824414463,0.95176824414463,0.913349536152214,0.950253189309339
233,1.05664240808544,1.05664240808544,1.06637554253896,1.03824493703119,1.14785294864915,1.14785294864915,1.17278694550202,1.09288213528805,1.19104562062387,1.19104562062387,1.25630906605404,0.998743114019097,1.30538539867114,1.30538539867114,0.92021052211366,1.26731467204149,0.723411040675242,0.723411040675242,0.926789561173258,0.813702640104343,0.903233686424074,0.903233686424074,0.860712741640252,0.948478509564571,0.956811378580393,0.956811378580393,0.920068821022623,0.953824109396466
234,1.05909467016602,1.05909467016602,1.06910642179133,1.04070756929027,1.15179915064331,1.15179915064331,1.17548397394479,1.0959165176436,1.19074751639886,1.19074751639886,1.24887086935994,0.999569885583676,1.34151178281332,1.34151178281332,0.917884228614658,1.31765456658885,0.737208782721725,0.737208782721725,0.932428351678434,0.81114594584026,0.901857717545267,0.901857717545267,0.856822183591967,0.950551106091086,0.962004901778656,0.962004901778656,0.926945489575234,0.957856867270943
235,1.06171608840113,1.06171608840113,1.07150367856851,1.04352973254948,1.15539412287853,1.15539412287853,1.17830267157129,1.09896914977535,1.18979191904128,1.18979191904128,1.24150750762892,0.998742262905689,1.37241653176914,1.37241653176914,0.915199172319543,1.36266773092648,0.753128568776075,0.753128568776075,0.936031502133042,0.813185750761943,0.900368454895095,0.900368454895095,0.852688775198152,0.951997387263389,0.967275669835802,0.967275669835802,0.933856816628258,0.961802690083548
236,1.06432870688151,1.06432870688151,1.07384969169975,1.04627908725635,1.15818379640234,1.15818379640234,1.18049711659864,1.10114722089244,1.18631269610253,1.18631269610253,1.23109675023405,0.997264219361272,1.39266547927112,1.39266547927112,0.906158349857512,1.39496007696225,0.771471426079726,0.771471426079726,0.939765921931831,0.810378417202636,0.899707922943956,0.899707922943956,0.849113763410922,0.953307739142826,0.972646268609935,0.972646268609935,0.941205068055337,0.965849899304255
237,1.06694773387892,1.06694773387892,1.07640469030756,1.04890950064882,1.16014629573568,1.16014629573568,1.18223864428208,1.10282770789385,1.180856556866,1.180856556866,1.21975408917053,0.993974495816482,1.39998220295924,1.39998220295924,0.888410920801406,1.41950028075564,0.794630719246308,0.794630719246308,0.944298575169131,0.818559318489304,0.898904136384005,0.898904136384005,0.845103637384794,0.955233675116511,0.978084074083794,0.978084074083794,0.948389361236904,0.969660893326386
238,1.06957302591908,1.06957302591908,1.07867144340702,1.0517508388947,1.16199966209242,1.16199966209242,1.18363851677504,1.10471013263636,1.17492137107252,1.17492137107252,1.20842900435742,0.992178816748181,1.40740519218793,1.40740519218793,0.87640558470834,1.44451729032696,0.823802635472044,0.823802635472044,0.950343721511807,0.827499075773622,0.900302680405445,0.900302680405445,0.840919288787401,0.958127050435357,0.984246340849044,0.984246340849044,0.95546748739613,0.974211705481661
239,1.07173475261977,1.07173475261977,1.08089335831629,1.0540896796957,1.16315063003596,1.16315063003596,1.18469986464762,1.10542734884136,1.16793782897888,1.16793782897888,1.19760130931106,0.988791044938784,1.40629086638173,1.40629086638173,0.860508616390077,1.46007645245786,0.859944718646624,0.859944718646624,0.957476666022805,0.839631231832054,0.901635728642701,0.901635728642701,0.836457599081638,0.960070709247466,0.989923470727207,0.989923470727207,0.962258118453571,0.978293794653215
240,1.07421824426464,1.07421824426464,1.08311347730339,1.05667311437082,1.16403389833199,1.16403389833199,1.1853837672986,1.10650646604327,1.15996569008322,1.15996569008322,1.18627568090258,0.984535988566585,1.40136073024705,1.40136073024705,0.843515533318428,1.47306806045625,0.894475711946824,0.894475711946824,0.963542081896568,0.849092214778758,0.901613014147335,0.901613014147335,0.831563094521167,0.961636985417539,0.995360358076752,0.995360358076752,0.969173828548802,0.982175910484013
241,1.07628111719904,1.07628111719904,1.08480918701672,1.05873188757234,1.16382938093408,1.16382938093408,1.1853867286487,1.10650194327265,1.1507022746073,1.1507022746073,1.17323247231229,0.97927985260384,1.3882851941904,1.3882851941904,0.824008278336129,1.48127091910381,0.926684636558993,0.926684636558993,0.96352953409161,0.85683254595479,0.900070240047956,0.900070240047956,0.825185840910015,0.961800881024248,1.00045582559837,1.00045582559837,0.975101730798546,0.98573131996393
242,1.07852515030117,1.07852515030117,1.0866937678783,1.06109311799013,1.16415323579184,1.16415323579184,1.18533697796717,1.10673435020532,1.14211257467991,1.14211257467991,1.16156764039074,0.975444905809854,1.37860235612639,1.37860235612639,0.806425124876137,1.48500889647611,0.95814099306758,0.95814099306758,0.963776629327715,0.864050784204438,0.898358709789753,0.898358709789753,0.818431134540406,0.961189686990894,1.00533828827932,1.00533828827932,0.980859424909261,0.988772306914981
243,1.08080294767956,1.08080294767956,1.08868610407012,1.06341881828555,1.1639904528973,1.1639904528973,1.1850416044481,1.10627842318752,1.13227277815125,1.13227277815125,1.1488460590631,0.971056905523318,1.36373395466502,1.36373395466502,0.785598944561814,1.48620181055449,0.982466766794716,0.982466766794716,0.961708171941102,0.871424262709606,0.895257554084977,0.895257554084977,0.810155473967432,0.959298058530121,1.00978978340767,1.00978978340767,0.986568012713771,0.991542577024101
244,1.08291957563732,1.08291957563732,1.09002741847514,1.06545069010871,1.16354701616093,1.16354701616093,1.18402120781679,1.10569379557401,1.12195046873745,1.12195046873745,1.13474138990681,0.966928494826237,1.3443985008467,1.3443985008467,0.76108883679899,1.48461755588479,1.00389020221711,1.00389020221711,0.95971982746307,0.881871324821256,0.891822648586324,0.891822648586324,0.801968781875014,0.956609390124814,1.01393450259883,1.01393450259883,0.991749093271953,0.993815070134044
245,1.08498321376778,1.08498321376778,1.09146613172588,1.06758277943575,1.16263985593105,1.16263985593105,1.18263521136425,1.10520438418421,1.11145484291375,1.11145484291375,1.12049085599196,0.964113011672412,1.32603406059178,1.32603406059178,0.736097231599279,1.48298112246957,1.02262518711158,1.02262518711158,0.956182311680552,0.888651594752261,0.887419380950864,0.887419380950864,0.792410949302949,0.95313880309583,1.01755448314087,1.01755448314087,0.996889833608343,0.995883201536313
246,1.08718353504486,1.08718353504486,1.0931571121775,1.07002561634094,1.16201542710248,1.16201542710248,1.18145794778812,1.10504402419413,1.10283685774827,1.10283685774827,1.10572952362448,0.963743288007956,1.30983002802412,1.30983002802412,0.709186245440366,1.48479118515864,1.03820532729813,1.03820532729813,0.953913089414604,0.898937345760411,0.883431802515879,0.883431802515879,0.783156812319578,0.950078442868164,1.02136016962732,1.02136016962732,1.00187424543936,0.99853135398672
247,1.0892156566625,1.0892156566625,1.09435786574065,1.07238938462461,1.16064484890256,1.16064484890256,1.17927382518109,1.10395863859083,1.09322902790261,1.09322902790261,1.09000204107983,0.964466564182115,1.28410986755243,1.28410986755243,0.679877213223228,1.48294603676139,1.05287248354849,1.05287248354849,0.953796298306914,0.905850307083004,0.880334269982143,0.880334269982143,0.774048244042959,0.946543793469097,1.02526997141088,1.02526997141088,1.00718064853767,1.0013147135351
248,1.09121181406521,1.09121181406521,1.09591798333011,1.07456224899684,1.15908557941948,1.15908557941948,1.17665810695082,1.10265012963666,1.08322492741737,1.08322492741737,1.07289128950807,0.965051279093445,1.25394312790133,1.25394312790133,0.65075700353036,1.47225839026731,1.07000132967451,1.07000132967451,0.949705713890458,0.910202237821529,0.87755515844173,0.87755515844173,0.766518822077265,0.943672205859874,1.02891590426684,1.02891590426684,1.01208665261366,1.00407446669591
249,1.09314168635902,1.09314168635902,1.09729377944081,1.07659733545012,1.15636837605818,1.15636837605818,1.17346966361297,1.10060099715583,1.07127704873191,1.07127704873191,1.05514000138786,0.964886163092283,1.21945069830962,1.21945069830962,0.614039519573502,1.45936754122576,1.08451896252535,1.08451896252535,0.946110285161978,0.915522902445053,0.873470172446862,0.873470172446862,0.758125362283517,0.940975570307018,1.03265934192485,1.03265934192485,1.01686814582399,1.00691911205814
250,1.09506873699236,1.09506873699236,1.09864562992258,1.07868261525087,1.15421962962928,1.15421962962928,1.16978286735982,1.0989279687586,1.06111502233397,1.06111502233397,1.03739469281676,0.967681219524315,1.18559391213492,1.18559391213492,0.590055282540768,1.44286106497379,1.09485093041059,1.09485093041059,0.937878925109233,0.917930427301598,0.869449985472516,0.869449985472516,0.749220377945505,0.938717778248716,1.035748462989,1.035748462989,1.02121011730192,1.00905314462568
251,1.0967039131527,1.0967039131527,1.09996048440763,1.08057992378519,1.15143185035086,1.15143185035086,1.16622730122071,1.09699103272803,1.05020551692346,1.05020551692346,1.01959864867747,0.970072167310206,1.15392970578362,1.15392970578362,0.559659576696459,1.42921542338944,1.09792457698102,1.09792457698102,0.921584152547032,0.922389898775789,0.864275818521931,0.864275818521931,0.738687606477179,0.935749446704976,1.03829166733653,1.03829166733653,1.02522141259559,1.01112278925792
252,1.09846611185937,1.09846611185937,1.10117584480444,1.0823734618034,1.14835694013346,1.14835694013346,1.16210120983408,1.0943716344141,1.03898473524078,1.03898473524078,1.00018830747733,0.971875506399179,1.11292485590722,1.11292485590722,0.533952334129765,1.41255061163386,1.10008325917287,1.10008325917287,0.911272752518482,0.926565774922858,0.859274170253942,0.859274170253942,0.730010261173907,0.931946840996527,1.04140110955214,1.04140110955214,1.02959755556924,1.01323503131386
253,1.09987440738723,1.09987440738723,1.10200232818727,1.08438638422797,1.14473031566875,1.14473031566875,1.15747625787214,1.09172367123306,1.02756734342271,1.02756734342271,0.980738465013383,0.973631864028028,1.07379086449284,1.07379086449284,0.508788900432968,1.39154506803199,1.10365498700133,1.10365498700133,0.900633179129479,0.930136300799802,0.856050105439271,0.856050105439271,0.722276724642486,0.929903674137487,1.04448055970686,1.04448055970686,1.03376883190346,1.01564560665872
254,1.10126385996207,1.10126385996207,1.10313687208641,1.08597570863811,1.14085212319472,1.14085212319472,1.15228188059273,1.08879132893058,1.01535879685677,1.01535879685677,0.960952137013238,0.974612687119464,1.02834625982953,1.02834625982953,0.485125661691493,1.37033170908162,1.10444320306771,1.10444320306771,0.886396246580465,0.933960935027959,0.852828967031978,0.852828967031978,0.7151569468139,0.927169641769608,1.0474169048853,1.0474169048853,1.03767144398389,1.01810959902157
255,1.10271610643876,1.10271610643876,1.10409781017574,1.08757992186143,1.13627183783094,1.13627183783094,1.14673095676238,1.08520604137409,1.00269865705321,1.00269865705321,0.940493019139154,0.976066218597729,0.983253598837299,0.983253598837299,0.462756801353887,1.34645903337734,1.10233106127173,1.10233106127173,0.871798323334954,0.945109613713437,0.849674717936193,0.849674717936193,0.708633240117461,0.924878192577785,1.05042731209166,1.05042731209166,1.04212883557326,1.02010857581414
256,1.10401340071285,1.10401340071285,1.10512603548239,1.08882849547897,1.13189270910712,1.13189270910712,1.14144570834018,1.08153490052256,0.991674901465298,0.991674901465298,0.921508675513383,0.977441617865136,0.943847606635581,0.943847606635581,0.447692540367653,1.32322419785525,1.10335990108703,1.10335990108703,0.867845764773041,0.958499302567975,0.850506514395337,0.850506514395337,0.705674817044375,0.923744581298044,1.05390945157015,1.05390945157015,1.04723483624179,1.02261925132162
257,1.1051967285984,1.1051967285984,1.10615970841962,1.09020898172543,1.12747154035647,1.12747154035647,1.13570813484409,1.07769998776628,0.981378381533289,0.981378381533289,0.903807216969081,0.978549256854371,0.901436931901313,0.901436931901313,0.436170589936718,1.29851306368864,1.09882567826294,1.09882567826294,0.861193497713528,0.968465033161116,0.850540377109288,0.850540377109288,0.703667631522829,0.920716740039963,1.05709895422587,1.05709895422587,1.05179498582068,1.02460022067752
258,1.106223813013,1.106223813013,1.10682868942811,1.09116558797236,1.12240852794056,1.12240852794056,1.12988612056542,1.07391514287429,0.972272753316932,0.972272753316932,0.886304533133023,0.980327913654511,0.868387373869689,0.868387373869689,0.42748286559507,1.277522813857,1.09424590526416,1.09424590526416,0.85723997393585,0.978824501609037,0.850130540723571,0.850130540723571,0.70556267784622,0.918407568009716,1.06006896396246,1.06006896396246,1.05637729411295,1.02620643863094
259,1.10737648523131,1.10737648523131,1.10758519171037,1.09226871367629,1.11799591384654,1.11799591384654,1.12442809851792,1.07061843982246,0.966035581010856,0.966035581010856,0.871470358985492,0.98300738888573,0.835252023475033,0.835252023475033,0.42313428286114,1.26374582577533,1.08184536531525,1.08184536531525,0.845116863914452,0.99590092971616,0.850828279854236,0.850828279854236,0.709425112657112,0.915119737589801,1.06275870095037,1.06275870095037,1.06045344219779,1.02851751910516
260,1.10853752678155,1.10853752678155,1.10820550322804,1.09321088228619,1.11414552400653,1.11414552400653,1.11950963445697,1.06758167706132,0.962492577633274,0.962492577633274,0.859748449549726,0.987995934792985,0.818784764338981,0.818784764338981,0.426874857066922,1.25926025292857,1.06787631500308,1.06787631500308,0.835996540141188,1.01565633631099,0.851223484203061,0.851223484203061,0.715794053110041,0.910683987543527,1.06535993075449,1.06535993075449,1.06478340089338,1.02969239085516
261,1.10970081609523,1.10970081609523,1.10892387209622,1.09403766259394,1.11028884038343,1.11028884038343,1.11448938456291,1.06486134955027,0.959879936743994,0.959879936743994,0.848928908433975,0.993465529998469,0.805417729230674,0.805417729230674,0.43359505070568,1.25266863795701,1.05164460927422,1.05164460927422,0.823433291730478,1.03452886815655,0.851532707916052,0.851532707916052,0.723759650568874,0.907287868954894,1.06786169709135,1.06786169709135,1.06892480760663,1.03114002230755
262,1.11070073604961,1.11070073604961,1.10952239309155,1.09469034530209,1.10618401061366,1.10618401061366,1.10919296762036,1.06173270313327,0.957723325992422,0.957723325992422,0.839842168170494,0.998582594030339,0.793510139207127,0.793510139207127,0.443531836045371,1.25192104248256,1.03431771891041,1.03431771891041,0.811931780662407,1.05028965677974,0.852609486478593,0.852609486478593,0.732354394917038,0.903305433344638,1.07043709699813,1.07043709699813,1.07271816830168,1.03292449875163
263,1.11177846687858,1.11177846687858,1.10991953134751,1.09510373545597,1.10209665678527,1.10209665678527,1.10405942493282,1.05870863586862,0.955096403830966,0.955096403830966,0.830248797018909,1.00375123553474,0.782892359368708,0.782892359368708,0.453491280087974,1.24851143135355,1.01049200688368,1.01049200688368,0.798405246917194,1.06661590152919,0.853616867380446,0.853616867380446,0.741588544945533,0.899042359026863,1.07242318351242,1.07242318351242,1.07635852835674,1.03460221682121
264,1.11246417819988,1.11246417819988,1.11013941208525,1.09543162772809,1.09788495491243,1.09788495491243,1.09892588224527,1.05551302070762,0.95245894403179,0.95245894403179,0.820659593431853,1.0094339495376,0.775056981849529,0.775056981849529,0.46777948049946,1.24661140531016,0.983000496015547,0.983000496015547,0.78374458464689,1.08110701566032,0.85274758503631,0.85274758503631,0.751351199586152,0.89480643804869,1.07362868073563,1.07362868073563,1.07935450003995,1.03560563961542
265,1.11334051899021,1.11334051899021,1.1106980636084,1.09568129733398,1.09336461324969,1.09336461324969,1.09332283865332,1.05222385560683,0.949490241910027,0.949490241910027,0.812512548370702,1.01499495432311,0.767342493569168,0.767342493569168,0.476527628048874,1.24395388782333,0.953820658020299,0.953820658020299,0.765363980814288,1.08502531440018,0.853055972632907,0.853055972632907,0.761368201493248,0.88948292013274,1.07533161771173,1.07533161771173,1.08275168241998,1.03686858134977
266,1.11383507477021,1.11383507477021,1.11083126116937,1.0956750372648,1.08799925482695,1.08799925482695,1.08685000423467,1.0476914046651,0.945196015885407,0.945196015885407,0.802376306639444,1.017199848718,0.754887977231292,0.754887977231292,0.483994614771118,1.23477492678132,0.916105113376517,0.916105113376517,0.737860157561124,1.08736345813694,0.851731146206858,0.851731146206858,0.770473055380022,0.883412604080265,1.07629577065715,1.07629577065715,1.0849977480486,1.03811048918751
267,1.11468568584294,1.11468568584294,1.11146348563744,1.09610737681727,1.08276698241934,1.08276698241934,1.08070384903605,1.04349506699303,0.939894890845878,0.939894890845878,0.792610796952916,1.01914123840176,0.73911388139201,0.73911388139201,0.492032789629277,1.22385787373371,0.868109092349313,0.868109092349313,0.705826576717959,1.08563760278229,0.849894198489577,0.849894198489577,0.780451675258727,0.878203552937255,1.07787622984988,1.07787622984988,1.08742392424494,1.03934861395032
268,1.11486531561856,1.11486531561856,1.11164068329159,1.09560392062305,1.0764933638823,1.0764933638823,1.07353103606592,1.03834934422384,0.933423810713011,0.933423810713011,0.783160934979935,1.02046080462959,0.729263358254796,0.729263358254796,0.497955208102996,1.21158867147056,0.825002783553021,0.825002783553021,0.680820731867294,1.08794105595915,0.851005675882464,0.851005675882464,0.792655214654135,0.874701422507773,1.07951502054063,1.07951502054063,1.090067872705,1.0407488813046
269,1.11540602228606,1.11540602228606,1.1121100176188,1.09574733824396,1.07077818110849,1.07077818110849,1.06656509455214,1.03330209089932,0.927926491497484,0.927926491497484,0.773197194180536,1.02100024030762,0.718787915745953,0.718787915745953,0.507428434145605,1.19703170110687,0.785821711549629,0.785821711549629,0.657354406163454,1.08801043707894,0.853803321336273,0.853803321336273,0.805778861476673,0.871785283910217,1.08131485023591,1.08131485023591,1.09353477792309,1.0418808529849
270,1.11534461530206,1.11534461530206,1.11231110103781,1.09533998257119,1.06378872112642,1.06378872112642,1.05895027892845,1.02699544432269,0.920564980977155,0.920564980977155,0.76241987230546,1.01937665637042,0.712058089814026,0.712058089814026,0.512225470374676,1.17703104817284,0.747978428372476,0.747978428372476,0.638486368369004,1.09027833243192,0.858361270504594,0.858361270504594,0.820996009165709,0.869149784020182,1.08322528330679,1.08322528330679,1.0971847969045,1.04327552138828
271,1.11557618276041,1.11557618276041,1.11254283486187,1.09515680505144,1.05723114909429,1.05723114909429,1.05092679699221,1.02103133811082,0.913715932417595,0.913715932417595,0.75147222388002,1.0175385918544,0.704586354924517,0.704586354924517,0.519691512984298,1.15935144978045,0.709876697465012,0.709876697465012,0.617583655739753,1.09175441575535,0.866227732243365,0.866227732243365,0.835211332851041,0.868363475335612,1.08578605443285,1.08578605443285,1.10121727690216,1.04545056248805
272,1.115322281142,1.115322281142,1.11269381205233,1.09484549350309,1.04980002441187,1.04980002441187,1.04277944601218,1.01420171642553,0.905207344570035,0.905207344570035,0.739555163705166,1.01410554081169,0.69505852806189,0.69505852806189,0.521053867496904,1.13441810612865,0.669302384248803,0.669302384248803,0.596104709298179,1.09152805985205,0.875462498460665,0.875462498460665,0.850623574444753,0.870287460171122,1.08839879139503,1.08839879139503,1.10501550764411,1.04793377287155
273,1.11515934220549,1.11515934220549,1.11273613595148,1.09465599951714,1.04237794322358,1.04237794322358,1.034073415185,1.00771281012737,0.896395106372344,0.896395106372344,0.7280055740028,1.0102002920502,0.682902335168193,0.682902335168193,0.527717414378381,1.10903404607167,0.631493758813261,0.631493758813261,0.575580361249213,1.09129476583677,0.886194052375683,0.886194052375683,0.865068836549014,0.8745542741704,1.09115451091692,1.09115451091692,1.10841398870332,1.051139928874
274,1.11440509801185,1.11440509801185,1.11260844588517,1.09386892271121,1.03399981805332,1.03399981805332,1.02493443497453,0.999807165767443,0.886690080684015,0.886690080684015,0.715632256111119,1.0048724923385,0.671454904182726,0.671454904182726,0.528252726234685,1.08186151453067,0.600377048172476,0.600377048172476,0.558913980617089,1.08899651624389,0.898472282266583,0.898472282266583,0.880529365210702,0.88030590432094,1.09403393238793,1.09403393238793,1.11265458203835,1.05447478508555
275,1.11358772514308,1.11358772514308,1.11220813483337,1.09321392772525,1.02569379641742,1.02569379641742,1.01567073962023,0.992330311801568,0.876907686550311,0.876907686550311,0.703289017163438,0.998903974453218,0.660202455840514,0.660202455840514,0.531103946351157,1.05850162994606,0.576052264666528,0.576052264666528,0.542464773532323,1.08085724362909,0.912399054980685,0.912399054980685,0.897821795568429,0.887630151840621,1.09810152913679,1.09810152913679,1.11653292505175,1.05891195366996
276,1.11258173144495,1.11258173144495,1.11158884100493,1.09221124511328,1.01683514396386,1.01683514396386,1.00608214185596,0.9840193637161,0.866099259270044,0.866099259270044,0.69018075832678,0.991700661235539,0.648679956537394,0.648679956537394,0.52958675736865,1.02912589585758,0.549582662065369,0.549582662065369,0.527751024394887,1.07168679412149,0.926125159760263,0.926125159760263,0.914093653097523,0.895324302639335,1.10152594920012,1.10152594920012,1.12061986840721,1.06300251692935
277,1.11155498180364,1.11155498180364,1.11093279063607,1.09142140485339,1.00789846082099,1.00789846082099,0.996481952521339,0.975660410784517,0.855837125313758,0.855837125313758,0.678370424043591,0.983958593230565,0.636439921107098,0.636439921107098,0.533553918603556,1.00213419065878,0.531168508836116,0.531168508836116,0.520567888664056,1.05979053387032,0.941486150795275,0.941486150795275,0.932391091221678,0.904099383987062,1.10610084023616,1.10610084023616,1.12493724614831,1.06781996020563
278,1.11014673410052,1.11014673410052,1.10974718268322,1.08983935565879,0.998975281814644,0.998975281814644,0.986798506944161,0.967320421750821,0.845235152540954,0.845235152540954,0.66790059595146,0.977486386430399,0.624292502432348,0.624292502432348,0.534897390863735,0.976580099862122,0.516782575403411,0.516782575403411,0.514037238791064,1.04839641947361,0.956834739437112,0.956834739437112,0.951125235466092,0.913112666787,1.11017308881487,1.11017308881487,1.12902378366653,1.07232454318527
279,1.10890467741718,1.10890467741718,1.10880432354374,1.08855559030099,0.990186349812541,0.990186349812541,0.976932472981379,0.958904815166138,0.835781920932917,0.835781920932917,0.658886697468029,0.970667095582432,0.617448611654118,0.617448611654118,0.542208599003456,0.953840062788824,0.503210603788003,0.503210603788003,0.508837621459434,1.03508998796281,0.972863926823539,0.972863926823539,0.971070624551142,0.923412725213427,1.11475520242883,1.11475520242883,1.13345520167246,1.07782808493071
280,1.10722913716457,1.10722913716457,1.10726294340892,1.08699841219204,0.981941005133956,0.981941005133956,0.967806691931315,0.950840239059487,0.827668355846784,0.827668355846784,0.651458647887565,0.9648202869145,0.612116811274325,0.612116811274325,0.549338537519879,0.933403087586303,0.498144632185461,0.498144632185461,0.506324199604679,1.01952346647501,0.989638372622349,0.989638372622349,0.992094955448092,0.934310482300829,1.12001519782737,1.12001519782737,1.13757656002598,1.08268358594078
281,1.10558525689903,1.10558525689903,1.10588487246347,1.0856274570419,0.974798966740601,0.974798966740601,0.959235614058275,0.944248261199178,0.822308441881019,0.822308441881019,0.646590207722469,0.961200331367388,0.620949525013751,0.620949525013751,0.568923209737129,0.920760537402694,0.49645036373121,0.49645036373121,0.512115494200888,0.998758564587311,1.00828725202343,1.00828725202343,1.01472637901765,0.946723298181208,1.1255775009581,1.1255775009581,1.14256941327162,1.08842069473234
282,1.10352520562511,1.10352520562511,1.10402172293979,1.08406886900746,0.96809706543035,0.96809706543035,0.951647112145389,0.938027547264437,0.820198557233554,0.820198557233554,0.645956375516964,0.959529085079343,0.641535792488552,0.641535792488552,0.596401607581472,0.911501508975334,0.500727129046178,0.500727129046178,0.513938786782928,0.972561121020432,1.02686422541464,1.02686422541464,1.03683619612765,0.958706050688822,1.13156771122706,1.13156771122706,1.14719603899065,1.09382383366915
283,1.10110905123372,1.10110905123372,1.102235438885,1.08200834749833,0.961749082485411,0.961749082485411,0.945163955306425,0.932662906527593,0.820639196874064,0.820639196874064,0.648641917860528,0.958309439565609,0.666428251639627,0.666428251639627,0.63502336669559,0.907194963203689,0.513690114630398,0.513690114630398,0.518247509962508,0.945003807505764,1.04726490801356,1.04726490801356,1.0598381743031,0.971613805286288,1.13736988963668,1.13736988963668,1.15227330638249,1.09924149961369
284,1.09853029267909,1.09853029267909,1.09964506061043,1.07972810320073,0.956025956101879,0.956025956101879,0.939538151623773,0.926975244751854,0.821755631860027,0.821755631860027,0.652968212239783,0.957152095553345,0.696889415082049,0.696889415082049,0.671052592551485,0.90613969305743,0.529612871348315,0.529612871348315,0.524194204297049,0.921965806681102,1.06707682531848,1.06707682531848,1.08196267209678,0.98416433900286,1.14277017443027,1.14277017443027,1.15645878702015,1.10434713753808
285,1.09554368462327,1.09554368462327,1.09748289004536,1.07730850186763,0.951491682569779,0.951491682569779,0.935669697695053,0.922492385593305,0.826912003034014,0.826912003034014,0.660576554285793,0.959107103051633,0.737227424318523,0.737227424318523,0.718172309370359,0.914122141486887,0.542400587782095,0.542400587782095,0.530829097472773,0.899030143008123,1.08637745744856,1.08637745744856,1.10367982513753,0.996383667014206,1.1475377491555,1.1475377491555,1.16055482112981,1.10876690397781
286,1.09259868410333,1.09259868410333,1.09499134735424,1.07483492858674,0.947874712646114,0.947874712646114,0.932350954953203,0.919080708951357,0.833877381567893,0.833877381567893,0.670812636367317,0.962318694385564,0.782101704750311,0.782101704750311,0.772069810697893,0.922011927661386,0.553034573129962,0.553034573129962,0.538051807050012,0.882697827410697,1.10508723399366,1.10508723399366,1.12418608708906,1.00784318930119,1.15230764979566,1.15230764979566,1.16428941659231,1.11323320223917
287,1.08938600843586,1.08938600843586,1.09254230815448,1.07217310205434,0.944882965911997,0.944882965911997,0.930027648891903,0.916583663484881,0.842442262585386,0.842442262585386,0.682798008360775,0.967801566960213,0.833138411622155,0.833138411622155,0.828480539823456,0.938337577571152,0.563282372214149,0.563282372214149,0.543077685543755,0.864239847755853,1.12338410839293,1.12338410839293,1.14447461504544,1.01858257900672,1.15641827597066,1.15641827597066,1.16726542108326,1.11710306090719
288,1.0862938511482,1.0862938511482,1.09012014792321,1.06950416949746,0.942808400576934,0.942808400576934,0.928153537334388,0.914917855651287,0.853147809244741,0.853147809244741,0.695519408489956,0.972913694534317,0.879308351718369,0.879308351718369,0.881585930661678,0.955308264731444,0.572902371064557,0.572902371064557,0.550063917258315,0.845022144839361,1.14067151159937,1.14067151159937,1.16499431955069,1.02819925128731,1.16049046334109,1.16049046334109,1.17069425876811,1.12044782877506
289,1.08296759169023,1.08296759169023,1.08750307027237,1.06684375289054,0.940449515118634,0.940449515118634,0.926205222804595,0.913680917558598,0.862585927661835,0.862585927661835,0.707469446784136,0.978362182127281,0.920947870098566,0.920947870098566,0.926032864649515,0.96784555779049,0.584905832316709,0.584905832316709,0.555866794443717,0.824910292741638,1.15780841385491,1.15780841385491,1.18430490172379,1.03795689330105,1.1640849812355,1.1640849812355,1.17391287276194,1.12362167731762
290,1.07950770986989,1.07950770986989,1.08499793843683,1.06426742423989,0.938039973872205,0.938039973872205,0.923261386984251,0.912875150265555,0.870197291118665,0.870197291118665,0.716712923713643,0.982727372574482,0.953769298437582,0.953769298437582,0.960108721491841,0.978162555264738,0.594224803925684,0.594224803925684,0.561133011663203,0.810485957938303,1.173023084521,1.173023084521,1.20247799622602,1.04579038788444,1.16726597593926,1.16726597593926,1.17646039429345,1.12675867871037
291,1.07558550615367,1.07558550615367,1.08201772532313,1.06141322747354,0.936027307588258,0.936027307588258,0.920813027339112,0.912643298760851,0.877869661951777,0.877869661951777,0.72648278216316,0.986809142256801,0.98512055764646,0.98512055764646,0.995281637200173,0.988339209906237,0.606308473094138,0.606308473094138,0.567959982776368,0.794016614629301,1.18773343764887,1.18773343764887,1.22016432878294,1.05416759963929,1.16970243303331,1.16970243303331,1.17813439174664,1.12858204516472
292,1.07198114575182,1.07198114575182,1.07913706616174,1.05865772549153,0.934407544461933,0.934407544461933,0.917883998269223,0.913678933887271,0.884380535532355,0.884380535532355,0.735632035894593,0.990851760722351,1.01544328341217,1.01544328341217,1.02794321333572,1.00239778328696,0.625798006534563,0.625798006534563,0.57708802827576,0.784206991555677,1.20352558603764,1.20352558603764,1.23898991776781,1.06382150614006,1.17266999443839,1.17266999443839,1.18065309883401,1.13140573229184
293,1.06794899292641,1.06794899292641,1.07590326883758,1.05553541729386,0.93283507636578,0.93283507636578,0.914359653221063,0.914603880153643,0.890709080249726,0.890709080249726,0.744705911067567,0.994015689705431,1.03961820643607,1.03961820643607,1.05290083048106,1.01350285974511,0.642090115755949,0.642090115755949,0.588563478518148,0.770604823021797,1.2171356099912,1.2171356099912,1.25555043645051,1.07246293452279,1.17478553648084,1.17478553648084,1.18198107945521,1.13303752383179
294,1.06436051034285,1.06436051034285,1.07256333251314,1.05247508942076,0.931003829906869,0.931003829906869,0.911552547164915,0.916774333972836,0.895791410653407,0.895791410653407,0.753027993838987,0.996338888864041,1.05940407016031,1.05940407016031,1.07549438962255,1.02579545248039,0.660341872710218,0.660341872710218,0.601831334438064,0.758513428371238,1.23172347206737,1.23172347206737,1.27243463767678,1.08213553943107,1.17710018908267,1.17710018908267,1.18345921985571,1.13521808822095
295,1.06073314623438,1.06073314623438,1.0693758101169,1.04925295849835,0.929123638591153,0.929123638591153,0.907812192780126,0.918769113859306,0.899174408321377,0.899174408321377,0.760209613516796,0.999014959641628,1.07248448078303,1.07248448078303,1.088984814869,1.03226651655715,0.682615908133902,0.682615908133902,0.612846376760054,0.751344624169436,1.24375602309122,1.24375602309122,1.28724320248295,1.09007634661409,1.17870188755117,1.17870188755117,1.18396489305845,1.1364435775135
296,1.05738598735896,1.05738598735896,1.06601671728931,1.04641128187036,0.927524406640717,0.927524406640717,0.904706751854822,0.921418425936846,0.903681744203599,0.903681744203599,0.769230759938541,1.00104435445178,1.08711402850641,1.08711402850641,1.10366671024358,1.04093538538012,0.706686204794295,0.706686204794295,0.624429931168238,0.748173039731257,1.25660782882829,1.25660782882829,1.30246689457314,1.09915548032744,1.18015191188313,1.18015191188313,1.18490253942091,1.13789930474624
297,1.0539135754531,1.0539135754531,1.0623645299635,1.04356746215561,0.926752715508894,0.926752715508894,0.901288253919911,0.92494071209199,0.908521015674048,0.908521015674048,0.777703781025336,1.00417049399954,1.10112060668459,1.10112060668459,1.11568431980073,1.05346458173728,0.730572320313549,0.730572320313549,0.640615634348877,0.748414139122511,1.26955049254684,1.26955049254684,1.31747126078682,1.10742928175901,1.18154997037896,1.18154997037896,1.18571510674557,1.13929904247002
298,1.05069286522697,1.05069286522697,1.05923405802821,1.04095346029585,0.926029174872905,0.926029174872905,0.898168852344178,0.928731666691667,0.913418798764476,0.913418798764476,0.786887100066842,1.00683379807601,1.1151525326064,1.1151525326064,1.1278048376336,1.0654692917387,0.75736275457992,0.75736275457992,0.657255954155318,0.760201991374009,1.28056660474123,1.28056660474123,1.33114835169615,1.11487677617342,1.18267075533222,1.18267075533222,1.18663895464182,1.14015613592597
299,1.0473223200469,1.0473223200469,1.0557500887457,1.03827680134728,0.925193507130502,0.925193507130502,0.894504562351724,0.932087165761633,0.917112934051484,0.917112934051484,0.795701136651282,1.00969575202191,1.12396769790793,1.12396769790793,1.13351766310538,1.07335637901257,0.780166558339678,0.780166558339678,0.675275567291423,0.78883384498135,1.29025231640028,1.29025231640028,1.34307914875156,1.12164299817502,1.18309909092846,1.18309909092846,1.186428406281,1.14056198420437
300,1.04408300599151,1.04408300599151,1.05202253255281,1.03549490556009,0.925011048525734,0.925011048525734,0.891325341504156,0.936397683555289,0.921328405099448,0.921328405099448,0.805009120231779,1.01319808369603,1.13473073981558,1.13473073981558,1.13850541008396,1.0832280578829,0.805542956748263,0.805542956748263,0.694078935629549,0.811761703278353,1.29954505335422,1.29954505335422,1.35498111506676,1.12764128470986,1.18350477945831,1.18350477945831,1.18636395932707,1.14048934916573
301,1.04064827999172,1.04064827999172,1.04808132148571,1.0325972266916,0.924730394683904,0.924730394683904,0.887768844655009,0.940324876701707,0.924871269823903,0.924871269823903,0.81442546049006,1.01526305504664,1.14052074940702,1.14052074940702,1.13981961485288,1.09160724470494,0.841461249934147,0.841461249934147,0.713282868510579,0.837809977437694,1.30809267124851,1.30809267124851,1.36603354736186,1.13377598832211,1.183465544946,1.183465544946,1.1856716009933,1.14049373753265
302,1.03735607175853,1.03735607175853,1.0447259402306,1.03010216614623,0.924635804623562,0.924635804623562,0.884989659899718,0.944219775678922,0.927686760239321,0.927686760239321,0.823868980517016,1.01744667160633,1.14252029641359,1.14252029641359,1.13741968056941,1.09943135763078,0.879358005055503,0.879358005055503,0.742772140594476,0.859960767193103,1.31713276169877,1.31713276169877,1.37669331558772,1.14010580575188,1.18350355529256,1.18350355529256,1.18498946975801,1.14045280466192
303,1.03391192428222,1.03391192428222,1.04066877245536,1.02711295491489,0.924631710609323,0.924631710609323,0.881599252485669,0.947757772510975,0.929974814156155,0.929974814156155,0.831627354886113,1.01910583208398,1.14126363327781,1.14126363327781,1.13099971474424,1.10622449051603,0.917564699408992,0.917564699408992,0.783612350086943,0.885079334347322,1.32505538258866,1.32505538258866,1.38623381434051,1.14545940371469,1.18300960441207,1.18300960441207,1.18392008862701,1.13986415820294
304,1.03041268268942,1.03041268268942,1.03662112306763,1.02428599790901,0.925359528573622,0.925359528573622,0.878684014846202,0.951642277050436,0.931345954938095,0.931345954938095,0.839027499904071,1.02073299069749,1.1388244004107,1.1388244004107,1.12265187094628,1.11426451549226,0.959675835910414,0.959675835910414,0.831514078123722,0.909622038207325,1.33114258864133,1.33114258864133,1.39441608454026,1.15073430577112,1.1819817948476,1.1819817948476,1.18207637003948,1.13904088543686
305,1.02684954722543,1.02684954722543,1.03255587364262,1.02121168357505,0.925670245923002,0.925670245923002,0.875785191547239,0.954633812105317,0.932531716488014,0.932531716488014,0.84528953740837,1.02220456578,1.12905771981009,1.12905771981009,1.109505102694,1.12036852908336,1.00212760850083,1.00212760850083,0.886315168456118,0.937460345257123,1.33649749608572,1.33649749608572,1.40184981674854,1.15421367292189,1.18036638572269,1.18036638572269,1.1799954801681,1.13732722815545
306,1.02363118041224,1.02363118041224,1.02873259479804,1.01857066754288,0.926319666569847,0.926319666569847,0.873420003534653,0.95817720452338,0.932848261579041,0.932848261579041,0.850539037930291,1.02230601849824,1.11839704379015,1.11839704379015,1.09288777644565,1.12607310538125,1.0427138043713,1.0427138043713,0.946955814173025,0.962676913243039,1.34144758384275,1.34144758384275,1.40894341697251,1.1576151571405,1.17898246634128,1.17898246634128,1.1780090692065,1.13626259520889
307,1.02017890272777,1.02017890272777,1.02479006672135,1.01572216687551,0.927028236556751,0.927028236556751,0.871271670958722,0.961012505624543,0.933040018854946,0.933040018854946,0.856354421236029,1.02277157753245,1.10245623779089,1.10245623779089,1.07969097022444,1.13093742394973,1.08292173574761,1.08292173574761,0.999058161223587,0.988496229707089,1.34441175581167,1.34441175581167,1.41290985469904,1.16138394312058,1.17671280183079,1.17671280183079,1.17492413799998,1.13431643014233
308,1.0169054417981,1.0169054417981,1.02086507881785,1.0131154966283,0.927600665294016,0.927600665294016,0.869082048701525,0.963895652878114,0.932822472097249,0.932822472097249,0.861622766397565,1.02301295329497,1.08836776690254,1.08836776690254,1.06667732185178,1.13646837097377,1.12490909460042,1.12490909460042,1.055410353292,1.01560950405513,1.34768041350068,1.34768041350068,1.41727160963042,1.16514443676342,1.17473173439608,1.17473173439608,1.1722508880911,1.13291147177515
309,1.01351485804615,1.01351485804615,1.01661191606975,1.01036963853665,0.927735156717022,0.927735156717022,0.866581484684784,0.966941857914768,0.932799455678015,0.932799455678015,0.865849764021926,1.02322947654598,1.06844054076194,1.06844054076194,1.0446058569899,1.1382964263337,1.16098186229177,1.16098186229177,1.11268818728004,1.04675295419869,1.34862801208037,1.34862801208037,1.42013363544326,1.16677136081177,1.1719283336182,1.1719283336182,1.16878227835659,1.13033239827294
310,1.0100412983462,1.0100412983462,1.01251110738577,1.00761549008311,0.928059011574782,0.928059011574782,0.864690704956757,0.970122238479983,0.933030867748504,0.933030867748504,0.870062990563492,1.0240419494053,1.04841387347328,1.04841387347328,1.0263589923571,1.14436265531598,1.20647955525932,1.20647955525932,1.16880100583848,1.08178001252223,1.34996816730698,1.34996816730698,1.42301918572512,1.16992553826669,1.16918754891847,1.16918754891847,1.16557502780552,1.12789337420462
311,1.00646931530273,1.00646931530273,1.00807901092541,1.00497684272578,0.928953095400962,0.928953095400962,0.862710577065989,0.972918421582577,0.932974574578571,0.932974574578571,0.873542906946203,1.02482429284998,1.02933189709118,1.02933189709118,1.00635041357286,1.1500033576323,1.24577450269944,1.24577450269944,1.22572943171922,1.12059267819405,1.35022694533087,1.35022694533087,1.42372863418537,1.17308166685978,1.16655644947003,1.16655644947003,1.16173199263212,1.1256571229525
312,1.00326414812162,1.00326414812162,1.00415803391476,1.00211379162734,0.929248842101257,0.929248842101257,0.860824450888105,0.975700560292176,0.933181583698546,0.933181583698546,0.876965021020863,1.02501715514824,1.00606071861877,1.00606071861877,0.986074650916784,1.15811985145971,1.28880456446418,1.28880456446418,1.29122897360234,1.16093346302913,1.35188538219807,1.35188538219807,1.42562138112457,1.17551262243113,1.16346861377991,1.16346861377991,1.1583060769754,1.12328430269544
313,1.00004233792616,1.00004233792616,0.999758443645692,0.999562616047442,0.929248292159046,0.929248292159046,0.85890735744927,0.977912274474971,0.93247417543993,0.93247417543993,0.878921964365475,1.02514397104604,0.980262565089776,0.980262565089776,0.965822491076241,1.15686036449912,1.33861170004593,1.33861170004593,1.35693314122787,1.2029272530431,1.35325661308397,1.35325661308397,1.42702984237837,1.17882191537097,1.16059861838518,1.16059861838518,1.1547239951482,1.12065408202019
314,0.996927942127933,0.996927942127933,0.995910381075164,0.996845464038782,0.929347648385219,0.929347648385219,0.856959804409501,0.980275144412887,0.93310490851881,0.93310490851881,0.881273920348166,1.0245917686669,0.958766703584193,0.958766703584193,0.944189094470665,1.1608619344996,1.38771478836235,1.38771478836235,1.41823785539181,1.24189689349842,1.35318401031044,1.35318401031044,1.42854655156477,1.18090751948532,1.15747699572034,1.15747699572034,1.15119069495742,1.11772878150048
315,0.993824450373597,0.993824450373597,0.991619084912971,0.994435337404977,0.929477618061154,0.929477618061154,0.854708670680416,0.982302932590239,0.933196696889488,0.933196696889488,0.88242996650915,1.02291303258086,0.932877883126088,0.932877883126088,0.924132365942741,1.15365766908507,1.43754469903144,1.43754469903144,1.47850496260726,1.27819536084203,1.35167161510671,1.35167161510671,1.42844856242316,1.18297962822729,1.15392991424877,1.15392991424877,1.14687688858404,1.11520297369328
316,0.990549124278527,0.990549124278527,0.987406510005916,0.991707751947685,0.929335549656571,0.929335549656571,0.852517271613163,0.98356232584235,0.933319266254564,0.933319266254564,0.884103153068793,1.02140911518884,0.91029011881828,0.91029011881828,0.901485936494459,1.15429730853434,1.50137237642718,1.50137237642718,1.53740918516107,1.31349820911671,1.3509754088561,1.3509754088561,1.42787247824589,1.18581642053905,1.15004282073989,1.15004282073989,1.14228897973784,1.11201346322051
317,0.987230899379215,0.987230899379215,0.982849537090642,0.989063803270502,0.929401359407855,0.929401359407855,0.850349224906627,0.984994774581031,0.933241897809188,0.933241897809188,0.884526070269378,1.01881100639943,0.890488656482577,0.890488656482577,0.884693005298536,1.14858013736684,1.55852200212481,1.55852200212481,1.59089951248319,1.34918005175822,1.34761589318562,1.34761589318562,1.42522960143386,1.18723262166449,1.14518282150046,1.14518282150046,1.13731528200999,1.10863979266019
318,0.983984124662218,0.983984124662218,0.978374398362269,0.986397352182487,0.929096141480588,0.929096141480588,0.848152580019214,0.986056514822115,0.932985666828804,0.932985666828804,0.885608006261107,1.01699268771448,0.874328495009651,0.874328495009651,0.86656037829292,1.14645070476992,1.61346937589827,1.61346937589827,1.64340435450819,1.37618144905061,1.34503675281607,1.34503675281607,1.42221334000463,1.18923172531974,1.14072416500248,1.14072416500248,1.13204313157485,1.10509573240506
319,0.980799617774789,0.980799617774789,0.973949186270234,0.983818598459994,0.92915229669083,0.92915229669083,0.846135308337305,0.987451432499289,0.933261309247096,0.933261309247096,0.885575752935613,1.01514713340046,0.862752375479636,0.862752375479636,0.850163030285342,1.14291964311257,1.6622674760885,1.6622674760885,1.6892192860588,1.4054108475521,1.34005294169782,1.34005294169782,1.41795364235611,1.18957366228493,1.13530515047289,1.13530515047289,1.12638900712813,1.10153457265125
320,0.977624149765846,0.977624149765846,0.969502782296587,0.981427139239686,0.929159445939577,0.929159445939577,0.844146211786261,0.988418035863529,0.933848505243811,0.933848505243811,0.886527769633075,1.01392987100427,0.856262378198913,0.856262378198913,0.843396575128138,1.14515883100178,1.70784042586641,1.70784042586641,1.73334895088191,1.43219282705317,1.33662193807567,1.33662193807567,1.41239479264064,1.19119668405693,1.13003695316382,1.13003695316382,1.12088057825106,1.09772607545857
321,0.974675610214122,0.974675610214122,0.965258359703043,0.97907927491555,0.928831680381647,0.928831680381647,0.84194085206858,0.988871344435184,0.933998943887598,0.933998943887598,0.886789963801561,1.01125294911328,0.847455987116327,0.847455987116327,0.833754352926308,1.14161427484129,1.75189833722526,1.75189833722526,1.77677304298006,1.45953332456851,1.33294832134657,1.33294832134657,1.40840323856373,1.19161373984186,1.12447728198946,1.12447728198946,1.1148357948758,1.09380976063041
322,0.971635629732956,0.971635629732956,0.960849909551265,0.97656379864908,0.928459980551504,0.928459980551504,0.839555188435366,0.989103830714713,0.932677995537963,0.932677995537963,0.885631743259084,1.00855508983245,0.836942522992049,0.836942522992049,0.825148766382718,1.13569738502718,1.78356858151065,1.78356858151065,1.81381802408048,1.48268233518482,1.32737170370508,1.32737170370508,1.40092086553606,1.19103734110596,1.11817239991423,1.11817239991423,1.10849199062111,1.088839329804
323,0.968808086808579,0.968808086808579,0.956729465451553,0.97462283882156,0.928210673415719,0.928210673415719,0.838458812021719,0.990010765245435,0.932219053684568,0.932219053684568,0.885446196038261,1.00719313815689,0.831011150984249,0.831011150984249,0.820705772386652,1.13269170935911,1.81179285605858,1.81179285605858,1.8506950576376,1.50592327578486,1.32045130766595,1.32045130766595,1.39304317530354,1.18910652728684,1.11150253282036,1.11150253282036,1.10168139237139,1.08390756200336
324,0.96583797829285,0.96583797829285,0.952319877882401,0.972372936120518,0.927554531252958,0.927554531252958,0.836746474789168,0.99053128060165,0.930725343537552,0.930725343537552,0.883784243783004,1.00468422605264,0.825116825678668,0.825116825678668,0.816380792468256,1.12849491887974,1.83158539718282,1.83158539718282,1.88283481221503,1.52367443528189,1.31350610684047,1.31350610684047,1.38310364495606,1.18713685329906,1.10428209718002,1.10428209718002,1.09446658022927,1.07864507779241
325,0.963196521485868,0.963196521485868,0.948212124966027,0.970646736143743,0.927218577666548,0.927218577666548,0.835807303760346,0.991059492602614,0.930002683434866,0.930002683434866,0.882744345833492,1.0036266325318,0.825655952687267,0.825655952687267,0.815841704161466,1.13004588710835,1.84555642793737,1.84555642793737,1.91358755173667,1.54034064751828,1.30792154609323,1.30792154609323,1.37311918817903,1.18579398245004,1.09703932051472,1.09703932051472,1.08734551648991,1.07329770138005
326,0.960525939403766,0.960525939403766,0.944120655077331,0.968648758929379,0.926473283760868,0.926473283760868,0.834196160090901,0.991519704350487,0.929482595552061,0.929482595552061,0.882058690869047,1.00219216599387,0.826247725009544,0.826247725009544,0.817612859439115,1.13088524520422,1.86190795043009,1.86190795043009,1.94021013299544,1.54712265197728,1.30123066400421,1.30123066400421,1.36267980708393,1.18450883277203,1.08957025681037,1.08957025681037,1.07987324120187,1.06829511441673
327,0.958047038935265,0.958047038935265,0.940318328658077,0.967175386791596,0.926289419748226,0.926289419748226,0.833206476890528,0.99252090294267,0.930143000400314,0.930143000400314,0.880665818323674,1.00225242482316,0.830717702106151,0.830717702106151,0.81637701601777,1.13636851165046,1.87422531179913,1.87422531179913,1.96107906307288,1.55762608624876,1.29541003972845,1.29541003972845,1.35114715724467,1.18283589438172,1.08244132755991,1.08244132755991,1.07246208500238,1.06345716687434
328,0.955331118986473,0.955331118986473,0.936258586727726,0.965369441429066,0.925837733878685,0.925837733878685,0.831858977989174,0.993137189950554,0.929328135967565,0.929328135967565,0.880347815030174,1.00310677246216,0.835768727479657,0.835768727479657,0.813068845392566,1.1433838540209,1.88653772206222,1.88653772206222,1.97628989832983,1.56027471049656,1.28825985103374,1.28825985103374,1.3389289371656,1.18036607864172,1.07414895117977,1.07414895117977,1.06400881993451,1.05873384650229
329,0.952931272836156,0.952931272836156,0.932766236475089,0.964032268093685,0.925303067839929,0.925303067839929,0.830460543866257,0.99367317794312,0.928645546618845,0.928645546618845,0.878800923795642,1.00198926055739,0.840787580717026,0.840787580717026,0.81315570375373,1.14684654352896,1.89871348180125,1.89871348180125,1.98792267874208,1.56161376610841,1.28080489791347,1.28080489791347,1.3258268691793,1.17858355132391,1.06616622752633,1.06616622752633,1.05622177728206,1.05391988365494
330,0.9505002449463,0.9505002449463,0.929014435332897,0.962623696131455,0.924130957673597,0.924130957673597,0.828725108102998,0.993667782357111,0.926800905405079,0.926800905405079,0.875723267989324,1.00137782068505,0.842431284399661,0.842431284399661,0.810061846693571,1.14524879435611,1.89966805502737,1.89966805502737,1.98905198118834,1.55809093975132,1.2715805831511,1.2715805831511,1.3102269624606,1.17463022019143,1.05754969205536,1.05754969205536,1.04728970543683,1.04929598249204
331,0.948434646000937,0.948434646000937,0.925571353211802,0.96156450370582,0.922953714713292,0.922953714713292,0.826866141735948,0.993619856857849,0.923888219146993,0.923888219146993,0.872676778317754,0.99907862292455,0.846877863579078,0.846877863579078,0.807778982375151,1.1480907367193,1.89817381125328,1.89817381125328,1.98685611532061,1.55525065016011,1.26239904967754,1.26239904967754,1.29537258684635,1.17120304598684,1.04908170909826,1.04908170909826,1.03927669260839,1.04525739868217
332,0.945980470930197,0.945980470930197,0.922070023348313,0.960187062898424,0.921257631828978,0.921257631828978,0.824893967185423,0.993300089039931,0.921263792741841,0.921263792741841,0.869450177379096,0.996654481715746,0.848345107969567,0.848345107969567,0.805596193994594,1.14392363414687,1.89633199984188,1.89633199984188,1.98011311797909,1.55122654521258,1.25218310087206,1.25218310087206,1.27912531504051,1.16656128826825,1.04033357580906,1.04033357580906,1.03111506218216,1.04033826635179
333,0.944077619622329,0.944077619622329,0.918981516127736,0.959429876512898,0.920705856476982,0.920705856476982,0.823835326832934,0.993118464093227,0.919612156682131,0.919612156682131,0.867291560150915,0.996835939094342,0.85309878481211,0.85309878481211,0.806120176499442,1.1478244451905,1.8803973604697,1.8803973604697,1.97295507785818,1.54303697128593,1.24100575756639,1.24100575756639,1.26212243021492,1.16091371882038,1.03162712536368,1.03162712536368,1.02272072468174,1.03569885458167
334,0.94195113976526,0.94195113976526,0.915489584923606,0.958475695337811,0.919382267783783,0.919382267783783,0.822126712440498,0.992658093651648,0.91787358511122,0.91787358511122,0.864746265413715,0.996577200618295,0.86270167999239,0.86270167999239,0.81022895462755,1.15017878617324,1.86732446033351,1.86732446033351,1.95954533522066,1.53022401298961,1.22892359696985,1.22892359696985,1.2450772720954,1.15492535057126,1.02262895621985,1.02262895621985,1.01427939122876,1.03068219457962
335,0.939987551019949,0.939987551019949,0.912712131422949,0.957905183087253,0.918728325389867,0.918728325389867,0.820743592728051,0.992554704702083,0.916019654137884,0.916019654137884,0.861986069305523,0.996617543393836,0.872635070752986,0.872635070752986,0.816732002363397,1.15702229853691,1.85111850035556,1.85111850035556,1.94575915843438,1.51573723517847,1.21796712774488,1.21796712774488,1.22793129482296,1.1502887958878,1.0140624279198,1.0140624279198,1.00595201687316,1.02637735795624
336,0.938432337848124,0.938432337848124,0.909823330747725,0.957657205391949,0.917615792296424,0.917615792296424,0.819052492606152,0.992058072748645,0.91334406472853,0.91334406472853,0.857948605268056,0.995290146922644,0.882020560286038,0.882020560286038,0.821098523237133,1.16385411566453,1.82334774711215,1.82334774711215,1.91894449923816,1.5005800622974,1.20409609612371,1.20409609612371,1.20755291400749,1.14345151993765,1.0052248693225,1.0052248693225,0.997671881972456,1.02230903917743
337,0.936905054332572,0.936905054332572,0.906844314915472,0.957134461417016,0.915998656671776,0.915998656671776,0.817694586674479,0.991484077613453,0.911335119558187,0.911335119558187,0.854614372445445,0.995767281099196,0.894602790255245,0.894602790255245,0.824425576114765,1.16999591386445,1.78796714403186,1.78796714403186,1.88679702293461,1.47255876254417,1.18939034163601,1.18939034163601,1.18736785833964,1.13613605253976,0.996266914023593,0.996266914023593,0.988963264112317,1.01796478291328
338,0.935663332422512,0.935663332422512,0.904028608272585,0.957270829410477,0.914542226382205,0.914542226382205,0.816268823520723,0.990774796093757,0.908256742812244,0.908256742812244,0.85065047498186,0.994765520617922,0.902854455717772,0.902854455717772,0.829375558588494,1.17431145597152,1.73446648341542,1.73446648341542,1.84202645484285,1.43996004341312,1.17193947767457,1.17193947767457,1.16401265937757,1.12554722566342,0.987279089080365,0.987279089080365,0.979950430656049,1.01293768162443
339,0.934349921206367,0.934349921206367,0.901225054036384,0.957197626078999,0.912761757920804,0.912761757920804,0.815235650779016,0.989738129458247,0.905011705006549,0.905011705006549,0.84653129043991,0.994187784836539,0.911965019723835,0.911965019723835,0.830854038953526,1.17632573547491,1.67293710939917,1.67293710939917,1.78897626591004,1.39919950280333,1.15324126740626,1.15324126740626,1.13890267652766,1.11522879401918,0.978514858011541,0.978514858011541,0.970987352845572,1.00856467399082
340,0.933010206375581,0.933010206375581,0.898315779848416,0.957847827318291,0.910998948714853,0.910998948714853,0.813593286018613,0.98872423536957,0.901024318354003,0.901024318354003,0.841547426857174,0.992920647194636,0.917360189462685,0.917360189462685,0.830082698941884,1.17923694962094,1.60730524899721,1.60730524899721,1.72881629764462,1.36164870624761,1.13537582906621,1.13537582906621,1.11316690742685,1.1048854853632,0.971004907171107,0.971004907171107,0.96133824776229,1.00408316776825
341,0.931530843263429,0.931530843263429,0.895559877413805,0.958084751197749,0.908500377934885,0.908500377934885,0.81305228966201,0.987121746324735,0.896522389943769,0.896522389943769,0.83601036438267,0.99187633104296,0.923569411737122,0.923569411737122,0.830828547912749,1.17836610435105,1.54258736275263,1.54258736275263,1.66856463388142,1.32153341005183,1.11739528536928,1.11739528536928,1.08953436735641,1.09502882308707,0.963861777597934,0.963861777597934,0.952747403869595,0.999927459958575
342,0.930513706397647,0.930513706397647,0.892803376338469,0.959097021303053,0.906688012825228,0.906688012825228,0.812276162108191,0.985782133404159,0.892648421549856,0.892648421549856,0.830894044727257,0.989914003969363,0.932970499881633,0.932970499881633,0.833038715559326,1.17575266890785,1.47828734984977,1.47828734984977,1.60673194669346,1.27698812935776,1.10019442020961,1.10019442020961,1.06507953212474,1.08647113105102,0.957102117946236,0.957102117946236,0.9438251532856,0.996815729506349
343,0.92922066852666,0.92922066852666,0.890161155777246,0.959909758752913,0.905096724484511,0.905096724484511,0.812461711843886,0.984245581594235,0.890521205261402,0.890521205261402,0.828373392980322,0.989530151822333,0.945747712494096,0.945747712494096,0.840817259446615,1.17559973120549,1.42301716396872,1.42301716396872,1.54757097674588,1.2344757154734,1.08522417423599,1.08522417423599,1.04376990071262,1.07878576037409,0.951168035676956,0.951168035676956,0.935935190308745,0.99386916810553
344,0.928311615604674,0.928311615604674,0.887465895647923,0.961196682343806,0.903903410990698,0.903903410990698,0.813214910087001,0.983587637488483,0.888362930672296,0.888362930672296,0.82563584667936,0.989177109980675,0.952617925929165,0.952617925929165,0.846496096864025,1.17141373632864,1.36513081370653,1.36513081370653,1.49141086261491,1.19027473858627,1.07047285140482,1.07047285140482,1.02237961397815,1.07168378001153,0.945862256479334,0.945862256479334,0.928442054986498,0.991406159342156
345,0.92731140870177,0.92731140870177,0.885091866130819,0.962233033976491,0.903428505338902,0.903428505338902,0.815273809890187,0.98329016613628,0.890303658503706,0.890303658503706,0.82548273398249,0.992176944298683,0.980670078814178,0.980670078814178,0.863070938044416,1.18441793919665,1.30631167508438,1.30631167508438,1.43518800945915,1.14321786135599,1.056327294901,1.056327294901,1.00176828785674,1.06347810582124,0.94057998126413,0.94057998126413,0.921033252643007,0.988808019142312
346,0.926781080005858,0.926781080005858,0.882993031754299,0.963903400903835,0.904179543085456,0.904179543085456,0.818498889359162,0.984263196595619,0.89332213709839,0.89332213709839,0.826854043911381,0.995822943916082,1.00534610723124,1.00534610723124,0.879537206273353,1.19717474284025,1.23963117044334,1.23963117044334,1.37272310594443,1.09628673740531,1.041417109955,1.041417109955,0.980656403484893,1.05559957246498,0.935531582915638,0.935531582915638,0.913813895123786,0.986905737744937
347,0.926167584062927,0.926167584062927,0.880748667817901,0.965270859438757,0.904240342252149,0.904240342252149,0.821219862432667,0.98477252404555,0.896510604427896,0.896510604427896,0.828077133501763,1.00094153995209,1.03032533365856,1.03032533365856,0.895739122968311,1.20880520528768,1.18802876384607,1.18802876384607,1.31841234522118,1.05576469439479,1.02807617612752,1.02807617612752,0.961015771242777,1.04881351389193,0.930966056747595,0.930966056747595,0.906668886987183,0.985067919944354
348,0.926017366510951,0.926017366510951,0.879042002979332,0.966614969607552,0.905626074415224,0.905626074415224,0.824833640253572,0.98598042119001,0.900084804759259,0.900084804759259,0.830091516757508,1.00516987136327,1.05350487028865,1.05350487028865,0.916133843814678,1.21967727665813,1.1339141660925,1.1339141660925,1.25982471343863,1.01404669433197,1.01529530093118,1.01529530093118,0.94197846203679,1.04277002598936,0.927509808374745,0.927509808374745,0.900317534159797,0.983866869315846
349,0.925688475678433,0.925688475678433,0.87692604747812,0.967718997663791,0.907398171534076,0.907398171534076,0.829272365599793,0.987580926563518,0.907600636210956,0.907600636210956,0.836025947450043,1.01420222729485,1.08747084674357,1.08747084674357,0.940266306528963,1.23415058110229,1.07515741140525,1.07515741140525,1.19895338115364,0.970196092099756,1.00222234240793,1.00222234240793,0.922746235801834,1.036251598536,0.92340248744727,0.92340248744727,0.893751736934073,0.982125065956966
350,0.925590004510169,0.925590004510169,0.875172209750541,0.969097228029462,0.910193466689381,0.910193466689381,0.834137271529094,0.990290383555694,0.916471247375499,0.916471247375499,0.842017636855254,1.02361945670954,1.12435473845479,1.12435473845479,0.967770195414083,1.25488083683992,1.01612933611223,1.01612933611223,1.14113888719969,0.932398125304798,0.989833884505776,0.989833884505776,0.904560406248713,1.02990600940599,0.919876767668056,0.919876767668056,0.887769939498675,0.981007394299897
351,0.925546866582158,0.925546866582158,0.873733676092019,0.970236109443831,0.912465216859537,0.912465216859537,0.838453735421563,0.99268673786561,0.924107984354737,0.924107984354737,0.847736803779882,1.03232958110483,1.15103128879164,1.15103128879164,0.990712132112847,1.27156364126637,0.955417884798036,0.955417884798036,1.07796261966541,0.893126676978404,0.97800339494378,0.97800339494378,0.885685645817339,1.02474037108738,0.916718297614116,0.916718297614116,0.882154937762024,0.97963701323756
352,0.925462025468753,0.925462025468753,0.872636786694387,0.971558675951128,0.915025075643719,0.915025075643719,0.843125730544943,0.995051036046881,0.931992633126685,0.931992633126685,0.854997607183765,1.04135189389819,1.18094845065939,1.18094845065939,1.01551491478829,1.28653174415933,0.896249198096189,0.896249198096189,1.01475353479508,0.861089077653609,0.966412174023156,0.966412174023156,0.867768313587245,1.01999878013215,0.914075691007613,0.914075691007613,0.876941146722188,0.97896687934461
353,0.925190954763692,0.925190954763692,0.871874298004891,0.972483192293891,0.917397892971373,0.917397892971373,0.848673523805201,0.996790001679017,0.939777728952791,0.939777728952791,0.863380935033932,1.04983749457644,1.20893235961926,1.20893235961926,1.05127412443448,1.29911851706326,0.845127048775548,0.845127048775548,0.957442883470994,0.84095641121995,0.956910268618022,0.956910268618022,0.852758817978072,1.01626966729497,0.911744144918417,0.911744144918417,0.872756396591561,0.978256039565422
354,0.925274743732511,0.925274743732511,0.871654417267157,0.973905073952754,0.920166485377085,0.920166485377085,0.854316334098375,0.998693770725003,0.946563135726638,0.946563135726638,0.87224117722512,1.05703382866417,1.23104826593039,1.23104826593039,1.07922835503998,1.30475921937958,0.799618463374924,0.799618463374924,0.908164757751849,0.835005245670378,0.949898039128298,0.949898039128298,0.840633280769394,1.01404813388775,0.910453078509213,0.910453078509213,0.869285514168498,0.97812582612636
355,0.925315825196104,0.925315825196104,0.871452795071489,0.975325771274204,0.922773028144537,0.922773028144537,0.859985965762372,1.0008424041596,0.952790463660631,0.952790463660631,0.881990560248901,1.06423697165917,1.24722792566764,1.24722792566764,1.10507249393677,1.30796371406071,0.777378095471664,0.777378095471664,0.884469675911459,0.831134646450364,0.949307880306975,0.949307880306975,0.836043886803272,1.01626218793196,0.910988406192089,0.910988406192089,0.867911186934334,0.979602511594206
356,0.925811193996921,0.925811193996921,0.871340789392126,0.976773877547194,0.925881484836828,0.925881484836828,0.865882606063336,1.00249519910929,0.958242997915843,0.958242997915843,0.891251975825734,1.0706548774239,1.26520045080962,1.26520045080962,1.12853274846466,1.30573352250694,0.776444316890508,0.776444316890508,0.869068693148607,0.828499031162525,0.952861653686286,0.952861653686286,0.835506007778684,1.02178081966542,0.912471360582749,0.912471360582749,0.868276440451564,0.981821814670645
357,0.926216078363374,0.926216078363374,0.871610357309909,0.978038637109373,0.928445009902419,0.928445009902419,0.871341389600862,1.00394240636264,0.96226019499089,0.96226019499089,0.900595655502424,1.0758577336873,1.26793605729448,1.26793605729448,1.14812214124501,1.30313897936814,0.780684444021486,0.780684444021486,0.857514095213403,0.823645821833553,0.955356346300059,0.955356346300059,0.833800218461642,1.02619543238147,0.913801845129133,0.913801845129133,0.868226603638324,0.983501499939189
358,0.926809200961146,0.926809200961146,0.872114233206862,0.979350882962079,0.931582735741289,0.931582735741289,0.877266120422688,1.00602216672876,0.967596953884294,0.967596953884294,0.910132855132081,1.08136171387447,1.27585430243704,1.27585430243704,1.16710352549722,1.30333959764829,0.782496548797219,0.782496548797219,0.84552128932042,0.8242121452238,0.957476598122121,0.957476598122121,0.832763373067978,1.0299053590266,0.915020440925883,0.915020440925883,0.868389506707009,0.98513699889256
359,0.927401654012365,0.927401654012365,0.872423131820177,0.980460043147104,0.935391757706075,0.935391757706075,0.88308221200118,1.00741486269405,0.9731348984663,0.9731348984663,0.91987064145456,1.08683982021404,1.28220976169392,1.28220976169392,1.18815440461542,1.30052554392494,0.782194531334596,0.782194531334596,0.834671298894422,0.823395182538329,0.959046824709764,0.959046824709764,0.830881415546895,1.03290474618629,0.915653395827394,0.915653395827394,0.867905586380403,0.98618309477197
360,0.927827629095284,0.927827629095284,0.872844993938013,0.98143108703106,0.938773535677378,0.938773535677378,0.889269487661063,1.00922777959326,0.978541538536172,0.978541538536172,0.93011379027594,1.09135225328083,1.28423173170447,1.28423173170447,1.19988028337257,1.29861022411131,0.778638647045166,0.778638647045166,0.821776981475962,0.824886009349713,0.959558806648263,0.959558806648263,0.828649597877625,1.03548805313014,0.916321973952257,0.916321973952257,0.867612977729378,0.98770706867643
