1,0.9977301475675830,0.9977301475675830,0.9999760109732393,1.0012355703189371,0.9886233588463736,0.9886233588463736,0.9993488814296331,0.9958354263569382,0.9782766728694294,0.9782766728694294,1.0157733891724281,0.9798171998796767,0.9950115273152429,0.9950115273152429,1.1080177658528776,0.9836302543503821,1.0048406292928871,1.0048406292928871,1.0201998982986313,0.9474842513734004,0.9997756420080243,0.9997756420080243,1.0079773326476766,1.0051954773062384,1.0085145966030735,1.0085145966030735,1.0072335498068234,1.0156994699439428
2,0.9977459510682732,0.9977459510682732,0.9999571549696720,1.0015171504404046,0.9893475035234884,0.9893475035234884,1.0000786864578464,0.9961723539897294,0.9793793076189747,0.9793793076189747,1.0160808280110920,0.9802051171252011,0.9890675333561035,0.9890675333561035,1.0997302382940921,0.9862895918513912,1.0056560619374748,1.0056560619374748,1.0169984457541579,0.9598824062697668,1.0016374930697880,1.0016374930697880,1.0088585017755074,1.0076731040595459,1.0095909773304896,1.0095909773304896,1.0075796207843568,1.0167516925554820
3,0.9976624276080137,0.9976624276080137,0.9995779572097819,1.0008651768230017,0.9884240685858503,0.9884240685858503,0.9991457545629800,0.9953623877765505,0.9780740253810226,0.9780740253810226,1.0151103554713476,0.9788386103149784,0.9819956940137161,0.9819956940137161,1.0898553937099618,0.9844237724066311,1.0011414258872857,1.0011414258872857,1.0141591017559493,0.9659665813404541,1.0008987135080838,1.0008987135080838,1.0071146229352821,1.0078003794064623,1.0094774970802090,1.0094774970802090,1.0066121915062698,1.0168315682945015
4,0.9976616766152123,0.9976616766152123,0.9997151630569456,1.0002695510199147,0.9879564981849893,0.9879564981849893,0.9984457532060514,0.9942690338808450,0.9772348935276199,0.9772348935276199,1.0132149931929684,0.9784700327841714,0.9679701903047597,0.9679701903047597,1.0783645987221384,0.9810009743515036,0.9945302613475547,0.9945302613475547,1.0065371224776416,0.9748588951713211,1.0001677933034190,1.0001677933034190,1.0053824152093325,1.0083656031613877,1.0091832290473732,1.0091832290473732,1.0055971517938973,1.0166865631067430
5,0.9969408541333165,0.9969408541333165,0.9989527689667625,0.9994724162137283,0.9861994562880037,0.9861994562880037,0.9964105803685588,0.9924817821312932,0.9760408227634364,0.9760408227634364,1.0100219914959159,0.9756108743148277,0.9566202095132323,0.9566202095132323,1.0625861388739937,0.9800661860352403,0.9829387975572682,0.9829387975572682,0.9948456626325509,0.9778456035280028,0.9982615419778613,0.9982615419778613,1.0025119165624736,1.0078350467866701,1.0081841627092811,1.0081841627092811,1.0042099712312356,1.0162476472565452
6,0.9965874630424685,0.9965874630424685,0.9985424842820722,0.9995189488586956,0.9868162972110146,0.9868162972110146,0.9964252622509076,0.9929467813448007,0.9772227632202153,0.9772227632202153,1.0103235486828237,0.9766081797324784,0.9484153416746226,0.9484153416746226,1.0523743014523825,0.9819846061087291,0.9720907243469389,0.9720907243469389,0.9861513700624522,0.9800788536715962,0.9961983076506594,0.9961983076506594,0.9984552516075738,1.0071864273758604,1.0077051622821904,1.0077051622821904,1.0028026194336941,1.0162467923991376
7,0.9959901625504717,0.9959901625504717,0.9978138036286207,0.9986066149596312,0.9848052546674674,0.9848052546674674,0.9940972216029671,0.9921436262618952,0.9776942142432944,0.9776942142432944,1.0088243401570951,0.9758125064373003,0.9419634026439837,0.9419634026439837,1.0435141063266364,0.9832485240733229,0.9683873445897648,0.9683873445897648,0.9754901864681401,0.9856039627481720,0.9965393220905121,0.9965393220905121,0.9952536744128881,1.0078428045221013,1.0074258422515872,1.0074258422515872,1.0021841577856689,1.0164871676164280
8,0.9964663899421392,0.9964663899421392,0.9983001395543104,0.9987659227082853,0.9861782445981209,0.9861782445981209,0.9949171524932390,0.9921163817408013,0.9795861344569915,0.9795861344569915,1.0093333481028144,0.9760841358498145,0.9419675491343632,0.9419675491343632,1.0341686121473506,0.9890338417959195,0.9631543760690554,0.9631543760690554,0.9713078696333763,0.9954787860889061,0.9947548397642793,0.9947548397642793,0.9929735197809850,1.0089437968802368,1.0066049062734310,1.0066049062734310,1.0005139479377745,1.0161668632315302
9,0.9954285831943326,0.9954285831943326,0.9972611384762451,0.9980539454240162,0.9845943000530164,0.9845943000530164,0.9928170934341299,0.9909492778197574,0.9793914379263793,0.9793914379263793,1.0075831891021620,0.9759698443744526,0.9335823089642414,0.9335823089642414,1.0202248910810454,0.9896086915241681,0.9663764313074651,0.9663764313074651,0.9695828759679712,1.0056127990549424,0.9957556319171542,0.9957556319171542,0.9920098192022031,1.0101406699997162,1.0064597860850917,1.0064597860850917,1.0005527630816555,1.0167495554119632
10,0.9956997242474973,0.9956997242474973,0.9975248089128231,0.9983139083304005,0.9856498618182415,0.9856498618182415,0.9935628450761304,0.9910977269623575,0.9809004889416579,0.9809004889416579,1.0073139809999121,0.9768561023979196,0.9303832916363892,0.9303832916363892,1.0127772759538025,0.9944825154946528,0.9716887505080576,0.9716887505080576,0.9730144260000918,1.0140326945862030,0.9962117808341555,0.9962117808341555,0.9919222858451338,1.0113023908805234,1.0061954555789492,1.0061954555789492,1.0000153550380169,1.0164506224622545
11,0.9950915833376717,0.9950915833376717,0.9971308321231100,0.9977449861459454,0.9849050865934325,0.9849050865934325,0.9926618613971614,0.9899152142547932,0.9800951996265606,0.9800951996265606,1.0057847515433453,0.9754315764435448,0.9201974380189313,0.9201974380189313,1.0017747167762725,0.9909575219322810,0.9788417966643584,0.9788417966643584,0.9752261643509040,1.0223064192241247,0.9970717169777529,0.9970717169777529,0.9923456614701425,1.0129090906170739,1.0057208565080713,1.0057208565080713,1.0000485875424794,1.0160686614868359
12,0.9948774524336912,0.9948774524336912,0.9970087581208049,0.9977503507121884,0.9848051716471548,0.9848051716471548,0.9918713492599105,0.9892395724632375,0.9814348340795996,0.9814348340795996,1.0051279670972559,0.9754542850117937,0.9166397492732448,0.9166397492732448,0.9904270886801892,0.9947139582610589,0.9864615501089190,0.9864615501089190,0.9855399892379030,1.0313238071183644,0.9999524265066250,0.9999524265066250,0.9942849719279879,1.0161252780263454,1.0063488802129732,1.0063488802129732,1.0008651802234494,1.0166711222448188
13,0.9941645643540014,0.9941645643540014,0.9962410326034177,0.9972438959213188,0.9838882953142163,0.9838882953142163,0.9905731849209970,0.9879964853593884,0.9807549252528023,0.9807549252528023,1.0032366484544588,0.9737371678895982,0.9088080655687979,0.9088080655687979,0.9813231427438907,0.9919494195025924,0.9997611416924778,0.9997611416924778,0.9963943957224828,1.0389570922751608,1.0019168574881887,1.0019168574881887,0.9962570329616076,1.0176906435788020,1.0062185834601809,1.0062185834601809,1.0014408240804633,1.0166276313742089
14,0.9940595233173888,0.9940595233173888,0.9963639298408058,0.9972156028015777,0.9842029838093270,0.9842029838093270,0.9901072138684744,0.9877874059915669,0.9810464603719389,0.9810464603719389,1.0025171263896382,0.9739612590356135,0.9035523890126701,0.9035523890126701,0.9757998374794733,0.9920290718832386,1.0067617510163718,1.0067617510163718,1.0051115505429566,1.0450676383833062,1.0035084283234543,1.0035084283234543,0.9986014978150309,1.0201940890453411,1.0060709719381362,1.0060709719381362,1.0020562310767314,1.0164625904659603
15,0.9935851244299333,0.9935851244299333,0.9959094256716582,0.9968739792757162,0.9832744016123045,0.9832744016123045,0.9885952549281676,0.9864914488846932,0.9793840985807227,0.9793840985807227,1.0012671528570711,0.9730315802332972,0.9018398884859002,0.9018398884859002,0.9655219230309052,0.9871950741030771,1.0086651232456720,1.0086651232456720,1.0199196513585485,1.0502032095637155,1.0049409747656368,1.0049409747656368,0.9996794085835129,1.0212623534571270,1.0056330785171845,1.0056330785171845,1.0023123478266545,1.0161503003692585
16,0.9933154200586496,0.9933154200586496,0.9958534848876860,0.9966897560971778,0.9829989402149223,0.9829989402149223,0.9880911769675262,0.9856881821439145,0.9790142771079160,0.9790142771079160,0.9995702963254577,0.9722811993022636,0.8971191091887393,0.8971191091887393,0.9588187757407112,0.9852518565903305,1.0218154102605035,1.0218154102605035,1.0323117285538463,1.0557863349226990,1.0073213392528573,1.0073213392528573,1.0025026273082540,1.0233272444425767,1.0055537295386676,1.0055537295386676,1.0032951030299373,1.0161453315105771
17,0.9926000177856681,0.9926000177856681,0.9949810517080775,0.9960517700895346,0.9814791288613423,0.9814791288613423,0.9861549831121601,0.9838760865175455,0.9764190029354631,0.9764190029354631,0.9970429015521287,0.9699984891038502,0.8865103135525634,0.8865103135525634,0.9478353054820798,0.9767500921126765,1.0295427047580634,1.0295427047580634,1.0431137731101476,1.0607011428466733,1.0087845065666221,1.0087845065666221,1.0047752790809796,1.0255915334715291,1.0050462448628785,1.0050462448628785,1.0036780931606057,1.0158064874056527
18,0.9925226981789853,0.9925226981789853,0.9948348294766715,0.9959850507804824,0.9811008883168957,0.9811008883168957,0.9855739764870771,0.9831783922960059,0.9752948598257298,0.9752948598257298,0.9949911853645683,0.9690014332309056,0.8791648058451232,0.8791648058451232,0.9369472798179421,0.9757777319187499,1.0362802039328716,1.0362802039328716,1.0536363082183136,1.0646650865057303,1.0099284002593574,1.0099284002593574,1.0072104928025485,1.0272211427705245,1.0049737055298231,1.0049737055298231,1.0041141183657494,1.0154798784473740
19,0.9917847008182401,0.9917847008182401,0.9940338217409294,0.9953218711802609,0.9794045342684592,0.9794045342684592,0.9841357019001311,0.9820330616602625,0.9723703344522940,0.9723703344522940,0.9919214532855691,0.9680173536826745,0.8704976043291893,0.8704976043291893,0.9231995872649428,0.9701434531443598,1.0356735888669233,1.0356735888669233,1.0619021179668642,1.0663897523554893,1.0099712694795724,1.0099712694795724,1.0086793858992731,1.0281858899001515,1.0045853481273803,1.0045853481273803,1.0042266664830815,1.0151890132144492
20,0.9918706078643476,0.9918706078643476,0.9936782233867515,0.9952820541774793,0.9790206483427523,0.9790206483427523,0.9828822430681449,0.9814069959644678,0.9701315282209672,0.9701315282209672,0.9887316374832177,0.9672355301186811,0.8661075076398005,0.8661075076398005,0.9113600524126241,0.9715148266790707,1.0404951867577126,1.0404951867577126,1.0710035060920307,1.0679026964473703,1.0104244583789874,1.0104244583789874,1.0108720071741069,1.0300470191159188,1.0041234963806285,1.0041234963806285,1.0045414536133075,1.0146828842005815
21,0.9911491323452332,0.9911491323452332,0.9927701558885510,0.9945711895439864,0.9771882655120342,0.9771882655120342,0.9805583815327830,0.9803953198031076,0.9667353479537396,0.9667353479537396,0.9847101806294466,0.9657225405660186,0.8582105167118752,0.8582105167118752,0.8964046186446883,0.9675149245830346,1.0393571309541265,1.0393571309541265,1.0770177529245997,1.0732959503366557,1.0098694040467759,1.0098694040467759,1.0109685915993902,1.0303301764591539,1.0035440536829818,1.0035440536829818,1.0045025858030170,1.0138188370758832
22,0.9911408714244178,0.9911408714244178,0.9925591332956132,0.9945956678610657,0.9766428220579046,0.9766428220579046,0.9790685828868078,0.9802141549036200,0.9647300756237909,0.9647300756237909,0.9821760464634804,0.9653882754322909,0.8540733559356413,0.8540733559356413,0.8846920985219647,0.9704335080399206,1.0343872725825032,1.0343872725825032,1.0747455402340853,1.0739770765612875,1.0093936577719620,1.0093936577719620,1.0114109030118466,1.0308950365702310,1.0026081426543216,1.0026081426543216,1.0042252971564316,1.0131639628730986
23,0.9905899692268029,0.9905899692268029,0.9918961154404472,0.9941989283842479,0.9750741532503284,0.9750741532503284,0.9770776206613316,0.9792657887564411,0.9613574424238782,0.9613574424238782,0.9777758357435036,0.9631468648827255,0.8479375867964458,0.8479375867964458,0.8705861216450207,0.9655950016344393,1.0267967535989522,1.0267967535989522,1.0743391821709651,1.0744080546591739,1.0082183266510691,1.0082183266510691,1.0108069823945698,1.0307260633953723,1.0015021565780398,1.0015021565780398,1.0035875069360802,1.0123519017644980
24,0.9904460724756833,0.9904460724756833,0.9915394586411627,0.9938340584046665,0.9735459983553267,0.9735459983553267,0.9756577671627258,0.9783319381327960,0.9574721763169245,0.9574721763169245,0.9734448569660715,0.9609360235596488,0.8347786995768233,0.8347786995768233,0.8572158023348647,0.9635285483629573,1.0175983392598760,1.0175983392598760,1.0701148282951889,1.0768334366471048,1.0072643844317146,1.0072643844317146,1.0095601977480957,1.0301012020493203,1.0008460638467238,1.0008460638467238,1.0030232390235414,1.0114392880533321
25,0.9897461145329218,0.9897461145329218,0.9906477774412805,0.9932925153768147,0.9715172309750282,0.9715172309750282,0.9734187526103758,0.9770661844806597,0.9537740635242136,0.9537740635242136,0.9685173806730492,0.9583685828516547,0.8319684157220575,0.8319684157220575,0.8445693935644821,0.9592408456840201,1.0128425189063581,1.0128425189063581,1.0703537756862069,1.0768673422666939,1.0061896939087549,1.0061896939087549,1.0087101118939996,1.0304842402362309,0.9999110663070888,0.9999110663070888,1.0026254496317732,1.0105466566340680
26,0.9897444492880144,0.9897444492880144,0.9904972430261066,0.9931620968108176,0.9708120149291982,0.9708120149291982,0.9728843210952157,0.9768762544381153,0.9520521714848941,0.9520521714848941,0.9664686053113668,0.9577145261771489,0.8293499070473477,0.8293499070473477,0.8385079276249595,0.9621368860143082,1.0041306495255122,1.0041306495255122,1.0695100848981678,1.0807099791534438,1.0060941567894188,1.0060941567894188,1.0085175385084471,1.0310090995239913,0.9993802876611543,0.9993802876611543,1.0023161924745558,1.0103066019883056
27,0.9892353088205292,0.9892353088205292,0.9897832629991370,0.9928079559637222,0.9700551187387418,0.9700551187387418,0.9718209019089125,0.9764714946472726,0.9514718535012423,0.9514718535012423,0.9662408138402324,0.9573157537369122,0.8336021329316152,0.8336021329316152,0.8434336028900101,0.9641064038414190,0.9988339916433178,0.9988339916433178,1.0687135935947742,1.0787336582605134,1.0062188858063299,1.0062188858063299,1.0073834158426362,1.0306956385267283,0.9987277243192544,0.9987277243192544,1.0020114646285647,1.0094920831646581
28,0.9891196559291143,0.9891196559291143,0.9894340153155992,0.9927462833206913,0.9701428296990596,0.9701428296990596,0.9719761339458809,0.9767297034793619,0.9530630644137321,0.9530630644137321,0.9669663400912205,0.9585415173329338,0.8511832521410684,0.8511832521410684,0.8471794361292839,0.9746979161547065,1.0000816766756897,1.0000816766756897,1.0673661958065335,1.0855479343396830,1.0077011401300473,1.0077011401300473,1.0077414094090993,1.0321240315629796,0.9984114079831260,0.9984114079831260,1.0019012864996650,1.0090717070344868
29,0.9883655938527914,0.9883655938527914,0.9885019563949804,0.9920313654593703,0.9696246169074804,0.9696246169074804,0.9712582063955228,0.9759323546058699,0.9542625377518018,0.9542625377518018,0.9670996575310238,0.9588388498501690,0.8718700926448330,0.8718700926448330,0.8569815959837616,0.9827240206611429,0.9975382785678588,0.9975382785678588,1.0661146719714791,1.0858877439937860,1.0082636455410106,1.0082636455410106,1.0066421809931134,1.0332994496954073,0.9978699166022582,0.9978699166022582,1.0014102248964813,1.0083944462533418
30,0.9879359606666714,0.9879359606666714,0.9878951145338103,0.9916837813043498,0.9703207422290748,0.9703207422290748,0.9715121424730009,0.9762379063762537,0.9573315055251733,0.9573315055251733,0.9696333015593436,0.9615948215835691,0.8934712342772967,0.8934712342772967,0.8688468274576746,0.9940872593416349,0.9925903460419925,0.9925903460419925,1.0610385148962402,1.0843785671929702,1.0085266788279008,1.0085266788279008,1.0053768178382001,1.0337983690553201,0.9970052992398007,0.9970052992398007,1.0006466146235766,1.0074597131067551
31,0.9879245325153458,0.9879245325153458,0.9876981653406244,0.9916829865537953,0.9716486936401141,0.9716486936401141,0.9730660575040647,0.9773037924351187,0.9626475362937355,0.9626475362937355,0.9735503590944452,0.9661754642074639,0.9310477667197182,0.9310477667197182,0.8883101828424550,1.0078047518765099,0.9860000632601253,0.9860000632601253,1.0563842032150212,1.0819652405364486,1.0093371112291070,1.0093371112291070,1.0048836537135417,1.0341090421164123,0.9968568157509592,0.9968568157509592,1.0006057981561307,1.0067572340320869
32,0.9871131337712294,0.9871131337712294,0.9868588183710176,0.9907845607894350,0.9719274343398461,0.9719274343398461,0.9743422265136168,0.9775036600283900,0.9659524844170374,0.9659524844170374,0.9771233400018194,0.9704957069306158,0.9671574781903605,0.9671574781903605,0.9104650757919508,1.0200922587475192,0.9804058403283694,0.9804058403283694,1.0487570614930803,1.0785460471654544,1.0096716952859275,1.0096716952859275,1.0040602446920763,1.0337629743874157,0.9962968885006714,0.9962968885006714,1.0005739876447275,1.0059326172053125
33,0.9871322024580128,0.9871322024580128,0.9868133444331005,0.9904798136893033,0.9734985522466456,0.9734985522466456,0.9760684199619043,0.9780358772816458,0.9716817611202077,0.9716817611202077,0.9816790468900962,0.9751324971133674,0.9971759952933879,0.9971759952933879,0.9276818122601930,1.0346408412163064,0.9773832058775606,0.9773832058775606,1.0448181170010202,1.0788888706524096,1.0105701116581463,1.0105701116581463,1.0035495738960039,1.0350466371720304,0.9961247373416287,0.9961247373416287,1.0003915512018458,1.0053254547315880
34,0.9862096567792898,0.9862096567792898,0.9860375433715659,0.9898382513041647,0.9736633890774179,0.9736633890774179,0.9770306606331449,0.9778298685053409,0.9743246391040720,0.9743246391040720,0.9841394153402888,0.9777223968449043,1.0258095846096329,1.0258095846096329,0.9454829633224104,1.0412670175610081,0.9790589669461437,0.9790589669461437,1.0369254781779482,1.0778732089811667,1.0112726565218115,1.0112726565218115,1.0029070671458151,1.0347912379758848,0.9956309134789908,0.9956309134789908,1.0001609249941730,1.0040965437796221
35,0.9861577403204108,0.9861577403204108,0.9858788158072328,0.9895481673517639,0.9747894350880854,0.9747894350880854,0.9788879462444268,0.9783403124732962,0.9784631126361779,0.9784631126361779,0.9877704775587538,0.9816457387131148,1.0426692144930378,1.0426692144930378,0.9625932423583330,1.0463805501109846,0.9770449214001644,0.9770449214001644,1.0344983921784408,1.0713738784350677,1.0113391038131447,1.0113391038131447,1.0021434428117628,1.0345248082496730,0.9950306681449042,0.9950306681449042,0.9997490210046298,1.0030558617430851
36,0.9854309425479647,0.9854309425479647,0.9854295646619480,0.9891766612050522,0.9749829969470355,0.9749829969470355,0.9798921979947477,0.9782814129451115,0.9798059070852636,0.9798059070852636,0.9895722235466831,0.9831909195328553,1.0586124700025537,1.0586124700025537,0.9758850034253290,1.0471740681672339,0.9766523443523218,0.9766523443523218,1.0261027838471146,1.0656792412605471,1.0107347498776860,1.0107347498776860,1.0012638218929686,1.0338000660599456,0.9944295923662491,0.9944295923662491,0.9996229376200285,1.0017165138997792
37,0.9851760621215433,0.9851760621215433,0.9854673158707533,0.9888462436620093,0.9755840640106425,0.9755840640106425,0.9815153983133001,0.9781921983043160,0.9817924233096454,0.9817924233096454,0.9913865905790055,0.9847629264084941,1.0701252005414799,1.0701252005414799,0.9874426096292979,1.0494073405755411,0.9830045750945398,0.9830045750945398,1.0214587970531617,1.0650885300214861,1.0122756942052693,1.0122756942052693,1.0017145889086247,1.0344720798916647,0.9941315458106269,0.9941315458106269,0.9995764331803448,1.0008817990698780
38,0.9842737932484581,0.9842737932484581,0.9848810548866578,0.9881027147807256,0.9754931152581312,0.9754931152581312,0.9818928931534663,0.9777474091658823,0.9822667285227021,0.9822667285227021,0.9924449202918554,0.9857165615025894,1.0738145403567183,1.0738145403567183,0.9953468904317326,1.0465864440005797,0.9932481214147073,0.9932481214147073,1.0209779523033351,1.0644729546613929,1.0137457001803540,1.0137457001803540,1.0026129074288610,1.0347079635346166,0.9938322951103805,0.9938322951103805,0.9995715878706609,1.0000791948213483
39,0.9843688101637651,0.9843688101637651,0.9851090910046439,0.9880841573552775,0.9767254687791507,0.9767254687791507,0.9838191891106197,0.9785185742680770,0.9845002341154993,0.9845002341154993,0.9948545594956523,0.9879489884427376,1.0829109036269395,1.0829109036269395,1.0100328767675215,1.0456073208686738,0.9981083505575450,0.9981083505575450,1.0219226794881937,1.0615269330482180,1.0156972703958531,1.0156972703958531,1.0050936146775051,1.0361570842702228,0.9937602540440661,0.9937602540440661,0.9999141828651601,0.9994544009135927
40,0.9839271610928227,0.9839271610928227,0.9847813650382756,0.9876523296414775,0.9770084850249843,0.9770084850249843,0.9849317678580458,0.9789889330595046,0.9847519125103062,0.9847519125103062,0.9959505072728585,0.9890660753192829,1.0808822332087260,1.0808822332087260,1.0157969960857376,1.0424061968917597,1.0097593273577439,1.0097593273577439,1.0233312891080841,1.0621078493305089,1.0176184238789141,1.0176184238789141,1.0066543284794007,1.0362106611305437,0.9935317156988245,0.9935317156988245,1.0001354344519227,0.9986804878168046
41,0.9840026195434325,0.9840026195434325,0.9849180612637214,0.9873498078428985,0.9776424696425581,0.9776424696425581,0.9864107338043105,0.9796683153898172,0.9862579054648947,0.9862579054648947,0.9974690762356174,0.9899923852680679,1.0840625913298700,1.0840625913298700,1.0187844118933826,1.0385979113718065,1.0227926765285371,1.0227926765285371,1.0253107174954066,1.0615291934228572,1.0204965816684877,1.0204965816684877,1.0094721880190152,1.0375291125099824,0.9939597683516399,0.9939597683516399,1.0006704198407195,0.9983299428511141
42,0.9832938129463589,0.9832938129463589,0.9842570818954276,0.9866876216808701,0.9777002932903208,0.9777002932903208,0.9868943011203223,0.9794843590434963,0.9859295716821189,0.9859295716821189,0.9975520320322597,0.9903916567977166,1.0845850491176980,1.0845850491176980,1.0222431771599878,1.0355358033422466,1.0296345844926649,1.0296345844926649,1.0298780051268106,1.0630722758432620,1.0217372373154225,1.0217372373154225,1.0108711735230873,1.0379806369549958,0.9935410166779913,0.9935410166779913,1.0006112754627299,0.9972753693817041
43,0.9835282533078380,0.9835282533078380,0.9846870458187682,0.9866168491439898,0.9784933033167812,0.9784933033167812,0.9883129448758132,0.9803325680782927,0.9862975583185114,0.9862975583185114,0.9989996535707116,0.9921484515281709,1.0823946655746808,1.0823946655746808,1.0281034752618858,1.0318469963932626,1.0339289179973892,1.0339289179973892,1.0274450191917222,1.0599273412618317,1.0228970538613804,1.0228970538613804,1.0114038765246804,1.0382246419772270,0.9935722413937657,0.9935722413937657,1.0009079453480509,0.9967176283518545
44,0.9829904445064561,0.9829904445064561,0.9841074099170072,0.9862032212178885,0.9782758731179433,0.9782758731179433,0.9888072899032121,0.9806549243586136,0.9857486364246129,0.9857486364246129,0.9987854634192630,0.9928520428268237,1.0787540470214025,1.0787540470214025,1.0268458091821375,1.0280770341885259,1.0334434171270519,1.0334434171270519,1.0287164553093615,1.0545559376607259,1.0228917462436395,1.0228917462436395,1.0114824779065386,1.0366545490547421,0.9930236497118375,0.9930236497118375,1.0005163705926166,0.9956819151739990
45,0.9832758870747083,0.9832758870747083,0.9845911193307655,0.9862507075635212,0.9793748960168421,0.9793748960168421,0.9893095532491810,0.9813605462891600,0.9867983667242169,0.9867983667242169,0.9986081561257011,0.9939612690451289,1.0713929899750387,1.0713929899750387,1.0265829694526862,1.0260083266043840,1.0332314672847327,1.0332314672847327,1.0259774102160248,1.0509822853560487,1.0220452832835383,1.0220452832835383,1.0107954303732967,1.0364853334506512,0.9926264065525122,0.9926264065525122,1.0003726439607965,0.9947188648757866
46,0.9827708607417003,0.9827708607417003,0.9839543665949136,0.9858314766460105,0.9791523185586197,0.9791523185586197,0.9895187838197319,0.9812436404957774,0.9864357826617104,0.9864357826617104,0.9978056782642383,0.9943365842829988,1.0709223633169556,1.0709223633169556,1.0281240325591614,1.0238922784543865,1.0263937356721777,1.0263937356721777,1.0215885956359370,1.0430762483261140,1.0211059370129714,1.0211059370129714,1.0098254178653654,1.0344823831340340,0.9918715739620058,0.9918715739620058,1.0000396342528459,0.9938534286078009
47,0.9832094405377152,0.9832094405377152,0.9844626946578201,0.9860071562560877,0.9805702639885747,0.9805702639885747,0.9904339544861389,0.9824124192849213,0.9876498327557369,0.9876498327557369,0.9987591185207725,0.9963940803842197,1.0669635016270440,1.0669635016270440,1.0276482779650709,1.0230371425187694,1.0205666811402385,1.0205666811402385,1.0171393067161467,1.0417109820439983,1.0195248793436156,1.0195248793436156,1.0076879366508351,1.0325468281439747,0.9913233559801334,0.9913233559801334,0.9992980385391576,0.9930500763590396
48,0.9828649634049013,0.9828649634049013,0.9842726057569924,0.9858794398419759,0.9810928768567246,0.9810928768567246,0.9907313313391060,0.9828531329109783,0.9878982492191409,0.9878982492191409,0.9978238133571528,0.9983193177912445,1.0657682757751277,1.0657682757751277,1.0314058582313592,1.0224555298525413,1.0105235996955648,1.0105235996955648,1.0114997057929520,1.0351656905469011,1.0175067597672114,1.0175067597672114,1.0056120265187605,1.0306916384443967,0.9906815468953951,0.9906815468953951,0.9985424862269231,0.9917875053966509
49,0.9830747516113779,0.9830747516113779,0.9843550860719731,0.9859899499065823,0.9821410083039673,0.9821410083039673,0.9911305465670165,0.9840293927776358,0.9895086239786229,0.9895086239786229,0.9978475850330000,1.0002469258729767,1.0615637345302253,1.0615637345302253,1.0295182578279540,1.0223706174090224,1.0086703436851381,1.0086703436851381,1.0085003260421173,1.0326657161958743,1.0167724712666726,1.0167724712666726,1.0039215013437963,1.0291733041629911,0.9905005515016981,0.9905005515016981,0.9984096615418920,0.9912593103759504
50,0.9826266374719714,0.9826266374719714,0.9838495021260100,0.9855580824552547,0.9830634885080098,0.9830634885080098,0.9911874044934158,0.9844657517466326,0.9911320464637167,0.9911320464637167,0.9977509053822603,1.0028887309033678,1.0602410040991368,1.0602410040991368,1.0322266817440029,1.0254845746297576,1.0063326308922673,1.0063326308922673,1.0024167549664751,1.0341635911234937,1.0156084698682650,1.0156084698682650,1.0019813572349312,1.0280534023247421,0.9898155177771712,0.9898155177771712,0.9977922005556493,0.9904839547072870
51,0.9831489039875505,0.9831489039875505,0.9841969857343699,0.9859409535348960,0.9846443197913898,0.9846443197913898,0.9923158198779822,0.9861589875668355,0.9928259062800422,0.9928259062800422,0.9983947011807220,1.0063162274406958,1.0651556318215436,1.0651556318215436,1.0376596817382457,1.0297174223673062,1.0019161391040390,1.0019161391040390,0.9962579597121792,1.0290626790208866,1.0147441447330743,1.0147441447330743,1.0003052423133076,1.0260967559914795,0.9896587298426450,0.9896587298426450,0.9975846949017944,0.9899312359647069
52,0.9828366542414747,0.9828366542414747,0.9837963446606516,0.9856263912654158,0.9859690334102356,0.9859690334102356,0.9925888918920048,0.9869796171069180,0.9948130341165622,0.9948130341165622,0.9983652929219419,1.0092659706383287,1.0705305199760846,1.0705305199760846,1.0384452641698456,1.0335858228915207,1.0051580320124194,1.0051580320124194,0.9907592197509735,1.0275384330558091,1.0132947568115216,1.0132947568115216,0.9992463864252762,1.0240825327155640,0.9890528374854928,0.9890528374854928,0.9970684587548180,0.9891795491605155
53,0.9830563686136743,0.9830563686136743,0.9837795663456270,0.9855907467030455,0.9876083940140358,0.9876083940140358,0.9935768121102748,0.9883476493710299,0.9980019798043476,0.9980019798043476,0.9989801705992698,1.0131628607676999,1.0724005871372788,1.0724005871372788,1.0432145571377647,1.0381756034668708,1.0030364454134406,1.0030364454134406,0.9870452103029272,1.0216780350744090,1.0110120729046479,1.0110120729046479,0.9975187042334336,1.0220750974581507,0.9889489903922062,0.9889489903922062,0.9966749353422280,0.9884287706423197
54,0.9827465677571682,0.9827465677571682,0.9834186757659157,0.9852081537860983,0.9886858731418012,0.9886858731418012,0.9939325865626965,0.9894581985792292,1.0015930604729000,1.0015930604729000,1.0003160407543572,1.0167903673869114,1.0806044183532937,1.0806044183532937,1.0489720687532851,1.0466180043778168,0.9949228383953973,0.9949228383953973,0.9800375618169592,1.0165710953060971,1.0080650181540147,1.0080650181540147,0.9948588811085551,1.0189230325808019,0.9882206489834339,0.9882206489834339,0.9956737995619920,0.9875468249406503
55,0.9832438555991356,0.9832438555991356,0.9833443493984235,0.9853659117711711,0.9913642744686086,0.9913642744686086,0.9958060937293824,0.9914509008157191,1.0074877782594123,1.0074877782594123,1.0031207309011005,1.0226371998492045,1.0914381610925621,1.0914381610925621,1.0572361022580414,1.0542240552919775,0.9905940499901975,0.9905940499901975,0.9727953908916586,1.0083907994865986,1.0052156439837283,1.0052156439837283,0.9929910264523989,1.0163180092659618,0.9879324016737195,0.9879324016737195,0.9954169981487440,0.9869676590470235
56,0.9828640165009342,0.9828640165009342,0.9830576283795219,0.9849131821177871,0.9927223622531408,0.9927223622531408,0.9968006675347844,0.9932203431344737,1.0115869047439705,1.0115869047439705,1.0054079582277251,1.0275987724668547,1.1010186271146003,1.1010186271146003,1.0681828630572521,1.0605233563010084,0.9839807972746800,0.9839807972746800,0.9658437917937071,1.0032718043868774,1.0037623774184419,1.0037623774184419,0.9912033213871374,1.0137590475052438,0.9874945497749963,0.9874945497749963,0.9945960341557765,0.9865784317836407
57,0.9828141897611546,0.9828141897611546,0.9830663311503991,0.9848418135179909,0.9949960395557654,0.9949960395557654,0.9982800733876362,0.9950103863308589,1.0162466756884063,1.0162466756884063,1.0077092770116818,1.0321513413113210,1.1085413972857678,1.1085413972857678,1.0775856239932342,1.0706204227042466,0.9789221914321348,0.9789221914321348,0.9567755908061820,1.0077013852216228,1.0014874507990357,1.0014874507990357,0.9896760727190331,1.0126699341794871,0.9869263180790240,0.9869263180790240,0.9938250505855268,0.9862805674056915
58,0.9834075393779790,0.9834075393779790,0.9825405975457382,0.9850477333866678,0.9971262992682821,0.9971262992682821,0.9989836489855860,0.9957161757482154,1.0205699580215593,1.0205699580215593,1.0090971017572807,1.0353503796702783,1.1057466627699255,1.1057466627699255,1.0808520316924755,1.0741874967696015,0.9726169446451107,0.9726169446451107,0.9512820132886093,1.0061673442997754,0.9998389251426273,0.9998389251426273,0.9882673215887301,1.0109883238101800,0.9871651539369146,0.9871651539369146,0.9935095787919758,0.9863185017031523
59,0.9831587975014124,0.9831587975014124,0.9825832097617002,0.9848666494728199,0.9986889491031911,0.9986889491031911,1.0001602891297774,0.9976815218057380,1.0250217808390587,1.0250217808390587,1.0117334296225078,1.0396062398592743,1.1076872202675727,1.1076872202675727,1.0873613530369290,1.0773427830557663,0.9729072010794199,0.9729072010794199,0.9488600897327348,1.0107122042411234,0.9982304107584196,0.9982304107584196,0.9873898443439865,1.0094341100024056,0.9868839654060323,0.9868839654060323,0.9929958179662509,0.9861199076416568
60,0.9832927680868091,0.9832927680868091,0.9827739258892578,0.9848743982907264,1.0011076628920201,1.0011076628920201,1.0019211252218092,0.9997695798660567,1.0299633011084224,1.0299633011084224,1.0147243720748587,1.0437242265981885,1.1088513474416422,1.1088513474416422,1.0920528219508765,1.0845355433156305,0.9701236627561535,0.9701236627561535,0.9440199300807238,1.0130027172089116,0.9965047205056243,0.9965047205056243,0.9876358904878030,1.0088176124648653,0.9868619586249679,0.9868619586249679,0.9926375810480982,0.9859682773089896
61,0.9831433858230533,0.9831433858230533,0.9826522439036589,0.9848433632815723,1.0023860511764058,1.0023860511764058,1.0030864377713795,1.0013000185069358,1.0345446837638317,1.0345446837638317,1.0177448453204010,1.0477194373417360,1.1170582885254416,1.1170582885254416,1.0979586397824559,1.0899571652624465,0.9671104250963835,0.9671104250963835,0.9434461613455015,1.0153843986204834,0.9943695271302044,0.9943695271302044,0.9872657494350529,1.0068133287874710,0.9862991248186906,0.9862991248186906,0.9920748404614381,0.9856351500629783
62,0.9833954581894347,0.9833954581894347,0.9826545568022254,0.9851289966308678,1.0050810150555873,1.0050810150555873,1.0049381145736742,1.0033161688968262,1.0408971932356736,1.0408971932356736,1.0211204232907136,1.0518230752600535,1.1327848899126240,1.1327848899126240,1.1048622207210863,1.1022018401929194,0.9579422893062099,0.9579422893062099,0.9454285397006144,1.0172017398304520,0.9915995630868877,0.9915995630868877,0.9871042593232352,1.0047497711627984,0.9861375203056674,0.9861375203056674,0.9914261482942980,0.9851360736227230
63,0.9832684751022771,0.9832684751022771,0.9824627822295610,0.9849629335025003,1.0062479485702363,1.0062479485702363,1.0059274644883527,1.0045707009326923,1.0461336124909331,1.0461336124909331,1.0240198325376113,1.0559235938695457,1.1375098157001646,1.1375098157001646,1.1108091531472168,1.1035950054166750,0.9475045426379075,0.9475045426379075,0.9419933022087559,1.0160896355079339,0.9892776844643889,0.9892776844643889,0.9861883150385822,1.0024599058498467,0.9854340507117204,0.9854340507117204,0.9908221172425054,0.9845736308771318
64,0.9835802024185780,0.9835802024185780,0.9828827105252234,0.9851015379992091,1.0085150672681613,1.0085150672681613,1.0077975623789877,1.0065765229692991,1.0516296610987941,1.0516296610987941,1.0275114505956937,1.0600136316013844,1.1480947690166579,1.1480947690166579,1.1143024253056772,1.1119276964448443,0.9362210847761144,0.9362210847761144,0.9434948358140421,1.0165017771504932,0.9862932722504255,0.9862932722504255,0.9856116667189502,0.9997488197459095,0.9849192166015005,0.9849192166015005,0.9898890264634826,0.9837965654936534
65,0.9835623091987883,0.9835623091987883,0.9829627603366258,0.9847338466551591,1.0093987354760385,1.0093987354760385,1.0092253341961637,1.0076607767483277,1.0545259503785234,1.0545259503785234,1.0303007014065775,1.0620927133196771,1.1544534120137562,1.1544534120137562,1.1172090803025971,1.1133967568614798,0.9317784907905561,0.9317784907905561,0.9484588941132477,1.0167451441533206,0.9843732415326559,0.9843732415326559,0.9850039351255834,0.9972525259417209,0.9846021113430320,0.9846021113430320,0.9896036271898176,0.9829576832338901
66,0.9839433890677051,0.9839433890677051,0.9831382662159835,0.9849324945562621,1.0111207428010847,1.0111207428010847,1.0101037726625370,1.0087766297055105,1.0579471048080544,1.0579471048080544,1.0325343811953398,1.0630331225443528,1.1573041241497228,1.1573041241497228,1.1208095440825656,1.1125017947355396,0.9306717576237660,0.9306717576237660,0.9520187677442483,1.0205079144694831,0.9828584270154894,0.9828584270154894,0.9862933550670654,0.9957706772597646,0.9844565759324085,0.9844565759324085,0.9887824525312117,0.9823179827500900
67,0.9841961797750269,0.9841961797750269,0.9830526497673534,0.9849216064736651,1.0121633118873796,1.0121633118873796,1.0107947009461038,1.0091636358944929,1.0594064113694384,1.0594064113694384,1.0329358039276886,1.0630044249031592,1.1578442045216641,1.1578442045216641,1.1235304492148173,1.1072650264268273,0.9326628332360950,0.9326628332360950,0.9577830048065854,1.0254498468891287,0.9822639738285088,0.9822639738285088,0.9876006389589697,0.9948819316944393,0.9842532000575914,0.9842532000575914,0.9882873356144881,0.9819360752032594
68,0.9844218694377767,0.9844218694377767,0.9835298909054596,0.9850847290249809,1.0130443649554084,1.0130443649554084,1.0120986940472982,1.0099564626241146,1.0607556277459735,1.0607556277459735,1.0340029561181725,1.0633905953357414,1.1511538422941989,1.1511538422941989,1.1245274781326797,1.1008176922198032,0.9500218385484084,0.9500218385484084,0.9687590974625170,1.0363079331979428,0.9837950174076139,0.9837950174076139,0.9897770635854205,0.9959105589267567,0.9848195217310562,0.9848195217310562,0.9881930100748804,0.9821452481251735
69,0.9845148945895670,0.9845148945895670,0.9838948192572446,0.9850442762217556,1.0131159699750716,1.0131159699750716,1.0126372496867135,1.0097960102601309,1.0598922352777618,1.0598922352777618,1.0338338586301870,1.0616100938582143,1.1365250242350124,1.1365250242350124,1.1235671586742380,1.0902171626558765,0.9678005671937875,0.9678005671937875,0.9792580328283601,1.0476791245498700,0.9858948947111424,0.9858948947111424,0.9923538788873367,0.9973148302544019,0.9850378456081057,0.9850378456081057,0.9880306922004689,0.9820250872308223
70,0.9850183209813893,0.9850183209813893,0.9842363442116705,0.9852365263808948,1.0138700019647413,1.0138700019647413,1.0128656161938090,1.0097693798573404,1.0590057034836602,1.0590057034836602,1.0328726987057228,1.0598878610695450,1.1229950261264168,1.1229950261264168,1.1202669782723296,1.0758947628906221,0.9868562153325480,0.9868562153325480,0.9934908899248343,1.0606325781492822,0.9888619550978760,0.9888619550978760,0.9961600912573159,0.9992408092897885,0.9856161256833564,0.9856161256833564,0.9882457291508979,0.9823876536288068
71,0.9853738344431977,0.9853738344431977,0.9843023598249916,0.9853848268343687,1.0136568473120051,1.0136568473120051,1.0126755765481259,1.0088437360873854,1.0566996199171479,1.0566996199171479,1.0311019539239243,1.0569277617666122,1.1078292375630736,1.1078292375630736,1.1128039451721301,1.0621584844169156,1.0122703587408854,1.0122703587408854,1.0064913979768912,1.0733494458697850,0.9915101501418679,0.9915101501418679,0.9995725821599875,1.0008078718468707,0.9860009121741548,0.9860009121741548,0.9885470863466741,0.9827305048778291
72,0.9859105330813080,0.9859105330813080,0.9847251498426092,0.9858536899240093,1.0137820834536420,1.0137820834536420,1.0129996227379436,1.0092639604936853,1.0550807845230896,1.0550807845230896,1.0310126263378798,1.0552832621538715,1.0906710603723384,1.0906710603723384,1.1083393407174016,1.0490338761115678,1.0387484277123920,1.0387484277123920,1.0198090275664105,1.0845156965877523,0.9946320500692351,0.9946320500692351,1.0037702532302208,1.0014567336869127,0.9863922176548156,0.9863922176548156,0.9890730131130183,0.9827115911576867
73,0.9861495447033173,0.9861495447033173,0.9850404880810621,0.9859614978367304,1.0133917219435482,1.0133917219435482,1.0130272268762923,1.0091097051416715,1.0534579736501342,1.0534579736501342,1.0302896733095348,1.0541217563196528,1.0804458150962744,1.0804458150962744,1.1031669778850448,1.0387279100685214,1.0588867949963991,1.0588867949963991,1.0304620987492992,1.0938254262686702,0.9956431512488759,0.9956431512488759,1.0056824104834243,1.0017402546739962,0.9863519826154734,0.9863519826154734,0.9889764229177975,0.9824682773680579
74,0.9871480712624249,0.9871480712624249,0.9853859724042204,0.9865909800134401,1.0139855662399542,1.0139855662399542,1.0134078010625689,1.0093679139737610,1.0537764197033448,1.0537764197033448,1.0305235915012485,1.0535065038469347,1.0713577448068123,1.0713577448068123,1.0984622935657060,1.0337631621540915,1.0795858374790535,1.0795858374790535,1.0408260730887338,1.0999849471606662,0.9968112354301611,0.9968112354301611,1.0079632796733444,1.0015221895796125,0.9862584330348358,0.9862584330348358,0.9893186492474294,0.9825530151085829
75,0.9876075155975742,0.9876075155975742,0.9857013890460147,0.9871725387317122,1.0138029630622742,1.0138029630622742,1.0134544861491386,1.0093107451426129,1.0534413581870503,1.0534413581870503,1.0315487143885591,1.0526009061087502,1.0618488057438222,1.0618488057438222,1.0954132058662345,1.0227568563114011,1.0966002937866115,1.0966002937866115,1.0477710347591571,1.1042623294363678,0.9970137414608907,0.9970137414608907,1.0092898566317048,1.0003747720235063,0.9857610382605536,0.9857610382605536,0.9889691549532715,0.9818743651841506
76,0.9885023724982283,0.9885023724982283,0.9863800483677573,0.9876381830816071,1.0146106261739178,1.0146106261739178,1.0142937729292487,1.0099118553037170,1.0541130102499841,1.0541130102499841,1.0328578720419213,1.0522061263838103,1.0537382705613481,1.0537382705613481,1.0918230207349038,1.0126951074731663,1.1122459508661866,1.1122459508661866,1.0552705903741655,1.1112679839016619,0.9974093631217315,0.9974093631217315,1.0102699920448752,0.9993131744156067,0.9853228957062314,0.9853228957062314,0.9886854410047140,0.9812620201373927
77,0.9888731670309520,0.9888731670309520,0.9869911240093542,0.9879136833613323,1.0142424725974586,1.0142424725974586,1.0142405442321940,1.0104957701523274,1.0524735839139447,1.0524735839139447,1.0332697101992547,1.0504510784662981,1.0491325563722205,1.0491325563722205,1.0856631734441340,1.0061959240749667,1.1271753636510278,1.1271753636510278,1.0606852562533464,1.1120922671867806,0.9973812939894479,0.9973812939894479,1.0120343548815849,0.9974976218954972,0.9847682002567251,0.9847682002567251,0.9885529849845502,0.9806949291046478
78,0.9897867987516409,0.9897867987516409,0.9877172173525448,0.9886448936090211,1.0147593155538790,1.0147593155538790,1.0142355402947643,1.0110073306990159,1.0524254704257516,1.0524254704257516,1.0330905648895190,1.0494827202345469,1.0420327282197710,1.0420327282197710,1.0790503314241144,0.9975280918980409,1.1413081373733589,1.1413081373733589,1.0660062606551839,1.1151377452840829,0.9970858025786806,0.9970858025786806,1.0130096074816399,0.9951849682347166,0.9840624469402149,0.9840624469402149,0.9884235309497340,0.9801824955173993
79,0.9903251626346586,0.9903251626346586,0.9881589417770710,0.9889892987618235,1.0144670010330283,1.0144670010330283,1.0136537088448301,1.0109208516761172,1.0505073528254749,1.0505073528254749,1.0321559949323689,1.0468224488959095,1.0260407514482950,1.0260407514482950,1.0669890714368955,0.9858409836320913,1.1500575939183597,1.1500575939183597,1.0687910302492709,1.1124727635843901,0.9957083737053458,0.9957083737053458,1.0133991606938491,0.9923978805664778,0.9829871457907378,0.9829871457907378,0.9878467810981183,0.9795056621649580
80,0.9908906928659703,0.9908906928659703,0.9889521875820306,0.9895744338575909,1.0144242870821685,1.0144242870821685,1.0137300326377143,1.0114038836361685,1.0482982097828433,1.0482982097828433,1.0312205672343375,1.0449108116753634,1.0136893932300972,1.0136893932300972,1.0587859756347775,0.9779629123236482,1.1561874339393265,1.1561874339393265,1.0685447079387769,1.1145357321718257,0.9934729480102805,0.9934729480102805,1.0123591215002625,0.9895715193626191,0.9820340445595103,0.9820340445595103,0.9873230663209775,0.9786334938948877
81,0.9912144360670936,0.9912144360670936,0.9897051340695948,0.9900297464502770,1.0137418601121617,1.0137418601121617,1.0131864180725458,1.0109852782690321,1.0458807108718500,1.0458807108718500,1.0296684238428047,1.0423685749826783,0.9952613533606131,0.9952613533606131,1.0473333584847515,0.9678312797929597,1.1556194501254267,1.1556194501254267,1.0644427777263001,1.1089586344785467,0.9900764809343940,0.9900764809343940,1.0104605408493799,0.9855605277155082,0.9806305101943472,0.9806305101943472,0.9863451037609691,0.9775238355512775
82,0.9920192717871630,0.9920192717871630,0.9905531446084082,0.9906620102539275,1.0137714568536225,1.0137714568536225,1.0128401016117496,1.0114751213593569,1.0433483308142597,1.0433483308142597,1.0282991017933549,1.0396413008904717,0.9785281914337857,0.9785281914337857,1.0379966745757265,0.9581144407916741,1.1527534288585974,1.1527534288585974,1.0624685117826107,1.1035450372175080,0.9865237453438668,0.9865237453438668,1.0083215114258131,0.9813568048287810,0.9795288009075929,0.9795288009075929,0.9856378992127546,0.9765736081141787
83,0.9925682475249831,0.9925682475249831,0.9910715867023342,0.9911807042033368,1.0134678100600945,1.0134678100600945,1.0122405089333562,1.0114417914841660,1.0410060601962463,1.0410060601962463,1.0263840114747105,1.0370934494419008,0.9674249268198438,0.9674249268198438,1.0237952531042891,0.9515686682651721,1.1517385754264089,1.1517385754264089,1.0587264776405563,1.0978488931265611,0.9829845850064076,0.9829845850064076,1.0067312625592193,0.9768511363333213,0.9780350387400661,0.9780350387400661,0.9847364609459063,0.9755413143659535
84,0.9932473082767491,0.9932473082767491,0.9924421163088177,0.9918663355067237,1.0134162959560933,1.0134162959560933,1.0123769899520441,1.0121195547753152,1.0388334100111849,1.0388334100111849,1.0262727502289923,1.0354908733397734,0.9544443386865435,0.9544443386865435,1.0174393773002135,0.9417022931907865,1.1483880973771359,1.1483880973771359,1.0590635114606033,1.0953225477380764,0.9809031822954003,0.9809031822954003,1.0053938481376028,0.9739492584236255,0.9777684660335888,0.9777684660335888,0.9845590278119373,0.9749602784717477
85,0.9936054991911538,0.9936054991911538,0.9932947526447641,0.9922585846429084,1.0131304155094731,1.0131304155094731,1.0120883012541748,1.0125136512392545,1.0374273137058112,1.0374273137058112,1.0250852692463330,1.0340175613953697,0.9504118767923943,0.9504118767923943,1.0096797317678956,0.9399153746891195,1.1472302039035791,1.1472302039035791,1.0608047299488554,1.0888917818893684,0.9783687948241219,0.9783687948241219,1.0041356305628584,0.9711043513835017,0.9771797223567754,0.9771797223567754,0.9841409618524700,0.9742817888330793
86,0.9941788658690888,0.9941788658690888,0.9943982012693258,0.9927658341843325,1.0135819629899923,1.0135819629899923,1.0121153005209660,1.0134497350203664,1.0375165071426100,1.0375165071426100,1.0247176660115813,1.0336056878580664,0.9412667922602129,0.9412667922602129,1.0032952225854721,0.9388603563643336,1.1464753283567968,1.1464753283567968,1.0592987713918836,1.0847605705070058,0.9762977011398806,0.9762977011398806,1.0034851445814807,0.9685302377957699,0.9769392256097479,0.9769392256097479,0.9839538380991333,0.9739164975771082
87,0.9951009217698976,0.9951009217698976,0.9950254279992173,0.9936037794314936,1.0141309763175657,1.0141309763175657,1.0119770048876058,1.0138015689792479,1.0371050960444159,1.0371050960444159,1.0240112551288003,1.0330629281224502,0.9415736325483024,0.9415736325483024,0.9986022852931478,0.9366353497691123,1.1390936269518854,1.1390936269518854,1.0574801162491350,1.0801644754071678,0.9751655454479183,0.9751655454479183,1.0020747261491385,0.9654685990220399,0.9769044299823292,0.9769044299823292,0.9841854649685887,0.9740901404880202
88,0.9955292162297196,0.9955292162297196,0.9959023693709469,0.9939968630557605,1.0134224394592297,1.0134224394592297,1.0118191334111140,1.0146563099996344,1.0346575262033018,1.0346575262033018,1.0229041567201400,1.0320784742571603,0.9414834463825463,0.9414834463825463,0.9911495308415859,0.9332095459637716,1.1248804584617782,1.1248804584617782,1.0489377470202390,1.0723820055241797,0.9727519062802452,0.9727519062802452,0.9998516170655839,0.9623464741548704,0.9767005973629994,0.9767005973629994,0.9840014485334188,0.9739208787213219
89,0.9964264893680824,0.9964264893680824,0.9968617518559866,0.9946408494300903,1.0140116346181272,1.0140116346181272,1.0115407825180447,1.0153400469870071,1.0338830213658194,1.0338830213658194,1.0212934418798700,1.0311943373636943,0.9415186915507728,0.9415186915507728,0.9893023108435434,0.9289293576603672,1.1126030289256605,1.1126030289256605,1.0395583244308324,1.0623602578318936,0.9694213761478321,0.9694213761478321,0.9978450190611478,0.9592525922932549,0.9763691254134965,0.9763691254134965,0.9835670559869730,0.9736846175053057
90,0.9969818322187839,0.9969818322187839,0.9975184582421830,0.9948915534925146,1.0138576319381560,1.0138576319381560,1.0115797142510146,1.0156991387076555,1.0325775352571547,1.0325775352571547,1.0211885524235542,1.0303131950067008,0.9455926183487181,0.9455926183487181,0.9848773526049891,0.9267111140031253,1.0951604965818913,1.0951604965818913,1.0291862376799743,1.0542907203697189,0.9662466041822000,0.9662466041822000,0.9948204140686459,0.9560645266749211,0.9759687680870395,0.9759687680870395,0.9831019062573163,0.9734436011449596
91,0.9978200054888631,0.9978200054888631,0.9981846906343397,0.9955064519965489,1.0150798154708756,1.0150798154708756,1.0118715372833176,1.0165046944348377,1.0336608022889953,1.0336608022889953,1.0209318428312861,1.0300143652212295,0.9505943223690961,0.9505943223690961,0.9865674561167117,0.9268381069496273,1.0738047228144150,1.0738047228144150,1.0197706779851359,1.0443676757033473,0.9623073311227347,0.9623073311227347,0.9925601479682129,0.9527785196467697,0.9754763975023965,0.9754763975023965,0.9826423391670781,0.9734067354192584
92,0.9985457257498984,0.9985457257498984,0.9985512654562907,0.9955974111975140,1.0153929680902023,1.0153929680902023,1.0119005711180749,1.0169502093494480,1.0331227874782252,1.0331227874782252,1.0210567053966899,1.0291785152283806,0.9546796520155852,0.9546796520155852,0.9908022593554674,0.9290172758540993,1.0539451269978919,1.0539451269978919,1.0055953452605735,1.0307971398274156,0.9589879265736631,0.9589879265736631,0.9896990576685765,0.9491108077924850,0.9750781993318174,0.9750781993318174,0.9825286323887347,0.9727791632249281
93,0.9993136648671167,0.9993136648671167,0.9994924583661635,0.9964739415840971,1.0157924618346879,1.0157924618346879,1.0121218991197745,1.0179189530585107,1.0320473694688230,1.0320473694688230,1.0216199960867411,1.0287653939675470,0.9608993875849672,0.9608993875849672,0.9900908300318969,0.9298190597234344,1.0316225278413143,1.0316225278413143,0.9928227222203209,1.0181947977553023,0.9562259239569576,0.9562259239569576,0.9870076748979519,0.9453749733239459,0.9744879608547808,0.9744879608547808,0.9819440879084970,0.9728948895464775
94,0.9999232751106841,0.9999232751106841,1.0001340721091720,0.9966954385636426,1.0158174924589527,1.0158174924589527,1.0119913018516908,1.0178017681204445,1.0297760458588232,1.0297760458588232,1.0201338987430519,1.0256217545333286,0.9587546154361253,0.9587546154361253,0.9895835053027048,0.9263879958552208,1.0089616442073404,1.0089616442073404,0.9801393357057261,1.0038760778737741,0.9528481356127362,0.9528481356127362,0.9844188312027514,0.9429614691025611,0.9742078519018375,0.9742078519018375,0.9815898536374744,0.9728034732324558
95,1.0010451930522470,1.0010451930522470,1.0007827421528916,0.9974127804141548,1.0161400263736093,1.0161400263736093,1.0116775934666731,1.0186441151168910,1.0277808651291522,1.0277808651291522,1.0186536830511186,1.0240397658694487,0.9600016724177864,0.9600016724177864,0.9893566408434857,0.9241314288827623,0.9943412814388859,0.9943412814388859,0.9692790292855655,0.9916338888275169,0.9511819519203821,0.9511819519203821,0.9830061500033556,0.9407022710874854,0.9743019412714446,0.9743019412714446,0.9815852189934289,0.9731914716383153
96,1.0017258210933377,1.0017258210933377,1.0009615017709108,0.9978655498050665,1.0160159110061933,1.0160159110061933,1.0110012920771314,1.0182456081669551,1.0256615271354574,1.0256615271354574,1.0166161808553020,1.0210593286729741,0.9616042909494972,0.9616042909494972,0.9855094894962112,0.9256966733062159,0.9761605789546255,0.9761605789546255,0.9604814878428048,0.9817040630372275,0.9492740674816734,0.9492740674816734,0.9817223274330058,0.9390154484896857,0.9743371521211475,0.9743371521211475,0.9812703265303835,0.9732427630827694
97,1.0026101314429114,1.0026101314429114,1.0016121710998320,0.9984491748747802,1.0162301449229940,1.0162301449229940,1.0104688951299372,1.0192343944642814,1.0238257733031046,1.0238257733031046,1.0151510368959935,1.0203740789102145,0.9653185097070132,0.9653185097070132,0.9783680312605356,0.9301519465595314,0.9565432115293243,0.9565432115293243,0.9477737640939398,0.9704383558351326,0.9478109001679087,0.9478109001679087,0.9797443117492454,0.9372509273229587,0.9745099261136168,0.9745099261136168,0.9810995293640251,0.9735325063153466
98,1.0031065376846338,1.0031065376846338,1.0022807555922257,0.9989123157604284,1.0156950790079462,1.0156950790079462,1.0095167173218795,1.0196080575374002,1.0212313146135026,1.0212313146135026,1.0130314366444158,1.0181941811306856,0.9648696521234228,0.9648696521234228,0.9725547212666960,0.9353210854884497,0.9287704735702520,0.9287704735702520,0.9363278890673954,0.9570426222646374,0.9458450402123378,0.9458450402123378,0.9779955500959044,0.9352653106964455,0.9744100236320303,0.9744100236320303,0.9809972511965667,0.9736392566341165
99,1.0040157614040970,1.0040157614040970,1.0028842653113932,0.9996335121511301,1.0161324715251578,1.0161324715251578,1.0086964565016672,1.0204529726649332,1.0190277780154697,1.0190277780154697,1.0113188957081196,1.0176507975333045,0.9682241628405095,0.9682241628405095,0.9672076214074973,0.9464881989675391,0.9076089001509108,0.9076089001509108,0.9271424268602041,0.9404688019513362,0.9441860013900197,0.9441860013900197,0.9763780289316661,0.9343492918424952,0.9744825629650857,0.9744825629650857,0.9809971458637474,0.9734963351612890
100,1.0046067927387952,1.0046067927387952,1.0031483669663481,1.0002402247244528,1.0157060376892162,1.0157060376892162,1.0072247490140918,1.0205923775197931,1.0158333278184419,1.0158333278184419,1.0085689784433542,1.0161189673553366,0.9690451679356679,0.9690451679356679,0.9600947965501697,0.9541739022623460,0.8818564722651769,0.8818564722651769,0.9185049211700695,0.9244954878338663,0.9424857264606376,0.9424857264606376,0.9751526810256987,0.9323177348764758,0.9745612891101763,0.9745612891101763,0.9810068891495248,0.9736980280808868
101,1.0054730139574135,1.0054730139574135,1.0038483127952365,1.0008138359371797,1.0160344660460712,1.0160344660460712,1.0065250775871037,1.0212190573338911,1.0129986074939430,1.0129986074939430,1.0066070799794848,1.0157392850851112,0.9732289767286721,0.9732289767286721,0.9561309091219378,0.9613861998985953,0.8633886456102871,0.8633886456102871,0.9142591800278135,0.9107252855314663,0.9419298555718505,0.9419298555718505,0.9751898380425772,0.9318396644305342,0.9747966786231077,0.9747966786231077,0.9815457718526326,0.9738373164097323
102,1.0060793590148880,1.0060793590148880,1.0042179061458252,1.0011626916930874,1.0153062533736363,1.0153062533736363,1.0047377371231914,1.0214899393346042,1.0090130369963493,1.0090130369963493,1.0037648943027968,1.0138083081498477,0.9675596877571805,0.9675596877571805,0.9450505258904363,0.9698361151850740,0.8403685957410530,0.8403685957410530,0.9094337702147541,0.8922339140658555,0.9414608458887848,0.9414608458887848,0.9748480411244971,0.9307520056801708,0.9750916940560550,0.9750916940560550,0.9818587156585226,0.9739111547183109
103,1.0069523718205797,1.0069523718205797,1.0047009099295123,1.0019709927445648,1.0153925944987954,1.0153925944987954,1.0034600284405839,1.0218354087947055,1.0058196061528848,1.0058196061528848,1.0000250215268454,1.0128887359081256,0.9656730346344680,0.9656730346344680,0.9386241679242732,0.9765021177200987,0.8103270547900610,0.8103270547900610,0.9028015051301077,0.8759426405824624,0.9382817870011311,0.9382817870011311,0.9733095977141282,0.9282912277585027,0.9747897859331894,0.9747897859331894,0.9817288929588391,0.9735820346163976
104,1.0075513375574838,1.0075513375574838,1.0047611236955818,1.0023756797269276,1.0148459057399761,1.0148459057399761,1.0019234897197156,1.0216452554364144,1.0012090699855618,1.0012090699855618,0.9959202412731972,1.0107708499880452,0.9560282980115462,0.9560282980115462,0.9275430505035833,0.9823558162600425,0.7851593161245182,0.7851593161245182,0.8976869984735945,0.8618371493752380,0.9376200699662419,0.9376200699662419,0.9723489935534194,0.9274857566344455,0.9750916940560550,0.9750916940560550,0.9818550290098500,0.9737687675313630
105,1.0082710825279690,1.0082710825279690,1.0052931687692124,1.0036089736374361,1.0143511046765648,1.0143511046765648,1.0014113284755339,1.0215999781687768,0.9969878249441066,0.9969878249441066,0.9931312355311367,1.0085224521867111,0.9499018584757050,0.9499018584757050,0.9220843538877461,0.9869508568982654,0.7669243210698115,0.7669243210698115,0.8995152410116617,0.8528702431812754,0.9389703483334405,0.9389703483334405,0.9731606123676061,0.9282696515568349,0.9760843244487414,0.9760843244487414,0.9825764534886586,0.9746289677977275
106,1.0085523783098831,1.0085523783098831,1.0056594299777983,1.0039910102289953,1.0130547424944900,1.0130547424944900,1.0002367778876320,1.0205751263783627,0.9914291880274519,0.9914291880274519,0.9885370528376225,1.0051459875417661,0.9368030953665863,0.9368030953665863,0.9098725851169029,0.9854479817917331,0.7606148979312147,0.7606148979312147,0.9060354073202750,0.8476374758913777,0.9412605853886378,0.9412605853886378,0.9752393807317484,0.9301282352656639,0.9772860192615390,0.9772860192615390,0.9835218155411199,0.9757216892789501
107,1.0093196317380217,1.0093196317380217,1.0060528971457934,1.0048750907458464,1.0125524280927838,1.0125524280927838,0.9987558873500481,1.0203141819283768,0.9862348680743614,0.9862348680743614,0.9843835038881640,1.0018830657380653,0.9212392437268028,0.9212392437268028,0.8985557929667330,0.9826015363399606,0.7586676740104000,0.7586676740104000,0.9153558305538747,0.8447984453444615,0.9441695681889373,0.9441695681889373,0.9770824640433190,0.9326046498728104,0.9788499124728727,0.9788499124728727,0.9850432954482817,0.9770050439620602
108,1.0096531378455631,1.0096531378455631,1.0058944439931545,1.0053246811345400,1.0113594261999619,1.0113594261999619,0.9971182251024404,1.0189057295141171,0.9807069136999655,0.9807069136999655,0.9796675219895354,0.9974059841671731,0.9147344369438241,0.9147344369438241,0.8885605413557033,0.9795048621829505,0.7573082715734559,0.7573082715734559,0.9233627806288226,0.8420355140770670,0.9472337988081581,0.9472337988081581,0.9797252568687949,0.9350607004244502,0.9803051004901941,0.9803051004901941,0.9860742930827654,0.9781518351743116
109,1.0100190999028693,1.0100190999028693,1.0063518098842574,1.0059292876188930,1.0106308399361201,1.0106308399361201,0.9965498108034169,1.0186527127731377,0.9769665996697293,0.9769665996697293,0.9768934654456881,0.9945418348037087,0.9060309536370689,0.9060309536370689,0.8825901148755435,0.9750247914903772,0.7582782292262371,0.7582782292262371,0.9333521090588834,0.8453077830965090,0.9512028761826299,0.9512028761826299,0.9818118853711230,0.9380830656625603,0.9820437192387329,0.9820437192387329,0.9874048045886890,0.9795268198857954
110,1.0101498379540339,1.0101498379540339,1.0062740729714215,1.0061486387719414,1.0094733292269573,1.0094733292269573,0.9956343651953928,1.0174241411928224,0.9732971307121504,0.9732971307121504,0.9743969493440782,0.9903652050588774,0.9000568976226774,0.9000568976226774,0.8744942106949335,0.9692950801467223,0.7605908839096711,0.7605908839096711,0.9389253357067955,0.8445174054309795,0.9547466296508264,0.9547466296508264,0.9837715607324499,0.9396652800466564,0.9832781750897565,0.9832781750897565,0.9881399750004053,0.9805982767890048
111,1.0105115226175581,1.0105115226175581,1.0062949674618609,1.0067718424192704,1.0092730012125257,1.0092730012125257,0.9953515052598044,1.0164713645596468,0.9706902359090746,0.9706902359090746,0.9730960014962923,0.9880725130722227,0.8950043990951494,0.8950043990951494,0.8701441397535972,0.9656280648867831,0.7663030887733585,0.7663030887733585,0.9471948329150842,0.8437888113389233,0.9581750445027303,0.9581750445027303,0.9848796020306441,0.9426669175854115,0.9851562670035688,0.9851562670035688,0.9896910007633570,0.9820901098223854
112,1.0106154208390381,1.0106154208390381,1.0061497252722205,1.0068422970559288,1.0080284021953900,1.0080284021953900,0.9944024067978573,1.0150247809816431,0.9675573546672769,0.9675573546672769,0.9714459531099038,0.9845721494807338,0.8895496910008014,0.8895496910008014,0.8658469304338265,0.9598457529143994,0.7757781864041323,0.7757781864041323,0.9583737358566022,0.8475982960642972,0.9615405844983189,0.9615405844983189,0.9868746480138072,0.9444574998946023,0.9868507061010652,0.9868507061010652,0.9904698316286382,0.9836047568628304
113,1.0107745660092120,1.0107745660092120,1.0062547073461361,1.0071618662539024,1.0074993137428532,1.0074993137428532,0.9939633250354791,1.0144122817174588,0.9649506637349138,0.9649506637349138,0.9701103280236396,0.9825106606642163,0.8849315373405352,0.8849315373405352,0.8650775001643717,0.9600824557436783,0.7844702181150074,0.7844702181150074,0.9667811440590897,0.8474521251709580,0.9651697701982295,0.9651697701982295,0.9884625150203445,0.9477859320383925,0.9883779767069295,0.9883779767069295,0.9918085590944608,0.9848646029672324
114,1.0111612293463479,1.0111612293463479,1.0064230785214412,1.0077467629245036,1.0071627493953585,1.0071627493953585,0.9933950207131024,1.0133936269390149,0.9633603702406310,0.9633603702406310,0.9701424320394745,0.9800454085133417,0.8815998323205363,0.8815998323205363,0.8664746621899181,0.9538973732427440,0.7980506693418364,0.7980506693418364,0.9782063693111016,0.8536123995211672,0.9691729388097293,0.9691729388097293,0.9903747913665509,0.9505662316881290,0.9909629845596480,0.9909629845596480,0.9928032695727246,0.9869965104845290
115,1.0112723109772326,1.0112723109772326,1.0064801561538614,1.0078634720434352,1.0068743368292024,1.0068743368292024,0.9936840943292354,1.0132568460441784,0.9629365230289634,0.9629365230289634,0.9713951013290965,0.9793076295899626,0.8871395434676659,0.8871395434676659,0.8716727216438693,0.9558886827588996,0.8172900769497998,0.8172900769497998,0.9905062600129513,0.8634736606140656,0.9738791626327543,0.9738791626327543,0.9927879728825987,0.9556104567229695,0.9931164518923635,0.9931164518923635,0.9941748082117328,0.9890718371271621
116,1.0113303333341057,1.0113303333341057,1.0062900280513631,1.0082541316785107,1.0073185370120517,1.0073185370120517,0.9938458149883656,1.0129359971451477,0.9660651229857946,0.9660651229857946,0.9742530939448788,0.9801392373228091,0.9039639281828442,0.9039639281828442,0.8811892819040550,0.9626275747365911,0.8371099974263814,0.8371099974263814,1.0031527719301665,0.8782105498038578,0.9792421020816433,0.9792421020816433,0.9958371110336807,0.9603608575283572,0.9956614323168819,0.9956614323168819,0.9960474150717502,0.9912565855179638
117,1.0110501803673242,1.0110501803673242,1.0061150317937233,1.0080685176865021,1.0072700946596187,1.0072700946596187,0.9946965393397434,1.0132324487988547,0.9686273701027930,0.9686273701027930,0.9772603334739702,0.9814598279071222,0.9246227798765466,0.9246227798765466,0.8956462012130596,0.9664711778215478,0.8612701912749879,0.8612701912749879,1.0151886405147803,0.8860133630585993,0.9842921982925352,0.9842921982925352,0.9982362395753962,0.9643438485991465,0.9978730307693899,0.9978730307693899,0.9975123312549932,0.9932421521328024
118,1.0109987210344982,1.0109987210344982,1.0060478009286131,1.0084434809981260,1.0081511892378037,1.0081511892378037,0.9958499744114585,1.0139075881299804,0.9726795043880776,0.9726795043880776,0.9808616198304202,0.9831134359016328,0.9432902795654519,0.9432902795654519,0.9108072079537505,0.9715817046213114,0.8782606335610024,0.8782606335610024,1.0269147624814075,0.8989095538338170,0.9887921395106688,0.9887921395106688,1.0014274556788370,0.9690302480872275,0.9998734886903657,0.9998734886903657,0.9985438028871633,0.9954816648262764
119,1.0105168448708897,1.0105168448708897,1.0058214112807928,1.0082854845878868,1.0082865953677405,1.0082865953677405,0.9968283816497798,1.0135515111719120,0.9752614250288498,0.9752614250288498,0.9836320003419200,0.9844722068259686,0.9709981649044538,0.9709981649044538,0.9226636291574025,0.9737991968410000,0.8995767319885369,0.8995767319885369,1.0378635679352783,0.9075750767425445,0.9917458287834782,0.9917458287834782,1.0034152369888283,0.9724886222994886,1.0019767141266891,1.0019767141266891,0.9999211348312284,0.9972708279517264
120,1.0104415170277237,1.0104415170277237,1.0057856985588596,1.0085903111630738,1.0090971226801706,1.0090971226801706,0.9978618321998280,1.0139880376277188,0.9784099023801677,0.9784099023801677,0.9857788032328695,0.9848973062326914,0.9869155048490973,0.9869155048490973,0.9360045809000221,0.9776758631783005,0.9189925904504508,0.9189925904504508,1.0463336629533107,0.9165562986425558,0.9946319479996630,0.9946319479996630,1.0047615833856560,0.9751266159899110,1.0036794991920985,1.0036794991920985,1.0007888139295180,0.9986632303828894
121,1.0100016311572715,1.0100016311572715,1.0053728265639086,1.0085045973157687,1.0088209140999744,1.0088209140999744,0.9980621546619876,1.0134540896774265,0.9791191685895914,0.9791191685895914,0.9866757551256635,0.9844373953394773,0.9979399861458269,0.9979399861458269,0.9481642222384881,0.9775413558562658,0.9406532378827408,0.9406532378827408,1.0567072246880642,0.9227286283241745,0.9966089335385754,0.9966089335385754,1.0056771703913006,0.9777734583473094,1.0052231710781900,1.0052231710781900,1.0017284353433320,1.0002904514581934
122,1.0099031857965670,1.0099031857965670,1.0054836888884169,1.0088555988981736,1.0090302913284852,1.0090302913284852,0.9987948740713413,1.0133528159863108,0.9804869372009807,0.9804869372009807,0.9874551965177485,0.9838888960756225,1.0028390645293102,1.0028390645293102,0.9515862780456726,0.9762932180802907,0.9584486719344111,0.9584486719344111,1.0667098279731815,0.9280224257293321,0.9985596871974991,0.9985596871974991,1.0072890941844066,0.9805792130664293,1.0065758822357631,1.0065758822357631,1.0028135740468926,1.0016900667487327
123,1.0096599294326367,1.0096599294326367,1.0052356991200859,1.0092055673048577,1.0085526339596367,1.0085526339596367,0.9988628396390682,1.0129396260260310,0.9796271124702407,0.9796271124702407,0.9872319388198427,0.9822384073899371,1.0078677207371556,1.0078677207371556,0.9608319224953346,0.9734001835002156,0.9682244668784259,0.9682244668784259,1.0752234350161214,0.9328588739991454,0.9994725974489335,0.9994725974489335,1.0072270467299398,0.9825661630537197,1.0077676532359674,1.0077676532359674,1.0031427917733513,1.0025648530196136
124,1.0094072693327585,1.0094072693327585,1.0050571747120907,1.0093095206773894,1.0082944822974427,1.0082944822974427,0.9989558248939437,1.0119244884705973,0.9792256910369681,0.9792256910369681,0.9863756683516945,0.9806995899602005,1.0096372355066447,1.0096372355066447,0.9681473835686636,0.9694145587176916,0.9819416936192640,0.9819416936192640,1.0847872305924247,0.9394554006547325,1.0003103844954198,1.0003103844954198,1.0083103166835483,0.9847022070188267,1.0088794939464572,1.0088794939464572,1.0039379492256111,1.0037251616646221
125,1.0089788442654928,1.0089788442654928,1.0046370504080750,1.0092312377477688,1.0071533681000286,1.0071533681000286,0.9985839938510883,1.0107743007173637,0.9776292814213049,0.9776292814213049,0.9853596130108411,0.9778937092855942,1.0072146485023705,1.0072146485023705,0.9698382212695745,0.9626298290492509,0.9963250484359625,0.9963250484359625,1.0925736705750442,0.9445254209706031,1.0006632390056174,1.0006632390056174,1.0092366220594462,0.9857005305971164,1.0097052465031104,1.0097052465031104,1.0046843375825738,1.0047594856991904
126,1.0088375596632477,1.0088375596632477,1.0045744845417686,1.0094612385582478,1.0069318283957145,1.0069318283957145,0.9990467755808534,1.0098901936762898,0.9763137037123624,0.9763137037123624,0.9853188090517837,0.9766403709995563,1.0100404816960598,1.0100404816960598,0.9797093949077629,0.9546811226108007,1.0104150145546722,1.0104150145546722,1.1016234342638795,0.9459034960423414,1.0016535179925825,1.0016535179925825,1.0109666861113451,0.9879306371043254,1.0106292821744416,1.0106292821744416,1.0055360060923426,1.0056326156838442
127,1.0086698597055102,1.0086698597055102,1.0043967049655149,1.0095068175025497,1.0060059858690094,1.0060059858690094,0.9990477653706747,1.0082726618942086,0.9753758984340212,0.9753758984340212,0.9850008322537235,0.9736096505448166,1.0057146556075545,1.0057146556075545,0.9850865965236864,0.9490047633334276,1.0254373511620081,1.0254373511620081,1.1140767232908273,0.9550625340806417,1.0028686562465323,1.0028686562465323,1.0119000179744093,0.9896333388168357,1.0115776913938572,1.0115776913938572,1.0063251069074974,1.0068987663616271
128,1.0087567463074454,1.0087567463074454,1.0042167692973771,1.0095573239002895,1.0055269586650024,1.0055269586650024,0.9993092348484591,1.0076455354486173,0.9745045550080147,0.9745045550080147,0.9848900611456517,0.9714178993917513,1.0041203300566028,1.0041203300566028,0.9923447908403192,0.9421576643480658,1.0400618902820353,1.0400618902820353,1.1201285822127232,0.9598748716876360,1.0039737635019301,1.0039737635019301,1.0136159099589730,0.9919842962963074,1.0125599412294379,1.0125599412294379,1.0071888360250665,1.0079844352692375
129,1.0084799238304789,1.0084799238304789,1.0038248701962069,1.0094584569313070,1.0044107920715406,1.0044107920715406,0.9990022350388965,1.0060681446720006,0.9734680763047350,0.9734680763047350,0.9843003030226984,0.9691532811845250,1.0024513676788187,1.0024513676788187,0.9973431508350226,0.9347642702614795,1.0545360807454423,1.0545360807454423,1.1260115554786214,0.9653796373924585,1.0049883350470172,1.0049883350470172,1.0144376516783991,0.9939531853057972,1.0129843399261520,1.0129843399261520,1.0077745391663155,1.0088963009801717
130,1.0086131760749353,1.0086131760749353,1.0039296170600986,1.0097389244019981,1.0038240045017099,1.0038240045017099,0.9991679698456351,1.0054926041638905,0.9728417854753731,0.9728417854753731,0.9838818480071395,0.9678068627231379,1.0056306891773679,1.0056306891773679,1.0023738151540160,0.9330051549492832,1.0599663818779661,1.0599663818779661,1.1286621015382479,0.9700684078525064,1.0060269950110821,1.0060269950110821,1.0148448306550248,0.9952380602365732,1.0133350781896433,1.0133350781896433,1.0080049547083501,1.0092624470935503
131,1.0084530513489334,1.0084530513489334,1.0034836588551459,1.0096359644676596,1.0030131035978729,1.0030131035978729,0.9987024386996998,1.0047194292199757,0.9721115205825431,0.9721115205825431,0.9833605866202617,0.9671711475845254,1.0086638468900364,1.0086638468900364,1.0066754296089171,0.9336904659978620,1.0627530524649120,1.0627530524649120,1.1278420104925315,0.9730618973331058,1.0062623674439763,1.0062623674439763,1.0144639712320214,0.9960305613967065,1.0138358777866563,1.0138358777866563,1.0079237431047348,1.0095060814547070
132,1.0086310692947249,1.0086310692947249,1.0035951876080547,1.0099325256370797,1.0027564463013066,1.0027564463013066,0.9986522893487556,1.0040717018967540,0.9726879650226540,0.9726879650226540,0.9829942087296260,0.9667603969983992,1.0149032782887215,1.0149032782887215,1.0077906629861137,0.9354961704383608,1.0737138871677068,1.0737138871677068,1.1289216987037982,0.9759107228367923,1.0061346784094791,1.0061346784094791,1.0134759756806651,0.9975221072479515,1.0139820775529347,1.0139820775529347,1.0080059553701326,1.0098012744032574
133,1.0082524056635169,1.0082524056635169,1.0031121838243675,1.0098503881672698,1.0015374175404679,1.0015374175404679,0.9976846598218215,1.0029984464182489,0.9719770678475288,0.9719770678475288,0.9820367248375096,0.9660432055132677,1.0141714227367242,1.0141714227367242,1.0125357277108151,0.9329555600707676,1.0717791923016105,1.0717791923016105,1.1229517013880845,0.9768005569864494,1.0048896337709508,1.0048896337709508,1.0123482840370062,0.9983306087374115,1.0139293858450655,1.0139293858450655,1.0075128924433836,1.0098108381205047
134,1.0085120859134951,1.0085120859134951,1.0032027396834957,1.0099984501955774,1.0009225691049606,1.0009225691049606,0.9971448944392912,1.0024086137023518,0.9720102987736960,0.9720102987736960,0.9801580272391056,0.9650346705838457,1.0059437492010268,1.0059437492010268,1.0095842871734022,0.9332110488388782,1.0697348682067285,1.0697348682067285,1.1164735721204837,0.9798927494929635,1.0044202158095972,1.0044202158095972,1.0104986506102807,0.9993029923878535,1.0140087348235822,1.0140087348235822,1.0071864660366341,1.0100404741916122
135,1.0084084489069025,1.0084084489069025,1.0029239766037295,1.0100438701897683,0.9999381557476791,0.9999381557476791,0.9958467850887012,1.0015418694605815,0.9707320294051746,0.9707320294051746,0.9788784003789353,0.9643373179028437,1.0034942100092852,1.0034942100092852,1.0096804659570842,0.9331930143375997,1.0669210513345593,1.0669210513345593,1.1108752707463538,0.9835975035267182,1.0039925443031672,1.0039925443031672,1.0087714447904494,1.0001602221529899,1.0138749917258310,1.0138749917258310,1.0064925334236408,1.0103927823007059
136,1.0083023630107402,1.0083023630107402,1.0029144113960986,1.0099245781315345,0.9992575552245507,0.9992575552245507,0.9955704137752743,1.0009272486968037,0.9711523088793702,0.9711523088793702,0.9795590790352836,0.9642517240686752,1.0006258752892050,1.0006258752892050,1.0115570535226630,0.9361123492320390,1.0696283712416221,1.0696283712416221,1.1022591523226992,0.9859716503561591,1.0020348499133516,1.0020348499133516,1.0065172524331600,1.0011044840124943,1.0137490548070232,1.0137490548070232,1.0060898987221887,1.0103488640013922
137,1.0079536737878663,1.0079536737878663,1.0024445009703979,1.0099479437978374,0.9984386843706989,0.9984386843706989,0.9950889910038754,1.0001454202677056,0.9725427071398675,0.9725427071398675,0.9799444497597150,0.9646476267447925,1.0001593951215015,1.0001593951215015,1.0154768895995903,0.9404473924768318,1.0638284629949062,1.0638284629949062,1.0923361981679214,0.9836283953134547,1.0005035001255309,1.0005035001255309,1.0048099351447990,1.0003859237681887,1.0133224969544310,1.0133224969544310,1.0049957013961754,1.0100829499190509
138,1.0081338467564793,1.0081338467564793,1.0026354915096500,1.0100372340226380,0.9987023568836845,0.9987023568836845,0.9958468950653480,1.0005449321385016,0.9757239057405709,0.9757239057405709,0.9829102726576910,0.9671614153409901,1.0059271632395084,1.0059271632395084,1.0232585608075604,0.9473470920909224,1.0603015340916826,1.0603015340916826,1.0829412882476153,0.9759672322027738,0.9980805726268112,0.9980805726268112,1.0017480540424160,1.0008865401327267,1.0130658480605470,1.0130658480605470,1.0044987411551156,1.0101596199427920
139,1.0081616334901309,1.0081616334901309,1.0025299214106751,1.0099903437399214,0.9986566126914128,0.9986566126914128,0.9961805092234379,0.9999714573010481,0.9792206962045074,0.9792206962045074,0.9854930529850560,0.9700024818191467,1.0108179486422324,1.0108179486422324,1.0324924582302077,0.9565544564310934,1.0516637949512539,1.0516637949512539,1.0762883733884365,0.9771765326347804,0.9955340388764717,0.9955340388764717,0.9990364254613127,1.0001201001150573,1.0128596901964255,1.0128596901964255,1.0039687590752315,1.0103787840106571
140,1.0080390910560597,1.0080390910560597,1.0025600674953805,1.0101779048707886,0.9989144737825126,0.9989144737825126,0.9964550109338690,1.0007915285517639,0.9838943303574058,0.9838943303574058,0.9881725129631604,0.9734044000241066,1.0166551704740974,1.0166551704740974,1.0394070520066643,0.9737285617109930,1.0454274579651810,1.0454274579651810,1.0696022713916162,0.9762558066983866,0.9950088909288387,0.9950088909288387,0.9980403315857650,1.0013396403677495,1.0128160918565809,1.0128160918565809,1.0036197914451699,1.0102082933864354
141,1.0078061526801834,1.0078061526801834,1.0022749929466448,1.0098813834388962,0.9990214869655222,0.9990214869655222,0.9966348227513989,1.0006032175483830,0.9874884690866484,0.9874884690866484,0.9908743967385849,0.9774909441300611,1.0253793862327507,1.0253793862327507,1.0449509145683571,0.9807695315850975,1.0432766369051927,1.0432766369051927,1.0633188399981781,0.9797608943056729,0.9941497713418169,0.9941497713418169,0.9956774073169052,1.0023322668590819,1.0124962876532650,1.0124962876532650,1.0031121399229597,1.0109597130476868
142,1.0077159029365723,1.0077159029365723,1.0023463399871699,1.0099138887365762,0.9994727023647907,0.9994727023647907,0.9975424050291762,1.0014852030898636,0.9922022657699453,0.9922022657699453,0.9941809878351757,0.9827638237684841,1.0365956427095362,1.0365956427095362,1.0539770364506842,0.9958824436563879,1.0372083980699247,1.0372083980699247,1.0557728223904719,0.9792206647668887,0.9918171754142645,0.9918171754142645,0.9930381872815138,1.0025586957619772,1.0123435273748960,1.0123435273748960,1.0019202990735334,1.0109870684847291
143,1.0078338741101132,1.0078338741101132,1.0018832506521569,1.0101266037224943,0.9996890117894077,0.9996890117894077,0.9976179039972095,1.0016222073004466,0.9967858910031943,0.9967858910031943,0.9962760812044368,0.9860271198892442,1.0404850506855898,1.0404850506855898,1.0594702399583766,1.0035110376971466,1.0299258850148671,1.0299258850148671,1.0417368756440033,0.9809438237002215,0.9902896022006055,0.9902896022006055,0.9898731716386926,1.0024041471264358,1.0124849105626772,1.0124849105626772,1.0019790747866559,1.0112289931310705
144,1.0075523824170336,1.0075523824170336,1.0017212693491624,1.0097709925868730,0.9989736257552778,0.9989736257552778,0.9983083373858658,1.0016731232906879,0.9983752670792698,0.9983752670792698,0.9985294890334643,0.9895976055431277,1.0370735257257837,1.0370735257257837,1.0612858898213176,1.0133195520799305,1.0203568194737056,1.0203568194737056,1.0336982134153092,0.9859648692322412,0.9885705464699863,0.9885705464699863,0.9884238097944295,1.0024498450367094,1.0123560255656514,1.0123560255656514,1.0012622849518928,1.0112827957191592
145,1.0075745856824663,1.0075745856824663,1.0016825773002622,1.0099931253668621,0.9989426176685020,0.9989426176685020,0.9987216296245677,1.0009969790387021,1.0001566893666927,1.0001566893666927,0.9986260461497923,0.9911540158746396,1.0341865317989956,1.0341865317989956,1.0587874440131542,1.0160074442079639,1.0103314875232163,1.0103314875232163,1.0254619033446619,0.9904223280208710,0.9877094875610977,0.9877094875610977,0.9857544592293258,1.0023711767508534,1.0123977554052166,1.0123977554052166,1.0004984640133499,1.0117937867345326
146,1.0070588168872123,1.0070588168872123,1.0015442738063212,1.0097248175796552,0.9974812111048732,0.9974812111048732,0.9984047319167924,1.0007535090458930,0.9999052148425984,0.9999052148425984,0.9989179231181852,0.9928532905503538,1.0261858786115805,1.0261858786115805,1.0561707937456568,1.0169895730900829,1.0054378475677965,1.0054378475677965,1.0140860900531383,0.9940215979047934,0.9861131194559508,0.9861131194559508,0.9835127716373321,1.0023994197564075,1.0123349737958407,1.0123349737958407,1.0000372115980041,1.0122693011674917
147,1.0069039164589593,1.0069039164589593,1.0012649619031664,1.0098293272775749,0.9971394579878377,0.9971394579878377,0.9979902849232990,1.0002336858165777,0.9996023648989081,0.9996023648989081,0.9984407741194775,0.9936620649425985,1.0128279598537377,1.0128279598537377,1.0449890924061545,1.0186795561473785,1.0057228835626395,1.0057228835626395,1.0048925154345234,0.9980857515061912,0.9849681029979241,0.9849681029979241,0.9816281248677788,1.0033113173134098,1.0123740462127870,1.0123740462127870,0.9995647939038215,1.0125292312479801
148,1.0066845612572299,1.0066845612572299,1.0007264877555546,1.0097070946422892,0.9957496564438720,0.9957496564438720,0.9971024984419470,0.9995000377598238,0.9986394835229069,0.9986394835229069,0.9966354746336124,0.9945988557690367,1.0005574581979420,1.0005574581979420,1.0365657398475130,1.0177026873281325,0.9955137921429474,0.9955137921429474,0.9963339213827808,1.0009933467504986,0.9843808967505514,0.9843808967505514,0.9795020765815189,1.0030404026464019,1.0124809244287485,1.0124809244287485,0.9990476624278818,1.0131483082968227
149,1.0064888133509531,1.0064888133509531,1.0005212670098682,1.0095283155050494,0.9946788604512751,0.9946788604512751,0.9964864642548559,0.9991876748591665,0.9977192111258564,0.9977192111258564,0.9963928564986763,0.9955638451472564,0.9976777206293180,0.9976777206293180,1.0234663363478809,1.0213914942771163,0.9907903385141188,0.9907903385141188,0.9929075337942933,1.0041073895451922,0.9829011941661324,0.9829011941661324,0.9780360417168618,1.0027068200228646,1.0126568541105778,1.0126568541105778,0.9987518352051143,1.0135597618528023
150,1.0060595393353033,1.0060595393353033,1.0001584555482965,1.0090101381435006,0.9936418952360841,0.9936418952360841,0.9959274529591343,0.9986562950399608,0.9982220582386887,0.9982220582386887,0.9950828411044330,0.9968830632356863,1.0009866199522293,1.0009866199522293,1.0166148828416277,1.0237156906293687,0.9851439111877028,0.9851439111877028,0.9882377347821748,1.0018131092863385,0.9824498425190122,0.9824498425190122,0.9766819542748509,1.0024550572652022,1.0128750118987135,1.0128750118987135,0.9980249860861161,1.0140029519900380
151,1.0062361532510748,1.0062361532510748,1.0002451304420334,1.0089549824550168,0.9933488335324195,0.9933488335324195,0.9960251122214991,0.9987117331740720,0.9988521206762351,0.9988521206762351,0.9958345897195001,0.9991139929075984,1.0028991886398142,1.0028991886398142,1.0105915947399022,1.0276201601561401,0.9809017820776386,0.9809017820776386,0.9853489788234780,1.0011410245602639,0.9820468718489918,0.9820468718489918,0.9765678631781538,1.0028033068572890,1.0130088795631502,1.0130088795631502,0.9978245903975582,1.0143228823748198
152,1.0061946200839718,1.0061946200839718,0.9998626789434820,1.0085426658673302,0.9928768215448316,0.9928768215448316,0.9954673106688925,0.9982301527663742,0.9994833044027013,0.9994833044027013,0.9960590727615218,0.9999948857198859,1.0119084756120640,1.0119084756120640,1.0086614113635692,1.0297414683690107,0.9756938716663659,0.9756938716663659,0.9777771489976061,1.0006987445891811,0.9826787845688744,0.9826787845688744,0.9767406671252389,1.0030587060534348,1.0132602966562532,1.0132602966562532,0.9977152022648026,1.0149066965556002
153,1.0062018361452372,1.0062018361452372,0.9998334736988714,1.0084317981649744,0.9925705596114550,0.9925705596114550,0.9958817026740625,0.9984329234643522,1.0006289558726227,1.0006289558726227,0.9967010305438097,1.0016190474390849,1.0116285875114419,1.0116285875114419,1.0063788171767989,1.0327539815200550,0.9738896877869194,0.9738896877869194,0.9767933347395257,1.0013580205256332,0.9840596838076552,0.9840596838076552,0.9770585263497532,1.0042456395743931,1.0136617750828776,1.0136617750828776,0.9977686586705546,1.0156287839220546
154,1.0059762117862094,1.0059762117862094,0.9995088446644820,1.0077839969879829,0.9921050232082540,0.9921050232082540,0.9958147268961568,0.9976772229776145,1.0006692203383776,1.0006692203383776,0.9962809825809001,1.0018257952280312,1.0109402701084302,1.0109402701084302,1.0045749143408726,1.0342929256291442,0.9761146390873248,0.9761146390873248,0.9706515018000242,1.0041812284500748,0.9858212004802015,0.9858212004802015,0.9773993705238108,1.0054545129408674,1.0140097313570644,1.0140097313570644,0.9978928987308195,1.0163890727289095
155,1.0061179535145075,1.0061179535145075,0.9993010758102054,1.0077112773122441,0.9920406824659480,0.9920406824659480,0.9958990789842580,0.9976117356349030,1.0009372083901991,1.0009372083901991,0.9966072917189480,1.0017213607685576,1.0125066068493196,1.0125066068493196,1.0016873482628514,1.0348843069835647,0.9809790445817352,0.9809790445817352,0.9676594969686654,1.0019396902661373,0.9875471969417126,0.9875471969417126,0.9782380234496366,1.0068163591528738,1.0143025045896770,1.0143025045896770,0.9981924652686691,1.0168566263022609
156,1.0058006100781265,1.0058006100781265,0.9988450819775743,1.0074008080081198,0.9913030469880271,0.9913030469880271,0.9958621818192541,0.9971535475516690,1.0000714714087913,1.0000714714087913,0.9966027579457194,1.0011179616693759,1.0079019292827871,1.0079019292827871,0.9997160502919675,1.0336001002050328,0.9770459654880576,0.9770459654880576,0.9610582065458175,1.0013949399780746,0.9894364026487562,0.9894364026487562,0.9786731892819239,1.0080888701928064,1.0145292159568680,1.0145292159568680,0.9981996279003759,1.0173489707404315
157,1.0059113651904019,1.0059113651904019,0.9987147364227686,1.0070017240171660,0.9917939460967437,0.9917939460967437,0.9964191035586863,0.9970261459181927,1.0016113069016850,1.0016113069016850,0.9969463444358007,1.0015501731002205,1.0107516047961591,1.0107516047961591,0.9985024355635238,1.0315028379938667,0.9760415529348009,0.9760415529348009,0.9578538040335537,1.0013926796034354,0.9916242639232973,0.9916242639232973,0.9794944546293387,1.0093184712586358,1.0147810897944833,1.0147810897944833,0.9984808138612723,1.0177225968561263
158,1.0054180608754679,1.0054180608754679,0.9983971636890905,1.0064080453529376,0.9915863122947988,0.9915863122947988,0.9966495046337477,0.9964882341133968,1.0017467789902628,1.0017467789902628,0.9979527195581390,1.0015841111802408,1.0142906343351374,1.0142906343351374,0.9965267324575093,1.0320528902828576,0.9714945501599227,0.9714945501599227,0.9520585923094180,0.9985800200939771,0.9930351716162285,0.9930351716162285,0.9797293060308906,1.0098101177415817,1.0147470830894048,1.0147470830894048,0.9984895038188576,1.0180433286697279
159,1.0053395658017916,1.0053395658017916,0.9981969607572432,1.0062140467425786,0.9922170176100227,0.9922170176100227,0.9982326734528624,0.9966351200457702,1.0038412447570102,1.0038412447570102,1.0002064949904013,1.0017521795397522,1.0167360270364993,1.0167360270364993,0.9985809938066839,1.0324068173704459,0.9661634373772526,0.9661634373772526,0.9474374677658403,0.9922577522279540,0.9947314658323049,0.9947314658323049,0.9806902674706078,1.0109233527759445,1.0145118181431585,1.0145118181431585,0.9987167067099059,1.0177879934478054
160,1.0049766403675520,1.0049766403675520,0.9978151364854217,1.0054759221650655,0.9922031117076534,0.9922031117076534,0.9982526892025813,0.9961901634205265,1.0037196358768949,1.0037196358768949,1.0014585516079653,1.0004607856860448,1.0168407259185841,1.0168407259185841,0.9977785250237504,1.0275668080898581,0.9586804594467011,0.9586804594467011,0.9366804102183418,0.9861193281659243,0.9959783477231280,0.9959783477231280,0.9814667538489641,1.0108370479692736,1.0142201244884852,1.0142201244884852,0.9989885180498921,1.0177696140135426
161,1.0048220664579084,1.0048220664579084,0.9979652788838895,1.0052908247609171,0.9921923190670084,0.9921923190670084,0.9994779390246615,0.9958063394809342,1.0038043441580147,1.0038043441580147,1.0027557008889920,0.9987791039121056,1.0168417625411790,1.0168417625411790,0.9975567998888503,1.0222601560886921,0.9465084827877964,0.9465084827877964,0.9359547181419166,0.9827882894058614,0.9980895547491418,0.9980895547491418,0.9822572932016524,1.0112947543597084,1.0140733018887804,1.0140733018887804,0.9994728383526461,1.0175461756586397
162,1.0042549689372720,1.0042549689372720,0.9975839642337860,1.0046269696227244,0.9919370316056009,0.9919370316056009,0.9998752846495763,0.9947950541221305,1.0038037325458766,1.0038037325458766,1.0024039045933348,0.9961627524417295,1.0111113128365883,1.0111113128365883,0.9953219279993266,1.0183887498142645,0.9393867592682914,0.9393867592682914,0.9297066863619627,0.9744746314826461,0.9992623341307363,0.9992623341307363,0.9837427402257686,1.0122083489213367,1.0135528207554949,1.0135528207554949,0.9999622672971320,1.0175040205027290
163,1.0042763232543204,1.0042763232543204,0.9977932227515461,1.0043628740134565,0.9926969995476254,0.9926969995476254,1.0001886631046537,0.9948446860468284,1.0049454085369007,1.0049454085369007,1.0033814841289510,0.9962490949100160,1.0144015529527914,1.0144015529527914,0.9947610074593805,1.0179138412806004,0.9241305469728792,0.9241305469728792,0.9259292526064241,0.9626626670760623,1.0001303337705170,1.0001303337705170,0.9845548354119666,1.0124557479528191,1.0130931696868495,1.0130931696868495,1.0001950528275989,1.0174079559015536
164,1.0040171980859780,1.0040171980859780,0.9978915405414567,1.0040238334268969,0.9926294625232822,0.9926294625232822,0.9999956540895069,0.9942068404453968,1.0050143168377874,1.0050143168377874,1.0036782624738070,0.9953365099200627,1.0095926607350643,1.0095926607350643,0.9928491788127577,1.0140281576926606,0.9164930440341343,0.9164930440341343,0.9195108601865778,0.9567653496422209,1.0027510720996569,1.0027510720996569,0.9860178929515534,1.0126418123885492,1.0125355676813534,1.0125355676813534,1.0002080087643623,1.0167527611272416
165,1.0038932842737478,1.0038932842737478,0.9980213372728736,1.0035809586803892,0.9928568136494822,0.9928568136494822,1.0000849001383911,0.9943641663889271,1.0050158458681326,1.0050158458681326,1.0034961763381933,0.9947497055438321,1.0107267258538815,1.0107267258538815,0.9850902674696284,1.0102754785516492,0.9094183044698233,0.9094183044698233,0.9198655938133669,0.9504830150614916,1.0057137434947971,1.0057137434947971,0.9879967422863336,1.0138847470621508,1.0122065455433276,1.0122065455433276,1.0007231915831465,1.0167410068378875
166,1.0034243708989286,1.0034243708989286,0.9980378019745332,1.0030257459429996,0.9924710597667405,0.9924710597667405,0.9995884655547028,0.9935842361436756,1.0040760018826647,1.0040760018826647,1.0024477719126819,0.9939511624845347,1.0059116139005848,1.0059116139005848,0.9806197895013927,1.0026371158226979,0.9044254761645494,0.9044254761645494,0.9158794498366613,0.9472092391256233,1.0080749189024929,1.0080749189024929,0.9903306078625064,1.0152583510919200,1.0116508950825676,1.0116508950825676,1.0010784791823613,1.0166547196683111
167,1.0033498920041468,1.0033498920041468,0.9982999435459573,1.0031107047772780,0.9925293815363793,0.9925293815363793,0.9995184104306866,0.9935708930278120,1.0030362612479820,1.0030362612479820,1.0023808681239570,0.9934756550471937,1.0003532435467473,1.0003532435467473,0.9758328759929519,1.0034178594405416,0.8944972443881277,0.8944972443881277,0.9178551907642458,0.9458484935927860,1.0109500146049082,1.0109500146049082,0.9928183415983166,1.0173408181967059,1.0114481420411767,1.0114481420411767,1.0016419570987558,1.0166613448132198
168,1.0029754078111379,1.0029754078111379,0.9980570499948068,1.0027683262383897,0.9917808703975008,0.9917808703975008,0.9984399244437707,0.9928859278038327,1.0008416949613073,1.0008416949613073,1.0013970393333500,0.9919283530974520,0.9908297917674284,0.9908297917674284,0.9677487188393563,0.9930322410168491,0.8885929273520918,0.8885929273520918,0.9214615263879443,0.9440303989246042,1.0139587193769934,1.0139587193769934,0.9953437087230166,1.0180763484872670,1.0113676304402641,1.0113676304402641,1.0019455789501452,1.0163771047252037
169,1.0027394654640560,1.0027394654640560,0.9982893982965609,1.0025456371330124,0.9916168637698550,0.9916168637698550,0.9981500809911100,0.9924829545389632,0.9993295858853384,0.9993295858853384,1.0003629714339937,0.9908400886344533,0.9807890653132560,0.9807890653132560,0.9633406469521356,0.9847371218663432,0.8793558817609672,0.8793558817609672,0.9268179304032660,0.9477969365318321,1.0162641647984099,1.0162641647984099,0.9984691854889031,1.0194421947816050,1.0107235791551910,1.0107235791551910,1.0028164706994209,1.0160484120519941
170,1.0028928965585673,1.0028928965585673,0.9983884609182132,1.0022582553324970,0.9915665949705437,0.9915665949705437,0.9980232229290178,0.9917586299146329,0.9987403995256849,0.9987403995256849,0.9997453979996110,0.9895350945942671,0.9739794914873776,0.9739794914873776,0.9586051266868835,0.9796882129459474,0.8751502957271649,0.8751502957271649,0.9302214557413783,0.9444583631896383,1.0184703985959001,1.0184703985959001,1.0011746212338599,1.0213998108317968,1.0108525471966736,1.0108525471966736,1.0031230945361580,1.0161893032384788
171,1.0027125603306495,1.0027125603306495,0.9985951713273831,1.0019509650305907,0.9911484216557112,0.9911484216557112,0.9976945577200341,0.9916662888533841,0.9972050491884702,0.9972050491884702,1.0003437335313752,0.9892381363940909,0.9743817010541976,0.9743817010541976,0.9553636814200481,0.9738548032199418,0.8752390431980868,0.8752390431980868,0.9352496758400238,0.9492925510848121,1.0211904506185381,1.0211904506185381,1.0041727875797368,1.0232466367228630,1.0105575317637263,1.0105575317637263,1.0037063750225652,1.0158655259953628
172,1.0025084208961137,1.0025084208961137,0.9982606242703272,1.0020592497936445,0.9911702559979388,0.9911702559979388,0.9971747530988994,0.9914199157558684,0.9968005696945074,0.9968005696945074,1.0002196061724407,0.9885330478272019,0.9775568760623672,0.9775568760623672,0.9552050965553514,0.9689584361228590,0.8691854215933236,0.8691854215933236,0.9374061022947671,0.9463713935926692,1.0232972686529584,1.0232972686529584,1.0070074392327482,1.0239860458811396,1.0106828873713360,1.0106828873713360,1.0044678786390855,1.0153927898489781
173,1.0019660408342015,1.0019660408342015,0.9983330297559591,1.0015702000399189,0.9910170835210943,0.9910170835210943,0.9968529614303412,0.9912838048082718,0.9972576478323424,0.9972576478323424,1.0011283213687467,0.9896060900631327,0.9837558791798513,0.9837558791798513,0.9563526342568380,0.9711263334640321,0.8649881882626668,0.8649881882626668,0.9427728311973549,0.9454574487801932,1.0247689077411943,1.0247689077411943,1.0101005227018689,1.0248476393724562,1.0106275382408478,1.0106275382408478,1.0047929883855948,1.0147589130812671
174,1.0018025856183848,1.0018025856183848,0.9985754528870622,1.0014929105484915,0.9919379448290401,0.9919379448290401,0.9976416039645964,0.9915607163341450,1.0000072521342962,1.0000072521342962,1.0031045563587713,0.9920816983193077,1.0026980838564041,1.0026980838564041,0.9555545706090350,0.9762128142620912,0.8655321580550230,0.8655321580550230,0.9514781861466673,0.9453225797600504,1.0262854574410838,1.0262854574410838,1.0126891282110639,1.0255002588655975,1.0108905400356807,1.0108905400356807,1.0052772560219392,1.0141935317633375
175,1.0012668338842414,1.0012668338842414,0.9983126840889082,1.0010318757518128,0.9921971757552986,0.9921971757552986,0.9976507870146049,0.9924935620369302,1.0038458318480457,1.0038458318480457,1.0064318557709200,0.9955282850266471,1.0281399122029613,1.0281399122029613,0.9625653431691734,0.9898912320441963,0.8695163974554674,0.8695163974554674,0.9606673358135966,0.9476259015174611,1.0284738290634845,1.0284738290634845,1.0152533196546816,1.0260586946020207,1.0111043379898321,1.0111043379898321,1.0057539923617096,1.0138959345283280
176,1.0012248762429461,1.0012248762429461,0.9984118643155723,1.0008224589806962,0.9937369119839154,0.9937369119839154,0.9985828940846202,0.9940176920079657,1.0088161998232539,1.0088161998232539,1.0094079715594690,1.0003471180724479,1.0466405156540881,1.0466405156540881,0.9704439273500137,0.9999898013225410,0.8850409403394315,0.8850409403394315,0.9722997963028803,0.9533996518043559,1.0313803621940574,1.0313803621940574,1.0188954218667812,1.0277167893358021,1.0114053741459008,1.0114053741459008,1.0066585379467248,1.0137262453329261
177,1.0005907444518201,1.0005907444518201,0.9980295304220328,1.0005109167633233,0.9948557352273820,0.9948557352273820,0.9989042458465912,0.9946304704168334,1.0134070624668030,1.0134070624668030,1.0127674975218641,1.0046878234614942,1.0743204121830279,1.0743204121830279,0.9776367788288781,1.0107225838958425,0.9035703681800201,0.9035703681800201,0.9837972957657558,0.9588772930135072,1.0345210429226614,1.0345210429226614,1.0224555880929438,1.0291192424442057,1.0118869074289254,1.0118869074289254,1.0073897057113108,1.0134825575431814
178,1.0004625532458080,1.0004625532458080,0.9980927627167400,1.0001851882485522,0.9969692248367429,0.9969692248367429,1.0005098499016545,0.9965051502812071,1.0195932134370957,1.0195932134370957,1.0170587751499429,1.0097472176039084,1.0965766992954666,1.0965766992954666,0.9854177158476598,1.0208842739286617,0.9221321627452979,0.9221321627452979,0.9998893700620958,0.9715934072757968,1.0380229478663625,1.0380229478663625,1.0270063699165248,1.0309162491280504,1.0121346705659269,1.0121346705659269,1.0080352905602841,1.0132893063404833
179,0.9999691183234302,0.9999691183234302,0.9979616331285220,0.9996930389676638,0.9986649562328344,0.9986649562328344,1.0015981238101361,0.9974393358784723,1.0248464520261513,1.0248464520261513,1.0203653662465337,1.0136892753250712,1.1137939639741110,1.1137939639741110,0.9934277198932258,1.0288029228649811,0.9409508029323024,0.9409508029323024,1.0141237021424652,0.9818095471870598,1.0414227832381231,1.0414227832381231,1.0304687607873759,1.0319819680328977,1.0123038321245232,1.0123038321245232,1.0088557278891555,1.0130927959939187
180,0.9995579334387358,0.9995579334387358,0.9979929160616754,0.9996130870618789,0.9999506918148896,0.9999506918148896,1.0027021243791114,0.9988457226220752,1.0286368163163513,1.0286368163163513,1.0241134488280612,1.0185359326055943,1.1278339803993960,1.1278339803993960,0.9990905211034412,1.0326104569473811,0.9576875318602696,0.9576875318602696,1.0263911431986210,0.9878334456007000,1.0442667477210965,1.0442667477210965,1.0324686895836546,1.0335969103633436,1.0124805507286927,1.0124805507286927,1.0093502128089638,1.0128492684899382
181,0.9988180749219175,0.9988180749219175,0.9974652615751541,0.9992850140329719,1.0009339428877941,1.0009339428877941,1.0030549294620692,0.9996099091071864,1.0303388309611843,1.0303388309611843,1.0260999767086592,1.0203390178790173,1.1293951340273110,1.1293951340273110,0.9980347570505059,1.0369079283145106,0.9694606669439726,0.9694606669439726,1.0342446949484709,0.9964823924287395,1.0461967812569164,1.0461967812569164,1.0348535269650323,1.0336484265751908,1.0119832389988672,1.0119832389988672,1.0094306870828447,1.0120611433887492
182,0.9986024093804733,0.9986024093804733,0.9975653434402424,0.9990871211448957,1.0023222085559755,1.0023222085559755,1.0042584039080817,1.0002916362528389,1.0315303533414593,1.0315303533414593,1.0277119168930449,1.0225278992679632,1.1331663670275463,1.1331663670275463,0.9992667265086599,1.0369687947563253,0.9825597936520373,0.9825597936520373,1.0476198489099018,1.0014416543872862,1.0472568758310887,1.0472568758310887,1.0364694999202340,1.0338466124725323,1.0115703004371979,1.0115703004371979,1.0098094639007444,1.0114318080510158
183,0.9980541519835937,0.9980541519835937,0.9975395879426463,0.9984974957084952,1.0026108701830696,1.0026108701830696,1.0045831099577802,1.0001915349693933,1.0299163089091490,1.0299163089091490,1.0261421285462440,1.0220556359118007,1.1210347727994665,1.1210347727994665,0.9912809507063115,1.0351262698757164,0.9921643581815676,0.9921643581815676,1.0539305675054005,1.0059405533776358,1.0479055279607696,1.0479055279607696,1.0376185092113968,1.0337095187417107,1.0109431071768646,1.0109431071768646,1.0099028941113888,1.0107024009680092
184,0.9976500852045821,0.9976500852045821,0.9973177064869472,0.9985176426350524,1.0030521646549762,1.0030521646549762,1.0044706588364198,1.0007007507007419,1.0276137930801086,1.0276137930801086,1.0252786285478124,1.0215811266532837,1.1081899822260977,1.1081899822260977,0.9835873822009507,1.0310850387142507,0.9935300251458709,0.9935300251458709,1.0601299248168137,1.0099331284487900,1.0484494567096396,1.0484494567096396,1.0384660941124337,1.0343273496400283,1.0106002166145454,1.0106002166145454,1.0096522546680651,1.0097473649579927
185,0.9970748573705741,0.9970748573705741,0.9969119691960485,0.9979847623882449,1.0027984960896652,1.0027984960896652,1.0039763687973442,1.0004319343706856,1.0233307752127105,1.0233307752127105,1.0221971331653010,1.0197892708916323,1.0904077582332345,1.0904077582332345,0.9724600108613909,1.0230476626445151,1.0050630200141382,1.0050630200141382,1.0629633688794413,1.0167707617325656,1.0487146334575406,1.0487146334575406,1.0386162703889839,1.0340811627547069,1.0098699651832654,1.0098699651832654,1.0092945444140082,1.0090606473167765
186,0.9971521769772569,0.9971521769772569,0.9965814991127370,0.9980243409658601,1.0030057563002031,1.0030057563002031,1.0037430533411427,1.0006393388704071,1.0198737395377473,1.0198737395377473,1.0192567974249345,1.0178975972475686,1.0727022443123937,1.0727022443123937,0.9615918083053402,1.0162832217900126,1.0136704806056642,1.0136704806056642,1.0662474205220447,1.0247393357941865,1.0491663933829485,1.0491663933829485,1.0387446526460189,1.0349705143931127,1.0094729711573107,1.0094729711573107,1.0088387166388522,1.0083392545219658
187,0.9969721999198095,0.9969721999198095,0.9962494217609300,0.9976186605453040,1.0024851359195570,1.0024851359195570,1.0033463675761085,1.0003912350758546,1.0160212966155355,1.0160212966155355,1.0156705828011092,1.0157949335545560,1.0539455950803274,1.0539455950803274,0.9470042033207984,1.0090543925275914,1.0322604655440584,1.0322604655440584,1.0737845882263799,1.0310096150435064,1.0504110297431890,1.0504110297431890,1.0392081626129763,1.0353192488436640,1.0093947432789614,1.0093947432789614,1.0083995314491321,1.0077427777658359
188,0.9971216801391480,0.9971216801391480,0.9957918206598035,0.9977038578047488,1.0032759043975756,1.0032759043975756,1.0029883935907509,1.0009550515072645,1.0144475166489801,1.0144475166489801,1.0137975217856381,1.0154353396331661,1.0394162927902511,1.0394162927902511,0.9404170579223733,1.0055932711572473,1.0448438128328832,1.0448438128328832,1.0804979774252610,1.0396306839176617,1.0523786248814828,1.0523786248814828,1.0412290517777503,1.0366527308355005,1.0092644465261691,1.0092644465261691,1.0083624016303585,1.0075327499865141
189,0.9969120225401150,0.9969120225401150,0.9953378653140446,0.9975655712082618,1.0032908065436967,1.0032908065436967,1.0032867602335391,1.0010580558954167,1.0121179879505093,1.0121179879505093,1.0127585525098184,1.0146556371991742,1.0298130210711252,1.0298130210711252,0.9358423250893833,1.0003843060380058,1.0583992059502756,1.0583992059502756,1.0925758830508869,1.0460930950113192,1.0543809236742363,1.0543809236742363,1.0422662327392693,1.0374914147643719,1.0090924614560399,1.0090924614560399,1.0080908536224205,1.0068767003547943
190,0.9972102972897128,0.9972102972897128,0.9952841590252975,0.9974188999934247,1.0044532569614626,1.0044532569614626,1.0042722609655794,1.0022553074422615,1.0127579381176208,1.0127579381176208,1.0136072258444484,1.0143624221695884,1.0294336172013929,1.0294336172013929,0.9421343264340670,0.9993653567157768,1.0717436933132418,1.0717436933132418,1.0993143469759858,1.0528855208023093,1.0558906347128059,1.0558906347128059,1.0433233022322586,1.0386502264943924,1.0087381107586759,1.0087381107586759,1.0077621625600577,1.0066597268590363
191,0.9971156068930150,0.9971156068930150,0.9952977228033314,0.9973688307084897,1.0052606710121681,1.0052606710121681,1.0053825302034225,1.0024439534192626,1.0136735214882795,1.0136735214882795,1.0137633346848063,1.0142710888071811,1.0374933578767169,1.0374933578767169,0.9479035850766021,0.9980736355617121,1.0832631150388976,1.0832631150388976,1.1101186040081299,1.0597608269967393,1.0572030452688146,1.0572030452688146,1.0436598590582147,1.0396132766193940,1.0081300177234171,1.0081300177234171,1.0069336146041068,1.0061891278561705
192,0.9971396713145206,0.9971396713145206,0.9953079152376921,0.9974912222938862,1.0063285612938222,1.0063285612938222,1.0065678035143883,1.0036500817670373,1.0153351697320012,1.0153351697320012,1.0167097971457522,1.0149117948399142,1.0465327069042190,1.0465327069042190,0.9606659957387537,0.9974957800832505,1.0893866905325051,1.0893866905325051,1.1140509110726617,1.0635876412610143,1.0575394665779299,1.0575394665779299,1.0439229355014339,1.0404661426583504,1.0073143550682708,1.0073143550682708,1.0067479128438293,1.0056657414083876
193,0.9969012147741472,0.9969012147741472,0.9952644405849765,0.9973889378975191,1.0070311621998036,1.0070311621998036,1.0077912387217962,1.0043583276576074,1.0164560509103318,1.0164560509103318,1.0176451023093718,1.0154117576584463,1.0526435971011368,1.0526435971011368,0.9670152638401336,0.9942413040400544,1.1035079792880109,1.1035079792880109,1.1192089297540826,1.0641527349208304,1.0587732835635446,1.0587732835635446,1.0435581536338105,1.0412039760266176,1.0067045180994183,1.0067045180994183,1.0060289636862723,1.0049557823314030
194,0.9969349114946271,0.9969349114946271,0.9956198429308014,0.9974352718548478,1.0079190644436262,1.0079190644436262,1.0093896942948171,1.0050188398073261,1.0186508210677190,1.0186508210677190,1.0198170247546960,1.0147963804133753,1.0578826876957461,1.0578826876957461,0.9741596588325627,0.9928834563813024,1.1117834199294998,1.1117834199294998,1.1230623251802225,1.0686629357843764,1.0596911952240040,1.0596911952240040,1.0435676810740357,1.0424529714310249,1.0061482032830036,1.0061482032830036,1.0053113838553651,1.0041947989529043
195,0.9968945537945174,0.9968945537945174,0.9957277259283427,0.9973938653509572,1.0085881251432958,1.0085881251432958,1.0102095152084423,1.0048305846328816,1.0198411202237181,1.0198411202237181,1.0204693979619686,1.0145707919991238,1.0579469582966299,1.0579469582966299,0.9792652104487741,0.9896319860883194,1.1202373996007258,1.1202373996007258,1.1284725661077180,1.0708818702219212,1.0601260116004700,1.0601260116004700,1.0423535279103331,1.0425515189139229,1.0055487053490284,1.0055487053490284,1.0044732506128653,1.0036754730778072
196,0.9968887744151327,0.9968887744151327,0.9960674084042496,0.9977894127019432,1.0092841674445776,1.0092841674445776,1.0114121098412800,1.0056954306908052,1.0207854493648651,1.0207854493648651,1.0217182686848314,1.0144495132719928,1.0599009918880107,1.0599009918880107,0.9835741667955593,0.9872807379841494,1.1274071511633179,1.1274071511633179,1.1304689568098349,1.0706076114323571,1.0595881049563445,1.0595881049563445,1.0413529085006783,1.0426705516669439,1.0053997235934458,1.0053997235934458,1.0037266515902643,1.0028755936872644
197,0.9965866140940843,0.9965866140940843,0.9960256978267118,0.9973653338060499,1.0095816292248130,1.0095816292248130,1.0114414186176544,1.0054021612864883,1.0211637314722481,1.0211637314722481,1.0218683733390215,1.0129527441252224,1.0580029359167542,1.0580029359167542,0.9892832219246447,0.9814939173864462,1.1383074287683070,1.1383074287683070,1.1337935705095554,1.0716594390978282,1.0579441724306733,1.0579441724306733,1.0390132073673675,1.0423753940767138,1.0046123375758556,1.0046123375758556,1.0024740337041507,1.0019062388156712
198,0.9965674147998573,0.9965674147998573,0.9963780032405578,0.9973540086106479,1.0099358768989029,1.0099358768989029,1.0125623006019144,1.0054674253134532,1.0211409998877841,1.0211409998877841,1.0222847452695836,1.0120107128599576,1.0564780640796607,1.0564780640796607,0.9959268998905774,0.9757040910385300,1.1440885434329455,1.1440885434329455,1.1328422058971688,1.0742377731030159,1.0568563149329333,1.0568563149329333,1.0367654460322302,1.0419858103005333,1.0041051850778939,1.0041051850778939,1.0015119237334340,1.0007718964644177
199,0.9967851047566793,0.9967851047566793,0.9964930993454929,0.9975932285275593,1.0104968451514984,1.0104968451514984,1.0128769987767534,1.0051794038291830,1.0208655705549494,1.0208655705549494,1.0215240516424708,1.0104456932360877,1.0478284851478401,1.0478284851478401,0.9962440696199710,0.9709820574538049,1.1505274334702991,1.1505274334702991,1.1231876988113123,1.0733313628726708,1.0541040089255622,1.0541040089255622,1.0333668890108880,1.0410236086778446,1.0037174920311058,1.0037174920311058,1.0000014511058803,1.0005554038259512
200,0.9967243396434881,0.9967243396434881,0.9967293286126383,0.9979593303705002,1.0100935739827870,1.0100935739827870,1.0129151606731956,1.0048466633666420,1.0191025985670243,1.0191025985670243,1.0206175420655734,1.0089750015110972,1.0336495612948389,1.0336495612948389,0.9960913582687815,0.9646061098143410,1.1478660534305367,1.1478660534305367,1.1146475420582593,1.0747026568204914,1.0505440263954271,1.0505440263954271,1.0296174840032517,1.0397206727692683,1.0029847492661206,1.0029847492661206,0.9983045393883148,0.9998132807390070
201,0.9971293859783276,0.9971293859783276,0.9966984376961910,0.9979544029170622,1.0107810236817092,1.0107810236817092,1.0126309810178455,1.0041283124385352,1.0185325760543631,1.0185325760543631,1.0187740118432940,1.0069837595293274,1.0185563363131385,1.0185563363131385,0.9940517807033753,0.9584818937552213,1.1486574720535809,1.1486574720535809,1.1025880737313229,1.0751034965898545,1.0471554186765799,1.0471554186765799,1.0247683742076183,1.0378778469605336,1.0018432201623084,1.0018432201623084,0.9965880884327846,0.9989877556262370
202,0.9970269244387285,0.9970269244387285,0.9970483126064588,0.9980506869467426,1.0099884702669684,1.0099884702669684,1.0123629679295760,1.0040250289056996,1.0157954078658828,1.0157954078658828,1.0161555740021582,1.0052967125442085,1.0059468590688114,1.0059468590688114,0.9928499130019461,0.9505324358792179,1.1370910663727312,1.1370910663727312,1.0857430201564968,1.0748842402498457,1.0421335957371156,1.0421335957371156,1.0193870377824030,1.0356484677410214,1.0004280180509584,1.0004280180509584,0.9943797858779265,0.9977651492476521
203,0.9975065476239328,0.9975065476239328,0.9975282978615082,0.9983613549385055,1.0097996820759958,1.0097996820759958,1.0119854730894100,1.0036669421059110,1.0140361055507860,1.0140361055507860,1.0132774857428761,1.0024074839377881,0.9917036646149265,0.9917036646149265,0.9876357013858500,0.9423808413013859,1.1226314931398294,1.1226314931398294,1.0679060399121669,1.0687337608564067,1.0356619765978106,1.0356619765978106,1.0129429154000633,1.0318940874362172,0.9988087341869082,0.9988087341869082,0.9922734981584790,0.9966256243233651
204,0.9976543299465030,0.9976543299465030,0.9975553862159054,0.9982696804620413,1.0092913071914658,1.0092913071914658,1.0112407662255543,1.0028069531654777,1.0109401249079841,1.0109401249079841,1.0104076072891703,0.9997449666967964,0.9712023795556486,0.9712023795556486,0.9832856304445137,0.9360191709754341,1.1068793390951479,1.1068793390951479,1.0498278998009762,1.0644804892435238,1.0283288902713292,1.0283288902713292,1.0057005126198524,1.0269631980674405,0.9968968016569307,0.9968968016569307,0.9899147803377809,0.9952348781784294
205,0.9980402422908374,0.9980402422908374,0.9977847551906927,0.9985799113409992,1.0087603922920505,1.0087603922920505,1.0111607582150020,1.0022024374392369,1.0089681854395589,1.0089681854395589,1.0078613422164573,0.9975916454284598,0.9583814313019624,0.9583814313019624,0.9787916584222489,0.9274956148087352,1.0865258897051420,1.0865258897051420,1.0289148406432624,1.0566008232510473,1.0199278500136362,1.0199278500136362,0.9988876783007963,1.0225725622426700,0.9949760248922992,0.9949760248922992,0.9877536142195219,0.9935100965014867
206,0.9981854124645333,0.9981854124645333,0.9978920501631747,0.9985290870430376,1.0081174829908666,1.0081174829908666,1.0101906542135148,1.0012711549466784,1.0070047066057102,1.0070047066057102,1.0052963293787722,0.9962145329682308,0.9442678146724397,0.9442678146724397,0.9747117691022480,0.9246191118548321,1.0690624756035088,1.0690624756035088,1.0122991470641358,1.0489720588435292,1.0125374005877243,1.0125374005877243,0.9928102432741251,1.0176313696315238,0.9932685062928495,0.9932685062928495,0.9859034959164070,0.9922380686790269
207,0.9987776845699469,0.9987776845699469,0.9983465151306518,0.9987289668075000,1.0083965557718493,1.0083965557718493,1.0102040713644251,1.0008191638754147,1.0060629258484717,1.0060629258484717,1.0032810059114521,0.9954027640395138,0.9437899316561922,0.9437899316561922,0.9750370149127141,0.9190990515885384,1.0590590694987767,1.0590590694987767,1.0030266608071292,1.0468412790169159,1.0063251402307196,1.0063251402307196,0.9887732286646898,1.0144245157476928,0.9919514627294921,0.9919514627294921,0.9844075592179051,0.9910657920303124
208,0.9991603970319102,0.9991603970319102,0.9987466857843225,0.9986808446614237,1.0083814045647901,1.0083814045647901,1.0097437641092133,0.9998779996610659,1.0060193994513140,1.0060193994513140,1.0014280405394809,0.9945057755936874,0.9459357404276290,0.9459357404276290,0.9727272557259725,0.9172324807062251,1.0495453406159547,1.0495453406159547,0.9901655387331663,1.0456063610056643,1.0002767015366794,1.0002767015366794,0.9841711177568955,1.0107592281857303,0.9909595797369173,0.9909595797369173,0.9834988003201213,0.9895869955723973
209,0.9994772506903772,0.9994772506903772,0.9989265038474483,0.9985695398462627,1.0084792855134079,1.0084792855134079,1.0100617615834566,1.0001596008176192,1.0059155273232021,1.0059155273232021,0.9998848421599935,0.9940940268287372,0.9522446255401722,0.9522446255401722,0.9729952347797426,0.9143078857489130,1.0436399794920257,1.0436399794920257,0.9843039527337478,1.0449764699395225,0.9960864393998128,0.9960864393998128,0.9801791203025243,1.0079809891844678,0.9900941319298913,0.9900941319298913,0.9828639594187080,0.9889821839565435
210,0.9996368203347432,0.9996368203347432,0.9989339129631951,0.9983617125762551,1.0081125017721075,1.0081125017721075,1.0091581934532876,0.9994097065402950,1.0053140067854314,1.0053140067854314,0.9984975075520409,0.9934414674224675,0.9594958005914767,0.9594958005914767,0.9713411065382522,0.9134069121225468,1.0529313176535966,1.0529313176535966,0.9775942509946047,1.0424674540899388,0.9921450228793368,0.9921450228793368,0.9783274622947509,1.0060857986615732,0.9897724592262963,0.9897724592262963,0.9827562039446502,0.9879974950802021
211,1.0001282634936042,1.0001282634936042,0.9993223623173511,0.9985218548129914,1.0081226717604075,1.0081226717604075,1.0094785554254373,1.0000838967794974,1.0047768074575119,1.0047768074575119,0.9966161141965820,0.9923601902112377,0.9622273011290303,0.9622273011290303,0.9730033108608152,0.9094250445277891,1.0568758817140993,1.0568758817140993,0.9790471101313504,1.0469173782964378,0.9903384935255648,0.9903384935255648,0.9782393334726676,1.0057303974071359,0.9896859684244906,0.9896859684244906,0.9827403513553583,0.9879891067918903
212,1.0001561481828385,1.0001561481828385,0.9997312357418991,0.9981129556526894,1.0075845756039477,1.0075845756039477,1.0090096699917745,0.9998114515685578,1.0030094522492641,1.0030094522492641,0.9948479426374268,0.9908045285138439,0.9708623673445224,0.9708623673445224,0.9701032635665909,0.9055987245065574,1.0691094595587027,1.0691094595587027,0.9862686312821185,1.0523015906871660,0.9884335691044424,0.9884335691044424,0.9779797107265300,1.0049746242756843,0.9897902307400614,0.9897902307400614,0.9832469495493764,0.9877459532880255
213,1.0006499096238257,1.0006499096238257,1.0000117236951724,0.9982097165327025,1.0080509837204317,1.0080509837204317,1.0095190268314624,0.9996769038311879,1.0036582707923773,1.0036582707923773,0.9937179302938003,0.9902166011864362,0.9699615423095568,0.9699615423095568,0.9669925039752928,0.9073848915706713,1.0840670627166602,1.0840670627166602,0.9924075142538296,1.0539727610037957,0.9881123561615461,0.9881123561615461,0.9787155863909263,1.0051709919537839,0.9901373980919084,0.9901373980919084,0.9836361543163786,0.9879422499202380
214,1.0007106747370167,1.0007106747370167,1.0001157257273225,0.9977894127019432,1.0075976513031906,1.0075976513031906,1.0090060957507532,0.9991993989358667,1.0020005980275530,1.0020005980275530,0.9927486830981719,0.9876487861613830,0.9739079645283297,0.9739079645283297,0.9686862784329574,0.9055784356926192,1.0906803154321778,1.0906803154321778,0.9954666308524188,1.0586871490430885,0.9876182373637830,0.9876182373637830,0.9799813068248480,1.0040841817057333,0.9903636527145867,0.9903636527145867,0.9838336006859985,0.9876829609828054
215,1.0012321576079335,1.0012321576079335,1.0006499268928370,0.9977902471900254,1.0080121302141101,1.0080121302141101,1.0099980851049550,0.9994295816417488,1.0016935687342525,1.0016935687342525,0.9918501382580273,0.9857121944702338,0.9773091232621868,0.9773091232621868,0.9708323134306833,0.9023870804038976,1.0977707163148867,1.0977707163148867,1.0029234119344672,1.0627294523563069,0.9868173995023392,0.9868173995023392,0.9800890859923959,1.0030193113031987,0.9905954297936453,0.9905954297936453,0.9843348269062366,0.9877787050124529
216,1.0013206114991935,1.0013206114991935,1.0010484118746714,0.9975786448548838,1.0075458466280951,1.0075458466280951,1.0097406297747793,0.9984891990325135,1.0010206934470427,1.0010206934470427,0.9905112047426503,0.9833834432735578,0.9731792188441172,0.9731792188441172,0.9695592293779783,0.8972487504146631,1.1024283924064440,1.1024283924064440,1.0090062455181616,1.0631935826155692,0.9854782467184819,0.9854782467184819,0.9809290489412527,1.0013064275629351,0.9907793317433319,0.9907793317433319,0.9847685874557670,0.9876233346786276
217,1.0015920464191066,1.0015920464191066,1.0014062839257452,0.9973154632087535,1.0072842081127695,1.0072842081127695,1.0101660194446298,0.9989318666713538,1.0020254702545002,1.0020254702545002,0.9898082248233936,0.9818835548179619,0.9758754742134442,0.9758754742134442,0.9722258045102877,0.9027936081202146,1.1022519415524934,1.1022519415524934,1.0151244787153402,1.0611946579762461,0.9842722947260069,0.9842722947260069,0.9813661202615851,0.9995960893296097,0.9908396635412309,0.9908396635412309,0.9852337371854237,0.9872913828615516
218,1.0015389218413731,1.0015389218413731,1.0016028803038954,0.9970624543697212,1.0071980745383922,1.0071980745383922,1.0101764122377532,0.9982831344272720,1.0024306632959574,1.0024306632959574,0.9895426927534914,0.9808894934814896,0.9761709116529899,0.9761709116529899,0.9751603586963672,0.9053702874903645,1.1035779331768552,1.1035779331768552,1.0214241349316251,1.0564742422712485,0.9840349829712456,0.9840349829712456,0.9821840510049210,0.9977752033663913,0.9906795538284309,0.9906795538284309,0.9858031137396944,0.9870459853569920
219,1.0019779914153020,1.0019779914153020,1.0022258340516896,0.9973863549582169,1.0077707901652282,1.0077707901652282,1.0110318655849440,0.9989438140638008,1.0037739674218249,1.0037739674218249,0.9903575465905241,0.9804837337894841,0.9820661843501691,0.9820661843501691,0.9822856647698976,0.9140538998559090,1.1071664632657774,1.1071664632657774,1.0282304481159019,1.0538047398222770,0.9848718513915844,0.9848718513915844,0.9833415158992836,0.9959463172385095,0.9909847837295702,0.9909847837295702,0.9867019186860624,0.9867604095542765
220,1.0019328991953573,1.0019328991953573,1.0028243651586886,0.9969735217826701,1.0080238775883505,1.0080238775883505,1.0115348987674404,0.9986773425490846,1.0051279747601081,1.0051279747601081,0.9910792742747532,0.9802184677669737,0.9953204408485222,0.9953204408485222,0.9856064024690815,0.9192080100337621,1.1079223829004530,1.1079223829004530,1.0351237853499942,1.0503561615809722,0.9850739491440262,0.9850739491440262,0.9845087464198771,0.9951214517758745,0.9913177504792964,0.9913177504792964,0.9876315861484605,0.9863565962863770
221,1.0024520637841481,1.0024520637841481,1.0033059184805628,0.9973890968476301,1.0084246581476823,1.0084246581476823,1.0122291813387350,0.9989820010564817,1.0066508889838492,1.0066508889838492,0.9930724190135765,0.9796456378942808,1.0068352446326381,1.0068352446326381,0.9919461261110120,0.9236805663508026,1.1077480202222889,1.1077480202222889,1.0377691689659874,1.0487015673450306,0.9857573049281668,0.9857573049281668,0.9856938408908927,0.9939444578534373,0.9914482548432306,0.9914482548432306,0.9883029775381417,0.9865640594934759
222,1.0025570721688997,1.0025570721688997,1.0035916986593696,0.9973387494000011,1.0083976765460700,1.0083976765460700,1.0123633528478400,0.9986928071645416,1.0079628989553198,1.0079628989553198,0.9935390300528878,0.9790835384439474,1.0109775885218466,1.0109775885218466,0.9974437347538350,0.9248099769933618,1.1111068509747075,1.1111068509747075,1.0435776555451795,1.0407149102862956,0.9849852506860102,0.9849852506860102,0.9862049880589764,0.9919179919012946,0.9915240329101030,0.9915240329101030,0.9888281143083417,0.9866193046534399
223,1.0030843670710621,1.0030843670710621,1.0042629880670362,0.9977968436196279,1.0089686902564967,1.0089686902564967,1.0131379183713038,0.9989904312259186,1.0089212951756419,1.0089212951756419,0.9950995057844084,0.9789618853997575,1.0227048999379165,1.0227048999379165,1.0006616859666411,0.9319433736865180,1.1032135465021289,1.1032135465021289,1.0431476977397365,1.0341553030831496,0.9841572623184301,0.9841572623184301,0.9859119001790477,0.9898407370250015,0.9915638112049325,0.9915638112049325,0.9890686418010208,0.9865001054736723
224,1.0034885971093783,1.0034885971093783,1.0047964836024794,0.9979901666920157,1.0083856801108917,1.0083856801108917,1.0132458604501453,0.9982707962322684,1.0076981728349010,1.0076981728349010,0.9941827033169379,0.9766763054372247,1.0234191329058004,1.0234191329058004,0.9992219409681667,0.9356179033219899,1.0952836989532886,1.0952836989532886,1.0410517456246953,1.0256141007795818,0.9821559842213961,0.9821559842213961,0.9855200841997852,0.9869794660117028,0.9912504844692507,0.9912504844692507,0.9892324870013109,0.9863481011408893
225,1.0037451101288464,1.0037451101288464,1.0051535716201407,0.9984121394989395,1.0083038635927724,1.0083038635927724,1.0132759940513705,0.9987427740628594,1.0074385434822994,1.0074385434822994,0.9944141708204198,0.9753504744140850,1.0280227738497381,1.0280227738497381,0.9966632916465539,0.9357494048938114,1.0871137111890126,1.0871137111890126,1.0339983726379769,1.0163435509257446,0.9799776154170454,0.9799776154170454,0.9844458653143905,0.9853742208505457,0.9903646077258405,0.9903646077258405,0.9893602030446100,0.9858840204257563
226,1.0038102832432632,1.0038102832432632,1.0053321744314774,0.9984306571868599,1.0081221736385315,1.0081221736385315,1.0127378233302189,0.9980467547094198,1.0060006433457471,1.0060006433457471,0.9929275833390843,0.9734984783782801,1.0284540088492151,1.0284540088492151,0.9913866739494427,0.9340083240828936,1.0680883415991549,1.0680883415991549,1.0261905453888773,1.0077691964608009,0.9760499782887814,0.9760499782887814,0.9823325599794318,0.9817014179823843,0.9901719861081849,0.9901719861081849,0.9891477467482519,0.9862922148378696
227,1.0041612907482631,1.0041612907482631,1.0060960581851441,0.9989561462535104,1.0075277481999370,1.0075277481999370,1.0129260483612295,0.9984969034257737,1.0042836442035321,1.0042836442035321,0.9917582374493394,0.9725978715342163,1.0311284951440494,1.0311284951440494,0.9823987299049131,0.9386153877219688,1.0533928045023901,1.0533928045023901,1.0192610710493535,0.9984014504974752,0.9730268817070525,0.9730268817070525,0.9809719224222662,0.9789645131652155,0.9893579428199469,0.9893579428199469,0.9883782905038809,0.9862670499729344
228,1.0045705165213017,1.0045705165213017,1.0065305695022764,0.9995867013434687,1.0065923168271205,1.0065923168271205,1.0118993613749598,0.9980370963033762,1.0024169020228513,1.0024169020228513,0.9894158696375021,0.9705538508471209,1.0255742712805913,1.0255742712805913,0.9739827192381556,0.9343660083582483,1.0305325000808154,1.0305325000808154,1.0107718012406839,0.9885492309031338,0.9691288447546511,0.9691288447546511,0.9780505710632051,0.9756198382628664,0.9887120230345947,0.9887120230345947,0.9880690860130731,0.9862579671129790
229,1.0046582194197604,1.0046582194197604,1.0070446994124345,0.9998003302925245,1.0058014653287890,1.0058014653287890,1.0117431945364934,0.9978657572967423,1.0006138694398841,1.0006138694398841,0.9889182573920600,0.9708347134137582,1.0264253384310018,1.0264253384310018,0.9656327855983553,0.9373356895687565,1.0094189547045611,1.0094189547045611,0.9973265855442323,0.9799854248531733,0.9654365800592815,0.9654365800592815,0.9750534765543536,0.9721848584715147,0.9879576471886009,0.9879576471886009,0.9876331661407487,0.9861514305085609
230,1.0052141173520976,1.0052141173520976,1.0073448666043581,1.0003834387743777,1.0054324400390471,1.0054324400390471,1.0115104289635259,0.9976755481095145,1.0003779910253101,1.0003779910253101,0.9876540698677492,0.9706248463159866,1.0253275551030059,1.0253275551030059,0.9614280841163245,0.9361491696721491,0.9895771083822225,0.9895771083822225,0.9825332345675923,0.9699214835009541,0.9618284206911907,0.9618284206911907,0.9724791622054966,0.9689958231362520,0.9874336781881278,0.9874336781881278,0.9872621839514709,0.9862895434084710
231,1.0052429162934382,1.0052429162934382,1.0077655005300916,1.0005342029545707,1.0044733063669682,1.0044733063669682,1.0108464999467501,0.9975099036544206,0.9993527252112279,0.9993527252112279,0.9871101396147283,0.9700701084344809,1.0259101370013379,1.0259101370013379,0.9568041606077109,0.9400573963866867,0.9674518418374592,0.9674518418374592,0.9710644972906728,0.9655680019457304,0.9580082628221798,0.9580082628221798,0.9695436387791005,0.9660465503116568,0.9873650004223157,0.9873650004223157,0.9867231959155439,0.9865125009060820
232,1.0058270907373410,1.0058270907373410,1.0084544306895362,1.0011220004646957,1.0043667913058345,1.0043667913058345,1.0106945122208624,0.9974915917631936,0.9989040057726128,0.9989040057726128,0.9855016303938668,0.9697201219842733,1.0250466303797887,1.0250466303797887,0.9501949895336335,0.9407840365006952,0.9450081284852706,0.9450081284852706,0.9558574133314367,0.9560970322072118,0.9554534614365132,0.9554534614365132,0.9665434478521757,0.9636524404288497,0.9875839056105632,0.9875839056105632,0.9864106734409308,0.9865263923389550
233,1.0061699026252475,1.0061699026252475,1.0089368464481641,1.0014788434636765,1.0033428187695739,1.0033428187695739,1.0097596007463534,0.9969323533045905,0.9967210601165611,0.9967210601165611,0.9849378495661694,0.9683551124422868,1.0230625347331559,1.0230625347331559,0.9503924864253160,0.9399198833144390,0.9325824384683187,0.9325824384683187,0.9454086274180294,0.9520034937355035,0.9533231674005465,0.9533231674005465,0.9637135599192769,0.9616732481769903,0.9880555981254514,0.9880555981254514,0.9863105545962663,0.9870019602005022
234,1.0064698426197527,1.0064698426197527,1.0093124768560278,1.0017181428556434,1.0031450643848348,1.0031450643848348,1.0097324365145921,0.9963015979781158,0.9955684770424085,0.9955684770424085,0.9847069947347453,0.9674012278034854,1.0191306252307115,1.0191306252307115,0.9476950753470933,0.9398349708709199,0.9210536199516240,0.9210536199516240,0.9383331296728834,0.9488397226987462,0.9524429194121330,0.9524429194121330,0.9628994401520311,0.9613046345293970,0.9887742648550012,0.9887742648550012,0.9859324624416914,0.9875703335193584
235,1.0065027556955704,1.0065027556955704,1.0096544722305012,1.0019040350103461,1.0021256164556136,1.0021256164556136,1.0083853875561728,0.9953521710811403,0.9935404731279956,0.9935404731279956,0.9824532193024832,0.9657687063366343,1.0053881194901619,1.0053881194901619,0.9396300071123965,0.9341120224652444,0.9087573968334288,0.9087573968334288,0.9292487038625115,0.9447815967630531,0.9511851160771123,0.9511851160771123,0.9612037939779459,0.9608351703211993,0.9896114360244709,0.9896114360244709,0.9862425095950529,0.9883834097711307
236,1.0067833004846829,1.0067833004846829,1.0102399883828550,1.0022291277246738,1.0017844444807666,1.0017844444807666,1.0080201551121257,0.9953579772905538,0.9930863511154946,0.9930863511154946,0.9818825765477370,0.9654751169899894,0.9976559515548252,0.9976559515548252,0.9367152760344042,0.9360086508496883,0.9006166435301624,0.9006166435301624,0.9214644763557347,0.9440823875413072,0.9501273691030946,0.9501273691030946,0.9600549037797860,0.9609171114016902,0.9906988201424192,0.9906988201424192,0.9867833936217257,0.9892949014819491
237,1.0066303265162249,1.0066303265162249,1.0105149096989006,1.0022846410509072,1.0009355617838909,1.0009355617838909,1.0065455332434099,0.9947377736331092,0.9918920764805984,0.9918920764805984,0.9807074715406477,0.9651498354656788,0.9921328263692140,0.9921328263692140,0.9317719802288317,0.9404849643544952,0.8950735809051731,0.8950735809051731,0.9100171263452952,0.9452396993566107,0.9488726278552321,0.9488726278552321,0.9584591766350629,0.9606465603785307,0.9914149124938068,0.9914149124938068,0.9872011962491449,0.9897579136253227
238,1.0070285812639908,1.0070285812639908,1.0108636869623908,1.0028450196669012,1.0009280899557520,1.0009280899557520,1.0061557760071247,0.9949507610264975,0.9921115433028015,0.9921115433028015,0.9808124835313751,0.9661527556392151,0.9843861457175487,0.9843861457175487,0.9313204538779588,0.9438093240901450,0.8920613873332962,0.8920613873332962,0.9003191072345311,0.9455056701058309,0.9485900992801012,0.9485900992801012,0.9578150025828345,0.9610617204387106,0.9924323316568618,0.9924323316568618,0.9873989059508129,0.9903315229458002
239,1.0067827454030471,1.0067827454030471,1.0110108892355623,1.0028414432894057,1.0005692346543100,1.0005692346543100,1.0056432848330026,0.9944961459952102,0.9922226528412136,0.9922226528412136,0.9803160966300488,0.9666338778324418,0.9846142026884259,0.9846142026884259,0.9319760848232099,0.9470743202590868,0.8866154248823744,0.8866154248823744,0.8954258481622939,0.9496956512288144,0.9488187351212476,0.9488187351212476,0.9563263400476424,0.9614793047912128,0.9931422371962143,0.9931422371962143,0.9881297050505318,0.9912668438068546
240,1.0070122879853867,1.0070122879853867,1.0114164697197785,1.0035378832003341,1.0011828792952837,1.0011828792952837,1.0052335668353221,0.9953335242162932,0.9926807503326120,0.9926807503326120,0.9813874149905266,0.9681523573686370,0.9859037611964778,0.9859037611964778,0.9375471123848740,0.9512958964333363,0.8848968562101701,0.8848968562101701,0.8882758637304417,0.9573522935902167,0.9506785447915724,0.9506785447915724,0.9571191421673843,0.9635643174029370,0.9941848188296940,0.9941848188296940,0.9893940675459879,0.9926753816715854
241,1.0071703556441500,1.0071703556441500,1.0115444239726763,1.0037036284284797,1.0010615451083416,1.0010615451083416,1.0047175014201788,0.9953014784066457,0.9923012450009528,0.9923012450009528,0.9819814618178853,0.9687669859795900,0.9839279585306041,0.9839279585306041,0.9403818168413296,0.9559923811412503,0.8946883124725830,0.8946883124725830,0.8840492973788228,0.9692320692359784,0.9547830684880091,0.9547830684880091,0.9583142404506365,0.9664103153746058,0.9954744577222919,0.9954744577222919,0.9902995611263760,0.9942134838621506
242,1.0073205542044290,1.0073205542044290,1.0118624671264018,1.0038699697195415,1.0018400265800878,1.0018400265800878,1.0049462528455380,0.9957610622132964,0.9941525949428260,0.9941525949428260,0.9836446213863131,0.9709678455144254,0.9896148700862091,0.9896148700862091,0.9507559100735795,0.9622526073975112,0.9109416287059995,0.9109416287059995,0.8824194401746563,0.9817605724032090,0.9593124057428615,0.9593124057428615,0.9602757022070056,0.9696075933037639,0.9967786293948382,0.9967786293948382,0.9918706001249787,0.9954515845312476
243,1.0071130516282174,1.0071130516282174,1.0118913979593180,1.0038246689379335,1.0018333434449191,1.0018333434449191,1.0044895198313473,0.9955681732371086,0.9935537247243200,0.9935537247243200,0.9847063820626875,0.9717383147942944,0.9869445302817544,0.9869445302817544,0.9605455887118542,0.9648856445841560,0.9209074476465763,0.9209074476465763,0.8891217669943235,0.9922554918533146,0.9644044525478208,0.9644044525478208,0.9631107111390256,0.9730399063735612,0.9984297608080891,0.9984297608080891,0.9933454702596376,0.9968457501058137
244,1.0073627730606118,1.0073627730606118,1.0124989454505593,1.0042495425843816,1.0019401490771471,1.0019401490771471,1.0048647051619304,0.9957967927327640,0.9936457723510964,0.9936457723510964,0.9861010687353351,0.9726608815724889,0.9880018853285494,0.9880018853285494,0.9685834919465798,0.9681033001872420,0.9349326803159078,0.9349326803159078,0.8916122773013235,1.0058282881038856,0.9696746107558161,0.9696746107558161,0.9658933191498066,0.9771876281076453,0.9995487018196391,0.9995487018196391,0.9949532177457371,0.9982048665266695
245,1.0072074481581668,1.0072074481581668,1.0128000142809073,1.0042154080480648,1.0015348854209321,1.0015348854209321,1.0040225040006800,0.9950211054866992,0.9920759678634383,0.9920759678634383,0.9864761465691934,0.9723224989511117,0.9803847825012462,0.9803847825012462,0.9764473923436520,0.9674007060749381,0.9444850404507783,0.9444850404507783,0.8961626026179329,1.0173705144701839,0.9741774099219640,0.9741774099219640,0.9679635128177462,0.9803347231857334,1.0008083616633154,1.0008083616633154,0.9962427021185761,0.9992162162684094
246,1.0073755072863746,1.0073755072863746,1.0130552171566318,1.0042274485189657,1.0020190598843237,1.0020190598843237,1.0045380195325893,0.9952805983843319,0.9932507728452733,0.9932507728452733,0.9885088699229583,0.9742837955681579,0.9828436512963419,0.9828436512963419,0.9850550263885847,0.9717049403800471,0.9522749802219301,0.9522749802219301,0.8954973848812098,1.0252953879554456,0.9780254327841146,0.9780254327841146,0.9705533092569693,0.9829793836800419,1.0018047290565599,1.0018047290565599,0.9977702386628429,1.0003128380365540
247,1.0069977579072726,1.0069977579072726,1.0131044544549284,1.0041695112035411,1.0023145706872116,1.0023145706872116,1.0044254034462585,0.9952565919415647,0.9946461659382312,0.9946461659382312,0.9909270865355659,0.9758412040784938,0.9896832871774723,0.9896832871774723,0.9973894047538925,0.9757822405440696,0.9638612235727506,0.9638612235727506,0.9032712875007204,1.0308747460233636,0.9805334863058325,0.9805334863058325,0.9713604025370490,0.9845945684397202,1.0027653458111321,1.0027653458111321,0.9988208808681103,1.0011270897172617
248,1.0069638326237662,1.0069638326237662,1.0134477042828616,1.0042692921356613,1.0029459401649368,1.0029459401649368,1.0049846896835970,0.9962081961670702,0.9968780405653269,0.9968780405653269,0.9943132024652748,0.9791937124316598,1.0076603962181763,1.0076603962181763,1.0098074806866792,0.9853285032207637,0.9671824671610141,0.9671824671610141,0.9105400081361341,1.0319627396830631,0.9826079482859478,0.9826079482859478,0.9730017423018504,0.9856362868505776,1.0037306960997445,1.0037306960997445,0.9999795945458930,1.0016349818745325
249,1.0068839335200699,1.0068839335200699,1.0136413605357155,1.0043389122842377,1.0032481756131495,1.0032481756131495,1.0052796470503342,0.9970487008086065,0.9994796347298730,0.9994796347298730,0.9975700445907625,0.9824562599183017,1.0212225296272137,1.0212225296272137,1.0205589471617724,0.9946891608218010,0.9672064811825577,0.9672064811825577,0.9111617138479496,1.0324683101440453,0.9838183913395883,0.9838183913395883,0.9736729504657178,0.9858064721715973,1.0042629695459022,1.0042629695459022,1.0003728019600253,1.0015163704092327
250,1.0067194987484251,1.0067194987484251,1.0140433344662347,1.0044614230822173,1.0045126579951658,1.0045126579951658,1.0061449433074143,0.9973626827484272,1.0024577781007442,1.0024577781007442,1.0015008259799616,0.9855328965989509,1.0378292235974635,1.0378292235974635,1.0321437183657125,1.0057698589822648,0.9603395151089931,0.9603395151089931,0.9165852296305016,1.0307519323346304,0.9844488750854636,0.9844488750854636,0.9740873941155154,0.9856189531604737,1.0049715463739453,1.0049715463739453,1.0012005072534227,1.0016505295936327
251,1.0063709074811340,1.0063709074811340,1.0140937870163205,1.0041696701536520,1.0047537904932660,1.0047537904932660,1.0064415503238535,0.9976460704309538,1.0056160412462709,1.0056160412462709,1.0054302594906332,0.9884746543659908,1.0515509968861152,1.0515509968861152,1.0447805826766456,1.0127852799795583,0.9558927447718619,0.9558927447718619,0.9164753433303112,1.0319650000577023,0.9845252231252750,0.9845252231252750,0.9744753991186877,0.9852234298681037,1.0055821722651377,1.0055821722651377,1.0015112917365188,1.0011986840251454
252,1.0065084371193722,1.0065084371193722,1.0143784695483500,1.0045025116858861,1.0056445154277187,1.0056445154277187,1.0074785201265997,0.9985485451921916,1.0086782812861239,1.0086782812861239,1.0078762914146706,0.9913759858906537,1.0658024843207592,1.0658024843207592,1.0571979244202441,1.0221857637709189,0.9536615289440973,0.9536615289440973,0.9207712339250033,1.0324125542362768,0.9855376512093512,0.9855376512093512,0.9765866798725986,0.9852911888385097,1.0063777381617272,1.0063777381617272,1.0022665280502956,1.0013213560631313
253,1.0064428395307634,1.0064428395307634,1.0144532663358894,1.0041540533052555,1.0061723585755658,1.0061723585755658,1.0069007578125975,0.9981832006306364,1.0105307525169169,1.0105307525169169,1.0097210469810658,0.9912403583429261,1.0656469909315247,1.0656469909315247,1.0598674363093070,1.0310023805833914,0.9496741572799734,0.9496741572799734,0.9277272579746403,1.0332843053888197,0.9871290179054730,0.9871290179054730,0.9784074927926428,0.9852750672945669,1.0068488078431892,1.0068488078431892,1.0029157468815317,1.0012916497682185
254,1.0064179588127344,1.0064179588127344,1.0147545311745905,1.0040070641901966,1.0061139952957709,1.0061139952957709,1.0071422665289864,0.9983486775989202,1.0113727385602971,1.0113727385602971,1.0111246786657591,0.9920193121428001,1.0653826521698260,1.0653826521698260,1.0620905611718161,1.0348534980438808,0.9464207794047678,0.9464207794047678,0.9297863354923022,1.0346254610081167,0.9891391760552659,0.9891391760552659,0.9800279912819516,0.9863674534149587,1.0074319875413937,1.0074319875413937,1.0038413063639806,1.0011400194355513
255,1.0060452051683548,1.0060452051683548,1.0144593817965060,1.0041698688412906,1.0063621845204467,1.0063621845204467,1.0068561622823171,0.9974123146731250,1.0119962771350377,1.0119962771350377,1.0113931515615393,0.9907743336044142,1.0602047223083155,1.0602047223083155,1.0584431092837894,1.0342403250004155,0.9435860807747346,0.9435860807747346,0.9401303975491521,1.0326235225359415,0.9915636345975647,0.9915636345975647,0.9828917016276499,0.9865178807535524,1.0087004085752675,1.0087004085752675,1.0048685120169725,1.0015775995710496
256,1.0057732151668062,1.0057732151668062,1.0148978132807001,1.0040741808745262,1.0054993959212015,1.0054993959212015,1.0063779838219988,0.9975052698526772,1.0105965008217570,1.0105965008217570,1.0110904915649273,0.9891712584128747,1.0496819663475161,1.0496819663475161,1.0561568441510769,1.0341418866809378,0.9441300505670909,0.9441300505670909,0.9505836084142448,1.0324826258500939,0.9936973989989774,0.9936973989989774,0.9862769202326769,0.9874267479451522,1.0094261756058778,1.0094261756058778,1.0058775477586497,1.0012475711831408
257,1.0060358993879899,1.0060358993879899,1.0147063523214008,1.0040767638138282,1.0052357649183723,1.0052357649183723,1.0058267808682007,0.9965834224504156,1.0110885427868170,1.0110885427868170,1.0099189400557738,0.9875095402154180,1.0398361249411843,1.0398361249411843,1.0515358573992171,1.0334633385703382,0.9398315407107939,0.9398315407107939,0.9558043139112105,1.0326272898270068,0.9947889310013073,0.9947889310013073,0.9886253151551931,0.9878113619220722,1.0096594890073880,1.0096594890073880,1.0067655560910480,1.0011379891492083
258,1.0058470410243694,1.0058470410243694,1.0146190894026046,1.0036123115897650,1.0044186790012426,1.0044186790012426,1.0053214931644445,0.9961499665861255,1.0093029411497842,1.0093029411497842,1.0095105328619647,0.9869903624545217,1.0292294025501980,1.0292294025501980,1.0509727342917057,1.0304711142332321,0.9393585688951751,0.9393585688951751,0.9602034533785646,1.0284312810383187,0.9958736243423172,0.9958736243423172,0.9898355382498029,0.9871995917545603,1.0099005670656134,1.0099005670656134,1.0072377631195921,1.0010479619784738
259,1.0060074596171196,1.0060074596171196,1.0144228066378191,1.0036206167330599,1.0045660815663577,1.0045660815663577,1.0050161430045841,0.9946252783257232,1.0081166174726826,1.0081166174726826,1.0076807264937828,0.9852801078117421,1.0114129700117034,1.0114129700117034,1.0451652978113732,1.0284339670263274,0.9273682635296868,0.9273682635296868,0.9657855299298478,1.0222137438639147,0.9966450661670423,0.9966450661670423,0.9904494626793161,0.9869538897277035,1.0099824904222925,1.0099824904222925,1.0081626906051255,1.0007340690241329
260,1.0058717911349544,1.0058717911349544,1.0142722330209746,1.0032058364186545,1.0033536529203750,1.0033536529203750,1.0038381831406309,0.9937823172109735,1.0055004465521797,1.0055004465521797,1.0056853761355509,0.9845979773578079,0.9954386158243405,0.9954386158243405,1.0387631680884277,1.0263194217514362,0.9168741361151517,0.9168741361151517,0.9667767191074041,1.0141796189377552,0.9962482196713383,0.9962482196713383,0.9907444560472898,0.9865399418136845,1.0097773290916532,1.0097773290916532,1.0081959231095881,1.0002459454444119
261,1.0060374993291754,1.0060374993291754,1.0145130880852529,1.0032713636018749,1.0031756573700472,1.0031756573700472,1.0033118349090111,0.9930387316034929,1.0021005966121239,1.0021005966121239,1.0026021652712775,0.9821409601822322,0.9763875657753234,0.9763875657753234,1.0318316879606377,1.0246392073823329,0.9056564557906301,0.9056564557906301,0.9695342014994306,1.0053189503518380,0.9965363620729258,0.9965363620729258,0.9910232527668805,0.9850056072029524,1.0098012874174533,1.0098012874174533,1.0086158323933916,0.9996219529654758
262,1.0060233610733926,1.0060233610733926,1.0143709428275913,1.0028185942109633,1.0023846813412469,1.0023846813412469,1.0016221537074637,0.9916064960622127,0.9983768980449713,0.9983768980449713,1.0003056253293725,0.9812376083464021,0.9595756205312838,0.9595756205312838,1.0221660872952045,1.0226215975518131,0.9037008791666699,0.9037008791666699,0.9714597929745792,0.9946296386827556,0.9962432182623132,0.9962432182623132,0.9918398734871856,0.9835539409604077,1.0093502729723201,1.0093502729723201,1.0089490001005710,0.9992335271309126
263,1.0061121414832619,1.0061121414832619,1.0141929280413138,1.0030255075178334,1.0019197675903908,1.0019197675903908,1.0012593957379696,0.9911499270181421,0.9956881491507533,0.9956881491507533,0.9984767992364832,0.9806546719131150,0.9431161269695091,0.9431161269695091,1.0157551473019981,1.0235293341161589,0.9022621260498428,0.9022621260498428,0.9761981787378232,0.9914477846488842,0.9962797591690679,0.9962797591690679,0.9931016638520144,0.9834603632767701,1.0093858990443072,1.0093858990443072,1.0096418793853723,0.9988207912888216
264,1.0059558043731280,1.0059558043731280,1.0138649668649218,1.0030116391206569,1.0013600446424851,1.0013600446424851,1.0004076266084472,0.9900790721839137,0.9946107943695808,0.9946107943695808,0.9973705585687039,0.9806335853854553,0.9347474727609056,0.9347474727609056,1.0138161536554042,1.0257017400826514,0.9075326817347072,0.9075326817347072,0.9804018828390669,0.9817334479075379,0.9964043861164070,0.9964043861164070,0.9943938229325612,0.9829279886828108,1.0093084185660692,1.0093084185660692,1.0099413932568122,0.9987562495545502
265,1.0062116317035164,1.0062116317035164,1.0139456831047247,1.0030292031079118,1.0014784731184843,1.0014784731184843,1.0001577046785775,0.9904573690587759,0.9945536086346732,0.9945536086346732,0.9970577282159303,0.9807992830702595,0.9347225938186281,0.9347225938186281,1.0104939475778436,1.0285489369719771,0.9148548701297063,0.9148548701297063,0.9821519512306900,0.9822691566970436,0.9980150439616254,0.9980150439616254,0.9964225722355210,0.9837116411759681,1.0098365397893847,1.0098365397893847,1.0106195786133327,0.9987263295452854
266,1.0062076481764828,1.0062076481764828,1.0137027111502330,1.0025421799681002,1.0012955378595536,1.0012955378595536,0.9994628722240488,0.9900754991319670,0.9938940868791442,0.9938940868791442,0.9961280596352435,0.9816059363325029,0.9351393161017767,0.9351393161017767,1.0115313569010687,1.0341749499332815,0.9245544466575176,0.9245544466575176,0.9910416791668991,0.9852159317684316,0.9989166244905744,0.9989166244905744,0.9984888358343676,0.9849209994009069,1.0101361226674586,1.0101361226674586,1.0113235178441515,0.9991425382455946
267,1.0060268548225122,1.0060268548225122,1.0135368096801767,1.0026587301369210,1.0011844566812242,1.0011844566812242,0.9993927071233858,0.9898215332990644,0.9948299553857148,0.9948299553857148,0.9967490640331506,0.9830182345962822,0.9338259152740422,0.9338259152740422,1.0137801783851721,1.0403314778071915,0.9299931004931872,0.9299931004931872,0.9963132716082482,0.9817394755732426,1.0007101910087099,1.0007101910087099,1.0003294181928792,0.9868664939894874,1.0105986802920937,1.0105986802920937,1.0120892874398499,0.9993539017396156
268,1.0057481711894727,1.0057481711894727,1.0131128828141114,1.0023601026160591,1.0007191693389610,1.0007191693389610,0.9988421090411450,0.9892456578173342,0.9948345424767502,0.9948345424767502,0.9960656896197473,0.9839361847974152,0.9372364036112534,0.9372364036112534,1.0151920241944867,1.0453691151642883,0.9327599334101624,0.9327599334101624,0.9976473945414325,0.9810779392621511,1.0013979357844440,1.0013979357844440,1.0009697812690175,0.9879364554058987,1.0106437734321614,1.0106437734321614,1.0124864448347028,0.9998068693084503
269,1.0058855702202669,1.0058855702202669,1.0130238950218080,1.0024147814542101,1.0007927668461278,1.0007927668461278,0.9985739859762288,0.9892895393615553,0.9963487921952022,0.9963487921952022,0.9955091383223333,0.9863475352917873,0.9394288603994605,0.9394288603994605,1.0149680964920214,1.0497620191006827,0.9404538170951400,0.9404538170951400,1.0069796176461936,0.9821350411351140,1.0031789477452309,1.0031789477452309,1.0031488259415302,0.9897905541739316,1.0109708440254515,1.0109708440254515,1.0133777711509064,1.0001642531334014
270,1.0054608348132865,1.0054608348132865,1.0127008732559137,1.0020772906312321,1.0001442121636834,1.0001442121636834,0.9978755792806789,0.9885913985085223,0.9962996593534456,0.9962996593534456,0.9944827900909068,0.9867066301237651,0.9434633955387997,0.9434633955387997,1.0172543616247338,1.0521252902057050,0.9521737036962898,0.9521737036962898,1.0176238389257113,0.9819557180803989,1.0048798350920445,1.0048798350920445,1.0053042901994855,0.9912707058512622,1.0115316017203075,1.0115316017203075,1.0142110064173127,1.0007377021681150
271,1.0053986003663535,1.0053986003663535,1.0125954599636213,1.0020561502664818,1.0001627672035613,1.0001627672035613,0.9975113366264532,0.9886931188311313,0.9973492877176934,0.9973492877176934,0.9939197444696789,0.9882609193252757,0.9441942144682021,0.9441942144682021,1.0177851804079550,1.0574642540216614,0.9604251303162353,0.9604251303162353,1.0280298503061585,0.9795996542480720,1.0069046912601969,1.0069046912601969,1.0084712113303520,0.9930668640327941,1.0121815491618167,1.0121815491618167,1.0151821223440722,1.0014228703802799
272,1.0049832686953208,1.0049832686953208,1.0122074418278422,1.0017223550335823,0.9993607494731782,0.9993607494731782,0.9971881152614865,0.9881658145243024,0.9974098373193602,0.9974098373193602,0.9921709333475539,0.9880975923151788,0.9492581158442739,0.9492581158442739,1.0144380118979885,1.0582600263905704,0.9692789956505561,0.9692789956505561,1.0403806279523915,0.9791573742769893,1.0093594644653621,1.0093594644653621,1.0102384323991291,0.9953723660312241,1.0125326196031355,1.0125326196031355,1.0158830069231337,1.0021595437512509
273,1.0048544244520903,1.0048544244520903,1.0118955925380744,1.0017232689967199,0.9995677191126219,0.9995677191126219,0.9969745406133868,0.9885370211242077,0.9974639649935775,0.9974639649935775,0.9914783688532818,0.9889092364715427,0.9555421220145395,0.9555421220145395,1.0162492566257988,1.0628189980262366,0.9756479317990652,0.9756479317990652,1.0507128901380800,0.9770167994936058,1.0103239198506262,1.0103239198506262,1.0130446208244677,0.9961089872533303,1.0128718562093535,1.0128718562093535,1.0166554124864429,1.0022575317815934
274,1.0045432195655641,1.0045432195655641,1.0115249799440496,1.0013575645290564,0.9994497472483421,0.9994497472483421,0.9962558982148243,0.9887634074623963,0.9979290960245634,0.9979290960245634,0.9906752783197611,0.9891408139587390,0.9603966256264421,0.9603966256264421,1.0171699298680665,1.0649478206146399,0.9819176795977204,0.9819176795977204,1.0591166108808296,0.9714879231259644,1.0110191157051118,1.0110191157051118,1.0141281289640820,0.9970322789842473,1.0127538500361746,1.0127538500361746,1.0168889353466442,1.0024411658384564
275,1.0041752657447414,1.0041752657447414,1.0113054113869169,1.0014809495526460,0.9994876045109118,0.9994876045109118,0.9965903921860888,0.9892309189780539,0.9998897206684345,0.9998897206684345,0.9909602933611052,0.9921339779352211,0.9704197294965013,0.9704197294965013,1.0180627039211745,1.0736659991076345,0.9889631847010220,0.9889631847010220,1.0653911923708965,0.9677658395533087,1.0119433556790316,1.0119433556790316,1.0161568782670418,0.9985401888086674,1.0130016131731761,1.0130016131731761,1.0175960345620394,1.0025880944553820
276,1.0037519670196418,1.0037519670196418,1.0104388976595717,1.0013563326656969,0.9992035505111699,0.9992035505111699,0.9959912394142826,0.9892276808997271,1.0007727866604204,1.0007727866604204,0.9908328575730579,0.9939030003562709,0.9776221832858457,0.9776221832858457,1.0182278964885669,1.0757196779407112,0.9953143713553466,0.9953143713553466,1.0662120209085604,0.9671427296110848,1.0134831772413233,1.0134831772413233,1.0168496422644189,0.9998501551649782,1.0130797164848404,1.0130797164848404,1.0179295182676764,1.0028403308192022
277,1.0036858796531190,1.0036858796531190,1.0103488122204911,1.0011984952055686,0.9994547284671013,0.9994547284671013,0.9961360236698044,0.9900481987819363,1.0023876465755814,1.0023876465755814,0.9916714830859380,0.9958912478015683,0.9884269005924572,0.9884269005924572,1.0235896801315338,1.0844513823096646,1.0054044367552142,1.0054044367552142,1.0723413164849529,0.9708708408494453,1.0164226788436330,1.0164226788436330,1.0179404150772047,1.0010612103945427,1.0132684765352524,1.0132684765352524,1.0182989731310756,1.0030906437538554
278,1.0033520796788291,1.0033520796788291,1.0098378576456533,1.0011531546864332,0.9993865687904133,0.9993865687904133,0.9956099503798016,0.9898223149041777,1.0031835578378954,1.0031835578378954,0.9914077890322095,0.9974953211719320,0.9969697073970034,0.9969697073970034,1.0244758464819461,1.0858069756557569,1.0144451938224173,1.0144451938224173,1.0748303518080577,0.9738424800418651,1.0194991578114867,1.0194991578114867,1.0186882000418824,1.0038869655253209,1.0134200326689973,1.0134200326689973,1.0188198439220975,1.0036033444840440
279,1.0031422588204915,1.0031422588204915,1.0095719527138498,1.0012802750376291,0.9995845722360904,0.9995845722360904,0.9961386081210043,0.9905546788953882,1.0041582637152322,1.0041582637152322,0.9929441254846482,0.9996571269602736,1.0046624836737341,1.0046624836737341,1.0280183093160300,1.0865088183305076,1.0313761230985194,1.0313761230985194,1.0770059530534382,0.9793736167841456,1.0231728458447633,1.0231728458447633,1.0203063166711348,1.0059113708289895,1.0138139955722771,1.0138139955722771,1.0192929989460144,1.0041514683680584
280,1.0026727250603147,1.0026727250603147,1.0087179051177613,1.0011357099117613,0.9993171222988791,0.9993171222988791,0.9964259770991118,0.9907103299708184,1.0042656016454596,1.0042656016454596,0.9939008741702950,1.0004429432395636,1.0202833495562369,1.0202833495562369,1.0300402663409145,1.0859061654127882,1.0379444800346294,1.0379444800346294,1.0752912842752993,0.9851857934399081,1.0268090743451377,1.0268090743451377,1.0207960270987118,1.0084408774379925,1.0142749338300039,1.0142749338300039,1.0197531980331682,1.0050951775174244
281,1.0026910101024356,1.0026910101024356,1.0083266724449915,1.0010471349624597,0.9998500711959544,0.9998500711959544,0.9971219093201085,0.9915816521853955,1.0056898424442622,1.0056898424442622,0.9959666818151875,1.0021524492482250,1.0288914635842616,1.0288914635842616,1.0335283991750559,1.0849413195943942,1.0455778066218016,1.0455778066218016,1.0754107579708083,0.9901450553984547,1.0299663924139679,1.0299663924139679,1.0217831889990483,1.0110374157297048,1.0137379683720342,1.0137379683720342,1.0199223625408287,1.0055167825051190
282,1.0021942773421040,1.0021942773421040,1.0078653863868268,1.0013289932466212,1.0007011539311155,1.0007011539311155,0.9971991679144906,0.9919404089324239,1.0077088760473170,1.0077088760473170,0.9979289478822917,1.0035417893990495,1.0395821524054345,1.0395821524054345,1.0342691960661630,1.0848609157761948,1.0549265696174983,1.0549265696174983,1.0697630446361901,0.9979614309010316,1.0319971686172928,1.0319971686172928,1.0220772296229994,1.0133284931888178,1.0140495511741223,1.0140495511741223,1.0198947653421941,1.0059660100727954
283,1.0018753013126764,1.0018753013126764,1.0074381665804295,1.0013332054245603,1.0005067618690386,1.0005067618690386,0.9980105206263116,0.9927311141624523,1.0083067269122594,1.0083067269122594,0.9995903919689575,1.0057475150556525,1.0526073153103153,1.0526073153103153,1.0373505880899245,1.0844987228755205,1.0619292671171787,1.0619292671171787,1.0642628296910890,1.0050205808994550,1.0339509843633747,1.0339509843633747,1.0220149439825270,1.0144350614192945,1.0139656762727074,1.0139656762727074,1.0194238749738902,1.0061786558529278
284,1.0021043214652412,1.0021043214652412,1.0066074831800293,1.0014134752305670,1.0015251720443517,1.0015251720443517,0.9979350766466017,0.9931790855502761,1.0094506454811230,1.0094506454811230,1.0008283571291894,1.0078229783757078,1.0647834843099755,1.0647834843099755,1.0376574791706805,1.0864381832005006,1.0673574800739161,1.0673574800739161,1.0590590865089178,1.0099075108695452,1.0354352800785311,1.0354352800785311,1.0216532585329767,1.0163626162446906,1.0136792144188154,1.0136792144188154,1.0192794636787452,1.0069964872490298
285,1.0018777828541072,1.0018777828541072,1.0063295825370169,1.0010773752210593,1.0018629401863799,1.0018629401863799,0.9988324310962260,0.9948548469133019,1.0125758815711949,1.0125758815711949,1.0040497868097293,1.0123431064083901,1.0870719067228560,1.0870719067228560,1.0449949659196618,1.0938638891018775,1.0698246597655434,1.0698246597655434,1.0534025232709285,1.0120624013589774,1.0343731441129200,1.0343731441129200,1.0211933213561037,1.0166700165111480,1.0128521331508524,1.0128521331508524,1.0192959482649526,1.0071190524298397
286,1.0019230709852174,1.0019230709852174,1.0058822914752630,1.0013575645290564,1.0033760268946350,1.0033760268946350,1.0001679325067305,0.9961183115790347,1.0168188388435508,1.0168188388435508,1.0073987748127282,1.0158759108116628,1.1074591632966955,1.1074591632966955,1.0490278671316045,1.0987767878251320,1.0673355542281591,1.0673355542281591,1.0437730909112899,1.0124722826268975,1.0329176320170508,1.0329176320170508,1.0190640575587677,1.0157708464888371,1.0123025034132138,1.0123025034132138,1.0188654530328178,1.0068221497664740
287,1.0016297266666201,1.0016297266666201,1.0056693480004648,1.0011971043920982,1.0049035176271355,1.0049035176271355,1.0010205814494275,0.9980634475614836,1.0211348837664034,1.0211348837664034,1.0126275632238353,1.0218860702840531,1.1310247047464890,1.1310247047464890,1.0586229856349501,1.1132667581647646,1.0574292482974943,1.0574292482974943,1.0260054349100332,1.0103377355092185,1.0291478965165786,1.0291478965165786,1.0161907006798414,1.0141245095728182,1.0113393538027078,1.0113393538027078,1.0178106501811914,1.0063483450483299
288,1.0016897734388708,1.0016897734388708,1.0053157097298178,1.0014559149101785,1.0063305122711697,1.0063305122711697,1.0025571201702959,0.9995136600203708,1.0276509994851732,1.0276509994851732,1.0174780879063829,1.0272363087813456,1.1582453774658894,1.1582453774658894,1.0666696991399367,1.1261501550155142,1.0541153133244832,1.0541153133244832,1.0159172825589957,1.0080163307546937,1.0266937357288450,1.0266937357288450,1.0136399667455418,1.0120879828075384,1.0104032351629053,1.0104032351629053,1.0176855674583727,1.0058626257550678
289,1.0012265741397146,1.0012265741397146,1.0051543948552237,1.0011579629272880,1.0074311540661651,1.0074311540661651,1.0036310971146927,1.0015626378250220,1.0323716258373450,1.0323716258373450,1.0228995004124999,1.0327915482546421,1.1805275801432005,1.1805275801432005,1.0759990411570775,1.1334796769100728,1.0456623777411507,1.0456623777411507,1.0033312449814826,1.0065531149048765,1.0230698576466755,1.0230698576466755,1.0112596548982711,1.0105312234928256,1.0094625490779765,1.0094625490779765,1.0169183758696148,1.0052123998394371
290,1.0013134280897888,1.0013134280897888,1.0052349934900149,1.0014774129126784,1.0087719736256657,1.0087719736256657,1.0049739669605333,1.0033124841870062,1.0369299711022213,1.0369299711022213,1.0261369821009574,1.0364450075232807,1.1936273798749140,1.1936273798749140,1.0792918796671016,1.1417808075610048,1.0369640815029164,1.0369640815029164,0.9894781962380155,0.9992927915635585,1.0200421679342093,1.0200421679342093,1.0081803862174767,1.0084763933205130,1.0083702653370743,1.0083702653370743,1.0164569127886307,1.0049097803171583
291,1.0009964438238781,1.0009964438238781,1.0050763051273524,1.0014644584786396,1.0096307772499034,1.0096307772499034,1.0054423025109622,1.0042583938609717,1.0403739590515730,1.0403739590515730,1.0297602021170809,1.0401984094466845,1.2064130829603736,1.2064130829603736,1.0812727220974350,1.1478336370525644,1.0281728614421874,1.0281728614421874,0.9739370284265226,0.9958072938698125,1.0174419455890293,1.0174419455890293,1.0058299667139126,1.0058958553581274,1.0073373999050457,1.0073373999050457,1.0154993847955500,1.0045672496396638
292,1.0011596051729466,1.0011596051729466,1.0049084043720944,1.0015547024041056,1.0103423443496513,1.0103423443496513,1.0068819518059935,1.0061579176021627,1.0431431349419444,1.0431431349419444,1.0329582277250084,1.0434197820568314,1.2119631603334522,1.2119631603334522,1.0818211614211781,1.1547446082299537,1.0125929818998838,1.0125929818998838,0.9600316177547770,0.9898278494907444,1.0145169378659351,1.0145169378659351,1.0033071005422718,1.0038298734411326,1.0062437044083770,1.0062437044083770,1.0148081908358564,1.0039861068882820
293,1.0011336469435070,1.0011336469435070,1.0045834225226695,1.0015326480762177,1.0106470288970875,1.0106470288970875,1.0070870032639656,1.0068589057309656,1.0450418848245162,1.0450418848245162,1.0342017069337617,1.0457697445535201,1.2090906791229925,1.2090906791229925,1.0813175076379282,1.1582583302290266,0.9960253952106146,0.9960253952106146,0.9448304337311215,0.9822134007892751,1.0111819166723566,1.0111819166723566,0.9998803184792624,1.0010321188866760,1.0047232434479740,1.0047232434479740,1.0137687665758353,1.0033806007007846
294,1.0012367615203248,1.0012367615203248,1.0046634331324011,1.0016985919920021,1.0115615391511152,1.0115615391511152,1.0080646406657592,1.0087232572420559,1.0475222778503723,1.0475222778503723,1.0361595617620487,1.0482518409720518,1.2065571735010643,1.2065571735010643,1.0782970533168046,1.1602654199338007,0.9767943403057968,0.9767943403057968,0.9332599225654351,0.9744105875345337,1.0085137159922644,1.0085137159922644,0.9972312137246373,0.9986463728123806,1.0039376428862059,1.0039376428862059,1.0130761506230823,1.0032266729388346
295,1.0010381729021471,1.0010381729021471,1.0043978026122922,1.0014371190595641,1.0117404894350386,1.0117404894350386,1.0086296456887318,1.0100435557653167,1.0498395743060822,1.0498395743060822,1.0373720397646713,1.0509577789918929,1.2005820808640779,1.2005820808640779,1.0752626494011011,1.1642352645277061,0.9720239027217742,0.9720239027217742,0.9229291353636417,0.9742787323472432,1.0080535863619573,1.0080535863619573,0.9967494825282491,0.9975293801249182,1.0032261179799451,1.0032261179799451,1.0126406520820348,1.0033374304017024
296,1.0013167585796039,1.0013167585796039,1.0043620114870178,1.0018274210568903,1.0132001525721015,1.0132001525721015,1.0093115008989371,1.0116258036594237,1.0523087544427407,1.0523087544427407,1.0388201514407693,1.0549628467513283,1.1965900472511295,1.1965900472511295,1.0718655560263226,1.1692240584438407,0.9792813576673949,0.9792813576673949,0.9235471536157193,0.9764833510787393,1.0111629317319757,1.0111629317319757,0.9972595578593074,0.9986478273877739,1.0035448841275505,1.0035448841275505,1.0128891322025646,1.0042161703880936
297,1.0013113383706893,1.0013113383706893,1.0040456932067994,1.0017750867328750,1.0134139713873391,1.0134139713873391,1.0090689474044037,1.0124922687565105,1.0534832536185068,1.0534832536185068,1.0388909763306649,1.0569245176854336,1.1907341662125563,1.1907341662125563,1.0678649591386700,1.1683576509449247,0.9917206208269583,0.9917206208269583,0.9293630151143873,0.9847894744198237,1.0141601026424316,1.0141601026424316,0.9992646076547069,1.0002419208042488,1.0038832902891999,1.0038832902891999,1.0131563088985054,1.0048962628844011
298,1.0015123758784368,1.0015123758784368,1.0041993637556228,1.0020626672210289,1.0145192208096869,1.0145192208096869,1.0098704022180118,1.0134547037957298,1.0535993579893796,1.0535993579893796,1.0387522673767520,1.0584382558722143,1.1724668028452814,1.1724668028452814,1.0594357330665214,1.1658328207659501,1.0027221749575879,1.0027221749575879,0.9325733175622319,0.9877724154854398,1.0175358495952145,1.0175358495952145,1.0002997640351781,1.0021966277036538,1.0043604637382400,1.0043604637382400,1.0135545722879602,1.0060041580846082
299,1.0014982702745150,1.0014982702745150,1.0040803474836257,1.0019874440810435,1.0150187540309195,1.0150187540309195,1.0094351146499485,1.0136925908948720,1.0516852158680001,1.0516852158680001,1.0366882977480332,1.0583486693227493,1.1554900346086532,1.1554900346086532,1.0445852883525284,1.1569305400724053,1.0117775492552958,1.0117775492552958,0.9332658225010158,0.9918252672136413,1.0204465675782368,1.0204465675782368,1.0021174805371491,1.0036689004309371,1.0047785095340054,1.0047785095340054,1.0137128875152415,1.0065244456742888
300,1.0020651065802639,1.0020651065802639,1.0040223682127813,1.0022066760215085,1.0152612563641785,1.0152612563641785,1.0094544155514631,1.0139514138452648,1.0503466007685245,1.0503466007685245,1.0349143670715335,1.0587242341053251,1.1321349275456236,1.1321349275456236,1.0342655251202209,1.1476991297305297,1.0269220441461360,1.0269220441461360,0.9409534385626587,0.9959368886824637,1.0227268018153839,1.0227268018153839,1.0040484544847976,1.0044061277261240,1.0047960319144000,1.0047960319144000,1.0137604452831173,1.0071860518791578
301,1.0019586941654923,1.0019586941654923,1.0038077390661466,1.0019273609391215,1.0149686927823898,1.0149686927823898,1.0084350970005296,1.0135692647737724,1.0466003744876204,1.0466003744876204,1.0323107558941993,1.0581288204367365,1.1073098896430302,1.1073098896430302,1.0157492737884908,1.1340545266383215,1.0346075751279680,1.0346075751279680,0.9400212487409092,0.9990373692293216,1.0242889766139307,1.0242889766139307,1.0039995072606405,1.0047611653367128,1.0046721711070135,1.0046721711070135,1.0135042758667847,1.0073119830610100
302,1.0023954454572950,1.0023954454572950,1.0040509854323327,1.0020474080103821,1.0155065813880677,1.0155065813880677,1.0083048846507099,1.0142215142408644,1.0441335388641577,1.0441335388641577,1.0291144457680339,1.0570934594514163,1.0841289351759433,1.0841289351759433,0.9996000484001986,1.1224846426306814,1.0409441445517880,1.0409441445517880,0.9416496309611805,1.0055901953085498,1.0251648356107508,1.0251648356107508,1.0049208107304202,1.0054520886485452,1.0047978173702223,1.0047978173702223,1.0134613527429541,1.0077258943320364
303,1.0024326032750337,1.0024326032750337,1.0038211852391687,1.0019959479119767,1.0152263878328642,1.0152263878328642,1.0070900826100762,1.0134130554089755,1.0400789581303209,1.0400789581303209,1.0252846327339800,1.0551488823296742,1.0523046215126055,1.0523046215126055,0.9868978412514967,1.1055367200543149,1.0444032077419536,1.0444032077419536,0.9425235589190706,1.0083026448756673,1.0254036784090912,1.0254036784090912,1.0051711442223381,1.0054696647678814,1.0044647260538109,1.0044647260538109,1.0128254058469393,1.0074116273775795
304,1.0030255937213877,1.0030255937213877,1.0038371795207810,1.0022004769671833,1.0148353621602690,1.0148353621602690,1.0067993593442410,1.0141550219772928,1.0363480221528680,1.0363480221528680,1.0226664399616674,1.0542885769556343,1.0245013668948728,1.0245013668948728,0.9799678295020836,1.0930034931033876,1.0491224850192093,1.0491224850192093,0.9406141922667689,1.0080329068353817,1.0249311983605793,1.0249311983605793,1.0054285042014219,1.0045662522340064,1.0043970448214810,1.0043970448214810,1.0122039422135662,1.0073573439321990
305,1.0031761841039979,1.0031761841039979,1.0034277572728443,1.0023531485487069,1.0142020417051967,1.0142020417051967,1.0061470878520269,1.0136410607863275,1.0316329003099387,1.0316329003099387,1.0193224758695434,1.0526667859111423,0.9956666727952178,0.9956666727952178,0.9704534718094631,1.0781212723609501,1.0475135455757909,1.0475135455757909,0.9386178015646519,1.0047764604384144,1.0238415036105444,1.0238415036105444,1.0044850494331188,1.0025223313771439,1.0040370886232797,1.0040370886232797,1.0114333273081839,1.0069139400806115
306,1.0037028586208026,1.0037028586208026,1.0037620299182057,1.0027371720166525,1.0139001383382344,1.0139001383382344,1.0057969771969160,1.0141750645655565,1.0277500806515372,1.0277500806515372,1.0166139752358934,1.0509343217895259,0.9687269247990345,0.9687269247990345,0.9619155857374295,1.0647885158533474,1.0485137817774748,1.0485137817774748,0.9386259139760753,1.0007597747044412,1.0222755522378357,1.0222755522378357,1.0052543902313060,1.0012920030236179,1.0039631790566863,1.0039631790566863,1.0110894683198541,1.0067071180165683
307,1.0038105118062897,1.0038105118062897,1.0038026820506369,1.0029012880061614,1.0128781582894772,1.0128781582894772,1.0052881702404619,1.0142203976621309,1.0235733813608032,1.0235733813608032,1.0138439623276285,1.0491687929943607,0.9441268339995337,0.9441268339995337,0.9547844061503917,1.0489339349169833,1.0435856869215794,1.0435856869215794,0.9393302187860205,0.9955255004981175,1.0212831297898599,1.0212831297898599,1.0051323199034201,0.9991850505663775,1.0039447431872663,1.0039447431872663,1.0104077016474802,1.0062895201729718
308,1.0045979440844832,1.0045979440844832,1.0040226034228052,1.0030667550716130,1.0125464091201164,1.0125464091201164,1.0049421287212827,1.0143617565297742,1.0206401914820784,1.0206401914820784,1.0119051003331367,1.0480609392719387,0.9272205560993585,0.9272205560993585,0.9504754498036064,1.0417299030938201,1.0424351020632749,1.0424351020632749,0.9438790691187349,0.9901601245627164,1.0203548070330626,1.0203548070330626,1.0065052240398757,0.9975589564912493,1.0042180424947482,1.0042180424947482,1.0102059892986821,1.0058891263347025
309,1.0048277805335710,1.0048277805335710,1.0038007219671061,1.0031709071317831,1.0122292715257823,1.0122292715257823,1.0039402414688681,1.0141288940349322,1.0167021228605400,1.0167021228605400,1.0092119165009348,1.0462699569167582,0.9121003789301908,0.9121003789301908,0.9476796573741367,1.0322587841724524,1.0429550578340876,1.0429550578340876,0.9469234358783724,0.9818396855155833,1.0191563061193392,1.0191563061193392,1.0055480735762488,0.9961504426520402,1.0040886177087529,1.0040886177087529,1.0099034734418946,1.0053562295982603
310,1.0051938078945990,1.0051938078945990,1.0040497309788730,1.0032658003479933,1.0115445614971776,1.0115445614971776,1.0037065960827261,1.0142849359129191,1.0133322419152484,1.0133322419152484,1.0068645247782226,1.0449825557783472,0.8935313583878007,0.8935313583878007,0.9441415996751832,1.0297527399323096,1.0438091217307237,1.0438091217307237,0.9479677244761551,0.9766016440181942,1.0188182516970727,1.0188182516970727,1.0065584586121343,0.9949955097897352,1.0039860993267760,1.0039860993267760,1.0090811927886869,1.0046604290970886
311,1.0052451366199813,1.0052451366199813,1.0042442888701513,1.0036072649237440,1.0110867459830535,1.0110867459830535,1.0026334989515036,1.0143726990013613,1.0097733728192999,1.0097733728192999,1.0027068096587701,1.0429344176036024,0.8726641455525240,0.8726641455525240,0.9407702029219991,1.0227568563114011,1.0386774297356545,1.0386774297356545,0.9514531114204494,0.9750269163528398,1.0180725314044767,1.0180725314044767,1.0063343255808357,0.9942801011254485,1.0040478428804414,1.0040478428804414,1.0086649701535557,1.0043667855775893
312,1.0053244153383201,1.0053244153383201,1.0040272684216087,1.0036555857574589,1.0097876026205048,1.0097876026205048,1.0018310543480742,1.0139353909404409,1.0042351229739135,1.0042351229739135,1.0002187484315594,1.0411507968172498,0.8539385949983046,0.8539385949983046,0.9312573136077554,1.0183241261846836,1.0354188314209829,1.0354188314209829,0.9517466332155888,0.9725698891199591,1.0171075656713529,1.0171075656713529,1.0064498457935667,0.9935148732539402,1.0037892424418213,1.0037892424418213,1.0082467988612693,1.0039452340184827
313,1.0058694075491066,1.0058694075491066,1.0039113882832613,1.0041447944612953,1.0092727521515878,1.0092727521515878,1.0001211924318374,1.0132119595790974,1.0001914493232051,1.0001914493232051,0.9961917775292671,1.0377109478169733,0.8358422743591876,0.8358422743591876,0.9249836669927819,1.0114402067592119,1.0272300500746294,1.0272300500746294,0.9527024227796611,0.9697594899851402,1.0146618766580904,1.0146618766580904,1.0047162089515833,0.9920009026987145,1.0031983396091300,1.0031983396091300,1.0070622259763691,1.0032436632298101
314,1.0057067033260911,1.0057067033260911,1.0040327566554952,1.0039300925989911,1.0077203553252916,1.0077203553252916,0.9986039546124837,1.0130398389673501,0.9940596298978426,0.9940596298978426,0.9921317223358470,1.0349068139553093,0.8121450818398421,0.8121450818398421,0.9177526376761201,1.0059156378675984,1.0183573911582311,1.0183573911582311,0.9468142870701296,0.9632262538194524,1.0119975546217319,1.0119975546217319,1.0031826483543298,0.9908182116893202,1.0024595761210233,1.0024595761210233,1.0063316902086983,1.0025149507184470
315,1.0059163282732633,1.0059163282732633,1.0038579172045381,1.0044003067645744,1.0073404543745919,1.0073404543745919,0.9976253824091924,1.0122852550593457,0.9907750688458089,0.9907750688458089,0.9878569868533320,1.0309187152358836,0.8006748528273068,0.8006748528273068,0.9083440032266309,0.9974206363279238,1.0048093066560910,1.0048093066560910,0.9395662162092483,0.9589096917166700,1.0102455304193760,1.0102455304193760,1.0026857923465842,0.9902687458344892,1.0019415032769863,1.0019415032769863,1.0055022469237840,1.0019042619579162
316,1.0057427183286973,1.0057427183286973,1.0037526999205988,1.0045054920004655,1.0061680415193079,1.0061680415193079,0.9957832185868465,1.0120158804399229,0.9864390445931134,0.9864390445931134,0.9852447982671870,1.0284629457838381,0.7885702107866944,0.7885702107866944,0.9004903814781965,0.9913084432696563,0.9973231964618600,0.9973231964618600,0.9391827203965032,0.9552787765877979,1.0090472336447964,1.0090472336447964,1.0018470203277554,0.9892395125290913,1.0015924259026319,1.0015924259026319,1.0048919485692480,1.0015509387056512
317,1.0059765383048187,1.0059765383048187,1.0033283026344859,1.0047407779021320,1.0053848278897406,1.0053848278897406,0.9948968068135796,1.0112725739771253,0.9820767210184816,0.9820767210184816,0.9807107799697605,1.0248939573981908,0.7742834781838239,0.7742834781838239,0.8922652600004261,0.9860213286448751,0.9868092313773540,0.9868092313773540,0.9355476225868488,0.9556637937346860,1.0084423693614781,1.0084423693614781,1.0019948147442492,0.9897317650851177,1.0015309314823371,1.0015309314823371,1.0052057350376917,1.0012794146215727
318,1.0059557390694061,1.0059557390694061,1.0030644753912252,1.0048437775739982,1.0040623973294927,1.0040623973294927,0.9928960566665376,1.0102451540556248,0.9773649630423116,0.9773649630423116,0.9776441112510509,1.0217207469163079,0.7660236693476846,0.7660236693476846,0.8840269231172643,0.9783837173534773,0.9869199046940330,0.9869199046940330,0.9380897573301799,0.9553398067030581,1.0091480783818736,1.0091480783818736,1.0034895510225850,0.9914036782851360,1.0015897684800128,1.0015897684800128,1.0051465906597021,1.0015664329961633
319,1.0060851383942726,1.0060851383942726,1.0030987376513456,1.0053078324227840,1.0031631213028367,1.0031631213028367,0.9921840128667837,1.0095777191177593,0.9739809130824887,0.9739809130824887,0.9741887633787972,1.0178485617128334,0.7583557720132315,0.7583557720132315,0.8792356044736929,0.9703192895318241,0.9920714343590730,0.9920714343590730,0.9434874608945664,0.9658264381128198,1.0108516195375576,1.0108516195375576,1.0048998503619246,0.9939563368858162,1.0021824152462979,1.0021824152462979,1.0056142683770199,1.0020386882852561
320,1.0057729866037797,1.0057729866037797,1.0028458476741875,1.0051557966417037,1.0018444681668146,1.0018444681668146,0.9910632958474938,1.0086534152422844,0.9711812585205712,0.9711812585205712,0.9724114017387732,1.0150616464358857,0.7641857374869322,0.7641857374869322,0.8812773846066644,0.9681100631252214,1.0000962939061944,1.0000962939061944,0.9521537287706567,0.9737467908488029,1.0130995997899717,1.0130995997899717,1.0072010844553261,0.9960951687870936,1.0024539706201860,1.0024539706201860,1.0059236835334662,1.0025392072973867
321,1.0059039858698318,1.0059039858698318,1.0025597146803451,1.0057106914788716,1.0014968206075807,1.0014968206075807,0.9903470179468378,1.0085212681491911,0.9692304196709088,0.9692304196709088,0.9704736425539857,1.0132233753589124,0.7718909532348017,0.7718909532348017,0.8826495841998049,0.9668288620969026,1.0128874146857656,1.0128874146857656,0.9570263380683615,0.9862428953128708,1.0150922019733908,1.0150922019733908,1.0097401472753498,0.9995019055728915,1.0030878489592956,1.0030878489592956,1.0060974300187626,1.0029748105751302
322,1.0056347059727400,1.0056347059727400,1.0022435532068090,1.0056231894428187,1.0004478174470550,1.0004478174470550,0.9893467253558019,1.0075625736487288,0.9665131288769153,0.9665131288769153,0.9678126852720303,1.0115221043255498,0.7758280458502205,0.7758280458502205,0.8832185808208235,0.9664058027544137,1.0327741567875119,1.0327741567875119,0.9627773002756419,0.9909045412772475,1.0173794790110018,1.0173794790110018,1.0121831020421013,1.0017389213132188,1.0036004823914091,1.0036004823914091,1.0060580882107855,1.0034085972808824
323,1.0054418640820861,1.0054418640820861,1.0022805203822021,1.0059851188453484,0.9998914983319681,0.9998914983319681,0.9889096781613896,1.0077662934386302,0.9653379161536548,0.9653379161536548,0.9668547112422676,1.0092391445824305,0.7878974427226063,0.7878974427226063,0.8883490948694408,0.9629612130102413,1.0486714390493479,1.0486714390493479,0.9663946982785543,0.9992490909871994,1.0186920937061545,1.0186920937061545,1.0138382565952293,1.0036698701478661,1.0036279285843970,1.0036279285843970,1.0063141522942989,1.0037234519498071
324,1.0049817667097181,1.0049817667097181,1.0019194337941375,1.0061692625488312,0.9986181742866544,0.9986181742866544,0.9884726859553008,1.0068720813600194,0.9634380449821632,0.9634380449821632,0.9646226244008558,1.0073917651236870,0.7963614662099403,0.7963614662099403,0.8921008016222219,0.9618971774348163,1.0613268284028032,1.0613268284028032,0.9691706179692704,1.0011071189406748,1.0189108287988227,1.0189108287988227,1.0150942114029202,1.0046588602007152,1.0037854223968063,1.0037854223968063,1.0061071206381305,1.0036726413626447
325,1.0049271074945210,1.0049271074945210,1.0018195087357318,1.0063610755951653,0.9981647588491007,0.9981647588491007,0.9881909807745038,1.0066755076740115,0.9636525169719056,0.9636525169719056,0.9645276602318783,1.0062036827782761,0.8089305151730665,0.8089305151730665,0.8960896514828599,0.9662217005538634,1.0730216568945163,1.0730216568945163,0.9694589773207767,1.0052571667783647,1.0190150418317736,1.0190150418317736,1.0155936874567280,1.0052346296272421,1.0034238053094682,1.0034238053094682,1.0056156903700793,1.0037166665191344
326,1.0044627000765101,1.0044627000765101,1.0015786536714535,1.0060752832957589,0.9969630813336066,0.9969630813336066,0.9878039729543889,1.0064494004805060,0.9626741414217406,0.9626741414217406,0.9637456456171499,1.0047716704827205,0.8240703881715372,0.8240703881715372,0.9049336944464610,0.9674548095787733,1.0703634091184338,1.0703634091184338,0.9672870635351342,1.0062848837810170,1.0170019236643946,1.0170019236643946,1.0149977460706399,1.0050282011360052,1.0029767354760348,1.0029767354760348,1.0049550955943678,1.0036001921973534
327,1.0044986171235335,1.0044986171235335,1.0015367862872331,1.0064509618828819,0.9967871612910951,0.9967871612910951,0.9879063062242431,1.0061516089323193,0.9638581205856462,0.9638581205856462,0.9632241391614490,1.0033290525371585,0.8437278624385691,0.8437278624385691,0.9134201872753058,0.9731732493591293,1.0719358054855903,1.0719358054855903,0.9622529435009078,1.0048977672107215,1.0150016662630799,1.0150016662630799,1.0139725935024051,1.0054531795800903,1.0022810720610316,1.0022810720610316,1.0037766320129822,1.0038316982690403
328,1.0041629559931706,1.0041629559931706,1.0014230622407696,1.0063886931769350,0.9959112554824509,0.9959112554824509,0.9875035167553113,1.0059094788339902,0.9645857351592114,0.9645857351592114,0.9633427524718622,1.0018111968627283,0.8681890458103537,0.8681890458103537,0.9276406976656419,0.9754576195210586,1.0710619039189835,1.0710619039189835,0.9604195385192075,1.0073691101496509,1.0124507435211469,1.0124507435211469,1.0121711927418198,1.0045686765263286,1.0014457278696125,1.0014457278696125,1.0028724024264246,1.0037401216692545
329,1.0041751351372976,1.0041751351372976,1.0013254500809303,1.0068788953189647,0.9959397314496907,0.9959397314496907,0.9882323869820269,1.0060923186015778,0.9664235276986911,0.9664235276986911,0.9648761480984228,1.0021707907841182,0.8888033227324755,0.8888033227324755,0.9390676181940736,0.9819891147340486,1.0686542372372683,1.0686542372372683,0.9584828846648451,1.0090515823394770,1.0112899062794696,1.0112899062794696,1.0119257420630174,1.0053226314385386,1.0010584085228804,1.0010584085228804,1.0024867263088661,1.0038974688608349
330,1.0039175119545580,1.0039175119545580,1.0009453506826160,1.0066225882651310,0.9956034576732903,0.9956034576732903,0.9879071860374176,1.0059633537578747,0.9672709163159575,0.9672709163159575,0.9661008795422036,1.0005027091966578,0.9136211042769047,0.9136211042769047,0.9523806707475335,0.9865353119313093,1.0696440325600203,1.0696440325600203,0.9598841193652596,1.0109819422814088,1.0096708787293520,1.0096708787293520,1.0116625465267954,1.0058662789917963,1.0005413737345539,1.0005413737345539,1.0016075659332819,1.0042740335488682
331,1.0036279879036896,1.0036279879036896,1.0011727203722016,1.0072231812591839,0.9951981940170752,0.9951981940170752,0.9890513280824774,1.0057996074866276,0.9686129972175488,0.9686129972175488,0.9669424458809617,0.9993700257759857,0.9324295846387159,0.9324295846387159,0.9686451638384064,0.9911889646986870,1.0698664232812714,1.0698664232812714,0.9642707214695049,1.0159464784474470,1.0094955232047584,1.0094955232047584,1.0126810298868725,1.0069403617051553,1.0004370283745263,1.0004370283745263,1.0016579676872768,1.0046937151073958
332,1.0032581076230720,1.0032581076230720,1.0011139178662745,1.0070967364459593,0.9946314558527503,0.9946314558527503,0.9895466628996976,1.0053610711891008,0.9690364366877912,0.9690364366877912,0.9674273145475990,0.9976116090049422,0.9499671656991834,0.9499671656991834,0.9853398917936882,0.9947244783868046,1.0665639732750856,1.0665639732750856,0.9681418167023870,1.0202577663427379,1.0090697910201953,1.0090697910201953,1.0129636375825533,1.0076538309355842,1.0002032582285032,1.0002032582285032,1.0014822198784152,1.0051760149710276
333,1.0031790574677597,1.0031790574677597,1.0011016085417004,1.0071509384337778,0.9947256839076113,0.9947256839076113,0.9903671436732036,1.0052483525659681,0.9703255112040848,0.9703255112040848,0.9705592941076828,0.9966997726491070,0.9725375494578758,0.9725375494578758,1.0028958236669763,0.9951092144140768,1.0696617820542045,1.0696617820542045,0.9699545719095549,1.0178753314729529,1.0087218358494507,1.0087218358494507,1.0139342455554985,1.0087174891919577,1.0000291140024962,1.0000291140024962,1.0016267365063791,1.0057210399969396
334,1.0029347235924189,1.0029347235924189,1.0009864340334240,1.0069479591421526,0.9944153124687585,0.9944153124687585,0.9908965162626105,1.0044624486244931,0.9720611645165105,0.9720611645165105,0.9721190346327340,0.9961496513446628,0.9878505384296944,0.9878505384296944,1.0200222548650439,0.9992548953954467,1.0642899498436997,1.0642899498436997,0.9693653158434332,1.0178353981876591,1.0074506614005059,1.0074506614005059,1.0140024858461119,1.0078378347228407,0.9993993878862291,0.9993993878862291,1.0015229836794517,1.0059219314877179
335,1.0027691133537806,1.0027691133537806,1.0013077309258109,1.0070516740895179,0.9945356089017925,0.9945356089017925,0.9917878219966604,1.0046590223105010,0.9745868168405821,0.9745868168405821,0.9753464684994416,0.9968436351721335,1.0098362670448651,1.0098362670448651,1.0390318813313861,1.0043661736327636,1.0504505648193576,1.0504505648193576,0.9717503648019283,1.0183665862278863,1.0056709763441540,1.0056709763441540,1.0138608842657644,1.0079825649744771,0.9991108083986874,0.9991108083986874,1.0015887640250520,1.0064251753578350
336,1.0022986326896368,1.0022986326896368,1.0012771144210582,1.0069222886992415,0.9941655873682986,0.9941655873682986,0.9927802512574495,1.0040043721991323,0.9749497067091577,0.9749497067091577,0.9766664091810231,0.9957482586850129,1.0286043191254752,1.0286043191254752,1.0517304175341460,1.0053956430807383,1.0507282921989483,1.0507282921989483,0.9709516610226920,1.0168385729717435,1.0035723238754890,1.0035723238754890,1.0133393760064358,1.0083523907682317,0.9987119043502251,0.9987119043502251,1.0015032337758487,1.0068021674745722
337,1.0021744576625193,1.0021744576625193,1.0013513231835383,1.0066361784996134,0.9939833162718692,0.9939833162718692,0.9935884696348364,1.0038564255169622,0.9761313413598676,0.9761313413598676,0.9785779460017315,0.9953249060912323,1.0416533243500388,1.0416533243500388,1.0648716698175178,1.0071111750148452,1.0516533540723219,1.0516533540723219,0.9712665700843115,1.0131360793126281,1.0031164811672033,1.0031164811672033,1.0141193160818736,1.0085500918071084,0.9984446257658646,0.9984446257658646,1.0017501865705001,1.0068309654834895
338,1.0016785411987108,1.0016785411987108,1.0012663731633087,1.0063366370156137,0.9939841879851521,0.9939841879851521,0.9935335362997562,1.0030299339385296,0.9761809838784059,0.9761809838784059,0.9792733287874701,0.9943182427471055,1.0544068921350565,1.0544068921350565,1.0715021323780591,1.0011748183440419,1.0570596411833022,1.0570596411833022,0.9816747939406014,1.0140379687936947,1.0035951874596036,1.0035951874596036,1.0154200498586230,1.0094113216545768,0.9992418940738196,0.9992418940738196,1.0023993000689171,1.0075015476911380
339,1.0013123832302391,1.0013123832302391,1.0014625775247528,1.0061722031258831,0.9930111899208602,0.9930111899208602,0.9945231061677283,1.0020091018315558,0.9748652022987506,0.9748652022987506,0.9807051433868277,0.9924905773201386,1.0548267242859899,1.0548267242859899,1.0819966326372086,0.9942878931683570,1.0659490055059917,1.0659490055059917,0.9893638849861396,1.0076968644723443,1.0037705429841970,1.0037705429841970,1.0174593984388334,1.0103141281153709,0.9995375323401932,0.9995375323401932,1.0030318236483076,1.0079200538207300
340,1.0012697072480032,1.0012697072480032,1.0013849582169287,1.0060993245000331,0.9930428206599810,0.9930428206599810,0.9942020293473744,1.0010147884694991,0.9736523754290003,0.9736523754290003,0.9810602481115976,0.9896579953619871,1.0564127568561823,1.0564127568561823,1.0878620700634254,0.9849114553787010,1.0698956577422809,1.0698956577422809,0.9970839506934763,1.0014936430039891,1.0036628595857999,1.0036628595857999,1.0186430637938155,1.0107064998277222,0.9996682443152696,0.9996682443152696,1.0035288892221867,1.0081795564725147
341,1.0010828732997605,1.0010828732997605,1.0014727699591135,1.0057317921060942,0.9920867172293141,0.9920867172293141,0.9944449127718483,1.0003422730983969,0.9714073511409366,0.9714073511409366,0.9824062886228465,0.9879811797098156,1.0551864323264191,1.0551864323264191,1.0936247210032648,0.9797317963240368,1.0773567098270753,1.0773567098270753,1.0010922194286096,0.9953815899794176,1.0026964648786689,1.0026964648786689,1.0199119997388133,1.0105255264058686,0.9999095715068655,0.9999095715068655,1.0041238089851172,1.0084093528293863
342,1.0009424702977605,1.0009424702977605,1.0011653504581255,1.0055683516545566,0.9920168141260604,0.9920168141260604,0.9947585111802194,0.9992909025630655,0.9702862660918934,0.9702862660918934,0.9821847464067029,0.9855210432254145,1.0485344251349651,1.0485344251349651,1.0977714215394110,0.9726938322001454,1.0816197206950036,1.0816197206950036,1.0078122460550190,0.9893162513640575,1.0026732950858384,1.0026732950858384,1.0211733137316308,1.0100981236694613,1.0002310365993186,1.0002310365993186,1.0043767657504639,1.0086552846198258
343,1.0006090947976629,1.0006090947976629,1.0013795091847129,1.0051503128628776,0.9913611196967278,0.9913611196967278,0.9947307420769006,0.9987058153067853,0.9679222832429792,0.9679222832429792,0.9837047857824008,0.9836432193125354,1.0414729520185266,1.0414729520185266,1.1012852509951470,0.9627072271172373,1.0892405182274574,1.0892405182274574,1.0143766618804873,0.9842168461778766,1.0027357616638659,1.0027357616638659,1.0220098229834060,1.0110518402690221,1.0009582153856951,1.0009582153856951,1.0048734626594755,1.0088763186882699
344,1.0008187197448348,1.0008187197448348,1.0011798550762543,1.0050612610632432,0.9910844960149684,0.9910844960149684,0.9949140731471283,0.9977386906368860,0.9680297231085632,0.9680297231085632,0.9832356015204462,0.9804551609206436,1.0368413222645267,1.0368413222645267,1.1064803736923445,0.9552386892753243,1.0912691810039414,1.0912691810039414,1.0181260709420177,0.9770348824907199,1.0028530396020254,1.0028530396020254,1.0221491617967000,1.0103449166278631,1.0013253134071851,1.0013253134071851,1.0048345421827753,1.0089422495658285
345,1.0005066985617856,1.0005066985617856,1.0011364980285504,1.0046826021615409,0.9904054313676242,0.9904054313676242,0.9946472148136504,0.9972871461971154,0.9674303432132755,0.9674303432132755,0.9840341582807384,0.9793924747900130,1.0335386426771849,1.0335386426771849,1.1105426424718237,0.9507323182683867,1.0926014371556625,1.0926014371556625,1.0170264704481660,0.9695733858065073,1.0014549926751586,1.0014549926751586,1.0218555975447601,1.0098873314520445,1.0017588885163806,1.0017588885163806,1.0045541462180232,1.0092839788145034
346,1.0006363917534005,1.0006363917534005,1.0014455639997046,1.0043141558044641,0.9904485604200473,0.9904485604200473,0.9950362022134078,0.9973440358835801,0.9683459265839343,0.9683459265839343,0.9854800643374281,0.9785767131459995,1.0320096243497119,1.0320096243497119,1.1118025111191372,0.9472253592072932,1.0850704311820236,1.0850704311820236,1.0153885008325763,0.9596480807654965,0.9992092579533274,0.9992092579533274,1.0196603562238644,1.0080538391687504,1.0015942528806825,1.0015942528806825,1.0045000051489461,1.0091467742005888
347,1.0004604308748475,1.0004604308748475,1.0013929945594056,1.0039637105474475,0.9901138640295872,0.9901138640295872,0.9948789905967969,0.9965497576016049,0.9682261525402330,0.9682261525402330,0.9874749245580134,0.9776536472783929,1.0293392845452571,1.0293392845452571,1.1150395512508420,0.9506827233898711,1.0715776833382233,1.0715776833382233,1.0108846375086646,0.9465687996444982,0.9965154378106781,0.9965154378106781,1.0175725367915081,1.0053174192100460,1.0014145861982950,1.0014145861982950,1.0040808331948772,1.0085190417204948
348,1.0006696313478274,1.0006696313478274,1.0014848440736639,1.0036597979353978,0.9901638422578042,0.9901638422578042,0.9956252921220312,0.9969057229017998,0.9686674306978351,0.9686674306978351,0.9897440167917236,0.9760768990533396,1.0258686720975421,1.0258686720975421,1.1172590051674089,0.9488634930734137,1.0507930256483267,1.0507930256483267,1.0056727819150701,0.9355720770244760,0.9919069966375720,0.9919069966375720,1.0142325735275510,1.0020630491966995,1.0012140753572392,1.0012140753572392,1.0035667563706947,1.0083928968242906
349,1.0004603002674037,1.0004603002674037,1.0012086683041586,1.0035224253020487,0.9895034156706505,0.9895034156706505,0.9956014821779975,0.9964071146684182,0.9688115672917019,0.9688115672917019,0.9920754790409301,0.9752731155552156,1.0255659782998321,1.0255659782998321,1.1226068392157962,0.9526845530317724,1.0291292459523569,1.0291292459523569,1.0006157996304685,0.9233976992173968,0.9888922697607423,0.9888922697607423,1.0107165908054330,0.9983970343470403,1.0010087479376861,1.0010087479376861,1.0030276630019486,1.0078224932190913
350,1.0002889759531028,1.0002889759531028,1.0013751577992742,1.0032871791379099,0.9895604921355994,0.9895604921355994,0.9959818364109805,0.9969572530103444,0.9690487708659085,0.9690487708659085,0.9947196491084984,0.9749145198126498,1.0279014890061351,1.0279014890061351,1.1240113431332266,0.9548584618733715,1.0074759071353194,1.0074759071353194,0.9961679856945738,0.9105761008052747,0.9859793062471370,0.9859793062471370,1.0084875270717377,0.9953655780127220,1.0009261602253523,1.0009261602253523,1.0027062399041118,1.0076058402948611
351,0.9998522246613000,0.9998522246613000,1.0012740566907499,1.0029860481528012,0.9889198658930134,0.9889198658930134,0.9962852069911985,0.9968206954312545,0.9690449992577238,0.9690449992577238,0.9966146437836431,0.9746470078877851,1.0223928765368524,1.0223928765368524,1.1261199344823436,0.9592438514342333,0.9840517952514175,0.9840517952514175,0.9913639631479945,0.8935765766015787,0.9819568464865404,0.9819568464865404,1.0046988213731722,0.9919429621122134,1.0006040307772446,1.0006040307772446,1.0021972190552517,1.0072898101970011
352,0.9998011244989441,0.9998011244989441,1.0014302753481634,1.0028999369302187,0.9890983595652171,0.9890983595652171,0.9966477999957222,0.9972773203042619,0.9695209354364820,0.9695209354364820,0.9990656996185553,0.9744753211300362,1.0224571471377359,1.0224571471377359,1.1260604651580823,0.9603882908278577,0.9604929960292932,0.9604929960292932,0.9845429001247659,0.8825512225694589,0.9797928694918334,0.9797928694918334,1.0012097536696904,0.9891821780156708,1.0004422186530793,1.0004422186530793,1.0020145719467315,1.0069816875301612
353,0.9993832459827590,0.9993832459827590,1.0010578594772903,1.0028232037641795,0.9883579429068223,0.9883579429068223,0.9965973757031610,0.9967815593466502,0.9697253158259466,0.9697253158259466,1.0008914623511551,0.9734676596070854,1.0174575163625477,1.0174575163625477,1.1257080543476450,0.9612486868263476,0.9413371154527856,0.9413371154527856,0.9807507165302755,0.8711378375575989,0.9777474973397210,0.9777474973397210,0.9988877973937991,0.9865108503058180,1.0005140105860231,1.0005140105860231,1.0018073296249246,1.0067675457495657
354,0.9991226188288138,0.9991226188288138,1.0011577061323549,1.0029746037448162,0.9886814730652306,0.9886814730652306,0.9971066225662023,0.9968937196804163,0.9711089863529252,0.9711089863529252,1.0035138212934616,0.9741666343286766,1.0163089385274018,1.0163089385274018,1.1264862948873609,0.9640898722152471,0.9294992469197044,0.9294992469197044,0.9809173897104300,0.8685926557137870,0.9776422636110506,0.9776422636110506,0.9976249351919450,0.9857315615388408,1.0011358890011182,1.0011358890011182,1.0023542702887023,1.0072047518849483
355,0.9986542278837696,0.9986542278837696,1.0007745882054031,1.0026148201687837,0.9885999056080491,0.9885999056080491,0.9975279431001211,0.9966782758138145,0.9712236636288093,0.9712236636288093,1.0054889534737819,0.9745478138671381,1.0112346709253810,1.0112346709253810,1.1222727831350690,0.9646962823207330,0.9345797786080069,0.9345797786080069,0.9834580494698659,0.8749405411590551,0.9797964419268513,0.9797964419268513,0.9979162366768314,0.9878753632393787,1.0022074116278088,1.0022074116278088,1.0029368661117846,1.0082990762238102
356,0.9987130012334441,0.9987130012334441,1.0008668297363676,1.0025507632740891,0.9886190002799593,0.9886190002799593,0.9978956500187213,0.9965218989622076,0.9721366986155595,0.9721366986155595,1.0076919996596485,0.9753119197570033,1.0072519669157867,1.0072519669157867,1.1215532777304260,0.9680724912475581,0.9370573991785662,0.9370573991785662,0.9847796350399411,0.8831803601773877,0.9824017677506284,0.9824017677506284,0.9986480631791318,0.9899898310028180,1.0031593917588688,1.0031593917588688,1.0036074675053217,1.0095254226035530
357,0.9983235298362682,0.9983235298362682,1.0005463168773931,1.0024100526884108,0.9880954326782139,0.9880954326782139,0.9980719425835535,0.9963511182449403,0.9733286287372599,0.9733286287372599,1.0099887846703766,0.9758058935025905,1.0079527237899371,1.0079527237899371,1.1202442184074890,0.9705214262336528,0.9503632552894842,0.9503632552894842,0.9919082322053134,0.8953306273216480,0.9862632637962750,0.9862632637962750,1.0004036131336331,0.9932452919477094,1.0045825661380761,1.0045825661380761,1.0043928816718037,1.0108720901634112
358,0.9982441531623468,0.9982441531623468,1.0006812490276611,1.0021091601284686,0.9886007358111757,0.9886007358111757,0.9986462406331812,0.9965620957966085,0.9752316599047981,0.9752316599047981,1.0123494101095398,0.9775014250077143,1.0050916454280214,1.0050916454280214,1.1196186892189626,0.9777029149302181,0.9627419613512421,0.9627419613512421,1.0003119529480629,0.9056575255902349,0.9903829958589309,0.9903829958589309,1.0028103636275290,0.9965630572052818,1.0058695476080550,1.0058695476080550,1.0053814828465530,1.0124869158063055
359,0.9979476416132393,0.9979476416132393,1.0004654830325783,1.0018110889329948,0.9883371878286591,0.9883371878286591,0.9986410167424579,0.9963280608940963,0.9755843562377394,0.9755843562377394,1.0134605521537825,0.9784726530035848,1.0028214419451968,1.0028214419451968,1.1158633115202394,0.9783641799770924,0.9795517764317333,0.9795517764317333,1.0094575905900847,0.9194427970568968,0.9939770696260939,0.9939770696260939,1.0050599113577086,0.9996431206006607,1.0068095278151008,1.0068095278151008,1.0060867914040217,1.0135329407016398
360,0.9977809212113296,0.9977809212113296,1.0000364991510031,1.0013009385520466,0.9881526336736317,0.9881526336736317,0.9986817081017766,0.9955658842507052,0.9768841339664490,0.9768841339664490,1.0139205463348684,0.9788301257949734,0.9973149027211040,0.9973149027211040,1.1084516716632284,0.9809318420966030,0.9953352531132106,0.9953352531132106,1.0186887772980262,0.9361605278888978,0.9977517044660194,0.9977517044660194,1.0072240694048693,1.0032379824706628,1.0077921513507371,1.0077921513507371,1.0068756288871283,1.0150185760188155
