1,1.05327322367533,1.05327322367533,1.02595258328551,1.06052677058497,0.777520883855129,0.777520883855129,0.766382392469871,0.799431853197685,0.0195907666575174,0.0195907666575174,0.0239914425136966,0.0259049675932938,0.0806976090720482,0.0806976090720482,0.101254015519301,0.116164006673828,0.0617591790998377,0.0617591790998377,0.0802775885207884,0.100423119878658,0.0158164240199671,0.0158164240199671,0.0189187879711504,0.0217552215345383,0.776608218870854,0.776608218870854,0.76578588974466,0.796410278177049
2,1.05311060141721,1.05311060141721,1.02507714871001,1.0596428617897,0.83861360121319,0.83861360121319,0.827148775647464,0.862932091856694,0.334467634519805,0.334467634519805,0.321058711806557,0.339220239259908,1.33396921771346,1.33396921771346,1.21231627858993,1.33583324052123,2.21366999175016e-05,2.21366999175016e-05,0.0274672530137321,0.038214905123554,2.49974351210271e-06,2.49974351210271e-06,0.00432458911300655,0.00558868501135116,0.794222100682178,0.794222100682178,0.781922976755291,0.813092911904317
3,1.05302479652677,1.05302479652677,1.02432889179826,1.05886362546107,0.872669142913079,0.872669142913079,0.861325111599426,0.898606186517025,0.531010860034332,0.531010860034332,0.506685995409857,0.534761941978964,2.06019517553406,2.06019517553406,1.85903003406374,2.04621295057038,2.21366999175016e-05,2.21366999175016e-05,0.0272815071610507,0.0381675899294266,2.49974351210271e-06,2.49974351210271e-06,0.00430227462894976,0.00557154010928763,0.813199806524313,0.813199806524313,0.801303135057169,0.833242571633219
4,1.0509220713337,1.0509220713337,1.02313195819277,1.05762630370399,0.89830948881016,0.89830948881016,0.887017763711947,0.925383930186241,0.686742629676915,0.686742629676915,0.654207377734354,0.690298678517477,2.59000026240413,2.59000026240413,2.33140629425823,2.56420958492765,2.21366999175016e-05,2.21366999175016e-05,0.0273645144651794,0.0382937637804329,2.49974351210271e-06,2.49974351210271e-06,0.00432469437000682,0.00560007807530304,0.83508239435292,0.83508239435292,0.82130296590452,0.854046252626797
5,1.05076961125936,1.05076961125936,1.0214441749895,1.05589415361493,0.91456219264584,0.91456219264584,0.903590331664406,0.942660010171626,0.80459162027483,0.80459162027483,0.764434907985718,0.806435101350683,2.94272762190602,2.94272762190602,2.64649814423989,2.9097607629941,4.42733998350032e-06,4.42733998350032e-06,0.0271195748792259,0.0379197484363783,0,0,0.00430922159096744,0.00553658663153233,0.854695648893216,0.854695648893216,0.840658091233771,0.874193551090509
6,1.04848680779893,1.04848680779893,1.01923516105035,1.05362132721964,0.921623822256726,0.921623822256726,0.910573546018082,0.949876150684582,0.882732346669146,0.882732346669146,0.83752934943319,0.883976358538975,3.1341520946243,3.1341520946243,2.82024023250507,3.10227574189293,4.42733998350032e-06,4.42733998350032e-06,0.0271195748792259,0.0381210257701266,0,0,0.0043322728740261,0.0055918927672211,0.873615335835558,0.873615335835558,0.859810728680465,0.894133451761678
7,1.04404822817529,1.04404822817529,1.01658947027338,1.05081528063904,0.940973824742482,0.940973824742482,0.928969419180807,0.969096527233111,0.994140730838171,0.994140730838171,0.944956706173456,0.996810349412225,3.42718142430142,3.42718142430142,3.08348865546598,3.38904680391066,4.42733998350032e-06,4.42733998350032e-06,0.0271093690631445,0.0380376609042831,0,0,0.00430880056296636,0.00557795562102753,0.895444118041617,0.895444118041617,0.878526495799568,0.913558596621372
8,1.02658306751748,1.02658306751748,1.00075278180925,1.03461513731734,0.940564564498799,0.940564564498799,0.930776437273646,0.97095568699981,1.06884111681493,1.06884111681493,1.01772761849501,1.07400114969757,3.56403198126117,3.56403198126117,3.2216162546828,3.54448499045491,4.42733998350032e-06,4.42733998350032e-06,0.027161758919029,0.0381705940687362,0,0,0.00433658841103709,0.00559642787034758,0.903389495552868,0.903389495552868,0.886597145103148,0.921976851375789
9,1.0240746745043,1.0240746745043,0.997090571445568,1.03075734752751,0.944536491617004,0.944536491617004,0.933689526039487,0.974124510966708,1.12413146564462,1.12413146564462,1.06775292019834,1.12639240483224,3.62973652545965,3.62973652545965,3.27466756588704,3.59964826061296,4.42733998350032e-06,4.42733998350032e-06,0.0270685457988189,0.0378746863467332,0,0,0.00431395815597949,0.0055840392959533,0.922389545578437,0.922389545578437,0.904587713157007,0.9405926233985
10,1.02183068949319,1.02183068949319,0.995403377830599,1.02900268568878,0.959177428965286,0.959177428965286,0.949447387321157,0.990492099280755,1.21517417122491,1.21517417122491,1.15418337017225,1.21723484398692,3.7819649534421,3.7819649534421,3.42295941832907,3.76198138752069,4.42733998350032e-06,4.42733998350032e-06,0.0274794999930298,0.0386843018906907,0.0156462071101899,0.0156462071101899,0.0214207468675181,0.0235862970749224,0.941640147459961,0.941640147459961,0.922373616548082,0.959015460377957
11,1.02185784328532,1.02185784328532,0.997557872193144,1.03121998549132,0.962557132030539,0.962557132030539,0.950979579100249,0.992646023646565,1.25277441890961,1.25277441890961,1.19620844631996,1.26390189154091,3.80038810071391,3.80038810071391,3.43270920818551,3.78204191672822,4.42733998350032e-06,4.42733998350032e-06,0.0273549890368368,0.0382126520190717,0.059039176619796,0.059039176619796,0.0633893442993328,0.0679049840109547,0.958307250617801,0.958307250617801,0.939777731615607,0.977126118422054
12,1.02681458501077,1.02681458501077,1.00011217678413,1.03384923597418,0.97824495797989,0.97824495797989,0.96558205732877,1.00735723351387,1.33892829364602,1.33892829364602,1.26988586322129,1.33924438047865,3.89346419379857,3.89346419379857,3.51518741857334,3.86377244133681,4.42733998350032e-06,4.42733998350032e-06,0.0273964926889011,0.0380864781680653,0.100327283975227,0.100327283975227,0.106165157666202,0.11312803687777,0.979622358350328,0.979622358350328,0.95695143922808,0.99498397351172
13,1.02124363215621,1.02124363215621,0.996340823222241,1.03003869218127,0.975405548873395,0.975405548873395,0.962136605337009,1.00374103632563,1.36785274413993,1.36785274413993,1.29950947164645,1.37043844505816,3.84453299579576,3.84453299579576,3.47128161373069,3.81480862190558,4.42733998350032e-06,4.42733998350032e-06,0.0273162069357275,0.0377575249136559,0.142567637374799,0.142567637374799,0.148973495446154,0.157960517814351,0.989807403533864,0.989807403533864,0.967754799501951,1.00630073048019
14,1.02319081037503,1.02319081037503,0.999456693324938,1.03322001823214,0.987886242642328,0.987886242642328,0.974557361543461,1.01675264605763,1.43409491095857,1.43409491095857,1.36312755808758,1.43753974470379,3.86787790217608,3.86787790217608,3.50591217903208,3.85380175801119,4.42733998350032e-06,4.42733998350032e-06,0.0275114782167515,0.0385025514624554,0.185390821597616,0.185390821597616,0.191606475063659,0.202660264025279,1.00889517261031,1.00889517261031,0.983942236385692,1.0230473151397
15,1.02556829697784,1.02556829697784,1.00222307629439,1.03605158768816,0.987736253061753,0.987736253061753,0.975256204166586,1.01746692757821,1.46246460382774,1.46246460382774,1.39069528799903,1.46688221496704,3.78481616796946,3.78481616796946,3.44441728624897,3.79004529370013,4.42733998350032e-06,4.42733998350032e-06,0.0273100834460786,0.0381345443970201,0.22831126146645,0.22831126146645,0.235041407766206,0.248227210443807,1.02513186532284,1.02513186532284,0.999884028352782,1.03965488031112
16,1.02794228691527,1.02794228691527,1.00497371378816,1.03885494576363,0.98810373443976,0.98810373443976,0.975401134454581,1.01752081096503,1.48980113283456,1.48980113283456,1.41680713684385,1.49410892918693,3.70851120955087,3.70851120955087,3.36739060063274,3.70091994555171,4.42733998350032e-06,4.42733998350032e-06,0.0272964756913034,0.0382772410142297,0.271361609880928,0.271361609880928,0.278788637988547,0.294165592869621,1.03900200855483,1.03900200855483,1.01532426176245,1.05567232595709
17,1.025774381694,1.025774381694,1.00303681218873,1.03691911452547,1.00103902370083,1.00103902370083,0.986522930403492,1.02927590819848,1.55275355414954,1.55275355414954,1.4751410625681,1.55572708494961,3.70391399241009,3.70391399241009,3.35659270324569,3.69021105393716,4.42733998350032e-06,4.42733998350032e-06,0.0270195578816282,0.0378731842770784,0.312655419776246,0.312655419776246,0.321724547252824,0.33935280736051,1.0485200436011,1.0485200436011,1.02419970457354,1.06492799357262
18,1.0283899693554,1.0283899693554,1.00609292578348,1.0401012292045,1.00379183661302,1.00379183661302,0.98809355977971,1.03073818102092,1.57578981377221,1.57578981377221,1.49904884142887,1.58080357195535,3.58316337088503,3.58316337088503,3.26482559719241,3.58853016927684,4.42733998350032e-06,4.42733998350032e-06,0.0274060181172438,0.0383177968949103,0.361626645050094,0.361626645050094,0.365491144763215,0.385456333907491,1.06748013656294,1.06748013656294,1.03883027038083,1.08014802028663
19,1.02514509119541,1.02514509119541,1.00691338992074,1.04060917744154,0.995964479808665,0.995964479808665,0.982040966258694,1.02410764996417,1.58044443790709,1.58044443790709,1.50509999313409,1.58742918892706,3.42099190585391,3.42099190585391,3.13312183878862,3.44490181645518,4.42733998350032e-06,4.42733998350032e-06,0.0272998776299972,0.0383080334421539,0.402990369646766,0.402990369646766,0.408473998649611,0.43052718428889,1.07518304342213,1.07518304342213,1.05084278475031,1.09200629407207
20,1.02845807237732,1.02845807237732,1.00767635185825,1.04165443239171,1.01140135634006,1.01140135634006,0.99567198057547,1.03864926566054,1.63659081225821,1.63659081225821,1.55851089140925,1.64364709576509,3.37688571253992,3.37688571253992,3.08225277622793,3.38876875794601,4.42733998350032e-06,4.42733998350032e-06,0.0273869672605585,0.0384379624672974,0.45262137097384,0.45262137097384,0.451903247474143,0.476156737253018,1.08775660238397,1.08775660238397,1.06011889708736,1.10229934419452
21,1.03166333987474,1.03166333987474,1.0111971997574,1.04533191310374,1.01450072666942,1.01450072666942,0.997479850609837,1.04059241243269,1.65740405986786,1.65740405986786,1.57817218361004,1.66421079062048,3.22991022022249,3.22991022022249,2.96228099410492,3.25631620411349,4.42733998350032e-06,4.42733998350032e-06,0.0271467903887763,0.0382051416707975,0.494513088270459,0.494513088270459,0.497066079093087,0.523199361983994,1.10376083961167,1.10376083961167,1.07349506962735,1.11622047828179
22,1.03495624254839,1.03495624254839,1.01365151710961,1.04784562955922,1.01080844172734,1.01080844172734,0.992442420589476,1.03527091841743,1.65931596730242,1.65931596730242,1.58013972576681,1.66626956370806,3.06312108140185,3.06312108140185,2.80752569808973,3.08645035485866,4.42733998350032e-06,4.42733998350032e-06,0.0275380133385631,0.0387316170848181,0.543591490047388,0.543591490047388,0.541467271058093,0.569939351540481,1.11738188146021,1.11738188146021,1.08641397635544,1.12966650613557
23,1.03827291161957,1.03827291161957,1.01861474075397,1.05294145804084,1.02039455066469,1.02039455066469,1.0017293850604,1.04497964900581,1.69194790999997,1.69194790999997,1.61301620371868,1.7008562246364,2.92818626195175,2.92818626195175,2.69919439621551,2.96739946663265,4.42733998350032e-06,4.42733998350032e-06,0.0272427250599414,0.0383643610542103,0.588418921748018,0.588418921748018,0.586885140388686,0.617619102954592,1.13100257795815,1.13100257795815,1.09886553783273,1.14257318166548
24,1.03652908634707,1.03652908634707,1.01676291327759,1.05104179615843,1.0221445326887,1.0221445326887,1.00245007747798,1.04571614239777,1.71039036116321,1.71039036116321,1.62854982944742,1.71727986153163,2.78455902543764,2.78455902543764,2.55644966141432,2.81104994884035,4.42733998350032e-06,4.42733998350032e-06,0.0273502263226654,0.0384762652434957,0.627707937346629,0.627707937346629,0.628654170547993,0.661744660864799,1.1345647657302,1.1345647657302,1.10371332204414,1.14765236147576
25,1.03894489968064,1.03894489968064,1.01920051406751,1.05355311088266,1.01940080063741,1.01940080063741,0.997399617763683,1.04048903577009,1.70701645738211,1.70701645738211,1.62659419156041,1.71519916290344,2.59948495994473,2.59948495994473,2.38376660557909,2.62104113087364,4.42733998350032e-06,4.42733998350032e-06,0.0271311414707848,0.0382517058300975,0.676661742532877,0.676661742532877,0.673815423311933,0.708941589714347,1.1478666000247,1.1478666000247,1.11508837105584,1.15948111944632
26,1.03645221434399,1.03645221434399,1.0176205561592,1.05197969013683,1.01941740859971,1.01941740859971,0.998377446179776,1.0415344048324,1.71951872378471,1.71951872378471,1.63910001633938,1.72854700992415,2.4111262201243,2.4111262201243,2.2288488016862,2.45263146304558,4.42733998350032e-06,4.42733998350032e-06,0.0276080932756554,0.0385423563083086,0.716507107296901,0.716507107296901,0.714856390800387,0.751949521234555,1.15120351560427,1.15120351560427,1.11867352809212,1.16321221360506
27,1.03962953583603,1.03962953583603,1.02196620340367,1.05641256909863,1.02433989123201,1.02433989123201,1.00126457578615,1.04461140230983,1.72818234222662,1.72818234222662,1.65078044132977,1.74097117026658,2.25364485647684,2.25364485647684,2.06970511016662,2.27859792212104,4.42733998350032e-06,4.42733998350032e-06,0.0273658752406569,0.0381255319790911,0.765627770362582,0.765627770362582,0.760012801742315,0.799385704427093,1.16181258224714,1.16181258224714,1.12899004673576,1.17387922910202
28,1.03242695149599,1.03242695149599,1.01539045576803,1.04967528276788,1.02436544194325,1.02436544194325,1.00178721685582,1.04512190950914,1.7389528842228,1.7389528842228,1.66019671871302,1.75070083409293,2.04032458214385,2.04032458214385,1.89996016944815,2.09169932181829,4.42733998350032e-06,4.42733998350032e-06,0.0274413982796593,0.0382712327356104,0.800585355390598,0.800585355390598,0.795423046001438,0.836592685987176,1.15682654851103,1.15682654851103,1.12385890252418,1.16864676382647
29,1.033929315633,1.033929315633,1.01624213340334,1.05029693684881,1.02126948988472,1.02126948988472,0.996345966551692,1.03944774323948,1.73293291304329,1.73293291304329,1.65333173772441,1.74340537426859,1.84039290796493,1.84039290796493,1.71041726270354,1.88385284346123,4.42733998350032e-06,4.42733998350032e-06,0.0271256983688747,0.0379114870532767,0.844636069911826,0.844636069911826,0.837845090590407,0.880684064705528,1.1629762065386,1.1629762065386,1.13035924149947,1.17441061215587
30,1.03191455342853,1.03191455342853,1.01560641849291,1.04991929149403,1.01695760019507,1.01695760019507,0.992684221640504,1.03635099026232,1.72008605050283,1.72008605050283,1.64911184097539,1.74140393588343,1.60734578966524,1.60734578966524,1.52372234065612,1.6793436661301,8.85467996700064e-06,8.85467996700064e-06,0.027042691064746,0.0375757744854205,0.891974650204332,0.891974650204332,0.878732277601469,0.924397149455768,1.16983345339824,1.16983345339824,1.13415739174897,1.17931230353268
31,1.03224217458453,1.03224217458453,1.01720572877002,1.05150429073531,1.02763406847059,1.02763406847059,1.00121756865954,1.04456013208434,1.73831592004319,1.73831592004319,1.66540511487186,1.75623931944735,1.42065841333447,1.42065841333447,1.34478751117249,1.48403099023379,8.85467996700064e-06,8.85467996700064e-06,0.027340020506584,0.0380511795311766,0.929724370618381,0.929724370618381,0.917391489687861,0.964902478336059,1.16961056412487,1.16961056412487,1.13464205659897,1.17988358212965
32,1.03821417856818,1.03821417856818,1.02201330110407,1.05649078667472,1.03206732403863,1.03206732403863,1.00404400996068,1.04749074026352,1.74520276832165,1.74520276832165,1.66877213188247,1.75984636399809,1.2165441838134,1.2165441838134,1.15097365159141,1.27097658355218,8.85467996700064e-06,8.85467996700064e-06,0.0272066645097871,0.0379340180980993,0.972864553565326,0.972864553565326,0.961382495122823,1.01083245422925,1.17750061647096,1.17750061647096,1.14208337980998,1.18733711247478
33,1.03684698240247,1.03684698240247,1.0201821785814,1.05458979846312,1.02852644432463,1.02852644432463,0.999037450292114,1.04226332005648,1.73298178417657,1.73298178417657,1.65717114286041,1.74747250342527,1.00453037058727,1.00453037058727,0.949105409970513,1.04907566860421,8.85467996700064e-06,8.85467996700064e-06,0.0273155265479887,0.0381946271832136,1.01449270415539,1.01449270415539,0.999351431801458,1.05088482585825,1.17711106100091,1.17711106100091,1.14158702659658,1.18705927027072
34,1.03914150515547,1.03914150515547,1.02311229368899,1.05762010221881,1.02510009394738,1.02510009394738,0.993987541834094,1.03700208554171,1.71471530032071,1.71471530032071,1.64354264531333,1.73327600900961,0.766896539912367,0.766896539912367,0.741343185154669,0.821037507282703,8.85467996700064e-06,8.85467996700064e-06,0.0270923593696755,0.0379024746353477,1.0637853808215,1.0637853808215,1.04318834098803,1.09691921973562,1.18482539896477,1.18482539896477,1.1482409705419,1.1939911577809
35,1.03722145341109,1.03722145341109,1.02135459225008,1.0558093760863,1.02224870362899,1.02224870362899,0.989062417752667,1.03183617915261,1.70161541646561,1.70161541646561,1.63027739487633,1.71913567680757,0.546925090329389,0.546925090329389,0.536460354121622,0.596417587591396,8.85467996700064e-06,8.85467996700064e-06,0.0280231297962989,0.0384687548952215,1.10075830593916,1.10075830593916,1.08019249200221,1.1359889119457,1.18449741950563,1.18449741950563,1.14650957847671,1.19220043329224
36,1.04134027937585,1.04134027937585,1.02704189968603,1.06167845449178,1.02478985997374,1.02478985997374,0.99225223717214,1.03528821754549,1.69306929172272,1.69306929172272,1.62891296530264,1.71813753709035,0.325008047587251,0.325008047587251,0.326025625804266,0.36526471190569,8.85467996700064e-06,8.85467996700064e-06,0.0277809117613004,0.0381751002777008,1.14885876118396,1.14885876118396,1.12313745336851,1.18076863082883,1.18699565116766,1.18699565116766,1.15176044560086,1.19756075123924
37,1.04156881924003,1.04156881924003,1.02810520483817,1.06279576137959,1.03030574061059,1.03030574061059,0.994835875138093,1.03783510911356,1.69120485018119,1.69120485018119,1.62465590943119,1.71318388915042,0.0874720770968212,0.0874720770968212,0.114874633773808,0.132315404475282,8.85467996700064e-06,8.85467996700064e-06,0.027668647784405,0.0381931251135588,1.17938844116521,1.17938844116521,1.15874526501713,1.21811697487174,1.18628554127625,1.18628554127625,1.14870561847806,1.19440270662635
38,1.03582098428883,1.03582098428883,1.02202561309497,1.05653871375961,1.03692057805466,1.03692057805466,1.00035645623264,1.0436040286134,1.6705076910303,1.6705076910303,1.60676279068233,1.69430482620587,0,0,0.0283193875128162,0.0376973369872937,8.85467996700064e-06,8.85467996700064e-06,0.0274842627072011,0.0379760760484348,1.21096410757231,1.21096410757231,1.18513119510129,1.24599912073015,1.17450808450372,1.17450808450372,1.13690321072194,1.1821722384153
39,1.03089104122543,1.03089104122543,1.0178046464344,1.05217777919526,1.03956797701899,1.03956797701899,1.00432710511866,1.04774766628643,1.63702401660098,1.63702401660098,1.57567807221222,1.66157937400196,0,0,0.0283166562879807,0.0377318116891111,8.85467996700064e-06,8.85467996700064e-06,0.0278564348003027,0.0380977436904766,1.24454925529519,1.24454925529519,1.21873396615181,1.28134637817156,1.16855303153588,1.16855303153588,1.1326298598843,1.17776124746084
40,1.03396985509731,1.03396985509731,1.01974539769859,1.05416469203101,1.06087865131252,1.06087865131252,1.02341540628595,1.06759671719005,1.62784420657241,1.62784420657241,1.56746379231056,1.652950442663,0,0,0.0282729566906131,0.0376890930368591,8.85467996700064e-06,8.85467996700064e-06,0.0277761490471291,0.0381232788746089,1.2832511436364,1.2832511436364,1.25154762547132,1.31594622849528,1.16478508387992,1.16478508387992,1.12777005606033,1.17272540670541
41,1.03499566198707,1.03499566198707,1.02225406121908,1.05675587328114,1.0827313804922,1.0827313804922,1.04272200494097,1.08775396434207,1.61383591296196,1.61383591296196,1.55862759775488,1.6436215355092,0,0,0.0283337264432024,0.0377722819912445,8.85467996700064e-06,8.85467996700064e-06,0.0278373839436174,0.0383553486362813,1.31677106367702,1.31677106367702,1.28366079945406,1.34958872961022,1.16125190555776,1.16125190555776,1.12246547925011,1.16715926514266
42,1.03891099841702,1.03891099841702,1.02581059655102,1.06045611666999,1.09378876153313,1.09378876153313,1.05330667681425,1.09878897883677,1.59144793750983,1.59144793750983,1.53623867021015,1.61994523463091,0,0,0.0282210634187391,0.0377363083893481,8.85467996700064e-06,8.85467996700064e-06,0.0273481851594492,0.0376764131522946,1.35851998312551,1.35851998312551,1.32355257101358,1.39157283394656,1.16370942038475,1.16370942038475,1.12448065720726,1.16922645443068
43,1.04122415184028,1.04122415184028,1.02795961121057,1.06295345116751,1.10272142829452,1.10272142829452,1.06343901785094,1.10938404148833,1.56712041823147,1.56712041823147,1.51268724065828,1.5951529589108,0,0,0.0283589902729305,0.0380113565538479,8.85467996700064e-06,8.85467996700064e-06,0.0279013403910609,0.0381555733721879,1.39268343088652,1.39268343088652,1.36015737696875,1.4302682142303,1.15793460589192,1.15793460589192,1.12288247462778,1.16775922327309
44,1.04071680754701,1.04071680754701,1.02801499782879,1.06294721383559,1.11346132448429,1.11346132448429,1.07292363275611,1.11926550204126,1.53822508743838,1.53822508743838,1.48837093396038,1.56949362772154,0,0,0.0283767432343611,0.0379176752989092,8.85467996700064e-06,8.85467996700064e-06,0.0277639020678314,0.0379956029539476,1.42983282227274,1.42983282227274,1.39178310578324,1.46334028786174,1.15523551832442,1.15523551832442,1.11725223256686,1.16169195236674
45,1.03657861333414,1.03657861333414,1.02316185378757,1.05808005167748,1.1139475130856,1.1139475130856,1.07429395564509,1.12051490674097,1.50286104541132,1.50286104541132,1.45312239118948,1.5323784946915,0,0,0.0285488103989959,0.0382182047647523,8.85467996700064e-06,8.85467996700064e-06,0.0278639190654291,0.0382479506559604,1.45231489048472,1.45231489048472,1.41644766288501,1.48929623162639,1.14097343670328,1.14097343670328,1.10728073358943,1.15130735402514
46,1.03235117220084,1.03235117220084,1.0196128790585,1.05407690337663,1.12383819340653,1.12383819340653,1.08566111075376,1.13255483856044,1.4738664109736,1.4738664109736,1.43040982326397,1.50869539337816,0,0,0.0280414853858067,0.0374425239738607,8.85467996700064e-06,8.85467996700064e-06,0.0276495969277197,0.0374127999278706,1.47409687427933,1.47409687427933,1.43275134068451,1.50642730715599,1.12383862523597,1.12383862523597,1.09255879033385,1.13592321938041
47,1.0347132789395,1.0347132789395,1.02254146817286,1.05695819225431,1.14150588872507,1.14150588872507,1.10322729309766,1.15044506372387,1.46256913808886,1.46256913808886,1.41383262697089,1.49151690819216,0,0,0.028299586132759,0.0380750598072061,8.85467996700064e-06,8.85467996700064e-06,0.028365364828895,0.0382036396011427,1.50316561041173,1.50316561041173,1.45686435110488,1.53178859934971,1.11432055565465,1.11432055565465,1.07855594169461,1.1213638057964
48,1.03982799891435,1.03982799891435,1.02785078014734,1.06241897634646,1.15441134580437,1.15441134580437,1.11307638863374,1.16084638659371,1.43265008977068,1.43265008977068,1.3887407626606,1.46472178710032,0,0,0.0281657561158208,0.0380143543540059,8.85467996700064e-06,8.85467996700064e-06,0.0281108998145989,0.0380932374815121,1.53912449895031,1.53912449895031,1.4919194582451,1.56846652241579,1.11371816061351,1.11371816061351,1.07713914169373,1.12003697153158
49,1.0403666219722,1.0403666219722,1.02755331551086,1.0621305893622,1.15785730807891,1.15785730807891,1.11904138252011,1.16684155360234,1.3961446023128,1.3961446023128,1.35871352161204,1.43311793768449,0,0,0.0281964823952198,0.0381365147104458,8.85467996700064e-06,8.85467996700064e-06,0.0281204252429415,0.0382870044669862,1.56791834141336,1.56791834141336,1.51732576142776,1.59514764023159,1.10280753383196,1.10280753383196,1.06766768699183,1.11016668626423
50,1.03890498852339,1.03890498852339,1.02590493067848,1.06047357403001,1.16316315496377,1.16316315496377,1.12004176232956,1.16843077380265,1.35775476574313,1.35775476574313,1.3216039075831,1.39374283248842,0,0,0.0279506721600272,0.0378179984436546,8.85467996700064e-06,8.85467996700064e-06,0.0279067834929709,0.0378694291029413,1.59232685258633,1.59232685258633,1.54080596676252,1.61981152205427,1.09399736389824,1.09399736389824,1.05745764129414,1.09957031195089
51,1.03500180846919,1.03500180846919,1.02239209424382,1.05679240110425,1.16089611631704,1.16089611631704,1.11816859348287,1.16649060603442,1.316215863833,1.316215863833,1.28192608642118,1.3517827412304,0,0,0.0282196978063214,0.0382084619142387,8.85467996700064e-06,8.85467996700064e-06,0.0283565197882912,0.0382186602976911,1.61447442386959,1.61447442386959,1.56339548736101,1.6436312110218,1.08290159466324,1.08290159466324,1.04678876818134,1.08847202120554
52,1.03402659395673,1.03402659395673,1.01990399695038,1.05418623591883,1.16451827491516,1.16451827491516,1.12333611998581,1.17193685237204,1.2824183524136,1.2824183524136,1.25022267968791,1.31832190404982,0,0,0.0281090832004847,0.0381859784130534,8.85467996700064e-06,8.85467996700064e-06,0.0282639870558198,0.0381826106259749,1.62889817828538,1.62889817828538,1.5724689565551,1.65315171983153,1.06117593414455,1.06117593414455,1.02751271675995,1.06843058613119
53,1.03091513543535,1.03091513543535,1.01799189274108,1.0521937309924,1.16831303892611,1.16831303892611,1.12828214169175,1.17705985065195,1.24390735290647,1.24390735290647,1.21750852257329,1.28397020987742,0,0,0.0283023173575944,0.0381762355625398,8.85467996700064e-06,8.85467996700064e-06,0.0283184180749206,0.0381976313225233,1.63672331288208,1.63672331288208,1.58073510455714,1.66183976068688,1.03973311576236,1.03973311576236,1.00818513243272,1.04841979831128
54,1.03583073670713,1.03583073670713,1.02215757682842,1.05652570139475,1.1742389048944,1.1742389048944,1.13254575823462,1.18154147461265,1.21041337338195,1.21041337338195,1.18401769529772,1.24865660589179,0,0,0.0281247877432887,0.0378644643461041,8.85467996700064e-06,8.85467996700064e-06,0.0280190474698663,0.0380008601977396,1.67131788828194,1.67131788828194,1.61227546994442,1.69487345186016,1.03719313121352,1.03719313121352,1.00421198798137,1.04428546892828
55,1.04156018684736,1.04156018684736,1.02818386285327,1.06279948944005,1.18589292957076,1.18589292957076,1.14433377245759,1.19376965857503,1.17869874029469,1.17869874029469,1.15766954113535,1.22100416098786,0,0,0.028008710687781,0.0381177784594581,0.088904307373674,0.088904307373674,0.114223493582991,0.133143454204816,1.69232916990498,1.69232916990498,1.63045819571269,1.71401590093249,1.0304456022376,1.0304456022376,0.998644304691362,1.03840459039289
56,1.04132940693192,1.04132940693192,1.02710283537057,1.06170207749025,1.1867824050738,1.1867824050738,1.14743504007247,1.19693963233292,1.14808745501358,1.14808745501358,1.12248686124016,1.18386968189259,0,0,0.0279629626717869,0.0380922971581148,0.322937926241484,0.322937926241484,0.324686472038075,0.366242133590808,1.6940100911829,1.6940100911829,1.6349779313042,1.7188739918914,1.02489947890812,1.02489947890812,0.995848325130518,1.03561249269147
57,1.03722369346235,1.03722369346235,1.02139964373227,1.05586027845021,1.18474338926088,1.18474338926088,1.14231963234529,1.19170275248183,1.10034324634821,1.10034324634821,1.08025740991902,1.1394774971124,0,0,0.0280128075250342,0.0380593213563764,0.546058705467464,0.546058705467464,0.534179897965426,0.599153805304773,1.70221659289917,1.70221659289917,1.63654426072518,1.72030807998981,1.0224243857359,1.0224243857359,0.992580694079736,1.03214443363631
58,1.03904100334334,1.03904100334334,1.02301591334332,1.05758988342108,1.18457689530197,1.18457689530197,1.14399971115062,1.19341813611162,1.06326168845507,1.06326168845507,1.04302497052729,1.10019630826938,0,0,0.0277273945297273,0.0376253897835008,0.769879004410837,0.769879004410837,0.741021172487091,0.826241952966932,1.71591245325102,1.71591245325102,1.65020430370595,1.73476620998157,1.02560976147483,1.02560976147483,0.997235501991762,1.03703387594995
59,1.03683116545514,1.03683116545514,1.02012901158971,1.05451344491725,1.17696022828138,1.17696022828138,1.13748110561437,1.18664743508062,1.01387077241865,1.01387077241865,0.99938291627913,1.05427719132224,8.84611837071467e-06,8.84611837071467e-06,0.0277526583594554,0.0377048314876887,0.997007633156881,0.997007633156881,0.945461358678674,1.05211868145246,1.73392982331641,1.73392982331641,1.66372982824037,1.74909392810537,1.02868635177664,1.02868635177664,1.00215076639025,1.04210198732965
60,1.03806669031493,1.03806669031493,1.02191192659872,1.05614422043932,1.17727325902206,1.17727325902206,1.1380001384611,1.18714858716234,0.97264984515045,0.97264984515045,0.961622127568622,1.01427210789282,8.84611837071467e-06,8.84611837071467e-06,0.0279493065476095,0.037979130202149,1.21691194988485,1.21691194988485,1.14808490960777,1.27536077976341,1.74654712245978,1.74654712245978,1.67567723456978,1.76162972743286,1.03259817249007,1.03259817249007,1.00701572823694,1.04711642911929
61,1.03221237097565,1.03221237097565,1.01713678162098,1.05145406945936,1.16947355913622,1.16947355913622,1.13068351428515,1.17965414496671,0.92929537283207,0.92929537283207,0.918114469188451,0.968445148565514,8.84611837071467e-06,8.84611837071467e-06,0.0277854330574811,0.0379251697993043,1.42224257022213,1.42224257022213,1.34113268350156,1.48777821310677,1.73948511268714,1.73948511268714,1.67255173320383,1.7582948780631,1.0279088985194,1.0279088985194,1.00404863482162,1.04404580051147
62,1.03206840670549,1.03206840670549,1.01566499582427,1.04993653377363,1.16966111516792,1.16966111516792,1.13021915603876,1.17910752387769,0.891846891094811,0.891846891094811,0.879591362193623,0.927884891688303,8.84611837071467e-06,8.84611837071467e-06,0.0279820812456352,0.0379918708528206,1.6175923059841,1.6175923059841,1.52012636826352,1.68652305741697,1.71978908673639,1.71978908673639,1.65625742327735,1.74289388907012,1.01666152037363,1.01666152037363,0.994935544395151,1.03525180943366
63,1.03349026558554,1.03349026558554,1.01561019879435,1.04921615778411,1.16260349080366,1.16260349080366,1.12687658851493,1.17567869035749,0.845119842166676,0.845119842166676,0.839284283557075,0.884672113394133,8.84611837071467e-06,8.84611837071467e-06,0.0279056069502419,0.0377408050895852,1.83979164507602,1.83979164507602,1.70505371449521,1.88973280377617,1.73379788372916,1.73379788372916,1.66060558995842,1.74577157792228,1.02117628868914,1.02117628868914,0.998646765399447,1.03841565882347
64,1.03244047375666,1.03244047375666,1.01527819122001,1.04950526170307,1.15665373146756,1.15665373146756,1.12029453839202,1.16876923045936,0.800437652014914,0.800437652014914,0.796289176305897,0.839864164084725,8.84611837071467e-06,8.84611837071467e-06,0.0279684251214578,0.038189725663251,2.0411509414481,2.0411509414481,1.89320813977184,2.09740745218438,1.74002037026667,1.74002037026667,1.66764549390734,1.75327197481985,1.02456241672837,1.02456241672837,1.00383460053959,1.04391947282379
65,1.03948715599236,1.03948715599236,1.02187322186113,1.05627957771123,1.16150097761366,1.16150097761366,1.12517210409057,1.17381571537524,0.765340449498316,0.765340449498316,0.761015044917752,0.802705179973486,8.84611837071467e-06,8.84611837071467e-06,0.0278202561741334,0.0380982927584309,2.2468772552964,2.2468772552964,2.06348129488612,2.28605238013545,1.72938544584538,1.72938544584538,1.65843908512191,1.74370135865117,1.02455264330656,1.02455264330656,1.00324109667817,1.04331375910947
66,1.03628011284455,1.03628011284455,1.01738857050531,1.05173500032271,1.15095796001239,1.15095796001239,1.11508506629743,1.16332664254762,0.716520607487366,0.716520607487366,0.715724527444436,0.755228646150529,8.84611837071467e-06,8.84611837071467e-06,0.0279131178185395,0.0382496816664117,2.41388039339652,2.41388039339652,2.22201980267002,2.45798903628093,1.72032332879511,1.72032332879511,1.64651136185155,1.7310634641972,1.01973082377791,1.01973082377791,1.00023368550731,1.04014838473589
67,1.03897128857722,1.03897128857722,1.01904208822404,1.0533964964968,1.14758219313778,1.14758219313778,1.11147213262431,1.15953614749802,0.676488981887525,0.676488981887525,0.674986447489521,0.712059132693156,8.84611837071467e-06,8.84611837071467e-06,0.0275908332879536,0.037811253393299,2.6019028814858,2.6019028814858,2.37465526643243,2.62771389485967,1.70792592896382,1.70792592896382,1.6343101808945,1.71827369909463,1.01952765402345,1.01952765402345,0.999082973228707,1.03883419307844
68,1.03650286135668,1.03650286135668,1.01663608243048,1.05093741046568,1.13419123801694,1.13419123801694,1.10030954371053,1.14783315670168,0.624925876693933,0.624925876693933,0.630071415160627,0.664782859957595,8.84611837071467e-06,8.84611837071467e-06,0.027936333229641,0.0382129586144757,2.78761761860869,2.78761761860869,2.54680016821604,2.81779705450524,1.71136182642121,1.71136182642121,1.63632648399163,1.72038340694661,1.02237935201844,1.02237935201844,1.00410622485505,1.0441351350445
69,1.03823575954985,1.03823575954985,1.01846751708814,1.05282187333238,1.13091059574972,1.13091059574972,1.09550564589696,1.14287327195259,0.588050576842526,0.588050576842526,0.588372427000564,0.620874326808267,8.84611837071467e-06,8.84611837071467e-06,0.0277697285146771,0.0381012905585889,2.9282194215522,2.9282194215522,2.68853922234222,2.974588342321,1.69318525394089,1.69318525394089,1.6209928547066,1.7042811361531,1.02061671712167,1.02061671712167,1.00326721804091,1.04324164213512
70,1.0349201831866,1.0349201831866,1.01346683724611,1.0476713068862,1.11728630048488,1.11728630048488,1.08318261239507,1.13000611777944,0.543288366065185,0.543288366065185,0.543277606821778,0.573359452601482,8.84611837071467e-06,8.84611837071467e-06,0.0277608520339618,0.0381754861125003,3.06291293928773,3.06291293928773,2.7961956134707,3.09355676519311,1.6602902697783,1.6602902697783,1.58780058595712,1.6694532033258,1.01089685918826,1.01089685918826,0.993806126705743,1.03341489269471
71,1.03164050227895,1.03164050227895,1.0110049939727,1.04514110093255,1.10358559478223,1.10358559478223,1.07038068752662,1.1166850574816,0.49415156430804,0.49415156430804,0.498285474876563,0.526073213711103,8.84611837071467e-06,8.84611837071467e-06,0.0275478164967949,0.037856969845709,3.23314582190581,3.23314582190581,2.95110357228057,3.26361358116556,1.65842147715205,1.65842147715205,1.58609279112778,1.66759491716666,1.01471467547,1.01471467547,0.998853370235913,1.03864101207006
72,1.02843108249138,1.02843108249138,1.00734496855388,1.0413579440453,1.08759651213617,1.08759651213617,1.05720025004918,1.10294233746999,0.452707516115059,0.452707516115059,0.453739029890919,0.479218098953252,8.84611837071467e-06,8.84611837071467e-06,0.0281179596812,0.0384220551754987,3.37923918668135,3.37923918668135,3.07036873900777,3.39548853754687,1.63748089140021,1.63748089140021,1.56636983967458,1.64689040159794,1.01171565091161,1.01171565091161,0.996534626079505,1.03638393770633
73,1.02576356388546,1.02576356388546,1.00637849460904,1.0396664441539,1.07563867569197,1.07563867569197,1.04855444674859,1.09403166635473,0.403909455328047,0.403909455328047,0.410668158081711,0.433045724424856,8.84611837071467e-06,8.84611837071467e-06,0.0279247255240902,0.0381619960117891,3.42869257429705,3.42869257429705,3.12269531883257,3.45554879269556,1.5815225705421,1.5815225705421,1.51270961042401,1.59056287219526,0.995706820521011,0.995706820521011,0.982481380245846,1.02140318586494
74,1.0283443487992,1.0283443487992,1.00592808383208,1.03988102271049,1.06727071417697,1.06727071417697,1.03611770410995,1.08098953489828,0.361566287579174,0.361566287579174,0.366942773945203,0.387967516446566,8.84611837071467e-06,8.84611837071467e-06,0.0278243530113866,0.0381027894586679,3.58590520344115,3.58590520344115,3.25162811493981,3.59594649229841,1.57663666561372,1.57663666561372,1.50670975089474,1.58421052006231,1.00398266401567,1.00398266401567,0.988894789975924,1.02833428628672
75,1.0255543649517,1.0255543649517,1.00274503534523,1.03663452729513,1.04826730363638,1.04826730363638,1.0215539641638,1.06578767785785,0.312502246039629,0.312502246039629,0.322873167279261,0.341621848073222,8.84611837071467e-06,8.84611837071467e-06,0.0275225526670668,0.0377947654924298,3.70936489938605,3.70936489938605,3.34444184754724,3.69745185336338,1.55346052799222,1.55346052799222,1.4826493689745,1.55898439606422,1.00109207954379,1.00109207954379,0.987105476628126,1.0267471717277
76,1.02782424714082,1.02782424714082,1.00471030654622,1.03854745246954,1.0388956480335,1.0388956480335,1.01280833336193,1.05673265571019,0.271190368499433,0.271190368499433,0.279912549033941,0.296294134477848,8.84611837071467e-06,8.84611837071467e-06,0.0279383816482676,0.0385929297845067,3.71111978627201,3.71111978627201,3.35405504590818,3.70844099495817,1.49068407858786,1.49068407858786,1.42390312147099,1.4972389669972,0.988238579390447,0.988238579390447,0.975909254844327,1.01474363094003
77,1.02558763790826,1.02558763790826,1.0021485107157,1.03598333550444,1.02488584778083,1.02488584778083,0.997574215662497,1.04081583772723,0.228272457486648,0.228272457486648,0.236425139037853,0.250641172488776,8.84611837071467e-06,8.84611837071467e-06,0.0278188905617156,0.0382699168174784,3.78797840838557,3.78797840838557,3.43639420927741,3.79949195122547,1.46374309288617,1.46374309288617,1.39851281735237,1.47052355937727,0.987816906315159,0.987816906315159,0.975754277556322,1.01487492712322
78,1.02330988822202,1.02330988822202,0.999220962051279,1.03299318009212,1.00856218892948,1.00856218892948,0.981750003170141,1.02426715733234,0.18680483248496,0.18680483248496,0.19294407056865,0.204933455272646,8.84611837071467e-06,8.84611837071467e-06,0.0277533411656643,0.0381567498615126,3.87154943133162,3.87154943133162,3.49197236210574,3.85963557124,1.43477653376983,1.43477653376983,1.37015226594319,1.44067284692516,0.988052366350156,0.988052366350156,0.97500820979367,1.01403933440402
79,1.02116618648146,1.02116618648146,0.996241772388407,1.02984203699225,0.989581463277113,0.989581463277113,0.965673164957945,1.00755954446478,0.142345216775661,0.142345216775661,0.149930383756251,0.159507018120137,8.84611837071467e-06,8.84611837071467e-06,0.0275129933801426,0.0379551478008847,3.84894232654087,3.84894232654087,3.4577747135802,3.82205679261527,1.36857856043328,1.36857856043328,1.30650083171319,1.37378715499494,0.975564039914917,0.975564039914917,0.962501140420551,1.00091576682778
80,1.02655381026257,1.02655381026257,0.99995558906888,1.03365014320717,0.97947291135088,0.97947291135088,0.954939152746412,0.996337897987205,0.100074809244388,0.100074809244388,0.107013043650539,0.114163475925936,8.84611837071467e-06,8.84611837071467e-06,0.0279452097103563,0.0385434660818991,3.89619366593228,3.89619366593228,3.50176654360519,3.87057664660584,1.33898550309923,1.33898550309923,1.27665710391323,1.34238599033493,0.978339864384406,0.978339864384406,0.965879787262984,1.0044333632589
81,1.02174835395044,1.02174835395044,0.997374475551227,1.03100182226121,0.957937218158499,0.957937218158499,0.937950987671431,0.97863649986218,0.0586224857476885,0.0586224857476885,0.0643474732875913,0.0692009925924121,8.84611837071467e-06,8.84611837071467e-06,0.02759902696246,0.0380046115034923,3.8079628676536,3.8079628676536,3.42384581821146,3.78335822106286,1.25454737005677,1.25454737005677,1.20187979424091,1.26516878042124,0.962740308982774,0.962740308982774,0.950674314868827,0.989122280255997
82,1.02173250968541,1.02173250968541,0.99527335627036,1.02883951135039,0.941442196901898,0.941442196901898,0.920672661335217,0.960594084182332,0.0160013927041231,0.0160013927041231,0.0222610957133427,0.0244733587659464,8.84611837071467e-06,8.84611837071467e-06,0.0276645763585114,0.0382894025185056,3.78550795267478,3.78550795267478,3.40983051118075,3.76869276398785,1.21601007420244,1.21601007420244,1.1604595857805,1.22026628191687,0.959340125174372,0.959340125174372,0.949808003659207,0.987600346454831
83,1.02403151254094,1.02403151254094,0.997054467832815,1.03072035369684,0.922262210229851,0.922262210229851,0.903095153180426,0.942277756930864,0,0,0.00508367946347152,0.00648691154642243,8.84611837071467e-06,8.84611837071467e-06,0.0274624657206863,0.038067565306811,3.63443549067029,3.63443549067029,3.26323076704888,3.60745459895895,1.12542561868262,1.12542561868262,1.07383507444303,1.12931722218529,0.944617967491887,0.944617967491887,0.933911924076915,0.971170072944771
84,1.02648551601676,1.02648551601676,1.00096645554429,1.03467048467641,0.903094170241708,0.903094170241708,0.885752580430239,0.924153183458498,0,0,0.0050782279754488,0.00648949102178702,8.84611837071467e-06,8.84611837071467e-06,0.0278810259267227,0.0385562067325708,3.56728159780056,3.56728159780056,3.21155259673912,3.55215064737231,1.07048750564538,1.07048750564538,1.02374832035155,1.07692505617368,0.940845772023615,0.940845772023615,0.93104832236506,0.96830895742956
85,1.04394556826499,1.04394556826499,1.01643943739272,1.05058285040834,0.895441732225384,0.895441732225384,0.877282728112059,0.915428830746757,0,0,0.00506654621540012,0.00648421482217763,8.84611837071467e-06,8.84611837071467e-06,0.0278598589342477,0.0382504311164512,3.43121228416516,3.43121228416516,3.07123419221147,3.39555087343754,0.994893543265731,0.994893543265731,0.949985477647816,0.999094058766119,0.940939914595542,0.940939914595542,0.929096507641077,0.966029893783745
86,1.04833942881648,1.04833942881648,1.01920283773903,1.05352292793166,0.873662961996343,0.873662961996343,0.858772494327894,0.896039800765367,0,0,0.00506476613767842,0.00648573905762034,8.84611837071467e-06,8.84611837071467e-06,0.027827084236222,0.0383148838198489,3.13539070848762,3.13539070848762,2.80865963645704,3.10586697704933,0.882609907955132,0.882609907955132,0.842142207626343,0.885897774116909,0.921826934925732,0.921826934925732,0.91078060558568,0.947005376917997
87,1.05078772289334,1.05078772289334,1.02141653370289,1.05584834148741,0.854646914212089,0.854646914212089,0.839653072237763,0.876059412372817,0,0,0.00506198476623825,0.00648573905762034,8.84611837071467e-06,8.84611837071467e-06,0.0274406159220025,0.0381417608607224,2.94331941798342,2.94331941798342,2.63586292321969,2.91541731240798,0.804983419749188,0.804983419749188,0.768190954892129,0.808054498747223,0.914670130960848,0.914670130960848,0.903791200878626,0.93974123971834
88,1.05096020684056,1.05096020684056,1.02310802784426,1.05759034942863,0.834990924695242,0.834990924695242,0.820260427488522,0.855885806830815,1.24910244805684e-06,1.24910244805684e-06,0.0050559770039275,0.00648972551954743,8.84611837071467e-06,8.84611837071467e-06,0.0273218076416594,0.0379641412013588,2.59135087005263,2.59135087005263,2.3216979671738,2.56880497610141,0.687112154636177,0.687112154636177,0.65730796795992,0.691554225551966,0.898277616060306,0.898277616060306,0.887239957768876,0.922459238176947
89,1.05301340504657,1.05301340504657,1.02434397832232,1.05886358961433,0.81377496067324,0.81377496067324,0.80086602874202,0.83566140143237,1.32717135106039e-06,1.32717135106039e-06,0.00505809084622203,0.00649840193668287,1.93508839359383e-05,1.93508839359383e-05,0.0274235457667808,0.0381125323091815,2.0616511858242,2.0616511858242,1.85140375632696,2.04960183231469,0.531066993881906,0.531066993881906,0.508810444668978,0.535539156366603,0.872818853760588,0.872818853760588,0.861992193718552,0.896213382043115
90,1.05315059452755,1.05315059452755,1.02508540294616,1.05963088898016,0.794171177474494,0.794171177474494,0.781208430177902,0.815134653266929,1.32717135106039e-06,1.32717135106039e-06,0.00504707661531898,0.00649136700387035,1.93508839359383e-05,1.93508839359383e-05,0.0274611001082686,0.0379019368480796,1.3348286161704,1.3348286161704,1.20674113656625,1.33811724994253,0.334365379710919,0.334365379710919,0.32211589277982,0.339218192226243,0.838687336528512,0.838687336528512,0.827523352013905,0.860328644630582
91,1.05327707547079,1.05327707547079,1.02596624786133,1.06054472979928,0.776938431222826,0.776938431222826,0.765641604255096,0.798911886354324,0.0166560004558079,0.0166560004558079,0.0207014138645571,0.0236106415053714,0.0669971832454039,0.0669971832454039,0.0846222218836852,0.103917243578214,0.0809561252682951,0.0809561252682951,0.100534092279144,0.116418659633025,0.0192992697851889,0.0192992697851889,0.0234607327897101,0.025158539900283,0.777418998460415,0.777418998460415,0.766792082744613,0.797194169027187
92,1.0531579429884,1.0531579429884,1.02508158796306,1.05963522643512,0.830174615626537,0.830174615626537,0.816381237031136,0.854031089438394,0.288891555428652,0.288891555428652,0.272437891425648,0.299232274166996,1.10658250940623,1.10658250940623,0.992220525223299,1.14821891543075,0,0,0.0291648204219378,0.037802587003301,0,0,0.00468635742292729,0.00556954908840284,0.794229732930305,0.794229732930305,0.782011514925018,0.813086467618068
93,1.0530602822169,1.0530602822169,1.02434657944715,1.05887957725821,0.857016742679582,0.857016742679582,0.843847080146456,0.884123366950805,0.457701896115809,0.457701896115809,0.429164166903934,0.471133319667347,1.70179247821497,1.70179247821497,1.51878974860325,1.75161837959021,0,0,0.0291498518916851,0.0378934622174187,0,0,0.00468983090393613,0.00557707072285651,0.813198632332294,0.813198632332294,0.801402888377204,0.8332351926795
94,1.05091909370458,1.05091909370458,1.02312588890148,1.05762157193495,0.878271308992349,0.878271308992349,0.863717463635479,0.906055473284704,0.592243579553944,0.592243579553944,0.554008916621928,0.607863687567037,2.14436322741942,2.14436322741942,1.90372721130247,2.1951556536222,0,0,0.0291709439115866,0.0378206118391591,0,0,0.00469151501594041,0.00557530092651447,0.835150877375713,0.835150877375713,0.821390794254608,0.854021803693473
95,1.05083148584606,1.05083148584606,1.02143546989171,1.05589795336885,0.890614581368397,0.890614581368397,0.875548375620046,0.919390958233142,0.693069723920838,0.693069723920838,0.646571400582532,0.709480360821847,2.43480949053229,2.43480949053229,2.15977202875982,2.48836524092936,0,0,0.0293866268247735,0.0381615816508072,0,0,0.00470109340296479,0.00559322011447764,0.854728008243875,0.854728008243875,0.840711422349368,0.874133633986307
96,1.04845989986608,1.04845989986608,1.01924504532474,1.05361272400321,0.894376129454732,0.894376129454732,0.878986110023857,0.923827217712992,0.758680391383083,0.758680391383083,0.707742102666027,0.776594909590947,2.58548542474068,2.58548542474068,2.30122762543867,2.64588090298312,0,0,0.0292627962563192,0.0378701801377687,0,0,0.00469983031896158,0.00556932786386008,0.873609844761113,0.873609844761113,0.859907500758013,0.89411593904485
97,1.04397897781004,1.04397897781004,1.01659286907651,1.05086822626685,0.909250441475,0.909250441475,0.892325309310554,0.938662291427795,0.855506909711299,0.855506909711299,0.797548915058575,0.875439702068746,2.83121621813678,2.83121621813678,2.51230350878615,2.89364608824458,0,0,0.0295512806575533,0.0380091215808412,0,0,0.00475487973010168,0.00561534256875315,0.895570101938313,0.895570101938313,0.878583517977292,0.913486971577268
98,1.02648021638329,1.02648021638329,1.00083827211226,1.034783688666,0.905363660375602,0.905363660375602,0.890615362437578,0.937765402192804,0.917810188097799,0.917810188097799,0.857722996127631,0.942588956506387,2.94345134496522,2.94345134496522,2.62048664171305,3.02291272995914,0,0,0.0294465009457843,0.037922752575688,0,0,0.0047214080040165,0.0055850348063957,0.903752528097294,0.903752528097294,0.886739392958947,0.922003464802204
99,1.02394816624336,1.02394816624336,0.997128270414887,1.03083248228438,0.906426190155309,0.906426190155309,0.889994297064441,0.937925379930017,0.964664333200023,0.964664333200023,0.900078610457288,0.988536330433663,2.99493575388278,2.99493575388278,2.66656308749369,3.07328701436473,0,0,0.0297084502252068,0.0382299258201023,0,0,0.00475435344510034,0.00560417072934401,0.922337086823206,0.922337086823206,0.904645681760918,0.940548005325009
100,1.02154751423237,1.02154751423237,0.995091173486701,1.02875985990489,0.916854540307898,0.916854540307898,0.900869932026275,0.950168458912034,1.04195075158877,1.04195075158877,0.97146250846906,1.06681520032735,3.11947417271769,3.11947417271769,2.78463530274363,3.20710206836907,0,0,0.0294022757427649,0.0379865905360186,0.0159833600163847,0.0159833600163847,0.0220239747360534,0.0237778775289483,0.941607028337995,0.941607028337995,0.922457990442589,0.959020232101363
101,1.02125458655324,1.02125458655324,0.996547491261042,1.03032646977104,0.917187113889873,0.917187113889873,0.899363849749274,0.94987421694519,1.07673614690677,1.07673614690677,1.00700876923891,1.10819725460594,3.13217388140365,3.13217388140365,2.78954741061023,3.22413332051691,0,0,0.0298710628947704,0.038335070695941,0.0585869573950597,0.0585869573950597,0.0637339557182098,0.0678349664431727,0.958234968738475,0.958234968738475,0.939847293940299,0.977109245214549
102,1.0248991772751,1.0248991772751,0.998272210437008,1.0322794357486,0.928458395817458,0.928458395817458,0.909051076395239,0.960478059818852,1.14468279208469,1.14468279208469,1.06655136773619,1.17144868726993,3.20684175504126,3.20684175504126,2.85644125208686,3.2911229122984,0,0,0.0297445107753611,0.0380722085063444,0.100256588104025,0.100256588104025,0.106378408348745,0.112823189457853,0.979701996197307,0.979701996197307,0.957013430143282,0.994976053434727
103,1.01881549854071,1.01881549854071,0.993749027751919,1.02769076687585,0.922979356543974,0.922979356543974,0.902741046190465,0.954506045419698,1.16888399587799,1.16888399587799,1.09089504312907,1.19888762196299,3.165837231981,3.165837231981,2.82165637258227,3.24984919972257,0,0,0.0298839902618068,0.0382359340987217,0.142692233965481,0.142692233965481,0.149059174644372,0.157539416897217,0.989778566759264,0.989778566759264,0.967818967197381,1.00627751137249
104,1.02024541614176,1.02024541614176,0.995756818673597,1.03004385411113,0.931339134925783,0.931339134925783,0.910448911984112,0.963607738628883,1.2238395852516,1.2238395852516,1.14251318062876,1.2561056617492,3.18689762829208,3.18689762829208,2.84558804739689,3.27945247628317,0,0,0.0294995711894076,0.0379325160284445,0.185669855467154,0.185669855467154,0.192406428265695,0.203001945331564,1.00889759006447,1.00889759006447,0.984016578162625,1.02305159493285
105,1.02166028169105,1.02166028169105,0.997540045817587,1.03202198449677,0.928064914864365,0.928064914864365,0.908101311935327,0.961891571050689,1.24700770325145,1.24700770325145,1.16497653767323,1.28117405858221,3.11251725350152,3.11251725350152,2.79517441657751,3.22355774288656,0,0,0.0299955738509635,0.0383072824073265,0.228393128066471,0.228393128066471,0.235375809256057,0.248170798185405,1.02518801932942,1.02518801932942,0.999951981752958,1.03963726920825
106,1.02310227371476,1.02310227371476,0.999214788714997,1.03388235835745,0.92634151939124,0.92634151939124,0.905087493612478,0.959260274371355,1.26876066624655,1.26876066624655,1.18523560222394,1.30351395672388,3.04528067217771,3.04528067217771,2.73272974035787,3.14856177633299,0,0,0.0298928353024107,0.0381135154218524,0.271348564344474,0.271348564344474,0.279022519043143,0.293988613235417,1.03908920957982,1.03908920957982,1.0153870098186,1.05564330207246
107,1.01994535854338,1.01994535854338,0.996093646999295,1.0309522462265,0.935026724061475,0.935026724061475,0.911427291656487,0.967085229213219,1.32091771965419,1.32091771965419,1.23365471754801,1.35706726551029,3.04064254173947,3.04064254173947,2.72362110553157,3.13940499575027,0,0,0.0300962712362999,0.0381811085563201,0.312830792407017,0.312830792407017,0.322006951784543,0.339280466935029,1.0484987700045,1.0484987700045,1.02426306780671,1.06491112036512
108,1.02150883237154,1.02150883237154,0.997965867294412,1.03307050149984,0.933945687280114,0.933945687280114,0.909654702024177,0.965804100734848,1.34008230817021,1.34008230817021,1.25210099544888,1.37764901669323,2.94794462021514,2.94794462021514,2.64738169547416,3.05021444544841,0,0,0.0298479297116526,0.0379588022474041,0.361912084512382,0.361912084512382,0.36598816831848,0.385581325774147,1.06745651458231,1.06745651458231,1.03891232553119,1.08015077509602
109,1.0165861284982,1.0165861284982,0.997490242947354,1.03227266071566,0.924439924971211,0.924439924971211,0.901163250482579,0.957267947902788,1.3424160218877,1.3424160218877,1.25663095948605,1.38307212914952,2.81219761652214,2.81219761652214,2.54064611171007,2.92712776875964,0,0,0.0301983293971139,0.0384214397010941,0.403057862721593,0.403057862721593,0.408695880406175,0.430365247923594,1.07541850345713,1.07541850345713,1.05100755754934,1.09198012338288
110,1.01932472775516,1.01932472775516,0.99684561484915,1.03232682513247,0.935456942793972,0.935456942793972,0.909518692065112,0.967428128244206,1.38922363792373,1.38922363792373,1.29919261781199,1.43036047851974,2.77322604203996,2.77322604203996,2.49755626028701,2.88002408432647,0,0,0.030064973400317,0.0383140417207732,0.452608403554371,0.452608403554371,0.452309434238177,0.476236046251596,1.08785181554274,1.08785181554274,1.06020838168328,1.10232044800216
111,1.02112993589579,1.02112993589579,0.999080050448385,1.0348739507451,0.934559663965609,0.934559663965609,0.907974172190984,0.966601689838932,1.40447908225966,1.40447908225966,1.31478531987011,1.44763780451176,2.6497895178246,2.6497895178246,2.40034445752421,2.76666526915052,0,0,0.0302071744377177,0.0383493403576619,0.494515197429047,0.494515197429047,0.49739732287293,0.523166841976209,1.10374985746278,1.10374985746278,1.07355100341496,1.11620390023243
112,1.02320690049934,1.02320690049934,1.00025499587858,1.0362669190262,0.928567780483955,0.928567780483955,0.900390188718195,0.959236808182525,1.40570687189719,1.40570687189719,1.31512931988983,1.44830600588007,2.51553529660665,2.51553529660665,2.2742902376926,2.62156724480138,0,0,0.0300384382785053,0.0380489264266944,0.543332376008962,0.543332376008962,0.5419021929832,0.570060803814454,1.11746735573222,1.11746735573222,1.08649219847973,1.12966822789144
113,1.02556348906294,1.02556348906294,1.00362487449213,1.04001939110816,0.934128478449443,0.934128478449443,0.905248460446861,0.965304934655751,1.43239909824753,1.43239909824753,1.34161353874306,1.47767720211897,2.4059307842287,2.4059307842287,2.1861945806244,2.5210120341004,0,0,0.0304228573509046,0.0386001859900198,0.588377675980068,0.588377675980068,0.587256276571631,0.6176631266386,1.13104792249114,1.13104792249114,1.09892511536116,1.14255729231847
114,1.02226304670456,1.02226304670456,1.00022284597558,1.03679877703558,0.932465506955601,0.932465506955601,0.90236308483775,0.963103712069694,1.44491003029836,1.44491003029836,1.35302150058717,1.49064973547413,2.2750148669309,2.2750148669309,2.07028481263795,2.38715051419361,0,0,0.030257523130386,0.0382817472231942,0.627500068050201,0.627500068050201,0.628935417252709,0.661665683703036,1.13459629623944,1.13459629623944,1.10378572364739,1.14766480731103
115,1.02320239307912,1.02320239307912,1.00122077619012,1.03807707161093,0.92719546559446,0.92719546559446,0.894747930327917,0.955802591549973,1.44099760722434,1.44099760722434,1.35060281998281,1.48806650814538,2.12946912849513,2.12946912849513,1.93092816224516,2.22687687599445,0,0,0.0302935836805402,0.0383913983079974,0.676379974568872,0.676379974568872,0.674169928888836,0.708922453791399,1.14783403346368,1.14783403346368,1.11514165485013,1.15947472435309
116,1.01959552809864,1.01959552809864,0.998008005516789,1.03502551074131,0.924467996225587,0.924467996225587,0.892027380347164,0.953823487677785,1.45021793501357,1.45021793501357,1.35908044013243,1.4983757331866,1.97644344409453,1.97644344409453,1.80440144051702,2.08180808019685,0,0,0.0299411428318627,0.0380233912425621,0.716715679646192,0.716715679646192,0.715307101275534,0.752053164932836,1.15121028447592,1.15121028447592,1.11875988948162,1.16323676092443
117,1.02092150185758,1.02092150185758,1.00061932676423,1.03808244862121,0.925513469179141,0.925513469179141,0.89132969035081,0.95400541597025,1.45584701519574,1.45584701519574,1.3681279076627,1.50851541634704,1.83380863148512,1.83380863148512,1.67614039101834,1.93435228602341,8.85467996700064e-06,8.85467996700064e-06,0.0300949104608224,0.037705703510564,0.765609256637196,0.765609256637196,0.760289522396019,0.79933570768043,1.16178022289648,1.16178022289648,1.12902104219336,1.17384164563107
118,1.01247598956151,1.01247598956151,0.992237080587708,1.02976371187596,0.922639601140461,0.922639601140461,0.888175903046506,0.951446451596797,1.46353750476172,1.46353750476172,1.37471731036902,1.51583467769407,1.67120978836021,1.67120978836021,1.53879255649205,1.77551084684975,8.85467996700064e-06,8.85467996700064e-06,0.0303126345372255,0.0383448341486974,0.800857436848493,0.800857436848493,0.795767552163315,0.836583505168652,1.15689696549715,1.15689696549715,1.12390948900384,1.16863864697738
119,1.01171164036241,1.01171164036241,0.991275011214266,1.02885510468018,0.916382508181736,0.916382508181736,0.88011172523777,0.943716145458654,1.4570649681515,1.4570649681515,1.36788982226742,1.50851963730673,1.5007578036517,1.5007578036517,1.38658685886078,1.59954072702312,8.85467996700064e-06,8.85467996700064e-06,0.030206494049979,0.0381157685263347,0.84644525927871,0.84644525927871,0.838060235898954,0.880603649584236,1.16303722998856,1.16303722998856,1.1305092973713,1.17441036619075
120,1.00883486818733,1.00883486818733,0.989242908445769,1.02733265799173,0.909315595788662,0.909315595788662,0.873756191332616,0.938458360316849,1.44560195498568,1.44560195498568,1.3635799203386,1.50671482529368,1.32988507543818,1.32988507543818,1.23492126094073,1.42501779522278,8.85467996700064e-06,8.85467996700064e-06,0.0301704334998247,0.0381608306159798,0.892290477173689,0.892290477173689,0.879132675230488,0.924420046195943,1.16983183025045,1.16983183025045,1.13421834159537,1.17931515672812
121,1.00745565223436,1.00745565223436,0.988620199159534,1.02696458371524,0.916073102879817,0.916073102879817,0.877498970917278,0.942681699410745,1.45937159195964,1.45937159195964,1.37552057044094,1.51757171985436,1.16420778312026,1.16420778312026,1.08928757306982,1.25984050541512,8.85467996700064e-06,8.85467996700064e-06,0.0300452421558929,0.0379092339487945,0.929861387809638,0.929861387809638,0.917858936026051,0.964963978758945,1.16971700117794,1.16971700117794,1.13472671442134,1.17991496727947
122,1.01178990556811,1.01178990556811,0.991432465971131,1.03020753030382,0.917179897540347,0.917179897540347,0.87667534391756,0.942732812846548,1.46407173026497,1.46407173026497,1.37714845151744,1.52002749765033,0.996134298488669,0.996134298488669,0.932933144913466,1.08139794990815,8.85467996700064e-06,8.85467996700064e-06,0.0306480656924341,0.038575401840715,0.972561225313529,0.972561225313529,0.961614481551413,1.010726377061,1.17758046152829,1.17758046152829,1.14212085828696,1.187311778067
123,1.00812406167695,1.00812406167695,0.987822833010838,1.02681607069152,0.910875604821805,0.910875604821805,0.868973391600395,0.935329988087489,1.45144111858583,1.45144111858583,1.3664370563368,1.50851002289855,0.819122364125872,0.819122364125872,0.770915522060758,0.89255677510299,8.85467996700064e-06,8.85467996700064e-06,0.0304630002274914,0.0382547099694072,1.01449098558172,1.01449098558172,0.999716147307386,1.05090860749659,1.1770860576179,1.1770860576179,1.14166562729135,1.18707653702243
124,1.0088614483078,1.0088614483078,0.988911317051411,1.02826571266088,0.904839111179447,0.904839111179447,0.861392866007921,0.927961082162618,1.4363439199163,1.4363439199163,1.35426477362093,1.49558298210891,0.628992189101703,0.628992189101703,0.603382190652812,0.700416521223916,8.85467996700064e-06,8.85467996700064e-06,0.0305249155117186,0.0384687548952215,1.06372655873198,1.06372655873198,1.04349863862482,1.09687563850069,1.18477805139833,1.18477805139833,1.1482876766742,1.19398210626434
125,1.00526761386942,1.00526761386942,0.985278273967576,1.02486471781704,0.89893050920524,0.89893050920524,0.853761274038039,0.920671250499884,1.42290521702217,1.42290521702217,1.34215401484131,1.48275759609841,0.452792438981818,0.452792438981818,0.438031790694618,0.509305262249088,8.85467996700064e-06,8.85467996700064e-06,0.0301513826431394,0.0382171582280362,1.09970927295091,1.09970927295091,1.0806222563343,1.13602939603702,1.18431845882782,1.18431845882782,1.14658306847007,1.19221996292309
126,1.00731351824998,1.00731351824998,0.988738602362163,1.02886123447189,0.8985867485551,0.8985867485551,0.853331143795351,0.921232505292412,1.41515851784603,1.41515851784603,1.34011927475055,1.48042504687554,0.255306163650002,0.255306163650002,0.268202182006247,0.313566898730332,8.85467996700064e-06,8.85467996700064e-06,0.0306412618150465,0.0383358217307684,1.14892633237577,1.14892633237577,1.12346343429834,1.18077139613562,1.18697382501011,1.18697382501011,1.15179224552072,1.19754678042019
127,1.00614743497934,1.00614743497934,0.987457010813611,1.02795459884654,0.899899260969099,0.899899260969099,0.85210043908838,0.920677574350326,1.41146507804493,1.41146507804493,1.33549774796557,1.47552885088691,0.071777957342377,0.071777957342377,0.100104852669776,0.117082832422265,8.85467996700064e-06,8.85467996700064e-06,0.0303915595149216,0.0380444202177299,1.17922884816536,1.17922884816536,1.15907019337696,1.21809031731434,1.18624427188027,1.18624427188027,1.14875625227903,1.19440334613567
128,0.998438489783169,0.998438489783169,0.97937105009698,1.02001892031307,0.904492795458183,0.904492795458183,0.855192285232255,0.92448165783889,1.39425322699974,1.39425322699974,1.32001507696162,1.45836971176614,2.76441199084833e-06,2.76441199084833e-06,0.0276113174742196,0.0378269918441287,8.85467996700064e-06,8.85467996700064e-06,0.0305786661430806,0.0382494527256152,1.21115588476988,1.21115588476988,1.18548464810819,1.24601195175363,1.17460471359993,1.17460471359993,1.13693056243873,1.18216116998472
129,0.991756334913896,0.991756334913896,0.973462681731456,1.01423867011729,0.90614927569025,0.90614927569025,0.857858160612662,0.9275997864758,1.36355567558081,1.36355567558081,1.29343373261771,1.42953703963403,2.21152959267867e-06,2.21152959267867e-06,0.0276010753810866,0.0377468006899012,8.85467996700064e-06,8.85467996700064e-06,0.0304956588389519,0.0381240299094363,1.2445947974973,1.2445947974973,1.21910089205474,1.28135367858147,1.16856701823494,1.16856701823494,1.13265569731919,1.17774294765561
130,0.992346178656102,0.992346178656102,0.972971901497008,1.01416012992058,0.922794044831509,0.922794044831509,0.873412808783053,0.944571799007705,1.35608221756518,1.35608221756518,1.28578729750927,1.42142857607433,2.21152959267867e-06,2.21152959267867e-06,0.0276413609474098,0.0379708862517144,8.85467996700064e-06,8.85467996700064e-06,0.0304793295332217,0.0382066437404524,1.28328676498145,1.28328676498145,1.25190560452924,1.31596613870413,1.16433243285635,1.16433243285635,1.12781203006169,1.17272914537529
131,0.991546015954501,0.991546015954501,0.972964028759165,1.01459287170728,0.94102026488656,0.94102026488656,0.888970213234856,0.961702169116792,1.34374249061863,1.34374249061863,1.2775260680577,1.41233428392982,2.21152959267867e-06,2.21152959267867e-06,0.0276946198317016,0.0379356620998575,8.85467996700064e-06,8.85467996700064e-06,0.030591593510117,0.038080469889446,1.3169535449534,1.3169535449534,1.284030883067,1.34961428104491,1.16115613983804,1.16115613983804,1.12253665049931,1.16718568179698
132,0.993038245225436,0.993038245225436,0.974319804388098,1.01646618623935,0.949685305211708,0.949685305211708,0.897198615301461,0.970978421503465,1.3225450659373,1.3225450659373,1.25838778494251,1.39138472300967,2.21152959267867e-06,2.21152959267867e-06,0.0276843777385686,0.0378944423476845,8.85467996700064e-06,8.85467996700064e-06,0.0304977000021682,0.0379422794812009,1.35847772183676,1.35847772183676,1.32384192250732,1.39155812251446,1.16348262864966,1.16348262864966,1.1244960839541,1.16921523842102
133,0.993408946391689,0.993408946391689,0.974152083858539,1.01695334337,0.957208608552306,0.957208608552306,0.904942763781314,0.979799356658319,1.30276084453814,1.30276084453814,1.23848996491445,1.36964068367722,2.21152959267867e-06,2.21152959267867e-06,0.0276714044206001,0.0377468006899012,8.85467996700064e-06,8.85467996700064e-06,0.0301105593788139,0.0375832848336947,1.3925723485342,1.3925723485342,1.36019548000284,1.42996624272944,1.15736722940102,1.15736722940102,1.12267639032572,1.16759152425155
134,0.991336325302168,0.991336325302168,0.972035392510308,1.01512623527954,0.965316505260474,0.965316505260474,0.912251620255109,0.987911706984317,1.2783607992489,1.2783607992489,1.2177097826107,1.34691046401333,2.21152959267867e-06,2.21152959267867e-06,0.0278714666397985,0.0378397324948003,8.85467996700064e-06,8.85467996700064e-06,0.0305303586136286,0.0381660878597717,1.42797777823581,1.42797777823581,1.39186794292545,1.46317492251603,1.15424639968811,1.15424639968811,1.11718054078325,1.16152759847089
135,0.984532743263846,0.984532743263846,0.965301288394521,1.00867658315161,0.964161820280363,0.964161820280363,0.91268861614422,0.988459634654012,1.24663851540914,1.24663851540914,1.18778522979571,1.31410704130408,2.21152959267867e-06,2.21152959267867e-06,0.0278025032127028,0.0378929434476055,8.85467996700064e-06,8.85467996700064e-06,0.0304337435547247,0.038154071302533,1.45080395176562,1.45080395176562,1.41635851020579,1.48890853561521,1.14071034862076,1.14071034862076,1.107360375353,1.15115800400186
136,0.978839297850004,0.978839297850004,0.95951028278169,1.00288034531195,0.972015349299742,0.972015349299742,0.921210436895544,0.998687130031539,1.22376089179737,1.22376089179737,1.16866663879032,1.29356808596242,2.21152959267867e-06,2.21152959267867e-06,0.0280421681920156,0.0379761324019909,8.85467996700064e-06,8.85467996700064e-06,0.0303520970260736,0.0381931251135588,1.47482804925662,1.47482804925662,1.43321015594868,1.50654721085816,1.12452348999895,1.12452348999895,1.09266734541741,1.13598510420561
137,0.978505858024264,0.978505858024264,0.959312423885674,1.00315937629834,0.986993728676331,0.986993728676331,0.935078491413639,1.01265473870804,1.20839310631002,1.20839310631002,1.1540407414448,1.27778251747329,2.21152959267867e-06,2.21152959267867e-06,0.0278154765306713,0.0374882404262707,8.85467996700064e-06,8.85467996700064e-06,0.0302180606415379,0.037612575191964,1.50376820483211,1.50376820483211,1.45722959289581,1.53187963324905,1.11420282563715,1.11420282563715,1.07858916125374,1.12137359520834
138,0.981345532765018,0.981345532765018,0.962138944861384,1.00650222773777,0.996211803787868,0.996211803787868,0.942758593936349,1.02162708043091,1.18338724633347,1.18338724633347,1.13305362510591,1.2541252109136,2.21152959267867e-06,2.21152959267867e-06,0.0280018826256924,0.0379618928512403,8.85467996700064e-06,8.85467996700064e-06,0.0305623368373503,0.0380331546953186,1.54002643765627,1.54002643765627,1.49213544560965,1.56845380200458,1.11370223995113,1.11370223995113,1.07714567203442,1.1200260998731
139,0.979616049284141,0.979616049284141,0.959535114853478,1.00425872397184,0.998430744947093,0.998430744947093,0.946900934097144,1.02631655524457,1.15499990989222,1.15499990989222,1.1075854968672,1.22618632699532,2.21152959267867e-06,2.21152959267867e-06,0.0278755634770517,0.0380240972045195,8.85467996700064e-06,8.85467996700064e-06,0.0307011359360573,0.0380451712525573,1.56809144865157,1.56809144865157,1.51758764084443,1.5951846953425,1.10287722558183,1.10287722558183,1.06767918606999,1.11017918129253
140,0.976879908620035,0.976879908620035,0.955830870312409,1.00075481315138,1.00207292977835,1.00207292977835,0.947019855111463,1.0270682049723,1.12394074331458,1.12394074331458,1.07762645504635,1.19267753502274,2.21152959267867e-06,2.21152959267867e-06,0.0280319260988826,0.0379641412013588,8.85467996700064e-06,8.85467996700064e-06,0.0305140293078984,0.0379400263767187,1.59227404550464,1.59227404550464,1.5410342691961,1.61981517225922,1.0940069301097,1.0940069301097,1.05746331985126,1.09957016437181
141,0.970920607366106,0.970920607366106,0.950353699081708,0.995457812792122,0.998970590042005,0.998970590042005,0.944536144875198,1.02466409653984,1.08710322881223,1.08710322881223,1.04454560192106,1.15626530902955,2.21152959267867e-06,2.21152959267867e-06,0.0278332294921019,0.0377355589393086,8.85467996700064e-06,8.85467996700064e-06,0.0303881575762278,0.0377162179981478,1.6145537907261,1.6145537907261,1.56361800065958,1.64363917510534,1.0828575624625,1.0828575624625,1.04679955743986,1.08846567530534
142,0.967333192586835,0.967333192586835,0.94538634831927,0.990795622265584,1.00197462859606,1.00197462859606,0.94804053117494,1.02881907533309,1.05988395929772,1.05988395929772,1.01834530546444,1.12721525747354,2.21152959267867e-06,2.21152959267867e-06,0.0283316780245758,0.0382406882659376,8.85467996700064e-06,8.85467996700064e-06,0.0309617244400023,0.0382734858400926,1.62887935209205,1.62887935209205,1.57268336506465,1.65314696350387,1.06116578083708,1.06116578083708,1.02750902569783,1.06842630633803
143,0.962430130138594,0.962430130138594,0.940989372211325,0.9866838225105,1.00343568041513,1.00343568041513,0.9512383187534,1.03259258483398,1.02792988888494,1.02792988888494,0.991231384117159,1.09719602667373,2.21152959267867e-06,2.21152959267867e-06,0.028206041682144,0.0381027894586679,8.85467996700064e-06,8.85467996700064e-06,0.0307494434655093,0.0382043906359701,1.63788670913601,1.63788670913601,1.58098477416178,1.66186619701974,1.03979396653702,1.03979396653702,1.00822440911945,1.04844360773529
144,0.964495812532741,0.964495812532741,0.942652982294428,0.988912270647675,1.00714692122271,1.00714692122271,0.954009484083695,1.03586666693964,0.998186495598524,0.998186495598524,0.963572647732179,1.06688613589987,2.21152959267867e-06,2.21152959267867e-06,0.0282156009690682,0.0378577192957485,8.85467996700064e-06,8.85467996700064e-06,0.030801152933655,0.0379715698394702,1.67114579656453,1.67114579656453,1.61245914340988,1.6948632755312,1.03722663022114,1.03722663022114,1.00420488978498,1.04428468183988
145,0.967663381606474,0.967663381606474,0.945573976124257,0.992507339715608,1.01671255506308,1.01671255506308,0.962922095424845,1.04571514939646,0.972174483600062,0.972174483600062,0.941488781007004,1.04268819475354,2.21152959267867e-06,2.21152959267867e-06,0.0280885990142186,0.0377970138425483,0.0899281297448585,0.0899281297448585,0.118549398826026,0.134619237640694,1.69228737731814,1.69228737731814,1.63067544616125,1.71402906379279,1.02991203556985,1.02991203556985,0.997847271878579,1.03778751308984
146,0.96533968355166,0.96533968355166,0.941975302569949,0.989261202767599,1.0166480567812,1.0166480567812,0.964610944216477,1.04781257721411,0.945851054747518,0.945851054747518,0.912642287762217,1.01062261924744,8.84611837071467e-06,8.84611837071467e-06,0.0281138628439468,0.0377370578393876,0.3267708958322,0.3267708958322,0.32875995343003,0.368299217983108,1.69396892353194,1.69396892353194,1.63524065277686,1.71892122333127,1.02295809054389,1.02295809054389,0.993164165823583,1.03334926919964
147,0.958469610235617,0.958469610235617,0.935168228232037,0.981718296911146,1.02494454536071,1.02494454536071,0.980452345881994,1.04693560026853,0.953312802427694,0.953312802427694,0.945555368562237,0.998494043332021,0.178248179405104,0.178248179405104,0.302248947999051,0.110812933391735,0.545127857235933,0.545127857235933,0.536246915915778,0.598100854476732,1.70247547258664,1.70247547258664,1.63675951129073,1.72032334448326,1.01818617417607,1.01818617417607,0.987843357804266,1.02810111134918
148,0.957918940072807,0.957918940072807,0.935554027068021,0.981274012475729,1.03694391897466,1.03694391897466,1.00252083873893,1.0532587712885,0.968012474243136,0.968012474243136,0.982486752309288,0.990469060975022,0.342179469109605,0.342179469109605,0.562428839857304,0.172695772604017,0.76673337935256,0.76673337935256,0.739998549715736,0.822344082212628,1.71592971710465,1.71592971710465,1.65038629305941,1.73476886467608,1.01973279227629,1.01973279227629,0.990485401145911,1.03125143265717
149,0.953797327702815,0.953797327702815,0.932216090267481,0.976532062963489,1.03925408307861,1.03925408307861,1.01267903870667,1.05101673112232,0.96189062314521,0.96189062314521,0.995685361086578,0.9696739168301,0.450524515384526,0.450524515384526,0.737591847843146,0.208635649248663,1.00329777643844,1.00329777643844,0.947979473699824,1.05198199311387,1.73390513834923,1.73390513834923,1.66393034282588,1.74912578443953,1.02134298942087,1.02134298942087,0.993212196952537,1.03459331160372
150,0.95238871790645,0.95238871790645,0.93306887771606,0.975976725342585,1.04643334954516,1.04643334954516,1.02542388349281,1.05457899266051,0.950781730523416,0.950781730523416,1.00131129672602,0.949406275397237,0.527004184640937,0.527004184640937,0.865764132534665,0.232913333828512,1.21812725471032,1.21812725471032,1.15298029938814,1.27750648626535,1.74642197905021,1.74642197905021,1.67585164541922,1.76162651967699,1.02342728386091,1.02342728386091,0.995981581937547,1.03777624788716
151,0.945536073281938,0.945536073281938,0.928183687816841,0.969600164707623,1.04602698965249,1.04602698965249,1.02999630378208,1.05087891299327,0.93526553605146,0.93526553605146,0.996155635369681,0.921698723519616,0.581573124457885,0.581573124457885,0.960907032484595,0.245100890371004,1.423349405218,1.423349405218,1.34320786610477,1.4869791120504,1.73941301071021,1.73941301071021,1.67270582945222,1.75828337438688,1.01715955046525,1.01715955046525,0.990912949175567,1.03290431829035
152,0.942540004718281,0.942540004718281,0.925878952483649,0.965862389787067,1.05090641588355,1.05090641588355,1.0382241044782,1.05275986652554,0.919104024027277,0.919104024027277,0.988379588352132,0.895736655721661,0.613231723459479,0.613231723459479,1.02640043842683,0.246072927072247,1.60956553859402,1.60956553859402,1.52225121917167,1.68688655827344,1.7199888318664,1.7199888318664,1.65671560699952,1.74287143477903,1.00407031399643,1.00407031399643,0.979576135781794,1.02219450486182
153,0.941190974821959,0.941190974821959,0.926054476387722,0.963336162821023,1.05312532251479,1.05312532251479,1.04729928630837,1.05352102816055,0.903796195457437,0.903796195457437,0.985029815844458,0.869960896394357,0.655998282722699,0.655998282722699,1.1112063351807,0.249636562010111,1.83948283811217,1.83948283811217,1.70762353898451,1.88976885344789,1.73378116669443,1.73378116669443,1.66075968620681,1.74576007424605,1.00674553783789,1.00674553783789,0.981063775782713,1.02358278121461
154,0.938557685292042,0.938557685292042,0.925468286894214,0.961590964520372,1.05151604204254,1.05151604204254,1.04921054195274,1.04949989549111,0.877524682425391,0.877524682425391,0.971158671452936,0.839444061346937,0.679440496405093,0.679440496405093,1.16268787491075,0.2414758005299,2.04052723992792,2.04052723992792,1.89702851692498,2.09915886540192,1.73997646852123,1.73997646852123,1.66784421912384,1.7532999597245,1.0081855807448,1.0081855807448,0.983980140754453,1.02708375040336
155,0.942908465833272,0.942908465833272,0.931274587121092,0.965542099208525,1.06214203039936,1.06214203039936,1.06221262296581,1.05682887231071,0.863975746240221,0.863975746240221,0.962133121129609,0.81468391182,0.692403929994977,0.692403929994977,1.20324861213616,0.235451721112328,2.25381766413804,2.25381766413804,2.0670390423721,2.28780905059678,1.72933849753754,1.72933849753754,1.6585945497113,1.74367724517601,1.00583477925136,1.00583477925136,0.98092039221549,1.02431846290045
156,0.936953726634963,0.936953726634963,0.927096937859493,0.959361190053997,1.05581273941739,1.05581273941739,1.05928885987378,1.04967769498866,0.830535009707553,0.830535009707553,0.93691654012395,0.778261836920873,0.688920770886508,0.688920770886508,1.21506389077442,0.22110574845605,2.41420358921532,2.41420358921532,2.2248808331115,2.45875358973525,1.72038840024341,1.72038840024341,1.64662946020585,1.7310306123526,0.998893543127255,0.998893543127255,0.975585387803378,1.01922403325248
157,0.937262061495943,0.937262061495943,0.929081526747615,0.958818470483865,1.05981795151619,1.05981795151619,1.06631878066881,1.04968961100437,0.81289456038487,0.81289456038487,0.925832997444617,0.749357642971843,0.702820234376493,0.702820234376493,1.26013524581561,0.206985360261665,2.6026560827005,2.6026560827005,2.37706383902764,2.62768760864071,1.70799545308026,1.70799545308026,1.63443533146782,1.71825224031398,0.996290981050782,0.996290981050782,0.97191651937092,1.01579272138685
158,0.934076626647506,0.934076626647506,0.927228762866287,0.954760010670681,1.05233715212902,1.05233715212902,1.06258752735187,1.0415671738756,0.779105714613708,0.779105714613708,0.899597210688424,0.712116115648937,0.692825226382382,0.692825226382382,1.26397261670945,0.185799906544829,2.78789045343517,2.78789045343517,2.54983877985734,2.81826194506342,1.71127144506985,1.71127144506985,1.636471422881,1.7203823008239,0.997983509776974,0.997983509776974,0.974648709806808,1.01912997618907
159,0.934826142336415,0.934826142336415,0.929755807668973,0.954422728739679,1.05496328185263,1.05496328185263,1.06886854143052,1.04075730291322,0.758388882099268,0.758388882099268,0.887179611011532,0.6820839874723,0.700356037527851,0.700356037527851,1.30199741167512,0.167696940840494,2.92492769427446,2.92492769427446,2.69131112198992,2.97544377098943,1.69325024727221,1.69325024727221,1.62112558378394,1.7042656504351,0.99362953669803,0.99362953669803,0.971202440813365,1.01601940284512
160,0.931273557622506,0.931273557622506,0.926022465211381,0.947734516589345,1.04866202759705,1.04866202759705,1.06671924330068,1.03244692722091,0.732705618251353,0.732705618251353,0.865902787023434,0.646594861912993,0.693323926305531,0.693323926305531,1.31634590134828,0.144544930219987,3.06594677401142,3.06594677401142,2.79910971415581,3.09407798336334,1.66030542447334,1.66030542447334,1.58796720778855,1.6694632690425,0.981438004563285,0.981438004563285,0.95934807425962,1.00419497386074
161,0.928856596945615,0.928856596945615,0.924372935884068,0.943672328715705,1.03993842780398,1.03993842780398,1.05995893694182,1.02266497585179,0.695235667565768,0.695235667565768,0.833522060717062,0.607321294247192,0.669820895559339,0.669820895559339,1.29951472829968,0.119155811231547,3.23305727510614,3.23305727510614,2.95351826836543,3.26386592886758,1.65845303641389,1.65845303641389,1.58620394252006,1.66757401144737,0.983787804540001,0.983787804540001,0.961988414034129,1.00735119833171
162,0.925506190517,0.925506190517,0.922640343970259,0.938411282631795,1.03224276074648,1.03224276074648,1.05915390231307,1.01427996827161,0.670135500354387,0.670135500354387,0.8169364090548,0.573344561993695,0.663676713468479,0.663676713468479,1.32090568121111,0.0907404129835699,3.37968745485468,3.37968745485468,3.07325222224463,3.39601125778675,1.63769415076859,1.63769415076859,1.56647888592686,1.64689206078201,0.977943298297302,0.977943298297302,0.95722202247474,1.00306348509738
163,0.923405787328284,0.923405787328284,0.922966941204928,0.93505911104122,1.0287689343855,1.0287689343855,1.05873379491187,1.00937104016865,0.638741418182859,0.638741418182859,0.791034498126284,0.536527944612666,0.643525808702389,0.643525808702389,1.31460201429083,0.0662596274430143,3.43236007205588,3.43236007205588,3.1243003535083,3.45527241187906,1.58127462723249,1.58127462723249,1.5128239195263,1.59054981994723,0.960217143007865,0.960217143007865,0.940438715664111,0.985755362059824
164,0.925384080405493,0.925384080405493,0.923212105891333,0.933391126608076,1.02258773394475,1.02258773394475,1.05224916680829,0.999699939103556,0.604426075729842,0.604426075729842,0.759805593360712,0.498587496714837,0.61426450777926,0.61426450777926,1.29073793729088,0.0377333105891901,3.58761747717977,3.58761747717977,3.2538135203567,3.59598704817909,1.57672853118779,1.57672853118779,1.50686363662913,1.58422943476072,0.965537476118973,0.965537476118973,0.944345326354566,0.990605056409425
165,0.923721497967812,0.923721497967812,0.922303897142871,0.928663730870306,1.01311905469513,1.01311905469513,1.04884656246391,0.989896350758545,0.574097868291022,0.574097868291022,0.736972536424414,0.462939264425087,0.595313910699596,0.595313910699596,1.29155662193532,0.0381829806128954,3.7104783753919,3.7104783753919,3.34739881265989,3.6986384883907,1.5530691618986,1.5530691618986,1.4828048335639,1.55901503566339,0.961124897044225,0.961124897044225,0.940087875476854,0.986948686455347
166,0.926130099429016,0.926130099429016,0.925410576604473,0.928495573835729,1.0089552900747,1.0089552900747,1.0479954728785,0.984563045254025,0.543850852511326,0.543850852511326,0.709685502518698,0.425946187479343,0.567278902935607,0.567278902935607,1.27612110477764,0.0377033325876097,3.71325653123154,3.71325653123154,3.35605742702335,3.70842071701783,1.49054526470595,1.49054526470595,1.42395185546211,1.49717459065525,0.94578680657732,0.94578680657732,0.925944056657166,0.972449140782515
167,0.924741213010841,0.924741213010841,0.924354381193557,0.924564907633345,0.999832581266467,0.999832581266467,1.0393140884906,0.972660356668109,0.508715552370062,0.508715552370062,0.676507301393002,0.386842865187605,0.533993723918598,0.533993723918598,1.24741798017544,0.0379723851517934,3.78744602075256,3.78744602075256,3.43817274282653,3.79875969226874,1.46384112970204,1.46384112970204,1.39853239515442,1.4704732307938,0.943403922013698,0.943403922013698,0.923266333048299,0.970425684093545
168,0.923672408063924,0.923672408063924,0.924301144838537,0.920252939709198,0.991504844857672,0.991504844857672,1.03494202480278,0.961774083316859,0.480787183009571,0.480787183009571,0.653582459199179,0.350257697096108,0.507940799552047,0.507940799552047,1.2403393282081,0.0379648906513983,3.87265958683249,3.87265958683249,3.49406047207599,3.85971668300136,1.43452484084496,1.43452484084496,1.37022394596037,1.44060537343961,0.9402941435198,0.9402941435198,0.919923413794398,0.967486204089832
169,0.92257210581084,0.92257210581084,0.923746550341396,0.915860818485261,0.980718853803703,0.980718853803703,1.02818582780893,0.950104331932759,0.449385684292258,0.449385684292258,0.625370674917037,0.31277287834677,0.475325161119222,0.475325161119222,1.21829834378583,0.0380443323555862,3.84844093028774,3.84844093028774,3.46008462995329,3.82261481149204,1.36852481594777,1.36852481594777,1.30661924583849,1.37380872438786,0.925593086758609,0.925593086758609,0.90479876619655,0.952185648394232
170,0.928112572114069,0.928112572114069,0.929168993905503,0.917643620011083,0.976001018557236,0.976001018557236,1.02568858673665,0.94305266379452,0.417973724341943,0.417973724341943,0.596826016100937,0.274551619380841,0.44003246611446,0.44003246611446,1.1945592203221,0.0378247434940102,3.89830495368691,3.89830495368691,3.50409415005949,3.87061720248652,1.33892847770036,1.33892847770036,1.27675394035348,1.34240490503333,0.925708537462187,0.925708537462187,0.905177809884159,0.953164540394666
171,0.925143083670881,0.925143083670881,0.928356194416102,0.913801566937983,0.960078298704419,0.960078298704419,1.01481074674968,0.929190626836144,0.379313066747748,0.379313066747748,0.562151437140433,0.234585110833007,0.400193972031946,0.400193972031946,1.1571175418588,0.03819122456333,3.8133553677535,3.8133553677535,3.42709603043952,3.78462146164258,1.25444613044453,1.25444613044453,1.20217893463568,1.26547451273933,0.907761634073058,0.907761634073058,0.887383672585264,0.935719906713294
172,0.925986599559722,0.925986599559722,0.928848570007117,0.911332157047148,0.949404109276117,0.949404109276117,1.00535309328812,0.915815055992755,0.346186401411862,0.346186401411862,0.529642767747813,0.196071081413197,0.363067366112455,0.363067366112455,1.12462757402222,0.0381904751132905,3.7868173384749,3.7868173384749,3.41176621429752,3.76858010876374,1.2160333530639,1.2160333530639,1.1605799997888,1.22032180927711,0.903029467558611,0.903029467558611,0.883743480866249,0.931873996034674
173,0.930884908728455,0.930884908728455,0.934457046019643,0.914259580672962,0.940013912143593,0.940013912143593,0.999792571170225,0.903504296132042,0.338196361465061,0.338196361465061,0.525937647224944,0.182078013804699,0.325773789708716,0.325773789708716,1.10413655969408,0.0381005411085494,3.63356330469354,3.63356330469354,3.26548761317834,3.60761832455133,1.12531531750015,1.12531531750015,1.07392749008926,1.12935991852204,0.885682196405864,0.885682196405864,0.865215295417269,0.913256256290971
174,0.935319909733616,0.935319909733616,0.940964436094544,0.919333901113489,0.926562256819559,0.926562256819559,0.989999453203882,0.89004583581096,0.33701603772055,0.33701603772055,0.527227981063464,0.180582973333159,0.283294176410146,0.283294176410146,1.06747874275856,0.0377415545396247,3.56704860903393,3.56704860903393,3.21394688119181,3.55210032803887,1.07096175385982,1.07096175385982,1.02380010679568,1.07699706476235,0.879181144148889,0.879181144148889,0.859628399675676,0.908086364542967
175,0.951586943460648,0.951586943460648,0.957191466692709,0.934924865018093,0.922764316233702,0.922764316233702,0.986389726840045,0.884029554458712,0.334677639868885,0.334677639868885,0.524927341863019,0.177814023778152,0.240952783711119,0.240952783711119,1.02348075907771,0.037681598536464,3.43140653370693,3.43140653370693,3.07293175961968,3.39551932997479,0.994893308914777,0.994893308914777,0.950015475892892,0.99909251019432,0.87541399079929,0.87541399079929,0.853968676439049,0.902695153376402
176,0.958033647088069,0.958033647088069,0.96298170930892,0.939302719241441,0.908201688362571,0.908201688362571,0.976160414811911,0.869410432397017,0.333692956795301,0.333692956795301,0.527358371756579,0.176179808885804,0.198585958421775,0.198585958421775,0.988954663126281,0.038020349954322,3.13828950934181,3.13828950934181,2.81045790125058,3.10564617281007,0.882588269550356,0.882588269550356,0.842203256686499,0.885905516975905,0.854472310664068,0.854472310664068,0.832919353593722,0.881432353882395
177,0.962988476574633,0.962988476574633,0.969432602952337,0.943100035589077,0.89673515066193,0.89673515066193,0.968048077249799,0.855282480140719,0.336234333794776,0.336234333794776,0.532231000755171,0.175059964830931,0.155226156345319,0.155226156345319,0.956080958200313,0.0379221719991463,2.94384295093647,2.94384295093647,2.63762852940178,2.91553822901519,0.804966234012542,0.804966234012542,0.76823453129024,0.80805339262451,0.844200686086613,0.844200686086613,0.823142960374594,0.871867655685088
178,0.96621352208564,0.96621352208564,0.974263446683273,0.946480848721035,0.883798135001449,0.883798135001449,0.956157429129931,0.839869061558227,0.333732850004736,0.333732850004736,0.531227926958991,0.172387745602097,0.111451692470236,0.111451692470236,0.913746290444264,0.0379439060502921,2.59131655816776,2.59131655816776,2.3234111835,2.56897470997241,0.687117544708125,0.687117544708125,0.657375332440091,0.691549026775211,0.825943968679596,0.825943968679596,0.803848832213049,0.852309099342144
179,0.970491364372345,0.970491364372345,0.979468193439266,0.949507890423823,0.870136100645545,0.870136100645545,0.946211212259778,0.82489000265361,0.333346487003771,0.333346487003771,0.533188793824305,0.170034560576309,0.0669629045367174,0.0669629045367174,0.876596170232153,0.0376688578857923,2.06164786531921,2.06164786531921,1.85337279844293,2.04979259516085,0.531219087651221,0.531219087651221,0.508887808564175,0.535567251883533,0.798294129536171,0.798294129536171,0.775824821587865,0.82372421326527
180,0.971882436206387,0.971882436206387,0.982553959857171,0.951977551241804,0.854255263242369,0.854255263242369,0.930939458790536,0.807796216803278,0.327237907619355,0.327237907619355,0.526688840023503,0.165531148336376,0.0239674519606551,0.0239674519606551,0.822851810725914,0.0380518268559813,1.33577828059686,1.33577828059686,1.20887211096404,1.33852431081899,0.334336320192591,0.334336320192591,0.322195046044021,0.339230248963824,0.760595796834081,0.760595796834081,0.738532222713806,0.785544719632012
181,0.97508879641174,0.97508879641174,0.986767920821509,0.954588125575649,0.843107626040391,0.843107626040391,0.922689657957343,0.796061397701821,0.341804237748467,0.341804237748467,0.54126901162255,0.178748849100055,0.0681388853976242,0.0681388853976242,0.836468332143167,0.104578258513061,0.0808072559613499,0.0808072559613499,0.102043192283714,0.116504277603351,0.0197004786188814,0.0197004786188814,0.0234215771856105,0.025228557468065,0.697107579682736,0.697107579682736,0.675109080764162,0.720181947584393
182,0.979112447515543,0.979112447515543,0.991469783442141,0.956124875111419,0.894355792469704,0.894355792469704,0.974483142402203,0.848632559426836,0.594573233688473,0.594573233688473,0.776702647369414,0.435469610525409,1.12465015329601,1.12465015329601,1.70948659784085,1.14513567796821,2.71174573989395e-05,2.71174573989395e-05,0.0307610100570682,0.0378393877098445,0,0,0.00470698779497979,0.00557275684427279,0.711435588732275,0.711435588732275,0.687465810337589,0.733774669038119
183,0.980803276453291,0.980803276453291,0.994425979161444,0.957459735834838,0.920428566890525,0.920428566890525,1.00181397784261,0.877320942141141,0.749917859641061,0.749917859641061,0.919172947903719,0.593930651385205,1.73845079274321,1.73845079274321,2.19291202810725,1.75414027897316,1.3282019950501e-05,1.3282019950501e-05,0.0306956928341473,0.0378183587346768,0,0,0.00470077763196399,0.00557242500745865,0.727830279341559,0.727830279341559,0.704082546139431,0.75154766616001
184,0.981578525414021,0.981578525414021,0.997058490905898,0.958409172461952,0.941474998490652,0.941474998490652,1.0228217533843,0.899052775789969,0.872080235198826,0.872080235198826,1.03163369691182,0.719110949344423,2.18495751174024,2.18495751174024,2.53328204674742,2.19560382474583,1.3282019950501e-05,1.3282019950501e-05,0.0308603466669271,0.0380947395511669,0,0,0.00469551478195059,0.00557828745784167,0.747052735149671,0.747052735149671,0.721254739470006,0.770036225020596
185,0.984307262981882,0.984307262981882,0.999252071504343,0.958961498957104,0.955178673600279,0.955178673600279,1.03711993814508,0.913186947370255,0.963183131903336,0.963183131903336,1.11483820103457,0.811388163046216,2.48412660044903,2.48412660044903,2.74371199542131,2.4939486437237,1.3282019950501e-05,1.3282019950501e-05,0.0306582715085155,0.0378844497994897,0,0,0.0046961463239522,0.00557198255837314,0.765169067540223,0.765169067540223,0.737794814750759,0.787738482572829
186,0.984438524522327,0.984438524522327,0.999919277366141,0.958857866045792,0.959895438479113,0.959895438479113,1.04298705898426,0.918785122908161,1.02114531086942,1.02114531086942,1.1679305766524,0.871572013257304,2.65576285925442,2.65576285925442,2.83862342406644,2.66331161200202,1.3282019950501e-05,1.3282019950501e-05,0.0309100149718566,0.0381435568149492,0,0,0.00473182844704302,0.00558127398916886,0.781211466008556,0.781211466008556,0.754181616310642,0.805459974597758
187,0.9846263883337,0.9846263883337,1.00247503858704,0.958593532220815,0.97706434248067,0.97706434248067,1.05945994977807,0.934712341273252,1.10880583736489,1.10880583736489,1.24983039505999,0.961300705298881,2.89791982082875,2.89791982082875,3.00660399354119,2.90701852529954,1.3282019950501e-05,1.3282019950501e-05,0.0307460415268155,0.037969316734988,0,0,0.00469993557596185,0.00557817684557029,0.799855804922292,0.799855804922292,0.772087621184756,0.822644573950053
188,0.972530111515945,0.972530111515945,0.994389459368718,0.947152293917081,0.979293849204273,0.979293849204273,1.0652965510649,0.937257926260647,1.16921914567858,1.16921914567858,1.30777359372432,1.02320447933375,3.01506730776493,3.01506730776493,3.07504439108091,3.03919378261743,1.3282019950501e-05,1.3282019950501e-05,0.0310869157839341,0.0383966555517893,0,0,0.00470846139298354,0.00559664909489034,0.807548558474023,0.807548558474023,0.782431018332091,0.830030463886082
189,0.972911739761527,0.972911739761527,0.994919152430743,0.945885685377382,0.982445943771561,0.982445943771561,1.06876786198772,0.939716127132844,1.20953689380793,1.20953689380793,1.34339317144534,1.0616513251452,3.07709518401559,3.07709518401559,3.06916611242876,3.0903872159162,1.3282019950501e-05,1.3282019950501e-05,0.0308603466669271,0.0381285361184008,0,0,0.00469888300595917,0.00558857439907978,0.822908716843886,0.822908716843886,0.801335597475359,0.846287577948857
190,0.974232004121514,0.974232004121514,0.997075519603171,0.946314125555864,0.994641470886265,0.994641470886265,1.08214640092728,0.953014609716713,1.27821434198686,1.27821434198686,1.40714554249959,1.13228099534295,3.2070098312903,3.2070098312903,3.14258621564975,3.22946640699805,1.3282019950501e-05,1.3282019950501e-05,0.0309651263786961,0.0382614692828539,0.01463959164466,0.01463959164466,0.0199394651027481,0.0222087318471862,0.840221176656756,0.840221176656756,0.820208092770911,0.862461555799725
191,0.976511092374966,0.976511092374966,1.0020521650517,0.949848255174047,0.997276612414793,0.997276612414793,1.08445686634833,0.95464485655006,1.3053044074669,1.3053044074669,1.4345157950388,1.16591031916439,3.22356810623308,3.22356810623308,3.0987732724515,3.24993163922692,1.3282019950501e-05,1.3282019950501e-05,0.0306929712831922,0.037969316734988,0.0542140467055597,0.0542140467055597,0.0575615799655005,0.0627565358396862,0.854553951544493,0.854553951544493,0.838836173503855,0.878329307071233
192,0.981773765003941,0.981773765003941,1.00601596716994,0.953359657962147,1.00934604331673,1.00934604331673,1.09447735247395,0.965582922759061,1.36696205602556,1.36696205602556,1.48587481997512,1.2235413095067,3.29739781015507,3.29739781015507,3.11714963595077,3.31969944230487,1.3282019950501e-05,1.3282019950501e-05,0.0310597002743837,0.0384116762483377,0.0894334017494833,0.0894334017494833,0.0950867531310061,0.103080128758104,0.872276860538346,0.872276860538346,0.857252633341544,0.893969097865832
193,0.979319406398044,0.979319406398044,1.00598225659204,0.951558789681812,1.0074012889115,1.0074012889115,1.09297242282372,0.96238645154519,1.3863375086486,1.3863375086486,1.50458688573081,1.24454703264047,3.26062062591122,3.26062062591122,3.03120345282809,3.279221645671,1.3282019950501e-05,1.3282019950501e-05,0.0309277050530643,0.0382051416707975,0.128591727632603,0.128591727632603,0.132911908747275,0.143655475206177,0.880658381314775,0.880658381314775,0.870326422715013,0.903736126974129
194,0.983201196694451,0.983201196694451,1.011578489977,0.955799530143221,1.0179246946155,1.0179246946155,1.10351910812774,0.97286256309257,1.43570555049644,1.43570555049644,1.54989153257104,1.29521859844912,3.27921406096167,3.27921406096167,3.00909009094768,3.3130323347534,1.3282019950501e-05,1.3282019950501e-05,0.030990981112769,0.0384064190045458,0.167860198464224,0.167860198464224,0.171083465151426,0.184866289153314,0.897222362785243,0.897222362785243,0.888115875204286,0.918378037260723
195,0.987987312076168,0.987987312076168,1.01816956690835,0.960127306477568,1.01923230405518,1.01923230405518,1.10739859927037,0.974123622491853,1.45599058390836,1.45599058390836,1.56980759839576,1.31557523178206,3.21725971806997,3.21725971806997,2.90994458100137,3.26038421892795,1.3282019950501e-05,1.3282019950501e-05,0.0307378768739504,0.0380293995211815,0.206895490096357,0.206895490096357,0.20981814650701,0.22636768153736,0.910863952994125,0.910863952994125,0.90597569448051,0.932763159957877
196,0.991330370043934,0.991330370043934,1.02247637068858,0.963795646272143,1.01850990948685,1.01850990948685,1.10676771151257,0.973361676908441,1.4716127178817,1.4716127178817,1.58250055384522,1.3320467062204,3.15420624497071,3.15420624497071,2.79523382071769,3.18401600935204,1.3282019950501e-05,1.3282019950501e-05,0.0311862523937931,0.0382314278897572,0.245477937567876,0.245477937567876,0.248183902076655,0.267541993434942,0.9233143944692,0.9233143944692,0.923274093743026,0.94665950076065
197,0.9913113569259,0.9913113569259,1.02357688926674,0.963424632563367,1.02883526265075,1.02883526265075,1.11568538438868,0.982403737775855,1.51616913903072,1.51616913903072,1.62299064672253,1.37804355917513,3.14970191207282,3.14970191207282,2.77687247895501,3.17569336666329,1.3282019950501e-05,1.3282019950501e-05,0.0307780197505372,0.0382254196111378,0.283231329480209,0.283231329480209,0.286415560227959,0.308745728196711,0.930660968585494,0.930660968585494,0.934880118065489,0.954451479116377
198,0.995962468242501,0.995962468242501,1.02914180510864,0.967581025656974,1.03202716798839,1.03202716798839,1.1179567106137,0.983310034391668,1.52978661971273,1.52978661971273,1.63655261386477,1.39339905877165,3.04238799147049,3.04238799147049,2.70247869408017,3.08792602198645,1.3282019950501e-05,1.3282019950501e-05,0.0308283684432054,0.0382982699893974,0.327631070689314,0.327631070689314,0.325375912592117,0.350797637855403,0.946490631087916,0.946490631087916,0.951677479304984,0.967601955277179
199,0.996079251402835,0.996079251402835,1.03261416804081,0.969409711003784,1.02571538269642,1.02571538269642,1.11412938836104,0.977626042635369,1.52914793801725,1.52914793801725,1.63545007822589,1.39298505297563,2.91125423850781,2.91125423850781,2.59407364913539,2.96523880216874,1.3282019950501e-05,1.3282019950501e-05,0.0307249495069139,0.0380526816008315,0.364727733110827,0.364727733110827,0.363402530106899,0.392122161217516,0.953437910847413,0.953437910847413,0.966439456388246,0.978113176464604
200,0.99892428041246,0.99892428041246,1.03453522011956,0.971098343156374,1.03605413271973,1.03605413271973,1.12237432811611,0.987892526380084,1.56591854746973,1.56591854746973,1.66867979035065,1.43377535215581,2.87055269500175,2.87055269500175,2.55337430224958,2.91790278822332,1.3282019950501e-05,1.3282019950501e-05,0.0311821700673605,0.0383177968949103,0.409735146344328,0.409735146344328,0.402089635298362,0.433096486128448,0.963972554437268,0.963972554437268,0.978129949247835,0.986388328709886
201,1.00230170404472,1.00230170404472,1.03900336300307,0.975156014341385,1.03712163452973,1.03712163452973,1.12224924305427,0.98830681697887,1.57745635064463,1.57745635064463,1.67562242722987,1.44510745642798,2.75166749868813,2.75166749868813,2.45522842059305,2.8045709532488,1.3282019950501e-05,1.3282019950501e-05,0.0309181796247217,0.0380654491928976,0.446564023742106,0.446564023742106,0.441870781750609,0.475542396697787,0.976531297858625,0.976531297858625,0.993740823298889,0.998283349684847
202,1.00741350102585,1.00741350102585,1.04384825280813,0.978665481405787,1.03456746113344,1.03456746113344,1.11871107977869,0.983326392781654,1.57160188553949,1.57160188553949,1.67035996121023,1.44045490361242,2.60531952789261,2.60531952789261,2.32792125136817,2.66024036574011,1.3282019950501e-05,1.3282019950501e-05,0.0310147946836256,0.0382103989145894,0.490573258144431,0.490573258144431,0.481089540050425,0.518121705666407,0.987960261346733,0.987960261346733,1.00927943771062,1.00973096009928
203,1.01191892705729,1.01191892705729,1.05060552427581,0.984273631426129,1.04202433262482,1.04202433262482,1.1262830859559,0.990724095744488,1.59240240791795,1.59240240791795,1.69042666611214,1.46346382386456,2.49467891390049,2.49467891390049,2.23893180097256,2.55701861179856,1.3282019950501e-05,1.3282019950501e-05,0.0308317703818992,0.0378123504560575,0.53298710936714,0.53298710936714,0.521540857823378,0.561400194802405,1.00209242207441,1.00209242207441,1.02448079315087,1.02077400707778
204,1.01258094415847,1.01258094415847,1.05273161435512,0.984191972563463,1.0437670982993,1.0437670982993,1.12869678664433,0.99122352313972,1.60264926371278,1.60264926371278,1.69742337285216,1.47086609741877,2.37883125348241,2.37883125348241,2.12157243540468,2.42336394010268,8.85467996700064e-06,8.85467996700064e-06,0.0308766759726574,0.0379467856901654,0.566840432698684,0.566840432698684,0.558269551267856,0.601230125153665,1.00793053933112,1.00793053933112,1.03338226268208,1.02473876810431
205,1.01615516448945,1.01615516448945,1.05661100130196,0.987399645964659,1.04122873872159,1.04122873872159,1.12366241359063,0.985893667008168,1.59257462791798,1.59257462791798,1.68764852106285,1.46253591622659,2.21349785401615,2.21349785401615,1.97909877466841,2.26117770540269,8.85467996700064e-06,8.85467996700064e-06,0.0311195743953946,0.0383320665566313,0.610308082045714,0.610308082045714,0.598139955656331,0.643830008004761,1.02264209475037,1.02264209475037,1.04770400962479,1.03465716414991
206,1.01571890084722,1.01571890084722,1.05790303203152,0.987157035261181,1.04070097842254,1.04070097842254,1.12442921107908,0.985787520394552,1.59564211125479,1.59564211125479,1.69030005808418,1.46686075842197,2.05267597491896,2.05267597491896,1.8521050134934,2.11568322198265,8.85467996700064e-06,8.85467996700064e-06,0.0308848406255225,0.0381277850835734,0.64767909131768,0.64767909131768,0.634596665012117,0.682923703077732,1.0296864870969,1.0296864870969,1.05549323910188,1.03740936630822
207,1.01911132189585,1.01911132189585,1.06268743701368,0.991646372830838,1.04290583216259,1.04290583216259,1.12461583638768,0.986942380916991,1.59705367509,1.59705367509,1.69082384595379,1.47175062297107,1.92450069566888,1.92450069566888,1.72096730143676,1.96739928551555,8.85467996700064e-06,8.85467996700064e-06,0.0309535597871372,0.0380677022973799,0.69051860199031,0.69051860199031,0.67422666241198,0.725576237370004,1.04162850342747,1.04162850342747,1.06869914957095,1.04624989398749
208,1.01465050566578,1.01465050566578,1.05956913919447,0.98682107965938,1.04234285331561,1.04234285331561,1.12465567718262,0.986082284993663,1.59826475798229,1.59826475798229,1.69049330777185,1.4806919053269,1.73981475361949,1.73981475361949,1.5803959387984,1.80537568147414,8.85467996700064e-06,8.85467996700064e-06,0.0306092835913248,0.0377244793812494,0.722433217994249,0.722433217994249,0.705609142298852,0.759586634899547,1.0413925944367,1.0413925944367,1.06900314166199,1.04105319204098
209,1.01664748404864,1.01664748404864,1.06115558257405,0.987869632509177,1.03808268655223,1.03808268655223,1.11814498969115,0.979787963274878,1.58464181247708,1.58464181247708,1.67523904299056,1.47557586768787,1.57190271064817,1.57190271064817,1.42453313111243,1.62783396491466,8.85467996700064e-06,8.85467996700064e-06,0.0310814726820241,0.0384800204176328,0.760596958427491,0.760596958427491,0.742520772409796,0.798767049993278,1.0496906094395,1.0496906094395,1.07908920552927,1.04607078218421
210,1.01569242999754,1.01569242999754,1.06165867479939,0.988076468170977,1.03256349122851,1.03256349122851,1.11216340800211,0.975478912489042,1.56644590290952,1.56644590290952,1.66128367867183,1.47573415367615,1.3725897118728,1.3725897118728,1.27037938736726,1.45112863459927,8.85467996700064e-06,8.85467996700064e-06,0.0308412958102419,0.0382719837704378,0.8047722695394,0.8047722695394,0.778793387272114,0.83863414606772,1.05897066339143,1.05897066339143,1.08642116919445,1.04924948786751
211,1.01718389437292,1.01718389437292,1.06509430984885,0.990299718531555,1.04046618810303,1.04046618810303,1.11871774496829,0.981131232729905,1.57510093377211,1.57510093377211,1.66731024305352,1.48825398910483,1.21505195422074,1.21505195422074,1.12172223360348,1.28295429408361,8.85467996700064e-06,8.85467996700064e-06,0.0308964072170814,0.0383373238004232,0.839035316455975,0.839035316455975,0.812932863767002,0.875286296474574,1.06238700960763,1.06238700960763,1.09183652518978,1.04911656831451
212,1.02252210043776,1.02252210043776,1.06953952815213,0.994804398503855,1.04179254624029,1.04179254624029,1.11809953610498,0.981706075961399,1.57187442407987,1.57187442407987,1.66026458417616,1.49197980677122,1.03856912831299,1.03856912831299,0.961503122304937,1.09941472885794,8.85467996700064e-06,8.85467996700064e-06,0.0305514506335302,0.0379640594911961,0.878118571916746,0.878118571916746,0.851180836753348,0.916330860177831,1.07261315151185,1.07261315151185,1.10244643595117,1.05513907356829
213,1.02325836704299,1.02325836704299,1.07058275262052,0.994286843341796,1.03852940966307,1.03852940966307,1.11380645240812,0.976208141292482,1.55500693496583,1.55500693496583,1.64294743182513,1.48262744984138,0.857308845602654,0.857308845602654,0.793338195153787,0.908568775197096,8.85467996700064e-06,8.85467996700064e-06,0.0310181966223194,0.0386392398010456,0.912940233391291,0.912940233391291,0.884683929424616,0.952682034594266,1.07578740696165,1.07578740696165,1.1073166504632,1.05417666123117
214,1.02565746194517,1.02565746194517,1.07361930575648,0.997231186626599,1.03366206822786,1.03366206822786,1.10698174929266,0.969948156513699,1.5313584590058,1.5313584590058,1.62194006710216,1.47142818855049,0.654083650977837,0.654083650977837,0.621462899063647,0.712603328316369,8.85467996700064e-06,8.85467996700064e-06,0.0308093175865201,0.0382787430838846,0.95750191110979,0.95750191110979,0.922933586522966,0.994101684509764,1.08577391008869,1.08577391008869,1.11751079620095,1.05963423378818
215,1.02563599023429,1.02563599023429,1.07455175698844,0.996737003535857,1.03082203761758,1.03082203761758,1.10250314279976,0.964396442984412,1.5132600574981,1.5132600574981,1.60271344763003,1.46028075126466,0.456317617152547,0.456317617152547,0.452010199402571,0.518843512901917,8.85467996700064e-06,8.85467996700064e-06,0.0309719302560837,0.0384244438404038,0.989464334708398,0.989464334708398,0.955497049952844,1.02934540886517,1.08883703171734,1.08883703171734,1.12115742361804,1.05742620487017
216,1.02913814647709,1.02913814647709,1.07963511791865,1.00184337095761,1.03001273610305,1.03001273610305,1.10195649702472,0.965248699423722,1.49940189038813,1.49940189038813,1.5918697704237,1.46045861781593,0.283884101928993,0.283884101928993,0.277403678476958,0.32086354431499,8.85467996700064e-06,8.85467996700064e-06,0.0307052182624899,0.0378942132522461,1.03337131397768,1.03337131397768,0.992850864721913,1.06929634904131,1.09497588027131,1.09497588027131,1.13026620780536,1.06145452328474
217,1.02922788511609,1.02922788511609,1.08080798244897,1.00285478658979,1.03249650693148,1.03249650693148,1.1010355482341,0.965480539097774,1.49003846229969,1.49003846229969,1.57869730653795,1.45685122151855,0.0775865398175475,0.0775865398175475,0.102922111087567,0.121518827206118,8.85467996700064e-06,8.85467996700064e-06,0.0308412958102419,0.0383020251635345,1.06189651213016,1.06189651213016,1.02386368202384,1.10273156275969,1.09743895524287,1.09743895524287,1.13236533376524,1.0579650652638
218,1.02745106006402,1.02745106006402,1.07982749711168,0.999234553113783,1.03786288137959,1.03786288137959,1.10680299191463,0.969581111871934,1.46438384973918,1.46438384973918,1.55700427812754,1.44159620421237,1.10576479633933e-06,1.10576479633933e-06,0.0302093950989638,0.0377108270880048,8.85467996700064e-06,8.85467996700064e-06,0.0306725596510294,0.0379054787746574,1.08995207097031,1.08995207097031,1.04678328857518,1.12783557081019,1.09195247396098,1.09195247396098,1.12840733213287,1.04646496589191
219,1.02363010628177,1.02363010628177,1.07695918473024,0.995849402526872,1.03817788021559,1.03817788021559,1.10714006007405,0.97117696950205,1.42983180237226,1.42983180237226,1.52159397079369,1.41460727072155,1.10576479633933e-06,1.10576479633933e-06,0.0302749444950152,0.037728813888953,8.85467996700064e-06,8.85467996700064e-06,0.0307712158731496,0.0380616940187605,1.11868756004575,1.11868756004575,1.07599105357951,1.15947068042417,1.09049619957615,1.09049619957615,1.12942937777144,1.04184918437521
220,1.02647469820823,1.02647469820823,1.07873062010829,0.997540938265008,1.05368156840408,1.05368156840408,1.11938922523414,0.98586821481672,1.41290474668522,1.41290474668522,1.50504258562757,1.40789172385872,1.10576479633933e-06,1.10576479633933e-06,0.0302489978590782,0.0377003347874517,8.85467996700064e-06,8.85467996700064e-06,0.0305643780005666,0.0377853132022704,1.15245128319578,1.15245128319578,1.10446644037599,1.19045052294251,1.08986545125125,1.08986545125125,1.12992582562746,1.04052864681757
221,1.02826078396003,1.02826078396003,1.08248168489645,1.00032171289733,1.06933938953171,1.06933938953171,1.13335405028685,1.00107169201719,1.39379457219459,1.39379457219459,1.4888949443397,1.40068009698373,1.10576479633933e-06,1.10576479633933e-06,0.0304374523727259,0.0378832005970918,8.85467996700064e-06,8.85467996700064e-06,0.0309957438269403,0.0383147927556007,1.18391571101658,1.18391571101658,1.13233670467792,1.22051726116063,1.09092384721671,1.09092384721671,1.13087731519384,1.03878263878845
222,1.03152696992471,1.03152696992471,1.08555316246858,1.00344217119192,1.07602597613519,1.07602597613519,1.13858166372455,1.0081560769354,1.36813550970661,1.36813550970661,1.46047455719955,1.38125664748837,1.10576479633933e-06,1.10576479633933e-06,0.0302899662316103,0.0377527962902173,8.85467996700064e-06,8.85467996700064e-06,0.0308637486056209,0.0380684533322073,1.21901734376448,1.21901734376448,1.16674163932748,1.25788131214607,1.09649407601765,1.09649407601765,1.13717582878491,1.04376466237476
223,1.0334404107861,1.0334404107861,1.08725748882581,1.00541675275078,1.08042463465908,1.08042463465908,1.14320439867812,1.01496137622253,1.33810037292966,1.33810037292966,1.43126470558982,1.36083986547988,1.10576479633933e-06,1.10576479633933e-06,0.0305514810096069,0.0380188510542429,8.85467996700064e-06,8.85467996700064e-06,0.0308385742592868,0.038080469889446,1.25069604647447,1.25069604647447,1.19846799383423,1.29213660524444,1.09642390077695,1.09642390077695,1.14057846753116,1.04551903321809
224,1.03433766058754,1.03433766058754,1.0892715224471,1.00622746251287,1.08781452185342,1.08781452185342,1.14956208749419,1.02159185501605,1.30573136629743,1.30573136629743,1.40227758620502,1.33960492078529,1.10576479633933e-06,1.10576479633933e-06,0.0303555156276617,0.037724317188716,8.85467996700064e-06,8.85467996700064e-06,0.0304963392266906,0.0378040890729558,1.28413870881717,1.28413870881717,1.22574650328066,1.32172107395936,1.09764354093476,1.09764354093476,1.14147175188709,1.04344908912068
225,1.03100804292735,1.03100804292735,1.08539980014812,1.002026440234,1.08651537177084,1.08651537177084,1.14741268913594,1.02052014528744,1.26897808814141,1.26897808814141,1.36359916742897,1.30869295701157,1.10576479633933e-06,1.10576479633933e-06,0.0305378248854295,0.0378449786450769,8.85467996700064e-06,8.85467996700064e-06,0.030696373221886,0.0382036396011427,1.30306434506428,1.30306434506428,1.24666875299491,1.34469944599079,1.08867723799749,1.08867723799749,1.13769063730894,1.03749186301081
226,1.02764119124435,1.02764119124435,1.08233390632398,0.998569309402917,1.0918046106934,1.0918046106934,1.15241022824716,1.02860955205687,1.2437626131603,1.2437626131603,1.33503025505391,1.28962172315236,1.10576479633933e-06,1.10576479633933e-06,0.0303835106822253,0.0378224951438916,8.85467996700064e-06,8.85467996700064e-06,0.0305534917967465,0.038080469889446,1.32091891933344,1.32091891933344,1.26058362317332,1.35999402597871,1.07794474305233,1.07794474305233,1.12947750354301,1.0268904218159
227,1.02920395481236,1.02920395481236,1.08429477295358,1.00060626428093,1.10260292823915,1.10260292823915,1.1628603935876,1.04030830953184,1.22797817393762,1.22797817393762,1.31126076598114,1.27510150457844,1.10576479633933e-06,1.10576479633933e-06,0.0305705995834552,0.0379873741525836,8.85467996700064e-06,8.85467996700064e-06,0.0307004555483186,0.0381435568149492,1.34675806496519,1.34675806496519,1.28115736695968,1.38254189504994,1.07339630305389,1.07339630305389,1.1222017575933,1.01758797163379
228,1.03285633107824,1.03285633107824,1.0882910371098,1.00486983911263,1.11031475439511,1.11031475439511,1.16732992940894,1.04697401374022,1.208129936038,1.208129936038,1.28106096864843,1.25266464161284,1.10576479633933e-06,1.10576479633933e-06,0.0303753170077189,0.0376718556859504,8.85467996700064e-06,8.85467996700064e-06,0.0303058306598379,0.0377920725157171,1.37741148225028,1.37741148225028,1.31100456824065,1.41466557906659,1.07583088660144,1.07583088660144,1.12549210287255,1.0195708440773
229,1.03318184877147,1.03318184877147,1.08781992137913,1.00438436677853,1.11224559402111,1.11224559402111,1.16825378482359,1.04978300539065,1.17907698412974,1.17907698412974,1.24704868985526,1.22619488616358,1.10576479633933e-06,1.10576479633933e-06,0.0306982843445136,0.0379828774523465,8.85467996700064e-06,8.85467996700064e-06,0.0305419252051876,0.0381225278397814,1.40259327345533,1.40259327345533,1.33266940609179,1.43834810881761,1.07004716206329,1.07004716206329,1.12193429755305,1.01400012756325
230,1.03135571527392,1.03135571527392,1.08631882957591,1.00266200284817,1.11172957323803,1.11172957323803,1.16563817399328,1.04862203007067,1.14636759708041,1.14636759708041,1.20630293331517,1.19288647252727,1.10576479633933e-06,1.10576479633933e-06,0.030690773476216,0.037983626902386,8.85467996700064e-06,8.85467996700064e-06,0.0305657387760441,0.0379971050236025,1.42551162502715,1.42551162502715,1.35247266863619,1.45976131720905,1.06622661751185,1.06622661751185,1.11778819371616,1.00783496253756
231,1.02798981971036,1.02798981971036,1.08323060075983,0.999368153895677,1.10714670789729,1.10714670789729,1.16051199171149,1.04453609100002,1.11368038159953,1.11368038159953,1.16418262300935,1.15757767574573,1.10576479633933e-06,1.10576479633933e-06,0.0307201341431974,0.0380563235562184,8.85467996700064e-06,8.85467996700064e-06,0.0307263102823915,0.0381675899294266,1.44372327203362,1.44372327203362,1.3714530319525,1.48064015771747,1.06013176662355,1.06013176662355,1.1133009032391,1.00116965202875
232,1.02690175578612,1.02690175578612,1.08070608771865,0.996738580792203,1.10676389609254,1.10676389609254,1.16080250377218,1.04660012261574,1.08417166343554,1.08417166343554,1.12848872704345,1.12933640696539,1.10576479633933e-06,1.10576479633933e-06,0.0306361489795066,0.0379978664531367,8.85467996700064e-06,8.85467996700064e-06,0.0302935836805402,0.0378731842770784,1.45510593223296,1.45510593223296,1.38408271415764,1.48862293473051,1.0458090414381,1.0458090414381,1.1013888520093,0.986714527657314
233,1.02361112048144,1.02361112048144,1.07858076063596,0.99454174947543,1.10776334323787,1.10776334323787,1.16083046749995,1.04821667648367,1.05247240992217,1.05247240992217,1.0920129319383,1.1002406283461,8.84611837071467e-06,8.84611837071467e-06,0.0305036845749861,0.0376883435868196,8.85467996700064e-06,8.85467996700064e-06,0.0301098789910751,0.0377680394012397,1.46356725155349,1.46356725155349,1.40009346172539,1.49598152669618,1.03050172170912,1.03050172170912,1.08950907391246,0.972289656996124
234,1.02718004117895,1.02718004117895,1.08135792960307,0.997749279489685,1.10959560545767,1.10959560545767,1.16035513424212,1.04944820715981,1.02575449890275,1.02575449890275,1.0551100294348,1.07048333154467,8.84611837071467e-06,8.84611837071467e-06,0.0307016983755579,0.037985125802465,1.05149324608133e-05,1.05149324608133e-05,0.0304623198397527,0.037960304317059,1.49105880576372,1.49105880576372,1.43659458953529,1.52488572994212,1.03142021614896,1.03142021614896,1.09059173814826,0.971744795053473
235,1.03088279128054,1.03088279128054,1.08518366401491,1.00222822150615,1.11550275725638,1.11550275725638,1.16571048879465,1.05696956491724,0.999295776641302,0.999295776641302,1.02397847266963,1.04703191401863,8.84611837071467e-06,8.84611837071467e-06,0.0305842557076326,0.0379206730990673,0.0819605780270517,0.0819605780270517,0.107164470793358,0.124979705630773,1.50990234105986,1.50990234105986,1.46144018867752,1.5413966024661,1.02911192731364,1.02911192731364,1.08944178301061,0.969056494634373
236,1.03002588971952,1.03002588971952,1.083174243055,1.00083467967729,1.1134671251863,1.1134671251863,1.16423537709787,1.0570164972949,0.972667722929238,0.972667722929238,0.985803927143684,1.01556934950344,8.84611837071467e-06,8.84611837071467e-06,0.030556260653069,0.0379289170495019,0.296401557215379,0.296401557215379,0.293960842143422,0.336377984713324,1.51060320664706,1.51060320664706,1.47436080123141,1.54510731233401,1.02572244937365,1.02572244937365,1.08963286645762,0.96801699682739
237,1.02653280295256,1.02653280295256,1.0784124505181,0.995371673087562,1.1080890457502,1.1080890457502,1.15611241532377,1.04989484869599,0.931597858988353,0.931597858988353,0.941946928510628,0.977975372046631,8.84611837071467e-06,8.84611837071467e-06,0.0303930699691494,0.0378060072430224,0.489782233519694,0.489782233519694,0.482569086041803,0.54938122522207,1.51602991546089,1.51602991546089,1.48481934729203,1.54568459777833,1.02581890579456,1.02581890579456,1.08917157833443,0.96626611868882
238,1.02735744231186,1.02735744231186,1.07871373013768,0.996197832792505,1.10532646141737,1.10532646141737,1.15339366945449,1.04865453779774,0.901736503589495,0.901736503589495,0.901900297495737,0.94446763531397,8.84611837071467e-06,8.84611837071467e-06,0.0308901528892056,0.0380922971581148,0.693148775156793,0.693148775156793,0.661566172742464,0.751505726255654,1.52658352010104,1.52658352010104,1.50603757969103,1.55785327497711,1.02996608293781,1.02996608293781,1.095365985045,0.971884601629946
239,1.02494179288449,1.02494179288449,1.07574674842071,0.993113615547157,1.09603594658667,1.09603594658667,1.14404626724935,1.04018799958377,0.859618876901399,0.859618876901399,0.856804364768375,0.905391866509081,8.84611837071467e-06,8.84611837071467e-06,0.0308792279898637,0.0381410114106829,0.901238181721292,0.901238181721292,0.844355060311232,0.958479659169881,1.54208208611005,1.54208208611005,1.52733433381223,1.57019096772657,1.03416212719011,1.03416212719011,1.10181318218993,0.977675702895085
240,1.02505660917054,1.02505660917054,1.07614843145904,0.993804704754064,1.09312102477006,1.09312102477006,1.14029236231063,1.03786416746765,0.826714629870171,0.826714629870171,0.816717125730457,0.871120956815141,8.84611837071467e-06,8.84611837071467e-06,0.0308225550745276,0.0380525763060208,1.10283655445248,1.10283655445248,1.02516606072343,1.16192748356938,1.55165657246331,1.55165657246331,1.54717906761474,1.58044505712008,1.03886096737224,1.03886096737224,1.10799220947497,0.983272294940177
241,1.01948609339916,1.01948609339916,1.07159309887095,0.9892065364965,1.0835646789585,1.0835646789585,1.13021168902185,1.0286852814725,0.790194075114012,0.790194075114012,0.772027050723644,0.832258698221112,8.84611837071467e-06,8.84611837071467e-06,0.0305391904978473,0.0377153237882419,1.28900288025368,1.28900288025368,1.19711501083827,1.35653788115463,1.54569632464363,1.54569632464363,1.55400887859112,1.57670038928486,1.03652052639662,1.03652052639662,1.1077403654668,0.98181947733885
242,1.0186493249818,1.0186493249818,1.06926415573594,0.987170621173802,1.08028362235543,1.08028362235543,1.12562914566266,1.0254187252715,0.758230480295074,0.758230480295074,0.73159937182145,0.797522662219385,8.84611837071467e-06,8.84611837071467e-06,0.0311202585815943,0.0383043915192958,1.46551539122086,1.46551539122086,1.35518473147016,1.53555904882716,1.5268122466324,1.5268122466324,1.54978859916538,1.56237377728377,1.02868075709702,1.02868075709702,1.10215257062033,0.975276313110617
243,1.0190649910795,1.0190649910795,1.06787921282715,0.985860423004164,1.07088962714421,1.07088962714421,1.11860488777307,1.01996944766672,0.717531365574553,0.717531365574553,0.692138942651288,0.760400963252052,8.84611837071467e-06,8.84611837071467e-06,0.0309782348901496,0.0381147806593001,1.66614085599067,1.66614085599067,1.51883363155988,1.72035417225288,1.53730663859812,1.53730663859812,1.56300751005802,1.56392367643031,1.03377122485275,1.03377122485275,1.1073705021132,0.979269163354306
244,1.01706290428705,1.01706290428705,1.06679409290804,0.985269597115465,1.06323183728972,1.06323183728972,1.10909706998984,1.01088395605784,0.680366195886294,0.680366195886294,0.657022125631799,0.722433782609536,8.84611837071467e-06,8.84611837071467e-06,0.0308648890594775,0.0380563235562184,1.84586429528089,1.84586429528089,1.68600353819768,1.90937461761766,1.54228300299484,1.54228300299484,1.57898331230168,1.56975305374418,1.03796447176524,1.03796447176524,1.11360144087456,0.985119050284077
245,1.02159010252405,1.02159010252405,1.07059270625823,0.9898718160541,1.0631140623221,1.0631140623221,1.10865631553517,1.01231962689784,0.650737563887288,0.650737563887288,0.628109769511309,0.690308058427893,8.84611837071467e-06,8.84611837071467e-06,0.0305371420792207,0.0378007610927459,2.0404005073209,2.0404005073209,1.83799535515922,2.08197443751575,1.53235886501782,1.53235886501782,1.58085204508444,1.56053263602669,1.03905885326261,1.03905885326261,1.11488119836366,0.985522137929262
246,1.01820207962485,1.01820207962485,1.06583788473589,0.985287305402628,1.05168543635246,1.05168543635246,1.09618349066716,1.00054451284853,0.610284756555744,0.610284756555744,0.591190178779164,0.649963656739147,8.84611837071467e-06,8.84611837071467e-06,0.0312329216060575,0.0381889762132114,2.17870839473545,2.17870839473545,1.97708702059389,2.23625802004275,1.52193016943628,1.52193016943628,1.58041449173433,1.54816961306709,1.03632422911899,1.03632422911899,1.11408676822289,0.983787542681899
247,1.01941550446669,1.01941550446669,1.06578447497255,0.985721516905468,1.04463564984151,1.04463564984151,1.08887969572832,0.994414558978005,0.57526226597932,0.57526226597932,0.55767765680636,0.612930715174133,8.84611837071467e-06,8.84611837071467e-06,0.030939997742453,0.0382301959653844,2.34764295990337,2.34764295990337,2.11167996229987,2.3896305973241,1.51009935209541,1.51009935209541,1.58004609223339,1.53602869954842,1.03752926094667,1.03752926094667,1.11485834217126,0.983733823898821
248,1.01629904680652,1.01629904680652,1.06264928718273,0.982778750877012,1.03025218770095,1.03025218770095,1.07552806811817,0.981620050690098,0.534240024069267,0.534240024069267,0.52080991083786,0.57250951546885,8.84611837071467e-06,8.84611837071467e-06,0.0309673099908077,0.0383328706207971,2.52440174165713,2.52440174165713,2.26421676984016,2.56163709970853,1.51874541808488,1.51874541808488,1.59196392134572,1.53708670592415,1.04081503010328,1.04081503010328,1.12082319321035,0.989155288775636
249,1.01598347275548,1.01598347275548,1.06135607727656,0.982900378849367,1.02423665254741,1.02423665254741,1.06663996262447,0.974446609233432,0.502182980773434,0.502182980773434,0.486453854534684,0.535199280302142,8.84611837071467e-06,8.84611837071467e-06,0.030592449382139,0.037896690697803,2.64842979737241,2.64842979737241,2.38950745038182,2.70331531369213,1.51024035325289,1.51024035325289,1.58829382026038,1.52177863123912,1.03993314282641,1.03993314282641,1.12053609482674,0.988791850708437
250,1.01176821531564,1.01176821531564,1.05536034579814,0.977273982840835,1.00916591080249,1.00916591080249,1.05163997850232,0.960550339861507,0.462534829625147,0.462534829625147,0.44944681748446,0.494089712421154,8.84611837071467e-06,8.84611837071467e-06,0.031157812923082,0.0383830837734442,2.76426616728321,2.76426616728321,2.48395955666419,2.81114739214328,1.48908619566473,1.48908619566473,1.56939155763827,1.48983668318434,1.03245108767208,1.03245108767208,1.11326844082091,0.98095505750712
251,1.00764092086439,1.00764092086439,1.05200565775365,0.974214607382944,0.994218882839151,0.994218882839151,1.03693135838238,0.946304690818472,0.420852749346908,0.420852749346908,0.412283578614157,0.453674726906522,8.84611837071467e-06,8.84611837071467e-06,0.0311864907838545,0.03806906420689,2.92120485476584,2.92120485476584,2.62030381640974,2.96344824272589,1.49708521866949,1.49708521866949,1.57814494029455,1.48728552175729,1.0365805137948,1.0365805137948,1.11901272723729,0.98632683742889
252,1.00417894895583,1.00417894895583,1.04757656642437,0.97002634654179,0.978246684379298,0.978246684379298,1.02179716841264,0.93208083554101,0.386370417510366,0.386370417510366,0.376003814568107,0.413320124565197,8.84611837071467e-06,8.84611837071467e-06,0.0310403702551567,0.038066066406732,3.04866133188084,3.04866133188084,2.72559790130924,3.08311888316164,1.48578973702513,1.48578973702513,1.57129228854911,1.46791675997772,1.03487734827031,1.03487734827031,1.11849602586088,0.985160667583055
253,0.999259304664703,0.999259304664703,1.04326369335285,0.966715291156429,0.964288917804787,0.964288917804787,1.009565743682,0.925090524431026,0.34448957380508,0.34448957380508,0.340392358451699,0.373731509158276,8.84611837071467e-06,8.84611837071467e-06,0.030800022469635,0.0377902687921928,3.09451861259494,3.09451861259494,2.77245620487763,3.14025310662271,1.44584938200765,1.44584938200765,1.53432550377002,1.4171210608789,1.02121255050151,1.02121255050151,1.10602690817783,0.972275243439858
254,1.00027183515307,1.00027183515307,1.04132401722027,0.965715633253373,0.953240134232917,0.953240134232917,0.994855469793213,0.914712092854521,0.3090055398741,0.3090055398741,0.304498203742114,0.334906770205913,8.84611837071467e-06,8.84611837071467e-06,0.0312889117151847,0.0387218351913022,3.23067702644751,3.23067702644751,2.88415477956208,3.2635242080211,1.44886586937389,1.44886586937389,1.53958782749842,1.41045235764982,1.02930111036904,1.02930111036904,1.11253619088058,0.978809356151529
255,0.996346227268553,0.996346227268553,1.0371604140328,0.961906917643961,0.934028692563655,0.934028692563655,0.978528962599417,0.902446645211437,0.266713897601209,0.266713897601209,0.26808893904181,0.294950696808418,8.84611837071467e-06,8.84611837071467e-06,0.031168055016215,0.0383396156711527,3.34443642048855,3.34443642048855,2.9649542254785,3.35442570835774,1.4371504308195,1.4371504308195,1.52891645178326,1.38713728186432,1.02700107541292,1.02700107541292,1.1122060774268,0.978035500678449
256,0.994287265028194,0.994287265028194,1.03319820727112,0.960682895025617,0.922486124233081,0.922486124233081,0.965108628410831,0.89533774883986,0.231485383189759,0.231485383189759,0.232688755899997,0.255960285188321,8.84611837071467e-06,8.84611837071467e-06,0.0311653237913796,0.0382421871660166,3.34926443474056,3.34926443474056,2.97361215945422,3.3653975761515,1.39042225664586,1.39042225664586,1.48600359380204,1.33138913953911,1.01391777897432,1.01391777897432,1.09941905518778,0.96652639898302
257,0.991178456323555,0.991178456323555,1.02954567309183,0.957372162260873,0.906839524701595,0.906839524701595,0.948331494263493,0.882364343526642,0.195020335423636,0.195020335423636,0.196745760307921,0.216687303766921,8.84611837071467e-06,8.84611837071467e-06,0.0307187685307796,0.0380106071038083,3.41878142032649,3.41878142032649,3.04678037649271,3.45029530407776,1.37543277902649,1.37543277902649,1.47393156318432,1.30712445740383,1.01463693705129,1.01463693705129,1.10041791338479,0.967287169111504
258,0.986855649105409,0.986855649105409,1.02371547719811,0.952985561434149,0.88980058404748,0.88980058404748,0.930259108309966,0.868966194969278,0.158816818482575,0.158816818482575,0.160868627591549,0.177380789165781,8.84611837071467e-06,8.84611837071467e-06,0.0315265282758709,0.0383486090716268,3.48436139383208,3.48436139383208,3.0927997619792,3.49992894271739,1.35764686958692,1.35764686958692,1.45893075653414,1.27946773935449,1.01444879004767,1.01444879004767,1.09844508799947,0.966260215525844
259,0.983725915043854,0.983725915043854,1.01949416372089,0.949113863111082,0.8703730662283,0.8703730662283,0.912781628113279,0.85537273873339,0.120895551468726,0.120895551468726,0.125275306016931,0.138368100258444,8.84611837071467e-06,8.84611837071467e-06,0.0311980984894053,0.0381095345090235,3.46369844471159,3.46369844471159,3.06114064010697,3.46572606564191,1.30806570689612,1.30806570689612,1.41448114634901,1.21938967966621,1.00427113536685,1.00427113536685,1.08899114218201,0.955395247297105
260,0.985699646065443,0.985699646065443,1.01920106897414,0.950444529766489,0.858520505620009,0.858520505620009,0.899002125399778,0.846209165863683,0.0834474600759821,0.0834474600759821,0.0897520750026057,0.0993681914790499,8.84611837071467e-06,8.84611837071467e-06,0.0311543988920377,0.0381320180102088,3.50195342925652,3.50195342925652,3.0988470482013,3.50776824424599,1.28996506412498,1.28996506412498,1.39790558971782,1.19073778301128,1.00604326740496,1.00604326740496,1.09060423097392,0.958077152622982
261,0.980142570601633,0.980142570601633,1.01479868252653,0.94669607251886,0.83763604481235,0.83763604481235,0.880621136156671,0.831663525898858,0.051381516925206,0.051381516925206,0.0544936305493833,0.0606501490076773,8.84611837071467e-06,8.84611837071467e-06,0.0308587438035977,0.0377370578393876,3.42688954008877,3.42688954008877,3.02990403902051,3.43011875343915,1.2254369975715,1.2254369975715,1.34290343897083,1.12207510494139,0.992335024531437,0.992335024531437,1.07836107254285,0.9449884137083
262,0.977722741566417,0.977722741566417,1.00985207139947,0.943138176515274,0.820277305931879,0.820277305931879,0.861594024436693,0.816828034078241,0.013932879050141,0.013932879050141,0.0197796673692872,0.0225977284292491,8.84611837071467e-06,8.84611837071467e-06,0.0304736411017959,0.0378599676458671,3.40765274786046,3.40765274786046,3.01530291814672,3.41388138047036,1.19925116876143,1.19925116876143,1.31749082036816,1.08110000574456,0.989308440995636,0.989308440995636,1.07644640504668,0.943476023353944
263,0.977293006854086,0.977293006854086,1.00902675182918,0.94314832114132,0.800372611316302,0.800372611316302,0.842766267034019,0.801695582602987,0,0,0.00541143627398028,0.00648726329306305,8.84611837071467e-06,8.84611837071467e-06,0.0311844423652279,0.0380765587072851,3.27138973810078,3.27138973810078,2.88614559408569,3.27038265806509,1.12920866802025,1.12920866802025,1.25319237135751,1.00003968307413,0.977049116539287,0.977049116539287,1.06360680883301,0.92948316583652
264,0.978183864314122,0.978183864314122,1.01028573093247,0.945191047343696,0.782302112487861,0.782302112487861,0.824586235762854,0.786865369368275,0,0,0.00541366137113241,0.00648644255090159,8.84611837071467e-06,8.84611837071467e-06,0.0311557645044554,0.0381312685601693,3.20935883100945,3.20935883100945,2.83948052063512,3.21967128444811,1.09072488230047,1.09072488230047,1.22087373571026,0.95309583510149,0.974888914038683,0.974888914038683,1.06180434016122,0.927237307482443
265,0.991179576349186,0.991179576349186,1.02031750643631,0.956899558904689,0.771169322320793,0.771169322320793,0.813194725149356,0.779554998257412,0,0,0.00541655399743018,0.00648573905762034,8.84611837071467e-06,8.84611837071467e-06,0.0310451498986187,0.0380833037576407,3.08141368624378,3.08141368624378,2.71196088986128,3.0731939579173,1.03251632357956,1.03251632357956,1.16865015925634,0.891726155920335,0.974619540575354,0.974619540575354,1.06012679974602,0.925097361710754
266,0.991419972094435,0.991419972094435,1.01886514237172,0.957362770416264,0.749927117027788,0.749927117027788,0.793154955639096,0.763504909046131,0,0,0.00541777780086385,0.00648538731097971,8.84611837071467e-06,8.84611837071467e-06,0.030732424654957,0.0378105039432595,2.8205116478511,2.8205116478511,2.48116588460884,2.81447222332426,0.943224313572477,0.943224313572477,1.08496968621637,0.799638011018105,0.956916109355003,0.956916109355003,1.04313750327595,0.908144707470376
267,0.991899397700017,0.991899397700017,1.01843918216824,0.957838743365551,0.73131539198491,0.73131539198491,0.773174872149929,0.746868844536049,0,0,0.00542601066032673,0.00651047857134436,8.84611837071467e-06,8.84611837071467e-06,0.0316214383389036,0.0383096376695724,2.63996140281897,2.63996140281897,2.3260776230482,2.63762079526815,0.884357697372001,0.884357697372001,1.03218687932003,0.738614437634091,0.951886699584291,0.951886699584291,1.03770572678629,0.901909442384346
268,0.98898839644894,0.98898839644894,1.01618130176379,0.957233578782793,0.710485727094463,0.710485727094463,0.752612160884752,0.730044162040473,0,0,0.00542500936660827,0.0064865597997818,8.84611837071467e-06,8.84611837071467e-06,0.0312745727847985,0.0381042883587469,2.32553171719078,2.32553171719078,2.0481773334782,2.32355079803365,0.79057427320955,0.79057427320955,0.945974870166609,0.643322740128224,0.936511069507817,0.936511069507817,1.02200248153945,0.886529981076973
269,0.986883376569207,0.986883376569207,1.01197438117735,0.955663527630071,0.689251014374889,0.689251014374889,0.731525756151546,0.713174062800813,0,0,0.00545371311987075,0.00652982463657878,8.84611837071467e-06,8.84611837071467e-06,0.0313865530030529,0.0380855521077592,1.84912226409125,1.84912226409125,1.63359463145649,1.8543906068675,0.661994185007676,0.661994185007676,0.825158359091117,0.513565807432908,0.911692138253625,0.911692138253625,0.996633385652045,0.862201964207872
270,0.986142957673841,0.986142957673841,1.01030203131479,0.954748575562169,0.670126237955913,0.670126237955913,0.711274655028398,0.695989652515222,0,0,0.00543791493009062,0.00648855303074535,8.84611837071467e-06,8.84611837071467e-06,0.0310048643322955,0.0378045083429434,1.19525506293806,1.19525506293806,1.06520007527205,1.21094151847639,0.500144697935287,0.500144697935287,0.676702833343282,0.34825444051189,0.884469221514517,0.884469221514517,0.968437787959286,0.831863937113287
271,0.98304280867957,0.98304280867957,1.00723513172238,0.953374677744174,0.655946042081663,0.655946042081663,0.6953367333993,0.683719553444954,0.0192787252522122,0.0192787252522122,0.0238796313818021,0.0258742483866791,0.0808529690259339,0.0808529690259339,0.101880831619042,0.115238435875034,0.0722846264931118,0.0722846264931118,0.0925470206138434,0.108701776781296,0.237192225229072,0.237192225229072,0.432331550330331,0.080532259686874,0.83188855752444,0.83188855752444,0.916837165322219,0.776761501826628
272,0.979682130796386,0.979682130796386,1.00284845606879,0.950718183742605,0.720585819663597,0.720585819663597,0.75540026481717,0.750537984373035,0.334236238291303,0.334236238291303,0.321050033927663,0.339061132529465,1.33525024623002,1.33525024623002,1.21515880083745,1.33763117116601,0,0,0.0294805203327223,0.0378243670132961,0.226886485781536,0.226886485781536,0.423692897804344,0.0706365540526235,0.843797316592808,0.843797316592808,0.926888637312392,0.788895453323027
273,0.97847854032594,0.97847854032594,1.00011470854564,0.948443815937707,0.758995168030762,0.758995168030762,0.789269150106323,0.789558441181679,0.530500835891009,0.530500835891009,0.506319855673474,0.534832056809328,2.05814121742486,2.05814121742486,1.86142190421341,2.04538930497696,0,0,0.029665585797665,0.0378836987646622,0.236144051527654,0.236144051527654,0.434124708586894,0.0781065325755642,0.860421458136753,0.860421458136753,0.942651885979439,0.806502866723452
274,0.975206699597705,0.975206699597705,0.996875094263981,0.945799975833645,0.788367851336193,0.788367851336193,0.814746611811982,0.819731622169166,0.686691260338738,0.686691260338738,0.654261447595151,0.690432693987555,2.59079973035188,2.59079973035188,2.33556799810128,2.56384909945865,0,0,0.0293975130285936,0.0378131014908849,0.245294831355614,0.245294831355614,0.444524310727363,0.0855685470149657,0.878099920509157,0.878099920509157,0.958763088233874,0.824057250043145
275,0.971700418382456,0.971700418382456,0.991764577590456,0.942245485269898,0.807797889698508,0.807797889698508,0.830641385108451,0.840402982683142,0.804469910855048,0.804469910855048,0.764352245626517,0.806563371625631,2.9425219496539,2.9425219496539,2.64998250432374,2.91121769387091,0,0,0.0296376899003758,0.0381022498994411,0.252911784187946,0.252911784187946,0.451979874570338,0.0928702842731411,0.891856926886557,0.891856926886557,0.971922907747677,0.84025867760185
276,0.967133582165183,0.967133582165183,0.986238401167806,0.938252266514681,0.819185910754069,0.819185910754069,0.837195621846211,0.850982105050531,0.881868358119606,0.881868358119606,0.837243201939426,0.883548869121734,3.13141643251816,3.13141643251816,2.82213092289743,3.09859444329886,0,0,0.029495488862975,0.0379159932622413,0.260128387473417,0.260128387473417,0.459184716238675,0.0997229357095236,0.90646677655587,0.90646677655587,0.984692846994038,0.85608481157438
277,0.96044246709086,0.96044246709086,0.980364887875112,0.933707151425136,0.841671503428773,0.841671503428773,0.855289807479985,0.873546230586034,0.993979362415663,0.993979362415663,0.944777919617283,0.996751959469881,3.42755240839059,3.42755240839059,3.08574464718008,3.39026241187475,0,0,0.0684007401529977,0.0382073947752798,0.267177742294531,0.267177742294531,0.466022210976077,0.106580011636761,0.922267844029107,0.922267844029107,0.997017918611534,0.8712893916786
278,0.943542974012237,0.943542974012237,0.963195695178932,0.918019508875839,0.846480837843869,0.846480837843869,0.858225898667053,0.880455951800304,1.06861659064989,1.06861659064989,1.01699411521881,1.07379995061914,3.56321869125346,3.56321869125346,3.22199999177219,3.54429987629515,0,0,0.122470473364498,0.0380286484863541,0.272040368361449,0.272040368361449,0.469298440366415,0.112689569834029,0.925377518917827,0.925377518917827,0.998838085453005,0.876819769912316
279,0.938721618799683,0.938721618799683,0.956167941409759,0.912563671633138,0.854418822322292,0.854418822322292,0.860735317491749,0.886623901036705,1.12444702015056,1.12444702015056,1.06827203536393,1.12678694731414,3.63259548034059,3.63259548034059,3.27767805846194,3.60187487668034,0,0,0.175662506392999,0.0382697306659555,0.278616490488928,0.278616490488928,0.475491657005178,0.119013052164142,0.939384144704579,0.939384144704579,1.0102694941441,0.891165292224508
280,0.934126727306232,0.934126727306232,0.951605533762112,0.909347932716534,0.873043081024873,0.873043081024873,0.876415050723978,0.906279159895377,1.21539463780699,1.21539463780699,1.15418960044427,1.217259231754,3.78152762346514,3.78152762346514,3.4251170859491,3.76194616336883,0,0,0.230271787081336,0.0380872292028928,0.296816810532609,0.296816810532609,0.493708591298542,0.138610670733189,0.952578298683859,0.952578298683859,1.02157346654921,0.905601772439551
281,0.933762391163688,0.933762391163688,0.952138764353917,0.910588839147132,0.879030579452029,0.879030579452029,0.878151457898497,0.911814619561131,1.25639954842058,1.25639954842058,1.19759323553258,1.26494470308149,3.81043286812385,3.81043286812385,3.43586445567669,3.78455557216073,0,0,0.285078380213913,0.0382787430838846,0.336293306894628,0.336293306894628,0.533684252687284,0.180435050949658,0.965997241364781,0.965997241364781,1.03511829223559,0.920549810919456
282,0.93608368526105,0.93608368526105,0.952184197334422,0.912078306839242,0.898237187202949,0.898237187202949,0.892766715249922,0.929707405622671,1.33905859064513,1.33905859064513,1.26984303010111,1.33914800189912,3.89178287842574,3.89178287842574,3.51683298153672,3.8629090748913,0,0,0.339606014373599,0.0378228649436413,0.376034541717976,0.376034541717976,0.571326155866087,0.221833131472237,0.981584502285265,0.981584502285265,1.04600919693169,0.934500264049505
283,0.930558325644994,0.930558325644994,0.947154072759225,0.908158932358429,0.899406615634005,0.899406615634005,0.889956110038351,0.929982728301415,1.36792105443006,1.36792105443006,1.29979951306023,1.37067880526258,3.8461816911071,3.8461816911071,3.47480830779949,3.81689434136554,0,0,0.393459384284174,0.0383598548452458,0.413300405528464,0.413300405528464,0.607791180524894,0.262716311871554,0.988494000689778,0.988494000689778,1.05179129307421,0.942744867426388
284,0.931470791404404,0.931470791404404,0.947678667616568,0.910271810621488,0.915336655420312,0.915336655420312,0.902532019831121,0.946144556291579,1.43400864482075,1.43400864482075,1.36283985302581,1.43725588516481,3.86585379971638,3.86585379971638,3.50655265125599,3.85295263111643,0,0,0.445432162484817,0.0381758513125282,0.450538225341426,0.450538225341426,0.64426315214572,0.303567193487628,1.00111283511449,1.00111283511449,1.06144294732198,0.955459739352614
285,0.931471037263689,0.931471037263689,0.947007854861661,0.911954384675837,0.919531598814055,0.919531598814055,0.903594641486248,0.950226000724733,1.46237576141612,1.46237576141612,1.39069195035331,1.46678994009832,3.78517222423388,3.78517222423388,3.44519841655192,3.78831481355891,0,0,0.49625848734565,0.0383425810442152,0.485619938258214,0.485619938258214,0.676687781592244,0.343598991234152,1.01084149948804,1.01084149948804,1.0683081809134,0.966938980881991
286,0.932401997104864,0.932401997104864,0.947343781464082,0.91366086850253,0.923147404262358,0.923147404262358,0.904065765150644,0.953320349593451,1.48965100633409,1.48965100633409,1.41631483409894,1.49360194502891,3.70794395221034,3.70794395221034,3.36768830413981,3.69925766536407,0,0,0.548121042732614,0.0378506532322558,0.523197879422792,0.523197879422792,0.713153543050053,0.384536371646443,1.01980759521496,1.01980759521496,1.07729582254887,0.978867994237087
287,0.929792337383996,0.929792337383996,0.944416961114617,0.91193205215984,0.939864336898875,0.939864336898875,0.916352716423159,0.968862440240307,1.55294677468447,1.55294677468447,1.47549819066101,1.55605784404068,3.70523151116492,3.70523151116492,3.36035496545656,3.69206819113507,0,0,0.596839526378769,0.0382366851335491,0.55940174282556,0.55940174282556,0.748738829700621,0.42467679064346,1.02595445590271,1.02595445590271,1.08121208678643,0.98532172554624
288,0.93172328889001,0.93172328889001,0.946611547481332,0.914782620385498,0.945243452174619,0.945243452174619,0.919280739222825,0.973472422686015,1.57553249866791,1.57553249866791,1.4989293537118,1.58062593990183,3.58324409171517,3.58324409171517,3.26669375497987,3.58859162418008,0,0,0.650746646920706,0.0381698430339088,0.602201257601996,0.602201257601996,0.789094574117331,0.467088522020943,1.04008537336825,1.04008537336825,1.09214018603165,0.997691705175615
289,0.930008092565357,0.930008092565357,0.945670287106594,0.914801905929007,0.941574715320464,0.941574715320464,0.917181605414661,0.969924794851323,1.58088989906763,1.58088989906763,1.5053078172081,1.58776874168414,3.42925307464736,3.42925307464736,3.13579365948393,3.44474443194688,0,0,0.702544565472487,0.0381585775114975,0.638949674505479,0.638949674505479,0.824616706567739,0.506787266218349,1.04575185137973,1.04575185137973,1.09848971199415,1.00660779334098
290,0.930606759924122,0.930606759924122,0.944704888293359,0.915866195495534,0.960086205613708,0.960086205613708,0.934826316721665,0.987904233342885,1.63658050716302,1.63658050716302,1.55863282673319,1.64341119101811,3.37684535212486,3.37684535212486,3.08378977300409,3.38839852962649,0,0,0.751799194656785,0.0379520429339574,0.675958611553114,0.675958611553114,0.857501519619434,0.546673719440282,1.05069271325814,1.05069271325814,1.10057151835482,1.01275490452657
291,0.932658756151409,0.932658756151409,0.945404903009782,0.918925176639338,0.966936213185149,0.966936213185149,0.940492880502565,0.993011709444434,1.65742966646805,1.65742966646805,1.57823548762402,1.66431713535483,3.22970067779358,3.22970067779358,2.96459638995919,3.25662947423001,8.85467996700064e-06,8.85467996700064e-06,0.793781159301479,0.0375667620674915,0.710143853952874,0.710143853952874,0.886874222343191,0.585881455765043,1.05945446503858,1.05945446503858,1.10444197556496,1.02143216055654
292,0.934273068216152,0.934273068216152,0.946199494625317,0.920977545613468,0.965703253255875,0.965703253255875,0.939149869856661,0.990741656188691,1.65933236177205,1.65933236177205,1.58022483573288,1.66627249493007,3.06335108047949,3.06335108047949,2.80954202482452,3.0865762624653,1.27286024525634e-05,1.27286024525634e-05,0.840909576802153,0.0379708188046428,0.750197088013326,0.750197088013326,0.922087530754813,0.626744172894155,1.06798932147875,1.06798932147875,1.11117598716565,1.0310140271195
293,0.937086381378023,0.937086381378023,0.949622262777242,0.925809183657047,0.978925090290703,0.978925090290703,0.952124588512451,1.00348060866652,1.69197624901176,1.69197624901176,1.61310476258534,1.70086079734273,2.92999695180576,2.92999695180576,2.70132406878097,2.96744967978529,0.0395937014724434,0.0395937014724434,0.886778596598382,0.0377875663067526,0.78591342331425,0.78591342331425,0.957945222522074,0.667828557015108,1.07641863877739,1.07641863877739,1.11755702912015,1.04025636342532
294,0.935938054611286,0.935938054611286,0.947514068436815,0.924649828548909,0.984433996273948,0.984433996273948,0.956767268920595,1.00778458991935,1.71034812588669,1.71034812588669,1.62862704031859,1.71729475213941,2.78487582705179,2.78487582705179,2.55868721736079,2.81133773765553,0.0899447322697966,0.0899447322697966,0.934789476996227,0.0378821966950074,0.820857259752949,0.820857259752949,0.990651309187315,0.706054166982307,1.07796321930911,1.07796321930911,1.11804604753061,1.04307896080211
295,0.937771481934284,0.937771481934284,0.948617396229797,0.927000227279055,0.983876334737145,0.983876334737145,0.955349287420321,1.00528985705163,1.70697156776288,1.70697156776288,1.62668508677907,1.71520584608962,2.59909517785402,2.59909517785402,2.38583550839196,2.62081104971151,0.137262481760954,0.137262481760954,0.980209440884874,0.037756022844001,0.860721997529191,0.860721997529191,1.0258107260148,0.746608386486547,1.08595587531668,1.08595587531668,1.12337286535621,1.05129444190832
296,0.934844281288102,0.934844281288102,0.945325481998059,0.926076743688187,0.987402298360251,0.987402298360251,0.960055512643533,1.0094877962173,1.71942441654988,1.71942441654988,1.63919703057522,1.72856365926514,2.4139337569422,2.4139337569422,2.23185451461764,2.45344836358864,0.183050031870314,0.183050031870314,1.01621011691813,0.0384281990145409,0.886750811199915,0.886750811199915,1.0486373906349,0.780924295109635,1.08250906917808,1.08250906917808,1.11801486278777,1.05111729782602
297,0.938495674116847,0.938495674116847,0.948554657098703,0.930587266678316,0.995520553464867,0.995520553464867,0.966591708266605,1.01552325817378,1.72820303048592,1.72820303048592,1.65089603512683,1.74096612856473,2.25192373357134,2.25192373357134,2.07179859400301,2.27843304311234,0.229068910493813,0.229068910493813,1.05311774980716,0.0379024746353477,0.926292300893249,0.926292300893249,1.08220816355734,0.820517293975604,1.08920013333188,1.08920013333188,1.12234268045243,1.05816592038404
298,0.932580053862538,0.932580053862538,0.942983984100489,0.925663144058056,0.998976183576087,0.998976183576087,0.970973293653847,1.01928558334414,1.73890151488462,1.73890151488462,1.6603193215661,1.75068758496947,2.04026597660964,2.04026597660964,1.90223869376714,2.09174578772074,0.275423160121061,0.275423160121061,1.09545011413731,0.0379182463667235,0.953615591118318,0.953615591118318,1.10915700807892,0.852493863671329,1.08241375241414,1.08241375241414,1.1150129882101,1.05238219807262
299,0.93361421996798,0.93361421996798,0.943251241007185,0.926351544759827,0.998854368833852,0.998854368833852,0.969095363957441,1.0166023892806,1.73286187034156,1.73286187034156,1.65345322802891,1.7433999808201,1.83794363894103,1.83794363894103,1.71260565660296,1.88368121940218,0.321907462860325,0.321907462860325,1.13831045935274,0.0376861766050511,0.990933715191606,0.990933715191606,1.14083231294054,0.88982749628214,1.08605374767502,1.08605374767502,1.11668035454379,1.05620370901095
300,0.932373422792417,0.932373422792417,0.941826483547546,0.927249971482827,0.997323570478694,0.997323570478694,0.968791371174947,1.01630621357437,1.71929653968676,1.71929653968676,1.64890067925566,1.7411849149752,1.61849963916591,1.61849963916591,1.5261920507136,1.67938563533231,0.362058455753191,0.362058455753191,1.17017505832208,0.038422941770749,1.0222316757179,1.0222316757179,1.16657585955206,0.924710071571495,1.08623629999901,1.08623629999901,1.11360934353321,1.05718550339984
301,0.933493557694484,0.933493557694484,0.942729836862977,0.929962422237961,1.01102534654897,1.01102534654897,0.980778338801566,1.02745610264156,1.73822817059622,1.73822817059622,1.6654165741222,1.75612312580706,1.42230710864581,1.42230710864581,1.34689396832685,1.48394630237932,0.40261399683705,0.40261399683705,1.19583656227714,0.0382261706459652,1.04782045641351,1.04782045641351,1.18905496555727,0.956565188993247,1.08175358021862,1.08175358021862,1.10746964025621,1.0549607488534
302,0.938529247568087,0.938529247568087,0.946437653615491,0.937234040002819,1.0181411160453,1.0181411160453,0.986992751098493,1.03322784435564,1.74534063800436,1.74534063800436,1.66905738933737,1.75996759934022,1.21698427820234,1.21698427820234,1.15354578258021,1.27142925137604,0.441764410893645,0.441764410893645,1.22134974170516,0.0382502037604426,1.07879844977026,1.07879844977026,1.21652251657618,0.99312818590937,1.08439879309346,1.08439879309346,1.10785895266794,1.05881084093913
303,0.938378399237943,0.938378399237943,0.945080074540003,0.938554920499531,1.01715399539173,1.01715399539173,0.985215851644341,1.03074377318618,1.73293010256279,1.73293010256279,1.6572617043145,1.74742325889558,1.00560572685171,1.00560572685171,0.951036385929193,1.04880436768991,0.483681912439928,0.483681912439928,1.26058157910979,0.0380218891729073,1.11363065703775,1.11363065703775,1.24410037693137,1.02661881637571,1.08216617057329,1.08216617057329,1.1040408328259,1.05707344168935
304,0.940728158376958,0.940728158376958,0.946998352085586,0.943958744129533,1.01621887388835,1.01621887388835,0.9834262732957,1.02819515693163,1.71473684733793,1.71473684733793,1.64385849785407,1.73343945394862,0.771133830611939,0.771133830611939,0.74404573212937,0.821366515850047,0.519325319812094,0.519325319812094,1.28473398306028,0.038399659691099,1.14672382399066,1.14672382399066,1.27030094943805,1.06240642126948,1.08443688526398,1.08443688526398,1.10330082219084,1.06029991379973
305,0.939582262885372,0.939582262885372,0.944747338650717,0.945289625865351,1.01575077795283,1.01575077795283,0.981620758629084,1.02562464238506,1.70146029355534,1.70146029355534,1.63027973122834,1.71897340435736,0.538024236601255,0.538024236601255,0.538719759866767,0.5962886821846,0.549745572838724,0.549745572838724,1.29787363107121,0.0381195237004718,1.16823083599894,1.16823083599894,1.28621065028555,1.09096153218695,1.07882079390416,1.07882079390416,1.09408229988722,1.05575516701085
306,0.944895746433229,0.944895746433229,0.9501605222104,0.953592159886313,1.02165675579994,1.02165675579994,0.988012324649407,1.03178898545881,1.69304587105182,1.69304587105182,1.62912001059265,1.71809790696884,0.325759967648762,0.325759967648762,0.328342387270957,0.36543333816458,0.584056904293354,0.584056904293354,1.32250774954075,0.0382487016907878,1.20382882406796,1.20382882406796,1.31584691653797,1.12692987753215,1.07881858366035,1.07881858366035,1.09426590656736,1.05833007750779
307,0.945996676993375,0.945996676993375,0.951531106910079,0.957823651890054,1.02942075374602,1.02942075374602,0.993573548366211,1.03685851845771,1.69119509156831,1.69119509156831,1.62477027942481,1.71313910007818,0.0923982592645129,0.0923982592645129,0.117076000991199,0.132189496868645,0.616778820693907,0.616778820693907,1.34634309280498,0.037659139351264,1.22373967172679,1.22373967172679,1.33568217721046,1.15553808233988,1.0743843165683,1.0743843165683,1.08632515425785,1.0535680943214
308,0.941860531607874,0.941860531607874,0.94662053003244,0.955494546120586,1.03692216634212,1.03692216634212,1.00033961785893,1.04362854006676,1.67053938700492,1.67053938700492,1.6069846328684,1.69435113951355,1.10576479633933e-06,1.10576479633933e-06,0.0305856213200503,0.0377160732382814,0.643446349667023,0.643446349667023,1.35528883079419,0.0382028885663153,1.24257023960346,1.24257023960346,1.34710771933254,1.1758182892356,1.06056152090274,1.06056152090274,1.0713275170542,1.04106804833446
309,0.938605327357918,0.938605327357918,0.942370361410355,0.954227614960272,1.03963851769881,1.03963851769881,1.00429949219034,1.04774568028381,1.63705477574876,1.63705477574876,1.57582815501513,1.66153282619651,1.10576479633933e-06,1.10576479633933e-06,0.0305542122344424,0.0377400556395457,0.661163457445995,0.661163457445995,1.35075404651536,0.0381675899294266,1.26106232658519,1.26106232658519,1.35842958330935,1.19982933743261,1.05090969703636,1.05090969703636,1.05993391808925,1.03419824242158
310,0.942567540958191,0.942567540958191,0.945151553450553,0.9592986733479,1.06086815480412,1.06086815480412,1.0234257799269,1.06764223846059,1.62786801758782,1.62786801758782,1.56774593462945,1.65302161273329,1.10576479633933e-06,1.10576479633933e-06,0.0305473841723537,0.0377085787378863,0.691803970636805,0.691803970636805,1.37438799500892,0.0753821166628586,1.28904031525948,1.28904031525948,1.38012557723257,1.22733971544693,1.04635835609294,1.04635835609294,1.05274685227319,1.02855073559582
311,0.945321602032398,0.945321602032398,0.948183875423451,0.964919764039631,1.08261218987707,1.08261218987707,1.04264923911173,1.08770572538374,1.61377665866458,1.61377665866458,1.55875854472228,1.64354684797251,1.10576479633933e-06,1.10576479633933e-06,0.0305828900952148,0.0377550446403358,0.713694399767725,0.713694399767725,1.38070199322461,0.106865496628257,1.30809929719956,1.30809929719956,1.39521701015998,1.25183115273853,1.03888679959667,1.03888679959667,1.04293719217362,1.0216832417551
312,0.950207918731567,0.950207918731567,0.950987333092263,0.971033173791876,1.09377885200052,1.09377885200052,1.05330943309566,1.09881307218432,1.59159205270477,1.59159205270477,1.53650434681011,1.62001054225719,1.10576479633933e-06,1.10576479633933e-06,0.0306969187320959,0.0378404819448398,0.715063554657622,0.715063554657622,1.35341028024748,0.134231703669746,1.32884669964811,1.32884669964811,1.40510548430715,1.27836017868118,1.03472473784282,1.03472473784282,1.03469140670426,1.0196382877143
313,0.952822304414244,0.952822304414244,0.953633890910842,0.975874060293123,1.10267143176766,1.10267143176766,1.06339171003909,1.10937170736681,1.56722089290964,1.56722089290964,1.5128798228168,1.5951162600113,1.10576479633933e-06,1.10576479633933e-06,0.0305808416765882,0.0377438028897432,0.740433873015573,0.740433873015573,1.37003283309312,0.160707183405916,1.35423651638355,1.35423651638355,1.42853158754377,1.30878153984134,1.02808316242914,1.02808316242914,1.03004232467067,1.01660263534711
314,0.953984727113316,0.953984727113316,0.9542803224556,0.978905546991069,1.1134537283269,1.1134537283269,1.07291381037145,1.11928238306352,1.53820869296875,1.53820869296875,1.48861035441394,1.56952657465688,1.10576479633933e-06,1.10576479633933e-06,0.0306784829644564,0.0378232445939311,0.745236983480173,0.745236983480173,1.35272989250872,0.185757950074472,1.3703722045202,1.3703722045202,1.43729760104008,1.33007982208282,1.01972553991382,1.01972553991382,1.01815833497729,1.00889266176372
315,0.951593117260469,0.951593117260469,0.950180706939144,0.9770309061298,1.11397368530063,1.11397368530063,1.07430242494615,1.12056398191093,1.50287017947297,1.50287017947297,1.45335446882245,1.53236923202997,1.10576479633933e-06,1.10576479633933e-06,0.0305637715213665,0.0377835237418372,0.747255297095151,0.747255297095151,1.33051795438916,0.20528560662219,1.38207280084749,1.38207280084749,1.43980040199245,1.34608917856838,1.0059050926323,1.0059050926323,1.00281818613682,0.997378591572782
316,0.951168791452406,0.951168791452406,0.94847485458867,0.976874829444968,1.12434596200044,1.12434596200044,1.08580328476034,1.13268889373717,1.47527945811797,1.47527945811797,1.43101037698533,1.50895017519486,1.10576479633933e-06,1.10576479633933e-06,0.0306996499569313,0.0378007610927459,0.746438452868195,0.746438452868195,1.30559943384483,0.2243528788207,1.3867259171613,1.3867259171613,1.43733444099017,1.35405558496526,0.987999389569034,0.987999389569034,0.98415220103512,0.981998048018863
317,0.956475609481872,0.956475609481872,0.952273294530542,0.982893101962132,1.14116920631251,1.14116920631251,1.10279039743696,1.14990805906858,1.46184208239519,1.46184208239519,1.41358975761673,1.49101449674046,1.10576479633933e-06,1.10576479633933e-06,0.0306675580651145,0.037767035840968,0.728435228242789,0.728435228242789,1.25540723035652,0.237041612229941,1.39226761417668,1.39226761417668,1.43366381361983,1.36535661950736,0.972871617613882,0.972871617613882,0.964386989239351,0.967304288284133
318,0.964845970789855,0.964845970789855,0.958204899611287,0.990641158683834,1.15386269607248,1.15386269607248,1.11286876547221,1.16067653110664,1.43258209175617,1.43258209175617,1.38882420380381,1.46463091921816,1.10576479633933e-06,1.10576479633933e-06,0.0307303762363304,0.0380510774059418,0.729232149439819,0.729232149439819,1.24109663504718,0.250720960576548,1.41376579896569,1.41376579896569,1.44891355307564,1.3916302417154,0.969968289705085,0.969968289705085,0.958081330130581,0.964261355349272
319,0.968154389916145,0.968154389916145,0.958699113330521,0.993186348572771,1.15851644737292,1.15851644737292,1.1189929721957,1.16683256432733,1.39698345267558,1.39698345267558,1.35898431593545,1.43286995630284,1.10576479633933e-06,1.10576479633933e-06,0.0305815244827971,0.0377955149424693,0.693733737452113,0.693733737452113,1.16304051249345,0.254423562275723,1.41676541306323,1.41676541306323,1.44008975348618,1.40220267322594,0.954912419743606,0.954912419743606,0.94002531670594,0.95263182912914
320,0.969343966407351,0.969343966407351,0.958290702049279,0.994242608470624,1.16317551598354,1.16317551598354,1.12003143880282,1.16843741123245,1.357800748327,1.357800748327,1.32184065792009,1.39376874449095,8.84611837071467e-06,8.84611837071467e-06,0.0299055463360174,0.03780975449322,0.676860591357496,0.676860591357496,1.12118850190685,0.261100261891477,1.42271683366363,1.42271683366363,1.44120926694103,1.41592899243027,0.943033291756204,0.943033291756204,0.925385949135112,0.941571515398933
321,0.968844243751915,0.968844243751915,0.956086127363185,0.993295286800884,1.16085112634846,1.16085112634846,1.1181520557944,1.16648449123689,1.31625364918205,1.31625364918205,1.28221457026695,1.35183339274665,8.84611837071467e-06,8.84611837071467e-06,0.0307283278177038,0.0381282707600112,0.640323968143659,0.640323968143659,1.05166035927073,0.258274868870727,1.4258218275736,1.4258218275736,1.4352242486488,1.42608187159547,0.929095114457186,0.929095114457186,0.908631934214948,0.929637385969258
322,0.97080027290499,0.97080027290499,0.955340194122954,0.9938805205989,1.16453840473226,1.16453840473226,1.12333211084921,1.17193962232306,1.28246730161579,1.28246730161579,1.25047088927523,1.3183173313435,8.84611837071467e-06,8.84611837071467e-06,0.030664826840279,0.0381507542611965,0.575219380268789,0.575219380268789,0.935584169875098,0.245810694874884,1.41284112821716,1.41284112821716,1.4075242901733,1.41998038809401,0.904091765985791,0.904091765985791,0.881681265527635,0.909497417266241
323,0.971295570093298,0.971295570093298,0.955451002041056,0.994986858385755,1.16831110535877,1.16831110535877,1.12827803232674,1.17705337001182,1.24395801962452,1.24395801962452,1.21775817847376,1.28397161686398,8.84611837071467e-06,8.84611837071467e-06,0.0305330452419674,0.0380997916585099,0.52140838327433,0.52140838327433,0.842653410576594,0.231805397413177,1.40066847095101,1.40066847095101,1.38795017211848,1.4169050351129,0.882595798147181,0.882595798147181,0.857628743107976,0.890269339663883
324,0.978759912618675,0.978759912618675,0.96062897455205,1.00147698147766,1.17426449013363,1.17426449013363,1.13255898838539,1.18153849560873,1.21039971132392,1.21039971132392,1.18427769789995,1.24864605349257,8.84611837071467e-06,8.84611837071467e-06,0.0303445907283198,0.0379326642996994,0.435710023466209,0.435710023466209,0.700256421507038,0.206329545032302,1.4018259303141,1.4018259303141,1.37331587034324,1.42773840097162,0.873217215670781,0.873217215670781,0.842398805596903,0.883461123418044
325,0.98740891444956,0.98740891444956,0.968178132465431,1.01028696188137,1.18591454409135,1.18591454409135,1.14435111197337,1.19377122647184,1.17869499298734,1.17869499298734,1.15791152045064,1.22100908544083,8.84611837071467e-06,8.84611837071467e-06,0.0307679305778182,0.0382721651675969,0.352658659550722,0.352658659550722,0.525790717146518,0.224496326472737,1.37615661100721,1.37615661100721,1.32801778347895,1.41939159897347,0.85833909766004,0.85833909766004,0.821645903433122,0.875071646583134
326,0.989556959704153,0.989556959704153,0.969271055759061,1.01212141855254,1.18678896539155,1.18678896539155,1.14745042513416,1.19693576485414,1.14811587209427,1.14811587209427,1.12274452749037,1.18387073713251,8.84611837071467e-06,8.84611837071467e-06,0.0305760620331262,0.0381380136105248,0.323301521537629,0.323301521537629,0.375776787341546,0.33026606328779,1.32827004006666,1.32827004006666,1.26040942283788,1.3939319724705,0.844982076340624,0.844982076340624,0.802318744997676,0.87061490611561
327,0.988578084620118,0.988578084620118,0.966613157036188,1.00914535090713,1.18424860319052,1.18424860319052,1.14232399228134,1.19170087100567,1.10035620578611,1.10035620578611,1.08062532973313,1.13952932111745,8.84611837071467e-06,8.84611837071467e-06,0.0306661924526968,0.0381342663603273,0.417027755570833,0.417027755570833,0.401564843416019,0.479197020599777,1.31496351476681,1.31496351476681,1.23222338753514,1.38328166992091,0.84193435734847,0.84193435734847,0.795603803884646,0.869201344548072
328,0.99295637408356,0.99295637408356,0.971085218947792,1.01328661667851,1.18459592022344,1.18459592022344,1.14401374312871,1.19341662047805,1.06317557845506,1.06317557845506,1.04331000547248,1.10019642551826,8.84611837071467e-06,8.84611837071467e-06,0.0303835106822253,0.0377160732382814,0.584963402154975,0.584963402154975,0.55405878652877,0.658619240870144,1.32709711354059,1.32709711354059,1.24359177510608,1.3958143721048,0.84871714662004,0.84871714662004,0.803861135753471,0.87702092019071
329,0.993176500096652,0.993176500096652,0.970929082094178,1.01253724068025,1.17627598713997,1.17627598713997,1.13749308290995,1.18664215649472,1.01383095727812,1.01383095727812,0.99968597451125,1.05426863215398,8.84611837071467e-06,8.84611837071467e-06,0.0309365837114087,0.0381672421620657,0.751545942956661,0.751545942956661,0.70361277422234,0.836700863973567,1.34175529702762,1.34175529702762,1.25519625412861,1.40846399145954,0.85574851924918,0.85574851924918,0.812443706981215,0.885078196529167
330,0.997495455519335,0.997495455519335,0.975426843119183,1.01647016522695,1.17731144697696,1.17731144697696,1.13798129551909,1.1871118461139,0.972483402249247,0.972483402249247,0.961867555784502,1.01425334807198,8.84611837071467e-06,8.84611837071467e-06,0.03067028928995,0.0380653169566925,0.915889909979188,0.915889909979188,0.851445380936848,1.01273817027676,1.353429802282,1.353429802282,1.26524166646318,1.41954623492886,0.862987896541092,0.862987896541092,0.820975218516208,0.893062126067652
331,0.994210229118921,0.994210229118921,0.973713118030866,1.01438112504276,1.16957344860597,1.16957344860597,1.13071628897683,1.17966569513983,0.928993636521961,0.928993636521961,0.91843243557149,0.968436120401738,8.84611837071467e-06,8.84611837071467e-06,0.0307747586399069,0.0382069630141597,1.07249544012806,1.07249544012806,0.996149564828538,1.18077244945897,1.34947505181189,1.34947505181189,1.26432593056085,1.4180775251895,0.863346439527795,0.863346439527795,0.823361916072792,0.894396044128044
332,0.996759926491968,0.996759926491968,0.975482541872382,1.015659706392,1.16957196390248,1.16957196390248,1.13021534735899,1.17907015567053,0.891750397930698,0.891750397930698,0.879906324695507,0.927847723793277,8.84611837071467e-06,8.84611837071467e-06,0.03033844547244,0.0376516205348836,1.21516259717387,1.21516259717387,1.13003150134752,1.33818859825114,1.33749003154311,1.33749003154311,1.2540509527087,1.40680524983796,0.85907959840372,0.85907959840372,0.820952504287737,0.891047868474318
333,1.00022995712154,1.00022995712154,0.978046869464414,1.01714562525733,1.16262272289306,1.16262272289306,1.12701961446304,1.17575405393053,0.845734478640023,0.845734478640023,0.839682687202164,0.884745862939784,8.84611837071467e-06,8.84611837071467e-06,0.0307966084385906,0.0381410114106829,1.38178830454039,1.38178830454039,1.26426383755195,1.49747106858944,1.34797504947066,1.34797504947066,1.25806250750291,1.41027924944512,0.866428071948281,0.866428071948281,0.828546486042593,0.89754547996159
334,1.00178501709862,1.00178501709862,0.980081885492729,1.01940819948637,1.15658930224165,1.15658930224165,1.12029599170404,1.16875036343449,0.800172920364829,0.800172920364829,0.796631396247894,0.839858301640714,8.84611837071467e-06,8.84611837071467e-06,0.0306539019409372,0.0379139280487117,1.53769320813687,1.53769320813687,1.40298809360768,1.66188235576418,1.35407153331175,1.35407153331175,1.26465106943467,1.41741971401162,0.874025370595828,0.874025370595828,0.837439153810274,0.906109887192678
335,1.01091664070579,1.01091664070579,0.989387877803411,1.02851434561586,1.16107693939104,1.16107693939104,1.12526120715144,1.17385668974505,0.765250748328765,0.765250748328765,0.761360268740905,0.802720539576793,8.84611837071467e-06,8.84611837071467e-06,0.0307085264376466,0.0379888730526626,1.69312217268512,1.69312217268512,1.52924832667707,1.81205927985486,1.34724770222562,1.34724770222562,1.25904687096941,1.41084359325368,0.878374025275624,0.878374025275624,0.842134184835216,0.90976886437707
336,1.01035247560001,1.01035247560001,0.987530431897374,1.02617548953444,1.15089567152174,1.15089567152174,1.11511032385799,1.16330568499367,0.716366031059419,0.716366031059419,0.716102905215156,0.755186671051414,8.84611837071467e-06,8.84611837071467e-06,0.0302633367894644,0.0376808490864245,1.82275579423701,1.82275579423701,1.64425222499642,1.94843518795689,1.34200120929562,1.34200120929562,1.25116122702334,1.40168600330634,0.878678451824246,0.878678451824246,0.844384975591449,0.910861343071759
337,1.01488049336796,1.01488049336796,0.991666532524893,1.02995495420797,1.14764831423511,1.14764831423511,1.11154093943117,1.15955935237071,0.67644518523294,0.67644518523294,0.675383961095749,0.712101694036672,8.84611837071467e-06,8.84611837071467e-06,0.0307911459889197,0.038322378320244,1.96100335914429,1.96100335914429,1.75721972281366,2.08239276391462,1.33408749003822,1.33408749003822,1.24337841916653,1.39251447621279,0.882835540529544,0.882835540529544,0.848386323543151,0.913891928557396
338,1.0145572430437,1.0145572430437,0.991420882295185,1.02933208133805,1.13420615410782,1.13420615410782,1.10034231840221,1.14781167651547,0.627368652668914,0.627368652668914,0.630398838206563,0.664795288338897,8.84611837071467e-06,8.84611837071467e-06,0.0305323624357586,0.0382609234170043,2.09603722864105,2.09603722864105,1.88365957824609,2.23208001329782,1.3379947453816,1.3379947453816,1.24629235396195,1.39542435323592,0.889341324089657,0.889341324089657,0.857099217656747,0.922228867241823
339,1.0185727261557,1.0185727261557,0.995607167291246,1.03324654481614,1.13152094699646,1.13152094699646,1.09557410190436,1.14288565833734,0.587724951448098,0.587724951448098,0.588749803477565,0.620893203877981,8.84611837071467e-06,8.84611837071467e-06,0.0304777379390491,0.0381649938119472,2.21005451523613,2.21005451523613,1.98910402883586,2.35660008561422,1.32664606607062,1.32664606607062,1.23595611653564,1.38355311243487,0.892491923023767,0.892491923023767,0.861426846036172,0.925540590864174
340,1.01695472620169,1.01695472620169,0.993066978137712,1.03017415699339,1.11727134986601,1.11727134986601,1.08320907269661,1.12998218122157,0.543315143698915,0.543315143698915,0.54365776467022,0.573332368110154,8.84611837071467e-06,8.84611837071467e-06,0.0301172162607666,0.0377790270416001,2.31912923015714,2.31912923015714,2.06913803854617,2.45126502147105,1.30228778411885,1.30228778411885,1.21207867128187,1.35648153330111,0.888822503892273,0.888822503892273,0.858458995479898,0.921107905785777
341,1.01551399079209,1.01551399079209,0.992543562456962,1.02929799109292,1.10359654015448,1.10359654015448,1.07044904330561,1.11670230434644,0.494292556746865,0.494292556746865,0.498709800903474,0.526100767197953,8.84611837071467e-06,8.84611837071467e-06,0.0307535916474319,0.0383013937191378,2.44140295240395,2.44140295240395,2.18340371616897,2.58586698531072,1.30117985092409,1.30117985092409,1.21206751403984,1.35606983442704,0.895850768366066,0.895850768366066,0.867101096914759,0.929259386766719
342,1.01423554982824,1.01423554982824,0.990978691072712,1.02730355044279,1.08758297716481,1.08758297716481,1.05723958970204,1.1029251951316,0.452687452406988,0.452687452406988,0.454147223963478,0.479223609650622,8.84611837071467e-06,8.84611837071467e-06,0.030550798203398,0.0381597476616706,2.55679271439392,2.55679271439392,2.2710390176967,2.6904268050188,1.2867632832709,1.2867632832709,1.1983394750369,1.34031931065651,0.897834565783248,0.897834565783248,0.86982893379019,0.931144414283911
343,1.01370378351267,1.01370378351267,0.992143717546853,1.02750253566959,1.07496303201962,1.07496303201962,1.04862084807348,1.09403281614572,0.40444524220936,0.40444524220936,0.411062445297068,0.433060732281523,8.84611837071467e-06,8.84611837071467e-06,0.0304852488073467,0.0380758092572456,2.59585402823335,2.59585402823335,2.31424704104664,2.73935972816445,1.24407555389965,1.24407555389965,1.1588883092805,1.29580008367247,0.888760306250291,0.888760306250291,0.863397920533047,0.922373494734726
344,1.01773246107296,1.01773246107296,0.993540278813248,1.0292541146891,1.06728739119525,1.06728739119525,1.0361743832786,1.08098174767749,0.361637954832132,0.361637954832132,0.367345739039454,0.387922610125446,8.84611837071467e-06,8.84611837071467e-06,0.0301138022297223,0.0376298864837379,2.71807572923535,2.71807572923535,2.4080493770385,2.85094172350889,1.24262828052313,1.24262828052313,1.15557881867807,1.29165013247492,0.899928391899682,0.899928391899682,0.873220404707448,0.932123257091319
345,1.01653209409092,1.01653209409092,0.992188040714094,1.02756064322727,1.04824261612485,1.04824261612485,1.02162457508212,1.0657949947096,0.312708347943558,0.312708347943558,0.323336766270907,0.341647056582467,8.84611837071467e-06,8.84611837071467e-06,0.0306368317857154,0.0382526794665697,2.80176020276848,2.80176020276848,2.47575544131022,2.93135727558511,1.22395925857093,1.22395925857093,1.13824825358397,1.27220040251271,0.90168177140054,0.90168177140054,0.876278118430111,0.934517186450035
346,1.02043265164608,1.02043265164608,0.996013150855973,1.03111638842674,1.03875953870417,1.03875953870417,1.01285057963883,1.05670777841424,0.271144932397885,0.271144932397885,0.280269232107427,0.296294017228968,8.84611837071467e-06,8.84611837071467e-06,0.0304511084969032,0.0381320180102088,2.80657659525303,2.80657659525303,2.48526317957165,2.94254844554848,1.17695564390904,1.17695564390904,1.09458670255984,1.22289033683076,0.895767469802791,0.895767469802791,0.872192680511757,0.928431861703586
347,1.01952111468841,1.01952111468841,0.995012099291624,1.02986935220444,1.02487414279284,1.02487414279284,0.997646831149117,1.04082210931444,0.228122877468493,0.228122877468493,0.236807076964016,0.250660870300651,8.84611837071467e-06,8.84611837071467e-06,0.0304026292560736,0.038197220163646,2.86826881083562,2.86826881083562,2.54881479631051,3.01620318210828,1.15745561347304,1.15745561347304,1.07634492761441,1.2023312763989,0.898915064186733,0.898915064186733,0.876600897080944,0.932287168249943
348,1.01849071842534,1.01849071842534,0.993623098628092,1.02820448643725,1.00857468806119,1.00857468806119,0.981815652781923,1.02426585075168,0.187083382330877,0.187083382330877,0.193344810565748,0.20489054218249,8.84611837071467e-06,8.84611837071467e-06,0.0300796619192788,0.0377797764916396,2.94045160850911,2.94045160850911,2.58827796554631,3.06419731171965,1.13567605130495,1.13567605130495,1.05561719283666,1.17870869849897,0.903334515738302,0.903334515738302,0.880370701866171,0.935185965622149
349,1.01756139764606,1.01756139764606,0.9921386887055,1.02636253779844,0.989596310312023,0.989596310312023,0.965746983185544,1.00756194857322,0.142696292632468,0.142696292632468,0.150352039666579,0.159530467896179,8.84611837071467e-06,8.84611837071467e-06,0.0298748200566183,0.0379911214027811,2.91806753097003,2.91806753097003,2.56520329577401,3.03561668136223,1.08482111306076,1.08482111306076,1.00791956213726,1.12511329219931,0.897120139009416,0.897120139009416,0.874638577026293,0.927716791895139
350,1.02398575539625,1.02398575539625,0.997177483696824,1.03127902506411,0.979509303850403,0.979509303850403,0.955009863893148,0.996334344087783,0.0999879966242477,0.0999879966242477,0.107415229960787,0.114153627019998,8.84611837071467e-06,8.84611837071467e-06,0.0302797241384773,0.0384153101251431,2.95632694285495,2.95632694285495,2.59807690975993,3.07574597426087,1.06264635706681,1.06264635706681,0.985985266365439,1.10036047811044,0.903698998755222,0.903698998755222,0.882286363109839,0.934609964494802
351,1.02058975572914,1.02058975572914,0.995866516778434,1.02970011976781,0.957956104968023,0.957956104968023,0.938010222664657,0.978612720093989,0.0589100135174506,0.0589100135174506,0.0647447643841041,0.0691973578771257,8.84611837071467e-06,8.84611837071467e-06,0.0301056085552158,0.0382549278166882,2.89121350030011,2.89121350030011,2.5397989783842,3.00827450743522,0.997612404920067,0.997612404920067,0.92998791068092,1.03867057640365,0.89493700522937,0.89493700522937,0.874300750199097,0.92548456000893
352,1.02145709265091,1.02145709265091,0.994865742667401,1.02850305389429,0.94144254218178,0.94144254218178,0.920751440869355,0.960596436027538,0.016196799168341,0.016196799168341,0.0226875355825484,0.0244723035260246,8.84611837071467e-06,8.84611837071467e-06,0.0301383832532415,0.0383186310700465,2.87479747705879,2.87479747705879,2.533395168987,2.99814680278747,0.96789365735754,0.96789365735754,0.89845670265267,1.00220248481637,0.895565508775413,0.895565508775413,0.87779949852457,0.927566999134632
353,1.02402309868986,1.02402309868986,0.99702873403775,1.03071354281716,0.922271981650501,0.922271981650501,0.903165914441369,0.942270021973299,0,0,0.00547607534624966,0.00648093185353179,8.84611837071467e-06,8.84611837071467e-06,0.029881648118707,0.0380585719063369,2.76048853944229,2.76048853944229,2.42648788475889,2.87195117177111,0.896438098479161,0.896438098479161,0.832642026553164,0.928513474522812,0.887133290531783,0.887133290531783,0.869106100790412,0.917126025586617
354,1.0263855605586,1.0263855605586,1.00093132301814,1.03467360334236,0.903721958122468,0.903721958122468,0.885929934610464,0.924153497037859,0,0,0.00547741040454093,0.00648960827066722,8.84611837071467e-06,8.84611837071467e-06,0.0304763723266314,0.0385427166318596,2.71654608327106,2.71654608327106,2.38763910565118,2.83040692925761,0.854235866168148,0.854235866168148,0.794644670484457,0.886404378319818,0.887916718354299,0.887916718354299,0.871041021806971,0.918148256641897
355,1.04396846049618,1.04396846049618,1.01642247805878,1.05058797649147,0.895405477837815,0.895405477837815,0.87736005433418,0.915426740217685,0,0,0.00547296021023667,0.00648398032441721,8.84611837071467e-06,8.84611837071467e-06,0.0300175265542718,0.0383298728206391,2.61247426253141,2.61247426253141,2.28541629100444,2.70595369904086,0.795327457380829,0.795327457380829,0.738362699871213,0.82291381944727,0.892958042720505,0.892958042720505,0.874849535423217,0.920755388570082
356,1.04835163982763,1.04835163982763,1.01918431773018,1.05352565228353,0.873642590483328,0.873642590483328,0.858853278430331,0.896038755500831,0,0,0.00547585283653444,0.00648433207105784,8.84611837071467e-06,8.84611837071467e-06,0.029907594754644,0.038322378320244,2.38644416751877,2.38644416751877,2.09301828740116,2.47749791695797,0.706012090395307,0.706012090395307,0.65552038832437,0.730405900975162,0.880689704613652,0.880689704613652,0.864036758208792,0.908009033107986
357,1.05076537701612,1.05076537701612,1.0213976668774,1.05585070737193,0.854594224502154,0.854594224502154,0.839736762964233,0.87606312306192,0,0,0.00547129138737258,0.00648444931993804,8.84611837071467e-06,8.84611837071467e-06,0.0295914554799379,0.0379214225491068,2.24498290720096,2.24498290720096,1.96475771437982,2.32711370725492,0.644684320473197,0.644684320473197,0.598629505964577,0.666807605750293,0.878339006725392,0.878339006725392,0.862333143752163,0.905134783055154
358,1.05095769361231,1.05095769361231,1.02309751929991,1.05759379071521,0.834986194360864,0.834986194360864,0.820362860928585,0.855886590779217,0,0,0.00549276357489063,0.00650813359374019,8.84611837071467e-06,8.84611837071467e-06,0.0301431628967036,0.0383830837734442,1.97550234417276,1.97550234417276,1.73188276380999,2.0527411578933,0.550787314214915,0.550787314214915,0.512913783567421,0.571345344121961,0.867868978231677,0.867868978231677,0.852778924080265,0.893678170317183
359,1.05300947129801,1.05300947129801,1.02431782834728,1.05884953769416,0.813833796365068,0.813833796365068,0.800951523579959,0.835650164838609,0,0,0.00546806499650199,0.00649218774603181,8.84611837071467e-06,8.84611837071467e-06,0.029881648118707,0.0380143543540059,1.57212629144105,1.57212629144105,1.38400391492081,1.64058976737203,0.426369064609737,0.426369064609737,0.397762520017349,0.443100923625463,0.85004419081259,0.85004419081259,0.83606508495171,0.874606034603431
360,1.0531727218632,1.0531727218632,1.02506976151547,1.05963364917877,0.79417069408266,0.79417069408266,0.781304148314164,0.815132196895269,0,0,0.00548130432455716,0.00649171875051098,8.84611837071467e-06,8.84611837071467e-06,0.0295812133868049,0.0378599676458671,1.02035299688988,1.02035299688988,0.903699839661337,1.07449951930955,0.268965996309501,0.268965996309501,0.252260084669029,0.281271299170596,0.824767980836867,0.824767980836867,0.811642841142377,0.847114955432916
