1.000000000000000000e+00,1.273191200000000000e+07,1.273191200000000000e+07,1.134669500000000000e+07,1.134745800000000000e+07,7.128540000000000000e+06,7.128540000000000000e+06,5.953803000000000000e+06,5.953539000000000000e+06,0.000000000000000000e+00,0.000000000000000000e+00,0.000000000000000000e+00,0.000000000000000000e+00,0.000000000000000000e+00,0.000000000000000000e+00,0.000000000000000000e+00,0.000000000000000000e+00,0.000000000000000000e+00,0.000000000000000000e+00,0.000000000000000000e+00,0.000000000000000000e+00,0.000000000000000000e+00,0.000000000000000000e+00,0.000000000000000000e+00,0.000000000000000000e+00,7.129001000000000000e+06,7.129001000000000000e+06,6.121024000000000000e+06,6.121183000000000000e+06
2.000000000000000000e+00,1.272590200000000000e+07,1.272590200000000000e+07,1.134494800000000000e+07,1.134477500000000000e+07,6.916998000000000000e+06,6.916998000000000000e+06,5.775911000000000000e+06,5.775607000000000000e+06,0.000000000000000000e+00,0.000000000000000000e+00,0.000000000000000000e+00,0.000000000000000000e+00,0.000000000000000000e+00,0.000000000000000000e+00,0.000000000000000000e+00,0.000000000000000000e+00,0.000000000000000000e+00,0.000000000000000000e+00,0.000000000000000000e+00,0.000000000000000000e+00,0.000000000000000000e+00,0.000000000000000000e+00,0.000000000000000000e+00,0.000000000000000000e+00,7.338341000000000000e+06,7.338341000000000000e+06,6.299792000000000000e+06,6.299950000000000000e+06
3.000000000000000000e+00,1.271671600000000000e+07,1.271671600000000000e+07,1.133552200000000000e+07,1.133532400000000000e+07,6.709907000000000000e+06,6.709907000000000000e+06,5.597637000000000000e+06,5.597483000000000000e+06,0.000000000000000000e+00,0.000000000000000000e+00,0.000000000000000000e+00,0.000000000000000000e+00,0.000000000000000000e+00,0.000000000000000000e+00,0.000000000000000000e+00,0.000000000000000000e+00,0.000000000000000000e+00,0.000000000000000000e+00,0.000000000000000000e+00,0.000000000000000000e+00,0.000000000000000000e+00,0.000000000000000000e+00,0.000000000000000000e+00,0.000000000000000000e+00,7.545349000000000000e+06,7.545349000000000000e+06,6.478560000000000000e+06,6.478549000000000000e+06
4.000000000000000000e+00,1.267757800000000000e+07,1.267757800000000000e+07,1.130705200000000000e+07,1.130710600000000000e+07,6.493666000000000000e+06,6.493666000000000000e+06,5.413581000000000000e+06,5.413409000000000000e+06,0.000000000000000000e+00,0.000000000000000000e+00,0.000000000000000000e+00,0.000000000000000000e+00,0.000000000000000000e+00,0.000000000000000000e+00,0.000000000000000000e+00,0.000000000000000000e+00,0.000000000000000000e+00,0.000000000000000000e+00,0.000000000000000000e+00,0.000000000000000000e+00,0.000000000000000000e+00,0.000000000000000000e+00,0.000000000000000000e+00,0.000000000000000000e+00,7.738208000000000000e+06,7.738208000000000000e+06,6.648503000000000000e+06,6.648515000000000000e+06
5.000000000000000000e+00,1.266166000000000000e+07,1.266166000000000000e+07,1.128712800000000000e+07,1.128694100000000000e+07,7.954089000000000000e+06,7.954089000000000000e+06,6.631650000000000000e+06,6.631703000000000000e+06,2.687284000000000000e+06,2.687284000000000000e+06,2.245551000000000000e+06,2.245267000000000000e+06,1.325724000000000000e+06,1.325724000000000000e+06,1.176850000000000000e+06,1.176980000000000000e+06,0.000000000000000000e+00,0.000000000000000000e+00,0.000000000000000000e+00,0.000000000000000000e+00,0.000000000000000000e+00,0.000000000000000000e+00,0.000000000000000000e+00,0.000000000000000000e+00,7.943431000000000000e+06,7.943431000000000000e+06,6.823922000000000000e+06,6.823927000000000000e+06
6.000000000000000000e+00,1.263368700000000000e+07,1.263368700000000000e+07,1.126121700000000000e+07,1.126119400000000000e+07,8.089110000000000000e+06,8.089110000000000000e+06,6.741761000000000000e+06,6.741359000000000000e+06,3.157843000000000000e+06,3.157843000000000000e+06,2.638089000000000000e+06,2.638039000000000000e+06,1.506596000000000000e+06,1.506596000000000000e+06,1.339656000000000000e+06,1.339629000000000000e+06,0.000000000000000000e+00,0.000000000000000000e+00,0.000000000000000000e+00,0.000000000000000000e+00,0.000000000000000000e+00,0.000000000000000000e+00,0.000000000000000000e+00,0.000000000000000000e+00,8.137691000000000000e+06,8.137691000000000000e+06,6.997421000000000000e+06,6.997450000000000000e+06
7.000000000000000000e+00,1.257768000000000000e+07,1.257768000000000000e+07,1.121626000000000000e+07,1.121622000000000000e+07,8.183281000000000000e+06,8.183281000000000000e+06,6.821493000000000000e+06,6.821461000000000000e+06,3.554604000000000000e+06,3.554604000000000000e+06,2.973143000000000000e+06,2.973217000000000000e+06,1.642103000000000000e+06,1.642103000000000000e+06,1.460219000000000000e+06,1.460029000000000000e+06,0.000000000000000000e+00,0.000000000000000000e+00,0.000000000000000000e+00,0.000000000000000000e+00,0.000000000000000000e+00,0.000000000000000000e+00,0.000000000000000000e+00,0.000000000000000000e+00,8.329411000000000000e+06,8.329411000000000000e+06,7.160860000000000000e+06,7.160889000000000000e+06
8.000000000000000000e+00,1.254167700000000000e+07,1.254167700000000000e+07,1.117935700000000000e+07,1.117919500000000000e+07,8.290393000000000000e+06,8.290393000000000000e+06,6.906593000000000000e+06,6.906117000000000000e+06,3.930340000000000000e+06,3.930340000000000000e+06,3.289344000000000000e+06,3.289297000000000000e+06,1.755982000000000000e+06,1.755982000000000000e+06,1.561272000000000000e+06,1.561373000000000000e+06,0.000000000000000000e+00,0.000000000000000000e+00,0.000000000000000000e+00,0.000000000000000000e+00,0.000000000000000000e+00,0.000000000000000000e+00,0.000000000000000000e+00,0.000000000000000000e+00,8.519920000000000000e+06,8.519920000000000000e+06,7.329874000000000000e+06,7.329819000000000000e+06
9.000000000000000000e+00,1.247254200000000000e+07,1.247254200000000000e+07,1.112411200000000000e+07,1.112403300000000000e+07,8.369250000000000000e+06,8.369250000000000000e+06,6.972300000000000000e+06,6.972092000000000000e+06,4.261257000000000000e+06,4.261257000000000000e+06,3.567804000000000000e+06,3.567926000000000000e+06,1.839092000000000000e+06,1.839092000000000000e+06,1.634244000000000000e+06,1.634024000000000000e+06,0.000000000000000000e+00,0.000000000000000000e+00,0.000000000000000000e+00,0.000000000000000000e+00,0.000000000000000000e+00,0.000000000000000000e+00,0.000000000000000000e+00,0.000000000000000000e+00,8.705954000000000000e+06,8.705954000000000000e+06,7.488540000000000000e+06,7.488383000000000000e+06
1.000000000000000000e+01,1.240172500000000000e+07,1.240172500000000000e+07,1.105928500000000000e+07,1.105942300000000000e+07,8.447669000000000000e+06,8.447669000000000000e+06,7.036293000000000000e+06,7.035892000000000000e+06,4.575537000000000000e+06,4.575537000000000000e+06,3.829737000000000000e+06,3.829714000000000000e+06,1.904202000000000000e+06,1.904202000000000000e+06,1.691013000000000000e+06,1.690848000000000000e+06,0.000000000000000000e+00,0.000000000000000000e+00,0.000000000000000000e+00,0.000000000000000000e+00,0.000000000000000000e+00,0.000000000000000000e+00,0.000000000000000000e+00,0.000000000000000000e+00,8.889892000000000000e+06,8.889892000000000000e+06,7.641184000000000000e+06,7.641298000000000000e+06
1.100000000000000000e+01,1.232920700000000000e+07,1.232920700000000000e+07,1.099359300000000000e+07,1.099314800000000000e+07,8.519232000000000000e+06,8.519232000000000000e+06,7.091662000000000000e+06,7.091526000000000000e+06,4.858185000000000000e+06,4.858185000000000000e+06,4.063641000000000000e+06,4.063666000000000000e+06,1.946677000000000000e+06,1.946677000000000000e+06,1.727360000000000000e+06,1.727164000000000000e+06,0.000000000000000000e+00,0.000000000000000000e+00,0.000000000000000000e+00,0.000000000000000000e+00,0.000000000000000000e+00,0.000000000000000000e+00,0.000000000000000000e+00,0.000000000000000000e+00,9.064006000000000000e+06,9.064006000000000000e+06,7.793802000000000000e+06,7.793723000000000000e+06
1.200000000000000000e+01,1.230424600000000000e+07,1.230424600000000000e+07,1.092533800000000000e+07,1.092541000000000000e+07,8.591455000000000000e+06,8.591455000000000000e+06,7.149525000000000000e+06,7.149319000000000000e+06,5.118576000000000000e+06,5.118576000000000000e+06,4.286208000000000000e+06,4.286312000000000000e+06,1.973460000000000000e+06,1.973460000000000000e+06,1.751072000000000000e+06,1.751032000000000000e+06,0.000000000000000000e+00,0.000000000000000000e+00,0.000000000000000000e+00,0.000000000000000000e+00,1.654460000000000000e+05,1.654460000000000000e+05,0.000000000000000000e+00,0.000000000000000000e+00,9.240416000000000000e+06,9.240416000000000000e+06,7.943047000000000000e+06,7.943081000000000000e+06
1.300000000000000000e+01,1.229779200000000000e+07,1.229779200000000000e+07,1.091770800000000000e+07,1.091762800000000000e+07,8.659520000000000000e+06,8.659520000000000000e+06,7.205435000000000000e+06,7.205159000000000000e+06,5.367127000000000000e+06,5.367127000000000000e+06,4.493701000000000000e+06,4.493639000000000000e+06,1.983656000000000000e+06,1.983656000000000000e+06,1.762174000000000000e+06,1.761891000000000000e+06,0.000000000000000000e+00,0.000000000000000000e+00,0.000000000000000000e+00,0.000000000000000000e+00,3.355400000000000000e+05,3.355400000000000000e+05,1.555940000000000000e+05,1.558530000000000000e+05,9.400706000000000000e+06,9.400706000000000000e+06,8.087885000000000000e+06,8.088003000000000000e+06
1.400000000000000000e+01,1.229350900000000000e+07,1.229350900000000000e+07,1.091491100000000000e+07,1.091475900000000000e+07,8.715792000000000000e+06,8.715792000000000000e+06,7.253868000000000000e+06,7.253453000000000000e+06,5.596208000000000000e+06,5.596208000000000000e+06,4.678898000000000000e+06,4.678781000000000000e+06,1.990008000000000000e+06,1.990008000000000000e+06,1.757782000000000000e+06,1.757545000000000000e+06,0.000000000000000000e+00,0.000000000000000000e+00,0.000000000000000000e+00,0.000000000000000000e+00,5.142650000000000000e+05,5.142650000000000000e+05,3.154030000000000000e+05,3.156600000000000000e+05,9.567263000000000000e+06,9.567263000000000000e+06,8.229657000000000000e+06,8.229772000000000000e+06
1.500000000000000000e+01,1.227649000000000000e+07,1.227649000000000000e+07,1.090036800000000000e+07,1.090032600000000000e+07,8.774579000000000000e+06,8.774579000000000000e+06,7.290469000000000000e+06,7.290505000000000000e+06,5.791040000000000000e+06,5.791040000000000000e+06,4.842243000000000000e+06,4.842316000000000000e+06,1.973209000000000000e+06,1.973209000000000000e+06,1.739642000000000000e+06,1.739662000000000000e+06,0.000000000000000000e+00,0.000000000000000000e+00,0.000000000000000000e+00,0.000000000000000000e+00,6.882050000000000000e+05,6.882050000000000000e+05,4.758190000000000000e+05,4.760510000000000000e+05,9.717181000000000000e+06,9.717181000000000000e+06,8.357409000000000000e+06,8.357743000000000000e+06
1.600000000000000000e+01,1.227913000000000000e+07,1.227913000000000000e+07,1.090335800000000000e+07,1.090319600000000000e+07,8.837752000000000000e+06,8.837752000000000000e+06,7.339141000000000000e+06,7.338854000000000000e+06,5.982974000000000000e+06,5.982974000000000000e+06,5.003231000000000000e+06,5.003438000000000000e+06,1.943219000000000000e+06,1.943219000000000000e+06,1.715109000000000000e+06,1.715247000000000000e+06,0.000000000000000000e+00,0.000000000000000000e+00,0.000000000000000000e+00,0.000000000000000000e+00,8.707150000000000000e+05,8.707150000000000000e+05,6.384260000000000000e+05,6.385510000000000000e+05,9.876847000000000000e+06,9.876847000000000000e+06,8.492912000000000000e+06,8.493021000000000000e+06
1.700000000000000000e+01,1.226773700000000000e+07,1.226773700000000000e+07,1.089337600000000000e+07,1.089319800000000000e+07,8.899917000000000000e+06,8.899917000000000000e+06,7.389064000000000000e+06,7.389140000000000000e+06,6.164210000000000000e+06,6.164210000000000000e+06,5.160234000000000000e+06,5.160467000000000000e+06,1.912402000000000000e+06,1.912402000000000000e+06,1.684053000000000000e+06,1.683827000000000000e+06,0.000000000000000000e+00,0.000000000000000000e+00,0.000000000000000000e+00,0.000000000000000000e+00,1.061821000000000000e+06,1.061821000000000000e+06,8.011370000000000000e+05,8.013590000000000000e+05,1.001553700000000000e+07,1.001553700000000000e+07,8.611071000000000000e+06,8.611335000000000000e+06
1.800000000000000000e+01,1.227252700000000000e+07,1.227252700000000000e+07,1.089755100000000000e+07,1.089722700000000000e+07,8.954396000000000000e+06,8.954396000000000000e+06,7.433929000000000000e+06,7.433629000000000000e+06,6.328706000000000000e+06,6.328706000000000000e+06,5.295723000000000000e+06,5.295360000000000000e+06,1.865466000000000000e+06,1.865466000000000000e+06,1.640516000000000000e+06,1.640591000000000000e+06,0.000000000000000000e+00,0.000000000000000000e+00,0.000000000000000000e+00,0.000000000000000000e+00,1.247313000000000000e+06,1.247313000000000000e+06,9.657310000000000000e+05,9.661410000000000000e+05,1.016116400000000000e+07,1.016116400000000000e+07,8.736129000000000000e+06,8.736306000000000000e+06
1.900000000000000000e+01,1.226459700000000000e+07,1.226459700000000000e+07,1.089414300000000000e+07,1.089394200000000000e+07,9.005741000000000000e+06,9.005741000000000000e+06,7.474241000000000000e+06,7.473708000000000000e+06,6.477284000000000000e+06,6.477284000000000000e+06,5.417917000000000000e+06,5.417605000000000000e+06,1.804020000000000000e+06,1.804020000000000000e+06,1.588765000000000000e+06,1.588548000000000000e+06,0.000000000000000000e+00,0.000000000000000000e+00,0.000000000000000000e+00,0.000000000000000000e+00,1.432775000000000000e+06,1.432775000000000000e+06,1.131425000000000000e+06,1.131620000000000000e+06,1.029247300000000000e+07,1.029247300000000000e+07,8.848100000000000000e+06,8.848636000000000000e+06
2.000000000000000000e+01,1.226047800000000000e+07,1.226047800000000000e+07,1.088949800000000000e+07,1.088928000000000000e+07,9.052945000000000000e+06,9.052945000000000000e+06,7.503528000000000000e+06,7.503293000000000000e+06,6.593156000000000000e+06,6.593156000000000000e+06,5.519096000000000000e+06,5.518750000000000000e+06,1.745990000000000000e+06,1.745990000000000000e+06,1.526536000000000000e+06,1.526625000000000000e+06,0.000000000000000000e+00,0.000000000000000000e+00,0.000000000000000000e+00,0.000000000000000000e+00,1.609796000000000000e+06,1.609796000000000000e+06,1.297332000000000000e+06,1.297588000000000000e+06,1.040993500000000000e+07,1.040993500000000000e+07,8.955576000000000000e+06,8.955691000000000000e+06
2.100000000000000000e+01,1.224930800000000000e+07,1.224930800000000000e+07,1.088538400000000000e+07,1.088489600000000000e+07,9.099990000000000000e+06,9.099990000000000000e+06,7.539656000000000000e+06,7.539522000000000000e+06,6.709116000000000000e+06,6.709116000000000000e+06,5.617353000000000000e+06,5.617310000000000000e+06,1.670992000000000000e+06,1.670992000000000000e+06,1.459756000000000000e+06,1.459956000000000000e+06,0.000000000000000000e+00,0.000000000000000000e+00,0.000000000000000000e+00,0.000000000000000000e+00,1.804370000000000000e+06,1.804370000000000000e+06,1.463699000000000000e+06,1.463704000000000000e+06,1.053196500000000000e+07,1.053196500000000000e+07,9.055228000000000000e+06,9.055191000000000000e+06
2.200000000000000000e+01,1.225446500000000000e+07,1.225446500000000000e+07,1.088600200000000000e+07,1.088593500000000000e+07,9.150260000000000000e+06,9.150260000000000000e+06,7.578805000000000000e+06,7.578665000000000000e+06,6.825903000000000000e+06,6.825903000000000000e+06,5.709392000000000000e+06,5.709157000000000000e+06,1.594966000000000000e+06,1.594966000000000000e+06,1.387629000000000000e+06,1.387615000000000000e+06,0.000000000000000000e+00,0.000000000000000000e+00,0.000000000000000000e+00,0.000000000000000000e+00,1.992984000000000000e+06,1.992984000000000000e+06,1.631141000000000000e+06,1.631198000000000000e+06,1.064556600000000000e+07,1.064556600000000000e+07,9.152373000000000000e+06,9.152488000000000000e+06
2.300000000000000000e+01,1.225176300000000000e+07,1.225176300000000000e+07,1.088699700000000000e+07,1.088704900000000000e+07,9.203091000000000000e+06,9.203091000000000000e+06,7.615379000000000000e+06,7.615466000000000000e+06,6.908203000000000000e+06,6.908203000000000000e+06,5.789063000000000000e+06,5.788862000000000000e+06,1.510331000000000000e+06,1.510331000000000000e+06,1.308787000000000000e+06,1.308761000000000000e+06,0.000000000000000000e+00,0.000000000000000000e+00,0.000000000000000000e+00,0.000000000000000000e+00,2.183042000000000000e+06,2.183042000000000000e+06,1.799019000000000000e+06,1.799023000000000000e+06,1.074856300000000000e+07,1.074856300000000000e+07,9.244053000000000000e+06,9.244157000000000000e+06
2.400000000000000000e+01,1.225599800000000000e+07,1.225599800000000000e+07,1.089127800000000000e+07,1.089109400000000000e+07,9.245581000000000000e+06,9.245581000000000000e+06,7.651321000000000000e+06,7.651703000000000000e+06,7.004401000000000000e+06,7.004401000000000000e+06,5.858817000000000000e+06,5.858778000000000000e+06,1.410546000000000000e+06,1.410546000000000000e+06,1.224187000000000000e+06,1.224407000000000000e+06,0.000000000000000000e+00,0.000000000000000000e+00,0.000000000000000000e+00,0.000000000000000000e+00,2.371137000000000000e+06,2.371137000000000000e+06,1.967303000000000000e+06,1.967411000000000000e+06,1.085423400000000000e+07,1.085423400000000000e+07,9.331810000000000000e+06,9.331968000000000000e+06
2.500000000000000000e+01,1.226119100000000000e+07,1.226119100000000000e+07,1.089576300000000000e+07,1.089552600000000000e+07,9.296904000000000000e+06,9.296904000000000000e+06,7.681686000000000000e+06,7.681637000000000000e+06,7.060346000000000000e+06,7.060346000000000000e+06,5.914864000000000000e+06,5.914663000000000000e+06,1.322163000000000000e+06,1.322163000000000000e+06,1.133970000000000000e+06,1.133980000000000000e+06,0.000000000000000000e+00,0.000000000000000000e+00,0.000000000000000000e+00,0.000000000000000000e+00,2.565627000000000000e+06,2.565627000000000000e+06,2.135786000000000000e+06,2.136050000000000000e+06,1.094751500000000000e+07,1.094751500000000000e+07,9.414324000000000000e+06,9.414415000000000000e+06
2.600000000000000000e+01,1.224651100000000000e+07,1.224651100000000000e+07,1.088618500000000000e+07,1.088585600000000000e+07,9.323092000000000000e+06,9.323092000000000000e+06,7.702071000000000000e+06,7.702377000000000000e+06,7.119921000000000000e+06,7.119921000000000000e+06,5.954942000000000000e+06,5.954912000000000000e+06,1.217375000000000000e+06,1.217375000000000000e+06,1.037445000000000000e+06,1.037454000000000000e+06,0.000000000000000000e+00,0.000000000000000000e+00,0.000000000000000000e+00,0.000000000000000000e+00,2.744574000000000000e+06,2.744574000000000000e+06,2.301438000000000000e+06,2.301482000000000000e+06,1.101762200000000000e+07,1.101762200000000000e+07,9.477114000000000000e+06,9.477387000000000000e+06
2.700000000000000000e+01,1.225298000000000000e+07,1.225298000000000000e+07,1.089446500000000000e+07,1.089443100000000000e+07,9.368246000000000000e+06,9.368246000000000000e+06,7.734128000000000000e+06,7.734392000000000000e+06,7.164901000000000000e+06,7.164901000000000000e+06,5.995200000000000000e+06,5.995299000000000000e+06,1.106174000000000000e+06,1.106174000000000000e+06,9.386640000000000000e+05,9.385720000000000000e+05,0.000000000000000000e+00,0.000000000000000000e+00,0.000000000000000000e+00,0.000000000000000000e+00,2.943165000000000000e+06,2.943165000000000000e+06,2.470034000000000000e+06,2.470187000000000000e+06,1.110728000000000000e+07,1.110728000000000000e+07,9.549324000000000000e+06,9.549531000000000000e+06
2.800000000000000000e+01,1.224395300000000000e+07,1.224395300000000000e+07,1.088723500000000000e+07,1.088703700000000000e+07,9.399760000000000000e+06,9.399760000000000000e+06,7.750943000000000000e+06,7.751021000000000000e+06,7.182171000000000000e+06,7.182171000000000000e+06,6.016020000000000000e+06,6.016054000000000000e+06,9.978580000000000000e+05,9.978580000000000000e+05,8.338390000000000000e+05,8.338760000000000000e+05,0.000000000000000000e+00,0.000000000000000000e+00,0.000000000000000000e+00,0.000000000000000000e+00,3.126481000000000000e+06,3.126481000000000000e+06,2.634663000000000000e+06,2.634706000000000000e+06,1.116528900000000000e+07,1.116528900000000000e+07,9.601519000000000000e+06,9.601756000000000000e+06
2.900000000000000000e+01,1.225497000000000000e+07,1.225497000000000000e+07,1.089695900000000000e+07,1.089692100000000000e+07,9.432520000000000000e+06,9.432520000000000000e+06,7.773286000000000000e+06,7.773510000000000000e+06,7.213057000000000000e+06,7.213057000000000000e+06,6.033020000000000000e+06,6.033076000000000000e+06,8.824580000000000000e+05,8.824580000000000000e+05,7.267870000000000000e+05,7.268170000000000000e+05,0.000000000000000000e+00,0.000000000000000000e+00,0.000000000000000000e+00,0.000000000000000000e+00,3.313468000000000000e+06,3.313468000000000000e+06,2.802947000000000000e+06,2.803276000000000000e+06,1.123809900000000000e+07,1.123809900000000000e+07,9.662742000000000000e+06,9.662988000000000000e+06
3.000000000000000000e+01,1.225203200000000000e+07,1.225203200000000000e+07,1.089636200000000000e+07,1.089672300000000000e+07,9.467816000000000000e+06,9.467816000000000000e+06,7.798047000000000000e+06,7.798098000000000000e+06,7.227928000000000000e+06,7.227928000000000000e+06,6.045535000000000000e+06,6.045671000000000000e+06,7.561810000000000000e+05,7.561810000000000000e+05,6.161200000000000000e+05,6.160580000000000000e+05,0.000000000000000000e+00,0.000000000000000000e+00,0.000000000000000000e+00,0.000000000000000000e+00,3.501617000000000000e+06,3.501617000000000000e+06,2.966538000000000000e+06,2.966651000000000000e+06,1.128611700000000000e+07,1.128611700000000000e+07,9.704073000000000000e+06,9.704379000000000000e+06
3.100000000000000000e+01,1.225047300000000000e+07,1.225047300000000000e+07,1.089598900000000000e+07,1.089614300000000000e+07,9.498562000000000000e+06,9.498562000000000000e+06,7.819144000000000000e+06,7.818903000000000000e+06,7.230131000000000000e+06,7.230131000000000000e+06,6.047945000000000000e+06,6.048114000000000000e+06,6.351250000000000000e+05,6.351250000000000000e+05,5.027700000000000000e+05,5.029190000000000000e+05,0.000000000000000000e+00,0.000000000000000000e+00,0.000000000000000000e+00,0.000000000000000000e+00,3.690301000000000000e+06,3.690301000000000000e+06,3.128726000000000000e+06,3.128901000000000000e+06,1.132623900000000000e+07,1.132623900000000000e+07,9.738816000000000000e+06,9.738993000000000000e+06
3.200000000000000000e+01,1.224965500000000000e+07,1.224965500000000000e+07,1.089729400000000000e+07,1.089723100000000000e+07,9.526111000000000000e+06,9.526111000000000000e+06,7.837301000000000000e+06,7.837090000000000000e+06,7.220327000000000000e+06,7.220327000000000000e+06,6.040870000000000000e+06,6.041036000000000000e+06,5.095940000000000000e+05,5.095940000000000000e+05,3.863460000000000000e+05,3.865340000000000000e+05,0.000000000000000000e+00,0.000000000000000000e+00,0.000000000000000000e+00,0.000000000000000000e+00,3.874552000000000000e+06,3.874552000000000000e+06,3.290039000000000000e+06,3.290197000000000000e+06,1.136011700000000000e+07,1.136011700000000000e+07,9.768080000000000000e+06,9.767917000000000000e+06
3.300000000000000000e+01,1.224675100000000000e+07,1.224675100000000000e+07,1.089783500000000000e+07,1.089775600000000000e+07,9.548861000000000000e+06,9.548861000000000000e+06,7.845643000000000000e+06,7.845380000000000000e+06,7.193298000000000000e+06,7.193298000000000000e+06,6.018993000000000000e+06,6.019119000000000000e+06,3.793990000000000000e+05,3.793990000000000000e+05,2.671610000000000000e+05,2.669980000000000000e+05,0.000000000000000000e+00,0.000000000000000000e+00,0.000000000000000000e+00,0.000000000000000000e+00,4.054386000000000000e+06,4.054386000000000000e+06,3.450483000000000000e+06,3.450479000000000000e+06,1.139061800000000000e+07,1.139061800000000000e+07,9.793041000000000000e+06,9.792770000000000000e+06
3.400000000000000000e+01,1.224976600000000000e+07,1.224976600000000000e+07,1.089967100000000000e+07,1.089966500000000000e+07,9.574056000000000000e+06,9.574056000000000000e+06,7.859321000000000000e+06,7.859128000000000000e+06,7.164407000000000000e+06,7.164407000000000000e+06,5.995860000000000000e+06,5.995790000000000000e+06,2.530570000000000000e+05,2.530570000000000000e+05,1.461440000000000000e+05,1.460630000000000000e+05,0.000000000000000000e+00,0.000000000000000000e+00,0.000000000000000000e+00,0.000000000000000000e+00,4.238166000000000000e+06,4.238166000000000000e+06,3.608257000000000000e+06,3.608417000000000000e+06,1.140969400000000000e+07,1.140969400000000000e+07,9.808234000000000000e+06,9.808090000000000000e+06
3.500000000000000000e+01,1.224978700000000000e+07,1.224978700000000000e+07,1.090098200000000000e+07,1.090103500000000000e+07,9.587483000000000000e+06,9.587483000000000000e+06,7.904534000000000000e+06,7.904347000000000000e+06,7.113951000000000000e+06,7.113951000000000000e+06,5.959063000000000000e+06,5.958881000000000000e+06,1.187780000000000000e+05,1.187780000000000000e+05,1.786500000000000000e+04,1.783400000000000000e+04,0.000000000000000000e+00,0.000000000000000000e+00,0.000000000000000000e+00,0.000000000000000000e+00,4.416555000000000000e+06,4.416555000000000000e+06,3.765035000000000000e+06,3.764987000000000000e+06,1.142250100000000000e+07,1.142250100000000000e+07,9.818962000000000000e+06,9.818736000000000000e+06
3.600000000000000000e+01,1.224871500000000000e+07,1.224871500000000000e+07,1.090470700000000000e+07,1.090458300000000000e+07,9.620812000000000000e+06,9.620812000000000000e+06,8.056371000000000000e+06,8.056408000000000000e+06,7.071438000000000000e+06,7.071438000000000000e+06,5.920628000000000000e+06,5.920461000000000000e+06,0.000000000000000000e+00,0.000000000000000000e+00,0.000000000000000000e+00,0.000000000000000000e+00,0.000000000000000000e+00,0.000000000000000000e+00,0.000000000000000000e+00,0.000000000000000000e+00,4.591612000000000000e+06,4.591612000000000000e+06,3.919135000000000000e+06,3.919003000000000000e+06,1.142183200000000000e+07,1.142183200000000000e+07,9.821614000000000000e+06,9.821298000000000000e+06
3.700000000000000000e+01,1.225108900000000000e+07,1.225108900000000000e+07,1.090735200000000000e+07,1.090697200000000000e+07,9.791615000000000000e+06,9.791615000000000000e+06,8.193110000000000000e+06,8.192836000000000000e+06,7.011255000000000000e+06,7.011255000000000000e+06,5.867765000000000000e+06,5.867687000000000000e+06,0.000000000000000000e+00,0.000000000000000000e+00,0.000000000000000000e+00,0.000000000000000000e+00,0.000000000000000000e+00,0.000000000000000000e+00,0.000000000000000000e+00,0.000000000000000000e+00,4.764012000000000000e+06,4.764012000000000000e+06,4.071535000000000000e+06,4.071193000000000000e+06,1.141838000000000000e+07,1.141838000000000000e+07,9.819161000000000000e+06,9.818808000000000000e+06
3.800000000000000000e+01,1.223912200000000000e+07,1.223912200000000000e+07,1.089903500000000000e+07,1.089871300000000000e+07,9.945833000000000000e+06,9.945833000000000000e+06,8.323341000000000000e+06,8.323251000000000000e+06,6.941329000000000000e+06,6.941329000000000000e+06,5.807610000000000000e+06,5.807475000000000000e+06,0.000000000000000000e+00,0.000000000000000000e+00,0.000000000000000000e+00,0.000000000000000000e+00,0.000000000000000000e+00,0.000000000000000000e+00,0.000000000000000000e+00,0.000000000000000000e+00,4.925753000000000000e+06,4.925753000000000000e+06,4.215162000000000000e+06,4.215023000000000000e+06,1.138928200000000000e+07,1.138928200000000000e+07,9.795483000000000000e+06,9.794999000000000000e+06
3.900000000000000000e+01,1.224405200000000000e+07,1.224405200000000000e+07,1.090388600000000000e+07,1.090333700000000000e+07,1.010074300000000000e+07,1.010074300000000000e+07,8.449062000000000000e+06,8.448953000000000000e+06,6.861831000000000000e+06,6.861831000000000000e+06,5.741767000000000000e+06,5.741808000000000000e+06,0.000000000000000000e+00,0.000000000000000000e+00,0.000000000000000000e+00,0.000000000000000000e+00,0.000000000000000000e+00,0.000000000000000000e+00,0.000000000000000000e+00,0.000000000000000000e+00,5.100651000000000000e+06,5.100651000000000000e+06,4.362765000000000000e+06,4.362898000000000000e+06,1.137874100000000000e+07,1.137874100000000000e+07,9.781243000000000000e+06,9.780745000000000000e+06
4.000000000000000000e+01,1.224766200000000000e+07,1.224766200000000000e+07,1.090413200000000000e+07,1.090380800000000000e+07,1.024169400000000000e+07,1.024169400000000000e+07,8.570275000000000000e+06,8.569976000000000000e+06,6.781615000000000000e+06,6.781615000000000000e+06,5.670720000000000000e+06,5.670889000000000000e+06,0.000000000000000000e+00,0.000000000000000000e+00,0.000000000000000000e+00,0.000000000000000000e+00,0.000000000000000000e+00,0.000000000000000000e+00,0.000000000000000000e+00,0.000000000000000000e+00,5.262087000000000000e+06,5.262087000000000000e+06,4.504093000000000000e+06,4.504189000000000000e+06,1.134105100000000000e+07,1.134105100000000000e+07,9.752686000000000000e+06,9.752393000000000000e+06
4.100000000000000000e+01,1.224126500000000000e+07,1.224126500000000000e+07,1.090297300000000000e+07,1.090266600000000000e+07,1.038299200000000000e+07,1.038299200000000000e+07,8.688851000000000000e+06,8.688287000000000000e+06,6.690434000000000000e+06,6.690434000000000000e+06,5.595547000000000000e+06,5.595655000000000000e+06,0.000000000000000000e+00,0.000000000000000000e+00,0.000000000000000000e+00,0.000000000000000000e+00,0.000000000000000000e+00,0.000000000000000000e+00,0.000000000000000000e+00,0.000000000000000000e+00,5.416044000000000000e+06,5.416044000000000000e+06,4.639270000000000000e+06,4.639171000000000000e+06,1.129634500000000000e+07,1.129634500000000000e+07,9.710371000000000000e+06,9.710230000000000000e+06
4.200000000000000000e+01,1.224651600000000000e+07,1.224651600000000000e+07,1.090518500000000000e+07,1.090499700000000000e+07,1.051836400000000000e+07,1.051836400000000000e+07,8.798880000000000000e+06,8.798539000000000000e+06,6.596337000000000000e+06,6.596337000000000000e+06,5.512935000000000000e+06,5.512849000000000000e+06,0.000000000000000000e+00,0.000000000000000000e+00,0.000000000000000000e+00,0.000000000000000000e+00,0.000000000000000000e+00,0.000000000000000000e+00,0.000000000000000000e+00,0.000000000000000000e+00,5.569201000000000000e+06,5.569201000000000000e+06,4.773180000000000000e+06,4.772961000000000000e+06,1.124562900000000000e+07,1.124562900000000000e+07,9.666940000000000000e+06,9.666650000000000000e+06
4.300000000000000000e+01,1.224162400000000000e+07,1.224162400000000000e+07,1.090188900000000000e+07,1.090190800000000000e+07,1.063044300000000000e+07,1.063044300000000000e+07,8.897484000000000000e+06,8.897195000000000000e+06,6.487636000000000000e+06,6.487636000000000000e+06,5.421034000000000000e+06,5.421003000000000000e+06,0.000000000000000000e+00,0.000000000000000000e+00,0.000000000000000000e+00,0.000000000000000000e+00,0.000000000000000000e+00,0.000000000000000000e+00,0.000000000000000000e+00,0.000000000000000000e+00,5.714365000000000000e+06,5.714365000000000000e+06,4.900483000000000000e+06,4.900303000000000000e+06,1.117603800000000000e+07,1.117603800000000000e+07,9.611977000000000000e+06,9.611851000000000000e+06
4.400000000000000000e+01,1.224769500000000000e+07,1.224769500000000000e+07,1.091027300000000000e+07,1.091031100000000000e+07,1.075830300000000000e+07,1.075830300000000000e+07,8.999517000000000000e+06,8.999222000000000000e+06,6.382032000000000000e+06,6.382032000000000000e+06,5.330485000000000000e+06,5.330071000000000000e+06,0.000000000000000000e+00,0.000000000000000000e+00,0.000000000000000000e+00,0.000000000000000000e+00,0.000000000000000000e+00,0.000000000000000000e+00,0.000000000000000000e+00,0.000000000000000000e+00,5.854046000000000000e+06,5.854046000000000000e+06,5.028873000000000000e+06,5.028482000000000000e+06,1.111915600000000000e+07,1.111915600000000000e+07,9.558003000000000000e+06,9.557877000000000000e+06
4.500000000000000000e+01,1.224766300000000000e+07,1.224766300000000000e+07,1.090841600000000000e+07,1.090842600000000000e+07,1.085624600000000000e+07,1.085624600000000000e+07,9.082654000000000000e+06,9.082442000000000000e+06,6.259946000000000000e+06,6.259946000000000000e+06,5.226018000000000000e+06,5.225968000000000000e+06,0.000000000000000000e+00,0.000000000000000000e+00,0.000000000000000000e+00,0.000000000000000000e+00,0.000000000000000000e+00,0.000000000000000000e+00,0.000000000000000000e+00,0.000000000000000000e+00,5.991546000000000000e+06,5.991546000000000000e+06,5.148540000000000000e+06,5.148418000000000000e+06,1.104070500000000000e+07,1.104070500000000000e+07,9.491693000000000000e+06,9.491484000000000000e+06
4.600000000000000000e+01,1.224748100000000000e+07,1.224748100000000000e+07,1.090780000000000000e+07,1.090794400000000000e+07,1.095640400000000000e+07,1.095640400000000000e+07,9.160107000000000000e+06,9.160168000000000000e+06,6.132458000000000000e+06,6.132458000000000000e+06,5.120614000000000000e+06,5.120349000000000000e+06,0.000000000000000000e+00,0.000000000000000000e+00,0.000000000000000000e+00,0.000000000000000000e+00,0.000000000000000000e+00,0.000000000000000000e+00,0.000000000000000000e+00,0.000000000000000000e+00,6.132685000000000000e+06,6.132685000000000000e+06,5.264571000000000000e+06,5.264669000000000000e+06,1.095637200000000000e+07,1.095637200000000000e+07,9.418275000000000000e+06,9.418788000000000000e+06
4.700000000000000000e+01,1.224725800000000000e+07,1.224725800000000000e+07,1.090849400000000000e+07,1.090872400000000000e+07,1.104082400000000000e+07,1.104082400000000000e+07,9.237016000000000000e+06,9.236974000000000000e+06,5.991718000000000000e+06,5.991718000000000000e+06,5.008032000000000000e+06,5.007350000000000000e+06,0.000000000000000000e+00,0.000000000000000000e+00,0.000000000000000000e+00,0.000000000000000000e+00,0.000000000000000000e+00,0.000000000000000000e+00,0.000000000000000000e+00,0.000000000000000000e+00,6.259657000000000000e+06,6.259657000000000000e+06,5.372429000000000000e+06,5.372398000000000000e+06,1.085636400000000000e+07,1.085636400000000000e+07,9.333102000000000000e+06,9.332888000000000000e+06
4.800000000000000000e+01,1.224736400000000000e+07,1.224736400000000000e+07,1.091037300000000000e+07,1.091028100000000000e+07,1.111938500000000000e+07,1.111938500000000000e+07,9.301725000000000000e+06,9.301502000000000000e+06,5.853612000000000000e+06,5.853612000000000000e+06,4.890600000000000000e+06,4.890493000000000000e+06,0.000000000000000000e+00,0.000000000000000000e+00,0.000000000000000000e+00,0.000000000000000000e+00,0.000000000000000000e+00,0.000000000000000000e+00,0.000000000000000000e+00,0.000000000000000000e+00,6.377482000000000000e+06,6.377482000000000000e+06,5.478626000000000000e+06,5.478653000000000000e+06,1.075834800000000000e+07,1.075834800000000000e+07,9.247568000000000000e+06,9.247317000000000000e+06
4.900000000000000000e+01,1.224139700000000000e+07,1.224139700000000000e+07,1.090176600000000000e+07,1.090187600000000000e+07,1.117607100000000000e+07,1.117607100000000000e+07,9.354321000000000000e+06,9.354205000000000000e+06,5.714257000000000000e+06,5.714257000000000000e+06,4.765649000000000000e+06,4.765443000000000000e+06,0.000000000000000000e+00,0.000000000000000000e+00,0.000000000000000000e+00,0.000000000000000000e+00,0.000000000000000000e+00,0.000000000000000000e+00,0.000000000000000000e+00,0.000000000000000000e+00,6.487700000000000000e+06,6.487700000000000000e+06,5.572502000000000000e+06,5.572548000000000000e+06,1.063062900000000000e+07,1.063062900000000000e+07,9.142433000000000000e+06,9.142205000000000000e+06
5.000000000000000000e+01,1.224693700000000000e+07,1.224693700000000000e+07,1.090516700000000000e+07,1.090510900000000000e+07,1.124567500000000000e+07,1.124567500000000000e+07,9.407721000000000000e+06,9.407478000000000000e+06,5.568604000000000000e+06,5.568604000000000000e+06,4.641264000000000000e+06,4.641227000000000000e+06,0.000000000000000000e+00,0.000000000000000000e+00,0.000000000000000000e+00,0.000000000000000000e+00,0.000000000000000000e+00,0.000000000000000000e+00,0.000000000000000000e+00,0.000000000000000000e+00,6.596786000000000000e+06,6.596786000000000000e+06,5.666399000000000000e+06,5.666459000000000000e+06,1.051838500000000000e+07,1.051838500000000000e+07,9.041335000000000000e+06,9.040923000000000000e+06
5.100000000000000000e+01,1.224177600000000000e+07,1.224177600000000000e+07,1.090264400000000000e+07,1.090267500000000000e+07,1.129642100000000000e+07,1.129642100000000000e+07,9.449805000000000000e+06,9.449812000000000000e+06,5.416368000000000000e+06,5.416368000000000000e+06,4.510649000000000000e+06,4.510542000000000000e+06,0.000000000000000000e+00,0.000000000000000000e+00,0.000000000000000000e+00,0.000000000000000000e+00,0.000000000000000000e+00,0.000000000000000000e+00,0.000000000000000000e+00,0.000000000000000000e+00,6.690455000000000000e+06,6.690455000000000000e+06,5.751137000000000000e+06,5.751037000000000000e+06,1.038209000000000000e+07,1.038209000000000000e+07,8.928333000000000000e+06,8.928073000000000000e+06
5.200000000000000000e+01,1.224783900000000000e+07,1.224783900000000000e+07,1.090394900000000000e+07,1.090409500000000000e+07,1.134107300000000000e+07,1.134107300000000000e+07,9.491018000000000000e+06,9.490949000000000000e+06,5.261896000000000000e+06,5.261896000000000000e+06,4.378885000000000000e+06,4.378766000000000000e+06,0.000000000000000000e+00,0.000000000000000000e+00,0.000000000000000000e+00,0.000000000000000000e+00,0.000000000000000000e+00,0.000000000000000000e+00,0.000000000000000000e+00,0.000000000000000000e+00,6.781598000000000000e+06,6.781598000000000000e+06,5.828414000000000000e+06,5.828229000000000000e+06,1.024171900000000000e+07,1.024171900000000000e+07,8.806351000000000000e+06,8.806457000000000000e+06
5.300000000000000000e+01,1.224385600000000000e+07,1.224385600000000000e+07,1.090356600000000000e+07,1.090357700000000000e+07,1.137891600000000000e+07,1.137891600000000000e+07,9.518888000000000000e+06,9.518566000000000000e+06,5.099819000000000000e+06,5.099819000000000000e+06,4.240933000000000000e+06,4.240627000000000000e+06,0.000000000000000000e+00,0.000000000000000000e+00,0.000000000000000000e+00,0.000000000000000000e+00,0.000000000000000000e+00,0.000000000000000000e+00,0.000000000000000000e+00,0.000000000000000000e+00,6.862010000000000000e+06,6.862010000000000000e+06,5.901239000000000000e+06,5.901121000000000000e+06,1.010091800000000000e+07,1.010091800000000000e+07,8.681902000000000000e+06,8.681766000000000000e+06
5.400000000000000000e+01,1.223945500000000000e+07,1.223945500000000000e+07,1.089873800000000000e+07,1.089886800000000000e+07,1.138892600000000000e+07,1.138892600000000000e+07,9.532629000000000000e+06,9.532292000000000000e+06,4.925777000000000000e+06,4.925777000000000000e+06,4.096599000000000000e+06,4.096745000000000000e+06,0.000000000000000000e+00,0.000000000000000000e+00,0.000000000000000000e+00,0.000000000000000000e+00,0.000000000000000000e+00,0.000000000000000000e+00,0.000000000000000000e+00,0.000000000000000000e+00,6.941377000000000000e+06,6.941377000000000000e+06,5.968690000000000000e+06,5.968542000000000000e+06,9.945411000000000000e+06,9.945411000000000000e+06,8.552716000000000000e+06,8.552436000000000000e+06
5.500000000000000000e+01,1.225089600000000000e+07,1.225089600000000000e+07,1.090702300000000000e+07,1.090703100000000000e+07,1.141823700000000000e+07,1.141823700000000000e+07,9.555579000000000000e+06,9.555367000000000000e+06,4.763547000000000000e+06,4.763547000000000000e+06,3.956458000000000000e+06,3.956310000000000000e+06,0.000000000000000000e+00,0.000000000000000000e+00,0.000000000000000000e+00,0.000000000000000000e+00,0.000000000000000000e+00,0.000000000000000000e+00,0.000000000000000000e+00,0.000000000000000000e+00,7.011178000000000000e+06,7.011178000000000000e+06,6.030260000000000000e+06,6.030225000000000000e+06,9.791452000000000000e+06,9.791452000000000000e+06,8.419089000000000000e+06,8.419029000000000000e+06
5.600000000000000000e+01,1.224928300000000000e+07,1.224928300000000000e+07,1.090483300000000000e+07,1.090492000000000000e+07,1.142189500000000000e+07,1.142189500000000000e+07,9.558113000000000000e+06,9.558004000000000000e+06,4.591412000000000000e+06,4.591412000000000000e+06,3.807479000000000000e+06,3.807343000000000000e+06,0.000000000000000000e+00,0.000000000000000000e+00,0.000000000000000000e+00,0.000000000000000000e+00,0.000000000000000000e+00,0.000000000000000000e+00,0.000000000000000000e+00,0.000000000000000000e+00,7.071547000000000000e+06,7.071547000000000000e+06,6.084295000000000000e+06,6.084160000000000000e+06,9.620918000000000000e+06,9.620918000000000000e+06,8.278363000000000000e+06,8.278476000000000000e+06
5.700000000000000000e+01,1.224943500000000000e+07,1.224943500000000000e+07,1.090090400000000000e+07,1.090118700000000000e+07,1.142256100000000000e+07,1.142256100000000000e+07,9.555567000000000000e+06,9.555341000000000000e+06,4.416674000000000000e+06,4.416674000000000000e+06,3.657242000000000000e+06,3.656965000000000000e+06,0.000000000000000000e+00,0.000000000000000000e+00,0.000000000000000000e+00,0.000000000000000000e+00,1.183800000000000000e+05,1.183800000000000000e+05,7.040200000000000000e+04,6.995700000000000000e+04,7.113926000000000000e+06,7.113926000000000000e+06,6.123823000000000000e+06,6.123736000000000000e+06,9.586841000000000000e+06,9.586841000000000000e+06,8.122190000000000000e+06,8.122276000000000000e+06
5.800000000000000000e+01,1.224936500000000000e+07,1.224936500000000000e+07,1.089957800000000000e+07,1.089967300000000000e+07,1.140967800000000000e+07,1.140967800000000000e+07,9.545270000000000000e+06,9.545407000000000000e+06,4.237493000000000000e+06,4.237493000000000000e+06,3.504065000000000000e+06,3.503856000000000000e+06,0.000000000000000000e+00,0.000000000000000000e+00,0.000000000000000000e+00,0.000000000000000000e+00,2.531040000000000000e+05,2.531040000000000000e+05,1.982260000000000000e+05,1.980900000000000000e+05,7.164281000000000000e+06,7.164281000000000000e+06,6.161536000000000000e+06,6.161370000000000000e+06,9.574174000000000000e+06,9.574174000000000000e+06,8.102040000000000000e+06,8.102234000000000000e+06
5.900000000000000000e+01,1.224668800000000000e+07,1.224668800000000000e+07,1.089748300000000000e+07,1.089745700000000000e+07,1.139047500000000000e+07,1.139047500000000000e+07,9.530181000000000000e+06,9.530016000000000000e+06,4.053894000000000000e+06,4.053894000000000000e+06,3.349976000000000000e+06,3.349765000000000000e+06,0.000000000000000000e+00,0.000000000000000000e+00,0.000000000000000000e+00,0.000000000000000000e+00,3.793050000000000000e+05,3.793050000000000000e+05,3.236440000000000000e+05,3.237740000000000000e+05,7.193756000000000000e+06,7.193756000000000000e+06,6.185669000000000000e+06,6.185412000000000000e+06,9.548623000000000000e+06,9.548623000000000000e+06,8.086575000000000000e+06,8.086805000000000000e+06
6.000000000000000000e+01,1.224969700000000000e+07,1.224969700000000000e+07,1.089704100000000000e+07,1.089717800000000000e+07,1.136015600000000000e+07,1.136015600000000000e+07,9.506102000000000000e+06,9.505798000000000000e+06,3.874557000000000000e+06,3.874557000000000000e+06,3.193078000000000000e+06,3.193061000000000000e+06,0.000000000000000000e+00,0.000000000000000000e+00,0.000000000000000000e+00,0.000000000000000000e+00,5.093880000000000000e+05,5.093880000000000000e+05,4.473820000000000000e+05,4.474510000000000000e+05,7.220397000000000000e+06,7.220397000000000000e+06,6.207872000000000000e+06,6.207666000000000000e+06,9.526241000000000000e+06,9.526241000000000000e+06,8.077248000000000000e+06,8.077336000000000000e+06
6.100000000000000000e+01,1.225030700000000000e+07,1.225030700000000000e+07,1.089589900000000000e+07,1.089611200000000000e+07,1.132564000000000000e+07,1.132564000000000000e+07,9.477714000000000000e+06,9.477464000000000000e+06,3.690293000000000000e+06,3.690293000000000000e+06,3.035432000000000000e+06,3.035349000000000000e+06,0.000000000000000000e+00,0.000000000000000000e+00,0.000000000000000000e+00,0.000000000000000000e+00,6.353680000000000000e+05,6.353680000000000000e+05,5.682180000000000000e+05,5.682800000000000000e+05,7.230163000000000000e+06,7.230163000000000000e+06,6.215382000000000000e+06,6.214986000000000000e+06,9.498713000000000000e+06,9.498713000000000000e+06,8.057396000000000000e+06,8.057623000000000000e+06
6.200000000000000000e+01,1.225212900000000000e+07,1.225212900000000000e+07,1.089668500000000000e+07,1.089680700000000000e+07,1.128565500000000000e+07,1.128565500000000000e+07,9.443979000000000000e+06,9.443876000000000000e+06,3.501767000000000000e+06,3.501767000000000000e+06,2.876968000000000000e+06,2.876981000000000000e+06,0.000000000000000000e+00,0.000000000000000000e+00,0.000000000000000000e+00,0.000000000000000000e+00,7.563870000000000000e+05,7.563870000000000000e+05,6.859390000000000000e+05,6.859700000000000000e+05,7.227976000000000000e+06,7.227976000000000000e+06,6.212719000000000000e+06,6.212497000000000000e+06,9.467803000000000000e+06,9.467803000000000000e+06,8.034692000000000000e+06,8.034876000000000000e+06
6.300000000000000000e+01,1.225503100000000000e+07,1.225503100000000000e+07,1.089700500000000000e+07,1.089722600000000000e+07,1.123804800000000000e+07,1.123804800000000000e+07,9.403626000000000000e+06,9.403521000000000000e+06,3.313446000000000000e+06,3.313446000000000000e+06,2.716931000000000000e+06,2.716927000000000000e+06,0.000000000000000000e+00,0.000000000000000000e+00,0.000000000000000000e+00,0.000000000000000000e+00,8.825320000000000000e+05,8.825320000000000000e+05,8.003670000000000000e+05,8.004710000000000000e+05,7.213165000000000000e+06,7.213165000000000000e+06,6.199577000000000000e+06,6.199472000000000000e+06,9.432389000000000000e+06,9.432389000000000000e+06,8.008172000000000000e+06,8.008232000000000000e+06
6.400000000000000000e+01,1.224381500000000000e+07,1.224381500000000000e+07,1.088674400000000000e+07,1.088705200000000000e+07,1.116511000000000000e+07,1.116511000000000000e+07,9.343974000000000000e+06,9.343816000000000000e+06,3.126634000000000000e+06,3.126634000000000000e+06,2.552553000000000000e+06,2.552474000000000000e+06,0.000000000000000000e+00,0.000000000000000000e+00,0.000000000000000000e+00,0.000000000000000000e+00,9.985500000000000000e+05,9.985500000000000000e+05,9.119130000000000000e+05,9.119640000000000000e+05,7.182119000000000000e+06,7.182119000000000000e+06,6.182180000000000000e+06,6.182044000000000000e+06,9.399754000000000000e+06,9.399754000000000000e+06,7.984298000000000000e+06,7.984237000000000000e+06
6.500000000000000000e+01,1.225307400000000000e+07,1.225307400000000000e+07,1.089411900000000000e+07,1.089452200000000000e+07,1.110749300000000000e+07,1.110749300000000000e+07,9.293241000000000000e+06,9.293206000000000000e+06,2.942531000000000000e+06,2.942531000000000000e+06,2.391458000000000000e+06,2.391433000000000000e+06,0.000000000000000000e+00,0.000000000000000000e+00,0.000000000000000000e+00,0.000000000000000000e+00,1.106295000000000000e+06,1.106295000000000000e+06,1.020372000000000000e+06,1.020600000000000000e+06,7.164693000000000000e+06,7.164693000000000000e+06,6.160824000000000000e+06,6.160863000000000000e+06,9.368450000000000000e+06,9.368450000000000000e+06,7.966338000000000000e+06,7.966307000000000000e+06
6.600000000000000000e+01,1.224650300000000000e+07,1.224650300000000000e+07,1.088598900000000000e+07,1.088620800000000000e+07,1.101785600000000000e+07,1.101785600000000000e+07,9.223218000000000000e+06,9.223073000000000000e+06,2.744595000000000000e+06,2.744595000000000000e+06,2.226415000000000000e+06,2.226373000000000000e+06,0.000000000000000000e+00,0.000000000000000000e+00,0.000000000000000000e+00,0.000000000000000000e+00,1.217360000000000000e+06,1.217360000000000000e+06,1.123200000000000000e+06,1.123233000000000000e+06,7.119809000000000000e+06,7.119809000000000000e+06,6.118760000000000000e+06,6.118992000000000000e+06,9.322181000000000000e+06,9.322181000000000000e+06,7.932831000000000000e+06,7.932772000000000000e+06
6.700000000000000000e+01,1.226141000000000000e+07,1.226141000000000000e+07,1.089570500000000000e+07,1.089605100000000000e+07,1.094816600000000000e+07,1.094816600000000000e+07,9.161774000000000000e+06,9.161798000000000000e+06,2.565671000000000000e+06,2.565671000000000000e+06,2.064421000000000000e+06,2.064452000000000000e+06,0.000000000000000000e+00,0.000000000000000000e+00,0.000000000000000000e+00,0.000000000000000000e+00,1.321536000000000000e+06,1.321536000000000000e+06,1.223467000000000000e+06,1.223507000000000000e+06,7.060447000000000000e+06,7.060447000000000000e+06,6.077936000000000000e+06,6.078020000000000000e+06,9.296385000000000000e+06,9.296385000000000000e+06,7.910767000000000000e+06,7.910658000000000000e+06
6.800000000000000000e+01,1.225551500000000000e+07,1.225551500000000000e+07,1.089121000000000000e+07,1.089146900000000000e+07,1.085444100000000000e+07,1.085444100000000000e+07,9.081596000000000000e+06,9.081487000000000000e+06,2.371780000000000000e+06,2.371780000000000000e+06,1.899724000000000000e+06,1.899733000000000000e+06,0.000000000000000000e+00,0.000000000000000000e+00,0.000000000000000000e+00,0.000000000000000000e+00,1.410463000000000000e+06,1.410463000000000000e+06,1.317315000000000000e+06,1.317475000000000000e+06,7.003602000000000000e+06,7.003602000000000000e+06,6.020468000000000000e+06,6.020601000000000000e+06,9.245816000000000000e+06,9.245816000000000000e+06,7.878721000000000000e+06,7.878706000000000000e+06
6.900000000000000000e+01,1.225170500000000000e+07,1.225170500000000000e+07,1.088693800000000000e+07,1.088717200000000000e+07,1.074973800000000000e+07,1.074973800000000000e+07,8.996186000000000000e+06,8.996122000000000000e+06,2.183081000000000000e+06,2.183081000000000000e+06,1.734748000000000000e+06,1.734909000000000000e+06,0.000000000000000000e+00,0.000000000000000000e+00,0.000000000000000000e+00,0.000000000000000000e+00,1.509928000000000000e+06,1.509928000000000000e+06,1.404983000000000000e+06,1.405092000000000000e+06,6.907912000000000000e+06,6.907912000000000000e+06,5.948622000000000000e+06,5.948571000000000000e+06,9.203196000000000000e+06,9.203196000000000000e+06,7.840726000000000000e+06,7.840728000000000000e+06
7.000000000000000000e+01,1.225451500000000000e+07,1.225451500000000000e+07,1.088598100000000000e+07,1.088627100000000000e+07,1.064556100000000000e+07,1.064556100000000000e+07,8.906945000000000000e+06,8.906956000000000000e+06,1.993912000000000000e+06,1.993912000000000000e+06,1.570477000000000000e+06,1.570408000000000000e+06,0.000000000000000000e+00,0.000000000000000000e+00,0.000000000000000000e+00,0.000000000000000000e+00,1.594766000000000000e+06,1.594766000000000000e+06,1.486613000000000000e+06,1.486938000000000000e+06,6.825534000000000000e+06,6.825534000000000000e+06,5.866657000000000000e+06,5.866556000000000000e+06,9.150386000000000000e+06,9.150386000000000000e+06,7.802406000000000000e+06,7.802605000000000000e+06
7.100000000000000000e+01,1.224912400000000000e+07,1.224912400000000000e+07,1.088524900000000000e+07,1.088530900000000000e+07,1.053194200000000000e+07,1.053194200000000000e+07,8.812431000000000000e+06,8.812442000000000000e+06,1.805546000000000000e+06,1.805546000000000000e+06,1.406664000000000000e+06,1.406764000000000000e+06,0.000000000000000000e+00,0.000000000000000000e+00,0.000000000000000000e+00,0.000000000000000000e+00,1.670941000000000000e+06,1.670941000000000000e+06,1.561695000000000000e+06,1.561945000000000000e+06,6.708894000000000000e+06,6.708894000000000000e+06,5.772500000000000000e+06,5.772292000000000000e+06,9.100064000000000000e+06,9.100064000000000000e+06,7.761507000000000000e+06,7.761633000000000000e+06
7.200000000000000000e+01,1.226028200000000000e+07,1.226028200000000000e+07,1.088951300000000000e+07,1.088949400000000000e+07,1.040987300000000000e+07,1.040987300000000000e+07,8.715145000000000000e+06,8.715491000000000000e+06,1.609810000000000000e+06,1.609810000000000000e+06,1.243940000000000000e+06,1.243967000000000000e+06,0.000000000000000000e+00,0.000000000000000000e+00,0.000000000000000000e+00,0.000000000000000000e+00,1.746349000000000000e+06,1.746349000000000000e+06,1.631056000000000000e+06,1.631032000000000000e+06,6.592887000000000000e+06,6.592887000000000000e+06,5.671183000000000000e+06,5.670995000000000000e+06,9.053159000000000000e+06,9.053159000000000000e+06,7.723872000000000000e+06,7.723687000000000000e+06
7.300000000000000000e+01,1.226468600000000000e+07,1.226468600000000000e+07,1.089388100000000000e+07,1.089405100000000000e+07,1.029244900000000000e+07,1.029244900000000000e+07,8.611627000000000000e+06,8.611472000000000000e+06,1.432082000000000000e+06,1.432082000000000000e+06,1.081314000000000000e+06,1.081397000000000000e+06,0.000000000000000000e+00,0.000000000000000000e+00,0.000000000000000000e+00,0.000000000000000000e+00,1.803976000000000000e+06,1.803976000000000000e+06,1.695409000000000000e+06,1.695398000000000000e+06,6.477824000000000000e+06,6.477824000000000000e+06,5.567604000000000000e+06,5.566995000000000000e+06,9.005652000000000000e+06,9.005652000000000000e+06,7.693188000000000000e+06,7.693084000000000000e+06
7.400000000000000000e+01,1.227240100000000000e+07,1.227240100000000000e+07,1.089722100000000000e+07,1.089747400000000000e+07,1.016116300000000000e+07,1.016116300000000000e+07,8.501570000000000000e+06,8.501553000000000000e+06,1.247311000000000000e+06,1.247311000000000000e+06,9.194990000000000000e+05,9.196110000000000000e+05,0.000000000000000000e+00,0.000000000000000000e+00,0.000000000000000000e+00,0.000000000000000000e+00,1.865380000000000000e+06,1.865380000000000000e+06,1.749069000000000000e+06,1.749130000000000000e+06,6.328523000000000000e+06,6.328523000000000000e+06,5.441644000000000000e+06,5.441353000000000000e+06,8.954288000000000000e+06,8.954288000000000000e+06,7.650426000000000000e+06,7.650400000000000000e+06
7.500000000000000000e+01,1.226774500000000000e+07,1.226774500000000000e+07,1.089291100000000000e+07,1.089321200000000000e+07,1.001561200000000000e+07,1.001561200000000000e+07,8.380211000000000000e+06,8.380207000000000000e+06,1.061192000000000000e+06,1.061192000000000000e+06,7.578890000000000000e+05,7.578420000000000000e+05,0.000000000000000000e+00,0.000000000000000000e+00,0.000000000000000000e+00,0.000000000000000000e+00,1.912272000000000000e+06,1.912272000000000000e+06,1.793663000000000000e+06,1.793773000000000000e+06,6.164128000000000000e+06,6.164128000000000000e+06,5.302756000000000000e+06,5.302645000000000000e+06,8.899939000000000000e+06,8.899939000000000000e+06,7.603599000000000000e+06,7.603772000000000000e+06
7.600000000000000000e+01,1.227943300000000000e+07,1.227943300000000000e+07,1.090307400000000000e+07,1.090336600000000000e+07,9.876551000000000000e+06,9.876551000000000000e+06,8.264795000000000000e+06,8.264888000000000000e+06,8.703700000000000000e+05,8.703700000000000000e+05,5.982020000000000000e+05,5.982300000000000000e+05,0.000000000000000000e+00,0.000000000000000000e+00,0.000000000000000000e+00,0.000000000000000000e+00,1.943251000000000000e+06,1.943251000000000000e+06,1.825481000000000000e+06,1.825767000000000000e+06,5.983329000000000000e+06,5.983329000000000000e+06,5.141412000000000000e+06,5.141314000000000000e+06,8.837682000000000000e+06,8.837682000000000000e+06,7.551771000000000000e+06,7.552098000000000000e+06
7.700000000000000000e+01,1.227693100000000000e+07,1.227693100000000000e+07,1.090028900000000000e+07,1.090046500000000000e+07,9.717114000000000000e+06,9.717114000000000000e+06,8.133077000000000000e+06,8.133165000000000000e+06,6.884520000000000000e+05,6.884520000000000000e+05,4.388250000000000000e+05,4.388380000000000000e+05,0.000000000000000000e+00,0.000000000000000000e+00,0.000000000000000000e+00,0.000000000000000000e+00,1.972992000000000000e+06,1.972992000000000000e+06,1.850500000000000000e+06,1.850472000000000000e+06,5.791084000000000000e+06,5.791084000000000000e+06,4.975950000000000000e+06,4.975955000000000000e+06,8.774504000000000000e+06,8.774504000000000000e+06,7.501052000000000000e+06,7.501456000000000000e+06
7.800000000000000000e+01,1.229372100000000000e+07,1.229372100000000000e+07,1.091473900000000000e+07,1.091453400000000000e+07,9.566865000000000000e+06,9.566865000000000000e+06,8.008675000000000000e+06,8.008747000000000000e+06,5.147540000000000000e+05,5.147540000000000000e+05,2.815220000000000000e+05,2.814410000000000000e+05,0.000000000000000000e+00,0.000000000000000000e+00,0.000000000000000000e+00,0.000000000000000000e+00,1.990231000000000000e+06,1.990231000000000000e+06,1.868630000000000000e+06,1.868651000000000000e+06,5.596200000000000000e+06,5.596200000000000000e+06,4.807882000000000000e+06,4.807790000000000000e+06,8.716156000000000000e+06,8.716156000000000000e+06,7.462673000000000000e+06,7.462913000000000000e+06
7.900000000000000000e+01,1.229707100000000000e+07,1.229707100000000000e+07,1.091757000000000000e+07,1.091768700000000000e+07,9.400947000000000000e+06,9.400947000000000000e+06,7.870590000000000000e+06,7.870627000000000000e+06,3.356470000000000000e+05,3.356470000000000000e+05,1.245160000000000000e+05,1.244340000000000000e+05,0.000000000000000000e+00,0.000000000000000000e+00,0.000000000000000000e+00,0.000000000000000000e+00,1.983578000000000000e+06,1.983578000000000000e+06,1.872228000000000000e+06,1.872166000000000000e+06,5.367787000000000000e+06,5.367787000000000000e+06,4.617706000000000000e+06,4.617560000000000000e+06,8.660322000000000000e+06,8.660322000000000000e+06,7.412467000000000000e+06,7.412624000000000000e+06
8.000000000000000000e+01,1.230428600000000000e+07,1.230428600000000000e+07,1.092540000000000000e+07,1.092555500000000000e+07,9.240367000000000000e+06,9.240367000000000000e+06,7.729467000000000000e+06,7.729267000000000000e+06,1.658850000000000000e+05,1.658850000000000000e+05,0.000000000000000000e+00,0.000000000000000000e+00,0.000000000000000000e+00,0.000000000000000000e+00,0.000000000000000000e+00,0.000000000000000000e+00,1.973269000000000000e+06,1.973269000000000000e+06,1.859880000000000000e+06,1.859945000000000000e+06,5.118555000000000000e+06,5.118555000000000000e+06,4.404885000000000000e+06,4.404853000000000000e+06,8.591537000000000000e+06,8.591537000000000000e+06,7.354605000000000000e+06,7.354750000000000000e+06
8.100000000000000000e+01,1.232908300000000000e+07,1.232908300000000000e+07,1.099313000000000000e+07,1.099355200000000000e+07,9.063255000000000000e+06,9.063255000000000000e+06,7.584042000000000000e+06,7.583995000000000000e+06,0.000000000000000000e+00,0.000000000000000000e+00,0.000000000000000000e+00,0.000000000000000000e+00,0.000000000000000000e+00,0.000000000000000000e+00,0.000000000000000000e+00,0.000000000000000000e+00,1.946408000000000000e+06,1.946408000000000000e+06,1.833627000000000000e+06,1.833752000000000000e+06,4.858344000000000000e+06,4.858344000000000000e+06,4.175891000000000000e+06,4.175604000000000000e+06,8.519576000000000000e+06,8.519576000000000000e+06,7.294830000000000000e+06,7.294944000000000000e+06
8.200000000000000000e+01,1.240199800000000000e+07,1.240199800000000000e+07,1.105932600000000000e+07,1.105936200000000000e+07,8.886854000000000000e+06,8.886854000000000000e+06,7.435533000000000000e+06,7.435469000000000000e+06,0.000000000000000000e+00,0.000000000000000000e+00,0.000000000000000000e+00,0.000000000000000000e+00,0.000000000000000000e+00,0.000000000000000000e+00,0.000000000000000000e+00,0.000000000000000000e+00,1.904276000000000000e+06,1.904276000000000000e+06,1.794643000000000000e+06,1.794675000000000000e+06,4.575896000000000000e+06,4.575896000000000000e+06,3.935695000000000000e+06,3.935469000000000000e+06,8.448711000000000000e+06,8.448711000000000000e+06,7.236722000000000000e+06,7.236976000000000000e+06
8.300000000000000000e+01,1.247278500000000000e+07,1.247278500000000000e+07,1.112413500000000000e+07,1.112392300000000000e+07,8.706010000000000000e+06,8.706010000000000000e+06,7.286676000000000000e+06,7.286533000000000000e+06,0.000000000000000000e+00,0.000000000000000000e+00,0.000000000000000000e+00,0.000000000000000000e+00,0.000000000000000000e+00,0.000000000000000000e+00,0.000000000000000000e+00,0.000000000000000000e+00,1.839003000000000000e+06,1.839003000000000000e+06,1.734055000000000000e+06,1.733923000000000000e+06,4.269334000000000000e+06,4.269334000000000000e+06,3.666516000000000000e+06,3.666163000000000000e+06,8.367665000000000000e+06,8.367665000000000000e+06,7.171163000000000000e+06,7.171068000000000000e+06
8.400000000000000000e+01,1.254147500000000000e+07,1.254147500000000000e+07,1.117932800000000000e+07,1.117917400000000000e+07,8.519869000000000000e+06,8.519869000000000000e+06,7.132182000000000000e+06,7.132044000000000000e+06,0.000000000000000000e+00,0.000000000000000000e+00,0.000000000000000000e+00,0.000000000000000000e+00,0.000000000000000000e+00,0.000000000000000000e+00,0.000000000000000000e+00,0.000000000000000000e+00,1.755950000000000000e+06,1.755950000000000000e+06,1.656307000000000000e+06,1.656104000000000000e+06,3.930290000000000000e+06,3.930290000000000000e+06,3.380305000000000000e+06,3.380240000000000000e+06,8.291520000000000000e+06,8.291520000000000000e+06,7.103025000000000000e+06,7.102924000000000000e+06
8.500000000000000000e+01,1.257752200000000000e+07,1.257752200000000000e+07,1.121617200000000000e+07,1.121616300000000000e+07,8.329446000000000000e+06,8.329446000000000000e+06,6.967560000000000000e+06,6.967390000000000000e+06,0.000000000000000000e+00,0.000000000000000000e+00,0.000000000000000000e+00,0.000000000000000000e+00,0.000000000000000000e+00,0.000000000000000000e+00,0.000000000000000000e+00,0.000000000000000000e+00,1.642127000000000000e+06,1.642127000000000000e+06,1.549012000000000000e+06,1.548923000000000000e+06,3.554881000000000000e+06,3.554881000000000000e+06,3.055311000000000000e+06,3.055224000000000000e+06,8.183166000000000000e+06,8.183166000000000000e+06,7.015088000000000000e+06,7.015044000000000000e+06
8.600000000000000000e+01,1.263357900000000000e+07,1.263357900000000000e+07,1.126116700000000000e+07,1.126105600000000000e+07,8.137706000000000000e+06,8.137706000000000000e+06,6.808479000000000000e+06,6.808508000000000000e+06,0.000000000000000000e+00,0.000000000000000000e+00,0.000000000000000000e+00,0.000000000000000000e+00,0.000000000000000000e+00,0.000000000000000000e+00,0.000000000000000000e+00,0.000000000000000000e+00,1.506508000000000000e+06,1.506508000000000000e+06,1.420391000000000000e+06,1.420331000000000000e+06,3.157784000000000000e+06,3.157784000000000000e+06,2.711335000000000000e+06,2.711095000000000000e+06,8.088915000000000000e+06,8.088915000000000000e+06,6.932637000000000000e+06,6.932819000000000000e+06
8.700000000000000000e+01,1.266147700000000000e+07,1.266147700000000000e+07,1.128711900000000000e+07,1.128698900000000000e+07,7.942826000000000000e+06,7.942826000000000000e+06,6.639191000000000000e+06,6.639049000000000000e+06,0.000000000000000000e+00,0.000000000000000000e+00,0.000000000000000000e+00,0.000000000000000000e+00,0.000000000000000000e+00,0.000000000000000000e+00,0.000000000000000000e+00,0.000000000000000000e+00,1.325634000000000000e+06,1.325634000000000000e+06,1.247927000000000000e+06,1.248117000000000000e+06,2.687254000000000000e+06,2.687254000000000000e+06,2.307499000000000000e+06,2.307192000000000000e+06,7.954470000000000000e+06,7.954470000000000000e+06,6.819351000000000000e+06,6.819305000000000000e+06
8.800000000000000000e+01,1.267738900000000000e+07,1.267738900000000000e+07,1.130693100000000000e+07,1.130693200000000000e+07,7.738278000000000000e+06,7.738278000000000000e+06,6.468205000000000000e+06,6.468193000000000000e+06,0.000000000000000000e+00,0.000000000000000000e+00,0.000000000000000000e+00,0.000000000000000000e+00,0.000000000000000000e+00,0.000000000000000000e+00,0.000000000000000000e+00,0.000000000000000000e+00,0.000000000000000000e+00,0.000000000000000000e+00,0.000000000000000000e+00,0.000000000000000000e+00,0.000000000000000000e+00,0.000000000000000000e+00,0.000000000000000000e+00,0.000000000000000000e+00,6.493598000000000000e+06,6.493598000000000000e+06,5.566367000000000000e+06,5.566640000000000000e+06
8.900000000000000000e+01,1.271656400000000000e+07,1.271656400000000000e+07,1.133535900000000000e+07,1.133530000000000000e+07,7.545245000000000000e+06,7.545245000000000000e+06,6.302948000000000000e+06,6.302583000000000000e+06,0.000000000000000000e+00,0.000000000000000000e+00,0.000000000000000000e+00,0.000000000000000000e+00,0.000000000000000000e+00,0.000000000000000000e+00,0.000000000000000000e+00,0.000000000000000000e+00,0.000000000000000000e+00,0.000000000000000000e+00,0.000000000000000000e+00,0.000000000000000000e+00,0.000000000000000000e+00,0.000000000000000000e+00,0.000000000000000000e+00,0.000000000000000000e+00,6.710721000000000000e+06,6.710721000000000000e+06,5.755136000000000000e+06,5.755226000000000000e+06
9.000000000000000000e+01,1.272580700000000000e+07,1.272580700000000000e+07,1.134489600000000000e+07,1.134467500000000000e+07,7.338867000000000000e+06,7.338867000000000000e+06,6.128256000000000000e+06,6.128249000000000000e+06,0.000000000000000000e+00,0.000000000000000000e+00,0.000000000000000000e+00,0.000000000000000000e+00,0.000000000000000000e+00,0.000000000000000000e+00,0.000000000000000000e+00,0.000000000000000000e+00,0.000000000000000000e+00,0.000000000000000000e+00,0.000000000000000000e+00,0.000000000000000000e+00,0.000000000000000000e+00,0.000000000000000000e+00,0.000000000000000000e+00,0.000000000000000000e+00,6.916882000000000000e+06,6.916882000000000000e+06,5.937917000000000000e+06,5.938006000000000000e+06
9.100000000000000000e+01,1.273192700000000000e+07,1.273192700000000000e+07,1.134666700000000000e+07,1.134746000000000000e+07,7.128861000000000000e+06,7.128861000000000000e+06,5.953803000000000000e+06,5.953540000000000000e+06,0.000000000000000000e+00,0.000000000000000000e+00,0.000000000000000000e+00,0.000000000000000000e+00,0.000000000000000000e+00,0.000000000000000000e+00,0.000000000000000000e+00,0.000000000000000000e+00,0.000000000000000000e+00,0.000000000000000000e+00,0.000000000000000000e+00,0.000000000000000000e+00,0.000000000000000000e+00,0.000000000000000000e+00,0.000000000000000000e+00,0.000000000000000000e+00,7.129001000000000000e+06,7.129001000000000000e+06,6.121024000000000000e+06,6.121183000000000000e+06
9.200000000000000000e+01,1.272590200000000000e+07,1.272590200000000000e+07,1.134495200000000000e+07,1.134477900000000000e+07,6.917216000000000000e+06,6.917216000000000000e+06,5.775909000000000000e+06,5.775607000000000000e+06,0.000000000000000000e+00,0.000000000000000000e+00,0.000000000000000000e+00,0.000000000000000000e+00,0.000000000000000000e+00,0.000000000000000000e+00,0.000000000000000000e+00,0.000000000000000000e+00,0.000000000000000000e+00,0.000000000000000000e+00,0.000000000000000000e+00,0.000000000000000000e+00,0.000000000000000000e+00,0.000000000000000000e+00,0.000000000000000000e+00,0.000000000000000000e+00,7.338341000000000000e+06,7.338341000000000000e+06,6.299792000000000000e+06,6.299950000000000000e+06
9.300000000000000000e+01,1.271671600000000000e+07,1.271671600000000000e+07,1.133552200000000000e+07,1.133532400000000000e+07,6.709907000000000000e+06,6.709907000000000000e+06,5.597637000000000000e+06,5.597483000000000000e+06,0.000000000000000000e+00,0.000000000000000000e+00,0.000000000000000000e+00,0.000000000000000000e+00,0.000000000000000000e+00,0.000000000000000000e+00,0.000000000000000000e+00,0.000000000000000000e+00,0.000000000000000000e+00,0.000000000000000000e+00,0.000000000000000000e+00,0.000000000000000000e+00,0.000000000000000000e+00,0.000000000000000000e+00,0.000000000000000000e+00,0.000000000000000000e+00,7.545349000000000000e+06,7.545349000000000000e+06,6.478560000000000000e+06,6.478549000000000000e+06
9.400000000000000000e+01,1.267757800000000000e+07,1.267757800000000000e+07,1.130705500000000000e+07,1.130710300000000000e+07,6.493666000000000000e+06,6.493666000000000000e+06,5.413581000000000000e+06,5.413409000000000000e+06,0.000000000000000000e+00,0.000000000000000000e+00,0.000000000000000000e+00,0.000000000000000000e+00,0.000000000000000000e+00,0.000000000000000000e+00,0.000000000000000000e+00,0.000000000000000000e+00,0.000000000000000000e+00,0.000000000000000000e+00,0.000000000000000000e+00,0.000000000000000000e+00,0.000000000000000000e+00,0.000000000000000000e+00,0.000000000000000000e+00,0.000000000000000000e+00,7.738208000000000000e+06,7.738208000000000000e+06,6.648503000000000000e+06,6.648515000000000000e+06
9.500000000000000000e+01,1.266166100000000000e+07,1.266166100000000000e+07,1.128712800000000000e+07,1.128694100000000000e+07,7.784541000000000000e+06,7.784541000000000000e+06,6.463905000000000000e+06,6.506896000000000000e+06,2.312698000000000000e+06,2.312698000000000000e+06,1.879254000000000000e+06,1.982880000000000000e+06,1.085138000000000000e+06,1.085138000000000000e+06,9.361680000000000000e+05,9.957730000000000000e+05,0.000000000000000000e+00,0.000000000000000000e+00,0.000000000000000000e+00,0.000000000000000000e+00,0.000000000000000000e+00,0.000000000000000000e+00,0.000000000000000000e+00,0.000000000000000000e+00,7.943431000000000000e+06,7.943431000000000000e+06,6.823922000000000000e+06,6.823929000000000000e+06
9.600000000000000000e+01,1.263368700000000000e+07,1.263368700000000000e+07,1.126121700000000000e+07,1.126119100000000000e+07,7.883313000000000000e+06,7.883313000000000000e+06,6.537827000000000000e+06,6.590121000000000000e+06,2.713675000000000000e+06,2.713675000000000000e+06,2.205179000000000000e+06,2.328358000000000000e+06,1.232696000000000000e+06,1.232696000000000000e+06,1.065389000000000000e+06,1.132423000000000000e+06,0.000000000000000000e+00,0.000000000000000000e+00,0.000000000000000000e+00,0.000000000000000000e+00,0.000000000000000000e+00,0.000000000000000000e+00,0.000000000000000000e+00,0.000000000000000000e+00,8.137691000000000000e+06,8.137691000000000000e+06,6.997424000000000000e+06,6.997449000000000000e+06
9.700000000000000000e+01,1.257768000000000000e+07,1.257768000000000000e+07,1.121626100000000000e+07,1.121622500000000000e+07,7.945526000000000000e+06,7.945526000000000000e+06,6.583914000000000000e+06,6.645608000000000000e+06,3.052719000000000000e+06,3.052719000000000000e+06,2.482171000000000000e+06,2.622167000000000000e+06,1.342755000000000000e+06,1.342755000000000000e+06,1.160888000000000000e+06,1.233423000000000000e+06,0.000000000000000000e+00,0.000000000000000000e+00,0.000000000000000000e+00,0.000000000000000000e+00,0.000000000000000000e+00,0.000000000000000000e+00,0.000000000000000000e+00,0.000000000000000000e+00,8.329411000000000000e+06,8.329411000000000000e+06,7.160860000000000000e+06,7.160889000000000000e+06
9.800000000000000000e+01,1.254167700000000000e+07,1.254167700000000000e+07,1.117936000000000000e+07,1.117919500000000000e+07,8.017161000000000000e+06,8.017161000000000000e+06,6.635085000000000000e+06,6.705439000000000000e+06,3.369145000000000000e+06,3.369145000000000000e+06,2.742472000000000000e+06,2.898381000000000000e+06,1.434954000000000000e+06,1.434954000000000000e+06,1.240609000000000000e+06,1.318234000000000000e+06,0.000000000000000000e+00,0.000000000000000000e+00,0.000000000000000000e+00,0.000000000000000000e+00,0.000000000000000000e+00,0.000000000000000000e+00,0.000000000000000000e+00,0.000000000000000000e+00,8.519920000000000000e+06,8.519920000000000000e+06,7.329874000000000000e+06,7.329819000000000000e+06
9.900000000000000000e+01,1.247254200000000000e+07,1.247254200000000000e+07,1.112408400000000000e+07,1.112403300000000000e+07,8.065678000000000000e+06,8.065678000000000000e+06,6.668050000000000000e+06,6.747548000000000000e+06,3.651463000000000000e+06,3.651463000000000000e+06,2.970665000000000000e+06,3.141039000000000000e+06,1.501950000000000000e+06,1.501950000000000000e+06,1.297874000000000000e+06,1.378936000000000000e+06,0.000000000000000000e+00,0.000000000000000000e+00,0.000000000000000000e+00,0.000000000000000000e+00,0.000000000000000000e+00,0.000000000000000000e+00,0.000000000000000000e+00,0.000000000000000000e+00,8.705954000000000000e+06,8.705954000000000000e+06,7.488540000000000000e+06,7.488383000000000000e+06
1.000000000000000000e+02,1.240172500000000000e+07,1.240172500000000000e+07,1.105928500000000000e+07,1.105942400000000000e+07,8.108644000000000000e+06,8.108644000000000000e+06,6.699077000000000000e+06,6.787192000000000000e+06,3.911970000000000000e+06,3.911970000000000000e+06,3.184261000000000000e+06,3.368889000000000000e+06,1.554251000000000000e+06,1.554251000000000000e+06,1.342223000000000000e+06,1.425963000000000000e+06,0.000000000000000000e+00,0.000000000000000000e+00,0.000000000000000000e+00,0.000000000000000000e+00,0.000000000000000000e+00,0.000000000000000000e+00,0.000000000000000000e+00,0.000000000000000000e+00,8.889892000000000000e+06,8.889892000000000000e+06,7.641184000000000000e+06,7.641298000000000000e+06
1.010000000000000000e+02,1.232920700000000000e+07,1.232920700000000000e+07,1.099359500000000000e+07,1.099314800000000000e+07,8.148470000000000000e+06,8.148470000000000000e+06,6.722561000000000000e+06,6.819582000000000000e+06,4.150556000000000000e+06,4.150556000000000000e+06,3.374562000000000000e+06,3.571699000000000000e+06,1.588259000000000000e+06,1.588259000000000000e+06,1.370324000000000000e+06,1.455686000000000000e+06,0.000000000000000000e+00,0.000000000000000000e+00,0.000000000000000000e+00,0.000000000000000000e+00,0.000000000000000000e+00,0.000000000000000000e+00,0.000000000000000000e+00,0.000000000000000000e+00,9.064006000000000000e+06,9.064006000000000000e+06,7.793802000000000000e+06,7.793723000000000000e+06
1.020000000000000000e+02,1.230005100000000000e+07,1.230005100000000000e+07,1.092502600000000000e+07,1.092514000000000000e+07,8.188677000000000000e+06,8.188677000000000000e+06,6.747568000000000000e+06,6.853604000000000000e+06,4.368410000000000000e+06,4.368410000000000000e+06,3.554640000000000000e+06,3.763961000000000000e+06,1.609243000000000000e+06,1.609243000000000000e+06,1.388425000000000000e+06,1.475252000000000000e+06,0.000000000000000000e+00,0.000000000000000000e+00,0.000000000000000000e+00,0.000000000000000000e+00,1.654460000000000000e+05,1.654460000000000000e+05,0.000000000000000000e+00,0.000000000000000000e+00,9.240416000000000000e+06,9.240416000000000000e+06,7.943047000000000000e+06,7.943081000000000000e+06
1.030000000000000000e+02,1.228597900000000000e+07,1.228597900000000000e+07,1.090949400000000000e+07,1.091113700000000000e+07,8.224837000000000000e+06,8.224837000000000000e+06,6.770350000000000000e+06,6.885615000000000000e+06,4.575715000000000000e+06,4.575715000000000000e+06,3.721520000000000000e+06,3.942744000000000000e+06,1.616677000000000000e+06,1.616677000000000000e+06,1.396549000000000000e+06,1.483522000000000000e+06,0.000000000000000000e+00,0.000000000000000000e+00,0.000000000000000000e+00,0.000000000000000000e+00,3.355400000000000000e+05,3.355400000000000000e+05,1.555920000000000000e+05,1.558530000000000000e+05,9.400706000000000000e+06,9.400706000000000000e+06,8.087885000000000000e+06,8.088008000000000000e+06
1.040000000000000000e+02,1.227341700000000000e+07,1.227341700000000000e+07,1.089854100000000000e+07,1.090153100000000000e+07,8.249747000000000000e+06,8.249747000000000000e+06,6.786368000000000000e+06,6.910257000000000000e+06,4.761904000000000000e+06,4.761904000000000000e+06,3.869670000000000000e+06,4.101540000000000000e+06,1.618568000000000000e+06,1.618568000000000000e+06,1.392506000000000000e+06,1.479205000000000000e+06,0.000000000000000000e+00,0.000000000000000000e+00,0.000000000000000000e+00,0.000000000000000000e+00,5.142650000000000000e+05,5.142650000000000000e+05,3.154030000000000000e+05,3.156600000000000000e+05,9.567263000000000000e+06,9.567263000000000000e+06,8.229654000000000000e+06,8.229772000000000000e+06
1.050000000000000000e+02,1.224717100000000000e+07,1.224717100000000000e+07,1.087515600000000000e+07,1.088016600000000000e+07,8.272752000000000000e+06,8.272752000000000000e+06,6.791482000000000000e+06,6.924413000000000000e+06,4.921784000000000000e+06,4.921784000000000000e+06,3.999534000000000000e+06,4.241348000000000000e+06,1.604115000000000000e+06,1.604115000000000000e+06,1.377517000000000000e+06,1.463279000000000000e+06,0.000000000000000000e+00,0.000000000000000000e+00,0.000000000000000000e+00,0.000000000000000000e+00,6.882050000000000000e+05,6.882050000000000000e+05,4.758190000000000000e+05,4.760530000000000000e+05,9.717181000000000000e+06,9.717181000000000000e+06,8.357409000000000000e+06,8.357741000000000000e+06
1.060000000000000000e+02,1.223973500000000000e+07,1.223973500000000000e+07,1.086859500000000000e+07,1.087514000000000000e+07,8.302637000000000000e+06,8.302637000000000000e+06,6.807222000000000000e+06,6.948939000000000000e+06,5.078655000000000000e+06,5.078655000000000000e+06,4.126873000000000000e+06,4.378740000000000000e+06,1.578512000000000000e+06,1.578512000000000000e+06,1.357473000000000000e+06,1.442328000000000000e+06,0.000000000000000000e+00,0.000000000000000000e+00,0.000000000000000000e+00,0.000000000000000000e+00,8.707150000000000000e+05,8.707150000000000000e+05,6.384260000000000000e+05,6.385490000000000000e+05,9.876847000000000000e+06,9.876847000000000000e+06,8.492912000000000000e+06,8.493021000000000000e+06
1.070000000000000000e+02,1.221780400000000000e+07,1.221780400000000000e+07,1.084762200000000000e+07,1.085674700000000000e+07,8.330631000000000000e+06,8.330631000000000000e+06,6.823125000000000000e+06,6.974604000000000000e+06,5.228631000000000000e+06,5.228631000000000000e+06,4.250660000000000000e+06,4.512120000000000000e+06,1.553829000000000000e+06,1.553829000000000000e+06,1.332325000000000000e+06,1.415277000000000000e+06,0.000000000000000000e+00,0.000000000000000000e+00,0.000000000000000000e+00,0.000000000000000000e+00,1.061821000000000000e+06,1.061821000000000000e+06,8.011370000000000000e+05,8.013590000000000000e+05,1.001553700000000000e+07,1.001553700000000000e+07,8.611074000000000000e+06,8.611337000000000000e+06
1.080000000000000000e+02,1.221155700000000000e+07,1.221155700000000000e+07,1.084057800000000000e+07,1.085181500000000000e+07,8.355017000000000000e+06,8.355017000000000000e+06,6.834661000000000000e+06,6.995355000000000000e+06,5.360368000000000000e+06,5.360368000000000000e+06,4.356196000000000000e+06,4.626134000000000000e+06,1.515931000000000000e+06,1.515931000000000000e+06,1.297452000000000000e+06,1.378237000000000000e+06,0.000000000000000000e+00,0.000000000000000000e+00,0.000000000000000000e+00,0.000000000000000000e+00,1.247313000000000000e+06,1.247313000000000000e+06,9.657330000000000000e+05,9.661440000000000000e+05,1.016116400000000000e+07,1.016116400000000000e+07,8.736129000000000000e+06,8.736306000000000000e+06
1.090000000000000000e+02,1.219480300000000000e+07,1.219480300000000000e+07,1.082514200000000000e+07,1.083903400000000000e+07,8.371464000000000000e+06,8.371464000000000000e+06,6.841698000000000000e+06,7.011460000000000000e+06,5.478378000000000000e+06,5.478378000000000000e+06,4.450736000000000000e+06,4.728615000000000000e+06,1.466883000000000000e+06,1.466883000000000000e+06,1.255999000000000000e+06,1.333800000000000000e+06,0.000000000000000000e+00,0.000000000000000000e+00,0.000000000000000000e+00,0.000000000000000000e+00,1.432775000000000000e+06,1.432775000000000000e+06,1.131425000000000000e+06,1.131623000000000000e+06,1.029247300000000000e+07,1.029247300000000000e+07,8.848100000000000000e+06,8.848637000000000000e+06
1.100000000000000000e+02,1.217715100000000000e+07,1.217715100000000000e+07,1.080791100000000000e+07,1.082441000000000000e+07,8.384686000000000000e+06,8.384686000000000000e+06,6.839091000000000000e+06,7.018420000000000000e+06,5.568217000000000000e+06,5.568217000000000000e+06,4.528290000000000000e+06,4.812773000000000000e+06,1.416429000000000000e+06,1.416429000000000000e+06,1.206592000000000000e+06,1.281470000000000000e+06,0.000000000000000000e+00,0.000000000000000000e+00,0.000000000000000000e+00,0.000000000000000000e+00,1.609796000000000000e+06,1.609796000000000000e+06,1.297332000000000000e+06,1.297590000000000000e+06,1.040993500000000000e+07,1.040993500000000000e+07,8.955576000000000000e+06,8.955688000000000000e+06
1.110000000000000000e+02,1.215203700000000000e+07,1.215203700000000000e+07,1.079056800000000000e+07,1.080940700000000000e+07,8.397245000000000000e+06,8.397245000000000000e+06,6.842145000000000000e+06,7.030719000000000000e+06,5.662004000000000000e+06,5.662004000000000000e+06,4.602688000000000000e+06,4.894449000000000000e+06,1.355785000000000000e+06,1.355785000000000000e+06,1.153733000000000000e+06,1.224923000000000000e+06,0.000000000000000000e+00,0.000000000000000000e+00,0.000000000000000000e+00,0.000000000000000000e+00,1.804370000000000000e+06,1.804370000000000000e+06,1.463699000000000000e+06,1.463707000000000000e+06,1.053196500000000000e+07,1.053196500000000000e+07,9.055228000000000000e+06,9.055193000000000000e+06
1.120000000000000000e+02,1.214350900000000000e+07,1.214350900000000000e+07,1.077695400000000000e+07,1.079929100000000000e+07,8.416280000000000000e+06,8.416280000000000000e+06,6.847220000000000000e+06,7.045550000000000000e+06,5.751960000000000000e+06,5.751960000000000000e+06,4.671881000000000000e+06,4.970264000000000000e+06,1.293033000000000000e+06,1.293033000000000000e+06,1.096393000000000000e+06,1.163824000000000000e+06,0.000000000000000000e+00,0.000000000000000000e+00,0.000000000000000000e+00,0.000000000000000000e+00,1.992984000000000000e+06,1.992984000000000000e+06,1.631138000000000000e+06,1.631198000000000000e+06,1.064556700000000000e+07,1.064556700000000000e+07,9.152373000000000000e+06,9.152488000000000000e+06
1.130000000000000000e+02,1.212830300000000000e+07,1.212830300000000000e+07,1.076337900000000000e+07,1.078873300000000000e+07,8.432464000000000000e+06,8.432464000000000000e+06,6.850474000000000000e+06,7.058208000000000000e+06,5.816226000000000000e+06,5.816226000000000000e+06,4.730902000000000000e+06,5.035353000000000000e+06,1.224233000000000000e+06,1.224233000000000000e+06,1.033881000000000000e+06,1.097295000000000000e+06,0.000000000000000000e+00,0.000000000000000000e+00,0.000000000000000000e+00,0.000000000000000000e+00,2.183042000000000000e+06,2.183042000000000000e+06,1.799020000000000000e+06,1.799023000000000000e+06,1.074856400000000000e+07,1.074856400000000000e+07,9.244053000000000000e+06,9.244157000000000000e+06
1.140000000000000000e+02,1.211642800000000000e+07,1.211642800000000000e+07,1.075228400000000000e+07,1.078067200000000000e+07,8.443891000000000000e+06,8.443891000000000000e+06,6.852602000000000000e+06,7.070347000000000000e+06,5.887788000000000000e+06,5.887788000000000000e+06,4.781785000000000000e+06,5.091825000000000000e+06,1.145020000000000000e+06,1.145020000000000000e+06,9.669570000000000000e+05,1.026270000000000000e+06,0.000000000000000000e+00,0.000000000000000000e+00,0.000000000000000000e+00,0.000000000000000000e+00,2.371137000000000000e+06,2.371137000000000000e+06,1.967304000000000000e+06,1.967408000000000000e+06,1.085423400000000000e+07,1.085423400000000000e+07,9.331810000000000000e+06,9.331968000000000000e+06
1.150000000000000000e+02,1.210569400000000000e+07,1.210569400000000000e+07,1.074080900000000000e+07,1.077250900000000000e+07,8.457988000000000000e+06,8.457988000000000000e+06,6.849813000000000000e+06,7.076716000000000000e+06,5.929447000000000000e+06,5.929447000000000000e+06,4.821190000000000000e+06,5.136097000000000000e+06,1.071326000000000000e+06,1.071326000000000000e+06,8.956530000000000000e+05,9.502620000000000000e+05,0.000000000000000000e+00,0.000000000000000000e+00,0.000000000000000000e+00,0.000000000000000000e+00,2.565627000000000000e+06,2.565627000000000000e+06,2.135786000000000000e+06,2.136050000000000000e+06,1.094751500000000000e+07,1.094751500000000000e+07,9.414325000000000000e+06,9.414415000000000000e+06
1.160000000000000000e+02,1.207616300000000000e+07,1.207616300000000000e+07,1.071479100000000000e+07,1.074983200000000000e+07,8.453030000000000000e+06,8.453030000000000000e+06,6.838211000000000000e+06,7.074512000000000000e+06,5.970718000000000000e+06,5.970718000000000000e+06,4.847779000000000000e+06,5.166641000000000000e+06,9.860160000000000000e+05,9.860160000000000000e+05,8.196330000000000000e+05,8.689090000000000000e+05,0.000000000000000000e+00,0.000000000000000000e+00,0.000000000000000000e+00,0.000000000000000000e+00,2.744574000000000000e+06,2.744574000000000000e+06,2.301434000000000000e+06,2.301482000000000000e+06,1.101762200000000000e+07,1.101762200000000000e+07,9.477114000000000000e+06,9.477387000000000000e+06
1.170000000000000000e+02,1.206520400000000000e+07,1.206520400000000000e+07,1.070567900000000000e+07,1.074485800000000000e+07,8.461671000000000000e+06,8.461671000000000000e+06,6.836521000000000000e+06,7.082521000000000000e+06,6.001820000000000000e+06,6.001820000000000000e+06,4.874391000000000000e+06,5.197593000000000000e+06,8.963460000000000000e+05,8.963460000000000000e+05,7.417160000000000000e+05,7.858340000000000000e+05,0.000000000000000000e+00,0.000000000000000000e+00,0.000000000000000000e+00,0.000000000000000000e+00,2.943165000000000000e+06,2.943165000000000000e+06,2.470034000000000000e+06,2.470187000000000000e+06,1.110728000000000000e+07,1.110728000000000000e+07,9.549324000000000000e+06,9.549531000000000000e+06
1.180000000000000000e+02,1.204032800000000000e+07,1.204032800000000000e+07,1.068100300000000000e+07,1.072351900000000000e+07,8.460537000000000000e+06,8.460537000000000000e+06,6.821234000000000000e+06,7.076450000000000000e+06,6.010533000000000000e+06,6.010533000000000000e+06,4.885388000000000000e+06,5.210966000000000000e+06,8.081930000000000000e+05,8.081930000000000000e+05,6.590070000000000000e+05,6.980400000000000000e+05,0.000000000000000000e+00,0.000000000000000000e+00,0.000000000000000000e+00,0.000000000000000000e+00,3.126481000000000000e+06,3.126481000000000000e+06,2.634663000000000000e+06,2.634712000000000000e+06,1.116528600000000000e+07,1.116528600000000000e+07,9.601519000000000000e+06,9.601755000000000000e+06
1.190000000000000000e+02,1.203237300000000000e+07,1.203237300000000000e+07,1.067242500000000000e+07,1.071900100000000000e+07,8.460458000000000000e+06,8.460458000000000000e+06,6.811125000000000000e+06,7.075854000000000000e+06,6.027500000000000000e+06,6.027500000000000000e+06,4.893043000000000000e+06,5.221418000000000000e+06,7.143970000000000000e+05,7.143970000000000000e+05,5.745610000000000000e+05,6.081820000000000000e+05,0.000000000000000000e+00,0.000000000000000000e+00,0.000000000000000000e+00,0.000000000000000000e+00,3.313468000000000000e+06,3.313468000000000000e+06,2.802947000000000000e+06,2.803276000000000000e+06,1.123809900000000000e+07,1.123809900000000000e+07,9.662740000000000000e+06,9.662988000000000000e+06
1.200000000000000000e+02,1.201195000000000000e+07,1.201195000000000000e+07,1.065278600000000000e+07,1.070372800000000000e+07,8.462103000000000000e+06,8.462103000000000000e+06,6.802902000000000000e+06,7.077157000000000000e+06,6.033286000000000000e+06,6.033286000000000000e+06,4.897216000000000000e+06,5.228104000000000000e+06,6.149510000000000000e+05,6.149510000000000000e+05,4.874190000000000000e+05,5.154780000000000000e+05,0.000000000000000000e+00,0.000000000000000000e+00,0.000000000000000000e+00,0.000000000000000000e+00,3.501617000000000000e+06,3.501617000000000000e+06,2.966538000000000000e+06,2.966651000000000000e+06,1.128611400000000000e+07,1.128611400000000000e+07,9.704073000000000000e+06,9.704379000000000000e+06
1.210000000000000000e+02,1.199064600000000000e+07,1.199064600000000000e+07,1.063265600000000000e+07,1.068790600000000000e+07,8.459508000000000000e+06,8.459508000000000000e+06,6.791390000000000000e+06,7.074912000000000000e+06,6.028749000000000000e+06,6.028749000000000000e+06,4.893282000000000000e+06,5.225931000000000000e+06,5.158650000000000000e+05,5.158650000000000000e+05,3.980210000000000000e+05,4.204860000000000000e+05,0.000000000000000000e+00,0.000000000000000000e+00,0.000000000000000000e+00,0.000000000000000000e+00,3.690301000000000000e+06,3.690301000000000000e+06,3.128727000000000000e+06,3.128901000000000000e+06,1.132623900000000000e+07,1.132623900000000000e+07,9.738819000000000000e+06,9.738994000000000000e+06
1.220000000000000000e+02,1.197051000000000000e+07,1.197051000000000000e+07,1.061375200000000000e+07,1.067313600000000000e+07,8.453814000000000000e+06,8.453814000000000000e+06,6.777446000000000000e+06,7.070449000000000000e+06,6.014372000000000000e+06,6.014372000000000000e+06,4.881820000000000000e+06,5.215576000000000000e+06,4.134620000000000000e+05,4.134620000000000000e+05,3.063560000000000000e+05,3.230790000000000000e+05,0.000000000000000000e+00,0.000000000000000000e+00,0.000000000000000000e+00,0.000000000000000000e+00,3.874552000000000000e+06,3.874552000000000000e+06,3.290038000000000000e+06,3.290197000000000000e+06,1.136011700000000000e+07,1.136011700000000000e+07,9.768078000000000000e+06,9.767917000000000000e+06
1.230000000000000000e+02,1.194942600000000000e+07,1.194942600000000000e+07,1.059394400000000000e+07,1.065757900000000000e+07,8.444357000000000000e+06,8.444357000000000000e+06,6.755127000000000000e+06,7.056964000000000000e+06,5.985885000000000000e+06,5.985885000000000000e+06,4.858520000000000000e+06,5.192415000000000000e+06,3.077280000000000000e+05,3.077280000000000000e+05,2.125660000000000000e+05,2.233410000000000000e+05,0.000000000000000000e+00,0.000000000000000000e+00,0.000000000000000000e+00,0.000000000000000000e+00,4.054386000000000000e+06,4.054386000000000000e+06,3.450483000000000000e+06,3.450479000000000000e+06,1.139061800000000000e+07,1.139061800000000000e+07,9.793041000000000000e+06,9.792770000000000000e+06
1.240000000000000000e+02,1.193056100000000000e+07,1.193056100000000000e+07,1.057444700000000000e+07,1.064293500000000000e+07,8.436310000000000000e+06,8.436310000000000000e+06,6.737263000000000000e+06,7.048490000000000000e+06,5.955966000000000000e+06,5.955966000000000000e+06,4.834383000000000000e+06,5.168267000000000000e+06,2.068320000000000000e+05,2.068320000000000000e+05,1.172790000000000000e+05,1.219400000000000000e+05,0.000000000000000000e+00,0.000000000000000000e+00,0.000000000000000000e+00,0.000000000000000000e+00,4.238166000000000000e+06,4.238166000000000000e+06,3.608257000000000000e+06,3.608418000000000000e+06,1.140969400000000000e+07,1.140969400000000000e+07,9.808235000000000000e+06,9.808090000000000000e+06
1.250000000000000000e+02,1.190977400000000000e+07,1.190977400000000000e+07,1.055415800000000000e+07,1.062745800000000000e+07,8.418788000000000000e+06,8.418788000000000000e+06,6.752429000000000000e+06,7.072522000000000000e+06,5.906996000000000000e+06,5.906996000000000000e+06,4.799313000000000000e+06,5.132493000000000000e+06,9.901700000000000000e+04,9.901700000000000000e+04,1.453600000000000000e+04,1.520800000000000000e+04,0.000000000000000000e+00,0.000000000000000000e+00,0.000000000000000000e+00,0.000000000000000000e+00,4.416551000000000000e+06,4.416551000000000000e+06,3.765035000000000000e+06,3.764991000000000000e+06,1.142250100000000000e+07,1.142250100000000000e+07,9.818959000000000000e+06,9.818736000000000000e+06
1.260000000000000000e+02,1.188757200000000000e+07,1.188757200000000000e+07,1.053572100000000000e+07,1.061380100000000000e+07,8.421809000000000000e+06,8.421809000000000000e+06,6.873527000000000000e+06,7.202890000000000000e+06,5.866372000000000000e+06,5.866372000000000000e+06,4.763054000000000000e+06,5.095270000000000000e+06,0.000000000000000000e+00,0.000000000000000000e+00,0.000000000000000000e+00,0.000000000000000000e+00,0.000000000000000000e+00,0.000000000000000000e+00,0.000000000000000000e+00,0.000000000000000000e+00,4.591612000000000000e+06,4.591612000000000000e+06,3.919135000000000000e+06,3.919000000000000000e+06,1.142183200000000000e+07,1.142183200000000000e+07,9.821614000000000000e+06,9.821298000000000000e+06
1.270000000000000000e+02,1.186930700000000000e+07,1.186930700000000000e+07,1.051588000000000000e+07,1.059861600000000000e+07,8.560957000000000000e+06,8.560957000000000000e+06,6.981304000000000000e+06,7.319215000000000000e+06,5.810661000000000000e+06,5.810661000000000000e+06,4.715210000000000000e+06,5.046154000000000000e+06,0.000000000000000000e+00,0.000000000000000000e+00,0.000000000000000000e+00,0.000000000000000000e+00,0.000000000000000000e+00,0.000000000000000000e+00,0.000000000000000000e+00,0.000000000000000000e+00,4.764012000000000000e+06,4.764012000000000000e+06,4.071535000000000000e+06,4.071196000000000000e+06,1.141849100000000000e+07,1.141849100000000000e+07,9.819161000000000000e+06,9.818807000000000000e+06
1.280000000000000000e+02,1.183620500000000000e+07,1.183620500000000000e+07,1.048445600000000000e+07,1.057246300000000000e+07,8.688121000000000000e+06,8.688121000000000000e+06,7.083146000000000000e+06,7.429763000000000000e+06,5.746635000000000000e+06,5.746635000000000000e+06,4.662159000000000000e+06,4.990509000000000000e+06,0.000000000000000000e+00,0.000000000000000000e+00,0.000000000000000000e+00,0.000000000000000000e+00,0.000000000000000000e+00,0.000000000000000000e+00,0.000000000000000000e+00,0.000000000000000000e+00,4.925753000000000000e+06,4.925753000000000000e+06,4.215162000000000000e+06,4.215025000000000000e+06,1.138940500000000000e+07,1.138940500000000000e+07,9.795481000000000000e+06,9.795000000000000000e+06
1.290000000000000000e+02,1.181639200000000000e+07,1.181639200000000000e+07,1.046586600000000000e+07,1.055888000000000000e+07,8.811187000000000000e+06,8.811187000000000000e+06,7.180980000000000000e+06,7.535773000000000000e+06,5.674356000000000000e+06,5.674356000000000000e+06,4.604388000000000000e+06,4.930272000000000000e+06,0.000000000000000000e+00,0.000000000000000000e+00,0.000000000000000000e+00,0.000000000000000000e+00,0.000000000000000000e+00,0.000000000000000000e+00,0.000000000000000000e+00,0.000000000000000000e+00,5.100651000000000000e+06,5.100651000000000000e+06,4.362765000000000000e+06,4.362894000000000000e+06,1.137874100000000000e+07,1.137874100000000000e+07,9.781242000000000000e+06,9.780745000000000000e+06
1.300000000000000000e+02,1.179633400000000000e+07,1.179633400000000000e+07,1.044231100000000000e+07,1.054069600000000000e+07,8.924872000000000000e+06,8.924872000000000000e+06,7.274518000000000000e+06,7.637460000000000000e+06,5.602232000000000000e+06,5.602232000000000000e+06,4.542845000000000000e+06,4.865944000000000000e+06,0.000000000000000000e+00,0.000000000000000000e+00,0.000000000000000000e+00,0.000000000000000000e+00,0.000000000000000000e+00,0.000000000000000000e+00,0.000000000000000000e+00,0.000000000000000000e+00,5.262087000000000000e+06,5.262087000000000000e+06,4.504093000000000000e+06,4.504189000000000000e+06,1.134104900000000000e+07,1.134104900000000000e+07,9.752686000000000000e+06,9.752393000000000000e+06
1.310000000000000000e+02,1.176618200000000000e+07,1.176618200000000000e+07,1.041641000000000000e+07,1.052044800000000000e+07,9.038584000000000000e+06,9.038584000000000000e+06,7.365594000000000000e+06,7.736660000000000000e+06,5.520547000000000000e+06,5.520547000000000000e+06,4.478315000000000000e+06,4.798866000000000000e+06,0.000000000000000000e+00,0.000000000000000000e+00,0.000000000000000000e+00,0.000000000000000000e+00,0.000000000000000000e+00,0.000000000000000000e+00,0.000000000000000000e+00,0.000000000000000000e+00,5.416044000000000000e+06,5.416044000000000000e+06,4.639270000000000000e+06,4.639174000000000000e+06,1.129634500000000000e+07,1.129634500000000000e+07,9.710371000000000000e+06,9.710230000000000000e+06
1.320000000000000000e+02,1.174709300000000000e+07,1.174709300000000000e+07,1.039365800000000000e+07,1.050352100000000000e+07,9.143222000000000000e+06,9.143222000000000000e+06,7.449107000000000000e+06,7.828360000000000000e+06,5.438196000000000000e+06,5.438196000000000000e+06,4.407819000000000000e+06,4.723686000000000000e+06,0.000000000000000000e+00,0.000000000000000000e+00,0.000000000000000000e+00,0.000000000000000000e+00,0.000000000000000000e+00,0.000000000000000000e+00,0.000000000000000000e+00,0.000000000000000000e+00,5.569201000000000000e+06,5.569201000000000000e+06,4.773180000000000000e+06,4.772962000000000000e+06,1.124562900000000000e+07,1.124562900000000000e+07,9.666940000000000000e+06,9.666650000000000000e+06
1.330000000000000000e+02,1.171791100000000000e+07,1.171791100000000000e+07,1.036521700000000000e+07,1.048107400000000000e+07,9.229286000000000000e+06,9.229286000000000000e+06,7.522384000000000000e+06,7.909489000000000000e+06,5.342839000000000000e+06,5.342839000000000000e+06,4.330485000000000000e+06,4.641327000000000000e+06,0.000000000000000000e+00,0.000000000000000000e+00,0.000000000000000000e+00,0.000000000000000000e+00,0.000000000000000000e+00,0.000000000000000000e+00,0.000000000000000000e+00,0.000000000000000000e+00,5.714365000000000000e+06,5.714365000000000000e+06,4.900483000000000000e+06,4.900303000000000000e+06,1.117603800000000000e+07,1.117603800000000000e+07,9.611977000000000000e+06,9.611851000000000000e+06
1.340000000000000000e+02,1.170158900000000000e+07,1.170158900000000000e+07,1.034752300000000000e+07,1.046924500000000000e+07,9.329803000000000000e+06,9.329803000000000000e+06,7.598533000000000000e+06,7.993551000000000000e+06,5.251466000000000000e+06,5.251466000000000000e+06,4.254057000000000000e+06,4.560450000000000000e+06,0.000000000000000000e+00,0.000000000000000000e+00,0.000000000000000000e+00,0.000000000000000000e+00,0.000000000000000000e+00,0.000000000000000000e+00,0.000000000000000000e+00,0.000000000000000000e+00,5.854046000000000000e+06,5.854046000000000000e+06,5.028873000000000000e+06,5.028482000000000000e+06,1.111915600000000000e+07,1.111915600000000000e+07,9.558003000000000000e+06,9.557877000000000000e+06
1.350000000000000000e+02,1.167539800000000000e+07,1.167539800000000000e+07,1.032001400000000000e+07,1.044760300000000000e+07,9.403162000000000000e+06,9.403162000000000000e+06,7.658565000000000000e+06,8.060516000000000000e+06,5.146210000000000000e+06,5.146210000000000000e+06,4.165955000000000000e+06,4.469206000000000000e+06,0.000000000000000000e+00,0.000000000000000000e+00,0.000000000000000000e+00,0.000000000000000000e+00,0.000000000000000000e+00,0.000000000000000000e+00,0.000000000000000000e+00,0.000000000000000000e+00,5.991546000000000000e+06,5.991546000000000000e+06,5.148540000000000000e+06,5.148417000000000000e+06,1.104070500000000000e+07,1.104070500000000000e+07,9.491692000000000000e+06,9.491482000000000000e+06
1.360000000000000000e+02,1.164850800000000000e+07,1.164850800000000000e+07,1.029304300000000000e+07,1.042673700000000000e+07,9.478127000000000000e+06,9.478127000000000000e+06,7.714429000000000000e+06,8.122929000000000000e+06,5.037149000000000000e+06,5.037149000000000000e+06,4.078746000000000000e+06,4.374675000000000000e+06,0.000000000000000000e+00,0.000000000000000000e+00,0.000000000000000000e+00,0.000000000000000000e+00,0.000000000000000000e+00,0.000000000000000000e+00,0.000000000000000000e+00,0.000000000000000000e+00,6.132685000000000000e+06,6.132685000000000000e+06,5.264571000000000000e+06,5.264667000000000000e+06,1.095638700000000000e+07,1.095638700000000000e+07,9.418275000000000000e+06,9.418788000000000000e+06
1.370000000000000000e+02,1.162174900000000000e+07,1.162174900000000000e+07,1.026693400000000000e+07,1.040683900000000000e+07,9.540063000000000000e+06,9.540063000000000000e+06,7.767948000000000000e+06,8.183881000000000000e+06,4.920116000000000000e+06,4.920116000000000000e+06,3.987015000000000000e+06,4.275109000000000000e+06,0.000000000000000000e+00,0.000000000000000000e+00,0.000000000000000000e+00,0.000000000000000000e+00,0.000000000000000000e+00,0.000000000000000000e+00,0.000000000000000000e+00,0.000000000000000000e+00,6.259657000000000000e+06,6.259657000000000000e+06,5.372428000000000000e+06,5.372396000000000000e+06,1.085636400000000000e+07,1.085636400000000000e+07,9.333103000000000000e+06,9.332887000000000000e+06
1.380000000000000000e+02,1.159577700000000000e+07,1.159577700000000000e+07,1.024188700000000000e+07,1.038774900000000000e+07,9.595614000000000000e+06,9.595614000000000000e+06,7.811809000000000000e+06,8.233937000000000000e+06,4.801427000000000000e+06,4.801427000000000000e+06,3.889572000000000000e+06,4.173230000000000000e+06,0.000000000000000000e+00,0.000000000000000000e+00,0.000000000000000000e+00,0.000000000000000000e+00,0.000000000000000000e+00,0.000000000000000000e+00,0.000000000000000000e+00,0.000000000000000000e+00,6.377482000000000000e+06,6.377482000000000000e+06,5.478626000000000000e+06,5.478655000000000000e+06,1.075834800000000000e+07,1.075834800000000000e+07,9.247568000000000000e+06,9.247314000000000000e+06
1.390000000000000000e+02,1.156456400000000000e+07,1.156456400000000000e+07,1.020629500000000000e+07,1.035866800000000000e+07,9.635347000000000000e+06,9.635347000000000000e+06,7.845275000000000000e+06,8.273588000000000000e+06,4.683316000000000000e+06,4.683316000000000000e+06,3.787255000000000000e+06,4.064233000000000000e+06,0.000000000000000000e+00,0.000000000000000000e+00,0.000000000000000000e+00,0.000000000000000000e+00,0.000000000000000000e+00,0.000000000000000000e+00,0.000000000000000000e+00,0.000000000000000000e+00,6.487700000000000000e+06,6.487700000000000000e+06,5.572500000000000000e+06,5.572546000000000000e+06,1.063062900000000000e+07,1.063062900000000000e+07,9.142430000000000000e+06,9.142208000000000000e+06
1.400000000000000000e+02,1.154204200000000000e+07,1.154204200000000000e+07,1.018229100000000000e+07,1.034064800000000000e+07,9.681260000000000000e+06,9.681260000000000000e+06,7.879329000000000000e+06,8.313535000000000000e+06,4.559915000000000000e+06,4.559915000000000000e+06,3.685755000000000000e+06,3.955792000000000000e+06,0.000000000000000000e+00,0.000000000000000000e+00,0.000000000000000000e+00,0.000000000000000000e+00,0.000000000000000000e+00,0.000000000000000000e+00,0.000000000000000000e+00,0.000000000000000000e+00,6.596785000000000000e+06,6.596785000000000000e+06,5.666403000000000000e+06,5.666459000000000000e+06,1.051838500000000000e+07,1.051838500000000000e+07,9.041333000000000000e+06,9.040924000000000000e+06
1.410000000000000000e+02,1.151209900000000000e+07,1.151209900000000000e+07,1.015178200000000000e+07,1.031773700000000000e+07,9.712261000000000000e+06,9.712261000000000000e+06,7.903784000000000000e+06,8.343337000000000000e+06,4.431707000000000000e+06,4.431707000000000000e+06,3.579080000000000000e+06,3.842290000000000000e+06,0.000000000000000000e+00,0.000000000000000000e+00,0.000000000000000000e+00,0.000000000000000000e+00,0.000000000000000000e+00,0.000000000000000000e+00,0.000000000000000000e+00,0.000000000000000000e+00,6.690455000000000000e+06,6.690455000000000000e+06,5.751137000000000000e+06,5.751037000000000000e+06,1.038209000000000000e+07,1.038209000000000000e+07,8.928333000000000000e+06,8.928073000000000000e+06
1.420000000000000000e+02,1.148824800000000000e+07,1.148824800000000000e+07,1.012460000000000000e+07,1.029660400000000000e+07,9.739014000000000000e+06,9.739014000000000000e+06,7.927386000000000000e+06,8.372545000000000000e+06,4.302053000000000000e+06,4.302053000000000000e+06,3.472386000000000000e+06,3.727726000000000000e+06,0.000000000000000000e+00,0.000000000000000000e+00,0.000000000000000000e+00,0.000000000000000000e+00,0.000000000000000000e+00,0.000000000000000000e+00,0.000000000000000000e+00,0.000000000000000000e+00,6.781598000000000000e+06,6.781598000000000000e+06,5.828413000000000000e+06,5.828226000000000000e+06,1.024171900000000000e+07,1.024171900000000000e+07,8.806355000000000000e+06,8.806453000000000000e+06
1.430000000000000000e+02,1.145880900000000000e+07,1.145880900000000000e+07,1.009607900000000000e+07,1.027476900000000000e+07,9.758614000000000000e+06,9.758614000000000000e+06,7.939822000000000000e+06,8.389247000000000000e+06,4.166529000000000000e+06,4.166529000000000000e+06,3.360747000000000000e+06,3.608009000000000000e+06,0.000000000000000000e+00,0.000000000000000000e+00,0.000000000000000000e+00,0.000000000000000000e+00,0.000000000000000000e+00,0.000000000000000000e+00,0.000000000000000000e+00,0.000000000000000000e+00,6.862010000000000000e+06,6.862010000000000000e+06,5.901239000000000000e+06,5.901121000000000000e+06,1.010091700000000000e+07,1.010091700000000000e+07,8.681903000000000000e+06,8.681766000000000000e+06
1.440000000000000000e+02,1.142530300000000000e+07,1.142530300000000000e+07,1.006352700000000000e+07,1.024896600000000000e+07,9.754660000000000000e+06,9.754660000000000000e+06,7.940276000000000000e+06,8.394242000000000000e+06,4.020490000000000000e+06,4.020490000000000000e+06,3.244452000000000000e+06,3.483877000000000000e+06,0.000000000000000000e+00,0.000000000000000000e+00,0.000000000000000000e+00,0.000000000000000000e+00,0.000000000000000000e+00,0.000000000000000000e+00,0.000000000000000000e+00,0.000000000000000000e+00,6.941377000000000000e+06,6.941377000000000000e+06,5.968690000000000000e+06,5.968542000000000000e+06,9.945411000000000000e+06,9.945411000000000000e+06,8.552715000000000000e+06,8.552434000000000000e+06
1.450000000000000000e+02,1.140912700000000000e+07,1.140912700000000000e+07,1.004251400000000000e+07,1.023479000000000000e+07,9.769958000000000000e+06,9.769958000000000000e+06,7.948576000000000000e+06,8.407166000000000000e+06,3.886062000000000000e+06,3.886062000000000000e+06,3.131547000000000000e+06,3.362299000000000000e+06,0.000000000000000000e+00,0.000000000000000000e+00,0.000000000000000000e+00,0.000000000000000000e+00,0.000000000000000000e+00,0.000000000000000000e+00,0.000000000000000000e+00,0.000000000000000000e+00,7.011178000000000000e+06,7.011178000000000000e+06,6.030261000000000000e+06,6.030225000000000000e+06,9.791452000000000000e+06,9.791452000000000000e+06,8.419089000000000000e+06,8.419028000000000000e+06
1.460000000000000000e+02,1.138098900000000000e+07,1.138098900000000000e+07,1.001201100000000000e+07,1.021109500000000000e+07,9.758488000000000000e+06,9.758488000000000000e+06,7.940072000000000000e+06,8.402248000000000000e+06,3.743750000000000000e+06,3.743750000000000000e+06,3.011953000000000000e+06,3.234220000000000000e+06,0.000000000000000000e+00,0.000000000000000000e+00,0.000000000000000000e+00,0.000000000000000000e+00,0.000000000000000000e+00,0.000000000000000000e+00,0.000000000000000000e+00,0.000000000000000000e+00,7.071547000000000000e+06,7.071547000000000000e+06,6.084295000000000000e+06,6.084160000000000000e+06,9.620918000000000000e+06,9.620918000000000000e+06,8.278363000000000000e+06,8.278476000000000000e+06
1.470000000000000000e+02,1.135139700000000000e+07,1.135139700000000000e+07,9.979606000000000000e+06,1.018563200000000000e+07,9.747468000000000000e+06,9.747468000000000000e+06,7.927114000000000000e+06,8.393023000000000000e+06,3.599546000000000000e+06,3.599546000000000000e+06,2.891990000000000000e+06,3.104917000000000000e+06,0.000000000000000000e+00,0.000000000000000000e+00,0.000000000000000000e+00,0.000000000000000000e+00,1.183800000000000000e+05,1.183800000000000000e+05,7.040300000000000000e+04,6.995700000000000000e+04,7.113926000000000000e+06,7.113926000000000000e+06,6.123823000000000000e+06,6.123736000000000000e+06,9.574039000000000000e+06,9.574039000000000000e+06,8.122190000000000000e+06,8.122279000000000000e+06
1.480000000000000000e+02,1.132314900000000000e+07,1.132314900000000000e+07,9.950269000000000000e+06,1.016242600000000000e+07,9.725015000000000000e+06,9.725015000000000000e+06,7.908549000000000000e+06,8.376999000000000000e+06,3.452205000000000000e+06,3.452205000000000000e+06,2.770354000000000000e+06,2.973617000000000000e+06,0.000000000000000000e+00,0.000000000000000000e+00,0.000000000000000000e+00,0.000000000000000000e+00,2.531040000000000000e+05,2.531040000000000000e+05,1.982260000000000000e+05,1.980900000000000000e+05,7.164281000000000000e+06,7.164281000000000000e+06,6.161537000000000000e+06,6.161370000000000000e+06,9.546621000000000000e+06,9.546621000000000000e+06,8.087402000000000000e+06,8.091821000000000000e+06
1.490000000000000000e+02,1.129196200000000000e+07,1.129196200000000000e+07,9.919802000000000000e+06,1.013828700000000000e+07,9.697570000000000000e+06,9.697570000000000000e+06,7.886325000000000000e+06,8.357125000000000000e+06,3.301382000000000000e+06,3.301382000000000000e+06,2.648456000000000000e+06,2.841865000000000000e+06,0.000000000000000000e+00,0.000000000000000000e+00,0.000000000000000000e+00,0.000000000000000000e+00,3.793050000000000000e+05,3.793050000000000000e+05,3.236440000000000000e+05,3.237740000000000000e+05,7.193756000000000000e+06,7.193756000000000000e+06,6.185669000000000000e+06,6.185412000000000000e+06,9.506006000000000000e+06,9.506006000000000000e+06,8.055975000000000000e+06,8.064045000000000000e+06
1.500000000000000000e+02,1.126708800000000000e+07,1.126708800000000000e+07,9.892337000000000000e+06,1.011618400000000000e+07,9.661603000000000000e+06,9.661603000000000000e+06,7.858044000000000000e+06,8.330503000000000000e+06,3.155906000000000000e+06,3.155906000000000000e+06,2.525533000000000000e+06,2.708832000000000000e+06,0.000000000000000000e+00,0.000000000000000000e+00,0.000000000000000000e+00,0.000000000000000000e+00,5.093880000000000000e+05,5.093880000000000000e+05,4.473820000000000000e+05,4.474520000000000000e+05,7.220397000000000000e+06,7.220397000000000000e+06,6.207872000000000000e+06,6.207665000000000000e+06,9.470681000000000000e+06,9.470681000000000000e+06,8.030329000000000000e+06,8.042015000000000000e+06
1.510000000000000000e+02,1.123913100000000000e+07,1.123913100000000000e+07,9.894036000000000000e+06,1.009323300000000000e+07,9.969234000000000000e+06,9.969234000000000000e+06,8.357774000000000000e+06,8.396126000000000000e+06,3.558851000000000000e+06,3.558851000000000000e+06,3.150816000000000000e+06,2.805634000000000000e+06,2.429420000000000000e+05,2.429420000000000000e+05,3.881510000000000000e+05,7.544300000000000000e+04,6.353680000000000000e+05,6.353680000000000000e+05,5.682180000000000000e+05,5.682800000000000000e+05,7.230163000000000000e+06,7.230163000000000000e+06,6.215382000000000000e+06,6.214987000000000000e+06,9.425800000000000000e+06,9.425800000000000000e+06,7.993974000000000000e+06,8.009445000000000000e+06
1.520000000000000000e+02,1.121226300000000000e+07,1.121226300000000000e+07,9.882696000000000000e+06,1.007188300000000000e+07,9.989567000000000000e+06,9.989567000000000000e+06,8.414562000000000000e+06,8.382925000000000000e+06,3.489123000000000000e+06,3.489123000000000000e+06,3.139093000000000000e+06,2.706277000000000000e+06,2.719430000000000000e+05,2.719430000000000000e+05,4.375340000000000000e+05,8.148400000000000000e+04,7.563870000000000000e+05,7.563870000000000000e+05,6.859390000000000000e+05,6.859720000000000000e+05,7.227976000000000000e+06,7.227976000000000000e+06,6.212719000000000000e+06,6.212497000000000000e+06,9.377838000000000000e+06,9.377838000000000000e+06,7.954778000000000000e+06,7.973536000000000000e+06
1.530000000000000000e+02,1.118644700000000000e+07,1.118644700000000000e+07,9.872169000000000000e+06,1.005021000000000000e+07,9.997788000000000000e+06,9.997788000000000000e+06,8.456784000000000000e+06,8.362799000000000000e+06,3.408088000000000000e+06,3.408088000000000000e+06,3.109274000000000000e+06,2.599995000000000000e+06,2.922620000000000000e+05,2.922620000000000000e+05,4.753810000000000000e+05,8.341700000000000000e+04,8.825320000000000000e+05,8.825320000000000000e+05,8.003670000000000000e+05,8.004710000000000000e+05,7.213165000000000000e+06,7.213165000000000000e+06,6.199577000000000000e+06,6.199472000000000000e+06,9.325335000000000000e+06,9.325335000000000000e+06,7.910600000000000000e+06,7.933474000000000000e+06
1.540000000000000000e+02,1.114829200000000000e+07,1.114829200000000000e+07,9.855215000000000000e+06,1.001941900000000000e+07,9.988615000000000000e+06,9.988615000000000000e+06,8.485810000000000000e+06,8.327093000000000000e+06,3.320937000000000000e+06,3.320937000000000000e+06,3.074748000000000000e+06,2.489135000000000000e+06,3.094750000000000000e+05,3.094750000000000000e+05,5.095090000000000000e+05,8.337700000000000000e+04,9.985500000000000000e+05,9.985500000000000000e+05,9.119130000000000000e+05,9.119640000000000000e+05,7.182119000000000000e+06,7.182119000000000000e+06,6.182180000000000000e+06,6.182045000000000000e+06,9.275539000000000000e+06,9.275539000000000000e+06,7.868947000000000000e+06,7.895903000000000000e+06
1.550000000000000000e+02,1.113037000000000000e+07,1.113037000000000000e+07,9.855227000000000000e+06,1.000477500000000000e+07,9.984235000000000000e+06,9.984235000000000000e+06,8.513326000000000000e+06,8.298533000000000000e+06,3.230178000000000000e+06,3.230178000000000000e+06,3.027047000000000000e+06,2.375814000000000000e+06,3.201530000000000000e+05,3.201530000000000000e+05,5.344180000000000000e+05,8.018200000000000000e+04,1.106295000000000000e+06,1.106295000000000000e+06,1.020375000000000000e+06,1.020600000000000000e+06,7.164693000000000000e+06,7.164693000000000000e+06,6.160825000000000000e+06,6.160864000000000000e+06,9.229675000000000000e+06,9.229675000000000000e+06,7.832751000000000000e+06,7.863957000000000000e+06
1.560000000000000000e+02,1.109466800000000000e+07,1.109466800000000000e+07,9.843653000000000000e+06,9.975757000000000000e+06,9.955026000000000000e+06,9.955026000000000000e+06,8.527343000000000000e+06,8.254581000000000000e+06,3.126574000000000000e+06,3.126574000000000000e+06,2.975449000000000000e+06,2.258858000000000000e+06,3.287390000000000000e+05,3.287390000000000000e+05,5.565430000000000000e+05,7.530500000000000000e+04,1.217360000000000000e+06,1.217360000000000000e+06,1.123201000000000000e+06,1.123233000000000000e+06,7.119809000000000000e+06,7.119809000000000000e+06,6.118763000000000000e+06,6.118995000000000000e+06,9.163916000000000000e+06,9.163916000000000000e+06,7.781026000000000000e+06,7.816341000000000000e+06
1.570000000000000000e+02,1.108038500000000000e+07,1.108038500000000000e+07,9.850036000000000000e+06,9.963513000000000000e+06,9.944137000000000000e+06,9.944137000000000000e+06,8.545671000000000000e+06,8.218125000000000000e+06,3.031105000000000000e+06,3.031105000000000000e+06,2.919608000000000000e+06,2.142225000000000000e+06,3.337560000000000000e+05,3.337560000000000000e+05,5.737190000000000000e+05,6.888800000000000000e+04,1.321536000000000000e+06,1.321536000000000000e+06,1.223468000000000000e+06,1.223507000000000000e+06,7.060447000000000000e+06,7.060447000000000000e+06,6.077937000000000000e+06,6.078020000000000000e+06,9.119235000000000000e+06,9.119235000000000000e+06,7.740135000000000000e+06,7.779765000000000000e+06
1.580000000000000000e+02,1.104863300000000000e+07,1.104863300000000000e+07,9.845286000000000000e+06,9.938369000000000000e+06,9.908937000000000000e+06,9.908937000000000000e+06,8.544924000000000000e+06,8.165135000000000000e+06,2.919137000000000000e+06,2.919137000000000000e+06,2.853444000000000000e+06,2.020261000000000000e+06,3.348900000000000000e+05,3.348900000000000000e+05,5.859090000000000000e+05,6.046400000000000000e+04,1.410463000000000000e+06,1.410463000000000000e+06,1.317315000000000000e+06,1.317475000000000000e+06,7.003602000000000000e+06,7.003602000000000000e+06,6.020469000000000000e+06,6.020600000000000000e+06,9.051436000000000000e+06,9.051436000000000000e+06,7.688947000000000000e+06,7.733163000000000000e+06
1.590000000000000000e+02,1.101656000000000000e+07,1.101656000000000000e+07,9.842672000000000000e+06,9.913497000000000000e+06,9.865916000000000000e+06,9.865916000000000000e+06,8.540206000000000000e+06,8.108205000000000000e+06,2.807757000000000000e+06,2.807757000000000000e+06,2.783957000000000000e+06,1.896808000000000000e+06,3.339010000000000000e+05,3.339010000000000000e+05,5.949330000000000000e+05,5.069700000000000000e+04,1.509928000000000000e+06,1.509928000000000000e+06,1.404983000000000000e+06,1.405095000000000000e+06,6.907912000000000000e+06,6.907912000000000000e+06,5.948623000000000000e+06,5.948572000000000000e+06,8.989719000000000000e+06,8.989719000000000000e+06,7.631486000000000000e+06,7.680362000000000000e+06
1.600000000000000000e+02,1.100331400000000000e+07,1.100331400000000000e+07,9.845220000000000000e+06,9.892163000000000000e+06,9.823954000000000000e+06,9.823954000000000000e+06,8.533334000000000000e+06,8.048929000000000000e+06,2.695923000000000000e+06,2.695923000000000000e+06,2.713013000000000000e+06,1.772926000000000000e+06,3.310060000000000000e+05,3.310060000000000000e+05,6.019590000000000000e+05,3.959500000000000000e+04,1.594766000000000000e+06,1.594766000000000000e+06,1.486613000000000000e+06,1.486938000000000000e+06,6.825534000000000000e+06,6.825534000000000000e+06,5.866657000000000000e+06,5.866557000000000000e+06,8.917016000000000000e+06,8.917016000000000000e+06,7.573449000000000000e+06,7.627161000000000000e+06
1.610000000000000000e+02,1.099324700000000000e+07,1.099324700000000000e+07,9.849776000000000000e+06,9.870961000000000000e+06,9.773801000000000000e+06,9.773801000000000000e+06,8.520640000000000000e+06,7.984995000000000000e+06,2.579460000000000000e+06,2.579460000000000000e+06,2.638143000000000000e+06,1.648273000000000000e+06,3.256390000000000000e+05,3.256390000000000000e+05,6.058540000000000000e+05,2.703900000000000000e+04,1.670941000000000000e+06,1.670941000000000000e+06,1.561695000000000000e+06,1.561945000000000000e+06,6.708894000000000000e+06,6.708894000000000000e+06,5.772499000000000000e+06,5.772292000000000000e+06,8.849316000000000000e+06,8.849316000000000000e+06,7.512596000000000000e+06,7.570841000000000000e+06
1.620000000000000000e+02,1.099422000000000000e+07,1.099422000000000000e+07,9.860763000000000000e+06,9.854778000000000000e+06,9.716410000000000000e+06,9.716410000000000000e+06,8.504370000000000000e+06,7.919046000000000000e+06,2.455589000000000000e+06,2.455589000000000000e+06,2.559082000000000000e+06,1.522341000000000000e+06,3.182240000000000000e+05,3.182240000000000000e+05,6.069500000000000000e+05,1.291400000000000000e+04,1.746349000000000000e+06,1.746349000000000000e+06,1.631056000000000000e+06,1.631032000000000000e+06,6.592888000000000000e+06,6.592888000000000000e+06,5.671183000000000000e+06,5.670995000000000000e+06,8.780699000000000000e+06,8.780699000000000000e+06,7.454362000000000000e+06,7.517299000000000000e+06
1.630000000000000000e+02,1.099471700000000000e+07,1.099471700000000000e+07,9.872570000000000000e+06,9.839446000000000000e+06,9.657694000000000000e+06,9.657694000000000000e+06,8.477563000000000000e+06,7.846387000000000000e+06,2.337666000000000000e+06,2.337666000000000000e+06,2.471606000000000000e+06,1.393750000000000000e+06,3.073340000000000000e+05,3.073340000000000000e+05,6.028840000000000000e+05,0.000000000000000000e+00,1.803976000000000000e+06,1.803976000000000000e+06,1.695409000000000000e+06,1.695399000000000000e+06,6.477824000000000000e+06,6.477824000000000000e+06,5.567604000000000000e+06,5.566995000000000000e+06,8.715476000000000000e+06,8.715476000000000000e+06,7.403033000000000000e+06,7.470899000000000000e+06
1.640000000000000000e+02,1.100114000000000000e+07,1.100114000000000000e+07,9.886847000000000000e+06,9.823206000000000000e+06,9.592909000000000000e+06,9.592909000000000000e+06,8.451133000000000000e+06,7.769993000000000000e+06,2.216292000000000000e+06,2.216292000000000000e+06,2.389874000000000000e+06,1.266383000000000000e+06,2.970450000000000000e+05,2.970450000000000000e+05,5.999670000000000000e+05,0.000000000000000000e+00,1.865380000000000000e+06,1.865380000000000000e+06,1.749070000000000000e+06,1.749130000000000000e+06,6.328523000000000000e+06,6.328523000000000000e+06,5.441644000000000000e+06,5.441351000000000000e+06,8.641453000000000000e+06,8.641453000000000000e+06,7.339214000000000000e+06,7.412056000000000000e+06
1.650000000000000000e+02,1.099808500000000000e+07,1.099808500000000000e+07,9.896221000000000000e+06,9.800823000000000000e+06,9.515158000000000000e+06,9.515158000000000000e+06,8.413403000000000000e+06,7.683991000000000000e+06,2.091056000000000000e+06,2.091056000000000000e+06,2.300615000000000000e+06,1.137308000000000000e+06,2.844010000000000000e+05,2.844010000000000000e+05,5.935600000000000000e+05,0.000000000000000000e+00,1.912272000000000000e+06,1.912272000000000000e+06,1.793663000000000000e+06,1.793773000000000000e+06,6.164128000000000000e+06,6.164128000000000000e+06,5.302756000000000000e+06,5.302645000000000000e+06,8.568205000000000000e+06,8.568205000000000000e+06,7.271334000000000000e+06,7.349405000000000000e+06
1.660000000000000000e+02,1.101126600000000000e+07,1.101126600000000000e+07,9.920420000000000000e+06,9.791477000000000000e+06,9.444665000000000000e+06,9.444665000000000000e+06,8.382308000000000000e+06,7.603717000000000000e+06,1.963538000000000000e+06,1.963538000000000000e+06,2.213314000000000000e+06,1.009583000000000000e+06,2.705890000000000000e+05,2.705890000000000000e+05,5.863110000000000000e+05,0.000000000000000000e+00,1.943251000000000000e+06,1.943251000000000000e+06,1.825481000000000000e+06,1.825766000000000000e+06,5.983329000000000000e+06,5.983329000000000000e+06,5.141412000000000000e+06,5.141314000000000000e+06,8.483311000000000000e+06,8.483311000000000000e+06,7.197551000000000000e+06,7.281076000000000000e+06
1.670000000000000000e+02,1.101221000000000000e+07,1.101221000000000000e+07,9.934196000000000000e+06,9.771056000000000000e+06,9.354027000000000000e+06,9.354027000000000000e+06,8.332435000000000000e+06,7.508142000000000000e+06,1.833215000000000000e+06,1.833215000000000000e+06,2.118332000000000000e+06,8.790740000000000000e+05,2.545180000000000000e+05,2.545180000000000000e+05,5.755550000000000000e+05,0.000000000000000000e+00,1.972992000000000000e+06,1.972992000000000000e+06,1.850500000000000000e+06,1.850472000000000000e+06,5.791084000000000000e+06,5.791084000000000000e+06,4.975951000000000000e+06,4.975954000000000000e+06,8.399483000000000000e+06,8.399483000000000000e+06,7.125415000000000000e+06,7.214123000000000000e+06
1.680000000000000000e+02,1.103334100000000000e+07,1.103334100000000000e+07,9.964881000000000000e+06,9.766432000000000000e+06,9.270603000000000000e+06,9.270603000000000000e+06,8.287438000000000000e+06,7.418904000000000000e+06,1.709368000000000000e+06,1.709368000000000000e+06,2.021752000000000000e+06,7.491190000000000000e+05,2.372370000000000000e+05,2.372370000000000000e+05,5.630510000000000000e+05,0.000000000000000000e+00,1.990231000000000000e+06,1.990231000000000000e+06,1.868631000000000000e+06,1.868651000000000000e+06,5.596200000000000000e+06,5.596200000000000000e+06,4.807882000000000000e+06,4.807790000000000000e+06,8.321554000000000000e+06,8.321554000000000000e+06,7.064463000000000000e+06,7.158582000000000000e+06
1.690000000000000000e+02,1.104446200000000000e+07,1.104446200000000000e+07,9.987239000000000000e+06,9.752631000000000000e+06,9.172425000000000000e+06,9.172425000000000000e+06,8.229775000000000000e+06,7.317358000000000000e+06,1.577418000000000000e+06,1.577418000000000000e+06,1.921432000000000000e+06,6.181930000000000000e+05,2.188100000000000000e+05,2.188100000000000000e+05,5.485360000000000000e+05,0.000000000000000000e+00,1.983578000000000000e+06,1.983578000000000000e+06,1.872228000000000000e+06,1.872166000000000000e+06,5.367288000000000000e+06,5.367288000000000000e+06,4.617705000000000000e+06,4.617560000000000000e+06,8.241581000000000000e+06,8.241581000000000000e+06,6.991974000000000000e+06,7.091495000000000000e+06
1.700000000000000000e+02,1.106107100000000000e+07,1.106107100000000000e+07,1.001661300000000000e+07,9.743713000000000000e+06,9.076023000000000000e+06,9.076023000000000000e+06,8.171229000000000000e+06,7.213888000000000000e+06,1.449983000000000000e+06,1.449983000000000000e+06,1.849157000000000000e+06,5.170150000000000000e+05,1.995160000000000000e+05,1.995160000000000000e+05,5.334240000000000000e+05,0.000000000000000000e+00,1.973269000000000000e+06,1.973269000000000000e+06,1.859880000000000000e+06,1.859945000000000000e+06,5.118555000000000000e+06,5.118555000000000000e+06,4.404858000000000000e+06,4.404852000000000000e+06,8.150785000000000000e+06,8.150785000000000000e+06,6.911529000000000000e+06,7.016699000000000000e+06
1.710000000000000000e+02,1.109993800000000000e+07,1.109993800000000000e+07,1.010799300000000000e+07,9.795637000000000000e+06,8.968481000000000000e+06,8.968481000000000000e+06,8.108358000000000000e+06,7.106773000000000000e+06,1.328567000000000000e+06,1.328567000000000000e+06,1.869201000000000000e+06,5.163420000000000000e+05,1.791960000000000000e+05,1.791960000000000000e+05,5.168210000000000000e+05,0.000000000000000000e+00,1.946408000000000000e+06,1.946408000000000000e+06,1.833627000000000000e+06,1.833752000000000000e+06,4.858344000000000000e+06,4.858344000000000000e+06,4.175891000000000000e+06,4.175605000000000000e+06,8.057645000000000000e+06,8.057645000000000000e+06,6.828951000000000000e+06,6.939596000000000000e+06
1.720000000000000000e+02,1.118485100000000000e+07,1.118485100000000000e+07,1.020017500000000000e+07,9.845773000000000000e+06,8.865200000000000000e+06,8.865200000000000000e+06,8.044607000000000000e+06,6.997926000000000000e+06,1.338357000000000000e+06,1.338357000000000000e+06,1.889164000000000000e+06,5.153730000000000000e+05,1.582050000000000000e+05,1.582050000000000000e+05,4.997620000000000000e+05,0.000000000000000000e+00,1.904276000000000000e+06,1.904276000000000000e+06,1.794643000000000000e+06,1.794675000000000000e+06,4.575678000000000000e+06,4.575678000000000000e+06,3.935696000000000000e+06,3.935468000000000000e+06,7.964975000000000000e+06,7.964975000000000000e+06,6.747726000000000000e+06,6.864595000000000000e+06
1.730000000000000000e+02,1.127314900000000000e+07,1.127314900000000000e+07,1.029076500000000000e+07,9.894506000000000000e+06,8.755032000000000000e+06,8.755032000000000000e+06,7.975697000000000000e+06,6.886816000000000000e+06,1.343084000000000000e+06,1.343084000000000000e+06,1.902672000000000000e+06,5.121190000000000000e+05,1.359900000000000000e+05,1.359900000000000000e+05,4.805160000000000000e+05,0.000000000000000000e+00,1.839003000000000000e+06,1.839003000000000000e+06,1.734055000000000000e+06,1.733923000000000000e+06,4.263555000000000000e+06,4.263555000000000000e+06,3.666510000000000000e+06,3.666163000000000000e+06,7.860562000000000000e+06,7.860562000000000000e+06,6.658653000000000000e+06,6.780921000000000000e+06
1.740000000000000000e+02,1.135511300000000000e+07,1.135511300000000000e+07,1.037492400000000000e+07,9.935021000000000000e+06,8.639072000000000000e+06,8.639072000000000000e+06,7.904770000000000000e+06,6.772146000000000000e+06,1.347645000000000000e+06,1.347645000000000000e+06,1.916906000000000000e+06,5.085850000000000000e+05,1.131340000000000000e+05,1.131340000000000000e+05,4.610090000000000000e+05,0.000000000000000000e+00,1.755950000000000000e+06,1.755950000000000000e+06,1.656307000000000000e+06,1.656103000000000000e+06,3.930290000000000000e+06,3.930290000000000000e+06,3.380305000000000000e+06,3.380240000000000000e+06,7.759839000000000000e+06,7.759839000000000000e+06,6.566983000000000000e+06,6.695062000000000000e+06
1.750000000000000000e+02,1.141277800000000000e+07,1.141277800000000000e+07,1.044231800000000000e+07,9.962787000000000000e+06,8.516058000000000000e+06,8.516058000000000000e+06,7.819328000000000000e+06,6.646939000000000000e+06,1.346716000000000000e+06,1.346716000000000000e+06,1.923943000000000000e+06,5.026030000000000000e+05,8.938900000000000000e+04,8.938900000000000000e+04,4.388300000000000000e+05,0.000000000000000000e+00,1.642127000000000000e+06,1.642127000000000000e+06,1.549012000000000000e+06,1.548922000000000000e+06,3.554881000000000000e+06,3.554881000000000000e+06,3.055312000000000000e+06,3.055224000000000000e+06,7.629230000000000000e+06,7.629230000000000000e+06,6.455752000000000000e+06,6.589773000000000000e+06
1.760000000000000000e+02,1.148681700000000000e+07,1.148681700000000000e+07,1.051927800000000000e+07,1.001521000000000000e+07,8.393235000000000000e+06,8.393235000000000000e+06,7.741459000000000000e+06,6.527761000000000000e+06,1.346768000000000000e+06,1.346768000000000000e+06,1.931924000000000000e+06,4.965300000000000000e+05,6.483800000000000000e+04,6.483800000000000000e+04,4.168080000000000000e+05,0.000000000000000000e+00,1.506508000000000000e+06,1.506508000000000000e+06,1.420391000000000000e+06,1.420330000000000000e+06,3.157783000000000000e+06,3.157783000000000000e+06,2.711336000000000000e+06,2.711092000000000000e+06,7.511350000000000000e+06,7.511350000000000000e+06,6.349170000000000000e+06,6.489549000000000000e+06
1.770000000000000000e+02,1.153733000000000000e+07,1.153733000000000000e+07,1.057871200000000000e+07,1.005255200000000000e+07,8.265555000000000000e+06,8.265555000000000000e+06,7.649903000000000000e+06,6.397650000000000000e+06,1.342203000000000000e+06,1.342203000000000000e+06,1.933935000000000000e+06,4.881780000000000000e+05,3.954000000000000000e+04,3.954000000000000000e+04,3.931400000000000000e+05,0.000000000000000000e+00,1.325634000000000000e+06,1.325634000000000000e+06,1.247927000000000000e+06,1.248117000000000000e+06,2.687254000000000000e+06,2.687254000000000000e+06,2.307499000000000000e+06,2.307192000000000000e+06,7.353620000000000000e+06,7.353620000000000000e+06,6.212187000000000000e+06,6.358297000000000000e+06
1.780000000000000000e+02,1.157783800000000000e+07,1.157783800000000000e+07,1.063329800000000000e+07,1.008551500000000000e+07,8.127324000000000000e+06,8.127324000000000000e+06,7.555120000000000000e+06,6.265487000000000000e+06,1.335451000000000000e+06,1.335451000000000000e+06,1.933470000000000000e+06,4.789800000000000000e+05,1.263100000000000000e+04,1.263100000000000000e+04,3.685160000000000000e+05,0.000000000000000000e+00,0.000000000000000000e+00,0.000000000000000000e+00,0.000000000000000000e+00,0.000000000000000000e+00,0.000000000000000000e+00,0.000000000000000000e+00,0.000000000000000000e+00,0.000000000000000000e+00,5.869244000000000000e+06,5.869244000000000000e+06,4.935439000000000000e+06,5.087872000000000000e+06
1.790000000000000000e+02,1.164055000000000000e+07,1.164055000000000000e+07,1.069603900000000000e+07,1.012611600000000000e+07,7.999275000000000000e+06,7.999275000000000000e+06,7.463899000000000000e+06,6.137890000000000000e+06,1.326919000000000000e+06,1.326919000000000000e+06,1.930903000000000000e+06,4.688800000000000000e+05,0.000000000000000000e+00,0.000000000000000000e+00,3.434340000000000000e+05,0.000000000000000000e+00,0.000000000000000000e+00,0.000000000000000000e+00,0.000000000000000000e+00,0.000000000000000000e+00,0.000000000000000000e+00,0.000000000000000000e+00,0.000000000000000000e+00,0.000000000000000000e+00,6.062821000000000000e+06,6.062821000000000000e+06,5.099341000000000000e+06,5.258045000000000000e+06
1.800000000000000000e+02,1.167781000000000000e+07,1.167781000000000000e+07,1.074504500000000000e+07,1.015084300000000000e+07,7.861430000000000000e+06,7.861430000000000000e+06,7.367268000000000000e+06,6.004260000000000000e+06,1.318859000000000000e+06,1.318859000000000000e+06,1.929582000000000000e+06,4.583710000000000000e+05,0.000000000000000000e+00,0.000000000000000000e+00,3.182710000000000000e+05,0.000000000000000000e+00,0.000000000000000000e+00,0.000000000000000000e+00,0.000000000000000000e+00,0.000000000000000000e+00,0.000000000000000000e+00,0.000000000000000000e+00,0.000000000000000000e+00,0.000000000000000000e+00,6.246598000000000000e+06,6.246598000000000000e+06,5.257763000000000000e+06,5.422900000000000000e+06
1.810000000000000000e+02,1.171432000000000000e+07,1.171432000000000000e+07,1.079022900000000000e+07,1.017059200000000000e+07,7.723345000000000000e+06,7.723345000000000000e+06,7.274819000000000000e+06,5.869451000000000000e+06,1.311774000000000000e+06,1.311774000000000000e+06,1.929673000000000000e+06,4.480860000000000000e+05,0.000000000000000000e+00,0.000000000000000000e+00,2.915690000000000000e+05,0.000000000000000000e+00,0.000000000000000000e+00,0.000000000000000000e+00,0.000000000000000000e+00,0.000000000000000000e+00,0.000000000000000000e+00,0.000000000000000000e+00,0.000000000000000000e+00,0.000000000000000000e+00,6.433321000000000000e+06,6.433321000000000000e+06,5.416452000000000000e+06,5.587785000000000000e+06
1.820000000000000000e+02,1.173923200000000000e+07,1.173923200000000000e+07,1.082735000000000000e+07,1.018629500000000000e+07,7.575771000000000000e+06,7.575771000000000000e+06,7.170389000000000000e+06,5.729632000000000000e+06,1.298750000000000000e+06,1.298750000000000000e+06,1.921136000000000000e+06,4.350590000000000000e+05,0.000000000000000000e+00,0.000000000000000000e+00,2.662860000000000000e+05,0.000000000000000000e+00,0.000000000000000000e+00,0.000000000000000000e+00,0.000000000000000000e+00,0.000000000000000000e+00,0.000000000000000000e+00,0.000000000000000000e+00,0.000000000000000000e+00,0.000000000000000000e+00,6.617721000000000000e+06,6.617721000000000000e+06,5.570721000000000000e+06,5.748443000000000000e+06
1.830000000000000000e+02,1.176201300000000000e+07,1.176201300000000000e+07,1.086235800000000000e+07,1.019574700000000000e+07,7.434698000000000000e+06,7.434698000000000000e+06,7.067695000000000000e+06,5.591426000000000000e+06,1.286803000000000000e+06,1.286803000000000000e+06,1.914575000000000000e+06,4.231580000000000000e+05,0.000000000000000000e+00,0.000000000000000000e+00,2.398280000000000000e+05,0.000000000000000000e+00,0.000000000000000000e+00,0.000000000000000000e+00,0.000000000000000000e+00,0.000000000000000000e+00,0.000000000000000000e+00,0.000000000000000000e+00,0.000000000000000000e+00,0.000000000000000000e+00,6.800353000000000000e+06,6.800353000000000000e+06,5.724705000000000000e+06,5.908758000000000000e+06
1.840000000000000000e+02,1.176367700000000000e+07,1.176367700000000000e+07,1.088188100000000000e+07,1.018976300000000000e+07,7.286447000000000000e+06,7.286447000000000000e+06,6.960645000000000000e+06,5.447382000000000000e+06,1.275025000000000000e+06,1.275025000000000000e+06,1.907365000000000000e+06,4.117010000000000000e+05,0.000000000000000000e+00,0.000000000000000000e+00,2.137420000000000000e+05,0.000000000000000000e+00,0.000000000000000000e+00,0.000000000000000000e+00,0.000000000000000000e+00,0.000000000000000000e+00,0.000000000000000000e+00,0.000000000000000000e+00,0.000000000000000000e+00,0.000000000000000000e+00,6.970807000000000000e+06,6.970807000000000000e+06,5.870581000000000000e+06,6.061055000000000000e+06
1.850000000000000000e+02,1.177971900000000000e+07,1.177971900000000000e+07,1.090799500000000000e+07,1.019158100000000000e+07,8.406766000000000000e+06,8.406766000000000000e+06,7.861000000000000000e+06,6.425833000000000000e+06,3.429278000000000000e+06,3.429278000000000000e+06,3.635358000000000000e+06,2.277647000000000000e+06,1.128074000000000000e+06,1.128074000000000000e+06,1.160768000000000000e+06,1.020077000000000000e+06,0.000000000000000000e+00,0.000000000000000000e+00,0.000000000000000000e+00,0.000000000000000000e+00,0.000000000000000000e+00,0.000000000000000000e+00,0.000000000000000000e+00,0.000000000000000000e+00,7.149778000000000000e+06,7.149778000000000000e+06,6.021276000000000000e+06,6.217603000000000000e+06
1.860000000000000000e+02,1.178699000000000000e+07,1.178699000000000000e+07,1.092858100000000000e+07,1.018815800000000000e+07,8.521201000000000000e+06,8.521201000000000000e+06,7.960285000000000000e+06,6.515656000000000000e+06,3.794291000000000000e+06,3.794291000000000000e+06,3.927381000000000000e+06,2.592545000000000000e+06,1.283879000000000000e+06,1.283879000000000000e+06,1.267732000000000000e+06,1.162078000000000000e+06,0.000000000000000000e+00,0.000000000000000000e+00,0.000000000000000000e+00,0.000000000000000000e+00,0.000000000000000000e+00,0.000000000000000000e+00,0.000000000000000000e+00,0.000000000000000000e+00,7.322185000000000000e+06,7.322185000000000000e+06,6.169690000000000000e+06,6.373166000000000000e+06
1.870000000000000000e+02,1.177321200000000000e+07,1.177321200000000000e+07,1.093468700000000000e+07,1.016888000000000000e+07,8.604099000000000000e+06,8.604099000000000000e+06,8.038865000000000000e+06,6.582215000000000000e+06,4.099517000000000000e+06,4.099517000000000000e+06,4.176187000000000000e+06,2.859547000000000000e+06,1.400993000000000000e+06,1.400993000000000000e+06,1.340291000000000000e+06,1.267396000000000000e+06,0.000000000000000000e+00,0.000000000000000000e+00,0.000000000000000000e+00,0.000000000000000000e+00,0.000000000000000000e+00,0.000000000000000000e+00,0.000000000000000000e+00,0.000000000000000000e+00,7.487218000000000000e+06,7.487218000000000000e+06,6.308939000000000000e+06,6.518900000000000000e+06
1.880000000000000000e+02,1.177447900000000000e+07,1.177447900000000000e+07,1.094685000000000000e+07,1.015639500000000000e+07,8.696302000000000000e+06,8.696302000000000000e+06,8.118386000000000000e+06,6.651845000000000000e+06,4.390029000000000000e+06,4.390029000000000000e+06,4.407943000000000000e+06,3.110217000000000000e+06,1.499050000000000000e+06,1.499050000000000000e+06,1.395911000000000000e+06,1.356099000000000000e+06,0.000000000000000000e+00,0.000000000000000000e+00,0.000000000000000000e+00,0.000000000000000000e+00,0.000000000000000000e+00,0.000000000000000000e+00,0.000000000000000000e+00,0.000000000000000000e+00,7.655018000000000000e+06,7.655018000000000000e+06,6.452596000000000000e+06,6.669301000000000000e+06
1.890000000000000000e+02,1.174775400000000000e+07,1.174775400000000000e+07,1.094335800000000000e+07,1.012896200000000000e+07,8.765213000000000000e+06,8.765213000000000000e+06,8.181400000000000000e+06,6.705575000000000000e+06,4.638510000000000000e+06,4.638510000000000000e+06,4.608643000000000000e+06,3.329118000000000000e+06,1.571183000000000000e+06,1.571183000000000000e+06,1.428288000000000000e+06,1.420208000000000000e+06,0.000000000000000000e+00,0.000000000000000000e+00,0.000000000000000000e+00,0.000000000000000000e+00,0.000000000000000000e+00,0.000000000000000000e+00,0.000000000000000000e+00,0.000000000000000000e+00,7.814463000000000000e+06,7.814463000000000000e+06,6.587029000000000000e+06,6.810108000000000000e+06
1.900000000000000000e+02,1.172369600000000000e+07,1.172369600000000000e+07,1.093269000000000000e+07,1.009322800000000000e+07,8.832687000000000000e+06,8.832687000000000000e+06,8.243428000000000000e+06,6.757185000000000000e+06,4.878819000000000000e+06,4.878819000000000000e+06,4.797205000000000000e+06,3.533687000000000000e+06,1.627366000000000000e+06,1.627366000000000000e+06,1.446869000000000000e+06,1.470245000000000000e+06,0.000000000000000000e+00,0.000000000000000000e+00,0.000000000000000000e+00,0.000000000000000000e+00,0.000000000000000000e+00,0.000000000000000000e+00,0.000000000000000000e+00,0.000000000000000000e+00,7.975640000000000000e+06,7.975640000000000000e+06,6.728252000000000000e+06,6.945555000000000000e+06
1.910000000000000000e+02,1.169200000000000000e+07,1.169200000000000000e+07,1.092098900000000000e+07,1.005660500000000000e+07,8.892859000000000000e+06,8.892859000000000000e+06,8.296459000000000000e+06,6.801544000000000000e+06,5.087175000000000000e+06,5.087175000000000000e+06,4.961931000000000000e+06,3.714515000000000000e+06,1.664375000000000000e+06,1.664375000000000000e+06,1.446165000000000000e+06,1.502521000000000000e+06,0.000000000000000000e+00,0.000000000000000000e+00,0.000000000000000000e+00,0.000000000000000000e+00,0.000000000000000000e+00,0.000000000000000000e+00,0.000000000000000000e+00,0.000000000000000000e+00,8.127053000000000000e+06,8.127053000000000000e+06,6.887734000000000000e+06,7.080322000000000000e+06
1.920000000000000000e+02,1.170037700000000000e+07,1.170037700000000000e+07,1.090780500000000000e+07,1.001838700000000000e+07,8.955498000000000000e+06,8.955498000000000000e+06,8.351750000000000000e+06,6.848335000000000000e+06,5.280274000000000000e+06,5.280274000000000000e+06,5.117674000000000000e+06,3.885615000000000000e+06,1.688562000000000000e+06,1.688562000000000000e+06,1.461214000000000000e+06,1.523839000000000000e+06,0.000000000000000000e+00,0.000000000000000000e+00,0.000000000000000000e+00,0.000000000000000000e+00,1.518820000000000000e+05,1.518820000000000000e+05,0.000000000000000000e+00,0.000000000000000000e+00,8.277105000000000000e+06,8.277105000000000000e+06,7.045044000000000000e+06,7.212098000000000000e+06
1.930000000000000000e+02,1.172094800000000000e+07,1.172094800000000000e+07,1.093601100000000000e+07,1.002773900000000000e+07,9.015247000000000000e+06,9.015247000000000000e+06,8.405102000000000000e+06,6.892933000000000000e+06,5.461764000000000000e+06,5.461764000000000000e+06,5.260947000000000000e+06,4.043674000000000000e+06,1.699317000000000000e+06,1.699317000000000000e+06,1.471508000000000000e+06,1.533875000000000000e+06,0.000000000000000000e+00,0.000000000000000000e+00,0.000000000000000000e+00,0.000000000000000000e+00,3.062800000000000000e+05,3.062800000000000000e+05,1.398430000000000000e+05,1.446920000000000000e+05,8.413337000000000000e+06,8.413337000000000000e+06,7.199202000000000000e+06,7.339444000000000000e+06
1.940000000000000000e+02,1.174095800000000000e+07,1.174095800000000000e+07,1.096645500000000000e+07,1.003904200000000000e+07,9.059876000000000000e+06,9.059876000000000000e+06,8.448756000000000000e+06,6.930113000000000000e+06,5.627393000000000000e+06,5.627393000000000000e+06,5.384337000000000000e+06,4.182256000000000000e+06,1.705694000000000000e+06,1.705694000000000000e+06,1.468479000000000000e+06,1.530781000000000000e+06,0.000000000000000000e+00,0.000000000000000000e+00,0.000000000000000000e+00,0.000000000000000000e+00,4.692180000000000000e+05,4.692180000000000000e+05,2.829140000000000000e+05,2.916360000000000000e+05,8.555722000000000000e+06,8.555722000000000000e+06,7.351264000000000000e+06,7.463856000000000000e+06
1.950000000000000000e+02,1.175125900000000000e+07,1.175125900000000000e+07,1.098901200000000000e+07,1.004078000000000000e+07,9.112480000000000000e+06,9.112480000000000000e+06,8.485936000000000000e+06,6.959100000000000000e+06,5.765671000000000000e+06,5.765671000000000000e+06,5.492099000000000000e+06,4.302884000000000000e+06,1.691611000000000000e+06,1.691611000000000000e+06,1.454406000000000000e+06,1.515871000000000000e+06,0.000000000000000000e+00,0.000000000000000000e+00,0.000000000000000000e+00,0.000000000000000000e+00,6.299510000000000000e+05,6.299510000000000000e+05,4.263620000000000000e+05,4.389140000000000000e+05,8.683167000000000000e+06,8.683167000000000000e+06,7.491775000000000000e+06,7.575275000000000000e+06
1.960000000000000000e+02,1.177660800000000000e+07,1.177660800000000000e+07,1.102336900000000000e+07,1.005644200000000000e+07,9.164036000000000000e+06,9.164036000000000000e+06,8.528361000000000000e+06,6.995775000000000000e+06,5.899953000000000000e+06,5.899953000000000000e+06,5.595496000000000000e+06,4.420935000000000000e+06,1.668477000000000000e+06,1.668477000000000000e+06,1.434619000000000000e+06,1.495021000000000000e+06,0.000000000000000000e+00,0.000000000000000000e+00,0.000000000000000000e+00,0.000000000000000000e+00,7.946770000000000000e+05,7.946770000000000000e+05,5.719160000000000000e+05,5.881630000000000000e+05,8.818793000000000000e+06,8.818793000000000000e+06,7.639731000000000000e+06,7.693159000000000000e+06
1.970000000000000000e+02,1.178973200000000000e+07,1.178973200000000000e+07,1.104683200000000000e+07,1.006062700000000000e+07,9.213501000000000000e+06,9.213501000000000000e+06,8.571506000000000000e+06,7.034052000000000000e+06,6.024070000000000000e+06,6.024070000000000000e+06,5.695446000000000000e+06,4.535184000000000000e+06,1.641236000000000000e+06,1.641236000000000000e+06,1.409429000000000000e+06,1.468164000000000000e+06,0.000000000000000000e+00,0.000000000000000000e+00,0.000000000000000000e+00,0.000000000000000000e+00,9.685260000000000000e+05,9.685260000000000000e+05,7.179840000000000000e+05,7.376630000000000000e+05,8.935241000000000000e+06,8.935241000000000000e+06,7.773024000000000000e+06,7.795880000000000000e+06
1.980000000000000000e+02,1.181504600000000000e+07,1.181504600000000000e+07,1.108022100000000000e+07,1.007639400000000000e+07,9.255666000000000000e+06,9.255666000000000000e+06,8.608651000000000000e+06,7.067064000000000000e+06,6.134986000000000000e+06,6.134986000000000000e+06,5.777121000000000000e+06,4.630455000000000000e+06,1.600768000000000000e+06,1.600768000000000000e+06,1.373651000000000000e+06,1.430778000000000000e+06,0.000000000000000000e+00,0.000000000000000000e+00,0.000000000000000000e+00,0.000000000000000000e+00,1.136857000000000000e+06,1.136857000000000000e+06,8.648210000000000000e+05,8.887960000000000000e+05,9.057384000000000000e+06,9.057384000000000000e+06,7.912953000000000000e+06,7.903952000000000000e+06
1.990000000000000000e+02,1.182889900000000000e+07,1.182889900000000000e+07,1.110726400000000000e+07,1.008535100000000000e+07,9.295501000000000000e+06,9.295501000000000000e+06,8.642100000000000000e+06,7.096217000000000000e+06,6.232498000000000000e+06,6.232498000000000000e+06,5.848175000000000000e+06,4.714757000000000000e+06,1.548742000000000000e+06,1.548742000000000000e+06,1.331003000000000000e+06,1.385947000000000000e+06,0.000000000000000000e+00,0.000000000000000000e+00,0.000000000000000000e+00,0.000000000000000000e+00,1.305239000000000000e+06,1.305239000000000000e+06,1.012847000000000000e+06,1.040775000000000000e+06,9.166619000000000000e+06,9.166619000000000000e+06,8.042000000000000000e+06,8.000816000000000000e+06
2.000000000000000000e+02,1.184697800000000000e+07,1.184697800000000000e+07,1.113293900000000000e+07,1.009309500000000000e+07,9.332912000000000000e+06,9.332912000000000000e+06,8.666437000000000000e+06,7.116699000000000000e+06,6.305474000000000000e+06,6.305474000000000000e+06,5.902132000000000000e+06,4.780898000000000000e+06,1.499880000000000000e+06,1.499880000000000000e+06,1.279354000000000000e+06,1.332191000000000000e+06,0.000000000000000000e+00,0.000000000000000000e+00,0.000000000000000000e+00,0.000000000000000000e+00,1.468334000000000000e+06,1.468334000000000000e+06,1.161079000000000000e+06,1.193181000000000000e+06,9.264144000000000000e+06,9.264144000000000000e+06,8.168040000000000000e+06,8.092007000000000000e+06
2.010000000000000000e+02,1.185719100000000000e+07,1.185719100000000000e+07,1.115831900000000000e+07,1.010060500000000000e+07,9.368252000000000000e+06,9.368252000000000000e+06,8.695187000000000000e+06,7.141866000000000000e+06,6.373207000000000000e+06,6.373207000000000000e+06,5.953166000000000000e+06,4.844382000000000000e+06,1.436385000000000000e+06,1.436385000000000000e+06,1.223954000000000000e+06,1.274448000000000000e+06,0.000000000000000000e+00,0.000000000000000000e+00,0.000000000000000000e+00,0.000000000000000000e+00,1.643847000000000000e+06,1.643847000000000000e+06,1.309505000000000000e+06,1.345537000000000000e+06,9.362958000000000000e+06,9.362958000000000000e+06,8.287847000000000000e+06,8.176652000000000000e+06
2.020000000000000000e+02,1.187974000000000000e+07,1.187974000000000000e+07,1.118378600000000000e+07,1.011120600000000000e+07,9.402648000000000000e+06,9.402648000000000000e+06,8.721485000000000000e+06,7.168289000000000000e+06,6.442035000000000000e+06,6.442035000000000000e+06,5.996886000000000000e+06,4.902066000000000000e+06,1.371383000000000000e+06,1.371383000000000000e+06,1.164005000000000000e+06,1.211547000000000000e+06,0.000000000000000000e+00,0.000000000000000000e+00,0.000000000000000000e+00,0.000000000000000000e+00,1.814372000000000000e+06,1.814372000000000000e+06,1.459085000000000000e+06,1.499228000000000000e+06,9.455085000000000000e+06,9.455085000000000000e+06,8.405540000000000000e+06,8.258982000000000000e+06
2.030000000000000000e+02,1.189514300000000000e+07,1.189514300000000000e+07,1.120992800000000000e+07,1.012215400000000000e+07,9.440320000000000000e+06,9.440320000000000000e+06,8.746035000000000000e+06,7.192559000000000000e+06,6.484036000000000000e+06,6.484036000000000000e+06,6.030979000000000000e+06,4.947750000000000000e+06,1.299033000000000000e+06,1.299033000000000000e+06,1.098408000000000000e+06,1.143111000000000000e+06,0.000000000000000000e+00,0.000000000000000000e+00,0.000000000000000000e+00,0.000000000000000000e+00,1.987706000000000000e+06,1.987706000000000000e+06,1.608747000000000000e+06,1.653138000000000000e+06,9.538448000000000000e+06,9.538448000000000000e+06,8.519106000000000000e+06,8.335914000000000000e+06
2.040000000000000000e+02,1.191789200000000000e+07,1.191789200000000000e+07,1.124103300000000000e+07,1.013603900000000000e+07,9.470080000000000000e+06,9.470080000000000000e+06,8.772919000000000000e+06,7.217225000000000000e+06,6.535510000000000000e+06,6.535510000000000000e+06,6.058413000000000000e+06,5.011848000000000000e+06,1.213981000000000000e+06,1.213981000000000000e+06,1.027801000000000000e+06,1.069741000000000000e+06,0.000000000000000000e+00,0.000000000000000000e+00,0.000000000000000000e+00,0.000000000000000000e+00,2.158118000000000000e+06,2.158118000000000000e+06,1.758616000000000000e+06,1.807451000000000000e+06,9.622353000000000000e+06,9.622353000000000000e+06,8.630579000000000000e+06,8.409349000000000000e+06
2.050000000000000000e+02,1.193903100000000000e+07,1.193903100000000000e+07,1.126810300000000000e+07,1.014859600000000000e+07,9.505877000000000000e+06,9.505877000000000000e+06,8.790352000000000000e+06,7.235223000000000000e+06,6.554763000000000000e+06,6.554763000000000000e+06,6.072490000000000000e+06,5.064040000000000000e+06,1.137488000000000000e+06,1.137488000000000000e+06,9.521580000000000000e+05,9.909060000000000000e+05,0.000000000000000000e+00,0.000000000000000000e+00,0.000000000000000000e+00,0.000000000000000000e+00,2.334123000000000000e+06,2.334123000000000000e+06,1.908705000000000000e+06,1.962041000000000000e+06,9.722385000000000000e+06,9.722385000000000000e+06,8.737195000000000000e+06,8.477576000000000000e+06
2.060000000000000000e+02,1.194303400000000000e+07,1.194303400000000000e+07,1.128399400000000000e+07,1.014889600000000000e+07,9.519709000000000000e+06,9.519709000000000000e+06,8.800165000000000000e+06,7.245686000000000000e+06,6.574321000000000000e+06,6.574321000000000000e+06,6.073692000000000000e+06,5.102867000000000000e+06,1.048259000000000000e+06,1.048259000000000000e+06,8.716650000000000000e+05,9.068650000000000000e+05,0.000000000000000000e+00,0.000000000000000000e+00,0.000000000000000000e+00,0.000000000000000000e+00,2.497488000000000000e+06,2.497488000000000000e+06,2.056216000000000000e+06,2.113500000000000000e+06,9.814220000000000000e+06,9.814220000000000000e+06,8.827476000000000000e+06,8.528100000000000000e+06
2.070000000000000000e+02,1.196330800000000000e+07,1.196330800000000000e+07,1.131287400000000000e+07,1.016455500000000000e+07,9.547590000000000000e+06,9.547590000000000000e+06,8.817404000000000000e+06,7.264709000000000000e+06,6.582968000000000000e+06,6.582968000000000000e+06,6.074037000000000000e+06,5.141552000000000000e+06,9.533690000000000000e+05,9.533690000000000000e+05,7.888780000000000000e+05,8.205000000000000000e+05,0.000000000000000000e+00,0.000000000000000000e+00,0.000000000000000000e+00,0.000000000000000000e+00,2.676264000000000000e+06,2.676264000000000000e+06,2.205946000000000000e+06,2.267986000000000000e+06,9.918015000000000000e+06,9.918015000000000000e+06,8.926488000000000000e+06,8.586783000000000000e+06
2.080000000000000000e+02,1.196912600000000000e+07,1.196912600000000000e+07,1.132624900000000000e+07,1.016589300000000000e+07,9.563857000000000000e+06,9.563857000000000000e+06,8.819770000000000000e+06,7.269859000000000000e+06,6.568595000000000000e+06,6.568595000000000000e+06,6.057620000000000000e+06,5.163697000000000000e+06,8.595020000000000000e+05,8.595020000000000000e+05,7.011150000000000000e+05,7.292990000000000000e+05,0.000000000000000000e+00,0.000000000000000000e+00,0.000000000000000000e+00,0.000000000000000000e+00,2.843956000000000000e+06,2.843956000000000000e+06,2.352434000000000000e+06,2.418475000000000000e+06,9.997391000000000000e+06,9.997391000000000000e+06,9.007952000000000000e+06,8.627442000000000000e+06
2.090000000000000000e+02,1.199313600000000000e+07,1.199313600000000000e+07,1.135524600000000000e+07,1.018151900000000000e+07,9.580788000000000000e+06,9.580788000000000000e+06,8.828085000000000000e+06,7.280414000000000000e+06,6.563495000000000000e+06,6.563495000000000000e+06,6.038898000000000000e+06,5.182381000000000000e+06,7.603960000000000000e+05,7.603960000000000000e+05,6.114000000000000000e+05,6.355760000000000000e+05,0.000000000000000000e+00,0.000000000000000000e+00,0.000000000000000000e+00,0.000000000000000000e+00,3.010500000000000000e+06,3.010500000000000000e+06,2.501788000000000000e+06,2.572541000000000000e+06,1.009129300000000000e+07,1.009129300000000000e+07,9.098386000000000000e+06,8.675870000000000000e+06
2.100000000000000000e+02,1.200317900000000000e+07,1.200317900000000000e+07,1.137327900000000000e+07,1.018778500000000000e+07,9.598065000000000000e+06,9.598065000000000000e+06,8.835445000000000000e+06,7.291879000000000000e+06,6.545855000000000000e+06,6.545855000000000000e+06,6.015728000000000000e+06,5.197158000000000000e+06,6.510950000000000000e+05,6.510950000000000000e+05,5.184040000000000000e+05,5.393480000000000000e+05,0.000000000000000000e+00,0.000000000000000000e+00,0.000000000000000000e+00,0.000000000000000000e+00,3.182175000000000000e+06,3.182175000000000000e+06,2.646773000000000000e+06,2.721868000000000000e+06,1.016349900000000000e+07,1.016349900000000000e+07,9.171725000000000000e+06,8.706463000000000000e+06
2.110000000000000000e+02,1.201328100000000000e+07,1.201328100000000000e+07,1.139056900000000000e+07,1.019312800000000000e+07,9.610509000000000000e+06,9.610509000000000000e+06,8.838791000000000000e+06,7.299592000000000000e+06,6.517196000000000000e+06,6.517196000000000000e+06,5.983771000000000000e+06,5.203343000000000000e+06,5.477390000000000000e+05,5.477390000000000000e+05,4.232760000000000000e+05,4.405430000000000000e+05,0.000000000000000000e+00,0.000000000000000000e+00,0.000000000000000000e+00,0.000000000000000000e+00,3.351500000000000000e+06,3.351500000000000000e+06,2.790432000000000000e+06,2.870090000000000000e+06,1.022863700000000000e+07,1.022863700000000000e+07,9.239724000000000000e+06,8.730806000000000000e+06
2.120000000000000000e+02,1.202442800000000000e+07,1.202442800000000000e+07,1.140906600000000000e+07,1.020010300000000000e+07,9.620452000000000000e+06,9.620452000000000000e+06,8.839892000000000000e+06,7.305087000000000000e+06,6.478226000000000000e+06,6.478226000000000000e+06,5.944216000000000000e+06,5.201126000000000000e+06,4.405770000000000000e+05,4.405770000000000000e+05,3.254350000000000000e+05,3.388510000000000000e+05,0.000000000000000000e+00,0.000000000000000000e+00,0.000000000000000000e+00,0.000000000000000000e+00,3.518007000000000000e+06,3.518007000000000000e+06,2.932715000000000000e+06,3.017199000000000000e+06,1.028885800000000000e+07,1.028885800000000000e+07,9.303597000000000000e+06,8.749916000000000000e+06
2.130000000000000000e+02,1.203249600000000000e+07,1.203249600000000000e+07,1.142589900000000000e+07,1.020597900000000000e+07,9.627227000000000000e+06,9.627227000000000000e+06,8.832067000000000000e+06,7.301889000000000000e+06,6.424551000000000000e+06,6.424551000000000000e+06,5.892104000000000000e+06,5.186316000000000000e+06,3.293830000000000000e+05,3.293830000000000000e+05,2.253610000000000000e+05,2.345370000000000000e+05,0.000000000000000000e+00,0.000000000000000000e+00,0.000000000000000000e+00,0.000000000000000000e+00,3.681733000000000000e+06,3.681733000000000000e+06,3.074702000000000000e+06,3.163326000000000000e+06,1.034527700000000000e+07,1.034527700000000000e+07,9.363993000000000000e+06,8.765312000000000000e+06
2.140000000000000000e+02,1.204779300000000000e+07,1.204779300000000000e+07,1.144493100000000000e+07,1.021355100000000000e+07,9.635206000000000000e+06,9.635206000000000000e+06,8.829701000000000000e+06,7.303613000000000000e+06,6.369414000000000000e+06,6.369414000000000000e+06,5.839808000000000000e+06,5.169872000000000000e+06,2.184310000000000000e+05,2.184310000000000000e+05,1.234930000000000000e+05,1.288530000000000000e+05,0.000000000000000000e+00,0.000000000000000000e+00,0.000000000000000000e+00,0.000000000000000000e+00,3.845360000000000000e+06,3.845360000000000000e+06,3.213979000000000000e+06,3.307222000000000000e+06,1.039312100000000000e+07,1.039312100000000000e+07,9.417203000000000000e+06,8.772065000000000000e+06
2.150000000000000000e+02,1.205416900000000000e+07,1.205416900000000000e+07,1.145677500000000000e+07,1.021769700000000000e+07,9.629457000000000000e+06,9.629457000000000000e+06,8.847440000000000000e+06,7.329868000000000000e+06,6.298462000000000000e+06,6.298462000000000000e+06,5.773719000000000000e+06,5.141778000000000000e+06,1.022620000000000000e+05,1.022620000000000000e+05,1.523100000000000000e+04,1.623100000000000000e+04,0.000000000000000000e+00,0.000000000000000000e+00,0.000000000000000000e+00,0.000000000000000000e+00,4.005685000000000000e+06,4.005685000000000000e+06,3.352120000000000000e+06,3.449848000000000000e+06,1.043565700000000000e+07,1.043565700000000000e+07,9.464893000000000000e+06,8.774294000000000000e+06
2.160000000000000000e+02,1.206170800000000000e+07,1.206170800000000000e+07,1.147418400000000000e+07,1.022505900000000000e+07,9.643746000000000000e+06,9.643746000000000000e+06,8.949865000000000000e+06,7.446659000000000000e+06,6.230009000000000000e+06,6.230009000000000000e+06,5.707836000000000000e+06,5.112218000000000000e+06,0.000000000000000000e+00,0.000000000000000000e+00,0.000000000000000000e+00,0.000000000000000000e+00,0.000000000000000000e+00,0.000000000000000000e+00,0.000000000000000000e+00,0.000000000000000000e+00,4.163627000000000000e+06,4.163627000000000000e+06,3.487638000000000000e+06,3.589902000000000000e+06,1.046870200000000000e+07,1.046870200000000000e+07,9.507696000000000000e+06,8.769550000000000000e+06
2.170000000000000000e+02,1.207331900000000000e+07,1.207331900000000000e+07,1.149025600000000000e+07,1.023177600000000000e+07,9.766456000000000000e+06,9.766456000000000000e+06,9.040199000000000000e+06,7.550242000000000000e+06,6.147347000000000000e+06,6.147347000000000000e+06,5.629899000000000000e+06,5.070272000000000000e+06,0.000000000000000000e+00,0.000000000000000000e+00,0.000000000000000000e+00,0.000000000000000000e+00,0.000000000000000000e+00,0.000000000000000000e+00,0.000000000000000000e+00,0.000000000000000000e+00,4.318981000000000000e+06,4.318981000000000000e+06,3.621440000000000000e+06,3.728228000000000000e+06,1.049635000000000000e+07,1.049635000000000000e+07,9.546557000000000000e+06,8.760082000000000000e+06
2.180000000000000000e+02,1.206821400000000000e+07,1.206821400000000000e+07,1.149216200000000000e+07,1.022685100000000000e+07,9.870714000000000000e+06,9.870714000000000000e+06,9.120532000000000000e+06,7.647194000000000000e+06,6.056882000000000000e+06,6.056882000000000000e+06,5.545039000000000000e+06,5.021477000000000000e+06,0.000000000000000000e+00,0.000000000000000000e+00,0.000000000000000000e+00,0.000000000000000000e+00,0.000000000000000000e+00,0.000000000000000000e+00,0.000000000000000000e+00,0.000000000000000000e+00,4.464801000000000000e+06,4.464801000000000000e+06,3.747383000000000000e+06,3.858703000000000000e+06,1.050615800000000000e+07,1.050615800000000000e+07,9.565669000000000000e+06,8.731579000000000000e+06
2.190000000000000000e+02,1.208108200000000000e+07,1.208108200000000000e+07,1.150917500000000000e+07,1.023457600000000000e+07,9.981073000000000000e+06,9.981073000000000000e+06,9.201053000000000000e+06,7.741024000000000000e+06,5.959992000000000000e+06,5.959992000000000000e+06,5.456404000000000000e+06,4.968106000000000000e+06,0.000000000000000000e+00,0.000000000000000000e+00,0.000000000000000000e+00,0.000000000000000000e+00,0.000000000000000000e+00,0.000000000000000000e+00,0.000000000000000000e+00,0.000000000000000000e+00,4.618437000000000000e+06,4.618437000000000000e+06,3.876562000000000000e+06,3.992799000000000000e+06,1.052776600000000000e+07,1.052776600000000000e+07,9.595276000000000000e+06,8.711489000000000000e+06
2.200000000000000000e+02,1.208867000000000000e+07,1.208867000000000000e+07,1.151687800000000000e+07,1.023648800000000000e+07,1.007592200000000000e+07,1.007592200000000000e+07,9.272750000000000000e+06,7.829725000000000000e+06,5.860026000000000000e+06,5.860026000000000000e+06,5.361941000000000000e+06,4.910124000000000000e+06,0.000000000000000000e+00,0.000000000000000000e+00,0.000000000000000000e+00,0.000000000000000000e+00,0.000000000000000000e+00,0.000000000000000000e+00,0.000000000000000000e+00,0.000000000000000000e+00,4.762465000000000000e+06,4.762465000000000000e+06,3.999880000000000000e+06,4.120685000000000000e+06,1.052884700000000000e+07,1.052884700000000000e+07,9.611258000000000000e+06,8.678806000000000000e+06
2.210000000000000000e+02,1.208988400000000000e+07,1.208988400000000000e+07,1.152699300000000000e+07,1.023871400000000000e+07,1.017222800000000000e+07,1.017222800000000000e+07,9.346159000000000000e+06,7.916637000000000000e+06,5.753740000000000000e+06,5.753740000000000000e+06,5.265592000000000000e+06,4.847727000000000000e+06,0.000000000000000000e+00,0.000000000000000000e+00,0.000000000000000000e+00,0.000000000000000000e+00,0.000000000000000000e+00,0.000000000000000000e+00,0.000000000000000000e+00,0.000000000000000000e+00,4.899383000000000000e+06,4.899383000000000000e+06,4.117592000000000000e+06,4.242708000000000000e+06,1.052324300000000000e+07,1.052324300000000000e+07,9.617839000000000000e+06,8.633963000000000000e+06
2.220000000000000000e+02,1.209761400000000000e+07,1.209761400000000000e+07,1.153407500000000000e+07,1.024114100000000000e+07,1.026202800000000000e+07,1.026202800000000000e+07,9.407577000000000000e+06,7.995357000000000000e+06,5.641496000000000000e+06,5.641496000000000000e+06,5.161777000000000000e+06,4.778875000000000000e+06,0.000000000000000000e+00,0.000000000000000000e+00,0.000000000000000000e+00,0.000000000000000000e+00,0.000000000000000000e+00,0.000000000000000000e+00,0.000000000000000000e+00,0.000000000000000000e+00,5.035432000000000000e+06,5.035432000000000000e+06,4.234046000000000000e+06,4.363491000000000000e+06,1.051226600000000000e+07,1.051226600000000000e+07,9.621477000000000000e+06,8.587883000000000000e+06
2.230000000000000000e+02,1.209658400000000000e+07,1.209658400000000000e+07,1.153745900000000000e+07,1.023947200000000000e+07,1.033393200000000000e+07,1.033393200000000000e+07,9.460512000000000000e+06,8.064158000000000000e+06,5.518851000000000000e+06,5.518851000000000000e+06,5.050803000000000000e+06,4.701939000000000000e+06,0.000000000000000000e+00,0.000000000000000000e+00,0.000000000000000000e+00,0.000000000000000000e+00,0.000000000000000000e+00,0.000000000000000000e+00,0.000000000000000000e+00,0.000000000000000000e+00,5.163783000000000000e+06,5.163783000000000000e+06,4.344281000000000000e+06,4.478238000000000000e+06,1.048560900000000000e+07,1.048560900000000000e+07,9.616028000000000000e+06,8.543984000000000000e+06
2.240000000000000000e+02,1.210306700000000000e+07,1.210306700000000000e+07,1.154858500000000000e+07,1.024655300000000000e+07,1.041359400000000000e+07,1.041359400000000000e+07,9.515278000000000000e+06,8.135333000000000000e+06,5.417331000000000000e+06,5.417331000000000000e+06,4.940776000000000000e+06,4.625587000000000000e+06,0.000000000000000000e+00,0.000000000000000000e+00,0.000000000000000000e+00,0.000000000000000000e+00,0.000000000000000000e+00,0.000000000000000000e+00,0.000000000000000000e+00,0.000000000000000000e+00,5.289607000000000000e+06,5.289607000000000000e+06,4.455604000000000000e+06,4.593610000000000000e+06,1.047108100000000000e+07,1.047108100000000000e+07,9.611448000000000000e+06,8.518983000000000000e+06
2.250000000000000000e+02,1.210516000000000000e+07,1.210516000000000000e+07,1.155076400000000000e+07,1.024503300000000000e+07,1.047149500000000000e+07,1.047149500000000000e+07,9.554734000000000000e+06,8.190309000000000000e+06,5.319667000000000000e+06,5.319667000000000000e+06,4.819248000000000000e+06,4.537876000000000000e+06,0.000000000000000000e+00,0.000000000000000000e+00,0.000000000000000000e+00,0.000000000000000000e+00,0.000000000000000000e+00,0.000000000000000000e+00,0.000000000000000000e+00,0.000000000000000000e+00,5.409514000000000000e+06,5.409514000000000000e+06,4.558579000000000000e+06,4.701338000000000000e+06,1.043676300000000000e+07,1.043676300000000000e+07,9.596433000000000000e+06,8.483561000000000000e+06
2.260000000000000000e+02,1.210681300000000000e+07,1.210681300000000000e+07,1.155404500000000000e+07,1.024441900000000000e+07,1.053035700000000000e+07,1.053035700000000000e+07,9.589296000000000000e+06,8.241012000000000000e+06,5.215743000000000000e+06,5.215743000000000000e+06,4.697471000000000000e+06,4.448685000000000000e+06,0.000000000000000000e+00,0.000000000000000000e+00,0.000000000000000000e+00,0.000000000000000000e+00,0.000000000000000000e+00,0.000000000000000000e+00,0.000000000000000000e+00,0.000000000000000000e+00,5.533683000000000000e+06,5.533683000000000000e+06,4.658612000000000000e+06,4.805621000000000000e+06,1.039851600000000000e+07,1.039851600000000000e+07,9.575901000000000000e+06,8.441613000000000000e+06
2.270000000000000000e+02,1.210707500000000000e+07,1.210707500000000000e+07,1.155703600000000000e+07,1.024428700000000000e+07,1.057570900000000000e+07,1.057570900000000000e+07,9.621946000000000000e+06,8.289930000000000000e+06,5.099650000000000000e+06,5.099650000000000000e+06,4.569271000000000000e+06,4.352854000000000000e+06,0.000000000000000000e+00,0.000000000000000000e+00,0.000000000000000000e+00,0.000000000000000000e+00,0.000000000000000000e+00,0.000000000000000000e+00,0.000000000000000000e+00,0.000000000000000000e+00,5.644535000000000000e+06,5.644535000000000000e+06,4.750562000000000000e+06,4.901642000000000000e+06,1.034724200000000000e+07,1.034724200000000000e+07,9.546001000000000000e+06,8.388869000000000000e+06
2.280000000000000000e+02,1.210335100000000000e+07,1.210335100000000000e+07,1.155561900000000000e+07,1.024273200000000000e+07,1.061418900000000000e+07,1.061418900000000000e+07,9.641424000000000000e+06,8.327348000000000000e+06,4.987215000000000000e+06,4.987215000000000000e+06,4.436913000000000000e+06,4.253291000000000000e+06,0.000000000000000000e+00,0.000000000000000000e+00,0.000000000000000000e+00,0.000000000000000000e+00,0.000000000000000000e+00,0.000000000000000000e+00,0.000000000000000000e+00,0.000000000000000000e+00,5.749731000000000000e+06,5.749731000000000000e+06,4.841034000000000000e+06,4.996468000000000000e+06,1.029535700000000000e+07,1.029535700000000000e+07,9.512867000000000000e+06,8.336446000000000000e+06
2.290000000000000000e+02,1.210041300000000000e+07,1.210041300000000000e+07,1.155171500000000000e+07,1.023531400000000000e+07,1.063595700000000000e+07,1.063595700000000000e+07,9.655410000000000000e+06,8.355557000000000000e+06,4.870038000000000000e+06,4.870038000000000000e+06,4.298276000000000000e+06,4.146490000000000000e+06,0.000000000000000000e+00,0.000000000000000000e+00,0.000000000000000000e+00,0.000000000000000000e+00,0.000000000000000000e+00,0.000000000000000000e+00,0.000000000000000000e+00,0.000000000000000000e+00,5.843680000000000000e+06,5.843680000000000000e+06,4.920470000000000000e+06,5.079834000000000000e+06,1.022321700000000000e+07,1.022321700000000000e+07,9.467033000000000000e+06,8.266904000000000000e+06
2.300000000000000000e+02,1.210488800000000000e+07,1.210488800000000000e+07,1.155520600000000000e+07,1.023656700000000000e+07,1.066921900000000000e+07,1.066921900000000000e+07,9.669222000000000000e+06,8.384429000000000000e+06,4.749353000000000000e+06,4.749353000000000000e+06,4.161686000000000000e+06,4.040331000000000000e+06,0.000000000000000000e+00,0.000000000000000000e+00,0.000000000000000000e+00,0.000000000000000000e+00,0.000000000000000000e+00,0.000000000000000000e+00,0.000000000000000000e+00,0.000000000000000000e+00,5.937342000000000000e+06,5.937342000000000000e+06,4.999697000000000000e+06,5.162782000000000000e+06,1.015994200000000000e+07,1.015994200000000000e+07,9.424091000000000000e+06,8.201054000000000000e+06
2.310000000000000000e+02,1.209554500000000000e+07,1.209554500000000000e+07,1.154864200000000000e+07,1.023082100000000000e+07,1.068398900000000000e+07,1.068398900000000000e+07,9.669676000000000000e+06,8.402712000000000000e+06,4.622515000000000000e+06,4.622515000000000000e+06,4.019097000000000000e+06,3.928412000000000000e+06,0.000000000000000000e+00,0.000000000000000000e+00,0.000000000000000000e+00,0.000000000000000000e+00,0.000000000000000000e+00,0.000000000000000000e+00,0.000000000000000000e+00,0.000000000000000000e+00,6.019198000000000000e+06,6.019198000000000000e+06,5.070612000000000000e+06,5.237571000000000000e+06,1.007502900000000000e+07,1.007502900000000000e+07,9.368226000000000000e+06,8.124669000000000000e+06
2.320000000000000000e+02,1.209962800000000000e+07,1.209962800000000000e+07,1.154915600000000000e+07,1.022978800000000000e+07,1.069594900000000000e+07,1.069594900000000000e+07,9.672531000000000000e+06,8.420421000000000000e+06,4.493796000000000000e+06,4.493796000000000000e+06,3.876241000000000000e+06,3.815321000000000000e+06,0.000000000000000000e+00,0.000000000000000000e+00,0.000000000000000000e+00,0.000000000000000000e+00,0.000000000000000000e+00,0.000000000000000000e+00,0.000000000000000000e+00,0.000000000000000000e+00,6.095401000000000000e+06,6.095401000000000000e+06,5.134788000000000000e+06,5.305313000000000000e+06,9.990920000000000000e+06,9.990920000000000000e+06,9.307742000000000000e+06,8.041214000000000000e+06
2.330000000000000000e+02,1.208994000000000000e+07,1.208994000000000000e+07,1.154287800000000000e+07,1.022541100000000000e+07,1.069848000000000000e+07,1.069848000000000000e+07,9.661396000000000000e+06,8.425839000000000000e+06,4.358298000000000000e+06,4.358298000000000000e+06,3.727657000000000000e+06,3.696644000000000000e+06,0.000000000000000000e+00,0.000000000000000000e+00,0.000000000000000000e+00,0.000000000000000000e+00,0.000000000000000000e+00,0.000000000000000000e+00,0.000000000000000000e+00,0.000000000000000000e+00,6.164798000000000000e+06,6.164798000000000000e+06,5.194956000000000000e+06,5.368862000000000000e+06,9.903396000000000000e+06,9.903396000000000000e+06,9.243058000000000000e+06,7.954528000000000000e+06
2.340000000000000000e+02,1.208159900000000000e+07,1.208159900000000000e+07,1.153316900000000000e+07,1.021735900000000000e+07,1.068094200000000000e+07,1.068094200000000000e+07,9.638634000000000000e+06,8.419342000000000000e+06,4.214422000000000000e+06,4.214422000000000000e+06,3.574444000000000000e+06,3.572380000000000000e+06,0.000000000000000000e+00,0.000000000000000000e+00,0.000000000000000000e+00,0.000000000000000000e+00,0.000000000000000000e+00,0.000000000000000000e+00,0.000000000000000000e+00,0.000000000000000000e+00,6.230176000000000000e+06,6.230176000000000000e+06,5.249978000000000000e+06,5.427567000000000000e+06,9.803378000000000000e+06,9.803378000000000000e+06,9.174069000000000000e+06,7.863940000000000000e+06
2.350000000000000000e+02,1.208420800000000000e+07,1.208420800000000000e+07,1.153216700000000000e+07,1.021943400000000000e+07,1.067399000000000000e+07,1.067399000000000000e+07,9.623015000000000000e+06,8.420333000000000000e+06,4.077152000000000000e+06,4.077152000000000000e+06,3.424940000000000000e+06,3.451572000000000000e+06,0.000000000000000000e+00,0.000000000000000000e+00,0.000000000000000000e+00,0.000000000000000000e+00,0.000000000000000000e+00,0.000000000000000000e+00,0.000000000000000000e+00,0.000000000000000000e+00,6.288711000000000000e+06,6.288711000000000000e+06,5.317311000000000000e+06,5.480753000000000000e+06,9.707140000000000000e+06,9.707140000000000000e+06,9.101494000000000000e+06,7.769924000000000000e+06
2.360000000000000000e+02,1.207382500000000000e+07,1.207382500000000000e+07,1.152353800000000000e+07,1.021357100000000000e+07,1.065073800000000000e+07,1.065073800000000000e+07,9.590290000000000000e+06,8.404157000000000000e+06,3.931013000000000000e+06,3.931013000000000000e+06,3.268257000000000000e+06,3.322935000000000000e+06,0.000000000000000000e+00,0.000000000000000000e+00,0.000000000000000000e+00,0.000000000000000000e+00,0.000000000000000000e+00,0.000000000000000000e+00,0.000000000000000000e+00,0.000000000000000000e+00,6.339011000000000000e+06,6.339011000000000000e+06,5.397891000000000000e+06,5.526697000000000000e+06,9.595931000000000000e+06,9.595931000000000000e+06,9.022906000000000000e+06,7.669425000000000000e+06
2.370000000000000000e+02,1.206952300000000000e+07,1.206952300000000000e+07,1.151211400000000000e+07,1.020393000000000000e+07,1.062128600000000000e+07,1.062128600000000000e+07,9.554359000000000000e+06,8.383084000000000000e+06,3.783188000000000000e+06,3.783188000000000000e+06,3.110985000000000000e+06,3.192886000000000000e+06,0.000000000000000000e+00,0.000000000000000000e+00,0.000000000000000000e+00,0.000000000000000000e+00,1.075320000000000000e+05,1.075320000000000000e+05,6.419800000000000000e+04,6.486900000000000000e+04,6.373932000000000000e+06,6.373932000000000000e+06,5.465481000000000000e+06,5.559750000000000000e+06,9.582020000000000000e+06,9.582020000000000000e+06,8.931475000000000000e+06,7.555265000000000000e+06
2.380000000000000000e+02,1.206345200000000000e+07,1.206345200000000000e+07,1.150258200000000000e+07,1.019756200000000000e+07,1.058176400000000000e+07,1.058176400000000000e+07,9.511242000000000000e+06,8.355439000000000000e+06,3.631639000000000000e+06,3.631639000000000000e+06,2.951476000000000000e+06,3.060432000000000000e+06,0.000000000000000000e+00,0.000000000000000000e+00,0.000000000000000000e+00,0.000000000000000000e+00,2.304970000000000000e+05,2.304970000000000000e+05,1.793970000000000000e+05,1.823620000000000000e+05,6.411233000000000000e+06,6.411233000000000000e+06,5.531958000000000000e+06,5.590564000000000000e+06,9.586303000000000000e+06,9.586303000000000000e+06,8.934197000000000000e+06,7.548117000000000000e+06
2.390000000000000000e+02,1.205275600000000000e+07,1.205275600000000000e+07,1.149169600000000000e+07,1.019018400000000000e+07,1.053716700000000000e+07,1.053716700000000000e+07,9.464365000000000000e+06,8.323357000000000000e+06,3.477621000000000000e+06,3.477621000000000000e+06,2.790459000000000000e+06,2.926812000000000000e+06,0.000000000000000000e+00,0.000000000000000000e+00,0.000000000000000000e+00,0.000000000000000000e+00,3.479940000000000000e+05,3.479940000000000000e+05,2.924610000000000000e+05,2.974360000000000000e+05,6.432541000000000000e+06,6.432541000000000000e+06,5.586748000000000000e+06,5.609240000000000000e+06,9.578916000000000000e+06,9.578916000000000000e+06,8.941419000000000000e+06,7.543166000000000000e+06
2.400000000000000000e+02,1.204761900000000000e+07,1.204761900000000000e+07,1.148176400000000000e+07,1.018408400000000000e+07,1.048341300000000000e+07,1.048341300000000000e+07,9.409832000000000000e+06,8.283592000000000000e+06,3.323930000000000000e+06,3.323930000000000000e+06,2.650213000000000000e+06,2.790806000000000000e+06,0.000000000000000000e+00,0.000000000000000000e+00,0.000000000000000000e+00,0.000000000000000000e+00,4.655310000000000000e+05,4.655310000000000000e+05,4.049160000000000000e+05,4.107400000000000000e+05,6.451505000000000000e+06,6.451505000000000000e+06,5.640208000000000000e+06,5.626085000000000000e+06,9.573349000000000000e+06,9.573349000000000000e+06,8.953192000000000000e+06,7.543258000000000000e+06
2.410000000000000000e+02,1.203617700000000000e+07,1.203617700000000000e+07,1.146577100000000000e+07,1.017491400000000000e+07,1.042414700000000000e+07,1.042414700000000000e+07,9.349039000000000000e+06,8.239742000000000000e+06,3.166886000000000000e+06,3.166886000000000000e+06,2.520828000000000000e+06,2.653765000000000000e+06,0.000000000000000000e+00,0.000000000000000000e+00,0.000000000000000000e+00,0.000000000000000000e+00,5.791580000000000000e+05,5.791580000000000000e+05,5.129000000000000000e+05,5.214440000000000000e+05,6.454987000000000000e+06,6.454987000000000000e+06,5.680974000000000000e+06,5.629307000000000000e+06,9.561639000000000000e+06,9.561639000000000000e+06,8.952428000000000000e+06,7.533213000000000000e+06
2.420000000000000000e+02,1.202831300000000000e+07,1.202831300000000000e+07,1.145545900000000000e+07,1.016901800000000000e+07,1.036118100000000000e+07,1.036118100000000000e+07,9.286468000000000000e+06,8.191446000000000000e+06,3.007208000000000000e+06,3.007208000000000000e+06,2.390502000000000000e+06,2.515956000000000000e+06,0.000000000000000000e+00,0.000000000000000000e+00,0.000000000000000000e+00,0.000000000000000000e+00,6.884810000000000000e+05,6.884810000000000000e+05,6.190440000000000000e+05,6.292690000000000000e+05,6.447761000000000000e+06,6.447761000000000000e+06,5.713661000000000000e+06,5.623699000000000000e+06,9.549009000000000000e+06,9.549009000000000000e+06,8.952237000000000000e+06,7.521208000000000000e+06
2.430000000000000000e+02,1.201803200000000000e+07,1.201803200000000000e+07,1.143915900000000000e+07,1.016064600000000000e+07,1.028978100000000000e+07,1.028978100000000000e+07,9.215541000000000000e+06,8.137109000000000000e+06,2.844917000000000000e+06,2.844917000000000000e+06,2.258725000000000000e+06,2.376796000000000000e+06,0.000000000000000000e+00,0.000000000000000000e+00,0.000000000000000000e+00,0.000000000000000000e+00,8.036530000000000000e+05,8.036530000000000000e+05,7.221650000000000000e+05,7.340270000000000000e+05,6.429054000000000000e+06,6.429054000000000000e+06,5.737265000000000000e+06,5.608336000000000000e+06,9.529730000000000000e+06,9.529730000000000000e+06,8.944570000000000000e+06,7.504791000000000000e+06
2.440000000000000000e+02,1.199907200000000000e+07,1.199907200000000000e+07,1.141944900000000000e+07,1.014557800000000000e+07,1.019840500000000000e+07,1.019840500000000000e+07,9.131974000000000000e+06,8.066308000000000000e+06,2.688338000000000000e+06,2.688338000000000000e+06,2.123095000000000000e+06,2.233605000000000000e+06,0.000000000000000000e+00,0.000000000000000000e+00,0.000000000000000000e+00,0.000000000000000000e+00,9.090230000000000000e+05,9.090230000000000000e+05,8.225510000000000000e+05,8.361560000000000000e+05,6.397461000000000000e+06,6.397461000000000000e+06,5.758049000000000000e+06,5.588891000000000000e+06,9.514880000000000000e+06,9.514880000000000000e+06,8.942376000000000000e+06,7.491124000000000000e+06
2.450000000000000000e+02,1.199156700000000000e+07,1.199156700000000000e+07,1.140660300000000000e+07,1.014176900000000000e+07,1.011908900000000000e+07,1.011908900000000000e+07,9.051969000000000000e+06,8.003132000000000000e+06,2.529390000000000000e+06,2.529390000000000000e+06,1.990125000000000000e+06,2.093203000000000000e+06,0.000000000000000000e+00,0.000000000000000000e+00,0.000000000000000000e+00,0.000000000000000000e+00,1.008150000000000000e+06,1.008150000000000000e+06,9.201320000000000000e+05,9.356120000000000000e+05,6.375337000000000000e+06,6.375337000000000000e+06,5.775002000000000000e+06,5.566239000000000000e+06,9.496476000000000000e+06,9.496476000000000000e+06,8.939756000000000000e+06,7.481313000000000000e+06
2.460000000000000000e+02,1.197313400000000000e+07,1.197313400000000000e+07,1.138281500000000000e+07,1.012572000000000000e+07,1.001588500000000000e+07,1.001588500000000000e+07,8.957343000000000000e+06,7.922971000000000000e+06,2.360976000000000000e+06,2.360976000000000000e+06,1.853486000000000000e+06,1.949330000000000000e+06,0.000000000000000000e+00,0.000000000000000000e+00,0.000000000000000000e+00,0.000000000000000000e+00,1.108097000000000000e+06,1.108097000000000000e+06,1.012620000000000000e+06,1.029358000000000000e+06,6.328824000000000000e+06,6.328824000000000000e+06,5.774694000000000000e+06,5.524723000000000000e+06,9.467217000000000000e+06,9.467217000000000000e+06,8.924735000000000000e+06,7.458124000000000000e+06
2.470000000000000000e+02,1.197418300000000000e+07,1.197418300000000000e+07,1.137674700000000000e+07,1.012605800000000000e+07,9.925092000000000000e+06,9.925092000000000000e+06,8.871700000000000000e+06,7.850572000000000000e+06,2.207277000000000000e+06,2.207277000000000000e+06,1.719443000000000000e+06,1.808105000000000000e+06,0.000000000000000000e+00,0.000000000000000000e+00,0.000000000000000000e+00,0.000000000000000000e+00,1.202330000000000000e+06,1.202330000000000000e+06,1.102678000000000000e+06,1.121152000000000000e+06,6.272288000000000000e+06,6.272288000000000000e+06,5.776318000000000000e+06,5.484280000000000000e+06,9.456957000000000000e+06,9.456957000000000000e+06,8.922470000000000000e+06,7.445216000000000000e+06
2.480000000000000000e+02,1.195386700000000000e+07,1.195386700000000000e+07,1.135382200000000000e+07,1.011224500000000000e+07,9.815315000000000000e+06,9.815315000000000000e+06,8.768395000000000000e+06,7.763339000000000000e+06,2.041578000000000000e+06,2.041578000000000000e+06,1.582835000000000000e+06,1.664244000000000000e+06,0.000000000000000000e+00,0.000000000000000000e+00,0.000000000000000000e+00,0.000000000000000000e+00,1.283999000000000000e+06,1.283999000000000000e+06,1.186922000000000000e+06,1.206990000000000000e+06,6.214224000000000000e+06,6.214224000000000000e+06,5.763072000000000000e+06,5.428613000000000000e+06,9.421179000000000000e+06,9.421179000000000000e+06,8.907115000000000000e+06,7.422604000000000000e+06
2.490000000000000000e+02,1.193580400000000000e+07,1.193580400000000000e+07,1.133140700000000000e+07,1.009861800000000000e+07,9.696609000000000000e+06,9.696609000000000000e+06,8.660994000000000000e+06,7.697068000000000000e+06,1.880370000000000000e+06,1.880370000000000000e+06,1.446079000000000000e+06,1.520327000000000000e+06,0.000000000000000000e+00,0.000000000000000000e+00,0.000000000000000000e+00,0.000000000000000000e+00,1.373441000000000000e+06,1.373441000000000000e+06,1.265704000000000000e+06,1.286978000000000000e+06,6.125317000000000000e+06,6.125317000000000000e+06,5.738028000000000000e+06,5.359963000000000000e+06,9.394278000000000000e+06,9.394278000000000000e+06,8.886967000000000000e+06,7.394609000000000000e+06
2.500000000000000000e+02,1.191806200000000000e+07,1.191806200000000000e+07,1.130475500000000000e+07,1.008519800000000000e+07,9.576283000000000000e+06,9.576283000000000000e+06,8.547709000000000000e+06,7.627200000000000000e+06,1.716844000000000000e+06,1.716844000000000000e+06,1.309616000000000000e+06,1.376765000000000000e+06,0.000000000000000000e+00,0.000000000000000000e+00,0.000000000000000000e+00,0.000000000000000000e+00,1.450170000000000000e+06,1.450170000000000000e+06,1.338806000000000000e+06,1.361591000000000000e+06,6.076791000000000000e+06,6.076791000000000000e+06,5.703217000000000000e+06,5.282242000000000000e+06,9.352969000000000000e+06,9.352969000000000000e+06,8.860515000000000000e+06,7.364569000000000000e+06
2.510000000000000000e+02,1.189705500000000000e+07,1.189705500000000000e+07,1.128394200000000000e+07,1.007367400000000000e+07,9.450169000000000000e+06,9.450169000000000000e+06,8.433008000000000000e+06,7.552633000000000000e+06,1.556643000000000000e+06,1.556643000000000000e+06,1.173359000000000000e+06,1.233637000000000000e+06,0.000000000000000000e+00,0.000000000000000000e+00,0.000000000000000000e+00,0.000000000000000000e+00,1.519535000000000000e+06,1.519535000000000000e+06,1.406007000000000000e+06,1.430053000000000000e+06,6.007450000000000000e+06,6.007450000000000000e+06,5.659575000000000000e+06,5.193763000000000000e+06,9.317881000000000000e+06,9.317881000000000000e+06,8.836207000000000000e+06,7.333419000000000000e+06
2.520000000000000000e+02,1.189009900000000000e+07,1.189009900000000000e+07,1.126600200000000000e+07,1.006602800000000000e+07,9.317265000000000000e+06,9.317265000000000000e+06,8.315690000000000000e+06,7.475755000000000000e+06,1.388989000000000000e+06,1.388989000000000000e+06,1.038021000000000000e+06,1.091243000000000000e+06,0.000000000000000000e+00,0.000000000000000000e+00,0.000000000000000000e+00,0.000000000000000000e+00,1.587166000000000000e+06,1.587166000000000000e+06,1.467902000000000000e+06,1.492943000000000000e+06,5.939962000000000000e+06,5.939962000000000000e+06,5.610020000000000000e+06,5.098890000000000000e+06,9.284638000000000000e+06,9.284638000000000000e+06,8.814000000000000000e+06,7.304359000000000000e+06
2.530000000000000000e+02,1.187615400000000000e+07,1.187615400000000000e+07,1.124790900000000000e+07,1.005863500000000000e+07,9.187295000000000000e+06,9.187295000000000000e+06,8.193710000000000000e+06,7.392593000000000000e+06,1.234736000000000000e+06,1.234736000000000000e+06,9.026590000000000000e+05,9.491030000000000000e+05,0.000000000000000000e+00,0.000000000000000000e+00,0.000000000000000000e+00,0.000000000000000000e+00,1.639081000000000000e+06,1.639081000000000000e+06,1.525414000000000000e+06,1.551492000000000000e+06,5.868602000000000000e+06,5.868602000000000000e+06,5.559188000000000000e+06,5.001500000000000000e+06,9.250027000000000000e+06,9.250027000000000000e+06,8.797436000000000000e+06,7.281264000000000000e+06
2.540000000000000000e+02,1.186180400000000000e+07,1.186180400000000000e+07,1.122272700000000000e+07,1.004770000000000000e+07,9.044562000000000000e+06,9.044562000000000000e+06,8.063973000000000000e+06,7.303916000000000000e+06,1.076047000000000000e+06,1.076047000000000000e+06,7.677330000000000000e+05,8.075650000000000000e+05,0.000000000000000000e+00,0.000000000000000000e+00,0.000000000000000000e+00,0.000000000000000000e+00,1.694045000000000000e+06,1.694045000000000000e+06,1.573218000000000000e+06,1.600305000000000000e+06,5.770284000000000000e+06,5.770284000000000000e+06,5.487612000000000000e+06,4.884896000000000000e+06,9.208592000000000000e+06,9.208592000000000000e+06,8.764312000000000000e+06,7.246332000000000000e+06
2.550000000000000000e+02,1.184077000000000000e+07,1.184077000000000000e+07,1.119739100000000000e+07,1.003270800000000000e+07,8.891402000000000000e+06,8.891402000000000000e+06,7.927501000000000000e+06,7.205318000000000000e+06,9.162200000000000000e+05,9.162200000000000000e+05,6.331030000000000000e+05,6.659940000000000000e+05,0.000000000000000000e+00,0.000000000000000000e+00,0.000000000000000000e+00,0.000000000000000000e+00,1.736818000000000000e+06,1.736818000000000000e+06,1.612776000000000000e+06,1.640639000000000000e+06,5.659154000000000000e+06,5.659154000000000000e+06,5.407218000000000000e+06,4.756665000000000000e+06,9.169213000000000000e+06,9.169213000000000000e+06,8.733608000000000000e+06,7.209481000000000000e+06
2.560000000000000000e+02,1.182800500000000000e+07,1.182800500000000000e+07,1.117736100000000000e+07,1.002712700000000000e+07,8.742702000000000000e+06,8.742702000000000000e+06,7.793974000000000000e+06,7.111578000000000000e+06,7.517990000000000000e+05,7.517990000000000000e+05,5.000300000000000000e+05,5.263100000000000000e+05,0.000000000000000000e+00,0.000000000000000000e+00,0.000000000000000000e+00,0.000000000000000000e+00,1.766025000000000000e+06,1.766025000000000000e+06,1.640770000000000000e+06,1.669559000000000000e+06,5.534700000000000000e+06,5.534700000000000000e+06,5.306215000000000000e+06,4.608697000000000000e+06,9.118040000000000000e+06,9.118040000000000000e+06,8.692465000000000000e+06,7.166076000000000000e+06
2.570000000000000000e+02,1.180742200000000000e+07,1.180742200000000000e+07,1.115153300000000000e+07,1.001262100000000000e+07,8.577355000000000000e+06,8.577355000000000000e+06,7.649038000000000000e+06,7.003453000000000000e+06,5.964720000000000000e+05,5.964720000000000000e+05,3.670590000000000000e+05,3.866440000000000000e+05,0.000000000000000000e+00,0.000000000000000000e+00,0.000000000000000000e+00,0.000000000000000000e+00,1.790463000000000000e+06,1.790463000000000000e+06,1.662610000000000000e+06,1.691674000000000000e+06,5.400472000000000000e+06,5.400472000000000000e+06,5.203447000000000000e+06,4.456872000000000000e+06,9.069057000000000000e+06,9.069057000000000000e+06,8.656706000000000000e+06,7.124915000000000000e+06
2.580000000000000000e+02,1.179888300000000000e+07,1.179888300000000000e+07,1.113396300000000000e+07,1.000973600000000000e+07,8.419116000000000000e+06,8.419116000000000000e+06,7.508135000000000000e+06,6.901542000000000000e+06,4.446060000000000000e+05,4.446060000000000000e+05,2.355990000000000000e+05,2.488940000000000000e+05,0.000000000000000000e+00,0.000000000000000000e+00,0.000000000000000000e+00,0.000000000000000000e+00,1.806149000000000000e+06,1.806149000000000000e+06,1.678197000000000000e+06,1.707777000000000000e+06,5.262989000000000000e+06,5.262989000000000000e+06,5.097172000000000000e+06,4.302757000000000000e+06,9.018480000000000000e+06,9.018480000000000000e+06,8.625145000000000000e+06,7.092261000000000000e+06
2.590000000000000000e+02,1.177863700000000000e+07,1.177863700000000000e+07,1.110663200000000000e+07,9.997746000000000000e+06,8.247662000000000000e+06,8.247662000000000000e+06,7.356808000000000000e+06,6.787449000000000000e+06,2.904710000000000000e+05,2.904710000000000000e+05,1.044930000000000000e+05,1.113900000000000000e+05,0.000000000000000000e+00,0.000000000000000000e+00,0.000000000000000000e+00,0.000000000000000000e+00,1.799880000000000000e+06,1.799880000000000000e+06,1.680587000000000000e+06,1.710428000000000000e+06,5.096286000000000000e+06,5.096286000000000000e+06,4.972044000000000000e+06,4.129144000000000000e+06,8.972078000000000000e+06,8.972078000000000000e+06,8.583348000000000000e+06,7.049173000000000000e+06
2.600000000000000000e+02,1.176138300000000000e+07,1.176138300000000000e+07,1.108433100000000000e+07,9.988944000000000000e+06,8.083255000000000000e+06,8.083255000000000000e+06,7.202660000000000000e+06,6.670306000000000000e+06,1.449990000000000000e+05,1.449990000000000000e+05,0.000000000000000000e+00,0.000000000000000000e+00,0.000000000000000000e+00,0.000000000000000000e+00,0.000000000000000000e+00,0.000000000000000000e+00,1.788386000000000000e+06,1.788386000000000000e+06,1.668819000000000000e+06,1.698765000000000000e+06,4.914462000000000000e+06,4.914462000000000000e+06,4.828300000000000000e+06,3.935428000000000000e+06,8.914047000000000000e+06,8.914047000000000000e+06,8.534439000000000000e+06,6.999372000000000000e+06
2.610000000000000000e+02,1.175680500000000000e+07,1.175680500000000000e+07,1.110815500000000000e+07,1.003091900000000000e+07,7.904900000000000000e+06,7.904900000000000000e+06,7.045834000000000000e+06,6.549365000000000000e+06,0.000000000000000000e+00,0.000000000000000000e+00,0.000000000000000000e+00,0.000000000000000000e+00,0.000000000000000000e+00,0.000000000000000000e+00,0.000000000000000000e+00,0.000000000000000000e+00,1.763168000000000000e+06,1.763168000000000000e+06,1.644650000000000000e+06,1.674309000000000000e+06,4.720706000000000000e+06,4.720706000000000000e+06,4.671222000000000000e+06,3.727913000000000000e+06,8.853212000000000000e+06,8.853212000000000000e+06,8.484765000000000000e+06,6.948219000000000000e+06
2.620000000000000000e+02,1.179541100000000000e+07,1.179541100000000000e+07,1.112938200000000000e+07,1.007050200000000000e+07,7.723496000000000000e+06,7.723496000000000000e+06,6.886278000000000000e+06,6.425494000000000000e+06,0.000000000000000000e+00,0.000000000000000000e+00,0.000000000000000000e+00,0.000000000000000000e+00,0.000000000000000000e+00,0.000000000000000000e+00,0.000000000000000000e+00,0.000000000000000000e+00,1.724400000000000000e+06,1.724400000000000000e+06,1.608804000000000000e+06,1.638079000000000000e+06,4.511554000000000000e+06,4.511554000000000000e+06,4.504326000000000000e+06,3.510278000000000000e+06,8.790728000000000000e+06,8.790728000000000000e+06,8.433921000000000000e+06,6.897908000000000000e+06
2.630000000000000000e+02,1.182578000000000000e+07,1.182578000000000000e+07,1.114962900000000000e+07,1.010911100000000000e+07,7.539979000000000000e+06,7.539979000000000000e+06,6.727039000000000000e+06,6.300896000000000000e+06,0.000000000000000000e+00,0.000000000000000000e+00,0.000000000000000000e+00,0.000000000000000000e+00,0.000000000000000000e+00,0.000000000000000000e+00,0.000000000000000000e+00,0.000000000000000000e+00,1.664840000000000000e+06,1.664840000000000000e+06,1.553593000000000000e+06,1.581905000000000000e+06,4.273205000000000000e+06,4.273205000000000000e+06,4.313630000000000000e+06,3.267282000000000000e+06,8.721280000000000000e+06,8.721280000000000000e+06,8.377270000000000000e+06,6.840249000000000000e+06
2.640000000000000000e+02,1.185609900000000000e+07,1.185609900000000000e+07,1.115922500000000000e+07,1.013857800000000000e+07,7.354731000000000000e+06,7.354731000000000000e+06,6.562067000000000000e+06,6.171418000000000000e+06,0.000000000000000000e+00,0.000000000000000000e+00,0.000000000000000000e+00,0.000000000000000000e+00,0.000000000000000000e+00,0.000000000000000000e+00,0.000000000000000000e+00,0.000000000000000000e+00,1.588940000000000000e+06,1.588940000000000000e+06,1.483165000000000000e+06,1.510387000000000000e+06,4.017826000000000000e+06,4.017826000000000000e+06,4.107310000000000000e+06,3.009745000000000000e+06,8.653049000000000000e+06,8.653049000000000000e+06,8.314245000000000000e+06,6.779786000000000000e+06
2.650000000000000000e+02,1.186167000000000000e+07,1.186167000000000000e+07,1.115725000000000000e+07,1.015395900000000000e+07,7.162965000000000000e+06,7.162965000000000000e+06,6.390223000000000000e+06,6.032696000000000000e+06,0.000000000000000000e+00,0.000000000000000000e+00,0.000000000000000000e+00,0.000000000000000000e+00,0.000000000000000000e+00,0.000000000000000000e+00,0.000000000000000000e+00,0.000000000000000000e+00,1.485085000000000000e+06,1.485085000000000000e+06,1.386306000000000000e+06,1.411871000000000000e+06,3.724061000000000000e+06,3.724061000000000000e+06,3.869926000000000000e+06,2.718105000000000000e+06,8.559915000000000000e+06,8.559915000000000000e+06,8.238913000000000000e+06,6.703459000000000000e+06
2.660000000000000000e+02,1.187970400000000000e+07,1.187970400000000000e+07,1.115571600000000000e+07,1.017439100000000000e+07,6.973787000000000000e+06,6.973787000000000000e+06,6.222575000000000000e+06,5.898785000000000000e+06,0.000000000000000000e+00,0.000000000000000000e+00,0.000000000000000000e+00,0.000000000000000000e+00,0.000000000000000000e+00,0.000000000000000000e+00,0.000000000000000000e+00,0.000000000000000000e+00,1.361298000000000000e+06,1.361298000000000000e+06,1.270328000000000000e+06,1.294138000000000000e+06,3.414728000000000000e+06,3.414728000000000000e+06,3.615149000000000000e+06,2.409805000000000000e+06,8.475339000000000000e+06,8.475339000000000000e+06,8.163159000000000000e+06,6.630057000000000000e+06
2.670000000000000000e+02,1.187629300000000000e+07,1.187629300000000000e+07,1.114390600000000000e+07,1.017921400000000000e+07,6.778319000000000000e+06,6.778319000000000000e+06,6.046833000000000000e+06,5.755343000000000000e+06,0.000000000000000000e+00,0.000000000000000000e+00,0.000000000000000000e+00,0.000000000000000000e+00,0.000000000000000000e+00,0.000000000000000000e+00,0.000000000000000000e+00,0.000000000000000000e+00,1.196494000000000000e+06,1.196494000000000000e+06,1.115608000000000000e+06,1.136355000000000000e+06,3.041729000000000000e+06,3.041729000000000000e+06,3.311080000000000000e+06,2.048748000000000000e+06,8.357698000000000000e+06,8.357698000000000000e+06,8.062688000000000000e+06,6.530375000000000000e+06
2.680000000000000000e+02,1.186410600000000000e+07,1.186410600000000000e+07,1.112505000000000000e+07,1.017864100000000000e+07,6.578179000000000000e+06,6.578179000000000000e+06,5.870637000000000000e+06,5.610630000000000000e+06,0.000000000000000000e+00,0.000000000000000000e+00,0.000000000000000000e+00,0.000000000000000000e+00,0.000000000000000000e+00,0.000000000000000000e+00,0.000000000000000000e+00,0.000000000000000000e+00,0.000000000000000000e+00,0.000000000000000000e+00,0.000000000000000000e+00,0.000000000000000000e+00,7.486960000000000000e+05,7.486960000000000000e+05,1.397045000000000000e+06,2.090500000000000000e+04,7.147506000000000000e+06,7.147506000000000000e+06,7.053274000000000000e+06,5.457830000000000000e+06
2.690000000000000000e+02,1.186546700000000000e+07,1.186546700000000000e+07,1.111214700000000000e+07,1.018474700000000000e+07,6.407021000000000000e+06,6.407021000000000000e+06,5.698660000000000000e+06,5.469991000000000000e+06,0.000000000000000000e+00,0.000000000000000000e+00,0.000000000000000000e+00,0.000000000000000000e+00,0.000000000000000000e+00,0.000000000000000000e+00,0.000000000000000000e+00,0.000000000000000000e+00,0.000000000000000000e+00,0.000000000000000000e+00,0.000000000000000000e+00,0.000000000000000000e+00,7.842390000000000000e+05,7.842390000000000000e+05,1.434328000000000000e+06,4.880100000000000000e+04,7.317398000000000000e+06,7.317398000000000000e+06,7.191432000000000000e+06,5.615248000000000000e+06
2.700000000000000000e+02,1.184640700000000000e+07,1.184640700000000000e+07,1.108423300000000000e+07,1.017531700000000000e+07,6.236917000000000000e+06,6.236917000000000000e+06,5.519838000000000000e+06,5.321703000000000000e+06,0.000000000000000000e+00,0.000000000000000000e+00,0.000000000000000000e+00,0.000000000000000000e+00,0.000000000000000000e+00,0.000000000000000000e+00,0.000000000000000000e+00,0.000000000000000000e+00,0.000000000000000000e+00,0.000000000000000000e+00,0.000000000000000000e+00,0.000000000000000000e+00,8.204980000000000000e+05,8.204980000000000000e+05,1.472267000000000000e+06,7.606500000000000000e+04,7.479125000000000000e+06,7.479125000000000000e+06,7.326027000000000000e+06,5.767254000000000000e+06
2.710000000000000000e+02,1.182171300000000000e+07,1.182171300000000000e+07,1.104857200000000000e+07,1.015881700000000000e+07,6.063661000000000000e+06,6.063661000000000000e+06,5.341147000000000000e+06,5.173025000000000000e+06,0.000000000000000000e+00,0.000000000000000000e+00,0.000000000000000000e+00,0.000000000000000000e+00,0.000000000000000000e+00,0.000000000000000000e+00,0.000000000000000000e+00,0.000000000000000000e+00,0.000000000000000000e+00,0.000000000000000000e+00,0.000000000000000000e+00,0.000000000000000000e+00,8.560120000000000000e+05,8.560120000000000000e+05,1.508259000000000000e+06,1.028120000000000000e+05,7.642290000000000000e+06,7.642290000000000000e+06,7.454909000000000000e+06,5.918294000000000000e+06
2.720000000000000000e+02,1.178886900000000000e+07,1.178886900000000000e+07,1.101111000000000000e+07,1.013908100000000000e+07,5.889437000000000000e+06,5.889437000000000000e+06,5.160403000000000000e+06,5.021014000000000000e+06,0.000000000000000000e+00,0.000000000000000000e+00,0.000000000000000000e+00,0.000000000000000000e+00,0.000000000000000000e+00,0.000000000000000000e+00,0.000000000000000000e+00,0.000000000000000000e+00,0.000000000000000000e+00,0.000000000000000000e+00,0.000000000000000000e+00,0.000000000000000000e+00,8.916900000000000000e+05,8.916900000000000000e+05,1.544725000000000000e+06,1.293180000000000000e+05,7.804464000000000000e+06,7.804464000000000000e+06,7.583222000000000000e+06,6.067049000000000000e+06
2.730000000000000000e+02,1.175263100000000000e+07,1.175263100000000000e+07,1.096590300000000000e+07,1.011263200000000000e+07,5.716648000000000000e+06,5.716648000000000000e+06,4.979633000000000000e+06,4.868759000000000000e+06,0.000000000000000000e+00,0.000000000000000000e+00,0.000000000000000000e+00,0.000000000000000000e+00,0.000000000000000000e+00,0.000000000000000000e+00,0.000000000000000000e+00,0.000000000000000000e+00,0.000000000000000000e+00,0.000000000000000000e+00,0.000000000000000000e+00,0.000000000000000000e+00,9.267230000000000000e+05,9.267230000000000000e+05,1.580558000000000000e+06,1.559530000000000000e+05,7.962267000000000000e+06,7.962267000000000000e+06,7.709116000000000000e+06,6.213014000000000000e+06
2.740000000000000000e+02,1.168987100000000000e+07,1.168987100000000000e+07,1.090464700000000000e+07,1.007032400000000000e+07,5.536260000000000000e+06,5.536260000000000000e+06,4.794337000000000000e+06,4.711258000000000000e+06,0.000000000000000000e+00,0.000000000000000000e+00,0.000000000000000000e+00,0.000000000000000000e+00,0.000000000000000000e+00,0.000000000000000000e+00,0.000000000000000000e+00,0.000000000000000000e+00,0.000000000000000000e+00,0.000000000000000000e+00,0.000000000000000000e+00,0.000000000000000000e+00,9.609610000000000000e+05,9.609610000000000000e+05,1.614868000000000000e+06,1.821610000000000000e+05,8.107427000000000000e+06,8.107427000000000000e+06,7.826137000000000000e+06,6.351351000000000000e+06
2.750000000000000000e+02,1.164740100000000000e+07,1.164740100000000000e+07,1.084990100000000000e+07,1.003448300000000000e+07,7.031904000000000000e+06,7.031904000000000000e+06,6.011188000000000000e+06,5.955162000000000000e+06,2.687284000000000000e+06,2.687284000000000000e+06,2.245551000000000000e+06,2.245267000000000000e+06,1.325724000000000000e+06,1.325724000000000000e+06,1.176850000000000000e+06,1.176980000000000000e+06,0.000000000000000000e+00,0.000000000000000000e+00,0.000000000000000000e+00,0.000000000000000000e+00,9.941920000000000000e+05,9.941920000000000000e+05,1.647564000000000000e+06,2.079070000000000000e+05,8.260930000000000000e+06,8.260930000000000000e+06,7.944664000000000000e+06,6.493566000000000000e+06
2.760000000000000000e+02,1.159495500000000000e+07,1.159495500000000000e+07,1.079092900000000000e+07,9.993818000000000000e+06,7.201987000000000000e+06,7.201987000000000000e+06,6.121050000000000000e+06,6.090392000000000000e+06,3.157843000000000000e+06,3.157843000000000000e+06,2.638089000000000000e+06,2.638037000000000000e+06,1.506568000000000000e+06,1.506568000000000000e+06,1.339656000000000000e+06,1.339629000000000000e+06,0.000000000000000000e+00,0.000000000000000000e+00,0.000000000000000000e+00,0.000000000000000000e+00,1.026949000000000000e+06,1.026949000000000000e+06,1.680047000000000000e+06,2.332640000000000000e+05,8.404728000000000000e+06,8.404728000000000000e+06,8.061865000000000000e+06,6.633700000000000000e+06
2.770000000000000000e+02,1.152038500000000000e+07,1.152038500000000000e+07,1.071685000000000000e+07,9.937122000000000000e+06,7.331764000000000000e+06,7.331764000000000000e+06,6.202065000000000000e+06,6.196636000000000000e+06,3.554604000000000000e+06,3.554604000000000000e+06,2.973143000000000000e+06,2.973216000000000000e+06,1.642103000000000000e+06,1.642103000000000000e+06,1.460218000000000000e+06,1.460029000000000000e+06,0.000000000000000000e+00,0.000000000000000000e+00,0.000000000000000000e+00,0.000000000000000000e+00,1.059401000000000000e+06,1.059401000000000000e+06,1.711605000000000000e+06,2.582470000000000000e+05,8.548363000000000000e+06,8.548363000000000000e+06,8.170709000000000000e+06,6.765331000000000000e+06
2.780000000000000000e+02,1.145893300000000000e+07,1.145893300000000000e+07,1.064698200000000000e+07,9.886988000000000000e+06,7.473346000000000000e+06,7.473346000000000000e+06,6.287692000000000000e+06,6.306586000000000000e+06,3.930340000000000000e+06,3.930340000000000000e+06,3.289346000000000000e+06,3.289298000000000000e+06,1.755982000000000000e+06,1.755982000000000000e+06,1.561271000000000000e+06,1.561374000000000000e+06,0.000000000000000000e+00,0.000000000000000000e+00,0.000000000000000000e+00,0.000000000000000000e+00,1.089407000000000000e+06,1.089407000000000000e+06,1.740848000000000000e+06,2.821650000000000000e+05,8.684815000000000000e+06,8.684815000000000000e+06,8.278956000000000000e+06,6.899635000000000000e+06
2.790000000000000000e+02,1.137468500000000000e+07,1.137468500000000000e+07,1.056388300000000000e+07,9.821700000000000000e+06,7.587373000000000000e+06,7.587373000000000000e+06,6.355569000000000000e+06,6.398069000000000000e+06,4.261257000000000000e+06,4.261257000000000000e+06,3.567804000000000000e+06,3.567926000000000000e+06,1.839016000000000000e+06,1.839016000000000000e+06,1.634242000000000000e+06,1.634023000000000000e+06,0.000000000000000000e+00,0.000000000000000000e+00,0.000000000000000000e+00,0.000000000000000000e+00,1.119576000000000000e+06,1.119576000000000000e+06,1.769797000000000000e+06,3.064420000000000000e+05,8.821075000000000000e+06,8.821075000000000000e+06,8.380260000000000000e+06,7.025488000000000000e+06
2.800000000000000000e+02,1.128239600000000000e+07,1.128239600000000000e+07,1.047245800000000000e+07,9.748285000000000000e+06,7.702443000000000000e+06,7.702443000000000000e+06,6.422647000000000000e+06,6.487706000000000000e+06,4.575537000000000000e+06,4.575537000000000000e+06,3.829737000000000000e+06,3.829713000000000000e+06,1.904202000000000000e+06,1.904202000000000000e+06,1.691013000000000000e+06,1.690847000000000000e+06,0.000000000000000000e+00,0.000000000000000000e+00,0.000000000000000000e+00,0.000000000000000000e+00,1.147954000000000000e+06,1.147954000000000000e+06,1.796682000000000000e+06,3.295420000000000000e+05,8.948438000000000000e+06,8.948438000000000000e+06,8.475026000000000000e+06,7.145699000000000000e+06
2.810000000000000000e+02,1.119508000000000000e+07,1.119508000000000000e+07,1.038010500000000000e+07,9.673521000000000000e+06,7.806917000000000000e+06,7.806917000000000000e+06,6.481177000000000000e+06,6.568688000000000000e+06,4.858185000000000000e+06,4.858185000000000000e+06,4.063641000000000000e+06,4.063666000000000000e+06,1.946555000000000000e+06,1.946555000000000000e+06,1.727361000000000000e+06,1.727164000000000000e+06,0.000000000000000000e+00,0.000000000000000000e+00,0.000000000000000000e+00,0.000000000000000000e+00,1.174950000000000000e+06,1.174950000000000000e+06,1.822495000000000000e+06,3.512090000000000000e+05,9.067729000000000000e+06,9.067729000000000000e+06,8.566993000000000000e+06,7.264859000000000000e+06
2.820000000000000000e+02,1.115235300000000000e+07,1.115235300000000000e+07,1.028776900000000000e+07,9.598249000000000000e+06,7.912163000000000000e+06,7.912163000000000000e+06,6.543209000000000000e+06,6.651586000000000000e+06,5.118576000000000000e+06,5.118576000000000000e+06,4.286208000000000000e+06,4.286312000000000000e+06,1.973460000000000000e+06,1.973460000000000000e+06,1.751072000000000000e+06,1.751032000000000000e+06,0.000000000000000000e+00,0.000000000000000000e+00,0.000000000000000000e+00,0.000000000000000000e+00,1.321482000000000000e+06,1.321482000000000000e+06,1.848247000000000000e+06,3.731420000000000000e+05,9.194673000000000000e+06,9.194673000000000000e+06,8.660028000000000000e+06,7.382322000000000000e+06
2.830000000000000000e+02,1.113114500000000000e+07,1.113114500000000000e+07,1.025610000000000000e+07,9.583851000000000000e+06,8.013630000000000000e+06,8.013630000000000000e+06,6.603802000000000000e+06,6.732313000000000000e+06,5.367127000000000000e+06,5.367127000000000000e+06,4.493701000000000000e+06,4.493638000000000000e+06,1.983655000000000000e+06,1.983655000000000000e+06,1.762174000000000000e+06,1.761893000000000000e+06,0.000000000000000000e+00,0.000000000000000000e+00,0.000000000000000000e+00,0.000000000000000000e+00,1.475307000000000000e+06,1.475307000000000000e+06,1.977616000000000000e+06,5.125510000000000000e+05,9.308592000000000000e+06,9.308592000000000000e+06,8.745700000000000000e+06,7.494488000000000000e+06
2.840000000000000000e+02,1.111364800000000000e+07,1.111364800000000000e+07,1.023002700000000000e+07,9.575174000000000000e+06,8.105301000000000000e+06,8.105301000000000000e+06,6.656791000000000000e+06,6.805296000000000000e+06,5.596207000000000000e+06,5.596207000000000000e+06,4.678898000000000000e+06,4.678782000000000000e+06,1.990007000000000000e+06,1.990007000000000000e+06,1.757778000000000000e+06,1.757544000000000000e+06,0.000000000000000000e+00,0.000000000000000000e+00,0.000000000000000000e+00,0.000000000000000000e+00,1.631856000000000000e+06,1.631856000000000000e+06,2.113213000000000000e+06,6.578790000000000000e+05,9.421240000000000000e+06,9.421240000000000000e+06,8.827504000000000000e+06,7.603528000000000000e+06
2.850000000000000000e+02,1.108596000000000000e+07,1.108596000000000000e+07,1.019366900000000000e+07,9.557648000000000000e+06,8.195151000000000000e+06,8.195151000000000000e+06,6.718912000000000000e+06,6.867139000000000000e+06,5.791041000000000000e+06,5.791041000000000000e+06,4.842243000000000000e+06,4.842315000000000000e+06,1.973209000000000000e+06,1.973209000000000000e+06,1.739642000000000000e+06,1.739662000000000000e+06,0.000000000000000000e+00,0.000000000000000000e+00,0.000000000000000000e+00,0.000000000000000000e+00,1.781174000000000000e+06,1.781174000000000000e+06,2.244435000000000000e+06,8.024510000000000000e+05,9.517001000000000000e+06,9.517001000000000000e+06,8.893082000000000000e+06,7.699254000000000000e+06
2.860000000000000000e+02,1.107725500000000000e+07,1.107725500000000000e+07,1.017568100000000000e+07,9.556119000000000000e+06,8.290238000000000000e+06,8.290238000000000000e+06,6.800538000000000000e+06,6.939586000000000000e+06,5.982974000000000000e+06,5.982974000000000000e+06,5.003231000000000000e+06,5.003438000000000000e+06,1.943219000000000000e+06,1.943219000000000000e+06,1.715111000000000000e+06,1.715247000000000000e+06,0.000000000000000000e+00,0.000000000000000000e+00,3.299500000000000000e+04,0.000000000000000000e+00,1.939578000000000000e+06,1.939578000000000000e+06,2.378908000000000000e+06,9.486430000000000000e+05,9.622949000000000000e+06,9.622949000000000000e+06,8.968421000000000000e+06,7.801952000000000000e+06
2.870000000000000000e+02,1.105650100000000000e+07,1.105650100000000000e+07,1.014622700000000000e+07,9.544821000000000000e+06,8.386333000000000000e+06,8.386333000000000000e+06,6.883459000000000000e+06,7.014446000000000000e+06,6.164210000000000000e+06,6.164210000000000000e+06,5.160236000000000000e+06,5.160468000000000000e+06,1.912402000000000000e+06,1.912402000000000000e+06,1.684050000000000000e+06,1.683827000000000000e+06,0.000000000000000000e+00,0.000000000000000000e+00,6.412000000000000000e+04,0.000000000000000000e+00,2.097554000000000000e+06,2.097554000000000000e+06,2.508341000000000000e+06,1.093424000000000000e+06,9.708052000000000000e+06,9.708052000000000000e+06,9.024584000000000000e+06,7.888931000000000000e+06
2.880000000000000000e+02,1.105166200000000000e+07,1.105166200000000000e+07,1.013186700000000000e+07,9.546924000000000000e+06,8.470534000000000000e+06,8.470534000000000000e+06,6.960434000000000000e+06,7.082478000000000000e+06,6.328706000000000000e+06,6.328706000000000000e+06,5.295722000000000000e+06,5.295360000000000000e+06,1.865465000000000000e+06,1.865465000000000000e+06,1.640517000000000000e+06,1.640592000000000000e+06,0.000000000000000000e+00,0.000000000000000000e+00,9.481100000000000000e+04,0.000000000000000000e+00,2.254886000000000000e+06,2.254886000000000000e+06,2.641168000000000000e+06,1.239607000000000000e+06,9.802077000000000000e+06,9.802077000000000000e+06,9.089747000000000000e+06,7.982188000000000000e+06
2.890000000000000000e+02,1.103518300000000000e+07,1.103518300000000000e+07,1.011059900000000000e+07,9.543494000000000000e+06,8.555511000000000000e+06,8.555511000000000000e+06,7.032834000000000000e+06,7.146229000000000000e+06,6.477284000000000000e+06,6.477284000000000000e+06,5.417917000000000000e+06,5.417604000000000000e+06,1.804020000000000000e+06,1.804020000000000000e+06,1.588765000000000000e+06,1.588543000000000000e+06,0.000000000000000000e+00,0.000000000000000000e+00,1.251070000000000000e+05,0.000000000000000000e+00,2.407718000000000000e+06,2.407718000000000000e+06,2.768360000000000000e+06,1.384745000000000000e+06,9.879746000000000000e+06,9.879746000000000000e+06,9.137947000000000000e+06,8.062851000000000000e+06
2.900000000000000000e+02,1.102501000000000000e+07,1.102501000000000000e+07,1.009009000000000000e+07,9.540141000000000000e+06,8.631474000000000000e+06,8.631474000000000000e+06,7.093789000000000000e+06,7.199150000000000000e+06,6.593156000000000000e+06,6.593156000000000000e+06,5.519095000000000000e+06,5.518750000000000000e+06,1.745990000000000000e+06,1.745990000000000000e+06,1.526536000000000000e+06,1.526623000000000000e+06,0.000000000000000000e+00,0.000000000000000000e+00,1.551330000000000000e+05,0.000000000000000000e+00,2.553828000000000000e+06,2.553828000000000000e+06,2.895577000000000000e+06,1.529572000000000000e+06,9.947976000000000000e+06,9.947976000000000000e+06,9.184443000000000000e+06,8.139372000000000000e+06
2.910000000000000000e+02,1.101433600000000000e+07,1.101433600000000000e+07,1.007264000000000000e+07,9.538588000000000000e+06,8.710741000000000000e+06,8.710741000000000000e+06,7.161132000000000000e+06,7.258434000000000000e+06,6.709116000000000000e+06,6.709116000000000000e+06,5.617353000000000000e+06,5.617310000000000000e+06,1.670991000000000000e+06,1.670991000000000000e+06,1.459756000000000000e+06,1.459956000000000000e+06,0.000000000000000000e+00,0.000000000000000000e+00,1.854270000000000000e+05,0.000000000000000000e+00,2.712129000000000000e+06,2.712129000000000000e+06,3.023184000000000000e+06,1.674409000000000000e+06,1.002020000000000000e+07,1.002020000000000000e+07,9.226129000000000000e+06,8.210151000000000000e+06
2.920000000000000000e+02,1.101255100000000000e+07,1.101255100000000000e+07,1.005975800000000000e+07,9.542759000000000000e+06,8.788990000000000000e+06,8.788990000000000000e+06,7.230990000000000000e+06,7.320288000000000000e+06,6.825903000000000000e+06,6.825903000000000000e+06,5.709390000000000000e+06,5.709155000000000000e+06,1.594965000000000000e+06,1.594965000000000000e+06,1.387629000000000000e+06,1.387615000000000000e+06,0.000000000000000000e+00,0.000000000000000000e+00,2.139880000000000000e+05,0.000000000000000000e+00,2.864338000000000000e+06,2.864338000000000000e+06,3.147782000000000000e+06,1.818492000000000000e+06,1.008300600000000000e+07,1.008300600000000000e+07,9.262158000000000000e+06,8.277921000000000000e+06
2.930000000000000000e+02,1.100643800000000000e+07,1.100643800000000000e+07,1.004756400000000000e+07,9.548050000000000000e+06,8.872041000000000000e+06,8.872041000000000000e+06,7.297687000000000000e+06,7.379425000000000000e+06,6.908201000000000000e+06,6.908201000000000000e+06,5.789061000000000000e+06,5.788862000000000000e+06,1.510331000000000000e+06,1.510331000000000000e+06,1.308787000000000000e+06,1.308761000000000000e+06,0.000000000000000000e+00,0.000000000000000000e+00,2.425360000000000000e+05,0.000000000000000000e+00,3.013253000000000000e+06,3.013253000000000000e+06,3.269324000000000000e+06,1.961814000000000000e+06,1.013598100000000000e+07,1.013598100000000000e+07,9.291769000000000000e+06,8.340049000000000000e+06
2.940000000000000000e+02,1.100994500000000000e+07,1.100994500000000000e+07,1.003988900000000000e+07,9.556941000000000000e+06,8.944056000000000000e+06,8.944056000000000000e+06,7.363350000000000000e+06,7.437666000000000000e+06,7.004168000000000000e+06,7.004168000000000000e+06,5.858816000000000000e+06,5.858778000000000000e+06,1.410546000000000000e+06,1.410546000000000000e+06,1.224187000000000000e+06,1.224407000000000000e+06,0.000000000000000000e+00,0.000000000000000000e+00,2.702890000000000000e+05,0.000000000000000000e+00,3.161657000000000000e+06,3.161657000000000000e+06,3.389643000000000000e+06,2.104786000000000000e+06,1.019064600000000000e+07,1.019064600000000000e+07,9.318151000000000000e+06,8.399058000000000000e+06
2.950000000000000000e+02,1.101316700000000000e+07,1.101316700000000000e+07,1.003296000000000000e+07,9.567234000000000000e+06,9.022244000000000000e+06,9.022244000000000000e+06,7.422926000000000000e+06,7.489538000000000000e+06,7.060346000000000000e+06,7.060346000000000000e+06,5.914862000000000000e+06,5.914663000000000000e+06,1.321972000000000000e+06,1.321972000000000000e+06,1.133970000000000000e+06,1.133980000000000000e+06,2.507900000000000000e+04,2.507900000000000000e+04,2.974130000000000000e+05,0.000000000000000000e+00,3.310465000000000000e+06,3.310465000000000000e+06,3.507206000000000000e+06,2.246690000000000000e+06,1.023451300000000000e+07,1.023451300000000000e+07,9.338471000000000000e+06,8.452702000000000000e+06
2.960000000000000000e+02,1.100238800000000000e+07,1.100238800000000000e+07,1.001746400000000000e+07,9.566616000000000000e+06,9.077859000000000000e+06,9.077859000000000000e+06,7.472227000000000000e+06,7.531759000000000000e+06,7.119921000000000000e+06,7.119921000000000000e+06,5.954942000000000000e+06,5.954909000000000000e+06,1.217372000000000000e+06,1.217372000000000000e+06,1.037446000000000000e+06,1.037455000000000000e+06,5.301600000000000000e+04,5.301600000000000000e+04,3.241960000000000000e+05,0.000000000000000000e+00,3.450453000000000000e+06,3.450453000000000000e+06,3.623906000000000000e+06,2.386036000000000000e+06,1.026071600000000000e+07,1.026071600000000000e+07,9.347326000000000000e+06,8.491411000000000000e+06
2.970000000000000000e+02,1.101265600000000000e+07,1.101265600000000000e+07,1.001759300000000000e+07,9.583223000000000000e+06,9.151846000000000000e+06,9.151846000000000000e+06,7.532482000000000000e+06,7.584647000000000000e+06,7.164659000000000000e+06,7.164659000000000000e+06,5.995229000000000000e+06,5.995296000000000000e+06,1.106174000000000000e+06,1.106174000000000000e+06,9.386650000000000000e+05,9.385710000000000000e+05,7.999900000000000000e+04,7.999900000000000000e+04,3.502460000000000000e+05,0.000000000000000000e+00,3.601000000000000000e+06,3.601000000000000000e+06,3.740484000000000000e+06,2.526663000000000000e+06,1.030412900000000000e+07,1.030412900000000000e+07,9.361359000000000000e+06,8.537185000000000000e+06
2.980000000000000000e+02,1.100717300000000000e+07,1.100717300000000000e+07,1.000490000000000000e+07,9.591987000000000000e+06,9.207554000000000000e+06,9.207554000000000000e+06,7.577196000000000000e+06,7.622185000000000000e+06,7.182170000000000000e+06,7.182170000000000000e+06,6.016017000000000000e+06,6.016049000000000000e+06,9.978580000000000000e+05,9.978580000000000000e+05,8.338390000000000000e+05,8.338750000000000000e+05,1.060320000000000000e+05,1.060320000000000000e+05,3.748890000000000000e+05,0.000000000000000000e+00,3.735595000000000000e+06,3.735595000000000000e+06,3.847764000000000000e+06,2.662132000000000000e+06,1.031820400000000000e+07,1.031820400000000000e+07,9.355321000000000000e+06,8.564951000000000000e+06
2.990000000000000000e+02,1.102112600000000000e+07,1.102112600000000000e+07,1.000818100000000000e+07,9.631343000000000000e+06,9.266651000000000000e+06,9.266651000000000000e+06,7.626475000000000000e+06,7.664997000000000000e+06,7.213057000000000000e+06,7.213057000000000000e+06,6.033019000000000000e+06,6.033075000000000000e+06,8.824580000000000000e+05,8.824580000000000000e+05,7.267870000000000000e+05,7.268200000000000000e+05,1.312120000000000000e+05,1.312120000000000000e+05,3.988030000000000000e+05,0.000000000000000000e+00,3.876821000000000000e+06,3.876821000000000000e+06,3.957409000000000000e+06,2.800089000000000000e+06,1.034281400000000000e+07,1.034281400000000000e+07,9.357098000000000000e+06,8.600524000000000000e+06
3.000000000000000000e+02,1.102515100000000000e+07,1.102515100000000000e+07,1.000396600000000000e+07,9.662733000000000000e+06,9.328166000000000000e+06,9.328166000000000000e+06,7.678115000000000000e+06,7.709593000000000000e+06,7.227928000000000000e+06,7.227928000000000000e+06,6.045531000000000000e+06,6.045669000000000000e+06,7.561810000000000000e+05,7.561810000000000000e+05,6.161190000000000000e+05,6.160560000000000000e+05,1.556790000000000000e+05,1.556790000000000000e+05,4.213740000000000000e+05,0.000000000000000000e+00,4.011077000000000000e+06,4.011077000000000000e+06,4.060723000000000000e+06,2.932690000000000000e+06,1.034769600000000000e+07,1.034769600000000000e+07,9.342421000000000000e+06,8.619238000000000000e+06
3.010000000000000000e+02,1.103144200000000000e+07,1.103144200000000000e+07,1.000069700000000000e+07,9.693877000000000000e+06,9.385142000000000000e+06,9.385142000000000000e+06,7.725434000000000000e+06,7.750008000000000000e+06,7.230131000000000000e+06,7.230131000000000000e+06,6.047940000000000000e+06,6.048115000000000000e+06,6.351240000000000000e+05,6.351240000000000000e+05,5.027700000000000000e+05,5.029190000000000000e+05,1.790810000000000000e+05,1.790810000000000000e+05,4.422320000000000000e+05,0.000000000000000000e+00,4.143455000000000000e+06,4.143455000000000000e+06,4.158262000000000000e+06,3.062382000000000000e+06,1.034463000000000000e+07,1.034463000000000000e+07,9.319757000000000000e+06,8.631309000000000000e+06
3.020000000000000000e+02,1.103971500000000000e+07,1.103971500000000000e+07,1.000023800000000000e+07,9.726522000000000000e+06,9.438588000000000000e+06,9.438588000000000000e+06,7.769269000000000000e+06,7.787478000000000000e+06,7.220327000000000000e+06,7.220327000000000000e+06,6.040876000000000000e+06,6.041040000000000000e+06,5.094650000000000000e+05,5.094650000000000000e+05,3.863480000000000000e+05,3.865340000000000000e+05,2.011420000000000000e+05,2.011420000000000000e+05,4.622040000000000000e+05,0.000000000000000000e+00,4.271344000000000000e+06,4.271344000000000000e+06,4.253885000000000000e+06,3.190819000000000000e+06,1.033698600000000000e+07,1.033698600000000000e+07,9.292978000000000000e+06,8.639109000000000000e+06
3.030000000000000000e+02,1.104597800000000000e+07,1.104597800000000000e+07,9.999402000000000000e+06,9.758539000000000000e+06,9.482811000000000000e+06,9.482811000000000000e+06,7.802591000000000000e+06,7.814655000000000000e+06,7.193299000000000000e+06,7.193299000000000000e+06,6.018993000000000000e+06,6.019118000000000000e+06,3.793140000000000000e+05,3.793140000000000000e+05,2.671610000000000000e+05,2.669940000000000000e+05,2.225840000000000000e+05,2.225840000000000000e+05,4.804040000000000000e+05,0.000000000000000000e+00,4.391893000000000000e+06,4.391893000000000000e+06,4.344251000000000000e+06,3.316876000000000000e+06,1.032504300000000000e+07,1.032504300000000000e+07,9.260298000000000000e+06,8.642790000000000000e+06
3.040000000000000000e+02,1.106066100000000000e+07,1.106066100000000000e+07,1.000276000000000000e+07,9.792369000000000000e+06,9.531642000000000000e+06,9.531642000000000000e+06,7.840723000000000000e+06,7.846903000000000000e+06,7.164025000000000000e+06,7.164025000000000000e+06,5.995860000000000000e+06,5.995790000000000000e+06,2.530570000000000000e+05,2.530570000000000000e+05,1.461430000000000000e+05,1.460620000000000000e+05,2.430770000000000000e+05,2.430770000000000000e+05,4.982360000000000000e+05,0.000000000000000000e+00,4.518754000000000000e+06,4.518754000000000000e+06,4.434847000000000000e+06,3.440026000000000000e+06,1.030639600000000000e+07,1.030639600000000000e+07,9.224000000000000000e+06,8.639638000000000000e+06
3.050000000000000000e+02,1.107313800000000000e+07,1.107313800000000000e+07,1.000606300000000000e+07,9.825195000000000000e+06,9.567878000000000000e+06,9.567878000000000000e+06,7.904534000000000000e+06,7.904345000000000000e+06,7.113953000000000000e+06,7.113953000000000000e+06,5.959061000000000000e+06,5.958880000000000000e+06,1.187680000000000000e+05,1.187680000000000000e+05,1.802100000000000000e+04,1.814200000000000000e+04,2.624720000000000000e+05,2.624720000000000000e+05,5.143810000000000000e+05,6.863000000000000000e+03,4.637782000000000000e+06,4.637782000000000000e+06,4.521294000000000000e+06,3.562044000000000000e+06,1.028148900000000000e+07,1.028148900000000000e+07,9.182421000000000000e+06,8.632063000000000000e+06
3.060000000000000000e+02,1.108789500000000000e+07,1.108789500000000000e+07,1.001323300000000000e+07,9.860336000000000000e+06,9.620812000000000000e+06,9.620812000000000000e+06,8.056371000000000000e+06,8.056407000000000000e+06,7.071437000000000000e+06,7.071437000000000000e+06,5.920628000000000000e+06,5.920460000000000000e+06,0.000000000000000000e+00,0.000000000000000000e+00,0.000000000000000000e+00,0.000000000000000000e+00,2.804930000000000000e+05,2.804930000000000000e+05,5.290270000000000000e+05,2.819100000000000000e+04,4.751832000000000000e+06,4.751832000000000000e+06,4.603189000000000000e+06,3.680903000000000000e+06,1.024497200000000000e+07,1.024497200000000000e+07,9.134026000000000000e+06,8.617759000000000000e+06
3.070000000000000000e+02,1.110320500000000000e+07,1.110320500000000000e+07,1.001970800000000000e+07,9.894182000000000000e+06,9.791336000000000000e+06,9.791336000000000000e+06,8.193108000000000000e+06,8.192836000000000000e+06,7.010978000000000000e+06,7.010978000000000000e+06,5.867763000000000000e+06,5.867689000000000000e+06,0.000000000000000000e+00,0.000000000000000000e+00,0.000000000000000000e+00,0.000000000000000000e+00,2.965340000000000000e+05,2.965340000000000000e+05,5.412440000000000000e+05,4.714400000000000000e+04,4.860523000000000000e+06,4.860523000000000000e+06,4.679498000000000000e+06,3.796653000000000000e+06,1.020794900000000000e+07,1.020794900000000000e+07,9.079359000000000000e+06,8.598954000000000000e+06
3.080000000000000000e+02,1.110835600000000000e+07,1.110835600000000000e+07,1.001803300000000000e+07,9.918672000000000000e+06,9.945519000000000000e+06,9.945519000000000000e+06,8.323341000000000000e+06,8.323248000000000000e+06,6.941329000000000000e+06,6.941329000000000000e+06,5.807608000000000000e+06,5.807470000000000000e+06,0.000000000000000000e+00,0.000000000000000000e+00,0.000000000000000000e+00,0.000000000000000000e+00,3.118280000000000000e+05,3.118280000000000000e+05,5.519040000000000000e+05,6.489800000000000000e+04,4.958889000000000000e+06,4.958889000000000000e+06,4.746706000000000000e+06,3.903944000000000000e+06,1.014491200000000000e+07,1.014491200000000000e+07,9.008124000000000000e+06,8.562295000000000000e+06
3.090000000000000000e+02,1.113134800000000000e+07,1.113134800000000000e+07,1.002783800000000000e+07,9.954338000000000000e+06,1.010074300000000000e+07,1.010074300000000000e+07,8.449059000000000000e+06,8.448953000000000000e+06,6.861596000000000000e+06,6.861596000000000000e+06,5.741765000000000000e+06,5.741804000000000000e+06,0.000000000000000000e+00,0.000000000000000000e+00,0.000000000000000000e+00,0.000000000000000000e+00,3.240610000000000000e+05,3.240610000000000000e+05,5.584830000000000000e+05,8.121200000000000000e+04,5.062607000000000000e+06,5.062607000000000000e+06,4.808431000000000000e+06,4.011230000000000000e+06,1.009665100000000000e+07,1.009665100000000000e+07,8.938337000000000000e+06,8.532275000000000000e+06
3.100000000000000000e+02,1.115209900000000000e+07,1.115209900000000000e+07,1.003609600000000000e+07,9.986380000000000000e+06,1.024169400000000000e+07,1.024169400000000000e+07,8.570275000000000000e+06,8.569976000000000000e+06,6.781615000000000000e+06,6.781615000000000000e+06,5.670720000000000000e+06,5.670888000000000000e+06,0.000000000000000000e+00,0.000000000000000000e+00,0.000000000000000000e+00,0.000000000000000000e+00,3.356530000000000000e+05,3.356530000000000000e+05,5.652360000000000000e+05,9.645600000000000000e+04,5.157703000000000000e+06,5.157703000000000000e+06,4.869306000000000000e+06,4.114828000000000000e+06,1.002996700000000000e+07,1.002996700000000000e+07,8.862762000000000000e+06,8.492354000000000000e+06
3.110000000000000000e+02,1.116856600000000000e+07,1.116856600000000000e+07,1.004485600000000000e+07,1.001736800000000000e+07,1.038299200000000000e+07,1.038299200000000000e+07,8.688824000000000000e+06,8.688287000000000000e+06,6.690434000000000000e+06,6.690434000000000000e+06,5.595542000000000000e+06,5.595653000000000000e+06,0.000000000000000000e+00,0.000000000000000000e+00,0.000000000000000000e+00,0.000000000000000000e+00,3.453070000000000000e+05,3.453070000000000000e+05,5.693590000000000000e+05,1.104470000000000000e+05,5.244392000000000000e+06,5.244392000000000000e+06,4.922282000000000000e+06,4.211697000000000000e+06,9.956096000000000000e+06,9.956096000000000000e+06,8.775266000000000000e+06,8.440486000000000000e+06
3.120000000000000000e+02,1.119304200000000000e+07,1.119304200000000000e+07,1.005690200000000000e+07,1.005092200000000000e+07,1.051836400000000000e+07,1.051836400000000000e+07,8.798875000000000000e+06,8.798539000000000000e+06,6.596337000000000000e+06,6.596337000000000000e+06,5.512933000000000000e+06,5.512852000000000000e+06,0.000000000000000000e+00,0.000000000000000000e+00,0.000000000000000000e+00,0.000000000000000000e+00,3.523780000000000000e+05,3.523780000000000000e+05,5.697590000000000000e+05,1.228970000000000000e+05,5.325801000000000000e+06,5.325801000000000000e+06,4.968334000000000000e+06,4.305112000000000000e+06,9.876365000000000000e+06,9.876365000000000000e+06,8.682097000000000000e+06,8.386869000000000000e+06
3.130000000000000000e+02,1.121278400000000000e+07,1.121278400000000000e+07,1.006532900000000000e+07,1.007937300000000000e+07,1.063044300000000000e+07,1.063044300000000000e+07,8.897484000000000000e+06,8.897191000000000000e+06,6.487636000000000000e+06,6.487636000000000000e+06,5.421037000000000000e+06,5.421001000000000000e+06,0.000000000000000000e+00,0.000000000000000000e+00,0.000000000000000000e+00,0.000000000000000000e+00,3.575990000000000000e+05,3.575990000000000000e+05,5.680790000000000000e+05,1.337820000000000000e+05,5.399504000000000000e+06,5.399504000000000000e+06,5.007071000000000000e+06,4.392709000000000000e+06,9.782545000000000000e+06,9.782545000000000000e+06,8.583907000000000000e+06,8.324207000000000000e+06
3.140000000000000000e+02,1.125245900000000000e+07,1.125245900000000000e+07,1.008499200000000000e+07,1.011836000000000000e+07,1.075830300000000000e+07,1.075830300000000000e+07,8.999517000000000000e+06,8.999222000000000000e+06,6.378117000000000000e+06,6.378117000000000000e+06,5.330485000000000000e+06,5.330066000000000000e+06,0.000000000000000000e+00,0.000000000000000000e+00,0.000000000000000000e+00,0.000000000000000000e+00,3.588910000000000000e+05,3.588910000000000000e+05,5.612020000000000000e+05,1.423130000000000000e+05,5.461367000000000000e+06,5.461367000000000000e+06,5.037722000000000000e+06,4.476879000000000000e+06,9.691801000000000000e+06,9.691801000000000000e+06,8.479308000000000000e+06,8.261539000000000000e+06
3.150000000000000000e+02,1.129154400000000000e+07,1.129154400000000000e+07,1.009684400000000000e+07,1.014719100000000000e+07,1.085624600000000000e+07,1.085624600000000000e+07,9.082656000000000000e+06,9.082440000000000000e+06,6.259635000000000000e+06,6.259635000000000000e+06,5.226019000000000000e+06,5.225969000000000000e+06,0.000000000000000000e+00,0.000000000000000000e+00,0.000000000000000000e+00,0.000000000000000000e+00,3.596190000000000000e+05,3.596190000000000000e+05,5.537480000000000000e+05,1.499040000000000000e+05,5.526401000000000000e+06,5.526401000000000000e+06,5.066750000000000000e+06,4.555152000000000000e+06,9.590809000000000000e+06,9.590809000000000000e+06,8.370598000000000000e+06,8.190014000000000000e+06
3.160000000000000000e+02,1.133086400000000000e+07,1.133086400000000000e+07,1.011207600000000000e+07,1.017741600000000000e+07,1.095638900000000000e+07,1.095638900000000000e+07,9.160090000000000000e+06,9.160168000000000000e+06,6.132208000000000000e+06,6.132208000000000000e+06,5.120614000000000000e+06,5.120349000000000000e+06,0.000000000000000000e+00,0.000000000000000000e+00,0.000000000000000000e+00,0.000000000000000000e+00,3.571950000000000000e+05,3.571950000000000000e+05,5.422760000000000000e+05,1.551220000000000000e+05,5.584746000000000000e+06,5.584746000000000000e+06,5.083947000000000000e+06,4.629213000000000000e+06,9.481959000000000000e+06,9.481959000000000000e+06,8.252700000000000000e+06,8.112282000000000000e+06
3.170000000000000000e+02,1.137014000000000000e+07,1.137014000000000000e+07,1.012802100000000000e+07,1.020838100000000000e+07,1.104082400000000000e+07,1.104082400000000000e+07,9.237017000000000000e+06,9.236971000000000000e+06,5.991510000000000000e+06,5.991510000000000000e+06,5.008023000000000000e+06,5.007343000000000000e+06,0.000000000000000000e+00,0.000000000000000000e+00,0.000000000000000000e+00,0.000000000000000000e+00,3.495280000000000000e+05,3.495280000000000000e+05,5.250400000000000000e+05,1.580690000000000000e+05,5.628737000000000000e+06,5.628737000000000000e+06,5.087962000000000000e+06,4.694372000000000000e+06,9.358382000000000000e+06,9.358382000000000000e+06,8.122529000000000000e+06,8.023891000000000000e+06
3.180000000000000000e+02,1.140902300000000000e+07,1.140902300000000000e+07,1.014653200000000000e+07,1.023976100000000000e+07,1.111938500000000000e+07,1.111938500000000000e+07,9.301724000000000000e+06,9.301497000000000000e+06,5.853611000000000000e+06,5.853611000000000000e+06,4.890600000000000000e+06,4.890491000000000000e+06,0.000000000000000000e+00,0.000000000000000000e+00,0.000000000000000000e+00,0.000000000000000000e+00,3.400490000000000000e+05,3.400490000000000000e+05,5.051130000000000000e+05,1.588750000000000000e+05,5.663865000000000000e+06,5.663865000000000000e+06,5.091132000000000000e+06,4.755697000000000000e+06,9.237785000000000000e+06,9.237785000000000000e+06,7.992517000000000000e+06,7.936111000000000000e+06
3.190000000000000000e+02,1.143832200000000000e+07,1.143832200000000000e+07,1.015727900000000000e+07,1.026162000000000000e+07,1.117607100000000000e+07,1.117607100000000000e+07,9.354318000000000000e+06,9.354200000000000000e+06,5.714257000000000000e+06,5.714257000000000000e+06,4.765648000000000000e+06,4.765443000000000000e+06,0.000000000000000000e+00,0.000000000000000000e+00,0.000000000000000000e+00,0.000000000000000000e+00,3.259460000000000000e+05,3.259460000000000000e+05,4.792370000000000000e+05,1.568010000000000000e+05,5.689012000000000000e+06,5.689012000000000000e+06,5.076682000000000000e+06,4.804562000000000000e+06,9.090382000000000000e+06,9.090382000000000000e+06,7.843968000000000000e+06,7.832110000000000000e+06
3.200000000000000000e+02,1.148057800000000000e+07,1.148057800000000000e+07,1.017990200000000000e+07,1.029384500000000000e+07,1.124567300000000000e+07,1.124567300000000000e+07,9.407718000000000000e+06,9.407479000000000000e+06,5.568604000000000000e+06,5.568604000000000000e+06,4.641264000000000000e+06,4.641231000000000000e+06,0.000000000000000000e+00,0.000000000000000000e+00,0.000000000000000000e+00,0.000000000000000000e+00,3.067480000000000000e+05,3.067480000000000000e+05,4.467960000000000000e+05,1.513690000000000000e+05,5.706784000000000000e+06,5.706784000000000000e+06,5.053359000000000000e+06,4.850872000000000000e+06,8.954551000000000000e+06,8.954551000000000000e+06,7.695393000000000000e+06,7.730318000000000000e+06
3.210000000000000000e+02,1.151187100000000000e+07,1.151187100000000000e+07,1.019848800000000000e+07,1.032047000000000000e+07,1.129642100000000000e+07,1.129642100000000000e+07,9.449805000000000000e+06,9.449808000000000000e+06,5.415965000000000000e+06,5.415965000000000000e+06,4.510648000000000000e+06,4.510541000000000000e+06,0.000000000000000000e+00,0.000000000000000000e+00,0.000000000000000000e+00,0.000000000000000000e+00,2.815130000000000000e+05,2.815130000000000000e+05,4.069400000000000000e+05,1.417290000000000000e+05,5.704824000000000000e+06,5.704824000000000000e+06,5.014840000000000000e+06,4.885865000000000000e+06,8.799523000000000000e+06,8.799523000000000000e+06,7.534084000000000000e+06,7.619411000000000000e+06
3.220000000000000000e+02,1.155419600000000000e+07,1.155419600000000000e+07,1.022190100000000000e+07,1.035052700000000000e+07,1.134107300000000000e+07,1.134107300000000000e+07,9.491018000000000000e+06,9.490923000000000000e+06,5.261896000000000000e+06,5.261896000000000000e+06,4.378886000000000000e+06,4.378764000000000000e+06,0.000000000000000000e+00,0.000000000000000000e+00,0.000000000000000000e+00,0.000000000000000000e+00,2.482630000000000000e+05,2.482630000000000000e+05,3.566090000000000000e+05,1.264820000000000000e+05,5.693182000000000000e+06,5.693182000000000000e+06,4.958056000000000000e+06,4.910188000000000000e+06,8.633431000000000000e+06,8.633431000000000000e+06,7.359714000000000000e+06,7.499759000000000000e+06
3.230000000000000000e+02,1.158582200000000000e+07,1.158582200000000000e+07,1.023182400000000000e+07,1.037806000000000000e+07,1.137891700000000000e+07,1.137891700000000000e+07,9.518888000000000000e+06,9.518563000000000000e+06,5.099819000000000000e+06,5.099819000000000000e+06,4.240932000000000000e+06,4.240627000000000000e+06,0.000000000000000000e+00,0.000000000000000000e+00,0.000000000000000000e+00,0.000000000000000000e+00,0.000000000000000000e+00,0.000000000000000000e+00,0.000000000000000000e+00,0.000000000000000000e+00,5.233063000000000000e+06,5.233063000000000000e+06,4.308522000000000000e+06,4.729020000000000000e+06,8.223689000000000000e+06,8.223689000000000000e+06,6.806088000000000000e+06,7.302651000000000000e+06
3.240000000000000000e+02,1.161796700000000000e+07,1.161796700000000000e+07,1.026179100000000000e+07,1.040087200000000000e+07,1.138892600000000000e+07,1.138892600000000000e+07,9.532631000000000000e+06,9.532291000000000000e+06,4.925622000000000000e+06,4.925622000000000000e+06,4.096592000000000000e+06,4.096747000000000000e+06,0.000000000000000000e+00,0.000000000000000000e+00,0.000000000000000000e+00,0.000000000000000000e+00,0.000000000000000000e+00,0.000000000000000000e+00,0.000000000000000000e+00,0.000000000000000000e+00,5.299400000000000000e+06,5.299400000000000000e+06,4.361491000000000000e+06,4.786265000000000000e+06,8.109070000000000000e+06,8.109070000000000000e+06,6.714228000000000000e+06,7.199866000000000000e+06
3.250000000000000000e+02,1.166197300000000000e+07,1.166197300000000000e+07,1.030446400000000000e+07,1.043610000000000000e+07,1.141823700000000000e+07,1.141823700000000000e+07,9.555580000000000000e+06,9.555393000000000000e+06,4.763547000000000000e+06,4.763547000000000000e+06,3.956458000000000000e+06,3.956307000000000000e+06,0.000000000000000000e+00,0.000000000000000000e+00,0.000000000000000000e+00,0.000000000000000000e+00,0.000000000000000000e+00,0.000000000000000000e+00,0.000000000000000000e+00,0.000000000000000000e+00,5.358035000000000000e+06,5.358035000000000000e+06,4.410712000000000000e+06,4.839800000000000000e+06,7.991662000000000000e+06,7.991662000000000000e+06,6.619001000000000000e+06,7.093977000000000000e+06
3.260000000000000000e+02,1.169230300000000000e+07,1.169230300000000000e+07,1.033606600000000000e+07,1.046004200000000000e+07,1.142189600000000000e+07,1.142189600000000000e+07,9.558112000000000000e+06,9.558004000000000000e+06,4.591148000000000000e+06,4.591148000000000000e+06,3.807478000000000000e+06,3.807345000000000000e+06,0.000000000000000000e+00,0.000000000000000000e+00,0.000000000000000000e+00,0.000000000000000000e+00,0.000000000000000000e+00,0.000000000000000000e+00,0.000000000000000000e+00,0.000000000000000000e+00,5.409909000000000000e+06,5.409909000000000000e+06,4.455382000000000000e+06,4.887349000000000000e+06,7.863392000000000000e+06,7.863392000000000000e+06,6.518515000000000000e+06,6.982312000000000000e+06
3.270000000000000000e+02,1.172501600000000000e+07,1.172501600000000000e+07,1.036601700000000000e+07,1.048291900000000000e+07,1.142256100000000000e+07,1.142256100000000000e+07,9.555568000000000000e+06,9.555341000000000000e+06,4.416674000000000000e+06,4.416674000000000000e+06,3.657233000000000000e+06,3.656964000000000000e+06,0.000000000000000000e+00,0.000000000000000000e+00,0.000000000000000000e+00,0.000000000000000000e+00,9.116700000000000000e+04,9.116700000000000000e+04,5.343500000000000000e+04,5.385200000000000000e+04,5.447861000000000000e+06,5.447861000000000000e+06,4.489669000000000000e+06,4.923280000000000000e+06,7.871811000000000000e+06,7.871811000000000000e+06,6.405199000000000000e+06,6.857188000000000000e+06
3.280000000000000000e+02,1.175671000000000000e+07,1.175671000000000000e+07,1.039757900000000000e+07,1.050692500000000000e+07,1.140967800000000000e+07,1.140967800000000000e+07,9.545270000000000000e+06,9.545407000000000000e+06,4.237491000000000000e+06,4.237491000000000000e+06,3.504067000000000000e+06,3.503855000000000000e+06,0.000000000000000000e+00,0.000000000000000000e+00,0.000000000000000000e+00,0.000000000000000000e+00,1.903580000000000000e+05,1.903580000000000000e+05,1.457150000000000000e+05,1.522490000000000000e+05,5.494262000000000000e+06,5.494262000000000000e+06,4.523220000000000000e+06,4.958471000000000000e+06,7.901902000000000000e+06,7.901902000000000000e+06,6.427484000000000000e+06,6.867737000000000000e+06
3.290000000000000000e+02,1.178695200000000000e+07,1.178695200000000000e+07,1.042817200000000000e+07,1.052998000000000000e+07,1.139047500000000000e+07,1.139047500000000000e+07,9.530181000000000000e+06,9.530016000000000000e+06,4.053894000000000000e+06,4.053894000000000000e+06,3.349949000000000000e+06,3.349764000000000000e+06,0.000000000000000000e+00,0.000000000000000000e+00,0.000000000000000000e+00,0.000000000000000000e+00,2.825600000000000000e+05,2.825600000000000000e+05,2.360000000000000000e+05,2.486150000000000000e+05,5.523404000000000000e+06,5.523404000000000000e+06,4.547044000000000000e+06,4.982645000000000000e+06,7.922778000000000000e+06,7.922778000000000000e+06,6.457016000000000000e+06,6.884983000000000000e+06
3.300000000000000000e+02,1.181865000000000000e+07,1.181865000000000000e+07,1.045891300000000000e+07,1.055405800000000000e+07,1.136015500000000000e+07,1.136015500000000000e+07,9.506101000000000000e+06,9.505798000000000000e+06,3.874557000000000000e+06,3.874557000000000000e+06,3.193080000000000000e+06,3.193063000000000000e+06,0.000000000000000000e+00,0.000000000000000000e+00,0.000000000000000000e+00,0.000000000000000000e+00,3.796720000000000000e+05,3.796720000000000000e+05,3.252780000000000000e+05,3.436550000000000000e+05,5.550669000000000000e+06,5.550669000000000000e+06,4.569588000000000000e+06,5.005648000000000000e+06,7.944023000000000000e+06,7.944023000000000000e+06,6.491547000000000000e+06,6.907117000000000000e+06
3.310000000000000000e+02,1.184904800000000000e+07,1.184904800000000000e+07,1.048885700000000000e+07,1.057697800000000000e+07,1.132564000000000000e+07,1.132564000000000000e+07,9.477716000000000000e+06,9.477464000000000000e+06,3.690293000000000000e+06,3.690293000000000000e+06,3.035431000000000000e+06,3.035321000000000000e+06,0.000000000000000000e+00,0.000000000000000000e+00,0.000000000000000000e+00,0.000000000000000000e+00,4.740830000000000000e+05,4.740830000000000000e+05,4.122680000000000000e+05,4.365420000000000000e+05,5.565097000000000000e+06,5.565097000000000000e+06,4.581518000000000000e+06,5.016453000000000000e+06,7.964399000000000000e+06,7.964399000000000000e+06,6.517877000000000000e+06,6.921033000000000000e+06
3.320000000000000000e+02,1.188054300000000000e+07,1.188054300000000000e+07,1.051972300000000000e+07,1.060102600000000000e+07,1.128565500000000000e+07,1.128565500000000000e+07,9.443975000000000000e+06,9.443873000000000000e+06,3.501768000000000000e+06,3.501768000000000000e+06,2.876964000000000000e+06,2.876974000000000000e+06,0.000000000000000000e+00,0.000000000000000000e+00,0.000000000000000000e+00,0.000000000000000000e+00,5.651080000000000000e+05,5.651080000000000000e+05,4.971400000000000000e+05,5.269750000000000000e+05,5.570567000000000000e+06,5.570567000000000000e+06,4.586211000000000000e+06,5.019627000000000000e+06,7.980780000000000000e+06,7.980780000000000000e+06,6.542147000000000000e+06,6.932448000000000000e+06
3.330000000000000000e+02,1.191102600000000000e+07,1.191102600000000000e+07,1.054933100000000000e+07,1.062440500000000000e+07,1.123804800000000000e+07,1.123804800000000000e+07,9.403623000000000000e+06,9.403521000000000000e+06,3.313446000000000000e+06,3.313446000000000000e+06,2.716931000000000000e+06,2.716926000000000000e+06,0.000000000000000000e+00,0.000000000000000000e+00,0.000000000000000000e+00,0.000000000000000000e+00,6.567280000000000000e+05,6.567280000000000000e+05,5.796640000000000000e+05,6.150480000000000000e+05,5.566584000000000000e+06,5.566584000000000000e+06,4.583195000000000000e+06,5.014303000000000000e+06,7.993078000000000000e+06,7.993078000000000000e+06,6.563217000000000000e+06,6.940649000000000000e+06
3.340000000000000000e+02,1.192836700000000000e+07,1.192836700000000000e+07,1.056744400000000000e+07,1.063645300000000000e+07,1.116511000000000000e+07,1.116511000000000000e+07,9.343971000000000000e+06,9.343812000000000000e+06,3.126634000000000000e+06,3.126634000000000000e+06,2.552555000000000000e+06,2.552471000000000000e+06,0.000000000000000000e+00,0.000000000000000000e+00,0.000000000000000000e+00,0.000000000000000000e+00,7.431110000000000000e+05,7.431110000000000000e+05,6.600100000000000000e+05,7.009460000000000000e+05,5.551339000000000000e+06,5.551339000000000000e+06,4.577109000000000000e+06,5.005500000000000000e+06,8.007467000000000000e+06,8.007467000000000000e+06,6.586315000000000000e+06,6.950713000000000000e+06
3.350000000000000000e+02,1.196242200000000000e+07,1.196242200000000000e+07,1.060198000000000000e+07,1.066485800000000000e+07,1.110749600000000000e+07,1.110749600000000000e+07,9.293244000000000000e+06,9.293208000000000000e+06,2.942531000000000000e+06,2.942531000000000000e+06,2.391457000000000000e+06,2.391432000000000000e+06,0.000000000000000000e+00,0.000000000000000000e+00,0.000000000000000000e+00,0.000000000000000000e+00,8.233730000000000000e+05,8.233730000000000000e+05,7.384350000000000000e+05,7.847960000000000000e+05,5.546226000000000000e+06,5.546226000000000000e+06,4.567935000000000000e+06,4.993630000000000000e+06,8.022626000000000000e+06,8.022626000000000000e+06,6.614706000000000000e+06,6.966536000000000000e+06
3.360000000000000000e+02,1.198254200000000000e+07,1.198254200000000000e+07,1.062058000000000000e+07,1.067747600000000000e+07,1.101785600000000000e+07,1.101785600000000000e+07,9.223219000000000000e+06,9.223075000000000000e+06,2.744598000000000000e+06,2.744598000000000000e+06,2.226420000000000000e+06,2.226373000000000000e+06,0.000000000000000000e+00,0.000000000000000000e+00,0.000000000000000000e+00,0.000000000000000000e+00,9.060370000000000000e+05,9.060370000000000000e+05,8.127520000000000000e+05,8.639040000000000000e+05,5.517913000000000000e+06,5.517913000000000000e+06,4.543620000000000000e+06,4.964779000000000000e+06,8.027717000000000000e+06,8.027717000000000000e+06,6.630049000000000000e+06,6.968816000000000000e+06
3.370000000000000000e+02,1.202090100000000000e+07,1.202090100000000000e+07,1.065547400000000000e+07,1.070707900000000000e+07,1.094816600000000000e+07,1.094816600000000000e+07,9.161774000000000000e+06,9.161796000000000000e+06,2.565669000000000000e+06,2.565669000000000000e+06,2.064421000000000000e+06,2.064451000000000000e+06,0.000000000000000000e+00,0.000000000000000000e+00,0.000000000000000000e+00,0.000000000000000000e+00,9.839930000000000000e+05,9.839930000000000000e+05,8.851920000000000000e+05,9.412100000000000000e+05,5.480556000000000000e+06,5.480556000000000000e+06,4.520220000000000000e+06,4.936883000000000000e+06,8.047306000000000000e+06,8.047306000000000000e+06,6.655104000000000000e+06,6.980979000000000000e+06
3.380000000000000000e+02,1.203906800000000000e+07,1.203906800000000000e+07,1.067563500000000000e+07,1.072179600000000000e+07,1.085444100000000000e+07,1.085444100000000000e+07,9.081596000000000000e+06,9.081487000000000000e+06,2.371780000000000000e+06,2.371780000000000000e+06,1.899723000000000000e+06,1.899731000000000000e+06,0.000000000000000000e+00,0.000000000000000000e+00,0.000000000000000000e+00,0.000000000000000000e+00,1.051706000000000000e+06,1.051706000000000000e+06,9.530780000000000000e+05,1.014113000000000000e+06,5.443303000000000000e+06,5.443303000000000000e+06,4.484367000000000000e+06,4.895428000000000000e+06,8.049025000000000000e+06,8.049025000000000000e+06,6.671590000000000000e+06,6.984521000000000000e+06
3.390000000000000000e+02,1.205978100000000000e+07,1.205978100000000000e+07,1.069531700000000000e+07,1.073620300000000000e+07,1.074929900000000000e+07,1.074929900000000000e+07,8.996183000000000000e+06,8.996122000000000000e+06,2.183081000000000000e+06,2.183081000000000000e+06,1.734748000000000000e+06,1.734906000000000000e+06,0.000000000000000000e+00,0.000000000000000000e+00,0.000000000000000000e+00,0.000000000000000000e+00,1.124727000000000000e+06,1.124727000000000000e+06,1.016426000000000000e+06,1.082023000000000000e+06,5.377979000000000000e+06,5.377979000000000000e+06,4.437723000000000000e+06,4.842051000000000000e+06,8.052607000000000000e+06,8.052607000000000000e+06,6.683013000000000000e+06,6.982684000000000000e+06
3.400000000000000000e+02,1.208251900000000000e+07,1.208251900000000000e+07,1.071665900000000000e+07,1.075309400000000000e+07,1.064556100000000000e+07,1.064556100000000000e+07,8.906942000000000000e+06,8.906956000000000000e+06,1.993611000000000000e+06,1.993611000000000000e+06,1.570477000000000000e+06,1.570408000000000000e+06,0.000000000000000000e+00,0.000000000000000000e+00,0.000000000000000000e+00,0.000000000000000000e+00,1.188113000000000000e+06,1.188113000000000000e+06,1.075792000000000000e+06,1.145377000000000000e+06,5.320653000000000000e+06,5.320653000000000000e+06,4.383609000000000000e+06,4.780556000000000000e+06,8.052022000000000000e+06,8.052022000000000000e+06,6.694167000000000000e+06,6.980658000000000000e+06
3.410000000000000000e+02,1.209873800000000000e+07,1.209873800000000000e+07,1.073806600000000000e+07,1.076925600000000000e+07,1.053194200000000000e+07,1.053194200000000000e+07,8.812431000000000000e+06,8.812440000000000000e+06,1.805519000000000000e+06,1.805519000000000000e+06,1.406667000000000000e+06,1.406758000000000000e+06,0.000000000000000000e+00,0.000000000000000000e+00,0.000000000000000000e+00,0.000000000000000000e+00,1.245462000000000000e+06,1.245462000000000000e+06,1.130387000000000000e+06,1.203672000000000000e+06,5.238304000000000000e+06,5.238304000000000000e+06,4.320150000000000000e+06,4.708566000000000000e+06,8.048507000000000000e+06,8.048507000000000000e+06,6.703249000000000000e+06,6.976218000000000000e+06
3.420000000000000000e+02,1.213075500000000000e+07,1.213075500000000000e+07,1.076288300000000000e+07,1.078965700000000000e+07,1.040958000000000000e+07,1.040958000000000000e+07,8.715140000000000000e+06,8.715486000000000000e+06,1.609810000000000000e+06,1.609810000000000000e+06,1.243938000000000000e+06,1.243967000000000000e+06,0.000000000000000000e+00,0.000000000000000000e+00,0.000000000000000000e+00,0.000000000000000000e+00,1.301844000000000000e+06,1.301844000000000000e+06,1.180901000000000000e+06,1.257335000000000000e+06,5.152896000000000000e+06,5.152896000000000000e+06,4.250995000000000000e+06,4.631047000000000000e+06,8.051540000000000000e+06,8.051540000000000000e+06,6.714699000000000000e+06,6.974437000000000000e+06
3.430000000000000000e+02,1.215527700000000000e+07,1.215527700000000000e+07,1.078686400000000000e+07,1.080958200000000000e+07,1.029244900000000000e+07,1.029244900000000000e+07,8.611623000000000000e+06,8.611468000000000000e+06,1.432082000000000000e+06,1.432082000000000000e+06,1.081314000000000000e+06,1.081397000000000000e+06,0.000000000000000000e+00,0.000000000000000000e+00,0.000000000000000000e+00,0.000000000000000000e+00,1.347694000000000000e+06,1.347694000000000000e+06,1.227706000000000000e+06,1.307639000000000000e+06,5.072226000000000000e+06,5.072226000000000000e+06,4.180281000000000000e+06,4.551237000000000000e+06,8.053078000000000000e+06,8.053078000000000000e+06,6.731700000000000000e+06,6.978597000000000000e+06
3.440000000000000000e+02,1.217831600000000000e+07,1.217831600000000000e+07,1.080874800000000000e+07,1.082757500000000000e+07,1.016116300000000000e+07,1.016116300000000000e+07,8.501571000000000000e+06,8.501551000000000000e+06,1.247311000000000000e+06,1.247311000000000000e+06,9.195010000000000000e+05,9.196130000000000000e+05,0.000000000000000000e+00,0.000000000000000000e+00,0.000000000000000000e+00,0.000000000000000000e+00,1.393082000000000000e+06,1.393082000000000000e+06,1.267076000000000000e+06,1.349822000000000000e+06,4.963715000000000000e+06,4.963715000000000000e+06,4.092494000000000000e+06,4.453434000000000000e+06,8.052314000000000000e+06,8.052314000000000000e+06,6.738350000000000000e+06,6.972428000000000000e+06
3.450000000000000000e+02,1.219061600000000000e+07,1.219061600000000000e+07,1.082197600000000000e+07,1.083706200000000000e+07,1.001561200000000000e+07,1.001561200000000000e+07,8.380211000000000000e+06,8.380207000000000000e+06,1.061192000000000000e+06,1.061192000000000000e+06,7.578910000000000000e+05,7.578420000000000000e+05,0.000000000000000000e+00,0.000000000000000000e+00,0.000000000000000000e+00,0.000000000000000000e+00,1.427934000000000000e+06,1.427934000000000000e+06,1.299924000000000000e+06,1.385001000000000000e+06,4.843190000000000000e+06,4.843190000000000000e+06,3.994749000000000000e+06,4.344636000000000000e+06,8.043746000000000000e+06,8.043746000000000000e+06,6.741148000000000000e+06,6.962156000000000000e+06
3.460000000000000000e+02,1.221856700000000000e+07,1.221856700000000000e+07,1.084845300000000000e+07,1.086019800000000000e+07,9.876551000000000000e+06,9.876551000000000000e+06,8.264784000000000000e+06,8.264885000000000000e+06,8.703700000000000000e+05,8.703700000000000000e+05,5.982010000000000000e+05,5.982290000000000000e+05,0.000000000000000000e+00,0.000000000000000000e+00,0.000000000000000000e+00,0.000000000000000000e+00,1.450471000000000000e+06,1.450471000000000000e+06,1.323537000000000000e+06,1.410534000000000000e+06,4.705792000000000000e+06,4.705792000000000000e+06,3.879635000000000000e+06,4.217246000000000000e+06,8.032243000000000000e+06,8.032243000000000000e+06,6.740361000000000000e+06,6.947924000000000000e+06
3.470000000000000000e+02,1.223110600000000000e+07,1.223110600000000000e+07,1.086077000000000000e+07,1.086932600000000000e+07,9.717114000000000000e+06,9.717114000000000000e+06,8.133076000000000000e+06,8.133160000000000000e+06,6.883060000000000000e+05,6.883060000000000000e+05,4.388250000000000000e+05,4.388380000000000000e+05,0.000000000000000000e+00,0.000000000000000000e+00,0.000000000000000000e+00,0.000000000000000000e+00,1.474231000000000000e+06,1.474231000000000000e+06,1.342412000000000000e+06,1.430358000000000000e+06,4.561511000000000000e+06,4.561511000000000000e+06,3.760796000000000000e+06,4.086097000000000000e+06,8.018141000000000000e+06,8.018141000000000000e+06,6.738977000000000000e+06,6.933749000000000000e+06
3.480000000000000000e+02,1.226204600000000000e+07,1.226204600000000000e+07,1.088933700000000000e+07,1.089444500000000000e+07,9.566865000000000000e+06,9.566865000000000000e+06,8.008675000000000000e+06,8.008746000000000000e+06,5.144160000000000000e+05,5.144160000000000000e+05,2.815200000000000000e+05,2.814410000000000000e+05,0.000000000000000000e+00,0.000000000000000000e+00,0.000000000000000000e+00,0.000000000000000000e+00,1.487614000000000000e+06,1.487614000000000000e+06,1.356042000000000000e+06,1.445198000000000000e+06,4.414644000000000000e+06,4.414644000000000000e+06,3.639712000000000000e+06,3.952371000000000000e+06,8.010957000000000000e+06,8.010957000000000000e+06,6.748331000000000000e+06,6.930260000000000000e+06
3.490000000000000000e+02,1.227833400000000000e+07,1.227833400000000000e+07,1.090479800000000000e+07,1.090767300000000000e+07,9.400459000000000000e+06,9.400459000000000000e+06,7.870592000000000000e+06,7.870625000000000000e+06,3.356470000000000000e+05,3.356470000000000000e+05,1.245100000000000000e+05,1.244450000000000000e+05,0.000000000000000000e+00,0.000000000000000000e+00,0.000000000000000000e+00,0.000000000000000000e+00,1.485446000000000000e+06,1.485446000000000000e+06,1.359657000000000000e+06,1.448845000000000000e+06,4.242629000000000000e+06,4.242629000000000000e+06,3.501302000000000000e+06,3.800293000000000000e+06,8.002248000000000000e+06,8.002248000000000000e+06,6.746742000000000000e+06,6.915854000000000000e+06
3.500000000000000000e+02,1.229705100000000000e+07,1.229705100000000000e+07,1.092489100000000000e+07,1.092514800000000000e+07,9.240367000000000000e+06,9.240367000000000000e+06,7.729467000000000000e+06,7.729269000000000000e+06,1.658820000000000000e+05,1.658820000000000000e+05,0.000000000000000000e+00,0.000000000000000000e+00,0.000000000000000000e+00,0.000000000000000000e+00,0.000000000000000000e+00,0.000000000000000000e+00,1.479115000000000000e+06,1.479115000000000000e+06,1.351307000000000000e+06,1.440340000000000000e+06,4.051589000000000000e+06,4.051589000000000000e+06,3.345494000000000000e+06,3.629008000000000000e+06,7.981583000000000000e+06,7.981583000000000000e+06,6.738588000000000000e+06,6.894848000000000000e+06
3.510000000000000000e+02,1.232908300000000000e+07,1.232908300000000000e+07,1.099312800000000000e+07,1.099355300000000000e+07,9.063258000000000000e+06,9.063258000000000000e+06,7.584041000000000000e+06,7.583992000000000000e+06,0.000000000000000000e+00,0.000000000000000000e+00,0.000000000000000000e+00,0.000000000000000000e+00,0.000000000000000000e+00,0.000000000000000000e+00,0.000000000000000000e+00,0.000000000000000000e+00,1.459800000000000000e+06,1.459800000000000000e+06,1.332902000000000000e+06,1.420852000000000000e+06,3.851116000000000000e+06,3.851116000000000000e+06,3.176982000000000000e+06,3.444089000000000000e+06,7.957700000000000000e+06,7.957700000000000000e+06,6.728387000000000000e+06,6.871804000000000000e+06
3.520000000000000000e+02,1.240173000000000000e+07,1.240173000000000000e+07,1.105932700000000000e+07,1.105936400000000000e+07,8.886474000000000000e+06,8.886474000000000000e+06,7.435533000000000000e+06,7.435465000000000000e+06,0.000000000000000000e+00,0.000000000000000000e+00,0.000000000000000000e+00,0.000000000000000000e+00,0.000000000000000000e+00,0.000000000000000000e+00,0.000000000000000000e+00,0.000000000000000000e+00,1.428968000000000000e+06,1.428968000000000000e+06,1.305157000000000000e+06,1.391587000000000000e+06,3.630392000000000000e+06,3.630392000000000000e+06,2.998941000000000000e+06,3.249357000000000000e+06,7.934145000000000000e+06,7.934145000000000000e+06,6.718952000000000000e+06,6.849747000000000000e+06
3.530000000000000000e+02,1.247235000000000000e+07,1.247235000000000000e+07,1.112413500000000000e+07,1.112392100000000000e+07,8.706010000000000000e+06,8.706010000000000000e+06,7.286672000000000000e+06,7.286533000000000000e+06,0.000000000000000000e+00,0.000000000000000000e+00,0.000000000000000000e+00,0.000000000000000000e+00,0.000000000000000000e+00,0.000000000000000000e+00,0.000000000000000000e+00,0.000000000000000000e+00,1.380827000000000000e+06,1.380827000000000000e+06,1.261810000000000000e+06,1.345579000000000000e+06,3.392948000000000000e+06,3.392948000000000000e+06,2.798650000000000000e+06,3.030366000000000000e+06,7.905060000000000000e+06,7.905060000000000000e+06,6.703746000000000000e+06,6.821153000000000000e+06
3.540000000000000000e+02,1.254147500000000000e+07,1.254147500000000000e+07,1.117933100000000000e+07,1.117917200000000000e+07,8.519615000000000000e+06,8.519615000000000000e+06,7.132182000000000000e+06,7.132042000000000000e+06,0.000000000000000000e+00,0.000000000000000000e+00,0.000000000000000000e+00,0.000000000000000000e+00,0.000000000000000000e+00,0.000000000000000000e+00,0.000000000000000000e+00,0.000000000000000000e+00,1.319230000000000000e+06,1.319230000000000000e+06,1.205898000000000000e+06,1.285925000000000000e+06,3.128531000000000000e+06,3.128531000000000000e+06,2.584316000000000000e+06,2.797035000000000000e+06,7.876258000000000000e+06,7.876258000000000000e+06,6.685974000000000000e+06,6.789933000000000000e+06
3.550000000000000000e+02,1.257752200000000000e+07,1.257752200000000000e+07,1.121617200000000000e+07,1.121615700000000000e+07,8.329446000000000000e+06,8.329446000000000000e+06,6.967537000000000000e+06,6.967390000000000000e+06,0.000000000000000000e+00,0.000000000000000000e+00,0.000000000000000000e+00,0.000000000000000000e+00,0.000000000000000000e+00,0.000000000000000000e+00,0.000000000000000000e+00,0.000000000000000000e+00,1.234728000000000000e+06,1.234728000000000000e+06,1.128896000000000000e+06,1.203590000000000000e+06,2.836046000000000000e+06,2.836046000000000000e+06,2.339828000000000000e+06,2.530755000000000000e+06,7.821211000000000000e+06,7.821211000000000000e+06,6.649230000000000000e+06,6.740510000000000000e+06
3.560000000000000000e+02,1.263357900000000000e+07,1.263357900000000000e+07,1.126116600000000000e+07,1.126105800000000000e+07,8.137703000000000000e+06,8.137703000000000000e+06,6.808476000000000000e+06,6.808508000000000000e+06,0.000000000000000000e+00,0.000000000000000000e+00,0.000000000000000000e+00,0.000000000000000000e+00,0.000000000000000000e+00,0.000000000000000000e+00,0.000000000000000000e+00,0.000000000000000000e+00,1.133360000000000000e+06,1.133360000000000000e+06,1.035541000000000000e+06,1.104411000000000000e+06,2.521128000000000000e+06,2.521128000000000000e+06,2.079236000000000000e+06,2.248023000000000000e+06,7.775533000000000000e+06,7.775533000000000000e+06,6.618008000000000000e+06,6.696392000000000000e+06
3.570000000000000000e+02,1.266147700000000000e+07,1.266147700000000000e+07,1.128711800000000000e+07,1.128698500000000000e+07,7.942826000000000000e+06,7.942826000000000000e+06,6.639163000000000000e+06,6.639045000000000000e+06,0.000000000000000000e+00,0.000000000000000000e+00,0.000000000000000000e+00,0.000000000000000000e+00,0.000000000000000000e+00,0.000000000000000000e+00,0.000000000000000000e+00,0.000000000000000000e+00,9.976950000000000000e+05,9.976950000000000000e+05,9.100680000000000000e+05,9.710440000000000000e+05,2.148997000000000000e+06,2.148997000000000000e+06,1.772127000000000000e+06,1.914756000000000000e+06,7.696308000000000000e+06,7.696308000000000000e+06,6.560165000000000000e+06,6.624178000000000000e+06
3.580000000000000000e+02,1.267738900000000000e+07,1.267738900000000000e+07,1.130692800000000000e+07,1.130693200000000000e+07,7.738277000000000000e+06,7.738277000000000000e+06,6.468205000000000000e+06,6.468191000000000000e+06,0.000000000000000000e+00,0.000000000000000000e+00,0.000000000000000000e+00,0.000000000000000000e+00,0.000000000000000000e+00,0.000000000000000000e+00,0.000000000000000000e+00,0.000000000000000000e+00,0.000000000000000000e+00,0.000000000000000000e+00,0.000000000000000000e+00,0.000000000000000000e+00,0.000000000000000000e+00,0.000000000000000000e+00,0.000000000000000000e+00,0.000000000000000000e+00,6.493600000000000000e+06,6.493600000000000000e+06,5.566367000000000000e+06,5.566640000000000000e+06
3.590000000000000000e+02,1.271656400000000000e+07,1.271656400000000000e+07,1.133536300000000000e+07,1.133530100000000000e+07,7.544789000000000000e+06,7.544789000000000000e+06,6.302954000000000000e+06,6.302580000000000000e+06,0.000000000000000000e+00,0.000000000000000000e+00,0.000000000000000000e+00,0.000000000000000000e+00,0.000000000000000000e+00,0.000000000000000000e+00,0.000000000000000000e+00,0.000000000000000000e+00,0.000000000000000000e+00,0.000000000000000000e+00,0.000000000000000000e+00,0.000000000000000000e+00,0.000000000000000000e+00,0.000000000000000000e+00,0.000000000000000000e+00,0.000000000000000000e+00,6.710721000000000000e+06,6.710721000000000000e+06,5.755136000000000000e+06,5.755226000000000000e+06
3.600000000000000000e+02,1.272580500000000000e+07,1.272580500000000000e+07,1.134489100000000000e+07,1.134467500000000000e+07,7.338515000000000000e+06,7.338515000000000000e+06,6.128257000000000000e+06,6.128245000000000000e+06,0.000000000000000000e+00,0.000000000000000000e+00,0.000000000000000000e+00,0.000000000000000000e+00,0.000000000000000000e+00,0.000000000000000000e+00,0.000000000000000000e+00,0.000000000000000000e+00,0.000000000000000000e+00,0.000000000000000000e+00,0.000000000000000000e+00,0.000000000000000000e+00,0.000000000000000000e+00,0.000000000000000000e+00,0.000000000000000000e+00,0.000000000000000000e+00,6.916882000000000000e+06,6.916882000000000000e+06,5.937912000000000000e+06,5.938006000000000000e+06
