0.000000000000000000e+00,3.557615518569946289e+00,3.557615518569946289e+00,2.325958967208862305e+00,3.001659870147705078e+00,2.317646980285644531e+00,2.317646980285644531e+00,1.750081539154052734e+00,1.753174066543579102e+00,6.309962841584172293e-18,6.309962841584172293e-18,7.046558078075905354e-18,7.102300125194628783e-18,0.000000000000000000e+00,0.000000000000000000e+00,0.000000000000000000e+00,0.000000000000000000e+00,0.000000000000000000e+00,0.000000000000000000e+00,0.000000000000000000e+00,0.000000000000000000e+00,0.000000000000000000e+00,0.000000000000000000e+00,0.000000000000000000e+00,0.000000000000000000e+00,2.296493291854858398e+00,2.296493291854858398e+00,1.721621394157409668e+00,1.712581634521484375e+00
1.000000000000000000e+00,3.536079645156860352e+00,3.536079645156860352e+00,2.958206176757812500e+00,2.964652299880981445e+00,2.334482192993164062e+00,2.334482192993164062e+00,1.763996005058288574e+00,1.763633370399475098e+00,6.266226619482040405e-02,6.266226619482040405e-02,4.919413849711418152e-02,4.956846684217453003e-02,3.991515189409255981e-02,3.991515189409255981e-02,2.892383001744747162e-02,2.877033688127994537e-02,0.000000000000000000e+00,0.000000000000000000e+00,0.000000000000000000e+00,0.000000000000000000e+00,6.214226596057415009e-03,6.214226596057415009e-03,7.387039251625537872e-03,7.398255169391632080e-03,2.348912715911865234e+00,2.348912715911865234e+00,1.733428716659545898e+00,1.720486283302307129e+00
2.000000000000000000e+00,3.460486888885498047e+00,3.460486888885498047e+00,2.893487453460693359e+00,2.908175945281982422e+00,2.340756416320800781e+00,2.340756416320800781e+00,1.775628328323364258e+00,1.769428730010986328e+00,1.234013736248016357e-01,1.234013736248016357e-01,9.645935893058776855e-02,9.710978716611862183e-02,7.873629033565521240e-02,7.873629033565521240e-02,5.717795714735984802e-02,5.688853934407234192e-02,0.000000000000000000e+00,0.000000000000000000e+00,0.000000000000000000e+00,0.000000000000000000e+00,2.317788451910018921e-02,2.317788451910018921e-02,2.806109562516212463e-02,2.806261181831359863e-02,2.382748603820800781e+00,2.382748603820800781e+00,1.725704669952392578e+00,1.740771055221557617e+00
3.000000000000000000e+00,3.421966552734375000e+00,3.421966552734375000e+00,2.836176872253417969e+00,2.878991842269897461e+00,2.345252275466918945e+00,2.345252275466918945e+00,1.781778573989868164e+00,1.773519754409790039e+00,1.842657178640365601e-01,1.842657178640365601e-01,1.419032663106918335e-01,1.432331949472427368e-01,1.161219924688339233e-01,1.161219924688339233e-01,8.449911326169967651e-02,8.412727713584899902e-02,0.000000000000000000e+00,0.000000000000000000e+00,0.000000000000000000e+00,0.000000000000000000e+00,4.986181110143661499e-02,4.986181110143661499e-02,6.056315079331398010e-02,6.056319922208786011e-02,2.408153295516967773e+00,2.408153295516967773e+00,1.772287130355834961e+00,1.759980797767639160e+00
4.000000000000000000e+00,3.357594490051269531e+00,3.357594490051269531e+00,2.764531612396240234e+00,2.852739334106445312e+00,2.352127075195312500e+00,2.352127075195312500e+00,1.789088726043701172e+00,1.779855489730834961e+00,2.411471009254455566e-01,2.411471009254455566e-01,1.870492100715637207e-01,1.887339651584625244e-01,1.522960066795349121e-01,1.522960066795349121e-01,1.114424243569374084e-01,1.106329485774040222e-01,0.000000000000000000e+00,0.000000000000000000e+00,0.000000000000000000e+00,0.000000000000000000e+00,8.625409007072448730e-02,8.625409007072448730e-02,9.935265779495239258e-02,9.934182465076446533e-02,2.437624216079711914e+00,2.437624216079711914e+00,1.792307615280151367e+00,1.773159027099609375e+00
5.000000000000000000e+00,3.344228506088256836e+00,3.344228506088256836e+00,2.706267356872558594e+00,2.815002441406250000e+00,2.357714176177978516e+00,2.357714176177978516e+00,1.795743703842163086e+00,1.787950396537780762e+00,2.996706366539001465e-01,2.996706366539001465e-01,2.309107184410095215e-01,2.323116362094879150e-01,1.880982220172882080e-01,1.880982220172882080e-01,1.375122964382171631e-01,1.368373185396194458e-01,0.000000000000000000e+00,0.000000000000000000e+00,0.000000000000000000e+00,0.000000000000000000e+00,1.314757615327835083e-01,1.314757615327835083e-01,1.390689164400100708e-01,1.394119858741760254e-01,2.479142665863037109e+00,2.479142665863037109e+00,1.813739538192749023e+00,1.798983931541442871e+00
6.000000000000000000e+00,3.287347316741943359e+00,3.287347316741943359e+00,2.704101562500000000e+00,2.801772594451904297e+00,2.362388610839843750e+00,2.362388610839843750e+00,1.799693226814270020e+00,1.785966157913208008e+00,3.536366820335388184e-01,3.536366820335388184e-01,2.733522653579711914e-01,2.754684984683990479e-01,2.208788692951202393e-01,2.208788692951202393e-01,1.615817844867706299e-01,1.629383265972137451e-01,0.000000000000000000e+00,0.000000000000000000e+00,0.000000000000000000e+00,0.000000000000000000e+00,1.849842369556427002e-01,1.849842369556427002e-01,1.767497062683105469e-01,1.770071834325790405e-01,2.497368335723876953e+00,2.497368335723876953e+00,1.821582674980163574e+00,1.815377950668334961e+00
7.000000000000000000e+00,3.298863172531127930e+00,3.298863172531127930e+00,2.681839942932128906e+00,2.761786937713623047e+00,2.364174127578735352e+00,2.364174127578735352e+00,1.823478221893310547e+00,1.790121555328369141e+00,4.103080928325653076e-01,4.103080928325653076e-01,3.155610859394073486e-01,3.171702325344085693e-01,2.523946762084960938e-01,2.523946762084960938e-01,1.853768229484558105e-01,1.842033267021179199e-01,0.000000000000000000e+00,0.000000000000000000e+00,0.000000000000000000e+00,0.000000000000000000e+00,2.450366318225860596e-01,2.450366318225860596e-01,2.169129550457000732e-01,2.163844704627990723e-01,2.520822763442993164e+00,2.520822763442993164e+00,1.828299045562744141e+00,1.816446661949157715e+00
8.000000000000000000e+00,3.272891044616699219e+00,3.272891044616699219e+00,2.670247316360473633e+00,2.735956430435180664e+00,2.366819858551025391e+00,2.366819858551025391e+00,1.823352456092834473e+00,1.786491394042968750e+00,4.623127281665802002e-01,4.623127281665802002e-01,3.555307388305664062e-01,3.580949902534484863e-01,2.808901965618133545e-01,2.808901965618133545e-01,2.063436061143875122e-01,2.057132571935653687e-01,0.000000000000000000e+00,0.000000000000000000e+00,0.000000000000000000e+00,0.000000000000000000e+00,3.134055137634277344e-01,3.134055137634277344e-01,2.594954371452331543e-01,2.600829601287841797e-01,2.530295372009277344e+00,2.530295372009277344e+00,1.830639839172363281e+00,1.819107890129089355e+00
9.000000000000000000e+00,3.274681806564331055e+00,3.274681806564331055e+00,2.650762796401977539e+00,2.705561637878417969e+00,2.370630741119384766e+00,2.370630741119384766e+00,1.821067333221435547e+00,1.795946955680847168e+00,5.150333642959594727e-01,5.150333642959594727e-01,3.948737382888793945e-01,3.977916240692138672e-01,3.107883334159851074e-01,3.107883334159851074e-01,2.295075654983520508e-01,2.287856936454772949e-01,0.000000000000000000e+00,0.000000000000000000e+00,0.000000000000000000e+00,0.000000000000000000e+00,3.882095515727996826e-01,3.882095515727996826e-01,3.040689826011657715e-01,3.043459653854370117e-01,2.567501306533813477e+00,2.567501306533813477e+00,1.855108022689819336e+00,1.841939568519592285e+00
1.000000000000000000e+01,3.263136386871337891e+00,3.263136386871337891e+00,2.631073474884033203e+00,2.680779933929443359e+00,2.371728181838989258e+00,2.371728181838989258e+00,1.806852340698242188e+00,1.798564910888671875e+00,5.662419795989990234e-01,5.662419795989990234e-01,4.345342516899108887e-01,4.365603029727935791e-01,3.370990753173828125e-01,3.370990753173828125e-01,2.494363784790039062e-01,2.489255666732788086e-01,0.000000000000000000e+00,0.000000000000000000e+00,0.000000000000000000e+00,0.000000000000000000e+00,4.697299301624298096e-01,4.697299301624298096e-01,3.512823581695556641e-01,3.521836400032043457e-01,2.576537132263183594e+00,2.576537132263183594e+00,1.859411716461181641e+00,1.854560971260070801e+00
1.100000000000000000e+01,3.252724170684814453e+00,3.252724170684814453e+00,2.608889102935791016e+00,2.656580448150634766e+00,2.372910261154174805e+00,2.372910261154174805e+00,1.830919861793518066e+00,1.802298307418823242e+00,6.103621125221252441e-01,6.103621125221252441e-01,4.702921509742736816e-01,4.730832278728485107e-01,3.630266487598419189e-01,3.630266487598419189e-01,2.694956958293914795e-01,2.686758339405059814e-01,0.000000000000000000e+00,0.000000000000000000e+00,0.000000000000000000e+00,0.000000000000000000e+00,5.572564601898193359e-01,5.572564601898193359e-01,3.999670445919036865e-01,4.002233445644378662e-01,2.604317188262939453e+00,2.604317188262939453e+00,1.877785205841064453e+00,1.869134187698364258e+00
1.200000000000000000e+01,3.255671501159667969e+00,3.255671501159667969e+00,2.585177659988403320e+00,2.632396459579467773e+00,2.372806072235107422e+00,2.372806072235107422e+00,1.829965829849243164e+00,1.802016139030456543e+00,6.585990190505981445e-01,6.585990190505981445e-01,5.040551424026489258e-01,5.076072812080383301e-01,3.864272236824035645e-01,3.864272236824035645e-01,2.876190245151519775e-01,2.878725528717041016e-01,0.000000000000000000e+00,0.000000000000000000e+00,0.000000000000000000e+00,0.000000000000000000e+00,6.486240625381469727e-01,6.486240625381469727e-01,4.497340023517608643e-01,4.496098160743713379e-01,2.625262260437011719e+00,2.625262260437011719e+00,1.886036038398742676e+00,1.887101292610168457e+00
1.300000000000000000e+01,3.222046613693237305e+00,3.222046613693237305e+00,2.609285354614257812e+00,2.612699508666992188e+00,2.377116918563842773e+00,2.377116918563842773e+00,1.822912931442260742e+00,1.796460866928100586e+00,7.040794491767883301e-01,7.040794491767883301e-01,5.411156415939331055e-01,5.412462949752807617e-01,4.079410135746002197e-01,4.079410135746002197e-01,3.040115833282470703e-01,3.038797974586486816e-01,0.000000000000000000e+00,0.000000000000000000e+00,0.000000000000000000e+00,0.000000000000000000e+00,7.459731101989746094e-01,7.459731101989746094e-01,5.026608705520629883e-01,5.015839338302612305e-01,2.640875339508056641e+00,2.640875339508056641e+00,1.896872520446777344e+00,1.902410268783569336e+00
1.400000000000000000e+01,3.226762294769287109e+00,3.226762294769287109e+00,2.575882434844970703e+00,2.590772628784179688e+00,2.375558376312255859e+00,2.375558376312255859e+00,1.813233852386474609e+00,1.787925720214843750e+00,7.483297586441040039e-01,7.483297586441040039e-01,5.740051269531250000e-01,5.764230489730834961e-01,4.271734356880187988e-01,4.271734356880187988e-01,3.197994828224182129e-01,3.202602863311767578e-01,0.000000000000000000e+00,0.000000000000000000e+00,0.000000000000000000e+00,0.000000000000000000e+00,8.315260410308837891e-01,8.315260410308837891e-01,5.493735074996948242e-01,5.494109392166137695e-01,2.662265777587890625e+00,2.662265777587890625e+00,1.927681446075439453e+00,1.916594505310058594e+00
1.500000000000000000e+01,3.235233306884765625e+00,3.235233306884765625e+00,2.579566955566406250e+00,2.579194545745849609e+00,2.377504825592041016e+00,2.377504825592041016e+00,1.796092033386230469e+00,1.774548530578613281e+00,7.995163202285766602e-01,7.995163202285766602e-01,6.085712909698486328e-01,6.107199192047119141e-01,4.610404670238494873e-01,4.610404670238494873e-01,3.430328965187072754e-01,3.520532250404357910e-01,0.000000000000000000e+00,0.000000000000000000e+00,0.000000000000000000e+00,0.000000000000000000e+00,8.837077021598815918e-01,8.837077021598815918e-01,5.916460156440734863e-01,5.925614833831787109e-01,2.787485599517822266e+00,2.787485599517822266e+00,2.151682376861572266e+00,2.054178714752197266e+00
1.600000000000000000e+01,3.233178377151489258e+00,3.233178377151489258e+00,2.573144435882568359e+00,2.568733453750610352e+00,2.373212099075317383e+00,2.373212099075317383e+00,1.785646200180053711e+00,1.767818093299865723e+00,8.454248309135437012e-01,8.454248309135437012e-01,6.551300287246704102e-01,6.420027017593383789e-01,4.605062603950500488e-01,4.605062603950500488e-01,3.468788862228393555e-01,3.469252288341522217e-01,0.000000000000000000e+00,0.000000000000000000e+00,0.000000000000000000e+00,0.000000000000000000e+00,9.359211921691894531e-01,9.359211921691894531e-01,6.328099370002746582e-01,6.353701949119567871e-01,2.685231447219848633e+00,2.685231447219848633e+00,1.930688023567199707e+00,1.947605848312377930e+00
1.700000000000000000e+01,3.233610153198242188e+00,3.233610153198242188e+00,2.572741031646728516e+00,2.567802906036376953e+00,2.374696493148803711e+00,2.374696493148803711e+00,1.779306411743164062e+00,1.753062963485717773e+00,8.863685131072998047e-01,8.863685131072998047e-01,6.730169653892517090e-01,6.765439510345458984e-01,4.737012982368469238e-01,4.737012982368469238e-01,3.582444190979003906e-01,3.583929836750030518e-01,0.000000000000000000e+00,0.000000000000000000e+00,0.000000000000000000e+00,0.000000000000000000e+00,9.813024401664733887e-01,9.813024401664733887e-01,6.719408035278320312e-01,6.744821667671203613e-01,2.702885627746582031e+00,2.702885627746582031e+00,1.939159870147705078e+00,1.954649209976196289e+00
1.800000000000000000e+01,3.218793392181396484e+00,3.218793392181396484e+00,2.562872886657714844e+00,2.561739444732666016e+00,2.373779058456420898e+00,2.373779058456420898e+00,1.769049763679504395e+00,1.751852035522460938e+00,9.280971884727478027e-01,9.280971884727478027e-01,7.055180072784423828e-01,7.073180675506591797e-01,4.835890531539916992e-01,4.835890531539916992e-01,3.663018047809600830e-01,3.673963546752929688e-01,0.000000000000000000e+00,0.000000000000000000e+00,0.000000000000000000e+00,0.000000000000000000e+00,1.033985137939453125e+00,1.033985137939453125e+00,7.328487634658813477e-01,7.175116539001464844e-01,2.699724197387695312e+00,2.699724197387695312e+00,1.915186166763305664e+00,1.959742307662963867e+00
1.900000000000000000e+01,3.220123767852783203e+00,3.220123767852783203e+00,2.467757463455200195e+00,2.556491851806640625e+00,2.375111579895019531e+00,2.375111579895019531e+00,1.761552810668945312e+00,1.746297836303710938e+00,9.774906635284423828e-01,9.774906635284423828e-01,7.333710789680480957e-01,7.341077327728271484e-01,4.875466525554656982e-01,4.875466525554656982e-01,3.750998377799987793e-01,3.762030005455017090e-01,0.000000000000000000e+00,0.000000000000000000e+00,0.000000000000000000e+00,0.000000000000000000e+00,1.081058263778686523e+00,1.081058263778686523e+00,7.537270784378051758e-01,7.571899890899658203e-01,2.728980064392089844e+00,2.728980064392089844e+00,1.958698034286499023e+00,1.973930597305297852e+00
2.000000000000000000e+01,3.229569911956787109e+00,3.229569911956787109e+00,2.546503305435180664e+00,2.557108640670776367e+00,2.374167203903198242e+00,2.374167203903198242e+00,1.744848966598510742e+00,1.740148067474365234e+00,1.023506641387939453e+00,1.023506641387939453e+00,7.661726474761962891e-01,7.627222537994384766e-01,4.895960092544555664e-01,4.895960092544555664e-01,3.832299113273620605e-01,3.843173086643218994e-01,0.000000000000000000e+00,0.000000000000000000e+00,0.000000000000000000e+00,0.000000000000000000e+00,1.126839995384216309e+00,1.126839995384216309e+00,7.923161387443542480e-01,7.957849502563476562e-01,2.749299526214599609e+00,2.749299526214599609e+00,1.992840051651000977e+00,1.998491883277893066e+00
2.100000000000000000e+01,3.222393035888671875e+00,3.222393035888671875e+00,2.538703918457031250e+00,2.558866977691650391e+00,2.371199369430541992e+00,2.371199369430541992e+00,1.744620203971862793e+00,1.736029028892517090e+00,1.061460852622985840e+00,1.061460852622985840e+00,7.885013818740844727e-01,7.910379767417907715e-01,4.847534894943237305e-01,4.847534894943237305e-01,3.847301006317138672e-01,3.853555321693420410e-01,0.000000000000000000e+00,0.000000000000000000e+00,0.000000000000000000e+00,0.000000000000000000e+00,1.164750576019287109e+00,1.164750576019287109e+00,8.300063014030456543e-01,8.327039480209350586e-01,2.737797737121582031e+00,2.737797737121582031e+00,1.979845046997070312e+00,1.984549522399902344e+00
2.200000000000000000e+01,3.227627277374267578e+00,3.227627277374267578e+00,2.534525394439697266e+00,2.557691574096679688e+00,2.368747472763061523e+00,2.368747472763061523e+00,1.734317421913146973e+00,1.729354381561279297e+00,1.109906435012817383e+00,1.109906435012817383e+00,8.181816935539245605e-01,8.210922479629516602e-01,4.816835522651672363e-01,4.816835522651672363e-01,3.871411979198455811e-01,3.879922628402709961e-01,0.000000000000000000e+00,0.000000000000000000e+00,0.000000000000000000e+00,0.000000000000000000e+00,1.216165781021118164e+00,1.216165781021118164e+00,8.735235333442687988e-01,8.749669790267944336e-01,2.743323326110839844e+00,2.743323326110839844e+00,1.984486818313598633e+00,1.993442773818969727e+00
2.300000000000000000e+01,3.231938838958740234e+00,3.231938838958740234e+00,2.528542280197143555e+00,2.543969154357910156e+00,2.368206024169921875e+00,2.368206024169921875e+00,1.720966815948486328e+00,1.724127411842346191e+00,1.142779231071472168e+00,1.142779231071472168e+00,8.445314168930053711e-01,8.474298715591430664e-01,4.745691418647766113e-01,4.745691418647766113e-01,3.891710937023162842e-01,3.895086050033569336e-01,0.000000000000000000e+00,0.000000000000000000e+00,0.000000000000000000e+00,0.000000000000000000e+00,1.250927329063415527e+00,1.250927329063415527e+00,9.063311815261840820e-01,9.103915691375732422e-01,2.762088537216186523e+00,2.762088537216186523e+00,1.995771646499633789e+00,2.005538225173950195e+00
2.400000000000000000e+01,3.235224962234497070e+00,3.235224962234497070e+00,2.523111581802368164e+00,2.560967922210693359e+00,2.370810985565185547e+00,2.370810985565185547e+00,1.723124742507934570e+00,1.718945264816284180e+00,1.171414375305175781e+00,1.171414375305175781e+00,8.668797612190246582e-01,8.674712181091308594e-01,4.650908112525939941e-01,4.650908112525939941e-01,3.876945078372955322e-01,3.887504935264587402e-01,0.000000000000000000e+00,0.000000000000000000e+00,0.000000000000000000e+00,0.000000000000000000e+00,1.288923263549804688e+00,1.288923263549804688e+00,9.451211690902709961e-01,9.440577030181884766e-01,2.766752958297729492e+00,2.766752958297729492e+00,2.006402015686035156e+00,2.003260612487792969e+00
2.500000000000000000e+01,3.244403362274169922e+00,3.244403362274169922e+00,2.539300441741943359e+00,2.557977437973022461e+00,2.366478919982910156e+00,2.366478919982910156e+00,1.724936366081237793e+00,1.714886665344238281e+00,1.220228910446166992e+00,1.220228910446166992e+00,8.837439417839050293e-01,8.915800452232360840e-01,4.561973810195922852e-01,4.561973810195922852e-01,3.868332505226135254e-01,3.868652582168579102e-01,0.000000000000000000e+00,0.000000000000000000e+00,0.000000000000000000e+00,0.000000000000000000e+00,1.328068494796752930e+00,1.328068494796752930e+00,9.771752357482910156e-01,9.769468903541564941e-01,2.769298315048217773e+00,2.769298315048217773e+00,2.011803388595581055e+00,2.004529953002929688e+00
2.600000000000000000e+01,3.255022525787353516e+00,3.255022525787353516e+00,2.497477054595947266e+00,2.568296432495117188e+00,2.363654613494873047e+00,2.363654613494873047e+00,1.712760925292968750e+00,1.714547157287597656e+00,1.257290840148925781e+00,1.257290840148925781e+00,9.163851737976074219e-01,9.161568284034729004e-01,4.423635900020599365e-01,4.423635900020599365e-01,3.854250311851501465e-01,3.863889575004577637e-01,0.000000000000000000e+00,0.000000000000000000e+00,0.000000000000000000e+00,0.000000000000000000e+00,1.364385008811950684e+00,1.364385008811950684e+00,1.012499690055847168e+00,1.011935114860534668e+00,2.763063430786132812e+00,2.763063430786132812e+00,2.032614469528198242e+00,2.027956485748291016e+00
2.700000000000000000e+01,3.261269092559814453e+00,3.261269092559814453e+00,2.502757072448730469e+00,2.570814371109008789e+00,2.359314203262329102e+00,2.359314203262329102e+00,1.708811163902282715e+00,1.710702657699584961e+00,1.280564308166503906e+00,1.280564308166503906e+00,9.342603683471679688e-01,9.343794584274291992e-01,4.271385073661804199e-01,4.271385073661804199e-01,3.748582899570465088e-01,3.754326701164245605e-01,0.000000000000000000e+00,0.000000000000000000e+00,0.000000000000000000e+00,0.000000000000000000e+00,1.391522169113159180e+00,1.391522169113159180e+00,1.041188955307006836e+00,1.038203477859497070e+00,2.735797166824340820e+00,2.735797166824340820e+00,2.001417636871337891e+00,1.992808580398559570e+00
2.800000000000000000e+01,3.266042709350585938e+00,3.266042709350585938e+00,2.513453960418701172e+00,2.571591138839721680e+00,2.359448909759521484e+00,2.359448909759521484e+00,1.701834201812744141e+00,1.710802793502807617e+00,1.319572925567626953e+00,1.319572925567626953e+00,9.564296007156372070e-01,9.553077816963195801e-01,4.160900712013244629e-01,4.160900712013244629e-01,3.718872964382171631e-01,3.719803690910339355e-01,0.000000000000000000e+00,0.000000000000000000e+00,0.000000000000000000e+00,0.000000000000000000e+00,1.424301862716674805e+00,1.424301862716674805e+00,1.074111223220825195e+00,1.073610424995422363e+00,2.744156837463378906e+00,2.744156837463378906e+00,2.017083644866943359e+00,2.012601375579833984e+00
2.900000000000000000e+01,3.266361713409423828e+00,3.266361713409423828e+00,2.514333009719848633e+00,2.578861713409423828e+00,2.360983848571777344e+00,2.360983848571777344e+00,1.732691645622253418e+00,1.712864160537719727e+00,1.352517127990722656e+00,1.352517127990722656e+00,9.776365160942077637e-01,9.737330079078674316e-01,3.914028406143188477e-01,3.914028406143188477e-01,3.582609295845031738e-01,3.584555387496948242e-01,0.000000000000000000e+00,0.000000000000000000e+00,0.000000000000000000e+00,0.000000000000000000e+00,1.458794593811035156e+00,1.458794593811035156e+00,1.105163097381591797e+00,1.103702068328857422e+00,2.753787994384765625e+00,2.753787994384765625e+00,2.022678136825561523e+00,2.016143798828125000e+00
3.000000000000000000e+01,3.274776458740234375e+00,3.274776458740234375e+00,2.602010250091552734e+00,2.584007263183593750e+00,2.353789806365966797e+00,2.353789806365966797e+00,1.703783988952636719e+00,1.710263609886169434e+00,1.385653495788574219e+00,1.385653495788574219e+00,9.849910736083984375e-01,9.956948757171630859e-01,3.740906119346618652e-01,3.740906119346618652e-01,3.354606032371520996e-01,3.356600999832153320e-01,0.000000000000000000e+00,0.000000000000000000e+00,0.000000000000000000e+00,0.000000000000000000e+00,1.489104032516479492e+00,1.489104032516479492e+00,1.134302496910095215e+00,1.128785371780395508e+00,2.742277622222900391e+00,2.742277622222900391e+00,2.019505977630615234e+00,2.023692369461059570e+00
3.100000000000000000e+01,3.271033287048339844e+00,3.271033287048339844e+00,2.523858308792114258e+00,2.585453271865844727e+00,2.358726978302001953e+00,2.358726978302001953e+00,1.704518795013427734e+00,1.713833808898925781e+00,1.403440952301025391e+00,1.403440952301025391e+00,1.015912055969238281e+00,1.012338638305664062e+00,3.552557528018951416e-01,3.552557528018951416e-01,3.118706345558166504e-01,3.125748932361602783e-01,0.000000000000000000e+00,0.000000000000000000e+00,0.000000000000000000e+00,0.000000000000000000e+00,1.506060123443603516e+00,1.506060123443603516e+00,1.158055543899536133e+00,1.152040481567382812e+00,2.724143505096435547e+00,2.724143505096435547e+00,2.044909477233886719e+00,2.034073829650878906e+00
3.200000000000000000e+01,3.271475791931152344e+00,3.271475791931152344e+00,2.535848379135131836e+00,2.589055299758911133e+00,2.327520847320556641e+00,2.327520847320556641e+00,1.706347227096557617e+00,1.712753057479858398e+00,1.428290367126464844e+00,1.428290367126464844e+00,1.028981089591979980e+00,1.023789405822753906e+00,3.323438167572021484e-01,3.323438167572021484e-01,2.869490981101989746e-01,2.875911295413970947e-01,0.000000000000000000e+00,0.000000000000000000e+00,0.000000000000000000e+00,0.000000000000000000e+00,1.533362030982971191e+00,1.533362030982971191e+00,1.181437015533447266e+00,1.175811409950256348e+00,2.712711572647094727e+00,2.712711572647094727e+00,2.055689334869384766e+00,2.045976877212524414e+00
3.300000000000000000e+01,3.277313232421875000e+00,3.277313232421875000e+00,2.525925159454345703e+00,2.592505931854248047e+00,2.295464038848876953e+00,2.295464038848876953e+00,1.694995880126953125e+00,1.713102102279663086e+00,1.459834337234497070e+00,1.459834337234497070e+00,1.046306848526000977e+00,1.041160821914672852e+00,3.077427446842193604e-01,3.077427446842193604e-01,2.611787915229797363e-01,2.615520954132080078e-01,0.000000000000000000e+00,0.000000000000000000e+00,0.000000000000000000e+00,0.000000000000000000e+00,1.554443955421447754e+00,1.554443955421447754e+00,1.201454401016235352e+00,1.196239709854125977e+00,2.708300590515136719e+00,2.708300590515136719e+00,2.140401840209960938e+00,2.046032905578613281e+00
3.400000000000000000e+01,3.278059482574462891e+00,3.278059482574462891e+00,2.525622606277465820e+00,2.593747138977050781e+00,2.255056381225585938e+00,2.255056381225585938e+00,1.694050312042236328e+00,1.711248397827148438e+00,1.484011411666870117e+00,1.484011411666870117e+00,1.064070224761962891e+00,1.057207584381103516e+00,2.760578393936157227e-01,2.760578393936157227e-01,2.350630462169647217e-01,2.348961532115936279e-01,0.000000000000000000e+00,0.000000000000000000e+00,0.000000000000000000e+00,0.000000000000000000e+00,1.576974749565124512e+00,1.576974749565124512e+00,1.210855960845947266e+00,1.206991434097290039e+00,2.688397884368896484e+00,2.688397884368896484e+00,2.046710491180419922e+00,2.053473949432373047e+00
3.500000000000000000e+01,3.282477855682373047e+00,3.282477855682373047e+00,2.567968368530273438e+00,2.596882104873657227e+00,2.239207744598388672e+00,2.239207744598388672e+00,1.699025392532348633e+00,1.710698246955871582e+00,1.500612258911132812e+00,1.500612258911132812e+00,1.010859727859497070e+00,1.076020240783691406e+00,2.373831570148468018e-01,2.373831570148468018e-01,2.078928649425506592e-01,2.077056169509887695e-01,0.000000000000000000e+00,0.000000000000000000e+00,0.000000000000000000e+00,0.000000000000000000e+00,1.591243028640747070e+00,1.591243028640747070e+00,1.220224976539611816e+00,1.216647028923034668e+00,2.688995599746704102e+00,2.688995599746704102e+00,2.057226657867431641e+00,2.053233623504638672e+00
3.600000000000000000e+01,3.284653186798095703e+00,3.284653186798095703e+00,2.560840368270874023e+00,2.603557586669921875e+00,2.221673488616943359e+00,2.221673488616943359e+00,1.704545021057128906e+00,1.721248269081115723e+00,1.525203704833984375e+00,1.525203704833984375e+00,1.093650341033935547e+00,1.087761759757995605e+00,2.010966986417770386e-01,2.010966986417770386e-01,1.827820837497711182e-01,1.825354844331741333e-01,0.000000000000000000e+00,0.000000000000000000e+00,0.000000000000000000e+00,0.000000000000000000e+00,1.604111671447753906e+00,1.604111671447753906e+00,1.221779942512512207e+00,1.222192883491516113e+00,2.682284355163574219e+00,2.682284355163574219e+00,2.057827234268188477e+00,2.054422378540039062e+00
3.700000000000000000e+01,3.285873889923095703e+00,3.285873889923095703e+00,2.639353275299072266e+00,2.600567817687988281e+00,2.202479839324951172e+00,2.202479839324951172e+00,1.712409496307373047e+00,1.734351396560668945e+00,1.549786329269409180e+00,1.549786329269409180e+00,1.107405185699462891e+00,1.104455232620239258e+00,1.654730737209320068e-01,1.654730737209320068e-01,1.540678441524505615e-01,1.538631618022918701e-01,0.000000000000000000e+00,0.000000000000000000e+00,0.000000000000000000e+00,0.000000000000000000e+00,1.620861768722534180e+00,1.620861768722534180e+00,1.249748229980468750e+00,1.246944665908813477e+00,2.661621093750000000e+00,2.661621093750000000e+00,2.063353538513183594e+00,2.054502248764038086e+00
3.800000000000000000e+01,3.287188053131103516e+00,3.287188053131103516e+00,2.575465679168701172e+00,2.605893611907958984e+00,2.215382099151611328e+00,2.215382099151611328e+00,1.724544763565063477e+00,1.748112797737121582e+00,1.560208797454833984e+00,1.560208797454833984e+00,1.122517824172973633e+00,1.117927789688110352e+00,1.322148293256759644e-01,1.322148293256759644e-01,1.264196634292602539e-01,1.264905184507369995e-01,0.000000000000000000e+00,0.000000000000000000e+00,0.000000000000000000e+00,0.000000000000000000e+00,1.632115125656127930e+00,1.632115125656127930e+00,1.239744544029235840e+00,1.241074800491333008e+00,2.664353609085083008e+00,2.664353609085083008e+00,2.062078237533569336e+00,2.055173873901367188e+00
3.900000000000000000e+01,3.291493415832519531e+00,3.291493415832519531e+00,2.583843946456909180e+00,2.608253717422485352e+00,2.215505123138427734e+00,2.215505123138427734e+00,1.741909503936767578e+00,1.770839929580688477e+00,1.566970348358154297e+00,1.566970348358154297e+00,1.134430885314941406e+00,1.127497792243957520e+00,1.014078482985496521e-01,1.014078482985496521e-01,1.008659005165100098e-01,1.006983667612075806e-01,0.000000000000000000e+00,0.000000000000000000e+00,0.000000000000000000e+00,0.000000000000000000e+00,1.639286279678344727e+00,1.639286279678344727e+00,1.236154437065124512e+00,1.233688831329345703e+00,2.635484933853149414e+00,2.635484933853149414e+00,2.072231054306030273e+00,2.061804771423339844e+00
4.000000000000000000e+01,3.290851354598999023e+00,3.290851354598999023e+00,2.591351509094238281e+00,2.609360694885253906e+00,2.247590780258178711e+00,2.247590780258178711e+00,1.769153594970703125e+00,1.813279151916503906e+00,1.590128183364868164e+00,1.590128183364868164e+00,1.141038775444030762e+00,1.135317206382751465e+00,7.338089495897293091e-02,7.338089495897293091e-02,7.486352324485778809e-02,7.633118331432342529e-02,0.000000000000000000e+00,0.000000000000000000e+00,0.000000000000000000e+00,0.000000000000000000e+00,1.640836000442504883e+00,1.640836000442504883e+00,1.234536886215209961e+00,1.232330560684204102e+00,2.637004375457763672e+00,2.637004375457763672e+00,2.061330318450927734e+00,2.056796073913574219e+00
4.100000000000000000e+01,3.292939186096191406e+00,3.292939186096191406e+00,2.576124191284179688e+00,2.608612775802612305e+00,2.268563508987426758e+00,2.268563508987426758e+00,1.814085960388183594e+00,1.846585988998413086e+00,1.592475414276123047e+00,1.592475414276123047e+00,1.150469422340393066e+00,1.143353104591369629e+00,4.874887317419052124e-02,4.874887317419052124e-02,5.425192415714263916e-02,5.418720096349716187e-02,0.000000000000000000e+00,0.000000000000000000e+00,0.000000000000000000e+00,0.000000000000000000e+00,1.642366647720336914e+00,1.642366647720336914e+00,1.232331752777099609e+00,1.227348566055297852e+00,2.603920698165893555e+00,2.603920698165893555e+00,2.053719997406005859e+00,2.058118581771850586e+00
4.200000000000000000e+01,3.288634300231933594e+00,3.288634300231933594e+00,2.599401473999023438e+00,2.607540607452392578e+00,2.330393314361572266e+00,2.330393314361572266e+00,1.860412120819091797e+00,1.890611648559570312e+00,1.613146543502807617e+00,1.613146543502807617e+00,1.160832047462463379e+00,1.155154705047607422e+00,2.853833138942718506e-02,2.853833138942718506e-02,3.474487736821174622e-02,3.467431291937828064e-02,0.000000000000000000e+00,0.000000000000000000e+00,0.000000000000000000e+00,0.000000000000000000e+00,1.645277023315429688e+00,1.645277023315429688e+00,1.233842015266418457e+00,1.228571653366088867e+00,2.600794315338134766e+00,2.600794315338134766e+00,2.055645465850830078e+00,2.045762777328491211e+00
4.300000000000000000e+01,3.290380954742431641e+00,3.290380954742431641e+00,2.600561380386352539e+00,2.611788034439086914e+00,2.384978771209716797e+00,2.384978771209716797e+00,1.910788536071777344e+00,1.935538053512573242e+00,1.622522354125976562e+00,1.622522354125976562e+00,1.175085544586181641e+00,1.168172717094421387e+00,1.340718939900398254e-02,1.340718939900398254e-02,1.812271773815155029e-02,1.808034628629684448e-02,0.000000000000000000e+00,0.000000000000000000e+00,0.000000000000000000e+00,0.000000000000000000e+00,1.647484064102172852e+00,1.647484064102172852e+00,1.230298995971679688e+00,1.225329518318176270e+00,2.567668437957763672e+00,2.567668437957763672e+00,2.062880992889404297e+00,2.058823585510253906e+00
4.400000000000000000e+01,3.301373481750488281e+00,3.301373481750488281e+00,2.596823215484619141e+00,2.617935180664062500e+00,2.469820976257324219e+00,2.469820976257324219e+00,1.970603704452514648e+00,1.987943530082702637e+00,1.620192766189575195e+00,1.620192766189575195e+00,1.182579874992370605e+00,1.176476955413818359e+00,3.557675518095493317e-03,3.557675518095493317e-03,4.848487675189971924e-03,4.849160090088844299e-03,0.000000000000000000e+00,0.000000000000000000e+00,0.000000000000000000e+00,0.000000000000000000e+00,1.641623497009277344e+00,1.641623497009277344e+00,1.220694541931152344e+00,1.217856049537658691e+00,2.557833194732666016e+00,2.557833194732666016e+00,2.081229209899902344e+00,2.059588432312011719e+00
4.500000000000000000e+01,3.274163246154785156e+00,3.274163246154785156e+00,2.602736949920654297e+00,2.621370792388916016e+00,2.531286478042602539e+00,2.531286478042602539e+00,1.633928537368774414e+00,2.044251918792724609e+00,1.624654769897460938e+00,1.624654769897460938e+00,1.188007473945617676e+00,1.180389761924743652e+00,0.000000000000000000e+00,0.000000000000000000e+00,0.000000000000000000e+00,0.000000000000000000e+00,1.340900057655858291e-09,1.340900057655858291e-09,1.103984903494392711e-09,1.114401571022938242e-09,1.623887777328491211e+00,1.623887777328491211e+00,1.217372655868530273e+00,1.211076974868774414e+00,2.515495061874389648e+00,2.515495061874389648e+00,1.601890802383422852e+00,2.059160947799682617e+00
4.600000000000000000e+01,3.287495851516723633e+00,3.287495851516723633e+00,2.601937770843505859e+00,2.621904611587524414e+00,2.582858562469482422e+00,2.582858562469482422e+00,2.027646064758300781e+00,2.043067693710327148e+00,1.645214080810546875e+00,1.645214080810546875e+00,1.192216634750366211e+00,1.185831904411315918e+00,0.000000000000000000e+00,0.000000000000000000e+00,0.000000000000000000e+00,0.000000000000000000e+00,4.317427054047584534e-03,4.317427054047584534e-03,5.131773650646209717e-03,5.140469409525394440e-03,1.631944417953491211e+00,1.631944417953491211e+00,1.204370975494384766e+00,1.195260405540466309e+00,2.460308551788330078e+00,2.460308551788330078e+00,2.008648872375488281e+00,2.007252693176269531e+00
4.700000000000000000e+01,3.290878534317016602e+00,3.290878534317016602e+00,2.607314348220825195e+00,2.622807025909423828e+00,2.585967063903808594e+00,2.585967063903808594e+00,2.021458864212036133e+00,2.034885168075561523e+00,1.650039911270141602e+00,1.650039911270141602e+00,1.198182344436645508e+00,1.191946148872375488e+00,0.000000000000000000e+00,0.000000000000000000e+00,0.000000000000000000e+00,0.000000000000000000e+00,1.581691950559616089e-02,1.581691950559616089e-02,1.914816163480281830e-02,1.915031857788562775e-02,1.626021862030029297e+00,1.626021862030029297e+00,1.177645921707153320e+00,1.188001990318298340e+00,2.375302076339721680e+00,2.375302076339721680e+00,1.945113182067871094e+00,1.958561182022094727e+00
4.800000000000000000e+01,3.290822029113769531e+00,3.290822029113769531e+00,2.618581771850585938e+00,2.619058132171630859e+00,2.616418600082397461e+00,2.616418600082397461e+00,2.014956712722778320e+00,2.034014225006103516e+00,1.648893952369689941e+00,1.648893952369689941e+00,1.199884414672851562e+00,1.194660067558288574e+00,0.000000000000000000e+00,0.000000000000000000e+00,0.000000000000000000e+00,0.000000000000000000e+00,3.340985998511314392e-02,3.340985998511314392e-02,4.058028012514114380e-02,4.058030992746353149e-02,1.613597750663757324e+00,1.613597750663757324e+00,1.187440395355224609e+00,1.179332256317138672e+00,2.323086500167846680e+00,2.323086500167846680e+00,1.898259639739990234e+00,1.914848804473876953e+00
4.900000000000000000e+01,3.297406196594238281e+00,3.297406196594238281e+00,2.596748590469360352e+00,2.627448081970214844e+00,2.609081268310546875e+00,2.609081268310546875e+00,2.023665189743041992e+00,2.042391538619995117e+00,1.647640943527221680e+00,1.647640943527221680e+00,1.205759644508361816e+00,1.196902036666870117e+00,0.000000000000000000e+00,0.000000000000000000e+00,0.000000000000000000e+00,0.000000000000000000e+00,5.672597140073776245e-02,5.672597140073776245e-02,6.537145376205444336e-02,6.532773375511169434e-02,1.603130936622619629e+00,1.603130936622619629e+00,1.178551793098449707e+00,1.166119456291198730e+00,2.260826826095581055e+00,2.260826826095581055e+00,1.846197605133056641e+00,1.886558055877685547e+00
5.000000000000000000e+01,3.286386728286743164e+00,3.286386728286743164e+00,2.621426343917846680e+00,2.624309539794921875e+00,2.633950710296630859e+00,2.633950710296630859e+00,2.029235124588012695e+00,2.042083263397216797e+00,1.653265953063964844e+00,1.653265953063964844e+00,1.208572506904602051e+00,1.202693700790405273e+00,0.000000000000000000e+00,0.000000000000000000e+00,0.000000000000000000e+00,0.000000000000000000e+00,8.483356237411499023e-02,8.483356237411499023e-02,8.973348885774612427e-02,8.994797617197036743e-02,1.599628210067749023e+00,1.599628210067749023e+00,1.170228004455566406e+00,1.160765051841735840e+00,2.238826990127563477e+00,2.238826990127563477e+00,1.809918642044067383e+00,1.857787728309631348e+00
5.100000000000000000e+01,3.287813901901245117e+00,3.287813901901245117e+00,2.626271247863769531e+00,2.628962755203247070e+00,2.629177331924438477e+00,2.629177331924438477e+00,2.032283782958984375e+00,2.047806739807128906e+00,1.642185449600219727e+00,1.642185449600219727e+00,1.201228380203247070e+00,1.211395144462585449e+00,0.000000000000000000e+00,0.000000000000000000e+00,0.000000000000000000e+00,0.000000000000000000e+00,1.170556396245956421e-01,1.170556396245956421e-01,1.118393018841743469e-01,1.120057106018066406e-01,1.580322980880737305e+00,1.580322980880737305e+00,1.152770280838012695e+00,1.148616552352905273e+00,2.194286346435546875e+00,2.194286346435546875e+00,1.791299104690551758e+00,1.837097764015197754e+00
5.200000000000000000e+01,3.285289525985717773e+00,3.285289525985717773e+00,2.618655681610107422e+00,2.631496429443359375e+00,2.653166055679321289e+00,2.653166055679321289e+00,2.040437221527099609e+00,2.050866603851318359e+00,1.631991505622863770e+00,1.631991505622863770e+00,1.198743700981140137e+00,1.191045284271240234e+00,0.000000000000000000e+00,0.000000000000000000e+00,0.000000000000000000e+00,0.000000000000000000e+00,1.519925892353057861e-01,1.519925892353057861e-01,1.345448791980743408e-01,1.342194676399230957e-01,1.563651800155639648e+00,1.563651800155639648e+00,1.134181499481201172e+00,1.126697063446044922e+00,2.198747873306274414e+00,2.198747873306274414e+00,1.766361117362976074e+00,1.819029331207275391e+00
5.300000000000000000e+01,3.282197952270507812e+00,3.282197952270507812e+00,2.612936019897460938e+00,2.627049922943115234e+00,2.653018951416015625e+00,2.653018951416015625e+00,2.040158748626708984e+00,2.055018901824951172e+00,1.611849188804626465e+00,1.611849188804626465e+00,1.184201717376708984e+00,1.180452346801757812e+00,0.000000000000000000e+00,0.000000000000000000e+00,0.000000000000000000e+00,0.000000000000000000e+00,1.904657781124114990e-01,1.904657781124114990e-01,1.577128022909164429e-01,1.580774188041687012e-01,1.537755846977233887e+00,1.537755846977233887e+00,1.112781524658203125e+00,1.105715036392211914e+00,2.184831857681274414e+00,2.184831857681274414e+00,1.763049960136413574e+00,1.808656215667724609e+00
5.400000000000000000e+01,3.284807920455932617e+00,3.284807920455932617e+00,2.619727373123168945e+00,2.635380029678344727e+00,2.663513898849487305e+00,2.663513898849487305e+00,2.042278289794921875e+00,2.057310581207275391e+00,1.607273936271667480e+00,1.607273936271667480e+00,1.186981439590454102e+00,1.183075785636901855e+00,0.000000000000000000e+00,0.000000000000000000e+00,0.000000000000000000e+00,0.000000000000000000e+00,2.310282588005065918e-01,2.310282588005065918e-01,1.809552609920501709e-01,1.811382174491882324e-01,1.527973294258117676e+00,1.527973294258117676e+00,1.104072213172912598e+00,1.096197962760925293e+00,2.193504333496093750e+00,2.193504333496093750e+00,1.756934642791748047e+00,1.799855947494506836e+00
5.500000000000000000e+01,3.279431343078613281e+00,3.279431343078613281e+00,2.609398841857910156e+00,2.625892162322998047e+00,2.671310901641845703e+00,2.671310901641845703e+00,2.049708843231201172e+00,2.059342861175537109e+00,1.590200543403625488e+00,1.590200543403625488e+00,1.176633119583129883e+00,1.174329996109008789e+00,0.000000000000000000e+00,0.000000000000000000e+00,0.000000000000000000e+00,0.000000000000000000e+00,2.735869288444519043e-01,2.735869288444519043e-01,2.046028077602386475e-01,2.051004022359848022e-01,1.500637531280517578e+00,1.500637531280517578e+00,1.083004593849182129e+00,1.079991579055786133e+00,2.197248220443725586e+00,2.197248220443725586e+00,1.755056262016296387e+00,1.789940118789672852e+00
5.600000000000000000e+01,3.275777339935302734e+00,3.275777339935302734e+00,2.594128131866455078e+00,2.622913360595703125e+00,2.651900291442871094e+00,2.651900291442871094e+00,2.043194293975830078e+00,2.055470943450927734e+00,1.577298641204833984e+00,1.577298641204833984e+00,1.170845031738281250e+00,1.167247772216796875e+00,0.000000000000000000e+00,0.000000000000000000e+00,0.000000000000000000e+00,0.000000000000000000e+00,3.174462914466857910e-01,3.174462914466857910e-01,2.278281450271606445e-01,2.279655933380126953e-01,1.483536481857299805e+00,1.483536481857299805e+00,1.069660782814025879e+00,1.064729213714599609e+00,2.207001686096191406e+00,2.207001686096191406e+00,1.750607967376708984e+00,1.789408683776855469e+00
5.700000000000000000e+01,3.271199703216552734e+00,3.271199703216552734e+00,2.606922626495361328e+00,2.620283126831054688e+00,2.656680583953857422e+00,2.656680583953857422e+00,2.033153057098388672e+00,2.047545194625854492e+00,1.558781385421752930e+00,1.558781385421752930e+00,1.160014748573303223e+00,1.161250829696655273e+00,0.000000000000000000e+00,0.000000000000000000e+00,0.000000000000000000e+00,0.000000000000000000e+00,3.611582517623901367e-01,3.611582517623901367e-01,2.505052089691162109e-01,2.504300773143768311e-01,1.461763381958007812e+00,1.461763381958007812e+00,1.050120949745178223e+00,1.050641894340515137e+00,2.219804286956787109e+00,2.219804286956787109e+00,1.827471017837524414e+00,1.782088041305541992e+00
5.800000000000000000e+01,3.275253295898437500e+00,3.275253295898437500e+00,2.607377052307128906e+00,2.618496894836425781e+00,2.654192686080932617e+00,2.654192686080932617e+00,2.039900064468383789e+00,2.040584325790405273e+00,1.537925481796264648e+00,1.537925481796264648e+00,1.146170258522033691e+00,1.145566105842590332e+00,0.000000000000000000e+00,0.000000000000000000e+00,0.000000000000000000e+00,0.000000000000000000e+00,4.057037532329559326e-01,4.057037532329559326e-01,2.733570635318756104e-01,2.727803289890289307e-01,1.436300754547119141e+00,1.436300754547119141e+00,1.031698226928710938e+00,1.034657478332519531e+00,2.204626560211181641e+00,2.204626560211181641e+00,1.781126737594604492e+00,1.789704322814941406e+00
5.900000000000000000e+01,3.271728515625000000e+00,3.271728515625000000e+00,2.601619720458984375e+00,2.611161231994628906e+00,2.651521682739257812e+00,2.651521682739257812e+00,2.033725738525390625e+00,2.042243242263793945e+00,1.513542532920837402e+00,1.513542532920837402e+00,1.133065462112426758e+00,1.134599208831787109e+00,0.000000000000000000e+00,0.000000000000000000e+00,0.000000000000000000e+00,0.000000000000000000e+00,4.416373372077941895e-01,4.416373372077941895e-01,2.916247546672821045e-01,2.916355133056640625e-01,1.413125634193420410e+00,1.413125634193420410e+00,1.023154854774475098e+00,1.017335534095764160e+00,2.210940122604370117e+00,2.210940122604370117e+00,1.790135860443115234e+00,1.795542240142822266e+00
6.000000000000000000e+01,3.272623538970947266e+00,3.272623538970947266e+00,2.573960781097412109e+00,2.601647853851318359e+00,2.675306558609008789e+00,2.675306558609008789e+00,2.035985231399536133e+00,2.043439865112304688e+00,1.542671442031860352e+00,1.542671442031860352e+00,1.147793769836425781e+00,1.177928805351257324e+00,0.000000000000000000e+00,0.000000000000000000e+00,0.000000000000000000e+00,0.000000000000000000e+00,4.574466049671173096e-01,4.574466049671173096e-01,3.062629103660583496e-01,3.067438900470733643e-01,1.442871093750000000e+00,1.442871093750000000e+00,1.113869071006774902e+00,1.063460588455200195e+00,2.220123052597045898e+00,2.220123052597045898e+00,1.797328948974609375e+00,1.805503129959106445e+00
6.100000000000000000e+01,3.260470390319824219e+00,3.260470390319824219e+00,2.577736377716064453e+00,2.592749118804931641e+00,2.682679653167724609e+00,2.682679653167724609e+00,2.078944683074951172e+00,2.037324190139770508e+00,1.461223721504211426e+00,1.461223721504211426e+00,1.100703358650207520e+00,1.100840330123901367e+00,0.000000000000000000e+00,0.000000000000000000e+00,0.000000000000000000e+00,0.000000000000000000e+00,4.720242619514465332e-01,4.720242619514465332e-01,3.191245794296264648e-01,3.204426467418670654e-01,1.354286670684814453e+00,1.354286670684814453e+00,9.737703204154968262e-01,9.822694659233093262e-01,2.220283508300781250e+00,2.220283508300781250e+00,1.819915056228637695e+00,1.823609352111816406e+00
6.200000000000000000e+01,3.266490936279296875e+00,3.266490936279296875e+00,2.570115566253662109e+00,2.589914083480834961e+00,2.675108909606933594e+00,2.675108909606933594e+00,2.031096935272216797e+00,2.042304992675781250e+00,1.430536031723022461e+00,1.430536031723022461e+00,1.081830143928527832e+00,1.082391262054443359e+00,0.000000000000000000e+00,0.000000000000000000e+00,0.000000000000000000e+00,0.000000000000000000e+00,4.817434549331665039e-01,4.817434549331665039e-01,3.296962380409240723e-01,3.309940099716186523e-01,1.326907634735107422e+00,1.326907634735107422e+00,9.520428776741027832e-01,9.596468210220336914e-01,2.240656852722167969e+00,2.240656852722167969e+00,1.830692052841186523e+00,1.829346418380737305e+00
6.300000000000000000e+01,3.261046409606933594e+00,3.261046409606933594e+00,2.565109252929687500e+00,2.584618568420410156e+00,2.676073074340820312e+00,2.676073074340820312e+00,2.034331798553466797e+00,2.039237260818481445e+00,1.394395470619201660e+00,1.394395470619201660e+00,1.056273698806762695e+00,1.059382438659667969e+00,0.000000000000000000e+00,0.000000000000000000e+00,0.000000000000000000e+00,0.000000000000000000e+00,4.935826659202575684e-01,4.935826659202575684e-01,3.498224616050720215e-01,3.425073027610778809e-01,1.288669466972351074e+00,1.288669466972351074e+00,9.142001867294311523e-01,9.356071949005126953e-01,2.238182067871093750e+00,2.238182067871093750e+00,1.821894884109497070e+00,1.823370695114135742e+00
6.400000000000000000e+01,3.262746334075927734e+00,3.262746334075927734e+00,2.553605794906616211e+00,2.579631328582763672e+00,2.698698043823242188e+00,2.698698043823242188e+00,2.024677753448486328e+00,2.026581048965454102e+00,1.343476533889770508e+00,1.343476533889770508e+00,1.035671353340148926e+00,1.039056062698364258e+00,0.000000000000000000e+00,0.000000000000000000e+00,0.000000000000000000e+00,0.000000000000000000e+00,5.012114048004150391e-01,5.012114048004150391e-01,3.494846820831298828e-01,3.510394096374511719e-01,1.265221118927001953e+00,1.265221118927001953e+00,9.082210659980773926e-01,9.151585102081298828e-01,2.246778488159179688e+00,2.246778488159179688e+00,1.828828334808349609e+00,1.824983119964599609e+00
6.500000000000000000e+01,3.263682365417480469e+00,3.263682365417480469e+00,2.551551818847656250e+00,2.579107522964477539e+00,2.712193489074707031e+00,2.712193489074707031e+00,2.030222415924072266e+00,2.020952701568603516e+00,1.297392487525939941e+00,1.297392487525939941e+00,1.015582799911499023e+00,1.018401145935058594e+00,0.000000000000000000e+00,0.000000000000000000e+00,0.000000000000000000e+00,0.000000000000000000e+00,5.067861080169677734e-01,5.067861080169677734e-01,3.564342856407165527e-01,3.580630421638488770e-01,1.236491084098815918e+00,1.236491084098815918e+00,8.964022397994995117e-01,8.988314867019653320e-01,2.258516311645507812e+00,2.258516311645507812e+00,1.833379149436950684e+00,1.819296360015869141e+00
6.600000000000000000e+01,3.255952835083007812e+00,3.255952835083007812e+00,2.566929817199707031e+00,2.576063156127929688e+00,2.705932140350341797e+00,2.705932140350341797e+00,2.009743690490722656e+00,2.016404628753662109e+00,1.235709309577941895e+00,1.235709309577941895e+00,9.806883931159973145e-01,9.823396205902099609e-01,0.000000000000000000e+00,0.000000000000000000e+00,0.000000000000000000e+00,0.000000000000000000e+00,5.074515342712402344e-01,5.074515342712402344e-01,3.616013526916503906e-01,3.627986311912536621e-01,1.192723035812377930e+00,1.192723035812377930e+00,8.625353574752807617e-01,8.646231889724731445e-01,2.270352125167846680e+00,2.270352125167846680e+00,1.827291011810302734e+00,1.825769662857055664e+00
6.700000000000000000e+01,3.256304740905761719e+00,3.256304740905761719e+00,2.569154739379882812e+00,2.567987442016601562e+00,2.727292776107788086e+00,2.727292776107788086e+00,2.010423660278320312e+00,2.017635107040405273e+00,1.183620452880859375e+00,1.183620452880859375e+00,9.513383507728576660e-01,9.533680081367492676e-01,0.000000000000000000e+00,0.000000000000000000e+00,0.000000000000000000e+00,0.000000000000000000e+00,5.125243663787841797e-01,5.125243663787841797e-01,3.681186735630035400e-01,3.687537312507629395e-01,1.156100749969482422e+00,1.156100749969482422e+00,8.363661766052246094e-01,8.399026393890380859e-01,2.281824350357055664e+00,2.281824350357055664e+00,1.824932336807250977e+00,1.825502872467041016e+00
6.800000000000000000e+01,3.255918979644775391e+00,3.255918979644775391e+00,2.573939323425292969e+00,2.568914651870727539e+00,2.711790561676025391e+00,2.711790561676025391e+00,2.004217863082885742e+00,2.011013031005859375e+00,1.126139998435974121e+00,1.126139998435974121e+00,9.234549999237060547e-01,9.243358373641967773e-01,0.000000000000000000e+00,0.000000000000000000e+00,0.000000000000000000e+00,0.000000000000000000e+00,5.090808868408203125e-01,5.090808868408203125e-01,3.688487708568572998e-01,3.704856932163238525e-01,1.124056339263916016e+00,1.124056339263916016e+00,8.122084736824035645e-01,8.161281347274780273e-01,2.293822526931762695e+00,2.293822526931762695e+00,1.823743343353271484e+00,1.821688175201416016e+00
6.900000000000000000e+01,3.265795230865478516e+00,3.265795230865478516e+00,2.566946506500244141e+00,2.569319725036621094e+00,2.688777685165405273e+00,2.688777685165405273e+00,1.989743709564208984e+00,1.991083502769470215e+00,1.067522168159484863e+00,1.067522168159484863e+00,8.898839950561523438e-01,8.923478126525878906e-01,0.000000000000000000e+00,0.000000000000000000e+00,0.000000000000000000e+00,0.000000000000000000e+00,5.056220293045043945e-01,5.056220293045043945e-01,3.707488179206848145e-01,3.703259527683258057e-01,1.085334777832031250e+00,1.085334777832031250e+00,7.870234251022338867e-01,7.858701944351196289e-01,2.315017938613891602e+00,2.315017938613891602e+00,1.829381942749023438e+00,1.826143980026245117e+00
7.000000000000000000e+01,3.257170200347900391e+00,3.257170200347900391e+00,2.584281682968139648e+00,2.568318843841552734e+00,2.713212966918945312e+00,2.713212966918945312e+00,1.964819669723510742e+00,1.982194900512695312e+00,1.014355897903442383e+00,1.014355897903442383e+00,8.601371049880981445e-01,8.601677417755126953e-01,0.000000000000000000e+00,0.000000000000000000e+00,0.000000000000000000e+00,0.000000000000000000e+00,5.011831521987915039e-01,5.011831521987915039e-01,3.688036799430847168e-01,3.686961829662322998e-01,1.045069932937622070e+00,1.045069932937622070e+00,7.591869831085205078e-01,7.564005851745605469e-01,2.331914663314819336e+00,2.331914663314819336e+00,1.830565929412841797e+00,1.827450752258300781e+00
7.100000000000000000e+01,3.255130529403686523e+00,3.255130529403686523e+00,2.538768291473388672e+00,2.563475608825683594e+00,2.712059259414672852e+00,2.712059259414672852e+00,1.976615548133850098e+00,1.976042866706848145e+00,9.541034698486328125e-01,9.541034698486328125e-01,8.307216167449951172e-01,8.327378034591674805e-01,0.000000000000000000e+00,0.000000000000000000e+00,0.000000000000000000e+00,0.000000000000000000e+00,4.942180216312408447e-01,4.942180216312408447e-01,3.667700588703155518e-01,3.665260076522827148e-01,1.000871539115905762e+00,1.000871539115905762e+00,7.363047003746032715e-01,7.346307635307312012e-01,2.350695133209228516e+00,2.350695133209228516e+00,1.832036733627319336e+00,1.831544876098632812e+00
7.200000000000000000e+01,3.253026962280273438e+00,3.253026962280273438e+00,2.588422775268554688e+00,2.564829587936401367e+00,2.682598590850830078e+00,2.682598590850830078e+00,1.957440733909606934e+00,1.957514524459838867e+00,8.947919607162475586e-01,8.947919607162475586e-01,7.852713465690612793e-01,7.865096330642700195e-01,0.000000000000000000e+00,0.000000000000000000e+00,0.000000000000000000e+00,0.000000000000000000e+00,4.825741648674011230e-01,4.825741648674011230e-01,3.610742092132568359e-01,3.600843846797943115e-01,9.488360881805419922e-01,9.488360881805419922e-01,6.942321062088012695e-01,6.911404132843017578e-01,2.370546579360961914e+00,2.370546579360961914e+00,1.825078725814819336e+00,1.830587148666381836e+00
7.300000000000000000e+01,3.256828784942626953e+00,3.256828784942626953e+00,2.591361761093139648e+00,2.566316366195678711e+00,2.687872409820556641e+00,2.687872409820556641e+00,1.948552131652832031e+00,1.946136474609375000e+00,8.475675582885742188e-01,8.475675582885742188e-01,7.575055956840515137e-01,7.576843500137329102e-01,0.000000000000000000e+00,0.000000000000000000e+00,0.000000000000000000e+00,0.000000000000000000e+00,4.716310501098632812e-01,4.716310501098632812e-01,3.556575775146484375e-01,3.555364012718200684e-01,9.087697267532348633e-01,9.087697267532348633e-01,6.681628227233886719e-01,6.666873693466186523e-01,2.374981164932250977e+00,2.374981164932250977e+00,1.835367679595947266e+00,1.830998182296752930e+00
7.400000000000000000e+01,3.262878894805908203e+00,3.262878894805908203e+00,2.584455013275146484e+00,2.571095466613769531e+00,2.681645870208740234e+00,2.681645870208740234e+00,1.938223361968994141e+00,1.930679321289062500e+00,7.760560512542724609e-01,7.760560512542724609e-01,7.103884220123291016e-01,7.107112407684326172e-01,0.000000000000000000e+00,0.000000000000000000e+00,0.000000000000000000e+00,0.000000000000000000e+00,4.597407579421997070e-01,4.597407579421997070e-01,3.482081294059753418e-01,3.477748334407806396e-01,8.678824305534362793e-01,8.678824305534362793e-01,6.374750733375549316e-01,6.354039907455444336e-01,2.374817848205566406e+00,2.374817848205566406e+00,1.834686994552612305e+00,1.830359816551208496e+00
7.500000000000000000e+01,3.254173755645751953e+00,3.254173755645751953e+00,2.590517997741699219e+00,2.578982830047607422e+00,2.676985740661621094e+00,2.676985740661621094e+00,1.902823925018310547e+00,1.923639655113220215e+00,7.226771116256713867e-01,7.226771116256713867e-01,6.480714082717895508e-01,6.484347581863403320e-01,0.000000000000000000e+00,0.000000000000000000e+00,0.000000000000000000e+00,0.000000000000000000e+00,4.450313746929168701e-01,4.450313746929168701e-01,3.389906585216522217e-01,3.373524546623229980e-01,8.195530176162719727e-01,8.195530176162719727e-01,6.034490466117858887e-01,6.046652793884277344e-01,2.376896381378173828e+00,2.376896381378173828e+00,1.823450088500976562e+00,1.828394651412963867e+00
7.600000000000000000e+01,3.269301414489746094e+00,3.269301414489746094e+00,2.595147609710693359e+00,2.587898254394531250e+00,2.644051074981689453e+00,2.644051074981689453e+00,1.913939595222473145e+00,1.907337069511413574e+00,6.692770123481750488e-01,6.692770123481750488e-01,5.875514745712280273e-01,5.888420343399047852e-01,0.000000000000000000e+00,0.000000000000000000e+00,0.000000000000000000e+00,0.000000000000000000e+00,4.250655770301818848e-01,4.250655770301818848e-01,3.268285989761352539e-01,3.251761794090270996e-01,7.688150405883789062e-01,7.688150405883789062e-01,5.772052407264709473e-01,5.740748643875122070e-01,2.374453306198120117e+00,2.374453306198120117e+00,1.842715024948120117e+00,1.828771710395812988e+00
7.700000000000000000e+01,3.258560180664062500e+00,3.258560180664062500e+00,2.602790355682373047e+00,2.597221851348876953e+00,2.626225948333740234e+00,2.626225948333740234e+00,1.892133474349975586e+00,1.882295131683349609e+00,6.110844612121582031e-01,6.110844612121582031e-01,5.276422500610351562e-01,5.288320183753967285e-01,0.000000000000000000e+00,0.000000000000000000e+00,0.000000000000000000e+00,0.000000000000000000e+00,4.067403674125671387e-01,4.067403674125671387e-01,3.133891224861145020e-01,3.119068741798400879e-01,7.195668816566467285e-01,7.195668816566467285e-01,5.452840328216552734e-01,5.427190065383911133e-01,2.374634265899658203e+00,2.374634265899658203e+00,1.838126420974731445e+00,1.824414491653442383e+00
7.800000000000000000e+01,3.263083219528198242e+00,3.263083219528198242e+00,2.612159490585327148e+00,2.615864753723144531e+00,2.621797561645507812e+00,2.621797561645507812e+00,1.879003167152404785e+00,1.869698047637939453e+00,5.527095794677734375e-01,5.527095794677734375e-01,4.690988659858703613e-01,4.697849750518798828e-01,0.000000000000000000e+00,0.000000000000000000e+00,0.000000000000000000e+00,0.000000000000000000e+00,3.854554295539855957e-01,3.854554295539855957e-01,2.978838682174682617e-01,2.965501546859741211e-01,6.713957786560058594e-01,6.713957786560058594e-01,5.306754112243652344e-01,5.071666836738586426e-01,2.374806880950927734e+00,2.374806880950927734e+00,1.835696697235107422e+00,1.822665929794311523e+00
7.900000000000000000e+01,3.241921424865722656e+00,3.241921424865722656e+00,2.633021116256713867e+00,2.637101173400878906e+00,2.605054378509521484e+00,2.605054378509521484e+00,1.867843389511108398e+00,1.855923295021057129e+00,4.846016168594360352e-01,4.846016168594360352e-01,4.126519858837127686e-01,4.123523235321044922e-01,0.000000000000000000e+00,0.000000000000000000e+00,0.000000000000000000e+00,0.000000000000000000e+00,3.629519939422607422e-01,3.629519939422607422e-01,2.786758542060852051e-01,2.777959108352661133e-01,6.187557578086853027e-01,6.187557578086853027e-01,4.711100459098815918e-01,4.726957380771636963e-01,2.372089862823486328e+00,2.372089862823486328e+00,1.837394356727600098e+00,1.816394090652465820e+00
8.000000000000000000e+01,3.257175683975219727e+00,3.257175683975219727e+00,2.644716739654541016e+00,2.656794071197509766e+00,2.576496601104736328e+00,2.576496601104736328e+00,1.735825181007385254e+00,1.847484827041625977e+00,4.075822532176971436e-01,4.075822532176971436e-01,3.569108843803405762e-01,3.566355705261230469e-01,0.000000000000000000e+00,0.000000000000000000e+00,0.000000000000000000e+00,0.000000000000000000e+00,3.373201489448547363e-01,3.373201489448547363e-01,2.586418390274047852e-01,2.578892707824707031e-01,5.700054168701171875e-01,5.700054168701171875e-01,4.360806345939636230e-01,4.352566003799438477e-01,2.371043682098388672e+00,2.371043682098388672e+00,1.837560415267944336e+00,1.814482927322387695e+00
8.100000000000000000e+01,3.259253501892089844e+00,3.259253501892089844e+00,2.675018310546875000e+00,2.676511764526367188e+00,2.562850713729858398e+00,2.562850713729858398e+00,1.837628841400146484e+00,1.827673316001892090e+00,3.379139900207519531e-01,3.379139900207519531e-01,3.071568012237548828e-01,3.067299425601959229e-01,0.000000000000000000e+00,0.000000000000000000e+00,0.000000000000000000e+00,0.000000000000000000e+00,3.101769089698791504e-01,3.101769089698791504e-01,2.362301349639892578e-01,2.363168299198150635e-01,5.186496973037719727e-01,5.186496973037719727e-01,3.979029059410095215e-01,3.972632884979248047e-01,2.367987155914306641e+00,2.367987155914306641e+00,1.839264750480651855e+00,1.809483289718627930e+00
8.200000000000000000e+01,3.252377510070800781e+00,3.252377510070800781e+00,2.689096450805664062e+00,2.703038692474365234e+00,2.550125122070312500e+00,2.550125122070312500e+00,1.822075247764587402e+00,1.817466735839843750e+00,2.722808122634887695e-01,2.722808122634887695e-01,2.535031735897064209e-01,2.531556189060211182e-01,0.000000000000000000e+00,0.000000000000000000e+00,0.000000000000000000e+00,0.000000000000000000e+00,2.824571728706359863e-01,2.824571728706359863e-01,2.177819311618804932e-01,2.172962129116058350e-01,4.638310670852661133e-01,4.638310670852661133e-01,3.595501184463500977e-01,3.579761981964111328e-01,2.365855216979980469e+00,2.365855216979980469e+00,1.835059046745300293e+00,1.807168960571289062e+00
8.300000000000000000e+01,3.288094758987426758e+00,3.288094758987426758e+00,2.720941305160522461e+00,2.724721670150756836e+00,2.515207767486572266e+00,2.515207767486572266e+00,1.809528589248657227e+00,1.802615642547607422e+00,2.131580412387847900e-01,2.131580412387847900e-01,2.038042843341827393e-01,2.039329409599304199e-01,0.000000000000000000e+00,0.000000000000000000e+00,0.000000000000000000e+00,0.000000000000000000e+00,2.524105012416839600e-01,2.524105012416839600e-01,1.917344033718109131e-01,1.919289827346801758e-01,4.120286107063293457e-01,4.120286107063293457e-01,3.188800811767578125e-01,3.178603649139404297e-01,2.364937305450439453e+00,2.364937305450439453e+00,1.830941200256347656e+00,1.804885625839233398e+00
8.400000000000000000e+01,3.292810440063476562e+00,3.292810440063476562e+00,2.747882604598999023e+00,2.758651256561279297e+00,2.476340293884277344e+00,2.476340293884277344e+00,1.792830586433410645e+00,1.781765460968017578e+00,1.602562665939331055e-01,1.602562665939331055e-01,1.593986153602600098e-01,1.591343581676483154e-01,0.000000000000000000e+00,0.000000000000000000e+00,0.000000000000000000e+00,0.000000000000000000e+00,2.204910814762115479e-01,2.204910814762115479e-01,1.662664264440536499e-01,1.659274995326995850e-01,3.544804453849792480e-01,3.544804453849792480e-01,2.787047624588012695e-01,2.773440480232238770e-01,2.360577583312988281e+00,2.360577583312988281e+00,1.829254031181335449e+00,1.802825689315795898e+00
8.500000000000000000e+01,3.338466644287109375e+00,3.338466644287109375e+00,2.773013114929199219e+00,2.785458803176879883e+00,2.464348316192626953e+00,2.464348316192626953e+00,1.768326163291931152e+00,1.759399890899658203e+00,1.137259751558303833e-01,1.137259751558303833e-01,1.160238385200500488e-01,1.182946413755416870e-01,0.000000000000000000e+00,0.000000000000000000e+00,0.000000000000000000e+00,0.000000000000000000e+00,1.866841465234756470e-01,1.866841465234756470e-01,1.404580920934677124e-01,1.402002274990081787e-01,3.000102341175079346e-01,3.000102341175079346e-01,2.345222532749176025e-01,2.340310961008071899e-01,2.353875160217285156e+00,2.353875160217285156e+00,1.826559901237487793e+00,1.799431085586547852e+00
8.600000000000000000e+01,3.356647968292236328e+00,3.356647968292236328e+00,2.797041893005371094e+00,2.818941593170166016e+00,2.421422719955444336e+00,2.421422719955444336e+00,1.749276161193847656e+00,1.738542079925537109e+00,7.412463426589965820e-02,7.412463426589965820e-02,8.235701173543930054e-02,8.227196335792541504e-02,0.000000000000000000e+00,0.000000000000000000e+00,0.000000000000000000e+00,0.000000000000000000e+00,1.518011093139648438e-01,1.518011093139648438e-01,1.139167994260787964e-01,1.134362965822219849e-01,2.406789064407348633e-01,2.406789064407348633e-01,1.898107826709747314e-01,1.902287751436233521e-01,2.350041866302490234e+00,2.350041866302490234e+00,1.820918083190917969e+00,1.789131879806518555e+00
8.700000000000000000e+01,3.425419092178344727e+00,3.425419092178344727e+00,2.822708129882812500e+00,2.866634845733642578e+00,2.407500267028808594e+00,2.407500267028808594e+00,1.732137203216552734e+00,1.723928213119506836e+00,4.259146004915237427e-02,4.259146004915237427e-02,5.185429751873016357e-02,5.174695700407028198e-02,0.000000000000000000e+00,0.000000000000000000e+00,0.000000000000000000e+00,0.000000000000000000e+00,1.158686205744743347e-01,1.158686205744743347e-01,8.688634634017944336e-02,8.651939779520034790e-02,1.831609010696411133e-01,1.831609010696411133e-01,1.447688341140747070e-01,1.440681666135787964e-01,2.341758251190185547e+00,2.341758251190185547e+00,1.809551477432250977e+00,1.785804748535156250e+00
8.800000000000000000e+01,3.470933437347412109e+00,3.470933437347412109e+00,2.871752977371215820e+00,2.917191267013549805e+00,2.377589702606201172e+00,2.377589702606201172e+00,1.719877243041992188e+00,1.709905385971069336e+00,1.964662410318851471e-02,1.964662410318851471e-02,2.655543759465217590e-02,2.649468369781970978e-02,0.000000000000000000e+00,0.000000000000000000e+00,0.000000000000000000e+00,0.000000000000000000e+00,7.861535996198654175e-02,7.861535996198654175e-02,5.870703607797622681e-02,5.847056955099105835e-02,1.225281506776809692e-01,1.225281506776809692e-01,9.843975305557250977e-02,9.823263436555862427e-02,2.336488246917724609e+00,2.336488246917724609e+00,1.804066896438598633e+00,1.784822344779968262e+00
8.900000000000000000e+01,3.548737525939941406e+00,3.548737525939941406e+00,2.927482128143310547e+00,2.970206260681152344e+00,2.331942558288574219e+00,2.331942558288574219e+00,1.702466845512390137e+00,1.693155407905578613e+00,5.119070876389741898e-03,5.119070876389741898e-03,6.978594698011875153e-03,6.979563273489475250e-03,0.000000000000000000e+00,0.000000000000000000e+00,0.000000000000000000e+00,0.000000000000000000e+00,3.982737287878990173e-02,3.982737287878990173e-02,2.961370348930358887e-02,2.954626083374023438e-02,6.205729395151138306e-02,6.205729395151138306e-02,5.048855766654014587e-02,4.996903985738754272e-02,2.332599163055419922e+00,2.332599163055419922e+00,1.800023317337036133e+00,1.784920215606689453e+00
9.000000000000000000e+01,3.579771995544433594e+00,3.579771995544433594e+00,2.418094396591186523e+00,3.001882076263427734e+00,2.297700166702270508e+00,2.297700166702270508e+00,1.680096149444580078e+00,1.669268131256103516e+00,1.362601409482522286e-07,1.362601409482522286e-07,1.071287840659351787e-07,1.104612152857953333e-07,8.697618625319591956e-08,8.697618625319591956e-08,6.313554479220329085e-08,6.742065039588851505e-08,0.000000000000000000e+00,0.000000000000000000e+00,0.000000000000000000e+00,0.000000000000000000e+00,1.537859395384089112e-09,1.537859395384089112e-09,1.729411280848580645e-09,1.725151799192303770e-09,2.312777519226074219e+00,2.312777519226074219e+00,1.791543483734130859e+00,1.777245998382568359e+00
9.100000000000000000e+01,3.590193986892700195e+00,3.590193986892700195e+00,2.931960344314575195e+00,2.964478969573974609e+00,2.321023941040039062e+00,2.321023941040039062e+00,1.682571887969970703e+00,1.672856807708740234e+00,5.442577600479125977e-02,5.442577600479125977e-02,4.200095683336257935e-02,4.311477392911911011e-02,3.438972309231758118e-02,3.438972309231758118e-02,2.492533251643180847e-02,2.663559094071388245e-02,0.000000000000000000e+00,0.000000000000000000e+00,0.000000000000000000e+00,0.000000000000000000e+00,5.131053272634744644e-03,5.131053272634744644e-03,7.375916931778192520e-03,7.354048546403646469e-03,2.354857921600341797e+00,2.354857921600341797e+00,1.814649462699890137e+00,1.806369423866271973e+00
9.200000000000000000e+01,3.535140752792358398e+00,3.535140752792358398e+00,2.869955062866210938e+00,2.901914119720458984e+00,2.324290275573730469e+00,2.324290275573730469e+00,1.688612937927246094e+00,1.678447961807250977e+00,1.070805117487907410e-01,1.070805117487907410e-01,8.213697373867034912e-02,8.446009457111358643e-02,6.794088333845138550e-02,6.794088333845138550e-02,4.927394166588783264e-02,5.260605365037918091e-02,0.000000000000000000e+00,0.000000000000000000e+00,0.000000000000000000e+00,0.000000000000000000e+00,1.964133791625499725e-02,1.964133791625499725e-02,2.817064709961414337e-02,2.799743600189685822e-02,2.392081737518310547e+00,2.392081737518310547e+00,1.827286005020141602e+00,1.834041118621826172e+00
9.300000000000000000e+01,3.520717144012451172e+00,3.520717144012451172e+00,2.809168338775634766e+00,2.837545633316040039e+00,2.321689605712890625e+00,2.321689605712890625e+00,1.690142869949340820e+00,1.680329799652099609e+00,1.602375805377960205e-01,1.602375805377960205e-01,1.214040815830230713e-01,1.249960064888000488e-01,1.001727730035781860e-01,1.001727730035781860e-01,7.308074831962585449e-02,7.776275277137756348e-02,0.000000000000000000e+00,0.000000000000000000e+00,0.000000000000000000e+00,0.000000000000000000e+00,4.263519123196601868e-02,4.263519123196601868e-02,6.106816232204437256e-02,6.055033951997756958e-02,2.424982309341430664e+00,2.424982309341430664e+00,1.858080267906188965e+00,1.857272982597351074e+00
9.400000000000000000e+01,3.458952188491821289e+00,3.458952188491821289e+00,2.748791694641113281e+00,2.772699832916259766e+00,2.321299552917480469e+00,2.321299552917480469e+00,1.698409080505371094e+00,1.683399677276611328e+00,2.102460116147994995e-01,2.102460116147994995e-01,1.592767238616943359e-01,1.634425222873687744e-01,1.317075490951538086e-01,1.317075490951538086e-01,9.588631987571716309e-02,1.024635732173919678e-01,0.000000000000000000e+00,0.000000000000000000e+00,0.000000000000000000e+00,0.000000000000000000e+00,7.416099309921264648e-02,7.416099309921264648e-02,9.619662165641784668e-02,9.513883292675018311e-02,2.463507175445556641e+00,2.463507175445556641e+00,1.879154920578002930e+00,1.884980320930480957e+00
9.500000000000000000e+01,3.443169116973876953e+00,3.443169116973876953e+00,2.691899776458740234e+00,2.725356101989746094e+00,2.332064628601074219e+00,2.332064628601074219e+00,1.703986525535583496e+00,1.691621303558349609e+00,2.616335153579711914e-01,2.616335153579711914e-01,1.956585645675659180e-01,2.021861374378204346e-01,1.613152623176574707e-01,1.613152623176574707e-01,1.183160245418548584e-01,1.262745857238769531e-01,0.000000000000000000e+00,0.000000000000000000e+00,0.000000000000000000e+00,0.000000000000000000e+00,1.134927421808242798e-01,1.134927421808242798e-01,1.349425911903381348e-01,1.336513012647628784e-01,2.477249860763549805e+00,2.477249860763549805e+00,1.900898456573486328e+00,1.904295921325683594e+00
9.600000000000000000e+01,3.392704963684082031e+00,3.392704963684082031e+00,2.660346508026123047e+00,2.696117162704467773e+00,2.323141098022460938e+00,2.323141098022460938e+00,1.698420643806457520e+00,1.704465508460998535e+00,3.089188039302825928e-01,3.089188039302825928e-01,2.308930158615112305e-01,2.391788810491561890e-01,1.902932226657867432e-01,1.902932226657867432e-01,1.394437849521636963e-01,1.494806110858917236e-01,0.000000000000000000e+00,0.000000000000000000e+00,0.000000000000000000e+00,0.000000000000000000e+00,1.596662104129791260e-01,1.596662104129791260e-01,1.780844479799270630e-01,1.756577193737030029e-01,2.507907867431640625e+00,2.507907867431640625e+00,1.915896177291870117e+00,1.932610511779785156e+00
9.700000000000000000e+01,3.381836414337158203e+00,3.381836414337158203e+00,2.632535457611083984e+00,2.668053865432739258e+00,2.319079875946044922e+00,2.319079875946044922e+00,1.699263095855712891e+00,1.682185053825378418e+00,3.586299121379852295e-01,3.586299121379852295e-01,2.656260132789611816e-01,2.754496932029724121e-01,2.178218364715576172e-01,2.178218364715576172e-01,1.594755649566650391e-01,1.713994741439819336e-01,0.000000000000000000e+00,0.000000000000000000e+00,0.000000000000000000e+00,0.000000000000000000e+00,2.125560343265533447e-01,2.125560343265533447e-01,2.265507280826568604e-01,2.225108742713928223e-01,2.534102439880371094e+00,2.534102439880371094e+00,1.935553312301635742e+00,1.954997301101684570e+00
9.800000000000000000e+01,3.344229698181152344e+00,3.344229698181152344e+00,2.613526105880737305e+00,2.657267808914184570e+00,2.305116891860961914e+00,2.305116891860961914e+00,1.687087059020996094e+00,1.673854947090148926e+00,4.034957289695739746e-01,4.034957289695739746e-01,2.974765300750732422e-01,3.081414699554443359e-01,2.437950670719146729e-01,2.437950670719146729e-01,1.787952184677124023e-01,1.924176067113876343e-01,0.000000000000000000e+00,0.000000000000000000e+00,0.000000000000000000e+00,0.000000000000000000e+00,2.715037763118743896e-01,2.715037763118743896e-01,2.790392935276031494e-01,2.741131782531738281e-01,2.556946754455566406e+00,2.556946754455566406e+00,1.954648256301879883e+00,1.975048422813415527e+00
9.900000000000000000e+01,3.322098970413208008e+00,3.322098970413208008e+00,2.592244148254394531e+00,2.629762172698974609e+00,2.312766551971435547e+00,2.312766551971435547e+00,1.697911024093627930e+00,1.683267116546630859e+00,4.497634470462799072e-01,4.497634470462799072e-01,3.283843100070953369e-01,3.412201702594757080e-01,2.687029838562011719e-01,2.687029838562011719e-01,1.963115334510803223e-01,2.125279307365417480e-01,0.000000000000000000e+00,0.000000000000000000e+00,0.000000000000000000e+00,0.000000000000000000e+00,3.375915884971618652e-01,3.375915884971618652e-01,3.337282538414001465e-01,3.276684582233428955e-01,2.585355281829833984e+00,2.585355281829833984e+00,1.973173618316650391e+00,1.997172355651855469e+00
1.000000000000000000e+02,3.297788619995117188e+00,3.297788619995117188e+00,2.569209098815917969e+00,2.612127780914306641e+00,2.306146621704101562e+00,2.306146621704101562e+00,1.693152427673339844e+00,1.681356668472290039e+00,4.931371808052062988e-01,4.931371808052062988e-01,3.591927289962768555e-01,3.745481371879577637e-01,2.917641997337341309e-01,2.917641997337341309e-01,2.133930027484893799e-01,2.314819544553756714e-01,0.000000000000000000e+00,0.000000000000000000e+00,0.000000000000000000e+00,0.000000000000000000e+00,4.070008397102355957e-01,4.070008397102355957e-01,3.845386505126953125e-01,3.771615326404571533e-01,2.603368520736694336e+00,2.603368520736694336e+00,1.988273620605468750e+00,2.014212131500244141e+00
1.010000000000000000e+02,3.244497776031494141e+00,3.244497776031494141e+00,2.558792114257812500e+00,2.593124389648437500e+00,2.307253837585449219e+00,2.307253837585449219e+00,1.696046352386474609e+00,1.682007670402526855e+00,5.341354608535766602e-01,5.341354608535766602e-01,3.896152973175048828e-01,4.066373407840728760e-01,3.129470348358154297e-01,3.129470348358154297e-01,2.290842533111572266e-01,2.490339279174804688e-01,0.000000000000000000e+00,0.000000000000000000e+00,0.000000000000000000e+00,0.000000000000000000e+00,4.823748469352722168e-01,4.823748469352722168e-01,4.394295215606689453e-01,4.321312308311462402e-01,2.621853828430175781e+00,2.621853828430175781e+00,1.996098399162292480e+00,2.028098344802856445e+00
1.020000000000000000e+02,3.222530841827392578e+00,3.222530841827392578e+00,2.542352676391601562e+00,2.585825681686401367e+00,2.302467346191406250e+00,2.302467346191406250e+00,1.695174694061279297e+00,1.685475111007690430e+00,5.780017375946044922e-01,5.780017375946044922e-01,4.162382483482360840e-01,4.354917407035827637e-01,3.333479762077331543e-01,3.333479762077331543e-01,2.429433465003967285e-01,2.652183771133422852e-01,0.000000000000000000e+00,0.000000000000000000e+00,0.000000000000000000e+00,0.000000000000000000e+00,5.507691502571105957e-01,5.507691502571105957e-01,4.949893951416015625e-01,4.860346317291259766e-01,2.638449430465698242e+00,2.638449430465698242e+00,2.014179706573486328e+00,2.049519062042236328e+00
1.030000000000000000e+02,3.195079803466796875e+00,3.195079803466796875e+00,2.534172058105468750e+00,2.565198898315429688e+00,2.297096490859985352e+00,2.297096490859985352e+00,1.691989183425903320e+00,1.676632165908813477e+00,6.200936436653137207e-01,6.200936436653137207e-01,4.429350197315216064e-01,4.655005931854248047e-01,3.522177338600158691e-01,3.522177338600158691e-01,2.564402222633361816e-01,2.806471586227416992e-01,0.000000000000000000e+00,0.000000000000000000e+00,0.000000000000000000e+00,0.000000000000000000e+00,6.073880195617675781e-01,6.073880195617675781e-01,5.552547574043273926e-01,5.439351797103881836e-01,2.661767959594726562e+00,2.661767959594726562e+00,2.023730754852294922e+00,2.059796810150146484e+00
1.040000000000000000e+02,3.171299457550048828e+00,3.171299457550048828e+00,2.504400253295898438e+00,2.553763389587402344e+00,2.291793346405029297e+00,2.291793346405029297e+00,1.691030144691467285e+00,1.680965423583984375e+00,6.618028283119201660e-01,6.618028283119201660e-01,4.686340391635894775e-01,4.937885403633117676e-01,3.688703477382659912e-01,3.688703477382659912e-01,2.683694362640380859e-01,2.941908836364746094e-01,0.000000000000000000e+00,0.000000000000000000e+00,0.000000000000000000e+00,0.000000000000000000e+00,6.632466316223144531e-01,6.632466316223144531e-01,6.134374141693115234e-01,6.019991040229797363e-01,2.677199602127075195e+00,2.677199602127075195e+00,2.037191629409790039e+00,2.070889711380004883e+00
1.050000000000000000e+02,3.176038742065429688e+00,3.176038742065429688e+00,2.486272335052490234e+00,2.532294034957885742e+00,2.348009347915649414e+00,2.348009347915649414e+00,1.722205638885498047e+00,1.742757201194763184e+00,7.044858932495117188e-01,7.044858932495117188e-01,4.941092133522033691e-01,5.190070867538452148e-01,3.838817775249481201e-01,3.838817775249481201e-01,2.789994478225708008e-01,3.070691823959350586e-01,0.000000000000000000e+00,0.000000000000000000e+00,0.000000000000000000e+00,0.000000000000000000e+00,7.197145223617553711e-01,7.197145223617553711e-01,6.726895570755004883e-01,6.598945260047912598e-01,2.694015026092529297e+00,2.694015026092529297e+00,2.024973392486572266e+00,2.081178903579711914e+00
1.060000000000000000e+02,3.166521549224853516e+00,3.166521549224853516e+00,2.487098693847656250e+00,2.528550148010253906e+00,2.277237653732299805e+00,2.277237653732299805e+00,1.686164140701293945e+00,1.671825647354125977e+00,7.443107366561889648e-01,7.443107366561889648e-01,5.165511369705200195e-01,5.454539060592651367e-01,3.973659276962280273e-01,3.973659276962280273e-01,2.882402539253234863e-01,3.178859353065490723e-01,0.000000000000000000e+00,0.000000000000000000e+00,0.000000000000000000e+00,0.000000000000000000e+00,7.704293727874755859e-01,7.704293727874755859e-01,7.328966259956359863e-01,7.190264463424682617e-01,2.696610689163208008e+00,2.696610689163208008e+00,2.049680233001708984e+00,2.095892429351806641e+00
1.070000000000000000e+02,3.143744945526123047e+00,3.143744945526123047e+00,2.471609592437744141e+00,2.513998508453369141e+00,2.272696256637573242e+00,2.272696256637573242e+00,1.683579325675964355e+00,1.670354127883911133e+00,7.801486253738403320e-01,7.801486253738403320e-01,5.418251752853393555e-01,5.735453367233276367e-01,4.085362553596496582e-01,4.085362553596496582e-01,2.965369224548339844e-01,3.252900242805480957e-01,0.000000000000000000e+00,0.000000000000000000e+00,0.000000000000000000e+00,0.000000000000000000e+00,8.448132276535034180e-01,8.448132276535034180e-01,7.798942923545837402e-01,7.667739391326904297e-01,2.716783523559570312e+00,2.716783523559570312e+00,2.062087297439575195e+00,2.106534481048583984e+00
1.080000000000000000e+02,3.129522323608398438e+00,3.129522323608398438e+00,2.476571798324584961e+00,2.512954711914062500e+00,2.257316827774047852e+00,2.257316827774047852e+00,1.673477768898010254e+00,1.661951541900634766e+00,8.160467147827148438e-01,8.160467147827148438e-01,5.677759647369384766e-01,6.006039977073669434e-01,4.177433252334594727e-01,4.177433252334594727e-01,3.027125597000122070e-01,3.301355540752410889e-01,0.000000000000000000e+00,0.000000000000000000e+00,0.000000000000000000e+00,0.000000000000000000e+00,8.975477218627929688e-01,8.975477218627929688e-01,8.166339397430419922e-01,8.010718226432800293e-01,2.721943140029907227e+00,2.721943140029907227e+00,2.061023473739624023e+00,2.112726926803588867e+00
1.090000000000000000e+02,3.141250610351562500e+00,3.141250610351562500e+00,2.424782276153564453e+00,2.499689817428588867e+00,2.235856533050537109e+00,2.235856533050537109e+00,1.674930930137634277e+00,1.659681558609008789e+00,8.542686700820922852e-01,8.542686700820922852e-01,5.925129055976867676e-01,6.278704404830932617e-01,4.247096478939056396e-01,4.247096478939056396e-01,3.085703849792480469e-01,3.343654572963714600e-01,0.000000000000000000e+00,0.000000000000000000e+00,0.000000000000000000e+00,0.000000000000000000e+00,9.531706571578979492e-01,9.531706571578979492e-01,8.549247384071350098e-01,8.367916345596313477e-01,2.732820749282836914e+00,2.732820749282836914e+00,2.081624507904052734e+00,2.116316318511962891e+00
1.100000000000000000e+02,3.146728515625000000e+00,3.146728515625000000e+00,2.453115463256835938e+00,2.485575199127197266e+00,2.216877222061157227e+00,2.216877222061157227e+00,1.677567720413208008e+00,1.664867401123046875e+00,8.912643790245056152e-01,8.912643790245056152e-01,6.164272427558898926e-01,6.574183702468872070e-01,4.306460022926330566e-01,4.306460022926330566e-01,3.123863935470581055e-01,3.359082937240600586e-01,0.000000000000000000e+00,0.000000000000000000e+00,0.000000000000000000e+00,0.000000000000000000e+00,1.006631135940551758e+00,1.006631135940551758e+00,8.906258344650268555e-01,8.711692094802856445e-01,2.742321729660034180e+00,2.742321729660034180e+00,2.094677686691284180e+00,2.119833707809448242e+00
1.110000000000000000e+02,3.131058216094970703e+00,3.131058216094970703e+00,2.410775661468505859e+00,2.486294269561767578e+00,2.183817148208618164e+00,2.183817148208618164e+00,1.663128376007080078e+00,1.650178670883178711e+00,9.230906963348388672e-01,9.230906963348388672e-01,6.406859755516052246e-01,6.822110414505004883e-01,4.343937039375305176e-01,4.343937039375305176e-01,3.155201375484466553e-01,3.364338278770446777e-01,0.000000000000000000e+00,0.000000000000000000e+00,0.000000000000000000e+00,0.000000000000000000e+00,1.068023085594177246e+00,1.068023085594177246e+00,9.265067577362060547e-01,9.071297645568847656e-01,2.739833831787109375e+00,2.739833831787109375e+00,2.091300010681152344e+00,2.122754335403442383e+00
1.120000000000000000e+02,3.147160291671752930e+00,3.147160291671752930e+00,2.437887191772460938e+00,2.481410026550292969e+00,2.164000988006591797e+00,2.164000988006591797e+00,1.660532593727111816e+00,1.644091367721557617e+00,9.560807943344116211e-01,9.560807943344116211e-01,6.613097190856933594e-01,7.078517675399780273e-01,4.369014501571655273e-01,4.369014501571655273e-01,3.167960047721862793e-01,3.356570601463317871e-01,0.000000000000000000e+00,0.000000000000000000e+00,0.000000000000000000e+00,0.000000000000000000e+00,1.120441913604736328e+00,1.120441913604736328e+00,9.580862522125244141e-01,9.374302625656127930e-01,2.745210170745849609e+00,2.745210170745849609e+00,2.100487232208251953e+00,2.126060247421264648e+00
1.130000000000000000e+02,3.126169204711914062e+00,3.126169204711914062e+00,2.419346332550048828e+00,2.456920146942138672e+00,2.145699977874755859e+00,2.145699977874755859e+00,1.660489320755004883e+00,1.638744592666625977e+00,9.872471094131469727e-01,9.872471094131469727e-01,6.821503043174743652e-01,7.323634624481201172e-01,4.368895292282104492e-01,4.368895292282104492e-01,3.167861700057983398e-01,3.334132432937622070e-01,0.000000000000000000e+00,0.000000000000000000e+00,0.000000000000000000e+00,0.000000000000000000e+00,1.175793766975402832e+00,1.175793766975402832e+00,9.883766770362854004e-01,9.670464396476745605e-01,2.746719837188720703e+00,2.746719837188720703e+00,2.107906579971313477e+00,2.129503488540649414e+00
1.140000000000000000e+02,3.100914955139160156e+00,3.100914955139160156e+00,2.417646646499633789e+00,2.445583343505859375e+00,2.125758171081542969e+00,2.125758171081542969e+00,1.653965234756469727e+00,1.637830615043640137e+00,1.017074465751647949e+00,1.017074465751647949e+00,7.035639286041259766e-01,7.567325234413146973e-01,4.354904890060424805e-01,4.354904890060424805e-01,3.153195977210998535e-01,3.299271762371063232e-01,0.000000000000000000e+00,0.000000000000000000e+00,0.000000000000000000e+00,0.000000000000000000e+00,1.234472036361694336e+00,1.234472036361694336e+00,1.020581483840942383e+00,9.989367723464965820e-01,2.756907463073730469e+00,2.756907463073730469e+00,2.108283758163452148e+00,2.129014253616333008e+00
1.150000000000000000e+02,3.123119831085205078e+00,3.123119831085205078e+00,2.414920330047607422e+00,2.446341276168823242e+00,2.112002849578857422e+00,2.112002849578857422e+00,1.654678821563720703e+00,1.638204216957092285e+00,1.047573566436767578e+00,1.047573566436767578e+00,7.248531579971313477e-01,7.776566147804260254e-01,4.322700798511505127e-01,4.322700798511505127e-01,3.125320672988891602e-01,3.234296441078186035e-01,0.000000000000000000e+00,0.000000000000000000e+00,0.000000000000000000e+00,0.000000000000000000e+00,1.286564826965332031e+00,1.286564826965332031e+00,1.049023866653442383e+00,1.027737140655517578e+00,2.746180534362792969e+00,2.746180534362792969e+00,2.110506296157836914e+00,2.135305881500244141e+00
1.160000000000000000e+02,3.122387886047363281e+00,3.122387886047363281e+00,2.404953956604003906e+00,2.437042951583862305e+00,2.089712142944335938e+00,2.089712142944335938e+00,1.656790733337402344e+00,1.642802476882934570e+00,1.076378107070922852e+00,1.076378107070922852e+00,7.425756454467773438e-01,7.977045774459838867e-01,4.260629415512084961e-01,4.260629415512084961e-01,3.082653880119323730e-01,3.177937865257263184e-01,0.000000000000000000e+00,0.000000000000000000e+00,0.000000000000000000e+00,0.000000000000000000e+00,1.338513493537902832e+00,1.338513493537902832e+00,1.078076124191284180e+00,1.055584311485290527e+00,2.740720748901367188e+00,2.740720748901367188e+00,2.110028028488159180e+00,2.127674579620361328e+00
1.170000000000000000e+02,3.096025943756103516e+00,3.096025943756103516e+00,2.401672601699829102e+00,2.418612957000732422e+00,2.071178436279296875e+00,2.071178436279296875e+00,1.645958542823791504e+00,1.633747339248657227e+00,1.099842905998229980e+00,1.099842905998229980e+00,7.596333026885986328e-01,8.217923641204833984e-01,4.191133379936218262e-01,4.191133379936218262e-01,3.029213249683380127e-01,3.097748756408691406e-01,0.000000000000000000e+00,0.000000000000000000e+00,0.000000000000000000e+00,0.000000000000000000e+00,1.391882658004760742e+00,1.391882658004760742e+00,1.106629729270935059e+00,1.081099152565002441e+00,2.733616352081298828e+00,2.733616352081298828e+00,2.105891704559326172e+00,2.128974914550781250e+00
1.180000000000000000e+02,3.105062961578369141e+00,3.105062961578369141e+00,2.414213657379150391e+00,2.415576934814453125e+00,2.072557449340820312e+00,2.072557449340820312e+00,1.653065681457519531e+00,1.643501043319702148e+00,1.129097104072570801e+00,1.129097104072570801e+00,7.810871601104736328e-01,8.472317457199096680e-01,4.102593064308166504e-01,4.102593064308166504e-01,2.952127456665039062e-01,3.002254962921142578e-01,0.000000000000000000e+00,0.000000000000000000e+00,0.000000000000000000e+00,0.000000000000000000e+00,1.426037073135375977e+00,1.426037073135375977e+00,1.126693725585937500e+00,1.103960275650024414e+00,2.729084968566894531e+00,2.729084968566894531e+00,2.119629383087158203e+00,2.122446537017822266e+00
1.190000000000000000e+02,3.103431701660156250e+00,3.103431701660156250e+00,2.413139581680297852e+00,2.411658287048339844e+00,2.057796001434326172e+00,2.057796001434326172e+00,1.639536142349243164e+00,1.628199934959411621e+00,1.153942346572875977e+00,1.153942346572875977e+00,8.014621734619140625e-01,8.583649396896362305e-01,3.990455269813537598e-01,3.990455269813537598e-01,2.873029410839080811e-01,2.903834581375122070e-01,0.000000000000000000e+00,0.000000000000000000e+00,0.000000000000000000e+00,0.000000000000000000e+00,1.455522298812866211e+00,1.455522298812866211e+00,1.148529529571533203e+00,1.124763727188110352e+00,2.724917411804199219e+00,2.724917411804199219e+00,2.113720893859863281e+00,2.120725154876708984e+00
1.200000000000000000e+02,3.103323698043823242e+00,3.103323698043823242e+00,2.386942625045776367e+00,2.399647951126098633e+00,2.048419475555419922e+00,2.048419475555419922e+00,1.620886445045471191e+00,1.607457041740417480e+00,1.180996894836425781e+00,1.180996894836425781e+00,8.167920112609863281e-01,8.838579654693603516e-01,3.855056762695312500e-01,3.855056762695312500e-01,2.780135869979858398e-01,2.779459655284881592e-01,0.000000000000000000e+00,0.000000000000000000e+00,0.000000000000000000e+00,0.000000000000000000e+00,1.482998847961425781e+00,1.482998847961425781e+00,1.139237642288208008e+00,1.142601847648620605e+00,2.705451488494873047e+00,2.705451488494873047e+00,2.103938817977905273e+00,2.116550207138061523e+00
1.210000000000000000e+02,3.080518007278442383e+00,3.080518007278442383e+00,2.399614334106445312e+00,2.381030082702636719e+00,2.040551185607910156e+00,2.040551185607910156e+00,1.602426290512084961e+00,1.591312646865844727e+00,1.204116582870483398e+00,1.204116582870483398e+00,8.343386054039001465e-01,9.047033786773681641e-01,3.719387650489807129e-01,3.719387650489807129e-01,2.668408453464508057e-01,2.655639946460723877e-01,0.000000000000000000e+00,0.000000000000000000e+00,0.000000000000000000e+00,0.000000000000000000e+00,1.507996082305908203e+00,1.507996082305908203e+00,1.186801910400390625e+00,1.162988424301147461e+00,2.705263376235961914e+00,2.705263376235961914e+00,2.104907751083374023e+00,2.112298727035522461e+00
1.220000000000000000e+02,3.070729732513427734e+00,3.070729732513427734e+00,2.387735843658447266e+00,2.370091199874877930e+00,2.035829305648803711e+00,2.035829305648803711e+00,1.590976953506469727e+00,1.573602199554443359e+00,1.227623939514160156e+00,1.227623939514160156e+00,8.525479435920715332e-01,9.215938448905944824e-01,3.550952970981597900e-01,3.550952970981597900e-01,2.513377666473388672e-01,2.511740326881408691e-01,0.000000000000000000e+00,0.000000000000000000e+00,0.000000000000000000e+00,0.000000000000000000e+00,1.532663345336914062e+00,1.532663345336914062e+00,1.203818321228027344e+00,1.177499651908874512e+00,2.686235427856445312e+00,2.686235427856445312e+00,2.094610929489135742e+00,2.110095024108886719e+00
1.230000000000000000e+02,3.076106071472167969e+00,3.076106071472167969e+00,2.370933532714843750e+00,2.363621711730957031e+00,2.035742044448852539e+00,2.035742044448852539e+00,1.578163743019104004e+00,1.558223009109497070e+00,1.250177145004272461e+00,1.250177145004272461e+00,8.675073981285095215e-01,9.395574331283569336e-01,3.369745016098022461e-01,3.369745016098022461e-01,2.356388270854949951e-01,2.359028905630111694e-01,0.000000000000000000e+00,0.000000000000000000e+00,0.000000000000000000e+00,0.000000000000000000e+00,1.554081678390502930e+00,1.554081678390502930e+00,1.217824101448059082e+00,1.191330075263977051e+00,2.679818153381347656e+00,2.679818153381347656e+00,2.085818767547607422e+00,2.110587835311889648e+00
1.240000000000000000e+02,3.068140745162963867e+00,3.068140745162963867e+00,2.356885910034179688e+00,2.361621141433715820e+00,2.018300771713256836e+00,2.018300771713256836e+00,1.574735164642333984e+00,1.549605369567871094e+00,1.270775318145751953e+00,1.270775318145751953e+00,8.850314021110534668e-01,9.554307460784912109e-01,3.165961503982543945e-01,3.165961503982543945e-01,2.178782075643539429e-01,2.159260660409927368e-01,0.000000000000000000e+00,0.000000000000000000e+00,0.000000000000000000e+00,0.000000000000000000e+00,1.572304248809814453e+00,1.572304248809814453e+00,1.231495141983032227e+00,1.202176809310913086e+00,2.646493911743164062e+00,2.646493911743164062e+00,2.087134361267089844e+00,2.106828451156616211e+00
1.250000000000000000e+02,3.056890487670898438e+00,3.056890487670898438e+00,2.368943214416503906e+00,2.352795124053955078e+00,2.005372047424316406e+00,2.005372047424316406e+00,1.570368289947509766e+00,1.544349431991577148e+00,1.290428400039672852e+00,1.290428400039672852e+00,9.031364321708679199e-01,9.729707837104797363e-01,2.948221564292907715e-01,2.948221564292907715e-01,2.007460296154022217e-01,1.959117352962493896e-01,0.000000000000000000e+00,0.000000000000000000e+00,0.000000000000000000e+00,0.000000000000000000e+00,1.589678764343261719e+00,1.589678764343261719e+00,1.243888378143310547e+00,1.214366912841796875e+00,2.640412330627441406e+00,2.640412330627441406e+00,2.080577135086059570e+00,2.095021724700927734e+00
1.260000000000000000e+02,3.055858612060546875e+00,3.055858612060546875e+00,2.368768692016601562e+00,2.348604202270507812e+00,1.992895841598510742e+00,1.992895841598510742e+00,1.570638179779052734e+00,1.544923305511474609e+00,1.310490608215332031e+00,1.310490608215332031e+00,9.238915443420410156e-01,9.854335784912109375e-01,2.724758386611938477e-01,2.724758386611938477e-01,1.816452145576477051e-01,1.756880879402160645e-01,0.000000000000000000e+00,0.000000000000000000e+00,0.000000000000000000e+00,0.000000000000000000e+00,1.604029893875122070e+00,1.604029893875122070e+00,1.256065011024475098e+00,1.224652528762817383e+00,2.619295120239257812e+00,2.619295120239257812e+00,2.070358753204345703e+00,2.092535018920898438e+00
1.270000000000000000e+02,3.059016227722167969e+00,3.059016227722167969e+00,2.346441268920898438e+00,2.322312831878662109e+00,1.978330492973327637e+00,1.978330492973327637e+00,1.569870471954345703e+00,1.546137094497680664e+00,1.327968835830688477e+00,1.327968835830688477e+00,9.331114292144775391e-01,1.001433849334716797e+00,2.437523305416107178e-01,2.437523305416107178e-01,1.585812568664550781e-01,1.553822457790374756e-01,0.000000000000000000e+00,0.000000000000000000e+00,0.000000000000000000e+00,0.000000000000000000e+00,1.617477655410766602e+00,1.617477655410766602e+00,1.262038469314575195e+00,1.232903957366943359e+00,2.587514400482177734e+00,2.587514400482177734e+00,2.069234132766723633e+00,2.089811563491821289e+00
1.280000000000000000e+02,3.043893098831176758e+00,3.043893098831176758e+00,2.363678455352783203e+00,2.337160110473632812e+00,1.990060210227966309e+00,1.990060210227966309e+00,1.575259208679199219e+00,1.550388216972351074e+00,1.344970464706420898e+00,1.344970464706420898e+00,9.462770223617553711e-01,1.016264677047729492e+00,2.088222950696945190e-01,2.088222950696945190e-01,1.358640193939208984e-01,1.342537552118301392e-01,0.000000000000000000e+00,0.000000000000000000e+00,0.000000000000000000e+00,0.000000000000000000e+00,1.630352973937988281e+00,1.630352973937988281e+00,1.267714381217956543e+00,1.241882562637329102e+00,2.586621761322021484e+00,2.586621761322021484e+00,2.056745767593383789e+00,2.088688135147094727e+00
1.290000000000000000e+02,3.032845497131347656e+00,3.032845497131347656e+00,2.360131740570068359e+00,2.326901197433471680e+00,1.983578443527221680e+00,1.983578443527221680e+00,1.584750652313232422e+00,1.568711876869201660e+00,1.359536409378051758e+00,1.359536409378051758e+00,9.620845317840576172e-01,1.030691623687744141e+00,1.742160320281982422e-01,1.742160320281982422e-01,1.081316545605659485e-01,1.106109768152236938e-01,0.000000000000000000e+00,0.000000000000000000e+00,0.000000000000000000e+00,0.000000000000000000e+00,1.638101935386657715e+00,1.638101935386657715e+00,1.273830413818359375e+00,1.249132156372070312e+00,2.557942390441894531e+00,2.557942390441894531e+00,2.045916080474853516e+00,2.076161861419677734e+00
1.300000000000000000e+02,3.036126613616943359e+00,3.036126613616943359e+00,2.364133358001708984e+00,2.324765682220458984e+00,2.015077590942382812e+00,2.015077590942382812e+00,1.591216087341308594e+00,1.588946819305419922e+00,1.370239615440368652e+00,1.370239615440368652e+00,9.735384583473205566e-01,1.043043613433837891e+00,1.361956894397735596e-01,1.361956894397735596e-01,8.141556382179260254e-02,8.622206747531890869e-02,0.000000000000000000e+00,0.000000000000000000e+00,0.000000000000000000e+00,0.000000000000000000e+00,1.642773151397705078e+00,1.642773151397705078e+00,1.277948141098022461e+00,1.254517078399658203e+00,2.558255910873413086e+00,2.558255910873413086e+00,2.046333074569702148e+00,2.080276250839233398e+00
1.310000000000000000e+02,3.019894123077392578e+00,3.019894123077392578e+00,2.337568759918212891e+00,2.316040039062500000e+00,2.028989791870117188e+00,2.028989791870117188e+00,1.614541649818420410e+00,1.611821413040161133e+00,1.383627176284790039e+00,1.383627176284790039e+00,9.855030179023742676e-01,1.051828145980834961e+00,1.005186364054679871e-01,1.005186364054679871e-01,5.637720972299575806e-02,5.826932191848754883e-02,0.000000000000000000e+00,0.000000000000000000e+00,0.000000000000000000e+00,0.000000000000000000e+00,1.647806525230407715e+00,1.647806525230407715e+00,1.278677701950073242e+00,1.253454208374023438e+00,2.534998416900634766e+00,2.534998416900634766e+00,2.043507337570190430e+00,2.083753824234008789e+00
1.320000000000000000e+02,3.024287462234497070e+00,3.024287462234497070e+00,2.356148242950439453e+00,2.310032844543457031e+00,2.077318191528320312e+00,2.077318191528320312e+00,1.637483835220336914e+00,1.652287960052490234e+00,1.392589092254638672e+00,1.392589092254638672e+00,9.960429668426513672e-01,1.062944531440734863e+00,6.150647997856140137e-02,6.150647997856140137e-02,3.339366614818572998e-02,3.457922115921974182e-02,0.000000000000000000e+00,0.000000000000000000e+00,0.000000000000000000e+00,0.000000000000000000e+00,1.647977828979492188e+00,1.647977828979492188e+00,1.274739027023315430e+00,1.255677103996276855e+00,2.547074317932128906e+00,2.547074317932128906e+00,2.048055171966552734e+00,2.084337711334228516e+00
1.330000000000000000e+02,3.018403530120849609e+00,3.018403530120849609e+00,2.351349830627441406e+00,2.308255672454833984e+00,2.109837770462036133e+00,2.109837770462036133e+00,1.666215419769287109e+00,1.689791917800903320e+00,1.401635646820068359e+00,1.401635646820068359e+00,1.003206491470336914e+00,1.072819232940673828e+00,2.861203812062740326e-02,2.861203812062740326e-02,1.572724990546703339e-02,1.616976410150527954e-02,0.000000000000000000e+00,0.000000000000000000e+00,0.000000000000000000e+00,0.000000000000000000e+00,1.648602008819580078e+00,1.648602008819580078e+00,1.274285674095153809e+00,1.258514404296875000e+00,2.539356708526611328e+00,2.539356708526611328e+00,2.056334495544433594e+00,2.087807416915893555e+00
1.340000000000000000e+02,2.999499320983886719e+00,2.999499320983886719e+00,2.338265657424926758e+00,2.299496173858642578e+00,2.175428628921508789e+00,2.175428628921508789e+00,1.699778079986572266e+00,1.733806490898132324e+00,1.409505724906921387e+00,1.409505724906921387e+00,1.014448165893554688e+00,1.082604885101318359e+00,7.552158087491989136e-03,7.552158087491989136e-03,4.234653431922197342e-03,4.302368964999914169e-03,0.000000000000000000e+00,0.000000000000000000e+00,0.000000000000000000e+00,0.000000000000000000e+00,1.648389935493469238e+00,1.648389935493469238e+00,1.272386908531188965e+00,1.260976791381835938e+00,2.552997350692749023e+00,2.552997350692749023e+00,2.060610771179199219e+00,2.089536905288696289e+00
1.350000000000000000e+02,2.976304531097412109e+00,2.976304531097412109e+00,2.332096099853515625e+00,2.293571233749389648e+00,2.204083919525146484e+00,2.204083919525146484e+00,1.732694268226623535e+00,1.786693453788757324e+00,1.406989216804504395e+00,1.406989216804504395e+00,1.021345376968383789e+00,1.090644955635070801e+00,2.986754843448125030e-09,2.986754843448125030e-09,2.516967523291668840e-09,2.131460563603582159e-09,0.000000000000000000e+00,0.000000000000000000e+00,0.000000000000000000e+00,0.000000000000000000e+00,1.635339021682739258e+00,1.635339021682739258e+00,1.266829013824462891e+00,1.256682157516479492e+00,2.531281471252441406e+00,2.531281471252441406e+00,1.670637369155883789e+00,2.079704761505126953e+00
1.360000000000000000e+02,3.001923084259033203e+00,3.001923084259033203e+00,2.321542739868164062e+00,2.278355598449707031e+00,2.243162155151367188e+00,2.243162155151367188e+00,1.731023788452148438e+00,1.777076840400695801e+00,1.417431950569152832e+00,1.417431950569152832e+00,1.027319908142089844e+00,1.098136782646179199e+00,0.000000000000000000e+00,0.000000000000000000e+00,0.000000000000000000e+00,0.000000000000000000e+00,3.564859740436077118e-03,3.564859740436077118e-03,5.124499090015888214e-03,5.109448917210102081e-03,1.636071205139160156e+00,1.636071205139160156e+00,1.260637521743774414e+00,1.254921674728393555e+00,2.501989841461181641e+00,2.501989841461181641e+00,1.997155666351318359e+00,2.013650655746459961e+00
1.370000000000000000e+02,2.996778964996337891e+00,2.996778964996337891e+00,2.315169811248779297e+00,2.273284912109375000e+00,2.243949174880981445e+00,2.243949174880981445e+00,1.721235275268554688e+00,1.769861698150634766e+00,1.423789024353027344e+00,1.423789024353027344e+00,1.032641887664794922e+00,1.102097511291503906e+00,0.000000000000000000e+00,0.000000000000000000e+00,0.000000000000000000e+00,0.000000000000000000e+00,1.340382453054189682e-02,1.340382453054189682e-02,1.922405511140823364e-02,1.910589821636676788e-02,1.632347345352172852e+00,1.632347345352172852e+00,1.247042298316955566e+00,1.251575589179992676e+00,2.441412448883056641e+00,2.441412448883056641e+00,1.933067440986633301e+00,1.950388789176940918e+00
1.380000000000000000e+02,2.989088058471679688e+00,2.989088058471679688e+00,2.303274631500244141e+00,2.262949943542480469e+00,2.275295257568359375e+00,2.275295257568359375e+00,1.723907470703125000e+00,1.774737358093261719e+00,1.422383069992065430e+00,1.422383069992065430e+00,1.037753343582153320e+00,1.104134440422058105e+00,0.000000000000000000e+00,0.000000000000000000e+00,0.000000000000000000e+00,0.000000000000000000e+00,2.856763638556003571e-02,2.856763638556003571e-02,4.091724008321762085e-02,4.057304933667182922e-02,1.624835371971130371e+00,1.624835371971130371e+00,1.244931578636169434e+00,1.244464397430419922e+00,2.422211408615112305e+00,2.422211408615112305e+00,1.879969954490661621e+00,1.897927999496459961e+00
1.390000000000000000e+02,2.984107732772827148e+00,2.984107732772827148e+00,2.296219110488891602e+00,2.258664369583129883e+00,2.274664402008056641e+00,2.274664402008056641e+00,1.723218202590942383e+00,1.768376827239990234e+00,1.424971103668212891e+00,1.424971103668212891e+00,1.037346482276916504e+00,1.108651399612426758e+00,0.000000000000000000e+00,0.000000000000000000e+00,0.000000000000000000e+00,0.000000000000000000e+00,4.877283424139022827e-02,4.877283424139022827e-02,6.327338516712188721e-02,6.257075816392898560e-02,1.620174288749694824e+00,1.620174288749694824e+00,1.235821723937988281e+00,1.239638090133666992e+00,2.380717039108276367e+00,2.380717039108276367e+00,1.836493492126464844e+00,1.863165616989135742e+00
1.400000000000000000e+02,2.987781286239624023e+00,2.987781286239624023e+00,2.297127246856689453e+00,2.259060382843017578e+00,2.299627304077148438e+00,2.299627304077148438e+00,1.719621419906616211e+00,1.777383565902709961e+00,1.417881131172180176e+00,1.417881131172180176e+00,1.040012240409851074e+00,1.109932422637939453e+00,0.000000000000000000e+00,0.000000000000000000e+00,0.000000000000000000e+00,0.000000000000000000e+00,7.323591411113739014e-02,7.323591411113739014e-02,8.706540614366531372e-02,8.624602854251861572e-02,1.598427891731262207e+00,1.598427891731262207e+00,1.226599574089050293e+00,1.228849053382873535e+00,2.368056058883666992e+00,2.368056058883666992e+00,1.806367993354797363e+00,1.833131432533264160e+00
1.410000000000000000e+02,2.977583408355712891e+00,2.977583408355712891e+00,2.286209344863891602e+00,2.243565082550048828e+00,2.296774864196777344e+00,2.296774864196777344e+00,1.716769933700561523e+00,1.778128027915954590e+00,1.414766311645507812e+00,1.414766311645507812e+00,1.036715507507324219e+00,1.111430644989013672e+00,0.000000000000000000e+00,0.000000000000000000e+00,0.000000000000000000e+00,0.000000000000000000e+00,1.010345220565795898e-01,1.010345220565795898e-01,1.126790195703506470e-01,1.111511215567588806e-01,1.586972117424011230e+00,1.586972117424011230e+00,1.212410569190979004e+00,1.223029136657714844e+00,2.338119029998779297e+00,2.338119029998779297e+00,1.777129173278808594e+00,1.814635157585144043e+00
1.420000000000000000e+02,2.978748798370361328e+00,2.978748798370361328e+00,2.271920680999755859e+00,2.229423522949218750e+00,2.318912506103515625e+00,2.318912506103515625e+00,1.717684030532836914e+00,1.781188249588012695e+00,1.408421874046325684e+00,1.408421874046325684e+00,1.031136274337768555e+00,1.108370661735534668e+00,0.000000000000000000e+00,0.000000000000000000e+00,0.000000000000000000e+00,0.000000000000000000e+00,1.318453848361968994e-01,1.318453848361968994e-01,1.405388712882995605e-01,1.380412578582763672e-01,1.571886777877807617e+00,1.571886777877807617e+00,1.200553774833679199e+00,1.212637305259704590e+00,2.332162618637084961e+00,2.332162618637084961e+00,1.753018260002136230e+00,1.795934200286865234e+00
1.430000000000000000e+02,2.973828792572021484e+00,2.973828792572021484e+00,2.258284807205200195e+00,2.218195915222167969e+00,2.315433502197265625e+00,2.315433502197265625e+00,1.707016110420227051e+00,1.768066644668579102e+00,1.398960351943969727e+00,1.398960351943969727e+00,1.026004433631896973e+00,1.104119777679443359e+00,0.000000000000000000e+00,0.000000000000000000e+00,0.000000000000000000e+00,0.000000000000000000e+00,1.650007963180541992e-01,1.650007963180541992e-01,1.695745438337326050e-01,1.665828824043273926e-01,1.553973674774169922e+00,1.553973674774169922e+00,1.188049435615539551e+00,1.200310945510864258e+00,2.313119888305664062e+00,2.313119888305664062e+00,1.732116937637329102e+00,1.783801794052124023e+00
1.440000000000000000e+02,2.980508327484130859e+00,2.980508327484130859e+00,2.257369041442871094e+00,2.217111110687255859e+00,2.325998544692993164e+00,2.325998544692993164e+00,1.698139429092407227e+00,1.764694571495056152e+00,1.389563560485839844e+00,1.389563560485839844e+00,1.015117287635803223e+00,1.099088907241821289e+00,0.000000000000000000e+00,0.000000000000000000e+00,0.000000000000000000e+00,0.000000000000000000e+00,2.009014189243316650e-01,2.009014189243316650e-01,1.986599266529083252e-01,1.950754225254058838e-01,1.538617968559265137e+00,1.538617968559265137e+00,1.174241542816162109e+00,1.188470840454101562e+00,2.298837661743164062e+00,2.298837661743164062e+00,1.706947922706604004e+00,1.768725156784057617e+00
1.450000000000000000e+02,2.973721265792846680e+00,2.973721265792846680e+00,2.245146274566650391e+00,2.212034463882446289e+00,2.326280117034912109e+00,2.326280117034912109e+00,1.694512844085693359e+00,1.766577005386352539e+00,1.376280903816223145e+00,1.376280903816223145e+00,1.006553411483764648e+00,1.091935634613037109e+00,0.000000000000000000e+00,0.000000000000000000e+00,0.000000000000000000e+00,0.000000000000000000e+00,2.370430082082748413e-01,2.370430082082748413e-01,2.239687442779541016e-01,2.196676284074783325e-01,1.516225814819335938e+00,1.516225814819335938e+00,1.157909870147705078e+00,1.173281073570251465e+00,2.278037548065185547e+00,2.278037548065185547e+00,1.693399906158447266e+00,1.752597570419311523e+00
1.460000000000000000e+02,2.974069595336914062e+00,2.974069595336914062e+00,2.244348764419555664e+00,2.206332445144653320e+00,2.327038764953613281e+00,2.327038764953613281e+00,1.700613975524902344e+00,1.769350171089172363e+00,1.367928028106689453e+00,1.367928028106689453e+00,1.003543972969055176e+00,1.085812926292419434e+00,4.863044712692499161e-03,4.863044712692499161e-03,5.268409848213195801e-03,1.882419921457767487e-03,2.747933268547058105e-01,2.747933268547058105e-01,2.501484453678131104e-01,2.459428608417510986e-01,1.493582963943481445e+00,1.493582963943481445e+00,1.137130737304687500e+00,1.155306339263916016e+00,2.242588043212890625e+00,2.242588043212890625e+00,1.680649757385253906e+00,1.743613719940185547e+00
1.470000000000000000e+02,2.966572523117065430e+00,2.966572523117065430e+00,2.239933490753173828e+00,2.212203025817871094e+00,2.347055912017822266e+00,2.347055912017822266e+00,1.697485685348510742e+00,1.762760043144226074e+00,1.364672899246215820e+00,1.364672899246215820e+00,1.000094890594482422e+00,1.079222679138183594e+00,1.167376246303319931e-02,1.167376246303319931e-02,1.246158406138420105e-02,4.339706618338823318e-03,3.066718280315399170e-01,3.066718280315399170e-01,2.756043076515197754e-01,2.706441879272460938e-01,1.469163060188293457e+00,1.469163060188293457e+00,1.121452212333679199e+00,1.141150355339050293e+00,2.225685596466064453e+00,2.225685596466064453e+00,1.667362570762634277e+00,1.729090332984924316e+00
1.480000000000000000e+02,2.960019111633300781e+00,2.960019111633300781e+00,2.235435485839843750e+00,2.212629556655883789e+00,2.362143754959106445e+00,2.362143754959106445e+00,1.699402093887329102e+00,1.765187263488769531e+00,1.359838247299194336e+00,1.359838247299194336e+00,9.993195533752441406e-01,1.072875380516052246e+00,1.811920292675495148e-02,1.811920292675495148e-02,1.944268681108951569e-02,6.595001555979251862e-03,3.303330540657043457e-01,3.303330540657043457e-01,3.019745945930480957e-01,2.958095967769622803e-01,1.447584986686706543e+00,1.447584986686706543e+00,1.100744962692260742e+00,1.120304584503173828e+00,2.206538200378417969e+00,2.206538200378417969e+00,1.661513924598693848e+00,1.723272562026977539e+00
1.490000000000000000e+02,2.960364818572998047e+00,2.960364818572998047e+00,2.237126111984252930e+00,2.218103885650634766e+00,2.379281520843505859e+00,2.379281520843505859e+00,1.700883030891418457e+00,1.763758301734924316e+00,1.350967168807983398e+00,1.350967168807983398e+00,9.957722425460815430e-01,1.062783002853393555e+00,2.448296360671520233e-02,2.448296360671520233e-02,2.625739574432373047e-02,8.563257753849029541e-03,3.520593643188476562e-01,3.520593643188476562e-01,3.255961239337921143e-01,3.195465803146362305e-01,1.421091556549072266e+00,1.421091556549072266e+00,1.081284284591674805e+00,1.099151611328125000e+00,2.188540220260620117e+00,2.188540220260620117e+00,1.643497586250305176e+00,1.717169523239135742e+00
1.500000000000000000e+02,2.992111444473266602e+00,2.992111444473266602e+00,2.245622158050537109e+00,2.250859975814819336e+00,2.401821613311767578e+00,2.401821613311767578e+00,1.705153465270996094e+00,1.754795432090759277e+00,1.340527534484863281e+00,1.340527534484863281e+00,9.906273484230041504e-01,1.053467988967895508e+00,3.041419573128223419e-02,3.041419573128223419e-02,3.271140530705451965e-02,1.034072972834110260e-02,3.725516796112060547e-01,3.725516796112060547e-01,3.482046425342559814e-01,3.415969312191009521e-01,1.394637584686279297e+00,1.394637584686279297e+00,1.046690344810485840e+00,1.077454447746276855e+00,2.187683582305908203e+00,2.187683582305908203e+00,1.635855317115783691e+00,1.707655906677246094e+00
1.510000000000000000e+02,2.943676471710205078e+00,2.943676471710205078e+00,2.239872217178344727e+00,2.211486816406250000e+00,2.416732072830200195e+00,2.416732072830200195e+00,1.702109694480895996e+00,1.753250837326049805e+00,1.328676462173461914e+00,1.328676462173461914e+00,9.847025871276855469e-01,1.040351271629333496e+00,3.623875603079795837e-02,3.623875603079795837e-02,3.898405656218528748e-02,1.205015555024147034e-02,3.875629305839538574e-01,3.875629305839538574e-01,3.695234358310699463e-01,3.625060319900512695e-01,1.360009670257568359e+00,1.360009670257568359e+00,1.033547878265380859e+00,1.057159900665283203e+00,2.179279327392578125e+00,2.179279327392578125e+00,1.625617980957031250e+00,1.695318698883056641e+00
1.520000000000000000e+02,2.950744152069091797e+00,2.950744152069091797e+00,2.232610940933227539e+00,2.212803602218627930e+00,2.421404123306274414e+00,2.421404123306274414e+00,1.710312128067016602e+00,1.759097099304199219e+00,1.313786029815673828e+00,1.313786029815673828e+00,9.784687161445617676e-01,1.019661664962768555e+00,4.181899875402450562e-02,4.181899875402450562e-02,4.504902660846710205e-02,1.308786310255527496e-02,4.147437214851379395e-01,4.147437214851379395e-01,3.828894793987274170e-01,3.764492273330688477e-01,1.333766222000122070e+00,1.333766222000122070e+00,1.012455701828002930e+00,1.034145355224609375e+00,2.161008358001708984e+00,2.161008358001708984e+00,1.620244145393371582e+00,1.686685800552368164e+00
1.530000000000000000e+02,2.935701847076416016e+00,2.935701847076416016e+00,2.235820770263671875e+00,2.215287208557128906e+00,2.428782939910888672e+00,2.428782939910888672e+00,1.723125576972961426e+00,1.762729167938232422e+00,1.296420335769653320e+00,1.296420335769653320e+00,9.687530994415283203e-01,9.945085048675537109e-01,4.699579998850822449e-02,4.699579998850822449e-02,5.111884698271751404e-02,1.432698406279087067e-02,4.284538626670837402e-01,4.284538626670837402e-01,3.898344039916992188e-01,3.824224174022674561e-01,1.299350261688232422e+00,1.299350261688232422e+00,9.838887453079223633e-01,1.008563756942749023e+00,2.151029586791992188e+00,2.151029586791992188e+00,1.609252333641052246e+00,1.679878234863281250e+00
1.540000000000000000e+02,2.937175273895263672e+00,2.937175273895263672e+00,2.237688064575195312e+00,2.215876579284667969e+00,2.444793939590454102e+00,2.444793939590454102e+00,1.733667850494384766e+00,1.768979787826538086e+00,1.276520967483520508e+00,1.276520967483520508e+00,9.607551097869873047e-01,9.712405204772949219e-01,5.162427574396133423e-02,5.162427574396133423e-02,5.688766390085220337e-02,1.501334365457296371e-02,4.419251084327697754e-01,4.419251084327697754e-01,3.963464498519897461e-01,3.879743814468383789e-01,1.267039895057678223e+00,1.267039895057678223e+00,9.651546478271484375e-01,9.811263680458068848e-01,2.151184558868408203e+00,2.151184558868408203e+00,1.603138089179992676e+00,1.669561862945556641e+00
1.550000000000000000e+02,2.929726600646972656e+00,2.929726600646972656e+00,2.240283489227294922e+00,2.218945026397705078e+00,2.459023714065551758e+00,2.459023714065551758e+00,1.742990136146545410e+00,1.782471418380737305e+00,1.257301449775695801e+00,1.257301449775695801e+00,9.502248167991638184e-01,9.440340995788574219e-01,5.689503997564315796e-02,5.689503997564315796e-02,6.245173141360282898e-02,1.520373672246932983e-02,4.527107477188110352e-01,4.527107477188110352e-01,4.005300402641296387e-01,3.918174505233764648e-01,1.233318090438842773e+00,1.233318090438842773e+00,9.420928955078125000e-01,9.533605575561523438e-01,2.151630163192749023e+00,2.151630163192749023e+00,1.601485967636108398e+00,1.662037968635559082e+00
1.560000000000000000e+02,2.916765689849853516e+00,2.916765689849853516e+00,2.256251335144042969e+00,2.225388050079345703e+00,2.461112976074218750e+00,2.461112976074218750e+00,1.754384756088256836e+00,1.784245371818542480e+00,1.235117435455322266e+00,1.235117435455322266e+00,9.402229785919189453e-01,9.170985221862792969e-01,6.109974533319473267e-02,6.109974533319473267e-02,6.841574609279632568e-02,1.542931888252496719e-02,4.652978181838989258e-01,4.652978181838989258e-01,4.036433100700378418e-01,3.951668143272399902e-01,1.193690061569213867e+00,1.193690061569213867e+00,9.111860990524291992e-01,9.247729778289794922e-01,2.137282133102416992e+00,2.137282133102416992e+00,1.592720866203308105e+00,1.653479576110839844e+00
1.570000000000000000e+02,2.913359165191650391e+00,2.913359165191650391e+00,2.250383853912353516e+00,2.223872184753417969e+00,2.469134569168090820e+00,2.469134569168090820e+00,1.758145809173583984e+00,1.789224147796630859e+00,1.213876724243164062e+00,1.213876724243164062e+00,9.264679551124572754e-01,8.896301388740539551e-01,6.527989357709884644e-02,6.527989357709884644e-02,7.280287891626358032e-02,1.490641757845878601e-02,4.721661806106567383e-01,4.721661806106567383e-01,4.037250280380249023e-01,3.950491547584533691e-01,1.156925439834594727e+00,1.156925439834594727e+00,8.853958845138549805e-01,8.959788084030151367e-01,2.140712499618530273e+00,2.140712499618530273e+00,1.600775361061096191e+00,1.649399518966674805e+00
1.580000000000000000e+02,2.920475482940673828e+00,2.920475482940673828e+00,2.263579845428466797e+00,2.241912126541137695e+00,2.473737716674804688e+00,2.473737716674804688e+00,1.763448596000671387e+00,1.793085098266601562e+00,1.187800645828247070e+00,1.187800645828247070e+00,9.125788211822509766e-01,8.609029054641723633e-01,6.920927017927169800e-02,6.920927017927169800e-02,7.849115133285522461e-02,1.427991129457950592e-02,4.774021506309509277e-01,4.774021506309509277e-01,4.020885229110717773e-01,3.933869302272796631e-01,1.117831110954284668e+00,1.117831110954284668e+00,8.578426241874694824e-01,8.665512800216674805e-01,2.125371932983398438e+00,2.125371932983398438e+00,1.595468640327453613e+00,1.636212348937988281e+00
1.590000000000000000e+02,2.922207832336425781e+00,2.922207832336425781e+00,2.270481109619140625e+00,2.252614498138427734e+00,2.476601600646972656e+00,2.476601600646972656e+00,1.770719528198242188e+00,1.797099232673645020e+00,1.162659406661987305e+00,1.162659406661987305e+00,8.980743885040283203e-01,8.330513238906860352e-01,7.264290750026702881e-02,7.264290750026702881e-02,8.329024910926818848e-02,1.362446509301662445e-02,4.842474460601806641e-01,4.842474460601806641e-01,4.003332555294036865e-01,3.918707370758056641e-01,1.081443309783935547e+00,1.081443309783935547e+00,8.270845413208007812e-01,8.352441191673278809e-01,2.110568523406982422e+00,2.110568523406982422e+00,1.593894004821777344e+00,1.629429101943969727e+00
1.600000000000000000e+02,2.925156354904174805e+00,2.925156354904174805e+00,2.276962995529174805e+00,2.261328220367431641e+00,2.482898950576782227e+00,2.482898950576782227e+00,1.778799772262573242e+00,1.794235467910766602e+00,1.134923934936523438e+00,1.134923934936523438e+00,8.821790218353271484e-01,7.995890974998474121e-01,7.576902955770492554e-02,7.576902955770492554e-02,8.839604258537292480e-02,1.308400742709636688e-02,4.855135381221771240e-01,4.855135381221771240e-01,3.958665728569030762e-01,3.878629803657531738e-01,1.036374807357788086e+00,1.036374807357788086e+00,7.963941097259521484e-01,8.057788014411926270e-01,2.113329887390136719e+00,2.113329887390136719e+00,1.595547795295715332e+00,1.619538545608520508e+00
1.610000000000000000e+02,2.914223909378051758e+00,2.914223909378051758e+00,2.286676406860351562e+00,2.267205238342285156e+00,2.486608505249023438e+00,2.486608505249023438e+00,1.780602693557739258e+00,1.790454149246215820e+00,1.104067564010620117e+00,1.104067564010620117e+00,8.648329377174377441e-01,7.715011835098266602e-01,7.899517565965652466e-02,7.899517565965652466e-02,9.275450557470321655e-02,1.196096278727054596e-02,4.848468005657196045e-01,4.848468005657196045e-01,3.904970288276672363e-01,3.823958337306976318e-01,9.927650690078735352e-01,9.927650690078735352e-01,7.642865180969238281e-01,7.707635164260864258e-01,2.108348369598388672e+00,2.108348369598388672e+00,1.599606275558471680e+00,1.616083621978759766e+00
1.620000000000000000e+02,2.919089794158935547e+00,2.919089794158935547e+00,2.300796270370483398e+00,2.270860433578491211e+00,2.480753421783447266e+00,2.480753421783447266e+00,1.781956672668457031e+00,1.796737074851989746e+00,1.073574781417846680e+00,1.073574781417846680e+00,8.466342687606811523e-01,7.400003671646118164e-01,8.175214380025863647e-02,8.175214380025863647e-02,9.680934250354766846e-02,1.079577952623367310e-02,4.827235937118530273e-01,4.827235937118530273e-01,3.838156461715698242e-01,3.749643564224243164e-01,9.480798840522766113e-01,9.480798840522766113e-01,7.303485274314880371e-01,7.383781075477600098e-01,2.092426300048828125e+00,2.092426300048828125e+00,1.595630884170532227e+00,1.602655649185180664e+00
1.630000000000000000e+02,2.937154769897460938e+00,2.937154769897460938e+00,2.314894676208496094e+00,2.285500526428222656e+00,2.487589836120605469e+00,2.487589836120605469e+00,1.792121410369873047e+00,1.806075096130371094e+00,1.042139410972595215e+00,1.042139410972595215e+00,8.258256912231445312e-01,7.075176835060119629e-01,8.438714593648910522e-02,8.438714593648910522e-02,1.010456383228302002e-01,9.768094867467880249e-03,4.722055792808532715e-01,4.722055792808532715e-01,3.730294108390808105e-01,3.655229508876800537e-01,9.037463665008544922e-01,9.037463665008544922e-01,7.018976211547851562e-01,7.027875781059265137e-01,2.091418027877807617e+00,2.091418027877807617e+00,1.605246186256408691e+00,1.597378015518188477e+00
1.640000000000000000e+02,2.958206176757812500e+00,2.958206176757812500e+00,2.329444885253906250e+00,2.300485372543334961e+00,2.487608194351196289e+00,2.487608194351196289e+00,1.801291227340698242e+00,1.786721944808959961e+00,1.008263349533081055e+00,1.008263349533081055e+00,8.067066073417663574e-01,6.771720051765441895e-01,8.629065752029418945e-02,8.629065752029418945e-02,1.052857786417007446e-01,8.556040003895759583e-03,4.587164819240570068e-01,4.587164819240570068e-01,3.619610071182250977e-01,3.544849157333374023e-01,8.587491512298583984e-01,8.587491512298583984e-01,6.660904884338378906e-01,6.684026122093200684e-01,2.084382534027099609e+00,2.084382534027099609e+00,1.608761072158813477e+00,1.590779423713684082e+00
1.650000000000000000e+02,2.960493803024291992e+00,2.960493803024291992e+00,2.344401597976684570e+00,2.304910421371459961e+00,2.493350505828857422e+00,2.493350505828857422e+00,1.801167964935302734e+00,1.799124479293823242e+00,9.715087413787841797e-01,9.715087413787841797e-01,7.855460643768310547e-01,6.421907544136047363e-01,8.786997944116592407e-02,8.786997944116592407e-02,1.092724055051803589e-01,7.403223775327205658e-03,4.432516694068908691e-01,4.432516694068908691e-01,3.404912948608398438e-01,3.415070176124572754e-01,8.085583448410034180e-01,8.085583448410034180e-01,6.287803053855895996e-01,6.324909925460815430e-01,2.076066493988037109e+00,2.076066493988037109e+00,1.597724080085754395e+00,1.578831911087036133e+00
1.660000000000000000e+02,2.964940547943115234e+00,2.964940547943115234e+00,2.364188194274902344e+00,2.316861629486083984e+00,2.490886688232421875e+00,2.490886688232421875e+00,1.805966138839721680e+00,1.801085352897644043e+00,9.379260540008544922e-01,9.379260540008544922e-01,7.631208896636962891e-01,6.105035543441772461e-01,8.927620947360992432e-02,8.927620947360992432e-02,1.130710691213607788e-01,6.197329144924879074e-03,4.255976378917694092e-01,4.255976378917694092e-01,3.349461555480957031e-01,3.282536864280700684e-01,7.634871006011962891e-01,7.634871006011962891e-01,5.941617488861083984e-01,5.961239933967590332e-01,2.062454700469970703e+00,2.062454700469970703e+00,1.595402956008911133e+00,1.572277069091796875e+00
1.670000000000000000e+02,2.980476617813110352e+00,2.980476617813110352e+00,2.393935680389404297e+00,2.333592414855957031e+00,2.490668535232543945e+00,2.490668535232543945e+00,1.811285257339477539e+00,1.796724557876586914e+00,8.999342322349548340e-01,8.999342322349548340e-01,7.344630956649780273e-01,5.765137672424316406e-01,9.038709849119186401e-02,9.038709849119186401e-02,1.164813339710235596e-01,5.034830421209335327e-03,4.065451920032501221e-01,4.065451920032501221e-01,3.193827271461486816e-01,3.123252987861633301e-01,7.125536203384399414e-01,7.125536203384399414e-01,5.555591583251953125e-01,5.597099065780639648e-01,2.049715042114257812e+00,2.049715042114257812e+00,1.585107326507568359e+00,1.559430480003356934e+00
1.680000000000000000e+02,3.003092288970947266e+00,3.003092288970947266e+00,2.421833038330078125e+00,2.342928886413574219e+00,2.490710258483886719e+00,2.490710258483886719e+00,1.812862634658813477e+00,1.795290231704711914e+00,8.615452647209167480e-01,8.615452647209167480e-01,7.080483436584472656e-01,5.424821376800537109e-01,9.096129238605499268e-02,9.096129238605499268e-02,1.198676675558090210e-01,3.931243903934955597e-03,3.852664828300476074e-01,3.852664828300476074e-01,3.019395470619201660e-01,2.953516244888305664e-01,6.643414497375488281e-01,6.643414497375488281e-01,5.170078277587890625e-01,5.232135057449340820e-01,2.044616222381591797e+00,2.044616222381591797e+00,1.575688004493713379e+00,1.553303718566894531e+00
1.690000000000000000e+02,3.006999969482421875e+00,3.006999969482421875e+00,2.451905250549316406e+00,2.370129346847534180e+00,2.487088441848754883e+00,2.487088441848754883e+00,1.818262934684753418e+00,1.790514111518859863e+00,8.202104568481445312e-01,8.202104568481445312e-01,6.776821613311767578e-01,5.023418664932250977e-01,9.115887433290481567e-02,9.115887433290481567e-02,1.229954510927200317e-01,3.012661123648285866e-03,3.618822693824768066e-01,3.618822693824768066e-01,2.834146022796630859e-01,2.766978740692138672e-01,6.091502904891967773e-01,6.091502904891967773e-01,4.803690612316131592e-01,4.848699569702148438e-01,2.030076503753662109e+00,2.030076503753662109e+00,1.567155718803405762e+00,1.542745828628540039e+00
1.700000000000000000e+02,3.025878906250000000e+00,3.025878906250000000e+00,2.480572700500488281e+00,2.395360708236694336e+00,2.483183383941650391e+00,2.483183383941650391e+00,1.826169967651367188e+00,1.789585232734680176e+00,7.807160615921020508e-01,7.807160615921020508e-01,6.505238413810729980e-01,4.629528522491455078e-01,9.125202894210815430e-02,9.125202894210815430e-02,1.267862021923065186e-01,1.770574832335114479e-03,3.370008170604705811e-01,3.370008170604705811e-01,2.636737823486328125e-01,2.574198842048645020e-01,5.597289800643920898e-01,5.597289800643920898e-01,4.410459101200103760e-01,4.441630244255065918e-01,2.023125171661376953e+00,2.023125171661376953e+00,1.564531803131103516e+00,1.539048075675964355e+00
1.710000000000000000e+02,3.039956092834472656e+00,3.039956092834472656e+00,2.518263578414916992e+00,2.418564081192016602e+00,2.479612112045288086e+00,2.479612112045288086e+00,1.836152076721191406e+00,1.780193448066711426e+00,7.403582334518432617e-01,7.403582334518432617e-01,6.222118139266967773e-01,4.267711341381072998e-01,8.933730423450469971e-02,8.933730423450469971e-02,1.291590481996536255e-01,8.331447024829685688e-04,3.101568222045898438e-01,3.101568222045898438e-01,2.428555935621261597e-01,2.368036806583404541e-01,5.064562559127807617e-01,5.064562559127807617e-01,4.003903269767761230e-01,4.046504199504852295e-01,2.013261318206787109e+00,2.013261318206787109e+00,1.563259243965148926e+00,1.524695873260498047e+00
1.720000000000000000e+02,3.042632102966308594e+00,3.042632102966308594e+00,2.549231529235839844e+00,2.437205314636230469e+00,2.473606586456298828e+00,2.473606586456298828e+00,1.828425526618957520e+00,1.777919411659240723e+00,6.908170580863952637e-01,6.908170580863952637e-01,5.886876583099365234e-01,3.912536501884460449e-01,8.638560026884078979e-02,8.638560026884078979e-02,1.310605704784393311e-01,2.206722419941797853e-04,2.818788290023803711e-01,2.818788290023803711e-01,2.199079245328903198e-01,2.148277461528778076e-01,4.509097933769226074e-01,4.509097933769226074e-01,3.606468737125396729e-01,3.641408681869506836e-01,2.007834196090698242e+00,2.007834196090698242e+00,1.562410354614257812e+00,1.520758509635925293e+00
1.730000000000000000e+02,3.080494403839111328e+00,3.080494403839111328e+00,2.586952686309814453e+00,2.468315601348876953e+00,2.468239307403564453e+00,2.468239307403564453e+00,1.826329469680786133e+00,1.773867845535278320e+00,6.350200176239013672e-01,6.350200176239013672e-01,5.575025081634521484e-01,3.549447059631347656e-01,8.244240283966064453e-02,8.244240283966064453e-02,1.318239867687225342e-01,0.000000000000000000e+00,2.521472871303558350e-01,2.521472871303558350e-01,1.960602700710296631e-01,1.920946687459945679e-01,4.000322222709655762e-01,4.000322222709655762e-01,3.180895745754241943e-01,3.230532407760620117e-01,1.996520996093750000e+00,1.996520996093750000e+00,1.553398132324218750e+00,1.510045766830444336e+00
1.740000000000000000e+02,3.081030845642089844e+00,3.081030845642089844e+00,2.624624252319335938e+00,2.489088535308837891e+00,2.458369731903076172e+00,2.458369731903076172e+00,1.831588268280029297e+00,1.769959211349487305e+00,5.815291404724121094e-01,5.815291404724121094e-01,5.179722309112548828e-01,3.178275227546691895e-01,7.879587262868881226e-02,7.879587262868881226e-02,1.315679550170898438e-01,0.000000000000000000e+00,2.203237265348434448e-01,2.203237265348434448e-01,1.713294684886932373e-01,1.680276393890380859e-01,3.440515697002410889e-01,3.440515697002410889e-01,2.751854062080383301e-01,2.792620062828063965e-01,1.995069742202758789e+00,1.995069742202758789e+00,1.545950531959533691e+00,1.504138469696044922e+00
1.750000000000000000e+02,3.136758327484130859e+00,3.136758327484130859e+00,2.650851726531982422e+00,2.524674892425537109e+00,2.444602489471435547e+00,2.444602489471435547e+00,1.828146576881408691e+00,1.763135075569152832e+00,5.249828696250915527e-01,5.249828696250915527e-01,4.852484166622161865e-01,2.786689400672912598e-01,7.449489831924438477e-02,7.449489831924438477e-02,1.307361721992492676e-01,0.000000000000000000e+00,1.869042366743087769e-01,1.869042366743087769e-01,1.453887969255447388e-01,1.427222639322280884e-01,2.910722196102142334e-01,2.910722196102142334e-01,2.328392565250396729e-01,2.366770803928375244e-01,1.983958959579467773e+00,1.983958959579467773e+00,1.538954019546508789e+00,1.493437051773071289e+00
1.760000000000000000e+02,3.159278631210327148e+00,3.159278631210327148e+00,2.703064918518066406e+00,2.558357238769531250e+00,2.434973239898681641e+00,2.434973239898681641e+00,1.826461911201477051e+00,1.751582980155944824e+00,4.736750423908233643e-01,4.736750423908233643e-01,4.518019855022430420e-01,2.369602024555206299e-01,6.977626681327819824e-02,6.977626681327819824e-02,1.305675059556961060e-01,0.000000000000000000e+00,1.523059904575347900e-01,1.523059904575347900e-01,1.181822195649147034e-01,1.158472597599029541e-01,2.342993319034576416e-01,2.342993319034576416e-01,1.888911873102188110e-01,1.925976127386093140e-01,1.975720167160034180e+00,1.975720167160034180e+00,1.519005537033081055e+00,1.476543903350830078e+00
1.770000000000000000e+02,3.225768089294433594e+00,3.225768089294433594e+00,2.739369153976440430e+00,2.610624790191650391e+00,2.418467998504638672e+00,2.418467998504638672e+00,1.824826240539550781e+00,1.743506669998168945e+00,4.188131988048553467e-01,4.188131988048553467e-01,4.265244305133819580e-01,2.039846628904342651e-01,6.510297209024429321e-02,6.510297209024429321e-02,1.296380758285522461e-01,0.000000000000000000e+00,1.160604953765869141e-01,1.160604953765869141e-01,8.976711332798004150e-02,8.843084424734115601e-02,1.793802380561828613e-01,1.793802380561828613e-01,1.442363262176513672e-01,1.467874199151992798e-01,1.965812683105468750e+00,1.965812683105468750e+00,1.515933752059936523e+00,1.469526529312133789e+00
1.780000000000000000e+02,3.262831687927246094e+00,3.262831687927246094e+00,2.781871080398559570e+00,2.662006616592407227e+00,2.404926300048828125e+00,2.404926300048828125e+00,1.817834496498107910e+00,1.734100341796875000e+00,3.756901025772094727e-01,3.756901025772094727e-01,4.087934195995330811e-01,1.773124337196350098e-01,6.013211235404014587e-02,6.013211235404014587e-02,1.281896680593490601e-01,0.000000000000000000e+00,7.866848260164260864e-02,7.866848260164260864e-02,6.080384552478790283e-02,6.005379557609558105e-02,1.211777403950691223e-01,1.211777403950691223e-01,9.813749790191650391e-02,9.962917864322662354e-02,1.956326723098754883e+00,1.956326723098754883e+00,1.505824565887451172e+00,1.457230806350708008e+00
1.790000000000000000e+02,3.339213848114013672e+00,3.339213848114013672e+00,2.835395812988281250e+00,2.716531753540039062e+00,2.395570278167724609e+00,2.395570278167724609e+00,1.815784811973571777e+00,1.727582573890686035e+00,3.497069776058197021e-01,3.497069776058197021e-01,3.989844918251037598e-01,1.621488481760025024e-01,5.493107438087463379e-02,5.493107438087463379e-02,1.264653354883193970e-01,0.000000000000000000e+00,3.999181091785430908e-02,3.999181091785430908e-02,3.086852096021175385e-02,3.059827536344528198e-02,6.194175034761428833e-02,6.194175034761428833e-02,4.999680072069168091e-02,5.069590359926223755e-02,1.943046212196350098e+00,1.943046212196350098e+00,1.492998123168945312e+00,1.439480066299438477e+00
1.800000000000000000e+02,3.355046749114990234e+00,3.355046749114990234e+00,2.876594543457031250e+00,2.759685039520263672e+00,2.361695289611816406e+00,2.361695289611816406e+00,1.810206055641174316e+00,1.715521812438964844e+00,3.432000875473022461e-01,3.432000875473022461e-01,4.003898799419403076e-01,1.569419354200363159e-01,4.961032792925834656e-02,4.961032792925834656e-02,1.247388944029808044e-01,1.127153552715753904e-07,0.000000000000000000e+00,0.000000000000000000e+00,0.000000000000000000e+00,0.000000000000000000e+00,3.643145340959108580e-09,3.643145340959108580e-09,2.865391035555830967e-09,3.310262286504439544e-09,1.911676168441772461e+00,1.911676168441772461e+00,1.480822563171386719e+00,1.421613454818725586e+00
1.810000000000000000e+02,3.367667675018310547e+00,3.367667675018310547e+00,2.844624757766723633e+00,2.707498550415039062e+00,2.384038448333740234e+00,2.384038448333740234e+00,1.828054666519165039e+00,1.730594754219055176e+00,3.839167356491088867e-01,3.839167356491088867e-01,4.289170801639556885e-01,1.929675191640853882e-01,7.668130099773406982e-02,7.668130099773406982e-02,1.454539597034454346e-01,2.210540883243083954e-02,0.000000000000000000e+00,0.000000000000000000e+00,0.000000000000000000e+00,0.000000000000000000e+00,1.077468600124120712e-02,1.077468600124120712e-02,6.067180540412664413e-03,6.637208163738250732e-03,1.964101552963256836e+00,1.964101552963256836e+00,1.502278804779052734e+00,1.440981864929199219e+00
1.820000000000000000e+02,3.330213069915771484e+00,3.330213069915771484e+00,2.793501853942871094e+00,2.656509876251220703e+00,2.404761552810668945e+00,2.404761552810668945e+00,1.843443870544433594e+00,1.742160201072692871e+00,4.218229949474334717e-01,4.218229949474334717e-01,4.554343819618225098e-01,2.263829857110977173e-01,1.021187007427215576e-01,1.021187007427215576e-01,1.656567156314849854e-01,4.298596084117889404e-02,0.000000000000000000e+00,0.000000000000000000e+00,0.000000000000000000e+00,0.000000000000000000e+00,4.097962379455566406e-02,4.097962379455566406e-02,2.284096553921699524e-02,2.483644708991050720e-02,1.992506027221679688e+00,1.992506027221679688e+00,1.521845102310180664e+00,1.454898953437805176e+00
1.830000000000000000e+02,3.335415840148925781e+00,3.335415840148925781e+00,2.751411676406860352e+00,2.608596324920654297e+00,2.419572353363037109e+00,2.419572353363037109e+00,1.862939596176147461e+00,1.750365853309631348e+00,4.588850140571594238e-01,4.588850140571594238e-01,4.798737764358520508e-01,2.587771415710449219e-01,1.259242892265319824e-01,1.259242892265319824e-01,1.841894835233688354e-01,6.298201531171798706e-02,0.000000000000000000e+00,0.000000000000000000e+00,0.000000000000000000e+00,0.000000000000000000e+00,8.919730782508850098e-02,8.919730782508850098e-02,4.910443350672721863e-02,5.336933583021163940e-02,2.021652698516845703e+00,2.021652698516845703e+00,1.542848587036132812e+00,1.468502283096313477e+00
1.840000000000000000e+02,3.301295280456542969e+00,3.301295280456542969e+00,2.703668117523193359e+00,2.544252872467041016e+00,2.437819004058837891e+00,2.437819004058837891e+00,1.873976469039916992e+00,1.763843178749084473e+00,4.937892556190490723e-01,4.937892556190490723e-01,5.033519864082336426e-01,2.905676364898681641e-01,1.488009989261627197e-01,1.488009989261627197e-01,2.023913711309432983e-01,8.218543231487274170e-02,0.000000000000000000e+00,0.000000000000000000e+00,0.000000000000000000e+00,0.000000000000000000e+00,1.485559344291687012e-01,1.485559344291687012e-01,8.181425184011459351e-02,9.194265305995941162e-02,2.051290512084960938e+00,2.051290512084960938e+00,1.559888958930969238e+00,1.478205084800720215e+00
1.850000000000000000e+02,3.306560516357421875e+00,3.306560516357421875e+00,2.672322750091552734e+00,2.536656379699707031e+00,2.439491510391235352e+00,2.439491510391235352e+00,1.896242737770080566e+00,1.782441973686218262e+00,5.385766029357910156e-01,5.385766029357910156e-01,5.262293815612792969e-01,3.201903104782104492e-01,1.712775081396102905e-01,1.712775081396102905e-01,2.191252112388610840e-01,1.004996895790100098e-01,0.000000000000000000e+00,0.000000000000000000e+00,0.000000000000000000e+00,0.000000000000000000e+00,2.052911818027496338e-01,2.052911818027496338e-01,1.182195544242858887e-01,1.329613626003265381e-01,2.081454753875732422e+00,2.081454753875732422e+00,1.584353208541870117e+00,1.493918180465698242e+00
1.860000000000000000e+02,3.273790359497070312e+00,3.273790359497070312e+00,2.666423320770263672e+00,2.514956474304199219e+00,2.452735662460327148e+00,2.452735662460327148e+00,1.905231356620788574e+00,1.788154006004333496e+00,5.780798792839050293e-01,5.780798792839050293e-01,5.516289472579956055e-01,3.527099490165710449e-01,1.927557140588760376e-01,1.927557140588760376e-01,2.351538538932800293e-01,1.184017211198806763e-01,0.000000000000000000e+00,0.000000000000000000e+00,0.000000000000000000e+00,0.000000000000000000e+00,2.675382494926452637e-01,2.675382494926452637e-01,1.517675668001174927e-01,1.758924871683120728e-01,2.108598709106445312e+00,2.108598709106445312e+00,1.611795902252197266e+00,1.499160766601562500e+00
1.870000000000000000e+02,3.279432773590087891e+00,3.279432773590087891e+00,2.645575523376464844e+00,2.489707469940185547e+00,2.463221549987792969e+00,2.463221549987792969e+00,1.914393186569213867e+00,1.793971538543701172e+00,6.238716840744018555e-01,6.238716840744018555e-01,5.767366290092468262e-01,3.846742510795593262e-01,2.140396088361740112e-01,2.140396088361740112e-01,2.503257095813751221e-01,1.354630291461944580e-01,0.000000000000000000e+00,0.000000000000000000e+00,0.000000000000000000e+00,0.000000000000000000e+00,3.266152143478393555e-01,3.266152143478393555e-01,1.856032162904739380e-01,2.231307923793792725e-01,2.146022081375122070e+00,2.146022081375122070e+00,1.629535198211669922e+00,1.515026211738586426e+00
1.880000000000000000e+02,3.252962112426757812e+00,3.252962112426757812e+00,2.622097969055175781e+00,2.470423221588134766e+00,2.473301410675048828e+00,2.473301410675048828e+00,1.925650596618652344e+00,1.803876996040344238e+00,6.654975414276123047e-01,6.654975414276123047e-01,6.066525578498840332e-01,4.150556027889251709e-01,2.331661432981491089e-01,2.331661432981491089e-01,2.642158567905426025e-01,1.517539322376251221e-01,0.000000000000000000e+00,0.000000000000000000e+00,0.000000000000000000e+00,0.000000000000000000e+00,3.892140984535217285e-01,3.892140984535217285e-01,2.210205346345901489e-01,2.672885358333587646e-01,2.181365489959716797e+00,2.181365489959716797e+00,1.648853540420532227e+00,1.530040979385375977e+00
1.890000000000000000e+02,3.248335123062133789e+00,3.248335123062133789e+00,2.610123395919799805e+00,2.451614141464233398e+00,2.484440803527832031e+00,2.484440803527832031e+00,1.929980516433715820e+00,1.810884714126586914e+00,7.122496962547302246e-01,7.122496962547302246e-01,6.337641477584838867e-01,4.439087212085723877e-01,2.523095607757568359e-01,2.523095607757568359e-01,2.750437855720520020e-01,1.670748591423034668e-01,0.000000000000000000e+00,0.000000000000000000e+00,0.000000000000000000e+00,0.000000000000000000e+00,4.439021348953247070e-01,4.439021348953247070e-01,2.595146596431732178e-01,3.142094016075134277e-01,2.212998390197753906e+00,2.212998390197753906e+00,1.672117710113525391e+00,1.542813539505004883e+00
1.900000000000000000e+02,3.231728792190551758e+00,3.231728792190551758e+00,2.600162982940673828e+00,2.441204309463500977e+00,2.491740465164184570e+00,2.491740465164184570e+00,1.942797183990478516e+00,1.816537857055664062e+00,7.542992830276489258e-01,7.542992830276489258e-01,6.668170690536499023e-01,4.727284908294677734e-01,2.719491720199584961e-01,2.719491720199584961e-01,2.851268649101257324e-01,1.817902624607086182e-01,0.000000000000000000e+00,0.000000000000000000e+00,0.000000000000000000e+00,0.000000000000000000e+00,4.899487793445587158e-01,4.899487793445587158e-01,2.991336882114410400e-01,3.571292161941528320e-01,2.236478805541992188e+00,2.236478805541992188e+00,1.690020442008972168e+00,1.557055950164794922e+00
1.910000000000000000e+02,3.211846351623535156e+00,3.211846351623535156e+00,2.596053361892700195e+00,2.430259466171264648e+00,2.496501922607421875e+00,2.496501922607421875e+00,1.949249029159545898e+00,1.819316148757934570e+00,7.924389839172363281e-01,7.924389839172363281e-01,6.968313455581665039e-01,4.980285763740539551e-01,2.898772358894348145e-01,2.898772358894348145e-01,2.937330603599548340e-01,1.952655315399169922e-01,0.000000000000000000e+00,0.000000000000000000e+00,0.000000000000000000e+00,0.000000000000000000e+00,5.373947024345397949e-01,5.373947024345397949e-01,3.403558731079101562e-01,4.000889956951141357e-01,2.262409925460815430e+00,2.262409925460815430e+00,1.710179209709167480e+00,1.573867678642272949e+00
1.920000000000000000e+02,3.214058876037597656e+00,3.214058876037597656e+00,2.587090015411376953e+00,2.415164470672607422e+00,2.502731800079345703e+00,2.502731800079345703e+00,1.952996253967285156e+00,1.819809913635253906e+00,8.371386528015136719e-01,8.371386528015136719e-01,7.223178744316101074e-01,5.223780274391174316e-01,3.052960336208343506e-01,3.052960336208343506e-01,3.016582131385803223e-01,2.079280316829681396e-01,0.000000000000000000e+00,0.000000000000000000e+00,0.000000000000000000e+00,0.000000000000000000e+00,5.836863517761230469e-01,5.836863517761230469e-01,3.825684785842895508e-01,4.426380991935729980e-01,2.282129526138305664e+00,2.282129526138305664e+00,1.729932785034179688e+00,1.596464633941650391e+00
1.930000000000000000e+02,3.202829360961914062e+00,3.202829360961914062e+00,2.583119630813598633e+00,2.407258272171020508e+00,2.512922525405883789e+00,2.512922525405883789e+00,1.963504552841186523e+00,1.821058630943298340e+00,8.774590492248535156e-01,8.774590492248535156e-01,7.513198256492614746e-01,5.492609739303588867e-01,3.192117810249328613e-01,3.192117810249328613e-01,3.078739345073699951e-01,2.196576893329620361e-01,0.000000000000000000e+00,0.000000000000000000e+00,0.000000000000000000e+00,0.000000000000000000e+00,6.296941041946411133e-01,6.296941041946411133e-01,4.198632240295410156e-01,4.882026910781860352e-01,2.303426265716552734e+00,2.303426265716552734e+00,1.751867651939392090e+00,1.610806465148925781e+00
1.940000000000000000e+02,3.210308074951171875e+00,3.210308074951171875e+00,2.572372198104858398e+00,2.396167516708374023e+00,2.516598463058471680e+00,2.516598463058471680e+00,1.970533728599548340e+00,1.823181033134460449e+00,9.157533645629882812e-01,9.157533645629882812e-01,7.790930271148681641e-01,5.729751586914062500e-01,3.309574127197265625e-01,3.309574127197265625e-01,3.148095607757568359e-01,2.304783165454864502e-01,0.000000000000000000e+00,0.000000000000000000e+00,0.000000000000000000e+00,0.000000000000000000e+00,6.739673614501953125e-01,6.739673614501953125e-01,4.538908898830413818e-01,5.304237604141235352e-01,2.334113597869873047e+00,2.334113597869873047e+00,1.771613717079162598e+00,1.625889658927917480e+00
1.950000000000000000e+02,3.222435951232910156e+00,3.222435951232910156e+00,2.571751356124877930e+00,2.378529787063598633e+00,2.521613359451293945e+00,2.521613359451293945e+00,1.967049598693847656e+00,1.826917648315429688e+00,9.574756622314453125e-01,9.574756622314453125e-01,8.058863878250122070e-01,5.987260341644287109e-01,3.414567410945892334e-01,3.414567410945892334e-01,3.192729055881500244e-01,2.406140863895416260e-01,0.000000000000000000e+00,0.000000000000000000e+00,0.000000000000000000e+00,0.000000000000000000e+00,7.173118591308593750e-01,7.173118591308593750e-01,4.897422194480895996e-01,5.672198534011840820e-01,2.362562179565429688e+00,2.362562179565429688e+00,1.792717337608337402e+00,1.639989495277404785e+00
1.960000000000000000e+02,3.226724147796630859e+00,3.226724147796630859e+00,2.561922550201416016e+00,2.384351253509521484e+00,2.521099805831909180e+00,2.521099805831909180e+00,1.981754899024963379e+00,1.827175140380859375e+00,9.938807487487792969e-01,9.938807487487792969e-01,8.315961360931396484e-01,6.216796636581420898e-01,3.502084612846374512e-01,3.502084612846374512e-01,3.236356377601623535e-01,2.483242303133010864e-01,0.000000000000000000e+00,0.000000000000000000e+00,0.000000000000000000e+00,0.000000000000000000e+00,7.608769536018371582e-01,7.608769536018371582e-01,5.253501534461975098e-01,6.001977324485778809e-01,2.370260953903198242e+00,2.370260953903198242e+00,1.812741994857788086e+00,1.658158063888549805e+00
1.970000000000000000e+02,3.221098423004150391e+00,3.221098423004150391e+00,2.556015253067016602e+00,2.381765127182006836e+00,2.525492191314697266e+00,2.525492191314697266e+00,1.987586736679077148e+00,1.819798111915588379e+00,1.028208971023559570e+00,1.028208971023559570e+00,8.579474091529846191e-01,6.404478549957275391e-01,3.581337332725524902e-01,3.581337332725524902e-01,3.274452090263366699e-01,2.556814849376678467e-01,0.000000000000000000e+00,0.000000000000000000e+00,0.000000000000000000e+00,0.000000000000000000e+00,7.999461889266967773e-01,7.999461889266967773e-01,5.596017837524414062e-01,6.333042383193969727e-01,2.404600620269775391e+00,2.404600620269775391e+00,1.833116412162780762e+00,1.675145983695983887e+00
1.980000000000000000e+02,3.219034910202026367e+00,3.219034910202026367e+00,2.565745592117309570e+00,2.380480766296386719e+00,2.524073123931884766e+00,2.524073123931884766e+00,1.992328405380249023e+00,1.807674646377563477e+00,1.054733037948608398e+00,1.054733037948608398e+00,8.859068155288696289e-01,6.635146141052246094e-01,3.621546030044555664e-01,3.621546030044555664e-01,3.265187144279479980e-01,2.614558935165405273e-01,0.000000000000000000e+00,0.000000000000000000e+00,0.000000000000000000e+00,0.000000000000000000e+00,8.406420350074768066e-01,8.406420350074768066e-01,5.927972197532653809e-01,6.646035909652709961e-01,2.414743423461914062e+00,2.414743423461914062e+00,1.854255199432373047e+00,1.686459422111511230e+00
1.990000000000000000e+02,3.227926731109619141e+00,3.227926731109619141e+00,2.567847013473510742e+00,2.384901046752929688e+00,2.525361061096191406e+00,2.525361061096191406e+00,1.999908089637756348e+00,1.801456689834594727e+00,1.091663002967834473e+00,1.091663002967834473e+00,9.072554111480712891e-01,6.819212436676025391e-01,3.652805685997009277e-01,3.652805685997009277e-01,3.247344493865966797e-01,2.679257988929748535e-01,0.000000000000000000e+00,0.000000000000000000e+00,0.000000000000000000e+00,0.000000000000000000e+00,8.783658742904663086e-01,8.783658742904663086e-01,6.272618174552917480e-01,6.941537261009216309e-01,2.448060750961303711e+00,2.448060750961303711e+00,1.870126962661743164e+00,1.697917699813842773e+00
2.000000000000000000e+02,3.237805604934692383e+00,3.237805604934692383e+00,2.576931476593017578e+00,2.390619516372680664e+00,2.525792598724365234e+00,2.525792598724365234e+00,2.005734682083129883e+00,1.790577173233032227e+00,1.129825592041015625e+00,1.129825592041015625e+00,9.296383857727050781e-01,6.980552673339843750e-01,3.670660555362701416e-01,3.670660555362701416e-01,3.236063122749328613e-01,2.722095847129821777e-01,0.000000000000000000e+00,0.000000000000000000e+00,0.000000000000000000e+00,0.000000000000000000e+00,9.194906949996948242e-01,9.194906949996948242e-01,6.633616089820861816e-01,7.229669690132141113e-01,2.466271877288818359e+00,2.466271877288818359e+00,1.890612006187438965e+00,1.718207240104675293e+00
2.010000000000000000e+02,3.234424591064453125e+00,3.234424591064453125e+00,2.579510211944580078e+00,2.381987094879150391e+00,2.522201061248779297e+00,2.522201061248779297e+00,2.013204097747802734e+00,1.784802794456481934e+00,1.160217165946960449e+00,1.160217165946960449e+00,9.535541534423828125e-01,7.148683667182922363e-01,3.667543530464172363e-01,3.667543530464172363e-01,3.203075826168060303e-01,2.749197483062744141e-01,0.000000000000000000e+00,0.000000000000000000e+00,0.000000000000000000e+00,0.000000000000000000e+00,9.529801607131958008e-01,9.529801607131958008e-01,6.955844163894653320e-01,7.524390816688537598e-01,2.482726097106933594e+00,2.482726097106933594e+00,1.908591985702514648e+00,1.731282949447631836e+00
2.020000000000000000e+02,3.242635726928710938e+00,3.242635726928710938e+00,2.580858230590820312e+00,2.398509979248046875e+00,2.520916938781738281e+00,2.520916938781738281e+00,2.013459205627441406e+00,1.773577213287353516e+00,1.189345359802246094e+00,1.189345359802246094e+00,9.745222330093383789e-01,7.294569015502929688e-01,3.639951348304748535e-01,3.639951348304748535e-01,3.156318664550781250e-01,2.744626402854919434e-01,0.000000000000000000e+00,0.000000000000000000e+00,0.000000000000000000e+00,0.000000000000000000e+00,9.901779890060424805e-01,9.901779890060424805e-01,7.309495806694030762e-01,7.794618606567382812e-01,2.500161647796630859e+00,2.500161647796630859e+00,1.925698518753051758e+00,1.740524530410766602e+00
2.030000000000000000e+02,3.246627330780029297e+00,3.246627330780029297e+00,2.568470001220703125e+00,2.401642799377441406e+00,2.518031358718872070e+00,2.518031358718872070e+00,2.017653942108154297e+00,1.766951799392700195e+00,1.214318394660949707e+00,1.214318394660949707e+00,9.949574470520019531e-01,7.450177669525146484e-01,3.634786009788513184e-01,3.634786009788513184e-01,3.110819756984710693e-01,2.785222232341766357e-01,0.000000000000000000e+00,0.000000000000000000e+00,0.000000000000000000e+00,0.000000000000000000e+00,1.022305846214294434e+00,1.022305846214294434e+00,7.627924680709838867e-01,8.018436431884765625e-01,2.524056196212768555e+00,2.524056196212768555e+00,1.945390462875366211e+00,1.757419347763061523e+00
2.040000000000000000e+02,3.250505447387695312e+00,3.250505447387695312e+00,2.590997695922851562e+00,2.406490325927734375e+00,2.520628452301025391e+00,2.520628452301025391e+00,2.021417379379272461e+00,1.763030529022216797e+00,1.231922268867492676e+00,1.231922268867492676e+00,1.012279629707336426e+00,7.553902864456176758e-01,3.603042364120483398e-01,3.603042364120483398e-01,3.036277294158935547e-01,2.791519463062286377e-01,0.000000000000000000e+00,0.000000000000000000e+00,0.000000000000000000e+00,0.000000000000000000e+00,1.055357217788696289e+00,1.055357217788696289e+00,7.950711846351623535e-01,8.265776634216308594e-01,2.540205955505371094e+00,2.540205955505371094e+00,1.955370545387268066e+00,1.771635532379150391e+00
2.050000000000000000e+02,3.259818077087402344e+00,3.259818077087402344e+00,2.593920230865478516e+00,2.422532558441162109e+00,2.514809846878051758e+00,2.514809846878051758e+00,2.024086236953735352e+00,1.753962874412536621e+00,1.265939474105834961e+00,1.265939474105834961e+00,1.031533598899841309e+00,7.699794769287109375e-01,3.566082715988159180e-01,3.566082715988159180e-01,2.968971431255340576e-01,2.765772938728332520e-01,0.000000000000000000e+00,0.000000000000000000e+00,0.000000000000000000e+00,0.000000000000000000e+00,1.085829734802246094e+00,1.085829734802246094e+00,8.260487914085388184e-01,8.505575060844421387e-01,2.551334857940673828e+00,2.551334857940673828e+00,1.971843957901000977e+00,1.788418769836425781e+00
2.060000000000000000e+02,3.268143653869628906e+00,3.268143653869628906e+00,2.600400924682617188e+00,2.431729793548583984e+00,2.510641574859619141e+00,2.510641574859619141e+00,2.030331611633300781e+00,1.750650048255920410e+00,1.290628194808959961e+00,1.290628194808959961e+00,1.047808289527893066e+00,7.768771648406982422e-01,3.506219387054443359e-01,3.506219387054443359e-01,2.891775965690612793e-01,2.764129042625427246e-01,0.000000000000000000e+00,0.000000000000000000e+00,0.000000000000000000e+00,0.000000000000000000e+00,1.116495609283447266e+00,1.116495609283447266e+00,8.571004867553710938e-01,8.739359378814697266e-01,2.548686981201171875e+00,2.548686981201171875e+00,1.985132217407226562e+00,1.801159858703613281e+00
2.070000000000000000e+02,3.269888639450073242e+00,3.269888639450073242e+00,2.604567527770996094e+00,2.445836305618286133e+00,2.503668785095214844e+00,2.503668785095214844e+00,2.033576250076293945e+00,1.742541313171386719e+00,1.306494951248168945e+00,1.306494951248168945e+00,1.060387849807739258e+00,7.894637584686279297e-01,3.455020785331726074e-01,3.455020785331726074e-01,2.816874384880065918e-01,2.731007933616638184e-01,0.000000000000000000e+00,0.000000000000000000e+00,0.000000000000000000e+00,0.000000000000000000e+00,1.143679380416870117e+00,1.143679380416870117e+00,8.870958685874938965e-01,8.915885090827941895e-01,2.559109210968017578e+00,2.559109210968017578e+00,1.997375965118408203e+00,1.811824560165405273e+00
2.080000000000000000e+02,3.282674312591552734e+00,3.282674312591552734e+00,2.612833261489868164e+00,2.460937976837158203e+00,2.500572443008422852e+00,2.500572443008422852e+00,2.035767793655395508e+00,1.738759994506835938e+00,1.332014799118041992e+00,1.332014799118041992e+00,1.077850341796875000e+00,8.012909889221191406e-01,3.358608484268188477e-01,3.358608484268188477e-01,2.726957798004150391e-01,2.684454023838043213e-01,0.000000000000000000e+00,0.000000000000000000e+00,0.000000000000000000e+00,0.000000000000000000e+00,1.172287464141845703e+00,1.172287464141845703e+00,9.158243536949157715e-01,9.107263684272766113e-01,2.572976350784301758e+00,2.572976350784301758e+00,2.018378734588623047e+00,1.819488048553466797e+00
2.090000000000000000e+02,3.290050506591796875e+00,3.290050506591796875e+00,2.622905254364013672e+00,2.470386505126953125e+00,2.500479698181152344e+00,2.500479698181152344e+00,2.040642499923706055e+00,1.738808393478393555e+00,1.346993923187255859e+00,1.346993923187255859e+00,1.089239120483398438e+00,8.094644546508789062e-01,3.291245698928833008e-01,3.291245698928833008e-01,2.623078823089599609e-01,2.628336846828460693e-01,0.000000000000000000e+00,0.000000000000000000e+00,0.000000000000000000e+00,0.000000000000000000e+00,1.196791887283325195e+00,1.196791887283325195e+00,9.445610642433166504e-01,9.301642179489135742e-01,2.594763755798339844e+00,2.594763755798339844e+00,2.023803949356079102e+00,1.829594135284423828e+00
2.100000000000000000e+02,3.303512096405029297e+00,3.303512096405029297e+00,2.627243280410766602e+00,2.482612609863281250e+00,2.491421937942504883e+00,2.491421937942504883e+00,2.044595241546630859e+00,1.731847524642944336e+00,1.364551424980163574e+00,1.364551424980163574e+00,1.107718467712402344e+00,8.232322931289672852e-01,3.155210912227630615e-01,3.155210912227630615e-01,2.506772577762603760e-01,2.555320858955383301e-01,0.000000000000000000e+00,0.000000000000000000e+00,0.000000000000000000e+00,0.000000000000000000e+00,1.218172430992126465e+00,1.218172430992126465e+00,9.631265997886657715e-01,9.418842792510986328e-01,2.590374708175659180e+00,2.590374708175659180e+00,2.031700611114501953e+00,1.832507848739624023e+00
2.110000000000000000e+02,3.307360410690307617e+00,3.307360410690307617e+00,2.637508392333984375e+00,2.493425369262695312e+00,2.490369081497192383e+00,2.490369081497192383e+00,2.047914028167724609e+00,1.732034444808959961e+00,1.378821849822998047e+00,1.378821849822998047e+00,1.116596341133117676e+00,8.332971334457397461e-01,3.032318055629730225e-01,3.032318055629730225e-01,2.377467453479766846e-01,2.446966469287872314e-01,0.000000000000000000e+00,0.000000000000000000e+00,0.000000000000000000e+00,0.000000000000000000e+00,1.239536046981811523e+00,1.239536046981811523e+00,9.783395528793334961e-01,9.599885344505310059e-01,2.586696624755859375e+00,2.586696624755859375e+00,2.046881437301635742e+00,1.843566894531250000e+00
2.120000000000000000e+02,3.315268039703369141e+00,3.315268039703369141e+00,2.644539833068847656e+00,2.502179384231567383e+00,2.493286848068237305e+00,2.493286848068237305e+00,2.055576801300048828e+00,1.732755899429321289e+00,1.384943246841430664e+00,1.384943246841430664e+00,1.125442743301391602e+00,8.446278572082519531e-01,2.895726561546325684e-01,2.895726561546325684e-01,2.246648669242858887e-01,2.279117405414581299e-01,0.000000000000000000e+00,0.000000000000000000e+00,0.000000000000000000e+00,0.000000000000000000e+00,1.256299972534179688e+00,1.256299972534179688e+00,9.901703596115112305e-01,9.698920249938964844e-01,2.590841770172119141e+00,2.590841770172119141e+00,2.072549343109130859e+00,1.849006414413452148e+00
2.130000000000000000e+02,3.326146364212036133e+00,3.326146364212036133e+00,2.655906438827514648e+00,2.507108211517333984e+00,2.506299018859863281e+00,2.506299018859863281e+00,2.059126853942871094e+00,1.736869215965270996e+00,1.405924320220947266e+00,1.405924320220947266e+00,1.134351849555969238e+00,8.541066646575927734e-01,2.735250294208526611e-01,2.735250294208526611e-01,2.097596526145935059e-01,2.101342976093292236e-01,0.000000000000000000e+00,0.000000000000000000e+00,0.000000000000000000e+00,0.000000000000000000e+00,1.275251865386962891e+00,1.275251865386962891e+00,1.000115275382995605e+00,9.826939702033996582e-01,2.598704814910888672e+00,2.598704814910888672e+00,2.081521034240722656e+00,1.854079127311706543e+00
2.140000000000000000e+02,3.331747531890869141e+00,3.331747531890869141e+00,2.663628101348876953e+00,2.513036251068115234e+00,2.507220268249511719e+00,2.507220268249511719e+00,2.064750194549560547e+00,1.737973928451538086e+00,1.410291671752929688e+00,1.410291671752929688e+00,1.146922588348388672e+00,8.645122051239013672e-01,2.577522695064544678e-01,2.577522695064544678e-01,1.943574845790863037e-01,1.931713819503784180e-01,0.000000000000000000e+00,0.000000000000000000e+00,0.000000000000000000e+00,0.000000000000000000e+00,1.286867856979370117e+00,1.286867856979370117e+00,1.009449958801269531e+00,9.905238151550292969e-01,2.590159893035888672e+00,2.590159893035888672e+00,2.110027074813842773e+00,1.866531968116760254e+00
2.150000000000000000e+02,3.339846611022949219e+00,3.339846611022949219e+00,2.670989990234375000e+00,2.522200107574462891e+00,2.523676872253417969e+00,2.523676872253417969e+00,2.068768978118896484e+00,1.739318251609802246e+00,1.421076655387878418e+00,1.421076655387878418e+00,1.155045151710510254e+00,8.731355667114257812e-01,2.377589046955108643e-01,2.377589046955108643e-01,1.772675812244415283e-01,1.753308176994323730e-01,0.000000000000000000e+00,0.000000000000000000e+00,0.000000000000000000e+00,0.000000000000000000e+00,1.305012464523315430e+00,1.305012464523315430e+00,1.023108124732971191e+00,1.002578139305114746e+00,2.588177919387817383e+00,2.588177919387817383e+00,2.123377561569213867e+00,1.875973701477050781e+00
2.160000000000000000e+02,3.346591472625732422e+00,3.346591472625732422e+00,2.682816028594970703e+00,2.526759624481201172e+00,2.535808324813842773e+00,2.535808324813842773e+00,2.087220191955566406e+00,1.746962070465087891e+00,1.430792808532714844e+00,1.430792808532714844e+00,1.158976793289184570e+00,8.802093267440795898e-01,2.197840213775634766e-01,2.197840213775634766e-01,1.581495404243469238e-01,1.549892723560333252e-01,0.000000000000000000e+00,0.000000000000000000e+00,0.000000000000000000e+00,0.000000000000000000e+00,1.316640734672546387e+00,1.316640734672546387e+00,1.036454200744628906e+00,1.005994081497192383e+00,2.585632801055908203e+00,2.585632801055908203e+00,2.143966197967529297e+00,1.881286621093750000e+00
2.170000000000000000e+02,3.352553606033325195e+00,3.352553606033325195e+00,2.684817790985107422e+00,2.577174663543701172e+00,2.535087108612060547e+00,2.535087108612060547e+00,2.090887546539306641e+00,1.757890224456787109e+00,1.433169364929199219e+00,1.433169364929199219e+00,1.165534138679504395e+00,8.907461762428283691e-01,1.981669515371322632e-01,1.981669515371322632e-01,1.384772211313247681e-01,1.329922825098037720e-01,0.000000000000000000e+00,0.000000000000000000e+00,0.000000000000000000e+00,0.000000000000000000e+00,1.330203771591186523e+00,1.330203771591186523e+00,1.045870780944824219e+00,1.014050006866455078e+00,2.567271709442138672e+00,2.567271709442138672e+00,2.159402132034301758e+00,1.887164354324340820e+00
2.180000000000000000e+02,3.359215497970581055e+00,3.359215497970581055e+00,2.690430164337158203e+00,2.544501781463623047e+00,2.545126438140869141e+00,2.545126438140869141e+00,2.102739334106445312e+00,1.763867020606994629e+00,1.425722479820251465e+00,1.425722479820251465e+00,1.167026996612548828e+00,9.008690118789672852e-01,1.749163269996643066e-01,1.749163269996643066e-01,1.189228221774101257e-01,1.129315197467803955e-01,0.000000000000000000e+00,0.000000000000000000e+00,0.000000000000000000e+00,0.000000000000000000e+00,1.339950442314147949e+00,1.339950442314147949e+00,1.052195787429809570e+00,1.018616318702697754e+00,2.574314117431640625e+00,2.574314117431640625e+00,2.171280145645141602e+00,1.889593839645385742e+00
2.190000000000000000e+02,3.364663362503051758e+00,3.364663362503051758e+00,2.702124118804931641e+00,2.552370071411132812e+00,2.541010618209838867e+00,2.541010618209838867e+00,2.104241847991943359e+00,1.773034453392028809e+00,1.421833992004394531e+00,1.421833992004394531e+00,1.167514562606811523e+00,9.010463953018188477e-01,1.508544683456420898e-01,1.508544683456420898e-01,9.449853003025054932e-02,9.240271896123886108e-02,0.000000000000000000e+00,0.000000000000000000e+00,0.000000000000000000e+00,0.000000000000000000e+00,1.355711221694946289e+00,1.355711221694946289e+00,1.057632684707641602e+00,1.025576829910278320e+00,2.549731254577636719e+00,2.549731254577636719e+00,2.184295654296875000e+00,1.898356556892395020e+00
2.200000000000000000e+02,3.366208791732788086e+00,3.366208791732788086e+00,2.702298641204833984e+00,2.558522701263427734e+00,2.554283857345581055e+00,2.554283857345581055e+00,2.117085933685302734e+00,1.779320478439331055e+00,1.429424881935119629e+00,1.429424881935119629e+00,1.167381882667541504e+00,9.089363217353820801e-01,1.183433681726455688e-01,1.183433681726455688e-01,7.033844292163848877e-02,7.308767735958099365e-02,0.000000000000000000e+00,0.000000000000000000e+00,0.000000000000000000e+00,0.000000000000000000e+00,1.359807491302490234e+00,1.359807491302490234e+00,1.061678528785705566e+00,1.027198433876037598e+00,2.568778753280639648e+00,2.568778753280639648e+00,2.194210529327392578e+00,1.902459263801574707e+00
2.210000000000000000e+02,3.371147155761718750e+00,3.371147155761718750e+00,2.708512783050537109e+00,2.565288543701171875e+00,2.553258419036865234e+00,2.553258419036865234e+00,2.127378940582275391e+00,1.786776065826416016e+00,1.420313358306884766e+00,1.420313358306884766e+00,1.167283415794372559e+00,9.097388386726379395e-01,8.405282348394393921e-02,8.405282348394393921e-02,4.694630205631256104e-02,5.170181766152381897e-02,0.000000000000000000e+00,0.000000000000000000e+00,0.000000000000000000e+00,0.000000000000000000e+00,1.366613388061523438e+00,1.366613388061523438e+00,1.055776238441467285e+00,1.022975683212280273e+00,2.562185764312744141e+00,2.562185764312744141e+00,2.217266559600830078e+00,1.917492628097534180e+00
2.220000000000000000e+02,3.368327856063842773e+00,3.368327856063842773e+00,2.709550857543945312e+00,2.567025184631347656e+00,2.571949958801269531e+00,2.571949958801269531e+00,2.146557569503784180e+00,1.802620410919189453e+00,1.423635482788085938e+00,1.423635482788085938e+00,1.164091825485229492e+00,9.076235294342041016e-01,5.281217023730278015e-02,5.281217023730278015e-02,2.765289321541786194e-02,3.071043640375137329e-02,0.000000000000000000e+00,0.000000000000000000e+00,0.000000000000000000e+00,0.000000000000000000e+00,1.369080781936645508e+00,1.369080781936645508e+00,1.061438918113708496e+00,1.024674177169799805e+00,2.588007450103759766e+00,2.588007450103759766e+00,2.227354526519775391e+00,1.942579507827758789e+00
2.230000000000000000e+02,3.371731996536254883e+00,3.371731996536254883e+00,2.715633869171142578e+00,2.575757980346679688e+00,2.577051162719726562e+00,2.577051162719726562e+00,2.189158678054809570e+00,1.840253353118896484e+00,1.416386842727661133e+00,1.416386842727661133e+00,1.161406874656677246e+00,9.137790203094482422e-01,2.517174184322357178e-02,2.517174184322357178e-02,1.305782794952392578e-02,1.464522164314985275e-02,0.000000000000000000e+00,0.000000000000000000e+00,0.000000000000000000e+00,0.000000000000000000e+00,1.370981693267822266e+00,1.370981693267822266e+00,1.062344789505004883e+00,1.021763682365417480e+00,2.593413829803466797e+00,2.593413829803466797e+00,2.258175134658813477e+00,1.952038645744323730e+00
2.240000000000000000e+02,3.385809183120727539e+00,3.385809183120727539e+00,2.721380233764648438e+00,2.577969074249267578e+00,2.619993925094604492e+00,2.619993925094604492e+00,2.240204572677612305e+00,1.888115406036376953e+00,1.402111053466796875e+00,1.402111053466796875e+00,1.161622405052185059e+00,9.094067811965942383e-01,6.768739782273769379e-03,6.768739782273769379e-03,3.508124733343720436e-03,4.011209122836589813e-03,0.000000000000000000e+00,0.000000000000000000e+00,0.000000000000000000e+00,0.000000000000000000e+00,1.368686676025390625e+00,1.368686676025390625e+00,1.060464620590209961e+00,1.013943910598754883e+00,2.625796318054199219e+00,2.625796318054199219e+00,2.281644344329833984e+00,1.970478057861328125e+00
2.250000000000000000e+02,3.357609510421752930e+00,3.357609510421752930e+00,2.728519678115844727e+00,2.578297138214111328e+00,2.645473957061767578e+00,2.645473957061767578e+00,2.289652109146118164e+00,1.941666960716247559e+00,1.392320632934570312e+00,1.392320632934570312e+00,1.156869649887084961e+00,9.116363525390625000e-01,5.056324248187138437e-09,5.056324248187138437e-09,3.235071099894071267e-09,4.195539027307404467e-09,0.000000000000000000e+00,0.000000000000000000e+00,0.000000000000000000e+00,0.000000000000000000e+00,1.351671218872070312e+00,1.351671218872070312e+00,1.059193611145019531e+00,1.005376935005187988e+00,2.615464210510253906e+00,2.615464210510253906e+00,2.296466350555419922e+00,1.970425367355346680e+00
2.260000000000000000e+02,3.370578289031982422e+00,3.370578289031982422e+00,2.727431774139404297e+00,2.582013368606567383e+00,2.657075166702270508e+00,2.657075166702270508e+00,2.271944999694824219e+00,1.926378250122070312e+00,1.402021646499633789e+00,1.402021646499633789e+00,1.154382586479187012e+00,9.111083149909973145e-01,0.000000000000000000e+00,0.000000000000000000e+00,0.000000000000000000e+00,0.000000000000000000e+00,7.485727313905954361e-03,7.485727313905954361e-03,4.215075634419918060e-03,4.611308220773935318e-03,1.364630818367004395e+00,1.364630818367004395e+00,1.060286283493041992e+00,1.001122713088989258e+00,2.595421791076660156e+00,2.595421791076660156e+00,2.252394437789916992e+00,1.923963308334350586e+00
2.270000000000000000e+02,3.374702930450439453e+00,3.374702930450439453e+00,2.731668949127197266e+00,2.578234434127807617e+00,2.621244192123413086e+00,2.621244192123413086e+00,2.252068281173706055e+00,1.917635560035705566e+00,1.392665982246398926e+00,1.392665982246398926e+00,1.150337576866149902e+00,9.008032083511352539e-01,0.000000000000000000e+00,0.000000000000000000e+00,0.000000000000000000e+00,0.000000000000000000e+00,2.796480618417263031e-02,2.796480618417263031e-02,1.558714359998703003e-02,1.694879680871963501e-02,1.359671354293823242e+00,1.359671354293823242e+00,1.060100674629211426e+00,9.928832054138183594e-01,2.555404186248779297e+00,2.555404186248779297e+00,2.204654455184936523e+00,1.864215850830078125e+00
2.280000000000000000e+02,3.375735044479370117e+00,3.375735044479370117e+00,2.729152679443359375e+00,2.588907718658447266e+00,2.614514827728271484e+00,2.614514827728271484e+00,2.225924015045166016e+00,1.902778387069702148e+00,1.381303548812866211e+00,1.381303548812866211e+00,1.142029762268066406e+00,8.942738771438598633e-01,0.000000000000000000e+00,0.000000000000000000e+00,0.000000000000000000e+00,0.000000000000000000e+00,5.976664647459983826e-02,5.976664647459983826e-02,3.290103375911712646e-02,3.576008230447769165e-02,1.354626178741455078e+00,1.354626178741455078e+00,1.061266064643859863e+00,9.839484691619873047e-01,2.554665803909301758e+00,2.554665803909301758e+00,2.159996509552001953e+00,1.834543704986572266e+00
2.290000000000000000e+02,3.380750656127929688e+00,3.380750656127929688e+00,2.734170675277709961e+00,2.584618091583251953e+00,2.575086116790771484e+00,2.575086116790771484e+00,2.200896501541137695e+00,1.888136863708496094e+00,1.368275880813598633e+00,1.368275880813598633e+00,1.134306430816650391e+00,8.892248272895812988e-01,0.000000000000000000e+00,0.000000000000000000e+00,0.000000000000000000e+00,0.000000000000000000e+00,9.770946949720382690e-02,9.770946949720382690e-02,5.380839109420776367e-02,6.046857684850692749e-02,1.349011063575744629e+00,1.349011063575744629e+00,1.059241056442260742e+00,9.722757935523986816e-01,2.533463478088378906e+00,2.533463478088378906e+00,2.142092227935791016e+00,1.812280654907226562e+00
2.300000000000000000e+02,3.368836879730224609e+00,3.368836879730224609e+00,2.728016853332519531e+00,2.586264133453369141e+00,2.588822603225708008e+00,2.588822603225708008e+00,2.176840543746948242e+00,1.872663974761962891e+00,1.356869459152221680e+00,1.356869459152221680e+00,1.124826550483703613e+00,8.833854794502258301e-01,0.000000000000000000e+00,0.000000000000000000e+00,0.000000000000000000e+00,0.000000000000000000e+00,1.324627697467803955e-01,1.324627697467803955e-01,7.628735899925231934e-02,8.579686284065246582e-02,1.343022584915161133e+00,1.343022584915161133e+00,1.061989545822143555e+00,9.639400243759155273e-01,2.545701742172241211e+00,2.545701742172241211e+00,2.119463920593261719e+00,1.795053720474243164e+00
2.310000000000000000e+02,3.368265390396118164e+00,3.368265390396118164e+00,2.732828617095947266e+00,2.587402582168579102e+00,2.569614410400390625e+00,2.569614410400390625e+00,2.152309417724609375e+00,1.865477323532104492e+00,1.342362642288208008e+00,1.342362642288208008e+00,1.115879774093627930e+00,8.803511857986450195e-01,0.000000000000000000e+00,0.000000000000000000e+00,0.000000000000000000e+00,0.000000000000000000e+00,1.693121194839477539e-01,1.693121194839477539e-01,9.602867066860198975e-02,1.113133504986763000e-01,1.334314942359924316e+00,1.334314942359924316e+00,1.065196514129638672e+00,9.486106038093566895e-01,2.529591560363769531e+00,2.529591560363769531e+00,2.105080604553222656e+00,1.800309300422668457e+00
2.320000000000000000e+02,3.362955331802368164e+00,3.362955331802368164e+00,2.734993934631347656e+00,2.583445787429809570e+00,2.593277454376220703e+00,2.593277454376220703e+00,2.139202594757080078e+00,1.862677335739135742e+00,1.332215070724487305e+00,1.332215070724487305e+00,1.104420900344848633e+00,8.759105205535888672e-01,0.000000000000000000e+00,0.000000000000000000e+00,0.000000000000000000e+00,0.000000000000000000e+00,2.025842964649200439e-01,2.025842964649200439e-01,1.151237487792968750e-01,1.384104341268539429e-01,1.331074357032775879e+00,1.331074357032775879e+00,1.061135053634643555e+00,9.397472143173217773e-01,2.533987760543823242e+00,2.533987760543823242e+00,2.093207836151123047e+00,1.786820530891418457e+00
2.330000000000000000e+02,3.358232498168945312e+00,3.358232498168945312e+00,2.724572420120239258e+00,2.581981182098388672e+00,2.588677167892456055e+00,2.588677167892456055e+00,2.129993915557861328e+00,1.858021020889282227e+00,1.315149545669555664e+00,1.315149545669555664e+00,1.091785311698913574e+00,8.708503246307373047e-01,0.000000000000000000e+00,0.000000000000000000e+00,0.000000000000000000e+00,0.000000000000000000e+00,2.365258485078811646e-01,2.365258485078811646e-01,1.343207359313964844e-01,1.624525487422943115e-01,1.325596928596496582e+00,1.325596928596496582e+00,1.057893514633178711e+00,9.298708438873291016e-01,2.517278671264648438e+00,2.517278671264648438e+00,2.082621097564697266e+00,1.773021221160888672e+00
2.340000000000000000e+02,3.357646942138671875e+00,3.357646942138671875e+00,2.738898277282714844e+00,2.581212043762207031e+00,2.607209682464599609e+00,2.607209682464599609e+00,2.111619234085083008e+00,1.852829217910766602e+00,1.297853946685791016e+00,1.297853946685791016e+00,1.075354814529418945e+00,8.640657067298889160e-01,0.000000000000000000e+00,0.000000000000000000e+00,0.000000000000000000e+00,0.000000000000000000e+00,2.641599774360656738e-01,2.641599774360656738e-01,1.544293016195297241e-01,1.869965195655822754e-01,1.317023038864135742e+00,1.317023038864135742e+00,1.056114554405212402e+00,9.181091189384460449e-01,2.515029430389404297e+00,2.515029430389404297e+00,2.076360940933227539e+00,1.762038111686706543e+00
2.350000000000000000e+02,3.349331378936767578e+00,3.349331378936767578e+00,2.713642358779907227e+00,2.575653076171875000e+00,2.612511157989501953e+00,2.612511157989501953e+00,2.115917682647705078e+00,1.849007964134216309e+00,1.282319784164428711e+00,1.282319784164428711e+00,1.058460474014282227e+00,8.575971126556396484e-01,0.000000000000000000e+00,0.000000000000000000e+00,0.000000000000000000e+00,0.000000000000000000e+00,2.853454351425170898e-01,2.853454351425170898e-01,1.742035150527954102e-01,2.079824507236480713e-01,1.302556872367858887e+00,1.302556872367858887e+00,1.051064491271972656e+00,9.067946672439575195e-01,2.504013061523437500e+00,2.504013061523437500e+00,2.071955442428588867e+00,1.759474754333496094e+00
2.360000000000000000e+02,3.343874216079711914e+00,3.343874216079711914e+00,2.720175743103027344e+00,2.569025516510009766e+00,2.597225666046142578e+00,2.597225666046142578e+00,2.111715316772460938e+00,1.836909651756286621e+00,1.259455204010009766e+00,1.259455204010009766e+00,1.038315296173095703e+00,8.483889698982238770e-01,0.000000000000000000e+00,0.000000000000000000e+00,0.000000000000000000e+00,0.000000000000000000e+00,3.061110377311706543e-01,3.061110377311706543e-01,1.938904225826263428e-01,2.279425561428070068e-01,1.289283037185668945e+00,1.289283037185668945e+00,1.047081708908081055e+00,8.966764807701110840e-01,2.492497444152832031e+00,2.492497444152832031e+00,2.073901653289794922e+00,1.750113964080810547e+00
2.370000000000000000e+02,3.333620548248291016e+00,3.333620548248291016e+00,2.718999385833740234e+00,2.560480833053588867e+00,2.612948894500732422e+00,2.612948894500732422e+00,2.098227262496948242e+00,1.823272943496704102e+00,1.231458187103271484e+00,1.231458187103271484e+00,1.018576145172119141e+00,8.387881517410278320e-01,0.000000000000000000e+00,0.000000000000000000e+00,0.000000000000000000e+00,0.000000000000000000e+00,3.249914050102233887e-01,3.249914050102233887e-01,2.130075097084045410e-01,2.464591860771179199e-01,1.273211479187011719e+00,1.273211479187011719e+00,1.040740966796875000e+00,8.889454603195190430e-01,2.493875980377197266e+00,2.493875980377197266e+00,2.070911884307861328e+00,1.746781826019287109e+00
2.380000000000000000e+02,3.334075927734375000e+00,3.334075927734375000e+00,2.719508886337280273e+00,2.555491924285888672e+00,2.618501424789428711e+00,2.618501424789428711e+00,2.092635393142700195e+00,1.819251775741577148e+00,1.203404188156127930e+00,1.203404188156127930e+00,9.974420070648193359e-01,8.281273841857910156e-01,0.000000000000000000e+00,0.000000000000000000e+00,0.000000000000000000e+00,0.000000000000000000e+00,3.424487113952636719e-01,3.424487113952636719e-01,2.283375561237335205e-01,2.655269503593444824e-01,1.258846521377563477e+00,1.258846521377563477e+00,1.034772634506225586e+00,8.758176565170288086e-01,2.480807781219482422e+00,2.480807781219482422e+00,2.077878952026367188e+00,1.744108438491821289e+00
2.390000000000000000e+02,3.324999094009399414e+00,3.324999094009399414e+00,2.716752529144287109e+00,2.547509670257568359e+00,2.612592220306396484e+00,2.612592220306396484e+00,2.082855463027954102e+00,1.809006690979003906e+00,1.172615051269531250e+00,1.172615051269531250e+00,9.778751134872436523e-01,8.166317939758300781e-01,0.000000000000000000e+00,0.000000000000000000e+00,0.000000000000000000e+00,0.000000000000000000e+00,3.577464818954467773e-01,3.577464818954467773e-01,2.409095764160156250e-01,2.815483808517456055e-01,1.249847650527954102e+00,1.249847650527954102e+00,1.027671456336975098e+00,8.629118204116821289e-01,2.489624500274658203e+00,2.489624500274658203e+00,2.086943864822387695e+00,1.743682622909545898e+00
2.400000000000000000e+02,3.321959733963012695e+00,3.321959733963012695e+00,2.715774536132812500e+00,2.544446229934692383e+00,2.625965595245361328e+00,2.625965595245361328e+00,2.074713945388793945e+00,1.806930780410766602e+00,1.142573833465576172e+00,1.142573833465576172e+00,9.542639255523681641e-01,8.050899505615234375e-01,0.000000000000000000e+00,0.000000000000000000e+00,0.000000000000000000e+00,0.000000000000000000e+00,3.713191747665405273e-01,3.713191747665405273e-01,2.535140514373779297e-01,2.936197519302368164e-01,1.239718198776245117e+00,1.239718198776245117e+00,1.020081520080566406e+00,8.489855527877807617e-01,2.498662710189819336e+00,2.498662710189819336e+00,2.084897041320800781e+00,1.737679719924926758e+00
2.410000000000000000e+02,3.303721666336059570e+00,3.303721666336059570e+00,2.709551334381103516e+00,2.534886598587036133e+00,2.620393276214599609e+00,2.620393276214599609e+00,2.064980030059814453e+00,1.795235395431518555e+00,1.111275434494018555e+00,1.111275434494018555e+00,9.325024485588073730e-01,7.879040837287902832e-01,0.000000000000000000e+00,0.000000000000000000e+00,0.000000000000000000e+00,0.000000000000000000e+00,3.837168216705322266e-01,3.837168216705322266e-01,2.649075090885162354e-01,3.027287721633911133e-01,1.218452095985412598e+00,1.218452095985412598e+00,1.010417461395263672e+00,8.363320827484130859e-01,2.503974676132202148e+00,2.503974676132202148e+00,2.085250854492187500e+00,1.738460898399353027e+00
2.420000000000000000e+02,3.302246570587158203e+00,3.302246570587158203e+00,2.701367378234863281e+00,2.519278049468994141e+00,2.611301898956298828e+00,2.611301898956298828e+00,2.058401346206665039e+00,1.779389739036560059e+00,1.081545591354370117e+00,1.081545591354370117e+00,9.110127687454223633e-01,7.722123265266418457e-01,0.000000000000000000e+00,0.000000000000000000e+00,0.000000000000000000e+00,0.000000000000000000e+00,3.927181959152221680e-01,3.927181959152221680e-01,2.747098207473754883e-01,3.108706772327423096e-01,1.210526466369628906e+00,1.210526466369628906e+00,1.002463102340698242e+00,8.223177194595336914e-01,2.501979112625122070e+00,2.501979112625122070e+00,2.083282709121704102e+00,1.740018129348754883e+00
2.430000000000000000e+02,3.290622949600219727e+00,3.290622949600219727e+00,2.701992988586425781e+00,2.512172460556030273e+00,2.583959341049194336e+00,2.583959341049194336e+00,2.057222843170166016e+00,1.773585319519042969e+00,1.044223666191101074e+00,1.044223666191101074e+00,8.780801296234130859e-01,7.539020180702209473e-01,0.000000000000000000e+00,0.000000000000000000e+00,0.000000000000000000e+00,0.000000000000000000e+00,4.012836515903472900e-01,4.012836515903472900e-01,2.829907536506652832e-01,3.172173202037811279e-01,1.189724922180175781e+00,1.189724922180175781e+00,9.919357895851135254e-01,8.049908280372619629e-01,2.501337528228759766e+00,2.501337528228759766e+00,2.081199169158935547e+00,1.742955327033996582e+00
2.440000000000000000e+02,3.287981510162353516e+00,3.287981510162353516e+00,2.696970462799072266e+00,2.505726814270019531e+00,2.591610431671142578e+00,2.591610431671142578e+00,2.040027379989624023e+00,1.759921193122863770e+00,1.008495688438415527e+00,1.008495688438415527e+00,8.457456231117248535e-01,7.395830154418945312e-01,0.000000000000000000e+00,0.000000000000000000e+00,0.000000000000000000e+00,0.000000000000000000e+00,4.072432518005371094e-01,4.072432518005371094e-01,2.908212840557098389e-01,3.218533396720886230e-01,1.180066823959350586e+00,1.180066823959350586e+00,9.781533479690551758e-01,7.871768474578857422e-01,2.506082534790039062e+00,2.506082534790039062e+00,2.079042673110961914e+00,1.752403020858764648e+00
2.450000000000000000e+02,3.278584241867065430e+00,3.278584241867065430e+00,2.691490650177001953e+00,2.492399215698242188e+00,2.596093177795410156e+00,2.596093177795410156e+00,2.027449131011962891e+00,1.743311047554016113e+00,9.726941585540771484e-01,9.726941585540771484e-01,8.169542551040649414e-01,7.213661074638366699e-01,0.000000000000000000e+00,0.000000000000000000e+00,0.000000000000000000e+00,0.000000000000000000e+00,4.135514199733734131e-01,4.135514199733734131e-01,2.983576655387878418e-01,3.251827061176300049e-01,1.163116216659545898e+00,1.163116216659545898e+00,9.655663371086120605e-01,7.726613283157348633e-01,2.512553691864013672e+00,2.512553691864013672e+00,2.076494693756103516e+00,1.760126829147338867e+00
2.460000000000000000e+02,3.264537811279296875e+00,3.264537811279296875e+00,2.690014362335205078e+00,2.481155633926391602e+00,2.588057518005371094e+00,2.588057518005371094e+00,2.016860246658325195e+00,1.729155898094177246e+00,9.349557757377624512e-01,9.349557757377624512e-01,7.853327989578247070e-01,7.008789777755737305e-01,0.000000000000000000e+00,0.000000000000000000e+00,0.000000000000000000e+00,0.000000000000000000e+00,4.151819944381713867e-01,4.151819944381713867e-01,3.029948770999908447e-01,3.278415501117706299e-01,1.144719362258911133e+00,1.144719362258911133e+00,9.500353336334228516e-01,7.543037533760070801e-01,2.508834838867187500e+00,2.508834838867187500e+00,2.078940629959106445e+00,1.764659881591796875e+00
2.470000000000000000e+02,3.249662876129150391e+00,3.249662876129150391e+00,2.684292793273925781e+00,2.475125312805175781e+00,2.576370716094970703e+00,2.576370716094970703e+00,2.008729219436645508e+00,1.713613390922546387e+00,8.943794965744018555e-01,8.943794965744018555e-01,7.520307302474975586e-01,6.744389533996582031e-01,0.000000000000000000e+00,0.000000000000000000e+00,0.000000000000000000e+00,0.000000000000000000e+00,4.172529876232147217e-01,4.172529876232147217e-01,3.080045580863952637e-01,3.284789621829986572e-01,1.124754071235656738e+00,1.124754071235656738e+00,9.320539832115173340e-01,7.335298061370849609e-01,2.515460014343261719e+00,2.515460014343261719e+00,2.077853679656982422e+00,1.770558834075927734e+00
2.480000000000000000e+02,3.243519306182861328e+00,3.243519306182861328e+00,2.676914453506469727e+00,2.471297502517700195e+00,2.556962728500366211e+00,2.556962728500366211e+00,1.993451118469238281e+00,1.700937867164611816e+00,8.624550700187683105e-01,8.624550700187683105e-01,7.203379273414611816e-01,6.609498262405395508e-01,0.000000000000000000e+00,0.000000000000000000e+00,0.000000000000000000e+00,0.000000000000000000e+00,4.159911274909973145e-01,4.159911274909973145e-01,3.104293644428253174e-01,3.263455033302307129e-01,1.104257464408874512e+00,1.104257464408874512e+00,9.155919551849365234e-01,7.151555418968200684e-01,2.517596244812011719e+00,2.517596244812011719e+00,2.069504261016845703e+00,1.779744625091552734e+00
2.490000000000000000e+02,3.242537975311279297e+00,3.242537975311279297e+00,2.677125215530395508e+00,2.453692674636840820e+00,2.524136066436767578e+00,2.524136066436767578e+00,1.975399732589721680e+00,1.677030324935913086e+00,8.269751071929931641e-01,8.269751071929931641e-01,6.858882904052734375e-01,6.407485604286193848e-01,0.000000000000000000e+00,0.000000000000000000e+00,0.000000000000000000e+00,0.000000000000000000e+00,4.139546751976013184e-01,4.139546751976013184e-01,3.119153976440429688e-01,3.242658376693725586e-01,1.079840421676635742e+00,1.079840421676635742e+00,8.943003416061401367e-01,6.949158906936645508e-01,2.519511938095092773e+00,2.519511938095092773e+00,2.068609237670898438e+00,1.787165880203247070e+00
2.500000000000000000e+02,3.227959632873535156e+00,3.227959632873535156e+00,2.671040534973144531e+00,2.449296236038208008e+00,2.530241966247558594e+00,2.530241966247558594e+00,1.961553096771240234e+00,1.662984490394592285e+00,7.929188013076782227e-01,7.929188013076782227e-01,6.541025042533874512e-01,6.150123476982116699e-01,0.000000000000000000e+00,0.000000000000000000e+00,0.000000000000000000e+00,0.000000000000000000e+00,4.097551107406616211e-01,4.097551107406616211e-01,3.116928339004516602e-01,3.209813237190246582e-01,1.052259445190429688e+00,1.052259445190429688e+00,8.760844469070434570e-01,6.749496459960937500e-01,2.524142026901245117e+00,2.524142026901245117e+00,2.067201614379882812e+00,1.796127915382385254e+00
2.510000000000000000e+02,3.219354629516601562e+00,3.219354629516601562e+00,2.668180942535400391e+00,2.442768096923828125e+00,2.515523433685302734e+00,2.515523433685302734e+00,1.945111989974975586e+00,1.635296106338500977e+00,7.563054561614990234e-01,7.563054561614990234e-01,6.211087703704833984e-01,5.961823463439941406e-01,0.000000000000000000e+00,0.000000000000000000e+00,0.000000000000000000e+00,0.000000000000000000e+00,4.044203162193298340e-01,4.044203162193298340e-01,3.104485869407653809e-01,3.165648281574249268e-01,1.018758535385131836e+00,1.018758535385131836e+00,8.545074462890625000e-01,6.524395942687988281e-01,2.528480291366577148e+00,2.528480291366577148e+00,2.065822601318359375e+00,1.806623339653015137e+00
2.520000000000000000e+02,3.203481674194335938e+00,3.203481674194335938e+00,2.662717819213867188e+00,2.447718620300292969e+00,2.484707355499267578e+00,2.484707355499267578e+00,1.922663450241088867e+00,1.620618104934692383e+00,7.237483263015747070e-01,7.237483263015747070e-01,5.894335508346557617e-01,5.720941424369812012e-01,0.000000000000000000e+00,0.000000000000000000e+00,0.000000000000000000e+00,0.000000000000000000e+00,3.966431617736816406e-01,3.966431617736816406e-01,3.076774477958679199e-01,3.092306554317474365e-01,9.908992648124694824e-01,9.908992648124694824e-01,8.315573930740356445e-01,6.285970211029052734e-01,2.530905246734619141e+00,2.530905246734619141e+00,2.060384273529052734e+00,1.817113876342773438e+00
2.530000000000000000e+02,3.195208072662353516e+00,3.195208072662353516e+00,2.652449131011962891e+00,2.443193197250366211e+00,2.475024223327636719e+00,2.475024223327636719e+00,1.910504460334777832e+00,1.604591369628906250e+00,6.840810775756835938e-01,6.840810775756835938e-01,5.555636286735534668e-01,5.467219352722167969e-01,0.000000000000000000e+00,0.000000000000000000e+00,0.000000000000000000e+00,0.000000000000000000e+00,3.881813883781433105e-01,3.881813883781433105e-01,3.033131361007690430e-01,3.015750050544738770e-01,9.609852433204650879e-01,9.609852433204650879e-01,8.158743381500244141e-01,6.039012670516967773e-01,2.535025358200073242e+00,2.535025358200073242e+00,2.057687282562255859e+00,1.825958013534545898e+00
2.540000000000000000e+02,3.195214748382568359e+00,3.195214748382568359e+00,2.659072399139404297e+00,2.432413578033447266e+00,2.447355270385742188e+00,2.447355270385742188e+00,1.886925458908081055e+00,1.582724571228027344e+00,6.525750160217285156e-01,6.525750160217285156e-01,5.201246142387390137e-01,5.211362838745117188e-01,0.000000000000000000e+00,0.000000000000000000e+00,0.000000000000000000e+00,0.000000000000000000e+00,3.771759271621704102e-01,3.771759271621704102e-01,2.976526021957397461e-01,2.931416630744934082e-01,9.337015151977539062e-01,9.337015151977539062e-01,7.851325273513793945e-01,5.796062946319580078e-01,2.534418106079101562e+00,2.534418106079101562e+00,2.055815219879150391e+00,1.828796505928039551e+00
2.550000000000000000e+02,3.181050300598144531e+00,3.181050300598144531e+00,2.653794527053833008e+00,2.431417465209960938e+00,2.426289319992065430e+00,2.426289319992065430e+00,1.878797769546508789e+00,1.572462677955627441e+00,6.094190478324890137e-01,6.094190478324890137e-01,4.842509925365447998e-01,4.937089085578918457e-01,0.000000000000000000e+00,0.000000000000000000e+00,0.000000000000000000e+00,0.000000000000000000e+00,3.640518188476562500e-01,3.640518188476562500e-01,2.878485918045043945e-01,2.814697027206420898e-01,8.964992761611938477e-01,8.964992761611938477e-01,7.602813839912414551e-01,5.532110929489135742e-01,2.535483360290527344e+00,2.535483360290527344e+00,2.050507545471191406e+00,1.830273747444152832e+00
2.560000000000000000e+02,3.175770044326782227e+00,3.175770044326782227e+00,2.652754306793212891e+00,2.433177947998046875e+00,2.400236129760742188e+00,2.400236129760742188e+00,1.853573560714721680e+00,1.556181550025939941e+00,5.712674856185913086e-01,5.712674856185913086e-01,4.479119181632995605e-01,4.609556496143341064e-01,0.000000000000000000e+00,0.000000000000000000e+00,0.000000000000000000e+00,0.000000000000000000e+00,3.498572707176208496e-01,3.498572707176208496e-01,2.760872840881347656e-01,2.709127068519592285e-01,8.601811528205871582e-01,8.601811528205871582e-01,7.379209995269775391e-01,5.292102098464965820e-01,2.529297113418579102e+00,2.529297113418579102e+00,2.048097133636474609e+00,1.832494139671325684e+00
2.570000000000000000e+02,3.182689189910888672e+00,3.182689189910888672e+00,2.652357578277587891e+00,2.431705474853515625e+00,2.360842227935791016e+00,2.360842227935791016e+00,1.830112695693969727e+00,1.542896151542663574e+00,5.324795842170715332e-01,5.324795842170715332e-01,4.130332171916961670e-01,4.191243350505828857e-01,0.000000000000000000e+00,0.000000000000000000e+00,0.000000000000000000e+00,0.000000000000000000e+00,3.332176804542541504e-01,3.332176804542541504e-01,2.626325488090515137e-01,2.572475075721740723e-01,8.244761824607849121e-01,8.244761824607849121e-01,7.205539941787719727e-01,5.035312771797180176e-01,2.524986267089843750e+00,2.524986267089843750e+00,2.038439273834228516e+00,1.829955339431762695e+00
2.580000000000000000e+02,3.206955909729003906e+00,3.206955909729003906e+00,2.648267745971679688e+00,2.430018663406372070e+00,2.350787639617919922e+00,2.350787639617919922e+00,1.807649612426757812e+00,1.526335716247558594e+00,4.912120401859283447e-01,4.912120401859283447e-01,3.766909837722778320e-01,3.774377703666687012e-01,0.000000000000000000e+00,0.000000000000000000e+00,0.000000000000000000e+00,0.000000000000000000e+00,3.161481022834777832e-01,3.161481022834777832e-01,2.479405403137207031e-01,2.435973584651947021e-01,7.892611622810363770e-01,7.892611622810363770e-01,6.975074410438537598e-01,4.776003360748291016e-01,2.523239135742187500e+00,2.523239135742187500e+00,2.035947322845458984e+00,1.828208327293395996e+00
2.590000000000000000e+02,3.211832046508789062e+00,3.211832046508789062e+00,2.654558658599853516e+00,2.443791627883911133e+00,2.312220811843872070e+00,2.312220811843872070e+00,1.793156385421752930e+00,1.512459039688110352e+00,4.525298774242401123e-01,4.525298774242401123e-01,3.411964178085327148e-01,3.390357196331024170e-01,0.000000000000000000e+00,0.000000000000000000e+00,0.000000000000000000e+00,0.000000000000000000e+00,2.961863875389099121e-01,2.961863875389099121e-01,2.322982251644134521e-01,2.279717773199081421e-01,7.502320408821105957e-01,7.502320408821105957e-01,6.783725023269653320e-01,4.532822370529174805e-01,2.515804529190063477e+00,2.515804529190063477e+00,2.032980442047119141e+00,1.828327655792236328e+00
2.600000000000000000e+02,3.238332986831665039e+00,3.238332986831665039e+00,2.647493124008178711e+00,2.447214603424072266e+00,2.286648750305175781e+00,2.286648750305175781e+00,1.769979357719421387e+00,1.496409893035888672e+00,4.081777930259704590e-01,4.081777930259704590e-01,3.043074905872344971e-01,3.010091781616210938e-01,0.000000000000000000e+00,0.000000000000000000e+00,0.000000000000000000e+00,0.000000000000000000e+00,2.766394615173339844e-01,2.766394615173339844e-01,2.168845534324645996e-01,2.125390172004699707e-01,7.062758803367614746e-01,7.062758803367614746e-01,6.549329757690429688e-01,4.276912808418273926e-01,2.511801958084106445e+00,2.511801958084106445e+00,2.020460128784179688e+00,1.824166417121887207e+00
2.610000000000000000e+02,3.257075309753417969e+00,3.257075309753417969e+00,2.661020994186401367e+00,2.457390308380126953e+00,2.263114929199218750e+00,2.263114929199218750e+00,1.743338346481323242e+00,1.477723836898803711e+00,3.693396747112274170e-01,3.693396747112274170e-01,2.657714188098907471e-01,2.604252994060516357e-01,0.000000000000000000e+00,0.000000000000000000e+00,0.000000000000000000e+00,0.000000000000000000e+00,2.545824944972991943e-01,2.545824944972991943e-01,2.004235237836837769e-01,1.945410072803497314e-01,6.701759099960327148e-01,6.701759099960327148e-01,6.336581707000732422e-01,3.991919159889221191e-01,2.503013134002685547e+00,2.503013134002685547e+00,2.010255098342895508e+00,1.820768117904663086e+00
2.620000000000000000e+02,3.264083862304687500e+00,3.264083862304687500e+00,2.662172794342041016e+00,2.465007781982421875e+00,2.229690074920654297e+00,2.229690074920654297e+00,1.722675442695617676e+00,1.465214729309082031e+00,3.260355591773986816e-01,3.260355591773986816e-01,2.278499901294708252e-01,2.188667356967926025e-01,0.000000000000000000e+00,0.000000000000000000e+00,0.000000000000000000e+00,0.000000000000000000e+00,2.317972332239151001e-01,2.317972332239151001e-01,1.822382658720016479e-01,1.767000705003738403e-01,6.263631582260131836e-01,6.263631582260131836e-01,6.117981672286987305e-01,3.694850206375122070e-01,2.494608402252197266e+00,2.494608402252197266e+00,2.005830764770507812e+00,1.817207336425781250e+00
2.630000000000000000e+02,3.293913602828979492e+00,3.293913602828979492e+00,2.667225837707519531e+00,2.469779968261718750e+00,2.182633399963378906e+00,2.182633399963378906e+00,1.696147203445434570e+00,1.452346324920654297e+00,2.820172309875488281e-01,2.820172309875488281e-01,1.917356103658676147e-01,1.820571124553680420e-01,0.000000000000000000e+00,0.000000000000000000e+00,0.000000000000000000e+00,0.000000000000000000e+00,2.072379887104034424e-01,2.072379887104034424e-01,1.627243161201477051e-01,1.575650721788406372e-01,5.865296125411987305e-01,5.865296125411987305e-01,5.886119604110717773e-01,3.390222191810607910e-01,2.484639167785644531e+00,2.484639167785644531e+00,1.995333790779113770e+00,1.808369636535644531e+00
2.640000000000000000e+02,3.296561717987060547e+00,3.296561717987060547e+00,2.683007717132568359e+00,2.485829353332519531e+00,2.141937732696533203e+00,2.141937732696533203e+00,1.669691085815429688e+00,1.423792362213134766e+00,2.384236901998519897e-01,2.384236901998519897e-01,1.493288129568099976e-01,1.460125744342803955e-01,0.000000000000000000e+00,0.000000000000000000e+00,0.000000000000000000e+00,0.000000000000000000e+00,1.823612600564956665e-01,1.823612600564956665e-01,1.422446072101593018e-01,1.379508078098297119e-01,5.414514541625976562e-01,5.414514541625976562e-01,5.614230632781982422e-01,3.087063133716583252e-01,2.477181911468505859e+00,2.477181911468505859e+00,1.984723567962646484e+00,1.805580019950866699e+00
2.650000000000000000e+02,3.328828573226928711e+00,3.328828573226928711e+00,2.700869560241699219e+00,2.506813049316406250e+00,2.121063232421875000e+00,2.121063232421875000e+00,1.643919110298156738e+00,1.408731102943420410e+00,1.834163367748260498e-01,1.834163367748260498e-01,1.090012937784194946e-01,1.132781878113746643e-01,0.000000000000000000e+00,0.000000000000000000e+00,0.000000000000000000e+00,0.000000000000000000e+00,1.547169089317321777e-01,1.547169089317321777e-01,1.211200654506683350e-01,1.168806999921798706e-01,5.058937072753906250e-01,5.058937072753906250e-01,5.380933880805969238e-01,2.779766917228698730e-01,2.466187953948974609e+00,2.466187953948974609e+00,1.969225645065307617e+00,1.799392938613891602e+00
2.660000000000000000e+02,3.331433296203613281e+00,3.331433296203613281e+00,2.740692853927612305e+00,2.546341657638549805e+00,2.075893402099609375e+00,2.075893402099609375e+00,1.618085026741027832e+00,1.382942795753479004e+00,1.278030574321746826e-01,1.278030574321746826e-01,7.138659805059432983e-02,7.861477881669998169e-02,0.000000000000000000e+00,0.000000000000000000e+00,0.000000000000000000e+00,0.000000000000000000e+00,1.263216882944107056e-01,1.263216882944107056e-01,9.918436408042907715e-02,9.455192089080810547e-02,4.694503247737884521e-01,4.694503247737884521e-01,5.149740576744079590e-01,2.489165961742401123e-01,2.454932451248168945e+00,2.454932451248168945e+00,1.953338742256164551e+00,1.788888931274414062e+00
2.670000000000000000e+02,3.366930961608886719e+00,3.366930961608886719e+00,2.785939216613769531e+00,2.588556766510009766e+00,2.050012588500976562e+00,2.050012588500976562e+00,1.588776230812072754e+00,1.354326963424682617e+00,7.882087677717208862e-02,7.882087677717208862e-02,4.127052053809165955e-02,4.583283141255378723e-02,0.000000000000000000e+00,0.000000000000000000e+00,0.000000000000000000e+00,0.000000000000000000e+00,9.641471505165100098e-02,9.641471505165100098e-02,7.859493792057037354e-02,7.216403633356094360e-02,4.364468455314636230e-01,4.364468455314636230e-01,4.926435947418212891e-01,2.221569120883941650e-01,2.438232898712158203e+00,2.438232898712158203e+00,1.944583415985107422e+00,1.777801752090454102e+00
2.680000000000000000e+02,3.368140220642089844e+00,3.368140220642089844e+00,2.834756851196289062e+00,2.645450830459594727e+00,2.009870529174804688e+00,2.009870529174804688e+00,1.562010884284973145e+00,1.339290142059326172e+00,3.688595443964004517e-02,3.688595443964004517e-02,1.913594827055931091e-02,2.146169170737266541e-02,0.000000000000000000e+00,0.000000000000000000e+00,0.000000000000000000e+00,0.000000000000000000e+00,6.541949510574340820e-02,6.541949510574340820e-02,5.785333365201950073e-02,4.875881224870681763e-02,4.054251313209533691e-01,4.054251313209533691e-01,4.785231351852416992e-01,1.919665634632110596e-01,2.426601171493530273e+00,2.426601171493530273e+00,1.931691884994506836e+00,1.770339488983154297e+00
2.690000000000000000e+02,3.406118869781494141e+00,3.406118869781494141e+00,2.880915164947509766e+00,2.691608905792236328e+00,1.960817575454711914e+00,1.960817575454711914e+00,1.539884924888610840e+00,1.308966279029846191e+00,9.742484427988529205e-03,9.742484427988529205e-03,5.049340426921844482e-03,5.773331038653850555e-03,0.000000000000000000e+00,0.000000000000000000e+00,0.000000000000000000e+00,0.000000000000000000e+00,3.320738673210144043e-02,3.320738673210144043e-02,3.723522275686264038e-02,2.460400387644767761e-02,3.743119239807128906e-01,3.743119239807128906e-01,4.620211124420166016e-01,1.635439991950988770e-01,2.424929141998291016e+00,2.424929141998291016e+00,1.918465733528137207e+00,1.757489681243896484e+00
2.700000000000000000e+02,3.398249626159667969e+00,3.398249626159667969e+00,2.912618875503540039e+00,2.739450931549072266e+00,1.919415235519409180e+00,1.919415235519409180e+00,1.511329531669616699e+00,1.289413332939147949e+00,4.242414064492550096e-08,4.242414064492550096e-08,2.621606576269641664e-08,3.414017157865600893e-08,2.763839290764735779e-08,2.763839290764735779e-08,2.086753525532003550e-08,2.090639128482507658e-08,0.000000000000000000e+00,0.000000000000000000e+00,1.702598668634891510e-02,0.000000000000000000e+00,3.438623547554016113e-01,3.438623547554016113e-01,4.434905946254730225e-01,1.313425898551940918e-01,2.386711835861206055e+00,2.386711835861206055e+00,1.903066396713256836e+00,1.745544910430908203e+00
2.710000000000000000e+02,3.373871326446533203e+00,3.373871326446533203e+00,2.873693943023681641e+00,2.682919502258300781e+00,1.947157144546508789e+00,1.947157144546508789e+00,1.516729354858398438e+00,1.295682787895202637e+00,6.172062084078788757e-02,6.172062084078788757e-02,4.946419224143028259e-02,4.944536089897155762e-02,4.002823680639266968e-02,4.002823680639266968e-02,3.024894744157791138e-02,3.024686872959136963e-02,0.000000000000000000e+00,0.000000000000000000e+00,2.301454171538352966e-02,0.000000000000000000e+00,3.573052287101745605e-01,3.573052287101745605e-01,4.518899917602539062e-01,1.419159322977066040e-01,2.417049884796142578e+00,2.417049884796142578e+00,1.914590120315551758e+00,1.762884497642517090e+00
2.720000000000000000e+02,3.285913944244384766e+00,3.285913944244384766e+00,2.806947946548461914e+00,2.628943920135498047e+00,1.950736880302429199e+00,1.950736880302429199e+00,1.521070480346679688e+00,1.290068626403808594e+00,1.208182722330093384e-01,1.208182722330093384e-01,9.654580056667327881e-02,9.735117852687835693e-02,7.882358133792877197e-02,7.882358133792877197e-02,5.980947613716125488e-02,5.960783362388610840e-02,0.000000000000000000e+00,0.000000000000000000e+00,2.976082637906074524e-02,0.000000000000000000e+00,3.909181654453277588e-01,3.909181654453277588e-01,4.685010015964508057e-01,1.619762033224105835e-01,2.435539484024047852e+00,2.435539484024047852e+00,1.920972585678100586e+00,1.775830626487731934e+00
2.730000000000000000e+02,3.241343736648559570e+00,3.241343736648559570e+00,2.750881671905517578e+00,2.581724643707275391e+00,1.953709483146667480e+00,1.953709483146667480e+00,1.521398544311523438e+00,1.291775941848754883e+00,1.792189478874206543e-01,1.792189478874206543e-01,1.421424746513366699e-01,1.438871026039123535e-01,1.162481531500816345e-01,1.162481531500816345e-01,8.839062601327896118e-02,8.796407282352447510e-02,0.000000000000000000e+00,0.000000000000000000e+00,3.688223659992218018e-02,0.000000000000000000e+00,4.375783205032348633e-01,4.375783205032348633e-01,4.948373734951019287e-01,1.926716417074203491e-01,2.454572200775146484e+00,2.454572200775146484e+00,1.932113289833068848e+00,1.790374755859375000e+00
2.740000000000000000e+02,3.154022693634033203e+00,3.154022693634033203e+00,2.686887025833129883e+00,2.546941041946411133e+00,1.956779122352600098e+00,1.956779122352600098e+00,1.523996114730834961e+00,1.296930074691772461e+00,2.344265580177307129e-01,2.344265580177307129e-01,1.848881840705871582e-01,1.886243373155593872e-01,1.524325609207153320e-01,1.524325609207153320e-01,1.160988956689834595e-01,1.154476106166839600e-01,0.000000000000000000e+00,0.000000000000000000e+00,4.442165419459342957e-02,0.000000000000000000e+00,4.917677640914916992e-01,4.917677640914916992e-01,5.244422554969787598e-01,2.320548146963119507e-01,2.474971771240234375e+00,2.474971771240234375e+00,1.940099358558654785e+00,1.803575634956359863e+00
2.750000000000000000e+02,3.134130001068115234e+00,3.134130001068115234e+00,2.642739772796630859e+00,2.520762205123901367e+00,1.964460849761962891e+00,1.964460849761962891e+00,1.526197314262390137e+00,1.302559494972229004e+00,2.917133569717407227e-01,2.917133569717407227e-01,2.272903621196746826e-01,2.322780191898345947e-01,1.873190104961395264e-01,1.873190104961395264e-01,1.428841948509216309e-01,1.421617865562438965e-01,0.000000000000000000e+00,0.000000000000000000e+00,5.223713070154190063e-02,0.000000000000000000e+00,5.552392601966857910e-01,5.552392601966857910e-01,5.553425550460815430e-01,2.810686230659484863e-01,2.486039400100708008e+00,2.486039400100708008e+00,1.945393323898315430e+00,1.807563662528991699e+00
2.760000000000000000e+02,3.075644493103027344e+00,3.075644493103027344e+00,2.607577323913574219e+00,2.491002798080444336e+00,1.968196511268615723e+00,1.968196511268615723e+00,1.531753301620483398e+00,1.312740921974182129e+00,3.437581062316894531e-01,3.437581062316894531e-01,2.678488790988922119e-01,2.755030989646911621e-01,2.205763459205627441e-01,2.205763459205627441e-01,1.684579104185104370e-01,1.668555438518524170e-01,0.000000000000000000e+00,0.000000000000000000e+00,5.883745104074478149e-02,0.000000000000000000e+00,6.125291585922241211e-01,6.125291585922241211e-01,5.887430906295776367e-01,3.261229395866394043e-01,2.500830888748168945e+00,2.500830888748168945e+00,1.950249671936035156e+00,1.825199484825134277e+00
2.770000000000000000e+02,3.073487281799316406e+00,3.073487281799316406e+00,2.573061466217041016e+00,2.469205856323242188e+00,1.979545474052429199e+00,1.979545474052429199e+00,1.531302690505981445e+00,1.321729063987731934e+00,4.018338620662689209e-01,4.018338620662689209e-01,3.075888156890869141e-01,3.185217380523681641e-01,2.520737051963806152e-01,2.520737051963806152e-01,1.952705383300781250e-01,1.910033673048019409e-01,0.000000000000000000e+00,0.000000000000000000e+00,6.426414847373962402e-02,0.000000000000000000e+00,6.628667116165161133e-01,6.628667116165161133e-01,6.242131590843200684e-01,3.711391687393188477e-01,2.510542869567871094e+00,2.510542869567871094e+00,1.957999825477600098e+00,1.840538501739501953e+00
2.780000000000000000e+02,3.039351701736450195e+00,3.039351701736450195e+00,2.540099143981933594e+00,2.435651779174804688e+00,1.982441186904907227e+00,1.982441186904907227e+00,1.531352281570434570e+00,1.328911900520324707e+00,4.545948505401611328e-01,4.545948505401611328e-01,3.469474613666534424e-01,3.596323430538177490e-01,2.821366190910339355e-01,2.821366190910339355e-01,2.185373455286026001e-01,2.129961252212524414e-01,0.000000000000000000e+00,0.000000000000000000e+00,6.981679052114486694e-02,0.000000000000000000e+00,7.104598283767700195e-01,7.104598283767700195e-01,6.624665260314941406e-01,4.124553799629211426e-01,2.519734859466552734e+00,2.519734859466552734e+00,1.966670274734497070e+00,1.852589845657348633e+00
2.790000000000000000e+02,3.036447048187255859e+00,3.036447048187255859e+00,2.502940416336059570e+00,2.405362606048583984e+00,1.989733338356018066e+00,1.989733338356018066e+00,1.533888220787048340e+00,1.340918302536010742e+00,5.101901292800903320e-01,5.101901292800903320e-01,3.863894939422607422e-01,3.995806574821472168e-01,3.106179833412170410e-01,3.106179833412170410e-01,2.400402128696441650e-01,2.355086207389831543e-01,0.000000000000000000e+00,0.000000000000000000e+00,7.496795058250427246e-02,0.000000000000000000e+00,7.582437396049499512e-01,7.582437396049499512e-01,7.039200067520141602e-01,4.537870883941650391e-01,2.532726764678955078e+00,2.532726764678955078e+00,1.967061281204223633e+00,1.860135793685913086e+00
2.800000000000000000e+02,3.023071289062500000e+00,3.023071289062500000e+00,2.472927093505859375e+00,2.382423400878906250e+00,1.995825767517089844e+00,1.995825767517089844e+00,1.515415430068969727e+00,1.350703597068786621e+00,5.627248287200927734e-01,5.627248287200927734e-01,4.241293072700500488e-01,4.375098943710327148e-01,3.372662961483001709e-01,3.372662961483001709e-01,2.619875967502593994e-01,2.555821537971496582e-01,0.000000000000000000e+00,0.000000000000000000e+00,8.032196760177612305e-02,0.000000000000000000e+00,8.026344180107116699e-01,8.026344180107116699e-01,7.447608709335327148e-01,4.952692389488220215e-01,2.536716938018798828e+00,2.536716938018798828e+00,1.972076773643493652e+00,1.866804361343383789e+00
2.810000000000000000e+02,2.989124059677124023e+00,2.989124059677124023e+00,2.447803020477294922e+00,2.349181890487670898e+00,1.997508645057678223e+00,1.997508645057678223e+00,1.532015800476074219e+00,1.361967563629150391e+00,6.140474081039428711e-01,6.140474081039428711e-01,4.622125625610351562e-01,4.768330454826354980e-01,3.621954321861267090e-01,3.621954321861267090e-01,2.818048596382141113e-01,2.752973735332489014e-01,5.903995479457080364e-04,5.903995479457080364e-04,8.592244237661361694e-02,0.000000000000000000e+00,8.471504449844360352e-01,8.471504449844360352e-01,7.859078049659729004e-01,5.349323153495788574e-01,2.545316219329833984e+00,2.545316219329833984e+00,1.976465940475463867e+00,1.873909473419189453e+00
2.820000000000000000e+02,2.996024370193481445e+00,2.996024370193481445e+00,2.428725242614746094e+00,2.325849533081054688e+00,1.994305491447448730e+00,1.994305491447448730e+00,1.533133268356323242e+00,1.372030735015869141e+00,6.671121120452880859e-01,6.671121120452880859e-01,4.990222454071044922e-01,5.130130648612976074e-01,3.851460218429565430e-01,3.851460218429565430e-01,2.997133731842041016e-01,2.926141619682312012e-01,2.869635820388793945e-03,2.869635820388793945e-03,8.939735591411590576e-02,0.000000000000000000e+00,8.908913135528564453e-01,8.908913135528564453e-01,8.277411460876464844e-01,5.748013854026794434e-01,2.544947147369384766e+00,2.544947147369384766e+00,1.971946597099304199e+00,1.877796649932861328e+00
2.830000000000000000e+02,2.997786045074462891e+00,2.997786045074462891e+00,2.406576156616210938e+00,2.314634084701538086e+00,1.992360472679138184e+00,1.992360472679138184e+00,1.531364440917968750e+00,1.381079673767089844e+00,7.114953994750976562e-01,7.114953994750976562e-01,5.345754623413085938e-01,5.497887134552001953e-01,4.069386720657348633e-01,4.069386720657348633e-01,3.154135346412658691e-01,3.072221875190734863e-01,6.735842674970626831e-03,6.735842674970626831e-03,9.253293275833129883e-02,0.000000000000000000e+00,9.256603121757507324e-01,9.256603121757507324e-01,8.701454401016235352e-01,6.111381649971008301e-01,2.554289579391479492e+00,2.554289579391479492e+00,1.976884484291076660e+00,1.879241347312927246e+00
2.840000000000000000e+02,2.986438751220703125e+00,2.986438751220703125e+00,2.380969047546386719e+00,2.293997526168823242e+00,1.991142272949218750e+00,1.991142272949218750e+00,1.534440279006958008e+00,1.393328785896301270e+00,7.632905244827270508e-01,7.632905244827270508e-01,5.726429224014282227e-01,5.837438106536865234e-01,4.258500635623931885e-01,4.258500635623931885e-01,3.283586204051971436e-01,3.198237419128417969e-01,1.205544359982013702e-02,1.205544359982013702e-02,9.617917984724044800e-02,0.000000000000000000e+00,9.723848104476928711e-01,9.723848104476928711e-01,9.143761396408081055e-01,6.471565961837768555e-01,2.554439544677734375e+00,2.554439544677734375e+00,1.982744455337524414e+00,1.882991075515747070e+00
2.850000000000000000e+02,2.992947101593017578e+00,2.992947101593017578e+00,2.345531225204467773e+00,2.267236471176147461e+00,2.021242141723632812e+00,2.021242141723632812e+00,1.595727801322937012e+00,1.435646653175354004e+00,8.152155876159667969e-01,8.152155876159667969e-01,6.056628823280334473e-01,6.203293800354003906e-01,4.436367154121398926e-01,4.436367154121398926e-01,3.393734097480773926e-01,3.295148909091949463e-01,1.801874861121177673e-02,1.801874861121177673e-02,9.894146770238876343e-02,0.000000000000000000e+00,1.015720129013061523e+00,1.015720129013061523e+00,9.489378929138183594e-01,6.821762323379516602e-01,2.560314655303955078e+00,2.560314655303955078e+00,1.984733104705810547e+00,1.897902011871337891e+00
2.860000000000000000e+02,2.980282545089721680e+00,2.980282545089721680e+00,2.351781845092773438e+00,2.266341209411621094e+00,1.991337537765502930e+00,1.991337537765502930e+00,1.537324428558349609e+00,1.411169528961181641e+00,8.637515902519226074e-01,8.637515902519226074e-01,6.314957141876220703e-01,6.525593996047973633e-01,4.587876200675964355e-01,4.587876200675964355e-01,3.468987941741943359e-01,3.380585312843322754e-01,2.406891807913780212e-02,2.406891807913780212e-02,1.008952707052230835e-01,0.000000000000000000e+00,1.058127880096435547e+00,1.058127880096435547e+00,9.759936928749084473e-01,7.176106572151184082e-01,2.548390388488769531e+00,2.548390388488769531e+00,1.985489249229431152e+00,1.893910884857177734e+00
2.870000000000000000e+02,2.964763641357421875e+00,2.964763641357421875e+00,2.341768741607666016e+00,2.250391483306884766e+00,1.997797369956970215e+00,1.997797369956970215e+00,1.542856335639953613e+00,1.419929981231689453e+00,9.096568822860717773e-01,9.096568822860717773e-01,7.136266231536865234e-01,6.864445209503173828e-01,4.720743894577026367e-01,4.720743894577026367e-01,3.555402755737304688e-01,3.433033823966979980e-01,3.062681481242179871e-02,3.062681481242179871e-02,1.045026332139968872e-01,0.000000000000000000e+00,1.097335219383239746e+00,1.097335219383239746e+00,9.992939829826354980e-01,7.529278397560119629e-01,2.553487300872802734e+00,2.553487300872802734e+00,1.989088296890258789e+00,1.899093270301818848e+00
2.880000000000000000e+02,2.935544490814208984e+00,2.935544490814208984e+00,2.334003448486328125e+00,2.242316007614135742e+00,1.991759061813354492e+00,1.991759061813354492e+00,1.535955429077148438e+00,1.428088903427124023e+00,9.510803222656250000e-01,9.510803222656250000e-01,7.042673826217651367e-01,7.194373011589050293e-01,4.839205443859100342e-01,4.839205443859100342e-01,3.611946403980255127e-01,3.509899377822875977e-01,3.670917823910713196e-02,3.670917823910713196e-02,1.059126034379005432e-01,0.000000000000000000e+00,1.134357690811157227e+00,1.134357690811157227e+00,1.025005578994750977e+00,7.826369404792785645e-01,2.547346115112304688e+00,2.547346115112304688e+00,1.979613304138183594e+00,1.898616671562194824e+00
2.890000000000000000e+02,2.945717334747314453e+00,2.945717334747314453e+00,2.324851512908935547e+00,2.229932785034179688e+00,1.999927401542663574e+00,1.999927401542663574e+00,1.531467676162719727e+00,1.445312976837158203e+00,9.957814812660217285e-01,9.957814812660217285e-01,7.352958917617797852e-01,7.522834539413452148e-01,4.938274621963500977e-01,4.938274621963500977e-01,3.648648262023925781e-01,3.551133275032043457e-01,4.341434687376022339e-02,4.341434687376022339e-02,1.070397645235061646e-01,0.000000000000000000e+00,1.170392990112304688e+00,1.170392990112304688e+00,1.041070222854614258e+00,8.207139372825622559e-01,2.549134731292724609e+00,2.549134731292724609e+00,1.980561733245849609e+00,1.897171139717102051e+00
2.900000000000000000e+02,2.952068805694580078e+00,2.952068805694580078e+00,2.316810846328735352e+00,2.218879699707031250e+00,2.009219408035278320e+00,2.009219408035278320e+00,1.542562365531921387e+00,1.459310054779052734e+00,1.042114496231079102e+00,1.042114496231079102e+00,7.653721570968627930e-01,7.827115058898925781e-01,5.008292198181152344e-01,5.008292198181152344e-01,3.670303821563720703e-01,3.574410676956176758e-01,5.039355531334877014e-02,5.039355531334877014e-02,1.076907813549041748e-01,0.000000000000000000e+00,1.206785917282104492e+00,1.206785917282104492e+00,1.058837056159973145e+00,8.506542444229125977e-01,2.541560649871826172e+00,2.541560649871826172e+00,1.972082495689392090e+00,1.905223488807678223e+00
2.910000000000000000e+02,2.946763277053833008e+00,2.946763277053833008e+00,2.312801361083984375e+00,2.209189891815185547e+00,2.006339550018310547e+00,2.006339550018310547e+00,1.532846689224243164e+00,1.461028933525085449e+00,1.079585671424865723e+00,1.079585671424865723e+00,7.968367338180541992e-01,8.128958344459533691e-01,5.065165162086486816e-01,5.065165162086486816e-01,3.676969408988952637e-01,3.583964109420776367e-01,5.702027678489685059e-02,5.702027678489685059e-02,1.071938723325729370e-01,0.000000000000000000e+00,1.236587405204772949e+00,1.236587405204772949e+00,1.078518986701965332e+00,8.808160424232482910e-01,2.528947830200195312e+00,2.528947830200195312e+00,1.970110535621643066e+00,1.896968960762023926e+00
2.920000000000000000e+02,2.945475578308105469e+00,2.945475578308105469e+00,2.311913013458251953e+00,2.208484649658203125e+00,2.009292840957641602e+00,2.009292840957641602e+00,1.530936837196350098e+00,1.465667247772216797e+00,1.121148586273193359e+00,1.121148586273193359e+00,8.207871913909912109e-01,8.439811468124389648e-01,5.089111328125000000e-01,5.089111328125000000e-01,3.666547536849975586e-01,3.570252060890197754e-01,6.229117140173912048e-02,6.229117140173912048e-02,1.055815890431404114e-01,0.000000000000000000e+00,1.270719766616821289e+00,1.270719766616821289e+00,1.096233963966369629e+00,9.109165668487548828e-01,2.511670827865600586e+00,2.511670827865600586e+00,1.965719580650329590e+00,1.910417556762695312e+00
2.930000000000000000e+02,2.932939529418945312e+00,2.932939529418945312e+00,2.291699886322021484e+00,2.196254730224609375e+00,2.028741836547851562e+00,2.028741836547851562e+00,1.536190986633300781e+00,1.487893104553222656e+00,1.160020828247070312e+00,1.160020828247070312e+00,8.473931550979614258e-01,8.710298538208007812e-01,5.102781653404235840e-01,5.102781653404235840e-01,3.594226837158203125e-01,3.554531633853912354e-01,6.519047170877456665e-02,6.519047170877456665e-02,1.049109920859336853e-01,0.000000000000000000e+00,1.301068782806396484e+00,1.301068782806396484e+00,1.108338832855224609e+00,9.411964416503906250e-01,2.505802392959594727e+00,2.505802392959594727e+00,1.956405401229858398e+00,1.891694664955139160e+00
2.940000000000000000e+02,2.911530971527099609e+00,2.911530971527099609e+00,2.289423942565917969e+00,2.188312292098999023e+00,2.041203498840332031e+00,2.041203498840332031e+00,1.538811445236206055e+00,1.498462557792663574e+00,1.195707321166992188e+00,1.195707321166992188e+00,8.734343051910400391e-01,9.008460044860839844e-01,5.090843439102172852e-01,5.090843439102172852e-01,3.583272695541381836e-01,3.495287895202636719e-01,6.807153671979904175e-02,6.807153671979904175e-02,1.038759350776672363e-01,0.000000000000000000e+00,1.329791426658630371e+00,1.329791426658630371e+00,1.122121572494506836e+00,9.687677025794982910e-01,2.500605106353759766e+00,2.500605106353759766e+00,1.950789093971252441e+00,1.888416767120361328e+00
2.950000000000000000e+02,2.931808471679687500e+00,2.931808471679687500e+00,2.296179294586181641e+00,2.190635204315185547e+00,2.056150197982788086e+00,2.056150197982788086e+00,1.541874051094055176e+00,1.508369922637939453e+00,1.233103752136230469e+00,1.233103752136230469e+00,8.980234265327453613e-01,9.259815812110900879e-01,5.063555836677551270e-01,5.063555836677551270e-01,3.521004915237426758e-01,3.432455062866210938e-01,7.029478996992111206e-02,7.029478996992111206e-02,1.038570553064346313e-01,0.000000000000000000e+00,1.357589483261108398e+00,1.357589483261108398e+00,1.134097576141357422e+00,9.964092969894409180e-01,2.482417583465576172e+00,2.482417583465576172e+00,1.946143746376037598e+00,1.893575310707092285e+00
2.960000000000000000e+02,2.932399034500122070e+00,2.932399034500122070e+00,2.293898582458496094e+00,2.188496112823486328e+00,2.065905094146728516e+00,2.065905094146728516e+00,1.556092739105224609e+00,1.531905889511108398e+00,1.269153118133544922e+00,1.269153118133544922e+00,9.210817813873291016e-01,9.536779522895812988e-01,5.008525848388671875e-01,5.008525848388671875e-01,3.450031280517578125e-01,3.372853398323059082e-01,7.228977233171463013e-02,7.228977233171463013e-02,1.024676933884620667e-01,0.000000000000000000e+00,1.384006500244140625e+00,1.384006500244140625e+00,1.146134138107299805e+00,1.023662328720092773e+00,2.468262195587158203e+00,2.468262195587158203e+00,1.939618825912475586e+00,1.881198883056640625e+00
2.970000000000000000e+02,2.916509866714477539e+00,2.916509866714477539e+00,2.301356792449951172e+00,2.182348251342773438e+00,2.071899890899658203e+00,2.071899890899658203e+00,1.543616056442260742e+00,1.527817726135253906e+00,1.300340890884399414e+00,1.300340890884399414e+00,9.481905698776245117e-01,9.797949194908142090e-01,4.924867153167724609e-01,4.924867153167724609e-01,3.348019123077392578e-01,3.282282650470733643e-01,7.508403807878494263e-02,7.508403807878494263e-02,1.008480042219161987e-01,2.229105302831158042e-04,1.409350395202636719e+00,1.409350395202636719e+00,1.153771400451660156e+00,1.050304770469665527e+00,2.445798397064208984e+00,2.445798397064208984e+00,1.924874424934387207e+00,1.874360322952270508e+00
2.980000000000000000e+02,2.925793647766113281e+00,2.925793647766113281e+00,2.297083377838134766e+00,2.183148384094238281e+00,2.090777397155761719e+00,2.090777397155761719e+00,1.620918512344360352e+00,1.549105644226074219e+00,1.333405971527099609e+00,1.333405971527099609e+00,9.696735143661499023e-01,9.992295503616333008e-01,4.829687774181365967e-01,4.829687774181365967e-01,3.242378830909729004e-01,3.176186084747314453e-01,7.591116428375244141e-02,7.591116428375244141e-02,1.027800440788269043e-01,9.244339889846742153e-04,1.431560277938842773e+00,1.431560277938842773e+00,1.161834359169006348e+00,1.074402809143066406e+00,2.428318262100219727e+00,2.428318262100219727e+00,1.912238359451293945e+00,1.869889736175537109e+00
2.990000000000000000e+02,2.922669887542724609e+00,2.922669887542724609e+00,2.302236557006835938e+00,2.184629201889038086e+00,2.120226383209228516e+00,2.120226383209228516e+00,1.547621488571166992e+00,1.562088608741760254e+00,1.363352060317993164e+00,1.363352060317993164e+00,9.868725538253784180e-01,1.024076342582702637e+00,4.714718759059906006e-01,4.714718759059906006e-01,3.117026686668395996e-01,3.062058985233306885e-01,7.733281701803207397e-02,7.733281701803207397e-02,9.817203134298324585e-02,2.039303304627537727e-03,1.448154926300048828e+00,1.448154926300048828e+00,1.169136524200439453e+00,1.090126991271972656e+00,2.417294502258300781e+00,2.417294502258300781e+00,1.903496503829956055e+00,1.862798810005187988e+00
3.000000000000000000e+02,2.926362752914428711e+00,2.926362752914428711e+00,2.303112030029296875e+00,2.188831329345703125e+00,2.129731178283691406e+00,2.129731178283691406e+00,1.575088262557983398e+00,1.583092331886291504e+00,1.396379351615905762e+00,1.396379351615905762e+00,1.068808794021606445e+00,1.048615932464599609e+00,4.571429491043090820e-01,4.571429491043090820e-01,2.982721328735351562e-01,2.933830022811889648e-01,7.789739966392517090e-02,7.789739966392517090e-02,9.746387600898742676e-02,3.560093929991126060e-03,1.463485956192016602e+00,1.463485956192016602e+00,1.173758983612060547e+00,1.103013038635253906e+00,2.392746448516845703e+00,2.392746448516845703e+00,1.894499778747558594e+00,1.851063370704650879e+00
3.010000000000000000e+02,2.920528411865234375e+00,2.920528411865234375e+00,2.303594112396240234e+00,2.194831609725952148e+00,2.141435623168945312e+00,2.141435623168945312e+00,1.594658017158508301e+00,1.599675893783569336e+00,1.420959472656250000e+00,1.420959472656250000e+00,1.030238389968872070e+00,1.070939064025878906e+00,4.406022429466247559e-01,4.406022429466247559e-01,2.821215987205505371e-01,2.787752151489257812e-01,7.895227521657943726e-02,7.895227521657943726e-02,9.719393402338027954e-02,5.362828262150287628e-03,1.473812460899353027e+00,1.473812460899353027e+00,1.179273605346679688e+00,1.116711974143981934e+00,2.372607707977294922e+00,2.372607707977294922e+00,1.877360582351684570e+00,1.840117454528808594e+00
3.020000000000000000e+02,2.912023544311523438e+00,2.912023544311523438e+00,2.301337003707885742e+00,2.197194576263427734e+00,2.158594131469726562e+00,2.158594131469726562e+00,1.609414815902709961e+00,1.613221168518066406e+00,1.445798993110656738e+00,1.445798993110656738e+00,1.051941633224487305e+00,1.090900659561157227e+00,4.055430889129638672e-01,4.055430889129638672e-01,2.680838108062744141e-01,2.594750523567199707e-01,7.921180874109268188e-02,7.921180874109268188e-02,9.848622232675552368e-02,7.500613108277320862e-03,1.483031988143920898e+00,1.483031988143920898e+00,1.178569436073303223e+00,1.124908685684204102e+00,2.362847805023193359e+00,2.362847805023193359e+00,1.865825891494750977e+00,1.813553094863891602e+00
3.030000000000000000e+02,2.927953243255615234e+00,2.927953243255615234e+00,2.298215866088867188e+00,2.201057434082031250e+00,2.179852008819580078e+00,2.179852008819580078e+00,1.630686998367309570e+00,1.625321984291076660e+00,1.472928643226623535e+00,1.472928643226623535e+00,1.073905229568481445e+00,1.110817193984985352e+00,3.605296015739440918e-01,3.605296015739440918e-01,2.392680943012237549e-01,2.358523309230804443e-01,7.943145185708999634e-02,7.943145185708999634e-02,9.931509196758270264e-02,9.857706725597381592e-03,1.492415666580200195e+00,1.492415666580200195e+00,1.180724382400512695e+00,1.133177995681762695e+00,2.365999460220336914e+00,2.365999460220336914e+00,1.860726356506347656e+00,1.820522069931030273e+00
3.040000000000000000e+02,2.923573255538940430e+00,2.923573255538940430e+00,2.301259517669677734e+00,2.206135511398315430e+00,2.195487499237060547e+00,2.195487499237060547e+00,1.648757457733154297e+00,1.648475170135498047e+00,1.495740771293640137e+00,1.495740771293640137e+00,1.092938303947448730e+00,1.129356145858764648e+00,3.169700503349304199e-01,3.169700503349304199e-01,2.154230177402496338e-01,2.133293151855468750e-01,7.984782755374908447e-02,7.984782755374908447e-02,9.984387457370758057e-02,1.227569300681352615e-02,1.497152090072631836e+00,1.497152090072631836e+00,1.183087587356567383e+00,1.142655134201049805e+00,2.351474285125732422e+00,2.351474285125732422e+00,1.854999780654907227e+00,1.823935031890869141e+00
3.050000000000000000e+02,2.927031278610229492e+00,2.927031278610229492e+00,2.290086746215820312e+00,2.217150449752807617e+00,2.222342014312744141e+00,2.222342014312744141e+00,1.672904014587402344e+00,1.667550563812255859e+00,1.519011020660400391e+00,1.519011020660400391e+00,1.041832685470581055e+00,1.148450493812561035e+00,2.733416259288787842e-01,2.733416259288787842e-01,1.914045512676239014e-01,1.877414435148239136e-01,7.706011086702346802e-02,7.706011086702346802e-02,1.001895591616630554e-01,1.468758936971426010e-02,1.502276420593261719e+00,1.502276420593261719e+00,1.177659988403320312e+00,1.145647644996643066e+00,2.350864887237548828e+00,2.350864887237548828e+00,1.834002137184143066e+00,1.814110279083251953e+00
3.060000000000000000e+02,2.935350894927978516e+00,2.935350894927978516e+00,2.296776294708251953e+00,2.218391180038452148e+00,2.251401901245117188e+00,2.251401901245117188e+00,1.689470529556274414e+00,1.685210108757019043e+00,1.539731621742248535e+00,1.539731621742248535e+00,1.129764914512634277e+00,1.161722064018249512e+00,2.315099090337753296e-01,2.315099090337753296e-01,1.676443219184875488e-01,1.655517518520355225e-01,7.831950485706329346e-02,7.831950485706329346e-02,1.007818877696990967e-01,1.628902740776538849e-02,1.503713369369506836e+00,1.503713369369506836e+00,1.172936916351318359e+00,1.149264216423034668e+00,2.343053340911865234e+00,2.343053340911865234e+00,1.824015378952026367e+00,1.807502269744873047e+00
3.070000000000000000e+02,2.941394805908203125e+00,2.941394805908203125e+00,2.284914255142211914e+00,2.213095664978027344e+00,2.268695354461669922e+00,2.268695354461669922e+00,1.716442346572875977e+00,1.703215479850769043e+00,1.557597398757934570e+00,1.557597398757934570e+00,1.147129535675048828e+00,1.177683353424072266e+00,1.904080063104629517e-01,1.904080063104629517e-01,1.435790508985519409e-01,1.415311396121978760e-01,7.721669226884841919e-02,7.721669226884841919e-02,1.016087383031845093e-01,1.754584908485412598e-02,1.503263950347900391e+00,1.503263950347900391e+00,1.170801401138305664e+00,1.152739286422729492e+00,2.324944972991943359e+00,2.324944972991943359e+00,1.809932231903076172e+00,1.796930789947509766e+00
3.080000000000000000e+02,2.935989379882812500e+00,2.935989379882812500e+00,2.292902469635009766e+00,2.225705623626708984e+00,2.305474758148193359e+00,2.305474758148193359e+00,1.741977095603942871e+00,1.725599169731140137e+00,1.573032379150390625e+00,1.573032379150390625e+00,1.159477353096008301e+00,1.190225124359130859e+00,1.520190685987472534e-01,1.520190685987472534e-01,1.200328469276428223e-01,1.187679469585418701e-01,7.593869417905807495e-02,7.593869417905807495e-02,1.019215360283851624e-01,1.887536607682704926e-02,1.499627232551574707e+00,1.499627232551574707e+00,1.164882302284240723e+00,1.150368928909301758e+00,2.321921110153198242e+00,2.321921110153198242e+00,1.803847789764404297e+00,1.781850814819335938e+00
3.090000000000000000e+02,2.934854030609130859e+00,2.934854030609130859e+00,2.287235975265502930e+00,2.231927156448364258e+00,2.320486068725585938e+00,2.320486068725585938e+00,1.768168330192565918e+00,1.761456966400146484e+00,1.591242790222167969e+00,1.591242790222167969e+00,1.174257755279541016e+00,1.201694488525390625e+00,1.166874915361404419e-01,1.166874915361404419e-01,9.759599715471267700e-02,9.659936279058456421e-02,7.450804859399795532e-02,7.450804859399795532e-02,1.004288941621780396e-01,2.002744935452938080e-02,1.498175859451293945e+00,1.498175859451293945e+00,1.157837867736816406e+00,1.151470422744750977e+00,2.295368909835815430e+00,2.295368909835815430e+00,1.783926367759704590e+00,1.767232775688171387e+00
3.100000000000000000e+02,2.947182178497314453e+00,2.947182178497314453e+00,2.288327455520629883e+00,2.237056970596313477e+00,2.353558540344238281e+00,2.353558540344238281e+00,1.788892269134521484e+00,1.786856889724731445e+00,1.604673266410827637e+00,1.604673266410827637e+00,1.185608625411987305e+00,1.212112307548522949e+00,8.466611057519912720e-02,8.466611057519912720e-02,7.577505707740783691e-02,7.552240788936614990e-02,7.429997622966766357e-02,7.429997622966766357e-02,1.002729013562202454e-01,2.140483632683753967e-02,1.491789817810058594e+00,1.491789817810058594e+00,1.145993590354919434e+00,1.149749517440795898e+00,2.289529323577880859e+00,2.289529323577880859e+00,1.766961336135864258e+00,1.756245374679565430e+00
3.110000000000000000e+02,2.943056344985961914e+00,2.943056344985961914e+00,2.284404754638671875e+00,2.242662906646728516e+00,2.360237121582031250e+00,2.360237121582031250e+00,1.811540246009826660e+00,1.816984057426452637e+00,1.617302656173706055e+00,1.617302656173706055e+00,1.198300242424011230e+00,1.220433831214904785e+00,5.653556436300277710e-02,5.653556436300277710e-02,5.656006932258605957e-02,5.608817934989929199e-02,7.461527734994888306e-02,7.461527734994888306e-02,9.944341331720352173e-02,2.298937737941741943e-02,1.484174609184265137e+00,1.484174609184265137e+00,1.134452581405639648e+00,1.143854379653930664e+00,2.258932113647460938e+00,2.258932113647460938e+00,1.758800387382507324e+00,1.745810270309448242e+00
3.120000000000000000e+02,2.957082271575927734e+00,2.957082271575927734e+00,2.282573699951171875e+00,2.238575458526611328e+00,2.400394439697265625e+00,2.400394439697265625e+00,1.855236172676086426e+00,1.850088119506835938e+00,1.625017762184143066e+00,1.625017762184143066e+00,1.214405775070190430e+00,1.228801131248474121e+00,3.328639268875122070e-02,3.328639268875122070e-02,3.809500485658645630e-02,3.765033930540084839e-02,7.477669417858123779e-02,7.477669417858123779e-02,9.877724200487136841e-02,2.510751970112323761e-02,1.472455143928527832e+00,1.472455143928527832e+00,1.124788761138916016e+00,1.135044693946838379e+00,2.251161336898803711e+00,2.251161336898803711e+00,1.752414226531982422e+00,1.748020410537719727e+00
3.130000000000000000e+02,2.962282180786132812e+00,2.962282180786132812e+00,2.284638404846191406e+00,2.241753578186035156e+00,2.421412229537963867e+00,2.421412229537963867e+00,1.901680588722229004e+00,1.899557113647460938e+00,1.634731411933898926e+00,1.634731411933898926e+00,1.219215154647827148e+00,1.235759854316711426e+00,1.572180539369583130e-02,1.572180539369583130e-02,1.832046546041965485e-02,1.814701780676841736e-02,7.551689445972442627e-02,7.551689445972442627e-02,9.941062331199645996e-02,2.648103050887584686e-02,1.461619138717651367e+00,1.461619138717651367e+00,1.114134311676025391e+00,1.129614114761352539e+00,2.214945077896118164e+00,2.214945077896118164e+00,1.754964828491210938e+00,1.748188734054565430e+00
3.140000000000000000e+02,2.956103086471557617e+00,2.956103086471557617e+00,2.286220312118530273e+00,2.241092681884765625e+00,2.477049827575683594e+00,2.477049827575683594e+00,1.970683217048645020e+00,1.962032794952392578e+00,1.650604009628295898e+00,1.650604009628295898e+00,1.238055586814880371e+00,1.239408135414123535e+00,4.268215037882328033e-03,4.268215037882328033e-03,4.893848206847906113e-03,4.864248447120189667e-03,7.533662021160125732e-02,7.533662021160125732e-02,9.863545000553131104e-02,2.807687222957611084e-02,1.452772378921508789e+00,1.452772378921508789e+00,1.097989320755004883e+00,1.119083642959594727e+00,2.204538345336914062e+00,2.204538345336914062e+00,1.757295131683349609e+00,1.750901937484741211e+00
3.150000000000000000e+02,2.946101188659667969e+00,2.946101188659667969e+00,2.283993482589721680e+00,2.236830711364746094e+00,2.515556335449218750e+00,2.515556335449218750e+00,1.554554224014282227e+00,2.024429559707641602e+00,1.638845682144165039e+00,1.638845682144165039e+00,1.237435817718505859e+00,1.239623069763183594e+00,5.104260125676773896e-09,5.104260125676773896e-09,6.480133762920559093e-09,6.554826015303660824e-09,7.480823993682861328e-02,7.480823993682861328e-02,9.649089723825454712e-02,2.858091518282890320e-02,1.424635767936706543e+00,1.424635767936706543e+00,1.083569288253784180e+00,1.107973337173461914e+00,2.160034656524658203e+00,2.160034656524658203e+00,1.747647523880004883e+00,1.744990825653076172e+00
3.160000000000000000e+02,2.983473300933837891e+00,2.983473300933837891e+00,2.279991388320922852e+00,2.232563972473144531e+00,2.543966293334960938e+00,2.543966293334960938e+00,2.038785696029663086e+00,2.037926197052001953e+00,1.649903059005737305e+00,1.649903059005737305e+00,1.246822237968444824e+00,1.246722817420959473e+00,0.000000000000000000e+00,0.000000000000000000e+00,0.000000000000000000e+00,0.000000000000000000e+00,7.611832767724990845e-02,7.611832767724990845e-02,9.290214627981185913e-02,3.125505894422531128e-02,1.416597485542297363e+00,1.416597485542297363e+00,1.066294670104980469e+00,1.098234653472900391e+00,2.118528366088867188e+00,2.118528366088867188e+00,1.699969291687011719e+00,1.700694441795349121e+00
3.170000000000000000e+02,2.991984844207763672e+00,2.991984844207763672e+00,2.289762496948242188e+00,2.233740329742431641e+00,2.531880855560302734e+00,2.531880855560302734e+00,2.023342370986938477e+00,2.040128469467163086e+00,1.651876926422119141e+00,1.651876926422119141e+00,1.253262042999267578e+00,1.249240040779113770e+00,0.000000000000000000e+00,0.000000000000000000e+00,0.000000000000000000e+00,0.000000000000000000e+00,8.992693573236465454e-02,8.992693573236465454e-02,9.562022984027862549e-02,4.084765911102294922e-02,1.397525310516357422e+00,1.397525310516357422e+00,1.047788381576538086e+00,1.084243893623352051e+00,2.041595935821533203e+00,2.041595935821533203e+00,1.652536988258361816e+00,1.655689001083374023e+00
3.180000000000000000e+02,2.995272636413574219e+00,2.995272636413574219e+00,2.288554191589355469e+00,2.230223655700683594e+00,2.544811725616455078e+00,2.544811725616455078e+00,2.018519163131713867e+00,2.043118953704833984e+00,1.650658249855041504e+00,1.650658249855041504e+00,1.255034446716308594e+00,1.249101996421813965e+00,0.000000000000000000e+00,0.000000000000000000e+00,0.000000000000000000e+00,0.000000000000000000e+00,1.128759160637855530e-01,1.128759160637855530e-01,1.041299849748611450e-01,5.673008039593696594e-02,1.376270413398742676e+00,1.376270413398742676e+00,1.030310988426208496e+00,1.071041107177734375e+00,2.002663850784301758e+00,2.002663850784301758e+00,1.616390228271484375e+00,1.616303205490112305e+00
3.190000000000000000e+02,3.002025842666625977e+00,3.002025842666625977e+00,2.270250320434570312e+00,2.227700233459472656e+00,2.536337137222290039e+00,2.536337137222290039e+00,2.000399112701416016e+00,2.041055440902709961e+00,1.649199962615966797e+00,1.649199962615966797e+00,1.256217479705810547e+00,1.249104499816894531e+00,0.000000000000000000e+00,0.000000000000000000e+00,0.000000000000000000e+00,0.000000000000000000e+00,1.393815279006958008e-01,1.393815279006958008e-01,1.144211441278457642e-01,7.795752584934234619e-02,1.358173251152038574e+00,1.358173251152038574e+00,1.008640766143798828e+00,1.057810664176940918e+00,1.942056059837341309e+00,1.942056059837341309e+00,1.583231449127197266e+00,1.589105844497680664e+00
3.200000000000000000e+02,3.021035671234130859e+00,3.021035671234130859e+00,2.305263996124267578e+00,2.233622074127197266e+00,2.564043998718261719e+00,2.564043998718261719e+00,1.997865200042724609e+00,2.041578292846679688e+00,1.646353244781494141e+00,1.646353244781494141e+00,1.255934953689575195e+00,1.249535441398620605e+00,0.000000000000000000e+00,0.000000000000000000e+00,0.000000000000000000e+00,0.000000000000000000e+00,1.690870970487594604e-01,1.690870970487594604e-01,1.250648200511932373e-01,1.040006428956985474e-01,1.336697578430175781e+00,1.336697578430175781e+00,9.887145757675170898e-01,1.041454792022705078e+00,1.928300619125366211e+00,1.928300619125366211e+00,1.559188961982727051e+00,1.566680073738098145e+00
3.210000000000000000e+02,3.021321773529052734e+00,3.021321773529052734e+00,2.298326015472412109e+00,2.229045391082763672e+00,2.555643081665039062e+00,2.555643081665039062e+00,1.991307497024536133e+00,2.048399925231933594e+00,1.639994382858276367e+00,1.639994382858276367e+00,1.252561569213867188e+00,1.240472793579101562e+00,0.000000000000000000e+00,0.000000000000000000e+00,0.000000000000000000e+00,0.000000000000000000e+00,1.965063959360122681e-01,1.965063959360122681e-01,1.360688358545303345e-01,1.268144845962524414e-01,1.314293384552001953e+00,1.314293384552001953e+00,9.648454189300537109e-01,1.023733615875244141e+00,1.896791219711303711e+00,1.896791219711303711e+00,1.538060903549194336e+00,1.546590566635131836e+00
3.220000000000000000e+02,3.030905008316040039e+00,3.030905008316040039e+00,2.292989015579223633e+00,2.232097148895263672e+00,2.598307609558105469e+00,2.598307609558105469e+00,1.988816499710083008e+00,2.059573173522949219e+00,1.629876136779785156e+00,1.629876136779785156e+00,1.262662649154663086e+00,1.235108613967895508e+00,0.000000000000000000e+00,0.000000000000000000e+00,0.000000000000000000e+00,0.000000000000000000e+00,2.151308357715606689e-01,2.151308357715606689e-01,1.479856222867965698e-01,1.489026546478271484e-01,1.287883996963500977e+00,1.287883996963500977e+00,9.430088400840759277e-01,1.009608149528503418e+00,1.905513286590576172e+00,1.905513286590576172e+00,1.513875842094421387e+00,1.531611561775207520e+00
3.230000000000000000e+02,3.026131153106689453e+00,3.026131153106689453e+00,2.280200958251953125e+00,2.219248294830322266e+00,2.608796596527099609e+00,2.608796596527099609e+00,1.991053581237792969e+00,2.063662052154541016e+00,1.619001746177673340e+00,1.619001746177673340e+00,1.254005551338195801e+00,1.222249746322631836e+00,0.000000000000000000e+00,0.000000000000000000e+00,0.000000000000000000e+00,0.000000000000000000e+00,2.323078215122222900e-01,2.323078215122222900e-01,1.607883125543594360e-01,1.665774881839752197e-01,1.259378790855407715e+00,1.259378790855407715e+00,9.198036789894104004e-01,9.937189221382141113e-01,1.900122523307800293e+00,1.900122523307800293e+00,1.499525547027587891e+00,1.519731998443603516e+00
3.240000000000000000e+02,3.044054746627807617e+00,3.044054746627807617e+00,2.292667865753173828e+00,2.244602680206298828e+00,2.638494729995727539e+00,2.638494729995727539e+00,1.998354673385620117e+00,2.066254138946533203e+00,1.606370925903320312e+00,1.606370925903320312e+00,1.241316437721252441e+00,1.218029022216796875e+00,0.000000000000000000e+00,0.000000000000000000e+00,0.000000000000000000e+00,0.000000000000000000e+00,2.472066283226013184e-01,2.472066283226013184e-01,1.739462167024612427e-01,1.836252659559249878e-01,1.233759403228759766e+00,1.233759403228759766e+00,8.937398195266723633e-01,9.733026027679443359e-01,1.917925596237182617e+00,1.917925596237182617e+00,1.489372730255126953e+00,1.514476537704467773e+00
3.250000000000000000e+02,3.040830612182617188e+00,3.040830612182617188e+00,2.299413204193115234e+00,2.242783069610595703e+00,2.654445171356201172e+00,2.654445171356201172e+00,2.000593423843383789e+00,2.063931703567504883e+00,1.591009736061096191e+00,1.591009736061096191e+00,1.235764026641845703e+00,1.205516576766967773e+00,0.000000000000000000e+00,0.000000000000000000e+00,0.000000000000000000e+00,0.000000000000000000e+00,2.599138617515563965e-01,2.599138617515563965e-01,1.861574053764343262e-01,2.000494599342346191e-01,1.201868057250976562e+00,1.201868057250976562e+00,8.682386875152587891e-01,9.536045193672180176e-01,1.936357736587524414e+00,1.936357736587524414e+00,1.481819629669189453e+00,1.503072023391723633e+00
3.260000000000000000e+02,3.048935413360595703e+00,3.048935413360595703e+00,2.273396730422973633e+00,2.256044387817382812e+00,2.668019533157348633e+00,2.668019533157348633e+00,2.008067607879638672e+00,2.071894168853759766e+00,1.573667287826538086e+00,1.573667287826538086e+00,1.224435091018676758e+00,1.196145534515380859e+00,0.000000000000000000e+00,0.000000000000000000e+00,0.000000000000000000e+00,0.000000000000000000e+00,2.772130668163299561e-01,2.772130668163299561e-01,2.043506503105163574e-01,2.167290002107620239e-01,1.181075334548950195e+00,1.181075334548950195e+00,8.508056998252868652e-01,9.367803931236267090e-01,1.952112793922424316e+00,1.952112793922424316e+00,1.486270904541015625e+00,1.506719112396240234e+00
3.270000000000000000e+02,3.050636291503906250e+00,3.050636291503906250e+00,2.282140731811523438e+00,2.271134376525878906e+00,2.691165924072265625e+00,2.691165924072265625e+00,2.012981176376342773e+00,2.069130182266235352e+00,1.553596258163452148e+00,1.553596258163452148e+00,1.209017038345336914e+00,1.180307030677795410e+00,0.000000000000000000e+00,0.000000000000000000e+00,0.000000000000000000e+00,0.000000000000000000e+00,2.956469058990478516e-01,2.956469058990478516e-01,2.249695062637329102e-01,2.343032658100128174e-01,1.158821821212768555e+00,1.158821821212768555e+00,8.318234682083129883e-01,9.197031259536743164e-01,1.996948361396789551e+00,1.996948361396789551e+00,1.490040779113769531e+00,1.504824876785278320e+00
3.280000000000000000e+02,3.050519943237304688e+00,3.050519943237304688e+00,2.297484159469604492e+00,2.278012275695800781e+00,2.682105064392089844e+00,2.682105064392089844e+00,2.015177726745605469e+00,2.072723865509033203e+00,1.534126877784729004e+00,1.534126877784729004e+00,1.188996791839599609e+00,1.158221006393432617e+00,0.000000000000000000e+00,0.000000000000000000e+00,0.000000000000000000e+00,0.000000000000000000e+00,3.134351372718811035e-01,3.134351372718811035e-01,2.457027435302734375e-01,2.486157268285751343e-01,1.140091896057128906e+00,1.140091896057128906e+00,8.183258175849914551e-01,9.014278054237365723e-01,2.044995546340942383e+00,2.044995546340942383e+00,1.501767992973327637e+00,1.515980005264282227e+00
3.290000000000000000e+02,3.056447267532348633e+00,3.056447267532348633e+00,2.305170059204101562e+00,2.288300991058349609e+00,2.704457759857177734e+00,2.704457759857177734e+00,2.028801202774047852e+00,2.068213462829589844e+00,1.508872628211975098e+00,1.508872628211975098e+00,1.163358569145202637e+00,1.133134245872497559e+00,0.000000000000000000e+00,0.000000000000000000e+00,0.000000000000000000e+00,0.000000000000000000e+00,3.289147615432739258e-01,3.289147615432739258e-01,2.654486894607543945e-01,2.615889906883239746e-01,1.116755247116088867e+00,1.116755247116088867e+00,8.056889772415161133e-01,8.831626176834106445e-01,2.077041149139404297e+00,2.077041149139404297e+00,1.506608486175537109e+00,1.524396061897277832e+00
3.300000000000000000e+02,3.158814191818237305e+00,3.158814191818237305e+00,2.513173341751098633e+00,2.400522708892822266e+00,2.727871894836425781e+00,2.727871894836425781e+00,2.026522397994995117e+00,2.075271844863891602e+00,1.484456777572631836e+00,1.484456777572631836e+00,1.135583639144897461e+00,1.102527618408203125e+00,0.000000000000000000e+00,0.000000000000000000e+00,0.000000000000000000e+00,0.000000000000000000e+00,3.433419466018676758e-01,3.433419466018676758e-01,2.795215547084808350e-01,2.734273672103881836e-01,1.096314907073974609e+00,1.096314907073974609e+00,7.890440821647644043e-01,8.711186647415161133e-01,2.094522476196289062e+00,2.094522476196289062e+00,1.516072750091552734e+00,1.529322862625122070e+00
3.310000000000000000e+02,3.059134960174560547e+00,3.059134960174560547e+00,2.317579507827758789e+00,2.307529687881469727e+00,2.740834951400756836e+00,2.740834951400756836e+00,2.003691673278808594e+00,2.070658206939697266e+00,1.455754280090332031e+00,1.455754280090332031e+00,1.100671291351318359e+00,1.072722315788269043e+00,0.000000000000000000e+00,0.000000000000000000e+00,0.000000000000000000e+00,0.000000000000000000e+00,3.569007217884063721e-01,3.569007217884063721e-01,2.877324223518371582e-01,2.850656509399414062e-01,1.066973447799682617e+00,1.066973447799682617e+00,7.717861533164978027e-01,8.496619462966918945e-01,2.102659940719604492e+00,2.102659940719604492e+00,1.518207192420959473e+00,1.532538533210754395e+00
3.320000000000000000e+02,3.070627689361572266e+00,3.070627689361572266e+00,2.321746826171875000e+00,2.309114933013916016e+00,2.746966600418090820e+00,2.746966600418090820e+00,2.155384063720703125e+00,2.072963714599609375e+00,1.425586938858032227e+00,1.425586938858032227e+00,1.073746085166931152e+00,1.036807298660278320e+00,0.000000000000000000e+00,0.000000000000000000e+00,0.000000000000000000e+00,0.000000000000000000e+00,3.679926693439483643e-01,3.679926693439483643e-01,2.955924868583679199e-01,2.954413890838623047e-01,1.044623017311096191e+00,1.044623017311096191e+00,7.547035813331604004e-01,8.315514326095581055e-01,2.105032920837402344e+00,2.105032920837402344e+00,1.525474548339843750e+00,1.537604093551635742e+00
3.330000000000000000e+02,3.061222076416015625e+00,3.061222076416015625e+00,2.307585716247558594e+00,2.318611621856689453e+00,2.742413997650146484e+00,2.742413997650146484e+00,2.030878543853759766e+00,2.074220657348632812e+00,1.395351648330688477e+00,1.395351648330688477e+00,1.041418075561523438e+00,1.012092232704162598e+00,0.000000000000000000e+00,0.000000000000000000e+00,0.000000000000000000e+00,0.000000000000000000e+00,3.776583075523376465e-01,3.776583075523376465e-01,3.027112782001495361e-01,3.021332025527954102e-01,1.017396688461303711e+00,1.017396688461303711e+00,7.362033128738403320e-01,8.106657862663269043e-01,2.108091354370117188e+00,2.108091354370117188e+00,1.552326917648315430e+00,1.547688841819763184e+00
3.340000000000000000e+02,3.084442853927612305e+00,3.084442853927612305e+00,2.318416357040405273e+00,2.333477020263671875e+00,2.748900413513183594e+00,2.748900413513183594e+00,2.029860496520996094e+00,2.076857328414916992e+00,1.363306760787963867e+00,1.363306760787963867e+00,1.007280945777893066e+00,9.804037809371948242e-01,0.000000000000000000e+00,0.000000000000000000e+00,0.000000000000000000e+00,0.000000000000000000e+00,3.857918381690979004e-01,3.857918381690979004e-01,3.044980168342590332e-01,3.118634819984436035e-01,9.930118322372436523e-01,9.930118322372436523e-01,7.178524732589721680e-01,7.883390188217163086e-01,2.127062797546386719e+00,2.127062797546386719e+00,1.544025659561157227e+00,1.553333163261413574e+00
3.350000000000000000e+02,3.105168819427490234e+00,3.105168819427490234e+00,2.382640838623046875e+00,2.356825113296508789e+00,2.761464595794677734e+00,2.761464595794677734e+00,2.028076171875000000e+00,2.073848724365234375e+00,1.327164173126220703e+00,1.327164173126220703e+00,9.725819826126098633e-01,9.471715092658996582e-01,0.000000000000000000e+00,0.000000000000000000e+00,0.000000000000000000e+00,0.000000000000000000e+00,3.926250338554382324e-01,3.926250338554382324e-01,3.069161176681518555e-01,3.169042468070983887e-01,9.637941122055053711e-01,9.637941122055053711e-01,6.977287530899047852e-01,7.701940536499023438e-01,2.142112016677856445e+00,2.142112016677856445e+00,1.553473711013793945e+00,1.563801407814025879e+00
3.360000000000000000e+02,3.095176219940185547e+00,3.095176219940185547e+00,2.353333711624145508e+00,2.352462768554687500e+00,2.751990795135498047e+00,2.751990795135498047e+00,2.031323671340942383e+00,2.072447776794433594e+00,1.291202902793884277e+00,1.291202902793884277e+00,9.373264908790588379e-01,9.135743379592895508e-01,0.000000000000000000e+00,0.000000000000000000e+00,0.000000000000000000e+00,0.000000000000000000e+00,3.958075046539306641e-01,3.958075046539306641e-01,3.089996576309204102e-01,3.210849761962890625e-01,9.327583312988281250e-01,9.327583312988281250e-01,6.781743764877319336e-01,7.447012662887573242e-01,2.148000717163085938e+00,2.148000717163085938e+00,1.562805175781250000e+00,1.569622278213500977e+00
3.370000000000000000e+02,3.103320598602294922e+00,3.103320598602294922e+00,2.354546070098876953e+00,2.362315177917480469e+00,2.755023479461669922e+00,2.755023479461669922e+00,2.016812562942504883e+00,2.073946952819824219e+00,1.250476598739624023e+00,1.250476598739624023e+00,9.009405970573425293e-01,8.773165345191955566e-01,0.000000000000000000e+00,0.000000000000000000e+00,0.000000000000000000e+00,0.000000000000000000e+00,3.987331986427307129e-01,3.987331986427307129e-01,3.092570602893829346e-01,3.241604268550872803e-01,8.982603549957275391e-01,8.982603549957275391e-01,6.583504676818847656e-01,7.284578084945678711e-01,2.167222976684570312e+00,2.167222976684570312e+00,1.576038122177124023e+00,1.588864445686340332e+00
3.380000000000000000e+02,3.130597114562988281e+00,3.130597114562988281e+00,2.373237609863281250e+00,2.392182826995849609e+00,2.752592325210571289e+00,2.752592325210571289e+00,2.011016845703125000e+00,2.066971540451049805e+00,1.210877656936645508e+00,1.210877656936645508e+00,8.528923392295837402e-01,8.434847593307495117e-01,0.000000000000000000e+00,0.000000000000000000e+00,0.000000000000000000e+00,0.000000000000000000e+00,3.998630046844482422e-01,3.998630046844482422e-01,3.076018095016479492e-01,3.261916935443878174e-01,8.702472448348999023e-01,8.702472448348999023e-01,6.355078220367431641e-01,6.977150440216064453e-01,2.169000864028930664e+00,2.169000864028930664e+00,1.590880870819091797e+00,1.596194505691528320e+00
3.390000000000000000e+02,3.144888877868652344e+00,3.144888877868652344e+00,2.395967006683349609e+00,2.403547048568725586e+00,2.744428157806396484e+00,2.744428157806396484e+00,2.004723310470581055e+00,2.067707538604736328e+00,1.168498873710632324e+00,1.168498873710632324e+00,8.224265575408935547e-01,8.023107051849365234e-01,0.000000000000000000e+00,0.000000000000000000e+00,0.000000000000000000e+00,0.000000000000000000e+00,3.992583155632019043e-01,3.992583155632019043e-01,3.056103587150573730e-01,3.262188732624053955e-01,8.405601978302001953e-01,8.405601978302001953e-01,6.144536137580871582e-01,6.733848452568054199e-01,2.171686172485351562e+00,2.171686172485351562e+00,1.607022166252136230e+00,1.606116294860839844e+00
3.400000000000000000e+02,3.159846305847167969e+00,3.159846305847167969e+00,2.401911735534667969e+00,2.407927989959716797e+00,2.741698741912841797e+00,2.741698741912841797e+00,1.996589303016662598e+00,2.058723449707031250e+00,1.125911235809326172e+00,1.125911235809326172e+00,7.828466296195983887e-01,7.632490396499633789e-01,0.000000000000000000e+00,0.000000000000000000e+00,0.000000000000000000e+00,0.000000000000000000e+00,3.970246315002441406e-01,3.970246315002441406e-01,3.016233146190643311e-01,3.251683413982391357e-01,8.063568472862243652e-01,8.063568472862243652e-01,5.929952859878540039e-01,6.514221429824829102e-01,2.192781448364257812e+00,2.192781448364257812e+00,1.612189531326293945e+00,1.616582393646240234e+00
3.410000000000000000e+02,3.167150020599365234e+00,3.167150020599365234e+00,2.334278583526611328e+00,2.429749011993408203e+00,2.737435817718505859e+00,2.737435817718505859e+00,1.986673593521118164e+00,2.056958436965942383e+00,1.080281615257263184e+00,1.080281615257263184e+00,7.441683411598205566e-01,7.274404764175415039e-01,0.000000000000000000e+00,0.000000000000000000e+00,0.000000000000000000e+00,0.000000000000000000e+00,3.932057619094848633e-01,3.932057619094848633e-01,2.973492145538330078e-01,3.229690194129943848e-01,7.728036642074584961e-01,7.728036642074584961e-01,5.715298652648925781e-01,6.229600310325622559e-01,2.204722404479980469e+00,2.204722404479980469e+00,1.633948206901550293e+00,1.632918596267700195e+00
3.420000000000000000e+02,3.155389308929443359e+00,3.155389308929443359e+00,2.402119398117065430e+00,2.413691997528076172e+00,2.723773956298828125e+00,2.723773956298828125e+00,1.986777305603027344e+00,2.052517890930175781e+00,1.031699419021606445e+00,1.031699419021606445e+00,7.014038562774658203e-01,6.875529289245605469e-01,0.000000000000000000e+00,0.000000000000000000e+00,0.000000000000000000e+00,0.000000000000000000e+00,3.875435888767242432e-01,3.875435888767242432e-01,2.903797924518585205e-01,3.194677829742431641e-01,7.363119125366210938e-01,7.363119125366210938e-01,5.457342267036437988e-01,5.957967042922973633e-01,2.203998327255249023e+00,2.203998327255249023e+00,1.643757343292236328e+00,1.639030218124389648e+00
3.430000000000000000e+02,3.181618690490722656e+00,3.181618690490722656e+00,2.432184934616088867e+00,2.445081233978271484e+00,2.716158866882324219e+00,2.716158866882324219e+00,1.975002050399780273e+00,2.035342693328857422e+00,9.837646484375000000e-01,9.837646484375000000e-01,6.604566574096679688e-01,6.469711065292358398e-01,0.000000000000000000e+00,0.000000000000000000e+00,0.000000000000000000e+00,0.000000000000000000e+00,3.802407979965209961e-01,3.802407979965209961e-01,2.830237448215484619e-01,3.140602707862854004e-01,7.009781599044799805e-01,7.009781599044799805e-01,5.206747651100158691e-01,5.690408945083618164e-01,2.218538045883178711e+00,2.218538045883178711e+00,1.661895871162414551e+00,1.659518003463745117e+00
3.440000000000000000e+02,3.213984251022338867e+00,3.213984251022338867e+00,2.444101810455322266e+00,2.463802337646484375e+00,2.703164815902709961e+00,2.703164815902709961e+00,1.956637024879455566e+00,2.030169486999511719e+00,9.348526000976562500e-01,9.348526000976562500e-01,6.181015968322753906e-01,6.071381568908691406e-01,0.000000000000000000e+00,0.000000000000000000e+00,0.000000000000000000e+00,0.000000000000000000e+00,3.693640828132629395e-01,3.693640828132629395e-01,2.747619748115539551e-01,3.046121001243591309e-01,6.672583818435668945e-01,6.672583818435668945e-01,4.964363574981689453e-01,5.412917733192443848e-01,2.231906890869140625e+00,2.231906890869140625e+00,1.678656458854675293e+00,1.673755288124084473e+00
3.450000000000000000e+02,3.221909523010253906e+00,3.221909523010253906e+00,2.457262754440307617e+00,2.483458042144775391e+00,2.697565078735351562e+00,2.697565078735351562e+00,2.064677953720092773e+00,2.026063203811645508e+00,8.831315040588378906e-01,8.831315040588378906e-01,5.762174725532531738e-01,5.667621493339538574e-01,0.000000000000000000e+00,0.000000000000000000e+00,0.000000000000000000e+00,0.000000000000000000e+00,3.571142256259918213e-01,3.571142256259918213e-01,2.651402950286865234e-01,2.937752604484558105e-01,6.291491985321044922e-01,6.291491985321044922e-01,4.715671539306640625e-01,5.114731788635253906e-01,2.245196580886840820e+00,2.245196580886840820e+00,1.694747686386108398e+00,1.686286449432373047e+00
3.460000000000000000e+02,3.225947856903076172e+00,3.225947856903076172e+00,2.493009090423583984e+00,2.507643222808837891e+00,2.676917076110839844e+00,2.676917076110839844e+00,1.940929412841796875e+00,2.017671823501586914e+00,8.298902511596679688e-01,8.298902511596679688e-01,5.315060615539550781e-01,5.252107977867126465e-01,0.000000000000000000e+00,0.000000000000000000e+00,0.000000000000000000e+00,0.000000000000000000e+00,3.428594768047332764e-01,3.428594768047332764e-01,2.550407052040100098e-01,2.820741832256317139e-01,5.917061567306518555e-01,5.917061567306518555e-01,4.438391029834747314e-01,4.817083775997161865e-01,2.244387388229370117e+00,2.244387388229370117e+00,1.707146644592285156e+00,1.699670791625976562e+00
3.470000000000000000e+02,3.239718914031982422e+00,3.239718914031982422e+00,2.532333135604858398e+00,2.528398513793945312e+00,2.658332347869873047e+00,2.658332347869873047e+00,1.934283614158630371e+00,2.006078958511352539e+00,7.456707954406738281e-01,7.456707954406738281e-01,4.929398000240325928e-01,4.771026670932769775e-01,0.000000000000000000e+00,0.000000000000000000e+00,0.000000000000000000e+00,0.000000000000000000e+00,3.270907104015350342e-01,3.270907104015350342e-01,2.426523864269256592e-01,2.685291171073913574e-01,5.566395521163940430e-01,5.566395521163940430e-01,4.172167778015136719e-01,4.471577703952789307e-01,2.254400253295898438e+00,2.254400253295898438e+00,1.719584226608276367e+00,1.713168263435363770e+00
3.480000000000000000e+02,3.263121128082275391e+00,3.263121128082275391e+00,2.523858547210693359e+00,2.545804500579833984e+00,2.645172119140625000e+00,2.645172119140625000e+00,1.928589582443237305e+00,1.995234012603759766e+00,6.475214958190917969e-01,6.475214958190917969e-01,4.297357797622680664e-01,4.236305058002471924e-01,0.000000000000000000e+00,0.000000000000000000e+00,0.000000000000000000e+00,0.000000000000000000e+00,3.101066648960113525e-01,3.101066648960113525e-01,2.296988964080810547e-01,2.537476420402526855e-01,5.240264534950256348e-01,5.240264534950256348e-01,3.916856050491333008e-01,4.210505485534667969e-01,2.266406059265136719e+00,2.266406059265136719e+00,1.732990384101867676e+00,1.725756406784057617e+00
3.490000000000000000e+02,3.271136999130249023e+00,3.271136999130249023e+00,2.549896717071533203e+00,2.566280603408813477e+00,2.625535964965820312e+00,2.625535964965820312e+00,1.918681383132934570e+00,1.982732057571411133e+00,5.564209222793579102e-01,5.564209222793579102e-01,3.781608343124389648e-01,3.744518756866455078e-01,0.000000000000000000e+00,0.000000000000000000e+00,0.000000000000000000e+00,0.000000000000000000e+00,2.912336885929107666e-01,2.912336885929107666e-01,2.163798362016677856e-01,2.386206686496734619e-01,4.861808419227600098e-01,4.861808419227600098e-01,3.652303516864776611e-01,3.929224312305450439e-01,2.276329994201660156e+00,2.276329994201660156e+00,1.732464551925659180e+00,1.728709101676940918e+00
3.500000000000000000e+02,3.304633140563964844e+00,3.304633140563964844e+00,2.578111886978149414e+00,2.583204507827758789e+00,2.608325242996215820e+00,2.608325242996215820e+00,1.788407802581787109e+00,1.972351789474487305e+00,4.693072438240051270e-01,4.693072438240051270e-01,3.285803794860839844e-01,3.223520219326019287e-01,0.000000000000000000e+00,0.000000000000000000e+00,0.000000000000000000e+00,0.000000000000000000e+00,2.713715434074401855e-01,2.713715434074401855e-01,2.007262557744979858e-01,2.212610989809036255e-01,4.500243365764617920e-01,4.500243365764617920e-01,3.349891901016235352e-01,3.612076938152313232e-01,2.281244754791259766e+00,2.281244754791259766e+00,1.736030340194702148e+00,1.732139825820922852e+00
3.510000000000000000e+02,3.333247423171997070e+00,3.333247423171997070e+00,2.605085372924804688e+00,2.615889549255371094e+00,2.587089776992797852e+00,2.587089776992797852e+00,1.898362040519714355e+00,1.952195405960083008e+00,3.890169858932495117e-01,3.890169858932495117e-01,2.816604971885681152e-01,2.781901359558105469e-01,0.000000000000000000e+00,0.000000000000000000e+00,0.000000000000000000e+00,0.000000000000000000e+00,2.498242706060409546e-01,2.498242706060409546e-01,1.843902915716171265e-01,2.032602578401565552e-01,4.113844633102416992e-01,4.113844633102416992e-01,3.058791160583496094e-01,3.293588757514953613e-01,2.287420749664306641e+00,2.287420749664306641e+00,1.730410099029541016e+00,1.732528448104858398e+00
3.520000000000000000e+02,3.346191406250000000e+00,3.346191406250000000e+00,2.636685371398925781e+00,2.642724514007568359e+00,2.562738418579101562e+00,2.562738418579101562e+00,1.887380003929138184e+00,1.937722682952880859e+00,3.133030235767364502e-01,3.133030235767364502e-01,2.362444102764129639e-01,2.328853607177734375e-01,0.000000000000000000e+00,0.000000000000000000e+00,0.000000000000000000e+00,0.000000000000000000e+00,2.268261462450027466e-01,2.268261462450027466e-01,1.677201986312866211e-01,1.845528781414031982e-01,3.698457181453704834e-01,3.698457181453704834e-01,2.754692137241363525e-01,2.958374023437500000e-01,2.298984766006469727e+00,2.298984766006469727e+00,1.758317232131958008e+00,1.757302999496459961e+00
3.530000000000000000e+02,3.390201568603515625e+00,3.390201568603515625e+00,2.664778232574462891e+00,2.658497571945190430e+00,2.536017417907714844e+00,2.536017417907714844e+00,1.869204044342041016e+00,1.919042944908142090e+00,2.450798004865646362e-01,2.450798004865646362e-01,1.935321837663650513e-01,1.914922893047332764e-01,0.000000000000000000e+00,0.000000000000000000e+00,0.000000000000000000e+00,0.000000000000000000e+00,2.022384107112884521e-01,2.022384107112884521e-01,1.497774869203567505e-01,1.641575396060943604e-01,3.295889496803283691e-01,3.295889496803283691e-01,2.454880177974700928e-01,2.611746191978454590e-01,2.304421901702880859e+00,2.304421901702880859e+00,1.742797374725341797e+00,1.745461463928222656e+00
3.540000000000000000e+02,3.397716045379638672e+00,3.397716045379638672e+00,2.695813894271850586e+00,2.704613685607910156e+00,2.514423847198486328e+00,2.514423847198486328e+00,1.855657577514648438e+00,1.899262547492980957e+00,1.844027638435363770e-01,1.844027638435363770e-01,1.542048901319503784e-01,1.526563316583633423e-01,0.000000000000000000e+00,0.000000000000000000e+00,0.000000000000000000e+00,0.000000000000000000e+00,1.771314591169357300e-01,1.771314591169357300e-01,1.308816969394683838e-01,1.434746384620666504e-01,2.846410274505615234e-01,2.846410274505615234e-01,2.125401794910430908e-01,2.259202599525451660e-01,2.307861328125000000e+00,2.307861328125000000e+00,1.735926747322082520e+00,1.733988046646118164e+00
3.550000000000000000e+02,3.445177555084228516e+00,3.445177555084228516e+00,2.710695266723632812e+00,2.737239360809326172e+00,2.486928224563598633e+00,2.486928224563598633e+00,1.837524294853210449e+00,1.878474593162536621e+00,1.312150955200195312e-01,1.312150955200195312e-01,1.174424439668655396e-01,1.170336380600929260e-01,0.000000000000000000e+00,0.000000000000000000e+00,0.000000000000000000e+00,0.000000000000000000e+00,1.502675265073776245e-01,1.502675265073776245e-01,1.106946766376495361e-01,1.217123419046401978e-01,2.414577156305313110e-01,2.414577156305313110e-01,1.793624609708786011e-01,1.905883699655532837e-01,2.307942867279052734e+00,2.307942867279052734e+00,1.731719017028808594e+00,1.729771137237548828e+00
3.560000000000000000e+02,3.450933218002319336e+00,3.450933218002319336e+00,2.754105567932128906e+00,2.774938583374023438e+00,2.459304332733154297e+00,2.459304332733154297e+00,1.822377443313598633e+00,1.855740070343017578e+00,8.596417307853698730e-02,8.596417307853698730e-02,8.601224422454833984e-02,8.528660982847213745e-02,0.000000000000000000e+00,0.000000000000000000e+00,0.000000000000000000e+00,0.000000000000000000e+00,1.223750859498977661e-01,1.223750859498977661e-01,8.997933566570281982e-02,9.878130257129669189e-02,1.944197863340377808e-01,1.944197863340377808e-01,1.460853517055511475e-01,1.543619036674499512e-01,2.307796478271484375e+00,2.307796478271484375e+00,1.728406786918640137e+00,1.721312761306762695e+00
3.570000000000000000e+02,3.499048233032226562e+00,3.499048233032226562e+00,2.832842588424682617e+00,2.824015140533447266e+00,2.425383090972900391e+00,2.425383090972900391e+00,1.812413215637207031e+00,1.834013223648071289e+00,4.967770352959632874e-02,4.967770352959632874e-02,5.685420706868171692e-02,5.619466304779052734e-02,0.000000000000000000e+00,0.000000000000000000e+00,0.000000000000000000e+00,0.000000000000000000e+00,9.321017563343048096e-02,9.321017563343048096e-02,6.864073127508163452e-02,7.492789626121520996e-02,1.484490483999252319e-01,1.484490483999252319e-01,1.118551418185234070e-01,1.182101815938949585e-01,2.312816619873046875e+00,2.312816619873046875e+00,1.731871604919433594e+00,1.724685430526733398e+00
3.580000000000000000e+02,3.510035991668701172e+00,3.510035991668701172e+00,2.890493631362915039e+00,2.891674280166625977e+00,2.395476579666137695e+00,2.395476579666137695e+00,1.786507129669189453e+00,1.810754418373107910e+00,2.303709089756011963e-02,2.303709089756011963e-02,2.685071900486946106e-02,2.659648470580577850e-02,0.000000000000000000e+00,0.000000000000000000e+00,0.000000000000000000e+00,0.000000000000000000e+00,6.314042210578918457e-02,6.314042210578918457e-02,4.656670987606048584e-02,5.075062811374664307e-02,9.941174089908599854e-02,9.941174089908599854e-02,7.649876177310943604e-02,8.037371933460235596e-02,2.318195343017578125e+00,2.318195343017578125e+00,1.730150699615478516e+00,1.722628831863403320e+00
3.590000000000000000e+02,3.555391788482666016e+00,3.555391788482666016e+00,2.966823577880859375e+00,2.944658756256103516e+00,2.375714063644409180e+00,2.375714063644409180e+00,1.781957387924194336e+00,1.783953309059143066e+00,6.143454462289810181e-03,6.143454462289810181e-03,7.043962366878986359e-03,7.001358084380626678e-03,0.000000000000000000e+00,0.000000000000000000e+00,0.000000000000000000e+00,0.000000000000000000e+00,3.210186958312988281e-02,3.210186958312988281e-02,2.352801151573657990e-02,2.566950395703315735e-02,5.058176070451736450e-02,5.058176070451736450e-02,3.925333172082901001e-02,4.107324779033660889e-02,2.314530372619628906e+00,2.314530372619628906e+00,1.720703721046447754e+00,1.716485500335693359e+00
