0.000000000000000000e+00,1.913001251220703125e+01,1.913001251220703125e+01,1.698403739929199219e+01,1.903200912475585938e+01,1.485243606567382812e+01,1.485243606567382812e+01,1.295043849945068359e+01,1.480749416351318359e+01,6.801653861999511719e+00,6.801653861999511719e+00,6.331417083740234375e+00,7.003236770629882812e+00,1.203190565109252930e+00,1.203190565109252930e+00,1.547580003738403320e+00,1.628445267677307129e+00,8.637747168540954590e-01,8.637747168540954590e-01,1.023126959800720215e+00,1.494178891181945801e+00,6.110550403594970703e+00,6.110550403594970703e+00,5.275737285614013672e+00,6.827067375183105469e+00,1.423381042480468750e+01,1.423381042480468750e+01,1.240840339660644531e+01,1.452140617370605469e+01
1.000000000000000000e+00,1.917310905456542969e+01,1.917310905456542969e+01,1.701528739929199219e+01,1.908179092407226562e+01,1.495279216766357422e+01,1.495279216766357422e+01,1.307566070556640625e+01,1.486615848541259766e+01,6.842105388641357422e+00,6.842105388641357422e+00,6.380425453186035156e+00,7.016129970550537109e+00,1.222410559654235840e+00,1.222410559654235840e+00,1.561845421791076660e+00,1.634785652160644531e+00,8.687799572944641113e-01,8.687799572944641113e-01,1.002182483673095703e+00,1.515183925628662109e+00,6.099200725555419922e+00,6.099200725555419922e+00,5.255268096923828125e+00,6.831375122070312500e+00,1.428144264221191406e+01,1.428144264221191406e+01,1.240458202362060547e+01,1.449274253845214844e+01
2.000000000000000000e+00,1.921234321594238281e+01,1.921234321594238281e+01,1.693196296691894531e+01,1.908027839660644531e+01,1.501310062408447266e+01,1.501310062408447266e+01,1.308662128448486328e+01,1.485358428955078125e+01,6.832431316375732422e+00,6.832431316375732422e+00,6.393959999084472656e+00,7.049864768981933594e+00,1.235910892486572266e+00,1.235910892486572266e+00,1.562548041343688965e+00,1.623348832130432129e+00,8.823019266128540039e-01,8.823019266128540039e-01,1.001465320587158203e+00,1.527687191963195801e+00,6.060031414031982422e+00,6.060031414031982422e+00,5.251761436462402344e+00,6.798403263092041016e+00,1.428069305419921875e+01,1.428069305419921875e+01,1.239001178741455078e+01,1.445064258575439453e+01
3.000000000000000000e+00,1.915748977661132812e+01,1.915748977661132812e+01,1.709241104125976562e+01,1.909196472167968750e+01,1.509066963195800781e+01,1.509066963195800781e+01,1.323099613189697266e+01,1.492825794219970703e+01,6.866856575012207031e+00,6.866856575012207031e+00,6.433416843414306641e+00,7.084156036376953125e+00,1.239802002906799316e+00,1.239802002906799316e+00,1.580085396766662598e+00,1.639975547790527344e+00,8.903042078018188477e-01,8.903042078018188477e-01,9.978178739547729492e-01,1.566527009010314941e+00,6.051155567169189453e+00,6.051155567169189453e+00,5.232639312744140625e+00,6.806397914886474609e+00,1.425726222991943359e+01,1.425726222991943359e+01,1.230934047698974609e+01,1.447347927093505859e+01
4.000000000000000000e+00,1.923144912719726562e+01,1.923144912719726562e+01,1.709007644653320312e+01,1.913186645507812500e+01,1.513357925415039062e+01,1.513357925415039062e+01,1.324501323699951172e+01,1.496618938446044922e+01,6.847816944122314453e+00,6.847816944122314453e+00,6.447038173675537109e+00,7.093430519104003906e+00,1.254659295082092285e+00,1.254659295082092285e+00,1.596431732177734375e+00,1.641640305519104004e+00,9.058395624160766602e-01,9.058395624160766602e-01,9.957876205444335938e-01,1.594081282615661621e+00,5.995168685913085938e+00,5.995168685913085938e+00,5.260326862335205078e+00,6.725100517272949219e+00,1.427970886230468750e+01,1.427970886230468750e+01,1.240687370300292969e+01,1.444386959075927734e+01
5.000000000000000000e+00,1.928341102600097656e+01,1.928341102600097656e+01,1.716466903686523438e+01,1.912804412841796875e+01,1.522472763061523438e+01,1.522472763061523438e+01,1.336279106140136719e+01,1.497272777557373047e+01,6.882723808288574219e+00,6.882723808288574219e+00,6.492747306823730469e+00,7.127110004425048828e+00,1.256646871566772461e+00,1.256646871566772461e+00,1.608297586441040039e+00,1.643473982810974121e+00,9.336273670196533203e-01,9.336273670196533203e-01,9.859415292739868164e-01,1.614334583282470703e+00,5.998678207397460938e+00,5.998678207397460938e+00,5.266147136688232422e+00,6.757328510284423828e+00,1.424362182617187500e+01,1.424362182617187500e+01,1.241875076293945312e+01,1.449422168731689453e+01
6.000000000000000000e+00,1.931171417236328125e+01,1.931171417236328125e+01,1.718412017822265625e+01,1.908548927307128906e+01,1.525785827636718750e+01,1.525785827636718750e+01,1.341993713378906250e+01,1.504503250122070312e+01,6.856095314025878906e+00,6.856095314025878906e+00,6.519507408142089844e+00,7.168146610260009766e+00,1.264193773269653320e+00,1.264193773269653320e+00,1.618157982826232910e+00,1.636694669723510742e+00,9.531174302101135254e-01,9.531174302101135254e-01,9.961684346199035645e-01,1.643623709678649902e+00,5.911652565002441406e+00,5.911652565002441406e+00,5.264909744262695312e+00,6.725212097167968750e+00,1.425500297546386719e+01,1.425500297546386719e+01,1.239332008361816406e+01,1.448577976226806641e+01
7.000000000000000000e+00,1.938114166259765625e+01,1.938114166259765625e+01,1.723529815673828125e+01,1.914485931396484375e+01,1.533121299743652344e+01,1.533121299743652344e+01,1.349167156219482422e+01,1.503144550323486328e+01,6.907864093780517578e+00,6.907864093780517578e+00,6.509538173675537109e+00,7.187747955322265625e+00,1.261708259582519531e+00,1.261708259582519531e+00,1.627985000610351562e+00,1.641346335411071777e+00,9.743083715438842773e-01,9.743083715438842773e-01,9.905384182929992676e-01,1.663243055343627930e+00,5.918284416198730469e+00,5.918284416198730469e+00,5.273476123809814453e+00,6.725578308105468750e+00,1.427032375335693359e+01,1.427032375335693359e+01,1.243713378906250000e+01,1.439552402496337891e+01
8.000000000000000000e+00,1.937756156921386719e+01,1.937756156921386719e+01,1.726008987426757812e+01,1.916351127624511719e+01,1.539741420745849609e+01,1.539741420745849609e+01,1.360909080505371094e+01,1.507290935516357422e+01,6.898326873779296875e+00,6.898326873779296875e+00,6.572810649871826172e+00,7.155577659606933594e+00,1.263894319534301758e+00,1.263894319534301758e+00,1.637005209922790527e+00,1.643045783042907715e+00,1.001836657524108887e+00,1.001836657524108887e+00,1.007401585578918457e+00,1.683340668678283691e+00,5.885871887207031250e+00,5.885871887207031250e+00,5.251403808593750000e+00,6.657000541687011719e+00,1.428267574310302734e+01,1.428267574310302734e+01,1.243503189086914062e+01,1.446541595458984375e+01
9.000000000000000000e+00,1.939383125305175781e+01,1.939383125305175781e+01,1.732344055175781250e+01,1.921327018737792969e+01,1.544772815704345703e+01,1.544772815704345703e+01,1.368346881866455078e+01,1.509550094604492188e+01,6.903270244598388672e+00,6.903270244598388672e+00,6.606048583984375000e+00,7.239619255065917969e+00,1.271784663200378418e+00,1.271784663200378418e+00,1.656636953353881836e+00,1.632382273674011230e+00,1.024220228195190430e+00,1.024220228195190430e+00,1.006642460823059082e+00,1.706959962844848633e+00,5.857422828674316406e+00,5.857422828674316406e+00,5.277410507202148438e+00,6.691473960876464844e+00,1.424666786193847656e+01,1.424666786193847656e+01,1.247332763671875000e+01,1.445717144012451172e+01
1.000000000000000000e+01,1.945019912719726562e+01,1.945019912719726562e+01,1.734878730773925781e+01,1.920001792907714844e+01,1.554958820343017578e+01,1.554958820343017578e+01,1.374851989746093750e+01,1.515105915069580078e+01,6.904221057891845703e+00,6.904221057891845703e+00,6.624831199645996094e+00,7.270592212677001953e+00,1.275123715400695801e+00,1.275123715400695801e+00,1.662582635879516602e+00,1.641590714454650879e+00,1.046335697174072266e+00,1.046335697174072266e+00,1.012064933776855469e+00,1.723140954971313477e+00,5.870952129364013672e+00,5.870952129364013672e+00,5.284394741058349609e+00,6.669116020202636719e+00,1.426724815368652344e+01,1.426724815368652344e+01,1.244117927551269531e+01,1.449122047424316406e+01
1.100000000000000000e+01,1.950932502746582031e+01,1.950932502746582031e+01,1.734661293029785156e+01,1.925587844848632812e+01,1.563252162933349609e+01,1.563252162933349609e+01,1.380844783782958984e+01,1.518272590637207031e+01,6.944524288177490234e+00,6.944524288177490234e+00,6.647387981414794922e+00,7.297111988067626953e+00,1.267796397209167480e+00,1.267796397209167480e+00,1.677519202232360840e+00,1.638960838317871094e+00,1.062862992286682129e+00,1.062862992286682129e+00,1.018832087516784668e+00,1.733504295349121094e+00,5.847293376922607422e+00,5.847293376922607422e+00,5.306503772735595703e+00,6.619558811187744141e+00,1.426914596557617188e+01,1.426914596557617188e+01,1.248997306823730469e+01,1.448019218444824219e+01
1.200000000000000000e+01,1.952034759521484375e+01,1.952034759521484375e+01,1.743598175048828125e+01,1.923020362854003906e+01,1.571848106384277344e+01,1.571848106384277344e+01,1.386670398712158203e+01,1.521003913879394531e+01,6.934964179992675781e+00,6.934964179992675781e+00,6.692825317382812500e+00,7.306932449340820312e+00,1.274951338768005371e+00,1.274951338768005371e+00,1.679049491882324219e+00,1.636932611465454102e+00,1.082442879676818848e+00,1.082442879676818848e+00,1.014868497848510742e+00,1.749337196350097656e+00,5.788153171539306641e+00,5.788153171539306641e+00,5.336596488952636719e+00,6.616667747497558594e+00,1.431278800964355469e+01,1.431278800964355469e+01,1.250379371643066406e+01,1.447934818267822266e+01
1.300000000000000000e+01,1.960064888000488281e+01,1.960064888000488281e+01,1.746442222595214844e+01,1.934097099304199219e+01,1.574670028686523438e+01,1.574670028686523438e+01,1.398235034942626953e+01,1.522865486145019531e+01,6.992608547210693359e+00,6.992608547210693359e+00,6.725510597229003906e+00,7.364243507385253906e+00,1.272071123123168945e+00,1.272071123123168945e+00,1.691436052322387695e+00,1.636991500854492188e+00,1.098218202590942383e+00,1.098218202590942383e+00,1.024604201316833496e+00,1.765825033187866211e+00,5.826725482940673828e+00,5.826725482940673828e+00,5.340459346771240234e+00,6.633518695831298828e+00,1.430336570739746094e+01,1.430336570739746094e+01,1.247508049011230469e+01,1.447794723510742188e+01
1.400000000000000000e+01,1.959820175170898438e+01,1.959820175170898438e+01,1.752153778076171875e+01,1.936265563964843750e+01,1.580211830139160156e+01,1.580211830139160156e+01,1.404115200042724609e+01,1.528851699829101562e+01,7.014647960662841797e+00,7.014647960662841797e+00,6.743759155273437500e+00,7.379668235778808594e+00,1.267198443412780762e+00,1.267198443412780762e+00,1.701733112335205078e+00,1.628336548805236816e+00,1.113198876380920410e+00,1.113198876380920410e+00,1.024152278900146484e+00,1.767279386520385742e+00,5.805429935455322266e+00,5.805429935455322266e+00,5.351156234741210938e+00,6.607866287231445312e+00,1.429836082458496094e+01,1.429836082458496094e+01,1.244043159484863281e+01,1.448830890655517578e+01
1.500000000000000000e+01,1.965637016296386719e+01,1.965637016296386719e+01,1.762335968017578125e+01,1.937462043762207031e+01,1.588847923278808594e+01,1.588847923278808594e+01,1.409430503845214844e+01,1.528538513183593750e+01,6.978260040283203125e+00,6.978260040283203125e+00,6.779425621032714844e+00,7.380180358886718750e+00,1.258727550506591797e+00,1.258727550506591797e+00,1.709716320037841797e+00,1.623337268829345703e+00,1.126606106758117676e+00,1.126606106758117676e+00,1.032504200935363770e+00,1.756122112274169922e+00,5.760333538055419922e+00,5.760333538055419922e+00,5.374354839324951172e+00,6.589173793792724609e+00,1.424747371673583984e+01,1.424747371673583984e+01,1.251712608337402344e+01,1.445782184600830078e+01
1.600000000000000000e+01,1.963606452941894531e+01,1.963606452941894531e+01,1.768945121765136719e+01,1.938792991638183594e+01,1.594448280334472656e+01,1.594448280334472656e+01,1.418109512329101562e+01,1.536659240722656250e+01,7.069312572479248047e+00,7.069312572479248047e+00,6.807684421539306641e+00,7.452566146850585938e+00,1.254625558853149414e+00,1.254625558853149414e+00,1.707764029502868652e+00,1.619149327278137207e+00,1.129852533340454102e+00,1.129852533340454102e+00,1.032012224197387695e+00,1.767853975296020508e+00,5.804938793182373047e+00,5.804938793182373047e+00,5.354243278503417969e+00,6.575722694396972656e+00,1.427113246917724609e+01,1.427113246917724609e+01,1.256413364410400391e+01,1.444303417205810547e+01
1.700000000000000000e+01,1.970566940307617188e+01,1.970566940307617188e+01,1.769457054138183594e+01,1.941592979431152344e+01,1.602708625793457031e+01,1.602708625793457031e+01,1.420953178405761719e+01,1.539799118041992188e+01,7.115177631378173828e+00,7.115177631378173828e+00,6.854609966278076172e+00,7.435968399047851562e+00,1.250212907791137695e+00,1.250212907791137695e+00,1.708864927291870117e+00,1.614530086517333984e+00,1.141318321228027344e+00,1.141318321228027344e+00,1.030172348022460938e+00,1.773776650428771973e+00,5.815468788146972656e+00,5.815468788146972656e+00,5.386060714721679688e+00,6.574324607849121094e+00,1.427356147766113281e+01,1.427356147766113281e+01,1.250956821441650391e+01,1.446131801605224609e+01
1.800000000000000000e+01,1.974536895751953125e+01,1.974536895751953125e+01,1.776246452331542969e+01,1.942896270751953125e+01,1.600570487976074219e+01,1.600570487976074219e+01,1.430070972442626953e+01,1.544684791564941406e+01,7.146436214447021484e+00,7.146436214447021484e+00,6.916355133056640625e+00,7.449960231781005859e+00,1.244084358215332031e+00,1.244084358215332031e+00,1.724575161933898926e+00,1.616194009780883789e+00,1.134019732475280762e+00,1.134019732475280762e+00,1.040555357933044434e+00,1.760047674179077148e+00,5.813794136047363281e+00,5.813794136047363281e+00,5.390518665313720703e+00,6.519036769866943359e+00,1.426267910003662109e+01,1.426267910003662109e+01,1.252936267852783203e+01,1.446005344390869141e+01
1.900000000000000000e+01,1.983776092529296875e+01,1.983776092529296875e+01,1.783202743530273438e+01,1.945704650878906250e+01,1.617297172546386719e+01,1.617297172546386719e+01,1.433317470550537109e+01,1.547883510589599609e+01,7.174134254455566406e+00,7.174134254455566406e+00,6.948461532592773438e+00,7.494533061981201172e+00,1.231136560440063477e+00,1.231136560440063477e+00,1.734264969825744629e+00,1.610936880111694336e+00,1.151936411857604980e+00,1.151936411857604980e+00,1.042308926582336426e+00,1.755209684371948242e+00,5.809948921203613281e+00,5.809948921203613281e+00,5.388809204101562500e+00,6.533686637878417969e+00,1.430551624298095703e+01,1.430551624298095703e+01,1.261073684692382812e+01,1.445640754699707031e+01
2.000000000000000000e+01,1.986203002929687500e+01,1.986203002929687500e+01,1.792629432678222656e+01,1.945734786987304688e+01,1.616607856750488281e+01,1.616607856750488281e+01,1.439966678619384766e+01,1.549148368835449219e+01,7.201463699340820312e+00,7.201463699340820312e+00,6.958586215972900391e+00,7.568262100219726562e+00,1.227187633514404297e+00,1.227187633514404297e+00,1.725656270980834961e+00,1.599872708320617676e+00,1.146471023559570312e+00,1.146471023559570312e+00,1.032760858535766602e+00,1.744039416313171387e+00,5.790202140808105469e+00,5.790202140808105469e+00,5.415661334991455078e+00,6.505589008331298828e+00,1.428808593750000000e+01,1.428808593750000000e+01,1.266373252868652344e+01,1.444251728057861328e+01
2.100000000000000000e+01,1.987691116333007812e+01,1.987691116333007812e+01,1.797987747192382812e+01,1.953254318237304688e+01,1.629177856445312500e+01,1.629177856445312500e+01,1.450345420837402344e+01,1.557369041442871094e+01,7.248152732849121094e+00,7.248152732849121094e+00,7.023292064666748047e+00,7.541570663452148438e+00,1.219727873802185059e+00,1.219727873802185059e+00,1.734973430633544922e+00,1.585718870162963867e+00,1.147523164749145508e+00,1.147523164749145508e+00,1.035764694213867188e+00,1.725015878677368164e+00,5.812904834747314453e+00,5.812904834747314453e+00,5.432215213775634766e+00,6.521043300628662109e+00,1.430918025970458984e+01,1.430918025970458984e+01,1.266682052612304688e+01,1.440297031402587891e+01
2.200000000000000000e+01,2.001350784301757812e+01,2.001350784301757812e+01,1.799639701843261719e+01,1.955972099304199219e+01,1.630258750915527344e+01,1.630258750915527344e+01,1.445689201354980469e+01,1.551573944091796875e+01,7.290224075317382812e+00,7.290224075317382812e+00,7.024802207946777344e+00,7.558172702789306641e+00,1.214527368545532227e+00,1.214527368545532227e+00,1.737130522727966309e+00,1.572286367416381836e+00,1.130773663520812988e+00,1.130773663520812988e+00,1.025112986564636230e+00,1.714203715324401855e+00,5.818535804748535156e+00,5.818535804748535156e+00,5.418524265289306641e+00,6.535555839538574219e+00,1.431552982330322266e+01,1.431552982330322266e+01,1.256332206726074219e+01,1.445626068115234375e+01
2.300000000000000000e+01,2.000625038146972656e+01,2.000625038146972656e+01,1.807651710510253906e+01,1.956803321838378906e+01,1.636214065551757812e+01,1.636214065551757812e+01,1.456360721588134766e+01,1.559122467041015625e+01,7.309080123901367188e+00,7.309080123901367188e+00,7.104622840881347656e+00,7.578211307525634766e+00,1.198807716369628906e+00,1.198807716369628906e+00,1.747426033020019531e+00,1.566748976707458496e+00,1.126863956451416016e+00,1.126863956451416016e+00,1.023859977722167969e+00,1.694136023521423340e+00,5.795459747314453125e+00,5.795459747314453125e+00,5.431476116180419922e+00,6.530055046081542969e+00,1.430764007568359375e+01,1.430764007568359375e+01,1.268608760833740234e+01,1.439159679412841797e+01
2.400000000000000000e+01,2.009167289733886719e+01,2.009167289733886719e+01,1.815398788452148438e+01,1.961571121215820312e+01,1.638386726379394531e+01,1.638386726379394531e+01,1.466486263275146484e+01,1.560770511627197266e+01,7.303897857666015625e+00,7.303897857666015625e+00,7.113623619079589844e+00,7.592792510986328125e+00,1.183509111404418945e+00,1.183509111404418945e+00,1.733354210853576660e+00,1.553883075714111328e+00,1.104150056838989258e+00,1.104150056838989258e+00,1.002321600914001465e+00,1.674225330352783203e+00,5.778481483459472656e+00,5.778481483459472656e+00,5.433762073516845703e+00,6.514456272125244141e+00,1.430439472198486328e+01,1.430439472198486328e+01,1.267398262023925781e+01,1.446202278137207031e+01
2.500000000000000000e+01,2.017328262329101562e+01,2.017328262329101562e+01,1.822994041442871094e+01,1.967169952392578125e+01,1.643584632873535156e+01,1.643584632873535156e+01,1.465454196929931641e+01,1.563693046569824219e+01,7.358360290527343750e+00,7.358360290527343750e+00,7.175390720367431641e+00,7.621942996978759766e+00,1.174705028533935547e+00,1.174705028533935547e+00,1.738346099853515625e+00,1.551380753517150879e+00,1.087404966354370117e+00,1.087404966354370117e+00,1.004073262214660645e+00,1.640276908874511719e+00,5.782308578491210938e+00,5.782308578491210938e+00,5.437073230743408203e+00,6.464774131774902344e+00,1.429653739929199219e+01,1.429653739929199219e+01,1.274499130249023438e+01,1.442516136169433594e+01
2.600000000000000000e+01,2.016153335571289062e+01,2.016153335571289062e+01,1.832418060302734375e+01,1.965748596191406250e+01,1.645255661010742188e+01,1.645255661010742188e+01,1.473668575286865234e+01,1.561531543731689453e+01,7.339031696319580078e+00,7.339031696319580078e+00,7.154726982116699219e+00,7.630189895629882812e+00,1.154471039772033691e+00,1.154471039772033691e+00,1.736024737358093262e+00,1.520950317382812500e+00,1.079182147979736328e+00,1.079182147979736328e+00,9.924375414848327637e-01,1.620207309722900391e+00,5.767272949218750000e+00,5.767272949218750000e+00,5.430759906768798828e+00,6.407305240631103516e+00,1.433774662017822266e+01,1.433774662017822266e+01,1.268445205688476562e+01,1.443023586273193359e+01
2.700000000000000000e+01,2.025934410095214844e+01,2.025934410095214844e+01,1.837938880920410156e+01,1.967619895935058594e+01,1.650898170471191406e+01,1.650898170471191406e+01,1.478452682495117188e+01,1.565563583374023438e+01,7.433634757995605469e+00,7.433634757995605469e+00,7.218104362487792969e+00,7.593472480773925781e+00,1.148707509040832520e+00,1.148707509040832520e+00,1.756070613861083984e+00,1.519734740257263184e+00,1.069738626480102539e+00,1.069738626480102539e+00,9.813974499702453613e-01,1.585724711418151855e+00,5.794055461883544922e+00,5.794055461883544922e+00,5.442477226257324219e+00,6.412309646606445312e+00,1.431310462951660156e+01,1.431310462951660156e+01,1.279325866699218750e+01,1.439368724822998047e+01
2.800000000000000000e+01,2.030215835571289062e+01,2.030215835571289062e+01,1.844586372375488281e+01,1.978222846984863281e+01,1.657330703735351562e+01,1.657330703735351562e+01,1.480913257598876953e+01,1.566746711730957031e+01,7.411986351013183594e+00,7.411986351013183594e+00,7.243733406066894531e+00,7.631993770599365234e+00,1.136268377304077148e+00,1.136268377304077148e+00,1.748414874076843262e+00,1.507096052169799805e+00,1.046454906463623047e+00,1.046454906463623047e+00,9.817714095115661621e-01,1.551738977432250977e+00,5.784392356872558594e+00,5.784392356872558594e+00,5.411836624145507812e+00,6.437930107116699219e+00,1.434262943267822266e+01,1.434262943267822266e+01,1.280019569396972656e+01,1.441212940216064453e+01
2.900000000000000000e+01,2.033427047729492188e+01,2.033427047729492188e+01,1.848585891723632812e+01,1.975766563415527344e+01,1.663759994506835938e+01,1.663759994506835938e+01,1.493051052093505859e+01,1.573364257812500000e+01,7.486743927001953125e+00,7.486743927001953125e+00,7.310436725616455078e+00,7.637627124786376953e+00,1.119228482246398926e+00,1.119228482246398926e+00,1.759996652603149414e+00,1.496706247329711914e+00,1.025166511535644531e+00,1.025166511535644531e+00,9.808893203735351562e-01,1.530606269836425781e+00,5.791037559509277344e+00,5.791037559509277344e+00,5.418251037597656250e+00,6.433431625366210938e+00,1.432339477539062500e+01,1.432339477539062500e+01,1.285457038879394531e+01,1.441078090667724609e+01
3.000000000000000000e+01,2.042498016357421875e+01,2.042498016357421875e+01,1.862634468078613281e+01,1.984739303588867188e+01,1.661183357238769531e+01,1.661183357238769531e+01,1.484081077575683594e+01,1.578012943267822266e+01,7.498913764953613281e+00,7.498913764953613281e+00,7.307890892028808594e+00,7.643896102905273438e+00,1.117428183555603027e+00,1.117428183555603027e+00,1.755386948585510254e+00,1.484953641891479492e+00,1.002204298973083496e+00,1.002204298973083496e+00,9.730195999145507812e-01,1.502918601036071777e+00,5.798593521118164062e+00,5.798593521118164062e+00,5.453031539916992188e+00,6.412908554077148438e+00,1.438690853118896484e+01,1.438690853118896484e+01,1.286858844757080078e+01,1.440461826324462891e+01
3.100000000000000000e+01,2.051720428466796875e+01,2.051720428466796875e+01,1.868659591674804688e+01,1.988791275024414062e+01,1.665461158752441406e+01,1.665461158752441406e+01,1.502049636840820312e+01,1.578192710876464844e+01,7.535762786865234375e+00,7.535762786865234375e+00,7.299417495727539062e+00,7.674292087554931641e+00,1.097707748413085938e+00,1.097707748413085938e+00,1.771686196327209473e+00,1.477769017219543457e+00,9.728137850761413574e-01,9.728137850761413574e-01,9.608260989189147949e-01,1.477965354919433594e+00,5.776158809661865234e+00,5.776158809661865234e+00,5.443873405456542969e+00,6.432055950164794922e+00,1.438737678527832031e+01,1.438737678527832031e+01,1.289242935180664062e+01,1.444090843200683594e+01
3.200000000000000000e+01,2.057325553894042969e+01,2.057325553894042969e+01,1.874871253967285156e+01,1.987901687622070312e+01,1.669759368896484375e+01,1.669759368896484375e+01,1.501052379608154297e+01,1.578976345062255859e+01,7.534666538238525391e+00,7.534666538238525391e+00,7.397271633148193359e+00,7.646972656250000000e+00,1.099807381629943848e+00,1.099807381629943848e+00,1.773403406143188477e+00,1.475223898887634277e+00,9.462487697601318359e-01,9.462487697601318359e-01,9.543883800506591797e-01,1.442910313606262207e+00,5.767274856567382812e+00,5.767274856567382812e+00,5.441822528839111328e+00,6.382512569427490234e+00,1.434060859680175781e+01,1.434060859680175781e+01,1.294471740722656250e+01,1.441510963439941406e+01
3.300000000000000000e+01,2.060233879089355469e+01,2.060233879089355469e+01,1.881244087219238281e+01,1.994915390014648438e+01,1.672870063781738281e+01,1.672870063781738281e+01,1.508536911010742188e+01,1.588106727600097656e+01,7.586825847625732422e+00,7.586825847625732422e+00,7.405125617980957031e+00,7.666938304901123047e+00,1.089216470718383789e+00,1.089216470718383789e+00,1.769913315773010254e+00,1.461369514465332031e+00,9.201050996780395508e-01,9.201050996780395508e-01,9.505990743637084961e-01,1.399500131607055664e+00,5.787209987640380859e+00,5.787209987640380859e+00,5.457732200622558594e+00,6.364013671875000000e+00,1.434908866882324219e+01,1.434908866882324219e+01,1.299855995178222656e+01,1.440444087982177734e+01
3.400000000000000000e+01,2.068934631347656250e+01,2.068934631347656250e+01,1.892536354064941406e+01,1.992859458923339844e+01,1.677503013610839844e+01,1.677503013610839844e+01,1.512599372863769531e+01,1.583094406127929688e+01,7.621055603027343750e+00,7.621055603027343750e+00,7.473888874053955078e+00,7.686552047729492188e+00,1.092213511466979980e+00,1.092213511466979980e+00,1.772654414176940918e+00,1.461363792419433594e+00,8.944644927978515625e-01,8.944644927978515625e-01,9.391145706176757812e-01,1.363334178924560547e+00,5.787840843200683594e+00,5.787840843200683594e+00,5.453453063964843750e+00,6.344793796539306641e+00,1.445582485198974609e+01,1.445582485198974609e+01,1.294931793212890625e+01,1.440313053131103516e+01
3.500000000000000000e+01,2.075754165649414062e+01,2.075754165649414062e+01,1.896011352539062500e+01,2.000694274902343750e+01,1.680702018737792969e+01,1.680702018737792969e+01,1.517073726654052734e+01,1.593239307403564453e+01,7.613156318664550781e+00,7.613156318664550781e+00,7.439844131469726562e+00,7.659054279327392578e+00,1.082783341407775879e+00,1.082783341407775879e+00,1.768165826797485352e+00,1.445474147796630859e+00,8.640313744544982910e-01,8.640313744544982910e-01,9.273047447204589844e-01,1.332816958427429199e+00,5.786695480346679688e+00,5.786695480346679688e+00,5.469767093658447266e+00,6.306982517242431641e+00,1.447091007232666016e+01,1.447091007232666016e+01,1.307057952880859375e+01,1.441775321960449219e+01
3.600000000000000000e+01,2.077755165100097656e+01,2.077755165100097656e+01,1.906944656372070312e+01,2.007318687438964844e+01,1.687269783020019531e+01,1.687269783020019531e+01,1.521746253967285156e+01,1.594346714019775391e+01,7.637415409088134766e+00,7.637415409088134766e+00,7.499341011047363281e+00,7.675028324127197266e+00,1.093376040458679199e+00,1.093376040458679199e+00,1.773097991943359375e+00,1.451801896095275879e+00,8.423833847045898438e-01,8.423833847045898438e-01,9.250504374504089355e-01,1.304223299026489258e+00,5.753254890441894531e+00,5.753254890441894531e+00,5.450066089630126953e+00,6.292323112487792969e+00,1.449196910858154297e+01,1.449196910858154297e+01,1.308884334564208984e+01,1.443366241455078125e+01
3.700000000000000000e+01,2.089963340759277344e+01,2.089963340759277344e+01,1.913504600524902344e+01,2.012997817993164062e+01,1.688717842102050781e+01,1.688717842102050781e+01,1.526282310485839844e+01,1.596688461303710938e+01,7.650353431701660156e+00,7.650353431701660156e+00,7.529616355895996094e+00,7.639853954315185547e+00,1.091968894004821777e+00,1.091968894004821777e+00,1.773261308670043945e+00,1.441283464431762695e+00,8.228400945663452148e-01,8.228400945663452148e-01,9.140194654464721680e-01,1.271587133407592773e+00,5.751219272613525391e+00,5.751219272613525391e+00,5.460421085357666016e+00,6.263286590576171875e+00,1.452148628234863281e+01,1.452148628234863281e+01,1.312659931182861328e+01,1.446869564056396484e+01
3.800000000000000000e+01,2.089314842224121094e+01,2.089314842224121094e+01,1.924994087219238281e+01,2.016613960266113281e+01,1.693378257751464844e+01,1.693378257751464844e+01,1.533926296234130859e+01,1.602473831176757812e+01,7.692338466644287109e+00,7.692338466644287109e+00,7.505973815917968750e+00,7.658496856689453125e+00,1.089804768562316895e+00,1.089804768562316895e+00,1.776201486587524414e+00,1.435426712036132812e+00,8.052268028259277344e-01,8.052268028259277344e-01,9.243375062942504883e-01,1.249271750450134277e+00,5.781221389770507812e+00,5.781221389770507812e+00,5.453432559967041016e+00,6.297148227691650391e+00,1.452405929565429688e+01,1.452405929565429688e+01,1.321643447875976562e+01,1.445407772064208984e+01
3.900000000000000000e+01,2.100057220458984375e+01,2.100057220458984375e+01,1.928832626342773438e+01,2.021690940856933594e+01,1.698728370666503906e+01,1.698728370666503906e+01,1.531397819519042969e+01,1.600550460815429688e+01,7.683471679687500000e+00,7.683471679687500000e+00,7.538650035858154297e+00,7.628538131713867188e+00,1.093501448631286621e+00,1.093501448631286621e+00,1.771938204765319824e+00,1.432450652122497559e+00,7.815835475921630859e-01,7.815835475921630859e-01,9.207007884979248047e-01,1.219934940338134766e+00,5.755701065063476562e+00,5.755701065063476562e+00,5.453752994537353516e+00,6.274638175964355469e+00,1.457568454742431641e+01,1.457568454742431641e+01,1.328263282775878906e+01,1.448985099792480469e+01
4.000000000000000000e+01,2.109578132629394531e+01,2.109578132629394531e+01,1.936175537109375000e+01,2.022146224975585938e+01,1.703868675231933594e+01,1.703868675231933594e+01,1.540222835540771484e+01,1.602597427368164062e+01,7.678287982940673828e+00,7.678287982940673828e+00,7.578740119934082031e+00,7.650140285491943359e+00,1.096770405769348145e+00,1.096770405769348145e+00,1.777538776397705078e+00,1.432537555694580078e+00,7.639527916908264160e-01,7.639527916908264160e-01,9.222666621208190918e-01,1.190531492233276367e+00,5.776210308074951172e+00,5.776210308074951172e+00,5.489969253540039062e+00,6.269114017486572266e+00,1.467301273345947266e+01,1.467301273345947266e+01,1.330938148498535156e+01,1.450151729583740234e+01
4.100000000000000000e+01,2.112351608276367188e+01,2.112351608276367188e+01,1.944645118713378906e+01,2.030774307250976562e+01,1.705303382873535156e+01,1.705303382873535156e+01,1.537141323089599609e+01,1.605436325073242188e+01,7.699763774871826172e+00,7.699763774871826172e+00,7.582252025604248047e+00,7.628634452819824219e+00,1.096038103103637695e+00,1.096038103103637695e+00,1.779648661613464355e+00,1.433492541313171387e+00,7.515847086906433105e-01,7.515847086906433105e-01,9.289907813072204590e-01,1.172679901123046875e+00,5.788216114044189453e+00,5.788216114044189453e+00,5.504938125610351562e+00,6.246479034423828125e+00,1.468115711212158203e+01,1.468115711212158203e+01,1.338145256042480469e+01,1.452016830444335938e+01
4.200000000000000000e+01,2.119598197937011719e+01,2.119598197937011719e+01,1.953322410583496094e+01,2.033636856079101562e+01,1.703154563903808594e+01,1.703154563903808594e+01,1.545718955993652344e+01,1.605571556091308594e+01,7.701835632324218750e+00,7.701835632324218750e+00,7.579406738281250000e+00,7.636208057403564453e+00,1.092433452606201172e+00,1.092433452606201172e+00,1.778173565864562988e+00,1.431240439414978027e+00,7.226172685623168945e-01,7.226172685623168945e-01,9.353571534156799316e-01,1.158402323722839355e+00,5.776417732238769531e+00,5.776417732238769531e+00,5.486745357513427734e+00,6.192637443542480469e+00,1.472118186950683594e+01,1.472118186950683594e+01,1.345673656463623047e+01,1.455951118469238281e+01
4.300000000000000000e+01,2.127797317504882812e+01,2.127797317504882812e+01,1.965983009338378906e+01,2.037245559692382812e+01,1.707570648193359375e+01,1.707570648193359375e+01,1.550028419494628906e+01,1.611078834533691406e+01,7.691883087158203125e+00,7.691883087158203125e+00,7.620856761932373047e+00,7.601187705993652344e+00,1.088653206825256348e+00,1.088653206825256348e+00,1.776763439178466797e+00,1.424095034599304199e+00,7.152308225631713867e-01,7.152308225631713867e-01,9.410239458084106445e-01,1.130408644676208496e+00,5.786035060882568359e+00,5.786035060882568359e+00,5.512529850006103516e+00,6.270190715789794922e+00,1.476562595367431641e+01,1.476562595367431641e+01,1.348592853546142578e+01,1.451793956756591797e+01
4.400000000000000000e+01,2.134576606750488281e+01,2.134576606750488281e+01,1.965620613098144531e+01,2.031410598754882812e+01,1.717163085937500000e+01,1.717163085937500000e+01,1.556611061096191406e+01,1.610418319702148438e+01,7.708251953125000000e+00,7.708251953125000000e+00,7.639170169830322266e+00,7.614343643188476562e+00,1.082532286643981934e+00,1.082532286643981934e+00,1.777160048484802246e+00,1.428979039192199707e+00,7.049275636672973633e-01,7.049275636672973633e-01,9.503771662712097168e-01,1.103181481361389160e+00,5.814313888549804688e+00,5.814313888549804688e+00,5.527914524078369141e+00,6.259525299072265625e+00,1.480444622039794922e+01,1.480444622039794922e+01,1.359603977203369141e+01,1.460456657409667969e+01
4.500000000000000000e+01,2.140104293823242188e+01,2.140104293823242188e+01,1.975072097778320312e+01,2.045272445678710938e+01,1.714009475708007812e+01,1.714009475708007812e+01,1.556591224670410156e+01,1.619083404541015625e+01,7.683396816253662109e+00,7.683396816253662109e+00,7.647225379943847656e+00,7.583888053894042969e+00,1.086123824119567871e+00,1.086123824119567871e+00,1.768393039703369141e+00,1.416071891784667969e+00,6.882473230361938477e-01,6.882473230361938477e-01,9.589827060699462891e-01,1.081907749176025391e+00,5.798145294189453125e+00,5.798145294189453125e+00,5.556328773498535156e+00,6.251338958740234375e+00,1.488622474670410156e+01,1.488622474670410156e+01,1.362314224243164062e+01,1.463644218444824219e+01
4.600000000000000000e+01,2.149632263183593750e+01,2.149632263183593750e+01,1.976735877990722656e+01,2.045820236206054688e+01,1.720453834533691406e+01,1.720453834533691406e+01,1.561340522766113281e+01,1.618011283874511719e+01,7.714659690856933594e+00,7.714659690856933594e+00,7.648544311523437500e+00,7.591481208801269531e+00,1.077764272689819336e+00,1.077764272689819336e+00,1.769430398941040039e+00,1.415037512779235840e+00,6.816685795783996582e-01,6.816685795783996582e-01,9.615823626518249512e-01,1.078571557998657227e+00,5.857478618621826172e+00,5.857478618621826172e+00,5.582476139068603516e+00,6.238877773284912109e+00,1.493205738067626953e+01,1.493205738067626953e+01,1.369611930847167969e+01,1.467879199981689453e+01
4.700000000000000000e+01,2.153073310852050781e+01,2.153073310852050781e+01,1.991432571411132812e+01,2.050386047363281250e+01,1.717704963684082031e+01,1.717704963684082031e+01,1.565177154541015625e+01,1.623337936401367188e+01,7.712414741516113281e+00,7.712414741516113281e+00,7.633772373199462891e+00,7.519342422485351562e+00,1.074791193008422852e+00,1.074791193008422852e+00,1.769844889640808105e+00,1.402033448219299316e+00,6.687290668487548828e-01,6.687290668487548828e-01,9.768673181533813477e-01,1.058948040008544922e+00,5.873421669006347656e+00,5.873421669006347656e+00,5.585383415222167969e+00,6.246988296508789062e+00,1.502176666259765625e+01,1.502176666259765625e+01,1.376965141296386719e+01,1.466179943084716797e+01
4.800000000000000000e+01,2.164259147644042969e+01,2.164259147644042969e+01,1.998904609680175781e+01,2.054155731201171875e+01,1.720961761474609375e+01,1.720961761474609375e+01,1.563870239257812500e+01,1.621228408813476562e+01,7.673251152038574219e+00,7.673251152038574219e+00,7.615534305572509766e+00,7.538847446441650391e+00,1.064187884330749512e+00,1.064187884330749512e+00,1.764680862426757812e+00,1.385417580604553223e+00,6.582065820693969727e-01,6.582065820693969727e-01,9.826123118400573730e-01,1.056946158409118652e+00,5.885797023773193359e+00,5.885797023773193359e+00,5.609079837799072266e+00,6.251049995422363281e+00,1.503283214569091797e+01,1.503283214569091797e+01,1.382577037811279297e+01,1.474761581420898438e+01
4.900000000000000000e+01,2.168852043151855469e+01,2.168852043151855469e+01,2.006778717041015625e+01,2.063826942443847656e+01,1.716102790832519531e+01,1.716102790832519531e+01,1.567881202697753906e+01,1.622455215454101562e+01,7.680723190307617188e+00,7.680723190307617188e+00,7.626483440399169922e+00,7.495116710662841797e+00,1.068759679794311523e+00,1.068759679794311523e+00,1.755811810493469238e+00,1.377960324287414551e+00,6.522805094718933105e-01,6.522805094718933105e-01,1.002918124198913574e+00,1.039702177047729492e+00,5.913717746734619141e+00,5.913717746734619141e+00,5.646662235260009766e+00,6.256710052490234375e+00,1.513246726989746094e+01,1.513246726989746094e+01,1.388132095336914062e+01,1.478282260894775391e+01
5.000000000000000000e+01,2.175120925903320312e+01,2.175120925903320312e+01,2.007811927795410156e+01,2.065135192871093750e+01,1.724406814575195312e+01,1.724406814575195312e+01,1.575018215179443359e+01,1.622299957275390625e+01,7.652419090270996094e+00,7.652419090270996094e+00,7.638290405273437500e+00,7.479549407958984375e+00,1.056785583496093750e+00,1.056785583496093750e+00,1.746383547782897949e+00,1.372493505477905273e+00,6.511306762695312500e-01,6.511306762695312500e-01,1.020391583442687988e+00,1.043566107749938965e+00,5.918424606323242188e+00,5.918424606323242188e+00,5.686886787414550781e+00,6.312223911285400391e+00,1.521448040008544922e+01,1.521448040008544922e+01,1.396625995635986328e+01,1.481044578552246094e+01
5.100000000000000000e+01,2.172669219970703125e+01,2.172669219970703125e+01,2.018654060363769531e+01,2.074780654907226562e+01,1.716480827331542969e+01,1.716480827331542969e+01,1.577235984802246094e+01,1.629298400878906250e+01,7.638118743896484375e+00,7.638118743896484375e+00,7.629112243652343750e+00,7.449768066406250000e+00,1.050631761550903320e+00,1.050631761550903320e+00,1.758307933807373047e+00,1.355651974678039551e+00,6.395456194877624512e-01,6.395456194877624512e-01,1.036245465278625488e+00,1.054542303085327148e+00,5.965872764587402344e+00,5.965872764587402344e+00,5.702075004577636719e+00,6.327061176300048828e+00,1.527257061004638672e+01,1.527257061004638672e+01,1.407092571258544922e+01,1.487109947204589844e+01
5.200000000000000000e+01,2.181999778747558594e+01,2.181999778747558594e+01,2.028338432312011719e+01,2.075922012329101562e+01,1.725951576232910156e+01,1.725951576232910156e+01,1.577051258087158203e+01,1.627865219116210938e+01,7.609379291534423828e+00,7.609379291534423828e+00,7.589613914489746094e+00,7.419960498809814453e+00,1.042225837707519531e+00,1.042225837707519531e+00,1.750506877899169922e+00,1.352671980857849121e+00,6.337746381759643555e-01,6.337746381759643555e-01,1.051579475402832031e+00,1.052830457687377930e+00,5.980701923370361328e+00,5.980701923370361328e+00,5.750617504119873047e+00,6.303200244903564453e+00,1.535976600646972656e+01,1.535976600646972656e+01,1.411405944824218750e+01,1.494269180297851562e+01
5.300000000000000000e+01,2.185946655273437500e+01,2.185946655273437500e+01,2.030533981323242188e+01,2.078599548339843750e+01,1.723925971984863281e+01,1.723925971984863281e+01,1.581320762634277344e+01,1.619086265563964844e+01,7.577704906463623047e+00,7.577704906463623047e+00,7.593608856201171875e+00,7.400534629821777344e+00,1.028621435165405273e+00,1.028621435165405273e+00,1.735235452651977539e+00,1.340948224067687988e+00,6.330485939979553223e-01,6.330485939979553223e-01,1.054945349693298340e+00,1.046612381935119629e+00,6.020491123199462891e+00,6.020491123199462891e+00,5.768992424011230469e+00,6.365812301635742188e+00,1.540156555175781250e+01,1.540156555175781250e+01,1.420323467254638672e+01,1.497433853149414062e+01
5.400000000000000000e+01,2.189623451232910156e+01,2.189623451232910156e+01,2.035037994384765625e+01,2.084765815734863281e+01,1.722844123840332031e+01,1.722844123840332031e+01,1.587368679046630859e+01,1.628161621093750000e+01,7.537550449371337891e+00,7.537550449371337891e+00,7.604882717132568359e+00,7.342429637908935547e+00,1.017106533050537109e+00,1.017106533050537109e+00,1.734094500541687012e+00,1.325312852859497070e+00,6.465996503829956055e-01,6.465996503829956055e-01,1.086742162704467773e+00,1.080959796905517578e+00,6.038989067077636719e+00,6.038989067077636719e+00,5.813965797424316406e+00,6.383038997650146484e+00,1.546638107299804688e+01,1.546638107299804688e+01,1.423785972595214844e+01,1.504482269287109375e+01
5.500000000000000000e+01,2.197432708740234375e+01,2.197432708740234375e+01,2.043339729309082031e+01,2.087043190002441406e+01,1.721722030639648438e+01,1.721722030639648438e+01,1.582548618316650391e+01,1.628085899353027344e+01,7.521559715270996094e+00,7.521559715270996094e+00,7.573012351989746094e+00,7.324670314788818359e+00,1.006768822669982910e+00,1.006768822669982910e+00,1.713483214378356934e+00,1.319106101989746094e+00,6.589380502700805664e-01,6.589380502700805664e-01,1.107091188430786133e+00,1.091152906417846680e+00,6.087584495544433594e+00,6.087584495544433594e+00,5.830453872680664062e+00,6.450910091400146484e+00,1.553394126892089844e+01,1.553394126892089844e+01,1.435457420349121094e+01,1.510493946075439453e+01
5.600000000000000000e+01,2.206559753417968750e+01,2.206559753417968750e+01,2.046363449096679688e+01,2.091138267517089844e+01,1.723883247375488281e+01,1.723883247375488281e+01,1.587732696533203125e+01,1.625247764587402344e+01,7.480032920837402344e+00,7.480032920837402344e+00,7.563464164733886719e+00,7.293173789978027344e+00,1.003821611404418945e+00,1.003821611404418945e+00,1.707756400108337402e+00,1.300034403800964355e+00,6.645892262458801270e-01,6.645892262458801270e-01,1.127881169319152832e+00,1.097632408142089844e+00,6.099693298339843750e+00,6.099693298339843750e+00,5.892625331878662109e+00,6.475961685180664062e+00,1.562780570983886719e+01,1.562780570983886719e+01,1.441650772094726562e+01,1.512482357025146484e+01
5.700000000000000000e+01,2.214238929748535156e+01,2.214238929748535156e+01,2.052310752868652344e+01,2.099447822570800781e+01,1.720402526855468750e+01,1.720402526855468750e+01,1.590836238861083984e+01,1.624938774108886719e+01,7.460308551788330078e+00,7.460308551788330078e+00,7.532935142517089844e+00,7.279639720916748047e+00,9.937016963958740234e-01,9.937016963958740234e-01,1.704109430313110352e+00,1.292963027954101562e+00,6.794825792312622070e-01,6.794825792312622070e-01,1.158687949180603027e+00,1.110813140869140625e+00,6.149715900421142578e+00,6.149715900421142578e+00,5.909068584442138672e+00,6.493266105651855469e+00,1.566616630554199219e+01,1.566616630554199219e+01,1.451253700256347656e+01,1.519147205352783203e+01
5.800000000000000000e+01,2.213331031799316406e+01,2.213331031799316406e+01,2.061266708374023438e+01,2.093469810485839844e+01,1.723640823364257812e+01,1.723640823364257812e+01,1.593148612976074219e+01,1.628378868103027344e+01,7.419213294982910156e+00,7.419213294982910156e+00,7.520170211791992188e+00,7.254928588867187500e+00,9.885071516036987305e-01,9.885071516036987305e-01,1.692795753479003906e+00,1.270411729812622070e+00,7.033426761627197266e-01,7.033426761627197266e-01,1.178224921226501465e+00,1.139650702476501465e+00,6.166219711303710938e+00,6.166219711303710938e+00,5.927832603454589844e+00,6.523988723754882812e+00,1.578813171386718750e+01,1.578813171386718750e+01,1.447875881195068359e+01,1.523476982116699219e+01
5.900000000000000000e+01,2.214872932434082031e+01,2.214872932434082031e+01,2.067051124572753906e+01,2.097318267822265625e+01,1.726915168762207031e+01,1.726915168762207031e+01,1.590940666198730469e+01,1.627881813049316406e+01,7.375969409942626953e+00,7.375969409942626953e+00,7.507568836212158203e+00,7.191153526306152344e+00,9.822666049003601074e-01,9.822666049003601074e-01,1.680323600769042969e+00,1.263498187065124512e+00,7.199503779411315918e-01,7.199503779411315918e-01,1.202860474586486816e+00,1.165878891944885254e+00,6.194032669067382812e+00,6.194032669067382812e+00,5.908178806304931641e+00,6.573680877685546875e+00,1.581374931335449219e+01,1.581374931335449219e+01,1.458119487762451172e+01,1.530722618103027344e+01
6.000000000000000000e+01,2.223026275634765625e+01,2.223026275634765625e+01,2.070820426940917969e+01,2.099754714965820312e+01,1.717159271240234375e+01,1.717159271240234375e+01,1.595254516601562500e+01,1.619322013854980469e+01,7.304979324340820312e+00,7.304979324340820312e+00,7.468054771423339844e+00,7.063385486602783203e+00,9.652122259140014648e-01,9.652122259140014648e-01,1.665544986724853516e+00,1.241630196571350098e+00,7.390192747116088867e-01,7.390192747116088867e-01,1.225455403327941895e+00,1.179848074913024902e+00,6.193393707275390625e+00,6.193393707275390625e+00,5.992317199707031250e+00,6.595599174499511719e+00,1.590470886230468750e+01,1.590470886230468750e+01,1.464506530761718750e+01,1.533006858825683594e+01
6.100000000000000000e+01,2.225482940673828125e+01,2.225482940673828125e+01,2.075218009948730469e+01,2.103999900817871094e+01,1.724439811706542969e+01,1.724439811706542969e+01,1.591762733459472656e+01,1.629597663879394531e+01,7.274950981140136719e+00,7.274950981140136719e+00,7.430323123931884766e+00,7.092976093292236328e+00,9.519202709197998047e-01,9.519202709197998047e-01,1.657922863960266113e+00,1.221507906913757324e+00,7.670630216598510742e-01,7.670630216598510742e-01,1.244568586349487305e+00,1.199497938156127930e+00,6.211383819580078125e+00,6.211383819580078125e+00,6.041234493255615234e+00,6.607680797576904297e+00,1.591301441192626953e+01,1.591301441192626953e+01,1.475923347473144531e+01,1.540053558349609375e+01
6.200000000000000000e+01,2.230912780761718750e+01,2.230912780761718750e+01,2.075297927856445312e+01,2.110854339599609375e+01,1.726205444335937500e+01,1.726205444335937500e+01,1.594962787628173828e+01,1.620620346069335938e+01,7.241973876953125000e+00,7.241973876953125000e+00,7.399360656738281250e+00,7.041510581970214844e+00,9.385523200035095215e-01,9.385523200035095215e-01,1.644316434860229492e+00,1.213728070259094238e+00,7.923538088798522949e-01,7.923538088798522949e-01,1.265918016433715820e+00,1.222550868988037109e+00,6.244808673858642578e+00,6.244808673858642578e+00,6.018509864807128906e+00,6.617825508117675781e+00,1.599780082702636719e+01,1.599780082702636719e+01,1.478775215148925781e+01,1.542357635498046875e+01
6.300000000000000000e+01,2.228654670715332031e+01,2.228654670715332031e+01,2.079187774658203125e+01,2.109999656677246094e+01,1.720848083496093750e+01,1.720848083496093750e+01,1.602549934387207031e+01,1.619117736816406250e+01,7.164485931396484375e+00,7.164485931396484375e+00,7.376228332519531250e+00,7.019155502319335938e+00,9.314939975738525391e-01,9.314939975738525391e-01,1.629749536514282227e+00,1.201489210128784180e+00,8.177211880683898926e-01,8.177211880683898926e-01,1.281595826148986816e+00,1.239257216453552246e+00,6.251866340637207031e+00,6.251866340637207031e+00,6.081716060638427734e+00,6.644911289215087891e+00,1.605157470703125000e+01,1.605157470703125000e+01,1.486167144775390625e+01,1.543631267547607422e+01
6.400000000000000000e+01,2.240452003479003906e+01,2.240452003479003906e+01,2.082819747924804688e+01,2.109980964660644531e+01,1.725672912597656250e+01,1.725672912597656250e+01,1.599288845062255859e+01,1.619625473022460938e+01,7.110190391540527344e+00,7.110190391540527344e+00,7.381633758544921875e+00,6.990747928619384766e+00,9.179650545120239258e-01,9.179650545120239258e-01,1.614333987236022949e+00,1.182738780975341797e+00,8.414310216903686523e-01,8.414310216903686523e-01,1.302987933158874512e+00,1.269119739532470703e+00,6.302970886230468750e+00,6.302970886230468750e+00,6.112243175506591797e+00,6.672786235809326172e+00,1.613119316101074219e+01,1.613119316101074219e+01,1.498108291625976562e+01,1.553494453430175781e+01
6.500000000000000000e+01,2.236711120605468750e+01,2.236711120605468750e+01,2.086493492126464844e+01,2.114034080505371094e+01,1.723917770385742188e+01,1.723917770385742188e+01,1.598274612426757812e+01,1.624748611450195312e+01,7.080961227416992188e+00,7.080961227416992188e+00,7.320265769958496094e+00,6.908541679382324219e+00,9.081975221633911133e-01,9.081975221633911133e-01,1.599353432655334473e+00,1.178573369979858398e+00,8.601689338684082031e-01,8.601689338684082031e-01,1.320175170898437500e+00,1.290179014205932617e+00,6.306140422821044922e+00,6.306140422821044922e+00,6.141371250152587891e+00,6.689851284027099609e+00,1.618056869506835938e+01,1.618056869506835938e+01,1.501661586761474609e+01,1.553410434722900391e+01
6.600000000000000000e+01,2.246070861816406250e+01,2.246070861816406250e+01,2.091235733032226562e+01,2.115307235717773438e+01,1.724927902221679688e+01,1.724927902221679688e+01,1.601457595825195312e+01,1.612652587890625000e+01,7.037232875823974609e+00,7.037232875823974609e+00,7.292055130004882812e+00,6.855668067932128906e+00,9.018319845199584961e-01,9.018319845199584961e-01,1.591295719146728516e+00,1.157797574996948242e+00,8.856447339057922363e-01,8.856447339057922363e-01,1.336458086967468262e+00,1.322770595550537109e+00,6.337763309478759766e+00,6.337763309478759766e+00,6.165414333343505859e+00,6.695316314697265625e+00,1.621298217773437500e+01,1.621298217773437500e+01,1.505026531219482422e+01,1.561333560943603516e+01
6.700000000000000000e+01,2.245851325988769531e+01,2.245851325988769531e+01,2.098202323913574219e+01,2.113126754760742188e+01,1.723803138732910156e+01,1.723803138732910156e+01,1.597526931762695312e+01,1.611244964599609375e+01,6.995188236236572266e+00,6.995188236236572266e+00,7.247078418731689453e+00,6.798558235168457031e+00,8.854395747184753418e-01,8.854395747184753418e-01,1.571964621543884277e+00,1.144326686859130859e+00,9.124069213867187500e-01,9.124069213867187500e-01,1.343912124633789062e+00,1.349014043807983398e+00,6.355295658111572266e+00,6.355295658111572266e+00,6.153512001037597656e+00,6.747937202453613281e+00,1.633757781982421875e+01,1.633757781982421875e+01,1.508435535430908203e+01,1.560110282897949219e+01
6.800000000000000000e+01,2.245247459411621094e+01,2.245247459411621094e+01,2.097953414916992188e+01,2.117650032043457031e+01,1.720504570007324219e+01,1.720504570007324219e+01,1.602844238281250000e+01,1.608204078674316406e+01,6.907028675079345703e+00,6.907028675079345703e+00,7.236428260803222656e+00,6.761984348297119141e+00,8.757999539375305176e-01,8.757999539375305176e-01,1.560806155204772949e+00,1.137467145919799805e+00,9.287871122360229492e-01,9.287871122360229492e-01,1.361718535423278809e+00,1.369959592819213867e+00,6.362765312194824219e+00,6.362765312194824219e+00,6.192071914672851562e+00,6.741497039794921875e+00,1.631861686706542969e+01,1.631861686706542969e+01,1.516550540924072266e+01,1.567411136627197266e+01
6.900000000000000000e+01,2.247203063964843750e+01,2.247203063964843750e+01,2.096741676330566406e+01,2.119685173034667969e+01,1.713302230834960938e+01,1.713302230834960938e+01,1.599911022186279297e+01,1.601095962524414062e+01,6.867967128753662109e+00,6.867967128753662109e+00,7.170399665832519531e+00,6.674763202667236328e+00,8.590064048767089844e-01,8.590064048767089844e-01,1.549293875694274902e+00,1.116443157196044922e+00,9.503872394561767578e-01,9.503872394561767578e-01,1.371440887451171875e+00,1.392828226089477539e+00,6.376967430114746094e+00,6.376967430114746094e+00,6.213110446929931641e+00,6.801919937133789062e+00,1.640918159484863281e+01,1.640918159484863281e+01,1.525069618225097656e+01,1.570260715484619141e+01
7.000000000000000000e+01,2.248708915710449219e+01,2.248708915710449219e+01,2.102396392822265625e+01,2.119227409362792969e+01,1.717757987976074219e+01,1.717757987976074219e+01,1.599306964874267578e+01,1.602794265747070312e+01,6.804968833923339844e+00,6.804968833923339844e+00,7.171573638916015625e+00,6.669682502746582031e+00,8.401424288749694824e-01,8.401424288749694824e-01,1.537066817283630371e+00,1.104602336883544922e+00,9.694596529006958008e-01,9.694596529006958008e-01,1.375172257423400879e+00,1.402819395065307617e+00,6.381005287170410156e+00,6.381005287170410156e+00,6.262368202209472656e+00,6.802649497985839844e+00,1.648221397399902344e+01,1.648221397399902344e+01,1.524333572387695312e+01,1.573331069946289062e+01
7.100000000000000000e+01,2.244734191894531250e+01,2.244734191894531250e+01,2.096188163757324219e+01,2.115881347656250000e+01,1.704526901245117188e+01,1.704526901245117188e+01,1.594482612609863281e+01,1.600660324096679688e+01,6.750425815582275391e+00,6.750425815582275391e+00,7.111635684967041016e+00,6.549518108367919922e+00,8.284191489219665527e-01,8.284191489219665527e-01,1.515825152397155762e+00,1.086906909942626953e+00,9.870280027389526367e-01,9.870280027389526367e-01,1.388387680053710938e+00,1.417573332786560059e+00,6.419333457946777344e+00,6.419333457946777344e+00,6.236102104187011719e+00,6.822782039642333984e+00,1.646784210205078125e+01,1.646784210205078125e+01,1.535994148254394531e+01,1.571964836120605469e+01
7.200000000000000000e+01,2.249318504333496094e+01,2.249318504333496094e+01,2.108456993103027344e+01,2.121644783020019531e+01,1.715167617797851562e+01,1.715167617797851562e+01,1.598674678802490234e+01,1.588510799407958984e+01,6.688289165496826172e+00,6.688289165496826172e+00,7.122889041900634766e+00,6.550415039062500000e+00,8.156459927558898926e-01,8.156459927558898926e-01,1.510491847991943359e+00,1.075832486152648926e+00,1.005874276161193848e+00,1.005874276161193848e+00,1.384704947471618652e+00,1.439923286437988281e+00,6.414740562438964844e+00,6.414740562438964844e+00,6.299070835113525391e+00,6.826163768768310547e+00,1.653789520263671875e+01,1.653789520263671875e+01,1.534650707244873047e+01,1.577455520629882812e+01
7.300000000000000000e+01,2.252427673339843750e+01,2.252427673339843750e+01,2.104826354980468750e+01,2.119361877441406250e+01,1.704808235168457031e+01,1.704808235168457031e+01,1.597327041625976562e+01,1.592484283447265625e+01,6.652335643768310547e+00,6.652335643768310547e+00,7.066062927246093750e+00,6.509326934814453125e+00,8.021292090415954590e-01,8.021292090415954590e-01,1.491910457611083984e+00,1.065604448318481445e+00,1.013202905654907227e+00,1.013202905654907227e+00,1.380767107009887695e+00,1.456734061241149902e+00,6.433547973632812500e+00,6.433547973632812500e+00,6.305293560028076172e+00,6.853709697723388672e+00,1.657159042358398438e+01,1.657159042358398438e+01,1.543098163604736328e+01,1.579223346710205078e+01
7.400000000000000000e+01,2.254169654846191406e+01,2.254169654846191406e+01,2.102597999572753906e+01,2.117739105224609375e+01,1.710338211059570312e+01,1.710338211059570312e+01,1.596931552886962891e+01,1.585077285766601562e+01,6.598961830139160156e+00,6.598961830139160156e+00,7.059060096740722656e+00,6.405139923095703125e+00,7.901183366775512695e-01,7.901183366775512695e-01,1.486401438713073730e+00,1.053083777427673340e+00,1.032379865646362305e+00,1.032379865646362305e+00,1.384669184684753418e+00,1.470986008644104004e+00,6.443349361419677734e+00,6.443349361419677734e+00,6.328985691070556641e+00,6.862126827239990234e+00,1.656653022766113281e+01,1.656653022766113281e+01,1.546251773834228516e+01,1.582394599914550781e+01
7.500000000000000000e+01,2.248562431335449219e+01,2.248562431335449219e+01,2.106986618041992188e+01,2.122942352294921875e+01,1.703491973876953125e+01,1.703491973876953125e+01,1.592933559417724609e+01,1.579125404357910156e+01,6.563304901123046875e+00,6.563304901123046875e+00,7.010777473449707031e+00,6.357723236083984375e+00,7.885590791702270508e-01,7.885590791702270508e-01,1.472883224487304688e+00,1.055753707885742188e+00,1.047550082206726074e+00,1.047550082206726074e+00,1.391266822814941406e+00,1.485511660575866699e+00,6.471949577331542969e+00,6.471949577331542969e+00,6.334205150604248047e+00,6.884470939636230469e+00,1.665361022949218750e+01,1.665361022949218750e+01,1.548758983612060547e+01,1.584728717803955078e+01
7.600000000000000000e+01,2.244832420349121094e+01,2.244832420349121094e+01,2.111624717712402344e+01,2.111459350585937500e+01,1.699952316284179688e+01,1.699952316284179688e+01,1.585007953643798828e+01,1.579651737213134766e+01,6.496250152587890625e+00,6.496250152587890625e+00,7.007901668548583984e+00,6.346931457519531250e+00,7.885543704032897949e-01,7.885543704032897949e-01,1.466990470886230469e+00,1.043534398078918457e+00,1.053584814071655273e+00,1.053584814071655273e+00,1.391351222991943359e+00,1.502942085266113281e+00,6.465725421905517578e+00,6.465725421905517578e+00,6.343142032623291016e+00,6.904549598693847656e+00,1.670273971557617188e+01,1.670273971557617188e+01,1.551997947692871094e+01,1.588539505004882812e+01
7.700000000000000000e+01,2.248864555358886719e+01,2.248864555358886719e+01,2.114077377319335938e+01,2.116720008850097656e+01,1.695039558410644531e+01,1.695039558410644531e+01,1.594415950775146484e+01,1.570762825012207031e+01,6.430966377258300781e+00,6.430966377258300781e+00,6.960082054138183594e+00,6.324005126953125000e+00,7.818413376808166504e-01,7.818413376808166504e-01,1.457085967063903809e+00,1.038465857505798340e+00,1.063484787940979004e+00,1.063484787940979004e+00,1.377218008041381836e+00,1.501043796539306641e+00,6.451363086700439453e+00,6.451363086700439453e+00,6.360248088836669922e+00,6.900462627410888672e+00,1.674304962158203125e+01,1.674304962158203125e+01,1.561754798889160156e+01,1.587515640258789062e+01
7.800000000000000000e+01,2.251358222961425781e+01,2.251358222961425781e+01,2.115565872192382812e+01,2.115672302246093750e+01,1.693724822998046875e+01,1.693724822998046875e+01,1.589836978912353516e+01,1.565144062042236328e+01,6.403769016265869141e+00,6.403769016265869141e+00,6.913570880889892578e+00,6.265917778015136719e+00,7.735952138900756836e-01,7.735952138900756836e-01,1.444404840469360352e+00,1.029903650283813477e+00,1.068468570709228516e+00,1.068468570709228516e+00,1.379438638687133789e+00,1.512640357017517090e+00,6.469576358795166016e+00,6.469576358795166016e+00,6.394366741180419922e+00,6.913113594055175781e+00,1.677352333068847656e+01,1.677352333068847656e+01,1.563359642028808594e+01,1.587415981292724609e+01
7.900000000000000000e+01,2.251321411132812500e+01,2.251321411132812500e+01,2.115217018127441406e+01,2.114566612243652344e+01,1.691457366943359375e+01,1.691457366943359375e+01,1.590308761596679688e+01,1.563120269775390625e+01,6.385043144226074219e+00,6.385043144226074219e+00,6.890153408050537109e+00,6.237656593322753906e+00,7.722563743591308594e-01,7.722563743591308594e-01,1.441728591918945312e+00,1.032621383666992188e+00,1.079278111457824707e+00,1.079278111457824707e+00,1.385619163513183594e+00,1.515411734580993652e+00,6.529446601867675781e+00,6.529446601867675781e+00,6.362296581268310547e+00,6.912603378295898438e+00,1.682035827636718750e+01,1.682035827636718750e+01,1.568696403503417969e+01,1.588584232330322266e+01
8.000000000000000000e+01,2.245290756225585938e+01,2.245290756225585938e+01,2.109958267211914062e+01,2.107841873168945312e+01,1.684883499145507812e+01,1.684883499145507812e+01,1.580102252960205078e+01,1.552226829528808594e+01,6.329451084136962891e+00,6.329451084136962891e+00,6.849827289581298828e+00,6.140492916107177734e+00,7.773245573043823242e-01,7.773245573043823242e-01,1.435239672660827637e+00,1.028134107589721680e+00,1.080754160881042480e+00,1.080754160881042480e+00,1.379502296447753906e+00,1.508094429969787598e+00,6.549258232116699219e+00,6.549258232116699219e+00,6.440578937530517578e+00,6.929982185363769531e+00,1.686848449707031250e+01,1.686848449707031250e+01,1.572574806213378906e+01,1.593774032592773438e+01
8.100000000000000000e+01,2.249533653259277344e+01,2.249533653259277344e+01,2.114979743957519531e+01,2.109622001647949219e+01,1.680739402770996094e+01,1.680739402770996094e+01,1.581361961364746094e+01,1.549956226348876953e+01,6.313744544982910156e+00,6.313744544982910156e+00,6.823845863342285156e+00,6.142728328704833984e+00,7.688592076301574707e-01,7.688592076301574707e-01,1.428005576133728027e+00,1.020798206329345703e+00,1.085233330726623535e+00,1.085233330726623535e+00,1.369699478149414062e+00,1.524312734603881836e+00,6.571338653564453125e+00,6.571338653564453125e+00,6.450915336608886719e+00,6.939600944519042969e+00,1.684016990661621094e+01,1.684016990661621094e+01,1.574167346954345703e+01,1.597545528411865234e+01
8.200000000000000000e+01,2.246316528320312500e+01,2.246316528320312500e+01,2.112280654907226562e+01,2.111107444763183594e+01,1.676565170288085938e+01,1.676565170288085938e+01,1.577662944793701172e+01,1.535507583618164062e+01,6.279377460479736328e+00,6.279377460479736328e+00,6.798215866088867188e+00,6.052993774414062500e+00,7.772730588912963867e-01,7.772730588912963867e-01,1.422122240066528320e+00,1.022402524948120117e+00,1.086144685745239258e+00,1.086144685745239258e+00,1.368118047714233398e+00,1.523410558700561523e+00,6.598562240600585938e+00,6.598562240600585938e+00,6.473802089691162109e+00,6.982501983642578125e+00,1.694330978393554688e+01,1.694330978393554688e+01,1.576490783691406250e+01,1.597904682159423828e+01
8.300000000000000000e+01,2.245647430419921875e+01,2.245647430419921875e+01,2.118020248413085938e+01,2.099762153625488281e+01,1.673478507995605469e+01,1.673478507995605469e+01,1.570036125183105469e+01,1.536146163940429688e+01,6.234135627746582031e+00,6.234135627746582031e+00,6.777672290802001953e+00,6.063720226287841797e+00,7.842496633529663086e-01,7.842496633529663086e-01,1.418716430664062500e+00,1.016498446464538574e+00,1.100493311882019043e+00,1.100493311882019043e+00,1.367743134498596191e+00,1.537602901458740234e+00,6.612195491790771484e+00,6.612195491790771484e+00,6.531408786773681641e+00,6.972933292388916016e+00,1.692470932006835938e+01,1.692470932006835938e+01,1.585355663299560547e+01,1.597787666320800781e+01
8.400000000000000000e+01,2.249459266662597656e+01,2.249459266662597656e+01,2.118360900878906250e+01,2.099780654907226562e+01,1.668984031677246094e+01,1.668984031677246094e+01,1.569976234436035156e+01,1.522484683990478516e+01,6.217851638793945312e+00,6.217851638793945312e+00,6.739433765411376953e+00,5.981138706207275391e+00,7.792369723320007324e-01,7.792369723320007324e-01,1.412649869918823242e+00,1.008526325225830078e+00,1.097058057785034180e+00,1.097058057785034180e+00,1.358908295631408691e+00,1.534541249275207520e+00,6.644056797027587891e+00,6.644056797027587891e+00,6.561267852783203125e+00,7.009513854980468750e+00,1.699291992187500000e+01,1.699291992187500000e+01,1.584757709503173828e+01,1.602798080444335938e+01
8.500000000000000000e+01,2.248007583618164062e+01,2.248007583618164062e+01,2.107997131347656250e+01,2.104037284851074219e+01,1.662067413330078125e+01,1.662067413330078125e+01,1.565545940399169922e+01,1.525734710693359375e+01,6.206893920898437500e+00,6.206893920898437500e+00,6.716202735900878906e+00,6.005400180816650391e+00,7.939155101776123047e-01,7.939155101776123047e-01,1.399965524673461914e+00,1.023912549018859863e+00,1.106984734535217285e+00,1.106984734535217285e+00,1.364410638809204102e+00,1.541545748710632324e+00,6.706785202026367188e+00,6.706785202026367188e+00,6.571622848510742188e+00,7.004955291748046875e+00,1.705590629577636719e+01,1.705590629577636719e+01,1.592080879211425781e+01,1.603956413269042969e+01
8.600000000000000000e+01,2.244235610961914062e+01,2.244235610961914062e+01,2.119838333129882812e+01,2.104728507995605469e+01,1.655977439880371094e+01,1.655977439880371094e+01,1.561593818664550781e+01,1.516938209533691406e+01,6.172805786132812500e+00,6.172805786132812500e+00,6.681531906127929688e+00,5.990930080413818359e+00,7.944861650466918945e-01,7.944861650466918945e-01,1.415905237197875977e+00,1.025037288665771484e+00,1.109019875526428223e+00,1.109019875526428223e+00,1.363611102104187012e+00,1.538606524467468262e+00,6.712665557861328125e+00,6.712665557861328125e+00,6.621596336364746094e+00,7.034095287322998047e+00,1.704443740844726562e+01,1.704443740844726562e+01,1.596563434600830078e+01,1.604408073425292969e+01
8.700000000000000000e+01,2.238273048400878906e+01,2.238273048400878906e+01,2.111897087097167969e+01,2.099106979370117188e+01,1.652954864501953125e+01,1.652954864501953125e+01,1.558728694915771484e+01,1.512475490570068359e+01,6.137176513671875000e+00,6.137176513671875000e+00,6.657160758972167969e+00,5.918142795562744141e+00,7.944421768188476562e-01,7.944421768188476562e-01,1.393153786659240723e+00,1.034805297851562500e+00,1.102985858917236328e+00,1.102985858917236328e+00,1.351477503776550293e+00,1.519126176834106445e+00,6.747544288635253906e+00,6.747544288635253906e+00,6.657142162322998047e+00,7.043095588684082031e+00,1.706975936889648438e+01,1.706975936889648438e+01,1.596454715728759766e+01,1.606423187255859375e+01
8.800000000000000000e+01,2.237421798706054688e+01,2.237421798706054688e+01,2.108930587768554688e+01,2.092970657348632812e+01,1.647216224670410156e+01,1.647216224670410156e+01,1.557142448425292969e+01,1.504376316070556641e+01,6.101116180419921875e+00,6.101116180419921875e+00,6.624100208282470703e+00,5.933364868164062500e+00,8.190849423408508301e-01,8.190849423408508301e-01,1.408218741416931152e+00,1.035605072975158691e+00,1.101601243019104004e+00,1.101601243019104004e+00,1.348652124404907227e+00,1.542454004287719727e+00,6.759549617767333984e+00,6.759549617767333984e+00,6.667914867401123047e+00,7.040596485137939453e+00,1.712869644165039062e+01,1.712869644165039062e+01,1.603428840637207031e+01,1.603531265258789062e+01
8.900000000000000000e+01,2.242213249206542969e+01,2.242213249206542969e+01,2.112017250061035156e+01,2.092433547973632812e+01,1.640483093261718750e+01,1.640483093261718750e+01,1.555711555480957031e+01,1.501644039154052734e+01,6.093135833740234375e+00,6.093135833740234375e+00,6.617986202239990234e+00,5.902236938476562500e+00,8.193425536155700684e-01,8.193425536155700684e-01,1.409385204315185547e+00,1.038783550262451172e+00,1.102688074111938477e+00,1.102688074111938477e+00,1.332826375961303711e+00,1.533526539802551270e+00,6.768980503082275391e+00,6.768980503082275391e+00,6.723418235778808594e+00,7.056647777557373047e+00,1.715970993041992188e+01,1.715970993041992188e+01,1.604803848266601562e+01,1.607117652893066406e+01
9.000000000000000000e+01,2.234898185729980469e+01,2.234898185729980469e+01,2.108713722229003906e+01,2.084022521972656250e+01,1.635754394531250000e+01,1.635754394531250000e+01,1.553029441833496094e+01,1.491885185241699219e+01,6.074223995208740234e+00,6.074223995208740234e+00,6.597993850708007812e+00,5.887987136840820312e+00,8.393253087997436523e-01,8.393253087997436523e-01,1.405127406120300293e+00,1.052747964859008789e+00,1.084284067153930664e+00,1.084284067153930664e+00,1.334149241447448730e+00,1.520245075225830078e+00,6.812702655792236328e+00,6.812702655792236328e+00,6.716026306152343750e+00,7.059650897979736328e+00,1.718377304077148438e+01,1.718377304077148438e+01,1.608157730102539062e+01,1.608235168457031250e+01
9.100000000000000000e+01,2.234183883666992188e+01,2.234183883666992188e+01,2.104736518859863281e+01,2.081284713745117188e+01,1.634433937072753906e+01,1.634433937072753906e+01,1.549532699584960938e+01,1.491183185577392578e+01,6.031484603881835938e+00,6.031484603881835938e+00,6.591281890869140625e+00,5.873431205749511719e+00,8.501500487327575684e-01,8.501500487327575684e-01,1.417020320892333984e+00,1.057877182960510254e+00,1.083791017532348633e+00,1.083791017532348633e+00,1.322196125984191895e+00,1.501876711845397949e+00,6.814329147338867188e+00,6.814329147338867188e+00,6.734866619110107422e+00,7.085403919219970703e+00,1.720619010925292969e+01,1.720619010925292969e+01,1.607713890075683594e+01,1.607507514953613281e+01
9.200000000000000000e+01,2.230188941955566406e+01,2.230188941955566406e+01,2.110330009460449219e+01,2.086221504211425781e+01,1.629112052917480469e+01,1.629112052917480469e+01,1.543587112426757812e+01,1.478986835479736328e+01,6.049216270446777344e+00,6.049216270446777344e+00,6.578741550445556641e+00,5.857510566711425781e+00,8.637707233428955078e-01,8.637707233428955078e-01,1.427895069122314453e+00,1.068778753280639648e+00,1.067968368530273438e+00,1.067968368530273438e+00,1.305043697357177734e+00,1.495252966880798340e+00,6.845470428466796875e+00,6.845470428466796875e+00,6.746881484985351562e+00,7.074488639831542969e+00,1.718037796020507812e+01,1.718037796020507812e+01,1.610502624511718750e+01,1.607049560546875000e+01
9.300000000000000000e+01,2.226225852966308594e+01,2.226225852966308594e+01,2.100334548950195312e+01,2.082171821594238281e+01,1.620981979370117188e+01,1.620981979370117188e+01,1.536062335968017578e+01,1.476774501800537109e+01,6.011323451995849609e+00,6.011323451995849609e+00,6.578861236572265625e+00,5.811303138732910156e+00,8.854490518569946289e-01,8.854490518569946289e-01,1.439191341400146484e+00,1.086656570434570312e+00,1.052319765090942383e+00,1.052319765090942383e+00,1.295725584030151367e+00,1.471406221389770508e+00,6.843819618225097656e+00,6.843819618225097656e+00,6.773668766021728516e+00,7.084628105163574219e+00,1.724657440185546875e+01,1.724657440185546875e+01,1.616984558105468750e+01,1.610014724731445312e+01
9.400000000000000000e+01,2.218132781982421875e+01,2.218132781982421875e+01,2.107650375366210938e+01,2.074833106994628906e+01,1.618192291259765625e+01,1.618192291259765625e+01,1.533479976654052734e+01,1.470279502868652344e+01,6.034234523773193359e+00,6.034234523773193359e+00,6.551753044128417969e+00,5.811975479125976562e+00,8.993754386901855469e-01,8.993754386901855469e-01,1.439969301223754883e+00,1.099099516868591309e+00,1.035481691360473633e+00,1.035481691360473633e+00,1.277954459190368652e+00,1.457138538360595703e+00,6.866125106811523438e+00,6.866125106811523438e+00,6.800333023071289062e+00,7.068733692169189453e+00,1.725111579895019531e+01,1.725111579895019531e+01,1.616934585571289062e+01,1.607380676269531250e+01
9.500000000000000000e+01,2.224891662597656250e+01,2.224891662597656250e+01,2.096339035034179688e+01,2.071822547912597656e+01,1.614546203613281250e+01,1.614546203613281250e+01,1.535550212860107422e+01,1.463069820404052734e+01,6.010999679565429688e+00,6.010999679565429688e+00,6.538356304168701172e+00,5.771887779235839844e+00,9.188461899757385254e-01,9.188461899757385254e-01,1.451711416244506836e+00,1.114848494529724121e+00,1.012360334396362305e+00,1.012360334396362305e+00,1.269942760467529297e+00,1.453592538833618164e+00,6.879229545593261719e+00,6.879229545593261719e+00,6.811829566955566406e+00,7.054545402526855469e+00,1.724638366699218750e+01,1.724638366699218750e+01,1.614266395568847656e+01,1.607642555236816406e+01
9.600000000000000000e+01,2.213908958435058594e+01,2.213908958435058594e+01,2.100677871704101562e+01,2.068009948730468750e+01,1.609496688842773438e+01,1.609496688842773438e+01,1.529736137390136719e+01,1.461381149291992188e+01,6.035107612609863281e+00,6.035107612609863281e+00,6.576340675354003906e+00,5.777279853820800781e+00,9.357480406761169434e-01,9.357480406761169434e-01,1.466399431228637695e+00,1.133874297142028809e+00,9.943460822105407715e-01,9.943460822105407715e-01,1.250089287757873535e+00,1.426814436912536621e+00,6.893822669982910156e+00,6.893822669982910156e+00,6.821857452392578125e+00,7.083831787109375000e+00,1.717047882080078125e+01,1.717047882080078125e+01,1.615258026123046875e+01,1.607149124145507812e+01
9.700000000000000000e+01,2.220071601867675781e+01,2.220071601867675781e+01,2.094846153259277344e+01,2.061520195007324219e+01,1.605566596984863281e+01,1.605566596984863281e+01,1.521336364746093750e+01,1.457844924926757812e+01,6.036019325256347656e+00,6.036019325256347656e+00,6.557113170623779297e+00,5.810860633850097656e+00,9.606726169586181641e-01,9.606726169586181641e-01,1.477314710617065430e+00,1.159316539764404297e+00,9.670339226722717285e-01,9.670339226722717285e-01,1.241126537322998047e+00,1.403962373733520508e+00,6.895988941192626953e+00,6.895988941192626953e+00,6.840307235717773438e+00,7.084667205810546875e+00,1.722131156921386719e+01,1.722131156921386719e+01,1.616849136352539062e+01,1.596411418914794922e+01
9.800000000000000000e+01,2.214847946166992188e+01,2.214847946166992188e+01,2.093545913696289062e+01,2.063320732116699219e+01,1.599380874633789062e+01,1.599380874633789062e+01,1.522602272033691406e+01,1.455368232727050781e+01,6.033263683319091797e+00,6.033263683319091797e+00,6.574270725250244141e+00,5.791165351867675781e+00,9.743255972862243652e-01,9.743255972862243652e-01,1.487773895263671875e+00,1.188165783882141113e+00,9.506804943084716797e-01,9.506804943084716797e-01,1.224310398101806641e+00,1.387284517288208008e+00,6.892822742462158203e+00,6.892822742462158203e+00,6.843580722808837891e+00,7.057439327239990234e+00,1.719360351562500000e+01,1.719360351562500000e+01,1.621282958984375000e+01,1.602191925048828125e+01
9.900000000000000000e+01,2.210302925109863281e+01,2.210302925109863281e+01,2.086980056762695312e+01,2.052718353271484375e+01,1.592501163482666016e+01,1.592501163482666016e+01,1.521047115325927734e+01,1.444214725494384766e+01,6.017518520355224609e+00,6.017518520355224609e+00,6.563555717468261719e+00,5.809278011322021484e+00,9.910334348678588867e-01,9.910334348678588867e-01,1.496311664581298828e+00,1.212585806846618652e+00,9.346192479133605957e-01,9.346192479133605957e-01,1.212252140045166016e+00,1.363079428672790527e+00,6.902777671813964844e+00,6.902777671813964844e+00,6.845221519470214844e+00,7.065837383270263672e+00,1.719317245483398438e+01,1.719317245483398438e+01,1.626386642456054688e+01,1.599578762054443359e+01
1.000000000000000000e+02,2.206823348999023438e+01,2.206823348999023438e+01,2.095915794372558594e+01,2.049709129333496094e+01,1.590442848205566406e+01,1.590442848205566406e+01,1.517202377319335938e+01,1.442473793029785156e+01,6.030420303344726562e+00,6.030420303344726562e+00,6.554686069488525391e+00,5.816790580749511719e+00,1.005410432815551758e+00,1.005410432815551758e+00,1.507164597511291504e+00,1.228244066238403320e+00,9.191992282867431641e-01,9.191992282867431641e-01,1.206224679946899414e+00,1.360111236572265625e+00,6.915109157562255859e+00,6.915109157562255859e+00,6.895525455474853516e+00,7.069807529449462891e+00,1.720748519897460938e+01,1.720748519897460938e+01,1.624192619323730469e+01,1.599244308471679688e+01
1.010000000000000000e+02,2.204109191894531250e+01,2.204109191894531250e+01,2.094339179992675781e+01,2.052811050415039062e+01,1.584437370300292969e+01,1.584437370300292969e+01,1.511653900146484375e+01,1.436070442199707031e+01,6.060620307922363281e+00,6.060620307922363281e+00,6.554928779602050781e+00,5.810380458831787109e+00,1.031463146209716797e+00,1.031463146209716797e+00,1.525419950485229492e+00,1.232536196708679199e+00,9.008475542068481445e-01,9.008475542068481445e-01,1.201227188110351562e+00,1.342939138412475586e+00,6.943696975708007812e+00,6.943696975708007812e+00,6.897086143493652344e+00,7.049712657928466797e+00,1.725380516052246094e+01,1.725380516052246094e+01,1.622127151489257812e+01,1.601066017150878906e+01
1.020000000000000000e+02,2.199132537841796875e+01,2.199132537841796875e+01,2.086507034301757812e+01,2.043885040283203125e+01,1.581465911865234375e+01,1.581465911865234375e+01,1.510450172424316406e+01,1.441673374176025391e+01,6.051537036895751953e+00,6.051537036895751953e+00,6.572299480438232422e+00,5.826115131378173828e+00,1.045385837554931641e+00,1.045385837554931641e+00,1.531380772590637207e+00,1.264853954315185547e+00,8.892470598220825195e-01,8.892470598220825195e-01,1.190931558609008789e+00,1.321500539779663086e+00,6.938863277435302734e+00,6.938863277435302734e+00,6.929678916931152344e+00,7.089218139648437500e+00,1.727467346191406250e+01,1.727467346191406250e+01,1.623967361450195312e+01,1.598406124114990234e+01
1.030000000000000000e+02,2.192831802368164062e+01,2.192831802368164062e+01,2.084893035888671875e+01,2.046306419372558594e+01,1.577165222167968750e+01,1.577165222167968750e+01,1.505237770080566406e+01,1.438107490539550781e+01,6.084236621856689453e+00,6.084236621856689453e+00,6.583548545837402344e+00,5.809597969055175781e+00,1.063618183135986328e+00,1.063618183135986328e+00,1.534939289093017578e+00,1.283754944801330566e+00,8.735153675079345703e-01,8.735153675079345703e-01,1.189388275146484375e+00,1.315846323966979980e+00,7.000841617584228516e+00,7.000841617584228516e+00,6.934597015380859375e+00,7.064818859100341797e+00,1.725215148925781250e+01,1.725215148925781250e+01,1.628100204467773438e+01,1.595472526550292969e+01
1.040000000000000000e+02,2.197151184082031250e+01,2.197151184082031250e+01,2.077990722656250000e+01,2.029393196105957031e+01,1.569784545898437500e+01,1.569784545898437500e+01,1.504964828491210938e+01,1.432122802734375000e+01,6.080337524414062500e+00,6.080337524414062500e+00,6.560887336730957031e+00,5.828712463378906250e+00,1.075169086456298828e+00,1.075169086456298828e+00,1.544956684112548828e+00,1.301467418670654297e+00,8.647716641426086426e-01,8.647716641426086426e-01,1.175095558166503906e+00,1.310402393341064453e+00,7.018404006958007812e+00,7.018404006958007812e+00,6.949284553527832031e+00,7.109959602355957031e+00,1.722291374206542969e+01,1.722291374206542969e+01,1.627646636962890625e+01,1.596634101867675781e+01
1.050000000000000000e+02,2.187519836425781250e+01,2.187519836425781250e+01,2.075124359130859375e+01,2.038520050048828125e+01,1.563844680786132812e+01,1.563844680786132812e+01,1.497024822235107422e+01,1.414274406433105469e+01,6.095421314239501953e+00,6.095421314239501953e+00,6.568147659301757812e+00,5.820707798004150391e+00,1.082165956497192383e+00,1.082165956497192383e+00,1.549168586730957031e+00,1.315994858741760254e+00,8.578832745552062988e-01,8.578832745552062988e-01,1.190645694732666016e+00,1.299557447433471680e+00,7.045536041259765625e+00,7.045536041259765625e+00,6.965447425842285156e+00,7.102499961853027344e+00,1.726190567016601562e+01,1.726190567016601562e+01,1.626466178894042969e+01,1.592667007446289062e+01
1.060000000000000000e+02,2.188515472412109375e+01,2.188515472412109375e+01,2.071512222290039062e+01,2.034072303771972656e+01,1.561229419708251953e+01,1.561229419708251953e+01,1.493995475769042969e+01,1.418494415283203125e+01,6.056415081024169922e+00,6.056415081024169922e+00,6.575516700744628906e+00,5.824341773986816406e+00,1.094891667366027832e+00,1.094891667366027832e+00,1.554660320281982422e+00,1.328486561775207520e+00,8.449313640594482422e-01,8.449313640594482422e-01,1.202901840209960938e+00,1.286382555961608887e+00,7.050080776214599609e+00,7.050080776214599609e+00,7.059988975524902344e+00,7.117172241210937500e+00,1.724719429016113281e+01,1.724719429016113281e+01,1.632951927185058594e+01,1.593622970581054688e+01
1.070000000000000000e+02,2.185697937011718750e+01,2.185697937011718750e+01,2.074445533752441406e+01,2.026936340332031250e+01,1.557029724121093750e+01,1.557029724121093750e+01,1.492282581329345703e+01,1.417710399627685547e+01,6.082064628601074219e+00,6.082064628601074219e+00,6.554761886596679688e+00,5.838724613189697266e+00,1.103794574737548828e+00,1.103794574737548828e+00,1.546161055564880371e+00,1.332960247993469238e+00,8.457448482513427734e-01,8.457448482513427734e-01,1.200208663940429688e+00,1.278636813163757324e+00,7.096732616424560547e+00,7.096732616424560547e+00,7.059838771820068359e+00,7.121640205383300781e+00,1.725983047485351562e+01,1.725983047485351562e+01,1.633148956298828125e+01,1.595300674438476562e+01
1.080000000000000000e+02,2.174507522583007812e+01,2.174507522583007812e+01,2.070508384704589844e+01,2.018403244018554688e+01,1.549745750427246094e+01,1.549745750427246094e+01,1.485292625427246094e+01,1.415955924987792969e+01,6.109067916870117188e+00,6.109067916870117188e+00,6.532335281372070312e+00,5.869302749633789062e+00,1.110843181610107422e+00,1.110843181610107422e+00,1.557866930961608887e+00,1.354378938674926758e+00,8.403521776199340820e-01,8.403521776199340820e-01,1.208150863647460938e+00,1.272496938705444336e+00,7.144766807556152344e+00,7.144766807556152344e+00,7.101613998413085938e+00,7.125061035156250000e+00,1.725432968139648438e+01,1.725432968139648438e+01,1.634434509277343750e+01,1.587584400177001953e+01
1.090000000000000000e+02,2.177088356018066406e+01,2.177088356018066406e+01,2.068038558959960938e+01,2.017206001281738281e+01,1.547340869903564453e+01,1.547340869903564453e+01,1.486539363861083984e+01,1.417454051971435547e+01,6.130563735961914062e+00,6.130563735961914062e+00,6.536428928375244141e+00,5.841255187988281250e+00,1.110007286071777344e+00,1.110007286071777344e+00,1.556590676307678223e+00,1.368605375289916992e+00,8.441350460052490234e-01,8.441350460052490234e-01,1.216855645179748535e+00,1.274322032928466797e+00,7.160791873931884766e+00,7.160791873931884766e+00,7.176088809967041016e+00,7.169104576110839844e+00,1.727447509765625000e+01,1.727447509765625000e+01,1.638989257812500000e+01,1.590406990051269531e+01
1.100000000000000000e+02,2.175374412536621094e+01,2.175374412536621094e+01,2.064837074279785156e+01,2.012647056579589844e+01,1.543593692779541016e+01,1.543593692779541016e+01,1.480795955657958984e+01,1.404182243347167969e+01,6.114643573760986328e+00,6.114643573760986328e+00,6.559776782989501953e+00,5.882664680480957031e+00,1.107298016548156738e+00,1.107298016548156738e+00,1.554961204528808594e+00,1.388536930084228516e+00,8.399621248245239258e-01,8.399621248245239258e-01,1.216635227203369141e+00,1.272032022476196289e+00,7.205666065216064453e+00,7.205666065216064453e+00,7.213567733764648438e+00,7.169108867645263672e+00,1.723962402343750000e+01,1.723962402343750000e+01,1.636597061157226562e+01,1.589257240295410156e+01
1.110000000000000000e+02,2.171677780151367188e+01,2.171677780151367188e+01,2.062519264221191406e+01,2.001764106750488281e+01,1.543476581573486328e+01,1.543476581573486328e+01,1.478107452392578125e+01,1.402211761474609375e+01,6.132008552551269531e+00,6.132008552551269531e+00,6.538744926452636719e+00,5.864312648773193359e+00,1.107479453086853027e+00,1.107479453086853027e+00,1.546737194061279297e+00,1.392856836318969727e+00,8.513550758361816406e-01,8.513550758361816406e-01,1.240821361541748047e+00,1.271600008010864258e+00,7.234641551971435547e+00,7.234641551971435547e+00,7.211652278900146484e+00,7.199453353881835938e+00,1.725931549072265625e+01,1.725931549072265625e+01,1.638083839416503906e+01,1.589529132843017578e+01
1.120000000000000000e+02,2.165966796875000000e+01,2.165966796875000000e+01,2.060134506225585938e+01,2.003859901428222656e+01,1.540360736846923828e+01,1.540360736846923828e+01,1.467971611022949219e+01,1.402208805084228516e+01,6.158324241638183594e+00,6.158324241638183594e+00,6.532893180847167969e+00,5.891117572784423828e+00,1.110867023468017578e+00,1.110867023468017578e+00,1.531598210334777832e+00,1.403019428253173828e+00,8.568895459175109863e-01,8.568895459175109863e-01,1.252285957336425781e+00,1.280771493911743164e+00,7.286843299865722656e+00,7.286843299865722656e+00,7.272049903869628906e+00,7.192044258117675781e+00,1.725403594970703125e+01,1.725403594970703125e+01,1.636970138549804688e+01,1.588325691223144531e+01
1.130000000000000000e+02,2.161199378967285156e+01,2.161199378967285156e+01,2.056334686279296875e+01,1.994748306274414062e+01,1.531437301635742188e+01,1.531437301635742188e+01,1.469558429718017578e+01,1.399125289916992188e+01,6.143813610076904297e+00,6.143813610076904297e+00,6.534517288208007812e+00,5.921936988830566406e+00,1.108952283859252930e+00,1.108952283859252930e+00,1.526070713996887207e+00,1.412945151329040527e+00,8.605285286903381348e-01,8.605285286903381348e-01,1.260201692581176758e+00,1.288091659545898438e+00,7.294184684753417969e+00,7.294184684753417969e+00,7.315456867218017578e+00,7.227391719818115234e+00,1.719482803344726562e+01,1.719482803344726562e+01,1.640168762207031250e+01,1.584312057495117188e+01
1.140000000000000000e+02,2.150885200500488281e+01,2.150885200500488281e+01,2.050070381164550781e+01,1.993780517578125000e+01,1.530246162414550781e+01,1.530246162414550781e+01,1.461960029602050781e+01,1.392578601837158203e+01,6.141131401062011719e+00,6.141131401062011719e+00,6.533136367797851562e+00,5.932948589324951172e+00,1.101393938064575195e+00,1.101393938064575195e+00,1.516971945762634277e+00,1.426695704460144043e+00,8.631814718246459961e-01,8.631814718246459961e-01,1.278492093086242676e+00,1.297556877136230469e+00,7.342615127563476562e+00,7.342615127563476562e+00,7.355436325073242188e+00,7.255830287933349609e+00,1.720734405517578125e+01,1.720734405517578125e+01,1.634730529785156250e+01,1.580064201354980469e+01
1.150000000000000000e+02,2.156703376770019531e+01,2.156703376770019531e+01,2.049155807495117188e+01,1.992919158935546875e+01,1.524101448059082031e+01,1.524101448059082031e+01,1.464491271972656250e+01,1.393200111389160156e+01,6.162171363830566406e+00,6.162171363830566406e+00,6.524441242218017578e+00,5.949612617492675781e+00,1.088380813598632812e+00,1.088380813598632812e+00,1.497006773948669434e+00,1.441630601882934570e+00,8.702284693717956543e-01,8.702284693717956543e-01,1.302842855453491211e+00,1.301091790199279785e+00,7.380836009979248047e+00,7.380836009979248047e+00,7.349066734313964844e+00,7.259174346923828125e+00,1.717441177368164062e+01,1.717441177368164062e+01,1.630858230590820312e+01,1.580046367645263672e+01
1.160000000000000000e+02,2.141016769409179688e+01,2.141016769409179688e+01,2.042970657348632812e+01,1.991403388977050781e+01,1.522010421752929688e+01,1.522010421752929688e+01,1.454564952850341797e+01,1.384054374694824219e+01,6.161255836486816406e+00,6.161255836486816406e+00,6.470485210418701172e+00,5.934020996093750000e+00,1.080444455146789551e+00,1.080444455146789551e+00,1.485719680786132812e+00,1.435325384140014648e+00,8.827294111251831055e-01,8.827294111251831055e-01,1.313142180442810059e+00,1.307310819625854492e+00,7.381832599639892578e+00,7.381832599639892578e+00,7.444393634796142578e+00,7.245499134063720703e+00,1.710058784484863281e+01,1.710058784484863281e+01,1.640221214294433594e+01,1.574795913696289062e+01
1.170000000000000000e+02,2.147826576232910156e+01,2.147826576232910156e+01,2.031215476989746094e+01,1.992662811279296875e+01,1.515296173095703125e+01,1.515296173095703125e+01,1.457609272003173828e+01,1.389125061035156250e+01,6.154219150543212891e+00,6.154219150543212891e+00,6.498524188995361328e+00,5.976490020751953125e+00,1.073292255401611328e+00,1.073292255401611328e+00,1.462789416313171387e+00,1.454222679138183594e+00,8.944725990295410156e-01,8.944725990295410156e-01,1.334606647491455078e+00,1.317077636718750000e+00,7.426166534423828125e+00,7.426166534423828125e+00,7.464836597442626953e+00,7.260539531707763672e+00,1.712955284118652344e+01,1.712955284118652344e+01,1.635923767089843750e+01,1.571154785156250000e+01
1.180000000000000000e+02,2.137473678588867188e+01,2.137473678588867188e+01,2.041213417053222656e+01,1.981348991394042969e+01,1.513877677917480469e+01,1.513877677917480469e+01,1.450666046142578125e+01,1.387183570861816406e+01,6.148994922637939453e+00,6.148994922637939453e+00,6.478058815002441406e+00,5.990082740783691406e+00,1.059569597244262695e+00,1.059569597244262695e+00,1.442706942558288574e+00,1.453619241714477539e+00,9.030644297599792480e-01,9.030644297599792480e-01,1.349591374397277832e+00,1.332154750823974609e+00,7.449608325958251953e+00,7.449608325958251953e+00,7.507011413574218750e+00,7.291478157043457031e+00,1.711469459533691406e+01,1.711469459533691406e+01,1.638451576232910156e+01,1.570774459838867188e+01
1.190000000000000000e+02,2.137908935546875000e+01,2.137908935546875000e+01,2.030405616760253906e+01,1.980219078063964844e+01,1.510516166687011719e+01,1.510516166687011719e+01,1.449991989135742188e+01,1.373601436614990234e+01,6.126499652862548828e+00,6.126499652862548828e+00,6.468647480010986328e+00,5.996214389801025391e+00,1.042853593826293945e+00,1.042853593826293945e+00,1.414519071578979492e+00,1.464328527450561523e+00,9.185955524444580078e-01,9.185955524444580078e-01,1.373852372169494629e+00,1.342494249343872070e+00,7.445266723632812500e+00,7.445266723632812500e+00,7.520623207092285156e+00,7.305424213409423828e+00,1.708111190795898438e+01,1.708111190795898438e+01,1.640407562255859375e+01,1.563081359863281250e+01
1.200000000000000000e+02,2.129496955871582031e+01,2.129496955871582031e+01,2.021151161193847656e+01,1.974149131774902344e+01,1.508353233337402344e+01,1.508353233337402344e+01,1.444932556152343750e+01,1.374478530883789062e+01,6.157223701477050781e+00,6.157223701477050781e+00,6.421378612518310547e+00,6.003876209259033203e+00,1.033974170684814453e+00,1.033974170684814453e+00,1.391957521438598633e+00,1.464726567268371582e+00,9.386330842971801758e-01,9.386330842971801758e-01,1.389134883880615234e+00,1.358580827713012695e+00,7.510545253753662109e+00,7.510545253753662109e+00,7.546198844909667969e+00,7.317460060119628906e+00,1.702943801879882812e+01,1.702943801879882812e+01,1.630422973632812500e+01,1.565212154388427734e+01
1.210000000000000000e+02,2.122915840148925781e+01,2.122915840148925781e+01,2.011266326904296875e+01,1.971245384216308594e+01,1.503000640869140625e+01,1.503000640869140625e+01,1.444505500793457031e+01,1.376741027832031250e+01,6.174614906311035156e+00,6.174614906311035156e+00,6.431748867034912109e+00,6.025802612304687500e+00,1.011984944343566895e+00,1.011984944343566895e+00,1.372738361358642578e+00,1.460900425910949707e+00,9.469355344772338867e-01,9.469355344772338867e-01,1.408118009567260742e+00,1.374287009239196777e+00,7.536922454833984375e+00,7.536922454833984375e+00,7.584796905517578125e+00,7.337611198425292969e+00,1.693447685241699219e+01,1.693447685241699219e+01,1.633026313781738281e+01,1.558809661865234375e+01
1.220000000000000000e+02,2.118301773071289062e+01,2.118301773071289062e+01,2.017743682861328125e+01,1.964596939086914062e+01,1.495237922668457031e+01,1.495237922668457031e+01,1.437952423095703125e+01,1.378449153900146484e+01,6.164327621459960938e+00,6.164327621459960938e+00,6.379248142242431641e+00,6.049499988555908203e+00,1.000186443328857422e+00,1.000186443328857422e+00,1.349098086357116699e+00,1.467056274414062500e+00,9.677729010581970215e-01,9.677729010581970215e-01,1.418703675270080566e+00,1.384783983230590820e+00,7.567258834838867188e+00,7.567258834838867188e+00,7.642214775085449219e+00,7.339722633361816406e+00,1.695941352844238281e+01,1.695941352844238281e+01,1.633501243591308594e+01,1.555776214599609375e+01
1.230000000000000000e+02,2.114565086364746094e+01,2.114565086364746094e+01,2.018652915954589844e+01,1.958618927001953125e+01,1.491955184936523438e+01,1.491955184936523438e+01,1.430565547943115234e+01,1.373449325561523438e+01,6.167997837066650391e+00,6.167997837066650391e+00,6.358303546905517578e+00,6.041974067687988281e+00,9.801198244094848633e-01,9.801198244094848633e-01,1.323477983474731445e+00,1.464171648025512695e+00,9.890807867050170898e-01,9.890807867050170898e-01,1.447066187858581543e+00,1.393246412277221680e+00,7.595366477966308594e+00,7.595366477966308594e+00,7.656314849853515625e+00,7.350274085998535156e+00,1.695449256896972656e+01,1.695449256896972656e+01,1.631488037109375000e+01,1.556894588470458984e+01
1.240000000000000000e+02,2.111267280578613281e+01,2.111267280578613281e+01,2.004969215393066406e+01,1.959082984924316406e+01,1.494205284118652344e+01,1.494205284118652344e+01,1.426780414581298828e+01,1.374791240692138672e+01,6.164741992950439453e+00,6.164741992950439453e+00,6.366571903228759766e+00,6.052611827850341797e+00,9.596085548400878906e-01,9.596085548400878906e-01,1.302806735038757324e+00,1.463358759880065918e+00,1.012083053588867188e+00,1.012083053588867188e+00,1.452160120010375977e+00,1.406859517097473145e+00,7.615846633911132812e+00,7.615846633911132812e+00,7.683829784393310547e+00,7.330683708190917969e+00,1.692605400085449219e+01,1.692605400085449219e+01,1.627338981628417969e+01,1.551611423492431641e+01
1.250000000000000000e+02,2.104718780517578125e+01,2.104718780517578125e+01,2.003732872009277344e+01,1.952250289916992188e+01,1.488560199737548828e+01,1.488560199737548828e+01,1.423659515380859375e+01,1.361460018157958984e+01,6.179841995239257812e+00,6.179841995239257812e+00,6.336783885955810547e+00,6.072624206542968750e+00,9.345803260803222656e-01,9.345803260803222656e-01,1.277624368667602539e+00,1.452484011650085449e+00,1.030694842338562012e+00,1.030694842338562012e+00,1.483296632766723633e+00,1.411570668220520020e+00,7.658177375793457031e+00,7.658177375793457031e+00,7.710121631622314453e+00,7.351036548614501953e+00,1.680193138122558594e+01,1.680193138122558594e+01,1.621235084533691406e+01,1.544536209106445312e+01
1.260000000000000000e+02,2.099690628051757812e+01,2.099690628051757812e+01,1.993335723876953125e+01,1.949212455749511719e+01,1.485408020019531250e+01,1.485408020019531250e+01,1.419069862365722656e+01,1.367493534088134766e+01,6.132723331451416016e+00,6.132723331451416016e+00,6.300123214721679688e+00,6.029284477233886719e+00,9.133079648017883301e-01,9.133079648017883301e-01,1.242120981216430664e+00,1.445072174072265625e+00,1.052103042602539062e+00,1.052103042602539062e+00,1.497924447059631348e+00,1.418751716613769531e+00,7.629411220550537109e+00,7.629411220550537109e+00,7.716398239135742188e+00,7.375533580780029297e+00,1.680906677246093750e+01,1.680906677246093750e+01,1.624927711486816406e+01,1.540791416168212891e+01
1.270000000000000000e+02,2.092621994018554688e+01,2.092621994018554688e+01,1.986167907714843750e+01,1.946780014038085938e+01,1.480549621582031250e+01,1.480549621582031250e+01,1.414545059204101562e+01,1.356541156768798828e+01,6.153959274291992188e+00,6.153959274291992188e+00,6.260051727294921875e+00,6.088766098022460938e+00,8.969762325286865234e-01,8.969762325286865234e-01,1.222261071205139160e+00,1.456305384635925293e+00,1.069595217704772949e+00,1.069595217704772949e+00,1.521860837936401367e+00,1.436154365539550781e+00,7.686130046844482422e+00,7.686130046844482422e+00,7.733834266662597656e+00,7.368062973022460938e+00,1.676262664794921875e+01,1.676262664794921875e+01,1.619440460205078125e+01,1.539044952392578125e+01
1.280000000000000000e+02,2.088729667663574219e+01,2.088729667663574219e+01,1.979093551635742188e+01,1.935006713867187500e+01,1.476938533782958984e+01,1.476938533782958984e+01,1.411890697479248047e+01,1.363629913330078125e+01,6.124082088470458984e+00,6.124082088470458984e+00,6.252337455749511719e+00,6.064953327178955078e+00,8.718849420547485352e-01,8.718849420547485352e-01,1.199535489082336426e+00,1.450813531875610352e+00,1.096857309341430664e+00,1.096857309341430664e+00,1.546729445457458496e+00,1.439912915229797363e+00,7.680828094482421875e+00,7.680828094482421875e+00,7.777754306793212891e+00,7.354131698608398438e+00,1.671194267272949219e+01,1.671194267272949219e+01,1.616919898986816406e+01,1.534497642517089844e+01
1.290000000000000000e+02,2.086040496826171875e+01,2.086040496826171875e+01,1.972814369201660156e+01,1.935478210449218750e+01,1.476764583587646484e+01,1.476764583587646484e+01,1.405179119110107422e+01,1.353795242309570312e+01,6.135809898376464844e+00,6.135809898376464844e+00,6.208297729492187500e+00,6.052277088165283203e+00,8.511077165603637695e-01,8.511077165603637695e-01,1.159618377685546875e+00,1.435110330581665039e+00,1.112382769584655762e+00,1.112382769584655762e+00,1.561397910118103027e+00,1.451466202735900879e+00,7.701576709747314453e+00,7.701576709747314453e+00,7.774896621704101562e+00,7.361371040344238281e+00,1.671311569213867188e+01,1.671311569213867188e+01,1.604841232299804688e+01,1.530060482025146484e+01
1.300000000000000000e+02,2.080545616149902344e+01,2.080545616149902344e+01,1.968887329101562500e+01,1.930584526062011719e+01,1.477402877807617188e+01,1.477402877807617188e+01,1.401741600036621094e+01,1.360302925109863281e+01,6.157531261444091797e+00,6.157531261444091797e+00,6.179204463958740234e+00,6.114758491516113281e+00,8.208751678466796875e-01,8.208751678466796875e-01,1.143607854843139648e+00,1.436219573020935059e+00,1.139741778373718262e+00,1.139741778373718262e+00,1.577353596687316895e+00,1.452920556068420410e+00,7.726212501525878906e+00,7.726212501525878906e+00,7.801050186157226562e+00,7.353373527526855469e+00,1.664770698547363281e+01,1.664770698547363281e+01,1.603457069396972656e+01,1.525860023498535156e+01
1.310000000000000000e+02,2.071669006347656250e+01,2.071669006347656250e+01,1.964365768432617188e+01,1.924814987182617188e+01,1.470660781860351562e+01,1.470660781860351562e+01,1.394022083282470703e+01,1.361315727233886719e+01,6.117412090301513672e+00,6.117412090301513672e+00,6.145007133483886719e+00,6.103370189666748047e+00,8.059456348419189453e-01,8.059456348419189453e-01,1.111701130867004395e+00,1.426613450050354004e+00,1.153864026069641113e+00,1.153864026069641113e+00,1.601596474647521973e+00,1.470434188842773438e+00,7.714154720306396484e+00,7.714154720306396484e+00,7.817258834838867188e+00,7.345622539520263672e+00,1.659693717956542969e+01,1.659693717956542969e+01,1.597947311401367188e+01,1.520099735260009766e+01
1.320000000000000000e+02,2.068929290771484375e+01,2.068929290771484375e+01,1.967079162597656250e+01,1.923851585388183594e+01,1.466542434692382812e+01,1.466542434692382812e+01,1.390821266174316406e+01,1.350336170196533203e+01,6.110026359558105469e+00,6.110026359558105469e+00,6.095401287078857422e+00,6.137275695800781250e+00,7.805610895156860352e-01,7.805610895156860352e-01,1.093469858169555664e+00,1.409212350845336914e+00,1.173208355903625488e+00,1.173208355903625488e+00,1.620077490806579590e+00,1.471387624740600586e+00,7.713220119476318359e+00,7.713220119476318359e+00,7.795907974243164062e+00,7.336908340454101562e+00,1.652637863159179688e+01,1.652637863159179688e+01,1.592207717895507812e+01,1.514270782470703125e+01
1.330000000000000000e+02,2.065054130554199219e+01,2.065054130554199219e+01,1.956914329528808594e+01,1.912106895446777344e+01,1.459902381896972656e+01,1.459902381896972656e+01,1.383349800109863281e+01,1.356325817108154297e+01,6.131608486175537109e+00,6.131608486175537109e+00,6.078283786773681641e+00,6.131061077117919922e+00,7.692191004753112793e-01,7.692191004753112793e-01,1.062795281410217285e+00,1.401387691497802734e+00,1.185938715934753418e+00,1.185938715934753418e+00,1.630538344383239746e+00,1.475932240486145020e+00,7.741429805755615234e+00,7.741429805755615234e+00,7.819678306579589844e+00,7.298889160156250000e+00,1.648857879638671875e+01,1.648857879638671875e+01,1.584225177764892578e+01,1.514595317840576172e+01
1.340000000000000000e+02,2.054632949829101562e+01,2.054632949829101562e+01,1.941409683227539062e+01,1.920019149780273438e+01,1.459694862365722656e+01,1.459694862365722656e+01,1.382114315032958984e+01,1.350593280792236328e+01,6.110883235931396484e+00,6.110883235931396484e+00,6.050578117370605469e+00,6.135240077972412109e+00,7.335004806518554688e-01,7.335004806518554688e-01,1.041204094886779785e+00,1.392128229141235352e+00,1.197665691375732422e+00,1.197665691375732422e+00,1.649634361267089844e+00,1.489252328872680664e+00,7.738519191741943359e+00,7.738519191741943359e+00,7.810807704925537109e+00,7.313089847564697266e+00,1.645236587524414062e+01,1.645236587524414062e+01,1.585854816436767578e+01,1.508156108856201172e+01
1.350000000000000000e+02,2.052704048156738281e+01,2.052704048156738281e+01,1.943033981323242188e+01,1.903554534912109375e+01,1.456710052490234375e+01,1.456710052490234375e+01,1.377947998046875000e+01,1.350874519348144531e+01,6.094648838043212891e+00,6.094648838043212891e+00,5.993992328643798828e+00,6.103789329528808594e+00,7.221339941024780273e-01,7.221339941024780273e-01,1.014364838600158691e+00,1.372923731803894043e+00,1.216334819793701172e+00,1.216334819793701172e+00,1.648229479789733887e+00,1.490375757217407227e+00,7.734621047973632812e+00,7.734621047973632812e+00,7.820453643798828125e+00,7.286708831787109375e+00,1.639021110534667969e+01,1.639021110534667969e+01,1.580904769897460938e+01,1.503136539459228516e+01
1.360000000000000000e+02,2.046724319458007812e+01,2.046724319458007812e+01,1.938256072998046875e+01,1.901047897338867188e+01,1.450060844421386719e+01,1.450060844421386719e+01,1.373377227783203125e+01,1.350795745849609375e+01,6.084806442260742188e+00,6.084806442260742188e+00,5.974158287048339844e+00,6.128939628601074219e+00,7.043019533157348633e-01,7.043019533157348633e-01,9.808834195137023926e-01,1.354867339134216309e+00,1.226438045501708984e+00,1.226438045501708984e+00,1.661333799362182617e+00,1.505820512771606445e+00,7.731962203979492188e+00,7.731962203979492188e+00,7.811209201812744141e+00,7.267704963684082031e+00,1.632807540893554688e+01,1.632807540893554688e+01,1.569594097137451172e+01,1.498884677886962891e+01
1.370000000000000000e+02,2.038498878479003906e+01,2.038498878479003906e+01,1.929413795471191406e+01,1.896872711181640625e+01,1.451581954956054688e+01,1.451581954956054688e+01,1.367747879028320312e+01,1.350050830841064453e+01,6.067425251007080078e+00,6.067425251007080078e+00,5.935905456542968750e+00,6.127560138702392578e+00,6.921505331993103027e-01,6.921505331993103027e-01,9.647877812385559082e-01,1.349904537200927734e+00,1.235252857208251953e+00,1.235252857208251953e+00,1.664761543273925781e+00,1.508512496948242188e+00,7.694857597351074219e+00,7.694857597351074219e+00,7.786065101623535156e+00,7.252909660339355469e+00,1.629416847229003906e+01,1.629416847229003906e+01,1.571192264556884766e+01,1.495886707305908203e+01
1.380000000000000000e+02,2.033775711059570312e+01,2.033775711059570312e+01,1.923408889770507812e+01,1.897335433959960938e+01,1.440340232849121094e+01,1.440340232849121094e+01,1.364012908935546875e+01,1.343838691711425781e+01,6.072212219238281250e+00,6.072212219238281250e+00,5.907831668853759766e+00,6.132831573486328125e+00,6.785449981689453125e-01,6.785449981689453125e-01,9.357254505157470703e-01,1.332234978675842285e+00,1.236521959304809570e+00,1.236521959304809570e+00,1.675439238548278809e+00,1.512223839759826660e+00,7.709984302520751953e+00,7.709984302520751953e+00,7.803856849670410156e+00,7.252944946289062500e+00,1.620168495178222656e+01,1.620168495178222656e+01,1.563065910339355469e+01,1.490548515319824219e+01
1.390000000000000000e+02,2.027403450012207031e+01,2.027403450012207031e+01,1.911386489868164062e+01,1.896340942382812500e+01,1.442082786560058594e+01,1.442082786560058594e+01,1.354809284210205078e+01,1.343356800079345703e+01,6.039591312408447266e+00,6.039591312408447266e+00,5.850483417510986328e+00,6.124408721923828125e+00,6.575156450271606445e-01,6.575156450271606445e-01,9.019428491592407227e-01,1.313996076583862305e+00,1.255842924118041992e+00,1.255842924118041992e+00,1.683493971824645996e+00,1.503345489501953125e+00,7.692341804504394531e+00,7.692341804504394531e+00,7.786756038665771484e+00,7.218515396118164062e+00,1.613713836669921875e+01,1.613713836669921875e+01,1.557251548767089844e+01,1.487834548950195312e+01
1.400000000000000000e+02,2.027044677734375000e+01,2.027044677734375000e+01,1.910603141784667969e+01,1.890620994567871094e+01,1.437500381469726562e+01,1.437500381469726562e+01,1.349622917175292969e+01,1.334417343139648438e+01,6.012993812561035156e+00,6.012993812561035156e+00,5.823409557342529297e+00,6.110822200775146484e+00,6.525578498840332031e-01,6.525578498840332031e-01,8.993117809295654297e-01,1.316117048263549805e+00,1.257827162742614746e+00,1.257827162742614746e+00,1.686275362968444824e+00,1.509426116943359375e+00,7.667681694030761719e+00,7.667681694030761719e+00,7.738323688507080078e+00,7.211136817932128906e+00,1.615617942810058594e+01,1.615617942810058594e+01,1.551328182220458984e+01,1.483850288391113281e+01
1.410000000000000000e+02,2.019218063354492188e+01,2.019218063354492188e+01,1.901164436340332031e+01,1.887574958801269531e+01,1.437917900085449219e+01,1.437917900085449219e+01,1.350341892242431641e+01,1.335938358306884766e+01,5.960737228393554688e+00,5.960737228393554688e+00,5.788929462432861328e+00,6.078147888183593750e+00,6.482681632041931152e-01,6.482681632041931152e-01,8.680537939071655273e-01,1.301781535148620605e+00,1.265730857849121094e+00,1.265730857849121094e+00,1.688780903816223145e+00,1.520769596099853516e+00,7.607980728149414062e+00,7.607980728149414062e+00,7.725281715393066406e+00,7.170372962951660156e+00,1.607120323181152344e+01,1.607120323181152344e+01,1.540745353698730469e+01,1.479129791259765625e+01
1.420000000000000000e+02,2.013944625854492188e+01,2.013944625854492188e+01,1.896097946166992188e+01,1.883326721191406250e+01,1.434310054779052734e+01,1.434310054779052734e+01,1.339941692352294922e+01,1.337693881988525391e+01,5.984525680541992188e+00,5.984525680541992188e+00,5.742882728576660156e+00,6.104538917541503906e+00,6.425212025642395020e-01,6.425212025642395020e-01,8.655015826225280762e-01,1.289759993553161621e+00,1.266988873481750488e+00,1.266988873481750488e+00,1.695870876312255859e+00,1.522942781448364258e+00,7.618334770202636719e+00,7.618334770202636719e+00,7.707793235778808594e+00,7.096210956573486328e+00,1.606316375732421875e+01,1.606316375732421875e+01,1.538959121704101562e+01,1.472806262969970703e+01
1.430000000000000000e+02,2.006803321838378906e+01,2.006803321838378906e+01,1.886783790588378906e+01,1.874851989746093750e+01,1.427231693267822266e+01,1.427231693267822266e+01,1.340904712677001953e+01,1.332368564605712891e+01,5.917128562927246094e+00,5.917128562927246094e+00,5.712794303894042969e+00,6.102962970733642578e+00,6.460208892822265625e-01,6.460208892822265625e-01,8.526488542556762695e-01,1.285177469253540039e+00,1.265048503875732422e+00,1.265048503875732422e+00,1.696282148361206055e+00,1.514163136482238770e+00,7.562411785125732422e+00,7.562411785125732422e+00,7.704076290130615234e+00,7.112911224365234375e+00,1.600679588317871094e+01,1.600679588317871094e+01,1.530666351318359375e+01,1.464862155914306641e+01
1.440000000000000000e+02,1.998116493225097656e+01,1.998116493225097656e+01,1.883673477172851562e+01,1.870371246337890625e+01,1.419461631774902344e+01,1.419461631774902344e+01,1.329722881317138672e+01,1.333524417877197266e+01,5.888346195220947266e+00,5.888346195220947266e+00,5.640256881713867188e+00,6.129488945007324219e+00,6.403428316116333008e-01,6.403428316116333008e-01,8.402521014213562012e-01,1.282866835594177246e+00,1.270063877105712891e+00,1.270063877105712891e+00,1.693227171897888184e+00,1.509524345397949219e+00,7.545036315917968750e+00,7.545036315917968750e+00,7.695857524871826172e+00,7.082252025604248047e+00,1.595222091674804688e+01,1.595222091674804688e+01,1.519895076751708984e+01,1.468231391906738281e+01
1.450000000000000000e+02,1.996354293823242188e+01,1.996354293823242188e+01,1.870400047302246094e+01,1.873472976684570312e+01,1.421706867218017578e+01,1.421706867218017578e+01,1.325517177581787109e+01,1.331345176696777344e+01,5.880115985870361328e+00,5.880115985870361328e+00,5.614749908447265625e+00,6.115208625793457031e+00,6.407025456428527832e-01,6.407025456428527832e-01,8.279256224632263184e-01,1.263993501663208008e+00,1.273440122604370117e+00,1.273440122604370117e+00,1.698477983474731445e+00,1.514799833297729492e+00,7.510623455047607422e+00,7.510623455047607422e+00,7.655959129333496094e+00,7.057352066040039062e+00,1.590964794158935547e+01,1.590964794158935547e+01,1.516595268249511719e+01,1.459931182861328125e+01
1.460000000000000000e+02,1.987326622009277344e+01,1.987326622009277344e+01,1.870739364624023438e+01,1.866446876525878906e+01,1.421577548980712891e+01,1.421577548980712891e+01,1.323561573028564453e+01,1.327015781402587891e+01,5.887331962585449219e+00,5.887331962585449219e+00,5.590507030487060547e+00,6.061653137207031250e+00,6.454246640205383301e-01,6.454246640205383301e-01,8.226572275161743164e-01,1.272769808769226074e+00,1.275101423263549805e+00,1.275101423263549805e+00,1.688287258148193359e+00,1.502038836479187012e+00,7.505543231964111328e+00,7.505543231964111328e+00,7.615050792694091797e+00,7.037593841552734375e+00,1.585187911987304688e+01,1.585187911987304688e+01,1.511006259918212891e+01,1.455552005767822266e+01
1.470000000000000000e+02,1.981656455993652344e+01,1.981656455993652344e+01,1.855580329895019531e+01,1.863453674316406250e+01,1.415796566009521484e+01,1.415796566009521484e+01,1.320916080474853516e+01,1.328936386108398438e+01,5.835587501525878906e+00,5.835587501525878906e+00,5.567068576812744141e+00,6.112761974334716797e+00,6.551397442817687988e-01,6.551397442817687988e-01,8.161879181861877441e-01,1.266399025917053223e+00,1.268159508705139160e+00,1.268159508705139160e+00,1.683029174804687500e+00,1.515816807746887207e+00,7.467689990997314453e+00,7.467689990997314453e+00,7.565053462982177734e+00,7.006738662719726562e+00,1.582400512695312500e+01,1.582400512695312500e+01,1.504675006866455078e+01,1.455566596984863281e+01
1.480000000000000000e+02,1.978268051147460938e+01,1.978268051147460938e+01,1.854986190795898438e+01,1.860095214843750000e+01,1.416614723205566406e+01,1.416614723205566406e+01,1.317426490783691406e+01,1.325838661193847656e+01,5.838751316070556641e+00,5.838751316070556641e+00,5.504472255706787109e+00,6.096749305725097656e+00,6.635779738426208496e-01,6.635779738426208496e-01,8.184300065040588379e-01,1.264443516731262207e+00,1.277280569076538086e+00,1.277280569076538086e+00,1.665555238723754883e+00,1.494343996047973633e+00,7.424556732177734375e+00,7.424556732177734375e+00,7.540724277496337891e+00,6.961957454681396484e+00,1.570875263214111328e+01,1.570875263214111328e+01,1.503225421905517578e+01,1.456707000732421875e+01
1.490000000000000000e+02,1.967310333251953125e+01,1.967310333251953125e+01,1.842322921752929688e+01,1.856167030334472656e+01,1.408750343322753906e+01,1.408750343322753906e+01,1.307023525238037109e+01,1.323340034484863281e+01,5.826361179351806641e+00,5.826361179351806641e+00,5.475999832153320312e+00,6.115894317626953125e+00,6.649926900863647461e-01,6.649926900863647461e-01,8.098105788230895996e-01,1.269041895866394043e+00,1.270627617835998535e+00,1.270627617835998535e+00,1.664904832839965820e+00,1.504995822906494141e+00,7.364773273468017578e+00,7.364773273468017578e+00,7.489358901977539062e+00,6.921350479125976562e+00,1.573509597778320312e+01,1.573509597778320312e+01,1.497335243225097656e+01,1.447145271301269531e+01
1.500000000000000000e+02,1.962257766723632812e+01,1.962257766723632812e+01,1.843041229248046875e+01,1.850605392456054688e+01,1.410062885284423828e+01,1.410062885284423828e+01,1.305798721313476562e+01,1.321921157836914062e+01,5.795569896697998047e+00,5.795569896697998047e+00,5.445384025573730469e+00,6.109909057617187500e+00,6.891677379608154297e-01,6.891677379608154297e-01,8.119437694549560547e-01,1.270193219184875488e+00,1.265962123870849609e+00,1.265962123870849609e+00,1.645470142364501953e+00,1.490749001502990723e+00,7.337848663330078125e+00,7.337848663330078125e+00,7.447049140930175781e+00,6.880285263061523438e+00,1.570358848571777344e+01,1.570358848571777344e+01,1.484411144256591797e+01,1.448536968231201172e+01
1.510000000000000000e+02,1.959973526000976562e+01,1.959973526000976562e+01,1.835659599304199219e+01,1.845819664001464844e+01,1.396810531616210938e+01,1.396810531616210938e+01,1.302194786071777344e+01,1.322271156311035156e+01,5.772825717926025391e+00,5.772825717926025391e+00,5.418277263641357422e+00,6.094851493835449219e+00,6.947865486145019531e-01,6.947865486145019531e-01,8.094389438629150391e-01,1.276227355003356934e+00,1.255617618560791016e+00,1.255617618560791016e+00,1.650201916694641113e+00,1.483811855316162109e+00,7.279602050781250000e+00,7.279602050781250000e+00,7.439324378967285156e+00,6.835592269897460938e+00,1.564924907684326172e+01,1.564924907684326172e+01,1.481159973144531250e+01,1.444612884521484375e+01
1.520000000000000000e+02,1.950782394409179688e+01,1.950782394409179688e+01,1.831743240356445312e+01,1.839577865600585938e+01,1.401159095764160156e+01,1.401159095764160156e+01,1.292988586425781250e+01,1.317486476898193359e+01,5.753437995910644531e+00,5.753437995910644531e+00,5.361858844757080078e+00,6.060443878173828125e+00,7.163513302803039551e-01,7.163513302803039551e-01,8.129053115844726562e-01,1.275402784347534180e+00,1.249567985534667969e+00,1.249567985534667969e+00,1.635684013366699219e+00,1.473693728446960449e+00,7.243610382080078125e+00,7.243610382080078125e+00,7.377885818481445312e+00,6.812883377075195312e+00,1.560654544830322266e+01,1.560654544830322266e+01,1.471543979644775391e+01,1.442133712768554688e+01
1.530000000000000000e+02,1.945722961425781250e+01,1.945722961425781250e+01,1.819044876098632812e+01,1.844447898864746094e+01,1.398641586303710938e+01,1.398641586303710938e+01,1.288581848144531250e+01,1.325149726867675781e+01,5.762766361236572266e+00,5.762766361236572266e+00,5.366037368774414062e+00,6.094627380371093750e+00,7.340478897094726562e-01,7.340478897094726562e-01,8.160153627395629883e-01,1.302001476287841797e+00,1.248945236206054688e+00,1.248945236206054688e+00,1.621802091598510742e+00,1.466778755187988281e+00,7.201472282409667969e+00,7.201472282409667969e+00,7.339119911193847656e+00,6.731038093566894531e+00,1.550359630584716797e+01,1.550359630584716797e+01,1.461549377441406250e+01,1.439406585693359375e+01
1.540000000000000000e+02,1.943762016296386719e+01,1.943762016296386719e+01,1.816091537475585938e+01,1.835129737854003906e+01,1.402861595153808594e+01,1.402861595153808594e+01,1.286030673980712891e+01,1.319095516204833984e+01,5.740429401397705078e+00,5.740429401397705078e+00,5.337839126586914062e+00,6.137403964996337891e+00,7.479013800621032715e-01,7.479013800621032715e-01,8.271536827087402344e-01,1.310397267341613770e+00,1.236382484436035156e+00,1.236382484436035156e+00,1.623814225196838379e+00,1.460903644561767578e+00,7.150673389434814453e+00,7.150673389434814453e+00,7.314096927642822266e+00,6.730511665344238281e+00,1.548642253875732422e+01,1.548642253875732422e+01,1.456848621368408203e+01,1.430844593048095703e+01
1.550000000000000000e+02,1.938492202758789062e+01,1.938492202758789062e+01,1.810905838012695312e+01,1.835394668579101562e+01,1.394108772277832031e+01,1.394108772277832031e+01,1.287430953979492188e+01,1.319676017761230469e+01,5.714821338653564453e+00,5.714821338653564453e+00,5.303807258605957031e+00,6.161183357238769531e+00,7.633518576622009277e-01,7.633518576622009277e-01,8.301910161972045898e-01,1.322381854057312012e+00,1.229877948760986328e+00,1.229877948760986328e+00,1.611305832862854004e+00,1.449074864387512207e+00,7.096262931823730469e+00,7.096262931823730469e+00,7.257279396057128906e+00,6.676467418670654297e+00,1.548411464691162109e+01,1.548411464691162109e+01,1.458558273315429688e+01,1.433031558990478516e+01
1.560000000000000000e+02,1.939382934570312500e+01,1.939382934570312500e+01,1.807008743286132812e+01,1.832656860351562500e+01,1.395796298980712891e+01,1.395796298980712891e+01,1.279170036315917969e+01,1.319574546813964844e+01,5.708056926727294922e+00,5.708056926727294922e+00,5.278849124908447266e+00,6.143953323364257812e+00,7.878519892692565918e-01,7.878519892692565918e-01,8.417568206787109375e-01,1.333238124847412109e+00,1.222904443740844727e+00,1.222904443740844727e+00,1.593983530998229980e+00,1.441300153732299805e+00,7.046591758728027344e+00,7.046591758728027344e+00,7.209215164184570312e+00,6.648261547088623047e+00,1.543099498748779297e+01,1.543099498748779297e+01,1.453841400146484375e+01,1.426856422424316406e+01
1.570000000000000000e+02,1.935397529602050781e+01,1.935397529602050781e+01,1.799454498291015625e+01,1.825424957275390625e+01,1.399629688262939453e+01,1.399629688262939453e+01,1.278362655639648438e+01,1.322126579284667969e+01,5.705860137939453125e+00,5.705860137939453125e+00,5.219311237335205078e+00,6.154065608978271484e+00,7.979971170425415039e-01,7.979971170425415039e-01,8.613985776901245117e-01,1.351614117622375488e+00,1.217090487480163574e+00,1.217090487480163574e+00,1.590198993682861328e+00,1.425720095634460449e+00,7.001094341278076172e+00,7.001094341278076172e+00,7.160311222076416016e+00,6.610891342163085938e+00,1.535899925231933594e+01,1.535899925231933594e+01,1.446975326538085938e+01,1.425745773315429688e+01
1.580000000000000000e+02,1.926996040344238281e+01,1.926996040344238281e+01,1.795013999938964844e+01,1.814191627502441406e+01,1.386917686462402344e+01,1.386917686462402344e+01,1.275616455078125000e+01,1.325178241729736328e+01,5.703076362609863281e+00,5.703076362609863281e+00,5.238811969757080078e+00,6.179620265960693359e+00,8.258721232414245605e-01,8.258721232414245605e-01,8.773900270462036133e-01,1.360898375511169434e+00,1.207313776016235352e+00,1.207313776016235352e+00,1.576825022697448730e+00,1.420232295989990234e+00,6.924693107604980469e+00,6.924693107604980469e+00,7.135967254638671875e+00,6.534492492675781250e+00,1.532234191894531250e+01,1.532234191894531250e+01,1.438467311859130859e+01,1.424820423126220703e+01
1.590000000000000000e+02,1.926328849792480469e+01,1.926328849792480469e+01,1.790128707885742188e+01,1.818425750732421875e+01,1.392541599273681641e+01,1.392541599273681641e+01,1.274537277221679688e+01,1.328809738159179688e+01,5.694801807403564453e+00,5.694801807403564453e+00,5.201770782470703125e+00,6.199981689453125000e+00,8.484266996383666992e-01,8.484266996383666992e-01,8.945271968841552734e-01,1.389262437820434570e+00,1.191857337951660156e+00,1.191857337951660156e+00,1.561150431632995605e+00,1.414634346961975098e+00,6.878946781158447266e+00,6.878946781158447266e+00,7.069431781768798828e+00,6.486644744873046875e+00,1.524739170074462891e+01,1.524739170074462891e+01,1.429890632629394531e+01,1.422484207153320312e+01
1.600000000000000000e+02,1.919632911682128906e+01,1.919632911682128906e+01,1.779660415649414062e+01,1.824625396728515625e+01,1.397063255310058594e+01,1.397063255310058594e+01,1.273161029815673828e+01,1.326436138153076172e+01,5.687337875366210938e+00,5.687337875366210938e+00,5.154962062835693359e+00,6.257828712463378906e+00,8.761842250823974609e-01,8.761842250823974609e-01,9.214700460433959961e-01,1.417860627174377441e+00,1.177543401718139648e+00,1.177543401718139648e+00,1.531346797943115234e+00,1.398178339004516602e+00,6.809601783752441406e+00,6.809601783752441406e+00,7.005002021789550781e+00,6.446235179901123047e+00,1.527947425842285156e+01,1.527947425842285156e+01,1.428335762023925781e+01,1.425042915344238281e+01
1.610000000000000000e+02,1.918864631652832031e+01,1.918864631652832031e+01,1.780362319946289062e+01,1.815534591674804688e+01,1.395281219482421875e+01,1.395281219482421875e+01,1.265191555023193359e+01,1.327877140045166016e+01,5.671956062316894531e+00,5.671956062316894531e+00,5.191994667053222656e+00,6.258173942565917969e+00,9.095419049263000488e-01,9.095419049263000488e-01,9.439240694046020508e-01,1.438961029052734375e+00,1.157502293586730957e+00,1.157502293586730957e+00,1.541094779968261719e+00,1.374618291854858398e+00,6.729856967926025391e+00,6.729856967926025391e+00,7.011708259582519531e+00,6.399487972259521484e+00,1.519495391845703125e+01,1.519495391845703125e+01,1.418846702575683594e+01,1.420346927642822266e+01
1.620000000000000000e+02,1.912072563171386719e+01,1.912072563171386719e+01,1.766749191284179688e+01,1.807826423645019531e+01,1.394861698150634766e+01,1.394861698150634766e+01,1.269994449615478516e+01,1.334101295471191406e+01,5.716644287109375000e+00,5.716644287109375000e+00,5.176127910614013672e+00,6.313412189483642578e+00,9.351940155029296875e-01,9.351940155029296875e-01,9.720845222473144531e-01,1.455556035041809082e+00,1.149738550186157227e+00,1.149738550186157227e+00,1.522090673446655273e+00,1.364057779312133789e+00,6.714460849761962891e+00,6.714460849761962891e+00,6.945313930511474609e+00,6.339443206787109375e+00,1.519005870819091797e+01,1.519005870819091797e+01,1.416298294067382812e+01,1.415645885467529297e+01
1.630000000000000000e+02,1.909067153930664062e+01,1.909067153930664062e+01,1.764747047424316406e+01,1.816581916809082031e+01,1.395334053039550781e+01,1.395334053039550781e+01,1.268394565582275391e+01,1.339882183074951172e+01,5.721642971038818359e+00,5.721642971038818359e+00,5.154509067535400391e+00,6.302259922027587891e+00,9.713534116744995117e-01,9.713534116744995117e-01,1.004120707511901855e+00,1.480768442153930664e+00,1.133624196052551270e+00,1.133624196052551270e+00,1.515165567398071289e+00,1.365131974220275879e+00,6.671404838562011719e+00,6.671404838562011719e+00,6.906256198883056641e+00,6.323821544647216797e+00,1.513812351226806641e+01,1.513812351226806641e+01,1.406500625610351562e+01,1.415535354614257812e+01
1.640000000000000000e+02,1.906815719604492188e+01,1.906815719604492188e+01,1.762496948242187500e+01,1.812573242187500000e+01,1.393069553375244141e+01,1.393069553375244141e+01,1.268186187744140625e+01,1.341712760925292969e+01,5.726664543151855469e+00,5.726664543151855469e+00,5.184522628784179688e+00,6.372516155242919922e+00,1.001603484153747559e+00,1.001603484153747559e+00,1.032724618911743164e+00,1.498372673988342285e+00,1.115860939025878906e+00,1.115860939025878906e+00,1.497859001159667969e+00,1.346692562103271484e+00,6.602932929992675781e+00,6.602932929992675781e+00,6.868719577789306641e+00,6.267209053039550781e+00,1.508006954193115234e+01,1.508006954193115234e+01,1.404028987884521484e+01,1.409632682800292969e+01
1.650000000000000000e+02,1.906426620483398438e+01,1.906426620483398438e+01,1.761312866210937500e+01,1.815086746215820312e+01,1.398956203460693359e+01,1.398956203460693359e+01,1.263754463195800781e+01,1.339293384552001953e+01,5.753520488739013672e+00,5.753520488739013672e+00,5.197754859924316406e+00,6.382697582244873047e+00,1.030580163002014160e+00,1.030580163002014160e+00,1.063072323799133301e+00,1.529313445091247559e+00,1.115980625152587891e+00,1.115980625152587891e+00,1.495322346687316895e+00,1.336741447448730469e+00,6.558768272399902344e+00,6.558768272399902344e+00,6.801346778869628906e+00,6.241786956787109375e+00,1.503669357299804688e+01,1.503669357299804688e+01,1.392534732818603516e+01,1.411887931823730469e+01
1.660000000000000000e+02,1.903596878051757812e+01,1.903596878051757812e+01,1.746604347229003906e+01,1.809101676940917969e+01,1.404836559295654297e+01,1.404836559295654297e+01,1.270319366455078125e+01,1.345199298858642578e+01,5.773680686950683594e+00,5.773680686950683594e+00,5.208307266235351562e+00,6.418777465820312500e+00,1.072010040283203125e+00,1.072010040283203125e+00,1.108447074890136719e+00,1.546454429626464844e+00,1.110861539840698242e+00,1.110861539840698242e+00,1.477845788002014160e+00,1.326646208763122559e+00,6.472414016723632812e+00,6.472414016723632812e+00,6.763394355773925781e+00,6.202672958374023438e+00,1.499141597747802734e+01,1.499141597747802734e+01,1.390260696411132812e+01,1.410931015014648438e+01
1.670000000000000000e+02,1.897969818115234375e+01,1.897969818115234375e+01,1.747538757324218750e+01,1.803421020507812500e+01,1.406089401245117188e+01,1.406089401245117188e+01,1.263661956787109375e+01,1.353923797607421875e+01,5.811661720275878906e+00,5.811661720275878906e+00,5.249969482421875000e+00,6.464118480682373047e+00,1.103725790977478027e+00,1.103725790977478027e+00,1.144552826881408691e+00,1.576580524444580078e+00,1.103223919868469238e+00,1.103223919868469238e+00,1.484999895095825195e+00,1.319868326187133789e+00,6.454685211181640625e+00,6.454685211181640625e+00,6.747916221618652344e+00,6.157296180725097656e+00,1.496574687957763672e+01,1.496574687957763672e+01,1.383144569396972656e+01,1.408557701110839844e+01
1.680000000000000000e+02,1.890862655639648438e+01,1.890862655639648438e+01,1.750749969482421875e+01,1.808617210388183594e+01,1.408502006530761719e+01,1.408502006530761719e+01,1.266494274139404297e+01,1.354937934875488281e+01,5.854283332824707031e+00,5.854283332824707031e+00,5.272338390350341797e+00,6.540128231048583984e+00,1.147670149803161621e+00,1.147670149803161621e+00,1.178284645080566406e+00,1.596282601356506348e+00,1.095272660255432129e+00,1.095272660255432129e+00,1.469632625579833984e+00,1.309023857116699219e+00,6.422981739044189453e+00,6.422981739044189453e+00,6.713491439819335938e+00,6.150820732116699219e+00,1.492793655395507812e+01,1.492793655395507812e+01,1.382196044921875000e+01,1.406932735443115234e+01
1.690000000000000000e+02,1.896931266784667969e+01,1.896931266784667969e+01,1.744298171997070312e+01,1.812199401855468750e+01,1.415796947479248047e+01,1.415796947479248047e+01,1.274467468261718750e+01,1.359639549255371094e+01,5.898698329925537109e+00,5.898698329925537109e+00,5.299310684204101562e+00,6.573750495910644531e+00,1.188086986541748047e+00,1.188086986541748047e+00,1.221865177154541016e+00,1.624473094940185547e+00,1.089970588684082031e+00,1.089970588684082031e+00,1.468806385993957520e+00,1.296276092529296875e+00,6.400465965270996094e+00,6.400465965270996094e+00,6.646039009094238281e+00,6.106595993041992188e+00,1.491605186462402344e+01,1.491605186462402344e+01,1.378352737426757812e+01,1.407834815979003906e+01
1.700000000000000000e+02,1.894873809814453125e+01,1.894873809814453125e+01,1.743616485595703125e+01,1.808562278747558594e+01,1.421630287170410156e+01,1.421630287170410156e+01,1.274101543426513672e+01,1.364553737640380859e+01,5.919122219085693359e+00,5.919122219085693359e+00,5.358514785766601562e+00,6.644347190856933594e+00,1.220573425292968750e+00,1.220573425292968750e+00,1.262929797172546387e+00,1.650130629539489746e+00,1.100002646446228027e+00,1.100002646446228027e+00,1.471589803695678711e+00,1.291218876838684082e+00,6.303514957427978516e+00,6.303514957427978516e+00,6.606293678283691406e+00,6.081743717193603516e+00,1.487903690338134766e+01,1.487903690338134766e+01,1.372412681579589844e+01,1.407626342773437500e+01
1.710000000000000000e+02,1.890945434570312500e+01,1.890945434570312500e+01,1.739697647094726562e+01,1.801049041748046875e+01,1.419956874847412109e+01,1.419956874847412109e+01,1.277780914306640625e+01,1.364453125000000000e+01,6.000654697418212891e+00,6.000654697418212891e+00,5.394368171691894531e+00,6.663482666015625000e+00,1.262687087059020996e+00,1.262687087059020996e+00,1.310854315757751465e+00,1.668838977813720703e+00,1.087353467941284180e+00,1.087353467941284180e+00,1.462038874626159668e+00,1.291345834732055664e+00,6.303040504455566406e+00,6.303040504455566406e+00,6.608205795288085938e+00,6.060196399688720703e+00,1.484857559204101562e+01,1.484857559204101562e+01,1.363947963714599609e+01,1.401128864288330078e+01
1.720000000000000000e+02,1.887435150146484375e+01,1.887435150146484375e+01,1.740603446960449219e+01,1.800814819335937500e+01,1.431534099578857422e+01,1.431534099578857422e+01,1.277985858917236328e+01,1.376890373229980469e+01,6.061087608337402344e+00,6.061087608337402344e+00,5.448204994201660156e+00,6.764795780181884766e+00,1.298493266105651855e+00,1.298493266105651855e+00,1.351553201675415039e+00,1.695106863975524902e+00,1.095495939254760742e+00,1.095495939254760742e+00,1.467213630676269531e+00,1.288016676902770996e+00,6.280927658081054688e+00,6.280927658081054688e+00,6.579588890075683594e+00,6.060451984405517578e+00,1.479204463958740234e+01,1.479204463958740234e+01,1.360314369201660156e+01,1.403231811523437500e+01
1.730000000000000000e+02,1.888138580322265625e+01,1.888138580322265625e+01,1.735993576049804688e+01,1.810967445373535156e+01,1.431870651245117188e+01,1.431870651245117188e+01,1.283449363708496094e+01,1.375071811676025391e+01,6.117499351501464844e+00,6.117499351501464844e+00,5.521718025207519531e+00,6.819744586944580078e+00,1.346210956573486328e+00,1.346210956573486328e+00,1.388293147087097168e+00,1.717100858688354492e+00,1.098875761032104492e+00,1.098875761032104492e+00,1.465122103691101074e+00,1.275665760040283203e+00,6.242661476135253906e+00,6.242661476135253906e+00,6.540240764617919922e+00,6.027318477630615234e+00,1.477654266357421875e+01,1.477654266357421875e+01,1.358735084533691406e+01,1.402523803710937500e+01
1.740000000000000000e+02,1.890760231018066406e+01,1.890760231018066406e+01,1.735475158691406250e+01,1.809443473815917969e+01,1.441921138763427734e+01,1.441921138763427734e+01,1.286627101898193359e+01,1.383993148803710938e+01,6.185214996337890625e+00,6.185214996337890625e+00,5.548542976379394531e+00,6.877160549163818359e+00,1.374625921249389648e+00,1.374625921249389648e+00,1.435604095458984375e+00,1.734873056411743164e+00,1.091637253761291504e+00,1.091637253761291504e+00,1.460901975631713867e+00,1.270299077033996582e+00,6.228154659271240234e+00,6.228154659271240234e+00,6.462997436523437500e+00,6.014653682708740234e+00,1.477187538146972656e+01,1.477187538146972656e+01,1.353786277770996094e+01,1.402936267852783203e+01
1.750000000000000000e+02,1.894182395935058594e+01,1.894182395935058594e+01,1.738169097900390625e+01,1.805086135864257812e+01,1.450113391876220703e+01,1.450113391876220703e+01,1.292925071716308594e+01,1.396408462524414062e+01,6.226967334747314453e+00,6.226967334747314453e+00,5.634297370910644531e+00,6.941689014434814453e+00,1.414335250854492188e+00,1.414335250854492188e+00,1.490143537521362305e+00,1.744791269302368164e+00,1.097658872604370117e+00,1.097658872604370117e+00,1.461635112762451172e+00,1.266741156578063965e+00,6.188504695892333984e+00,6.188504695892333984e+00,6.444698810577392578e+00,6.010631084442138672e+00,1.475335502624511719e+01,1.475335502624511719e+01,1.349406719207763672e+01,1.399336051940917969e+01
1.760000000000000000e+02,1.889587020874023438e+01,1.889587020874023438e+01,1.736023712158203125e+01,1.801326942443847656e+01,1.452383899688720703e+01,1.452383899688720703e+01,1.294147396087646484e+01,1.400073337554931641e+01,6.315707683563232422e+00,6.315707683563232422e+00,5.692046165466308594e+00,6.995262622833251953e+00,1.442463517189025879e+00,1.442463517189025879e+00,1.520694971084594727e+00,1.766298413276672363e+00,1.093692302703857422e+00,1.093692302703857422e+00,1.453842639923095703e+00,1.266784191131591797e+00,6.178606986999511719e+00,6.178606986999511719e+00,6.426085472106933594e+00,5.993947505950927734e+00,1.469454860687255859e+01,1.469454860687255859e+01,1.340544986724853516e+01,1.399202919006347656e+01
1.770000000000000000e+02,1.888582801818847656e+01,1.888582801818847656e+01,1.739735794067382812e+01,1.813203811645507812e+01,1.460193347930908203e+01,1.460193347930908203e+01,1.300703334808349609e+01,1.411869239807128906e+01,6.366650104522705078e+00,6.366650104522705078e+00,5.775835990905761719e+00,7.044621944427490234e+00,1.481423139572143555e+00,1.481423139572143555e+00,1.564945101737976074e+00,1.779922962188720703e+00,1.089121937751770020e+00,1.089121937751770020e+00,1.447356820106506348e+00,1.256802320480346680e+00,6.142554283142089844e+00,6.142554283142089844e+00,6.377194404602050781e+00,5.951371192932128906e+00,1.466989040374755859e+01,1.466989040374755859e+01,1.338666343688964844e+01,1.396289062500000000e+01
1.780000000000000000e+02,1.888093757629394531e+01,1.888093757629394531e+01,1.730289077758789062e+01,1.812081336975097656e+01,1.472969818115234375e+01,1.472969818115234375e+01,1.306069469451904297e+01,1.417058181762695312e+01,6.467098236083984375e+00,6.467098236083984375e+00,5.838565349578857422e+00,7.085659503936767578e+00,1.509660243988037109e+00,1.509660243988037109e+00,1.610468029975891113e+00,1.792184829711914062e+00,1.096402525901794434e+00,1.096402525901794434e+00,1.452282905578613281e+00,1.236045360565185547e+00,6.134993076324462891e+00,6.134993076324462891e+00,6.321703910827636719e+00,5.970038414001464844e+00,1.467422866821289062e+01,1.467422866821289062e+01,1.337333106994628906e+01,1.401005268096923828e+01
1.790000000000000000e+02,1.890442085266113281e+01,1.890442085266113281e+01,1.741191291809082031e+01,1.809691810607910156e+01,1.479181671142578125e+01,1.479181671142578125e+01,1.312942314147949219e+01,1.426767158508300781e+01,6.520697593688964844e+00,6.520697593688964844e+00,5.933424949645996094e+00,7.174349784851074219e+00,1.535914063453674316e+00,1.535914063453674316e+00,1.649255871772766113e+00,1.795746207237243652e+00,1.088204264640808105e+00,1.088204264640808105e+00,1.444181084632873535e+00,1.235564231872558594e+00,6.089459419250488281e+00,6.089459419250488281e+00,6.330471038818359375e+00,5.963474273681640625e+00,1.459508132934570312e+01,1.459508132934570312e+01,1.332732677459716797e+01,1.400503349304199219e+01
1.800000000000000000e+02,1.893505668640136719e+01,1.893505668640136719e+01,1.740838623046875000e+01,1.809272766113281250e+01,1.482949256896972656e+01,1.482949256896972656e+01,1.317569923400878906e+01,1.423173332214355469e+01,6.613039970397949219e+00,6.613039970397949219e+00,5.965205192565917969e+00,7.192882537841796875e+00,1.564049839973449707e+00,1.564049839973449707e+00,1.686573743820190430e+00,1.794439673423767090e+00,1.087960362434387207e+00,1.087960362434387207e+00,1.444797277450561523e+00,1.221616744995117188e+00,6.085999488830566406e+00,6.085999488830566406e+00,6.299173355102539062e+00,5.963273048400878906e+00,1.460507774353027344e+01,1.460507774353027344e+01,1.324883270263671875e+01,1.395199298858642578e+01
1.810000000000000000e+02,1.894370841979980469e+01,1.894370841979980469e+01,1.745211982727050781e+01,1.819826507568359375e+01,1.494106769561767578e+01,1.494106769561767578e+01,1.325720500946044922e+01,1.438758754730224609e+01,6.680736541748046875e+00,6.680736541748046875e+00,6.069380283355712891e+00,7.254349708557128906e+00,1.580508589744567871e+00,1.580508589744567871e+00,1.726271986961364746e+00,1.799775958061218262e+00,1.087566137313842773e+00,1.087566137313842773e+00,1.437323093414306641e+00,1.221931815147399902e+00,6.057223320007324219e+00,6.057223320007324219e+00,6.256076335906982422e+00,5.953679084777832031e+00,1.453200531005859375e+01,1.453200531005859375e+01,1.315848350524902344e+01,1.392085170745849609e+01
1.820000000000000000e+02,1.900697708129882812e+01,1.900697708129882812e+01,1.744271659851074219e+01,1.814018249511718750e+01,1.503093624114990234e+01,1.503093624114990234e+01,1.333169841766357422e+01,1.445608329772949219e+01,6.791258335113525391e+00,6.791258335113525391e+00,6.171266555786132812e+00,7.347252845764160156e+00,1.590333700180053711e+00,1.590333700180053711e+00,1.756462097167968750e+00,1.806712269783020020e+00,1.077960133552551270e+00,1.077960133552551270e+00,1.419989943504333496e+00,1.207683205604553223e+00,6.066858768463134766e+00,6.066858768463134766e+00,6.242580413818359375e+00,5.971276283264160156e+00,1.445667457580566406e+01,1.445667457580566406e+01,1.310770606994628906e+01,1.392988586425781250e+01
1.830000000000000000e+02,1.893589401245117188e+01,1.893589401245117188e+01,1.749468040466308594e+01,1.822638702392578125e+01,1.514979457855224609e+01,1.514979457855224609e+01,1.341334819793701172e+01,1.456188964843750000e+01,6.871070384979248047e+00,6.871070384979248047e+00,6.261481761932373047e+00,7.393346309661865234e+00,1.618483662605285645e+00,1.618483662605285645e+00,1.787980675697326660e+00,1.813485264778137207e+00,1.077114224433898926e+00,1.077114224433898926e+00,1.428209900856018066e+00,1.210725665092468262e+00,6.027934551239013672e+00,6.027934551239013672e+00,6.194890975952148438e+00,5.955662727355957031e+00,1.446751880645751953e+01,1.446751880645751953e+01,1.309459686279296875e+01,1.385915660858154297e+01
1.840000000000000000e+02,1.902552795410156250e+01,1.902552795410156250e+01,1.751920509338378906e+01,1.826270103454589844e+01,1.523217773437500000e+01,1.523217773437500000e+01,1.348802566528320312e+01,1.464405059814453125e+01,6.938294410705566406e+00,6.938294410705566406e+00,6.332777023315429688e+00,7.452861785888671875e+00,1.629939794540405273e+00,1.629939794540405273e+00,1.823906779289245605e+00,1.802689313888549805e+00,1.069125056266784668e+00,1.069125056266784668e+00,1.417918682098388672e+00,1.201902627944946289e+00,6.028470039367675781e+00,6.028470039367675781e+00,6.161350250244140625e+00,5.955881595611572266e+00,1.441113471984863281e+01,1.441113471984863281e+01,1.301427745819091797e+01,1.389591312408447266e+01
1.850000000000000000e+02,1.906047821044921875e+01,1.906047821044921875e+01,1.753591537475585938e+01,1.831353378295898438e+01,1.529378986358642578e+01,1.529378986358642578e+01,1.353727722167968750e+01,1.469328498840332031e+01,7.071868896484375000e+00,7.071868896484375000e+00,6.430235862731933594e+00,7.512239933013916016e+00,1.649517774581909180e+00,1.649517774581909180e+00,1.844398617744445801e+00,1.806070923805236816e+00,1.061285376548767090e+00,1.061285376548767090e+00,1.406455278396606445e+00,1.201767444610595703e+00,6.038714408874511719e+00,6.038714408874511719e+00,6.152815341949462891e+00,5.962497711181640625e+00,1.443086433410644531e+01,1.443086433410644531e+01,1.298057270050048828e+01,1.388733482360839844e+01
1.860000000000000000e+02,1.914302444458007812e+01,1.914302444458007812e+01,1.750068283081054688e+01,1.834202957153320312e+01,1.531173610687255859e+01,1.531173610687255859e+01,1.367182350158691406e+01,1.468897914886474609e+01,7.179405689239501953e+00,7.179405689239501953e+00,6.541014671325683594e+00,7.594311237335205078e+00,1.661121845245361328e+00,1.661121845245361328e+00,1.881198048591613770e+00,1.798323631286621094e+00,1.056480407714843750e+00,1.056480407714843750e+00,1.399579286575317383e+00,1.186218261718750000e+00,6.039242267608642578e+00,6.039242267608642578e+00,6.104683876037597656e+00,5.973492622375488281e+00,1.437441253662109375e+01,1.437441253662109375e+01,1.287036800384521484e+01,1.390929794311523438e+01
1.870000000000000000e+02,1.919360733032226562e+01,1.919360733032226562e+01,1.758213996887207031e+01,1.836542510986328125e+01,1.549674034118652344e+01,1.549674034118652344e+01,1.371961021423339844e+01,1.482615089416503906e+01,7.288728237152099609e+00,7.288728237152099609e+00,6.672161102294921875e+00,7.671150207519531250e+00,1.669369459152221680e+00,1.669369459152221680e+00,1.923514008522033691e+00,1.783431768417358398e+00,1.050958991050720215e+00,1.050958991050720215e+00,1.389567017555236816e+00,1.172034978866577148e+00,6.043467521667480469e+00,6.043467521667480469e+00,6.085381507873535156e+00,5.978840827941894531e+00,1.432925128936767578e+01,1.432925128936767578e+01,1.285552310943603516e+01,1.387222480773925781e+01
1.880000000000000000e+02,1.918805694580078125e+01,1.918805694580078125e+01,1.759715652465820312e+01,1.837642478942871094e+01,1.553165435791015625e+01,1.553165435791015625e+01,1.384901714324951172e+01,1.493321037292480469e+01,7.399324893951416016e+00,7.399324893951416016e+00,6.759603500366210938e+00,7.697879314422607422e+00,1.674163103103637695e+00,1.674163103103637695e+00,1.948855280876159668e+00,1.772339820861816406e+00,1.029886484146118164e+00,1.029886484146118164e+00,1.376647472381591797e+00,1.169340014457702637e+00,6.040109634399414062e+00,6.040109634399414062e+00,6.060768604278564453e+00,5.961110591888427734e+00,1.429485321044921875e+01,1.429485321044921875e+01,1.287684059143066406e+01,1.388281631469726562e+01
1.890000000000000000e+02,1.920260047912597656e+01,1.920260047912597656e+01,1.764175987243652344e+01,1.841991043090820312e+01,1.560402870178222656e+01,1.560402870178222656e+01,1.387039375305175781e+01,1.507296466827392578e+01,7.497379302978515625e+00,7.497379302978515625e+00,6.875489234924316406e+00,7.796614170074462891e+00,1.666853904724121094e+00,1.666853904724121094e+00,1.966884374618530273e+00,1.752903938293457031e+00,1.023626685142517090e+00,1.023626685142517090e+00,1.372763633728027344e+00,1.166792631149291992e+00,6.043050289154052734e+00,6.043050289154052734e+00,6.014294624328613281e+00,6.013875484466552734e+00,1.423897838592529297e+01,1.423897838592529297e+01,1.279843521118164062e+01,1.383334541320800781e+01
1.900000000000000000e+02,1.931505966186523438e+01,1.931505966186523438e+01,1.770500564575195312e+01,1.847706413269042969e+01,1.573496055603027344e+01,1.573496055603027344e+01,1.394553565979003906e+01,1.509566688537597656e+01,7.577697753906250000e+00,7.577697753906250000e+00,6.971646785736083984e+00,7.789465427398681641e+00,1.671357512474060059e+00,1.671357512474060059e+00,2.001182794570922852e+00,1.732304215431213379e+00,1.018592119216918945e+00,1.018592119216918945e+00,1.359932422637939453e+00,1.156234860420227051e+00,6.046010017395019531e+00,6.046010017395019531e+00,5.997777938842773438e+00,6.010949134826660156e+00,1.424497604370117188e+01,1.424497604370117188e+01,1.272006034851074219e+01,1.381155681610107422e+01
1.910000000000000000e+02,1.938423728942871094e+01,1.938423728942871094e+01,1.777482604980468750e+01,1.849687576293945312e+01,1.588047218322753906e+01,1.588047218322753906e+01,1.406594657897949219e+01,1.512395763397216797e+01,7.671633243560791016e+00,7.671633243560791016e+00,7.059361934661865234e+00,7.894266128540039062e+00,1.665050268173217773e+00,1.665050268173217773e+00,2.011969327926635742e+00,1.701454877853393555e+00,1.010237097740173340e+00,1.010237097740173340e+00,1.354563117027282715e+00,1.151181459426879883e+00,6.048161029815673828e+00,6.048161029815673828e+00,5.982315540313720703e+00,6.014699459075927734e+00,1.418283939361572266e+01,1.418283939361572266e+01,1.274422073364257812e+01,1.377540206909179688e+01
1.920000000000000000e+02,1.942758941650390625e+01,1.942758941650390625e+01,1.784313201904296875e+01,1.856630897521972656e+01,1.592853450775146484e+01,1.592853450775146484e+01,1.420528602600097656e+01,1.525092315673828125e+01,7.786340236663818359e+00,7.786340236663818359e+00,7.179793834686279297e+00,7.953599452972412109e+00,1.658111810684204102e+00,1.658111810684204102e+00,2.038084745407104492e+00,1.690500497817993164e+00,9.942817687988281250e-01,9.942817687988281250e-01,1.333577275276184082e+00,1.145001769065856934e+00,6.071063518524169922e+00,6.071063518524169922e+00,5.964201927185058594e+00,6.044101715087890625e+00,1.414700794219970703e+01,1.414700794219970703e+01,1.262949848175048828e+01,1.382777309417724609e+01
1.930000000000000000e+02,1.949850845336914062e+01,1.949850845336914062e+01,1.789296340942382812e+01,1.855768013000488281e+01,1.605771446228027344e+01,1.605771446228027344e+01,1.423543548583984375e+01,1.533658885955810547e+01,7.847836971282958984e+00,7.847836971282958984e+00,7.281542301177978516e+00,7.976397037506103516e+00,1.650254249572753906e+00,1.650254249572753906e+00,2.042118549346923828e+00,1.656588196754455566e+00,9.941900968551635742e-01,9.941900968551635742e-01,1.323502779006958008e+00,1.130375027656555176e+00,6.043804645538330078e+00,6.043804645538330078e+00,5.954603195190429688e+00,6.086314201354980469e+00,1.413947391510009766e+01,1.413947391510009766e+01,1.260316658020019531e+01,1.379056167602539062e+01
1.940000000000000000e+02,1.952259635925292969e+01,1.952259635925292969e+01,1.798632812500000000e+01,1.866092872619628906e+01,1.613397026062011719e+01,1.613397026062011719e+01,1.434860897064208984e+01,1.542907047271728516e+01,7.956773757934570312e+00,7.956773757934570312e+00,7.385160923004150391e+00,8.031165122985839844e+00,1.622299551963806152e+00,1.622299551963806152e+00,2.048402786254882812e+00,1.615647315979003906e+00,9.778343439102172852e-01,9.778343439102172852e-01,1.304504871368408203e+00,1.118007302284240723e+00,6.071191787719726562e+00,6.071191787719726562e+00,5.934893608093261719e+00,6.071999073028564453e+00,1.406220531463623047e+01,1.406220531463623047e+01,1.260602569580078125e+01,1.372997951507568359e+01
1.950000000000000000e+02,1.962416076660156250e+01,1.962416076660156250e+01,1.800572776794433594e+01,1.873389816284179688e+01,1.622378921508789062e+01,1.622378921508789062e+01,1.443083477020263672e+01,1.547939300537109375e+01,8.070232391357421875e+00,8.070232391357421875e+00,7.444672107696533203e+00,8.066701889038085938e+00,1.608221769332885742e+00,1.608221769332885742e+00,2.045128822326660156e+00,1.573548078536987305e+00,9.661307334899902344e-01,9.661307334899902344e-01,1.295931577682495117e+00,1.118965387344360352e+00,6.114543914794921875e+00,6.114543914794921875e+00,5.875460624694824219e+00,6.103647232055664062e+00,1.405379104614257812e+01,1.405379104614257812e+01,1.246654510498046875e+01,1.377665042877197266e+01
1.960000000000000000e+02,1.958472824096679688e+01,1.958472824096679688e+01,1.809741020202636719e+01,1.876960754394531250e+01,1.631339454650878906e+01,1.631339454650878906e+01,1.454052734375000000e+01,1.554536056518554688e+01,8.133575439453125000e+00,8.133575439453125000e+00,7.536660194396972656e+00,8.122642517089843750e+00,1.595149993896484375e+00,1.595149993896484375e+00,2.044651508331298828e+00,1.540127635002136230e+00,9.527730345726013184e-01,9.527730345726013184e-01,1.299687743186950684e+00,1.108376860618591309e+00,6.115162372589111328e+00,6.115162372589111328e+00,5.894036293029785156e+00,6.131676673889160156e+00,1.405864429473876953e+01,1.405864429473876953e+01,1.250773239135742188e+01,1.378232383728027344e+01
1.970000000000000000e+02,1.975497436523437500e+01,1.975497436523437500e+01,1.815836143493652344e+01,1.881666183471679688e+01,1.637257003784179688e+01,1.637257003784179688e+01,1.459060382843017578e+01,1.554443168640136719e+01,8.234884262084960938e+00,8.234884262084960938e+00,7.642469406127929688e+00,8.148741722106933594e+00,1.564555883407592773e+00,1.564555883407592773e+00,2.032499074935913086e+00,1.494777679443359375e+00,9.468076229095458984e-01,9.468076229095458984e-01,1.284679412841796875e+00,1.108587741851806641e+00,6.128262996673583984e+00,6.128262996673583984e+00,5.867815971374511719e+00,6.141496658325195312e+00,1.397919940948486328e+01,1.397919940948486328e+01,1.248589038848876953e+01,1.371597576141357422e+01
1.980000000000000000e+02,1.978686904907226562e+01,1.978686904907226562e+01,1.819080352783203125e+01,1.889846420288085938e+01,1.646065330505371094e+01,1.646065330505371094e+01,1.473292636871337891e+01,1.561830997467041016e+01,8.298872947692871094e+00,8.298872947692871094e+00,7.718125343322753906e+00,8.206223487854003906e+00,1.533327579498291016e+00,1.533327579498291016e+00,2.014129638671875000e+00,1.461157321929931641e+00,9.356712698936462402e-01,9.356712698936462402e-01,1.274907588958740234e+00,1.095032811164855957e+00,6.125111579895019531e+00,6.125111579895019531e+00,5.822185039520263672e+00,6.184410095214843750e+00,1.398946666717529297e+01,1.398946666717529297e+01,1.242267990112304688e+01,1.371408557891845703e+01
1.990000000000000000e+02,1.995892906188964844e+01,1.995892906188964844e+01,1.828805732727050781e+01,1.898135757446289062e+01,1.660096549987792969e+01,1.660096549987792969e+01,1.481862068176269531e+01,1.579516601562500000e+01,8.336761474609375000e+00,8.336761474609375000e+00,7.811127662658691406e+00,8.214414596557617188e+00,1.506648182868957520e+00,1.506648182868957520e+00,2.016490459442138672e+00,1.412452936172485352e+00,9.211018681526184082e-01,9.211018681526184082e-01,1.268817067146301270e+00,1.094820618629455566e+00,6.111128807067871094e+00,6.111128807067871094e+00,5.808267593383789062e+00,6.164041519165039062e+00,1.398559761047363281e+01,1.398559761047363281e+01,1.239138889312744141e+01,1.373610401153564453e+01
2.000000000000000000e+02,1.992719650268554688e+01,1.992719650268554688e+01,1.833781433105468750e+01,1.907314872741699219e+01,1.663241577148437500e+01,1.663241577148437500e+01,1.486493206024169922e+01,1.584657478332519531e+01,8.428054809570312500e+00,8.428054809570312500e+00,7.858559131622314453e+00,8.256772994995117188e+00,1.477293491363525391e+00,1.477293491363525391e+00,2.000215053558349609e+00,1.373959541320800781e+00,9.122641682624816895e-01,9.122641682624816895e-01,1.259502172470092773e+00,1.080375909805297852e+00,6.146288871765136719e+00,6.146288871765136719e+00,5.821509361267089844e+00,6.220856666564941406e+00,1.396741771697998047e+01,1.396741771697998047e+01,1.240582370758056641e+01,1.375834655761718750e+01
2.010000000000000000e+02,2.002037429809570312e+01,2.002037429809570312e+01,1.847891807556152344e+01,1.912362480163574219e+01,1.674946594238281250e+01,1.674946594238281250e+01,1.497886276245117188e+01,1.592572593688964844e+01,8.498397827148437500e+00,8.498397827148437500e+00,7.927772521972656250e+00,8.267808914184570312e+00,1.436171770095825195e+00,1.436171770095825195e+00,1.975636243820190430e+00,1.332876324653625488e+00,8.964536190032958984e-01,8.964536190032958984e-01,1.248953342437744141e+00,1.080303311347961426e+00,6.151204109191894531e+00,6.151204109191894531e+00,5.831194877624511719e+00,6.196361064910888672e+00,1.398680877685546875e+01,1.398680877685546875e+01,1.236729431152343750e+01,1.376642608642578125e+01
2.020000000000000000e+02,2.017410278320312500e+01,2.017410278320312500e+01,1.855116081237792969e+01,1.919172859191894531e+01,1.684456253051757812e+01,1.684456253051757812e+01,1.494895744323730469e+01,1.595995903015136719e+01,8.529939651489257812e+00,8.529939651489257812e+00,8.012125015258789062e+00,8.275752067565917969e+00,1.405033111572265625e+00,1.405033111572265625e+00,1.963513612747192383e+00,1.283389091491699219e+00,8.851467370986938477e-01,8.851467370986938477e-01,1.239014267921447754e+00,1.070093154907226562e+00,6.137915611267089844e+00,6.137915611267089844e+00,5.794224739074707031e+00,6.238003253936767578e+00,1.398348140716552734e+01,1.398348140716552734e+01,1.235991668701171875e+01,1.368430995941162109e+01
2.030000000000000000e+02,2.011314010620117188e+01,2.011314010620117188e+01,1.861727142333984375e+01,1.921607017517089844e+01,1.691131210327148438e+01,1.691131210327148438e+01,1.514712810516357422e+01,1.605903053283691406e+01,8.574112892150878906e+00,8.574112892150878906e+00,8.068874359130859375e+00,8.296841621398925781e+00,1.368901252746582031e+00,1.368901252746582031e+00,1.934676051139831543e+00,1.234753727912902832e+00,8.718993663787841797e-01,8.718993663787841797e-01,1.234219193458557129e+00,1.050171375274658203e+00,6.146349430084228516e+00,6.146349430084228516e+00,5.770867347717285156e+00,6.272424697875976562e+00,1.396386623382568359e+01,1.396386623382568359e+01,1.232110691070556641e+01,1.373927974700927734e+01
2.040000000000000000e+02,2.025058937072753906e+01,2.025058937072753906e+01,1.873593139648437500e+01,1.937209129333496094e+01,1.698312568664550781e+01,1.698312568664550781e+01,1.517270660400390625e+01,1.604330825805664062e+01,8.612165451049804688e+00,8.612165451049804688e+00,8.127578735351562500e+00,8.311123847961425781e+00,1.323376893997192383e+00,1.323376893997192383e+00,1.909708499908447266e+00,1.194867014884948730e+00,8.586968779563903809e-01,8.586968779563903809e-01,1.221117973327636719e+00,1.047191977500915527e+00,6.140712738037109375e+00,6.140712738037109375e+00,5.747873306274414062e+00,6.274294376373291016e+00,1.397206878662109375e+01,1.397206878662109375e+01,1.237282657623291016e+01,1.370779609680175781e+01
2.050000000000000000e+02,2.041715240478515625e+01,2.041715240478515625e+01,1.881039810180664062e+01,1.944637489318847656e+01,1.701655197143554688e+01,1.701655197143554688e+01,1.518411922454833984e+01,1.618956184387207031e+01,8.675714492797851562e+00,8.675714492797851562e+00,8.189768791198730469e+00,8.339052200317382812e+00,1.280102610588073730e+00,1.280102610588073730e+00,1.872804522514343262e+00,1.162181854248046875e+00,8.436332941055297852e-01,8.436332941055297852e-01,1.211646676063537598e+00,1.041022181510925293e+00,6.172313213348388672e+00,6.172313213348388672e+00,5.752398014068603516e+00,6.319558143615722656e+00,1.395099925994873047e+01,1.395099925994873047e+01,1.236254787445068359e+01,1.370610904693603516e+01
2.060000000000000000e+02,2.046893882751464844e+01,2.046893882751464844e+01,1.887436103820800781e+01,1.949152755737304688e+01,1.705471611022949219e+01,1.705471611022949219e+01,1.531407833099365234e+01,1.622641944885253906e+01,8.707822799682617188e+00,8.707822799682617188e+00,8.231847763061523438e+00,8.337028503417968750e+00,1.243540406227111816e+00,1.243540406227111816e+00,1.848066926002502441e+00,1.125265598297119141e+00,8.232992887496948242e-01,8.232992887496948242e-01,1.207809925079345703e+00,1.033924818038940430e+00,6.174841403961181641e+00,6.174841403961181641e+00,5.704167366027832031e+00,6.323546409606933594e+00,1.396902942657470703e+01,1.396902942657470703e+01,1.237054443359375000e+01,1.366674423217773438e+01
2.070000000000000000e+02,2.058348083496093750e+01,2.058348083496093750e+01,1.898914718627929688e+01,1.954005050659179688e+01,1.716779518127441406e+01,1.716779518127441406e+01,1.536876678466796875e+01,1.633951187133789062e+01,8.724565505981445312e+00,8.724565505981445312e+00,8.272763252258300781e+00,8.320703506469726562e+00,1.204702377319335938e+00,1.204702377319335938e+00,1.808147192001342773e+00,1.077534794807434082e+00,8.186473250389099121e-01,8.186473250389099121e-01,1.195467710494995117e+00,1.013226270675659180e+00,6.173166751861572266e+00,6.173166751861572266e+00,5.711272239685058594e+00,6.332928657531738281e+00,1.395949935913085938e+01,1.395949935913085938e+01,1.236980438232421875e+01,1.366027164459228516e+01
2.080000000000000000e+02,2.067725563049316406e+01,2.067725563049316406e+01,1.909714698791503906e+01,1.966755104064941406e+01,1.724680900573730469e+01,1.724680900573730469e+01,1.545469284057617188e+01,1.629405212402343750e+01,8.767653465270996094e+00,8.767653465270996094e+00,8.342044830322265625e+00,8.323515892028808594e+00,1.160988450050354004e+00,1.160988450050354004e+00,1.785730481147766113e+00,1.062261223793029785e+00,8.091555833816528320e-01,8.091555833816528320e-01,1.186843991279602051e+00,1.023597478866577148e+00,6.170838832855224609e+00,6.170838832855224609e+00,5.696872711181640625e+00,6.363739013671875000e+00,1.395160007476806641e+01,1.395160007476806641e+01,1.239346694946289062e+01,1.362567806243896484e+01
2.090000000000000000e+02,2.071089553833007812e+01,2.071089553833007812e+01,1.918598556518554688e+01,1.972047042846679688e+01,1.732077026367187500e+01,1.732077026367187500e+01,1.556208419799804688e+01,1.642168998718261719e+01,8.726743698120117188e+00,8.726743698120117188e+00,8.371944427490234375e+00,8.284253120422363281e+00,1.139562726020812988e+00,1.139562726020812988e+00,1.745184063911437988e+00,1.025892734527587891e+00,8.022466897964477539e-01,8.022466897964477539e-01,1.181931972503662109e+00,1.021758794784545898e+00,6.140172958374023438e+00,6.140172958374023438e+00,5.680238723754882812e+00,6.339328765869140625e+00,1.397834587097167969e+01,1.397834587097167969e+01,1.241738128662109375e+01,1.375898742675781250e+01
2.100000000000000000e+02,2.083673858642578125e+01,2.083673858642578125e+01,1.928321647644042969e+01,1.983042907714843750e+01,1.732439231872558594e+01,1.732439231872558594e+01,1.567033576965332031e+01,1.637488555908203125e+01,8.761746406555175781e+00,8.761746406555175781e+00,8.387987136840820312e+00,8.302943229675292969e+00,1.101924180984497070e+00,1.101924180984497070e+00,1.709311008453369141e+00,1.002603173255920410e+00,7.956898212432861328e-01,7.956898212432861328e-01,1.178038835525512695e+00,1.015892386436462402e+00,6.147456169128417969e+00,6.147456169128417969e+00,5.649097442626953125e+00,6.378605842590332031e+00,1.402786445617675781e+01,1.402786445617675781e+01,1.244519042968750000e+01,1.364125156402587891e+01
2.110000000000000000e+02,2.097013473510742188e+01,2.097013473510742188e+01,1.933148193359375000e+01,1.978164672851562500e+01,1.739900207519531250e+01,1.739900207519531250e+01,1.565182971954345703e+01,1.642794036865234375e+01,8.765781402587890625e+00,8.765781402587890625e+00,8.431865692138671875e+00,8.271504402160644531e+00,1.071659684181213379e+00,1.071659684181213379e+00,1.669180512428283691e+00,9.877091050148010254e-01,7.841549515724182129e-01,7.841549515724182129e-01,1.167203783988952637e+00,1.015409827232360840e+00,6.163040161132812500e+00,6.163040161132812500e+00,5.628928184509277344e+00,6.396920204162597656e+00,1.405938434600830078e+01,1.405938434600830078e+01,1.251720333099365234e+01,1.372864532470703125e+01
2.120000000000000000e+02,2.104825973510742188e+01,2.104825973510742188e+01,1.942495536804199219e+01,1.997634696960449219e+01,1.749279975891113281e+01,1.749279975891113281e+01,1.579613304138183594e+01,1.651789855957031250e+01,8.770632743835449219e+00,8.770632743835449219e+00,8.469742774963378906e+00,8.253097534179687500e+00,1.040623903274536133e+00,1.040623903274536133e+00,1.629841923713684082e+00,9.508188366889953613e-01,7.858433127403259277e-01,7.858433127403259277e-01,1.166965126991271973e+00,1.014353752136230469e+00,6.148666858673095703e+00,6.148666858673095703e+00,5.601147651672363281e+00,6.420254707336425781e+00,1.410343551635742188e+01,1.410343551635742188e+01,1.256053447723388672e+01,1.374095249176025391e+01
2.130000000000000000e+02,2.105654907226562500e+01,2.105654907226562500e+01,1.957758140563964844e+01,2.004118919372558594e+01,1.751407241821289062e+01,1.751407241821289062e+01,1.585894584655761719e+01,1.658395767211914062e+01,8.765297889709472656e+00,8.765297889709472656e+00,8.478817939758300781e+00,8.213985443115234375e+00,9.998850226402282715e-01,9.998850226402282715e-01,1.587249755859375000e+00,9.385632872581481934e-01,7.769951820373535156e-01,7.769951820373535156e-01,1.162881374359130859e+00,1.027521371841430664e+00,6.157207965850830078e+00,6.157207965850830078e+00,5.621047973632812500e+00,6.446794509887695312e+00,1.405084228515625000e+01,1.405084228515625000e+01,1.253567409515380859e+01,1.379675292968750000e+01
2.140000000000000000e+02,2.121223831176757812e+01,2.121223831176757812e+01,1.954602622985839844e+01,2.005104064941406250e+01,1.762799453735351562e+01,1.762799453735351562e+01,1.587320232391357422e+01,1.660387420654296875e+01,8.780193328857421875e+00,8.780193328857421875e+00,8.489680290222167969e+00,8.193449974060058594e+00,9.818122386932373047e-01,9.818122386932373047e-01,1.547775030136108398e+00,9.251411557197570801e-01,7.808810472488403320e-01,7.808810472488403320e-01,1.149542927742004395e+00,1.025301218032836914e+00,6.169971942901611328e+00,6.169971942901611328e+00,5.598515510559082031e+00,6.440116405487060547e+00,1.416036796569824219e+01,1.416036796569824219e+01,1.264900779724121094e+01,1.378144741058349609e+01
2.150000000000000000e+02,2.132145690917968750e+01,2.132145690917968750e+01,1.968534660339355469e+01,2.017758178710937500e+01,1.760583114624023438e+01,1.760583114624023438e+01,1.601204490661621094e+01,1.668323135375976562e+01,8.737720489501953125e+00,8.737720489501953125e+00,8.474243164062500000e+00,8.131044387817382812e+00,9.542839527130126953e-01,9.542839527130126953e-01,1.505066514015197754e+00,9.087215662002563477e-01,7.748999595642089844e-01,7.748999595642089844e-01,1.153641819953918457e+00,1.035982370376586914e+00,6.152537345886230469e+00,6.152537345886230469e+00,5.582400321960449219e+00,6.453269958496093750e+00,1.421750068664550781e+01,1.421750068664550781e+01,1.271800327301025391e+01,1.379389190673828125e+01
2.160000000000000000e+02,2.135050010681152344e+01,2.135050010681152344e+01,1.980862998962402344e+01,2.023253059387207031e+01,1.773920631408691406e+01,1.773920631408691406e+01,1.605924797058105469e+01,1.666907501220703125e+01,8.717182159423828125e+00,8.717182159423828125e+00,8.486808776855468750e+00,8.109403610229492188e+00,9.355069994926452637e-01,9.355069994926452637e-01,1.448869705200195312e+00,8.918297886848449707e-01,7.777881026268005371e-01,7.777881026268005371e-01,1.153966665267944336e+00,1.040971517562866211e+00,6.151142120361328125e+00,6.151142120361328125e+00,5.569642066955566406e+00,6.462127208709716797e+00,1.424288177490234375e+01,1.424288177490234375e+01,1.279442310333251953e+01,1.375130748748779297e+01
2.170000000000000000e+02,2.151032447814941406e+01,2.151032447814941406e+01,1.987880134582519531e+01,2.032470703125000000e+01,1.772678756713867188e+01,1.772678756713867188e+01,1.610032653808593750e+01,1.677606773376464844e+01,8.701548576354980469e+00,8.701548576354980469e+00,8.492888450622558594e+00,8.066685676574707031e+00,9.162523150444030762e-01,9.162523150444030762e-01,1.427820205688476562e+00,8.932273983955383301e-01,7.822382450103759766e-01,7.822382450103759766e-01,1.148910641670227051e+00,1.057456135749816895e+00,6.130426406860351562e+00,6.130426406860351562e+00,5.519379615783691406e+00,6.465942859649658203e+00,1.427227210998535156e+01,1.427227210998535156e+01,1.287309646606445312e+01,1.384691238403320312e+01
2.180000000000000000e+02,2.153684997558593750e+01,2.153684997558593750e+01,1.999034690856933594e+01,2.039021873474121094e+01,1.784188842773437500e+01,1.784188842773437500e+01,1.619783592224121094e+01,1.679312133789062500e+01,8.701391220092773438e+00,8.701391220092773438e+00,8.471967697143554688e+00,8.015965461730957031e+00,9.019221663475036621e-01,9.019221663475036621e-01,1.386248111724853516e+00,8.888669013977050781e-01,7.836300730705261230e-01,7.836300730705261230e-01,1.148644566535949707e+00,1.060435295104980469e+00,6.150166511535644531e+00,6.150166511535644531e+00,5.522053241729736328e+00,6.490777969360351562e+00,1.436394977569580078e+01,1.436394977569580078e+01,1.290374183654785156e+01,1.391584873199462891e+01
2.190000000000000000e+02,2.166920089721679688e+01,2.166920089721679688e+01,2.009171295166015625e+01,2.043400001525878906e+01,1.790232849121093750e+01,1.790232849121093750e+01,1.620352745056152344e+01,1.680818748474121094e+01,8.674496650695800781e+00,8.674496650695800781e+00,8.483054161071777344e+00,7.978183746337890625e+00,8.852052688598632812e-01,8.852052688598632812e-01,1.347798109054565430e+00,8.861369490623474121e-01,7.813029885292053223e-01,7.813029885292053223e-01,1.139233350753784180e+00,1.079347372055053711e+00,6.143132686614990234e+00,6.143132686614990234e+00,5.503733634948730469e+00,6.486124992370605469e+00,1.444252204895019531e+01,1.444252204895019531e+01,1.297827243804931641e+01,1.395504379272460938e+01
2.200000000000000000e+02,2.173929023742675781e+01,2.173929023742675781e+01,2.012240219116210938e+01,2.059532546997070312e+01,1.794772338867187500e+01,1.794772338867187500e+01,1.629497528076171875e+01,1.685469055175781250e+01,8.642945289611816406e+00,8.642945289611816406e+00,8.513647079467773438e+00,7.899814605712890625e+00,8.725876808166503906e-01,8.725876808166503906e-01,1.327293395996093750e+00,8.920032382011413574e-01,7.840782999992370605e-01,7.840782999992370605e-01,1.140204429626464844e+00,1.087604522705078125e+00,6.142275810241699219e+00,6.142275810241699219e+00,5.474549293518066406e+00,6.468124389648437500e+00,1.452093982696533203e+01,1.452093982696533203e+01,1.309025859832763672e+01,1.398232078552246094e+01
2.210000000000000000e+02,2.179217910766601562e+01,2.179217910766601562e+01,2.026321411132812500e+01,2.060430908203125000e+01,1.797643280029296875e+01,1.797643280029296875e+01,1.634193801879882812e+01,1.689370918273925781e+01,8.593460083007812500e+00,8.593460083007812500e+00,8.482357978820800781e+00,7.883222103118896484e+00,8.659236431121826172e-01,8.659236431121826172e-01,1.301973342895507812e+00,8.840425014495849609e-01,7.976051568984985352e-01,7.976051568984985352e-01,1.143151998519897461e+00,1.107930183410644531e+00,6.126981258392333984e+00,6.126981258392333984e+00,5.429757118225097656e+00,6.476599693298339844e+00,1.455959701538085938e+01,1.455959701538085938e+01,1.316432189941406250e+01,1.396700859069824219e+01
2.220000000000000000e+02,2.188888359069824219e+01,2.188888359069824219e+01,2.036079216003417969e+01,2.068802452087402344e+01,1.803783607482910156e+01,1.803783607482910156e+01,1.642434310913085938e+01,1.690520668029785156e+01,8.588319778442382812e+00,8.588319778442382812e+00,8.474177360534667969e+00,7.843822002410888672e+00,8.613582253456115723e-01,8.613582253456115723e-01,1.264232635498046875e+00,9.018611907958984375e-01,8.023838996887207031e-01,8.023838996887207031e-01,1.135983467102050781e+00,1.098302483558654785e+00,6.114964008331298828e+00,6.114964008331298828e+00,5.440642356872558594e+00,6.492284774780273438e+00,1.461581134796142578e+01,1.461581134796142578e+01,1.323188972473144531e+01,1.406431198120117188e+01
2.230000000000000000e+02,2.203743362426757812e+01,2.203743362426757812e+01,2.044024085998535156e+01,2.081925010681152344e+01,1.806002044677734375e+01,1.806002044677734375e+01,1.647913932800292969e+01,1.691433334350585938e+01,8.564014434814453125e+00,8.564014434814453125e+00,8.442547798156738281e+00,7.802033424377441406e+00,8.602397441864013672e-01,8.602397441864013672e-01,1.247562527656555176e+00,9.093791246414184570e-01,8.180566430091857910e-01,8.180566430091857910e-01,1.130984067916870117e+00,1.123377084732055664e+00,6.128193855285644531e+00,6.128193855285644531e+00,5.435093879699707031e+00,6.516296386718750000e+00,1.469822502136230469e+01,1.469822502136230469e+01,1.331580352783203125e+01,1.402574062347412109e+01
2.240000000000000000e+02,2.212397193908691406e+01,2.212397193908691406e+01,2.047655487060546875e+01,2.080734443664550781e+01,1.816883087158203125e+01,1.816883087158203125e+01,1.655695724487304688e+01,1.699289321899414062e+01,8.519995689392089844e+00,8.519995689392089844e+00,8.452955245971679688e+00,7.730119228363037109e+00,8.636921644210815430e-01,8.636921644210815430e-01,1.233251690864562988e+00,9.346862435340881348e-01,8.129013776779174805e-01,8.129013776779174805e-01,1.135468840599060059e+00,1.141584038734436035e+00,6.114274501800537109e+00,6.114274501800537109e+00,5.411892890930175781e+00,6.510652542114257812e+00,1.475465679168701172e+01,1.475465679168701172e+01,1.343074131011962891e+01,1.411007976531982422e+01
2.250000000000000000e+02,2.212872886657714844e+01,2.212872886657714844e+01,2.058434486389160156e+01,2.100772285461425781e+01,1.822418212890625000e+01,1.822418212890625000e+01,1.653473854064941406e+01,1.693978309631347656e+01,8.507179260253906250e+00,8.507179260253906250e+00,8.434199333190917969e+00,7.687740325927734375e+00,8.643535971641540527e-01,8.643535971641540527e-01,1.215782642364501953e+00,9.459213614463806152e-01,8.309355378150939941e-01,8.309355378150939941e-01,1.127057313919067383e+00,1.168191552162170410e+00,6.109486579895019531e+00,6.109486579895019531e+00,5.368184089660644531e+00,6.479473114013671875e+00,1.485739898681640625e+01,1.485739898681640625e+01,1.352887153625488281e+01,1.410962486267089844e+01
2.260000000000000000e+02,2.226389503479003906e+01,2.226389503479003906e+01,2.060165023803710938e+01,2.093805694580078125e+01,1.824443244934082031e+01,1.824443244934082031e+01,1.664305305480957031e+01,1.700093841552734375e+01,8.464455604553222656e+00,8.464455604553222656e+00,8.421590805053710938e+00,7.622096061706542969e+00,8.772156834602355957e-01,8.772156834602355957e-01,1.193467140197753906e+00,9.782322645187377930e-01,8.514775037765502930e-01,8.514775037765502930e-01,1.137857437133789062e+00,1.181030035018920898e+00,6.070028305053710938e+00,6.070028305053710938e+00,5.329434871673583984e+00,6.483206748962402344e+00,1.495119380950927734e+01,1.495119380950927734e+01,1.362063026428222656e+01,1.422220420837402344e+01
2.270000000000000000e+02,2.235682868957519531e+01,2.235682868957519531e+01,2.070179176330566406e+01,2.111972236633300781e+01,1.833751869201660156e+01,1.833751869201660156e+01,1.673428726196289062e+01,1.711344528198242188e+01,8.388685226440429688e+00,8.388685226440429688e+00,8.372465133666992188e+00,7.598045825958251953e+00,8.780190944671630859e-01,8.780190944671630859e-01,1.180384993553161621e+00,1.008881568908691406e+00,8.658892512321472168e-01,8.658892512321472168e-01,1.136873245239257812e+00,1.207077503204345703e+00,6.024411201477050781e+00,6.024411201477050781e+00,5.322767257690429688e+00,6.487717628479003906e+00,1.503938102722167969e+01,1.503938102722167969e+01,1.369204711914062500e+01,1.426788711547851562e+01
2.280000000000000000e+02,2.247331619262695312e+01,2.247331619262695312e+01,2.077375411987304688e+01,2.119157600402832031e+01,1.836200904846191406e+01,1.836200904846191406e+01,1.677968215942382812e+01,1.713218688964843750e+01,8.368431091308593750e+00,8.368431091308593750e+00,8.364848136901855469e+00,7.562819480895996094e+00,8.787775635719299316e-01,8.787775635719299316e-01,1.171331167221069336e+00,1.039914965629577637e+00,8.746188282966613770e-01,8.746188282966613770e-01,1.131916880607604980e+00,1.224136352539062500e+00,6.042310714721679688e+00,6.042310714721679688e+00,5.314446449279785156e+00,6.451460361480712891e+00,1.504524517059326172e+01,1.504524517059326172e+01,1.378849792480468750e+01,1.426810359954833984e+01
2.290000000000000000e+02,2.254533958435058594e+01,2.254533958435058594e+01,2.094947052001953125e+01,2.130092620849609375e+01,1.835748291015625000e+01,1.835748291015625000e+01,1.685153961181640625e+01,1.715085983276367188e+01,8.329159736633300781e+00,8.329159736633300781e+00,8.353691101074218750e+00,7.498924255371093750e+00,9.033938646316528320e-01,9.033938646316528320e-01,1.159282922744750977e+00,1.071948528289794922e+00,8.970969319343566895e-01,8.970969319343566895e-01,1.126372218132019043e+00,1.237003326416015625e+00,6.012754917144775391e+00,6.012754917144775391e+00,5.270241260528564453e+00,6.476617813110351562e+00,1.518398857116699219e+01,1.518398857116699219e+01,1.390546607971191406e+01,1.435764026641845703e+01
2.300000000000000000e+02,2.257680511474609375e+01,2.257680511474609375e+01,2.093418884277343750e+01,2.130829620361328125e+01,1.850231933593750000e+01,1.850231933593750000e+01,1.687081146240234375e+01,1.716854667663574219e+01,8.307742118835449219e+00,8.307742118835449219e+00,8.277877807617187500e+00,7.484705924987792969e+00,9.160501360893249512e-01,9.160501360893249512e-01,1.138186454772949219e+00,1.102280497550964355e+00,9.149043560028076172e-01,9.149043560028076172e-01,1.138768672943115234e+00,1.260551929473876953e+00,6.013132572174072266e+00,6.013132572174072266e+00,5.252956390380859375e+00,6.472185611724853516e+00,1.527610015869140625e+01,1.527610015869140625e+01,1.401820468902587891e+01,1.439780044555664062e+01
2.310000000000000000e+02,2.258320999145507812e+01,2.258320999145507812e+01,2.104348754882812500e+01,2.139020156860351562e+01,1.850155448913574219e+01,1.850155448913574219e+01,1.697156906127929688e+01,1.722867584228515625e+01,8.253545761108398438e+00,8.253545761108398438e+00,8.240298271179199219e+00,7.428441524505615234e+00,9.433288574218750000e-01,9.433288574218750000e-01,1.131421923637390137e+00,1.142034053802490234e+00,9.338520765304565430e-01,9.338520765304565430e-01,1.129250526428222656e+00,1.290736436843872070e+00,5.986586570739746094e+00,5.986586570739746094e+00,5.190968036651611328e+00,6.468366146087646484e+00,1.539669418334960938e+01,1.539669418334960938e+01,1.404428672790527344e+01,1.446795463562011719e+01
2.320000000000000000e+02,2.273288345336914062e+01,2.273288345336914062e+01,2.108706283569335938e+01,2.141173171997070312e+01,1.864838409423828125e+01,1.864838409423828125e+01,1.706511306762695312e+01,1.730275726318359375e+01,8.192134857177734375e+00,8.192134857177734375e+00,8.287061691284179688e+00,7.373284816741943359e+00,9.755120277404785156e-01,9.755120277404785156e-01,1.099532246589660645e+00,1.187978982925415039e+00,9.500188827514648438e-01,9.500188827514648438e-01,1.128814935684204102e+00,1.304910302162170410e+00,5.950230121612548828e+00,5.950230121612548828e+00,5.210887908935546875e+00,6.448977947235107422e+00,1.551311492919921875e+01,1.551311492919921875e+01,1.419028759002685547e+01,1.452602767944335938e+01
2.330000000000000000e+02,2.275420188903808594e+01,2.275420188903808594e+01,2.120848464965820312e+01,2.151735877990722656e+01,1.869620895385742188e+01,1.869620895385742188e+01,1.705432891845703125e+01,1.725464057922363281e+01,8.173063278198242188e+00,8.173063278198242188e+00,8.243162155151367188e+00,7.339641571044921875e+00,9.989792108535766602e-01,9.989792108535766602e-01,1.104121088981628418e+00,1.222335219383239746e+00,9.710692763328552246e-01,9.710692763328552246e-01,1.128942251205444336e+00,1.324746012687683105e+00,5.938234806060791016e+00,5.938234806060791016e+00,5.193510532379150391e+00,6.451710224151611328e+00,1.556555366516113281e+01,1.556555366516113281e+01,1.432706642150878906e+01,1.461595726013183594e+01
2.340000000000000000e+02,2.282419204711914062e+01,2.282419204711914062e+01,2.126960372924804688e+01,2.158819580078125000e+01,1.874323654174804688e+01,1.874323654174804688e+01,1.712378883361816406e+01,1.736553382873535156e+01,8.102953910827636719e+00,8.102953910827636719e+00,8.169156074523925781e+00,7.291249752044677734e+00,1.023129224777221680e+00,1.023129224777221680e+00,1.089714884757995605e+00,1.262374877929687500e+00,9.909720420837402344e-01,9.909720420837402344e-01,1.121274471282958984e+00,1.353049278259277344e+00,5.894762516021728516e+00,5.894762516021728516e+00,5.161451816558837891e+00,6.442353725433349609e+00,1.565261077880859375e+01,1.565261077880859375e+01,1.441975307464599609e+01,1.458260154724121094e+01
2.350000000000000000e+02,2.295284652709960938e+01,2.295284652709960938e+01,2.132005119323730469e+01,2.167906188964843750e+01,1.875473022460937500e+01,1.875473022460937500e+01,1.718897247314453125e+01,1.731563377380371094e+01,8.076371192932128906e+00,8.076371192932128906e+00,8.184057235717773438e+00,7.259897232055664062e+00,1.050791025161743164e+00,1.050791025161743164e+00,1.088440060615539551e+00,1.298982858657836914e+00,1.005773663520812988e+00,1.005773663520812988e+00,1.121937751770019531e+00,1.372763395309448242e+00,5.900157928466796875e+00,5.900157928466796875e+00,5.092415809631347656e+00,6.424660682678222656e+00,1.577916812896728516e+01,1.577916812896728516e+01,1.452443122863769531e+01,1.467161655426025391e+01
2.360000000000000000e+02,2.308283996582031250e+01,2.308283996582031250e+01,2.139159774780273438e+01,2.171683883666992188e+01,1.880495834350585938e+01,1.880495834350585938e+01,1.718825721740722656e+01,1.737292861938476562e+01,8.014901161193847656e+00,8.014901161193847656e+00,8.101370811462402344e+00,7.197062492370605469e+00,1.064485549926757812e+00,1.064485549926757812e+00,1.077618479728698730e+00,1.336621284484863281e+00,1.019602775573730469e+00,1.019602775573730469e+00,1.124526262283325195e+00,1.393777251243591309e+00,5.871397495269775391e+00,5.871397495269775391e+00,5.120762348175048828e+00,6.420812129974365234e+00,1.587183475494384766e+01,1.587183475494384766e+01,1.458413696289062500e+01,1.475406455993652344e+01
2.370000000000000000e+02,2.311636734008789062e+01,2.311636734008789062e+01,2.148858833312988281e+01,2.180537605285644531e+01,1.886314010620117188e+01,1.886314010620117188e+01,1.729570960998535156e+01,1.746506881713867188e+01,7.959530830383300781e+00,7.959530830383300781e+00,8.091420173645019531e+00,7.182202339172363281e+00,1.086429953575134277e+00,1.086429953575134277e+00,1.069648027420043945e+00,1.378402829170227051e+00,1.042940855026245117e+00,1.042940855026245117e+00,1.120416998863220215e+00,1.418729066848754883e+00,5.847582817077636719e+00,5.847582817077636719e+00,5.065814971923828125e+00,6.422409057617187500e+00,1.597126388549804688e+01,1.597126388549804688e+01,1.472773742675781250e+01,1.487273979187011719e+01
2.380000000000000000e+02,2.320207405090332031e+01,2.320207405090332031e+01,2.147040367126464844e+01,2.193247222900390625e+01,1.886346435546875000e+01,1.886346435546875000e+01,1.732365798950195312e+01,1.743162536621093750e+01,7.909063339233398438e+00,7.909063339233398438e+00,8.015112876892089844e+00,7.120373725891113281e+00,1.099090218544006348e+00,1.099090218544006348e+00,1.057318210601806641e+00,1.407524466514587402e+00,1.059841513633728027e+00,1.059841513633728027e+00,1.122834444046020508e+00,1.444096326828002930e+00,5.833789348602294922e+00,5.833789348602294922e+00,5.034075260162353516e+00,6.400096893310546875e+00,1.604300498962402344e+01,1.604300498962402344e+01,1.482084274291992188e+01,1.488635158538818359e+01
2.390000000000000000e+02,2.320648384094238281e+01,2.320648384094238281e+01,2.155373573303222656e+01,2.200430488586425781e+01,1.893873596191406250e+01,1.893873596191406250e+01,1.737303543090820312e+01,1.747739982604980469e+01,7.822645664215087891e+00,7.822645664215087891e+00,7.987702369689941406e+00,7.058738708496093750e+00,1.108421564102172852e+00,1.108421564102172852e+00,1.042021870613098145e+00,1.443269371986389160e+00,1.065822005271911621e+00,1.065822005271911621e+00,1.117430448532104492e+00,1.453187108039855957e+00,5.797739028930664062e+00,5.797739028930664062e+00,5.037796020507812500e+00,6.370984077453613281e+00,1.612988471984863281e+01,1.612988471984863281e+01,1.490716075897216797e+01,1.495308971405029297e+01
2.400000000000000000e+02,2.332885932922363281e+01,2.332885932922363281e+01,2.158556747436523438e+01,2.207895469665527344e+01,1.896463012695312500e+01,1.896463012695312500e+01,1.731460189819335938e+01,1.744778060913085938e+01,7.784648418426513672e+00,7.784648418426513672e+00,7.908473014831542969e+00,6.997037887573242188e+00,1.127383470535278320e+00,1.127383470535278320e+00,1.038748741149902344e+00,1.478317737579345703e+00,1.092749834060668945e+00,1.092749834060668945e+00,1.111721754074096680e+00,1.463824987411499023e+00,5.777354240417480469e+00,5.777354240417480469e+00,4.984720230102539062e+00,6.353341579437255859e+00,1.623156738281250000e+01,1.623156738281250000e+01,1.500157070159912109e+01,1.501909065246582031e+01
2.410000000000000000e+02,2.339469528198242188e+01,2.339469528198242188e+01,2.169404983520507812e+01,2.214620590209960938e+01,1.901269721984863281e+01,1.901269721984863281e+01,1.736305046081542969e+01,1.749050712585449219e+01,7.739948749542236328e+00,7.739948749542236328e+00,7.858890533447265625e+00,6.954004287719726562e+00,1.128729104995727539e+00,1.128729104995727539e+00,1.008329391479492188e+00,1.511337637901306152e+00,1.094571709632873535e+00,1.094571709632873535e+00,1.110000848770141602e+00,1.487140893936157227e+00,5.782832145690917969e+00,5.782832145690917969e+00,4.995667457580566406e+00,6.345629692077636719e+00,1.627090835571289062e+01,1.627090835571289062e+01,1.510676574707031250e+01,1.508399772644042969e+01
2.420000000000000000e+02,2.341600227355957031e+01,2.341600227355957031e+01,2.178592681884765625e+01,2.219008827209472656e+01,1.904918289184570312e+01,1.904918289184570312e+01,1.741469764709472656e+01,1.749819374084472656e+01,7.642430782318115234e+00,7.642430782318115234e+00,7.772551536560058594e+00,6.877709388732910156e+00,1.142165422439575195e+00,1.142165422439575195e+00,1.014037728309631348e+00,1.516548037528991699e+00,1.108980894088745117e+00,1.108980894088745117e+00,1.109203457832336426e+00,1.490285992622375488e+00,5.735654830932617188e+00,5.735654830932617188e+00,4.974122047424316406e+00,6.276954174041748047e+00,1.643315315246582031e+01,1.643315315246582031e+01,1.519281005859375000e+01,1.522613239288330078e+01
2.430000000000000000e+02,2.345485305786132812e+01,2.345485305786132812e+01,2.181032562255859375e+01,2.226287078857421875e+01,1.900902366638183594e+01,1.900902366638183594e+01,1.742664146423339844e+01,1.753365325927734375e+01,7.567206382751464844e+00,7.567206382751464844e+00,7.684188365936279297e+00,6.851249694824218750e+00,1.147596120834350586e+00,1.147596120834350586e+00,9.978735446929931641e-01,1.550103664398193359e+00,1.110205531120300293e+00,1.110205531120300293e+00,1.087933063507080078e+00,1.510805130004882812e+00,5.731948375701904297e+00,5.731948375701904297e+00,4.944370746612548828e+00,6.302823543548583984e+00,1.646471786499023438e+01,1.646471786499023438e+01,1.527712059020996094e+01,1.528654575347900391e+01
2.440000000000000000e+02,2.363864898681640625e+01,2.363864898681640625e+01,2.185519027709960938e+01,2.229350090026855469e+01,1.902821731567382812e+01,1.902821731567382812e+01,1.747434234619140625e+01,1.750761985778808594e+01,7.526653289794921875e+00,7.526653289794921875e+00,7.649908065795898438e+00,6.784410476684570312e+00,1.154005646705627441e+00,1.154005646705627441e+00,9.864178895950317383e-01,1.574630260467529297e+00,1.110732316970825195e+00,1.110732316970825195e+00,1.085396289825439453e+00,1.505040764808654785e+00,5.710103988647460938e+00,5.710103988647460938e+00,4.950651168823242188e+00,6.269932746887207031e+00,1.662759590148925781e+01,1.662759590148925781e+01,1.535995483398437500e+01,1.537131309509277344e+01
2.450000000000000000e+02,2.360137939453125000e+01,2.360137939453125000e+01,2.190616989135742188e+01,2.234831237792968750e+01,1.907665634155273438e+01,1.907665634155273438e+01,1.745201110839843750e+01,1.752506446838378906e+01,7.437916755676269531e+00,7.437916755676269531e+00,7.582187175750732422e+00,6.745746612548828125e+00,1.150290012359619141e+00,1.150290012359619141e+00,9.787282943725585938e-01,1.594782114028930664e+00,1.110835671424865723e+00,1.110835671424865723e+00,1.077798366546630859e+00,1.520444750785827637e+00,5.713448524475097656e+00,5.713448524475097656e+00,4.947976112365722656e+00,6.273876190185546875e+00,1.662649917602539062e+01,1.662649917602539062e+01,1.546641921997070312e+01,1.539124298095703125e+01
2.460000000000000000e+02,2.375269889831542969e+01,2.375269889831542969e+01,2.198228263854980469e+01,2.246282005310058594e+01,1.909056472778320312e+01,1.909056472778320312e+01,1.741338920593261719e+01,1.752089309692382812e+01,7.380310058593750000e+00,7.380310058593750000e+00,7.482002258300781250e+00,6.710139274597167969e+00,1.146524667739868164e+00,1.146524667739868164e+00,9.663808941841125488e-01,1.611969232559204102e+00,1.117541313171386719e+00,1.117541313171386719e+00,1.080884456634521484e+00,1.515584468841552734e+00,5.698784351348876953e+00,5.698784351348876953e+00,4.946816921234130859e+00,6.258358478546142578e+00,1.673747825622558594e+01,1.673747825622558594e+01,1.555476665496826172e+01,1.546162033081054688e+01
2.470000000000000000e+02,2.382018280029296875e+01,2.382018280029296875e+01,2.202350807189941406e+01,2.246474075317382812e+01,1.906453514099121094e+01,1.906453514099121094e+01,1.741700553894042969e+01,1.748517417907714844e+01,7.324243545532226562e+00,7.324243545532226562e+00,7.429852962493896484e+00,6.621263504028320312e+00,1.135940194129943848e+00,1.135940194129943848e+00,9.531682729721069336e-01,1.621503829956054688e+00,1.107531070709228516e+00,1.107531070709228516e+00,1.066475868225097656e+00,1.519141912460327148e+00,5.699242115020751953e+00,5.699242115020751953e+00,4.942936420440673828e+00,6.228466987609863281e+00,1.682178497314453125e+01,1.682178497314453125e+01,1.562644577026367188e+01,1.552661514282226562e+01
2.480000000000000000e+02,2.387099266052246094e+01,2.387099266052246094e+01,2.210043144226074219e+01,2.252767562866210938e+01,1.904168891906738281e+01,1.904168891906738281e+01,1.742121696472167969e+01,1.749066734313964844e+01,7.254418373107910156e+00,7.254418373107910156e+00,7.330794811248779297e+00,6.591217517852783203e+00,1.135215401649475098e+00,1.135215401649475098e+00,9.249976873397827148e-01,1.632240056991577148e+00,1.100886583328247070e+00,1.100886583328247070e+00,1.051131248474121094e+00,1.528261899948120117e+00,5.689589023590087891e+00,5.689589023590087891e+00,4.943937778472900391e+00,6.213484287261962891e+00,1.682031440734863281e+01,1.682031440734863281e+01,1.575291156768798828e+01,1.552855873107910156e+01
2.490000000000000000e+02,2.388746833801269531e+01,2.388746833801269531e+01,2.214892959594726562e+01,2.257615852355957031e+01,1.901793289184570312e+01,1.901793289184570312e+01,1.742186737060546875e+01,1.746417045593261719e+01,7.165485382080078125e+00,7.165485382080078125e+00,7.245622634887695312e+00,6.537094593048095703e+00,1.115483641624450684e+00,1.115483641624450684e+00,9.108161330223083496e-01,1.641679883003234863e+00,1.101470828056335449e+00,1.101470828056335449e+00,1.051898241043090820e+00,1.520824432373046875e+00,5.690434932708740234e+00,5.690434932708740234e+00,4.992669582366943359e+00,6.157153606414794922e+00,1.690275573730468750e+01,1.690275573730468750e+01,1.580452060699462891e+01,1.564518833160400391e+01
2.500000000000000000e+02,2.390425109863281250e+01,2.390425109863281250e+01,2.217829513549804688e+01,2.266312217712402344e+01,1.905658340454101562e+01,1.905658340454101562e+01,1.736893081665039062e+01,1.746899032592773438e+01,7.082518577575683594e+00,7.082518577575683594e+00,7.132191181182861328e+00,6.537967681884765625e+00,1.095001101493835449e+00,1.095001101493835449e+00,8.974379897117614746e-01,1.640797495841979980e+00,1.088721990585327148e+00,1.088721990585327148e+00,1.039066910743713379e+00,1.522531151771545410e+00,5.677049160003662109e+00,5.677049160003662109e+00,5.006381034851074219e+00,6.139521121978759766e+00,1.702854347229003906e+01,1.702854347229003906e+01,1.586802005767822266e+01,1.572957801818847656e+01
2.510000000000000000e+02,2.390735626220703125e+01,2.390735626220703125e+01,2.213346481323242188e+01,2.257452392578125000e+01,1.896973228454589844e+01,1.896973228454589844e+01,1.736097526550292969e+01,1.741915130615234375e+01,7.018029212951660156e+00,7.018029212951660156e+00,7.048810482025146484e+00,6.507863044738769531e+00,1.080580234527587891e+00,1.080580234527587891e+00,8.667936921119689941e-01,1.641862511634826660e+00,1.082785129547119141e+00,1.082785129547119141e+00,1.015645146369934082e+00,1.512309193611145020e+00,5.684302806854248047e+00,5.684302806854248047e+00,5.040468692779541016e+00,6.127363204956054688e+00,1.706577873229980469e+01,1.706577873229980469e+01,1.594786930084228516e+01,1.577625274658203125e+01
2.520000000000000000e+02,2.398868751525878906e+01,2.398868751525878906e+01,2.227172470092773438e+01,2.277968788146972656e+01,1.896582221984863281e+01,1.896582221984863281e+01,1.731302452087402344e+01,1.738958740234375000e+01,6.954496383666992188e+00,6.954496383666992188e+00,6.927053451538085938e+00,6.447629451751708984e+00,1.070246219635009766e+00,1.070246219635009766e+00,8.494609594345092773e-01,1.650359034538269043e+00,1.072962999343872070e+00,1.072962999343872070e+00,1.002933621406555176e+00,1.506900548934936523e+00,5.684756278991699219e+00,5.684756278991699219e+00,5.082852840423583984e+00,6.095578193664550781e+00,1.718720245361328125e+01,1.718720245361328125e+01,1.607728767395019531e+01,1.578308773040771484e+01
2.530000000000000000e+02,2.406569671630859375e+01,2.406569671630859375e+01,2.233838272094726562e+01,2.271133995056152344e+01,1.893890953063964844e+01,1.893890953063964844e+01,1.729687309265136719e+01,1.736972236633300781e+01,6.863846778869628906e+00,6.863846778869628906e+00,6.860149383544921875e+00,6.461219787597656250e+00,1.051355361938476562e+00,1.051355361938476562e+00,8.206264376640319824e-01,1.649603843688964844e+00,1.056236863136291504e+00,1.056236863136291504e+00,9.908169507980346680e-01,1.505612492561340332e+00,5.685278415679931641e+00,5.685278415679931641e+00,5.132599830627441406e+00,6.067093849182128906e+00,1.726873779296875000e+01,1.726873779296875000e+01,1.610443115234375000e+01,1.589091968536376953e+01
2.540000000000000000e+02,2.414467430114746094e+01,2.414467430114746094e+01,2.230402183532714844e+01,2.277422904968261719e+01,1.882408523559570312e+01,1.882408523559570312e+01,1.723832702636718750e+01,1.727093887329101562e+01,6.822197437286376953e+00,6.822197437286376953e+00,6.734470367431640625e+00,6.410048484802246094e+00,1.029503583908081055e+00,1.029503583908081055e+00,8.012831211090087891e-01,1.638003706932067871e+00,1.033911943435668945e+00,1.033911943435668945e+00,9.759144783020019531e-01,1.485677719116210938e+00,5.716343402862548828e+00,5.716343402862548828e+00,5.168959617614746094e+00,6.103792667388916016e+00,1.728542327880859375e+01,1.728542327880859375e+01,1.613853836059570312e+01,1.597015762329101562e+01
2.550000000000000000e+02,2.406580734252929688e+01,2.406580734252929688e+01,2.242104530334472656e+01,2.278876876831054688e+01,1.880740928649902344e+01,1.880740928649902344e+01,1.715535163879394531e+01,1.727401542663574219e+01,6.735159873962402344e+00,6.735159873962402344e+00,6.673990249633789062e+00,6.416155815124511719e+00,1.002757191658020020e+00,1.002757191658020020e+00,7.736956477165222168e-01,1.627013444900512695e+00,1.021478772163391113e+00,1.021478772163391113e+00,9.576070308685302734e-01,1.475710511207580566e+00,5.757153034210205078e+00,5.757153034210205078e+00,5.220061779022216797e+00,6.030811309814453125e+00,1.737477111816406250e+01,1.737477111816406250e+01,1.619023132324218750e+01,1.605498886108398438e+01
2.560000000000000000e+02,2.412434196472167969e+01,2.412434196472167969e+01,2.232487869262695312e+01,2.288688850402832031e+01,1.872903251647949219e+01,1.872903251647949219e+01,1.715293121337890625e+01,1.722130966186523438e+01,6.694146633148193359e+00,6.694146633148193359e+00,6.563962459564208984e+00,6.399015426635742188e+00,9.787318706512451172e-01,9.787318706512451172e-01,7.462324500083923340e-01,1.599748969078063965e+00,1.017578601837158203e+00,1.017578601837158203e+00,9.440682530403137207e-01,1.456966042518615723e+00,5.790859699249267578e+00,5.790859699249267578e+00,5.303899288177490234e+00,6.060922145843505859e+00,1.747191238403320312e+01,1.747191238403320312e+01,1.630244064331054688e+01,1.608309173583984375e+01
2.570000000000000000e+02,2.421152877807617188e+01,2.421152877807617188e+01,2.240188598632812500e+01,2.289235305786132812e+01,1.868677711486816406e+01,1.868677711486816406e+01,1.706809997558593750e+01,1.718546485900878906e+01,6.624429702758789062e+00,6.624429702758789062e+00,6.461458683013916016e+00,6.376364231109619141e+00,9.534207582473754883e-01,9.534207582473754883e-01,7.213335037231445312e-01,1.598905086517333984e+00,9.916895031929016113e-01,9.916895031929016113e-01,9.235450029373168945e-01,1.455014705657958984e+00,5.841178417205810547e+00,5.841178417205810547e+00,5.377403736114501953e+00,6.043188571929931641e+00,1.753341674804687500e+01,1.753341674804687500e+01,1.635524177551269531e+01,1.614342308044433594e+01
2.580000000000000000e+02,2.411784934997558594e+01,2.411784934997558594e+01,2.241299057006835938e+01,2.297813034057617188e+01,1.860157585144042969e+01,1.860157585144042969e+01,1.701903915405273438e+01,1.712472152709960938e+01,6.530139923095703125e+00,6.530139923095703125e+00,6.344963550567626953e+00,6.372419357299804688e+00,9.153408408164978027e-01,9.153408408164978027e-01,7.058011889457702637e-01,1.576619863510131836e+00,9.741212725639343262e-01,9.741212725639343262e-01,9.123982787132263184e-01,1.438621878623962402e+00,5.825649738311767578e+00,5.825649738311767578e+00,5.435098648071289062e+00,6.057428359985351562e+00,1.747117996215820312e+01,1.747117996215820312e+01,1.638757896423339844e+01,1.620248222351074219e+01
2.590000000000000000e+02,2.425911903381347656e+01,2.425911903381347656e+01,2.242056274414062500e+01,2.299950408935546875e+01,1.854873657226562500e+01,1.854873657226562500e+01,1.695508003234863281e+01,1.707042503356933594e+01,6.490946292877197266e+00,6.490946292877197266e+00,6.265215873718261719e+00,6.389449596405029297e+00,8.908231258392333984e-01,8.908231258392333984e-01,6.823881864547729492e-01,1.574040412902832031e+00,9.595875144004821777e-01,9.595875144004821777e-01,8.846359848976135254e-01,1.413223505020141602e+00,5.896892547607421875e+00,5.896892547607421875e+00,5.503118515014648438e+00,6.028194427490234375e+00,1.759341239929199219e+01,1.759341239929199219e+01,1.642083358764648438e+01,1.626309394836425781e+01
2.600000000000000000e+02,2.421017074584960938e+01,2.421017074584960938e+01,2.245402908325195312e+01,2.293070220947265625e+01,1.842989730834960938e+01,1.842989730834960938e+01,1.681732749938964844e+01,1.697010040283203125e+01,6.468550205230712891e+00,6.468550205230712891e+00,6.153322219848632812e+00,6.367224693298339844e+00,8.721640706062316895e-01,8.721640706062316895e-01,6.737866401672363281e-01,1.561282873153686523e+00,9.334101676940917969e-01,9.334101676940917969e-01,8.708080053329467773e-01,1.398291230201721191e+00,5.956010818481445312e+00,5.956010818481445312e+00,5.583262443542480469e+00,6.042958736419677734e+00,1.767472267150878906e+01,1.767472267150878906e+01,1.651146125793457031e+01,1.632168960571289062e+01
2.610000000000000000e+02,2.430707550048828125e+01,2.430707550048828125e+01,2.248311996459960938e+01,2.297080039978027344e+01,1.835692405700683594e+01,1.835692405700683594e+01,1.677569389343261719e+01,1.693976020812988281e+01,6.433174610137939453e+00,6.433174610137939453e+00,6.053351402282714844e+00,6.366991519927978516e+00,8.416259288787841797e-01,8.416259288787841797e-01,6.568806767463684082e-01,1.555977225303649902e+00,9.093836545944213867e-01,9.093836545944213867e-01,8.526617288589477539e-01,1.383098840713500977e+00,6.000496864318847656e+00,6.000496864318847656e+00,5.681368827819824219e+00,6.032970428466796875e+00,1.769345474243164062e+01,1.769345474243164062e+01,1.659845733642578125e+01,1.637440490722656250e+01
2.620000000000000000e+02,2.421644592285156250e+01,2.421644592285156250e+01,2.252879905700683594e+01,2.301613044738769531e+01,1.828388023376464844e+01,1.828388023376464844e+01,1.669878578186035156e+01,1.685474586486816406e+01,6.369925498962402344e+00,6.369925498962402344e+00,5.994470596313476562e+00,6.367875576019287109e+00,8.272982835769653320e-01,8.272982835769653320e-01,6.526014804840087891e-01,1.541023015975952148e+00,8.938322067260742188e-01,8.938322067260742188e-01,8.254785537719726562e-01,1.360028147697448730e+00,6.044788360595703125e+00,6.044788360595703125e+00,5.770519733428955078e+00,6.046316623687744141e+00,1.779829788208007812e+01,1.779829788208007812e+01,1.664056777954101562e+01,1.645370674133300781e+01
2.630000000000000000e+02,2.430885314941406250e+01,2.430885314941406250e+01,2.239426994323730469e+01,2.310381126403808594e+01,1.821595382690429688e+01,1.821595382690429688e+01,1.660540008544921875e+01,1.673675727844238281e+01,6.351424217224121094e+00,6.351424217224121094e+00,5.884471416473388672e+00,6.380723476409912109e+00,8.019936084747314453e-01,8.019936084747314453e-01,6.400024294853210449e-01,1.539754867553710938e+00,8.747538924217224121e-01,8.747538924217224121e-01,8.144150376319885254e-01,1.340020060539245605e+00,6.125230312347412109e+00,6.125230312347412109e+00,5.842400550842285156e+00,6.079941749572753906e+00,1.781973457336425781e+01,1.781973457336425781e+01,1.670984077453613281e+01,1.652769660949707031e+01
2.640000000000000000e+02,2.433983230590820312e+01,2.433983230590820312e+01,2.241830825805664062e+01,2.307647705078125000e+01,1.817092132568359375e+01,1.817092132568359375e+01,1.654248428344726562e+01,1.671990203857421875e+01,6.306692123413085938e+00,6.306692123413085938e+00,5.802206516265869141e+00,6.397881984710693359e+00,7.842084169387817383e-01,7.842084169387817383e-01,6.278320550918579102e-01,1.524722576141357422e+00,8.501205444335937500e-01,8.501205444335937500e-01,7.931751012802124023e-01,1.307028651237487793e+00,6.188615322113037109e+00,6.188615322113037109e+00,5.929925441741943359e+00,6.099082946777343750e+00,1.788833808898925781e+01,1.788833808898925781e+01,1.675993347167968750e+01,1.654537773132324219e+01
2.650000000000000000e+02,2.436442375183105469e+01,2.436442375183105469e+01,2.247056579589843750e+01,2.304028701782226562e+01,1.804886245727539062e+01,1.804886245727539062e+01,1.649198341369628906e+01,1.660254669189453125e+01,6.281258106231689453e+00,6.281258106231689453e+00,5.749769210815429688e+00,6.405508518218994141e+00,7.668605446815490723e-01,7.668605446815490723e-01,6.197950243949890137e-01,1.516391634941101074e+00,8.228699564933776855e-01,8.228699564933776855e-01,7.655783891677856445e-01,1.284098148345947266e+00,6.249712944030761719e+00,6.249712944030761719e+00,6.054708957672119141e+00,6.107234954833984375e+00,1.791650772094726562e+01,1.791650772094726562e+01,1.677686119079589844e+01,1.659806442260742188e+01
2.660000000000000000e+02,2.431235694885253906e+01,2.431235694885253906e+01,2.249676513671875000e+01,2.310690689086914062e+01,1.795055770874023438e+01,1.795055770874023438e+01,1.638061141967773438e+01,1.655846405029296875e+01,6.236091136932373047e+00,6.236091136932373047e+00,5.678836345672607422e+00,6.397622108459472656e+00,7.465988397598266602e-01,7.465988397598266602e-01,6.239058971405029297e-01,1.508804321289062500e+00,7.987380623817443848e-01,7.987380623817443848e-01,7.442277073860168457e-01,1.257004380226135254e+00,6.317282199859619141e+00,6.317282199859619141e+00,6.142633914947509766e+00,6.099030017852783203e+00,1.795767211914062500e+01,1.795767211914062500e+01,1.691200065612792969e+01,1.673377609252929688e+01
2.670000000000000000e+02,2.431827545166015625e+01,2.431827545166015625e+01,2.244385910034179688e+01,2.307307052612304688e+01,1.787638854980468750e+01,1.787638854980468750e+01,1.624186325073242188e+01,1.649895286560058594e+01,6.210721969604492188e+00,6.210721969604492188e+00,5.573928833007812500e+00,6.434977531433105469e+00,7.279413938522338867e-01,7.279413938522338867e-01,6.156452894210815430e-01,1.507097244262695312e+00,7.779216766357421875e-01,7.779216766357421875e-01,7.327265143394470215e-01,1.243676900863647461e+00,6.376292228698730469e+00,6.376292228698730469e+00,6.224253654479980469e+00,6.160820960998535156e+00,1.800332641601562500e+01,1.800332641601562500e+01,1.690625000000000000e+01,1.672415733337402344e+01
2.680000000000000000e+02,2.424977302551269531e+01,2.424977302551269531e+01,2.248485755920410156e+01,2.305168151855468750e+01,1.779074478149414062e+01,1.779074478149414062e+01,1.615007209777832031e+01,1.642503738403320312e+01,6.182526588439941406e+00,6.182526588439941406e+00,5.526615619659423828e+00,6.421498298645019531e+00,7.130266427993774414e-01,7.130266427993774414e-01,6.197454929351806641e-01,1.486723303794860840e+00,7.643280625343322754e-01,7.643280625343322754e-01,7.218744754791259766e-01,1.222471833229064941e+00,6.467025279998779297e+00,6.467025279998779297e+00,6.322204113006591797e+00,6.162763595581054688e+00,1.810659027099609375e+01,1.810659027099609375e+01,1.691012001037597656e+01,1.682174491882324219e+01
2.690000000000000000e+02,2.434987068176269531e+01,2.434987068176269531e+01,2.247175216674804688e+01,2.307868003845214844e+01,1.762836456298828125e+01,1.762836456298828125e+01,1.609168434143066406e+01,1.630547714233398438e+01,6.147400856018066406e+00,6.147400856018066406e+00,5.464801311492919922e+00,6.468009948730468750e+00,6.940119862556457520e-01,6.940119862556457520e-01,6.092078685760498047e-01,1.475468873977661133e+00,7.492676973342895508e-01,7.492676973342895508e-01,7.067104578018188477e-01,1.198108196258544922e+00,6.524019241333007812e+00,6.524019241333007812e+00,6.459739685058593750e+00,6.185692787170410156e+00,1.817534065246582031e+01,1.817534065246582031e+01,1.699950218200683594e+01,1.685530853271484375e+01
2.700000000000000000e+02,2.429706573486328125e+01,2.429706573486328125e+01,2.236367225646972656e+01,2.300773429870605469e+01,1.758519744873046875e+01,1.758519744873046875e+01,1.597214221954345703e+01,1.623276519775390625e+01,6.112793922424316406e+00,6.112793922424316406e+00,5.392303466796875000e+00,6.411984920501708984e+00,6.826038360595703125e-01,6.826038360595703125e-01,6.172754764556884766e-01,1.458009719848632812e+00,7.298122644424438477e-01,7.298122644424438477e-01,6.857718229293823242e-01,1.169342517852783203e+00,6.614693641662597656e+00,6.614693641662597656e+00,6.562555789947509766e+00,6.230230331420898438e+00,1.816835784912109375e+01,1.816835784912109375e+01,1.707775497436523438e+01,1.692221832275390625e+01
2.710000000000000000e+02,2.425596427917480469e+01,2.425596427917480469e+01,2.240032386779785156e+01,2.300584793090820312e+01,1.747154998779296875e+01,1.747154998779296875e+01,1.587726116180419922e+01,1.611056137084960938e+01,6.110888004302978516e+00,6.110888004302978516e+00,5.316835880279541016e+00,6.457948207855224609e+00,6.710281372070312500e-01,6.710281372070312500e-01,6.158918738365173340e-01,1.453966975212097168e+00,7.088855504989624023e-01,7.088855504989624023e-01,6.819368600845336914e-01,1.157359719276428223e+00,6.707767486572265625e+00,6.707767486572265625e+00,6.676859855651855469e+00,6.280262947082519531e+00,1.826376724243164062e+01,1.826376724243164062e+01,1.709426116943359375e+01,1.705805587768554688e+01
2.720000000000000000e+02,2.425621795654296875e+01,2.425621795654296875e+01,2.241659545898437500e+01,2.301289176940917969e+01,1.731544876098632812e+01,1.731544876098632812e+01,1.570299530029296875e+01,1.603048324584960938e+01,6.055534362792968750e+00,6.055534362792968750e+00,5.248714447021484375e+00,6.484456062316894531e+00,6.634478569030761719e-01,6.634478569030761719e-01,6.083360910415649414e-01,1.428994178771972656e+00,6.831572055816650391e-01,6.831572055816650391e-01,6.718558669090270996e-01,1.140277624130249023e+00,6.791150569915771484e+00,6.791150569915771484e+00,6.771409511566162109e+00,6.336109638214111328e+00,1.833233642578125000e+01,1.833233642578125000e+01,1.711565208435058594e+01,1.705596923828125000e+01
2.730000000000000000e+02,2.421704483032226562e+01,2.421704483032226562e+01,2.237954521179199219e+01,2.292107772827148438e+01,1.720207023620605469e+01,1.720207023620605469e+01,1.562861919403076172e+01,1.593880653381347656e+01,5.984453678131103516e+00,5.984453678131103516e+00,5.195764064788818359e+00,6.509105682373046875e+00,6.528849601745605469e-01,6.528849601745605469e-01,6.293610930442810059e-01,1.420682430267333984e+00,6.756049990653991699e-01,6.756049990653991699e-01,6.645845174789428711e-01,1.106148600578308105e+00,6.847632408142089844e+00,6.847632408142089844e+00,6.888586521148681641e+00,6.349809169769287109e+00,1.840802955627441406e+01,1.840802955627441406e+01,1.721299552917480469e+01,1.720548820495605469e+01
2.740000000000000000e+02,2.409580993652343750e+01,2.409580993652343750e+01,2.233616065979003906e+01,2.294708251953125000e+01,1.710120010375976562e+01,1.710120010375976562e+01,1.553829956054687500e+01,1.582915687561035156e+01,5.974626541137695312e+00,5.974626541137695312e+00,5.131478309631347656e+00,6.520020961761474609e+00,6.433718204498291016e-01,6.433718204498291016e-01,6.314294934272766113e-01,1.397980809211730957e+00,6.665850877761840820e-01,6.665850877761840820e-01,6.598181128501892090e-01,1.108365654945373535e+00,6.970656394958496094e+00,6.970656394958496094e+00,7.007589340209960938e+00,6.427432060241699219e+00,1.845695877075195312e+01,1.845695877075195312e+01,1.725402259826660156e+01,1.725831985473632812e+01
2.750000000000000000e+02,2.417220306396484375e+01,2.417220306396484375e+01,2.230279541015625000e+01,2.282618141174316406e+01,1.698546981811523438e+01,1.698546981811523438e+01,1.534021949768066406e+01,1.576215076446533203e+01,5.941605567932128906e+00,5.941605567932128906e+00,5.047362327575683594e+00,6.477159500122070312e+00,6.489713191986083984e-01,6.489713191986083984e-01,6.342263221740722656e-01,1.373445630073547363e+00,6.529428958892822266e-01,6.529428958892822266e-01,6.588258147239685059e-01,1.097017288208007812e+00,7.059668064117431641e+00,7.059668064117431641e+00,7.145676136016845703e+00,6.501119136810302734e+00,1.848710632324218750e+01,1.848710632324218750e+01,1.727559852600097656e+01,1.727021408081054688e+01
2.760000000000000000e+02,2.399294471740722656e+01,2.399294471740722656e+01,2.226753234863281250e+01,2.285903739929199219e+01,1.682348823547363281e+01,1.682348823547363281e+01,1.519246387481689453e+01,1.562081909179687500e+01,5.940930366516113281e+00,5.940930366516113281e+00,4.999721527099609375e+00,6.481644153594970703e+00,6.456764936447143555e-01,6.456764936447143555e-01,6.439449787139892578e-01,1.356556892395019531e+00,6.491321921348571777e-01,6.491321921348571777e-01,6.605033278465270996e-01,1.090157985687255859e+00,7.180480480194091797e+00,7.180480480194091797e+00,7.209762573242187500e+00,6.550249576568603516e+00,1.851461410522460938e+01,1.851461410522460938e+01,1.733628845214843750e+01,1.732571983337402344e+01
2.770000000000000000e+02,2.410606193542480469e+01,2.410606193542480469e+01,2.220118904113769531e+01,2.285065269470214844e+01,1.669542884826660156e+01,1.669542884826660156e+01,1.521674537658691406e+01,1.551470756530761719e+01,5.934723854064941406e+00,5.934723854064941406e+00,4.888044357299804688e+00,6.519005298614501953e+00,6.434287428855895996e-01,6.434287428855895996e-01,6.516712307929992676e-01,1.346181392669677734e+00,6.417322158813476562e-01,6.417322158813476562e-01,6.631600260734558105e-01,1.078997135162353516e+00,7.307338714599609375e+00,7.307338714599609375e+00,7.362887859344482422e+00,6.613636016845703125e+00,1.858739662170410156e+01,1.858739662170410156e+01,1.725579452514648438e+01,1.736994934082031250e+01
2.780000000000000000e+02,2.403171730041503906e+01,2.403171730041503906e+01,2.218827056884765625e+01,2.283709144592285156e+01,1.660338783264160156e+01,1.660338783264160156e+01,1.506438255310058594e+01,1.542483901977539062e+01,5.902050971984863281e+00,5.902050971984863281e+00,4.876709461212158203e+00,6.492731094360351562e+00,6.471741199493408203e-01,6.471741199493408203e-01,6.731714010238647461e-01,1.329265236854553223e+00,6.442898511886596680e-01,6.442898511886596680e-01,6.645252704620361328e-01,1.082413554191589355e+00,7.403535842895507812e+00,7.403535842895507812e+00,7.491945743560791016e+00,6.681675910949707031e+00,1.862380981445312500e+01,1.862380981445312500e+01,1.736258316040039062e+01,1.751611518859863281e+01
2.790000000000000000e+02,2.395254898071289062e+01,2.395254898071289062e+01,2.208153724670410156e+01,2.272761154174804688e+01,1.643331909179687500e+01,1.643331909179687500e+01,1.490368843078613281e+01,1.530414581298828125e+01,5.870762825012207031e+00,5.870762825012207031e+00,4.798958778381347656e+00,6.509942531585693359e+00,6.513217687606811523e-01,6.513217687606811523e-01,6.849406361579895020e-01,1.317556262016296387e+00,6.345661282539367676e-01,6.345661282539367676e-01,6.728324890136718750e-01,1.088734865188598633e+00,7.512645721435546875e+00,7.512645721435546875e+00,7.597212314605712891e+00,6.687569141387939453e+00,1.868950271606445312e+01,1.868950271606445312e+01,1.738824653625488281e+01,1.758012962341308594e+01
2.800000000000000000e+02,2.388456726074218750e+01,2.388456726074218750e+01,2.203909683227539062e+01,2.278417968750000000e+01,1.632765960693359375e+01,1.632765960693359375e+01,1.485907649993896484e+01,1.524077701568603516e+01,5.883044242858886719e+00,5.883044242858886719e+00,4.786339282989501953e+00,6.500984191894531250e+00,6.620926260948181152e-01,6.620926260948181152e-01,6.965512633323669434e-01,1.305852174758911133e+00,6.415685415267944336e-01,6.415685415267944336e-01,6.720038652420043945e-01,1.084980726242065430e+00,7.606690406799316406e+00,7.606690406799316406e+00,7.717705726623535156e+00,6.789966106414794922e+00,1.877700805664062500e+01,1.877700805664062500e+01,1.738677978515625000e+01,1.761224746704101562e+01
2.810000000000000000e+02,2.383001327514648438e+01,2.383001327514648438e+01,2.198957443237304688e+01,2.272104263305664062e+01,1.621345520019531250e+01,1.621345520019531250e+01,1.467217922210693359e+01,1.512149715423583984e+01,5.857376575469970703e+00,5.857376575469970703e+00,4.734765052795410156e+00,6.522737503051757812e+00,6.706206202507019043e-01,6.706206202507019043e-01,7.174656391143798828e-01,1.297900080680847168e+00,6.543746590614318848e-01,6.543746590614318848e-01,6.882614493370056152e-01,1.092216849327087402e+00,7.702928066253662109e+00,7.702928066253662109e+00,7.792023181915283203e+00,6.871644973754882812e+00,1.885791778564453125e+01,1.885791778564453125e+01,1.744036483764648438e+01,1.763688850402832031e+01
2.820000000000000000e+02,2.371738624572753906e+01,2.371738624572753906e+01,2.189068222045898438e+01,2.260090065002441406e+01,1.610338783264160156e+01,1.610338783264160156e+01,1.461104774475097656e+01,1.505230140686035156e+01,5.840347290039062500e+00,5.840347290039062500e+00,4.716132164001464844e+00,6.526727676391601562e+00,6.847999095916748047e-01,6.847999095916748047e-01,7.440216541290283203e-01,1.281719923019409180e+00,6.618630886077880859e-01,6.618630886077880859e-01,6.992897391319274902e-01,1.093832492828369141e+00,7.805417537689208984e+00,7.805417537689208984e+00,7.918829917907714844e+00,6.953259468078613281e+00,1.889076995849609375e+01,1.889076995849609375e+01,1.741781425476074219e+01,1.767090988159179688e+01
2.830000000000000000e+02,2.366117858886718750e+01,2.366117858886718750e+01,2.188186073303222656e+01,2.250979614257812500e+01,1.599137687683105469e+01,1.599137687683105469e+01,1.445341587066650391e+01,1.495309162139892578e+01,5.828046321868896484e+00,5.828046321868896484e+00,4.683722972869873047e+00,6.515118598937988281e+00,7.034386992454528809e-01,7.034386992454528809e-01,7.683248519897460938e-01,1.271248340606689453e+00,6.621206402778625488e-01,6.621206402778625488e-01,7.034674882888793945e-01,1.096865653991699219e+00,7.876004219055175781e+00,7.876004219055175781e+00,8.000425338745117188e+00,6.990813255310058594e+00,1.891680526733398438e+01,1.891680526733398438e+01,1.749120521545410156e+01,1.777211761474609375e+01
2.840000000000000000e+02,2.361390876770019531e+01,2.361390876770019531e+01,2.168219947814941406e+01,2.244379043579101562e+01,1.584403800964355469e+01,1.584403800964355469e+01,1.436849403381347656e+01,1.485408401489257812e+01,5.820130348205566406e+00,5.820130348205566406e+00,4.637146949768066406e+00,6.542410373687744141e+00,7.241690158843994141e-01,7.241690158843994141e-01,7.898465394973754883e-01,1.279812335968017578e+00,6.708835363388061523e-01,6.708835363388061523e-01,7.175651192665100098e-01,1.093645930290222168e+00,7.979705333709716797e+00,7.979705333709716797e+00,8.105527877807617188e+00,7.067422866821289062e+00,1.887331962585449219e+01,1.887331962585449219e+01,1.742860412597656250e+01,1.784037208557128906e+01
2.850000000000000000e+02,2.346500778198242188e+01,2.346500778198242188e+01,2.175495529174804688e+01,2.234248352050781250e+01,1.574750804901123047e+01,1.574750804901123047e+01,1.423891830444335938e+01,1.476157665252685547e+01,5.803608894348144531e+00,5.803608894348144531e+00,4.648403644561767578e+00,6.540744781494140625e+00,7.459145188331604004e-01,7.459145188331604004e-01,8.216230273246765137e-01,1.264009475708007812e+00,6.829962730407714844e-01,6.829962730407714844e-01,7.370805740356445312e-01,1.097474098205566406e+00,8.061145782470703125e+00,8.061145782470703125e+00,8.184848785400390625e+00,7.156331062316894531e+00,1.897697067260742188e+01,1.897697067260742188e+01,1.742309570312500000e+01,1.776498985290527344e+01
2.860000000000000000e+02,2.347458648681640625e+01,2.347458648681640625e+01,2.162766075134277344e+01,2.233589744567871094e+01,1.568263435363769531e+01,1.568263435363769531e+01,1.414021587371826172e+01,1.465955638885498047e+01,5.778009414672851562e+00,5.778009414672851562e+00,4.596549987792968750e+00,6.590552806854248047e+00,7.658262252807617188e-01,7.658262252807617188e-01,8.506621718406677246e-01,1.272060394287109375e+00,6.981003284454345703e-01,6.981003284454345703e-01,7.571539282798767090e-01,1.103018760681152344e+00,8.136006355285644531e+00,8.136006355285644531e+00,8.270983695983886719e+00,7.183403015136718750e+00,1.899644470214843750e+01,1.899644470214843750e+01,1.750196456909179688e+01,1.791306304931640625e+01
2.870000000000000000e+02,2.339964485168457031e+01,2.339964485168457031e+01,2.153468894958496094e+01,2.226923561096191406e+01,1.552739715576171875e+01,1.552739715576171875e+01,1.403015613555908203e+01,1.456453323364257812e+01,5.793359279632568359e+00,5.793359279632568359e+00,4.627631664276123047e+00,6.534732341766357422e+00,7.902355790138244629e-01,7.902355790138244629e-01,8.771077990531921387e-01,1.269028425216674805e+00,7.110535502433776855e-01,7.110535502433776855e-01,7.836405634880065918e-01,1.084261775016784668e+00,8.239767074584960938e+00,8.239767074584960938e+00,8.358248710632324219e+00,7.309089660644531250e+00,1.898777198791503906e+01,1.898777198791503906e+01,1.746063804626464844e+01,1.791690254211425781e+01
2.880000000000000000e+02,2.324130439758300781e+01,2.324130439758300781e+01,2.141982078552246094e+01,2.225458908081054688e+01,1.542987251281738281e+01,1.542987251281738281e+01,1.393653488159179688e+01,1.451621341705322266e+01,5.812725067138671875e+00,5.812725067138671875e+00,4.615315437316894531e+00,6.591249942779541016e+00,8.064311146736145020e-01,8.064311146736145020e-01,9.096136689186096191e-01,1.272997617721557617e+00,7.261631488800048828e-01,7.261631488800048828e-01,7.954668998718261719e-01,1.105083942413330078e+00,8.289497375488281250e+00,8.289497375488281250e+00,8.433886528015136719e+00,7.378306865692138672e+00,1.895437812805175781e+01,1.895437812805175781e+01,1.742163848876953125e+01,1.791132164001464844e+01
2.890000000000000000e+02,2.319318771362304688e+01,2.319318771362304688e+01,2.136675453186035156e+01,2.210228729248046875e+01,1.537355232238769531e+01,1.537355232238769531e+01,1.387209987640380859e+01,1.443755340576171875e+01,5.817612648010253906e+00,5.817612648010253906e+00,4.608391761779785156e+00,6.602602481842041016e+00,8.415688276290893555e-01,8.415688276290893555e-01,9.368014335632324219e-01,1.270852923393249512e+00,7.389258146286010742e-01,7.389258146286010742e-01,8.298456668853759766e-01,1.102661728858947754e+00,8.388403892517089844e+00,8.388403892517089844e+00,8.490942955017089844e+00,7.448956489562988281e+00,1.909107780456542969e+01,1.909107780456542969e+01,1.741000366210937500e+01,1.800006294250488281e+01
2.900000000000000000e+02,2.312415313720703125e+01,2.312415313720703125e+01,2.129600334167480469e+01,2.196198081970214844e+01,1.525133037567138672e+01,1.525133037567138672e+01,1.378061866760253906e+01,1.438859558105468750e+01,5.811672210693359375e+00,5.811672210693359375e+00,4.611980438232421875e+00,6.614140987396240234e+00,8.615715503692626953e-01,8.615715503692626953e-01,9.610808491706848145e-01,1.269394159317016602e+00,7.617516517639160156e-01,7.617516517639160156e-01,8.496162295341491699e-01,1.111367702484130859e+00,8.416481971740722656e+00,8.416481971740722656e+00,8.574738502502441406e+00,7.500322341918945312e+00,1.899874305725097656e+01,1.899874305725097656e+01,1.741076278686523438e+01,1.794800758361816406e+01
2.910000000000000000e+02,2.306015396118164062e+01,2.306015396118164062e+01,2.124003791809082031e+01,2.195384788513183594e+01,1.519874954223632812e+01,1.519874954223632812e+01,1.365228271484375000e+01,1.433670616149902344e+01,5.810599327087402344e+00,5.810599327087402344e+00,4.624098300933837891e+00,6.636885643005371094e+00,8.904032707214355469e-01,8.904032707214355469e-01,9.964437484741210938e-01,1.279696822166442871e+00,7.748316526412963867e-01,7.748316526412963867e-01,8.783499002456665039e-01,1.118257164955139160e+00,8.486511230468750000e+00,8.486511230468750000e+00,8.621519088745117188e+00,7.550608634948730469e+00,1.909692382812500000e+01,1.909692382812500000e+01,1.740869140625000000e+01,1.797863388061523438e+01
2.920000000000000000e+02,2.295957946777343750e+01,2.295957946777343750e+01,2.111422348022460938e+01,2.186235809326171875e+01,1.513768196105957031e+01,1.513768196105957031e+01,1.361166095733642578e+01,1.418262958526611328e+01,5.801985263824462891e+00,5.801985263824462891e+00,4.625969409942626953e+00,6.601463317871093750e+00,9.103441238403320312e-01,9.103441238403320312e-01,1.021392583847045898e+00,1.276415824890136719e+00,8.019092082977294922e-01,8.019092082977294922e-01,9.161663055419921875e-01,1.129464268684387207e+00,8.521617889404296875e+00,8.521617889404296875e+00,8.664189338684082031e+00,7.608284473419189453e+00,1.908390426635742188e+01,1.908390426635742188e+01,1.735542106628417969e+01,1.797577476501464844e+01
2.930000000000000000e+02,2.283685493469238281e+01,2.283685493469238281e+01,2.104770660400390625e+01,2.179191780090332031e+01,1.506025314331054688e+01,1.506025314331054688e+01,1.347496509552001953e+01,1.419674015045166016e+01,5.827865123748779297e+00,5.827865123748779297e+00,4.626928329467773438e+00,6.633468627929687500e+00,9.324746131896972656e-01,9.324746131896972656e-01,1.044602394104003906e+00,1.281281232833862305e+00,8.275931477546691895e-01,8.275931477546691895e-01,9.493917822837829590e-01,1.133239030838012695e+00,8.579622268676757812e+00,8.579622268676757812e+00,8.737020492553710938e+00,7.637765884399414062e+00,1.908318519592285156e+01,1.908318519592285156e+01,1.737450790405273438e+01,1.800378608703613281e+01
2.940000000000000000e+02,2.271768379211425781e+01,2.271768379211425781e+01,2.089114379882812500e+01,2.164926528930664062e+01,1.495933341979980469e+01,1.495933341979980469e+01,1.340932369232177734e+01,1.413693428039550781e+01,5.805731296539306641e+00,5.805731296539306641e+00,4.642016410827636719e+00,6.611359596252441406e+00,9.522604346275329590e-01,9.522604346275329590e-01,1.079676151275634766e+00,1.280076146125793457e+00,8.486204147338867188e-01,8.486204147338867188e-01,1.006889104843139648e+00,1.124854087829589844e+00,8.579832077026367188e+00,8.579832077026367188e+00,8.760474205017089844e+00,7.692370891571044922e+00,1.900439643859863281e+01,1.900439643859863281e+01,1.731788444519042969e+01,1.797231674194335938e+01
2.950000000000000000e+02,2.268564796447753906e+01,2.268564796447753906e+01,2.077511024475097656e+01,2.164298057556152344e+01,1.487875270843505859e+01,1.487875270843505859e+01,1.328043556213378906e+01,1.415818500518798828e+01,5.793313980102539062e+00,5.793313980102539062e+00,4.658667564392089844e+00,6.641939163208007812e+00,9.678151607513427734e-01,9.678151607513427734e-01,1.097532510757446289e+00,1.280548572540283203e+00,8.696007728576660156e-01,8.696007728576660156e-01,1.038557171821594238e+00,1.136939644813537598e+00,8.638871192932128906e+00,8.638871192932128906e+00,8.778553962707519531e+00,7.767185688018798828e+00,1.895910072326660156e+01,1.895910072326660156e+01,1.728879165649414062e+01,1.790148925781250000e+01
2.960000000000000000e+02,2.249083709716796875e+01,2.249083709716796875e+01,2.073990249633789062e+01,2.156058120727539062e+01,1.482361888885498047e+01,1.482361888885498047e+01,1.319034481048583984e+01,1.409026908874511719e+01,5.782491683959960938e+00,5.782491683959960938e+00,4.639624595642089844e+00,6.642925262451171875e+00,9.845083951950073242e-01,9.845083951950073242e-01,1.114307880401611328e+00,1.279076218605041504e+00,8.978214263916015625e-01,8.978214263916015625e-01,1.093142867088317871e+00,1.158827424049377441e+00,8.655411720275878906e+00,8.655411720275878906e+00,8.826288223266601562e+00,7.799134731292724609e+00,1.891501998901367188e+01,1.891501998901367188e+01,1.724288749694824219e+01,1.797650146484375000e+01
2.970000000000000000e+02,2.246869087219238281e+01,2.246869087219238281e+01,2.067986869812011719e+01,2.148123741149902344e+01,1.476620483398437500e+01,1.476620483398437500e+01,1.310459899902343750e+01,1.407150840759277344e+01,5.810950279235839844e+00,5.810950279235839844e+00,4.680830478668212891e+00,6.666262149810791016e+00,1.009718418121337891e+00,1.009718418121337891e+00,1.136236548423767090e+00,1.280139684677124023e+00,9.229606389999389648e-01,9.229606389999389648e-01,1.140673637390136719e+00,1.161823630332946777e+00,8.723617553710937500e+00,8.723617553710937500e+00,8.867568016052246094e+00,7.821225643157958984e+00,1.890036392211914062e+01,1.890036392211914062e+01,1.711893081665039062e+01,1.789935302734375000e+01
2.980000000000000000e+02,2.236751937866210938e+01,2.236751937866210938e+01,2.057211494445800781e+01,2.139240837097167969e+01,1.469324207305908203e+01,1.469324207305908203e+01,1.305374622344970703e+01,1.408053684234619141e+01,5.802841186523437500e+00,5.802841186523437500e+00,4.693362236022949219e+00,6.668455600738525391e+00,1.024711370468139648e+00,1.024711370468139648e+00,1.161021709442138672e+00,1.292196512222290039e+00,9.558209776878356934e-01,9.558209776878356934e-01,1.198155999183654785e+00,1.167758941650390625e+00,8.759040832519531250e+00,8.759040832519531250e+00,8.865089416503906250e+00,7.883207321166992188e+00,1.889325332641601562e+01,1.889325332641601562e+01,1.711709403991699219e+01,1.789510726928710938e+01
2.990000000000000000e+02,2.222556495666503906e+01,2.222556495666503906e+01,2.047017860412597656e+01,2.130278778076171875e+01,1.463819885253906250e+01,1.463819885253906250e+01,1.293862342834472656e+01,1.404027843475341797e+01,5.806863784790039062e+00,5.806863784790039062e+00,4.701824188232421875e+00,6.661149024963378906e+00,1.037692785263061523e+00,1.037692785263061523e+00,1.175824522972106934e+00,1.288876295089721680e+00,9.978331327438354492e-01,9.978331327438354492e-01,1.247769832611083984e+00,1.186019897460937500e+00,8.743490219116210938e+00,8.743490219116210938e+00,8.850738525390625000e+00,7.929824352264404297e+00,1.889297485351562500e+01,1.889297485351562500e+01,1.706139373779296875e+01,1.792410659790039062e+01
3.000000000000000000e+02,2.215308380126953125e+01,2.215308380126953125e+01,2.030377197265625000e+01,2.114383697509765625e+01,1.459585380554199219e+01,1.459585380554199219e+01,1.292105674743652344e+01,1.408201980590820312e+01,5.801877975463867188e+00,5.801877975463867188e+00,4.725562095642089844e+00,6.672918319702148438e+00,1.046109557151794434e+00,1.046109557151794434e+00,1.167208433151245117e+00,1.301035761833190918e+00,1.033023595809936523e+00,1.033023595809936523e+00,1.297814726829528809e+00,1.185476899147033691e+00,8.776929855346679688e+00,8.776929855346679688e+00,8.835686683654785156e+00,7.979748725891113281e+00,1.874597358703613281e+01,1.874597358703613281e+01,1.701403236389160156e+01,1.786397933959960938e+01
3.010000000000000000e+02,2.200723648071289062e+01,2.200723648071289062e+01,2.023491096496582031e+01,2.106419754028320312e+01,1.458568954467773438e+01,1.458568954467773438e+01,1.283507728576660156e+01,1.404793643951416016e+01,5.817019462585449219e+00,5.817019462585449219e+00,4.730873107910156250e+00,6.641026496887207031e+00,1.058211445808410645e+00,1.058211445808410645e+00,1.210544824600219727e+00,1.298866987228393555e+00,1.070757627487182617e+00,1.070757627487182617e+00,1.368563175201416016e+00,1.202811241149902344e+00,8.798310279846191406e+00,8.798310279846191406e+00,8.861064910888671875e+00,7.990150928497314453e+00,1.870277023315429688e+01,1.870277023315429688e+01,1.690576171875000000e+01,1.787238693237304688e+01
3.020000000000000000e+02,2.191973686218261719e+01,2.191973686218261719e+01,2.011136627197265625e+01,2.100604438781738281e+01,1.451250743865966797e+01,1.451250743865966797e+01,1.276752376556396484e+01,1.407459163665771484e+01,5.810605049133300781e+00,5.810605049133300781e+00,4.747109413146972656e+00,6.661961555480957031e+00,1.067417383193969727e+00,1.067417383193969727e+00,1.221728920936584473e+00,1.303091526031494141e+00,1.114666700363159180e+00,1.114666700363159180e+00,1.428957343101501465e+00,1.203317165374755859e+00,8.806372642517089844e+00,8.806372642517089844e+00,8.835793495178222656e+00,8.028004646301269531e+00,1.869390106201171875e+01,1.869390106201171875e+01,1.682464408874511719e+01,1.779587554931640625e+01
3.030000000000000000e+02,2.181746292114257812e+01,2.181746292114257812e+01,2.005019187927246094e+01,2.098399925231933594e+01,1.442393016815185547e+01,1.442393016815185547e+01,1.266734790802001953e+01,1.407562065124511719e+01,5.770848751068115234e+00,5.770848751068115234e+00,4.773936271667480469e+00,6.634732246398925781e+00,1.067185521125793457e+00,1.067185521125793457e+00,1.225267887115478516e+00,1.314425468444824219e+00,1.140342712402343750e+00,1.140342712402343750e+00,1.488350868225097656e+00,1.219775915145874023e+00,8.725402832031250000e+00,8.725402832031250000e+00,8.817880630493164062e+00,8.053089141845703125e+00,1.849393844604492188e+01,1.849393844604492188e+01,1.682084846496582031e+01,1.773254203796386719e+01
3.040000000000000000e+02,2.171319198608398438e+01,2.171319198608398438e+01,1.991128158569335938e+01,2.085308265686035156e+01,1.443164634704589844e+01,1.443164634704589844e+01,1.263329696655273438e+01,1.409149932861328125e+01,5.777428627014160156e+00,5.777428627014160156e+00,4.784677982330322266e+00,6.654957771301269531e+00,1.081716656684875488e+00,1.081716656684875488e+00,1.243662357330322266e+00,1.322270512580871582e+00,1.183547496795654297e+00,1.183547496795654297e+00,1.532574415206909180e+00,1.213690042495727539e+00,8.741212844848632812e+00,8.741212844848632812e+00,8.787749290466308594e+00,8.076021194458007812e+00,1.853364944458007812e+01,1.853364944458007812e+01,1.672854423522949219e+01,1.760079956054687500e+01
3.050000000000000000e+02,2.158436965942382812e+01,2.158436965942382812e+01,1.980009269714355469e+01,2.076843261718750000e+01,1.443318176269531250e+01,1.443318176269531250e+01,1.253305149078369141e+01,1.407666301727294922e+01,5.793506622314453125e+00,5.793506622314453125e+00,4.821754932403564453e+00,6.649798393249511719e+00,1.080846190452575684e+00,1.080846190452575684e+00,1.257556676864624023e+00,1.313394665718078613e+00,1.222759962081909180e+00,1.222759962081909180e+00,1.586368203163146973e+00,1.232188463211059570e+00,8.754914283752441406e+00,8.754914283752441406e+00,8.771134376525878906e+00,8.110055923461914062e+00,1.843113136291503906e+01,1.843113136291503906e+01,1.659352111816406250e+01,1.763896369934082031e+01
3.060000000000000000e+02,2.146193313598632812e+01,2.146193313598632812e+01,1.969031333923339844e+01,2.065458869934082031e+01,1.441317176818847656e+01,1.441317176818847656e+01,1.247509002685546875e+01,1.409428691864013672e+01,5.781602859497070312e+00,5.781602859497070312e+00,4.852731704711914062e+00,6.639149665832519531e+00,1.090769886970520020e+00,1.090769886970520020e+00,1.259812712669372559e+00,1.330934047698974609e+00,1.261578083038330078e+00,1.261578083038330078e+00,1.653910875320434570e+00,1.243996381759643555e+00,8.717220306396484375e+00,8.717220306396484375e+00,8.776954650878906250e+00,8.124738693237304688e+00,1.839188766479492188e+01,1.839188766479492188e+01,1.655033683776855469e+01,1.755802345275878906e+01
3.070000000000000000e+02,2.137094116210937500e+01,2.137094116210937500e+01,1.963744926452636719e+01,2.060304641723632812e+01,1.435148620605468750e+01,1.435148620605468750e+01,1.244688415527343750e+01,1.409712219238281250e+01,5.794277191162109375e+00,5.794277191162109375e+00,4.877738475799560547e+00,6.633557319641113281e+00,1.099848151206970215e+00,1.099848151206970215e+00,1.275079965591430664e+00,1.327346444129943848e+00,1.293433308601379395e+00,1.293433308601379395e+00,1.705938220024108887e+00,1.252067923545837402e+00,8.715000152587890625e+00,8.715000152587890625e+00,8.739855766296386719e+00,8.171833038330078125e+00,1.824025535583496094e+01,1.824025535583496094e+01,1.646889305114746094e+01,1.752516746520996094e+01
3.080000000000000000e+02,2.128474807739257812e+01,2.128474807739257812e+01,1.939496994018554688e+01,2.052830505371093750e+01,1.435020446777343750e+01,1.435020446777343750e+01,1.236639118194580078e+01,1.409886932373046875e+01,5.773014068603515625e+00,5.773014068603515625e+00,4.888652801513671875e+00,6.654840469360351562e+00,1.103840827941894531e+00,1.103840827941894531e+00,1.286597371101379395e+00,1.332473158836364746e+00,1.341220974922180176e+00,1.341220974922180176e+00,1.754628419876098633e+00,1.271338105201721191e+00,8.679043769836425781e+00,8.679043769836425781e+00,8.696168899536132812e+00,8.175779342651367188e+00,1.821313285827636719e+01,1.821313285827636719e+01,1.634786987304687500e+01,1.743922233581542969e+01
3.090000000000000000e+02,2.122729492187500000e+01,2.122729492187500000e+01,1.939795112609863281e+01,2.037668800354003906e+01,1.432575893402099609e+01,1.432575893402099609e+01,1.230326366424560547e+01,1.411025619506835938e+01,5.779570579528808594e+00,5.779570579528808594e+00,4.861703395843505859e+00,6.642825126647949219e+00,1.106939315795898438e+00,1.106939315795898438e+00,1.287130594253540039e+00,1.339024305343627930e+00,1.377278089523315430e+00,1.377278089523315430e+00,1.805642724037170410e+00,1.285559415817260742e+00,8.662529945373535156e+00,8.662529945373535156e+00,8.657602310180664062e+00,8.182564735412597656e+00,1.815208435058593750e+01,1.815208435058593750e+01,1.629467773437500000e+01,1.735792160034179688e+01
3.100000000000000000e+02,2.109269714355468750e+01,2.109269714355468750e+01,1.924236297607421875e+01,2.035378837585449219e+01,1.433838081359863281e+01,1.433838081359863281e+01,1.227040290832519531e+01,1.414480018615722656e+01,5.785801887512207031e+00,5.785801887512207031e+00,4.946781158447265625e+00,6.611421585083007812e+00,1.110688805580139160e+00,1.110688805580139160e+00,1.292122244834899902e+00,1.345662355422973633e+00,1.410415172576904297e+00,1.410415172576904297e+00,1.863023757934570312e+00,1.292918801307678223e+00,8.633242607116699219e+00,8.633242607116699219e+00,8.626146316528320312e+00,8.179719924926757812e+00,1.809360122680664062e+01,1.809360122680664062e+01,1.623263740539550781e+01,1.732577514648437500e+01
3.110000000000000000e+02,2.101228904724121094e+01,2.101228904724121094e+01,1.915156555175781250e+01,2.018598175048828125e+01,1.429511928558349609e+01,1.429511928558349609e+01,1.225482940673828125e+01,1.414315032958984375e+01,5.789038658142089844e+00,5.789038658142089844e+00,4.990630626678466797e+00,6.624850273132324219e+00,1.114080190658569336e+00,1.114080190658569336e+00,1.287856101989746094e+00,1.348943829536437988e+00,1.447369813919067383e+00,1.447369813919067383e+00,1.908604025840759277e+00,1.309047698974609375e+00,8.597648620605468750e+00,8.597648620605468750e+00,8.615736961364746094e+00,8.231648445129394531e+00,1.796397018432617188e+01,1.796397018432617188e+01,1.614657211303710938e+01,1.723648834228515625e+01
3.120000000000000000e+02,2.090926933288574219e+01,2.090926933288574219e+01,1.905898284912109375e+01,2.023255157470703125e+01,1.427384948730468750e+01,1.427384948730468750e+01,1.217356300354003906e+01,1.420122337341308594e+01,5.798379421234130859e+00,5.798379421234130859e+00,5.029710292816162109e+00,6.651093959808349609e+00,1.101580262184143066e+00,1.101580262184143066e+00,1.303401708602905273e+00,1.354657888412475586e+00,1.480208516120910645e+00,1.480208516120910645e+00,1.946182608604431152e+00,1.324180722236633301e+00,8.558179855346679688e+00,8.558179855346679688e+00,8.549962997436523438e+00,8.217937469482421875e+00,1.785657882690429688e+01,1.785657882690429688e+01,1.602252197265625000e+01,1.718154335021972656e+01
3.130000000000000000e+02,2.082402992248535156e+01,2.082402992248535156e+01,1.892671585083007812e+01,2.009502410888671875e+01,1.427529048919677734e+01,1.427529048919677734e+01,1.217008972167968750e+01,1.419372558593750000e+01,5.804140090942382812e+00,5.804140090942382812e+00,5.077326297760009766e+00,6.633167266845703125e+00,1.104310035705566406e+00,1.104310035705566406e+00,1.311133623123168945e+00,1.355757117271423340e+00,1.506922960281372070e+00,1.506922960281372070e+00,1.986376047134399414e+00,1.326807022094726562e+00,8.542397499084472656e+00,8.542397499084472656e+00,8.466337203979492188e+00,8.242271423339843750e+00,1.771878242492675781e+01,1.771878242492675781e+01,1.593055343627929688e+01,1.703043556213378906e+01
3.140000000000000000e+02,2.066515731811523438e+01,2.066515731811523438e+01,1.888407135009765625e+01,1.998702049255371094e+01,1.425937271118164062e+01,1.425937271118164062e+01,1.212709236145019531e+01,1.426110458374023438e+01,5.798272132873535156e+00,5.798272132873535156e+00,5.087329864501953125e+00,6.636789798736572266e+00,1.101414918899536133e+00,1.101414918899536133e+00,1.308012485504150391e+00,1.359823465347290039e+00,1.534186124801635742e+00,1.534186124801635742e+00,2.035641431808471680e+00,1.333093285560607910e+00,8.531999588012695312e+00,8.531999588012695312e+00,8.431031227111816406e+00,8.229068756103515625e+00,1.770551300048828125e+01,1.770551300048828125e+01,1.580476760864257812e+01,1.694832420349121094e+01
3.150000000000000000e+02,2.062678146362304688e+01,2.062678146362304688e+01,1.873664665222167969e+01,1.995744323730468750e+01,1.424838733673095703e+01,1.424838733673095703e+01,1.210145282745361328e+01,1.417836189270019531e+01,5.799486160278320312e+00,5.799486160278320312e+00,5.107998371124267578e+00,6.605711936950683594e+00,1.093141555786132812e+00,1.093141555786132812e+00,1.305001616477966309e+00,1.372114181518554688e+00,1.560164570808410645e+00,1.560164570808410645e+00,2.068472385406494141e+00,1.348921537399291992e+00,8.472872734069824219e+00,8.472872734069824219e+00,8.391702651977539062e+00,8.253698348999023438e+00,1.754744338989257812e+01,1.754744338989257812e+01,1.571638679504394531e+01,1.691953659057617188e+01
3.160000000000000000e+02,2.056880760192871094e+01,2.056880760192871094e+01,1.863225555419921875e+01,1.988323593139648438e+01,1.428646469116210938e+01,1.428646469116210938e+01,1.204328918457031250e+01,1.424968719482421875e+01,5.844031810760498047e+00,5.844031810760498047e+00,5.162356853485107422e+00,6.634038925170898438e+00,1.085003018379211426e+00,1.085003018379211426e+00,1.307404875755310059e+00,1.373150229454040527e+00,1.583587050437927246e+00,1.583587050437927246e+00,2.104120016098022461e+00,1.362145066261291504e+00,8.447483062744140625e+00,8.447483062744140625e+00,8.298227310180664062e+00,8.276012420654296875e+00,1.744464874267578125e+01,1.744464874267578125e+01,1.560928249359130859e+01,1.686244201660156250e+01
3.170000000000000000e+02,2.046214294433593750e+01,2.046214294433593750e+01,1.858871078491210938e+01,1.983520507812500000e+01,1.426186180114746094e+01,1.426186180114746094e+01,1.200478172302246094e+01,1.428730106353759766e+01,5.867124557495117188e+00,5.867124557495117188e+00,5.159772872924804688e+00,6.602956771850585938e+00,1.065693497657775879e+00,1.065693497657775879e+00,1.298633575439453125e+00,1.370980978012084961e+00,1.600484967231750488e+00,1.600484967231750488e+00,2.129693984985351562e+00,1.371838331222534180e+00,8.416604995727539062e+00,8.416604995727539062e+00,8.240873336791992188e+00,8.232343673706054688e+00,1.732682800292968750e+01,1.732682800292968750e+01,1.550184345245361328e+01,1.677795791625976562e+01
3.180000000000000000e+02,2.035656738281250000e+01,2.035656738281250000e+01,1.846142196655273438e+01,1.977628898620605469e+01,1.417525005340576172e+01,1.417525005340576172e+01,1.202468967437744141e+01,1.433536052703857422e+01,5.885553836822509766e+00,5.885553836822509766e+00,5.247090339660644531e+00,6.636391162872314453e+00,1.053098678588867188e+00,1.053098678588867188e+00,1.297392964363098145e+00,1.378154039382934570e+00,1.605062842369079590e+00,1.605062842369079590e+00,2.155539989471435547e+00,1.368278861045837402e+00,8.379565238952636719e+00,8.379565238952636719e+00,8.194752693176269531e+00,8.277023315429687500e+00,1.722281455993652344e+01,1.722281455993652344e+01,1.538587093353271484e+01,1.673424911499023438e+01
3.190000000000000000e+02,2.030491828918457031e+01,2.030491828918457031e+01,1.840145111083984375e+01,1.963948631286621094e+01,1.422414875030517578e+01,1.422414875030517578e+01,1.197992706298828125e+01,1.433995819091796875e+01,5.893962860107421875e+00,5.893962860107421875e+00,5.244404792785644531e+00,6.633736133575439453e+00,1.031938195228576660e+00,1.031938195228576660e+00,1.287399172782897949e+00,1.371589779853820801e+00,1.629897832870483398e+00,1.629897832870483398e+00,2.172133445739746094e+00,1.372613668441772461e+00,8.324426651000976562e+00,8.324426651000976562e+00,8.118362426757812500e+00,8.275997161865234375e+00,1.702893638610839844e+01,1.702893638610839844e+01,1.533063697814941406e+01,1.653785514831542969e+01
3.200000000000000000e+02,2.020007133483886719e+01,2.020007133483886719e+01,1.825769996643066406e+01,1.958198928833007812e+01,1.423025703430175781e+01,1.423025703430175781e+01,1.194094944000244141e+01,1.430951786041259766e+01,5.946601390838623047e+00,5.946601390838623047e+00,5.301305294036865234e+00,6.623270034790039062e+00,1.020623445510864258e+00,1.020623445510864258e+00,1.282169461250305176e+00,1.375568270683288574e+00,1.638731241226196289e+00,1.638731241226196289e+00,2.195281267166137695e+00,1.380234837532043457e+00,8.281459808349609375e+00,8.281459808349609375e+00,8.031093597412109375e+00,8.240841865539550781e+00,1.698602485656738281e+01,1.698602485656738281e+01,1.521490478515625000e+01,1.654110527038574219e+01
3.210000000000000000e+02,2.009811019897460938e+01,2.009811019897460938e+01,1.822465896606445312e+01,1.955344963073730469e+01,1.424737644195556641e+01,1.424737644195556641e+01,1.195262718200683594e+01,1.435325241088867188e+01,5.965069770812988281e+00,5.965069770812988281e+00,5.353395938873291016e+00,6.621592521667480469e+00,9.912256002426147461e-01,9.912256002426147461e-01,1.274248361587524414e+00,1.371863245964050293e+00,1.652919292449951172e+00,1.652919292449951172e+00,2.195580959320068359e+00,1.372549891471862793e+00,8.237793922424316406e+00,8.237793922424316406e+00,7.966975688934326172e+00,8.223932266235351562e+00,1.671740341186523438e+01,1.671740341186523438e+01,1.508998680114746094e+01,1.639594841003417969e+01
3.220000000000000000e+02,2.003187370300292969e+01,2.003187370300292969e+01,1.812642478942871094e+01,1.950536346435546875e+01,1.429180908203125000e+01,1.429180908203125000e+01,1.186436176300048828e+01,1.441771888732910156e+01,5.993663787841796875e+00,5.993663787841796875e+00,5.365168094635009766e+00,6.618544578552246094e+00,9.761105179786682129e-01,9.761105179786682129e-01,1.254280805587768555e+00,1.368360757827758789e+00,1.670130252838134766e+00,1.670130252838134766e+00,2.213721275329589844e+00,1.374583125114440918e+00,8.179592132568359375e+00,8.179592132568359375e+00,7.829999446868896484e+00,8.182483673095703125e+00,1.671903038024902344e+01,1.671903038024902344e+01,1.495398712158203125e+01,1.633345031738281250e+01
3.230000000000000000e+02,1.998369979858398438e+01,1.998369979858398438e+01,1.804771041870117188e+01,1.940616607666015625e+01,1.426647281646728516e+01,1.426647281646728516e+01,1.189822769165039062e+01,1.437661933898925781e+01,6.021695137023925781e+00,6.021695137023925781e+00,5.439688682556152344e+00,6.606404304504394531e+00,9.523061513900756836e-01,9.523061513900756836e-01,1.253151655197143555e+00,1.363287568092346191e+00,1.673238515853881836e+00,1.673238515853881836e+00,2.215628862380981445e+00,1.373832941055297852e+00,8.123064041137695312e+00,8.123064041137695312e+00,7.784664154052734375e+00,8.214294433593750000e+00,1.656883621215820312e+01,1.656883621215820312e+01,1.481528282165527344e+01,1.616324043273925781e+01
3.240000000000000000e+02,1.985450744628906250e+01,1.985450744628906250e+01,1.790397071838378906e+01,1.935778427124023438e+01,1.425382995605468750e+01,1.425382995605468750e+01,1.186088752746582031e+01,1.442857551574707031e+01,6.047561645507812500e+00,6.047561645507812500e+00,5.470291614532470703e+00,6.606890678405761719e+00,9.312894940376281738e-01,9.312894940376281738e-01,1.247224807739257812e+00,1.374031424522399902e+00,1.673543810844421387e+00,1.673543810844421387e+00,2.215074539184570312e+00,1.360894441604614258e+00,8.093574523925781250e+00,8.093574523925781250e+00,7.683814525604248047e+00,8.197102546691894531e+00,1.641772842407226562e+01,1.641772842407226562e+01,1.471520996093750000e+01,1.612234687805175781e+01
3.250000000000000000e+02,1.980206871032714844e+01,1.980206871032714844e+01,1.785977554321289062e+01,1.930211257934570312e+01,1.429702854156494141e+01,1.429702854156494141e+01,1.189246273040771484e+01,1.442342376708984375e+01,6.086229324340820312e+00,6.086229324340820312e+00,5.495247840881347656e+00,6.626369476318359375e+00,9.118974208831787109e-01,9.118974208831787109e-01,1.238194465637207031e+00,1.381896257400512695e+00,1.673852562904357910e+00,1.673852562904357910e+00,2.210516929626464844e+00,1.367665529251098633e+00,8.060109138488769531e+00,8.060109138488769531e+00,7.613791942596435547e+00,8.154756546020507812e+00,1.632279014587402344e+01,1.632279014587402344e+01,1.458191871643066406e+01,1.603004264831542969e+01
3.260000000000000000e+02,1.974008750915527344e+01,1.974008750915527344e+01,1.782246017456054688e+01,1.927547454833984375e+01,1.430213356018066406e+01,1.430213356018066406e+01,1.185465812683105469e+01,1.447776794433593750e+01,6.118977069854736328e+00,6.118977069854736328e+00,5.522745132446289062e+00,6.620810508728027344e+00,9.002977609634399414e-01,9.002977609634399414e-01,1.227212429046630859e+00,1.381760001182556152e+00,1.670336008071899414e+00,1.670336008071899414e+00,2.193786621093750000e+00,1.372964978218078613e+00,8.014905929565429688e+00,8.014905929565429688e+00,7.519378662109375000e+00,8.118371963500976562e+00,1.620578384399414062e+01,1.620578384399414062e+01,1.451550102233886719e+01,1.590036487579345703e+01
3.270000000000000000e+02,1.970622634887695312e+01,1.970622634887695312e+01,1.772595596313476562e+01,1.919079399108886719e+01,1.429436016082763672e+01,1.429436016082763672e+01,1.188766002655029297e+01,1.447087287902832031e+01,6.148458003997802734e+00,6.148458003997802734e+00,5.544280529022216797e+00,6.601267337799072266e+00,8.846594095230102539e-01,8.846594095230102539e-01,1.223499298095703125e+00,1.380950927734375000e+00,1.660768151283264160e+00,1.660768151283264160e+00,2.187995195388793945e+00,1.369400620460510254e+00,7.956408023834228516e+00,7.956408023834228516e+00,7.403946876525878906e+00,8.085646629333496094e+00,1.601293182373046875e+01,1.601293182373046875e+01,1.443248176574707031e+01,1.581451129913330078e+01
3.280000000000000000e+02,1.963704299926757812e+01,1.963704299926757812e+01,1.762362289428710938e+01,1.920198631286621094e+01,1.430773925781250000e+01,1.430773925781250000e+01,1.186561775207519531e+01,1.447122573852539062e+01,6.154448509216308594e+00,6.154448509216308594e+00,5.602507591247558594e+00,6.602624893188476562e+00,8.739973902702331543e-01,8.739973902702331543e-01,1.212389945983886719e+00,1.395511150360107422e+00,1.645590782165527344e+00,1.645590782165527344e+00,2.161889553070068359e+00,1.363406896591186523e+00,7.884899139404296875e+00,7.884899139404296875e+00,7.347651481628417969e+00,8.085149765014648438e+00,1.596541595458984375e+01,1.596541595458984375e+01,1.431907463073730469e+01,1.580706214904785156e+01
3.290000000000000000e+02,1.955526924133300781e+01,1.955526924133300781e+01,1.757956886291503906e+01,1.908149719238281250e+01,1.428133964538574219e+01,1.428133964538574219e+01,1.176727581024169922e+01,1.450096511840820312e+01,6.180750370025634766e+00,6.180750370025634766e+00,5.617159843444824219e+00,6.626269340515136719e+00,8.660162687301635742e-01,8.660162687301635742e-01,1.201828360557556152e+00,1.395573616027832031e+00,1.625996947288513184e+00,1.625996947288513184e+00,2.146143436431884766e+00,1.364772081375122070e+00,7.790263175964355469e+00,7.790263175964355469e+00,7.207524299621582031e+00,8.050828933715820312e+00,1.584131813049316406e+01,1.584131813049316406e+01,1.414092445373535156e+01,1.567476654052734375e+01
3.300000000000000000e+02,1.946585845947265625e+01,1.946585845947265625e+01,1.749069595336914062e+01,1.911173248291015625e+01,1.428694152832031250e+01,1.428694152832031250e+01,1.186427307128906250e+01,1.447125720977783203e+01,6.210972785949707031e+00,6.210972785949707031e+00,5.646456241607666016e+00,6.595079421997070312e+00,8.462250232696533203e-01,8.462250232696533203e-01,1.186610221862792969e+00,1.397759795188903809e+00,1.614229559898376465e+00,1.614229559898376465e+00,2.115908384323120117e+00,1.364002943038940430e+00,7.773788452148437500e+00,7.773788452148437500e+00,7.119725227355957031e+00,7.949908256530761719e+00,1.564809131622314453e+01,1.564809131622314453e+01,1.411005592346191406e+01,1.558090305328369141e+01
3.310000000000000000e+02,1.945511245727539062e+01,1.945511245727539062e+01,1.739331436157226562e+01,1.907496452331542969e+01,1.424092006683349609e+01,1.424092006683349609e+01,1.182666778564453125e+01,1.454650592803955078e+01,6.226254940032958984e+00,6.226254940032958984e+00,5.683046817779541016e+00,6.614500522613525391e+00,8.487941026687622070e-01,8.487941026687622070e-01,1.188587784767150879e+00,1.399995565414428711e+00,1.590106129646301270e+00,1.590106129646301270e+00,2.085456609725952148e+00,1.349019050598144531e+00,7.694747447967529297e+00,7.694747447967529297e+00,7.046040058135986328e+00,7.966119766235351562e+00,1.564722824096679688e+01,1.564722824096679688e+01,1.394336891174316406e+01,1.549547004699707031e+01
3.320000000000000000e+02,1.936677551269531250e+01,1.936677551269531250e+01,1.737131309509277344e+01,1.908919525146484375e+01,1.426195526123046875e+01,1.426195526123046875e+01,1.186893939971923828e+01,1.443647956848144531e+01,6.261214733123779297e+00,6.261214733123779297e+00,5.686103820800781250e+00,6.600918292999267578e+00,8.491815924644470215e-01,8.491815924644470215e-01,1.190102100372314453e+00,1.403570413589477539e+00,1.568442940711975098e+00,1.568442940711975098e+00,2.057452917098999023e+00,1.353595733642578125e+00,7.629196166992187500e+00,7.629196166992187500e+00,6.941190242767333984e+00,7.936555385589599609e+00,1.555160999298095703e+01,1.555160999298095703e+01,1.387514209747314453e+01,1.544031906127929688e+01
3.330000000000000000e+02,1.931735801696777344e+01,1.931735801696777344e+01,1.735295486450195312e+01,1.903469276428222656e+01,1.426913261413574219e+01,1.426913261413574219e+01,1.186291217803955078e+01,1.453855133056640625e+01,6.227172374725341797e+00,6.227172374725341797e+00,5.726810455322265625e+00,6.601715564727783203e+00,8.496906161308288574e-01,8.496906161308288574e-01,1.187089800834655762e+00,1.385936498641967773e+00,1.536782383918762207e+00,1.536782383918762207e+00,2.021028041839599609e+00,1.351524591445922852e+00,7.542483329772949219e+00,7.542483329772949219e+00,6.858682632446289062e+00,7.873380184173583984e+00,1.541091823577880859e+01,1.541091823577880859e+01,1.376885414123535156e+01,1.529917526245117188e+01
3.340000000000000000e+02,1.932401657104492188e+01,1.932401657104492188e+01,1.722937202453613281e+01,1.900947380065917969e+01,1.431402683258056641e+01,1.431402683258056641e+01,1.186340332031250000e+01,1.454144287109375000e+01,6.315554618835449219e+00,6.315554618835449219e+00,5.724346637725830078e+00,6.606354713439941406e+00,8.437438607215881348e-01,8.437438607215881348e-01,1.187139987945556641e+00,1.408070445060729980e+00,1.512055397033691406e+00,1.512055397033691406e+00,1.985916852951049805e+00,1.347802996635437012e+00,7.530854225158691406e+00,7.530854225158691406e+00,6.754888057708740234e+00,7.847468852996826172e+00,1.536123752593994141e+01,1.536123752593994141e+01,1.363290405273437500e+01,1.527279663085937500e+01
3.350000000000000000e+02,1.924897766113281250e+01,1.924897766113281250e+01,1.724279212951660156e+01,1.893611145019531250e+01,1.428875160217285156e+01,1.428875160217285156e+01,1.185297489166259766e+01,1.453816413879394531e+01,6.301304817199707031e+00,6.301304817199707031e+00,5.735235691070556641e+00,6.589691162109375000e+00,8.480165004730224609e-01,8.480165004730224609e-01,1.184055924415588379e+00,1.422714114189147949e+00,1.478079557418823242e+00,1.478079557418823242e+00,1.946820735931396484e+00,1.338103294372558594e+00,7.415767669677734375e+00,7.415767669677734375e+00,6.664694786071777344e+00,7.788294315338134766e+00,1.524935531616210938e+01,1.524935531616210938e+01,1.360089874267578125e+01,1.517379570007324219e+01
3.360000000000000000e+02,1.924773216247558594e+01,1.924773216247558594e+01,1.721373748779296875e+01,1.894554519653320312e+01,1.427030467987060547e+01,1.427030467987060547e+01,1.189941406250000000e+01,1.456654739379882812e+01,6.358161926269531250e+00,6.358161926269531250e+00,5.785607337951660156e+00,6.619540214538574219e+00,8.505753278732299805e-01,8.505753278732299805e-01,1.195565581321716309e+00,1.422209501266479492e+00,1.446609377861022949e+00,1.446609377861022949e+00,1.903241395950317383e+00,1.327696084976196289e+00,7.396275520324707031e+00,7.396275520324707031e+00,6.564194202423095703e+00,7.739198207855224609e+00,1.519491195678710938e+01,1.519491195678710938e+01,1.351827907562255859e+01,1.514742851257324219e+01
3.370000000000000000e+02,1.922714614868164062e+01,1.922714614868164062e+01,1.713770866394042969e+01,1.890744209289550781e+01,1.431882286071777344e+01,1.431882286071777344e+01,1.190619564056396484e+01,1.449115848541259766e+01,6.346134185791015625e+00,6.346134185791015625e+00,5.770755767822265625e+00,6.577280044555664062e+00,8.581049442291259766e-01,8.581049442291259766e-01,1.193872809410095215e+00,1.419910669326782227e+00,1.402151703834533691e+00,1.402151703834533691e+00,1.848144650459289551e+00,1.323896646499633789e+00,7.303389549255371094e+00,7.303389549255371094e+00,6.457528114318847656e+00,7.703261852264404297e+00,1.511562156677246094e+01,1.511562156677246094e+01,1.338532066345214844e+01,1.514391326904296875e+01
3.380000000000000000e+02,1.918979263305664062e+01,1.918979263305664062e+01,1.701308441162109375e+01,1.887847137451171875e+01,1.431702613830566406e+01,1.431702613830566406e+01,1.190951156616210938e+01,1.453351593017578125e+01,6.378728866577148438e+00,6.378728866577148438e+00,5.802212238311767578e+00,6.600249290466308594e+00,8.625304102897644043e-01,8.625304102897644043e-01,1.206236362457275391e+00,1.425628900527954102e+00,1.369416356086730957e+00,1.369416356086730957e+00,1.804468631744384766e+00,1.317096352577209473e+00,7.251489162445068359e+00,7.251489162445068359e+00,6.375821590423583984e+00,7.656598567962646484e+00,1.500916576385498047e+01,1.500916576385498047e+01,1.332019996643066406e+01,1.507021903991699219e+01
3.390000000000000000e+02,1.914645195007324219e+01,1.914645195007324219e+01,1.698259735107421875e+01,1.890590667724609375e+01,1.431207466125488281e+01,1.431207466125488281e+01,1.191156101226806641e+01,1.448439121246337891e+01,6.362819671630859375e+00,6.362819671630859375e+00,5.846504211425781250e+00,6.595287322998046875e+00,8.608317971229553223e-01,8.608317971229553223e-01,1.207537174224853516e+00,1.439289569854736328e+00,1.330509424209594727e+00,1.330509424209594727e+00,1.746531128883361816e+00,1.297083020210266113e+00,7.126007080078125000e+00,7.126007080078125000e+00,6.265966892242431641e+00,7.585700988769531250e+00,1.490853977203369141e+01,1.490853977203369141e+01,1.322709465026855469e+01,1.501494312286376953e+01
3.400000000000000000e+02,1.910953330993652344e+01,1.910953330993652344e+01,1.702238464355468750e+01,1.890518951416015625e+01,1.431965923309326172e+01,1.431965923309326172e+01,1.194661808013916016e+01,1.454673671722412109e+01,6.377100944519042969e+00,6.377100944519042969e+00,5.826689243316650391e+00,6.600668430328369141e+00,8.679403662681579590e-01,8.679403662681579590e-01,1.216665387153625488e+00,1.442984104156494141e+00,1.284818649291992188e+00,1.284818649291992188e+00,1.696446895599365234e+00,1.302152872085571289e+00,7.056231498718261719e+00,7.056231498718261719e+00,6.190762996673583984e+00,7.487946987152099609e+00,1.487141323089599609e+01,1.487141323089599609e+01,1.317518901824951172e+01,1.494069099426269531e+01
3.410000000000000000e+02,1.911670112609863281e+01,1.911670112609863281e+01,1.699564170837402344e+01,1.887503051757812500e+01,1.428295421600341797e+01,1.428295421600341797e+01,1.191608810424804688e+01,1.455384731292724609e+01,6.385623931884765625e+00,6.385623931884765625e+00,5.835901737213134766e+00,6.566851139068603516e+00,8.788845539093017578e-01,8.788845539093017578e-01,1.214085340499877930e+00,1.438908934593200684e+00,1.242719650268554688e+00,1.242719650268554688e+00,1.649335980415344238e+00,1.293945431709289551e+00,6.986495971679687500e+00,6.986495971679687500e+00,6.103592395782470703e+00,7.493653774261474609e+00,1.473368072509765625e+01,1.473368072509765625e+01,1.305756568908691406e+01,1.480693054199218750e+01
3.420000000000000000e+02,1.907783508300781250e+01,1.907783508300781250e+01,1.692151832580566406e+01,1.880916595458984375e+01,1.433312702178955078e+01,1.433312702178955078e+01,1.201224803924560547e+01,1.455648326873779297e+01,6.410758495330810547e+00,6.410758495330810547e+00,5.846023559570312500e+00,6.563341140747070312e+00,8.939199447631835938e-01,8.939199447631835938e-01,1.227102279663085938e+00,1.438965201377868652e+00,1.210738539695739746e+00,1.210738539695739746e+00,1.596978425979614258e+00,1.277665257453918457e+00,6.939245223999023438e+00,6.939245223999023438e+00,5.980603218078613281e+00,7.413586139678955078e+00,1.475077533721923828e+01,1.475077533721923828e+01,1.301602077484130859e+01,1.478559589385986328e+01
3.430000000000000000e+02,1.907195663452148438e+01,1.907195663452148438e+01,1.692647743225097656e+01,1.883516883850097656e+01,1.432497596740722656e+01,1.432497596740722656e+01,1.204574775695800781e+01,1.454957866668701172e+01,6.441007614135742188e+00,6.441007614135742188e+00,5.872024536132812500e+00,6.577788829803466797e+00,9.015252590179443359e-01,9.015252590179443359e-01,1.237480521202087402e+00,1.446505069732666016e+00,1.177893638610839844e+00,1.177893638610839844e+00,1.546980023384094238e+00,1.274307489395141602e+00,6.876582145690917969e+00,6.876582145690917969e+00,5.932575225830078125e+00,7.364041805267333984e+00,1.467809486389160156e+01,1.467809486389160156e+01,1.291283226013183594e+01,1.480557250976562500e+01
3.440000000000000000e+02,1.902360534667968750e+01,1.902360534667968750e+01,1.690937042236328125e+01,1.879785537719726562e+01,1.433583545684814453e+01,1.433583545684814453e+01,1.201934623718261719e+01,1.453524494171142578e+01,6.455808639526367188e+00,6.455808639526367188e+00,5.900864124298095703e+00,6.592831611633300781e+00,9.149397015571594238e-01,9.149397015571594238e-01,1.250270128250122070e+00,1.456024885177612305e+00,1.136374711990356445e+00,1.136374711990356445e+00,1.493125319480895996e+00,1.278465867042541504e+00,6.825873851776123047e+00,6.825873851776123047e+00,5.862677097320556641e+00,7.346506595611572266e+00,1.464159297943115234e+01,1.464159297943115234e+01,1.281981945037841797e+01,1.479315185546875000e+01
3.450000000000000000e+02,1.905101585388183594e+01,1.905101585388183594e+01,1.689110946655273438e+01,1.882450294494628906e+01,1.435041236877441406e+01,1.435041236877441406e+01,1.211500930786132812e+01,1.457141494750976562e+01,6.440549850463867188e+00,6.440549850463867188e+00,5.846096992492675781e+00,6.613983154296875000e+00,9.345019459724426270e-01,9.345019459724426270e-01,1.263248205184936523e+00,1.464910149574279785e+00,1.108174204826354980e+00,1.108174204826354980e+00,1.442167639732360840e+00,1.268523573875427246e+00,6.736262321472167969e+00,6.736262321472167969e+00,5.795180320739746094e+00,7.295255184173583984e+00,1.459990787506103516e+01,1.459990787506103516e+01,1.280065155029296875e+01,1.473395347595214844e+01
3.460000000000000000e+02,1.905969238281250000e+01,1.905969238281250000e+01,1.680520820617675781e+01,1.880510139465332031e+01,1.440256023406982422e+01,1.440256023406982422e+01,1.212504482269287109e+01,1.454722785949707031e+01,6.468308448791503906e+00,6.468308448791503906e+00,5.939642429351806641e+00,6.605061531066894531e+00,9.507944583892822266e-01,9.507944583892822266e-01,1.278999090194702148e+00,1.484140157699584961e+00,1.075472474098205566e+00,1.075472474098205566e+00,1.401168584823608398e+00,1.266018867492675781e+00,6.667885780334472656e+00,6.667885780334472656e+00,5.710151195526123047e+00,7.279019832611083984e+00,1.451949214935302734e+01,1.451949214935302734e+01,1.276627731323242188e+01,1.474489212036132812e+01
3.470000000000000000e+02,1.898208236694335938e+01,1.898208236694335938e+01,1.683632278442382812e+01,1.887159347534179688e+01,1.440856933593750000e+01,1.440856933593750000e+01,1.214697647094726562e+01,1.457119941711425781e+01,6.468653678894042969e+00,6.468653678894042969e+00,5.953680038452148438e+00,6.613221168518066406e+00,9.671419262886047363e-01,9.671419262886047363e-01,1.294685244560241699e+00,1.481870412826538086e+00,1.045734286308288574e+00,1.045734286308288574e+00,1.348637223243713379e+00,1.274291157722473145e+00,6.622829437255859375e+00,6.622829437255859375e+00,5.644404888153076172e+00,7.231799125671386719e+00,1.447962760925292969e+01,1.447962760925292969e+01,1.267637062072753906e+01,1.467550849914550781e+01
3.480000000000000000e+02,1.893918800354003906e+01,1.893918800354003906e+01,1.685337448120117188e+01,1.889130401611328125e+01,1.437319660186767578e+01,1.437319660186767578e+01,1.218952655792236328e+01,1.452781486511230469e+01,6.468518733978271484e+00,6.468518733978271484e+00,5.956892490386962891e+00,6.655265808105468750e+00,9.865961074829101562e-01,9.865961074829101562e-01,1.305607914924621582e+00,1.508426189422607422e+00,1.004150748252868652e+00,1.004150748252868652e+00,1.302630424499511719e+00,1.279849290847778320e+00,6.504718303680419922e+00,6.504718303680419922e+00,5.621715068817138672e+00,7.165722370147705078e+00,1.446912097930908203e+01,1.446912097930908203e+01,1.269568252563476562e+01,1.461101913452148438e+01
3.490000000000000000e+02,1.901663208007812500e+01,1.901663208007812500e+01,1.685820770263671875e+01,1.888209152221679688e+01,1.441958904266357422e+01,1.441958904266357422e+01,1.223967933654785156e+01,1.460239887237548828e+01,6.506397247314453125e+00,6.506397247314453125e+00,5.986288547515869141e+00,6.647418022155761719e+00,1.013208985328674316e+00,1.013208985328674316e+00,1.338995456695556641e+00,1.518797874450683594e+00,9.804947972297668457e-01,9.804947972297668457e-01,1.266215085983276367e+00,1.289666414260864258e+00,6.493030071258544922e+00,6.493030071258544922e+00,5.561531066894531250e+00,7.074806213378906250e+00,1.442572021484375000e+01,1.442572021484375000e+01,1.261938667297363281e+01,1.460974502563476562e+01
3.500000000000000000e+02,1.903468704223632812e+01,1.903468704223632812e+01,1.683227729797363281e+01,1.887262344360351562e+01,1.445927906036376953e+01,1.445927906036376953e+01,1.230120277404785156e+01,1.460614585876464844e+01,6.523447990417480469e+00,6.523447990417480469e+00,6.024520397186279297e+00,6.681027412414550781e+00,1.029238939285278320e+00,1.029238939285278320e+00,1.347450971603393555e+00,1.528295397758483887e+00,9.606065750122070312e-01,9.606065750122070312e-01,1.226279616355895996e+00,1.304486751556396484e+00,6.452808380126953125e+00,6.452808380126953125e+00,5.482264518737792969e+00,7.104739189147949219e+00,1.439633750915527344e+01,1.439633750915527344e+01,1.261192321777343750e+01,1.457752227783203125e+01
3.510000000000000000e+02,1.903356933593750000e+01,1.903356933593750000e+01,1.678825378417968750e+01,1.889211463928222656e+01,1.447270298004150391e+01,1.447270298004150391e+01,1.239798259735107422e+01,1.461483478546142578e+01,6.569346427917480469e+00,6.569346427917480469e+00,6.048283576965332031e+00,6.714981079101562500e+00,1.052473068237304688e+00,1.052473068237304688e+00,1.374934315681457520e+00,1.545531153678894043e+00,9.300014376640319824e-01,9.300014376640319824e-01,1.199460387229919434e+00,1.311452865600585938e+00,6.412019729614257812e+00,6.412019729614257812e+00,5.465077877044677734e+00,7.050359725952148438e+00,1.434275150299072266e+01,1.434275150299072266e+01,1.252847003936767578e+01,1.454956245422363281e+01
3.520000000000000000e+02,1.901206779479980469e+01,1.901206779479980469e+01,1.685930633544921875e+01,1.889563941955566406e+01,1.453602600097656250e+01,1.453602600097656250e+01,1.243477058410644531e+01,1.463448715209960938e+01,6.593582630157470703e+00,6.593582630157470703e+00,6.086060523986816406e+00,6.738778114318847656e+00,1.069724678993225098e+00,1.069724678993225098e+00,1.400372743606567383e+00,1.559141755104064941e+00,9.161761999130249023e-01,9.161761999130249023e-01,1.171955943107604980e+00,1.334270238876342773e+00,6.371742725372314453e+00,6.371742725372314453e+00,5.428656101226806641e+00,7.053665161132812500e+00,1.432383060455322266e+01,1.432383060455322266e+01,1.252430152893066406e+01,1.453431987762451172e+01
3.530000000000000000e+02,1.900383567810058594e+01,1.900383567810058594e+01,1.687296485900878906e+01,1.887495422363281250e+01,1.452353382110595703e+01,1.452353382110595703e+01,1.246513175964355469e+01,1.465158843994140625e+01,6.625947952270507812e+00,6.625947952270507812e+00,6.136341094970703125e+00,6.773831367492675781e+00,1.097473025321960449e+00,1.097473025321960449e+00,1.414352297782897949e+00,1.560846805572509766e+00,8.964850902557373047e-01,8.964850902557373047e-01,1.138566255569458008e+00,1.347722649574279785e+00,6.332875728607177734e+00,6.332875728607177734e+00,5.397912979125976562e+00,7.007962226867675781e+00,1.433193016052246094e+01,1.433193016052246094e+01,1.246205711364746094e+01,1.459725666046142578e+01
3.540000000000000000e+02,1.902389717102050781e+01,1.902389717102050781e+01,1.685419082641601562e+01,1.894314002990722656e+01,1.458222007751464844e+01,1.458222007751464844e+01,1.244526576995849609e+01,1.468355846405029297e+01,6.652279853820800781e+00,6.652279853820800781e+00,6.142552852630615234e+00,6.792132377624511719e+00,1.110525369644165039e+00,1.110525369644165039e+00,1.431995034217834473e+00,1.578039884567260742e+00,8.834346532821655273e-01,8.834346532821655273e-01,1.115572571754455566e+00,1.365977287292480469e+00,6.312657356262207031e+00,6.312657356262207031e+00,5.378297328948974609e+00,6.977434158325195312e+00,1.432068920135498047e+01,1.432068920135498047e+01,1.246216297149658203e+01,1.458002567291259766e+01
3.550000000000000000e+02,1.909122467041015625e+01,1.909122467041015625e+01,1.681282424926757812e+01,1.888442230224609375e+01,1.464255428314208984e+01,1.464255428314208984e+01,1.262142372131347656e+01,1.465463352203369141e+01,6.695920467376708984e+00,6.695920467376708984e+00,6.183548450469970703e+00,6.821304321289062500e+00,1.127801775932312012e+00,1.127801775932312012e+00,1.466647863388061523e+00,1.591651320457458496e+00,8.797256350517272949e-01,8.797256350517272949e-01,1.098999619483947754e+00,1.378545165061950684e+00,6.289868831634521484e+00,6.289868831634521484e+00,5.363070964813232422e+00,6.962566852569580078e+00,1.430203819274902344e+01,1.430203819274902344e+01,1.248865509033203125e+01,1.456743621826171875e+01
3.560000000000000000e+02,1.906111717224121094e+01,1.906111717224121094e+01,1.684444808959960938e+01,1.894473648071289062e+01,1.466900825500488281e+01,1.466900825500488281e+01,1.268426132202148438e+01,1.469266510009765625e+01,6.724898338317871094e+00,6.724898338317871094e+00,6.192701339721679688e+00,6.850756168365478516e+00,1.157761216163635254e+00,1.157761216163635254e+00,1.478357791900634766e+00,1.595278501510620117e+00,8.682343363761901855e-01,8.682343363761901855e-01,1.081260085105895996e+00,1.396441817283630371e+00,6.268455982208251953e+00,6.268455982208251953e+00,5.349420547485351562e+00,6.953111171722412109e+00,1.431678962707519531e+01,1.431678962707519531e+01,1.246730518341064453e+01,1.454279327392578125e+01
3.570000000000000000e+02,1.906392669677734375e+01,1.906392669677734375e+01,1.691205215454101562e+01,1.894352722167968750e+01,1.472294616699218750e+01,1.472294616699218750e+01,1.277511119842529297e+01,1.475370025634765625e+01,6.711325168609619141e+00,6.711325168609619141e+00,6.249622344970703125e+00,6.864573955535888672e+00,1.162440061569213867e+00,1.162440061569213867e+00,1.488394975662231445e+00,1.602209568023681641e+00,8.552626371383666992e-01,8.552626371383666992e-01,1.068481445312500000e+00,1.420509457588195801e+00,6.197511672973632812e+00,6.197511672973632812e+00,5.321988105773925781e+00,6.941662788391113281e+00,1.427819538116455078e+01,1.427819538116455078e+01,1.239559173583984375e+01,1.447228813171386719e+01
3.580000000000000000e+02,1.908816337585449219e+01,1.908816337585449219e+01,1.692171669006347656e+01,1.893797302246093750e+01,1.477233028411865234e+01,1.477233028411865234e+01,1.287546730041503906e+01,1.474915885925292969e+01,6.752565860748291016e+00,6.752565860748291016e+00,6.277703285217285156e+00,6.913913249969482422e+00,1.177785277366638184e+00,1.177785277366638184e+00,1.509029865264892578e+00,1.609182715415954590e+00,8.515627384185791016e-01,8.515627384185791016e-01,1.046023845672607422e+00,1.445554018020629883e+00,6.187632560729980469e+00,6.187632560729980469e+00,5.283488750457763672e+00,6.892069339752197266e+00,1.427014541625976562e+01,1.427014541625976562e+01,1.237777233123779297e+01,1.454877185821533203e+01
3.590000000000000000e+02,1.909362411499023438e+01,1.909362411499023438e+01,1.696244049072265625e+01,1.902532386779785156e+01,1.480997753143310547e+01,1.480997753143310547e+01,1.291225433349609375e+01,1.477112579345703125e+01,6.802065849304199219e+00,6.802065849304199219e+00,6.312311172485351562e+00,6.929014682769775391e+00,1.193743228912353516e+00,1.193743228912353516e+00,1.530934572219848633e+00,1.624272704124450684e+00,8.597930669784545898e-01,8.597930669784545898e-01,1.031828761100769043e+00,1.459010004997253418e+00,6.172878742218017578e+00,6.172878742218017578e+00,5.276994228363037109e+00,6.831312179565429688e+00,1.423517894744873047e+01,1.423517894744873047e+01,1.241320705413818359e+01,1.450189685821533203e+01
