0.000000000000000000e+00,5.096767902374267578e+00,5.096767902374267578e+00,3.363675594329833984e+00,6.163019180297851562e+00,3.761514186859130859e+00,3.761514186859130859e+00,1.667653679847717285e+00,5.099209785461425781e+00,5.027776956558227539e-01,5.027776956558227539e-01,0.000000000000000000e+00,1.975685954093933105e+00,0.000000000000000000e+00,0.000000000000000000e+00,0.000000000000000000e+00,3.432213068008422852e-01,0.000000000000000000e+00,0.000000000000000000e+00,0.000000000000000000e+00,0.000000000000000000e+00,2.799608111381530762e-01,2.799608111381530762e-01,7.520844042301177979e-02,1.390825152397155762e+00,3.446403741836547852e+00,3.446403741836547852e+00,1.870218992233276367e+00,4.742825031280517578e+00
1.000000000000000000e+00,5.103111267089843750e+00,5.103111267089843750e+00,3.361312866210937500e+00,6.172934532165527344e+00,3.707857608795166016e+00,3.707857608795166016e+00,1.623959541320800781e+00,5.055868625640869141e+00,4.281001389026641846e-01,4.281001389026641846e-01,0.000000000000000000e+00,1.915126085281372070e+00,0.000000000000000000e+00,0.000000000000000000e+00,0.000000000000000000e+00,3.418057560920715332e-01,0.000000000000000000e+00,0.000000000000000000e+00,0.000000000000000000e+00,0.000000000000000000e+00,2.875087857246398926e-01,2.875087857246398926e-01,8.365771174430847168e-02,1.470474481582641602e+00,3.509031295776367188e+00,3.509031295776367188e+00,1.920969843864440918e+00,4.804570674896240234e+00
2.000000000000000000e+00,5.106581211090087891e+00,5.106581211090087891e+00,3.356657505035400391e+00,6.179738521575927734e+00,3.652047872543334961e+00,3.652047872543334961e+00,1.578737616539001465e+00,5.010067939758300781e+00,3.803336620330810547e-01,3.803336620330810547e-01,0.000000000000000000e+00,1.853631377220153809e+00,0.000000000000000000e+00,0.000000000000000000e+00,0.000000000000000000e+00,3.401038944721221924e-01,0.000000000000000000e+00,0.000000000000000000e+00,0.000000000000000000e+00,7.385998498648405075e-03,3.221392035484313965e-01,3.221392035484313965e-01,9.184154123067855835e-02,1.549793481826782227e+00,3.569748401641845703e+00,3.569748401641845703e+00,1.970181226730346680e+00,4.864084243774414062e+00
3.000000000000000000e+00,5.107172966003417969e+00,5.107172966003417969e+00,3.352487564086914062e+00,6.183424949645996094e+00,3.594152450561523438e+00,3.594152450561523438e+00,1.532064795494079590e+00,4.961865901947021484e+00,3.553307652473449707e-01,3.553307652473449707e-01,0.000000000000000000e+00,1.791281938552856445e+00,0.000000000000000000e+00,0.000000000000000000e+00,0.000000000000000000e+00,3.381228148937225342e-01,0.000000000000000000e+00,0.000000000000000000e+00,0.000000000000000000e+00,1.686416566371917725e-02,3.796041309833526611e-01,3.796041309833526611e-01,9.975133836269378662e-02,1.628688812255859375e+00,3.628480434417724609e+00,3.628480434417724609e+00,2.017794132232666016e+00,4.921296119689941406e+00
4.000000000000000000e+00,5.104887485504150391e+00,5.104887485504150391e+00,3.347650527954101562e+00,6.183994770050048828e+00,3.534243822097778320e+00,3.534243822097778320e+00,1.484835982322692871e+00,4.911326885223388672e+00,3.298950493335723877e-01,3.298950493335723877e-01,0.000000000000000000e+00,1.728159427642822266e+00,0.000000000000000000e+00,0.000000000000000000e+00,0.000000000000000000e+00,3.358696997165679932e-01,0.000000000000000000e+00,0.000000000000000000e+00,0.000000000000000000e+00,2.620155923068523407e-02,4.366065859794616699e-01,4.366065859794616699e-01,1.073790788650512695e-01,1.707067728042602539e+00,3.685156822204589844e+00,3.685156822204589844e+00,2.063752174377441406e+00,4.976140499114990234e+00
5.000000000000000000e+00,5.099773406982421875e+00,5.099773406982421875e+00,3.343148708343505859e+00,6.181446075439453125e+00,3.477565288543701172e+00,3.477565288543701172e+00,1.444138050079345703e+00,4.860050201416015625e+00,3.113241791725158691e-01,3.113241791725158691e-01,9.643109515309333801e-03,1.667764306068420410e+00,5.104282405227422714e-03,5.104282405227422714e-03,7.699421606957912445e-03,3.348280787467956543e-01,0.000000000000000000e+00,0.000000000000000000e+00,0.000000000000000000e+00,3.538525849580764771e-02,4.930770397186279297e-01,4.930770397186279297e-01,1.147169619798660278e-01,1.784837484359741211e+00,3.739706993103027344e+00,3.739706993103027344e+00,2.107999801635742188e+00,5.028552055358886719e+00
6.000000000000000000e+00,5.092328548431396484e+00,5.092328548431396484e+00,3.341041564941406250e+00,6.175786972045898438e+00,3.427753686904907227e+00,3.427753686904907227e+00,1.415179967880249023e+00,4.809356689453125000e+00,3.041940033435821533e-01,3.041940033435821533e-01,3.496259450912475586e-02,1.612315177917480469e+00,1.817955449223518372e-02,1.817955449223518372e-02,2.762376330792903900e-02,3.356333971023559570e-01,0.000000000000000000e+00,0.000000000000000000e+00,0.000000000000000000e+00,4.440245404839515686e-02,5.489468574523925781e-01,5.489468574523925781e-01,1.217577084898948669e-01,1.861906051635742188e+00,3.792066097259521484e+00,3.792066097259521484e+00,2.150486946105957031e+00,5.078471183776855469e+00
7.000000000000000000e+00,5.082689285278320312e+00,5.082689285278320312e+00,3.337315320968627930e+00,6.167024612426757812e+00,3.376600980758666992e+00,3.376600980758666992e+00,1.385511875152587891e+00,4.756930828094482422e+00,2.995513081550598145e-01,2.995513081550598145e-01,6.024980172514915466e-02,1.556312799453735352e+00,3.076158650219440460e-02,3.076158650219440460e-02,4.710134491324424744e-02,3.357498943805694580e-01,0.000000000000000000e+00,0.000000000000000000e+00,0.000000000000000000e+00,5.324043333530426025e-02,6.070060729980468750e-01,6.070060729980468750e-01,1.284944117069244385e-01,1.938181161880493164e+00,3.842169046401977539e+00,3.842169046401977539e+00,2.191162347793579102e+00,5.125837326049804688e+00
8.000000000000000000e+00,5.070868492126464844e+00,5.070868492126464844e+00,3.331981182098388672e+00,6.155170440673828125e+00,3.324170112609863281e+00,3.324170112609863281e+00,1.355179309844970703e+00,4.702831268310546875e+00,3.148006498813629150e-01,3.148006498813629150e-01,8.548136800527572632e-02,1.499821901321411133e+00,4.283504188060760498e-02,4.283504188060760498e-02,6.611590087413787842e-02,3.351744115352630615e-01,0.000000000000000000e+00,0.000000000000000000e+00,0.000000000000000000e+00,6.188679859042167664e-02,6.845825910568237305e-01,6.845825910568237305e-01,1.349205374717712402e-01,2.013571262359619141e+00,3.889955520629882812e+00,3.889955520629882812e+00,2.229979991912841797e+00,5.170595169067382812e+00
9.000000000000000000e+00,5.056879043579101562e+00,5.056879043579101562e+00,3.325050354003906250e+00,6.140242099761962891e+00,3.270524978637695312e+00,3.270524978637695312e+00,1.324227571487426758e+00,4.647118568420410156e+00,3.296665549278259277e-01,3.296665549278259277e-01,1.106340363621711731e-01,1.442907094955444336e+00,5.438522621989250183e-02,5.438522621989250183e-02,8.465173095464706421e-02,3.339045941829681396e-01,0.000000000000000000e+00,0.000000000000000000e+00,0.000000000000000000e+00,7.032918184995651245e-02,7.613251805305480957e-01,7.613251805305480957e-01,1.410300880670547485e-01,2.087985515594482422e+00,3.935367584228515625e+00,3.935367584228515625e+00,2.266895771026611328e+00,5.212691307067871094e+00
1.000000000000000000e+01,5.040738582611083984e+00,5.040738582611083984e+00,3.316535472869873047e+00,6.122255325317382812e+00,3.215730190277099609e+00,3.215730190277099609e+00,1.292703151702880859e+00,4.589852333068847656e+00,3.441306948661804199e-01,3.441306948661804199e-01,1.356845349073410034e-01,1.385632157325744629e+00,6.539802998304367065e-02,6.539802998304367065e-02,1.026936471462249756e-01,3.319386541843414307e-01,0.000000000000000000e+00,0.000000000000000000e+00,0.000000000000000000e+00,7.855557650327682495e-02,8.371399641036987305e-01,8.371399641036987305e-01,1.468172818422317505e-01,2.161333560943603516e+00,3.978348493576049805e+00,3.978348493576049805e+00,2.301867008209228516e+00,5.252073287963867188e+00
1.100000000000000000e+01,5.022467613220214844e+00,5.022467613220214844e+00,3.306455612182617188e+00,6.101235389709472656e+00,3.159853935241699219e+00,3.159853935241699219e+00,1.260654449462890625e+00,4.531095981597900391e+00,3.581756353378295898e-01,3.581756353378295898e-01,1.606099009513854980e-01,1.328061819076538086e+00,7.586007565259933472e-02,7.586007565259933472e-02,1.202271953225135803e-01,3.292756378650665283e-01,0.000000000000000000e+00,0.000000000000000000e+00,0.000000000000000000e+00,8.655402809381484985e-02,9.119350910186767578e-01,9.119350910186767578e-01,1.522770822048187256e-01,2.233527183532714844e+00,4.018847942352294922e+00,4.018847942352294922e+00,2.334856033325195312e+00,5.288696289062500000e+00
1.200000000000000000e+01,5.002247810363769531e+00,5.002247810363769531e+00,3.294827461242675781e+00,6.081180572509765625e+00,3.110007286071777344e+00,3.110007286071777344e+00,1.229781627655029297e+00,4.481923580169677734e+00,3.815855681896209717e-01,3.815855681896209717e-01,1.895169764757156372e-01,1.283749818801879883e+00,9.257581084966659546e-02,9.257581084966659546e-02,1.386861205101013184e-01,3.367220461368560791e-01,0.000000000000000000e+00,0.000000000000000000e+00,0.000000000000000000e+00,9.431294351816177368e-02,9.856191277503967285e-01,9.856191277503967285e-01,1.574046760797500610e-01,2.304477214813232422e+00,4.056815624237060547e+00,4.056815624237060547e+00,2.365826129913330078e+00,5.322513580322265625e+00
1.300000000000000000e+01,4.980307579040527344e+00,4.980307579040527344e+00,3.281671762466430664e+00,6.058738708496093750e+00,3.059927940368652344e+00,3.059927940368652344e+00,1.198811292648315430e+00,4.432342529296875000e+00,4.051865339279174805e-01,4.051865339279174805e-01,2.185202091932296753e-01,1.240161418914794922e+00,1.089139282703399658e-01,1.089139282703399658e-01,1.564754843711853027e-01,3.439615070819854736e-01,0.000000000000000000e+00,0.000000000000000000e+00,0.000000000000000000e+00,1.018208786845207214e-01,1.058102250099182129e+00,1.058102250099182129e+00,1.621956974267959595e-01,2.374096393585205078e+00,4.092204093933105469e+00,4.092204093933105469e+00,2.394743442535400391e+00,5.353482246398925781e+00
1.400000000000000000e+01,4.956674575805664062e+00,4.956674575805664062e+00,3.267012357711791992e+00,6.033686161041259766e+00,3.009214639663696289e+00,3.009214639663696289e+00,1.167683959007263184e+00,4.381677150726318359e+00,4.282939732074737549e-01,4.282939732074737549e-01,2.473109066486358643e-01,1.196445465087890625e+00,1.243902072310447693e-01,1.243902072310447693e-01,1.734724044799804688e-01,3.502553403377532959e-01,0.000000000000000000e+00,0.000000000000000000e+00,0.000000000000000000e+00,1.090667620301246643e-01,1.129296302795410156e+00,1.129296302795410156e+00,1.666463762521743774e-01,2.442298889160156250e+00,4.124971866607666016e+00,4.124971866607666016e+00,2.421577930450439453e+00,5.381564140319824219e+00
1.500000000000000000e+01,4.931377887725830078e+00,4.931377887725830078e+00,3.250875234603881836e+00,6.006054401397705078e+00,2.957929134368896484e+00,2.957929134368896484e+00,1.136443853378295898e+00,4.329988002777099609e+00,4.508794844150543213e-01,4.508794844150543213e-01,2.758565247058868408e-01,1.152652144432067871e+00,1.389856338500976562e-01,1.389856338500976562e-01,1.896588504314422607e-01,3.555966019630432129e-01,0.000000000000000000e+00,0.000000000000000000e+00,0.000000000000000000e+00,1.160396859049797058e-01,1.199114441871643066e+00,1.199114441871643066e+00,1.707532405853271484e-01,2.508999824523925781e+00,4.155078887939453125e+00,4.155078887939453125e+00,2.446301937103271484e+00,5.406724929809570312e+00
1.600000000000000000e+01,4.904448509216308594e+00,4.904448509216308594e+00,3.233286857604980469e+00,5.975879192352294922e+00,2.906132698059082031e+00,2.906132698059082031e+00,1.105134844779968262e+00,4.277330875396728516e+00,4.729157686233520508e-01,4.729157686233520508e-01,3.041252195835113525e-01,1.108832597732543945e+00,1.526825428009033203e-01,1.526825428009033203e-01,2.050179541110992432e-01,3.599795997142791748e-01,0.000000000000000000e+00,0.000000000000000000e+00,0.000000000000000000e+00,1.227291375398635864e-01,1.267471551895141602e+00,1.267471551895141602e+00,1.745133846998214722e-01,2.574115753173828125e+00,4.182487487792968750e+00,4.182487487792968750e+00,2.468890666961669922e+00,5.428928852081298828e+00
1.700000000000000000e+01,4.875918865203857422e+00,4.875918865203857422e+00,3.214277744293212891e+00,5.943198204040527344e+00,2.853890180587768555e+00,2.853890180587768555e+00,1.073802590370178223e+00,4.223764419555664062e+00,4.943758845329284668e-01,4.943758845329284668e-01,3.320853412151336670e-01,1.065036654472351074e+00,1.654641777276992798e-01,1.654641777276992798e-01,2.195337861776351929e-01,3.633994460105895996e-01,0.000000000000000000e+00,0.000000000000000000e+00,0.000000000000000000e+00,1.291248500347137451e-01,1.334284543991088867e+00,1.334284543991088867e+00,1.956680119037628174e-01,2.637564897537231445e+00,4.207164764404296875e+00,4.207164764404296875e+00,2.489322423934936523e+00,5.448148727416992188e+00
1.800000000000000000e+01,4.845824241638183594e+00,4.845824241638183594e+00,3.193879127502441406e+00,5.908054828643798828e+00,2.801264047622680664e+00,2.801264047622680664e+00,1.042491555213928223e+00,4.169349193572998047e+00,5.152336955070495605e-01,5.152336955070495605e-01,3.597056269645690918e-01,1.021313548088073730e+00,1.773150265216827393e-01,1.773150265216827393e-01,2.331914901733398438e-01,3.658525347709655762e-01,0.000000000000000000e+00,0.000000000000000000e+00,0.000000000000000000e+00,1.352168023586273193e-01,1.399472117424011230e+00,1.399472117424011230e+00,2.412779182195663452e-01,2.699267387390136719e+00,4.229081153869628906e+00,4.229081153869628906e+00,2.507578134536743164e+00,5.464357376098632812e+00
1.900000000000000000e+01,4.814199447631835938e+00,4.814199447631835938e+00,3.172124862670898438e+00,5.870488643646240234e+00,2.748318433761596680e+00,2.748318433761596680e+00,1.011247038841247559e+00,4.114142417907714844e+00,5.354636907577514648e-01,5.354636907577514648e-01,3.869550526142120361e-01,1.016246199607849121e+00,1.882205903530120850e-01,1.882205903530120850e-01,2.459770590066909790e-01,3.673361241817474365e-01,0.000000000000000000e+00,0.000000000000000000e+00,0.000000000000000000e+00,1.409954428672790527e-01,1.462954282760620117e+00,1.462954282760620117e+00,2.858552336692810059e-01,2.759142875671386719e+00,4.248208999633789062e+00,4.248208999633789062e+00,2.523641586303710938e+00,5.477530479431152344e+00
2.000000000000000000e+01,4.781330585479736328e+00,4.781330585479736328e+00,3.149051666259765625e+00,5.833518981933593750e+00,2.716654539108276367e+00,2.716654539108276367e+00,9.895220994949340820e-01,4.074321269989013672e+00,5.748739838600158691e-01,5.748739838600158691e-01,4.282751977443695068e-01,1.034825444221496582e+00,2.120180428028106689e-01,2.120180428028106689e-01,2.669728100299835205e-01,3.836510181427001953e-01,7.338732481002807617e-03,7.338732481002807617e-03,0.000000000000000000e+00,1.464514881372451782e-01,1.524654150009155273e+00,1.524654150009155273e+00,3.293514251708984375e-01,2.817116737365722656e+00,4.264525413513183594e+00,4.264525413513183594e+00,2.537500619888305664e+00,5.487649917602539062e+00
2.100000000000000000e+01,4.747948169708251953e+00,4.747948169708251953e+00,3.124696016311645508e+00,5.796223163604736328e+00,2.692258834838867188e+00,2.692258834838867188e+00,9.723415374755859375e-01,4.040974140167236328e+00,6.217447519302368164e-01,6.217447519302368164e-01,4.750983715057373047e-01,1.061572551727294922e+00,2.399369031190872192e-01,2.399369031190872192e-01,2.902697622776031494e-01,4.049500226974487305e-01,1.572127826511859894e-02,1.572127826511859894e-02,0.000000000000000000e+00,1.515760123729705811e-01,1.584496617317199707e+00,1.584496617317199707e+00,3.717192113399505615e-01,2.873112201690673828e+00,4.278011322021484375e+00,4.278011322021484375e+00,2.549145221710205078e+00,5.494697570800781250e+00
2.200000000000000000e+01,4.714131832122802734e+00,4.714131832122802734e+00,3.099099397659301758e+00,5.757561206817626953e+00,2.668060779571533203e+00,2.668060779571533203e+00,9.559505581855773926e-01,4.007600784301757812e+00,6.678578853607177734e-01,6.678578853607177734e-01,5.214108228683471680e-01,1.087743163108825684e+00,2.661432325839996338e-01,2.661432325839996338e-01,3.120047152042388916e-01,4.283834695816040039e-01,2.377726696431636810e-02,2.377726696431636810e-02,0.000000000000000000e+00,1.598473042249679565e-01,1.642408609390258789e+00,1.642408609390258789e+00,4.129126071929931641e-01,2.927057266235351562e+00,4.288649082183837891e+00,4.288649082183837891e+00,2.558568239212036133e+00,5.498660564422607422e+00
2.300000000000000000e+01,4.679925441741943359e+00,4.679925441741943359e+00,3.072302341461181641e+00,5.717581272125244141e+00,2.644088745117187500e+00,2.644088745117187500e+00,9.403730630874633789e-01,3.974236249923706055e+00,7.131575345993041992e-01,7.131575345993041992e-01,5.671545863151550293e-01,1.113307952880859375e+00,2.906051874160766602e-01,2.906051874160766602e-01,3.321497142314910889e-01,4.514266550540924072e-01,3.149694576859474182e-02,3.149694576859474182e-02,0.000000000000000000e+00,1.680147051811218262e-01,1.698319554328918457e+00,1.698319554328918457e+00,4.528878927230834961e-01,2.978880643844604492e+00,4.296426773071289062e+00,4.296426773071289062e+00,2.565766096115112305e+00,5.499528884887695312e+00
2.400000000000000000e+01,4.645369529724121094e+00,4.645369529724121094e+00,3.044348716735839844e+00,5.676335811614990234e+00,2.620373487472534180e+00,2.620373487472534180e+00,9.256325960159301758e-01,3.940917730331420898e+00,7.575881481170654297e-01,7.575881481170654297e-01,6.122722029685974121e-01,1.138238072395324707e+00,3.132929205894470215e-01,3.132929205894470215e-01,3.507129549980163574e-01,4.733496904373168945e-01,3.887089714407920837e-02,3.887089714407920837e-02,0.000000000000000000e+00,1.759960055351257324e-01,1.752161383628845215e+00,1.752161383628845215e+00,4.916024804115295410e-01,3.028513431549072266e+00,4.301334381103515625e+00,4.301334381103515625e+00,2.571570158004760742e+00,5.497296333312988281e+00
2.500000000000000000e+01,4.610505104064941406e+00,4.610505104064941406e+00,3.015282869338989258e+00,5.633875846862792969e+00,2.596941947937011719e+00,2.596941947937011719e+00,9.117506742477416992e-01,3.907679319381713867e+00,8.010958433151245117e-01,8.010958433151245117e-01,6.567070484161376953e-01,1.162505507469177246e+00,3.341788053512573242e-01,3.341788053512573242e-01,3.695329725742340088e-01,4.941370487213134766e-01,4.589013010263442993e-02,4.589013010263442993e-02,0.000000000000000000e+00,1.837811022996902466e-01,1.803868293762207031e+00,1.803868293762207031e+00,5.290157198905944824e-01,3.075888633728027344e+00,4.303365230560302734e+00,4.303365230560302734e+00,2.579857110977172852e+00,5.491956710815429688e+00
2.600000000000000000e+01,4.575376033782958984e+00,4.575376033782958984e+00,2.985152959823608398e+00,5.590254306793212891e+00,2.573824405670166016e+00,2.573824405670166016e+00,8.987504243850708008e-01,3.874557495117187500e+00,8.436275720596313477e-01,8.436275720596313477e-01,7.004031538963317871e-01,1.186082363128662109e+00,3.532373905181884766e-01,3.532373905181884766e-01,3.869827389717102051e-01,5.137744545936584473e-01,5.254606157541275024e-02,5.254606157541275024e-02,0.000000000000000000e+00,1.913601458072662354e-01,1.853377580642700195e+00,1.853377580642700195e+00,5.785880684852600098e-01,3.120942592620849609e+00,4.302517890930175781e+00,4.302517890930175781e+00,2.586487293243408203e+00,5.483513832092285156e+00
2.700000000000000000e+01,4.540025234222412109e+00,4.540025234222412109e+00,2.954007148742675781e+00,5.547781944274902344e+00,2.551048278808593750e+00,2.551048278808593750e+00,8.866521716117858887e-01,3.841586351394653320e+00,8.851313591003417969e-01,8.851313591003417969e-01,7.433055639266967773e-01,1.208942055702209473e+00,3.704454004764556885e-01,3.704454004764556885e-01,4.030436277389526367e-01,5.322486162185668945e-01,5.883062258362770081e-02,5.883062258362770081e-02,0.000000000000000000e+00,1.987233012914657593e-01,1.900629043579101562e+00,1.900629043579101562e+00,6.318790912628173828e-01,3.163613557815551758e+00,4.298793315887451172e+00,4.298793315887451172e+00,2.591467380523681641e+00,5.471968650817871094e+00
2.800000000000000000e+01,4.504496097564697266e+00,4.504496097564697266e+00,2.922655820846557617e+00,5.508612632751464844e+00,2.528641223907470703e+00,2.528641223907470703e+00,8.754764795303344727e-01,3.808800458908081055e+00,9.255567789077758789e-01,9.255567789077758789e-01,7.853602170944213867e-01,1.247086167335510254e+00,3.857818841934204102e-01,3.857818841934204102e-01,4.176987111568450928e-01,5.495476722717285156e-01,6.473611295223236084e-02,6.473611295223236084e-02,0.000000000000000000e+00,2.058608978986740112e-01,1.945564627647399902e+00,1.945564627647399902e+00,6.833907961845397949e-01,3.203841209411621094e+00,4.292196273803710938e+00,4.292196273803710938e+00,2.594806671142578125e+00,5.459627151489257812e+00
2.900000000000000000e+01,4.468830108642578125e+00,4.468830108642578125e+00,2.894066572189331055e+00,5.468918800354003906e+00,2.506630420684814453e+00,2.506630420684814453e+00,8.652422428131103516e-01,3.776231288909912109e+00,9.648544192314147949e-01,9.648544192314147949e-01,8.265142440795898438e-01,1.286215901374816895e+00,3.992282748222351074e-01,3.992282748222351074e-01,4.309328198432922363e-01,5.656611323356628418e-01,7.025539129972457886e-02,7.025539129972457886e-02,0.000000000000000000e+00,2.127634286880493164e-01,1.988129615783691406e+00,1.988129615783691406e+00,7.330704927444458008e-01,3.241569042205810547e+00,4.282732963562011719e+00,4.282732963562011719e+00,2.596516609191894531e+00,5.444641113281250000e+00
3.000000000000000000e+01,4.433072090148925781e+00,4.433072090148925781e+00,2.865488529205322266e+00,5.428743362426757812e+00,2.485042810440063477e+00,2.485042810440063477e+00,8.618962764739990234e-01,3.743912935256958008e+00,1.002976775169372559e+00,1.002976775169372559e+00,8.667156696319580078e-01,1.324161291122436523e+00,4.107680320739746094e-01,4.107680320739746094e-01,4.427322745323181152e-01,5.805796384811401367e-01,7.538172602653503418e-02,7.538172602653503418e-02,0.000000000000000000e+00,2.194214016199111938e-01,2.028272628784179688e+00,2.028272628784179688e+00,7.808674573898315430e-01,3.276743173599243164e+00,4.270416736602783203e+00,4.270416736602783203e+00,2.596612453460693359e+00,5.426887512207031250e+00
3.100000000000000000e+01,4.397264957427978516e+00,4.397264957427978516e+00,2.836966276168823242e+00,5.388129711151123047e+00,2.463905334472656250e+00,2.463905334472656250e+00,8.916314840316772461e-01,3.711877107620239258e+00,1.039876937866210938e+00,1.039876937866210938e+00,9.059136509895324707e-01,1.360879778861999512e+00,4.203872084617614746e-01,4.203872084617614746e-01,4.530853033065795898e-01,5.942951440811157227e-01,8.010882884263992310e-02,8.010882884263992310e-02,0.000000000000000000e+00,2.258254587650299072e-01,2.065944671630859375e+00,2.065944671630859375e+00,8.267332911491394043e-01,3.309311628341674805e+00,4.255262374877929688e+00,4.255262374877929688e+00,2.595109462738037109e+00,5.406384468078613281e+00
3.200000000000000000e+01,4.361453533172607422e+00,4.361453533172607422e+00,2.808543682098388672e+00,5.347121715545654297e+00,2.443243265151977539e+00,2.443243265151977539e+00,9.281976222991943359e-01,3.680154561996459961e+00,1.075510501861572266e+00,1.075510501861572266e+00,9.440585970878601074e-01,1.396329760551452637e+00,4.280740320682525635e-01,4.280740320682525635e-01,4.619817137718200684e-01,6.068009138107299805e-01,8.443099260330200195e-02,8.443099260330200195e-02,0.000000000000000000e+00,2.578038573265075684e-01,2.101099491119384766e+00,2.101099491119384766e+00,8.706228733062744141e-01,3.339226007461547852e+00,4.237288475036621094e+00,4.237288475036621094e+00,2.592027425765991211e+00,5.383150100708007812e+00
3.300000000000000000e+01,4.325680255889892578e+00,4.325680255889892578e+00,2.780280351638793945e+00,5.305759906768798828e+00,2.423081398010253906e+00,2.423081398010253906e+00,9.762800931930541992e-01,3.648775100708007812e+00,1.109833717346191406e+00,1.109833717346191406e+00,9.811195135116577148e-01,1.430471181869506836e+00,4.338193535804748535e-01,4.338193535804748535e-01,4.694302976131439209e-01,6.180914640426635742e-01,8.834289759397506714e-02,8.834289759397506714e-02,1.557371069793589413e-05,3.016822636127471924e-01,2.133694410324096680e+00,2.133694410324096680e+00,9.125088453292846680e-01,3.366439819335937500e+00,4.216515541076660156e+00,4.216515541076660156e+00,2.587401390075683594e+00,5.357207775115966797e+00
3.400000000000000000e+01,4.289989471435546875e+00,4.289989471435546875e+00,2.752568721771240234e+00,5.264089584350585938e+00,2.403451681137084961e+00,2.403451681137084961e+00,1.024942636489868164e+00,3.617768764495849609e+00,1.142813205718994141e+00,1.142813205718994141e+00,1.017480373382568359e+00,1.463265180587768555e+00,4.376218616962432861e-01,4.376218616962432861e-01,4.758533239364624023e-01,6.281626820564270020e-01,9.183979034423828125e-02,9.183979034423828125e-02,4.345735360402613878e-04,3.541155457496643066e-01,2.163690090179443359e+00,2.163690090179443359e+00,9.527371525764465332e-01,3.390910625457763672e+00,4.192971229553222656e+00,4.192971229553222656e+00,2.581643342971801758e+00,5.328583717346191406e+00
3.500000000000000000e+01,4.254424095153808594e+00,4.254424095153808594e+00,2.725091934204101562e+00,5.222152709960937500e+00,2.384370565414428711e+00,2.384370565414428711e+00,1.073678970336914062e+00,3.587163448333740234e+00,1.174400568008422852e+00,1.174400568008422852e+00,1.052647471427917480e+00,1.494675159454345703e+00,4.394708275794982910e-01,4.394708275794982910e-01,4.807993471622467041e-01,6.370117664337158203e-01,9.491746872663497925e-02,9.491746872663497925e-02,8.532495703548192978e-04,4.136995673179626465e-01,2.191049098968505859e+00,2.191049098968505859e+00,9.908689260482788086e-01,3.412596702575683594e+00,4.166682243347167969e+00,4.166682243347167969e+00,2.574373245239257812e+00,5.297304630279541016e+00
3.600000000000000000e+01,4.219027996063232422e+00,4.219027996063232422e+00,2.698746681213378906e+00,5.179991722106933594e+00,2.365861892700195312e+00,2.365861892700195312e+00,1.122427701950073242e+00,3.556986570358276367e+00,1.204556822776794434e+00,1.204556822776794434e+00,1.086575865745544434e+00,1.524665117263793945e+00,4.393638372421264648e-01,4.393638372421264648e-01,4.842651784420013428e-01,6.446371078491210938e-01,9.757209569215774536e-02,9.757209569215774536e-02,1.271480228751897812e-03,4.719564318656921387e-01,2.215739011764526367e+00,2.215739011764526367e+00,1.026870012283325195e+00,3.431462287902832031e+00,4.137681007385253906e+00,4.137681007385253906e+00,2.565618991851806641e+00,5.263402938842773438e+00
3.700000000000000000e+01,4.183844566345214844e+00,4.183844566345214844e+00,2.675766229629516602e+00,5.137652397155761719e+00,2.347948312759399414e+00,2.347948312759399414e+00,1.171128273010253906e+00,3.527265310287475586e+00,1.233245849609375000e+00,1.233245849609375000e+00,1.119223356246948242e+00,1.553201675415039062e+00,4.373013675212860107e-01,4.373013675212860107e-01,4.862492382526397705e-01,6.510385274887084961e-01,9.980049729347229004e-02,9.980049729347229004e-02,1.689143595285713673e-03,5.288036465644836426e-01,2.237729549407958984e+00,2.237729549407958984e+00,1.060708999633789062e+00,3.447473287582397461e+00,4.106003761291503906e+00,4.106003761291503906e+00,2.555409431457519531e+00,5.226912975311279297e+00
3.800000000000000000e+01,4.148916244506835938e+00,4.148916244506835938e+00,2.653398513793945312e+00,5.095174312591552734e+00,2.330651521682739258e+00,2.330651521682739258e+00,1.219719886779785156e+00,3.498024463653564453e+00,1.260432004928588867e+00,1.260432004928588867e+00,1.150548100471496582e+00,1.580251932144165039e+00,4.332855939865112305e-01,4.332855939865112305e-01,4.867516756057739258e-01,6.562169194221496582e-01,1.015999764204025269e-01,1.015999764204025269e-01,6.493497639894485474e-03,5.841606855392456055e-01,2.256993293762207031e+00,2.256993293762207031e+00,1.092356801033020020e+00,3.460597515106201172e+00,4.071687698364257812e+00,4.071687698364257812e+00,2.543775081634521484e+00,5.187868595123291016e+00
3.900000000000000000e+01,4.114285945892333984e+00,4.114285945892333984e+00,2.631680727005004883e+00,5.052602767944335938e+00,2.313992977142333984e+00,2.313992977142333984e+00,1.268141508102416992e+00,3.469931840896606445e+00,1.286082744598388672e+00,1.286082744598388672e+00,1.180510878562927246e+00,1.605786085128784180e+00,4.273216128349304199e-01,4.273216128349304199e-01,4.857745766639709473e-01,6.601748466491699219e-01,1.029682531952857971e-01,1.029682531952857971e-01,1.131587475538253784e-02,6.379479169845581055e-01,2.273507595062255859e+00,2.273507595062255859e+00,1.121787905693054199e+00,3.470807552337646484e+00,4.034775733947753906e+00,4.034775733947753906e+00,2.530749320983886719e+00,5.146313667297363281e+00
4.000000000000000000e+01,4.079996109008789062e+00,4.079996109008789062e+00,2.610648632049560547e+00,5.009979248046875000e+00,2.297992706298828125e+00,2.297992706298828125e+00,1.316333055496215820e+00,3.445996761322021484e+00,1.310166597366333008e+00,1.310166597366333008e+00,1.209073424339294434e+00,1.629774928092956543e+00,4.194166064262390137e-01,4.194166064262390137e-01,4.833216071128845215e-01,6.629159450531005859e-01,1.039037406444549561e-01,1.039037406444549561e-01,1.576792448759078979e-02,6.900869607925415039e-01,2.287251949310302734e+00,2.287251949310302734e+00,1.148979425430297852e+00,3.478078842163085938e+00,3.995312690734863281e+00,3.995312690734863281e+00,2.516366720199584961e+00,5.102287292480468750e+00
4.100000000000000000e+01,4.046085834503173828e+00,4.046085834503173828e+00,2.590337753295898438e+00,4.967344284057617188e+00,2.282669305801391602e+00,2.282669305801391602e+00,1.364233851432800293e+00,3.422248840332031250e+00,1.332722187042236328e+00,1.332722187042236328e+00,1.236199378967285156e+00,1.652191042900085449e+00,4.095801711082458496e-01,4.095801711082458496e-01,4.793981611728668213e-01,6.644449830055236816e-01,1.044052541255950928e-01,1.044052541255950928e-01,1.984746195375919342e-02,7.405023574829101562e-01,2.298277378082275391e+00,2.298277378082275391e+00,1.173911809921264648e+00,3.482388496398925781e+00,3.953345537185668945e+00,3.953345537185668945e+00,2.500662803649902344e+00,5.055832862854003906e+00
4.200000000000000000e+01,4.012600421905517578e+00,4.012600421905517578e+00,2.570783138275146484e+00,4.924743175506591797e+00,2.268043041229248047e+00,2.268043041229248047e+00,1.411784291267395020e+00,3.398710250854492188e+00,1.363153696060180664e+00,1.363153696060180664e+00,1.261854410171508789e+00,1.673009872436523438e+00,3.978244364261627197e-01,3.978244364261627197e-01,4.740115106105804443e-01,6.647683978080749512e-01,1.044722050428390503e-01,1.044722050428390503e-01,2.355286851525306702e-02,7.891189455986022949e-01,2.316002368927001953e+00,2.316002368927001953e+00,1.196568250656127930e+00,3.483719348907470703e+00,3.908926725387573242e+00,3.908926725387573242e+00,2.483676910400390625e+00,5.007000446319580078e+00
4.300000000000000000e+01,3.979578018188476562e+00,3.979578018188476562e+00,2.552020311355590820e+00,4.882215499877929688e+00,2.254130840301513672e+00,2.254130840301513672e+00,1.458925008773803711e+00,3.375399112701416016e+00,1.391924500465393066e+00,1.391924500465393066e+00,1.286005496978759766e+00,1.692207336425781250e+00,3.841636180877685547e-01,3.841636180877685547e-01,4.671707153320312500e-01,6.638934016227722168e-01,1.041045263409614563e-01,1.041045263409614563e-01,2.688295766711235046e-02,8.358638286590576172e-01,2.330905914306640625e+00,2.330905914306640625e+00,1.216935038566589355e+00,3.482055664062500000e+00,3.862110376358032227e+00,3.862110376358032227e+00,2.465449810028076172e+00,4.955837726593017578e+00
4.400000000000000000e+01,3.947060585021972656e+00,3.947060585021972656e+00,2.534082174301147461e+00,4.839803695678710938e+00,2.240950107574462891e+00,2.240950107574462891e+00,1.505596637725830078e+00,3.352333545684814453e+00,1.418999433517456055e+00,1.418999433517456055e+00,1.308621883392333984e+00,1.709762096405029297e+00,3.686144053936004639e-01,3.686144053936004639e-01,4.588862955570220947e-01,6.618290543556213379e-01,1.033026501536369324e-01,1.033026501536369324e-01,2.983702346682548523e-02,8.806664943695068359e-01,2.342969894409179688e+00,2.342969894409179688e+00,1.235001802444458008e+00,3.477386236190795898e+00,3.812953472137451172e+00,3.812953472137451172e+00,2.446022987365722656e+00,4.902398109436035156e+00
4.500000000000000000e+01,3.915085792541503906e+00,3.915085792541503906e+00,2.517001628875732422e+00,4.797544479370117188e+00,2.228516101837158203e+00,2.228516101837158203e+00,1.551740884780883789e+00,3.329531431198120117e+00,1.444345474243164062e+00,1.444345474243164062e+00,1.329674243927001953e+00,1.725654482841491699e+00,3.511955142021179199e-01,3.511955142021179199e-01,4.491705894470214844e-01,6.585850119590759277e-01,1.020675301551818848e-01,1.020675301551818848e-01,3.241487219929695129e-02,9.234578609466552734e-01,2.352178812026977539e+00,2.352178812026977539e+00,1.250760316848754883e+00,3.469701051712036133e+00,3.761514186859130859e+00,3.761514186859130859e+00,2.425438404083251953e+00,4.846734046936035156e+00
4.600000000000000000e+01,3.883694648742675781e+00,3.883694648742675781e+00,2.500812530517578125e+00,4.755483627319335938e+00,2.216845035552978516e+00,2.216845035552978516e+00,1.597300052642822266e+00,3.307011604309082031e+00,1.467931866645812988e+00,1.467931866645812988e+00,1.349135398864746094e+00,1.739866495132446289e+00,3.319285809993743896e-01,3.319285809993743896e-01,4.380378425121307373e-01,6.541726589202880859e-01,1.004006937146186829e-01,1.004006937146186829e-01,3.461670503020286560e-02,9.641708135604858398e-01,2.358522176742553711e+00,2.358522176742553711e+00,1.264206647872924805e+00,3.458995819091796875e+00,3.707857847213745117e+00,3.707857847213745117e+00,2.403743267059326172e+00,4.788903713226318359e+00
4.700000000000000000e+01,3.852923870086669922e+00,3.852923870086669922e+00,2.485545158386230469e+00,4.713656902313232422e+00,2.225164651870727539e+00,2.225164651870727539e+00,1.642216801643371582e+00,3.284788370132446289e+00,1.489729642868041992e+00,1.489729642868041992e+00,1.366979718208312988e+00,1.752381920814514160e+00,3.108368217945098877e-01,3.108368217945098877e-01,4.255037307739257812e-01,6.486042737960815430e-01,1.175186708569526672e-01,1.175186708569526672e-01,3.644327074289321899e-02,1.002740859985351562e+00,2.361991882324218750e+00,2.361991882324218750e+00,1.275338768959045410e+00,3.445267915725708008e+00,3.652047634124755859e+00,3.652047634124755859e+00,2.380982398986816406e+00,4.728964805603027344e+00
4.800000000000000000e+01,3.822811603546142578e+00,3.822811603546142578e+00,2.471230983734130859e+00,4.672104835510253906e+00,2.249555826187133789e+00,2.249555826187133789e+00,1.686435341835021973e+00,3.262878417968750000e+00,1.509712457656860352e+00,1.509712457656860352e+00,1.383184552192687988e+00,1.763187170028686523e+00,2.879459559917449951e-01,2.879459559917449951e-01,4.115854501724243164e-01,6.418936252593994141e-01,1.494912803173065186e-01,1.494912803173065186e-01,3.789580240845680237e-02,1.039105892181396484e+00,2.362584114074707031e+00,2.362584114074707031e+00,1.284158706665039062e+00,3.428519487380981445e+00,3.594153165817260742e+00,3.594153165817260742e+00,2.357205152511596680e+00,4.666980743408203125e+00
4.900000000000000000e+01,3.793394565582275391e+00,3.793394565582275391e+00,2.458583831787109375e+00,4.630865097045898438e+00,2.273433446884155273e+00,2.273433446884155273e+00,1.729899644851684570e+00,3.241296768188476562e+00,1.527856111526489258e+00,1.527856111526489258e+00,1.397727966308593750e+00,1.772270321846008301e+00,2.632838189601898193e-01,2.632838189601898193e-01,3.963022530078887939e-01,6.340551376342773438e-01,1.797238290309906006e-01,1.797238290309906006e-01,3.897590935230255127e-02,1.073205113410949707e+00,2.360297679901123047e+00,2.360297679901123047e+00,1.290670633316040039e+00,3.408754110336303711e+00,3.534243822097778320e+00,3.534243822097778320e+00,2.332459926605224609e+00,4.603011608123779297e+00
5.000000000000000000e+01,3.764708280563354492e+00,3.764708280563354492e+00,2.448971986770629883e+00,4.589975833892822266e+00,2.296768665313720703e+00,2.296768665313720703e+00,1.772555470466613770e+00,3.220057487487792969e+00,1.544138312339782715e+00,1.544138312339782715e+00,1.410591125488281250e+00,1.779621005058288574e+00,2.420533299446105957e-01,2.420533299446105957e-01,3.796747326850891113e-01,6.251052618026733398e-01,2.081798911094665527e-01,2.081798911094665527e-01,3.968579322099685669e-02,1.104981422424316406e+00,2.355135917663574219e+00,2.355135917663574219e+00,1.294882774353027344e+00,3.385980129241943359e+00,3.477565765380859375e+00,3.477565765380859375e+00,2.306797981262207031e+00,4.537123680114746094e+00
5.100000000000000000e+01,3.736787557601928711e+00,3.736787557601928711e+00,2.440030574798583984e+00,4.549473762512207031e+00,2.319532394409179688e+00,2.319532394409179688e+00,1.814348936080932617e+00,3.199173927307128906e+00,1.558538913726806641e+00,1.558538913726806641e+00,1.421756267547607422e+00,1.785231113433837891e+00,2.278460115194320679e-01,2.278460115194320679e-01,3.617250919342041016e-01,6.150606870651245117e-01,2.348244786262512207e-01,2.348244786262512207e-01,4.002801328897476196e-02,1.134379386901855469e+00,2.347104549407958984e+00,2.347104549407958984e+00,1.296805143356323242e+00,3.360208988189697266e+00,3.427753925323486328e+00,3.427753925323486328e+00,2.280271053314208984e+00,4.469384670257568359e+00
5.200000000000000000e+01,3.709666728973388672e+00,3.709666728973388672e+00,2.431780338287353516e+00,4.509394645690917969e+00,2.343713760375976562e+00,2.343713760375976562e+00,1.855227708816528320e+00,3.178658723831176758e+00,1.571040868759155273e+00,1.571040868759155273e+00,1.431208133697509766e+00,1.789094567298889160e+00,2.124119549989700317e-01,2.124119549989700317e-01,3.424770236015319824e-01,6.039396524429321289e-01,2.616420388221740723e-01,2.616420388221740723e-01,4.000564292073249817e-02,1.161346435546875000e+00,2.336213588714599609e+00,2.336213588714599609e+00,1.296451926231384277e+00,3.331454992294311523e+00,3.376601219177246094e+00,3.376601219177246094e+00,2.252932548522949219e+00,4.399863243103027344e+00
5.300000000000000000e+01,3.683378934860229492e+00,3.683378934860229492e+00,2.424243211746215820e+00,4.469774246215820312e+00,2.381239414215087891e+00,2.381239414215087891e+00,1.895140051841735840e+00,3.158524274826049805e+00,1.581628680229187012e+00,1.581628680229187012e+00,1.438934087753295898e+00,1.791207313537597656e+00,1.957697570323944092e-01,1.957697570323944092e-01,3.219559490680694580e-01,5.917614102363586426e-01,3.005552291870117188e-01,3.005552291870117188e-01,3.962220996618270874e-02,1.185832262039184570e+00,2.322475910186767578e+00,2.322475910186767578e+00,1.293839216232299805e+00,3.299736022949218750e+00,3.324170112609863281e+00,3.324170112609863281e+00,2.224836111068725586e+00,4.328629016876220703e+00
5.400000000000000000e+01,3.657956600189208984e+00,3.657956600189208984e+00,2.417440414428710938e+00,4.430647850036621094e+00,2.417520999908447266e+00,2.417520999908447266e+00,1.934036612510681152e+00,3.138781070709228516e+00,1.590289711952209473e+00,1.590289711952209473e+00,1.444923043251037598e+00,1.791567564010620117e+00,1.779398024082183838e-01,1.779398024082183838e-01,3.079565465450286865e-01,5.785462856292724609e-01,3.369743227958679199e-01,3.369743227958679199e-01,3.888166695833206177e-02,1.207789897918701172e+00,2.305909156799316406e+00,2.305909156799316406e+00,1.288987278938293457e+00,3.265073299407958984e+00,3.270525217056274414e+00,3.270525217056274414e+00,2.196038246154785156e+00,4.255755901336669922e+00
5.500000000000000000e+01,3.633440017700195312e+00,3.633440017700195312e+00,2.411390066146850586e+00,4.392784595489501953e+00,2.453943490982055664e+00,2.453943490982055664e+00,1.972263336181640625e+00,3.121614933013916016e+00,1.599025487899780273e+00,1.599025487899780273e+00,1.450084567070007324e+00,1.792873144149780273e+00,1.603592932224273682e-01,1.603592932224273682e-01,3.000202476978302002e-01,5.664778947830200195e-01,3.708542585372924805e-01,3.708542585372924805e-01,3.778844326734542847e-02,1.227174401283264160e+00,2.286532878875732422e+00,2.286532878875732422e+00,1.281918048858642578e+00,3.227490901947021484e+00,3.215730190277099609e+00,3.215730190277099609e+00,2.166594028472900391e+00,4.190099239349365234e+00
5.600000000000000000e+01,3.610026121139526367e+00,3.610026121139526367e+00,2.406112670898437500e+00,4.357335090637207031e+00,2.492462396621704102e+00,2.492462396621704102e+00,2.010391712188720703e+00,3.110007047653198242e+00,1.610486745834350586e+00,1.610486745834350586e+00,1.455625295639038086e+00,1.798692345619201660e+00,1.448141634464263916e-01,1.448141634464263916e-01,2.924245297908782959e-01,5.583389997482299805e-01,4.021542668342590332e-01,4.021542668342590332e-01,3.634735569357872009e-02,1.243944406509399414e+00,2.264370918273925781e+00,2.264370918273925781e+00,1.272657752037048340e+00,3.187016963958740234e+00,3.159853935241699219e+00,3.159853935241699219e+00,2.136561393737792969e+00,4.129490852355957031e+00
5.700000000000000000e+01,3.587799549102783203e+00,3.587799549102783203e+00,2.401626586914062500e+00,4.322692871093750000e+00,2.529766321182250977e+00,2.529766321182250977e+00,2.047502994537353516e+00,3.098958492279052734e+00,1.619985938072204590e+00,1.619985938072204590e+00,1.459400177001953125e+00,1.802753686904907227e+00,1.350222378969192505e-01,1.350222378969192505e-01,2.842407524585723877e-01,5.490741729736328125e-01,4.308360219001770020e-01,4.308360219001770020e-01,3.456369042396545410e-02,1.258060574531555176e+00,2.239449977874755859e+00,2.239449977874755859e+00,1.261234045028686523e+00,3.143682003021240234e+00,3.110006332397460938e+00,3.110006332397460938e+00,2.105997800827026367e+00,4.068209171295166016e+00
5.800000000000000000e+01,3.566787719726562500e+00,3.566787719726562500e+00,2.397949457168579102e+00,4.288888454437255859e+00,2.565809249877929688e+00,2.565809249877929688e+00,2.083547353744506836e+00,3.088471889495849609e+00,1.627511262893676758e+00,1.627511262893676758e+00,1.461399793624877930e+00,1.805055022239685059e+00,1.246731206774711609e-01,1.246731206774711609e-01,2.754812240600585938e-01,5.387021303176879883e-01,4.568645358085632324e-01,4.568645358085632324e-01,3.244318068027496338e-02,1.269487142562866211e+00,2.211800813674926758e+00,2.211800813674926758e+00,1.247678399085998535e+00,3.097520828247070312e+00,3.059927940368652344e+00,3.059927940368652344e+00,2.074962615966796875e+00,4.006316184997558594e+00
5.900000000000000000e+01,3.547016859054565430e+00,3.547016859054565430e+00,2.395098686218261719e+00,4.255949974060058594e+00,2.600548267364501953e+00,2.600548267364501953e+00,2.118477344512939453e+00,3.078547000885009766e+00,1.633053898811340332e+00,1.633053898811340332e+00,1.461617946624755859e+00,1.805596113204956055e+00,1.133157908916473389e-01,1.133157908916473389e-01,2.661588490009307861e-01,5.272423028945922852e-01,4.802080988883972168e-01,4.802080988883972168e-01,2.999190427362918854e-02,1.278190851211547852e+00,2.181456804275512695e+00,2.181456804275512695e+00,1.232024431228637695e+00,3.048568725585937500e+00,3.009214639663696289e+00,3.009214639663696289e+00,2.043514490127563477e+00,3.943873882293701172e+00
6.000000000000000000e+01,3.528510093688964844e+00,3.528510093688964844e+00,2.393091201782226562e+00,4.223903656005859375e+00,2.633940696716308594e+00,2.633940696716308594e+00,2.152245521545410156e+00,3.069182395935058594e+00,1.636606931686401367e+00,1.636606931686401367e+00,1.460049748420715332e+00,1.804378509521484375e+00,1.009643226861953735e-01,1.009643226861953735e-01,2.562868595123291016e-01,5.147155523300170898e-01,5.008384585380554199e-01,5.008384585380554199e-01,2.721637859940528870e-02,1.284142017364501953e+00,2.148455142974853516e+00,2.148455142974853516e+00,1.214308977127075195e+00,2.996867656707763672e+00,2.957929134368896484e+00,2.957929134368896484e+00,2.011713981628417969e+00,3.880945444107055664e+00
6.100000000000000000e+01,3.511290550231933594e+00,3.511290550231933594e+00,2.391941547393798828e+00,4.192775726318359375e+00,2.665945291519165039e+00,2.665945291519165039e+00,2.184806823730468750e+00,3.060378074645996094e+00,1.638165950775146484e+00,1.638165950775146484e+00,1.456692695617675781e+00,1.801406264305114746e+00,8.763363212347030640e-02,8.763363212347030640e-02,2.458795905113220215e-01,5.011437535285949707e-01,5.187302827835083008e-01,5.187302827835083008e-01,2.412353642284870148e-02,1.287313699722290039e+00,2.112835645675659180e+00,2.112835645675659180e+00,1.194571495056152344e+00,2.942460298538208008e+00,2.906132936477661133e+00,2.906132936477661133e+00,1.979743242263793945e+00,3.817593574523925781e+00
6.200000000000000000e+01,3.495378494262695312e+00,3.495378494262695312e+00,2.391664266586303711e+00,4.162590026855468750e+00,2.696522951126098633e+00,2.696522951126098633e+00,2.216115951538085938e+00,3.052129507064819336e+00,1.637728929519653320e+00,1.637728929519653320e+00,1.451546430587768555e+00,1.796684503555297852e+00,7.334015518426895142e-02,7.334015518426895142e-02,2.349515110254287720e-01,4.865498244762420654e-01,5.338614583015441895e-01,5.338614583015441895e-01,2.977802604436874390e-02,1.287681579589843750e+00,2.074642181396484375e+00,2.074642181396484375e+00,1.172853708267211914e+00,2.885393142700195312e+00,2.853890180587768555e+00,2.853890180587768555e+00,1.950802087783813477e+00,3.753880977630615234e+00
6.300000000000000000e+01,3.480794191360473633e+00,3.480794191360473633e+00,2.392275094985961914e+00,4.133369445800781250e+00,2.725637674331665039e+00,2.725637674331665039e+00,2.246132373809814453e+00,3.044435024261474609e+00,1.635296940803527832e+00,1.635296940803527832e+00,1.444613218307495117e+00,1.790221452713012695e+00,5.810096114873886108e-02,5.810096114873886108e-02,2.235174924135208130e-01,4.709572792053222656e-01,5.462143421173095703e-01,5.462143421173095703e-01,4.698714241385459900e-02,1.285225391387939453e+00,2.033921003341674805e+00,2.033921003341674805e+00,1.149199962615966797e+00,2.825714826583862305e+00,2.801264047622680664e+00,2.801264047622680664e+00,1.921514987945556641e+00,3.689870834350585938e+00
6.400000000000000000e+01,3.467555046081542969e+00,3.467555046081542969e+00,2.393785953521728516e+00,4.105134963989257812e+00,2.753252983093261719e+00,2.753252983093261719e+00,2.274813890457153320e+00,3.055922269821166992e+00,1.630872368812561035e+00,1.630872368812561035e+00,1.435896635055541992e+00,1.782026648521423340e+00,4.193485900759696960e-02,4.193485900759696960e-02,2.115932852029800415e-01,4.543911814689636230e-01,5.557733774185180664e-01,5.557733774185180664e-01,6.242186576128005981e-02,1.279927492141723633e+00,1.990721821784973145e+00,1.990721821784973145e+00,1.123657703399658203e+00,2.763478279113769531e+00,2.748318433761596680e+00,2.748318433761596680e+00,1.891942739486694336e+00,3.625626087188720703e+00
6.500000000000000000e+01,3.455541610717773438e+00,3.455541610717773438e+00,2.396209239959716797e+00,4.081967353820800781e+00,2.782341003417968750e+00,2.782341003417968750e+00,2.302894592285156250e+00,3.072610139846801758e+00,1.628690958023071289e+00,1.628690958023071289e+00,1.427277207374572754e+00,1.777842283248901367e+00,4.203557595610618591e-02,4.203557595610618591e-02,1.999421119689941406e-01,4.414810836315155029e-01,5.700857639312744141e-01,5.700857639312744141e-01,8.001995831727981567e-02,1.281640768051147461e+00,1.955631613731384277e+00,1.955631613731384277e+00,1.102937817573547363e+00,2.711323261260986328e+00,2.716654539108276367e+00,2.716654539108276367e+00,1.865888118743896484e+00,3.570876598358154297e+00
6.600000000000000000e+01,3.444873094558715820e+00,3.444873094558715820e+00,2.399557352066040039e+00,4.064469814300537109e+00,2.818112850189208984e+00,2.818112850189208984e+00,2.331838846206665039e+00,3.100913524627685547e+00,1.635797977447509766e+00,1.635797977447509766e+00,1.421877861022949219e+00,1.787217378616333008e+00,5.535054579377174377e-02,5.535054579377174377e-02,1.896028518676757812e-01,4.396963715553283691e-01,5.832354426383972168e-01,5.832354426383972168e-01,9.680464118719100952e-02,1.282533407211303711e+00,1.920076608657836914e+00,1.920076608657836914e+00,1.081632852554321289e+00,2.659001588821411133e+00,2.692258834838867188e+00,2.692258834838867188e+00,1.840085029602050781e+00,3.517509460449218750e+00
6.700000000000000000e+01,3.435699462890625000e+00,3.435699462890625000e+00,2.403839349746704102e+00,4.048110008239746094e+00,2.852655887603759766e+00,2.852655887603759766e+00,2.359666824340820312e+00,3.128588199615478516e+00,1.640911698341369629e+00,1.640911698341369629e+00,1.414702177047729492e+00,1.806043982505798340e+00,6.805015355348587036e-02,6.805015355348587036e-02,1.784668862819671631e-01,4.366562664508819580e-01,5.938534736633300781e-01,5.938534736633300781e-01,1.120691820979118347e-01,1.280811190605163574e+00,1.882182478904724121e+00,1.882182478904724121e+00,1.058570981025695801e+00,2.604267597198486328e+00,2.668060302734375000e+00,2.668060302734375000e+00,1.813883781433105469e+00,3.463796854019165039e+00
6.800000000000000000e+01,3.428032398223876953e+00,3.428032398223876953e+00,2.409065723419189453e+00,4.032899856567382812e+00,2.885926961898803711e+00,2.885926961898803711e+00,2.386333465576171875e+00,3.155602216720581055e+00,1.644026517868041992e+00,1.644026517868041992e+00,1.405747771263122559e+00,1.825738549232482910e+00,8.011892437934875488e-02,8.011892437934875488e-02,1.665426492691040039e-01,4.323759078979492188e-01,6.019272804260253906e-01,6.019272804260253906e-01,1.258052736520767212e-01,1.276457786560058594e+00,1.841995477676391602e+00,1.841995477676391602e+00,1.033796429634094238e+00,2.547169208526611328e+00,2.644088983535766602e+00,2.644088983535766602e+00,1.787338256835937500e+00,3.409789323806762695e+00
6.900000000000000000e+01,3.421880960464477539e+00,3.421880960464477539e+00,2.415244579315185547e+00,4.018851280212402344e+00,2.917886257171630859e+00,2.917886257171630859e+00,2.411796092987060547e+00,3.181924343109130859e+00,1.645138144493103027e+00,1.645138144493103027e+00,1.395145416259765625e+00,1.844068646430969238e+00,9.154225140810012817e-02,9.154225140810012817e-02,1.538391262292861938e-01,4.268716573715209961e-01,6.074466109275817871e-01,6.074466109275817871e-01,1.380067467689514160e-01,1.269459605216979980e+00,1.799563884735107422e+00,1.799563884735107422e+00,1.009614706039428711e+00,2.487757444381713867e+00,2.620372772216796875e+00,2.620372772216796875e+00,1.760502576828002930e+00,3.355539798736572266e+00
7.000000000000000000e+01,3.417253494262695312e+00,3.417253494262695312e+00,2.422384738922119141e+00,4.005974769592285156e+00,2.948495388031005859e+00,2.948495388031005859e+00,2.436013221740722656e+00,3.207525730133056641e+00,1.644245624542236328e+00,1.644245624542236328e+00,1.389499545097351074e+00,1.861023545265197754e+00,1.023062020540237427e-01,1.023062020540237427e-01,1.403664499521255493e-01,4.201605319976806641e-01,6.104050874710083008e-01,6.104050874710083008e-01,1.486691385507583618e-01,1.259806632995605469e+00,1.754940152168273926e+00,1.754940152168273926e+00,9.959255456924438477e-01,2.426085233688354492e+00,2.596942186355590820e+00,2.596942186355590820e+00,1.733432173728942871e+00,3.301099777221679688e+00
7.100000000000000000e+01,3.414154529571533203e+00,3.414154529571533203e+00,2.430491924285888672e+00,3.994275569915771484e+00,2.977715969085693359e+00,2.977715969085693359e+00,2.458943605422973633e+00,3.232374906539916992e+00,1.641349315643310547e+00,1.641349315643310547e+00,1.382297039031982422e+00,1.876591920852661133e+00,1.123975887894630432e-01,1.123975887894630432e-01,1.272640228271484375e-01,4.122614860534667969e-01,6.107988357543945312e-01,6.107988357543945312e-01,1.640253961086273193e-01,1.247491359710693359e+00,1.708177804946899414e+00,1.708177804946899414e+00,9.810079336166381836e-01,2.362209081649780273e+00,2.573823928833007812e+00,2.573823928833007812e+00,1.706181526184082031e+00,3.246521949768066406e+00
7.200000000000000000e+01,3.412589073181152344e+00,3.412589073181152344e+00,2.439573049545288086e+00,3.983762502670288086e+00,3.005513191223144531e+00,3.005513191223144531e+00,2.480549812316894531e+00,3.256444215774536133e+00,1.636454105377197266e+00,1.636454105377197266e+00,1.373539686203002930e+00,1.890766143798828125e+00,1.218042001128196716e-01,1.218042001128196716e-01,1.139288544654846191e-01,4.031941890716552734e-01,6.086276769638061523e-01,6.086276769638061523e-01,1.797470599412918091e-01,1.232509613037109375e+00,1.659334897994995117e+00,1.659334897994995117e+00,9.648995399475097656e-01,2.296188116073608398e+00,2.551048278808593750e+00,2.551048278808593750e+00,1.678807735443115234e+00,3.191858768463134766e+00
7.300000000000000000e+01,3.412557601928710938e+00,3.412557601928710938e+00,2.449631690979003906e+00,3.974438667297363281e+00,3.031852722167968750e+00,3.031852722167968750e+00,2.500794172286987305e+00,3.286659479141235352e+00,1.629564762115478516e+00,1.629564762115478516e+00,1.363228321075439453e+00,1.903538346290588379e+00,1.305144727230072021e-01,1.305144727230072021e-01,1.000506579875946045e-01,3.929797708988189697e-01,6.038939952850341797e-01,6.038939952850341797e-01,1.932424306869506836e-01,1.214859724044799805e+00,1.608469963073730469e+00,1.608469963073730469e+00,9.476382136344909668e-01,2.235043048858642578e+00,2.528640985488891602e+00,2.528640985488891602e+00,1.651365280151367188e+00,3.137159824371337891e+00
7.400000000000000000e+01,3.414061069488525391e+00,3.414061069488525391e+00,2.460672378540039062e+00,3.966307640075683594e+00,3.056702613830566406e+00,3.056702613830566406e+00,2.519641160964965820e+00,3.316316604614257812e+00,1.620689868927001953e+00,1.620689868927001953e+00,1.351367950439453125e+00,1.914902329444885254e+00,1.385178267955780029e-01,1.385178267955780029e-01,8.564303815364837646e-02,3.816404640674591064e-01,5.966036319732666016e-01,5.966036319732666016e-01,2.045113593339920044e-01,1.194544076919555664e+00,1.555645823478698730e+00,1.555645823478698730e+00,9.292641878128051758e-01,2.172523260116577148e+00,2.506630420684814453e+00,2.506630420684814453e+00,1.623911142349243164e+00,3.084257125854492188e+00
7.500000000000000000e+01,3.417097568511962891e+00,3.417097568511962891e+00,2.472697496414184570e+00,3.959369897842407227e+00,3.080032587051391602e+00,3.080032587051391602e+00,2.537057876586914062e+00,3.344435214996337891e+00,1.609840512275695801e+00,1.609840512275695801e+00,1.337964296340942383e+00,1.924854040145874023e+00,1.458045840263366699e-01,1.458045840263366699e-01,7.072007656097412109e-02,3.691991567611694336e-01,5.867654085159301758e-01,5.867654085159301758e-01,2.135566473007202148e-01,1.171566724777221680e+00,1.500925779342651367e+00,1.500925779342651367e+00,9.098187088966369629e-01,2.108244657516479492e+00,2.485042810440063477e+00,2.485042810440063477e+00,1.613555550575256348e+00,3.031648874282836914e+00
7.600000000000000000e+01,3.421663284301757812e+00,3.421663284301757812e+00,2.485710144042968750e+00,3.953626155853271484e+00,3.101814746856689453e+00,3.101814746856689453e+00,2.553012371063232422e+00,3.370986461639404297e+00,1.597030043601989746e+00,1.597030043601989746e+00,1.323025226593017578e+00,1.933390498161315918e+00,1.523658037185668945e-01,1.523658037185668945e-01,5.529650673270225525e-02,3.735315501689910889e-01,5.743914246559143066e-01,5.743914246559143066e-01,2.203837037086486816e-01,1.145936012268066406e+00,1.444377183914184570e+00,1.444377183914184570e+00,8.893443942070007324e-01,2.042268514633178711e+00,2.463905334472656250e+00,2.463905334472656250e+00,1.607416391372680664e+00,2.988288640975952148e+00
7.700000000000000000e+01,3.427752494812011719e+00,3.427752494812011719e+00,2.499709129333496094e+00,3.949072360992431641e+00,3.122021198272705078e+00,3.122021198272705078e+00,2.567474365234375000e+00,3.395944833755493164e+00,1.582273483276367188e+00,1.582273483276367188e+00,1.306560277938842773e+00,1.940509796142578125e+00,1.581935435533523560e-01,1.581935435533523560e-01,3.938759118318557739e-02,3.799517154693603516e-01,5.594967007637023926e-01,5.594967007637023926e-01,2.250007092952728271e-01,1.117662429809570312e+00,1.386068940162658691e+00,1.386068940162658691e+00,8.678849935531616211e-01,1.974656939506530762e+00,2.443243026733398438e+00,2.443243026733398438e+00,1.601826906204223633e+00,2.951233386993408203e+00
7.800000000000000000e+01,3.435484886169433594e+00,3.435484886169433594e+00,2.515888214111328125e+00,3.949232101440429688e+00,3.148497819900512695e+00,3.148497819900512695e+00,2.583321094512939453e+00,3.430526256561279297e+00,1.576591134071350098e+00,1.576591134071350098e+00,1.294301629066467285e+00,1.960268259048461914e+00,1.709707230329513550e-01,1.709707230329513550e-01,2.575268223881721497e-02,3.967894911766052246e-01,5.420994758605957031e-01,5.420994758605957031e-01,2.274187505245208740e-01,1.086760044097900391e+00,1.326072096824645996e+00,1.326072096824645996e+00,8.454855680465698242e-01,1.905472993850708008e+00,2.423081874847412109e+00,2.423081874847412109e+00,1.596813797950744629e+00,2.914614200592041016e+00
7.900000000000000000e+01,3.445272445678710938e+00,3.445272445678710938e+00,2.539689064025878906e+00,3.952844619750976562e+00,3.177749872207641602e+00,3.177749872207641602e+00,2.599421739578247070e+00,3.469572544097900391e+00,1.574671864509582520e+00,1.574671864509582520e+00,1.283486843109130859e+00,1.985859870910644531e+00,1.866290271282196045e-01,1.866290271282196045e-01,2.620549872517585754e-02,4.183718264102935791e-01,5.222207307815551758e-01,5.222207307815551758e-01,2.276515960693359375e-01,1.053245544433593750e+00,1.264459371566772461e+00,1.264459371566772461e+00,8.221918940544128418e-01,1.834781646728515625e+00,2.403451442718505859e+00,2.403451442718505859e+00,1.592404842376708984e+00,2.878458261489868164e+00
8.000000000000000000e+01,3.457137107849121094e+00,3.457137107849121094e+00,2.569616317749023438e+00,3.958172321319580078e+00,3.205745697021484375e+00,3.205745697021484375e+00,2.614303112030029297e+00,3.507303237915039062e+00,1.570834040641784668e+00,1.570834040641784668e+00,1.271159172058105469e+00,2.010004520416259766e+00,2.011003792285919189e-01,2.011003792285919189e-01,2.923363447189331055e-02,4.396363794803619385e-01,4.998850822448730469e-01,4.998850822448730469e-01,2.257158160209655762e-01,1.017139196395874023e+00,1.201306700706481934e+00,1.201306700706481934e+00,7.980514764785766602e-01,1.762650847434997559e+00,2.384370088577270508e+00,2.384370088577270508e+00,1.588626265525817871e+00,2.842793703079223633e+00
8.100000000000000000e+01,3.471065282821655273e+00,3.471065282821655273e+00,2.601803541183471680e+00,3.965203523635864258e+00,3.232452392578125000e+00,3.232452392578125000e+00,2.627931118011474609e+00,3.543685197830200195e+00,1.565082550048828125e+00,1.565082550048828125e+00,1.257319211959838867e+00,2.032686948776245117e+00,2.143673300743103027e-01,2.143673300743103027e-01,3.259821236133575439e-02,4.597100615501403809e-01,4.751192927360534668e-01,4.751192927360534668e-01,2.216306030750274658e-01,9.784634709358215332e-01,1.136690020561218262e+00,1.136690020561218262e+00,7.731121182441711426e-01,1.689147710800170898e+00,2.365861654281616211e+00,2.365861654281616211e+00,1.585504055023193359e+00,2.807646274566650391e+00
8.200000000000000000e+01,3.487038373947143555e+00,3.487038373947143555e+00,2.638435363769531250e+00,3.973922729492187500e+00,3.257836341857910156e+00,3.257836341857910156e+00,2.640272140502929688e+00,3.578683376312255859e+00,1.557423949241638184e+00,1.557423949241638184e+00,1.241969585418701172e+00,2.053892135620117188e+00,2.264135777950286865e-01,2.264135777950286865e-01,3.554942086338996887e-02,4.785681962966918945e-01,4.479537010192871094e-01,4.479537010192871094e-01,2.154178768396377563e-01,9.372442364692687988e-01,1.070688247680664062e+00,1.070688247680664062e+00,7.474227547645568848e-01,1.614341974258422852e+00,2.347947835922241211e+00,2.347947835922241211e+00,1.583062410354614258e+00,2.773040771484375000e+00
8.300000000000000000e+01,3.505038499832153320e+00,3.505038499832153320e+00,2.674298763275146484e+00,3.984315872192382812e+00,3.281867742538452148e+00,3.281867742538452148e+00,2.651297092437744141e+00,3.612267971038818359e+00,1.547868251800537109e+00,1.547868251800537109e+00,1.225114464759826660e+00,2.073607444763183594e+00,2.372245192527770996e-01,2.372245192527770996e-01,3.807819634675979614e-02,4.962036013603210449e-01,4.184213578701019287e-01,4.184213578701019287e-01,2.071022689342498779e-01,8.935105204582214355e-01,1.003382205963134766e+00,1.003382205963134766e+00,7.210335731506347656e-01,1.538305521011352539e+00,2.330651283264160156e+00,2.330651283264160156e+00,1.581327080726623535e+00,2.742374420166015625e+00
8.400000000000000000e+01,3.525043725967407227e+00,3.525043725967407227e+00,2.708909511566162109e+00,3.996364116668701172e+00,3.304517030715942383e+00,3.304517030715942383e+00,2.660975456237792969e+00,3.644408941268920898e+00,1.536426663398742676e+00,1.536426663398742676e+00,1.206760168075561523e+00,2.091821432113647461e+00,2.467869371175765991e-01,2.467869371175765991e-01,4.017595946788787842e-02,5.126106739044189453e-01,3.865583837032318115e-01,3.865583837032318115e-01,1.967108994722366333e-01,8.472937345504760742e-01,9.348536729812622070e-01,9.348536729812622070e-01,6.939949989318847656e-01,1.461110353469848633e+00,2.313992738723754883e+00,2.313992738723754883e+00,1.580321073532104492e+00,2.713299751281738281e+00
8.500000000000000000e+01,3.547028303146362305e+00,3.547028303146362305e+00,2.742222785949707031e+00,4.010045051574707031e+00,3.325756072998046875e+00,3.325756072998046875e+00,2.669279813766479492e+00,3.675076246261596680e+00,1.523113250732421875e+00,1.523113250732421875e+00,1.186914563179016113e+00,2.108523607254028320e+00,2.550891041755676270e-01,2.550891041755676270e-01,4.183467477560043335e-02,5.277848839759826660e-01,3.524037599563598633e-01,3.524037599563598633e-01,1.842736601829528809e-01,7.986290454864501953e-01,8.651864528656005859e-01,8.651864528656005859e-01,6.663588285446166992e-01,1.382830500602722168e+00,2.297992467880249023e+00,2.297992467880249023e+00,1.580067157745361328e+00,2.685292005538940430e+00
8.600000000000000000e+01,3.570966243743896484e+00,3.570966243743896484e+00,2.774194717407226562e+00,4.025336742401123047e+00,3.345607280731201172e+00,3.345607280731201172e+00,2.676184177398681641e+00,3.704245090484619141e+00,1.507943749427795410e+00,1.507943749427795410e+00,1.165587186813354492e+00,2.123705863952636719e+00,2.621210217475891113e-01,2.621210217475891113e-01,4.304688423871994019e-02,5.417232513427734375e-01,3.160468637943267822e-01,3.160468637943267822e-01,1.698226630687713623e-01,7.475528717041015625e-01,7.944648265838623047e-01,7.944648265838623047e-01,6.381765007972717285e-01,1.303539752960205078e+00,2.282669782638549805e+00,2.282669782638549805e+00,1.588095784187316895e+00,2.658373594284057617e+00
8.700000000000000000e+01,3.596827983856201172e+00,3.596827983856201172e+00,2.804782867431640625e+00,4.042213916778564453e+00,3.370595216751098633e+00,3.370595216751098633e+00,2.681664466857910156e+00,3.731888294219970703e+00,1.490937113761901855e+00,1.490937113761901855e+00,1.142789840698242188e+00,2.137361049652099609e+00,2.678740918636322021e-01,2.678740918636322021e-01,4.380559921264648438e-02,5.544240474700927734e-01,2.840813398361206055e-01,2.840813398361206055e-01,1.533928215503692627e-01,6.941060423851013184e-01,7.227752208709716797e-01,7.227752208709716797e-01,6.095009446144104004e-01,1.223314166069030762e+00,2.268043041229248047e+00,2.268043041229248047e+00,1.597435951232910156e+00,2.632564544677734375e+00
8.800000000000000000e+01,3.624583244323730469e+00,3.624583244323730469e+00,2.833947658538818359e+00,4.060649871826171875e+00,3.393857479095458984e+00,3.393857479095458984e+00,2.685699462890625000e+00,3.757984638214111328e+00,1.472114205360412598e+00,1.472114205360412598e+00,1.118536114692687988e+00,2.149484157562255859e+00,2.723412811756134033e-01,2.723412811756134033e-01,4.410447925329208374e-02,5.658870935440063477e-01,2.497126460075378418e-01,2.497126460075378418e-01,1.350213438272476196e-01,6.383312940597534180e-01,6.502050161361694336e-01,6.502050161361694336e-01,5.803853273391723633e-01,1.142230749130249023e+00,2.254131078720092773e+00,2.254131078720092773e+00,1.607573509216308594e+00,2.607883453369140625e+00
8.900000000000000000e+01,3.654196739196777344e+00,3.654196739196777344e+00,2.865708351135253906e+00,4.080615520477294922e+00,3.415364265441894531e+00,3.415364265441894531e+00,2.688267707824707031e+00,3.782510757446289062e+00,1.451497793197631836e+00,1.451497793197631836e+00,1.092840909957885742e+00,2.160071372985839844e+00,2.755171954631805420e-01,2.755171954631805420e-01,4.393770545721054077e-02,5.827431678771972656e-01,2.129825651645660400e-01,2.129825651645660400e-01,1.147478520870208740e-01,5.802744626998901367e-01,5.768427252769470215e-01,5.768427252769470215e-01,5.508830547332763672e-01,1.060366749763488770e+00,2.240949869155883789e+00,2.240949869155883789e+00,1.618516445159912109e+00,2.584347724914550781e+00
9.000000000000000000e+01,3.685633182525634766e+00,3.685633182525634766e+00,2.897678613662719727e+00,4.102078914642333984e+00,3.435090065002441406e+00,3.435090065002441406e+00,2.689351558685302734e+00,3.805447101593017578e+00,1.429112911224365234e+00,1.429112911224365234e+00,1.065721273422241211e+00,2.169119834899902344e+00,2.773979306221008301e-01,2.773979306221008301e-01,4.330004751682281494e-02,5.994575023651123047e-01,1.739359200000762939e-01,1.739359200000762939e-01,9.261432290077209473e-02,5.199837684631347656e-01,5.027775168418884277e-01,5.027775168418884277e-01,5.210483074188232422e-01,9.778002500534057617e-01,2.228516101837158203e+00,2.228516101837158203e+00,1.630272746086120605e+00,2.561972379684448242e+00
9.100000000000000000e+01,3.718853950500488281e+00,3.718853950500488281e+00,2.928478717803955078e+00,4.125006198883056641e+00,3.453010559082031250e+00,3.453010559082031250e+00,2.688933849334716797e+00,3.826775312423706055e+00,1.404986977577209473e+00,1.404986977577209473e+00,1.037196397781372070e+00,2.176629304885864258e+00,2.779812216758728027e-01,2.779812216758728027e-01,4.218689724802970886e-02,6.148989200592041016e-01,1.326205730438232422e-01,1.326205730438232422e-01,6.866520643234252930e-02,4.575107991695404053e-01,4.281003475189208984e-01,4.281003475189208984e-01,4.909354150295257568e-01,8.946112394332885742e-01,2.216845035552978516e+00,2.216845035552978516e+00,1.642848968505859375e+00,2.540771722793579102e+00
9.200000000000000000e+01,3.753559589385986328e+00,3.753559589385986328e+00,2.958063602447509766e+00,4.154884338378906250e+00,3.469103813171386719e+00,3.469103813171386719e+00,2.687000036239624023e+00,3.846478462219238281e+00,1.379149079322814941e+00,1.379149079322814941e+00,1.007285952568054199e+00,2.182600498199462891e+00,2.772662937641143799e-01,2.772662937641143799e-01,4.059415310621261597e-02,6.290624737739562988e-01,1.086673513054847717e-01,1.086673513054847717e-01,5.429390072822570801e-02,4.173371791839599609e-01,3.803336620330810547e-01,3.803336620330810547e-01,4.791184067726135254e-01,8.424796462059020996e-01,2.225164413452148438e+00,2.225164413452148438e+00,1.667263269424438477e+00,2.544851541519165039e+00
9.300000000000000000e+01,3.788383960723876953e+00,3.788383960723876953e+00,2.986389398574829102e+00,4.189554691314697266e+00,3.483350038528442383e+00,3.483350038528442383e+00,2.683537960052490234e+00,3.864542007446289062e+00,1.351630687713623047e+00,1.351630687713623047e+00,9.760125875473022461e-01,2.187035083770751953e+00,2.752539813518524170e-01,2.752539813518524170e-01,3.851841390132904053e-02,6.419659852981567383e-01,1.000676900148391724e-01,1.000676900148391724e-01,4.867031052708625793e-02,3.966310024261474609e-01,3.553307652473449707e-01,3.553307652473449707e-01,4.827845990657806396e-01,8.166089057922363281e-01,2.249555587768554688e+00,2.249555587768554688e+00,1.700932979583740234e+00,2.569625377655029297e+00
9.400000000000000000e+01,3.823100566864013672e+00,3.823100566864013672e+00,3.013414382934570312e+00,4.223925590515136719e+00,3.495733261108398438e+00,3.495733261108398438e+00,2.678536891937255859e+00,3.880953550338745117e+00,1.322466015815734863e+00,1.322466015815734863e+00,9.434006810188293457e-01,2.189938306808471680e+00,2.719469666481018066e-01,2.719469666481018066e-01,3.595684841275215149e-02,6.542394161224365234e-01,9.053936600685119629e-02,9.053936600685119629e-02,4.246165975928306580e-02,3.749835491180419922e-01,3.298950493335723877e-01,3.298950493335723877e-01,4.862551093101501465e-01,7.902625203132629395e-01,2.273433685302734375e+00,2.273433685302734375e+00,1.734241604804992676e+00,2.594398021697998047e+00
9.500000000000000000e+01,3.857665061950683594e+00,3.857665061950683594e+00,3.039097309112548828e+00,4.257954597473144531e+00,3.506236553192138672e+00,3.506236553192138672e+00,2.671988010406494141e+00,3.895700931549072266e+00,1.298956751823425293e+00,1.298956751823425293e+00,9.094748497009277344e-01,2.191313982009887695e+00,2.673490345478057861e-01,2.673490345478057861e-01,3.290719166398048401e-02,6.652839183807373047e-01,8.009395003318786621e-02,8.009395003318786621e-02,3.568176180124282837e-02,3.524092435836791992e-01,3.113242089748382568e-01,3.113242089748382568e-01,4.895321726799011230e-01,7.634609937667846680e-01,2.296768665313720703e+00,2.296768665313720703e+00,1.767158508300781250e+00,2.619135379791259766e+00
9.600000000000000000e+01,3.892036199569702148e+00,3.892036199569702148e+00,3.063400268554687500e+00,4.291604042053222656e+00,3.514848232269287109e+00,3.514848232269287109e+00,2.663884639739990234e+00,3.908774614334106445e+00,1.285684943199157715e+00,1.285684943199157715e+00,8.742631673812866211e-01,2.191169738769531250e+00,2.614659368991851807e-01,2.614659368991851807e-01,2.936791256070137024e-02,6.750929355621337891e-01,6.874423474073410034e-02,6.874423474073410034e-02,2.834516949951648712e-02,3.289237916469573975e-01,3.041940033435821533e-01,3.041940033435821533e-01,4.926179945468902588e-01,7.362256050109863281e-01,2.319532155990600586e+00,2.319532155990600586e+00,1.799654483795166016e+00,2.643804788589477539e+00
9.700000000000000000e+01,3.926165580749511719e+00,3.926165580749511719e+00,3.087700366973876953e+00,4.325553417205810547e+00,3.521556854248046875e+00,3.521556854248046875e+00,2.654222011566162109e+00,3.920166969299316406e+00,1.270846247673034668e+00,1.270846247673034668e+00,8.377941846847534180e-01,2.189513683319091797e+00,2.543047070503234863e-01,2.543047070503234863e-01,2.533797360956668854e-02,6.836610436439514160e-01,5.852942913770675659e-02,5.852942913770675659e-02,2.149283140897750854e-02,3.072186410427093506e-01,2.995512485504150391e-01,2.995512485504150391e-01,4.973014593124389648e-01,7.120137214660644531e-01,2.343713760375976562e+00,2.343713760375976562e+00,1.832718253135681152e+00,2.671038866043090820e+00
9.800000000000000000e+01,3.959521293640136719e+00,3.959521293640136719e+00,3.114361524581909180e+00,4.363729476928710938e+00,3.526355266571044922e+00,3.526355266571044922e+00,2.642997741699218750e+00,3.929872989654541016e+00,1.254459857940673828e+00,1.254459857940673828e+00,8.000982999801635742e-01,2.186356306076049805e+00,2.458741813898086548e-01,2.458741813898086548e-01,2.364036068320274353e-02,6.909846067428588867e-01,6.211187317967414856e-02,6.211187317967414856e-02,2.167462557554244995e-02,3.038853406906127930e-01,3.148006498813629150e-01,3.148006498813629150e-01,5.144567489624023438e-01,7.117584347724914551e-01,2.381239175796508789e+00,2.381239175796508789e+00,1.872221708297729492e+00,2.716744422912597656e+00
9.900000000000000000e+01,3.991753101348876953e+00,3.991753101348876953e+00,3.139977931976318359e+00,4.400652408599853516e+00,3.529237985610961914e+00,3.529237985610961914e+00,2.630211830139160156e+00,3.937889099121093750e+00,1.236544847488403320e+00,1.236544847488403320e+00,7.746305465698242188e-01,2.181708335876464844e+00,2.361846268177032471e-01,2.361846268177032471e-01,2.382210455834865570e-02,6.970609426498413086e-01,6.538248807191848755e-02,6.538248807191848755e-02,2.184997498989105225e-02,3.001919686794281006e-01,3.296665549278259277e-01,3.296665549278259277e-01,5.314016342163085938e-01,7.111042737960815430e-01,2.417520523071289062e+00,2.417520523071289062e+00,1.910680770874023438e+00,2.761738300323486328e+00
1.000000000000000000e+02,4.022820472717285156e+00,4.022820472717285156e+00,3.164505243301391602e+00,4.436284065246582031e+00,3.530200004577636719e+00,3.530200004577636719e+00,2.615864992141723633e+00,3.944211483001708984e+00,1.217123150825500488e+00,1.217123150825500488e+00,7.590890526771545410e-01,2.175582647323608398e+00,2.266782820224761963e-01,2.266782820224761963e-01,2.399653568863868713e-02,7.018887996673583984e-01,6.833723187446594238e-02,6.833723187446594238e-02,2.201883308589458466e-02,2.961367070674896240e-01,3.441306948661804199e-01,3.441306948661804199e-01,5.481153726577758789e-01,7.248944044113159180e-01,2.453943252563476562e+00,2.453943252563476562e+00,1.948053121566772461e+00,2.807525157928466797e+00
1.010000000000000000e+02,4.052686691284179688e+00,4.052686691284179688e+00,3.187903881072998047e+00,4.470586776733398438e+00,3.529241085052490234e+00,3.529241085052490234e+00,2.599961042404174805e+00,3.948841094970703125e+00,1.196218729019165039e+00,1.196218729019165039e+00,7.426198124885559082e-01,2.167994022369384766e+00,2.193657457828521729e-01,2.193657457828521729e-01,2.416360564529895782e-02,7.054681181907653809e-01,7.097255438566207886e-02,7.097255438566207886e-02,2.218113839626312256e-02,2.917185127735137939e-01,3.581756949424743652e-01,3.581756949424743652e-01,5.645771026611328125e-01,7.484772205352783203e-01,2.492462158203125000e+00,2.492462158203125000e+00,1.984297871589660645e+00,2.856678962707519531e+00
1.020000000000000000e+02,4.081315040588378906e+00,4.081315040588378906e+00,3.210132360458374023e+00,4.503523826599121094e+00,3.526361465454101562e+00,3.526361465454101562e+00,2.582505941390991211e+00,3.951779365539550781e+00,1.183658242225646973e+00,1.183658242225646973e+00,7.252295017242431641e-01,2.158957242965698242e+00,2.109914422035217285e-01,2.109914422035217285e-01,2.432326972484588623e-02,7.078003287315368652e-01,7.328522950410842896e-02,7.328522950410842896e-02,2.233684621751308441e-02,2.869364321231842041e-01,3.815855085849761963e-01,3.815855085849761963e-01,5.807660222053527832e-01,7.718254923820495605e-01,2.529766082763671875e+00,2.529766082763671875e+00,2.019376277923583984e+00,2.905455589294433594e+00
1.030000000000000000e+02,4.108670234680175781e+00,4.108670234680175781e+00,3.231153964996337891e+00,4.535061836242675781e+00,3.521566152572631836e+00,3.521566152572631836e+00,2.563507080078125000e+00,3.953029155731201172e+00,1.170311808586120605e+00,1.170311808586120605e+00,7.069267034530639648e-01,2.148490190505981445e+00,2.015656530857086182e-01,2.015656530857086182e-01,2.447548694908618927e-02,7.088879942893981934e-01,7.527242600917816162e-02,7.527242600917816162e-02,2.248591370880603790e-02,2.817900180816650391e-01,4.051864743232727051e-01,4.051864743232727051e-01,5.966618657112121582e-01,7.949048876762390137e-01,2.565808773040771484e+00,2.565808773040771484e+00,2.053250312805175781e+00,2.953800678253173828e+00
1.040000000000000000e+02,4.134720325469970703e+00,4.134720325469970703e+00,3.250931978225708008e+00,4.565203666687011719e+00,3.514872550964355469e+00,3.514872550964355469e+00,2.542974472045898438e+00,3.952650308609008789e+00,1.155556559562683105e+00,1.155556559562683105e+00,6.877202987670898438e-01,2.136669397354125977e+00,1.911119371652603149e-01,1.911119371652603149e-01,2.462021633982658386e-02,7.087892889976501465e-01,7.693174481391906738e-02,7.693174481391906738e-02,2.262828685343265533e-02,2.763080596923828125e-01,4.282939136028289795e-01,4.282939136028289795e-01,6.122445464134216309e-01,8.177057504653930664e-01,2.600548267364501953e+00,2.600548267364501953e+00,2.085885047912597656e+00,3.001692056655883789e+00
1.050000000000000000e+02,4.159436702728271484e+00,4.159436702728271484e+00,3.269430160522460938e+00,4.594404697418212891e+00,3.506460189819335938e+00,3.506460189819335938e+00,2.520919322967529297e+00,3.951395034790039062e+00,1.139647841453552246e+00,1.139647841453552246e+00,6.676208376884460449e-01,2.124319314956665039e+00,1.798070222139358521e-01,1.798070222139358521e-01,2.475742436945438385e-02,7.082484960556030273e-01,7.826114445924758911e-02,7.826114445924758911e-02,2.276392839848995209e-02,2.708834111690521240e-01,4.508794844150543213e-01,4.508794844150543213e-01,6.274940371513366699e-01,8.405267596244812012e-01,2.633940219879150391e+00,2.633940219879150391e+00,2.117244720458984375e+00,3.049475669860839844e+00
1.060000000000000000e+02,4.182795524597167969e+00,4.182795524597167969e+00,3.286616802215576172e+00,4.622273921966552734e+00,3.496182203292846680e+00,3.496182203292846680e+00,2.497355461120605469e+00,3.948683023452758789e+00,1.122379541397094727e+00,1.122379541397094727e+00,6.466397047042846680e-01,2.110809803009033203e+00,1.675017923116683960e-01,1.675017923116683960e-01,2.488707564771175385e-02,7.066767215728759766e-01,7.925902307033538818e-02,7.925902307033538818e-02,2.289278805255889893e-02,2.652430236339569092e-01,4.729157686233520508e-01,4.729157686233520508e-01,6.424454450607299805e-01,8.631236553192138672e-01,2.665944814682006836e+00,2.665944814682006836e+00,2.147296905517578125e+00,3.096832275390625000e+00
1.070000000000000000e+02,4.204769134521484375e+00,4.204769134521484375e+00,3.302460193634033203e+00,4.648671150207519531e+00,3.484038114547729492e+00,3.484038114547729492e+00,2.472300052642822266e+00,3.944374084472656250e+00,1.103751182556152344e+00,1.103751182556152344e+00,6.247896552085876465e-01,2.096005916595458984e+00,1.541958749294281006e-01,1.541958749294281006e-01,2.500913850963115692e-02,7.039300203323364258e-01,7.992415130138397217e-02,7.992415130138397217e-02,2.301483415067195892e-02,2.592736482620239258e-01,4.943758845329284668e-01,4.943758845329284668e-01,6.584417223930358887e-01,8.853549957275390625e-01,2.696523189544677734e+00,2.696523189544677734e+00,2.176010608673095703e+00,3.143597602844238281e+00
1.080000000000000000e+02,4.225329399108886719e+00,4.225329399108886719e+00,3.316929340362548828e+00,4.673529624938964844e+00,3.470036745071411133e+00,3.470036745071411133e+00,2.445768594741821289e+00,3.938426256179809570e+00,1.083778023719787598e+00,1.083778023719787598e+00,6.020841598510742188e-01,2.079874992370605469e+00,1.398999691009521484e-01,1.398999691009521484e-01,2.512358129024505615e-02,6.999631524085998535e-01,8.025573194026947021e-02,8.025573194026947021e-02,2.313002385199069977e-02,2.529365420341491699e-01,5.152336955070495605e-01,5.152336955070495605e-01,6.738761663436889648e-01,9.071494936943054199e-01,2.725637435913085938e+00,2.725637435913085938e+00,2.203355550765991211e+00,3.189679384231567383e+00
1.090000000000000000e+02,4.244452953338623047e+00,4.244452953338623047e+00,3.329998016357421875e+00,4.696824073791503906e+00,3.454195022583007812e+00,3.454195022583007812e+00,2.417783260345458984e+00,3.930853605270385742e+00,1.062484979629516602e+00,1.062484979629516602e+00,5.785384178161621094e-01,2.062441825866699219e+00,1.246317103505134583e-01,1.246317103505134583e-01,2.523037418723106384e-02,6.947863698005676270e-01,8.025336265563964844e-02,8.025336265563964844e-02,2.323831804096698761e-02,2.462334334850311279e-01,5.354636311531066895e-01,5.354636311531066895e-01,6.887353658676147461e-01,9.284740090370178223e-01,2.753252983093261719e+00,2.753252983093261719e+00,2.229304790496826172e+00,3.235028266906738281e+00
1.100000000000000000e+02,4.262115001678466797e+00,4.262115001678466797e+00,3.341639280319213867e+00,4.718530654907226562e+00,3.436532258987426758e+00,3.436532258987426758e+00,2.388363838195800781e+00,3.921669960021972656e+00,1.059729456901550293e+00,1.059729456901550293e+00,5.541676282882690430e-01,2.043731212615966797e+00,1.114147156476974487e-01,1.114147156476974487e-01,2.532949298620223999e-02,6.884105205535888672e-01,7.991701364517211914e-02,7.991701364517211914e-02,2.333968318998813629e-02,2.391665130853652954e-01,5.748739242553710938e-01,5.748739242553710938e-01,7.030064463615417480e-01,9.492965936660766602e-01,2.782340526580810547e+00,2.782340526580810547e+00,2.253831863403320312e+00,3.279593944549560547e+00
1.110000000000000000e+02,4.278295516967773438e+00,4.278295516967773438e+00,3.351829528808593750e+00,4.738629817962646484e+00,3.417070627212524414e+00,3.417070627212524414e+00,2.357535362243652344e+00,3.910894155502319336e+00,1.063844084739685059e+00,1.063844084739685059e+00,5.289890170097351074e-01,2.023770332336425781e+00,1.055124327540397644e-01,1.055124327540397644e-01,2.542091719806194305e-02,6.808480024337768555e-01,7.924714684486389160e-02,7.924714684486389160e-02,2.343409135937690735e-02,2.317385375499725342e-01,6.217446327209472656e-01,6.217446327209472656e-01,7.166768312454223633e-01,9.695852398872375488e-01,2.818112850189208984e+00,2.818112850189208984e+00,2.276913166046142578e+00,3.323328495025634766e+00
1.120000000000000000e+02,4.292973518371582031e+00,4.292973518371582031e+00,3.360545635223388672e+00,4.757098197937011719e+00,3.395832300186157227e+00,3.395832300186157227e+00,2.325322151184082031e+00,3.910571098327636719e+00,1.066662311553955078e+00,1.066662311553955078e+00,5.030201077461242676e-01,2.002587080001831055e+00,9.906207770109176636e-02,9.906207770109176636e-02,2.550462260842323303e-02,6.721125245094299316e-01,7.824452966451644897e-02,7.824452966451644897e-02,2.352150529623031616e-02,2.239524871110916138e-01,6.678578853607177734e-01,6.678578853607177734e-01,7.297349572181701660e-01,9.893082380294799805e-01,2.852655410766601562e+00,2.852655410766601562e+00,2.299725770950317383e+00,3.366182804107666016e+00
1.130000000000000000e+02,4.306131839752197266e+00,4.306131839752197266e+00,3.367768049240112305e+00,4.773920536041259766e+00,3.372844934463500977e+00,3.372844934463500977e+00,2.291752576828002930e+00,3.911090373992919922e+00,1.068181157112121582e+00,1.068181157112121582e+00,4.762801826000213623e-01,1.980210423469543457e+00,9.207163751125335693e-02,9.207163751125335693e-02,2.558059059083461761e-02,6.622188687324523926e-01,7.691041380167007446e-02,7.691041380167007446e-02,2.360189706087112427e-02,2.158118933439254761e-01,7.131575942039489746e-01,7.131575942039489746e-01,7.421697974205017090e-01,1.008434772491455078e+00,2.885927200317382812e+00,2.885927200317382812e+00,2.320993423461914062e+00,3.408110618591308594e+00
1.140000000000000000e+02,4.317753791809082031e+00,4.317753791809082031e+00,3.373477935791015625e+00,4.789078712463378906e+00,3.348134994506835938e+00,3.348134994506835938e+00,2.257005691528320312e+00,3.910027265548706055e+00,1.068398237228393555e+00,1.068398237228393555e+00,4.487887322902679443e-01,1.956669688224792480e+00,8.454957604408264160e-02,8.454957604408264160e-02,2.564880810678005219e-02,6.511828303337097168e-01,7.524640113115310669e-02,7.524640113115310669e-02,2.603984437882900238e-02,2.073204368352890015e-01,7.575882673263549805e-01,7.575882673263549805e-01,7.539708018302917480e-01,1.026934146881103516e+00,2.917886257171630859e+00,2.917886257171630859e+00,2.340662479400634766e+00,3.449064254760742188e+00
1.150000000000000000e+02,4.327825546264648438e+00,4.327825546264648438e+00,3.377660274505615234e+00,4.802559852600097656e+00,3.321734189987182617e+00,3.321734189987182617e+00,2.228586673736572266e+00,3.907387018203735352e+00,1.067313909530639648e+00,1.067313909530639648e+00,4.205669164657592773e-01,1.931997179985046387e+00,7.650505751371383667e-02,7.650505751371383667e-02,2.570925280451774597e-02,6.390218138694763184e-01,7.325454056262969971e-02,7.325454056262969971e-02,4.089116305112838745e-02,1.984824091196060181e-01,8.010960817337036133e-01,8.010960817337036133e-01,7.651287913322448730e-01,1.044776439666748047e+00,2.948495388031005859e+00,2.948495388031005859e+00,2.358708858489990234e+00,3.488999843597412109e+00
1.160000000000000000e+02,4.336335182189941406e+00,4.336335182189941406e+00,3.380299329757690430e+00,4.814349651336669922e+00,3.293673038482666016e+00,3.293673038482666016e+00,2.198916435241699219e+00,3.903174161911010742e+00,1.064929246902465820e+00,1.064929246902465820e+00,3.951632082462310791e-01,1.906224250793457031e+00,6.794796139001846313e-02,6.794796139001846313e-02,2.576191909611225128e-02,6.257540583610534668e-01,7.093726843595504761e-02,7.093726843595504761e-02,5.565623193979263306e-02,1.893023997545242310e-01,8.436273932456970215e-01,8.436273932456970215e-01,7.756343483924865723e-01,1.061932563781738281e+00,2.977715969085693359e+00,2.977715969085693359e+00,2.375108718872070312e+00,3.527871608734130859e+00
1.170000000000000000e+02,4.343272209167480469e+00,4.343272209167480469e+00,3.381383895874023438e+00,4.824438571929931641e+00,3.263987064361572266e+00,3.263987064361572266e+00,2.168018579483032227e+00,3.897395849227905273e+00,1.061246991157531738e+00,1.061246991157531738e+00,3.702690601348876953e-01,1.879383802413940430e+00,5.888852849602699280e-02,5.888852849602699280e-02,2.580679766833782196e-02,6.113987565040588379e-01,6.829734891653060913e-02,6.829734891653060913e-02,7.031490653753280640e-02,1.797852814197540283e-01,8.851314783096313477e-01,8.851314783096313477e-01,7.854794263839721680e-01,1.078374147415161133e+00,3.005513429641723633e+00,3.005513429641723633e+00,2.389841556549072266e+00,3.565637111663818359e+00
1.180000000000000000e+02,4.348628520965576172e+00,4.348628520965576172e+00,3.380904197692871094e+00,4.832816600799560547e+00,3.232712268829345703e+00,3.232712268829345703e+00,2.135920047760009766e+00,3.890060186386108398e+00,1.056272029876708984e+00,1.056272029876708984e+00,3.448398709297180176e-01,1.851510405540466309e+00,4.933803901076316833e-02,4.933803901076316833e-02,2.584387920796871185e-02,5.959767699241638184e-01,6.533810496330261230e-02,6.533810496330261230e-02,8.484642207622528076e-02,1.774829924106597900e-01,9.255567789077758789e-01,9.255567789077758789e-01,7.946564555168151855e-01,1.094072818756103516e+00,3.031852722167968750e+00,3.031852722167968750e+00,2.402888774871826172e+00,3.602253437042236328e+00
1.190000000000000000e+02,4.352396965026855469e+00,4.352396965026855469e+00,3.378852367401123047e+00,4.839477539062500000e+00,3.199886560440063477e+00,3.199886560440063477e+00,2.102647542953491211e+00,3.881176948547363281e+00,1.050010085105895996e+00,1.050010085105895996e+00,3.188949525356292725e-01,1.822638750076293945e+00,3.930804133415222168e-02,3.930804133415222168e-02,2.587315626442432404e-02,5.795094370841979980e-01,6.206304952502250671e-02,6.206304952502250671e-02,9.923055768013000488e-02,1.753257066011428833e-01,9.648543596267700195e-01,9.648543596267700195e-01,8.031587004661560059e-01,1.113850712776184082e+00,3.056703090667724609e+00,3.056703090667724609e+00,2.414233207702636719e+00,3.637680053710937500e+00
1.200000000000000000e+02,4.354571819305419922e+00,4.354571819305419922e+00,3.375219821929931641e+00,4.844414710998535156e+00,3.165548324584960938e+00,3.165548324584960938e+00,2.068228721618652344e+00,3.870756626129150391e+00,1.042468547821044922e+00,1.042468547821044922e+00,2.924543619155883789e-01,1.792803645133972168e+00,2.881056070327758789e-02,2.881056070327758789e-02,2.589462883770465851e-02,5.620192289352416992e-01,5.847615748643875122e-02,5.847615748643875122e-02,1.134472638368606567e-01,1.728244125843048096e-01,1.002976894378662109e+00,1.002976894378662109e+00,8.312628865242004395e-01,1.133044719696044922e+00,3.080032825469970703e+00,3.080032825469970703e+00,2.423860073089599609e+00,3.671876430511474609e+00
1.210000000000000000e+02,4.355152130126953125e+00,4.355152130126953125e+00,3.370005369186401367e+00,4.847626209259033203e+00,3.129741191864013672e+00,3.129741191864013672e+00,2.032696008682250977e+00,3.858813285827636719e+00,1.033657073974609375e+00,1.033657073974609375e+00,2.655399441719055176e-01,1.782954216003417969e+00,1.785866357386112213e-02,1.785866357386112213e-02,2.590829320251941681e-02,5.435299873352050781e-01,5.458188429474830627e-02,5.458188429474830627e-02,1.274759471416473389e-01,1.699746251106262207e-01,1.039876937866210938e+00,1.039876937866210938e+00,8.628929853439331055e-01,1.159980535507202148e+00,3.101814270019531250e+00,3.101814270019531250e+00,2.431756496429443359e+00,3.704804182052612305e+00
1.220000000000000000e+02,4.354137897491455078e+00,4.354137897491455078e+00,3.363207340240478516e+00,4.849110603332519531e+00,3.092509269714355469e+00,3.092509269714355469e+00,1.996080398559570312e+00,3.845360994338989258e+00,1.023586392402648926e+00,1.023586392402648926e+00,2.381729185581207275e-01,1.775215625762939453e+00,6.465396843850612640e-03,6.465396843850612640e-03,2.591415308415889740e-02,5.240662693977355957e-01,5.038488656282424927e-02,5.038488656282424927e-02,1.412967443466186523e-01,1.667719036340713501e-01,1.075510621070861816e+00,1.075510621070861816e+00,8.935528993606567383e-01,1.191473960876464844e+00,3.122021913528442383e+00,3.122021913528442383e+00,2.437913656234741211e+00,3.736426830291748047e+00
1.230000000000000000e+02,4.351528167724609375e+00,4.351528167724609375e+00,3.354825496673583984e+00,4.848866939544677734e+00,3.053896903991699219e+00,3.053896903991699219e+00,1.958415508270263672e+00,3.830414772033691406e+00,1.012268900871276855e+00,1.012268900871276855e+00,2.103761285543441772e-01,1.766329407691955566e+00,2.513933926820755005e-03,2.513933926820755005e-03,2.591221220791339874e-02,5.036538839340209961e-01,4.589038714766502380e-02,4.589038714766502380e-02,1.548894643783569336e-01,1.632124036550521851e-01,1.109833717346191406e+00,1.109833717346191406e+00,9.232095479965209961e-01,1.221824765205383301e+00,3.148498058319091797e+00,3.148498058319091797e+00,2.442321777343750000e+00,3.766706466674804688e+00
1.240000000000000000e+02,4.347328186035156250e+00,4.347328186035156250e+00,3.344862461090087891e+00,4.846898555755615234e+00,3.013951778411865234e+00,3.013951778411865234e+00,1.919736623764038086e+00,3.813992977142333984e+00,9.997267127037048340e-01,9.997267127037048340e-01,1.943303644657135010e-01,1.756306648254394531e+00,2.547044772654771805e-03,2.547044772654771805e-03,2.590247616171836853e-02,4.823190569877624512e-01,4.110381007194519043e-02,4.110381007194519043e-02,1.682345271110534668e-01,1.592924594879150391e-01,1.142813086509704590e+00,1.142813086509704590e+00,9.518318772315979004e-01,1.250991106033325195e+00,3.177749633789062500e+00,3.177749633789062500e+00,2.444974660873413086e+00,3.795610427856445312e+00
1.250000000000000000e+02,4.341541290283203125e+00,4.341541290283203125e+00,3.333322525024414062e+00,4.843209743499755859e+00,2.972721338272094727e+00,2.972721338272094727e+00,1.880078554153442383e+00,3.796113014221191406e+00,9.859662055969238281e-01,9.859662055969238281e-01,1.863017380237579346e-01,1.745257854461669922e+00,2.569452393800020218e-03,2.569452393800020218e-03,2.588495053350925446e-02,4.600887894630432129e-01,3.603089600801467896e-02,3.603089600801467896e-02,1.813123226165771484e-01,1.550086289644241333e-01,1.174400568008422852e+00,1.174400568008422852e+00,9.793902635574340820e-01,1.278933286666870117e+00,3.205746173858642578e+00,3.205746173858642578e+00,2.445869207382202148e+00,3.823104858398437500e+00
1.260000000000000000e+02,4.334175586700439453e+00,4.334175586700439453e+00,3.320212364196777344e+00,4.837805747985839844e+00,2.930256366729736328e+00,2.930256366729736328e+00,1.839480161666870117e+00,3.776794910430908203e+00,9.710044860839843750e-01,9.710044860839843750e-01,1.804064214229583740e-01,1.733052849769592285e+00,2.581129316240549088e-03,2.581129316240549088e-03,2.585964277386665344e-02,4.369921088218688965e-01,3.067797236144542694e-02,3.067797236144542694e-02,1.941033154726028442e-01,1.503582000732421875e-01,1.204556941986083984e+00,1.204556941986083984e+00,1.005855202674865723e+00,1.305611848831176758e+00,3.232452392578125000e+00,3.232452392578125000e+00,2.445003032684326172e+00,3.849157094955444336e+00
1.270000000000000000e+02,4.325239658355712891e+00,4.325239658355712891e+00,3.305542230606079102e+00,4.830695152282714844e+00,2.886608839035034180e+00,2.886608839035034180e+00,1.797979831695556641e+00,3.756060838699340820e+00,9.548597931861877441e-01,9.548597931861877441e-01,1.740667521953582764e-01,1.719710469245910645e+00,2.582060871645808220e-03,2.582060871645808220e-03,2.582657337188720703e-02,4.130573570728302002e-01,2.505141869187355042e-02,2.505141869187355042e-02,2.065885066986083984e-01,1.453384160995483398e-01,1.233245849609375000e+00,1.233245849609375000e+00,1.031199574470520020e+00,1.330989360809326172e+00,3.257837057113647461e+00,3.257837057113647461e+00,2.445592641830444336e+00,3.873738050460815430e+00
1.280000000000000000e+02,4.314744472503662109e+00,4.314744472503662109e+00,3.289321422576904297e+00,4.821887493133544922e+00,2.841832637786865234e+00,2.841832637786865234e+00,1.755618333816528320e+00,3.733932971954345703e+00,9.375518560409545898e-01,9.375518560409545898e-01,1.672867685556411743e-01,1.705253958702087402e+00,2.572247292846441269e-03,2.572247292846441269e-03,2.578575536608695984e-02,3.883149027824401855e-01,1.915824040770530701e-02,1.915824040770530701e-02,2.187488079071044922e-01,1.399471908807754517e-01,1.260432004928588867e+00,1.260432004928588867e+00,1.055396914482116699e+00,1.364632368087768555e+00,3.281868219375610352e+00,3.281868219375610352e+00,2.446401119232177734e+00,3.896818399429321289e+00
1.290000000000000000e+02,4.302702903747558594e+00,4.302702903747558594e+00,3.271564483642578125e+00,4.811394214630126953e+00,2.795981168746948242e+00,2.795981168746948242e+00,1.712436437606811523e+00,3.710435390472412109e+00,9.191015958786010742e-01,9.191015958786010742e-01,1.600709110498428345e-01,1.689706802368164062e+00,2.551699522882699966e-03,2.551699522882699966e-03,2.573719993233680725e-02,3.627951741218566895e-01,1.300555188208818436e-02,1.300555188208818436e-02,2.305657267570495605e-01,1.341827213764190674e-01,1.286082744598388672e+00,1.286082744598388672e+00,1.078422784805297852e+00,1.398830294609069824e+00,3.304517030715942383e+00,3.304517030715942383e+00,2.445459365844726562e+00,3.918371438980102539e+00
1.300000000000000000e+02,4.289129257202148438e+00,4.289129257202148438e+00,3.252285480499267578e+00,4.799229145050048828e+00,2.749110698699951172e+00,2.749110698699951172e+00,1.668476819992065430e+00,3.685593128204345703e+00,8.995314240455627441e-01,8.995314240455627441e-01,1.524242162704467773e-01,1.673093438148498535e+00,2.520441776141524315e-03,2.520441776141524315e-03,2.568092569708824158e-02,3.407448232173919678e-01,6.600759457796812057e-03,6.600759457796812057e-03,2.420210540294647217e-01,1.280434280633926392e-01,1.310166597366333008e+00,1.310166597366333008e+00,1.100253701210021973e+00,1.431907892227172852e+00,3.325755834579467773e+00,3.325755834579467773e+00,2.442767620086669922e+00,3.938371896743774414e+00
1.310000000000000000e+02,4.274041175842285156e+00,4.274041175842285156e+00,3.231502771377563477e+00,4.785457611083984375e+00,2.701278209686279297e+00,2.701278209686279297e+00,1.623783826828002930e+00,3.659451246261596680e+00,8.788655996322631836e-01,8.788655996322631836e-01,1.443526148796081543e-01,1.655440688133239746e+00,2.478514797985553741e-03,2.478514797985553741e-03,2.561696432530879974e-02,3.188162744045257568e-01,0.000000000000000000e+00,0.000000000000000000e+00,2.530966401100158691e-01,1.216287761926651001e-01,1.332722067832946777e+00,1.332722067832946777e+00,1.127611994743347168e+00,1.463939785957336426e+00,3.345607280731201172e+00,3.345607280731201172e+00,2.438327789306640625e+00,3.956895828247070312e+00
1.320000000000000000e+02,4.257286548614501953e+00,4.257286548614501953e+00,3.209233999252319336e+00,4.776817798614501953e+00,2.652542114257812500e+00,2.652542114257812500e+00,1.578401327133178711e+00,3.634349822998046875e+00,8.571286797523498535e-01,8.571286797523498535e-01,1.358621418476104736e-01,1.636774420738220215e+00,2.425967017188668251e-03,2.425967017188668251e-03,2.554532513022422791e-02,2.987391948699951172e-01,0.000000000000000000e+00,0.000000000000000000e+00,2.637750804424285889e-01,1.289480328559875488e-01,1.363153934478759766e+00,1.363153934478759766e+00,1.154805421829223633e+00,1.511309504508972168e+00,3.370595693588256836e+00,3.370595693588256836e+00,2.432143449783325195e+00,3.987712383270263672e+00
1.330000000000000000e+02,4.238720893859863281e+00,4.238720893859863281e+00,3.185501813888549805e+00,4.766242980957031250e+00,2.602962017059326172e+00,2.602962017059326172e+00,1.532376050949096680e+00,3.607780218124389648e+00,8.343474864959716797e-01,8.343474864959716797e-01,1.269598901271820068e-01,1.617122292518615723e+00,2.362864324823021889e-03,2.362864324823021889e-03,2.546603791415691376e-02,2.782108485698699951e-01,0.000000000000000000e+00,0.000000000000000000e+00,2.740389108657836914e-01,1.360960602760314941e-01,1.391924381256103516e+00,1.391924381256103516e+00,1.180508732795715332e+00,1.557419419288635254e+00,3.393857479095458984e+00,3.393857479095458984e+00,2.424221992492675781e+00,4.016683578491210938e+00
1.340000000000000000e+02,4.218367576599121094e+00,4.218367576599121094e+00,3.160329103469848633e+00,4.753752231597900391e+00,2.552597522735595703e+00,2.552597522735595703e+00,1.485753893852233887e+00,3.579777717590332031e+00,8.105498552322387695e-01,8.105498552322387695e-01,1.176533028483390808e-01,1.602203488349914551e+00,2.289281692355871201e-03,2.289281692355871201e-03,2.537913620471954346e-02,2.572625577449798584e-01,0.000000000000000000e+00,0.000000000000000000e+00,2.838715314865112305e-01,1.430626660585403442e-01,1.418999433517456055e+00,1.418999433517456055e+00,1.204690814018249512e+00,1.602218270301818848e+00,3.415364503860473633e+00,3.415364503860473633e+00,2.414571046829223633e+00,4.043782234191894531e+00
1.350000000000000000e+02,4.196251392364501953e+00,4.196251392364501953e+00,3.133741378784179688e+00,4.739368438720703125e+00,2.501511335372924805e+00,2.501511335372924805e+00,1.438584089279174805e+00,3.550378799438476562e+00,7.857649326324462891e-01,7.857649326324462891e-01,1.079505309462547302e-01,1.587110519409179688e+00,2.205310855060815811e-03,2.205310855060815811e-03,2.528464049100875854e-02,2.359263598918914795e-01,0.000000000000000000e+00,0.000000000000000000e+00,2.932563126087188721e-01,1.498377025127410889e-01,1.444345235824584961e+00,1.444345235824584961e+00,1.227321147918701172e+00,1.645653963088989258e+00,3.435090065002441406e+00,3.435090065002441406e+00,2.403202056884765625e+00,4.068980216979980469e+00
1.360000000000000000e+02,4.172399520874023438e+00,4.172399520874023438e+00,3.105765104293823242e+00,4.723113059997558594e+00,2.449764728546142578e+00,2.449764728546142578e+00,1.390913963317871094e+00,3.519621849060058594e+00,7.600225806236267090e-01,7.600225806236267090e-01,9.786003828048706055e-02,1.570888876914978027e+00,2.111052628606557846e-03,2.111052628606557846e-03,2.518259175121784210e-02,2.142341285943984985e-01,0.000000000000000000e+00,0.000000000000000000e+00,3.021774888038635254e-01,1.564113348722457886e-01,1.467931509017944336e+00,1.467931509017944336e+00,1.248372077941894531e+00,1.687678694725036621e+00,3.453010082244873047e+00,3.453010082244873047e+00,2.390127658843994141e+00,4.092255115509033203e+00
1.370000000000000000e+02,4.146841049194335938e+00,4.146841049194335938e+00,3.076430320739746094e+00,4.705206871032714844e+00,2.397506237030029297e+00,2.397506237030029297e+00,1.342792749404907227e+00,3.487859249114990234e+00,7.334743142127990723e-01,7.334743142127990723e-01,8.739097416400909424e-02,1.553909540176391602e+00,2.091135364025831223e-03,2.091135364025831223e-03,2.507301419973373413e-02,1.925309002399444580e-01,0.000000000000000000e+00,0.000000000000000000e+00,3.106195926666259766e-01,1.629154831171035767e-01,1.489729642868041992e+00,1.489729642868041992e+00,1.267817974090576172e+00,1.728354215621948242e+00,3.469103813171386719e+00,3.469103813171386719e+00,2.375363349914550781e+00,4.113726615905761719e+00
1.380000000000000000e+02,4.119616031646728516e+00,4.119616031646728516e+00,3.045768022537231445e+00,4.685821056365966797e+00,2.344866275787353516e+00,2.344866275787353516e+00,1.294271707534790039e+00,3.455358982086181641e+00,7.062379717826843262e-01,7.062379717826843262e-01,7.655313611030578613e-02,1.536443352699279785e+00,2.199776004999876022e-03,2.199776004999876022e-03,2.495594881474971771e-02,1.710654199123382568e-01,0.000000000000000000e+00,0.000000000000000000e+00,3.185674846172332764e-01,1.694355010986328125e-01,1.509712457656860352e+00,1.509712457656860352e+00,1.285633683204650879e+00,1.767711281776428223e+00,3.483350753784179688e+00,3.483350753784179688e+00,2.367226600646972656e+00,4.133481025695800781e+00
1.390000000000000000e+02,4.090759277343750000e+00,4.090759277343750000e+00,3.013809204101562500e+00,4.664655685424804688e+00,2.291764259338378906e+00,2.291764259338378906e+00,1.245400190353393555e+00,3.421628236770629883e+00,6.781408786773681641e-01,6.781408786773681641e-01,6.535656005144119263e-02,1.517928957939147949e+00,2.290101256221532822e-03,2.290101256221532822e-03,2.483143098652362823e-02,1.493333876132965088e-01,0.000000000000000000e+00,0.000000000000000000e+00,3.260067701339721680e-01,1.757183223962783813e-01,1.527856111526489258e+00,1.527856111526489258e+00,1.301797628402709961e+00,1.805518746376037598e+00,3.495733022689819336e+00,3.495733022689819336e+00,2.361127138137817383e+00,4.151258945465087891e+00
1.400000000000000000e+02,4.060306549072265625e+00,4.060306549072265625e+00,2.980590820312500000e+00,4.641744136810302734e+00,2.243370532989501953e+00,2.243370532989501953e+00,1.196231365203857422e+00,3.386709690093994141e+00,6.492178440093994141e-01,6.492178440093994141e-01,5.381223559379577637e-02,1.498395323753356934e+00,2.362000057473778725e-03,2.362000057473778725e-03,2.469950169324874878e-02,1.273676455020904541e-01,5.104254465550184250e-03,5.104254465550184250e-03,3.329232931137084961e-01,1.817546635866165161e-01,1.544138193130493164e+00,1.544138193130493164e+00,1.316289424896240234e+00,1.841733098030090332e+00,3.506236553192138672e+00,3.506236553192138672e+00,2.353389739990234375e+00,4.167044162750244141e+00
1.410000000000000000e+02,4.028295040130615234e+00,4.028295040130615234e+00,2.946148157119750977e+00,4.617116928100585938e+00,2.202616453170776367e+00,2.202616453170776367e+00,1.146816372871398926e+00,3.350646972656250000e+00,6.195039153099060059e-01,6.195039153099060059e-01,4.193133860826492310e-02,1.477872252464294434e+00,2.415385097265243530e-03,2.415385097265243530e-03,2.456019818782806396e-02,1.144486144185066223e-01,1.817944273352622986e-02,1.817944273352622986e-02,3.393038511276245117e-01,1.875358670949935913e-01,1.558538675308227539e+00,1.558538675308227539e+00,1.329091429710388184e+00,1.876313805580139160e+00,3.514847993850708008e+00,3.514847993850708008e+00,2.344021797180175781e+00,4.180823802947998047e+00
1.420000000000000000e+02,3.994762897491455078e+00,3.994762897491455078e+00,2.910518646240234375e+00,4.590810298919677734e+00,2.161102294921875000e+00,2.161102294921875000e+00,1.097207307815551758e+00,3.313484191894531250e+00,5.890348553657531738e-01,5.890348553657531738e-01,2.972541563212871552e-02,1.456389904022216797e+00,2.450193045660853386e-03,2.450193045660853386e-03,2.441357448697090149e-02,1.037053838372230530e-01,3.076157718896865845e-02,3.076157718896865845e-02,3.451355695724487305e-01,1.930534690618515015e-01,1.571040749549865723e+00,1.571040749549865723e+00,1.340187788009643555e+00,1.909222602844238281e+00,3.521556854248046875e+00,3.521556854248046875e+00,2.333032846450805664e+00,4.192587375640869141e+00
1.430000000000000000e+02,3.959752082824707031e+00,3.959752082824707031e+00,2.873743534088134766e+00,4.562860012054443359e+00,2.118880271911621094e+00,2.118880271911621094e+00,1.047458410263061523e+00,3.275266885757446289e+00,5.578483939170837402e-01,5.578483939170837402e-01,2.449798583984375000e-02,1.433980584144592285e+00,2.466379897668957710e-03,2.466379897668957710e-03,2.425966598093509674e-02,9.278318285942077637e-02,4.283495619893074036e-02,4.283495619893074036e-02,3.504060506820678711e-01,1.982989013195037842e-01,1.581628561019897461e+00,1.581628561019897461e+00,1.349564313888549805e+00,1.940420985221862793e+00,3.526355743408203125e+00,3.526355743408203125e+00,2.320434093475341797e+00,4.202323913574218750e+00
1.440000000000000000e+02,3.923318386077880859e+00,3.923318386077880859e+00,2.838610649108886719e+00,4.533304691314697266e+00,2.078064680099487305e+00,2.078064680099487305e+00,1.014036059379577637e+00,3.236041545867919922e+00,5.288859605789184570e-01,5.288859605789184570e-01,3.028633445501327515e-02,1.410676002502441406e+00,4.507256671786308289e-03,4.507256671786308289e-03,2.927997708320617676e-02,8.169881254434585571e-02,5.438528954982757568e-02,5.438528954982757568e-02,3.563222885131835938e-01,2.032643556594848633e-01,1.590289711952209473e+00,1.590289711952209473e+00,1.357660651206970215e+00,1.969874620437622070e+00,3.529238224029541016e+00,3.529238224029541016e+00,2.307476520538330078e+00,4.210028171539306641e+00
1.450000000000000000e+02,3.885761737823486328e+00,3.885761737823486328e+00,2.809739351272583008e+00,4.502184867858886719e+00,2.042142629623413086e+00,2.042142629623413086e+00,1.002955675125122070e+00,3.195855617523193359e+00,5.088024735450744629e-01,5.088024735450744629e-01,5.146574229001998901e-02,1.386510014533996582e+00,1.164761371910572052e-02,1.164761371910572052e-02,4.754425957798957825e-02,7.046955078840255737e-02,6.539802253246307373e-02,6.539802253246307373e-02,3.646580576896667480e-01,2.201593071222305298e-01,1.599025487899780273e+00,1.599025487899780273e+00,1.365184307098388672e+00,2.001290559768676758e+00,3.530200242996215820e+00,3.530200242996215820e+00,2.296699762344360352e+00,4.215694427490234375e+00
1.460000000000000000e+02,3.847221851348876953e+00,3.847221851348876953e+00,2.780185699462890625e+00,4.469542980194091797e+00,2.005913257598876953e+00,2.005913257598876953e+00,9.916535615921020508e-01,3.154755592346191406e+00,4.927724301815032959e-01,4.927724301815032959e-01,7.261899858713150024e-02,1.361515760421752930e+00,1.850119605660438538e-02,1.850119605660438538e-02,6.555589288473129272e-02,5.911220610141754150e-02,7.586013525724411011e-02,7.586013525724411011e-02,3.721711039543151855e-01,2.446487993001937866e-01,1.610486865043640137e+00,1.610486865043640137e+00,1.370970487594604492e+00,2.040361642837524414e+00,3.529241085052490234e+00,3.529241085052490234e+00,2.297249078750610352e+00,4.219320297241210938e+00
1.470000000000000000e+02,3.807745933532714844e+00,3.807745933532714844e+00,2.749991893768310547e+00,4.435420036315917969e+00,1.976239442825317383e+00,1.976239442825317383e+00,9.801459312438964844e-01,3.112791538238525391e+00,4.761423468589782715e-01,4.761423468589782715e-01,9.373046457767486572e-02,1.335729360580444336e+00,2.505943179130554199e-02,2.505943179130554199e-02,8.330315351486206055e-02,4.764435440301895142e-02,9.257577359676361084e-02,9.257577359676361084e-02,3.788566589355468750e-01,2.683492898941040039e-01,1.619985818862915039e+00,1.619985818862915039e+00,1.375021457672119141e+00,2.077857494354248047e+00,3.526361942291259766e+00,3.526361942291259766e+00,2.296574115753173828e+00,4.220905303955078125e+00
1.480000000000000000e+02,3.767382383346557617e+00,3.767382383346557617e+00,2.719200849533081055e+00,4.399862289428710938e+00,1.946545243263244629e+00,1.946545243263244629e+00,9.684485197067260742e-01,3.070012092590332031e+00,4.589320123195648193e-01,4.589320123195648193e-01,1.147855371236801147e-01,1.309185504913330078e+00,3.131445497274398804e-02,3.131445497274398804e-02,1.007755026221275330e-01,4.544525220990180969e-02,1.089138388633728027e-01,1.089138388633728027e-01,3.847111761569976807e-01,2.912277579307556152e-01,1.627511024475097656e+00,1.627511024475097656e+00,1.377342462539672852e+00,2.113737583160400391e+00,3.521566390991210938e+00,3.521566390991210938e+00,2.294684648513793945e+00,4.220451354980468750e+00
1.490000000000000000e+02,3.726180553436279297e+00,3.726180553436279297e+00,2.687858104705810547e+00,4.362916469573974609e+00,1.916403055191040039e+00,1.916403055191040039e+00,9.565779566764831543e-01,3.026467800140380859e+00,4.411624968051910400e-01,4.411624968051910400e-01,1.357696652412414551e-01,1.281920433044433594e+00,3.727097436785697937e-02,3.727097436785697937e-02,1.179626956582069397e-01,4.664134979248046875e-02,1.243901625275611877e-01,1.243901625275611877e-01,3.897322714328765869e-01,3.132522702217102051e-01,1.633053898811340332e+00,1.633053898811340332e+00,1.377941250801086426e+00,2.147961854934692383e+00,3.514873027801513672e+00,3.514873027801513672e+00,2.291589736938476562e+00,4.217963218688964844e+00
1.500000000000000000e+02,3.684189796447753906e+00,3.684189796447753906e+00,2.656007289886474609e+00,4.324630737304687500e+00,1.885849475860595703e+00,1.885849475860595703e+00,9.445507526397705078e-01,2.982209205627441406e+00,4.228555560111999512e-01,4.228555560111999512e-01,1.566675156354904175e-01,1.253970980644226074e+00,4.309282824397087097e-02,4.309282824397087097e-02,1.348540782928466797e-01,4.780738800764083862e-02,1.389856338500976562e-01,1.389856338500976562e-01,3.939177691936492920e-01,3.343908190727233887e-01,1.636606931686401367e+00,1.636606931686401367e+00,1.376826524734497070e+00,2.180491209030151367e+00,3.506460189819335938e+00,3.506460189819335938e+00,2.287301063537597656e+00,4.213446617126464844e+00
1.510000000000000000e+02,3.641461610794067383e+00,3.641461610794067383e+00,2.623694419860839844e+00,4.285053253173828125e+00,1.854921460151672363e+00,1.854921460151672363e+00,9.323842525482177734e-01,2.937286615371704102e+00,4.040333330631256104e-01,4.040333330631256104e-01,1.774646639823913574e-01,1.225374460220336914e+00,4.861692711710929871e-02,4.861692711710929871e-02,1.514401137828826904e-01,4.894313588738441467e-02,1.526826322078704834e-01,1.526826322078704834e-01,3.972671627998352051e-01,3.546134829521179199e-01,1.638165950775146484e+00,1.638165950775146484e+00,1.374009847640991211e+00,2.211289644241333008e+00,3.496182441711425781e+00,3.496182441711425781e+00,2.281831979751586914e+00,4.206909656524658203e+00
1.520000000000000000e+02,3.598048686981201172e+00,3.598048686981201172e+00,2.590966701507568359e+00,4.244235992431640625e+00,1.823656916618347168e+00,1.823656916618347168e+00,9.200959205627441406e-01,2.891752481460571289e+00,3.847190141677856445e-01,3.847190141677856445e-01,1.981461495161056519e-01,1.196169018745422363e+00,5.382198467850685120e-02,5.382198467850685120e-02,1.677109748125076294e-01,5.004832521080970764e-02,1.654642224311828613e-01,1.654642224311828613e-01,3.997803926467895508e-01,3.738903403282165527e-01,1.637728929519653320e+00,1.637728929519653320e+00,1.369504570960998535e+00,2.240321397781372070e+00,3.484038352966308594e+00,3.484038352966308594e+00,2.275197267532348633e+00,4.198364257812500000e+00
1.530000000000000000e+02,3.554003000259399414e+00,3.554003000259399414e+00,2.557871341705322266e+00,4.202229022979736328e+00,1.792093753814697266e+00,1.792093753814697266e+00,9.077032804489135742e-01,2.845657587051391602e+00,3.649359941482543945e-01,3.649359941482543945e-01,2.186975628137588501e-01,1.166392683982849121e+00,5.869637057185173035e-02,5.869637057185173035e-02,1.836576610803604126e-01,5.112275108695030212e-02,1.773149669170379639e-01,1.773149669170379639e-01,4.014585316181182861e-01,3.921931087970733643e-01,1.635296702384948730e+00,1.635296702384948730e+00,1.363326311111450195e+00,2.267553567886352539e+00,3.470036506652832031e+00,3.470036506652832031e+00,2.267413139343261719e+00,4.187820911407470703e+00
1.540000000000000000e+02,3.509378671646118164e+00,3.509378671646118164e+00,2.524456024169921875e+00,4.159085750579833984e+00,1.760270595550537109e+00,1.760270595550537109e+00,8.952246308326721191e-01,2.799054622650146484e+00,3.447081446647644043e-01,3.447081446647644043e-01,2.391048222780227661e-01,1.136083960533142090e+00,6.323422491550445557e-02,6.323422491550445557e-02,1.992715597152709961e-01,5.216624960303306580e-02,1.882206052541732788e-01,1.882206052541732788e-01,4.023035764694213867e-01,4.094949960708618164e-01,1.630872249603271484e+00,1.630872249603271484e+00,1.355492830276489258e+00,2.292956590652465820e+00,3.454195022583007812e+00,3.454195022583007812e+00,2.258498907089233398e+00,4.175296783447265625e+00
1.550000000000000000e+02,3.464298248291015625e+00,3.464298248291015625e+00,2.494203090667724609e+00,4.114862442016601562e+00,1.746645927429199219e+00,1.746645927429199219e+00,8.909058570861816406e-01,2.751995325088500977e+00,3.346846103668212891e-01,3.346846103668212891e-01,2.692207694053649902e-01,1.106908917427062988e+00,7.190307229757308960e-02,7.190307229757308960e-02,2.226851135492324829e-01,5.317861214280128479e-02,2.120179384946823120e-01,2.120179384946823120e-01,4.023182988166809082e-01,4.257691502571105957e-01,1.628690958023071289e+00,1.628690958023071289e+00,1.346023559570312500e+00,2.316499471664428711e+00,3.436532020568847656e+00,3.436532020568847656e+00,2.248474121093750000e+00,4.160808563232421875e+00
1.560000000000000000e+02,3.419086217880249023e+00,3.419086217880249023e+00,2.466204166412353516e+00,4.069611549377441406e+00,1.741067051887512207e+00,1.741067051887512207e+00,8.920000791549682617e-01,2.704679727554321289e+00,3.396301865577697754e-01,3.396301865577697754e-01,3.054899871349334717e-01,1.078318119049072266e+00,8.288220316171646118e-02,8.288220316171646118e-02,2.507817149162292480e-01,5.415973067283630371e-02,2.399370372295379639e-01,2.399370372295379639e-01,4.015065133571624756e-01,4.409909248352050781e-01,1.635797858238220215e+00,1.635797858238220215e+00,1.334939956665039062e+00,2.338156223297119141e+00,3.417070388793945312e+00,3.417070388793945312e+00,2.237359762191772461e+00,4.144374847412109375e+00
1.570000000000000000e+02,3.373826742172241211e+00,3.373826742172241211e+00,2.438373088836669922e+00,4.023391246795654297e+00,1.734858512878417969e+00,1.734858512878417969e+00,8.932797908782958984e-01,2.657251119613647461e+00,3.441619277000427246e-01,3.441619277000427246e-01,3.415502011775970459e-01,1.049298763275146484e+00,9.323603659868240356e-02,9.323603659868240356e-02,2.782719433307647705e-01,5.510946363210678101e-02,2.661432921886444092e-01,2.661432921886444092e-01,3.998729586601257324e-01,4.551361799240112305e-01,1.640911817550659180e+00,1.640911817550659180e+00,1.322265982627868652e+00,2.357901334762573242e+00,3.395832061767578125e+00,3.395832061767578125e+00,2.225178718566894531e+00,4.126016616821289062e+00
1.580000000000000000e+02,3.328788280487060547e+00,3.328788280487060547e+00,2.410755872726440430e+00,3.980536460876464844e+00,1.742392897605895996e+00,1.742392897605895996e+00,9.026747941970825195e-01,2.627640485763549805e+00,3.683757185935974121e-01,3.683757185935974121e-01,3.904521465301513672e-01,1.042937397956848145e+00,1.170147210359573364e-01,1.170147210359573364e-01,3.127891719341278076e-01,7.365677505731582642e-02,2.906054258346557617e-01,2.906054258346557617e-01,3.974231481552124023e-01,4.681823253631591797e-01,1.644026637077331543e+00,1.644026637077331543e+00,1.308026552200317383e+00,2.375711917877197266e+00,3.372844696044921875e+00,3.372844696044921875e+00,2.211956501007080078e+00,4.105758190155029297e+00
1.590000000000000000e+02,3.284875154495239258e+00,3.284875154495239258e+00,2.383400440216064453e+00,3.940431833267211914e+00,1.759154081344604492e+00,1.759154081344604492e+00,9.179211854934692383e-01,2.610034942626953125e+00,4.050194323062896729e-01,4.050194323062896729e-01,4.474487602710723877e-01,1.050957560539245605e+00,1.484813094139099121e-01,1.484813094139099121e-01,3.509655296802520752e-01,1.028617024421691895e-01,3.132929205894470215e-01,3.132929205894470215e-01,3.941636085510253906e-01,4.801077842712402344e-01,1.645138263702392578e+00,1.645138263702392578e+00,1.292249441146850586e+00,2.391566514968872070e+00,3.348135232925415039e+00,3.348135232925415039e+00,2.198006153106689453e+00,4.083624362945556641e+00
1.600000000000000000e+02,3.242229461669921875e+00,3.242229461669921875e+00,2.356354475021362305e+00,3.900600671768188477e+00,1.776077866554260254e+00,1.776077866554260254e+00,9.340708255767822266e-01,2.593124151229858398e+00,4.411696195602416992e-01,4.411696195602416992e-01,5.041014552116394043e-01,1.058579087257385254e+00,1.784287095069885254e-01,1.784287095069885254e-01,3.877198994159698486e-01,1.312593519687652588e-01,3.341787457466125488e-01,3.341787457466125488e-01,3.901016712188720703e-01,4.908925890922546387e-01,1.644245624542236328e+00,1.644245624542236328e+00,1.274963498115539551e+00,2.405446052551269531e+00,3.321733951568603516e+00,3.321733951568603516e+00,2.183561325073242188e+00,4.059642791748046875e+00
1.610000000000000000e+02,3.200901746749877930e+00,3.200901746749877930e+00,2.329664230346679688e+00,3.861097812652587891e+00,1.793143868446350098e+00,1.793143868446350098e+00,9.549660086631774902e-01,2.576922893524169922e+00,4.767829179763793945e-01,4.767829179763793945e-01,5.603511333465576172e-01,1.065794825553894043e+00,2.068209648132324219e-01,2.068209648132324219e-01,4.230168759822845459e-01,1.588242053985595703e-01,3.532374203205108643e-01,3.532374203205108643e-01,3.852454721927642822e-01,5.005178451538085938e-01,1.641349792480468750e+00,1.641349792480468750e+00,1.256199836730957031e+00,2.417335033416748047e+00,3.293673515319824219e+00,3.293673515319824219e+00,2.168425083160400391e+00,4.033842086791992188e+00
1.620000000000000000e+02,3.160984039306640625e+00,3.160984039306640625e+00,2.303377389907836914e+00,3.823947906494140625e+00,1.815438508987426758e+00,1.815438508987426758e+00,9.801344871520996094e-01,2.568401813507080078e+00,5.189988613128662109e-01,5.189988613128662109e-01,6.202299594879150391e-01,1.081417560577392578e+00,2.386738359928131104e-01,2.386738359928131104e-01,4.589978456497192383e-01,1.924338638782501221e-01,3.704453706741333008e-01,3.704453706741333008e-01,3.796043097972869873e-01,5.089658498764038086e-01,1.636453986167907715e+00,1.636453986167907715e+00,1.235991716384887695e+00,2.427217483520507812e+00,3.263987302780151367e+00,3.263987302780151367e+00,2.152631521224975586e+00,4.006254673004150391e+00
1.630000000000000000e+02,3.123081445693969727e+00,3.123081445693969727e+00,2.277540206909179688e+00,3.794276714324951172e+00,1.848852515220642090e+00,1.848852515220642090e+00,1.011111974716186523e+00,2.575454235076904297e+00,5.755773782730102539e-01,5.755773782730102539e-01,6.881231069564819336e-01,1.115022540092468262e+00,2.790784537792205811e-01,2.790784537792205811e-01,4.976666867733001709e-01,2.392389178276062012e-01,3.857820034027099609e-01,3.857820034027099609e-01,3.731879293918609619e-01,5.162205100059509277e-01,1.629564762115478516e+00,1.629564762115478516e+00,1.214373230934143066e+00,2.435081958770751953e+00,3.232712030410766602e+00,3.232712030410766602e+00,2.136217117309570312e+00,3.976912975311279297e+00
1.640000000000000000e+02,3.087417125701904297e+00,3.087417125701904297e+00,2.252198934555053711e+00,3.769106149673461914e+00,1.882866382598876953e+00,1.882866382598876953e+00,1.043371796607971191e+00,2.583720684051513672e+00,6.314538717269897461e-01,6.314538717269897461e-01,7.554048895835876465e-01,1.148164749145507812e+00,3.172568082809448242e-01,3.172568082809448242e-01,5.342688560485839844e-01,2.846205830574035645e-01,3.992282450199127197e-01,3.992282450199127197e-01,3.660073578357696533e-01,5.273455381393432617e-01,1.620689868927001953e+00,1.620689868927001953e+00,1.191380739212036133e+00,2.440916776657104492e+00,3.199885845184326172e+00,3.199885845184326172e+00,2.119218111038208008e+00,3.945852041244506836e+00
1.650000000000000000e+02,3.054034233093261719e+00,3.054034233093261719e+00,2.227399349212646484e+00,3.744683504104614258e+00,1.917438983917236328e+00,1.917438983917236328e+00,1.076871037483215332e+00,2.593191385269165039e+00,6.865611076354980469e-01,6.865611076354980469e-01,8.219965696334838867e-01,1.180812358856201172e+00,3.531631231307983398e-01,3.531631231307983398e-01,5.687625408172607422e-01,3.285394012928009033e-01,4.107679724693298340e-01,4.107679724693298340e-01,3.697038292884826660e-01,5.373219847679138184e-01,1.609840869903564453e+00,1.609840869903564453e+00,1.167052388191223145e+00,2.444715023040771484e+00,3.165549039840698242e+00,3.165549039840698242e+00,2.101672410964965820e+00,3.913109540939331055e+00
1.660000000000000000e+02,3.022972822189331055e+00,3.022972822189331055e+00,2.203186035156250000e+00,3.721041679382324219e+00,1.952528595924377441e+00,1.952528595924377441e+00,1.111564636230468750e+00,2.615576267242431641e+00,7.408323884010314941e-01,7.408323884010314941e-01,8.878194093704223633e-01,1.212932825088500977e+00,3.867540061473846436e-01,3.867540061473846436e-01,6.011079549789428711e-01,3.709573745727539062e-01,4.203872084617614746e-01,4.203872084617614746e-01,3.745009899139404297e-01,5.490458607673645020e-01,1.597029924392700195e+00,1.597029924392700195e+00,1.141426920890808105e+00,2.446470260620117188e+00,3.129741668701171875e+00,3.129741668701171875e+00,2.083617448806762695e+00,3.878721714019775391e+00
1.670000000000000000e+02,2.994272232055664062e+00,2.994272232055664062e+00,2.181951522827148438e+00,3.698216438293457031e+00,1.988092541694641113e+00,1.988092541694641113e+00,1.147405862808227539e+00,2.640242576599121094e+00,7.942006587982177734e-01,7.942006587982177734e-01,9.527940154075622559e-01,1.244493603706359863e+00,4.179876446723937988e-01,4.179876446723937988e-01,6.312668919563293457e-01,4.118367433547973633e-01,4.280740022659301758e-01,4.280740022659301758e-01,3.777830004692077637e-01,5.610311031341552734e-01,1.582273721694946289e+00,1.582273721694946289e+00,1.114546060562133789e+00,2.446178674697875977e+00,3.092509508132934570e+00,3.092509508132934570e+00,2.065094232559204102e+00,3.842731952667236328e+00
1.680000000000000000e+02,2.967966079711914062e+00,2.967966079711914062e+00,2.162459611892700195e+00,3.676236152648925781e+00,2.024087429046630859e+00,2.024087429046630859e+00,1.184347629547119141e+00,2.665288925170898438e+00,8.576034903526306152e-01,8.576034903526306152e-01,1.016844153404235840e+00,1.275462985038757324e+00,4.468267560005187988e-01,4.468267560005187988e-01,6.592050790786743164e-01,4.511435627937316895e-01,4.338193833827972412e-01,4.338193833827972412e-01,3.795518875122070312e-01,5.711599588394165039e-01,1.576591134071350098e+00,1.576591134071350098e+00,1.086452007293701172e+00,2.443839311599731445e+00,3.053896903991699219e+00,3.053896903991699219e+00,2.046141386032104492e+00,3.805179595947265625e+00
1.690000000000000000e+02,2.944087505340576172e+00,2.944087505340576172e+00,2.143423080444335938e+00,3.655134439468383789e+00,2.060474395751953125e+00,2.060474395751953125e+00,1.226096510887145996e+00,2.690685987472534180e+00,9.256447553634643555e-01,9.256447553634643555e-01,1.079892158508300781e+00,1.305809378623962402e+00,4.732355475425720215e-01,4.732355475425720215e-01,6.848894357681274414e-01,4.888438582420349121e-01,4.376218318939208984e-01,4.376218318939208984e-01,3.798110783100128174e-01,5.794192552566528320e-01,1.574671864509582520e+00,1.574671864509582520e+00,1.057188749313354492e+00,2.439452171325683594e+00,3.013951063156127930e+00,3.013951063156127930e+00,2.026799678802490234e+00,3.766109943389892578e+00
1.700000000000000000e+02,2.922665119171142578e+00,2.922665119171142578e+00,2.125243902206420898e+00,3.634938955307006836e+00,2.097204208374023438e+00,2.097204208374023438e+00,1.277328014373779297e+00,2.716405391693115234e+00,9.925584197044372559e-01,9.925584197044372559e-01,1.141863942146301270e+00,1.335502147674560547e+00,4.971821904182434082e-01,4.971821904182434082e-01,7.082911729812622070e-01,5.249071717262268066e-01,4.394707679748535156e-01,4.394707679748535156e-01,3.785662651062011719e-01,5.857980251312255859e-01,1.570834040641784668e+00,1.570834040641784668e+00,1.026801824569702148e+00,2.433020353317260742e+00,2.972721099853515625e+00,2.972721099853515625e+00,2.007111549377441406e+00,3.725568056106567383e+00
1.710000000000000000e+02,2.903724431991577148e+00,2.903724431991577148e+00,2.114307880401611328e+00,3.615677356719970703e+00,2.134232044219970703e+00,2.134232044219970703e+00,1.331881523132324219e+00,2.742417812347412109e+00,1.058263540267944336e+00,1.058263540267944336e+00,1.202685952186584473e+00,1.364511251449584961e+00,5.186377167701721191e-01,5.186377167701721191e-01,7.293832302093505859e-01,5.593045949935913086e-01,4.393638670444488525e-01,4.393638670444488525e-01,3.758244514465332031e-01,5.902875661849975586e-01,1.565082550048828125e+00,1.565082550048828125e+00,9.953371286392211914e-01,2.424549102783203125e+00,2.930256128311157227e+00,2.930256128311157227e+00,1.987117767333984375e+00,3.683599233627319336e+00
1.720000000000000000e+02,2.887289524078369141e+00,2.887289524078369141e+00,2.104915142059326172e+00,3.597376585006713867e+00,2.171511650085449219e+00,2.171511650085449219e+00,1.386781692504882812e+00,2.768691301345825195e+00,1.122678279876708984e+00,1.122678279876708984e+00,1.262284398078918457e+00,1.392805814743041992e+00,5.375755429267883301e-01,5.375755429267883301e-01,7.481408119201660156e-01,5.920080542564392090e-01,4.373013377189636230e-01,4.373013377189636230e-01,3.715946674346923828e-01,5.928810834884643555e-01,1.557424068450927734e+00,1.557424068450927734e+00,9.658432602882385254e-01,2.414045572280883789e+00,2.886608839035034180e+00,2.886608839035034180e+00,1.966861009597778320e+00,3.640253067016601562e+00
1.730000000000000000e+02,2.873379707336425781e+00,2.873379707336425781e+00,2.097083091735839844e+00,3.580060243606567383e+00,2.208998918533325195e+00,2.208998918533325195e+00,1.441964983940124512e+00,2.795196533203125000e+00,1.185726404190063477e+00,1.185726404190063477e+00,1.320589542388916016e+00,1.420357942581176758e+00,5.539730787277221680e-01,5.539730787277221680e-01,7.645435333251953125e-01,6.229932904243469238e-01,4.332855641841888428e-01,4.332855641841888428e-01,3.658874928951263428e-01,6.037834882736206055e-01,1.547868251800537109e+00,1.547868251800537109e+00,9.370988607406616211e-01,2.401519298553466797e+00,2.841831922531127930e+00,2.841831922531127930e+00,1.946384310722351074e+00,3.595577716827392578e+00
1.740000000000000000e+02,2.862012386322021484e+00,2.862012386322021484e+00,2.090827941894531250e+00,3.563753128051757812e+00,2.246646881103515625e+00,2.246646881103515625e+00,1.497364759445190430e+00,2.821900367736816406e+00,1.247328996658325195e+00,1.247328996658325195e+00,1.377530336380004883e+00,1.447137713432312012e+00,5.678097605705261230e-01,5.678097605705261230e-01,7.785719633102416992e-01,6.522361636161804199e-01,4.273216128349304199e-01,4.273216128349304199e-01,3.587154150009155273e-01,6.145074367523193359e-01,1.536426782608032227e+00,1.536426782608032227e+00,9.072889089584350586e-01,2.386982202529907227e+00,2.795981168746948242e+00,2.795981168746948242e+00,1.925731420516967773e+00,3.549625635147094727e+00
1.750000000000000000e+02,2.853201150894165039e+00,2.853201150894165039e+00,2.086164951324462891e+00,3.548475265502929688e+00,2.284411191940307617e+00,2.284411191940307617e+00,1.552916407585144043e+00,2.848771572113037109e+00,1.307412624359130859e+00,1.307412624359130859e+00,1.433040022850036621e+00,1.476881384849548340e+00,5.790692567825317383e-01,5.790692567825317383e-01,7.902108430862426758e-01,6.797164082527160645e-01,4.194165170192718506e-01,4.194165170192718506e-01,3.500923514366149902e-01,6.232768893241882324e-01,1.523113012313842773e+00,1.523113012313842773e+00,8.764595985412597656e-01,2.370448112487792969e+00,2.749110221862792969e+00,2.749110221862792969e+00,1.904945254325866699e+00,3.502447366714477539e+00
1.760000000000000000e+02,2.846956729888916016e+00,2.846956729888916016e+00,2.083106517791748047e+00,3.534247875213623047e+00,2.322244405746459961e+00,2.322244405746459961e+00,1.608553290367126465e+00,2.875777006149291992e+00,1.365902662277221680e+00,1.365902662277221680e+00,1.487051010131835938e+00,1.506406188011169434e+00,5.877374410629272461e-01,5.877374410629272461e-01,7.994468212127685547e-01,7.054141163825988770e-01,4.095802307128906250e-01,4.095802307128906250e-01,3.420551121234893799e-01,6.300773620605468750e-01,1.507943749427795410e+00,1.507943749427795410e+00,8.446597456932067871e-01,2.351932525634765625e+00,2.701278209686279297e+00,2.701278209686279297e+00,1.884070396423339844e+00,3.454097986221313477e+00
1.770000000000000000e+02,2.843286514282226562e+00,2.843286514282226562e+00,2.081663131713867188e+00,3.521088838577270508e+00,2.360100507736206055e+00,2.360100507736206055e+00,1.664209842681884766e+00,2.902882337570190430e+00,1.422728419303894043e+00,1.422728419303894043e+00,1.539498925209045410e+00,1.534934878349304199e+00,5.938040018081665039e-01,5.938040018081665039e-01,8.062701821327209473e-01,7.293125987052917480e-01,3.978244960308074951e-01,3.978244960308074951e-01,3.324497938156127930e-01,6.348973512649536133e-01,1.490937232971191406e+00,1.490937232971191406e+00,8.119382262229919434e-01,2.331454038619995117e+00,2.652542114257812500e+00,2.652542114257812500e+00,1.863150596618652344e+00,3.404630184173583984e+00
1.780000000000000000e+02,2.842195749282836914e+00,2.842195749282836914e+00,2.081843852996826172e+00,3.509015560150146484e+00,2.397935390472412109e+00,2.397935390472412109e+00,1.719821691513061523e+00,2.930056095123291016e+00,1.477821826934814453e+00,1.477821826934814453e+00,1.590322494506835938e+00,1.562438964843750000e+00,5.972616672515869141e-01,5.972616672515869141e-01,8.106735944747924805e-01,7.513975501060485840e-01,3.841635584831237793e-01,3.841635584831237793e-01,3.211460709571838379e-01,6.377268433570861816e-01,1.472114205360412598e+00,1.472114205360412598e+00,7.783450484275817871e-01,2.309032917022705078e+00,2.602961540222167969e+00,2.602961540222167969e+00,1.842230319976806641e+00,3.354100704193115234e+00
1.790000000000000000e+02,2.843685150146484375e+00,2.843685150146484375e+00,2.087074041366577148e+00,3.498043298721313477e+00,2.435699939727783203e+00,2.435699939727783203e+00,1.775321006774902344e+00,2.958679437637329102e+00,1.531113624572753906e+00,1.531113624572753906e+00,1.639458656311035156e+00,1.588888406753540039e+00,5.981057882308959961e-01,5.981057882308959961e-01,8.126526474952697754e-01,7.716552019119262695e-01,3.686143755912780762e-01,3.686143755912780762e-01,3.081673383712768555e-01,6.385583877563476562e-01,1.451497793197631836e+00,1.451497793197631836e+00,7.439324259757995605e-01,2.284691572189331055e+00,2.552597761154174805e+00,2.552597761154174805e+00,1.821354269981384277e+00,3.302566289901733398e+00
1.800000000000000000e+02,2.847752809524536133e+00,2.847752809524536133e+00,2.096911430358886719e+00,3.488184928894042969e+00,2.473351001739501953e+00,2.473351001739501953e+00,1.830644130706787109e+00,2.987274408340454102e+00,1.582541108131408691e+00,1.582541108131408691e+00,1.686850070953369141e+00,1.614256858825683594e+00,5.963357090950012207e-01,5.963357090950012207e-01,8.122059702873229980e-01,7.900757789611816406e-01,3.511954545974731445e-01,3.511954545974731445e-01,2.935379743576049805e-01,6.373867988586425781e-01,1.429112553596496582e+00,1.429112553596496582e+00,7.087516784667968750e-01,2.258453607559204102e+00,2.501510858535766602e+00,2.501510858535766602e+00,1.800566434860229492e+00,3.250082731246948242e+00
1.810000000000000000e+02,2.854394435882568359e+00,2.854394435882568359e+00,2.109001159667968750e+00,3.479454040527343750e+00,2.510840892791748047e+00,2.510840892791748047e+00,1.885723829269409180e+00,3.015547275543212891e+00,1.632039427757263184e+00,1.632039427757263184e+00,1.732438564300537109e+00,1.638516664505004883e+00,5.919536352157592773e-01,5.919536352157592773e-01,8.093347549438476562e-01,8.066499829292297363e-01,3.319286406040191650e-01,3.319286406040191650e-01,2.772852778434753418e-01,6.342095136642456055e-01,1.404986977577209473e+00,1.404986977577209473e+00,6.728573441505432129e-01,2.230347394943237305e+00,2.449764728546142578e+00,2.449764728546142578e+00,1.779912710189819336e+00,3.196711063385009766e+00
1.820000000000000000e+02,2.863600730895996094e+00,2.863600730895996094e+00,2.123331546783447266e+00,3.471858978271484375e+00,2.548123836517333984e+00,2.548123836517333984e+00,1.940496325492858887e+00,3.043466806411743164e+00,1.679549574851989746e+00,1.679549574851989746e+00,1.776170253753662109e+00,1.661643266677856445e+00,5.850502252578735352e-01,5.850502252578735352e-01,8.040437102317810059e-01,8.213719129562377930e-01,3.108370006084442139e-01,3.108370006084442139e-01,2.594375312328338623e-01,6.290253996849060059e-01,1.379149079322814941e+00,1.379149079322814941e+00,6.363027095794677734e-01,2.200399637222290039e+00,2.397506475448608398e+00,2.397506475448608398e+00,1.759435892105102539e+00,3.142508745193481445e+00
1.830000000000000000e+02,2.875361680984497070e+00,2.875361680984497070e+00,2.139887332916259766e+00,3.465408802032470703e+00,2.585155487060546875e+00,2.585155487060546875e+00,1.994897127151489258e+00,3.071000814437866211e+00,1.725013971328735352e+00,1.725013971328735352e+00,1.817992687225341797e+00,1.683612108230590820e+00,5.756998062133789062e-01,5.756998062133789062e-01,7.963393926620483398e-01,8.342372775077819824e-01,2.879458963871002197e-01,2.879458963871002197e-01,2.400251030921936035e-01,6.218361854553222656e-01,1.351630687713623047e+00,1.351630687713623047e+00,6.067753434181213379e-01,2.168640851974487305e+00,2.344865560531616211e+00,2.344865560531616211e+00,1.739181041717529297e+00,3.087536096572875977e+00
1.840000000000000000e+02,2.889662742614746094e+00,2.889662742614746094e+00,2.158652305603027344e+00,3.460112094879150391e+00,2.621890068054199219e+00,2.621890068054199219e+00,2.048861503601074219e+00,3.098118543624877930e+00,1.768376350402832031e+00,1.768376350402832031e+00,1.857854843139648438e+00,1.704399943351745605e+00,5.637706518173217773e-01,5.637706518173217773e-01,7.862324118614196777e-01,8.452439308166503906e-01,2.632839977741241455e-01,2.632839977741241455e-01,2.190808653831481934e-01,6.126458048820495605e-01,1.322466135025024414e+00,1.322466135025024414e+00,5.798219442367553711e-01,2.135104656219482422e+00,2.291764736175537109e+00,2.291764736175537109e+00,1.719192862510681152e+00,3.031855106353759766e+00
1.850000000000000000e+02,2.906437873840332031e+00,2.906437873840332031e+00,2.182104587554931641e+00,3.455971240997314453e+00,2.658283710479736328e+00,2.658283710479736328e+00,2.102326631546020508e+00,3.124787807464599609e+00,1.809584617614746094e+00,1.809584617614746094e+00,1.895709514617919922e+00,1.723985075950622559e+00,5.492769479751586914e-01,5.492769479751586914e-01,7.737352848052978516e-01,8.543920516967773438e-01,2.420532256364822388e-01,2.420532256364822388e-01,2.042510062456130981e-01,6.032984256744384766e-01,1.298956751823425293e+00,1.298956751823425293e+00,5.615783333778381348e-01,2.103575468063354492e+00,2.243370056152343750e+00,2.243370056152343750e+00,1.707064509391784668e+00,2.977300167083740234e+00
1.860000000000000000e+02,2.925176382064819336e+00,2.925176382064819336e+00,2.211356878280639648e+00,3.452991724014282227e+00,2.694290161132812500e+00,2.694290161132812500e+00,2.155228137969970703e+00,3.150977373123168945e+00,1.848587632179260254e+00,1.848587632179260254e+00,1.931510210037231445e+00,1.750483036041259766e+00,5.322365164756774902e-01,5.322365164756774902e-01,7.649653553962707520e-01,8.616833686828613281e-01,2.278460860252380371e-01,2.278460860252380371e-01,2.006320655345916748e-01,5.952465534210205078e-01,1.285684943199157715e+00,1.285684943199157715e+00,5.580515861511230469e-01,2.076433897018432617e+00,2.202616214752197266e+00,2.202616214752197266e+00,1.707267522811889648e+00,2.924746751785278320e+00
1.870000000000000000e+02,2.945728063583374023e+00,2.945728063583374023e+00,2.242126941680908203e+00,3.451173782348632812e+00,2.729867935180664062e+00,2.729867935180664062e+00,2.207505702972412109e+00,3.176657438278198242e+00,1.885339021682739258e+00,1.885339021682739258e+00,1.965214610099792480e+00,1.777530193328857422e+00,5.126699209213256836e-01,5.126699209213256836e-01,7.650134563446044922e-01,8.671228289604187012e-01,2.124118655920028687e-01,2.124118655920028687e-01,1.959944367408752441e-01,5.856307744979858398e-01,1.270846247673034668e+00,1.270846247673034668e+00,5.537713170051574707e-01,2.047595977783203125e+00,2.161102056503295898e+00,2.161102056503295898e+00,1.707413196563720703e+00,2.871220350265502930e+00
1.880000000000000000e+02,2.968066930770874023e+00,2.968066930770874023e+00,2.274385929107666016e+00,3.450518608093261719e+00,2.764971494674682617e+00,2.764971494674682617e+00,2.266583681106567383e+00,3.201796054840087891e+00,1.919792652130126953e+00,1.919792652130126953e+00,1.996780872344970703e+00,1.802980184555053711e+00,4.906013607978820801e-01,4.906013607978820801e-01,7.691912651062011719e-01,8.707164525985717773e-01,1.957697570323944092e-01,1.957697570323944092e-01,1.903591454029083252e-01,5.744504928588867188e-01,1.254459738731384277e+00,1.254459738731384277e+00,5.487631559371948242e-01,2.017083406448364258e+00,2.118880033493041992e+00,2.118880033493041992e+00,1.707528829574584961e+00,2.827086687088012695e+00
1.890000000000000000e+02,2.992166996002197266e+00,2.992166996002197266e+00,2.308104515075683594e+00,3.452194213867187500e+00,2.799559354782104492e+00,2.799559354782104492e+00,2.330125808715820312e+00,3.226363420486450195e+00,1.951907634735107422e+00,1.951907634735107422e+00,2.026171684265136719e+00,1.826808929443359375e+00,4.681207239627838135e-01,4.681207239627838135e-01,7.726124525070190430e-01,8.724730610847473145e-01,1.779398620128631592e-01,1.779398620128631592e-01,1.837481558322906494e-01,5.617067813873291016e-01,1.236544847488403320e+00,1.236544847488403320e+00,5.430530905723571777e-01,1.984918355941772461e+00,2.078064441680908203e+00,2.078064441680908203e+00,1.707640647888183594e+00,2.796282768249511719e+00
1.900000000000000000e+02,3.017998695373535156e+00,3.017998695373535156e+00,2.343251705169677734e+00,3.458554029464721680e+00,2.835005044937133789e+00,2.835005044937133789e+00,2.392775058746337891e+00,3.250330686569213867e+00,1.981644868850708008e+00,1.981644868850708008e+00,2.053351163864135742e+00,1.848992824554443359e+00,4.486930370330810547e-01,4.486930370330810547e-01,7.752853631973266602e-01,8.724030852317810059e-01,1.603592634201049805e-01,1.603592634201049805e-01,1.761845201253890991e-01,5.511348247528076172e-01,1.217123150825500488e+00,1.217123150825500488e+00,5.370776653289794922e-01,1.951125264167785645e+00,2.042141914367675781e+00,2.042141914367675781e+00,1.707775592803955078e+00,2.766235351562500000e+00
1.910000000000000000e+02,3.045530080795288086e+00,3.045530080795288086e+00,2.380625247955322266e+00,3.466232061386108398e+00,2.873028993606567383e+00,2.873028993606567383e+00,2.454452991485595703e+00,3.273667812347412109e+00,2.008967399597167969e+00,2.008967399597167969e+00,2.078286170959472656e+00,1.869509577751159668e+00,4.270984530448913574e-01,4.270984530448913574e-01,7.772192358970642090e-01,8.705195188522338867e-01,1.448141932487487793e-01,1.448141932487487793e-01,1.676925122737884521e-01,5.482063293457031250e-01,1.196218729019165039e+00,1.196218729019165039e+00,5.428804159164428711e-01,1.915731072425842285e+00,2.005913019180297852e+00,2.005913019180297852e+00,1.707960128784179688e+00,2.736977338790893555e+00
1.920000000000000000e+02,3.074567556381225586e+00,3.074567556381225586e+00,2.421715259552001953e+00,3.478887081146240234e+00,2.910241127014160156e+00,2.910241127014160156e+00,2.515086650848388672e+00,3.296345472335815430e+00,2.033842563629150391e+00,2.033842563629150391e+00,2.100946664810180664e+00,1.888339877128601074e+00,4.033627510070800781e-01,4.033627510070800781e-01,7.784236669540405273e-01,8.668369054794311523e-01,1.350221633911132812e-01,1.350221633911132812e-01,1.603901386260986328e-01,5.543892979621887207e-01,1.183658123016357422e+00,1.183658123016357422e+00,5.523795485496520996e-01,1.892058372497558594e+00,1.976238965988159180e+00,1.976238965988159180e+00,1.710106611251831055e+00,2.719109535217285156e+00
1.930000000000000000e+02,3.104871273040771484e+00,3.104871273040771484e+00,2.463238954544067383e+00,3.492738723754882812e+00,2.946594238281250000e+00,2.946594238281250000e+00,2.574599981307983398e+00,3.318336009979248047e+00,2.056239604949951172e+00,2.056239604949951172e+00,2.121304035186767578e+00,1.914409399032592773e+00,3.775153458118438721e-01,3.775153458118438721e-01,7.789092063903808594e-01,8.613722324371337891e-01,1.246730834245681763e-01,1.246730834245681763e-01,1.525727212429046631e-01,5.598375201225280762e-01,1.170311689376831055e+00,1.170311689376831055e+00,5.612785816192626953e-01,1.867719888687133789e+00,1.946545124053955078e+00,1.946545124053955078e+00,1.712247610092163086e+00,2.702563762664794922e+00
1.940000000000000000e+02,3.136404037475585938e+00,3.136404037475585938e+00,2.505151748657226562e+00,3.507510185241699219e+00,2.982045173645019531e+00,2.982045173645019531e+00,2.632921695709228516e+00,3.339610815048217773e+00,2.076148509979248047e+00,2.076148509979248047e+00,2.139334678649902344e+00,1.941769361495971680e+00,3.495873808860778809e-01,3.495873808860778809e-01,7.786867618560791016e-01,8.541443943977355957e-01,1.133158802986145020e-01,1.133158802986145020e-01,1.441272944211959839e-01,5.638188719749450684e-01,1.155556559562683105e+00,1.155556559562683105e+00,5.692759752273559570e-01,1.841842770576477051e+00,1.916403055191040039e+00,1.916403055191040039e+00,1.714269399642944336e+00,2.686643838882446289e+00
1.950000000000000000e+02,3.169127702713012695e+00,3.169127702713012695e+00,2.547410726547241211e+00,3.523177862167358398e+00,3.016551256179809570e+00,3.016551256179809570e+00,2.689980506896972656e+00,3.360143899917602539e+00,2.093782663345336914e+00,2.093782663345336914e+00,2.155015468597412109e+00,1.967073678970336914e+00,3.196128010749816895e-01,3.196128010749816895e-01,7.777681946754455566e-01,8.451740145683288574e-01,1.009643003344535828e-01,1.009643003344535828e-01,1.350741535425186157e-01,5.663169026374816895e-01,1.139647722244262695e+00,1.139647722244262695e+00,5.763803124427795410e-01,1.814447283744812012e+00,1.885849237442016602e+00,1.885849237442016602e+00,1.716191768646240234e+00,2.671368360519409180e+00
1.960000000000000000e+02,3.203001737594604492e+00,3.203001737594604492e+00,2.589970111846923828e+00,3.539718151092529297e+00,3.050069570541381836e+00,3.050069570541381836e+00,2.745706081390380859e+00,3.379907131195068359e+00,2.108894348144531250e+00,2.108894348144531250e+00,2.168327331542968750e+00,1.990298748016357422e+00,2.876286804676055908e-01,2.876286804676055908e-01,7.761659622192382812e-01,8.344843983650207520e-01,8.763371407985687256e-02,8.763371407985687256e-02,1.254347264766693115e-01,5.673165917396545410e-01,1.122379541397094727e+00,1.122379541397094727e+00,5.826011300086975098e-01,1.785555005073547363e+00,1.854921460151672363e+00,1.854921460151672363e+00,1.718035578727722168e+00,2.656756162643432617e+00
1.970000000000000000e+02,3.237985610961914062e+00,3.237985610961914062e+00,2.632786273956298828e+00,3.557105541229248047e+00,3.082559585571289062e+00,3.082559585571289062e+00,2.800030708312988281e+00,3.398875236511230469e+00,2.121444702148437500e+00,2.121444702148437500e+00,2.179253578186035156e+00,2.011423349380493164e+00,2.536729574203491211e-01,2.536729574203491211e-01,7.738929986953735352e-01,8.220995068550109863e-01,7.333998382091522217e-02,7.333998382091522217e-02,1.152303218841552734e-01,5.668047666549682617e-01,1.103751063346862793e+00,1.103751063346862793e+00,5.879492759704589844e-01,1.755188703536987305e+00,1.823656558990478516e+00,1.823656558990478516e+00,1.719820737838745117e+00,2.642821311950683594e+00
1.980000000000000000e+02,3.274035930633544922e+00,3.274035930633544922e+00,2.675812721252441406e+00,3.575314044952392578e+00,3.113981246948242188e+00,3.113981246948242188e+00,2.852887153625488281e+00,3.417022228240966797e+00,2.131409883499145508e+00,2.131409883499145508e+00,2.187780380249023438e+00,2.030428171157836914e+00,2.177883684635162354e-01,2.177883684635162354e-01,7.709628939628601074e-01,8.080468177795410156e-01,5.810096114873886108e-02,5.810096114873886108e-02,1.044835448265075684e-01,5.647695064544677734e-01,1.083778262138366699e+00,1.083778262138366699e+00,5.924363136291503906e-01,1.723373413085937500e+00,1.792093992233276367e+00,1.792093992233276367e+00,1.721568346023559570e+00,2.629580736160278320e+00
1.990000000000000000e+02,3.311109542846679688e+00,3.311109542846679688e+00,2.719005823135375977e+00,3.594315052032470703e+00,3.144297361373901367e+00,3.144297361373901367e+00,2.904210805892944336e+00,3.434324026107788086e+00,2.138778448104858398e+00,2.138778448104858398e+00,2.193896770477294922e+00,2.049227237701416016e+00,1.800172477960586548e-01,1.800172477960586548e-01,7.673897743225097656e-01,7.923541069030761719e-01,4.193469509482383728e-02,4.193469509482383728e-02,9.321674704551696777e-02,5.612007975578308105e-01,1.062484741210937500e+00,1.062484741210937500e+00,5.960752964019775391e-01,1.690134763717651367e+00,1.760270357131958008e+00,1.760270357131958008e+00,1.723298311233520508e+00,2.617047548294067383e+00
2.000000000000000000e+02,3.348914861679077148e+00,3.348914861679077148e+00,2.762319087982177734e+00,3.616591930389404297e+00,3.176446676254272461e+00,3.176446676254272461e+00,2.953937768936157227e+00,3.450756311416625977e+00,2.143541097640991211e+00,2.143541097640991211e+00,2.197594881057739258e+00,2.068758010864257812e+00,1.449761390686035156e-01,1.449761390686035156e-01,7.631883621215820312e-01,7.750521302223205566e-01,4.203556850552558899e-02,4.203556850552558899e-02,9.131176769733428955e-02,5.721716880798339844e-01,1.059729576110839844e+00,1.059729576110839844e+00,6.138868331909179688e-01,1.676730871200561523e+00,1.746646046638488770e+00,1.746646046638488770e+00,1.734572410583496094e+00,2.620998859405517578e+00
2.010000000000000000e+02,3.386716842651367188e+00,3.386716842651367188e+00,2.805707931518554688e+00,3.639857053756713867e+00,3.215103387832641602e+00,3.215103387832641602e+00,3.002008199691772461e+00,3.466295719146728516e+00,2.145692825317382812e+00,2.145692825317382812e+00,2.198869705200195312e+00,2.086373090744018555e+00,1.112793311476707458e-01,1.112793311476707458e-01,7.583739757537841797e-01,7.561729550361633301e-01,5.535047501325607300e-02,5.535047501325607300e-02,9.351467341184616089e-02,5.887334346771240234e-01,1.063844084739685059e+00,1.063844084739685059e+00,6.370332241058349609e-01,1.670673489570617676e+00,1.741067409515380859e+00,1.741067409515380859e+00,1.749242544174194336e+00,2.631613492965698242e+00
2.020000000000000000e+02,3.424427032470703125e+00,3.424427032470703125e+00,2.849127292633056641e+00,3.662911415100097656e+00,3.252148151397705078e+00,3.252148151397705078e+00,3.048361539840698242e+00,3.480920314788818359e+00,2.145229578018188477e+00,2.145229578018188477e+00,2.197718143463134766e+00,2.102061748504638672e+00,7.608516514301300049e-02,7.608516514301300049e-02,7.529622912406921387e-01,7.357499599456787109e-01,6.805013865232467651e-02,6.805013865232467651e-02,9.586355835199356079e-02,6.043320298194885254e-01,1.066662430763244629e+00,1.066662430763244629e+00,6.593259572982788086e-01,1.663225173950195312e+00,1.734858751296997070e+00,1.734858751296997070e+00,1.763290882110595703e+00,2.642299652099609375e+00
2.030000000000000000e+02,3.461999416351318359e+00,3.461999416351318359e+00,2.892530679702758789e+00,3.685723781585693359e+00,3.287534713745117188e+00,3.287534713745117188e+00,3.092940807342529297e+00,3.494607925415039062e+00,2.142152786254882812e+00,2.142152786254882812e+00,2.194141149520874023e+00,2.115814924240112305e+00,5.380194634199142456e-02,5.380194634199142456e-02,7.469694614410400391e-01,7.138192653656005859e-01,8.011892437934875488e-02,8.011892437934875488e-02,9.836055338382720947e-02,6.189385652542114258e-01,1.068181037902832031e+00,1.068181037902832031e+00,6.807521581649780273e-01,1.654385805130004883e+00,1.742392539978027344e+00,1.742392539978027344e+00,1.776718616485595703e+00,2.653044939041137695e+00
2.040000000000000000e+02,3.499389171600341797e+00,3.499389171600341797e+00,2.935874938964843750e+00,3.708264350891113281e+00,3.321222305297851562e+00,3.321222305297851562e+00,3.135691642761230469e+00,3.507339477539062500e+00,2.136466503143310547e+00,2.136466503143310547e+00,2.188142776489257812e+00,2.127627611160278320e+00,3.995050489902496338e-02,3.995050489902496338e-02,7.404123544692993164e-01,6.904174089431762695e-01,9.154231101274490356e-02,9.154231101274490356e-02,1.010075360536575317e-01,6.325260996818542480e-01,1.068398237228393555e+00,1.068398237228393555e+00,7.040270566940307617e-01,1.644156336784362793e+00,1.759154081344604492e+00,1.759154081344604492e+00,1.789528250694274902e+00,2.663836717605590820e+00
2.050000000000000000e+02,3.536549806594848633e+00,3.536549806594848633e+00,2.979113101959228516e+00,3.730500698089599609e+00,3.353168010711669922e+00,3.353168010711669922e+00,3.176559209823608398e+00,3.519092321395874023e+00,2.128177165985107422e+00,2.128177165985107422e+00,2.179728507995605469e+00,2.137494802474975586e+00,2.550321444869041443e-02,2.550321444869041443e-02,7.333080768585205078e-01,6.655838489532470703e-01,1.023062244057655334e-01,1.023062244057655334e-01,1.038059368729591370e-01,6.450684070587158203e-01,1.067314028739929199e+00,1.067314028739929199e+00,7.294141054153442383e-01,1.632540345191955566e+00,1.776078104972839355e+00,1.776078104972839355e+00,1.801722049713134766e+00,2.674661159515380859e+00
2.060000000000000000e+02,3.573435783386230469e+00,3.573435783386230469e+00,3.022201061248779297e+00,3.752402305603027344e+00,3.383333206176757812e+00,3.383333206176757812e+00,3.215493202209472656e+00,3.529849290847778320e+00,2.117294788360595703e+00,2.117294788360595703e+00,2.168907403945922852e+00,2.145414113998413086e+00,1.047743111848831177e-02,1.047743111848831177e-02,7.256741523742675781e-01,6.393584609031677246e-01,1.123975738883018494e-01,1.123975738883018494e-01,1.067570522427558899e-01,6.565397381782531738e-01,1.064929366111755371e+00,1.064929366111755371e+00,7.541468143463134766e-01,1.619541406631469727e+00,1.793143510818481445e+00,1.793143510818481445e+00,1.813303232192993164e+00,2.685504913330078125e+00
2.070000000000000000e+02,3.610003948211669922e+00,3.610003948211669922e+00,3.065095424652099609e+00,3.773938655853271484e+00,3.411681890487670898e+00,3.411681890487670898e+00,3.252447128295898438e+00,3.539592504501342773e+00,2.103832960128784180e+00,2.103832960128784180e+00,2.155692577362060547e+00,2.151386976242065430e+00,0.000000000000000000e+00,0.000000000000000000e+00,7.175282835960388184e-01,6.117829680442810059e-01,1.218041703104972839e-01,1.218041703104972839e-01,1.098616570234298706e-01,6.669167876243591309e-01,1.061246991157531738e+00,1.061246991157531738e+00,7.782137393951416016e-01,1.605165123939514160e+00,1.815438747406005859e+00,1.815438747406005859e+00,1.824276685714721680e+00,2.696353435516357422e+00
2.080000000000000000e+02,3.646207571029663086e+00,3.646207571029663086e+00,3.107750177383422852e+00,3.795078754425048828e+00,3.438178539276123047e+00,3.438178539276123047e+00,3.287371397018432617e+00,3.548303604125976562e+00,2.087807655334472656e+00,2.087807655334472656e+00,2.140097618103027344e+00,2.155414342880249023e+00,0.000000000000000000e+00,0.000000000000000000e+00,7.088893651962280273e-01,5.829008817672729492e-01,1.305143982172012329e-01,1.305143982172012329e-01,1.131201982498168945e-01,6.761761307716369629e-01,1.056271910667419434e+00,1.056271910667419434e+00,8.016027808189392090e-01,1.589419245719909668e+00,1.848852157592773438e+00,1.848852157592773438e+00,1.834646105766296387e+00,2.707191944122314453e+00
2.090000000000000000e+02,3.682003974914550781e+00,3.682003974914550781e+00,3.150123357772827148e+00,3.815793275833129883e+00,3.462791919708251953e+00,3.462791919708251953e+00,3.320224761962890625e+00,3.555967092514038086e+00,2.069239139556884766e+00,2.069239139556884766e+00,2.122141122817993164e+00,2.157501935958862305e+00,0.000000000000000000e+00,0.000000000000000000e+00,6.997754573822021484e-01,5.527567863464355469e-01,1.385178565979003906e-01,1.385178565979003906e-01,1.165328696370124817e-01,6.842962503433227539e-01,1.050009965896606445e+00,1.050009965896606445e+00,8.243045806884765625e-01,1.572312235832214355e+00,1.882866382598876953e+00,1.882866382598876953e+00,1.844417810440063477e+00,2.718005657196044922e+00
2.100000000000000000e+02,3.717348575592041016e+00,3.717348575592041016e+00,3.192169427871704102e+00,3.836050510406494141e+00,3.485490560531616211e+00,3.485490560531616211e+00,3.350964546203613281e+00,3.562567949295043945e+00,2.048149108886718750e+00,2.048149108886718750e+00,2.101843357086181641e+00,2.157655477523803711e+00,0.000000000000000000e+00,0.000000000000000000e+00,6.902059316635131836e-01,5.213965773582458496e-01,1.458045840263366699e-01,1.458045840263366699e-01,1.200994029641151428e-01,6.912564635276794434e-01,1.042468547821044922e+00,1.042468547821044922e+00,8.463082313537597656e-01,1.553854107856750488e+00,1.917438745498657227e+00,1.917438745498657227e+00,1.853596925735473633e+00,2.728779315948486328e+00
2.110000000000000000e+02,3.752199172973632812e+00,3.752199172973632812e+00,3.233847141265869141e+00,3.855822563171386719e+00,3.506247997283935547e+00,3.506247997283935547e+00,3.379551410675048828e+00,3.568091869354248047e+00,2.024564266204833984e+00,2.024564266204833984e+00,2.079227209091186523e+00,2.155884981155395508e+00,0.000000000000000000e+00,0.000000000000000000e+00,6.801999807357788086e-01,4.888675808906555176e-01,1.523658037185668945e-01,1.523658037185668945e-01,1.238193139433860779e-01,6.970375776290893555e-01,1.033657312393188477e+00,1.033657312393188477e+00,8.676053881645202637e-01,1.534057140350341797e+00,1.952528476715087891e+00,1.952528476715087891e+00,1.862190365791320801e+00,2.739497661590576172e+00
2.120000000000000000e+02,3.786513090133666992e+00,3.786513090133666992e+00,3.275284767150878906e+00,3.875079393386840820e+00,3.525039196014404297e+00,3.525039196014404297e+00,3.405950546264648438e+00,3.572525739669799805e+00,1.998512029647827148e+00,1.998512029647827148e+00,2.054318904876708984e+00,2.152199983596801758e+00,0.000000000000000000e+00,0.000000000000000000e+00,6.697769761085510254e-01,4.552177786827087402e-01,1.581935435533523560e-01,1.581935435533523560e-01,1.276916414499282837e-01,7.016216516494750977e-01,1.023586392402648926e+00,1.023586392402648926e+00,8.881880044937133789e-01,1.512933611869812012e+00,1.988092422485351562e+00,1.988092422485351562e+00,1.870205879211425781e+00,2.750144958496093750e+00
2.130000000000000000e+02,3.820247650146484375e+00,3.820247650146484375e+00,3.318241834640502930e+00,3.893791913986206055e+00,3.549529552459716797e+00,3.549529552459716797e+00,3.430144071578979492e+00,3.575857639312744141e+00,1.970025539398193359e+00,1.970025539398193359e+00,2.027164459228515625e+00,2.146614551544189453e+00,0.000000000000000000e+00,0.000000000000000000e+00,6.589737534523010254e-01,4.204976856708526611e-01,1.709705293178558350e-01,1.709705293178558350e-01,1.317310929298400879e-01,7.049918174743652344e-01,1.012268900871276855e+00,1.012268900871276855e+00,9.080641269683837891e-01,1.490499019622802734e+00,2.024086952209472656e+00,2.024086952209472656e+00,1.877666950225830078e+00,2.760704994201660156e+00
2.140000000000000000e+02,3.853363275527954102e+00,3.853363275527954102e+00,3.360891342163085938e+00,3.911932706832885742e+00,3.575632810592651367e+00,3.575632810592651367e+00,3.452519893646240234e+00,3.578076839447021484e+00,1.939138531684875488e+00,1.939138531684875488e+00,1.998210787773132324e+00,2.139143705368041992e+00,0.000000000000000000e+00,0.000000000000000000e+00,6.482287645339965820e-01,3.847567737102508545e-01,1.866290718317031860e-01,1.866290718317031860e-01,1.363346725702285767e-01,7.071328163146972656e-01,9.997265338897705078e-01,9.997265338897705078e-01,9.276283979415893555e-01,1.466768741607666016e+00,2.060474872589111328e+00,2.060474872589111328e+00,1.884980440139770508e+00,2.771161794662475586e+00
2.150000000000000000e+02,3.885818243026733398e+00,3.885818243026733398e+00,3.402826070785522461e+00,3.929471492767333984e+00,3.599272727966308594e+00,3.599272727966308594e+00,3.472613096237182617e+00,3.579172849655151367e+00,1.905889511108398438e+00,1.905889511108398438e+00,1.967060089111328125e+00,2.129805326461791992e+00,0.000000000000000000e+00,0.000000000000000000e+00,6.371271014213562012e-01,3.480480611324310303e-01,2.011003941297531128e-01,2.011003941297531128e-01,1.410857886075973511e-01,7.080304622650146484e-01,9.859662652015686035e-01,9.859662652015686035e-01,9.464571475982666016e-01,1.441760659217834473e+00,2.097204446792602539e+00,2.097204446792602539e+00,1.891740441322326660e+00,2.781497716903686523e+00
2.160000000000000000e+02,3.917572975158691406e+00,3.917572975158691406e+00,3.444003343582153320e+00,3.946382761001586914e+00,3.620420455932617188e+00,3.620420455932617188e+00,3.490397691726684570e+00,3.579136133193969727e+00,1.870317578315734863e+00,1.870317578315734863e+00,1.933746814727783203e+00,2.118616819381713867e+00,0.000000000000000000e+00,0.000000000000000000e+00,6.256885528564453125e-01,3.104228973388671875e-01,2.143673896789550781e-01,2.143673896789550781e-01,1.459822654724121094e-01,7.076719403266906738e-01,9.710043072700500488e-01,9.710043072700500488e-01,9.645459055900573730e-01,1.415493011474609375e+00,2.134232044219970703e+00,2.134232044219970703e+00,1.897956490516662598e+00,2.791697263717651367e+00
2.170000000000000000e+02,3.948589324951171875e+00,3.948589324951171875e+00,3.484379529953002930e+00,3.962639570236206055e+00,3.639050483703613281e+00,3.639050483703613281e+00,3.505851268768310547e+00,3.577960729598999023e+00,1.832467555999755859e+00,1.832467555999755859e+00,1.898312091827392578e+00,2.105601549148559570e+00,0.000000000000000000e+00,0.000000000000000000e+00,6.139338016510009766e-01,2.719358503818511963e-01,2.264136373996734619e-01,2.264136373996734619e-01,1.520473808050155640e-01,7.060464024543762207e-01,9.548599720001220703e-01,9.548599720001220703e-01,9.818899035453796387e-01,1.387987136840820312e+00,2.171511888504028320e+00,2.171511888504028320e+00,1.903834462165832520e+00,2.801743268966674805e+00
2.180000000000000000e+02,3.978828907012939453e+00,3.978828907012939453e+00,3.523911952972412109e+00,3.978214025497436523e+00,3.655139923095703125e+00,3.655139923095703125e+00,3.518953323364257812e+00,3.575638532638549805e+00,1.792385339736938477e+00,1.792385339736938477e+00,1.860796689987182617e+00,2.090781927108764648e+00,0.000000000000000000e+00,0.000000000000000000e+00,6.018832325935363770e-01,2.326411008834838867e-01,2.372244745492935181e-01,2.372244745492935181e-01,1.587218344211578369e-01,7.031434178352355957e-01,9.375520348548889160e-01,9.375520348548889160e-01,9.984851479530334473e-01,1.359264135360717773e+00,2.208998441696166992e+00,2.208998441696166992e+00,1.934339761734008789e+00,2.811618804931640625e+00
2.190000000000000000e+02,4.008256435394287109e+00,4.008256435394287109e+00,3.562560796737670898e+00,3.993082046508789062e+00,3.668669700622558594e+00,3.668669700622558594e+00,3.529686927795410156e+00,3.572165012359619141e+00,1.750118494033813477e+00,1.750118494033813477e+00,1.821244120597839355e+00,2.074182987213134766e+00,0.000000000000000000e+00,0.000000000000000000e+00,5.895571708679199219e-01,2.070600539445877075e-01,2.467868924140930176e-01,2.467868924140930176e-01,1.653370857238769531e-01,6.989544630050659180e-01,9.191014766693115234e-01,9.191014766693115234e-01,1.014329314231872559e+00,1.329345822334289551e+00,2.246647357940673828e+00,2.246647357940673828e+00,1.964699745178222656e+00,2.821306943893432617e+00
2.200000000000000000e+02,4.036833763122558594e+00,4.036833763122558594e+00,3.600283861160278320e+00,4.007217407226562500e+00,3.679622888565063477e+00,3.679622888565063477e+00,3.538035392761230469e+00,3.568641424179077148e+00,1.705720067024230957e+00,1.705720067024230957e+00,1.779702186584472656e+00,2.055832386016845703e+00,0.000000000000000000e+00,0.000000000000000000e+00,5.769764780998229980e-01,1.916051954030990601e-01,2.550891041755676270e-01,2.550891041755676270e-01,1.718900203704833984e-01,6.934728622436523438e-01,8.995314836502075195e-01,8.995314836502075195e-01,1.029419541358947754e+00,1.298258185386657715e+00,2.284411191940307617e+00,2.284411191940307617e+00,1.994889020919799805e+00,2.830789089202880859e+00
2.210000000000000000e+02,4.064527034759521484e+00,4.064527034759521484e+00,3.637043952941894531e+00,4.020595550537109375e+00,3.687985897064208984e+00,3.687985897064208984e+00,3.543988227844238281e+00,3.564000606536865234e+00,1.659242868423461914e+00,1.659242868423461914e+00,1.736218452453613281e+00,2.035758733749389648e+00,0.000000000000000000e+00,0.000000000000000000e+00,5.641615390777587891e-01,1.758122742176055908e-01,2.621210217475891113e-01,2.621210217475891113e-01,1.783777475357055664e-01,6.866924762725830078e-01,8.788653016090393066e-01,8.788653016090393066e-01,1.043754816055297852e+00,1.266025424003601074e+00,2.322244167327880859e+00,2.322244167327880859e+00,2.024886131286621094e+00,2.840048551559448242e+00
2.220000000000000000e+02,4.091302871704101562e+00,4.091302871704101562e+00,3.676914691925048828e+00,4.033193588256835938e+00,3.693749189376831055e+00,3.693749189376831055e+00,3.547536373138427734e+00,3.558011293411254883e+00,1.610744714736938477e+00,1.610744714736938477e+00,1.690845251083374023e+00,2.013994216918945312e+00,0.000000000000000000e+00,0.000000000000000000e+00,5.511332750320434570e-01,1.597037911415100098e-01,2.678741216659545898e-01,2.678741216659545898e-01,1.847969144582748413e-01,6.786094903945922852e-01,8.571286797523498535e-01,8.571286797523498535e-01,1.057334542274475098e+00,1.232675433158874512e+00,2.360101222991943359e+00,2.360101222991943359e+00,2.054667949676513672e+00,2.849069356918334961e+00
2.230000000000000000e+02,4.117128372192382812e+00,4.117128372192382812e+00,3.716423273086547852e+00,4.044987201690673828e+00,3.696905374526977539e+00,3.696905374526977539e+00,3.548673152923583984e+00,3.550673484802246094e+00,1.560284256935119629e+00,1.560284256935119629e+00,1.643635511398315430e+00,1.990570545196533203e+00,0.000000000000000000e+00,0.000000000000000000e+00,5.379121899604797363e-01,1.433025598526000977e-01,2.723412811756134033e-01,2.723412811756134033e-01,1.911444067955017090e-01,6.692211627960205078e-01,8.343477249145507812e-01,8.343477249145507812e-01,1.070158481597900391e+00,1.198235869407653809e+00,2.397934913635253906e+00,2.397934913635253906e+00,2.084210395812988281e+00,2.857832193374633789e+00
2.240000000000000000e+02,4.141973495483398438e+00,4.141973495483398438e+00,3.754456520080566406e+00,4.055956363677978516e+00,3.697451353073120117e+00,3.697451353073120117e+00,3.547396183013916016e+00,3.541989803314208984e+00,1.507922410964965820e+00,1.507922410964965820e+00,1.594643831253051758e+00,1.965522646903991699e+00,0.000000000000000000e+00,0.000000000000000000e+00,5.245184898376464844e-01,1.266308873891830444e-01,2.755172252655029297e-01,2.755172252655029297e-01,1.974169462919235229e-01,6.585258245468139648e-01,8.105499744415283203e-01,8.105499744415283203e-01,1.082228183746337891e+00,1.162735104560852051e+00,2.435700893402099609e+00,2.435700893402099609e+00,2.113493919372558594e+00,2.866320610046386719e+00
2.250000000000000000e+02,4.165804386138916016e+00,4.165804386138916016e+00,3.790967226028442383e+00,4.066077232360839844e+00,3.695384502410888672e+00,3.695384502410888672e+00,3.543702602386474609e+00,3.531961679458618164e+00,1.453723311424255371e+00,1.453723311424255371e+00,1.543929338455200195e+00,1.938886642456054688e+00,0.000000000000000000e+00,0.000000000000000000e+00,5.109730958938598633e-01,1.097125634551048279e-01,2.773979306221008301e-01,2.773979306221008301e-01,2.036111354827880859e-01,6.465239524841308594e-01,7.857649326324462891e-01,7.857649326324462891e-01,1.093544602394104004e+00,1.126204729080200195e+00,2.473350524902343750e+00,2.473350524902343750e+00,2.142493247985839844e+00,2.874516487121582031e+00
2.260000000000000000e+02,4.188594818115234375e+00,4.188594818115234375e+00,3.825915813446044922e+00,4.075330734252929688e+00,3.690708637237548828e+00,3.690708637237548828e+00,3.537597179412841797e+00,3.520595788955688477e+00,1.397752761840820312e+00,1.397752761840820312e+00,1.491550445556640625e+00,1.910700559616088867e+00,0.000000000000000000e+00,0.000000000000000000e+00,4.972960948944091797e-01,9.257026016712188721e-02,2.779811620712280273e-01,2.779811620712280273e-01,2.097235620021820068e-01,6.332170367240905762e-01,7.600223422050476074e-01,7.600223422050476074e-01,1.104110717773437500e+00,1.088675618171691895e+00,2.510840654373168945e+00,2.510840654373168945e+00,2.171189308166503906e+00,2.882402658462524414e+00
2.270000000000000000e+02,4.210317611694335938e+00,4.210317611694335938e+00,3.859260797500610352e+00,4.083696365356445312e+00,3.683430671691894531e+00,3.683430671691894531e+00,3.529084920883178711e+00,3.507897853851318359e+00,1.340200543403625488e+00,1.340200543403625488e+00,1.437570333480834961e+00,1.881004691123962402e+00,0.000000000000000000e+00,0.000000000000000000e+00,4.835078716278076172e-01,7.522793114185333252e-02,2.772662937641143799e-01,2.772662937641143799e-01,2.157505154609680176e-01,6.186085343360900879e-01,7.334743738174438477e-01,7.334743738174438477e-01,1.113929033279418945e+00,1.050181031227111816e+00,2.548123836517333984e+00,2.548123836517333984e+00,2.213455677032470703e+00,2.889962434768676758e+00
2.280000000000000000e+02,4.230944633483886719e+00,4.230944633483886719e+00,3.890964031219482422e+00,4.091156005859375000e+00,3.673557519912719727e+00,3.673557519912719727e+00,3.518173217773437500e+00,3.493875026702880859e+00,1.281219840049743652e+00,1.281219840049743652e+00,1.382050991058349609e+00,1.849839329719543457e+00,0.000000000000000000e+00,0.000000000000000000e+00,4.696283340454101562e-01,5.770856514573097229e-02,2.752540707588195801e-01,2.752540707588195801e-01,2.241832464933395386e-01,6.027026772499084473e-01,7.062377333641052246e-01,7.062377333641052246e-01,1.123003959655761719e+00,1.010753870010375977e+00,2.585155963897705078e+00,2.585155963897705078e+00,2.258931636810302734e+00,2.897177457809448242e+00
2.290000000000000000e+02,4.250450611114501953e+00,4.250450611114501953e+00,3.920988082885742188e+00,4.097690582275390625e+00,3.661101341247558594e+00,3.661101341247558594e+00,3.504872798919677734e+00,3.478536367416381836e+00,1.220678567886352539e+00,1.220678567886352539e+00,1.325058817863464355e+00,1.817247509956359863e+00,0.000000000000000000e+00,0.000000000000000000e+00,4.556775987148284912e-01,5.456785485148429871e-02,2.719469368457794189e-01,2.719469368457794189e-01,2.332486212253570557e-01,5.855058431625366211e-01,6.781408786773681641e-01,6.781408786773681641e-01,1.131339669227600098e+00,9.704295396804809570e-01,2.621890306472778320e+00,2.621890306472778320e+00,2.304176330566406250e+00,2.904031276702880859e+00
2.300000000000000000e+02,4.268813133239746094e+00,4.268813133239746094e+00,3.949300289154052734e+00,4.103283882141113281e+00,3.646078586578369141e+00,3.646078586578369141e+00,3.489198207855224609e+00,3.461891889572143555e+00,1.158649563789367676e+00,1.158649563789367676e+00,1.266660094261169434e+00,1.783273816108703613e+00,0.000000000000000000e+00,0.000000000000000000e+00,4.416751265525817871e-01,5.394438281655311584e-02,2.673490047454833984e-01,2.673490047454833984e-01,2.417681813240051270e-01,5.670253038406372070e-01,6.492175459861755371e-01,6.492175459861755371e-01,1.138941526412963867e+00,9.292432069778442383e-01,2.658283710479736328e+00,2.658283710479736328e+00,2.349146127700805664e+00,2.910506725311279297e+00
2.310000000000000000e+02,4.286008834838867188e+00,4.286008834838867188e+00,3.975867748260498047e+00,4.107920646667480469e+00,3.628507137298583984e+00,3.628507137298583984e+00,3.471166849136352539e+00,3.446213722229003906e+00,1.095209956169128418e+00,1.095209956169128418e+00,1.220784187316894531e+00,1.747964501380920410e+00,0.000000000000000000e+00,0.000000000000000000e+00,4.276406168937683105e-01,5.331346392631530762e-02,2.614659368991851807e-01,2.614659368991851807e-01,2.497405111789703369e-01,5.472705960273742676e-01,6.195036172866821289e-01,6.195036172866821289e-01,1.145815849304199219e+00,8.872323632240295410e-01,2.694291114807128906e+00,2.694291114807128906e+00,2.393796205520629883e+00,2.916587114334106445e+00
2.320000000000000000e+02,4.302017211914062500e+00,4.302017211914062500e+00,4.000659942626953125e+00,4.111584186553955078e+00,3.608407735824584961e+00,3.608407735824584961e+00,3.450796604156494141e+00,3.429442882537841797e+00,1.030435919761657715e+00,1.030435919761657715e+00,1.195124387741088867e+00,1.711365699768066406e+00,0.000000000000000000e+00,0.000000000000000000e+00,4.135932326316833496e-01,5.267531052231788635e-02,2.543047964572906494e-01,2.543047964572906494e-01,2.571647167205810547e-01,5.262517929077148438e-01,5.890349745750427246e-01,5.890349745750427246e-01,1.151968598365783691e+00,8.444342017173767090e-01,2.729867458343505859e+00,2.729867458343505859e+00,2.438083171844482422e+00,2.922254562377929688e+00
2.330000000000000000e+02,4.316817760467529297e+00,4.316817760467529297e+00,4.023647785186767578e+00,4.114260673522949219e+00,3.585804462432861328e+00,3.585804462432861328e+00,3.428110122680664062e+00,3.410974264144897461e+00,9.644062519073486328e-01,9.644062519073486328e-01,1.178787112236022949e+00,1.673526048660278320e+00,0.000000000000000000e+00,0.000000000000000000e+00,3.995516896247863770e-01,5.203014984726905823e-02,2.458743155002593994e-01,2.458743155002593994e-01,2.640406787395477295e-01,5.039808154106140137e-01,5.578486323356628418e-01,5.578486323356628418e-01,1.157407760620117188e+00,8.221819400787353516e-01,2.764971256256103516e+00,2.764971256256103516e+00,2.481963634490966797e+00,2.927493333816528320e+00
2.340000000000000000e+02,4.330393791198730469e+00,4.330393791198730469e+00,4.044808387756347656e+00,4.115937709808349609e+00,3.560726404190063477e+00,3.560726404190063477e+00,3.403132915496826172e+00,3.390827655792236328e+00,9.001038074493408203e-01,9.001038074493408203e-01,1.161988615989685059e+00,1.634494066238403320e+00,0.000000000000000000e+00,0.000000000000000000e+00,3.855343461036682129e-01,5.137816816568374634e-02,2.361844629049301147e-01,2.361844629049301147e-01,2.703686356544494629e-01,4.804704785346984863e-01,5.288856029510498047e-01,5.288856029510498047e-01,1.162141323089599609e+00,8.248351812362670898e-01,2.799560070037841797e+00,2.799560070037841797e+00,2.525396823883056641e+00,2.932287693023681641e+00
2.350000000000000000e+02,4.342718124389648438e+00,4.342718124389648438e+00,4.064115524291992188e+00,4.117321014404296875e+00,3.533203840255737305e+00,3.533203840255737305e+00,3.375893115997314453e+00,3.369024753570556641e+00,8.422171473503112793e-01,8.422171473503112793e-01,1.144751548767089844e+00,1.594322919845581055e+00,0.000000000000000000e+00,0.000000000000000000e+00,3.715602159500122070e-01,5.071960762143135071e-02,2.266782522201538086e-01,2.266782522201538086e-01,2.767989039421081543e-01,4.578694403171539307e-01,5.088021755218505859e-01,5.088021755218505859e-01,1.167190432548522949e+00,8.301243185997009277e-01,2.835005760192871094e+00,2.835005760192871094e+00,2.568805694580078125e+00,2.938739299774169922e+00
2.360000000000000000e+02,4.353609085083007812e+00,4.353609085083007812e+00,4.081548690795898438e+00,4.119205474853515625e+00,3.503269195556640625e+00,3.503269195556640625e+00,3.346420288085937500e+00,3.345587968826293945e+00,7.833043336868286133e-01,7.833043336868286133e-01,1.127097129821777344e+00,1.553063154220581055e+00,0.000000000000000000e+00,0.000000000000000000e+00,3.576469421386718750e-01,5.005463212728500366e-02,2.193657457828521729e-01,2.193657457828521729e-01,2.888219356536865234e-01,4.391089677810668945e-01,4.927725493907928467e-01,4.927725493907928467e-01,1.173901915550231934e+00,8.415558934211730957e-01,2.873029232025146484e+00,2.873029232025146484e+00,2.612668752670288086e+00,2.949534177780151367e+00
2.370000000000000000e+02,4.362997055053710938e+00,4.362997055053710938e+00,4.097088813781738281e+00,4.119839191436767578e+00,3.470960140228271484e+00,3.470960140228271484e+00,3.314748525619506836e+00,3.320542573928833008e+00,7.234372496604919434e-01,7.234372496604919434e-01,1.109047532081604004e+00,1.510768175125122070e+00,0.000000000000000000e+00,0.000000000000000000e+00,3.438119888305664062e-01,4.938340932130813599e-02,2.109915018081665039e-01,2.109915018081665039e-01,2.999508976936340332e-01,4.193010330200195312e-01,4.761424064636230469e-01,4.761424064636230469e-01,1.179926991462707520e+00,8.529209494590759277e-01,2.910240888595581055e+00,2.910240888595581055e+00,2.655802249908447266e+00,2.959678649902343750e+00
2.380000000000000000e+02,4.370869636535644531e+00,4.370869636535644531e+00,4.110875606536865234e+00,4.119212150573730469e+00,3.436315059661865234e+00,3.436315059661865234e+00,3.280912876129150391e+00,3.297201633453369141e+00,6.626887917518615723e-01,6.626887917518615723e-01,1.090625047683715820e+00,1.467491865158081055e+00,0.000000000000000000e+00,0.000000000000000000e+00,3.300725817680358887e-01,4.870609939098358154e-02,2.015657126903533936e-01,2.015657126903533936e-01,3.101826608180999756e-01,3.984583616256713867e-01,4.589321613311767578e-01,4.589321613311767578e-01,1.185269117355346680e+00,8.641970157623291016e-01,2.946593999862670898e+00,2.946593999862670898e+00,2.698161363601684570e+00,2.969150543212890625e+00
2.390000000000000000e+02,4.377218723297119141e+00,4.377218723297119141e+00,4.127212524414062500e+00,4.117317199707031250e+00,3.399387836456298828e+00,3.399387836456298828e+00,3.244950294494628906e+00,3.273092269897460938e+00,6.011311411857604980e-01,6.011311411857604980e-01,1.071851491928100586e+00,1.423287868499755859e+00,0.000000000000000000e+00,0.000000000000000000e+00,3.164450824260711670e-01,4.802280664443969727e-02,1.911118328571319580e-01,1.911118328571319580e-01,3.195154666900634766e-01,3.765939474105834961e-01,4.411622881889343262e-01,4.411622881889343262e-01,1.189933300018310547e+00,8.753616809844970703e-01,2.982046127319335938e+00,2.982046127319335938e+00,2.739705085754394531e+00,2.977930545806884766e+00
2.400000000000000000e+02,4.382035732269287109e+00,4.382035732269287109e+00,4.141148567199707031e+00,4.114148139953613281e+00,3.360389232635498047e+00,3.360389232635498047e+00,3.206904649734497070e+00,3.246977329254150391e+00,5.388429164886474609e-01,5.388429164886474609e-01,1.052750825881958008e+00,1.378214478492736816e+00,0.000000000000000000e+00,0.000000000000000000e+00,3.029465675354003906e-01,4.733373224735260010e-02,1.798068284988403320e-01,1.798068284988403320e-01,3.279474973678588867e-01,3.537241220474243164e-01,4.228554069995880127e-01,4.228554069995880127e-01,1.193924188613891602e+00,8.863915801048278809e-01,3.016551494598388672e+00,3.016551494598388672e+00,2.780387639999389648e+00,2.985997676849365234e+00
2.410000000000000000e+02,4.385313987731933594e+00,4.385313987731933594e+00,4.152663230895996094e+00,4.109699726104736328e+00,3.319203138351440430e+00,3.319203138351440430e+00,3.166817665100097656e+00,3.218889474868774414e+00,4.758980274200439453e-01,4.758980274200439453e-01,1.033344984054565430e+00,1.332327127456665039e+00,0.000000000000000000e+00,0.000000000000000000e+00,2.895925045013427734e-01,4.663894325494766235e-02,1.675017625093460083e-01,1.675017625093460083e-01,3.354788720607757568e-01,3.298643231391906738e-01,4.040333628654479980e-01,4.040333628654479980e-01,1.197247505187988281e+00,8.972643613815307617e-01,3.050069332122802734e+00,3.050069332122802734e+00,2.820169925689697266e+00,2.998562097549438477e+00
2.420000000000000000e+02,4.387051582336425781e+00,4.387051582336425781e+00,4.161741256713867188e+00,4.103969097137451172e+00,3.275864601135253906e+00,3.275864601135253906e+00,3.124735355377197266e+00,3.188863277435302734e+00,4.123735129833221436e-01,4.123735129833221436e-01,1.013656854629516602e+00,1.285683274269104004e+00,0.000000000000000000e+00,0.000000000000000000e+00,2.763983309268951416e-01,4.593857005238533020e-02,1.541959345340728760e-01,1.541959345340728760e-01,3.421102166175842285e-01,3.050318360328674316e-01,3.847190737724304199e-01,3.847190737724304199e-01,1.199909806251525879e+00,9.079564809799194336e-01,3.082559108734130859e+00,3.082559108734130859e+00,2.859010934829711914e+00,3.012261390686035156e+00
2.430000000000000000e+02,4.387244701385498047e+00,4.387244701385498047e+00,4.168368339538574219e+00,4.096953868865966797e+00,3.230420112609863281e+00,3.230420112609863281e+00,3.080705642700195312e+00,3.156936407089233398e+00,3.483465611934661865e-01,3.483465611934661865e-01,9.937092065811157227e-01,1.238340854644775391e+00,0.000000000000000000e+00,0.000000000000000000e+00,2.633789479732513428e-01,4.523268342018127441e-02,1.399001777172088623e-01,1.399001777172088623e-01,3.478433191776275635e-01,2.792450785636901855e-01,3.649361133575439453e-01,3.649361133575439453e-01,1.201917529106140137e+00,9.184452891349792480e-01,3.113981246948242188e+00,3.113981246948242188e+00,2.896872043609619141e+00,3.025085449218750000e+00
2.440000000000000000e+02,4.385893821716308594e+00,4.385893821716308594e+00,4.172533988952636719e+00,4.088651657104492188e+00,3.182924270629882812e+00,3.182924270629882812e+00,3.034777641296386719e+00,3.125895977020263672e+00,2.838933765888214111e-01,2.838933765888214111e-01,9.735242128372192383e-01,1.190357089042663574e+00,0.000000000000000000e+00,0.000000000000000000e+00,2.505484223365783691e-01,4.452135041356086731e-02,1.246314868330955505e-01,1.246314868330955505e-01,3.526808917522430420e-01,2.525228559970855713e-01,3.447079360485076904e-01,3.447079360485076904e-01,1.203278303146362305e+00,9.287080168724060059e-01,3.144297361373901367e+00,3.144297361373901367e+00,2.933715820312500000e+00,3.037009239196777344e+00
2.450000000000000000e+02,4.383135795593261719e+00,4.383135795593261719e+00,4.174230575561523438e+00,4.083378314971923828e+00,3.140996217727661133e+00,3.140996217727661133e+00,2.990608692169189453e+00,3.106959342956542969e+00,2.360244095325469971e-01,2.360244095325469971e-01,9.594017267227172852e-01,1.154454112052917480e+00,7.338786032050848007e-03,7.338786032050848007e-03,2.413248866796493530e-01,5.359309166669845581e-02,1.114146709442138672e-01,1.114146709442138672e-01,3.575825393199920654e-01,2.294220179319381714e-01,3.346846103668212891e-01,3.346846103668212891e-01,1.206075072288513184e+00,9.443743228912353516e-01,3.176446914672851562e+00,3.176446914672851562e+00,2.970434665679931641e+00,3.052514791488647461e+00
2.460000000000000000e+02,4.378869533538818359e+00,4.378869533538818359e+00,4.173453330993652344e+00,4.081526279449462891e+00,3.098787069320678711e+00,3.098787069320678711e+00,2.945553779602050781e+00,3.088421583175659180e+00,1.938901692628860474e-01,1.938901692628860474e-01,9.462202787399291992e-01,1.120322823524475098e+00,1.572127826511859894e-02,1.572127826511859894e-02,2.379104495048522949e-01,6.417786329984664917e-02,1.055123880505561829e-01,1.055123880505561829e-01,3.643645346164703369e-01,2.177319526672363281e-01,3.396301865577697754e-01,3.396301865577697754e-01,1.213766694068908691e+00,9.748287796974182129e-01,3.215103149414062500e+00,3.215103149414062500e+00,3.008317470550537109e+00,3.078858137130737305e+00
2.470000000000000000e+02,4.372962951660156250e+00,4.372962951660156250e+00,4.170200347900390625e+00,4.078291416168212891e+00,3.054995298385620117e+00,3.054995298385620117e+00,2.899026870727539062e+00,3.068511009216308594e+00,1.515197902917861938e-01,1.515197902917861938e-01,9.328474998474121094e-01,1.085702657699584961e+00,2.377724833786487579e-02,2.377724833786487579e-02,2.356112301349639893e-01,7.446177303791046143e-02,9.906210750341415405e-02,9.906210750341415405e-02,3.706005513668060303e-01,2.055032849311828613e-01,3.441618680953979492e-01,3.441618680953979492e-01,1.220817089080810547e+00,1.004962921142578125e+00,3.252147197723388672e+00,3.252147197723388672e+00,3.044713020324707031e+00,3.103860378265380859e+00
2.480000000000000000e+02,4.365423679351806641e+00,4.365423679351806641e+00,4.164473533630371094e+00,4.073676586151123047e+00,3.009675025939941406e+00,3.009675025939941406e+00,2.851078033447265625e+00,3.047255754470825195e+00,1.290653645992279053e-01,1.290653645992279053e-01,9.192935228347778320e-01,1.050639390945434570e+00,3.149688243865966797e-02,3.149688243865966797e-02,2.331191003322601318e-01,8.443485200405120850e-02,9.207174181938171387e-02,9.207174181938171387e-02,3.762860894203186035e-01,1.927449703216552734e-01,3.683750629425048828e-01,3.683750629425048828e-01,1.227220535278320312e+00,1.034735202789306641e+00,3.287534952163696289e+00,3.287534952163696289e+00,3.079580545425415039e+00,3.127486467361450195e+00
2.490000000000000000e+02,4.356259346008300781e+00,4.356259346008300781e+00,4.156275272369384766e+00,4.067683219909667969e+00,2.962879180908203125e+00,2.962879180908203125e+00,2.801756858825683594e+00,3.024683237075805664e+00,1.193329021334648132e-01,1.193329021334648132e-01,9.055681824684143066e-01,1.015177726745605469e+00,3.887099027633666992e-02,3.887099027633666992e-02,2.304310351610183716e-01,9.408783167600631714e-02,8.454950898885726929e-02,8.454950898885726929e-02,3.849856257438659668e-01,1.794659793376922607e-01,4.050197005271911621e-01,4.050197005271911621e-01,1.232972145080566406e+00,1.064103722572326660e+00,3.321222782135009766e+00,3.321222782135009766e+00,3.112879753112792969e+00,3.149701595306396484e+00
2.500000000000000000e+02,4.345482349395751953e+00,4.345482349395751953e+00,4.145614624023437500e+00,4.060319423675537109e+00,2.914667606353759766e+00,2.914667606353759766e+00,2.751119375228881836e+00,3.000825643539428711e+00,1.094552576541900635e-01,1.094552576541900635e-01,8.916820883750915527e-01,9.793655276298522949e-01,4.589015990495681763e-02,4.589015990495681763e-02,2.275442183017730713e-01,1.034108996391296387e-01,7.650505006313323975e-02,7.650505006313323975e-02,3.968766331672668457e-01,1.656771153211593628e-01,4.411699175834655762e-01,4.411699175834655762e-01,1.238066315650939941e+00,1.093025684356689453e+00,3.353168010711669922e+00,3.353168010711669922e+00,3.144570350646972656e+00,3.170472621917724609e+00
2.510000000000000000e+02,4.333105564117431641e+00,4.333105564117431641e+00,4.132500171661376953e+00,4.051590442657470703e+00,2.865097999572753906e+00,2.865097999572753906e+00,2.699218988418579102e+00,2.975713968276977539e+00,9.944430738687515259e-02,9.944430738687515259e-02,8.776448965072631836e-01,9.432480335235595703e-01,5.254604667425155640e-02,5.254604667425155640e-02,2.244556844234466553e-01,1.123955249786376953e-01,6.794796139001846313e-02,6.794796139001846313e-02,4.082834422588348389e-01,1.513887047767639160e-01,4.767826199531555176e-01,4.767826199531555176e-01,1.242499232292175293e+00,1.121460318565368652e+00,3.383332967758178711e+00,3.383332967758178711e+00,3.174617052078247070e+00,3.189769268035888672e+00
2.520000000000000000e+02,4.319144725799560547e+00,4.319144725799560547e+00,4.116946697235107422e+00,4.041504383087158203e+00,2.814230918884277344e+00,2.814230918884277344e+00,2.646112918853759766e+00,2.949380874633789062e+00,9.649618715047836304e-02,9.649618715047836304e-02,8.634666800498962402e-01,9.068714380264282227e-01,5.883057415485382080e-02,5.883057415485382080e-02,2.211625576019287109e-01,1.210332661867141724e-01,5.888868123292922974e-02,5.888868123292922974e-02,4.191942811012268066e-01,1.366119831800460815e-01,5.189985632896423340e-01,5.189985632896423340e-01,1.246267676353454590e+00,1.149366497993469238e+00,3.411681175231933594e+00,3.411681175231933594e+00,3.202985525131225586e+00,3.207561731338500977e+00
2.530000000000000000e+02,4.303615570068359375e+00,4.303615570068359375e+00,4.098968982696533203e+00,4.030072212219238281e+00,2.762128114700317383e+00,2.762128114700317383e+00,2.591857433319091797e+00,2.921860694885253906e+00,1.084246560931205750e-01,1.084246560931205750e-01,8.491567373275756836e-01,8.702820539474487305e-01,6.473603844642639160e-02,6.473603844642639160e-02,2.176621705293655396e-01,1.293160319328308105e-01,4.933820292353630066e-02,4.933820292353630066e-02,4.295969903469085693e-01,1.213586777448654175e-01,5.755761861801147461e-01,5.755761861801147461e-01,1.249367952346801758e+00,1.176703691482543945e+00,3.438177824020385742e+00,3.438177824020385742e+00,3.229642868041992188e+00,3.223823070526123047e+00
2.540000000000000000e+02,4.286537647247314453e+00,4.286537647247314453e+00,4.078586101531982422e+00,4.017303466796875000e+00,2.708851337432861328e+00,2.708851337432861328e+00,2.536511182785034180e+00,2.893187522888183594e+00,1.202214211225509644e-01,1.202214211225509644e-01,8.347247838973999023e-01,8.335250616073608398e-01,7.025545090436935425e-02,7.025545090436935425e-02,2.139516472816467285e-01,1.372364610433578491e-01,3.930789232254028320e-02,3.930789232254028320e-02,4.394806921482086182e-01,1.056407168507575989e-01,6.314543485641479492e-01,6.314543485641479492e-01,1.251798272132873535e+00,1.203432321548461914e+00,3.462791442871093750e+00,3.462791442871093750e+00,3.254559040069580078e+00,3.238527774810791016e+00
2.550000000000000000e+02,4.267932891845703125e+00,4.267932891845703125e+00,4.055820941925048828e+00,4.003213882446289062e+00,2.654469490051269531e+00,2.654469490051269531e+00,2.480137109756469727e+00,2.863399267196655273e+00,1.318713575601577759e-01,1.318713575601577759e-01,8.201807737350463867e-01,7.966488003730773926e-01,7.538174092769622803e-02,7.538174092769622803e-02,2.100286632776260376e-01,1.447868049144744873e-01,2.881054952740669250e-02,2.881054952740669250e-02,4.488336741924285889e-01,8.947189152240753174e-02,6.865615844726562500e-01,6.865615844726562500e-01,1.253556013107299805e+00,1.229511260986328125e+00,3.485491037368774414e+00,3.485491037368774414e+00,3.277704715728759766e+00,3.251650333404541016e+00
2.560000000000000000e+02,4.247821331024169922e+00,4.247821331024169922e+00,4.030696392059326172e+00,3.987814426422119141e+00,2.599045515060424805e+00,2.599045515060424805e+00,2.422794818878173828e+00,2.832532405853271484e+00,1.433606147766113281e-01,1.433606147766113281e-01,8.055337667465209961e-01,7.596981525421142578e-01,8.010881394147872925e-02,8.010881394147872925e-02,2.058905661106109619e-01,1.519605368375778198e-01,1.785867661237716675e-02,1.785867661237716675e-02,4.576456546783447266e-01,7.286518812179565430e-02,7.408322095870971680e-01,7.408322095870971680e-01,1.254640221595764160e+00,1.254901528358459473e+00,3.506247997283935547e+00,3.506247997283935547e+00,3.299053192138671875e+00,3.263167858123779297e+00
2.570000000000000000e+02,4.226229190826416016e+00,4.226229190826416016e+00,4.003241062164306641e+00,3.971122741699218750e+00,2.542648315429687500e+00,2.542648315429687500e+00,2.364547252655029297e+00,2.800625801086425781e+00,1.546752303838729858e-01,1.546752303838729858e-01,7.907928824424743652e-01,7.227191329002380371e-01,8.443094789981842041e-02,8.443094789981842041e-02,2.015350162982940674e-01,1.587512642145156860e-01,6.465607322752475739e-03,6.465607322752475739e-03,4.659062922000885010e-01,5.583450943231582642e-02,7.942004203796386719e-01,7.942004203796386719e-01,1.255049586296081543e+00,1.279565215110778809e+00,3.525038719177246094e+00,3.525038719177246094e+00,3.318581819534301758e+00,3.273061513900756836e+00
2.580000000000000000e+02,4.203056335449218750e+00,4.203056335449218750e+00,3.973485708236694336e+00,3.956444740295410156e+00,2.485346794128417969e+00,2.485346794128417969e+00,2.305459022521972656e+00,2.767718791961669922e+00,1.658014059066772461e-01,1.658014059066772461e-01,7.759673595428466797e-01,6.857573390007019043e-01,8.834283798933029175e-02,8.834283798933029175e-02,1.969596147537231445e-01,1.651530712842941284e-01,2.513932995498180389e-03,2.513932995498180389e-03,4.769271016120910645e-01,4.944977164268493652e-02,8.576022982597351074e-01,8.576022982597351074e-01,1.260967612266540527e+00,1.317381143569946289e+00,3.549530029296875000e+00,3.549530029296875000e+00,3.339425325393676758e+00,3.292203426361083984e+00
2.590000000000000000e+02,4.177908420562744141e+00,4.177908420562744141e+00,3.941462039947509766e+00,3.941756486892700195e+00,2.427208185195922852e+00,2.427208185195922852e+00,2.245592594146728516e+00,2.733850955963134766e+00,1.767258495092391968e-01,1.767258495092391968e-01,7.610654830932617188e-01,6.488571166992187500e-01,9.183982014656066895e-02,9.183982014656066895e-02,1.921621561050415039e-01,1.711605638265609741e-01,2.547045005485415459e-03,2.547045005485415459e-03,4.893983602523803711e-01,4.868464916944503784e-02,9.256455898284912109e-01,9.256455898284912109e-01,1.269394993782043457e+00,1.361573576927185059e+00,3.575633287429809570e+00,3.575633287429809570e+00,3.359719991683959961e+00,3.314991712570190430e+00
2.600000000000000000e+02,4.150782585144042969e+00,4.150782585144042969e+00,3.908610343933105469e+00,3.925286054611206055e+00,2.368306875228881836e+00,2.368306875228881836e+00,2.185016632080078125e+00,2.699065208435058594e+00,1.874347031116485596e-01,1.874347031116485596e-01,7.460969090461730957e-01,6.120655536651611328e-01,9.491746872663497925e-02,9.491746872663497925e-02,1.871407181024551392e-01,1.767684519290924072e-01,2.569452160969376564e-03,2.569452160969376564e-03,5.016465187072753906e-01,4.789118841290473938e-02,9.925590157508850098e-01,9.925590157508850098e-01,1.277120471000671387e+00,1.404892086982727051e+00,3.599272727966308594e+00,3.599272727966308594e+00,3.377739429473876953e+00,3.335702896118164062e+00
2.610000000000000000e+02,4.121711730957031250e+00,4.121711730957031250e+00,3.875481605529785156e+00,3.907054662704467773e+00,2.308713436126708984e+00,2.308713436126708984e+00,2.123796463012695312e+00,2.663403034210205078e+00,1.979151964187622070e-01,1.979151964187622070e-01,7.310696840286254883e-01,5.754261016845703125e-01,9.757210314273834229e-02,9.757210314273834229e-02,1.818932145833969116e-01,1.819723099470138550e-01,2.581128850579261780e-03,2.581128850579261780e-03,5.136510133743286133e-01,4.706932231783866882e-02,1.058263301849365234e+00,1.058263301849365234e+00,1.284129142761230469e+00,1.447282075881958008e+00,3.620420455932617188e+00,3.620420455932617188e+00,3.393459081649780273e+00,3.354311466217041016e+00
2.620000000000000000e+02,4.090731620788574219e+00,4.090731620788574219e+00,3.840554475784301758e+00,3.887084960937500000e+00,2.248500108718872070e+00,2.248500108718872070e+00,2.062000036239624023e+00,2.626906871795654297e+00,2.081545144319534302e-01,2.081545144319534302e-01,7.159923315048217773e-01,5.389830470085144043e-01,9.980048239231109619e-02,9.980048239231109619e-02,1.764177978038787842e-01,1.867679506540298462e-01,2.582061337307095528e-03,2.582061337307095528e-03,5.253910422325134277e-01,4.621906578540802002e-02,1.122678160667419434e+00,1.122678160667419434e+00,1.290625572204589844e+00,1.488687992095947266e+00,3.639050006866455078e+00,3.639050006866455078e+00,3.406856298446655273e+00,3.370792627334594727e+00
2.630000000000000000e+02,4.057878494262695312e+00,4.057878494262695312e+00,3.803864240646362305e+00,3.865402221679687500e+00,2.187738418579101562e+00,2.187738418579101562e+00,1.999692678451538086e+00,2.589620113372802734e+00,2.181405872106552124e-01,2.181405872106552124e-01,7.008723020553588867e-01,5.027790069580078125e-01,1.015999838709831238e-01,1.015999838709831238e-01,1.707126051187515259e-01,1.911519169807434082e-01,2.572247525677084923e-03,2.572247525677084923e-03,5.368462800979614258e-01,4.534038901329040527e-02,1.185727000236511230e+00,1.185727000236511230e+00,1.324172258377075195e+00,1.529057383537292480e+00,3.655140161514282227e+00,3.655140161514282227e+00,3.417911052703857422e+00,3.385124444961547852e+00
2.640000000000000000e+02,4.023194313049316406e+00,4.023194313049316406e+00,3.765452146530151367e+00,3.842034339904785156e+00,2.126506090164184570e+00,2.126506090164184570e+00,1.936946988105773926e+00,2.551589012145996094e+00,2.278605401515960693e-01,2.278605401515960693e-01,6.857184171676635742e-01,4.826179146766662598e-01,1.029682606458663940e-01,1.029682606458663940e-01,1.647762954235076904e-01,1.951207369565963745e-01,2.551698824390769005e-03,2.551698824390769005e-03,5.479953289031982422e-01,4.443336650729179382e-02,1.247329473495483398e+00,1.247329473495483398e+00,1.356541872024536133e+00,1.568334460258483887e+00,3.668669462203979492e+00,3.668669462203979492e+00,3.426606178283691406e+00,3.397286891937255859e+00
2.650000000000000000e+02,3.986721038818359375e+00,3.986721038818359375e+00,3.725357532501220703e+00,3.817009925842285156e+00,2.064876079559326172e+00,2.064876079559326172e+00,1.873830080032348633e+00,2.512856960296630859e+00,2.373029142618179321e-01,2.373029142618179321e-01,6.705383062362670898e-01,4.739429354667663574e-01,1.039037257432937622e-01,1.039037257432937622e-01,1.586072593927383423e-01,1.986718475818634033e-01,2.520442241802811623e-03,2.520442241802811623e-03,5.588180422782897949e-01,4.349804669618606567e-02,1.307412385940551758e+00,1.307412385940551758e+00,1.387690424919128418e+00,1.606468200683593750e+00,3.679622650146484375e+00,3.679622650146484375e+00,3.432927370071411133e+00,3.407263040542602539e+00
2.660000000000000000e+02,3.948501586914062500e+00,3.948501586914062500e+00,3.683623075485229492e+00,3.790359020233154297e+00,2.002923011779785156e+00,2.002923011779785156e+00,1.810411930084228516e+00,2.473470211029052734e+00,2.464561611413955688e-01,2.464561611413955688e-01,6.553391814231872559e-01,4.651747941970825195e-01,1.044052466750144958e-01,1.044052466750144958e-01,1.522042602300643921e-01,2.018029689788818359e-01,2.478515030816197395e-03,2.478515030816197395e-03,5.692940354347229004e-01,4.253449663519859314e-02,1.365902185440063477e+00,1.365902185440063477e+00,1.417575001716613770e+00,1.643407464027404785e+00,3.687985420227050781e+00,3.687985420227050781e+00,3.436861991882324219e+00,3.415037155151367188e+00
2.670000000000000000e+02,3.908584833145141602e+00,3.908584833145141602e+00,3.640294075012207031e+00,3.762116193771362305e+00,1.940722703933715820e+00,1.940722703933715820e+00,1.746762156486511230e+00,2.433474302291870117e+00,2.553091645240783691e-01,2.553091645240783691e-01,6.401284933090209961e-01,4.563243985176086426e-01,1.044722050428390503e-01,1.044722050428390503e-01,1.455660015344619751e-01,2.045123726129531860e-01,2.425967948511242867e-03,2.425967948511242867e-03,5.794032216072082520e-01,4.154281690716743469e-02,1.422728061676025391e+00,1.422728061676025391e+00,1.446153759956359863e+00,1.679103255271911621e+00,3.693748474121093750e+00,3.693748474121093750e+00,3.438403606414794922e+00,3.420599222183227539e+00
2.680000000000000000e+02,3.867016792297363281e+00,3.867016792297363281e+00,3.595416784286499023e+00,3.732313871383666992e+00,1.878349542617797852e+00,1.878349542617797852e+00,1.682950139045715332e+00,2.392916202545166016e+00,2.638513445854187012e-01,2.638513445854187012e-01,6.249128580093383789e-01,4.474028348922729492e-01,1.041045188903808594e-01,1.041045188903808594e-01,1.386912763118743896e-01,2.067988514900207520e-01,2.362863160669803619e-03,2.362863160669803619e-03,5.891257524490356445e-01,4.052311182022094727e-02,1.477822184562683105e+00,1.477822184562683105e+00,1.473387479782104492e+00,1.713507413864135742e+00,3.696905612945556641e+00,3.696905612945556641e+00,3.437545776367187500e+00,3.423938274383544922e+00
2.690000000000000000e+02,3.823850154876708984e+00,3.823850154876708984e+00,3.549040794372558594e+00,3.700989961624145508e+00,1.815882444381713867e+00,1.815882444381713867e+00,1.619048714637756348e+00,2.351842880249023438e+00,2.720718085765838623e-01,2.720718085765838623e-01,6.096999645233154297e-01,4.384214282035827637e-01,1.033026427030563354e-01,1.033026427030563354e-01,1.315795928239822388e-01,2.086614221334457397e-01,2.289281459525227547e-03,2.289281459525227547e-03,5.984415411949157715e-01,3.947556763887405396e-02,1.531114220619201660e+00,1.531114220619201660e+00,1.499235987663269043e+00,1.746571302413940430e+00,3.697450399398803711e+00,3.697450399398803711e+00,3.434284448623657227e+00,3.425046920776367188e+00
2.700000000000000000e+02,3.779137134552001953e+00,3.779137134552001953e+00,3.501216650009155273e+00,3.668182373046875000e+00,1.753395676612854004e+00,1.753395676612854004e+00,1.555127143859863281e+00,2.310302257537841797e+00,2.799608111381530762e-01,2.799608111381530762e-01,5.944960713386535645e-01,4.293909966945648193e-01,1.020675078034400940e-01,1.020675078034400940e-01,1.267539709806442261e-01,2.100998759269714355e-01,2.205310156568884850e-03,2.205310156568884850e-03,6.073310971260070801e-01,3.840033337473869324e-02,1.582540750503540039e+00,1.582540750503540039e+00,1.523662567138671875e+00,1.778250098228454590e+00,3.695384025573730469e+00,3.695384025573730469e+00,3.428621053695678711e+00,3.423921823501586914e+00
2.710000000000000000e+02,3.732932329177856445e+00,3.732932329177856445e+00,3.451996564865112305e+00,3.633930683135986328e+00,1.690966129302978516e+00,1.690966129302978516e+00,1.491256117820739746e+00,2.268341302871704102e+00,2.875087261199951172e-01,2.875087261199951172e-01,5.793074369430541992e-01,4.203223586082458496e-01,1.004006713628768921e-01,1.004006713628768921e-01,1.240458041429519653e-01,2.111143469810485840e-01,2.111052628606557846e-03,2.111052628606557846e-03,6.157754659652709961e-01,3.729759901762008667e-02,1.632039308547973633e+00,1.632039308547973633e+00,1.546631813049316406e+00,1.808499455451965332e+00,3.690709114074707031e+00,3.690709114074707031e+00,3.420558452606201172e+00,3.420561075210571289e+00
2.720000000000000000e+02,3.685550212860107422e+00,3.685550212860107422e+00,3.401433467864990234e+00,3.604280233383178711e+00,1.648334503173828125e+00,1.648334503173828125e+00,1.438055515289306641e+00,2.250656604766845703e+00,3.221385478973388672e-01,3.221385478973388672e-01,5.817465782165527344e-01,4.429318904876708984e-01,1.175183355808258057e-01,1.175183355808258057e-01,1.316752582788467407e-01,2.360246777534484863e-01,2.091134199872612953e-03,2.091134199872612953e-03,6.237555146217346191e-01,3.616758435964584351e-02,1.679549336433410645e+00,1.679549336433410645e+00,1.582450866699218750e+00,1.837276577949523926e+00,3.683430433273315430e+00,3.683430433273315430e+00,3.410101890563964844e+00,3.418866157531738281e+00
2.730000000000000000e+02,3.638370990753173828e+00,3.638370990753173828e+00,3.349582672119140625e+00,3.579624414443969727e+00,1.623568296432495117e+00,1.623568296432495117e+00,1.394824028015136719e+00,2.254360914230346680e+00,3.796047568321228027e-01,3.796047568321228027e-01,5.990931987762451172e-01,4.923392832279205322e-01,1.494915485382080078e-01,1.494915485382080078e-01,1.471875458955764771e-01,2.802159786224365234e-01,2.199776703491806984e-03,2.199776703491806984e-03,6.312530040740966797e-01,3.501048684120178223e-02,1.725014448165893555e+00,1.725014448165893555e+00,1.619953632354736328e+00,1.864541530609130859e+00,3.673556804656982422e+00,3.673556804656982422e+00,3.397260427474975586e+00,3.416424512863159180e+00
2.740000000000000000e+02,3.591640949249267578e+00,3.591640949249267578e+00,3.296503543853759766e+00,3.555296659469604492e+00,1.600260257720947266e+00,1.600260257720947266e+00,1.352923393249511719e+00,2.258844375610351562e+00,4.366068243980407715e-01,4.366068243980407715e-01,6.163929700851440430e-01,5.562161803245544434e-01,1.797240078449249268e-01,1.797240078449249268e-01,1.616331338882446289e-01,3.227967321872711182e-01,2.290100092068314552e-03,2.290100092068314552e-03,6.382492780685424805e-01,3.382664173841476440e-02,1.768376469612121582e+00,1.768376469612121582e+00,1.655532479286193848e+00,1.890252828598022461e+00,3.661100864410400391e+00,3.661100864410400391e+00,3.382045984268188477e+00,3.412114858627319336e+00
2.750000000000000000e+02,3.545416116714477539e+00,3.545416116714477539e+00,3.242255210876464844e+00,3.531336069107055664e+00,1.578438043594360352e+00,1.578438043594360352e+00,1.312384486198425293e+00,2.264111042022705078e+00,4.930770397186279297e-01,4.930770397186279297e-01,6.336003541946411133e-01,6.221435666084289551e-01,2.081798166036605835e-01,2.081798166036605835e-01,1.749758720397949219e-01,3.637298345565795898e-01,2.361999358981847763e-03,2.361999358981847763e-03,6.447268128395080566e-01,3.261629864573478699e-02,1.809584617614746094e+00,1.809584617614746094e+00,1.689141631126403809e+00,1.914373874664306641e+00,3.646078586578369141e+00,3.646078586578369141e+00,3.364474296569824219e+00,3.405942678451538086e+00
2.760000000000000000e+02,3.499751091003417969e+00,3.499751091003417969e+00,3.186895370483398438e+00,3.507779121398925781e+00,1.558128118515014648e+00,1.558128118515014648e+00,1.286735177040100098e+00,2.270160436630249023e+00,5.489464998245239258e-01,5.489464998245239258e-01,6.506692767143249512e-01,6.874862313270568848e-01,2.348242998123168945e-01,2.348242998123168945e-01,1.871805787086486816e-01,4.029791355133056641e-01,2.415385097265243530e-03,2.415385097265243530e-03,6.506680250167846680e-01,3.137975931167602539e-02,1.848587512969970703e+00,1.848587512969970703e+00,1.720735192298889160e+00,1.936868071556091309e+00,3.628506660461425781e+00,3.628506660461425781e+00,3.344561100006103516e+00,3.397912502288818359e+00
2.770000000000000000e+02,3.454708576202392578e+00,3.454708576202392578e+00,3.130486965179443359e+00,3.485396146774291992e+00,1.541380047798156738e+00,1.541380047798156738e+00,1.282645702362060547e+00,2.279701709747314453e+00,6.070051193237304688e-01,6.070051193237304688e-01,6.692336797714233398e-01,7.556356787681579590e-01,2.616414725780487061e-01,2.616414725780487061e-01,1.991368830204010010e-01,4.432113468647003174e-01,2.450193278491497040e-03,2.450193278491497040e-03,6.560561060905456543e-01,3.011736273765563965e-02,1.885338425636291504e+00,1.885338425636291504e+00,1.750271677970886230e+00,1.957701563835144043e+00,3.608407735824584961e+00,3.608407735824584961e+00,3.322327375411987305e+00,3.388033390045166016e+00
2.780000000000000000e+02,3.410833597183227539e+00,3.410833597183227539e+00,3.073090553283691406e+00,3.469103813171386719e+00,1.540864706039428711e+00,1.540864706039428711e+00,1.295303344726562500e+00,2.309513092041015625e+00,6.845833063125610352e-01,6.845833063125610352e-01,6.994729638099670410e-01,8.475744724273681641e-01,3.005556762218475342e-01,3.005556762218475342e-01,2.161457836627960205e-01,5.005499720573425293e-01,2.466380130499601364e-03,2.466380130499601364e-03,6.608746051788330078e-01,4.863405227661132812e-02,1.919793248176574707e+00,1.919793248176574707e+00,1.777711391448974609e+00,1.976841807365417480e+00,3.585804462432861328e+00,3.585804462432861328e+00,3.297795534133911133e+00,3.376316070556640625e+00
2.790000000000000000e+02,3.368491172790527344e+00,3.368491172790527344e+00,3.014774084091186523e+00,3.454077482223510742e+00,1.544521331787109375e+00,1.544521331787109375e+00,1.309308767318725586e+00,2.340592861175537109e+00,7.613253593444824219e-01,7.613253593444824219e-01,7.294088006019592285e-01,9.386994242668151855e-01,3.369742929935455322e-01,3.369742929935455322e-01,2.313878685235977173e-01,5.555715560913085938e-01,4.507290199398994446e-03,4.507290199398994446e-03,6.651070713996887207e-01,8.915072679519653320e-02,1.951907873153686523e+00,1.951907873153686523e+00,1.803014993667602539e+00,1.994257092475891113e+00,3.560726165771484375e+00,3.560726165771484375e+00,3.270992279052734375e+00,3.362773418426513672e+00
2.800000000000000000e+02,3.327732563018798828e+00,3.327732563018798828e+00,2.955600738525390625e+00,3.440347433090209961e+00,1.555422663688659668e+00,1.555422663688659668e+00,1.324613332748413086e+00,2.372917175292968750e+00,8.371399641036987305e-01,8.371399641036987305e-01,7.589732408523559570e-01,1.028921842575073242e+00,3.708541989326477051e-01,3.708541989326477051e-01,2.448190003633499146e-01,6.082304716110229492e-01,1.164762768894433975e-02,1.164762768894433975e-02,6.687383651733398438e-01,1.289775222539901733e-01,1.981644749641418457e+00,1.981644749641418457e+00,1.826149463653564453e+00,2.009919881820678711e+00,3.533203363418579102e+00,3.533203363418579102e+00,3.241946458816528320e+00,3.347420692443847656e+00
2.810000000000000000e+02,3.288606643676757812e+00,3.288606643676757812e+00,2.895636558532714844e+00,3.427943944931030273e+00,1.568177938461303711e+00,1.568177938461303711e+00,1.341165423393249512e+00,2.406459569931030273e+00,9.119345545768737793e-01,9.119345545768737793e-01,7.880976796150207520e-01,1.118151783943176270e+00,4.021539986133575439e-01,4.021539986133575439e-01,2.563964426517486572e-01,6.584824919700622559e-01,1.850111223757266998e-02,1.850111223757266998e-02,6.717533469200134277e-01,1.680579036474227905e-01,2.008967399597167969e+00,2.008967399597167969e+00,1.847081661224365234e+00,2.023802280426025391e+00,3.503269195556640625e+00,3.503269195556640625e+00,3.210689067840576172e+00,3.330273628234863281e+00
2.820000000000000000e+02,3.251160621643066406e+00,3.251160621643066406e+00,2.834949016571044922e+00,3.416894912719726562e+00,1.582771062850952148e+00,1.582771062850952148e+00,1.358912229537963867e+00,2.441190958023071289e+00,9.856181144714355469e-01,9.856181144714355469e-01,8.167138099670410156e-01,1.206300258636474609e+00,4.308355450630187988e-01,4.308355450630187988e-01,2.660801112651824951e-01,7.062860727310180664e-01,2.505936846137046814e-02,2.505936846137046814e-02,6.741374731063842773e-01,2.063366770744323730e-01,2.033842086791992188e+00,2.033842086791992188e+00,1.865782618522644043e+00,2.035880088806152344e+00,3.470959663391113281e+00,3.470959663391113281e+00,3.177253723144531250e+00,3.311351776123046875e+00
2.830000000000000000e+02,3.215441226959228516e+00,3.215441226959228516e+00,2.773605346679687500e+00,3.407227993011474609e+00,1.599185228347778320e+00,1.599185228347778320e+00,1.377799749374389648e+00,2.477083206176757812e+00,1.058102846145629883e+00,1.058102846145629883e+00,8.447546958923339844e-01,1.293281793594360352e+00,4.568646252155303955e-01,4.568646252155303955e-01,2.738317549228668213e-01,7.516039609909057617e-01,3.131454065442085266e-02,3.131454065442085266e-02,6.758769750595092773e-01,2.437597513198852539e-01,2.056239604949951172e+00,2.056239604949951172e+00,1.882225751876831055e+00,2.046130895614624023e+00,3.436314105987548828e+00,3.436314105987548828e+00,3.141676902770996094e+00,3.290676116943359375e+00
2.840000000000000000e+02,3.181491851806640625e+00,3.181491851806640625e+00,2.711677074432373047e+00,3.399002075195312500e+00,1.617399692535400391e+00,1.617399692535400391e+00,1.397771358489990234e+00,2.514134168624877930e+00,1.129296541213989258e+00,1.129296541213989258e+00,8.721519112586975098e-01,1.379033327102661133e+00,4.802081286907196045e-01,4.802081286907196045e-01,2.796152234077453613e-01,7.944303154945373535e-01,3.727100789546966553e-02,3.727100789546966553e-02,6.769585609436035156e-01,2.803224027156829834e-01,2.076148986816406250e+00,2.076148986816406250e+00,1.896386384963989258e+00,2.054588556289672852e+00,3.399388074874877930e+00,3.399388074874877930e+00,3.103999853134155273e+00,3.268320322036743164e+00
2.850000000000000000e+02,3.149348258972167969e+00,3.149348258972167969e+00,2.655025482177734375e+00,3.392718791961669922e+00,1.637392163276672363e+00,1.637392163276672363e+00,1.418769598007202148e+00,2.552748680114746094e+00,1.199114322662353516e+00,1.199114322662353516e+00,8.988395929336547852e-01,1.463850259780883789e+00,5.008382797241210938e-01,5.008382797241210938e-01,2.833969891071319580e-01,8.351781368255615234e-01,4.309282824397087097e-02,4.309282824397087097e-02,6.773693561553955078e-01,3.166779577732086182e-01,2.093782663345336914e+00,2.093782663345336914e+00,1.908243179321289062e+00,2.061999797821044922e+00,3.360389709472656250e+00,3.360389709472656250e+00,3.064263105392456055e+00,3.245008230209350586e+00
2.860000000000000000e+02,3.119044780731201172e+00,3.119044780731201172e+00,2.604073524475097656e+00,3.388027667999267578e+00,1.659138441085815430e+00,1.659138441085815430e+00,1.440735816955566406e+00,2.592583656311035156e+00,1.267471075057983398e+00,1.267471075057983398e+00,9.247516989707946777e-01,1.547403812408447266e+00,5.187299251556396484e-01,5.187299251556396484e-01,2.851459085941314697e-01,8.735150694847106934e-01,4.861687123775482178e-02,4.861687123775482178e-02,6.770974397659301758e-01,3.522150814533233643e-01,2.108894348144531250e+00,2.108894348144531250e+00,1.917778015136718750e+00,2.071641683578491211e+00,3.319203853607177734e+00,3.319203853607177734e+00,3.022511005401611328e+00,3.220201015472412109e+00
2.870000000000000000e+02,3.090618133544921875e+00,3.090618133544921875e+00,2.554236173629760742e+00,3.384834766387939453e+00,1.682612180709838867e+00,1.682612180709838867e+00,1.463610172271728516e+00,2.633478164672851562e+00,1.334283590316772461e+00,1.334283590316772461e+00,9.498239159584045410e-01,1.629493951797485352e+00,5.338613986968994141e-01,5.338613986968994141e-01,2.848334312438964844e-01,9.092915654182434082e-01,5.382192134857177734e-02,5.382192134857177734e-02,6.761312484741210938e-01,3.867414891719818115e-01,2.121444225311279297e+00,2.121444225311279297e+00,1.924975037574768066e+00,2.080695152282714844e+00,3.275865077972412109e+00,3.275865077972412109e+00,2.978790283203125000e+00,3.193784952163696289e+00
2.880000000000000000e+02,3.064101219177246094e+00,3.064101219177246094e+00,2.505556821823120117e+00,3.383115768432617188e+00,1.707785248756408691e+00,1.707785248756408691e+00,1.487331867218017578e+00,2.675350189208984375e+00,1.399472475051879883e+00,1.399472475051879883e+00,9.739926457405090332e-01,1.710000514984130859e+00,5.462144613265991211e-01,5.462144613265991211e-01,2.824327945709228516e-01,9.424405694007873535e-01,5.869642645120620728e-02,5.869642645120620728e-02,6.744601726531982422e-01,4.201576709747314453e-01,2.131410121917724609e+00,2.131410121917724609e+00,1.929821610450744629e+00,2.087583303451538086e+00,3.230419158935546875e+00,3.230419158935546875e+00,2.933149337768554688e+00,3.165739059448242188e+00
2.890000000000000000e+02,3.039528846740722656e+00,3.039528846740722656e+00,2.458083629608154297e+00,3.382886886596679688e+00,1.734625935554504395e+00,1.734625935554504395e+00,1.511837244033813477e+00,2.718158245086669922e+00,1.462954521179199219e+00,1.462954521179199219e+00,9.971938133239746094e-01,1.788841128349304199e+00,5.557733774185180664e-01,5.557733774185180664e-01,2.779206037521362305e-01,9.729400277137756348e-01,6.323421746492385864e-02,6.323421746492385864e-02,6.720739603042602539e-01,4.524122476577758789e-01,2.138778209686279297e+00,2.138778209686279297e+00,1.932307600975036621e+00,2.092292070388793945e+00,3.182924509048461914e+00,3.182924509048461914e+00,2.885641813278198242e+00,3.136097669601440430e+00
2.900000000000000000e+02,3.016930103302001953e+00,3.016930103302001953e+00,2.411857604980468750e+00,3.384159564971923828e+00,1.767575144767761230e+00,1.767575144767761230e+00,1.537063717842102051e+00,2.761862277984619141e+00,1.524653911590576172e+00,1.524653911590576172e+00,1.019366025924682617e+00,1.865941643714904785e+00,5.700855851173400879e-01,5.700855851173400879e-01,2.712754607200622559e-01,1.000773191452026367e+00,7.190305739641189575e-02,7.190305739641189575e-02,6.689633727073669434e-01,4.834583401679992676e-01,2.143541336059570312e+00,2.143541336059570312e+00,1.932426571846008301e+00,2.094811677932739258e+00,3.140996932983398438e+00,3.140996932983398438e+00,2.836321115493774414e+00,3.104892730712890625e+00
2.910000000000000000e+02,2.996331691741943359e+00,2.996331691741943359e+00,2.366919994354248047e+00,3.386945009231567383e+00,1.804782748222351074e+00,1.804782748222351074e+00,1.562947034835815430e+00,2.806418895721435547e+00,1.584496259689331055e+00,1.584496259689331055e+00,1.044046640396118164e+00,1.941228151321411133e+00,5.832353234291076660e-01,5.832353234291076660e-01,2.624786794185638428e-01,1.025926470756530762e+00,8.288206905126571655e-02,8.288206905126571655e-02,6.651196479797363281e-01,5.132491588592529297e-01,2.145692586898803711e+00,2.145692586898803711e+00,1.930173397064208984e+00,2.095133781433105469e+00,3.098787307739257812e+00,3.098787307739257812e+00,2.785242319107055664e+00,3.072159767150878906e+00
2.920000000000000000e+02,2.977758884429931641e+00,2.977758884429931641e+00,2.323309898376464844e+00,3.391251087188720703e+00,1.843281865119934082e+00,1.843281865119934082e+00,1.589422345161437988e+00,2.851786136627197266e+00,1.642409324645996094e+00,1.642409324645996094e+00,1.068244218826293945e+00,2.014629602432250977e+00,5.938535928726196289e-01,5.938535928726196289e-01,2.515137493610382080e-01,1.048388242721557617e+00,9.323618561029434204e-02,9.323618561029434204e-02,6.605346798896789551e-01,5.417399406433105469e-01,2.145229578018188477e+00,2.145229578018188477e+00,1.925547122955322266e+00,2.093252897262573242e+00,3.054994583129882812e+00,3.054994583129882812e+00,2.732462406158447266e+00,3.037935018539428711e+00
2.930000000000000000e+02,2.961235046386718750e+00,2.961235046386718750e+00,2.282935857772827148e+00,3.397085189819335938e+00,1.897086381912231445e+00,1.897086381912231445e+00,1.616422653198242188e+00,2.897914886474609375e+00,1.698319673538208008e+00,1.698319673538208008e+00,1.090986251831054688e+00,2.086072444915771484e+00,6.019272208213806152e-01,6.019272208213806152e-01,2.383679598569869995e-01,1.068149924278259277e+00,1.170146390795707703e-01,1.170146390795707703e-01,6.552015542984008789e-01,5.688850879669189453e-01,2.142152786254882812e+00,2.142152786254882812e+00,1.918549537658691406e+00,2.089166641235351562e+00,3.009673595428466797e+00,3.009673595428466797e+00,2.678045034408569336e+00,3.002258777618408203e+00
2.940000000000000000e+02,2.946779966354370117e+00,2.946779966354370117e+00,2.248300075531005859e+00,3.404451608657836914e+00,1.960424423217773438e+00,1.960424423217773438e+00,1.643882155418395996e+00,2.944761037826538086e+00,1.752161383628845215e+00,1.752161383628845215e+00,1.112216711044311523e+00,2.155491113662719727e+00,6.074467301368713379e-01,6.074467301368713379e-01,2.230303585529327393e-01,1.085207343101501465e+00,1.484811455011367798e-01,1.484811455011367798e-01,6.491135954856872559e-01,5.946431756019592285e-01,2.136466503143310547e+00,2.136466503143310547e+00,1.909185528755187988e+00,2.082874774932861328e+00,2.962879657745361328e+00,2.962879657745361328e+00,2.622051000595092773e+00,2.965171575546264648e+00
2.950000000000000000e+02,2.934410572052001953e+00,2.934410572052001953e+00,2.215757131576538086e+00,3.413351535797119141e+00,2.024049282073974609e+00,2.024049282073974609e+00,1.671733140945434570e+00,2.992275238037109375e+00,1.803868055343627930e+00,1.803868055343627930e+00,1.131879806518554688e+00,2.222818851470947266e+00,6.104050278663635254e-01,6.104050278663635254e-01,2.054923474788665771e-01,1.099558234214782715e+00,1.784287244081497192e-01,1.784287244081497192e-01,6.422652006149291992e-01,6.189730763435363770e-01,2.128176927566528320e+00,2.128176927566528320e+00,1.897461771965026855e+00,2.074378967285156250e+00,2.914667606353759766e+00,2.914667606353759766e+00,2.564543485641479492e+00,2.926714181900024414e+00
2.960000000000000000e+02,2.924143314361572266e+00,2.924143314361572266e+00,2.185327053070068359e+00,3.423786878585815430e+00,2.087884187698364258e+00,2.087884187698364258e+00,1.699908375740051270e+00,3.040410280227661133e+00,1.853376984596252441e+00,1.853376984596252441e+00,1.149923563003540039e+00,2.287993907928466797e+00,6.107988357543945312e-01,6.107988357543945312e-01,1.857491731643676758e-01,1.111204385757446289e+00,2.068205326795578003e-01,2.068205326795578003e-01,6.346513032913208008e-01,6.418349146842956543e-01,2.117294788360595703e+00,2.117294788360595703e+00,1.883388996124267578e+00,2.063685417175292969e+00,2.865098476409912109e+00,2.865098476409912109e+00,2.505589962005615234e+00,2.886930942535400391e+00
2.970000000000000000e+02,2.915989875793457031e+00,2.915989875793457031e+00,2.157027244567871094e+00,3.435755729675292969e+00,2.156904220581054688e+00,2.156904220581054688e+00,1.728340864181518555e+00,3.089116334915161133e+00,1.900629520416259766e+00,1.900629520416259766e+00,1.166297435760498047e+00,2.350956916809082031e+00,6.086276173591613770e-01,6.086276173591613770e-01,1.637970656156539917e-01,1.120150446891784668e+00,2.386742532253265381e-01,2.386742532253265381e-01,6.262676715850830078e-01,6.631920933723449707e-01,2.103832721710205078e+00,2.103832721710205078e+00,1.866980075836181641e+00,2.050800800323486328e+00,2.814230442047119141e+00,2.814230442047119141e+00,2.445256233215332031e+00,2.845865726470947266e+00
2.980000000000000000e+02,2.909960031509399414e+00,2.909960031509399414e+00,2.130874156951904297e+00,3.449252605438232422e+00,2.236149787902832031e+00,2.236149787902832031e+00,1.756959915161132812e+00,3.138338804244995117e+00,1.945564627647399902e+00,1.945564627647399902e+00,1.180951118469238281e+00,2.411645412445068359e+00,6.038938760757446289e-01,6.038938760757446289e-01,1.396375000476837158e-01,1.126403570175170898e+00,2.790783643722534180e-01,2.790783643722534180e-01,6.171113252639770508e-01,6.830068826675415039e-01,2.087807655334472656e+00,2.087807655334472656e+00,1.848251461982727051e+00,2.035735368728637695e+00,2.762127399444580078e+00,2.762127399444580078e+00,2.383614540100097656e+00,2.803566217422485352e+00
2.990000000000000000e+02,2.906061410903930664e+00,2.906061410903930664e+00,2.106880187988281250e+00,3.464272737503051758e+00,2.314799308776855469e+00,2.314799308776855469e+00,1.785698413848876953e+00,3.188028097152709961e+00,1.988129496574401855e+00,1.988129496574401855e+00,1.193839073181152344e+00,2.470006465911865234e+00,5.966035127639770508e-01,5.966035127639770508e-01,1.132724583148956299e-01,1.129974365234375000e+00,3.172567784786224365e-01,3.172567784786224365e-01,6.071794033050537109e-01,7.012457847595214844e-01,2.069239139556884766e+00,2.069239139556884766e+00,1.827221870422363281e+00,2.018501758575439453e+00,2.708852291107177734e+00,2.708852291107177734e+00,2.320734977722167969e+00,2.760080099105834961e+00
3.000000000000000000e+02,2.904298543930053711e+00,2.904298543930053711e+00,2.085055351257324219e+00,3.480807304382324219e+00,2.392757415771484375e+00,2.392757415771484375e+00,1.814487695693969727e+00,3.238130807876586914e+00,2.028272390365600586e+00,2.028272390365600586e+00,1.204916715621948242e+00,2.525986909866333008e+00,5.867655277252197266e-01,5.867655277252197266e-01,8.793152868747711182e-02,1.130877256393432617e+00,3.531631231307983398e-01,3.531631231307983398e-01,5.964703559875488281e-01,7.178758382797241211e-01,2.048149108886718750e+00,2.048149108886718750e+00,1.803912758827209473e+00,1.999115347862243652e+00,2.654469490051269531e+00,2.654469490051269531e+00,2.256689548492431641e+00,2.715455770492553711e+00
3.010000000000000000e+02,2.904673814773559570e+00,2.904673814773559570e+00,2.065408229827880859e+00,3.503159999847412109e+00,2.469928264617919922e+00,2.469928264617919922e+00,1.843258857727050781e+00,3.288592815399169922e+00,2.065944194793701172e+00,2.065944194793701172e+00,1.214142203330993652e+00,2.579535961151123047e+00,5.743916034698486328e-01,5.743916034698486328e-01,7.886364310979843140e-02,1.129128694534301758e+00,3.867535889148712158e-01,3.867535889148712158e-01,5.849831104278564453e-01,7.328662276268005371e-01,2.024564027786254883e+00,2.024564027786254883e+00,1.778348922729492188e+00,1.977593779563903809e+00,2.599046230316162109e+00,2.599046230316162109e+00,2.191553354263305664e+00,2.669743776321411133e+00
3.020000000000000000e+02,2.907186985015869141e+00,2.907186985015869141e+00,2.047944068908691406e+00,3.526987314224243164e+00,2.546220779418945312e+00,2.546220779418945312e+00,1.871944308280944824e+00,3.339361429214477539e+00,2.101099967956542969e+00,2.101099967956542969e+00,1.221476078033447266e+00,2.630608797073364258e+00,5.594966411590576172e-01,5.594966411590576172e-01,7.205525785684585571e-02,1.124748826026916504e+00,4.179880917072296143e-01,4.179880917072296143e-01,5.727172493934631348e-01,7.461885809898376465e-01,1.998511910438537598e+00,1.998511910438537598e+00,1.750556707382202148e+00,1.953956842422485352e+00,2.542647600173950195e+00,2.542647600173950195e+00,2.125399589538574219e+00,2.638239383697509766e+00
3.030000000000000000e+02,2.911834716796875000e+00,2.911834716796875000e+00,2.032666206359863281e+00,3.552093982696533203e+00,2.621536493301391602e+00,2.621536493301391602e+00,1.900473475456237793e+00,3.390377283096313477e+00,2.133694648742675781e+00,2.133694648742675781e+00,1.226880431175231934e+00,2.679156303405761719e+00,5.420993566513061523e-01,5.420993566513061523e-01,7.022313773632049561e-02,1.117760181427001953e+00,4.468267560005187988e-01,4.468267560005187988e-01,5.596741437911987305e-01,7.578147053718566895e-01,1.970025420188903809e+00,1.970025420188903809e+00,1.720567584037780762e+00,1.928228139877319336e+00,2.485345840454101562e+00,2.485345840454101562e+00,2.058308601379394531e+00,2.614452123641967773e+00
3.040000000000000000e+02,2.918611049652099609e+00,2.918611049652099609e+00,2.019574880599975586e+00,3.578455448150634766e+00,2.695786714553833008e+00,2.695786714553833008e+00,1.928779840469360352e+00,3.441586732864379883e+00,2.163689851760864258e+00,2.163689851760864258e+00,1.230321049690246582e+00,2.725139141082763672e+00,5.222209095954895020e-01,5.222209095954895020e-01,6.829665601253509521e-02,1.108188867568969727e+00,4.732355475425720215e-01,4.732355475425720215e-01,5.458549261093139648e-01,7.677201628684997559e-01,1.939138889312744141e+00,1.939138889312744141e+00,1.688413500785827637e+00,1.900432705879211426e+00,2.427208900451660156e+00,2.427208900451660156e+00,1.990355849266052246e+00,2.596035242080688477e+00
3.050000000000000000e+02,2.927507877349853516e+00,2.927507877349853516e+00,2.008668184280395508e+00,3.606044530868530273e+00,2.768880844116210938e+00,2.768880844116210938e+00,1.956794738769531250e+00,3.492931842803955078e+00,2.191048860549926758e+00,2.191048860549926758e+00,1.231765389442443848e+00,2.768518209457397461e+00,4.998850822448730469e-01,4.998850822448730469e-01,6.626787036657333374e-02,1.096063733100891113e+00,4.971821904182434082e-01,4.971821904182434082e-01,5.312621593475341797e-01,7.758815288543701172e-01,1.905889511108398438e+00,1.905889511108398438e+00,1.654129505157470703e+00,1.870597720146179199e+00,2.368307590484619141e+00,2.368307590484619141e+00,1.921621322631835938e+00,2.582937955856323242e+00
3.060000000000000000e+02,2.938514471054077148e+00,2.938514471054077148e+00,1.999942064285278320e+00,3.634831905364990234e+00,2.840730190277099609e+00,2.840730190277099609e+00,1.984452009201049805e+00,3.544357061386108398e+00,2.215738534927368164e+00,2.215738534927368164e+00,1.231184482574462891e+00,2.809257507324218750e+00,4.751195907592773438e-01,4.751195907592773438e-01,6.412890553474426270e-02,1.081416487693786621e+00,5.186374187469482422e-01,5.186374187469482422e-01,5.158990025520324707e-01,7.822774052619934082e-01,1.870318174362182617e+00,1.870318174362182617e+00,1.617753982543945312e+00,1.838753461837768555e+00,2.308713912963867188e+00,2.308713912963867188e+00,1.852184057235717773e+00,2.571069478988647461e+00
3.070000000000000000e+02,2.951618194580078125e+00,2.951618194580078125e+00,1.993389010429382324e+00,3.664788246154785156e+00,2.911248445510864258e+00,2.911248445510864258e+00,2.011684417724609375e+00,3.595804691314697266e+00,2.237729549407958984e+00,2.237729549407958984e+00,1.228550672531127930e+00,2.847325563430786133e+00,4.479534626007080078e-01,4.479534626007080078e-01,6.187188252806663513e-02,1.064281105995178223e+00,5.375758409500122070e-01,5.375758409500122070e-01,4.998836517333984375e-01,7.868891954421997070e-01,1.832467436790466309e+00,1.832467436790466309e+00,1.579326391220092773e+00,1.804931640625000000e+00,2.248498916625976562e+00,2.248498916625976562e+00,1.782123565673828125e+00,2.560454368591308594e+00
3.080000000000000000e+02,2.966801643371582031e+00,2.966801643371582031e+00,1.989000797271728516e+00,3.695877552032470703e+00,2.980346679687500000e+00,2.980346679687500000e+00,2.038424968719482422e+00,3.647214889526367188e+00,2.256993293762207031e+00,2.256993293762207031e+00,1.223839998245239258e+00,2.882689714431762695e+00,4.184212684631347656e-01,4.184212684631347656e-01,5.948920920491218567e-02,1.044695854187011719e+00,5.539730191230773926e-01,5.539730191230773926e-01,4.972644746303558350e-01,7.896988987922668457e-01,1.792384624481201172e+00,1.792384624481201172e+00,1.538891673088073730e+00,1.769168376922607422e+00,2.187739133834838867e+00,2.187739133834838867e+00,1.720459342002868652e+00,2.551114559173583984e+00
3.090000000000000000e+02,2.984046936035156250e+00,2.984046936035156250e+00,1.986764788627624512e+00,3.728066921234130859e+00,3.047941207885742188e+00,3.047941207885742188e+00,2.064608812332153320e+00,3.706348896026611328e+00,2.273507118225097656e+00,2.273507118225097656e+00,1.217030882835388184e+00,2.915324449539184570e+00,3.865586221218109131e-01,3.865586221218109131e-01,5.697322636842727661e-02,1.024068593978881836e+00,5.678098201751708984e-01,5.678098201751708984e-01,4.929331541061401367e-01,7.906920909881591797e-01,1.750118851661682129e+00,1.750118851661682129e+00,1.496494531631469727e+00,1.731500148773193359e+00,2.126507043838500977e+00,2.126507043838500977e+00,1.659195184707641602e+00,2.543070793151855469e+00
3.100000000000000000e+02,3.003333091735839844e+00,3.003333091735839844e+00,1.986667156219482422e+00,3.761320114135742188e+00,3.113950967788696289e+00,3.113950967788696289e+00,2.090170860290527344e+00,3.770290136337280273e+00,2.287251472473144531e+00,2.287251472473144531e+00,1.208104252815246582e+00,2.945206165313720703e+00,3.524039983749389648e-01,3.524039983749389648e-01,5.431641265749931335e-02,1.009292960166931152e+00,5.790691375732421875e-01,5.790691375732421875e-01,4.868859648704528809e-01,7.898553013801574707e-01,1.705720424652099609e+00,1.705720424652099609e+00,1.452182292938232422e+00,1.691966056823730469e+00,2.064876794815063477e+00,2.064876794815063477e+00,1.597647905349731445e+00,2.536341190338134766e+00
3.110000000000000000e+02,3.024637699127197266e+00,3.024637699127197266e+00,1.988692045211791992e+00,3.795650005340576172e+00,3.178343772888183594e+00,3.178343772888183594e+00,2.115048885345458984e+00,3.833169937133789062e+00,2.298277139663696289e+00,2.298277139663696289e+00,1.197044849395751953e+00,2.972436428070068359e+00,3.160473108291625977e-01,3.160473108291625977e-01,5.151135846972465515e-02,9.923819303512573242e-01,5.877373218536376953e-01,5.877373218536376953e-01,4.791214764118194580e-01,7.871903181076049805e-01,1.659243702888488770e+00,1.659243702888488770e+00,1.406005859375000000e+00,1.650607347488403320e+00,2.002923965454101562e+00,2.002923965454101562e+00,1.535887956619262695e+00,2.530954837799072266e+00
3.120000000000000000e+02,3.048102855682373047e+00,3.048102855682373047e+00,1.992819309234619141e+00,3.838055372238159180e+00,3.247830867767333984e+00,3.247830867767333984e+00,2.139178752899169922e+00,3.909439563751220703e+00,2.316002607345581055e+00,2.316002607345581055e+00,1.183899760246276855e+00,3.013890266418457031e+00,2.840810418128967285e-01,2.840810418128967285e-01,4.855073615908622742e-02,9.876722097396850586e-01,5.938041210174560547e-01,5.938041210174560547e-01,4.696398675441741943e-01,7.842944860458374023e-01,1.610744237899780273e+00,1.610744237899780273e+00,1.358016133308410645e+00,1.607466697692871094e+00,1.940721988677978516e+00,1.940721988677978516e+00,1.473983526229858398e+00,2.528751850128173828e+00
3.130000000000000000e+02,3.073863983154296875e+00,3.073863983154296875e+00,1.999028921127319336e+00,3.881715774536132812e+00,3.315724134445190430e+00,3.315724134445190430e+00,2.162499427795410156e+00,3.984610795974731445e+00,2.330906391143798828e+00,2.330906391143798828e+00,1.168590307235717773e+00,3.052524328231811523e+00,2.497125715017318726e-01,2.497125715017318726e-01,4.542759805917739868e-02,9.805735349655151367e-01,5.972616672515869141e-01,5.972616672515869141e-01,4.584441781044006348e-01,7.793322205543518066e-01,1.560283780097961426e+00,1.560283780097961426e+00,1.308271169662475586e+00,1.562592148780822754e+00,1.878350257873535156e+00,1.878350257873535156e+00,1.412009000778198242e+00,2.528127908706665039e+00
3.140000000000000000e+02,3.101891040802001953e+00,3.101891040802001953e+00,2.007296562194824219e+00,3.926587104797363281e+00,3.381941795349121094e+00,3.381941795349121094e+00,2.184949398040771484e+00,4.058611392974853516e+00,2.342969894409179688e+00,2.342969894409179688e+00,1.151099801063537598e+00,3.088315248489379883e+00,2.129827737808227539e-01,2.129827737808227539e-01,4.213492572307586670e-02,9.711154699325561523e-01,5.981057882308959961e-01,5.981057882308959961e-01,4.455388486385345459e-01,7.723043560981750488e-01,1.507922172546386719e+00,1.507922172546386719e+00,1.256825804710388184e+00,1.516030192375183105e+00,1.815882921218872070e+00,1.815882921218872070e+00,1.350033044815063477e+00,2.529098749160766602e+00
3.150000000000000000e+02,3.132149457931518555e+00,3.132149457931518555e+00,2.017597198486328125e+00,3.972623348236083984e+00,3.446403503417968750e+00,3.446403503417968750e+00,2.206470489501953125e+00,4.131366729736328125e+00,2.352179050445556641e+00,2.352179050445556641e+00,1.136884927749633789e+00,3.121242046356201172e+00,1.739363074302673340e-01,1.739363074302673340e-01,3.866594657301902771e-02,9.593310356140136719e-01,5.963358879089355469e-01,5.963358879089355469e-01,4.309305548667907715e-01,7.632145881652832031e-01,1.453723669052124023e+00,1.453723669052124023e+00,1.203739881515502930e+00,1.467830657958984375e+00,1.753396511077880859e+00,1.753396511077880859e+00,1.288126945495605469e+00,2.531678199768066406e+00
3.160000000000000000e+02,3.164602756500244141e+00,3.164602756500244141e+00,2.029902696609497070e+00,4.019776344299316406e+00,3.509032249450683594e+00,3.509032249450683594e+00,2.227005004882812500e+00,4.202807426452636719e+00,2.358522176742553711e+00,2.358522176742553711e+00,1.125107765197753906e+00,3.151287078857421875e+00,1.326197832822799683e-01,1.326197832822799683e-01,3.501395508646965027e-02,9.452553987503051758e-01,5.919535160064697266e-01,5.919535160064697266e-01,4.146277904510498047e-01,7.520683407783508301e-01,1.397752165794372559e+00,1.397752165794372559e+00,1.149072527885437012e+00,1.418043732643127441e+00,1.690964937210083008e+00,1.690964937210083008e+00,1.226359367370605469e+00,2.535876274108886719e+00
3.170000000000000000e+02,3.199209690093994141e+00,3.199209690093994141e+00,2.044182538986206055e+00,4.068187236785888672e+00,3.569748878479003906e+00,3.569748878479003906e+00,2.246495246887207031e+00,4.273018360137939453e+00,2.361991882324218750e+00,2.361991882324218750e+00,1.111289858818054199e+00,3.178563833236694336e+00,1.086672842502593994e-01,1.086672842502593994e-01,3.117274679243564606e-02,9.290882945060729980e-01,5.850501060485839844e-01,5.850501060485839844e-01,4.030267596244812012e-01,7.391724586486816406e-01,1.340199708938598633e+00,1.340199708938598633e+00,1.092890262603759766e+00,1.375037312507629395e+00,1.648333787918090820e+00,1.648333787918090820e+00,1.164804220199584961e+00,2.541999101638793945e+00
3.180000000000000000e+02,3.235920190811157227e+00,3.235920190811157227e+00,2.060404777526855469e+00,4.117934703826904297e+00,3.628481149673461914e+00,3.628481149673461914e+00,2.264887332916259766e+00,4.342040061950683594e+00,2.362584114074707031e+00,2.362584114074707031e+00,1.095420479774475098e+00,3.203152656555175781e+00,1.000676900148391724e-01,1.000676900148391724e-01,2.713603712618350983e-02,9.109886288642883301e-01,5.756998658180236816e-01,5.756998658180236816e-01,3.907318711280822754e-01,7.247528433799743652e-01,1.281219840049743652e+00,1.281219840049743652e+00,1.035256505012512207e+00,1.333645939826965332e+00,1.623568892478942871e+00,1.623568892478942871e+00,1.103531360626220703e+00,2.550258159637451172e+00
3.190000000000000000e+02,3.274687290191650391e+00,3.274687290191650391e+00,2.078534364700317383e+00,4.168632507324218750e+00,3.685156345367431641e+00,3.685156345367431641e+00,2.282126903533935547e+00,4.415599822998046875e+00,2.360297441482543945e+00,2.360297441482543945e+00,1.077634692192077637e+00,3.224824905395507812e+00,9.053935110569000244e-02,9.053935110569000244e-02,2.289784885942935944e-02,8.907266855239868164e-01,5.637707114219665527e-01,5.637707114219665527e-01,3.761222064495086670e-01,7.083156704902648926e-01,1.220678806304931641e+00,1.220678806304931641e+00,9.762375354766845703e-01,1.290987253189086914e+00,1.600260734558105469e+00,1.600260734558105469e+00,1.042609930038452148e+00,2.560147047042846680e+00
3.200000000000000000e+02,3.315464019775390625e+00,3.315464019775390625e+00,2.098535537719726562e+00,4.220225811004638672e+00,3.739706993103027344e+00,3.739706993103027344e+00,2.298163175582885742e+00,4.488020896911621094e+00,2.355135917663574219e+00,2.355135917663574219e+00,1.057832837104797363e+00,3.243577003479003906e+00,8.009405434131622314e-02,8.009405434131622314e-02,1.845241710543632507e-02,8.683485984802246094e-01,5.492771863937377930e-01,5.492771863937377930e-01,3.592121601104736328e-01,6.898760199546813965e-01,1.158650755882263184e+00,1.158650755882263184e+00,9.159025549888610840e-01,1.247107505798339844e+00,1.578438282012939453e+00,1.578438282012939453e+00,9.821106791496276855e-01,2.571668148040771484e+00
3.210000000000000000e+02,3.358201265335083008e+00,3.358201265335083008e+00,2.120369911193847656e+00,4.272659778594970703e+00,3.792066574096679688e+00,3.792066574096679688e+00,2.312945365905761719e+00,4.558130264282226562e+00,2.347104310989379883e+00,2.347104310989379883e+00,1.036014080047607422e+00,3.259407043457031250e+00,6.874413043260574341e-02,6.874413043260574341e-02,1.379411853849887848e-02,8.439007401466369629e-01,5.322363376617431641e-01,5.322363376617431641e-01,3.400183916091918945e-01,6.694504022598266602e-01,1.095209240913391113e+00,1.095209240913391113e+00,8.543196916580200195e-01,1.202053189277648926e+00,1.558127641677856445e+00,1.558127641677856445e+00,9.221011996269226074e-01,2.584819793701171875e+00
3.220000000000000000e+02,3.402845859527587891e+00,3.402845859527587891e+00,2.143996715545654297e+00,4.325874328613281250e+00,3.842169761657714844e+00,3.842169761657714844e+00,2.326425552368164062e+00,4.625861167907714844e+00,2.336213350296020508e+00,2.336213350296020508e+00,1.012182950973510742e+00,3.272315979003906250e+00,5.852947011590003967e-02,5.852947011590003967e-02,8.917907252907752991e-03,8.174345493316650391e-01,5.126699209213256836e-01,5.126699209213256836e-01,3.185620307922363281e-01,6.470597386360168457e-01,1.030435085296630859e+00,1.030435085296630859e+00,7.915639877319335938e-01,1.155875205993652344e+00,1.541380167007446289e+00,1.541380167007446289e+00,8.626538515090942383e-01,2.599598884582519531e+00
3.230000000000000000e+02,3.449342489242553711e+00,3.449342489242553711e+00,2.169372558593750000e+00,4.379810333251953125e+00,3.889955759048461914e+00,3.889955759048461914e+00,2.338556051254272461e+00,4.691150665283203125e+00,2.322475910186767578e+00,2.322475910186767578e+00,9.863445758819580078e-01,3.282309532165527344e+00,6.211189553141593933e-02,6.211189553141593933e-02,3.818678203970193863e-03,7.890020608901977539e-01,4.906013607978820801e-01,4.906013607978820801e-01,2.948654890060424805e-01,6.227254867553710938e-01,9.644055962562561035e-01,9.644055962562561035e-01,7.277071475982666016e-01,1.108622550964355469e+00,1.540864706039428711e+00,1.540864706039428711e+00,8.038356304168701172e-01,2.615999221801757812e+00
3.240000000000000000e+02,3.497622728347778320e+00,3.497622728347778320e+00,2.199176073074340820e+00,4.434410572052001953e+00,3.935367345809936523e+00,3.935367345809936523e+00,2.350784301757812500e+00,4.753943443298339844e+00,2.305909156799316406e+00,2.305909156799316406e+00,9.592422842979431152e-01,3.289396047592163086e+00,6.538245826959609985e-02,6.538245826959609985e-02,0.000000000000000000e+00,7.586572766304016113e-01,4.681207239627838135e-01,4.681207239627838135e-01,2.739426195621490479e-01,5.964714884757995605e-01,9.001047611236572266e-01,9.001047611236572266e-01,6.685796380043029785e-01,1.060346484184265137e+00,1.544521331787109375e+00,1.544521331787109375e+00,7.506839036941528320e-01,2.634013652801513672e+00
3.250000000000000000e+02,3.547371387481689453e+00,3.547371387481689453e+00,2.238899469375610352e+00,4.489611625671386719e+00,3.978348255157470703e+00,3.978348255157470703e+00,2.365285396575927734e+00,4.814180850982666016e+00,2.286532878875732422e+00,2.286532878875732422e+00,9.320561289787292480e-01,3.293586969375610352e+00,6.833720952272415161e-02,6.833720952272415161e-02,0.000000000000000000e+00,7.264567613601684570e-01,4.486933350563049316e-01,4.486933350563049316e-01,2.638835906982421875e-01,5.683245658874511719e-01,8.422180414199829102e-01,8.422180414199829102e-01,6.233862638473510742e-01,1.011099338531494141e+00,1.555422663688659668e+00,1.555422663688659668e+00,7.109985351562500000e-01,2.653630971908569336e+00
3.260000000000000000e+02,3.598435640335083008e+00,3.598435640335083008e+00,2.289672613143920898e+00,4.545353889465332031e+00,4.018848896026611328e+00,4.018848896026611328e+00,2.378085613250732422e+00,4.871811866760253906e+00,2.264370679855346680e+00,2.264370679855346680e+00,9.029055237770080566e-01,3.294897317886352539e+00,7.097259908914566040e-02,7.097259908914566040e-02,0.000000000000000000e+00,6.924578547477722168e-01,4.270981550216674805e-01,4.270981550216674805e-01,2.518889307975769043e-01,5.383121967315673828e-01,7.833036184310913086e-01,7.833036184310913086e-01,5.772988200187683105e-01,9.609335660934448242e-01,1.568178176879882812e+00,1.568178176879882812e+00,6.718928813934326172e-01,2.674840450286865234e+00
3.270000000000000000e+02,3.650748729705810547e+00,3.650748729705810547e+00,2.340001821517944336e+00,4.601569652557373047e+00,4.056815147399902344e+00,4.056815147399902344e+00,2.389149904251098633e+00,4.926780700683593750e+00,2.239449501037597656e+00,2.239449501037597656e+00,8.718155026435852051e-01,3.293343544006347656e+00,7.328523695468902588e-02,7.328523695468902588e-02,0.000000000000000000e+00,6.567227840423583984e-01,4.033626914024353027e-01,4.033626914024353027e-01,2.379809021949768066e-01,5.064671635627746582e-01,7.234365344047546387e-01,7.234365344047546387e-01,5.303828716278076172e-01,9.099060893058776855e-01,1.582771301269531250e+00,1.582771301269531250e+00,6.334229707717895508e-01,2.697624444961547852e+00
3.280000000000000000e+02,3.704251050949096680e+00,3.704251050949096680e+00,2.389814376831054688e+00,4.658198833465576172e+00,4.092204093933105469e+00,4.092204093933105469e+00,2.398448705673217773e+00,4.979043960571289062e+00,2.211800813674926758e+00,2.211800813674926758e+00,8.388129472732543945e-01,3.288947820663452148e+00,7.527242600917816162e-02,7.527242600917816162e-02,0.000000000000000000e+00,6.193128824234008789e-01,3.775153160095214844e-01,3.775153160095214844e-01,2.221832871437072754e-01,4.728216230869293213e-01,6.626881361007690430e-01,6.626881361007690430e-01,4.827015995979309082e-01,8.580713272094726562e-01,1.599185466766357422e+00,1.599185466766357422e+00,5.956414937973022461e-01,2.721968173980712891e+00
3.290000000000000000e+02,3.758874893188476562e+00,3.758874893188476562e+00,2.439033985137939453e+00,4.715173244476318359e+00,4.124971389770507812e+00,4.124971389770507812e+00,2.405951499938964844e+00,5.028553009033203125e+00,2.181456804275512695e+00,2.181456804275512695e+00,8.039264678955078125e-01,3.281733512878417969e+00,7.693172991275787354e-02,7.693172991275787354e-02,0.000000000000000000e+00,5.802916288375854492e-01,3.495874702930450439e-01,3.495874702930450439e-01,2.045224457979202271e-01,4.374103546142578125e-01,6.011322140693664551e-01,6.011322140693664551e-01,4.343199729919433594e-01,8.054853677749633789e-01,1.617399454116821289e+00,1.617399454116821289e+00,5.586010217666625977e-01,2.747850179672241211e+00
3.300000000000000000e+02,3.814555644989013672e+00,3.814555644989013672e+00,2.487588167190551758e+00,4.772428989410400391e+00,4.155078411102294922e+00,4.155078411102294922e+00,2.411633968353271484e+00,5.075269222259521484e+00,2.148455381393432617e+00,2.148455381393432617e+00,7.671887278556823730e-01,3.271728754043579102e+00,7.826112955808639526e-02,7.826112955808639526e-02,0.000000000000000000e+00,5.397251248359680176e-01,3.196132481098175049e-01,3.196132481098175049e-01,1.850271373987197876e-01,4.002708792686462402e-01,5.388439893722534180e-01,5.388439893722534180e-01,3.853043615818023682e-01,7.522056698799133301e-01,1.637392044067382812e+00,1.637392044067382812e+00,5.223538875579833984e-01,2.775250196456909180e+00
3.310000000000000000e+02,3.871225595474243164e+00,3.871225595474243164e+00,2.535403966903686523e+00,4.829901218414306641e+00,4.182487487792968750e+00,4.182487487792968750e+00,2.415471553802490234e+00,5.119153022766113281e+00,2.112835407257080078e+00,2.112835407257080078e+00,7.286325693130493164e-01,3.258961915969848633e+00,7.925903052091598511e-02,7.925903052091598511e-02,0.000000000000000000e+00,4.976788163185119629e-01,2.876281142234802246e-01,2.876281142234802246e-01,1.637275964021682739e-01,3.617951571941375732e-01,4.758974313735961914e-01,4.758974313735961914e-01,3.357201814651489258e-01,6.982884407043457031e-01,1.659138917922973633e+00,1.659138917922973633e+00,4.869498610496520996e-01,2.804144382476806641e+00
3.320000000000000000e+02,3.928812742233276367e+00,3.928812742233276367e+00,2.582407951354980469e+00,4.887518882751464844e+00,4.207164764404296875e+00,4.207164764404296875e+00,2.417442798614501953e+00,5.160166740417480469e+00,2.074642181396484375e+00,2.074642181396484375e+00,6.882972717285156250e-01,3.243467330932617188e+00,7.992416620254516602e-02,7.992416620254516602e-02,0.000000000000000000e+00,4.542238116264343262e-01,2.536729872226715088e-01,2.536729872226715088e-01,1.406582742929458618e-01,3.228253722190856934e-01,4.123728871345520020e-01,4.123728871345520020e-01,2.856378555297851562e-01,6.437956094741821289e-01,1.682612538337707520e+00,1.682612538337707520e+00,4.684774279594421387e-01,2.834505558013916016e+00
3.330000000000000000e+02,3.987249135971069336e+00,3.987249135971069336e+00,2.628530979156494141e+00,4.945215702056884766e+00,4.229080677032470703e+00,4.229080677032470703e+00,2.417530059814453125e+00,5.198277950286865234e+00,2.033921003341674805e+00,2.033921003341674805e+00,6.462212800979614258e-01,3.225281715393066406e+00,8.025573939085006714e-02,8.025573939085006714e-02,0.000000000000000000e+00,4.094290137290954590e-01,2.177882790565490723e-01,2.177882790565490723e-01,1.158539503812789917e-01,2.820650339126586914e-01,3.483459651470184326e-01,3.483459651470184326e-01,2.351243048906326294e-01,5.887847542762756348e-01,1.707785248756408691e+00,1.707785248756408691e+00,4.741726517677307129e-01,2.866305828094482422e+00
3.340000000000000000e+02,4.046463012695312500e+00,4.046463012695312500e+00,2.673703670501708984e+00,5.002925395965576172e+00,4.248208522796630859e+00,4.248208522796630859e+00,2.415716648101806641e+00,5.233457565307617188e+00,1.990721940994262695e+00,1.990721940994262695e+00,6.024462580680847168e-01,3.204442739486694336e+00,8.025335520505905151e-02,8.025335520505905151e-02,1.874839654192328453e-05,3.992248773574829102e-01,1.800176948308944702e-01,1.800176948308944702e-01,8.935213834047317505e-02,2.395566105842590332e-01,2.838945686817169189e-01,2.838945686817169189e-01,1.842483431100845337e-01,5.333157777786254883e-01,1.734625577926635742e+00,1.734625577926635742e+00,4.813784062862396240e-01,2.899514675140380859e+00
3.350000000000000000e+02,4.106316089630126953e+00,4.106316089630126953e+00,2.721164226531982422e+00,5.060578346252441406e+00,4.264525890350341797e+00,4.264525890350341797e+00,2.412004470825195312e+00,5.265680789947509766e+00,1.955631971359252930e+00,1.955631971359252930e+00,5.570165514945983887e-01,3.180993080139160156e+00,7.991702854633331299e-02,7.991702854633331299e-02,0.000000000000000000e+00,3.910456597805023193e-01,1.449765861034393311e-01,1.449765861034393311e-01,6.919002532958984375e-02,1.956954002380371094e-01,2.360252141952514648e-01,2.360252141952514648e-01,1.427438259124755859e-01,4.794668555259704590e-01,1.767575383186340332e+00,1.767575383186340332e+00,4.979980289936065674e-01,2.934363365173339844e+00
3.360000000000000000e+02,4.166462898254394531e+00,4.166462898254394531e+00,2.769387006759643555e+00,5.118107318878173828e+00,4.278011322021484375e+00,4.278011322021484375e+00,2.406193017959594727e+00,5.294922351837158203e+00,1.920076370239257812e+00,1.920076370239257812e+00,5.099771618843078613e-01,3.154975891113281250e+00,7.924712449312210083e-02,7.924712449312210083e-02,0.000000000000000000e+00,3.821659982204437256e-01,1.112788617610931396e-01,1.112788617610931396e-01,5.272893980145454407e-02,1.505876630544662476e-01,1.938897967338562012e-01,1.938897967338562012e-01,1.072101891040802002e-01,4.265686571598052979e-01,1.804783105850219727e+00,1.804783105850219727e+00,5.209941267967224121e-01,2.970528841018676758e+00
3.370000000000000000e+02,4.226801872253417969e+00,4.226801872253417969e+00,2.816115856170654297e+00,5.175441265106201172e+00,4.288649082183837891e+00,4.288649082183837891e+00,2.398227214813232422e+00,5.321162700653076172e+00,1.882182359695434570e+00,1.882182359695434570e+00,4.613791108131408691e-01,3.126440525054931641e+00,7.824453711509704590e-02,7.824453711509704590e-02,0.000000000000000000e+00,3.726079165935516357e-01,7.608513534069061279e-02,7.608513534069061279e-02,3.491569310426712036e-02,1.040987595915794373e-01,1.515194028615951538e-01,1.515194028615951538e-01,7.150225341320037842e-02,3.749971687793731689e-01,1.843281507492065430e+00,1.843281507492065430e+00,5.452232360839843750e-01,3.007752180099487305e+00
3.380000000000000000e+02,4.287047863006591797e+00,4.287047863006591797e+00,2.861289262771606445e+00,5.236392498016357422e+00,4.296426773071289062e+00,4.296426773071289062e+00,2.388108730316162109e+00,5.344386100769042969e+00,1.841995477676391602e+00,1.841995477676391602e+00,4.112723469734191895e-01,3.095436573028564453e+00,7.691040635108947754e-02,7.691040635108947754e-02,0.000000000000000000e+00,3.623930215835571289e-01,5.380191281437873840e-02,5.380191281437873840e-02,2.427779510617256165e-02,7.402320951223373413e-02,1.290652155876159668e-01,1.290652155876159668e-01,4.940904676914215088e-02,3.463904559612274170e-01,1.897086143493652344e+00,1.897086143493652344e+00,5.788812041282653809e-01,3.063466072082519531e+00
3.390000000000000000e+02,4.346275329589843750e+00,4.346275329589843750e+00,2.904844284057617188e+00,5.298629283905029297e+00,4.301333904266357422e+00,4.301333904266357422e+00,2.375841379165649414e+00,5.364576816558837891e+00,1.799564361572265625e+00,1.799564361572265625e+00,3.597099184989929199e-01,3.062016248703002930e+00,7.524643838405609131e-02,7.524643838405609131e-02,0.000000000000000000e+00,3.515440523624420166e-01,3.995068743824958801e-02,3.995068743824958801e-02,1.838426291942596436e-02,5.460928007960319519e-02,1.193329989910125732e-01,1.193329989910125732e-01,3.603248670697212219e-02,3.324875235557556152e-01,1.960423946380615234e+00,1.960423946380615234e+00,6.183813810348510742e-01,3.130729913711547852e+00
3.400000000000000000e+02,4.404325485229492188e+00,4.404325485229492188e+00,2.946722269058227539e+00,5.359390735626220703e+00,4.303364753723144531e+00,4.303364753723144531e+00,2.361433029174804688e+00,5.381726264953613281e+00,1.754940748214721680e+00,1.754940748214721680e+00,3.067465722560882568e-01,3.026234149932861328e+00,7.325459271669387817e-02,7.325459271669387817e-02,0.000000000000000000e+00,3.400842547416687012e-01,2.550338581204414368e-02,2.550338581204414368e-02,1.195171289145946503e-02,3.464530035853385925e-02,1.094554066658020020e-01,1.094554066658020020e-01,2.259547822177410126e-02,3.185735642910003662e-01,2.024049043655395508e+00,2.024049043655395508e+00,6.582676172256469727e-01,3.198126316070556641e+00
3.410000000000000000e+02,4.461128711700439453e+00,4.461128711700439453e+00,2.986867189407348633e+00,5.418606758117675781e+00,4.302517414093017578e+00,4.302517414093017578e+00,2.344893217086791992e+00,5.395828247070312500e+00,1.708177566528320312e+00,1.708177566528320312e+00,2.524380385875701904e-01,2.988147258758544922e+00,7.093723863363265991e-02,7.093723863363265991e-02,0.000000000000000000e+00,3.280370831489562988e-01,1.047723647207021713e-02,1.047723647207021713e-02,4.993979353457689285e-03,1.414888352155685425e-02,9.944420307874679565e-02,9.944420307874679565e-02,9.120233356952667236e-03,3.046648800373077393e-01,2.087885141372680664e+00,2.087885141372680664e+00,7.113497853279113770e-01,3.265582084655761719e+00
3.420000000000000000e+02,4.516573905944824219e+00,4.516573905944824219e+00,3.025223731994628906e+00,5.478106498718261719e+00,4.298793792724609375e+00,4.298793792724609375e+00,2.326236963272094727e+00,5.406877994537353516e+00,1.659334778785705566e+00,1.659334778785705566e+00,1.968461573123931885e-01,2.947818279266357422e+00,6.829736381769180298e-02,6.829736381769180298e-02,0.000000000000000000e+00,3.154276311397552490e-01,0.000000000000000000e+00,0.000000000000000000e+00,0.000000000000000000e+00,0.000000000000000000e+00,9.649629890918731689e-02,9.649629890918731689e-02,0.000000000000000000e+00,2.995351850986480713e-01,2.156903505325317383e+00,2.156903505325317383e+00,7.724449038505554199e-01,3.339825630187988281e+00
3.430000000000000000e+02,4.570035934448242188e+00,4.570035934448242188e+00,3.061738729476928711e+00,5.539403438568115234e+00,4.292195320129394531e+00,4.292195320129394531e+00,2.305479288101196289e+00,5.414875030517578125e+00,1.608470082283020020e+00,1.608470082283020020e+00,1.400303840637207031e-01,2.905307292938232422e+00,6.533809751272201538e-02,6.533809751272201538e-02,0.000000000000000000e+00,3.179929554462432861e-01,0.000000000000000000e+00,0.000000000000000000e+00,0.000000000000000000e+00,0.000000000000000000e+00,1.084248051047325134e-01,1.084248051047325134e-01,0.000000000000000000e+00,3.127109110355377197e-01,2.236148834228515625e+00,2.236148834228515625e+00,8.386707305908203125e-01,3.427845716476440430e+00
3.440000000000000000e+02,4.621274471282958984e+00,4.621274471282958984e+00,3.096364498138427734e+00,5.598236560821533203e+00,4.282732963562011719e+00,4.282732963562011719e+00,2.282640218734741211e+00,5.419823169708251953e+00,1.555645942687988281e+00,1.555645942687988281e+00,8.205349743366241455e-02,2.860679626464843750e+00,6.206304952502250671e-02,6.206304952502250671e-02,0.000000000000000000e+00,3.222490847110748291e-01,0.000000000000000000e+00,0.000000000000000000e+00,0.000000000000000000e+00,0.000000000000000000e+00,1.202212050557136536e-01,1.202212050557136536e-01,0.000000000000000000e+00,3.259065747261047363e-01,2.314799070358276367e+00,2.314799070358276367e+00,9.047187566757202148e-01,3.515170097351074219e+00
3.450000000000000000e+02,4.670228004455566406e+00,4.670228004455566406e+00,3.129054546356201172e+00,5.654545783996582031e+00,4.270416736602783203e+00,4.270416736602783203e+00,2.257740497589111328e+00,5.421728134155273438e+00,1.500925064086914062e+00,1.500925064086914062e+00,2.944994345307350159e-02,2.814000368118286133e+00,5.847611650824546814e-02,5.847611650824546814e-02,0.000000000000000000e+00,3.261439502239227295e-01,0.000000000000000000e+00,0.000000000000000000e+00,0.000000000000000000e+00,0.000000000000000000e+00,1.318714320659637451e-01,1.318714320659637451e-01,0.000000000000000000e+00,3.391120135784149170e-01,2.392758846282958984e+00,2.392758846282958984e+00,9.705049991607666016e-01,3.601705074310302734e+00
3.460000000000000000e+02,4.716833591461181641e+00,4.716833591461181641e+00,3.159763336181640625e+00,5.708268165588378906e+00,4.255262374877929688e+00,4.255262374877929688e+00,2.230806589126586914e+00,5.420599937438964844e+00,1.444376826286315918e+00,1.444376826286315918e+00,1.157321035861968994e-02,2.765340805053710938e+00,5.458186939358711243e-02,5.458186939358711243e-02,0.000000000000000000e+00,3.296790122985839844e-01,0.000000000000000000e+00,0.000000000000000000e+00,0.000000000000000000e+00,0.000000000000000000e+00,1.433607339859008789e-01,1.433607339859008789e-01,0.000000000000000000e+00,3.523159325122833252e-01,2.469929695129394531e+00,2.469929695129394531e+00,1.035941123962402344e+00,3.687352657318115234e+00
3.470000000000000000e+02,4.761036872863769531e+00,4.761036872863769531e+00,3.188449144363403320e+00,5.759349822998046875e+00,4.237287998199462891e+00,4.237287998199462891e+00,2.201865673065185547e+00,5.416450977325439453e+00,1.386068940162658691e+00,1.386068940162658691e+00,0.000000000000000000e+00,2.714770793914794922e+00,5.038492381572723389e-02,5.038492381572723389e-02,0.000000000000000000e+00,3.328565955162048340e-01,0.000000000000000000e+00,0.000000000000000000e+00,0.000000000000000000e+00,0.000000000000000000e+00,1.546753197908401489e-01,1.546753197908401489e-01,0.000000000000000000e+00,3.945572972297668457e-01,2.546219587326049805e+00,2.546219587326049805e+00,1.100943803787231445e+00,3.772020339965820312e+00
3.480000000000000000e+02,4.802783012390136719e+00,4.802783012390136719e+00,3.215074539184570312e+00,5.807738304138183594e+00,4.216516017913818359e+00,4.216516017913818359e+00,2.170948982238769531e+00,5.409296989440917969e+00,1.326072335243225098e+00,1.326072335243225098e+00,0.000000000000000000e+00,2.662362098693847656e+00,4.589042067527770996e-02,4.589042067527770996e-02,0.000000000000000000e+00,3.356790840625762939e-01,0.000000000000000000e+00,0.000000000000000000e+00,0.000000000000000000e+00,0.000000000000000000e+00,1.658014804124832153e-01,1.658014804124832153e-01,0.000000000000000000e+00,4.515342116355895996e-01,2.621535301208496094e+00,2.621535301208496094e+00,1.165430307388305664e+00,3.855616331100463867e+00
3.490000000000000000e+02,4.842022895812988281e+00,4.842022895812988281e+00,3.239603042602539062e+00,5.853383064270019531e+00,4.192971229553222656e+00,4.192971229553222656e+00,2.138089656829833984e+00,5.399158477783203125e+00,1.264460325241088867e+00,1.264460325241088867e+00,0.000000000000000000e+00,2.608190298080444336e+00,4.110383614897727966e-02,4.110383614897727966e-02,0.000000000000000000e+00,3.381494283676147461e-01,0.000000000000000000e+00,0.000000000000000000e+00,0.000000000000000000e+00,0.000000000000000000e+00,1.767256557941436768e-01,1.767256557941436768e-01,0.000000000000000000e+00,5.191799402236938477e-01,2.695786476135253906e+00,2.695786476135253906e+00,1.229318141937255859e+00,3.938048362731933594e+00
3.500000000000000000e+02,4.878706455230712891e+00,4.878706455230712891e+00,3.262001514434814453e+00,5.896235466003417969e+00,4.166681289672851562e+00,4.166681289672851562e+00,2.103921413421630859e+00,5.386055946350097656e+00,1.201305747032165527e+00,1.201305747032165527e+00,0.000000000000000000e+00,2.552328348159790039e+00,3.603084757924079895e-02,3.603084757924079895e-02,0.000000000000000000e+00,3.402707278728485107e-01,0.000000000000000000e+00,0.000000000000000000e+00,0.000000000000000000e+00,0.000000000000000000e+00,1.874347925186157227e-01,1.874347925186157227e-01,0.000000000000000000e+00,5.964245796203613281e-01,2.768882274627685547e+00,2.768882274627685547e+00,1.292526364326477051e+00,4.019226074218750000e+00
3.510000000000000000e+02,4.912789821624755859e+00,4.912789821624755859e+00,3.282239437103271484e+00,5.936251640319824219e+00,4.137680530548095703e+00,4.137680530548095703e+00,2.067828893661499023e+00,5.370016098022460938e+00,1.136689424514770508e+00,1.136689424514770508e+00,0.000000000000000000e+00,2.494858026504516602e+00,3.067792020738124847e-02,3.067792020738124847e-02,0.000000000000000000e+00,3.420464694499969482e-01,0.000000000000000000e+00,0.000000000000000000e+00,0.000000000000000000e+00,0.000000000000000000e+00,1.979152709245681763e-01,1.979152709245681763e-01,0.000000000000000000e+00,6.743317842483520508e-01,2.840731382369995117e+00,2.840731382369995117e+00,1.354972600936889648e+00,4.099056243896484375e+00
3.520000000000000000e+02,4.944231510162353516e+00,4.944231510162353516e+00,3.300290107727050781e+00,5.973390579223632812e+00,4.106002807617187500e+00,4.106002807617187500e+00,2.029834032058715820e+00,5.351067543029785156e+00,1.070688128471374512e+00,1.070688128471374512e+00,0.000000000000000000e+00,2.435856819152832031e+00,2.505144104361534119e-02,2.505144104361534119e-02,0.000000000000000000e+00,3.434805870056152344e-01,0.000000000000000000e+00,0.000000000000000000e+00,0.000000000000000000e+00,0.000000000000000000e+00,2.081545889377593994e-01,2.081545889377593994e-01,0.000000000000000000e+00,7.528170347213745117e-01,2.911247730255126953e+00,2.911247730255126953e+00,1.416578769683837891e+00,4.177452087402343750e+00
3.530000000000000000e+02,4.972993850708007812e+00,4.972993850708007812e+00,3.316129446029663086e+00,6.007614135742187500e+00,4.071687698364257812e+00,4.071687698364257812e+00,1.989974021911621094e+00,5.329243183135986328e+00,1.003382563591003418e+00,1.003382563591003418e+00,0.000000000000000000e+00,2.375405550003051758e+00,1.915826275944709778e-02,1.915826275944709778e-02,0.000000000000000000e+00,3.445771932601928711e-01,0.000000000000000000e+00,0.000000000000000000e+00,0.000000000000000000e+00,0.000000000000000000e+00,2.181403785943984985e-01,2.181403785943984985e-01,9.419839829206466675e-03,8.317931890487670898e-01,2.980345726013183594e+00,2.980345726013183594e+00,1.477268457412719727e+00,4.254326820373535156e+00
3.540000000000000000e+02,4.999040126800537109e+00,4.999040126800537109e+00,3.329735279083251953e+00,6.038886070251464844e+00,4.034775257110595703e+00,4.034775257110595703e+00,1.948288559913635254e+00,5.304574966430664062e+00,9.348543882369995117e-01,9.348543882369995117e-01,0.000000000000000000e+00,2.315007209777832031e+00,1.300556305795907974e-02,1.300556305795907974e-02,0.000000000000000000e+00,3.453408479690551758e-01,0.000000000000000000e+00,0.000000000000000000e+00,0.000000000000000000e+00,0.000000000000000000e+00,2.278603464365005493e-01,2.278603464365005493e-01,1.945937238633632660e-02,9.111713171005249023e-01,3.047940254211425781e+00,3.047940254211425781e+00,1.536963820457458496e+00,4.329593181610107422e+00
3.550000000000000000e+02,5.022341251373291016e+00,5.022341251373291016e+00,3.341091156005859375e+00,6.067177772521972656e+00,3.995311498641967773e+00,3.995311498641967773e+00,1.904820799827575684e+00,5.277103424072265625e+00,8.651854991912841797e-01,8.651854991912841797e-01,0.000000000000000000e+00,2.261699199676513672e+00,6.600696593523025513e-03,6.600696593523025513e-03,0.000000000000000000e+00,3.457763493061065674e-01,0.000000000000000000e+00,0.000000000000000000e+00,0.000000000000000000e+00,0.000000000000000000e+00,2.373029887676239014e-01,2.373029887676239014e-01,2.930307574570178986e-02,9.908642172813415527e-01,3.113952159881591797e+00,3.113952159881591797e+00,1.595592975616455078e+00,4.403170585632324219e+00
3.560000000000000000e+02,5.042867183685302734e+00,5.042867183685302734e+00,3.350180149078369141e+00,6.092458724975585938e+00,3.953345775604248047e+00,3.953345775604248047e+00,1.859617710113525391e+00,5.246869087219238281e+00,7.944643497467041016e-01,7.944643497467041016e-01,0.000000000000000000e+00,2.206993341445922852e+00,0.000000000000000000e+00,0.000000000000000000e+00,0.000000000000000000e+00,3.458888232707977295e-01,0.000000000000000000e+00,0.000000000000000000e+00,0.000000000000000000e+00,0.000000000000000000e+00,2.464562803506851196e-01,2.464562803506851196e-01,3.893946483731269836e-02,1.070777416229248047e+00,3.178345203399658203e+00,3.178345203399658203e+00,1.653079748153686523e+00,4.474970817565917969e+00
3.570000000000000000e+02,5.060591697692871094e+00,5.060591697692871094e+00,3.356989860534667969e+00,6.114703178405761719e+00,3.908926963806152344e+00,3.908926963806152344e+00,1.812726020812988281e+00,5.213913917541503906e+00,7.227752208709716797e-01,7.227752208709716797e-01,0.000000000000000000e+00,2.150962591171264648e+00,0.000000000000000000e+00,0.000000000000000000e+00,0.000000000000000000e+00,3.456837236881256104e-01,0.000000000000000000e+00,0.000000000000000000e+00,0.000000000000000000e+00,0.000000000000000000e+00,2.553092539310455322e-01,2.553092539310455322e-01,4.835829138755798340e-02,1.150821566581726074e+00,3.247830390930175781e+00,3.247830390930175781e+00,1.709353566169738770e+00,4.544913768768310547e+00
3.580000000000000000e+02,5.075494766235351562e+00,5.075494766235351562e+00,3.361513137817382812e+00,6.133889198303222656e+00,3.862110614776611328e+00,3.862110614776611328e+00,1.764197587966918945e+00,5.178286552429199219e+00,6.502054929733276367e-01,6.502054929733276367e-01,0.000000000000000000e+00,2.093683242797851562e+00,0.000000000000000000e+00,0.000000000000000000e+00,0.000000000000000000e+00,3.451667428016662598e-01,0.000000000000000000e+00,0.000000000000000000e+00,0.000000000000000000e+00,0.000000000000000000e+00,2.638511955738067627e-01,2.638511955738067627e-01,5.754927918314933777e-02,1.230905532836914062e+00,3.315723419189453125e+00,3.315723419189453125e+00,1.764346241950988770e+00,4.612921714782714844e+00
3.590000000000000000e+02,5.087558746337890625e+00,5.087558746337890625e+00,3.363742828369140625e+00,6.150000572204589844e+00,3.812953948974609375e+00,3.812953948974609375e+00,1.714085459709167480e+00,5.140034675598144531e+00,5.768436789512634277e-01,5.768436789512634277e-01,0.000000000000000000e+00,2.035232067108154297e+00,0.000000000000000000e+00,0.000000000000000000e+00,0.000000000000000000e+00,3.443438410758972168e-01,0.000000000000000000e+00,0.000000000000000000e+00,0.000000000000000000e+00,0.000000000000000000e+00,2.720716595649719238e-01,2.720716595649719238e-01,6.650245189666748047e-02,1.310937166213989258e+00,3.381941318511962891e+00,3.381941318511962891e+00,1.817989706993103027e+00,4.678917884826660156e+00
