0.000000000000000000e+00,1.667510509490966797e+00,1.667510509490966797e+00,1.298717141151428223e+00,1.922060966491699219e+00,1.320589303970336914e+00,1.320589303970336914e+00,8.792636394500732422e-01,1.619075775146484375e+00,4.998282492160797119e-01,4.998282492160797119e-01,5.444837808609008789e-01,7.694811820983886719e-01,9.973014891147613525e-02,9.973014891147613525e-02,3.429418206214904785e-01,2.482053488492965698e-01,8.565844595432281494e-02,8.565844595432281494e-02,1.460257023572921753e-01,1.239259541034698486e-01,4.215781092643737793e-01,4.215781092643737793e-01,3.422502875328063965e-01,7.836818695068359375e-01,1.223196148872375488e+00,1.223196148872375488e+00,9.214691519737243652e-01,1.675947546958923340e+00
1.000000000000000000e+00,1.670338273048400879e+00,1.670338273048400879e+00,1.303498744964599609e+00,1.921916127204895020e+00,1.318966150283813477e+00,1.318966150283813477e+00,9.072047472000122070e-01,1.611168146133422852e+00,5.005179047584533691e-01,5.005179047584533691e-01,5.605572462081909180e-01,7.584664225578308105e-01,9.903587400913238525e-02,9.903587400913238525e-02,3.482965230941772461e-01,2.471222877502441406e-01,7.940922677516937256e-02,7.940922677516937256e-02,1.364489048719406128e-01,1.224086508154869080e-01,4.179012179374694824e-01,4.179012179374694824e-01,3.313592672348022461e-01,7.922733426094055176e-01,1.204034447669982910e+00,1.204034447669982910e+00,9.214098453521728516e-01,1.679430723190307617e+00
2.000000000000000000e+00,1.672525405883789062e+00,1.672525405883789062e+00,1.308787226676940918e+00,1.919576287269592285e+00,1.316829681396484375e+00,1.316829681396484375e+00,9.146551489830017090e-01,1.601023435592651367e+00,5.007780790328979492e-01,5.007780790328979492e-01,5.762639641761779785e-01,7.486180663108825684e-01,9.813945740461349487e-02,9.813945740461349487e-02,3.582878708839416504e-01,2.441622763872146606e-01,7.337309420108795166e-02,7.337309420108795166e-02,1.280773580074310303e-01,1.217083856463432312e-01,4.145812690258026123e-01,4.145812690258026123e-01,3.229180574417114258e-01,8.019009828567504883e-01,1.220849514007568359e+00,1.220849514007568359e+00,9.237000942230224609e-01,1.683557271957397461e+00
3.000000000000000000e+00,1.675564527511596680e+00,1.675564527511596680e+00,1.314252376556396484e+00,1.920864224433898926e+00,1.314315319061279297e+00,1.314315319061279297e+00,9.238951206207275391e-01,1.594007015228271484e+00,5.014567375183105469e-01,5.014567375183105469e-01,5.917158126831054688e-01,7.371470928192138672e-01,9.681083261966705322e-02,9.681083261966705322e-02,3.655962347984313965e-01,2.445687800645828247e-01,6.710316985845565796e-02,6.710316985845565796e-02,1.196652650833129883e-01,1.194733381271362305e-01,4.139767289161682129e-01,4.139767289161682129e-01,3.151765167713165283e-01,8.100891113281250000e-01,1.220263123512268066e+00,1.220263123512268066e+00,9.245285987854003906e-01,1.686275243759155273e+00
4.000000000000000000e+00,1.679393887519836426e+00,1.679393887519836426e+00,1.319958806037902832e+00,1.919738888740539551e+00,1.311473131179809570e+00,1.311473131179809570e+00,9.321304559707641602e-01,1.584940910339355469e+00,5.028604865074157715e-01,5.028604865074157715e-01,6.070447564125061035e-01,7.295739054679870605e-01,9.551710635423660278e-02,9.551710635423660278e-02,3.719934523105621338e-01,2.432694435119628906e-01,6.132416427135467529e-02,6.132416427135467529e-02,1.117561161518096924e-01,1.228335425257682800e-01,4.144866466522216797e-01,4.144866466522216797e-01,3.089477419853210449e-01,8.218883872032165527e-01,1.220496177673339844e+00,1.220496177673339844e+00,9.288457036018371582e-01,1.690000534057617188e+00
5.000000000000000000e+00,1.682441711425781250e+00,1.682441711425781250e+00,1.325225591659545898e+00,1.918063640594482422e+00,1.308523535728454590e+00,1.308523535728454590e+00,9.396774768829345703e-01,1.575448751449584961e+00,5.042887926101684570e-01,5.042887926101684570e-01,6.223166584968566895e-01,7.203024029731750488e-01,9.427960962057113647e-02,9.427960962057113647e-02,3.794511854648590088e-01,2.420481592416763306e-01,5.608741194009780884e-02,5.608741194009780884e-02,1.041956543922424316e-01,1.246044784784317017e-01,4.155988693237304688e-01,4.155988693237304688e-01,3.031955957412719727e-01,8.326855897903442383e-01,1.221218824386596680e+00,1.221218824386596680e+00,9.332900643348693848e-01,1.694340229034423828e+00
6.000000000000000000e+00,1.685555815696716309e+00,1.685555815696716309e+00,1.331850051879882812e+00,1.915785670280456543e+00,1.305428028106689453e+00,1.305428028106689453e+00,9.478294849395751953e-01,1.565496683120727539e+00,5.064212083816528320e-01,5.064212083816528320e-01,6.378920078277587891e-01,7.109872102737426758e-01,9.298530220985412598e-02,9.298530220985412598e-02,3.862527310848236084e-01,2.406813204288482666e-01,5.104686319828033447e-02,5.104686319828033447e-02,9.718160331249237061e-02,1.261355876922607422e-01,4.161603450775146484e-01,4.161603450775146484e-01,2.985215783119201660e-01,8.439065814018249512e-01,1.222357511520385742e+00,1.222357511520385742e+00,9.359061717987060547e-01,1.699939966201782227e+00
7.000000000000000000e+00,1.688612937927246094e+00,1.688612937927246094e+00,1.338975906372070312e+00,1.912391185760498047e+00,1.301992893218994141e+00,1.301992893218994141e+00,9.549552798271179199e-01,1.553478240966796875e+00,5.088103413581848145e-01,5.088103413581848145e-01,6.532341837882995605e-01,7.010571956634521484e-01,9.166969358921051025e-02,9.166969358921051025e-02,3.929718136787414551e-01,2.391669154167175293e-01,4.710564017295837402e-02,4.710564017295837402e-02,9.116895496845245361e-02,1.284418702125549316e-01,4.227838814258575439e-01,4.227838814258575439e-01,2.956464290618896484e-01,8.562196493148803711e-01,1.224844574928283691e+00,1.224844574928283691e+00,9.445781111717224121e-01,1.704752564430236816e+00
8.000000000000000000e+00,1.691547393798828125e+00,1.691547393798828125e+00,1.346623182296752930e+00,1.908043146133422852e+00,1.298701643943786621e+00,1.298701643943786621e+00,9.677494168281555176e-01,1.544190645217895508e+00,5.117055177688598633e-01,5.117055177688598633e-01,6.701148152351379395e-01,6.914940476417541504e-01,9.072822332382202148e-02,9.072822332382202148e-02,4.004781246185302734e-01,2.377001643180847168e-01,4.362751916050910950e-02,4.362751916050910950e-02,8.625682443380355835e-02,1.314188539981842041e-01,4.280495345592498779e-01,4.280495345592498779e-01,2.938047051429748535e-01,8.690041303634643555e-01,1.227615356445312500e+00,1.227615356445312500e+00,9.519262313842773438e-01,1.709632396697998047e+00
9.000000000000000000e+00,1.694429039955139160e+00,1.694429039955139160e+00,1.354448080062866211e+00,1.905781984329223633e+00,1.296177983283996582e+00,1.296177983283996582e+00,9.802414774894714355e-01,1.533449649810791016e+00,5.159500837326049805e-01,5.159500837326049805e-01,6.861216425895690918e-01,6.822443008422851562e-01,9.015109390020370483e-02,9.015109390020370483e-02,4.082856476306915283e-01,2.365527749061584473e-01,4.033452272415161133e-02,4.033452272415161133e-02,8.174699544906616211e-02,1.352659314870834351e-01,4.344043433666229248e-01,4.344043433666229248e-01,2.925143241882324219e-01,8.816193342208862305e-01,1.230572223663330078e+00,1.230572223663330078e+00,9.596306085586547852e-01,1.713934421539306641e+00
1.000000000000000000e+01,1.697284936904907227e+00,1.697284936904907227e+00,1.362240552902221680e+00,1.901116728782653809e+00,1.290538311004638672e+00,1.290538311004638672e+00,9.884694814682006836e-01,1.522302389144897461e+00,5.199178457260131836e-01,5.199178457260131836e-01,7.044327855110168457e-01,6.733342409133911133e-01,9.064004570245742798e-02,9.064004570245742798e-02,4.159848690032958984e-01,2.352090179920196533e-01,3.739619255065917969e-02,3.739619255065917969e-02,7.765264809131622314e-02,1.395198702812194824e-01,4.411120116710662842e-01,4.411120116710662842e-01,2.920483648777008057e-01,8.942241668701171875e-01,1.235010862350463867e+00,1.235010862350463867e+00,9.618344902992248535e-01,1.718013048171997070e+00
1.100000000000000000e+01,1.699955344200134277e+00,1.699955344200134277e+00,1.371490597724914551e+00,1.896262049674987793e+00,1.290241837501525879e+00,1.290241837501525879e+00,1.007194399833679199e+00,1.510697841644287109e+00,5.236329436302185059e-01,5.236329436302185059e-01,7.217423915863037109e-01,6.646653413772583008e-01,9.093122184276580811e-02,9.093122184276580811e-02,4.234094321727752686e-01,2.336982488632202148e-01,3.451264649629592896e-02,3.451264649629592896e-02,7.342122495174407959e-02,1.446097195148468018e-01,4.477944970130920410e-01,4.477944970130920410e-01,2.927927970886230469e-01,9.069141149520874023e-01,1.239264488220214844e+00,1.239264488220214844e+00,9.769191741943359375e-01,1.721650481224060059e+00
1.200000000000000000e+01,1.702576279640197754e+00,1.702576279640197754e+00,1.379999995231628418e+00,1.891109704971313477e+00,1.283999919891357422e+00,1.283999919891357422e+00,1.021196722984313965e+00,1.498625874519348145e+00,5.268958806991577148e-01,5.268958806991577148e-01,7.388218641281127930e-01,6.560967564582824707e-01,9.077081084251403809e-02,9.077081084251403809e-02,4.305839538574218750e-01,2.320526391267776489e-01,3.163043409585952759e-02,3.163043409585952759e-02,6.968897581100463867e-02,1.488102972507476807e-01,4.529407024383544922e-01,4.529407024383544922e-01,2.931314706802368164e-01,9.189878702163696289e-01,1.243159055709838867e+00,1.243159055709838867e+00,9.857276082038879395e-01,1.724629163742065430e+00
1.300000000000000000e+01,1.705030560493469238e+00,1.705030560493469238e+00,1.388656616210937500e+00,1.885085582733154297e+00,1.282841920852661133e+00,1.282841920852661133e+00,1.034793138504028320e+00,1.486392617225646973e+00,5.298345088958740234e-01,5.298345088958740234e-01,7.549062371253967285e-01,6.475649476051330566e-01,9.016214311122894287e-02,9.016214311122894287e-02,4.370956420898437500e-01,2.302569746971130371e-01,2.856147475540637970e-02,2.856147475540637970e-02,6.594552099704742432e-02,1.422238647937774658e-01,4.606106877326965332e-01,4.606106877326965332e-01,2.937585115432739258e-01,9.306833744049072266e-01,1.246843338012695312e+00,1.246843338012695312e+00,9.657012820243835449e-01,1.727073431015014648e+00
1.400000000000000000e+01,1.707370400428771973e+00,1.707370400428771973e+00,1.397813320159912109e+00,1.876690149307250977e+00,1.279655575752258301e+00,1.279655575752258301e+00,1.048788666725158691e+00,1.473643302917480469e+00,5.329278111457824707e-01,5.329278111457824707e-01,7.715597748756408691e-01,6.323800086975097656e-01,8.933000266551971436e-02,8.933000266551971436e-02,4.434344768524169922e-01,2.283899039030075073e-01,2.722474373877048492e-02,2.722474373877048492e-02,6.366271525621414185e-02,1.613195985555648804e-01,4.689871668815612793e-01,4.689871668815612793e-01,2.966332733631134033e-01,9.433321952819824219e-01,1.251367807388305664e+00,1.251367807388305664e+00,1.005728840827941895e+00,1.729647040367126465e+00
1.500000000000000000e+01,1.709486246109008789e+00,1.709486246109008789e+00,1.407309532165527344e+00,1.871686220169067383e+00,1.277060031890869141e+00,1.277060031890869141e+00,1.063643097877502441e+00,1.459018468856811523e+00,5.368266701698303223e-01,5.368266701698303223e-01,7.888514995574951172e-01,6.245938539505004883e-01,8.875150978565216064e-02,8.875150978565216064e-02,4.502500295639038086e-01,2.265929132699966431e-01,2.660088241100311279e-02,2.660088241100311279e-02,6.216905266046524048e-02,1.679749786853790283e-01,4.776802062988281250e-01,4.776802062988281250e-01,3.009375929832458496e-01,9.558482170104980469e-01,1.255779743194580078e+00,1.255779743194580078e+00,1.017261743545532227e+00,1.731460094451904297e+00
1.600000000000000000e+01,1.711235284805297852e+00,1.711235284805297852e+00,1.417015314102172852e+00,1.864182949066162109e+00,1.274137735366821289e+00,1.274137735366821289e+00,1.078574657440185547e+00,1.448050618171691895e+00,5.360322594642639160e-01,5.360322594642639160e-01,8.049721121788024902e-01,6.248939633369445801e-01,8.668217062950134277e-02,8.668217062950134277e-02,4.557613134384155273e-01,2.247311472892761230e-01,2.574648521840572357e-02,2.574648521840572357e-02,6.058407574892044067e-02,1.742144227027893066e-01,4.871468245983123779e-01,4.871468245983123779e-01,3.052906990051269531e-01,9.678376317024230957e-01,1.257385492324829102e+00,1.257385492324829102e+00,1.028648018836975098e+00,1.726480007171630859e+00
1.700000000000000000e+01,1.713303804397583008e+00,1.713303804397583008e+00,1.427125573158264160e+00,1.854569554328918457e+00,1.272568464279174805e+00,1.272568464279174805e+00,1.094905614852905273e+00,1.434719085693359375e+00,5.471354722976684570e-01,5.471354722976684570e-01,8.245290517807006836e-01,6.179873943328857422e-01,8.768251538276672363e-02,8.768251538276672363e-02,4.644161760807037354e-01,2.231883406639099121e-01,2.537319250404834747e-02,2.537319250404834747e-02,5.901194736361503601e-02,1.802690029144287109e-01,4.967036247253417969e-01,4.967036247253417969e-01,3.103621006011962891e-01,9.688178300857543945e-01,1.262976765632629395e+00,1.262976765632629395e+00,1.040087223052978516e+00,1.732767224311828613e+00
1.800000000000000000e+01,1.715011835098266602e+00,1.715011835098266602e+00,1.437247514724731445e+00,1.839651584625244141e+00,1.272034049034118652e+00,1.272034049034118652e+00,1.110878348350524902e+00,1.421970844268798828e+00,5.521455407142639160e-01,5.521455407142639160e-01,8.423882722854614258e-01,6.107407808303833008e-01,8.688828349113464355e-02,8.688828349113464355e-02,4.710321426391601562e-01,2.199842780828475952e-01,2.626821212470531464e-02,2.626821212470531464e-02,5.738233774900436401e-02,1.858903020620346069e-01,5.054251551628112793e-01,5.054251551628112793e-01,3.153541684150695801e-01,9.903226494789123535e-01,1.266426324844360352e+00,1.266426324844360352e+00,1.051366925239562988e+00,1.733456850051879883e+00
1.900000000000000000e+01,1.716556549072265625e+00,1.716556549072265625e+00,1.447412490844726562e+00,1.838942766189575195e+00,1.271109819412231445e+00,1.271109819412231445e+00,1.126707196235656738e+00,1.408253669738769531e+00,5.565537214279174805e-01,5.565537214279174805e-01,8.598748445510864258e-01,6.035493016242980957e-01,8.566060662269592285e-02,8.566060662269592285e-02,4.774723052978515625e-01,2.194174826145172119e-01,2.698623761534690857e-02,2.698623761534690857e-02,5.562845617532730103e-02,1.921390593051910400e-01,5.135272741317749023e-01,5.135272741317749023e-01,3.204216063022613525e-01,1.000982284545898438e+00,1.269029736518859863e+00,1.269029736518859863e+00,1.062434911727905273e+00,1.731984615325927734e+00
2.000000000000000000e+01,1.717971086502075195e+00,1.717971086502075195e+00,1.457506775856018066e+00,1.822515845298767090e+00,1.270370483398437500e+00,1.270370483398437500e+00,1.142237663269042969e+00,1.395205974578857422e+00,5.607152581214904785e-01,5.607152581214904785e-01,8.771142959594726562e-01,5.964156389236450195e-01,8.446340262889862061e-02,8.446340262889862061e-02,4.833877384662628174e-01,2.174233943223953247e-01,2.760602906346321106e-02,2.760602906346321106e-02,5.370138213038444519e-02,1.982000172138214111e-01,5.217742919921875000e-01,5.217742919921875000e-01,3.271635770797729492e-01,1.011348009109497070e+00,1.270590543746948242e+00,1.270590543746948242e+00,1.073965549468994141e+00,1.724487543106079102e+00
2.100000000000000000e+01,1.719155550003051758e+00,1.719155550003051758e+00,1.467648506164550781e+00,1.821631669998168945e+00,1.268373012542724609e+00,1.268373012542724609e+00,1.158280491828918457e+00,1.381911754608154297e+00,5.643678307533264160e-01,5.643678307533264160e-01,8.937110304832458496e-01,5.893653631210327148e-01,8.301131427288055420e-02,8.301131427288055420e-02,4.886698126792907715e-01,2.152535319328308105e-01,2.925819158554077148e-02,2.925819158554077148e-02,5.406765639781951904e-02,2.043536901473999023e-01,5.297213792800903320e-01,5.297213792800903320e-01,3.341358304023742676e-01,1.021135568618774414e+00,1.274115800857543945e+00,1.274115800857543945e+00,1.085382819175720215e+00,1.729286074638366699e+00
2.200000000000000000e+01,1.719892024993896484e+00,1.719892024993896484e+00,1.476794004440307617e+00,1.812262296676635742e+00,1.268504142761230469e+00,1.268504142761230469e+00,1.172222375869750977e+00,1.368159413337707520e+00,5.677012205123901367e-01,5.677012205123901367e-01,9.101794958114624023e-01,5.823673009872436523e-01,8.123979717493057251e-02,8.123979717493057251e-02,4.937267303466796875e-01,2.128286659717559814e-01,3.041305206716060638e-02,3.041305206716060638e-02,5.307012423872947693e-02,2.021642327308654785e-01,5.371591448783874512e-01,5.371591448783874512e-01,3.411541283130645752e-01,1.030432224273681641e+00,1.276041507720947266e+00,1.276041507720947266e+00,1.096692442893981934e+00,1.726348161697387695e+00
2.300000000000000000e+01,1.721396207809448242e+00,1.721396207809448242e+00,1.488390684127807617e+00,1.802601575851440430e+00,1.267200827598571777e+00,1.267200827598571777e+00,1.190623044967651367e+00,1.354608535766601562e+00,5.703479051589965820e-01,5.703479051589965820e-01,9.260118603706359863e-01,5.603202581405639648e-01,7.943461835384368896e-02,7.943461835384368896e-02,4.982034564018249512e-01,2.103169262409210205e-01,3.132479637861251831e-02,3.132479637861251831e-02,5.171929299831390381e-02,2.172435522079467773e-01,5.441105961799621582e-01,5.441105961799621582e-01,3.472568094730377197e-01,1.039046525955200195e+00,1.275552511215209961e+00,1.275552511215209961e+00,1.107396364212036133e+00,1.723298072814941406e+00
2.400000000000000000e+01,1.722144365310668945e+00,1.722144365310668945e+00,1.484962701797485352e+00,1.792477846145629883e+00,1.265474915504455566e+00,1.265474915504455566e+00,1.206862926483154297e+00,1.340627908706665039e+00,5.727484822273254395e-01,5.727484822273254395e-01,9.412838220596313477e-01,5.683727264404296875e-01,7.843641936779022217e-02,7.843641936779022217e-02,5.020558834075927734e-01,2.078146338462829590e-01,3.221330791711807251e-02,3.221330791711807251e-02,5.184704437851905823e-02,2.221874892711639404e-01,5.506556034088134766e-01,5.506556034088134766e-01,3.569757938385009766e-01,1.047124266624450684e+00,1.280350446701049805e+00,1.280350446701049805e+00,1.117727160453796387e+00,1.719122409820556641e+00
2.500000000000000000e+01,1.720433950424194336e+00,1.720433950424194336e+00,1.508800625801086426e+00,1.782295703887939453e+00,1.263886094093322754e+00,1.263886094093322754e+00,1.223790287971496582e+00,1.326757669448852539e+00,5.743584632873535156e-01,5.743584632873535156e-01,9.562991857528686523e-01,5.613000392913818359e-01,7.846598327159881592e-02,7.846598327159881592e-02,5.052676200866699219e-01,2.052627950906753540e-01,3.335651382803916931e-02,3.335651382803916931e-02,5.020611733198165894e-02,2.312730252742767334e-01,5.571076273918151855e-01,5.571076273918151855e-01,3.704705536365509033e-01,1.055106282234191895e+00,1.284948825836181641e+00,1.284948825836181641e+00,1.130588769912719727e+00,1.714118719100952148e+00
2.600000000000000000e+01,1.722965955734252930e+00,1.722965955734252930e+00,1.519025683403015137e+00,1.772139668464660645e+00,1.261838436126708984e+00,1.261838436126708984e+00,1.237124085426330566e+00,1.312221050262451172e+00,5.753936767578125000e-01,5.753936767578125000e-01,9.707417488098144531e-01,5.563740730285644531e-01,7.929408550262451172e-02,7.929408550262451172e-02,5.078763961791992188e-01,2.025547772645950317e-01,3.445362299680709839e-02,3.445362299680709839e-02,4.896803200244903564e-02,2.383257150650024414e-01,5.631457567214965820e-01,5.631457567214965820e-01,3.797183930873870850e-01,1.062575340270996094e+00,1.289124131202697754e+00,1.289124131202697754e+00,1.141417264938354492e+00,1.709125757217407227e+00
2.700000000000000000e+01,1.723426342010498047e+00,1.723426342010498047e+00,1.529033780097961426e+00,1.761841058731079102e+00,1.259641170501708984e+00,1.259641170501708984e+00,1.258707046508789062e+00,1.297834992408752441e+00,5.761022567749023438e-01,5.761022567749023438e-01,9.844112396240234375e-01,5.519481301307678223e-01,7.994504272937774658e-02,7.994504272937774658e-02,5.098387598991394043e-01,1.996189057826995850e-01,3.582502901554107666e-02,3.582502901554107666e-02,5.210804566740989685e-02,2.460897117853164673e-01,5.690259337425231934e-01,5.690259337425231934e-01,3.916762471199035645e-01,1.069770812988281250e+00,1.293806433677673340e+00,1.293806433677673340e+00,1.152883291244506836e+00,1.702970504760742188e+00
2.800000000000000000e+01,1.722751379013061523e+00,1.722751379013061523e+00,1.538551330566406250e+00,1.750923871994018555e+00,1.257648348808288574e+00,1.257648348808288574e+00,1.276089787483215332e+00,1.283312559127807617e+00,5.765687227249145508e-01,5.765687227249145508e-01,9.974272251129150391e-01,5.441837310791015625e-01,8.043517172336578369e-02,8.043517172336578369e-02,5.112043023109436035e-01,1.965766102075576782e-01,3.752319514751434326e-02,3.752319514751434326e-02,5.223771929740905762e-02,2.544927000999450684e-01,5.713026523590087891e-01,5.713026523590087891e-01,4.031047224998474121e-01,1.076266407966613770e+00,1.298178672790527344e+00,1.298178672790527344e+00,1.164259314537048340e+00,1.695254802703857422e+00
2.900000000000000000e+01,1.723360300064086914e+00,1.723360300064086914e+00,1.548529386520385742e+00,1.739945530891418457e+00,1.256919145584106445e+00,1.256919145584106445e+00,1.294462442398071289e+00,1.269497036933898926e+00,5.778031349182128906e-01,5.778031349182128906e-01,1.010561943054199219e+00,5.436788797378540039e-01,8.161200582981109619e-02,8.161200582981109619e-02,5.123993754386901855e-01,1.903314143419265747e-01,3.999139741063117981e-02,3.999139741063117981e-02,5.240521952509880066e-02,2.642587423324584961e-01,5.803782343864440918e-01,5.803782343864440918e-01,4.148801565170288086e-01,1.082154035568237305e+00,1.302397489547729492e+00,1.302397489547729492e+00,1.173410058021545410e+00,1.689238309860229492e+00
3.000000000000000000e+01,1.723770856857299805e+00,1.723770856857299805e+00,1.557977676391601562e+00,1.728549003601074219e+00,1.255878686904907227e+00,1.255878686904907227e+00,1.311309814453125000e+00,1.255340456962585449e+00,5.785614252090454102e-01,5.785614252090454102e-01,1.023020386695861816e+00,5.403195619583129883e-01,8.254776149988174438e-02,8.254776149988174438e-02,5.130209326744079590e-01,1.917705833911895752e-01,4.288208484649658203e-02,4.288208484649658203e-02,5.208088457584381104e-02,2.741685211658477783e-01,5.855154395103454590e-01,5.855154395103454590e-01,4.266421794891357422e-01,1.087425470352172852e+00,1.306381464004516602e+00,1.306381464004516602e+00,1.187398791313171387e+00,1.681148886680603027e+00
3.100000000000000000e+01,1.723437786102294922e+00,1.723437786102294922e+00,1.567322254180908203e+00,1.717225790023803711e+00,1.255674958229064941e+00,1.255674958229064941e+00,1.329547047615051270e+00,1.241082549095153809e+00,5.786283016204833984e-01,5.786283016204833984e-01,1.034801363945007324e+00,5.372138023376464844e-01,8.325680345296859741e-02,8.325680345296859741e-02,5.130776166915893555e-01,1.890816092491149902e-01,4.594889283180236816e-02,4.594889283180236816e-02,5.309583246707916260e-02,2.841086387634277344e-01,5.904209613800048828e-01,5.904209613800048828e-01,4.384079575538635254e-01,1.091914415359497070e+00,1.309942722320556641e+00,1.309942722320556641e+00,1.197623491287231445e+00,1.672346115112304688e+00
3.200000000000000000e+01,1.722760915756225586e+00,1.722760915756225586e+00,1.576471686363220215e+00,1.706356763839721680e+00,1.256577730178833008e+00,1.256577730178833008e+00,1.348940372467041016e+00,1.227085828781127930e+00,5.773390531539916992e-01,5.773390531539916992e-01,1.045890688896179199e+00,5.341821908950805664e-01,8.380073308944702148e-02,8.380073308944702148e-02,5.124679207801818848e-01,1.863669455051422119e-01,4.955598711967468262e-02,4.955598711967468262e-02,5.404724180698394775e-02,2.936758399009704590e-01,5.945591926574707031e-01,5.945591926574707031e-01,4.527547359466552734e-01,1.095485448837280273e+00,1.312831282615661621e+00,1.312831282615661621e+00,1.208726048469543457e+00,1.662896156311035156e+00
3.300000000000000000e+01,1.722359657287597656e+00,1.722359657287597656e+00,1.585634231567382812e+00,1.695693373680114746e+00,1.257570266723632812e+00,1.257570266723632812e+00,1.367592811584472656e+00,1.214311599731445312e+00,5.800949335098266602e-01,5.800949335098266602e-01,1.057063341140747070e+00,5.332347154617309570e-01,7.731707394123077393e-02,7.731707394123077393e-02,5.117338299751281738e-01,1.846264302730560303e-01,5.319070070981979370e-02,5.319070070981979370e-02,5.537472292780876160e-02,3.013362884521484375e-01,5.990005731582641602e-01,5.990005731582641602e-01,4.651962816715240479e-01,1.098761200904846191e+00,1.316295027732849121e+00,1.316295027732849121e+00,1.220262050628662109e+00,1.652606964111328125e+00
3.400000000000000000e+01,1.721682906150817871e+00,1.721682906150817871e+00,1.594506740570068359e+00,1.684996843338012695e+00,1.258530139923095703e+00,1.258530139923095703e+00,1.383136987686157227e+00,1.202588796615600586e+00,5.807294845581054688e-01,5.807294845581054688e-01,1.067646622657775879e+00,5.327606797218322754e-01,8.598947525024414062e-02,8.598947525024414062e-02,5.104541778564453125e-01,1.829577088356018066e-01,5.674291774630546570e-02,5.674291774630546570e-02,5.752942711114883423e-02,3.123962879180908203e-01,5.909459590911865234e-01,5.909459590911865234e-01,4.775026440620422363e-01,1.101135015487670898e+00,1.318855762481689453e+00,1.318855762481689453e+00,1.230819582939147949e+00,1.641574978828430176e+00
3.500000000000000000e+01,1.720802307128906250e+00,1.720802307128906250e+00,1.603277325630187988e+00,1.674282312393188477e+00,1.259543061256408691e+00,1.259543061256408691e+00,1.402132511138916016e+00,1.191500186920166016e+00,5.809179544448852539e-01,5.809179544448852539e-01,1.077443122863769531e+00,5.321442484855651855e-01,8.667072653770446777e-02,8.667072653770446777e-02,5.086036920547485352e-01,1.811023652553558350e-01,6.026962399482727051e-02,6.026962399482727051e-02,5.964650213718414307e-02,3.217511177062988281e-01,6.056684255599975586e-01,6.056684255599975586e-01,4.897713363170623779e-01,1.102744817733764648e+00,1.321080565452575684e+00,1.321080565452575684e+00,1.241176605224609375e+00,1.630026936531066895e+00
3.600000000000000000e+01,1.719952464103698730e+00,1.719952464103698730e+00,1.611778736114501953e+00,1.663150310516357422e+00,1.260047435760498047e+00,1.260047435760498047e+00,1.419924259185791016e+00,1.180261969566345215e+00,5.796827077865600586e-01,5.796827077865600586e-01,1.086499810218811035e+00,5.312534570693969727e-01,8.692455291748046875e-02,8.692455291748046875e-02,5.059372186660766602e-01,1.793012022972106934e-01,6.315270811319351196e-02,6.315270811319351196e-02,6.180103123188018799e-02,3.307563960552215576e-01,6.080610752105712891e-01,6.080610752105712891e-01,5.020202398300170898e-01,1.103591561317443848e+00,1.322726726531982422e+00,1.322726726531982422e+00,1.250242710113525391e+00,1.614761114120483398e+00
3.700000000000000000e+01,1.718940258026123047e+00,1.718940258026123047e+00,1.620605230331420898e+00,1.652725934982299805e+00,1.260586977005004883e+00,1.260586977005004883e+00,1.439610481262207031e+00,1.168941736221313477e+00,5.810096263885498047e-01,5.810096263885498047e-01,1.092979073524475098e+00,5.302369594573974609e-01,8.710552752017974854e-02,8.710552752017974854e-02,5.030148625373840332e-01,1.775876432657241821e-01,6.665286421775817871e-02,6.665286421775817871e-02,6.384236365556716919e-02,3.399699032306671143e-01,6.112105846405029297e-01,6.112105846405029297e-01,5.147304534912109375e-01,1.103670120239257812e+00,1.323820233345031738e+00,1.323820233345031738e+00,1.261214256286621094e+00,1.604683876037597656e+00
3.800000000000000000e+01,1.717806577682495117e+00,1.717806577682495117e+00,1.629029273986816406e+00,1.641689538955688477e+00,1.260617136955261230e+00,1.260617136955261230e+00,1.458115577697753906e+00,1.157625079154968262e+00,5.805085897445678711e-01,5.805085897445678711e-01,1.101368427276611328e+00,5.292702317237854004e-01,8.704107254743576050e-02,8.704107254743576050e-02,4.993624985218048096e-01,1.759137660264968872e-01,6.934057921171188354e-02,6.934057921171188354e-02,6.580953299999237061e-02,3.487707078456878662e-01,6.140388250350952148e-01,6.140388250350952148e-01,5.273823738098144531e-01,1.100485563278198242e+00,1.325086355209350586e+00,1.325086355209350586e+00,1.270710587501525879e+00,1.590927600860595703e+00
3.900000000000000000e+01,1.716419816017150879e+00,1.716419816017150879e+00,1.637519121170043945e+00,1.630951881408691406e+00,1.261163234710693359e+00,1.261163234710693359e+00,1.475264191627502441e+00,1.146201968193054199e+00,5.807266831398010254e-01,5.807266831398010254e-01,1.109967708587646484e+00,5.281466245651245117e-01,8.663348853588104248e-02,8.663348853588104248e-02,4.951443076133728027e-01,1.742687225341796875e-01,7.247759401798248291e-02,7.247759401798248291e-02,6.637027114629745483e-02,3.577378094196319580e-01,6.052678823471069336e-01,6.052678823471069336e-01,5.395697951316833496e-01,1.099804282188415527e+00,1.325585961341857910e+00,1.325585961341857910e+00,1.280528068542480469e+00,1.576626777648925781e+00
4.000000000000000000e+01,1.713824510574340820e+00,1.713824510574340820e+00,1.620219469070434570e+00,1.619985818862915039e+00,1.262738227844238281e+00,1.262738227844238281e+00,1.493202447891235352e+00,1.134924054145812988e+00,5.798799991607666016e-01,5.798799991607666016e-01,1.116404414176940918e+00,5.226395130157470703e-01,8.598334342241287231e-02,8.598334342241287231e-02,4.902601242065429688e-01,1.727421134710311890e-01,7.655546069145202637e-02,7.655546069145202637e-02,6.799784302711486816e-02,3.665605783462524414e-01,6.176990270614624023e-01,6.176990270614624023e-01,5.516360402107238770e-01,1.099377632141113281e+00,1.325318932533264160e+00,1.325318932533264160e+00,1.290096879005432129e+00,1.561618804931640625e+00
4.100000000000000000e+01,1.713997125625610352e+00,1.713997125625610352e+00,1.651189923286437988e+00,1.608909368515014648e+00,1.264120101928710938e+00,1.264120101928710938e+00,1.509404540061950684e+00,1.123618483543395996e+00,5.785018205642700195e-01,5.785018205642700195e-01,1.122340679168701172e+00,5.272648930549621582e-01,8.510233461856842041e-02,8.510233461856842041e-02,4.856644570827484131e-01,1.710250377655029297e-01,8.001228421926498413e-02,8.001228421926498413e-02,7.070730626583099365e-02,3.749184608459472656e-01,6.180717349052429199e-01,6.180717349052429199e-01,5.633708238601684570e-01,1.096440076828002930e+00,1.324968099594116211e+00,1.324968099594116211e+00,1.299166798591613770e+00,1.545293092727661133e+00
4.200000000000000000e+01,1.701991796493530273e+00,1.701991796493530273e+00,1.659322381019592285e+00,1.596953988075256348e+00,1.266371846199035645e+00,1.266371846199035645e+00,1.526437759399414062e+00,1.112660884857177734e+00,5.768083333969116211e-01,5.768083333969116211e-01,1.127637267112731934e+00,5.232028961181640625e-01,8.399542421102523804e-02,8.399542421102523804e-02,4.805108010768890381e-01,1.693054586648941040e-01,8.488788455724716187e-02,8.488788455724716187e-02,7.228267937898635864e-02,3.828863501548767090e-01,6.184078454971313477e-01,6.184078454971313477e-01,5.754268169403076172e-01,1.092754483222961426e+00,1.321357011795043945e+00,1.321357011795043945e+00,1.308324217796325684e+00,1.530413031578063965e+00
4.300000000000000000e+01,1.711066722869873047e+00,1.711066722869873047e+00,1.641839742660522461e+00,1.586989402770996094e+00,1.268079996109008789e+00,1.268079996109008789e+00,1.542059063911437988e+00,1.101607799530029297e+00,5.747889876365661621e-01,5.747889876365661621e-01,1.132382154464721680e+00,5.265215635299682617e-01,8.265763521194458008e-02,8.265763521194458008e-02,4.750033617019653320e-01,1.679590046405792236e-01,8.914349973201751709e-02,8.914349973201751709e-02,7.385680079460144043e-02,3.904595971107482910e-01,6.185047626495361328e-01,6.185047626495361328e-01,5.874562859535217285e-01,1.088534832000732422e+00,1.323437809944152832e+00,1.323437809944152832e+00,1.317961215972900391e+00,1.513669133186340332e+00
4.400000000000000000e+01,1.709513306617736816e+00,1.709513306617736816e+00,1.679247140884399414e+00,1.575367569923400879e+00,1.269189238548278809e+00,1.269189238548278809e+00,1.556943893432617188e+00,1.090796232223510742e+00,5.725473165512084961e-01,5.725473165512084961e-01,1.136285066604614258e+00,5.260957479476928711e-01,8.100530505180358887e-02,8.100530505180358887e-02,4.687969088554382324e-01,1.670826226472854614e-01,9.118085354566574097e-02,9.118085354566574097e-02,7.553563266992568970e-02,3.975251019001007080e-01,6.183116436004638672e-01,6.183116436004638672e-01,5.986815690994262695e-01,1.083567619323730469e+00,1.322223067283630371e+00,1.322223067283630371e+00,1.323232173919677734e+00,1.497811675071716309e+00
4.500000000000000000e+01,1.707827687263488770e+00,1.707827687263488770e+00,1.687188506126403809e+00,1.564714670181274414e+00,1.270191311836242676e+00,1.270191311836242676e+00,1.570654392242431641e+00,1.079866886138916016e+00,5.697907805442810059e-01,5.697907805442810059e-01,1.139443159103393555e+00,5.254786014556884766e-01,7.919692248106002808e-02,7.919692248106002808e-02,4.621088504791259766e-01,1.661486625671386719e-01,9.641732275485992432e-02,9.641732275485992432e-02,7.695309817790985107e-02,4.040423035621643066e-01,6.173318028450012207e-01,6.173318028450012207e-01,6.105992794036865234e-01,1.078138828277587891e+00,1.320719242095947266e+00,1.320719242095947266e+00,1.336742997169494629e+00,1.480707049369812012e+00
4.600000000000000000e+01,1.706175208091735840e+00,1.706175208091735840e+00,1.695365786552429199e+00,1.553497910499572754e+00,1.270902872085571289e+00,1.270902872085571289e+00,1.585731506347656250e+00,1.068685770034790039e+00,5.666170716285705566e-01,5.666170716285705566e-01,1.140795350074768066e+00,5.246371626853942871e-01,7.724696397781372070e-02,7.724696397781372070e-02,4.557152986526489258e-01,1.633981764316558838e-01,9.970881044864654541e-02,9.970881044864654541e-02,7.916864752769470215e-02,4.102446138858795166e-01,6.054406762123107910e-01,6.054406762123107910e-01,6.213754415512084961e-01,1.072032332420349121e+00,1.318934679031372070e+00,1.318934679031372070e+00,1.342161655426025391e+00,1.462648034095764160e+00
4.700000000000000000e+01,1.702236413955688477e+00,1.702236413955688477e+00,1.703651428222656250e+00,1.542268037796020508e+00,1.270163536071777344e+00,1.270163536071777344e+00,1.599983692169189453e+00,1.058172941207885742e+00,5.632418394088745117e-01,5.632418394088745117e-01,1.144360184669494629e+00,5.214729905128479004e-01,7.515136897563934326e-02,7.515136897563934326e-02,4.485493302345275879e-01,1.641864478588104248e-01,1.018479168415069580e-01,1.018479168415069580e-01,8.176728338003158569e-02,4.157817959785461426e-01,6.146298646926879883e-01,6.146298646926879883e-01,6.327058076858520508e-01,1.065239667892456055e+00,1.316451311111450195e+00,1.316451311111450195e+00,1.355877995491027832e+00,1.444759845733642578e+00
4.800000000000000000e+01,1.702534317970275879e+00,1.702534317970275879e+00,1.711677312850952148e+00,1.531006097793579102e+00,1.271448731422424316e+00,1.271448731422424316e+00,1.612645983695983887e+00,1.046901226043701172e+00,5.590759515762329102e-01,5.590759515762329102e-01,1.145842075347900391e+00,5.222717523574829102e-01,7.271055132150650024e-02,7.271055132150650024e-02,4.409669637680053711e-01,1.635532081127166748e-01,1.052385717630386353e-01,1.052385717630386353e-01,8.479980379343032837e-02,4.198818206787109375e-01,6.123584508895874023e-01,6.123584508895874023e-01,6.405621767044067383e-01,1.056948184967041016e+00,1.314021587371826172e+00,1.314021587371826172e+00,1.365712523460388184e+00,1.426165699958801270e+00
4.900000000000000000e+01,1.700632095336914062e+00,1.700632095336914062e+00,1.719676375389099121e+00,1.519661903381347656e+00,1.271994352340698242e+00,1.271994352340698242e+00,1.625246644020080566e+00,1.038142442703247070e+00,5.547366142272949219e-01,5.547366142272949219e-01,1.142840862274169922e+00,5.209178924560546875e-01,7.010802626609802246e-02,7.010802626609802246e-02,4.329609870910644531e-01,1.628104150295257568e-01,1.082459390163421631e-01,1.082459390163421631e-01,8.784203231334686279e-02,4.249058961868286133e-01,6.095543503761291504e-01,6.095543503761291504e-01,6.528587341308593750e-01,1.048174738883972168e+00,1.311475634574890137e+00,1.311475634574890137e+00,1.373626947402954102e+00,1.407330989837646484e+00
5.000000000000000000e+01,1.698741674423217773e+00,1.698741674423217773e+00,1.727408647537231445e+00,1.504327297210693359e+00,1.272233366966247559e+00,1.272233366966247559e+00,1.637199521064758301e+00,1.027991890907287598e+00,5.501702427864074707e-01,5.501702427864074707e-01,1.146705865859985352e+00,5.193928480148315430e-01,6.758854538202285767e-02,6.758854538202285767e-02,4.246223866939544678e-01,1.620860844850540161e-01,1.107877790927886963e-01,1.107877790927886963e-01,9.048164635896682739e-02,4.284122586250305176e-01,6.063257455825805664e-01,6.063257455825805664e-01,6.631056070327758789e-01,1.038933038711547852e+00,1.308439254760742188e+00,1.308439254760742188e+00,1.383148789405822754e+00,1.309808731079101562e+00
5.100000000000000000e+01,1.696761369705200195e+00,1.696761369705200195e+00,1.734799265861511230e+00,1.491761565208435059e+00,1.272639274597167969e+00,1.272639274597167969e+00,1.648034691810607910e+00,1.018351078033447266e+00,5.454556941986083984e-01,5.454556941986083984e-01,1.146056652069091797e+00,5.180615186691284180e-01,6.527436524629592896e-02,6.527436524629592896e-02,4.158152341842651367e-01,1.616572290658950806e-01,1.134834587574005127e-01,1.134834587574005127e-01,9.309685230255126953e-02,4.312142133712768555e-01,6.024869680404663086e-01,6.024869680404663086e-01,6.692789196968078613e-01,1.029663920402526855e+00,1.305396914482116699e+00,1.305396914482116699e+00,1.393581867218017578e+00,1.371646881103515625e+00
5.200000000000000000e+01,1.694568276405334473e+00,1.694568276405334473e+00,1.743328690528869629e+00,1.484930276870727539e+00,1.274134159088134766e+00,1.274134159088134766e+00,1.659056663513183594e+00,1.009856700897216797e+00,5.419287681579589844e-01,5.419287681579589844e-01,1.145636558532714844e+00,5.181591510772705078e-01,6.353168189525604248e-02,6.353168189525604248e-02,4.071317911148071289e-01,1.623736023902893066e-01,1.158266291022300720e-01,1.158266291022300720e-01,9.550729393959045410e-02,4.335004687309265137e-01,5.985366106033325195e-01,5.985366106033325195e-01,6.811841130256652832e-01,1.019053459167480469e+00,1.301943778991699219e+00,1.301943778991699219e+00,1.402878284454345703e+00,1.353018522262573242e+00
5.300000000000000000e+01,1.692351698875427246e+00,1.692351698875427246e+00,1.751015782356262207e+00,1.475492477416992188e+00,1.274195075035095215e+00,1.274195075035095215e+00,1.670007467269897461e+00,1.002611160278320312e+00,5.388854742050170898e-01,5.388854742050170898e-01,1.144947052001953125e+00,5.192604660987854004e-01,6.303085386753082275e-02,6.303085386753082275e-02,3.986232280731201172e-01,1.640508770942687988e-01,1.176750510931015015e-01,1.176750510931015015e-01,9.740039706230163574e-02,4.350541830062866211e-01,5.938628911972045898e-01,5.938628911972045898e-01,6.903929114341735840e-01,1.007776737213134766e+00,1.298923015594482422e+00,1.298923015594482422e+00,1.411946773529052734e+00,1.333821773529052734e+00
5.400000000000000000e+01,1.690695762634277344e+00,1.690695762634277344e+00,1.758147120475769043e+00,1.465314388275146484e+00,1.277445793151855469e+00,1.277445793151855469e+00,1.678218841552734375e+00,9.960227012634277344e-01,5.362344980239868164e-01,5.362344980239868164e-01,1.144431710243225098e+00,5.206519365310668945e-01,6.316880136728286743e-02,6.316880136728286743e-02,3.904014825820922852e-01,1.659946739673614502e-01,1.196461021900177002e-01,1.196461021900177002e-01,9.980304539203643799e-02,4.356793761253356934e-01,5.889142751693725586e-01,5.889142751693725586e-01,6.988356113433837891e-01,9.955971240997314453e-01,1.296069383621215820e+00,1.296069383621215820e+00,1.420789241790771484e+00,1.314355731010437012e+00
5.500000000000000000e+01,1.683086991310119629e+00,1.683086991310119629e+00,1.765869855880737305e+00,1.454893350601196289e+00,1.279790401458740234e+00,1.279790401458740234e+00,1.690160274505615234e+00,9.903144836425781250e-01,5.348651409149169922e-01,5.348651409149169922e-01,1.143092036247253418e+00,5.218665599822998047e-01,6.329219788312911987e-02,6.329219788312911987e-02,3.816708624362945557e-01,1.676705181598663330e-01,1.209902912378311157e-01,1.209902912378311157e-01,1.016908437013626099e-01,4.359218180179595947e-01,5.851320028305053711e-01,5.851320028305053711e-01,7.039133310317993164e-01,9.827578067779541016e-01,1.293297529220581055e+00,1.293297529220581055e+00,1.429296255111694336e+00,1.294789075851440430e+00
5.600000000000000000e+01,1.687397956848144531e+00,1.687397956848144531e+00,1.773214936256408691e+00,1.445301890373229980e+00,1.281809926033020020e+00,1.281809926033020020e+00,1.699265003204345703e+00,9.863590002059936523e-01,5.339688658714294434e-01,5.339688658714294434e-01,1.141125798225402832e+00,5.241993069648742676e-01,6.392339617013931274e-02,6.392339617013931274e-02,3.745275735855102539e-01,1.704205274581909180e-01,1.217974722385406494e-01,1.217974722385406494e-01,1.036976426839828491e-01,4.354736208915710449e-01,5.808313488960266113e-01,5.808313488960266113e-01,7.148300409317016602e-01,9.692972302436828613e-01,1.290245532989501953e+00,1.290245532989501953e+00,1.437551975250244141e+00,1.275030136108398438e+00
5.700000000000000000e+01,1.682817578315734863e+00,1.682817578315734863e+00,1.780173659324645996e+00,1.436621785163879395e+00,1.285195469856262207e+00,1.285195469856262207e+00,1.708815336227416992e+00,9.853526353836059570e-01,5.351798534393310547e-01,5.351798534393310547e-01,1.140425920486450195e+00,5.298184156417846680e-01,6.608696281909942627e-02,6.608696281909942627e-02,3.621574938297271729e-01,1.758803725242614746e-01,1.213771253824234009e-01,1.213771253824234009e-01,1.054196804761886597e-01,4.342918992042541504e-01,5.758956670761108398e-01,5.758956670761108398e-01,7.223411798477172852e-01,9.551872611045837402e-01,1.287004232406616211e+00,1.287004232406616211e+00,1.445054411888122559e+00,1.254970312118530273e+00
5.800000000000000000e+01,1.683982014656066895e+00,1.683982014656066895e+00,1.786337137222290039e+00,1.427408695220947266e+00,1.289483904838562012e+00,1.289483904838562012e+00,1.717450141906738281e+00,9.863268136978149414e-01,5.369518995285034180e-01,5.369518995285034180e-01,1.139296054840087891e+00,5.348752737045288086e-01,6.854653358459472656e-02,6.854653358459472656e-02,3.587402403354644775e-01,1.819781213998794556e-01,1.219498068094253540e-01,1.219498068094253540e-01,1.068606451153755188e-01,4.323401451110839844e-01,5.703859329223632812e-01,5.703859329223632812e-01,6.762475371360778809e-01,9.404402971267700195e-01,1.283354401588439941e+00,1.283354401588439941e+00,1.453530788421630859e+00,1.234723210334777832e+00
5.900000000000000000e+01,1.683057665824890137e+00,1.683057665824890137e+00,1.793684244155883789e+00,1.421280384063720703e+00,1.295358538627624512e+00,1.295358538627624512e+00,1.727314949035644531e+00,9.829612970352172852e-01,5.407155156135559082e-01,5.407155156135559082e-01,1.139192342758178711e+00,5.461617708206176758e-01,7.263286411762237549e-02,7.263286411762237549e-02,3.512551188468933105e-01,1.897041499614715576e-01,1.215829849243164062e-01,1.215829849243164062e-01,1.083439961075782776e-01,4.299088716506958008e-01,5.643073916435241699e-01,5.643073916435241699e-01,7.364487648010253906e-01,9.250639677047729492e-01,1.279784440994262695e+00,1.279784440994262695e+00,1.461363554000854492e+00,1.214776635169982910e+00
6.000000000000000000e+01,1.682293176651000977e+00,1.682293176651000977e+00,1.800464272499084473e+00,1.414655208587646484e+00,1.301554679870605469e+00,1.301554679870605469e+00,1.736487388610839844e+00,9.881742000579833984e-01,5.445378422737121582e-01,5.445378422737121582e-01,1.138665318489074707e+00,5.562669038772583008e-01,7.741898298263549805e-02,7.741898298263549805e-02,3.442547917366027832e-01,1.986375749111175537e-01,1.211271733045578003e-01,1.211271733045578003e-01,1.109560728073120117e-01,4.272915124893188477e-01,5.581783056259155273e-01,5.581783056259155273e-01,7.437817454338073730e-01,9.095120429992675781e-01,1.277084708213806152e+00,1.277084708213806152e+00,1.469178795814514160e+00,1.195067167282104492e+00
6.100000000000000000e+01,1.682467222213745117e+00,1.682467222213745117e+00,1.807086944580078125e+00,1.408445835113525391e+00,1.299650907516479492e+00,1.299650907516479492e+00,1.743181705474853516e+00,9.989531040191650391e-01,5.436912178993225098e-01,5.436912178993225098e-01,1.136808037757873535e+00,5.662666559219360352e-01,8.190609514713287354e-02,8.190609514713287354e-02,3.372595906257629395e-01,2.054565250873565674e-01,1.210656315088272095e-01,1.210656315088272095e-01,1.135047972202301025e-01,4.239176511764526367e-01,5.505741834640502930e-01,5.505741834640502930e-01,7.505385875701904297e-01,8.886880874633789062e-01,1.274163603782653809e+00,1.274163603782653809e+00,1.476760149002075195e+00,1.175441622734069824e+00
6.200000000000000000e+01,1.682599544525146484e+00,1.682599544525146484e+00,1.813956379890441895e+00,1.402798295021057129e+00,1.314732313156127930e+00,1.314732313156127930e+00,1.753360867500305176e+00,1.005823016166687012e+00,5.509138703346252441e-01,5.509138703346252441e-01,1.136036753654479980e+00,5.760832428932189941e-01,8.706737309694290161e-02,8.706737309694290161e-02,3.271047174930572510e-01,2.130274027585983276e-01,1.205918639898300171e-01,1.205918639898300171e-01,1.167267039418220520e-01,4.157085120677947998e-01,5.446428060531616211e-01,5.446428060531616211e-01,7.572604417800903320e-01,8.773147463798522949e-01,1.272486686706542969e+00,1.272486686706542969e+00,1.484012961387634277e+00,1.156040430068969727e+00
6.300000000000000000e+01,1.683041453361511230e+00,1.683041453361511230e+00,1.819563984870910645e+00,1.398131608963012695e+00,1.321032762527465820e+00,1.321032762527465820e+00,1.761090517044067383e+00,1.011772751808166504e+00,5.535534024238586426e-01,5.535534024238586426e-01,1.133525609970092773e+00,5.839191079139709473e-01,9.193720668554306030e-02,9.193720668554306030e-02,3.173305690288543701e-01,2.224222719669342041e-01,1.209450364112854004e-01,1.209450364112854004e-01,1.209527403116226196e-01,4.177261888980865479e-01,5.393474698066711426e-01,5.393474698066711426e-01,7.649739384651184082e-01,8.628802299499511719e-01,1.271990895271301270e+00,1.271990895271301270e+00,1.492079734802246094e+00,1.138932704925537109e+00
6.400000000000000000e+01,1.683603048324584961e+00,1.683603048324584961e+00,1.825112819671630859e+00,1.394372224807739258e+00,1.326953172683715820e+00,1.326953172683715820e+00,1.768259286880493164e+00,1.018171429634094238e+00,5.558195114135742188e-01,5.558195114135742188e-01,1.130905151367187500e+00,5.957455635070800781e-01,9.635418653488159180e-02,9.635418653488159180e-02,3.135880827903747559e-01,2.303938269615173340e-01,1.207459494471549988e-01,1.207459494471549988e-01,1.252295970916748047e-01,4.147375822067260742e-01,5.336230993270874023e-01,5.336230993270874023e-01,7.723326683044433594e-01,8.478967547416687012e-01,1.271118164062500000e+00,1.271118164062500000e+00,1.499860167503356934e+00,1.121772527694702148e+00
6.500000000000000000e+01,1.684160232543945312e+00,1.684160232543945312e+00,1.831557631492614746e+00,1.391386389732360840e+00,1.332117080688476562e+00,1.332117080688476562e+00,1.774885654449462891e+00,1.024832844734191895e+00,5.579922795295715332e-01,5.579922795295715332e-01,1.127400398254394531e+00,6.055096387863159180e-01,1.006782054901123047e-01,1.006782054901123047e-01,3.022064864635467529e-01,2.381953299045562744e-01,1.200989484786987305e-01,1.200989484786987305e-01,1.307905018329620361e-01,4.111531376838684082e-01,5.278469324111938477e-01,5.278469324111938477e-01,7.794646620750427246e-01,8.276792764663696289e-01,1.270455837249755859e+00,1.270455837249755859e+00,1.507715582847595215e+00,1.104640722274780273e+00
6.600000000000000000e+01,1.684592723846435547e+00,1.684592723846435547e+00,1.837097525596618652e+00,1.388799309730529785e+00,1.337970256805419922e+00,1.337970256805419922e+00,1.780740618705749512e+00,1.032013654708862305e+00,5.600261092185974121e-01,5.600261092185974121e-01,1.123055934906005859e+00,6.149019002914428711e-01,1.045045629143714905e-01,1.045045629143714905e-01,2.989028096199035645e-01,2.457729876041412354e-01,1.189986169338226318e-01,1.189986169338226318e-01,1.364165544509887695e-01,4.069421291351318359e-01,5.218095779418945312e-01,5.218095779418945312e-01,7.861515283584594727e-01,8.166227340698242188e-01,1.269507408142089844e+00,1.269507408142089844e+00,1.515394806861877441e+00,1.087645411491394043e+00
6.700000000000000000e+01,1.687121152877807617e+00,1.687121152877807617e+00,1.842248439788818359e+00,1.386401176452636719e+00,1.343035697937011719e+00,1.343035697937011719e+00,1.786140680313110352e+00,1.039536952972412109e+00,5.615190863609313965e-01,5.615190863609313965e-01,1.118221521377563477e+00,6.238949298858642578e-01,1.080061718821525574e-01,1.080061718821525574e-01,2.903988361358642578e-01,2.529760003089904785e-01,1.173933595418930054e-01,1.173933595418930054e-01,1.417637467384338379e-01,4.021812081336975098e-01,5.153735876083374023e-01,5.153735876083374023e-01,7.925336956977844238e-01,8.002325296401977539e-01,1.265668630599975586e+00,1.265668630599975586e+00,1.522533297538757324e+00,1.071137189865112305e+00
6.800000000000000000e+01,1.688989758491516113e+00,1.688989758491516113e+00,1.847108364105224609e+00,1.384329676628112793e+00,1.347589373588562012e+00,1.347589373588562012e+00,1.790777325630187988e+00,1.037680149078369141e+00,5.604806542396545410e-01,5.604806542396545410e-01,1.112578868865966797e+00,6.328257322311401367e-01,1.110632568597793579e-01,1.110632568597793579e-01,2.819460034370422363e-01,2.597705721855163574e-01,1.152202486991882324e-01,1.152202486991882324e-01,1.448239535093307495e-01,3.967949151992797852e-01,5.069736242294311523e-01,5.069736242294311523e-01,7.977860569953918457e-01,7.834976911544799805e-01,1.267185926437377930e+00,1.267185926437377930e+00,1.529145956039428711e+00,9.517177343368530273e-01
6.900000000000000000e+01,1.690698504447937012e+00,1.690698504447937012e+00,1.851668715476989746e+00,1.382611751556396484e+00,1.352297544479370117e+00,1.352297544479370117e+00,1.794989585876464844e+00,1.055644989013671875e+00,5.651692152023315430e-01,5.651692152023315430e-01,1.106528282165527344e+00,6.421178579330444336e-01,1.139309480786323547e-01,1.139309480786323547e-01,2.730759680271148682e-01,2.664858400821685791e-01,1.124966964125633240e-01,1.124966964125633240e-01,1.507844924926757812e-01,3.907701969146728516e-01,5.043343305587768555e-01,5.043343305587768555e-01,8.016335368156433105e-01,7.660190463066101074e-01,1.265488862991333008e+00,1.265488862991333008e+00,1.536021828651428223e+00,1.037840366363525391e+00
7.000000000000000000e+01,1.693371891975402832e+00,1.693371891975402832e+00,1.855760693550109863e+00,1.381803750991821289e+00,1.357395052909851074e+00,1.357395052909851074e+00,1.799552083015441895e+00,1.064804434776306152e+00,5.658782124519348145e-01,5.658782124519348145e-01,1.100716471672058105e+00,6.526532173156738281e-01,1.172612830996513367e-01,1.172612830996513367e-01,2.642602920532226562e-01,2.735415101051330566e-01,1.092257499694824219e-01,1.092257499694824219e-01,1.599964946508407593e-01,3.842872381210327148e-01,5.007455348968505859e-01,5.007455348968505859e-01,8.089967966079711914e-01,7.477978467941284180e-01,1.259202718734741211e+00,1.259202718734741211e+00,1.542415142059326172e+00,1.021330356597900391e+00
7.100000000000000000e+01,1.696044445037841797e+00,1.696044445037841797e+00,1.859514236450195312e+00,1.381402254104614258e+00,1.362731456756591797e+00,1.362731456756591797e+00,1.803765654563903809e+00,1.076428651809692383e+00,5.796693563461303711e-01,5.796693563461303711e-01,1.094885110855102539e+00,6.638641953468322754e-01,1.206467896699905396e-01,1.206467896699905396e-01,2.580488324165344238e-01,2.809824943542480469e-01,1.054401397705078125e-01,1.054401397705078125e-01,1.639083325862884521e-01,3.771858811378479004e-01,4.973228871822357178e-01,4.973228871822357178e-01,8.133769035339355469e-01,7.297226190567016602e-01,1.261715888977050781e+00,1.261715888977050781e+00,1.548175811767578125e+00,1.005084395408630371e+00
7.200000000000000000e+01,1.698338866233825684e+00,1.698338866233825684e+00,1.863666296005249023e+00,1.382192134857177734e+00,1.369685769081115723e+00,1.369685769081115723e+00,1.808502197265625000e+00,1.090521097183227539e+00,5.892791152000427246e-01,5.892791152000427246e-01,1.089662313461303711e+00,6.773051023483276367e-01,1.249379664659500122e-01,1.249379664659500122e-01,2.505197823047637939e-01,2.898949682712554932e-01,1.016126871109008789e-01,1.016126871109008789e-01,1.715987026691436768e-01,3.701442480087280273e-01,4.950143396854400635e-01,4.950143396854400635e-01,8.183633089065551758e-01,7.114540338516235352e-01,1.259677052497863770e+00,1.259677052497863770e+00,1.553937673568725586e+00,9.898109436035156250e-01
7.300000000000000000e+01,1.702466130256652832e+00,1.702466130256652832e+00,1.867850303649902344e+00,1.384085655212402344e+00,1.377545714378356934e+00,1.377545714378356934e+00,1.813083529472351074e+00,1.101266503334045410e+00,5.999990701675415039e-01,5.999990701675415039e-01,1.084856748580932617e+00,6.920629739761352539e-01,1.297502219676971436e-01,1.297502219676971436e-01,2.438261061906814575e-01,2.999648749828338623e-01,9.675301611423492432e-02,9.675301611423492432e-02,1.776352822780609131e-01,3.630977272987365723e-01,4.930244088172912598e-01,4.930244088172912598e-01,8.231986761093139648e-01,6.930908560752868652e-01,1.256540775299072266e+00,1.256540775299072266e+00,1.559816241264343262e+00,9.762544631958007812e-01
7.400000000000000000e+01,1.706406235694885254e+00,1.706406235694885254e+00,1.872388482093811035e+00,1.386954069137573242e+00,1.386625528335571289e+00,1.386625528335571289e+00,1.817807316780090332e+00,1.122161746025085449e+00,6.122068166732788086e-01,6.122068166732788086e-01,1.080266952514648438e+00,7.008946537971496582e-01,1.354346275329589844e-01,1.354346275329589844e-01,2.375278174877166748e-01,3.103880882263183594e-01,9.476159512996673584e-02,9.476159512996673584e-02,1.839220225811004639e-01,3.564519286155700684e-01,4.918523430824279785e-01,4.918523430824279785e-01,8.276119828224182129e-01,6.767500638961791992e-01,1.255887150764465332e+00,1.255887150764465332e+00,1.564816474914550781e+00,9.646624922752380371e-01
7.500000000000000000e+01,1.710075974464416504e+00,1.710075974464416504e+00,1.877127408981323242e+00,1.390639424324035645e+00,1.395723938941955566e+00,1.395723938941955566e+00,1.822056055068969727e+00,1.139464974403381348e+00,6.242514848709106445e-01,6.242514848709106445e-01,1.075274467468261719e+00,7.247992753982543945e-01,1.410475224256515503e-01,1.410475224256515503e-01,2.311239242553710938e-01,3.205908238887786865e-01,9.181725978851318359e-02,9.181725978851318359e-02,1.903009861707687378e-01,3.500483632087707520e-01,4.913424253463745117e-01,4.913424253463745117e-01,8.346068859100341797e-01,6.602715253829956055e-01,1.256813406944274902e+00,1.256813406944274902e+00,1.569781899452209473e+00,9.539051055908203125e-01
7.600000000000000000e+01,1.714984536170959473e+00,1.714984536170959473e+00,1.882215738296508789e+00,1.396233797073364258e+00,1.405233263969421387e+00,1.405233263969421387e+00,1.826128721237182617e+00,1.158079862594604492e+00,6.368630528450012207e-01,6.368630528450012207e-01,1.070233225822448730e+00,7.420517206192016602e-01,1.357012540102005005e-01,1.357012540102005005e-01,2.244138121604919434e-01,3.311193585395812988e-01,8.917868882417678833e-02,8.917868882417678833e-02,1.979643404483795166e-01,3.435206711292266846e-01,4.910632371902465820e-01,4.910632371902465820e-01,8.394101858139038086e-01,6.441215276718139648e-01,1.256523728370666504e+00,1.256523728370666504e+00,1.575827956199645996e+00,9.430302977561950684e-01
7.700000000000000000e+01,1.719892978668212891e+00,1.719892978668212891e+00,1.887844562530517578e+00,1.402187943458557129e+00,1.383579850196838379e+00,1.383579850196838379e+00,1.830122470855712891e+00,1.177981853485107422e+00,6.501765847206115723e-01,6.501765847206115723e-01,1.065037727355957031e+00,7.595319747924804688e-01,1.519055515527725220e-01,1.519055515527725220e-01,2.187241911888122559e-01,3.420798778533935547e-01,8.688753843307495117e-02,8.688753843307495117e-02,2.059632837772369385e-01,3.372038900852203369e-01,4.912579953670501709e-01,4.912579953670501709e-01,8.459220528602600098e-01,6.288087368011474609e-01,1.256609439849853516e+00,1.256609439849853516e+00,1.581097364425659180e+00,9.348659515380859375e-01
7.800000000000000000e+01,1.726805686950683594e+00,1.726805686950683594e+00,1.893802404403686523e+00,1.408293962478637695e+00,1.426701545715332031e+00,1.426701545715332031e+00,1.833745598793029785e+00,1.198435783386230469e+00,6.424226760864257812e-01,6.424226760864257812e-01,1.059640645980834961e+00,7.784695029258728027e-01,1.575990915298461914e-01,1.575990915298461914e-01,2.124084234237670898e-01,3.527700901031494141e-01,8.460839092731475830e-02,8.460839092731475830e-02,2.135144770145416260e-01,3.307239413261413574e-01,4.922589063644409180e-01,4.922589063644409180e-01,8.527984619140625000e-01,6.132146716117858887e-01,1.257632255554199219e+00,1.257632255554199219e+00,1.586176037788391113e+00,9.263146519660949707e-01
7.900000000000000000e+01,1.732871294021606445e+00,1.732871294021606445e+00,1.898712754249572754e+00,1.415304422378540039e+00,1.437238931655883789e+00,1.437238931655883789e+00,1.836953759193420410e+00,1.219386458396911621e+00,6.754224896430969238e-01,6.754224896430969238e-01,1.053457260131835938e+00,7.966140508651733398e-01,1.626086533069610596e-01,1.626086533069610596e-01,2.064081728458404541e-01,3.627394139766693115e-01,7.705251872539520264e-02,7.705251872539520264e-02,2.210396677255630493e-01,3.237954080104827881e-01,4.926992654800415039e-01,4.926992654800415039e-01,8.588100075721740723e-01,5.976066589355468750e-01,1.258723378181457520e+00,1.258723378181457520e+00,1.590960621833801270e+00,9.174467325210571289e-01
8.000000000000000000e+01,1.739711880683898926e+00,1.739711880683898926e+00,1.903846025466918945e+00,1.422913551330566406e+00,1.447601437568664551e+00,1.447601437568664551e+00,1.839592576026916504e+00,1.240370750427246094e+00,6.877005696296691895e-01,6.877005696296691895e-01,1.046910047531127930e+00,8.135243058204650879e-01,1.670451164245605469e-01,1.670451164245605469e-01,2.020913958549499512e-01,3.720730543136596680e-01,7.972609251737594604e-02,7.972609251737594604e-02,2.286969721317291260e-01,3.172696530818939209e-01,4.931222200393676758e-01,4.931222200393676758e-01,8.642340898513793945e-01,5.824828147888183594e-01,1.259402513504028320e+00,1.259402513504028320e+00,1.595242261886596680e+00,9.144764542579650879e-01
8.100000000000000000e+01,1.746626734733581543e+00,1.746626734733581543e+00,1.909884214401245117e+00,1.430787682533264160e+00,1.456739664077758789e+00,1.456739664077758789e+00,1.841891050338745117e+00,1.261564254760742188e+00,6.988402605056762695e-01,6.988402605056762695e-01,1.039411306381225586e+00,8.309711813926696777e-01,1.707289218902587891e-01,1.707289218902587891e-01,1.977333128452301025e-01,3.808428049087524414e-01,7.693474739789962769e-02,7.693474739789962769e-02,2.363063991069793701e-01,3.102168738842010498e-01,4.930468499660491943e-01,4.930468499660491943e-01,8.686041831970214844e-01,5.652107000350952148e-01,1.260205030441284180e+00,1.260205030441284180e+00,1.599477529525756836e+00,9.099539518356323242e-01
8.200000000000000000e+01,1.753974914550781250e+00,1.753974914550781250e+00,1.915526390075683594e+00,1.439187049865722656e+00,1.468654274940490723e+00,1.468654274940490723e+00,1.841214299201965332e+00,1.282538533210754395e+00,7.082448005676269531e-01,7.082448005676269531e-01,1.031735539436340332e+00,8.486963510513305664e-01,1.737503409385681152e-01,1.737503409385681152e-01,1.936755627393722534e-01,3.892464041709899902e-01,7.475376129150390625e-02,7.475376129150390625e-02,2.442138195037841797e-01,3.028471469879150391e-01,4.926164746284484863e-01,4.926164746284484863e-01,8.743552565574645996e-01,5.515002012252807617e-01,1.260647773742675781e+00,1.260647773742675781e+00,1.603557825088500977e+00,9.079924225807189941e-01
8.300000000000000000e+01,1.761645078659057617e+00,1.761645078659057617e+00,1.921958565711975098e+00,1.448413252830505371e+00,1.478673696517944336e+00,1.478673696517944336e+00,1.843404054641723633e+00,1.303541421890258789e+00,7.199512124061584473e-01,7.199512124061584473e-01,1.023153305053710938e+00,8.655426502227783203e-01,1.759740114212036133e-01,1.759740114212036133e-01,1.897792518138885498e-01,3.964828848838806152e-01,7.237991690635681152e-02,7.237991690635681152e-02,2.516677379608154297e-01,2.932471036911010742e-01,4.922141134738922119e-01,4.922141134738922119e-01,8.787554502487182617e-01,5.355471372604370117e-01,1.260690927505493164e+00,1.260690927505493164e+00,1.606992244720458984e+00,9.054642915725708008e-01
8.400000000000000000e+01,1.769590139389038086e+00,1.769590139389038086e+00,1.927742242813110352e+00,1.458489656448364258e+00,1.489898443222045898e+00,1.489898443222045898e+00,1.846026897430419922e+00,1.324643850326538086e+00,7.298475503921508789e-01,7.298475503921508789e-01,1.014360070228576660e+00,8.824642896652221680e-01,1.757628917694091797e-01,1.757628917694091797e-01,1.858213245868682861e-01,4.039846956729888916e-01,7.024405896663665771e-02,7.024405896663665771e-02,2.589801549911499023e-01,2.864401340484619141e-01,4.920277595520019531e-01,4.920277595520019531e-01,8.840917348861694336e-01,5.206107497215270996e-01,1.261019349098205566e+00,1.261019349098205566e+00,1.610060930252075195e+00,9.039609432220458984e-01
8.500000000000000000e+01,1.778461575508117676e+00,1.778461575508117676e+00,1.933129906654357910e+00,1.470102071762084961e+00,1.500245332717895508e+00,1.500245332717895508e+00,1.846810221672058105e+00,1.340548276901245117e+00,7.389147281646728516e-01,7.389147281646728516e-01,1.004481554031372070e+00,8.993377089500427246e-01,1.788274347782135010e-01,1.788274347782135010e-01,1.816210448741912842e-01,4.105696082115173340e-01,6.902065128087997437e-02,6.902065128087997437e-02,2.665917873382568359e-01,2.820385992527008057e-01,4.933023750782012939e-01,4.933023750782012939e-01,8.901775479316711426e-01,5.081113576889038086e-01,1.262661457061767578e+00,1.262661457061767578e+00,1.612813472747802734e+00,9.047191143035888672e-01
8.600000000000000000e+01,1.786840796470642090e+00,1.786840796470642090e+00,1.906382322311401367e+00,1.481690526008605957e+00,1.510163664817810059e+00,1.510163664817810059e+00,1.846859931945800781e+00,1.367650151252746582e+00,7.473701238632202148e-01,7.473701238632202148e-01,9.951966404914855957e-01,9.150835275650024414e-01,1.793588399887084961e-01,1.793588399887084961e-01,1.772793829441070557e-01,4.138984680175781250e-01,6.760659813880920410e-02,6.760659813880920410e-02,2.740060091018676758e-01,2.764430642127990723e-01,4.945622682571411133e-01,4.945622682571411133e-01,8.959468603134155273e-01,4.955351352691650391e-01,1.264353990554809570e+00,1.264353990554809570e+00,1.615391850471496582e+00,9.059096574783325195e-01
8.700000000000000000e+01,1.796111345291137695e+00,1.796111345291137695e+00,1.942916750907897949e+00,1.493875384330749512e+00,1.519772648811340332e+00,1.519772648811340332e+00,1.846493840217590332e+00,1.384522438049316406e+00,7.551904916763305664e-01,7.551904916763305664e-01,9.853292703628540039e-01,9.305629134178161621e-01,1.792663782835006714e-01,1.792663782835006714e-01,1.727880835533142090e-01,4.216275215148925781e-01,6.693878769874572754e-02,6.693878769874572754e-02,2.823248207569122314e-01,2.712881267070770264e-01,4.965160191059112549e-01,4.965160191059112549e-01,9.021712541580200195e-01,4.851932525634765625e-01,1.258806347846984863e+00,1.258806347846984863e+00,1.619221210479736328e+00,9.077653288841247559e-01
8.800000000000000000e+01,1.804683685302734375e+00,1.804683685302734375e+00,1.949030518531799316e+00,1.502816081047058105e+00,1.529219746589660645e+00,1.529219746589660645e+00,1.845707058906555176e+00,1.410305261611938477e+00,7.622841596603393555e-01,7.622841596603393555e-01,9.748025536537170410e-01,9.460985064506530762e-01,1.785214394330978394e-01,1.785214394330978394e-01,1.678590625524520874e-01,4.263703525066375732e-01,6.590684503316879272e-02,6.590684503316879272e-02,2.899789214134216309e-01,2.656919360160827637e-01,4.979118108749389648e-01,4.979118108749389648e-01,9.081240296363830566e-01,4.739743173122406006e-01,1.268075227737426758e+00,1.268075227737426758e+00,1.619923949241638184e+00,9.071590900421142578e-01
8.900000000000000000e+01,1.814479708671569824e+00,1.814479708671569824e+00,1.954020738601684570e+00,1.518537521362304688e+00,1.538907647132873535e+00,1.538907647132873535e+00,1.844491004943847656e+00,1.431860089302062988e+00,7.691832780838012695e-01,7.691832780838012695e-01,9.639860987663269043e-01,9.625301957130432129e-01,1.773464977741241455e-01,1.773464977741241455e-01,1.634328067302703857e-01,4.309271275997161865e-01,6.485591083765029907e-02,6.485591083765029907e-02,2.970564067363739014e-01,2.598590254783630371e-01,4.989556670188903809e-01,4.989556670188903809e-01,9.081655144691467285e-01,4.631447196006774902e-01,1.269353866577148438e+00,1.269353866577148438e+00,1.623802661895751953e+00,9.113392829895019531e-01
9.000000000000000000e+01,1.824087738990783691e+00,1.824087738990783691e+00,1.958499193191528320e+00,1.531442403793334961e+00,1.548716783523559570e+00,1.548716783523559570e+00,1.842986464500427246e+00,1.453588485717773438e+00,7.760521173477172852e-01,7.760521173477172852e-01,9.529571533203125000e-01,9.789085388183593750e-01,1.757078766822814941e-01,1.757078766822814941e-01,1.589949727058410645e-01,4.349755048751831055e-01,6.336031109094619751e-02,6.336031109094619751e-02,3.044295310974121094e-01,2.538051605224609375e-01,4.998192787170410156e-01,4.998192787170410156e-01,9.195852279663085938e-01,4.518764615058898926e-01,1.270220637321472168e+00,1.270220637321472168e+00,1.623534917831420898e+00,9.153843522071838379e-01
9.100000000000000000e+01,1.833835124969482422e+00,1.833835124969482422e+00,1.963462471961975098e+00,1.544878244400024414e+00,1.557706356048583984e+00,1.557706356048583984e+00,1.840990543365478516e+00,1.475006103515625000e+00,7.822061777114868164e-01,7.822061777114868164e-01,9.420083761215209961e-01,9.940773248672485352e-01,1.733946204185485840e-01,1.733946204185485840e-01,1.539584696292877197e-01,4.382070302963256836e-01,6.194445490837097168e-02,6.194445490837097168e-02,3.108361959457397461e-01,2.475393861532211304e-01,5.004975795745849609e-01,5.004975795745849609e-01,9.196615219116210938e-01,4.406589865684509277e-01,1.270916938781738281e+00,1.270916938781738281e+00,1.625847816467285156e+00,9.190370440483093262e-01
9.200000000000000000e+01,1.842446565628051758e+00,1.842446565628051758e+00,1.967848539352416992e+00,1.558648347854614258e+00,1.567065715789794922e+00,1.567065715789794922e+00,1.838383674621582031e+00,1.494899988174438477e+00,7.877907752990722656e-01,7.877907752990722656e-01,9.298051595687866211e-01,1.010089874267578125e+00,1.703159511089324951e-01,1.703159511089324951e-01,1.492120027542114258e-01,4.406481981277465820e-01,6.043060868978500366e-02,6.043060868978500366e-02,3.177363574504852295e-01,2.410218268632888794e-01,5.008525848388671875e-01,5.008525848388671875e-01,9.315925836563110352e-01,4.289738833904266357e-01,1.267560601234436035e+00,1.267560601234436035e+00,1.624655246734619141e+00,9.227522611618041992e-01
9.300000000000000000e+01,1.853873729705810547e+00,1.853873729705810547e+00,1.972091674804687500e+00,1.543280243873596191e+00,1.575567245483398438e+00,1.575567245483398438e+00,1.835313558578491211e+00,1.516846179962158203e+00,7.925375699996948242e-01,7.925375699996948242e-01,9.171246290206909180e-01,1.025258660316467285e+00,1.664147675037384033e-01,1.664147675037384033e-01,1.437063664197921753e-01,4.422567486763000488e-01,5.884563922882080078e-02,5.884563922882080078e-02,3.218486309051513672e-01,2.345210760831832886e-01,5.014257431030273438e-01,5.014257431030273438e-01,9.379652738571166992e-01,4.179772734642028809e-01,1.271264910697937012e+00,1.271264910697937012e+00,1.627244710922241211e+00,9.271888732910156250e-01
9.400000000000000000e+01,1.864006400108337402e+00,1.864006400108337402e+00,1.976412057876586914e+00,1.587086319923400879e+00,1.583981275558471680e+00,1.583981275558471680e+00,1.827029228210449219e+00,1.537594556808471680e+00,7.967374920845031738e-01,7.967374920845031738e-01,9.038636684417724609e-01,1.039618372917175293e+00,1.618158817291259766e-01,1.618158817291259766e-01,1.389294266700744629e-01,4.435014724731445312e-01,5.799724534153938293e-02,5.799724534153938293e-02,3.306685090065002441e-01,2.288956046104431152e-01,5.028622746467590332e-01,5.028622746467590332e-01,9.433734416961669922e-01,4.084889590740203857e-01,1.272007942199707031e+00,1.272007942199707031e+00,1.627954721450805664e+00,9.324009418487548828e-01
9.500000000000000000e+01,1.874318361282348633e+00,1.874318361282348633e+00,1.980080842971801758e+00,1.601682066917419434e+00,1.592270135879516602e+00,1.592270135879516602e+00,1.827631711959838867e+00,1.558177828788757324e+00,8.009155988693237305e-01,8.009155988693237305e-01,8.902399539947509766e-01,1.054055690765380859e+00,1.566195636987686157e-01,1.566195636987686157e-01,1.341919451951980591e-01,4.446626603603363037e-01,5.712734162807464600e-02,5.712734162807464600e-02,3.372029662132263184e-01,2.230402231216430664e-01,5.042400360107421875e-01,5.042400360107421875e-01,9.499962329864501953e-01,4.003818631172180176e-01,1.272263646125793457e+00,1.272263646125793457e+00,1.628172636032104492e+00,9.386783838272094727e-01
9.600000000000000000e+01,1.884553313255310059e+00,1.884553313255310059e+00,1.984008073806762695e+00,1.616707563400268555e+00,1.600188255310058594e+00,1.600188255310058594e+00,1.822912454605102539e+00,1.578358888626098633e+00,8.046576976776123047e-01,8.046576976776123047e-01,8.759118914604187012e-01,1.067736625671386719e+00,1.509218364953994751e-01,1.509218364953994751e-01,1.294042021036148071e-01,4.449895620346069336e-01,5.674344673752784729e-02,5.674344673752784729e-02,3.411697745323181152e-01,2.178789675235748291e-01,5.066779255867004395e-01,5.066779255867004395e-01,9.568017721176147461e-01,3.930833339691162109e-01,1.272947072982788086e+00,1.272947072982788086e+00,1.627993941307067871e+00,9.470337629318237305e-01
9.700000000000000000e+01,1.895106315612792969e+00,1.895106315612792969e+00,1.987415313720703125e+00,1.631467819213867188e+00,1.608086824417114258e+00,1.608086824417114258e+00,1.817894458770751953e+00,1.598263978958129883e+00,8.077164888381958008e-01,8.077164888381958008e-01,8.613299727439880371e-01,1.080671906471252441e+00,1.454173624515533447e-01,1.454173624515533447e-01,1.242919415235519409e-01,4.449684917926788330e-01,5.661177635192871094e-02,5.661177635192871094e-02,3.488344550132751465e-01,2.128364443778991699e-01,5.087849497795104980e-01,5.087849497795104980e-01,9.628309607505798340e-01,3.858280181884765625e-01,1.273782253265380859e+00,1.273782253265380859e+00,1.627253413200378418e+00,9.551314115524291992e-01
9.800000000000000000e+01,1.900513768196105957e+00,1.900513768196105957e+00,1.990965366363525391e+00,1.637816667556762695e+00,1.615531802177429199e+00,1.615531802177429199e+00,1.812218070030212402e+00,1.617827892303466797e+00,8.111847639083862305e-01,8.111847639083862305e-01,8.464331626892089844e-01,1.092965245246887207e+00,1.400186121463775635e-01,1.400186121463775635e-01,1.193433105945587158e-01,4.440643191337585449e-01,5.624471232295036316e-02,5.624471232295036316e-02,3.554334938526153564e-01,2.076107859611511230e-01,5.116876363754272461e-01,5.116876363754272461e-01,9.682909250259399414e-01,3.783944249153137207e-01,1.275271415710449219e+00,1.275271415710449219e+00,1.625845074653625488e+00,9.631875753402709961e-01
9.900000000000000000e+01,1.914743065834045410e+00,1.914743065834045410e+00,1.994005322456359863e+00,1.663067936897277832e+00,1.622714519500732422e+00,1.622714519500732422e+00,1.806207656860351562e+00,1.636919379234313965e+00,8.145587444305419922e-01,8.145587444305419922e-01,8.312612771987915039e-01,1.104636192321777344e+00,1.343705058097839355e-01,1.343705058097839355e-01,1.105907037854194641e-01,4.422874450683593750e-01,5.661286786198616028e-02,5.661286786198616028e-02,3.615198433399200439e-01,2.030522376298904419e-01,5.158330798149108887e-01,5.158330798149108887e-01,9.739139080047607422e-01,3.720998764038085938e-01,1.277601599693298340e+00,1.277601599693298340e+00,1.624312400817871094e+00,9.736217856407165527e-01
1.000000000000000000e+02,1.926168203353881836e+00,1.926168203353881836e+00,1.994552612304687500e+00,1.678495883941650391e+00,1.630432367324829102e+00,1.630432367324829102e+00,1.799622774124145508e+00,1.655600070953369141e+00,8.176124095916748047e-01,8.176124095916748047e-01,8.149186372756958008e-01,1.115246057510375977e+00,1.281043589115142822e-01,1.281043589115142822e-01,1.090684086084365845e-01,4.402906894683837891e-01,5.793638154864311218e-02,5.793638154864311218e-02,3.673396706581115723e-01,1.982160061597824097e-01,5.199472308158874512e-01,5.199472308158874512e-01,9.788016676902770996e-01,3.656686544418334961e-01,1.274016737937927246e+00,1.274016737937927246e+00,1.612868070602416992e+00,9.823905229568481445e-01
1.010000000000000000e+02,1.936514735221862793e+00,1.936514735221862793e+00,1.999535322189331055e+00,1.694684743881225586e+00,1.638102531433105469e+00,1.638102531433105469e+00,1.792141437530517578e+00,1.673768401145935059e+00,8.199491500854492188e-01,8.199491500854492188e-01,8.005446195602416992e-01,1.125530004501342773e+00,1.218036562204360962e-01,1.218036562204360962e-01,1.039208918809890747e-01,4.373042583465576172e-01,5.899368971586227417e-02,5.899368971586227417e-02,3.729914426803588867e-01,1.931264549493789673e-01,5.235925316810607910e-01,5.235925316810607910e-01,9.831217527389526367e-01,3.592015206813812256e-01,1.281823635101318359e+00,1.281823635101318359e+00,1.618629097938537598e+00,9.915673732757568359e-01
1.020000000000000000e+02,1.946230888366699219e+00,1.946230888366699219e+00,2.001998186111450195e+00,1.710593938827514648e+00,1.644872426986694336e+00,1.644872426986694336e+00,1.784600019454956055e+00,1.691415071487426758e+00,8.213784694671630859e-01,8.213784694671630859e-01,7.802670001983642578e-01,1.135246753692626953e+00,1.167674064636230469e-01,1.167674064636230469e-01,9.890933334827423096e-02,4.334260821342468262e-01,5.981341749429702759e-02,5.981341749429702759e-02,3.782820701599121094e-01,1.879192888736724854e-01,5.269311666488647461e-01,5.269311666488647461e-01,9.871392250061035156e-01,3.525471687316894531e-01,1.284072756767272949e+00,1.284072756767272949e+00,1.615101456642150879e+00,1.003367662429809570e+00
1.030000000000000000e+02,1.957393169403076172e+00,1.957393169403076172e+00,1.980256319046020508e+00,1.726618170738220215e+00,1.651046276092529297e+00,1.651046276092529297e+00,1.776144385337829590e+00,1.703601598739624023e+00,8.218103647232055664e-01,8.218103647232055664e-01,7.674725055694580078e-01,1.143861770629882812e+00,1.119271218776702881e-01,1.119271218776702881e-01,9.436348080635070801e-02,4.286408722400665283e-01,6.042610481381416321e-02,6.042610481381416321e-02,3.371345996856689453e-01,1.826340258121490479e-01,5.297403335571289062e-01,5.297403335571289062e-01,9.905948042869567871e-01,3.460099697113037109e-01,1.289065003395080566e+00,1.289065003395080566e+00,1.610976457595825195e+00,1.013542175292968750e+00
1.040000000000000000e+02,1.967555284500122070e+00,1.967555284500122070e+00,2.005787372589111328e+00,1.742537021636962891e+00,1.656666517257690430e+00,1.656666517257690430e+00,1.767295598983764648e+00,1.725463390350341797e+00,8.219152688980102539e-01,8.219152688980102539e-01,7.504202127456665039e-01,1.151066422462463379e+00,1.079767793416976929e-01,1.079767793416976929e-01,8.986700326204299927e-02,4.238009452819824219e-01,6.102940440177917480e-02,6.102940440177917480e-02,3.878741264343261719e-01,1.778081357479095459e-01,5.328651666641235352e-01,5.328651666641235352e-01,9.938191771507263184e-01,3.407236337661743164e-01,1.294602036476135254e+00,1.294602036476135254e+00,1.606056690216064453e+00,1.026083946228027344e+00
1.050000000000000000e+02,1.977520346641540527e+00,1.977520346641540527e+00,2.007107734680175781e+00,1.759326934814453125e+00,1.661708950996398926e+00,1.661708950996398926e+00,1.757847547531127930e+00,1.741934537887573242e+00,8.222453594207763672e-01,8.222453594207763672e-01,7.341582179069519043e-01,1.159117817878723145e+00,1.046325862407684326e-01,1.046325862407684326e-01,8.556926995515823364e-02,4.179965257644653320e-01,6.153371185064315796e-02,6.153371185064315796e-02,3.924004435539245605e-01,1.731999814510345459e-01,5.368145704269409180e-01,5.368145704269409180e-01,9.962683320045471191e-01,3.359344899654388428e-01,1.300672888755798340e+00,1.300672888755798340e+00,1.600376486778259277e+00,1.039021492004394531e+00
1.060000000000000000e+02,1.976955533027648926e+00,1.976955533027648926e+00,2.008093118667602539e+00,1.775763630867004395e+00,1.661404371261596680e+00,1.661404371261596680e+00,1.748034000396728516e+00,1.758296608924865723e+00,8.224706053733825684e-01,8.224706053733825684e-01,7.185888290405273438e-01,1.165871143341064453e+00,1.016664355993270874e-01,1.016664355993270874e-01,8.165302872657775879e-02,4.103301763534545898e-01,6.246365606784820557e-02,6.246365606784820557e-02,3.967308402061462402e-01,1.691065430641174316e-01,5.414151549339294434e-01,5.414151549339294434e-01,9.986640214920043945e-01,3.329018056392669678e-01,1.308114767074584961e+00,1.308114767074584961e+00,1.593036413192749023e+00,1.052756786346435547e+00
1.070000000000000000e+02,1.996714353561401367e+00,1.996714353561401367e+00,2.008752107620239258e+00,1.792015790939331055e+00,1.671011686325073242e+00,1.671011686325073242e+00,1.738025903701782227e+00,1.768281579017639160e+00,8.234792351722717285e-01,8.234792351722717285e-01,6.996414661407470703e-01,1.169262170791625977e+00,9.793985635042190552e-02,9.793985635042190552e-02,7.886993885040283203e-02,4.056742489337921143e-01,6.332571804523468018e-02,6.332571804523468018e-02,4.007749557495117188e-01,1.656270921230316162e-01,5.470318794250488281e-01,5.470318794250488281e-01,1.000250577926635742e+00,3.298412561416625977e-01,1.314651012420654297e+00,1.314651012420654297e+00,1.588543176651000977e+00,1.066840052604675293e+00
1.080000000000000000e+02,2.006231546401977539e+00,2.006231546401977539e+00,2.009053468704223633e+00,1.810410499572753906e+00,1.674716234207153320e+00,1.674716234207153320e+00,1.727089762687683105e+00,1.786888837814331055e+00,8.235118389129638672e-01,8.235118389129638672e-01,6.802988052368164062e-01,1.177825331687927246e+00,9.393447637557983398e-02,9.393447637557983398e-02,7.607851922512054443e-02,3.984530568122863770e-01,6.384566426277160645e-02,6.384566426277160645e-02,4.044345021247863770e-01,1.615421473979949951e-01,5.521067380905151367e-01,5.521067380905151367e-01,1.001478672027587891e+00,3.277007043361663818e-01,1.321024656295776367e+00,1.321024656295776367e+00,1.581398010253906250e+00,1.082611083984375000e+00
1.090000000000000000e+02,2.016096830368041992e+00,2.016096830368041992e+00,2.008967876434326172e+00,1.827143907546997070e+00,1.677967786788940430e+00,1.677967786788940430e+00,1.716022253036499023e+00,1.803866028785705566e+00,8.227056264877319336e-01,8.227056264877319336e-01,6.693798899650573730e-01,1.182824492454528809e+00,8.955278992652893066e-02,8.955278992652893066e-02,7.326085865497589111e-02,3.907166719436645508e-01,6.413761526346206665e-02,6.413761526346206665e-02,4.076654911041259766e-01,1.572559028863906860e-01,5.564188361167907715e-01,5.564188361167907715e-01,1.002134799957275391e+00,3.256057500839233398e-01,1.326986312866210938e+00,1.326986312866210938e+00,1.574287652969360352e+00,1.094863414764404297e+00
1.100000000000000000e+02,2.017846107482910156e+00,2.017846107482910156e+00,2.008534908294677734e+00,1.843895196914672852e+00,1.680763006210327148e+00,1.680763006210327148e+00,1.704311966896057129e+00,1.817862629890441895e+00,8.214285373687744141e-01,8.214285373687744141e-01,6.487947702407836914e-01,1.187002182006835938e+00,8.211520314216613770e-02,8.211520314216613770e-02,7.042525708675384521e-02,3.826076388359069824e-01,6.439969688653945923e-02,6.439969688653945923e-02,4.105380475521087646e-01,1.528176665306091309e-01,5.606451034545898438e-01,5.606451034545898438e-01,1.002582669258117676e+00,3.234632015228271484e-01,1.332204818725585938e+00,1.332204818725585938e+00,1.566460728645324707e+00,1.112828373908996582e+00
1.110000000000000000e+02,2.034258842468261719e+00,2.034258842468261719e+00,2.007651329040527344e+00,1.857361912727355957e+00,1.683578252792358398e+00,1.683578252792358398e+00,1.692068457603454590e+00,1.831401705741882324e+00,8.195693492889404297e-01,8.195693492889404297e-01,6.391277313232421875e-01,1.190881729125976562e+00,8.001828938722610474e-02,8.001828938722610474e-02,6.768174469470977783e-02,3.745106458663940430e-01,6.459759175777435303e-02,6.459759175777435303e-02,4.130214452743530273e-01,1.482566893100738525e-01,5.642877221107482910e-01,5.642877221107482910e-01,1.002556681632995605e+00,3.214877247810363770e-01,1.337573766708374023e+00,1.337573766708374023e+00,1.558674454689025879e+00,1.129370927810668945e+00
1.120000000000000000e+02,2.043079853057861328e+00,2.043079853057861328e+00,2.006935119628906250e+00,1.878806233406066895e+00,1.685809493064880371e+00,1.685809493064880371e+00,1.679598212242126465e+00,1.837660312652587891e+00,8.170865178108215332e-01,8.170865178108215332e-01,6.232938766479492188e-01,1.193974852561950684e+00,7.478560507297515869e-02,7.478560507297515869e-02,6.492775678634643555e-02,3.658995926380157471e-01,6.463740766048431396e-02,6.463740766048431396e-02,4.152845144271850586e-01,1.435445398092269897e-01,5.642173290252685547e-01,5.642173290252685547e-01,1.001680374145507812e+00,3.204108476638793945e-01,1.342881679534912109e+00,1.342881679534912109e+00,1.551428794860839844e+00,1.145594596862792969e+00
1.130000000000000000e+02,2.051679611206054688e+00,2.051679611206054688e+00,2.005210161209106445e+00,1.895885348320007324e+00,1.683285117149353027e+00,1.683285117149353027e+00,1.666540622711181641e+00,1.856642484664916992e+00,8.140886425971984863e-01,8.140886425971984863e-01,6.079962253570556641e-01,1.196304798126220703e+00,6.920495629310607910e-02,6.920495629310607910e-02,6.198583543300628662e-02,3.470024466514587402e-01,6.431052088737487793e-02,6.431052088737487793e-02,4.166981577873229980e-01,1.386641860008239746e-01,5.705068111419677734e-01,5.705068111419677734e-01,1.000070571899414062e+00,2.913044989109039307e-01,1.347700238227844238e+00,1.347700238227844238e+00,1.543890953063964844e+00,1.161433815956115723e+00
1.140000000000000000e+02,2.060078620910644531e+00,2.060078620910644531e+00,2.004195690155029297e+00,1.912894725799560547e+00,1.689418315887451172e+00,1.689418315887451172e+00,1.653293967247009277e+00,1.868169546127319336e+00,8.105399608612060547e-01,8.105399608612060547e-01,5.920151472091674805e-01,1.198121786117553711e+00,6.377942860126495361e-02,6.377942860126495361e-02,5.983393639326095581e-02,3.494584560394287109e-01,6.632003188133239746e-02,6.632003188133239746e-02,4.166043102741241455e-01,1.335863769054412842e-01,5.726065039634704590e-01,5.726065039634704590e-01,9.983064532279968262e-01,3.177716732025146484e-01,1.352026224136352539e+00,1.352026224136352539e+00,1.535678386688232422e+00,1.177604675292968750e+00
1.150000000000000000e+02,2.068266868591308594e+00,2.068266868591308594e+00,2.002630233764648438e+00,1.929817676544189453e+00,1.686379551887512207e+00,1.686379551887512207e+00,1.639641284942626953e+00,1.881239771842956543e+00,8.063917160034179688e-01,8.063917160034179688e-01,5.769672393798828125e-01,1.196225523948669434e+00,5.931281298398971558e-02,5.931281298398971558e-02,5.845220014452934265e-02,3.417363762855529785e-01,6.849816441535949707e-02,6.849816441535949707e-02,4.193069636821746826e-01,1.282435357570648193e-01,5.695511698722839355e-01,5.695511698722839355e-01,9.956148862838745117e-01,3.167690336704254150e-01,1.357428789138793945e+00,1.357428789138793945e+00,1.527725934982299805e+00,1.192148208618164062e+00
1.160000000000000000e+02,2.076155662536621094e+00,2.076155662536621094e+00,2.000095129013061523e+00,1.946298122406005859e+00,1.699452519416809082e+00,1.699452519416809082e+00,1.625683307647705078e+00,1.893032073974609375e+00,8.024337887763977051e-01,8.024337887763977051e-01,5.649613142013549805e-01,1.198574542999267578e+00,5.520584434270858765e-02,5.520584434270858765e-02,5.694099888205528259e-02,3.244781196117401123e-01,7.070152461528778076e-02,7.070152461528778076e-02,4.197894930839538574e-01,1.229157298803329468e-01,5.753161311149597168e-01,5.753161311149597168e-01,9.917508959770202637e-01,3.160892724990844727e-01,1.362856388092041016e+00,1.362856388092041016e+00,1.518937826156616211e+00,1.211145401000976562e+00
1.170000000000000000e+02,2.084152698516845703e+00,2.084152698516845703e+00,1.997814178466796875e+00,1.963343501091003418e+00,1.703653097152709961e+00,1.703653097152709961e+00,1.611407160758972168e+00,1.904125690460205078e+00,7.972353696823120117e-01,7.972353696823120117e-01,5.508544445037841797e-01,1.200700998306274414e+00,5.231460928916931152e-02,5.231460928916931152e-02,5.541636422276496887e-02,3.252114653587341309e-01,7.352744042873382568e-02,7.352744042873382568e-02,4.204243123531341553e-01,1.176807135343551636e-01,5.760034918785095215e-01,5.760034918785095215e-01,9.877470135688781738e-01,3.165621459484100342e-01,1.368720293045043945e+00,1.368720293045043945e+00,1.509222388267517090e+00,1.228366374969482422e+00
1.180000000000000000e+02,2.091692447662353516e+00,2.091692447662353516e+00,1.993721008300781250e+00,1.980929493904113770e+00,1.707078337669372559e+00,1.707078337669372559e+00,1.596749544143676758e+00,1.914361834526062012e+00,7.911485433578491211e-01,7.911485433578491211e-01,5.370881557464599609e-01,1.199960589408874512e+00,5.033667013049125671e-02,5.033667013049125671e-02,5.384841561317443848e-02,3.105388283729553223e-01,7.642477750778198242e-02,7.642477750778198242e-02,4.206990897655487061e-01,1.126285791397094727e-01,5.752854943275451660e-01,5.752854943275451660e-01,9.837736487388610840e-01,3.192095756530761719e-01,1.377689003944396973e+00,1.377689003944396973e+00,1.500189065933227539e+00,1.246103048324584961e+00
1.190000000000000000e+02,2.099162817001342773e+00,2.099162817001342773e+00,1.991663813591003418e+00,1.999500155448913574e+00,1.710651278495788574e+00,1.710651278495788574e+00,1.581655144691467285e+00,1.917975783348083496e+00,7.855218052864074707e-01,7.855218052864074707e-01,5.234646201133728027e-01,1.198961257934570312e+00,4.947291314601898193e-02,4.947291314601898193e-02,5.286921933293342590e-02,3.071773648262023926e-01,7.913758605718612671e-02,7.913758605718612671e-02,4.207047820091247559e-01,1.080557629466056824e-01,5.764547586441040039e-01,5.764547586441040039e-01,9.780557155609130859e-01,3.227334618568420410e-01,1.386650800704956055e+00,1.386650800704956055e+00,1.490095734596252441e+00,1.263933539390563965e+00
1.200000000000000000e+02,2.106298685073852539e+00,2.106298685073852539e+00,1.984081745147705078e+00,2.017848491668701172e+00,1.713709831237792969e+00,1.713709831237792969e+00,1.566399574279785156e+00,1.934702754020690918e+00,7.801748514175415039e-01,7.801748514175415039e-01,5.100407600402832031e-01,1.197559118270874023e+00,4.896680265665054321e-02,4.896680265665054321e-02,4.833004623651504517e-02,2.979425787925720215e-01,8.179509639739990234e-02,8.179509639739990234e-02,4.204288721084594727e-01,1.033169925212860107e-01,5.784693956375122070e-01,5.784693956375122070e-01,9.721237421035766602e-01,3.264629542827606201e-01,1.395149350166320801e+00,1.395149350166320801e+00,1.479602575302124023e+00,1.264468669891357422e+00
1.210000000000000000e+02,2.113230705261230469e+00,2.113230705261230469e+00,1.979986190795898438e+00,2.036248445510864258e+00,1.716256618499755859e+00,1.716256618499755859e+00,1.550836324691772461e+00,1.944311976432800293e+00,7.499579787254333496e-01,7.499579787254333496e-01,4.962411224842071533e-01,1.195568323135375977e+00,4.894280061125755310e-02,4.894280061125755310e-02,5.176062136888504028e-02,2.882398366928100586e-01,8.446379005908966064e-02,8.446379005908966064e-02,4.192810654640197754e-01,9.920664876699447632e-02,5.790585279464721680e-01,5.790585279464721680e-01,9.668657779693603516e-01,3.308607637882232666e-01,1.405128479003906250e+00,1.405128479003906250e+00,1.469070196151733398e+00,1.301889181137084961e+00
1.220000000000000000e+02,2.053016662597656250e+00,2.053016662597656250e+00,1.975666046142578125e+00,2.053913354873657227e+00,1.718255519866943359e+00,1.718255519866943359e+00,1.534720420837402344e+00,1.951094150543212891e+00,7.665182352066040039e-01,7.665182352066040039e-01,4.842816591262817383e-01,1.192824125289916992e+00,4.903775453567504883e-02,4.903775453567504883e-02,5.139466375112533569e-02,2.781821489334106445e-01,8.673160523176193237e-02,8.673160523176193237e-02,4.183981418609619141e-01,9.498116374015808105e-02,5.790190696716308594e-01,5.790190696716308594e-01,9.601591825485229492e-01,3.355559110641479492e-01,1.414298892021179199e+00,1.414298892021179199e+00,1.458850979804992676e+00,1.320179462432861328e+00
1.230000000000000000e+02,2.124025821685791016e+00,2.124025821685791016e+00,1.974323749542236328e+00,2.071441888809204102e+00,1.697730660438537598e+00,1.697730660438537598e+00,1.518566489219665527e+00,1.961227059364318848e+00,7.596332430839538574e-01,7.596332430839538574e-01,4.720610380172729492e-01,1.189709186553955078e+00,5.019660294055938721e-02,5.019660294055938721e-02,5.096815899014472961e-02,2.681409120559692383e-01,8.913044631481170654e-02,8.913044631481170654e-02,4.173195064067840576e-01,9.068807214498519897e-02,5.799107551574707031e-01,5.799107551574707031e-01,9.529805779457092285e-01,3.404361307621002197e-01,1.426694869995117188e+00,1.426694869995117188e+00,1.448677062988281250e+00,1.339682936668395996e+00
1.240000000000000000e+02,2.132416009902954102e+00,2.132416009902954102e+00,1.966864466667175293e+00,2.082853317260742188e+00,1.719589948654174805e+00,1.719589948654174805e+00,1.501726269721984863e+00,1.969121217727661133e+00,7.519741058349609375e-01,7.519741058349609375e-01,4.602313041687011719e-01,1.185692071914672852e+00,4.658560454845428467e-02,4.658560454845428467e-02,5.043947696685791016e-02,2.581358551979064941e-01,9.115449339151382446e-02,9.115449339151382446e-02,4.157058000564575195e-01,8.639906346797943115e-02,5.807474255561828613e-01,5.807474255561828613e-01,9.455711841583251953e-01,3.475180864334106445e-01,1.436848878860473633e+00,1.436848878860473633e+00,1.439382791519165039e+00,1.359068393707275391e+00
1.250000000000000000e+02,2.138188838958740234e+00,2.138188838958740234e+00,1.957423210144042969e+00,2.105506181716918945e+00,1.718706607818603516e+00,1.718706607818603516e+00,1.484946966171264648e+00,1.975116729736328125e+00,7.439336776733398438e-01,7.439336776733398438e-01,4.497945010662078857e-01,1.180943489074707031e+00,5.073253437876701355e-02,5.073253437876701355e-02,4.989423602819442749e-02,2.481646686792373657e-01,9.286524355411529541e-02,9.286524355411529541e-02,4.134118854999542236e-01,8.232882618904113770e-02,5.807179808616638184e-01,5.807179808616638184e-01,9.376484155654907227e-01,3.564717173576354980e-01,1.447613596916198730e+00,1.447613596916198730e+00,1.430175065994262695e+00,1.378627181053161621e+00
1.260000000000000000e+02,2.143043994903564453e+00,2.143043994903564453e+00,1.951615571975708008e+00,2.122063875198364258e+00,1.719078660011291504e+00,1.719078660011291504e+00,1.467477083206176758e+00,1.981513738632202148e+00,7.351308465003967285e-01,7.351308465003967285e-01,4.396243393421173096e-01,1.175592660903930664e+00,5.110584944486618042e-02,5.110584944486618042e-02,4.953837022185325623e-02,2.375603020191192627e-01,9.414890408515930176e-02,9.414890408515930176e-02,4.105497598648071289e-01,7.819002121686935425e-02,5.805969238281250000e-01,5.805969238281250000e-01,9.296388030052185059e-01,3.635753989219665527e-01,1.457810521125793457e+00,1.457810521125793457e+00,1.420202612876892090e+00,1.395257949829101562e+00
1.270000000000000000e+02,2.148992538452148438e+00,2.148992538452148438e+00,1.953105688095092773e+00,2.137231588363647461e+00,1.715472459793090820e+00,1.715472459793090820e+00,1.450243830680847168e+00,1.988494873046875000e+00,7.259859442710876465e-01,7.259859442710876465e-01,4.299955368041992188e-01,1.170147180557250977e+00,5.101784318685531616e-02,5.101784318685531616e-02,4.928030073642730713e-02,2.304202020168304443e-01,9.592160582542419434e-02,9.592160582542419434e-02,4.078698158264160156e-01,7.589120417833328247e-02,5.810937881469726562e-01,5.810937881469726562e-01,9.214481711387634277e-01,3.786327242851257324e-01,1.468200206756591797e+00,1.468200206756591797e+00,1.409930586814880371e+00,1.419196724891662598e+00
1.280000000000000000e+02,2.153604269027709961e+00,2.153604269027709961e+00,1.946954011917114258e+00,2.155426502227783203e+00,1.716503143310546875e+00,1.716503143310546875e+00,1.432775735855102539e+00,1.994440674781799316e+00,7.165974378585815430e-01,7.165974378585815430e-01,4.211274981498718262e-01,1.164333105087280273e+00,5.156823247671127319e-02,5.156823247671127319e-02,4.929294064640998840e-02,2.215580344200134277e-01,9.781541675329208374e-02,9.781541675329208374e-02,4.043536186218261719e-01,7.392317056655883789e-02,5.811791419982910156e-01,5.811791419982910156e-01,9.124720096588134766e-01,3.910946249961853027e-01,1.478798627853393555e+00,1.478798627853393555e+00,1.400127291679382324e+00,1.429664611816406250e+00
1.290000000000000000e+02,2.158427953720092773e+00,2.158427953720092773e+00,1.940174579620361328e+00,2.171285867691040039e+00,1.713917255401611328e+00,1.713917255401611328e+00,1.416298627853393555e+00,2.000641345977783203e+00,7.032911777496337891e-01,7.032911777496337891e-01,4.135839939117431641e-01,1.158944606781005859e+00,5.366117507219314575e-02,5.366117507219314575e-02,5.040153115987777710e-02,2.093784213066101074e-01,9.913948178291320801e-02,9.913948178291320801e-02,4.011356234550476074e-01,7.196471095085144043e-02,5.807773470878601074e-01,5.807773470878601074e-01,9.026610255241394043e-01,4.034851193428039551e-01,1.488400697708129883e+00,1.488400697708129883e+00,1.381453871726989746e+00,1.461279511451721191e+00
1.300000000000000000e+02,2.162848949432373047e+00,2.162848949432373047e+00,1.933263778686523438e+00,2.184308767318725586e+00,1.713617324829101562e+00,1.713617324829101562e+00,1.399467468261718750e+00,2.006859779357910156e+00,6.994715929031372070e-01,6.994715929031372070e-01,4.063141345977783203e-01,1.153151631355285645e+00,5.539256334304809570e-02,5.539256334304809570e-02,5.149552598595619202e-02,2.092103809118270874e-01,1.000040769577026367e-01,1.000040769577026367e-01,3.977989554405212402e-01,6.991712749004364014e-02,5.799092054367065430e-01,5.799092054367065430e-01,8.919798731803894043e-01,4.156087636947631836e-01,1.500091433525085449e+00,1.500091433525085449e+00,1.383398175239562988e+00,1.481761813163757324e+00
1.310000000000000000e+02,2.166868448257446289e+00,2.166868448257446289e+00,1.926030039787292480e+00,2.201686859130859375e+00,1.706728339195251465e+00,1.706728339195251465e+00,1.383419632911682129e+00,2.011452198028564453e+00,6.904926300048828125e-01,6.904926300048828125e-01,3.983310461044311523e-01,1.146631002426147461e+00,5.703382194042205811e-02,5.703382194042205811e-02,5.277341604232788086e-02,1.974241584539413452e-01,1.004466861486434937e-01,1.004466861486434937e-01,3.937559127807617188e-01,6.786371767520904541e-02,5.785505175590515137e-01,5.785505175590515137e-01,8.807646632194519043e-01,4.274919331073760986e-01,1.509764671325683594e+00,1.509764671325683594e+00,1.375350475311279297e+00,1.502529144287109375e+00
1.320000000000000000e+02,2.170483112335205078e+00,2.170483112335205078e+00,1.918490648269653320e+00,2.216481685638427734e+00,1.709379434585571289e+00,1.709379434585571289e+00,1.367401123046875000e+00,2.015903234481811523e+00,6.813332438468933105e-01,6.813332438468933105e-01,3.924058675765991211e-01,1.139802694320678711e+00,5.889607965946197510e-02,5.889607965946197510e-02,5.423904210329055786e-02,1.990191638469696045e-01,1.006225869059562683e-01,1.006225869059562683e-01,3.892542123794555664e-01,6.643906235694885254e-02,5.767243504524230957e-01,5.767243504524230957e-01,8.700722455978393555e-01,4.389334917068481445e-01,1.519932985305786133e+00,1.519932985305786133e+00,1.367230057716369629e+00,1.522431015968322754e+00
1.330000000000000000e+02,2.173948764801025391e+00,2.173948764801025391e+00,1.910615205764770508e+00,2.230638027191162109e+00,1.706236958503723145e+00,1.706236958503723145e+00,1.351039052009582520e+00,2.020289897918701172e+00,6.716147661209106445e-01,6.716147661209106445e-01,3.852595090866088867e-01,1.132276058197021484e+00,6.034437566995620728e-02,6.034437566995620728e-02,5.538078024983406067e-02,1.937698125839233398e-01,1.004382818937301636e-01,1.004382818937301636e-01,3.842948973178863525e-01,6.521649658679962158e-02,5.748517513275146484e-01,5.748517513275146484e-01,8.576539754867553711e-01,4.497584104537963867e-01,1.528527498245239258e+00,1.528527498245239258e+00,1.357987165451049805e+00,1.542084097862243652e+00
1.340000000000000000e+02,2.177223682403564453e+00,2.177223682403564453e+00,1.902765393257141113e+00,2.228333473205566406e+00,1.702478408813476562e+00,1.702478408813476562e+00,1.334513425827026367e+00,2.024691104888916016e+00,6.612116694450378418e-01,6.612116694450378418e-01,3.782219290733337402e-01,1.124581098556518555e+00,6.198185309767723083e-02,6.198185309767723083e-02,5.639687925577163696e-02,1.887758076190948486e-01,1.001814678311347961e-01,1.001814678311347961e-01,3.748987317085266113e-01,6.456573307514190674e-02,5.726147294044494629e-01,5.726147294044494629e-01,8.457078933715820312e-01,4.626708030700683594e-01,1.538960218429565430e+00,1.538960218429565430e+00,1.349965929985046387e+00,1.562865614891052246e+00
1.350000000000000000e+02,2.180354833602905273e+00,2.180354833602905273e+00,1.894650936126708984e+00,2.254488229751586914e+00,1.698343753814697266e+00,1.698343753814697266e+00,1.317907810211181641e+00,2.028582096099853516e+00,6.502568721771240234e-01,6.502568721771240234e-01,3.703419864177703857e-01,1.115840077400207520e+00,6.383559852838516235e-02,6.383559852838516235e-02,5.739990249276161194e-02,1.812731921672821045e-01,9.971837699413299561e-02,9.971837699413299561e-02,3.737224042415618896e-01,6.400490552186965942e-02,5.698102116584777832e-01,5.698102116584777832e-01,8.321716189384460449e-01,4.759961068630218506e-01,1.548660278320312500e+00,1.548660278320312500e+00,1.341493844985961914e+00,1.582842111587524414e+00
1.360000000000000000e+02,2.182629585266113281e+00,2.182629585266113281e+00,1.886278629302978516e+00,2.271385669708251953e+00,1.693680763244628906e+00,1.693680763244628906e+00,1.298897743225097656e+00,2.032056331634521484e+00,6.389356255531311035e-01,6.389356255531311035e-01,3.638472855091094971e-01,1.106851816177368164e+00,6.542627513408660889e-02,6.542627513408660889e-02,5.823891609907150269e-02,1.790056973695755005e-01,9.903107583522796631e-02,9.903107583522796631e-02,3.641328215599060059e-01,6.374793499708175659e-02,5.667725801467895508e-01,5.667725801467895508e-01,8.186237215995788574e-01,4.893731772899627686e-01,1.558043479919433594e+00,1.558043479919433594e+00,1.332004070281982422e+00,1.602978229522705078e+00
1.370000000000000000e+02,2.185405015945434570e+00,2.185405015945434570e+00,1.864887356758117676e+00,2.283629417419433594e+00,1.688512802124023438e+00,1.688512802124023438e+00,1.284746885299682617e+00,2.034571170806884766e+00,6.235932707786560059e-01,6.235932707786560059e-01,3.564266562461853027e-01,1.096981525421142578e+00,6.682857125997543335e-02,6.682857125997543335e-02,5.899308621883392334e-02,1.741977930068969727e-01,9.804723411798477173e-02,9.804723411798477173e-02,3.628184795379638672e-01,6.366985291242599487e-02,5.601766705513000488e-01,5.601766705513000488e-01,8.038926720619201660e-01,5.023614764213562012e-01,1.566273212432861328e+00,1.566273212432861328e+00,1.322961568832397461e+00,1.622909307479858398e+00
1.380000000000000000e+02,2.187453031539916992e+00,2.187453031539916992e+00,1.868863821029663086e+00,2.295415878295898438e+00,1.682868957519531250e+00,1.682868957519531250e+00,1.267830133438110352e+00,2.036772251129150391e+00,6.146587133407592773e-01,6.146587133407592773e-01,3.487779200077056885e-01,1.086524724960327148e+00,6.804600358009338379e-02,6.804600358009338379e-02,5.954199656844139099e-02,1.677388697862625122e-01,9.680840373039245605e-02,9.680840373039245605e-02,3.570761978626251221e-01,6.357125192880630493e-02,5.588865280151367188e-01,5.588865280151367188e-01,7.900912761688232422e-01,5.151290893554687500e-01,1.575598716735839844e+00,1.575598716735839844e+00,1.314348936080932617e+00,1.642397642135620117e+00
1.390000000000000000e+02,2.189280986785888672e+00,2.189280986785888672e+00,1.860199928283691406e+00,2.306709766387939453e+00,1.676594495773315430e+00,1.676594495773315430e+00,1.250890374183654785e+00,2.037688255310058594e+00,6.016424894332885742e-01,6.016424894332885742e-01,3.427791297435760498e-01,1.075665235519409180e+00,6.902378797531127930e-02,6.902378797531127930e-02,6.002066284418106079e-02,1.642269492149353027e-01,9.549962729215621948e-02,9.549962729215621948e-02,3.510575890541076660e-01,6.344989687204360962e-02,5.547539591789245605e-01,5.547539591789245605e-01,7.759293317794799805e-01,5.269966721534729004e-01,1.583884239196777344e+00,1.583884239196777344e+00,1.306974649429321289e+00,1.661255955696105957e+00
1.400000000000000000e+02,2.183590888977050781e+00,2.183590888977050781e+00,1.851553201675415039e+00,2.317667484283447266e+00,1.670254945755004883e+00,1.670254945755004883e+00,1.234150767326354980e+00,2.033819198608398438e+00,5.882209539413452148e-01,5.882209539413452148e-01,3.373364210128784180e-01,1.064698696136474609e+00,6.999985128641128540e-02,6.999985128641128540e-02,6.068636104464530945e-02,1.611266136169433594e-01,9.424805641174316406e-02,9.424805641174316406e-02,3.457022309303283691e-01,6.342181563377380371e-02,5.502052307128906250e-01,5.502052307128906250e-01,7.620663642883300781e-01,5.401607751846313477e-01,1.592156887054443359e+00,1.592156887054443359e+00,1.299837470054626465e+00,1.679706811904907227e+00
1.410000000000000000e+02,2.191934347152709961e+00,2.191934347152709961e+00,1.842728137969970703e+00,2.325131893157958984e+00,1.663634061813354492e+00,1.663634061813354492e+00,1.217006921768188477e+00,2.038768053054809570e+00,5.747816562652587891e-01,5.747816562652587891e-01,3.312713801860809326e-01,1.053395152091979980e+00,7.095119357109069824e-02,7.095119357109069824e-02,6.149277091026306152e-02,1.573743820190429688e-01,9.299649298191070557e-02,9.299649298191070557e-02,3.395674526691436768e-01,6.332153826951980591e-02,5.454934835433959961e-01,5.454934835433959961e-01,7.477729320526123047e-01,5.545520782470703125e-01,1.600094795227050781e+00,1.600094795227050781e+00,1.292304277420043945e+00,1.697857618331909180e+00
1.420000000000000000e+02,2.192797183990478516e+00,2.192797183990478516e+00,1.831685662269592285e+00,2.336303234100341797e+00,1.656585216522216797e+00,1.656585216522216797e+00,1.200701355934143066e+00,2.037939548492431641e+00,5.622617006301879883e-01,5.622617006301879883e-01,3.271161317825317383e-01,1.041872978210449219e+00,7.180507481098175049e-02,7.180507481098175049e-02,6.255026906728744507e-02,1.545546054840087891e-01,9.165677428245544434e-02,9.165677428245544434e-02,3.337753117084503174e-01,6.303678452968597412e-02,5.416200160980224609e-01,5.416200160980224609e-01,7.338943481445312500e-01,5.682713985443115234e-01,1.607976794242858887e+00,1.607976794242858887e+00,1.284454822540283203e+00,1.715444564819335938e+00
1.430000000000000000e+02,2.193373441696166992e+00,2.193373441696166992e+00,1.825438261032104492e+00,2.344915151596069336e+00,1.650223970413208008e+00,1.650223970413208008e+00,1.184703826904296875e+00,2.036437273025512695e+00,5.509908795356750488e-01,5.509908795356750488e-01,3.229778409004211426e-01,1.029721379280090332e+00,7.309069484472274780e-02,7.309069484472274780e-02,6.433805078268051147e-02,1.514109373092651367e-01,9.071670472621917725e-02,9.071670472621917725e-02,3.272722065448760986e-01,6.258917599916458130e-02,5.385680794715881348e-01,5.385680794715881348e-01,7.192177176475524902e-01,5.808308124542236328e-01,1.609783053398132324e+00,1.609783053398132324e+00,1.278445363044738770e+00,1.730557918548583984e+00
1.440000000000000000e+02,2.193606376647949219e+00,2.193606376647949219e+00,1.814373731613159180e+00,2.353888988494873047e+00,1.644410610198974609e+00,1.644410610198974609e+00,1.169346928596496582e+00,2.035203456878662109e+00,5.407792329788208008e-01,5.407792329788208008e-01,3.169617652893066406e-01,1.017770767211914062e+00,7.397279143333435059e-02,7.397279143333435059e-02,6.681861728429794312e-02,1.490998566150665283e-01,9.008436650037765503e-02,9.008436650037765503e-02,3.203755915164947510e-01,6.275330483913421631e-02,5.358870029449462891e-01,5.358870029449462891e-01,7.042197585105895996e-01,5.961460471153259277e-01,1.621191263198852539e+00,1.621191263198852539e+00,1.271070957183837891e+00,1.750587940216064453e+00
1.450000000000000000e+02,2.189829587936401367e+00,2.189829587936401367e+00,1.808561801910400391e+00,2.361432790756225586e+00,1.638605117797851562e+00,1.638605117797851562e+00,1.153254628181457520e+00,2.032911062240600586e+00,5.304106473922729492e-01,5.304106473922729492e-01,3.168306946754455566e-01,1.006412148475646973e+00,7.635303586721420288e-02,7.635303586721420288e-02,6.920318305492401123e-02,1.466032117605209351e-01,9.064802527427673340e-02,9.064802527427673340e-02,3.150491416454315186e-01,6.288928538560867310e-02,5.327197313308715820e-01,5.327197313308715820e-01,6.816217899322509766e-01,6.096357107162475586e-01,1.629824638366699219e+00,1.629824638366699219e+00,1.261781454086303711e+00,1.767702698707580566e+00
1.460000000000000000e+02,2.192905902862548828e+00,2.192905902862548828e+00,1.800216317176818848e+00,2.366304159164428711e+00,1.632440209388732910e+00,1.632440209388732910e+00,1.138354301452636719e+00,2.030689716339111328e+00,5.206863284111022949e-01,5.206863284111022949e-01,3.144166469573974609e-01,9.939610958099365234e-01,7.775056362152099609e-02,7.775056362152099609e-02,7.150597125291824341e-02,1.438539624214172363e-01,9.090648591518402100e-02,9.090648591518402100e-02,3.093768358230590820e-01,6.302940845489501953e-02,5.339683294296264648e-01,5.339683294296264648e-01,6.776657700538635254e-01,6.236538290977478027e-01,1.637181520462036133e+00,1.637181520462036133e+00,1.261163234710693359e+00,1.784150838851928711e+00
1.470000000000000000e+02,2.192734241485595703e+00,2.192734241485595703e+00,1.791722297668457031e+00,2.374619245529174805e+00,1.625665903091430664e+00,1.625665903091430664e+00,1.122497677803039551e+00,2.027851819992065430e+00,5.082592964172363281e-01,5.082592964172363281e-01,3.119726777076721191e-01,9.810066819190979004e-01,7.877819240093231201e-02,7.877819240093231201e-02,7.387595623731613159e-02,1.411983668804168701e-01,9.075091779232025146e-02,9.075091779232025146e-02,3.033547997474670410e-01,6.300368160009384155e-02,5.351920723915100098e-01,5.351920723915100098e-01,6.637987494468688965e-01,6.395500898361206055e-01,1.643739104270935059e+00,1.643739104270935059e+00,1.255900621414184570e+00,1.799504160881042480e+00
1.480000000000000000e+02,2.191803932189941406e+00,2.191803932189941406e+00,1.776054382324218750e+00,2.378987789154052734e+00,1.618148088455200195e+00,1.618148088455200195e+00,1.108118891716003418e+00,2.023953437805175781e+00,5.061689615249633789e-01,5.061689615249633789e-01,3.116092085838317871e-01,9.672003984451293945e-01,7.934778928756713867e-02,7.934778928756713867e-02,7.613620162010192871e-02,1.372488439083099365e-01,9.011203050613403320e-02,9.011203050613403320e-02,2.968302965164184570e-01,6.296973675489425659e-02,5.369096994400024414e-01,5.369096994400024414e-01,6.495602130889892578e-01,6.534958481788635254e-01,1.651033639907836914e+00,1.651033639907836914e+00,1.251024365425109863e+00,1.816212415695190430e+00
1.490000000000000000e+02,2.190587043762207031e+00,2.190587043762207031e+00,1.774124145507812500e+00,2.385286569595336914e+00,1.610685586929321289e+00,1.610685586929321289e+00,1.093119859695434570e+00,2.018938064575195312e+00,5.008455514907836914e-01,5.008455514907836914e-01,3.110882043838500977e-01,9.537549614906311035e-01,7.998379319906234741e-02,7.998379319906234741e-02,7.831478118896484375e-02,1.360127627849578857e-01,8.927522599697113037e-02,8.927522599697113037e-02,2.897236049175262451e-01,6.324259936809539795e-02,5.401598215103149414e-01,5.401598215103149414e-01,6.345745325088500977e-01,6.697361469268798828e-01,1.656653881072998047e+00,1.656653881072998047e+00,1.245718240737915039e+00,1.831148862838745117e+00
1.500000000000000000e+02,2.189059019088745117e+00,2.189059019088745117e+00,1.765115976333618164e+00,2.389616250991821289e+00,1.604234695434570312e+00,1.604234695434570312e+00,1.080021858215332031e+00,2.015063047409057617e+00,4.979147315025329590e-01,4.979147315025329590e-01,3.124525547027587891e-01,9.403403997421264648e-01,8.129388839006423950e-02,8.129388839006423950e-02,8.174502849578857422e-02,1.346990466117858887e-01,8.871962875127792358e-02,8.871962875127792358e-02,2.827533781528472900e-01,6.350375711917877197e-02,5.438684821128845215e-01,5.438684821128845215e-01,6.190697550773620605e-01,6.853932142257690430e-01,1.661671519279479980e+00,1.661671519279479980e+00,1.239843845367431641e+00,1.845778584480285645e+00
1.510000000000000000e+02,2.184278726577758789e+00,2.184278726577758789e+00,1.753042459487915039e+00,2.392996311187744141e+00,1.597396731376647949e+00,1.597396731376647949e+00,1.067444086074829102e+00,2.009951114654541016e+00,4.953076839447021484e-01,4.953076839447021484e-01,3.137019276618957520e-01,9.264221787452697754e-01,8.262650668621063232e-02,8.262650668621063232e-02,8.498816192150115967e-02,1.330905258655548096e-01,8.786778897047042847e-02,8.786778897047042847e-02,2.749147415161132812e-01,6.415304541587829590e-02,5.478062629699707031e-01,5.478062629699707031e-01,6.030346155166625977e-01,7.005963325500488281e-01,1.659272670745849609e+00,1.659272670745849609e+00,1.233527779579162598e+00,1.860313534736633301e+00
1.520000000000000000e+02,2.185281991958618164e+00,2.185281991958618164e+00,1.746705055236816406e+00,2.396493673324584961e+00,1.591082334518432617e+00,1.591082334518432617e+00,1.053546428680419922e+00,2.001114845275878906e+00,4.916157722473144531e-01,4.916157722473144531e-01,3.166819512844085693e-01,9.123924970626831055e-01,8.374278247356414795e-02,8.374278247356414795e-02,8.793865144252777100e-02,1.311869174242019653e-01,8.760365098714828491e-02,8.760365098714828491e-02,2.665345966815948486e-01,6.489619612693786621e-02,5.508420467376708984e-01,5.508420467376708984e-01,5.874010920524597168e-01,7.157581448554992676e-01,1.669911623001098633e+00,1.669911623001098633e+00,1.226706981658935547e+00,1.873984694480895996e+00
1.530000000000000000e+02,2.183184862136840820e+00,2.183184862136840820e+00,1.736953496932983398e+00,2.399013519287109375e+00,1.584132909774780273e+00,1.584132909774780273e+00,1.038929939270019531e+00,1.996282458305358887e+00,4.877555370330810547e-01,4.877555370330810547e-01,3.206755518913269043e-01,8.977605700492858887e-01,8.428176492452621460e-02,8.428176492452621460e-02,9.063032269477844238e-02,1.288998126983642578e-01,8.685261011123657227e-02,8.685261011123657227e-02,2.577373981475830078e-01,6.638272106647491455e-02,5.535565614700317383e-01,5.535565614700317383e-01,5.707210302352905273e-01,7.334487438201904297e-01,1.673406958580017090e+00,1.673406958580017090e+00,1.219800710678100586e+00,1.887307405471801758e+00
1.540000000000000000e+02,2.180831432342529297e+00,2.180831432342529297e+00,1.727765679359436035e+00,2.400955438613891602e+00,1.576547145843505859e+00,1.576547145843505859e+00,1.030271053314208984e+00,1.990318894386291504e+00,4.834204912185668945e-01,4.834204912185668945e-01,3.238736987113952637e-01,8.828076124191284180e-01,8.460052311420440674e-02,8.460052311420440674e-02,9.285190701484680176e-02,1.263143718242645264e-01,8.557573705911636353e-02,8.557573705911636353e-02,2.485396265983581543e-01,6.816488504409790039e-02,5.558338761329650879e-01,5.558338761329650879e-01,5.541632175445556641e-01,7.463870048522949219e-01,1.677886962890625000e+00,1.677886962890625000e+00,1.212243080139160156e+00,1.897989392280578613e+00
1.550000000000000000e+02,2.178095340728759766e+00,2.178095340728759766e+00,1.718028068542480469e+00,2.402299880981445312e+00,1.568629980087280273e+00,1.568629980087280273e+00,1.015521287918090820e+00,1.982541561126708984e+00,4.725272059440612793e-01,4.725272059440612793e-01,3.267289996147155762e-01,8.676531314849853516e-01,8.455151319503784180e-02,8.455151319503784180e-02,9.483283013105392456e-02,1.233800053596496582e-01,8.445531874895095825e-02,8.445531874895095825e-02,2.393650561571121216e-01,7.034517824649810791e-02,5.579038858413696289e-01,5.579038858413696289e-01,5.377002954483032227e-01,7.670925855636596680e-01,1.670835614204406738e+00,1.670835614204406738e+00,1.204528331756591797e+00,1.913147091865539551e+00
1.560000000000000000e+02,2.175238609313964844e+00,2.175238609313964844e+00,1.708783388137817383e+00,2.402632236480712891e+00,1.560463428497314453e+00,1.560463428497314453e+00,1.008714318275451660e+00,1.974419355392456055e+00,4.742393493652343750e-01,4.742393493652343750e-01,3.298135399818420410e-01,8.530113697052001953e-01,8.468529582023620605e-02,8.468529582023620605e-02,9.677132964134216309e-02,1.203252673149108887e-01,8.294577896595001221e-02,8.294577896595001221e-02,2.299553602933883667e-01,7.257986068725585938e-02,5.599691867828369141e-01,5.599691867828369141e-01,5.214801430702209473e-01,7.848842144012451172e-01,1.683412790298461914e+00,1.683412790298461914e+00,1.196742415428161621e+00,1.925852298736572266e+00
1.570000000000000000e+02,2.172168731689453125e+00,2.172168731689453125e+00,1.698917984962463379e+00,2.401816368103027344e+00,1.551987290382385254e+00,1.551987290382385254e+00,9.984365701675415039e-01,1.965679883956909180e+00,4.695510864257812500e-01,4.695510864257812500e-01,3.333657979965209961e-01,8.382078409194946289e-01,8.475985378026962280e-02,8.475985378026962280e-02,9.734180569648742676e-02,1.162926256656646729e-01,7.911727577447891235e-02,7.911727577447891235e-02,2.199969440698623657e-01,7.550944387912750244e-02,5.613974332809448242e-01,5.613974332809448242e-01,5.064337253570556641e-01,8.014782667160034180e-01,1.685634374618530273e+00,1.685634374618530273e+00,1.188627958297729492e+00,1.935679197311401367e+00
1.580000000000000000e+02,2.162607192993164062e+00,2.162607192993164062e+00,1.689528584480285645e+00,2.402064800262451172e+00,1.543816089630126953e+00,1.543816089630126953e+00,9.895704984664916992e-01,1.953453779220581055e+00,4.651635289192199707e-01,4.651635289192199707e-01,3.371324539184570312e-01,8.124032616615295410e-01,8.501470834016799927e-02,8.501470834016799927e-02,1.004725992679595947e-01,1.137772127985954285e-01,7.942539453506469727e-02,7.942539453506469727e-02,2.101491391658782959e-01,7.825646549463272095e-02,5.629870295524597168e-01,5.629870295524597168e-01,4.918990731239318848e-01,8.180638551712036133e-01,1.687790632247924805e+00,1.687790632247924805e+00,1.181079149246215820e+00,1.943899393081665039e+00
1.590000000000000000e+02,2.164262533187866211e+00,2.164262533187866211e+00,1.681653738021850586e+00,2.401350975036621094e+00,1.535236358642578125e+00,1.535236358642578125e+00,9.805607795715332031e-01,1.947280049324035645e+00,4.609285593032836914e-01,4.609285593032836914e-01,3.419243693351745605e-01,8.114277124404907227e-01,8.536781370639801025e-02,8.536781370639801025e-02,1.026350036263465881e-01,1.106992512941360474e-01,7.883177697658538818e-02,7.883177697658538818e-02,2.032177001237869263e-01,8.168392628431320190e-02,5.666967034339904785e-01,5.666967034339904785e-01,4.809306263923645020e-01,8.349717259407043457e-01,1.691075086593627930e+00,1.691075086593627930e+00,1.176107645034790039e+00,1.953956484794616699e+00
1.600000000000000000e+02,2.155424118041992188e+00,2.155424118041992188e+00,1.675438880920410156e+00,2.399700880050659180e+00,1.526416301727294922e+00,1.526416301727294922e+00,9.742959141731262207e-01,1.933055400848388672e+00,4.592931270599365234e-01,4.592931270599365234e-01,3.486803770065307617e-01,7.995958328247070312e-01,8.666154742240905762e-02,8.666154742240905762e-02,1.057452559471130371e-01,1.078439131379127502e-01,7.685987651348114014e-02,7.685987651348114014e-02,1.977166086435317993e-01,8.531082421541213989e-02,5.727065801620483398e-01,5.727065801620483398e-01,4.727284908294677734e-01,8.514620661735534668e-01,1.695246934890747070e+00,1.695246934890747070e+00,1.172513246536254883e+00,1.967320084571838379e+00
1.610000000000000000e+02,2.156992435455322266e+00,2.156992435455322266e+00,1.668903350830078125e+00,2.396838665008544922e+00,1.519188642501831055e+00,1.519188642501831055e+00,9.707916975021362305e-01,1.925512433052062988e+00,4.587698578834533691e-01,4.587698578834533691e-01,3.555994927883148193e-01,7.781631946563720703e-01,8.827973157167434692e-02,8.827973157167434692e-02,1.082139313220977783e-01,1.048610284924507141e-01,7.920127362012863159e-02,7.920127362012863159e-02,1.924213320016860962e-01,8.914855122566223145e-02,5.796212553977966309e-01,5.796212553977966309e-01,4.652754962444305420e-01,8.697761893272399902e-01,1.699215173721313477e+00,1.699215173721313477e+00,1.169389843940734863e+00,1.975750684738159180e+00
1.620000000000000000e+02,2.152949810028076172e+00,2.152949810028076172e+00,1.663217425346374512e+00,2.394205093383789062e+00,1.511478424072265625e+00,1.511478424072265625e+00,9.671732783317565918e-01,1.918499231338500977e+00,4.608111083507537842e-01,4.608111083507537842e-01,3.638098835945129395e-01,7.772229313850402832e-01,9.029685705900192261e-02,9.029685705900192261e-02,1.130589693784713745e-01,1.026240885257720947e-01,7.988072931766510010e-02,7.988072931766510010e-02,1.887327283620834351e-01,9.353198111057281494e-02,5.885685682296752930e-01,5.885685682296752930e-01,4.595136046409606934e-01,8.866771459579467773e-01,1.703561305999755859e+00,1.703561305999755859e+00,1.167481660842895508e+00,1.983590483665466309e+00
1.630000000000000000e+02,2.147978305816650391e+00,2.147978305816650391e+00,1.657792329788208008e+00,2.388395309448242188e+00,1.503523349761962891e+00,1.503523349761962891e+00,9.647105932235717773e-01,1.908614635467529297e+00,4.652703404426574707e-01,4.652703404426574707e-01,3.725543618202209473e-01,7.663795351982116699e-01,9.254248440265655518e-02,9.254248440265655518e-02,1.178697645664215088e-01,1.001549363136291504e-01,7.998984307050704956e-02,7.998984307050704956e-02,1.854606866836547852e-01,9.908615797758102417e-02,6.002791523933410645e-01,6.002791523933410645e-01,4.539107680320739746e-01,9.033247232437133789e-01,1.707278370857238770e+00,1.707278370857238770e+00,1.165477275848388672e+00,1.990307569503784180e+00
1.640000000000000000e+02,2.143622159957885742e+00,2.143622159957885742e+00,1.652379989624023438e+00,2.385688543319702148e+00,1.497037172317504883e+00,1.497037172317504883e+00,9.630845785140991211e-01,1.898404836654663086e+00,4.716097712516784668e-01,4.716097712516784668e-01,3.828558921813964844e-01,7.557234168052673340e-01,9.543498605489730835e-02,9.543498605489730835e-02,1.225861087441444397e-01,9.810219705104827881e-02,8.109334111213684082e-02,8.109334111213684082e-02,1.814213246107101440e-01,1.047775000333786011e-01,6.122897863388061523e-01,6.122897863388061523e-01,4.481667876243591309e-01,9.190843701362609863e-01,1.710616111755371094e+00,1.710616111755371094e+00,1.163563609123229980e+00,1.996655702590942383e+00
1.650000000000000000e+02,2.138619661331176758e+00,2.138619661331176758e+00,1.647351980209350586e+00,2.382377147674560547e+00,1.492484569549560547e+00,1.492484569549560547e+00,9.628240466117858887e-01,1.889346837997436523e+00,4.796987771987915039e-01,4.796987771987915039e-01,3.947754502296447754e-01,7.469250559806823730e-01,9.917231649160385132e-02,9.917231649160385132e-02,1.283880472183227539e-01,9.618270397186279297e-02,8.251222968101501465e-02,8.251222968101501465e-02,1.778751462697982788e-01,1.103352904319763184e-01,6.242772340774536133e-01,6.242772340774536133e-01,4.427347779273986816e-01,9.350363016128540039e-01,1.713747382164001465e+00,1.713747382164001465e+00,1.161929726600646973e+00,2.002280473709106445e+00
1.660000000000000000e+02,2.133448600769042969e+00,2.133448600769042969e+00,1.642467260360717773e+00,2.377028703689575195e+00,1.464715838432312012e+00,1.464715838432312012e+00,9.635574817657470703e-01,1.880059003829956055e+00,4.893712401390075684e-01,4.893712401390075684e-01,4.079064428806304932e-01,7.378360033035278320e-01,1.033447086811065674e-01,1.033447086811065674e-01,1.342847794294357300e-01,9.560591727495193481e-02,8.317711204290390015e-02,8.317711204290390015e-02,1.745761334896087646e-01,1.160888075828552246e-01,6.368905901908874512e-01,6.368905901908874512e-01,4.376454949378967285e-01,9.507075548171997070e-01,1.716295003890991211e+00,1.716295003890991211e+00,1.160613656044006348e+00,2.006560802459716797e+00
1.670000000000000000e+02,2.128151655197143555e+00,2.128151655197143555e+00,1.638239026069641113e+00,2.371955871582031250e+00,1.482704401016235352e+00,1.482704401016235352e+00,9.666906595230102539e-01,1.870501995086669922e+00,4.975652098655700684e-01,4.975652098655700684e-01,4.214918315410614014e-01,7.290097475051879883e-01,1.071832180023193359e-01,1.071832180023193359e-01,1.404532641172409058e-01,9.467256069183349609e-02,8.366612344980239868e-02,8.366612344980239868e-02,1.709546297788619995e-01,1.217717230319976807e-01,6.487815380096435547e-01,6.487815380096435547e-01,4.332177340984344482e-01,9.651814699172973633e-01,1.655097484588623047e+00,1.655097484588623047e+00,1.159527301788330078e+00,2.010415315628051758e+00
1.680000000000000000e+02,2.113047838211059570e+00,2.113047838211059570e+00,1.633516073226928711e+00,2.366138935089111328e+00,1.478675603866577148e+00,1.478675603866577148e+00,9.705336689949035645e-01,1.861170768737792969e+00,5.107112526893615723e-01,5.107112526893615723e-01,4.331589937210083008e-01,7.205015420913696289e-01,1.103593185544013977e-01,1.103593185544013977e-01,1.463004201650619507e-01,9.390668570995330811e-02,8.490242063999176025e-02,8.490242063999176025e-02,1.674169003963470459e-01,1.274269521236419678e-01,6.633496284484863281e-01,6.633496284484863281e-01,4.290826320648193359e-01,9.800058007240295410e-01,1.716467022895812988e+00,1.716467022895812988e+00,1.158553838729858398e+00,2.012941837310791016e+00
1.690000000000000000e+02,2.117340803146362305e+00,2.117340803146362305e+00,1.630051851272583008e+00,2.359879970550537109e+00,1.474486589431762695e+00,1.474486589431762695e+00,9.748432636260986328e-01,1.851529955863952637e+00,5.124015808105468750e-01,5.124015808105468750e-01,4.488467574119567871e-01,7.122150063514709473e-01,1.138776615262031555e-01,1.138776615262031555e-01,1.529752165079116821e-01,9.293148666620254517e-02,8.603990077972412109e-02,8.603990077972412109e-02,1.636465191841125488e-01,1.345550268888473511e-01,6.755081415176391602e-01,6.755081415176391602e-01,4.259715080261230469e-01,9.943151473999023438e-01,1.720231294631958008e+00,1.720231294631958008e+00,1.157366037368774414e+00,2.015404224395751953e+00
1.700000000000000000e+02,2.109453439712524414e+00,2.109453439712524414e+00,1.626310110092163086e+00,2.351968765258789062e+00,1.470511913299560547e+00,1.470511913299560547e+00,9.798636436462402344e-01,1.841662883758544922e+00,5.321709513664245605e-01,5.321709513664245605e-01,4.623602032661437988e-01,7.042587995529174805e-01,1.162885203957557678e-01,1.162885203957557678e-01,1.578917801380157471e-01,9.181345999240875244e-02,8.657188713550567627e-02,8.657188713550567627e-02,1.598137468099594116e-01,1.430118680000305176e-01,6.877530813217163086e-01,6.877530813217163086e-01,4.231589436531066895e-01,1.007924199104309082e+00,1.719781398773193359e+00,1.719781398773193359e+00,1.155765056610107422e+00,2.016869306564331055e+00
1.710000000000000000e+02,2.106786012649536133e+00,2.106786012649536133e+00,1.622417092323303223e+00,2.346234560012817383e+00,1.466176033020019531e+00,1.466176033020019531e+00,9.851386547088623047e-01,1.831518173217773438e+00,5.424349308013916016e-01,5.424349308013916016e-01,4.757948517799377441e-01,6.960505843162536621e-01,1.185998767614364624e-01,1.185998767614364624e-01,1.628502309322357178e-01,9.099279344081878662e-02,8.697549998760223389e-02,8.697549998760223389e-02,1.560248434543609619e-01,1.484644711017608643e-01,6.990253925323486328e-01,6.990253925323486328e-01,4.195557534694671631e-01,1.017442941665649414e+00,1.718957781791687012e+00,1.718957781791687012e+00,1.151727437973022461e+00,2.017477989196777344e+00
1.720000000000000000e+02,2.099223136901855469e+00,2.099223136901855469e+00,1.618842124938964844e+00,2.339010238647460938e+00,1.461864829063415527e+00,1.461864829063415527e+00,9.908648133277893066e-01,1.821458101272583008e+00,5.501812100410461426e-01,5.501812100410461426e-01,4.890348911285400391e-01,6.902661323547363281e-01,1.209133565425872803e-01,1.209133565425872803e-01,1.671838164329528809e-01,9.028917551040649414e-02,8.714146912097930908e-02,8.714146912097930908e-02,1.522074341773986816e-01,1.595675498247146606e-01,7.092527151107788086e-01,7.092527151107788086e-01,4.163417220115661621e-01,1.033392548561096191e+00,1.717954039573669434e+00,1.717954039573669434e+00,1.152168154716491699e+00,2.017192363739013672e+00
1.730000000000000000e+02,2.095875024795532227e+00,2.095875024795532227e+00,1.615439653396606445e+00,2.331851482391357422e+00,1.457395553588867188e+00,1.457395553588867188e+00,9.967663288116455078e-01,1.811157464981079102e+00,5.598334670066833496e-01,5.598334670066833496e-01,4.933901429176330566e-01,6.831651926040649414e-01,1.228689551353454590e-01,1.228689551353454590e-01,1.718509346246719360e-01,9.012870490550994873e-02,8.704424649477005005e-02,8.704424649477005005e-02,1.482967883348464966e-01,1.674913018941879272e-01,7.193910479545593262e-01,7.193910479545593262e-01,4.128444194793701172e-01,1.032738924026489258e+00,1.716632008552551270e+00,1.716632008552551270e+00,1.147008061408996582e+00,2.015956401824951172e+00
1.740000000000000000e+02,2.087512731552124023e+00,2.087512731552124023e+00,1.612805247306823730e+00,2.323209047317504883e+00,1.450233936309814453e+00,1.450233936309814453e+00,1.005367279052734375e+00,1.801787614822387695e+00,5.744597911834716797e-01,5.744597911834716797e-01,5.182640552520751953e-01,6.737942099571228027e-01,1.275243759155273438e-01,1.275243759155273438e-01,1.774607598781585693e-01,9.082634747028350830e-02,8.664687722921371460e-02,8.664687722921371460e-02,1.439425796270370483e-01,1.751707792282104492e-01,7.280139923095703125e-01,7.280139923095703125e-01,4.005465805530548096e-01,1.056183576583862305e+00,1.715398907661437988e+00,1.715398907661437988e+00,1.149418115615844727e+00,2.014344930648803711e+00
1.750000000000000000e+02,2.081210613250732422e+00,2.081210613250732422e+00,1.611082911491394043e+00,2.316264629364013672e+00,1.455070734024047852e+00,1.455070734024047852e+00,1.017089366912841797e+00,1.793375492095947266e+00,5.898867249488830566e-01,5.898867249488830566e-01,5.377040505409240723e-01,6.786943674087524414e-01,1.341922730207443237e-01,1.341922730207443237e-01,1.860298812389373779e-01,8.889670670032501221e-02,8.600381016731262207e-02,8.600381016731262207e-02,1.392878293991088867e-01,1.825061142444610596e-01,7.387258410453796387e-01,7.387258410453796387e-01,4.113055467605590820e-01,1.065966606140136719e+00,1.713932514190673828e+00,1.713932514190673828e+00,1.147550582885742188e+00,2.011698246002197266e+00
1.760000000000000000e+02,2.069254398345947266e+00,2.069254398345947266e+00,1.609698176383972168e+00,2.307985305786132812e+00,1.455627441406250000e+00,1.455627441406250000e+00,1.028134465217590332e+00,1.785274744033813477e+00,6.048498153686523438e-01,6.048498153686523438e-01,5.573898553848266602e-01,6.718661785125732422e-01,1.405175626277923584e-01,1.405175626277923584e-01,1.951366513967514038e-01,9.367502480745315552e-02,8.512027561664581299e-02,8.512027561664581299e-02,1.343195736408233643e-01,1.894833594560623169e-01,7.470624446868896484e-01,7.470624446868896484e-01,4.107222557067871094e-01,1.075988292694091797e+00,1.711802124977111816e+00,1.711802124977111816e+00,1.145509123802185059e+00,2.008533239364624023e+00
1.770000000000000000e+02,2.074085235595703125e+00,2.074085235595703125e+00,1.608867645263671875e+00,2.297222614288330078e+00,1.457783102989196777e+00,1.457783102989196777e+00,1.043424963951110840e+00,1.778508186340332031e+00,6.227085590362548828e-01,6.227085590362548828e-01,5.788354277610778809e-01,6.814491748809814453e-01,1.482585072517395020e-01,1.482585072517395020e-01,2.050428986549377441e-01,9.586454927921295166e-02,8.400683104991912842e-02,8.400683104991912842e-02,1.294833570718765259e-01,1.958405822515487671e-01,7.551723718643188477e-01,7.551723718643188477e-01,4.099326431751251221e-01,1.084489345550537109e+00,1.709215879440307617e+00,1.709215879440307617e+00,1.143106341361999512e+00,2.005095958709716797e+00
1.780000000000000000e+02,2.070274829864501953e+00,2.070274829864501953e+00,1.608492136001586914e+00,2.288929462432861328e+00,1.460662722587585449e+00,1.460662722587585449e+00,1.058159708976745605e+00,1.771780252456665039e+00,6.395192146301269531e-01,6.395192146301269531e-01,6.003692150115966797e-01,6.840116977691650391e-01,1.555498838424682617e-01,1.555498838424682617e-01,2.148220539093017578e-01,9.798241406679153442e-02,8.266850560903549194e-02,8.266850560903549194e-02,1.242360472679138184e-01,2.025725245475769043e-01,7.616479396820068359e-01,7.616479396820068359e-01,4.091759622097015381e-01,1.091771483421325684e+00,1.705950736999511719e+00,1.705950736999511719e+00,1.140262007713317871e+00,2.000859022140502930e+00
1.790000000000000000e+02,2.066761493682861328e+00,2.066761493682861328e+00,1.608692884445190430e+00,2.280270814895629883e+00,1.464119195938110352e+00,1.464119195938110352e+00,1.073663711547851562e+00,1.766046047210693359e+00,6.582475900650024414e-01,6.582475900650024414e-01,6.192356348037719727e-01,6.872076988220214844e-01,1.626731455326080322e-01,1.626731455326080322e-01,2.243549674749374390e-01,9.985375404357910156e-02,8.102744817733764648e-02,8.102744817733764648e-02,1.188095360994338989e-01,2.086182087659835815e-01,7.690888047218322754e-01,7.690888047218322754e-01,4.075318872928619385e-01,1.099586367607116699e+00,1.702275276184082031e+00,1.702275276184082031e+00,1.132928490638732910e+00,1.996077775955200195e+00
1.800000000000000000e+02,2.063156127929687500e+00,2.063156127929687500e+00,1.609811425209045410e+00,2.274266958236694336e+00,1.469997406005859375e+00,1.469997406005859375e+00,1.086426258087158203e+00,1.761530637741088867e+00,6.797264814376831055e-01,6.797264814376831055e-01,6.470736265182495117e-01,6.856343746185302734e-01,1.713102459907531738e-01,1.713102459907531738e-01,2.359553128480911255e-01,1.028945818543434143e-01,7.922837883234024048e-02,7.922837883234024048e-02,1.132347360253334045e-01,2.144850492477416992e-01,7.760232686996459961e-01,7.760232686996459961e-01,4.065530300140380859e-01,1.106081485748291016e+00,1.698265194892883301e+00,1.698265194892883301e+00,1.134186267852783203e+00,1.991149544715881348e+00
1.810000000000000000e+02,2.060074806213378906e+00,2.060074806213378906e+00,1.611779451370239258e+00,2.264041900634765625e+00,1.478076457977294922e+00,1.478076457977294922e+00,1.112320184707641602e+00,1.758996486663818359e+00,7.030974626541137695e-01,7.030974626541137695e-01,6.741189956665039062e-01,7.000613212585449219e-01,1.810409724712371826e-01,1.810409724712371826e-01,2.493748366832733154e-01,1.061507016420364380e-01,7.727731764316558838e-02,7.727731764316558838e-02,1.074611544609069824e-01,2.206040322780609131e-01,7.822124958038330078e-01,7.822124958038330078e-01,4.047250151634216309e-01,1.111966133117675781e+00,1.693428516387939453e+00,1.693428516387939453e+00,1.131140828132629395e+00,1.986145019531250000e+00
1.820000000000000000e+02,2.052961826324462891e+00,2.052961826324462891e+00,1.614781856536865234e+00,2.257264852523803711e+00,1.477634549140930176e+00,1.477634549140930176e+00,1.134289741516113281e+00,1.757072210311889648e+00,7.276633977890014648e-01,7.276633977890014648e-01,7.028078436851501465e-01,7.086741924285888672e-01,1.911147683858871460e-01,1.911147683858871460e-01,2.623910605907440186e-01,1.110381484031677246e-01,7.449673861265182495e-02,7.449673861265182495e-02,1.016911268234252930e-01,2.260648012161254883e-01,7.877740859985351562e-01,7.877740859985351562e-01,4.036005735397338867e-01,1.117250919342041016e+00,1.688562631607055664e+00,1.688562631607055664e+00,1.127887248992919922e+00,1.980174779891967773e+00
1.830000000000000000e+02,2.055876016616821289e+00,2.055876016616821289e+00,1.618590116500854492e+00,2.248895645141601562e+00,1.497711420059204102e+00,1.497711420059204102e+00,1.156823039054870605e+00,1.755414247512817383e+00,7.518110871315002441e-01,7.518110871315002441e-01,7.297076582908630371e-01,7.159037590026855469e-01,2.003447860479354858e-01,2.003447860479354858e-01,2.761847972869873047e-01,1.147395074367523193e-01,7.259383797645568848e-02,7.259383797645568848e-02,9.619463235139846802e-02,2.311098575592041016e-01,7.925664186477661133e-01,7.925664186477661133e-01,4.031151831150054932e-01,1.121533036231994629e+00,1.682725906372070312e+00,1.682725906372070312e+00,1.125340461730957031e+00,1.969271183013916016e+00
1.840000000000000000e+02,2.054785251617431641e+00,2.054785251617431641e+00,1.623113870620727539e+00,2.240324497222900391e+00,1.508985042572021484e+00,1.508985042572021484e+00,1.182118415832519531e+00,1.754881858825683594e+00,7.766546010971069336e-01,7.766546010971069336e-01,7.597068548202514648e-01,7.255873084068298340e-01,2.078631222248077393e-01,2.078631222248077393e-01,2.894622981548309326e-01,1.186855807900428772e-01,7.017442584037780762e-02,7.017442584037780762e-02,9.060527384281158447e-02,2.354432642459869385e-01,7.967852950096130371e-01,7.967852950096130371e-01,4.031702876091003418e-01,1.125091671943664551e+00,1.676692962646484375e+00,1.676692962646484375e+00,1.110086441040039062e+00,1.964515686035156250e+00
1.850000000000000000e+02,2.054505825042724609e+00,2.054505825042724609e+00,1.628801107406616211e+00,2.232579946517944336e+00,1.521152973175048828e+00,1.521152973175048828e+00,1.208659172058105469e+00,1.755226612091064453e+00,8.018755912780761719e-01,8.018755912780761719e-01,7.887160778045654297e-01,7.382696866989135742e-01,2.147714346647262573e-01,2.147714346647262573e-01,3.020786643028259277e-01,1.228586733341217041e-01,6.761238723993301392e-02,6.761238723993301392e-02,8.506127446889877319e-02,2.410484701395034790e-01,8.008127212524414062e-01,8.008127212524414062e-01,4.031998217105865479e-01,1.128211021423339844e+00,1.654808521270751953e+00,1.654808521270751953e+00,1.119505405426025391e+00,1.958058714866638184e+00
1.860000000000000000e+02,2.054921627044677734e+00,2.054921627044677734e+00,1.635521769523620605e+00,2.225134611129760742e+00,1.534481287002563477e+00,1.534481287002563477e+00,1.234767198562622070e+00,1.756385564804077148e+00,8.270971775054931641e-01,8.270971775054931641e-01,8.182680606842041016e-01,7.499015331268310547e-01,2.266831696033477783e-01,2.266831696033477783e-01,3.143515586853027344e-01,1.272192001342773438e-01,6.529163569211959839e-02,6.529163569211959839e-02,7.986640930175781250e-02,2.473886460065841675e-01,8.045581579208374023e-01,8.045581579208374023e-01,4.033518731594085693e-01,1.130742430686950684e+00,1.663645505905151367e+00,1.663645505905151367e+00,1.117291331291198730e+00,1.945897102355957031e+00
1.870000000000000000e+02,2.056125164031982422e+00,2.056125164031982422e+00,1.643405318260192871e+00,2.218513488769531250e+00,1.550227165222167969e+00,1.550227165222167969e+00,1.265708088874816895e+00,1.758583545684814453e+00,8.538260459899902344e-01,8.538260459899902344e-01,8.490005135536193848e-01,7.630032300949096680e-01,2.354414761066436768e-01,2.354414761066436768e-01,3.275671303272247314e-01,1.314875334501266479e-01,6.345333904027938843e-02,6.345333904027938843e-02,7.452659308910369873e-02,2.531501352787017822e-01,8.076159954071044922e-01,8.076159954071044922e-01,4.031734168529510498e-01,1.132478356361389160e+00,1.656563043594360352e+00,1.656563043594360352e+00,1.114897966384887695e+00,1.940519571304321289e+00
1.880000000000000000e+02,2.058152914047241211e+00,2.058152914047241211e+00,1.652899980545043945e+00,2.212415218353271484e+00,1.567714333534240723e+00,1.567714333534240723e+00,1.296450972557067871e+00,1.761087179183959961e+00,8.802509307861328125e-01,8.802509307861328125e-01,8.809121251106262207e-01,7.759939432144165039e-01,2.442608177661895752e-01,2.442608177661895752e-01,3.403572142124176025e-01,1.356831789016723633e-01,6.295873224735260010e-02,6.295873224735260010e-02,7.030111551284790039e-02,2.577833831310272217e-01,8.081640005111694336e-01,8.081640005111694336e-01,4.048020839691162109e-01,1.134192466735839844e+00,1.650217890739440918e+00,1.650217890739440918e+00,1.113655805587768555e+00,1.930881500244140625e+00
1.890000000000000000e+02,2.060956478118896484e+00,2.060956478118896484e+00,1.662946701049804688e+00,2.206414222717285156e+00,1.586156606674194336e+00,1.586156606674194336e+00,1.327441096305847168e+00,1.763759851455688477e+00,9.042118191719055176e-01,9.042118191719055176e-01,9.124982357025146484e-01,7.890517711639404297e-01,2.527372837066650391e-01,2.527372837066650391e-01,3.524791598320007324e-01,1.392706781625747681e-01,6.314402073621749878e-02,6.314402073621749878e-02,6.652657687664031982e-02,2.643078565597534180e-01,8.138291239738464355e-01,8.138291239738464355e-01,4.066141247749328613e-01,1.135667085647583008e+00,1.644386053085327148e+00,1.644386053085327148e+00,1.113554716110229492e+00,1.921284675598144531e+00
1.900000000000000000e+02,2.064636707305908203e+00,2.064636707305908203e+00,1.675184965133666992e+00,2.200646400451660156e+00,1.599166154861450195e+00,1.599166154861450195e+00,1.360120058059692383e+00,1.767326593399047852e+00,9.337511062622070312e-01,9.337511062622070312e-01,9.440616369247436523e-01,8.018145561218261719e-01,2.532123327255249023e-01,2.532123327255249023e-01,3.641758859157562256e-01,1.423248052597045898e-01,6.332398951053619385e-02,6.332398951053619385e-02,5.830449983477592468e-02,2.690176069736480713e-01,8.167136311531066895e-01,8.167136311531066895e-01,4.063701331615447998e-01,1.136136174201965332e+00,1.633417129516601562e+00,1.633417129516601562e+00,1.114110946655273438e+00,1.910519242286682129e+00
1.910000000000000000e+02,2.067466259002685547e+00,2.067466259002685547e+00,1.688047409057617188e+00,2.195863246917724609e+00,1.625721931457519531e+00,1.625721931457519531e+00,1.393266439437866211e+00,1.771488428115844727e+00,9.595218896865844727e-01,9.595218896865844727e-01,9.750933051109313965e-01,8.140001296997070312e-01,2.680330872535705566e-01,2.680330872535705566e-01,3.752255737781524658e-01,1.447547078132629395e-01,6.393861025571823120e-02,6.393861025571823120e-02,5.961994081735610962e-02,2.739366888999938965e-01,8.189957141876220703e-01,8.189957141876220703e-01,4.112663567066192627e-01,1.136299610137939453e+00,1.631728053092956543e+00,1.631728053092956543e+00,1.114114284515380859e+00,1.899217844009399414e+00
1.920000000000000000e+02,2.074379682540893555e+00,2.074379682540893555e+00,1.701763033866882324e+00,2.177813529968261719e+00,1.636209964752197266e+00,1.636209964752197266e+00,1.425937652587890625e+00,1.775521636009216309e+00,9.840795993804931641e-01,9.840795993804931641e-01,1.005931615829467773e+00,8.256908059120178223e-01,2.739820480346679688e-01,2.739820480346679688e-01,3.849546313285827637e-01,1.462637931108474731e-01,6.610456109046936035e-02,6.610456109046936035e-02,5.603402107954025269e-02,2.793394327163696289e-01,8.207142353057861328e-01,8.207142353057861328e-01,4.133317172527313232e-01,1.134851217269897461e+00,1.625690460205078125e+00,1.625690460205078125e+00,1.113533973693847656e+00,1.887862920761108398e+00
1.930000000000000000e+02,2.080440998077392578e+00,2.080440998077392578e+00,1.716518640518188477e+00,2.187250614166259766e+00,1.671383619308471680e+00,1.671383619308471680e+00,1.462115764617919922e+00,1.779422163963317871e+00,1.007966756820678711e+00,1.007966756820678711e+00,1.036353826522827148e+00,8.348729610443115234e-01,2.788209915161132812e-01,2.788209915161132812e-01,3.947524428367614746e-01,1.477405130863189697e-01,6.860539317131042480e-02,6.860539317131042480e-02,5.249828100204467773e-02,2.835339605808258057e-01,8.218949437141418457e-01,8.218949437141418457e-01,4.155989587306976318e-01,1.134068489074707031e+00,1.618239879608154297e+00,1.618239879608154297e+00,1.113768339157104492e+00,1.851539850234985352e+00
1.940000000000000000e+02,2.087405681610107422e+00,2.087405681610107422e+00,1.732594847679138184e+00,2.183884382247924805e+00,1.697219371795654297e+00,1.697219371795654297e+00,1.499709129333496094e+00,1.784685254096984863e+00,1.032845973968505859e+00,1.032845973968505859e+00,1.067736744880676270e+00,8.490966558456420898e-01,2.839483022689819336e-01,2.839483022689819336e-01,4.043479561805725098e-01,1.493107378482818604e-01,7.259891927242279053e-02,7.259891927242279053e-02,4.897299781441688538e-02,2.895361185073852539e-01,8.219197988510131836e-01,8.219197988510131836e-01,4.176522493362426758e-01,1.131932377815246582e+00,1.610702991485595703e+00,1.610702991485595703e+00,1.115397453308105469e+00,1.863450646400451660e+00
1.950000000000000000e+02,2.095199108123779297e+00,2.095199108123779297e+00,1.748547792434692383e+00,2.180953025817871094e+00,1.724693298339843750e+00,1.724693298339843750e+00,1.536553382873535156e+00,1.789908409118652344e+00,1.057395577430725098e+00,1.057395577430725098e+00,1.100158810615539551e+00,8.612973690032958984e-01,2.891038060188293457e-01,2.891038060188293457e-01,4.149516820907592773e-01,1.499894410371780396e-01,7.737705111503601074e-02,7.737705111503601074e-02,4.646705090999603271e-02,2.951689362525939941e-01,8.222203850746154785e-01,8.222203850746154785e-01,4.204949140548706055e-01,1.129700899124145508e+00,1.604156613349914551e+00,1.604156613349914551e+00,1.115353703498840332e+00,1.850702643394470215e+00
1.960000000000000000e+02,2.103706359863281250e+00,2.103706359863281250e+00,1.766969680786132812e+00,2.178381204605102539e+00,1.752688527107238770e+00,1.752688527107238770e+00,1.576803445816040039e+00,1.795165419578552246e+00,1.077833056449890137e+00,1.077833056449890137e+00,1.131702184677124023e+00,8.725481629371643066e-01,2.922689914703369141e-01,2.922689914703369141e-01,4.242191314697265625e-01,1.496784389019012451e-01,8.192586153745651245e-02,8.192586153745651245e-02,4.401382058858871460e-02,3.002443909645080566e-01,8.171217441558837891e-01,8.171217441558837891e-01,4.228476285934448242e-01,1.127648591995239258e+00,1.597000837326049805e+00,1.597000837326049805e+00,1.119678258895874023e+00,1.837875366210937500e+00
1.970000000000000000e+02,2.113259077072143555e+00,2.113259077072143555e+00,1.788334012031555176e+00,2.176571369171142578e+00,1.780165195465087891e+00,1.780165195465087891e+00,1.615813612937927246e+00,1.800833940505981445e+00,1.104616045951843262e+00,1.104616045951843262e+00,1.133712530136108398e+00,8.829584121704101562e-01,2.955431342124938965e-01,2.955431342124938965e-01,4.320670068264007568e-01,1.488179266452789307e-01,8.708345890045166016e-02,8.708345890045166016e-02,4.290472343564033508e-02,3.058340549468994141e-01,8.223888874053955078e-01,8.223888874053955078e-01,4.263962805271148682e-01,1.125287532806396484e+00,1.590460062026977539e+00,1.590460062026977539e+00,1.123096704483032227e+00,1.824883222579956055e+00
1.980000000000000000e+02,2.123455524444580078e+00,2.123455524444580078e+00,1.808858275413513184e+00,2.175242424011230469e+00,1.807681918144226074e+00,1.807681918144226074e+00,1.657800078392028809e+00,1.806555747985839844e+00,1.126223683357238770e+00,1.126223683357238770e+00,1.192252039909362793e+00,8.923680782318115234e-01,2.968050837516784668e-01,2.968050837516784668e-01,4.378069639205932617e-01,1.472093760967254639e-01,9.193445742130279541e-02,9.193445742130279541e-02,4.166367650032043457e-02,3.131148815155029297e-01,8.221358060836791992e-01,8.221358060836791992e-01,4.295571148395538330e-01,1.122238874435424805e+00,1.584021806716918945e+00,1.584021806716918945e+00,1.126858711242675781e+00,1.811484336853027344e+00
1.990000000000000000e+02,2.134407043457031250e+00,2.134407043457031250e+00,1.830125331878662109e+00,2.174523353576660156e+00,1.834983110427856445e+00,1.834983110427856445e+00,1.697131633758544922e+00,1.812423348426818848e+00,1.146932125091552734e+00,1.146932125091552734e+00,1.220811009407043457e+00,9.008296728134155273e-01,2.966029345989227295e-01,2.966029345989227295e-01,4.444301724433898926e-01,1.450673043727874756e-01,9.636236727237701416e-02,9.636236727237701416e-02,4.053101688623428345e-02,3.168601989746093750e-01,8.226202726364135742e-01,8.226202726364135742e-01,4.319685101509094238e-01,1.118701338768005371e+00,1.576541304588317871e+00,1.576541304588317871e+00,1.130117654800415039e+00,1.797031164169311523e+00
2.000000000000000000e+02,2.146081924438476562e+00,2.146081924438476562e+00,1.851443171501159668e+00,2.171661376953125000e+00,1.856484174728393555e+00,1.856484174728393555e+00,1.737703680992126465e+00,1.818651676177978516e+00,1.162527918815612793e+00,1.162527918815612793e+00,1.248960256576538086e+00,9.086738228797912598e-01,2.955676615238189697e-01,2.955676615238189697e-01,4.474821388721466064e-01,1.430128663778305054e-01,1.006984114646911621e-01,1.006984114646911621e-01,3.983581066131591797e-02,3.253698050975799561e-01,8.146640658378601074e-01,8.146640658378601074e-01,4.341109395027160645e-01,1.114422559738159180e+00,1.568662405014038086e+00,1.568662405014038086e+00,1.132736682891845703e+00,1.782224416732788086e+00
2.010000000000000000e+02,2.158413887023925781e+00,2.158413887023925781e+00,1.875553250312805176e+00,2.174220085144042969e+00,1.890104651451110840e+00,1.890104651451110840e+00,1.777573108673095703e+00,1.825436592102050781e+00,1.186175107955932617e+00,1.186175107955932617e+00,1.276040315628051758e+00,9.156893491744995117e-01,2.935126423835754395e-01,2.935126423835754395e-01,4.527678191661834717e-01,1.405782401561737061e-01,1.045557409524917603e-01,1.045557409524917603e-01,3.907429426908493042e-02,3.312839865684509277e-01,8.194404840469360352e-01,8.194404840469360352e-01,4.359069168567657471e-01,1.109887361526489258e+00,1.560419082641601562e+00,1.560419082641601562e+00,1.138691902160644531e+00,1.767073869705200195e+00
2.020000000000000000e+02,2.171542167663574219e+00,2.171542167663574219e+00,1.899497509002685547e+00,2.174927473068237305e+00,1.917290806770324707e+00,1.917290806770324707e+00,1.817274808883666992e+00,1.832179188728332520e+00,1.204174041748046875e+00,1.204174041748046875e+00,1.299379110336303711e+00,9.199758768081665039e-01,2.902766168117523193e-01,2.902766168117523193e-01,4.553766250610351562e-01,1.379841864109039307e-01,1.080265790224075317e-01,1.080265790224075317e-01,3.943172842264175415e-02,3.360117077827453613e-01,8.170260190963745117e-01,8.170260190963745117e-01,4.373286366462707520e-01,1.102209210395812988e+00,1.552149057388305664e+00,1.552149057388305664e+00,1.144558429718017578e+00,1.751474499702453613e+00
2.030000000000000000e+02,2.185527324676513672e+00,2.185527324676513672e+00,1.924188852310180664e+00,2.176230192184448242e+00,1.944265723228454590e+00,1.944265723228454590e+00,1.856585144996643066e+00,1.832786083221435547e+00,1.220394730567932129e+00,1.220394730567932129e+00,1.325516462326049805e+00,9.263091087341308594e-01,2.862135767936706543e-01,2.862135767936706543e-01,4.568180441856384277e-01,1.354273706674575806e-01,1.110763102769851685e-01,1.110763102769851685e-01,3.983490914106369019e-02,3.402603268623352051e-01,8.140200376510620117e-01,8.140200376510620117e-01,4.387105107307434082e-01,1.095811963081359863e+00,1.539466619491577148e+00,1.539466619491577148e+00,1.148774504661560059e+00,1.734854936599731445e+00
2.040000000000000000e+02,2.200007677078247070e+00,2.200007677078247070e+00,1.949648857116699219e+00,2.177665472030639648e+00,1.970879077911376953e+00,1.970879077911376953e+00,1.896030783653259277e+00,1.846992373466491699e+00,1.236919283866882324e+00,1.236919283866882324e+00,1.350130081176757812e+00,9.304146766662597656e-01,2.808763682842254639e-01,2.808763682842254639e-01,4.534412622451782227e-01,1.328980028629302979e-01,1.139798313379287720e-01,1.139798313379287720e-01,4.020564630627632141e-02,3.440909385681152344e-01,8.103981018066406250e-01,8.103981018066406250e-01,4.392807483673095703e-01,1.087984323501586914e+00,1.535179257392883301e+00,1.535179257392883301e+00,1.157400608062744141e+00,1.718429684638977051e+00
2.050000000000000000e+02,2.214632987976074219e+00,2.214632987976074219e+00,1.975844860076904297e+00,2.180282592773437500e+00,1.999058485031127930e+00,1.999058485031127930e+00,1.935900688171386719e+00,1.855117082595825195e+00,1.252489686012268066e+00,1.252489686012268066e+00,1.372925519943237305e+00,9.337111115455627441e-01,2.761219441890716553e-01,2.761219441890716553e-01,4.544873535633087158e-01,1.297464519739151001e-01,1.172791123390197754e-01,1.172791123390197754e-01,4.075159132480621338e-02,3.478491604328155518e-01,8.066717386245727539e-01,8.066717386245727539e-01,4.392000436782836914e-01,1.080193042755126953e+00,1.527130603790283203e+00,1.527130603790283203e+00,1.165202736854553223e+00,1.701233386993408203e+00
2.060000000000000000e+02,2.230918645858764648e+00,2.230918645858764648e+00,2.002637863159179688e+00,2.181833744049072266e+00,2.027181386947631836e+00,2.027181386947631836e+00,1.974391460418701172e+00,1.858363389968872070e+00,1.267077922821044922e+00,1.267077922821044922e+00,1.393055558204650879e+00,9.349415302276611328e-01,2.626990079879760742e-01,2.626990079879760742e-01,4.552404284477233887e-01,1.258570849895477295e-01,1.206836774945259094e-01,1.206836774945259094e-01,4.130222648382186890e-02,3.510069549083709717e-01,8.023176789283752441e-01,8.023176789283752441e-01,4.385938048362731934e-01,1.070639371871948242e+00,1.518655776977539062e+00,1.518655776977539062e+00,1.171060562133789062e+00,1.671554088592529297e+00
2.070000000000000000e+02,2.247521400451660156e+00,2.247521400451660156e+00,2.030092954635620117e+00,2.186955213546752930e+00,2.056315898895263672e+00,2.056315898895263672e+00,2.013962268829345703e+00,1.871573448181152344e+00,1.280785799026489258e+00,1.280785799026489258e+00,1.407455205917358398e+00,9.376109838485717773e-01,2.641233801841735840e-01,2.641233801841735840e-01,4.530062079429626465e-01,1.213150024414062500e-01,1.249411851167678833e-01,1.249411851167678833e-01,4.162120074033737183e-02,3.533114790916442871e-01,7.971719503402709961e-01,7.971719503402709961e-01,4.374532699584960938e-01,1.060140490531921387e+00,1.511353373527526855e+00,1.511353373527526855e+00,1.180146813392639160e+00,1.665331363677978516e+00
2.080000000000000000e+02,2.263961553573608398e+00,2.263961553573608398e+00,2.058009147644042969e+00,2.187096595764160156e+00,2.086232662200927734e+00,2.086232662200927734e+00,2.051988363265991211e+00,1.879522085189819336e+00,1.292973518371582031e+00,1.292973518371582031e+00,1.424078345298767090e+00,9.381885528564453125e-01,2.576478123664855957e-01,2.576478123664855957e-01,4.386083483695983887e-01,1.155557036399841309e-01,1.297889649868011475e-01,1.297889649868011475e-01,4.170208051800727844e-02,3.550598621368408203e-01,7.912684679031372070e-01,7.912684679031372070e-01,4.358075261116027832e-01,1.048767209053039551e+00,1.503762722015380859e+00,1.503762722015380859e+00,1.188767671585083008e+00,1.647459745407104492e+00
2.090000000000000000e+02,2.281786918640136719e+00,2.281786918640136719e+00,2.086560964584350586e+00,2.195752620697021484e+00,2.116272449493408203e+00,2.116272449493408203e+00,2.090030431747436523e+00,1.880148172378540039e+00,1.304432988166809082e+00,1.304432988166809082e+00,1.452691197395324707e+00,9.380841851234436035e-01,2.506334185600280762e-01,2.506334185600280762e-01,4.456394016742706299e-01,1.102982982993125916e-01,1.356249451637268066e-01,1.356249451637268066e-01,4.202763363718986511e-02,3.566619157791137695e-01,7.858980298042297363e-01,7.858980298042297363e-01,4.346649050712585449e-01,1.038033485412597656e+00,1.498051166534423828e+00,1.498051166534423828e+00,1.196544051170349121e+00,1.629943966865539551e+00
2.100000000000000000e+02,2.301135301589965820e+00,2.301135301589965820e+00,2.115746498107910156e+00,2.200788974761962891e+00,2.145973443984985352e+00,2.145973443984985352e+00,2.127417802810668945e+00,1.895000815391540527e+00,1.314840555191040039e+00,1.314840555191040039e+00,1.469626545906066895e+00,9.366601705551147461e-01,2.434883713722229004e-01,2.434883713722229004e-01,4.397172927856445312e-01,1.052549779415130615e-01,1.410654634237289429e-01,1.410654634237289429e-01,4.225562512874603271e-02,3.581038117408752441e-01,7.802147269248962402e-01,7.802147269248962402e-01,4.334441423416137695e-01,1.026672363281250000e+00,1.492548227310180664e+00,1.492548227310180664e+00,1.206417441368103027e+00,1.612684726715087891e+00
2.110000000000000000e+02,2.311526298522949219e+00,2.311526298522949219e+00,2.145927906036376953e+00,2.206380844116210938e+00,2.175616979598999023e+00,2.175616979598999023e+00,2.164150714874267578e+00,1.902196645736694336e+00,1.323891878128051758e+00,1.323891878128051758e+00,1.484204173088073730e+00,9.365321397781372070e-01,2.306923717260360718e-01,2.306923717260360718e-01,4.329701960086822510e-01,9.955730289220809937e-02,1.464832425117492676e-01,1.464832425117492676e-01,4.251915588974952698e-02,3.589663505554199219e-01,7.737494707107543945e-01,7.737494707107543945e-01,4.326021373271942139e-01,1.013798713684082031e+00,1.487490415573120117e+00,1.487490415573120117e+00,1.216670513153076172e+00,1.594545483589172363e+00
2.120000000000000000e+02,2.339406490325927734e+00,2.339406490325927734e+00,2.176633358001708984e+00,2.212521076202392578e+00,2.202515840530395508e+00,2.202515840530395508e+00,2.200344800949096680e+00,1.909461140632629395e+00,1.331385612487792969e+00,1.331385612487792969e+00,1.498224377632141113e+00,9.347584247589111328e-01,2.278274744749069214e-01,2.278274744749069214e-01,4.234787821769714355e-01,9.314817935228347778e-02,1.517857909202575684e-01,1.517857909202575684e-01,4.272202774882316589e-02,3.589963316917419434e-01,7.437629699707031250e-01,7.437629699707031250e-01,4.318355619907379150e-01,1.000554800033569336e+00,1.482038736343383789e+00,1.482038736343383789e+00,1.226855039596557617e+00,1.576122164726257324e+00
2.130000000000000000e+02,2.359515190124511719e+00,2.359515190124511719e+00,2.208123683929443359e+00,2.219185829162597656e+00,2.233684539794921875e+00,2.233684539794921875e+00,2.225948333740234375e+00,1.916377544403076172e+00,1.333195924758911133e+00,1.333195924758911133e+00,1.511144876480102539e+00,9.324287176132202148e-01,2.188663184642791748e-01,2.188663184642791748e-01,4.173817634582519531e-01,8.605957776308059692e-02,1.576317548751831055e-01,1.576317548751831055e-01,4.317944124341011047e-02,3.595277965068817139e-01,7.574771642684936523e-01,7.574771642684936523e-01,4.316788315773010254e-01,9.873664975166320801e-01,1.478746652603149414e+00,1.478746652603149414e+00,1.237613797187805176e+00,1.558942794799804688e+00
2.140000000000000000e+02,2.379886627197265625e+00,2.379886627197265625e+00,2.240103721618652344e+00,2.226232290267944336e+00,2.241795539855957031e+00,2.241795539855957031e+00,2.269864559173583984e+00,1.923144936561584473e+00,1.342005729675292969e+00,1.342005729675292969e+00,1.522982358932495117e+00,9.292621016502380371e-01,2.088799029588699341e-01,2.088799029588699341e-01,4.084201753139495850e-01,7.830825448036193848e-02,1.625785082578659058e-01,1.625785082578659058e-01,4.422400891780853271e-02,3.596791625022888184e-01,7.521814703941345215e-01,7.521814703941345215e-01,4.315583705902099609e-01,9.742696881294250488e-01,1.474681615829467773e+00,1.474681615829467773e+00,1.248556613922119141e+00,1.541695237159729004e+00
2.150000000000000000e+02,2.400691509246826172e+00,2.400691509246826172e+00,2.272466182708740234e+00,2.233716011047363281e+00,2.289436817169189453e+00,2.289436817169189453e+00,2.302881717681884766e+00,1.929675102233886719e+00,1.344475865364074707e+00,1.344475865364074707e+00,1.531862497329711914e+00,9.246680736541748047e-01,1.970305591821670532e-01,1.970305591821670532e-01,3.982236981391906738e-01,7.072118669748306274e-02,1.670567989349365234e-01,1.670567989349365234e-01,4.527143016457557678e-02,3.589522242546081543e-01,7.435600757598876953e-01,7.435600757598876953e-01,4.310619235038757324e-01,9.602903127670288086e-01,1.467781782150268555e+00,1.467781782150268555e+00,1.259600877761840820e+00,1.525082826614379883e+00
2.160000000000000000e+02,2.421863079071044922e+00,2.421863079071044922e+00,2.305170297622680664e+00,2.241530656814575195e+00,2.315590381622314453e+00,2.315590381622314453e+00,2.335645198822021484e+00,1.935686826705932617e+00,1.346293210983276367e+00,1.346293210983276367e+00,1.540031433105468750e+00,9.205862283706665039e-01,1.861765980720520020e-01,1.861765980720520020e-01,3.883221745491027832e-01,6.248690932989120483e-02,1.707191467285156250e-01,1.707191467285156250e-01,4.584281519055366516e-02,3.555526733398437500e-01,7.346957325935363770e-01,7.346957325935363770e-01,4.280655086040496826e-01,9.454352855682373047e-01,1.466200828552246094e+00,1.466200828552246094e+00,1.271124601364135742e+00,1.507740378379821777e+00
2.170000000000000000e+02,2.443385601043701172e+00,2.443385601043701172e+00,2.338128566741943359e+00,2.249839305877685547e+00,2.337986707687377930e+00,2.337986707687377930e+00,2.366704225540161133e+00,1.942360639572143555e+00,1.347209930419921875e+00,1.347209930419921875e+00,1.546416759490966797e+00,9.157462120056152344e-01,1.734278798103332520e-01,1.734278798103332520e-01,3.762978613376617432e-01,5.398071557283401489e-02,1.734330058097839355e-01,1.734330058097839355e-01,4.649664834141731262e-02,3.556387424468994141e-01,7.257906198501586914e-01,7.257906198501586914e-01,4.298937916755676270e-01,9.295905828475952148e-01,1.460899829864501953e+00,1.460899829864501953e+00,1.283359766006469727e+00,1.491682767868041992e+00
2.180000000000000000e+02,2.465226650238037109e+00,2.465226650238037109e+00,2.370925664901733398e+00,2.258667230606079102e+00,2.362017393112182617e+00,2.362017393112182617e+00,2.382385253906250000e+00,1.948233008384704590e+00,1.346686244010925293e+00,1.346686244010925293e+00,1.552533626556396484e+00,9.104471802711486816e-01,1.597766131162643433e-01,1.597766131162643433e-01,3.647242784500122070e-01,4.726822301745414734e-02,1.756364703178405762e-01,1.756364703178405762e-01,4.676078632473945618e-02,3.461395502090454102e-01,7.166227102279663086e-01,7.166227102279663086e-01,4.277356266975402832e-01,9.131967425346374512e-01,1.457440376281738281e+00,1.457440376281738281e+00,1.296463251113891602e+00,1.474549770355224609e+00
2.190000000000000000e+02,2.485338211059570312e+00,2.485338211059570312e+00,2.405081987380981445e+00,2.267258167266845703e+00,2.387573242187500000e+00,2.387573242187500000e+00,2.426200628280639648e+00,1.951541304588317871e+00,1.346166968345642090e+00,1.346166968345642090e+00,1.555333614349365234e+00,9.043339490890502930e-01,1.474369317293167114e-01,1.474369317293167114e-01,3.530946969985961914e-01,4.150699824094772339e-02,1.767550110816955566e-01,1.767550110816955566e-01,4.263838753104209900e-02,3.496583402156829834e-01,7.080439925193786621e-01,7.080439925193786621e-01,4.299881160259246826e-01,8.964447975158691406e-01,1.452450990676879883e+00,1.452450990676879883e+00,1.312272310256958008e+00,1.459132909774780273e+00
2.200000000000000000e+02,2.508731842041015625e+00,2.508731842041015625e+00,2.438710689544677734e+00,2.276160478591918945e+00,2.409541368484497070e+00,2.409541368484497070e+00,2.454324722290039062e+00,1.959777474403381348e+00,1.344552755355834961e+00,1.344552755355834961e+00,1.556737661361694336e+00,8.860524296760559082e-01,1.366035044193267822e-01,1.366035044193267822e-01,3.415877223014831543e-01,3.725967928767204285e-02,1.786888688802719116e-01,1.786888688802719116e-01,5.031602084636688232e-02,3.452070653438568115e-01,6.994361877441406250e-01,6.994361877441406250e-01,4.295164644718170166e-01,8.791281580924987793e-01,1.449313640594482422e+00,1.449313640594482422e+00,1.330289602279663086e+00,1.444705009460449219e+00
2.210000000000000000e+02,2.532391071319580078e+00,2.532391071319580078e+00,2.470375061035156250e+00,2.278595685958862305e+00,2.429429531097412109e+00,2.429429531097412109e+00,2.481128931045532227e+00,1.961959123611450195e+00,1.341230869293212891e+00,1.341230869293212891e+00,1.559859752655029297e+00,8.889594674110412598e-01,1.253896206617355347e-01,1.253896206617355347e-01,3.296411633491516113e-01,3.319910541176795959e-02,1.791795641183853149e-01,1.791795641183853149e-01,5.195781216025352478e-02,3.408427834510803223e-01,6.904070377349853516e-01,6.904070377349853516e-01,4.292046129703521729e-01,8.617044091224670410e-01,1.445429563522338867e+00,1.445429563522338867e+00,1.348755836486816406e+00,1.429622411727905273e+00
2.220000000000000000e+02,2.554975032806396484e+00,2.554975032806396484e+00,2.504694938659667969e+00,2.288129806518554688e+00,2.450099229812622070e+00,2.450099229812622070e+00,2.506841182708740234e+00,1.971012830734252930e+00,1.337589740753173828e+00,1.337589740753173828e+00,1.557682633399963379e+00,8.797465562820434570e-01,1.150390431284904480e-01,1.150390431284904480e-01,3.171466290950775146e-01,3.001574426889419556e-02,1.792405396699905396e-01,1.792405396699905396e-01,5.325953662395477295e-02,3.353755176067352295e-01,6.812300682067871094e-01,6.812300682067871094e-01,4.285325407981872559e-01,8.443093299865722656e-01,1.455647706985473633e+00,1.455647706985473633e+00,1.369621515274047852e+00,1.415902614593505859e+00
2.230000000000000000e+02,2.577922105789184570e+00,2.577922105789184570e+00,2.539130687713623047e+00,2.298723220825195312e+00,2.467987060546875000e+00,2.467987060546875000e+00,2.531467914581298828e+00,1.975781917572021484e+00,1.332260012626647949e+00,1.332260012626647949e+00,1.560198068618774414e+00,8.698179721832275391e-01,1.049197912216186523e-01,1.049197912216186523e-01,3.035765290260314941e-01,2.807883359491825104e-02,1.784563362598419189e-01,1.784563362598419189e-01,5.440201237797737122e-02,3.288940191268920898e-01,6.713820695877075195e-01,6.713820695877075195e-01,4.273398518562316895e-01,8.265810012817382812e-01,1.458808302879333496e+00,1.458808302879333496e+00,1.391012549400329590e+00,1.397100448608398438e+00
2.240000000000000000e+02,2.601339817047119141e+00,2.601339817047119141e+00,2.568216323852539062e+00,2.316453695297241211e+00,2.485663890838623047e+00,2.485663890838623047e+00,2.550400257110595703e+00,1.979963302612304688e+00,1.325814723968505859e+00,1.325814723968505859e+00,1.558519124984741211e+00,8.588311672210693359e-01,9.470856189727783203e-02,9.470856189727783203e-02,2.905220091342926025e-01,2.647803165018558502e-02,1.772730946540832520e-01,1.772730946540832520e-01,5.485109984874725342e-02,3.225306868553161621e-01,6.610195636749267578e-01,6.610195636749267578e-01,4.256203770637512207e-01,8.083537220954895020e-01,1.464079618453979492e+00,1.464079618453979492e+00,1.414332628250122070e+00,1.386691331863403320e+00
2.250000000000000000e+02,2.624143600463867188e+00,2.624143600463867188e+00,2.605472087860107422e+00,2.326874732971191406e+00,2.503634929656982422e+00,2.503634929656982422e+00,2.577349185943603516e+00,1.975523114204406738e+00,1.317864894866943359e+00,1.317864894866943359e+00,1.555958509445190430e+00,8.470556735992431641e-01,8.628686517477035522e-02,8.628686517477035522e-02,2.760413885116577148e-01,2.542823925614356995e-02,1.756657510995864868e-01,1.756657510995864868e-01,5.518606305122375488e-02,3.148975372314453125e-01,6.501059532165527344e-01,6.501059532165527344e-01,4.240289330482482910e-01,7.901651859283447266e-01,1.469997286796569824e+00,1.469997286796569824e+00,1.437692165374755859e+00,1.372919440269470215e+00
2.260000000000000000e+02,2.647950410842895508e+00,2.647950410842895508e+00,2.638355493545532227e+00,2.337424039840698242e+00,2.519409656524658203e+00,2.519409656524658203e+00,2.598525047302246094e+00,1.985958814620971680e+00,1.308761000633239746e+00,1.308761000633239746e+00,1.552900314331054688e+00,8.336056470870971680e-01,7.940486818552017212e-02,7.940486818552017212e-02,2.629005908966064453e-01,2.450260892510414124e-02,1.733736544847488403e-01,1.733736544847488403e-01,5.512209981679916382e-02,3.066284060478210449e-01,6.387991905212402344e-01,6.387991905212402344e-01,4.225200116634368896e-01,7.721219062805175781e-01,1.478025436401367188e+00,1.478025436401367188e+00,1.462698459625244141e+00,1.360557794570922852e+00
2.270000000000000000e+02,2.652033805847167969e+00,2.652033805847167969e+00,2.670078754425048828e+00,2.348046302795410156e+00,2.533749341964721680e+00,2.533749341964721680e+00,2.618693113327026367e+00,1.987996578216552734e+00,1.298208713531494141e+00,1.298208713531494141e+00,1.546562433242797852e+00,8.215155601501464844e-01,7.338133454322814941e-02,7.338133454322814941e-02,2.498565614223480225e-01,2.342011407017707825e-02,1.702938377857208252e-01,1.702938377857208252e-01,5.511118471622467041e-02,2.977597415447235107e-01,6.270349025726318359e-01,6.270349025726318359e-01,4.206634163856506348e-01,7.533026933670043945e-01,1.477774381637573242e+00,1.477774381637573242e+00,1.488461017608642578e+00,1.349491357803344727e+00
2.280000000000000000e+02,2.694794654846191406e+00,2.694794654846191406e+00,2.703131675720214844e+00,2.353107929229736328e+00,2.546701669692993164e+00,2.546701669692993164e+00,2.635349750518798828e+00,1.988903045654296875e+00,1.286183357238769531e+00,1.286183357238769531e+00,1.542006969451904297e+00,8.074286580085754395e-01,6.711165606975555420e-02,6.711165606975555420e-02,2.358940392732620239e-01,2.228158339858055115e-02,1.664076000452041626e-01,1.664076000452041626e-01,5.506969615817070007e-02,2.880344390869140625e-01,6.144455671310424805e-01,6.144455671310424805e-01,4.195137023925781250e-01,7.337862253189086914e-01,1.497637987136840820e+00,1.497637987136840820e+00,1.515499353408813477e+00,1.337236762046813965e+00
2.290000000000000000e+02,2.717836856842041016e+00,2.717836856842041016e+00,2.735113620758056641e+00,2.369387626647949219e+00,2.558239459991455078e+00,2.558239459991455078e+00,2.654332160949707031e+00,1.988293409347534180e+00,1.246262311935424805e+00,1.246262311935424805e+00,1.535013437271118164e+00,7.923996448516845703e-01,6.147641316056251526e-02,6.147641316056251526e-02,2.236012816429138184e-01,2.128042653203010559e-02,1.617789864540100098e-01,1.617789864540100098e-01,5.493977665901184082e-02,2.774941921234130859e-01,6.015760898590087891e-01,6.015760898590087891e-01,4.154227375984191895e-01,7.128221988677978516e-01,1.508985042572021484e+00,1.508985042572021484e+00,1.542298436164855957e+00,1.327366471290588379e+00
2.300000000000000000e+02,2.741643667221069336e+00,2.741643667221069336e+00,2.724290370941162109e+00,2.379956245422363281e+00,2.568588733673095703e+00,2.568588733673095703e+00,2.670142412185668945e+00,1.989881157875061035e+00,1.250651121139526367e+00,1.250651121139526367e+00,1.526219606399536133e+00,7.769519686698913574e-01,5.608210340142250061e-02,5.608210340142250061e-02,2.066660672426223755e-01,2.014558389782905579e-02,1.565640866756439209e-01,1.565640866756439209e-01,5.442483723163604736e-02,2.662484943866729736e-01,5.735003948211669922e-01,5.735003948211669922e-01,4.159547090530395508e-01,6.929627060890197754e-01,1.521152973175048828e+00,1.521152973175048828e+00,1.569926500320434570e+00,1.300325870513916016e+00
2.310000000000000000e+02,2.764975070953369141e+00,2.764975070953369141e+00,2.792480945587158203e+00,2.389105796813964844e+00,2.574280738830566406e+00,2.574280738830566406e+00,2.684695243835449219e+00,1.989365577697753906e+00,1.241713523864746094e+00,1.241713523864746094e+00,1.516053915023803711e+00,7.613366246223449707e-01,5.106229335069656372e-02,5.106229335069656372e-02,1.960796564817428589e-01,1.944027841091156006e-02,1.508733928203582764e-01,1.508733928203582764e-01,5.350169166922569275e-02,2.547260522842407227e-01,5.747701525688171387e-01,5.747701525688171387e-01,4.149078726768493652e-01,6.725370287895202637e-01,1.534481525421142578e+00,1.534481525421142578e+00,1.598116636276245117e+00,1.308975100517272949e+00
2.320000000000000000e+02,2.788171768188476562e+00,2.788171768188476562e+00,2.822566032409667969e+00,2.401844024658203125e+00,2.585046529769897461e+00,2.585046529769897461e+00,2.697648286819458008e+00,1.987804412841796875e+00,1.224557399749755859e+00,1.224557399749755859e+00,1.505167484283447266e+00,7.445702552795410156e-01,4.711307585239410400e-02,4.711307585239410400e-02,1.864637136459350586e-01,1.893918216228485107e-02,1.453791707754135132e-01,1.453791707754135132e-01,5.252487957477569580e-02,2.438172996044158936e-01,5.622254014015197754e-01,5.622254014015197754e-01,4.142392575740814209e-01,6.533827185630798340e-01,1.550249218940734863e+00,1.550249218940734863e+00,1.627505064010620117e+00,1.304991960525512695e+00
2.330000000000000000e+02,2.810818195343017578e+00,2.810818195343017578e+00,2.858896970748901367e+00,2.413052082061767578e+00,2.569179534912109375e+00,2.569179534912109375e+00,2.710142374038696289e+00,1.985170006752014160e+00,1.206884622573852539e+00,1.206884622573852539e+00,1.492619991302490234e+00,7.274960279464721680e-01,4.367523640394210815e-02,4.367523640394210815e-02,1.768061965703964233e-01,1.856565847992897034e-02,1.399567872285842896e-01,1.399567872285842896e-01,5.158918350934982300e-02,2.334987521171569824e-01,5.509639978408813477e-01,5.509639978408813477e-01,4.134713411331176758e-01,6.347125768661499023e-01,1.567735671997070312e+00,1.567735671997070312e+00,1.657137632369995117e+00,1.304474353790283203e+00
2.340000000000000000e+02,2.833952188491821289e+00,2.833952188491821289e+00,2.888707876205444336e+00,2.424200534820556641e+00,2.592568874359130859e+00,2.592568874359130859e+00,2.721018314361572266e+00,1.981615543365478516e+00,1.188478469848632812e+00,1.188478469848632812e+00,1.478847265243530273e+00,7.095510959625244141e-01,4.034521803259849548e-02,4.034521803259849548e-02,1.668587476015090942e-01,1.798408478498458862e-02,1.341500878334045410e-01,1.341500878334045410e-01,5.065862834453582764e-02,2.228581309318542480e-01,5.406485795974731445e-01,5.406485795974731445e-01,4.141743183135986328e-01,6.165693402290344238e-01,1.586177349090576172e+00,1.586177349090576172e+00,1.687928676605224609e+00,1.306220173835754395e+00
2.350000000000000000e+02,2.843995571136474609e+00,2.843995571136474609e+00,2.916289091110229492e+00,2.435158252716064453e+00,2.599583148956298828e+00,2.599583148956298828e+00,2.730338096618652344e+00,1.977482676506042480e+00,1.146712303161621094e+00,1.146712303161621094e+00,1.463558435440063477e+00,6.909628510475158691e-01,3.740620985627174377e-02,3.740620985627174377e-02,1.576607972383499146e-01,1.777054741978645325e-02,1.276499181985855103e-01,1.276499181985855103e-01,4.930248856544494629e-02,2.114383280277252197e-01,5.268521308898925781e-01,5.268521308898925781e-01,4.151496291160583496e-01,5.977185964584350586e-01,1.605394244194030762e+00,1.605394244194030762e+00,1.718809366226196289e+00,1.307958960533142090e+00
2.360000000000000000e+02,2.878449440002441406e+00,2.878449440002441406e+00,2.943902015686035156e+00,2.446150064468383789e+00,2.601552009582519531e+00,2.601552009582519531e+00,2.738069772720336914e+00,1.972030878067016602e+00,1.147024393081665039e+00,1.147024393081665039e+00,1.447426080703735352e+00,6.719877123832702637e-01,3.461669385433197021e-02,3.461669385433197021e-02,1.503805816173553467e-01,1.739453710615634918e-02,1.213403195142745972e-01,1.213403195142745972e-01,4.787411540746688843e-02,2.011759579181671143e-01,5.200790166854858398e-01,5.200790166854858398e-01,4.157631695270538330e-01,5.798395872116088867e-01,1.622796773910522461e+00,1.622796773910522461e+00,1.748449444770812988e+00,1.311070919036865234e+00
2.370000000000000000e+02,2.888415813446044922e+00,2.888415813446044922e+00,2.972167015075683594e+00,2.457849025726318359e+00,2.601759433746337891e+00,2.601759433746337891e+00,2.745065212249755859e+00,1.965603590011596680e+00,1.127469539642333984e+00,1.127469539642333984e+00,1.428970575332641602e+00,6.523638367652893066e-01,3.166141360998153687e-02,3.166141360998153687e-02,1.429587006568908691e-01,1.720283739268779755e-02,1.167632639408111572e-01,1.167632639408111572e-01,4.680127277970314026e-02,1.928353607654571533e-01,5.131502151489257812e-01,5.131502151489257812e-01,4.174197018146514893e-01,5.657430887222290039e-01,1.648033380508422852e+00,1.648033380508422852e+00,1.780960083007812500e+00,1.315536022186279297e+00
2.380000000000000000e+02,2.868905067443847656e+00,2.868905067443847656e+00,3.001365661621093750e+00,2.469372272491455078e+00,2.600708961486816406e+00,2.600708961486816406e+00,2.750555276870727539e+00,1.956508636474609375e+00,1.104667782783508301e+00,1.104667782783508301e+00,1.412436246871948242e+00,6.332305669784545898e-01,2.883819676935672760e-02,2.883819676935672760e-02,1.355686336755752563e-01,1.687411218881607056e-02,1.119157820940017700e-01,1.119157820940017700e-01,4.609832540154457092e-02,1.851401627063751221e-01,5.061762928962707520e-01,5.061762928962707520e-01,4.207445383071899414e-01,5.444551706314086914e-01,1.671407222747802734e+00,1.671407222747802734e+00,1.815521478652954102e+00,1.324774026870727539e+00
2.390000000000000000e+02,2.941770553588867188e+00,2.941770553588867188e+00,3.028001785278320312e+00,2.480820178985595703e+00,2.598293066024780273e+00,2.598293066024780273e+00,2.754388570785522461e+00,1.950106024742126465e+00,1.081094622611999512e+00,1.081094622611999512e+00,1.392678976058959961e+00,6.138710975646972656e-01,2.733852714300155640e-02,2.733852714300155640e-02,1.285757124423980713e-01,1.711006648838520050e-02,1.084351986646652222e-01,1.084351986646652222e-01,4.595631733536720276e-02,1.794976443052291870e-01,5.016745328903198242e-01,5.016745328903198242e-01,4.268779158592224121e-01,5.426313877105712891e-01,1.697933435440063477e+00,1.697933435440063477e+00,1.849547863006591797e+00,1.334055662155151367e+00
2.400000000000000000e+02,2.961704254150390625e+00,2.961704254150390625e+00,3.053536891937255859e+00,2.492207527160644531e+00,2.594894647598266602e+00,2.594894647598266602e+00,2.758085012435913086e+00,1.941509008407592773e+00,1.058222055435180664e+00,1.058222055435180664e+00,1.375065803527832031e+00,5.942286252975463867e-01,2.663465216755867004e-02,2.663465216755867004e-02,1.221526041626930237e-01,1.771472021937370300e-02,1.050402596592903137e-01,1.050402596592903137e-01,4.578061401844024658e-02,1.740509718656539917e-01,4.985854625701904297e-01,4.985854625701904297e-01,4.307951331138610840e-01,5.330128073692321777e-01,1.725346684455871582e+00,1.725346684455871582e+00,1.883973240852355957e+00,1.348469972610473633e+00
2.410000000000000000e+02,2.980987310409545898e+00,2.980987310409545898e+00,3.078205585479736328e+00,2.502937555313110352e+00,2.584202766418457031e+00,2.584202766418457031e+00,2.759089469909667969e+00,1.931502103805541992e+00,1.032911539077758789e+00,1.032911539077758789e+00,1.355674147605895996e+00,5.702943801879882812e-01,2.583216875791549683e-02,2.583216875791549683e-02,1.178875267505645752e-01,1.823709346354007721e-02,1.004923433065414429e-01,1.004923433065414429e-01,4.517702385783195496e-02,1.689317971467971802e-01,4.953257441520690918e-01,4.953257441520690918e-01,4.395491778850555420e-01,5.238957405090332031e-01,1.751655817031860352e+00,1.751655817031860352e+00,1.918116092681884766e+00,1.362894773483276367e+00
2.420000000000000000e+02,2.999440670013427734e+00,2.999440670013427734e+00,3.102446556091308594e+00,2.513386249542236328e+00,2.585037231445312500e+00,2.585037231445312500e+00,2.693057298660278320e+00,1.921243429183959961e+00,1.009304165840148926e+00,1.009304165840148926e+00,1.334003448486328125e+00,5.537418723106384277e-01,2.540610544383525848e-02,2.540610544383525848e-02,1.141733974218368530e-01,1.920304819941520691e-02,9.747554361820220947e-02,9.747554361820220947e-02,4.423544555902481079e-02,1.633464246988296509e-01,4.908805787563323975e-01,4.908805787563323975e-01,4.455679655075073242e-01,5.144482851028442383e-01,1.780186653137207031e+00,1.780186653137207031e+00,1.952117681503295898e+00,1.376965522766113281e+00
2.430000000000000000e+02,3.017199039459228516e+00,3.017199039459228516e+00,3.125290870666503906e+00,2.523724079132080078e+00,2.579279184341430664e+00,2.579279184341430664e+00,2.761564970016479492e+00,1.911510944366455078e+00,9.855423569679260254e-01,9.855423569679260254e-01,1.312893629074096680e+00,5.357177257537841797e-01,2.629186026751995087e-02,2.629186026751995087e-02,1.111117973923683167e-01,2.201765403151512146e-02,9.332464635372161865e-02,9.332464635372161865e-02,4.314208403229713440e-02,1.577606201171875000e-01,4.876349568367004395e-01,4.876349568367004395e-01,4.522565305233001709e-01,5.052867531776428223e-01,1.807686686515808105e+00,1.807686686515808105e+00,1.986011743545532227e+00,1.391121387481689453e+00
2.440000000000000000e+02,3.034168243408203125e+00,3.034168243408203125e+00,3.142765522003173828e+00,2.532446146011352539e+00,2.572527885437011719e+00,2.572527885437011719e+00,2.760540485382080078e+00,1.900869488716125488e+00,9.607073664665222168e-01,9.607073664665222168e-01,1.294069290161132812e+00,5.179928541183471680e-01,2.703855745494365692e-02,2.703855745494365692e-02,1.078486442565917969e-01,2.488617599010467529e-02,8.949474245309829712e-02,8.949474245309829712e-02,4.164796322584152222e-02,1.520580053329467773e-01,4.834116995334625244e-01,4.834116995334625244e-01,4.584732651710510254e-01,4.954671263694763184e-01,1.834986329078674316e+00,1.834986329078674316e+00,2.019634723663330078e+00,1.405424594879150391e+00
2.450000000000000000e+02,3.046561717987060547e+00,3.046561717987060547e+00,3.164052486419677734e+00,2.543200969696044922e+00,2.552325487136840820e+00,2.552325487136840820e+00,2.758102893829345703e+00,1.889323711395263672e+00,9.346967935562133789e-01,9.346967935562133789e-01,1.268532514572143555e+00,5.011351108551025391e-01,2.821195125579833984e-02,2.821195125579833984e-02,1.045836582779884338e-01,2.754330635070800781e-02,8.485324680805206299e-02,8.485324680805206299e-02,3.977837413549423218e-02,1.460285186767578125e-01,4.788712263107299805e-01,4.788712263107299805e-01,4.643816947937011719e-01,4.856644868850708008e-01,1.862647533416748047e+00,1.862647533416748047e+00,2.052895069122314453e+00,1.420855283737182617e+00
2.460000000000000000e+02,3.065873622894287109e+00,3.065873622894287109e+00,3.189462900161743164e+00,2.552072048187255859e+00,2.555223464965820312e+00,2.555223464965820312e+00,2.754236459732055664e+00,1.876939773559570312e+00,9.087926745414733887e-01,9.087926745414733887e-01,1.249022364616394043e+00,4.841038584709167480e-01,2.936298027634620667e-02,2.936298027634620667e-02,1.019382625818252563e-01,3.064440935850143433e-02,7.989555597305297852e-02,7.989555597305297852e-02,3.771938383579254150e-02,1.398248970508575439e-01,4.741573333740234375e-01,4.741573333740234375e-01,4.735511541366577148e-01,4.758445024490356445e-01,1.889632582664489746e+00,1.889632582664489746e+00,2.086001873016357422e+00,1.436101317405700684e+00
2.470000000000000000e+02,3.080832481384277344e+00,3.080832481384277344e+00,3.208358526229858398e+00,2.560532569885253906e+00,2.544756174087524414e+00,2.544756174087524414e+00,2.746465682983398438e+00,1.862005710601806641e+00,8.818356990814208984e-01,8.818356990814208984e-01,1.225360870361328125e+00,4.684304893016815186e-01,3.042063117027282715e-02,3.042063117027282715e-02,9.927050769329071045e-02,3.336570411920547485e-02,7.465930283069610596e-02,7.465930283069610596e-02,3.530319035053253174e-02,1.321017891168594360e-01,4.695304036140441895e-01,4.695304036140441895e-01,4.831492304801940918e-01,4.659497141838073730e-01,1.917332649230957031e+00,1.917332649230957031e+00,2.118653774261474609e+00,1.451075315475463867e+00
2.480000000000000000e+02,3.094834327697753906e+00,3.094834327697753906e+00,3.226086616516113281e+00,2.568385601043701172e+00,2.531835556030273438e+00,2.531835556030273438e+00,2.738864660263061523e+00,1.849078774452209473e+00,8.545491695404052734e-01,8.545491695404052734e-01,1.200717449188232422e+00,4.536961913108825684e-01,3.134444728493690491e-02,3.134444728493690491e-02,9.636098891496658325e-02,3.610976040363311768e-02,6.913524866104125977e-02,6.913524866104125977e-02,3.275534510612487793e-02,1.253238022327423096e-01,4.626704752445220947e-01,4.626704752445220947e-01,4.910574853420257568e-01,4.554440379142761230e-01,1.944274187088012695e+00,1.944274187088012695e+00,2.148288488388061523e+00,1.465959310531616211e+00
2.490000000000000000e+02,3.107724189758300781e+00,3.107724189758300781e+00,3.242529630661010742e+00,2.575798034667968750e+00,2.520041942596435547e+00,2.520041942596435547e+00,2.733808755874633789e+00,1.833865642547607422e+00,8.264518976211547852e-01,8.264518976211547852e-01,1.169929504394531250e+00,4.399389624595642090e-01,3.223424404859542847e-02,3.223424404859542847e-02,9.322143346071243286e-02,3.880242258310317993e-02,6.364579498767852783e-02,6.364579498767852783e-02,2.995945885777473450e-02,1.178662478923797607e-01,4.610524773597717285e-01,4.610524773597717285e-01,5.033839941024780273e-01,4.454512298107147217e-01,1.970798969268798828e+00,1.970798969268798828e+00,2.183418989181518555e+00,1.481199860572814941e+00
2.500000000000000000e+02,3.120365142822265625e+00,3.120365142822265625e+00,3.257569313049316406e+00,2.582568645477294922e+00,2.506117343902587891e+00,2.506117343902587891e+00,2.724062442779541016e+00,1.817673921585083008e+00,7.996271848678588867e-01,7.996271848678588867e-01,1.145884156227111816e+00,4.256036877632141113e-01,3.322856128215789795e-02,3.322856128215789795e-02,9.016042202711105347e-02,4.133760184049606323e-02,5.917969346046447754e-02,5.917969346046447754e-02,2.760143950581550598e-02,1.110360771417617798e-01,4.591753184795379639e-01,4.591753184795379639e-01,5.172522664070129395e-01,4.365695416927337646e-01,1.998981475830078125e+00,1.998981475830078125e+00,2.215759515762329102e+00,1.495605349540710449e+00
2.510000000000000000e+02,3.131791114807128906e+00,3.131791114807128906e+00,3.271365880966186523e+00,2.588785648345947266e+00,2.491104602813720703e+00,2.491104602813720703e+00,2.711648702621459961e+00,1.791866183280944824e+00,7.581926584243774414e-01,7.581926584243774414e-01,1.121924877166748047e+00,4.105246067047119141e-01,3.438430652022361755e-02,3.438430652022361755e-02,8.701943606138229370e-02,4.393341019749641418e-02,5.512734502553939819e-02,5.512734502553939819e-02,2.543326094746589661e-02,1.045124158263206482e-01,4.582416415214538574e-01,4.582416415214538574e-01,5.292432904243469238e-01,4.205616712570190430e-01,2.026560783386230469e+00,2.026560783386230469e+00,2.248089313507080078e+00,1.513529300689697266e+00
2.520000000000000000e+02,3.142153978347778320e+00,3.142153978347778320e+00,3.283075332641601562e+00,2.595025539398193359e+00,2.475389957427978516e+00,2.475389957427978516e+00,2.689909219741821289e+00,1.783191442489624023e+00,7.454088330268859863e-01,7.454088330268859863e-01,1.094819545745849609e+00,3.960120081901550293e-01,3.579219058156013489e-02,3.579219058156013489e-02,8.100295066833496094e-02,4.685854911804199219e-02,5.228718742728233337e-02,5.228718742728233337e-02,2.376532927155494690e-02,9.979677200317382812e-02,4.606464505195617676e-01,4.606464505195617676e-01,5.459913015365600586e-01,4.228743314743041992e-01,2.056195259094238281e+00,2.056195259094238281e+00,2.280399799346923828e+00,1.531111955642700195e+00
2.530000000000000000e+02,3.151561498641967773e+00,3.151561498641967773e+00,3.294852256774902344e+00,2.601037263870239258e+00,2.458588123321533203e+00,2.458588123321533203e+00,2.662755250930786133e+00,1.765802860260009766e+00,7.197089195251464844e-01,7.197089195251464844e-01,1.051162958145141602e+00,3.797933161258697510e-01,3.740410506725311279e-02,3.740410506725311279e-02,8.075423538684844971e-02,5.035284161567687988e-02,5.031131207942962646e-02,5.031131207942962646e-02,2.273190394043922424e-02,9.612373262643814087e-02,4.649099111557006836e-01,4.649099111557006836e-01,5.628303289413452148e-01,4.196560084819793701e-01,2.085475444793701172e+00,2.085475444793701172e+00,2.312726497650146484e+00,1.553086042404174805e+00
2.540000000000000000e+02,3.159540653228759766e+00,3.159540653228759766e+00,3.303532600402832031e+00,2.606747627258300781e+00,2.441774368286132812e+00,2.441774368286132812e+00,2.672448635101318359e+00,1.748823285102844238e+00,6.951824426651000977e-01,6.951824426651000977e-01,1.040113210678100586e+00,3.689154982566833496e-01,4.008269309997558594e-02,4.008269309997558594e-02,7.876408100128173828e-02,5.502995848655700684e-02,4.943873360753059387e-02,4.943873360753059387e-02,2.224802970886230469e-02,9.370139986276626587e-02,4.717321395874023438e-01,4.717321395874023438e-01,5.788409709930419922e-01,4.178379178047180176e-01,2.115992784500122070e+00,2.115992784500122070e+00,2.344715595245361328e+00,1.574413299560546875e+00
2.550000000000000000e+02,3.166059494018554688e+00,3.166059494018554688e+00,3.310152530670166016e+00,2.611692428588867188e+00,2.424621582031250000e+00,2.424621582031250000e+00,2.657072544097900391e+00,1.731637716293334961e+00,6.722632646560668945e-01,6.722632646560668945e-01,1.011758208274841309e+00,3.587930798530578613e-01,4.293808713555335999e-02,4.293808713555335999e-02,7.681774348020553589e-02,6.005575135350227356e-02,4.893622919917106628e-02,4.893622919917106628e-02,2.201808802783489227e-02,9.161227196455001831e-02,4.796738028526306152e-01,4.796738028526306152e-01,5.978336334228515625e-01,4.170204997062683105e-01,2.146372795104980469e+00,2.146372795104980469e+00,2.376177310943603516e+00,1.595886826515197754e+00
2.560000000000000000e+02,3.172204494476318359e+00,3.172204494476318359e+00,3.320177316665649414e+00,2.616484642028808594e+00,2.406771183013916016e+00,2.406771183013916016e+00,2.639942169189453125e+00,1.716303586959838867e+00,6.416612863540649414e-01,6.416612863540649414e-01,9.840924739837646484e-01,3.489187359809875488e-01,4.600010812282562256e-02,4.600010812282562256e-02,7.523998618125915527e-02,6.559556722640991211e-02,4.892986267805099487e-02,4.892986267805099487e-02,2.276785299181938171e-02,8.985722064971923828e-02,4.893007874488830566e-01,4.893007874488830566e-01,6.177695393562316895e-01,4.168347418308258057e-01,2.176050186157226562e+00,2.176050186157226562e+00,2.407301425933837891e+00,1.617666482925415039e+00
2.570000000000000000e+02,3.176592826843261719e+00,3.176592826843261719e+00,3.314077615737915039e+00,2.620553970336914062e+00,2.388611555099487305e+00,2.388611555099487305e+00,2.623057365417480469e+00,1.700339436531066895e+00,6.296224594116210938e-01,6.296224594116210938e-01,9.508250951766967773e-01,3.397278189659118652e-01,4.964628815650939941e-02,4.964628815650939941e-02,7.420980930328369141e-02,7.176189124584197998e-02,4.955737292766571045e-02,4.955737292766571045e-02,2.436190471053123474e-02,8.919747173786163330e-02,4.994321465492248535e-01,4.994321465492248535e-01,6.377993822097778320e-01,4.175760149955749512e-01,2.205192565917968750e+00,2.205192565917968750e+00,2.437736988067626953e+00,1.638431549072265625e+00
2.580000000000000000e+02,3.181019783020019531e+00,3.181019783020019531e+00,3.330923557281494141e+00,2.623722076416015625e+00,2.363927364349365234e+00,2.363927364349365234e+00,2.605894565582275391e+00,1.684113860130310059e+00,6.088004112243652344e-01,6.088004112243652344e-01,9.299964904785156250e-01,3.303293585777282715e-01,5.324337631464004517e-02,5.324337631464004517e-02,7.317446172237396240e-02,7.780394703149795532e-02,5.021658167243003845e-02,5.021658167243003845e-02,2.618971653282642365e-02,8.837889879941940308e-02,5.112954974174499512e-01,5.112954974174499512e-01,6.576817631721496582e-01,4.190753698348999023e-01,2.234644889831542969e+00,2.234644889831542969e+00,2.467205047607421875e+00,1.662594556808471680e+00
2.590000000000000000e+02,3.165299892425537109e+00,3.165299892425537109e+00,3.322840452194213867e+00,2.626096725463867188e+00,2.349462032318115234e+00,2.349462032318115234e+00,2.586931228637695312e+00,1.667686700820922852e+00,5.877337455749511719e-01,5.877337455749511719e-01,9.029332399368286133e-01,3.159791827201843262e-01,5.679682642221450806e-02,5.679682642221450806e-02,7.254290580749511719e-02,8.378053456544876099e-02,5.062814056873321533e-02,5.062814056873321533e-02,2.826607227325439453e-02,8.764537423849105835e-02,5.219891071319580078e-01,5.219891071319580078e-01,6.773012876510620117e-01,4.208459258079528809e-01,2.262664318084716797e+00,2.262664318084716797e+00,2.495828628540039062e+00,1.680648565292358398e+00
2.600000000000000000e+02,3.186977624893188477e+00,3.186977624893188477e+00,3.325000524520874023e+00,2.627751350402832031e+00,2.328252315521240234e+00,2.328252315521240234e+00,2.566203594207763672e+00,1.650595545768737793e+00,5.634757280349731445e-01,5.634757280349731445e-01,8.748993873596191406e-01,3.133012950420379639e-01,6.034722924232482910e-02,6.034722924232482910e-02,7.214014977216720581e-02,9.029559791088104248e-02,5.067930370569229126e-02,5.067930370569229126e-02,3.044339828193187714e-02,8.685930818319320679e-02,5.314333438873291016e-01,5.314333438873291016e-01,6.964076757431030273e-01,4.229735136032104492e-01,2.289662361145019531e+00,2.289662361145019531e+00,2.523185729980468750e+00,1.705758094787597656e+00
2.610000000000000000e+02,3.187490701675415039e+00,3.187490701675415039e+00,3.337318897247314453e+00,2.628494262695312500e+00,2.306615114212036133e+00,2.306615114212036133e+00,2.545040130615234375e+00,1.634379625320434570e+00,5.453692078590393066e-01,5.453692078590393066e-01,8.488077521324157715e-01,3.055702447891235352e-01,6.363491714000701904e-02,6.363491714000701904e-02,7.151415944099426270e-02,9.664760529994964600e-02,5.098972097039222717e-02,5.098972097039222717e-02,3.181735053658485413e-02,8.595915883779525757e-02,5.426458120346069336e-01,5.426458120346069336e-01,7.165775299072265625e-01,4.247645437717437744e-01,2.315749168395996094e+00,2.315749168395996094e+00,2.549713134765625000e+00,1.726874589920043945e+00
2.620000000000000000e+02,3.185623645782470703e+00,3.185623645782470703e+00,3.336171865463256836e+00,2.628478527069091797e+00,2.284893035888671875e+00,2.284893035888671875e+00,2.522568702697753906e+00,1.617964267730712891e+00,5.232249498367309570e-01,5.232249498367309570e-01,8.165873289108276367e-01,2.980908751487731934e-01,6.667589396238327026e-02,6.667589396238327026e-02,7.093787193298339844e-02,1.028263196349143982e-01,5.146284401416778564e-02,5.146284401416778564e-02,3.557023406028747559e-02,8.470690250396728516e-02,5.518600940704345703e-01,5.518600940704345703e-01,7.365625500679016113e-01,4.279714226722717285e-01,2.340767621994018555e+00,2.340767621994018555e+00,2.570091485977172852e+00,1.747320175170898438e+00
2.630000000000000000e+02,3.183875799179077148e+00,3.183875799179077148e+00,3.334311485290527344e+00,2.627991676330566406e+00,2.261917352676391602e+00,2.261917352676391602e+00,2.500120639801025391e+00,1.601285099983215332e+00,5.017530918121337891e-01,5.017530918121337891e-01,7.908561229705810547e-01,2.940303385257720947e-01,6.939946860074996948e-02,6.939946860074996948e-02,7.035148143768310547e-02,1.087891757488250732e-01,5.209298431873321533e-02,5.209298431873321533e-02,3.784535825252532959e-02,8.346751332283020020e-02,5.621135234832763672e-01,5.621135234832763672e-01,7.575535178184509277e-01,4.301603138446807861e-01,2.364707946777343750e+00,2.364707946777343750e+00,2.599670648574829102e+00,1.766721725463867188e+00
2.640000000000000000e+02,3.182953357696533203e+00,3.182953357696533203e+00,3.332870483398437500e+00,2.626694202423095703e+00,2.239929437637329102e+00,2.239929437637329102e+00,2.475349426269531250e+00,1.585319280624389648e+00,4.833720326423645020e-01,4.833720326423645020e-01,7.678517103195190430e-01,2.926192879676818848e-01,7.248343527317047119e-02,7.248343527317047119e-02,6.975743174552917480e-02,1.155119612812995911e-01,5.368643999099731445e-02,5.368643999099731445e-02,4.266659170389175415e-02,8.234140276908874512e-02,5.738924145698547363e-01,5.738924145698547363e-01,7.822552919387817383e-01,4.344378113746643066e-01,2.387762546539306641e+00,2.387762546539306641e+00,2.622980594635009766e+00,1.786342978477478027e+00
2.650000000000000000e+02,3.179310083389282227e+00,3.179310083389282227e+00,3.329326152801513672e+00,2.625272512435913086e+00,2.218621492385864258e+00,2.218621492385864258e+00,2.445947647094726562e+00,1.558774352073669434e+00,4.689878523349761963e-01,4.689878523349761963e-01,7.438714504241943359e-01,2.975934743881225586e-01,7.509848475456237793e-02,7.509848475456237793e-02,6.943236291408538818e-02,1.239717751741409302e-01,5.541938915848731995e-02,5.541938915848731995e-02,4.615822061896324158e-02,8.129815757274627686e-02,5.857442617416381836e-01,5.857442617416381836e-01,8.094099760055541992e-01,4.398411512374877930e-01,2.407592296600341797e+00,2.407592296600341797e+00,2.645122051239013672e+00,1.805051326751708984e+00
2.660000000000000000e+02,3.173196792602539062e+00,3.173196792602539062e+00,3.323717117309570312e+00,2.623397588729858398e+00,2.196474075317382812e+00,2.196474075317382812e+00,2.426688671112060547e+00,1.556607723236083984e+00,4.568793475627899170e-01,4.568793475627899170e-01,7.204598188400268555e-01,3.031924962997436523e-01,8.056353777647018433e-02,8.056353777647018433e-02,6.910780817270278931e-02,1.327990591526031494e-01,5.708532407879829407e-02,5.708532407879829407e-02,4.983585327863693237e-02,8.056394755840301514e-02,6.019089221954345703e-01,6.019089221954345703e-01,8.362451791763305664e-01,4.445165097713470459e-01,2.430466175079345703e+00,2.430466175079345703e+00,2.665619611740112305e+00,1.822988271713256836e+00
2.670000000000000000e+02,3.168901443481445312e+00,3.168901443481445312e+00,3.316241741180419922e+00,2.618782281875610352e+00,2.175332069396972656e+00,2.175332069396972656e+00,2.396332263946533203e+00,1.542509436607360840e+00,4.429364800453186035e-01,4.429364800453186035e-01,6.978149414062500000e-01,3.112666010856628418e-01,8.492574840784072876e-02,8.492574840784072876e-02,6.901170313358306885e-02,1.418803036212921143e-01,5.884671956300735474e-02,5.884671956300735474e-02,5.337653681635856628e-02,8.004276454448699951e-02,6.209141016006469727e-01,6.209141016006469727e-01,8.655604124069213867e-01,4.506086707115173340e-01,2.449799060821533203e+00,2.449799060821533203e+00,2.685259342193603516e+00,1.840105652809143066e+00
2.680000000000000000e+02,3.161784887313842773e+00,3.161784887313842773e+00,3.308286666870117188e+00,2.617311239242553711e+00,2.152670145034790039e+00,2.152670145034790039e+00,2.376296758651733398e+00,1.527956008911132812e+00,4.370300173759460449e-01,4.370300173759460449e-01,6.729912161827087402e-01,3.215803802013397217e-01,8.916115760803222656e-02,8.916115760803222656e-02,6.853516399860382080e-02,1.505279541015625000e-01,6.030759215354919434e-02,6.030759215354919434e-02,5.668958276510238647e-02,7.942104339599609375e-02,6.381804943084716797e-01,6.381804943084716797e-01,8.949419856071472168e-01,4.527862370014190674e-01,2.468318462371826172e+00,2.468318462371826172e+00,2.704245805740356445e+00,1.856233596801757812e+00
2.690000000000000000e+02,3.151975154876708984e+00,3.151975154876708984e+00,3.299083709716796875e+00,2.612994432449340820e+00,2.129753589630126953e+00,2.129753589630126953e+00,2.349935770034790039e+00,1.513134956359863281e+00,4.278753995895385742e-01,4.278753995895385742e-01,6.511909961700439453e-01,3.324587345123291016e-01,9.298844635486602783e-02,9.298844635486602783e-02,6.796331703662872314e-02,1.588353216648101807e-01,6.193722784519195557e-02,6.193722784519195557e-02,6.013491377234458923e-02,7.913701981306076050e-02,6.583843827247619629e-01,6.583843827247619629e-01,9.264130592346191406e-01,4.605453908443450928e-01,2.486782073974609375e+00,2.486782073974609375e+00,2.721631050109863281e+00,1.872247695922851562e+00
2.700000000000000000e+02,3.146171569824218750e+00,3.146171569824218750e+00,3.273431062698364258e+00,2.608381271362304688e+00,2.105949401855468750e+00,2.105949401855468750e+00,2.323009490966796875e+00,1.498098254203796387e+00,4.215788841247558594e-01,4.215788841247558594e-01,6.275120973587036133e-01,3.442681431770324707e-01,9.634848684072494507e-02,9.634848684072494507e-02,6.695644557476043701e-02,1.667773723602294922e-01,6.376446038484573364e-02,6.376446038484573364e-02,6.371845304965972900e-02,7.953833788633346558e-02,6.797847747802734375e-01,6.797847747802734375e-01,9.576879143714904785e-01,4.667459726333618164e-01,2.502468347549438477e+00,2.502468347549438477e+00,2.737978458404541016e+00,1.887693047523498535e+00
2.710000000000000000e+02,3.136777400970458984e+00,3.136777400970458984e+00,3.277390003204345703e+00,2.603159427642822266e+00,2.079583168029785156e+00,2.079583168029785156e+00,2.296137809753417969e+00,1.482205867767333984e+00,4.178763628005981445e-01,4.178763628005981445e-01,6.066796183586120605e-01,3.562100827693939209e-01,9.971002489328384399e-02,9.971002489328384399e-02,6.621104478836059570e-02,1.744970381259918213e-01,6.539463996887207031e-02,6.539463996887207031e-02,6.741705536842346191e-02,8.006085455417633057e-02,7.031313180923461914e-01,7.031313180923461914e-01,9.890564680099487305e-01,4.748506546020507812e-01,2.519494771957397461e+00,2.519494771957397461e+00,2.752778530120849609e+00,1.901312828063964844e+00
2.720000000000000000e+02,3.126145362854003906e+00,3.126145362854003906e+00,3.264981269836425781e+00,2.590670585632324219e+00,2.056891918182373047e+00,2.056891918182373047e+00,2.266720294952392578e+00,1.467928886413574219e+00,4.154114127159118652e-01,4.154114127159118652e-01,5.863840579986572266e-01,3.679327964782714844e-01,1.025677770376205444e-01,1.025677770376205444e-01,6.543694436550140381e-02,1.819096654653549194e-01,6.685936450958251953e-02,6.685936450958251953e-02,7.095017284154891968e-02,8.037686347961425781e-02,7.184370756149291992e-01,7.184370756149291992e-01,1.021410226821899414e+00,4.840117096900939941e-01,2.516596078872680664e+00,2.516596078872680664e+00,2.764088153839111328e+00,1.915559768676757812e+00
2.730000000000000000e+02,3.114915132522583008e+00,3.114915132522583008e+00,3.236889123916625977e+00,2.590055465698242188e+00,2.031696081161499023e+00,2.031696081161499023e+00,2.239684581756591797e+00,1.452871203422546387e+00,4.135936498641967773e-01,4.135936498641967773e-01,5.651965737342834473e-01,3.800155520439147949e-01,1.052399575710296631e-01,1.052399575710296631e-01,6.481850147247314453e-02,1.893105506896972656e-01,6.795673072338104248e-02,6.795673072338104248e-02,7.498890906572341919e-02,8.033660799264907837e-02,7.518131732940673828e-01,7.518131732940673828e-01,1.053218722343444824e+00,4.918220639228820801e-01,2.546821117401123047e+00,2.546821117401123047e+00,2.778461217880249023e+00,1.928665637969970703e+00
2.740000000000000000e+02,3.102646112442016602e+00,3.102646112442016602e+00,3.236076831817626953e+00,2.580762147903442383e+00,1.971071004867553711e+00,1.971071004867553711e+00,2.211400747299194336e+00,1.438681125640869141e+00,4.144902527332305908e-01,4.144902527332305908e-01,5.481098294258117676e-01,3.937335014343261719e-01,1.082496196031570435e-01,1.082496196031570435e-01,6.440956145524978638e-02,1.973292231559753418e-01,6.904644519090652466e-02,6.904644519090652466e-02,7.882864773273468018e-02,8.009801059961318970e-02,7.768319845199584961e-01,7.768319845199584961e-01,1.083633184432983398e+00,5.013521313667297363e-01,2.557756423950195312e+00,2.557756423950195312e+00,2.789116144180297852e+00,1.936470389366149902e+00
2.750000000000000000e+02,3.089578628540039062e+00,3.089578628540039062e+00,3.220279932022094727e+00,2.575256824493408203e+00,1.974788665771484375e+00,1.974788665771484375e+00,2.182027816772460938e+00,1.424681663513183594e+00,4.155814647674560547e-01,4.155814647674560547e-01,5.237420201301574707e-01,4.071900546550750732e-01,1.107916682958602905e-01,1.107916682958602905e-01,6.360995769500732422e-02,2.049884200096130371e-01,6.473522633314132690e-02,6.473522633314132690e-02,8.260850608348846436e-02,7.998067885637283325e-02,8.020602464675903320e-01,8.020602464675903320e-01,1.114154219627380371e+00,4.935197532176971436e-01,2.568823575973510742e+00,2.568823575973510742e+00,2.798303604125976562e+00,1.951563835144042969e+00
2.760000000000000000e+02,3.069155693054199219e+00,3.069155693054199219e+00,3.203047752380371094e+00,2.567301273345947266e+00,1.956420660018920898e+00,1.956420660018920898e+00,2.152508974075317383e+00,1.412072300910949707e+00,4.183368086814880371e-01,4.183368086814880371e-01,5.116286277770996094e-01,4.226033687591552734e-01,1.135009378194808960e-01,1.135009378194808960e-01,6.262296438217163086e-02,2.131873071193695068e-01,7.098508626222610474e-02,7.098508626222610474e-02,8.704841136932373047e-02,7.984742522239685059e-02,8.275082111358642578e-01,8.275082111358642578e-01,1.143868803977966309e+00,5.222128629684448242e-01,2.577752113342285156e+00,2.577752113342285156e+00,2.806230306625366211e+00,1.964496016502380371e+00
2.770000000000000000e+02,3.060962438583374023e+00,3.060962438583374023e+00,3.184496402740478516e+00,2.556018829345703125e+00,1.931342363357543945e+00,1.931342363357543945e+00,2.122777462005615234e+00,1.399281740188598633e+00,4.227993190288543701e-01,4.227993190288543701e-01,5.000021457672119141e-01,4.382446706295013428e-01,1.158407479524612427e-01,1.158407479524612427e-01,6.110730767250061035e-02,2.210889756679534912e-01,7.189717888832092285e-02,7.189717888832092285e-02,9.145080298185348511e-02,7.962238788604736328e-02,8.541271686553955078e-01,8.541271686553955078e-01,1.173818826675415039e+00,5.365909337997436523e-01,2.585366725921630859e+00,2.585366725921630859e+00,2.809895992279052734e+00,1.974461436271667480e+00
2.780000000000000000e+02,3.014749526977539062e+00,3.014749526977539062e+00,3.165630578994750977e+00,2.549655914306640625e+00,1.906542420387268066e+00,1.906542420387268066e+00,2.092380523681640625e+00,1.386917114257812500e+00,4.280468821525573730e-01,4.280468821525573730e-01,4.884551465511322021e-01,4.543787240982055664e-01,1.176678389310836792e-01,1.176678389310836792e-01,6.152325123548507690e-02,2.285447120666503906e-01,7.312357425689697266e-02,7.312357425689697266e-02,9.545502066612243652e-02,7.921715080738067627e-02,8.810063004493713379e-01,8.810063004493713379e-01,1.202270627021789551e+00,5.526930689811706543e-01,2.591029167175292969e+00,2.591029167175292969e+00,2.814834594726562500e+00,1.984005451202392578e+00
2.790000000000000000e+02,3.027432918548583984e+00,3.027432918548583984e+00,3.145504474639892578e+00,2.538133144378662109e+00,1.882359743118286133e+00,1.882359743118286133e+00,2.061891078948974609e+00,1.375187158584594727e+00,4.344002306461334229e-01,4.344002306461334229e-01,4.773063659667968750e-01,4.706490933895111084e-01,1.196306347846984863e-01,1.196306347846984863e-01,6.148809939622879028e-02,2.363974004983901978e-01,7.472226768732070923e-02,7.472226768732070923e-02,9.978733956813812256e-02,7.880090177059173584e-02,9.074504375457763672e-01,9.074504375457763672e-01,1.230609178543090820e+00,5.703626275062561035e-01,2.596361637115478516e+00,2.596361637115478516e+00,2.820975542068481445e+00,1.992680549621582031e+00
2.800000000000000000e+02,3.012620449066162109e+00,3.012620449066162109e+00,3.124448776245117188e+00,2.529974699020385742e+00,1.833929657936096191e+00,1.833929657936096191e+00,2.030702114105224609e+00,1.363584041595458984e+00,4.411334991455078125e-01,4.411334991455078125e-01,4.671227335929870605e-01,4.873840212821960449e-01,1.209869235754013062e-01,1.209869235754013062e-01,6.139548495411872864e-02,2.436678558588027954e-01,7.632334530353546143e-02,7.632334530353546143e-02,1.042668297886848450e-01,7.815033197402954102e-02,9.338371157646179199e-01,9.338371157646179199e-01,1.257866859436035156e+00,5.874915719032287598e-01,2.588351011276245117e+00,2.588351011276245117e+00,2.823126316070556641e+00,2.000905990600585938e+00
2.810000000000000000e+02,2.995174646377563477e+00,2.995174646377563477e+00,3.102313518524169922e+00,2.519886493682861328e+00,1.830943107604980469e+00,1.830943107604980469e+00,1.999446392059326172e+00,1.352252244949340820e+00,4.478206038475036621e-01,4.478206038475036621e-01,4.579875171184539795e-01,5.036495923995971680e-01,1.217857897281646729e-01,1.217857897281646729e-01,6.103282794356346130e-02,2.503533065319061279e-01,7.766223698854446411e-02,7.766223698854446411e-02,1.084196940064430237e-01,7.728274166584014893e-02,9.570621848106384277e-01,9.570621848106384277e-01,1.283330678939819336e+00,6.040409803390502930e-01,2.601335763931274414e+00,2.601335763931274414e+00,2.821664810180664062e+00,2.008081912994384766e+00
2.820000000000000000e+02,2.976651430130004883e+00,2.976651430130004883e+00,3.079238414764404297e+00,2.508904695510864258e+00,1.809033751487731934e+00,1.809033751487731934e+00,1.966396689414978027e+00,1.341160416603088379e+00,4.541843533515930176e-01,4.541843533515930176e-01,4.510060846805572510e-01,5.196698904037475586e-01,1.221047639846801758e-01,1.221047639846801758e-01,6.086550280451774597e-02,2.565366625785827637e-01,7.879783213138580322e-02,7.879783213138580322e-02,1.123821288347244263e-01,7.653212547302246094e-02,9.842084646224975586e-01,9.842084646224975586e-01,1.309142351150512695e+00,6.188740730285644531e-01,2.597024917602539062e+00,2.597024917602539062e+00,2.822681903839111328e+00,2.012781620025634766e+00
2.830000000000000000e+02,2.958137750625610352e+00,2.958137750625610352e+00,3.050066947937011719e+00,2.485495805740356445e+00,1.784036159515380859e+00,1.784036159515380859e+00,1.936555862426757812e+00,1.330971956253051758e+00,4.606170058250427246e-01,4.606170058250427246e-01,4.430904388427734375e-01,5.357750058174133301e-01,1.217914819717407227e-01,1.217914819717407227e-01,6.037493050098419189e-02,2.625005245208740234e-01,7.944510877132415771e-02,7.944510877132415771e-02,1.167729720473289490e-01,7.579064369201660156e-02,1.008157014846801758e+00,1.008157014846801758e+00,1.334496021270751953e+00,6.360704898834228516e-01,2.526348590850830078e+00,2.526348590850830078e+00,2.815145492553710938e+00,2.015271186828613281e+00
2.840000000000000000e+02,2.938737869262695312e+00,2.938737869262695312e+00,3.027451753616333008e+00,2.485913753509521484e+00,1.759296774864196777e+00,1.759296774864196777e+00,1.903976917266845703e+00,1.321814775466918945e+00,4.690093994140625000e-01,4.690093994140625000e-01,4.331158995628356934e-01,5.526797175407409668e-01,1.214557364583015442e-01,1.214557364583015442e-01,5.964287370443344116e-02,2.686482369899749756e-01,8.008120954036712646e-02,8.008120954036712646e-02,1.216405779123306274e-01,7.509994506835937500e-02,1.033031225204467773e+00,1.033031225204467773e+00,1.358691453933715820e+00,6.509984135627746582e-01,2.598273277282714844e+00,2.598273277282714844e+00,2.811130285263061523e+00,2.024350643157958984e+00
2.850000000000000000e+02,2.918720483779907227e+00,2.918720483779907227e+00,3.001753568649291992e+00,2.474268436431884766e+00,1.735378503799438477e+00,1.735378503799438477e+00,1.873523950576782227e+00,1.312883615493774414e+00,4.778975248336791992e-01,4.778975248336791992e-01,4.282905757427215576e-01,5.697462558746337891e-01,1.212342008948326111e-01,1.212342008948326111e-01,5.864647403359413147e-02,2.745130360126495361e-01,8.131754398345947266e-02,8.131754398345947266e-02,1.253930926322937012e-01,7.443441450595855713e-02,1.057567834854125977e+00,1.057567834854125977e+00,1.381642460823059082e+00,6.700718402862548828e-01,2.595022678375244141e+00,2.595022678375244141e+00,2.811218261718750000e+00,2.029471158981323242e+00
2.860000000000000000e+02,2.892715692520141602e+00,2.892715692520141602e+00,2.977964401245117188e+00,2.458900213241577148e+00,1.709708213806152344e+00,1.709708213806152344e+00,1.842344880104064941e+00,1.297721743583679199e+00,4.872431457042694092e-01,4.872431457042694092e-01,4.240450561046600342e-01,5.877187252044677734e-01,1.209590062499046326e-01,1.209590062499046326e-01,5.758998543024063110e-02,2.809670567512512207e-01,8.268667757511138916e-02,8.268667757511138916e-02,1.318831741809844971e-01,7.453909516334533691e-02,1.080146789550781250e+00,1.080146789550781250e+00,1.403786897659301758e+00,6.891505718231201172e-01,2.590476512908935547e+00,2.590476512908935547e+00,2.803190946578979492e+00,2.032442092895507812e+00
2.870000000000000000e+02,2.877339839935302734e+00,2.877339839935302734e+00,2.949831247329711914e+00,2.450716257095336914e+00,1.687890052795410156e+00,1.687890052795410156e+00,1.809221029281616211e+00,1.297389507293701172e+00,4.966971874237060547e-01,4.966971874237060547e-01,4.202256500720977783e-01,6.052609682083129883e-01,1.205805838108062744e-01,1.205805838108062744e-01,5.628408119082450867e-02,2.862042188644409180e-01,8.333419263362884521e-02,8.333419263362884521e-02,1.367349922657012939e-01,7.444884628057479858e-02,1.104652404785156250e+00,1.104652404785156250e+00,1.424840927124023438e+00,7.072627544403076172e-01,2.584998130798339844e+00,2.584998130798339844e+00,2.796461105346679688e+00,2.036348342895507812e+00
2.880000000000000000e+02,2.855810642242431641e+00,2.855810642242431641e+00,2.923364400863647461e+00,2.438522815704345703e+00,1.664481163024902344e+00,1.664481163024902344e+00,1.777093410491943359e+00,1.290048122406005859e+00,5.054343342781066895e-01,5.054343342781066895e-01,4.161200523376464844e-01,6.224725246429443359e-01,1.209443807601928711e-01,1.209443807601928711e-01,5.469886213541030884e-02,2.917552590370178223e-01,8.436022698879241943e-02,8.436022698879241943e-02,1.416877806186676025e-01,7.412753254175186157e-02,1.126492977142333984e+00,1.126492977142333984e+00,1.444649219512939453e+00,7.243411540985107422e-01,2.579484462738037109e+00,2.579484462738037109e+00,2.786751031875610352e+00,2.038068294525146484e+00
2.890000000000000000e+02,2.833939075469970703e+00,2.833939075469970703e+00,2.894164562225341797e+00,2.425739765167236328e+00,1.640553236007690430e+00,1.640553236007690430e+00,1.747170686721801758e+00,1.283495306968688965e+00,5.135813355445861816e-01,5.135813355445861816e-01,4.116273820400238037e-01,6.393744349479675293e-01,1.207596659660339355e-01,1.207596659660339355e-01,5.281223356723785400e-02,2.958313226699829102e-01,8.468720316886901855e-02,8.468720316886901855e-02,1.463173329830169678e-01,7.341597229242324829e-02,1.147095561027526855e+00,1.147095561027526855e+00,1.463193893432617188e+00,7.407606840133666992e-01,2.572517871856689453e+00,2.572517871856689453e+00,2.775667190551757812e+00,2.039529561996459961e+00
2.900000000000000000e+02,2.798934221267700195e+00,2.798934221267700195e+00,2.865698814392089844e+00,2.412845611572265625e+00,1.614795684814453125e+00,1.614795684814453125e+00,1.711812376976013184e+00,1.277946710586547852e+00,5.218182802200317383e-01,5.218182802200317383e-01,4.069659709930419922e-01,6.553148031234741211e-01,1.201150193810462952e-01,1.201150193810462952e-01,5.062363296747207642e-02,2.999695539474487305e-01,8.467012643814086914e-02,8.467012643814086914e-02,1.509822607040405273e-01,7.246871292591094971e-02,1.167147636413574219e+00,1.167147636413574219e+00,1.480643272399902344e+00,7.574199438095092773e-01,2.561726331710815430e+00,2.561726331710815430e+00,2.763126850128173828e+00,2.039980411529541016e+00
2.910000000000000000e+02,2.788888931274414062e+00,2.788888931274414062e+00,2.823422431945800781e+00,2.399572372436523438e+00,1.592477917671203613e+00,1.592477917671203613e+00,1.682876944541931152e+00,1.272247552871704102e+00,5.296142101287841797e-01,5.296142101287841797e-01,4.029739499092102051e-01,6.714903712272644043e-01,1.190173029899597168e-01,1.190173029899597168e-01,4.820526018738746643e-02,3.035676479339599609e-01,8.473382145166397095e-02,8.473382145166397095e-02,1.573753654956817627e-01,7.175143063068389893e-02,1.185707569122314453e+00,1.185707569122314453e+00,1.497257828712463379e+00,7.735112309455871582e-01,2.554971694946289062e+00,2.554971694946289062e+00,2.749872446060180664e+00,2.039834976196289062e+00
2.920000000000000000e+02,2.765794515609741211e+00,2.765794515609741211e+00,2.807216644287109375e+00,2.386260986328125000e+00,1.568657398223876953e+00,1.568657398223876953e+00,1.650861024856567383e+00,1.268804430961608887e+00,5.372048616409301758e-01,5.372048616409301758e-01,3.989418745040893555e-01,6.867605447769165039e-01,1.174096614122390747e-01,1.174096614122390747e-01,4.574652016162872314e-02,3.066151142120361328e-01,8.480841666460037231e-02,8.480841666460037231e-02,1.644414514303207397e-01,7.093480229377746582e-02,1.204319000244140625e+00,1.204319000244140625e+00,1.512602567672729492e+00,7.886625528335571289e-01,2.544862747192382812e+00,2.544862747192382812e+00,2.734995365142822266e+00,2.038693428039550781e+00
2.930000000000000000e+02,2.741325378417968750e+00,2.741325378417968750e+00,2.776772499084472656e+00,2.372419834136962891e+00,1.545194745063781738e+00,1.545194745063781738e+00,1.618802070617675781e+00,1.266287207603454590e+00,5.441591739654541016e-01,5.441591739654541016e-01,3.945219516754150391e-01,7.015308141708374023e-01,1.152326613664627075e-01,1.152326613664627075e-01,4.375987499952316284e-02,3.090386688709259033e-01,8.492844551801681519e-02,8.492844551801681519e-02,1.705867052078247070e-01,6.976964324712753296e-02,1.221113324165344238e+00,1.221113324165344238e+00,1.525663852691650391e+00,8.029284477233886719e-01,2.533020496368408203e+00,2.533020496368408203e+00,2.711771249771118164e+00,2.036465644836425781e+00
2.940000000000000000e+02,2.718519687652587891e+00,2.718519687652587891e+00,2.742380857467651367e+00,2.355574607849121094e+00,1.521337389945983887e+00,1.521337389945983887e+00,1.582946419715881348e+00,1.265035390853881836e+00,5.506654977798461914e-01,5.506654977798461914e-01,3.896813392639160156e-01,7.158386707305908203e-01,1.125125288963317871e-01,1.125125288963317871e-01,4.148529469966888428e-02,3.108836710453033447e-01,8.543220162391662598e-02,8.543220162391662598e-02,1.786009520292282104e-01,6.853859871625900269e-02,1.236539721488952637e+00,1.236539721488952637e+00,1.540040969848632812e+00,8.168704509735107422e-01,2.520099639892578125e+00,2.520099639892578125e+00,2.700944423675537109e+00,2.028770923614501953e+00
2.950000000000000000e+02,2.694334983825683594e+00,2.694334983825683594e+00,2.713600873947143555e+00,2.338152885437011719e+00,1.500007629394531250e+00,1.500007629394531250e+00,1.552577614784240723e+00,1.263527393341064453e+00,5.561956763267517090e-01,5.561956763267517090e-01,3.847509026527404785e-01,7.291814684867858887e-01,1.092461794614791870e-01,1.092461794614791870e-01,3.903681412339210510e-02,3.120363354682922363e-01,8.681419491767883301e-02,8.681419491767883301e-02,1.880240142345428467e-01,6.826749444007873535e-02,1.252912759780883789e+00,1.252912759780883789e+00,1.552250504493713379e+00,8.288384675979614258e-01,2.506473064422607422e+00,2.506473064422607422e+00,2.682889938354492188e+00,2.031890392303466797e+00
2.960000000000000000e+02,2.669907093048095703e+00,2.669907093048095703e+00,2.682494640350341797e+00,2.330547332763671875e+00,1.466052293777465820e+00,1.466052293777465820e+00,1.522625207901000977e+00,1.261587142944335938e+00,5.625728368759155273e-01,5.625728368759155273e-01,3.795757591724395752e-01,7.427262067794799805e-01,1.054421514272689819e-01,1.054421514272689819e-01,3.677580505609512329e-02,3.125970363616943359e-01,8.836632966995239258e-02,8.836632966995239258e-02,1.958660185337066650e-01,6.740893423557281494e-02,1.266884446144104004e+00,1.266884446144104004e+00,1.563377141952514648e+00,8.432717323303222656e-01,2.491499423980712891e+00,2.491499423980712891e+00,2.657853603363037109e+00,2.028367519378662109e+00
2.970000000000000000e+02,2.645267963409423828e+00,2.645267963409423828e+00,2.650549173355102539e+00,2.316403388977050781e+00,1.457321405410766602e+00,1.457321405410766602e+00,1.491099834442138672e+00,1.260380983352661133e+00,5.685952305793762207e-01,5.685952305793762207e-01,3.705979585647583008e-01,7.553591132164001465e-01,1.016061455011367798e-01,1.016061455011367798e-01,3.485438972711563110e-02,3.130106329917907715e-01,9.033060073852539062e-02,9.033060073852539062e-02,2.049028575420379639e-01,6.699259579181671143e-02,1.280925393104553223e+00,1.280925393104553223e+00,1.573000073432922363e+00,8.546454906463623047e-01,2.475500583648681641e+00,2.475500583648681641e+00,2.641862392425537109e+00,2.024566173553466797e+00
2.980000000000000000e+02,2.618467807769775391e+00,2.618467807769775391e+00,2.618225812911987305e+00,2.302261352539062500e+00,1.437535285949707031e+00,1.437535285949707031e+00,1.448264360427856445e+00,1.257029771804809570e+00,5.739170908927917480e-01,5.739170908927917480e-01,3.695957064628601074e-01,7.682172060012817383e-01,9.789778292179107666e-02,9.789778292179107666e-02,3.281018882989883423e-02,3.132331371307373047e-01,9.270595014095306396e-02,9.270595014095306396e-02,2.135253250598907471e-01,6.669747829437255859e-02,1.293000698089599609e+00,1.293000698089599609e+00,1.581217527389526367e+00,8.685724735260009766e-01,2.458608627319335938e+00,2.458608627319335938e+00,2.619226694107055664e+00,2.020444393157958984e+00
2.990000000000000000e+02,2.595122814178466797e+00,2.595122814178466797e+00,2.585614919662475586e+00,2.288201570510864258e+00,1.418454170227050781e+00,1.418454170227050781e+00,1.417277574539184570e+00,1.258937120437622070e+00,5.804077386856079102e-01,5.804077386856079102e-01,3.655156195163726807e-01,7.806314229965209961e-01,9.472213685512542725e-02,9.472213685512542725e-02,3.148085623979568481e-02,3.132029175758361816e-01,9.555072337388992310e-02,9.555072337388992310e-02,2.204613685607910156e-01,6.659920513629913330e-02,1.304666638374328613e+00,1.304666638374328613e+00,1.587895393371582031e+00,8.806055784225463867e-01,2.441457748413085938e+00,2.441457748413085938e+00,2.595221519470214844e+00,2.017033100128173828e+00
3.000000000000000000e+02,2.569758415222167969e+00,2.569758415222167969e+00,2.552875995635986328e+00,2.272697210311889648e+00,1.400549173355102539e+00,1.400549173355102539e+00,1.397670269012451172e+00,1.260287880897521973e+00,5.855611562728881836e-01,5.855611562728881836e-01,3.611408472061157227e-01,7.926266789436340332e-01,9.155017137527465820e-02,9.155017137527465820e-02,3.038128837943077087e-02,3.127925693988800049e-01,9.924535453319549561e-02,9.924535453319549561e-02,2.294657826423645020e-01,6.699706614017486572e-02,1.314997434616088867e+00,1.314997434616088867e+00,1.593729257583618164e+00,8.921895027160644531e-01,2.423359155654907227e+00,2.423359155654907227e+00,2.569029808044433594e+00,2.013659238815307617e+00
3.010000000000000000e+02,2.544100284576416016e+00,2.544100284576416016e+00,2.519783973693847656e+00,2.259235858917236328e+00,1.376692056655883789e+00,1.376692056655883789e+00,1.367332696914672852e+00,1.262089252471923828e+00,5.905572772026062012e-01,5.905572772026062012e-01,3.569236993789672852e-01,8.051842451095581055e-01,8.896584808826446533e-02,8.896584808826446533e-02,2.947995439171791077e-02,3.124265372753143311e-01,1.033383309841156006e-01,1.033383309841156006e-01,2.385023832321166992e-01,6.710452586412429810e-02,1.323920488357543945e+00,1.323920488357543945e+00,1.598536133766174316e+00,9.028624296188354492e-01,2.405448913574218750e+00,2.405448913574218750e+00,2.545072078704833984e+00,2.010164022445678711e+00
3.020000000000000000e+02,2.518302440643310547e+00,2.518302440643310547e+00,2.486232995986938477e+00,2.245548725128173828e+00,1.367412090301513672e+00,1.367412090301513672e+00,1.330631494522094727e+00,1.263670206069946289e+00,5.948764681816101074e-01,5.948764681816101074e-01,3.525735735893249512e-01,8.175897598266601562e-01,8.679459989070892334e-02,8.679459989070892334e-02,2.901427261531352997e-02,3.116543889045715332e-01,1.068327426910400391e-01,1.068327426910400391e-01,2.466541826725006104e-01,6.694988906383514404e-02,1.330898642539978027e+00,1.330898642539978027e+00,1.601488113403320312e+00,9.107332825660705566e-01,2.388458251953125000e+00,2.388458251953125000e+00,2.518984556198120117e+00,2.005887985229492188e+00
3.030000000000000000e+02,2.489248275756835938e+00,2.489248275756835938e+00,2.452925682067871094e+00,2.232551574707031250e+00,1.351373434066772461e+00,1.351373434066772461e+00,1.307809472084045410e+00,1.265148878097534180e+00,5.990072488784790039e-01,5.990072488784790039e-01,3.480563759803771973e-01,8.288843631744384766e-01,8.456110209226608276e-02,8.456110209226608276e-02,2.866006642580032349e-02,3.109811544418334961e-01,1.108596175909042358e-01,1.108596175909042358e-01,2.541503608226776123e-01,6.694956868886947632e-02,1.337505102157592773e+00,1.337505102157592773e+00,1.602949619293212891e+00,9.225211143493652344e-01,2.368344306945800781e+00,2.368344306945800781e+00,2.492456436157226562e+00,2.000956773757934570e+00
3.040000000000000000e+02,2.462651729583740234e+00,2.462651729583740234e+00,2.419285535812377930e+00,2.212400197982788086e+00,1.335529804229736328e+00,1.335529804229736328e+00,1.278874158859252930e+00,1.202482700347900391e+00,6.026493310928344727e-01,6.026493310928344727e-01,3.440418243408203125e-01,8.392079472541809082e-01,8.215012401342391968e-02,8.215012401342391968e-02,2.849656529724597931e-02,3.113405704498291016e-01,1.139100342988967896e-01,1.139100342988967896e-01,2.610001564025878906e-01,6.713723391294479370e-02,1.342014312744140625e+00,1.342014312744140625e+00,1.602832674980163574e+00,9.278111457824707031e-01,2.337943077087402344e+00,2.337943077087402344e+00,2.465697765350341797e+00,1.995656013488769531e+00
3.050000000000000000e+02,2.441089153289794922e+00,2.441089153289794922e+00,2.385500907897949219e+00,2.205855846405029297e+00,1.316410303115844727e+00,1.316410303115844727e+00,1.249498128890991211e+00,1.269355058670043945e+00,6.057999730110168457e-01,6.057999730110168457e-01,3.400671780109405518e-01,8.497711420059204102e-01,7.977554947137832642e-02,7.977554947137832642e-02,2.827974595129489899e-02,3.121765851974487305e-01,1.165999546647071838e-01,1.165999546647071838e-01,2.669854760169982910e-01,6.714323163032531738e-02,1.345075845718383789e+00,1.345075845718383789e+00,1.601173877716064453e+00,9.386588335037231445e-01,2.328632593154907227e+00,2.328632593154907227e+00,2.437930107116699219e+00,1.989903688430786133e+00
3.060000000000000000e+02,2.415012359619140625e+00,2.415012359619140625e+00,2.352015018463134766e+00,2.192486763000488281e+00,1.304693937301635742e+00,1.304693937301635742e+00,1.222452521324157715e+00,1.272033929824829102e+00,6.083437204360961914e-01,6.083437204360961914e-01,3.358720242977142334e-01,8.595613837242126465e-01,7.703577727079391479e-02,7.703577727079391479e-02,2.819291315972805023e-02,3.130375146865844727e-01,1.189098507165908813e-01,1.189098507165908813e-01,2.737244963645935059e-01,6.695923954248428345e-02,1.346784353256225586e+00,1.346784353256225586e+00,1.598273158073425293e+00,9.457177519798278809e-01,2.306460618972778320e+00,2.306460618972778320e+00,2.409429073333740234e+00,1.983818769454956055e+00
3.070000000000000000e+02,2.389609336853027344e+00,2.389609336853027344e+00,2.317199945449829102e+00,2.177775859832763672e+00,1.289600372314453125e+00,1.289600372314453125e+00,1.188715219497680664e+00,1.276875853538513184e+00,6.115025281906127930e-01,6.115025281906127930e-01,3.316556811332702637e-01,8.708020448684692383e-01,7.485897094011306763e-02,7.485897094011306763e-02,2.872679568827152252e-02,3.149737715721130371e-01,1.205168664455413818e-01,1.205168664455413818e-01,2.799307405948638916e-01,6.791123747825622559e-02,1.347225904464721680e+00,1.347225904464721680e+00,1.588846921920776367e+00,9.519563913345336914e-01,2.284835815429687500e+00,2.284835815429687500e+00,2.379929304122924805e+00,1.976953983306884766e+00
3.080000000000000000e+02,2.363826274871826172e+00,2.363826274871826172e+00,2.284381389617919922e+00,2.167556285858154297e+00,1.276615738868713379e+00,1.276615738868713379e+00,1.163497686386108398e+00,1.284904241561889648e+00,6.142451167106628418e-01,6.142451167106628418e-01,3.271830677986145020e-01,8.818920254707336426e-01,7.243688404560089111e-02,7.243688404560089111e-02,2.938475832343101501e-02,3.170322775840759277e-01,1.228872984647750854e-01,1.228872984647750854e-01,2.868939340114593506e-01,6.861115247011184692e-02,1.346707344055175781e+00,1.346707344055175781e+00,1.589090347290039062e+00,9.571564197540283203e-01,2.261571407318115234e+00,2.261571407318115234e+00,2.350139141082763672e+00,1.972368717193603516e+00
3.090000000000000000e+02,2.327499866485595703e+00,2.327499866485595703e+00,2.250638961791992188e+00,2.155034065246582031e+00,1.265047550201416016e+00,1.265047550201416016e+00,1.141446590423583984e+00,1.293811678886413574e+00,6.163532733917236328e-01,6.163532733917236328e-01,3.222457170486450195e-01,8.923814892768859863e-01,7.023066282272338867e-02,7.023066282272338867e-02,3.000725992023944855e-02,3.186312317848205566e-01,1.275457441806793213e-01,1.275457441806793213e-01,2.971827387809753418e-01,7.075508683919906616e-02,1.346192598342895508e+00,1.346192598342895508e+00,1.583928465843200684e+00,9.633834958076477051e-01,2.239942312240600586e+00,2.239942312240600586e+00,2.319958209991455078e+00,1.967246532440185547e+00
3.100000000000000000e+02,2.313141107559204102e+00,2.313141107559204102e+00,2.213809967041015625e+00,2.143116950988769531e+00,1.254333615303039551e+00,1.254333615303039551e+00,1.116440653800964355e+00,1.305856108665466309e+00,6.142660379409790039e-01,6.142660379409790039e-01,3.171516656875610352e-01,9.017030000686645508e-01,6.901624798774719238e-02,6.901624798774719238e-02,3.060377016663551331e-02,3.197227716445922852e-01,1.336711496114730835e-01,1.336711496114730835e-01,3.091075718402862549e-01,7.376749813556671143e-02,1.342689156532287598e+00,1.342689156532287598e+00,1.577735662460327148e+00,9.686031341552734375e-01,2.218629837036132812e+00,2.218629837036132812e+00,2.289666891098022461e+00,1.962030529975891113e+00
3.110000000000000000e+02,2.287514686584472656e+00,2.287514686584472656e+00,2.183027267456054688e+00,2.130940437316894531e+00,1.246733665466308594e+00,1.246733665466308594e+00,1.092560529708862305e+00,1.317666888236999512e+00,6.184151768684387207e-01,6.184151768684387207e-01,2.896519601345062256e-01,9.109437465667724609e-01,6.773071736097335815e-02,6.773071736097335815e-02,3.114851191639900208e-02,3.202081620693206787e-01,1.406877785921096802e-01,1.406877785921096802e-01,3.204193115234375000e-01,7.624125480651855469e-02,1.341648340225219727e+00,1.341648340225219727e+00,1.569649219512939453e+00,9.727317094802856445e-01,2.195195436477661133e+00,2.195195436477661133e+00,2.258189201354980469e+00,1.956415176391601562e+00
3.120000000000000000e+02,2.262536048889160156e+00,2.262536048889160156e+00,2.148686885833740234e+00,2.118988990783691406e+00,1.231167554855346680e+00,1.231167554855346680e+00,1.068805575370788574e+00,1.330382585525512695e+00,6.185984015464782715e-01,6.185984015464782715e-01,3.057700395584106445e-01,9.194331169128417969e-01,6.697879731655120850e-02,6.697879731655120850e-02,3.175411373376846313e-02,3.204997777938842773e-01,1.478321254253387451e-01,1.478321254253387451e-01,3.332101106643676758e-01,7.958590984344482422e-02,1.337376832962036133e+00,1.337376832962036133e+00,1.560890436172485352e+00,9.760050773620605469e-01,2.175188064575195312e+00,2.175188064575195312e+00,2.226174831390380859e+00,1.950694918632507324e+00
3.130000000000000000e+02,2.237374305725097656e+00,2.237374305725097656e+00,2.115387439727783203e+00,2.107203245162963867e+00,1.232856750488281250e+00,1.232856750488281250e+00,1.043433427810668945e+00,1.345358610153198242e+00,6.186820864677429199e-01,6.186820864677429199e-01,2.993625104427337646e-01,9.273175001144409180e-01,6.594322621822357178e-02,6.594322621822357178e-02,3.215600177645683289e-02,3.204658329486846924e-01,1.545769721269607544e-01,1.545769721269607544e-01,3.456452786922454834e-01,8.218079060316085815e-02,1.331954360008239746e+00,1.331954360008239746e+00,1.551371097564697266e+00,9.779588580131530762e-01,2.152939558029174805e+00,2.152939558029174805e+00,2.192565917968750000e+00,1.943744063377380371e+00
3.140000000000000000e+02,2.212703704833984375e+00,2.212703704833984375e+00,2.081392765045166016e+00,2.096052646636962891e+00,1.227173328399658203e+00,1.227173328399658203e+00,1.021726131439208984e+00,1.360973119735717773e+00,6.184958219528198242e-01,6.184958219528198242e-01,2.931391596794128418e-01,9.353230595588684082e-01,6.481465697288513184e-02,6.481465697288513184e-02,3.265161812305450439e-02,3.205635249614715576e-01,1.627107858657836914e-01,1.627107858657836914e-01,3.586969971656799316e-01,8.454118669033050537e-02,1.325907111167907715e+00,1.325907111167907715e+00,1.539791226387023926e+00,9.792432785034179688e-01,2.125064849853515625e+00,2.125064849853515625e+00,2.159441709518432617e+00,1.938051939010620117e+00
3.150000000000000000e+02,2.188124656677246094e+00,2.188124656677246094e+00,2.048034667968750000e+00,2.084899425506591797e+00,1.223502039909362793e+00,1.223502039909362793e+00,9.986885786056518555e-01,1.377136707305908203e+00,6.175319552421569824e-01,6.175319552421569824e-01,2.729196846485137939e-01,9.426240921020507812e-01,6.353610754013061523e-02,6.353610754013061523e-02,3.332146257162094116e-02,3.202146589756011963e-01,1.714006364345550537e-01,1.714006364345550537e-01,3.710686564445495605e-01,8.696947991847991943e-02,1.316649436950683594e+00,1.316649436950683594e+00,1.526845932006835938e+00,9.794532060623168945e-01,2.105977058410644531e+00,2.105977058410644531e+00,2.124798297882080078e+00,1.931271791458129883e+00
3.160000000000000000e+02,2.150051355361938477e+00,2.150051355361938477e+00,2.014303922653198242e+00,2.074344635009765625e+00,1.221716523170471191e+00,1.221716523170471191e+00,9.781267642974853516e-01,1.393294095993041992e+00,6.166108250617980957e-01,6.166108250617980957e-01,2.795818150043487549e-01,9.495534896850585938e-01,6.213806569576263428e-02,6.213806569576263428e-02,3.389236330986022949e-02,3.196745514869689941e-01,1.810738295316696167e-01,1.810738295316696167e-01,3.826767802238464355e-01,9.073773026466369629e-02,1.308871984481811523e+00,1.308871984481811523e+00,1.512491583824157715e+00,9.779809713363647461e-01,2.081798315048217773e+00,2.081798315048217773e+00,2.090846776962280273e+00,1.924332022666931152e+00
3.170000000000000000e+02,2.139843463897705078e+00,2.139843463897705078e+00,1.981033802032470703e+00,2.060773372650146484e+00,1.220285177230834961e+00,1.220285177230834961e+00,9.580849409103393555e-01,1.409049034118652344e+00,6.148643493652343750e-01,6.148643493652343750e-01,2.730455994606018066e-01,9.547889232635498047e-01,6.052991002798080444e-02,6.052991002798080444e-02,3.438976779580116272e-02,3.201400637626647949e-01,1.878094077110290527e-01,1.878094077110290527e-01,3.951166868209838867e-01,9.502848982810974121e-02,1.289700984954833984e+00,1.289700984954833984e+00,1.496733427047729492e+00,9.767795801162719727e-01,2.055964231491088867e+00,2.055964231491088867e+00,2.056609392166137695e+00,1.917051553726196289e+00
3.180000000000000000e+02,2.116207599639892578e+00,2.116207599639892578e+00,1.947752594947814941e+00,2.052668571472167969e+00,1.219504833221435547e+00,1.219504833221435547e+00,9.372391700744628906e-01,1.424276590347290039e+00,6.124119758605957031e-01,6.124119758605957031e-01,2.667609453201293945e-01,9.619096517562866211e-01,5.886625498533248901e-02,5.886625498533248901e-02,3.491332381963729858e-02,3.193528950214385986e-01,2.003483772277832031e-01,2.003483772277832031e-01,4.057705998420715332e-01,9.865626692771911621e-02,1.286267399787902832e+00,1.286267399787902832e+00,1.479666948318481445e+00,9.747565984725952148e-01,2.031738758087158203e+00,2.031738758087158203e+00,2.022036075592041016e+00,1.908460140228271484e+00
3.190000000000000000e+02,2.068787574768066406e+00,2.068787574768066406e+00,1.913545727729797363e+00,2.043824672698974609e+00,1.220521926879882812e+00,1.220521926879882812e+00,9.200016260147094727e-01,1.439228296279907227e+00,6.095832586288452148e-01,6.095832586288452148e-01,2.611773610115051270e-01,9.669309854507446289e-01,5.799629539251327515e-02,5.799629539251327515e-02,3.601827472448348999e-02,3.209850788116455078e-01,2.095665335655212402e-01,2.095665335655212402e-01,4.150260686874389648e-01,1.021570414304733276e-01,1.272177696228027344e+00,1.272177696228027344e+00,1.461156845092773438e+00,9.693284630775451660e-01,2.006834506988525391e+00,2.006834506988525391e+00,1.987101197242736816e+00,1.901708483695983887e+00
3.200000000000000000e+02,2.067657232284545898e+00,2.067657232284545898e+00,1.882929325103759766e+00,2.034270763397216797e+00,1.221222877502441406e+00,1.221222877502441406e+00,8.973159193992614746e-01,1.453646421432495117e+00,6.063771247863769531e-01,6.063771247863769531e-01,2.555157542228698730e-01,9.711455106735229492e-01,5.713962018489837646e-02,5.713962018489837646e-02,3.769987821578979492e-02,3.211830854415893555e-01,2.183093726634979248e-01,2.183093726634979248e-01,4.239176511764526367e-01,9.812726080417633057e-02,1.257949352264404297e+00,1.257949352264404297e+00,1.441443443298339844e+00,9.687253236770629883e-01,1.981523275375366211e+00,1.981523275375366211e+00,1.951678276062011719e+00,1.893551707267761230e+00
3.210000000000000000e+02,2.047322273254394531e+00,2.047322273254394531e+00,1.849222421646118164e+00,2.025176048278808594e+00,1.222397804260253906e+00,1.222397804260253906e+00,8.855830430984497070e-01,1.468121170997619629e+00,6.025501489639282227e-01,6.025501489639282227e-01,2.494099885225296021e-01,9.746080636978149414e-01,5.669985711574554443e-02,5.669985711574554443e-02,3.948353976011276245e-02,3.209824562072753906e-01,2.267431914806365967e-01,2.267431914806365967e-01,4.315843582153320312e-01,1.106085330247879028e-01,1.241863012313842773e+00,1.241863012313842773e+00,1.420565128326416016e+00,9.658427238464355469e-01,1.950595378875732422e+00,1.950595378875732422e+00,1.891631245613098145e+00,1.885287642478942871e+00
3.220000000000000000e+02,2.025248050689697266e+00,2.025248050689697266e+00,1.820394396781921387e+00,2.015016078948974609e+00,1.224885463714599609e+00,1.224885463714599609e+00,8.739833831787109375e-01,1.482176184654235840e+00,5.986112952232360840e-01,5.986112952232360840e-01,2.432977259159088135e-01,9.773368239402770996e-01,5.664674192667007446e-02,5.664674192667007446e-02,4.201873764395713806e-02,3.201779723167419434e-01,2.355026304721832275e-01,2.355026304721832275e-01,4.390989542007446289e-01,1.168741062283515930e-01,1.224698901176452637e+00,1.224698901176452637e+00,1.396598577499389648e+00,9.608091115951538086e-01,1.931439161300659180e+00,1.931439161300659180e+00,1.879891753196716309e+00,1.876941561698913574e+00
3.230000000000000000e+02,2.003695249557495117e+00,2.003695249557495117e+00,1.790015816688537598e+00,2.007999420166015625e+00,1.227678418159484863e+00,1.227678418159484863e+00,8.624229431152343750e-01,1.496267795562744141e+00,5.938208699226379395e-01,5.938208699226379395e-01,2.416630685329437256e-01,9.793740510940551758e-01,5.628886073827743530e-02,5.628886073827743530e-02,4.458521679043769836e-02,3.192467391490936279e-01,2.442608028650283813e-01,2.442608028650283813e-01,4.454792439937591553e-01,1.232993304729461670e-01,1.206425070762634277e+00,1.206425070762634277e+00,1.374235510826110840e+00,9.557625055313110352e-01,1.885085940361022949e+00,1.885085940361022949e+00,1.844084262847900391e+00,1.868620991706848145e+00
3.240000000000000000e+02,1.982431888580322266e+00,1.982431888580322266e+00,1.760055541992187500e+00,2.000401258468627930e+00,1.230644702911376953e+00,1.230644702911376953e+00,8.508678078651428223e-01,1.509653925895690918e+00,5.889645814895629883e-01,5.889645814895629883e-01,2.385472953319549561e-01,9.814280271530151367e-01,5.663105100393295288e-02,5.663105100393295288e-02,4.700037837028503418e-02,3.184052407741546631e-01,2.527880370616912842e-01,2.527880370616912842e-01,4.518496990203857422e-01,1.310829520225524902e-01,1.188608646392822266e+00,1.188608646392822266e+00,1.353620767593383789e+00,9.514161348342895508e-01,1.882487297058105469e+00,1.882487297058105469e+00,1.808563709259033203e+00,1.860850691795349121e+00
3.250000000000000000e+02,1.950053572654724121e+00,1.950053572654724121e+00,1.731371164321899414e+00,1.993121981620788574e+00,1.235079884529113770e+00,1.235079884529113770e+00,8.423177003860473633e-01,1.522465348243713379e+00,5.851761102676391602e-01,5.851761102676391602e-01,2.365376055240631104e-01,9.832762479782104492e-01,5.795155093073844910e-02,5.795155093073844910e-02,5.170430243015289307e-02,3.172820508480072021e-01,2.608696222305297852e-01,2.608696222305297852e-01,4.570297300815582275e-01,1.383325159549713135e-01,1.165729761123657227e+00,1.165729761123657227e+00,1.330001950263977051e+00,9.470423460006713867e-01,1.858249425888061523e+00,1.858249425888061523e+00,1.769885420799255371e+00,1.852769732475280762e+00
3.260000000000000000e+02,1.939721345901489258e+00,1.939721345901489258e+00,1.703183054924011230e+00,1.986004114151000977e+00,1.239377737045288086e+00,1.239377737045288086e+00,8.333516120910644531e-01,1.536132335662841797e+00,5.808249711990356445e-01,5.808249711990356445e-01,2.385153472423553467e-01,9.844185113906860352e-01,5.900574475526809692e-02,5.900574475526809692e-02,5.646225437521934509e-02,3.158646821975708008e-01,2.674742937088012695e-01,2.674742937088012695e-01,4.611753821372985840e-01,1.448996514081954956e-01,1.148825168609619141e+00,1.148825168609619141e+00,1.304032087326049805e+00,9.420875310897827148e-01,1.833812475204467773e+00,1.833812475204467773e+00,1.737586736679077148e+00,1.845029592514038086e+00
3.270000000000000000e+02,1.922196865081787109e+00,1.922196865081787109e+00,1.675429105758666992e+00,1.979386448860168457e+00,1.243214368820190430e+00,1.243214368820190430e+00,8.278402090072631836e-01,1.547925710678100586e+00,5.747385025024414062e-01,5.747385025024414062e-01,2.388676106929779053e-01,9.848840236663818359e-01,5.978518724441528320e-02,5.978518724441528320e-02,6.120780110359191895e-02,3.144483268260955811e-01,2.739962935447692871e-01,2.739962935447692871e-01,4.643796086311340332e-01,1.506039351224899292e-01,1.127457141876220703e+00,1.127457141876220703e+00,1.279398918151855469e+00,9.348534941673278809e-01,1.808016300201416016e+00,1.808016300201416016e+00,1.701847791671752930e+00,1.836851119995117188e+00
3.280000000000000000e+02,1.903271794319152832e+00,1.903271794319152832e+00,1.647668361663818359e+00,1.960986375808715820e+00,1.246873021125793457e+00,1.246873021125793457e+00,8.208720684051513672e-01,1.560262203216552734e+00,5.701175332069396973e-01,5.701175332069396973e-01,2.387720048427581787e-01,9.846944808959960938e-01,6.042975187301635742e-02,6.042975187301635742e-02,6.569740176200866699e-02,3.124280571937561035e-01,2.788208723068237305e-01,2.788208723068237305e-01,4.659411907196044922e-01,1.560237854719161987e-01,1.051772356033325195e+00,1.051772356033325195e+00,1.249076843261718750e+00,9.181810617446899414e-01,1.784027934074401855e+00,1.784027934074401855e+00,1.665644645690917969e+00,1.828444004058837891e+00
3.290000000000000000e+02,1.884925127029418945e+00,1.884925127029418945e+00,1.621491432189941406e+00,1.966664195060729980e+00,1.251415252685546875e+00,1.251415252685546875e+00,8.105594515800476074e-01,1.571542024612426758e+00,5.641381144523620605e-01,5.641381144523620605e-01,2.385582029819488525e-01,9.838603138923645020e-01,6.103414297103881836e-02,6.103414297103881836e-02,7.027494907379150391e-02,3.075932860374450684e-01,2.839481830596923828e-01,2.839481830596923828e-01,4.671903848648071289e-01,1.607628464698791504e-01,1.080886363983154297e+00,1.080886363983154297e+00,1.221712470054626465e+00,9.239053130149841309e-01,1.759276866912841797e+00,1.759276866912841797e+00,1.629576683044433594e+00,1.820095062255859375e+00
3.300000000000000000e+02,1.867130279541015625e+00,1.867130279541015625e+00,1.595482587814331055e+00,1.961226940155029297e+00,1.255848169326782227e+00,1.255848169326782227e+00,8.077261447906494141e-01,1.582193613052368164e+00,5.581835508346557617e-01,5.581835508346557617e-01,2.380498498678207397e-01,9.821206927299499512e-01,6.154949963092803955e-02,6.154949963092803955e-02,7.460767775774002075e-02,3.047513067722320557e-01,2.891033291816711426e-01,2.891033291816711426e-01,4.674935638904571533e-01,1.673559248447418213e-01,1.058153867721557617e+00,1.058153867721557617e+00,1.196522951126098633e+00,9.186685681343078613e-01,1.735220432281494141e+00,1.735220432281494141e+00,1.594012498855590820e+00,1.812278509140014648e+00
3.310000000000000000e+02,1.847218036651611328e+00,1.847218036651611328e+00,1.569583415985107422e+00,1.955893278121948242e+00,1.259555101394653320e+00,1.259555101394653320e+00,8.027917146682739258e-01,1.592143177986145020e+00,5.513813495635986328e-01,5.513813495635986328e-01,2.373747676610946655e-01,9.799212217330932617e-01,6.259372085332870483e-02,6.259372085332870483e-02,7.905656844377517700e-02,3.063652813434600830e-01,2.920561730861663818e-01,2.920561730861663818e-01,4.670232236385345459e-01,1.734373867511749268e-01,1.034029364585876465e+00,1.034029364585876465e+00,1.167095661163330078e+00,9.112892746925354004e-01,1.710406541824340820e+00,1.710406541824340820e+00,1.558001041412353516e+00,1.804350137710571289e+00
3.320000000000000000e+02,1.832818984985351562e+00,1.832818984985351562e+00,1.545165300369262695e+00,1.950919389724731445e+00,1.263500332832336426e+00,1.263500332832336426e+00,7.938419580459594727e-01,1.601534366607666016e+00,5.447710752487182617e-01,5.447710752487182617e-01,2.366628050804138184e-01,9.761383533477783203e-01,6.338761746883392334e-02,6.338761746883392334e-02,8.335328102111816406e-02,3.034980595111846924e-01,2.956019937992095947e-01,2.956019937992095947e-01,4.649765491485595703e-01,1.784432232379913330e-01,1.009405970573425293e+00,1.009405970573425293e+00,1.137546420097351074e+00,9.042199850082397461e-01,1.688469886779785156e+00,1.688469886779785156e+00,1.522435545921325684e+00,1.785817265510559082e+00
3.330000000000000000e+02,1.817446231842041016e+00,1.817446231842041016e+00,1.521024465560913086e+00,1.946352005004882812e+00,1.266546607017517090e+00,1.266546607017517090e+00,7.934009432792663574e-01,1.610316395759582520e+00,5.394281148910522461e-01,5.394281148910522461e-01,2.356315255165100098e-01,9.730396866798400879e-01,6.387502700090408325e-02,6.387502700090408325e-02,8.748763054609298706e-02,3.001258969306945801e-01,2.968628406524658203e-01,2.968628406524658203e-01,4.615592360496520996e-01,1.823643147945404053e-01,9.856553077697753906e-01,9.856553077697753906e-01,1.106380105018615723e+00,8.952667713165283203e-01,1.664674043655395508e+00,1.664674043655395508e+00,1.486286163330078125e+00,1.787860393524169922e+00
3.340000000000000000e+02,1.802303910255432129e+00,1.802303910255432129e+00,1.497439026832580566e+00,1.942232012748718262e+00,1.269073843955993652e+00,1.269073843955993652e+00,7.885359525680541992e-01,1.618791222572326660e+00,5.335748195648193359e-01,5.335748195648193359e-01,2.343478798866271973e-01,9.683870673179626465e-01,6.415371596813201904e-02,6.415371596813201904e-02,9.161243587732315063e-02,2.967714071273803711e-01,2.966719269752502441e-01,2.966719269752502441e-01,4.567119479179382324e-01,1.853350549936294556e-01,9.606955051422119141e-01,9.606955051422119141e-01,1.074168205261230469e+00,8.864769935607910156e-01,1.640613555908203125e+00,1.640613555908203125e+00,1.450155735015869141e+00,1.779696941375732422e+00
3.350000000000000000e+02,1.785740852355957031e+00,1.785740852355957031e+00,1.474379062652587891e+00,1.938426494598388672e+00,1.271789550781250000e+00,1.271789550781250000e+00,7.838345170021057129e-01,1.626621961593627930e+00,5.279099941253662109e-01,5.279099941253662109e-01,2.330266237258911133e-01,9.646236896514892578e-01,6.443412601947784424e-02,6.443412601947784424e-02,9.576182812452316284e-02,2.934148609638214111e-01,2.955811023712158203e-01,2.955811023712158203e-01,4.507513046264648438e-01,1.878756582736968994e-01,9.326651692390441895e-01,9.326651692390441895e-01,1.041235327720642090e+00,8.766008019447326660e-01,1.610615968704223633e+00,1.610615968704223633e+00,1.414141774177551270e+00,1.771296501159667969e+00
3.360000000000000000e+02,1.773765563964843750e+00,1.773765563964843750e+00,1.452139019966125488e+00,1.935050964355468750e+00,1.274054527282714844e+00,1.274054527282714844e+00,7.797331213951110840e-01,1.634239792823791504e+00,5.212628245353698730e-01,5.212628245353698730e-01,2.320151031017303467e-01,9.601418375968933105e-01,6.461116671562194824e-02,6.461116671562194824e-02,9.998135268688201904e-02,2.898931503295898438e-01,2.931331396102905273e-01,2.931331396102905273e-01,4.435355663299560547e-01,1.895761787891387939e-01,9.084780216217041016e-01,9.084780216217041016e-01,1.008355140686035156e+00,8.664450645446777344e-01,1.592544078826904297e+00,1.592544078826904297e+00,1.378427386283874512e+00,1.762925863265991211e+00
3.370000000000000000e+02,1.760544061660766602e+00,1.760544061660766602e+00,1.431160330772399902e+00,1.929901242256164551e+00,1.276163816452026367e+00,1.276163816452026367e+00,7.757090330123901367e-01,1.640844106674194336e+00,5.154393911361694336e-01,5.154393911361694336e-01,2.309613078832626343e-01,9.551476240158081055e-01,6.465946882963180542e-02,6.465946882963180542e-02,1.043457239866256714e-01,2.861403822898864746e-01,2.902894914150238037e-01,2.902894914150238037e-01,4.349819421768188477e-01,1.903149783611297607e-01,8.819352388381958008e-01,8.819352388381958008e-01,9.745528101921081543e-01,8.534700870513916016e-01,1.568821191787719727e+00,1.568821191787719727e+00,1.343290805816650391e+00,1.754758238792419434e+00
3.380000000000000000e+02,1.746711730957031250e+00,1.746711730957031250e+00,1.411052107810974121e+00,1.929608345031738281e+00,1.278005599975585938e+00,1.278005599975585938e+00,7.720005512237548828e-01,1.647043228149414062e+00,5.090043544769287109e-01,5.090043544769287109e-01,2.316571772098541260e-01,9.499861598014831543e-01,6.473179906606674194e-02,6.473179906606674194e-02,1.090158447623252869e-01,2.704207599163055420e-01,2.862247824668884277e-01,2.862247824668884277e-01,4.275742173194885254e-01,1.904164701700210571e-01,8.546907901763916016e-01,8.546907901763916016e-01,9.362429380416870117e-01,8.452005386352539062e-01,1.545219659805297852e+00,1.545219659805297852e+00,1.309369921684265137e+00,1.746354341506958008e+00
3.390000000000000000e+02,1.735587716102600098e+00,1.735587716102600098e+00,1.392982959747314453e+00,1.924536943435668945e+00,1.281057000160217285e+00,1.281057000160217285e+00,7.714190483093261719e-01,1.652682542800903320e+00,5.044580698013305664e-01,5.044580698013305664e-01,2.361228317022323608e-01,9.445891380310058594e-01,6.633594632148742676e-02,6.633594632148742676e-02,1.168892607092857361e-01,2.783340215682983398e-01,2.808232307434082031e-01,2.808232307434082031e-01,4.183595776557922363e-01,1.898959726095199585e-01,8.269657492637634277e-01,8.269657492637634277e-01,9.061787724494934082e-01,8.297023773193359375e-01,1.522389888763427734e+00,1.522389888763427734e+00,1.277925491333007812e+00,1.739213228225708008e+00
3.400000000000000000e+02,1.725578546524047852e+00,1.725578546524047852e+00,1.377472162246704102e+00,1.925719141960144043e+00,1.283946514129638672e+00,1.283946514129638672e+00,7.724309563636779785e-01,1.656983017921447754e+00,5.008817315101623535e-01,5.008817315101623535e-01,2.433197945356369019e-01,9.388489723205566406e-01,6.849092990159988403e-02,6.849092990159988403e-02,1.267961114645004272e-01,2.744576930999755859e-01,2.761724591255187988e-01,2.761724591255187988e-01,4.088134169578552246e-01,1.882772743701934814e-01,7.997359633445739746e-01,7.997359633445739746e-01,8.723409175872802734e-01,8.254278898239135742e-01,1.500134825706481934e+00,1.500134825706481934e+00,1.249113559722900391e+00,1.732267141342163086e+00
3.410000000000000000e+02,1.712454080581665039e+00,1.712454080581665039e+00,1.362812876701354980e+00,1.924373626708984375e+00,1.288511395454406738e+00,1.288511395454406738e+00,7.752749919891357422e-01,1.662132501602172852e+00,4.974133968353271484e-01,4.974133968353271484e-01,2.521720826625823975e-01,9.324119091033935547e-01,7.069201022386550903e-02,7.069201022386550903e-02,1.374681591987609863e-01,2.719196975231170654e-01,2.701071798801422119e-01,2.701071798801422119e-01,3.987774252891540527e-01,1.877860426902770996e-01,7.724179029464721680e-01,7.724179029464721680e-01,8.337869644165039062e-01,8.156759738922119141e-01,1.478433370590209961e+00,1.478433370590209961e+00,1.220039367675781250e+00,1.725725173950195312e+00
3.420000000000000000e+02,1.706586122512817383e+00,1.706586122512817383e+00,1.350520372390747070e+00,1.923520326614379883e+00,1.293288707733154297e+00,1.293288707733154297e+00,7.770829200744628906e-01,1.665204644203186035e+00,4.949376285076141357e-01,4.949376285076141357e-01,2.639546692371368408e-01,9.256262779235839844e-01,7.352308928966522217e-02,7.352308928966522217e-02,1.494967341423034668e-01,2.702712118625640869e-01,2.642613947391510010e-01,2.642613947391510010e-01,3.881358206272125244e-01,1.858855783939361572e-01,7.455596923828125000e-01,7.455596923828125000e-01,8.063564300537109375e-01,8.069458007812500000e-01,1.457493662834167480e+00,1.457493662834167480e+00,1.192079663276672363e+00,1.719833850860595703e+00
3.430000000000000000e+02,1.698216915130615234e+00,1.698216915130615234e+00,1.334745526313781738e+00,1.918562173843383789e+00,1.297191262245178223e+00,1.297191262245178223e+00,7.848278880119323730e-01,1.668089628219604492e+00,4.928469359874725342e-01,4.928469359874725342e-01,2.760027348995208740e-01,9.182688593864440918e-01,7.641284167766571045e-02,7.641284167766571045e-02,1.616831272840499878e-01,2.680758833885192871e-01,2.575238645076751709e-01,2.575238645076751709e-01,3.770737051963806152e-01,1.851485967636108398e-01,7.195194959640502930e-01,7.195194959640502930e-01,7.734791636466979980e-01,7.993630170822143555e-01,1.433780550956726074e+00,1.433780550956726074e+00,1.165778517723083496e+00,1.714319348335266113e+00
3.440000000000000000e+02,1.690749287605285645e+00,1.690749287605285645e+00,1.328333735466003418e+00,1.921912312507629395e+00,1.302488088607788086e+00,1.302488088607788086e+00,7.907686829566955566e-01,1.669318556785583496e+00,4.916328191757202148e-01,4.916328191757202148e-01,2.893840372562408447e-01,9.104412794113159180e-01,7.913864403963088989e-02,7.913864403963088989e-02,1.738641411066055298e-01,2.662456631660461426e-01,2.506611943244934082e-01,2.506611943244934082e-01,3.653429746627807617e-01,1.834133267402648926e-01,6.948462724685668945e-01,6.948462724685668945e-01,7.409917116165161133e-01,7.939195632934570312e-01,1.418480157852172852e+00,1.418480157852172852e+00,1.141022443771362305e+00,1.709321498870849609e+00
3.450000000000000000e+02,1.684078693389892578e+00,1.684078693389892578e+00,1.320124864578247070e+00,1.921092748641967773e+00,1.306416988372802734e+00,1.306416988372802734e+00,7.970246076583862305e-01,1.670390605926513672e+00,4.907855391502380371e-01,4.907855391502380371e-01,3.030690848827362061e-01,9.018514752388000488e-01,8.177900314331054688e-02,8.177900314331054688e-02,1.862280219793319702e-01,2.643399238586425781e-01,2.435126006603240967e-01,2.435126006603240967e-01,3.539140522480010986e-01,1.816004216670989990e-01,6.715374588966369629e-01,6.715374588966369629e-01,7.079892754554748535e-01,7.896889448165893555e-01,1.400554895401000977e+00,1.400554895401000977e+00,1.117993116378784180e+00,1.705058217048645020e+00
3.460000000000000000e+02,1.676888704299926758e+00,1.676888704299926758e+00,1.311966776847839355e+00,1.920144557952880859e+00,1.309962511062622070e+00,1.309962511062622070e+00,8.035359382629394531e-01,1.671215176582336426e+00,4.905399978160858154e-01,4.905399978160858154e-01,3.176911175251007080e-01,8.929109573364257812e-01,8.404383808374404907e-02,8.404383808374404907e-02,1.984477639198303223e-01,2.626112103462219238e-01,2.360725104808807373e-01,2.360725104808807373e-01,3.397908210754394531e-01,1.795343458652496338e-01,6.497696042060852051e-01,6.497696042060852051e-01,6.793020367622375488e-01,7.864441871643066406e-01,1.383652687072753906e+00,1.383652687072753906e+00,1.095292091369628906e+00,1.701243400573730469e+00
3.470000000000000000e+02,1.672791361808776855e+00,1.672791361808776855e+00,1.305240154266357422e+00,1.919964313507080078e+00,1.313054919242858887e+00,1.313054919242858887e+00,8.102799654006958008e-01,1.672412395477294922e+00,4.913002252578735352e-01,4.913002252578735352e-01,3.332038819789886475e-01,8.838240504264831543e-01,8.571592718362808228e-02,8.571592718362808228e-02,2.107481509447097778e-01,2.609322667121887207e-01,2.275711297988891602e-01,2.275711297988891602e-01,3.304343521595001221e-01,1.757397055625915527e-01,6.294127702713012695e-01,6.294127702713012695e-01,6.499075889587402344e-01,7.828693389892578125e-01,1.366877079010009766e+00,1.366877079010009766e+00,1.077299833297729492e+00,1.697277545928955078e+00
3.480000000000000000e+02,1.668539762496948242e+00,1.668539762496948242e+00,1.299618721008300781e+00,1.920392751693725586e+00,1.316297769546508789e+00,1.316297769546508789e+00,8.173376321792602539e-01,1.671826243400573730e+00,4.920916557312011719e-01,4.920916557312011719e-01,3.490845561027526855e-01,8.747963905334472656e-01,8.912576735019683838e-02,8.912576735019683838e-02,2.230445146560668945e-01,2.599306106567382812e-01,2.188634872436523438e-01,2.188634872436523438e-01,3.175388574600219727e-01,1.746078282594680786e-01,6.080468893051147461e-01,6.080468893051147461e-01,6.212580204010009766e-01,7.782149314880371094e-01,1.351369142532348633e+00,1.351369142532348633e+00,1.058031201362609863e+00,1.693804979324340820e+00
3.490000000000000000e+02,1.664777517318725586e+00,1.664777517318725586e+00,1.294452548027038574e+00,1.920200824737548828e+00,1.318940401077270508e+00,1.318940401077270508e+00,8.245470523834228516e-01,1.670232176780700684e+00,4.925463497638702393e-01,4.925463497638702393e-01,3.640794157981872559e-01,8.672225475311279297e-01,9.115068614482879639e-02,9.115068614482879639e-02,2.349102497100830078e-01,2.591699063777923584e-01,2.088741511106491089e-01,2.088741511106491089e-01,3.022455573081970215e-01,1.705843210220336914e-01,5.875705480575561523e-01,5.875705480575561523e-01,5.935399532318115234e-01,7.757125496864318848e-01,1.324177265167236328e+00,1.324177265167236328e+00,1.039188623428344727e+00,1.690117120742797852e+00
3.500000000000000000e+02,1.660000324249267578e+00,1.660000324249267578e+00,1.289763927459716797e+00,1.920650005340576172e+00,1.321098566055297852e+00,1.321098566055297852e+00,8.317614197731018066e-01,1.668808817863464355e+00,4.930500686168670654e-01,4.930500686168670654e-01,3.798107504844665527e-01,8.600986003875732422e-01,9.284847974777221680e-02,9.284847974777221680e-02,2.464063316583633423e-01,2.582954764366149902e-01,1.980381160974502563e-01,1.980381160974502563e-01,2.887222170829772949e-01,1.675048321485519409e-01,5.666301250457763672e-01,5.666301250457763672e-01,5.657910108566284180e-01,7.723302841186523438e-01,1.319983124732971191e+00,1.319983124732971191e+00,1.020898699760437012e+00,1.686512827873229980e+00
3.510000000000000000e+02,1.659646868705749512e+00,1.659646868705749512e+00,1.286894321441650391e+00,1.920125722885131836e+00,1.322785496711730957e+00,1.322785496711730957e+00,8.390073776245117188e-01,1.666554212570190430e+00,4.929416775703430176e-01,4.929416775703430176e-01,3.959672749042510986e-01,8.528247475624084473e-01,9.398625791072845459e-02,9.398625791072845459e-02,2.573598623275756836e-01,2.571178376674652100e-01,1.861648708581924438e-01,1.861648708581924438e-01,2.730602025985717773e-01,1.630792617797851562e-01,5.444972515106201172e-01,5.444972515106201172e-01,5.378731489181518555e-01,7.686954140663146973e-01,1.304262042045593262e+00,1.304262042045593262e+00,1.003205895423889160e+00,1.682878851890563965e+00
3.520000000000000000e+02,1.657508492469787598e+00,1.657508492469787598e+00,1.284035444259643555e+00,1.812393665313720703e+00,1.324117660522460938e+00,1.324117660522460938e+00,8.463733196258544922e-01,1.663661241531372070e+00,4.927456974983215332e-01,4.927456974983215332e-01,4.129074811935424805e-01,8.450484275817871094e-01,9.601150453090667725e-02,9.601150453090667725e-02,2.678224146366119385e-01,2.559887766838073730e-01,1.734134256839752197e-01,1.734134256839752197e-01,2.543013095855712891e-01,1.580128222703933716e-01,5.236537456512451172e-01,5.236537456512451172e-01,5.096994042396545410e-01,7.651399970054626465e-01,1.290192365646362305e+00,1.290192365646362305e+00,9.864516258239746094e-01,1.679317116737365723e+00
3.530000000000000000e+02,1.657536268234252930e+00,1.657536268234252930e+00,1.282869338989257812e+00,1.920447349548339844e+00,1.325097799301147461e+00,1.325097799301147461e+00,8.537918329238891602e-01,1.660109639167785645e+00,4.921402931213378906e-01,4.921402931213378906e-01,4.303273856639862061e-01,8.369116783142089844e-01,9.755688905715942383e-02,9.755688905715942383e-02,2.787313759326934814e-01,2.548370361328125000e-01,1.597721278667449951e-01,1.597721278667449951e-01,2.392985820770263672e-01,1.519629359245300293e-01,5.013741850852966309e-01,5.013741850852966309e-01,4.815661907196044922e-01,7.625622749328613281e-01,1.276286602020263672e+00,1.276286602020263672e+00,9.707353115081787109e-01,1.673966526985168457e+00
3.540000000000000000e+02,1.657498359680175781e+00,1.657498359680175781e+00,1.281886100769042969e+00,1.920795440673828125e+00,1.325494527816772461e+00,1.325494527816772461e+00,8.609035611152648926e-01,1.656024456024169922e+00,4.920085072517395020e-01,4.920085072517395020e-01,4.474161267280578613e-01,8.284300565719604492e-01,9.913311898708343506e-02,9.913311898708343506e-02,2.893494665622711182e-01,2.535864114761352539e-01,1.474345177412033081e-01,1.474345177412033081e-01,2.236952781677246094e-01,1.471181511878967285e-01,4.833742976188659668e-01,4.833742976188659668e-01,4.562733173370361328e-01,7.619508504867553711e-01,1.249420404434204102e+00,1.249420404434204102e+00,9.580066800117492676e-01,1.672292113304138184e+00
3.550000000000000000e+02,1.656782865524291992e+00,1.656782865524291992e+00,1.283399224281311035e+00,1.921284198760986328e+00,1.322154521942138672e+00,1.322154521942138672e+00,8.680872917175292969e-01,1.650934696197509766e+00,4.933414161205291748e-01,4.933414161205291748e-01,4.642852544784545898e-01,8.194442987442016602e-01,1.000286862254142761e-01,1.000286862254142761e-01,2.992288172245025635e-01,2.512111067771911621e-01,1.359528303146362305e-01,1.359528303146362305e-01,2.102860510349273682e-01,1.428483128547668457e-01,4.698559045791625977e-01,4.698559045791625977e-01,4.347431957721710205e-01,7.635978460311889648e-01,1.255866527557373047e+00,1.255866527557373047e+00,9.486968517303466797e-01,1.672677755355834961e+00
3.560000000000000000e+02,1.658777236938476562e+00,1.658777236938476562e+00,1.285096406936645508e+00,1.921738624572753906e+00,1.325287818908691406e+00,1.325287818908691406e+00,8.396774530410766602e-01,1.645738720893859863e+00,4.945593774318695068e-01,4.945593774318695068e-01,4.803719818592071533e-01,8.100017309188842773e-01,1.004659384489059448e-01,1.004659384489059448e-01,3.087104260921478271e-01,2.519207000732421875e-01,1.253931224346160889e-01,1.253931224346160889e-01,1.960321366786956787e-01,1.382461190223693848e-01,4.554690718650817871e-01,4.554690718650817871e-01,4.135498702526092529e-01,7.654142975807189941e-01,1.246683597564697266e+00,1.246683597564697266e+00,9.400949478149414062e-01,1.671877741813659668e+00
3.570000000000000000e+02,1.652411460876464844e+00,1.652411460876464844e+00,1.287938833236694336e+00,1.921698570251464844e+00,1.317106246948242188e+00,1.317106246948242188e+00,8.816833496093750000e-01,1.639868736267089844e+00,4.964966475963592529e-01,4.964966475963592529e-01,4.972392618656158447e-01,8.003804683685302734e-01,1.006152778863906860e-01,1.006152778863906860e-01,3.177232146263122559e-01,2.504478394985198975e-01,1.150358915328979492e-01,1.150358915328979492e-01,1.829697638750076294e-01,1.343737095594406128e-01,4.466962814331054688e-01,4.466962814331054688e-01,3.943098187446594238e-01,7.690132260322570801e-01,1.239574909210205078e+00,1.239574909210205078e+00,9.337204694747924805e-01,1.672243118286132812e+00
3.580000000000000000e+02,1.662363171577453613e+00,1.662363171577453613e+00,1.291016697883605957e+00,1.921482205390930176e+00,1.323568105697631836e+00,1.323568105697631836e+00,8.866606950759887695e-01,1.633179426193237305e+00,4.979250729084014893e-01,4.979250729084014893e-01,5.130560398101806641e-01,7.903454303741455078e-01,1.004382520914077759e-01,1.004382520914077759e-01,3.264547586441040039e-01,2.500649392604827881e-01,1.047271266579627991e-01,1.047271266579627991e-01,1.702773422002792358e-01,1.303076595067977905e-01,4.371108412742614746e-01,4.371108412742614746e-01,3.752061128616333008e-01,7.726103663444519043e-01,1.232911348342895508e+00,1.232911348342895508e+00,9.280828833580017090e-01,1.672785878181457520e+00
3.590000000000000000e+02,1.664887428283691406e+00,1.664887428283691406e+00,1.294441461563110352e+00,1.921791553497314453e+00,1.322278738021850586e+00,1.322278738021850586e+00,8.937537074089050293e-01,1.625424265861511230e+00,4.988116621971130371e-01,4.988116621971130371e-01,5.287986397743225098e-01,7.800360918045043945e-01,1.001863777637481689e-01,1.001863777637481689e-01,3.348028361797332764e-01,2.491387724876403809e-01,9.470511227846145630e-02,9.470511227846145630e-02,1.571780145168304443e-01,1.264512389898300171e-01,4.239124655723571777e-01,4.239124655723571777e-01,3.573208749294281006e-01,7.771271467208862305e-01,1.227010846138000488e+00,1.227010846138000488e+00,9.230160713195800781e-01,1.673514604568481445e+00
