0.000000000000000000e+00,1.861412429809570312e+01,1.861412429809570312e+01,1.776240539550781250e+01,1.729861831665039062e+01,1.377373600006103516e+01,1.377373600006103516e+01,1.288901329040527344e+01,1.254729652404785156e+01,4.860615730285644531e+00,4.860615730285644531e+00,5.063197135925292969e+00,4.992598533630371094e+00,5.294412374496459961e-01,5.294412374496459961e-01,9.463726282119750977e-01,8.265108466148376465e-01,4.571252465248107910e-01,4.571252465248107910e-01,7.998772859573364258e-01,7.560239434242248535e-01,5.001225471496582031e+00,5.001225471496582031e+00,5.113579750061035156e+00,5.198019027709960938e+00,1.386496543884277344e+01,1.386496543884277344e+01,1.317348098754882812e+01,1.287748527526855469e+01
1.000000000000000000e+00,1.855903053283691406e+01,1.855903053283691406e+01,1.774495697021484375e+01,1.725423049926757812e+01,1.376520919799804688e+01,1.376520919799804688e+01,1.289832687377929688e+01,1.255327224731445312e+01,4.866716861724853516e+00,4.866716861724853516e+00,5.083451747894287109e+00,4.965859413146972656e+00,5.261157751083374023e-01,5.261157751083374023e-01,9.410578608512878418e-01,8.232252597808837891e-01,4.617642164230346680e-01,4.617642164230346680e-01,8.097047805786132812e-01,7.697236537933349609e-01,5.008102416992187500e+00,5.008102416992187500e+00,5.128542900085449219e+00,5.200318336486816406e+00,1.386846733093261719e+01,1.386846733093261719e+01,1.317613601684570312e+01,1.287896919250488281e+01
2.000000000000000000e+00,1.860282516479492188e+01,1.860282516479492188e+01,1.774949645996093750e+01,1.723005485534667969e+01,1.373713302612304688e+01,1.373713302612304688e+01,1.290733623504638672e+01,1.249595069885253906e+01,4.860679626464843750e+00,4.860679626464843750e+00,5.070877075195312500e+00,4.973292827606201172e+00,5.233209133148193359e-01,5.233209133148193359e-01,9.435518980026245117e-01,8.255740404129028320e-01,4.660308957099914551e-01,4.660308957099914551e-01,8.067273497581481934e-01,7.720382809638977051e-01,5.007948875427246094e+00,5.007948875427246094e+00,5.118880271911621094e+00,5.221294403076171875e+00,1.389642524719238281e+01,1.389642524719238281e+01,1.321933555603027344e+01,1.289487838745117188e+01
3.000000000000000000e+00,1.848802947998046875e+01,1.848802947998046875e+01,1.767127990722656250e+01,1.723705101013183594e+01,1.377610015869140625e+01,1.377610015869140625e+01,1.285467720031738281e+01,1.250238609313964844e+01,4.862476348876953125e+00,4.862476348876953125e+00,5.063999652862548828e+00,4.940617561340332031e+00,5.183045268058776855e-01,5.183045268058776855e-01,9.414161443710327148e-01,8.144693374633789062e-01,4.665632843971252441e-01,4.665632843971252441e-01,8.064125776290893555e-01,7.709259986877441406e-01,4.996845245361328125e+00,4.996845245361328125e+00,5.150856494903564453e+00,5.199550151824951172e+00,1.387456703186035156e+01,1.387456703186035156e+01,1.316395759582519531e+01,1.288315677642822266e+01
4.000000000000000000e+00,1.852467727661132812e+01,1.852467727661132812e+01,1.774707603454589844e+01,1.722256851196289062e+01,1.377901649475097656e+01,1.377901649475097656e+01,1.284207725524902344e+01,1.246803283691406250e+01,4.887697696685791016e+00,4.887697696685791016e+00,5.080258369445800781e+00,4.961788177490234375e+00,5.106717944145202637e-01,5.106717944145202637e-01,9.422299265861511230e-01,8.160732984542846680e-01,4.674897789955139160e-01,4.674897789955139160e-01,8.067791461944580078e-01,7.839386463165283203e-01,5.028750896453857422e+00,5.028750896453857422e+00,5.141106605529785156e+00,5.226636886596679688e+00,1.390019989013671875e+01,1.390019989013671875e+01,1.318281936645507812e+01,1.286971664428710938e+01
5.000000000000000000e+00,1.859288024902343750e+01,1.859288024902343750e+01,1.774360656738281250e+01,1.722007751464843750e+01,1.373235321044921875e+01,1.373235321044921875e+01,1.282265281677246094e+01,1.250174045562744141e+01,4.854094505310058594e+00,4.854094505310058594e+00,5.057443141937255859e+00,4.939671516418457031e+00,5.078197717666625977e-01,5.078197717666625977e-01,9.400534629821777344e-01,8.176248073577880859e-01,4.700962901115417480e-01,4.700962901115417480e-01,8.100140094757080078e-01,7.871240973472595215e-01,5.008970260620117188e+00,5.008970260620117188e+00,5.119950294494628906e+00,5.199672698974609375e+00,1.387797546386718750e+01,1.387797546386718750e+01,1.321454620361328125e+01,1.287218952178955078e+01
6.000000000000000000e+00,1.853854942321777344e+01,1.853854942321777344e+01,1.768954086303710938e+01,1.723480987548828125e+01,1.374540901184082031e+01,1.374540901184082031e+01,1.280936050415039062e+01,1.249334716796875000e+01,4.875555515289306641e+00,4.875555515289306641e+00,5.074420928955078125e+00,4.950998783111572266e+00,4.999379217624664307e-01,4.999379217624664307e-01,9.248425960540771484e-01,8.181934952735900879e-01,4.702776670455932617e-01,4.702776670455932617e-01,8.063928484916687012e-01,7.930290699005126953e-01,5.027753353118896484e+00,5.027753353118896484e+00,5.137038230895996094e+00,5.236809730529785156e+00,1.390127372741699219e+01,1.390127372741699219e+01,1.317915344238281250e+01,1.288183593750000000e+01
7.000000000000000000e+00,1.856075668334960938e+01,1.856075668334960938e+01,1.767278861999511719e+01,1.726325416564941406e+01,1.371998310089111328e+01,1.371998310089111328e+01,1.286219787597656250e+01,1.247407722473144531e+01,4.854912757873535156e+00,4.854912757873535156e+00,5.072517871856689453e+00,4.958673477172851562e+00,4.978946447372436523e-01,4.978946447372436523e-01,9.238523840904235840e-01,8.179280161857604980e-01,4.719145894050598145e-01,4.719145894050598145e-01,8.111281394958496094e-01,8.008201122283935547e-01,5.021952629089355469e+00,5.021952629089355469e+00,5.130110740661621094e+00,5.220878124237060547e+00,1.391059303283691406e+01,1.391059303283691406e+01,1.317529106140136719e+01,1.287808132171630859e+01
8.000000000000000000e+00,1.857646179199218750e+01,1.857646179199218750e+01,1.771630477905273438e+01,1.720018005371093750e+01,1.368334770202636719e+01,1.368334770202636719e+01,1.287345600128173828e+01,1.241453933715820312e+01,4.856337547302246094e+00,4.856337547302246094e+00,5.061908721923828125e+00,4.952630043029785156e+00,4.885790348052978516e-01,4.885790348052978516e-01,9.179377555847167969e-01,8.086854815483093262e-01,4.686841666698455811e-01,4.686841666698455811e-01,8.089798688888549805e-01,8.068978190422058105e-01,5.014116287231445312e+00,5.014116287231445312e+00,5.116990566253662109e+00,5.236344814300537109e+00,1.389452743530273438e+01,1.389452743530273438e+01,1.318315410614013672e+01,1.285693168640136719e+01
9.000000000000000000e+00,1.851577377319335938e+01,1.851577377319335938e+01,1.772828674316406250e+01,1.722100257873535156e+01,1.374693202972412109e+01,1.374693202972412109e+01,1.283775997161865234e+01,1.242736244201660156e+01,4.849733352661132812e+00,4.849733352661132812e+00,5.092257022857666016e+00,4.958520889282226562e+00,4.880300760269165039e-01,4.880300760269165039e-01,9.110351204872131348e-01,8.140626549720764160e-01,4.788354635238647461e-01,4.788354635238647461e-01,8.074419498443603516e-01,7.995941042900085449e-01,5.030916213989257812e+00,5.030916213989257812e+00,5.117348670959472656e+00,5.224145889282226562e+00,1.391428947448730469e+01,1.391428947448730469e+01,1.321055316925048828e+01,1.285545063018798828e+01
1.000000000000000000e+01,1.851916313171386719e+01,1.851916313171386719e+01,1.766719818115234375e+01,1.724044799804687500e+01,1.368900108337402344e+01,1.368900108337402344e+01,1.279729938507080078e+01,1.244470405578613281e+01,4.858668327331542969e+00,4.858668327331542969e+00,5.079868316650390625e+00,4.942413330078125000e+00,4.820043444633483887e-01,4.820043444633483887e-01,9.034424424171447754e-01,8.164663910865783691e-01,4.833338260650634766e-01,4.833338260650634766e-01,8.128932714462280273e-01,8.094474077224731445e-01,5.041598796844482422e+00,5.041598796844482422e+00,5.142264366149902344e+00,5.239450931549072266e+00,1.393235015869140625e+01,1.393235015869140625e+01,1.319860935211181641e+01,1.287701606750488281e+01
1.100000000000000000e+01,1.855454063415527344e+01,1.855454063415527344e+01,1.772106933593750000e+01,1.726076126098632812e+01,1.366695785522460938e+01,1.366695785522460938e+01,1.277957439422607422e+01,1.243339061737060547e+01,4.864010810852050781e+00,4.864010810852050781e+00,5.058620452880859375e+00,4.967823982238769531e+00,4.741165339946746826e-01,4.741165339946746826e-01,8.953012228012084961e-01,8.111315965652465820e-01,4.790805578231811523e-01,4.790805578231811523e-01,8.126802444458007812e-01,8.099085092544555664e-01,5.062252044677734375e+00,5.062252044677734375e+00,5.144166946411132812e+00,5.228447914123535156e+00,1.388723182678222656e+01,1.388723182678222656e+01,1.321449279785156250e+01,1.286584091186523438e+01
1.200000000000000000e+01,1.856936073303222656e+01,1.856936073303222656e+01,1.771009826660156250e+01,1.722137069702148438e+01,1.369330692291259766e+01,1.369330692291259766e+01,1.277753639221191406e+01,1.240309810638427734e+01,4.857130050659179688e+00,4.857130050659179688e+00,5.092514514923095703e+00,4.941474914550781250e+00,4.633541107177734375e-01,4.633541107177734375e-01,8.941115140914916992e-01,8.133661746978759766e-01,4.859821200370788574e-01,4.859821200370788574e-01,8.156105875968933105e-01,8.111799955368041992e-01,5.037168502807617188e+00,5.037168502807617188e+00,5.166484355926513672e+00,5.220711708068847656e+00,1.390937042236328125e+01,1.390937042236328125e+01,1.323725318908691406e+01,1.280181694030761719e+01
1.300000000000000000e+01,1.854602241516113281e+01,1.854602241516113281e+01,1.767422103881835938e+01,1.719796752929687500e+01,1.365687561035156250e+01,1.365687561035156250e+01,1.278162384033203125e+01,1.240720748901367188e+01,4.862894058227539062e+00,4.862894058227539062e+00,5.107416629791259766e+00,4.935895919799804688e+00,4.639680385589599609e-01,4.639680385589599609e-01,8.883728981018066406e-01,8.061957359313964844e-01,4.909147024154663086e-01,4.909147024154663086e-01,8.178346157073974609e-01,8.218806982040405273e-01,5.073237419128417969e+00,5.073237419128417969e+00,5.139996051788330078e+00,5.216905593872070312e+00,1.393309783935546875e+01,1.393309783935546875e+01,1.316763114929199219e+01,1.282008266448974609e+01
1.400000000000000000e+01,1.861101913452148438e+01,1.861101913452148438e+01,1.766887855529785156e+01,1.715725517272949219e+01,1.364270877838134766e+01,1.364270877838134766e+01,1.280022430419921875e+01,1.235302257537841797e+01,4.849939346313476562e+00,4.849939346313476562e+00,5.068442821502685547e+00,4.950769424438476562e+00,4.542704224586486816e-01,4.542704224586486816e-01,8.766449689865112305e-01,8.077692389488220215e-01,4.924630522727966309e-01,4.924630522727966309e-01,8.212354779243469238e-01,8.188605308532714844e-01,5.057338237762451172e+00,5.057338237762451172e+00,5.199711799621582031e+00,5.236132144927978516e+00,1.387377738952636719e+01,1.387377738952636719e+01,1.318778705596923828e+01,1.285417461395263672e+01
1.500000000000000000e+01,1.856301498413085938e+01,1.856301498413085938e+01,1.778588867187500000e+01,1.726340103149414062e+01,1.363519001007080078e+01,1.363519001007080078e+01,1.273451232910156250e+01,1.239034652709960938e+01,4.874331474304199219e+00,4.874331474304199219e+00,5.092505931854248047e+00,4.948040008544921875e+00,4.524487853050231934e-01,4.524487853050231934e-01,8.705390691757202148e-01,8.139766454696655273e-01,4.998159110546112061e-01,4.998159110546112061e-01,8.231986761093139648e-01,8.165122270584106445e-01,5.075401306152343750e+00,5.075401306152343750e+00,5.162846565246582031e+00,5.242269992828369141e+00,1.386534881591796875e+01,1.386534881591796875e+01,1.316202926635742188e+01,1.282665920257568359e+01
1.600000000000000000e+01,1.857141685485839844e+01,1.857141685485839844e+01,1.769304466247558594e+01,1.717450141906738281e+01,1.365648651123046875e+01,1.365648651123046875e+01,1.275133514404296875e+01,1.237774085998535156e+01,4.870163440704345703e+00,4.870163440704345703e+00,5.077535629272460938e+00,4.953317642211914062e+00,4.391306042671203613e-01,4.391306042671203613e-01,8.573836088180541992e-01,8.156244158744812012e-01,5.022675395011901855e-01,5.022675395011901855e-01,8.211451172828674316e-01,8.195497393608093262e-01,5.090605735778808594e+00,5.090605735778808594e+00,5.183712005615234375e+00,5.254099369049072266e+00,1.387081909179687500e+01,1.387081909179687500e+01,1.315913009643554688e+01,1.280737018585205078e+01
1.700000000000000000e+01,1.852934646606445312e+01,1.852934646606445312e+01,1.770261383056640625e+01,1.721747589111328125e+01,1.362958908081054688e+01,1.362958908081054688e+01,1.275761032104492188e+01,1.231919288635253906e+01,4.858543872833251953e+00,4.858543872833251953e+00,5.085658550262451172e+00,4.954254627227783203e+00,4.343873262405395508e-01,4.343873262405395508e-01,8.440369367599487305e-01,8.067350387573242188e-01,5.014114379882812500e-01,5.014114379882812500e-01,8.196647763252258301e-01,8.175774216651916504e-01,5.069619655609130859e+00,5.069619655609130859e+00,5.182535171508789062e+00,5.224983215332031250e+00,1.383732414245605469e+01,1.383732414245605469e+01,1.315760612487792969e+01,1.279543685913085938e+01
1.800000000000000000e+01,1.856496238708496094e+01,1.856496238708496094e+01,1.773095130920410156e+01,1.715638351440429688e+01,1.361393165588378906e+01,1.361393165588378906e+01,1.271636962890625000e+01,1.235891532897949219e+01,4.865342140197753906e+00,4.865342140197753906e+00,5.092888355255126953e+00,4.958377838134765625e+00,4.249550104141235352e-01,4.249550104141235352e-01,8.328825831413269043e-01,8.077325820922851562e-01,5.013308525085449219e-01,5.013308525085449219e-01,8.232305049896240234e-01,8.211314678192138672e-01,5.088503837585449219e+00,5.088503837585449219e+00,5.181977272033691406e+00,5.241903305053710938e+00,1.380708599090576172e+01,1.380708599090576172e+01,1.320665359497070312e+01,1.280261611938476562e+01
1.900000000000000000e+01,1.861042404174804688e+01,1.861042404174804688e+01,1.768379974365234375e+01,1.723900985717773438e+01,1.362466621398925781e+01,1.362466621398925781e+01,1.269237327575683594e+01,1.234014511108398438e+01,4.871842384338378906e+00,4.871842384338378906e+00,5.123251914978027344e+00,4.961275100708007812e+00,4.191083312034606934e-01,4.191083312034606934e-01,8.230084776878356934e-01,8.037244677543640137e-01,5.063341856002807617e-01,5.063341856002807617e-01,8.199151158332824707e-01,8.248413801193237305e-01,5.086918830871582031e+00,5.086918830871582031e+00,5.177300453186035156e+00,5.239780426025390625e+00,1.379138183593750000e+01,1.379138183593750000e+01,1.313231277465820312e+01,1.278912067413330078e+01
2.000000000000000000e+01,1.860115432739257812e+01,1.860115432739257812e+01,1.772969436645507812e+01,1.720738983154296875e+01,1.356114768981933594e+01,1.356114768981933594e+01,1.269247817993164062e+01,1.230544948577880859e+01,4.871756553649902344e+00,4.871756553649902344e+00,5.085974693298339844e+00,4.973515510559082031e+00,4.131485223770141602e-01,4.131485223770141602e-01,8.118257522583007812e-01,8.006434440612792969e-01,5.023087263107299805e-01,5.023087263107299805e-01,8.211291432380676270e-01,8.230890035629272461e-01,5.099825859069824219e+00,5.099825859069824219e+00,5.164554119110107422e+00,5.232669830322265625e+00,1.378011894226074219e+01,1.378011894226074219e+01,1.313627052307128906e+01,1.274910640716552734e+01
2.100000000000000000e+01,1.858283233642578125e+01,1.858283233642578125e+01,1.773691940307617188e+01,1.722834777832031250e+01,1.355398559570312500e+01,1.355398559570312500e+01,1.264861869812011719e+01,1.233410739898681641e+01,4.877602577209472656e+00,4.877602577209472656e+00,5.096175670623779297e+00,4.964892864227294922e+00,4.083226919174194336e-01,4.083226919174194336e-01,7.993847131729125977e-01,8.064119815826416016e-01,5.026357173919677734e-01,5.026357173919677734e-01,8.149846792221069336e-01,8.264948725700378418e-01,5.109857559204101562e+00,5.109857559204101562e+00,5.177724838256835938e+00,5.225310802459716797e+00,1.381068229675292969e+01,1.381068229675292969e+01,1.312581062316894531e+01,1.269793319702148438e+01
2.200000000000000000e+01,1.856143760681152344e+01,1.856143760681152344e+01,1.771512603759765625e+01,1.721933364868164062e+01,1.353727626800537109e+01,1.353727626800537109e+01,1.267118549346923828e+01,1.231355667114257812e+01,4.869433403015136719e+00,4.869433403015136719e+00,5.076393604278564453e+00,4.957967281341552734e+00,4.033954143524169922e-01,4.033954143524169922e-01,7.919842004776000977e-01,8.036013841629028320e-01,4.999006092548370361e-01,4.999006092548370361e-01,8.183906078338623047e-01,8.194094896316528320e-01,5.090514659881591797e+00,5.090514659881591797e+00,5.197462558746337891e+00,5.230871200561523438e+00,1.373440837860107422e+01,1.373440837860107422e+01,1.316214370727539062e+01,1.273641300201416016e+01
2.300000000000000000e+01,1.857791519165039062e+01,1.857791519165039062e+01,1.771513938903808594e+01,1.719294929504394531e+01,1.351069831848144531e+01,1.351069831848144531e+01,1.267934513092041016e+01,1.226537609100341797e+01,4.874042034149169922e+00,4.874042034149169922e+00,5.080267429351806641e+00,4.978368759155273438e+00,3.998595476150512695e-01,3.998595476150512695e-01,7.760525941848754883e-01,8.005699515342712402e-01,5.025933980941772461e-01,5.025933980941772461e-01,8.131844997406005859e-01,8.187140226364135742e-01,5.122400283813476562e+00,5.122400283813476562e+00,5.197505474090576172e+00,5.228204727172851562e+00,1.376189422607421875e+01,1.376189422607421875e+01,1.308179664611816406e+01,1.275726222991943359e+01
2.400000000000000000e+01,1.857177162170410156e+01,1.857177162170410156e+01,1.771047210693359375e+01,1.718700218200683594e+01,1.348942565917968750e+01,1.348942565917968750e+01,1.259183788299560547e+01,1.228352546691894531e+01,4.852007389068603516e+00,4.852007389068603516e+00,5.130813598632812500e+00,4.948812484741210938e+00,3.973447084426879883e-01,3.973447084426879883e-01,7.747445106506347656e-01,8.039145469665527344e-01,5.008377432823181152e-01,5.008377432823181152e-01,8.154079914093017578e-01,8.161877393722534180e-01,5.071901321411132812e+00,5.071901321411132812e+00,5.190771102905273438e+00,5.252628326416015625e+00,1.375314712524414062e+01,1.375314712524414062e+01,1.308369064331054688e+01,1.272749900817871094e+01
2.500000000000000000e+01,1.857472229003906250e+01,1.857472229003906250e+01,1.771658706665039062e+01,1.719339561462402344e+01,1.349242401123046875e+01,1.349242401123046875e+01,1.260181427001953125e+01,1.228400802612304688e+01,4.880164146423339844e+00,4.880164146423339844e+00,5.091164588928222656e+00,4.954887390136718750e+00,3.983256220817565918e-01,3.983256220817565918e-01,7.671694755554199219e-01,8.064597845077514648e-01,5.013152956962585449e-01,5.013152956962585449e-01,7.985976338386535645e-01,8.241755962371826172e-01,5.096885681152343750e+00,5.096885681152343750e+00,5.171834945678710938e+00,5.211743831634521484e+00,1.373531723022460938e+01,1.373531723022460938e+01,1.306501007080078125e+01,1.269342803955078125e+01
2.600000000000000000e+01,1.857830619812011719e+01,1.857830619812011719e+01,1.770328330993652344e+01,1.718274307250976562e+01,1.349491405487060547e+01,1.349491405487060547e+01,1.263366317749023438e+01,1.223754692077636719e+01,4.874143600463867188e+00,4.874143600463867188e+00,5.101019859313964844e+00,4.945183277130126953e+00,3.979769945144653320e-01,3.979769945144653320e-01,7.658737897872924805e-01,8.046021461486816406e-01,5.036182403564453125e-01,5.036182403564453125e-01,7.963346242904663086e-01,8.197872042655944824e-01,5.101963520050048828e+00,5.101963520050048828e+00,5.199630737304687500e+00,5.206631660461425781e+00,1.371503257751464844e+01,1.371503257751464844e+01,1.302802371978759766e+01,1.269307136535644531e+01
2.700000000000000000e+01,1.857231521606445312e+01,1.857231521606445312e+01,1.768817710876464844e+01,1.720538711547851562e+01,1.348381805419921875e+01,1.348381805419921875e+01,1.255796241760253906e+01,1.223812389373779297e+01,4.892728328704833984e+00,4.892728328704833984e+00,5.115235328674316406e+00,4.977287292480468750e+00,4.027376472949981689e-01,4.027376472949981689e-01,7.680263519287109375e-01,8.051441907882690430e-01,4.963275790214538574e-01,4.963275790214538574e-01,7.958737015724182129e-01,8.156750202178955078e-01,5.113687515258789062e+00,5.113687515258789062e+00,5.186445236206054688e+00,5.210689067840576172e+00,1.370938873291015625e+01,1.370938873291015625e+01,1.302248382568359375e+01,1.269213104248046875e+01
2.800000000000000000e+01,1.857049560546875000e+01,1.857049560546875000e+01,1.769078636169433594e+01,1.717376136779785156e+01,1.345952606201171875e+01,1.345952606201171875e+01,1.256826400756835938e+01,1.223461818695068359e+01,4.877846717834472656e+00,4.877846717834472656e+00,5.127174854278564453e+00,4.973186492919921875e+00,4.051257669925689697e-01,4.051257669925689697e-01,7.527031302452087402e-01,8.067251443862915039e-01,4.947712421417236328e-01,4.947712421417236328e-01,7.901998758316040039e-01,8.085193037986755371e-01,5.093987464904785156e+00,5.093987464904785156e+00,5.185643196105957031e+00,5.226386070251464844e+00,1.370533943176269531e+01,1.370533943176269531e+01,1.306763458251953125e+01,1.265971851348876953e+01
2.900000000000000000e+01,1.854932785034179688e+01,1.854932785034179688e+01,1.766439819335937500e+01,1.715557479858398438e+01,1.343804359436035156e+01,1.343804359436035156e+01,1.252376174926757812e+01,1.225536441802978516e+01,4.887680053710937500e+00,4.887680053710937500e+00,5.134354591369628906e+00,4.962602138519287109e+00,4.068539738655090332e-01,4.068539738655090332e-01,7.546373605728149414e-01,8.141372203826904297e-01,4.913036525249481201e-01,4.913036525249481201e-01,7.827339172363281250e-01,8.085182309150695801e-01,5.079415798187255859e+00,5.079415798187255859e+00,5.218700408935546875e+00,5.197520732879638672e+00,1.367344379425048828e+01,1.367344379425048828e+01,1.305027961730957031e+01,1.265826416015625000e+01
3.000000000000000000e+01,1.858531188964843750e+01,1.858531188964843750e+01,1.762873649597167969e+01,1.714301681518554688e+01,1.346344184875488281e+01,1.346344184875488281e+01,1.256382560729980469e+01,1.225701999664306641e+01,4.907022953033447266e+00,4.907022953033447266e+00,5.142519950866699219e+00,4.979801177978515625e+00,4.116517901420593262e-01,4.116517901420593262e-01,7.599160075187683105e-01,8.204099535942077637e-01,4.918434619903564453e-01,4.918434619903564453e-01,7.801982760429382324e-01,8.073748946189880371e-01,5.076483726501464844e+00,5.076483726501464844e+00,5.219332695007324219e+00,5.195975303649902344e+00,1.363644981384277344e+01,1.363644981384277344e+01,1.298779678344726562e+01,1.265442466735839844e+01
3.100000000000000000e+01,1.855423736572265625e+01,1.855423736572265625e+01,1.757076644897460938e+01,1.714181518554687500e+01,1.341417598724365234e+01,1.341417598724365234e+01,1.260195255279541016e+01,1.227915287017822266e+01,4.895931243896484375e+00,4.895931243896484375e+00,5.139939785003662109e+00,4.976417064666748047e+00,4.209215939044952393e-01,4.209215939044952393e-01,7.637773156166076660e-01,8.200757503509521484e-01,4.865955114364624023e-01,4.865955114364624023e-01,7.798974514007568359e-01,8.123157024383544922e-01,5.064338684082031250e+00,5.064338684082031250e+00,5.181420803070068359e+00,5.204143047332763672e+00,1.363393402099609375e+01,1.363393402099609375e+01,1.305250358581542969e+01,1.268640327453613281e+01
3.200000000000000000e+01,1.849581909179687500e+01,1.849581909179687500e+01,1.763498687744140625e+01,1.711516761779785156e+01,1.343351268768310547e+01,1.343351268768310547e+01,1.251410770416259766e+01,1.225628566741943359e+01,4.943427085876464844e+00,4.943427085876464844e+00,5.157275199890136719e+00,4.986626625061035156e+00,4.351286292076110840e-01,4.351286292076110840e-01,7.626742124557495117e-01,8.275251388549804688e-01,4.863214492797851562e-01,4.863214492797851562e-01,7.670242786407470703e-01,8.141338229179382324e-01,5.087447643280029297e+00,5.087447643280029297e+00,5.217822551727294922e+00,5.156924247741699219e+00,1.362832927703857422e+01,1.362832927703857422e+01,1.299575519561767578e+01,1.267630290985107422e+01
3.300000000000000000e+01,1.849719238281250000e+01,1.849719238281250000e+01,1.763430404663085938e+01,1.709310913085937500e+01,1.343852710723876953e+01,1.343852710723876953e+01,1.256209468841552734e+01,1.224202728271484375e+01,4.967004776000976562e+00,4.967004776000976562e+00,5.174931526184082031e+00,5.021561622619628906e+00,4.366337060928344727e-01,4.366337060928344727e-01,7.708505392074584961e-01,8.379126191139221191e-01,4.854117035865783691e-01,4.854117035865783691e-01,7.675312161445617676e-01,8.149744272232055664e-01,5.078165054321289062e+00,5.078165054321289062e+00,5.198363304138183594e+00,5.221681594848632812e+00,1.364537239074707031e+01,1.364537239074707031e+01,1.298861789703369141e+01,1.262852096557617188e+01
3.400000000000000000e+01,1.854400253295898438e+01,1.854400253295898438e+01,1.763874435424804688e+01,1.712211608886718750e+01,1.344172954559326172e+01,1.344172954559326172e+01,1.254107856750488281e+01,1.231232452392578125e+01,4.976495265960693359e+00,4.976495265960693359e+00,5.192356586456298828e+00,5.007191658020019531e+00,4.431741833686828613e-01,4.431741833686828613e-01,7.681156396865844727e-01,8.394618630409240723e-01,4.835434556007385254e-01,4.835434556007385254e-01,7.608372569084167480e-01,8.136355876922607422e-01,5.074471950531005859e+00,5.074471950531005859e+00,5.214923858642578125e+00,5.158499717712402344e+00,1.363928794860839844e+01,1.363928794860839844e+01,1.301659584045410156e+01,1.264328765869140625e+01
3.500000000000000000e+01,1.849675369262695312e+01,1.849675369262695312e+01,1.756773376464843750e+01,1.711380386352539062e+01,1.345959091186523438e+01,1.345959091186523438e+01,1.253349590301513672e+01,1.226294422149658203e+01,4.988155364990234375e+00,4.988155364990234375e+00,5.224463462829589844e+00,5.049893379211425781e+00,4.565980434417724609e-01,4.565980434417724609e-01,7.762454152107238770e-01,8.455861806869506836e-01,4.836940169334411621e-01,4.836940169334411621e-01,7.563839554786682129e-01,8.036549687385559082e-01,5.072575092315673828e+00,5.072575092315673828e+00,5.193902969360351562e+00,5.171107769012451172e+00,1.362794876098632812e+01,1.362794876098632812e+01,1.298116779327392578e+01,1.262192630767822266e+01
3.600000000000000000e+01,1.851639938354492188e+01,1.851639938354492188e+01,1.759738731384277344e+01,1.710064697265625000e+01,1.345704364776611328e+01,1.345704364776611328e+01,1.257073974609375000e+01,1.228240203857421875e+01,4.984944820404052734e+00,4.984944820404052734e+00,5.224906444549560547e+00,5.028494834899902344e+00,4.619292914867401123e-01,4.619292914867401123e-01,7.744704484939575195e-01,8.555008172988891602e-01,4.802819192409515381e-01,4.802819192409515381e-01,7.552356719970703125e-01,8.090710043907165527e-01,5.063329696655273438e+00,5.063329696655273438e+00,5.213961601257324219e+00,5.177073478698730469e+00,1.363168334960937500e+01,1.363168334960937500e+01,1.299770832061767578e+01,1.260511493682861328e+01
3.700000000000000000e+01,1.848567199707031250e+01,1.848567199707031250e+01,1.752878570556640625e+01,1.700583839416503906e+01,1.348013114929199219e+01,1.348013114929199219e+01,1.257139110565185547e+01,1.225162506103515625e+01,5.003105163574218750e+00,5.003105163574218750e+00,5.220466613769531250e+00,5.075046539306640625e+00,4.637253582477569580e-01,4.637253582477569580e-01,7.738480567932128906e-01,8.552415370941162109e-01,4.807778894901275635e-01,4.807778894901275635e-01,7.476247549057006836e-01,8.124061822891235352e-01,5.057683944702148438e+00,5.057683944702148438e+00,5.218657016754150391e+00,5.170845985412597656e+00,1.359314346313476562e+01,1.359314346313476562e+01,1.299536609649658203e+01,1.262246608734130859e+01
3.800000000000000000e+01,1.851525497436523438e+01,1.851525497436523438e+01,1.754610824584960938e+01,1.704025650024414062e+01,1.343349075317382812e+01,1.343349075317382812e+01,1.263322067260742188e+01,1.229500198364257812e+01,5.028459072113037109e+00,5.028459072113037109e+00,5.255768299102783203e+00,5.082517623901367188e+00,4.690335690975189209e-01,4.690335690975189209e-01,7.823949456214904785e-01,8.636975288391113281e-01,4.713464975357055664e-01,4.713464975357055664e-01,7.466001510620117188e-01,8.117017745971679688e-01,5.065080642700195312e+00,5.065080642700195312e+00,5.211067199707031250e+00,5.143858909606933594e+00,1.356244277954101562e+01,1.356244277954101562e+01,1.303060722351074219e+01,1.256934070587158203e+01
3.900000000000000000e+01,1.853842353820800781e+01,1.853842353820800781e+01,1.749725532531738281e+01,1.702069282531738281e+01,1.343793773651123047e+01,1.343793773651123047e+01,1.256120872497558594e+01,1.228464889526367188e+01,5.042844772338867188e+00,5.042844772338867188e+00,5.272700309753417969e+00,5.083909511566162109e+00,4.758298099040985107e-01,4.758298099040985107e-01,7.775323987007141113e-01,8.650011420249938965e-01,4.752823114395141602e-01,4.752823114395141602e-01,7.457262277603149414e-01,8.152538537979125977e-01,5.065321922302246094e+00,5.065321922302246094e+00,5.235720634460449219e+00,5.167338371276855469e+00,1.357213592529296875e+01,1.357213592529296875e+01,1.300119972229003906e+01,1.258747673034667969e+01
4.000000000000000000e+01,1.855150222778320312e+01,1.855150222778320312e+01,1.749508666992187500e+01,1.708366584777832031e+01,1.346673011779785156e+01,1.346673011779785156e+01,1.262197494506835938e+01,1.230839347839355469e+01,5.067688465118408203e+00,5.067688465118408203e+00,5.267704010009765625e+00,5.084130287170410156e+00,4.798484742641448975e-01,4.798484742641448975e-01,7.818074226379394531e-01,8.720204234123229980e-01,4.767723083496093750e-01,4.767723083496093750e-01,7.352176904678344727e-01,8.164216279983520508e-01,5.068978309631347656e+00,5.068978309631347656e+00,5.233990192413330078e+00,5.144575595855712891e+00,1.359111976623535156e+01,1.359111976623535156e+01,1.296447849273681641e+01,1.260343170166015625e+01
4.100000000000000000e+01,1.853757095336914062e+01,1.853757095336914062e+01,1.747232437133789062e+01,1.704598617553710938e+01,1.347742843627929688e+01,1.347742843627929688e+01,1.261268043518066406e+01,1.230105590820312500e+01,5.073128700256347656e+00,5.073128700256347656e+00,5.273158073425292969e+00,5.104222774505615234e+00,4.841843545436859131e-01,4.841843545436859131e-01,7.790843844413757324e-01,8.742344379425048828e-01,4.714778661727905273e-01,4.714778661727905273e-01,7.389479875564575195e-01,8.181489109992980957e-01,5.058906078338623047e+00,5.058906078338623047e+00,5.261328697204589844e+00,5.139622688293457031e+00,1.353260898590087891e+01,1.353260898590087891e+01,1.295445823669433594e+01,1.253334236145019531e+01
4.200000000000000000e+01,1.848942947387695312e+01,1.848942947387695312e+01,1.744558715820312500e+01,1.706423568725585938e+01,1.350291633605957031e+01,1.350291633605957031e+01,1.258584785461425781e+01,1.227560710906982422e+01,5.067206859588623047e+00,5.067206859588623047e+00,5.283142089843750000e+00,5.124997138977050781e+00,4.912519156932830811e-01,4.912519156932830811e-01,7.788702249526977539e-01,8.715692758560180664e-01,4.699031412601470947e-01,4.699031412601470947e-01,7.378796339035034180e-01,8.193177580833435059e-01,5.047086238861083984e+00,5.047086238861083984e+00,5.248212814331054688e+00,5.131404876708984375e+00,1.351518249511718750e+01,1.351518249511718750e+01,1.290587425231933594e+01,1.259734058380126953e+01
4.300000000000000000e+01,1.849342346191406250e+01,1.849342346191406250e+01,1.753273010253906250e+01,1.705319595336914062e+01,1.348298931121826172e+01,1.348298931121826172e+01,1.264587116241455078e+01,1.232390117645263672e+01,5.083517074584960938e+00,5.083517074584960938e+00,5.298651695251464844e+00,5.136560440063476562e+00,4.942415058612823486e-01,4.942415058612823486e-01,7.822079062461853027e-01,8.736923933029174805e-01,4.682135581970214844e-01,4.682135581970214844e-01,7.374612092971801758e-01,8.120875358581542969e-01,5.051884651184082031e+00,5.051884651184082031e+00,5.257199764251708984e+00,5.131766319274902344e+00,1.349858856201171875e+01,1.349858856201171875e+01,1.292244911193847656e+01,1.255197143554687500e+01
4.400000000000000000e+01,1.849687767028808594e+01,1.849687767028808594e+01,1.748691558837890625e+01,1.700214958190917969e+01,1.351540756225585938e+01,1.351540756225585938e+01,1.261803913116455078e+01,1.234970092773437500e+01,5.093673229217529297e+00,5.093673229217529297e+00,5.310147285461425781e+00,5.124614715576171875e+00,4.948433339595794678e-01,4.948433339595794678e-01,7.817320823669433594e-01,8.740358352661132812e-01,4.665617346763610840e-01,4.665617346763610840e-01,7.233142852783203125e-01,8.200908899307250977e-01,5.050204277038574219e+00,5.050204277038574219e+00,5.232316970825195312e+00,5.115124702453613281e+00,1.346932411193847656e+01,1.346932411193847656e+01,1.293330097198486328e+01,1.251115322113037109e+01
4.500000000000000000e+01,1.854418945312500000e+01,1.854418945312500000e+01,1.749851989746093750e+01,1.709056472778320312e+01,1.350038528442382812e+01,1.350038528442382812e+01,1.263828182220458984e+01,1.233805656433105469e+01,5.092027664184570312e+00,5.092027664184570312e+00,5.310013771057128906e+00,5.155834197998046875e+00,4.940790235996246338e-01,4.940790235996246338e-01,7.802332639694213867e-01,8.741132020950317383e-01,4.668175578117370605e-01,4.668175578117370605e-01,7.271349430084228516e-01,8.194770812988281250e-01,5.027491569519042969e+00,5.027491569519042969e+00,5.245936393737792969e+00,5.129180908203125000e+00,1.343387699127197266e+01,1.343387699127197266e+01,1.285076427459716797e+01,1.251296043395996094e+01
4.600000000000000000e+01,1.851840782165527344e+01,1.851840782165527344e+01,1.746556663513183594e+01,1.701028442382812500e+01,1.353337097167968750e+01,1.353337097167968750e+01,1.265109443664550781e+01,1.232104206085205078e+01,5.116684913635253906e+00,5.116684913635253906e+00,5.316212654113769531e+00,5.142407417297363281e+00,4.942570030689239502e-01,4.942570030689239502e-01,7.842190265655517578e-01,8.709887266159057617e-01,4.655835628509521484e-01,4.655835628509521484e-01,7.310550808906555176e-01,8.179527521133422852e-01,5.051919937133789062e+00,5.051919937133789062e+00,5.251765251159667969e+00,5.098212242126464844e+00,1.339559268951416016e+01,1.339559268951416016e+01,1.286082267761230469e+01,1.247808456420898438e+01
4.700000000000000000e+01,1.850773239135742188e+01,1.850773239135742188e+01,1.749464797973632812e+01,1.702946090698242188e+01,1.348129940032958984e+01,1.348129940032958984e+01,1.262462425231933594e+01,1.234051322937011719e+01,5.110452651977539062e+00,5.110452651977539062e+00,5.332745552062988281e+00,5.158132553100585938e+00,4.950179159641265869e-01,4.950179159641265869e-01,7.788051962852478027e-01,8.867307901382446289e-01,4.649018645286560059e-01,4.649018645286560059e-01,7.263388633728027344e-01,8.151059150695800781e-01,5.048456192016601562e+00,5.048456192016601562e+00,5.263866901397705078e+00,5.109437942504882812e+00,1.342716407775878906e+01,1.342716407775878906e+01,1.282209777832031250e+01,1.247091484069824219e+01
4.800000000000000000e+01,1.857809448242187500e+01,1.857809448242187500e+01,1.755567169189453125e+01,1.701893424987792969e+01,1.347781085968017578e+01,1.347781085968017578e+01,1.260335159301757812e+01,1.232509136199951172e+01,5.102425575256347656e+00,5.102425575256347656e+00,5.333475589752197266e+00,5.127925872802734375e+00,5.013449192047119141e-01,5.013449192047119141e-01,7.782874107360839844e-01,8.827173709869384766e-01,4.659709334373474121e-01,4.659709334373474121e-01,7.335736751556396484e-01,8.192911744117736816e-01,5.029961109161376953e+00,5.029961109161376953e+00,5.247854709625244141e+00,5.094313144683837891e+00,1.334385490417480469e+01,1.334385490417480469e+01,1.282390213012695312e+01,1.247375679016113281e+01
4.900000000000000000e+01,1.858945274353027344e+01,1.858945274353027344e+01,1.754075241088867188e+01,1.703374862670898438e+01,1.354687786102294922e+01,1.354687786102294922e+01,1.264465713500976562e+01,1.237452316284179688e+01,5.119375705718994141e+00,5.119375705718994141e+00,5.341403007507324219e+00,5.158740997314453125e+00,5.040585994720458984e-01,5.040585994720458984e-01,7.781839370727539062e-01,8.838540315628051758e-01,4.690409302711486816e-01,4.690409302711486816e-01,7.259957790374755859e-01,8.158134222030639648e-01,5.034160137176513672e+00,5.034160137176513672e+00,5.245543479919433594e+00,5.077889442443847656e+00,1.334177017211914062e+01,1.334177017211914062e+01,1.278185272216796875e+01,1.244318199157714844e+01
5.000000000000000000e+01,1.854485511779785156e+01,1.854485511779785156e+01,1.744033050537109375e+01,1.702977943420410156e+01,1.350919532775878906e+01,1.350919532775878906e+01,1.259187889099121094e+01,1.233542537689208984e+01,5.121887207031250000e+00,5.121887207031250000e+00,5.370452880859375000e+00,5.169094562530517578e+00,5.021528005599975586e-01,5.021528005599975586e-01,7.865304946899414062e-01,8.829274177551269531e-01,4.677329063415527344e-01,4.677329063415527344e-01,7.204319834709167480e-01,8.187490701675415039e-01,5.022688865661621094e+00,5.022688865661621094e+00,5.267923355102539062e+00,5.070279598236083984e+00,1.338124561309814453e+01,1.338124561309814453e+01,1.283547210693359375e+01,1.242845344543457031e+01
5.100000000000000000e+01,1.857538223266601562e+01,1.857538223266601562e+01,1.755146026611328125e+01,1.704238510131835938e+01,1.354114532470703125e+01,1.354114532470703125e+01,1.262580776214599609e+01,1.237590789794921875e+01,5.124815940856933594e+00,5.124815940856933594e+00,5.331005096435546875e+00,5.186390399932861328e+00,5.052595138549804688e-01,5.052595138549804688e-01,7.860381603240966797e-01,8.810439109802246094e-01,4.726038575172424316e-01,4.726038575172424316e-01,7.253510951995849609e-01,8.276731967926025391e-01,5.018275737762451172e+00,5.018275737762451172e+00,5.238566398620605469e+00,5.072239875793457031e+00,1.332701396942138672e+01,1.332701396942138672e+01,1.277440261840820312e+01,1.238089370727539062e+01
5.200000000000000000e+01,1.855344390869140625e+01,1.855344390869140625e+01,1.751040458679199219e+01,1.711138534545898438e+01,1.351263427734375000e+01,1.351263427734375000e+01,1.264541816711425781e+01,1.238596534729003906e+01,5.130713462829589844e+00,5.130713462829589844e+00,5.358739852905273438e+00,5.176416873931884766e+00,5.144706964492797852e-01,5.144706964492797852e-01,7.939859032630920410e-01,8.867741823196411133e-01,4.697367548942565918e-01,4.697367548942565918e-01,7.159537076950073242e-01,8.253003358840942383e-01,5.020791053771972656e+00,5.020791053771972656e+00,5.244971275329589844e+00,5.063017368316650391e+00,1.335342502593994141e+01,1.335342502593994141e+01,1.280001640319824219e+01,1.236607551574707031e+01
5.300000000000000000e+01,1.855629730224609375e+01,1.855629730224609375e+01,1.750949096679687500e+01,1.707001876831054688e+01,1.353520202636718750e+01,1.353520202636718750e+01,1.263638114929199219e+01,1.241235733032226562e+01,5.141998291015625000e+00,5.141998291015625000e+00,5.345881462097167969e+00,5.192467212677001953e+00,5.149734020233154297e-01,5.149734020233154297e-01,7.904891967773437500e-01,8.907375931739807129e-01,4.713711142539978027e-01,4.713711142539978027e-01,7.206807136535644531e-01,8.295607566833496094e-01,5.023668766021728516e+00,5.023668766021728516e+00,5.240079402923583984e+00,5.048950195312500000e+00,1.334527778625488281e+01,1.334527778625488281e+01,1.286087417602539062e+01,1.239875507354736328e+01
5.400000000000000000e+01,1.861000442504882812e+01,1.861000442504882812e+01,1.754837799072265625e+01,1.706536483764648438e+01,1.350089645385742188e+01,1.350089645385742188e+01,1.267308425903320312e+01,1.242846298217773438e+01,5.158133506774902344e+00,5.158133506774902344e+00,5.360774040222167969e+00,5.237284660339355469e+00,5.184304714202880859e-01,5.184304714202880859e-01,7.938583493232727051e-01,8.934649825096130371e-01,4.724593162536621094e-01,4.724593162536621094e-01,7.201767563819885254e-01,8.198245763778686523e-01,5.019273757934570312e+00,5.019273757934570312e+00,5.255743980407714844e+00,5.043593883514404297e+00,1.331669616699218750e+01,1.331669616699218750e+01,1.279321670532226562e+01,1.239210796356201172e+01
5.500000000000000000e+01,1.857481575012207031e+01,1.857481575012207031e+01,1.748905181884765625e+01,1.707667541503906250e+01,1.354200744628906250e+01,1.354200744628906250e+01,1.265571403503417969e+01,1.241108226776123047e+01,5.194236755371093750e+00,5.194236755371093750e+00,5.360266685485839844e+00,5.227101325988769531e+00,5.205222368240356445e-01,5.205222368240356445e-01,7.987791299819946289e-01,9.040733575820922852e-01,4.780883789062500000e-01,4.780883789062500000e-01,7.181074619293212891e-01,8.238285779953002930e-01,5.042969703674316406e+00,5.042969703674316406e+00,5.245858192443847656e+00,5.038755416870117188e+00,1.329686355590820312e+01,1.329686355590820312e+01,1.277662467956542969e+01,1.238942337036132812e+01
5.600000000000000000e+01,1.854750061035156250e+01,1.854750061035156250e+01,1.753297042846679688e+01,1.704924392700195312e+01,1.358993721008300781e+01,1.358993721008300781e+01,1.263306045532226562e+01,1.247432136535644531e+01,5.190025329589843750e+00,5.190025329589843750e+00,5.363896369934082031e+00,5.238548278808593750e+00,5.246322154998779297e-01,5.246322154998779297e-01,8.014253377914428711e-01,9.026163220405578613e-01,4.846076369285583496e-01,4.846076369285583496e-01,7.157943844795227051e-01,8.250163793563842773e-01,5.007664203643798828e+00,5.007664203643798828e+00,5.253643512725830078e+00,5.043325424194335938e+00,1.330542755126953125e+01,1.330542755126953125e+01,1.281706809997558594e+01,1.236816024780273438e+01
5.700000000000000000e+01,1.858018112182617188e+01,1.858018112182617188e+01,1.758718109130859375e+01,1.705904769897460938e+01,1.358314704895019531e+01,1.358314704895019531e+01,1.271051979064941406e+01,1.247335338592529297e+01,5.183379650115966797e+00,5.183379650115966797e+00,5.388335227966308594e+00,5.281626224517822266e+00,5.260555148124694824e-01,5.260555148124694824e-01,8.097376823425292969e-01,9.053068757057189941e-01,4.809870123863220215e-01,4.809870123863220215e-01,7.220427989959716797e-01,8.269749879837036133e-01,5.001977920532226562e+00,5.001977920532226562e+00,5.271600723266601562e+00,4.991889953613281250e+00,1.333598232269287109e+01,1.333598232269287109e+01,1.277633571624755859e+01,1.235611438751220703e+01
5.800000000000000000e+01,1.856521034240722656e+01,1.856521034240722656e+01,1.750651741027832031e+01,1.707289314270019531e+01,1.362843322753906250e+01,1.362843322753906250e+01,1.271666908264160156e+01,1.249670982360839844e+01,5.220526695251464844e+00,5.220526695251464844e+00,5.399630069732666016e+00,5.239952087402343750e+00,5.323185920715332031e-01,5.323185920715332031e-01,8.194430470466613770e-01,9.081242084503173828e-01,4.837936758995056152e-01,4.837936758995056152e-01,7.146031260490417480e-01,8.241082429885864258e-01,5.024225234985351562e+00,5.024225234985351562e+00,5.241202354431152344e+00,4.983943939208984375e+00,1.328515529632568359e+01,1.328515529632568359e+01,1.283302307128906250e+01,1.237623023986816406e+01
5.900000000000000000e+01,1.854954147338867188e+01,1.854954147338867188e+01,1.753417015075683594e+01,1.709302330017089844e+01,1.359921836853027344e+01,1.359921836853027344e+01,1.266517734527587891e+01,1.251539039611816406e+01,5.211707592010498047e+00,5.211707592010498047e+00,5.406122207641601562e+00,5.273875236511230469e+00,5.357266664505004883e-01,5.357266664505004883e-01,8.228632211685180664e-01,9.077901840209960938e-01,4.891381561756134033e-01,4.891381561756134033e-01,7.269454002380371094e-01,8.309445381164550781e-01,4.991467952728271484e+00,4.991467952728271484e+00,5.249246597290039062e+00,5.006980419158935547e+00,1.333807182312011719e+01,1.333807182312011719e+01,1.277526664733886719e+01,1.235373973846435547e+01
6.000000000000000000e+01,1.857141876220703125e+01,1.857141876220703125e+01,1.750513458251953125e+01,1.703326797485351562e+01,1.367178726196289062e+01,1.367178726196289062e+01,1.271759128570556641e+01,1.255336284637451172e+01,5.232189178466796875e+00,5.232189178466796875e+00,5.408487319946289062e+00,5.302840232849121094e+00,5.340582132339477539e-01,5.340582132339477539e-01,8.273428678512573242e-01,9.130097627639770508e-01,4.950698018074035645e-01,4.950698018074035645e-01,7.166203260421752930e-01,8.260004520416259766e-01,4.992067337036132812e+00,4.992067337036132812e+00,5.255140781402587891e+00,4.988530635833740234e+00,1.327624130249023438e+01,1.327624130249023438e+01,1.276116943359375000e+01,1.237651824951171875e+01
6.100000000000000000e+01,1.861358261108398438e+01,1.861358261108398438e+01,1.753602981567382812e+01,1.710425567626953125e+01,1.366660118103027344e+01,1.366660118103027344e+01,1.269909286499023438e+01,1.256783676147460938e+01,5.224521160125732422e+00,5.224521160125732422e+00,5.405793190002441406e+00,5.327895641326904297e+00,5.416224002838134766e-01,5.416224002838134766e-01,8.282598257064819336e-01,9.140204787254333496e-01,4.950217306613922119e-01,4.950217306613922119e-01,7.300086617469787598e-01,8.320634961128234863e-01,4.983056068420410156e+00,4.983056068420410156e+00,5.233738899230957031e+00,4.963043689727783203e+00,1.330523967742919922e+01,1.330523967742919922e+01,1.273418712615966797e+01,1.234355831146240234e+01
6.200000000000000000e+01,1.860105895996093750e+01,1.860105895996093750e+01,1.752145385742187500e+01,1.702878570556640625e+01,1.367324161529541016e+01,1.367324161529541016e+01,1.274701881408691406e+01,1.260377693176269531e+01,5.249744415283203125e+00,5.249744415283203125e+00,5.419382095336914062e+00,5.329420566558837891e+00,5.448620915412902832e-01,5.448620915412902832e-01,8.358335494995117188e-01,9.154407978057861328e-01,4.949472546577453613e-01,4.949472546577453613e-01,7.284832596778869629e-01,8.244059085845947266e-01,4.965480804443359375e+00,4.965480804443359375e+00,5.240160942077636719e+00,4.953791141510009766e+00,1.325039291381835938e+01,1.325039291381835938e+01,1.273978233337402344e+01,1.233045101165771484e+01
6.300000000000000000e+01,1.862596511840820312e+01,1.862596511840820312e+01,1.756431961059570312e+01,1.705000114440917969e+01,1.365416145324707031e+01,1.365416145324707031e+01,1.274937343597412109e+01,1.262164497375488281e+01,5.237387657165527344e+00,5.237387657165527344e+00,5.422695159912109375e+00,5.329873085021972656e+00,5.389583706855773926e-01,5.389583706855773926e-01,8.354981541633605957e-01,9.171933531761169434e-01,5.035293698310852051e-01,5.035293698310852051e-01,7.284244894981384277e-01,8.292077183723449707e-01,4.950109958648681641e+00,4.950109958648681641e+00,5.280094146728515625e+00,4.943327903747558594e+00,1.324504280090332031e+01,1.324504280090332031e+01,1.275510406494140625e+01,1.232426643371582031e+01
6.400000000000000000e+01,1.861165428161621094e+01,1.861165428161621094e+01,1.757710647583007812e+01,1.703219795227050781e+01,1.372445964813232422e+01,1.372445964813232422e+01,1.282312297821044922e+01,1.263735294342041016e+01,5.226064682006835938e+00,5.226064682006835938e+00,5.406095504760742188e+00,5.341712951660156250e+00,5.445649623870849609e-01,5.445649623870849609e-01,8.420027494430541992e-01,9.129887819290161133e-01,5.051670074462890625e-01,5.051670074462890625e-01,7.288292646408081055e-01,8.313543200492858887e-01,4.939526557922363281e+00,4.939526557922363281e+00,5.231170654296875000e+00,4.941501140594482422e+00,1.330088520050048828e+01,1.330088520050048828e+01,1.273151779174804688e+01,1.229138565063476562e+01
6.500000000000000000e+01,1.858465957641601562e+01,1.858465957641601562e+01,1.756231498718261719e+01,1.706569290161132812e+01,1.376348876953125000e+01,1.376348876953125000e+01,1.280133533477783203e+01,1.270146560668945312e+01,5.254613876342773438e+00,5.254613876342773438e+00,5.416646957397460938e+00,5.349566459655761719e+00,5.393384099006652832e-01,5.393384099006652832e-01,8.454080820083618164e-01,9.091236591339111328e-01,5.094586610794067383e-01,5.094586610794067383e-01,7.250039577484130859e-01,8.297224640846252441e-01,4.941299438476562500e+00,4.941299438476562500e+00,5.227848052978515625e+00,4.929440498352050781e+00,1.329830551147460938e+01,1.329830551147460938e+01,1.271456241607666016e+01,1.229771709442138672e+01
6.600000000000000000e+01,1.859464645385742188e+01,1.859464645385742188e+01,1.754185104370117188e+01,1.705170440673828125e+01,1.377697467803955078e+01,1.377697467803955078e+01,1.282637977600097656e+01,1.268973922729492188e+01,5.264800548553466797e+00,5.264800548553466797e+00,5.433241844177246094e+00,5.380683898925781250e+00,5.418315529823303223e-01,5.418315529823303223e-01,8.491218090057373047e-01,9.122036695480346680e-01,5.161753892898559570e-01,5.161753892898559570e-01,7.340642809867858887e-01,8.301594257354736328e-01,4.968245029449462891e+00,4.968245029449462891e+00,5.222867965698242188e+00,4.891234397888183594e+00,1.327849960327148438e+01,1.327849960327148438e+01,1.273907661437988281e+01,1.228399085998535156e+01
6.700000000000000000e+01,1.860014724731445312e+01,1.860014724731445312e+01,1.752829551696777344e+01,1.702502059936523438e+01,1.378167724609375000e+01,1.378167724609375000e+01,1.278279495239257812e+01,1.270169162750244141e+01,5.256997108459472656e+00,5.256997108459472656e+00,5.425951004028320312e+00,5.371745586395263672e+00,5.354589223861694336e-01,5.354589223861694336e-01,8.497911691665649414e-01,9.032857418060302734e-01,5.222060680389404297e-01,5.222060680389404297e-01,7.364211678504943848e-01,8.326125144958496094e-01,4.926164627075195312e+00,4.926164627075195312e+00,5.269096374511718750e+00,4.919062614440917969e+00,1.326866340637207031e+01,1.326866340637207031e+01,1.276903724670410156e+01,1.227449989318847656e+01
6.800000000000000000e+01,1.857696533203125000e+01,1.857696533203125000e+01,1.759869384765625000e+01,1.705521965026855469e+01,1.382146453857421875e+01,1.382146453857421875e+01,1.282249641418457031e+01,1.274727058410644531e+01,5.300606727600097656e+00,5.300606727600097656e+00,5.414729118347167969e+00,5.369605064392089844e+00,5.367574095726013184e-01,5.367574095726013184e-01,8.448420763015747070e-01,9.105407595634460449e-01,5.231741070747375488e-01,5.231741070747375488e-01,7.425976991653442383e-01,8.314540386199951172e-01,4.933865070343017578e+00,4.933865070343017578e+00,5.222927093505859375e+00,4.924756050109863281e+00,1.327329254150390625e+01,1.327329254150390625e+01,1.268392753601074219e+01,1.227518844604492188e+01
6.900000000000000000e+01,1.857232284545898438e+01,1.857232284545898438e+01,1.752341461181640625e+01,1.709811592102050781e+01,1.378253459930419922e+01,1.378253459930419922e+01,1.290158081054687500e+01,1.274539184570312500e+01,5.276990890502929688e+00,5.276990890502929688e+00,5.428250312805175781e+00,5.377624034881591797e+00,5.348378419876098633e-01,5.348378419876098633e-01,8.491383790969848633e-01,9.031046032905578613e-01,5.241225957870483398e-01,5.241225957870483398e-01,7.464947700500488281e-01,8.429243564605712891e-01,4.928663253784179688e+00,4.928663253784179688e+00,5.222880840301513672e+00,4.918854713439941406e+00,1.327701473236083984e+01,1.327701473236083984e+01,1.275643157958984375e+01,1.229483699798583984e+01
7.000000000000000000e+01,1.861638641357421875e+01,1.861638641357421875e+01,1.754796218872070312e+01,1.711212539672851562e+01,1.385081481933593750e+01,1.385081481933593750e+01,1.290066909790039062e+01,1.276549530029296875e+01,5.281868934631347656e+00,5.281868934631347656e+00,5.448090076446533203e+00,5.400771141052246094e+00,5.295516252517700195e-01,5.295516252517700195e-01,8.465576171875000000e-01,8.928762674331665039e-01,5.316103100776672363e-01,5.316103100776672363e-01,7.415419816970825195e-01,8.269677162170410156e-01,4.928690910339355469e+00,4.928690910339355469e+00,5.206143856048583984e+00,4.901021957397460938e+00,1.325699806213378906e+01,1.325699806213378906e+01,1.276652240753173828e+01,1.227396678924560547e+01
7.100000000000000000e+01,1.861075592041015625e+01,1.861075592041015625e+01,1.751667404174804688e+01,1.710400009155273438e+01,1.384827041625976562e+01,1.384827041625976562e+01,1.293550491333007812e+01,1.275400733947753906e+01,5.304923057556152344e+00,5.304923057556152344e+00,5.448929786682128906e+00,5.405791282653808594e+00,5.328444838523864746e-01,5.328444838523864746e-01,8.453879356384277344e-01,8.932986259460449219e-01,5.340363979339599609e-01,5.340363979339599609e-01,7.490270137786865234e-01,8.257726430892944336e-01,4.933471679687500000e+00,4.933471679687500000e+00,5.222914695739746094e+00,4.906418800354003906e+00,1.328956604003906250e+01,1.328956604003906250e+01,1.271643161773681641e+01,1.230730819702148438e+01
7.200000000000000000e+01,1.863632774353027344e+01,1.863632774353027344e+01,1.750700378417968750e+01,1.711922073364257812e+01,1.388563346862792969e+01,1.388563346862792969e+01,1.291064739227294922e+01,1.285371112823486328e+01,5.284333229064941406e+00,5.284333229064941406e+00,5.489388465881347656e+00,5.405935287475585938e+00,5.251731872558593750e-01,5.251731872558593750e-01,8.484988212585449219e-01,8.880625963211059570e-01,5.353652238845825195e-01,5.353652238845825195e-01,7.521616816520690918e-01,8.275769352912902832e-01,4.929737567901611328e+00,4.929737567901611328e+00,5.202662467956542969e+00,4.899271965026855469e+00,1.327684593200683594e+01,1.327684593200683594e+01,1.275922203063964844e+01,1.226133728027343750e+01
7.300000000000000000e+01,1.860844421386718750e+01,1.860844421386718750e+01,1.747297286987304688e+01,1.711697387695312500e+01,1.389316749572753906e+01,1.389316749572753906e+01,1.294274520874023438e+01,1.285011291503906250e+01,5.315968513488769531e+00,5.315968513488769531e+00,5.446338653564453125e+00,5.401307106018066406e+00,5.180121660232543945e-01,5.180121660232543945e-01,8.462699651718139648e-01,8.785815834999084473e-01,5.363094806671142578e-01,5.363094806671142578e-01,7.545398473739624023e-01,8.222372531890869141e-01,4.942816734313964844e+00,4.942816734313964844e+00,5.224748611450195312e+00,4.882175445556640625e+00,1.327261161804199219e+01,1.327261161804199219e+01,1.275142097473144531e+01,1.228234004974365234e+01
7.400000000000000000e+01,1.862301063537597656e+01,1.862301063537597656e+01,1.751198196411132812e+01,1.711535072326660156e+01,1.387811088562011719e+01,1.387811088562011719e+01,1.296401405334472656e+01,1.281694602966308594e+01,5.297836303710937500e+00,5.297836303710937500e+00,5.441665172576904297e+00,5.413537502288818359e+00,5.038473010063171387e-01,5.038473010063171387e-01,8.424930572509765625e-01,8.723077178001403809e-01,5.347738265991210938e-01,5.347738265991210938e-01,7.598227858543395996e-01,8.192873597145080566e-01,4.907703399658203125e+00,4.907703399658203125e+00,5.222028255462646484e+00,4.878256797790527344e+00,1.323216819763183594e+01,1.323216819763183594e+01,1.272100830078125000e+01,1.229590988159179688e+01
7.500000000000000000e+01,1.867021179199218750e+01,1.867021179199218750e+01,1.757423591613769531e+01,1.713677215576171875e+01,1.392408847808837891e+01,1.392408847808837891e+01,1.298307323455810547e+01,1.283391189575195312e+01,5.277225971221923828e+00,5.277225971221923828e+00,5.459828376770019531e+00,5.405570030212402344e+00,5.050534009933471680e-01,5.050534009933471680e-01,8.395855426788330078e-01,8.669553995132446289e-01,5.353744626045227051e-01,5.353744626045227051e-01,7.573241591453552246e-01,8.145870566368103027e-01,4.894461631774902344e+00,4.894461631774902344e+00,5.204632282257080078e+00,4.872056961059570312e+00,1.329955768585205078e+01,1.329955768585205078e+01,1.271497535705566406e+01,1.224993038177490234e+01
7.600000000000000000e+01,1.862016677856445312e+01,1.862016677856445312e+01,1.757188415527343750e+01,1.716205787658691406e+01,1.393750190734863281e+01,1.393750190734863281e+01,1.299528884887695312e+01,1.288117027282714844e+01,5.305566787719726562e+00,5.305566787719726562e+00,5.480419158935546875e+00,5.401361465454101562e+00,4.982852637767791748e-01,4.982852637767791748e-01,8.385835886001586914e-01,8.486804962158203125e-01,5.304278135299682617e-01,5.304278135299682617e-01,7.498397827148437500e-01,8.094575405120849609e-01,4.894399166107177734e+00,4.894399166107177734e+00,5.216991424560546875e+00,4.895337104797363281e+00,1.327436637878417969e+01,1.327436637878417969e+01,1.274079513549804688e+01,1.226774978637695312e+01
7.700000000000000000e+01,1.866589927673339844e+01,1.866589927673339844e+01,1.756193542480468750e+01,1.719742393493652344e+01,1.400359916687011719e+01,1.400359916687011719e+01,1.300980186462402344e+01,1.285563087463378906e+01,5.309482574462890625e+00,5.309482574462890625e+00,5.462991714477539062e+00,5.416003704071044922e+00,4.865128397941589355e-01,4.865128397941589355e-01,8.323671221733093262e-01,8.538969755172729492e-01,5.305311679840087891e-01,5.305311679840087891e-01,7.586285471916198730e-01,7.986657619476318359e-01,4.898007869720458984e+00,4.898007869720458984e+00,5.185873985290527344e+00,4.865943908691406250e+00,1.320045185089111328e+01,1.320045185089111328e+01,1.269745445251464844e+01,1.224858856201171875e+01
7.800000000000000000e+01,1.865482330322265625e+01,1.865482330322265625e+01,1.754964828491210938e+01,1.720564270019531250e+01,1.401925086975097656e+01,1.401925086975097656e+01,1.301825714111328125e+01,1.293876647949218750e+01,5.316085815429687500e+00,5.316085815429687500e+00,5.484869003295898438e+00,5.430521965026855469e+00,4.835413694381713867e-01,4.835413694381713867e-01,8.278058171272277832e-01,8.398164510726928711e-01,5.282902717590332031e-01,5.282902717590332031e-01,7.508126497268676758e-01,8.039175868034362793e-01,4.901324272155761719e+00,4.901324272155761719e+00,5.193385124206542969e+00,4.853996276855468750e+00,1.322652053833007812e+01,1.322652053833007812e+01,1.268660163879394531e+01,1.224933433532714844e+01
7.900000000000000000e+01,1.870585250854492188e+01,1.870585250854492188e+01,1.758777427673339844e+01,1.722449493408203125e+01,1.403249168395996094e+01,1.403249168395996094e+01,1.305951881408691406e+01,1.290177536010742188e+01,5.296664237976074219e+00,5.296664237976074219e+00,5.475792407989501953e+00,5.408185482025146484e+00,4.737448692321777344e-01,4.737448692321777344e-01,8.283401131629943848e-01,8.317809104919433594e-01,5.264101028442382812e-01,5.264101028442382812e-01,7.533660531044006348e-01,7.857410907745361328e-01,4.879227638244628906e+00,4.879227638244628906e+00,5.195020198822021484e+00,4.850972175598144531e+00,1.324658298492431641e+01,1.324658298492431641e+01,1.268554687500000000e+01,1.226393222808837891e+01
8.000000000000000000e+01,1.873726272583007812e+01,1.873726272583007812e+01,1.757770538330078125e+01,1.719727325439453125e+01,1.405535221099853516e+01,1.405535221099853516e+01,1.309863567352294922e+01,1.296184635162353516e+01,5.321503162384033203e+00,5.321503162384033203e+00,5.477285385131835938e+00,5.434704303741455078e+00,4.657869338989257812e-01,4.657869338989257812e-01,8.211477398872375488e-01,8.261025547981262207e-01,5.207027196884155273e-01,5.207027196884155273e-01,7.466323375701904297e-01,7.850520014762878418e-01,4.905229568481445312e+00,4.905229568481445312e+00,5.169331550598144531e+00,4.842856407165527344e+00,1.323254776000976562e+01,1.323254776000976562e+01,1.266463756561279297e+01,1.219685173034667969e+01
8.100000000000000000e+01,1.874148559570312500e+01,1.874148559570312500e+01,1.764720535278320312e+01,1.727030563354492188e+01,1.404154205322265625e+01,1.404154205322265625e+01,1.310054397583007812e+01,1.293495941162109375e+01,5.336496353149414062e+00,5.336496353149414062e+00,5.459832191467285156e+00,5.432804107666015625e+00,4.634816050529479980e-01,4.634816050529479980e-01,8.206551074981689453e-01,8.118933439254760742e-01,5.112875699996948242e-01,5.112875699996948242e-01,7.495025396347045898e-01,7.803432941436767578e-01,4.879266738891601562e+00,4.879266738891601562e+00,5.184257507324218750e+00,4.840796470642089844e+00,1.324158287048339844e+01,1.324158287048339844e+01,1.265444564819335938e+01,1.215952587127685547e+01
8.200000000000000000e+01,1.877140617370605469e+01,1.877140617370605469e+01,1.760218048095703125e+01,1.729827880859375000e+01,1.407036018371582031e+01,1.407036018371582031e+01,1.308749198913574219e+01,1.300959014892578125e+01,5.330700874328613281e+00,5.330700874328613281e+00,5.433923244476318359e+00,5.432498931884765625e+00,4.584669470787048340e-01,4.584669470787048340e-01,8.181084394454956055e-01,8.080229759216308594e-01,5.025985836982727051e-01,5.025985836982727051e-01,7.450842857360839844e-01,7.688580155372619629e-01,4.871871471405029297e+00,4.871871471405029297e+00,5.186011314392089844e+00,4.852723121643066406e+00,1.321805953979492188e+01,1.321805953979492188e+01,1.265883827209472656e+01,1.222175979614257812e+01
8.300000000000000000e+01,1.873505020141601562e+01,1.873505020141601562e+01,1.761644935607910156e+01,1.736280059814453125e+01,1.408699798583984375e+01,1.408699798583984375e+01,1.312479591369628906e+01,1.300454139709472656e+01,5.284128189086914062e+00,5.284128189086914062e+00,5.479235649108886719e+00,5.436417579650878906e+00,4.550276100635528564e-01,4.550276100635528564e-01,8.097162246704101562e-01,7.999950647354125977e-01,4.980679154396057129e-01,4.980679154396057129e-01,7.417267560958862305e-01,7.593420743942260742e-01,4.845634937286376953e+00,4.845634937286376953e+00,5.194919586181640625e+00,4.831786155700683594e+00,1.321907234191894531e+01,1.321907234191894531e+01,1.269486427307128906e+01,1.221305179595947266e+01
8.400000000000000000e+01,1.878049850463867188e+01,1.878049850463867188e+01,1.765345954895019531e+01,1.734943389892578125e+01,1.409877777099609375e+01,1.409877777099609375e+01,1.316151905059814453e+01,1.304050827026367188e+01,5.291763782501220703e+00,5.291763782501220703e+00,5.456887722015380859e+00,5.446179389953613281e+00,4.530622363090515137e-01,4.530622363090515137e-01,8.053717613220214844e-01,7.913270592689514160e-01,4.912784099578857422e-01,4.912784099578857422e-01,7.434740066528320312e-01,7.522615194320678711e-01,4.844850540161132812e+00,4.844850540161132812e+00,5.166885852813720703e+00,4.819830417633056641e+00,1.326445198059082031e+01,1.326445198059082031e+01,1.266359138488769531e+01,1.216029167175292969e+01
8.500000000000000000e+01,1.881315994262695312e+01,1.881315994262695312e+01,1.763724136352539062e+01,1.741556739807128906e+01,1.415879917144775391e+01,1.415879917144775391e+01,1.314062500000000000e+01,1.302455234527587891e+01,5.311069011688232422e+00,5.311069011688232422e+00,5.448549270629882812e+00,5.433403491973876953e+00,4.488117992877960205e-01,4.488117992877960205e-01,8.037164211273193359e-01,7.902075052261352539e-01,4.830760359764099121e-01,4.830760359764099121e-01,7.400168180465698242e-01,7.427603006362915039e-01,4.854001045227050781e+00,4.854001045227050781e+00,5.152656555175781250e+00,4.836561203002929688e+00,1.328207778930664062e+01,1.328207778930664062e+01,1.264867496490478516e+01,1.218802642822265625e+01
8.600000000000000000e+01,1.882209777832031250e+01,1.882209777832031250e+01,1.767700195312500000e+01,1.742632675170898438e+01,1.421216964721679688e+01,1.421216964721679688e+01,1.319556713104248047e+01,1.303937911987304688e+01,5.288945198059082031e+00,5.288945198059082031e+00,5.438340663909912109e+00,5.426550865173339844e+00,4.471534490585327148e-01,4.471534490585327148e-01,8.061260581016540527e-01,7.863824367523193359e-01,4.712927937507629395e-01,4.712927937507629395e-01,7.379343509674072266e-01,7.322781682014465332e-01,4.835721015930175781e+00,4.835721015930175781e+00,5.137782096862792969e+00,4.802295207977294922e+00,1.326907348632812500e+01,1.326907348632812500e+01,1.264704608917236328e+01,1.219886970520019531e+01
8.700000000000000000e+01,1.887613677978515625e+01,1.887613677978515625e+01,1.768125915527343750e+01,1.744491195678710938e+01,1.418966579437255859e+01,1.418966579437255859e+01,1.319106292724609375e+01,1.312508773803710938e+01,5.295494079589843750e+00,5.295494079589843750e+00,5.400868892669677734e+00,5.410715103149414062e+00,4.408175051212310791e-01,4.408175051212310791e-01,8.017716407775878906e-01,7.764977812767028809e-01,4.608896076679229736e-01,4.608896076679229736e-01,7.315015792846679688e-01,7.200723886489868164e-01,4.810023307800292969e+00,4.810023307800292969e+00,5.099589347839355469e+00,4.805403709411621094e+00,1.326448535919189453e+01,1.326448535919189453e+01,1.269615840911865234e+01,1.220703125000000000e+01
8.800000000000000000e+01,1.885967826843261719e+01,1.885967826843261719e+01,1.770701599121093750e+01,1.746267700195312500e+01,1.423083877563476562e+01,1.423083877563476562e+01,1.319256210327148438e+01,1.310787296295166016e+01,5.292706012725830078e+00,5.292706012725830078e+00,5.426450729370117188e+00,5.399381637573242188e+00,4.407480359077453613e-01,4.407480359077453613e-01,8.025531172752380371e-01,7.802591323852539062e-01,4.578738212585449219e-01,4.578738212585449219e-01,7.319167852401733398e-01,7.141553759574890137e-01,4.804281711578369141e+00,4.804281711578369141e+00,5.082740783691406250e+00,4.810051918029785156e+00,1.326802635192871094e+01,1.326802635192871094e+01,1.265856552124023438e+01,1.219589138031005859e+01
8.900000000000000000e+01,1.893168640136718750e+01,1.893168640136718750e+01,1.775584411621093750e+01,1.748114585876464844e+01,1.424637222290039062e+01,1.424637222290039062e+01,1.321674728393554688e+01,1.311250305175781250e+01,5.286361217498779297e+00,5.286361217498779297e+00,5.390563964843750000e+00,5.410159587860107422e+00,4.478016197681427002e-01,4.478016197681427002e-01,7.997017502784729004e-01,7.692959904670715332e-01,4.451882541179656982e-01,4.451882541179656982e-01,7.253650426864624023e-01,7.078651189804077148e-01,4.785368919372558594e+00,4.785368919372558594e+00,5.092538356781005859e+00,4.781543731689453125e+00,1.331179141998291016e+01,1.331179141998291016e+01,1.267589759826660156e+01,1.220312786102294922e+01
9.000000000000000000e+01,1.889580535888671875e+01,1.889580535888671875e+01,1.773859405517578125e+01,1.743095397949218750e+01,1.423987674713134766e+01,1.423987674713134766e+01,1.322671318054199219e+01,1.314991378784179688e+01,5.252516746520996094e+00,5.252516746520996094e+00,5.395905494689941406e+00,5.399285316467285156e+00,4.446508288383483887e-01,4.446508288383483887e-01,7.919594645500183105e-01,7.686312794685363770e-01,4.361518025398254395e-01,4.361518025398254395e-01,7.234880924224853516e-01,6.999610662460327148e-01,4.759402275085449219e+00,4.759402275085449219e+00,5.061447143554687500e+00,4.775628089904785156e+00,1.335769081115722656e+01,1.335769081115722656e+01,1.271401786804199219e+01,1.220948696136474609e+01
9.100000000000000000e+01,1.896569061279296875e+01,1.896569061279296875e+01,1.769713973999023438e+01,1.750712966918945312e+01,1.428157424926757812e+01,1.428157424926757812e+01,1.323958778381347656e+01,1.314552116394042969e+01,5.244894981384277344e+00,5.244894981384277344e+00,5.406483173370361328e+00,5.371359825134277344e+00,4.423114955425262451e-01,4.423114955425262451e-01,7.970979213714599609e-01,7.731798291206359863e-01,4.275570213794708252e-01,4.275570213794708252e-01,7.185564041137695312e-01,6.877375841140747070e-01,4.743767738342285156e+00,4.743767738342285156e+00,5.064038276672363281e+00,4.774741172790527344e+00,1.333324432373046875e+01,1.333324432373046875e+01,1.270719337463378906e+01,1.225874900817871094e+01
9.200000000000000000e+01,1.889358139038085938e+01,1.889358139038085938e+01,1.770233154296875000e+01,1.752506256103515625e+01,1.427482414245605469e+01,1.427482414245605469e+01,1.325547981262207031e+01,1.315070724487304688e+01,5.245982170104980469e+00,5.245982170104980469e+00,5.376345157623291016e+00,5.390519142150878906e+00,4.470670223236083984e-01,4.470670223236083984e-01,8.028016090393066406e-01,7.650920152664184570e-01,4.228539466857910156e-01,4.228539466857910156e-01,7.207473516464233398e-01,6.799262762069702148e-01,4.759631633758544922e+00,4.759631633758544922e+00,5.026476383209228516e+00,4.781971454620361328e+00,1.335949707031250000e+01,1.335949707031250000e+01,1.275874137878417969e+01,1.222023200988769531e+01
9.300000000000000000e+01,1.887446594238281250e+01,1.887446594238281250e+01,1.775275611877441406e+01,1.753724288940429688e+01,1.427491569519042969e+01,1.427491569519042969e+01,1.328041458129882812e+01,1.314669609069824219e+01,5.232655525207519531e+00,5.232655525207519531e+00,5.377214431762695312e+00,5.385300159454345703e+00,4.435603022575378418e-01,4.435603022575378418e-01,7.882492542266845703e-01,7.666929960250854492e-01,4.162574410438537598e-01,4.162574410438537598e-01,7.223277091979980469e-01,6.784856915473937988e-01,4.735301017761230469e+00,4.735301017761230469e+00,5.016910552978515625e+00,4.772217750549316406e+00,1.343542480468750000e+01,1.343542480468750000e+01,1.277122688293457031e+01,1.224382877349853516e+01
9.400000000000000000e+01,1.898269271850585938e+01,1.898269271850585938e+01,1.777653503417968750e+01,1.757910537719726562e+01,1.431378269195556641e+01,1.431378269195556641e+01,1.330001831054687500e+01,1.318786239624023438e+01,5.211690425872802734e+00,5.211690425872802734e+00,5.346240997314453125e+00,5.369406700134277344e+00,4.401965141296386719e-01,4.401965141296386719e-01,7.900009155273437500e-01,7.639393210411071777e-01,4.036644697189331055e-01,4.036644697189331055e-01,7.183878421783447266e-01,6.641771793365478516e-01,4.711997032165527344e+00,4.711997032165527344e+00,5.000448226928710938e+00,4.761782169342041016e+00,1.345019912719726562e+01,1.345019912719726562e+01,1.276871490478515625e+01,1.229277229309082031e+01
9.500000000000000000e+01,1.894992446899414062e+01,1.894992446899414062e+01,1.777162170410156250e+01,1.758146095275878906e+01,1.431176185607910156e+01,1.431176185607910156e+01,1.333251571655273438e+01,1.317997264862060547e+01,5.202078819274902344e+00,5.202078819274902344e+00,5.374865055084228516e+00,5.359696865081787109e+00,4.396080374717712402e-01,4.396080374717712402e-01,7.832324504852294922e-01,7.564617991447448730e-01,4.025063514709472656e-01,4.025063514709472656e-01,7.176926136016845703e-01,6.553233861923217773e-01,4.716139793395996094e+00,4.716139793395996094e+00,5.015370845794677734e+00,4.754241943359375000e+00,1.344644641876220703e+01,1.344644641876220703e+01,1.280469894409179688e+01,1.223670959472656250e+01
9.600000000000000000e+01,1.896421051025390625e+01,1.896421051025390625e+01,1.775326919555664062e+01,1.755109405517578125e+01,1.431879711151123047e+01,1.431879711151123047e+01,1.326318645477294922e+01,1.320396423339843750e+01,5.185941219329833984e+00,5.185941219329833984e+00,5.326271057128906250e+00,5.343049049377441406e+00,4.393064379692077637e-01,4.393064379692077637e-01,7.839647531509399414e-01,7.601220607757568359e-01,3.929907083511352539e-01,3.929907083511352539e-01,7.109798789024353027e-01,6.508972644805908203e-01,4.699540615081787109e+00,4.699540615081787109e+00,4.977749347686767578e+00,4.737903594970703125e+00,1.347854423522949219e+01,1.347854423522949219e+01,1.278850460052490234e+01,1.229584121704101562e+01
9.700000000000000000e+01,1.893798446655273438e+01,1.893798446655273438e+01,1.785591125488281250e+01,1.761057472229003906e+01,1.433262443542480469e+01,1.433262443542480469e+01,1.329693031311035156e+01,1.320606040954589844e+01,5.212869167327880859e+00,5.212869167327880859e+00,5.342861175537109375e+00,5.356475830078125000e+00,4.379855990409851074e-01,4.379855990409851074e-01,7.826662063598632812e-01,7.531565427780151367e-01,3.890659213066101074e-01,3.890659213066101074e-01,7.134587764739990234e-01,6.431811451911926270e-01,4.719827651977539062e+00,4.719827651977539062e+00,5.014357089996337891e+00,4.729715824127197266e+00,1.347921752929687500e+01,1.347921752929687500e+01,1.280847930908203125e+01,1.234831905364990234e+01
9.800000000000000000e+01,1.898285293579101562e+01,1.898285293579101562e+01,1.781570053100585938e+01,1.757692337036132812e+01,1.433295059204101562e+01,1.433295059204101562e+01,1.328233051300048828e+01,1.321844863891601562e+01,5.192331314086914062e+00,5.192331314086914062e+00,5.308992385864257812e+00,5.336578845977783203e+00,4.443928301334381104e-01,4.443928301334381104e-01,7.765247225761413574e-01,7.558966875076293945e-01,3.854464888572692871e-01,3.854464888572692871e-01,7.159003019332885742e-01,6.396257877349853516e-01,4.707387924194335938e+00,4.707387924194335938e+00,5.016306877136230469e+00,4.754785060882568359e+00,1.353867530822753906e+01,1.353867530822753906e+01,1.283079147338867188e+01,1.236318588256835938e+01
9.900000000000000000e+01,1.891983413696289062e+01,1.891983413696289062e+01,1.780888748168945312e+01,1.760605621337890625e+01,1.435231971740722656e+01,1.435231971740722656e+01,1.329848670959472656e+01,1.325322628021240234e+01,5.181927680969238281e+00,5.181927680969238281e+00,5.277109146118164062e+00,5.321464538574218750e+00,4.412082731723785400e-01,4.412082731723785400e-01,7.707649469375610352e-01,7.596079111099243164e-01,3.812997341156005859e-01,3.812997341156005859e-01,7.116050720214843750e-01,6.353119015693664551e-01,4.712656497955322266e+00,4.712656497955322266e+00,4.968840599060058594e+00,4.747965812683105469e+00,1.355778217315673828e+01,1.355778217315673828e+01,1.290817737579345703e+01,1.235722351074218750e+01
1.000000000000000000e+02,1.896525192260742188e+01,1.896525192260742188e+01,1.785576629638671875e+01,1.761908721923828125e+01,1.440264415740966797e+01,1.440264415740966797e+01,1.328992271423339844e+01,1.321786117553710938e+01,5.160737037658691406e+00,5.160737037658691406e+00,5.286273956298828125e+00,5.353270530700683594e+00,4.419685602188110352e-01,4.419685602188110352e-01,7.710342407226562500e-01,7.522842884063720703e-01,3.780890405178070068e-01,3.780890405178070068e-01,7.131870985031127930e-01,6.344482898712158203e-01,4.698528289794921875e+00,4.698528289794921875e+00,4.971955299377441406e+00,4.761954784393310547e+00,1.357393074035644531e+01,1.357393074035644531e+01,1.289277553558349609e+01,1.238631439208984375e+01
1.010000000000000000e+02,1.903431701660156250e+01,1.903431701660156250e+01,1.780528640747070312e+01,1.762602996826171875e+01,1.438222312927246094e+01,1.438222312927246094e+01,1.326669120788574219e+01,1.324083423614501953e+01,5.154838562011718750e+00,5.154838562011718750e+00,5.266445159912109375e+00,5.323210716247558594e+00,4.440728425979614258e-01,4.440728425979614258e-01,7.620902061462402344e-01,7.549769878387451172e-01,3.712226748466491699e-01,3.712226748466491699e-01,7.151334285736083984e-01,6.290243864059448242e-01,4.698624610900878906e+00,4.698624610900878906e+00,4.986135482788085938e+00,4.750643253326416016e+00,1.355730056762695312e+01,1.355730056762695312e+01,1.288219451904296875e+01,1.239760017395019531e+01
1.020000000000000000e+02,1.899991989135742188e+01,1.899991989135742188e+01,1.777358627319335938e+01,1.768003082275390625e+01,1.436922931671142578e+01,1.436922931671142578e+01,1.330238151550292969e+01,1.327842998504638672e+01,5.146026134490966797e+00,5.146026134490966797e+00,5.275955200195312500e+00,5.311329841613769531e+00,4.378827512264251709e-01,4.378827512264251709e-01,7.602980732917785645e-01,7.586982846260070801e-01,3.660228252410888672e-01,3.660228252410888672e-01,7.213500738143920898e-01,6.170191764831542969e-01,4.709234237670898438e+00,4.709234237670898438e+00,4.977673530578613281e+00,4.771553993225097656e+00,1.358629226684570312e+01,1.358629226684570312e+01,1.291237640380859375e+01,1.238610649108886719e+01
1.030000000000000000e+02,1.905696105957031250e+01,1.905696105957031250e+01,1.780550003051757812e+01,1.765277481079101562e+01,1.441436576843261719e+01,1.441436576843261719e+01,1.332545661926269531e+01,1.319060325622558594e+01,5.128772735595703125e+00,5.128772735595703125e+00,5.261740207672119141e+00,5.292681217193603516e+00,4.344065189361572266e-01,4.344065189361572266e-01,7.516611814498901367e-01,7.600523233413696289e-01,3.682918250560760498e-01,3.682918250560760498e-01,7.280945777893066406e-01,6.090492010116577148e-01,4.695704460144042969e+00,4.695704460144042969e+00,5.006605148315429688e+00,4.773880958557128906e+00,1.361072540283203125e+01,1.361072540283203125e+01,1.291535186767578125e+01,1.242773437500000000e+01
1.040000000000000000e+02,1.900656318664550781e+01,1.900656318664550781e+01,1.787149429321289062e+01,1.768289184570312500e+01,1.437865066528320312e+01,1.437865066528320312e+01,1.331001567840576172e+01,1.324459171295166016e+01,5.140218734741210938e+00,5.140218734741210938e+00,5.263958930969238281e+00,5.287487030029296875e+00,4.369247853755950928e-01,4.369247853755950928e-01,7.484920024871826172e-01,7.489086389541625977e-01,3.664366304874420166e-01,3.664366304874420166e-01,7.276836037635803223e-01,6.105960011482238770e-01,4.713856220245361328e+00,4.713856220245361328e+00,4.981872558593750000e+00,4.775258064270019531e+00,1.361609554290771484e+01,1.361609554290771484e+01,1.297755432128906250e+01,1.244810390472412109e+01
1.050000000000000000e+02,1.905748748779296875e+01,1.905748748779296875e+01,1.784054946899414062e+01,1.771259880065917969e+01,1.436706924438476562e+01,1.436706924438476562e+01,1.331132316589355469e+01,1.324183082580566406e+01,5.098445892333984375e+00,5.098445892333984375e+00,5.232213973999023438e+00,5.268990516662597656e+00,4.300987124443054199e-01,4.300987124443054199e-01,7.478238344192504883e-01,7.494363188743591309e-01,3.677223920822143555e-01,3.677223920822143555e-01,7.446200251579284668e-01,6.160033941268920898e-01,4.692272186279296875e+00,4.692272186279296875e+00,4.954734802246093750e+00,4.795858860015869141e+00,1.365281677246093750e+01,1.365281677246093750e+01,1.299731540679931641e+01,1.248767852783203125e+01
1.060000000000000000e+02,1.904266357421875000e+01,1.904266357421875000e+01,1.782564163208007812e+01,1.769191360473632812e+01,1.435808849334716797e+01,1.435808849334716797e+01,1.328573799133300781e+01,1.326782035827636719e+01,5.094844818115234375e+00,5.094844818115234375e+00,5.215537071228027344e+00,5.280710697174072266e+00,4.328418970108032227e-01,4.328418970108032227e-01,7.374355792999267578e-01,7.507238388061523438e-01,3.682958483695983887e-01,3.682958483695983887e-01,7.368539571762084961e-01,6.060411930084228516e-01,4.713381290435791016e+00,4.713381290435791016e+00,4.948018074035644531e+00,4.789505958557128906e+00,1.370711135864257812e+01,1.370711135864257812e+01,1.299655151367187500e+01,1.246988296508789062e+01
1.070000000000000000e+02,1.905254745483398438e+01,1.905254745483398438e+01,1.783424949645996094e+01,1.774451446533203125e+01,1.434601783752441406e+01,1.434601783752441406e+01,1.326820850372314453e+01,1.326096534729003906e+01,5.077471256256103516e+00,5.077471256256103516e+00,5.209004402160644531e+00,5.243196964263916016e+00,4.279162883758544922e-01,4.279162883758544922e-01,7.408218383789062500e-01,7.476248741149902344e-01,3.679364323616027832e-01,3.679364323616027832e-01,7.482673525810241699e-01,6.038709878921508789e-01,4.698875904083251953e+00,4.698875904083251953e+00,4.969318389892578125e+00,4.786777019500732422e+00,1.371481895446777344e+01,1.371481895446777344e+01,1.296971416473388672e+01,1.247969532012939453e+01
1.080000000000000000e+02,1.897325134277343750e+01,1.897325134277343750e+01,1.780390548706054688e+01,1.776064682006835938e+01,1.431199645996093750e+01,1.431199645996093750e+01,1.327679824829101562e+01,1.320325088500976562e+01,5.026040077209472656e+00,5.026040077209472656e+00,5.186168670654296875e+00,5.249600410461425781e+00,4.291084706783294678e-01,4.291084706783294678e-01,7.332720756530761719e-01,7.458605766296386719e-01,3.724448084831237793e-01,3.724448084831237793e-01,7.628614306449890137e-01,6.044700145721435547e-01,4.682565689086914062e+00,4.682565689086914062e+00,4.975332260131835938e+00,4.795389175415039062e+00,1.378092765808105469e+01,1.378092765808105469e+01,1.302195930480957031e+01,1.249683570861816406e+01
1.090000000000000000e+02,1.906256866455078125e+01,1.906256866455078125e+01,1.786979293823242188e+01,1.774618911743164062e+01,1.426317596435546875e+01,1.426317596435546875e+01,1.320418071746826172e+01,1.321097087860107422e+01,5.043101787567138672e+00,5.043101787567138672e+00,5.165315628051757812e+00,5.229462623596191406e+00,4.245461523532867432e-01,4.245461523532867432e-01,7.255837917327880859e-01,7.375840544700622559e-01,3.722368478775024414e-01,3.722368478775024414e-01,7.583426237106323242e-01,6.070879101753234863e-01,4.720661163330078125e+00,4.720661163330078125e+00,4.978775501251220703e+00,4.791105270385742188e+00,1.375188827514648438e+01,1.375188827514648438e+01,1.305924034118652344e+01,1.256105422973632812e+01
1.100000000000000000e+02,1.907664871215820312e+01,1.907664871215820312e+01,1.791796302795410156e+01,1.775392341613769531e+01,1.428865623474121094e+01,1.428865623474121094e+01,1.323535060882568359e+01,1.320862007141113281e+01,5.027683258056640625e+00,5.027683258056640625e+00,5.165168762207031250e+00,5.199899196624755859e+00,4.285707473754882812e-01,4.285707473754882812e-01,7.307133078575134277e-01,7.428874969482421875e-01,3.780207037925720215e-01,3.780207037925720215e-01,7.672870159149169922e-01,6.149365901947021484e-01,4.742794036865234375e+00,4.742794036865234375e+00,4.962632179260253906e+00,4.798248767852783203e+00,1.377358055114746094e+01,1.377358055114746094e+01,1.303494262695312500e+01,1.256412124633789062e+01
1.110000000000000000e+02,1.908966636657714844e+01,1.908966636657714844e+01,1.785383987426757812e+01,1.783331871032714844e+01,1.428582763671875000e+01,1.428582763671875000e+01,1.325891113281250000e+01,1.322979545593261719e+01,5.012921333312988281e+00,5.012921333312988281e+00,5.145400047302246094e+00,5.210767745971679688e+00,4.227568805217742920e-01,4.227568805217742920e-01,7.228086590766906738e-01,7.366300821304321289e-01,3.927505612373352051e-01,3.927505612373352051e-01,7.730559110641479492e-01,6.133444309234619141e-01,4.735895156860351562e+00,4.735895156860351562e+00,4.985848426818847656e+00,4.806706428527832031e+00,1.380009460449218750e+01,1.380009460449218750e+01,1.310119438171386719e+01,1.257059288024902344e+01
1.120000000000000000e+02,1.907109832763671875e+01,1.907109832763671875e+01,1.783832740783691406e+01,1.780170249938964844e+01,1.423628425598144531e+01,1.423628425598144531e+01,1.320020580291748047e+01,1.319699096679687500e+01,4.989712238311767578e+00,4.989712238311767578e+00,5.154458045959472656e+00,5.157519340515136719e+00,4.261237382888793945e-01,4.261237382888793945e-01,7.204838395118713379e-01,7.427978515625000000e-01,3.964003920555114746e-01,3.964003920555114746e-01,7.911391854286193848e-01,6.207660436630249023e-01,4.736759185791015625e+00,4.736759185791015625e+00,5.003505706787109375e+00,4.813467025756835938e+00,1.382439231872558594e+01,1.382439231872558594e+01,1.308442783355712891e+01,1.257841682434082031e+01
1.130000000000000000e+02,1.911890792846679688e+01,1.911890792846679688e+01,1.782922744750976562e+01,1.791371154785156250e+01,1.431629276275634766e+01,1.431629276275634766e+01,1.317749881744384766e+01,1.317412853240966797e+01,4.990820884704589844e+00,4.990820884704589844e+00,5.127914428710937500e+00,5.188225746154785156e+00,4.225632250308990479e-01,4.225632250308990479e-01,7.106401324272155762e-01,7.416883111000061035e-01,4.019956290721893311e-01,4.019956290721893311e-01,7.926266193389892578e-01,6.269779205322265625e-01,4.752426147460937500e+00,4.752426147460937500e+00,4.974542617797851562e+00,4.836260795593261719e+00,1.381980800628662109e+01,1.381980800628662109e+01,1.307499504089355469e+01,1.260680103302001953e+01
1.140000000000000000e+02,1.903305244445800781e+01,1.903305244445800781e+01,1.786396789550781250e+01,1.785158538818359375e+01,1.426411724090576172e+01,1.426411724090576172e+01,1.317334461212158203e+01,1.316009807586669922e+01,4.981585025787353516e+00,4.981585025787353516e+00,5.130690097808837891e+00,5.174965858459472656e+00,4.253894686698913574e-01,4.253894686698913574e-01,7.134640216827392578e-01,7.388535737991333008e-01,4.119258821010589600e-01,4.119258821010589600e-01,7.961653470993041992e-01,6.379488706588745117e-01,4.761684894561767578e+00,4.761684894561767578e+00,5.012577533721923828e+00,4.849264144897460938e+00,1.382715797424316406e+01,1.382715797424316406e+01,1.309902477264404297e+01,1.261686515808105469e+01
1.150000000000000000e+02,1.908905029296875000e+01,1.908905029296875000e+01,1.781365966796875000e+01,1.779463577270507812e+01,1.422863388061523438e+01,1.422863388061523438e+01,1.319607734680175781e+01,1.321356201171875000e+01,4.967229843139648438e+00,4.967229843139648438e+00,5.095922946929931641e+00,5.155204772949218750e+00,4.284681379795074463e-01,4.284681379795074463e-01,7.178958058357238770e-01,7.323681712150573730e-01,4.193717837333679199e-01,4.193717837333679199e-01,8.054894208908081055e-01,6.381299495697021484e-01,4.745666503906250000e+00,4.745666503906250000e+00,5.013072967529296875e+00,4.862394332885742188e+00,1.389315223693847656e+01,1.389315223693847656e+01,1.308506202697753906e+01,1.263647842407226562e+01
1.160000000000000000e+02,1.905777740478515625e+01,1.905777740478515625e+01,1.788541030883789062e+01,1.785180091857910156e+01,1.425768756866455078e+01,1.425768756866455078e+01,1.321789741516113281e+01,1.318101310729980469e+01,4.976387023925781250e+00,4.976387023925781250e+00,5.091904163360595703e+00,5.146903038024902344e+00,4.329945147037506104e-01,4.329945147037506104e-01,7.205923199653625488e-01,7.361654639244079590e-01,4.284390509128570557e-01,4.284390509128570557e-01,8.162510395050048828e-01,6.495861411094665527e-01,4.795941352844238281e+00,4.795941352844238281e+00,4.997244358062744141e+00,4.880554199218750000e+00,1.388070011138916016e+01,1.388070011138916016e+01,1.309991836547851562e+01,1.266540527343750000e+01
1.170000000000000000e+02,1.906243133544921875e+01,1.906243133544921875e+01,1.782490921020507812e+01,1.790979385375976562e+01,1.420976161956787109e+01,1.420976161956787109e+01,1.324225616455078125e+01,1.317706680297851562e+01,4.956146240234375000e+00,4.956146240234375000e+00,5.090659141540527344e+00,5.130247116088867188e+00,4.356608688831329346e-01,4.356608688831329346e-01,7.178559303283691406e-01,7.433558702468872070e-01,4.421041905879974365e-01,4.421041905879974365e-01,8.187018036842346191e-01,6.515367627143859863e-01,4.782536983489990234e+00,4.782536983489990234e+00,5.039160251617431641e+00,4.875228404998779297e+00,1.392224502563476562e+01,1.392224502563476562e+01,1.315214729309082031e+01,1.267591094970703125e+01
1.180000000000000000e+02,1.909428024291992188e+01,1.909428024291992188e+01,1.779325103759765625e+01,1.785585403442382812e+01,1.425388908386230469e+01,1.425388908386230469e+01,1.318667030334472656e+01,1.315367889404296875e+01,4.928541183471679688e+00,4.928541183471679688e+00,5.085864543914794922e+00,5.128730773925781250e+00,4.382266998291015625e-01,4.382266998291015625e-01,7.259672284126281738e-01,7.392433881759643555e-01,4.488526582717895508e-01,4.488526582717895508e-01,8.242753744125366211e-01,6.546994447708129883e-01,4.784317970275878906e+00,4.784317970275878906e+00,5.026845932006835938e+00,4.888454914093017578e+00,1.390097999572753906e+01,1.390097999572753906e+01,1.310400104522705078e+01,1.271395683288574219e+01
1.190000000000000000e+02,1.902623176574707031e+01,1.902623176574707031e+01,1.788910675048828125e+01,1.783214569091796875e+01,1.423009872436523438e+01,1.423009872436523438e+01,1.316568279266357422e+01,1.314093303680419922e+01,4.892409324645996094e+00,4.892409324645996094e+00,5.054741859436035156e+00,5.112471103668212891e+00,4.406431317329406738e-01,4.406431317329406738e-01,7.335778474807739258e-01,7.454166412353515625e-01,4.584686458110809326e-01,4.584686458110809326e-01,8.300342559814453125e-01,6.630362272262573242e-01,4.764369487762451172e+00,4.764369487762451172e+00,5.004503250122070312e+00,4.920656204223632812e+00,1.393832397460937500e+01,1.393832397460937500e+01,1.315464973449707031e+01,1.269845008850097656e+01
1.200000000000000000e+02,1.906734085083007812e+01,1.906734085083007812e+01,1.783142471313476562e+01,1.791585540771484375e+01,1.416053009033203125e+01,1.416053009033203125e+01,1.317234325408935547e+01,1.312419319152832031e+01,4.920630931854248047e+00,4.920630931854248047e+00,5.048553466796875000e+00,5.100180625915527344e+00,4.476743638515472412e-01,4.476743638515472412e-01,7.328292131423950195e-01,7.488532066345214844e-01,4.643035829067230225e-01,4.643035829067230225e-01,8.361129760742187500e-01,6.684893965721130371e-01,4.809181213378906250e+00,4.809181213378906250e+00,5.011188507080078125e+00,4.890523433685302734e+00,1.397801303863525391e+01,1.397801303863525391e+01,1.313011550903320312e+01,1.275872421264648438e+01
1.210000000000000000e+02,1.910797882080078125e+01,1.910797882080078125e+01,1.780389785766601562e+01,1.793185043334960938e+01,1.417970561981201172e+01,1.417970561981201172e+01,1.322096252441406250e+01,1.313228988647460938e+01,4.900616645812988281e+00,4.900616645812988281e+00,5.037043571472167969e+00,5.073101043701171875e+00,4.474968910217285156e-01,4.474968910217285156e-01,7.363461256027221680e-01,7.416496276855468750e-01,4.677717089653015137e-01,4.677717089653015137e-01,8.456417322158813477e-01,6.804023981094360352e-01,4.806514739990234375e+00,4.806514739990234375e+00,5.017544269561767578e+00,4.910539627075195312e+00,1.395244693756103516e+01,1.395244693756103516e+01,1.317099857330322266e+01,1.276471424102783203e+01
1.220000000000000000e+02,1.915865707397460938e+01,1.915865707397460938e+01,1.784713745117187500e+01,1.788647651672363281e+01,1.416719818115234375e+01,1.416719818115234375e+01,1.315795803070068359e+01,1.312536144256591797e+01,4.870662689208984375e+00,4.870662689208984375e+00,5.037847518920898438e+00,5.082996845245361328e+00,4.506294727325439453e-01,4.506294727325439453e-01,7.442122697830200195e-01,7.476502656936645508e-01,4.816412329673767090e-01,4.816412329673767090e-01,8.474138975143432617e-01,6.785523891448974609e-01,4.760689735412597656e+00,4.760689735412597656e+00,5.006374835968017578e+00,4.900471210479736328e+00,1.398711585998535156e+01,1.398711585998535156e+01,1.311825275421142578e+01,1.277992630004882812e+01
1.230000000000000000e+02,1.912440872192382812e+01,1.912440872192382812e+01,1.782499694824218750e+01,1.795639419555664062e+01,1.420134735107421875e+01,1.420134735107421875e+01,1.317572784423828125e+01,1.312328815460205078e+01,4.867949485778808594e+00,4.867949485778808594e+00,5.022098541259765625e+00,5.078530311584472656e+00,4.554141759872436523e-01,4.554141759872436523e-01,7.450343370437622070e-01,7.412515878677368164e-01,4.849961400032043457e-01,4.849961400032043457e-01,8.504429459571838379e-01,6.866667270660400391e-01,4.784467220306396484e+00,4.784467220306396484e+00,4.990722656250000000e+00,4.913672447204589844e+00,1.396455955505371094e+01,1.396455955505371094e+01,1.316698455810546875e+01,1.277119445800781250e+01
1.240000000000000000e+02,1.912981796264648438e+01,1.912981796264648438e+01,1.781091308593750000e+01,1.791205024719238281e+01,1.416387939453125000e+01,1.416387939453125000e+01,1.319297599792480469e+01,1.308189773559570312e+01,4.824849128723144531e+00,4.824849128723144531e+00,5.020277976989746094e+00,5.050852775573730469e+00,4.536578655242919922e-01,4.536578655242919922e-01,7.460913658142089844e-01,7.404232621192932129e-01,4.877107143402099609e-01,4.877107143402099609e-01,8.493390679359436035e-01,6.900462508201599121e-01,4.784711360931396484e+00,4.784711360931396484e+00,4.991416454315185547e+00,4.911844253540039062e+00,1.402553176879882812e+01,1.402553176879882812e+01,1.311499023437500000e+01,1.282075786590576172e+01
1.250000000000000000e+02,1.916497993469238281e+01,1.916497993469238281e+01,1.784464263916015625e+01,1.796703910827636719e+01,1.415372467041015625e+01,1.415372467041015625e+01,1.319019222259521484e+01,1.310698032379150391e+01,4.818701267242431641e+00,4.818701267242431641e+00,5.004072189331054688e+00,5.030931472778320312e+00,4.527981281280517578e-01,4.527981281280517578e-01,7.530022263526916504e-01,7.394581437110900879e-01,4.985809922218322754e-01,4.985809922218322754e-01,8.480929136276245117e-01,7.008915543556213379e-01,4.784910678863525391e+00,4.784910678863525391e+00,4.987344741821289062e+00,4.886507034301757812e+00,1.405376815795898438e+01,1.405376815795898438e+01,1.318875312805175781e+01,1.277418804168701172e+01
1.260000000000000000e+02,1.911472320556640625e+01,1.911472320556640625e+01,1.783589172363281250e+01,1.797572135925292969e+01,1.421894454956054688e+01,1.421894454956054688e+01,1.315863800048828125e+01,1.309068393707275391e+01,4.809842586517333984e+00,4.809842586517333984e+00,4.988940238952636719e+00,5.005387306213378906e+00,4.534370899200439453e-01,4.534370899200439453e-01,7.569370269775390625e-01,7.429825067520141602e-01,5.016012787818908691e-01,5.016012787818908691e-01,8.530376553535461426e-01,7.045306563377380371e-01,4.783310413360595703e+00,4.783310413360595703e+00,4.985715866088867188e+00,4.868869304656982422e+00,1.404491615295410156e+01,1.404491615295410156e+01,1.321358013153076172e+01,1.285743713378906250e+01
1.270000000000000000e+02,1.912909317016601562e+01,1.912909317016601562e+01,1.783258056640625000e+01,1.801096916198730469e+01,1.416865253448486328e+01,1.416865253448486328e+01,1.311233139038085938e+01,1.309785461425781250e+01,4.795141220092773438e+00,4.795141220092773438e+00,4.996481895446777344e+00,4.994434356689453125e+00,4.551560282707214355e-01,4.551560282707214355e-01,7.620756626129150391e-01,7.397371530532836914e-01,5.028536319732666016e-01,5.028536319732666016e-01,8.598345518112182617e-01,7.100516557693481445e-01,4.782555103302001953e+00,4.782555103302001953e+00,4.974814414978027344e+00,4.904562950134277344e+00,1.405633640289306641e+01,1.405633640289306641e+01,1.320610809326171875e+01,1.283799552917480469e+01
1.280000000000000000e+02,1.913494110107421875e+01,1.913494110107421875e+01,1.784352111816406250e+01,1.798431587219238281e+01,1.408082199096679688e+01,1.408082199096679688e+01,1.318532276153564453e+01,1.308306598663330078e+01,4.792336940765380859e+00,4.792336940765380859e+00,4.963290214538574219e+00,4.997895240783691406e+00,4.560630321502685547e-01,4.560630321502685547e-01,7.709538936614990234e-01,7.338970899581909180e-01,5.032340288162231445e-01,5.032340288162231445e-01,8.572637438774108887e-01,7.134992480278015137e-01,4.769043922424316406e+00,4.769043922424316406e+00,4.976559638977050781e+00,4.912380218505859375e+00,1.404352378845214844e+01,1.404352378845214844e+01,1.320728588104248047e+01,1.289125251770019531e+01
1.290000000000000000e+02,1.911092376708984375e+01,1.911092376708984375e+01,1.790388870239257812e+01,1.801159667968750000e+01,1.411768341064453125e+01,1.411768341064453125e+01,1.315722465515136719e+01,1.311013221740722656e+01,4.800436973571777344e+00,4.800436973571777344e+00,4.962233543395996094e+00,4.966283798217773438e+00,4.570744037628173828e-01,4.570744037628173828e-01,7.638622522354125977e-01,7.415696382522583008e-01,5.097098350524902344e-01,5.097098350524902344e-01,8.566854000091552734e-01,7.174673080444335938e-01,4.810560226440429688e+00,4.810560226440429688e+00,4.978996276855468750e+00,4.890317916870117188e+00,1.409904098510742188e+01,1.409904098510742188e+01,1.318922615051269531e+01,1.290169715881347656e+01
1.300000000000000000e+02,1.916136550903320312e+01,1.916136550903320312e+01,1.790528106689453125e+01,1.801637268066406250e+01,1.413414192199707031e+01,1.413414192199707031e+01,1.312066459655761719e+01,1.304557418823242188e+01,4.788498878479003906e+00,4.788498878479003906e+00,4.956114768981933594e+00,4.956999778747558594e+00,4.573743343353271484e-01,4.573743343353271484e-01,7.704899311065673828e-01,7.367482185363769531e-01,5.117405056953430176e-01,5.117405056953430176e-01,8.523567914962768555e-01,7.214606404304504395e-01,4.805364131927490234e+00,4.805364131927490234e+00,4.948104858398437500e+00,4.909775733947753906e+00,1.410810661315917969e+01,1.410810661315917969e+01,1.320622062683105469e+01,1.294355201721191406e+01
1.310000000000000000e+02,1.923440361022949219e+01,1.923440361022949219e+01,1.789536285400390625e+01,1.802954101562500000e+01,1.406092262268066406e+01,1.406092262268066406e+01,1.311723995208740234e+01,1.302754020690917969e+01,4.762446880340576172e+00,4.762446880340576172e+00,4.973164081573486328e+00,4.978847980499267578e+00,4.589628577232360840e-01,4.589628577232360840e-01,7.793797850608825684e-01,7.355512976646423340e-01,5.145308375358581543e-01,5.145308375358581543e-01,8.400982022285461426e-01,7.254732847213745117e-01,4.794564247131347656e+00,4.794564247131347656e+00,4.964148044586181641e+00,4.904606819152832031e+00,1.409120273590087891e+01,1.409120273590087891e+01,1.322415256500244141e+01,1.291331481933593750e+01
1.320000000000000000e+02,1.917730522155761719e+01,1.917730522155761719e+01,1.788784408569335938e+01,1.802096748352050781e+01,1.407951450347900391e+01,1.407951450347900391e+01,1.304636192321777344e+01,1.299999904632568359e+01,4.759755134582519531e+00,4.759755134582519531e+00,4.954877853393554688e+00,4.946569442749023438e+00,4.534292221069335938e-01,4.534292221069335938e-01,7.835520505905151367e-01,7.334837317466735840e-01,5.148613452911376953e-01,5.148613452911376953e-01,8.378365039825439453e-01,7.268217802047729492e-01,4.796079635620117188e+00,4.796079635620117188e+00,4.982149124145507812e+00,4.907525539398193359e+00,1.412728309631347656e+01,1.412728309631347656e+01,1.326830768585205078e+01,1.294141864776611328e+01
1.330000000000000000e+02,1.924034500122070312e+01,1.924034500122070312e+01,1.787116622924804688e+01,1.807027053833007812e+01,1.405876350402832031e+01,1.405876350402832031e+01,1.309994125366210938e+01,1.300173377990722656e+01,4.750591278076171875e+00,4.750591278076171875e+00,4.955973625183105469e+00,4.958636760711669922e+00,4.562725126743316650e-01,4.562725126743316650e-01,7.779279947280883789e-01,7.331750392913818359e-01,5.146566033363342285e-01,5.146566033363342285e-01,8.301484584808349609e-01,7.345203161239624023e-01,4.794192790985107422e+00,4.794192790985107422e+00,4.970201492309570312e+00,4.903447628021240234e+00,1.411395454406738281e+01,1.411395454406738281e+01,1.320638942718505859e+01,1.293999671936035156e+01
1.340000000000000000e+02,1.921340560913085938e+01,1.921340560913085938e+01,1.790481185913085938e+01,1.804480743408203125e+01,1.404024696350097656e+01,1.404024696350097656e+01,1.303111839294433594e+01,1.302010726928710938e+01,4.781139373779296875e+00,4.781139373779296875e+00,4.966973304748535156e+00,4.938618659973144531e+00,4.585219621658325195e-01,4.585219621658325195e-01,7.824666500091552734e-01,7.369766235351562500e-01,5.119107961654663086e-01,5.119107961654663086e-01,8.273211717605590820e-01,7.314285635948181152e-01,4.820991516113281250e+00,4.820991516113281250e+00,4.956517219543457031e+00,4.910093307495117188e+00,1.416766548156738281e+01,1.416766548156738281e+01,1.325351524353027344e+01,1.298328590393066406e+01
1.350000000000000000e+02,1.921726036071777344e+01,1.921726036071777344e+01,1.789324951171875000e+01,1.808462715148925781e+01,1.400148010253906250e+01,1.400148010253906250e+01,1.305135154724121094e+01,1.298740768432617188e+01,4.777948379516601562e+00,4.777948379516601562e+00,4.953844070434570312e+00,4.922527790069580078e+00,4.574177265167236328e-01,4.574177265167236328e-01,7.883813381195068359e-01,7.394027709960937500e-01,5.040761232376098633e-01,5.040761232376098633e-01,8.180943727493286133e-01,7.270654439926147461e-01,4.833688735961914062e+00,4.833688735961914062e+00,4.972614288330078125e+00,4.916180133819580078e+00,1.411687088012695312e+01,1.411687088012695312e+01,1.322710609436035156e+01,1.296373367309570312e+01
1.360000000000000000e+02,1.923962402343750000e+01,1.923962402343750000e+01,1.784589385986328125e+01,1.804913520812988281e+01,1.397606658935546875e+01,1.397606658935546875e+01,1.303270721435546875e+01,1.292103481292724609e+01,4.766001224517822266e+00,4.766001224517822266e+00,4.972098827362060547e+00,4.942352294921875000e+00,4.581866860389709473e-01,4.581866860389709473e-01,7.901883125305175781e-01,7.357022166252136230e-01,5.007128119468688965e-01,5.007128119468688965e-01,8.164794445037841797e-01,7.384947538375854492e-01,4.822391033172607422e+00,4.822391033172607422e+00,4.970763206481933594e+00,4.947549819946289062e+00,1.416975402832031250e+01,1.416975402832031250e+01,1.323019886016845703e+01,1.299309825897216797e+01
1.370000000000000000e+02,1.922383308410644531e+01,1.922383308410644531e+01,1.786154747009277344e+01,1.804829406738281250e+01,1.399026298522949219e+01,1.399026298522949219e+01,1.299335956573486328e+01,1.292607498168945312e+01,4.776535987854003906e+00,4.776535987854003906e+00,4.996574401855468750e+00,4.937115669250488281e+00,4.586591422557830811e-01,4.586591422557830811e-01,7.943792939186096191e-01,7.443040013313293457e-01,5.008583664894104004e-01,5.008583664894104004e-01,8.009268045425415039e-01,7.363832592964172363e-01,4.842368125915527344e+00,4.842368125915527344e+00,4.985471725463867188e+00,4.918389320373535156e+00,1.410555458068847656e+01,1.410555458068847656e+01,1.321659564971923828e+01,1.301585102081298828e+01
1.380000000000000000e+02,1.922306060791015625e+01,1.922306060791015625e+01,1.793785476684570312e+01,1.808024597167968750e+01,1.391475677490234375e+01,1.391475677490234375e+01,1.302063369750976562e+01,1.293931865692138672e+01,4.791648864746093750e+00,4.791648864746093750e+00,4.955931663513183594e+00,4.938450336456298828e+00,4.581324458122253418e-01,4.581324458122253418e-01,7.971055507659912109e-01,7.449307441711425781e-01,4.991421103477478027e-01,4.991421103477478027e-01,7.937910556793212891e-01,7.369806766510009766e-01,4.874585628509521484e+00,4.874585628509521484e+00,4.994174957275390625e+00,4.928916931152343750e+00,1.407190513610839844e+01,1.407190513610839844e+01,1.320998573303222656e+01,1.299949264526367188e+01
1.390000000000000000e+02,1.926867294311523438e+01,1.926867294311523438e+01,1.789020347595214844e+01,1.808151626586914062e+01,1.390963745117187500e+01,1.390963745117187500e+01,1.296362400054931641e+01,1.289642143249511719e+01,4.788006782531738281e+00,4.788006782531738281e+00,4.964469909667968750e+00,4.935230255126953125e+00,4.618530273437500000e-01,4.618530273437500000e-01,7.935979962348937988e-01,7.391031384468078613e-01,4.921270012855529785e-01,4.921270012855529785e-01,7.837342023849487305e-01,7.400182485580444336e-01,4.872812271118164062e+00,4.872812271118164062e+00,4.980282783508300781e+00,4.970948219299316406e+00,1.414642906188964844e+01,1.414642906188964844e+01,1.323447990417480469e+01,1.298920440673828125e+01
1.400000000000000000e+02,1.924407386779785156e+01,1.924407386779785156e+01,1.793066024780273438e+01,1.799895668029785156e+01,1.392138099670410156e+01,1.392138099670410156e+01,1.301950454711914062e+01,1.287693405151367188e+01,4.791093826293945312e+00,4.791093826293945312e+00,4.974724769592285156e+00,4.942696571350097656e+00,4.636389613151550293e-01,4.636389613151550293e-01,7.997803092002868652e-01,7.468124032020568848e-01,4.895612299442291260e-01,4.895612299442291260e-01,7.735567092895507812e-01,7.370374798774719238e-01,4.876302719116210938e+00,4.876302719116210938e+00,4.984548568725585938e+00,4.929267406463623047e+00,1.412220382690429688e+01,1.412220382690429688e+01,1.323709583282470703e+01,1.299618721008300781e+01
1.410000000000000000e+02,1.925349617004394531e+01,1.925349617004394531e+01,1.795305252075195312e+01,1.807195472717285156e+01,1.388880443572998047e+01,1.388880443572998047e+01,1.292486953735351562e+01,1.287835311889648438e+01,4.812618255615234375e+00,4.812618255615234375e+00,4.991139411926269531e+00,4.947240829467773438e+00,4.597852230072021484e-01,4.597852230072021484e-01,8.041523694992065430e-01,7.421188354492187500e-01,4.835844337940216064e-01,4.835844337940216064e-01,7.635889053344726562e-01,7.360659837722778320e-01,4.880722045898437500e+00,4.880722045898437500e+00,4.983119010925292969e+00,4.966875553131103516e+00,1.409986877441406250e+01,1.409986877441406250e+01,1.325460243225097656e+01,1.302060317993164062e+01
1.420000000000000000e+02,1.925892829895019531e+01,1.925892829895019531e+01,1.795847320556640625e+01,1.807309913635253906e+01,1.392216682434082031e+01,1.392216682434082031e+01,1.297689628601074219e+01,1.290426063537597656e+01,4.801398277282714844e+00,4.801398277282714844e+00,4.984379768371582031e+00,4.949671745300292969e+00,4.593695402145385742e-01,4.593695402145385742e-01,8.000904321670532227e-01,7.469275593757629395e-01,4.789766669273376465e-01,4.789766669273376465e-01,7.662612199783325195e-01,7.318936586380004883e-01,4.880712032318115234e+00,4.880712032318115234e+00,4.991017341613769531e+00,4.998964786529541016e+00,1.408409690856933594e+01,1.408409690856933594e+01,1.324567508697509766e+01,1.302345657348632812e+01
1.430000000000000000e+02,1.923897361755371094e+01,1.923897361755371094e+01,1.800158882141113281e+01,1.807436370849609375e+01,1.389129924774169922e+01,1.389129924774169922e+01,1.293783569335937500e+01,1.286465644836425781e+01,4.827439785003662109e+00,4.827439785003662109e+00,4.983899593353271484e+00,4.965909481048583984e+00,4.611561000347137451e-01,4.611561000347137451e-01,8.068730831146240234e-01,7.461695671081542969e-01,4.744526743888854980e-01,4.744526743888854980e-01,7.580291032791137695e-01,7.383214235305786133e-01,4.932720184326171875e+00,4.932720184326171875e+00,5.003859519958496094e+00,4.978326797485351562e+00,1.411864662170410156e+01,1.411864662170410156e+01,1.322933387756347656e+01,1.302776622772216797e+01
1.440000000000000000e+02,1.924915313720703125e+01,1.924915313720703125e+01,1.788306236267089844e+01,1.807896232604980469e+01,1.388505363464355469e+01,1.388505363464355469e+01,1.288635540008544922e+01,1.284401321411132812e+01,4.834853172302246094e+00,4.834853172302246094e+00,4.990232944488525391e+00,4.967899322509765625e+00,4.569684863090515137e-01,4.569684863090515137e-01,8.029208779335021973e-01,7.519119381904602051e-01,4.731188118457794189e-01,4.731188118457794189e-01,7.395278215408325195e-01,7.369680404663085938e-01,4.931800842285156250e+00,4.931800842285156250e+00,5.042629718780517578e+00,4.997993469238281250e+00,1.405549621582031250e+01,1.405549621582031250e+01,1.323925018310546875e+01,1.305653572082519531e+01
1.450000000000000000e+02,1.928819274902343750e+01,1.928819274902343750e+01,1.794464683532714844e+01,1.803755950927734375e+01,1.385451316833496094e+01,1.385451316833496094e+01,1.293081474304199219e+01,1.289952468872070312e+01,4.836559295654296875e+00,4.836559295654296875e+00,5.006616115570068359e+00,4.943448543548583984e+00,4.600820541381835938e-01,4.600820541381835938e-01,8.071902990341186523e-01,7.436037063598632812e-01,4.639716148376464844e-01,4.639716148376464844e-01,7.368574142456054688e-01,7.342352867126464844e-01,4.947927951812744141e+00,4.947927951812744141e+00,5.032166481018066406e+00,4.995460033416748047e+00,1.408100700378417969e+01,1.408100700378417969e+01,1.321830749511718750e+01,1.301048755645751953e+01
1.460000000000000000e+02,1.928792190551757812e+01,1.928792190551757812e+01,1.799444198608398438e+01,1.808370208740234375e+01,1.385331726074218750e+01,1.385331726074218750e+01,1.290367126464843750e+01,1.285250854492187500e+01,4.840423583984375000e+00,4.840423583984375000e+00,4.973595619201660156e+00,4.966864585876464844e+00,4.634534418582916260e-01,4.634534418582916260e-01,8.023909926414489746e-01,7.506730556488037109e-01,4.622774720191955566e-01,4.622774720191955566e-01,7.317256927490234375e-01,7.342572212219238281e-01,4.943054199218750000e+00,4.943054199218750000e+00,5.039570808410644531e+00,5.013138294219970703e+00,1.413266181945800781e+01,1.413266181945800781e+01,1.321945571899414062e+01,1.302121829986572266e+01
1.470000000000000000e+02,1.928536224365234375e+01,1.928536224365234375e+01,1.797922134399414062e+01,1.810905075073242188e+01,1.388092994689941406e+01,1.388092994689941406e+01,1.293690299987792969e+01,1.284051132202148438e+01,4.834657669067382812e+00,4.834657669067382812e+00,5.002576351165771484e+00,4.974414825439453125e+00,4.590883553028106689e-01,4.590883553028106689e-01,8.031938076019287109e-01,7.509028315544128418e-01,4.571169912815093994e-01,4.571169912815093994e-01,7.242973446846008301e-01,7.415343523025512695e-01,4.945854187011718750e+00,4.945854187011718750e+00,5.060261726379394531e+00,4.995721340179443359e+00,1.408884429931640625e+01,1.408884429931640625e+01,1.319606494903564453e+01,1.302319240570068359e+01
1.480000000000000000e+02,1.933366012573242188e+01,1.933366012573242188e+01,1.793405151367187500e+01,1.806500625610351562e+01,1.383943080902099609e+01,1.383943080902099609e+01,1.290946769714355469e+01,1.282410430908203125e+01,4.841599464416503906e+00,4.841599464416503906e+00,4.989443302154541016e+00,4.974795818328857422e+00,4.646323025226593018e-01,4.646323025226593018e-01,7.992835640907287598e-01,7.514150142669677734e-01,4.527886509895324707e-01,4.527886509895324707e-01,7.259756922721862793e-01,7.408491373062133789e-01,4.962389945983886719e+00,4.962389945983886719e+00,5.058323860168457031e+00,5.017797470092773438e+00,1.412653064727783203e+01,1.412653064727783203e+01,1.316451549530029297e+01,1.302217102050781250e+01
1.490000000000000000e+02,1.929739570617675781e+01,1.929739570617675781e+01,1.798806381225585938e+01,1.805970954895019531e+01,1.388544845581054688e+01,1.388544845581054688e+01,1.290600776672363281e+01,1.283484077453613281e+01,4.862255096435546875e+00,4.862255096435546875e+00,4.995519638061523438e+00,4.944261550903320312e+00,4.621363282203674316e-01,4.621363282203674316e-01,8.035060763359069824e-01,7.530390620231628418e-01,4.499475955963134766e-01,4.499475955963134766e-01,7.152320146560668945e-01,7.372899055480957031e-01,4.978722572326660156e+00,4.978722572326660156e+00,5.083544254302978516e+00,5.027204036712646484e+00,1.409006786346435547e+01,1.409006786346435547e+01,1.324418735504150391e+01,1.304556274414062500e+01
1.500000000000000000e+02,1.925867652893066406e+01,1.925867652893066406e+01,1.794178390502929688e+01,1.807126045227050781e+01,1.385128498077392578e+01,1.385128498077392578e+01,1.287521743774414062e+01,1.279921340942382812e+01,4.853080749511718750e+00,4.853080749511718750e+00,5.003091335296630859e+00,4.966966152191162109e+00,4.617853760719299316e-01,4.617853760719299316e-01,7.984685301780700684e-01,7.538042068481445312e-01,4.444160461425781250e-01,4.444160461425781250e-01,7.043539285659790039e-01,7.369085550308227539e-01,4.980460166931152344e+00,4.980460166931152344e+00,5.097401618957519531e+00,5.045501232147216797e+00,1.409657096862792969e+01,1.409657096862792969e+01,1.315572738647460938e+01,1.307827758789062500e+01
1.510000000000000000e+02,1.925771331787109375e+01,1.925771331787109375e+01,1.797280311584472656e+01,1.803646659851074219e+01,1.384099197387695312e+01,1.384099197387695312e+01,1.287124156951904297e+01,1.284451293945312500e+01,4.878431797027587891e+00,4.878431797027587891e+00,5.011377334594726562e+00,4.982470512390136719e+00,4.628412723541259766e-01,4.628412723541259766e-01,7.908716201782226562e-01,7.470967769622802734e-01,4.458300173282623291e-01,4.458300173282623291e-01,7.029793262481689453e-01,7.356914281845092773e-01,5.017313957214355469e+00,5.017313957214355469e+00,5.095103740692138672e+00,5.041285514831542969e+00,1.409014606475830078e+01,1.409014606475830078e+01,1.323090076446533203e+01,1.304683971405029297e+01
1.520000000000000000e+02,1.925308799743652344e+01,1.925308799743652344e+01,1.798101806640625000e+01,1.804208755493164062e+01,1.379577445983886719e+01,1.379577445983886719e+01,1.289509105682373047e+01,1.278532314300537109e+01,4.873298645019531250e+00,4.873298645019531250e+00,5.010509490966796875e+00,4.962573051452636719e+00,4.624497890472412109e-01,4.624497890472412109e-01,7.993331551551818848e-01,7.469390630722045898e-01,4.349479079246520996e-01,4.349479079246520996e-01,6.974446773529052734e-01,7.394242286682128906e-01,5.005424499511718750e+00,5.005424499511718750e+00,5.093477249145507812e+00,5.032639503479003906e+00,1.410500144958496094e+01,1.410500144958496094e+01,1.319421577453613281e+01,1.300666999816894531e+01
1.530000000000000000e+02,1.923900604248046875e+01,1.923900604248046875e+01,1.795178794860839844e+01,1.809432029724121094e+01,1.377670383453369141e+01,1.377670383453369141e+01,1.290848827362060547e+01,1.281383323669433594e+01,4.906058311462402344e+00,4.906058311462402344e+00,5.029355049133300781e+00,4.965080738067626953e+00,4.620208740234375000e-01,4.620208740234375000e-01,8.031145334243774414e-01,7.479850649833679199e-01,4.322417676448822021e-01,4.322417676448822021e-01,6.959868669509887695e-01,7.369617223739624023e-01,5.058431625366210938e+00,5.058431625366210938e+00,5.140474319458007812e+00,5.048970222473144531e+00,1.402685070037841797e+01,1.402685070037841797e+01,1.318120670318603516e+01,1.299589157104492188e+01
1.540000000000000000e+02,1.920060729980468750e+01,1.920060729980468750e+01,1.796067810058593750e+01,1.807299804687500000e+01,1.382336044311523438e+01,1.382336044311523438e+01,1.286980438232421875e+01,1.279911899566650391e+01,4.891824245452880859e+00,4.891824245452880859e+00,5.032734870910644531e+00,4.967268943786621094e+00,4.610843956470489502e-01,4.610843956470489502e-01,7.992547750473022461e-01,7.484197616577148438e-01,4.325608015060424805e-01,4.325608015060424805e-01,6.963537335395812988e-01,7.379956841468811035e-01,5.037276268005371094e+00,5.037276268005371094e+00,5.147660255432128906e+00,5.083929538726806641e+00,1.409319877624511719e+01,1.409319877624511719e+01,1.318473243713378906e+01,1.307293891906738281e+01
1.550000000000000000e+02,1.917942047119140625e+01,1.917942047119140625e+01,1.794475746154785156e+01,1.808953857421875000e+01,1.381794166564941406e+01,1.381794166564941406e+01,1.287959575653076172e+01,1.276756954193115234e+01,4.914787769317626953e+00,4.914787769317626953e+00,5.028906822204589844e+00,4.990413665771484375e+00,4.541927576065063477e-01,4.541927576065063477e-01,7.997826337814331055e-01,7.483763694763183594e-01,4.334125518798828125e-01,4.334125518798828125e-01,6.895906925201416016e-01,7.372871637344360352e-01,5.066742897033691406e+00,5.066742897033691406e+00,5.153643608093261719e+00,5.099736213684082031e+00,1.407677745819091797e+01,1.407677745819091797e+01,1.314373397827148438e+01,1.304974746704101562e+01
1.560000000000000000e+02,1.920307922363281250e+01,1.920307922363281250e+01,1.793756484985351562e+01,1.799354934692382812e+01,1.377973937988281250e+01,1.377973937988281250e+01,1.287382698059082031e+01,1.279222011566162109e+01,4.895640373229980469e+00,4.895640373229980469e+00,5.036824703216552734e+00,4.975982666015625000e+00,4.635274112224578857e-01,4.635274112224578857e-01,8.002064824104309082e-01,7.514090538024902344e-01,4.255830645561218262e-01,4.255830645561218262e-01,6.901347637176513672e-01,7.402437329292297363e-01,5.085474014282226562e+00,5.085474014282226562e+00,5.180438995361328125e+00,5.099168777465820312e+00,1.409862232208251953e+01,1.409862232208251953e+01,1.313842678070068359e+01,1.306226348876953125e+01
1.570000000000000000e+02,1.916707801818847656e+01,1.916707801818847656e+01,1.792908477783203125e+01,1.800907897949218750e+01,1.376836299896240234e+01,1.376836299896240234e+01,1.289560031890869141e+01,1.273383045196533203e+01,4.926151275634765625e+00,4.926151275634765625e+00,5.033381462097167969e+00,4.990394592285156250e+00,4.587051272392272949e-01,4.587051272392272949e-01,8.019928932189941406e-01,7.514333128929138184e-01,4.215921759605407715e-01,4.215921759605407715e-01,6.870017647743225098e-01,7.398072481155395508e-01,5.101171970367431641e+00,5.101171970367431641e+00,5.177958488464355469e+00,5.100565433502197266e+00,1.407867240905761719e+01,1.407867240905761719e+01,1.316078853607177734e+01,1.303558731079101562e+01
1.580000000000000000e+02,1.924997711181640625e+01,1.924997711181640625e+01,1.795018196105957031e+01,1.802661705017089844e+01,1.378887939453125000e+01,1.378887939453125000e+01,1.287697410583496094e+01,1.275296211242675781e+01,4.920270442962646484e+00,4.920270442962646484e+00,5.023070812225341797e+00,5.001916885375976562e+00,4.586715996265411377e-01,4.586715996265411377e-01,7.946271896362304688e-01,7.510346174240112305e-01,4.251417517662048340e-01,4.251417517662048340e-01,6.849688291549682617e-01,7.384129762649536133e-01,5.107887268066406250e+00,5.107887268066406250e+00,5.179542541503906250e+00,5.123570442199707031e+00,1.411600494384765625e+01,1.411600494384765625e+01,1.316740798950195312e+01,1.307166767120361328e+01
1.590000000000000000e+02,1.920487976074218750e+01,1.920487976074218750e+01,1.788085365295410156e+01,1.806154251098632812e+01,1.378600978851318359e+01,1.378600978851318359e+01,1.288428401947021484e+01,1.274276733398437500e+01,4.925571918487548828e+00,4.925571918487548828e+00,5.023508548736572266e+00,4.979625225067138672e+00,4.536458849906921387e-01,4.536458849906921387e-01,7.987462282180786133e-01,7.489833831787109375e-01,4.268962740898132324e-01,4.268962740898132324e-01,6.866319179534912109e-01,7.385913133621215820e-01,5.109265804290771484e+00,5.109265804290771484e+00,5.196759700775146484e+00,5.121154785156250000e+00,1.403574371337890625e+01,1.403574371337890625e+01,1.316986846923828125e+01,1.300782585144042969e+01
1.600000000000000000e+02,1.916472244262695312e+01,1.916472244262695312e+01,1.783234024047851562e+01,1.802092552185058594e+01,1.377609443664550781e+01,1.377609443664550781e+01,1.283418846130371094e+01,1.275181198120117188e+01,4.940074920654296875e+00,4.940074920654296875e+00,5.050868511199951172e+00,4.966830730438232422e+00,4.576472640037536621e-01,4.576472640037536621e-01,8.017194271087646484e-01,7.466127872467041016e-01,4.208580255508422852e-01,4.208580255508422852e-01,6.843177080154418945e-01,7.391666173934936523e-01,5.147083282470703125e+00,5.147083282470703125e+00,5.199661254882812500e+00,5.130697250366210938e+00,1.405663204193115234e+01,1.405663204193115234e+01,1.319189453125000000e+01,1.305583572387695312e+01
1.610000000000000000e+02,1.916654205322265625e+01,1.916654205322265625e+01,1.786299324035644531e+01,1.798894309997558594e+01,1.377235794067382812e+01,1.377235794067382812e+01,1.285496139526367188e+01,1.270810127258300781e+01,4.947165489196777344e+00,4.947165489196777344e+00,5.061676025390625000e+00,4.973514080047607422e+00,4.537870287895202637e-01,4.537870287895202637e-01,7.939909696578979492e-01,7.494504451751708984e-01,4.243113398551940918e-01,4.243113398551940918e-01,6.835974454879760742e-01,7.411786317825317383e-01,5.142323017120361328e+00,5.142323017120361328e+00,5.205218315124511719e+00,5.143898010253906250e+00,1.401804924011230469e+01,1.401804924011230469e+01,1.313541030883789062e+01,1.304218578338623047e+01
1.620000000000000000e+02,1.914402770996093750e+01,1.914402770996093750e+01,1.792658233642578125e+01,1.798840904235839844e+01,1.376760959625244141e+01,1.376760959625244141e+01,1.284931087493896484e+01,1.269314193725585938e+01,4.961370468139648438e+00,4.961370468139648438e+00,5.064980506896972656e+00,4.969949245452880859e+00,4.520442485809326172e-01,4.520442485809326172e-01,7.959282398223876953e-01,7.446637153625488281e-01,4.183101654052734375e-01,4.183101654052734375e-01,6.872146129608154297e-01,7.424774765968322754e-01,5.162995815277099609e+00,5.162995815277099609e+00,5.235481262207031250e+00,5.149956703186035156e+00,1.399176692962646484e+01,1.399176692962646484e+01,1.311783218383789062e+01,1.301854801177978516e+01
1.630000000000000000e+02,1.917774963378906250e+01,1.917774963378906250e+01,1.791829299926757812e+01,1.789189529418945312e+01,1.371261024475097656e+01,1.371261024475097656e+01,1.283310317993164062e+01,1.269390964508056641e+01,4.958320617675781250e+00,4.958320617675781250e+00,5.077493667602539062e+00,4.975608825683593750e+00,4.494338035583496094e-01,4.494338035583496094e-01,7.935784459114074707e-01,7.356026768684387207e-01,4.187943339347839355e-01,4.187943339347839355e-01,6.886799931526184082e-01,7.376338839530944824e-01,5.158168792724609375e+00,5.158168792724609375e+00,5.211441040039062500e+00,5.166795730590820312e+00,1.403662586212158203e+01,1.403662586212158203e+01,1.311752414703369141e+01,1.299558162689208984e+01
1.640000000000000000e+02,1.917206382751464844e+01,1.917206382751464844e+01,1.791754531860351562e+01,1.793734741210937500e+01,1.367244148254394531e+01,1.367244148254394531e+01,1.280539512634277344e+01,1.268597793579101562e+01,4.967370033264160156e+00,4.967370033264160156e+00,5.087934494018554688e+00,5.004650115966796875e+00,4.493032097816467285e-01,4.493032097816467285e-01,7.797542810440063477e-01,7.389323711395263672e-01,4.116918444633483887e-01,4.116918444633483887e-01,6.818470954895019531e-01,7.475472688674926758e-01,5.188562393188476562e+00,5.188562393188476562e+00,5.249738693237304688e+00,5.154864311218261719e+00,1.396151447296142578e+01,1.396151447296142578e+01,1.309655570983886719e+01,1.299418163299560547e+01
1.650000000000000000e+02,1.909779930114746094e+01,1.909779930114746094e+01,1.786836242675781250e+01,1.794370651245117188e+01,1.375033569335937500e+01,1.375033569335937500e+01,1.277083683013916016e+01,1.268006896972656250e+01,5.006307601928710938e+00,5.006307601928710938e+00,5.091525077819824219e+00,5.007518291473388672e+00,4.453114867210388184e-01,4.453114867210388184e-01,7.840493321418762207e-01,7.402712702751159668e-01,4.117580652236938477e-01,4.117580652236938477e-01,6.886526942253112793e-01,7.385467290878295898e-01,5.207779407501220703e+00,5.207779407501220703e+00,5.229763031005859375e+00,5.185598373413085938e+00,1.397887992858886719e+01,1.397887992858886719e+01,1.309132575988769531e+01,1.299918460845947266e+01
1.660000000000000000e+02,1.911115646362304688e+01,1.911115646362304688e+01,1.796767997741699219e+01,1.796012496948242188e+01,1.368478775024414062e+01,1.368478775024414062e+01,1.276419162750244141e+01,1.265236091613769531e+01,4.981385231018066406e+00,4.981385231018066406e+00,5.093740463256835938e+00,4.993566513061523438e+00,4.437674880027770996e-01,4.437674880027770996e-01,7.877641916275024414e-01,7.443594932556152344e-01,4.078071713447570801e-01,4.078071713447570801e-01,6.808687448501586914e-01,7.413030266761779785e-01,5.206132888793945312e+00,5.206132888793945312e+00,5.270188331604003906e+00,5.180407524108886719e+00,1.402445220947265625e+01,1.402445220947265625e+01,1.310202884674072266e+01,1.300184822082519531e+01
1.670000000000000000e+02,1.909268951416015625e+01,1.909268951416015625e+01,1.788166809082031250e+01,1.795283889770507812e+01,1.364576148986816406e+01,1.364576148986816406e+01,1.280293655395507812e+01,1.268048858642578125e+01,4.996641159057617188e+00,4.996641159057617188e+00,5.116274356842041016e+00,4.989692687988281250e+00,4.437822997570037842e-01,4.437822997570037842e-01,7.792971134185791016e-01,7.392300367355346680e-01,4.060850739479064941e-01,4.060850739479064941e-01,6.869838237762451172e-01,7.384635210037231445e-01,5.224811553955078125e+00,5.224811553955078125e+00,5.251641273498535156e+00,5.206161499023437500e+00,1.404099941253662109e+01,1.404099941253662109e+01,1.308313179016113281e+01,1.301363182067871094e+01
1.680000000000000000e+02,1.915603065490722656e+01,1.915603065490722656e+01,1.792456817626953125e+01,1.795421218872070312e+01,1.365727615356445312e+01,1.365727615356445312e+01,1.275534248352050781e+01,1.266221904754638672e+01,4.990754604339599609e+00,4.990754604339599609e+00,5.130318641662597656e+00,4.999444961547851562e+00,4.425783157348632812e-01,4.425783157348632812e-01,7.720845937728881836e-01,7.387524247169494629e-01,4.070914089679718018e-01,4.070914089679718018e-01,6.897510290145874023e-01,7.439613938331604004e-01,5.220922946929931641e+00,5.220922946929931641e+00,5.287210464477539062e+00,5.206067562103271484e+00,1.397962951660156250e+01,1.397962951660156250e+01,1.308814144134521484e+01,1.302398872375488281e+01
1.690000000000000000e+02,1.913542175292968750e+01,1.913542175292968750e+01,1.792476654052734375e+01,1.800730133056640625e+01,1.361057662963867188e+01,1.361057662963867188e+01,1.276303672790527344e+01,1.261190128326416016e+01,5.014519691467285156e+00,5.014519691467285156e+00,5.122081756591796875e+00,4.986572265625000000e+00,4.413313865661621094e-01,4.413313865661621094e-01,7.737621068954467773e-01,7.405545711517333984e-01,4.096615910530090332e-01,4.096615910530090332e-01,6.867966651916503906e-01,7.432841062545776367e-01,5.256715774536132812e+00,5.256715774536132812e+00,5.267459869384765625e+00,5.213817596435546875e+00,1.398443794250488281e+01,1.398443794250488281e+01,1.306675529479980469e+01,1.300046253204345703e+01
1.700000000000000000e+02,1.909556198120117188e+01,1.909556198120117188e+01,1.793726348876953125e+01,1.794661903381347656e+01,1.360618019104003906e+01,1.360618019104003906e+01,1.274977779388427734e+01,1.260230731964111328e+01,5.026975631713867188e+00,5.026975631713867188e+00,5.133818626403808594e+00,5.003279209136962891e+00,4.491772651672363281e-01,4.491772651672363281e-01,7.667969465255737305e-01,7.385348677635192871e-01,4.065945744514465332e-01,4.065945744514465332e-01,6.954652667045593262e-01,7.377847433090209961e-01,5.271273612976074219e+00,5.271273612976074219e+00,5.320208072662353516e+00,5.192176818847656250e+00,1.401719856262207031e+01,1.401719856262207031e+01,1.309810447692871094e+01,1.301524734497070312e+01
1.710000000000000000e+02,1.919215774536132812e+01,1.919215774536132812e+01,1.791205978393554688e+01,1.796933746337890625e+01,1.361362552642822266e+01,1.361362552642822266e+01,1.274333286285400391e+01,1.260480785369873047e+01,5.029357433319091797e+00,5.029357433319091797e+00,5.162315845489501953e+00,5.010979652404785156e+00,4.461885094642639160e-01,4.461885094642639160e-01,7.715018391609191895e-01,7.400012016296386719e-01,4.134699702262878418e-01,4.134699702262878418e-01,6.960304975509643555e-01,7.348943948745727539e-01,5.263380050659179688e+00,5.263380050659179688e+00,5.333161354064941406e+00,5.238768577575683594e+00,1.395898628234863281e+01,1.395898628234863281e+01,1.306783008575439453e+01,1.300798416137695312e+01
1.720000000000000000e+02,1.911719894409179688e+01,1.911719894409179688e+01,1.791136550903320312e+01,1.791868591308593750e+01,1.357956695556640625e+01,1.357956695556640625e+01,1.274853134155273438e+01,1.259224033355712891e+01,5.033244132995605469e+00,5.033244132995605469e+00,5.156327247619628906e+00,5.032629966735839844e+00,4.471038579940795898e-01,4.471038579940795898e-01,7.732533216476440430e-01,7.431263923645019531e-01,4.144145846366882324e-01,4.144145846366882324e-01,6.928492784500122070e-01,7.388613224029541016e-01,5.268537521362304688e+00,5.268537521362304688e+00,5.338794708251953125e+00,5.236427783966064453e+00,1.395230579376220703e+01,1.395230579376220703e+01,1.310868740081787109e+01,1.299654293060302734e+01
1.730000000000000000e+02,1.905741119384765625e+01,1.905741119384765625e+01,1.784183883666992188e+01,1.791862106323242188e+01,1.358965873718261719e+01,1.358965873718261719e+01,1.269786834716796875e+01,1.259881591796875000e+01,5.044986724853515625e+00,5.044986724853515625e+00,5.191588401794433594e+00,5.030200004577636719e+00,4.503634870052337646e-01,4.503634870052337646e-01,7.641766667366027832e-01,7.415531873703002930e-01,4.086124598979949951e-01,4.086124598979949951e-01,6.965351104736328125e-01,7.416954040527343750e-01,5.287776947021484375e+00,5.287776947021484375e+00,5.350892066955566406e+00,5.266553401947021484e+00,1.395604133605957031e+01,1.395604133605957031e+01,1.308341121673583984e+01,1.299047279357910156e+01
1.740000000000000000e+02,1.910751724243164062e+01,1.910751724243164062e+01,1.787334632873535156e+01,1.792089843750000000e+01,1.358190536499023438e+01,1.358190536499023438e+01,1.272116661071777344e+01,1.257408523559570312e+01,5.080507278442382812e+00,5.080507278442382812e+00,5.160797119140625000e+00,5.057184696197509766e+00,4.522070884704589844e-01,4.522070884704589844e-01,7.729340791702270508e-01,7.418629527091979980e-01,4.189739823341369629e-01,4.189739823341369629e-01,7.025460004806518555e-01,7.422610521316528320e-01,5.313244819641113281e+00,5.313244819641113281e+00,5.337208271026611328e+00,5.262389183044433594e+00,1.391636657714843750e+01,1.391636657714843750e+01,1.304767036437988281e+01,1.299708557128906250e+01
1.750000000000000000e+02,1.911005973815917969e+01,1.911005973815917969e+01,1.784230041503906250e+01,1.790343093872070312e+01,1.360091114044189453e+01,1.360091114044189453e+01,1.268810462951660156e+01,1.254183387756347656e+01,5.090861320495605469e+00,5.090861320495605469e+00,5.211823463439941406e+00,5.055108070373535156e+00,4.519826769828796387e-01,4.519826769828796387e-01,7.687037587165832520e-01,7.514573335647583008e-01,4.202407300472259521e-01,4.202407300472259521e-01,7.080816030502319336e-01,7.525666356086730957e-01,5.327142715454101562e+00,5.327142715454101562e+00,5.354281425476074219e+00,5.285783290863037109e+00,1.393030357360839844e+01,1.393030357360839844e+01,1.304057502746582031e+01,1.300322151184082031e+01
1.760000000000000000e+02,1.904302406311035156e+01,1.904302406311035156e+01,1.790103340148925781e+01,1.790731430053710938e+01,1.357517433166503906e+01,1.357517433166503906e+01,1.271713829040527344e+01,1.261963558197021484e+01,5.090621948242187500e+00,5.090621948242187500e+00,5.199115753173828125e+00,5.051030158996582031e+00,4.592574536800384521e-01,4.592574536800384521e-01,7.672700285911560059e-01,7.543522119522094727e-01,4.245902299880981445e-01,4.245902299880981445e-01,7.151547670364379883e-01,7.479779124259948730e-01,5.312109947204589844e+00,5.312109947204589844e+00,5.374532222747802734e+00,5.272117614746093750e+00,1.398185729980468750e+01,1.398185729980468750e+01,1.304946327209472656e+01,1.298533439636230469e+01
1.770000000000000000e+02,1.906301307678222656e+01,1.906301307678222656e+01,1.787942314147949219e+01,1.788584899902343750e+01,1.357275676727294922e+01,1.357275676727294922e+01,1.269632148742675781e+01,1.258476352691650391e+01,5.096844196319580078e+00,5.096844196319580078e+00,5.221629619598388672e+00,5.074611186981201172e+00,4.597621560096740723e-01,4.597621560096740723e-01,7.653157711029052734e-01,7.588690519332885742e-01,4.253433942794799805e-01,4.253433942794799805e-01,7.206939458847045898e-01,7.532620429992675781e-01,5.320420265197753906e+00,5.320420265197753906e+00,5.393035888671875000e+00,5.278612613677978516e+00,1.391848373413085938e+01,1.391848373413085938e+01,1.302404499053955078e+01,1.299511146545410156e+01
1.780000000000000000e+02,1.904041290283203125e+01,1.904041290283203125e+01,1.783917999267578125e+01,1.786244964599609375e+01,1.356564807891845703e+01,1.356564807891845703e+01,1.269934368133544922e+01,1.260323715209960938e+01,5.099634170532226562e+00,5.099634170532226562e+00,5.214161872863769531e+00,5.076967239379882812e+00,4.653356671333312988e-01,4.653356671333312988e-01,7.604924440383911133e-01,7.589201927185058594e-01,4.340748190879821777e-01,4.340748190879821777e-01,7.230889797210693359e-01,7.551406621932983398e-01,5.328202247619628906e+00,5.328202247619628906e+00,5.370439052581787109e+00,5.266272068023681641e+00,1.397604179382324219e+01,1.397604179382324219e+01,1.301937675476074219e+01,1.300287628173828125e+01
1.790000000000000000e+02,1.902088165283203125e+01,1.902088165283203125e+01,1.780796623229980469e+01,1.785064125061035156e+01,1.360576248168945312e+01,1.360576248168945312e+01,1.271039962768554688e+01,1.260825538635253906e+01,5.124877929687500000e+00,5.124877929687500000e+00,5.226675033569335938e+00,5.094176769256591797e+00,4.692150354385375977e-01,4.692150354385375977e-01,7.626596093177795410e-01,7.642537355422973633e-01,4.455485939979553223e-01,4.455485939979553223e-01,7.243632078170776367e-01,7.585598230361938477e-01,5.349220275878906250e+00,5.349220275878906250e+00,5.396139621734619141e+00,5.298260688781738281e+00,1.391880226135253906e+01,1.391880226135253906e+01,1.300663185119628906e+01,1.295113754272460938e+01
1.800000000000000000e+02,1.902366256713867188e+01,1.902366256713867188e+01,1.790886306762695312e+01,1.784118461608886719e+01,1.363374805450439453e+01,1.363374805450439453e+01,1.273585510253906250e+01,1.256975460052490234e+01,5.111211776733398438e+00,5.111211776733398438e+00,5.239801406860351562e+00,5.086939811706542969e+00,4.693650007247924805e-01,4.693650007247924805e-01,7.647289037704467773e-01,7.673678398132324219e-01,4.513608217239379883e-01,4.513608217239379883e-01,7.361705899238586426e-01,7.681615352630615234e-01,5.323410034179687500e+00,5.323410034179687500e+00,5.391712188720703125e+00,5.283004283905029297e+00,1.393166351318359375e+01,1.393166351318359375e+01,1.302045059204101562e+01,1.295739936828613281e+01
1.810000000000000000e+02,1.897827911376953125e+01,1.897827911376953125e+01,1.787010574340820312e+01,1.783307266235351562e+01,1.359825706481933594e+01,1.359825706481933594e+01,1.272501468658447266e+01,1.260695362091064453e+01,5.136666297912597656e+00,5.136666297912597656e+00,5.251608848571777344e+00,5.102959632873535156e+00,4.795867204666137695e-01,4.795867204666137695e-01,7.660499215126037598e-01,7.718235254287719727e-01,4.563246369361877441e-01,4.563246369361877441e-01,7.422921657562255859e-01,7.782847285270690918e-01,5.342802047729492188e+00,5.342802047729492188e+00,5.400787353515625000e+00,5.311977386474609375e+00,1.392617321014404297e+01,1.392617321014404297e+01,1.301591587066650391e+01,1.297500228881835938e+01
1.820000000000000000e+02,1.900761222839355469e+01,1.900761222839355469e+01,1.784594726562500000e+01,1.783745574951171875e+01,1.360628509521484375e+01,1.360628509521484375e+01,1.275349807739257812e+01,1.262688159942626953e+01,5.122764110565185547e+00,5.122764110565185547e+00,5.248360633850097656e+00,5.108331203460693359e+00,4.690857529640197754e-01,4.690857529640197754e-01,7.652484178543090820e-01,7.755421400070190430e-01,4.640784561634063721e-01,4.640784561634063721e-01,7.459586262702941895e-01,7.776684761047363281e-01,5.329803466796875000e+00,5.329803466796875000e+00,5.377152442932128906e+00,5.306454658508300781e+00,1.390441322326660156e+01,1.390441322326660156e+01,1.300700187683105469e+01,1.294794082641601562e+01
1.830000000000000000e+02,1.890825462341308594e+01,1.890825462341308594e+01,1.783938407897949219e+01,1.777370262145996094e+01,1.367019081115722656e+01,1.367019081115722656e+01,1.269870662689208984e+01,1.264418029785156250e+01,5.109076499938964844e+00,5.109076499938964844e+00,5.256075859069824219e+00,5.123630523681640625e+00,4.779244661331176758e-01,4.779244661331176758e-01,7.639946341514587402e-01,7.748278379440307617e-01,4.743059575557708740e-01,4.743059575557708740e-01,7.585015296936035156e-01,7.799510359764099121e-01,5.308644294738769531e+00,5.308644294738769531e+00,5.394823551177978516e+00,5.287436962127685547e+00,1.390559959411621094e+01,1.390559959411621094e+01,1.300534343719482422e+01,1.296282958984375000e+01
1.840000000000000000e+02,1.892558670043945312e+01,1.892558670043945312e+01,1.782161331176757812e+01,1.783675193786621094e+01,1.366916465759277344e+01,1.366916465759277344e+01,1.271877288818359375e+01,1.261043453216552734e+01,5.146108627319335938e+00,5.146108627319335938e+00,5.251216411590576172e+00,5.096870899200439453e+00,4.848922491073608398e-01,4.848922491073608398e-01,7.569258809089660645e-01,7.786999940872192383e-01,4.755839407444000244e-01,4.755839407444000244e-01,7.589708566665649414e-01,7.869123220443725586e-01,5.338834762573242188e+00,5.338834762573242188e+00,5.397815704345703125e+00,5.278548717498779297e+00,1.392509841918945312e+01,1.392509841918945312e+01,1.298901176452636719e+01,1.298344039916992188e+01
1.850000000000000000e+02,1.897494697570800781e+01,1.897494697570800781e+01,1.781166458129882812e+01,1.779147338867187500e+01,1.365783119201660156e+01,1.365783119201660156e+01,1.275899028778076172e+01,1.266379928588867188e+01,5.152544021606445312e+00,5.152544021606445312e+00,5.247756004333496094e+00,5.114556789398193359e+00,4.807477891445159912e-01,4.807477891445159912e-01,7.604597806930541992e-01,7.789015769958496094e-01,4.844267070293426514e-01,4.844267070293426514e-01,7.687011361122131348e-01,7.881466150283813477e-01,5.315292358398437500e+00,5.315292358398437500e+00,5.407361030578613281e+00,5.275590896606445312e+00,1.389540672302246094e+01,1.389540672302246094e+01,1.302518939971923828e+01,1.293991184234619141e+01
1.860000000000000000e+02,1.893410301208496094e+01,1.893410301208496094e+01,1.787622833251953125e+01,1.776840591430664062e+01,1.369231891632080078e+01,1.369231891632080078e+01,1.276868629455566406e+01,1.263015556335449219e+01,5.133910179138183594e+00,5.133910179138183594e+00,5.268347740173339844e+00,5.104887485504150391e+00,4.814184606075286865e-01,4.814184606075286865e-01,7.563029527664184570e-01,7.707998752593994141e-01,4.856286644935607910e-01,4.856286644935607910e-01,7.643471956253051758e-01,7.969529628753662109e-01,5.295116901397705078e+00,5.295116901397705078e+00,5.401260375976562500e+00,5.277811050415039062e+00,1.389934825897216797e+01,1.389934825897216797e+01,1.296987819671630859e+01,1.294506931304931641e+01
1.870000000000000000e+02,1.896058082580566406e+01,1.896058082580566406e+01,1.789607238769531250e+01,1.776739311218261719e+01,1.367440986633300781e+01,1.367440986633300781e+01,1.275489425659179688e+01,1.267016410827636719e+01,5.132807731628417969e+00,5.132807731628417969e+00,5.242174625396728516e+00,5.120190620422363281e+00,4.818998575210571289e-01,4.818998575210571289e-01,7.539442777633666992e-01,7.660191655158996582e-01,4.928777217864990234e-01,4.928777217864990234e-01,7.736184597015380859e-01,8.061897158622741699e-01,5.289234161376953125e+00,5.289234161376953125e+00,5.404298782348632812e+00,5.278242588043212891e+00,1.388660621643066406e+01,1.388660621643066406e+01,1.298088359832763672e+01,1.294637012481689453e+01
1.880000000000000000e+02,1.894530868530273438e+01,1.894530868530273438e+01,1.781521987915039062e+01,1.775624465942382812e+01,1.369976425170898438e+01,1.369976425170898438e+01,1.275351905822753906e+01,1.270892906188964844e+01,5.131486892700195312e+00,5.131486892700195312e+00,5.273352622985839844e+00,5.119333744049072266e+00,4.859700500965118408e-01,4.859700500965118408e-01,7.563650012016296387e-01,7.621752619743347168e-01,5.029232501983642578e-01,5.029232501983642578e-01,7.809247970581054688e-01,8.040742278099060059e-01,5.296684741973876953e+00,5.296684741973876953e+00,5.388868331909179688e+00,5.262853145599365234e+00,1.385310649871826172e+01,1.385310649871826172e+01,1.297074031829833984e+01,1.296105957031250000e+01
1.890000000000000000e+02,1.893412208557128906e+01,1.893412208557128906e+01,1.788880348205566406e+01,1.780514526367187500e+01,1.373365402221679688e+01,1.373365402221679688e+01,1.276055717468261719e+01,1.270116901397705078e+01,5.118989944458007812e+00,5.118989944458007812e+00,5.269977569580078125e+00,5.122869014739990234e+00,4.874747991561889648e-01,4.874747991561889648e-01,7.580245733261108398e-01,7.716166973114013672e-01,5.036863684654235840e-01,5.036863684654235840e-01,7.874377965927124023e-01,8.114768862724304199e-01,5.270287513732910156e+00,5.270287513732910156e+00,5.384513854980468750e+00,5.267415523529052734e+00,1.384477043151855469e+01,1.384477043151855469e+01,1.295604324340820312e+01,1.291630744934082031e+01
1.900000000000000000e+02,1.892010879516601562e+01,1.892010879516601562e+01,1.787804031372070312e+01,1.777020072937011719e+01,1.372131919860839844e+01,1.372131919860839844e+01,1.280541038513183594e+01,1.264771270751953125e+01,5.113594532012939453e+00,5.113594532012939453e+00,5.267220497131347656e+00,5.097109794616699219e+00,4.896665215492248535e-01,4.896665215492248535e-01,7.587540149688720703e-01,7.658408880233764648e-01,5.138231515884399414e-01,5.138231515884399414e-01,7.872334718704223633e-01,8.091302514076232910e-01,5.264689445495605469e+00,5.264689445495605469e+00,5.374927997589111328e+00,5.242447853088378906e+00,1.384968376159667969e+01,1.384968376159667969e+01,1.294452285766601562e+01,1.293013954162597656e+01
1.910000000000000000e+02,1.894922637939453125e+01,1.894922637939453125e+01,1.792807388305664062e+01,1.781956672668457031e+01,1.370167160034179688e+01,1.370167160034179688e+01,1.273033905029296875e+01,1.269834804534912109e+01,5.131680488586425781e+00,5.131680488586425781e+00,5.263288497924804688e+00,5.117702484130859375e+00,4.912092387676239014e-01,4.912092387676239014e-01,7.583013772964477539e-01,7.746194601058959961e-01,5.144650340080261230e-01,5.144650340080261230e-01,7.945234775543212891e-01,8.108744621276855469e-01,5.272707939147949219e+00,5.272707939147949219e+00,5.361747741699218750e+00,5.225122928619384766e+00,1.385775661468505859e+01,1.385775661468505859e+01,1.294267654418945312e+01,1.291348266601562500e+01
1.920000000000000000e+02,1.898006248474121094e+01,1.898006248474121094e+01,1.789453887939453125e+01,1.782839584350585938e+01,1.369488525390625000e+01,1.369488525390625000e+01,1.278889179229736328e+01,1.268835639953613281e+01,5.114783287048339844e+00,5.114783287048339844e+00,5.254183292388916016e+00,5.099452018737792969e+00,4.918910264968872070e-01,4.918910264968872070e-01,7.612333893775939941e-01,7.659626603126525879e-01,5.156112313270568848e-01,5.156112313270568848e-01,8.007357120513916016e-01,8.080207109451293945e-01,5.236900329589843750e+00,5.236900329589843750e+00,5.338035583496093750e+00,5.224386215209960938e+00,1.385811233520507812e+01,1.385811233520507812e+01,1.293790149688720703e+01,1.292818355560302734e+01
1.930000000000000000e+02,1.894679450988769531e+01,1.894679450988769531e+01,1.786854553222656250e+01,1.783129501342773438e+01,1.371436500549316406e+01,1.371436500549316406e+01,1.278548622131347656e+01,1.270083332061767578e+01,5.132821559906005859e+00,5.132821559906005859e+00,5.269442558288574219e+00,5.088598251342773438e+00,4.939704835414886475e-01,4.939704835414886475e-01,7.583841085433959961e-01,7.641322612762451172e-01,5.232918858528137207e-01,5.232918858528137207e-01,7.985727787017822266e-01,8.111122250556945801e-01,5.237895965576171875e+00,5.237895965576171875e+00,5.322528839111328125e+00,5.202836036682128906e+00,1.388094806671142578e+01,1.388094806671142578e+01,1.294956207275390625e+01,1.288354110717773438e+01
1.940000000000000000e+02,1.900571250915527344e+01,1.900571250915527344e+01,1.786093330383300781e+01,1.776381683349609375e+01,1.373538398742675781e+01,1.373538398742675781e+01,1.275289344787597656e+01,1.266007614135742188e+01,5.110647201538085938e+00,5.110647201538085938e+00,5.270162582397460938e+00,5.095209121704101562e+00,4.912900328636169434e-01,4.912900328636169434e-01,7.556991577148437500e-01,7.714070081710815430e-01,5.225127339363098145e-01,5.225127339363098145e-01,7.987291812896728516e-01,8.167008161544799805e-01,5.218001365661621094e+00,5.218001365661621094e+00,5.344690799713134766e+00,5.219546794891357422e+00,1.385800933837890625e+01,1.385800933837890625e+01,1.290394306182861328e+01,1.288798332214355469e+01
1.950000000000000000e+02,1.900568962097167969e+01,1.900568962097167969e+01,1.797241592407226562e+01,1.788102531433105469e+01,1.372327136993408203e+01,1.372327136993408203e+01,1.277770805358886719e+01,1.269958972930908203e+01,5.096680164337158203e+00,5.096680164337158203e+00,5.255147457122802734e+00,5.075435638427734375e+00,4.932153522968292236e-01,4.932153522968292236e-01,7.571265697479248047e-01,7.719580531120300293e-01,5.200599431991577148e-01,5.200599431991577148e-01,7.969703674316406250e-01,8.187742233276367188e-01,5.192868709564208984e+00,5.192868709564208984e+00,5.285775184631347656e+00,5.201473712921142578e+00,1.381218814849853516e+01,1.381218814849853516e+01,1.289142417907714844e+01,1.287938690185546875e+01
1.960000000000000000e+02,1.899324035644531250e+01,1.899324035644531250e+01,1.786737442016601562e+01,1.783567237854003906e+01,1.375169372558593750e+01,1.375169372558593750e+01,1.279877471923828125e+01,1.271059226989746094e+01,5.122930526733398438e+00,5.122930526733398438e+00,5.229316234588623047e+00,5.050927162170410156e+00,4.901858568191528320e-01,4.901858568191528320e-01,7.594587802886962891e-01,7.634141445159912109e-01,5.287188291549682617e-01,5.287188291549682617e-01,7.949790954589843750e-01,8.194389343261718750e-01,5.187538623809814453e+00,5.187538623809814453e+00,5.302609920501708984e+00,5.173382759094238281e+00,1.379929351806640625e+01,1.379929351806640625e+01,1.291342353820800781e+01,1.290231418609619141e+01
1.970000000000000000e+02,1.893721008300781250e+01,1.893721008300781250e+01,1.789993476867675781e+01,1.782223129272460938e+01,1.378357315063476562e+01,1.378357315063476562e+01,1.276896667480468750e+01,1.266746711730957031e+01,5.105081558227539062e+00,5.105081558227539062e+00,5.253625869750976562e+00,5.070842266082763672e+00,4.979783892631530762e-01,4.979783892631530762e-01,7.531392574310302734e-01,7.646449804306030273e-01,5.254246592521667480e-01,5.254246592521667480e-01,7.910920381546020508e-01,8.119198083877563477e-01,5.178622245788574219e+00,5.178622245788574219e+00,5.285657882690429688e+00,5.134972095489501953e+00,1.380253028869628906e+01,1.380253028869628906e+01,1.290423965454101562e+01,1.287942695617675781e+01
1.980000000000000000e+02,1.898278999328613281e+01,1.898278999328613281e+01,1.792095184326171875e+01,1.784898376464843750e+01,1.382884502410888672e+01,1.382884502410888672e+01,1.280827140808105469e+01,1.266727638244628906e+01,5.091826438903808594e+00,5.091826438903808594e+00,5.255713462829589844e+00,5.048312187194824219e+00,4.915133714675903320e-01,4.915133714675903320e-01,7.536899447441101074e-01,7.578580975532531738e-01,5.305559635162353516e-01,5.305559635162353516e-01,7.969264984130859375e-01,8.125579357147216797e-01,5.139073371887207031e+00,5.139073371887207031e+00,5.266944885253906250e+00,5.112496376037597656e+00,1.380052185058593750e+01,1.380052185058593750e+01,1.290564250946044922e+01,1.284142684936523438e+01
1.990000000000000000e+02,1.900522994995117188e+01,1.900522994995117188e+01,1.791648864746093750e+01,1.784859848022460938e+01,1.377800464630126953e+01,1.377800464630126953e+01,1.281596946716308594e+01,1.267892742156982422e+01,5.090491294860839844e+00,5.090491294860839844e+00,5.257110595703125000e+00,5.035800933837890625e+00,4.912807047367095947e-01,4.912807047367095947e-01,7.577241659164428711e-01,7.543251514434814453e-01,5.270828604698181152e-01,5.270828604698181152e-01,7.905485033988952637e-01,8.146826028823852539e-01,5.139645576477050781e+00,5.139645576477050781e+00,5.256787300109863281e+00,5.134857177734375000e+00,1.379116344451904297e+01,1.379116344451904297e+01,1.288785839080810547e+01,1.282867431640625000e+01
2.000000000000000000e+02,1.902284240722656250e+01,1.902284240722656250e+01,1.798491096496582031e+01,1.783742904663085938e+01,1.380304908752441406e+01,1.380304908752441406e+01,1.278783416748046875e+01,1.269703483581542969e+01,5.082844734191894531e+00,5.082844734191894531e+00,5.251106739044189453e+00,5.029460906982421875e+00,4.851598441600799561e-01,4.851598441600799561e-01,7.461699843406677246e-01,7.479550838470458984e-01,5.227139592170715332e-01,5.227139592170715332e-01,7.911164760589599609e-01,8.180322647094726562e-01,5.095211029052734375e+00,5.095211029052734375e+00,5.206912040710449219e+00,5.113789558410644531e+00,1.372461986541748047e+01,1.372461986541748047e+01,1.286243820190429688e+01,1.287710666656494141e+01
2.010000000000000000e+02,1.897751235961914062e+01,1.897751235961914062e+01,1.799358749389648438e+01,1.783914947509765625e+01,1.376385879516601562e+01,1.376385879516601562e+01,1.280803298950195312e+01,1.266400146484375000e+01,5.104783058166503906e+00,5.104783058166503906e+00,5.246209144592285156e+00,5.033947467803955078e+00,4.838255941867828369e-01,4.838255941867828369e-01,7.477090358734130859e-01,7.485845685005187988e-01,5.210233330726623535e-01,5.210233330726623535e-01,7.808077335357666016e-01,8.104914426803588867e-01,5.103740692138671875e+00,5.103740692138671875e+00,5.202073097229003906e+00,5.094509601593017578e+00,1.375060653686523438e+01,1.375060653686523438e+01,1.284502506256103516e+01,1.287593269348144531e+01
2.020000000000000000e+02,1.898591232299804688e+01,1.898591232299804688e+01,1.796905136108398438e+01,1.786471939086914062e+01,1.382518482208251953e+01,1.382518482208251953e+01,1.280124092102050781e+01,1.268402481079101562e+01,5.061128139495849609e+00,5.061128139495849609e+00,5.240307807922363281e+00,5.014353275299072266e+00,4.871333241462707520e-01,4.871333241462707520e-01,7.451609373092651367e-01,7.444084882736206055e-01,5.186482667922973633e-01,5.186482667922973633e-01,7.725608348846435547e-01,8.053910732269287109e-01,5.074753761291503906e+00,5.074753761291503906e+00,5.181176185607910156e+00,5.058031558990478516e+00,1.374249839782714844e+01,1.374249839782714844e+01,1.284365940093994141e+01,1.284152030944824219e+01
2.030000000000000000e+02,1.901782608032226562e+01,1.901782608032226562e+01,1.792512893676757812e+01,1.782104492187500000e+01,1.378429889678955078e+01,1.378429889678955078e+01,1.278699874877929688e+01,1.270955085754394531e+01,5.067164421081542969e+00,5.067164421081542969e+00,5.235761642456054688e+00,5.002214908599853516e+00,4.774540364742279053e-01,4.774540364742279053e-01,7.437863349914550781e-01,7.414988875389099121e-01,5.114002823829650879e-01,5.114002823829650879e-01,7.637853622436523438e-01,8.044610023498535156e-01,5.077194213867187500e+00,5.077194213867187500e+00,5.163285732269287109e+00,5.060731887817382812e+00,1.377279758453369141e+01,1.377279758453369141e+01,1.286881160736083984e+01,1.282008647918701172e+01
2.040000000000000000e+02,1.901900863647460938e+01,1.901900863647460938e+01,1.796535491943359375e+01,1.789450073242187500e+01,1.379128074645996094e+01,1.379128074645996094e+01,1.276865768432617188e+01,1.266354465484619141e+01,5.034573554992675781e+00,5.034573554992675781e+00,5.233325958251953125e+00,4.992700576782226562e+00,4.780696034431457520e-01,4.780696034431457520e-01,7.458292245864868164e-01,7.384514808654785156e-01,5.076684355735778809e-01,5.076684355735778809e-01,7.568699121475219727e-01,7.996456623077392578e-01,5.018513679504394531e+00,5.018513679504394531e+00,5.147858619689941406e+00,5.022071361541748047e+00,1.375719642639160156e+01,1.375719642639160156e+01,1.286061096191406250e+01,1.283030891418457031e+01
2.050000000000000000e+02,1.904608917236328125e+01,1.904608917236328125e+01,1.796900939941406250e+01,1.787968444824218750e+01,1.381116485595703125e+01,1.381116485595703125e+01,1.282264518737792969e+01,1.265939712524414062e+01,5.040996074676513672e+00,5.040996074676513672e+00,5.232641220092773438e+00,4.998068332672119141e+00,4.793224334716796875e-01,4.793224334716796875e-01,7.477929592132568359e-01,7.449284195899963379e-01,5.064563751220703125e-01,5.064563751220703125e-01,7.550356388092041016e-01,7.943718433380126953e-01,5.008390426635742188e+00,5.008390426635742188e+00,5.162575721740722656e+00,5.013976097106933594e+00,1.374080657958984375e+01,1.374080657958984375e+01,1.284399223327636719e+01,1.281978797912597656e+01
2.060000000000000000e+02,1.903009223937988281e+01,1.903009223937988281e+01,1.793260765075683594e+01,1.788022613525390625e+01,1.381638908386230469e+01,1.381638908386230469e+01,1.278576660156250000e+01,1.266960811614990234e+01,5.009521961212158203e+00,5.009521961212158203e+00,5.219954490661621094e+00,4.985696792602539062e+00,4.781685173511505127e-01,4.781685173511505127e-01,7.452874183654785156e-01,7.370524406433105469e-01,5.032568573951721191e-01,5.032568573951721191e-01,7.444580793380737305e-01,7.897894382476806641e-01,4.967663288116455078e+00,4.967663288116455078e+00,5.117498397827148438e+00,4.987040519714355469e+00,1.371822929382324219e+01,1.371822929382324219e+01,1.284643554687500000e+01,1.280333328247070312e+01
2.070000000000000000e+02,1.905528640747070312e+01,1.905528640747070312e+01,1.799576568603515625e+01,1.786719512939453125e+01,1.382561492919921875e+01,1.382561492919921875e+01,1.281065082550048828e+01,1.262295818328857422e+01,4.983568191528320312e+00,4.983568191528320312e+00,5.222443580627441406e+00,4.947379112243652344e+00,4.699112176895141602e-01,4.699112176895141602e-01,7.434481382369995117e-01,7.446513175964355469e-01,5.006675124168395996e-01,5.006675124168395996e-01,7.394174933433532715e-01,7.900699377059936523e-01,4.940751552581787109e+00,4.940751552581787109e+00,5.082695007324218750e+00,4.973634719848632812e+00,1.373075294494628906e+01,1.373075294494628906e+01,1.287319087982177734e+01,1.280710983276367188e+01
2.080000000000000000e+02,1.897363281250000000e+01,1.897363281250000000e+01,1.796325874328613281e+01,1.786351585388183594e+01,1.382934761047363281e+01,1.382934761047363281e+01,1.283535385131835938e+01,1.262356376647949219e+01,4.996446609497070312e+00,4.996446609497070312e+00,5.226624488830566406e+00,4.930422782897949219e+00,4.730689227581024170e-01,4.730689227581024170e-01,7.391768097877502441e-01,7.374749779701232910e-01,4.990427494049072266e-01,4.990427494049072266e-01,7.297160625457763672e-01,7.862785458564758301e-01,4.950038909912109375e+00,4.950038909912109375e+00,5.077694892883300781e+00,4.968706130981445312e+00,1.374188232421875000e+01,1.374188232421875000e+01,1.287207412719726562e+01,1.282875728607177734e+01
2.090000000000000000e+02,1.898148345947265625e+01,1.898148345947265625e+01,1.793501091003417969e+01,1.782899093627929688e+01,1.383696937561035156e+01,1.383696937561035156e+01,1.284965705871582031e+01,1.268240547180175781e+01,4.974526405334472656e+00,4.974526405334472656e+00,5.188123703002929688e+00,4.942675590515136719e+00,4.646454751491546631e-01,4.646454751491546631e-01,7.448173761367797852e-01,7.317066192626953125e-01,4.993970096111297607e-01,4.993970096111297607e-01,7.276903390884399414e-01,7.898011207580566406e-01,4.910705566406250000e+00,4.910705566406250000e+00,5.048502445220947266e+00,4.930070877075195312e+00,1.376029968261718750e+01,1.376029968261718750e+01,1.286805343627929688e+01,1.278325557708740234e+01
2.100000000000000000e+02,1.906472587585449219e+01,1.906472587585449219e+01,1.798905563354492188e+01,1.781147766113281250e+01,1.389461898803710938e+01,1.389461898803710938e+01,1.283390235900878906e+01,1.268062019348144531e+01,4.967989921569824219e+00,4.967989921569824219e+00,5.182149410247802734e+00,4.943980216979980469e+00,4.684940874576568604e-01,4.684940874576568604e-01,7.415654063224792480e-01,7.383495569229125977e-01,4.980180263519287109e-01,4.980180263519287109e-01,7.207159996032714844e-01,7.874282598495483398e-01,4.904013156890869141e+00,4.904013156890869141e+00,5.045804023742675781e+00,4.936227321624755859e+00,1.372945213317871094e+01,1.372945213317871094e+01,1.289478206634521484e+01,1.279642963409423828e+01
2.110000000000000000e+02,1.899208068847656250e+01,1.899208068847656250e+01,1.794602394104003906e+01,1.782028198242187500e+01,1.383770370483398438e+01,1.383770370483398438e+01,1.286155509948730469e+01,1.268751716613769531e+01,4.963561058044433594e+00,4.963561058044433594e+00,5.207283496856689453e+00,4.936492919921875000e+00,4.699069857597351074e-01,4.699069857597351074e-01,7.472998499870300293e-01,7.404996156692504883e-01,4.963424205780029297e-01,4.963424205780029297e-01,7.273017764091491699e-01,7.864192724227905273e-01,4.911216735839843750e+00,4.911216735839843750e+00,5.034192562103271484e+00,4.930876255035400391e+00,1.374834442138671875e+01,1.374834442138671875e+01,1.284705924987792969e+01,1.283442687988281250e+01
2.120000000000000000e+02,1.896154785156250000e+01,1.896154785156250000e+01,1.795652580261230469e+01,1.783978652954101562e+01,1.388779449462890625e+01,1.388779449462890625e+01,1.287220096588134766e+01,1.265043926239013672e+01,4.962871551513671875e+00,4.962871551513671875e+00,5.188516616821289062e+00,4.916174411773681641e+00,4.700103402137756348e-01,4.700103402137756348e-01,7.449697256088256836e-01,7.365793585777282715e-01,4.985241293907165527e-01,4.985241293907165527e-01,7.197225093841552734e-01,7.937141656875610352e-01,4.923830032348632812e+00,4.923830032348632812e+00,5.027120113372802734e+00,4.936088085174560547e+00,1.374763870239257812e+01,1.374763870239257812e+01,1.289812088012695312e+01,1.283648777008056641e+01
2.130000000000000000e+02,1.897885513305664062e+01,1.897885513305664062e+01,1.797229003906250000e+01,1.783960342407226562e+01,1.384637355804443359e+01,1.384637355804443359e+01,1.288459777832031250e+01,1.267831611633300781e+01,4.949817180633544922e+00,4.949817180633544922e+00,5.171663284301757812e+00,4.894322395324707031e+00,4.683388471603393555e-01,4.683388471603393555e-01,7.463282346725463867e-01,7.370211482048034668e-01,4.954127073287963867e-01,4.954127073287963867e-01,7.235126495361328125e-01,7.907182574272155762e-01,4.882102012634277344e+00,4.882102012634277344e+00,5.024787902832031250e+00,4.927762031555175781e+00,1.380650329589843750e+01,1.380650329589843750e+01,1.287954616546630859e+01,1.280865669250488281e+01
2.140000000000000000e+02,1.897823333740234375e+01,1.897823333740234375e+01,1.794712638854980469e+01,1.781854248046875000e+01,1.390295600891113281e+01,1.390295600891113281e+01,1.291088008880615234e+01,1.264027976989746094e+01,4.937515735626220703e+00,4.937515735626220703e+00,5.186695098876953125e+00,4.909022331237792969e+00,4.650997221469879150e-01,4.650997221469879150e-01,7.414755821228027344e-01,7.465231418609619141e-01,4.988310337066650391e-01,4.988310337066650391e-01,7.187491655349731445e-01,7.885306477546691895e-01,4.883914947509765625e+00,4.883914947509765625e+00,5.007863044738769531e+00,4.909566402435302734e+00,1.382241439819335938e+01,1.382241439819335938e+01,1.291603469848632812e+01,1.287224578857421875e+01
2.150000000000000000e+02,1.895812606811523438e+01,1.895812606811523438e+01,1.795047378540039062e+01,1.778178787231445312e+01,1.394657516479492188e+01,1.394657516479492188e+01,1.288221168518066406e+01,1.266348648071289062e+01,4.984188079833984375e+00,4.984188079833984375e+00,5.172881126403808594e+00,4.885537624359130859e+00,4.669892191886901855e-01,4.669892191886901855e-01,7.499263286590576172e-01,7.380040287971496582e-01,4.969121515750885010e-01,4.969121515750885010e-01,7.242665886878967285e-01,7.873927354812622070e-01,4.900650978088378906e+00,4.900650978088378906e+00,5.006963253021240234e+00,4.911444664001464844e+00,1.379338741302490234e+01,1.379338741302490234e+01,1.293388843536376953e+01,1.285785198211669922e+01
2.160000000000000000e+02,1.898810005187988281e+01,1.898810005187988281e+01,1.795542526245117188e+01,1.779018974304199219e+01,1.394922447204589844e+01,1.394922447204589844e+01,1.292616748809814453e+01,1.267202568054199219e+01,4.932510375976562500e+00,4.932510375976562500e+00,5.188371658325195312e+00,4.883731842041015625e+00,4.653988182544708252e-01,4.653988182544708252e-01,7.508237361907958984e-01,7.386371493339538574e-01,4.945391416549682617e-01,4.945391416549682617e-01,7.205935716629028320e-01,7.931638360023498535e-01,4.864090919494628906e+00,4.864090919494628906e+00,5.005710601806640625e+00,4.904725551605224609e+00,1.386828327178955078e+01,1.386828327178955078e+01,1.295015335083007812e+01,1.287691116333007812e+01
2.170000000000000000e+02,1.895508384704589844e+01,1.895508384704589844e+01,1.789813232421875000e+01,1.779076004028320312e+01,1.393096160888671875e+01,1.393096160888671875e+01,1.291588306427001953e+01,1.269356822967529297e+01,4.923884391784667969e+00,4.923884391784667969e+00,5.189459800720214844e+00,4.893445968627929688e+00,4.648455083370208740e-01,4.648455083370208740e-01,7.516514062881469727e-01,7.406871318817138672e-01,4.914292693138122559e-01,4.914292693138122559e-01,7.236431241035461426e-01,7.921509742736816406e-01,4.862900733947753906e+00,4.862900733947753906e+00,5.018977165222167969e+00,4.890205383300781250e+00,1.381299781799316406e+01,1.381299781799316406e+01,1.295521354675292969e+01,1.285530281066894531e+01
2.180000000000000000e+02,1.897924041748046875e+01,1.897924041748046875e+01,1.792338752746582031e+01,1.780315208435058594e+01,1.392508506774902344e+01,1.392508506774902344e+01,1.295582008361816406e+01,1.271224975585937500e+01,4.954849243164062500e+00,4.954849243164062500e+00,5.154297828674316406e+00,4.889932632446289062e+00,4.619548320770263672e-01,4.619548320770263672e-01,7.524796724319458008e-01,7.363271713256835938e-01,4.940539002418518066e-01,4.940539002418518066e-01,7.209526300430297852e-01,7.935727238655090332e-01,4.868226051330566406e+00,4.868226051330566406e+00,4.996340751647949219e+00,4.884775161743164062e+00,1.381906890869140625e+01,1.381906890869140625e+01,1.293754386901855469e+01,1.287111473083496094e+01
2.190000000000000000e+02,1.895872116088867188e+01,1.895872116088867188e+01,1.792248535156250000e+01,1.773225593566894531e+01,1.397845077514648438e+01,1.397845077514648438e+01,1.292697334289550781e+01,1.273623085021972656e+01,4.924686431884765625e+00,4.924686431884765625e+00,5.159419536590576172e+00,4.857167243957519531e+00,4.629780054092407227e-01,4.629780054092407227e-01,7.605524063110351562e-01,7.475354671478271484e-01,4.918558001518249512e-01,4.918558001518249512e-01,7.220752835273742676e-01,7.900469303131103516e-01,4.847597122192382812e+00,4.847597122192382812e+00,4.975520610809326172e+00,4.870704174041748047e+00,1.385943412780761719e+01,1.385943412780761719e+01,1.296755599975585938e+01,1.290489196777343750e+01
2.200000000000000000e+02,1.898863601684570312e+01,1.898863601684570312e+01,1.792488098144531250e+01,1.774428749084472656e+01,1.398849868774414062e+01,1.398849868774414062e+01,1.298624706268310547e+01,1.271384429931640625e+01,4.899984359741210938e+00,4.899984359741210938e+00,5.159787178039550781e+00,4.882177352905273438e+00,4.636691808700561523e-01,4.636691808700561523e-01,7.666379213333129883e-01,7.476155161857604980e-01,4.899175167083740234e-01,4.899175167083740234e-01,7.159546613693237305e-01,7.904753684997558594e-01,4.844291687011718750e+00,4.844291687011718750e+00,4.967084884643554688e+00,4.888742923736572266e+00,1.385577201843261719e+01,1.385577201843261719e+01,1.297383499145507812e+01,1.284003067016601562e+01
2.210000000000000000e+02,1.898472976684570312e+01,1.898472976684570312e+01,1.793239402770996094e+01,1.773166656494140625e+01,1.399248600006103516e+01,1.399248600006103516e+01,1.294843006134033203e+01,1.270920372009277344e+01,4.913530349731445312e+00,4.913530349731445312e+00,5.154264450073242188e+00,4.911358833312988281e+00,4.638281762599945068e-01,4.638281762599945068e-01,7.646553516387939453e-01,7.411444187164306641e-01,4.832060039043426514e-01,4.832060039043426514e-01,7.188163995742797852e-01,7.871628999710083008e-01,4.851105213165283203e+00,4.851105213165283203e+00,4.978507518768310547e+00,4.875992774963378906e+00,1.383469200134277344e+01,1.383469200134277344e+01,1.297060871124267578e+01,1.287809562683105469e+01
2.220000000000000000e+02,1.895079040527343750e+01,1.895079040527343750e+01,1.796314620971679688e+01,1.771487426757812500e+01,1.399694633483886719e+01,1.399694633483886719e+01,1.295725059509277344e+01,1.270805835723876953e+01,4.895138263702392578e+00,4.895138263702392578e+00,5.162283897399902344e+00,4.902129173278808594e+00,4.623777270317077637e-01,4.623777270317077637e-01,7.647588253021240234e-01,7.470971345901489258e-01,4.808642566204071045e-01,4.808642566204071045e-01,7.128611803054809570e-01,7.826620340347290039e-01,4.821784019470214844e+00,4.821784019470214844e+00,4.940937995910644531e+00,4.868971824645996094e+00,1.385471343994140625e+01,1.385471343994140625e+01,1.304556846618652344e+01,1.287200546264648438e+01
2.230000000000000000e+02,1.895016479492187500e+01,1.895016479492187500e+01,1.793209457397460938e+01,1.775424194335937500e+01,1.399142456054687500e+01,1.399142456054687500e+01,1.295785903930664062e+01,1.271357536315917969e+01,4.930236816406250000e+00,4.930236816406250000e+00,5.153960227966308594e+00,4.870217800140380859e+00,4.619705677032470703e-01,4.619705677032470703e-01,7.667372226715087891e-01,7.401577234268188477e-01,4.754649400711059570e-01,4.754649400711059570e-01,7.099277377128601074e-01,7.780729532241821289e-01,4.851453781127929688e+00,4.851453781127929688e+00,4.948920249938964844e+00,4.860955238342285156e+00,1.384790992736816406e+01,1.384790992736816406e+01,1.300278282165527344e+01,1.291104888916015625e+01
2.240000000000000000e+02,1.894795799255371094e+01,1.894795799255371094e+01,1.789980697631835938e+01,1.771449279785156250e+01,1.403385734558105469e+01,1.403385734558105469e+01,1.298230361938476562e+01,1.272212982177734375e+01,4.905253410339355469e+00,4.905253410339355469e+00,5.161867618560791016e+00,4.887418746948242188e+00,4.630388617515563965e-01,4.630388617515563965e-01,7.647321820259094238e-01,7.459884285926818848e-01,4.733529686927795410e-01,4.733529686927795410e-01,7.067391872406005859e-01,7.740048766136169434e-01,4.810889244079589844e+00,4.810889244079589844e+00,4.929705619812011719e+00,4.840489387512207031e+00,1.383901023864746094e+01,1.383901023864746094e+01,1.302355766296386719e+01,1.288469409942626953e+01
2.250000000000000000e+02,1.899981307983398438e+01,1.899981307983398438e+01,1.793919754028320312e+01,1.773637008666992188e+01,1.399781894683837891e+01,1.399781894683837891e+01,1.296650791168212891e+01,1.267403221130371094e+01,4.912078857421875000e+00,4.912078857421875000e+00,5.150012969970703125e+00,4.881853580474853516e+00,4.656010866165161133e-01,4.656010866165161133e-01,7.669216394424438477e-01,7.386596202850341797e-01,4.664733409881591797e-01,4.664733409881591797e-01,6.976023316383361816e-01,7.700662612915039062e-01,4.827734947204589844e+00,4.827734947204589844e+00,4.924239158630371094e+00,4.837124347686767578e+00,1.388200759887695312e+01,1.388200759887695312e+01,1.300461483001708984e+01,1.285967636108398438e+01
2.260000000000000000e+02,1.896707153320312500e+01,1.896707153320312500e+01,1.789209365844726562e+01,1.771695899963378906e+01,1.402617073059082031e+01,1.402617073059082031e+01,1.299109840393066406e+01,1.270716476440429688e+01,4.912798881530761719e+00,4.912798881530761719e+00,5.161204814910888672e+00,4.862051963806152344e+00,4.657263159751892090e-01,4.657263159751892090e-01,7.660728693008422852e-01,7.421261072158813477e-01,4.586201608180999756e-01,4.586201608180999756e-01,6.958606243133544922e-01,7.733017802238464355e-01,4.827299118041992188e+00,4.827299118041992188e+00,4.920474052429199219e+00,4.842140674591064453e+00,1.384382915496826172e+01,1.384382915496826172e+01,1.303122901916503906e+01,1.289369964599609375e+01
2.270000000000000000e+02,1.894802856445312500e+01,1.894802856445312500e+01,1.795926666259765625e+01,1.773737716674804688e+01,1.398485565185546875e+01,1.398485565185546875e+01,1.297270584106445312e+01,1.268963241577148438e+01,4.888853549957275391e+00,4.888853549957275391e+00,5.146560668945312500e+00,4.882141113281250000e+00,4.636690020561218262e-01,4.636690020561218262e-01,7.654840350151062012e-01,7.424157261848449707e-01,4.541730284690856934e-01,4.541730284690856934e-01,6.892343163490295410e-01,7.676370143890380859e-01,4.809981822967529297e+00,4.809981822967529297e+00,4.923649787902832031e+00,4.813815593719482422e+00,1.387074279785156250e+01,1.387074279785156250e+01,1.298098945617675781e+01,1.288527774810791016e+01
2.280000000000000000e+02,1.904010963439941406e+01,1.904010963439941406e+01,1.789990425109863281e+01,1.777256584167480469e+01,1.393807220458984375e+01,1.393807220458984375e+01,1.297855377197265625e+01,1.270541763305664062e+01,4.906167030334472656e+00,4.906167030334472656e+00,5.161589622497558594e+00,4.872474670410156250e+00,4.645460247993469238e-01,4.645460247993469238e-01,7.717334032058715820e-01,7.429924607276916504e-01,4.471161663532257080e-01,4.471161663532257080e-01,6.900532245635986328e-01,7.570599317550659180e-01,4.811385154724121094e+00,4.811385154724121094e+00,4.926389217376708984e+00,4.846964836120605469e+00,1.381489086151123047e+01,1.381489086151123047e+01,1.301230716705322266e+01,1.290230941772460938e+01
2.290000000000000000e+02,1.904623794555664062e+01,1.904623794555664062e+01,1.792031288146972656e+01,1.772731399536132812e+01,1.401721096038818359e+01,1.401721096038818359e+01,1.300148010253906250e+01,1.269106864929199219e+01,4.925254821777343750e+00,4.925254821777343750e+00,5.158726692199707031e+00,4.874019622802734375e+00,4.664520025253295898e-01,4.664520025253295898e-01,7.651505470275878906e-01,7.456468343734741211e-01,4.426978230476379395e-01,4.426978230476379395e-01,6.847923994064331055e-01,7.549717426300048828e-01,4.821565628051757812e+00,4.821565628051757812e+00,4.906744956970214844e+00,4.841420173645019531e+00,1.384622573852539062e+01,1.384622573852539062e+01,1.299937057495117188e+01,1.291646575927734375e+01
2.300000000000000000e+02,1.900460624694824219e+01,1.900460624694824219e+01,1.792739295959472656e+01,1.768094635009765625e+01,1.403459644317626953e+01,1.403459644317626953e+01,1.295977878570556641e+01,1.268578624725341797e+01,4.903236865997314453e+00,4.903236865997314453e+00,5.162711143493652344e+00,4.873121738433837891e+00,4.712717235088348389e-01,4.712717235088348389e-01,7.754548788070678711e-01,7.451258301734924316e-01,4.356785416603088379e-01,4.356785416603088379e-01,6.835296154022216797e-01,7.519391775131225586e-01,4.809810161590576172e+00,4.809810161590576172e+00,4.936164855957031250e+00,4.811465263366699219e+00,1.390677356719970703e+01,1.390677356719970703e+01,1.306512451171875000e+01,1.294049263000488281e+01
2.310000000000000000e+02,1.903961563110351562e+01,1.903961563110351562e+01,1.793511199951171875e+01,1.776227378845214844e+01,1.398885345458984375e+01,1.398885345458984375e+01,1.300638771057128906e+01,1.267173957824707031e+01,4.907259941101074219e+00,4.907259941101074219e+00,5.165064334869384766e+00,4.862714767456054688e+00,4.733161032199859619e-01,4.733161032199859619e-01,7.721756100654602051e-01,7.462612390518188477e-01,4.280735850334167480e-01,4.280735850334167480e-01,6.757118701934814453e-01,7.506948113441467285e-01,4.820779800415039062e+00,4.820779800415039062e+00,4.901084899902343750e+00,4.818559169769287109e+00,1.388895797729492188e+01,1.388895797729492188e+01,1.306334304809570312e+01,1.291644287109375000e+01
2.320000000000000000e+02,1.901235198974609375e+01,1.901235198974609375e+01,1.794512176513671875e+01,1.770530319213867188e+01,1.396284961700439453e+01,1.396284961700439453e+01,1.294790649414062500e+01,1.266813468933105469e+01,4.898589611053466797e+00,4.898589611053466797e+00,5.149252891540527344e+00,4.842140197753906250e+00,4.742806553840637207e-01,4.742806553840637207e-01,7.737200856208801270e-01,7.419118285179138184e-01,4.284345805644989014e-01,4.284345805644989014e-01,6.727252602577209473e-01,7.487804889678955078e-01,4.806524276733398438e+00,4.806524276733398438e+00,4.912538051605224609e+00,4.822582244873046875e+00,1.389731025695800781e+01,1.389731025695800781e+01,1.307796382904052734e+01,1.294324111938476562e+01
2.330000000000000000e+02,1.901395797729492188e+01,1.901395797729492188e+01,1.793033218383789062e+01,1.773151779174804688e+01,1.398143482208251953e+01,1.398143482208251953e+01,1.299438476562500000e+01,1.268677806854248047e+01,4.902278900146484375e+00,4.902278900146484375e+00,5.151768207550048828e+00,4.838778495788574219e+00,4.761478602886199951e-01,4.761478602886199951e-01,7.780673503875732422e-01,7.479559183120727539e-01,4.233782589435577393e-01,4.233782589435577393e-01,6.752609610557556152e-01,7.427868843078613281e-01,4.803225994110107422e+00,4.803225994110107422e+00,4.927175521850585938e+00,4.846243858337402344e+00,1.391431331634521484e+01,1.391431331634521484e+01,1.308150959014892578e+01,1.299133300781250000e+01
2.340000000000000000e+02,1.907676696777343750e+01,1.907676696777343750e+01,1.795190048217773438e+01,1.774411773681640625e+01,1.394168376922607422e+01,1.394168376922607422e+01,1.300789451599121094e+01,1.267024040222167969e+01,4.917438507080078125e+00,4.917438507080078125e+00,5.162417411804199219e+00,4.865743160247802734e+00,4.770744740962982178e-01,4.770744740962982178e-01,7.780629396438598633e-01,7.394637465476989746e-01,4.197832345962524414e-01,4.197832345962524414e-01,6.736806035041809082e-01,7.473897337913513184e-01,4.799521446228027344e+00,4.799521446228027344e+00,4.907915115356445312e+00,4.834896087646484375e+00,1.391211128234863281e+01,1.391211128234863281e+01,1.314135932922363281e+01,1.297502326965332031e+01
2.350000000000000000e+02,1.903480339050292969e+01,1.903480339050292969e+01,1.796025848388671875e+01,1.770699310302734375e+01,1.393134403228759766e+01,1.393134403228759766e+01,1.297379398345947266e+01,1.263660812377929688e+01,4.896954536437988281e+00,4.896954536437988281e+00,5.170174598693847656e+00,4.854973793029785156e+00,4.784418940544128418e-01,4.784418940544128418e-01,7.762155532836914062e-01,7.504842877388000488e-01,4.183047413825988770e-01,4.183047413825988770e-01,6.691207885742187500e-01,7.402751445770263672e-01,4.811214447021484375e+00,4.811214447021484375e+00,4.914757251739501953e+00,4.850646018981933594e+00,1.392450428009033203e+01,1.392450428009033203e+01,1.312852573394775391e+01,1.297855758666992188e+01
2.360000000000000000e+02,1.900645446777343750e+01,1.900645446777343750e+01,1.785983657836914062e+01,1.776399993896484375e+01,1.398591232299804688e+01,1.398591232299804688e+01,1.296755981445312500e+01,1.266395950317382812e+01,4.919378280639648438e+00,4.919378280639648438e+00,5.160759449005126953e+00,4.876976966857910156e+00,4.844787120819091797e-01,4.844787120819091797e-01,7.821824550628662109e-01,7.411792278289794922e-01,4.194334149360656738e-01,4.194334149360656738e-01,6.709287166595458984e-01,7.391928434371948242e-01,4.830136299133300781e+00,4.830136299133300781e+00,4.912292957305908203e+00,4.850315093994140625e+00,1.397570419311523438e+01,1.397570419311523438e+01,1.316833782196044922e+01,1.306737899780273438e+01
2.370000000000000000e+02,1.899092102050781250e+01,1.899092102050781250e+01,1.792324829101562500e+01,1.774624252319335938e+01,1.394976615905761719e+01,1.394976615905761719e+01,1.296775817871093750e+01,1.263408374786376953e+01,4.924732685089111328e+00,4.924732685089111328e+00,5.190145015716552734e+00,4.845319271087646484e+00,4.803140163421630859e-01,4.803140163421630859e-01,7.761162519454956055e-01,7.457410097122192383e-01,4.160615801811218262e-01,4.160615801811218262e-01,6.672457456588745117e-01,7.414717674255371094e-01,4.840742111206054688e+00,4.840742111206054688e+00,4.942995071411132812e+00,4.864192962646484375e+00,1.398469543457031250e+01,1.398469543457031250e+01,1.315025711059570312e+01,1.304468154907226562e+01
2.380000000000000000e+02,1.899232101440429688e+01,1.899232101440429688e+01,1.789879989624023438e+01,1.775503349304199219e+01,1.399826240539550781e+01,1.399826240539550781e+01,1.301126289367675781e+01,1.259388542175292969e+01,4.923602104187011719e+00,4.923602104187011719e+00,5.166067600250244141e+00,4.844012260437011719e+00,4.895859658718109131e-01,4.895859658718109131e-01,7.853628396987915039e-01,7.560531497001647949e-01,4.186624586582183838e-01,4.186624586582183838e-01,6.732968091964721680e-01,7.357044816017150879e-01,4.860678672790527344e+00,4.860678672790527344e+00,4.958947658538818359e+00,4.860627651214599609e+00,1.399103641510009766e+01,1.399103641510009766e+01,1.320948314666748047e+01,1.308310031890869141e+01
2.390000000000000000e+02,1.900395584106445312e+01,1.900395584106445312e+01,1.790318298339843750e+01,1.771934890747070312e+01,1.393332862854003906e+01,1.393332862854003906e+01,1.296893787384033203e+01,1.261310577392578125e+01,4.908514976501464844e+00,4.908514976501464844e+00,5.151154041290283203e+00,4.874491691589355469e+00,4.922394156455993652e-01,4.922394156455993652e-01,7.824108600616455078e-01,7.491093277931213379e-01,4.202560484409332275e-01,4.202560484409332275e-01,6.750000715255737305e-01,7.479481101036071777e-01,4.869051933288574219e+00,4.869051933288574219e+00,4.948322296142578125e+00,4.861918449401855469e+00,1.403126907348632812e+01,1.403126907348632812e+01,1.323157501220703125e+01,1.307157421112060547e+01
2.400000000000000000e+02,1.898947715759277344e+01,1.898947715759277344e+01,1.787537765502929688e+01,1.770460700988769531e+01,1.390867042541503906e+01,1.390867042541503906e+01,1.298329544067382812e+01,1.258373260498046875e+01,4.922063350677490234e+00,4.922063350677490234e+00,5.176908493041992188e+00,4.879665374755859375e+00,4.890944659709930420e-01,4.890944659709930420e-01,7.822728157043457031e-01,7.505482435226440430e-01,4.221047759056091309e-01,4.221047759056091309e-01,6.709488630294799805e-01,7.471966743469238281e-01,4.866948127746582031e+00,4.866948127746582031e+00,4.959527015686035156e+00,4.874116897583007812e+00,1.406214332580566406e+01,1.406214332580566406e+01,1.321484756469726562e+01,1.314043140411376953e+01
2.410000000000000000e+02,1.899729919433593750e+01,1.899729919433593750e+01,1.786694717407226562e+01,1.767922973632812500e+01,1.395762825012207031e+01,1.395762825012207031e+01,1.293186378479003906e+01,1.253405380249023438e+01,4.909558773040771484e+00,4.909558773040771484e+00,5.184730529785156250e+00,4.849636077880859375e+00,4.876913428306579590e-01,4.876913428306579590e-01,7.928611040115356445e-01,7.486289739608764648e-01,4.260562062263488770e-01,4.260562062263488770e-01,6.817272901535034180e-01,7.400620579719543457e-01,4.860502243041992188e+00,4.860502243041992188e+00,4.976520538330078125e+00,4.902815341949462891e+00,1.406355667114257812e+01,1.406355667114257812e+01,1.322406196594238281e+01,1.311214447021484375e+01
2.420000000000000000e+02,1.903682327270507812e+01,1.903682327270507812e+01,1.783062362670898438e+01,1.769479942321777344e+01,1.393652725219726562e+01,1.393652725219726562e+01,1.295224475860595703e+01,1.259342861175537109e+01,4.932046890258789062e+00,4.932046890258789062e+00,5.156436920166015625e+00,4.864366531372070312e+00,4.903121292591094971e-01,4.903121292591094971e-01,7.909547686576843262e-01,7.545274496078491211e-01,4.276961684226989746e-01,4.276961684226989746e-01,6.798135042190551758e-01,7.401435375213623047e-01,4.900650024414062500e+00,4.900650024414062500e+00,4.983423233032226562e+00,4.914685249328613281e+00,1.403172874450683594e+01,1.403172874450683594e+01,1.323221969604492188e+01,1.309964084625244141e+01
2.430000000000000000e+02,1.906871032714843750e+01,1.906871032714843750e+01,1.783968734741210938e+01,1.771238517761230469e+01,1.387402534484863281e+01,1.387402534484863281e+01,1.297378158569335938e+01,1.255263519287109375e+01,4.919005393981933594e+00,4.919005393981933594e+00,5.157515048980712891e+00,4.842145919799804688e+00,4.889160990715026855e-01,4.889160990715026855e-01,7.896582484245300293e-01,7.520766258239746094e-01,4.320770800113677979e-01,4.320770800113677979e-01,6.875284314155578613e-01,7.420766353607177734e-01,4.914328575134277344e+00,4.914328575134277344e+00,5.006006240844726562e+00,4.908349514007568359e+00,1.411276435852050781e+01,1.411276435852050781e+01,1.326174736022949219e+01,1.315430831909179688e+01
2.440000000000000000e+02,1.900543022155761719e+01,1.900543022155761719e+01,1.783102035522460938e+01,1.772006225585937500e+01,1.389641952514648438e+01,1.389641952514648438e+01,1.293872070312500000e+01,1.252906608581542969e+01,4.946589469909667969e+00,4.946589469909667969e+00,5.159687995910644531e+00,4.851223945617675781e+00,4.865956902503967285e-01,4.865956902503967285e-01,7.956297993659973145e-01,7.614285945892333984e-01,4.346688687801361084e-01,4.346688687801361084e-01,6.923664808273315430e-01,7.470474243164062500e-01,4.935272216796875000e+00,4.935272216796875000e+00,5.007121086120605469e+00,4.911452293395996094e+00,1.409444427490234375e+01,1.409444427490234375e+01,1.327942085266113281e+01,1.318812465667724609e+01
2.450000000000000000e+02,1.901068115234375000e+01,1.901068115234375000e+01,1.783418464660644531e+01,1.769854736328125000e+01,1.392324161529541016e+01,1.392324161529541016e+01,1.298383140563964844e+01,1.251517963409423828e+01,4.905829429626464844e+00,4.905829429626464844e+00,5.155033111572265625e+00,4.849304199218750000e+00,4.945417642593383789e-01,4.945417642593383789e-01,7.950239777565002441e-01,7.615379095077514648e-01,4.321207404136657715e-01,4.321207404136657715e-01,6.910992860794067383e-01,7.501961588859558105e-01,4.899401187896728516e+00,4.899401187896728516e+00,5.008882522583007812e+00,4.954113960266113281e+00,1.412140846252441406e+01,1.412140846252441406e+01,1.329568672180175781e+01,1.319142913818359375e+01
2.460000000000000000e+02,1.896928977966308594e+01,1.896928977966308594e+01,1.780826568603515625e+01,1.772657775878906250e+01,1.394174575805664062e+01,1.394174575805664062e+01,1.293898773193359375e+01,1.253093338012695312e+01,4.930680274963378906e+00,4.930680274963378906e+00,5.175101757049560547e+00,4.861566543579101562e+00,4.938429594039916992e-01,4.938429594039916992e-01,7.966806888580322266e-01,7.625261545181274414e-01,4.381685853004455566e-01,4.381685853004455566e-01,6.944046020507812500e-01,7.463191747665405273e-01,4.931600570678710938e+00,4.931600570678710938e+00,5.018672943115234375e+00,4.967301845550537109e+00,1.409972953796386719e+01,1.409972953796386719e+01,1.333954048156738281e+01,1.320423412322998047e+01
2.470000000000000000e+02,1.901701736450195312e+01,1.901701736450195312e+01,1.777429580688476562e+01,1.767925834655761719e+01,1.387375068664550781e+01,1.387375068664550781e+01,1.295790481567382812e+01,1.250151634216308594e+01,4.952157020568847656e+00,4.952157020568847656e+00,5.158207416534423828e+00,4.860947132110595703e+00,4.958975017070770264e-01,4.958975017070770264e-01,8.046404719352722168e-01,7.644031047821044922e-01,4.416515231132507324e-01,4.416515231132507324e-01,7.000364065170288086e-01,7.426924705505371094e-01,4.953576087951660156e+00,4.953576087951660156e+00,5.035174369812011719e+00,4.959778785705566406e+00,1.411932659149169922e+01,1.411932659149169922e+01,1.336528778076171875e+01,1.318300247192382812e+01
2.480000000000000000e+02,1.895314979553222656e+01,1.895314979553222656e+01,1.776377296447753906e+01,1.774572753906250000e+01,1.391077423095703125e+01,1.391077423095703125e+01,1.294433403015136719e+01,1.248064994812011719e+01,4.950019836425781250e+00,4.950019836425781250e+00,5.170286655426025391e+00,4.859717845916748047e+00,4.923041164875030518e-01,4.923041164875030518e-01,8.057263493537902832e-01,7.727447748184204102e-01,4.460389912128448486e-01,4.460389912128448486e-01,7.035117149353027344e-01,7.482157945632934570e-01,4.963777542114257812e+00,4.963777542114257812e+00,5.049715995788574219e+00,4.952010154724121094e+00,1.413662528991699219e+01,1.413662528991699219e+01,1.337191963195800781e+01,1.317918205261230469e+01
2.490000000000000000e+02,1.895884323120117188e+01,1.895884323120117188e+01,1.783213424682617188e+01,1.764567184448242188e+01,1.382791137695312500e+01,1.382791137695312500e+01,1.295463180541992188e+01,1.248279571533203125e+01,4.952612876892089844e+00,4.952612876892089844e+00,5.200589179992675781e+00,4.856992244720458984e+00,4.954470396041870117e-01,4.954470396041870117e-01,8.102827668190002441e-01,7.758736014366149902e-01,4.415615499019622803e-01,4.415615499019622803e-01,7.029218673706054688e-01,7.421615123748779297e-01,4.965069770812988281e+00,4.965069770812988281e+00,5.066623687744140625e+00,4.979094505310058594e+00,1.413838958740234375e+01,1.413838958740234375e+01,1.341173171997070312e+01,1.324616336822509766e+01
2.500000000000000000e+02,1.895075225830078125e+01,1.895075225830078125e+01,1.786745834350585938e+01,1.765771484375000000e+01,1.386355686187744141e+01,1.386355686187744141e+01,1.294007110595703125e+01,1.250245857238769531e+01,4.992313861846923828e+00,4.992313861846923828e+00,5.187160015106201172e+00,4.882557392120361328e+00,4.994295239448547363e-01,4.994295239448547363e-01,8.150585889816284180e-01,7.746801972389221191e-01,4.423756003379821777e-01,4.423756003379821777e-01,7.147653102874755859e-01,7.423117160797119141e-01,4.985503196716308594e+00,4.985503196716308594e+00,5.066041469573974609e+00,4.985715866088867188e+00,1.418389892578125000e+01,1.418389892578125000e+01,1.335238170623779297e+01,1.325329971313476562e+01
2.510000000000000000e+02,1.897801399230957031e+01,1.897801399230957031e+01,1.780032348632812500e+01,1.763254547119140625e+01,1.380159473419189453e+01,1.380159473419189453e+01,1.293844890594482422e+01,1.249421119689941406e+01,4.966094970703125000e+00,4.966094970703125000e+00,5.187933444976806641e+00,4.874914169311523438e+00,5.005005002021789551e-01,5.005005002021789551e-01,8.118757009506225586e-01,7.823826074600219727e-01,4.388958215713500977e-01,4.388958215713500977e-01,7.093065977096557617e-01,7.350726127624511719e-01,4.975476264953613281e+00,4.975476264953613281e+00,5.077461242675781250e+00,4.997133255004882812e+00,1.416312026977539062e+01,1.416312026977539062e+01,1.339401912689208984e+01,1.326271247863769531e+01
2.520000000000000000e+02,1.893690681457519531e+01,1.893690681457519531e+01,1.778908729553222656e+01,1.760668182373046875e+01,1.378617858886718750e+01,1.378617858886718750e+01,1.296376037597656250e+01,1.241422080993652344e+01,4.972466468811035156e+00,4.972466468811035156e+00,5.215646743774414062e+00,4.879256725311279297e+00,5.015922784805297852e-01,5.015922784805297852e-01,8.173906207084655762e-01,7.804014682769775391e-01,4.404899179935455322e-01,4.404899179935455322e-01,7.091153264045715332e-01,7.397687435150146484e-01,4.988229274749755859e+00,4.988229274749755859e+00,5.110138893127441406e+00,4.984641075134277344e+00,1.419436645507812500e+01,1.419436645507812500e+01,1.339333534240722656e+01,1.325074005126953125e+01
2.530000000000000000e+02,1.894317245483398438e+01,1.894317245483398438e+01,1.780136489868164062e+01,1.755023574829101562e+01,1.383594512939453125e+01,1.383594512939453125e+01,1.295328140258789062e+01,1.239065933227539062e+01,4.982819080352783203e+00,4.982819080352783203e+00,5.175113201141357422e+00,4.895511150360107422e+00,4.999167323112487793e-01,4.999167323112487793e-01,8.200278282165527344e-01,7.851086258888244629e-01,4.422654509544372559e-01,4.422654509544372559e-01,7.159207463264465332e-01,7.395313978195190430e-01,4.999631404876708984e+00,4.999631404876708984e+00,5.117197036743164062e+00,5.010971069335937500e+00,1.411946868896484375e+01,1.411946868896484375e+01,1.343441963195800781e+01,1.325207519531250000e+01
2.540000000000000000e+02,1.893553924560546875e+01,1.893553924560546875e+01,1.780917358398437500e+01,1.760457229614257812e+01,1.377204513549804688e+01,1.377204513549804688e+01,1.289649772644042969e+01,1.244052028656005859e+01,4.995847702026367188e+00,4.995847702026367188e+00,5.198449611663818359e+00,4.879556655883789062e+00,4.993351697921752930e-01,4.993351697921752930e-01,8.146826028823852539e-01,7.932313084602355957e-01,4.409117698669433594e-01,4.409117698669433594e-01,7.128150463104248047e-01,7.312626838684082031e-01,5.010177135467529297e+00,5.010177135467529297e+00,5.118767738342285156e+00,5.007996559143066406e+00,1.415708351135253906e+01,1.415708351135253906e+01,1.339113235473632812e+01,1.324264907836914062e+01
2.550000000000000000e+02,1.897426223754882812e+01,1.897426223754882812e+01,1.783734893798828125e+01,1.762785530090332031e+01,1.377735137939453125e+01,1.377735137939453125e+01,1.287844753265380859e+01,1.244871330261230469e+01,5.001769542694091797e+00,5.001769542694091797e+00,5.193713665008544922e+00,4.903702735900878906e+00,4.926994442939758301e-01,4.926994442939758301e-01,8.103893399238586426e-01,7.937391996383666992e-01,4.391715824604034424e-01,4.391715824604034424e-01,7.176760435104370117e-01,7.328941226005554199e-01,5.014286518096923828e+00,5.014286518096923828e+00,5.137190341949462891e+00,5.024161338806152344e+00,1.418920326232910156e+01,1.418920326232910156e+01,1.338975143432617188e+01,1.326588439941406250e+01
2.560000000000000000e+02,1.890405654907226562e+01,1.890405654907226562e+01,1.777767562866210938e+01,1.760702896118164062e+01,1.378678703308105469e+01,1.378678703308105469e+01,1.294014167785644531e+01,1.242533493041992188e+01,5.008811950683593750e+00,5.008811950683593750e+00,5.222961425781250000e+00,4.915081977844238281e+00,4.919515848159790039e-01,4.919515848159790039e-01,8.135692477226257324e-01,7.917285561561584473e-01,4.370744526386260986e-01,4.370744526386260986e-01,7.164863348007202148e-01,7.238183021545410156e-01,5.041368961334228516e+00,5.041368961334228516e+00,5.124421119689941406e+00,5.031418800354003906e+00,1.414565467834472656e+01,1.414565467834472656e+01,1.344417190551757812e+01,1.328119468688964844e+01
2.570000000000000000e+02,1.895958137512207031e+01,1.895958137512207031e+01,1.785302543640136719e+01,1.759829711914062500e+01,1.379004669189453125e+01,1.379004669189453125e+01,1.292917919158935547e+01,1.238404655456542969e+01,5.012278079986572266e+00,5.012278079986572266e+00,5.203548908233642578e+00,4.893728256225585938e+00,4.878549873828887939e-01,4.878549873828887939e-01,8.124971389770507812e-01,7.908891439437866211e-01,4.421809911727905273e-01,4.421809911727905273e-01,7.187026739120483398e-01,7.340106964111328125e-01,5.043763160705566406e+00,5.043763160705566406e+00,5.142187118530273438e+00,5.036020755767822266e+00,1.412600517272949219e+01,1.412600517272949219e+01,1.344286060333251953e+01,1.326317405700683594e+01
2.580000000000000000e+02,1.891727638244628906e+01,1.891727638244628906e+01,1.781960296630859375e+01,1.761308288574218750e+01,1.375693321228027344e+01,1.375693321228027344e+01,1.291880702972412109e+01,1.234634780883789062e+01,5.017794132232666016e+00,5.017794132232666016e+00,5.201642990112304688e+00,4.909477233886718750e+00,4.831179976463317871e-01,4.831179976463317871e-01,8.084881901741027832e-01,7.979384660720825195e-01,4.373775124549865723e-01,4.373775124549865723e-01,7.240332365036010742e-01,7.263484597206115723e-01,5.068393230438232422e+00,5.068393230438232422e+00,5.148773193359375000e+00,5.048821449279785156e+00,1.413358497619628906e+01,1.413358497619628906e+01,1.339179325103759766e+01,1.325332641601562500e+01
2.590000000000000000e+02,1.896511268615722656e+01,1.896511268615722656e+01,1.777837753295898438e+01,1.757736396789550781e+01,1.373833942413330078e+01,1.373833942413330078e+01,1.291924381256103516e+01,1.239656448364257812e+01,5.021704673767089844e+00,5.021704673767089844e+00,5.188766479492187500e+00,4.927152633666992188e+00,4.808831810951232910e-01,4.808831810951232910e-01,8.084045648574829102e-01,8.040341138839721680e-01,4.403035044670104980e-01,4.403035044670104980e-01,7.219924926757812500e-01,7.227486968040466309e-01,5.082762718200683594e+00,5.082762718200683594e+00,5.158320903778076172e+00,5.063811302185058594e+00,1.416862201690673828e+01,1.416862201690673828e+01,1.346685028076171875e+01,1.324136352539062500e+01
2.600000000000000000e+02,1.901029968261718750e+01,1.901029968261718750e+01,1.779532432556152344e+01,1.758839416503906250e+01,1.380931663513183594e+01,1.380931663513183594e+01,1.291388702392578125e+01,1.236172294616699219e+01,5.026307582855224609e+00,5.026307582855224609e+00,5.212529659271240234e+00,4.931248664855957031e+00,4.823435544967651367e-01,4.823435544967651367e-01,8.132082819938659668e-01,7.975755929946899414e-01,4.422326683998107910e-01,4.422326683998107910e-01,7.211610078811645508e-01,7.240341901779174805e-01,5.086359977722167969e+00,5.086359977722167969e+00,5.191480636596679688e+00,5.080468177795410156e+00,1.413144874572753906e+01,1.413144874572753906e+01,1.338556098937988281e+01,1.325618362426757812e+01
2.610000000000000000e+02,1.902101516723632812e+01,1.902101516723632812e+01,1.781114578247070312e+01,1.760926246643066406e+01,1.371571159362792969e+01,1.371571159362792969e+01,1.290073871612548828e+01,1.236910247802734375e+01,5.025571823120117188e+00,5.025571823120117188e+00,5.228876113891601562e+00,4.912558555603027344e+00,4.729868769645690918e-01,4.729868769645690918e-01,8.022760152816772461e-01,7.970301508903503418e-01,4.395664334297180176e-01,4.395664334297180176e-01,7.199299931526184082e-01,7.194672822952270508e-01,5.104382514953613281e+00,5.104382514953613281e+00,5.197764396667480469e+00,5.075142860412597656e+00,1.415605735778808594e+01,1.415605735778808594e+01,1.342918014526367188e+01,1.319919204711914062e+01
2.620000000000000000e+02,1.898251342773437500e+01,1.898251342773437500e+01,1.780977630615234375e+01,1.757521438598632812e+01,1.371203231811523438e+01,1.371203231811523438e+01,1.292711734771728516e+01,1.238423538208007812e+01,5.004886627197265625e+00,5.004886627197265625e+00,5.215660095214843750e+00,4.923425674438476562e+00,4.706966280937194824e-01,4.706966280937194824e-01,7.989118099212646484e-01,8.026255369186401367e-01,4.458777904510498047e-01,4.458777904510498047e-01,7.285135984420776367e-01,7.167369127273559570e-01,5.092957496643066406e+00,5.092957496643066406e+00,5.191892623901367188e+00,5.067788124084472656e+00,1.414191818237304688e+01,1.414191818237304688e+01,1.342910766601562500e+01,1.318905639648437500e+01
2.630000000000000000e+02,1.895477104187011719e+01,1.895477104187011719e+01,1.788925933837890625e+01,1.756220626831054688e+01,1.375523281097412109e+01,1.375523281097412109e+01,1.288060760498046875e+01,1.239964103698730469e+01,5.016693115234375000e+00,5.016693115234375000e+00,5.209030151367187500e+00,4.920456886291503906e+00,4.689896702766418457e-01,4.689896702766418457e-01,7.976775765419006348e-01,8.067324161529541016e-01,4.437350034713745117e-01,4.437350034713745117e-01,7.232233285903930664e-01,7.165066003799438477e-01,5.106589794158935547e+00,5.106589794158935547e+00,5.207427978515625000e+00,5.083035469055175781e+00,1.415583610534667969e+01,1.415583610534667969e+01,1.342606067657470703e+01,1.325681114196777344e+01
2.640000000000000000e+02,1.898317718505859375e+01,1.898317718505859375e+01,1.786520004272460938e+01,1.758751296997070312e+01,1.368475341796875000e+01,1.368475341796875000e+01,1.286245536804199219e+01,1.232648658752441406e+01,5.018338203430175781e+00,5.018338203430175781e+00,5.223210334777832031e+00,4.960772037506103516e+00,4.670449495315551758e-01,4.670449495315551758e-01,8.001759648323059082e-01,8.029549717903137207e-01,4.468311965465545654e-01,4.468311965465545654e-01,7.281308174133300781e-01,7.124700546264648438e-01,5.109879493713378906e+00,5.109879493713378906e+00,5.207715034484863281e+00,5.113407135009765625e+00,1.413029384613037109e+01,1.413029384613037109e+01,1.341826438903808594e+01,1.321492958068847656e+01
2.650000000000000000e+02,1.900998115539550781e+01,1.900998115539550781e+01,1.785450744628906250e+01,1.760702514648437500e+01,1.367330169677734375e+01,1.367330169677734375e+01,1.287927627563476562e+01,1.236815166473388672e+01,5.014406204223632812e+00,5.014406204223632812e+00,5.226666450500488281e+00,4.931241989135742188e+00,4.608688354492187500e-01,4.608688354492187500e-01,8.022189140319824219e-01,8.107870221138000488e-01,4.511795639991760254e-01,4.511795639991760254e-01,7.194513082504272461e-01,7.150645256042480469e-01,5.117528915405273438e+00,5.117528915405273438e+00,5.212684631347656250e+00,5.096302032470703125e+00,1.415106201171875000e+01,1.415106201171875000e+01,1.338404464721679688e+01,1.321919155120849609e+01
2.660000000000000000e+02,1.902088928222656250e+01,1.902088928222656250e+01,1.789636230468750000e+01,1.759189224243164062e+01,1.370137786865234375e+01,1.370137786865234375e+01,1.284514522552490234e+01,1.243837356567382812e+01,5.018285751342773438e+00,5.018285751342773438e+00,5.216135025024414062e+00,4.934241294860839844e+00,4.604988396167755127e-01,4.604988396167755127e-01,7.997046709060668945e-01,8.192285299301147461e-01,4.541631340980529785e-01,4.541631340980529785e-01,7.282630205154418945e-01,7.195022106170654297e-01,5.126458644866943359e+00,5.126458644866943359e+00,5.217498779296875000e+00,5.114790916442871094e+00,1.417418956756591797e+01,1.417418956756591797e+01,1.340540122985839844e+01,1.318775749206542969e+01
2.670000000000000000e+02,1.902909469604492188e+01,1.902909469604492188e+01,1.788849258422851562e+01,1.765170860290527344e+01,1.365464782714843750e+01,1.365464782714843750e+01,1.291214656829833984e+01,1.238045215606689453e+01,5.013458728790283203e+00,5.013458728790283203e+00,5.206682205200195312e+00,4.953154563903808594e+00,4.557728767395019531e-01,4.557728767395019531e-01,7.909514307975769043e-01,8.179809451103210449e-01,4.555253982543945312e-01,4.555253982543945312e-01,7.212308645248413086e-01,7.089942693710327148e-01,5.131106376647949219e+00,5.131106376647949219e+00,5.256999492645263672e+00,5.108687400817871094e+00,1.411951255798339844e+01,1.411951255798339844e+01,1.343581962585449219e+01,1.321600627899169922e+01
2.680000000000000000e+02,1.901320075988769531e+01,1.901320075988769531e+01,1.789860916137695312e+01,1.764069366455078125e+01,1.370654201507568359e+01,1.370654201507568359e+01,1.287590026855468750e+01,1.235660362243652344e+01,5.020457267761230469e+00,5.020457267761230469e+00,5.209384441375732422e+00,4.938902854919433594e+00,4.564226567745208740e-01,4.564226567745208740e-01,7.976912856101989746e-01,8.221522569656372070e-01,4.622077941894531250e-01,4.622077941894531250e-01,7.285663485527038574e-01,7.159067988395690918e-01,5.137431144714355469e+00,5.137431144714355469e+00,5.242229461669921875e+00,5.127140522003173828e+00,1.412810897827148438e+01,1.412810897827148438e+01,1.342455005645751953e+01,1.316705417633056641e+01
2.690000000000000000e+02,1.905200576782226562e+01,1.905200576782226562e+01,1.791329383850097656e+01,1.764665222167968750e+01,1.367675590515136719e+01,1.367675590515136719e+01,1.290422058105468750e+01,1.236170578002929688e+01,5.006443500518798828e+00,5.006443500518798828e+00,5.195115566253662109e+00,4.942493438720703125e+00,4.540205597877502441e-01,4.540205597877502441e-01,7.962520122528076172e-01,8.268244266510009766e-01,4.602404236793518066e-01,4.602404236793518066e-01,7.261617183685302734e-01,7.131639122962951660e-01,5.136647224426269531e+00,5.136647224426269531e+00,5.269622325897216797e+00,5.109339714050292969e+00,1.409213161468505859e+01,1.409213161468505859e+01,1.341357231140136719e+01,1.318679141998291016e+01
2.700000000000000000e+02,1.902597045898437500e+01,1.902597045898437500e+01,1.786819076538085938e+01,1.763949203491210938e+01,1.366826057434082031e+01,1.366826057434082031e+01,1.285631084442138672e+01,1.235858917236328125e+01,5.033495903015136719e+00,5.033495903015136719e+00,5.205978393554687500e+00,4.945846557617187500e+00,4.550860524177551270e-01,4.550860524177551270e-01,7.953451871871948242e-01,8.325084447860717773e-01,4.641174077987670898e-01,4.641174077987670898e-01,7.268919944763183594e-01,7.110877633094787598e-01,5.163800716400146484e+00,5.163800716400146484e+00,5.254392147064208984e+00,5.119127273559570312e+00,1.413655471801757812e+01,1.413655471801757812e+01,1.341533851623535156e+01,1.320797157287597656e+01
2.710000000000000000e+02,1.904841423034667969e+01,1.904841423034667969e+01,1.787408447265625000e+01,1.755661010742187500e+01,1.361851882934570312e+01,1.361851882934570312e+01,1.288670730590820312e+01,1.232341957092285156e+01,5.016975402832031250e+00,5.016975402832031250e+00,5.192667007446289062e+00,4.933333873748779297e+00,4.538448452949523926e-01,4.538448452949523926e-01,7.939705848693847656e-01,8.354930877685546875e-01,4.730187356472015381e-01,4.730187356472015381e-01,7.290554046630859375e-01,7.136987447738647461e-01,5.144871711730957031e+00,5.144871711730957031e+00,5.270885467529296875e+00,5.136942863464355469e+00,1.412841796875000000e+01,1.412841796875000000e+01,1.345295810699462891e+01,1.318105125427246094e+01
2.720000000000000000e+02,1.900493812561035156e+01,1.900493812561035156e+01,1.791561889648437500e+01,1.755781555175781250e+01,1.362489318847656250e+01,1.362489318847656250e+01,1.285444068908691406e+01,1.236665821075439453e+01,5.029607772827148438e+00,5.029607772827148438e+00,5.197642326354980469e+00,4.933168411254882812e+00,4.577454328536987305e-01,4.577454328536987305e-01,7.969790697097778320e-01,8.458786010742187500e-01,4.686502218246459961e-01,4.686502218246459961e-01,7.284923791885375977e-01,7.096148729324340820e-01,5.154243469238281250e+00,5.154243469238281250e+00,5.247860908508300781e+00,5.145342826843261719e+00,1.410326385498046875e+01,1.410326385498046875e+01,1.343552970886230469e+01,1.320381546020507812e+01
2.730000000000000000e+02,1.894034194946289062e+01,1.894034194946289062e+01,1.785984039306640625e+01,1.758304023742675781e+01,1.363761138916015625e+01,1.363761138916015625e+01,1.288682365417480469e+01,1.234877300262451172e+01,5.009567260742187500e+00,5.009567260742187500e+00,5.213957786560058594e+00,4.956671714782714844e+00,4.650472998619079590e-01,4.650472998619079590e-01,7.960659265518188477e-01,8.487474322319030762e-01,4.764658212661743164e-01,4.764658212661743164e-01,7.289651036262512207e-01,7.139276266098022461e-01,5.151771068572998047e+00,5.151771068572998047e+00,5.257551670074462891e+00,5.147042274475097656e+00,1.416643619537353516e+01,1.416643619537353516e+01,1.344316482543945312e+01,1.318286609649658203e+01
2.740000000000000000e+02,1.904281997680664062e+01,1.904281997680664062e+01,1.791002464294433594e+01,1.759205627441406250e+01,1.366391754150390625e+01,1.366391754150390625e+01,1.290367507934570312e+01,1.235583114624023438e+01,5.027968883514404297e+00,5.027968883514404297e+00,5.186161518096923828e+00,4.968626976013183594e+00,4.649496078491210938e-01,4.649496078491210938e-01,7.885420322418212891e-01,8.547318577766418457e-01,4.780449271202087402e-01,4.780449271202087402e-01,7.302575707435607910e-01,7.165142297744750977e-01,5.155849456787109375e+00,5.155849456787109375e+00,5.253717899322509766e+00,5.176450729370117188e+00,1.417339134216308594e+01,1.417339134216308594e+01,1.337134838104248047e+01,1.322751617431640625e+01
2.750000000000000000e+02,1.904273414611816406e+01,1.904273414611816406e+01,1.788096237182617188e+01,1.760220146179199219e+01,1.363126754760742188e+01,1.363126754760742188e+01,1.289788627624511719e+01,1.235673522949218750e+01,5.051738739013671875e+00,5.051738739013671875e+00,5.197743415832519531e+00,4.971037864685058594e+00,4.678187668323516846e-01,4.678187668323516846e-01,7.932809591293334961e-01,8.591716289520263672e-01,4.836214184761047363e-01,4.836214184761047363e-01,7.321234941482543945e-01,7.134876251220703125e-01,5.184136867523193359e+00,5.184136867523193359e+00,5.302720069885253906e+00,5.176815032958984375e+00,1.412807655334472656e+01,1.412807655334472656e+01,1.335111618041992188e+01,1.321197414398193359e+01
2.760000000000000000e+02,1.900906753540039062e+01,1.900906753540039062e+01,1.785655784606933594e+01,1.758809661865234375e+01,1.365634727478027344e+01,1.365634727478027344e+01,1.290298843383789062e+01,1.232366847991943359e+01,5.059829711914062500e+00,5.059829711914062500e+00,5.203290462493896484e+00,4.964752197265625000e+00,4.686764478683471680e-01,4.686764478683471680e-01,8.002789616584777832e-01,8.693588972091674805e-01,4.893474280834197998e-01,4.893474280834197998e-01,7.323100566864013672e-01,7.110913991928100586e-01,5.177977085113525391e+00,5.177977085113525391e+00,5.289958953857421875e+00,5.159086227416992188e+00,1.414367389678955078e+01,1.414367389678955078e+01,1.335845184326171875e+01,1.318212699890136719e+01
2.770000000000000000e+02,1.897130966186523438e+01,1.897130966186523438e+01,1.788169479370117188e+01,1.763513946533203125e+01,1.364397430419921875e+01,1.364397430419921875e+01,1.290532112121582031e+01,1.231369972229003906e+01,5.067635536193847656e+00,5.067635536193847656e+00,5.232173919677734375e+00,4.962038993835449219e+00,4.679041802883148193e-01,4.679041802883148193e-01,8.028241395950317383e-01,8.729927539825439453e-01,4.856335520744323730e-01,4.856335520744323730e-01,7.279074788093566895e-01,7.132254838943481445e-01,5.178791999816894531e+00,5.178791999816894531e+00,5.299297332763671875e+00,5.182737350463867188e+00,1.412319087982177734e+01,1.412319087982177734e+01,1.335313510894775391e+01,1.321342658996582031e+01
2.780000000000000000e+02,1.898759651184082031e+01,1.898759651184082031e+01,1.787106132507324219e+01,1.756481170654296875e+01,1.362295722961425781e+01,1.362295722961425781e+01,1.288224220275878906e+01,1.232268905639648438e+01,5.084210395812988281e+00,5.084210395812988281e+00,5.233450889587402344e+00,4.978344440460205078e+00,4.749823510646820068e-01,4.749823510646820068e-01,8.135235905647277832e-01,8.671746253967285156e-01,4.893109202384948730e-01,4.893109202384948730e-01,7.282906770706176758e-01,7.202660441398620605e-01,5.195799350738525391e+00,5.195799350738525391e+00,5.292825698852539062e+00,5.188345432281494141e+00,1.410377311706542969e+01,1.410377311706542969e+01,1.337887287139892578e+01,1.318823051452636719e+01
2.790000000000000000e+02,1.896045494079589844e+01,1.896045494079589844e+01,1.788213348388671875e+01,1.757194900512695312e+01,1.366479682922363281e+01,1.366479682922363281e+01,1.290696907043457031e+01,1.234538459777832031e+01,5.071137428283691406e+00,5.071137428283691406e+00,5.216812133789062500e+00,4.981747627258300781e+00,4.827267527580261230e-01,4.827267527580261230e-01,8.081268072128295898e-01,8.745402693748474121e-01,4.866273105144500732e-01,4.866273105144500732e-01,7.257596254348754883e-01,7.185112237930297852e-01,5.188294887542724609e+00,5.188294887542724609e+00,5.309950351715087891e+00,5.188873291015625000e+00,1.416403007507324219e+01,1.416403007507324219e+01,1.329039859771728516e+01,1.317444992065429688e+01
2.800000000000000000e+02,1.895309066772460938e+01,1.895309066772460938e+01,1.786563110351562500e+01,1.757974815368652344e+01,1.361467075347900391e+01,1.361467075347900391e+01,1.291191482543945312e+01,1.236115455627441406e+01,5.088997840881347656e+00,5.088997840881347656e+00,5.238257884979248047e+00,5.003959655761718750e+00,4.803176820278167725e-01,4.803176820278167725e-01,8.085669279098510742e-01,8.850334882736206055e-01,4.928925335407257080e-01,4.928925335407257080e-01,7.270083427429199219e-01,7.175065279006958008e-01,5.197712898254394531e+00,5.197712898254394531e+00,5.313722133636474609e+00,5.191232681274414062e+00,1.412285614013671875e+01,1.412285614013671875e+01,1.332613754272460938e+01,1.316021823883056641e+01
2.810000000000000000e+02,1.902466773986816406e+01,1.902466773986816406e+01,1.787642288208007812e+01,1.753546905517578125e+01,1.364254188537597656e+01,1.364254188537597656e+01,1.290078544616699219e+01,1.236070632934570312e+01,5.121800422668457031e+00,5.121800422668457031e+00,5.247409820556640625e+00,5.001548290252685547e+00,4.796395003795623779e-01,4.796395003795623779e-01,8.056552410125732422e-01,8.868738412857055664e-01,4.890059828758239746e-01,4.890059828758239746e-01,7.167639136314392090e-01,7.236404418945312500e-01,5.227111816406250000e+00,5.227111816406250000e+00,5.323371887207031250e+00,5.240336894989013672e+00,1.410044097900390625e+01,1.410044097900390625e+01,1.326315689086914062e+01,1.317763423919677734e+01
2.820000000000000000e+02,1.897059249877929688e+01,1.897059249877929688e+01,1.789658355712890625e+01,1.749821853637695312e+01,1.367546463012695312e+01,1.367546463012695312e+01,1.296946048736572266e+01,1.235919475555419922e+01,5.098266601562500000e+00,5.098266601562500000e+00,5.250136375427246094e+00,5.012467384338378906e+00,4.885070621967315674e-01,4.885070621967315674e-01,8.132615089416503906e-01,8.959417939186096191e-01,4.898046851158142090e-01,4.898046851158142090e-01,7.258762121200561523e-01,7.248004674911499023e-01,5.198955059051513672e+00,5.198955059051513672e+00,5.303146362304687500e+00,5.226299285888671875e+00,1.408621788024902344e+01,1.408621788024902344e+01,1.328249549865722656e+01,1.317559242248535156e+01
2.830000000000000000e+02,1.905178451538085938e+01,1.905178451538085938e+01,1.786897850036621094e+01,1.751787185668945312e+01,1.366401958465576172e+01,1.366401958465576172e+01,1.289323043823242188e+01,1.236111640930175781e+01,5.146525382995605469e+00,5.146525382995605469e+00,5.280121803283691406e+00,5.060006141662597656e+00,4.895767569541931152e-01,4.895767569541931152e-01,8.135513067245483398e-01,8.981005549430847168e-01,4.891778528690338135e-01,4.891778528690338135e-01,7.236504554748535156e-01,7.217238545417785645e-01,5.216098785400390625e+00,5.216098785400390625e+00,5.332653999328613281e+00,5.244503974914550781e+00,1.406990146636962891e+01,1.406990146636962891e+01,1.324073410034179688e+01,1.314595890045166016e+01
2.840000000000000000e+02,1.895957946777343750e+01,1.895957946777343750e+01,1.793398284912109375e+01,1.754612731933593750e+01,1.363213729858398438e+01,1.363213729858398438e+01,1.290524768829345703e+01,1.238182449340820312e+01,5.157423973083496094e+00,5.157423973083496094e+00,5.264454841613769531e+00,5.060557365417480469e+00,5.028319954872131348e-01,5.028319954872131348e-01,8.262816071510314941e-01,9.029533863067626953e-01,4.908243119716644287e-01,4.908243119716644287e-01,7.225499153137207031e-01,7.203971743583679199e-01,5.220837116241455078e+00,5.220837116241455078e+00,5.337677001953125000e+00,5.229120254516601562e+00,1.406769752502441406e+01,1.406769752502441406e+01,1.324999237060546875e+01,1.316046905517578125e+01
2.850000000000000000e+02,1.894710540771484375e+01,1.894710540771484375e+01,1.787610054016113281e+01,1.750206375122070312e+01,1.364016914367675781e+01,1.364016914367675781e+01,1.295724296569824219e+01,1.240322875976562500e+01,5.171549797058105469e+00,5.171549797058105469e+00,5.274924278259277344e+00,5.073898315429687500e+00,5.039794445037841797e-01,5.039794445037841797e-01,8.254597783088684082e-01,9.115718603134155273e-01,4.911574721336364746e-01,4.911574721336364746e-01,7.182692289352416992e-01,7.223637700080871582e-01,5.224675178527832031e+00,5.224675178527832031e+00,5.316952228546142578e+00,5.283326625823974609e+00,1.406098937988281250e+01,1.406098937988281250e+01,1.327150344848632812e+01,1.316048431396484375e+01
2.860000000000000000e+02,1.900658416748046875e+01,1.900658416748046875e+01,1.784501647949218750e+01,1.748670196533203125e+01,1.364489555358886719e+01,1.364489555358886719e+01,1.294529247283935547e+01,1.237418079376220703e+01,5.157222747802734375e+00,5.157222747802734375e+00,5.322558879852294922e+00,5.083317756652832031e+00,5.111365318298339844e-01,5.111365318298339844e-01,8.287214040756225586e-01,9.213994145393371582e-01,4.832496941089630127e-01,4.832496941089630127e-01,7.096958160400390625e-01,7.207359075546264648e-01,5.224737167358398438e+00,5.224737167358398438e+00,5.312029361724853516e+00,5.234933853149414062e+00,1.404976081848144531e+01,1.404976081848144531e+01,1.321945381164550781e+01,1.311746978759765625e+01
2.870000000000000000e+02,1.897309875488281250e+01,1.897309875488281250e+01,1.787771224975585938e+01,1.747638511657714844e+01,1.365961074829101562e+01,1.365961074829101562e+01,1.292424583435058594e+01,1.238445854187011719e+01,5.184098243713378906e+00,5.184098243713378906e+00,5.313015937805175781e+00,5.116277694702148438e+00,5.130358338356018066e-01,5.130358338356018066e-01,8.398538827896118164e-01,9.163109064102172852e-01,4.855518341064453125e-01,4.855518341064453125e-01,7.076540589332580566e-01,7.218562364578247070e-01,5.212999343872070312e+00,5.212999343872070312e+00,5.305381774902343750e+00,5.241157531738281250e+00,1.406716442108154297e+01,1.406716442108154297e+01,1.319005012512207031e+01,1.307781410217285156e+01
2.880000000000000000e+02,1.890639686584472656e+01,1.890639686584472656e+01,1.784316253662109375e+01,1.745357513427734375e+01,1.364279937744140625e+01,1.364279937744140625e+01,1.291622734069824219e+01,1.238118171691894531e+01,5.207350730895996094e+00,5.207350730895996094e+00,5.291466712951660156e+00,5.112252235412597656e+00,5.232773423194885254e-01,5.232773423194885254e-01,8.406099081039428711e-01,9.312937259674072266e-01,4.799367189407348633e-01,4.799367189407348633e-01,7.053307890892028809e-01,7.203222513198852539e-01,5.238698005676269531e+00,5.238698005676269531e+00,5.323596954345703125e+00,5.264368057250976562e+00,1.406875419616699219e+01,1.406875419616699219e+01,1.318794059753417969e+01,1.307773494720458984e+01
2.890000000000000000e+02,1.893460845947265625e+01,1.893460845947265625e+01,1.783823013305664062e+01,1.752021408081054688e+01,1.368259239196777344e+01,1.368259239196777344e+01,1.291678428649902344e+01,1.238403320312500000e+01,5.208929538726806641e+00,5.208929538726806641e+00,5.316763877868652344e+00,5.116897583007812500e+00,5.277451276779174805e-01,5.277451276779174805e-01,8.441760540008544922e-01,9.336686134338378906e-01,4.805359840393066406e-01,4.805359840393066406e-01,7.011750936508178711e-01,7.194584012031555176e-01,5.201138019561767578e+00,5.201138019561767578e+00,5.311429023742675781e+00,5.280025482177734375e+00,1.403065490722656250e+01,1.403065490722656250e+01,1.315919494628906250e+01,1.312976264953613281e+01
2.900000000000000000e+02,1.898637390136718750e+01,1.898637390136718750e+01,1.785090637207031250e+01,1.751894760131835938e+01,1.362298202514648438e+01,1.362298202514648438e+01,1.292517185211181641e+01,1.241975975036621094e+01,5.236761093139648438e+00,5.236761093139648438e+00,5.327895164489746094e+00,5.150851249694824219e+00,5.293824672698974609e-01,5.293824672698974609e-01,8.525142669677734375e-01,9.461230039596557617e-01,4.755389988422393799e-01,4.755389988422393799e-01,6.962635517120361328e-01,7.259124517440795898e-01,5.213519096374511719e+00,5.213519096374511719e+00,5.309855461120605469e+00,5.278792381286621094e+00,1.401387214660644531e+01,1.401387214660644531e+01,1.313970088958740234e+01,1.307257270812988281e+01
2.910000000000000000e+02,1.899214363098144531e+01,1.899214363098144531e+01,1.790119743347167969e+01,1.746847534179687500e+01,1.366557693481445312e+01,1.366557693481445312e+01,1.296361827850341797e+01,1.243162536621093750e+01,5.238910198211669922e+00,5.238910198211669922e+00,5.345931053161621094e+00,5.160378456115722656e+00,5.370043516159057617e-01,5.370043516159057617e-01,8.516272902488708496e-01,9.511235952377319336e-01,4.712616801261901855e-01,4.712616801261901855e-01,6.915684938430786133e-01,7.274780273437500000e-01,5.209376335144042969e+00,5.209376335144042969e+00,5.346426010131835938e+00,5.284717559814453125e+00,1.398738098144531250e+01,1.398738098144531250e+01,1.313098907470703125e+01,1.309290599822998047e+01
2.920000000000000000e+02,1.891099166870117188e+01,1.891099166870117188e+01,1.785149002075195312e+01,1.746249008178710938e+01,1.368091201782226562e+01,1.368091201782226562e+01,1.291433811187744141e+01,1.241232776641845703e+01,5.235589981079101562e+00,5.235589981079101562e+00,5.355376720428466797e+00,5.151471138000488281e+00,5.389426946640014648e-01,5.389426946640014648e-01,8.578922152519226074e-01,9.500924348831176758e-01,4.689140319824218750e-01,4.689140319824218750e-01,6.944690346717834473e-01,7.251597046852111816e-01,5.213032722473144531e+00,5.213032722473144531e+00,5.334815502166748047e+00,5.277236938476562500e+00,1.399470329284667969e+01,1.399470329284667969e+01,1.313136291503906250e+01,1.305192947387695312e+01
2.930000000000000000e+02,1.898688888549804688e+01,1.898688888549804688e+01,1.792788696289062500e+01,1.740788269042968750e+01,1.370933532714843750e+01,1.370933532714843750e+01,1.293195724487304688e+01,1.242873191833496094e+01,5.255243301391601562e+00,5.255243301391601562e+00,5.359368324279785156e+00,5.207698345184326172e+00,5.471912026405334473e-01,5.471912026405334473e-01,8.623390793800354004e-01,9.557701945304870605e-01,4.664822816848754883e-01,4.664822816848754883e-01,6.894834041595458984e-01,7.174802422523498535e-01,5.206890106201171875e+00,5.206890106201171875e+00,5.323021888732910156e+00,5.270810127258300781e+00,1.394414138793945312e+01,1.394414138793945312e+01,1.314428710937500000e+01,1.300811386108398438e+01
2.940000000000000000e+02,1.885126113891601562e+01,1.885126113891601562e+01,1.783156967163085938e+01,1.743228149414062500e+01,1.372129535675048828e+01,1.372129535675048828e+01,1.296783447265625000e+01,1.240123367309570312e+01,5.256826400756835938e+00,5.256826400756835938e+00,5.377726554870605469e+00,5.232859611511230469e+00,5.444098114967346191e-01,5.444098114967346191e-01,8.577867150306701660e-01,9.518277645111083984e-01,4.643897414207458496e-01,4.643897414207458496e-01,6.924964189529418945e-01,7.256222963333129883e-01,5.201863288879394531e+00,5.201863288879394531e+00,5.354608058929443359e+00,5.302293300628662109e+00,1.394774436950683594e+01,1.394774436950683594e+01,1.312721061706542969e+01,1.302496147155761719e+01
2.950000000000000000e+02,1.891009140014648438e+01,1.891009140014648438e+01,1.782833099365234375e+01,1.734739303588867188e+01,1.376521682739257812e+01,1.376521682739257812e+01,1.297386932373046875e+01,1.244854354858398438e+01,5.278134346008300781e+00,5.278134346008300781e+00,5.369514465332031250e+00,5.210760116577148438e+00,5.502849817276000977e-01,5.502849817276000977e-01,8.600554466247558594e-01,9.579011201858520508e-01,4.673594236373901367e-01,4.673594236373901367e-01,6.951563358306884766e-01,7.258268594741821289e-01,5.229957580566406250e+00,5.229957580566406250e+00,5.322735309600830078e+00,5.298845291137695312e+00,1.392064857482910156e+01,1.392064857482910156e+01,1.306512069702148438e+01,1.302749061584472656e+01
2.960000000000000000e+02,1.885498428344726562e+01,1.885498428344726562e+01,1.784382629394531250e+01,1.745083236694335938e+01,1.371168708801269531e+01,1.371168708801269531e+01,1.296926498413085938e+01,1.246020507812500000e+01,5.287712574005126953e+00,5.287712574005126953e+00,5.376140594482421875e+00,5.219206809997558594e+00,5.528482198715209961e-01,5.528482198715209961e-01,8.639156818389892578e-01,9.568305611610412598e-01,4.722326695919036865e-01,4.722326695919036865e-01,6.944541931152343750e-01,7.307659387588500977e-01,5.220863342285156250e+00,5.220863342285156250e+00,5.343332767486572266e+00,5.331228256225585938e+00,1.395984649658203125e+01,1.395984649658203125e+01,1.309046745300292969e+01,1.302545928955078125e+01
2.970000000000000000e+02,1.886977767944335938e+01,1.886977767944335938e+01,1.785159111022949219e+01,1.735889816284179688e+01,1.374224090576171875e+01,1.374224090576171875e+01,1.300278663635253906e+01,1.245886611938476562e+01,5.288138866424560547e+00,5.288138866424560547e+00,5.375522613525390625e+00,5.230195045471191406e+00,5.481922030448913574e-01,5.481922030448913574e-01,8.612468838691711426e-01,9.516645669937133789e-01,4.635125994682312012e-01,4.635125994682312012e-01,7.002353668212890625e-01,7.217755317687988281e-01,5.233742237091064453e+00,5.233742237091064453e+00,5.342100143432617188e+00,5.290831089019775391e+00,1.388649940490722656e+01,1.388649940490722656e+01,1.307022285461425781e+01,1.303254127502441406e+01
2.980000000000000000e+02,1.890675163269042969e+01,1.890675163269042969e+01,1.786380004882812500e+01,1.736891937255859375e+01,1.373808288574218750e+01,1.373808288574218750e+01,1.291813850402832031e+01,1.249226188659667969e+01,5.291267871856689453e+00,5.291267871856689453e+00,5.371665000915527344e+00,5.252429962158203125e+00,5.450811386108398438e-01,5.450811386108398438e-01,8.643130064010620117e-01,9.589926004409790039e-01,4.693675339221954346e-01,4.693675339221954346e-01,7.009550333023071289e-01,7.300670742988586426e-01,5.190548419952392578e+00,5.190548419952392578e+00,5.360563278198242188e+00,5.316985130310058594e+00,1.389364242553710938e+01,1.389364242553710938e+01,1.307022285461425781e+01,1.297476768493652344e+01
2.990000000000000000e+02,1.882424926757812500e+01,1.882424926757812500e+01,1.780875778198242188e+01,1.740555953979492188e+01,1.379165458679199219e+01,1.379165458679199219e+01,1.295924472808837891e+01,1.248698616027832031e+01,5.306589603424072266e+00,5.306589603424072266e+00,5.365387439727783203e+00,5.277982711791992188e+00,5.403788685798645020e-01,5.403788685798645020e-01,8.542944192886352539e-01,9.551410675048828125e-01,4.694662690162658691e-01,4.694662690162658691e-01,7.002047300338745117e-01,7.332186698913574219e-01,5.220187187194824219e+00,5.220187187194824219e+00,5.331826210021972656e+00,5.289224147796630859e+00,1.387436008453369141e+01,1.387436008453369141e+01,1.303298759460449219e+01,1.297593307495117188e+01
3.000000000000000000e+02,1.883595275878906250e+01,1.883595275878906250e+01,1.787191963195800781e+01,1.737826156616210938e+01,1.378340148925781250e+01,1.378340148925781250e+01,1.296565055847167969e+01,1.251216506958007812e+01,5.284074306488037109e+00,5.284074306488037109e+00,5.362456798553466797e+00,5.270508289337158203e+00,5.398958921432495117e-01,5.398958921432495117e-01,8.557528257369995117e-01,9.463067054748535156e-01,4.699458777904510498e-01,4.699458777904510498e-01,7.047429084777832031e-01,7.364099025726318359e-01,5.208805084228515625e+00,5.208805084228515625e+00,5.335028648376464844e+00,5.321565628051757812e+00,1.387862396240234375e+01,1.387862396240234375e+01,1.304725742340087891e+01,1.295541191101074219e+01
3.010000000000000000e+02,1.884753608703613281e+01,1.884753608703613281e+01,1.786685180664062500e+01,1.734326553344726562e+01,1.379418182373046875e+01,1.379418182373046875e+01,1.301543903350830078e+01,1.255135536193847656e+01,5.283273696899414062e+00,5.283273696899414062e+00,5.362046241760253906e+00,5.270938396453857422e+00,5.374584197998046875e-01,5.374584197998046875e-01,8.460562825202941895e-01,9.513151645660400391e-01,4.788837432861328125e-01,4.788837432861328125e-01,7.088375091552734375e-01,7.381722331047058105e-01,5.208936691284179688e+00,5.208936691284179688e+00,5.373001098632812500e+00,5.318243503570556641e+00,1.382967758178710938e+01,1.382967758178710938e+01,1.305245399475097656e+01,1.298396778106689453e+01
3.020000000000000000e+02,1.887454605102539062e+01,1.887454605102539062e+01,1.786351585388183594e+01,1.738592147827148438e+01,1.380095767974853516e+01,1.380095767974853516e+01,1.298077583312988281e+01,1.248958015441894531e+01,5.278974056243896484e+00,5.278974056243896484e+00,5.351291179656982422e+00,5.283654212951660156e+00,5.253039002418518066e-01,5.253039002418518066e-01,8.340544700622558594e-01,9.472329020500183105e-01,4.787198305130004883e-01,4.787198305130004883e-01,7.120133042335510254e-01,7.340137958526611328e-01,5.196804523468017578e+00,5.196804523468017578e+00,5.362929344177246094e+00,5.325796127319335938e+00,1.386152458190917969e+01,1.386152458190917969e+01,1.304105854034423828e+01,1.296621513366699219e+01
3.030000000000000000e+02,1.883635330200195312e+01,1.883635330200195312e+01,1.785873413085937500e+01,1.734462928771972656e+01,1.382609653472900391e+01,1.382609653472900391e+01,1.299400901794433594e+01,1.252636432647705078e+01,5.260204315185546875e+00,5.260204315185546875e+00,5.347829818725585938e+00,5.286155700683593750e+00,5.263147354125976562e-01,5.263147354125976562e-01,8.352276086807250977e-01,9.367619752883911133e-01,4.811278879642486572e-01,4.811278879642486572e-01,7.116652131080627441e-01,7.410767674446105957e-01,5.192357063293457031e+00,5.192357063293457031e+00,5.342457771301269531e+00,5.312167167663574219e+00,1.384696769714355469e+01,1.384696769714355469e+01,1.303343009948730469e+01,1.299833297729492188e+01
3.040000000000000000e+02,1.882148933410644531e+01,1.882148933410644531e+01,1.782527923583984375e+01,1.733568191528320312e+01,1.386336421966552734e+01,1.386336421966552734e+01,1.296904468536376953e+01,1.256762123107910156e+01,5.275360107421875000e+00,5.275360107421875000e+00,5.360321998596191406e+00,5.296438217163085938e+00,5.146054625511169434e-01,5.146054625511169434e-01,8.240938186645507812e-01,9.326709508895874023e-01,4.821888208389282227e-01,4.821888208389282227e-01,7.145272493362426758e-01,7.308683395385742188e-01,5.213055133819580078e+00,5.213055133819580078e+00,5.373418807983398438e+00,5.310662269592285156e+00,1.385440826416015625e+01,1.385440826416015625e+01,1.300616455078125000e+01,1.294542407989501953e+01
3.050000000000000000e+02,1.888065719604492188e+01,1.888065719604492188e+01,1.784645271301269531e+01,1.735938453674316406e+01,1.383091735839843750e+01,1.383091735839843750e+01,1.299037361145019531e+01,1.257812881469726562e+01,5.251597404479980469e+00,5.251597404479980469e+00,5.346652984619140625e+00,5.286720752716064453e+00,5.178908109664916992e-01,5.178908109664916992e-01,8.234927654266357422e-01,9.196473360061645508e-01,4.847035408020019531e-01,4.847035408020019531e-01,7.177416682243347168e-01,7.379058599472045898e-01,5.186681747436523438e+00,5.186681747436523438e+00,5.354212760925292969e+00,5.315597534179687500e+00,1.387456512451171875e+01,1.387456512451171875e+01,1.301770687103271484e+01,1.288609695434570312e+01
3.060000000000000000e+02,1.880561637878417969e+01,1.880561637878417969e+01,1.788964462280273438e+01,1.735940933227539062e+01,1.387437915802001953e+01,1.387437915802001953e+01,1.302948188781738281e+01,1.257466602325439453e+01,5.241205215454101562e+00,5.241205215454101562e+00,5.321704864501953125e+00,5.260055541992187500e+00,5.032745599746704102e-01,5.032745599746704102e-01,8.164545893669128418e-01,9.101670384407043457e-01,4.837568998336791992e-01,4.837568998336791992e-01,7.217212915420532227e-01,7.324260473251342773e-01,5.185249805450439453e+00,5.185249805450439453e+00,5.379053592681884766e+00,5.288584709167480469e+00,1.388319015502929688e+01,1.388319015502929688e+01,1.305163764953613281e+01,1.291404056549072266e+01
3.070000000000000000e+02,1.881520652770996094e+01,1.881520652770996094e+01,1.788425064086914062e+01,1.737440299987792969e+01,1.381952285766601562e+01,1.381952285766601562e+01,1.302474784851074219e+01,1.257567024230957031e+01,5.240624904632568359e+00,5.240624904632568359e+00,5.312642574310302734e+00,5.263285636901855469e+00,4.979387223720550537e-01,4.979387223720550537e-01,8.118425011634826660e-01,9.046977758407592773e-01,4.832061827182769775e-01,4.832061827182769775e-01,7.188813686370849609e-01,7.292237877845764160e-01,5.191247463226318359e+00,5.191247463226318359e+00,5.384307384490966797e+00,5.275071620941162109e+00,1.385025501251220703e+01,1.385025501251220703e+01,1.302663135528564453e+01,1.288339233398437500e+01
3.080000000000000000e+02,1.885947227478027344e+01,1.885947227478027344e+01,1.786597824096679688e+01,1.733059501647949219e+01,1.384625434875488281e+01,1.384625434875488281e+01,1.301413154602050781e+01,1.259204864501953125e+01,5.252708435058593750e+00,5.252708435058593750e+00,5.285597324371337891e+00,5.291615962982177734e+00,4.879907965660095215e-01,4.879907965660095215e-01,8.070641756057739258e-01,8.985598087310791016e-01,4.802622497081756592e-01,4.802622497081756592e-01,7.273906469345092773e-01,7.273614406585693359e-01,5.188127040863037109e+00,5.188127040863037109e+00,5.370663166046142578e+00,5.287142753601074219e+00,1.380827331542968750e+01,1.380827331542968750e+01,1.300734901428222656e+01,1.293906402587890625e+01
3.090000000000000000e+02,1.879885292053222656e+01,1.879885292053222656e+01,1.792952346801757812e+01,1.738238334655761719e+01,1.386456012725830078e+01,1.386456012725830078e+01,1.305844974517822266e+01,1.264541053771972656e+01,5.250900268554687500e+00,5.250900268554687500e+00,5.284049034118652344e+00,5.279839515686035156e+00,4.841874241828918457e-01,4.841874241828918457e-01,7.945611476898193359e-01,8.938546776771545410e-01,4.776729345321655273e-01,4.776729345321655273e-01,7.172752618789672852e-01,7.274421453475952148e-01,5.184699058532714844e+00,5.184699058532714844e+00,5.372762680053710938e+00,5.281261444091796875e+00,1.380017757415771484e+01,1.380017757415771484e+01,1.303105449676513672e+01,1.294018077850341797e+01
3.100000000000000000e+02,1.882269096374511719e+01,1.882269096374511719e+01,1.788599395751953125e+01,1.743105888366699219e+01,1.386612319946289062e+01,1.386612319946289062e+01,1.302544021606445312e+01,1.260132884979248047e+01,5.225502014160156250e+00,5.225502014160156250e+00,5.276930809020996094e+00,5.285722732543945312e+00,4.787541329860687256e-01,4.787541329860687256e-01,7.914532423019409180e-01,8.862109184265136719e-01,4.845046103000640869e-01,4.845046103000640869e-01,7.240619659423828125e-01,7.260588407516479492e-01,5.177516460418701172e+00,5.177516460418701172e+00,5.349318504333496094e+00,5.267813205718994141e+00,1.383087158203125000e+01,1.383087158203125000e+01,1.305885124206542969e+01,1.292275714874267578e+01
3.110000000000000000e+02,1.885429763793945312e+01,1.885429763793945312e+01,1.793253326416015625e+01,1.736648559570312500e+01,1.384085941314697266e+01,1.384085941314697266e+01,1.299130821228027344e+01,1.259819412231445312e+01,5.218274116516113281e+00,5.218274116516113281e+00,5.268691062927246094e+00,5.300965309143066406e+00,4.671441018581390381e-01,4.671441018581390381e-01,7.869558930397033691e-01,8.780432939529418945e-01,4.815173149108886719e-01,4.815173149108886719e-01,7.298457622528076172e-01,7.236675620079040527e-01,5.191418647766113281e+00,5.191418647766113281e+00,5.368074417114257812e+00,5.270527362823486328e+00,1.383856201171875000e+01,1.383856201171875000e+01,1.304388046264648438e+01,1.292231941223144531e+01
3.120000000000000000e+02,1.880965042114257812e+01,1.880965042114257812e+01,1.790338516235351562e+01,1.737210845947265625e+01,1.385524749755859375e+01,1.385524749755859375e+01,1.298301315307617188e+01,1.261389350891113281e+01,5.171287536621093750e+00,5.171287536621093750e+00,5.228689670562744141e+00,5.258339881896972656e+00,4.552762210369110107e-01,4.552762210369110107e-01,7.750777006149291992e-01,8.657552003860473633e-01,4.824931919574737549e-01,4.824931919574737549e-01,7.353143095970153809e-01,7.217876911163330078e-01,5.154383182525634766e+00,5.154383182525634766e+00,5.388954639434814453e+00,5.273211956024169922e+00,1.383666801452636719e+01,1.383666801452636719e+01,1.302220535278320312e+01,1.291716861724853516e+01
3.130000000000000000e+02,1.885865020751953125e+01,1.885865020751953125e+01,1.794148635864257812e+01,1.734341430664062500e+01,1.385776901245117188e+01,1.385776901245117188e+01,1.301644229888916016e+01,1.258844375610351562e+01,5.168797016143798828e+00,5.168797016143798828e+00,5.233684062957763672e+00,5.262760162353515625e+00,4.498172402381896973e-01,4.498172402381896973e-01,7.675487995147705078e-01,8.582744598388671875e-01,4.847134649753570557e-01,4.847134649753570557e-01,7.344360947608947754e-01,7.192867994308471680e-01,5.157453536987304688e+00,5.157453536987304688e+00,5.374266624450683594e+00,5.244716167449951172e+00,1.382089805603027344e+01,1.382089805603027344e+01,1.303175735473632812e+01,1.283955001831054688e+01
3.140000000000000000e+02,1.885795211791992188e+01,1.885795211791992188e+01,1.790644073486328125e+01,1.737778663635253906e+01,1.383107566833496094e+01,1.383107566833496094e+01,1.299722671508789062e+01,1.259512329101562500e+01,5.135789871215820312e+00,5.135789871215820312e+00,5.213463783264160156e+00,5.263079643249511719e+00,4.355331361293792725e-01,4.355331361293792725e-01,7.570059299468994141e-01,8.497430086135864258e-01,4.843843877315521240e-01,4.843843877315521240e-01,7.395398616790771484e-01,7.126424312591552734e-01,5.129072189331054688e+00,5.129072189331054688e+00,5.377510547637939453e+00,5.259465694427490234e+00,1.383484458923339844e+01,1.383484458923339844e+01,1.300460815429687500e+01,1.292380428314208984e+01
3.150000000000000000e+02,1.882809448242187500e+01,1.882809448242187500e+01,1.791825103759765625e+01,1.739180374145507812e+01,1.385987091064453125e+01,1.385987091064453125e+01,1.301583099365234375e+01,1.261154174804687500e+01,5.130762577056884766e+00,5.130762577056884766e+00,5.210382461547851562e+00,5.272326946258544922e+00,4.292500615119934082e-01,4.292500615119934082e-01,7.429990768432617188e-01,8.411563634872436523e-01,4.880181550979614258e-01,4.880181550979614258e-01,7.352986335754394531e-01,7.155838608741760254e-01,5.142633914947509766e+00,5.142633914947509766e+00,5.374784946441650391e+00,5.265139579772949219e+00,1.383250045776367188e+01,1.383250045776367188e+01,1.299291610717773438e+01,1.289027690887451172e+01
3.160000000000000000e+02,1.879412460327148438e+01,1.879412460327148438e+01,1.787506103515625000e+01,1.740539741516113281e+01,1.381808376312255859e+01,1.381808376312255859e+01,1.294075965881347656e+01,1.254578113555908203e+01,5.125679969787597656e+00,5.125679969787597656e+00,5.204011917114257812e+00,5.279739379882812500e+00,4.225451350212097168e-01,4.225451350212097168e-01,7.428626418113708496e-01,8.375520110130310059e-01,4.850652515888214111e-01,4.850652515888214111e-01,7.370770573616027832e-01,7.165262699127197266e-01,5.154048919677734375e+00,5.154048919677734375e+00,5.396031379699707031e+00,5.257143020629882812e+00,1.383689880371093750e+01,1.383689880371093750e+01,1.300429058074951172e+01,1.288251876831054688e+01
3.170000000000000000e+02,1.882992362976074219e+01,1.882992362976074219e+01,1.787936019897460938e+01,1.734522438049316406e+01,1.384462928771972656e+01,1.384462928771972656e+01,1.297078704833984375e+01,1.254921722412109375e+01,5.105124473571777344e+00,5.105124473571777344e+00,5.192800998687744141e+00,5.261049270629882812e+00,4.148351848125457764e-01,4.148351848125457764e-01,7.352780699729919434e-01,8.279436826705932617e-01,4.853722751140594482e-01,4.853722751140594482e-01,7.321406602859497070e-01,7.190172076225280762e-01,5.140505790710449219e+00,5.140505790710449219e+00,5.399960041046142578e+00,5.270613670349121094e+00,1.381537055969238281e+01,1.381537055969238281e+01,1.299315643310546875e+01,1.291885471343994141e+01
3.180000000000000000e+02,1.882165145874023438e+01,1.882165145874023438e+01,1.795778274536132812e+01,1.744680023193359375e+01,1.376611137390136719e+01,1.376611137390136719e+01,1.298085308074951172e+01,1.260960578918457031e+01,5.109183311462402344e+00,5.109183311462402344e+00,5.156192779541015625e+00,5.246130466461181641e+00,4.096705317497253418e-01,4.096705317497253418e-01,7.276690006256103516e-01,8.172929883003234863e-01,4.869296550750732422e-01,4.869296550750732422e-01,7.386122941970825195e-01,7.158296704292297363e-01,5.158730030059814453e+00,5.158730030059814453e+00,5.380553245544433594e+00,5.250550270080566406e+00,1.377250289916992188e+01,1.377250289916992188e+01,1.301401138305664062e+01,1.286694145202636719e+01
3.190000000000000000e+02,1.886134719848632812e+01,1.886134719848632812e+01,1.794610977172851562e+01,1.738784027099609375e+01,1.381593894958496094e+01,1.381593894958496094e+01,1.294599533081054688e+01,1.259409332275390625e+01,5.098014831542968750e+00,5.098014831542968750e+00,5.126751899719238281e+00,5.227630615234375000e+00,4.040085077285766602e-01,4.040085077285766602e-01,7.304053902626037598e-01,8.138351440429687500e-01,4.883098602294921875e-01,4.883098602294921875e-01,7.302017807960510254e-01,7.190454006195068359e-01,5.163736343383789062e+00,5.163736343383789062e+00,5.359018325805664062e+00,5.273787498474121094e+00,1.384400367736816406e+01,1.384400367736816406e+01,1.303980255126953125e+01,1.291725921630859375e+01
3.200000000000000000e+02,1.882779502868652344e+01,1.882779502868652344e+01,1.784785079956054688e+01,1.741653060913085938e+01,1.387395668029785156e+01,1.387395668029785156e+01,1.293033885955810547e+01,1.260106849670410156e+01,5.066643714904785156e+00,5.066643714904785156e+00,5.106757164001464844e+00,5.238672256469726562e+00,3.960780203342437744e-01,3.960780203342437744e-01,7.247868776321411133e-01,8.052686452865600586e-01,4.912047386169433594e-01,4.912047386169433594e-01,7.430987954139709473e-01,7.154933214187622070e-01,5.145620822906494141e+00,5.145620822906494141e+00,5.350900173187255859e+00,5.266898155212402344e+00,1.382782745361328125e+01,1.382782745361328125e+01,1.300114250183105469e+01,1.285878562927246094e+01
3.210000000000000000e+02,1.886794853210449219e+01,1.886794853210449219e+01,1.790135383605957031e+01,1.744065093994140625e+01,1.384702205657958984e+01,1.384702205657958984e+01,1.297177791595458984e+01,1.254770660400390625e+01,5.058051109313964844e+00,5.058051109313964844e+00,5.107571601867675781e+00,5.236371040344238281e+00,3.934035599231719971e-01,3.934035599231719971e-01,7.241507172584533691e-01,8.004480004310607910e-01,4.948807656764984131e-01,4.948807656764984131e-01,7.396199107170104980e-01,7.158873081207275391e-01,5.153453826904296875e+00,5.153453826904296875e+00,5.347761154174804688e+00,5.258859634399414062e+00,1.382653427124023438e+01,1.382653427124023438e+01,1.303428077697753906e+01,1.290990638732910156e+01
3.220000000000000000e+02,1.886872291564941406e+01,1.886872291564941406e+01,1.791235351562500000e+01,1.741164970397949219e+01,1.384952354431152344e+01,1.384952354431152344e+01,1.300155925750732422e+01,1.257664108276367188e+01,5.033629417419433594e+00,5.033629417419433594e+00,5.115292549133300781e+00,5.224878311157226562e+00,3.858129382133483887e-01,3.858129382133483887e-01,7.150274515151977539e-01,7.985029220581054688e-01,4.910258352756500244e-01,4.910258352756500244e-01,7.485088109970092773e-01,7.196111083030700684e-01,5.142246723175048828e+00,5.142246723175048828e+00,5.359988212585449219e+00,5.277498245239257812e+00,1.379611301422119141e+01,1.379611301422119141e+01,1.301143074035644531e+01,1.287676239013671875e+01
3.230000000000000000e+02,1.884168243408203125e+01,1.884168243408203125e+01,1.792240142822265625e+01,1.742116737365722656e+01,1.387642097473144531e+01,1.387642097473144531e+01,1.299497413635253906e+01,1.256601524353027344e+01,5.015232086181640625e+00,5.015232086181640625e+00,5.112849235534667969e+00,5.178554058074951172e+00,3.839826583862304688e-01,3.839826583862304688e-01,7.067153453826904297e-01,7.939504384994506836e-01,4.978109002113342285e-01,4.978109002113342285e-01,7.458004951477050781e-01,7.172237634658813477e-01,5.130256175994873047e+00,5.130256175994873047e+00,5.353847503662109375e+00,5.267253875732421875e+00,1.380506610870361328e+01,1.380506610870361328e+01,1.295915603637695312e+01,1.291376876831054688e+01
3.240000000000000000e+02,1.888642120361328125e+01,1.888642120361328125e+01,1.793104934692382812e+01,1.736464118957519531e+01,1.381916427612304688e+01,1.381916427612304688e+01,1.294554138183593750e+01,1.254844284057617188e+01,5.051166534423828125e+00,5.051166534423828125e+00,5.093499660491943359e+00,5.180114746093750000e+00,3.792810738086700439e-01,3.792810738086700439e-01,7.099899053573608398e-01,7.894716858863830566e-01,5.001463890075683594e-01,5.001463890075683594e-01,7.454671859741210938e-01,7.183237075805664062e-01,5.165987014770507812e+00,5.165987014770507812e+00,5.330088138580322266e+00,5.249387741088867188e+00,1.380180168151855469e+01,1.380180168151855469e+01,1.298369216918945312e+01,1.290420341491699219e+01
3.250000000000000000e+02,1.886444854736328125e+01,1.886444854736328125e+01,1.793658638000488281e+01,1.739474678039550781e+01,1.383510780334472656e+01,1.383510780334472656e+01,1.297915267944335938e+01,1.258888626098632812e+01,5.005156517028808594e+00,5.005156517028808594e+00,5.067797183990478516e+00,5.200753211975097656e+00,3.833327293395996094e-01,3.833327293395996094e-01,7.080962061882019043e-01,7.868634462356567383e-01,5.020673274993896484e-01,5.020673274993896484e-01,7.475247383117675781e-01,7.197264432907104492e-01,5.150067329406738281e+00,5.150067329406738281e+00,5.337133407592773438e+00,5.247048377990722656e+00,1.381173133850097656e+01,1.381173133850097656e+01,1.299993133544921875e+01,1.291658973693847656e+01
3.260000000000000000e+02,1.885753250122070312e+01,1.885753250122070312e+01,1.795504570007324219e+01,1.745240211486816406e+01,1.388188266754150391e+01,1.388188266754150391e+01,1.295757484436035156e+01,1.258875465393066406e+01,4.996040344238281250e+00,4.996040344238281250e+00,5.048864364624023438e+00,5.177752494812011719e+00,3.847871124744415283e-01,3.847871124744415283e-01,7.064460515975952148e-01,7.855601906776428223e-01,5.049375295639038086e-01,5.049375295639038086e-01,7.475541830062866211e-01,7.269607782363891602e-01,5.147509098052978516e+00,5.147509098052978516e+00,5.298169136047363281e+00,5.248611450195312500e+00,1.386672496795654297e+01,1.386672496795654297e+01,1.301504039764404297e+01,1.288719367980957031e+01
3.270000000000000000e+02,1.889811325073242188e+01,1.889811325073242188e+01,1.793042182922363281e+01,1.740334892272949219e+01,1.386274528503417969e+01,1.386274528503417969e+01,1.299800491333007812e+01,1.258084678649902344e+01,5.002540111541748047e+00,5.002540111541748047e+00,5.048056602478027344e+00,5.168419837951660156e+00,3.850481510162353516e-01,3.850481510162353516e-01,7.136107683181762695e-01,7.770063877105712891e-01,4.979813098907470703e-01,4.979813098907470703e-01,7.471244931221008301e-01,7.246443033218383789e-01,5.145432949066162109e+00,5.145432949066162109e+00,5.319217205047607422e+00,5.252782821655273438e+00,1.381908416748046875e+01,1.381908416748046875e+01,1.303224086761474609e+01,1.285825538635253906e+01
3.280000000000000000e+02,1.890478706359863281e+01,1.890478706359863281e+01,1.794969940185546875e+01,1.740645027160644531e+01,1.388613319396972656e+01,1.388613319396972656e+01,1.302779960632324219e+01,1.262843704223632812e+01,4.971817016601562500e+00,4.971817016601562500e+00,5.042650699615478516e+00,5.157451152801513672e+00,3.856419324874877930e-01,3.856419324874877930e-01,7.156744599342346191e-01,7.766228318214416504e-01,5.031477212905883789e-01,5.031477212905883789e-01,7.484667897224426270e-01,7.240390777587890625e-01,5.132923603057861328e+00,5.132923603057861328e+00,5.304167270660400391e+00,5.239124774932861328e+00,1.389441394805908203e+01,1.389441394805908203e+01,1.299529075622558594e+01,1.284061431884765625e+01
3.290000000000000000e+02,1.884266662597656250e+01,1.884266662597656250e+01,1.787637138366699219e+01,1.747909164428710938e+01,1.392303276062011719e+01,1.392303276062011719e+01,1.296561050415039062e+01,1.261756324768066406e+01,4.982983589172363281e+00,4.982983589172363281e+00,5.065446853637695312e+00,5.138960838317871094e+00,3.898825645446777344e-01,3.898825645446777344e-01,7.187983989715576172e-01,7.759420871734619141e-01,5.029892921447753906e-01,5.029892921447753906e-01,7.542584538459777832e-01,7.193496823310852051e-01,5.136406898498535156e+00,5.136406898498535156e+00,5.307868003845214844e+00,5.243763923645019531e+00,1.383022499084472656e+01,1.383022499084472656e+01,1.308107280731201172e+01,1.288917922973632812e+01
3.300000000000000000e+02,1.883972549438476562e+01,1.883972549438476562e+01,1.790753936767578125e+01,1.740892601013183594e+01,1.390955734252929688e+01,1.390955734252929688e+01,1.298224925994873047e+01,1.261046981811523438e+01,4.956345558166503906e+00,4.956345558166503906e+00,5.030687332153320312e+00,5.151035785675048828e+00,3.959140777587890625e-01,3.959140777587890625e-01,7.298163771629333496e-01,7.761070728302001953e-01,5.015972256660461426e-01,5.015972256660461426e-01,7.552759647369384766e-01,7.333577871322631836e-01,5.141314029693603516e+00,5.141314029693603516e+00,5.314036369323730469e+00,5.243793010711669922e+00,1.384388351440429688e+01,1.384388351440429688e+01,1.305909538269042969e+01,1.288222694396972656e+01
3.310000000000000000e+02,1.884958076477050781e+01,1.884958076477050781e+01,1.790972328186035156e+01,1.737522506713867188e+01,1.389214992523193359e+01,1.389214992523193359e+01,1.302894401550292969e+01,1.261497783660888672e+01,4.969298839569091797e+00,4.969298839569091797e+00,5.027420997619628906e+00,5.138130664825439453e+00,4.003218114376068115e-01,4.003218114376068115e-01,7.358764410018920898e-01,7.729503512382507324e-01,5.023191571235656738e-01,5.023191571235656738e-01,7.501223087310791016e-01,7.218610048294067383e-01,5.138528347015380859e+00,5.138528347015380859e+00,5.283689498901367188e+00,5.233998775482177734e+00,1.388047409057617188e+01,1.388047409057617188e+01,1.306396865844726562e+01,1.291822910308837891e+01
3.320000000000000000e+02,1.883054733276367188e+01,1.883054733276367188e+01,1.786327362060546875e+01,1.744145774841308594e+01,1.387976455688476562e+01,1.387976455688476562e+01,1.302034473419189453e+01,1.266348075866699219e+01,4.936745643615722656e+00,4.936745643615722656e+00,5.048647403717041016e+00,5.113183975219726562e+00,4.067693352699279785e-01,4.067693352699279785e-01,7.432703971862792969e-01,7.794506549835205078e-01,5.013236999511718750e-01,5.013236999511718750e-01,7.510945200920104980e-01,7.243010401725769043e-01,5.125676155090332031e+00,5.125676155090332031e+00,5.272496223449707031e+00,5.227161407470703125e+00,1.385200691223144531e+01,1.385200691223144531e+01,1.303375530242919922e+01,1.285459995269775391e+01
3.330000000000000000e+02,1.879908561706542969e+01,1.879908561706542969e+01,1.792119216918945312e+01,1.739367485046386719e+01,1.393095207214355469e+01,1.393095207214355469e+01,1.297797203063964844e+01,1.264396095275878906e+01,4.934986114501953125e+00,4.934986114501953125e+00,5.020326614379882812e+00,5.130281448364257812e+00,4.176038503646850586e-01,4.176038503646850586e-01,7.560344338417053223e-01,7.765550017356872559e-01,5.048264861106872559e-01,5.048264861106872559e-01,7.622397541999816895e-01,7.277612686157226562e-01,5.126243591308593750e+00,5.126243591308593750e+00,5.275691986083984375e+00,5.229422569274902344e+00,1.382947921752929688e+01,1.382947921752929688e+01,1.304792404174804688e+01,1.287327957153320312e+01
3.340000000000000000e+02,1.881620025634765625e+01,1.881620025634765625e+01,1.789107131958007812e+01,1.737440109252929688e+01,1.393714618682861328e+01,1.393714618682861328e+01,1.299806594848632812e+01,1.257478618621826172e+01,4.947804927825927734e+00,4.947804927825927734e+00,5.022764205932617188e+00,5.111240863800048828e+00,4.247726500034332275e-01,4.247726500034332275e-01,7.685999870300292969e-01,7.823965549468994141e-01,4.963420629501342773e-01,4.963420629501342773e-01,7.550145983695983887e-01,7.314077615737915039e-01,5.128010749816894531e+00,5.128010749816894531e+00,5.251696586608886719e+00,5.248078346252441406e+00,1.384754943847656250e+01,1.384754943847656250e+01,1.303932762145996094e+01,1.287620830535888672e+01
3.350000000000000000e+02,1.876634597778320312e+01,1.876634597778320312e+01,1.795371818542480469e+01,1.739826965332031250e+01,1.393543624877929688e+01,1.393543624877929688e+01,1.299441432952880859e+01,1.261622905731201172e+01,4.920956611633300781e+00,4.920956611633300781e+00,5.017173767089843750e+00,5.118560791015625000e+00,4.292418360710144043e-01,4.292418360710144043e-01,7.700804471969604492e-01,7.887240648269653320e-01,4.976196289062500000e-01,4.976196289062500000e-01,7.603094577789306641e-01,7.316333055496215820e-01,5.115686893463134766e+00,5.115686893463134766e+00,5.261620521545410156e+00,5.229073524475097656e+00,1.389148712158203125e+01,1.389148712158203125e+01,1.302793598175048828e+01,1.285657310485839844e+01
3.360000000000000000e+02,1.880852127075195312e+01,1.880852127075195312e+01,1.788464927673339844e+01,1.740899658203125000e+01,1.392175865173339844e+01,1.392175865173339844e+01,1.301410102844238281e+01,1.266216278076171875e+01,4.922832489013671875e+00,4.922832489013671875e+00,5.017128467559814453e+00,5.121941566467285156e+00,4.401744008064270020e-01,4.401744008064270020e-01,7.761052846908569336e-01,7.879835367202758789e-01,4.993918240070343018e-01,4.993918240070343018e-01,7.691790461540222168e-01,7.291085720062255859e-01,5.110491752624511719e+00,5.110491752624511719e+00,5.239500522613525391e+00,5.235807895660400391e+00,1.389659118652343750e+01,1.389659118652343750e+01,1.303358364105224609e+01,1.282716655731201172e+01
3.370000000000000000e+02,1.876079368591308594e+01,1.876079368591308594e+01,1.784317970275878906e+01,1.739606475830078125e+01,1.390004062652587891e+01,1.390004062652587891e+01,1.298633384704589844e+01,1.262135887145996094e+01,4.912399291992187500e+00,4.912399291992187500e+00,5.028771877288818359e+00,5.101851463317871094e+00,4.481349885463714600e-01,4.481349885463714600e-01,7.833815813064575195e-01,7.869639992713928223e-01,5.012017488479614258e-01,5.012017488479614258e-01,7.608423233032226562e-01,7.301495075225830078e-01,5.098126411437988281e+00,5.098126411437988281e+00,5.249813079833984375e+00,5.206505775451660156e+00,1.385130786895751953e+01,1.385130786895751953e+01,1.307968235015869141e+01,1.287123203277587891e+01
3.380000000000000000e+02,1.880388832092285156e+01,1.880388832092285156e+01,1.785552215576171875e+01,1.743465805053710938e+01,1.391784572601318359e+01,1.391784572601318359e+01,1.299474525451660156e+01,1.264151573181152344e+01,4.914792060852050781e+00,4.914792060852050781e+00,5.024661064147949219e+00,5.087088584899902344e+00,4.528690874576568604e-01,4.528690874576568604e-01,7.941381931304931641e-01,7.966657876968383789e-01,4.938675165176391602e-01,4.938675165176391602e-01,7.592238187789916992e-01,7.229623198509216309e-01,5.089581489562988281e+00,5.089581489562988281e+00,5.253226280212402344e+00,5.185889720916748047e+00,1.392428016662597656e+01,1.392428016662597656e+01,1.307809162139892578e+01,1.285565376281738281e+01
3.390000000000000000e+02,1.879819107055664062e+01,1.879819107055664062e+01,1.789828872680664062e+01,1.734087753295898438e+01,1.390759754180908203e+01,1.390759754180908203e+01,1.303027439117431641e+01,1.266549205780029297e+01,4.896784782409667969e+00,4.896784782409667969e+00,4.992538452148437500e+00,5.088005065917968750e+00,4.590330719947814941e-01,4.590330719947814941e-01,8.143484592437744141e-01,7.897444367408752441e-01,4.938686490058898926e-01,4.938686490058898926e-01,7.650246024131774902e-01,7.264375686645507812e-01,5.089962959289550781e+00,5.089962959289550781e+00,5.250034332275390625e+00,5.201086997985839844e+00,1.380961990356445312e+01,1.380961990356445312e+01,1.306604766845703125e+01,1.290119457244873047e+01
3.400000000000000000e+02,1.881034660339355469e+01,1.881034660339355469e+01,1.793132019042968750e+01,1.732118988037109375e+01,1.393169689178466797e+01,1.393169689178466797e+01,1.300589370727539062e+01,1.263742160797119141e+01,4.894689083099365234e+00,4.894689083099365234e+00,5.011902809143066406e+00,5.080673217773437500e+00,4.676759243011474609e-01,4.676759243011474609e-01,8.105218410491943359e-01,7.935718297958374023e-01,4.944147467613220215e-01,4.944147467613220215e-01,7.685668468475341797e-01,7.256987094879150391e-01,5.069745063781738281e+00,5.069745063781738281e+00,5.205363273620605469e+00,5.206662178039550781e+00,1.386827945709228516e+01,1.386827945709228516e+01,1.306177330017089844e+01,1.286462211608886719e+01
3.410000000000000000e+02,1.875272941589355469e+01,1.875272941589355469e+01,1.788587188720703125e+01,1.728398895263671875e+01,1.390904617309570312e+01,1.390904617309570312e+01,1.300630569458007812e+01,1.261619758605957031e+01,4.904968261718750000e+00,4.904968261718750000e+00,5.034413337707519531e+00,5.061026573181152344e+00,4.755747616291046143e-01,4.755747616291046143e-01,8.240593075752258301e-01,7.946379780769348145e-01,4.886400401592254639e-01,4.886400401592254639e-01,7.699297666549682617e-01,7.300127148628234863e-01,5.098702430725097656e+00,5.098702430725097656e+00,5.206969261169433594e+00,5.203821659088134766e+00,1.385095119476318359e+01,1.385095119476318359e+01,1.311518669128417969e+01,1.283169364929199219e+01
3.420000000000000000e+02,1.876509857177734375e+01,1.876509857177734375e+01,1.781331253051757812e+01,1.738097381591796875e+01,1.390812015533447266e+01,1.390812015533447266e+01,1.300787448883056641e+01,1.262979507446289062e+01,4.886350631713867188e+00,4.886350631713867188e+00,5.007374763488769531e+00,5.039778709411621094e+00,4.793998897075653076e-01,4.793998897075653076e-01,8.317348361015319824e-01,7.944817543029785156e-01,4.900172948837280273e-01,4.900172948837280273e-01,7.694758176803588867e-01,7.146555185317993164e-01,5.047354698181152344e+00,5.047354698181152344e+00,5.207180023193359375e+00,5.182740211486816406e+00,1.388696289062500000e+01,1.388696289062500000e+01,1.307517242431640625e+01,1.284679031372070312e+01
3.430000000000000000e+02,1.875345039367675781e+01,1.875345039367675781e+01,1.778757858276367188e+01,1.732727241516113281e+01,1.390804481506347656e+01,1.390804481506347656e+01,1.299348068237304688e+01,1.260863494873046875e+01,4.878876686096191406e+00,4.878876686096191406e+00,5.026337623596191406e+00,5.053450107574462891e+00,4.837057590484619141e-01,4.837057590484619141e-01,8.446874022483825684e-01,7.960609197616577148e-01,4.811618626117706299e-01,4.811618626117706299e-01,7.659232616424560547e-01,7.215324640274047852e-01,5.043129920959472656e+00,5.043129920959472656e+00,5.206595420837402344e+00,5.162683486938476562e+00,1.388780117034912109e+01,1.388780117034912109e+01,1.306523036956787109e+01,1.289051055908203125e+01
3.440000000000000000e+02,1.876828765869140625e+01,1.876828765869140625e+01,1.786258697509765625e+01,1.739274215698242188e+01,1.391123962402343750e+01,1.391123962402343750e+01,1.299416732788085938e+01,1.265682029724121094e+01,4.863586425781250000e+00,4.863586425781250000e+00,4.989416122436523438e+00,5.052086830139160156e+00,4.915688633918762207e-01,4.915688633918762207e-01,8.533345460891723633e-01,7.925327420234680176e-01,4.819480180740356445e-01,4.819480180740356445e-01,7.671378850936889648e-01,7.182052135467529297e-01,5.029721260070800781e+00,5.029721260070800781e+00,5.180680274963378906e+00,5.177326202392578125e+00,1.383380699157714844e+01,1.383380699157714844e+01,1.309328079223632812e+01,1.284313201904296875e+01
3.450000000000000000e+02,1.872952651977539062e+01,1.872952651977539062e+01,1.782484817504882812e+01,1.736820220947265625e+01,1.388900661468505859e+01,1.388900661468505859e+01,1.297040653228759766e+01,1.259688091278076172e+01,4.873402595520019531e+00,4.873402595520019531e+00,5.016623497009277344e+00,5.034502029418945312e+00,4.981586933135986328e-01,4.981586933135986328e-01,8.578807115554809570e-01,7.968072295188903809e-01,4.734249114990234375e-01,4.734249114990234375e-01,7.627428770065307617e-01,7.190945148468017578e-01,5.026301860809326172e+00,5.026301860809326172e+00,5.175546646118164062e+00,5.152121543884277344e+00,1.384194946289062500e+01,1.384194946289062500e+01,1.309248542785644531e+01,1.283852863311767578e+01
3.460000000000000000e+02,1.873059844970703125e+01,1.873059844970703125e+01,1.785562515258789062e+01,1.740524291992187500e+01,1.386507415771484375e+01,1.386507415771484375e+01,1.297918987274169922e+01,1.258677768707275391e+01,4.854259014129638672e+00,4.854259014129638672e+00,5.013374805450439453e+00,5.044373512268066406e+00,5.026199817657470703e-01,5.026199817657470703e-01,8.651733994483947754e-01,7.924869060516357422e-01,4.728771448135375977e-01,4.728771448135375977e-01,7.694471478462219238e-01,7.218266129493713379e-01,5.004364967346191406e+00,5.004364967346191406e+00,5.177567481994628906e+00,5.168517589569091797e+00,1.384238529205322266e+01,1.384238529205322266e+01,1.307946014404296875e+01,1.287917232513427734e+01
3.470000000000000000e+02,1.872203445434570312e+01,1.872203445434570312e+01,1.786123466491699219e+01,1.736516571044921875e+01,1.385173797607421875e+01,1.385173797607421875e+01,1.296102523803710938e+01,1.262895011901855469e+01,4.851747512817382812e+00,4.851747512817382812e+00,4.984740257263183594e+00,5.038189888000488281e+00,5.080390572547912598e-01,5.080390572547912598e-01,8.728702664375305176e-01,8.002279996871948242e-01,4.677657186985015869e-01,4.677657186985015869e-01,7.640340328216552734e-01,7.230480313301086426e-01,5.003242969512939453e+00,5.003242969512939453e+00,5.161268234252929688e+00,5.165714740753173828e+00,1.387952995300292969e+01,1.387952995300292969e+01,1.312484550476074219e+01,1.281035804748535156e+01
3.480000000000000000e+02,1.875072479248046875e+01,1.875072479248046875e+01,1.784470176696777344e+01,1.740597534179687500e+01,1.382313823699951172e+01,1.382313823699951172e+01,1.294623947143554688e+01,1.259188652038574219e+01,4.870866775512695312e+00,4.870866775512695312e+00,5.019595146179199219e+00,5.024990558624267578e+00,5.176314711570739746e-01,5.176314711570739746e-01,8.869906663894653320e-01,8.044914603233337402e-01,4.670143723487854004e-01,4.670143723487854004e-01,7.618232965469360352e-01,7.148419618606567383e-01,5.012809276580810547e+00,5.012809276580810547e+00,5.159446716308593750e+00,5.184930801391601562e+00,1.385288619995117188e+01,1.385288619995117188e+01,1.311011505126953125e+01,1.290856266021728516e+01
3.490000000000000000e+02,1.877387809753417969e+01,1.877387809753417969e+01,1.786535072326660156e+01,1.739703369140625000e+01,1.386879253387451172e+01,1.386879253387451172e+01,1.297978305816650391e+01,1.259534549713134766e+01,4.854785919189453125e+00,4.854785919189453125e+00,4.996614456176757812e+00,5.040608406066894531e+00,5.232743024826049805e-01,5.232743024826049805e-01,8.906117677688598633e-01,8.019436597824096680e-01,4.653697907924652100e-01,4.653697907924652100e-01,7.701516151428222656e-01,7.173275947570800781e-01,5.002079486846923828e+00,5.002079486846923828e+00,5.126965522766113281e+00,5.162232875823974609e+00,1.384592819213867188e+01,1.384592819213867188e+01,1.311211204528808594e+01,1.284650230407714844e+01
3.500000000000000000e+02,1.873385620117187500e+01,1.873385620117187500e+01,1.779464721679687500e+01,1.735574150085449219e+01,1.381587982177734375e+01,1.381587982177734375e+01,1.294588088989257812e+01,1.255672454833984375e+01,4.866026878356933594e+00,4.866026878356933594e+00,5.008874893188476562e+00,5.008752822875976562e+00,5.278497934341430664e-01,5.278497934341430664e-01,8.986850976943969727e-01,8.120101690292358398e-01,4.606884121894836426e-01,4.606884121894836426e-01,7.689238786697387695e-01,7.161352634429931641e-01,4.997598648071289062e+00,4.997598648071289062e+00,5.136102676391601562e+00,5.120561599731445312e+00,1.386274147033691406e+01,1.386274147033691406e+01,1.310546398162841797e+01,1.287025260925292969e+01
3.510000000000000000e+02,1.876599121093750000e+01,1.876599121093750000e+01,1.785366439819335938e+01,1.736975860595703125e+01,1.383069419860839844e+01,1.383069419860839844e+01,1.294039154052734375e+01,1.252394104003906250e+01,4.853212356567382812e+00,4.853212356567382812e+00,5.015259742736816406e+00,5.011003494262695312e+00,5.281152129173278809e-01,5.281152129173278809e-01,9.052199125289916992e-01,8.032241463661193848e-01,4.531644284725189209e-01,4.531644284725189209e-01,7.713862657546997070e-01,7.179654240608215332e-01,5.000501155853271484e+00,5.000501155853271484e+00,5.147892951965332031e+00,5.148019790649414062e+00,1.383641052246093750e+01,1.383641052246093750e+01,1.311993598937988281e+01,1.287046623229980469e+01
3.520000000000000000e+02,1.869980812072753906e+01,1.869980812072753906e+01,1.780089950561523438e+01,1.733121299743652344e+01,1.380966567993164062e+01,1.380966567993164062e+01,1.292143821716308594e+01,1.252723312377929688e+01,4.865255355834960938e+00,4.865255355834960938e+00,5.031098365783691406e+00,4.983249187469482422e+00,5.248948335647583008e-01,5.248948335647583008e-01,9.060738086700439453e-01,8.151502609252929688e-01,4.556012451648712158e-01,4.556012451648712158e-01,7.787118554115295410e-01,7.161045670509338379e-01,4.993113517761230469e+00,4.993113517761230469e+00,5.139338970184326172e+00,5.145551681518554688e+00,1.384607505798339844e+01,1.384607505798339844e+01,1.313916397094726562e+01,1.289564704895019531e+01
3.530000000000000000e+02,1.869888687133789062e+01,1.869888687133789062e+01,1.784278488159179688e+01,1.733178329467773438e+01,1.384263992309570312e+01,1.384263992309570312e+01,1.288315391540527344e+01,1.254181385040283203e+01,4.852310180664062500e+00,4.852310180664062500e+00,5.059259414672851562e+00,5.008415222167968750e+00,5.389498472213745117e-01,5.389498472213745117e-01,9.199786186218261719e-01,8.194735050201416016e-01,4.485360682010650635e-01,4.485360682010650635e-01,7.764337062835693359e-01,7.174281477928161621e-01,4.973065853118896484e+00,4.973065853118896484e+00,5.118166923522949219e+00,5.162031650543212891e+00,1.386478233337402344e+01,1.386478233337402344e+01,1.311746406555175781e+01,1.285192775726318359e+01
3.540000000000000000e+02,1.871256637573242188e+01,1.871256637573242188e+01,1.783160781860351562e+01,1.733230972290039062e+01,1.383925914764404297e+01,1.383925914764404297e+01,1.288717079162597656e+01,1.253307723999023438e+01,4.840892791748046875e+00,4.840892791748046875e+00,5.020141601562500000e+00,5.000798702239990234e+00,5.407676100730895996e-01,5.407676100730895996e-01,9.261625409126281738e-01,8.169217705726623535e-01,4.480205774307250977e-01,4.480205774307250977e-01,7.772040367126464844e-01,7.196471691131591797e-01,4.967460632324218750e+00,4.967460632324218750e+00,5.123846054077148438e+00,5.171552658081054688e+00,1.384453964233398438e+01,1.384453964233398438e+01,1.316246128082275391e+01,1.288730335235595703e+01
3.550000000000000000e+02,1.872560882568359375e+01,1.872560882568359375e+01,1.781299972534179688e+01,1.729753494262695312e+01,1.383495140075683594e+01,1.383495140075683594e+01,1.289772701263427734e+01,1.252017974853515625e+01,4.865129947662353516e+00,4.865129947662353516e+00,5.057523250579833984e+00,5.001718521118164062e+00,5.396575331687927246e-01,5.396575331687927246e-01,9.298588037490844727e-01,8.151439428329467773e-01,4.490857720375061035e-01,4.490857720375061035e-01,7.801122665405273438e-01,7.251445055007934570e-01,4.992530822753906250e+00,4.992530822753906250e+00,5.145215988159179688e+00,5.177778244018554688e+00,1.388090229034423828e+01,1.388090229034423828e+01,1.313861846923828125e+01,1.287130737304687500e+01
3.560000000000000000e+02,1.866536712646484375e+01,1.866536712646484375e+01,1.778393363952636719e+01,1.732894706726074219e+01,1.383212947845458984e+01,1.383212947845458984e+01,1.291192245483398438e+01,1.255216217041015625e+01,4.866022586822509766e+00,4.866022586822509766e+00,5.060452938079833984e+00,4.994357109069824219e+00,5.379461646080017090e-01,5.379461646080017090e-01,9.260884523391723633e-01,8.186464309692382812e-01,4.538689255714416504e-01,4.538689255714416504e-01,7.827607393264770508e-01,7.338314056396484375e-01,4.990059375762939453e+00,4.990059375762939453e+00,5.131195068359375000e+00,5.178766727447509766e+00,1.389394092559814453e+01,1.389394092559814453e+01,1.319065093994140625e+01,1.286737346649169922e+01
3.570000000000000000e+02,1.866285324096679688e+01,1.866285324096679688e+01,1.776216506958007812e+01,1.732899284362792969e+01,1.376427459716796875e+01,1.376427459716796875e+01,1.285832500457763672e+01,1.249439620971679688e+01,4.860276699066162109e+00,4.860276699066162109e+00,5.052178859710693359e+00,4.983111381530761719e+00,5.318118333816528320e-01,5.318118333816528320e-01,9.335839748382568359e-01,8.234406709671020508e-01,4.517548680305480957e-01,4.517548680305480957e-01,7.974601984024047852e-01,7.387177944183349609e-01,4.994231224060058594e+00,4.994231224060058594e+00,5.121182441711425781e+00,5.182218551635742188e+00,1.386783313751220703e+01,1.386783313751220703e+01,1.316964149475097656e+01,1.287626934051513672e+01
3.580000000000000000e+02,1.865321159362792969e+01,1.865321159362792969e+01,1.780394744873046875e+01,1.729185104370117188e+01,1.377568435668945312e+01,1.377568435668945312e+01,1.288529586791992188e+01,1.249300575256347656e+01,4.863455772399902344e+00,4.863455772399902344e+00,5.068782806396484375e+00,4.998699188232421875e+00,5.363511443138122559e-01,5.363511443138122559e-01,9.420254230499267578e-01,8.207695484161376953e-01,4.529891610145568848e-01,4.529891610145568848e-01,7.937955856323242188e-01,7.381033897399902344e-01,4.986637115478515625e+00,4.986637115478515625e+00,5.135908603668212891e+00,5.158293724060058594e+00,1.388671112060546875e+01,1.388671112060546875e+01,1.316964340209960938e+01,1.287751579284667969e+01
3.590000000000000000e+02,1.861565589904785156e+01,1.861565589904785156e+01,1.778104782104492188e+01,1.723605155944824219e+01,1.374756240844726562e+01,1.374756240844726562e+01,1.285898780822753906e+01,1.250470066070556641e+01,4.861650466918945312e+00,4.861650466918945312e+00,5.056355476379394531e+00,4.989540576934814453e+00,5.321571230888366699e-01,5.321571230888366699e-01,9.366772174835205078e-01,8.194754123687744141e-01,4.534169435501098633e-01,4.534169435501098633e-01,7.986263036727905273e-01,7.509201765060424805e-01,4.989796638488769531e+00,4.989796638488769531e+00,5.117906570434570312e+00,5.197358131408691406e+00,1.390719795227050781e+01,1.390719795227050781e+01,1.314158725738525391e+01,1.285454654693603516e+01
