0.000000000000000000e+00,3.149649143218994141e+00,3.149649143218994141e+00,2.888088941574096680e+00,3.027110815048217773e+00,1.990792393684387207e+00,1.990792393684387207e+00,1.766507029533386230e+00,1.866118431091308594e+00,4.734248518943786621e-01,4.734248518943786621e-01,6.278714537620544434e-01,3.076160550117492676e-01,9.328168630599975586e-02,9.328168630599975586e-02,2.431453466415405273e-01,4.036730900406837463e-02,1.129676308482885361e-02,1.129676308482885361e-02,9.959399700164794922e-03,5.663520097732543945e-02,8.242488503456115723e-01,8.242488503456115723e-01,5.611587166786193848e-01,1.008002161979675293e+00,2.567947626113891602e+00,2.567947626113891602e+00,2.230898618698120117e+00,2.563146352767944336e+00
1.000000000000000000e+00,3.128694295883178711e+00,3.128694295883178711e+00,2.881963253021240234e+00,3.008642673492431641e+00,1.960815310478210449e+00,1.960815310478210449e+00,1.712184309959411621e+00,1.829367876052856445e+00,4.741121828556060791e-01,4.741121828556060791e-01,6.343882083892822266e-01,2.967035174369812012e-01,9.468971937894821167e-02,9.468971937894821167e-02,2.474451065063476562e-01,4.074046388268470764e-02,1.327450200915336609e-02,1.327450200915336609e-02,1.020700018852949142e-02,6.086257472634315491e-02,8.570060729980468750e-01,8.570060729980468750e-01,5.891121029853820801e-01,1.036746740341186523e+00,2.583666801452636719e+00,2.583666801452636719e+00,2.250795841217041016e+00,2.571933507919311523e+00
2.000000000000000000e+00,3.122985839843750000e+00,3.122985839843750000e+00,2.875055313110351562e+00,2.987850666046142578e+00,1.930250406265258789e+00,1.930250406265258789e+00,1.734401583671569824e+00,1.793361902236938477e+00,4.733389914035797119e-01,4.733389914035797119e-01,6.398565769195556641e-01,2.753165960311889648e-01,9.574403613805770874e-02,9.574403613805770874e-02,2.495375573635101318e-01,4.053378850221633911e-02,1.512844860553741455e-02,1.512844860553741455e-02,1.049859728664159775e-02,6.481321156024932861e-02,8.886833190917968750e-01,8.886833190917968750e-01,6.189362406730651855e-01,1.064993500709533691e+00,2.597393035888671875e+00,2.597393035888671875e+00,2.269645214080810547e+00,2.578779458999633789e+00
3.000000000000000000e+00,3.091431140899658203e+00,3.091431140899658203e+00,2.868493795394897461e+00,2.965724468231201172e+00,1.899134278297424316e+00,1.899134278297424316e+00,1.710455656051635742e+00,1.752951860427856445e+00,4.724125266075134277e-01,4.724125266075134277e-01,6.438978314399719238e-01,2.793295681476593018e-01,9.633377939462661743e-02,9.633377939462661743e-02,2.539384961128234863e-01,3.996220976114273071e-02,1.685539260506629944e-02,1.685539260506629944e-02,1.071155443787574768e-02,6.854754686355590820e-02,9.116607308387756348e-01,9.116607308387756348e-01,6.492267847061157227e-01,1.092135548591613770e+00,2.609608650207519531e+00,2.609608650207519531e+00,2.285923004150390625e+00,2.584639549255371094e+00
4.000000000000000000e+00,3.091927051544189453e+00,3.091927051544189453e+00,2.854435920715332031e+00,2.942222118377685547e+00,1.866999268531799316e+00,1.866999268531799316e+00,1.698042631149291992e+00,1.718823671340942383e+00,4.711665213108062744e-01,4.711665213108062744e-01,6.525126099586486816e-01,2.729265391826629639e-01,9.658486396074295044e-02,9.658486396074295044e-02,2.569876015186309814e-01,3.669938445091247559e-02,1.845815405249595642e-02,1.845815405249595642e-02,1.092330273240804672e-02,7.233797758817672729e-02,9.484310746192932129e-01,9.484310746192932129e-01,6.786223649978637695e-01,1.117659807205200195e+00,2.619494438171386719e+00,2.619494438171386719e+00,2.302342653274536133e+00,2.590184211730957031e+00
5.000000000000000000e+00,3.071424007415771484e+00,3.071424007415771484e+00,2.850160598754882812e+00,2.918368101119995117e+00,1.835401654243469238e+00,1.835401654243469238e+00,1.679456710815429688e+00,1.680921792984008789e+00,4.695060849189758301e-01,4.695060849189758301e-01,6.588240265846252441e-01,2.675332427024841309e-01,9.420001506805419922e-02,9.420001506805419922e-02,2.593509554862976074e-01,3.834997862577438354e-02,1.992515474557876587e-02,1.992515474557876587e-02,1.141455303877592087e-02,7.578648626804351807e-02,9.771973490715026855e-01,9.771973490715026855e-01,7.080549001693725586e-01,1.143957853317260742e+00,2.626635789871215820e+00,2.626635789871215820e+00,2.318640708923339844e+00,2.593214511871337891e+00
6.000000000000000000e+00,3.054016828536987305e+00,3.054016828536987305e+00,2.839626550674438477e+00,2.893096208572387695e+00,1.802862644195556641e+00,1.802862644195556641e+00,1.661343812942504883e+00,1.643528223037719727e+00,4.672329425811767578e-01,4.672329425811767578e-01,6.650956273078918457e-01,2.624781727790832520e-01,9.561017155647277832e-02,9.561017155647277832e-02,2.613062262535095215e-01,3.753349930047988892e-02,2.125848829746246338e-02,2.125848829746246338e-02,1.230012625455856323e-02,7.984948158264160156e-02,1.004350900650024414e+00,1.004350900650024414e+00,7.379093766212463379e-01,1.169298529624938965e+00,2.636750698089599609e+00,2.636750698089599609e+00,2.332356452941894531e+00,2.594823360443115234e+00
7.000000000000000000e+00,3.031928777694702148e+00,3.031928777694702148e+00,2.827781677246093750e+00,2.867877960205078125e+00,1.769927263259887695e+00,1.769927263259887695e+00,1.643242597579956055e+00,1.605748534202575684e+00,4.641494154930114746e-01,4.641494154930114746e-01,6.707468032836914062e-01,2.567860782146453857e-01,9.440365433692932129e-02,9.440365433692932129e-02,2.627530694007873535e-01,3.711088746786117554e-02,2.246061526238918304e-02,2.246061526238918304e-02,1.317717507481575012e-02,8.406326919794082642e-02,1.030282855033874512e+00,1.030282855033874512e+00,7.454495429992675781e-01,1.193128943443298340e+00,2.642302513122558594e+00,2.642302513122558594e+00,2.345038414001464844e+00,2.594765424728393555e+00
8.000000000000000000e+00,3.017115592956542969e+00,3.017115592956542969e+00,2.815320491790771484e+00,2.841155767440795898e+00,1.737302660942077637e+00,1.737302660942077637e+00,1.626374959945678711e+00,1.567778944969177246e+00,4.616867303848266602e-01,4.616867303848266602e-01,6.758446097373962402e-01,2.508548498153686523e-01,9.289766103029251099e-02,9.289766103029251099e-02,2.636792361736297607e-01,3.651056811213493347e-02,2.420085296034812927e-02,2.420085296034812927e-02,1.403158530592918396e-02,8.756031841039657593e-02,1.056165933609008789e+00,1.056165933609008789e+00,7.953242659568786621e-01,1.217096567153930664e+00,2.646640539169311523e+00,2.646640539169311523e+00,2.356364727020263672e+00,2.568435668945312500e+00
9.000000000000000000e+00,2.995871067047119141e+00,2.995871067047119141e+00,2.800770521163940430e+00,2.813106060028076172e+00,1.704461336135864258e+00,1.704461336135864258e+00,1.589565396308898926e+00,1.529383063316345215e+00,4.598557651042938232e-01,4.598557651042938232e-01,6.797270774841308594e-01,2.450927346944808960e-01,8.643260598182678223e-02,8.643260598182678223e-02,2.645699679851531982e-01,3.611879423260688782e-02,2.632326632738113403e-02,2.632326632738113403e-02,1.496371254324913025e-02,9.413835406303405762e-02,1.081906318664550781e+00,1.081906318664550781e+00,8.235731124877929688e-01,1.239173889160156250e+00,2.647215604782104492e+00,2.647215604782104492e+00,2.367528915405273438e+00,2.590866804122924805e+00
1.000000000000000000e+01,2.973684787750244141e+00,2.973684787750244141e+00,2.787927150726318359e+00,2.784725666046142578e+00,1.672690987586975098e+00,1.672690987586975098e+00,1.594061851501464844e+00,1.491627812385559082e+00,4.613962173461914062e-01,4.613962173461914062e-01,6.850699186325073242e-01,2.370855808258056641e-01,8.817008882761001587e-02,8.817008882761001587e-02,2.656120359897613525e-01,3.404635190963745117e-02,2.864876389503479004e-02,2.864876389503479004e-02,1.624462194740772247e-02,1.011659353971481323e-01,1.110083580017089844e+00,1.110083580017089844e+00,8.511527180671691895e-01,1.258743643760681152e+00,2.646345138549804688e+00,2.646345138549804688e+00,2.377748489379882812e+00,2.587543010711669922e+00
1.100000000000000000e+01,2.950553894042968750e+00,2.950553894042968750e+00,2.772718429565429688e+00,2.754956245422363281e+00,1.640115976333618164e+00,1.640115976333618164e+00,1.577644467353820801e+00,1.453493952751159668e+00,4.617449045181274414e-01,4.617449045181274414e-01,6.890886425971984863e-01,2.332325428724288940e-01,8.616328984498977661e-02,8.616328984498977661e-02,2.664624750614166260e-01,3.529961407184600830e-02,3.063999116420745850e-02,3.063999116420745850e-02,1.832222379744052887e-02,1.080149859189987183e-01,1.129912018775939941e+00,1.129912018775939941e+00,8.774030208587646484e-01,1.279870629310607910e+00,2.648913383483886719e+00,2.648913383483886719e+00,2.386519432067871094e+00,2.582207918167114258e+00
1.200000000000000000e+01,2.925377607345581055e+00,2.925377607345581055e+00,2.757040500640869141e+00,2.706097126007080078e+00,1.610148072242736816e+00,1.610148072242736816e+00,1.561069130897521973e+00,1.416841745376586914e+00,4.644371271133422852e-01,4.644371271133422852e-01,6.949297785758972168e-01,2.312204539775848389e-01,8.468702435493469238e-02,8.468702435493469238e-02,2.676312923431396484e-01,3.523613139986991882e-02,3.441983461380004883e-02,3.441983461380004883e-02,2.039234712719917297e-02,1.146974712610244751e-01,1.163531303405761719e+00,1.163531303405761719e+00,9.039693474769592285e-01,1.299530506134033203e+00,2.648103237152099609e+00,2.648103237152099609e+00,2.394125223159790039e+00,2.575140714645385742e+00
1.300000000000000000e+01,2.901032447814941406e+00,2.901032447814941406e+00,2.740715980529785156e+00,2.693238496780395508e+00,1.580878734588623047e+00,1.580878734588623047e+00,1.547061443328857422e+00,1.381398677825927734e+00,4.685086011886596680e-01,4.685086011886596680e-01,7.007381319999694824e-01,2.282543927431106567e-01,8.411501348018646240e-02,8.411501348018646240e-02,2.690069973468780518e-01,3.588049858808517456e-02,3.860156238079071045e-02,3.860156238079071045e-02,2.233064174652099609e-02,1.211643591523170471e-01,1.189264655113220215e+00,1.189264655113220215e+00,9.267623424530029297e-01,1.317810654640197754e+00,2.645541191101074219e+00,2.645541191101074219e+00,2.400549888610839844e+00,2.566906929016113281e+00
1.400000000000000000e+01,2.876320838928222656e+00,2.876320838928222656e+00,2.723630666732788086e+00,2.661880970001220703e+00,1.551301479339599609e+00,1.551301479339599609e+00,1.534447431564331055e+00,1.344869256019592285e+00,4.711588025093078613e-01,4.711588025093078613e-01,7.068332433700561523e-01,2.254268229007720947e-01,8.338332176208496094e-02,8.338332176208496094e-02,2.699579894542694092e-01,3.637196868658065796e-02,4.243597760796546936e-02,4.243597760796546936e-02,2.433285862207412720e-02,1.283448785543441772e-01,1.213533282279968262e+00,1.213533282279968262e+00,9.536374807357788086e-01,1.336039662361145020e+00,2.642270326614379883e+00,2.642270326614379883e+00,2.405728340148925781e+00,2.553526401519775391e+00
1.500000000000000000e+01,2.844294786453247070e+00,2.844294786453247070e+00,2.705839872360229492e+00,2.630585908889770508e+00,1.521707415580749512e+00,1.521707415580749512e+00,1.521836519241333008e+00,1.309490084648132324e+00,4.729397296905517578e-01,4.729397296905517578e-01,7.128203511238098145e-01,2.228869348764419556e-01,8.171863108873367310e-02,8.171863108873367310e-02,2.701067626476287842e-01,3.704184293746948242e-02,4.603841528296470642e-02,4.603841528296470642e-02,2.659573033452033997e-02,1.376672834157943726e-01,1.234633088111877441e+00,1.234633088111877441e+00,9.776109457015991211e-01,1.352787375450134277e+00,2.636554956436157227e+00,2.636554956436157227e+00,2.410232067108154297e+00,2.545432329177856445e+00
1.600000000000000000e+01,2.823092699050903320e+00,2.823092699050903320e+00,2.688462257385253906e+00,2.599176406860351562e+00,1.494911551475524902e+00,1.494911551475524902e+00,1.512210130691528320e+00,1.275722503662109375e+00,4.795674681663513184e-01,4.795674681663513184e-01,7.224063277244567871e-01,2.237520068883895874e-01,8.245682716369628906e-02,8.245682716369628906e-02,2.730465531349182129e-01,3.940219059586524963e-02,4.937827587127685547e-02,4.937827587127685547e-02,2.866768278181552887e-02,1.467029750347137451e-01,1.258340358734130859e+00,1.258340358734130859e+00,1.000655889511108398e+00,1.367824912071228027e+00,2.628722667694091797e+00,2.628722667694091797e+00,2.413625955581665039e+00,2.532277584075927734e+00
1.700000000000000000e+01,2.795686721801757812e+00,2.795686721801757812e+00,2.669238328933715820e+00,2.567200422286987305e+00,1.468249559402465820e+00,1.468249559402465820e+00,1.480743169784545898e+00,1.239688038825988770e+00,4.852267801761627197e-01,4.852267801761627197e-01,7.314284443855285645e-01,2.232569754123687744e-01,8.255755901336669922e-02,8.255755901336669922e-02,2.739675939083099365e-01,4.169332236051559448e-02,5.248523503541946411e-02,5.248523503541946411e-02,3.070876002311706543e-02,1.552864611148834229e-01,1.278824090957641602e+00,1.278824090957641602e+00,1.022955894470214844e+00,1.381017684936523438e+00,2.620777606964111328e+00,2.620777606964111328e+00,2.416105031967163086e+00,2.517265558242797852e+00
1.800000000000000000e+01,2.767227888107299805e+00,2.767227888107299805e+00,2.651950836181640625e+00,2.534469127655029297e+00,1.437561392784118652e+00,1.437561392784118652e+00,1.491791129112243652e+00,1.208218336105346680e+00,4.898552000522613525e-01,4.898552000522613525e-01,7.396251559257507324e-01,2.243584990501403809e-01,8.245158940553665161e-02,8.245158940553665161e-02,2.767777442932128906e-01,4.368207231163978577e-02,5.494263768196105957e-02,5.494263768196105957e-02,3.249910101294517517e-02,1.633291840553283691e-01,1.297080397605895996e+00,1.297080397605895996e+00,1.044261455535888672e+00,1.394631624221801758e+00,2.610617399215698242e+00,2.610617399215698242e+00,2.417248725891113281e+00,2.501654386520385742e+00
1.900000000000000000e+01,2.739337444305419922e+00,2.739337444305419922e+00,2.632937669754028320e+00,2.501461982727050781e+00,1.421484589576721191e+00,1.421484589576721191e+00,1.481127738952636719e+00,1.174044370651245117e+00,4.949064850807189941e-01,4.949064850807189941e-01,7.477269768714904785e-01,2.241597622632980347e-01,8.196628093719482422e-02,8.196628093719482422e-02,2.781395018100738525e-01,4.553266242146492004e-02,6.433270871639251709e-02,6.433270871639251709e-02,3.413610160350799561e-02,1.707542240619659424e-01,1.314655900001525879e+00,1.314655900001525879e+00,1.062675118446350098e+00,1.405627369880676270e+00,2.599182844161987305e+00,2.599182844161987305e+00,2.417263746261596680e+00,2.484220027923583984e+00
2.000000000000000000e+01,2.710473299026489258e+00,2.710473299026489258e+00,2.613523960113525391e+00,2.467823505401611328e+00,1.401276588439941406e+00,1.401276588439941406e+00,1.473444581031799316e+00,1.142751693725585938e+00,4.988531470298767090e-01,4.988531470298767090e-01,7.550255060195922852e-01,2.245377600193023682e-01,8.100217580795288086e-02,8.100217580795288086e-02,2.788700461387634277e-01,4.706074297428131104e-02,7.291217148303985596e-02,7.291217148303985596e-02,3.589946776628494263e-02,1.785258948802947998e-01,1.330004215240478516e+00,1.330004215240478516e+00,1.083724737167358398e+00,1.415308952331542969e+00,2.586213350296020508e+00,2.586213350296020508e+00,2.416125535964965820e+00,2.459795951843261719e+00
2.100000000000000000e+01,2.681045532226562500e+00,2.681045532226562500e+00,2.593629360198974609e+00,2.433691740036010742e+00,1.380952358245849609e+00,1.380952358245849609e+00,1.465081930160522461e+00,1.110539674758911133e+00,5.024448037147521973e-01,5.024448037147521973e-01,7.620373368263244629e-01,2.262014001607894897e-01,7.947432994842529297e-02,7.947432994842529297e-02,2.788087427616119385e-01,4.859165474772453308e-02,8.089038729667663574e-02,8.089038729667663574e-02,3.825843334197998047e-02,1.879585534334182739e-01,1.344946146011352539e+00,1.344946146011352539e+00,1.102109909057617188e+00,1.424421072006225586e+00,2.571521997451782227e+00,2.571521997451782227e+00,2.413837671279907227e+00,2.404615640640258789e+00
2.200000000000000000e+01,2.651682376861572266e+00,2.651682376861572266e+00,2.573320865631103516e+00,2.399130821228027344e+00,1.360536932945251465e+00,1.360536932945251465e+00,1.460196137428283691e+00,1.078727722167968750e+00,5.052663087844848633e-01,5.052663087844848633e-01,7.689974308013916016e-01,2.280453890562057495e-01,7.732193171977996826e-02,7.732193171977996826e-02,2.782207131385803223e-01,4.997826367616653442e-02,8.830030262470245361e-02,8.830030262470245361e-02,4.040755704045295715e-02,1.965675354003906250e-01,1.357742667198181152e+00,1.357742667198181152e+00,1.119655728340148926e+00,1.431681394577026367e+00,2.555507183074951172e+00,2.555507183074951172e+00,2.410010337829589844e+00,2.422959327697753906e+00
2.300000000000000000e+01,2.621439456939697266e+00,2.621439456939697266e+00,2.553132057189941406e+00,2.365277767181396484e+00,1.343070507049560547e+00,1.343070507049560547e+00,1.455847620964050293e+00,1.051728248596191406e+00,5.102373361587524414e-01,5.102373361587524414e-01,7.768390774726867676e-01,2.325605154037475586e-01,7.770148664712905884e-02,7.770148664712905884e-02,2.783182859420776367e-01,5.356446281075477600e-02,9.739777445793151855e-02,9.739777445793151855e-02,4.425043985247612000e-02,2.074167281389236450e-01,1.369123697280883789e+00,1.369123697280883789e+00,1.137220144271850586e+00,1.437633752822875977e+00,2.493951797485351562e+00,2.493951797485351562e+00,2.405766010284423828e+00,2.399907112121582031e+00
2.400000000000000000e+01,2.591753959655761719e+00,2.591753959655761719e+00,2.533166408538818359e+00,2.332116365432739258e+00,1.331261157989501953e+00,1.331261157989501953e+00,1.452635645866394043e+00,1.027785539627075195e+00,5.174098610877990723e-01,5.174098610877990723e-01,7.855793237686157227e-01,2.396999001502990723e-01,7.949134707450866699e-02,7.949134707450866699e-02,2.789143919944763184e-01,5.916570127010345459e-02,1.081134527921676636e-01,1.081134527921676636e-01,4.952498525381088257e-02,2.179503738880157471e-01,1.379347443580627441e+00,1.379347443580627441e+00,1.153852701187133789e+00,1.442846417427062988e+00,2.521736621856689453e+00,2.521736621856689453e+00,2.400297403335571289e+00,2.375737905502319336e+00
2.500000000000000000e+01,2.559179782867431641e+00,2.559179782867431641e+00,2.512887239456176758e+00,2.297660827636718750e+00,1.318147540092468262e+00,1.318147540092468262e+00,1.450331687927246094e+00,1.005510330200195312e+00,5.238544940948486328e-01,5.238544940948486328e-01,7.947820425033569336e-01,2.467329502105712891e-01,8.088988810777664185e-02,8.088988810777664185e-02,2.792233526706695557e-01,6.462374329566955566e-02,1.178642809391021729e-01,1.178642809391021729e-01,5.506506934762001038e-02,2.233216166496276855e-01,1.387455105781555176e+00,1.387455105781555176e+00,1.169058084487915039e+00,1.444757819175720215e+00,2.503284215927124023e+00,2.503284215927124023e+00,2.394838333129882812e+00,2.352929830551147461e+00
2.600000000000000000e+01,2.531453609466552734e+00,2.531453609466552734e+00,2.492428302764892578e+00,2.265193462371826172e+00,1.305666804313659668e+00,1.305666804313659668e+00,1.449305772781372070e+00,9.852370023727416992e-01,5.298070907592773438e-01,5.298070907592773438e-01,8.031167984008789062e-01,2.535166144371032715e-01,8.183426409959793091e-02,8.183426409959793091e-02,2.799378633499145508e-01,6.808910518884658813e-02,1.272595971822738647e-01,1.272595971822738647e-01,6.205287575721740723e-02,2.372176349163055420e-01,1.394130349159240723e+00,1.394130349159240723e+00,1.183349609375000000e+00,1.446669697761535645e+00,2.483554363250732422e+00,2.483554363250732422e+00,2.387748241424560547e+00,2.328080654144287109e+00
2.700000000000000000e+01,2.501262903213500977e+00,2.501262903213500977e+00,2.471741914749145508e+00,2.231400012969970703e+00,1.292869210243225098e+00,1.292869210243225098e+00,1.447119474411010742e+00,9.666939973831176758e-01,5.342516899108886719e-01,5.342516899108886719e-01,8.107851147651672363e-01,2.599644958972930908e-01,8.211502432823181152e-02,8.211502432823181152e-02,2.806808948516845703e-01,7.508008182048797607e-02,1.356970667839050293e-01,1.356970667839050293e-01,7.003087550401687622e-02,2.502926886081695557e-01,1.399110555648803711e+00,1.399110555648803711e+00,1.196728110313415527e+00,1.449496507644653320e+00,2.462397575378417969e+00,2.462397575378417969e+00,2.379755020141601562e+00,2.302099704742431641e+00
2.800000000000000000e+01,2.468679428100585938e+00,2.468679428100585938e+00,2.436451435089111328e+00,2.194422245025634766e+00,1.280236482620239258e+00,1.280236482620239258e+00,1.445556402206420898e+00,9.480488896369934082e-01,5.409590005874633789e-01,5.409590005874633789e-01,8.185303211212158203e-01,2.661330401897430420e-01,8.212045580148696899e-02,8.212045580148696899e-02,2.812106013298034668e-01,8.016577363014221191e-02,1.435660123825073242e-01,1.435660123825073242e-01,7.818415760993957520e-02,2.612897455692291260e-01,1.404492497444152832e+00,1.404492497444152832e+00,1.208134770393371582e+00,1.449196696281433105e+00,2.439962625503540039e+00,2.439962625503540039e+00,2.371165513992309570e+00,2.272153139114379883e+00
2.900000000000000000e+01,2.440412998199462891e+00,2.440412998199462891e+00,2.429746627807617188e+00,2.164081573486328125e+00,1.267382740974426270e+00,1.267382740974426270e+00,1.446788430213928223e+00,9.207496643066406250e-01,5.457259416580200195e-01,5.457259416580200195e-01,8.257967233657836914e-01,2.722010612487792969e-01,8.150811493396759033e-02,8.150811493396759033e-02,2.812170684337615967e-01,8.495755493640899658e-02,1.506506800651550293e-01,1.506506800651550293e-01,8.697816729545593262e-02,2.712843418121337891e-01,1.407008528709411621e+00,1.407008528709411621e+00,1.219684362411499023e+00,1.446682333946228027e+00,2.416632652282714844e+00,2.416632652282714844e+00,2.361536264419555664e+00,2.246697425842285156e+00
3.000000000000000000e+01,2.410952329635620117e+00,2.410952329635620117e+00,2.408550500869750977e+00,2.130465030670166016e+00,1.254995346069335938e+00,1.254995346069335938e+00,1.445280551910400391e+00,9.155828356742858887e-01,5.507590174674987793e-01,5.507590174674987793e-01,8.317669034004211426e-01,2.777014076709747314e-01,8.031263947486877441e-02,8.031263947486877441e-02,2.806666493415832520e-01,8.949947357177734375e-02,1.569540351629257202e-01,1.569540351629257202e-01,9.545017778873443604e-02,2.803354263305664062e-01,1.408860683441162109e+00,1.408860683441162109e+00,1.227803707122802734e+00,1.443082213401794434e+00,2.391677856445312500e+00,2.391677856445312500e+00,2.351049661636352539e+00,2.218627929687500000e+00
3.100000000000000000e+01,2.380971193313598633e+00,2.380971193313598633e+00,2.387233495712280273e+00,2.096876621246337891e+00,1.242242097854614258e+00,1.242242097854614258e+00,1.443848133087158203e+00,8.998184204101562500e-01,5.531255602836608887e-01,5.531255602836608887e-01,8.376253247261047363e-01,2.826960086822509766e-01,8.225196599960327148e-02,8.225196599960327148e-02,2.796933650970458984e-01,9.370184689760208130e-02,1.597016304731369019e-01,1.597016304731369019e-01,1.033387482166290283e-01,2.883174717426300049e-01,1.406535625457763672e+00,1.406535625457763672e+00,1.236903786659240723e+00,1.437857985496520996e+00,2.369622945785522461e+00,2.369622945785522461e+00,2.339609861373901367e+00,2.189858436584472656e+00
3.200000000000000000e+01,2.351248502731323242e+00,2.351248502731323242e+00,2.366201639175415039e+00,2.063333988189697266e+00,1.231745243072509766e+00,1.231745243072509766e+00,1.443444848060607910e+00,8.841112852096557617e-01,5.570808053016662598e-01,5.570808053016662598e-01,8.426341414451599121e-01,2.866682708263397217e-01,8.366092294454574585e-02,8.366092294454574585e-02,2.763412594795227051e-01,9.731975942850112915e-02,1.689984649419784546e-01,1.689984649419784546e-01,1.105249300599098206e-01,2.955679893493652344e-01,1.405162811279296875e+00,1.405162811279296875e+00,1.242697238922119141e+00,1.430993318557739258e+00,2.346224546432495117e+00,2.346224546432495117e+00,2.327322721481323242e+00,2.160649776458740234e+00
3.300000000000000000e+01,2.321764230728149414e+00,2.321764230728149414e+00,2.344913482666015625e+00,2.029914855957031250e+00,1.219303727149963379e+00,1.219303727149963379e+00,1.444239616394042969e+00,8.717643022537231445e-01,5.595784187316894531e-01,5.595784187316894531e-01,8.471575975418090820e-01,2.880925536155700684e-01,8.466923981904983521e-02,8.466923981904983521e-02,2.784179747104644775e-01,1.014975234866142273e-01,1.737556308507919312e-01,1.737556308507919312e-01,1.185900792479515076e-01,3.037020266056060791e-01,1.401128053665161133e+00,1.401128053665161133e+00,1.248638510704040527e+00,1.423666238784790039e+00,2.321856498718261719e+00,2.321856498718261719e+00,2.314255475997924805e+00,2.130357027053833008e+00
3.400000000000000000e+01,2.291725397109985352e+00,2.291725397109985352e+00,2.323742866516113281e+00,1.996824741363525391e+00,1.209662079811096191e+00,1.209662079811096191e+00,1.446765661239624023e+00,8.582206964492797852e-01,5.625906586647033691e-01,5.625906586647033691e-01,8.515296578407287598e-01,2.957998812198638916e-01,8.583489060401916504e-02,8.583489060401916504e-02,2.771621346473693848e-01,1.044843643903732300e-01,1.785923242568969727e-01,1.785923242568969727e-01,1.259229630231857300e-01,3.137433826923370361e-01,1.397167325019836426e+00,1.397167325019836426e+00,1.251450300216674805e+00,1.415125727653503418e+00,2.296775341033935547e+00,2.296775341033935547e+00,2.296986103057861328e+00,2.099280357360839844e+00
3.500000000000000000e+01,2.263128757476806641e+00,2.263128757476806641e+00,2.302693605422973633e+00,1.964407444000244141e+00,1.202054619789123535e+00,1.202054619789123535e+00,1.450807094573974609e+00,8.482750058174133301e-01,5.668873190879821777e-01,5.668873190879821777e-01,8.559314608573913574e-01,2.977784872055053711e-01,8.865553885698318481e-02,8.865553885698318481e-02,2.765522897243499756e-01,1.095855012536048889e-01,1.853158324956893921e-01,1.853158324956893921e-01,1.339178532361984253e-01,3.235974609851837158e-01,1.392067432403564453e+00,1.392067432403564453e+00,1.254819393157958984e+00,1.404259324073791504e+00,2.272667646408081055e+00,2.272667646408081055e+00,2.285699844360351562e+00,2.054911851882934570e+00
3.600000000000000000e+01,2.234232902526855469e+00,2.234232902526855469e+00,2.281884431838989258e+00,1.932247281074523926e+00,1.195321321487426758e+00,1.195321321487426758e+00,1.447078704833984375e+00,8.380361199378967285e-01,5.694990158081054688e-01,5.694990158081054688e-01,8.596417903900146484e-01,3.053079545497894287e-01,9.103718400001525879e-02,9.103718400001525879e-02,2.756975889205932617e-01,1.128927767276763916e-01,1.910840719938278198e-01,1.910840719938278198e-01,1.413371562957763672e-01,3.331505954265594482e-01,1.384502410888671875e+00,1.384502410888671875e+00,1.256010293960571289e+00,1.392498254776000977e+00,2.247540950775146484e+00,2.247540950775146484e+00,2.268975496292114258e+00,2.034936904907226562e+00
3.700000000000000000e+01,2.206756353378295898e+00,2.206756353378295898e+00,2.261185407638549805e+00,1.900292754173278809e+00,1.195837140083312988e+00,1.195837140083312988e+00,1.458280324935913086e+00,8.281491994857788086e-01,5.724269151687622070e-01,5.724269151687622070e-01,8.625783324241638184e-01,3.095354735851287842e-01,9.328281134366989136e-02,9.328281134366989136e-02,2.741170823574066162e-01,1.162015423178672791e-01,2.035394012928009033e-01,2.035394012928009033e-01,1.479929536581039429e-01,3.412670493125915527e-01,1.375919342041015625e+00,1.375919342041015625e+00,1.255923748016357422e+00,1.379454374313354492e+00,2.160118103027343750e+00,2.160118103027343750e+00,2.254342794418334961e+00,2.001410484313964844e+00
3.800000000000000000e+01,2.178923606872558594e+00,2.178923606872558594e+00,2.240734815597534180e+00,1.869329571723937988e+00,1.197903275489807129e+00,1.197903275489807129e+00,1.461358904838562012e+00,8.183313608169555664e-01,5.746061205863952637e-01,5.746061205863952637e-01,8.652136921882629395e-01,3.160690665245056152e-01,9.513387084007263184e-02,9.513387084007263184e-02,2.723196148872375488e-01,1.224519461393356323e-01,2.170097678899765015e-01,2.170097678899765015e-01,1.541373282670974731e-01,3.484618663787841797e-01,1.365767002105712891e+00,1.365767002105712891e+00,1.253799319267272949e+00,1.365242242813110352e+00,2.195417642593383789e+00,2.195417642593383789e+00,2.238090991973876953e+00,1.963855147361755371e+00
3.900000000000000000e+01,2.151120185852050781e+00,2.151120185852050781e+00,2.220436573028564453e+00,1.838290333747863770e+00,1.201961278915405273e+00,1.201961278915405273e+00,1.464230895042419434e+00,8.086394071578979492e-01,5.764241218566894531e-01,5.764241218566894531e-01,8.674233555793762207e-01,3.218056559562683105e-01,9.658799320459365845e-02,9.658799320459365845e-02,2.704813182353973389e-01,1.267114579677581787e-01,2.315737009048461914e-01,2.315737009048461914e-01,1.597756892442703247e-01,3.543923497200012207e-01,1.344151139259338379e+00,1.344151139259338379e+00,1.251615047454833984e+00,1.349861383438110352e+00,2.168258666992187500e+00,2.168258666992187500e+00,2.221591711044311523e+00,1.932038664817810059e+00
4.000000000000000000e+01,2.122318744659423828e+00,2.122318744659423828e+00,2.200304746627807617e+00,1.807891368865966797e+00,1.206468939781188965e+00,1.206468939781188965e+00,1.466623306274414062e+00,7.990651130676269531e-01,5.775101780891418457e-01,5.775101780891418457e-01,8.691614270210266113e-01,3.272534906864166260e-01,9.760409593582153320e-02,9.760409593582153320e-02,2.678042054176330566e-01,1.301979571580886841e-01,2.447080016136169434e-01,2.447080016136169434e-01,1.645686328411102295e-01,3.593523502349853516e-01,1.341585516929626465e+00,1.341585516929626465e+00,1.250335216522216797e+00,1.332939505577087402e+00,2.139407634735107422e+00,2.139407634735107422e+00,2.204387903213500977e+00,1.897581577301025391e+00
4.100000000000000000e+01,2.090892553329467773e+00,2.090892553329467773e+00,2.180425167083740234e+00,1.777416467666625977e+00,1.209584116935729980e+00,1.209584116935729980e+00,1.468872427940368652e+00,7.914497852325439453e-01,5.776351690292358398e-01,5.776351690292358398e-01,8.703041672706604004e-01,3.317637741565704346e-01,9.818094968795776367e-02,9.818094968795776367e-02,2.646720409393310547e-01,1.336577683687210083e-01,2.563008666038513184e-01,2.563008666038513184e-01,1.718757599592208862e-01,3.642484545707702637e-01,1.326817154884338379e+00,1.326817154884338379e+00,1.246288299560546875e+00,1.314558386802673340e+00,2.111893415451049805e+00,2.111893415451049805e+00,2.185715913772583008e+00,1.853731632232666016e+00
4.200000000000000000e+01,2.071877002716064453e+00,2.071877002716064453e+00,2.161044597625732422e+00,1.748139977455139160e+00,1.212813735008239746e+00,1.212813735008239746e+00,1.473001241683959961e+00,7.727470993995666504e-01,5.769847631454467773e-01,5.769847631454467773e-01,8.706938624382019043e-01,3.369379043579101562e-01,9.831781685352325439e-02,9.831781685352325439e-02,2.611212134361267090e-01,1.369923800230026245e-01,2.664383053779602051e-01,2.664383053779602051e-01,1.793573945760726929e-01,3.697440326213836670e-01,1.310406565666198730e+00,1.310406565666198730e+00,1.241786241531372070e+00,1.293820261955261230e+00,2.082493305206298828e+00,2.082493305206298828e+00,2.168320894241333008e+00,1.820815443992614746e+00
4.300000000000000000e+01,2.046708822250366211e+00,2.046708822250366211e+00,2.141779899597167969e+00,1.719083309173583984e+00,1.215237975120544434e+00,1.215237975120544434e+00,1.477036833763122559e+00,7.829623222351074219e-01,5.756391882896423340e-01,5.756391882896423340e-01,8.706024885177612305e-01,3.368867933750152588e-01,9.789339452981948853e-02,9.789339452981948853e-02,2.572121322154998779e-01,1.399700492620468140e-01,2.747989594936370850e-01,2.747989594936370850e-01,1.873673498630523682e-01,3.733254671096801758e-01,1.292937040328979492e+00,1.292937040328979492e+00,1.236922502517700195e+00,1.273542761802673340e+00,2.052286863327026367e+00,2.052286863327026367e+00,2.149522781372070312e+00,1.788025736808776855e+00
4.400000000000000000e+01,2.022217512130737305e+00,2.022217512130737305e+00,2.122653245925903320e+00,1.690510988235473633e+00,1.216351270675659180e+00,1.216351270675659180e+00,1.481009006500244141e+00,7.798028588294982910e-01,5.736159682273864746e-01,5.736159682273864746e-01,8.695700168609619141e-01,3.450017869472503662e-01,9.727153927087783813e-02,9.727153927087783813e-02,2.528673112392425537e-01,1.429567039012908936e-01,2.810858488082885742e-01,2.810858488082885742e-01,1.937471181154251099e-01,3.758526146411895752e-01,1.273319840431213379e+00,1.273319840431213379e+00,1.230220079421997070e+00,1.250663399696350098e+00,2.022003173828125000e+00,2.022003173828125000e+00,2.130287647247314453e+00,1.750432491302490234e+00
4.500000000000000000e+01,1.998088479042053223e+00,1.998088479042053223e+00,2.104627847671508789e+00,1.663049697875976562e+00,1.218506813049316406e+00,1.218506813049316406e+00,1.484314084053039551e+00,7.761167287826538086e-01,5.708701014518737793e-01,5.708701014518737793e-01,8.673655986785888672e-01,3.481822311878204346e-01,9.562595188617706299e-02,9.562595188617706299e-02,2.480852901935577393e-01,1.455499827861785889e-01,2.877803742885589600e-01,2.877803742885589600e-01,1.995891630649566650e-01,3.767766952514648438e-01,1.251799583435058594e+00,1.251799583435058594e+00,1.222718954086303711e+00,1.226865649223327637e+00,1.990206122398376465e+00,1.990206122398376465e+00,2.110058546066284180e+00,1.712313890457153320e+00
4.600000000000000000e+01,1.974722146987915039e+00,1.974722146987915039e+00,2.087149381637573242e+00,1.639661431312561035e+00,1.224464654922485352e+00,1.224464654922485352e+00,1.488986849784851074e+00,7.803528308868408203e-01,5.769494175910949707e-01,5.769494175910949707e-01,8.689994812011718750e-01,3.615604043006896973e-01,9.888424724340438843e-02,9.888424724340438843e-02,2.448218166828155518e-01,1.552810519933700562e-01,2.937163710594177246e-01,2.937163710594177246e-01,2.069257795810699463e-01,3.798862099647521973e-01,1.235405564308166504e+00,1.235405564308166504e+00,1.215837121009826660e+00,1.204890727996826172e+00,1.941190242767333984e+00,1.941190242767333984e+00,2.092042922973632812e+00,1.675715923309326172e+00
4.700000000000000000e+01,1.952148914337158203e+00,1.952148914337158203e+00,2.070592403411865234e+00,1.617089509963989258e+00,1.229232907295227051e+00,1.229232907295227051e+00,1.492310166358947754e+00,7.659502029418945312e-01,5.824585556983947754e-01,5.824585556983947754e-01,8.681832551956176758e-01,3.735144138336181641e-01,1.005085557699203491e-01,1.005085557699203491e-01,2.410946935415267944e-01,1.647799611091613770e-01,2.981704473495483398e-01,2.981704473495483398e-01,2.145811766386032104e-01,3.820561766624450684e-01,1.217103242874145508e+00,1.217103242874145508e+00,1.207884192466735840e+00,1.181194424629211426e+00,1.929922461509704590e+00,1.929922461509704590e+00,2.073031187057495117e+00,1.641373157501220703e+00
4.800000000000000000e+01,1.930410623550415039e+00,1.930410623550415039e+00,2.054430961608886719e+00,1.591789126396179199e+00,1.234163522720336914e+00,1.234163522720336914e+00,1.495277643203735352e+00,7.916865348815917969e-01,5.872458219528198242e-01,5.872458219528198242e-01,8.693091273307800293e-01,3.846571445465087891e-01,1.026737391948699951e-01,1.026737391948699951e-01,2.373678535223007202e-01,1.735807061195373535e-01,2.969059944152832031e-01,2.969059944152832031e-01,2.217206507921218872e-01,3.826685547828674316e-01,1.197351217269897461e+00,1.197351217269897461e+00,1.196820259094238281e+00,1.157525300979614258e+00,1.871651649475097656e+00,1.871651649475097656e+00,2.053273916244506836e+00,1.592287659645080566e+00
4.900000000000000000e+01,1.909082531929016113e+00,1.909082531929016113e+00,2.038270711898803711e+00,1.572872877120971680e+00,1.238962769508361816e+00,1.238962769508361816e+00,1.501496553421020508e+00,7.986863851547241211e-01,5.914756059646606445e-01,5.914756059646606445e-01,8.692402839660644531e-01,3.921787738800048828e-01,1.036718487739562988e-01,1.036718487739562988e-01,2.333653569221496582e-01,1.821256428956985474e-01,3.024741113185882568e-01,3.024741113185882568e-01,2.275658547878265381e-01,3.813523650169372559e-01,1.176098823547363281e+00,1.176098823547363281e+00,1.186832189559936523e+00,1.132458806037902832e+00,1.867487788200378418e+00,1.867487788200378418e+00,2.033770799636840820e+00,1.569728493690490723e+00
5.000000000000000000e+01,1.889576077461242676e+00,1.889576077461242676e+00,2.022742509841918945e+00,1.552738070487976074e+00,1.243438243865966797e+00,1.243438243865966797e+00,1.505758762359619141e+00,8.006762266159057617e-01,5.914866924285888672e-01,5.914866924285888672e-01,8.680890798568725586e-01,4.031272530555725098e-01,1.037332564592361450e-01,1.037332564592361450e-01,2.283302545547485352e-01,1.903859972953796387e-01,3.027459979057312012e-01,3.027459979057312012e-01,2.328250408172607422e-01,3.801659047603607178e-01,1.150760650634765625e+00,1.150760650634765625e+00,1.176316380500793457e+00,1.105820536613464355e+00,1.829298853874206543e+00,1.829298853874206543e+00,2.013497352600097656e+00,1.533370733261108398e+00
5.100000000000000000e+01,1.870551705360412598e+00,1.870551705360412598e+00,2.008060932159423828e+00,1.534447312355041504e+00,1.247621893882751465e+00,1.247621893882751465e+00,1.509913563728332520e+00,8.147549629211425781e-01,5.975124835968017578e-01,5.975124835968017578e-01,8.665347695350646973e-01,4.164902269840240479e-01,1.038494259119033813e-01,1.038494259119033813e-01,2.236826717853546143e-01,1.981558054685592651e-01,3.013107180595397949e-01,3.013107180595397949e-01,2.377846390008926392e-01,3.776525855064392090e-01,1.129726648330688477e+00,1.129726648330688477e+00,1.163135290145874023e+00,1.078208208084106445e+00,1.802552700042724609e+00,1.802552700042724609e+00,1.993086576461791992e+00,1.496787905693054199e+00
5.200000000000000000e+01,1.851745009422302246e+00,1.851745009422302246e+00,1.993473052978515625e+00,1.516222357749938965e+00,1.251229643821716309e+00,1.251229643821716309e+00,1.513520002365112305e+00,8.223994374275207520e-01,5.992996096611022949e-01,5.992996096611022949e-01,8.642082810401916504e-01,4.279446005821228027e-01,1.019712910056114197e-01,1.019712910056114197e-01,2.181563526391983032e-01,2.056011557579040527e-01,2.983991503715515137e-01,2.983991503715515137e-01,2.301860451698303223e-01,3.733296394348144531e-01,1.104156613349914551e+00,1.104156613349914551e+00,1.149235606193542480e+00,1.049427509307861328e+00,1.754434466361999512e+00,1.754434466361999512e+00,1.972397446632385254e+00,1.460020065307617188e+00
5.300000000000000000e+01,1.835282087326049805e+00,1.835282087326049805e+00,1.979296922683715820e+00,1.498712301254272461e+00,1.255293011665344238e+00,1.255293011665344238e+00,1.516609191894531250e+00,8.300837278366088867e-01,6.006378531455993652e-01,6.006378531455993652e-01,8.610483407974243164e-01,4.386618137359619141e-01,1.016520708799362183e-01,1.016520708799362183e-01,2.121521681547164917e-01,2.124015986919403076e-01,2.954621016979217529e-01,2.954621016979217529e-01,2.444738298654556274e-01,3.692564666271209717e-01,1.078496456146240234e+00,1.078496456146240234e+00,1.134790301322937012e+00,1.010475158691406250e+00,1.737302899360656738e+00,1.737302899360656738e+00,1.951979517936706543e+00,1.425416350364685059e+00
5.400000000000000000e+01,1.818933367729187012e+00,1.818933367729187012e+00,1.965576887130737305e+00,1.482094407081604004e+00,1.259073019027709961e+00,1.259073019027709961e+00,1.518655896186828613e+00,8.378883600234985352e-01,5.927442908287048340e-01,5.927442908287048340e-01,8.577591180801391602e-01,4.495245814323425293e-01,9.964745491743087769e-02,9.964745491743087769e-02,2.058685421943664551e-01,2.191124558448791504e-01,2.924944162368774414e-01,2.924944162368774414e-01,2.470913380384445190e-01,3.637819886207580566e-01,1.050278663635253906e+00,1.050278663635253906e+00,1.122535228729248047e+00,9.910005927085876465e-01,1.704995512962341309e+00,1.704995512962341309e+00,1.931287169456481934e+00,1.392640233039855957e+00
5.500000000000000000e+01,1.803811192512512207e+00,1.803811192512512207e+00,1.952377200126647949e+00,1.466374874114990234e+00,1.266255497932434082e+00,1.266255497932434082e+00,1.521438002586364746e+00,8.431600332260131836e-01,5.992004275321960449e-01,5.992004275321960449e-01,8.540662527084350586e-01,4.558445215225219727e-01,9.746238589286804199e-02,9.746238589286804199e-02,2.000818252563476562e-01,2.253007292747497559e-01,2.904625236988067627e-01,2.904625236988067627e-01,2.484605610370635986e-01,3.563594222068786621e-01,1.020799040794372559e+00,1.020799040794372559e+00,1.109043836593627930e+00,9.621220827102661133e-01,1.672688603401184082e+00,1.672688603401184082e+00,1.910728216171264648e+00,1.360296010971069336e+00
5.600000000000000000e+01,1.789460897445678711e+00,1.789460897445678711e+00,1.939734101295471191e+00,1.451590299606323242e+00,1.271484971046447754e+00,1.271484971046447754e+00,1.523050904273986816e+00,8.519028425216674805e-01,5.996239781379699707e-01,5.996239781379699707e-01,8.501180410385131836e-01,4.693080186843872070e-01,9.422355145215988159e-02,9.422355145215988159e-02,1.945061683654785156e-01,2.310570180416107178e-01,2.836088836193084717e-01,2.836088836193084717e-01,2.485530972480773926e-01,3.486420810222625732e-01,9.952063560485839844e-01,9.952063560485839844e-01,1.094349384307861328e+00,9.313926696777343750e-01,1.639988183975219727e+00,1.639988183975219727e+00,1.880723476409912109e+00,1.327901959419250488e+00
5.700000000000000000e+01,1.776139378547668457e+00,1.776139378547668457e+00,1.928352713584899902e+00,1.438364505767822266e+00,1.277968406677246094e+00,1.277968406677246094e+00,1.525056838989257812e+00,8.618752956390380859e-01,5.990250110626220703e-01,5.990250110626220703e-01,8.454418182373046875e-01,4.790475070476531982e-01,9.272316843271255493e-02,9.272316843271255493e-02,1.907056868076324463e-01,2.373357415199279785e-01,2.845344841480255127e-01,2.845344841480255127e-01,2.489537298679351807e-01,3.421258330345153809e-01,9.698430895805358887e-01,9.698430895805358887e-01,1.080488324165344238e+00,9.027237296104431152e-01,1.610147714614868164e+00,1.610147714614868164e+00,1.871484994888305664e+00,1.297884941101074219e+00
5.800000000000000000e+01,1.763682723045349121e+00,1.763682723045349121e+00,1.917181015014648438e+00,1.426329612731933594e+00,1.285618424415588379e+00,1.285618424415588379e+00,1.526613473892211914e+00,8.708609342575073242e-01,5.998532176017761230e-01,5.998532176017761230e-01,8.408567905426025391e-01,4.900010824203491211e-01,8.925822377204895020e-02,8.925822377204895020e-02,1.889216005802154541e-01,2.431529164314270020e-01,2.816254496574401855e-01,2.816254496574401855e-01,2.475108504295349121e-01,3.350312113761901855e-01,9.439014792442321777e-01,9.439014792442321777e-01,1.066440224647521973e+00,8.739310503005981445e-01,1.578861713409423828e+00,1.578861713409423828e+00,1.852015376091003418e+00,1.268218040466308594e+00
5.900000000000000000e+01,1.752123117446899414e+00,1.752123117446899414e+00,1.906973004341125488e+00,1.415562391281127930e+00,1.291718363761901855e+00,1.291718363761901855e+00,1.528242945671081543e+00,8.798424005508422852e-01,6.005100011825561523e-01,6.005100011825561523e-01,8.356617093086242676e-01,5.004699826240539551e-01,8.802507072687149048e-02,8.802507072687149048e-02,1.848220676183700562e-01,2.485579699277877808e-01,2.772154510021209717e-01,2.772154510021209717e-01,2.471145093441009521e-01,3.274927437305450439e-01,9.181321263313293457e-01,9.181321263313293457e-01,1.051248431205749512e+00,8.425584435462951660e-01,1.551433324813842773e+00,1.551433324813842773e+00,1.832514762878417969e+00,1.239348649978637695e+00
6.000000000000000000e+01,1.741510868072509766e+00,1.741510868072509766e+00,1.894517302513122559e+00,1.405601620674133301e+00,1.296991586685180664e+00,1.296991586685180664e+00,1.529658913612365723e+00,8.890240192413330078e-01,5.994119644165039062e-01,5.994119644165039062e-01,8.294327259063720703e-01,5.108678340911865234e-01,8.463098108768463135e-02,8.463098108768463135e-02,1.807970851659774780e-01,2.536985874176025391e-01,2.702400684356689453e-01,2.702400684356689453e-01,2.451627999544143677e-01,3.185088932514190674e-01,8.901799917221069336e-01,8.901799917221069336e-01,1.036383509635925293e+00,8.137917518615722656e-01,1.516254186630249023e+00,1.516254186630249023e+00,1.812829852104187012e+00,1.210553526878356934e+00
6.100000000000000000e+01,1.731752514839172363e+00,1.731752514839172363e+00,1.888284921646118164e+00,1.396776199340820312e+00,1.302672266960144043e+00,1.302672266960144043e+00,1.530371189117431641e+00,8.983125686645507812e-01,5.971208810806274414e-01,5.971208810806274414e-01,8.227221965789794922e-01,5.203551650047302246e-01,8.384135365486145020e-02,8.384135365486145020e-02,1.765447854995727539e-01,2.583238184452056885e-01,2.643736302852630615e-01,2.643736302852630615e-01,2.421949505805969238e-01,3.079868257045745850e-01,8.607320189476013184e-01,8.607320189476013184e-01,1.020755410194396973e+00,7.821202278137207031e-01,1.494775533676147461e+00,1.494775533676147461e+00,1.793046236038208008e+00,1.177109360694885254e+00
6.200000000000000000e+01,1.723134636878967285e+00,1.723134636878967285e+00,1.879275560379028320e+00,1.388705134391784668e+00,1.307400226593017578e+00,1.307400226593017578e+00,1.530534744262695312e+00,9.051268100738525391e-01,5.946370363235473633e-01,5.946370363235473633e-01,8.127948045730590820e-01,5.295044779777526855e-01,8.294166624546051025e-02,8.294166624546051025e-02,1.719483137130737305e-01,2.624490857124328613e-01,2.559412717819213867e-01,2.559412717819213867e-01,2.384330779314041138e-01,2.963444590568542480e-01,8.313363790512084961e-01,8.313363790512084961e-01,1.004504203796386719e+00,7.490065693855285645e-01,1.468277931213378906e+00,1.468277931213378906e+00,1.773230671882629395e+00,1.153920412063598633e+00
6.300000000000000000e+01,1.714394211769104004e+00,1.714394211769104004e+00,1.871018171310424805e+00,1.381442546844482422e+00,1.311265945434570312e+00,1.311265945434570312e+00,1.529841065406799316e+00,9.156614542007446289e-01,5.916544198989868164e-01,5.916544198989868164e-01,8.068962097167968750e-01,5.379866957664489746e-01,8.132492005825042725e-02,8.132492005825042725e-02,1.659859120845794678e-01,2.661355733871459961e-01,2.457904964685440063e-01,2.457904964685440063e-01,2.336059510707855225e-01,2.837757766246795654e-01,8.004533648490905762e-01,8.004533648490905762e-01,9.872264266014099121e-01,7.164626121520996094e-01,1.441552519798278809e+00,1.441552519798278809e+00,1.753377318382263184e+00,1.125739932060241699e+00
6.400000000000000000e+01,1.708427906036376953e+00,1.708427906036376953e+00,1.862458586692810059e+00,1.375386357307434082e+00,1.315354347229003906e+00,1.315354347229003906e+00,1.529189825057983398e+00,9.233067035675048828e-01,5.882645845413208008e-01,5.882645845413208008e-01,7.986406087875366211e-01,5.461214780807495117e-01,7.934413850307464600e-02,7.934413850307464600e-02,1.619992852210998535e-01,2.698524296283721924e-01,2.413889616727828979e-01,2.413889616727828979e-01,2.311720401048660278e-01,2.766431570053100586e-01,7.784802913665771484e-01,7.784802913665771484e-01,9.769065976142883301e-01,6.922304630279541016e-01,1.421484708786010742e+00,1.421484708786010742e+00,1.738561630249023438e+00,1.105411171913146973e+00
6.500000000000000000e+01,1.702152252197265625e+00,1.702152252197265625e+00,1.855339527130126953e+00,1.370865106582641602e+00,1.318392634391784668e+00,1.318392634391784668e+00,1.527710914611816406e+00,9.325218796730041504e-01,5.842389464378356934e-01,5.842389464378356934e-01,7.897082567214965820e-01,5.536065101623535156e-01,7.672969996929168701e-02,7.672969996929168701e-02,1.569291949272155762e-01,2.729583084583282471e-01,2.353766560554504395e-01,2.353766560554504395e-01,2.315046489238739014e-01,2.685355246067047119e-01,7.555631995201110840e-01,7.555631995201110840e-01,9.657647013664245605e-01,6.656352877616882324e-01,1.401249170303344727e+00,1.401249170303344727e+00,1.723881244659423828e+00,1.087034225463867188e+00
6.600000000000000000e+01,1.696523547172546387e+00,1.696523547172546387e+00,1.848455190658569336e+00,1.363660335540771484e+00,1.321087598800659180e+00,1.321087598800659180e+00,1.525629162788391113e+00,9.425178766250610352e-01,5.794074535369873047e-01,5.794074535369873047e-01,7.804239988327026367e-01,5.611056089401245117e-01,7.389553636312484741e-02,7.389553636312484741e-02,1.514641642570495605e-01,2.757435142993927002e-01,2.287164926528930664e-01,2.287164926528930664e-01,2.291271090507507324e-01,2.598915100097656250e-01,7.315394878387451172e-01,7.315394878387451172e-01,9.538045525550842285e-01,6.306784749031066895e-01,1.380922198295593262e+00,1.380922198295593262e+00,1.701574087142944336e+00,1.069774150848388672e+00
6.700000000000000000e+01,1.691433429718017578e+00,1.691433429718017578e+00,1.841909766197204590e+00,1.363447785377502441e+00,1.323031663894653320e+00,1.323031663894653320e+00,1.523733973503112793e+00,9.525661468505859375e-01,5.736769437789916992e-01,5.736769437789916992e-01,7.709211707115173340e-01,5.684897303581237793e-01,7.074251770973205566e-02,7.074251770973205566e-02,1.471796333789825439e-01,2.780861258506774902e-01,2.205623090267181396e-01,2.205623090267181396e-01,2.261290401220321655e-01,2.499982267618179321e-01,7.067463397979736328e-01,7.067463397979736328e-01,9.404962658882141113e-01,6.147025227546691895e-01,1.360536813735961914e+00,1.360536813735961914e+00,1.693598747253417969e+00,1.052755117416381836e+00
6.800000000000000000e+01,1.687062501907348633e+00,1.687062501907348633e+00,1.835518717765808105e+00,1.361735343933105469e+00,1.325957417488098145e+00,1.325957417488098145e+00,1.521174192428588867e+00,9.646294116973876953e-01,5.709459185600280762e-01,5.709459185600280762e-01,7.620700597763061523e-01,5.788728594779968262e-01,7.009619474411010742e-02,7.009619474411010742e-02,1.317683607339859009e-01,2.824750244617462158e-01,2.136630117893218994e-01,2.136630117893218994e-01,2.252051234245300293e-01,2.414187043905258179e-01,6.695025563240051270e-01,6.695025563240051270e-01,9.300035238265991211e-01,5.904710292816162109e-01,1.343982219696044922e+00,1.343982219696044922e+00,1.680458188056945801e+00,1.038725733757019043e+00
6.900000000000000000e+01,1.683557152748107910e+00,1.683557152748107910e+00,1.830059289932250977e+00,1.361887574195861816e+00,1.329975843429565430e+00,1.329975843429565430e+00,1.518682599067687988e+00,9.786161184310913086e-01,5.702260136604309082e-01,5.702260136604309082e-01,7.534039020538330078e-01,5.916417837142944336e-01,7.212796062231063843e-02,7.212796062231063843e-02,1.400318145751953125e-01,2.886689603328704834e-01,2.082006931304931641e-01,2.082006931304931641e-01,2.254125028848648071e-01,2.346010208129882812e-01,6.676391363143920898e-01,6.676391363143920898e-01,9.215357899665832520e-01,5.693752169609069824e-01,1.331281900405883789e+00,1.331281900405883789e+00,1.669179081916809082e+00,1.027309656143188477e+00
7.000000000000000000e+01,1.678724288940429688e+00,1.678724288940429688e+00,1.824912667274475098e+00,1.362620353698730469e+00,1.333371281623840332e+00,1.333371281623840332e+00,1.516209125518798828e+00,9.922818541526794434e-01,5.688304901123046875e-01,5.688304901123046875e-01,7.445771098136901855e-01,6.040499210357666016e-01,7.370359450578689575e-02,7.370359450578689575e-02,1.376698166131973267e-01,2.945125997066497803e-01,2.013844251632690430e-01,2.013844251632690430e-01,2.245952934026718140e-01,2.268035858869552612e-01,6.490814685821533203e-01,6.490814685821533203e-01,9.130074977874755859e-01,5.492461919784545898e-01,1.309704542160034180e+00,1.309704542160034180e+00,1.657425165176391602e+00,1.016174077987670898e+00
7.100000000000000000e+01,1.677994489669799805e+00,1.677994489669799805e+00,1.819981098175048828e+00,1.363924145698547363e+00,1.336318135261535645e+00,1.336318135261535645e+00,1.512848138809204102e+00,1.005532264709472656e+00,5.669520497322082520e-01,5.669520497322082520e-01,7.361621856689453125e-01,6.132296323776245117e-01,7.491499185562133789e-02,7.491499185562133789e-02,1.359125077724456787e-01,3.000171184539794922e-01,1.937016248703002930e-01,1.937016248703002930e-01,2.234830856323242188e-01,2.172994017601013184e-01,6.298381090164184570e-01,6.298381090164184570e-01,9.037085175514221191e-01,5.287414193153381348e-01,1.305720567703247070e+00,1.305720567703247070e+00,1.645467162132263184e+00,1.005107998847961426e+00
7.200000000000000000e+01,1.676007270812988281e+00,1.676007270812988281e+00,1.814192891120910645e+00,1.365925550460815430e+00,1.337900996208190918e+00,1.337900996208190918e+00,1.508997559547424316e+00,1.018350124359130859e+00,5.642492175102233887e-01,5.642492175102233887e-01,7.277790307998657227e-01,6.277002096176147461e-01,7.569485902786254883e-02,7.569485902786254883e-02,1.339727640151977539e-01,3.039326667785644531e-01,1.853369772434234619e-01,1.853369772434234619e-01,2.218887060880661011e-01,2.088042497634887695e-01,6.097096800804138184e-01,6.097096800804138184e-01,8.947538137435913086e-01,5.085428357124328613e-01,1.292872190475463867e+00,1.292872190475463867e+00,1.633317351341247559e+00,9.948987960815429688e-01
7.300000000000000000e+01,1.674779772758483887e+00,1.674779772758483887e+00,1.812561035156250000e+00,1.365013003349304199e+00,1.341122627258300781e+00,1.341122627258300781e+00,1.501759767532348633e+00,1.030551433563232422e+00,5.609800815582275391e-01,5.609800815582275391e-01,7.190749645233154297e-01,6.387321352958679199e-01,7.629805803298950195e-02,7.629805803298950195e-02,1.318313628435134888e-01,3.095018565654754639e-01,1.764463186264038086e-01,1.764463186264038086e-01,2.189402729272842407e-01,1.986157596111297607e-01,5.888454318046569824e-01,5.888454318046569824e-01,8.853721618652343750e-01,4.863822162151336670e-01,1.280110359191894531e+00,1.280110359191894531e+00,1.620944976806640625e+00,9.843363165855407715e-01
7.400000000000000000e+01,1.673923492431640625e+00,1.673923492431640625e+00,1.809362769126892090e+00,1.371871948242187500e+00,1.339831113815307617e+00,1.339831113815307617e+00,1.500377774238586426e+00,1.042489171028137207e+00,5.569836497306823730e-01,5.569836497306823730e-01,7.098690867424011230e-01,6.491786837577819824e-01,7.649718970060348511e-02,7.649718970060348511e-02,1.294302344322204590e-01,3.135226666927337646e-01,1.664098203182220459e-01,1.664098203182220459e-01,2.157448679208755493e-01,1.869374513626098633e-01,5.673236846923828125e-01,5.673236846923828125e-01,8.751702904701232910e-01,4.667677581310272217e-01,1.267581343650817871e+00,1.267581343650817871e+00,1.608392119407653809e+00,9.747266769409179688e-01
7.500000000000000000e+01,1.674112677574157715e+00,1.674112677574157715e+00,1.806238889694213867e+00,1.375664591789245605e+00,1.344264626502990723e+00,1.344264626502990723e+00,1.494677186012268066e+00,1.053838968276977539e+00,5.523115992546081543e-01,5.523115992546081543e-01,6.999628543853759766e-01,6.590864062309265137e-01,7.629430294036865234e-02,7.629430294036865234e-02,1.269737929105758667e-01,3.170948922634124756e-01,1.553974449634552002e-01,1.553974449634552002e-01,2.105210423469543457e-01,1.748232841491699219e-01,5.451483726501464844e-01,5.451483726501464844e-01,8.644754290580749512e-01,4.462475180625915527e-01,1.254955291748046875e+00,1.254955291748046875e+00,1.595772027969360352e+00,9.648985266685485840e-01
7.600000000000000000e+01,1.674325704574584961e+00,1.674325704574584961e+00,1.803413629531860352e+00,1.381025791168212891e+00,1.345142841339111328e+00,1.345142841339111328e+00,1.489824295043945312e+00,1.066617131233215332e+00,5.542869567871093750e-01,5.542869567871093750e-01,6.911422610282897949e-01,6.708774566650390625e-01,7.695662230253219604e-02,7.695662230253219604e-02,1.249245330691337585e-01,3.216166496276855469e-01,1.434324383735656738e-01,1.434324383735656738e-01,2.061230391263961792e-01,1.632509380578994751e-01,5.288207530975341797e-01,5.288207530975341797e-01,8.538160920143127441e-01,4.277487993240356445e-01,1.243361711502075195e+00,1.243361711502075195e+00,1.582603812217712402e+00,9.568221569061279297e-01
7.700000000000000000e+01,1.675897240638732910e+00,1.675897240638732910e+00,1.800506591796875000e+00,1.387437343597412109e+00,1.347490310668945312e+00,1.347490310668945312e+00,1.484177350997924805e+00,1.078617334365844727e+00,5.554851293563842773e-01,5.554851293563842773e-01,6.788780689239501953e-01,6.817564368247985840e-01,7.756961137056350708e-02,7.756961137056350708e-02,1.227449551224708557e-01,3.259116113185882568e-01,1.315529644489288330e-01,1.315529644489288330e-01,2.001505792140960693e-01,1.511947661638259888e-01,5.117770433425903320e-01,5.117770433425903320e-01,8.425556421279907227e-01,4.091624021530151367e-01,1.231666684150695801e+00,1.231666684150695801e+00,1.571047544479370117e+00,9.497876763343811035e-01
7.800000000000000000e+01,1.677332520484924316e+00,1.677332520484924316e+00,1.798255681991577148e+00,1.394271612167358398e+00,1.348526716232299805e+00,1.348526716232299805e+00,1.478111863136291504e+00,1.087367773056030273e+00,5.561006665229797363e-01,5.561006665229797363e-01,6.746035814285278320e-01,6.930500864982604980e-01,7.756835222244262695e-02,7.756835222244262695e-02,1.205445677042007446e-01,3.308358192443847656e-01,1.183751225471496582e-01,1.183751225471496582e-01,1.932709813117980957e-01,1.379929035902023315e-01,4.941920638084411621e-01,4.941920638084411621e-01,8.308545947074890137e-01,3.900926411151885986e-01,1.220155835151672363e+00,1.220155835151672363e+00,1.558644890785217285e+00,9.430308938026428223e-01
7.900000000000000000e+01,1.679699540138244629e+00,1.679699540138244629e+00,1.795838117599487305e+00,1.399695515632629395e+00,1.349876880645751953e+00,1.349876880645751953e+00,1.471767663955688477e+00,1.102420210838317871e+00,5.567085742950439453e-01,5.567085742950439453e-01,6.655667424201965332e-01,7.015523314476013184e-01,7.723868638277053833e-02,7.723868638277053833e-02,1.186596006155014038e-01,3.342941403388977051e-01,1.062771975994110107e-01,1.062771975994110107e-01,1.854456812143325806e-01,1.254504919052124023e-01,4.776525199413299561e-01,4.776525199413299561e-01,8.165646791458129883e-01,3.721216917037963867e-01,1.208815932273864746e+00,1.208815932273864746e+00,1.546432495117187500e+00,9.356952905654907227e-01
8.000000000000000000e+01,1.682976961135864258e+00,1.682976961135864258e+00,1.793656468391418457e+00,1.410764813423156738e+00,1.351083636283874512e+00,1.351083636283874512e+00,1.465070843696594238e+00,1.105152368545532227e+00,5.590088367462158203e-01,5.590088367462158203e-01,6.569477319717407227e-01,7.137762308120727539e-01,7.774278521537780762e-02,7.774278521537780762e-02,1.169710457324981689e-01,3.356409668922424316e-01,9.607443213462829590e-02,9.607443213462829590e-02,1.795716285705566406e-01,1.146407872438430786e-01,4.663956761360168457e-01,4.663956761360168457e-01,8.099849224090576172e-01,3.574989736080169678e-01,1.202527880668640137e+00,1.202527880668640137e+00,1.536199808120727539e+00,9.352784156799316406e-01
8.100000000000000000e+01,1.686645984649658203e+00,1.686645984649658203e+00,1.791450381278991699e+00,1.419963717460632324e+00,1.351500988006591797e+00,1.351500988006591797e+00,1.457844018936157227e+00,1.124929785728454590e+00,5.606261491775512695e-01,5.606261491775512695e-01,6.482657790184020996e-01,7.216256260871887207e-01,7.768054306507110596e-02,7.768054306507110596e-02,1.151393502950668335e-01,3.403730392456054688e-01,8.461076021194458008e-02,8.461076021194458008e-02,1.724849343299865723e-01,1.034679859876632690e-01,4.544917345046997070e-01,4.544917345046997070e-01,7.951118946075439453e-01,3.431363403797149658e-01,1.194334983825683594e+00,1.194334983825683594e+00,1.525578737258911133e+00,9.332812428474426270e-01
8.200000000000000000e+01,1.690414786338806152e+00,1.690414786338806152e+00,1.789361953735351562e+00,1.430126309394836426e+00,1.352522730827331543e+00,1.352522730827331543e+00,1.450116634368896484e+00,1.116131305694580078e+00,5.517165064811706543e-01,5.517165064811706543e-01,6.386837363243103027e-01,7.329274415969848633e-01,7.728435099124908447e-02,7.728435099124908447e-02,1.133199557662010193e-01,3.442831039428710938e-01,8.067109435796737671e-02,8.067109435796737671e-02,1.714094430208206177e-01,9.968585520982742310e-02,4.526720643043518066e-01,4.526720643043518066e-01,7.995522022247314453e-01,3.388511240482330322e-01,1.195790171623229980e+00,1.195790171623229980e+00,1.521245956420898438e+00,9.391410946846008301e-01
8.300000000000000000e+01,1.694070339202880859e+00,1.694070339202880859e+00,1.785382390022277832e+00,1.440443634986877441e+00,1.352585315704345703e+00,1.352585315704345703e+00,1.442175626754760742e+00,1.148375272750854492e+00,5.629433393478393555e-01,5.629433393478393555e-01,6.296511888504028320e-01,7.447745800018310547e-01,7.650160789489746094e-02,7.650160789489746094e-02,1.114584654569625854e-01,3.466114699840545654e-01,7.844655960798263550e-02,7.844655960798263550e-02,1.719365566968917847e-01,9.767583012580871582e-02,4.551666378974914551e-01,4.551666378974914551e-01,8.020676374435424805e-01,3.334631025791168213e-01,1.198292613029479980e+00,1.198292613029479980e+00,1.518887162208557129e+00,9.482719898223876953e-01
8.400000000000000000e+01,1.697639107704162598e+00,1.697639107704162598e+00,1.784913063049316406e+00,1.450735688209533691e+00,1.351347088813781738e+00,1.351347088813781738e+00,1.433839559555053711e+00,1.161115765571594238e+00,5.631405115127563477e-01,5.631405115127563477e-01,6.204172372817993164e-01,7.556673288345336914e-01,7.520804554224014282e-02,7.520804554224014282e-02,1.095010489225387573e-01,3.484887778759002686e-01,7.864980399608612061e-02,7.864980399608612061e-02,1.739768087863922119e-01,9.755220264196395874e-02,4.594301581382751465e-01,4.594301581382751465e-01,8.076946139335632324e-01,3.382675051689147949e-01,1.202296972274780273e+00,1.202296972274780273e+00,1.518106937408447266e+00,9.595307707786560059e-01
8.500000000000000000e+01,1.701441407203674316e+00,1.701441407203674316e+00,1.781354188919067383e+00,1.460927486419677734e+00,1.351340889930725098e+00,1.351340889930725098e+00,1.425135135650634766e+00,1.172983050346374512e+00,5.626515746116638184e-01,5.626515746116638184e-01,6.102411150932312012e-01,7.645726203918457031e-01,7.350663840770721436e-02,7.350663840770721436e-02,1.079224720597267151e-01,3.501283824443817139e-01,7.778333127498626709e-02,7.778333127498626709e-02,1.775208264589309692e-01,9.712149947881698608e-02,4.633147120475769043e-01,4.633147120475769043e-01,8.127431869506835938e-01,3.404947519302368164e-01,1.203622221946716309e+00,1.203622221946716309e+00,1.516401410102844238e+00,9.706301093101501465e-01
8.600000000000000000e+01,1.704714894294738770e+00,1.704714894294738770e+00,1.779011249542236328e+00,1.471000909805297852e+00,1.349647760391235352e+00,1.349647760391235352e+00,1.415917754173278809e+00,1.183627605438232422e+00,5.614771246910095215e-01,5.614771246910095215e-01,5.996232628822326660e-01,7.731720209121704102e-01,7.099913060665130615e-02,7.099913060665130615e-02,1.064955517649650574e-01,3.503795266151428223e-01,7.675888389348983765e-02,7.675888389348983765e-02,1.799647361040115356e-01,9.642016142606735229e-02,4.665443897247314453e-01,4.665443897247314453e-01,8.160891532897949219e-01,3.415924608707427979e-01,1.209124088287353516e+00,1.209124088287353516e+00,1.514890432357788086e+00,9.810414314270019531e-01
8.700000000000000000e+01,1.708100438117980957e+00,1.708100438117980957e+00,1.775743603706359863e+00,1.480778694152832031e+00,1.347650527954101562e+00,1.347650527954101562e+00,1.407036304473876953e+00,1.195436239242553711e+00,5.605769157409667969e-01,5.605769157409667969e-01,5.897683501243591309e-01,7.819191813468933105e-01,6.955718249082565308e-02,6.955718249082565308e-02,1.034343615174293518e-01,3.522373437881469727e-01,7.537291198968887329e-02,7.537291198968887329e-02,1.833111047744750977e-01,9.521414339542388916e-02,4.690893292427062988e-01,4.690893292427062988e-01,8.213492631912231445e-01,3.420684039592742920e-01,1.212566137313842773e+00,1.212566137313842773e+00,1.512532472610473633e+00,9.926683902740478516e-01
8.800000000000000000e+01,1.711188316345214844e+00,1.711188316345214844e+00,1.772183895111083984e+00,1.490822911262512207e+00,1.345872759819030762e+00,1.345872759819030762e+00,1.396936655044555664e+00,1.197045207023620605e+00,5.588413476943969727e-01,5.588413476943969727e-01,5.797051787376403809e-01,7.900255322456359863e-01,6.722886860370635986e-02,6.722886860370635986e-02,1.053589284420013428e-01,3.527562022209167480e-01,7.382016628980636597e-02,7.382016628980636597e-02,1.868302673101425171e-01,9.432952851057052612e-02,4.708814024925231934e-01,4.708814024925231934e-01,8.249195814132690430e-01,3.431757092475891113e-01,1.215209603309631348e+00,1.215209603309631348e+00,1.509664416313171387e+00,1.003354907035827637e+00
8.900000000000000000e+01,1.713376283645629883e+00,1.713376283645629883e+00,1.763651728630065918e+00,1.500323534011840820e+00,1.343145847320556641e+00,1.343145847320556641e+00,1.388082027435302734e+00,1.215172052383422852e+00,5.568363070487976074e-01,5.568363070487976074e-01,5.692182183265686035e-01,7.979385852813720703e-01,6.450991332530975342e-02,6.450991332530975342e-02,1.046326160430908203e-01,3.537016808986663818e-01,7.161966711282730103e-02,7.161966711282730103e-02,1.895998418331146240e-01,9.285880625247955322e-02,4.728106856346130371e-01,4.728106856346130371e-01,8.280509710311889648e-01,3.436074852943420410e-01,1.217296123504638672e+00,1.217296123504638672e+00,1.506173610687255859e+00,1.014563441276550293e+00
9.000000000000000000e+01,1.716952562332153320e+00,1.716952562332153320e+00,1.763962507247924805e+00,1.509936332702636719e+00,1.339989304542541504e+00,1.339989304542541504e+00,1.377529382705688477e+00,1.225452661514282227e+00,5.530502200126647949e-01,5.530502200126647949e-01,5.583462715148925781e-01,8.051111102104187012e-01,6.135698407888412476e-02,6.135698407888412476e-02,1.037273183465003967e-01,3.533773422241210938e-01,6.892219185829162598e-02,6.892219185829162598e-02,1.923282295465469360e-01,9.112427383661270142e-02,4.731779694557189941e-01,4.731779694557189941e-01,8.303151130676269531e-01,3.437817990779876709e-01,1.218742012977600098e+00,1.218742012977600098e+00,1.502272248268127441e+00,1.024944067001342773e+00
9.100000000000000000e+01,1.719808101654052734e+00,1.719808101654052734e+00,1.759434700012207031e+00,1.513295292854309082e+00,1.338418960571289062e+00,1.338418960571289062e+00,1.367280483245849609e+00,1.235923290252685547e+00,5.488697290420532227e-01,5.488697290420532227e-01,5.471312403678894043e-01,8.118658065795898438e-01,6.229102984070777893e-02,6.229102984070777893e-02,1.026817411184310913e-01,3.528076410293579102e-01,6.842514127492904663e-02,6.842514127492904663e-02,1.945484280586242676e-01,8.916816115379333496e-02,4.547687172889709473e-01,4.547687172889709473e-01,8.332377672195434570e-01,3.417893052101135254e-01,1.224442958831787109e+00,1.224442958831787109e+00,1.497771501541137695e+00,1.035712599754333496e+00
9.200000000000000000e+01,1.722197771072387695e+00,1.722197771072387695e+00,1.754563570022583008e+00,1.528383374214172363e+00,1.336028456687927246e+00,1.336028456687927246e+00,1.355808734893798828e+00,1.244838953018188477e+00,5.451808571815490723e-01,5.451808571815490723e-01,5.351909399032592773e-01,8.182957172393798828e-01,6.292608380317687988e-02,6.292608380317687988e-02,1.015314087271690369e-01,3.516791462898254395e-01,6.733597069978713989e-02,6.733597069978713989e-02,1.963950842618942261e-01,8.676820248365402222e-02,4.735352098941802979e-01,4.735352098941802979e-01,8.351311087608337402e-01,3.442512154579162598e-01,1.229731559753417969e+00,1.229731559753417969e+00,1.492972493171691895e+00,1.044704556465148926e+00
9.300000000000000000e+01,1.724724054336547852e+00,1.724724054336547852e+00,1.747494101524353027e+00,1.537395834922790527e+00,1.333646416664123535e+00,1.333646416664123535e+00,1.344758152961730957e+00,1.252861499786376953e+00,5.411932468414306641e-01,5.411932468414306641e-01,5.242692232131958008e-01,8.236984610557556152e-01,6.325849890708923340e-02,6.325849890708923340e-02,1.002401933073997498e-01,3.502036333084106445e-01,6.580342352390289307e-02,6.580342352390289307e-02,1.965577155351638794e-01,8.481977880001068115e-02,4.508693218231201172e-01,4.508693218231201172e-01,8.362432122230529785e-01,3.364236354827880859e-01,1.234658718109130859e+00,1.234658718109130859e+00,1.487608075141906738e+00,1.056829571723937988e+00
9.400000000000000000e+01,1.727125167846679688e+00,1.727125167846679688e+00,1.743752121925354004e+00,1.546305418014526367e+00,1.330466151237487793e+00,1.330466151237487793e+00,1.333383440971374512e+00,1.258396625518798828e+00,5.356883406639099121e-01,5.356883406639099121e-01,5.129019618034362793e-01,8.286476135253906250e-01,6.332120299339294434e-02,6.332120299339294434e-02,9.835311770439147949e-02,3.478678464889526367e-01,6.394603848457336426e-02,6.394603848457336426e-02,1.981099098920822144e-01,8.240616321563720703e-02,4.717345237731933594e-01,4.717345237731933594e-01,8.372346162796020508e-01,3.447740972042083740e-01,1.239198088645935059e+00,1.239198088645935059e+00,1.481837868690490723e+00,1.064036726951599121e+00
9.500000000000000000e+01,1.729243159294128418e+00,1.729243159294128418e+00,1.738074064254760742e+00,1.553693652153015137e+00,1.323934078216552734e+00,1.323934078216552734e+00,1.321187019348144531e+00,1.261904954910278320e+00,5.287957191467285156e-01,5.287957191467285156e-01,5.006085038185119629e-01,8.330840468406677246e-01,6.298432499170303345e-02,6.298432499170303345e-02,9.723801910877227783e-02,3.460851013660430908e-01,6.007836386561393738e-02,6.007836386561393738e-02,1.990440189838409424e-01,7.959661632776260376e-02,4.644918441772460938e-01,4.644918441772460938e-01,8.373670578002929688e-01,3.445583581924438477e-01,1.243582606315612793e+00,1.243582606315612793e+00,1.476107001304626465e+00,1.078362584114074707e+00
9.600000000000000000e+01,1.731305599212646484e+00,1.731305599212646484e+00,1.732062935829162598e+00,1.562469482421875000e+00,1.322093725204467773e+00,1.322093725204467773e+00,1.308860421180725098e+00,1.274866104125976562e+00,5.226187705993652344e-01,5.226187705993652344e-01,4.887897372245788574e-01,8.367511630058288574e-01,6.252186000347137451e-02,6.252186000347137451e-02,9.566275775432586670e-02,3.434094786643981934e-01,5.871672928333282471e-02,5.871672928333282471e-02,1.987557411193847656e-01,7.671625912189483643e-02,4.672741591930389404e-01,4.672741591930389404e-01,8.371587395668029785e-01,3.441746532917022705e-01,1.247650861740112305e+00,1.247650861740112305e+00,1.469936132431030273e+00,1.088933944702148438e+00
9.700000000000000000e+01,1.733185291290283203e+00,1.733185291290283203e+00,1.724672794342041016e+00,1.571219086647033691e+00,1.316870212554931641e+00,1.316870212554931641e+00,1.295992016792297363e+00,1.282836079597473145e+00,5.121042728424072266e-01,5.121042728424072266e-01,4.762425422668457031e-01,8.401302099227905273e-01,6.161968782544136047e-02,6.161968782544136047e-02,9.412942826747894287e-02,3.403572142124176025e-01,5.536660552024841309e-02,5.536660552024841309e-02,1.983715891838073730e-01,7.355816662311553955e-02,4.477116167545318604e-01,4.477116167545318604e-01,8.363488912582397461e-01,3.434880673885345459e-01,1.249127388000488281e+00,1.249127388000488281e+00,1.463606595993041992e+00,1.099847793579101562e+00
9.800000000000000000e+01,1.734225273132324219e+00,1.734225273132324219e+00,1.719020009040832520e+00,1.578309059143066406e+00,1.311364412307739258e+00,1.311364412307739258e+00,1.282560825347900391e+00,1.289919495582580566e+00,5.070971250534057617e-01,5.070971250534057617e-01,4.634363949298858643e-01,8.425799012184143066e-01,6.059113144874572754e-02,6.059113144874572754e-02,9.258759766817092896e-02,3.370020687580108643e-01,5.253376066684722900e-02,5.253376066684722900e-02,1.981619447469711304e-01,7.109533250331878662e-02,4.617235958576202393e-01,4.617235958576202393e-01,8.360126614570617676e-01,3.453800380229949951e-01,1.255196690559387207e+00,1.255196690559387207e+00,1.457754731178283691e+00,1.112034082412719727e+00
9.900000000000000000e+01,1.735358715057373047e+00,1.735358715057373047e+00,1.712027192115783691e+00,1.586326479911804199e+00,1.297827005386352539e+00,1.297827005386352539e+00,1.268974542617797852e+00,1.296989560127258301e+00,4.984526336193084717e-01,4.984526336193084717e-01,4.506257176399230957e-01,8.447682857513427734e-01,5.925794690847396851e-02,5.925794690847396851e-02,9.196444600820541382e-02,3.341428637504577637e-01,4.927461966872215271e-02,4.927461966872215271e-02,2.003196179866790771e-01,6.829174607992172241e-02,4.598799049854278564e-01,4.598799049854278564e-01,8.353151082992553711e-01,3.494128584861755371e-01,1.259684681892395020e+00,1.259684681892395020e+00,1.452321767807006836e+00,1.124202966690063477e+00
1.000000000000000000e+02,1.737532854080200195e+00,1.737532854080200195e+00,1.704294204711914062e+00,1.575193285942077637e+00,1.297051668167114258e+00,1.297051668167114258e+00,1.255621194839477539e+00,1.299768209457397461e+00,4.902557730674743652e-01,4.902557730674743652e-01,4.387391507625579834e-01,8.466321825981140137e-01,5.799399316310882568e-02,5.799399316310882568e-02,9.166567772626876831e-02,3.312498927116394043e-01,4.805180430412292480e-02,4.805180430412292480e-02,2.047509104013442993e-01,6.919143348932266235e-02,4.613930284976959229e-01,4.613930284976959229e-01,8.380680084228515625e-01,3.566086292266845703e-01,1.266219139099121094e+00,1.266219139099121094e+00,1.448638319969177246e+00,1.138668537139892578e+00
1.010000000000000000e+02,1.737964391708374023e+00,1.737964391708374023e+00,1.696964740753173828e+00,1.600496053695678711e+00,1.291527390480041504e+00,1.291527390480041504e+00,1.242064952850341797e+00,1.309283733367919922e+00,4.807584881782531738e-01,4.807584881782531738e-01,4.260932505130767822e-01,8.476241230964660645e-01,5.640587210655212402e-02,5.640587210655212402e-02,9.124781191349029541e-02,3.282314538955688477e-01,4.873524606227874756e-02,4.873524606227874756e-02,2.084368616342544556e-01,6.929184496402740479e-02,4.622097313404083252e-01,4.622097313404083252e-01,8.256859779357910156e-01,3.637253642082214355e-01,1.271993160247802734e+00,1.271993160247802734e+00,1.444392800331115723e+00,1.152566432952880859e+00
1.020000000000000000e+02,1.738313198089599609e+00,1.738313198089599609e+00,1.689404487609863281e+00,1.607136368751525879e+00,1.284784436225891113e+00,1.284784436225891113e+00,1.228543639183044434e+00,1.314816713333129883e+00,4.743753075599670410e-01,4.743753075599670410e-01,4.201183021068572998e-01,8.497710227966308594e-01,5.573882907629013062e-02,5.573882907629013062e-02,9.156940877437591553e-02,3.250764012336730957e-01,4.994785040616989136e-02,4.994785040616989136e-02,2.120750546455383301e-01,7.001946866512298584e-02,4.652875661849975586e-01,4.652875661849975586e-01,8.442413210868835449e-01,3.715049624443054199e-01,1.278895974159240723e+00,1.278895974159240723e+00,1.439473152160644531e+00,1.166981458663940430e+00
1.030000000000000000e+02,1.738993644714355469e+00,1.738993644714355469e+00,1.681579589843750000e+00,1.613610982894897461e+00,1.279439926147460938e+00,1.279439926147460938e+00,1.215462684631347656e+00,1.321265220642089844e+00,4.643043875694274902e-01,4.643043875694274902e-01,4.145585000514984131e-01,8.510541915893554688e-01,5.519721284508705139e-02,5.519721284508705139e-02,9.208922833204269409e-02,3.219603002071380615e-01,5.094197764992713928e-02,5.094197764992713928e-02,2.168837636709213257e-01,7.053928822278976440e-02,4.664631485939025879e-01,4.664631485939025879e-01,8.469323515892028809e-01,3.792585730552673340e-01,1.285551309585571289e+00,1.285551309585571289e+00,1.436224579811096191e+00,1.179915666580200195e+00
1.040000000000000000e+02,1.738713145256042480e+00,1.738713145256042480e+00,1.673942446708679199e+00,1.619725704193115234e+00,1.274068474769592285e+00,1.274068474769592285e+00,1.202032208442687988e+00,1.327274680137634277e+00,4.600061774253845215e-01,4.600061774253845215e-01,4.070279002189636230e-01,8.515892624855041504e-01,5.431586503982543945e-02,5.431586503982543945e-02,9.251890331506729126e-02,3.186890780925750732e-01,5.262794345617294312e-02,5.262794345617294312e-02,2.206564098596572876e-01,7.094334065914154053e-02,4.711587727069854736e-01,4.711587727069854736e-01,8.491456508636474609e-01,3.867894411087036133e-01,1.291646957397460938e+00,1.291646957397460938e+00,1.431213736534118652e+00,1.194909334182739258e+00
1.050000000000000000e+02,1.738154411315917969e+00,1.738154411315917969e+00,1.664197683334350586e+00,1.625407934188842773e+00,1.267213344573974609e+00,1.267213344573974609e+00,1.188039183616638184e+00,1.332941293716430664e+00,4.508527815341949463e-01,4.508527815341949463e-01,3.999548256397247314e-01,8.520668745040893555e-01,5.300312116742134094e-02,5.300312116742134094e-02,9.278652817010879517e-02,3.141110837459564209e-01,5.334803089499473572e-02,5.334803089499473572e-02,2.252779304981231689e-01,7.176315039396286011e-02,4.711419343948364258e-01,4.711419343948364258e-01,8.508969545364379883e-01,3.954344987869262695e-01,1.297208309173583984e+00,1.297208309173583984e+00,1.425872325897216797e+00,1.208550095558166504e+00
1.060000000000000000e+02,1.737319588661193848e+00,1.737319588661193848e+00,1.659327030181884766e+00,1.630784988403320312e+00,1.260162115097045898e+00,1.260162115097045898e+00,1.175872683525085449e+00,1.338405728340148926e+00,4.492278397083282471e-01,4.492278397083282471e-01,3.953630924224853516e-01,8.531057834625244141e-01,5.309026688337326050e-02,5.309026688337326050e-02,9.494496136903762817e-02,3.110676705837249756e-01,5.428120493888854980e-02,5.428120493888854980e-02,2.302664220333099365e-01,7.242583483457565308e-02,4.792620539665222168e-01,4.792620539665222168e-01,8.528708815574645996e-01,3.979144394397735596e-01,1.302383542060852051e+00,1.302383542060852051e+00,1.420257210731506348e+00,1.222014069557189941e+00
1.070000000000000000e+02,1.736064910888671875e+00,1.736064910888671875e+00,1.652180910110473633e+00,1.636344194412231445e+00,1.254739284515380859e+00,1.254739284515380859e+00,1.161236047744750977e+00,1.343380808830261230e+00,4.468981027603149414e-01,4.468981027603149414e-01,3.904548883438110352e-01,8.533980250358581543e-01,5.271458253264427185e-02,5.271458253264427185e-02,9.684657305479049683e-02,3.068525791168212891e-01,5.502458661794662476e-02,5.502458661794662476e-02,2.349817156791687012e-01,7.254088670015335083e-02,4.853715300559997559e-01,4.853715300559997559e-01,8.543592691421508789e-01,4.142116606235504150e-01,1.307533979415893555e+00,1.307533979415893555e+00,1.412333488464355469e+00,1.235225677490234375e+00
1.080000000000000000e+02,1.734582901000976562e+00,1.734582901000976562e+00,1.644500732421875000e+00,1.641144037246704102e+00,1.248190283775329590e+00,1.248190283775329590e+00,1.150440454483032227e+00,1.347723960876464844e+00,4.435406327247619629e-01,4.435406327247619629e-01,3.839351236820220947e-01,8.532125949859619141e-01,5.188100785017013550e-02,5.188100785017013550e-02,9.812440723180770874e-02,3.023031949996948242e-01,5.544516444206237793e-02,5.544516444206237793e-02,2.392047196626663208e-01,7.362284511327743530e-02,4.905561804771423340e-01,4.905561804771423340e-01,8.552768230438232422e-01,4.234652519226074219e-01,1.311788082122802734e+00,1.311788082122802734e+00,1.406282663345336914e+00,1.247910737991333008e+00
1.090000000000000000e+02,1.732845783233642578e+00,1.732845783233642578e+00,1.636514663696289062e+00,1.645794272422790527e+00,1.241363167762756348e+00,1.241363167762756348e+00,1.137753963470458984e+00,1.351530313491821289e+00,4.396428465843200684e-01,4.396428465843200684e-01,3.799598515033721924e-01,8.527158498764038086e-01,5.087294057011604309e-02,5.087294057011604309e-02,1.001684591174125671e-01,2.974537611007690430e-01,5.586599558591842651e-02,5.586599558591842651e-02,2.429730296134948730e-01,7.436340302228927612e-02,4.951432943344116211e-01,4.951432943344116211e-01,8.554407358169555664e-01,4.324632585048675537e-01,1.315482974052429199e+00,1.315482974052429199e+00,1.399928689002990723e+00,1.259968280792236328e+00
1.100000000000000000e+02,1.730691671371459961e+00,1.730691671371459961e+00,1.627054452896118164e+00,1.650507688522338867e+00,1.234186172485351562e+00,1.234186172485351562e+00,1.124775171279907227e+00,1.354766726493835449e+00,4.348973035812377930e-01,4.348973035812377930e-01,3.750855922698974609e-01,8.515511155128479004e-01,4.960593953728675842e-02,4.960593953728675842e-02,1.016094982624053955e-01,2.922873795032501221e-01,5.599948391318321228e-02,5.599948391318321228e-02,2.462978065013885498e-01,7.486855238676071167e-02,4.990947246551513672e-01,4.990947246551513672e-01,8.553844690322875977e-01,4.429467916488647461e-01,1.318645715713500977e+00,1.318645715713500977e+00,1.390138149261474609e+00,1.272415041923522949e+00
1.110000000000000000e+02,1.728373169898986816e+00,1.728373169898986816e+00,1.619423270225524902e+00,1.654718875885009766e+00,1.226434707641601562e+00,1.226434707641601562e+00,1.112177610397338867e+00,1.357945680618286133e+00,4.299775063991546631e-01,4.299775063991546631e-01,3.707933127880096436e-01,8.500947356224060059e-01,4.789076372981071472e-02,4.789076372981071472e-02,1.027868166565895081e-01,2.864352762699127197e-01,5.574305728077888489e-02,5.574305728077888489e-02,2.491764575242996216e-01,7.509359717369079590e-02,5.024676918983459473e-01,5.024676918983459473e-01,8.512715697288513184e-01,4.539641141891479492e-01,1.321146965026855469e+00,1.321146965026855469e+00,1.385179281234741211e+00,1.284338235855102539e+00
1.120000000000000000e+02,1.725732326507568359e+00,1.725732326507568359e+00,1.610724925994873047e+00,1.658459901809692383e+00,1.218077898025512695e+00,1.218077898025512695e+00,1.099821805953979492e+00,1.361008167266845703e+00,4.247097074985504150e-01,4.247097074985504150e-01,3.683098852634429932e-01,8.481425046920776367e-01,4.579149186611175537e-02,4.579149186611175537e-02,1.034860461950302124e-01,2.803946733474731445e-01,5.525857210159301758e-02,5.525857210159301758e-02,2.512322664260864258e-01,7.537956535816192627e-02,5.052663087844848633e-01,5.052663087844848633e-01,8.529636263847351074e-01,4.648688137531280518e-01,1.322453379631042480e+00,1.322453379631042480e+00,1.377153992652893066e+00,1.295966386795043945e+00
1.130000000000000000e+02,1.722674250602722168e+00,1.722674250602722168e+00,1.601731419563293457e+00,1.662030696868896484e+00,1.210150003433227539e+00,1.210150003433227539e+00,1.088577032089233398e+00,1.364900112152099609e+00,4.219502210617065430e-01,4.219502210617065430e-01,3.524112999439239502e-01,8.463555574417114258e-01,4.536451399326324463e-02,4.536451399326324463e-02,1.054761484265327454e-01,2.745311260223388672e-01,5.554981529712677002e-02,5.554981529712677002e-02,2.538036704063415527e-01,7.571377605199813843e-02,5.102323889732360840e-01,5.102323889732360840e-01,8.517187237739562988e-01,4.769902527332305908e-01,1.325957179069519043e+00,1.325957179069519043e+00,1.368896365165710449e+00,1.308032274246215820e+00
1.140000000000000000e+02,1.719576239585876465e+00,1.719576239585876465e+00,1.580680847167968750e+00,1.665342569351196289e+00,1.204972028732299805e+00,1.204972028732299805e+00,1.077899336814880371e+00,1.368733525276184082e+00,4.219419360160827637e-01,4.219419360160827637e-01,3.656895756721496582e-01,8.443750143051147461e-01,4.654599726200103760e-02,4.654599726200103760e-02,1.075746938586235046e-01,2.693322598934173584e-01,5.680231004953384399e-02,5.680231004953384399e-02,2.565373778343200684e-01,7.650277018547058105e-02,5.173950791358947754e-01,5.173950791358947754e-01,8.504662513732910156e-01,4.889879822731018066e-01,1.329976081848144531e+00,1.329976081848144531e+00,1.361500263214111328e+00,1.319474458694458008e+00
1.150000000000000000e+02,1.716116070747375488e+00,1.716116070747375488e+00,1.583337664604187012e+00,1.668094158172607422e+00,1.198319077491760254e+00,1.198319077491760254e+00,1.067312836647033691e+00,1.372061133384704590e+00,4.213061928749084473e-01,4.213061928749084473e-01,3.656100034713745117e-01,8.421835899353027344e-01,4.734723642468452454e-02,4.734723642468452454e-02,1.096940785646438599e-01,2.632024884223937988e-01,5.767152830958366394e-02,5.767152830958366394e-02,2.587618529796600342e-01,7.794968038797378540e-02,5.139179229736328125e-01,5.139179229736328125e-01,8.483124971389770508e-01,5.008857250213623047e-01,1.330090880393981934e+00,1.330090880393981934e+00,1.354364752769470215e+00,1.330683231353759766e+00
1.160000000000000000e+02,1.712416052818298340e+00,1.712416052818298340e+00,1.565032958984375000e+00,1.670686483383178711e+00,1.191414356231689453e+00,1.191414356231689453e+00,1.056941032409667969e+00,1.372856974601745605e+00,4.203024804592132568e-01,4.203024804592132568e-01,3.658512234687805176e-01,8.397396802902221680e-01,4.796834662556648254e-02,4.796834662556648254e-02,1.121753603219985962e-01,2.595880329608917236e-01,5.824157595634460449e-02,5.824157595634460449e-02,2.609972059726715088e-01,7.986956089735031128e-02,5.298558473587036133e-01,5.298558473587036133e-01,8.456401824951171875e-01,5.123818516731262207e-01,1.336347937583923340e+00,1.336347937583923340e+00,1.340724945068359375e+00,1.341254949569702148e+00
1.170000000000000000e+02,1.708199977874755859e+00,1.708199977874755859e+00,1.564902782440185547e+00,1.673331141471862793e+00,1.183989167213439941e+00,1.183989167213439941e+00,1.046590209007263184e+00,1.377490997314453125e+00,4.187169969081878662e-01,4.187169969081878662e-01,3.659076094627380371e-01,8.351315259933471680e-01,4.823111370205879211e-02,4.823111370205879211e-02,1.144751012325286865e-01,2.562564313411712646e-01,5.842161178588867188e-02,5.842161178588867188e-02,2.641184926033020020e-01,8.279738575220108032e-02,5.351145267486572266e-01,5.351145267486572266e-01,8.424184918403625488e-01,5.257800221443176270e-01,1.338319540023803711e+00,1.338319540023803711e+00,1.338443279266357422e+00,1.351347923278808594e+00
1.180000000000000000e+02,1.704333543777465820e+00,1.704333543777465820e+00,1.554852724075317383e+00,1.675277113914489746e+00,1.178748965263366699e+00,1.178748965263366699e+00,1.038861870765686035e+00,1.381141066551208496e+00,4.204205870628356934e-01,4.204205870628356934e-01,3.692226707935333252e-01,8.354924917221069336e-01,5.056479200720787048e-02,5.056479200720787048e-02,1.191859543323516846e-01,2.538607120513916016e-01,5.894639715552330017e-02,5.894639715552330017e-02,2.675954401493072510e-01,8.607567101716995239e-02,5.409722924232482910e-01,5.409722924232482910e-01,8.394639492034912109e-01,5.379979014396667480e-01,1.340846300125122070e+00,1.340846300125122070e+00,1.330431342124938965e+00,1.361451864242553711e+00
1.190000000000000000e+02,1.696056246757507324e+00,1.696056246757507324e+00,1.546087145805358887e+00,1.676567912101745605e+00,1.173161983489990234e+00,1.173161983489990234e+00,1.031036257743835449e+00,1.384307026863098145e+00,4.216124415397644043e-01,4.216124415397644043e-01,3.721600174903869629e-01,8.334125280380249023e-01,5.262414738535881042e-02,5.262414738535881042e-02,1.236301660537719727e-01,2.515375018119812012e-01,5.918755009770393372e-02,5.918755009770393372e-02,2.705220282077789307e-01,8.938053995370864868e-02,5.461713671684265137e-01,5.461713671684265137e-01,8.358457088470458984e-01,5.510626435279846191e-01,1.342804908752441406e+00,1.342804908752441406e+00,1.321959257125854492e+00,1.371146559715270996e+00
1.200000000000000000e+02,1.695617914199829102e+00,1.695617914199829102e+00,1.536476016044616699e+00,1.677974700927734375e+00,1.167266011238098145e+00,1.167266011238098145e+00,1.022840023040771484e+00,1.386953234672546387e+00,4.222935438156127930e-01,4.222935438156127930e-01,3.751113414764404297e-01,8.317706584930419922e-01,5.435471236705780029e-02,5.435471236705780029e-02,1.278088539838790894e-01,2.434495091438293457e-01,5.913998559117317200e-02,5.913998559117317200e-02,2.729873657226562500e-01,9.296554327011108398e-02,5.507051944732666016e-01,5.507051944732666016e-01,8.317021131515502930e-01,5.629441142082214355e-01,1.344198584556579590e+00,1.344198584556579590e+00,1.313050508499145508e+00,1.380598306655883789e+00
1.210000000000000000e+02,1.690713524818420410e+00,1.690713524818420410e+00,1.514787197113037109e+00,1.678546667098999023e+00,1.164663791656494141e+00,1.164663791656494141e+00,1.014676570892333984e+00,1.389014124870300293e+00,4.221290946006774902e-01,4.221290946006774902e-01,3.775676786899566650e-01,8.286297917366027832e-01,5.720404908061027527e-02,5.720404908061027527e-02,1.316093951463699341e-01,2.453036904335021973e-01,6.235246360301971436e-02,6.235246360301971436e-02,2.749337553977966309e-01,9.691125154495239258e-02,5.546379685401916504e-01,5.546379685401916504e-01,8.263083100318908691e-01,5.745202302932739258e-01,1.346418261528015137e+00,1.346418261528015137e+00,1.304456710815429688e+00,1.389283776283264160e+00
1.220000000000000000e+02,1.686239242553710938e+00,1.686239242553710938e+00,1.516825675964355469e+00,1.678829789161682129e+00,1.161561489105224609e+00,1.161561489105224609e+00,1.004471421241760254e+00,1.390390157699584961e+00,4.220578670501708984e-01,4.220578670501708984e-01,3.799354434013366699e-01,8.253381252288818359e-01,5.962717533111572266e-02,5.962717533111572266e-02,1.350697875022888184e-01,2.420051693916320801e-01,6.507598608732223511e-02,6.507598608732223511e-02,2.763617634773254395e-01,1.006041020154953003e-01,5.577594041824340820e-01,5.577594041824340820e-01,8.216656446456909180e-01,5.864642858505249023e-01,1.348138570785522461e+00,1.348138570785522461e+00,1.296869397163391113e+00,1.397161126136779785e+00
1.230000000000000000e+02,1.681337833404541016e+00,1.681337833404541016e+00,1.506878018379211426e+00,1.679352283477783203e+00,1.158109307289123535e+00,1.158109307289123535e+00,1.000025033950805664e+00,1.391819000244140625e+00,4.212397336959838867e-01,4.212397336959838867e-01,3.822478950023651123e-01,8.224035501480102539e-01,6.177467107772827148e-02,6.177467107772827148e-02,1.383386701345443726e-01,2.386119812726974487e-01,6.739243119955062866e-02,6.739243119955062866e-02,2.774022817611694336e-01,1.040688753128051758e-01,5.603698492050170898e-01,5.603698492050170898e-01,8.158637285232543945e-01,5.979385375976562500e-01,1.349265098571777344e+00,1.349265098571777344e+00,1.287118554115295410e+00,1.405339479446411133e+00
1.240000000000000000e+02,1.676549553871154785e+00,1.676549553871154785e+00,1.496039867401123047e+00,1.679458260536193848e+00,1.156148433685302734e+00,1.156148433685302734e+00,9.941809177398681641e-01,1.391446352005004883e+00,4.219551384449005127e-01,4.219551384449005127e-01,3.871571719646453857e-01,8.194710016250610352e-01,6.422514468431472778e-02,6.422514468431472778e-02,1.425773799419403076e-01,2.355713099241256714e-01,6.991687417030334473e-02,6.991687417030334473e-02,2.775740623474121094e-01,1.075883060693740845e-01,5.620163679122924805e-01,5.620163679122924805e-01,8.094379901885986328e-01,6.081628203392028809e-01,1.349143385887145996e+00,1.349143385887145996e+00,1.280373096466064453e+00,1.413154006004333496e+00
1.250000000000000000e+02,1.667033314704895020e+00,1.667033314704895020e+00,1.489359378814697266e+00,1.679620504379272461e+00,1.159870028495788574e+00,1.159870028495788574e+00,9.942348003387451172e-01,1.397092461585998535e+00,4.303669035434722900e-01,4.303669035434722900e-01,3.995151221752166748e-01,8.180602788925170898e-01,7.298010587692260742e-02,7.298010587692260742e-02,1.535148322582244873e-01,2.361985146999359131e-01,7.425704598426818848e-02,7.425704598426818848e-02,2.795750498771667480e-01,1.114517673850059509e-01,5.670455694198608398e-01,5.670455694198608398e-01,8.045364618301391602e-01,6.207869052886962891e-01,1.351747751235961914e+00,1.351747751235961914e+00,1.272324681282043457e+00,1.420652508735656738e+00
1.260000000000000000e+02,1.665971755981445312e+00,1.665971755981445312e+00,1.481574058532714844e+00,1.677773118019104004e+00,1.163319587707519531e+00,1.163319587707519531e+00,9.946607351303100586e-01,1.398619771003723145e+00,4.379107058048248291e-01,4.379107058048248291e-01,4.115735292434692383e-01,8.215349316596984863e-01,8.020124584436416626e-02,8.020124584436416626e-02,1.633639335632324219e-01,2.369163036346435547e-01,7.811463624238967896e-02,7.811463624238967896e-02,2.747657597064971924e-01,1.151561960577964783e-01,5.694352388381958008e-01,5.694352388381958008e-01,7.986440658569335938e-01,6.317810416221618652e-01,1.352695107460021973e+00,1.352695107460021973e+00,1.264259338378906250e+00,1.427682161331176758e+00
1.270000000000000000e+02,1.662404894828796387e+00,1.662404894828796387e+00,1.473111152648925781e+00,1.679168462753295898e+00,1.144217133522033691e+00,1.144217133522033691e+00,9.946531057357788086e-01,1.405030608177185059e+00,4.449845552444458008e-01,4.449845552444458008e-01,4.238032102584838867e-01,8.220019936561584473e-01,8.693345636129379272e-02,8.693345636129379272e-02,1.727075427770614624e-01,2.373374402523040771e-01,8.172971755266189575e-02,8.172971755266189575e-02,2.812315821647644043e-01,1.186748743057250977e-01,5.731647610664367676e-01,5.731647610664367676e-01,7.921742796897888184e-01,6.429024934768676758e-01,1.353173017501831055e+00,1.353173017501831055e+00,1.255494594573974609e+00,1.433890461921691895e+00
1.280000000000000000e+02,1.658123135566711426e+00,1.658123135566711426e+00,1.466509461402893066e+00,1.678634881973266602e+00,1.170718669891357422e+00,1.170718669891357422e+00,9.965120553970336914e-01,1.410085678100585938e+00,4.525796175003051758e-01,4.525796175003051758e-01,4.372843801975250244e-01,8.227748870849609375e-01,9.381215274333953857e-02,9.381215274333953857e-02,1.821790933609008789e-01,2.378656715154647827e-01,8.496659994125366211e-02,8.496659994125366211e-02,2.821751832962036133e-01,1.200436800718307495e-01,5.753309726715087891e-01,5.753309726715087891e-01,7.855063676834106445e-01,6.540651917457580566e-01,1.353158116340637207e+00,1.353158116340637207e+00,1.246606945991516113e+00,1.439696550369262695e+00
1.290000000000000000e+02,1.652204990386962891e+00,1.652204990386962891e+00,1.460712432861328125e+00,1.673903584480285645e+00,1.175131082534790039e+00,1.175131082534790039e+00,9.990409612655639648e-01,1.416628003120422363e+00,4.603999257087707520e-01,4.603999257087707520e-01,4.515301585197448730e-01,8.239382505416870117e-01,1.003854423761367798e-01,1.003854423761367798e-01,1.917234659194946289e-01,2.384881228208541870e-01,8.764897286891937256e-02,8.764897286891937256e-02,2.833813130855560303e-01,1.254778802394866943e-01,5.767499208450317383e-01,5.767499208450317383e-01,7.783548235893249512e-01,6.653991341590881348e-01,1.352378606796264648e+00,1.352378606796264648e+00,1.237474560737609863e+00,1.445027589797973633e+00
1.300000000000000000e+02,1.650111198425292969e+00,1.650111198425292969e+00,1.454626917839050293e+00,1.676520228385925293e+00,1.178937435150146484e+00,1.178937435150146484e+00,1.001316547393798828e+00,1.421365380287170410e+00,4.668983519077301025e-01,4.668983519077301025e-01,4.659783840179443359e-01,8.248443007469177246e-01,1.069562584161758423e-01,1.069562584161758423e-01,2.006971091032028198e-01,2.385639399290084839e-01,8.992711454629898071e-02,8.992711454629898071e-02,2.840218245983123779e-01,1.296247392892837524e-01,5.758112668991088867e-01,5.758112668991088867e-01,7.699985504150390625e-01,6.762102246284484863e-01,1.351245403289794922e+00,1.351245403289794922e+00,1.227634191513061523e+00,1.449722170829772949e+00
1.310000000000000000e+02,1.646420001983642578e+00,1.646420001983642578e+00,1.448402404785156250e+00,1.675114154815673828e+00,1.183203935623168945e+00,1.183203935623168945e+00,1.003659725189208984e+00,1.425925135612487793e+00,4.741886258125305176e-01,4.741886258125305176e-01,4.803242981433868408e-01,8.246394991874694824e-01,1.128302216529846191e-01,1.128302216529846191e-01,2.090730071067810059e-01,2.380992025136947632e-01,9.163613617420196533e-02,9.163613617420196533e-02,2.833443284034729004e-01,1.330145746469497681e-01,5.767028331756591797e-01,5.767028331756591797e-01,7.622017860412597656e-01,6.867412328720092773e-01,1.349632143974304199e+00,1.349632143974304199e+00,1.218031167984008789e+00,1.453961253166198730e+00
1.320000000000000000e+02,1.642392516136169434e+00,1.642392516136169434e+00,1.442327857017517090e+00,1.673606634140014648e+00,1.186854481697082520e+00,1.186854481697082520e+00,1.006114840507507324e+00,1.430213093757629395e+00,4.811010658740997314e-01,4.811010658740997314e-01,4.910889267921447754e-01,8.250279426574707031e-01,1.185617372393608093e-01,1.185617372393608093e-01,2.168506681919097900e-01,2.368845641613006592e-01,9.276324510574340820e-02,9.276324510574340820e-02,2.837278544902801514e-01,1.358754932880401611e-01,5.768221020698547363e-01,5.768221020698547363e-01,7.534047961235046387e-01,6.971251964569091797e-01,1.347999095916748047e+00,1.347999095916748047e+00,1.207594156265258789e+00,1.457400441169738770e+00
1.330000000000000000e+02,1.639733672142028809e+00,1.639733672142028809e+00,1.436758518218994141e+00,1.671860814094543457e+00,1.190071702003479004e+00,1.190071702003479004e+00,1.008721351623535156e+00,1.434127092361450195e+00,4.868249595165252686e-01,4.868249595165252686e-01,5.084753036499023438e-01,8.242685794830322266e-01,1.236958056688308716e-01,1.236958056688308716e-01,2.240301966667175293e-01,2.086981683969497681e-01,9.324462711811065674e-02,9.324462711811065674e-02,2.827856242656707764e-01,1.393463462591171265e-01,5.755620598793029785e-01,5.755620598793029785e-01,7.440149784088134766e-01,7.069022655487060547e-01,1.345857143402099609e+00,1.345857143402099609e+00,1.196818351745605469e+00,1.458614349365234375e+00
1.340000000000000000e+02,1.636301040649414062e+00,1.636301040649414062e+00,1.431200742721557617e+00,1.664119958877563477e+00,1.193361639976501465e+00,1.193361639976501465e+00,1.011427998542785645e+00,1.437977194786071777e+00,4.919946789741516113e-01,4.919946789741516113e-01,5.220668911933898926e-01,8.238730430603027344e-01,1.256556212902069092e-01,1.256556212902069092e-01,2.298572957515716553e-01,2.336308062076568604e-01,9.365525841712951660e-02,9.365525841712951660e-02,2.813715040683746338e-01,1.422370225191116333e-01,5.736237168312072754e-01,5.736237168312072754e-01,7.339200973510742188e-01,7.169379591941833496e-01,1.342097640037536621e+00,1.342097640037536621e+00,1.182399749755859375e+00,1.463135600090026855e+00
1.350000000000000000e+02,1.633775949478149414e+00,1.633775949478149414e+00,1.426232457160949707e+00,1.668365836143493652e+00,1.195406794548034668e+00,1.195406794548034668e+00,1.014208674430847168e+00,1.441389918327331543e+00,4.965781271457672119e-01,4.965781271457672119e-01,5.352034568786621094e-01,8.218582272529602051e-01,1.320351660251617432e-01,1.320351660251617432e-01,2.366160154342651367e-01,2.315171211957931519e-01,9.306745976209640503e-02,9.306745976209640503e-02,2.794612944126129150e-01,1.449349224567413330e-01,5.707791447639465332e-01,5.707791447639465332e-01,7.234108448028564453e-01,7.255500555038452148e-01,1.339955091476440430e+00,1.339955091476440430e+00,1.174253702163696289e+00,1.465090990066528320e+00
1.360000000000000000e+02,1.631681203842163086e+00,1.631681203842163086e+00,1.424355387687683105e+00,1.667579889297485352e+00,1.205089807510375977e+00,1.205089807510375977e+00,1.028608679771423340e+00,1.450960397720336914e+00,5.205425024032592773e-01,5.205425024032592773e-01,5.629111528396606445e-01,8.299916982650756836e-01,1.442186534404754639e-01,1.442186534404754639e-01,2.532419860363006592e-01,2.343573868274688721e-01,8.704788237810134888e-02,8.704788237810134888e-02,2.806953191757202148e-01,1.470425426959991455e-01,5.770702362060546875e-01,5.770702362060546875e-01,7.163060903549194336e-01,7.365787625312805176e-01,1.338417291641235352e+00,1.338417291641235352e+00,1.165833830833435059e+00,1.467783451080322266e+00
1.370000000000000000e+02,1.629625797271728516e+00,1.629625797271728516e+00,1.420992136001586914e+00,1.667253136634826660e+00,1.220283150672912598e+00,1.220283150672912598e+00,1.042683839797973633e+00,1.460680842399597168e+00,5.438543558120727539e-01,5.438543558120727539e-01,5.898727774620056152e-01,8.371683955192565918e-01,1.564163267612457275e-01,1.564163267612457275e-01,2.689453959465026855e-01,2.370208501815795898e-01,9.562149643898010254e-02,9.562149643898010254e-02,2.812919020652770996e-01,1.529754102230072021e-01,5.825545787811279297e-01,5.825545787811279297e-01,7.088927626609802246e-01,7.470637559890747070e-01,1.336409926414489746e+00,1.336409926414489746e+00,1.157059311866760254e+00,1.469856142997741699e+00
1.380000000000000000e+02,1.629029035568237305e+00,1.629029035568237305e+00,1.423967838287353516e+00,1.667257070541381836e+00,1.233495116233825684e+00,1.233495116233825684e+00,1.058714866638183594e+00,1.469922900199890137e+00,5.664848685264587402e-01,5.664848685264587402e-01,6.166961193084716797e-01,8.438810706138610840e-01,1.670859754085540771e-01,1.670859754085540771e-01,2.837306559085845947e-01,2.388477772474288940e-01,9.245371073484420776e-02,9.245371073484420776e-02,2.813348174095153809e-01,1.569857746362686157e-01,5.872918963432312012e-01,5.872918963432312012e-01,7.008010149002075195e-01,7.567185759544372559e-01,1.333785891532897949e+00,1.333785891532897949e+00,1.145519018173217773e+00,1.471289992332458496e+00
1.390000000000000000e+02,1.627444744110107422e+00,1.627444744110107422e+00,1.424257993698120117e+00,1.666201353073120117e+00,1.246076226234436035e+00,1.246076226234436035e+00,1.073855042457580566e+00,1.479193925857543945e+00,5.879275202751159668e-01,5.879275202751159668e-01,6.424403190612792969e-01,8.496822118759155273e-01,1.767240464687347412e-01,1.767240464687347412e-01,2.975728809833526611e-01,2.399924844503402710e-01,9.660216420888900757e-02,9.660216420888900757e-02,2.809289693832397461e-01,1.610088050365447998e-01,5.914614796638488770e-01,5.914614796638488770e-01,6.922928094863891602e-01,7.610480785369873047e-01,1.330492019653320312e+00,1.330492019653320312e+00,1.137366414070129395e+00,1.472183465957641602e+00
1.400000000000000000e+02,1.628385782241821289e+00,1.628385782241821289e+00,1.425571799278259277e+00,1.666907072067260742e+00,1.257952690124511719e+00,1.257952690124511719e+00,1.090410351753234863e+00,1.488219022750854492e+00,6.095284819602966309e-01,6.095284819602966309e-01,6.691918373107910156e-01,8.557134866714477539e-01,1.853185147047042847e-01,1.853185147047042847e-01,3.104752302169799805e-01,2.401673197746276855e-01,9.492151439189910889e-02,9.492151439189910889e-02,2.799468040466308594e-01,1.646720021963119507e-01,5.947233438491821289e-01,5.947233438491821289e-01,6.836339235305786133e-01,7.755521535873413086e-01,1.326593160629272461e+00,1.326593160629272461e+00,1.128201246261596680e+00,1.472308993339538574e+00
1.410000000000000000e+02,1.629649877548217773e+00,1.629649877548217773e+00,1.427257657051086426e+00,1.660189628601074219e+00,1.271067023277282715e+00,1.271067023277282715e+00,1.106776356697082520e+00,1.497020721435546875e+00,6.301538944244384766e-01,6.301538944244384766e-01,6.946972012519836426e-01,8.607563972473144531e-01,1.927001923322677612e-01,1.927001923322677612e-01,3.224168121814727783e-01,2.398864477872848511e-01,9.561043977737426758e-02,9.561043977737426758e-02,2.785392999649047852e-01,1.682015508413314819e-01,5.975021123886108398e-01,5.975021123886108398e-01,6.744297742843627930e-01,7.837054729461669922e-01,1.322010397911071777e+00,1.322010397911071777e+00,1.114137411117553711e+00,1.471359968185424805e+00
1.420000000000000000e+02,1.630933046340942383e+00,1.630933046340942383e+00,1.429597735404968262e+00,1.668074965476989746e+00,1.280339598655700684e+00,1.280339598655700684e+00,1.123180747032165527e+00,1.505941867828369141e+00,6.497000455856323242e-01,6.497000455856323242e-01,7.199148535728454590e-01,8.652570247650146484e-01,1.993306577205657959e-01,1.993306577205657959e-01,3.320414423942565918e-01,2.384586185216903687e-01,8.664429187774658203e-02,8.664429187774658203e-02,2.765896320343017578e-01,1.714988350868225098e-01,5.971091985702514648e-01,5.971091985702514648e-01,6.649922132492065430e-01,7.920144796371459961e-01,1.317000508308410645e+00,1.317000508308410645e+00,1.107254385948181152e+00,1.470201134681701660e+00
1.430000000000000000e+02,1.630845189094543457e+00,1.630845189094543457e+00,1.432496070861816406e+00,1.669428110122680664e+00,1.296909093856811523e+00,1.296909093856811523e+00,1.140669584274291992e+00,1.515148401260375977e+00,6.700494885444641113e-01,6.700494885444641113e-01,7.457683682441711426e-01,8.702653646469116211e-01,2.056191861629486084e-01,2.056191861629486084e-01,3.441598415374755859e-01,2.369871288537979126e-01,9.290238469839096069e-02,9.290238469839096069e-02,2.741104662418365479e-01,1.753364354372024536e-01,6.004859209060668945e-01,6.004859209060668945e-01,6.552463769912719727e-01,8.007721900939941406e-01,1.309823989868164062e+00,1.309823989868164062e+00,1.096381902694702148e+00,1.468547105789184570e+00
1.440000000000000000e+02,1.633725047111511230e+00,1.633725047111511230e+00,1.436350345611572266e+00,1.671157002449035645e+00,1.311119318008422852e+00,1.311119318008422852e+00,1.159405112266540527e+00,1.525048613548278809e+00,6.906928420066833496e-01,6.906928420066833496e-01,7.730574607849121094e-01,8.764688372611999512e-01,2.118125110864639282e-01,2.118125110864639282e-01,3.547414839267730713e-01,2.341538667678833008e-01,9.095722436904907227e-02,9.095722436904907227e-02,2.704861462116241455e-01,1.795094013214111328e-01,6.010331511497497559e-01,6.010331511497497559e-01,6.452392935752868652e-01,8.082190752029418945e-01,1.304528594017028809e+00,1.304528594017028809e+00,1.085758090019226074e+00,1.467323303222656250e+00
1.450000000000000000e+02,1.638567566871643066e+00,1.638567566871643066e+00,1.441163182258605957e+00,1.673161149024963379e+00,1.325728416442871094e+00,1.325728416442871094e+00,1.178471446037292480e+00,1.534715414047241211e+00,7.105616331100463867e-01,7.105616331100463867e-01,7.996869087219238281e-01,8.819993734359741211e-01,2.171424925327301025e-01,2.171424925327301025e-01,3.643267750740051270e-01,2.319687306880950928e-01,8.888473361730575562e-02,8.888473361730575562e-02,2.669704854488372803e-01,1.833491474390029907e-01,6.009122133255004883e-01,6.009122133255004883e-01,6.346341371536254883e-01,8.156527876853942871e-01,1.298788666725158691e+00,1.298788666725158691e+00,1.068387985229492188e+00,1.465219497680664062e+00
1.460000000000000000e+02,1.643519401550292969e+00,1.643519401550292969e+00,1.445862293243408203e+00,1.674854516983032227e+00,1.339767932891845703e+00,1.339767932891845703e+00,1.196406364440917969e+00,1.543796062469482422e+00,7.294564247131347656e-01,7.294564247131347656e-01,8.256157636642456055e-01,8.871857523918151855e-01,2.213313430547714233e-01,2.213313430547714233e-01,3.728483319282531738e-01,2.298492342233657837e-01,8.630108833312988281e-02,8.630108833312988281e-02,2.517085075378417969e-01,1.872770339250564575e-01,5.997666120529174805e-01,5.997666120529174805e-01,6.235134601593017578e-01,8.220705389976501465e-01,1.291873574256896973e+00,1.291873574256896973e+00,1.063148617744445801e+00,1.456578969955444336e+00
1.470000000000000000e+02,1.647935390472412109e+00,1.647935390472412109e+00,1.454192638397216797e+00,1.679135084152221680e+00,1.359492301940917969e+00,1.359492301940917969e+00,1.225478768348693848e+00,1.555901050567626953e+00,7.536339759826660156e-01,7.536339759826660156e-01,8.568720221519470215e-01,8.948451280593872070e-01,2.288168370723724365e-01,2.288168370723724365e-01,3.849994540214538574e-01,2.280161678791046143e-01,8.540348708629608154e-02,8.540348708629608154e-02,2.602106034755706787e-01,1.912920773029327393e-01,6.004197597503662109e-01,6.004197597503662109e-01,6.124380826950073242e-01,8.290277719497680664e-01,1.286159515380859375e+00,1.286159515380859375e+00,1.052818536758422852e+00,1.459170699119567871e+00
1.480000000000000000e+02,1.653713107109069824e+00,1.653713107109069824e+00,1.462911248207092285e+00,1.682829618453979492e+00,1.377199172973632812e+00,1.377199172973632812e+00,1.254460930824279785e+00,1.568106055259704590e+00,7.788770198822021484e-01,7.788770198822021484e-01,8.895214200019836426e-01,9.035200476646423340e-01,2.365047931671142578e-01,2.365047931671142578e-01,3.977528512477874756e-01,2.268541604280471802e-01,8.380299806594848633e-02,8.380299806594848633e-02,2.568711340427398682e-01,1.951711922883987427e-01,6.008898615837097168e-01,6.008898615837097168e-01,6.037379503250122070e-01,8.338319063186645508e-01,1.280353307723999023e+00,1.280353307723999023e+00,1.042506933212280273e+00,1.455667018890380859e+00
1.490000000000000000e+02,1.660924315452575684e+00,1.660924315452575684e+00,1.472735643386840820e+00,1.686963319778442383e+00,1.401110172271728516e+00,1.401110172271728516e+00,1.283148169517517090e+00,1.579838395118713379e+00,8.031221032142639160e-01,8.031221032142639160e-01,9.214570522308349609e-01,9.116232991218566895e-01,2.378398478031158447e-01,2.378398478031158447e-01,4.089418947696685791e-01,2.231285572052001953e-01,8.349350839853286743e-02,8.349350839853286743e-02,2.530423998832702637e-01,1.987738013267517090e-01,6.006361246109008789e-01,6.006361246109008789e-01,5.931802392005920410e-01,8.413097858428955078e-01,1.274074673652648926e+00,1.274074673652648926e+00,1.031869649887084961e+00,1.452612042427062988e+00
1.500000000000000000e+02,1.668394207954406738e+00,1.668394207954406738e+00,1.483314275741577148e+00,1.689074754714965820e+00,1.419906139373779297e+00,1.419906139373779297e+00,1.312555432319641113e+00,1.592196464538574219e+00,8.261303305625915527e-01,8.261303305625915527e-01,9.525233507156372070e-01,9.174001812934875488e-01,2.479536384344100952e-01,2.479536384344100952e-01,4.195836186408996582e-01,2.209942936897277832e-01,8.179983496665954590e-02,8.179983496665954590e-02,2.489296048879623413e-01,2.036843746900558472e-01,5.996916294097900391e-01,5.996916294097900391e-01,5.824630856513977051e-01,8.467904925346374512e-01,1.267506837844848633e+00,1.267506837844848633e+00,1.020981073379516602e+00,1.448846340179443359e+00
1.510000000000000000e+02,1.675369620323181152e+00,1.675369620323181152e+00,1.494651198387145996e+00,1.691354036331176758e+00,1.445188045501708984e+00,1.445188045501708984e+00,1.342138290405273438e+00,1.604187011718750000e+00,8.464571833610534668e-01,8.464571833610534668e-01,9.827498197555541992e-01,9.247032999992370605e-01,2.532521486282348633e-01,2.532521486282348633e-01,4.292550086975097656e-01,2.180892825126647949e-01,8.253999799489974976e-02,8.253999799489974976e-02,2.443917393684387207e-01,2.039673328399658203e-01,5.976734161376953125e-01,5.976734161376953125e-01,5.709747076034545898e-01,8.516249656677246094e-01,1.261768102645874023e+00,1.261768102645874023e+00,1.010357737541198730e+00,1.444343090057373047e+00
1.520000000000000000e+02,1.685492157936096191e+00,1.685492157936096191e+00,1.506758451461791992e+00,1.696091651916503906e+00,1.469106435775756836e+00,1.469106435775756836e+00,1.371695876121520996e+00,1.615806698799133301e+00,8.697628974914550781e-01,8.697628974914550781e-01,1.011973381042480469e+00,9.298355579376220703e-01,2.572697103023529053e-01,2.572697103023529053e-01,4.376977384090423584e-01,2.143845111131668091e-01,8.306985348463058472e-02,8.306985348463058472e-02,2.394712567329406738e-01,2.138219177722930908e-01,5.955539941787719727e-01,5.955539941787719727e-01,5.577695965766906738e-01,8.558641672134399414e-01,1.255559086799621582e+00,1.255559086799621582e+00,9.866210818290710449e-01,1.439606547355651855e+00
1.530000000000000000e+02,1.695709586143493652e+00,1.695709586143493652e+00,1.519771814346313477e+00,1.705672502517700195e+00,1.492426514625549316e+00,1.492426514625549316e+00,1.400397181510925293e+00,1.627354860305786133e+00,8.896932601928710938e-01,8.896932601928710938e-01,1.039735078811645508e+00,9.341839551925659180e-01,2.600241899490356445e-01,2.600241899490356445e-01,4.449048042297363281e-01,2.101792991161346436e-01,8.285930007696151733e-02,8.285930007696151733e-02,2.340791821479797363e-01,2.186409533023834229e-01,5.923833847045898438e-01,5.923833847045898438e-01,5.449171662330627441e-01,8.593063354492187500e-01,1.248887181282043457e+00,1.248887181282043457e+00,9.912990331649780273e-01,1.434215784072875977e+00
1.540000000000000000e+02,1.706133008003234863e+00,1.706133008003234863e+00,1.533665537834167480e+00,1.711124181747436523e+00,1.518850922584533691e+00,1.518850922584533691e+00,1.434301257133483887e+00,1.641117691993713379e+00,9.134765267372131348e-01,9.134765267372131348e-01,1.072413206100463867e+00,9.415197372436523438e-01,2.646981775760650635e-01,2.646981775760650635e-01,4.542554616928100586e-01,2.074264287948608398e-01,8.235760778188705444e-02,8.235760778188705444e-02,2.283695936203002930e-01,2.233112156391143799e-01,5.889068245887756348e-01,5.889068245887756348e-01,5.341535210609436035e-01,8.621656298637390137e-01,1.241994023323059082e+00,1.241994023323059082e+00,9.826358556747436523e-01,1.424603343009948730e+00
1.550000000000000000e+02,1.718459606170654297e+00,1.718459606170654297e+00,1.548431396484375000e+00,1.716766357421875000e+00,1.544889926910400391e+00,1.544889926910400391e+00,1.468101024627685547e+00,1.654755473136901855e+00,9.363214969635009766e-01,9.363214969635009766e-01,1.103580117225646973e+00,9.481211304664611816e-01,2.679706215858459473e-01,2.679706215858459473e-01,4.623007178306579590e-01,2.041708528995513916e-01,8.131299167871475220e-02,8.131299167871475220e-02,2.223699092864990234e-01,2.279434651136398315e-01,5.847969055175781250e-01,5.847969055175781250e-01,5.189733505249023438e-01,8.650689125061035156e-01,1.234646081924438477e+00,1.234646081924438477e+00,9.752709269523620605e-01,1.422646522521972656e+00
1.560000000000000000e+02,1.730432152748107910e+00,1.730432152748107910e+00,1.564827680587768555e+00,1.721583843231201172e+00,1.571046233177185059e+00,1.571046233177185059e+00,1.503189802169799805e+00,1.668486833572387695e+00,9.578397274017333984e-01,9.578397274017333984e-01,1.133683919906616211e+00,9.535809755325317383e-01,2.698374390602111816e-01,2.698374390602111816e-01,4.691690802574157715e-01,2.020425498485565186e-01,7.976242154836654663e-02,7.976242154836654663e-02,2.156901359558105469e-01,2.323779463768005371e-01,5.799201130867004395e-01,5.799201130867004395e-01,5.091042518615722656e-01,8.671300411224365234e-01,1.226852178573608398e+00,1.226852178573608398e+00,9.686909317970275879e-01,1.416549086570739746e+00
1.570000000000000000e+02,1.744869709014892578e+00,1.744869709014892578e+00,1.581530570983886719e+00,1.729926109313964844e+00,1.597135186195373535e+00,1.597135186195373535e+00,1.539638876914978027e+00,1.682098627090454102e+00,9.781220555305480957e-01,9.781220555305480957e-01,1.162495613098144531e+00,9.583652019500732422e-01,2.702963054180145264e-01,2.702963054180145264e-01,4.747585654258728027e-01,2.003208100795745850e-01,7.771120220422744751e-02,7.771120220422744751e-02,2.086116820573806763e-01,2.366242855787277222e-01,5.736494064331054688e-01,5.736494064331054688e-01,4.959728121757507324e-01,8.686552047729492188e-01,1.218621850013732910e+00,1.218621850013732910e+00,9.638972282409667969e-01,1.409884572029113770e+00
1.580000000000000000e+02,1.755636692047119141e+00,1.755636692047119141e+00,1.600196242332458496e+00,1.737324476242065430e+00,1.624966621398925781e+00,1.624966621398925781e+00,1.567845702171325684e+00,1.695868134498596191e+00,9.999007582664489746e-01,9.999007582664489746e-01,1.191700577735900879e+00,9.618248343467712402e-01,2.696845531463623047e-01,2.696845531463623047e-01,4.796046614646911621e-01,1.984367668628692627e-01,7.770878076553344727e-02,7.770878076553344727e-02,2.028420120477676392e-01,2.418897300958633423e-01,5.712374448776245117e-01,5.712374448776245117e-01,4.842574000358581543e-01,8.706072568893432617e-01,1.211040019989013672e+00,1.211040019989013672e+00,9.623457789421081543e-01,1.403158426284790039e+00
1.590000000000000000e+02,1.774806261062622070e+00,1.774806261062622070e+00,1.619551658630371094e+00,1.746077656745910645e+00,1.654625296592712402e+00,1.654625296592712402e+00,1.613177657127380371e+00,1.709462285041809082e+00,1.022943019866943359e+00,1.022943019866943359e+00,1.220017433166503906e+00,9.693634510040283203e-01,2.700766026973724365e-01,2.700766026973724365e-01,4.838106632232666016e-01,1.969994902610778809e-01,7.973197102546691895e-02,7.973197102546691895e-02,1.982156932353973389e-01,2.467333227396011353e-01,5.706253051757812500e-01,5.706253051757812500e-01,4.749557971954345703e-01,8.720031976699829102e-01,1.205285906791687012e+00,1.205285906791687012e+00,9.627848863601684570e-01,1.395985722541809082e+00
1.600000000000000000e+02,1.790975570678710938e+00,1.790975570678710938e+00,1.640473604202270508e+00,1.754703044891357422e+00,1.683781862258911133e+00,1.683781862258911133e+00,1.650080442428588867e+00,1.723104000091552734e+00,1.044425368309020996e+00,1.044425368309020996e+00,1.247383713722229004e+00,9.733455777168273926e-01,2.683810889720916748e-01,2.683810889720916748e-01,4.869237840175628662e-01,1.951952576637268066e-01,7.583127170801162720e-02,7.583127170801162720e-02,1.929960846900939941e-01,2.513769567012786865e-01,5.661842226982116699e-01,5.661842226982116699e-01,4.664368331432342529e-01,8.729410171508789062e-01,1.198704600334167480e+00,1.198704600334167480e+00,9.632860422134399414e-01,1.389164566993713379e+00
1.610000000000000000e+02,1.808043003082275391e+00,1.808043003082275391e+00,1.661759138107299805e+00,1.761910080909729004e+00,1.712673068046569824e+00,1.712673068046569824e+00,1.686677455902099609e+00,1.736695528030395508e+00,1.065163493156433105e+00,1.065163493156433105e+00,1.273978948593139648e+00,9.782838821411132812e-01,2.652891278266906738e-01,2.652891278266906738e-01,4.891347289085388184e-01,1.934055835008621216e-01,8.206558227539062500e-02,8.206558227539062500e-02,1.874752044677734375e-01,2.556625008583068848e-01,5.673101544380187988e-01,5.673101544380187988e-01,4.519905149936676025e-01,8.730984926223754883e-01,1.191699624061584473e+00,1.191699624061584473e+00,9.638714790344238281e-01,1.381496191024780273e+00
1.620000000000000000e+02,1.825808405876159668e+00,1.825808405876159668e+00,1.683879375457763672e+00,1.768861651420593262e+00,1.741024255752563477e+00,1.741024255752563477e+00,1.722982525825500488e+00,1.748747587203979492e+00,1.084325671195983887e+00,1.084325671195983887e+00,1.299332976341247559e+00,9.842668175697326660e-01,2.608047127723693848e-01,2.608047127723693848e-01,4.901206195354461670e-01,1.911441683769226074e-01,8.235627412796020508e-02,8.235627412796020508e-02,1.816179007291793823e-01,2.620191574096679688e-01,5.641915202140808105e-01,5.641915202140808105e-01,4.489333033561706543e-01,8.726844191551208496e-01,1.184279561042785645e+00,1.184279561042785645e+00,9.647011160850524902e-01,1.373588323593139648e+00
1.630000000000000000e+02,1.844182014465332031e+00,1.844182014465332031e+00,1.706501603126525879e+00,1.784694194793701172e+00,1.768739342689514160e+00,1.768739342689514160e+00,1.758868694305419922e+00,1.762227058410644531e+00,1.102098822593688965e+00,1.102098822593688965e+00,1.323631286621093750e+00,9.875515699386596680e-01,2.574315667152404785e-01,2.574315667152404785e-01,4.894838035106658936e-01,1.878672242164611816e-01,8.227982372045516968e-02,8.227982372045516968e-02,1.752765625715255737e-01,2.662803530693054199e-01,5.608829855918884277e-01,5.608829855918884277e-01,4.397591352462768555e-01,8.715896606445312500e-01,1.178951978683471680e+00,1.178951978683471680e+00,9.656797051429748535e-01,1.364456415176391602e+00
1.640000000000000000e+02,1.863517045974731445e+00,1.863517045974731445e+00,1.730100393295288086e+00,1.796070575714111328e+00,1.796650171279907227e+00,1.796650171279907227e+00,1.794201970100402832e+00,1.770356297492980957e+00,1.117610454559326172e+00,1.117610454559326172e+00,1.346683144569396973e+00,9.910056591033935547e-01,2.527613043785095215e-01,2.527613043785095215e-01,4.879966676235198975e-01,1.839347481727600098e-01,8.161451667547225952e-02,8.161451667547225952e-02,1.684695780277252197e-01,2.711082398891448975e-01,5.570818781852722168e-01,5.570818781852722168e-01,4.302837550640106201e-01,8.699647188186645508e-01,1.170804977416992188e+00,1.170804977416992188e+00,9.665658473968505859e-01,1.355425357818603516e+00
1.650000000000000000e+02,1.883354663848876953e+00,1.883354663848876953e+00,1.753909707069396973e+00,1.807921171188354492e+00,1.823624491691589355e+00,1.823624491691589355e+00,1.829302787780761719e+00,1.786039352416992188e+00,1.134039521217346191e+00,1.134039521217346191e+00,1.368525266647338867e+00,9.855217933654785156e-01,2.467757910490036011e-01,2.467757910490036011e-01,4.849326908588409424e-01,1.791239976882934570e-01,8.036126941442489624e-02,8.036126941442489624e-02,1.613134890794754028e-01,2.748425006866455078e-01,5.523571372032165527e-01,5.523571372032165527e-01,4.203829765319824219e-01,8.679348826408386230e-01,1.167223930358886719e+00,1.167223930358886719e+00,9.493879675865173340e-01,1.336293697357177734e+00
1.660000000000000000e+02,1.904130220413208008e+00,1.904130220413208008e+00,1.780705928802490234e+00,1.820115804672241211e+00,1.849970817565917969e+00,1.849970817565917969e+00,1.863984584808349609e+00,1.797155022621154785e+00,1.150384068489074707e+00,1.150384068489074707e+00,1.389332294464111328e+00,9.936790466308593750e-01,2.397676706314086914e-01,2.397676706314086914e-01,4.808398485183715820e-01,1.733458489179611206e-01,8.228813856840133667e-02,8.228813856840133667e-02,1.591376364231109619e-01,2.794344425201416016e-01,5.542675852775573730e-01,5.542675852775573730e-01,4.178837835788726807e-01,8.675555586814880371e-01,1.164707183837890625e+00,1.164707183837890625e+00,9.742978811264038086e-01,1.338437676429748535e+00
1.670000000000000000e+02,1.925171017646789551e+00,1.925171017646789551e+00,1.805366516113281250e+00,1.833147764205932617e+00,1.876138925552368164e+00,1.876138925552368164e+00,1.898252606391906738e+00,1.808087110519409180e+00,1.165192842483520508e+00,1.165192842483520508e+00,1.408756613731384277e+00,9.938452243804931641e-01,2.314525246620178223e-01,2.314525246620178223e-01,4.755643606185913086e-01,1.672998368740081787e-01,8.367794752120971680e-02,8.367794752120971680e-02,1.568516492843627930e-01,2.839912772178649902e-01,5.555550456047058105e-01,5.555550456047058105e-01,4.161624312400817871e-01,8.645374178886413574e-01,1.161628365516662598e+00,1.161628365516662598e+00,9.785621166229248047e-01,1.330378890037536621e+00
1.680000000000000000e+02,1.946687459945678711e+00,1.946687459945678711e+00,1.836561799049377441e+00,1.846910238265991211e+00,1.901472330093383789e+00,1.901472330093383789e+00,1.932041049003601074e+00,1.818682074546813965e+00,1.178681254386901855e+00,1.178681254386901855e+00,1.427020311355590820e+00,9.933051466941833496e-01,2.218638509511947632e-01,2.218638509511947632e-01,4.697301983833312988e-01,1.603206247091293335e-01,8.468696475028991699e-02,8.468696475028991699e-02,1.542259454727172852e-01,2.881005704402923584e-01,5.561053752899169922e-01,5.561053752899169922e-01,4.126563668251037598e-01,8.649509549140930176e-01,1.158129096031188965e+00,1.158129096031188965e+00,9.880182743072509766e-01,1.321509718894958496e+00
1.690000000000000000e+02,1.968641042709350586e+00,1.968641042709350586e+00,1.865498542785644531e+00,1.861022949218750000e+00,1.926008820533752441e+00,1.926008820533752441e+00,1.965404033660888672e+00,1.828536868095397949e+00,1.185534119606018066e+00,1.185534119606018066e+00,1.338920712471008301e+00,9.915555119514465332e-01,2.126506865024566650e-01,2.126506865024566650e-01,4.631870985031127930e-01,1.526498794555664062e-01,8.544208109378814697e-02,8.544208109378814697e-02,1.514890640974044800e-01,2.920041382312774658e-01,5.557017326354980469e-01,5.557017326354980469e-01,4.118969142436981201e-01,8.634678721427917480e-01,1.156196355819702148e+00,1.156196355819702148e+00,9.953781366348266602e-01,1.313331007957458496e+00
1.700000000000000000e+02,1.990951061248779297e+00,1.990951061248779297e+00,1.895414471626281738e+00,1.874850988388061523e+00,1.951535820960998535e+00,1.951535820960998535e+00,1.998694896697998047e+00,1.835996389389038086e+00,1.202701926231384277e+00,1.202701926231384277e+00,1.460463523864746094e+00,9.904509782791137695e-01,1.975773125886917114e-01,1.975773125886917114e-01,4.538570046424865723e-01,1.454375088214874268e-01,8.865977823734283447e-02,8.865977823734283447e-02,1.508541405200958252e-01,2.962059378623962402e-01,5.589908957481384277e-01,5.589908957481384277e-01,4.113931953907012939e-01,8.622599840164184570e-01,1.153649926185607910e+00,1.153649926185607910e+00,1.004438400268554688e+00,1.304968714714050293e+00
1.710000000000000000e+02,2.013555526733398438e+00,2.013555526733398438e+00,1.925737023353576660e+00,1.889541745185852051e+00,1.975997090339660645e+00,1.975997090339660645e+00,2.030993938446044922e+00,1.847436308860778809e+00,1.212921023368835449e+00,1.212921023368835449e+00,1.475525736808776855e+00,9.892089366912841797e-01,2.007474899291992188e-01,2.007474899291992188e-01,4.474781453609466553e-01,1.403836756944656372e-01,9.056451916694641113e-02,9.056451916694641113e-02,1.496443003416061401e-01,2.997922301292419434e-01,5.605574846267700195e-01,5.605574846267700195e-01,4.109931290149688721e-01,8.604841828346252441e-01,1.162105202674865723e+00,1.162105202674865723e+00,1.014742136001586914e+00,1.296266913414001465e+00
1.720000000000000000e+02,2.014890432357788086e+00,2.014890432357788086e+00,1.955940723419189453e+00,1.904521465301513672e+00,2.000166654586791992e+00,2.000166654586791992e+00,2.063957691192626953e+00,1.856384992599487305e+00,1.222434997558593750e+00,1.222434997558593750e+00,1.489885210990905762e+00,9.878760576248168945e-01,1.936987191438674927e-01,1.936987191438674927e-01,4.383729100227355957e-01,1.354157030582427979e-01,9.324102103710174561e-02,9.324102103710174561e-02,1.485574692487716675e-01,3.037546575069427490e-01,5.620452165603637695e-01,5.620452165603637695e-01,4.105212390422821045e-01,8.580772876739501953e-01,1.166625499725341797e+00,1.166625499725341797e+00,1.028822183609008789e+00,1.287857890129089355e+00
1.730000000000000000e+02,2.059647083282470703e+00,2.059647083282470703e+00,1.986753225326538086e+00,1.919456362724304199e+00,2.023652553558349609e+00,2.023652553558349609e+00,2.096786022186279297e+00,1.864951372146606445e+00,1.230615139007568359e+00,1.230615139007568359e+00,1.502956151962280273e+00,9.855062365531921387e-01,1.864304840564727783e-01,1.864304840564727783e-01,4.281302392482757568e-01,1.307750493288040161e-01,9.513387829065322876e-02,9.513387829065322876e-02,1.473946422338485718e-01,3.074125051498413086e-01,5.629392862319946289e-01,5.629392862319946289e-01,4.102644324302673340e-01,8.552369475364685059e-01,1.170612096786499023e+00,1.170612096786499023e+00,1.042121648788452148e+00,1.259115695953369141e+00
1.740000000000000000e+02,2.082992076873779297e+00,2.082992076873779297e+00,2.017454862594604492e+00,1.932709097862243652e+00,2.046149253845214844e+00,2.046149253845214844e+00,2.129036903381347656e+00,1.873024225234985352e+00,1.236827611923217773e+00,1.236827611923217773e+00,1.514705419540405273e+00,9.821254014968872070e-01,1.789734214544296265e-01,1.789734214544296265e-01,4.190419018268585205e-01,1.255327314138412476e-01,9.657892584800720215e-02,9.657892584800720215e-02,1.460362672805786133e-01,3.111062049865722656e-01,5.629010796546936035e-01,5.629010796546936035e-01,4.102258384227752686e-01,8.518731594085693359e-01,1.173590421676635742e+00,1.173590421676635742e+00,1.056892633438110352e+00,1.273127794265747070e+00
1.750000000000000000e+02,2.105609416961669922e+00,2.105609416961669922e+00,2.048222064971923828e+00,1.949643254280090332e+00,2.066377639770507812e+00,2.066377639770507812e+00,2.160647869110107422e+00,1.880677342414855957e+00,1.242521643638610840e+00,1.242521643638610840e+00,1.525054216384887695e+00,9.775840044021606445e-01,1.705325692892074585e-01,1.705325692892074585e-01,4.086014926433563232e-01,1.198037937283515930e-01,9.760411828756332397e-02,9.760411828756332397e-02,1.439553201198577881e-01,3.143612444400787354e-01,5.624577999114990234e-01,5.624577999114990234e-01,4.095145761966705322e-01,8.477509021759033203e-01,1.179294586181640625e+00,1.179294586181640625e+00,1.071676492691040039e+00,1.261890172958374023e+00
1.760000000000000000e+02,2.130481719970703125e+00,2.130481719970703125e+00,2.078092336654663086e+00,1.965031623840332031e+00,2.088582515716552734e+00,2.088582515716552734e+00,2.191405534744262695e+00,1.887529611587524414e+00,1.246591925621032715e+00,1.246591925621032715e+00,1.533959627151489258e+00,9.718902707099914551e-01,1.611184775829315186e-01,1.611184775829315186e-01,3.983683884143829346e-01,1.158370301127433777e-01,9.760148078203201294e-02,9.760148078203201294e-02,1.425213068723678589e-01,3.173344433307647705e-01,5.614494085311889648e-01,5.614494085311889648e-01,4.090121090412139893e-01,8.429217934608459473e-01,1.183203935623168945e+00,1.183203935623168945e+00,1.088008880615234375e+00,1.257957220077514648e+00
1.770000000000000000e+02,2.154551744461059570e+00,2.154551744461059570e+00,2.108950376510620117e+00,1.980506539344787598e+00,2.108426094055175781e+00,2.108426094055175781e+00,2.219041824340820312e+00,1.893285751342773438e+00,1.249845147132873535e+00,1.249845147132873535e+00,1.540531635284423828e+00,9.648824930191040039e-01,1.505942493677139282e-01,1.505942493677139282e-01,3.873507380485534668e-01,1.115830242633819580e-01,9.822976589202880859e-02,9.822976589202880859e-02,1.405648440122604370e-01,3.203946650028228760e-01,5.605413317680358887e-01,5.605413317680358887e-01,4.077019691467285156e-01,8.377748131752014160e-01,1.186318755149841309e+00,1.186318755149841309e+00,1.105534195899963379e+00,1.250323057174682617e+00
1.780000000000000000e+02,2.178637981414794922e+00,2.178637981414794922e+00,2.141140222549438477e+00,1.996436238288879395e+00,2.128203630447387695e+00,2.128203630447387695e+00,2.250483989715576172e+00,1.899391889572143555e+00,1.251629114151000977e+00,1.251629114151000977e+00,1.547454833984375000e+00,9.371905326843261719e-01,1.394171565771102905e-01,1.394171565771102905e-01,3.753032088279724121e-01,1.075048595666885376e-01,9.794879704713821411e-02,9.794879704713821411e-02,1.383189707994461060e-01,3.229732811450958252e-01,5.590037703514099121e-01,5.590037703514099121e-01,4.060463905334472656e-01,8.301700353622436523e-01,1.190241694450378418e+00,1.190241694450378418e+00,1.121554732322692871e+00,1.242328166961669922e+00
1.790000000000000000e+02,2.202893495559692383e+00,2.202893495559692383e+00,2.172029018402099609e+00,2.011971712112426758e+00,2.146367549896240234e+00,2.146367549896240234e+00,2.278631210327148438e+00,1.904526829719543457e+00,1.247352838516235352e+00,1.247352838516235352e+00,1.551061034202575684e+00,9.481925368309020996e-01,1.268064975738525391e-01,1.268064975738525391e-01,3.620084524154663086e-01,1.045172140002250671e-01,9.727154672145843506e-02,9.727154672145843506e-02,1.357323974370956421e-01,3.254772126674652100e-01,5.557597875595092773e-01,5.557597875595092773e-01,4.030129015445709229e-01,8.244561553001403809e-01,1.192561745643615723e+00,1.192561745643615723e+00,1.139592409133911133e+00,1.233991384506225586e+00
1.800000000000000000e+02,2.226946115493774414e+00,2.226946115493774414e+00,2.197838306427001953e+00,2.027604103088378906e+00,2.163546085357666016e+00,2.163546085357666016e+00,2.305682420730590820e+00,1.907850503921508789e+00,1.250621676445007324e+00,1.250621676445007324e+00,1.555198550224304199e+00,9.387668371200561523e-01,1.137219071388244629e-01,1.137219071388244629e-01,3.481634259223937988e-01,1.012972816824913025e-01,9.602996706962585449e-02,9.602996706962585449e-02,1.329956799745559692e-01,3.269352912902832031e-01,5.538881421089172363e-01,5.538881421089172363e-01,4.018997251987457275e-01,8.175688385963439941e-01,1.195570349693298340e+00,1.195570349693298340e+00,1.161583781242370605e+00,1.225046157836914062e+00
1.810000000000000000e+02,2.248040914535522461e+00,2.248040914535522461e+00,2.232918739318847656e+00,2.041622161865234375e+00,2.184114217758178711e+00,2.184114217758178711e+00,2.331703424453735352e+00,1.911990165710449219e+00,1.246952891349792480e+00,1.246952891349792480e+00,1.557067990303039551e+00,9.273014068603515625e-01,1.090624704957008362e-01,1.090624704957008362e-01,3.330948650836944580e-01,9.773588180541992188e-02,9.886328876018524170e-02,9.886328876018524170e-02,1.299038082361221313e-01,3.284546732902526855e-01,5.502218604087829590e-01,5.502218604087829590e-01,3.996005058288574219e-01,8.095862865447998047e-01,1.208405137062072754e+00,1.208405137062072754e+00,1.181800842285156250e+00,1.215649127960205078e+00
1.820000000000000000e+02,2.275493144989013672e+00,2.275493144989013672e+00,2.263973951339721680e+00,2.058490037918090820e+00,2.203474044799804688e+00,2.203474044799804688e+00,2.356064796447753906e+00,1.914582252502441406e+00,1.243521451950073242e+00,1.243521451950073242e+00,1.557384729385375977e+00,9.142687916755676270e-01,1.049145683646202087e-01,1.049145683646202087e-01,3.170017004013061523e-01,9.387142956256866455e-02,1.010409072041511536e-01,1.010409072041511536e-01,1.266919672489166260e-01,3.293590545654296875e-01,5.460740327835083008e-01,5.460740327835083008e-01,3.969357311725616455e-01,8.007128834724426270e-01,1.220765352249145508e+00,1.220765352249145508e+00,1.202641487121582031e+00,1.209790706634521484e+00
1.830000000000000000e+02,2.299906253814697266e+00,2.299906253814697266e+00,2.294008731842041016e+00,2.073593616485595703e+00,2.221605539321899414e+00,2.221605539321899414e+00,2.379790067672729492e+00,1.916418552398681641e+00,1.237696170806884766e+00,1.237696170806884766e+00,1.556287765502929688e+00,9.023964405059814453e-01,9.954716265201568604e-02,9.954716265201568604e-02,3.026010096073150635e-01,8.974795788526535034e-02,1.025975421071052551e-01,1.025975421071052551e-01,1.231103911995887756e-01,3.295673131942749023e-01,5.412478446960449219e-01,5.412478446960449219e-01,3.938054442405700684e-01,7.910322546958923340e-01,1.233568429946899414e+00,1.233568429946899414e+00,1.223199963569641113e+00,1.203541278839111328e+00
1.840000000000000000e+02,2.324377298355102539e+00,2.324377298355102539e+00,2.324290752410888672e+00,2.082310438156127930e+00,2.237395048141479492e+00,2.237395048141479492e+00,2.402186393737792969e+00,1.917364716529846191e+00,1.230362892150878906e+00,1.230362892150878906e+00,1.553769230842590332e+00,8.884412050247192383e-01,9.363043308258056641e-02,9.363043308258056641e-02,2.883018553256988525e-01,8.534391224384307861e-02,1.036438345909118652e-01,1.036438345909118652e-01,1.193633601069450378e-01,3.255162835121154785e-01,5.356883406639099121e-01,5.356883406639099121e-01,3.897212743759155273e-01,7.818263769149780273e-01,1.243554353713989258e+00,1.243554353713989258e+00,1.244814634323120117e+00,1.196601152420043945e+00
1.850000000000000000e+02,2.348269462585449219e+00,2.348269462585449219e+00,2.353875875473022461e+00,2.103525638580322266e+00,2.254034280776977539e+00,2.254034280776977539e+00,2.424649715423583984e+00,1.917706251144409180e+00,1.221530437469482422e+00,1.221530437469482422e+00,1.549860954284667969e+00,8.720783591270446777e-01,8.664019405841827393e-02,8.664019405841827393e-02,2.728711962699890137e-01,8.100853115320205688e-02,1.039742976427078247e-01,1.039742976427078247e-01,1.153822839260101318e-01,3.288353681564331055e-01,5.294760465621948242e-01,5.294760465621948242e-01,3.865491747856140137e-01,7.711904048919677734e-01,1.257862806320190430e+00,1.257862806320190430e+00,1.266414999961853027e+00,1.191738367080688477e+00
1.860000000000000000e+02,2.372587203979492188e+00,2.372587203979492188e+00,2.383463382720947266e+00,2.118109703063964844e+00,2.268523216247558594e+00,2.268523216247558594e+00,2.445188045501708984e+00,1.917236566543579102e+00,1.210973024368286133e+00,1.210973024368286133e+00,1.544553756713867188e+00,8.573876619338989258e-01,8.007014542818069458e-02,8.007014542818069458e-02,2.603173553943634033e-01,7.754843682050704956e-02,1.038430556654930115e-01,1.038430556654930115e-01,1.110372543334960938e-01,3.270657658576965332e-01,5.225232839584350586e-01,5.225232839584350586e-01,3.800718188285827637e-01,7.597696185111999512e-01,1.270905733108520508e+00,1.270905733108520508e+00,1.289543867111206055e+00,1.187917232513427734e+00
1.870000000000000000e+02,2.395131826400756836e+00,2.395131826400756836e+00,2.412632703781127930e+00,2.132452011108398438e+00,2.281425476074218750e+00,2.281425476074218750e+00,2.464500427246093750e+00,1.915941357612609863e+00,1.199405193328857422e+00,1.199405193328857422e+00,1.536254286766052246e+00,8.401240110397338867e-01,7.262623310089111328e-02,7.262623310089111328e-02,2.465045452117919922e-01,7.388164103031158447e-02,1.018925458192825317e-01,1.018925458192825317e-01,1.066386699676513672e-01,3.252754211425781250e-01,5.151246786117553711e-01,5.151246786117553711e-01,3.780950307846069336e-01,7.468872666358947754e-01,1.283099412918090820e+00,1.283099412918090820e+00,1.312985301017761230e+00,1.184629321098327637e+00
1.880000000000000000e+02,2.420439720153808594e+00,2.420439720153808594e+00,2.441602230072021484e+00,2.146397352218627930e+00,2.293391466140747070e+00,2.293391466140747070e+00,2.482956886291503906e+00,1.913807511329650879e+00,1.186162948608398438e+00,1.186162948608398438e+00,1.529727458953857422e+00,8.218851089477539062e-01,6.501825898885726929e-02,6.501825898885726929e-02,2.321174144744873047e-01,7.076515257358551025e-02,1.015569642186164856e-01,1.015569642186164856e-01,1.020322069525718689e-01,3.236882090568542480e-01,5.055641531944274902e-01,5.055641531944274902e-01,3.734540939331054688e-01,7.344015240669250488e-01,1.283347964286804199e+00,1.283347964286804199e+00,1.336041569709777832e+00,1.183327794075012207e+00
1.890000000000000000e+02,2.444030761718750000e+00,2.444030761718750000e+00,2.468856334686279297e+00,2.159860610961914062e+00,2.303898334503173828e+00,2.303898334503173828e+00,2.500490903854370117e+00,1.911027669906616211e+00,1.171772003173828125e+00,1.171772003173828125e+00,1.520311832427978516e+00,8.003175258636474609e-01,5.891015753149986267e-02,5.891015753149986267e-02,2.188133150339126587e-01,6.816824525594711304e-02,9.963676333427429199e-02,9.963676333427429199e-02,9.735471010208129883e-02,3.209768533706665039e-01,4.985550642013549805e-01,4.985550642013549805e-01,3.691121935844421387e-01,7.230532765388488770e-01,1.309950470924377441e+00,1.309950470924377441e+00,1.360804677009582520e+00,1.180841565132141113e+00
1.900000000000000000e+02,2.467358112335205078e+00,2.467358112335205078e+00,2.498407125473022461e+00,2.173506498336791992e+00,2.313259124755859375e+00,2.313259124755859375e+00,2.516621589660644531e+00,1.907379627227783203e+00,1.156498432159423828e+00,1.156498432159423828e+00,1.509746432304382324e+00,7.804138660430908203e-01,5.200228095054626465e-02,5.200228095054626465e-02,2.056093513965606689e-01,6.553957611322402954e-02,9.747331589460372925e-02,9.747331589460372925e-02,9.267181903123855591e-02,3.185601234436035156e-01,4.902687072753906250e-01,4.902687072753906250e-01,3.646307587623596191e-01,7.108767032623291016e-01,1.325369596481323242e+00,1.325369596481323242e+00,1.386893630027770996e+00,1.182856798171997070e+00
1.910000000000000000e+02,2.490473985671997070e+00,2.490473985671997070e+00,2.526015281677246094e+00,2.186496734619140625e+00,2.321151733398437500e+00,2.321151733398437500e+00,2.530926227569580078e+00,1.903067350387573242e+00,1.139816403388977051e+00,1.139816403388977051e+00,1.497774124145507812e+00,7.615067958831787109e-01,4.442379996180534363e-02,4.442379996180534363e-02,1.969525814056396484e-01,6.305684149265289307e-02,9.455861151218414307e-02,9.455861151218414307e-02,8.770960569381713867e-02,3.151704668998718262e-01,4.814733564853668213e-01,4.814733564853668213e-01,3.599140048027038574e-01,6.971762180328369141e-01,1.340161919593811035e+00,1.340161919593811035e+00,1.412740111351013184e+00,1.184841036796569824e+00
1.920000000000000000e+02,2.511855840682983398e+00,2.511855840682983398e+00,2.549978017807006836e+00,2.199136018753051758e+00,2.328443050384521484e+00,2.328443050384521484e+00,2.544893503189086914e+00,1.897619962692260742e+00,1.122840523719787598e+00,1.122840523719787598e+00,1.484712004661560059e+00,7.396990060806274414e-01,4.070904850959777832e-02,4.070904850959777832e-02,1.899511963129043579e-01,6.059563905000686646e-02,9.266855567693710327e-02,9.266855567693710327e-02,8.288227021694183350e-02,3.119166195392608643e-01,4.743753671646118164e-01,4.743753671646118164e-01,3.562018871307373047e-01,6.845758557319641113e-01,1.358807325363159180e+00,1.358807325363159180e+00,1.438470125198364258e+00,1.187915921211242676e+00
1.930000000000000000e+02,2.534710407257080078e+00,2.534710407257080078e+00,2.581632375717163086e+00,2.211357831954956055e+00,2.334476232528686523e+00,2.334476232528686523e+00,2.557182788848876953e+00,1.891794085502624512e+00,1.104861617088317871e+00,1.104861617088317871e+00,1.470641970634460449e+00,7.190749645233154297e-01,3.774308040738105774e-02,3.774308040738105774e-02,1.809012293815612793e-01,5.760969221591949463e-02,9.058798849582672119e-02,9.058798849582672119e-02,7.945924997329711914e-02,3.070520758628845215e-01,4.673001766204833984e-01,4.673001766204833984e-01,3.526161015033721924e-01,6.713460683822631836e-01,1.378158926963806152e+00,1.378158926963806152e+00,1.467513322830200195e+00,1.193124294281005859e+00
1.940000000000000000e+02,2.557955741882324219e+00,2.557955741882324219e+00,2.608207225799560547e+00,2.223134756088256836e+00,2.339085578918457031e+00,2.339085578918457031e+00,2.568176269531250000e+00,1.885064125061035156e+00,1.076257586479187012e+00,1.076257586479187012e+00,1.454908132553100586e+00,6.944097876548767090e-01,3.458324447274208069e-02,3.458324447274208069e-02,1.731194108724594116e-01,5.584735423326492310e-02,8.796724677085876465e-02,8.796724677085876465e-02,7.504434138536453247e-02,3.037027418613433838e-01,4.598165154457092285e-01,4.598165154457092285e-01,3.487071394920349121e-01,6.586861014366149902e-01,1.401029825210571289e+00,1.401029825210571289e+00,1.495304942131042480e+00,1.200956940650939941e+00
1.950000000000000000e+02,2.577843427658081055e+00,2.577843427658081055e+00,2.633672237396240234e+00,2.234432935714721680e+00,2.342063665390014648e+00,2.342063665390014648e+00,2.577741622924804688e+00,1.876132130622863770e+00,1.064889192581176758e+00,1.064889192581176758e+00,1.438687443733215332e+00,6.745756268501281738e-01,3.127521649003028870e-02,3.127521649003028870e-02,1.641390621662139893e-01,5.450507625937461853e-02,8.482318371534347534e-02,8.482318371534347534e-02,7.060201466083526611e-02,2.990552186965942383e-01,4.519772827625274658e-01,4.519772827625274658e-01,3.448928892612457275e-01,6.453673839569091797e-01,1.421924471855163574e+00,1.421924471855163574e+00,1.524375081062316895e+00,1.204833030700683594e+00
1.960000000000000000e+02,2.600571155548095703e+00,2.600571155548095703e+00,2.660631656646728516e+00,2.245794773101806641e+00,2.340739011764526367e+00,2.340739011764526367e+00,2.585931062698364258e+00,1.868290901184082031e+00,1.045174956321716309e+00,1.045174956321716309e+00,1.421518802642822266e+00,6.537877321243286133e-01,2.769788354635238647e-02,2.769788354635238647e-02,1.546918600797653198e-01,5.260634794831275940e-02,8.393958956003189087e-02,8.393958956003189087e-02,6.900047510862350464e-02,2.963873445987701416e-01,4.497110843658447266e-01,4.497110843658447266e-01,3.460700511932373047e-01,6.346501708030700684e-01,1.444751381874084473e+00,1.444751381874084473e+00,1.557406783103942871e+00,1.211798429489135742e+00
1.970000000000000000e+02,2.621135950088500977e+00,2.621135950088500977e+00,2.686146497726440430e+00,2.256376981735229492e+00,2.344569921493530273e+00,2.344569921493530273e+00,2.592657804489135742e+00,1.856055259704589844e+00,1.024165034294128418e+00,1.024165034294128418e+00,1.403140544891357422e+00,6.325283050537109375e-01,2.380212768912315369e-02,2.380212768912315369e-02,1.449083834886550903e-01,5.082366615533828735e-02,8.292939513921737671e-02,8.292939513921737671e-02,6.716421991586685181e-02,2.930198013782501221e-01,4.468981027603149414e-01,4.468981027603149414e-01,3.473402559757232666e-01,6.237437129020690918e-01,1.467835903167724609e+00,1.467835903167724609e+00,1.588903188705444336e+00,1.218030452728271484e+00
1.980000000000000000e+02,2.640906810760498047e+00,2.640906810760498047e+00,2.705526113510131836e+00,2.266759395599365234e+00,2.343442916870117188e+00,2.343442916870117188e+00,2.597620248794555664e+00,1.847444772720336914e+00,1.001952648162841797e+00,1.001952648162841797e+00,1.383568048477172852e+00,6.110707521438598633e-01,1.981908269226551056e-02,1.981908269226551056e-02,1.346780955791473389e-01,4.888109862804412842e-02,8.131069689989089966e-02,8.131069689989089966e-02,6.398585438728332520e-02,2.890870869159698486e-01,4.435407221317291260e-01,4.435407221317291260e-01,3.532208502292633057e-01,6.122312545776367188e-01,1.492353439331054688e+00,1.492353439331054688e+00,1.621450543403625488e+00,1.223811984062194824e+00
1.990000000000000000e+02,2.660111665725708008e+00,2.660111665725708008e+00,2.735248088836669922e+00,2.275956869125366211e+00,2.341188430786132812e+00,2.341188430786132812e+00,2.601680278778076172e+00,1.835971593856811523e+00,9.784966707229614258e-01,9.784966707229614258e-01,1.362724661827087402e+00,5.887693166732788086e-01,1.861833408474922180e-02,1.861833408474922180e-02,1.240871548652648926e-01,4.670467227697372437e-02,7.931621372699737549e-02,7.931621372699737549e-02,6.342656910419464111e-02,2.846104502677917480e-01,4.396427869796752930e-01,4.396427869796752930e-01,3.576854467391967773e-01,6.002749204635620117e-01,1.516812205314636230e+00,1.516812205314636230e+00,1.652917981147766113e+00,1.229452371597290039e+00
2.000000000000000000e+02,2.678531169891357422e+00,2.678531169891357422e+00,2.759312868118286133e+00,2.285574913024902344e+00,2.337692499160766602e+00,2.337692499160766602e+00,2.604471683502197266e+00,1.823841333389282227e+00,9.538488984107971191e-01,9.538488984107971191e-01,1.340941190719604492e+00,5.668876767158508301e-01,1.779412291944026947e-02,1.779412291944026947e-02,1.131970435380935669e-01,4.482642561197280884e-02,7.692328095436096191e-02,7.692328095436096191e-02,5.996161699295043945e-02,2.798278033733367920e-01,4.352093935012817383e-01,4.352093935012817383e-01,3.630889058113098145e-01,5.881723761558532715e-01,1.544826030731201172e+00,1.544826030731201172e+00,1.684716105461120605e+00,1.234908699989318848e+00
2.010000000000000000e+02,2.696115732192993164e+00,2.696115732192993164e+00,2.782391071319580078e+00,2.291547060012817383e+00,2.332639455795288086e+00,2.332639455795288086e+00,2.605626344680786133e+00,1.810474514961242676e+00,9.280389547348022461e-01,9.280389547348022461e-01,1.318116426467895508e+00,5.483731031417846680e-01,1.665880344808101654e-02,1.665880344808101654e-02,1.020284667611122131e-01,4.294614866375923157e-02,7.406526803970336914e-02,7.406526803970336914e-02,5.907133594155311584e-02,2.743920087814331055e-01,4.302456676959991455e-01,4.302456676959991455e-01,3.689657449722290039e-01,5.758860707283020020e-01,1.567234516143798828e+00,1.567234516143798828e+00,1.716666221618652344e+00,1.240362048149108887e+00
2.020000000000000000e+02,2.713309526443481445e+00,2.713309526443481445e+00,2.804392576217651367e+00,2.301266431808471680e+00,2.326139450073242188e+00,2.326139450073242188e+00,2.605282306671142578e+00,1.796232461929321289e+00,9.010979533195495605e-01,9.010979533195495605e-01,1.294440269470214844e+00,5.311507582664489746e-01,1.538374181836843491e-02,1.538374181836843491e-02,9.053468704223632812e-02,4.137919098138809204e-02,7.037974894046783447e-02,7.037974894046783447e-02,5.652152746915817261e-02,2.685008943080902100e-01,4.247577190399169922e-01,4.247577190399169922e-01,3.776279091835021973e-01,5.631000995635986328e-01,1.597124695777893066e+00,1.597124695777893066e+00,1.748462200164794922e+00,1.244715929031372070e+00
2.030000000000000000e+02,2.729292869567871094e+00,2.729292869567871094e+00,2.826414585113525391e+00,2.309549808502197266e+00,2.319806814193725586e+00,2.319806814193725586e+00,2.604080677032470703e+00,1.778474092483520508e+00,8.729356527328491211e-01,8.729356527328491211e-01,1.269853234291076660e+00,5.137308239936828613e-01,1.452697999775409698e-02,1.452697999775409698e-02,7.904966175556182861e-02,3.994120657444000244e-02,7.012154906988143921e-02,7.012154906988143921e-02,5.504282191395759583e-02,2.645034193992614746e-01,4.215382635593414307e-01,4.215382635593414307e-01,3.913323879241943359e-01,5.528032183647155762e-01,1.620702624320983887e+00,1.620702624320983887e+00,1.781253933906555176e+00,1.252727150917053223e+00
2.040000000000000000e+02,2.744845151901245117e+00,2.744845151901245117e+00,2.847087621688842773e+00,2.317949771881103516e+00,2.313395023345947266e+00,2.313395023345947266e+00,2.601130247116088867e+00,1.768854022026062012e+00,8.467273712158203125e-01,8.467273712158203125e-01,1.244463801383972168e+00,4.965916872024536133e-01,1.404316909611225128e-02,1.404316909611225128e-02,6.845012307167053223e-02,3.873785585165023804e-02,7.212797552347183228e-02,7.212797552347183228e-02,5.499651655554771423e-02,2.621273398399353027e-01,4.219419360160827637e-01,4.219419360160827637e-01,4.070640802383422852e-01,5.446952581405639648e-01,1.654376506805419922e+00,1.654376506805419922e+00,1.814771890640258789e+00,1.266241192817687988e+00
2.050000000000000000e+02,2.759143829345703125e+00,2.759143829345703125e+00,2.862623214721679688e+00,2.325330018997192383e+00,2.305176496505737305e+00,2.305176496505737305e+00,2.597282648086547852e+00,1.753580212593078613e+00,8.184401988983154297e-01,8.184401988983154297e-01,1.218279480934143066e+00,4.791377186775207520e-01,1.353699620813131332e-02,1.353699620813131332e-02,5.841817706823348999e-02,3.780322521924972534e-02,7.254303246736526489e-02,7.254303246736526489e-02,5.573029071092605591e-02,2.594060003757476807e-01,4.213811159133911133e-01,4.213811159133911133e-01,4.225029349327087402e-01,5.370965003967285156e-01,1.683578014373779297e+00,1.683578014373779297e+00,1.847769498825073242e+00,1.281283974647521973e+00
2.060000000000000000e+02,2.772558450698852539e+00,2.772558450698852539e+00,2.886767387390136719e+00,2.331898212432861328e+00,2.296149492263793945e+00,2.296149492263793945e+00,2.591735839843750000e+00,1.737220764160156250e+00,7.891559600830078125e-01,7.891559600830078125e-01,1.191662430763244629e+00,4.610078334808349609e-01,1.297456584870815277e-02,1.297456584870815277e-02,5.233767256140708923e-02,3.694944828748703003e-02,7.491274178028106689e-02,7.491274178028106689e-02,5.449875444173812866e-02,2.562791407108306885e-01,4.203068912029266357e-01,4.203068912029266357e-01,4.376145899295806885e-01,5.288594365119934082e-01,1.712663173675537109e+00,1.712663173675537109e+00,1.880689144134521484e+00,1.296306014060974121e+00
2.070000000000000000e+02,2.784934520721435547e+00,2.784934520721435547e+00,2.904334068298339844e+00,2.337589502334594727e+00,2.285363197326660156e+00,2.285363197326660156e+00,2.584593296051025391e+00,1.722186684608459473e+00,7.589106559753417969e-01,7.589106559753417969e-01,1.164236783981323242e+00,4.437628388404846191e-01,1.226791925728321075e-02,1.226791925728321075e-02,4.757139459252357483e-02,3.588228300213813782e-02,7.546818256378173828e-02,7.546818256378173828e-02,5.796552076935768127e-02,2.528722584247589111e-01,4.187210202217102051e-01,4.187210202217102051e-01,4.526761472225189209e-01,5.200462341308593750e-01,1.740973472595214844e+00,1.740973472595214844e+00,1.913493394851684570e+00,1.311206459999084473e+00
2.080000000000000000e+02,2.795545816421508789e+00,2.795545816421508789e+00,2.919937849044799805e+00,2.342361211776733398e+00,2.273334741592407227e+00,2.273334741592407227e+00,2.576520919799804688e+00,1.703553438186645508e+00,7.315264344215393066e-01,7.315264344215393066e-01,1.135795950889587402e+00,4.252610206604003906e-01,1.175015605986118317e-02,1.175015605986118317e-02,4.193660616874694824e-02,3.549329563975334167e-02,7.608865946531295776e-02,7.608865946531295776e-02,5.931407958269119263e-02,2.492686063051223755e-01,4.204242527484893799e-01,4.204242527484893799e-01,4.676883220672607422e-01,5.103718042373657227e-01,1.768575668334960938e+00,1.768575668334960938e+00,1.945699810981750488e+00,1.326521396636962891e+00
2.090000000000000000e+02,2.806591510772705078e+00,2.806591510772705078e+00,2.937416791915893555e+00,2.346351385116577148e+00,2.252438783645629883e+00,2.252438783645629883e+00,2.559506654739379883e+00,1.687203288078308105e+00,7.032511234283447266e-01,7.032511234283447266e-01,1.107000946998596191e+00,4.066269993782043457e-01,1.106626726686954498e-02,1.106626726686954498e-02,3.863738477230072021e-02,3.475494682788848877e-02,7.643914967775344849e-02,7.643914967775344849e-02,6.058815866708755493e-02,2.453428208827972412e-01,4.216157197952270508e-01,4.216157197952270508e-01,4.821982979774475098e-01,5.009973645210266113e-01,1.796369671821594238e+00,1.796369671821594238e+00,1.977290987968444824e+00,1.342521429061889648e+00
2.100000000000000000e+02,2.815961122512817383e+00,2.815961122512817383e+00,2.951654434204101562e+00,2.349208593368530273e+00,2.245462179183959961e+00,2.245462179183959961e+00,2.556019067764282227e+00,1.663101792335510254e+00,6.740737557411193848e-01,6.740737557411193848e-01,1.077077865600585938e+00,3.871978223323822021e-01,1.037937123328447342e-02,1.037937123328447342e-02,3.541135415434837341e-02,3.362119197845458984e-02,7.624351978302001953e-02,7.624351978302001953e-02,6.159146502614021301e-02,2.411256730556488037e-01,4.221202135086059570e-01,4.221202135086059570e-01,4.823595881462097168e-01,4.924951791763305664e-01,1.823043823242187500e+00,1.823043823242187500e+00,2.008228063583374023e+00,1.358380556106567383e+00
2.110000000000000000e+02,2.824141979217529297e+00,2.824141979217529297e+00,2.964925765991210938e+00,2.351271152496337891e+00,2.230950355529785156e+00,2.230950355529785156e+00,2.543601751327514648e+00,1.648357391357421875e+00,6.441665887832641602e-01,6.441665887832641602e-01,1.046329736709594727e+00,3.668693602085113525e-01,9.927400387823581696e-03,9.927400387823581696e-03,3.213221207261085510e-02,3.338141366839408875e-02,7.713129371404647827e-02,7.713129371404647827e-02,6.299718469381332397e-02,2.362930625677108765e-01,4.224568009376525879e-01,4.224568009376525879e-01,5.100877881050109863e-01,4.824116528034210205e-01,1.850165843963623047e+00,1.850165843963623047e+00,2.038640975952148438e+00,1.376730799674987793e+00
2.120000000000000000e+02,2.831374883651733398e+00,2.831374883651733398e+00,2.976696491241455078e+00,2.352580070495605469e+00,2.214939594268798828e+00,2.214939594268798828e+00,2.529729604721069336e+00,1.627688169479370117e+00,6.134284734725952148e-01,6.134284734725952148e-01,1.014979243278503418e+00,3.466967940330505371e-01,9.324040263891220093e-03,9.324040263891220093e-03,3.056704066693782806e-02,3.258041292428970337e-02,7.759102433919906616e-02,7.759102433919906616e-02,6.437346339225769043e-02,2.285400927066802979e-01,4.221053719520568848e-01,4.221053719520568848e-01,5.228092670440673828e-01,4.730345308780670166e-01,1.876108646392822266e+00,1.876108646392822266e+00,2.069122552871704102e+00,1.391453862190246582e+00
2.130000000000000000e+02,2.833865880966186523e+00,2.833865880966186523e+00,2.987662076950073242e+00,2.352832078933715820e+00,2.197623729705810547e+00,2.197623729705810547e+00,2.514695405960083008e+00,1.606341242790222168e+00,5.819433927536010742e-01,5.819433927536010742e-01,9.837861061096191406e-01,3.258756697177886963e-01,8.626285009086132050e-03,8.626285009086132050e-03,2.901176735758781433e-02,3.191507235169410706e-02,7.755588740110397339e-02,7.755588740110397339e-02,6.526978313922882080e-02,2.253458648920059204e-01,4.212397634983062744e-01,4.212397634983062744e-01,5.372731685638427734e-01,4.626421630382537842e-01,1.901418209075927734e+00,1.901418209075927734e+00,2.098563909530639648e+00,1.410828232765197754e+00
2.140000000000000000e+02,2.841351032257080078e+00,2.841351032257080078e+00,2.997962713241577148e+00,2.352384090423583984e+00,2.172358036041259766e+00,2.172358036041259766e+00,2.350206851959228516e+00,1.584108591079711914e+00,5.520254373550415039e-01,5.520254373550415039e-01,9.523917436599731445e-01,3.046551048755645752e-01,7.959828712046146393e-03,7.959828712046146393e-03,2.751599811017513275e-02,3.069231286644935608e-02,7.699787616729736328e-02,7.699787616729736328e-02,6.639020889997482300e-02,2.196863144636154175e-01,4.223572313785552979e-01,4.223572313785552979e-01,5.503913164138793945e-01,4.539880156517028809e-01,1.926415920257568359e+00,1.926415920257568359e+00,2.127352714538574219e+00,1.425607681274414062e+00
2.150000000000000000e+02,2.845408439636230469e+00,2.845408439636230469e+00,3.006631135940551758e+00,2.351135015487670898e+00,2.159814357757568359e+00,2.159814357757568359e+00,2.480835914611816406e+00,1.561681389808654785e+00,5.083421468734741211e-01,5.083421468734741211e-01,9.202615022659301758e-01,2.851952612400054932e-01,7.828881032764911652e-03,7.828881032764911652e-03,2.661464363336563110e-02,3.093526698648929596e-02,7.776094228029251099e-02,7.776094228029251099e-02,6.744644045829772949e-02,2.142813801765441895e-01,4.264215826988220215e-01,4.264215826988220215e-01,5.639024376869201660e-01,4.451285302639007568e-01,1.951600551605224609e+00,1.951600551605224609e+00,2.154658555984497070e+00,1.444159150123596191e+00
2.160000000000000000e+02,2.849419355392456055e+00,2.849419355392456055e+00,3.013998985290527344e+00,2.348905563354492188e+00,2.139179706573486328e+00,2.139179706573486328e+00,2.461843967437744141e+00,1.539191365242004395e+00,5.034753680229187012e-01,5.034753680229187012e-01,8.886783123016357422e-01,2.699559628963470459e-01,7.686857599765062332e-03,7.686857599765062332e-03,2.584750577807426453e-02,3.059453517198562622e-02,7.769288867712020874e-02,7.769288867712020874e-02,6.854887306690216064e-02,2.085370868444442749e-01,4.373517632484436035e-01,4.373517632484436035e-01,5.797933340072631836e-01,4.362169802188873291e-01,1.975976943969726562e+00,1.975976943969726562e+00,2.183899402618408203e+00,1.457919001579284668e+00
2.170000000000000000e+02,2.851205348968505859e+00,2.851205348968505859e+00,3.014641761779785156e+00,2.345671653747558594e+00,2.117333889007568359e+00,2.117333889007568359e+00,2.442156314849853516e+00,1.516293287277221680e+00,4.788331389427185059e-01,4.788331389427185059e-01,8.560805320739746094e-01,2.553128600120544434e-01,7.659093942493200302e-03,7.659093942493200302e-03,2.493552304804325104e-02,3.040487132966518402e-02,7.728897035121917725e-02,7.728897035121917725e-02,6.945728510618209839e-02,2.022168338298797607e-01,4.449232816696166992e-01,4.449232816696166992e-01,5.992886424064636230e-01,4.276113212108612061e-01,1.992175102233886719e+00,1.992175102233886719e+00,2.210853815078735352e+00,1.473324537277221680e+00
2.180000000000000000e+02,2.851836204528808594e+00,2.851836204528808594e+00,3.024554252624511719e+00,2.341479301452636719e+00,2.094366073608398438e+00,2.094366073608398438e+00,2.421052455902099609e+00,1.492631435394287109e+00,4.544304907321929932e-01,4.544304907321929932e-01,8.227681517601013184e-01,2.417845577001571655e-01,8.320184424519538879e-03,8.320184424519538879e-03,2.412546984851360321e-02,3.010882996022701263e-02,7.649882882833480835e-02,7.649882882833480835e-02,7.069035619497299194e-02,1.956996619701385498e-01,4.524532556533813477e-01,4.524532556533813477e-01,6.176850795745849609e-01,4.172005355358123779e-01,2.023602247238159180e+00,2.023602247238159180e+00,2.236555337905883789e+00,1.490872025489807129e+00
2.190000000000000000e+02,2.851234436035156250e+00,2.851234436035156250e+00,3.027657508850097656e+00,2.336342096328735352e+00,2.069835186004638672e+00,2.069835186004638672e+00,2.398698806762695312e+00,1.468253016471862793e+00,4.306585192680358887e-01,4.306585192680358887e-01,7.923450469970703125e-01,2.279722243547439575e-01,8.896321058273315430e-03,8.896321058273315430e-03,2.328977733850479126e-02,2.984326146543025970e-02,7.511720806360244751e-02,7.511720806360244751e-02,7.237019389867782593e-02,1.889113336801528931e-01,4.600780010223388672e-01,4.600780010223388672e-01,6.381496191024780273e-01,4.131805300712585449e-01,2.046079397201538086e+00,2.046079397201538086e+00,2.261436462402343750e+00,1.505142092704772949e+00
2.200000000000000000e+02,2.848301172256469727e+00,2.848301172256469727e+00,3.029165744781494141e+00,2.330211639404296875e+00,2.044870853424072266e+00,2.044870853424072266e+00,2.375401973724365234e+00,1.443069934844970703e+00,4.063623547554016113e-01,4.063623547554016113e-01,7.607589960098266602e-01,2.139111906290054321e-01,9.506760165095329285e-03,9.506760165095329285e-03,2.233897894620895386e-02,2.937101759016513824e-02,7.347287982702255249e-02,7.347287982702255249e-02,7.370895892381668091e-02,1.816832423210144043e-01,4.680477678775787354e-01,4.680477678775787354e-01,6.581149697303771973e-01,4.023813009262084961e-01,2.066815853118896484e+00,2.066815853118896484e+00,2.286713123321533203e+00,1.518649935722351074e+00
2.210000000000000000e+02,2.846958637237548828e+00,2.846958637237548828e+00,3.027945756912231445e+00,2.323007583618164062e+00,2.018635988235473633e+00,2.018635988235473633e+00,2.350805759429931641e+00,1.417078018188476562e+00,3.815706968307495117e-01,3.815706968307495117e-01,7.303915023803710938e-01,2.029943168163299561e-01,9.985075332224369049e-03,9.985075332224369049e-03,2.155137248337268829e-02,2.878841757774353027e-02,7.146895676851272583e-02,7.146895676851272583e-02,7.501290738582611084e-02,1.739073246717453003e-01,4.749310612678527832e-01,4.749310612678527832e-01,6.798089742660522461e-01,3.988245129585266113e-01,2.088869810104370117e+00,2.088869810104370117e+00,2.309153079986572266e+00,1.531691074371337891e+00
2.220000000000000000e+02,2.842224121093750000e+00,2.842224121093750000e+00,3.028710842132568359e+00,2.315058469772338867e+00,1.991749048233032227e+00,1.991749048233032227e+00,2.320087671279907227e+00,1.390215158462524414e+00,3.560930490493774414e-01,3.560930490493774414e-01,6.999144554138183594e-01,1.920279711484909058e-01,1.039220206439495087e-02,1.039220206439495087e-02,2.081157267093658447e-02,2.858922258019447327e-02,6.958827376365661621e-02,6.958827376365661621e-02,7.591083645820617676e-02,1.662395745515823364e-01,4.810406267642974854e-01,4.810406267642974854e-01,7.025321722030639648e-01,3.919578790664672852e-01,2.109202384948730469e+00,2.109202384948730469e+00,2.332283258438110352e+00,1.544106483459472656e+00
2.230000000000000000e+02,2.838281154632568359e+00,2.838281154632568359e+00,3.026445150375366211e+00,2.305900573730468750e+00,1.963773965835571289e+00,1.963773965835571289e+00,2.298223018646240234e+00,1.361608743667602539e+00,3.306240737438201904e-01,3.306240737438201904e-01,6.691223382949829102e-01,1.819378137588500977e-01,1.074979826807975769e-02,1.074979826807975769e-02,2.003103308379650116e-02,2.810955047607421875e-02,6.728915125131607056e-02,6.728915125131607056e-02,7.657118141651153564e-02,1.577989310026168823e-01,4.869539141654968262e-01,4.869539141654968262e-01,7.223702669143676758e-01,3.846635818481445312e-01,2.128297805786132812e+00,2.128297805786132812e+00,2.353435993194580078e+00,1.555759787559509277e+00
2.240000000000000000e+02,2.832318782806396484e+00,2.832318782806396484e+00,3.019920587539672852e+00,2.295931339263916016e+00,1.930825591087341309e+00,1.930825591087341309e+00,2.269671201705932617e+00,1.334884047508239746e+00,3.036558330059051514e-01,3.036558330059051514e-01,6.379839777946472168e-01,1.741150021553039551e-01,1.105696521699428558e-02,1.105696521699428558e-02,1.919868215918540955e-02,2.740098722279071808e-02,6.416510045528411865e-02,6.416510045528411865e-02,7.704097032546997070e-02,1.484683007001876831e-01,4.914109706878662109e-01,4.914109706878662109e-01,7.460263967514038086e-01,3.769597113132476807e-01,2.146428585052490234e+00,2.146428585052490234e+00,2.374573945999145508e+00,1.566738367080688477e+00
2.250000000000000000e+02,2.825222492218017578e+00,2.825222492218017578e+00,3.017326116561889648e+00,2.285119533538818359e+00,1.904580354690551758e+00,1.904580354690551758e+00,2.241165637969970703e+00,1.306733846664428711e+00,2.775359749794006348e-01,2.775359749794006348e-01,6.065223217010498047e-01,1.666119843721389771e-01,1.129964832216501236e-02,1.129964832216501236e-02,1.830538734793663025e-02,2.684194967150688171e-02,6.133426725864410400e-02,6.133426725864410400e-02,7.748129963874816895e-02,1.400772333145141602e-01,4.959656596183776855e-01,4.959656596183776855e-01,7.720819711685180664e-01,3.684792220592498779e-01,2.163571834564208984e+00,2.163571834564208984e+00,2.393904685974121094e+00,1.576844930648803711e+00
2.260000000000000000e+02,2.816998720169067383e+00,2.816998720169067383e+00,3.011430263519287109e+00,2.276389598846435547e+00,1.874564528465270996e+00,1.874564528465270996e+00,2.212964534759521484e+00,1.280451893806457520e+00,2.664610147476196289e-01,2.664610147476196289e-01,5.767211914062500000e-01,1.621554344892501831e-01,1.327920984476804733e-02,1.327920984476804733e-02,1.866548508405685425e-02,2.877860516309738159e-02,6.219451874494552612e-02,6.219451874494552612e-02,8.001843094825744629e-02,1.378140449523925781e-01,5.202999711036682129e-01,5.202999711036682129e-01,7.997073531150817871e-01,3.684396147727966309e-01,2.182729959487915039e+00,2.182729959487915039e+00,2.414593696594238281e+00,1.593297958374023438e+00
2.270000000000000000e+02,2.807568550109863281e+00,2.807568550109863281e+00,3.004342317581176758e+00,2.266987085342407227e+00,1.845094203948974609e+00,1.845094203948974609e+00,2.183490991592407227e+00,1.252009272575378418e+00,2.566471099853515625e-01,2.566471099853515625e-01,5.465037822723388672e-01,1.575209945440292358e-01,1.504518557339906693e-02,1.504518557339906693e-02,1.902285404503345490e-02,3.149059042334556580e-02,6.288663297891616821e-02,6.288663297891616821e-02,8.241269737482070923e-02,1.349720209836959839e-01,5.438531041145324707e-01,5.438531041145324707e-01,8.275866508483886719e-01,3.727181553840637207e-01,2.202844142913818359e+00,2.202844142913818359e+00,2.433838844299316406e+00,1.609004616737365723e+00
2.280000000000000000e+02,2.796947956085205078e+00,2.796947956085205078e+00,2.968740463256835938e+00,2.256327152252197266e+00,1.814005732536315918e+00,1.814005732536315918e+00,2.153131961822509766e+00,1.226872563362121582e+00,2.454635500907897949e-01,2.454635500907897949e-01,5.191428065299987793e-01,1.527613997459411621e-01,1.678163930773735046e-02,1.678163930773735046e-02,1.862134411931037903e-02,3.376424312591552734e-02,6.327340006828308105e-02,6.327340006828308105e-02,8.460305631160736084e-02,1.316811442375183105e-01,5.665096044540405273e-01,5.665096044540405273e-01,8.534340262413024902e-01,3.762131333351135254e-01,2.220946550369262695e+00,2.220946550369262695e+00,2.451396465301513672e+00,1.623917460441589355e+00
2.290000000000000000e+02,2.784090518951416016e+00,2.784090518951416016e+00,2.918179988861083984e+00,2.244865179061889648e+00,1.782072782516479492e+00,1.782072782516479492e+00,2.121914863586425781e+00,1.199368715286254883e+00,2.339779138565063477e-01,2.339779138565063477e-01,4.924500882625579834e-01,1.478518843650817871e-01,1.846433430910110474e-02,1.846433430910110474e-02,2.001244574785232544e-02,3.578447178006172180e-02,6.332462280988693237e-02,6.332462280988693237e-02,8.658953756093978882e-02,1.296478658914566040e-01,5.860907435417175293e-01,5.860907435417175293e-01,8.807364106178283691e-01,3.788035511970520020e-01,2.238319396972656250e+00,2.238319396972656250e+00,2.468251705169677734e+00,1.637767910957336426e+00
2.300000000000000000e+02,2.772172212600708008e+00,2.772172212600708008e+00,2.973353147506713867e+00,2.232471466064453125e+00,1.749330997467041016e+00,1.749330997467041016e+00,2.089768171310424805e+00,1.169646978378295898e+00,2.214100658893585205e-01,2.214100658893585205e-01,4.661246836185455322e-01,1.433155089616775513e-01,1.988257840275764465e-02,1.988257840275764465e-02,2.042681351304054260e-02,3.776563331484794617e-02,6.308380514383316040e-02,6.308380514383316040e-02,8.856125175952911377e-02,1.263990253210067749e-01,6.087692379951477051e-01,6.087692379951477051e-01,9.066613912582397461e-01,3.836844563484191895e-01,2.253672361373901367e+00,2.253672361373901367e+00,2.483726501464843750e+00,1.650626659393310547e+00
2.310000000000000000e+02,2.758099317550659180e+00,2.758099317550659180e+00,2.962054491043090820e+00,2.218958854675292969e+00,1.715645432472229004e+00,1.715645432472229004e+00,2.057097196578979492e+00,1.142977595329284668e+00,2.099839150905609131e-01,2.099839150905609131e-01,4.428999722003936768e-01,1.402846574783325195e-01,2.127033658325672150e-02,2.127033658325672150e-02,2.074525691568851471e-02,3.963398933410644531e-02,6.249991431832313538e-02,6.249991431832313538e-02,9.033506363630294800e-02,1.230805069208145142e-01,6.299815177917480469e-01,6.299815177917480469e-01,9.338346719741821289e-01,3.898048400878906250e-01,2.268169879913330078e+00,2.268169879913330078e+00,2.498484373092651367e+00,1.655766844749450684e+00
2.320000000000000000e+02,2.742801666259765625e+00,2.742801666259765625e+00,2.946579933166503906e+00,2.204411506652832031e+00,1.681580662727355957e+00,1.681580662727355957e+00,2.022634506225585938e+00,1.114066958427429199e+00,1.978028863668441772e-01,1.978028863668441772e-01,4.194496273994445801e-01,1.371794939041137695e-01,2.247383818030357361e-02,2.247383818030357361e-02,2.084155380725860596e-02,4.131399095058441162e-02,6.172763556241989136e-02,6.172763556241989136e-02,9.203594923019409180e-02,1.180610880255699158e-01,6.494360566139221191e-01,6.494360566139221191e-01,9.604153633117675781e-01,3.962645232677459717e-01,2.281380414962768555e+00,2.281380414962768555e+00,2.511346340179443359e+00,1.673307418823242188e+00
2.330000000000000000e+02,2.726551294326782227e+00,2.726551294326782227e+00,2.932759284973144531e+00,2.189083099365234375e+00,1.647266030311584473e+00,1.647266030311584473e+00,1.989780426025390625e+00,1.085382342338562012e+00,1.860822886228561401e-01,1.860822886228561401e-01,3.968132734298706055e-01,1.360264122486114502e-01,2.421293780207633972e-02,2.421293780207633972e-02,2.153147943317890167e-02,4.349005967378616333e-02,6.003671884536743164e-02,6.003671884536743164e-02,9.351094812154769897e-02,1.140160113573074341e-01,6.533434987068176270e-01,6.533434987068176270e-01,9.857454299926757812e-01,4.044806957244873047e-01,2.293188333511352539e+00,2.293188333511352539e+00,2.522934436798095703e+00,1.683210968971252441e+00
2.340000000000000000e+02,2.709150552749633789e+00,2.709150552749633789e+00,2.915803432464599609e+00,2.172852754592895508e+00,1.613062858581542969e+00,1.613062858581542969e+00,1.955966472625732422e+00,1.054896950721740723e+00,1.790211647748947144e-01,1.790211647748947144e-01,3.764877319335937500e-01,1.366003602743148804e-01,2.645529061555862427e-02,2.645529061555862427e-02,2.260394394397735596e-02,4.598819464445114136e-02,5.935363098978996277e-02,5.935363098978996277e-02,9.509016573429107666e-02,1.111254692077636719e-01,6.893350481986999512e-01,6.893350481986999512e-01,1.012865066528320312e+00,4.118099808692932129e-01,2.303722143173217773e+00,2.303722143173217773e+00,2.533263444900512695e+00,1.688214302062988281e+00
2.350000000000000000e+02,2.690825462341308594e+00,2.690825462341308594e+00,2.898345232009887695e+00,2.155781269073486328e+00,1.578799962997436523e+00,1.578799962997436523e+00,1.921330690383911133e+00,1.026135563850402832e+00,1.701324582099914551e-01,1.701324582099914551e-01,3.562884926795959473e-01,1.370645165443420410e-01,2.864398993551731110e-02,2.864398993551731110e-02,2.362877503037452698e-02,4.845626652240753174e-02,5.805014818906784058e-02,5.805014818906784058e-02,9.632521867752075195e-02,1.074297502636909485e-01,7.102970480918884277e-01,7.102970480918884277e-01,1.039410233497619629e+00,4.221225082874298096e-01,2.312940359115600586e+00,2.312940359115600586e+00,2.540209293365478516e+00,1.700071215629577637e+00
2.360000000000000000e+02,2.671406507492065430e+00,2.671406507492065430e+00,2.879754066467285156e+00,2.137787818908691406e+00,1.543874025344848633e+00,1.543874025344848633e+00,1.886521220207214355e+00,9.990255236625671387e-01,1.611741930246353149e-01,1.611741930246353149e-01,3.424865901470184326e-01,1.378059685230255127e-01,3.065545670688152313e-02,3.065545670688152313e-02,2.462572045624256134e-02,5.079718679189682007e-02,5.650880187749862671e-02,5.650880187749862671e-02,9.742332249879837036e-02,1.028160005807876587e-01,7.295266389846801758e-01,7.295266389846801758e-01,1.065113425254821777e+00,4.330556988716125488e-01,2.321036338806152344e+00,2.321036338806152344e+00,2.549796819686889648e+00,1.706888914108276367e+00
2.370000000000000000e+02,2.651206970214843750e+00,2.651206970214843750e+00,2.859829902648925781e+00,2.119884729385375977e+00,1.511075258255004883e+00,1.511075258255004883e+00,1.852229595184326172e+00,9.721447825431823730e-01,1.604649126529693604e-01,1.604649126529693604e-01,3.330548107624053955e-01,1.416512727737426758e-01,3.395690396428108215e-02,3.395690396428108215e-02,2.663073129951953888e-02,5.522845312952995300e-02,5.582285672426223755e-02,5.582285672426223755e-02,9.855356067419052124e-02,9.887843579053878784e-02,7.529674768447875977e-01,7.529674768447875977e-01,1.088963508605957031e+00,4.467136859893798828e-01,2.325882434844970703e+00,2.325882434844970703e+00,2.556314229965209961e+00,1.713194131851196289e+00
2.380000000000000000e+02,2.630103588104248047e+00,2.630103588104248047e+00,2.838360786437988281e+00,2.101399898529052734e+00,1.478860735893249512e+00,1.478860735893249512e+00,1.818009495735168457e+00,9.479568600654602051e-01,1.619415283203125000e-01,1.619415283203125000e-01,3.215277194976806641e-01,1.459164768457412720e-01,3.860135376453399658e-02,3.860135376453399658e-02,2.871413342654705048e-02,5.976031348109245300e-02,5.510957539081573486e-02,5.510957539081573486e-02,9.956788271665573120e-02,9.473621100187301636e-02,7.761943936347961426e-01,7.761943936347961426e-01,1.115705132484436035e+00,4.591464102268218994e-01,2.334511518478393555e+00,2.334511518478393555e+00,2.561687946319580078e+00,1.718531370162963867e+00
2.390000000000000000e+02,2.608152389526367188e+00,2.608152389526367188e+00,2.816583395004272461e+00,2.081942319869995117e+00,1.438170194625854492e+00,1.438170194625854492e+00,1.783213019371032715e+00,9.208034873008728027e-01,1.632759869098663330e-01,1.632759869098663330e-01,3.127537369728088379e-01,1.520240306854248047e-01,4.248813539743423462e-02,4.248813539743423462e-02,3.052098304033279419e-02,6.454964727163314819e-02,5.424240604043006897e-02,5.424240604043006897e-02,1.003846526145935059e-01,9.090237319469451904e-02,8.030201196670532227e-01,8.030201196670532227e-01,1.139558911323547363e+00,4.743542969226837158e-01,2.339090108871459961e+00,2.339090108871459961e+00,2.565509080886840820e+00,1.722783684730529785e+00
2.400000000000000000e+02,2.585356235504150391e+00,2.585356235504150391e+00,2.793183803558349609e+00,2.061072826385498047e+00,1.413321495056152344e+00,1.413321495056152344e+00,1.748489022254943848e+00,8.991019129753112793e-01,1.645023375749588013e-01,1.645023375749588013e-01,3.025552928447723389e-01,1.587565988302230835e-01,4.609571397304534912e-02,4.609571397304534912e-02,3.233940154314041138e-02,6.930854916572570801e-02,5.310817062854766846e-02,5.310817062854766846e-02,1.015516296029090881e-01,8.679307997226715088e-02,8.263554573059082031e-01,8.263554573059082031e-01,1.164519429206848145e+00,4.854014813899993896e-01,2.341630935668945312e+00,2.341630935668945312e+00,2.567752838134765625e+00,1.725969195365905762e+00
2.410000000000000000e+02,2.559269666671752930e+00,2.559269666671752930e+00,2.768807172775268555e+00,2.041905879974365234e+00,1.381624341011047363e+00,1.381624341011047363e+00,1.713546752929687500e+00,8.768733739852905273e-01,1.654113829135894775e-01,1.654113829135894775e-01,2.919085919857025146e-01,1.645167171955108643e-01,4.945767670869827271e-02,4.945767670869827271e-02,3.385583311319351196e-02,7.354223728179931641e-02,5.309025943279266357e-02,5.309025943279266357e-02,1.033562123775482178e-01,8.238506317138671875e-02,8.483267426490783691e-01,8.483267426490783691e-01,1.189586997032165527e+00,4.970206916332244873e-01,2.344121456146240234e+00,2.344121456146240234e+00,2.567258834838867188e+00,1.727916121482849121e+00
2.420000000000000000e+02,2.537744283676147461e+00,2.537744283676147461e+00,2.742946624755859375e+00,2.020618677139282227e+00,1.349617242813110352e+00,1.349617242813110352e+00,1.678333997726440430e+00,8.550113439559936523e-01,1.657245606184005737e-01,1.657245606184005737e-01,2.814062535762786865e-01,1.706391125917434692e-01,5.253068730235099792e-02,5.253068730235099792e-02,3.499870002269744873e-02,7.689678668975830078e-02,5.271458998322486877e-02,5.271458998322486877e-02,1.070217564702033997e-01,7.790463417768478394e-02,8.682241439819335938e-01,8.682241439819335938e-01,1.211722970008850098e+00,5.072228908538818359e-01,2.344565868377685547e+00,2.344565868377685547e+00,2.568426847457885742e+00,1.728901505470275879e+00
2.430000000000000000e+02,2.512716054916381836e+00,2.512716054916381836e+00,2.716577053070068359e+00,1.999140024185180664e+00,1.317412853240966797e+00,1.317412853240966797e+00,1.642879366874694824e+00,8.335350751876831055e-01,1.665738373994827271e-01,1.665738373994827271e-01,2.707843184471130371e-01,1.764764636754989624e-01,5.495945736765861511e-02,5.495945736765861511e-02,3.603773936629295349e-02,8.102297037839889526e-02,5.198141187429428101e-02,5.198141187429428101e-02,1.115342155098915100e-01,7.315794378519058228e-02,8.898468017578125000e-01,8.898468017578125000e-01,1.234092950820922852e+00,5.165735483169555664e-01,2.343535423278808594e+00,2.343535423278808594e+00,2.566793441772460938e+00,1.728837728500366211e+00
2.440000000000000000e+02,2.487364768981933594e+00,2.487364768981933594e+00,2.681012630462646484e+00,1.977502465248107910e+00,1.291798710823059082e+00,1.291798710823059082e+00,1.612299799919128418e+00,8.190411329269409180e-01,1.804284006357192993e-01,1.804284006357192993e-01,2.678731679916381836e-01,1.913523375988006592e-01,6.438176333904266357e-02,6.438176333904266357e-02,4.203108325600624084e-02,9.067800641059875488e-02,5.097000300884246826e-02,5.097000300884246826e-02,1.162414476275444031e-01,6.827520579099655151e-02,9.113098978996276855e-01,9.113098978996276855e-01,1.254460334777832031e+00,5.253854990005493164e-01,2.341345787048339844e+00,2.341345787048339844e+00,2.563326835632324219e+00,1.727667927742004395e+00
2.450000000000000000e+02,2.461727142333984375e+00,2.461727142333984375e+00,2.660281896591186523e+00,1.956318259239196777e+00,1.266243457794189453e+00,1.266243457794189453e+00,1.582064151763916016e+00,8.059244751930236816e-01,1.951044201850891113e-01,1.951044201850891113e-01,2.648123502731323242e-01,2.065987437963485718e-01,7.288624346256256104e-02,7.288624346256256104e-02,4.758508503437042236e-02,1.007108092308044434e-01,4.960593208670616150e-02,4.960593208670616150e-02,1.209306269884109497e-01,6.329751759767532349e-02,9.359390735626220703e-01,9.359390735626220703e-01,1.274430871009826660e+00,5.335299968719482422e-01,2.337678432464599609e+00,2.337678432464599609e+00,2.558739423751831055e+00,1.725455284118652344e+00
2.460000000000000000e+02,2.435725212097167969e+00,2.435725212097167969e+00,2.631332397460937500e+00,1.934733748435974121e+00,1.240777492523193359e+00,1.240777492523193359e+00,1.551797270774841309e+00,7.967216968536376953e-01,2.090126872062683105e-01,2.090126872062683105e-01,2.616915106773376465e-01,2.219678312540054321e-01,8.035434782505035400e-02,8.035434782505035400e-02,5.281408876180648804e-02,1.097965240478515625e-01,4.789076372981071472e-02,4.789076372981071472e-02,1.254488080739974976e-01,5.821452662348747253e-02,9.529861211776733398e-01,9.529861211776733398e-01,1.293782591819763184e+00,5.411822795867919922e-01,2.332312822341918945e+00,2.332312822341918945e+00,2.552373170852661133e+00,1.712380766868591309e+00
2.470000000000000000e+02,2.409451484680175781e+00,2.409451484680175781e+00,2.601452827453613281e+00,1.912879228591918945e+00,1.215431451797485352e+00,1.215431451797485352e+00,1.521896123886108398e+00,7.891911864280700684e-01,2.227785736322402954e-01,2.227785736322402954e-01,2.585561275482177734e-01,2.375089824199676514e-01,8.829240500926971436e-02,8.829240500926971436e-02,5.131716281175613403e-02,1.184356063604354858e-01,4.582659900188446045e-02,4.582659900188446045e-02,1.320675760507583618e-01,5.291961133480072021e-02,9.781330823898315430e-01,9.781330823898315430e-01,1.311988592147827148e+00,5.470902919769287109e-01,2.326185464859008789e+00,2.326185464859008789e+00,2.542770862579345703e+00,1.717896938323974609e+00
2.480000000000000000e+02,2.382950782775878906e+00,2.382950782775878906e+00,2.571567773818969727e+00,1.890984416007995605e+00,1.192268967628479004e+00,1.192268967628479004e+00,1.493974447250366211e+00,7.836756706237792969e-01,2.396644651889801025e-01,2.396644651889801025e-01,2.583545446395874023e-01,2.558782100677490234e-01,9.704398363828659058e-02,9.704398363828659058e-02,6.234804168343544006e-02,1.288599967956542969e-01,4.512290284037590027e-02,4.512290284037590027e-02,1.421595811843872070e-01,4.973411187529563904e-02,9.974426031112670898e-01,9.974426031112670898e-01,1.330135703086853027e+00,5.571644902229309082e-01,2.319410562515258789e+00,2.319410562515258789e+00,2.537216901779174805e+00,1.714883327484130859e+00
2.490000000000000000e+02,2.356428861618041992e+00,2.356428861618041992e+00,2.541228055953979492e+00,1.871948719024658203e+00,1.173781991004943848e+00,1.173781991004943848e+00,1.468191146850585938e+00,7.823963761329650879e-01,2.605516612529754639e-01,2.605516612529754639e-01,2.619582712650299072e-01,2.768845558166503906e-01,1.081149876117706299e-01,1.081149876117706299e-01,7.133316993713378906e-02,1.409798860549926758e-01,4.654600843787193298e-02,4.654600843787193298e-02,1.526581048965454102e-01,4.863113537430763245e-02,1.022644042968750000e+00,1.022644042968750000e+00,1.347807168960571289e+00,5.732860565185546875e-01,2.313393592834472656e+00,2.313393592834472656e+00,2.527802467346191406e+00,1.710721731185913086e+00
2.500000000000000000e+02,2.329347133636474609e+00,2.329347133636474609e+00,2.510292053222656250e+00,1.852550506591796875e+00,1.154819846153259277e+00,1.154819846153259277e+00,1.442704200744628906e+00,7.805927991867065430e-01,2.809353172779083252e-01,2.809353172779083252e-01,2.663351893424987793e-01,2.982135415077209473e-01,1.180715039372444153e-01,1.180715039372444153e-01,7.829567044973373413e-02,1.525715291500091553e-01,4.743441566824913025e-02,4.743441566824913025e-02,1.626519560813903809e-01,4.785960167646408081e-02,1.044398188591003418e+00,1.044398188591003418e+00,1.364081621170043945e+00,5.905408263206481934e-01,2.305505752563476562e+00,2.305505752563476562e+00,2.517170906066894531e+00,1.710030555725097656e+00
2.510000000000000000e+02,2.303096771240234375e+00,2.303096771240234375e+00,2.471192836761474609e+00,1.833135485649108887e+00,1.136192321777343750e+00,1.136192321777343750e+00,1.417857527732849121e+00,7.780409455299377441e-01,3.009318113327026367e-01,3.009318113327026367e-01,2.749391198158264160e-01,3.193749487400054932e-01,1.272684186697006226e-01,1.272684186697006226e-01,8.465085923671722412e-02,1.633182168006896973e-01,4.802867397665977478e-02,4.802867397665977478e-02,1.721216440200805664e-01,4.683317989110946655e-02,1.065249443054199219e+00,1.065249443054199219e+00,1.379709959030151367e+00,6.073380708694458008e-01,2.296224594116210938e+00,2.296224594116210938e+00,2.504015684127807617e+00,1.705716490745544434e+00
2.520000000000000000e+02,2.276435852050781250e+00,2.276435852050781250e+00,2.448185920715332031e+00,1.813742756843566895e+00,1.117937564849853516e+00,1.117937564849853516e+00,1.393387913703918457e+00,7.776743769645690918e-01,3.205239772796630859e-01,3.205239772796630859e-01,2.849810123443603516e-01,3.400271534919738770e-01,1.356948316097259521e-01,1.356948316097259521e-01,9.039798378944396973e-02,1.735039353370666504e-01,4.832836240530014038e-02,4.832836240530014038e-02,1.812818199396133423e-01,4.558127000927925110e-02,1.084420204162597656e+00,1.084420204162597656e+00,1.394656658172607422e+00,6.235780715942382812e-01,2.285489082336425781e+00,2.285489082336425781e+00,2.489331960678100586e+00,1.700595617294311523e+00
2.530000000000000000e+02,2.249781847000122070e+00,2.249781847000122070e+00,2.414413928985595703e+00,1.794540047645568848e+00,1.102475643157958984e+00,1.102475643157958984e+00,1.369026422500610352e+00,7.753427028656005859e-01,3.395148813724517822e-01,3.395148813724517822e-01,2.940355539321899414e-01,3.609295785427093506e-01,1.435649693012237549e-01,1.435649693012237549e-01,9.550098329782485962e-02,1.831037104129791260e-01,5.074561387300491333e-02,5.074561387300491333e-02,1.898135691881179810e-01,4.369639977812767029e-02,1.101806044578552246e+00,1.101806044578552246e+00,1.407859325408935547e+00,6.395602822303771973e-01,2.272838592529296875e+00,2.272838592529296875e+00,2.476167201995849609e+00,1.694180250167846680e+00
2.540000000000000000e+02,2.213537454605102539e+00,2.213537454605102539e+00,2.386547565460205078e+00,1.775382757186889648e+00,1.087170481681823730e+00,1.087170481681823730e+00,1.345275163650512695e+00,7.754851579666137695e-01,3.583232164382934570e-01,3.583232164382934570e-01,3.043579757213592529e-01,3.810532093048095703e-01,1.500166952610015869e-01,1.500166952610015869e-01,9.982673823833465576e-02,1.918462514877319336e-01,5.277922376990318298e-02,5.277922376990318298e-02,1.977825909852981567e-01,4.212052747607231140e-02,1.118646860122680664e+00,1.118646860122680664e+00,1.419661402702331543e+00,6.558907032012939453e-01,2.260096549987792969e+00,2.260096549987792969e+00,2.457746267318725586e+00,1.686644434928894043e+00
2.550000000000000000e+02,2.196748495101928711e+00,2.196748495101928711e+00,2.355551242828369141e+00,1.756461024284362793e+00,1.072462439537048340e+00,1.072462439537048340e+00,1.321747541427612305e+00,7.746961116790771484e-01,3.745291829109191895e-01,3.745291829109191895e-01,3.159662187099456787e-01,4.009844660758972168e-01,1.569466441869735718e-01,1.569466441869735718e-01,1.037376224994659424e-01,1.998652964830398560e-01,5.432055145502090454e-02,5.432055145502090454e-02,2.023167312145233154e-01,4.117666929960250854e-02,1.133551359176635742e+00,1.133551359176635742e+00,1.429876446723937988e+00,6.715894937515258789e-01,2.245542049407958984e+00,2.245542049407958984e+00,2.438507795333862305e+00,1.677953004837036133e+00
2.560000000000000000e+02,2.168822765350341797e+00,2.168822765350341797e+00,2.318525552749633789e+00,1.738704919815063477e+00,1.059050321578979492e+00,1.059050321578979492e+00,1.298947334289550781e+00,7.752488851547241211e-01,3.966761231422424316e-01,3.966761231422424316e-01,3.276007175445556641e-01,4.224889576435089111e-01,1.631683558225631714e-01,1.631683558225631714e-01,1.071416810154914856e-01,2.085207402706146240e-01,5.723123624920845032e-02,5.723123624920845032e-02,2.126061916351318359e-01,4.132737219333648682e-02,1.150364756584167480e+00,1.150364756584167480e+00,1.440341711044311523e+00,6.913808584213256836e-01,2.230778217315673828e+00,2.230778217315673828e+00,2.423935174942016602e+00,1.670162200927734375e+00
2.570000000000000000e+02,2.144149780273437500e+00,2.144149780273437500e+00,2.293974161148071289e+00,1.721349835395812988e+00,1.045981526374816895e+00,1.045981526374816895e+00,1.276698827743530273e+00,7.763981819152832031e-01,4.158806204795837402e-01,4.158806204795837402e-01,3.406525850296020508e-01,4.432154893875122070e-01,1.687815338373184204e-01,1.687815338373184204e-01,1.098939701914787292e-01,2.164141684770584106e-01,5.969703197479248047e-02,5.969703197479248047e-02,2.200255841016769409e-01,4.188420623540878296e-02,1.165217638015747070e+00,1.165217638015747070e+00,1.450334787368774414e+00,7.064304351806640625e-01,2.214857101440429688e+00,2.214857101440429688e+00,2.404330015182495117e+00,1.661326289176940918e+00
2.580000000000000000e+02,2.118080139160156250e+00,2.118080139160156250e+00,2.263228416442871094e+00,1.704347729682922363e+00,1.033332943916320801e+00,1.033332943916320801e+00,1.255427241325378418e+00,7.774271965026855469e-01,4.345293045043945312e-01,4.345293045043945312e-01,3.533928394317626953e-01,4.639237523078918457e-01,1.735025048255920410e-01,1.735025048255920410e-01,1.118229329586029053e-01,2.235069274902343750e-01,6.182103604078292847e-02,6.182103604078292847e-02,2.266905158758163452e-01,4.180078208446502686e-02,1.178684115409851074e+00,1.178684115409851074e+00,1.458471417427062988e+00,7.265688180923461914e-01,2.191967010498046875e+00,2.191967010498046875e+00,2.383318662643432617e+00,1.651285290718078613e+00
2.590000000000000000e+02,2.088116884231567383e+00,2.088116884231567383e+00,2.232533693313598633e+00,1.688237071037292480e+00,1.023509144783020020e+00,1.023509144783020020e+00,1.235311985015869141e+00,7.804015874862670898e-01,4.538929164409637451e-01,4.538929164409637451e-01,3.667303919792175293e-01,4.842962026596069336e-01,1.777999401092529297e-01,1.777999401092529297e-01,1.135541722178459167e-01,2.310275733470916748e-01,6.521736085414886475e-02,6.521736085414886475e-02,2.328258603811264038e-01,4.319090396165847778e-02,1.191042304039001465e+00,1.191042304039001465e+00,1.465207815170288086e+00,7.405529022216796875e-01,2.177551507949829102e+00,2.177551507949829102e+00,2.361038923263549805e+00,1.640375971794128418e+00
2.600000000000000000e+02,2.066656827926635742e+00,2.066656827926635742e+00,2.202075958251953125e+00,1.672854781150817871e+00,1.002712965011596680e+00,1.002712965011596680e+00,1.217440009117126465e+00,7.877965569496154785e-01,4.768273532390594482e-01,4.768273532390594482e-01,3.825532495975494385e-01,5.102753043174743652e-01,1.845580637454986572e-01,1.845580637454986572e-01,1.163437440991401672e-01,2.403276711702346802e-01,7.298875600099563599e-02,7.298875600099563599e-02,2.386525571346282959e-01,4.393179342150688171e-02,1.202659964561462402e+00,1.202659964561462402e+00,1.469859838485717773e+00,7.577788829803466797e-01,2.158059358596801758e+00,2.158059358596801758e+00,2.337509632110595703e+00,1.628625154495239258e+00
2.610000000000000000e+02,2.041571140289306641e+00,2.041571140289306641e+00,2.171628713607788086e+00,1.657846331596374512e+00,1.018551826477050781e+00,1.018551826477050781e+00,1.200381398200988770e+00,7.991238832473754883e-01,4.993183612823486328e-01,4.993183612823486328e-01,3.981981277465820312e-01,5.347932577133178711e-01,1.896552890539169312e-01,1.896552890539169312e-01,1.191984713077545166e-01,2.488654553890228271e-01,8.003847301006317139e-02,8.003847301006317139e-02,2.460540533065795898e-01,4.479306936264038086e-02,1.212777614593505859e+00,1.212777614593505859e+00,1.475443363189697266e+00,7.693632245063781738e-01,2.139091014862060547e+00,2.139091014862060547e+00,2.312769889831542969e+00,1.616133570671081543e+00
2.620000000000000000e+02,2.017085313796997070e+00,2.017085313796997070e+00,2.141574144363403320e+00,1.644189476966857910e+00,1.025721549987792969e+00,1.025721549987792969e+00,1.189512014389038086e+00,8.195511698722839355e-01,5.321809649467468262e-01,5.321809649467468262e-01,4.224302172660827637e-01,5.697540044784545898e-01,2.035300731658935547e-01,2.035300731658935547e-01,1.248514503240585327e-01,2.647285461425781250e-01,8.686638623476028442e-02,8.686638623476028442e-02,2.561502456665039062e-01,4.597618058323860168e-02,1.222265243530273438e+00,1.222265243530273438e+00,1.478407859802246094e+00,7.820147871971130371e-01,2.117318630218505859e+00,2.117318630218505859e+00,2.286979675292968750e+00,1.603018283843994141e+00
2.630000000000000000e+02,1.993458747863769531e+00,1.993458747863769531e+00,2.111833333969116211e+00,1.631255149841308594e+00,1.035746097564697266e+00,1.035746097564697266e+00,1.182787656784057617e+00,8.434836864471435547e-01,5.690498948097229004e-01,5.690498948097229004e-01,4.489715397357940674e-01,6.067925095558166504e-01,2.170770168304443359e-01,2.170770168304443359e-01,1.349164843559265137e-01,2.810443639755249023e-01,9.374032169580459595e-02,9.374032169580459595e-02,2.647396326065063477e-01,4.794842749834060669e-02,1.230562686920166016e+00,1.230562686920166016e+00,1.480055570602416992e+00,7.964941859245300293e-01,2.094352722167968750e+00,2.094352722167968750e+00,2.259972095489501953e+00,1.588309526443481445e+00
2.640000000000000000e+02,1.970852732658386230e+00,1.970852732658386230e+00,2.082488775253295898e+00,1.619307279586791992e+00,1.043121933937072754e+00,1.043121933937072754e+00,1.180433988571166992e+00,8.699405193328857422e-01,6.079056262969970703e-01,6.079056262969970703e-01,4.779626429080963135e-01,6.460202336311340332e-01,2.314875870943069458e-01,2.314875870943069458e-01,1.467292904853820801e-01,2.981228530406951904e-01,1.007926017045974731e-01,1.007926017045974731e-01,2.750845253467559814e-01,4.973184317350387573e-02,1.237145781517028809e+00,1.237145781517028809e+00,1.479724168777465820e+00,8.069881200790405273e-01,2.070290327072143555e+00,2.070290327072143555e+00,2.231882333755493164e+00,1.573782324790954590e+00
2.650000000000000000e+02,1.949546813964843750e+00,1.949546813964843750e+00,2.053723335266113281e+00,1.606878399848937988e+00,1.063869118690490723e+00,1.063869118690490723e+00,1.178224802017211914e+00,8.969339728355407715e-01,6.443492174148559570e-01,6.443492174148559570e-01,5.059120059013366699e-01,6.843185424804687500e-01,2.445794641971588135e-01,2.445794641971588135e-01,1.558042168617248535e-01,3.139048516750335693e-01,1.071344986557960510e-01,1.071344986557960510e-01,2.844986319541931152e-01,5.024652183055877686e-02,1.241928577423095703e+00,1.241928577423095703e+00,1.478927969932556152e+00,8.161495327949523926e-01,2.044738769531250000e+00,2.044738769531250000e+00,2.202430486679077148e+00,1.557932019233703613e+00
2.660000000000000000e+02,1.929301738739013672e+00,1.929301738739013672e+00,2.025399684906005859e+00,1.598656654357910156e+00,1.078969240188598633e+00,1.078969240188598633e+00,1.177927255630493164e+00,9.269316196441650391e-01,6.835743784904479980e-01,6.835743784904479980e-01,5.338974595069885254e-01,7.212451100349426270e-01,2.538616359233856201e-01,2.538616359233856201e-01,1.641915589570999146e-01,3.284682035446166992e-01,1.128302291035652161e-01,1.128302291035652161e-01,2.947536110877990723e-01,5.353046581149101257e-02,1.246254920959472656e+00,1.246254920959472656e+00,1.475962281227111816e+00,8.243837356567382812e-01,2.018606662750244141e+00,2.018606662750244141e+00,2.170211553573608398e+00,1.542307257652282715e+00
2.670000000000000000e+02,1.910240173339843750e+00,1.910240173339843750e+00,1.998895645141601562e+00,1.590295791625976562e+00,1.094515562057495117e+00,1.094515562057495117e+00,1.178571820259094238e+00,9.574188590049743652e-01,7.201116681098937988e-01,7.201116681098937988e-01,5.608642101287841797e-01,7.593761682510375977e-01,2.661854326725006104e-01,2.661854326725006104e-01,1.623787730932235718e-01,3.419889807701110840e-01,1.184607893228530884e-01,1.184607893228530884e-01,3.060943186283111572e-01,5.603558570146560669e-02,1.249845266342163086e+00,1.249845266342163086e+00,1.472791194915771484e+00,8.321232795715332031e-01,1.991039514541625977e+00,1.991039514541625977e+00,2.141069412231445312e+00,1.526393771171569824e+00
2.680000000000000000e+02,1.892226219177246094e+00,1.892226219177246094e+00,1.972749471664428711e+00,1.583009719848632812e+00,1.111156225204467773e+00,1.111156225204467773e+00,1.180186152458190918e+00,9.863409996032714844e-01,7.557353377342224121e-01,7.557353377342224121e-01,5.860136151313781738e-01,7.958058714866638184e-01,2.744805216789245605e-01,2.744805216789245605e-01,1.775147169828414917e-01,3.531484603881835938e-01,1.236958801746368408e-01,1.236958801746368408e-01,3.148994445800781250e-01,5.822871997952461243e-02,1.251628994941711426e+00,1.251628994941711426e+00,1.468039989471435547e+00,8.386150598526000977e-01,1.963691711425781250e+00,1.963691711425781250e+00,2.109715461730957031e+00,1.509187936782836914e+00
2.690000000000000000e+02,1.873961925506591797e+00,1.873961925506591797e+00,1.930568456649780273e+00,1.575134634971618652e+00,1.127298116683959961e+00,1.127298116683959961e+00,1.182555198669433594e+00,1.023358106613159180e+00,7.904716730117797852e-01,7.904716730117797852e-01,6.135507225990295410e-01,8.310183882713317871e-01,2.821532487869262695e-01,2.821532487869262695e-01,1.834084093570709229e-01,3.641135394573211670e-01,1.279785633087158203e-01,1.279785633087158203e-01,3.266128301620483398e-01,6.009920313954353333e-02,1.251888036727905273e+00,1.251888036727905273e+00,1.462752938270568848e+00,8.439581990242004395e-01,1.934699535369873047e+00,1.934699535369873047e+00,2.076920986175537109e+00,1.489338397979736328e+00
2.700000000000000000e+02,1.860127568244934082e+00,1.860127568244934082e+00,1.923404097557067871e+00,1.571552634239196777e+00,1.145330905914306641e+00,1.145330905914306641e+00,1.185692548751831055e+00,1.058289289474487305e+00,8.242303729057312012e-01,8.242303729057312012e-01,6.385954618453979492e-01,8.657269477844238281e-01,2.877803444862365723e-01,2.877803444862365723e-01,1.880178004503250122e-01,3.733167946338653564e-01,1.317698508501052856e-01,1.317698508501052856e-01,3.386724293231964111e-01,6.132034212350845337e-02,1.250621795654296875e+00,1.250621795654296875e+00,1.455241084098815918e+00,8.479306101799011230e-01,1.904575943946838379e+00,1.904575943946838379e+00,2.043080329895019531e+00,1.474099755287170410e+00
2.710000000000000000e+02,1.845710277557373047e+00,1.845710277557373047e+00,1.819650411605834961e+00,1.567624568939208984e+00,1.172734737396240234e+00,1.172734737396240234e+00,1.189545631408691406e+00,1.093047499656677246e+00,8.569850921630859375e-01,8.569850921630859375e-01,6.627571582794189453e-01,8.978992700576782227e-01,2.937163412570953369e-01,2.937163412570953369e-01,1.705020070075988770e-01,3.805861175060272217e-01,1.445890367031097412e-01,1.445890367031097412e-01,3.492365181446075439e-01,6.250356137752532959e-02,1.247831821441650391e+00,1.247831821441650391e+00,1.446709394454956055e+00,8.507952690124511719e-01,1.875288963317871094e+00,1.875288963317871094e+00,2.007797241210937500e+00,1.455914020538330078e+00
2.720000000000000000e+02,1.832842588424682617e+00,1.832842588424682617e+00,1.878713488578796387e+00,1.564809322357177734e+00,1.201524257659912109e+00,1.201524257659912109e+00,1.194048643112182617e+00,1.127685308456420898e+00,8.884753584861755371e-01,8.884753584861755371e-01,6.861672401428222656e-01,9.322893619537353516e-01,2.981856167316436768e-01,2.981856167316436768e-01,1.938505023717880249e-01,3.878151178359985352e-01,1.564106047153472900e-01,1.564106047153472900e-01,3.595119714736938477e-01,6.613817065954208374e-02,1.242839336395263672e+00,1.242839336395263672e+00,1.436434984207153320e+00,8.526415228843688965e-01,1.845082163810729980e+00,1.845082163810729980e+00,1.968807935714721680e+00,1.437086820602416992e+00
2.730000000000000000e+02,1.819468140602111816e+00,1.819468140602111816e+00,1.858505249023437500e+00,1.535447597503662109e+00,1.229692816734313965e+00,1.229692816734313965e+00,1.200950622558593750e+00,1.162882685661315918e+00,9.191180467605590820e-01,9.191180467605590820e-01,7.080518007278442383e-01,9.635659456253051758e-01,3.011825382709503174e-01,3.011825382709503174e-01,1.936971396207809448e-01,3.901576995849609375e-01,1.670860946178436279e-01,1.670860946178436279e-01,3.672162592411041260e-01,6.894982606172561646e-02,1.236977577209472656e+00,1.236977577209472656e+00,1.424269199371337891e+00,8.534605503082275391e-01,1.813989996910095215e+00,1.813989996910095215e+00,1.935307264328002930e+00,1.417884826660156250e+00
2.740000000000000000e+02,1.810536026954650879e+00,1.810536026954650879e+00,1.838945150375366211e+00,1.561423778533935547e+00,1.257450222969055176e+00,1.257450222969055176e+00,1.207657575607299805e+00,1.197878122329711914e+00,9.487476348876953125e-01,9.487476348876953125e-01,7.309190034866333008e-01,9.950354099273681641e-01,3.027032315731048584e-01,3.027032315731048584e-01,1.949089169502258301e-01,3.968534469604492188e-01,1.758812963962554932e-01,1.758812963962554932e-01,3.759512603282928467e-01,7.103255391120910645e-02,1.230159044265747070e+00,1.230159044265747070e+00,1.411129951477050781e+00,8.529058098793029785e-01,1.781682729721069336e+00,1.781682729721069336e+00,1.897808194160461426e+00,1.397914648056030273e+00
2.750000000000000000e+02,1.801447153091430664e+00,1.801447153091430664e+00,1.820746183395385742e+00,1.563151359558105469e+00,1.285773754119873047e+00,1.285773754119873047e+00,1.217666506767272949e+00,1.233257293701171875e+00,9.770146608352661133e-01,9.770146608352661133e-01,7.519463896751403809e-01,1.024804949760437012e+00,3.027459681034088135e-01,3.027459681034088135e-01,1.938859671354293823e-01,3.992585539817810059e-01,1.847122311592102051e-01,1.847122311592102051e-01,3.827549219131469727e-01,7.427839189767837524e-02,1.220999479293823242e+00,1.220999479293823242e+00,1.396518111228942871e+00,8.511198163032531738e-01,1.749318599700927734e+00,1.749318599700927734e+00,1.860227465629577637e+00,1.377405524253845215e+00
2.760000000000000000e+02,1.793549776077270508e+00,1.793549776077270508e+00,1.803779721260070801e+00,1.564821720123291016e+00,1.314684391021728516e+00,1.314684391021728516e+00,1.229133844375610352e+00,1.269771099090576172e+00,1.002176880836486816e+00,1.002176880836486816e+00,7.719559669494628906e-01,1.053488612174987793e+00,3.013107180595397949e-01,3.013107180595397949e-01,1.924438625574111938e-01,4.011361598968505859e-01,1.927164196968078613e-01,1.927164196968078613e-01,3.898255527019500732e-01,7.811503857374191284e-02,1.210843443870544434e+00,1.210843443870544434e+00,1.381094217300415039e+00,8.423662185668945312e-01,1.715799331665039062e+00,1.715799331665039062e+00,1.819816350936889648e+00,1.357295036315917969e+00
2.770000000000000000e+02,1.786991596221923828e+00,1.786991596221923828e+00,1.788086533546447754e+00,1.566291332244873047e+00,1.343264698982238770e+00,1.343264698982238770e+00,1.240893125534057617e+00,1.306213259696960449e+00,1.030278205871582031e+00,1.030278205871582031e+00,7.907685041427612305e-01,1.080969810485839844e+00,2.983992397785186768e-01,2.983992397785186768e-01,1.900594830513000488e-01,4.014770686626434326e-01,1.990781575441360474e-01,1.990781575441360474e-01,3.957858681678771973e-01,8.183083683252334595e-02,1.199122905731201172e+00,1.199122905731201172e+00,1.363637447357177734e+00,8.438907861709594727e-01,1.681561946868896484e+00,1.681561946868896484e+00,1.783165216445922852e+00,1.336726427078247070e+00
2.780000000000000000e+02,1.781742095947265625e+00,1.781742095947265625e+00,1.773517727851867676e+00,1.571673750877380371e+00,1.372092008590698242e+00,1.372092008590698242e+00,1.253987669944763184e+00,1.344259977340698242e+00,1.056164503097534180e+00,1.056164503097534180e+00,8.094107508659362793e-01,1.108319044113159180e+00,2.954620718955993652e-01,2.954620718955993652e-01,1.884595751762390137e-01,4.011331200599670410e-01,1.954515427350997925e-01,1.954515427350997925e-01,4.003022015094757080e-01,8.602946996688842773e-02,1.185957431793212891e+00,1.185957431793212891e+00,1.344850659370422363e+00,8.385958075523376465e-01,1.647325754165649414e+00,1.647325754165649414e+00,1.743563294410705566e+00,1.314230322837829590e+00
2.790000000000000000e+02,1.777700424194335938e+00,1.777700424194335938e+00,1.760346412658691406e+00,1.576854705810546875e+00,1.405436158180236816e+00,1.405436158180236816e+00,1.268757700920104980e+00,1.382050275802612305e+00,1.081936478614807129e+00,1.081936478614807129e+00,8.287535309791564941e-01,1.135384202003479004e+00,2.921490967273712158e-01,2.921490967273712158e-01,1.746125668287277222e-01,4.006771147251129150e-01,2.109085917472839355e-01,2.109085917472839355e-01,4.056134819984436035e-01,8.955573290586471558e-02,1.171453714370727539e+00,1.171453714370727539e+00,1.324817776679992676e+00,8.293308019638061523e-01,1.613000273704528809e+00,1.613000273704528809e+00,1.703238129615783691e+00,1.296308040618896484e+00
2.800000000000000000e+02,1.775569438934326172e+00,1.775569438934326172e+00,1.748495817184448242e+00,1.582019448280334473e+00,1.439370274543762207e+00,1.439370274543762207e+00,1.285909771919250488e+00,1.424782752990722656e+00,1.110047578811645508e+00,1.110047578811645508e+00,8.499165177345275879e-01,1.164404988288879395e+00,2.904624938964843750e-01,2.904624938964843750e-01,1.873367130756378174e-01,4.006516337394714355e-01,2.169664353132247925e-01,2.169664353132247925e-01,4.102455675601959229e-01,9.441585838794708252e-02,1.156056284904479980e+00,1.156056284904479980e+00,1.303580760955810547e+00,8.250808715820312500e-01,1.578785300254821777e+00,1.578785300254821777e+00,1.663104414939880371e+00,1.277468919754028320e+00
2.810000000000000000e+02,1.772379875183105469e+00,1.772379875183105469e+00,1.738054275512695312e+00,1.591093301773071289e+00,1.473725318908691406e+00,1.473725318908691406e+00,1.307407736778259277e+00,1.466029882431030273e+00,1.136823654174804688e+00,1.136823654174804688e+00,8.699943423271179199e-01,1.192283511161804199e+00,2.868708074092864990e-01,2.868708074092864990e-01,1.864484548568725586e-01,4.002314209938049316e-01,2.212386578321456909e-01,2.212386578321456909e-01,4.135694205760955811e-01,9.966449439525604248e-02,1.139473199844360352e+00,1.139473199844360352e+00,1.281527757644653320e+00,8.167293071746826172e-01,1.543833494186401367e+00,1.543833494186401367e+00,1.624027609825134277e+00,1.258379459381103516e+00
2.820000000000000000e+02,1.775280952453613281e+00,1.775280952453613281e+00,1.729327082633972168e+00,1.600175023078918457e+00,1.512707591056823730e+00,1.512707591056823730e+00,1.331764459609985352e+00,1.507770061492919922e+00,1.161593675613403320e+00,1.161593675613403320e+00,8.903448581695556641e-01,1.219759106636047363e+00,2.845345437526702881e-01,2.845345437526702881e-01,1.847721338272094727e-01,3.989267945289611816e-01,2.283716797828674316e-01,2.283716797828674316e-01,4.157293736934661865e-01,1.070535182952880859e-01,1.120683908462524414e+00,1.120683908462524414e+00,1.259032845497131348e+00,8.079690337181091309e-01,1.511088609695434570e+00,1.511088609695434570e+00,1.584818959236145020e+00,1.240048170089721680e+00
2.830000000000000000e+02,1.777549386024475098e+00,1.777549386024475098e+00,1.722011327743530273e+00,1.610616445541381836e+00,1.552882313728332520e+00,1.552882313728332520e+00,1.354429721832275391e+00,1.549128890037536621e+00,1.189239025115966797e+00,1.189239025115966797e+00,9.097851514816284180e-01,1.245618343353271484e+00,2.816181778907775879e-01,2.816181778907775879e-01,1.838129758834838867e-01,3.975605964660644531e-01,2.347803711891174316e-01,2.347803711891174316e-01,4.191449880599975586e-01,1.117452904582023621e-01,1.104861378669738770e+00,1.104861378669738770e+00,1.235742807388305664e+00,7.982478737831115723e-01,1.478850364685058594e+00,1.478850364685058594e+00,1.545686602592468262e+00,1.221821665763854980e+00
2.840000000000000000e+02,1.779114723205566406e+00,1.779114723205566406e+00,1.716222047805786133e+00,1.622254133224487305e+00,1.592787623405456543e+00,1.592787623405456543e+00,1.379322886466979980e+00,1.591539502143859863e+00,1.213508844375610352e+00,1.213508844375610352e+00,9.278565645217895508e-01,1.270962834358215332e+00,2.771049737930297852e-01,2.771049737930297852e-01,1.832743585109710693e-01,3.942760825157165527e-01,2.428136467933654785e-01,2.428136467933654785e-01,4.198687076568603516e-01,1.171373873949050903e-01,1.085536599159240723e+00,1.085536599159240723e+00,1.211058974266052246e+00,7.874390482902526855e-01,1.446151018142700195e+00,1.446151018142700195e+00,1.505152463912963867e+00,1.204246401786804199e+00
2.850000000000000000e+02,1.786305308341979980e+00,1.786305308341979980e+00,1.711760997772216797e+00,1.633801460266113281e+00,1.632364630699157715e+00,1.632364630699157715e+00,1.403607845306396484e+00,1.634099960327148438e+00,1.236318588256835938e+00,1.236318588256835938e+00,9.452886581420898438e-01,1.295270919799804688e+00,2.712240517139434814e-01,2.712240517139434814e-01,1.820046901702880859e-01,3.899176120758056641e-01,2.479536831378936768e-01,2.479536831378936768e-01,4.209534525871276855e-01,1.205999255180358887e-01,1.064889311790466309e+00,1.064889311790466309e+00,1.184940457344055176e+00,7.756564617156982422e-01,1.413224339485168457e+00,1.413224339485168457e+00,1.466157793998718262e+00,1.188664793968200684e+00
2.860000000000000000e+02,1.793196439743041992e+00,1.793196439743041992e+00,1.709076404571533203e+00,1.649083852767944336e+00,1.671973943710327148e+00,1.671973943710327148e+00,1.427195906639099121e+00,1.667578220367431641e+00,1.258366346359252930e+00,1.258366346359252930e+00,9.619962573051452637e-01,1.318234920501708984e+00,2.642877399921417236e-01,2.642877399921417236e-01,1.802918165922164917e-01,3.844521343708038330e-01,2.531263530254364014e-01,2.531263530254364014e-01,4.235188066959381104e-01,1.246711388230323792e-01,1.045175075531005859e+00,1.045175075531005859e+00,1.160390019416809082e+00,7.640343904495239258e-01,1.381083607673645020e+00,1.381083607673645020e+00,1.428177833557128906e+00,1.173205256462097168e+00
2.870000000000000000e+02,1.801350116729736328e+00,1.801350116729736328e+00,1.708748102188110352e+00,1.665695548057556152e+00,1.710682272911071777e+00,1.710682272911071777e+00,1.452259063720703125e+00,1.717614173889160156e+00,1.278889060020446777e+00,1.278889060020446777e+00,9.769591093063354492e-01,1.339508056640625000e+00,2.559736371040344238e-01,2.559736371040344238e-01,1.777293086051940918e-01,3.764414489269256592e-01,2.563717067241668701e-01,2.563717067241668701e-01,4.235853850841522217e-01,1.275703012943267822e-01,1.024182081222534180e+00,1.024182081222534180e+00,1.134619832038879395e+00,7.515289783477783203e-01,1.349542617797851562e+00,1.349542617797851562e+00,1.390295505523681641e+00,1.159306526184082031e+00
2.880000000000000000e+02,1.810630321502685547e+00,1.810630321502685547e+00,1.709080696105957031e+00,1.682730317115783691e+00,1.749802947044372559e+00,1.749802947044372559e+00,1.476638793945312500e+00,1.758687019348144531e+00,1.296845674514770508e+00,1.296845674514770508e+00,9.904052615165710449e-01,1.359853982925415039e+00,2.435194104909896851e-01,2.435194104909896851e-01,1.735288947820663452e-01,3.691549599170684814e-01,2.599967122077941895e-01,2.599967122077941895e-01,4.229823350906372070e-01,1.296185553073883057e-01,1.001882314682006836e+00,1.001882314682006836e+00,1.107804417610168457e+00,7.381073236465454102e-01,1.316896677017211914e+00,1.316896677017211914e+00,1.351619482040405273e+00,1.144735336303710938e+00
2.890000000000000000e+02,1.821663141250610352e+00,1.821663141250610352e+00,1.710833311080932617e+00,1.701851606369018555e+00,1.790657639503479004e+00,1.790657639503479004e+00,1.501168251037597656e+00,1.798957228660583496e+00,1.315247535705566406e+00,1.315247535705566406e+00,1.004306435585021973e+00,1.377855539321899414e+00,2.415694594383239746e-01,2.415694594383239746e-01,1.691051423549652100e-01,3.582122325897216797e-01,2.633725404739379883e-01,2.633725404739379883e-01,4.205478429794311523e-01,1.308607906103134155e-01,9.784848690032958984e-01,9.784848690032958984e-01,1.079385161399841309e+00,7.235946655273437500e-01,1.291682720184326172e+00,1.291682720184326172e+00,1.312711000442504883e+00,1.129992961883544922e+00
2.900000000000000000e+02,1.834021329879760742e+00,1.834021329879760742e+00,1.713891744613647461e+00,1.722477197647094727e+00,1.831809997558593750e+00,1.831809997558593750e+00,1.525338768959045410e+00,1.838921546936035156e+00,1.330978870391845703e+00,1.330978870391845703e+00,1.016041874885559082e+00,1.395566225051879883e+00,2.357926070690155029e-01,2.357926070690155029e-01,1.650918126106262207e-01,3.489798307418823242e-01,2.677412629127502441e-01,2.677412629127502441e-01,4.172734618186950684e-01,1.313132792711257935e-01,9.538304805755615234e-01,9.538304805755615234e-01,1.050099849700927734e+00,7.081480026245117188e-01,1.266233682632446289e+00,1.266233682632446289e+00,1.273196220397949219e+00,1.116150021553039551e+00
2.910000000000000000e+02,1.848177552223205566e+00,1.848177552223205566e+00,1.718272686004638672e+00,1.744228363037109375e+00,1.871641278266906738e+00,1.871641278266906738e+00,1.549296736717224121e+00,1.878594040870666504e+00,1.344232082366943359e+00,1.344232082366943359e+00,1.026780605316162109e+00,1.411161541938781738e+00,2.287874221801757812e-01,2.287874221801757812e-01,1.602004617452621460e-01,3.367890119552612305e-01,2.669945061206817627e-01,2.669945061206817627e-01,4.129568040370941162e-01,1.310455352067947388e-01,9.277462363243103027e-01,9.277462363243103027e-01,1.019443750381469727e+00,6.904689669609069824e-01,1.240777730941772461e+00,1.240777730941772461e+00,1.235577464103698730e+00,1.105110287666320801e+00
2.920000000000000000e+02,1.863601803779602051e+00,1.863601803779602051e+00,1.723549246788024902e+00,1.767873406410217285e+00,1.910948634147644043e+00,1.910948634147644043e+00,1.573061108589172363e+00,1.917462348937988281e+00,1.357723355293273926e+00,1.357723355293273926e+00,1.008553624153137207e+00,1.425373315811157227e+00,2.205622047185897827e-01,2.205622047185897827e-01,1.576765328645706177e-01,3.238224089145660400e-01,2.702624797821044922e-01,2.702624797821044922e-01,4.073182344436645508e-01,1.293290555477142334e-01,9.010770916938781738e-01,9.010770916938781738e-01,9.865111112594604492e-01,6.746397018432617188e-01,1.215430974960327148e+00,1.215430974960327148e+00,1.197157025337219238e+00,1.093860507011413574e+00
2.930000000000000000e+02,1.880145668983459473e+00,1.880145668983459473e+00,1.731078863143920898e+00,1.787859797477722168e+00,1.927092432975769043e+00,1.927092432975769043e+00,1.597238779067993164e+00,1.956141233444213867e+00,1.368234872817993164e+00,1.368234872817993164e+00,1.041197419166564941e+00,1.438366174697875977e+00,2.130396664142608643e-01,2.130396664142608643e-01,1.537704467773437500e-01,3.116630315780639648e-01,2.703067064285278320e-01,2.703067064285278320e-01,4.013893604278564453e-01,1.286955773830413818e-01,8.736680746078491211e-01,8.736680746078491211e-01,9.571079611778259277e-01,6.575181484222412109e-01,1.192955970764160156e+00,1.192955970764160156e+00,1.161400794982910156e+00,1.085307240486145020e+00
2.940000000000000000e+02,1.898158550262451172e+00,1.898158550262451172e+00,1.739253878593444824e+00,1.810254096984863281e+00,1.988787174224853516e+00,1.988787174224853516e+00,1.622120261192321777e+00,1.993331551551818848e+00,1.379329442977905273e+00,1.379329442977905273e+00,1.052116632461547852e+00,1.450072288513183594e+00,2.081998437643051147e-01,2.081998437643051147e-01,1.499943882226943970e-01,2.988496422767639160e-01,2.699022889137268066e-01,2.699022889137268066e-01,3.947405815124511719e-01,1.297406852245330811e-01,8.467251658439636230e-01,8.467251658439636230e-01,9.253060221672058105e-01,6.385493278503417969e-01,1.173758029937744141e+00,1.173758029937744141e+00,1.128634572029113770e+00,1.077537536621093750e+00
2.950000000000000000e+02,1.917376041412353516e+00,1.917376041412353516e+00,1.749588012695312500e+00,1.844948172569274902e+00,2.026781082153320312e+00,2.026781082153320312e+00,1.647066593170166016e+00,2.031025409698486328e+00,1.387873530387878418e+00,1.387873530387878418e+00,1.058228731155395508e+00,1.460398077964782715e+00,2.016206830739974976e-01,2.016206830739974976e-01,1.460875421762466431e-01,2.878514528274536133e-01,2.681851387023925781e-01,2.681851387023925781e-01,3.866563439369201660e-01,1.307838857173919678e-01,8.184074163436889648e-01,8.184074163436889648e-01,8.927999734878540039e-01,6.220158338546752930e-01,1.154229402542114258e+00,1.154229402542114258e+00,1.097053527832031250e+00,1.066846966743469238e+00
2.960000000000000000e+02,1.937857389450073242e+00,1.937857389450073242e+00,1.760764002799987793e+00,1.847767353057861328e+00,2.063677549362182617e+00,2.063677549362182617e+00,1.673529386520385742e+00,2.067414283752441406e+00,1.394726634025573730e+00,1.394726634025573730e+00,1.062880992889404297e+00,1.468993902206420898e+00,1.940595954656600952e-01,1.940595954656600952e-01,1.426184326410293579e-01,2.774017155170440674e-01,2.652845382690429688e-01,2.652845382690429688e-01,3.777552247047424316e-01,1.311289072036743164e-01,7.891507148742675781e-01,7.891507148742675781e-01,8.587653636932373047e-01,6.029237508773803711e-01,1.136149525642395020e+00,1.136149525642395020e+00,1.067614197731018066e+00,1.065741419792175293e+00
2.970000000000000000e+02,1.959096431732177734e+00,1.959096431732177734e+00,1.773046255111694336e+00,1.902083754539489746e+00,2.099581718444824219e+00,2.099581718444824219e+00,1.700258255004882812e+00,2.102905988693237305e+00,1.399881482124328613e+00,1.399881482124328613e+00,1.066139459609985352e+00,1.476137638092041016e+00,1.854883432388305664e-01,1.854883432388305664e-01,1.385713219642639160e-01,2.675320208072662354e-01,2.607641220092773438e-01,2.607641220092773438e-01,3.679999709129333496e-01,1.307418644428253174e-01,7.589035034179687500e-01,7.589035034179687500e-01,8.234126567840576172e-01,5.833349227905273438e-01,1.117931008338928223e+00,1.117931008338928223e+00,1.039860486984252930e+00,1.062168359756469727e+00
2.980000000000000000e+02,1.982569336891174316e+00,1.982569336891174316e+00,1.786810517311096191e+00,1.932300448417663574e+00,2.134552717208862305e+00,2.134552717208862305e+00,1.726744771003723145e+00,2.137975215911865234e+00,1.402334451675415039e+00,1.402334451675415039e+00,1.068902730941772461e+00,1.482608079910278320e+00,1.764976978302001953e-01,1.764976978302001953e-01,1.349908262491226196e-01,2.573505938053131104e-01,2.571372687816619873e-01,2.571372687816619873e-01,3.592402338981628418e-01,1.316328793764114380e-01,7.312518358230590820e-01,7.312518358230590820e-01,7.930433154106140137e-01,5.656263828277587891e-01,1.102467536926269531e+00,1.102467536926269531e+00,1.015871763229370117e+00,1.061678171157836914e+00
2.990000000000000000e+02,2.005909681320190430e+00,2.005909681320190430e+00,1.801273703575134277e+00,1.962934851646423340e+00,2.169182300567626953e+00,2.169182300567626953e+00,1.752343773841857910e+00,2.171801567077636719e+00,1.406109213829040527e+00,1.406109213829040527e+00,1.070181846618652344e+00,1.487243890762329102e+00,1.664634048938751221e-01,1.664634048938751221e-01,1.314054131507873535e-01,2.430076897144317627e-01,2.526122331619262695e-01,2.526122331619262695e-01,3.491879999637603760e-01,1.323058754205703735e-01,7.030971646308898926e-01,7.030971646308898926e-01,7.590179443359375000e-01,5.471547245979309082e-01,1.081251144409179688e+00,1.081251144409179688e+00,9.939848780632019043e-01,1.061242222785949707e+00
3.000000000000000000e+02,2.031712532043457031e+00,2.031712532043457031e+00,1.817481994628906250e+00,1.993700742721557617e+00,2.199146270751953125e+00,2.199146270751953125e+00,1.779133796691894531e+00,2.205193042755126953e+00,1.408838868141174316e+00,1.408838868141174316e+00,1.070056319236755371e+00,1.490355372428894043e+00,1.553975045680999756e-01,1.553975045680999756e-01,1.265415251255035400e-01,2.383160591125488281e-01,2.465315312147140503e-01,2.465315312147140503e-01,3.376930654048919678e-01,1.323011666536331177e-01,6.741124987602233887e-01,6.741124987602233887e-01,7.249643802642822266e-01,5.279141068458557129e-01,1.072517871856689453e+00,1.072517871856689453e+00,9.730986356735229492e-01,1.061579465866088867e+00
3.010000000000000000e+02,2.057247877120971680e+00,2.057247877120971680e+00,1.833938121795654297e+00,2.022585153579711914e+00,2.235166788101196289e+00,2.235166788101196289e+00,1.804505586624145508e+00,2.235886812210083008e+00,1.407984852790832520e+00,1.407984852790832520e+00,1.068372368812561035e+00,1.491857767105102539e+00,1.436752080917358398e-01,1.436752080917358398e-01,1.208601295948028564e-01,2.278260737657546997e-01,2.397312372922897339e-01,2.397312372922897339e-01,3.252078592777252197e-01,1.320786178112030029e-01,6.439510583877563477e-01,6.439510583877563477e-01,6.931196451187133789e-01,5.080032348632812500e-01,1.053134202957153320e+00,1.053134202957153320e+00,9.526584148406982422e-01,1.062305569648742676e+00
3.020000000000000000e+02,2.084931612014770508e+00,2.084931612014770508e+00,1.851670265197753906e+00,2.057457208633422852e+00,2.266359090805053711e+00,2.266359090805053711e+00,1.829601049423217773e+00,2.267287969589233398e+00,1.405861258506774902e+00,1.405861258506774902e+00,1.065319657325744629e+00,1.491660594940185547e+00,1.322157829999923706e-01,1.322157829999923706e-01,1.158258393406867981e-01,2.167246639728546143e-01,2.314060181379318237e-01,2.314060181379318237e-01,3.120478987693786621e-01,1.287544071674346924e-01,6.132631897926330566e-01,6.132631897926330566e-01,6.584120392799377441e-01,4.874721765518188477e-01,1.045970797538757324e+00,1.045970797538757324e+00,9.325836896896362305e-01,1.063589096069335938e+00
3.030000000000000000e+02,2.113130569458007812e+00,2.113130569458007812e+00,1.870627999305725098e+00,2.089948415756225586e+00,2.296247243881225586e+00,2.296247243881225586e+00,1.853828430175781250e+00,2.296953916549682617e+00,1.401942729949951172e+00,1.401942729949951172e+00,1.060510516166687012e+00,1.490005612373352051e+00,1.189064234495162964e-01,1.189064234495162964e-01,1.116176545619964600e-01,2.087011337280273438e-01,2.218266725540161133e-01,2.218266725540161133e-01,2.974268794059753418e-01,1.280058175325393677e-01,5.775846242904663086e-01,5.775846242904663086e-01,6.229334473609924316e-01,4.662588238716125488e-01,1.033323526382446289e+00,1.033323526382446289e+00,9.150767326354980469e-01,1.068482637405395508e+00
3.040000000000000000e+02,2.142303466796875000e+00,2.142303466796875000e+00,1.890863537788391113e+00,2.122207164764404297e+00,2.325130939483642578e+00,2.325130939483642578e+00,1.877450466156005859e+00,2.324399232864379883e+00,1.395664811134338379e+00,1.395664811134338379e+00,1.054842114448547363e+00,1.487323641777038574e+00,1.063539087772369385e-01,1.063539087772369385e-01,1.087227538228034973e-01,1.982498615980148315e-01,2.126506716012954712e-01,2.126506716012954712e-01,2.834501564502716064e-01,1.241211965680122375e-01,5.508949756622314453e-01,5.508949756622314453e-01,5.892584919929504395e-01,4.459958374500274658e-01,1.023503065109252930e+00,1.023503065109252930e+00,8.994641304016113281e-01,1.074969053268432617e+00
3.050000000000000000e+02,2.165905475616455078e+00,2.165905475616455078e+00,1.913350462913513184e+00,2.154781818389892578e+00,2.353847980499267578e+00,2.353847980499267578e+00,1.901041984558105469e+00,2.352977275848388672e+00,1.390547752380371094e+00,1.390547752380371094e+00,1.046910524368286133e+00,1.483225226402282715e+00,9.595241397619247437e-02,9.595241397619247437e-02,1.076752692461013794e-01,1.894286125898361206e-01,2.071850299835205078e-01,2.071850299835205078e-01,2.739216387271881104e-01,1.242311894893646240e-01,5.269705057144165039e-01,5.269705057144165039e-01,5.622752904891967773e-01,4.295758008956909180e-01,1.021175503730773926e+00,1.021175503730773926e+00,8.910702466964721680e-01,1.086696624755859375e+00
3.060000000000000000e+02,2.201818704605102539e+00,2.201818704605102539e+00,1.935209155082702637e+00,2.171565532684326172e+00,2.381363153457641602e+00,2.381363153457641602e+00,1.923748731613159180e+00,2.379380702972412109e+00,1.382836818695068359e+00,1.382836818695068359e+00,1.043851852416992188e+00,1.478072047233581543e+00,8.504617959260940552e-02,8.504617959260940552e-02,1.063175722956657410e-01,1.793222427368164062e-01,2.006619274616241455e-01,2.006619274616241455e-01,2.640189826488494873e-01,1.211770921945571899e-01,5.037664771080017090e-01,5.037664771080017090e-01,5.347700119018554688e-01,4.131094515323638916e-01,1.019322872161865234e+00,1.019322872161865234e+00,8.832455277442932129e-01,1.099599242210388184e+00
3.070000000000000000e+02,2.233589649200439453e+00,2.233589649200439453e+00,1.959902644157409668e+00,2.224397420883178711e+00,2.346632003784179688e+00,2.346632003784179688e+00,1.945024132728576660e+00,2.402138471603393555e+00,1.376653194427490234e+00,1.376653194427490234e+00,1.032203912734985352e+00,1.471620678901672363e+00,8.111340552568435669e-02,8.111340552568435669e-02,1.045699417591094971e-01,1.691883802413940430e-01,1.936238855123519897e-01,1.936238855123519897e-01,2.527752518653869629e-01,1.183016672730445862e-01,4.788222014904022217e-01,4.788222014904022217e-01,5.068798661231994629e-01,3.966505527496337891e-01,1.025727868080139160e+00,1.025727868080139160e+00,8.758133053779602051e-01,1.112738013267517090e+00
3.080000000000000000e+02,2.265162706375122070e+00,2.265162706375122070e+00,1.984248638153076172e+00,2.259272813796997070e+00,2.433118343353271484e+00,2.433118343353271484e+00,1.965259313583374023e+00,2.428858757019042969e+00,1.366605520248413086e+00,1.366605520248413086e+00,1.024644136428833008e+00,1.463429689407348633e+00,7.878526300191879272e-02,7.878526300191879272e-02,1.022429838776588440e-01,1.580979824066162109e-01,1.864062994718551636e-01,1.864062994718551636e-01,2.413544952869415283e-01,1.165657043457031250e-01,4.544159173965454102e-01,4.544159173965454102e-01,4.794293642044067383e-01,3.802871406078338623e-01,1.035632848739624023e+00,1.035632848739624023e+00,8.695219755172729492e-01,1.127563595771789551e+00
3.090000000000000000e+02,2.277461767196655273e+00,2.277461767196655273e+00,2.008522510528564453e+00,2.294459819793701172e+00,2.456986904144287109e+00,2.456986904144287109e+00,1.984650015830993652e+00,2.451385021209716797e+00,1.354938387870788574e+00,1.354938387870788574e+00,1.020160794258117676e+00,1.453606963157653809e+00,7.839860767126083374e-02,7.839860767126083374e-02,9.969856590032577515e-02,1.462640017271041870e-01,1.788270175457000732e-01,1.788270175457000732e-01,2.295836806297302246e-01,1.133358404040336609e-01,4.306382238864898682e-01,4.306382238864898682e-01,4.524964392185211182e-01,3.653215467929840088e-01,1.049330949783325195e+00,1.049330949783325195e+00,8.643432855606079102e-01,1.143247365951538086e+00
3.100000000000000000e+02,2.329759120941162109e+00,2.329759120941162109e+00,2.034041643142700195e+00,2.329739570617675781e+00,2.475849151611328125e+00,2.475849151611328125e+00,2.002218723297119141e+00,2.472241878509521484e+00,1.341838955879211426e+00,1.341838955879211426e+00,1.009913921356201172e+00,1.441917300224304199e+00,7.804001867771148682e-02,7.804001867771148682e-02,9.660181403160095215e-02,1.337596029043197632e-01,1.703684478998184204e-01,1.703684478998184204e-01,2.170094698667526245e-01,1.092209815979003906e-01,4.063408374786376953e-01,4.063408374786376953e-01,4.249889254570007324e-01,3.502138257026672363e-01,1.063868999481201172e+00,1.063868999481201172e+00,8.595222830772399902e-01,1.159512996673583984e+00
3.110000000000000000e+02,2.362585544586181641e+00,2.362585544586181641e+00,2.059506654739379883e+00,2.364835262298583984e+00,2.500470876693725586e+00,2.500470876693725586e+00,2.019297599792480469e+00,2.490794658660888672e+00,1.316650390625000000e+00,1.316650390625000000e+00,9.987871646881103516e-01,1.429452180862426758e+00,7.691615819931030273e-02,7.691615819931030273e-02,9.384584426879882812e-02,1.226385980844497681e-01,1.609370112419128418e-01,1.609370112419128418e-01,2.035032808780670166e-01,1.044958531856536865e-01,3.815630078315734863e-01,3.815630078315734863e-01,3.971037268638610840e-01,3.352258801460266113e-01,1.078939318656921387e+00,1.078939318656921387e+00,8.590238094329833984e-01,1.177956938743591309e+00
3.120000000000000000e+02,2.395599603652954102e+00,2.395599603652954102e+00,2.085202217102050781e+00,2.400323390960693359e+00,2.519864082336425781e+00,2.519864082336425781e+00,2.034505367279052734e+00,2.510280132293701172e+00,1.310314416885375977e+00,1.310314416885375977e+00,9.663221240043640137e-01,1.416063070297241211e+00,7.560547441244125366e-02,7.560547441244125366e-02,9.301773458719253540e-02,1.148287057876586914e-01,1.507423371076583862e-01,1.507423371076583862e-01,1.890480071306228638e-01,9.904686361551284790e-02,3.562627434730529785e-01,3.562627434730529785e-01,3.691136240959167480e-01,3.207279145717620850e-01,1.094738245010375977e+00,1.094738245010375977e+00,8.595630526542663574e-01,1.198586106300354004e+00
3.130000000000000000e+02,2.429327249526977539e+00,2.429327249526977539e+00,2.111365318298339844e+00,2.435517072677612305e+00,2.537625312805175781e+00,2.537625312805175781e+00,2.046818256378173828e+00,2.527238845825195312e+00,1.291878819465637207e+00,1.291878819465637207e+00,9.737083911895751953e-01,1.399527311325073242e+00,7.382015138864517212e-02,7.382015138864517212e-02,9.204582124948501587e-02,1.070470362901687622e-01,1.394171267747879028e-01,1.394171267747879028e-01,1.737623512744903564e-01,9.277234971523284912e-02,3.305476307868957520e-01,3.305476307868957520e-01,3.409100174903869629e-01,3.054417967796325684e-01,1.110733032226562500e+00,1.110733032226562500e+00,8.642132282257080078e-01,1.219210386276245117e+00
3.140000000000000000e+02,2.462618350982666016e+00,2.462618350982666016e+00,2.136593341827392578e+00,2.470601558685302734e+00,2.553841590881347656e+00,2.553841590881347656e+00,2.062423706054687500e+00,2.542357683181762695e+00,1.273349523544311523e+00,1.273349523544311523e+00,9.609146118164062500e-01,1.382926344871520996e+00,7.120366394519805908e-02,7.120366394519805908e-02,9.087815135717391968e-02,9.926768392324447632e-02,1.271564662456512451e-01,1.271564662456512451e-01,1.579414606094360352e-01,8.577173948287963867e-02,3.045240640640258789e-01,3.045240640640258789e-01,3.121095299720764160e-01,2.888728380203247070e-01,1.126098275184631348e+00,1.126098275184631348e+00,8.673931956291198730e-01,1.241293668746948242e+00
3.150000000000000000e+02,2.496534824371337891e+00,2.496534824371337891e+00,2.164459228515625000e+00,2.503600358963012695e+00,2.568436622619628906e+00,2.568436622619628906e+00,2.074222803115844727e+00,2.556241273880004883e+00,1.252289295196533203e+00,1.252289295196533203e+00,9.466279745101928711e-01,1.364731311798095703e+00,6.899030506610870361e-02,6.899030506610870361e-02,8.946137130260467529e-02,9.119500964879989624e-02,1.139759495854377747e-01,1.139759495854377747e-01,1.409788727760314941e-01,7.792444527149200439e-02,2.780610322952270508e-01,2.780610322952270508e-01,2.830207049846649170e-01,2.764113843441009521e-01,1.145852446556091309e+00,1.145852446556091309e+00,8.722442388534545898e-01,1.263347625732421875e+00
3.160000000000000000e+02,2.530674457550048828e+00,2.530674457550048828e+00,2.194413423538208008e+00,2.538581371307373047e+00,2.583778858184814453e+00,2.583778858184814453e+00,2.087984561920166016e+00,2.568084955215454102e+00,1.235545873641967773e+00,1.235545873641967773e+00,8.925800323486328125e-01,1.346366524696350098e+00,6.851164251565933228e-02,6.851164251565933228e-02,9.095767885446548462e-02,8.401501178741455078e-02,1.097258999943733215e-01,1.097258999943733215e-01,1.349510848522186279e-01,7.618388533592224121e-02,2.675101161003112793e-01,2.675101161003112793e-01,2.684324085712432861e-01,2.726677954196929932e-01,1.173599243164062500e+00,1.173599243164062500e+00,8.900544643402099609e-01,1.293051719665527344e+00
3.170000000000000000e+02,2.564441442489624023e+00,2.564441442489624023e+00,2.224093198776245117e+00,2.565689563751220703e+00,2.597313404083251953e+00,2.597313404083251953e+00,2.100514650344848633e+00,2.582062959671020508e+00,1.217298388481140137e+00,1.217298388481140137e+00,9.229078888893127441e-01,1.328422546386718750e+00,6.720077991485595703e-02,6.720077991485595703e-02,9.229615330696105957e-02,7.736835628747940063e-02,1.045854315161705017e-01,1.045854315161705017e-01,1.282481700181961060e-01,7.411193847656250000e-02,2.566345036029815674e-01,2.566345036029815674e-01,2.540259063243865967e-01,2.685789763927459717e-01,1.201523303985595703e+00,1.201523303985595703e+00,9.101302027702331543e-01,1.323175430297851562e+00
3.180000000000000000e+02,2.597875356674194336e+00,2.597875356674194336e+00,2.253912210464477539e+00,2.608792066574096680e+00,2.609527111053466797e+00,2.609527111053466797e+00,2.111500024795532227e+00,2.591507434844970703e+00,1.197567820549011230e+00,1.197567820549011230e+00,9.039648175239562988e-01,1.303830146789550781e+00,6.554791331291198730e-02,6.554791331291198730e-02,9.193273633718490601e-02,7.285746186971664429e-02,9.920965880155563354e-02,9.920965880155563354e-02,1.207941323518753052e-01,7.172191888093948364e-02,2.454454004764556885e-01,2.454454004764556885e-01,2.387752681970596313e-01,2.641170024871826172e-01,1.223102688789367676e+00,1.223102688789367676e+00,9.318010210990905762e-01,1.353267192840576172e+00
3.190000000000000000e+02,2.629990577697753906e+00,2.629990577697753906e+00,2.283246040344238281e+00,2.642565488815307617e+00,2.620223999023437500e+00,2.620223999023437500e+00,2.121970176696777344e+00,2.602070331573486328e+00,1.176140308380126953e+00,1.176140308380126953e+00,8.941534757614135742e-01,1.286678433418273926e+00,6.360623240470886230e-02,6.360623240470886230e-02,9.477631002664566040e-02,6.923119723796844482e-02,9.355816245079040527e-02,9.355816245079040527e-02,1.131230294704437256e-01,6.877149641513824463e-02,2.339674532413482666e-01,2.339674532413482666e-01,2.238916307687759399e-01,2.599661946296691895e-01,1.257610559463500977e+00,1.257610559463500977e+00,9.540141820907592773e-01,1.383665204048156738e+00
3.200000000000000000e+02,2.662744998931884766e+00,2.662744998931884766e+00,2.312326669692993164e+00,2.670279502868652344e+00,2.629154205322265625e+00,2.629154205322265625e+00,2.130732059478759766e+00,2.597924947738647461e+00,1.153755426406860352e+00,1.153755426406860352e+00,8.783439397811889648e-01,1.263743281364440918e+00,6.142824515700340271e-02,6.142824515700340271e-02,9.627988934516906738e-02,6.620224565267562866e-02,8.693749457597732544e-02,8.693749457597732544e-02,1.049330011010169983e-01,6.537047028541564941e-02,2.221931517124176025e-01,2.221931517124176025e-01,2.091271430253982544e-01,2.552431821823120117e-01,1.286363840103149414e+00,1.286363840103149414e+00,9.768213629722595215e-01,1.415026664733886719e+00
3.210000000000000000e+02,2.695949554443359375e+00,2.695949554443359375e+00,2.340394973754882812e+00,2.707921743392944336e+00,2.633359670639038086e+00,2.633359670639038086e+00,2.138098239898681641e+00,2.615900754928588867e+00,1.129726409912109375e+00,1.129726409912109375e+00,8.625851273536682129e-01,1.240712404251098633e+00,5.869613215327262878e-02,5.869613215327262878e-02,9.779465943574905396e-02,6.335707753896713257e-02,8.004286885261535645e-02,8.004286885261535645e-02,9.654866158962249756e-02,6.011041998863220215e-02,2.101414799690246582e-01,2.101414799690246582e-01,1.938039064407348633e-01,2.516105771064758301e-01,1.314827680587768555e+00,1.314827680587768555e+00,1.000768542289733887e+00,1.446590185165405273e+00
3.220000000000000000e+02,2.727717638015747070e+00,2.727717638015747070e+00,2.367151260375976562e+00,2.739223480224609375e+00,2.642479181289672852e+00,2.642479181289672852e+00,2.143971920013427734e+00,2.620539188385009766e+00,1.104321479797363281e+00,1.104321479797363281e+00,8.461609482765197754e-01,1.216320395469665527e+00,5.540850758552551270e-02,5.540850758552551270e-02,9.895168244838714600e-02,6.018975377082824707e-02,7.252104580402374268e-02,7.252104580402374268e-02,8.739616721868515015e-02,5.724100768566131592e-02,1.978421509265899658e-01,1.978421509265899658e-01,1.804071962833404541e-01,2.478990554809570312e-01,1.343337059020996094e+00,1.343337059020996094e+00,1.005970954895019531e+00,1.478102445602416992e+00
3.230000000000000000e+02,2.758551120758056641e+00,2.758551120758056641e+00,2.397221326828002930e+00,2.769753932952880859e+00,2.646658420562744141e+00,2.646658420562744141e+00,2.148084640502929688e+00,2.623560667037963867e+00,1.078497767448425293e+00,1.078497767448425293e+00,8.306404352188110352e-01,1.190769791603088379e+00,5.251554399728775024e-02,5.251554399728775024e-02,9.977024793624877930e-02,5.663030594587326050e-02,6.542645394802093506e-02,6.542645394802093506e-02,7.861714810132980347e-02,5.333648994565010071e-02,1.874803155660629272e-01,1.874803155660629272e-01,1.669795811176300049e-01,2.437043339014053345e-01,1.373579502105712891e+00,1.373579502105712891e+00,1.050779104232788086e+00,1.511132001876831055e+00
3.240000000000000000e+02,2.789159297943115234e+00,2.789159297943115234e+00,2.424773693084716797e+00,2.799262046813964844e+00,2.649218320846557617e+00,2.649218320846557617e+00,2.151995658874511719e+00,2.625025272369384766e+00,1.051664829254150391e+00,1.051664829254150391e+00,7.918634414672851562e-01,1.163964629173278809e+00,5.008043721318244934e-02,5.008043721318244934e-02,9.984087944030761719e-02,5.316787213087081909e-02,5.881251394748687744e-02,5.881251394748687744e-02,7.032253593206405640e-02,4.970863461494445801e-02,1.788662374019622803e-01,1.788662374019622803e-01,1.546700745820999146e-01,2.462055683135986328e-01,1.405291795730590820e+00,1.405291795730590820e+00,1.078289747238159180e+00,1.544463276863098145e+00
3.250000000000000000e+02,2.818287849426269531e+00,2.818287849426269531e+00,2.451809644699096680e+00,2.827855110168457031e+00,2.650265693664550781e+00,2.650265693664550781e+00,2.153969049453735352e+00,2.625004529953002930e+00,1.024795413017272949e+00,1.024795413017272949e+00,7.992759346961975098e-01,1.136398553848266602e+00,4.975157603621482849e-02,4.975157603621482849e-02,1.005683094263076782e-01,4.856322705745697021e-02,5.183490365743637085e-02,5.183490365743637085e-02,6.157126277685165405e-02,4.600975662469863892e-02,1.704599708318710327e-01,1.704599708318710327e-01,1.427672356367111206e-01,2.483893483877182007e-01,1.439839124679565430e+00,1.439839124679565430e+00,1.106148362159729004e+00,1.576229810714721680e+00
3.260000000000000000e+02,2.849272966384887695e+00,2.849272966384887695e+00,2.473029375076293945e+00,2.851468324661254883e+00,2.649681806564331055e+00,2.649681806564331055e+00,2.154506921768188477e+00,2.623131752014160156e+00,9.960536360740661621e-01,9.960536360740661621e-01,7.823558449745178223e-01,1.108333826065063477e+00,4.899726063013076782e-02,4.899726063013076782e-02,1.005419194698333740e-01,4.635822027921676636e-02,4.451822862029075623e-02,4.451822862029075623e-02,5.250813439488410950e-02,4.176582768559455872e-02,1.615897864103317261e-01,1.615897864103317261e-01,1.321730464696884155e-01,2.505360245704650879e-01,1.467589974403381348e+00,1.467589974403381348e+00,1.133574366569519043e+00,1.610838770866394043e+00
3.270000000000000000e+02,2.878034114837646484e+00,2.878034114837646484e+00,2.505171060562133789e+00,2.882450103759765625e+00,2.646320581436157227e+00,2.646320581436157227e+00,2.155226230621337891e+00,2.620564937591552734e+00,9.703199267387390137e-01,9.703199267387390137e-01,7.652035355567932129e-01,1.080728888511657715e+00,4.995897412300109863e-02,4.995897412300109863e-02,1.023253649473190308e-01,4.530090466141700745e-02,4.035138711333274841e-02,4.035138711333274841e-02,4.769484698772430420e-02,3.947207331657409668e-02,1.606020331382751465e-01,1.606020331382751465e-01,1.274372488260269165e-01,2.565445899963378906e-01,1.512902855873107910e+00,1.512902855873107910e+00,1.167328238487243652e+00,1.646888256072998047e+00
3.280000000000000000e+02,2.906023740768432617e+00,2.906023740768432617e+00,2.531989097595214844e+00,2.908241987228393555e+00,2.646222114562988281e+00,2.646222114562988281e+00,2.154925823211669922e+00,2.616756439208984375e+00,9.447965621948242188e-01,9.447965621948242188e-01,7.505797147750854492e-01,1.053942561149597168e+00,5.155344307422637939e-02,5.155344307422637939e-02,1.042764931917190552e-01,4.377133399248123169e-02,3.783093020319938660e-02,3.783093020319938660e-02,4.416536539793014526e-02,3.768301755189895630e-02,1.621237844228744507e-01,1.621237844228744507e-01,1.247126162052154541e-01,2.638324201107025146e-01,1.553103923797607422e+00,1.553103923797607422e+00,1.199594140052795410e+00,1.683275818824768066e+00
3.290000000000000000e+02,2.932970285415649414e+00,2.932970285415649414e+00,2.557705402374267578e+00,2.932624340057373047e+00,2.642280101776123047e+00,2.642280101776123047e+00,2.153115510940551758e+00,2.611622571945190430e+00,9.179804325103759766e-01,9.179804325103759766e-01,7.373310327529907227e-01,1.025063037872314453e+00,5.263928323984146118e-02,5.263928323984146118e-02,1.065290272235870361e-01,4.239368811249732971e-02,3.467901051044464111e-02,3.467901051044464111e-02,4.053927958011627197e-02,3.571709245443344116e-02,1.633216291666030884e-01,1.633216291666030884e-01,1.220463514328002930e-01,2.722689211368560791e-01,1.592932105064392090e+00,1.592932105064392090e+00,1.236803412437438965e+00,1.720234513282775879e+00
3.300000000000000000e+02,2.958744525909423828e+00,2.958744525909423828e+00,2.582071304321289062e+00,2.956095457077026367e+00,2.634081840515136719e+00,2.634081840515136719e+00,2.150578260421752930e+00,2.605199098587036133e+00,8.902421593666076660e-01,8.902421593666076660e-01,7.236634492874145508e-01,9.962707757949829102e-01,5.326863378286361694e-02,5.326863378286361694e-02,1.087704449892044067e-01,4.116794466972351074e-02,3.128514811396598816e-02,3.128514811396598816e-02,3.655283898115158081e-02,3.368331491947174072e-02,1.644170135259628296e-01,1.644170135259628296e-01,1.197558194398880005e-01,2.837912440299987793e-01,1.631089210510253906e+00,1.631089210510253906e+00,1.271681547164916992e+00,1.756770730018615723e+00
3.310000000000000000e+02,2.983084201812744141e+00,2.983084201812744141e+00,2.600785732269287109e+00,2.977133274078369141e+00,2.629677772521972656e+00,2.629677772521972656e+00,2.146469593048095703e+00,2.596885681152343750e+00,8.613362908363342285e-01,8.613362908363342285e-01,7.092137336730957031e-01,9.660831689834594727e-01,5.440934374928474426e-02,5.440934374928474426e-02,1.106877923011779785e-01,4.006943479180335999e-02,2.770462073385715485e-02,2.770462073385715485e-02,3.240567445755004883e-02,3.142698854207992554e-02,1.652529984712600708e-01,1.652529984712600708e-01,1.170293241739273071e-01,2.948099374771118164e-01,1.671964645385742188e+00,1.671964645385742188e+00,1.306423068046569824e+00,1.792513847351074219e+00
3.320000000000000000e+02,3.007065773010253906e+00,3.007065773010253906e+00,2.606968879699707031e+00,2.998843669891357422e+00,2.621020555496215820e+00,2.621020555496215820e+00,2.140524387359619141e+00,2.587154865264892578e+00,8.315575122833251953e-01,8.315575122833251953e-01,6.833961606025695801e-01,9.325289130210876465e-01,5.507834628224372864e-02,5.507834628224372864e-02,1.122937276959419250e-01,3.876055404543876648e-02,2.388486452400684357e-02,2.388486452400684357e-02,2.813501656055450439e-02,2.907990664243698120e-02,1.660097837448120117e-01,1.660097837448120117e-01,1.147630959749221802e-01,3.066385984420776367e-01,1.711087584495544434e+00,1.711087584495544434e+00,1.341142773628234863e+00,1.826347827911376953e+00
3.330000000000000000e+02,3.030062675476074219e+00,3.030062675476074219e+00,2.652204275131225586e+00,3.018611907958984375e+00,2.609717369079589844e+00,2.609717369079589844e+00,2.132821083068847656e+00,2.575928211212158203e+00,7.960172891616821289e-01,7.960172891616821289e-01,6.773464679718017578e-01,9.025427103042602539e-01,5.510104447603225708e-02,5.510104447603225708e-02,1.135265901684761047e-01,3.733028471469879150e-02,1.983091235160827637e-02,1.983091235160827637e-02,2.362748049199581146e-02,2.664946950972080231e-02,1.659806817770004272e-01,1.659806817770004272e-01,1.120311915874481201e-01,3.177974522113800049e-01,1.749019861221313477e+00,1.749019861221313477e+00,1.375733017921447754e+00,1.863289117813110352e+00
3.340000000000000000e+02,3.051417589187622070e+00,3.051417589187622070e+00,2.674067258834838867e+00,3.036657094955444336e+00,2.599262952804565430e+00,2.599262952804565430e+00,2.126448154449462891e+00,2.563019752502441406e+00,7.785918712615966797e-01,7.785918712615966797e-01,6.607601046562194824e-01,8.683611154556274414e-01,5.576441064476966858e-02,5.576441064476966858e-02,1.148872375488281250e-01,3.598031401634216309e-02,1.888680830597877502e-02,1.888680830597877502e-02,2.235248871147632599e-02,2.654958516359329224e-02,1.808813065290451050e-01,1.808813065290451050e-01,1.138839647173881531e-01,3.322443962097167969e-01,1.790508747100830078e+00,1.790508747100830078e+00,1.412861943244934082e+00,1.900085210800170898e+00
3.350000000000000000e+02,3.071834564208984375e+00,3.071834564208984375e+00,2.694450378417968750e+00,3.053374767303466797e+00,2.586137771606445312e+00,2.586137771606445312e+00,2.117596626281738281e+00,2.549485206604003906e+00,7.555634975433349609e-01,7.555634975433349609e-01,6.466032862663269043e-01,8.374050855636596680e-01,5.586523562669754028e-02,5.586523562669754028e-02,1.158822923898696899e-01,3.472034633159637451e-02,1.782374456524848938e-02,1.782374456524848938e-02,2.102757990360260010e-02,2.637708559632301331e-02,1.951656639575958252e-01,1.951656639575958252e-01,1.156376451253890991e-01,3.476545512676239014e-01,1.830801010131835938e+00,1.830801010131835938e+00,1.451258897781372070e+00,1.936319947242736816e+00
3.360000000000000000e+02,3.090595722198486328e+00,3.090595722198486328e+00,2.700119018554687500e+00,3.068728208541870117e+00,2.570765495300292969e+00,2.570765495300292969e+00,2.107850551605224609e+00,2.534096956253051758e+00,7.316139340400695801e-01,7.316139340400695801e-01,6.314614415168762207e-01,8.036645054817199707e-01,5.576040595769882202e-02,5.576040595769882202e-02,1.168835908174514771e-01,3.399915248155593872e-02,1.657985895872116089e-02,1.657985895872116089e-02,1.959414966404438019e-02,2.613998949527740479e-02,2.091111242771148682e-01,2.091111242771148682e-01,1.191309764981269836e-01,3.662655055522918701e-01,1.871495008468627930e+00,1.871495008468627930e+00,1.488890767097473145e+00,1.972547411918640137e+00
3.370000000000000000e+02,3.108309268951416016e+00,3.108309268951416016e+00,2.731748104095458984e+00,3.082228660583496094e+00,2.555511713027954102e+00,2.555511713027954102e+00,2.064056396484375000e+00,2.517381429672241211e+00,7.067736387252807617e-01,7.067736387252807617e-01,6.205400228500366211e-01,7.696728706359863281e-01,5.527288466691970825e-02,5.527288466691970825e-02,1.179123744368553162e-01,3.338950499892234802e-02,1.537844538688659668e-02,1.537844538688659668e-02,1.819345355033874512e-02,2.595966309309005737e-02,2.227910459041595459e-01,2.227910459041595459e-01,1.220760941505432129e-01,3.841716945171356201e-01,1.910958290100097656e+00,1.910958290100097656e+00,1.526234030723571777e+00,2.007637023925781250e+00
3.380000000000000000e+02,3.076598644256591797e+00,3.076598644256591797e+00,2.746303319931030273e+00,3.096353292465209961e+00,2.538045883178710938e+00,2.538045883178710938e+00,2.082740068435668945e+00,2.499476909637451172e+00,6.843966841697692871e-01,6.843966841697692871e-01,6.099534630775451660e-01,7.383416295051574707e-01,5.564510822296142578e-02,5.564510822296142578e-02,1.201755478978157043e-01,3.305125609040260315e-02,1.447785459458827972e-02,1.447785459458827972e-02,1.725464873015880585e-02,2.641777321696281433e-02,2.398898452520370483e-01,2.398898452520370483e-01,1.282047331333160400e-01,4.056396186351776123e-01,1.950006008148193359e+00,1.950006008148193359e+00,1.564120292663574219e+00,2.042471408843994141e+00
3.390000000000000000e+02,3.139326572418212891e+00,3.139326572418212891e+00,2.766249656677246094e+00,3.106829643249511719e+00,2.521858930587768555e+00,2.521858930587768555e+00,2.075782299041748047e+00,2.480358600616455078e+00,6.677516698837280273e-01,6.677516698837280273e-01,6.009728312492370605e-01,7.073668241500854492e-01,5.686797201633453369e-02,5.686797201633453369e-02,1.234906986355781555e-01,3.303783386945724487e-02,1.409376878291368484e-02,1.409376878291368484e-02,1.661100983619689941e-02,2.704478986561298370e-02,2.606323361396789551e-01,2.606323361396789551e-01,1.375522613525390625e-01,4.275128841400146484e-01,1.988896131515502930e+00,1.988896131515502930e+00,1.602216005325317383e+00,2.077371358871459961e+00
3.400000000000000000e+02,3.152887821197509766e+00,3.152887821197509766e+00,2.782289028167724609e+00,3.118191003799438477e+00,2.503424882888793945e+00,2.503424882888793945e+00,2.064235687255859375e+00,2.460014581680297852e+00,6.490108966827392578e-01,6.490108966827392578e-01,5.926778316497802734e-01,6.788110733032226562e-01,5.768700316548347473e-02,5.768700316548347473e-02,1.273033767938613892e-01,3.316879272460937500e-02,1.356546953320503235e-02,1.356546953320503235e-02,1.592553779482841492e-02,2.798243425786495209e-02,2.804456949234008789e-01,2.804456949234008789e-01,1.479544639587402344e-01,4.437237083911895752e-01,2.026524543762207031e+00,2.026524543762207031e+00,1.639667987823486328e+00,2.108774185180664062e+00
3.410000000000000000e+02,3.165021419525146484e+00,3.165021419525146484e+00,2.796854972839355469e+00,3.126910686492919922e+00,2.483629226684570312e+00,2.483629226684570312e+00,2.051458597183227539e+00,2.438340187072753906e+00,6.298646926879882812e-01,6.298646926879882812e-01,5.856338739395141602e-01,6.519993543624877930e-01,5.826696753501892090e-02,5.826696753501892090e-02,1.307998746633529663e-01,3.334176167845726013e-02,1.299307309091091156e-02,1.299307309091091156e-02,1.528212893754243851e-02,2.870841696858406067e-02,3.009871244430541992e-01,3.009871244430541992e-01,1.608929038047790527e-01,4.730131924152374268e-01,2.063343048095703125e+00,2.063343048095703125e+00,1.676370739936828613e+00,2.142261505126953125e+00
3.420000000000000000e+02,3.175821304321289062e+00,3.175821304321289062e+00,2.810180664062500000e+00,3.134761333465576172e+00,2.462498664855957031e+00,2.462498664855957031e+00,2.037564039230346680e+00,2.415444612503051758e+00,6.098492145538330078e-01,6.098492145538330078e-01,5.774190425872802734e-01,6.269207000732421875e-01,5.809220671653747559e-02,5.809220671653747559e-02,1.338673382997512817e-01,3.345188498497009277e-02,1.232668012380599976e-02,1.232668012380599976e-02,1.438460312783718109e-02,2.946311235427856445e-02,3.206746280193328857e-01,3.206746280193328857e-01,1.756916344165802002e-01,4.990149140357971191e-01,2.098784446716308594e+00,2.098784446716308594e+00,1.712723016738891602e+00,2.176421165466308594e+00
3.430000000000000000e+02,3.184680938720703125e+00,3.184680938720703125e+00,2.821876525878906250e+00,3.141335487365722656e+00,2.436974763870239258e+00,2.436974763870239258e+00,2.022533178329467773e+00,2.391429901123046875e+00,5.890253782272338867e-01,5.890253782272338867e-01,5.694040060043334961e-01,6.007605195045471191e-01,5.903702974319458008e-02,5.903702974319458008e-02,1.371220797300338745e-01,3.334173560142517090e-02,1.178052928298711777e-02,1.178052928298711777e-02,1.360835134983062744e-02,3.010080941021442413e-02,3.399323225021362305e-01,3.399323225021362305e-01,1.912576109170913696e-01,5.246347188949584961e-01,2.135178327560424805e+00,2.135178327560424805e+00,1.747476935386657715e+00,2.207479953765869141e+00
3.440000000000000000e+02,3.192984104156494141e+00,3.192984104156494141e+00,2.833015918731689453e+00,3.146467924118041992e+00,2.415315389633178711e+00,2.415315389633178711e+00,1.997261643409729004e+00,2.365997552871704102e+00,5.674071907997131348e-01,5.674071907997131348e-01,5.634401440620422363e-01,5.655969977378845215e-01,5.927127972245216370e-02,5.927127972245216370e-02,1.397451907396316528e-01,3.332534432411193848e-02,1.113019324839115143e-02,1.113019324839115143e-02,1.264016143977642059e-02,3.064301609992980957e-02,3.587708473205566406e-01,3.587708473205566406e-01,2.087213397026062012e-01,5.495899319648742676e-01,2.168784856796264648e+00,2.168784856796264648e+00,1.782939434051513672e+00,2.237221956253051758e+00
3.450000000000000000e+02,3.197045564651489258e+00,3.197045564651489258e+00,2.842615842819213867e+00,3.149910449981689453e+00,2.391953706741333008e+00,2.391953706741333008e+00,1.989140272140502930e+00,2.339480638504028320e+00,5.452510118484497070e-01,5.452510118484497070e-01,5.547329187393188477e-01,5.529227256774902344e-01,5.920245125889778137e-02,5.920245125889778137e-02,1.419595927000045776e-01,3.311071544885635376e-02,1.050225179642438889e-02,1.050225179642438889e-02,1.170265302062034607e-02,3.109490498900413513e-02,3.771915733814239502e-01,3.771915733814239502e-01,2.265769243240356445e-01,5.741262435913085938e-01,2.202986717224121094e+00,2.202986717224121094e+00,1.815830707550048828e+00,2.265670776367187500e+00
3.460000000000000000e+02,3.204969167709350586e+00,3.204969167709350586e+00,2.852875232696533203e+00,3.152306079864501953e+00,2.369296073913574219e+00,2.369296073913574219e+00,1.976318836212158203e+00,2.312896013259887695e+00,5.276572704315185547e-01,5.276572704315185547e-01,5.524585247039794922e-01,5.310639739036560059e-01,6.158928573131561279e-02,6.158928573131561279e-02,1.494762003421783447e-01,3.371961787343025208e-02,9.852561168372631073e-03,9.852561168372631073e-03,1.088201999664306641e-02,3.156394511461257935e-02,3.900191485881805420e-01,3.900191485881805420e-01,2.446502894163131714e-01,5.983175039291381836e-01,2.233538866043090820e+00,2.233538866043090820e+00,1.850241422653198242e+00,2.293748140335083008e+00
3.470000000000000000e+02,3.208980321884155273e+00,3.208980321884155273e+00,2.861934185028076172e+00,3.151993751525878906e+00,2.345960140228271484e+00,2.345960140228271484e+00,1.962681531906127930e+00,2.284980535507202148e+00,5.118782520294189453e-01,5.118782520294189453e-01,5.514730215072631836e-01,5.087710618972778320e-01,6.471922248601913452e-02,6.471922248601913452e-02,1.565724015235900879e-01,3.358514606952667236e-02,9.257305413484573364e-03,9.257305413484573364e-03,1.018441375344991684e-02,3.195350617170333862e-02,4.159443676471710205e-01,4.159443676471710205e-01,2.625738382339477539e-01,6.222194433212280273e-01,2.265562295913696289e+00,2.265562295913696289e+00,1.881535887718200684e+00,2.319433212280273438e+00
3.480000000000000000e+02,3.211738586425781250e+00,3.211738586425781250e+00,2.870026826858520508e+00,3.152274608612060547e+00,2.321504354476928711e+00,2.321504354476928711e+00,1.947870492935180664e+00,2.256621599197387695e+00,4.934482574462890625e-01,4.934482574462890625e-01,5.520282387733459473e-01,4.910411536693572998e-01,6.706381589174270630e-02,6.706381589174270630e-02,1.633448302745819092e-01,3.301915526390075684e-02,8.179150521755218506e-03,8.179150521755218506e-03,9.363279677927494049e-03,3.228119015693664551e-02,4.345789849758148193e-01,4.345789849758148193e-01,2.821930348873138428e-01,6.493229269981384277e-01,2.295323610305786133e+00,2.295323610305786133e+00,1.914582848548889160e+00,2.346447706222534180e+00
3.490000000000000000e+02,3.213114261627197266e+00,3.213114261627197266e+00,2.877032995223999023e+00,3.149886131286621094e+00,2.295415401458740234e+00,2.295415401458740234e+00,1.932926297187805176e+00,2.227583885192871094e+00,4.778316020965576172e-01,4.778316020965576172e-01,5.551661252975463867e-01,4.708343446254730225e-01,6.985678523778915405e-02,6.985678523778915405e-02,1.705566793680191040e-01,3.475931286811828613e-02,8.044561371207237244e-03,8.044561371207237244e-03,8.599831722676753998e-03,3.257651999592781067e-02,4.540407657623291016e-01,4.540407657623291016e-01,3.015583157539367676e-01,6.776474714279174805e-01,2.325093507766723633e+00,2.325093507766723633e+00,1.944694876670837402e+00,2.371763467788696289e+00
3.500000000000000000e+02,3.213397026062011719e+00,3.213397026062011719e+00,2.882064580917358398e+00,3.146203041076660156e+00,2.271237134933471680e+00,2.271237134933471680e+00,1.915266752243041992e+00,2.197819948196411133e+00,4.660050868988037109e-01,4.660050868988037109e-01,5.619465112686157227e-01,4.545956254005432129e-01,7.420355081558227539e-02,7.420355081558227539e-02,1.790142804384231567e-01,3.494988381862640381e-02,7.837155833840370178e-03,7.837155833840370178e-03,8.164640516042709351e-03,3.299875184893608093e-02,4.769962728023529053e-01,4.769962728023529053e-01,3.227388858795166016e-01,7.078334093093872070e-01,2.353992223739624023e+00,2.353992223739624023e+00,1.975598096847534180e+00,2.394897937774658203e+00
3.510000000000000000e+02,3.212458610534667969e+00,3.212458610534667969e+00,2.888722419738769531e+00,3.141064643859863281e+00,2.245567083358764648e+00,2.245567083358764648e+00,1.905230522155761719e+00,2.167503833770751953e+00,4.544768631458282471e-01,4.544768631458282471e-01,5.639537572860717773e-01,4.372733831405639648e-01,7.752743363380432129e-02,7.752743363380432129e-02,1.869715005159378052e-01,3.613077104091644287e-02,7.720134221017360687e-03,7.720134221017360687e-03,7.694072090089321136e-03,3.374061360955238342e-02,4.994686543941497803e-01,4.994686543941497803e-01,3.438112437725067139e-01,7.384263277053833008e-01,2.380649089813232422e+00,2.380649089813232422e+00,2.004853725433349609e+00,2.417301177978515625e+00
3.520000000000000000e+02,3.123545885086059570e+00,3.123545885086059570e+00,2.891978502273559570e+00,3.134302139282226562e+00,2.221805334091186523e+00,2.221805334091186523e+00,1.887459754943847656e+00,2.136907100677490234e+00,4.534961581230163574e-01,4.534961581230163574e-01,5.750955939292907715e-01,4.204922020435333252e-01,8.128660917282104492e-02,8.128660917282104492e-02,1.947102695703506470e-01,3.648383915424346924e-02,7.986970245838165283e-03,7.986970245838165283e-03,7.594052702188491821e-03,3.521291166543960571e-02,5.330057144165039062e-01,5.330057144165039062e-01,3.651484847068786621e-01,7.686604261398315430e-01,2.407420635223388672e+00,2.407420635223388672e+00,2.033624410629272461e+00,2.438855171203613281e+00
3.530000000000000000e+02,3.206905603408813477e+00,3.206905603408813477e+00,2.896323919296264648e+00,3.126237154006958008e+00,2.195381164550781250e+00,2.195381164550781250e+00,1.872969150543212891e+00,2.105390071868896484e+00,4.547743201255798340e-01,4.547743201255798340e-01,5.810112953186035156e-01,4.030458629131317139e-01,8.451692759990692139e-02,8.451692759990692139e-02,2.021801471710205078e-01,3.795537352561950684e-02,8.398294448852539062e-03,8.398294448852539062e-03,7.909307256340980530e-03,3.669332712888717651e-02,5.690913796424865723e-01,5.690913796424865723e-01,3.863535225391387939e-01,7.987563014030456543e-01,2.432554006576538086e+00,2.432554006576538086e+00,2.059417724609375000e+00,2.459292888641357422e+00
3.540000000000000000e+02,3.202274799346923828e+00,3.202274799346923828e+00,2.893547534942626953e+00,3.116620063781738281e+00,2.167913436889648438e+00,2.167913436889648438e+00,1.863106369972229004e+00,2.072998285293579102e+00,4.588603377342224121e-01,4.588603377342224121e-01,5.867024064064025879e-01,3.851922750473022461e-01,8.757419139146804810e-02,8.757419139146804810e-02,2.093991488218307495e-01,3.877602890133857727e-02,8.977369405329227448e-03,8.977369405329227448e-03,8.097507059574127197e-03,3.873927518725395203e-02,6.079857349395751953e-01,6.079857349395751953e-01,4.074067771434783936e-01,8.280339241027832031e-01,2.435318470001220703e+00,2.435318470001220703e+00,2.087552309036254883e+00,2.478602409362792969e+00
3.550000000000000000e+02,3.193169116973876953e+00,3.193169116973876953e+00,2.899397134780883789e+00,3.105336189270019531e+00,2.139973163604736328e+00,2.139973163604736328e+00,1.847881555557250977e+00,2.039387464523315430e+00,4.633148014545440674e-01,4.633148014545440674e-01,5.917406678199768066e-01,3.669418394565582275e-01,8.989144861698150635e-02,8.989144861698150635e-02,2.162745445966720581e-01,3.949194401502609253e-02,9.503831155598163605e-03,9.503831155598163605e-03,8.282277733087539673e-03,4.112517461180686951e-02,6.462543010711669922e-01,6.462543010711669922e-01,4.279441833496093750e-01,8.568658828735351562e-01,2.479224205017089844e+00,2.479224205017089844e+00,2.115115880966186523e+00,2.496417522430419922e+00
3.560000000000000000e+02,3.189577102661132812e+00,3.189577102661132812e+00,2.899393558502197266e+00,3.091230392456054688e+00,2.099307298660278320e+00,2.099307298660278320e+00,1.831938505172729492e+00,2.005988836288452148e+00,4.662722349166870117e-01,4.662722349166870117e-01,5.969879031181335449e-01,3.510833382606506348e-01,9.163198620080947876e-02,9.163198620080947876e-02,2.227871417999267578e-01,3.996135666966438293e-02,9.982326999306678772e-03,9.982326999306678772e-03,8.610068820416927338e-03,4.353710263967514038e-02,6.835755109786987305e-01,6.835755109786987305e-01,4.531374275684356689e-01,8.869604468345642090e-01,2.500109434127807617e+00,2.500109434127807617e+00,2.140266180038452148e+00,2.512781381607055664e+00
3.570000000000000000e+02,3.181416034698486328e+00,3.181416034698486328e+00,2.894480228424072266e+00,3.077245235443115234e+00,2.081925868988037109e+00,2.081925868988037109e+00,1.796472907066345215e+00,1.972511768341064453e+00,4.692056775093078613e-01,4.692056775093078613e-01,6.049936413764953613e-01,3.302580714225769043e-01,9.281474351882934570e-02,9.281474351882934570e-02,2.287121117115020752e-01,4.040624573826789856e-02,1.039667148143053055e-02,1.039667148143053055e-02,8.998458273708820343e-03,4.662552475929260254e-02,7.201271653175354004e-01,7.201271653175354004e-01,4.789418578147888184e-01,9.188210368156433105e-01,2.519339799880981445e+00,2.519339799880981445e+00,2.164187669754028320e+00,2.526534795761108398e+00
3.580000000000000000e+02,3.172023057937622070e+00,3.172023057937622070e+00,2.895875453948974609e+00,3.063259601593017578e+00,2.051703214645385742e+00,2.051703214645385742e+00,1.800023555755615234e+00,1.937030911445617676e+00,4.712602496147155762e-01,4.712602496147155762e-01,6.131670475006103516e-01,3.288330137729644775e-01,9.348469972610473633e-02,9.348469972610473633e-02,2.342458516359329224e-01,4.071553424000740051e-02,1.073098368942737579e-02,1.073098368942737579e-02,9.389806538820266724e-03,4.943636432290077209e-02,7.552841305732727051e-01,7.552841305732727051e-01,5.078061223030090332e-01,9.490373134613037109e-01,2.537669181823730469e+00,2.537669181823730469e+00,2.187812805175781250e+00,2.540995121002197266e+00
3.590000000000000000e+02,3.161568164825439453e+00,3.161568164825439453e+00,2.892537593841552734e+00,3.046401500701904297e+00,2.021976470947265625e+00,2.021976470947265625e+00,1.784746646881103516e+00,1.901732802391052246e+00,4.718206822872161865e-01,4.718206822872161865e-01,6.206824779510498047e-01,3.183889985084533691e-01,9.364989399909973145e-02,9.364989399909973145e-02,2.391736656427383423e-01,4.091550782322883606e-02,1.105412468314170837e-02,1.105412468314170837e-02,9.672994725406169891e-03,5.228333175182342529e-02,7.882301807403564453e-01,7.882301807403564453e-01,5.344776511192321777e-01,9.792159795761108398e-01,2.553796529769897461e+00,2.553796529769897461e+00,2.209815502166748047e+00,2.552399635314941406e+00
