0.000000000000000000e+00,3.201815032958984375e+01,3.201815032958984375e+01,2.093362808227539062e+01,2.701603126525878906e+01,2.085937309265136719e+01,2.085937309265136719e+01,1.575055885314941406e+01,1.577880859375000000e+01,5.678966805579938829e-17,5.678966805579938829e-17,6.341899788726477159e-17,6.392065976772103139e-17,0.000000000000000000e+00,0.000000000000000000e+00,0.000000000000000000e+00,0.000000000000000000e+00,0.000000000000000000e+00,0.000000000000000000e+00,0.000000000000000000e+00,0.000000000000000000e+00,0.000000000000000000e+00,0.000000000000000000e+00,0.000000000000000000e+00,0.000000000000000000e+00,2.066843795776367188e+01,2.066843795776367188e+01,1.549462509155273438e+01,1.541273117065429688e+01
1.000000000000000000e+00,3.182393836975097656e+01,3.182393836975097656e+01,2.662421989440917969e+01,2.668186950683593750e+01,2.100952529907226562e+01,2.100952529907226562e+01,1.587622833251953125e+01,1.587126159667968750e+01,5.639808177947998047e-01,5.639808177947998047e-01,4.427228271961212158e-01,4.461462497711181641e-01,3.592502772808074951e-01,3.592502772808074951e-01,2.603259384632110596e-01,2.589458227157592773e-01,0.000000000000000000e+00,0.000000000000000000e+00,0.000000000000000000e+00,0.000000000000000000e+00,5.592804029583930969e-02,5.592804029583930969e-02,6.648335605859756470e-02,6.658429652452468872e-02,2.113998603820800781e+01,2.113998603820800781e+01,1.560140419006347656e+01,1.548336982727050781e+01
2.000000000000000000e+00,3.114399147033691406e+01,3.114399147033691406e+01,2.604138946533203125e+01,2.617103958129882812e+01,2.106680297851562500e+01,2.106680297851562500e+01,1.597780036926269531e+01,1.592513656616210938e+01,1.110612273216247559e+00,1.110612273216247559e+00,8.681586980819702148e-01,8.739391565322875977e-01,7.086448073387145996e-01,7.086448073387145996e-01,5.145614147186279297e-01,5.119218826293945312e-01,0.000000000000000000e+00,0.000000000000000000e+00,0.000000000000000000e+00,0.000000000000000000e+00,2.086010724306106567e-01,2.086010724306106567e-01,2.525354623794555664e-01,2.525635957717895508e-01,2.144474792480468750e+01,2.144474792480468750e+01,1.553083229064941406e+01,1.566764450073242188e+01
3.000000000000000000e+00,3.079730987548828125e+01,3.079730987548828125e+01,2.552569961547851562e+01,2.591126060485839844e+01,2.110649681091308594e+01,2.110649681091308594e+01,1.603593635559082031e+01,1.596239852905273438e+01,1.658432245254516602e+00,1.658432245254516602e+00,1.277129411697387695e+00,1.289117574691772461e+00,1.045109868049621582e+00,1.045109868049621582e+00,7.605043649673461914e-01,7.571289539337158203e-01,0.000000000000000000e+00,0.000000000000000000e+00,0.000000000000000000e+00,0.000000000000000000e+00,4.487562775611877441e-01,4.487562775611877441e-01,5.450683832168579102e-01,5.450687408447265625e-01,2.167385864257812500e+01,2.167385864257812500e+01,1.595036506652832031e+01,1.584167671203613281e+01
4.000000000000000000e+00,3.021873283386230469e+01,3.021873283386230469e+01,2.488186454772949219e+01,2.567573928833007812e+01,2.117018318176269531e+01,2.117018318176269531e+01,1.610074615478515625e+01,1.601698684692382812e+01,2.170350790023803711e+00,2.170350790023803711e+00,1.683320999145507812e+00,1.698581218719482422e+00,1.370625019073486328e+00,1.370625019073486328e+00,1.003043413162231445e+00,9.956927299499511719e-01,0.000000000000000000e+00,0.000000000000000000e+00,0.000000000000000000e+00,0.000000000000000000e+00,7.762866616249084473e-01,7.762866616249084473e-01,8.942271471023559570e-01,8.940541148185729980e-01,2.193926811218261719e+01,2.193926811218261719e+01,1.613001823425292969e+01,1.595687866210937500e+01
5.000000000000000000e+00,3.009883117675781250e+01,3.009883117675781250e+01,2.435749053955078125e+01,2.533502388000488281e+01,2.121942901611328125e+01,2.121942901611328125e+01,1.616234588623046875e+01,1.609003639221191406e+01,2.697035551071166992e+00,2.697035551071166992e+00,2.078014373779296875e+00,2.090777158737182617e+00,1.692883849143981934e+00,1.692883849143981934e+00,1.237573385238647461e+00,1.231437683105468750e+00,0.000000000000000000e+00,0.000000000000000000e+00,0.000000000000000000e+00,0.000000000000000000e+00,1.183282017707824707e+00,1.183282017707824707e+00,1.251558065414428711e+00,1.254800796508789062e+00,2.231228446960449219e+01,2.231228446960449219e+01,1.632424545288085938e+01,1.619034576416015625e+01
6.000000000000000000e+00,2.958612251281738281e+01,2.958612251281738281e+01,2.433769035339355469e+01,2.521587944030761719e+01,2.126057815551757812e+01,2.126057815551757812e+01,1.619808959960937500e+01,1.607370758056640625e+01,3.182689666748046875e+00,3.182689666748046875e+00,2.460164546966552734e+00,2.479071140289306641e+00,1.987909674644470215e+00,1.987909674644470215e+00,1.454250574111938477e+00,1.466381192207336426e+00,0.000000000000000000e+00,0.000000000000000000e+00,0.000000000000000000e+00,0.000000000000000000e+00,1.664858579635620117e+00,1.664858579635620117e+00,1.590638995170593262e+00,1.592990875244140625e+00,2.247661781311035156e+01,2.247661781311035156e+01,1.639341926574707031e+01,1.633795547485351562e+01
7.000000000000000000e+00,2.968976783752441406e+01,2.968976783752441406e+01,2.413590812683105469e+01,2.485536956787109375e+01,2.127606391906738281e+01,2.127606391906738281e+01,1.641140174865722656e+01,1.611125564575195312e+01,3.692678451538085938e+00,3.692678451538085938e+00,2.840261459350585938e+00,2.854701995849609375e+00,2.271551847457885742e+00,2.271551847457885742e+00,1.668470144271850586e+00,1.657645702362060547e+00,0.000000000000000000e+00,0.000000000000000000e+00,0.000000000000000000e+00,0.000000000000000000e+00,2.205330371856689453e+00,2.205330371856689453e+00,1.952302932739257812e+00,1.947417259216308594e+00,2.268774032592773438e+01,2.268774032592773438e+01,1.645441246032714844e+01,1.634776687622070312e+01
8.000000000000000000e+00,2.945601844787597656e+01,2.945601844787597656e+01,2.403114700317382812e+01,2.462183189392089844e+01,2.130220985412597656e+01,2.130220985412597656e+01,1.641049385070800781e+01,1.607902526855468750e+01,4.160815238952636719e+00,4.160815238952636719e+00,3.199680328369140625e+00,3.222945690155029297e+00,2.528011798858642578e+00,2.528011798858642578e+00,1.857210636138916016e+00,1.851447820663452148e+00,0.000000000000000000e+00,0.000000000000000000e+00,0.000000000000000000e+00,0.000000000000000000e+00,2.820649623870849609e+00,2.820649623870849609e+00,2.335701465606689453e+00,2.340659141540527344e+00,2.277142333984375000e+01,2.277142333984375000e+01,1.647886657714843750e+01,1.637562370300292969e+01
9.000000000000000000e+00,2.947137832641601562e+01,2.947137832641601562e+01,2.386065483093261719e+01,2.434976005554199219e+01,2.133636093139648438e+01,2.133636093139648438e+01,1.638923072814941406e+01,1.616174507141113281e+01,4.635300159454345703e+00,4.635300159454345703e+00,3.553907394409179688e+00,3.580335617065429688e+00,2.797094821929931641e+00,2.797094821929931641e+00,2.065472364425659180e+00,2.058787584304809570e+00,0.000000000000000000e+00,0.000000000000000000e+00,0.000000000000000000e+00,0.000000000000000000e+00,3.493886470794677734e+00,3.493886470794677734e+00,2.736401081085205078e+00,2.739113807678222656e+00,2.310784912109375000e+01,2.310784912109375000e+01,1.669820976257324219e+01,1.657688713073730469e+01
1.000000000000000000e+01,2.936822891235351562e+01,2.936822891235351562e+01,2.367826080322265625e+01,2.412670898437500000e+01,2.134625625610351562e+01,2.134625625610351562e+01,1.625972747802734375e+01,1.618684387207031250e+01,5.096377372741699219e+00,5.096377372741699219e+00,3.910342454910278320e+00,3.929021120071411133e+00,3.033891677856445312e+00,3.033891677856445312e+00,2.245034456253051758e+00,2.240221500396728516e+00,0.000000000000000000e+00,0.000000000000000000e+00,0.000000000000000000e+00,0.000000000000000000e+00,4.227569580078125000e+00,4.227569580078125000e+00,3.161602735519409180e+00,3.169653892517089844e+00,2.318880844116210938e+01,2.318880844116210938e+01,1.673557281494140625e+01,1.668987655639648438e+01
1.100000000000000000e+01,2.927564620971679688e+01,2.927564620971679688e+01,2.347895431518554688e+01,2.391042327880859375e+01,2.135638046264648438e+01,2.135638046264648438e+01,1.647826004028320312e+01,1.622090530395507812e+01,5.493258953094482422e+00,5.493258953094482422e+00,4.232890605926513672e+00,4.257946014404296875e+00,3.267239809036254883e+00,3.267239809036254883e+00,2.425525665283203125e+00,2.418077945709228516e+00,0.000000000000000000e+00,0.000000000000000000e+00,0.000000000000000000e+00,0.000000000000000000e+00,5.015307903289794922e+00,5.015307903289794922e+00,3.599637031555175781e+00,3.601811885833740234e+00,2.343827438354492188e+01,2.343827438354492188e+01,1.690035629272460938e+01,1.682189559936523438e+01
1.200000000000000000e+01,2.930030059814453125e+01,2.930030059814453125e+01,2.326563262939453125e+01,2.369190025329589844e+01,2.135558700561523438e+01,2.135558700561523438e+01,1.647062110900878906e+01,1.621777343750000000e+01,5.927311897277832031e+00,5.927311897277832031e+00,4.536340236663818359e+00,4.568601608276367188e+00,3.477885961532592773e+00,3.477885961532592773e+00,2.588464498519897461e+00,2.590893030166625977e+00,0.000000000000000000e+00,0.000000000000000000e+00,0.000000000000000000e+00,0.000000000000000000e+00,5.837616920471191406e+00,5.837616920471191406e+00,4.047460556030273438e+00,4.046559333801269531e+00,2.362768173217773438e+01,2.362768173217773438e+01,1.697433090209960938e+01,1.698182106018066406e+01
1.300000000000000000e+01,2.899879074096679688e+01,2.899879074096679688e+01,2.348229408264160156e+01,2.351668167114257812e+01,2.139491081237792969e+01,2.139491081237792969e+01,1.640453338623046875e+01,1.616744995117187500e+01,6.336715221405029297e+00,6.336715221405029297e+00,4.870363235473632812e+00,4.871202945709228516e+00,3.671515464782714844e+00,3.671515464782714844e+00,2.736269712448120117e+00,2.734953403472900391e+00,0.000000000000000000e+00,0.000000000000000000e+00,0.000000000000000000e+00,0.000000000000000000e+00,6.713759422302246094e+00,6.713759422302246094e+00,4.523562431335449219e+00,4.514563560485839844e+00,2.376852226257324219e+01,2.376852226257324219e+01,1.707185363769531250e+01,1.712166213989257812e+01
1.400000000000000000e+01,2.904159355163574219e+01,2.904159355163574219e+01,2.318268394470214844e+01,2.331636428833007812e+01,2.137994575500488281e+01,2.137994575500488281e+01,1.631964111328125000e+01,1.609112167358398438e+01,6.739080429077148438e+00,6.739080429077148438e+00,5.168276309967041016e+00,5.190765857696533203e+00,3.844560861587524414e+00,3.844560861587524414e+00,2.878239154815673828e+00,2.882254362106323242e+00,0.000000000000000000e+00,0.000000000000000000e+00,0.000000000000000000e+00,0.000000000000000000e+00,7.483734130859375000e+00,7.483734130859375000e+00,4.944349288940429688e+00,4.944782257080078125e+00,2.395974731445312500e+01,2.395974731445312500e+01,1.734973144531250000e+01,1.724935150146484375e+01
1.500000000000000000e+01,2.911708259582519531e+01,2.911708259582519531e+01,2.321721267700195312e+01,2.321306228637695312e+01,2.139796829223632812e+01,2.139796829223632812e+01,1.615735626220703125e+01,1.597203063964843750e+01,7.195744514465332031e+00,7.195744514465332031e+00,5.476265907287597656e+00,5.495676994323730469e+00,4.149311542510986328e+00,4.149311542510986328e+00,3.087338447570800781e+00,3.168318271636962891e+00,0.000000000000000000e+00,0.000000000000000000e+00,0.000000000000000000e+00,0.000000000000000000e+00,7.953369140625000000e+00,7.953369140625000000e+00,5.324733734130859375e+00,5.333408832550048828e+00,2.508671569824218750e+01,2.508671569824218750e+01,1.936613845825195312e+01,1.849089431762695312e+01
1.600000000000000000e+01,2.909860229492187500e+01,2.909860229492187500e+01,2.315972709655761719e+01,2.311871147155761719e+01,2.135900878906250000e+01,2.135900878906250000e+01,1.607102394104003906e+01,1.591036987304687500e+01,7.608622074127197266e+00,7.608622074127197266e+00,5.896152019500732422e+00,5.778302192687988281e+00,4.144609451293945312e+00,4.144609451293945312e+00,3.121990680694580078e+00,3.122332334518432617e+00,0.000000000000000000e+00,0.000000000000000000e+00,0.000000000000000000e+00,0.000000000000000000e+00,8.423290252685546875e+00,8.423290252685546875e+00,5.694912433624267578e+00,5.718155384063720703e+00,2.416704177856445312e+01,2.416704177856445312e+01,1.737674713134765625e+01,1.752994918823242188e+01
1.700000000000000000e+01,2.910352897644042969e+01,2.910352897644042969e+01,2.315533447265625000e+01,2.310943794250488281e+01,2.137182998657226562e+01,2.137182998657226562e+01,1.601548004150390625e+01,1.577534961700439453e+01,7.977424621582031250e+00,7.977424621582031250e+00,6.056956768035888672e+00,6.088896274566650391e+00,4.263258457183837891e+00,4.263258457183837891e+00,3.224002838134765625e+00,3.225482463836669922e+00,0.000000000000000000e+00,0.000000000000000000e+00,0.000000000000000000e+00,0.000000000000000000e+00,8.831721305847167969e+00,8.831721305847167969e+00,6.046969890594482422e+00,6.070340156555175781e+00,2.432596969604492188e+01,2.432596969604492188e+01,1.745276451110839844e+01,1.759154319763183594e+01
1.800000000000000000e+01,2.896878814697265625e+01,2.896878814697265625e+01,2.306490516662597656e+01,2.305452919006347656e+01,2.136375999450683594e+01,2.136375999450683594e+01,1.592268180847167969e+01,1.576669502258300781e+01,8.352978706359863281e+00,8.352978706359863281e+00,6.349548339843750000e+00,6.365722656250000000e+00,4.352192878723144531e+00,4.352192878723144531e+00,3.296812534332275391e+00,3.306419372558593750e+00,0.000000000000000000e+00,0.000000000000000000e+00,0.000000000000000000e+00,0.000000000000000000e+00,9.305866241455078125e+00,9.305866241455078125e+00,6.595650196075439453e+00,6.457808971405029297e+00,2.429649353027343750e+01,2.429649353027343750e+01,1.723540115356445312e+01,1.763536071777343750e+01
1.900000000000000000e+01,2.898076629638671875e+01,2.898076629638671875e+01,2.220914077758789062e+01,2.300646591186523438e+01,2.137662315368652344e+01,2.137662315368652344e+01,1.585274696350097656e+01,1.571529388427734375e+01,8.797416687011718750e+00,8.797416687011718750e+00,6.600010871887207031e+00,6.607185840606689453e+00,4.379745006561279297e+00,4.379745006561279297e+00,3.375890016555786133e+00,3.385871648788452148e+00,0.000000000000000000e+00,0.000000000000000000e+00,0.000000000000000000e+00,0.000000000000000000e+00,9.729524612426757812e+00,9.729524612426757812e+00,6.784749984741210938e+00,6.814599990844726562e+00,2.454657745361328125e+01,2.454657745361328125e+01,1.762795448303222656e+01,1.776444625854492188e+01
2.000000000000000000e+01,2.906647491455078125e+01,2.906647491455078125e+01,2.291756439208984375e+01,2.301422309875488281e+01,2.136741256713867188e+01,2.136741256713867188e+01,1.570403957366943359e+01,1.566176986694335938e+01,9.211684226989746094e+00,9.211684226989746094e+00,6.895093917846679688e+00,6.864295005798339844e+00,4.406416893005371094e+00,4.406416893005371094e+00,3.449313879013061523e+00,3.458976984024047852e+00,0.000000000000000000e+00,0.000000000000000000e+00,0.000000000000000000e+00,0.000000000000000000e+00,1.014155960083007812e+01,1.014155960083007812e+01,7.130616188049316406e+00,7.161722183227539062e+00,2.474341583251953125e+01,2.474341583251953125e+01,1.793922615051269531e+01,1.798577117919921875e+01
2.100000000000000000e+01,2.900125503540039062e+01,2.900125503540039062e+01,2.284826469421386719e+01,2.302889251708984375e+01,2.134160041809082031e+01,2.134160041809082031e+01,1.570114707946777344e+01,1.562403297424316406e+01,9.553408622741699219e+00,9.553408622741699219e+00,7.096541404724121094e+00,7.119110584259033203e+00,4.362724304199218750e+00,4.362724304199218750e+00,3.462468624114990234e+00,3.468294858932495117e+00,0.000000000000000000e+00,0.000000000000000000e+00,0.000000000000000000e+00,0.000000000000000000e+00,1.048275566101074219e+01,1.048275566101074219e+01,7.469961166381835938e+00,7.494565963745117188e+00,2.463918685913085938e+01,2.463918685913085938e+01,1.781854057312011719e+01,1.786162567138671875e+01
2.200000000000000000e+01,2.904824638366699219e+01,2.904824638366699219e+01,2.281352615356445312e+01,2.301864624023437500e+01,2.131900024414062500e+01,2.131900024414062500e+01,1.560898494720458984e+01,1.556330680847167969e+01,9.989157676696777344e+00,9.989157676696777344e+00,7.363758087158203125e+00,7.390950202941894531e+00,4.335152149200439453e+00,4.335152149200439453e+00,3.484237432479858398e+00,3.491876363754272461e+00,0.000000000000000000e+00,0.000000000000000000e+00,0.000000000000000000e+00,0.000000000000000000e+00,1.094549274444580078e+01,1.094549274444580078e+01,7.862042903900146484e+00,7.874826908111572266e+00,2.468957519531250000e+01,2.468957519531250000e+01,1.786342620849609375e+01,1.793758964538574219e+01
2.300000000000000000e+01,2.908672904968261719e+01,2.908672904968261719e+01,2.275891494750976562e+01,2.289701461791992188e+01,2.131289291381835938e+01,2.131289291381835938e+01,1.548928451538085938e+01,1.551762771606445312e+01,1.028515338897705078e+01,1.028515338897705078e+01,7.601144790649414062e+00,7.627523422241210938e+00,4.271117210388183594e+00,4.271117210388183594e+00,3.502332448959350586e+00,3.505718946456909180e+00,0.000000000000000000e+00,0.000000000000000000e+00,0.000000000000000000e+00,0.000000000000000000e+00,1.125820541381835938e+01,1.125820541381835938e+01,8.156724929809570312e+00,8.193534851074218750e+00,2.485886001586914062e+01,2.485886001586914062e+01,1.796255302429199219e+01,1.804862976074218750e+01
2.400000000000000000e+01,2.911637496948242188e+01,2.911637496948242188e+01,2.270818710327148438e+01,2.304755020141601562e+01,2.133744430541992188e+01,2.133744430541992188e+01,1.550877189636230469e+01,1.547094535827636719e+01,1.054272747039794922e+01,1.054272747039794922e+01,7.801396846771240234e+00,7.807370185852050781e+00,4.185766696929931641e+00,4.185766696929931641e+00,3.489293098449707031e+00,3.499055862426757812e+00,0.000000000000000000e+00,0.000000000000000000e+00,0.000000000000000000e+00,0.000000000000000000e+00,1.160030937194824219e+01,1.160030937194824219e+01,8.505825042724609375e+00,8.496653556823730469e+00,2.490044975280761719e+01,2.490044975280761719e+01,1.805611610412597656e+01,1.802964019775390625e+01
2.500000000000000000e+01,2.919963264465332031e+01,2.919963264465332031e+01,2.285284423828125000e+01,2.302210044860839844e+01,2.129824256896972656e+01,2.129824256896972656e+01,1.552556228637695312e+01,1.543467903137207031e+01,1.098205947875976562e+01,1.098205947875976562e+01,7.952488422393798828e+00,8.024105072021484375e+00,4.105661392211914062e+00,4.105661392211914062e+00,3.481596946716308594e+00,3.481831312179565430e+00,0.000000000000000000e+00,0.000000000000000000e+00,0.000000000000000000e+00,0.000000000000000000e+00,1.195261669158935547e+01,1.195261669158935547e+01,8.794713973999023438e+00,8.792386054992675781e+00,2.492399597167968750e+01,2.492399597167968750e+01,1.810660743713378906e+01,1.803955841064453125e+01
2.600000000000000000e+01,2.929497528076171875e+01,2.929497528076171875e+01,2.247612190246582031e+01,2.311495590209960938e+01,2.127279472351074219e+01,2.127279472351074219e+01,1.541546154022216797e+01,1.543156242370605469e+01,1.131577110290527344e+01,1.131577110290527344e+01,8.247743606567382812e+00,8.245006561279296875e+00,3.981161832809448242e+00,3.981161832809448242e+00,3.468675851821899414e+00,3.477392435073852539e+00,0.000000000000000000e+00,0.000000000000000000e+00,0.000000000000000000e+00,0.000000000000000000e+00,1.227946472167968750e+01,1.227946472167968750e+01,9.112777709960937500e+00,9.107134819030761719e+00,2.486724090576171875e+01,2.486724090576171875e+01,1.829323768615722656e+01,1.825039863586425781e+01
2.700000000000000000e+01,2.935128021240234375e+01,2.935128021240234375e+01,2.252457809448242188e+01,2.313797569274902344e+01,2.123470497131347656e+01,2.123470497131347656e+01,1.537917518615722656e+01,1.539726161956787109e+01,1.152523612976074219e+01,1.152523612976074219e+01,8.408819198608398438e+00,8.409274101257324219e+00,3.844246625900268555e+00,3.844246625900268555e+00,3.373790740966796875e+00,3.379091501235961914e+00,0.000000000000000000e+00,0.000000000000000000e+00,0.000000000000000000e+00,0.000000000000000000e+00,1.252369976043701172e+01,1.252369976043701172e+01,9.370690345764160156e+00,9.343398094177246094e+00,2.462217330932617188e+01,2.462217330932617188e+01,1.801517105102539062e+01,1.793554878234863281e+01
2.800000000000000000e+01,2.939500045776367188e+01,2.939500045776367188e+01,2.262010574340820312e+01,2.314566802978515625e+01,2.123575973510742188e+01,2.123575973510742188e+01,1.531803417205810547e+01,1.539800834655761719e+01,1.187682723999023438e+01,1.187682723999023438e+01,8.607864379882812500e+00,8.597887039184570312e+00,3.744810342788696289e+00,3.744810342788696289e+00,3.346936941146850586e+00,3.347726583480834961e+00,0.000000000000000000e+00,0.000000000000000000e+00,0.000000000000000000e+00,0.000000000000000000e+00,1.281853389739990234e+01,1.281853389739990234e+01,9.667181015014648438e+00,9.662939071655273438e+00,2.469961357116699219e+01,2.469961357116699219e+01,1.816094207763671875e+01,1.811912155151367188e+01
2.900000000000000000e+01,2.939727020263671875e+01,2.939727020263671875e+01,2.263021659851074219e+01,2.321005439758300781e+01,2.124924278259277344e+01,2.124924278259277344e+01,1.559319114685058594e+01,1.541368484497070312e+01,1.217281913757324219e+01,1.217281913757324219e+01,8.798728942871093750e+00,8.764488220214843750e+00,3.522614955902099609e+00,3.522614955902099609e+00,3.224680900573730469e+00,3.226143360137939453e+00,0.000000000000000000e+00,0.000000000000000000e+00,0.000000000000000000e+00,0.000000000000000000e+00,1.312915229797363281e+01,1.312915229797363281e+01,9.945713043212890625e+00,9.932713508605957031e+00,2.478474807739257812e+01,2.478474807739257812e+01,1.820642471313476562e+01,1.814778900146484375e+01
3.000000000000000000e+01,2.947387695312500000e+01,2.947387695312500000e+01,2.341745185852050781e+01,2.325670051574707031e+01,2.118465805053710938e+01,2.118465805053710938e+01,1.533419036865234375e+01,1.539207077026367188e+01,1.247088146209716797e+01,1.247088146209716797e+01,8.865374565124511719e+00,8.961440086364746094e+00,3.366766452789306641e+00,3.366766452789306641e+00,3.019333600997924805e+00,3.020759582519531250e+00,0.000000000000000000e+00,0.000000000000000000e+00,0.000000000000000000e+00,0.000000000000000000e+00,1.340193557739257812e+01,1.340193557739257812e+01,1.020843219757080078e+01,1.015893363952636719e+01,2.468049621582031250e+01,2.468049621582031250e+01,1.817172622680664062e+01,1.820900726318359375e+01
3.100000000000000000e+01,2.943909645080566406e+01,2.943909645080566406e+01,2.271350288391113281e+01,2.326875686645507812e+01,2.122756576538085938e+01,2.122756576538085938e+01,1.534211158752441406e+01,1.542474746704101562e+01,1.263114166259765625e+01,1.263114166259765625e+01,9.143827438354492188e+00,9.111202239990234375e+00,3.197301387786865234e+00,3.197301387786865234e+00,2.806872367858886719e+00,2.813219070434570312e+00,0.000000000000000000e+00,0.000000000000000000e+00,0.000000000000000000e+00,0.000000000000000000e+00,1.355454158782958984e+01,1.355454158782958984e+01,1.042234134674072266e+01,1.036820888519287109e+01,2.451631927490234375e+01,2.451631927490234375e+01,1.840542984008789062e+01,1.830455398559570312e+01
3.200000000000000000e+01,2.944317436218261719e+01,2.944317436218261719e+01,2.282201957702636719e+01,2.330209922790527344e+01,2.094830894470214844e+01,2.094830894470214844e+01,1.535672760009765625e+01,1.541426086425781250e+01,1.285461425781250000e+01,1.285461425781250000e+01,9.261316299438476562e+00,9.213322639465332031e+00,2.991136074066162109e+00,2.991136074066162109e+00,2.582500219345092773e+00,2.588244915008544922e+00,0.000000000000000000e+00,0.000000000000000000e+00,0.000000000000000000e+00,0.000000000000000000e+00,1.380043220520019531e+01,1.380043220520019531e+01,1.063259315490722656e+01,1.058310127258300781e+01,2.441483116149902344e+01,2.441483116149902344e+01,1.850147247314453125e+01,1.841520309448242188e+01
3.300000000000000000e+01,2.949597549438476562e+01,2.949597549438476562e+01,2.273465728759765625e+01,2.333122253417968750e+01,2.065976524353027344e+01,2.065976524353027344e+01,1.525602722167968750e+01,1.541807556152343750e+01,1.313868713378906250e+01,1.313868713378906250e+01,9.416920661926269531e+00,9.369822502136230469e+00,2.769694805145263672e+00,2.769694805145263672e+00,2.350937366485595703e+00,2.353535175323486328e+00,0.000000000000000000e+00,0.000000000000000000e+00,0.000000000000000000e+00,0.000000000000000000e+00,1.398999595642089844e+01,1.398999595642089844e+01,1.081309127807617188e+01,1.076648330688476562e+01,2.437406349182128906e+01,2.437406349182128906e+01,1.926528930664062500e+01,1.841298103332519531e+01
3.400000000000000000e+01,2.950307464599609375e+01,2.950307464599609375e+01,2.273100280761718750e+01,2.334371566772460938e+01,2.029594612121582031e+01,2.029594612121582031e+01,1.524671649932861328e+01,1.540207672119140625e+01,1.335628318786621094e+01,1.335628318786621094e+01,9.576470375061035156e+00,9.515009880065917969e+00,2.484520912170410156e+00,2.484520912170410156e+00,2.115604877471923828e+00,2.114252567291259766e+00,0.000000000000000000e+00,0.000000000000000000e+00,0.000000000000000000e+00,0.000000000000000000e+00,1.419277286529541016e+01,1.419277286529541016e+01,1.089741897583007812e+01,1.086341857910156250e+01,2.419565200805664062e+01,2.419565200805664062e+01,1.842247390747070312e+01,1.848388671875000000e+01
3.500000000000000000e+01,2.954229736328125000e+01,2.954229736328125000e+01,2.311354827880859375e+01,2.337275123596191406e+01,2.015315628051757812e+01,2.015315628051757812e+01,1.529099464416503906e+01,1.539580059051513672e+01,1.350533294677734375e+01,1.350533294677734375e+01,9.097901344299316406e+00,9.682871818542480469e+00,2.136473655700683594e+00,2.136473655700683594e+00,1.870798945426940918e+00,1.869489669799804688e+00,0.000000000000000000e+00,0.000000000000000000e+00,0.000000000000000000e+00,0.000000000000000000e+00,1.432118797302246094e+01,1.432118797302246094e+01,1.098219108581542969e+01,1.094979476928710938e+01,2.419970321655273438e+01,2.419970321655273438e+01,1.851477813720703125e+01,1.847824668884277344e+01
3.600000000000000000e+01,2.956240844726562500e+01,2.956240844726562500e+01,2.304762458801269531e+01,2.343325233459472656e+01,1.999437332153320312e+01,1.999437332153320312e+01,1.534193515777587891e+01,1.549009895324707031e+01,1.372683334350585938e+01,1.372683334350585938e+01,9.842832565307617188e+00,9.789490699768066406e+00,1.809870719909667969e+00,1.809870719909667969e+00,1.645055055618286133e+00,1.643103718757629395e+00,0.000000000000000000e+00,0.000000000000000000e+00,0.000000000000000000e+00,0.000000000000000000e+00,1.443700599670410156e+01,1.443700599670410156e+01,1.099502468109130859e+01,1.099973678588867188e+01,2.414055824279785156e+01,2.414055824279785156e+01,1.851959228515625000e+01,1.849011039733886719e+01
3.700000000000000000e+01,2.957274436950683594e+01,2.957274436950683594e+01,2.375305557250976562e+01,2.340443038940429688e+01,1.982278251647949219e+01,1.982278251647949219e+01,1.541168022155761719e+01,1.560857963562011719e+01,1.394807338714599609e+01,1.394807338714599609e+01,9.965495109558105469e+00,9.939592361450195312e+00,1.489257454872131348e+00,1.489257454872131348e+00,1.386614561080932617e+00,1.384885907173156738e+00,0.000000000000000000e+00,0.000000000000000000e+00,0.000000000000000000e+00,0.000000000000000000e+00,1.458775424957275391e+01,1.458775424957275391e+01,1.124757385253906250e+01,1.122213745117187500e+01,2.395551681518554688e+01,2.395551681518554688e+01,1.856838607788085938e+01,1.848603439331054688e+01
3.800000000000000000e+01,2.958493614196777344e+01,2.958493614196777344e+01,2.318064117431640625e+01,2.345377540588378906e+01,1.993935966491699219e+01,1.993935966491699219e+01,1.552137279510498047e+01,1.573347091674804688e+01,1.404206848144531250e+01,1.404206848144531250e+01,1.010147094726562500e+01,1.006169033050537109e+01,1.189968705177307129e+00,1.189968705177307129e+00,1.137643218040466309e+00,1.138467431068420410e+00,0.000000000000000000e+00,0.000000000000000000e+00,0.000000000000000000e+00,0.000000000000000000e+00,1.468903541564941406e+01,1.468903541564941406e+01,1.115700912475585938e+01,1.116850185394287109e+01,2.397770690917968750e+01,2.397770690917968750e+01,1.855671882629394531e+01,1.849572181701660156e+01
3.900000000000000000e+01,2.962288284301757812e+01,2.962288284301757812e+01,2.325504684448242188e+01,2.347354888916015625e+01,1.993884086608886719e+01,1.993884086608886719e+01,1.567682838439941406e+01,1.593792819976806641e+01,1.410253906250000000e+01,1.410253906250000000e+01,1.021007061004638672e+01,1.014715671539306641e+01,9.126722216606140137e-01,9.126722216606140137e-01,9.077911972999572754e-01,9.062858223915100098e-01,0.000000000000000000e+00,0.000000000000000000e+00,0.000000000000000000e+00,0.000000000000000000e+00,1.475357341766357422e+01,1.475357341766357422e+01,1.112521648406982422e+01,1.110376739501953125e+01,2.371936035156250000e+01,2.371936035156250000e+01,1.864897918701171875e+01,1.855820083618164062e+01
4.000000000000000000e+01,2.961797904968261719e+01,2.961797904968261719e+01,2.332023239135742188e+01,2.348486328125000000e+01,2.022822189331054688e+01,2.022822189331054688e+01,1.592234230041503906e+01,1.631885147094726562e+01,1.431115150451660156e+01,1.431115150451660156e+01,1.027005195617675781e+01,1.021798992156982422e+01,6.604278087615966797e-01,6.604278087615966797e-01,6.737915277481079102e-01,6.869784593582153320e-01,0.000000000000000000e+00,0.000000000000000000e+00,0.000000000000000000e+00,0.000000000000000000e+00,1.476752090454101562e+01,1.476752090454101562e+01,1.111118030548095703e+01,1.109044837951660156e+01,2.373299598693847656e+01,2.373299598693847656e+01,1.855061340332031250e+01,1.851255798339843750e+01
4.100000000000000000e+01,2.963669204711914062e+01,2.963669204711914062e+01,2.318256759643554688e+01,2.347648811340332031e+01,2.041735839843750000e+01,2.041735839843750000e+01,1.632561683654785156e+01,1.661872482299804688e+01,1.433228111267089844e+01,1.433228111267089844e+01,1.035387897491455078e+01,1.029034709930419922e+01,4.387275576591491699e-01,4.387275576591491699e-01,4.874979257583618164e-01,4.869795739650726318e-01,0.000000000000000000e+00,0.000000000000000000e+00,0.000000000000000000e+00,0.000000000000000000e+00,1.478129959106445312e+01,1.478129959106445312e+01,1.109133720397949219e+01,1.104490280151367188e+01,2.343558502197265625e+01,2.343558502197265625e+01,1.848404693603515625e+01,1.852310180664062500e+01
4.200000000000000000e+01,2.959896278381347656e+01,2.959896278381347656e+01,2.339622116088867188e+01,2.346759033203125000e+01,2.097346687316894531e+01,2.097346687316894531e+01,1.674299049377441406e+01,1.701693725585937500e+01,1.451831912994384766e+01,1.451831912994384766e+01,1.044694328308105469e+01,1.039618110656738281e+01,2.568545341491699219e-01,2.568545341491699219e-01,3.127065598964691162e-01,3.120689094066619873e-01,0.000000000000000000e+00,0.000000000000000000e+00,0.000000000000000000e+00,0.000000000000000000e+00,1.480749416351318359e+01,1.480749416351318359e+01,1.110280609130859375e+01,1.105714607238769531e+01,2.340657043457031250e+01,2.340657043457031250e+01,1.850054740905761719e+01,1.841001129150390625e+01
4.300000000000000000e+01,2.961286926269531250e+01,2.961286926269531250e+01,2.340541839599609375e+01,2.350616836547851562e+01,2.146508407592773438e+01,2.146508407592773438e+01,1.719861412048339844e+01,1.741960334777832031e+01,1.460270309448242188e+01,1.460270309448242188e+01,1.057541942596435547e+01,1.051337909698486328e+01,1.206641867756843567e-01,1.206641867756843567e-01,1.630960702896118164e-01,1.627230495214462280e-01,0.000000000000000000e+00,0.000000000000000000e+00,0.000000000000000000e+00,0.000000000000000000e+00,1.482735824584960938e+01,1.482735824584960938e+01,1.107287025451660156e+01,1.102796554565429688e+01,2.311014938354492188e+01,2.311014938354492188e+01,1.856669998168945312e+01,1.852834701538085938e+01
4.400000000000000000e+01,2.971254730224609375e+01,2.971254730224609375e+01,2.337112808227539062e+01,2.356216049194335938e+01,2.222919845581054688e+01,2.222919845581054688e+01,1.773543930053710938e+01,1.788931083679199219e+01,1.458135223388671875e+01,1.458135223388671875e+01,1.064461708068847656e+01,1.058604526519775391e+01,3.200887516140937805e-02,3.200887516140937805e-02,4.363628849387168884e-02,4.363942891359329224e-02,0.000000000000000000e+00,0.000000000000000000e+00,0.000000000000000000e+00,0.000000000000000000e+00,1.477438640594482422e+01,1.477438640594482422e+01,1.098569297790527344e+01,1.096197700500488281e+01,2.301993942260742188e+01,2.301993942260742188e+01,1.872926712036132812e+01,1.853727912902832031e+01
4.500000000000000000e+01,2.946785163879394531e+01,2.946785163879394531e+01,2.342406463623046875e+01,2.359156036376953125e+01,2.278152465820312500e+01,2.278152465820312500e+01,1.470564079284667969e+01,1.839756393432617188e+01,1.462189006805419922e+01,1.462189006805419922e+01,1.069154071807861328e+01,1.062368202209472656e+01,0.000000000000000000e+00,0.000000000000000000e+00,0.000000000000000000e+00,0.000000000000000000e+00,0.000000000000000000e+00,0.000000000000000000e+00,0.000000000000000000e+00,0.000000000000000000e+00,1.461479282379150391e+01,1.461479282379150391e+01,1.095617485046386719e+01,1.089880275726318359e+01,2.263946342468261719e+01,2.263946342468261719e+01,1.441822528839111328e+01,1.853375434875488281e+01
4.600000000000000000e+01,2.958744812011718750e+01,2.958744812011718750e+01,2.341760063171386719e+01,2.359579849243164062e+01,2.324600601196289062e+01,2.324600601196289062e+01,1.824880027770996094e+01,1.838815498352050781e+01,1.480712127685546875e+01,1.480712127685546875e+01,1.072960472106933594e+01,1.067300891876220703e+01,0.000000000000000000e+00,0.000000000000000000e+00,0.000000000000000000e+00,0.000000000000000000e+00,3.885669261217117310e-02,3.885669261217117310e-02,4.619014263153076172e-02,4.626023769378662109e-02,1.468769454956054688e+01,1.468769454956054688e+01,1.083981990814208984e+01,1.075696563720703125e+01,2.214412498474121094e+01,2.214412498474121094e+01,1.807756996154785156e+01,1.806727790832519531e+01
4.700000000000000000e+01,2.961794281005859375e+01,2.961794281005859375e+01,2.346499252319335938e+01,2.360720443725585938e+01,2.327453231811523438e+01,2.327453231811523438e+01,1.819364356994628906e+01,1.831426811218261719e+01,1.485035896301269531e+01,1.485035896301269531e+01,1.078332233428955078e+01,1.072781181335449219e+01,0.000000000000000000e+00,0.000000000000000000e+00,0.000000000000000000e+00,0.000000000000000000e+00,1.423523426055908203e-01,1.423523426055908203e-01,1.723336428403854370e-01,1.723528653383255005e-01,1.463419723510742188e+01,1.463419723510742188e+01,1.059899139404296875e+01,1.069164466857910156e+01,2.137825012207031250e+01,2.137825012207031250e+01,1.750648689270019531e+01,1.762680816650390625e+01
4.800000000000000000e+01,2.961728286743164062e+01,2.961728286743164062e+01,2.356694030761718750e+01,2.357245063781738281e+01,2.354891967773437500e+01,2.354891967773437500e+01,1.813408660888671875e+01,1.830535316467285156e+01,1.484004402160644531e+01,1.484004402160644531e+01,1.079895687103271484e+01,1.075085830688476562e+01,0.000000000000000000e+00,0.000000000000000000e+00,0.000000000000000000e+00,0.000000000000000000e+00,3.006887435913085938e-01,3.006887435913085938e-01,3.652350902557373047e-01,3.652228713035583496e-01,1.452237796783447266e+01,1.452237796783447266e+01,1.068787574768066406e+01,1.061452007293701172e+01,2.090751266479492188e+01,2.090751266479492188e+01,1.708412551879882812e+01,1.723458671569824219e+01
4.900000000000000000e+01,2.967698860168457031e+01,2.967698860168457031e+01,2.337089538574218750e+01,2.364650726318359375e+01,2.348146820068359375e+01,2.348146820068359375e+01,1.821271896362304688e+01,1.837571334838867188e+01,1.482893943786621094e+01,1.482893943786621094e+01,1.085218334197998047e+01,1.077264022827148438e+01,0.000000000000000000e+00,0.000000000000000000e+00,0.000000000000000000e+00,0.000000000000000000e+00,5.105333328247070312e-01,5.105333328247070312e-01,5.881145000457763672e-01,5.879844427108764648e-01,1.442836380004882812e+01,1.442836380004882812e+01,1.060857677459716797e+01,1.049490737915039062e+01,2.034846115112304688e+01,2.034846115112304688e+01,1.661548995971679688e+01,1.697821044921875000e+01
5.000000000000000000e+01,2.957724952697753906e+01,2.957724952697753906e+01,2.359326934814453125e+01,2.361818122863769531e+01,2.370644950866699219e+01,2.370644950866699219e+01,1.826444244384765625e+01,1.837715530395507812e+01,1.487939071655273438e+01,1.487939071655273438e+01,1.087715244293212891e+01,1.082407093048095703e+01,0.000000000000000000e+00,0.000000000000000000e+00,0.000000000000000000e+00,0.000000000000000000e+00,7.635043859481811523e-01,7.635043859481811523e-01,8.075968623161315918e-01,8.095711469650268555e-01,1.439665412902832031e+01,1.439665412902832031e+01,1.053292846679687500e+01,1.044688034057617188e+01,2.014862823486328125e+01,2.014862823486328125e+01,1.628817939758300781e+01,1.672182083129882812e+01
5.100000000000000000e+01,2.959055519104003906e+01,2.959055519104003906e+01,2.363521003723144531e+01,2.366062545776367188e+01,2.366289329528808594e+01,2.366289329528808594e+01,1.828807067871093750e+01,1.843106842041015625e+01,1.477966880798339844e+01,1.477966880798339844e+01,1.081174182891845703e+01,1.090170478820800781e+01,0.000000000000000000e+00,0.000000000000000000e+00,0.000000000000000000e+00,0.000000000000000000e+00,1.053500771522521973e+00,1.053500771522521973e+00,1.006505966186523438e+00,1.008000254631042480e+00,1.422290706634521484e+01,1.422290706634521484e+01,1.037371349334716797e+01,1.033862113952636719e+01,1.974929046630859375e+01,1.974929046630859375e+01,1.612188339233398438e+01,1.653584671020507812e+01
5.200000000000000000e+01,2.956789970397949219e+01,2.956789970397949219e+01,2.356719970703125000e+01,2.368172645568847656e+01,2.387696456909179688e+01,2.387696456909179688e+01,1.836494064331054688e+01,1.845803642272949219e+01,1.468792247772216797e+01,1.468792247772216797e+01,1.078854656219482422e+01,1.071889591217041016e+01,0.000000000000000000e+00,0.000000000000000000e+00,0.000000000000000000e+00,0.000000000000000000e+00,1.367932796478271484e+00,1.367932796478271484e+00,1.210850596427917480e+00,1.207980036735534668e+00,1.407286453247070312e+01,1.407286453247070312e+01,1.020711421966552734e+01,1.014079475402832031e+01,1.978921127319335938e+01,1.978921127319335938e+01,1.589794349670410156e+01,1.637064170837402344e+01
5.300000000000000000e+01,2.954016685485839844e+01,2.954016685485839844e+01,2.351778030395507812e+01,2.364441108703613281e+01,2.387686347961425781e+01,2.387686347961425781e+01,1.836142730712890625e+01,1.849412918090820312e+01,1.450645256042480469e+01,1.450645256042480469e+01,1.065798282623291016e+01,1.062424659729003906e+01,0.000000000000000000e+00,0.000000000000000000e+00,0.000000000000000000e+00,0.000000000000000000e+00,1.714191436767578125e+00,1.714191436767578125e+00,1.419504165649414062e+00,1.422480702400207520e+00,1.383980083465576172e+01,1.383980083465576172e+01,1.001520442962646484e+01,9.951604843139648438e+00,1.966325569152832031e+01,1.966325569152832031e+01,1.586744785308837891e+01,1.627820777893066406e+01
5.400000000000000000e+01,2.956381034851074219e+01,2.956381034851074219e+01,2.357754707336425781e+01,2.371831893920898438e+01,2.397220230102539062e+01,2.397220230102539062e+01,1.837995529174804688e+01,1.851607513427734375e+01,1.446546363830566406e+01,1.446546363830566406e+01,1.068233394622802734e+01,1.064686679840087891e+01,0.000000000000000000e+00,0.000000000000000000e+00,0.000000000000000000e+00,0.000000000000000000e+00,2.079254388809204102e+00,2.079254388809204102e+00,1.628432512283325195e+00,1.630112648010253906e+00,1.375175857543945312e+01,1.375175857543945312e+01,9.936988830566406250e+00,9.866119384765625000e+00,1.974131202697753906e+01,1.974131202697753906e+01,1.581113910675048828e+01,1.619779205322265625e+01
5.500000000000000000e+01,2.951524543762207031e+01,2.951524543762207031e+01,2.348309707641601562e+01,2.363229370117187500e+01,2.404307365417480469e+01,2.404307365417480469e+01,1.844575881958007812e+01,1.853382492065429688e+01,1.431180477142333984e+01,1.431180477142333984e+01,1.059052276611328125e+01,1.056781864166259766e+01,0.000000000000000000e+00,0.000000000000000000e+00,0.000000000000000000e+00,0.000000000000000000e+00,2.462329149246215820e+00,2.462329149246215820e+00,1.841293811798095703e+00,1.846081733703613281e+00,1.350573730468750000e+01,1.350573730468750000e+01,9.747714042663574219e+00,9.720932006835937500e+00,1.977501296997070312e+01,1.977501296997070312e+01,1.579631042480468750e+01,1.610995101928710938e+01
5.600000000000000000e+01,2.948252868652343750e+01,2.948252868652343750e+01,2.334928512573242188e+01,2.360353469848632812e+01,2.386744880676269531e+01,2.386744880676269531e+01,1.839101600646972656e+01,1.849959182739257812e+01,1.419568634033203125e+01,1.419568634033203125e+01,1.053823852539062500e+01,1.050592231750488281e+01,0.000000000000000000e+00,0.000000000000000000e+00,0.000000000000000000e+00,0.000000000000000000e+00,2.857015609741210938e+00,2.857015609741210938e+00,2.050603866577148438e+00,2.051843166351318359e+00,1.335182762145996094e+01,1.335182762145996094e+01,9.626946449279785156e+00,9.582397460937500000e+00,1.986339187622070312e+01,1.986339187622070312e+01,1.575685119628906250e+01,1.610641670227050781e+01
5.700000000000000000e+01,2.944090843200683594e+01,2.944090843200683594e+01,2.346158218383789062e+01,2.358265686035156250e+01,2.390925598144531250e+01,2.390925598144531250e+01,1.829918479919433594e+01,1.842847442626953125e+01,1.402903175354003906e+01,1.402903175354003906e+01,1.044130134582519531e+01,1.045061588287353516e+01,0.000000000000000000e+00,0.000000000000000000e+00,0.000000000000000000e+00,0.000000000000000000e+00,3.250423192977905273e+00,3.250423192977905273e+00,2.253572463989257812e+00,2.253151655197143555e+00,1.315586948394775391e+01,1.315586948394775391e+01,9.451253890991210938e+00,9.455750465393066406e+00,1.997844314575195312e+01,1.997844314575195312e+01,1.644964408874511719e+01,1.603927803039550781e+01
5.800000000000000000e+01,2.947805976867675781e+01,2.947805976867675781e+01,2.346741867065429688e+01,2.356582069396972656e+01,2.388892745971679688e+01,2.388892745971679688e+01,1.835972976684570312e+01,1.836524581909179688e+01,1.384132957458496094e+01,1.384132957458496094e+01,1.031569099426269531e+01,1.030961894989013672e+01,0.000000000000000000e+00,0.000000000000000000e+00,0.000000000000000000e+00,0.000000000000000000e+00,3.651333808898925781e+00,3.651333808898925781e+00,2.460293769836425781e+00,2.455269575119018555e+00,1.292670822143554688e+01,1.292670822143554688e+01,9.284027099609375000e+00,9.312397003173828125e+00,1.984210586547851562e+01,1.984210586547851562e+01,1.602819061279296875e+01,1.610934066772460938e+01
5.900000000000000000e+01,2.944526863098144531e+01,2.944526863098144531e+01,2.341540145874023438e+01,2.349986267089843750e+01,2.386272239685058594e+01,2.386272239685058594e+01,1.830458831787109375e+01,1.838601112365722656e+01,1.362188339233398438e+01,1.362188339233398438e+01,1.019789886474609375e+01,1.021243476867675781e+01,0.000000000000000000e+00,0.000000000000000000e+00,0.000000000000000000e+00,0.000000000000000000e+00,3.972404956817626953e+00,3.972404956817626953e+00,2.624623060226440430e+00,2.624538660049438477e+00,1.271813201904296875e+01,1.271813201904296875e+01,9.208381652832031250e+00,9.156359672546386719e+00,1.989884948730468750e+01,1.989884948730468750e+01,1.611116027832031250e+01,1.616011810302734375e+01
6.000000000000000000e+01,2.945205116271972656e+01,2.945205116271972656e+01,2.316001319885253906e+01,2.341255187988281250e+01,2.407807922363281250e+01,2.407807922363281250e+01,1.832452774047851562e+01,1.838918685913085938e+01,1.388404083251953125e+01,1.388404083251953125e+01,1.033029365539550781e+01,1.060135841369628906e+01,0.000000000000000000e+00,0.000000000000000000e+00,0.000000000000000000e+00,0.000000000000000000e+00,4.116966724395751953e+00,4.116966724395751953e+00,2.756418704986572266e+00,2.760683774948120117e+00,1.298583984375000000e+01,1.298583984375000000e+01,1.002449607849121094e+01,9.571126937866210938e+00,1.998101043701171875e+01,1.998101043701171875e+01,1.617622566223144531e+01,1.624859809875488281e+01
6.100000000000000000e+01,2.934461021423339844e+01,2.934461021423339844e+01,2.320075988769531250e+01,2.333203125000000000e+01,2.414373970031738281e+01,2.414373970031738281e+01,1.870926094055175781e+01,1.833472633361816406e+01,1.315101146697998047e+01,1.315101146697998047e+01,9.906330108642578125e+00,9.907413482666015625e+00,0.000000000000000000e+00,0.000000000000000000e+00,0.000000000000000000e+00,0.000000000000000000e+00,4.248217582702636719e+00,4.248217582702636719e+00,2.872217416763305664e+00,2.883976936340332031e+00,1.218841266632080078e+01,1.218841266632080078e+01,8.763920783996582031e+00,8.841630935668945312e+00,1.998164367675781250e+01,1.998164367675781250e+01,1.638029670715332031e+01,1.641283416748046875e+01
6.200000000000000000e+01,2.939802932739257812e+01,2.939802932739257812e+01,2.313116455078125000e+01,2.331007957458496094e+01,2.409174728393554688e+01,2.409174728393554688e+01,1.829288291931152344e+01,1.838930702209472656e+01,1.287482357025146484e+01,1.287482357025146484e+01,9.736180305480957031e+00,9.740793228149414062e+00,0.000000000000000000e+00,0.000000000000000000e+00,0.000000000000000000e+00,0.000000000000000000e+00,4.335691452026367188e+00,4.335691452026367188e+00,2.968685626983642578e+00,2.979908704757690430e+00,1.194216728210449219e+01,1.194216728210449219e+01,8.567962646484375000e+00,8.636370658874511719e+00,2.016639518737792969e+01,2.016639518737792969e+01,1.647691535949707031e+01,1.646369743347167969e+01
6.300000000000000000e+01,2.934902763366699219e+01,2.934902763366699219e+01,2.308567428588867188e+01,2.326187515258789062e+01,2.408399581909179688e+01,2.408399581909179688e+01,1.830893898010253906e+01,1.835320663452148438e+01,1.254955863952636719e+01,1.254955863952636719e+01,9.506315231323242188e+00,9.533590316772460938e+00,0.000000000000000000e+00,0.000000000000000000e+00,0.000000000000000000e+00,0.000000000000000000e+00,4.442191123962402344e+00,4.442191123962402344e+00,3.148359298706054688e+00,3.082560539245605469e+00,1.159802532196044922e+01,1.159802532196044922e+01,8.227938652038574219e+00,8.418881416320800781e+00,2.014318084716796875e+01,2.014318084716796875e+01,1.639689826965332031e+01,1.640933609008789062e+01
6.400000000000000000e+01,2.936503028869628906e+01,2.936503028869628906e+01,2.298398590087890625e+01,2.321799087524414062e+01,2.428730583190917969e+01,2.428730583190917969e+01,1.822120475769042969e+01,1.824072074890136719e+01,1.209098243713378906e+01,1.209098243713378906e+01,9.321180343627929688e+00,9.350419044494628906e+00,0.000000000000000000e+00,0.000000000000000000e+00,0.000000000000000000e+00,0.000000000000000000e+00,4.510897636413574219e+00,4.510897636413574219e+00,3.145565986633300781e+00,3.159405708312988281e+00,1.138698863983154297e+01,1.138698863983154297e+01,8.173428535461425781e+00,8.235855102539062500e+00,2.022133064270019531e+01,2.022133064270019531e+01,1.646116256713867188e+01,1.642455863952636719e+01
6.500000000000000000e+01,2.937353134155273438e+01,2.937353134155273438e+01,2.296184158325195312e+01,2.321174621582031250e+01,2.440974044799804688e+01,2.440974044799804688e+01,1.827406120300292969e+01,1.818976593017578125e+01,1.167653083801269531e+01,1.167653083801269531e+01,9.139708518981933594e+00,9.165591239929199219e+00,0.000000000000000000e+00,0.000000000000000000e+00,0.000000000000000000e+00,0.000000000000000000e+00,4.561075687408447266e+00,4.561075687408447266e+00,3.206932783126831055e+00,3.221074819564819336e+00,1.112827777862548828e+01,1.112827777862548828e+01,8.067870140075683594e+00,8.089483261108398438e+00,2.032703399658203125e+01,2.032703399658203125e+01,1.649954605102539062e+01,1.637403678894042969e+01
6.600000000000000000e+01,2.930364036560058594e+01,2.930364036560058594e+01,2.310279846191406250e+01,2.318493270874023438e+01,2.435371971130371094e+01,2.435371971130371094e+01,1.808948707580566406e+01,1.814791679382324219e+01,1.112138366699218750e+01,1.112138366699218750e+01,8.826327323913574219e+00,8.840927124023437500e+00,0.000000000000000000e+00,0.000000000000000000e+00,0.000000000000000000e+00,0.000000000000000000e+00,4.567064285278320312e+00,4.567064285278320312e+00,3.254519939422607422e+00,3.265290975570678711e+00,1.073450469970703125e+01,1.073450469970703125e+01,7.763204097747802734e+00,7.781976222991943359e+00,2.043360137939453125e+01,2.043360137939453125e+01,1.644584655761718750e+01,1.643358612060546875e+01
6.700000000000000000e+01,2.930713081359863281e+01,2.930713081359863281e+01,2.312078475952148438e+01,2.311107635498046875e+01,2.454559707641601562e+01,2.454559707641601562e+01,1.809464836120605469e+01,1.816116142272949219e+01,1.065258312225341797e+01,1.065258312225341797e+01,8.561689376831054688e+00,8.580686569213867188e+00,0.000000000000000000e+00,0.000000000000000000e+00,0.000000000000000000e+00,0.000000000000000000e+00,4.612682819366455078e+00,4.612682819366455078e+00,3.313244104385375977e+00,3.318646430969238281e+00,1.040490722656250000e+01,1.040490722656250000e+01,7.527439117431640625e+00,7.559718132019042969e+00,2.053572273254394531e+01,2.053572273254394531e+01,1.642423629760742188e+01,1.642955017089843750e+01
6.800000000000000000e+01,2.930371284484863281e+01,2.930371284484863281e+01,2.316675949096679688e+01,2.312106513977050781e+01,2.440577888488769531e+01,2.440577888488769531e+01,1.803710746765136719e+01,1.810059928894042969e+01,1.013526058197021484e+01,1.013526058197021484e+01,8.310852050781250000e+00,8.318884849548339844e+00,0.000000000000000000e+00,0.000000000000000000e+00,0.000000000000000000e+00,0.000000000000000000e+00,4.581614494323730469e+00,4.581614494323730469e+00,3.319391250610351562e+00,3.334683418273925781e+00,1.011650657653808594e+01,1.011650657653808594e+01,7.310123443603515625e+00,7.345029354095458984e+00,2.066758537292480469e+01,2.066758537292480469e+01,1.641695404052734375e+01,1.639984893798828125e+01
6.900000000000000000e+01,2.939225769042968750e+01,2.939225769042968750e+01,2.310475158691406250e+01,2.312360763549804688e+01,2.419866943359375000e+01,2.419866943359375000e+01,1.790739822387695312e+01,1.791961669921875000e+01,9.607803344726562500e+00,9.607803344726562500e+00,8.008956909179687500e+00,8.031112670898437500e+00,0.000000000000000000e+00,0.000000000000000000e+00,0.000000000000000000e+00,0.000000000000000000e+00,4.550598144531250000e+00,4.550598144531250000e+00,3.336688041687011719e+00,3.333037853240966797e+00,9.768143653869628906e+00,9.768143653869628906e+00,7.083580017089843750e+00,7.072713375091552734e+00,2.083541297912597656e+01,2.083541297912597656e+01,1.646543312072753906e+01,1.643507766723632812e+01
7.000000000000000000e+01,2.931457901000976562e+01,2.931457901000976562e+01,2.325874900817871094e+01,2.311386489868164062e+01,2.441913414001464844e+01,2.441913414001464844e+01,1.768433761596679688e+01,1.784209442138671875e+01,9.129202842712402344e+00,9.129202842712402344e+00,7.740885257720947266e+00,7.741764068603515625e+00,0.000000000000000000e+00,0.000000000000000000e+00,0.000000000000000000e+00,0.000000000000000000e+00,4.510648250579833984e+00,4.510648250579833984e+00,3.319286584854125977e+00,3.318203926086425781e+00,9.405628204345703125e+00,9.405628204345703125e+00,6.832797527313232422e+00,6.807719707489013672e+00,2.098715209960937500e+01,2.098715209960937500e+01,1.647610855102539062e+01,1.644670104980468750e+01
7.100000000000000000e+01,2.929657363891601562e+01,2.929657363891601562e+01,2.284686279296875000e+01,2.307069969177246094e+01,2.440820312500000000e+01,2.440820312500000000e+01,1.778915977478027344e+01,1.778446769714355469e+01,8.586930274963378906e+00,8.586930274963378906e+00,7.475948333740234375e+00,7.494640350341796875e+00,0.000000000000000000e+00,0.000000000000000000e+00,0.000000000000000000e+00,0.000000000000000000e+00,4.447962760925292969e+00,4.447962760925292969e+00,3.300752162933349609e+00,3.298809528350830078e+00,9.007844924926757812e+00,9.007844924926757812e+00,6.626549720764160156e+00,6.611566543579101562e+00,2.115601730346679688e+01,2.115601730346679688e+01,1.648865127563476562e+01,1.648385810852050781e+01
7.200000000000000000e+01,2.927720451354980469e+01,2.927720451354980469e+01,2.329727554321289062e+01,2.308806610107421875e+01,2.414371490478515625e+01,2.414371490478515625e+01,1.761637306213378906e+01,1.761673164367675781e+01,8.053129196166992188e+00,8.053129196166992188e+00,7.067573547363281250e+00,7.078792572021484375e+00,0.000000000000000000e+00,0.000000000000000000e+00,0.000000000000000000e+00,0.000000000000000000e+00,4.343386173248291016e+00,4.343386173248291016e+00,3.249723434448242188e+00,3.240556716918945312e+00,8.539524078369140625e+00,8.539524078369140625e+00,6.247784614562988281e+00,6.220262527465820312e+00,2.133639526367187500e+01,2.133639526367187500e+01,1.642588043212890625e+01,1.647525978088378906e+01
7.300000000000000000e+01,2.931113433837890625e+01,2.931113433837890625e+01,2.332091331481933594e+01,2.309513092041015625e+01,2.419183731079101562e+01,2.419183731079101562e+01,1.753408622741699219e+01,1.751550674438476562e+01,7.628182411193847656e+00,7.628182411193847656e+00,6.817555427551269531e+00,6.819256782531738281e+00,0.000000000000000000e+00,0.000000000000000000e+00,0.000000000000000000e+00,0.000000000000000000e+00,4.244626045227050781e+00,4.244626045227050781e+00,3.201007127761840820e+00,3.199709892272949219e+00,8.178817749023437500e+00,8.178817749023437500e+00,6.013756752014160156e+00,5.999611854553222656e+00,2.137435531616210938e+01,2.137435531616210938e+01,1.651883316040039062e+01,1.647919464111328125e+01
7.400000000000000000e+01,2.936594009399414062e+01,2.936594009399414062e+01,2.325836181640625000e+01,2.313909530639648438e+01,2.413513565063476562e+01,2.413513565063476562e+01,1.744461631774902344e+01,1.737641906738281250e+01,6.984503269195556641e+00,6.984503269195556641e+00,6.393681049346923828e+00,6.396759510040283203e+00,0.000000000000000000e+00,0.000000000000000000e+00,0.000000000000000000e+00,0.000000000000000000e+00,4.137613296508789062e+00,4.137613296508789062e+00,3.134397506713867188e+00,3.130255699157714844e+00,7.810940742492675781e+00,7.810940742492675781e+00,5.737302780151367188e+00,5.718729496002197266e+00,2.137351608276367188e+01,2.137351608276367188e+01,1.651134490966796875e+01,1.647258758544921875e+01
7.500000000000000000e+01,2.928829956054687500e+01,2.928829956054687500e+01,2.331436157226562500e+01,2.320907211303710938e+01,2.409222030639648438e+01,2.409222030639648438e+01,1.712688255310058594e+01,1.731158828735351562e+01,6.504094123840332031e+00,6.504094123840332031e+00,5.832550525665283203e+00,5.836185455322265625e+00,0.000000000000000000e+00,0.000000000000000000e+00,0.000000000000000000e+00,0.000000000000000000e+00,4.005282402038574219e+00,4.005282402038574219e+00,3.050962209701538086e+00,3.036222457885742188e+00,7.375977516174316406e+00,7.375977516174316406e+00,5.431397438049316406e+00,5.441812515258789062e+00,2.139246749877929688e+01,2.139246749877929688e+01,1.641075897216796875e+01,1.645514488220214844e+01
7.600000000000000000e+01,2.942188072204589844e+01,2.942188072204589844e+01,2.335555839538574219e+01,2.328635406494140625e+01,2.379618453979492188e+01,2.379618453979492188e+01,1.722574806213378906e+01,1.716457557678222656e+01,6.023492813110351562e+00,6.023492813110351562e+00,5.287883758544921875e+00,5.299906730651855469e+00,0.000000000000000000e+00,0.000000000000000000e+00,0.000000000000000000e+00,0.000000000000000000e+00,3.825555086135864258e+00,3.825555086135864258e+00,2.941445350646972656e+00,2.926262855529785156e+00,6.919343471527099609e+00,6.919343471527099609e+00,5.194341659545898438e+00,5.166436195373535156e+00,2.137043190002441406e+01,2.137043190002441406e+01,1.658459663391113281e+01,1.645939445495605469e+01
7.700000000000000000e+01,2.932779502868652344e+01,2.932779502868652344e+01,2.342387771606445312e+01,2.337780761718750000e+01,2.363571166992187500e+01,2.363571166992187500e+01,1.702978324890136719e+01,1.693979644775390625e+01,5.499759674072265625e+00,5.499759674072265625e+00,4.748549461364746094e+00,4.758883953094482422e+00,0.000000000000000000e+00,0.000000000000000000e+00,0.000000000000000000e+00,0.000000000000000000e+00,3.660666942596435547e+00,3.660666942596435547e+00,2.820337295532226562e+00,2.807373523712158203e+00,6.476016044616699219e+00,6.476016044616699219e+00,4.907658576965332031e+00,4.884677886962890625e+00,2.137148666381835938e+01,2.137148666381835938e+01,1.654356765747070312e+01,1.641933059692382812e+01
7.800000000000000000e+01,2.936885261535644531e+01,2.936885261535644531e+01,2.350820732116699219e+01,2.354325103759765625e+01,2.359617996215820312e+01,2.359617996215820312e+01,1.691237449645996094e+01,1.682837104797363281e+01,4.974386215209960938e+00,4.974386215209960938e+00,4.221606254577636719e+00,4.227692604064941406e+00,0.000000000000000000e+00,0.000000000000000000e+00,0.000000000000000000e+00,0.000000000000000000e+00,3.468207359313964844e+00,3.468207359313964844e+00,2.680794477462768555e+00,2.669122695922851562e+00,6.042642116546630859e+00,6.042642116546630859e+00,4.775765419006347656e+00,4.564920902252197266e+00,2.137313270568847656e+01,2.137313270568847656e+01,1.652171516418457031e+01,1.640312194824218750e+01
7.900000000000000000e+01,2.917729759216308594e+01,2.917729759216308594e+01,2.369860839843750000e+01,2.373109054565429688e+01,2.344641494750976562e+01,2.344641494750976562e+01,1.681177139282226562e+01,1.670359611511230469e+01,4.361413955688476562e+00,4.361413955688476562e+00,3.713937997817993164e+00,3.711367607116699219e+00,0.000000000000000000e+00,0.000000000000000000e+00,0.000000000000000000e+00,0.000000000000000000e+00,3.266568899154663086e+00,3.266568899154663086e+00,2.508229255676269531e+00,2.500218152999877930e+00,5.568875312805175781e+00,5.568875312805175781e+00,4.239858627319335938e+00,4.253997802734375000e+00,2.134867286682128906e+01,2.134867286682128906e+01,1.653765678405761719e+01,1.634753990173339844e+01
8.000000000000000000e+01,2.931458282470703125e+01,2.931458282470703125e+01,2.380249023437500000e+01,2.391188430786132812e+01,2.318811225891113281e+01,2.318811225891113281e+01,1.562101364135742188e+01,1.662678909301757812e+01,3.668240070343017578e+00,3.668240070343017578e+00,3.212087631225585938e+00,3.209840059280395508e+00,0.000000000000000000e+00,0.000000000000000000e+00,0.000000000000000000e+00,0.000000000000000000e+00,3.035881519317626953e+00,3.035881519317626953e+00,2.327960968017578125e+00,2.321160554885864258e+00,5.130048274993896484e+00,5.130048274993896484e+00,3.924681663513183594e+00,3.917293071746826172e+00,2.133917617797851562e+01,2.133917617797851562e+01,1.653934860229492188e+01,1.633184814453125000e+01
8.100000000000000000e+01,2.933328247070312500e+01,2.933328247070312500e+01,2.407623672485351562e+01,2.409035873413085938e+01,2.306626510620117188e+01,2.306626510620117188e+01,1.653809928894042969e+01,1.644955062866210938e+01,3.041226387023925781e+00,3.041226387023925781e+00,2.764397144317626953e+00,2.761053323745727539e+00,0.000000000000000000e+00,0.000000000000000000e+00,0.000000000000000000e+00,0.000000000000000000e+00,2.791592359542846680e+00,2.791592359542846680e+00,2.126007556915283203e+00,2.126818418502807617e+00,4.667847156524658203e+00,4.667847156524658203e+00,3.581070899963378906e+00,3.575480222702026367e+00,2.131236457824707031e+01,2.131236457824707031e+01,1.655488777160644531e+01,1.628392601013183594e+01
8.200000000000000000e+01,2.927178001403808594e+01,2.927178001403808594e+01,2.420189285278320312e+01,2.432595443725585938e+01,2.295112609863281250e+01,2.295112609863281250e+01,1.639796447753906250e+01,1.635529136657714844e+01,2.450527191162109375e+00,2.450527191162109375e+00,2.281721591949462891e+00,2.278593540191650391e+00,0.000000000000000000e+00,0.000000000000000000e+00,0.000000000000000000e+00,0.000000000000000000e+00,2.542114734649658203e+00,2.542114734649658203e+00,1.960073113441467285e+00,1.955640196800231934e+00,4.174479961395263672e+00,4.174479961395263672e+00,3.235940456390380859e+00,3.221638679504394531e+00,2.129286956787109375e+01,2.129286956787109375e+01,1.651588821411132812e+01,1.626557159423828125e+01
8.300000000000000000e+01,2.959284782409667969e+01,2.959284782409667969e+01,2.448919677734375000e+01,2.452393150329589844e+01,2.263808822631835938e+01,2.263808822631835938e+01,1.628575325012207031e+01,1.622134971618652344e+01,1.918421983718872070e+00,1.918421983718872070e+00,1.834068894386291504e+00,1.835353612899780273e+00,0.000000000000000000e+00,0.000000000000000000e+00,0.000000000000000000e+00,0.000000000000000000e+00,2.271694660186767578e+00,2.271694660186767578e+00,1.725614309310913086e+00,1.727414965629577637e+00,3.708257436752319336e+00,3.708257436752319336e+00,2.869877815246582031e+00,2.860487461090087891e+00,2.128426170349121094e+01,2.128426170349121094e+01,1.647791671752929688e+01,1.624375534057617188e+01
8.400000000000000000e+01,2.963529205322265625e+01,2.963529205322265625e+01,2.473022842407226562e+01,2.482820892333984375e+01,2.228670120239257812e+01,2.228670120239257812e+01,1.613595771789550781e+01,1.603566360473632812e+01,1.442306399345397949e+00,1.442306399345397949e+00,1.434551000595092773e+00,1.432245969772338867e+00,0.000000000000000000e+00,0.000000000000000000e+00,0.000000000000000000e+00,0.000000000000000000e+00,1.984399318695068359e+00,1.984399318695068359e+00,1.496395349502563477e+00,1.493417024612426758e+00,3.190324306488037109e+00,3.190324306488037109e+00,2.508343219757080078e+00,2.496059417724609375e+00,2.124537849426269531e+01,2.124537849426269531e+01,1.646473312377929688e+01,1.622393798828125000e+01
8.500000000000000000e+01,3.004658126831054688e+01,3.004658126831054688e+01,2.495712661743164062e+01,2.506731033325195312e+01,2.217947959899902344e+01,2.217947959899902344e+01,1.591683387756347656e+01,1.583562850952148438e+01,1.023534059524536133e+00,1.023534059524536133e+00,1.044214844703674316e+00,1.064712882041931152e+00,0.000000000000000000e+00,0.000000000000000000e+00,0.000000000000000000e+00,0.000000000000000000e+00,1.680157184600830078e+00,1.680157184600830078e+00,1.264160990715026855e+00,1.261842489242553711e+00,2.700092315673828125e+00,2.700092315673828125e+00,2.110607862472534180e+00,2.106151580810546875e+00,2.118564796447753906e+01,2.118564796447753906e+01,1.643863868713378906e+01,1.619469070434570312e+01
8.600000000000000000e+01,3.020949554443359375e+01,3.020949554443359375e+01,2.517378425598144531e+01,2.536943054199218750e+01,2.179280090332031250e+01,2.179280090332031250e+01,1.574322223663330078e+01,1.564688491821289062e+01,6.671217083930969238e-01,6.671217083930969238e-01,7.412846684455871582e-01,7.404232621192932129e-01,0.000000000000000000e+00,0.000000000000000000e+00,0.000000000000000000e+00,0.000000000000000000e+00,1.366209864616394043e+00,1.366209864616394043e+00,1.025185823440551758e+00,1.020877599716186523e+00,2.166164159774780273e+00,2.166164159774780273e+00,1.708445787429809570e+00,1.712034106254577637e+00,2.115044021606445312e+01,2.115044021606445312e+01,1.638814544677734375e+01,1.610253524780273438e+01
8.700000000000000000e+01,3.082905197143554688e+01,3.082905197143554688e+01,2.540426445007324219e+01,2.580007553100585938e+01,2.166755104064941406e+01,2.166755104064941406e+01,1.559131431579589844e+01,1.551405334472656250e+01,3.833231925964355469e-01,3.833231925964355469e-01,4.666888117790222168e-01,4.657410383224487305e-01,0.000000000000000000e+00,0.000000000000000000e+00,0.000000000000000000e+00,0.000000000000000000e+00,1.042817592620849609e+00,1.042817592620849609e+00,7.819525003433227539e-01,7.787244915962219238e-01,1.648427844047546387e+00,1.648427844047546387e+00,1.302900791168212891e+00,1.296524763107299805e+00,2.107450485229492188e+01,2.107450485229492188e+01,1.628651237487792969e+01,1.607216644287109375e+01
8.800000000000000000e+01,3.123879051208496094e+01,3.123879051208496094e+01,2.584649848937988281e+01,2.625290679931640625e+01,2.139808654785156250e+01,2.139808654785156250e+01,1.549681663513183594e+01,1.540710735321044922e+01,1.768195480108261108e-01,1.768195480108261108e-01,2.389987260103225708e-01,2.384521216154098511e-01,0.000000000000000000e+00,0.000000000000000000e+00,0.000000000000000000e+00,0.000000000000000000e+00,7.075382471084594727e-01,7.075382471084594727e-01,5.283951759338378906e-01,5.262257456779479980e-01,1.102767109870910645e+00,1.102767109870910645e+00,8.859971165657043457e-01,8.841552138328552246e-01,2.102759552001953125e+01,2.102759552001953125e+01,1.623514556884765625e+01,1.606284332275390625e+01
8.900000000000000000e+01,3.193941497802734375e+01,3.193941497802734375e+01,2.634844398498535156e+01,2.672827148437500000e+01,2.098776245117187500e+01,2.098776245117187500e+01,1.532069206237792969e+01,1.523738098144531250e+01,4.607263952493667603e-02,4.607263952493667603e-02,6.280838698148727417e-02,6.281332671642303467e-02,0.000000000000000000e+00,0.000000000000000000e+00,0.000000000000000000e+00,0.000000000000000000e+00,3.584567010402679443e-01,3.584567010402679443e-01,2.665405869483947754e-01,2.659379541873931885e-01,5.585156679153442383e-01,5.585156679153442383e-01,4.544094502925872803e-01,4.497089087963104248e-01,2.099421119689941406e+01,2.099421119689941406e+01,1.620093536376953125e+01,1.606274414062500000e+01
9.000000000000000000e+01,3.221872711181640625e+01,3.221872711181640625e+01,2.176321220397949219e+01,2.701621246337890625e+01,2.067847251892089844e+01,2.067847251892089844e+01,1.512011623382568359e+01,1.502420139312744141e+01,1.226231006512534805e-06,1.226231006512534805e-06,9.640136795496800914e-07,9.940820291376439855e-07,7.827613899280549958e-07,7.827613899280549958e-07,5.682736627932172269e-07,6.068074185350269545e-07,0.000000000000000000e+00,0.000000000000000000e+00,0.000000000000000000e+00,0.000000000000000000e+00,1.384072056964669173e-08,1.384072056964669173e-08,1.556468731678251061e-08,1.552635175983141380e-08,2.081474304199218750e+01,2.081474304199218750e+01,1.612389373779296875e+01,1.599521064758300781e+01
9.100000000000000000e+01,3.231252670288085938e+01,3.231252670288085938e+01,2.638731193542480469e+01,2.668030929565429688e+01,2.088999938964843750e+01,2.088999938964843750e+01,1.514432525634765625e+01,1.505627250671386719e+01,4.898251891136169434e-01,4.898251891136169434e-01,3.779971897602081299e-01,3.880340754985809326e-01,3.094980716705322266e-01,3.094980716705322266e-01,2.243334054946899414e-01,2.397785335779190063e-01,0.000000000000000000e+00,0.000000000000000000e+00,0.000000000000000000e+00,0.000000000000000000e+00,4.617948457598686218e-02,4.617948457598686218e-02,6.638325005769729614e-02,6.618644297122955322e-02,2.119372177124023438e+01,2.119372177124023438e+01,1.633140182495117188e+01,1.625655746459960938e+01
9.200000000000000000e+01,3.181665802001953125e+01,3.181665802001953125e+01,2.582702255249023438e+01,2.611648559570312500e+01,2.091915321350097656e+01,2.091915321350097656e+01,1.519813346862792969e+01,1.510644531250000000e+01,9.637246131896972656e-01,9.637246131896972656e-01,7.392449975013732910e-01,7.601073980331420898e-01,6.114760637283325195e-01,6.114760637283325195e-01,4.435074627399444580e-01,4.733021557331085205e-01,0.000000000000000000e+00,0.000000000000000000e+00,0.000000000000000000e+00,0.000000000000000000e+00,1.767719835042953491e-01,1.767719835042953491e-01,2.535357475280761719e-01,2.519768178462982178e-01,2.152845382690429688e+01,2.152845382690429688e+01,1.644320106506347656e+01,1.650585174560546875e+01
9.300000000000000000e+01,3.168684196472167969e+01,3.168684196472167969e+01,2.528287506103515625e+01,2.553682327270507812e+01,2.089540481567382812e+01,2.089540481567382812e+01,1.521095752716064453e+01,1.512289333343505859e+01,1.442138195037841797e+00,1.442138195037841797e+00,1.092691540718078613e+00,1.124982237815856934e+00,9.015411138534545898e-01,9.015411138534545898e-01,6.576910018920898438e-01,6.998613476753234863e-01,0.000000000000000000e+00,0.000000000000000000e+00,0.000000000000000000e+00,0.000000000000000000e+00,3.837164938449859619e-01,3.837164938449859619e-01,5.496125817298889160e-01,5.449530482292175293e-01,2.182512664794921875e+01,2.182512664794921875e+01,1.671986389160156250e+01,1.671625900268554688e+01
9.400000000000000000e+01,3.113095283508300781e+01,3.113095283508300781e+01,2.473872947692871094e+01,2.495465469360351562e+01,2.089186477661132812e+01,2.089186477661132812e+01,1.528587150573730469e+01,1.515006637573242188e+01,1.892214059829711914e+00,1.892214059829711914e+00,1.433466076850891113e+00,1.471062541007995605e+00,1.185403585433959961e+00,1.185403585433959961e+00,8.627979755401611328e-01,9.222361445426940918e-01,0.000000000000000000e+00,0.000000000000000000e+00,0.000000000000000000e+00,0.000000000000000000e+00,6.674491763114929199e-01,6.674491763114929199e-01,8.657944798469543457e-01,8.561972975730895996e-01,2.217214775085449219e+01,2.217214775085449219e+01,1.691239356994628906e+01,1.696454048156738281e+01
9.500000000000000000e+01,3.098889732360839844e+01,3.098889732360839844e+01,2.422745704650878906e+01,2.452638244628906250e+01,2.098860740661621094e+01,2.098860740661621094e+01,1.533716011047363281e+01,1.522516345977783203e+01,2.354701519012451172e+00,2.354701519012451172e+00,1.760897397994995117e+00,1.819737911224365234e+00,1.451859116554260254e+00,1.451859116554260254e+00,1.064817190170288086e+00,1.136510610580444336e+00,0.000000000000000000e+00,0.000000000000000000e+00,0.000000000000000000e+00,0.000000000000000000e+00,1.021434545516967773e+00,1.021434545516967773e+00,1.214416742324829102e+00,1.202923417091369629e+00,2.229524230957031250e+01,2.229524230957031250e+01,1.710889816284179688e+01,1.713945770263671875e+01
9.600000000000000000e+01,3.053433418273925781e+01,3.053433418273925781e+01,2.394277000427246094e+01,2.426608657836914062e+01,2.090830039978027344e+01,2.090830039978027344e+01,1.528451156616210938e+01,1.533985233306884766e+01,2.780269145965576172e+00,2.780269145965576172e+00,2.077998638153076172e+00,2.152612447738647461e+00,1.712638854980468750e+00,1.712638854980468750e+00,1.254995346069335938e+00,1.345417022705078125e+00,0.000000000000000000e+00,0.000000000000000000e+00,0.000000000000000000e+00,0.000000000000000000e+00,1.436996221542358398e+00,1.436996221542358398e+00,1.602650523185729980e+00,1.580919384956359863e+00,2.257146835327148438e+01,2.257146835327148438e+01,1.724445533752441406e+01,1.739463043212890625e+01
9.700000000000000000e+01,3.043614006042480469e+01,3.043614006042480469e+01,2.369568061828613281e+01,2.401028060913085938e+01,2.087162590026855469e+01,2.087162590026855469e+01,1.529289817810058594e+01,1.513745117187500000e+01,3.227669239044189453e+00,3.227669239044189453e+00,2.390623092651367188e+00,2.479004621505737305e+00,1.960337758064270020e+00,1.960337758064270020e+00,1.434994101524353027e+00,1.542729139328002930e+00,0.000000000000000000e+00,0.000000000000000000e+00,0.000000000000000000e+00,0.000000000000000000e+00,1.913004279136657715e+00,1.913004279136657715e+00,2.039035558700561523e+00,2.002768278121948242e+00,2.280783462524414062e+01,2.280783462524414062e+01,1.741997528076171875e+01,1.759609794616699219e+01
9.800000000000000000e+01,3.009805870056152344e+01,3.009805870056152344e+01,2.352353286743164062e+01,2.391644477844238281e+01,2.074674606323242188e+01,2.074674606323242188e+01,1.518274593353271484e+01,1.506190109252929688e+01,3.631461381912231445e+00,3.631461381912231445e+00,2.677182674407958984e+00,2.772798299789428711e+00,2.194122791290283203e+00,2.194122791290283203e+00,1.609156966209411621e+00,1.731701374053955078e+00,0.000000000000000000e+00,0.000000000000000000e+00,0.000000000000000000e+00,0.000000000000000000e+00,2.443534135818481445e+00,2.443534135818481445e+00,2.511316776275634766e+00,2.466919422149658203e+00,2.301529502868652344e+01,2.301529502868652344e+01,1.759183502197265625e+01,1.777595138549804688e+01
9.900000000000000000e+01,2.989888000488281250e+01,2.989888000488281250e+01,2.333088111877441406e+01,2.366857528686523438e+01,2.081480026245117188e+01,2.081480026245117188e+01,1.528088188171386719e+01,1.514926528930664062e+01,4.047810554504394531e+00,4.047810554504394531e+00,2.955458641052246094e+00,3.070825576782226562e+00,2.418254852294921875e+00,2.418254852294921875e+00,1.766590237617492676e+00,1.912742972373962402e+00,0.000000000000000000e+00,0.000000000000000000e+00,0.000000000000000000e+00,0.000000000000000000e+00,3.038324117660522461e+00,3.038324117660522461e+00,3.004366874694824219e+00,2.949840784072875977e+00,2.326883125305175781e+01,2.326883125305175781e+01,1.775886154174804688e+01,1.797459030151367188e+01
1.000000000000000000e+02,2.968048858642578125e+01,2.968048858642578125e+01,2.312172508239746094e+01,2.350644493103027344e+01,2.075505447387695312e+01,2.075505447387695312e+01,1.523929786682128906e+01,1.513235664367675781e+01,4.438234329223632812e+00,4.438234329223632812e+00,3.232738018035888672e+00,3.370568037033081055e+00,2.625811100006103516e+00,2.625811100006103516e+00,1.920495390892028809e+00,2.082998752593994141e+00,0.000000000000000000e+00,0.000000000000000000e+00,0.000000000000000000e+00,0.000000000000000000e+00,3.663007736206054688e+00,3.663007736206054688e+00,3.460543155670166016e+00,3.394393205642700195e+00,2.343058776855468750e+01,2.343058776855468750e+01,1.789361763000488281e+01,1.812826919555664062e+01
1.010000000000000000e+02,2.920046615600585938e+01,2.920046615600585938e+01,2.303057670593261719e+01,2.333715057373046875e+01,2.076534652709960938e+01,2.076534652709960938e+01,1.526562118530273438e+01,1.513840675354003906e+01,4.807219028472900391e+00,4.807219028472900391e+00,3.506209611892700195e+00,3.659946680068969727e+00,2.816524028778076172e+00,2.816524028778076172e+00,2.061685085296630859e+00,2.241347551345825195e+00,0.000000000000000000e+00,0.000000000000000000e+00,0.000000000000000000e+00,0.000000000000000000e+00,4.341373920440673828e+00,4.341373920440673828e+00,3.955074310302734375e+00,3.888966321945190430e+00,2.359668159484863281e+01,2.359668159484863281e+01,1.796457099914550781e+01,1.825346374511718750e+01
1.020000000000000000e+02,2.900238800048828125e+01,2.900238800048828125e+01,2.288208389282226562e+01,2.327496147155761719e+01,2.072220611572265625e+01,2.072220611572265625e+01,1.525544738769531250e+01,1.516951084136962891e+01,5.202015399932861328e+00,5.202015399932861328e+00,3.745923995971679688e+00,3.918856143951416016e+00,3.000123500823974609e+00,3.000123500823974609e+00,2.186370849609375000e+00,2.387235164642333984e+00,0.000000000000000000e+00,0.000000000000000000e+00,0.000000000000000000e+00,0.000000000000000000e+00,4.956922054290771484e+00,4.956922054290771484e+00,4.455049037933349609e+00,4.374531745910644531e+00,2.374728393554687500e+01,2.374728393554687500e+01,1.812819862365722656e+01,1.844593429565429688e+01
1.030000000000000000e+02,2.875565910339355469e+01,2.875565910339355469e+01,2.280793190002441406e+01,2.308579063415527344e+01,2.067409515380859375e+01,2.067409515380859375e+01,1.522786045074462891e+01,1.509063529968261719e+01,5.580842494964599609e+00,5.580842494964599609e+00,3.986491680145263672e+00,4.189867019653320312e+00,3.169871330261230469e+00,3.169871330261230469e+00,2.307678222656250000e+00,2.526163578033447266e+00,0.000000000000000000e+00,0.000000000000000000e+00,0.000000000000000000e+00,0.000000000000000000e+00,5.466492176055908203e+00,5.466492176055908203e+00,4.996824741363525391e+00,4.895230770111083984e+00,2.395524978637695312e+01,2.395524978637695312e+01,1.821529579162597656e+01,1.853927612304687500e+01
1.040000000000000000e+02,2.852482986450195312e+01,2.852482986450195312e+01,2.252884483337402344e+01,2.297220802307128906e+01,2.062630081176757812e+01,2.062630081176757812e+01,1.521911239624023438e+01,1.512821006774902344e+01,5.956225395202636719e+00,5.956225395202636719e+00,4.217542171478271484e+00,4.444076538085937500e+00,3.319687604904174805e+00,3.319687604904174805e+00,2.415359258651733398e+00,2.647665977478027344e+00,0.000000000000000000e+00,0.000000000000000000e+00,0.000000000000000000e+00,0.000000000000000000e+00,5.969219207763671875e+00,5.969219207763671875e+00,5.520686149597167969e+00,5.417933940887451172e+00,2.409513473510742188e+01,2.409513473510742188e+01,1.833413314819335938e+01,1.863711929321289062e+01
1.050000000000000000e+02,2.858466148376464844e+01,2.858466148376464844e+01,2.237714004516601562e+01,2.279166412353515625e+01,2.113171768188476562e+01,2.113171768188476562e+01,1.550051021575927734e+01,1.568432140350341797e+01,6.340276718139648438e+00,6.340276718139648438e+00,4.446882247924804688e+00,4.670622825622558594e+00,3.455238580703735352e+00,3.455238580703735352e+00,2.510676145553588867e+00,2.763441324234008789e+00,0.000000000000000000e+00,0.000000000000000000e+00,0.000000000000000000e+00,0.000000000000000000e+00,6.477431297302246094e+00,6.477431297302246094e+00,6.053939819335937500e+00,5.939352035522460938e+00,2.424744033813476562e+01,2.424744033813476562e+01,1.820948028564453125e+01,1.873089981079101562e+01
1.060000000000000000e+02,2.849798965454101562e+01,2.849798965454101562e+01,2.238246726989746094e+01,2.275345230102539062e+01,2.049514007568359375e+01,2.049514007568359375e+01,1.517486953735351562e+01,1.504545211791992188e+01,6.698796749114990234e+00,6.698796749114990234e+00,4.648389816284179688e+00,4.909052371978759766e+00,3.576241016387939453e+00,3.576241016387939453e+00,2.594164848327636719e+00,2.860843658447265625e+00,0.000000000000000000e+00,0.000000000000000000e+00,0.000000000000000000e+00,0.000000000000000000e+00,6.933864116668701172e+00,6.933864116668701172e+00,6.596069812774658203e+00,6.471238136291503906e+00,2.426884078979492188e+01,2.426884078979492188e+01,1.844532775878906250e+01,1.886332702636718750e+01
1.070000000000000000e+02,2.829406166076660156e+01,2.829406166076660156e+01,2.224375534057617188e+01,2.262605667114257812e+01,2.045414161682128906e+01,2.045414161682128906e+01,1.515272808074951172e+01,1.503331375122070312e+01,7.021338462829589844e+00,7.021338462829589844e+00,4.876117706298828125e+00,5.161919593811035156e+00,3.676826238632202148e+00,3.676826238632202148e+00,2.668496131896972656e+00,2.927515506744384766e+00,0.000000000000000000e+00,0.000000000000000000e+00,0.000000000000000000e+00,0.000000000000000000e+00,7.603320121765136719e+00,7.603320121765136719e+00,7.019148826599121094e+00,6.900568008422851562e+00,2.445171165466308594e+01,2.445171165466308594e+01,1.855997848510742188e+01,1.896001625061035156e+01
1.080000000000000000e+02,2.816573905944824219e+01,2.816573905944824219e+01,2.228835296630859375e+01,2.261639785766601562e+01,2.028420257568359375e+01,2.028420257568359375e+01,1.507626914978027344e+01,1.497124958038330078e+01,7.344534873962402344e+00,7.344534873962402344e+00,5.110383033752441406e+00,5.404822826385498047e+00,3.759690284729003906e+00,3.759690284729003906e+00,2.724412679672241211e+00,2.971416473388671875e+00,0.000000000000000000e+00,0.000000000000000000e+00,0.000000000000000000e+00,0.000000000000000000e+00,8.077929496765136719e+00,8.077929496765136719e+00,7.349287033081054688e+00,7.209751605987548828e+00,2.449748611450195312e+01,2.449748611450195312e+01,1.854984664916992188e+01,1.901625823974609375e+01
1.090000000000000000e+02,2.827129745483398438e+01,2.827129745483398438e+01,2.181982803344726562e+01,2.249640464782714844e+01,2.012287139892578125e+01,2.012287139892578125e+01,1.507444572448730469e+01,1.493703556060791016e+01,7.688417434692382812e+00,7.688417434692382812e+00,5.332822322845458984e+00,5.650733470916748047e+00,3.822498321533203125e+00,3.822498321533203125e+00,2.776532649993896484e+00,3.008944749832153320e+00,0.000000000000000000e+00,0.000000000000000000e+00,0.000000000000000000e+00,0.000000000000000000e+00,8.578656196594238281e+00,8.578656196594238281e+00,7.694541931152343750e+00,7.530796051025390625e+00,2.459580421447753906e+01,2.459580421447753906e+01,1.873432540893554688e+01,1.904655075073242188e+01
1.100000000000000000e+02,2.832094955444335938e+01,2.832094955444335938e+01,2.207621002197265625e+01,2.237126159667968750e+01,1.995216560363769531e+01,1.995216560363769531e+01,1.509528160095214844e+01,1.497912502288818359e+01,8.021255493164062500e+00,8.021255493164062500e+00,5.547620773315429688e+00,5.916672229766845703e+00,3.875870227813720703e+00,3.875870227813720703e+00,2.811427354812622070e+00,3.022912740707397461e+00,0.000000000000000000e+00,0.000000000000000000e+00,0.000000000000000000e+00,0.000000000000000000e+00,9.059679031372070312e+00,9.059679031372070312e+00,8.015327453613281250e+00,7.840867042541503906e+00,2.468045425415039062e+01,2.468045425415039062e+01,1.885211753845214844e+01,1.907819747924804688e+01
1.110000000000000000e+02,2.818001174926757812e+01,2.818001174926757812e+01,2.169711112976074219e+01,2.237656021118164062e+01,1.965435218811035156e+01,1.965435218811035156e+01,1.496747970581054688e+01,1.485211849212646484e+01,8.307802200317382812e+00,8.307802200317382812e+00,5.765810012817382812e+00,6.140362262725830078e+00,3.909599781036376953e+00,3.909599781036376953e+00,2.839526891708374023e+00,3.028374433517456055e+00,0.000000000000000000e+00,0.000000000000000000e+00,0.000000000000000000e+00,0.000000000000000000e+00,9.612209320068359375e+00,9.612209320068359375e+00,8.338322639465332031e+00,8.163672447204589844e+00,2.465883636474609375e+01,2.465883636474609375e+01,1.882357788085937500e+01,1.910364151000976562e+01
1.120000000000000000e+02,2.832460784912109375e+01,2.832460784912109375e+01,2.194045066833496094e+01,2.233274269104003906e+01,1.947614288330078125e+01,1.947614288330078125e+01,1.494423103332519531e+01,1.479635715484619141e+01,8.604592323303222656e+00,8.604592323303222656e+00,5.951301097869873047e+00,6.370661735534667969e+00,3.931942462921142578e+00,3.931942462921142578e+00,2.850857734680175781e+00,3.021018266677856445e+00,0.000000000000000000e+00,0.000000000000000000e+00,0.000000000000000000e+00,0.000000000000000000e+00,1.008382606506347656e+01,1.008382606506347656e+01,8.623250961303710938e+00,8.436625480651855469e+00,2.470855903625488281e+01,2.470855903625488281e+01,1.890623474121093750e+01,1.913528823852539062e+01
1.130000000000000000e+02,2.813545989990234375e+01,2.813545989990234375e+01,2.177314949035644531e+01,2.211148643493652344e+01,1.931113433837890625e+01,1.931113433837890625e+01,1.494445514678955078e+01,1.474924659729003906e+01,8.885223388671875000e+00,8.885223388671875000e+00,6.139479160308837891e+00,6.590767860412597656e+00,3.931948661804199219e+00,3.931948661804199219e+00,2.851229429244995117e+00,3.000514030456542969e+00,0.000000000000000000e+00,0.000000000000000000e+00,0.000000000000000000e+00,0.000000000000000000e+00,1.058214282989501953e+01,1.058214282989501953e+01,8.895774841308593750e+00,8.704206466674804688e+00,2.472080993652343750e+01,2.472080993652343750e+01,1.897298812866210938e+01,1.916526794433593750e+01
1.140000000000000000e+02,2.790804100036621094e+01,2.790804100036621094e+01,2.175815391540527344e+01,2.201139450073242188e+01,1.913174438476562500e+01,1.913174438476562500e+01,1.488644599914550781e+01,1.474120712280273438e+01,9.153671264648437500e+00,9.153671264648437500e+00,6.332064628601074219e+00,6.810481071472167969e+00,3.919414520263671875e+00,3.919414520263671875e+00,2.837886333465576172e+00,2.969541549682617188e+00,0.000000000000000000e+00,0.000000000000000000e+00,0.000000000000000000e+00,0.000000000000000000e+00,1.111010456085205078e+01,1.111010456085205078e+01,9.185073852539062500e+00,8.990545272827148438e+00,2.481183624267578125e+01,2.481183624267578125e+01,1.897550964355468750e+01,1.916210556030273438e+01
1.150000000000000000e+02,2.810794067382812500e+01,2.810794067382812500e+01,2.173484992980957031e+01,2.201863670349121094e+01,1.900783729553222656e+01,1.900783729553222656e+01,1.489273452758789062e+01,1.474374771118164062e+01,9.428312301635742188e+00,9.428312301635742188e+00,6.525025367736816406e+00,6.998639583587646484e+00,3.890430450439453125e+00,3.890430450439453125e+00,2.812939405441284180e+00,2.911170959472656250e+00,0.000000000000000000e+00,0.000000000000000000e+00,0.000000000000000000e+00,0.000000000000000000e+00,1.157908344268798828e+01,1.157908344268798828e+01,9.441080093383789062e+00,9.250180244445800781e+00,2.471595764160156250e+01,2.471595764160156250e+01,1.899425888061523438e+01,1.921655273437500000e+01
1.160000000000000000e+02,2.810196304321289062e+01,2.810196304321289062e+01,2.164311981201171875e+01,2.193527412414550781e+01,1.878532791137695312e+01,1.878532791137695312e+01,1.491199874877929688e+01,1.478367042541503906e+01,9.687557220458984375e+00,9.687557220458984375e+00,6.682880401611328125e+00,7.179444313049316406e+00,3.834678173065185547e+00,3.834678173065185547e+00,2.774434804916381836e+00,2.860095977783203125e+00,0.000000000000000000e+00,0.000000000000000000e+00,0.000000000000000000e+00,0.000000000000000000e+00,1.204662132263183594e+01,1.204662132263183594e+01,9.703250885009765625e+00,9.499978065490722656e+00,2.466648483276367188e+01,2.466648483276367188e+01,1.898903656005859375e+01,1.914971160888671875e+01
1.170000000000000000e+02,2.786439323425292969e+01,2.786439323425292969e+01,2.161505126953125000e+01,2.176802825927734375e+01,1.864110755920410156e+01,1.864110755920410156e+01,1.481268501281738281e+01,1.470404434204101562e+01,9.898591041564941406e+00,9.898591041564941406e+00,6.836545944213867188e+00,7.395422458648681641e+00,3.771965026855468750e+00,3.771965026855468750e+00,2.726486921310424805e+00,2.788219213485717773e+00,0.000000000000000000e+00,0.000000000000000000e+00,0.000000000000000000e+00,0.000000000000000000e+00,1.252678775787353516e+01,1.252678775787353516e+01,9.959668159484863281e+00,9.729887008666992188e+00,2.460320663452148438e+01,2.460320663452148438e+01,1.895273590087890625e+01,1.916047096252441406e+01
1.180000000000000000e+02,2.794673538208007812e+01,2.794673538208007812e+01,2.172835922241210938e+01,2.174168205261230469e+01,1.865248870849609375e+01,1.865248870849609375e+01,1.487698745727539062e+01,1.479055595397949219e+01,1.016171264648437500e+01,1.016171264648437500e+01,7.029203414916992188e+00,7.624683856964111328e+00,3.692423820495605469e+00,3.692423820495605469e+00,2.656977653503417969e+00,2.702093362808227539e+00,0.000000000000000000e+00,0.000000000000000000e+00,0.000000000000000000e+00,0.000000000000000000e+00,1.283433246612548828e+01,1.283433246612548828e+01,1.014009666442871094e+01,9.935609817504882812e+00,2.456407165527343750e+01,2.456407165527343750e+01,1.907876586914062500e+01,1.910231018066406250e+01
1.190000000000000000e+02,2.793105697631835938e+01,2.793105697631835938e+01,2.172052383422851562e+01,2.170492172241210938e+01,1.851900100708007812e+01,1.851900100708007812e+01,1.475631713867187500e+01,1.465355300903320312e+01,1.038531494140625000e+01,1.038531494140625000e+01,7.212766647338867188e+00,7.724825859069824219e+00,3.591460466384887695e+00,3.591460466384887695e+00,2.586184024810791016e+00,2.613676309585571289e+00,0.000000000000000000e+00,0.000000000000000000e+00,0.000000000000000000e+00,0.000000000000000000e+00,1.309969902038574219e+01,1.309969902038574219e+01,1.033630943298339844e+01,1.012355613708496094e+01,2.452326965332031250e+01,2.452326965332031250e+01,1.902291870117187500e+01,1.908836174011230469e+01
1.200000000000000000e+02,2.792981719970703125e+01,2.792981719970703125e+01,2.148485374450683594e+01,2.159589767456054688e+01,1.843533325195312500e+01,1.843533325195312500e+01,1.458659744262695312e+01,1.446619415283203125e+01,1.062966728210449219e+01,1.062966728210449219e+01,7.352204799652099609e+00,7.954554557800292969e+00,3.469550132751464844e+00,3.469550132751464844e+00,2.502083301544189453e+00,2.501698017120361328e+00,0.000000000000000000e+00,0.000000000000000000e+00,0.000000000000000000e+00,0.000000000000000000e+00,1.334698772430419922e+01,1.334698772430419922e+01,1.025267601013183594e+01,1.028357028961181641e+01,2.434972381591796875e+01,2.434972381591796875e+01,1.893574523925781250e+01,1.904892730712890625e+01
1.210000000000000000e+02,2.772484588623046875e+01,2.772484588623046875e+01,2.159712600708007812e+01,2.142814636230468750e+01,1.836484146118164062e+01,1.836484146118164062e+01,1.442231369018554688e+01,1.432108116149902344e+01,1.083687591552734375e+01,1.083687591552734375e+01,7.509974002838134766e+00,8.143098831176757812e+00,3.347208976745605469e+00,3.347208976745605469e+00,2.401437520980834961e+00,2.390119314193725586e+00,0.000000000000000000e+00,0.000000000000000000e+00,0.000000000000000000e+00,0.000000000000000000e+00,1.357161903381347656e+01,1.357161903381347656e+01,1.068090248107910156e+01,1.046767997741699219e+01,2.434639739990234375e+01,2.434639739990234375e+01,1.894772720336914062e+01,1.900802421569824219e+01
1.220000000000000000e+02,2.763710975646972656e+01,2.763710975646972656e+01,2.148917961120605469e+01,2.133002471923828125e+01,1.832275962829589844e+01,1.832275962829589844e+01,1.432055664062500000e+01,1.416182231903076172e+01,1.104844188690185547e+01,1.104844188690185547e+01,7.673735618591308594e+00,8.294343948364257812e+00,3.195857763290405273e+00,3.195857763290405273e+00,2.262116909027099609e+00,2.260772466659545898e+00,0.000000000000000000e+00,0.000000000000000000e+00,0.000000000000000000e+00,0.000000000000000000e+00,1.379396724700927734e+01,1.379396724700927734e+01,1.083470916748046875e+01,1.059765625000000000e+01,2.417644309997558594e+01,2.417644309997558594e+01,1.885002708435058594e+01,1.899174118041992188e+01
1.230000000000000000e+02,2.768511199951171875e+01,2.768511199951171875e+01,2.133913230895996094e+01,2.127218246459960938e+01,1.832127380371093750e+01,1.832127380371093750e+01,1.420585632324218750e+01,1.402312469482421875e+01,1.125141620635986328e+01,1.125141620635986328e+01,7.807886600494384766e+00,8.456335067749023438e+00,3.032545089721679688e+00,3.032545089721679688e+00,2.120630264282226562e+00,2.123284816741943359e+00,0.000000000000000000e+00,0.000000000000000000e+00,0.000000000000000000e+00,0.000000000000000000e+00,1.398655700683593750e+01,1.398655700683593750e+01,1.096009349822998047e+01,1.072180843353271484e+01,2.411924743652343750e+01,2.411924743652343750e+01,1.877087402343750000e+01,1.899671554565429688e+01
1.240000000000000000e+02,2.761389923095703125e+01,2.761389923095703125e+01,2.121291732788085938e+01,2.125462722778320312e+01,1.816447448730468750e+01,1.816447448730468750e+01,1.417363166809082031e+01,1.394589424133300781e+01,1.143715858459472656e+01,1.143715858459472656e+01,7.965282917022705078e+00,8.599061012268066406e+00,2.849363088607788086e+00,2.849363088607788086e+00,1.960791826248168945e+00,1.943445205688476562e+00,0.000000000000000000e+00,0.000000000000000000e+00,0.000000000000000000e+00,0.000000000000000000e+00,1.415073871612548828e+01,1.415073871612548828e+01,1.108372688293457031e+01,1.082093811035156250e+01,2.382002830505371094e+01,2.382002830505371094e+01,1.878479003906250000e+01,1.896165847778320312e+01
1.250000000000000000e+02,2.751149749755859375e+01,2.751149749755859375e+01,2.132109642028808594e+01,2.117538833618164062e+01,1.804878616333007812e+01,1.804878616333007812e+01,1.413356304168701172e+01,1.390093326568603516e+01,1.161367034912109375e+01,1.161367034912109375e+01,8.128637313842773438e+00,8.757394790649414062e+00,2.653398990631103516e+00,2.653398990631103516e+00,1.806643486022949219e+00,1.762901425361633301e+00,0.000000000000000000e+00,0.000000000000000000e+00,0.000000000000000000e+00,0.000000000000000000e+00,1.430692291259765625e+01,1.430692291259765625e+01,1.119482612609863281e+01,1.092879867553710938e+01,2.376276779174804688e+01,2.376276779174804688e+01,1.872550964355468750e+01,1.885526275634765625e+01
1.260000000000000000e+02,2.750230026245117188e+01,2.750230026245117188e+01,2.131793594360351562e+01,2.113861083984375000e+01,1.793539810180664062e+01,1.793539810180664062e+01,1.413534164428710938e+01,1.390385055541992188e+01,1.179441261291503906e+01,1.179441261291503906e+01,8.315015792846679688e+00,8.869066238403320312e+00,2.452107667922973633e+00,2.452107667922973633e+00,1.634783387184143066e+00,1.581195354461669922e+00,0.000000000000000000e+00,0.000000000000000000e+00,0.000000000000000000e+00,0.000000000000000000e+00,1.443645095825195312e+01,1.443645095825195312e+01,1.130408191680908203e+01,1.102256774902343750e+01,2.357240676879882812e+01,2.357240676879882812e+01,1.863338088989257812e+01,1.883337020874023438e+01
1.270000000000000000e+02,2.753117561340332031e+01,2.753117561340332031e+01,2.111949729919433594e+01,2.089978599548339844e+01,1.780520629882812500e+01,1.780520629882812500e+01,1.412991714477539062e+01,1.391585159301757812e+01,1.195171928405761719e+01,1.195171928405761719e+01,8.396974563598632812e+00,9.013746261596679688e+00,2.193869113922119141e+00,2.193869113922119141e+00,1.427524924278259277e+00,1.398819684982299805e+00,0.000000000000000000e+00,0.000000000000000000e+00,0.000000000000000000e+00,0.000000000000000000e+00,1.455748558044433594e+01,1.455748558044433594e+01,1.135781574249267578e+01,1.109579277038574219e+01,2.328793716430664062e+01,2.328793716430664062e+01,1.862423324584960938e+01,1.880917167663574219e+01
1.280000000000000000e+02,2.739542770385742188e+01,2.739542770385742188e+01,2.127392005920410156e+01,2.103378295898437500e+01,1.791062927246093750e+01,1.791062927246093750e+01,1.417569923400878906e+01,1.395377159118652344e+01,1.210473346710205078e+01,1.210473346710205078e+01,8.516654968261718750e+00,9.145864486694335938e+00,1.879724740982055664e+00,1.879724740982055664e+00,1.223037004470825195e+00,1.208259701728820801e+00,0.000000000000000000e+00,0.000000000000000000e+00,0.000000000000000000e+00,0.000000000000000000e+00,1.467334270477294922e+01,1.467334270477294922e+01,1.140907096862792969e+01,1.117866897583007812e+01,2.327989959716796875e+01,2.327989959716796875e+01,1.851155471801757812e+01,1.879902267456054688e+01
1.290000000000000000e+02,2.729607772827148438e+01,2.729607772827148438e+01,2.124191665649414062e+01,2.094150161743164062e+01,1.785222053527832031e+01,1.785222053527832031e+01,1.426252651214599609e+01,1.411669921875000000e+01,1.223582744598388672e+01,1.223582744598388672e+01,8.658603668212890625e+00,9.275561332702636719e+00,1.567919492721557617e+00,1.567919492721557617e+00,9.731887578964233398e-01,9.953172206878662109e-01,0.000000000000000000e+00,0.000000000000000000e+00,0.000000000000000000e+00,0.000000000000000000e+00,1.474310874938964844e+01,1.474310874938964844e+01,1.146464824676513672e+01,1.124253845214843750e+01,2.302240180969238281e+01,2.302240180969238281e+01,1.841541481018066406e+01,1.868570899963378906e+01
1.300000000000000000e+02,2.732465362548828125e+01,2.732465362548828125e+01,2.127629470825195312e+01,2.092112731933593750e+01,1.813594818115234375e+01,1.813594818115234375e+01,1.432117080688476562e+01,1.430117988586425781e+01,1.233196449279785156e+01,1.233196449279785156e+01,8.761862754821777344e+00,9.385869026184082031e+00,1.225716590881347656e+00,1.225716590881347656e+00,7.327398657798767090e-01,7.760180234909057617e-01,0.000000000000000000e+00,0.000000000000000000e+00,0.000000000000000000e+00,0.000000000000000000e+00,1.478515148162841797e+01,1.478515148162841797e+01,1.150188446044921875e+01,1.129012775421142578e+01,2.302481460571289062e+01,2.302481460571289062e+01,1.841589355468750000e+01,1.872140121459960938e+01
1.310000000000000000e+02,2.717904090881347656e+01,2.717904090881347656e+01,2.103921890258789062e+01,2.084394454956054688e+01,1.826091384887695312e+01,1.826091384887695312e+01,1.453057670593261719e+01,1.450631809234619141e+01,1.245264053344726562e+01,1.245264053344726562e+01,8.869006156921386719e+00,9.466973304748535156e+00,9.046325683593750000e-01,9.046325683593750000e-01,5.073979496955871582e-01,5.243785381317138672e-01,0.000000000000000000e+00,0.000000000000000000e+00,0.000000000000000000e+00,0.000000000000000000e+00,1.483006381988525391e+01,1.483006381988525391e+01,1.150739097595214844e+01,1.128021240234375000e+01,2.281443023681640625e+01,2.281443023681640625e+01,1.839260864257812500e+01,1.875485229492187500e+01
1.320000000000000000e+02,2.721858596801757812e+01,2.721858596801757812e+01,2.120650291442871094e+01,2.079016113281250000e+01,1.869535064697265625e+01,1.869535064697265625e+01,1.473689556121826172e+01,1.486944580078125000e+01,1.253291320800781250e+01,1.253291320800781250e+01,8.964041709899902344e+00,9.566655158996582031e+00,5.535575151443481445e-01,5.535575151443481445e-01,3.005567789077758789e-01,3.112081587314605713e-01,0.000000000000000000e+00,0.000000000000000000e+00,0.000000000000000000e+00,0.000000000000000000e+00,1.483160591125488281e+01,1.483160591125488281e+01,1.147246837615966797e+01,1.130164527893066406e+01,2.292387390136718750e+01,2.292387390136718750e+01,1.843194007873535156e+01,1.875795555114746094e+01
1.330000000000000000e+02,2.716523933410644531e+01,2.716523933410644531e+01,2.116193008422851562e+01,2.077170944213867188e+01,1.898906707763671875e+01,1.898906707763671875e+01,1.499617195129394531e+01,1.520645046234130859e+01,1.261471939086914062e+01,1.261471939086914062e+01,9.028652191162109375e+00,9.656070709228515625e+00,2.575085759162902832e-01,2.575085759162902832e-01,1.415430456399917603e-01,1.455286443233489990e-01,0.000000000000000000e+00,0.000000000000000000e+00,0.000000000000000000e+00,0.000000000000000000e+00,1.483701133728027344e+01,1.483701133728027344e+01,1.146768283843994141e+01,1.132661342620849609e+01,2.285532379150390625e+01,2.285532379150390625e+01,1.850864791870117188e+01,1.879021835327148438e+01
1.340000000000000000e+02,2.699530601501464844e+01,2.699530601501464844e+01,2.104381370544433594e+01,2.069426727294921875e+01,1.957966613769531250e+01,1.957966613769531250e+01,1.529751777648925781e+01,1.560329055786132812e+01,1.268555068969726562e+01,1.268555068969726562e+01,9.130886077880859375e+00,9.742744445800781250e+00,6.797374039888381958e-02,6.797374039888381958e-02,3.811594471335411072e-02,3.871722146868705750e-02,0.000000000000000000e+00,0.000000000000000000e+00,0.000000000000000000e+00,0.000000000000000000e+00,1.483589839935302734e+01,1.483589839935302734e+01,1.145166015625000000e+01,1.135021305084228516e+01,2.297694396972656250e+01,2.297694396972656250e+01,1.854779052734375000e+01,1.880558776855468750e+01
1.350000000000000000e+02,2.678635787963867188e+01,2.678635787963867188e+01,2.099012565612792969e+01,2.064085960388183594e+01,1.983691024780273438e+01,1.983691024780273438e+01,1.559435558319091797e+01,1.608125877380371094e+01,1.266270732879638672e+01,1.266270732879638672e+01,9.193153381347656250e+00,9.816328048706054688e+00,0.000000000000000000e+00,0.000000000000000000e+00,0.000000000000000000e+00,0.000000000000000000e+00,0.000000000000000000e+00,0.000000000000000000e+00,0.000000000000000000e+00,0.000000000000000000e+00,1.471824455261230469e+01,1.471824455261230469e+01,1.140131187438964844e+01,1.130978775024414062e+01,2.278152465820312500e+01,2.278152465820312500e+01,1.503602790832519531e+01,1.871730232238769531e+01
1.360000000000000000e+02,2.701710700988769531e+01,2.701710700988769531e+01,2.089318466186523438e+01,2.050515365600585938e+01,2.018957901000976562e+01,2.018957901000976562e+01,1.557979202270507812e+01,1.599398803710937500e+01,1.275649833679199219e+01,1.275649833679199219e+01,9.246079444885253906e+00,9.882371902465820312e+00,0.000000000000000000e+00,0.000000000000000000e+00,0.000000000000000000e+00,0.000000000000000000e+00,3.208383917808532715e-02,3.208383917808532715e-02,4.612048715353012085e-02,4.598502814769744873e-02,1.472444725036621094e+01,1.472444725036621094e+01,1.134627914428710938e+01,1.129465103149414062e+01,2.251736640930175781e+01,2.251736640930175781e+01,1.797365570068359375e+01,1.812082672119140625e+01
1.370000000000000000e+02,2.697101020812988281e+01,2.697101020812988281e+01,2.083624076843261719e+01,2.045964241027832031e+01,2.019583129882812500e+01,2.019583129882812500e+01,1.549163055419921875e+01,1.592874050140380859e+01,1.281410312652587891e+01,1.281410312652587891e+01,9.294301986694335938e+00,9.917827606201171875e+00,0.000000000000000000e+00,0.000000000000000000e+00,0.000000000000000000e+00,0.000000000000000000e+00,1.206319853663444519e-01,1.206319853663444519e-01,1.730168610811233521e-01,1.719530820846557617e-01,1.469132137298583984e+01,1.469132137298583984e+01,1.122302532196044922e+01,1.126364803314208984e+01,2.197402000427246094e+01,2.197402000427246094e+01,1.739783668518066406e+01,1.755447006225585938e+01
1.380000000000000000e+02,2.690178680419921875e+01,2.690178680419921875e+01,2.073052978515625000e+01,2.036663436889648438e+01,2.047794723510742188e+01,2.047794723510742188e+01,1.551438808441162109e+01,1.597445774078369141e+01,1.280125045776367188e+01,1.280125045776367188e+01,9.339056015014648438e+00,9.937358856201171875e+00,0.000000000000000000e+00,0.000000000000000000e+00,0.000000000000000000e+00,0.000000000000000000e+00,2.571086883544921875e-01,2.571086883544921875e-01,3.682671487331390381e-01,3.651557266712188721e-01,1.462371158599853516e+01,1.462371158599853516e+01,1.120345687866210938e+01,1.120053195953369141e+01,2.180093574523925781e+01,2.180093574523925781e+01,1.691854858398437500e+01,1.708084297180175781e+01
1.390000000000000000e+02,2.685755920410156250e+01,2.685755920410156250e+01,2.066687965393066406e+01,2.032807922363281250e+01,2.047225189208984375e+01,2.047225189208984375e+01,1.550949287414550781e+01,1.591599273681640625e+01,1.282473850250244141e+01,1.282473850250244141e+01,9.335309028625488281e+00,9.977862358093261719e+00,0.000000000000000000e+00,0.000000000000000000e+00,0.000000000000000000e+00,0.000000000000000000e+00,4.389506578445434570e-01,4.389506578445434570e-01,5.693838596343994141e-01,5.630884170532226562e-01,1.458195400238037109e+01,1.458195400238037109e+01,1.112262153625488281e+01,1.115656661987304688e+01,2.142412948608398438e+01,2.142412948608398438e+01,1.652865409851074219e+01,1.676102828979492188e+01
1.400000000000000000e+02,2.689002990722656250e+01,2.689002990722656250e+01,2.067364883422851562e+01,2.033273315429687500e+01,2.069605255126953125e+01,2.069605255126953125e+01,1.547789382934570312e+01,1.599355220794677734e+01,1.276093101501464844e+01,1.276093101501464844e+01,9.359766006469726562e+00,9.989391326904296875e+00,0.000000000000000000e+00,0.000000000000000000e+00,0.000000000000000000e+00,0.000000000000000000e+00,6.590952277183532715e-01,6.590952277183532715e-01,7.836255431175231934e-01,7.763440608978271484e-01,1.438566017150878906e+01,1.438566017150878906e+01,1.103939628601074219e+01,1.105931472778320312e+01,2.131278228759765625e+01,2.131278228759765625e+01,1.625660514831542969e+01,1.649814224243164062e+01
1.410000000000000000e+02,2.679848670959472656e+01,2.679848670959472656e+01,2.057496261596679688e+01,2.019238281250000000e+01,2.067067337036132812e+01,2.067067337036132812e+01,1.544897460937500000e+01,1.600443649291992188e+01,1.273308753967285156e+01,1.273308753967285156e+01,9.330438613891601562e+00,1.000390338897705078e+01,0.000000000000000000e+00,0.000000000000000000e+00,0.000000000000000000e+00,0.000000000000000000e+00,9.093108177185058594e-01,9.093108177185058594e-01,1.014134645462036133e+00,1.000427126884460449e+00,1.428312206268310547e+01,1.428312206268310547e+01,1.091137599945068359e+01,1.100744342803955078e+01,2.104393768310546875e+01,2.104393768310546875e+01,1.599316596984863281e+01,1.633051490783691406e+01
1.420000000000000000e+02,2.680849456787109375e+01,2.680849456787109375e+01,2.044648551940917969e+01,2.006399536132812500e+01,2.087021255493164062e+01,2.087021255493164062e+01,1.545784759521484375e+01,1.602876472473144531e+01,1.267541694641113281e+01,1.267541694641113281e+01,9.279373168945312500e+00,9.975503921508789062e+00,0.000000000000000000e+00,0.000000000000000000e+00,0.000000000000000000e+00,0.000000000000000000e+00,1.186605095863342285e+00,1.186605095863342285e+00,1.264757513999938965e+00,1.242292165756225586e+00,1.414698028564453125e+01,1.414698028564453125e+01,1.080567359924316406e+01,1.091477108001708984e+01,2.098867988586425781e+01,2.098867988586425781e+01,1.577644252777099609e+01,1.616274261474609375e+01
1.430000000000000000e+02,2.676427841186523438e+01,2.676427841186523438e+01,2.032152557373046875e+01,1.996287345886230469e+01,2.083890342712402344e+01,2.083890342712402344e+01,1.536288928985595703e+01,1.591262054443359375e+01,1.259082984924316406e+01,1.259082984924316406e+01,9.234040260314941406e+00,9.936920166015625000e+00,0.000000000000000000e+00,0.000000000000000000e+00,0.000000000000000000e+00,0.000000000000000000e+00,1.485007047653198242e+00,1.485007047653198242e+00,1.526170730590820312e+00,1.499129772186279297e+00,1.398576164245605469e+01,1.398576164245605469e+01,1.069124794006347656e+01,1.080279922485351562e+01,2.081769180297851562e+01,2.081769180297851562e+01,1.558871936798095703e+01,1.605354118347167969e+01
1.440000000000000000e+02,2.682508087158203125e+01,2.682508087158203125e+01,2.031636047363281250e+01,1.995396423339843750e+01,2.093367195129394531e+01,2.093367195129394531e+01,1.528669834136962891e+01,1.588297271728515625e+01,1.250625419616699219e+01,1.250625419616699219e+01,9.136127471923828125e+00,9.891963958740234375e+00,0.000000000000000000e+00,0.000000000000000000e+00,0.000000000000000000e+00,0.000000000000000000e+00,1.808144211769104004e+00,1.808144211769104004e+00,1.787279844284057617e+00,1.755127668380737305e+00,1.384774589538574219e+01,1.384774589538574219e+01,1.056819534301757812e+01,1.069723224639892578e+01,2.068923187255859375e+01,2.068923187255859375e+01,1.536202621459960938e+01,1.591730213165283203e+01
1.450000000000000000e+02,2.676348495483398438e+01,2.676348495483398438e+01,2.020623588562011719e+01,1.990744781494140625e+01,2.093651962280273438e+01,2.093651962280273438e+01,1.525004863739013672e+01,1.589945316314697266e+01,1.238670349121093750e+01,1.238670349121093750e+01,9.060393333435058594e+00,9.825989723205566406e+00,0.000000000000000000e+00,0.000000000000000000e+00,0.000000000000000000e+00,0.000000000000000000e+00,2.133425474166870117e+00,2.133425474166870117e+00,2.015541315078735352e+00,1.976978421211242676e+00,1.364636993408203125e+01,1.364636993408203125e+01,1.042083740234375000e+01,1.055868625640869141e+01,2.050283050537109375e+01,2.050283050537109375e+01,1.524101543426513672e+01,1.577414512634277344e+01
1.460000000000000000e+02,2.676742744445800781e+01,2.676742744445800781e+01,2.019887542724609375e+01,1.985534286499023438e+01,2.094303131103515625e+01,2.094303131103515625e+01,1.530130004882812500e+01,1.592329216003417969e+01,1.231135177612304688e+01,1.231135177612304688e+01,9.031754493713378906e+00,9.772316932678222656e+00,4.377441853284835815e-02,4.377441853284835815e-02,4.741860553622245789e-02,1.693682745099067688e-02,2.473126173019409180e+00,2.473126173019409180e+00,2.253045797348022461e+00,2.215385913848876953e+00,1.344242572784423828e+01,1.344242572784423828e+01,1.023351669311523438e+01,1.039875030517578125e+01,2.018325424194335938e+01,2.018325424194335938e+01,1.512406158447265625e+01,1.569104671478271484e+01
1.470000000000000000e+02,2.669915390014648438e+01,2.669915390014648438e+01,2.015713119506835938e+01,1.991020774841308594e+01,2.112350463867187500e+01,2.112350463867187500e+01,1.527555370330810547e+01,1.586396217346191406e+01,1.228206348419189453e+01,1.228206348419189453e+01,9.001342773437500000e+00,9.713301658630371094e+00,1.050639003515243530e-01,1.050639003515243530e-01,1.121389865875244141e-01,3.906200826168060303e-02,2.760046005249023438e+00,2.760046005249023438e+00,2.480599880218505859e+00,2.435805797576904297e+00,1.322246742248535156e+01,1.322246742248535156e+01,1.009423255920410156e+01,1.027019023895263672e+01,2.003082656860351562e+01,2.003082656860351562e+01,1.500659942626953125e+01,1.556148529052734375e+01
1.480000000000000000e+02,2.664017295837402344e+01,2.664017295837402344e+01,2.011891365051269531e+01,1.991366386413574219e+01,2.125899505615234375e+01,2.125899505615234375e+01,1.529465293884277344e+01,1.588492584228515625e+01,1.223838615417480469e+01,1.223838615417480469e+01,8.993168830871582031e+00,9.656341552734375000e+00,1.630462855100631714e-01,1.630462855100631714e-01,1.749381124973297119e-01,5.937258526682853699e-02,2.973031282424926758e+00,2.973031282424926758e+00,2.717619895935058594e+00,2.662395000457763672e+00,1.302843856811523438e+01,1.302843856811523438e+01,9.906700134277343750e+00,1.008242034912109375e+01,1.985974884033203125e+01,1.985974884033203125e+01,1.495032691955566406e+01,1.550945854187011719e+01
1.490000000000000000e+02,2.664270782470703125e+01,2.664270782470703125e+01,2.013412666320800781e+01,1.996369934082031250e+01,2.141383552551269531e+01,2.141383552551269531e+01,1.530830574035644531e+01,1.587404060363769531e+01,1.215803337097167969e+01,1.215803337097167969e+01,8.961490631103515625e+00,9.565532684326171875e+00,2.203583717346191406e-01,2.203583717346191406e-01,2.362370193004608154e-01,7.705113291740417480e-02,3.168485879898071289e+00,3.168485879898071289e+00,2.930320978164672852e+00,2.875912666320800781e+00,1.278982162475585938e+01,1.278982162475585938e+01,9.732322692871093750e+00,9.893306732177734375e+00,1.969658660888671875e+01,1.969658660888671875e+01,1.479194927215576172e+01,1.545479011535644531e+01
1.500000000000000000e+02,2.692900848388671875e+01,2.692900848388671875e+01,2.021257972717285156e+01,2.025692367553710938e+01,2.161639404296875000e+01,2.161639404296875000e+01,1.534718227386474609e+01,1.579402542114257812e+01,1.206462478637695312e+01,1.206462478637695312e+01,8.915110588073730469e+00,9.481363296508789062e+00,2.737154960632324219e-01,2.737154960632324219e-01,2.944220900535583496e-01,9.305974096059799194e-02,3.352965116500854492e+00,3.352965116500854492e+00,3.133795738220214844e+00,3.074388980865478516e+00,1.255106353759765625e+01,1.255106353759765625e+01,9.425306320190429688e+00,9.696604728698730469e+00,1.968896865844726562e+01,1.968896865844726562e+01,1.472367763519287109e+01,1.536817932128906250e+01
1.510000000000000000e+02,2.649308395385742188e+01,2.649308395385742188e+01,2.015695762634277344e+01,1.990260696411132812e+01,2.174992752075195312e+01,2.174992752075195312e+01,1.531629085540771484e+01,1.577813529968261719e+01,1.195794868469238281e+01,1.195794868469238281e+01,8.861622810363769531e+00,9.362434387207031250e+00,3.262019157409667969e-01,3.262019157409667969e-01,3.509248197078704834e-01,1.084672659635543823e-01,3.497022628784179688e+00,3.497022628784179688e+00,3.326757669448852539e+00,3.263891220092773438e+00,1.224024963378906250e+01,1.224024963378906250e+01,9.302834510803222656e+00,9.513833999633789062e+00,1.961357116699218750e+01,1.961357116699218750e+01,1.462908077239990234e+01,1.525773239135742188e+01
1.520000000000000000e+02,2.655578231811523438e+01,2.655578231811523438e+01,2.009529685974121094e+01,1.991674041748046875e+01,2.179293632507324219e+01,2.179293632507324219e+01,1.539505863189697266e+01,1.583184337615966797e+01,1.182391357421875000e+01,1.182391357421875000e+01,8.806333541870117188e+00,9.176370620727539062e+00,3.763911426067352295e-01,3.763911426067352295e-01,4.053874015808105469e-01,1.177641749382019043e-01,3.732694149017333984e+00,3.732694149017333984e+00,3.445858716964721680e+00,3.387748479843139648e+00,1.200389575958251953e+01,1.200389575958251953e+01,9.111821174621582031e+00,9.307897567749023438e+00,1.945667648315429688e+01,1.945667648315429688e+01,1.458335304260253906e+01,1.517984390258789062e+01
1.530000000000000000e+02,2.642194366455078125e+01,2.642194366455078125e+01,2.012349700927734375e+01,1.993571472167968750e+01,2.185940551757812500e+01,2.185940551757812500e+01,1.550932121276855469e+01,1.586515617370605469e+01,1.166734886169433594e+01,1.166734886169433594e+01,8.718873023986816406e+00,8.950807571411132812e+00,4.229824841022491455e-01,4.229824841022491455e-01,4.601924419403076172e-01,1.288830935955047607e-01,3.856085062026977539e+00,3.856085062026977539e+00,3.508209705352783203e+00,3.441701173782348633e+00,1.169381618499755859e+01,1.169381618499755859e+01,8.855418205261230469e+00,9.077197074890136719e+00,1.935948181152343750e+01,1.935948181152343750e+01,1.448365116119384766e+01,1.511976718902587891e+01
1.540000000000000000e+02,2.643451118469238281e+01,2.643451118469238281e+01,2.013851165771484375e+01,1.994413566589355469e+01,2.200216865539550781e+01,2.200216865539550781e+01,1.560225582122802734e+01,1.592121028900146484e+01,1.148919105529785156e+01,1.148919105529785156e+01,8.646652221679687500e+00,8.740262031555175781e+00,4.647459685802459717e-01,4.647459685802459717e-01,5.118786096572875977e-01,1.351014971733093262e-01,3.977270603179931641e+00,3.977270603179931641e+00,3.567424297332763672e+00,3.491353988647460938e+00,1.140351390838623047e+01,1.140351390838623047e+01,8.685940742492675781e+00,8.830558776855468750e+00,1.936047935485839844e+01,1.936047935485839844e+01,1.442875289916992188e+01,1.502611732482910156e+01
1.550000000000000000e+02,2.636720275878906250e+01,2.636720275878906250e+01,2.016322708129882812e+01,1.996917533874511719e+01,2.213096046447753906e+01,2.213096046447753906e+01,1.568611145019531250e+01,1.604134178161621094e+01,1.131541442871093750e+01,1.131541442871093750e+01,8.552210807800292969e+00,8.496035575866699219e+00,5.120271444320678711e-01,5.120271444320678711e-01,5.619421601295471191e-01,1.368333995342254639e-01,4.074509143829345703e+00,4.074509143829345703e+00,3.604924201965332031e+00,3.526205062866210938e+00,1.109971427917480469e+01,1.109971427917480469e+01,8.477619171142578125e+00,8.579977035522460938e+00,1.936370468139648438e+01,1.936370468139648438e+01,1.441252136230468750e+01,1.495854854583740234e+01
1.560000000000000000e+02,2.625089263916015625e+01,2.625089263916015625e+01,2.030635833740234375e+01,2.003001976013183594e+01,2.215031051635742188e+01,2.215031051635742188e+01,1.578713226318359375e+01,1.605821800231933594e+01,1.111605644226074219e+01,1.111605644226074219e+01,8.462249755859375000e+00,8.253972053527832031e+00,5.498031377792358398e-01,5.498031377792358398e-01,6.155305504798889160e-01,1.388719379901885986e-01,4.187789440155029297e+00,4.187789440155029297e+00,3.632634639739990234e+00,3.556441068649291992e+00,1.074320983886718750e+01,1.074320983886718750e+01,8.201187133789062500e+00,8.322692871093750000e+00,1.923532867431640625e+01,1.923532867431640625e+01,1.433391284942626953e+01,1.488130950927734375e+01
1.570000000000000000e+02,2.622021865844726562e+01,2.622021865844726562e+01,2.025519180297851562e+01,2.001442909240722656e+01,2.222218132019042969e+01,2.222218132019042969e+01,1.582221603393554688e+01,1.610484313964843750e+01,1.092472171783447266e+01,1.092472171783447266e+01,8.338715553283691406e+00,8.007048606872558594e+00,5.877107977867126465e-01,5.877107977867126465e-01,6.551353335380554199e-01,1.341066509485244751e-01,4.249552249908447266e+00,4.249552249908447266e+00,3.633718252182006836e+00,3.555338621139526367e+00,1.041230869293212891e+01,1.041230869293212891e+01,7.967904090881347656e+00,8.064321517944335938e+00,1.926642036437988281e+01,1.926642036437988281e+01,1.440771198272705078e+01,1.484345626831054688e+01
1.580000000000000000e+02,2.628422737121582031e+01,2.628422737121582031e+01,2.037313461303710938e+01,2.017356491088867188e+01,2.226263999938964844e+01,2.226263999938964844e+01,1.587152481079101562e+01,1.613770675659179688e+01,1.069020652770996094e+01,1.069020652770996094e+01,8.213045120239257812e+00,7.747802734375000000e+00,6.228835582733154297e-01,6.228835582733154297e-01,7.063876390457153320e-01,1.285243332386016846e-01,4.296789646148681641e+00,4.296789646148681641e+00,3.619995594024658203e+00,3.542183876037597656e+00,1.006047916412353516e+01,1.006047916412353516e+01,7.720335006713867188e+00,7.799080848693847656e+00,1.912781143188476562e+01,1.912781143188476562e+01,1.435917091369628906e+01,1.472584533691406250e+01
1.590000000000000000e+02,2.630022811889648438e+01,2.630022811889648438e+01,2.043425178527832031e+01,2.027367210388183594e+01,2.228964233398437500e+01,2.228964233398437500e+01,1.593716335296630859e+01,1.617241668701171875e+01,1.046393585205078125e+01,1.046393585205078125e+01,8.082499504089355469e+00,7.496857643127441406e+00,6.536762714385986328e-01,6.536762714385986328e-01,7.497041821479797363e-01,1.226202920079231262e-01,4.358356475830078125e+00,4.358356475830078125e+00,3.603051185607910156e+00,3.526942729949951172e+00,9.733119964599609375e+00,9.733119964599609375e+00,7.443284988403320312e+00,7.517196178436279297e+00,1.899534988403320312e+01,1.899534988403320312e+01,1.434520626068115234e+01,1.466530799865722656e+01
1.600000000000000000e+02,2.632675170898437500e+01,2.632675170898437500e+01,2.049099159240722656e+01,2.035186958312988281e+01,2.234576034545898438e+01,2.234576034545898438e+01,1.600612640380859375e+01,1.614547729492187500e+01,1.021443939208984375e+01,1.021443939208984375e+01,7.939681053161621094e+00,7.196116924285888672e+00,6.818472743034362793e-01,6.818472743034362793e-01,7.955480813980102539e-01,1.177441924810409546e-01,4.369685173034667969e+00,4.369685173034667969e+00,3.562954425811767578e+00,3.490809917449951172e+00,9.327122688293457031e+00,9.327122688293457031e+00,7.168235778808593750e+00,7.252125740051269531e+00,1.902013015747070312e+01,1.902013015747070312e+01,1.435986900329589844e+01,1.457565879821777344e+01
1.610000000000000000e+02,2.622803497314453125e+01,2.622803497314453125e+01,2.058152198791503906e+01,2.040412139892578125e+01,2.237960433959960938e+01,2.237960433959960938e+01,1.602271842956542969e+01,1.611441612243652344e+01,9.936328887939453125e+00,9.936328887939453125e+00,7.783712863922119141e+00,6.943105697631835938e+00,7.110659480094909668e-01,7.110659480094909668e-01,8.349488377571105957e-01,1.076979413628578186e-01,4.363621711730957031e+00,4.363621711730957031e+00,3.514481067657470703e+00,3.441308975219726562e+00,8.934885978698730469e+00,8.934885978698730469e+00,6.878685474395751953e+00,6.936761856079101562e+00,1.897542190551757812e+01,1.897542190551757812e+01,1.439642715454101562e+01,1.454684257507324219e+01
1.620000000000000000e+02,2.627180862426757812e+01,2.627180862426757812e+01,2.070711135864257812e+01,2.043543052673339844e+01,2.232659339904785156e+01,2.232659339904785156e+01,1.603775978088378906e+01,1.617115211486816406e+01,9.662059783935546875e+00,9.662059783935546875e+00,7.619499206542968750e+00,6.660008430480957031e+00,7.357308864593505859e-01,7.357308864593505859e-01,8.713413476943969727e-01,9.716100990772247314e-02,4.344396591186523438e+00,4.344396591186523438e+00,3.454290866851806641e+00,3.374580621719360352e+00,8.532489776611328125e+00,8.532489776611328125e+00,6.573032379150390625e+00,6.644879817962646484e+00,1.883188247680664062e+01,1.883188247680664062e+01,1.435913181304931641e+01,1.442372703552246094e+01
1.630000000000000000e+02,2.643434143066406250e+01,2.643434143066406250e+01,2.083444786071777344e+01,2.057020759582519531e+01,2.239037704467773438e+01,2.239037704467773438e+01,1.613010025024414062e+01,1.625786972045898438e+01,9.379255294799804688e+00,9.379255294799804688e+00,7.432459831237792969e+00,6.367755889892578125e+00,7.593286633491516113e-01,7.593286633491516113e-01,9.098478555679321289e-01,8.791147172451019287e-02,4.249849796295166016e+00,4.249849796295166016e+00,3.357655525207519531e+00,3.290187597274780273e+00,8.133717536926269531e+00,8.133717536926269531e+00,6.316979408264160156e+00,6.325373649597167969e+00,1.882298851013183594e+01,1.882298851013183594e+01,1.444707679748535156e+01,1.437715148925781250e+01
1.640000000000000000e+02,2.662385177612304688e+01,2.662385177612304688e+01,2.096570014953613281e+01,2.070393753051757812e+01,2.238895988464355469e+01,2.238895988464355469e+01,1.621045112609863281e+01,1.608169555664062500e+01,9.074290275573730469e+00,9.074290275573730469e+00,7.260009765625000000e+00,6.094701766967773438e+00,7.765344381332397461e-01,7.765344381332397461e-01,9.476931095123291016e-01,7.701613008975982666e-02,4.128385543823242188e+00,4.128385543823242188e+00,3.257457971572875977e+00,3.190459728240966797e+00,7.728742122650146484e+00,7.728742122650146484e+00,5.995276451110839844e+00,6.015623092651367188e+00,1.875923538208007812e+01,1.875923538208007812e+01,1.448234081268310547e+01,1.432108783721923828e+01
1.650000000000000000e+02,2.664457321166992188e+01,2.664457321166992188e+01,2.109992599487304688e+01,2.074493217468261719e+01,2.243943405151367188e+01,2.243943405151367188e+01,1.621430397033691406e+01,1.619038391113281250e+01,8.743470191955566406e+00,8.743470191955566406e+00,7.069629669189453125e+00,5.780235767364501953e+00,7.909074425697326660e-01,7.909074425697326660e-01,9.835709333419799805e-01,6.662681698799133301e-02,3.988962411880493164e+00,3.988962411880493164e+00,3.064187049865722656e+00,3.073469161987304688e+00,7.277221679687500000e+00,7.277221679687500000e+00,5.659111976623535156e+00,5.692757606506347656e+00,1.868377304077148438e+01,1.868377304077148438e+01,1.438011741638183594e+01,1.420836544036865234e+01
1.660000000000000000e+02,2.668409347534179688e+01,2.668409347534179688e+01,2.127718162536621094e+01,2.085231590270996094e+01,2.241724014282226562e+01,2.241724014282226562e+01,1.625514221191406250e+01,1.621030235290527344e+01,8.441154479980468750e+00,8.441154479980468750e+00,6.868524551391601562e+00,5.494232177734375000e+00,8.036090135574340820e-01,8.036090135574340820e-01,1.017578840255737305e+00,5.576616898179054260e-02,3.830524682998657227e+00,3.830524682998657227e+00,3.014604568481445312e+00,2.954152584075927734e+00,6.871567249298095703e+00,6.871567249298095703e+00,5.346953392028808594e+00,5.365121841430664062e+00,1.856218910217285156e+01,1.856218910217285156e+01,1.435936355590820312e+01,1.415124702453613281e+01
1.670000000000000000e+02,2.682358932495117188e+01,2.682358932495117188e+01,2.154417037963867188e+01,2.100198554992675781e+01,2.241599655151367188e+01,2.241599655151367188e+01,1.630510711669921875e+01,1.617192840576171875e+01,8.099419593811035156e+00,8.099419593811035156e+00,6.610067844390869141e+00,5.187946796417236328e+00,8.134438991546630859e-01,8.134438991546630859e-01,1.048222541809082031e+00,4.530461505055427551e-02,3.658906698226928711e+00,3.658906698226928711e+00,2.873938560485839844e+00,2.811192512512207031e+00,6.413154125213623047e+00,6.413154125213623047e+00,5.000111103057861328e+00,5.037389755249023438e+00,1.844789505004882812e+01,1.844789505004882812e+01,1.426573181152343750e+01,1.403581047058105469e+01
1.680000000000000000e+02,2.702787017822265625e+01,2.702787017822265625e+01,2.179471206665039062e+01,2.108740615844726562e+01,2.241564559936523438e+01,2.241564559936523438e+01,1.631578826904296875e+01,1.615832901000976562e+01,7.754007339477539062e+00,7.754007339477539062e+00,6.372545719146728516e+00,4.882310390472412109e+00,8.186107277870178223e-01,8.186107277870178223e-01,1.078675270080566406e+00,3.538086265325546265e-02,3.467354297637939453e+00,3.467354297637939453e+00,2.717398166656494141e+00,2.657962799072265625e+00,5.979310512542724609e+00,5.979310512542724609e+00,4.653359889984130859e+00,4.709402084350585938e+00,1.840133857727050781e+01,1.840133857727050781e+01,1.418276977539062500e+01,1.398215579986572266e+01
1.690000000000000000e+02,2.706299972534179688e+01,2.706299972534179688e+01,2.206609725952148438e+01,2.133124732971191406e+01,2.238398742675781250e+01,2.238398742675781250e+01,1.636505317687988281e+01,1.611498641967773438e+01,7.382040023803710938e+00,7.382040023803710938e+00,6.099052429199218750e+00,4.521024227142333984e+00,8.205938935279846191e-01,8.205938935279846191e-01,1.106890678405761719e+00,2.711394801735877991e-02,3.256940603256225586e+00,3.256940603256225586e+00,2.550924539566040039e+00,2.490359783172607422e+00,5.482146739959716797e+00,5.482146739959716797e+00,4.323388099670410156e+00,4.364162445068359375e+00,1.827060699462890625e+01,1.827060699462890625e+01,1.410416030883789062e+01,1.388552856445312500e+01
1.700000000000000000e+02,2.723133850097656250e+01,2.723133850097656250e+01,2.232455062866210938e+01,2.155752372741699219e+01,2.234801864624023438e+01,2.234801864624023438e+01,1.643555259704589844e+01,1.610633659362792969e+01,7.026510238647460938e+00,7.026510238647460938e+00,5.854534149169921875e+00,4.166456222534179688e+00,8.211833238601684570e-01,8.211833238601684570e-01,1.140971779823303223e+00,1.593513227999210358e-02,3.032859325408935547e+00,3.032859325408935547e+00,2.373175621032714844e+00,2.316920757293701172e+00,5.037561416625976562e+00,5.037561416625976562e+00,3.969535350799560547e+00,3.997223854064941406e+00,1.820877456665039062e+01,1.820877456665039062e+01,1.408056831359863281e+01,1.385314559936523438e+01
1.710000000000000000e+02,2.735879516601562500e+01,2.735879516601562500e+01,2.266477584838867188e+01,2.176773452758789062e+01,2.231656646728515625e+01,2.231656646728515625e+01,1.652593994140625000e+01,1.601963233947753906e+01,6.663224220275878906e+00,6.663224220275878906e+00,5.600038528442382812e+00,3.840891838073730469e+00,8.039952516555786133e-01,8.039952516555786133e-01,1.162846922874450684e+00,7.498352788388729095e-03,2.791484594345092773e+00,2.791484594345092773e+00,2.185901165008544922e+00,2.131135463714599609e+00,4.558106422424316406e+00,4.558106422424316406e+00,3.603182792663574219e+00,3.641688823699951172e+00,1.811981582641601562e+01,1.811981582641601562e+01,1.407016944885253906e+01,1.372194576263427734e+01
1.720000000000000000e+02,2.738375091552734375e+01,2.738375091552734375e+01,2.294349861145019531e+01,2.193519592285156250e+01,2.226182556152343750e+01,2.226182556152343750e+01,1.645406723022460938e+01,1.599966621398925781e+01,6.217358589172363281e+00,6.217358589172363281e+00,5.297918796539306641e+00,3.521488189697265625e+00,7.773510813713073730e-01,7.773510813713073730e-01,1.179201841354370117e+00,1.986005343496799469e-03,2.536808013916015625e+00,2.536808013916015625e+00,1.979287624359130859e+00,1.933564186096191406e+00,4.058241844177246094e+00,4.058241844177246094e+00,3.245674848556518555e+00,3.277561902999877930e+00,1.807009506225585938e+01,1.807009506225585938e+01,1.406116199493408203e+01,1.368809986114501953e+01
1.730000000000000000e+02,2.772426986694335938e+01,2.772426986694335938e+01,2.328285026550292969e+01,2.221475410461425781e+01,2.221338844299316406e+01,2.221338844299316406e+01,1.643394660949707031e+01,1.596453857421875000e+01,5.715342998504638672e+00,5.715342998504638672e+00,5.017515182495117188e+00,3.194540023803710938e+00,7.419359087944030762e-01,7.419359087944030762e-01,1.186628580093383789e+00,0.000000000000000000e+00,2.269299745559692383e+00,2.269299745559692383e+00,1.764570236206054688e+00,1.728749752044677734e+00,3.600290060043334961e+00,3.600290060043334961e+00,2.862978458404541016e+00,2.907393693923950195e+00,1.797006607055664062e+01,1.797006607055664062e+01,1.398238945007324219e+01,1.358850002288818359e+01
1.740000000000000000e+02,2.772927474975585938e+01,2.772927474975585938e+01,2.362170410156250000e+01,2.240183448791503906e+01,2.212528228759765625e+01,2.212528228759765625e+01,1.648339080810546875e+01,1.593005180358886719e+01,5.233761787414550781e+00,5.233761787414550781e+00,4.661897182464599609e+00,2.860335111618041992e+00,7.091304659843444824e-01,7.091304659843444824e-01,1.184322476387023926e+00,0.000000000000000000e+00,1.982966899871826172e+00,1.982966899871826172e+00,1.542053461074829102e+00,1.512155532836914062e+00,3.096421718597412109e+00,3.096421718597412109e+00,2.476632118225097656e+00,2.513284206390380859e+00,1.795766448974609375e+01,1.795766448974609375e+01,1.391399860382080078e+01,1.353741550445556641e+01
1.750000000000000000e+02,2.823121261596679688e+01,2.823121261596679688e+01,2.385911369323730469e+01,2.272281074523925781e+01,2.200185585021972656e+01,2.200185585021972656e+01,1.645304298400878906e+01,1.586711120605468750e+01,4.724623680114746094e+00,4.724623680114746094e+00,4.366439819335937500e+00,2.508160591125488281e+00,6.704171299934387207e-01,6.704171299934387207e-01,1.176625013351440430e+00,0.000000000000000000e+00,1.682160139083862305e+00,1.682160139083862305e+00,1.308552384376525879e+00,1.284538745880126953e+00,2.619683980941772461e+00,2.619683980941772461e+00,2.095396995544433594e+00,2.130001544952392578e+00,1.785580825805664062e+01,1.785580825805664062e+01,1.384872341156005859e+01,1.343962764739990234e+01
1.760000000000000000e+02,2.843389511108398438e+01,2.843389511108398438e+01,2.432975387573242188e+01,2.302542495727539062e+01,2.191460037231445312e+01,2.191460037231445312e+01,1.643712997436523438e+01,1.576334762573242188e+01,4.262978553771972656e+00,4.262978553771972656e+00,4.066367149353027344e+00,2.132850170135498047e+00,6.279858350753784180e-01,6.279858350753784180e-01,1.175036072731018066e+00,0.000000000000000000e+00,1.370714902877807617e+00,1.370714902877807617e+00,1.063591718673706055e+00,1.042609453201293945e+00,2.108694553375244141e+00,2.108694553375244141e+00,1.699950098991394043e+00,1.733428120613098145e+00,1.778096961975097656e+01,1.778096961975097656e+01,1.367128276824951172e+01,1.328873538970947266e+01
1.770000000000000000e+02,2.903191375732421875e+01,2.903191375732421875e+01,2.465393066406250000e+01,2.349392890930175781e+01,2.176592254638671875e+01,2.176592254638671875e+01,1.642336654663085938e+01,1.569108581542968750e+01,3.769318580627441406e+00,3.769318580627441406e+00,3.838376998901367188e+00,1.835928440093994141e+00,5.860288143157958984e-01,5.860288143157958984e-01,1.166786909103393555e+00,0.000000000000000000e+00,1.044503450393676758e+00,1.044503450393676758e+00,8.078923225402832031e-01,7.959564924240112305e-01,1.614442467689514160e+00,1.614442467689514160e+00,1.298108816146850586e+00,1.320993661880493164e+00,1.769282150268554688e+01,1.769282150268554688e+01,1.364300632476806641e+01,1.322671890258789062e+01
1.780000000000000000e+02,2.936548805236816406e+01,2.936548805236816406e+01,2.503767585754394531e+01,2.395734977722167969e+01,2.164334487915039062e+01,2.164334487915039062e+01,1.636061668395996094e+01,1.560832595825195312e+01,3.381084203720092773e+00,3.381084203720092773e+00,3.679450035095214844e+00,1.595888853073120117e+00,5.411000251770019531e-01,5.411000251770019531e-01,1.153423905372619629e+00,0.000000000000000000e+00,7.080171704292297363e-01,7.080171704292297363e-01,5.472261905670166016e-01,5.406144857406616211e-01,1.090628385543823242e+00,1.090628385543823242e+00,8.831877708435058594e-01,8.967136144638061523e-01,1.760791778564453125e+01,1.760791778564453125e+01,1.355089664459228516e+01,1.311577892303466797e+01
1.790000000000000000e+02,3.005214691162109375e+01,3.005214691162109375e+01,2.551855278015136719e+01,2.445010185241699219e+01,2.156043815612792969e+01,2.156043815612792969e+01,1.634080123901367188e+01,1.554947853088378906e+01,3.147232770919799805e+00,3.147232770919799805e+00,3.590860366821289062e+00,1.459553718566894531e+00,4.943794310092926025e-01,4.943794310092926025e-01,1.138322949409484863e+00,0.000000000000000000e+00,3.599357008934020996e-01,3.599357008934020996e-01,2.778332531452178955e-01,2.753499746322631836e-01,5.574892759323120117e-01,5.574892759323120117e-01,4.499712288379669189e-01,4.562444686889648438e-01,1.748904228210449219e+01,1.748904228210449219e+01,1.343575477600097656e+01,1.295582294464111328e+01
1.800000000000000000e+02,3.019494056701660156e+01,3.019494056701660156e+01,2.588921356201171875e+01,2.483676910400390625e+01,2.125486183166503906e+01,2.125486183166503906e+01,1.629166603088378906e+01,1.543980312347412109e+01,3.088800668716430664e+00,3.088800668716430664e+00,3.603670358657836914e+00,1.412242174148559570e+00,4.465216696262359619e-01,4.465216696262359619e-01,1.122581362724304199e+00,1.014360123008373193e-06,0.000000000000000000e+00,0.000000000000000000e+00,0.000000000000000000e+00,0.000000000000000000e+00,3.278831073316723632e-08,3.278831073316723632e-08,2.578976143752242933e-08,2.979557223170559155e-08,1.720315551757812500e+01,1.720315551757812500e+01,1.332716083526611328e+01,1.279533004760742188e+01
1.810000000000000000e+02,3.030900955200195312e+01,3.030900955200195312e+01,2.560072326660156250e+01,2.436873054504394531e+01,2.145527267456054688e+01,2.145527267456054688e+01,1.645244026184082031e+01,1.557635116577148438e+01,3.455270528793334961e+00,3.455270528793334961e+00,3.860557556152343750e+00,1.736776709556579590e+00,6.900078058242797852e-01,6.900078058242797852e-01,1.309231758117675781e+00,1.989405602216720581e-01,0.000000000000000000e+00,0.000000000000000000e+00,0.000000000000000000e+00,0.000000000000000000e+00,9.697218239307403564e-02,9.697218239307403564e-02,5.460462719202041626e-02,5.973487719893455505e-02,1.767775535583496094e+01,1.767775535583496094e+01,1.352281379699707031e+01,1.296932792663574219e+01
1.820000000000000000e+02,2.997074890136718750e+01,2.997074890136718750e+01,2.514367103576660156e+01,2.390920448303222656e+01,2.164287567138671875e+01,2.164287567138671875e+01,1.659060859680175781e+01,1.567889118194580078e+01,3.796557664871215820e+00,3.796557664871215820e+00,4.098693847656250000e+00,2.037421703338623047e+00,9.190958738327026367e-01,9.190958738327026367e-01,1.491078138351440430e+00,3.868179917335510254e-01,0.000000000000000000e+00,0.000000000000000000e+00,0.000000000000000000e+00,0.000000000000000000e+00,3.688166439533233643e-01,3.688166439533233643e-01,2.055687010288238525e-01,2.235280424356460571e-01,1.793202972412109375e+01,1.793202972412109375e+01,1.369687271118164062e+01,1.309434986114501953e+01
1.830000000000000000e+02,3.001902770996093750e+01,3.001902770996093750e+01,2.476248168945312500e+01,2.347737121582031250e+01,2.177650070190429688e+01,2.177650070190429688e+01,1.676547241210937500e+01,1.575283432006835938e+01,4.130141735076904297e+00,4.130141735076904297e+00,4.318415641784667969e+00,2.329047679901123047e+00,1.133322834968566895e+00,1.133322834968566895e+00,1.657692670822143555e+00,5.667876005172729492e-01,0.000000000000000000e+00,0.000000000000000000e+00,0.000000000000000000e+00,0.000000000000000000e+00,8.027756810188293457e-01,8.027756810188293457e-01,4.419226646423339844e-01,4.803239703178405762e-01,1.819430351257324219e+01,1.819430351257324219e+01,1.388639545440673828e+01,1.321704864501953125e+01
1.840000000000000000e+02,2.971165466308593750e+01,2.971165466308593750e+01,2.433300781250000000e+01,2.289954757690429688e+01,2.194023895263671875e+01,2.194023895263671875e+01,1.686344146728515625e+01,1.587507438659667969e+01,4.444237709045410156e+00,4.444237709045410156e+00,4.529821395874023438e+00,2.614980697631835938e+00,1.339123249053955078e+00,1.339123249053955078e+00,1.821551322937011719e+00,7.397212982177734375e-01,0.000000000000000000e+00,0.000000000000000000e+00,0.000000000000000000e+00,0.000000000000000000e+00,1.337003469467163086e+00,1.337003469467163086e+00,7.362850308418273926e-01,8.275030255317687988e-01,1.846179962158203125e+01,1.846179962158203125e+01,1.403959560394287109e+01,1.330465316772460938e+01
1.850000000000000000e+02,2.975942611694335938e+01,2.975942611694335938e+01,2.404853439331054688e+01,2.282894706726074219e+01,2.195563316345214844e+01,2.195563316345214844e+01,1.706474494934082031e+01,1.604115104675292969e+01,4.847186565399169922e+00,4.847186565399169922e+00,4.735921382904052734e+00,2.881604671478271484e+00,1.541537761688232422e+00,1.541537761688232422e+00,1.971985101699829102e+00,9.044510126113891602e-01,0.000000000000000000e+00,0.000000000000000000e+00,0.000000000000000000e+00,0.000000000000000000e+00,1.847586393356323242e+00,1.847586393356323242e+00,1.063883423805236816e+00,1.196619391441345215e+00,1.873219871520996094e+01,1.873219871520996094e+01,1.426104831695556641e+01,1.344387054443359375e+01
1.860000000000000000e+02,2.946399307250976562e+01,2.946399307250976562e+01,2.399865341186523438e+01,2.263476181030273438e+01,2.207486343383789062e+01,2.207486343383789062e+01,1.714515686035156250e+01,1.609237289428710938e+01,5.202675819396972656e+00,5.202675819396972656e+00,4.963865280151367188e+00,3.174491405487060547e+00,1.734801530838012695e+00,1.734801530838012695e+00,2.116318702697753906e+00,1.065617203712463379e+00,0.000000000000000000e+00,0.000000000000000000e+00,0.000000000000000000e+00,0.000000000000000000e+00,2.407803773880004883e+00,2.407803773880004883e+00,1.365944981575012207e+00,1.582958459854125977e+00,1.897769165039062500e+01,1.897769165039062500e+01,1.450656700134277344e+01,1.348996162414550781e+01
1.870000000000000000e+02,2.951501083374023438e+01,2.951501083374023438e+01,2.381031608581542969e+01,2.240833663940429688e+01,2.216812133789062500e+01,2.216812133789062500e+01,1.722892570495605469e+01,1.614577865600585938e+01,5.614930152893066406e+00,5.614930152893066406e+00,5.190675258636474609e+00,3.461714982986450195e+00,1.926297903060913086e+00,1.926297903060913086e+00,2.252685070037841797e+00,1.219360351562500000e+00,0.000000000000000000e+00,0.000000000000000000e+00,0.000000000000000000e+00,0.000000000000000000e+00,2.939630985260009766e+00,2.939630985260009766e+00,1.670170783996582031e+00,2.008090496063232422e+00,1.931316947937011719e+01,1.931316947937011719e+01,1.466511821746826172e+01,1.363495731353759766e+01
1.880000000000000000e+02,2.927662658691406250e+01,2.927662658691406250e+01,2.359849166870117188e+01,2.223243522644042969e+01,2.226032447814941406e+01,2.226032447814941406e+01,1.733121109008789062e+01,1.623503303527832031e+01,5.989531517028808594e+00,5.989531517028808594e+00,5.459541797637939453e+00,3.735604763031005859e+00,2.098560571670532227e+00,2.098560571670532227e+00,2.378056049346923828e+00,1.365788102149963379e+00,0.000000000000000000e+00,0.000000000000000000e+00,0.000000000000000000e+00,0.000000000000000000e+00,3.503087997436523438e+00,3.503087997436523438e+00,1.989531040191650391e+00,2.405596733093261719e+00,1.963290786743164062e+01,1.963290786743164062e+01,1.483918380737304688e+01,1.376952552795410156e+01
1.890000000000000000e+02,2.923451232910156250e+01,2.923451232910156250e+01,2.348961448669433594e+01,2.206588363647460938e+01,2.235903549194335938e+01,2.235903549194335938e+01,1.736891365051269531e+01,1.629878234863281250e+01,6.410182952880859375e+00,6.410182952880859375e+00,5.704125881195068359e+00,3.995015621185302734e+00,2.270786046981811523e+00,2.270786046981811523e+00,2.475540876388549805e+00,1.503895521163940430e+00,0.000000000000000000e+00,0.000000000000000000e+00,0.000000000000000000e+00,0.000000000000000000e+00,3.995058298110961914e+00,3.995058298110961914e+00,2.335356712341308594e+00,2.828148365020751953e+00,1.991791915893554688e+01,1.991791915893554688e+01,1.504919338226318359e+01,1.388503646850585938e+01
1.900000000000000000e+02,2.908593559265136719e+01,2.908593559265136719e+01,2.340186882019042969e+01,2.197017288208007812e+01,2.242497253417968750e+01,2.242497253417968750e+01,1.748565292358398438e+01,1.634925270080566406e+01,6.788781642913818359e+00,6.788781642913818359e+00,6.001712799072265625e+00,4.254434585571289062e+00,2.447498321533203125e+00,2.447498321533203125e+00,2.565974235534667969e+00,1.636013269424438477e+00,0.000000000000000000e+00,0.000000000000000000e+00,0.000000000000000000e+00,0.000000000000000000e+00,4.409471988677978516e+00,4.409471988677978516e+00,2.691898345947265625e+00,3.214215278625488281e+00,2.012825775146484375e+01,2.012825775146484375e+01,1.521172428131103516e+01,1.401235198974609375e+01
1.910000000000000000e+02,2.890662956237792969e+01,2.890662956237792969e+01,2.336553382873535156e+01,2.187047195434570312e+01,2.246945381164550781e+01,2.246945381164550781e+01,1.754360580444335938e+01,1.637525558471679688e+01,7.132022857666015625e+00,7.132022857666015625e+00,6.271248817443847656e+00,4.482334136962890625e+00,2.608850479125976562e+00,2.608850479125976562e+00,2.643770694732666016e+00,1.757285833358764648e+00,0.000000000000000000e+00,0.000000000000000000e+00,0.000000000000000000e+00,0.000000000000000000e+00,4.836406707763671875e+00,4.836406707763671875e+00,3.063005924224853516e+00,3.601000785827636719e+00,2.036136817932128906e+01,2.036136817932128906e+01,1.539118099212646484e+01,1.416674518585205078e+01
1.920000000000000000e+02,2.892636108398437500e+01,2.892636108398437500e+01,2.328349304199218750e+01,2.173641586303710938e+01,2.252505874633789062e+01,2.252505874633789062e+01,1.757699966430664062e+01,1.638014602661132812e+01,7.534529209136962891e+00,7.534529209136962891e+00,6.501471519470214844e+00,4.701102733612060547e+00,2.747531890869140625e+00,2.747531890869140625e+00,2.715320825576782227e+00,1.871273517608642578e+00,0.000000000000000000e+00,0.000000000000000000e+00,0.000000000000000000e+00,0.000000000000000000e+00,5.253096580505371094e+00,5.253096580505371094e+00,3.442968130111694336e+00,3.983742713928222656e+00,2.053948783874511719e+01,2.053948783874511719e+01,1.556996917724609375e+01,1.436642932891845703e+01
1.930000000000000000e+02,2.882550430297851562e+01,2.882550430297851562e+01,2.325006103515625000e+01,2.166486358642578125e+01,2.261668777465820312e+01,2.261668777465820312e+01,1.767129707336425781e+01,1.638966941833496094e+01,7.896904945373535156e+00,7.896904945373535156e+00,6.761921405792236328e+00,4.943132877349853516e+00,2.872859477996826172e+00,2.872859477996826172e+00,2.770829200744628906e+00,1.976843237876892090e+00,0.000000000000000000e+00,0.000000000000000000e+00,0.000000000000000000e+00,0.000000000000000000e+00,5.667076110839843750e+00,5.667076110839843750e+00,3.778415918350219727e+00,4.393836975097656250e+00,2.073214340209960938e+01,2.073214340209960938e+01,1.576746273040771484e+01,1.449575996398925781e+01
1.940000000000000000e+02,2.889318466186523438e+01,2.889318466186523438e+01,2.315038299560546875e+01,2.156298446655273438e+01,2.264982414245605469e+01,2.264982414245605469e+01,1.773470306396484375e+01,1.641042709350585938e+01,8.241542816162109375e+00,8.241542816162109375e+00,7.011225223541259766e+00,5.156709194183349609e+00,2.978715896606445312e+00,2.978715896606445312e+00,2.833353042602539062e+00,2.074185371398925781e+00,0.000000000000000000e+00,0.000000000000000000e+00,0.000000000000000000e+00,0.000000000000000000e+00,6.065809726715087891e+00,6.065809726715087891e+00,4.084877490997314453e+00,4.773825645446777344e+00,2.100638771057128906e+01,2.100638771057128906e+01,1.594394397735595703e+01,1.463214874267578125e+01
1.950000000000000000e+02,2.900150489807128906e+01,2.900150489807128906e+01,2.314659500122070312e+01,2.140776443481445312e+01,2.269515609741210938e+01,2.269515609741210938e+01,1.770219421386718750e+01,1.644126319885253906e+01,8.617337226867675781e+00,8.617337226867675781e+00,7.252344608306884766e+00,5.388293266296386719e+00,3.073261499404907227e+00,3.073261499404907227e+00,2.873855352401733398e+00,2.165443658828735352e+00,0.000000000000000000e+00,0.000000000000000000e+00,0.000000000000000000e+00,0.000000000000000000e+00,6.455612182617187500e+00,6.455612182617187500e+00,4.407797813415527344e+00,5.105361461639404297e+00,2.126340484619140625e+01,2.126340484619140625e+01,1.613602066040039062e+01,1.476073360443115234e+01
1.960000000000000000e+02,2.904054641723632812e+01,2.904054641723632812e+01,2.305558967590332031e+01,2.145816230773925781e+01,2.269002151489257812e+01,2.269002151489257812e+01,1.783451271057128906e+01,1.644363403320312500e+01,8.944989204406738281e+00,8.944989204406738281e+00,7.483949661254882812e+00,5.594627380371093750e+00,3.151873588562011719e+00,3.151873588562011719e+00,2.912939548492431641e+00,2.234732151031494141e+00,0.000000000000000000e+00,0.000000000000000000e+00,0.000000000000000000e+00,0.000000000000000000e+00,6.847789764404296875e+00,6.847789764404296875e+00,4.728240489959716797e+00,5.402140617370605469e+00,2.133300399780273438e+01,2.133300399780273438e+01,1.631471824645996094e+01,1.492485713958740234e+01
1.970000000000000000e+02,2.898995590209960938e+01,2.898995590209960938e+01,2.300398635864257812e+01,2.143713378906250000e+01,2.272785758972167969e+01,2.272785758972167969e+01,1.788781738281250000e+01,1.637790489196777344e+01,9.253851890563964844e+00,9.253851890563964844e+00,7.719654083251953125e+00,5.763174533843994141e+00,3.223096847534179688e+00,3.223096847534179688e+00,2.946693658828735352e+00,2.301280498504638672e+00,0.000000000000000000e+00,0.000000000000000000e+00,0.000000000000000000e+00,0.000000000000000000e+00,7.199406147003173828e+00,7.199406147003173828e+00,5.036715507507324219e+00,5.699340820312500000e+00,2.164078140258789062e+01,2.164078140258789062e+01,1.649729728698730469e+01,1.507811832427978516e+01
1.980000000000000000e+02,2.897166442871093750e+01,2.897166442871093750e+01,2.309256362915039062e+01,2.142476272583007812e+01,2.271718978881835938e+01,2.271718978881835938e+01,1.793074798583984375e+01,1.626945495605468750e+01,9.492461204528808594e+00,9.492461204528808594e+00,7.972993850708007812e+00,5.971224784851074219e+00,3.259492158889770508e+00,3.259492158889770508e+00,2.938705444335937500e+00,2.353197336196899414e+00,0.000000000000000000e+00,0.000000000000000000e+00,0.000000000000000000e+00,0.000000000000000000e+00,7.565663814544677734e+00,7.565663814544677734e+00,5.335803031921386719e+00,5.980903625488281250e+00,2.173316574096679688e+01,2.173316574096679688e+01,1.668676376342773438e+01,1.517422676086425781e+01
1.990000000000000000e+02,2.905125808715820312e+01,2.905125808715820312e+01,2.311063575744628906e+01,2.146503257751464844e+01,2.272967147827148438e+01,2.272967147827148438e+01,1.799818992614746094e+01,1.621262741088867188e+01,9.825360298156738281e+00,9.825360298156738281e+00,8.165975570678710938e+00,6.137400627136230469e+00,3.287524938583374023e+00,3.287524938583374023e+00,2.922663211822509766e+00,2.410934925079345703e+00,0.000000000000000000e+00,0.000000000000000000e+00,0.000000000000000000e+00,0.000000000000000000e+00,7.905292987823486328e+00,7.905292987823486328e+00,5.645610332489013672e+00,6.248260021209716797e+00,2.203224945068359375e+01,2.203224945068359375e+01,1.683103752136230469e+01,1.528039169311523438e+01
2.000000000000000000e+02,2.914039039611816406e+01,2.914039039611816406e+01,2.319214248657226562e+01,2.151681518554687500e+01,2.273227691650390625e+01,2.273227691650390625e+01,1.805265808105468750e+01,1.611472892761230469e+01,1.016805362701416016e+01,1.016805362701416016e+01,8.367919921875000000e+00,6.282550334930419922e+00,3.303599834442138672e+00,3.303599834442138672e+00,2.912176609039306641e+00,2.449850559234619141e+00,0.000000000000000000e+00,0.000000000000000000e+00,0.000000000000000000e+00,0.000000000000000000e+00,8.275667190551757812e+00,8.275667190551757812e+00,5.970020294189453125e+00,6.506817340850830078e+00,2.219574737548828125e+01,2.219574737548828125e+01,1.701508903503417969e+01,1.546460151672363281e+01
2.010000000000000000e+02,2.910923576354980469e+01,2.910923576354980469e+01,2.321301460266113281e+01,2.143656158447265625e+01,2.269999313354492188e+01,2.269999313354492188e+01,1.812038421630859375e+01,1.606414413452148438e+01,1.044274806976318359e+01,1.044274806976318359e+01,8.581914901733398438e+00,6.434322834014892578e+00,3.300832033157348633e+00,3.300832033157348633e+00,2.882725238800048828e+00,2.474687099456787109e+00,0.000000000000000000e+00,0.000000000000000000e+00,0.000000000000000000e+00,0.000000000000000000e+00,8.576951980590820312e+00,8.576951980590820312e+00,6.259544849395751953e+00,6.771371841430664062e+00,2.234520339965820312e+01,2.234520339965820312e+01,1.718002891540527344e+01,1.558094406127929688e+01
2.020000000000000000e+02,2.918439102172851562e+01,2.918439102172851562e+01,2.322862625122070312e+01,2.158758544921875000e+01,2.268890380859375000e+01,2.268890380859375000e+01,1.811814498901367188e+01,1.596155834197998047e+01,1.070397090911865234e+01,1.070397090911865234e+01,8.771371841430664062e+00,6.565399169921875000e+00,3.275653362274169922e+00,3.275653362274169922e+00,2.840533256530761719e+00,2.470063209533691406e+00,0.000000000000000000e+00,0.000000000000000000e+00,0.000000000000000000e+00,0.000000000000000000e+00,8.911600112915039062e+00,8.911600112915039062e+00,6.578153610229492188e+00,7.015032768249511719e+00,2.250106620788574219e+01,2.250106620788574219e+01,1.733269882202148438e+01,1.566442108154296875e+01
2.030000000000000000e+02,2.921931457519531250e+01,2.921931457519531250e+01,2.311596679687500000e+01,2.161619186401367188e+01,2.266228866577148438e+01,2.266228866577148438e+01,1.815746688842773438e+01,1.590242004394531250e+01,1.092872619628906250e+01,1.092872619628906250e+01,8.956590652465820312e+00,6.705411911010742188e+00,3.270903110504150391e+00,3.270903110504150391e+00,2.799587726593017578e+00,2.506715297698974609e+00,0.000000000000000000e+00,0.000000000000000000e+00,0.000000000000000000e+00,0.000000000000000000e+00,9.200613021850585938e+00,9.200613021850585938e+00,6.865388393402099609e+00,7.217102527618408203e+00,2.271665954589843750e+01,2.271665954589843750e+01,1.750740242004394531e+01,1.581586265563964844e+01
2.040000000000000000e+02,2.925473403930664062e+01,2.925473403930664062e+01,2.332105064392089844e+01,2.165907859802246094e+01,2.268559265136718750e+01,2.268559265136718750e+01,1.819237327575683594e+01,1.586658573150634766e+01,1.108714580535888672e+01,1.108714580535888672e+01,9.109467506408691406e+00,6.798466682434082031e+00,3.242619991302490234e+00,3.242619991302490234e+00,2.732908010482788086e+00,2.512212991714477539e+00,0.000000000000000000e+00,0.000000000000000000e+00,0.000000000000000000e+00,0.000000000000000000e+00,9.497889518737792969e+00,9.497889518737792969e+00,7.155641078948974609e+00,7.439990043640136719e+00,2.286134529113769531e+01,2.286134529113769531e+01,1.759549903869628906e+01,1.594321632385253906e+01
2.050000000000000000e+02,2.933837127685546875e+01,2.933837127685546875e+01,2.334159469604492188e+01,2.180252075195312500e+01,2.263348388671875000e+01,2.263348388671875000e+01,1.821808624267578125e+01,1.578446769714355469e+01,1.139295673370361328e+01,1.139295673370361328e+01,9.283449172973632812e+00,6.929371356964111328e+00,3.209412813186645508e+00,3.209412813186645508e+00,2.672631263732910156e+00,2.489052772521972656e+00,0.000000000000000000e+00,0.000000000000000000e+00,0.000000000000000000e+00,0.000000000000000000e+00,9.772168159484863281e+00,9.772168159484863281e+00,7.434030532836914062e+00,7.654744625091552734e+00,2.296542358398437500e+01,2.296542358398437500e+01,1.774426078796386719e+01,1.609706115722656250e+01
2.060000000000000000e+02,2.941360855102539062e+01,2.941360855102539062e+01,2.340146255493164062e+01,2.188531303405761719e+01,2.259611892700195312e+01,2.259611892700195312e+01,1.827423477172851562e+01,1.575582885742187500e+01,1.161588573455810547e+01,1.161588573455810547e+01,9.430243492126464844e+00,6.992029190063476562e+00,3.155982494354248047e+00,3.155982494354248047e+00,2.602446079254150391e+00,2.487868785858154297e+00,0.000000000000000000e+00,0.000000000000000000e+00,0.000000000000000000e+00,0.000000000000000000e+00,1.004893112182617188e+01,1.004893112182617188e+01,7.714184284210205078e+00,7.864861965179443359e+00,2.293950271606445312e+01,2.293950271606445312e+01,1.786727523803710938e+01,1.620959854125976562e+01
2.070000000000000000e+02,2.942916107177734375e+01,2.942916107177734375e+01,2.344375228881835938e+01,2.201231956481933594e+01,2.253299713134765625e+01,2.253299713134765625e+01,1.830348205566406250e+01,1.568371963500976562e+01,1.175934028625488281e+01,1.175934028625488281e+01,9.543740272521972656e+00,7.104693412780761719e+00,3.109297275543212891e+00,3.109297275543212891e+00,2.534892082214355469e+00,2.457956314086914062e+00,0.000000000000000000e+00,0.000000000000000000e+00,0.000000000000000000e+00,0.000000000000000000e+00,1.029327201843261719e+01,1.029327201843261719e+01,7.984025001525878906e+00,8.023566246032714844e+00,2.303271865844726562e+01,2.303271865844726562e+01,1.797608375549316406e+01,1.630551910400390625e+01
2.080000000000000000e+02,2.954399490356445312e+01,2.954399490356445312e+01,2.351606369018554688e+01,2.215002632141113281e+01,2.250518798828125000e+01,2.250518798828125000e+01,1.832066535949707031e+01,1.565085411071777344e+01,1.198779678344726562e+01,1.198779678344726562e+01,9.700542449951171875e+00,7.211830139160156250e+00,3.022529125213623047e+00,3.022529125213623047e+00,2.454550743103027344e+00,2.415864706039428711e+00,0.000000000000000000e+00,0.000000000000000000e+00,0.000000000000000000e+00,0.000000000000000000e+00,1.055026435852050781e+01,1.055026435852050781e+01,8.243005752563476562e+00,8.196826934814453125e+00,2.315732955932617188e+01,2.315732955932617188e+01,1.816517257690429688e+01,1.637763786315917969e+01
2.090000000000000000e+02,2.961015319824218750e+01,2.961015319824218750e+01,2.360659790039062500e+01,2.223427200317382812e+01,2.250394058227539062e+01,2.250394058227539062e+01,1.836370468139648438e+01,1.565164756774902344e+01,1.212349891662597656e+01,1.212349891662597656e+01,9.802657127380371094e+00,7.284923553466796875e+00,2.962064743041992188e+00,2.962064743041992188e+00,2.360807895660400391e+00,2.365590572357177734e+00,0.000000000000000000e+00,0.000000000000000000e+00,0.000000000000000000e+00,0.000000000000000000e+00,1.077096271514892578e+01,1.077096271514892578e+01,8.500786781311035156e+00,8.372383117675781250e+00,2.335178184509277344e+01,2.335178184509277344e+01,1.821543312072753906e+01,1.646495056152343750e+01
2.100000000000000000e+02,2.973090553283691406e+01,2.973090553283691406e+01,2.364708328247070312e+01,2.234299468994140625e+01,2.242311859130859375e+01,2.242311859130859375e+01,1.839996147155761719e+01,1.558636856079101562e+01,1.228132915496826172e+01,1.228132915496826172e+01,9.969579696655273438e+00,7.408917427062988281e+00,2.839130878448486328e+00,2.839130878448486328e+00,2.256049156188964844e+00,2.300244808197021484e+00,0.000000000000000000e+00,0.000000000000000000e+00,0.000000000000000000e+00,0.000000000000000000e+00,1.096338367462158203e+01,1.096338367462158203e+01,8.668301582336425781e+00,8.476036071777343750e+00,2.331354713439941406e+01,2.331354713439941406e+01,1.828481292724609375e+01,1.649137496948242188e+01
2.110000000000000000e+02,2.976606750488281250e+01,2.976606750488281250e+01,2.373886108398437500e+01,2.244032669067382812e+01,2.241450500488281250e+01,2.241450500488281250e+01,1.842831993103027344e+01,1.558548927307128906e+01,1.240956783294677734e+01,1.240956783294677734e+01,1.004984092712402344e+01,7.499703407287597656e+00,2.729037761688232422e+00,2.729037761688232422e+00,2.139702081680297852e+00,2.201917648315429688e+00,0.000000000000000000e+00,0.000000000000000000e+00,0.000000000000000000e+00,0.000000000000000000e+00,1.115582466125488281e+01,1.115582466125488281e+01,8.804740905761718750e+00,8.639897346496582031e+00,2.328155136108398438e+01,2.328155136108398438e+01,1.842329597473144531e+01,1.659384727478027344e+01
2.120000000000000000e+02,2.983752441406250000e+01,2.983752441406250000e+01,2.379975128173828125e+01,2.252044105529785156e+01,2.243969726562500000e+01,2.243969726562500000e+01,1.849923515319824219e+01,1.559441184997558594e+01,1.246549415588378906e+01,1.246549415588378906e+01,1.012968444824218750e+01,7.603219985961914062e+00,2.606336116790771484e+00,2.606336116790771484e+00,2.021764516830444336e+00,2.051539421081542969e+00,0.000000000000000000e+00,0.000000000000000000e+00,0.000000000000000000e+00,0.000000000000000000e+00,1.130704975128173828e+01,1.130704975128173828e+01,8.911054611206054688e+00,8.729349136352539062e+00,2.331687164306640625e+01,2.331687164306640625e+01,1.865623092651367188e+01,1.664335823059082031e+01
2.130000000000000000e+02,2.993508148193359375e+01,2.993508148193359375e+01,2.390190315246582031e+01,2.256355285644531250e+01,2.255679893493652344e+01,2.255679893493652344e+01,1.853226470947265625e+01,1.563039207458496094e+01,1.265367603302001953e+01,1.265367603302001953e+01,1.020914840698242188e+01,7.687129020690917969e+00,2.461589813232421875e+00,2.461589813232421875e+00,1.887975692749023438e+00,1.891458034515380859e+00,0.000000000000000000e+00,0.000000000000000000e+00,0.000000000000000000e+00,0.000000000000000000e+00,1.147691154479980469e+01,1.147691154479980469e+01,9.001039505004882812e+00,8.844891548156738281e+00,2.338747978210449219e+01,2.338747978210449219e+01,1.873618888854980469e+01,1.668698501586914062e+01
2.140000000000000000e+02,2.998583221435546875e+01,2.998583221435546875e+01,2.397415161132812500e+01,2.261836242675781250e+01,2.256558418273925781e+01,2.256558418273925781e+01,1.858324050903320312e+01,1.564054107666015625e+01,1.269308090209960938e+01,1.269308090209960938e+01,1.032222747802734375e+01,7.781097412109375000e+00,2.319963455200195312e+00,2.319963455200195312e+00,1.749356865882873535e+00,1.738275885581970215e+00,0.000000000000000000e+00,0.000000000000000000e+00,0.000000000000000000e+00,0.000000000000000000e+00,1.158199119567871094e+01,1.158199119567871094e+01,9.085213661193847656e+00,8.914384841918945312e+00,2.331099319458007812e+01,2.331099319458007812e+01,1.899101257324218750e+01,1.679795265197753906e+01
2.150000000000000000e+02,3.005850410461425781e+01,3.005850410461425781e+01,2.403919219970703125e+01,2.270013618469238281e+01,2.271293830871582031e+01,2.271293830871582031e+01,1.861945533752441406e+01,1.565198612213134766e+01,1.278957366943359375e+01,1.278957366943359375e+01,1.039454936981201172e+01,7.858709335327148438e+00,2.139633893966674805e+00,2.139633893966674805e+00,1.594989180564880371e+00,1.577907323837280273e+00,0.000000000000000000e+00,0.000000000000000000e+00,0.000000000000000000e+00,0.000000000000000000e+00,1.174456310272216797e+01,1.174456310272216797e+01,9.207843780517578125e+00,9.023773193359375000e+00,2.329318237304687500e+01,2.329318237304687500e+01,1.910848236083984375e+01,1.688430213928222656e+01
2.160000000000000000e+02,3.011984634399414062e+01,3.011984634399414062e+01,2.414511871337890625e+01,2.274113845825195312e+01,2.282172966003417969e+01,2.282172966003417969e+01,1.878486824035644531e+01,1.572297573089599609e+01,1.287686252593994141e+01,1.287686252593994141e+01,1.043081474304199219e+01,7.920524597167968750e+00,1.978143095970153809e+00,1.978143095970153809e+00,1.423405170440673828e+00,1.394902348518371582e+00,0.000000000000000000e+00,0.000000000000000000e+00,0.000000000000000000e+00,0.000000000000000000e+00,1.184937095642089844e+01,1.184937095642089844e+01,9.328088760375976562e+00,9.053467750549316406e+00,2.327109909057617188e+01,2.327109909057617188e+01,1.929525566101074219e+01,1.693203926086425781e+01
2.170000000000000000e+02,3.017349815368652344e+01,3.017349815368652344e+01,2.416453552246093750e+01,2.319552993774414062e+01,2.281597518920898438e+01,2.281597518920898438e+01,1.881846427917480469e+01,1.582240676879882812e+01,1.289867305755615234e+01,1.289867305755615234e+01,1.048969650268554688e+01,8.016716003417968750e+00,1.783270835876464844e+00,1.783270835876464844e+00,1.246296882629394531e+00,1.197045326232910156e+00,0.000000000000000000e+00,0.000000000000000000e+00,0.000000000000000000e+00,0.000000000000000000e+00,1.197202110290527344e+01,1.197202110290527344e+01,9.411828994750976562e+00,9.126833915710449219e+00,2.310583114624023438e+01,2.310583114624023438e+01,1.943733024597167969e+01,1.698377990722656250e+01
2.180000000000000000e+02,3.023309707641601562e+01,3.023309707641601562e+01,2.421388626098632812e+01,2.290029716491699219e+01,2.290611267089843750e+01,2.290611267089843750e+01,1.892691040039062500e+01,1.587609863281250000e+01,1.283143520355224609e+01,1.283143520355224609e+01,1.050373077392578125e+01,8.109041213989257812e+00,1.574229121208190918e+00,1.574229121208190918e+00,1.070442438125610352e+00,1.016444563865661621e+00,0.000000000000000000e+00,0.000000000000000000e+00,0.000000000000000000e+00,0.000000000000000000e+00,1.206029891967773438e+01,1.206029891967773438e+01,9.469934463500976562e+00,9.168119430541992188e+00,2.317092895507812500e+01,2.317092895507812500e+01,1.954519462585449219e+01,1.700738143920898438e+01
2.190000000000000000e+02,3.028261566162109375e+01,3.028261566162109375e+01,2.432032394409179688e+01,2.297181892395019531e+01,2.286849403381347656e+01,2.286849403381347656e+01,1.894118118286132812e+01,1.595634555816650391e+01,1.279637813568115234e+01,1.279637813568115234e+01,1.050842380523681641e+01,8.108444213867187500e+00,1.357844352722167969e+00,1.357844352722167969e+00,8.504847884178161621e-01,8.315780758857727051e-01,0.000000000000000000e+00,0.000000000000000000e+00,0.000000000000000000e+00,0.000000000000000000e+00,1.220159244537353516e+01,1.220159244537353516e+01,9.518172264099121094e+00,9.230366706848144531e+00,2.294589233398437500e+01,2.294589233398437500e+01,1.965960693359375000e+01,1.708633804321289062e+01
2.200000000000000000e+02,3.029607009887695312e+01,3.029607009887695312e+01,2.432026290893554688e+01,2.302403450012207031e+01,2.298897361755371094e+01,2.298897361755371094e+01,1.905241775512695312e+01,1.601456832885742188e+01,1.286404228210449219e+01,1.286404228210449219e+01,1.050657558441162109e+01,8.180254936218261719e+00,1.065112829208374023e+00,1.065112829208374023e+00,6.330319046974182129e-01,6.578111648559570312e-01,0.000000000000000000e+00,0.000000000000000000e+00,0.000000000000000000e+00,0.000000000000000000e+00,1.223826789855957031e+01,1.223826789855957031e+01,9.554409027099609375e+00,9.244925498962402344e+00,2.311928176879882812e+01,2.311928176879882812e+01,1.974962043762207031e+01,1.712131500244140625e+01
2.210000000000000000e+02,3.033993530273437500e+01,3.033993530273437500e+01,2.437584877014160156e+01,2.308900833129882812e+01,2.297781372070312500e+01,2.297781372070312500e+01,1.914578628540039062e+01,1.607934761047363281e+01,1.278294563293457031e+01,1.278294563293457031e+01,1.050676441192626953e+01,8.187128067016601562e+00,7.564589977264404297e-01,7.564589977264404297e-01,4.225328564643859863e-01,4.653154611587524414e-01,0.000000000000000000e+00,0.000000000000000000e+00,0.000000000000000000e+00,0.000000000000000000e+00,1.229932785034179688e+01,1.229932785034179688e+01,9.501282691955566406e+00,9.206957817077636719e+00,2.306005859375000000e+01,2.306005859375000000e+01,1.995339965820312500e+01,1.725812149047851562e+01
2.220000000000000000e+02,3.031505203247070312e+01,3.031505203247070312e+01,2.438663482666015625e+01,2.310344505310058594e+01,2.314765739440917969e+01,2.314765739440917969e+01,1.931979370117187500e+01,1.622283744812011719e+01,1.281258773803710938e+01,1.281258773803710938e+01,1.047660636901855469e+01,8.168609619140625000e+00,4.753503203392028809e-01,4.753503203392028809e-01,2.488616108894348145e-01,2.763910293579101562e-01,0.000000000000000000e+00,0.000000000000000000e+00,0.000000000000000000e+00,0.000000000000000000e+00,1.232133865356445312e+01,1.232133865356445312e+01,9.554011344909667969e+00,9.221535682678222656e+00,2.329178619384765625e+01,2.329178619384765625e+01,2.004550552368164062e+01,1.748075485229492188e+01
2.230000000000000000e+02,3.034556579589843750e+01,3.034556579589843750e+01,2.443795776367187500e+01,2.318069458007812500e+01,2.319299125671386719e+01,2.319299125671386719e+01,1.970119285583496094e+01,1.656323623657226562e+01,1.274730014801025391e+01,1.274730014801025391e+01,1.045175933837890625e+01,8.225030899047851562e+00,2.265545725822448730e-01,2.265545725822448730e-01,1.175290271639823914e-01,1.318128556013107300e-01,0.000000000000000000e+00,0.000000000000000000e+00,0.000000000000000000e+00,0.000000000000000000e+00,1.233883476257324219e+01,1.233883476257324219e+01,9.561281204223632812e+00,9.196580886840820312e+00,2.334085845947265625e+01,2.334085845947265625e+01,2.032154846191406250e+01,1.756859970092773438e+01
2.240000000000000000e+02,3.047502899169921875e+01,3.047502899169921875e+01,2.449182510375976562e+01,2.320291137695312500e+01,2.358048057556152344e+01,2.358048057556152344e+01,2.016150665283203125e+01,1.699426841735839844e+01,1.261857795715332031e+01,1.261857795715332031e+01,1.045532512664794922e+01,8.184993743896484375e+00,6.092781201004981995e-02,6.092781201004981995e-02,3.157306089997291565e-02,3.609653562307357788e-02,0.000000000000000000e+00,0.000000000000000000e+00,0.000000000000000000e+00,0.000000000000000000e+00,1.231852531433105469e+01,1.231852531433105469e+01,9.544172286987304688e+00,9.126324653625488281e+00,2.363216590881347656e+01,2.363216590881347656e+01,2.053622817993164062e+01,1.773419189453125000e+01
2.250000000000000000e+02,3.021875762939453125e+01,3.021875762939453125e+01,2.455629539489746094e+01,2.320281028747558594e+01,2.380908584594726562e+01,2.380908584594726562e+01,2.060587692260742188e+01,1.747521591186523438e+01,1.253082466125488281e+01,1.253082466125488281e+01,1.041235160827636719e+01,8.204037666320800781e+00,1.878565214497029956e-08,1.878565214497029956e-08,1.461031295946213504e-08,1.861788589962998230e-08,0.000000000000000000e+00,0.000000000000000000e+00,0.000000000000000000e+00,0.000000000000000000e+00,1.216465187072753906e+01,1.216465187072753906e+01,9.532208442687988281e+00,9.048374176025390625e+00,2.354007339477539062e+01,2.354007339477539062e+01,2.066812133789062500e+01,1.773492431640625000e+01
2.260000000000000000e+02,3.033498191833496094e+01,3.033498191833496094e+01,2.454629898071289062e+01,2.323851013183593750e+01,2.391429138183593750e+01,2.391429138183593750e+01,2.044729423522949219e+01,1.733721351623535156e+01,1.261819458007812500e+01,1.261819458007812500e+01,1.038950061798095703e+01,8.200636863708496094e+00,0.000000000000000000e+00,0.000000000000000000e+00,0.000000000000000000e+00,0.000000000000000000e+00,6.737128645181655884e-02,6.737128645181655884e-02,3.793748468160629272e-02,4.150180891156196594e-02,1.228187179565429688e+01,1.228187179565429688e+01,9.543110847473144531e+00,9.010816574096679688e+00,2.335835647583007812e+01,2.335835647583007812e+01,2.027232360839843750e+01,1.731484031677246094e+01
2.270000000000000000e+02,3.037248611450195312e+01,3.037248611450195312e+01,2.458483886718750000e+01,2.320463943481445312e+01,2.359144973754882812e+01,2.359144973754882812e+01,2.027148056030273438e+01,1.725775527954101562e+01,1.253426551818847656e+01,1.253426551818847656e+01,1.035386180877685547e+01,8.106006622314453125e+00,0.000000000000000000e+00,0.000000000000000000e+00,0.000000000000000000e+00,0.000000000000000000e+00,2.516865134239196777e-01,2.516865134239196777e-01,1.402839720249176025e-01,1.525396108627319336e-01,1.223723411560058594e+01,1.223723411560058594e+01,9.540905952453613281e+00,8.935947418212890625e+00,2.299922752380371094e+01,2.299922752380371094e+01,1.983994293212890625e+01,1.677786254882812500e+01
2.280000000000000000e+02,3.038153076171875000e+01,3.038153076171875000e+01,2.456285095214843750e+01,2.329852676391601562e+01,2.353200531005859375e+01,2.353200531005859375e+01,2.003530502319335938e+01,1.712319374084472656e+01,1.243210220336914062e+01,1.243210220336914062e+01,1.027735710144042969e+01,8.048447608947753906e+00,0.000000000000000000e+00,0.000000000000000000e+00,0.000000000000000000e+00,0.000000000000000000e+00,5.378969907760620117e-01,5.378969907760620117e-01,2.961093187332153320e-01,3.218407928943634033e-01,1.219143867492675781e+01,1.219143867492675781e+01,9.548915863037109375e+00,8.855691909790039062e+00,2.299180221557617188e+01,2.299180221557617188e+01,1.944276428222656250e+01,1.650822448730468750e+01
2.290000000000000000e+02,3.042749595642089844e+01,3.042749595642089844e+01,2.460870170593261719e+01,2.326224517822265625e+01,2.317644309997558594e+01,2.317644309997558594e+01,1.980961418151855469e+01,1.699266624450683594e+01,1.231493091583251953e+01,1.231493091583251953e+01,1.020798778533935547e+01,8.002373695373535156e+00,0.000000000000000000e+00,0.000000000000000000e+00,0.000000000000000000e+00,0.000000000000000000e+00,8.792607188224792480e-01,8.792607188224792480e-01,4.842104315757751465e-01,5.442180633544921875e-01,1.214167881011962891e+01,1.214167881011962891e+01,9.532373428344726562e+00,8.750834465026855469e+00,2.280111694335937500e+01,2.280111694335937500e+01,1.927847099304199219e+01,1.631185150146484375e+01
2.300000000000000000e+02,3.031953048706054688e+01,3.031953048706054688e+01,2.455446815490722656e+01,2.327547454833984375e+01,2.330035591125488281e+01,2.330035591125488281e+01,1.959049415588378906e+01,1.685543060302734375e+01,1.221183967590332031e+01,1.221183967590332031e+01,1.012388992309570312e+01,7.949725627899169922e+00,0.000000000000000000e+00,0.000000000000000000e+00,0.000000000000000000e+00,0.000000000000000000e+00,1.192142963409423828e+00,1.192142963409423828e+00,6.865037679672241211e-01,7.721109390258789062e-01,1.208701133728027344e+01,1.208701133728027344e+01,9.558141708374023438e+00,8.675088882446289062e+00,2.291159057617187500e+01,2.291159057617187500e+01,1.907327461242675781e+01,1.615643501281738281e+01
2.310000000000000000e+02,3.031489753723144531e+01,3.031489753723144531e+01,2.459687423706054688e+01,2.328774642944335938e+01,2.312774276733398438e+01,2.312774276733398438e+01,1.937050437927246094e+01,1.678989601135253906e+01,1.208164215087890625e+01,1.208164215087890625e+01,1.004406261444091797e+01,7.922631263732910156e+00,0.000000000000000000e+00,0.000000000000000000e+00,0.000000000000000000e+00,0.000000000000000000e+00,1.523602485656738281e+00,1.523602485656738281e+00,8.642821311950683594e-01,1.001769423484802246e+00,1.200883293151855469e+01,1.200883293151855469e+01,9.586926460266113281e+00,8.536808013916015625e+00,2.276635360717773438e+01,2.276635360717773438e+01,1.894545173645019531e+01,1.620363998413085938e+01
2.320000000000000000e+02,3.026691436767578125e+01,3.026691436767578125e+01,2.461488723754882812e+01,2.325077056884765625e+01,2.333813667297363281e+01,2.333813667297363281e+01,1.925087547302246094e+01,1.676224899291992188e+01,1.198974609375000000e+01,1.198974609375000000e+01,9.939864158630371094e+00,7.884042739868164062e+00,0.000000000000000000e+00,0.000000000000000000e+00,0.000000000000000000e+00,0.000000000000000000e+00,1.823351979255676270e+00,1.823351979255676270e+00,1.036007404327392578e+00,1.245614051818847656e+00,1.197966766357421875e+01,1.197966766357421875e+01,9.549834251403808594e+00,8.457556724548339844e+00,2.280670928955078125e+01,2.280670928955078125e+01,1.883684158325195312e+01,1.608160781860351562e+01
2.330000000000000000e+02,3.022506141662597656e+01,3.022506141662597656e+01,2.452198219299316406e+01,2.323899841308593750e+01,2.329751396179199219e+01,2.329751396179199219e+01,1.917016410827636719e+01,1.672072219848632812e+01,1.183653450012207031e+01,1.183653450012207031e+01,9.825480461120605469e+00,7.837652206420898438e+00,0.000000000000000000e+00,0.000000000000000000e+00,0.000000000000000000e+00,0.000000000000000000e+00,2.128959894180297852e+00,2.128959894180297852e+00,1.208946108818054199e+00,1.462065219879150391e+00,1.193074703216552734e+01,1.193074703216552734e+01,9.520022392272949219e+00,8.368835449218750000e+00,2.265522766113281250e+01,2.265522766113281250e+01,1.874204826354980469e+01,1.595643615722656250e+01
2.340000000000000000e+02,3.021922683715820312e+01,3.021922683715820312e+01,2.464970207214355469e+01,2.323160934448242188e+01,2.346456146240234375e+01,2.346456146240234375e+01,1.900576591491699219e+01,1.667462539672851562e+01,1.168050193786621094e+01,1.168050193786621094e+01,9.678527832031250000e+00,7.777221679687500000e+00,0.000000000000000000e+00,0.000000000000000000e+00,0.000000000000000000e+00,0.000000000000000000e+00,2.377545356750488281e+00,2.377545356750488281e+00,1.390030980110168457e+00,1.683068990707397461e+00,1.185357856750488281e+01,1.185357856750488281e+01,9.504926681518554688e+00,8.264166831970214844e+00,2.263496589660644531e+01,2.263496589660644531e+01,1.868803977966308594e+01,1.585908317565917969e+01
2.350000000000000000e+02,3.014344024658203125e+01,3.014344024658203125e+01,2.442180252075195312e+01,2.318139839172363281e+01,2.351266860961914062e+01,2.351266860961914062e+01,1.904434967041015625e+01,1.664171600341796875e+01,1.154069519042968750e+01,1.154069519042968750e+01,9.526714324951171875e+00,7.717716217041015625e+00,0.000000000000000000e+00,0.000000000000000000e+00,0.000000000000000000e+00,0.000000000000000000e+00,2.568224906921386719e+00,2.568224906921386719e+00,1.567683458328247070e+00,1.871888399124145508e+00,1.172319507598876953e+01,1.172319507598876953e+01,9.459296226501464844e+00,8.160984992980957031e+00,2.253639221191406250e+01,2.253639221191406250e+01,1.864718818664550781e+01,1.583388328552246094e+01
2.360000000000000000e+02,3.009596252441406250e+01,3.009596252441406250e+01,2.448221206665039062e+01,2.312137222290039062e+01,2.337511825561523438e+01,2.337511825561523438e+01,1.900501251220703125e+01,1.653070449829101562e+01,1.133508205413818359e+01,1.133508205413818359e+01,9.344178199768066406e+00,7.636128902435302734e+00,0.000000000000000000e+00,0.000000000000000000e+00,0.000000000000000000e+00,0.000000000000000000e+00,2.754999399185180664e+00,2.754999399185180664e+00,1.744606256484985352e+00,2.051268100738525391e+00,1.160372352600097656e+01,1.160372352600097656e+01,9.423822402954101562e+00,8.070417404174804688e+00,2.243238067626953125e+01,2.243238067626953125e+01,1.866534805297851562e+01,1.575107002258300781e+01
2.370000000000000000e+02,3.000313377380371094e+01,3.000313377380371094e+01,2.447141265869140625e+01,2.304301452636718750e+01,2.351623153686523438e+01,2.351623153686523438e+01,1.888579750061035156e+01,1.640699005126953125e+01,1.108294582366943359e+01,1.108294582366943359e+01,9.166859626770019531e+00,7.549110412597656250e+00,0.000000000000000000e+00,0.000000000000000000e+00,0.000000000000000000e+00,0.000000000000000000e+00,2.925008296966552734e+00,2.925008296966552734e+00,1.917188405990600586e+00,2.218132734298706055e+00,1.145908164978027344e+01,1.145908164978027344e+01,9.366517066955566406e+00,7.999975681304931641e+00,2.244501876831054688e+01,2.244501876831054688e+01,1.863965988159179688e+01,1.572256660461425781e+01
2.380000000000000000e+02,3.000751876831054688e+01,3.000751876831054688e+01,2.447679519653320312e+01,2.300085449218750000e+01,2.356671333312988281e+01,2.356671333312988281e+01,1.883547782897949219e+01,1.637576293945312500e+01,1.083046150207519531e+01,1.083046150207519531e+01,8.976347923278808594e+00,7.452669143676757812e+00,0.000000000000000000e+00,0.000000000000000000e+00,0.000000000000000000e+00,0.000000000000000000e+00,3.082036018371582031e+00,3.082036018371582031e+00,2.054960250854492188e+00,2.389707803726196289e+00,1.132944107055664062e+01,1.132944107055664062e+01,9.313425064086914062e+00,7.883006095886230469e+00,2.232725906372070312e+01,2.232725906372070312e+01,1.870181465148925781e+01,1.569654560089111328e+01
2.390000000000000000e+02,2.992411231994628906e+01,2.992411231994628906e+01,2.445161247253417969e+01,2.292611122131347656e+01,2.351354408264160156e+01,2.351354408264160156e+01,1.874619293212890625e+01,1.627981567382812500e+01,1.055402946472167969e+01,1.055402946472167969e+01,8.800751686096191406e+00,7.349379062652587891e+00,0.000000000000000000e+00,0.000000000000000000e+00,0.000000000000000000e+00,0.000000000000000000e+00,3.219809055328369141e+00,3.219809055328369141e+00,2.168395519256591797e+00,2.534101486206054688e+00,1.124880218505859375e+01,1.124880218505859375e+01,9.249822616577148438e+00,7.766034126281738281e+00,2.240691375732421875e+01,2.240691375732421875e+01,1.878482055664062500e+01,1.569378948211669922e+01
2.400000000000000000e+02,2.989812469482421875e+01,2.989812469482421875e+01,2.444316482543945312e+01,2.289945602416992188e+01,2.363364982604980469e+01,2.363364982604980469e+01,1.867249870300292969e+01,1.626223182678222656e+01,1.028299617767333984e+01,1.028299617767333984e+01,8.589557647705078125e+00,7.245866775512695312e+00,0.000000000000000000e+00,0.000000000000000000e+00,0.000000000000000000e+00,0.000000000000000000e+00,3.341627120971679688e+00,3.341627120971679688e+00,2.281630516052246094e+00,2.642578363418579102e+00,1.115765571594238281e+01,1.115765571594238281e+01,9.181066513061523438e+00,7.640724182128906250e+00,2.248807716369628906e+01,2.248807716369628906e+01,1.876637649536132812e+01,1.563815784454345703e+01
2.410000000000000000e+02,2.973397827148437500e+01,2.973397827148437500e+01,2.438351058959960938e+01,2.281367492675781250e+01,2.358321189880371094e+01,2.358321189880371094e+01,1.858458328247070312e+01,1.615655708312988281e+01,1.000148010253906250e+01,1.000148010253906250e+01,8.392225265502929688e+00,7.091433525085449219e+00,0.000000000000000000e+00,0.000000000000000000e+00,0.000000000000000000e+00,0.000000000000000000e+00,3.453611612319946289e+00,3.453611612319946289e+00,2.384542465209960938e+00,2.724464178085327148e+00,1.096606922149658203e+01,1.096606922149658203e+01,9.095153808593750000e+00,7.526084423065185547e+00,2.253152656555175781e+01,2.253152656555175781e+01,1.877041244506835938e+01,1.564614105224609375e+01
2.420000000000000000e+02,2.972013473510742188e+01,2.972013473510742188e+01,2.431233978271484375e+01,2.267514991760253906e+01,2.350193786621093750e+01,2.350193786621093750e+01,1.852650642395019531e+01,1.601370811462402344e+01,9.733263015747070312e+00,9.733263015747070312e+00,8.199111938476562500e+00,6.949483871459960938e+00,0.000000000000000000e+00,0.000000000000000000e+00,0.000000000000000000e+00,0.000000000000000000e+00,3.534242630004882812e+00,3.534242630004882812e+00,2.472377777099609375e+00,2.797988176345825195e+00,1.089409255981445312e+01,1.089409255981445312e+01,9.021743774414062500e+00,7.401893138885498047e+00,2.251784706115722656e+01,2.251784706115722656e+01,1.874923706054687500e+01,1.565928649902343750e+01
2.430000000000000000e+02,2.961561965942382812e+01,2.961561965942382812e+01,2.431676864624023438e+01,2.260899162292480469e+01,2.325579071044921875e+01,2.325579071044921875e+01,1.851451492309570312e+01,1.596402359008789062e+01,9.398327827453613281e+00,9.398327827453613281e+00,7.904129028320312500e+00,6.784693717956542969e+00,0.000000000000000000e+00,0.000000000000000000e+00,0.000000000000000000e+00,0.000000000000000000e+00,3.611662387847900391e+00,3.611662387847900391e+00,2.546817541122436523e+00,2.855055570602416992e+00,1.070771884918212891e+01,1.070771884918212891e+01,8.927750587463378906e+00,7.244197845458984375e+00,2.251164817810058594e+01,2.251164817810058594e+01,1.873122787475585938e+01,1.568589401245117188e+01
2.440000000000000000e+02,2.959203147888183594e+01,2.959203147888183594e+01,2.427408599853515625e+01,2.255357742309570312e+01,2.332416534423828125e+01,2.332416534423828125e+01,1.835650825500488281e+01,1.583810043334960938e+01,9.076154708862304688e+00,9.076154708862304688e+00,7.611269950866699219e+00,6.655971527099609375e+00,0.000000000000000000e+00,0.000000000000000000e+00,0.000000000000000000e+00,0.000000000000000000e+00,3.664855480194091797e+00,3.664855480194091797e+00,2.617013692855834961e+00,2.896384239196777344e+00,1.062064170837402344e+01,1.062064170837402344e+01,8.803935050964355469e+00,7.084033966064453125e+00,2.255426597595214844e+01,2.255426597595214844e+01,1.871366119384765625e+01,1.577177715301513672e+01
2.450000000000000000e+02,2.950780677795410156e+01,2.950780677795410156e+01,2.422505569458007812e+01,2.243134689331054688e+01,2.336714172363281250e+01,2.336714172363281250e+01,1.824532699584960938e+01,1.569161796569824219e+01,8.754087448120117188e+00,8.754087448120117188e+00,7.352994441986083984e+00,6.491354942321777344e+00,0.000000000000000000e+00,0.000000000000000000e+00,0.000000000000000000e+00,0.000000000000000000e+00,3.722075462341308594e+00,3.722075462341308594e+00,2.685222625732421875e+00,2.926382303237915039e+00,1.046800613403320312e+01,1.046800613403320312e+01,8.690476417541503906e+00,6.954956054687500000e+00,2.261328887939453125e+01,2.261328887939453125e+01,1.868527030944824219e+01,1.584067630767822266e+01
2.460000000000000000e+02,2.938143348693847656e+01,2.938143348693847656e+01,2.421009445190429688e+01,2.233084678649902344e+01,2.329279327392578125e+01,2.329279327392578125e+01,1.815186309814453125e+01,1.556261920928955078e+01,8.414311408996582031e+00,8.414311408996582031e+00,7.067935466766357422e+00,6.308162689208984375e+00,0.000000000000000000e+00,0.000000000000000000e+00,0.000000000000000000e+00,0.000000000000000000e+00,3.736633300781250000e+00,3.736633300781250000e+00,2.726965665817260742e+00,2.950473785400390625e+00,1.030232906341552734e+01,1.030232906341552734e+01,8.550729751586914062e+00,6.787812232971191406e+00,2.257937240600585938e+01,2.257937240600585938e+01,1.870962333679199219e+01,1.588266277313232422e+01
2.470000000000000000e+02,2.924717712402343750e+01,2.924717712402343750e+01,2.415851593017578125e+01,2.227968025207519531e+01,2.318809890747070312e+01,2.318809890747070312e+01,1.808024024963378906e+01,1.542205142974853516e+01,8.049414634704589844e+00,8.049414634704589844e+00,6.767942428588867188e+00,6.069951057434082031e+00,0.000000000000000000e+00,0.000000000000000000e+00,0.000000000000000000e+00,0.000000000000000000e+00,3.755454063415527344e+00,3.755454063415527344e+00,2.772094249725341797e+00,2.956304550170898438e+00,1.012259101867675781e+01,1.012259101867675781e+01,8.388877868652343750e+00,6.601747035980224609e+00,2.263858604431152344e+01,2.263858604431152344e+01,1.870050811767578125e+01,1.593624591827392578e+01
2.480000000000000000e+02,2.919334983825683594e+01,2.919334983825683594e+01,2.408949661254882812e+01,2.224158859252929688e+01,2.301330184936523438e+01,2.301330184936523438e+01,1.793992424011230469e+01,1.530819702148437500e+01,7.761815071105957031e+00,7.761815071105957031e+00,6.483400344848632812e+00,5.948913574218750000e+00,0.000000000000000000e+00,0.000000000000000000e+00,0.000000000000000000e+00,0.000000000000000000e+00,3.744102478027343750e+00,3.744102478027343750e+00,2.794214487075805664e+00,2.937015533447265625e+00,9.938249588012695312e+00,9.938249588012695312e+00,8.239989280700683594e+00,6.436018466949462891e+00,2.266204643249511719e+01,2.266204643249511719e+01,1.862492942810058594e+01,1.601531982421875000e+01
2.490000000000000000e+02,2.918308067321777344e+01,2.918308067321777344e+01,2.409337043762207031e+01,2.208265686035156250e+01,2.271539878845214844e+01,2.271539878845214844e+01,1.777691268920898438e+01,1.509245109558105469e+01,7.442766189575195312e+00,7.442766189575195312e+00,6.173111915588378906e+00,5.766618728637695312e+00,0.000000000000000000e+00,0.000000000000000000e+00,0.000000000000000000e+00,0.000000000000000000e+00,3.725926637649536133e+00,3.725926637649536133e+00,2.807080984115600586e+00,2.918377161026000977e+00,9.718812942504882812e+00,9.718812942504882812e+00,8.048397064208984375e+00,6.254718780517578125e+00,2.267622947692871094e+01,2.267622947692871094e+01,1.861806869506835938e+01,1.608478164672851562e+01
2.500000000000000000e+02,2.905140113830566406e+01,2.905140113830566406e+01,2.403950881958007812e+01,2.204291915893554688e+01,2.277331733703613281e+01,2.277331733703613281e+01,1.765489387512207031e+01,1.496569061279296875e+01,7.136509895324707031e+00,7.136509895324707031e+00,5.887706756591796875e+00,5.534336090087890625e+00,0.000000000000000000e+00,0.000000000000000000e+00,0.000000000000000000e+00,0.000000000000000000e+00,3.687796115875244141e+00,3.687796115875244141e+00,2.805486917495727539e+00,2.888831138610839844e+00,9.470144271850585938e+00,9.470144271850585938e+00,7.884164810180664062e+00,6.074780941009521484e+00,2.271809768676757812e+01,2.271809768676757812e+01,1.860501861572265625e+01,1.616560173034667969e+01
2.510000000000000000e+02,2.897446060180664062e+01,2.897446060180664062e+01,2.401340866088867188e+01,2.198363113403320312e+01,2.264135742187500000e+01,2.264135742187500000e+01,1.750757980346679688e+01,1.471666526794433594e+01,6.806749343872070312e+00,6.806749343872070312e+00,5.590603828430175781e+00,5.366168022155761719e+00,0.000000000000000000e+00,0.000000000000000000e+00,0.000000000000000000e+00,0.000000000000000000e+00,3.640058279037475586e+00,3.640058279037475586e+00,2.794139862060546875e+00,2.849026203155517578e+00,9.169012069702148438e+00,9.169012069702148438e+00,7.690984725952148438e+00,5.871895790100097656e+00,2.275644302368164062e+01,2.275644302368164062e+01,1.859284591674804688e+01,1.625938034057617188e+01
2.520000000000000000e+02,2.883164978027343750e+01,2.883164978027343750e+01,2.396559524536132812e+01,2.203137588500976562e+01,2.236436843872070312e+01,2.236436843872070312e+01,1.730481147766113281e+01,1.458334732055664062e+01,6.513613224029541016e+00,6.513613224029541016e+00,5.305012702941894531e+00,5.148958683013916016e+00,0.000000000000000000e+00,0.000000000000000000e+00,0.000000000000000000e+00,0.000000000000000000e+00,3.569945812225341797e+00,3.569945812225341797e+00,2.769002914428710938e+00,2.782669782638549805e+00,8.918092727661132812e+00,8.918092727661132812e+00,7.483522415161132812e+00,5.657807350158691406e+00,2.277846145629882812e+01,2.277846145629882812e+01,1.854841804504394531e+01,1.635407066345214844e+01
2.530000000000000000e+02,2.875680732727050781e+01,2.875680732727050781e+01,2.387231826782226562e+01,2.198971748352050781e+01,2.227684974670410156e+01,2.227684974670410156e+01,1.719320487976074219e+01,1.444396781921386719e+01,6.156837940216064453e+00,6.156837940216064453e+00,4.999876022338867188e+00,4.920779228210449219e+00,0.000000000000000000e+00,0.000000000000000000e+00,0.000000000000000000e+00,0.000000000000000000e+00,3.493364810943603516e+00,3.493364810943603516e+00,2.729671955108642578e+00,2.714226007461547852e+00,8.648748397827148438e+00,8.648748397827148438e+00,7.342762947082519531e+00,5.435117721557617188e+00,2.281524658203125000e+01,2.281524658203125000e+01,1.851801681518554688e+01,1.643463516235351562e+01
2.540000000000000000e+02,2.875731468200683594e+01,2.875731468200683594e+01,2.393128013610839844e+01,2.189154815673828125e+01,2.202693176269531250e+01,2.202693176269531250e+01,1.698342704772949219e+01,1.424481773376464844e+01,5.873167514801025391e+00,5.873167514801025391e+00,4.681194305419921875e+00,4.690226078033447266e+00,0.000000000000000000e+00,0.000000000000000000e+00,0.000000000000000000e+00,0.000000000000000000e+00,3.394635438919067383e+00,3.394635438919067383e+00,2.679042577743530273e+00,2.638326883316040039e+00,8.403307914733886719e+00,8.403307914733886719e+00,7.066361427307128906e+00,5.216837882995605469e+00,2.280991935729980469e+01,2.280991935729980469e+01,1.850327491760253906e+01,1.645895385742187500e+01
2.550000000000000000e+02,2.863015365600585938e+01,2.863015365600585938e+01,2.388501167297363281e+01,2.188409042358398438e+01,2.183707046508789062e+01,2.183707046508789062e+01,1.691104316711425781e+01,1.415359306335449219e+01,5.484966278076171875e+00,5.484966278076171875e+00,4.358426570892333984e+00,4.443730354309082031e+00,0.000000000000000000e+00,0.000000000000000000e+00,0.000000000000000000e+00,0.000000000000000000e+00,3.276704788208007812e+00,3.276704788208007812e+00,2.590607404708862305e+00,2.533076286315917969e+00,8.068858146667480469e+00,8.068858146667480469e+00,6.842314243316650391e+00,4.978851318359375000e+00,2.282053375244140625e+01,2.282053375244140625e+01,1.845546340942382812e+01,1.647284317016601562e+01
2.560000000000000000e+02,2.858231544494628906e+01,2.858231544494628906e+01,2.387679481506347656e+01,2.189921760559082031e+01,2.160271453857421875e+01,2.160271453857421875e+01,1.668170356750488281e+01,1.400589275360107422e+01,5.141316413879394531e+00,5.141316413879394531e+00,4.031624317169189453e+00,4.148354530334472656e+00,0.000000000000000000e+00,0.000000000000000000e+00,0.000000000000000000e+00,0.000000000000000000e+00,3.148748397827148438e+00,3.148748397827148438e+00,2.485078573226928711e+00,2.438485860824584961e+00,7.741534233093261719e+00,7.741534233093261719e+00,6.641038417816162109e+00,4.763212680816650391e+00,2.276457977294921875e+01,2.276457977294921875e+01,1.843342018127441406e+01,1.649329566955566406e+01
2.570000000000000000e+02,2.864496040344238281e+01,2.864496040344238281e+01,2.387067985534667969e+01,2.188570404052734375e+01,2.124853897094726562e+01,2.124853897094726562e+01,1.647090339660644531e+01,1.388798999786376953e+01,4.792394638061523438e+00,4.792394638061523438e+00,3.717372894287109375e+00,3.771813154220581055e+00,0.000000000000000000e+00,0.000000000000000000e+00,0.000000000000000000e+00,0.000000000000000000e+00,2.999373197555541992e+00,2.999373197555541992e+00,2.363982915878295898e+00,2.315525770187377930e+00,7.420393943786621094e+00,7.420393943786621094e+00,6.484368801116943359e+00,4.531804084777832031e+00,2.272427558898925781e+01,2.272427558898925781e+01,1.834731292724609375e+01,1.647023963928222656e+01
2.580000000000000000e+02,2.886319541931152344e+01,2.886319541931152344e+01,2.383558845520019531e+01,2.186910438537597656e+01,2.115707397460937500e+01,2.115707397460937500e+01,1.626902198791503906e+01,1.373852539062500000e+01,4.420982837677001953e+00,4.420982837677001953e+00,3.390574932098388672e+00,3.397327899932861328e+00,0.000000000000000000e+00,0.000000000000000000e+00,0.000000000000000000e+00,0.000000000000000000e+00,2.845244884490966797e+00,2.845244884490966797e+00,2.231505393981933594e+00,2.192698955535888672e+00,7.103730201721191406e+00,7.103730201721191406e+00,6.278184890747070312e+00,4.299008369445800781e+00,2.270943832397460938e+01,2.270943832397460938e+01,1.832211494445800781e+01,1.645308685302734375e+01
2.590000000000000000e+02,2.890645790100097656e+01,2.890645790100097656e+01,2.388844871520996094e+01,2.199180412292480469e+01,2.081127738952636719e+01,2.081127738952636719e+01,1.613790130615234375e+01,1.361122322082519531e+01,4.072399139404296875e+00,4.072399139404296875e+00,3.070681095123291016e+00,3.051306009292602539e+00,0.000000000000000000e+00,0.000000000000000000e+00,0.000000000000000000e+00,0.000000000000000000e+00,2.665636062622070312e+00,2.665636062622070312e+00,2.091064929962158203e+00,2.051784038543701172e+00,6.751911163330078125e+00,6.751911163330078125e+00,6.105329036712646484e+00,4.079476356506347656e+00,2.264400100708007812e+01,2.264400100708007812e+01,1.829471206665039062e+01,1.645540809631347656e+01
2.600000000000000000e+02,2.914501190185546875e+01,2.914501190185546875e+01,2.382863235473632812e+01,2.202545166015625000e+01,2.058032608032226562e+01,2.058032608032226562e+01,1.593036651611328125e+01,1.346632575988769531e+01,3.673530578613281250e+00,3.673530578613281250e+00,2.738770961761474609e+00,2.709250926971435547e+00,0.000000000000000000e+00,0.000000000000000000e+00,0.000000000000000000e+00,0.000000000000000000e+00,2.489829540252685547e+00,2.489829540252685547e+00,1.951856613159179688e+00,1.912878274917602539e+00,6.356389045715332031e+00,6.356389045715332031e+00,5.894820690155029297e+00,3.849602699279785156e+00,2.260315513610839844e+01,2.260315513610839844e+01,1.818306159973144531e+01,1.641555023193359375e+01
2.610000000000000000e+02,2.931390380859375000e+01,2.931390380859375000e+01,2.395122718811035156e+01,2.211703109741210938e+01,2.036843299865722656e+01,2.036843299865722656e+01,1.569084930419921875e+01,1.329833793640136719e+01,3.324057102203369141e+00,3.324057102203369141e+00,2.391889095306396484e+00,2.343827724456787109e+00,0.000000000000000000e+00,0.000000000000000000e+00,0.000000000000000000e+00,0.000000000000000000e+00,2.291201829910278320e+00,2.291201829910278320e+00,1.803713321685791016e+00,1.750835657119750977e+00,6.031593799591064453e+00,6.031593799591064453e+00,5.702645301818847656e+00,3.592618465423583984e+00,2.252757835388183594e+01,2.252757835388183594e+01,1.809290313720703125e+01,1.638730621337890625e+01
2.620000000000000000e+02,2.937756919860839844e+01,2.937756919860839844e+01,2.395892524719238281e+01,2.218543815612792969e+01,2.006656455993652344e+01,2.006656455993652344e+01,1.550443553924560547e+01,1.318801116943359375e+01,2.934213161468505859e+00,2.934213161468505859e+00,2.050456285476684570e+00,1.969800353050231934e+00,0.000000000000000000e+00,0.000000000000000000e+00,0.000000000000000000e+00,0.000000000000000000e+00,2.086296081542968750e+00,2.086296081542968750e+00,1.640146732330322266e+00,1.590449810028076172e+00,5.637447357177734375e+00,5.637447357177734375e+00,5.506212711334228516e+00,3.325619935989379883e+00,2.245185089111328125e+01,2.245185089111328125e+01,1.805324935913085938e+01,1.635588073730468750e+01
2.630000000000000000e+02,2.964462089538574219e+01,2.964462089538574219e+01,2.400366210937500000e+01,2.222649574279785156e+01,1.964350700378417969e+01,1.964350700378417969e+01,1.526421546936035156e+01,1.307464599609375000e+01,2.538057327270507812e+00,2.538057327270507812e+00,1.725743532180786133e+00,1.638598918914794922e+00,0.000000000000000000e+00,0.000000000000000000e+00,0.000000000000000000e+00,0.000000000000000000e+00,1.865087747573852539e+00,1.865087747573852539e+00,1.464485168457031250e+00,1.417776823043823242e+00,5.278536796569824219e+00,5.278536796569824219e+00,5.297213554382324219e+00,3.051571130752563477e+00,2.236219215393066406e+01,2.236219215393066406e+01,1.795701026916503906e+01,1.627497100830078125e+01
2.640000000000000000e+02,2.966943931579589844e+01,2.966943931579589844e+01,2.414643287658691406e+01,2.237281799316406250e+01,1.927829170227050781e+01,1.927829170227050781e+01,1.502782821655273438e+01,1.281359100341796875e+01,2.145855426788330078e+00,2.145855426788330078e+00,1.343956708908081055e+00,1.314114689826965332e+00,0.000000000000000000e+00,0.000000000000000000e+00,0.000000000000000000e+00,0.000000000000000000e+00,1.641200065612792969e+00,1.641200065612792969e+00,1.280268192291259766e+00,1.241533994674682617e+00,4.873023033142089844e+00,4.873023033142089844e+00,5.053065776824951172e+00,2.778363227844238281e+00,2.229490280151367188e+01,2.229490280151367188e+01,1.786429595947265625e+01,1.624993133544921875e+01
2.650000000000000000e+02,2.995941162109375000e+01,2.995941162109375000e+01,2.430755805969238281e+01,2.256050872802734375e+01,1.908948135375976562e+01,1.908948135375976562e+01,1.479588985443115234e+01,1.267752265930175781e+01,1.650748014450073242e+00,1.650748014450073242e+00,9.810413122177124023e-01,1.019473314285278320e+00,0.000000000000000000e+00,0.000000000000000000e+00,0.000000000000000000e+00,0.000000000000000000e+00,1.392414808273315430e+00,1.392414808273315430e+00,1.089921474456787109e+00,1.051849603652954102e+00,4.553077697753906250e+00,4.553077697753906250e+00,4.842550277709960938e+00,2.501821756362915039e+00,2.219647216796875000e+01,2.219647216796875000e+01,1.772162437438964844e+01,1.619456863403320312e+01
2.660000000000000000e+02,2.998290061950683594e+01,2.998290061950683594e+01,2.466789817810058594e+01,2.291735267639160156e+01,1.868174743652343750e+01,1.868174743652343750e+01,1.456529903411865234e+01,1.244963455200195312e+01,1.150201320648193359e+00,1.150201320648193359e+00,6.424794197082519531e-01,7.075322270393371582e-01,0.000000000000000000e+00,0.000000000000000000e+00,0.000000000000000000e+00,0.000000000000000000e+00,1.136788249015808105e+00,1.136788249015808105e+00,8.926870822906494141e-01,8.509672880172729492e-01,4.225080490112304688e+00,4.225080490112304688e+00,4.634445190429687500e+00,2.240247249603271484e+00,2.209386444091796875e+01,2.209386444091796875e+01,1.757998466491699219e+01,1.609963226318359375e+01
2.670000000000000000e+02,3.030278396606445312e+01,3.030278396606445312e+01,2.507333183288574219e+01,2.329700660705566406e+01,1.845019531250000000e+01,1.845019531250000000e+01,1.430059242248535156e+01,1.219002723693847656e+01,7.093883156776428223e-01,7.093883156776428223e-01,3.714153468608856201e-01,4.124954640865325928e-01,0.000000000000000000e+00,0.000000000000000000e+00,0.000000000000000000e+00,0.000000000000000000e+00,8.677461743354797363e-01,8.677461743354797363e-01,7.073324322700500488e-01,6.494659185409545898e-01,3.928021669387817383e+00,3.928021669387817383e+00,4.433792114257812500e+00,1.999323248863220215e+00,2.194500350952148438e+01,2.194500350952148438e+01,1.749915504455566406e+01,1.600041580200195312e+01
2.680000000000000000e+02,3.031365013122558594e+01,3.031365013122558594e+01,2.551184463500976562e+01,2.380896759033203125e+01,1.808915710449218750e+01,1.808915710449218750e+01,1.405629730224609375e+01,1.205335426330566406e+01,3.319739103317260742e-01,3.319739103317260742e-01,1.722234636545181274e-01,1.931552141904830933e-01,0.000000000000000000e+00,0.000000000000000000e+00,0.000000000000000000e+00,0.000000000000000000e+00,5.887842178344726562e-01,5.887842178344726562e-01,5.205868482589721680e-01,4.387869238853454590e-01,3.648954629898071289e+00,3.648954629898071289e+00,4.307061672210693359e+00,1.727443695068359375e+00,2.183880996704101562e+01,2.183880996704101562e+01,1.738509368896484375e+01,1.593427085876464844e+01
2.690000000000000000e+02,3.065546798706054688e+01,3.065546798706054688e+01,2.592887496948242188e+01,2.422446250915527344e+01,1.764567565917968750e+01,1.764567565917968750e+01,1.386042022705078125e+01,1.178020858764648438e+01,8.768200129270553589e-02,8.768200129270553589e-02,4.544406384229660034e-02,5.195484310388565063e-02,0.000000000000000000e+00,0.000000000000000000e+00,0.000000000000000000e+00,0.000000000000000000e+00,2.988711595535278320e-01,2.988711595535278320e-01,3.350819945335388184e-01,2.214231044054031372e-01,3.368807554244995117e+00,3.368807554244995117e+00,4.158202648162841797e+00,1.471865177154541016e+00,2.182509803771972656e+01,2.182509803771972656e+01,1.726493072509765625e+01,1.581678581237792969e+01
2.700000000000000000e+02,3.058463668823242188e+01,3.058463668823242188e+01,2.621311378479003906e+01,2.465567779541015625e+01,1.727475547790527344e+01,1.727475547790527344e+01,1.360146808624267578e+01,1.160266494750976562e+01,3.818126117494102800e-07,3.818126117494102800e-07,2.359569606369404937e-07,3.072616436838870868e-07,2.487455219579715049e-07,2.487455219579715049e-07,1.878235309504816541e-07,1.881603992615055176e-07,0.000000000000000000e+00,0.000000000000000000e+00,1.532335281372070312e-01,0.000000000000000000e+00,3.094629764556884766e+00,3.094629764556884766e+00,3.991415262222290039e+00,1.182145237922668457e+00,2.148091316223144531e+01,2.148091316223144531e+01,1.712737274169921875e+01,1.570874214172363281e+01
2.710000000000000000e+02,3.036523437500000000e+01,3.036523437500000000e+01,2.586469841003417969e+01,2.414599990844726562e+01,1.752378654479980469e+01,1.752378654479980469e+01,1.365025043487548828e+01,1.166093635559082031e+01,5.554856657981872559e-01,5.554856657981872559e-01,4.451961219310760498e-01,4.449786543846130371e-01,3.602587878704071045e-01,3.602587878704071045e-01,2.722446322441101074e-01,2.721972167491912842e-01,0.000000000000000000e+00,0.000000000000000000e+00,2.071299105882644653e-01,0.000000000000000000e+00,3.215747356414794922e+00,3.215747356414794922e+00,4.067182540893554688e+00,1.277365326881408691e+00,2.175470542907714844e+01,2.175470542907714844e+01,1.722881317138671875e+01,1.586633396148681641e+01
2.720000000000000000e+02,2.957361412048339844e+01,2.957361412048339844e+01,2.526451492309570312e+01,2.366031837463378906e+01,1.755500411987304688e+01,1.755500411987304688e+01,1.369072341918945312e+01,1.161208724975585938e+01,1.087364435195922852e+00,1.087364435195922852e+00,8.689861893653869629e-01,8.762087225914001465e-01,7.093935608863830566e-01,7.093935608863830566e-01,5.382291078567504883e-01,5.364683270454406738e-01,0.000000000000000000e+00,0.000000000000000000e+00,2.678474783897399902e-01,0.000000000000000000e+00,3.518263578414916992e+00,3.518263578414916992e+00,4.216149806976318359e+00,1.457843661308288574e+00,2.192024421691894531e+01,2.192024421691894531e+01,1.728792572021484375e+01,1.598349380493164062e+01
2.730000000000000000e+02,2.917265701293945312e+01,2.917265701293945312e+01,2.475773620605468750e+01,2.323588562011718750e+01,1.758358764648437500e+01,1.758358764648437500e+01,1.369216728210449219e+01,1.162523651123046875e+01,1.612970709800720215e+00,1.612970709800720215e+00,1.279355525970458984e+00,1.294983983039855957e+00,1.046217918395996094e+00,1.046217918395996094e+00,7.954654693603515625e-01,7.917267084121704102e-01,0.000000000000000000e+00,0.000000000000000000e+00,3.319097757339477539e-01,0.000000000000000000e+00,3.938089609146118164e+00,3.938089609146118164e+00,4.453339099884033203e+00,1.734043240547180176e+00,2.209150314331054688e+01,2.209150314331054688e+01,1.738972854614257812e+01,1.611630630493164062e+01
2.740000000000000000e+02,2.838617515563964844e+01,2.838617515563964844e+01,2.418068695068359375e+01,2.292173767089843750e+01,1.761009597778320312e+01,1.761009597778320312e+01,1.371473026275634766e+01,1.167254447937011719e+01,2.109893083572387695e+00,2.109893083572387695e+00,1.664017915725708008e+00,1.697618842124938965e+00,1.371948719024658203e+00,1.371948719024658203e+00,1.044972896575927734e+00,1.039057731628417969e+00,0.000000000000000000e+00,0.000000000000000000e+00,3.998598158359527588e-01,0.000000000000000000e+00,4.425882339477539062e+00,4.425882339477539062e+00,4.720447063446044922e+00,2.088565349578857422e+00,2.227637290954589844e+01,2.227637290954589844e+01,1.746173858642578125e+01,1.623340988159179688e+01
2.750000000000000000e+02,2.820713996887207031e+01,2.820713996887207031e+01,2.378380012512207031e+01,2.268907546997070312e+01,1.768066406250000000e+01,1.768066406250000000e+01,1.373633956909179688e+01,1.172339057922363281e+01,2.625487804412841797e+00,2.625487804412841797e+00,2.045643806457519531e+00,2.090596199035644531e+00,1.685805559158325195e+00,1.685805559158325195e+00,1.286134243011474609e+00,1.279441833496093750e+00,0.000000000000000000e+00,0.000000000000000000e+00,4.701703488826751709e-01,0.000000000000000000e+00,4.997119903564453125e+00,4.997119903564453125e+00,4.997772216796875000e+00,2.529581546783447266e+00,2.237367820739746094e+01,2.237367820739746094e+01,1.750934219360351562e+01,1.626891326904296875e+01
2.760000000000000000e+02,2.768077087402343750e+01,2.768077087402343750e+01,2.346837043762207031e+01,2.241933441162109375e+01,1.771324920654296875e+01,1.771324920654296875e+01,1.378690719604492188e+01,1.181396675109863281e+01,3.093749761581420898e+00,3.093749761581420898e+00,2.410826206207275391e+00,2.479671955108642578e+00,1.985255956649780273e+00,1.985255956649780273e+00,1.516223549842834473e+00,1.501739740371704102e+00,0.000000000000000000e+00,0.000000000000000000e+00,5.296946167945861816e-01,0.000000000000000000e+00,5.512586116790771484e+00,5.512586116790771484e+00,5.298686504364013672e+00,2.934917926788330078e+00,2.250898170471191406e+01,2.250898170471191406e+01,1.755214118957519531e+01,1.642433929443359375e+01
2.770000000000000000e+02,2.766250610351562500e+01,2.766250610351562500e+01,2.315876388549804688e+01,2.222288894653320312e+01,1.781519317626953125e+01,1.781519317626953125e+01,1.378106880187988281e+01,1.189657020568847656e+01,3.616504669189453125e+00,3.616504669189453125e+00,2.768374919891357422e+00,2.866864681243896484e+00,2.268546342849731445e+00,2.268546342849731445e+00,1.757616400718688965e+00,1.719083189964294434e+00,0.000000000000000000e+00,0.000000000000000000e+00,5.784204006195068359e-01,0.000000000000000000e+00,5.965753078460693359e+00,5.965753078460693359e+00,5.617882251739501953e+00,3.340291023254394531e+00,2.259549522399902344e+01,2.259549522399902344e+01,1.762080574035644531e+01,1.656359672546386719e+01
2.780000000000000000e+02,2.735416221618652344e+01,2.735416221618652344e+01,2.285964393615722656e+01,2.192093276977539062e+01,1.784214973449707031e+01,1.784214973449707031e+01,1.378043270111083984e+01,1.196105384826660156e+01,4.091353416442871094e+00,4.091353416442871094e+00,3.122720241546630859e+00,3.236787557601928711e+00,2.539228439331054688e+00,2.539228439331054688e+00,1.966637611389160156e+00,1.916886091232299805e+00,0.000000000000000000e+00,0.000000000000000000e+00,6.284403800964355469e-01,0.000000000000000000e+00,6.394026756286621094e+00,6.394026756286621094e+00,5.961740493774414062e+00,3.712169170379638672e+00,2.267784500122070312e+01,2.267784500122070312e+01,1.770186424255371094e+01,1.667374229431152344e+01
2.790000000000000000e+02,2.732744026184082031e+01,2.732744026184082031e+01,2.252646064758300781e+01,2.164849853515625000e+01,1.790782737731933594e+01,1.790782737731933594e+01,1.380467700958251953e+01,1.206858444213867188e+01,4.591650962829589844e+00,4.591650962829589844e+00,3.477668046951293945e+00,3.596171855926513672e+00,2.795563697814941406e+00,2.795563697814941406e+00,2.160194873809814453e+00,2.119703292846679688e+00,0.000000000000000000e+00,0.000000000000000000e+00,6.746178269386291504e-01,0.000000000000000000e+00,6.823993206024169922e+00,6.823993206024169922e+00,6.335346221923828125e+00,4.083745002746582031e+00,2.279494857788085938e+01,2.279494857788085938e+01,1.770289993286132812e+01,1.674188613891601562e+01
2.800000000000000000e+02,2.720750045776367188e+01,2.720750045776367188e+01,2.225522613525390625e+01,2.144197463989257812e+01,1.796232223510742188e+01,1.796232223510742188e+01,1.363907909393310547e+01,1.215609931945800781e+01,5.064523220062255859e+00,5.064523220062255859e+00,3.816813945770263672e+00,3.937475204467773438e+00,3.035435199737548828e+00,3.035435199737548828e+00,2.357534408569335938e+00,2.299999952316284180e+00,0.000000000000000000e+00,0.000000000000000000e+00,7.227967381477355957e-01,0.000000000000000000e+00,7.223709106445312500e+00,7.223709106445312500e+00,6.702543735504150391e+00,4.457300186157226562e+00,2.283184814453125000e+01,2.283184814453125000e+01,1.774585723876953125e+01,1.680433082580566406e+01
2.810000000000000000e+02,2.690211486816406250e+01,2.690211486816406250e+01,2.203157043457031250e+01,2.114183044433593750e+01,1.797699546813964844e+01,1.797699546813964844e+01,1.378837871551513672e+01,1.225744247436523438e+01,5.526645660400390625e+00,5.526645660400390625e+00,4.159581661224365234e+00,4.291497230529785156e+00,3.259759426116943359e+00,3.259759426116943359e+00,2.536238193511962891e+00,2.477638721466064453e+00,5.310610868036746979e-03,5.310610868036746979e-03,7.733491063117980957e-01,0.000000000000000000e+00,7.624359130859375000e+00,7.624359130859375000e+00,7.073454380035400391e+00,4.814181327819824219e+00,2.290934562683105469e+01,2.290934562683105469e+01,1.778850173950195312e+01,1.686390686035156250e+01
2.820000000000000000e+02,2.696397781372070312e+01,2.696397781372070312e+01,2.185892295837402344e+01,2.093362426757812500e+01,1.794848251342773438e+01,1.794848251342773438e+01,1.379873657226562500e+01,1.234829711914062500e+01,6.004009246826171875e+00,6.004009246826171875e+00,4.491698741912841797e+00,4.617131710052490234e+00,3.466357946395874023e+00,3.466357946395874023e+00,2.697544097900390625e+00,2.633435249328613281e+00,2.582665532827377319e-02,2.582665532827377319e-02,8.045223951339721680e-01,0.000000000000000000e+00,8.017796516418457031e+00,8.017796516418457031e+00,7.449885368347167969e+00,5.173249721527099609e+00,2.290580368041992188e+01,2.290580368041992188e+01,1.774707603454589844e+01,1.690113449096679688e+01
2.830000000000000000e+02,2.698081398010253906e+01,2.698081398010253906e+01,2.165927886962890625e+01,2.083103752136230469e+01,1.793099212646484375e+01,1.793099212646484375e+01,1.378100585937500000e+01,1.242856407165527344e+01,6.403545379638671875e+00,6.403545379638671875e+00,4.811408042907714844e+00,4.948148250579833984e+00,3.662588119506835938e+00,3.662588119506835938e+00,2.838178873062133789e+00,2.764916419982910156e+00,6.062253937125205994e-02,6.062253937125205994e-02,8.324630856513977051e-01,0.000000000000000000e+00,8.331035614013671875e+00,8.331035614013671875e+00,7.831112861633300781e+00,5.500309944152832031e+00,2.298943710327148438e+01,2.298943710327148438e+01,1.779238891601562500e+01,1.691300392150878906e+01
2.840000000000000000e+02,2.687658309936523438e+01,2.687658309936523438e+01,2.142780685424804688e+01,2.064573860168457031e+01,1.792058563232421875e+01,1.792058563232421875e+01,1.381017017364501953e+01,1.253936386108398438e+01,6.869811058044433594e+00,6.869811058044433594e+00,5.153447151184082031e+00,5.254683971405029297e+00,3.832650184631347656e+00,3.832650184631347656e+00,2.955274343490600586e+00,2.878457546234130859e+00,1.085108518600463867e-01,1.085108518600463867e-01,8.656160831451416016e-01,0.000000000000000000e+00,8.751547813415527344e+00,8.751547813415527344e+00,8.229718208312988281e+00,5.824236869812011719e+00,2.298964118957519531e+01,2.298964118957519531e+01,1.784324645996093750e+01,1.695096778869628906e+01
2.850000000000000000e+02,2.693724822998046875e+01,2.693724822998046875e+01,2.111017608642578125e+01,2.040383911132812500e+01,1.819172286987304688e+01,1.819172286987304688e+01,1.436136436462402344e+01,1.291936969757080078e+01,7.336647987365722656e+00,7.336647987365722656e+00,5.451141357421875000e+00,5.582439422607421875e+00,3.992629766464233398e+00,3.992629766464233398e+00,3.054261207580566406e+00,2.965660572052001953e+00,1.621688306331634521e-01,1.621688306331634521e-01,8.904520273208618164e-01,0.000000000000000000e+00,9.141279220581054688e+00,9.141279220581054688e+00,8.540692329406738281e+00,6.139491558074951172e+00,2.304231643676757812e+01,2.304231643676757812e+01,1.786436462402343750e+01,1.708078002929687500e+01
2.860000000000000000e+02,2.682170486450195312e+01,2.682170486450195312e+01,2.116668319702148438e+01,2.039557266235351562e+01,1.792203712463378906e+01,1.792203712463378906e+01,1.383644294738769531e+01,1.269983196258544922e+01,7.773661613464355469e+00,7.773661613464355469e+00,5.682811737060546875e+00,5.872787475585937500e+00,4.129140853881835938e+00,4.129140853881835938e+00,3.122226238250732422e+00,3.042662858963012695e+00,2.166201472282409668e-01,2.166201472282409668e-01,9.080582857131958008e-01,0.000000000000000000e+00,9.523038864135742188e+00,9.523038864135742188e+00,8.784091949462890625e+00,6.458131790161132812e+00,2.293631744384765625e+01,2.293631744384765625e+01,1.786927795410156250e+01,1.704501914978027344e+01
2.870000000000000000e+02,2.668264770507812500e+01,2.668264770507812500e+01,2.107520294189453125e+01,2.025310707092285156e+01,1.797905540466308594e+01,1.797905540466308594e+01,1.388528823852539062e+01,1.277983856201171875e+01,8.187035560607910156e+00,8.187035560607910156e+00,6.422922611236572266e+00,6.177805900573730469e+00,4.248458862304687500e+00,4.248458862304687500e+00,3.199815273284912109e+00,3.089634418487548828e+00,2.756004631519317627e-01,2.756004631519317627e-01,9.403967857360839844e-01,0.000000000000000000e+00,9.876334190368652344e+00,9.876334190368652344e+00,8.993128776550292969e+00,6.776358127593994141e+00,2.297930908203125000e+01,2.297930908203125000e+01,1.789932632446289062e+01,1.709075546264648438e+01
2.880000000000000000e+02,2.641965103149414062e+01,2.641965103149414062e+01,2.100750160217285156e+01,2.018034934997558594e+01,1.792592620849609375e+01,1.792592620849609375e+01,1.382183647155761719e+01,1.285298347473144531e+01,8.559837341308593750e+00,8.559837341308593750e+00,6.338696479797363281e+00,6.474699020385742188e+00,4.355342388153076172e+00,4.355342388153076172e+00,3.251042604446411133e+00,3.158955335617065430e+00,3.304279148578643799e-01,3.304279148578643799e-01,9.536596536636352539e-01,0.000000000000000000e+00,1.020921897888183594e+01,1.020921897888183594e+01,9.225150108337402344e+00,7.044227600097656250e+00,2.292576980590820312e+01,2.292576980590820312e+01,1.781752204895019531e+01,1.708735847473144531e+01
2.890000000000000000e+02,2.651058006286621094e+01,2.651058006286621094e+01,2.092390823364257812e+01,2.006920051574707031e+01,1.799989128112792969e+01,1.799989128112792969e+01,1.378711128234863281e+01,1.301231956481933594e+01,8.961914062500000000e+00,8.961914062500000000e+00,6.617985725402832031e+00,6.770551681518554688e+00,4.444447040557861328e+00,4.444447040557861328e+00,3.283685445785522461e+00,3.196014881134033203e+00,3.907800912857055664e-01,3.907800912857055664e-01,9.636889100074768066e-01,0.000000000000000000e+00,1.053353786468505859e+01,1.053353786468505859e+01,9.369556427001953125e+00,7.386362075805664062e+00,2.294237709045410156e+01,2.294237709045410156e+01,1.782556533813476562e+01,1.707555389404296875e+01
2.900000000000000000e+02,2.656918334960937500e+01,2.656918334960937500e+01,2.085016250610351562e+01,1.996929168701171875e+01,1.808231163024902344e+01,1.808231163024902344e+01,1.388296413421630859e+01,1.313490772247314453e+01,9.379156112670898438e+00,9.379156112670898438e+00,6.889377117156982422e+00,7.044076919555664062e+00,4.507575035095214844e+00,4.507575035095214844e+00,3.303020000457763672e+00,3.217180728912353516e+00,4.534894526004791260e-01,4.534894526004791260e-01,9.692785739898681641e-01,0.000000000000000000e+00,1.086145782470703125e+01,1.086145782470703125e+01,9.529796600341796875e+00,7.656050205230712891e+00,2.287335777282714844e+01,2.287335777282714844e+01,1.774665832519531250e+01,1.714851760864257812e+01
2.910000000000000000e+02,2.652217864990234375e+01,2.652217864990234375e+01,2.081592750549316406e+01,1.988271903991699219e+01,1.805707550048828125e+01,1.805707550048828125e+01,1.379474449157714844e+01,1.315024852752685547e+01,9.716400146484375000e+00,9.716400146484375000e+00,7.171024322509765625e+00,7.315897941589355469e+00,4.558761596679687500e+00,4.558761596679687500e+00,3.309425592422485352e+00,3.225460052490234375e+00,5.131536722183227539e-01,5.131536722183227539e-01,9.646638631820678711e-01,0.000000000000000000e+00,1.112940597534179688e+01,1.112940597534179688e+01,9.706303596496582031e+00,7.927473545074462891e+00,2.276132202148437500e+01,2.276132202148437500e+01,1.772784805297851562e+01,1.706996536254882812e+01
2.920000000000000000e+02,2.651029777526855469e+01,2.651029777526855469e+01,2.080721473693847656e+01,1.987604522705078125e+01,1.808332633972167969e+01,1.808332633972167969e+01,1.377773284912109375e+01,1.318976497650146484e+01,1.009006595611572266e+01,1.009006595611572266e+01,7.386820316314697266e+00,7.595721244812011719e+00,4.580142498016357422e+00,4.580142498016357422e+00,3.299779176712036133e+00,3.212944030761718750e+00,5.606517791748046875e-01,5.606517791748046875e-01,9.500978589057922363e-01,0.000000000000000000e+00,1.143647766113281250e+01,1.143647766113281250e+01,9.865447998046875000e+00,8.198494911193847656e+00,2.260419464111328125e+01,2.260419464111328125e+01,1.769208145141601562e+01,1.719160461425781250e+01
2.930000000000000000e+02,2.639563179016113281e+01,2.639563179016113281e+01,2.062450981140136719e+01,1.976618385314941406e+01,1.825854301452636719e+01,1.825854301452636719e+01,1.382508850097656250e+01,1.338952064514160156e+01,1.044004821777343750e+01,1.044004821777343750e+01,7.626140594482421875e+00,7.839143276214599609e+00,4.592558860778808594e+00,4.592558860778808594e+00,3.234705209732055664e+00,3.199130058288574219e+00,5.867448449134826660e-01,5.867448449134826660e-01,9.439960718154907227e-01,0.000000000000000000e+00,1.170961952209472656e+01,1.170961952209472656e+01,9.974643707275390625e+00,8.471343994140625000e+00,2.255315780639648438e+01,2.255315780639648438e+01,1.760580253601074219e+01,1.702486419677734375e+01
2.940000000000000000e+02,2.620303535461425781e+01,2.620303535461425781e+01,2.060487937927246094e+01,1.969499588012695312e+01,1.836945915222167969e+01,1.836945915222167969e+01,1.384852790832519531e+01,1.348702716827392578e+01,1.076122093200683594e+01,1.076122093200683594e+01,7.860116004943847656e+00,8.106702804565429688e+00,4.581758975982666016e+00,4.581758975982666016e+00,3.224999427795410156e+00,3.146013736724853516e+00,6.126882433891296387e-01,6.126882433891296387e-01,9.348152875900268555e-01,0.000000000000000000e+00,1.196814346313476562e+01,1.196814346313476562e+01,1.009860038757324219e+01,8.719572067260742188e+00,2.250634384155273438e+01,2.250634384155273438e+01,1.755708885192871094e+01,1.699643707275390625e+01
2.950000000000000000e+02,2.638651847839355469e+01,2.638651847839355469e+01,2.066764640808105469e+01,1.971733856201171875e+01,1.850461387634277344e+01,1.850461387634277344e+01,1.387704849243164062e+01,1.357489395141601562e+01,1.109822082519531250e+01,1.109822082519531250e+01,8.082469940185546875e+00,8.334116935729980469e+00,4.557313442230224609e+00,4.557313442230224609e+00,3.168651103973388672e+00,3.089328765869140625e+00,6.328690648078918457e-01,6.328690648078918457e-01,9.345727562904357910e-01,0.000000000000000000e+00,1.221846580505371094e+01,1.221846580505371094e+01,1.020745372772216797e+01,8.967711448669433594e+00,2.234173202514648438e+01,2.234173202514648438e+01,1.751451873779296875e+01,1.704129028320312500e+01
2.960000000000000000e+02,2.639190673828125000e+01,2.639190673828125000e+01,2.064689445495605469e+01,1.969592094421386719e+01,1.859933280944824219e+01,1.859933280944824219e+01,1.400533866882324219e+01,1.378522205352783203e+01,1.142242336273193359e+01,1.142242336273193359e+01,8.289322853088378906e+00,8.583131790161132812e+00,4.507720470428466797e+00,4.507720470428466797e+00,3.105177640914916992e+00,3.035462856292724609e+00,6.506792306900024414e-01,6.506792306900024414e-01,9.224084019660949707e-01,0.000000000000000000e+00,1.245619106292724609e+01,1.245619106292724609e+01,1.031604099273681641e+01,9.212774276733398438e+00,2.221482658386230469e+01,2.221482658386230469e+01,1.746055030822753906e+01,1.692926788330078125e+01
2.970000000000000000e+02,2.624879074096679688e+01,2.624879074096679688e+01,2.071064376831054688e+01,1.964175415039062500e+01,1.864844512939453125e+01,1.864844512939453125e+01,1.389218235015869141e+01,1.375010776519775391e+01,1.170290946960449219e+01,1.170290946960449219e+01,8.534135818481445312e+00,8.818300247192382812e+00,4.432226181030273438e+00,4.432226181030273438e+00,3.013722896575927734e+00,2.954000949859619141e+00,6.757561564445495605e-01,6.757561564445495605e-01,9.077738523483276367e-01,2.006181050091981888e-03,1.268415260314941406e+01,1.268415260314941406e+01,1.038380718231201172e+01,9.453258514404296875e+00,2.201251411437988281e+01,2.201251411437988281e+01,1.732295036315917969e+01,1.686837768554687500e+01
2.980000000000000000e+02,2.633173561096191406e+01,2.633173561096191406e+01,2.067490005493164062e+01,1.964929962158203125e+01,1.881759643554687500e+01,1.881759643554687500e+01,1.458930397033691406e+01,1.394289779663085938e+01,1.200097656250000000e+01,1.200097656250000000e+01,8.726626396179199219e+00,8.993213653564453125e+00,4.346622943878173828e+00,4.346622943878173828e+00,2.918329238891601562e+00,2.858602046966552734e+00,6.832348108291625977e-01,6.832348108291625977e-01,9.249521493911743164e-01,8.323136717081069946e-03,1.288404941558837891e+01,1.288404941558837891e+01,1.045549201965332031e+01,9.669486999511718750e+00,2.185498809814453125e+01,2.185498809814453125e+01,1.720984268188476562e+01,1.682668495178222656e+01
2.990000000000000000e+02,2.630438232421875000e+01,2.630438232421875000e+01,2.072056388854980469e+01,1.966187667846679688e+01,1.908221054077148438e+01,1.908221054077148438e+01,1.393015098571777344e+01,1.406011581420898438e+01,1.227033329010009766e+01,1.227033329010009766e+01,8.881864547729492188e+00,9.215935707092285156e+00,4.243462562561035156e+00,4.243462562561035156e+00,2.805357933044433594e+00,2.756014585494995117e+00,6.959924101829528809e-01,6.959924101829528809e-01,8.837535977363586426e-01,1.835896633565425873e-02,1.303339576721191406e+01,1.303339576721191406e+01,1.052154541015625000e+01,9.810607910156250000e+00,2.175572967529296875e+01,2.175572967529296875e+01,1.713390541076660156e+01,1.676593971252441406e+01
3.000000000000000000e+02,2.633726692199707031e+01,2.633726692199707031e+01,2.072783088684082031e+01,1.969844055175781250e+01,1.916724205017089844e+01,1.916724205017089844e+01,1.417725944519042969e+01,1.425128936767578125e+01,1.256792163848876953e+01,1.256792163848876953e+01,9.618654251098632812e+00,9.437541961669921875e+00,4.114286422729492188e+00,4.114286422729492188e+00,2.684277534484863281e+00,2.640492439270019531e+00,7.012369632720947266e-01,7.012369632720947266e-01,8.771606087684631348e-01,3.205462917685508728e-02,1.317157554626464844e+01,1.317157554626464844e+01,1.056462192535400391e+01,9.927049636840820312e+00,2.153558349609375000e+01,2.153558349609375000e+01,1.705335998535156250e+01,1.665895652770996094e+01
3.010000000000000000e+02,2.628475570678710938e+01,2.628475570678710938e+01,2.073225784301757812e+01,1.975266075134277344e+01,1.927241516113281250e+01,1.927241516113281250e+01,1.435325241088867188e+01,1.439691734313964844e+01,1.278880786895751953e+01,1.278880786895751953e+01,9.273855209350585938e+00,9.639060974121093750e+00,3.964647769927978516e+00,3.964647769927978516e+00,2.538882255554199219e+00,2.509678840637207031e+00,7.104521393775939941e-01,7.104521393775939941e-01,8.746849894523620605e-01,4.826534539461135864e-02,1.326449680328369141e+01,1.326449680328369141e+01,1.061357688903808594e+01,1.005082702636718750e+01,2.135488510131835938e+01,2.135488510131835938e+01,1.689604759216308594e+01,1.656225204467773438e+01
3.020000000000000000e+02,2.620831871032714844e+01,2.620831871032714844e+01,2.071195602416992188e+01,1.977546310424804688e+01,1.942678070068359375e+01,1.942678070068359375e+01,1.448523521423339844e+01,1.451989364624023438e+01,1.301201629638671875e+01,1.301201629638671875e+01,9.467156410217285156e+00,9.819380760192871094e+00,3.649888992309570312e+00,3.649888992309570312e+00,2.412728309631347656e+00,2.335117101669311523e+00,7.129496335983276367e-01,7.129496335983276367e-01,8.863738179206848145e-01,6.747674196958541870e-02,1.334756278991699219e+01,1.334756278991699219e+01,1.060787200927734375e+01,1.012459754943847656e+01,2.126573181152343750e+01,2.126573181152343750e+01,1.679404449462890625e+01,1.632040977478027344e+01
3.030000000000000000e+02,2.635263252258300781e+01,2.635263252258300781e+01,2.068424415588378906e+01,1.980889511108398438e+01,1.961935424804687500e+01,1.961935424804687500e+01,1.467554664611816406e+01,1.462876033782958984e+01,1.325617980957031250e+01,1.325617980957031250e+01,9.664663314819335938e+00,9.997835159301757812e+00,3.244799852371215820e+00,3.244799852371215820e+00,2.153386116027832031e+00,2.122921705245971680e+00,7.149242162704467773e-01,7.149242162704467773e-01,8.941578269004821777e-01,8.876271545886993408e-02,1.343164157867431641e+01,1.343164157867431641e+01,1.062616539001464844e+01,1.019891166687011719e+01,2.129389953613281250e+01,2.129389953613281250e+01,1.674571609497070312e+01,1.638372421264648438e+01
3.040000000000000000e+02,2.631246185302734375e+01,2.631246185302734375e+01,2.071091270446777344e+01,1.985334396362304688e+01,1.975947380065917969e+01,1.975947380065917969e+01,1.483930301666259766e+01,1.483584976196289062e+01,1.346166610717773438e+01,1.346166610717773438e+01,9.837580680847167969e+00,1.016404151916503906e+01,2.852729797363281250e+00,2.852729797363281250e+00,1.938811302185058594e+00,1.919750452041625977e+00,7.185068726539611816e-01,7.185068726539611816e-01,8.985956907272338867e-01,1.105042695999145508e-01,1.347418785095214844e+01,1.347418785095214844e+01,1.064807605743408203e+01,1.028332042694091797e+01,2.116294479370117188e+01,2.116294479370117188e+01,1.669260978698730469e+01,1.641544342041015625e+01
3.050000000000000000e+02,2.634296417236328125e+01,2.634296417236328125e+01,2.061028480529785156e+01,1.995364379882812500e+01,2.000063705444335938e+01,2.000063705444335938e+01,1.505649089813232422e+01,1.500746345520019531e+01,1.367109680175781250e+01,1.367109680175781250e+01,9.376827239990234375e+00,1.033720588684082031e+01,2.460154533386230469e+00,2.460154533386230469e+00,1.722470760345458984e+00,1.689607858657836914e+00,6.935859322547912598e-01,6.935859322547912598e-01,9.014166593551635742e-01,1.321372836828231812e-01,1.352085304260253906e+01,1.352085304260253906e+01,1.059854507446289062e+01,1.031095123291015625e+01,2.115832519531250000e+01,2.115832519531250000e+01,1.650609779357910156e+01,1.632713317871093750e+01
3.060000000000000000e+02,2.641766548156738281e+01,2.641766548156738281e+01,2.067221260070800781e+01,1.996500015258789062e+01,2.026137924194335938e+01,2.026137924194335938e+01,1.520570755004882812e+01,1.516748905181884766e+01,1.385758590698242188e+01,1.385758590698242188e+01,1.016819572448730469e+01,1.045541763305664062e+01,2.083590030670166016e+00,2.083590030670166016e+00,1.508897066116333008e+00,1.489968061447143555e+00,7.049197554588317871e-01,7.049197554588317871e-01,9.067950844764709473e-01,1.465862989425659180e-01,1.353387928009033203e+01,1.353387928009033203e+01,1.055605220794677734e+01,1.034281253814697266e+01,2.108623695373535156e+01,2.108623695373535156e+01,1.641716766357421875e+01,1.626966476440429688e+01
3.070000000000000000e+02,2.647253417968750000e+01,2.647253417968750000e+01,2.056695747375488281e+01,1.991779708862304688e+01,2.041816711425781250e+01,2.041816711425781250e+01,1.544929695129394531e+01,1.532905197143554688e+01,1.401836776733398438e+01,1.401836776733398438e+01,1.032334899902343750e+01,1.059713077545166016e+01,1.713629722595214844e+00,1.713629722595214844e+00,1.292240381240844727e+00,1.273867845535278320e+00,6.950321197509765625e-01,6.950321197509765625e-01,9.143611788749694824e-01,1.578715741634368896e-01,1.352948188781738281e+01,1.352948188781738281e+01,1.053791713714599609e+01,1.037485313415527344e+01,2.092396736145019531e+01,2.092396736145019531e+01,1.628873252868652344e+01,1.617040443420410156e+01
3.080000000000000000e+02,2.642407035827636719e+01,2.642407035827636719e+01,2.063791275024414062e+01,2.003241920471191406e+01,2.074831771850585938e+01,2.074831771850585938e+01,1.567808055877685547e+01,1.552868366241455078e+01,1.415766811370849609e+01,1.415766811370849609e+01,1.043529510498046875e+01,1.071352195739746094e+01,1.368114352226257324e+00,1.368114352226257324e+00,1.080247640609741211e+00,1.068990707397460938e+00,6.833710074424743652e-01,6.833710074424743652e-01,9.171806573867797852e-01,1.698634624481201172e-01,1.349665927886962891e+01,1.349665927886962891e+01,1.048301219940185547e+01,1.035325813293457031e+01,2.089805793762207031e+01,2.089805793762207031e+01,1.623488235473632812e+01,1.603478813171386719e+01
3.090000000000000000e+02,2.641360282897949219e+01,2.641360282897949219e+01,2.058551979064941406e+01,2.008686828613281250e+01,2.088439369201660156e+01,2.088439369201660156e+01,1.591211509704589844e+01,1.585230731964111328e+01,1.432118225097656250e+01,1.432118225097656250e+01,1.056829261779785156e+01,1.081476211547851562e+01,1.050187468528747559e+00,1.050187468528747559e+00,8.782523274421691895e-01,8.693711161613464355e-01,6.705341935157775879e-01,6.705341935157775879e-01,9.039183855056762695e-01,1.802449673414230347e-01,1.348326110839843750e+01,1.348326110839843750e+01,1.042158126831054688e+01,1.036383438110351562e+01,2.065803527832031250e+01,2.065803527832031250e+01,1.605527114868164062e+01,1.590524482727050781e+01
3.100000000000000000e+02,2.652393722534179688e+01,2.652393722534179688e+01,2.059497451782226562e+01,2.013406562805175781e+01,2.118344688415527344e+01,2.118344688415527344e+01,1.609938812255859375e+01,1.608283233642578125e+01,1.444205760955810547e+01,1.444205760955810547e+01,1.067015457153320312e+01,1.090849113464355469e+01,7.619948387145996094e-01,7.619948387145996094e-01,6.820015907287597656e-01,6.795771718025207520e-01,6.687026023864746094e-01,6.687026023864746094e-01,9.028111696243286133e-01,1.926270425319671631e-01,1.342617797851562500e+01,1.342617797851562500e+01,1.031269836425781250e+01,1.034854030609130859e+01,2.060630035400390625e+01,2.060630035400390625e+01,1.590207099914550781e+01,1.580721092224121094e+01
3.110000000000000000e+02,2.648680496215820312e+01,2.648680496215820312e+01,2.055917167663574219e+01,2.018407058715820312e+01,2.124211692810058594e+01,2.124211692810058594e+01,1.630356788635253906e+01,1.635377311706542969e+01,1.455633449554443359e+01,1.455633449554443359e+01,1.078520011901855469e+01,1.098353958129882812e+01,5.088196992874145508e-01,5.088196992874145508e-01,5.091066360473632812e-01,5.048092603683471680e-01,6.715373992919921875e-01,6.715373992919921875e-01,8.949331045150756836e-01,2.069341838359832764e-01,1.335783576965332031e+01,1.335783576965332031e+01,1.021059608459472656e+01,1.029387950897216797e+01,2.032914924621582031e+01,2.032914924621582031e+01,1.582885646820068359e+01,1.571201324462890625e+01
3.120000000000000000e+02,2.661398506164550781e+01,2.661398506164550781e+01,2.054445457458496094e+01,2.014634513854980469e+01,2.160358047485351562e+01,2.160358047485351562e+01,1.669636535644531250e+01,1.665079307556152344e+01,1.462593460083007812e+01,1.462593460083007812e+01,1.092878150939941406e+01,1.105973434448242188e+01,2.995773255825042725e-01,2.995773255825042725e-01,3.428546190261840820e-01,3.388651013374328613e-01,6.729580760002136230e-01,6.729580760002136230e-01,8.889479637145996094e-01,2.259972840547561646e-01,1.325249767303466797e+01,1.325249767303466797e+01,1.012363719940185547e+01,1.021574687957763672e+01,2.026021575927734375e+01,2.026021575927734375e+01,1.577225112915039062e+01,1.573195266723632812e+01
3.130000000000000000e+02,2.666092109680175781e+01,2.666092109680175781e+01,2.056138992309570312e+01,2.017482376098632812e+01,2.179376792907714844e+01,2.179376792907714844e+01,1.711510467529296875e+01,1.709529876708984375e+01,1.471258163452148438e+01,1.471258163452148438e+01,1.097363281250000000e+01,1.112043857574462891e+01,1.414869427680969238e-01,1.414869427680969238e-01,1.649051606655120850e-01,1.633476912975311279e-01,6.796845197677612305e-01,6.796845197677612305e-01,8.947932720184326172e-01,2.383391410112380981e-01,1.315456962585449219e+01,1.315456962585449219e+01,1.002741718292236328e+01,1.016642475128173828e+01,1.993473625183105469e+01,1.993473625183105469e+01,1.579777336120605469e+01,1.573213386535644531e+01
3.140000000000000000e+02,2.660433387756347656e+01,2.660433387756347656e+01,2.057540512084960938e+01,2.016837692260742188e+01,2.229317665100097656e+01,2.229317665100097656e+01,1.773639488220214844e+01,1.765908432006835938e+01,1.485777091979980469e+01,1.485777091979980469e+01,1.114163017272949219e+01,1.115327358245849609e+01,3.841391205787658691e-02,3.841391205787658691e-02,4.404461756348609924e-02,4.377822577953338623e-02,6.780295372009277344e-01,6.780295372009277344e-01,8.878071904182434082e-01,2.526783347129821777e-01,1.307646274566650391e+01,1.307646274566650391e+01,9.882461547851562500e+00,1.007151222229003906e+01,1.984136199951171875e+01,1.984136199951171875e+01,1.581684684753417969e+01,1.575734901428222656e+01
3.150000000000000000e+02,2.651451492309570312e+01,2.651451492309570312e+01,2.055777931213378906e+01,2.013112449645996094e+01,2.264001464843750000e+01,2.264001464843750000e+01,1.399123287200927734e+01,1.821986389160156250e+01,1.474980163574218750e+01,1.474980163574218750e+01,1.113715171813964844e+01,1.115747833251953125e+01,5.269974678867583862e-08,5.269974678867583862e-08,6.694259013784176204e-08,6.656724593767648912e-08,6.733030080795288086e-01,6.733030080795288086e-01,8.684181571006774902e-01,2.572145760059356689e-01,1.282196521759033203e+01,1.282196521759033203e+01,9.753129005432128906e+00,9.972229003906250000e+00,1.944037246704101562e+01,1.944037246704101562e+01,1.573010826110839844e+01,1.570580673217773438e+01
3.160000000000000000e+02,2.685107040405273438e+01,2.685107040405273438e+01,2.052037239074707031e+01,2.009413528442382812e+01,2.289539337158203125e+01,2.289539337158203125e+01,1.834907150268554688e+01,1.834032440185546875e+01,1.484913635253906250e+01,1.484913635253906250e+01,1.122175025939941406e+01,1.122049427032470703e+01,0.000000000000000000e+00,0.000000000000000000e+00,0.000000000000000000e+00,0.000000000000000000e+00,6.850602030754089355e-01,6.850602030754089355e-01,8.360850811004638672e-01,2.812964022159576416e-01,1.274953651428222656e+01,1.274953651428222656e+01,9.595993041992187500e+00,9.884216308593750000e+00,1.906780052185058594e+01,1.906780052185058594e+01,1.530066585540771484e+01,1.530787086486816406e+01
3.170000000000000000e+02,2.692837715148925781e+01,2.692837715148925781e+01,2.060904884338378906e+01,2.010348129272460938e+01,2.278635978698730469e+01,2.278635978698730469e+01,1.821009445190429688e+01,1.836090087890625000e+01,1.486689376831054688e+01,1.486689376831054688e+01,1.127918338775634766e+01,1.124316024780273438e+01,0.000000000000000000e+00,0.000000000000000000e+00,0.000000000000000000e+00,0.000000000000000000e+00,8.093435168266296387e-01,8.093435168266296387e-01,8.604909181594848633e-01,3.675698637962341309e-01,1.257772636413574219e+01,1.257772636413574219e+01,9.429328918457031250e+00,9.757814407348632812e+00,1.837513732910156250e+01,1.837513732910156250e+01,1.487087726593017578e+01,1.490166854858398438e+01
3.180000000000000000e+02,2.695744132995605469e+01,2.695744132995605469e+01,2.059785270690917969e+01,2.007237052917480469e+01,2.290301704406738281e+01,2.290301704406738281e+01,1.816641044616699219e+01,1.838962936401367188e+01,1.485630989074707031e+01,1.485630989074707031e+01,1.129533004760742188e+01,1.124191665649414062e+01,0.000000000000000000e+00,0.000000000000000000e+00,0.000000000000000000e+00,0.000000000000000000e+00,1.015889048576354980e+00,1.015889048576354980e+00,9.371991157531738281e-01,5.105599164962768555e-01,1.238646793365478516e+01,1.238646793365478516e+01,9.272258758544921875e+00,9.639337539672851562e+00,1.802365875244140625e+01,1.802365875244140625e+01,1.454853248596191406e+01,1.454440784454345703e+01
3.190000000000000000e+02,2.701881217956542969e+01,2.701881217956542969e+01,2.043263244628906250e+01,2.004884147644042969e+01,2.282704162597656250e+01,2.282704162597656250e+01,1.800332641601562500e+01,1.836580657958984375e+01,1.484299278259277344e+01,1.484299278259277344e+01,1.130524444580078125e+01,1.124246025085449219e+01,0.000000000000000000e+00,0.000000000000000000e+00,0.000000000000000000e+00,0.000000000000000000e+00,1.254433751106262207e+00,1.254433751106262207e+00,1.029742598533630371e+00,7.016399502754211426e-01,1.222402000427246094e+01,1.222402000427246094e+01,9.078145980834960938e+00,9.521142959594726562e+00,1.747827339172363281e+01,1.747827339172363281e+01,1.424963474273681641e+01,1.430149459838867188e+01
3.200000000000000000e+02,2.718933105468750000e+01,2.718933105468750000e+01,2.074784660339355469e+01,2.010300064086914062e+01,2.307639884948730469e+01,2.307639884948730469e+01,1.798179817199707031e+01,1.837476348876953125e+01,1.481717681884765625e+01,1.481717681884765625e+01,1.130397224426269531e+01,1.124549484252929688e+01,0.000000000000000000e+00,0.000000000000000000e+00,0.000000000000000000e+00,0.000000000000000000e+00,1.521722078323364258e+00,1.521722078323364258e+00,1.125540137290954590e+00,9.359638094902038574e-01,1.202986717224121094e+01,1.202986717224121094e+01,8.898538589477539062e+00,9.373617172241210938e+00,1.735475921630859375e+01,1.735475921630859375e+01,1.403327369689941406e+01,1.410121345520019531e+01
3.210000000000000000e+02,2.719205093383789062e+01,2.719205093383789062e+01,2.068499183654785156e+01,2.006211471557617188e+01,2.300199508666992188e+01,2.300199508666992188e+01,1.792366218566894531e+01,1.843638610839843750e+01,1.475975894927978516e+01,1.475975894927978516e+01,1.127261924743652344e+01,1.116546058654785156e+01,0.000000000000000000e+00,0.000000000000000000e+00,0.000000000000000000e+00,0.000000000000000000e+00,1.768558025360107422e+00,1.768558025360107422e+00,1.224720954895019531e+00,1.141378879547119141e+00,1.182865905761718750e+01,1.182865905761718750e+01,8.682737350463867188e+00,9.213237762451171875e+00,1.707107734680175781e+01,1.707107734680175781e+01,1.384332656860351562e+01,1.391836929321289062e+01
3.220000000000000000e+02,2.727799797058105469e+01,2.727799797058105469e+01,2.063498497009277344e+01,2.008940315246582031e+01,2.338446426391601562e+01,2.338446426391601562e+01,1.790130996704101562e+01,1.853640937805175781e+01,1.466888427734375000e+01,1.466888427734375000e+01,1.136481285095214844e+01,1.111497402191162109e+01,0.000000000000000000e+00,0.000000000000000000e+00,0.000000000000000000e+00,0.000000000000000000e+00,1.936017632484436035e+00,1.936017632484436035e+00,1.331970810890197754e+00,1.340173244476318359e+00,1.159134864807128906e+01,1.159134864807128906e+01,8.487255096435546875e+00,9.086256980895996094e+00,1.714862632751464844e+01,1.714862632751464844e+01,1.362454223632812500e+01,1.378492736816406250e+01
3.230000000000000000e+02,2.723567199707031250e+01,2.723567199707031250e+01,2.052318954467773438e+01,1.997300720214843750e+01,2.347823524475097656e+01,2.347823524475097656e+01,1.791977691650390625e+01,1.857462120056152344e+01,1.457120227813720703e+01,1.457120227813720703e+01,1.128541088104248047e+01,1.100024700164794922e+01,0.000000000000000000e+00,0.000000000000000000e+00,0.000000000000000000e+00,0.000000000000000000e+00,2.090629339218139648e+00,2.090629339218139648e+00,1.447016716003417969e+00,1.499212861061096191e+00,1.133421516418457031e+01,1.133421516418457031e+01,8.278627395629882812e+00,8.943507194519042969e+00,1.710184860229492188e+01,1.710184860229492188e+01,1.349639320373535156e+01,1.367641639709472656e+01
3.240000000000000000e+02,2.739649391174316406e+01,2.739649391174316406e+01,2.063133621215820312e+01,2.020239067077636719e+01,2.374680709838867188e+01,2.374680709838867188e+01,1.798426818847656250e+01,1.859906005859375000e+01,1.445754241943359375e+01,1.445754241943359375e+01,1.117133331298828125e+01,1.096259117126464844e+01,0.000000000000000000e+00,0.000000000000000000e+00,0.000000000000000000e+00,0.000000000000000000e+00,2.224779605865478516e+00,2.224779605865478516e+00,1.565617084503173828e+00,1.652665138244628906e+00,1.110383415222167969e+01,1.110383415222167969e+01,8.043312072753906250e+00,8.760915756225585938e+00,1.726152801513671875e+01,1.726152801513671875e+01,1.340312767028808594e+01,1.363043022155761719e+01
3.250000000000000000e+02,2.736785888671875000e+01,2.736785888671875000e+01,2.069614982604980469e+01,2.018371391296386719e+01,2.388997650146484375e+01,2.388997650146484375e+01,1.800513458251953125e+01,1.857485198974609375e+01,1.431890583038330078e+01,1.431890583038330078e+01,1.112253570556640625e+01,1.085014152526855469e+01,0.000000000000000000e+00,0.000000000000000000e+00,0.000000000000000000e+00,0.000000000000000000e+00,2.339226245880126953e+00,2.339226245880126953e+00,1.675090789794921875e+00,1.800513386726379395e+00,1.081719303131103516e+01,1.081719303131103516e+01,7.813758373260498047e+00,8.582776069641113281e+00,1.742790031433105469e+01,1.742790031433105469e+01,1.333823108673095703e+01,1.352811336517333984e+01
3.260000000000000000e+02,2.744050788879394531e+01,2.744050788879394531e+01,2.045934486389160156e+01,2.030499267578125000e+01,2.401281166076660156e+01,2.401281166076660156e+01,1.807259368896484375e+01,1.864677810668945312e+01,1.416336631774902344e+01,1.416336631774902344e+01,1.102007865905761719e+01,1.076498413085937500e+01,0.000000000000000000e+00,0.000000000000000000e+00,0.000000000000000000e+00,0.000000000000000000e+00,2.494955539703369141e+00,2.494955539703369141e+00,1.839037179946899414e+00,1.950436115264892578e+00,1.062987232208251953e+01,1.062987232208251953e+01,7.657415390014648438e+00,8.431021690368652344e+00,1.756902694702148438e+01,1.756902694702148438e+01,1.337502574920654297e+01,1.356025791168212891e+01
3.270000000000000000e+02,2.745561027526855469e+01,2.745561027526855469e+01,2.054061508178710938e+01,2.044055366516113281e+01,2.421953201293945312e+01,2.421953201293945312e+01,1.811799240112304688e+01,1.862420845031738281e+01,1.398290061950683594e+01,1.398290061950683594e+01,1.088178825378417969e+01,1.062223815917968750e+01,0.000000000000000000e+00,0.000000000000000000e+00,0.000000000000000000e+00,0.000000000000000000e+00,2.660770893096923828e+00,2.660770893096923828e+00,2.024921894073486328e+00,2.108885765075683594e+00,1.042989253997802734e+01,1.042989253997802734e+01,7.486864566802978516e+00,8.277328491210937500e+00,1.797245979309082031e+01,1.797245979309082031e+01,1.340836620330810547e+01,1.354123497009277344e+01
3.280000000000000000e+02,2.745467758178710938e+01,2.745467758178710938e+01,2.067728614807128906e+01,2.050379753112792969e+01,2.413986015319824219e+01,2.413986015319824219e+01,1.813862228393554688e+01,1.865471076965332031e+01,1.380749225616455078e+01,1.380749225616455078e+01,1.070065593719482422e+01,1.042317676544189453e+01,0.000000000000000000e+00,0.000000000000000000e+00,0.000000000000000000e+00,0.000000000000000000e+00,2.820919990539550781e+00,2.820919990539550781e+00,2.210945606231689453e+00,2.237246990203857422e+00,1.026082706451416016e+01,1.026082706451416016e+01,7.364800453186035156e+00,8.111541748046875000e+00,1.840536308288574219e+01,1.840536308288574219e+01,1.351695251464843750e+01,1.364321136474609375e+01
3.290000000000000000e+02,2.750802612304687500e+01,2.750802612304687500e+01,2.074891662597656250e+01,2.059528541564941406e+01,2.434141540527343750e+01,2.434141540527343750e+01,1.825947189331054688e+01,1.861676788330078125e+01,1.357985401153564453e+01,1.357985401153564453e+01,1.047098731994628906e+01,1.019851684570312500e+01,0.000000000000000000e+00,0.000000000000000000e+00,0.000000000000000000e+00,0.000000000000000000e+00,2.960084199905395508e+00,2.960084199905395508e+00,2.388986587524414062e+00,2.354513168334960938e+00,1.005096817016601562e+01,1.005096817016601562e+01,7.251517772674560547e+00,7.949889659881591797e+00,1.868916130065917969e+01,1.868916130065917969e+01,1.356171226501464844e+01,1.372168350219726562e+01
3.300000000000000000e+02,2.842942810058593750e+01,2.842942810058593750e+01,2.261846923828125000e+01,2.160469055175781250e+01,2.454987144470214844e+01,2.454987144470214844e+01,1.824076461791992188e+01,1.868065643310546875e+01,1.335960388183593750e+01,1.335960388183593750e+01,1.021885871887207031e+01,9.923752784729003906e+00,0.000000000000000000e+00,0.000000000000000000e+00,0.000000000000000000e+00,0.000000000000000000e+00,3.089822053909301758e+00,3.089822053909301758e+00,2.516008138656616211e+00,2.460881710052490234e+00,9.867004394531250000e+00,9.867004394531250000e+00,7.102471351623535156e+00,7.841492652893066406e+00,1.885152053833007812e+01,1.885152053833007812e+01,1.364331912994384766e+01,1.376376819610595703e+01
3.310000000000000000e+02,2.753269004821777344e+01,2.753269004821777344e+01,2.085795593261718750e+01,2.076708030700683594e+01,2.466679573059082031e+01,2.466679573059082031e+01,1.803114891052246094e+01,1.863513565063476562e+01,1.310195159912109375e+01,1.310195159912109375e+01,9.906914710998535156e+00,9.654351234436035156e+00,0.000000000000000000e+00,0.000000000000000000e+00,0.000000000000000000e+00,0.000000000000000000e+00,3.212049961090087891e+00,3.212049961090087891e+00,2.589589118957519531e+00,2.565247297286987305e+00,9.603255271911621094e+00,9.603255271911621094e+00,6.945606708526611328e+00,7.646784782409667969e+00,1.892345619201660156e+01,1.892345619201660156e+01,1.366299629211425781e+01,1.379295825958251953e+01
3.320000000000000000e+02,2.763538932800292969e+01,2.763538932800292969e+01,2.089751815795898438e+01,2.078362846374511719e+01,2.472242927551269531e+01,2.472242927551269531e+01,1.939726066589355469e+01,1.865667152404785156e+01,1.283045578002929688e+01,1.283045578002929688e+01,9.663715362548828125e+00,9.330249786376953125e+00,0.000000000000000000e+00,0.000000000000000000e+00,0.000000000000000000e+00,0.000000000000000000e+00,3.312047481536865234e+00,3.312047481536865234e+00,2.660238504409790039e+00,2.659269809722900391e+00,9.401607513427734375e+00,9.401607513427734375e+00,6.792789459228515625e+00,7.483623504638671875e+00,1.894530487060546875e+01,1.894530487060546875e+01,1.372910022735595703e+01,1.383867454528808594e+01
3.330000000000000000e+02,2.755108070373535156e+01,2.755108070373535156e+01,2.076765251159667969e+01,2.086807250976562500e+01,2.468040466308593750e+01,2.468040466308593750e+01,1.827731323242187500e+01,1.866884613037109375e+01,1.255800914764404297e+01,1.255800914764404297e+01,9.374059677124023438e+00,9.108448982238769531e+00,0.000000000000000000e+00,0.000000000000000000e+00,0.000000000000000000e+00,0.000000000000000000e+00,3.398761272430419922e+00,3.398761272430419922e+00,2.724247932434082031e+00,2.719148159027099609e+00,9.156400680541992188e+00,9.156400680541992188e+00,6.625685691833496094e+00,7.295848846435546875e+00,1.897283554077148438e+01,1.897283554077148438e+01,1.397227096557617188e+01,1.392862987518310547e+01
3.340000000000000000e+02,2.777338600158691406e+01,2.777338600158691406e+01,2.088018226623535156e+01,2.101697540283203125e+01,2.474077033996582031e+01,2.474077033996582031e+01,1.827052879333496094e+01,1.868995285034179688e+01,1.226976013183593750e+01,1.226976013183593750e+01,9.065660476684570312e+00,8.823648452758789062e+00,0.000000000000000000e+00,0.000000000000000000e+00,0.000000000000000000e+00,0.000000000000000000e+00,3.472182750701904297e+00,3.472182750701904297e+00,2.740101814270019531e+00,2.806466579437255859e+00,8.936952590942382812e+00,8.936952590942382812e+00,6.461233139038085938e+00,7.094644069671630859e+00,1.914291763305664062e+01,1.914291763305664062e+01,1.389671325683593750e+01,1.397946071624755859e+01
3.350000000000000000e+02,2.794644927978515625e+01,2.794644927978515625e+01,2.144205665588378906e+01,2.120948028564453125e+01,2.485351562500000000e+01,2.485351562500000000e+01,1.825563430786132812e+01,1.866557121276855469e+01,1.194462680816650391e+01,1.194462680816650391e+01,8.753102302551269531e+00,8.524703025817871094e+00,0.000000000000000000e+00,0.000000000000000000e+00,0.000000000000000000e+00,0.000000000000000000e+00,3.533742427825927734e+00,3.533742427825927734e+00,2.762180566787719727e+00,2.851940155029296875e+00,8.674135208129882812e+00,8.674135208129882812e+00,6.279421806335449219e+00,6.931619167327880859e+00,1.928007888793945312e+01,1.928007888793945312e+01,1.398067855834960938e+01,1.407479667663574219e+01
3.360000000000000000e+02,2.785658836364746094e+01,2.785658836364746094e+01,2.118058776855468750e+01,2.117325592041015625e+01,2.476889228820800781e+01,2.476889228820800781e+01,1.828005599975585938e+01,1.865022277832031250e+01,1.162097072601318359e+01,1.162097072601318359e+01,8.436068534851074219e+00,8.222429275512695312e+00,0.000000000000000000e+00,0.000000000000000000e+00,0.000000000000000000e+00,0.000000000000000000e+00,3.562204837799072266e+00,3.562204837799072266e+00,2.781060695648193359e+00,2.889655590057373047e+00,8.395114898681640625e+00,8.395114898681640625e+00,6.104217052459716797e+00,6.702046394348144531e+00,1.933186912536621094e+01,1.933186912536621094e+01,1.406683158874511719e+01,1.412685585021972656e+01
3.370000000000000000e+02,2.792913818359375000e+01,2.792913818359375000e+01,2.119094848632812500e+01,2.126139068603515625e+01,2.479421424865722656e+01,2.479421424865722656e+01,1.815160942077636719e+01,1.866426849365234375e+01,1.125443077087402344e+01,1.125443077087402344e+01,8.108714103698730469e+00,7.895344734191894531e+00,0.000000000000000000e+00,0.000000000000000000e+00,0.000000000000000000e+00,0.000000000000000000e+00,3.588324546813964844e+00,3.588324546813964844e+00,2.783407688140869141e+00,2.917511940002441406e+00,8.084342956542968750e+00,8.084342956542968750e+00,5.925694465637207031e+00,6.556118965148925781e+00,1.950381469726562500e+01,1.950381469726562500e+01,1.418447971343994141e+01,1.430008411407470703e+01
3.380000000000000000e+02,2.817537307739257812e+01,2.817537307739257812e+01,2.136047363281250000e+01,2.152928352355957031e+01,2.477300071716308594e+01,2.477300071716308594e+01,1.809795761108398438e+01,1.860126113891601562e+01,1.089816665649414062e+01,1.089816665649414062e+01,7.676153182983398438e+00,7.591120243072509766e+00,0.000000000000000000e+00,0.000000000000000000e+00,0.000000000000000000e+00,0.000000000000000000e+00,3.598653793334960938e+00,3.598653793334960938e+00,2.768563747406005859e+00,2.935933589935302734e+00,7.832496166229248047e+00,7.832496166229248047e+00,5.720003128051757812e+00,6.280298709869384766e+00,1.952032089233398438e+01,1.952032089233398438e+01,1.431664562225341797e+01,1.436663627624511719e+01
3.390000000000000000e+02,2.830433273315429688e+01,2.830433273315429688e+01,2.156619453430175781e+01,2.163165473937988281e+01,2.469983673095703125e+01,2.469983673095703125e+01,1.804069328308105469e+01,1.860846710205078125e+01,1.051648998260498047e+01,1.051648998260498047e+01,7.402561187744140625e+00,7.221031188964843750e+00,0.000000000000000000e+00,0.000000000000000000e+00,0.000000000000000000e+00,0.000000000000000000e+00,3.593608379364013672e+00,3.593608379364013672e+00,2.750747680664062500e+00,2.935918807983398438e+00,7.565171241760253906e+00,7.565171241760253906e+00,5.530081748962402344e+00,6.060939788818359375e+00,1.954501342773437500e+01,1.954501342773437500e+01,1.446294879913330078e+01,1.445471382141113281e+01
3.400000000000000000e+02,2.843904876708984375e+01,2.843904876708984375e+01,2.161857032775878906e+01,2.167042350769042969e+01,2.467628669738769531e+01,2.467628669738769531e+01,1.797051620483398438e+01,1.853033447265625000e+01,1.013320064544677734e+01,1.013320064544677734e+01,7.045392513275146484e+00,6.868906974792480469e+00,0.000000000000000000e+00,0.000000000000000000e+00,0.000000000000000000e+00,0.000000000000000000e+00,3.573395490646362305e+00,3.573395490646362305e+00,2.714609861373901367e+00,2.926409482955932617e+00,7.257202148437500000e+00,7.257202148437500000e+00,5.337554931640625000e+00,5.863587379455566406e+00,1.973503494262695312e+01,1.973503494262695312e+01,1.450970935821533203e+01,1.454861068725585938e+01
3.410000000000000000e+02,2.850442886352539062e+01,2.850442886352539062e+01,2.100565910339355469e+01,2.186749267578125000e+01,2.463682746887207031e+01,2.463682746887207031e+01,1.787946319580078125e+01,1.851251602172851562e+01,9.722655296325683594e+00,9.722655296325683594e+00,6.697550773620605469e+00,6.547159194946289062e+00,0.000000000000000000e+00,0.000000000000000000e+00,0.000000000000000000e+00,0.000000000000000000e+00,3.539010524749755859e+00,3.539010524749755859e+00,2.675939559936523438e+00,2.907080173492431641e+00,6.955352306365966797e+00,6.955352306365966797e+00,5.143958091735839844e+00,5.606969356536865234e+00,1.984226608276367188e+01,1.984226608276367188e+01,1.470684814453125000e+01,1.469554996490478516e+01
3.420000000000000000e+02,2.839846420288085938e+01,2.839846420288085938e+01,2.161948776245117188e+01,2.172444915771484375e+01,2.451561927795410156e+01,2.451561927795410156e+01,1.787772178649902344e+01,1.847323608398437500e+01,9.285068511962890625e+00,9.285068511962890625e+00,6.313370704650878906e+00,6.188074111938476562e+00,0.000000000000000000e+00,0.000000000000000000e+00,0.000000000000000000e+00,0.000000000000000000e+00,3.488223314285278320e+00,3.488223314285278320e+00,2.613467693328857422e+00,2.875357866287231445e+00,6.626807212829589844e+00,6.626807212829589844e+00,4.912445068359375000e+00,5.362065315246582031e+00,1.983688545227050781e+01,1.983688545227050781e+01,1.479320812225341797e+01,1.475071907043457031e+01
3.430000000000000000e+02,2.863410949707031250e+01,2.863410949707031250e+01,2.188780403137207031e+01,2.200617599487304688e+01,2.444511604309082031e+01,2.444511604309082031e+01,1.777685165405273438e+01,1.831870651245117188e+01,8.853990554809570312e+00,8.853990554809570312e+00,5.944705486297607422e+00,5.822654247283935547e+00,0.000000000000000000e+00,0.000000000000000000e+00,0.000000000000000000e+00,0.000000000000000000e+00,3.421972990036010742e+00,3.421972990036010742e+00,2.547359943389892578e+00,2.826495647430419922e+00,6.308694839477539062e+00,6.308694839477539062e+00,4.685774803161621094e+00,5.121275901794433594e+00,1.996720314025878906e+01,1.996720314025878906e+01,1.495633602142333984e+01,1.493430233001708984e+01
3.440000000000000000e+02,2.892619323730468750e+01,2.892619323730468750e+01,2.199868202209472656e+01,2.217325019836425781e+01,2.432881546020507812e+01,2.432881546020507812e+01,1.760886955261230469e+01,1.827415847778320312e+01,8.413778305053710938e+00,8.413778305053710938e+00,5.562450408935546875e+00,5.464521408081054688e+00,0.000000000000000000e+00,0.000000000000000000e+00,0.000000000000000000e+00,0.000000000000000000e+00,3.324224472045898438e+00,3.324224472045898438e+00,2.473098754882812500e+00,2.741366624832153320e+00,6.005531787872314453e+00,6.005531787872314453e+00,4.468590736389160156e+00,4.871626853942871094e+00,2.008800506591796875e+01,2.008800506591796875e+01,1.510807704925537109e+01,1.506361198425292969e+01
3.450000000000000000e+02,2.899679374694824219e+01,2.899679374694824219e+01,2.211703872680664062e+01,2.235046958923339844e+01,2.427934837341308594e+01,2.427934837341308594e+01,1.858327484130859375e+01,1.823338699340820312e+01,7.948184013366699219e+00,7.948184013366699219e+00,5.185795307159423828e+00,5.100860118865966797e+00,0.000000000000000000e+00,0.000000000000000000e+00,0.000000000000000000e+00,0.000000000000000000e+00,3.214196205139160156e+00,3.214196205139160156e+00,2.386234045028686523e+00,2.643747329711914062e+00,5.662536621093750000e+00,5.662536621093750000e+00,4.243832588195800781e+00,4.603881835937500000e+00,2.020736312866210938e+01,2.020736312866210938e+01,1.525272274017333984e+01,1.517660713195800781e+01
3.460000000000000000e+02,2.903302764892578125e+01,2.903302764892578125e+01,2.243701934814453125e+01,2.256703758239746094e+01,2.409322547912597656e+01,2.409322547912597656e+01,1.747274780273437500e+01,1.816075515747070312e+01,7.469112396240234375e+00,7.469112396240234375e+00,4.783313751220703125e+00,4.727150917053222656e+00,0.000000000000000000e+00,0.000000000000000000e+00,0.000000000000000000e+00,0.000000000000000000e+00,3.085788249969482422e+00,3.085788249969482422e+00,2.295100212097167969e+00,2.538710355758666992e+00,5.325257301330566406e+00,5.325257301330566406e+00,3.994885921478271484e+00,4.335206985473632812e+00,2.019927215576171875e+01,2.019927215576171875e+01,1.536445999145507812e+01,1.529600429534912109e+01
3.470000000000000000e+02,2.915714073181152344e+01,2.915714073181152344e+01,2.278825569152832031e+01,2.275528335571289062e+01,2.392536163330078125e+01,2.392536163330078125e+01,1.740739059448242188e+01,1.805676651000976562e+01,6.711102485656738281e+00,6.711102485656738281e+00,4.436505317687988281e+00,4.293762207031250000e+00,0.000000000000000000e+00,0.000000000000000000e+00,0.000000000000000000e+00,0.000000000000000000e+00,2.943955898284912109e+00,2.943955898284912109e+00,2.183895111083984375e+00,2.416711568832397461e+00,5.009840965270996094e+00,5.009840965270996094e+00,3.755132198333740234e+00,4.024088382720947266e+00,2.028947067260742188e+01,2.028947067260742188e+01,1.547573566436767578e+01,1.541858959197998047e+01
3.480000000000000000e+02,2.936807250976562500e+01,2.936807250976562500e+01,2.271613502502441406e+01,2.291122436523437500e+01,2.380814933776855469e+01,2.380814933776855469e+01,1.735817337036132812e+01,1.795422935485839844e+01,5.827460289001464844e+00,5.827460289001464844e+00,3.867182731628417969e+00,3.812461376190185547e+00,0.000000000000000000e+00,0.000000000000000000e+00,0.000000000000000000e+00,0.000000000000000000e+00,2.791092395782470703e+00,2.791092395782470703e+00,2.067224740982055664e+00,2.283373355865478516e+00,4.716238021850585938e+00,4.716238021850585938e+00,3.525181293487548828e+00,3.789309978485107422e+00,2.039796447753906250e+01,2.039796447753906250e+01,1.559939002990722656e+01,1.553508377075195312e+01
3.490000000000000000e+02,2.944018936157226562e+01,2.944018936157226562e+01,2.295078468322753906e+01,2.309726524353027344e+01,2.363109397888183594e+01,2.363109397888183594e+01,1.726924514770507812e+01,1.784289550781250000e+01,5.007788181304931641e+00,5.007788181304931641e+00,3.403582096099853516e+00,3.370072364807128906e+00,0.000000000000000000e+00,0.000000000000000000e+00,0.000000000000000000e+00,0.000000000000000000e+00,2.621175289154052734e+00,2.621175289154052734e+00,1.947266578674316406e+00,2.147625207901000977e+00,4.375627517700195312e+00,4.375627517700195312e+00,3.287206649780273438e+00,3.536161899566650391e+00,2.048703384399414062e+01,2.048703384399414062e+01,1.559262084960937500e+01,1.556002330780029297e+01
3.500000000000000000e+02,2.974133300781250000e+01,2.974133300781250000e+01,2.320336341857910156e+01,2.324998474121093750e+01,2.347304153442382812e+01,2.347304153442382812e+01,1.609991645812988281e+01,1.774923324584960938e+01,4.223765373229980469e+00,4.223765373229980469e+00,2.957043647766113281e+00,2.901108264923095703e+00,0.000000000000000000e+00,0.000000000000000000e+00,0.000000000000000000e+00,0.000000000000000000e+00,2.442347049713134766e+00,2.442347049713134766e+00,1.806394338607788086e+00,1.991279125213623047e+00,4.050151824951171875e+00,4.050151824951171875e+00,3.014720916748046875e+00,3.251173019409179688e+00,2.053086853027343750e+01,2.053086853027343750e+01,1.562611961364746094e+01,1.558943653106689453e+01
3.510000000000000000e+02,2.999884414672851562e+01,2.999884414672851562e+01,2.344717979431152344e+01,2.354026412963867188e+01,2.328536415100097656e+01,2.328536415100097656e+01,1.708729743957519531e+01,1.757054901123046875e+01,3.501140117645263672e+00,3.501140117645263672e+00,2.535580635070800781e+00,2.503268241882324219e+00,0.000000000000000000e+00,0.000000000000000000e+00,0.000000000000000000e+00,0.000000000000000000e+00,2.248410701751708984e+00,2.248410701751708984e+00,1.659504890441894531e+00,1.829311132431030273e+00,3.702460050582885742e+00,3.702460050582885742e+00,2.753187179565429688e+00,2.963899612426757812e+00,2.058700752258300781e+01,2.058700752258300781e+01,1.557792663574218750e+01,1.559488296508789062e+01
3.520000000000000000e+02,3.011533355712890625e+01,3.011533355712890625e+01,2.372907447814941406e+01,2.378417205810546875e+01,2.306680488586425781e+01,2.306680488586425781e+01,1.698757934570312500e+01,1.743807983398437500e+01,2.819727182388305664e+00,2.819727182388305664e+00,2.126296043395996094e+00,2.096112966537475586e+00,0.000000000000000000e+00,0.000000000000000000e+00,0.000000000000000000e+00,0.000000000000000000e+00,2.041439294815063477e+00,2.041439294815063477e+00,1.509570360183715820e+00,1.661328673362731934e+00,3.328611612319946289e+00,3.328611612319946289e+00,2.479178905487060547e+00,2.662572383880615234e+00,2.069090270996093750e+01,2.069090270996093750e+01,1.582470798492431641e+01,1.581572341918945312e+01
3.530000000000000000e+02,3.051180458068847656e+01,3.051180458068847656e+01,2.398267936706542969e+01,2.392466163635253906e+01,2.282415580749511719e+01,2.282415580749511719e+01,1.682366180419921875e+01,1.727193450927734375e+01,2.205671548843383789e+00,2.205671548843383789e+00,1.741455316543579102e+00,1.723345756530761719e+00,0.000000000000000000e+00,0.000000000000000000e+00,0.000000000000000000e+00,0.000000000000000000e+00,1.820239067077636719e+00,1.820239067077636719e+00,1.348124265670776367e+00,1.477417826652526855e+00,2.966197252273559570e+00,2.966197252273559570e+00,2.209523677825927734e+00,2.350614547729492188e+00,2.073968887329101562e+01,2.073968887329101562e+01,1.568535041809082031e+01,1.570926475524902344e+01
3.540000000000000000e+02,3.057944869995117188e+01,3.057944869995117188e+01,2.426124191284179688e+01,2.434044647216796875e+01,2.263162422180175781e+01,2.263162422180175781e+01,1.670068740844726562e+01,1.709172821044921875e+01,1.659625411033630371e+00,1.659625411033630371e+00,1.387950181961059570e+00,1.373878717422485352e+00,0.000000000000000000e+00,0.000000000000000000e+00,0.000000000000000000e+00,0.000000000000000000e+00,1.594131827354431152e+00,1.594131827354431152e+00,1.177919387817382812e+00,1.291387677192687988e+00,2.561809778213500977e+00,2.561809778213500977e+00,1.912900924682617188e+00,2.033169746398925781e+00,2.077002143859863281e+01,2.077002143859863281e+01,1.562373828887939453e+01,1.560621643066406250e+01
3.550000000000000000e+02,3.100659370422363281e+01,3.100659370422363281e+01,2.439553642272949219e+01,2.463516616821289062e+01,2.238324737548828125e+01,2.238324737548828125e+01,1.653935241699218750e+01,1.690671157836914062e+01,1.180935978889465332e+00,1.180935978889465332e+00,1.056799650192260742e+00,1.053241848945617676e+00,0.000000000000000000e+00,0.000000000000000000e+00,0.000000000000000000e+00,0.000000000000000000e+00,1.352407574653625488e+00,1.352407574653625488e+00,9.961763024330139160e-01,1.095518946647644043e+00,2.173152923583984375e+00,2.173152923583984375e+00,1.614142060279846191e+00,1.715233325958251953e+00,2.077151298522949219e+01,2.077151298522949219e+01,1.558573150634765625e+01,1.556635856628417969e+01
3.560000000000000000e+02,3.105800819396972656e+01,3.105800819396972656e+01,2.478513717651367188e+01,2.497409057617187500e+01,2.213373756408691406e+01,2.213373756408691406e+01,1.639985466003417969e+01,1.670097541809082031e+01,7.736771106719970703e-01,7.736771106719970703e-01,7.740615606307983398e-01,7.676038146018981934e-01,0.000000000000000000e+00,0.000000000000000000e+00,0.000000000000000000e+00,0.000000000000000000e+00,1.101338744163513184e+00,1.101338744163513184e+00,8.098146915435791016e-01,8.888798356056213379e-01,1.749778032302856445e+00,1.749778032302856445e+00,1.314717531204223633e+00,1.389206051826477051e+00,2.077006721496582031e+01,2.077006721496582031e+01,1.555764198303222656e+01,1.549084568023681641e+01
3.570000000000000000e+02,3.149104690551757812e+01,3.149104690551757812e+01,2.549449539184570312e+01,2.541758537292480469e+01,2.182815933227539062e+01,2.182815933227539062e+01,1.631198120117187500e+01,1.650507736206054688e+01,4.470992684364318848e-01,4.470992684364318848e-01,5.116876363754272461e-01,5.057152509689331055e-01,0.000000000000000000e+00,0.000000000000000000e+00,0.000000000000000000e+00,0.000000000000000000e+00,8.389062881469726562e-01,8.389062881469726562e-01,6.177796721458435059e-01,6.743265390396118164e-01,1.336041331291198730e+00,1.336041331291198730e+00,1.006771087646484375e+00,1.063947558403015137e+00,2.081539344787597656e+01,2.081539344787597656e+01,1.558713436126708984e+01,1.552281665802001953e+01
3.580000000000000000e+02,3.159032058715820312e+01,3.159032058715820312e+01,2.601444435119628906e+01,2.602579689025878906e+01,2.155961608886718750e+01,2.155961608886718750e+01,1.607960128784179688e+01,1.629650688171386719e+01,2.073339372873306274e-01,2.073339372873306274e-01,2.416507452726364136e-01,2.393684387207031250e-01,0.000000000000000000e+00,0.000000000000000000e+00,0.000000000000000000e+00,0.000000000000000000e+00,5.682709217071533203e-01,5.682709217071533203e-01,4.191411137580871582e-01,4.567733108997344971e-01,8.947193026542663574e-01,8.947193026542663574e-01,6.884148716926574707e-01,7.233759164810180664e-01,2.086371994018554688e+01,2.086371994018554688e+01,1.557016754150390625e+01,1.550435352325439453e+01
3.590000000000000000e+02,3.199813842773437500e+01,3.199813842773437500e+01,2.670141601562500000e+01,2.650232315063476562e+01,2.138142776489257812e+01,2.138142776489257812e+01,1.603833580017089844e+01,1.605584716796875000e+01,5.529107898473739624e-02,5.529107898473739624e-02,6.339564919471740723e-02,6.301222741603851318e-02,0.000000000000000000e+00,0.000000000000000000e+00,0.000000000000000000e+00,0.000000000000000000e+00,2.889215350151062012e-01,2.889215350151062012e-01,2.117730081081390381e-01,2.310343682765960693e-01,4.552494287490844727e-01,4.552494287490844727e-01,3.533048331737518311e-01,3.696405887603759766e-01,2.083076286315917969e+01,2.083076286315917969e+01,1.548655414581298828e+01,1.544812583923339844e+01
