0.000000000000000000e+00,3.129527330398559570e+00,3.129527330398559570e+00,3.616137027740478516e+00,2.296335220336914062e+00,1.484752178192138672e+00,1.484752178192138672e+00,2.125164270401000977e+00,7.949160337448120117e-01,2.256143838167190552e-01,2.256143838167190552e-01,3.430832326412200928e-01,3.053767085075378418e-01,5.428140610456466675e-02,5.428140610456466675e-02,2.431626245379447937e-02,1.956425756216049194e-01,7.317714393138885498e-02,7.317714393138885498e-02,2.613908052444458008e-01,8.027510344982147217e-02,1.359450817108154297e+00,1.359450817108154297e+00,2.043483495712280273e+00,6.347516775131225586e-01,3.069368362426757812e+00,3.069368362426757812e+00,3.650343656539916992e+00,2.068138837814331055e+00
1.000000000000000000e+00,3.086652994155883789e+00,3.086652994155883789e+00,3.569067239761352539e+00,2.268597602844238281e+00,1.443972706794738770e+00,1.443972706794738770e+00,2.072213649749755859e+00,7.804052233695983887e-01,2.274117171764373779e-01,2.274117171764373779e-01,3.230580389499664307e-01,3.138544559478759766e-01,5.489891022443771362e-02,5.489891022443771362e-02,2.530854381620883942e-02,1.998050808906555176e-01,7.843629270792007446e-02,7.843629270792007446e-02,2.775785923004150391e-01,8.002715557813644409e-02,1.386405706405639648e+00,1.386405706405639648e+00,2.064441204071044922e+00,6.478379964828491211e-01,3.052309274673461914e+00,3.052309274673461914e+00,3.633675098419189453e+00,2.069852590560913086e+00
2.000000000000000000e+00,3.048654556274414062e+00,3.048654556274414062e+00,3.520862102508544922e+00,2.240322828292846680e+00,1.403011798858642578e+00,1.403011798858642578e+00,2.019255876541137695e+00,7.655918002128601074e-01,2.289350330829620361e-01,2.289350330829620361e-01,3.017448782920837402e-01,3.222318291664123535e-01,5.702399462461471558e-02,5.702399462461471558e-02,2.543166466057300568e-02,2.036890983581542969e-01,8.316252380609512329e-02,8.316252380609512329e-02,2.929221391677856445e-01,8.097988367080688477e-02,1.411671280860900879e+00,1.411671280860900879e+00,2.083044290542602539e+00,6.643542647361755371e-01,3.046762466430664062e+00,3.046762466430664062e+00,3.606694698333740234e+00,2.070248603820800781e+00
3.000000000000000000e+00,3.007549524307250977e+00,3.007549524307250977e+00,3.471301794052124023e+00,2.211435556411743164e+00,1.361941814422607422e+00,1.361941814422607422e+00,1.967315077781677246e+00,7.505209445953369141e-01,2.301973402500152588e-01,2.301973402500152588e-01,2.857568860054016113e-01,3.302818536758422852e-01,5.799359083175659180e-02,5.799359083175659180e-02,2.586968615651130676e-02,2.072939574718475342e-01,8.735458552837371826e-02,8.735458552837371826e-02,3.073574602603912354e-01,7.828199118375778198e-02,1.435216903686523438e+00,1.435216903686523438e+00,2.100195169448852539e+00,6.812262535095214844e-01,3.034029006958007812e+00,3.034029006958007812e+00,3.595102787017822266e+00,2.069283485412597656e+00
4.000000000000000000e+00,2.965119123458862305e+00,2.965119123458862305e+00,3.421421051025390625e+00,2.181922435760498047e+00,1.320870161056518555e+00,1.320870161056518555e+00,1.915785551071166992e+00,7.351043224334716797e-01,2.311671823263168335e-01,2.311671823263168335e-01,2.709328830242156982e-01,3.380718231201171875e-01,5.869757011532783508e-02,5.869757011532783508e-02,2.646626904606819153e-02,2.103543430566787720e-01,9.100384265184402466e-02,9.100384265184402466e-02,3.208943307399749756e-01,8.240095525979995728e-02,1.457013964653015137e+00,1.457013964653015137e+00,2.115791559219360352e+00,6.972503662109375000e-01,3.022117376327514648e+00,3.022117376327514648e+00,3.573098182678222656e+00,2.066895961761474609e+00
5.000000000000000000e+00,2.921974658966064453e+00,2.921974658966064453e+00,3.370315313339233398e+00,2.151847124099731445e+00,1.279826045036315918e+00,1.279826045036315918e+00,1.864247918128967285e+00,7.197183370590209961e-01,2.313978075981140137e-01,2.313978075981140137e-01,2.566197514533996582e-01,3.456207215785980225e-01,5.913307890295982361e-02,5.913307890295982361e-02,2.634331211447715759e-02,2.132918685674667358e-01,9.410587698221206665e-02,9.410587698221206665e-02,3.335224390029907227e-01,7.928449660539627075e-02,1.474621534347534180e+00,1.474621534347534180e+00,2.129315853118896484e+00,7.119542360305786133e-01,3.005734920501708984e+00,3.005734920501708984e+00,3.548631668090820312e+00,2.063218593597412109e+00
6.000000000000000000e+00,2.878157377243041992e+00,2.878157377243041992e+00,3.318376779556274414e+00,2.121291637420654297e+00,1.238826870918273926e+00,1.238826870918273926e+00,1.812373876571655273e+00,7.064135074615478516e-01,2.322731465101242065e-01,2.322731465101242065e-01,2.421682775020599365e-01,3.530652821063995361e-01,5.929958820343017578e-02,5.929958820343017578e-02,2.670484036207199097e-02,2.159574180841445923e-01,9.666042029857635498e-02,9.666042029857635498e-02,3.451941609382629395e-01,8.290608972311019897e-02,1.495258688926696777e+00,1.495258688926696777e+00,2.140979766845703125e+00,7.249324917793273926e-01,2.987538337707519531e+00,2.987538337707519531e+00,3.522491455078125000e+00,2.058160066604614258e+00
7.000000000000000000e+00,2.833204746246337891e+00,2.833204746246337891e+00,3.265083789825439453e+00,2.090245008468627930e+00,1.197917819023132324e+00,1.197917819023132324e+00,1.760102272033691406e+00,6.959732174873352051e-01,2.323997616767883301e-01,2.323997616767883301e-01,2.276978194713592529e-01,3.601779043674468994e-01,5.919688194990158081e-02,5.919688194990158081e-02,2.639509364962577820e-02,2.181122303009033203e-01,9.866081178188323975e-02,9.866081178188323975e-02,3.554486036300659180e-01,8.299131691455841064e-02,1.511659264564514160e+00,1.511659264564514160e+00,2.149754524230957031e+00,7.371091246604919434e-01,2.967527627944946289e+00,2.967527627944946289e+00,3.494194507598876953e+00,2.051682472229003906e+00
8.000000000000000000e+00,2.788419723510742188e+00,2.788419723510742188e+00,3.212303400039672852e+00,2.058423995971679688e+00,1.157637357711791992e+00,1.157637357711791992e+00,1.710510730743408203e+00,6.871477365493774414e-01,2.328961640596389771e-01,2.328961640596389771e-01,2.137392163276672363e-01,3.675350546836853027e-01,5.931533128023147583e-02,5.931533128023147583e-02,2.709073945879936218e-02,2.207285612821578979e-01,1.002333536744117737e-01,1.002333536744117737e-01,3.667002320289611816e-01,8.393613249063491821e-02,1.526406407356262207e+00,1.526406407356262207e+00,2.159132957458496094e+00,7.535316944122314453e-01,2.946014642715454102e+00,2.946014642715454102e+00,3.464661836624145508e+00,2.044373989105224609e+00
9.000000000000000000e+00,2.743533134460449219e+00,2.743533134460449219e+00,3.158183574676513672e+00,2.020507335662841797e+00,1.118116497993469238e+00,1.118116497993469238e+00,1.661580324172973633e+00,6.795291304588317871e-01,2.333144694566726685e-01,2.333144694566726685e-01,2.003388553857803345e-01,3.752640485763549805e-01,5.904618650674819946e-02,5.904618650674819946e-02,2.784075774252414703e-02,2.233468294143676758e-01,1.013809889554977417e-01,1.013809889554977417e-01,3.826371133327484131e-01,8.456664532423019409e-02,1.538504123687744141e+00,1.538504123687744141e+00,2.165818691253662109e+00,7.738640904426574707e-01,2.922256946563720703e+00,2.922256946563720703e+00,3.433466911315917969e+00,2.036272287368774414e+00
1.000000000000000000e+01,2.697801113128662109e+00,2.697801113128662109e+00,3.103529214859008789e+00,1.994489908218383789e+00,1.080637693405151367e+00,1.080637693405151367e+00,1.614768981933593750e+00,6.731984019279479980e-01,2.370235770940780640e-01,2.370235770940780640e-01,1.930192857980728149e-01,3.846841454505920410e-01,6.142378598451614380e-02,6.142378598451614380e-02,2.952559292316436768e-02,2.267341613769531250e-01,1.029106378555297852e-01,1.029106378555297852e-01,3.993457555770874023e-01,8.621942251920700073e-02,1.552880525588989258e+00,1.552880525588989258e+00,2.171739816665649414e+00,7.959623336791992188e-01,2.898887872695922852e+00,2.898887872695922852e+00,3.401341199874877930e+00,2.026894807815551758e+00
1.100000000000000000e+01,2.651760578155517578e+00,2.651760578155517578e+00,3.048814535140991211e+00,1.962319374084472656e+00,1.043638825416564941e+00,1.043638825416564941e+00,1.569099664688110352e+00,6.667774915695190430e-01,2.423344105482101440e-01,2.423344105482101440e-01,1.909181773662567139e-01,3.935964703559875488e-01,6.237705424427986145e-02,6.237705424427986145e-02,3.245947882533073425e-02,2.298900783061981201e-01,1.039191111922264099e-01,1.039191111922264099e-01,4.148135483264923096e-01,8.789112418889999390e-02,1.565161466598510742e+00,1.565161466598510742e+00,2.175554275512695312e+00,8.169266581535339355e-01,2.873260974884033203e+00,2.873260974884033203e+00,3.367433309555053711e+00,2.017162322998046875e+00
1.200000000000000000e+01,2.605468511581420898e+00,2.605468511581420898e+00,2.993816375732421875e+00,1.929673671722412109e+00,1.018711805343627930e+00,1.018711805343627930e+00,1.524851083755493164e+00,6.607639789581298828e-01,2.492121458053588867e-01,2.492121458053588867e-01,1.946179568767547607e-01,4.032619595527648926e-01,6.424187123775482178e-02,6.424187123775482178e-02,3.536675125360488892e-02,2.332964688539505005e-01,1.161302253603935242e-01,1.161302253603935242e-01,4.303739666938781738e-01,8.969960361719131470e-02,1.578271627426147461e+00,1.578271627426147461e+00,2.178875923156738281e+00,8.367760181427001953e-01,2.845701456069946289e+00,2.845701456069946289e+00,3.332807540893554688e+00,1.999556899070739746e+00
1.300000000000000000e+01,2.558983802795410156e+00,2.558983802795410156e+00,2.938686847686767578e+00,1.897076725959777832e+00,9.976910948753356934e-01,9.976910948753356934e-01,1.481318354606628418e+00,6.600641608238220215e-01,2.564696669578552246e-01,2.564696669578552246e-01,1.965286433696746826e-01,4.125869870185852051e-01,6.651861965656280518e-02,6.651861965656280518e-02,3.798146173357963562e-02,2.364391833543777466e-01,1.312948316335678101e-01,1.312948316335678101e-01,4.446699023246765137e-01,9.135873615741729736e-02,1.586395382881164551e+00,1.586395382881164551e+00,2.180420875549316406e+00,8.554939031600952148e-01,2.819092512130737305e+00,2.819092512130737305e+00,3.296405792236328125e+00,1.994240880012512207e+00
1.400000000000000000e+01,2.512368679046630859e+00,2.512368679046630859e+00,2.883461713790893555e+00,1.864374637603759766e+00,9.767521023750305176e-01,9.767521023750305176e-01,1.438209772109985352e+00,6.608378291130065918e-01,2.640696167945861816e-01,2.640696167945861816e-01,1.991398334503173828e-01,4.221717417240142822e-01,6.789521872997283936e-02,6.789521872997283936e-02,4.126856476068496704e-02,2.389694899320602417e-01,1.454264372587203979e-01,1.454264372587203979e-01,4.584217667579650879e-01,9.275054931640625000e-02,1.600736975669860840e+00,1.600736975669860840e+00,2.180099964141845703e+00,8.731716871261596680e-01,2.789621829986572266e+00,2.789621829986572266e+00,3.258723735809326172e+00,1.981014728546142578e+00
1.500000000000000000e+01,2.465683221817016602e+00,2.465683221817016602e+00,2.828267097473144531e+00,1.831663370132446289e+00,9.558378458023071289e-01,9.558378458023071289e-01,1.395616769790649414e+00,6.614916324615478516e-01,2.709966599941253662e-01,2.709966599941253662e-01,2.013830393552780151e-01,4.310623705387115479e-01,6.887131929397583008e-02,6.887131929397583008e-02,4.382114484906196594e-02,2.414600998163223267e-01,1.585078835487365723e-01,1.585078835487365723e-01,4.763021767139434814e-01,9.380591660737991333e-02,1.609064698219299316e+00,1.609064698219299316e+00,2.177788734436035156e+00,8.890460133552551270e-01,2.758565187454223633e+00,2.758565187454223633e+00,3.213029384613037109e+00,1.966650962829589844e+00
1.600000000000000000e+01,2.418951511383056641e+00,2.418951511383056641e+00,2.772991418838500977e+00,1.799002528190612793e+00,9.346977472305297852e-01,9.346977472305297852e-01,1.353700399398803711e+00,6.622789502143859863e-01,2.778773605823516846e-01,2.778773605823516846e-01,2.027585208415985107e-01,4.399737417697906494e-01,6.950061023235321045e-02,6.950061023235321045e-02,4.637272655963897705e-02,2.434698641300201416e-01,1.708239912986755371e-01,1.708239912986755371e-01,4.944768846035003662e-01,9.458608925342559814e-02,1.616405487060546875e+00,1.616405487060546875e+00,2.174021244049072266e+00,9.036241173744201660e-01,2.726045608520507812e+00,2.726045608520507812e+00,3.178259372711181641e+00,1.951479673385620117e+00
1.700000000000000000e+01,2.372298240661621094e+00,2.372298240661621094e+00,2.717369318008422852e+00,1.766569972038269043e+00,9.146238565444946289e-01,9.146238565444946289e-01,1.312379717826843262e+00,6.629970073699951172e-01,2.855527698993682861e-01,2.855527698993682861e-01,2.052509486675262451e-01,4.486671388149261475e-01,6.998577713966369629e-02,6.998577713966369629e-02,4.875735193490982056e-02,2.450917512178421021e-01,1.820684671401977539e-01,1.820684671401977539e-01,5.113193988800048828e-01,9.537743031978607178e-02,1.621750354766845703e+00,1.621750354766845703e+00,2.168283939361572266e+00,9.167013764381408691e-01,2.692373275756835938e+00,2.692373275756835938e+00,3.135750055313110352e+00,1.935238718986511230e+00
1.800000000000000000e+01,2.325706958770751953e+00,2.325706958770751953e+00,2.661225557327270508e+00,1.734231591224670410e+00,8.942946791648864746e-01,8.942946791648864746e-01,1.271641969680786133e+00,6.635999083518981934e-01,2.922968268394470215e-01,2.922968268394470215e-01,2.068807780742645264e-01,4.570760130882263184e-01,6.998503953218460083e-02,6.998503953218460083e-02,5.079373344779014587e-02,2.462355494499206543e-01,1.922300457954406738e-01,1.922300457954406738e-01,5.268155336380004883e-01,9.572656452655792236e-02,1.625098824501037598e+00,1.625098824501037598e+00,2.160685300827026367e+00,9.280011653900146484e-01,2.657006263732910156e+00,2.657006263732910156e+00,3.091871738433837891e+00,1.917761087417602539e+00
1.900000000000000000e+01,2.279239654541015625e+00,2.279239654541015625e+00,2.606496810913085938e+00,1.702354192733764648e+00,8.763269782066345215e-01,8.763269782066345215e-01,1.231541156768798828e+00,6.641409397125244141e-01,2.987340092658996582e-01,2.987340092658996582e-01,2.083801180124282837e-01,4.651174247264862061e-01,6.989277899265289307e-02,6.989277899265289307e-02,5.116614699363708496e-02,2.471971511840820312e-01,2.036354243755340576e-01,2.036354243755340576e-01,5.404313206672668457e-01,9.575864672660827637e-02,1.626565337181091309e+00,1.626565337181091309e+00,2.151175022125244141e+00,9.379806518554687500e-01,2.620512008666992188e+00,2.620512008666992188e+00,3.046171188354492188e+00,1.899192333221435547e+00
2.000000000000000000e+01,2.227285623550415039e+00,2.227285623550415039e+00,2.550994634628295898e+00,1.671761393547058105e+00,8.585841059684753418e-01,8.585841059684753418e-01,1.192278981208801270e+00,6.645693182945251465e-01,3.047082126140594482e-01,3.047082126140594482e-01,2.096112072467803955e-01,4.725235700607299805e-01,6.878986209630966187e-02,6.878986209630966187e-02,5.411147326231002808e-02,2.474077790975570679e-01,2.138469368219375610e-01,2.138469368219375610e-01,5.536594390869140625e-01,9.553300589323043823e-02,1.625924825668334961e+00,1.625924825668334961e+00,2.139308452606201172e+00,9.465465545654296875e-01,2.582162857055664062e+00,2.582162857055664062e+00,2.999226331710815430e+00,1.879748106002807617e+00
2.100000000000000000e+01,2.186663627624511719e+00,2.186663627624511719e+00,2.494886159896850586e+00,1.641301155090332031e+00,8.377045989036560059e-01,8.377045989036560059e-01,1.153704166412353516e+00,6.654463410377502441e-01,3.101734220981597900e-01,3.101734220981597900e-01,2.115076035261154175e-01,4.800100326538085938e-01,6.831354647874832153e-02,6.831354647874832153e-02,5.551704391837120056e-02,2.475450038909912109e-01,2.224573194980621338e-01,2.224573194980621338e-01,5.649623274803161621e-01,9.497997164726257324e-02,1.622232556343078613e+00,1.622232556343078613e+00,2.126153945922851562e+00,9.551942348480224609e-01,2.542977571487426758e+00,2.542977571487426758e+00,2.950934410095214844e+00,1.859238624572753906e+00
2.200000000000000000e+01,2.141393423080444336e+00,2.141393423080444336e+00,2.440152168273925781e+00,1.610476732254028320e+00,8.233712911605834961e-01,8.233712911605834961e-01,1.115940332412719727e+00,6.708806157112121582e-01,3.156482875347137451e-01,3.156482875347137451e-01,2.137277871370315552e-01,4.872698187828063965e-01,6.723108887672424316e-02,6.723108887672424316e-02,5.678377300500869751e-02,2.472416609525680542e-01,2.306396216154098511e-01,2.306396216154098511e-01,5.748143196105957031e-01,9.372682124376296997e-02,1.618838548660278320e+00,1.618838548660278320e+00,2.110367059707641602e+00,9.617392420768737793e-01,2.502897739410400391e+00,2.502897739410400391e+00,2.901257038116455078e+00,1.837921619415283203e+00
2.300000000000000000e+01,2.096082448959350586e+00,2.096082448959350586e+00,2.384946107864379883e+00,1.581325411796569824e+00,8.064885139465332031e-01,8.064885139465332031e-01,1.079226016998291016e+00,6.767725944519042969e-01,3.212549090385437012e-01,3.212549090385437012e-01,2.162341177463531494e-01,4.947781264781951904e-01,6.691277027130126953e-02,6.691277027130126953e-02,5.808116868138313293e-02,2.467001229524612427e-01,2.373358607292175293e-01,2.373358607292175293e-01,5.881159305572509766e-01,9.319756925106048584e-02,1.612455725669860840e+00,1.612455725669860840e+00,2.093023777008056641e+00,9.665702581405639648e-01,2.462095499038696289e+00,2.462095499038696289e+00,2.850278615951538086e+00,1.815790414810180664e+00
2.400000000000000000e+01,2.051227807998657227e+00,2.051227807998657227e+00,2.330118656158447266e+00,1.552580833435058594e+00,7.902795076370239258e-01,7.902795076370239258e-01,1.043369293212890625e+00,6.831729412078857422e-01,3.271990716457366943e-01,3.271990716457366943e-01,2.188207805156707764e-01,5.025276541709899902e-01,6.758139282464981079e-02,6.758139282464981079e-02,5.774328112602233887e-02,2.470706999301910400e-01,2.428449094295501709e-01,2.428449094295501709e-01,6.001239418983459473e-01,9.461092948913574219e-02,1.604280471801757812e+00,1.604280471801757812e+00,2.074424266815185547e+00,9.719315767288208008e-01,2.421132802963256836e+00,2.421132802963256836e+00,2.798149824142456055e+00,1.793079614639282227e+00
2.500000000000000000e+01,2.006927490234375000e+00,2.006927490234375000e+00,2.275655031204223633e+00,1.524380207061767578e+00,7.743163704872131348e-01,7.743163704872131348e-01,1.009888887405395508e+00,6.892246007919311523e-01,3.327011466026306152e-01,3.327011466026306152e-01,2.225758880376815796e-01,5.101252794265747070e-01,6.786881387233734131e-02,6.786881387233734131e-02,6.051301956176757812e-02,2.470479607582092285e-01,2.471381723880767822e-01,2.471381723880767822e-01,5.984703898429870605e-01,9.840823709964752197e-02,1.594149112701416016e+00,1.594149112701416016e+00,2.053188085556030273e+00,9.755336642265319824e-01,2.378904104232788086e+00,2.378904104232788086e+00,2.744514942169189453e+00,1.770284771919250488e+00
2.600000000000000000e+01,1.963217735290527344e+00,1.963217735290527344e+00,2.221488714218139648e+00,1.497255921363830566e+00,7.586512565612792969e-01,7.586512565612792969e-01,9.807029366493225098e-01,6.995385289192199707e-01,3.378276526927947998e-01,3.378276526927947998e-01,2.262780666351318359e-01,5.173145532608032227e-01,6.781790405511856079e-02,6.781790405511856079e-02,6.213716045022010803e-02,2.465924918651580811e-01,2.503170371055603027e-01,2.503170371055603027e-01,6.206167936325073242e-01,1.014437228441238403e-01,1.582090377807617188e+00,1.582090377807617188e+00,2.030675411224365234e+00,9.777845144271850586e-01,2.327977418899536133e+00,2.327977418899536133e+00,2.690289974212646484e+00,1.746451735496520996e+00
2.700000000000000000e+01,1.920063018798828125e+00,1.920063018798828125e+00,2.167867183685302734e+00,1.470674514770507812e+00,7.432387471199035645e-01,7.432387471199035645e-01,9.525452852249145508e-01,7.081518769264221191e-01,3.425429463386535645e-01,3.425429463386535645e-01,2.287824451923370361e-01,5.240185260772705078e-01,6.695306301116943359e-02,6.695306301116943359e-02,6.317567825317382812e-02,2.458416372537612915e-01,2.521571218967437744e-01,2.521571218967437744e-01,6.304170489311218262e-01,1.038318499922752380e-01,1.568104743957519531e+00,1.568104743957519531e+00,2.005527257919311523e+00,9.786015748977661133e-01,2.291628599166870117e+00,2.291628599166870117e+00,2.634809970855712891e+00,1.722018361091613770e+00
2.800000000000000000e+01,1.877728223800659180e+00,1.877728223800659180e+00,2.115545034408569336e+00,1.444378733634948730e+00,7.316961288452148438e-01,7.316961288452148438e-01,9.289818406105041504e-01,7.187345027923583984e-01,3.521518111228942871e-01,3.521518111228942871e-01,2.377568632364273071e-01,5.340588688850402832e-01,6.912354379892349243e-02,6.912354379892349243e-02,6.739324331283569336e-02,2.469926923513412476e-01,2.537819743156433105e-01,2.537819743156433105e-01,6.396340131759643555e-01,1.069382503628730774e-01,1.553794860839843750e+00,1.553794860839843750e+00,1.980405092239379883e+00,9.692621231079101562e-01,2.246945619583129883e+00,2.246945619583129883e+00,2.579634428024291992e+00,1.695344448089599609e+00
2.900000000000000000e+01,1.836210370063781738e+00,1.836210370063781738e+00,2.063839435577392578e+00,1.418631076812744141e+00,7.205348014831542969e-01,7.205348014831542969e-01,9.068017601966857910e-01,7.296947836875915527e-01,3.613212108612060547e-01,3.613212108612060547e-01,2.451657056808471680e-01,5.428339838981628418e-01,7.221542298793792725e-02,7.221542298793792725e-02,7.198987901210784912e-02,2.476300895214080811e-01,2.541919648647308350e-01,2.541919648647308350e-01,6.471002697944641113e-01,1.104131191968917847e-01,1.537972807884216309e+00,1.537972807884216309e+00,1.952558994293212891e+00,9.776839613914489746e-01,2.202700138092041016e+00,2.202700138092041016e+00,2.523200511932373047e+00,1.672030210494995117e+00
3.000000000000000000e+01,1.795594930648803711e+00,1.795594930648803711e+00,2.012908220291137695e+00,1.393436789512634277e+00,7.098339796066284180e-01,7.098339796066284180e-01,8.862518072128295898e-01,7.402813434600830078e-01,3.700339198112487793e-01,3.700339198112487793e-01,2.534333467483520508e-01,5.525898337364196777e-01,7.383682578802108765e-02,7.383682578802108765e-02,7.555581629276275635e-02,2.477990090847015381e-01,2.533929347991943359e-01,2.533929347991943359e-01,6.528069376945495605e-01,1.167566850781440735e-01,1.520046472549438477e+00,1.520046472549438477e+00,1.924127578735351562e+00,9.754954576492309570e-01,2.156478643417358398e+00,2.156478643417358398e+00,2.459449291229248047e+00,1.646401047706604004e+00
3.100000000000000000e+01,1.755962491035461426e+00,1.755962491035461426e+00,1.962680697441101074e+00,1.368728876113891602e+00,7.046904563903808594e-01,7.046904563903808594e-01,8.664835095405578613e-01,7.506781220436096191e-01,3.783213794231414795e-01,3.783213794231414795e-01,2.612077891826629639e-01,5.614275932312011719e-01,7.567569613456726074e-02,7.567569613456726074e-02,7.808207720518112183e-02,2.474350035190582275e-01,2.564658522605895996e-01,2.564658522605895996e-01,6.567312479019165039e-01,1.231323629617691040e-01,1.500370860099792480e+00,1.500370860099792480e+00,1.893189430236816406e+00,9.717887043952941895e-01,2.111031055450439453e+00,2.111031055450439453e+00,2.407685041427612305e+00,1.620231509208679199e+00
3.200000000000000000e+01,1.716487407684326172e+00,1.716487407684326172e+00,1.913361549377441406e+00,1.343061804771423340e+00,6.998192071914672852e-01,6.998192071914672852e-01,8.513590693473815918e-01,7.609261274337768555e-01,3.861262202262878418e-01,3.861262202262878418e-01,2.679865658283233643e-01,5.694444775581359863e-01,7.759531587362289429e-02,7.759531587362289429e-02,8.223884552717208862e-02,2.466949075460433960e-01,2.580848336219787598e-01,2.580848336219787598e-01,6.588607430458068848e-01,1.288349777460098267e-01,1.478713989257812500e+00,1.478713989257812500e+00,1.860262274742126465e+00,9.672371745109558105e-01,2.064383745193481445e+00,2.064383745193481445e+00,2.348681926727294922e+00,1.594131588935852051e+00
3.300000000000000000e+01,1.679664731025695801e+00,1.679664731025695801e+00,1.864910602569580078e+00,1.321099996566772461e+00,6.952180862426757812e-01,6.952180862426757812e-01,8.367179632186889648e-01,7.709543108940124512e-01,3.934832513332366943e-01,3.934832513332366943e-01,2.755329608917236328e-01,5.771552324295043945e-01,7.759221643209457397e-02,7.759221643209457397e-02,8.534134179353713989e-02,2.455498427152633667e-01,2.583327591419219971e-01,2.583327591419219971e-01,6.592140197753906250e-01,1.318039745092391968e-01,1.455433964729309082e+00,1.455433964729309082e+00,1.825780272483825684e+00,9.612678289413452148e-01,2.017226696014404297e+00,2.017226696014404297e+00,2.288075208663940430e+00,1.565144062042236328e+00
3.400000000000000000e+01,1.643154382705688477e+00,1.643154382705688477e+00,1.818088054656982422e+00,1.298295259475708008e+00,6.952891945838928223e-01,6.952891945838928223e-01,8.246324658393859863e-01,7.816831469535827637e-01,4.026848673820495605e-01,4.026848673820495605e-01,2.839389741420745850e-01,5.857416391372680664e-01,8.122879266738891602e-02,8.122879266738891602e-02,9.041886031627655029e-02,2.449649721384048462e-01,2.610363364219665527e-01,2.610363364219665527e-01,6.591198444366455078e-01,1.374353766441345215e-01,1.431896328926086426e+00,1.431896328926086426e+00,1.791324377059936523e+00,9.549654126167297363e-01,1.970886945724487305e+00,1.970886945724487305e+00,2.229568243026733398e+00,1.540093421936035156e+00
3.500000000000000000e+01,1.607886433601379395e+00,1.607886433601379395e+00,1.774669408798217773e+00,1.276206254959106445e+00,7.086358070373535156e-01,7.086358070373535156e-01,8.190520405769348145e-01,7.955294251441955566e-01,4.180485904216766357e-01,4.180485904216766357e-01,3.001468479633331299e-01,5.988067984580993652e-01,8.837748318910598755e-02,8.837748318910598755e-02,1.005289256572723389e-01,2.466140538454055786e-01,2.739273011684417725e-01,2.739273011684417725e-01,6.614141464233398438e-01,1.417765319347381592e-01,1.411464095115661621e+00,1.411464095115661621e+00,1.760337948799133301e+00,9.503800272941589355e-01,1.927549481391906738e+00,1.927549481391906738e+00,2.174945831298828125e+00,1.515556931495666504e+00
3.600000000000000000e+01,1.572897791862487793e+00,1.572897791862487793e+00,1.732322454452514648e+00,1.255208492279052734e+00,7.219067811965942383e-01,7.219067811965942383e-01,8.140795826911926270e-01,8.099765181541442871e-01,4.336324632167816162e-01,4.336324632167816162e-01,3.197468519210815430e-01,6.106779575347900391e-01,9.484232962131500244e-02,9.484232962131500244e-02,1.090560406446456909e-01,2.476534098386764526e-01,2.849030494689941406e-01,2.849030494689941406e-01,6.619997620582580566e-01,1.467025130987167358e-01,1.389369249343872070e+00,1.389369249343872070e+00,1.727647304534912109e+00,9.443634748458862305e-01,1.883527278900146484e+00,1.883527278900146484e+00,2.118802309036254883e+00,1.490113615989685059e+00
3.700000000000000000e+01,1.495103597640991211e+00,1.495103597640991211e+00,1.691386461257934570e+00,1.235272765159606934e+00,7.382968664169311523e-01,7.382968664169311523e-01,8.097896575927734375e-01,8.245439529418945312e-01,4.423290193080902100e-01,4.423290193080902100e-01,3.361698985099792480e-01,6.224995255470275879e-01,1.012056022882461548e-01,1.012056022882461548e-01,1.192912757396697998e-01,2.479434013366699219e-01,2.971191406250000000e-01,2.971191406250000000e-01,6.603356003761291504e-01,1.499761343002319336e-01,1.361624956130981445e+00,1.361624956130981445e+00,1.693645954132080078e+00,9.369819760322570801e-01,1.835846066474914551e+00,1.835846066474914551e+00,2.062080621719360352e+00,1.464170217514038086e+00
3.800000000000000000e+01,1.505261659622192383e+00,1.505261659622192383e+00,1.651820063591003418e+00,1.216462373733520508e+00,7.545842528343200684e-01,7.545842528343200684e-01,8.061426877975463867e-01,8.391692042350769043e-01,4.626378118991851807e-01,4.626378118991851807e-01,3.535618185997009277e-01,6.338750123977661133e-01,1.077942997217178345e-01,1.077942997217178345e-01,1.284036338329315186e-01,2.477088868618011475e-01,3.074459135532379150e-01,3.074459135532379150e-01,6.583607792854309082e-01,1.524071097373962402e-01,1.340077042579650879e+00,1.340077042579650879e+00,1.657570242881774902e+00,9.287726283073425293e-01,1.790322422981262207e+00,1.790322422981262207e+00,2.004386186599731445e+00,1.438066482543945312e+00
3.900000000000000000e+01,1.479896783828735352e+00,1.479896783828735352e+00,1.613596439361572266e+00,1.198570370674133301e+00,7.709360718727111816e-01,7.709360718727111816e-01,8.032525181770324707e-01,8.537492752075195312e-01,4.765381515026092529e-01,4.765381515026092529e-01,3.701767325401306152e-01,6.443049907684326172e-01,1.147027909755706787e-01,1.147027909755706787e-01,1.367454975843429565e-01,2.465125024318695068e-01,3.160028457641601562e-01,3.160028457641601562e-01,6.558557748794555664e-01,1.535416990518569946e-01,1.313062310218811035e+00,1.313062310218811035e+00,1.620464205741882324e+00,9.193525910377502441e-01,1.751621007919311523e+00,1.751621007919311523e+00,1.947293519973754883e+00,1.411567211151123047e+00
4.000000000000000000e+01,1.325089454650878906e+00,1.325089454650878906e+00,1.576585412025451660e+00,1.181603193283081055e+00,7.872251272201538086e-01,7.872251272201538086e-01,8.009840846061706543e-01,8.682833313941955566e-01,4.898647367954254150e-01,4.898647367954254150e-01,3.867492079734802246e-01,6.551729440689086914e-01,1.204571723937988281e-01,1.204571723937988281e-01,1.442508101463317871e-01,2.451709955930709839e-01,3.227601051330566406e-01,3.227601051330566406e-01,6.507645249366760254e-01,1.545504927635192871e-01,1.284439921379089355e+00,1.284439921379089355e+00,1.581265687942504883e+00,9.088058471679687500e-01,1.708627104759216309e+00,1.708627104759216309e+00,1.889053940773010254e+00,1.384791493415832520e+00
4.100000000000000000e+01,1.424056410789489746e+00,1.424056410789489746e+00,1.540889859199523926e+00,1.166161537170410156e+00,8.034492731094360352e-01,8.034492731094360352e-01,7.993876338005065918e-01,8.826369643211364746e-01,5.025946497917175293e-01,5.025946497917175293e-01,4.034652113914489746e-01,6.649675369262695312e-01,1.251552402973175049e-01,1.251552402973175049e-01,1.515341103076934814e-01,2.427868247032165527e-01,3.277093768119812012e-01,3.277093768119812012e-01,6.438804864883422852e-01,1.544139236211776733e-01,1.252959370613098145e+00,1.252959370613098145e+00,1.540854096412658691e+00,8.968681693077087402e-01,1.664245247840881348e+00,1.664245247840881348e+00,1.829349160194396973e+00,1.358186006546020508e+00
4.200000000000000000e+01,1.398997068405151367e+00,1.398997068405151367e+00,1.506540656089782715e+00,1.153698325157165527e+00,8.195692896842956543e-01,8.195692896842956543e-01,7.984110116958618164e-01,8.965508341789245605e-01,5.147121548652648926e-01,5.147121548652648926e-01,4.179602861404418945e-01,6.737805604934692383e-01,1.299082040786743164e-01,1.299082040786743164e-01,1.584874540567398071e-01,2.342622131109237671e-01,3.308446407318115234e-01,3.308446407318115234e-01,6.352252364158630371e-01,1.533417254686355591e-01,1.221255660057067871e+00,1.221255660057067871e+00,1.498913764953613281e+00,8.823100328445434570e-01,1.619622945785522461e+00,1.619622945785522461e+00,1.771954774856567383e+00,1.331266999244689941e+00
4.300000000000000000e+01,1.374843597412109375e+00,1.374843597412109375e+00,1.461985707283020020e+00,1.141954064369201660e+00,8.355711698532104492e-01,8.355711698532104492e-01,7.977290749549865723e-01,9.110611677169799805e-01,5.261785387992858887e-01,5.261785387992858887e-01,4.339044094085693359e-01,6.825449466705322266e-01,1.336106956005096436e-01,1.336106956005096436e-01,1.649829000234603882e-01,2.377124875783920288e-01,3.321620225906372070e-01,3.321620225906372070e-01,6.247974634170532227e-01,1.514361202716827393e-01,1.187949657440185547e+00,1.187949657440185547e+00,1.455283284187316895e+00,8.700740933418273926e-01,1.574806094169616699e+00,1.574806094169616699e+00,1.713398694992065430e+00,1.305080890655517578e+00
4.400000000000000000e+01,1.352341175079345703e+00,1.352341175079345703e+00,1.441969752311706543e+00,1.130663871765136719e+00,8.514738678932189941e-01,8.514738678932189941e-01,7.983698248863220215e-01,9.268268942832946777e-01,5.370340943336486816e-01,5.370340943336486816e-01,4.497243463993072510e-01,6.902679204940795898e-01,1.342660039663314819e-01,1.342660039663314819e-01,1.707809865474700928e-01,2.347049266099929810e-01,3.316599726676940918e-01,3.316599726676940918e-01,6.108843088150024414e-01,1.487108916044235229e-01,1.154610037803649902e+00,1.154610037803649902e+00,1.410431265830993652e+00,8.548478484153747559e-01,1.527265429496765137e+00,1.527265429496765137e+00,1.654542922973632812e+00,1.278397679328918457e+00
4.500000000000000000e+01,1.331921696662902832e+00,1.331921696662902832e+00,1.411822676658630371e+00,1.121206641197204590e+00,8.671751022338867188e-01,8.671751022338867188e-01,7.970224618911743164e-01,9.425283670425415039e-01,5.472574830055236816e-01,5.472574830055236816e-01,4.621014595031738281e-01,6.976322531700134277e-01,1.389640867710113525e-01,1.389640867710113525e-01,1.761223822832107544e-01,2.312756776809692383e-01,3.293393850326538086e-01,3.293393850326538086e-01,6.002507805824279785e-01,1.451432406902313232e-01,1.118576049804687500e+00,1.118576049804687500e+00,1.364304542541503906e+00,8.387830853462219238e-01,1.484492897987365723e+00,1.484492897987365723e+00,1.596193313598632812e+00,1.251744031906127930e+00
4.600000000000000000e+01,1.312877655029296875e+00,1.312877655029296875e+00,1.386161684989929199e+00,1.115073204040527344e+00,8.888521194458007812e-01,8.888521194458007812e-01,8.074314594268798828e-01,9.634714722633361816e-01,5.625109672546386719e-01,5.625109672546386719e-01,4.867012500762939453e-01,7.119815945625305176e-01,1.465237736701965332e-01,1.465237736701965332e-01,1.874171793460845947e-01,2.326382398605346680e-01,3.296242654323577881e-01,3.296242654323577881e-01,5.922316908836364746e-01,1.462993323802947998e-01,1.081957817077636719e+00,1.081957817077636719e+00,1.323412179946899414e+00,8.265709877014160156e-01,1.443681359291076660e+00,1.443681359291076660e+00,1.453840017318725586e+00,1.228855133056640625e+00
4.700000000000000000e+01,1.295532107353210449e+00,1.295532107353210449e+00,1.361589789390563965e+00,1.110744833946228027e+00,9.105261564254760742e-01,9.105261564254760742e-01,8.177816867828369141e-01,9.844261407852172852e-01,5.854485034942626953e-01,5.854485034942626953e-01,5.081935524940490723e-01,7.256592512130737305e-01,1.531804502010345459e-01,1.531804502010345459e-01,1.977729946374893188e-01,2.333032488822937012e-01,3.282448053359985352e-01,3.282448053359985352e-01,5.820302963256835938e-01,1.491318643093109131e-01,1.056393146514892578e+00,1.056393146514892578e+00,1.276817083358764648e+00,8.133641481399536133e-01,1.402734518051147461e+00,1.402734518051147461e+00,1.490812659263610840e+00,1.206015944480895996e+00
4.800000000000000000e+01,1.279908180236816406e+00,1.279908180236816406e+00,1.337371230125427246e+00,1.107058286666870117e+00,9.322092533111572266e-01,9.322092533111572266e-01,8.316192626953125000e-01,1.005154728889465332e+00,6.034812927246093750e-01,6.034812927246093750e-01,5.299758315086364746e-01,7.387415170669555664e-01,1.589013636112213135e-01,1.589013636112213135e-01,2.078140079975128174e-01,2.334457784891128540e-01,3.252023756504058838e-01,3.252023756504058838e-01,5.704148411750793457e-01,1.518430709838867188e-01,1.023915886878967285e+00,1.023915886878967285e+00,1.238436698913574219e+00,7.991251945495605469e-01,1.361950039863586426e+00,1.361950039863586426e+00,1.438167214393615723e+00,1.183002233505249023e+00
4.900000000000000000e+01,1.266089439392089844e+00,1.266089439392089844e+00,1.318324804306030273e+00,1.104071378707885742e+00,9.538387656211853027e-01,9.538387656211853027e-01,8.464502096176147461e-01,1.025729298591613770e+00,6.207711696624755859e-01,6.207711696624755859e-01,5.516858100891113281e-01,7.507529258728027344e-01,1.637075841426849365e-01,1.637075841426849365e-01,2.169648706912994385e-01,2.317667156457901001e-01,3.205007612705230713e-01,3.205007612705230713e-01,5.572875738143920898e-01,1.537302285432815552e-01,9.911293387413024902e-01,9.911293387413024902e-01,1.194437384605407715e+00,7.837958931922912598e-01,1.320872068405151367e+00,1.320872068405151367e+00,1.385562777519226074e+00,1.160529017448425293e+00
5.000000000000000000e+01,1.254077672958374023e+00,1.254077672958374023e+00,1.299027085304260254e+00,1.102367162704467773e+00,9.742478132247924805e-01,9.742478132247924805e-01,8.621707558631896973e-01,1.046109795570373535e+00,6.373153924942016602e-01,6.373153924942016602e-01,5.717059969902038574e-01,7.622470855712890625e-01,1.675732135772705078e-01,1.675732135772705078e-01,2.250292301177978516e-01,2.324832379817962646e-01,3.133432269096374512e-01,3.133432269096374512e-01,5.423167943954467773e-01,1.545531451702117920e-01,9.561653733253479004e-01,9.561653733253479004e-01,1.148629903793334961e+00,7.675489187240600586e-01,1.279808759689331055e+00,1.279808759689331055e+00,1.333396434783935547e+00,1.138012766838073730e+00
5.100000000000000000e+01,1.243852019309997559e+00,1.243852019309997559e+00,1.281468987464904785e+00,1.101434230804443359e+00,9.968904256820678711e-01,9.968904256820678711e-01,8.781585693359375000e-01,1.066436409950256348e+00,6.530944705009460449e-01,6.530944705009460449e-01,5.922794342041015625e-01,7.731283307075500488e-01,1.705055981874465942e-01,1.705055981874465942e-01,2.333820462226867676e-01,2.309691458940505981e-01,3.061446845531463623e-01,3.061446845531463623e-01,5.259311795234680176e-01,1.541038006544113159e-01,9.200243353843688965e-01,9.200243353843688965e-01,1.101910710334777832e+00,7.503623962402343750e-01,1.238809585571289062e+00,1.238809585571289062e+00,1.282029986381530762e+00,1.115865826606750488e+00
5.200000000000000000e+01,1.235424399375915527e+00,1.235424399375915527e+00,1.265305995941162109e+00,1.095719337463378906e+00,1.018228054046630859e+00,1.018228054046630859e+00,8.944833278656005859e-01,1.086447119712829590e+00,6.680551171302795410e-01,6.680551171302795410e-01,6.112414002418518066e-01,7.829132676124572754e-01,1.725091636180877686e-01,1.725091636180877686e-01,2.395199388265609741e-01,2.299998551607131958e-01,2.965078055858612061e-01,2.965078055858612061e-01,5.068562626838684082e-01,1.528782993555068970e-01,8.827384710311889648e-01,8.827384710311889648e-01,1.053808689117431641e+00,7.321206331253051758e-01,1.197525978088378906e+00,1.197525978088378906e+00,1.231006503105163574e+00,1.093613743782043457e+00
5.300000000000000000e+01,1.228842735290527344e+00,1.228842735290527344e+00,1.250958323478698730e+00,1.102493047714233398e+00,1.039462566375732422e+00,1.039462566375732422e+00,9.110859632492065430e-01,1.106163859367370605e+00,6.823030710220336914e-01,6.823030710220336914e-01,6.309078335762023926e-01,7.925103902816772461e-01,1.738434284925460815e-01,1.738434284925460815e-01,2.466904819011688232e-01,2.249612510204315186e-01,2.852633893489837646e-01,2.852633893489837646e-01,4.879113435745239258e-01,1.529406905174255371e-01,8.445109724998474121e-01,8.445109724998474121e-01,1.005201101303100586e+00,7.133849263191223145e-01,1.157283306121826172e+00,1.157283306121826172e+00,1.180529713630676270e+00,1.072097301483154297e+00
5.400000000000000000e+01,1.222552299499511719e+00,1.222552299499511719e+00,1.238228201866149902e+00,1.104811310768127441e+00,1.060145735740661621e+00,1.060145735740661621e+00,9.280399680137634277e-01,1.125718235969543457e+00,6.941158771514892578e-01,6.941158771514892578e-01,6.276575326919555664e-01,8.012434244155883789e-01,1.750981360673904419e-01,1.750981360673904419e-01,2.521541416645050049e-01,2.239835560321807861e-01,2.719581723213195801e-01,2.719581723213195801e-01,4.663892388343811035e-01,1.540725529193878174e-01,8.046362996101379395e-01,8.046362996101379395e-01,9.556794166564941406e-01,6.934227943420410156e-01,1.117505669593811035e+00,1.117505669593811035e+00,1.130632877349853516e+00,1.046499013900756836e+00
5.500000000000000000e+01,1.221190333366394043e+00,1.221190333366394043e+00,1.227175951004028320e+00,1.108286619186401367e+00,1.080664038658142090e+00,1.080664038658142090e+00,9.467452764511108398e-01,1.144831299781799316e+00,7.084689140319824219e-01,7.084689140319824219e-01,6.449695825576782227e-01,8.088128566741943359e-01,1.770295053720474243e-01,1.770295053720474243e-01,2.567921280860900879e-01,2.203715443611145020e-01,2.587125003337860107e-01,2.587125003337860107e-01,4.433421790599822998e-01,1.547537147998809814e-01,7.650321125984191895e-01,7.650321125984191895e-01,9.051445722579956055e-01,6.727880239486694336e-01,1.080659627914428711e+00,1.080659627914428711e+00,1.080599784851074219e+00,1.029349803924560547e+00
5.600000000000000000e+01,1.220168948173522949e+00,1.220168948173522949e+00,1.217807412147521973e+00,1.112914085388183594e+00,1.103893399238586426e+00,1.103893399238586426e+00,9.659092426300048828e-01,1.163359522819519043e+00,7.194227576255798340e-01,7.194227576255798340e-01,6.843930482864379883e-01,8.144333362579345703e-01,1.782285273075103760e-01,1.782285273075103760e-01,2.606219947338104248e-01,2.170248031616210938e-01,2.437423020601272583e-01,2.437423020601272583e-01,4.185798764228820801e-01,1.542485952377319336e-01,7.239055633544921875e-01,7.239055633544921875e-01,8.537015318870544434e-01,6.535679101943969727e-01,1.043622136116027832e+00,1.043622136116027832e+00,1.032027721405029297e+00,1.008566975593566895e+00
5.700000000000000000e+01,1.220949411392211914e+00,1.220949411392211914e+00,1.216529011726379395e+00,1.120320558547973633e+00,1.136952877044677734e+00,1.136952877044677734e+00,1.002906560897827148e+00,1.187477827072143555e+00,7.449895739555358887e-01,7.449895739555358887e-01,7.177159190177917480e-01,8.314695358276367188e-01,1.893913596868515015e-01,1.893913596868515015e-01,2.769986391067504883e-01,2.179880738258361816e-01,2.396061718463897705e-01,2.396061718463897705e-01,4.064418375492095947e-01,1.586155444383621216e-01,6.966595053672790527e-01,6.966595053672790527e-01,8.196460008621215820e-01,6.378865838050842285e-01,1.018677473068237305e+00,1.018677473068237305e+00,9.973344802856445312e-01,9.948388338088989258e-01
5.800000000000000000e+01,1.223497390747070312e+00,1.223497390747070312e+00,1.219029903411865234e+00,1.120082020759582520e+00,1.173621416091918945e+00,1.173621416091918945e+00,1.042477250099182129e+00,1.213072896003723145e+00,7.754482030868530273e-01,7.754482030868530273e-01,7.552836537361145020e-01,8.481422662734985352e-01,2.029118388891220093e-01,2.029118388891220093e-01,2.965665161609649658e-01,2.196590155363082886e-01,2.357776015996932983e-01,2.357776015996932983e-01,3.976759910583496094e-01,1.641345918178558350e-01,6.759244203567504883e-01,6.759244203567504883e-01,7.904585003852844238e-01,6.343032717704772949e-01,9.977093338966369629e-01,9.977093338966369629e-01,9.671693444252014160e-01,9.831629991531372070e-01
5.900000000000000000e+01,1.227882266044616699e+00,1.227882266044616699e+00,1.223220467567443848e+00,1.137232422828674316e+00,1.211073994636535645e+00,1.211073994636535645e+00,1.082689285278320312e+00,1.239453554153442383e+00,8.040441870689392090e-01,8.040441870689392090e-01,7.937475442886352539e-01,8.649258613586425781e-01,2.151087224483489990e-01,2.151087224483489990e-01,3.149307370185852051e-01,2.203449755907058716e-01,2.361764907836914062e-01,2.361764907836914062e-01,3.878852725028991699e-01,1.690032631158828735e-01,6.532689332962036133e-01,6.532689332962036133e-01,7.609682679176330566e-01,6.253702044486999512e-01,9.767401218414306641e-01,9.767401218414306641e-01,9.374537467956542969e-01,9.722869396209716797e-01
6.000000000000000000e+01,1.234036922454833984e+00,1.234036922454833984e+00,1.229035854339599609e+00,1.142338037490844727e+00,1.247777342796325684e+00,1.247777342796325684e+00,1.123234510421752930e+00,1.265277385711669922e+00,8.317471742630004883e-01,8.317471742630004883e-01,8.304817676544189453e-01,8.814967870712280273e-01,2.259524166584014893e-01,2.259524166584014893e-01,3.316942155361175537e-01,2.208941876888275146e-01,2.327692657709121704e-01,2.327692657709121704e-01,3.769969642162322998e-01,1.728704869747161865e-01,6.298328042030334473e-01,6.298328042030334473e-01,7.264999747276306152e-01,6.160154342651367188e-01,9.558194279670715332e-01,9.558194279670715332e-01,9.074335098266601562e-01,9.614195823669433594e-01
6.100000000000000000e+01,1.238797783851623535e+00,1.238797783851623535e+00,1.236497163772583008e+00,1.156722068786621094e+00,1.284633755683898926e+00,1.284633755683898926e+00,1.161986470222473145e+00,1.291050910949707031e+00,8.580943346023559570e-01,8.580943346023559570e-01,8.664492964744567871e-01,8.967382907867431641e-01,2.356477677822113037e-01,2.356477677822113037e-01,3.497992157936096191e-01,2.203476876020431519e-01,2.286232709884643555e-01,2.286232709884643555e-01,3.650441169738769531e-01,1.758170425891876221e-01,6.054463982582092285e-01,6.054463982582092285e-01,6.993844509124755859e-01,6.061607003211975098e-01,9.349998235702514648e-01,9.349998235702514648e-01,8.785235285758972168e-01,9.505549669265747070e-01
6.200000000000000000e+01,1.251647114753723145e+00,1.251647114753723145e+00,1.245515584945678711e+00,1.167507410049438477e+00,1.322855710983276367e+00,1.322855710983276367e+00,1.203439354896545410e+00,1.316886186599731445e+00,8.838177323341369629e-01,8.838177323341369629e-01,9.015666842460632324e-01,9.121140241622924805e-01,2.438938319683074951e-01,2.438938319683074951e-01,3.652234077453613281e-01,2.167721986770629883e-01,2.233032733201980591e-01,2.233032733201980591e-01,3.520422279834747314e-01,1.779272109270095825e-01,5.806967020034790039e-01,5.806967020034790039e-01,6.674956083297729492e-01,5.958058834075927734e-01,9.146517515182495117e-01,9.146517515182495117e-01,8.501995801925659180e-01,9.398151636123657227e-01
6.300000000000000000e+01,1.263132572174072266e+00,1.263132572174072266e+00,1.256221055984497070e+00,1.180960178375244141e+00,1.359979629516601562e+00,1.359979629516601562e+00,1.243576049804687500e+00,1.342550516128540039e+00,9.084855318069458008e-01,9.084855318069458008e-01,9.358484745025634766e-01,9.253967404365539551e-01,2.509835660457611084e-01,2.509835660457611084e-01,3.791910707950592041e-01,2.188621461391448975e-01,2.168499827384948730e-01,2.168499827384948730e-01,3.380788862705230713e-01,1.789988875389099121e-01,5.550548434257507324e-01,5.550548434257507324e-01,6.351265907287597656e-01,5.846829414367675781e-01,8.942906856536865234e-01,8.942906856536865234e-01,8.232302665710449219e-01,9.289999604225158691e-01
6.400000000000000000e+01,1.276249408721923828e+00,1.276249408721923828e+00,1.269250512123107910e+00,1.194661617279052734e+00,1.399159550666809082e+00,1.399159550666809082e+00,1.286171436309814453e+00,1.369492411613464355e+00,9.356252551078796387e-01,9.356252551078796387e-01,9.695328474044799805e-01,9.403012394905090332e-01,2.587534487247467041e-01,2.587534487247467041e-01,3.944721817970275879e-01,2.163529247045516968e-01,2.117628306150436401e-01,2.117628306150436401e-01,3.258448243141174316e-01,1.808896064758300781e-01,5.325840711593627930e-01,5.325840711593627930e-01,6.054018139839172363e-01,5.755214095115661621e-01,8.763144612312316895e-01,8.763144612312316895e-01,8.001753091812133789e-01,9.201244115829467773e-01
6.500000000000000000e+01,1.291242837905883789e+00,1.291242837905883789e+00,1.284025430679321289e+00,1.208938717842102051e+00,1.438353061676025391e+00,1.438353061676025391e+00,1.329066395759582520e+00,1.396143913269042969e+00,9.606144428253173828e-01,9.606144428253173828e-01,1.007976174354553223e+00,9.538130760192871094e-01,2.652521133422851562e-01,2.652521133422851562e-01,4.085152447223663330e-01,2.175884544849395752e-01,2.055624872446060181e-01,2.055624872446060181e-01,3.124286234378814697e-01,1.816325634717941284e-01,5.089596509933471680e-01,5.089596509933471680e-01,5.754676461219787598e-01,5.659300088882446289e-01,8.585993051528930664e-01,8.585993051528930664e-01,7.782579660415649414e-01,9.088372588157653809e-01
6.600000000000000000e+01,1.304919123649597168e+00,1.304919123649597168e+00,1.300229549407958984e+00,1.224076390266418457e+00,1.477026820182800293e+00,1.477026820182800293e+00,1.372468233108520508e+00,1.422962188720703125e+00,9.859503507614135742e-01,9.859503507614135742e-01,1.042636871337890625e+00,9.665822982788085938e-01,2.646446824073791504e-01,2.646446824073791504e-01,4.214677512645721436e-01,2.184808850288391113e-01,1.977154612541198730e-01,1.977154612541198730e-01,2.984275519847869873e-01,1.836142539978027344e-01,4.852571487426757812e-01,4.852571487426757812e-01,5.450202226638793945e-01,5.557588934898376465e-01,8.407042026519775391e-01,8.407042026519775391e-01,7.575159072875976562e-01,9.035061597824096680e-01
6.700000000000000000e+01,1.326191067695617676e+00,1.326191067695617676e+00,1.307107210159301758e+00,1.239796876907348633e+00,1.515704274177551270e+00,1.515704274177551270e+00,1.416110277175903320e+00,1.449638128280639648e+00,1.009914159774780273e+00,1.009914159774780273e+00,1.076488971710205078e+00,9.784007072448730469e-01,2.735384404659271240e-01,2.735384404659271240e-01,4.333301782608032227e-01,2.191844731569290161e-01,1.901810169219970703e-01,1.901810169219970703e-01,2.831444740295410156e-01,1.838170588016510010e-01,4.614515602588653564e-01,4.614515602588653564e-01,5.140180587768554688e-01,5.452229976654052734e-01,8.233848810195922852e-01,8.233848810195922852e-01,7.389954924583435059e-01,8.955183625221252441e-01
6.800000000000000000e+01,1.340520501136779785e+00,1.340520501136779785e+00,1.337405443191528320e+00,1.257515668869018555e+00,1.554077148437500000e+00,1.554077148437500000e+00,1.459423542022705078e+00,1.475723505020141602e+00,1.033767104148864746e+00,1.033767104148864746e+00,1.109578609466552734e+00,9.885357618331909180e-01,2.758712470531463623e-01,2.758712470531463623e-01,4.439280331134796143e-01,2.197371423244476318e-01,1.810030937194824219e-01,1.810030937194824219e-01,2.672092020511627197e-01,1.830206513404846191e-01,4.378631114959716797e-01,4.378631114959716797e-01,4.826437532901763916e-01,5.341758728027343750e-01,8.064840435981750488e-01,8.064840435981750488e-01,7.125576138496398926e-01,8.877186775207519531e-01
6.900000000000000000e+01,1.367772221565246582e+00,1.367772221565246582e+00,1.358226656913757324e+00,1.276135921478271484e+00,1.592167615890502930e+00,1.592167615890502930e+00,1.502525091171264648e+00,1.501477241516113281e+00,1.057476758956909180e+00,1.057476758956909180e+00,1.138278961181640625e+00,9.985568523406982422e-01,2.773052752017974854e-01,2.773052752017974854e-01,4.529673159122467041e-01,2.199663966894149780e-01,1.708921045064926147e-01,1.708921045064926147e-01,2.506338655948638916e-01,1.824586391448974609e-01,4.150420725345611572e-01,4.150420725345611572e-01,4.509400129318237305e-01,5.230233073234558105e-01,7.903088927268981934e-01,7.903088927268981934e-01,7.087343931198120117e-01,8.808593750000000000e-01
7.000000000000000000e+01,1.390962600708007812e+00,1.390962600708007812e+00,1.380598545074462891e+00,1.295985341072082520e+00,1.629825592041015625e+00,1.629825592041015625e+00,1.546539545059204102e+00,1.527073264122009277e+00,1.079638600349426270e+00,1.079638600349426270e+00,1.171666145324707031e+00,1.007393598556518555e+00,2.772816717624664307e-01,2.772816717624664307e-01,4.616855978965759277e-01,2.197665423154830933e-01,1.597930788993835449e-01,1.597930788993835449e-01,2.328237295150756836e-01,1.809281557798385620e-01,3.915735483169555664e-01,3.915735483169555664e-01,4.185211062431335449e-01,5.118955969810485840e-01,7.743609547615051270e-01,7.743609547615051270e-01,6.947004795074462891e-01,8.741254210472106934e-01
7.100000000000000000e+01,1.415848493576049805e+00,1.415848493576049805e+00,1.404168009757995605e+00,1.316368818283081055e+00,1.667346000671386719e+00,1.667346000671386719e+00,1.590055823326110840e+00,1.552456617355346680e+00,1.083891391754150391e+00,1.083891391754150391e+00,1.202659010887145996e+00,1.015344738960266113e+00,2.758169472217559814e-01,2.758169472217559814e-01,4.689989686012268066e-01,2.190624177455902100e-01,1.477323472499847412e-01,1.477323472499847412e-01,2.144083976745605469e-01,1.788834184408187866e-01,3.661913275718688965e-01,3.661913275718688965e-01,3.863550722599029541e-01,5.002424120903015137e-01,7.586823701858520508e-01,7.586823701858520508e-01,6.817302107810974121e-01,8.679414987564086914e-01
7.200000000000000000e+01,1.442127227783203125e+00,1.442127227783203125e+00,1.429381608963012695e+00,1.338032603263854980e+00,1.704116344451904297e+00,1.704116344451904297e+00,1.631989717483520508e+00,1.577123165130615234e+00,1.119891643524169922e+00,1.119891643524169922e+00,1.231311798095703125e+00,1.021970152854919434e+00,2.729293107986450195e-01,2.729293107986450195e-01,4.754588603973388672e-01,2.175836861133575439e-01,1.347162425518035889e-01,1.347162425518035889e-01,1.948295831680297852e-01,1.762052625417709351e-01,3.434511423110961914e-01,3.434511423110961914e-01,3.536923229694366455e-01,4.884736835956573486e-01,7.430729269981384277e-01,7.430729269981384277e-01,6.692503690719604492e-01,8.621382117271423340e-01
7.300000000000000000e+01,1.470126032829284668e+00,1.470126032829284668e+00,1.456043481826782227e+00,1.362336993217468262e+00,1.739118933677673340e+00,1.739118933677673340e+00,1.675361871719360352e+00,1.601283550262451172e+00,1.137599825859069824e+00,1.137599825859069824e+00,1.258543133735656738e+00,1.027595758438110352e+00,2.720684707164764404e-01,2.720684707164764404e-01,4.803162515163421631e-01,2.149403393268585205e-01,1.210244968533515930e-01,1.210244968533515930e-01,1.743931472301483154e-01,1.601812094449996948e-01,3.183425366878509521e-01,3.183425366878509521e-01,3.209299445152282715e-01,4.745152890682220459e-01,7.316682934761047363e-01,7.316682934761047363e-01,6.576331853866577148e-01,8.565763831138610840e-01
7.400000000000000000e+01,1.498489975929260254e+00,1.498489975929260254e+00,1.483801841735839844e+00,1.387583255767822266e+00,1.776130437850952148e+00,1.776130437850952148e+00,1.716546297073364258e+00,1.623902797698974609e+00,1.155924797058105469e+00,1.155924797058105469e+00,1.285205125808715820e+00,1.031723141670227051e+00,2.700504958629608154e-01,2.700504958629608154e-01,4.842247068881988525e-01,2.117838859558105469e-01,1.063412651419639587e-01,1.063412651419639587e-01,1.528422832489013672e-01,1.683370471000671387e-01,2.938555479049682617e-01,2.938555479049682617e-01,2.876176834106445312e-01,4.632363617420196533e-01,7.205358147621154785e-01,7.205358147621154785e-01,6.466388106346130371e-01,8.512799143791198730e-01
7.500000000000000000e+01,1.530162930488586426e+00,1.530162930488586426e+00,1.512955904006958008e+00,1.413042545318603516e+00,1.811342000961303711e+00,1.811342000961303711e+00,1.758408188819885254e+00,1.647791147232055664e+00,1.171793460845947266e+00,1.171793460845947266e+00,1.310159444808959961e+00,1.035057306289672852e+00,2.664620578289031982e-01,2.664620578289031982e-01,4.864225387573242188e-01,2.076970636844635010e-01,9.075074642896652222e-02,9.075074642896652222e-02,1.309075057506561279e-01,1.634388566017150879e-01,2.681260108947753906e-01,2.681260108947753906e-01,2.542158067226409912e-01,4.504664838314056396e-01,7.098429203033447266e-01,7.098429203033447266e-01,6.363884806632995605e-01,8.454266190528869629e-01
7.600000000000000000e+01,1.562350153923034668e+00,1.562350153923034668e+00,1.547262072563171387e+00,1.438988327980041504e+00,1.849959850311279297e+00,1.849959850311279297e+00,1.805416703224182129e+00,1.671728014945983887e+00,1.191935539245605469e+00,1.191935539245605469e+00,1.338922142982482910e+00,1.039555788040161133e+00,2.653399109840393066e-01,2.653399109840393066e-01,4.928021728992462158e-01,2.040125578641891479e-01,7.959249615669250488e-02,7.959249615669250488e-02,1.152951344847679138e-01,1.600387543439865112e-01,2.512336075305938721e-01,2.512336075305938721e-01,2.298052012920379639e-01,4.414640963077545166e-01,7.047010064125061035e-01,7.047010064125061035e-01,6.341083049774169922e-01,8.435187339782714844e-01
7.700000000000000000e+01,1.595991373062133789e+00,1.595991373062133789e+00,1.583014249801635742e+00,1.465134620666503906e+00,1.887560367584228516e+00,1.887560367584228516e+00,1.850657820701599121e+00,1.694799304008483887e+00,1.211194753646850586e+00,1.211194753646850586e+00,1.369140625000000000e+00,1.042885184288024902e+00,2.625041604042053223e-01,2.625041604042053223e-01,4.974515140056610107e-01,1.874668598175048828e-01,6.767319142818450928e-02,6.767319142818450928e-02,9.893839061260223389e-02,1.562571972608566284e-01,2.335953861474990845e-01,2.335953861474990845e-01,2.051926553249359131e-01,4.326636791229248047e-01,6.994912028312683105e-01,6.994912028312683105e-01,6.322471499443054199e-01,8.415542840957641602e-01
7.800000000000000000e+01,1.630561470985412598e+00,1.630561470985412598e+00,1.619577407836914062e+00,1.492104411125183105e+00,1.924623370170593262e+00,1.924623370170593262e+00,1.896418571472167969e+00,1.717508673667907715e+00,1.223529577255249023e+00,1.223529577255249023e+00,1.397227406501770020e+00,1.045207023620605469e+00,2.583669424057006836e-01,2.583669424057006836e-01,5.016466379165649414e-01,1.931433230638504028e-01,5.514327436685562134e-02,5.514327436685562134e-02,8.206879347562789917e-02,1.518851816654205322e-01,2.160052657127380371e-01,2.160052657127380371e-01,1.795401573181152344e-01,4.207727909088134766e-01,6.952277421951293945e-01,6.952277421951293945e-01,6.313714981079101562e-01,8.402126431465148926e-01
7.900000000000000000e+01,1.654551267623901367e+00,1.654551267623901367e+00,1.658721804618835449e+00,1.519258499145507812e+00,1.961635947227478027e+00,1.961635947227478027e+00,1.941217422485351562e+00,1.739971160888671875e+00,1.248000264167785645e+00,1.248000264167785645e+00,1.427744865417480469e+00,1.048394560813903809e+00,2.560651600360870361e-01,2.560651600360870361e-01,5.066684484481811523e-01,1.878317296504974365e-01,4.473135620355606079e-02,4.473135620355606079e-02,6.812103092670440674e-02,1.484687626361846924e-01,2.022604346275329590e-01,2.022604346275329590e-01,1.597972959280014038e-01,4.161746501922607422e-01,6.952817440032958984e-01,6.952817440032958984e-01,6.343522071838378906e-01,8.404808640480041504e-01
8.000000000000000000e+01,1.703473925590515137e+00,1.703473925590515137e+00,1.664178609848022461e+00,1.546775102615356445e+00,2.004596471786499023e+00,2.004596471786499023e+00,1.992992639541625977e+00,1.765271782875061035e+00,1.272699475288391113e+00,1.272699475288391113e+00,1.463149666786193848e+00,1.054465532302856445e+00,2.621617019176483154e-01,2.621617019176483154e-01,5.166097283363342285e-01,1.840264499187469482e-01,4.238291084766387939e-02,4.238291084766387939e-02,6.426871567964553833e-02,1.493060886859893799e-01,2.006486952304840088e-01,2.006486952304840088e-01,1.547082960605621338e-01,4.176009595394134521e-01,7.086579203605651855e-01,7.086579203605651855e-01,6.482186317443847656e-01,8.452650904655456543e-01
8.100000000000000000e+01,1.741274952888488770e+00,1.741274952888488770e+00,1.743462324142456055e+00,1.574364781379699707e+00,2.047015190124511719e+00,2.047015190124511719e+00,2.048241615295410156e+00,1.789815306663513184e+00,1.296225309371948242e+00,1.296225309371948242e+00,1.495792627334594727e+00,1.059677243232727051e+00,2.669344842433929443e-01,2.669344842433929443e-01,5.251500606536865234e-01,1.811797022819519043e-01,3.978435322642326355e-02,3.978435322642326355e-02,6.018553301692008972e-02,1.498733460903167725e-01,1.987699121236801147e-01,1.987699121236801147e-01,1.484563499689102173e-01,4.183689057826995850e-01,7.217725515365600586e-01,7.217725515365600586e-01,6.633823513984680176e-01,8.498725891113281250e-01
8.200000000000000000e+01,1.780032992362976074e+00,1.780032992362976074e+00,1.794309139251708984e+00,1.602275252342224121e+00,2.082858085632324219e+00,2.082858085632324219e+00,2.102027893066406250e+00,1.814722418785095215e+00,1.320865869522094727e+00,1.320865869522094727e+00,1.534296631813049316e+00,1.065054655075073242e+00,2.712897658348083496e-01,2.712897658348083496e-01,5.331646800041198730e-01,1.795423328876495361e-01,3.963975235819816589e-02,3.963975235819816589e-02,5.919647216796875000e-02,1.520423442125320435e-01,2.001960873603820801e-01,2.001960873603820801e-01,1.463098376989364624e-01,4.215342402458190918e-01,7.383173704147338867e-01,7.383173704147338867e-01,6.834212541580200195e-01,8.569505214691162109e-01
8.300000000000000000e+01,1.819478869438171387e+00,1.819478869438171387e+00,1.841893434524536133e+00,1.630355238914489746e+00,2.132725477218627930e+00,2.132725477218627930e+00,2.155999660491943359e+00,1.839220523834228516e+00,1.344649672508239746e+00,1.344649672508239746e+00,1.569625735282897949e+00,1.068796038627624512e+00,2.736147046089172363e-01,2.736147046089172363e-01,5.356141328811645508e-01,1.794066429138183594e-01,3.933427110314369202e-02,3.933427110314369202e-02,5.781564861536026001e-02,1.543138325214385986e-01,2.013532668352127075e-01,2.013532668352127075e-01,1.435517668724060059e-01,4.248965382575988770e-01,7.545753121376037598e-01,7.545753121376037598e-01,7.037966847419738770e-01,8.657197952270507812e-01
8.400000000000000000e+01,1.859625458717346191e+00,1.859625458717346191e+00,1.890248775482177734e+00,1.658594846725463867e+00,2.174428939819335938e+00,2.174428939819335938e+00,2.208597898483276367e+00,1.862647294998168945e+00,1.368620634078979492e+00,1.368620634078979492e+00,1.603174090385437012e+00,1.071210145950317383e+00,2.760115563869476318e-01,2.760115563869476318e-01,5.484179258346557617e-01,1.780419796705245972e-01,3.889886662364006042e-02,3.889886662364006042e-02,5.657388269901275635e-02,1.564356833696365356e-01,2.079131305217742920e-01,2.079131305217742920e-01,1.419138014316558838e-01,4.278262853622436523e-01,7.709407806396484375e-01,7.709407806396484375e-01,7.271183729171752930e-01,8.741034269332885742e-01
8.500000000000000000e+01,1.900692820549011230e+00,1.900692820549011230e+00,1.938806653022766113e+00,1.687204480171203613e+00,2.215309381484985352e+00,2.215309381484985352e+00,2.260847806930541992e+00,1.886287212371826172e+00,1.390574097633361816e+00,1.390574097633361816e+00,1.634363174438476562e+00,1.072654724121093750e+00,2.761553823947906494e-01,2.761553823947906494e-01,5.544671416282653809e-01,1.758217960596084595e-01,3.828440606594085693e-02,3.828440606594085693e-02,5.492464825510978699e-02,1.584935337305068970e-01,2.125013470649719238e-01,2.125013470649719238e-01,1.395319253206253052e-01,4.304878711700439453e-01,7.872483730316162109e-01,7.872483730316162109e-01,7.520710229873657227e-01,8.823561668395996094e-01
8.600000000000000000e+01,1.942113518714904785e+00,1.942113518714904785e+00,1.987815737724304199e+00,1.715919256210327148e+00,2.255468845367431641e+00,2.255468845367431641e+00,2.313060522079467773e+00,1.908910632133483887e+00,1.409218549728393555e+00,1.409218549728393555e+00,1.664046525955200195e+00,1.072197318077087402e+00,2.749140560626983643e-01,2.749140560626983643e-01,5.592305660247802734e-01,1.731347888708114624e-01,3.748208656907081604e-02,3.748208656907081604e-02,5.327951908111572266e-02,1.603158414363861084e-01,2.156493067741394043e-01,2.156493067741394043e-01,1.357759833335876465e-01,4.334022402763366699e-01,8.031644821166992188e-01,8.031644821166992188e-01,7.774488925933837891e-01,8.904314637184143066e-01
8.700000000000000000e+01,1.983761668205261230e+00,1.983761668205261230e+00,2.036873817443847656e+00,1.744378447532653809e+00,2.294831752777099609e+00,2.294831752777099609e+00,2.362525939941406250e+00,1.930588960647583008e+00,1.427830338478088379e+00,1.427830338478088379e+00,1.692985773086547852e+00,1.067052245140075684e+00,2.719089984893798828e-01,2.719089984893798828e-01,5.620568990707397461e-01,1.695944368839263916e-01,3.650643676519393921e-02,3.650643676519393921e-02,5.143912136554718018e-02,1.606341004371643066e-01,2.185502052307128906e-01,2.185502052307128906e-01,1.353843212127685547e-01,4.362630844116210938e-01,8.195900917053222656e-01,8.195900917053222656e-01,8.031551837921142578e-01,8.982531428337097168e-01
8.800000000000000000e+01,2.026544809341430664e+00,2.026544809341430664e+00,2.087224483489990234e+00,1.773395061492919922e+00,2.332731246948242188e+00,2.332731246948242188e+00,2.412292957305908203e+00,1.951521873474121094e+00,1.444448471069335938e+00,1.444448471069335938e+00,1.720837473869323730e+00,1.070055127143859863e+00,2.674275934696197510e-01,2.674275934696197510e-01,5.635229349136352539e-01,1.665468961000442505e-01,3.529370203614234924e-02,3.529370203614234924e-02,4.935878515243530273e-02,1.644350886344909668e-01,2.211849689483642578e-01,2.211849689483642578e-01,1.335848271846771240e-01,4.391443729400634766e-01,8.355914354324340820e-01,8.355914354324340820e-01,8.297713994979858398e-01,9.057887792587280273e-01
8.900000000000000000e+01,2.069113492965698242e+00,2.069113492965698242e+00,2.137547731399536133e+00,1.801718235015869141e+00,2.370250463485717773e+00,2.370250463485717773e+00,2.462168693542480469e+00,1.971754312515258789e+00,1.452612638473510742e+00,1.452612638473510742e+00,1.745925903320312500e+00,1.067494153976440430e+00,2.615370154380798340e-01,2.615370154380798340e-01,5.633556842803955078e-01,1.660419851541519165e-01,3.405072540044784546e-02,3.405072540044784546e-02,4.718292504549026489e-02,1.660076975822448730e-01,2.206340581178665161e-01,2.206340581178665161e-01,1.318375319242477417e-01,4.416152238845825195e-01,8.510279655456542969e-01,8.510279655456542969e-01,8.564459085464477539e-01,9.130286574363708496e-01
9.000000000000000000e+01,2.112379312515258789e+00,2.112379312515258789e+00,2.187591075897216797e+00,1.830903410911560059e+00,2.406902790069580078e+00,2.406902790069580078e+00,2.507844924926757812e+00,1.991469621658325195e+00,1.471583008766174316e+00,1.471583008766174316e+00,1.770699381828308105e+00,1.064455270767211914e+00,2.541979849338531494e-01,2.541979849338531494e-01,5.618582963943481445e-01,1.649613678455352783e-01,3.257298842072486877e-02,3.257298842072486877e-02,4.496784135699272156e-02,1.677516102790832520e-01,2.256192564964294434e-01,2.256192564964294434e-01,1.308712810277938843e-01,4.438849091529846191e-01,8.671813607215881348e-01,8.671813607215881348e-01,8.887205123901367188e-01,9.199637770652770996e-01
9.100000000000000000e+01,2.156442880630493164e+00,2.156442880630493164e+00,2.238837480545043945e+00,1.860713124275207520e+00,2.438536643981933594e+00,2.438536643981933594e+00,2.557143211364746094e+00,2.010263204574584961e+00,1.482053875923156738e+00,1.482053875923156738e+00,1.792592048645019531e+00,1.059431910514831543e+00,2.514387071132659912e-01,2.514387071132659912e-01,5.584065318107604980e-01,1.632924824953079224e-01,3.042295016348361969e-02,3.042295016348361969e-02,4.235957935452461243e-02,1.691116690635681152e-01,2.274293452501296997e-01,2.274293452501296997e-01,1.304643750190734863e-01,4.459673166275024414e-01,8.888739347457885742e-01,8.888739347457885742e-01,9.213121533393859863e-01,9.265410900115966797e-01
9.200000000000000000e+01,2.199980735778808594e+00,2.199980735778808594e+00,2.289057731628417969e+00,1.890096902847290039e+00,2.479583263397216797e+00,2.479583263397216797e+00,2.603514671325683594e+00,2.028668403625488281e+00,1.491589665412902832e+00,1.491589665412902832e+00,1.813482403755187988e+00,1.053555011749267578e+00,2.474046200513839722e-01,2.474046200513839722e-01,5.537794232368469238e-01,1.605344414710998535e-01,3.097506985068321228e-02,3.097506985068321228e-02,3.996115177869796753e-02,1.703174859285354614e-01,2.289623171091079712e-01,2.289623171091079712e-01,1.302309632301330566e-01,4.478861093521118164e-01,9.105753302574157715e-01,9.105753302574157715e-01,9.543911218643188477e-01,9.372200965881347656e-01
9.300000000000000000e+01,2.244101762771606445e+00,2.244101762771606445e+00,2.340955257415771484e+00,1.919436216354370117e+00,2.513972520828247070e+00,2.513972520828247070e+00,2.648590564727783203e+00,2.045777320861816406e+00,1.498909473419189453e+00,1.498909473419189453e+00,1.832937836647033691e+00,1.046481847763061523e+00,2.420977056026458740e-01,2.420977056026458740e-01,5.506489276885986328e-01,1.582310646772384644e-01,2.987393364310264587e-02,2.987393364310264587e-02,3.703077882528305054e-02,1.713252663612365723e-01,2.302163243293762207e-01,2.302163243293762207e-01,1.300017684698104858e-01,4.489347040653228760e-01,9.322343468666076660e-01,9.322343468666076660e-01,9.878079891204833984e-01,9.480448961257934570e-01
9.400000000000000000e+01,2.288446187973022461e+00,2.288446187973022461e+00,2.391487598419189453e+00,1.948628425598144531e+00,2.547345638275146484e+00,2.547345638275146484e+00,2.692993164062500000e+00,2.061572313308715820e+00,1.504335045814514160e+00,1.504335045814514160e+00,1.850307464599609375e+00,1.036349177360534668e+00,2.355314940214157104e-01,2.355314940214157104e-01,5.467012524604797363e-01,1.548130810260772705e-01,2.857566252350807190e-02,2.857566252350807190e-02,3.429435193538665771e-02,1.720811575651168823e-01,2.311898767948150635e-01,2.311898767948150635e-01,1.296625882387161255e-01,4.510351121425628662e-01,9.538676738739013672e-01,9.538676738739013672e-01,1.021965742111206055e+00,9.585781693458557129e-01
9.500000000000000000e+01,2.326318264007568359e+00,2.326318264007568359e+00,2.442655086517333984e+00,1.979101777076721191e+00,2.579492807388305664e+00,2.579492807388305664e+00,2.735232353210449219e+00,2.076691150665283203e+00,1.507498502731323242e+00,1.507498502731323242e+00,1.865229129791259766e+00,1.029504656791687012e+00,2.277161180973052979e-01,2.277161180973052979e-01,5.430151224136352539e-01,1.508181691169738770e-01,2.707870304584503174e-02,2.707870304584503174e-02,3.113270550966262817e-02,1.726631373167037964e-01,2.318817526102066040e-01,2.318817526102066040e-01,1.298943758010864258e-01,4.523873925209045410e-01,9.754374027252197266e-01,9.754374027252197266e-01,1.055852890014648438e+00,9.690392017364501953e-01
9.600000000000000000e+01,2.377495765686035156e+00,2.377495765686035156e+00,2.493779420852661133e+00,2.010053396224975586e+00,2.609375238418579102e+00,2.609375238418579102e+00,2.777288913726806641e+00,2.090199470520019531e+00,1.509309411048889160e+00,1.509309411048889160e+00,1.880403518676757812e+00,1.019363403320312500e+00,2.186335325241088867e-01,2.186335325241088867e-01,5.377482175827026367e-01,1.468676626682281494e-01,2.538225241005420685e-02,2.538225241005420685e-02,2.791215479373931885e-02,1.730979979038238525e-01,2.322911322116851807e-01,2.322911322116851807e-01,1.312046945095062256e-01,4.537883698940277100e-01,9.969076514244079590e-01,9.969076514244079590e-01,1.091305255889892578e+00,9.794256091117858887e-01
9.700000000000000000e+01,2.422102928161621094e+00,2.422102928161621094e+00,2.545524835586547852e+00,2.040894269943237305e+00,2.638844966888427734e+00,2.638844966888427734e+00,2.817229747772216797e+00,2.103142738342285156e+00,1.509558916091918945e+00,1.509558916091918945e+00,1.891771078109741211e+00,1.009101748466491699e+00,2.083379775285720825e-01,2.083379775285720825e-01,5.307196378707885742e-01,1.432657837867736816e-01,2.349309623241424561e-02,2.349309623241424561e-02,2.440768852829933167e-02,1.732272654771804810e-01,2.322077453136444092e-01,2.322077453136444092e-01,1.324484646320343018e-01,4.547124505043029785e-01,1.018253803253173828e+00,1.018253803253173828e+00,1.126564025878906250e+00,9.896771311759948730e-01
9.800000000000000000e+01,2.467146158218383789e+00,2.467146158218383789e+00,2.596433877944946289e+00,2.070120096206665039e+00,2.667927026748657227e+00,2.667927026748657227e+00,2.856948614120483398e+00,2.115813732147216797e+00,1.507533907890319824e+00,1.507533907890319824e+00,1.903953671455383301e+00,9.941653609275817871e-01,1.968261748552322388e-01,1.968261748552322388e-01,5.225814580917358398e-01,1.401172578334808350e-01,2.147231996059417725e-02,2.147231996059417725e-02,2.102274633944034576e-02,1.733293086290359497e-01,2.326516509056091309e-01,2.326516509056091309e-01,1.338922381401062012e-01,4.556767344474792480e-01,1.039492607116699219e+00,1.039492607116699219e+00,1.162413239479064941e+00,1.001432299613952637e+00
9.900000000000000000e+01,2.511487960815429688e+00,2.511487960815429688e+00,2.647373437881469727e+00,2.104993820190429688e+00,2.693062305450439453e+00,2.693062305450439453e+00,2.864135742187500000e+00,2.126951217651367188e+00,1.505978345870971680e+00,1.505978345870971680e+00,1.913614511489868164e+00,9.827681183815002441e-01,1.841289997100830078e-01,1.841289997100830078e-01,5.140737891197204590e-01,1.373670995235443115e-01,1.902229338884353638e-02,1.902229338884353638e-02,1.756373792886734009e-02,1.718935370445251465e-01,2.329670041799545288e-01,2.329670041799545288e-01,1.354724317789077759e-01,4.522026479244232178e-01,1.057001948356628418e+00,1.057001948356628418e+00,1.201164841651916504e+00,1.013694524765014648e+00
1.000000000000000000e+02,2.554087162017822266e+00,2.554087162017822266e+00,2.698597669601440430e+00,2.136030912399291992e+00,2.721207141876220703e+00,2.721207141876220703e+00,2.901438236236572266e+00,2.137048721313476562e+00,1.504641771316528320e+00,1.504641771316528320e+00,1.921891093254089355e+00,9.682031869888305664e-01,1.708949804306030273e-01,1.708949804306030273e-01,4.951413273811340332e-01,1.346506178379058838e-01,1.789737679064273834e-02,1.789737679064273834e-02,1.505898311734199524e-02,1.714620739221572876e-01,2.382232397794723511e-01,2.382232397794723511e-01,1.381833702325820923e-01,4.573855996131896973e-01,1.082389712333679199e+00,1.082389712333679199e+00,1.239147782325744629e+00,1.027967333793640137e+00
1.010000000000000000e+02,2.599386930465698242e+00,2.599386930465698242e+00,2.748943090438842773e+00,2.166956663131713867e+00,2.745303630828857422e+00,2.745303630828857422e+00,2.968147039413452148e+00,2.144115686416625977e+00,1.502525687217712402e+00,1.502525687217712402e+00,1.928445339202880859e+00,9.535176753997802734e-01,1.564484387636184692e-01,1.564484387636184692e-01,4.997001290321350098e-01,1.315500736236572266e-01,1.633366197347640991e-02,1.633366197347640991e-02,1.241341326385736465e-02,1.747964322566986084e-01,2.423697710037231445e-01,2.423697710037231445e-01,1.412950903177261353e-01,4.584192335605621338e-01,1.103944897651672363e+00,1.103944897651672363e+00,1.278816938400268555e+00,1.043251156806945801e+00
1.020000000000000000e+02,2.643212318420410156e+00,2.643212318420410156e+00,2.800435543060302734e+00,2.196642637252807617e+00,2.769258975982666016e+00,2.769258975982666016e+00,3.003961563110351562e+00,2.154309272766113281e+00,1.501157164573669434e+00,1.501157164573669434e+00,1.936158418655395508e+00,9.384237527847290039e-01,1.527108997106552124e-01,1.527108997106552124e-01,4.945050179958343506e-01,1.288252174854278564e-01,1.583463884890079498e-02,1.583463884890079498e-02,1.149458624422550201e-02,1.759460419416427612e-01,2.492429167032241821e-01,2.492429167032241821e-01,1.465338766574859619e-01,4.611992835998535156e-01,1.137004256248474121e+00,1.137004256248474121e+00,1.326215982437133789e+00,1.058781862258911133e+00
1.030000000000000000e+02,2.686559438705444336e+00,2.686559438705444336e+00,2.851830959320068359e+00,2.227485656738281250e+00,2.795035123825073242e+00,2.795035123825073242e+00,3.038679599761962891e+00,2.161206007003784180e+00,1.498645424842834473e+00,1.498645424842834473e+00,1.942702651023864746e+00,9.223297238349914551e-01,1.521165966987609863e-01,1.521165966987609863e-01,4.890360236167907715e-01,1.274882853031158447e-01,1.638363860547542572e-02,1.638363860547542572e-02,1.093952264636754990e-02,1.772053241729736328e-01,2.568516433238983154e-01,2.568516433238983154e-01,1.523419022560119629e-01,4.641129970550537109e-01,1.174028038978576660e+00,1.174028038978576660e+00,1.370065093040466309e+00,1.074630498886108398e+00
1.040000000000000000e+02,2.730560779571533203e+00,2.730560779571533203e+00,2.903611421585083008e+00,2.257969617843627930e+00,2.817088842391967773e+00,2.817088842391967773e+00,3.074490547180175781e+00,2.167320728302001953e+00,1.494722247123718262e+00,1.494722247123718262e+00,1.948009729385375977e+00,9.055311679840087891e-01,1.507618427276611328e-01,1.507618427276611328e-01,4.820272624492645264e-01,1.263560503721237183e-01,1.650878414511680603e-02,1.650878414511680603e-02,1.056809257715940475e-02,1.783309578895568848e-01,2.641226351261138916e-01,2.641226351261138916e-01,1.583141386508941650e-01,4.677675962448120117e-01,1.211100339889526367e+00,1.211100339889526367e+00,1.414514899253845215e+00,1.085256934165954590e+00
1.050000000000000000e+02,2.772063732147216797e+00,2.772063732147216797e+00,2.952229022979736328e+00,2.286909818649291992e+00,2.839195728302001953e+00,2.839195728302001953e+00,3.107959985733032227e+00,2.174053907394409180e+00,1.488951921463012695e+00,1.488951921463012695e+00,1.948221087455749512e+00,8.890316486358642578e-01,1.486331820487976074e-01,1.486331820487976074e-01,4.739510118961334229e-01,1.249470487236976624e-01,1.654207520186901093e-02,1.654207520186901093e-02,1.010007038712501526e-02,1.796047389507293701e-01,2.710804641246795654e-01,2.710804641246795654e-01,1.640112698078155518e-01,4.711160361766815186e-01,1.248171210289001465e+00,1.248171210289001465e+00,1.460548162460327148e+00,1.104353070259094238e+00
1.060000000000000000e+02,2.813983201980590820e+00,2.813983201980590820e+00,3.003487825393676758e+00,2.315966844558715820e+00,2.859230995178222656e+00,2.859230995178222656e+00,3.140375375747680664e+00,2.178960084915161133e+00,1.482634305953979492e+00,1.482634305953979492e+00,1.957126736640930176e+00,8.718285560607910156e-01,1.464181244373321533e-01,1.464181244373321533e-01,4.654870927333831787e-01,1.235033422708511353e-01,1.676876284182071686e-02,1.676876284182071686e-02,1.012831646949052811e-02,1.808775812387466431e-01,2.782504260540008545e-01,2.782504260540008545e-01,1.711666733026504517e-01,4.743435382843017578e-01,1.280678629875183105e+00,1.280678629875183105e+00,1.507972478866577148e+00,1.119248628616333008e+00
1.070000000000000000e+02,2.857394933700561523e+00,2.857394933700561523e+00,3.054044485092163086e+00,2.345076322555541992e+00,2.877756834030151367e+00,2.877756834030151367e+00,3.171000480651855469e+00,2.183808088302612305e+00,1.474402308464050293e+00,1.474402308464050293e+00,1.960082173347473145e+00,8.517577648162841797e-01,1.434272974729537964e-01,1.434272974729537964e-01,4.561696350574493408e-01,1.217481940984725952e-01,1.705956086516380310e-02,1.705956086516380310e-02,1.007144711911678314e-02,1.821176409721374512e-01,2.855687737464904785e-01,2.855687737464904785e-01,1.796505153179168701e-01,4.773177504539489746e-01,1.322813630104064941e+00,1.322813630104064941e+00,1.469645619392395020e+00,1.133274674415588379e+00
1.080000000000000000e+02,2.898738384246826172e+00,2.898738384246826172e+00,3.103125810623168945e+00,2.372954845428466797e+00,2.896036624908447266e+00,2.896036624908447266e+00,3.201332807540893555e+00,2.186733722686767578e+00,1.464713692665100098e+00,1.464713692665100098e+00,1.959954619407653809e+00,8.386629223823547363e-01,1.396522819995880127e-01,1.396522819995880127e-01,4.454694688320159912e-01,1.196944713592529297e-01,1.720302924513816833e-02,1.720302924513816833e-02,1.003274135291576385e-02,1.831068545579910278e-01,2.923538386821746826e-01,2.923538386821746826e-01,1.900084763765335083e-01,4.797826409339904785e-01,1.359933257102966309e+00,1.359933257102966309e+00,1.603477478027343750e+00,1.146267414093017578e+00
1.090000000000000000e+02,2.938549280166625977e+00,2.938549280166625977e+00,3.151427745819091797e+00,2.399939537048339844e+00,2.912400245666503906e+00,2.912400245666503906e+00,3.226246595382690430e+00,2.187242507934570312e+00,1.452953338623046875e+00,1.452953338623046875e+00,1.958523035049438477e+00,8.169217109680175781e-01,1.374244391918182373e-01,1.374244391918182373e-01,4.335259795188903809e-01,1.173322573304176331e-01,1.760463044047355652e-02,1.760463044047355652e-02,9.789452888071537018e-03,1.839191913604736328e-01,2.986354231834411621e-01,2.986354231834411621e-01,2.014772593975067139e-01,4.821074008941650391e-01,1.399137496948242188e+00,1.399137496948242188e+00,1.651405096054077148e+00,1.159799933433532715e+00
1.100000000000000000e+02,2.979222774505615234e+00,2.979222774505615234e+00,3.198764562606811523e+00,2.427208662033081055e+00,2.926395893096923828e+00,2.926395893096923828e+00,3.255461454391479492e+00,2.188011169433593750e+00,1.440093755722045898e+00,1.440093755722045898e+00,1.956096410751342773e+00,8.030056357383728027e-01,1.344434022903442383e-01,1.344434022903442383e-01,4.206172227859497070e-01,1.146684512495994568e-01,1.765200681984424591e-02,1.765200681984424591e-02,9.820382110774517059e-03,1.846047043800354004e-01,3.047615289688110352e-01,3.047615289688110352e-01,2.135925889015197754e-01,4.843546748161315918e-01,1.438264489173889160e+00,1.438264489173889160e+00,1.699401497840881348e+00,1.172260999679565430e+00
1.110000000000000000e+02,3.018348217010498047e+00,3.018348217010498047e+00,3.245255231857299805e+00,2.453685522079467773e+00,2.939645767211914062e+00,2.939645767211914062e+00,3.279696464538574219e+00,2.186681509017944336e+00,1.346708536148071289e+00,1.346708536148071289e+00,1.951834678649902344e+00,7.891629934310913086e-01,1.308871358633041382e-01,1.308871358633041382e-01,4.064928293228149414e-01,1.118458062410354614e-01,1.785730011761188507e-02,1.785730011761188507e-02,9.806458838284015656e-03,1.851386427879333496e-01,3.104121685028076172e-01,3.104121685028076172e-01,2.264203131198883057e-01,4.867681562900543213e-01,1.475909352302551270e+00,1.475909352302551270e+00,1.747446298599243164e+00,1.184163451194763184e+00
1.120000000000000000e+02,3.056146860122680664e+00,3.056146860122680664e+00,3.290277719497680664e+00,2.479247093200683594e+00,2.951373100280761719e+00,2.951373100280761719e+00,3.302965164184570312e+00,2.184521913528442383e+00,1.407934904098510742e+00,1.407934904098510742e+00,1.946054220199584961e+00,7.753394842147827148e-01,1.265868842601776123e-01,1.265868842601776123e-01,3.914000391960144043e-01,1.103333681821823120e-01,1.825024932622909546e-02,1.825024932622909546e-02,9.728163480758666992e-03,1.855839192867279053e-01,3.156943917274475098e-01,3.156943917274475098e-01,2.424903213977813721e-01,4.888119101524353027e-01,1.515753746032714844e+00,1.515753746032714844e+00,1.795399188995361328e+00,1.195487976074218750e+00
1.130000000000000000e+02,3.093838691711425781e+00,3.093838691711425781e+00,3.335556268692016602e+00,2.503673315048217773e+00,2.963298082351684570e+00,2.963298082351684570e+00,3.325443506240844727e+00,2.181164979934692383e+00,1.389684915542602539e+00,1.389684915542602539e+00,1.938886046409606934e+00,7.614921331405639648e-01,1.216616407036781311e-01,1.216616407036781311e-01,3.751527965068817139e-01,1.085496023297309875e-01,1.918175630271434784e-02,1.918175630271434784e-02,9.746138006448745728e-03,1.859621107578277588e-01,3.212873935699462891e-01,3.212873935699462891e-01,2.504805326461791992e-01,4.905453920364379883e-01,1.544275879859924316e+00,1.544275879859924316e+00,1.843162059783935547e+00,1.201737642288208008e+00
1.140000000000000000e+02,3.130693435668945312e+00,3.130693435668945312e+00,3.379496574401855469e+00,2.528182029724121094e+00,2.973407268524169922e+00,2.973407268524169922e+00,3.343004941940307617e+00,2.176847934722900391e+00,1.370857834815979004e+00,1.370857834815979004e+00,1.929226756095886230e+00,7.469175457954406738e-01,1.162066608667373657e-01,1.162066608667373657e-01,3.579974174499511719e-01,1.071098446846008301e-01,2.087861299514770508e-02,2.087861299514770508e-02,9.785738773643970490e-03,1.866233944892883301e-01,3.272153139114379883e-01,3.272153139114379883e-01,2.833687961101531982e-01,4.928779602050781250e-01,1.592190504074096680e+00,1.592190504074096680e+00,1.894737958908081055e+00,1.221091628074645996e+00
1.150000000000000000e+02,3.166580915451049805e+00,3.166580915451049805e+00,3.422552108764648438e+00,2.551791667938232422e+00,2.981201410293579102e+00,2.981201410293579102e+00,3.363107681274414062e+00,2.171127319335937500e+00,1.350421190261840820e+00,1.350421190261840820e+00,1.919922947883605957e+00,7.318172454833984375e-01,1.101113408803939819e-01,1.101113408803939819e-01,3.413377106189727783e-01,1.057385355234146118e-01,2.237550541758537292e-02,2.237550541758537292e-02,9.672049432992935181e-03,1.870336979627609253e-01,3.327415287494659424e-01,3.327415287494659424e-01,3.037222921848297119e-01,4.947865009307861328e-01,1.629842519760131836e+00,1.629842519760131836e+00,1.944299221038818359e+00,1.240041255950927734e+00
1.160000000000000000e+02,3.202673435211181641e+00,3.202673435211181641e+00,3.465723037719726562e+00,2.575281143188476562e+00,2.964326143264770508e+00,2.964326143264770508e+00,3.381711721420288086e+00,2.165026187896728516e+00,1.328296184539794922e+00,1.328296184539794922e+00,1.908309698104858398e+00,7.157958745956420898e-01,1.032897308468818665e-01,1.032897308468818665e-01,3.304293751716613770e-01,1.046566292643547058e-01,2.379808947443962097e-02,2.379808947443962097e-02,9.857648983597755432e-03,1.873913407325744629e-01,3.378673791885375977e-01,3.378673791885375977e-01,3.243030607700347900e-01,4.968188703060150146e-01,1.667378425598144531e+00,1.667378425598144531e+00,1.994620084762573242e+00,1.258394479751586914e+00
1.170000000000000000e+02,3.236766815185546875e+00,3.236766815185546875e+00,3.506544113159179688e+00,2.596978187561035156e+00,2.992901086807250977e+00,2.992901086807250977e+00,3.396271467208862305e+00,2.156543493270874023e+00,1.304845213890075684e+00,1.304845213890075684e+00,1.896183967590332031e+00,6.986584663391113281e-01,9.584502875804901123e-02,9.584502875804901123e-02,3.195548951625823975e-01,1.034154593944549561e-01,2.493399940431118011e-02,2.493399940431118011e-02,1.000598445534706116e-02,1.878320276737213135e-01,3.423652946949005127e-01,3.423652946949005127e-01,3.444579243659973145e-01,4.985859990119934082e-01,1.703840494155883789e+00,1.703840494155883789e+00,2.044350385665893555e+00,1.276538014411926270e+00
1.180000000000000000e+02,3.265567064285278320e+00,3.265567064285278320e+00,3.546206951141357422e+00,2.618196964263916016e+00,2.996765613555908203e+00,2.996765613555908203e+00,3.410510301589965820e+00,2.148152351379394531e+00,1.284828305244445801e+00,1.284828305244445801e+00,1.882146716117858887e+00,6.803930997848510742e-01,8.817359805107116699e-02,8.817359805107116699e-02,3.083637356758117676e-01,1.023504436016082764e-01,2.620652318000793457e-02,2.620652318000793457e-02,1.043385453522205353e-02,1.879184991121292114e-01,3.521610796451568604e-01,3.521610796451568604e-01,3.648494184017181396e-01,5.002192854881286621e-01,1.740607500076293945e+00,1.740607500076293945e+00,2.095051288604736328e+00,1.294622182846069336e+00
1.190000000000000000e+02,3.300331830978393555e+00,3.300331830978393555e+00,3.583751440048217773e+00,2.638527393341064453e+00,2.999527454376220703e+00,2.999527454376220703e+00,3.422455787658691406e+00,2.137629032135009766e+00,1.263887166976928711e+00,1.263887166976928711e+00,1.867790222167968750e+00,6.616433858871459961e-01,7.962767779827117920e-02,7.962767779827117920e-02,2.973583936691284180e-01,1.010623797774314880e-01,2.743216976523399353e-02,2.743216976523399353e-02,1.071635074913501740e-02,1.881313920021057129e-01,3.613299429416656494e-01,3.613299429416656494e-01,3.848581016063690186e-01,5.014564394950866699e-01,1.773570656776428223e+00,1.773570656776428223e+00,2.144999027252197266e+00,1.313929796218872070e+00
1.200000000000000000e+02,3.331302165985107422e+00,3.331302165985107422e+00,3.622668743133544922e+00,2.657196521759033203e+00,3.001055240631103516e+00,3.001055240631103516e+00,3.433441162109375000e+00,2.126814365386962891e+00,1.240694880485534668e+00,1.240694880485534668e+00,1.850742936134338379e+00,6.414335966110229492e-01,7.084389030933380127e-02,7.084389030933380127e-02,2.869170308113098145e-01,9.957864135503768921e-02,2.831913530826568604e-02,2.831913530826568604e-02,1.110289338976144791e-02,1.881979554891586304e-01,3.700606226921081543e-01,3.700606226921081543e-01,4.045629799365997314e-01,5.016174912452697754e-01,1.811332106590270996e+00,1.811332106590270996e+00,2.194118738174438477e+00,1.338210225105285645e+00
1.210000000000000000e+02,3.362152814865112305e+00,3.362152814865112305e+00,3.658715724945068359e+00,2.676774263381958008e+00,3.000334262847900391e+00,3.000334262847900391e+00,3.441034555435180664e+00,2.113932132720947266e+00,1.216696262359619141e+00,1.216696262359619141e+00,1.833103895187377930e+00,6.203085780143737793e-01,6.491114199161529541e-02,6.491114199161529541e-02,2.757257819175720215e-01,9.790433943271636963e-02,3.007184714078903198e-02,3.007184714078903198e-02,1.137207169085741043e-02,1.879443973302841187e-01,3.783253431320190430e-01,3.783253431320190430e-01,4.239493012428283691e-01,5.025943517684936523e-01,1.849540472030639648e+00,1.849540472030639648e+00,2.243391990661621094e+00,1.363647341728210449e+00
1.220000000000000000e+02,3.390613079071044922e+00,3.390613079071044922e+00,3.693841695785522461e+00,2.694121599197387695e+00,2.997863292694091797e+00,2.997863292694091797e+00,3.448378086090087891e+00,2.099662542343139648e+00,1.190438628196716309e+00,1.190438628196716309e+00,1.813095211982727051e+00,5.574896335601806641e-01,5.847916752099990845e-02,5.847916752099990845e-02,2.708443999290466309e-01,9.607031196355819702e-02,3.146011754870414734e-02,3.146011754870414734e-02,1.158328447490930557e-02,1.875656545162200928e-01,3.861368000507354736e-01,3.861368000507354736e-01,4.428572952747344971e-01,5.033124685287475586e-01,1.887602448463439941e+00,1.887602448463439941e+00,2.286718368530273438e+00,1.389374494552612305e+00
1.230000000000000000e+02,3.418837070465087891e+00,3.418837070465087891e+00,3.727762222290039062e+00,2.710840463638305664e+00,2.987816333770751953e+00,2.987816333770751953e+00,3.453753471374511719e+00,2.084702014923095703e+00,1.163198471069335938e+00,1.163198471069335938e+00,1.793263316154479980e+00,5.743019580841064453e-01,5.156385898590087891e-02,5.156385898590087891e-02,2.656626403331756592e-01,9.407143294811248779e-02,3.293576836585998535e-02,3.293576836585998535e-02,1.135585736483335495e-02,1.854192912578582764e-01,3.934879899024963379e-01,3.934879899024963379e-01,4.617741405963897705e-01,5.041426420211791992e-01,1.924184322357177734e+00,1.924184322357177734e+00,2.339589357376098633e+00,1.413982868194580078e+00
1.240000000000000000e+02,3.442059755325317383e+00,3.442059755325317383e+00,3.759229660034179688e+00,2.725423574447631836e+00,2.989901304244995117e+00,2.989901304244995117e+00,3.459292411804199219e+00,2.069378614425659180e+00,1.137035369873046875e+00,1.137035369873046875e+00,1.772186636924743652e+00,5.502897500991821289e-01,4.605590924620628357e-02,4.605590924620628357e-02,2.601352334022521973e-01,9.188004583120346069e-02,3.427371010184288025e-02,3.427371010184288025e-02,1.180211734026670456e-02,1.863827854394912720e-01,4.026787281036376953e-01,4.026787281036376953e-01,4.801899790763854980e-01,5.045261383056640625e-01,1.924292206764221191e+00,1.924292206764221191e+00,2.388529777526855469e+00,1.438034296035766602e+00
1.250000000000000000e+02,3.468907356262207031e+00,3.468907356262207031e+00,3.790783405303955078e+00,2.740037202835083008e+00,2.983333110809326172e+00,2.983333110809326172e+00,3.460445880889892578e+00,2.052414178848266602e+00,1.117180228233337402e+00,1.117180228233337402e+00,1.750520825386047363e+00,5.265764594078063965e-01,4.587677866220474243e-02,4.587677866220474243e-02,2.549043595790863037e-01,9.018204361200332642e-02,3.605511784553527832e-02,3.605511784553527832e-02,1.340264827013015747e-02,1.860121786594390869e-01,4.184192419052124023e-01,4.184192419052124023e-01,4.984290897846221924e-01,5.046035051345825195e-01,2.004914999008178711e+00,2.004914999008178711e+00,2.436686277389526367e+00,1.461269855499267578e+00
1.260000000000000000e+02,3.492735147476196289e+00,3.492735147476196289e+00,3.820836067199707031e+00,2.753741025924682617e+00,2.975936651229858398e+00,2.975936651229858398e+00,3.459314107894897461e+00,2.034882307052612305e+00,1.096260428428649902e+00,1.096260428428649902e+00,1.728104233741760254e+00,5.054035186767578125e-01,4.541714116930961609e-02,4.541714116930961609e-02,2.490784823894500732e-01,8.868996798992156982e-02,3.762058541178703308e-02,3.762058541178703308e-02,1.425202842801809311e-02,1.852722167968750000e-01,4.336252808570861816e-01,4.336252808570861816e-01,5.179562568664550781e-01,5.042298436164855957e-01,2.047037124633789062e+00,2.047037124633789062e+00,2.481490850448608398e+00,1.484011530876159668e+00
1.270000000000000000e+02,3.511536598205566406e+00,3.511536598205566406e+00,3.850719451904296875e+00,2.767272710800170898e+00,2.967686653137207031e+00,2.967686653137207031e+00,3.461936950683593750e+00,2.016523361206054688e+00,1.073393821716308594e+00,1.073393821716308594e+00,1.703641891479492188e+00,4.872039258480072021e-01,4.605824127793312073e-02,4.605824127793312073e-02,2.426569610834121704e-01,8.718603849411010742e-02,4.000200331211090088e-02,4.000200331211090088e-02,1.507182512432336807e-02,1.840924322605133057e-01,4.483296871185302734e-01,4.483296871185302734e-01,5.398144125938415527e-01,5.044804811477661133e-01,2.089867115020751953e+00,2.089867115020751953e+00,2.529902219772338867e+00,1.506252169609069824e+00
1.280000000000000000e+02,3.537027835845947266e+00,3.537027835845947266e+00,3.877945899963378906e+00,2.774346351623535156e+00,2.957408428192138672e+00,2.957408428192138672e+00,3.460496425628662109e+00,1.996114134788513184e+00,1.048506259918212891e+00,1.048506259918212891e+00,1.649335145950317383e+00,4.719524979591369629e-01,4.653838649392127991e-02,4.653838649392127991e-02,2.356836646795272827e-01,8.558867871761322021e-02,4.106667265295982361e-02,4.106667265295982361e-02,1.563309878110885620e-02,1.831260472536087036e-01,4.626227319240570068e-01,4.626227319240570068e-01,5.613361001014709473e-01,5.065565109252929688e-01,2.132164716720581055e+00,2.132164716720581055e+00,2.575168371200561523e+00,1.527276396751403809e+00
1.290000000000000000e+02,3.557558059692382812e+00,3.557558059692382812e+00,3.903821706771850586e+00,2.789435148239135742e+00,2.947713136672973633e+00,2.947713136672973633e+00,3.457711458206176758e+00,1.975282669067382812e+00,1.024933576583862305e+00,1.024933576583862305e+00,1.655692219734191895e+00,4.559130072593688965e-01,4.681290313601493835e-02,4.681290313601493835e-02,2.282380461692810059e-01,8.389835804700851440e-02,4.447222501039505005e-02,4.447222501039505005e-02,1.678681559860706329e-02,1.817016005516052246e-01,4.765453338623046875e-01,4.765453338623046875e-01,5.881669521331787109e-01,5.080820918083190918e-01,2.173817634582519531e+00,2.173817634582519531e+00,2.620836019515991211e+00,1.548075079917907715e+00
1.300000000000000000e+02,3.575830459594726562e+00,3.575830459594726562e+00,3.928039312362670898e+00,2.798712968826293945e+00,2.935964822769165039e+00,2.935964822769165039e+00,3.452187061309814453e+00,1.953008174896240234e+00,9.989098310470581055e-01,9.989098310470581055e-01,1.630830764770507812e+00,4.390318989753723145e-01,4.688348621129989624e-02,4.688348621129989624e-02,2.201766371726989746e-01,8.201871067285537720e-02,4.732312262058258057e-02,4.732312262058258057e-02,1.757440157234668732e-02,1.800581812858581543e-01,4.898614883422851562e-01,4.898614883422851562e-01,6.169044971466064453e-01,5.091153979301452637e-01,2.215293407440185547e+00,2.215293407440185547e+00,2.666407823562622070e+00,1.567755341529846191e+00
1.310000000000000000e+02,3.592829704284667969e+00,3.592829704284667969e+00,3.950732946395874023e+00,2.806345701217651367e+00,2.920475959777832031e+00,2.920475959777832031e+00,3.444287061691284180e+00,1.929248690605163574e+00,9.719467759132385254e-01,9.719467759132385254e-01,1.605280876159667969e+00,4.220328927040100098e-01,4.671316593885421753e-02,4.671316593885421753e-02,2.116368114948272705e-01,8.001323789358139038e-02,4.929602146148681641e-02,4.929602146148681641e-02,1.754902675747871399e-02,1.784481406211853027e-01,5.025756359100341797e-01,5.025756359100341797e-01,6.453365087509155273e-01,5.098622441291809082e-01,2.255485773086547852e+00,2.255485773086547852e+00,2.710531473159790039e+00,1.586636781692504883e+00
1.320000000000000000e+02,3.608472108840942383e+00,3.608472108840942383e+00,3.971779346466064453e+00,2.813150644302368164e+00,2.905103445053100586e+00,2.905103445053100586e+00,3.436033725738525391e+00,1.905185699462890625e+00,9.433031678199768066e-01,9.433031678199768066e-01,1.577710628509521484e+00,4.042289853096008301e-01,4.633446410298347473e-02,4.633446410298347473e-02,2.024096548557281494e-01,7.784522324800491333e-02,5.098781362175941467e-02,5.098781362175941467e-02,1.969178579747676849e-02,1.768398731946945190e-01,5.147206783294677734e-01,5.147206783294677734e-01,6.731726527214050293e-01,5.100931525230407715e-01,2.294235467910766602e+00,2.294235467910766602e+00,2.753578424453735352e+00,1.604036808013916016e+00
1.330000000000000000e+02,3.621725797653198242e+00,3.621725797653198242e+00,3.990002155303955078e+00,2.818468570709228516e+00,2.888267755508422852e+00,2.888267755508422852e+00,3.426769733428955078e+00,1.880926132202148438e+00,9.136174321174621582e-01,9.136174321174621582e-01,1.548598170280456543e+00,3.881613612174987793e-01,4.571882262825965881e-02,4.571882262825965881e-02,1.928580254316329956e-01,7.573592662811279297e-02,5.238332226872444153e-02,5.238332226872444153e-02,2.078452706336975098e-02,1.748105585575103760e-01,5.262112617492675781e-01,5.262112617492675781e-01,7.015994787216186523e-01,5.098275542259216309e-01,2.333351612091064453e+00,2.333351612091064453e+00,2.795877695083618164e+00,1.621744155883789062e+00
1.340000000000000000e+02,3.634393215179443359e+00,3.634393215179443359e+00,4.009136676788330078e+00,2.822734355926513672e+00,2.862370014190673828e+00,2.862370014190673828e+00,3.413899660110473633e+00,1.855286359786987305e+00,8.772627711296081543e-01,8.772627711296081543e-01,1.519881486892700195e+00,3.773669600486755371e-01,4.488222301006317139e-02,4.488222301006317139e-02,1.827189773321151733e-01,7.403071224689483643e-02,5.194008350372314453e-02,5.194008350372314453e-02,2.205530554056167603e-02,1.726335436105728149e-01,5.368027687072753906e-01,5.368027687072753906e-01,7.289763689041137695e-01,5.090138912200927734e-01,2.370286226272583008e+00,2.370286226272583008e+00,2.836353302001953125e+00,1.637375593185424805e+00
1.350000000000000000e+02,3.645734071731567383e+00,3.645734071731567383e+00,4.023604393005371094e+00,2.826061964035034180e+00,2.848132133483886719e+00,2.848132133483886719e+00,3.401648283004760742e+00,1.829845905303955078e+00,8.512884974479675293e-01,8.512884974479675293e-01,1.489686369895935059e+00,3.659927248954772949e-01,4.383193701505661011e-02,4.383193701505661011e-02,1.722915917634963989e-01,7.250241190195083618e-02,5.428176745772361755e-02,5.428176745772361755e-02,2.389711886644363403e-02,1.702274382114410400e-01,5.472575426101684570e-01,5.472575426101684570e-01,7.653173208236694336e-01,5.077055692672729492e-01,2.406879901885986328e+00,2.406879901885986328e+00,2.877240657806396484e+00,1.652652859687805176e+00
1.360000000000000000e+02,3.652944326400756836e+00,3.652944326400756836e+00,4.038763523101806641e+00,2.832714796066284180e+00,2.827139377593994141e+00,2.827139377593994141e+00,3.386481046676635742e+00,1.808622598648071289e+00,8.301008939743041992e-01,8.301008939743041992e-01,1.458824515342712402e+00,3.608318269252777100e-01,4.424914345145225525e-02,4.424914345145225525e-02,1.595967710018157959e-01,7.103248685598373413e-02,5.578431859612464905e-02,5.578431859612464905e-02,2.636620216071605682e-02,1.720229089260101318e-01,5.666956901550292969e-01,5.666956901550292969e-01,8.005990982055664062e-01,5.101584196090698242e-01,2.444185495376586914e+00,2.444185495376586914e+00,2.918693304061889648e+00,1.673227787017822266e+00
1.370000000000000000e+02,3.664950847625732422e+00,3.664950847625732422e+00,4.053636074066162109e+00,2.838788986206054688e+00,2.806160926818847656e+00,2.806160926818847656e+00,3.371212959289550781e+00,1.787194728851318359e+00,8.078839778900146484e-01,8.078839778900146484e-01,1.427565217018127441e+00,3.545757234096527100e-01,4.485596343874931335e-02,4.485596343874931335e-02,1.525291204452514648e-01,8.155113458633422852e-02,5.702232569456100464e-02,5.702232569456100464e-02,2.883455157279968262e-02,1.736700534820556641e-01,5.854484438896179199e-01,5.854484438896179199e-01,8.354250788688659668e-01,5.170383453369140625e-01,2.479063987731933594e+00,2.479063987731933594e+00,2.958076953887939453e+00,1.694066047668457031e+00
1.380000000000000000e+02,3.671919107437133789e+00,3.671919107437133789e+00,4.065415382385253906e+00,2.842786550521850586e+00,2.783116340637207031e+00,2.783116340637207031e+00,3.354094982147216797e+00,1.764807939529418945e+00,7.846781015396118164e-01,7.846781015396118164e-01,1.398536682128906250e+00,3.486886918544769287e-01,4.514503106474876404e-02,4.514503106474876404e-02,1.447774469852447510e-01,8.582635223865509033e-02,5.799388140439987183e-02,5.799388140439987183e-02,3.122506290674209595e-02,1.742398738861083984e-01,6.034812331199645996e-01,6.034812331199645996e-01,8.696501851081848145e-01,5.238294601440429688e-01,2.513345718383789062e+00,2.513345718383789062e+00,2.995311737060546875e+00,1.714859247207641602e+00
1.390000000000000000e+02,3.677800178527832031e+00,3.677800178527832031e+00,4.075605869293212891e+00,2.845544099807739258e+00,2.758366107940673828e+00,2.758366107940673828e+00,3.334900379180908203e+00,1.740059375762939453e+00,7.605263590812683105e-01,7.605263590812683105e-01,1.368886947631835938e+00,3.417425453662872314e-01,4.539387673139572144e-02,4.539387673139572144e-02,1.374740600585937500e-01,9.003132581710815430e-02,5.869782343506813049e-02,5.869782343506813049e-02,3.344875574111938477e-02,1.758350878953933716e-01,6.207819581031799316e-01,6.207819581031799316e-01,9.032732248306274414e-01,5.300108194351196289e-01,2.546565055847167969e+00,2.546565055847167969e+00,3.032430648803710938e+00,1.734788179397583008e+00
1.400000000000000000e+02,3.682409524917602539e+00,3.682409524917602539e+00,4.080423355102539062e+00,2.847529888153076172e+00,2.731626510620117188e+00,2.731626510620117188e+00,3.313582181930541992e+00,1.717961788177490234e+00,7.354388833045959473e-01,7.354388833045959473e-01,1.340973377227783203e+00,3.341384530067443848e-01,4.480021446943283081e-02,4.480021446943283081e-02,1.295136064291000366e-01,9.406922012567520142e-02,5.913330242037773132e-02,5.913330242037773132e-02,3.602886199951171875e-02,1.766609847545623779e-01,6.373263001441955566e-01,6.373263001441955566e-01,9.361702203750610352e-01,5.358227491378784180e-01,2.558720111846923828e+00,2.558720111846923828e+00,3.069503784179687500e+00,1.753908753395080566e+00
1.410000000000000000e+02,3.683618783950805664e+00,3.683618783950805664e+00,4.090642929077148438e+00,2.847109556198120117e+00,2.704238176345825195e+00,2.704238176345825195e+00,3.292434215545654297e+00,1.693500638008117676e+00,7.094590663909912109e-01,7.094590663909912109e-01,1.311667919158935547e+00,3.277184665203094482e-01,4.392394423484802246e-02,4.392394423484802246e-02,1.215408742427825928e-01,9.790217876434326172e-02,5.929977446794509888e-02,5.929977446794509888e-02,3.933033347129821777e-02,1.774019747972488403e-01,6.530941128730773926e-01,6.530941128730773926e-01,9.686051011085510254e-01,5.412829518318176270e-01,2.609375000000000000e+00,2.609375000000000000e+00,3.103249073028564453e+00,1.771814942359924316e+00
1.420000000000000000e+02,3.684829711914062500e+00,3.684829711914062500e+00,4.094191551208496094e+00,2.846167087554931641e+00,2.675728082656860352e+00,2.675728082656860352e+00,3.268325328826904297e+00,1.668870568275451660e+00,6.826117634773254395e-01,6.826117634773254395e-01,1.280805110931396484e+00,3.227923810482025146e-01,4.333672299981117249e-02,4.333672299981117249e-02,1.114127859473228455e-01,1.015277877449989319e-01,5.909125506877899170e-02,5.909125506877899170e-02,4.241504520177841187e-02,1.778575628995895386e-01,6.680668592453002930e-01,6.680668592453002930e-01,1.000287294387817383e+00,5.466831922531127930e-01,2.638966798782348633e+00,2.638966798782348633e+00,3.136715412139892578e+00,1.789251565933227539e+00
1.430000000000000000e+02,3.685882329940795898e+00,3.685882329940795898e+00,4.098009109497070312e+00,2.845386266708374023e+00,2.645244121551513672e+00,2.645244121551513672e+00,3.244702100753784180e+00,1.642075061798095703e+00,6.551761627197265625e-01,6.551761627197265625e-01,1.249678015708923340e+00,3.191398084163665771e-01,4.216849803924560547e-02,4.216849803924560547e-02,1.045589447021484375e-01,1.052779108285903931e-01,5.912495404481887817e-02,5.912495404481887817e-02,4.544402658939361572e-02,1.779583841562271118e-01,6.823147535324096680e-01,6.823147535324096680e-01,1.031951308250427246e+00,5.525919795036315918e-01,2.667919635772705078e+00,2.667919635772705078e+00,3.169932365417480469e+00,1.808350563049316406e+00
1.440000000000000000e+02,3.683329105377197266e+00,3.683329105377197266e+00,4.068167209625244141e+00,2.842610597610473633e+00,2.616377115249633789e+00,2.616377115249633789e+00,3.219668626785278320e+00,1.616674661636352539e+00,6.253132820129394531e-01,6.253132820129394531e-01,1.219019889831542969e+00,3.165154159069061279e-01,4.120886698365211487e-02,4.120886698365211487e-02,9.582509845495223999e-02,1.090034618973731995e-01,5.907063186168670654e-02,5.907063186168670654e-02,4.839952290058135986e-02,1.762018948793411255e-01,6.923180818557739258e-01,6.923180818557739258e-01,1.067965507507324219e+00,5.591342449188232422e-01,2.694869995117187500e+00,2.694869995117187500e+00,3.200739860534667969e+00,1.830240845680236816e+00
1.450000000000000000e+02,3.681270122528076172e+00,3.681270122528076172e+00,4.100576877593994141e+00,2.838440418243408203e+00,2.586046457290649414e+00,2.586046457290649414e+00,3.192396640777587891e+00,1.588946580886840820e+00,5.985367298126220703e-01,5.985367298126220703e-01,1.172778844833374023e+00,3.134205639362335205e-01,4.011287167668342590e-02,4.011287167668342590e-02,8.897047489881515503e-02,1.124871000647544861e-01,6.142383441329002380e-02,6.142383441329002380e-02,5.114313215017318726e-02,1.772032082080841064e-01,7.084809541702270508e-01,7.084809541702270508e-01,1.099798440933227539e+00,5.671245455741882324e-01,2.719856977462768555e+00,2.719856977462768555e+00,3.230365276336669922e+00,1.852131247520446777e+00
1.460000000000000000e+02,3.676609754562377930e+00,3.676609754562377930e+00,4.096901893615722656e+00,2.833119153976440430e+00,2.555786848068237305e+00,2.555786848068237305e+00,3.163813114166259766e+00,1.561413526535034180e+00,5.690839886665344238e-01,5.690839886665344238e-01,1.160933494567871094e+00,3.099295794963836670e-01,3.921802341938018799e-02,3.921802341938018799e-02,8.664664626121520996e-02,1.157964244484901428e-01,6.284719705581665039e-02,6.284719705581665039e-02,5.367110669612884521e-02,1.764441579580307007e-01,7.202770113945007324e-01,7.202770113945007324e-01,1.132873296737670898e+00,5.759603381156921387e-01,2.744799852371215820e+00,2.744799852371215820e+00,3.257541179656982422e+00,1.873297572135925293e+00
1.470000000000000000e+02,3.669128179550170898e+00,3.669128179550170898e+00,4.092800140380859375e+00,2.825718879699707031e+00,2.524747848510742188e+00,2.524747848510742188e+00,3.134515285491943359e+00,1.533065795898437500e+00,5.541786551475524902e-01,5.541786551475524902e-01,1.133727788925170898e+00,3.065492808818817139e-01,3.979603201150894165e-02,3.979603201150894165e-02,8.589868992567062378e-02,1.142168343067169189e-01,6.473712623119354248e-02,6.473712623119354248e-02,5.617794021964073181e-02,1.759131103754043579e-01,7.458596229553222656e-01,7.458596229553222656e-01,1.174304962158203125e+00,5.839508175849914551e-01,2.769716978073120117e+00,2.769716978073120117e+00,3.285338401794433594e+00,1.893598318099975586e+00
1.480000000000000000e+02,3.663163661956787109e+00,3.663163661956787109e+00,4.091458797454833984e+00,2.818900108337402344e+00,2.492441415786743164e+00,2.492441415786743164e+00,3.103758573532104492e+00,1.504164814949035645e+00,5.437272191047668457e-01,5.437272191047668457e-01,1.106485366821289062e+00,3.064499199390411377e-01,4.086198285222053528e-02,4.086198285222053528e-02,8.404665440320968628e-02,1.226405054330825806e-01,6.651861220598220825e-02,6.651861220598220825e-02,5.844340473413467407e-02,1.750821471214294434e-01,7.754213809967041016e-01,7.754213809967041016e-01,1.207894206047058105e+00,5.916280746459960938e-01,2.793999910354614258e+00,2.793999910354614258e+00,3.309565782546997070e+00,1.913603186607360840e+00
1.490000000000000000e+02,3.653466463088989258e+00,3.653466463088989258e+00,4.081372737884521484e+00,2.802022218704223633e+00,2.459470748901367188e+00,2.459470748901367188e+00,3.072411060333251953e+00,1.475254297256469727e+00,5.325258970260620117e-01,5.325258970260620117e-01,1.078055381774902344e+00,3.071299195289611816e-01,4.165573790669441223e-02,4.165573790669441223e-02,8.407649397850036621e-02,1.257684528827667236e-01,6.788823008537292480e-02,6.788823008537292480e-02,6.061321496963500977e-02,1.745556443929672241e-01,8.040387034416198730e-01,8.040387034416198730e-01,1.241183519363403320e+00,5.965345501899719238e-01,2.817626476287841797e+00,2.817626476287841797e+00,3.334503173828125000e+00,1.931752800941467285e+00
1.500000000000000000e+02,3.644459724426269531e+00,3.644459724426269531e+00,4.075522899627685547e+00,2.800260543823242188e+00,2.425322294235229492e+00,2.425322294235229492e+00,3.035502433776855469e+00,1.447022557258605957e+00,5.207323431968688965e-01,5.207323431968688965e-01,1.049125194549560547e+00,3.074799180030822754e-01,4.221516475081443787e-02,4.221516475081443787e-02,8.281522989273071289e-02,1.289906650781631470e-01,6.886757165193557739e-02,6.886757165193557739e-02,6.262781471014022827e-02,1.736931800842285156e-01,8.316761255264282227e-01,8.316761255264282227e-01,1.276936411857604980e+00,6.041647195816040039e-01,2.837594509124755859e+00,2.837594509124755859e+00,3.355572700500488281e+00,1.947815656661987305e+00
1.510000000000000000e+02,3.629301786422729492e+00,3.629301786422729492e+00,4.067439556121826172e+00,2.789167881011962891e+00,2.390281200408935547e+00,2.390281200408935547e+00,3.007761955261230469e+00,1.418202877044677734e+00,5.082643628120422363e-01,5.082643628120422363e-01,1.019457817077636719e+00,3.075924217700958252e-01,4.122409224510192871e-02,4.122409224510192871e-02,8.130481094121932983e-02,1.319426894187927246e-01,6.947471201419830322e-02,6.947471201419830322e-02,6.493829190731048584e-02,1.724002063274383545e-01,8.544272184371948242e-01,8.544272184371948242e-01,1.312925815582275391e+00,6.098012924194335938e-01,2.855943918228149414e+00,2.855943918228149414e+00,3.377761125564575195e+00,1.963878989219665527e+00
1.520000000000000000e+02,3.618774890899658203e+00,3.618774890899658203e+00,4.055048942565917969e+00,2.776789188385009766e+00,2.354081153869628906e+00,2.354081153869628906e+00,2.974400997161865234e+00,1.388600111007690430e+00,4.952965974807739258e-01,4.952965974807739258e-01,9.897121787071228027e-01,3.072568178176879883e-01,4.405647143721580505e-02,4.405647143721580505e-02,7.956103980541229248e-02,1.348254531621932983e-01,6.999464333057403564e-02,6.999464333057403564e-02,6.853765249252319336e-02,1.708014458417892456e-01,8.838787674903869629e-01,8.838787674903869629e-01,1.237447142601013184e+00,6.142876744270324707e-01,2.878401279449462891e+00,2.878401279449462891e+00,3.397150039672851562e+00,1.979210138320922852e+00
1.530000000000000000e+02,3.605477333068847656e+00,3.605477333068847656e+00,4.043274402618408203e+00,2.764101266860961914e+00,2.317186594009399414e+00,2.317186594009399414e+00,2.938170433044433594e+00,1.363248467445373535e+00,4.816471040248870850e-01,4.816471040248870850e-01,9.590127468109130859e-01,3.065706789493560791e-01,4.474552720785140991e-02,4.474552720785140991e-02,7.734018564224243164e-02,1.375761330127716064e-01,6.998503208160400391e-02,6.998503208160400391e-02,7.351642102003097534e-02,1.687380671501159668e-01,9.083807468414306641e-01,9.083807468414306641e-01,1.382022738456726074e+00,6.175353527069091797e-01,2.896277189254760742e+00,2.896277189254760742e+00,3.414753437042236328e+00,1.992825627326965332e+00
1.540000000000000000e+02,3.589910268783569336e+00,3.589910268783569336e+00,4.029030323028564453e+00,2.750078678131103516e+00,2.280418157577514648e+00,2.280418157577514648e+00,2.902763843536376953e+00,1.333071827888488770e+00,4.725466370582580566e-01,4.725466370582580566e-01,9.295439720153808594e-01,3.071435093879699707e-01,4.642789065837860107e-02,4.642789065837860107e-02,7.671135663986206055e-02,1.410823464393615723e-01,6.982910633087158203e-02,6.982910633087158203e-02,7.938980311155319214e-02,1.667475849390029907e-01,9.355006217956542969e-01,9.355006217956542969e-01,1.415488958358764648e+00,6.214230060577392578e-01,2.911500930786132812e+00,2.911500930786132812e+00,3.430506229400634766e+00,2.004766225814819336e+00
1.550000000000000000e+02,3.572968482971191406e+00,3.572968482971191406e+00,4.013104438781738281e+00,2.734830141067504883e+00,2.243515253067016602e+00,2.243515253067016602e+00,2.867279767990112305e+00,1.310291051864624023e+00,4.628012180328369141e-01,4.628012180328369141e-01,8.998595476150512695e-01,3.074474334716796875e-01,4.776306077837944031e-02,4.776306077837944031e-02,7.555226981639862061e-02,1.446507424116134644e-01,6.940266489982604980e-02,6.940266489982604980e-02,8.515351265668869019e-02,1.645617038011550903e-01,9.614806175231933594e-01,9.614806175231933594e-01,1.447907090187072754e+00,6.240527629852294922e-01,2.927256107330322266e+00,2.927256107330322266e+00,3.446356534957885742e+00,2.017125368118286133e+00
1.560000000000000000e+02,3.554461002349853516e+00,3.554461002349853516e+00,3.993913650512695312e+00,2.717882871627807617e+00,2.100015640258789062e+00,2.100015640258789062e+00,2.830390691757202148e+00,1.288191676139831543e+00,4.526275694370269775e-01,4.526275694370269775e-01,8.695126771926879883e-01,3.076255321502685547e-01,4.912222921848297119e-02,4.912222921848297119e-02,7.430364936590194702e-02,1.481904685497283936e-01,6.851507723331451416e-02,6.851507723331451416e-02,9.093599766492843628e-02,1.623193472623825073e-01,9.862896800041198730e-01,9.862896800041198730e-01,1.479244351387023926e+00,6.259043216705322266e-01,2.940432548522949219e+00,2.940432548522949219e+00,3.460397005081176758e+00,2.028138637542724609e+00
1.570000000000000000e+02,3.534978151321411133e+00,3.534978151321411133e+00,3.975767850875854492e+00,2.700402975082397461e+00,2.165783882141113281e+00,2.165783882141113281e+00,2.792554616928100586e+00,1.266415238380432129e+00,4.418548047542572021e-01,4.418548047542572021e-01,8.390409350395202637e-01,3.103696703910827637e-01,4.995596036314964294e-02,4.995596036314964294e-02,7.336416095495223999e-02,1.514467149972915649e-01,6.723110377788543701e-02,6.723110377788543701e-02,9.928944706916809082e-02,1.596998870372772217e-01,1.009896636009216309e+00,1.009896636009216309e+00,1.509436607360839844e+00,6.269761919975280762e-01,2.951143264770507812e+00,2.951143264770507812e+00,3.471066474914550781e+00,2.038037776947021484e+00
1.580000000000000000e+02,3.515734434127807617e+00,3.515734434127807617e+00,3.955951452255249023e+00,2.684763908386230469e+00,2.127122879028320312e+00,2.127122879028320312e+00,2.754523038864135742e+00,1.247252821922302246e+00,4.323121905326843262e-01,4.323121905326843262e-01,8.085755109786987305e-01,3.156418204307556152e-01,5.196749418973922729e-02,5.196749418973922729e-02,7.229723036289215088e-02,1.570254862308502197e-01,6.691259890794754028e-02,6.691259890794754028e-02,1.045474857091903687e-01,1.585441976785659790e-01,1.025275945663452148e+00,1.025275945663452148e+00,1.538570404052734375e+00,6.254183650016784668e-01,2.962106466293334961e+00,2.962106466293334961e+00,3.483067035675048828e+00,2.047386407852172852e+00
1.590000000000000000e+02,3.493878841400146484e+00,3.493878841400146484e+00,3.934733390808105469e+00,2.668984651565551758e+00,2.090049266815185547e+00,2.090049266815185547e+00,2.715037345886230469e+00,1.229811549186706543e+00,4.242882132530212402e-01,4.242882132530212402e-01,7.785930037498474121e-01,3.234113156795501709e-01,5.503878742456436157e-02,5.503878742456436157e-02,7.161860913038253784e-02,1.648063510656356812e-01,6.758189201354980469e-02,6.758189201354980469e-02,1.228333413600921631e-01,1.593440324068069458e-01,1.057239055633544922e+00,1.057239055633544922e+00,1.573455572128295898e+00,6.376789808273315430e-01,2.972380876541137695e+00,2.972380876541137695e+00,3.490095853805541992e+00,2.059075832366943359e+00
1.600000000000000000e+02,3.470319509506225586e+00,3.470319509506225586e+00,3.910445690155029297e+00,2.651587963104248047e+00,2.052459001541137695e+00,2.052459001541137695e+00,2.676558971405029297e+00,1.212321400642395020e+00,4.157381057739257812e-01,4.157381057739257812e-01,7.499994635581970215e-01,3.316426277160644531e-01,5.747338384389877319e-02,5.747338384389877319e-02,7.021915912628173828e-02,1.722003817558288574e-01,6.788232177495956421e-02,6.788232177495956421e-02,1.339641809463500977e-01,1.584515273571014404e-01,1.079620480537414551e+00,1.079620480537414551e+00,1.603868365287780762e+00,6.505412459373474121e-01,2.980743169784545898e+00,2.980743169784545898e+00,3.498440742492675781e+00,2.069746971130371094e+00
1.610000000000000000e+02,3.429830551147460938e+00,3.429830551147460938e+00,3.886976480484008789e+00,2.634725570678710938e+00,2.014235258102416992e+00,2.014235258102416992e+00,2.636467456817626953e+00,1.194307804107666016e+00,4.065777659416198730e-01,4.065777659416198730e-01,7.284880280494689941e-01,3.403550982475280762e-01,6.009267643094062805e-02,6.009267643094062805e-02,7.138469815254211426e-02,1.792966425418853760e-01,6.781898438930511475e-02,6.781898438930511475e-02,1.447181105613708496e-01,1.601503491401672363e-01,1.101051807403564453e+00,1.101051807403564453e+00,1.634323120117187500e+00,6.624264717102050781e-01,2.988998174667358398e+00,2.988998174667358398e+00,3.505410671234130859e+00,2.079806327819824219e+00
1.620000000000000000e+02,3.421890974044799805e+00,3.421890974044799805e+00,3.859825611114501953e+00,2.616054534912109375e+00,1.975907087326049805e+00,1.975907087326049805e+00,2.596772432327270508e+00,1.175776958465576172e+00,3.969919681549072266e-01,3.969919681549072266e-01,7.074126005172729492e-01,3.487724065780639648e-01,6.207343563437461853e-02,6.207343563437461853e-02,7.066081464290618896e-02,1.863654255867004395e-01,6.724752485752105713e-02,6.724752485752105713e-02,1.547573655843734741e-01,1.602022945880889893e-01,1.120482206344604492e+00,1.120482206344604492e+00,1.663305401802062988e+00,6.736809015274047852e-01,2.994215011596679688e+00,2.994215011596679688e+00,3.509181976318359375e+00,2.087656736373901367e+00
1.630000000000000000e+02,3.396522521972656250e+00,3.396522521972656250e+00,3.803898811340332031e+00,2.597538232803344727e+00,1.939941525459289551e+00,1.939941525459289551e+00,2.555351734161376953e+00,1.156471848487854004e+00,3.869747519493103027e-01,3.869747519493103027e-01,6.860932707786560059e-01,3.570400476455688477e-01,6.350729614496231079e-02,6.350729614496231079e-02,7.008409500122070312e-02,1.928711235523223877e-01,7.004100829362869263e-02,7.004100829362869263e-02,1.642538607120513916e-01,1.599626094102859497e-01,1.139219999313354492e+00,1.139219999313354492e+00,1.692028999328613281e+00,6.844693422317504883e-01,2.991775274276733398e+00,2.991775274276733398e+00,3.511526346206665039e+00,2.094475984573364258e+00
1.640000000000000000e+02,3.369422674179077148e+00,3.369422674179077148e+00,3.803649902343750000e+00,2.577514410018920898e+00,1.904096484184265137e+00,1.904096484184265137e+00,2.514685153961181641e+00,1.137167692184448242e+00,3.761018216609954834e-01,3.761018216609954834e-01,6.655793786048889160e-01,3.648388385772705078e-01,6.543079018592834473e-02,6.543079018592834473e-02,6.928511708974838257e-02,1.991333961486816406e-01,7.221323251724243164e-02,7.221323251724243164e-02,1.730298846960067749e-01,1.593087017536163330e-01,1.153123617172241211e+00,1.153123617172241211e+00,1.718829035758972168e+00,6.964075565338134766e-01,2.998400211334228516e+00,2.998400211334228516e+00,3.508895397186279297e+00,2.099350214004516602e+00
1.650000000000000000e+02,3.342860698699951172e+00,3.342860698699951172e+00,3.775444030761718750e+00,2.557771921157836914e+00,1.867039680480957031e+00,1.867039680480957031e+00,2.472251415252685547e+00,1.117091059684753418e+00,3.653698861598968506e-01,3.653698861598968506e-01,6.463224291801452637e-01,3.722518384456634521e-01,6.671228259801864624e-02,6.671228259801864624e-02,6.804683804512023926e-02,2.050913721323013306e-01,7.389100641012191772e-02,7.389100641012191772e-02,1.811368912458419800e-01,1.581998467445373535e-01,1.171448349952697754e+00,1.171448349952697754e+00,1.743742704391479492e+00,7.131045460700988770e-01,2.999050140380859375e+00,2.999050140380859375e+00,3.509552001953125000e+00,2.103506803512573242e+00
1.660000000000000000e+02,3.314119815826416016e+00,3.314119815826416016e+00,3.741508245468139648e+00,2.537201642990112305e+00,1.831121921539306641e+00,1.831121921539306641e+00,2.430489063262939453e+00,1.098018407821655273e+00,3.601610660552978516e-01,3.601610660552978516e-01,6.271765828132629395e-01,3.808099329471588135e-01,6.846897304058074951e-02,6.846897304058074951e-02,6.675730645656585693e-02,2.119632065296173096e-01,7.598395645618438721e-02,7.598395645618438721e-02,1.888438612222671509e-01,1.582323014736175537e-01,1.191986560821533203e+00,1.191986560821533203e+00,1.768283486366271973e+00,7.323579192161560059e-01,2.999835729598999023e+00,2.999835729598999023e+00,3.506832122802734375e+00,2.108799695968627930e+00
1.670000000000000000e+02,3.283881664276123047e+00,3.283881664276123047e+00,3.711822032928466797e+00,2.516010046005249023e+00,1.793959140777587891e+00,1.793959140777587891e+00,2.387293577194213867e+00,1.032826423645019531e+00,3.546306788921356201e-01,3.546306788921356201e-01,6.150256991386413574e-01,3.891477584838867188e-01,6.981501728296279907e-02,6.981501728296279907e-02,6.540919840335845947e-02,2.184098809957504272e-01,7.761338353157043457e-02,7.761338353157043457e-02,1.958548724651336670e-01,1.583502888679504395e-01,1.211542248725891113e+00,1.211542248725891113e+00,1.782661557197570801e+00,7.511300444602966309e-01,2.997471570968627930e+00,2.997471570968627930e+00,3.503793001174926758e+00,2.112746000289916992e+00
1.680000000000000000e+02,3.249771595001220703e+00,3.249771595001220703e+00,3.677594900131225586e+00,2.494681358337402344e+00,1.757010698318481445e+00,1.757010698318481445e+00,2.345141172409057617e+00,1.058521628379821777e+00,3.485594689846038818e-01,3.485594689846038818e-01,6.027843356132507324e-01,3.970932662487030029e-01,7.104765623807907104e-02,7.104765623807907104e-02,6.390226632356643677e-02,2.245048433542251587e-01,7.877846807241439819e-02,7.877846807241439819e-02,2.023157328367233276e-01,1.584436744451522827e-01,1.228756666183471680e+00,1.228756666183471680e+00,1.811722278594970703e+00,7.682705521583557129e-01,2.994744300842285156e+00,2.994744300842285156e+00,3.497082233428955078e+00,2.114229917526245117e+00
1.690000000000000000e+02,3.223065376281738281e+00,3.223065376281738281e+00,3.644491672515869141e+00,2.473439931869506836e+00,1.721557974815368652e+00,1.721557974815368652e+00,2.302411317825317383e+00,1.038644313812255859e+00,3.447447717189788818e-01,3.447447717189788818e-01,5.904054045677185059e-01,4.047551155090332031e-01,7.196933031082153320e-02,7.196933031082153320e-02,6.346607953310012817e-02,2.304505109786987305e-01,8.122536540031433105e-02,8.122536540031433105e-02,2.081411927938461304e-01,1.583199501037597656e-01,1.205808997154235840e+00,1.205808997154235840e+00,1.833183765411376953e+00,7.844945788383483887e-01,2.985681056976318359e+00,2.985681056976318359e+00,3.488296985626220703e+00,2.116919517517089844e+00
1.700000000000000000e+02,3.190443038940429688e+00,3.190443038940429688e+00,3.607850790023803711e+00,2.450489521026611328e+00,1.691156268119812012e+00,1.691156268119812012e+00,2.259878873825073242e+00,1.019845962524414062e+00,3.486802279949188232e-01,3.486802279949188232e-01,5.786651968955993652e-01,4.135904610157012939e-01,7.392854988574981689e-02,7.392854988574981689e-02,6.311015784740447998e-02,2.366929501295089722e-01,8.838051557540893555e-02,8.838051557540893555e-02,2.136275023221969604e-01,1.584109067916870117e-01,1.272578835487365723e+00,1.272578835487365723e+00,1.853039741516113281e+00,8.000426292419433594e-01,2.982764720916748047e+00,2.982764720916748047e+00,3.480282545089721680e+00,2.118566274642944336e+00
1.710000000000000000e+02,3.157974243164062500e+00,3.157974243164062500e+00,3.571770191192626953e+00,2.427903652191162109e+00,1.660686254501342773e+00,1.660686254501342773e+00,2.217757463455200195e+00,1.003606319427490234e+00,3.521818816661834717e-01,3.521818816661834717e-01,5.665709376335144043e-01,4.230928421020507812e-01,7.540658861398696899e-02,7.540658861398696899e-02,6.301613152027130127e-02,2.427808195352554321e-01,9.483851492404937744e-02,9.483851492404937744e-02,2.198083847761154175e-01,1.581499576568603516e-01,1.296107530593872070e+00,1.296107530593872070e+00,1.869468331336975098e+00,8.146204352378845215e-01,2.975485563278198242e+00,2.975485563278198242e+00,3.467978954315185547e+00,2.118539333343505859e+00
1.720000000000000000e+02,3.125070095062255859e+00,3.125070095062255859e+00,3.534860610961914062e+00,2.404861450195312500e+00,1.628016948699951172e+00,1.628016948699951172e+00,2.176167249679565430e+00,9.920415878295898438e-01,3.589961528778076172e-01,3.589961528778076172e-01,5.559315681457519531e-01,4.341388344764709473e-01,7.722893357276916504e-02,7.722893357276916504e-02,6.368234008550643921e-02,2.484066933393478394e-01,1.017061918973922729e-01,1.017061918973922729e-01,2.284815162420272827e-01,1.591892391443252563e-01,1.321396350860595703e+00,1.321396350860595703e+00,1.888388037681579590e+00,8.295221328735351562e-01,2.968199014663696289e+00,2.968199014663696289e+00,3.457485675811767578e+00,2.118921041488647461e+00
1.730000000000000000e+02,3.090400934219360352e+00,3.090400934219360352e+00,3.495337486267089844e+00,2.380326747894287109e+00,1.599930524826049805e+00,1.599930524826049805e+00,2.098178386688232422e+00,9.839938282966613770e-01,3.657987713813781738e-01,3.657987713813781738e-01,5.453023314476013184e-01,4.452387988567352295e-01,7.837467640638351440e-02,7.837467640638351440e-02,6.456466764211654663e-02,2.550954818725585938e-01,1.083247512578964233e-01,1.083247512578964233e-01,2.367554903030395508e-01,1.614331007003784180e-01,1.345628976821899414e+00,1.345628976821899414e+00,1.905140161514282227e+00,8.431863188743591309e-01,2.958258390426635742e+00,2.958258390426635742e+00,3.444390296936035156e+00,2.118567943572998047e+00
1.740000000000000000e+02,3.056220054626464844e+00,3.056220054626464844e+00,3.457762479782104492e+00,2.356762170791625977e+00,1.571503639221191406e+00,1.571503639221191406e+00,2.095430374145507812e+00,9.759668707847595215e-01,3.725903034210205078e-01,3.725903034210205078e-01,5.348618030548095703e-01,4.563426375389099121e-01,8.210274577140808105e-02,8.210274577140808105e-02,6.563200056552886963e-02,2.614374756813049316e-01,1.147279068827629089e-01,1.147279068827629089e-01,2.499359101057052612e-01,1.635525375604629517e-01,1.368681669235229492e+00,1.368681669235229492e+00,1.922100424766540527e+00,8.566066026687622070e-01,2.948595523834228516e+00,2.948595523834228516e+00,3.430079936981201172e+00,2.117384433746337891e+00
1.750000000000000000e+02,3.021656751632690430e+00,3.021656751632690430e+00,3.418003559112548828e+00,2.332122802734375000e+00,1.540096282958984375e+00,1.540096282958984375e+00,2.056393623352050781e+00,9.675359725952148438e-01,3.790114521980285645e-01,3.790114521980285645e-01,5.239654183387756348e-01,4.664385020732879639e-01,8.381023257970809937e-02,8.381023257970809937e-02,6.679584085941314697e-02,2.686176300048828125e-01,1.204528659582138062e-01,1.204528659582138062e-01,2.643505632877349854e-01,1.652715355157852173e-01,1.390560388565063477e+00,1.390560388565063477e+00,1.938037037849426270e+00,8.684458732604980469e-01,2.935884952545166016e+00,2.935884952545166016e+00,3.413856506347656250e+00,2.114880561828613281e+00
1.760000000000000000e+02,2.985637664794921875e+00,2.985637664794921875e+00,3.376282930374145508e+00,2.306515932083129883e+00,1.511124014854431152e+00,1.511124014854431152e+00,2.017206668853759766e+00,9.594701528549194336e-01,3.848750591278076172e-01,3.848750591278076172e-01,5.128817558288574219e-01,4.774117469787597656e-01,8.497051894664764404e-02,8.497051894664764404e-02,6.802162528038024902e-02,2.744477391242980957e-01,1.255243271589279175e-01,1.255243271589279175e-01,2.779576778411865234e-01,1.667695939540863037e-01,1.410263538360595703e+00,1.410263538360595703e+00,1.951731443405151367e+00,8.790863156318664551e-01,2.921573638916015625e+00,2.921573638916015625e+00,3.395773410797119141e+00,2.107610940933227539e+00
1.770000000000000000e+02,2.949600934982299805e+00,2.949600934982299805e+00,3.334939956665039062e+00,2.281254291534423828e+00,1.482068061828613281e+00,1.482068061828613281e+00,1.977161526679992676e+00,9.510858654975891113e-01,3.903188407421112061e-01,3.903188407421112061e-01,5.012874603271484375e-01,4.873411357402801514e-01,8.558624237775802612e-02,8.558624237775802612e-02,6.896393746137619019e-02,2.797197103500366211e-01,1.299120187759399414e-01,1.299120187759399414e-01,2.905137240886688232e-01,1.675834804773330688e-01,1.427676081657409668e+00,1.427676081657409668e+00,1.963391065597534180e+00,8.880391120910644531e-01,2.905594825744628906e+00,2.905594825744628906e+00,3.372935056686401367e+00,2.097779989242553711e+00
1.780000000000000000e+02,2.913756370544433594e+00,2.913756370544433594e+00,3.293225049972534180e+00,2.256054639816284180e+00,1.451958775520324707e+00,1.451958775520324707e+00,1.936351656913757324e+00,9.446259737014770508e-01,3.952206969261169434e-01,3.952206969261169434e-01,4.896687865257263184e-01,4.971718788146972656e-01,8.585207909345626831e-02,8.585207909345626831e-02,6.962142884731292725e-02,2.838907241821289062e-01,1.336186975240707397e-01,1.336186975240707397e-01,3.030751943588256836e-01,1.685239970684051514e-01,1.444458007812500000e+00,1.444458007812500000e+00,1.973698973655700684e+00,8.966394066810607910e-01,2.887222528457641602e+00,2.887222528457641602e+00,3.351635217666625977e+00,2.099663019180297852e+00
1.790000000000000000e+02,2.873954057693481445e+00,2.873954057693481445e+00,3.244796037673950195e+00,2.229763984680175781e+00,1.412131190299987793e+00,1.412131190299987793e+00,1.897799849510192871e+00,9.430267214775085449e-01,3.996857702732086182e-01,3.996857702732086182e-01,4.776038527488708496e-01,5.076119899749755859e-01,8.564902842044830322e-02,8.564902842044830322e-02,7.001621276140213013e-02,2.892592847347259521e-01,1.366397440433502197e-01,1.366397440433502197e-01,3.141906261444091797e-01,1.687613576650619507e-01,1.458348870277404785e+00,1.458348870277404785e+00,1.981470584869384766e+00,9.029169082641601562e-01,2.867858409881591797e+00,2.867858409881591797e+00,3.330911159515380859e+00,2.092097759246826172e+00
1.800000000000000000e+02,2.839896678924560547e+00,2.839896678924560547e+00,3.207110643386840820e+00,2.204057931900024414e+00,1.391888141632080078e+00,1.391888141632080078e+00,1.858520984649658203e+00,9.411866664886474609e-01,4.037118554115295410e-01,4.037118554115295410e-01,4.655948877334594727e-01,5.181707143783569336e-01,8.492092043161392212e-02,8.492092043161392212e-02,7.011365145444869995e-02,2.934485673904418945e-01,1.389721632003784180e-01,1.389721632003784180e-01,3.323879837989807129e-01,1.686732172966003418e-01,1.471019744873046875e+00,1.471019744873046875e+00,1.989286065101623535e+00,9.086921215057373047e-01,2.847024917602539062e+00,2.847024917602539062e+00,3.306553125381469727e+00,2.083859920501708984e+00
1.810000000000000000e+02,2.801831245422363281e+00,2.801831245422363281e+00,3.160567760467529297e+00,2.177890777587890625e+00,1.367822051048278809e+00,1.367822051048278809e+00,1.818687915802001953e+00,9.391478896141052246e-01,4.064629673957824707e-01,4.064629673957824707e-01,4.490699172019958496e-01,5.239062309265136719e-01,8.589266985654830933e-02,8.589266985654830933e-02,6.991413235664367676e-02,2.956253290176391602e-01,1.465331017971038818e-01,1.465331017971038818e-01,3.487371504306793213e-01,1.681556701660156250e-01,1.482510805130004883e+00,1.482510805130004883e+00,1.996955394744873047e+00,9.150538444519042969e-01,2.827043056488037109e+00,2.827043056488037109e+00,3.280923604965209961e+00,2.074228286743164062e+00
1.820000000000000000e+02,2.764821529388427734e+00,2.764821529388427734e+00,3.118279218673706055e+00,2.152365446090698242e+00,1.343550205230712891e+00,1.343550205230712891e+00,1.779487848281860352e+00,9.365497231483459473e-01,4.095970094203948975e-01,4.095970094203948975e-01,4.417602419853210449e-01,5.375343561172485352e-01,8.645821362733840942e-02,8.645821362733840942e-02,6.933095306158065796e-02,3.004328012466430664e-01,1.531829237937927246e-01,1.531829237937927246e-01,3.639717400074005127e-01,1.699224710464477539e-01,1.491087555885314941e+00,1.491087555885314941e+00,2.001858711242675781e+00,9.217972755432128906e-01,2.805629730224609375e+00,2.805629730224609375e+00,3.254463911056518555e+00,2.064684152603149414e+00
1.830000000000000000e+02,2.727207899093627930e+00,2.727207899093627930e+00,3.071650505065917969e+00,2.126141071319580078e+00,1.319150328636169434e+00,1.319150328636169434e+00,1.742005348205566406e+00,9.339159131050109863e-01,4.121450185775756836e-01,4.121450185775756836e-01,4.326752722263336182e-01,5.469022393226623535e-01,8.481666445732116699e-02,8.481666445732116699e-02,6.893946230411529541e-02,3.024739623069763184e-01,1.589131802320480347e-01,1.589131802320480347e-01,3.779827356338500977e-01,1.714106947183609009e-01,1.498257040977478027e+00,1.498257040977478027e+00,2.004103899002075195e+00,9.281497001647949219e-01,2.782356023788452148e+00,2.782356023788452148e+00,3.225340366363525391e+00,2.053455114364624023e+00
1.840000000000000000e+02,2.689080238342285156e+00,2.689080238342285156e+00,3.027492523193359375e+00,2.100028753280639648e+00,1.294667720794677734e+00,1.294667720794677734e+00,1.704518556594848633e+00,9.308999776840209961e-01,4.146098196506500244e-01,4.146098196506500244e-01,4.243434965610504150e-01,5.557577610015869141e-01,8.629757165908813477e-02,8.629757165908813477e-02,6.841573119163513184e-02,3.053653240203857422e-01,1.637163013219833374e-01,1.637163013219833374e-01,3.907792866230010986e-01,1.723293811082839966e-01,1.503697872161865234e+00,1.503697872161865234e+00,2.005404472351074219e+00,9.333775043487548828e-01,2.757728099822998047e+00,2.757728099822998047e+00,3.194775342941284180e+00,2.040526628494262695e+00
1.850000000000000000e+02,2.650559902191162109e+00,2.650559902191162109e+00,2.980315685272216797e+00,2.074077367782592773e+00,1.270078778266906738e+00,1.270078778266906738e+00,1.669194459915161133e+00,9.273758530616760254e-01,4.156021773815155029e-01,4.156021773815155029e-01,4.152998924255371094e-01,5.640711784362792969e-01,8.569560945034027100e-02,8.569560945034027100e-02,6.715928763151168823e-02,3.076273202896118164e-01,1.675869524478912354e-01,1.675869524478912354e-01,4.022608399391174316e-01,1.728064268827438354e-01,1.485791206359863281e+00,1.485791206359863281e+00,2.005795717239379883e+00,9.374092817306518555e-01,2.732415437698364258e+00,2.732415437698364258e+00,3.161728382110595703e+00,2.027923107147216797e+00
1.860000000000000000e+02,2.612480640411376953e+00,2.612480640411376953e+00,2.935035705566406250e+00,2.047613382339477539e+00,1.245527863502502441e+00,1.245527863502502441e+00,1.633574962615966797e+00,9.255421757698059082e-01,4.163283705711364746e-01,4.163283705711364746e-01,4.065280258655548096e-01,5.718435049057006836e-01,8.457601815462112427e-02,8.457601815462112427e-02,6.686317920684814453e-02,3.093351423740386963e-01,1.705202162265777588e-01,1.705202162265777588e-01,4.126011729240417480e-01,1.729443520307540894e-01,1.509086608886718750e+00,1.509086608886718750e+00,2.002718687057495117e+00,9.398884773254394531e-01,2.703737974166870117e+00,2.703737974166870117e+00,3.126964807510375977e+00,2.012913942337036133e+00
1.870000000000000000e+02,2.573889017105102539e+00,2.573889017105102539e+00,2.889618873596191406e+00,2.021852493286132812e+00,1.220904588699340820e+00,1.220904588699340820e+00,1.597536206245422363e+00,9.253331422805786133e-01,4.173371195793151855e-01,4.173371195793151855e-01,3.948391079902648926e-01,5.788727998733520508e-01,8.312200754880905151e-02,8.312200754880905151e-02,6.532999873161315918e-02,3.106133639812469482e-01,1.725126653909683228e-01,1.725126653909683228e-01,4.216647148132324219e-01,1.727567911148071289e-01,1.509122848510742188e+00,1.509122848510742188e+00,1.998630046844482422e+00,9.414978623390197754e-01,2.674929141998291016e+00,2.674929141998291016e+00,3.092779636383056641e+00,1.998012065887451172e+00
1.880000000000000000e+02,2.535724163055419922e+00,2.535724163055419922e+00,2.841654062271118164e+00,1.995530605316162109e+00,1.189747452735900879e+00,1.189747452735900879e+00,1.562048196792602539e+00,9.262167811393737793e-01,4.173386394977569580e-01,4.173386394977569580e-01,3.881464898586273193e-01,5.861586332321166992e-01,8.153462409973144531e-02,8.153462409973144531e-02,6.477536261081695557e-02,3.116565942764282227e-01,1.740361005067825317e-01,1.740361005067825317e-01,4.305443167686462402e-01,1.728828847408294678e-01,1.508384943008422852e+00,1.508384943008422852e+00,1.994018554687500000e+00,9.451768994331359863e-01,2.646371364593505859e+00,2.646371364593505859e+00,3.057992458343505859e+00,1.983408808708190918e+00
1.890000000000000000e+02,2.498690366744995117e+00,2.498690366744995117e+00,2.789345502853393555e+00,1.969954252243041992e+00,1.168738245964050293e+00,1.168738245964050293e+00,1.527458190917968750e+00,9.279361367225646973e-01,4.175128340721130371e-01,4.175128340721130371e-01,3.788708448410034180e-01,5.930929183959960938e-01,7.985150814056396484e-02,7.985150814056396484e-02,6.391328573226928711e-02,3.126498162746429443e-01,1.737439036369323730e-01,1.737439036369323730e-01,4.432080984115600586e-01,1.733591705560684204e-01,1.505928277969360352e+00,1.505928277969360352e+00,1.987270474433898926e+00,9.518825411796569824e-01,2.616095542907714844e+00,2.616095542907714844e+00,3.021703004837036133e+00,1.967647671699523926e+00
1.900000000000000000e+02,2.460311889648437500e+00,2.460311889648437500e+00,2.748347282409667969e+00,1.943250656127929688e+00,1.149116158485412598e+00,1.149116158485412598e+00,1.483004570007324219e+00,9.299353957176208496e-01,4.185196459293365479e-01,4.185196459293365479e-01,3.728569149971008301e-01,6.002981662750244141e-01,7.824616879224777222e-02,7.824616879224777222e-02,6.347007304430007935e-02,3.137906789779663086e-01,1.771035492420196533e-01,1.771035492420196533e-01,4.537197053432464600e-01,1.760284006595611572e-01,1.504076600074768066e+00,1.504076600074768066e+00,1.981423616409301758e+00,9.605149030685424805e-01,2.586483001708984375e+00,2.586483001708984375e+00,2.979438066482543945e+00,1.952099204063415527e+00
1.910000000000000000e+02,2.422917842864990234e+00,2.422917842864990234e+00,2.702912092208862305e+00,1.918266177177429199e+00,1.126056432723999023e+00,1.126056432723999023e+00,1.463777780532836914e+00,9.317166805267333984e-01,4.200090467929840088e-01,4.200090467929840088e-01,3.713317215442657471e-01,6.070535778999328613e-01,7.576841115951538086e-02,7.576841115951538086e-02,6.387849897146224976e-02,3.145424127578735352e-01,1.782397925853729248e-01,1.782397925853729248e-01,4.644020795822143555e-01,1.789350211620330811e-01,1.501573801040649414e+00,1.501573801040649414e+00,1.973164558410644531e+00,9.678964018821716309e-01,2.555792093276977539e+00,2.555792093276977539e+00,2.948497533798217773e+00,1.936046719551086426e+00
1.920000000000000000e+02,2.385154485702514648e+00,2.385154485702514648e+00,2.655977249145507812e+00,1.892697930335998535e+00,1.114110708236694336e+00,1.114110708236694336e+00,1.434400439262390137e+00,9.336181282997131348e-01,4.236729741096496582e-01,4.236729741096496582e-01,3.651995360851287842e-01,6.111887693405151367e-01,7.635004073381423950e-02,7.635004073381423950e-02,6.500338017940521240e-02,3.143048882484436035e-01,1.893977969884872437e-01,1.893977969884872437e-01,4.817494750022888184e-01,1.815831065177917480e-01,1.500134706497192383e+00,1.500134706497192383e+00,1.965356230735778809e+00,9.746729135513305664e-01,2.523743152618408203e+00,2.523743152618408203e+00,2.910073041915893555e+00,1.920546054840087891e+00
1.930000000000000000e+02,2.347341299057006836e+00,2.347341299057006836e+00,2.609807729721069336e+00,1.867121934890747070e+00,1.105707764625549316e+00,1.105707764625549316e+00,1.405884265899658203e+00,9.352473616600036621e-01,4.280010163784027100e-01,4.280010163784027100e-01,3.712318539619445801e-01,6.202740073204040527e-01,7.560884207487106323e-02,7.560884207487106323e-02,6.608754396438598633e-02,3.149878084659576416e-01,2.029226422309875488e-01,2.029226422309875488e-01,4.924862682819366455e-01,1.838251650333404541e-01,1.498264312744140625e+00,1.498264312744140625e+00,1.954729318618774414e+00,9.808439016342163086e-01,2.492856502532958984e+00,2.492856502532958984e+00,2.871409177780151367e+00,1.904525518417358398e+00
1.940000000000000000e+02,2.310067892074584961e+00,2.310067892074584961e+00,2.563893556594848633e+00,1.841943502426147461e+00,1.096877932548522949e+00,1.096877932548522949e+00,1.377183437347412109e+00,9.447119235992431641e-01,4.317476749420166016e-01,4.317476749420166016e-01,3.731885254383087158e-01,6.270020008087158203e-01,7.358710467815399170e-02,7.358710467815399170e-02,6.706321984529495239e-02,3.160782158374786377e-01,2.151164114475250244e-01,2.151164114475250244e-01,5.022498965263366699e-01,1.854316890239715576e-01,1.494931221008300781e+00,1.494931221008300781e+00,1.943776011466979980e+00,9.849959611892700195e-01,2.459276914596557617e+00,2.459276914596557617e+00,2.830826044082641602e+00,1.886448860168457031e+00
1.950000000000000000e+02,2.273061513900756836e+00,2.273061513900756836e+00,2.518530845642089844e+00,1.817135810852050781e+00,1.087960839271545410e+00,1.087960839271545410e+00,1.348848700523376465e+00,9.503737092018127441e-01,4.349661469459533691e-01,4.349661469459533691e-01,3.732312917709350586e-01,6.329433321952819824e-01,7.282017171382904053e-02,7.282017171382904053e-02,6.773572415113449097e-02,3.152252435684204102e-01,2.259644716978073120e-01,2.259644716978073120e-01,5.139887332916259766e-01,1.863823980093002319e-01,1.488564014434814453e+00,1.488564014434814453e+00,1.929418563842773438e+00,9.870318174362182617e-01,2.425983667373657227e+00,2.425983667373657227e+00,2.790153741836547852e+00,1.864957213401794434e+00
1.960000000000000000e+02,2.236424684524536133e+00,2.236424684524536133e+00,2.473579645156860352e+00,1.792712569236755371e+00,1.070797324180603027e+00,1.070797324180603027e+00,1.321246743202209473e+00,9.560370445251464844e-01,4.355189800262451172e-01,4.355189800262451172e-01,3.729721605777740479e-01,6.387217044830322266e-01,7.105551660060882568e-02,7.105551660060882568e-02,6.859803199768066406e-02,3.149813711643218994e-01,2.347760945558547974e-01,2.347760945558547974e-01,5.254158377647399902e-01,1.870928108692169189e-01,1.479029417037963867e+00,1.479029417037963867e+00,1.915465354919433594e+00,9.888497591018676758e-01,2.380545616149902344e+00,2.380545616149902344e+00,2.748842477798461914e+00,1.849993467330932617e+00
1.970000000000000000e+02,2.200146198272705078e+00,2.200146198272705078e+00,2.428710460662841797e+00,1.768803477287292480e+00,1.070197224617004395e+00,1.070197224617004395e+00,1.294312715530395508e+00,9.611849784851074219e-01,4.426061809062957764e-01,4.426061809062957764e-01,3.731616437435150146e-01,6.441926956176757812e-01,6.886947154998779297e-02,6.886947154998779297e-02,6.868862360715866089e-02,3.146216273307800293e-01,2.440071105957031250e-01,2.440071105957031250e-01,4.650576114654541016e-01,1.870771199464797974e-01,1.474737405776977539e+00,1.474737405776977539e+00,1.898976087570190430e+00,9.893983602523803711e-01,2.354095220565795898e+00,2.354095220565795898e+00,2.705916643142700195e+00,1.830142498016357422e+00
1.980000000000000000e+02,2.164438486099243164e+00,2.164438486099243164e+00,2.384409189224243164e+00,1.744879484176635742e+00,1.060993432998657227e+00,1.060993432998657227e+00,1.267346382141113281e+00,9.474377632141113281e-01,4.457978606224060059e-01,4.457978606224060059e-01,3.720914125442504883e-01,6.492946147918701172e-01,6.624009460210800171e-02,6.624009460210800171e-02,6.934697926044464111e-02,3.137002885341644287e-01,2.509729564189910889e-01,2.509729564189910889e-01,5.437477827072143555e-01,1.862903386354446411e-01,1.465220451354980469e+00,1.465220451354980469e+00,1.880541801452636719e+00,9.882853627204895020e-01,2.317635536193847656e+00,2.317635536193847656e+00,2.661909580230712891e+00,1.810043573379516602e+00
1.990000000000000000e+02,2.129100084304809570e+00,2.129100084304809570e+00,2.338973045349121094e+00,1.722736597061157227e+00,1.053488850593566895e+00,1.053488850593566895e+00,1.240741372108459473e+00,9.704200625419616699e-01,4.482249021530151367e-01,4.482249021530151367e-01,3.716523349285125732e-01,6.531428694725036621e-01,6.454391032457351685e-02,6.454391032457351685e-02,6.896042823791503906e-02,3.110250830650329590e-01,2.587992846965789795e-01,2.587992846965789795e-01,5.506179332733154297e-01,1.851547956466674805e-01,1.452775478363037109e+00,1.452775478363037109e+00,1.860514760017395020e+00,9.852290153503417969e-01,2.280834436416625977e+00,2.280834436416625977e+00,2.616258144378662109e+00,1.789255738258361816e+00
2.000000000000000000e+02,2.092926979064941406e+00,2.092926979064941406e+00,2.294791221618652344e+00,1.701151132583618164e+00,1.046459913253784180e+00,1.046459913253784180e+00,1.214731812477111816e+00,9.746391773223876953e-01,4.499858617782592773e-01,4.499858617782592773e-01,3.703433573246002197e-01,6.579385399818420410e-01,6.246204674243927002e-02,6.246204674243927002e-02,6.907109916210174561e-02,3.095735907554626465e-01,2.651540040969848633e-01,2.651540040969848633e-01,5.559378266334533691e-01,1.832341849803924561e-01,1.439949035644531250e+00,1.439949035644531250e+00,1.839754939079284668e+00,9.819550514221191406e-01,2.243196487426757812e+00,2.243196487426757812e+00,2.571018218994140625e+00,1.768155932426452637e+00
2.010000000000000000e+02,1.990015983581542969e+00,1.990015983581542969e+00,2.252115964889526367e+00,1.680212378501892090e+00,1.038887739181518555e+00,1.038887739181518555e+00,1.188912749290466309e+00,9.786642193794250488e-01,4.516724646091461182e-01,4.516724646091461182e-01,3.691506683826446533e-01,6.621273159980773926e-01,5.999698489904403687e-02,5.999698489904403687e-02,6.869490444660186768e-02,3.077246844768524170e-01,2.700295448303222656e-01,2.700295448303222656e-01,5.596922039985656738e-01,1.806833297014236450e-01,1.424679636955261230e+00,1.424679636955261230e+00,1.816856503486633301e+00,9.774603843688964844e-01,2.204571247100830078e+00,2.204571247100830078e+00,2.523762226104736328e+00,1.745873808860778809e+00
2.020000000000000000e+02,2.026668548583984375e+00,2.026668548583984375e+00,2.209029674530029297e+00,1.659415245056152344e+00,1.031088232994079590e+00,1.031088232994079590e+00,1.163822293281555176e+00,9.848871827125549316e-01,4.523887634277343750e-01,4.523887634277343750e-01,3.684673607349395752e-01,6.657124757766723633e-01,5.715167149901390076e-02,5.715167149901390076e-02,6.811647117137908936e-02,3.045967817306518555e-01,2.734199464321136475e-01,2.734199464321136475e-01,5.618675351142883301e-01,1.775079667568206787e-01,1.407267332077026367e+00,1.407267332077026367e+00,1.791606903076171875e+00,9.716773033142089844e-01,2.164972782135009766e+00,2.164972782135009766e+00,2.476183414459228516e+00,1.722292184829711914e+00
2.030000000000000000e+02,1.993131637573242188e+00,1.993131637573242188e+00,2.166078090667724609e+00,1.639252543449401855e+00,1.020151853561401367e+00,1.020151853561401367e+00,1.138980984687805176e+00,9.909096360206604004e-01,4.529056549072265625e-01,4.529056549072265625e-01,3.671967983245849609e-01,6.690869331359863281e-01,5.533698946237564087e-02,5.533698946237564087e-02,6.741008162498474121e-02,3.023397624492645264e-01,2.739582061767578125e-01,2.739582061767578125e-01,5.626341104507446289e-01,1.735064536333084106e-01,1.389367103576660156e+00,1.389367103576660156e+00,1.767048358917236328e+00,9.646222591400146484e-01,2.127700567245483398e+00,2.127700567245483398e+00,2.429507017135620117e+00,1.701436758041381836e+00
2.040000000000000000e+02,1.960967063903808594e+00,1.960967063903808594e+00,2.124212503433227539e+00,1.621127128601074219e+00,1.015138506889343262e+00,1.015138506889343262e+00,1.114834547042846680e+00,9.967681765556335449e-01,4.531488418579101562e-01,4.531488418579101562e-01,3.660194575786590576e-01,6.720818877220153809e-01,5.405802652239799500e-02,5.405802652239799500e-02,6.689642369747161865e-02,3.000858724117279053e-01,2.772635221481323242e-01,2.772635221481323242e-01,5.675528049468994141e-01,1.737731248140335083e-01,1.370569705963134766e+00,1.370569705963134766e+00,1.738801360130310059e+00,9.585576057434082031e-01,2.090339660644531250e+00,2.090339660644531250e+00,2.381383657455444336e+00,1.680328845977783203e+00
2.050000000000000000e+02,1.929321885108947754e+00,1.929321885108947754e+00,2.082083225250244141e+00,1.603007316589355469e+00,1.006969213485717773e+00,1.006969213485717773e+00,1.091868877410888672e+00,1.002781629562377930e+00,4.521930813789367676e-01,4.521930813789367676e-01,3.624456822872161865e-01,6.743875741958618164e-01,5.360740050673484802e-02,5.360740050673484802e-02,6.607915461063385010e-02,2.974389195442199707e-01,2.772400081157684326e-01,2.772400081157684326e-01,5.681356191635131836e-01,1.751976162195205688e-01,1.349856972694396973e+00,1.349856972694396973e+00,1.711684226989746094e+00,9.514915943145751953e-01,2.052009105682373047e+00,2.052009105682373047e+00,2.331088066101074219e+00,1.658425569534301758e+00
2.060000000000000000e+02,1.898311018943786621e+00,1.898311018943786621e+00,2.041068315505981445e+00,1.585609197616577148e+00,9.985412359237670898e-01,9.985412359237670898e-01,1.073481678962707520e+00,1.009057044982910156e+00,4.519758820533752441e-01,4.519758820533752441e-01,3.646849393844604492e-01,6.753574013710021973e-01,5.231934785842895508e-02,5.231934785842895508e-02,6.415428966283798218e-02,2.948103845119476318e-01,2.759423553943634033e-01,2.759423553943634033e-01,5.679894089698791504e-01,1.757308095693588257e-01,1.328611373901367188e+00,1.328611373901367188e+00,1.682572960853576660e+00,9.436253905296325684e-01,2.014148235321044922e+00,2.014148235321044922e+00,2.283822536468505859e+00,1.637016892433166504e+00
2.070000000000000000e+02,1.868341445922851562e+00,1.868341445922851562e+00,2.000884056091308594e+00,1.568802833557128906e+00,9.900087714195251465e-01,9.900087714195251465e-01,1.055391073226928711e+00,1.014902949333190918e+00,4.505689740180969238e-01,4.505689740180969238e-01,3.619984090328216553e-01,6.778509616851806641e-01,5.074027553200721741e-02,5.074027553200721741e-02,6.573233008384704590e-02,2.918528318405151367e-01,2.728362083435058594e-01,2.728362083435058594e-01,5.663315653800964355e-01,1.754705458879470825e-01,1.304884195327758789e+00,1.304884195327758789e+00,1.651021599769592285e+00,9.342861175537109375e-01,1.975437879562377930e+00,1.975437879562377930e+00,2.233882188796997070e+00,1.614677071571350098e+00
2.080000000000000000e+02,1.838764071464538574e+00,1.838764071464538574e+00,1.961392402648925781e+00,1.552072644233703613e+00,9.824100732803344727e-01,9.824100732803344727e-01,1.038782358169555664e+00,1.021203756332397461e+00,4.491862952709197998e-01,4.491862952709197998e-01,3.632245063781738281e-01,6.796542406082153320e-01,4.978208616375923157e-02,4.978208616375923157e-02,6.627149134874343872e-02,2.890146076679229736e-01,2.721962332725524902e-01,2.721962332725524902e-01,5.674223899841308594e-01,1.772932410240173340e-01,1.280413150787353516e+00,1.280413150787353516e+00,1.623233675956726074e+00,9.277812838554382324e-01,1.938650488853454590e+00,1.938650488853454590e+00,2.188222408294677734e+00,1.595351338386535645e+00
2.090000000000000000e+02,1.810145258903503418e+00,1.810145258903503418e+00,1.923126101493835449e+00,1.535826563835144043e+00,9.743769168853759766e-01,9.743769168853759766e-01,1.023056030273437500e+00,1.026902437210083008e+00,4.494909346103668213e-01,4.494909346103668213e-01,3.630345463752746582e-01,6.809844374656677246e-01,4.869309067726135254e-02,4.869309067726135254e-02,6.694991886615753174e-02,2.859395444393157959e-01,2.685503363609313965e-01,2.685503363609313965e-01,5.666247606277465820e-01,1.794711947441101074e-01,1.262581467628479004e+00,1.262581467628479004e+00,1.592178583145141602e+00,9.196655154228210449e-01,1.903520226478576660e+00,1.903520226478576660e+00,2.141148090362548828e+00,1.575768232345581055e+00
2.100000000000000000e+02,1.781973600387573242e+00,1.781973600387573242e+00,1.884898662567138672e+00,1.519838333129882812e+00,9.666814208030700684e-01,9.666814208030700684e-01,1.008470177650451660e+00,1.032102108001708984e+00,4.484314322471618652e-01,4.484314322471618652e-01,3.622107207775115967e-01,6.818095445632934570e-01,4.719377309083938599e-02,4.719377309083938599e-02,6.708782911300659180e-02,2.829076051712036133e-01,2.663934528827667236e-01,2.663934528827667236e-01,5.640608668327331543e-01,1.834575831890106201e-01,1.239879250526428223e+00,1.239879250526428223e+00,1.562452435493469238e+00,9.105799794197082520e-01,1.867146492004394531e+00,1.867146492004394531e+00,2.089964628219604492e+00,1.554211735725402832e+00
2.110000000000000000e+02,1.754950284957885742e+00,1.754950284957885742e+00,1.847757101058959961e+00,1.504345774650573730e+00,9.621766209602355957e-01,9.621766209602355957e-01,9.939158558845520020e-01,1.036769986152648926e+00,4.468519389629364014e-01,4.468519389629364014e-01,3.607702553272247314e-01,6.820497512817382812e-01,4.622926563024520874e-02,4.622926563024520874e-02,6.743183732032775879e-02,2.794245481491088867e-01,2.651283144950866699e-01,2.651283144950866699e-01,5.600247979164123535e-01,1.874305009841918945e-01,1.216007351875305176e+00,1.216007351875305176e+00,1.530084848403930664e+00,9.009230136871337891e-01,1.830994606018066406e+00,1.830994606018066406e+00,2.046752452850341797e+00,1.535938024520874023e+00
2.120000000000000000e+02,1.728246450424194336e+00,1.728246450424194336e+00,1.810826301574707031e+00,1.489039182662963867e+00,9.576312303543090820e-01,9.576312303543090820e-01,9.828721284866333008e-01,1.041141867637634277e+00,4.446977972984313965e-01,4.446977972984313965e-01,3.596056103706359863e-01,6.816354990005493164e-01,4.498030990362167358e-02,4.498030990362167358e-02,6.825286895036697388e-02,2.752966582775115967e-01,2.626292407512664795e-01,2.626292407512664795e-01,5.475861430168151855e-01,1.904043257236480713e-01,1.189876198768615723e+00,1.189876198768615723e+00,1.497102618217468262e+00,8.906369209289550781e-01,1.793972611427307129e+00,1.793972611427307129e+00,1.998328328132629395e+00,1.515262126922607422e+00
2.130000000000000000e+02,1.702700138092041016e+00,1.702700138092041016e+00,1.775124669075012207e+00,1.474190831184387207e+00,9.527097940444946289e-01,9.527097940444946289e-01,9.719231128692626953e-01,1.044999480247497559e+00,4.424993395805358887e-01,4.424993395805358887e-01,3.579475879669189453e-01,6.806845664978027344e-01,4.222798347473144531e-02,4.222798347473144531e-02,6.845343858003616333e-02,2.717458903789520264e-01,2.582981586456298828e-01,2.582981586456298828e-01,5.463764667510986328e-01,1.921077519655227661e-01,1.163276791572570801e+00,1.163276791572570801e+00,1.461426258087158203e+00,8.715506792068481445e-01,1.756237149238586426e+00,1.756237149238586426e+00,1.950044631958007812e+00,1.494868755340576172e+00
2.140000000000000000e+02,1.678029417991638184e+00,1.678029417991638184e+00,1.740665435791015625e+00,1.459941148757934570e+00,9.503523707389831543e-01,9.503523707389831543e-01,9.623044729232788086e-01,1.048858284950256348e+00,4.408750534057617188e-01,4.408750534057617188e-01,3.588774800300598145e-01,6.802028417587280273e-01,4.212129861116409302e-02,4.212129861116409302e-02,6.985858082771301270e-02,2.682919502258300781e-01,2.349595129489898682e-01,2.349595129489898682e-01,5.401425361633300781e-01,1.936504542827606201e-01,1.134545803070068359e+00,1.134545803070068359e+00,1.427178382873535156e+00,8.682637810707092285e-01,1.720955610275268555e+00,1.720955610275268555e+00,1.902438998222351074e+00,1.475430965423583984e+00
2.150000000000000000e+02,1.654102802276611328e+00,1.654102802276611328e+00,1.709429860115051270e+00,1.446013212203979492e+00,9.562077522277832031e-01,9.562077522277832031e-01,9.569029211997985840e-01,1.054778099060058594e+00,4.447236061096191406e-01,4.447236061096191406e-01,3.642159998416900635e-01,6.823542714118957520e-01,4.593541845679283142e-02,4.593541845679283142e-02,7.518611848354339600e-02,2.665596604347229004e-01,2.620821595191955566e-01,2.620821595191955566e-01,5.378867387771606445e-01,1.969375312328338623e-01,1.116719484329223633e+00,1.116719484329223633e+00,1.400063395500183105e+00,8.612797260284423828e-01,1.690765619277954102e+00,1.690765619277954102e+00,1.862997770309448242e+00,1.458182811737060547e+00
2.160000000000000000e+02,1.631169557571411133e+00,1.631169557571411133e+00,1.678542256355285645e+00,1.432868719100952148e+00,9.617726206779479980e-01,9.617726206779479980e-01,9.516553282737731934e-01,1.061393260955810547e+00,4.477846622467041016e-01,4.477846622467041016e-01,3.703546524047851562e-01,6.843365430831909180e-01,4.872728139162063599e-02,4.872728139162063599e-02,8.013706654310226440e-02,2.645366191864013672e-01,2.667271494865417480e-01,2.667271494865417480e-01,5.336664319038391113e-01,1.995823681354522705e-01,1.095665931701660156e+00,1.095665931701660156e+00,1.370671987533569336e+00,8.529885411262512207e-01,1.660362243652343750e+00,1.660362243652343750e+00,1.821894407272338867e+00,1.440802931785583496e+00
2.170000000000000000e+02,1.599938988685607910e+00,1.599938988685607910e+00,1.649347901344299316e+00,1.420225620269775391e+00,9.682815074920654297e-01,9.682815074920654297e-01,9.465075135231018066e-01,1.067977786064147949e+00,4.493651986122131348e-01,4.493651986122131348e-01,3.755197525024414062e-01,6.845034956932067871e-01,5.195061489939689636e-02,5.195061489939689636e-02,8.473225682973861694e-02,2.621406018733978271e-01,2.711795866489410400e-01,2.711795866489410400e-01,5.288739204406738281e-01,2.012242674827575684e-01,1.073177814483642578e+00,1.073177814483642578e+00,1.341090798377990723e+00,8.439416885375976562e-01,1.630600690841674805e+00,1.630600690841674805e+00,1.780584692955017090e+00,1.423594594001770020e+00
2.180000000000000000e+02,1.587236762046813965e+00,1.587236762046813965e+00,1.620933294296264648e+00,1.408479571342468262e+00,9.744246602058410645e-01,9.744246602058410645e-01,9.414396882057189941e-01,1.074291944503784180e+00,4.495975375175476074e-01,4.495975375175476074e-01,3.809011876583099365e-01,6.855621337890625000e-01,5.595418810844421387e-02,5.595418810844421387e-02,8.894782513380050659e-02,2.594406008720397949e-01,2.742690443992614746e-01,2.742690443992614746e-01,5.231438875198364258e-01,2.019006162881851196e-01,1.049111843109130859e+00,1.049111843109130859e+00,1.310271024703979492e+00,8.346658945083618164e-01,1.600925207138061523e+00,1.600925207138061523e+00,1.738642454147338867e+00,1.405467987060546875e+00
2.190000000000000000e+02,1.567203283309936523e+00,1.567203283309936523e+00,1.593241453170776367e+00,1.397677659988403320e+00,9.802507162094116211e-01,9.802507162094116211e-01,9.366230368614196777e-01,1.080119609832763672e+00,4.537078142166137695e-01,4.537078142166137695e-01,3.862001001834869385e-01,6.859247088432312012e-01,5.824141576886177063e-02,5.824141576886177063e-02,9.279203414916992188e-02,2.560749948024749756e-01,2.759437263011932373e-01,2.759437263011932373e-01,5.169593691825866699e-01,2.020354717969894409e-01,1.025205135345458984e+00,1.025205135345458984e+00,1.278363466262817383e+00,8.244862556457519531e-01,1.571142435073852539e+00,1.571142435073852539e+00,1.696986675262451172e+00,1.387831449508666992e+00
2.200000000000000000e+02,1.542689800262451172e+00,1.542689800262451172e+00,1.563676834106445312e+00,1.387138366699218750e+00,9.858082532882690430e-01,9.858082532882690430e-01,9.317991733551025391e-01,1.084728717803955078e+00,4.547740519046783447e-01,4.547740519046783447e-01,3.914991319179534912e-01,6.870965957641601562e-01,6.146280840039253235e-02,6.146280840039253235e-02,9.625177830457687378e-02,2.525503933429718018e-01,2.762495279312133789e-01,2.762495279312133789e-01,5.095233917236328125e-01,2.011090070009231567e-01,9.990792274475097656e-01,9.990792274475097656e-01,1.245175838470458984e+00,8.135983347892761230e-01,1.541427612304687500e+00,1.541427612304687500e+00,1.654865980148315430e+00,1.369560480117797852e+00
2.210000000000000000e+02,1.526175141334533691e+00,1.526175141334533691e+00,1.540595769882202148e+00,1.377474069595336914e+00,9.908739924430847168e-01,9.908739924430847168e-01,9.272100329399108887e-01,1.090828895568847656e+00,4.551800191402435303e-01,4.551800191402435303e-01,3.967740237712860107e-01,6.867079138755798340e-01,6.551942229270935059e-02,6.551942229270935059e-02,9.964887052774429321e-02,2.485802024602890015e-01,2.748828232288360596e-01,2.748828232288360596e-01,5.004457235336303711e-01,1.993390023708343506e-01,9.717724323272705078e-01,9.717724323272705078e-01,1.210847496986389160e+00,7.963038682937622070e-01,1.512030363082885742e+00,1.512030363082885742e+00,1.612376093864440918e+00,1.351709246635437012e+00
2.220000000000000000e+02,1.511646866798400879e+00,1.511646866798400879e+00,1.515384912490844727e+00,1.369933962821960449e+00,9.956139326095581055e-01,9.956139326095581055e-01,9.226068854331970215e-01,1.095536589622497559e+00,4.549371898174285889e-01,4.549371898174285889e-01,4.016603529453277588e-01,6.857043504714965820e-01,6.718619167804718018e-02,6.718619167804718018e-02,1.021641567349433899e-01,2.444471120834350586e-01,2.718289494514465332e-01,2.718289494514465332e-01,4.896475672721862793e-01,1.966851353645324707e-01,9.432644844055175781e-01,9.432644844055175781e-01,1.172731280326843262e+00,7.814728021621704102e-01,1.481386661529541016e+00,1.481386661529541016e+00,1.569585204124450684e+00,1.334177255630493164e+00
2.230000000000000000e+02,1.495103836059570312e+00,1.495103836059570312e+00,1.491080522537231445e+00,1.362692594528198242e+00,9.998880028724670410e-01,9.998880028724670410e-01,9.183145165443420410e-01,1.100060343742370605e+00,4.543372392654418945e-01,4.543372392654418945e-01,4.061606526374816895e-01,6.843073964118957520e-01,7.002782821655273438e-02,7.002782821655273438e-02,1.054735109210014343e-01,2.398718297481536865e-01,2.675875723361968994e-01,2.675875723361968994e-01,4.777439534664154053e-01,1.932576000690460205e-01,9.135426878929138184e-01,9.135426878929138184e-01,1.136723756790161133e+00,7.755617499351501465e-01,1.451412677764892578e+00,1.451412677764892578e+00,1.527907490730285645e+00,1.316730022430419922e+00
2.240000000000000000e+02,1.471453666687011719e+00,1.471453666687011719e+00,1.467846512794494629e+00,1.355603814125061035e+00,1.003833413124084473e+00,1.003833413124084473e+00,9.139981269836425781e-01,1.105061769485473633e+00,4.531997442245483398e-01,4.531997442245483398e-01,4.103116691112518311e-01,6.825531125068664551e-01,7.173271477222442627e-02,7.173271477222442627e-02,1.084273308515548706e-01,2.359566539525985718e-01,2.615309357643127441e-01,2.615309357643127441e-01,4.641246199607849121e-01,1.886124461889266968e-01,8.827917575836181641e-01,8.827917575836181641e-01,1.101358413696289062e+00,7.610188126564025879e-01,1.421944737434387207e+00,1.421944737434387207e+00,1.485406041145324707e+00,1.298956036567687988e+00
2.250000000000000000e+02,1.465093731880187988e+00,1.465093731880187988e+00,1.445626497268676758e+00,1.349087357521057129e+00,1.007444143295288086e+00,1.007444143295288086e+00,9.100702404975891113e-01,1.110077738761901855e+00,4.514457285404205322e-01,4.514457285404205322e-01,4.140433073043823242e-01,6.803297996520996094e-01,7.309615612030029297e-02,7.309615612030029297e-02,1.109714880585670471e-01,2.316489368677139282e-01,2.541320919990539551e-01,2.541320919990539551e-01,4.501684606075286865e-01,1.836231797933578491e-01,8.510591983795166016e-01,8.510591983795166016e-01,1.063239216804504395e+00,7.459268569946289062e-01,1.391968965530395508e+00,1.391968965530395508e+00,1.443749427795410156e+00,1.281223416328430176e+00
2.260000000000000000e+02,1.451683521270751953e+00,1.451683521270751953e+00,1.427194356918334961e+00,1.345589160919189453e+00,1.014405965805053711e+00,1.014405965805053711e+00,9.084299802780151367e-01,1.118139505386352539e+00,4.583173692226409912e-01,4.583173692226409912e-01,4.243859052658081055e-01,6.790680289268493652e-01,7.828464359045028687e-02,7.828464359045028687e-02,1.195199638605117798e-01,2.279624640941619873e-01,2.515057921409606934e-01,2.515057921409606934e-01,4.423800706863403320e-01,1.842618882656097412e-01,8.299710750579833984e-01,8.299710750579833984e-01,1.033065438270568848e+00,7.376233935356140137e-01,1.367660284042358398e+00,1.367660284042358398e+00,1.408156514167785645e+00,1.268439531326293945e+00
2.270000000000000000e+02,1.439201712608337402e+00,1.439201712608337402e+00,1.409674525260925293e+00,1.343199610710144043e+00,1.021867275238037109e+00,1.021867275238037109e+00,9.143109321594238281e-01,1.125612497329711914e+00,4.646311104297637939e-01,4.646311104297637939e-01,4.341620206832885742e-01,6.844105124473571777e-01,8.308706432580947876e-02,8.308706432580947876e-02,1.267810761928558350e-01,2.291735559701919556e-01,2.473815232515335083e-01,2.473815232515335083e-01,4.329064190387725830e-01,1.853423565626144409e-01,8.076128959655761719e-01,8.076128959655761719e-01,1.001901268959045410e+00,7.292097806930541992e-01,1.343520402908325195e+00,1.343520402908325195e+00,1.373865962028503418e+00,1.257707715034484863e+00
2.280000000000000000e+02,1.427722930908203125e+00,1.427722930908203125e+00,1.393093466758728027e+00,1.340371847152709961e+00,1.028960943222045898e+00,1.028960943222045898e+00,9.184747934341430664e-01,1.133450508117675781e+00,4.664563238620758057e-01,4.664563238620758057e-01,4.441003203392028809e-01,6.840490102767944336e-01,8.735341578722000122e-02,8.735341578722000122e-02,1.341108083724975586e-01,2.274839878082275391e-01,2.420429438352584839e-01,2.420429438352584839e-01,4.219602942466735840e-01,1.859836727380752563e-01,7.843921780586242676e-01,7.843921780586242676e-01,9.694991707801818848e-01,7.201629281044006348e-01,1.319255828857421875e+00,1.319255828857421875e+00,1.337748765945434570e+00,1.246190071105957031e+00
2.290000000000000000e+02,1.417264699935913086e+00,1.417264699935913086e+00,1.377383351325988770e+00,1.338411569595336914e+00,1.036115288734436035e+00,1.036115288734436035e+00,9.233576059341430664e-01,1.140655398368835449e+00,4.754211008548736572e-01,4.754211008548736572e-01,4.537573158740997314e-01,6.856338381767272949e-01,9.100265055894851685e-02,9.100265055894851685e-02,1.411993503570556641e-01,2.253937125205993652e-01,2.354780137538909912e-01,2.354780137538909912e-01,4.099099934101104736e-01,1.861372292041778564e-01,7.599766254425048828e-01,7.599766254425048828e-01,9.363385438919067383e-01,7.087767720222473145e-01,1.294642686843872070e+00,1.294642686843872070e+00,1.303834795951843262e+00,1.234609842300415039e+00
2.300000000000000000e+02,1.407784223556518555e+00,1.407784223556518555e+00,1.362645149230957031e+00,1.336903810501098633e+00,1.041221737861633301e+00,1.041221737861633301e+00,9.279865026473999023e-01,1.147354364395141602e+00,4.801226854324340820e-01,4.801226854324340820e-01,4.620047807693481445e-01,6.862481236457824707e-01,9.410507977008819580e-02,9.410507977008819580e-02,1.478239595890045166e-01,2.230814397335052490e-01,2.162822932004928589e-01,2.162822932004928589e-01,3.967280387878417969e-01,1.854492723941802979e-01,7.354987263679504395e-01,7.354987263679504395e-01,9.014226794242858887e-01,6.994027495384216309e-01,1.270117163658142090e+00,1.270117163658142090e+00,1.268168926239013672e+00,1.222991466522216797e+00
2.310000000000000000e+02,1.399443864822387695e+00,1.399443864822387695e+00,1.348988175392150879e+00,1.335539340972900391e+00,1.048246860504150391e+00,1.048246860504150391e+00,9.330996870994567871e-01,1.153583645820617676e+00,4.840435087680816650e-01,4.840435087680816650e-01,4.721879363059997559e-01,6.860091090202331543e-01,9.598221629858016968e-02,9.598221629858016968e-02,1.540019214153289795e-01,2.204913198947906494e-01,2.185903936624526978e-01,2.185903936624526978e-01,3.820191621780395508e-01,1.838283687829971313e-01,7.092757225036621094e-01,7.092757225036621094e-01,8.661498427391052246e-01,6.880968213081359863e-01,1.245522737503051758e+00,1.245522737503051758e+00,1.224098920822143555e+00,1.211402893066406250e+00
2.320000000000000000e+02,1.392060041427612305e+00,1.392060041427612305e+00,1.303172349929809570e+00,1.334437370300292969e+00,1.054564118385314941e+00,1.054564118385314941e+00,9.363242983818054199e-01,1.159057021141052246e+00,4.874856770038604736e-01,4.874856770038604736e-01,4.800382852554321289e-01,6.852163076400756836e-01,9.813414514064788818e-02,9.813414514064788818e-02,1.595976799726486206e-01,2.174413204193115234e-01,2.083220481872558594e-01,2.083220481872558594e-01,3.661838173866271973e-01,1.815389841794967651e-01,6.824296712875366211e-01,6.824296712875366211e-01,8.312342166900634766e-01,6.762798428535461426e-01,1.219168305397033691e+00,1.219168305397033691e+00,1.199835181236267090e+00,1.199808597564697266e+00
2.330000000000000000e+02,1.365485191345214844e+00,1.365485191345214844e+00,1.324523925781250000e+00,1.333173155784606934e+00,1.060082316398620605e+00,1.060082316398620605e+00,9.433418512344360352e-01,1.164791822433471680e+00,4.905482828617095947e-01,4.905482828617095947e-01,4.895122051239013672e-01,6.840420365333557129e-01,9.988174587488174438e-02,9.988174587488174438e-02,1.647666096687316895e-01,2.139570266008377075e-01,1.968335211277008057e-01,1.968335211277008057e-01,3.491125106811523438e-01,1.797988265752792358e-01,6.550713777542114258e-01,6.550713777542114258e-01,7.950965762138366699e-01,6.642162799835205078e-01,1.196235775947570801e+00,1.196235775947570801e+00,1.165889620780944824e+00,1.188264966011047363e+00
2.340000000000000000e+02,1.377509474754333496e+00,1.377509474754333496e+00,1.313857316970825195e+00,1.332945108413696289e+00,1.065666913986206055e+00,1.065666913986206055e+00,9.485731124877929688e-01,1.170009851455688477e+00,4.932779669761657715e-01,4.932779669761657715e-01,4.979600608348846436e-01,6.827311515808105469e-01,1.013806909322738647e-01,1.013806909322738647e-01,1.693933308124542236e-01,2.100293636322021484e-01,1.841290891170501709e-01,1.841290891170501709e-01,3.306601643562316895e-01,1.788815408945083618e-01,6.269998550415039062e-01,6.269998550415039062e-01,7.588525414466857910e-01,6.516983509063720703e-01,1.172270178794860840e+00,1.172270178794860840e+00,1.132165789604187012e+00,1.176707029342651367e+00
2.350000000000000000e+02,1.376484632492065430e+00,1.376484632492065430e+00,1.304135560989379883e+00,1.332752943038940430e+00,1.070832967758178711e+00,1.070832967758178711e+00,9.546921253204345703e-01,1.174640059471130371e+00,4.947052597999572754e-01,4.947052597999572754e-01,5.052336454391479492e-01,6.807519197463989258e-01,1.028947606682777405e-01,1.028947606682777405e-01,1.735459864139556885e-01,2.059147655963897705e-01,1.705933362245559692e-01,1.705933362245559692e-01,3.110522627830505371e-01,1.776161789894104004e-01,5.981716513633728027e-01,5.981716513633728027e-01,7.184989452362060547e-01,6.380131840705871582e-01,1.149042487144470215e+00,1.149042487144470215e+00,1.098669171333312988e+00,1.165519595146179199e+00
2.360000000000000000e+02,1.373404026031494141e+00,1.373404026031494141e+00,1.295473575592041016e+00,1.332935333251953125e+00,1.076573014259338379e+00,1.076573014259338379e+00,9.626710414886474609e-01,1.178817152976989746e+00,4.946197867393493652e-01,4.946197867393493652e-01,5.115771293640136719e-01,6.782743930816650391e-01,1.039029881358146667e-01,1.039029881358146667e-01,1.772895455360412598e-01,1.996861100196838379e-01,1.562662124633789062e-01,1.562662124633789062e-01,2.904176712036132812e-01,1.752821356058120728e-01,5.690343976020812988e-01,5.690343976020812988e-01,6.839364767074584961e-01,6.240817308425903320e-01,1.126055717468261719e+00,1.126055717468261719e+00,1.065342068672180176e+00,1.154222726821899414e+00
2.370000000000000000e+02,1.371416568756103516e+00,1.371416568756103516e+00,1.294277310371398926e+00,1.334689974784851074e+00,1.094129204750061035e+00,1.094129204750061035e+00,9.744077920913696289e-01,1.188420772552490234e+00,5.142372250556945801e-01,5.142372250556945801e-01,5.399972200393676758e-01,6.826043128967285156e-01,1.161273643374443054e-01,1.161273643374443054e-01,1.946670114994049072e-01,2.009848654270172119e-01,1.524555385112762451e-01,1.524555385112762451e-01,2.812539041042327881e-01,1.779633611440658569e-01,5.541222095489501953e-01,5.541222095489501953e-01,6.623205542564392090e-01,6.221391558647155762e-01,1.114112257957458496e+00,1.114112257957458496e+00,1.044964671134948730e+00,1.149092078208923340e+00
2.380000000000000000e+02,1.370638251304626465e+00,1.370638251304626465e+00,1.294465065002441406e+00,1.336439967155456543e+00,1.116014838218688965e+00,1.116014838218688965e+00,1.011439800262451172e+00,1.199294209480285645e+00,5.363373756408691406e-01,5.363373756408691406e-01,5.716254115104675293e-01,6.941660642623901367e-01,1.312572509050369263e-01,1.312572509050369263e-01,2.157676517963409424e-01,2.048680782318115234e-01,1.520180404186248779e-01,1.520180404186248779e-01,2.757354974746704102e-01,1.820909231901168823e-01,5.436442494392395020e-01,5.436442494392395020e-01,6.453691124916076660e-01,6.210503578186035156e-01,1.105717897415161133e+00,1.105717897415161133e+00,1.028065323829650879e+00,1.145812392234802246e+00
2.390000000000000000e+02,1.370814204216003418e+00,1.370814204216003418e+00,1.299310445785522461e+00,1.338283896446228027e+00,1.137896060943603516e+00,1.137896060943603516e+00,1.040133118629455566e+00,1.211513757705688477e+00,5.563818216323852539e-01,5.563818216323852539e-01,6.029855012893676758e-01,7.044258713722229004e-01,1.454091370105743408e-01,1.454091370105743408e-01,2.360214889049530029e-01,2.062213420867919922e-01,1.506262272596359253e-01,1.506262272596359253e-01,2.694376111030578613e-01,1.855623871088027954e-01,5.325012803077697754e-01,5.325012803077697754e-01,6.283183693885803223e-01,6.194910407066345215e-01,1.096993923187255859e+00,1.096993923187255859e+00,1.012403488159179688e+00,1.142283678054809570e+00
2.400000000000000000e+02,1.372264385223388672e+00,1.372264385223388672e+00,1.303494453430175781e+00,1.339905500411987305e+00,1.159695744514465332e+00,1.159695744514465332e+00,1.067826390266418457e+00,1.223226308822631836e+00,5.785517096519470215e-01,5.785517096519470215e-01,6.337349414825439453e-01,7.128402590751647949e-01,1.584961861371994019e-01,1.584961861371994019e-01,2.553541660308837891e-01,2.077537477016448975e-01,1.485825031995773315e-01,1.485825031995773315e-01,2.623895406723022461e-01,1.884098947048187256e-01,5.207479596138000488e-01,5.207479596138000488e-01,6.105677485466003418e-01,6.136893630027770996e-01,1.088038802146911621e+00,1.088038802146911621e+00,9.959396123886108398e-01,1.138564705848693848e+00
2.410000000000000000e+02,1.355559945106506348e+00,1.355559945106506348e+00,1.308777809143066406e+00,1.341182470321655273e+00,1.179370164871215820e+00,1.179370164871215820e+00,1.094993591308593750e+00,1.234929561614990234e+00,5.983765721321105957e-01,5.983765721321105957e-01,6.639683842658996582e-01,7.214529514312744141e-01,1.708081066608428955e-01,1.708081066608428955e-01,2.737734019756317139e-01,2.084064185619354248e-01,1.441899687051773071e-01,1.441899687051773071e-01,2.548261880874633789e-01,1.908405423164367676e-01,4.971031546592712402e-01,4.971031546592712402e-01,5.934188961982727051e-01,6.152070164680480957e-01,1.079196691513061523e+00,1.079196691513061523e+00,9.796561002731323242e-01,1.134512066841125488e+00
2.420000000000000000e+02,1.378647685050964355e+00,1.378647685050964355e+00,1.315015792846679688e+00,1.343623638153076172e+00,1.204850316047668457e+00,1.204850316047668457e+00,1.123440027236938477e+00,1.246667504310607910e+00,6.179427504539489746e-01,6.179427504539489746e-01,6.910300850868225098e-01,7.296081781387329102e-01,1.820440292358398438e-01,1.820440292358398438e-01,2.910631597042083740e-01,2.085808217525482178e-01,1.432533115148544312e-01,1.432533115148544312e-01,2.466324716806411743e-01,1.925409734249114990e-01,4.952619671821594238e-01,4.952619671821594238e-01,5.753639936447143555e-01,6.122914552688598633e-01,1.070132255554199219e+00,1.070132255554199219e+00,9.644036293029785156e-01,1.130198001861572266e+00
2.430000000000000000e+02,1.383497238159179688e+00,1.383497238159179688e+00,1.322406053543090820e+00,1.346785545349121094e+00,1.227423071861267090e+00,1.227423071861267090e+00,1.150907874107360840e+00,1.258484125137329102e+00,6.365271210670471191e-01,6.365271210670471191e-01,7.223258614540100098e-01,7.369922399520874023e-01,1.922117024660110474e-01,1.922117024660110474e-01,3.073442578315734863e-01,2.084231376647949219e-01,1.396442651748657227e-01,1.396442651748657227e-01,2.376232594251632690e-01,1.937820613384246826e-01,4.816660284996032715e-01,4.816660284996032715e-01,5.563521385192871094e-01,6.080827713012695312e-01,1.060985088348388672e+00,1.060985088348388672e+00,9.411846995353698730e-01,1.125677347183227539e+00
2.440000000000000000e+02,1.388807773590087891e+00,1.388807773590087891e+00,1.331639051437377930e+00,1.349444150924682617e+00,1.252109169960021973e+00,1.252109169960021973e+00,1.182021021842956543e+00,1.270861864089965820e+00,6.596137881278991699e-01,6.596137881278991699e-01,7.521312236785888672e-01,7.438896894454956055e-01,2.036166638135910034e-01,2.036166638135910034e-01,3.251711130142211914e-01,2.086806893348693848e-01,1.373219043016433716e-01,1.373219043016433716e-01,2.311374247074127197e-01,1.960224658250808716e-01,4.724590480327606201e-01,4.724590480327606201e-01,5.397143363952636719e-01,6.067820787429809570e-01,1.053842067718505859e+00,1.053842067718505859e+00,9.371901154518127441e-01,1.122405529022216797e+00
2.450000000000000000e+02,1.396576523780822754e+00,1.396576523780822754e+00,1.341667175292968750e+00,1.352891564369201660e+00,1.276643753051757812e+00,1.276643753051757812e+00,1.212759375572204590e+00,1.284904718399047852e+00,6.818965673446655273e-01,6.818965673446655273e-01,7.852457761764526367e-01,7.534122467041015625e-01,2.013094723224639893e-01,2.013094723224639893e-01,3.419166207313537598e-01,2.088224291801452637e-01,1.344606280326843262e-01,1.344606280326843262e-01,2.237169742584228516e-01,1.979549229145050049e-01,4.627211391925811768e-01,4.627211391925811768e-01,5.239771008491516113e-01,6.052243113517761230e-01,1.043222665786743164e+00,1.043222665786743164e+00,9.258431792259216309e-01,1.119325399398803711e+00
2.460000000000000000e+02,1.404607415199279785e+00,1.404607415199279785e+00,1.353300809860229492e+00,1.356455445289611816e+00,1.301463961601257324e+00,1.301463961601257324e+00,1.244061470031738281e+00,1.298528432846069336e+00,7.033485770225524902e-01,7.033485770225524902e-01,8.158647418022155762e-01,7.623093128204345703e-01,2.228420525789260864e-01,2.228420525789260864e-01,3.577549159526824951e-01,2.098609060049057007e-01,1.308070123195648193e-01,1.308070123195648193e-01,2.156348824501037598e-01,1.996157020330429077e-01,4.526136815547943115e-01,4.526136815547943115e-01,5.074589252471923828e-01,6.029424071311950684e-01,1.038906574249267578e+00,1.038906574249267578e+00,9.149529337882995605e-01,1.116190552711486816e+00
2.470000000000000000e+02,1.414072155952453613e+00,1.414072155952453613e+00,1.365693688392639160e+00,1.355966806411743164e+00,1.325823426246643066e+00,1.325823426246643066e+00,1.276025772094726562e+00,1.311945080757141113e+00,7.239436507225036621e-01,7.239436507225036621e-01,8.458438515663146973e-01,7.672408819198608398e-01,2.306365370750427246e-01,2.306365370750427246e-01,3.639879524707794189e-01,2.103599905967712402e-01,1.265735924243927002e-01,1.265735924243927002e-01,2.072004377841949463e-01,2.007378041744232178e-01,4.415916800498962402e-01,4.415916800498962402e-01,4.906715750694274902e-01,5.988544821739196777e-01,1.031019091606140137e+00,1.031019091606140137e+00,9.052059054374694824e-01,1.112677097320556641e+00
2.480000000000000000e+02,1.419335842132568359e+00,1.419335842132568359e+00,1.379110097885131836e+00,1.363962173461914062e+00,1.350223302841186523e+00,1.350223302841186523e+00,1.307800650596618652e+00,1.325269699096679688e+00,7.455440759658813477e-01,7.455440759658813477e-01,8.752050995826721191e-01,7.758637070655822754e-01,2.372883260250091553e-01,2.372883260250091553e-01,3.867219090461730957e-01,2.100807130336761475e-01,1.216725036501884460e-01,1.216725036501884460e-01,1.984234303236007690e-01,2.013248503208160400e-01,4.324267506599426270e-01,4.324267506599426270e-01,4.744721353054046631e-01,5.969505310058593750e-01,1.022735953330993652e+00,1.022735953330993652e+00,8.970986604690551758e-01,1.109084010124206543e+00
2.490000000000000000e+02,1.435939192771911621e+00,1.435939192771911621e+00,1.393570303916931152e+00,1.371292471885681152e+00,1.374579906463623047e+00,1.374579906463623047e+00,1.339785456657409668e+00,1.338345646858215332e+00,7.671663761138916016e-01,7.671663761138916016e-01,9.043115377426147461e-01,7.833993434906005859e-01,2.428193986415863037e-01,2.428193986415863037e-01,3.994978070259094238e-01,2.099711298942565918e-01,1.162077635526657104e-01,1.162077635526657104e-01,1.884844303131103516e-01,2.019021660089492798e-01,4.242232441902160645e-01,4.242232441902160645e-01,4.574433863162994385e-01,5.947783589363098145e-01,1.015082240104675293e+00,1.015082240104675293e+00,8.894944787025451660e-01,1.103335738182067871e+00
2.500000000000000000e+02,1.448452830314636230e+00,1.448452830314636230e+00,1.408912301063537598e+00,1.377234935760498047e+00,1.398079395294189453e+00,1.398079395294189453e+00,1.369226217269897461e+00,1.351051330566406250e+00,7.896733283996582031e-01,7.896733283996582031e-01,9.324723482131958008e-01,7.895821928977966309e-01,2.471671998500823975e-01,2.471671998500823975e-01,4.118175804615020752e-01,2.090716063976287842e-01,1.099525094032287598e-01,1.099525094032287598e-01,1.790281683206558228e-01,2.021368145942687988e-01,4.153172969818115234e-01,4.153172969818115234e-01,4.396487772464752197e-01,5.919429063796997070e-01,1.006886601448059082e+00,1.006886601448059082e+00,8.815170526504516602e-01,1.102765560150146484e+00
2.510000000000000000e+02,1.462016105651855469e+00,1.462016105651855469e+00,1.425200223922729492e+00,1.383253455162048340e+00,1.422608375549316406e+00,1.422608375549316406e+00,1.404416918754577637e+00,1.362134218215942383e+00,8.104513883590698242e-01,8.104513883590698242e-01,9.557442665100097656e-01,7.954909801483154297e-01,2.502446472644805908e-01,2.502446472644805908e-01,4.229910969734191895e-01,2.069239616394042969e-01,1.033035442233085632e-01,1.033035442233085632e-01,1.683649271726608276e-01,2.020733505487442017e-01,4.065865278244018555e-01,4.065865278244018555e-01,4.234411716461181641e-01,5.890251994132995605e-01,9.984564781188964844e-01,9.984564781188964844e-01,8.745269179344177246e-01,1.099308013916015625e+00
2.520000000000000000e+02,1.476626038551330566e+00,1.476626038551330566e+00,1.442481398582458496e+00,1.390808820724487305e+00,1.446228623390197754e+00,1.446228623390197754e+00,1.434581875801086426e+00,1.376088500022888184e+00,8.301461338996887207e-01,8.301461338996887207e-01,9.886267185211181641e-01,8.005961179733276367e-01,2.520902156829833984e-01,2.520902156829833984e-01,4.330114424228668213e-01,2.061412781476974487e-01,9.585470706224441528e-02,9.585470706224441528e-02,1.570159643888473511e-01,2.019187808036804199e-01,3.970056772232055664e-01,3.970056772232055664e-01,4.063931107521057129e-01,5.859357118606567383e-01,9.899306297302246094e-01,9.899306297302246094e-01,8.674334287643432617e-01,1.095461487770080566e+00
2.530000000000000000e+02,1.492280840873718262e+00,1.492280840873718262e+00,1.460879445075988770e+00,1.401033878326416016e+00,1.468082189559936523e+00,1.468082189559936523e+00,1.468037366867065430e+00,1.387988448143005371e+00,8.485916256904602051e-01,8.485916256904602051e-01,1.015081763267517090e+00,8.047093749046325684e-01,2.537765502929687500e-01,2.537765502929687500e-01,4.420694708824157715e-01,2.034118473529815674e-01,8.639391511678695679e-02,8.639391511678695679e-02,1.449312269687652588e-01,2.012518495321273804e-01,3.849874436855316162e-01,3.849874436855316162e-01,3.890564739704132080e-01,5.820776820182800293e-01,9.823942184448242188e-01,9.823942184448242188e-01,8.604719638824462891e-01,1.091858386993408203e+00
2.540000000000000000e+02,1.508861541748046875e+00,1.508861541748046875e+00,1.480027079582214355e+00,1.411741614341735840e+00,1.492739558219909668e+00,1.492739558219909668e+00,1.499696016311645508e+00,1.399603247642517090e+00,8.664792180061340332e-01,8.664792180061340332e-01,1.041187047958374023e+00,8.080419898033142090e-01,2.541884779930114746e-01,2.541884779930114746e-01,4.497001469135284424e-01,2.001132965087890625e-01,7.973065972328186035e-02,7.973065972328186035e-02,1.322708874940872192e-01,1.999548673629760742e-01,3.763585686683654785e-01,3.763585686683654785e-01,3.714213371276855469e-01,5.791137218475341797e-01,9.745362401008605957e-01,9.745362401008605957e-01,8.538836240768432617e-01,1.087733387947082520e+00
2.550000000000000000e+02,1.526443719863891602e+00,1.526443719863891602e+00,1.499879121780395508e+00,1.422659754753112793e+00,1.515731573104858398e+00,1.515731573104858398e+00,1.530886530876159668e+00,1.410895466804504395e+00,8.830581307411193848e-01,8.830581307411193848e-01,1.065373420715332031e+00,8.108385801315307617e-01,2.533802092075347900e-01,2.533802092075347900e-01,4.562437832355499268e-01,1.959565579891204834e-01,7.082909345626831055e-02,7.082909345626831055e-02,1.190719753503799438e-01,1.981237232685089111e-01,3.650560975074768066e-01,3.650560975074768066e-01,3.480654954910278320e-01,5.729237794876098633e-01,9.666553139686584473e-01,9.666553139686584473e-01,8.472467660903930664e-01,1.083538651466369629e+00
2.560000000000000000e+02,1.544964075088500977e+00,1.544964075088500977e+00,1.524871826171875000e+00,1.433959484100341797e+00,1.543621540069580078e+00,1.543621540069580078e+00,1.568937540054321289e+00,1.423720359802246094e+00,9.071113467216491699e-01,9.071113467216491699e-01,1.098924279212951660e+00,8.165186643600463867e-01,2.564601898193359375e-01,2.564601898193359375e-01,4.682584404945373535e-01,1.928187608718872070e-01,6.489197164773941040e-02,6.489197164773941040e-02,1.103720068931579590e-01,1.974443793296813965e-01,3.602112531661987305e-01,3.602112531661987305e-01,3.418167829513549805e-01,5.737496614456176758e-01,9.623210430145263672e-01,9.623210430145263672e-01,8.462792634963989258e-01,1.080441117286682129e+00
2.570000000000000000e+02,1.564623117446899414e+00,1.564623117446899414e+00,1.550636172294616699e+00,1.445518851280212402e+00,1.571231961250305176e+00,1.571231961250305176e+00,1.607478618621826172e+00,1.436210393905639648e+00,9.300448894500732422e-01,9.300448894500732422e-01,1.132870197296142578e+00,8.208738565444946289e-01,2.581406533718109131e-01,2.581406533718109131e-01,4.801621735095977783e-01,1.887384951114654541e-01,5.837196856737136841e-02,5.837196856737136841e-02,1.013753563165664673e-01,1.968411207199096680e-01,3.546369373798370361e-01,3.546369373798370361e-01,3.298213183879852295e-01,5.719870924949645996e-01,9.576173424720764160e-01,9.576173424720764160e-01,8.452782630920410156e-01,1.077592849731445312e+00
2.580000000000000000e+02,1.585139036178588867e+00,1.585139036178588867e+00,1.577232122421264648e+00,1.457717657089233398e+00,1.598976016044616699e+00,1.598976016044616699e+00,1.645478487014770508e+00,1.448459148406982422e+00,9.500080347061157227e-01,9.500080347061157227e-01,1.164719939231872559e+00,8.258940577507019043e-01,2.583800554275512695e-01,2.583800554275512695e-01,4.905402064323425293e-01,1.836330145597457886e-01,5.146637558937072754e-02,5.146637558937072754e-02,9.153305739164352417e-02,1.862566471099853516e-01,3.477202653884887695e-01,3.477202653884887695e-01,3.180989623069763184e-01,5.698545575141906738e-01,9.527741670608520508e-01,9.527741670608520508e-01,8.443841934204101562e-01,1.074618697166442871e+00
2.590000000000000000e+02,1.606617212295532227e+00,1.606617212295532227e+00,1.606113195419311523e+00,1.470097422599792480e+00,1.628615140914916992e+00,1.628615140914916992e+00,1.687270522117614746e+00,1.461830854415893555e+00,9.755024909973144531e-01,9.755024909973144531e-01,1.200218915939331055e+00,8.319692015647888184e-01,2.611249685287475586e-01,2.611249685287475586e-01,5.031062960624694824e-01,1.791247427463531494e-01,4.523543268442153931e-02,4.523543268442153931e-02,8.372117578983306885e-02,1.951882094144821167e-01,3.438588976860046387e-01,3.438588976860046387e-01,3.070310056209564209e-01,5.689885020256042480e-01,9.505484700202941895e-01,9.505484700202941895e-01,8.458039760589599609e-01,1.072100639343261719e+00
2.600000000000000000e+02,1.629302144050598145e+00,1.629302144050598145e+00,1.640248894691467285e+00,1.461017251014709473e+00,1.667747497558593750e+00,1.667747497558593750e+00,1.739074230194091797e+00,1.479537606239318848e+00,1.012938261032104492e+00,1.012938261032104492e+00,1.248404026031494141e+00,8.450078368186950684e-01,2.739010453224182129e-01,2.739010453224182129e-01,5.248221158981323242e-01,1.777194142341613770e-01,4.574377834796905518e-02,4.574377834796905518e-02,8.193378895521163940e-02,1.970508396625518799e-01,3.483759462833404541e-01,3.483759462833404541e-01,3.083102405071258545e-01,5.724502801895141602e-01,9.563010931015014648e-01,9.563010931015014648e-01,8.535836935043334961e-01,1.072050333023071289e+00
2.610000000000000000e+02,1.653093457221984863e+00,1.653093457221984863e+00,1.675346374511718750e+00,1.494396090507507324e+00,1.706518650054931641e+00,1.706518650054931641e+00,1.791939139366149902e+00,1.497523427009582520e+00,1.048232913017272949e+00,1.048232913017272949e+00,1.295390844345092773e+00,8.573980331420898438e-01,2.850163877010345459e-01,2.850163877010345459e-01,5.432741641998291016e-01,1.759448796510696411e-01,4.540656134486198425e-02,4.540656134486198425e-02,8.001238107681274414e-02,1.986735761165618896e-01,3.522305786609649658e-01,3.522305786609649658e-01,3.075042963027954102e-01,5.755481123924255371e-01,9.617959260940551758e-01,9.617959260940551758e-01,8.616324663162231445e-01,1.071512341499328613e+00
2.620000000000000000e+02,1.677968740463256836e+00,1.677968740463256836e+00,1.712336897850036621e+00,1.507922410964965820e+00,1.747063159942626953e+00,1.747063159942626953e+00,1.847253084182739258e+00,1.516581416130065918e+00,1.086965918540954590e+00,1.086965918540954590e+00,1.345229029655456543e+00,8.716571927070617676e-01,2.959529161453247070e-01,2.959529161453247070e-01,5.659781098365783691e-01,1.772378534078598022e-01,4.590490460395812988e-02,4.590490460395812988e-02,7.946385443210601807e-02,2.010628879070281982e-01,3.586875200271606445e-01,3.586875200271606445e-01,3.083919584751129150e-01,5.796128511428833008e-01,9.582931399345397949e-01,9.582931399345397949e-01,8.718356490135192871e-01,1.071569204330444336e+00
2.630000000000000000e+02,1.703931331634521484e+00,1.703931331634521484e+00,1.750336408615112305e+00,1.519296884536743164e+00,1.787135124206542969e+00,1.787135124206542969e+00,1.903096437454223633e+00,1.536417961120605469e+00,1.126479983329772949e+00,1.126479983329772949e+00,1.393827319145202637e+00,8.848939538002014160e-01,3.072102069854736328e-01,3.072102069854736328e-01,5.858640074729919434e-01,1.791973859071731567e-01,4.636897519230842590e-02,4.636897519230842590e-02,7.913503050804138184e-02,2.036715000867843628e-01,3.658545315265655518e-01,3.658545315265655518e-01,3.094041645526885986e-01,5.831676721572875977e-01,9.743276834487915039e-01,9.743276834487915039e-01,8.818962574005126953e-01,1.072131156921386719e+00
2.640000000000000000e+02,1.731026887893676758e+00,1.731026887893676758e+00,1.789278268814086914e+00,1.535159111022949219e+00,1.830501675605773926e+00,1.830501675605773926e+00,1.958983182907104492e+00,1.556074380874633789e+00,1.161647677421569824e+00,1.161647677421569824e+00,1.441083788871765137e+00,8.969845771789550781e-01,3.159392774105072021e-01,3.159392774105072021e-01,6.042707562446594238e-01,1.665917634963989258e-01,4.682158678770065308e-02,4.682158678770065308e-02,7.846686989068984985e-02,2.059583961963653564e-01,3.721175789833068848e-01,3.721175789833068848e-01,3.102649152278900146e-01,5.863009691238403320e-01,9.803659915924072266e-01,9.803659915924072266e-01,8.955591917037963867e-01,1.072167992591857910e+00
2.650000000000000000e+02,1.759239673614501953e+00,1.759239673614501953e+00,1.829166054725646973e+00,1.549049854278564453e+00,1.871734976768493652e+00,1.871734976768493652e+00,2.014808177947998047e+00,1.576332807540893555e+00,1.198110818862915039e+00,1.198110818862915039e+00,1.486964583396911621e+00,9.080500006675720215e-01,3.007246851921081543e-01,3.007246851921081543e-01,6.210600137710571289e-01,1.801461726427078247e-01,4.688477516174316406e-02,4.688477516174316406e-02,7.761600613594055176e-02,2.083718776702880859e-01,3.784725964069366455e-01,3.784725964069366455e-01,3.108882904052734375e-01,5.888899564743041992e-01,9.804391860961914062e-01,9.804391860961914062e-01,9.105525016784667969e-01,1.071697354316711426e+00
2.660000000000000000e+02,1.788408398628234863e+00,1.788408398628234863e+00,1.869960665702819824e+00,1.563049435615539551e+00,1.911784529685974121e+00,1.911784529685974121e+00,2.070523023605346680e+00,1.595990419387817383e+00,1.235427260398864746e+00,1.235427260398864746e+00,1.531848669052124023e+00,9.180541038513183594e-01,3.276650607585906982e-01,3.276650607585906982e-01,6.365195512771606445e-01,1.791430860757827759e-01,4.671366512775421143e-02,4.671366512775421143e-02,7.666485011577606201e-02,2.064988762140274048e-01,3.849191069602966309e-01,3.849191069602966309e-01,3.114659190177917480e-01,5.918743610382080078e-01,9.876437783241271973e-01,9.876437783241271973e-01,9.256669282913208008e-01,1.070631384849548340e+00
2.670000000000000000e+02,1.818597078323364258e+00,1.818597078323364258e+00,1.911320686340332031e+00,1.577416300773620605e+00,1.952351689338684082e+00,1.952351689338684082e+00,2.125907897949218750e+00,1.615414857864379883e+00,1.267353415489196777e+00,1.267353415489196777e+00,1.571124196052551270e+00,9.271832108497619629e-01,3.308432996273040771e-01,3.308432996273040771e-01,6.487603783607482910e-01,1.769800931215286255e-01,4.628898948431015015e-02,4.628898948431015015e-02,7.486839592456817627e-02,2.104776054620742798e-01,3.895089924335479736e-01,3.895089924335479736e-01,3.112267851829528809e-01,5.947512388229370117e-01,9.956184029579162598e-01,9.956184029579162598e-01,9.412389993667602539e-01,1.069318532943725586e+00
2.680000000000000000e+02,1.849694252014160156e+00,1.849694252014160156e+00,1.953990578651428223e+00,1.591918230056762695e+00,1.992761373519897461e+00,1.992761373519897461e+00,2.180920600891113281e+00,1.634736061096191406e+00,1.300508379936218262e+00,1.300508379936218262e+00,1.617000818252563477e+00,9.351720809936523438e-01,3.320759832859039307e-01,3.320759832859039307e-01,6.614003181457519531e-01,1.735199689865112305e-01,4.569182544946670532e-02,4.569182544946670532e-02,7.352916151285171509e-02,2.147277295589447021e-01,3.943449258804321289e-01,3.943449258804321289e-01,3.120989203453063965e-01,5.972371101379394531e-01,9.999500513076782227e-01,9.999500513076782227e-01,9.568920731544494629e-01,1.067412614822387695e+00
2.690000000000000000e+02,1.881751179695129395e+00,1.881751179695129395e+00,1.997209668159484863e+00,1.606485009193420410e+00,2.033886432647705078e+00,2.033886432647705078e+00,2.235539197921752930e+00,1.653880238533020020e+00,1.330671548843383789e+00,1.330671548843383789e+00,1.658307552337646484e+00,9.435161352157592773e-01,3.316595256328582764e-01,3.316595256328582764e-01,6.700981855392456055e-01,1.750566959381103516e-01,4.483407363295555115e-02,4.483407363295555115e-02,7.272895425558090210e-02,2.164162993431091309e-01,3.997114300727844238e-01,3.997114300727844238e-01,3.123297095298767090e-01,5.991321802139282227e-01,1.002172112464904785e+00,1.002172112464904785e+00,9.730852842330932617e-01,1.064906239509582520e+00
2.700000000000000000e+02,1.914723992347717285e+00,1.914723992347717285e+00,2.041146278381347656e+00,1.622181534767150879e+00,2.073555707931518555e+00,2.073555707931518555e+00,2.289650917053222656e+00,1.672851800918579102e+00,1.359130263328552246e+00,1.359130263328552246e+00,1.697962641716003418e+00,9.506561160087585449e-01,3.293393552303314209e-01,3.293393552303314209e-01,6.789427995681762695e-01,1.743209958076477051e-01,4.379968345165252686e-02,4.379968345165252686e-02,7.133802026510238647e-02,2.179458290338516235e-01,4.037023782730102539e-01,4.037023782730102539e-01,3.131781518459320068e-01,6.005275845527648926e-01,1.007442235946655273e+00,1.007442235946655273e+00,9.934831261634826660e-01,1.060958147048950195e+00
2.710000000000000000e+02,1.948369979858398438e+00,1.948369979858398438e+00,2.085731506347656250e+00,1.638582944869995117e+00,2.114878654479980469e+00,2.114878654479980469e+00,2.343203067779541016e+00,1.687949538230895996e+00,1.383119225502014160e+00,1.383119225502014160e+00,1.737488865852355957e+00,9.538994431495666504e-01,3.296242952346801758e-01,3.296242952346801758e-01,6.849679946899414062e-01,1.726442575454711914e-01,4.463782906532287598e-02,4.463782906532287598e-02,6.977789103984832764e-02,2.191779166460037231e-01,4.071707129478454590e-01,4.071707129478454590e-01,3.137070834636688232e-01,6.019318103790283203e-01,1.015043497085571289e+00,1.015043497085571289e+00,1.014322042465209961e+00,1.058606505393981934e+00
2.720000000000000000e+02,1.983004331588745117e+00,1.983004331588745117e+00,2.131000518798828125e+00,1.655524730682373047e+00,2.154400825500488281e+00,2.154400825500488281e+00,2.396039009094238281e+00,1.709731101989746094e+00,1.411353111267089844e+00,1.411353111267089844e+00,1.773997426033020020e+00,9.611161351203918457e-01,3.282448649406433105e-01,3.282448649406433105e-01,6.891775131225585938e-01,1.702134758234024048e-01,4.516561329364776611e-02,4.516561329364776611e-02,6.792131066322326660e-02,2.204596698284149170e-01,4.101636409759521484e-01,4.101636409759521484e-01,3.152116537094116211e-01,6.032398939132690430e-01,1.022355318069458008e+00,1.022355318069458008e+00,1.035498142242431641e+00,1.056902647018432617e+00
2.730000000000000000e+02,2.018337249755859375e+00,2.018337249755859375e+00,2.176849126815795898e+00,1.672433018684387207e+00,2.190719842910766602e+00,2.190719842910766602e+00,2.448576688766479492e+00,1.726090908050537109e+00,1.435214161872863770e+00,1.435214161872863770e+00,1.809529066085815430e+00,9.646800756454467773e-01,3.251993060111999512e-01,3.251993060111999512e-01,6.932758688926696777e-01,1.668999940156936646e-01,4.545701295137405396e-02,4.545701295137405396e-02,6.578802317380905151e-02,2.216740697622299194e-01,4.126909375190734863e-01,4.126909375190734863e-01,3.151772320270538330e-01,6.043016910552978516e-01,1.029407262802124023e+00,1.029407262802124023e+00,1.056987762451171875e+00,1.054846763610839844e+00
2.740000000000000000e+02,2.054436445236206055e+00,2.054436445236206055e+00,2.223251342773437500e+00,1.689682602882385254e+00,2.235074043273925781e+00,2.235074043273925781e+00,2.500472545623779297e+00,1.744231939315795898e+00,1.457011222839355469e+00,1.457011222839355469e+00,1.843618869781494141e+00,9.669636487960815430e-01,3.205007314682006836e-01,3.205007314682006836e-01,6.962983608245849609e-01,1.626019775867462158e-01,4.518152773380279541e-02,4.518152773380279541e-02,6.352035701274871826e-02,2.210997045040130615e-01,4.146386086940765381e-01,4.146386086940765381e-01,3.163433969020843506e-01,6.049038767814636230e-01,1.036182641983032227e+00,1.036182641983032227e+00,1.078791379928588867e+00,1.052677035331726074e+00
2.750000000000000000e+02,2.088395118713378906e+00,2.088395118713378906e+00,2.270162343978881836e+00,1.708966612815856934e+00,2.273892164230346680e+00,2.273892164230346680e+00,2.550693273544311523e+00,1.761476039886474609e+00,1.477018475532531738e+00,1.477018475532531738e+00,1.876013040542602539e+00,9.682133197784423828e-01,3.141427040100097656e-01,3.141427040100097656e-01,6.975541710853576660e-01,1.576008945703506470e-01,4.506250098347663879e-02,4.506250098347663879e-02,6.068466231226921082e-02,2.228824347257614136e-01,4.161711335182189941e-01,4.161711335182189941e-01,3.156906962394714355e-01,6.050701141357421875e-01,1.042650580406188965e+00,1.042650580406188965e+00,1.100900650024414062e+00,1.049889564514160156e+00
2.760000000000000000e+02,2.128421068191528320e+00,2.128421068191528320e+00,2.317519903182983398e+00,1.729607939720153809e+00,2.311774492263793945e+00,2.311774492263793945e+00,2.602242946624755859e+00,1.777881383895874023e+00,1.494246125221252441e+00,1.494246125221252441e+00,1.906698465347290039e+00,9.683443307876586914e-01,3.061418831348419189e-01,3.061418831348419189e-01,6.970255374908447266e-01,1.525843590497970581e-01,4.438985884189605713e-02,4.438985884189605713e-02,5.786022543907165527e-02,2.232765406370162964e-01,4.171332120895385742e-01,4.171332120895385742e-01,3.104826807975769043e-01,6.046915054321289062e-01,1.048878669738769531e+00,1.048878669738769531e+00,1.123337507247924805e+00,1.046805143356323242e+00
2.770000000000000000e+02,2.166375637054443359e+00,2.166375637054443359e+00,2.365246057510375977e+00,1.751835107803344727e+00,2.348926782608032227e+00,2.348926782608032227e+00,2.651241540908813477e+00,1.793715476989746094e+00,1.510637998580932617e+00,1.510637998580932617e+00,1.935505986213684082e+00,9.670542478561401367e-01,2.965051531791687012e-01,2.965051531791687012e-01,6.930487155914306641e-01,1.478254050016403198e-01,4.344136267900466919e-02,4.344136267900466919e-02,5.529187619686126709e-02,2.233307957649230957e-01,4.158691763877868652e-01,4.158691763877868652e-01,3.170588910579681396e-01,6.037877202033996582e-01,1.054764151573181152e+00,1.054764151573181152e+00,1.145422816276550293e+00,1.043783664703369141e+00
2.780000000000000000e+02,2.204827785491943359e+00,2.204827785491943359e+00,2.413398265838623047e+00,1.774900197982788086e+00,2.385374307632446289e+00,2.385374307632446289e+00,2.701150894165039062e+00,1.809098005294799805e+00,1.525680303573608398e+00,1.525680303573608398e+00,1.962590456008911133e+00,9.643489718437194824e-01,2.852479517459869385e-01,2.852479517459869385e-01,6.910250782966613770e-01,1.435405313968658447e-01,4.235894605517387390e-02,4.235894605517387390e-02,5.232111364603042603e-02,2.233181744813919067e-01,4.176904261112213135e-01,4.176904261112213135e-01,3.172093629837036133e-01,6.024829149246215820e-01,1.038399457931518555e+00,1.038399457931518555e+00,1.169287919998168945e+00,1.042096614837646484e+00
2.790000000000000000e+02,2.243464708328247070e+00,2.243464708328247070e+00,2.462118864059448242e+00,1.797874093055725098e+00,2.421100616455078125e+00,2.421100616455078125e+00,2.749465942382812500e+00,1.824153661727905273e+00,1.539482355117797852e+00,1.539482355117797852e+00,1.987809777259826660e+00,9.602152705192565918e-01,2.724244594573974609e-01,2.724244594573974609e-01,6.867035031318664551e-01,1.396397799253463745e-01,4.109764471650123596e-02,4.109764471650123596e-02,4.967729002237319946e-02,2.232628911733627319e-01,4.175028204917907715e-01,4.175028204917907715e-01,3.171310722827911377e-01,6.006630659103393555e-01,1.064864158630371094e+00,1.064864158630371094e+00,1.195970773696899414e+00,1.040065884590148926e+00
2.800000000000000000e+02,2.282872438430786133e+00,2.282872438430786133e+00,2.511744499206542969e+00,1.821505308151245117e+00,2.456239223480224609e+00,2.456239223480224609e+00,2.797157049179077148e+00,1.839046001434326172e+00,1.553256034851074219e+00,1.553256034851074219e+00,2.012610673904418945e+00,9.558980464935302734e-01,2.589001059532165527e-01,2.589001059532165527e-01,6.828548908233642578e-01,1.355154365301132202e-01,4.016427695751190186e-02,4.016427695751190186e-02,4.639029130339622498e-02,2.228766083717346191e-01,4.189637601375579834e-01,4.189637601375579834e-01,3.177711963653564453e-01,5.991407632827758789e-01,1.071332454681396484e+00,1.071332454681396484e+00,1.224452257156372070e+00,1.038651466369628906e+00
2.810000000000000000e+02,2.322952747344970703e+00,2.322952747344970703e+00,2.561635494232177734e+00,1.845334768295288086e+00,2.489567279815673828e+00,2.489567279815673828e+00,2.842039108276367188e+00,1.853270053863525391e+00,1.565166473388671875e+00,1.565166473388671875e+00,2.035646677017211914e+00,9.487289786338806152e-01,2.437645047903060913e-01,2.437645047903060913e-01,6.784351468086242676e-01,1.307806819677352905e-01,3.920716047286987305e-02,3.920716047286987305e-02,4.505491256713867188e-02,2.222606539726257324e-01,4.200377166271209717e-01,4.200377166271209717e-01,3.180691301822662354e-01,5.970479249954223633e-01,1.076597690582275391e+00,1.076597690582275391e+00,1.253290414810180664e+00,1.037989974021911621e+00
2.820000000000000000e+02,2.363075971603393555e+00,2.363075971603393555e+00,2.612423419952392578e+00,1.868493795394897461e+00,2.527201175689697266e+00,2.527201175689697266e+00,2.893769502639770508e+00,1.864907383918762207e+00,1.578312516212463379e+00,1.578312516212463379e+00,2.059335231781005859e+00,9.433155059814453125e-01,2.396347522735595703e-01,2.396347522735595703e-01,6.744961738586425781e-01,1.261697709560394287e-01,3.982979059219360352e-02,3.982979059219360352e-02,4.440170526504516602e-02,2.244806289672851562e-01,4.237548410892486572e-01,4.237548410892486572e-01,3.205436766147613525e-01,5.960600972175598145e-01,1.094205856323242188e+00,1.094205856323242188e+00,1.284546852111816406e+00,1.037440180778503418e+00
2.830000000000000000e+02,2.403238296508789062e+00,2.403238296508789062e+00,2.663900852203369141e+00,1.893416285514831543e+00,2.562462091445922852e+00,2.562462091445922852e+00,2.941756248474121094e+00,1.881201148033142090e+00,1.590487599372863770e+00,1.590487599372863770e+00,2.081876993179321289e+00,9.385354518890380859e-01,2.385101169347763062e-01,2.385101169347763062e-01,6.694695949554443359e-01,1.232755631208419800e-01,4.087712243199348450e-02,4.087712243199348450e-02,4.420541971921920776e-02,2.251876294612884521e-01,4.280651211738586426e-01,4.280651211738586426e-01,3.228104710578918457e-01,5.951727032661437988e-01,1.116079211235046387e+00,1.116079211235046387e+00,1.316505193710327148e+00,1.036732196807861328e+00
2.840000000000000000e+02,2.444213151931762695e+00,2.444213151931762695e+00,2.715161561965942383e+00,1.918012976646423340e+00,2.595524072647094727e+00,2.595524072647094727e+00,2.988797664642333984e+00,1.894877672195434570e+00,1.600811719894409180e+00,1.600811719894409180e+00,2.102647066116333008e+00,9.307764768600463867e-01,2.362485080957412720e-01,2.362485080957412720e-01,6.628010869026184082e-01,1.210503727197647095e-01,4.168814420700073242e-02,4.168814420700073242e-02,4.404368624091148376e-02,2.256854474544525146e-01,4.318286180496215820e-01,4.318286180496215820e-01,3.261253535747528076e-01,5.939404368400573730e-01,1.137934207916259766e+00,1.137934207916259766e+00,1.349054336547851562e+00,1.035508990287780762e+00
2.850000000000000000e+02,2.484970331192016602e+00,2.484970331192016602e+00,2.766689300537109375e+00,1.942239761352539062e+00,2.629764080047607422e+00,2.629764080047607422e+00,3.034607887268066406e+00,1.907510280609130859e+00,1.609178066253662109e+00,1.609178066253662109e+00,2.121579408645629883e+00,9.238414168357849121e-01,2.328528910875320435e-01,2.328528910875320435e-01,6.545033454895019531e-01,1.181592196226119995e-01,4.226400330662727356e-02,4.226400330662727356e-02,4.380020499229431152e-02,2.245316207408905029e-01,4.350647330284118652e-01,4.350647330284118652e-01,3.287232220172882080e-01,5.922393798828125000e-01,1.159854888916015625e+00,1.159854888916015625e+00,1.384495973587036133e+00,1.033602833747863770e+00
2.860000000000000000e+02,2.525445222854614258e+00,2.525445222854614258e+00,2.818629741668701172e+00,1.967514514923095703e+00,2.661760568618774414e+00,2.661760568618774414e+00,3.079714775085449219e+00,1.919692516326904297e+00,1.616471529006958008e+00,1.616471529006958008e+00,2.139483928680419922e+00,9.156781435012817383e-01,2.286756783723831177e-01,2.286756783723831177e-01,6.451087594032287598e-01,1.150096952915191650e-01,3.766725212335586548e-02,3.766725212335586548e-02,4.498973488807678223e-02,2.266397625207901001e-01,4.391682147979736328e-01,4.391682147979736328e-01,3.327938914299011230e-01,5.905497670173645020e-01,1.163496017456054688e+00,1.163496017456054688e+00,1.421984314918518066e+00,1.032071709632873535e+00
2.870000000000000000e+02,2.567261219024658203e+00,2.567261219024658203e+00,2.870211124420166016e+00,1.992357730865478516e+00,2.693237066268920898e+00,2.693237066268920898e+00,3.120465278625488281e+00,1.930971503257751465e+00,1.621803283691406250e+00,1.621803283691406250e+00,2.155251264572143555e+00,9.065728187561035156e-01,2.233340442180633545e-01,2.233340442180633545e-01,6.341155171394348145e-01,1.114170849323272705e-01,4.414597898721694946e-02,4.414597898721694946e-02,4.572338983416557312e-02,2.268411517143249512e-01,4.427334964275360107e-01,4.427334964275360107e-01,3.386189043521881104e-01,5.883775353431701660e-01,1.205000162124633789e+00,1.205000162124633789e+00,1.459915637969970703e+00,1.027016401290893555e+00
2.880000000000000000e+02,2.608467578887939453e+00,2.608467578887939453e+00,2.921659231185913086e+00,2.017168521881103516e+00,2.723189115524291992e+00,2.723189115524291992e+00,3.165940523147583008e+00,1.941348075866699219e+00,1.625171422958374023e+00,1.625171422958374023e+00,2.169077157974243164e+00,8.968294262886047363e-01,2.169156670570373535e-01,2.169156670570373535e-01,6.215460300445556641e-01,1.073772758245468140e-01,4.477201029658317566e-02,4.477201029658317566e-02,4.630416259169578552e-02,2.261887937784194946e-01,4.457904100418090820e-01,4.457904100418090820e-01,3.446718156337738037e-01,5.856022238731384277e-01,1.227449536323547363e+00,1.227449536323547363e+00,1.498187303543090820e+00,1.026889085769653320e+00
2.890000000000000000e+02,2.649612426757812500e+00,2.649612426757812500e+00,2.973309040069580078e+00,2.042483329772949219e+00,2.753219604492187500e+00,2.753219604492187500e+00,3.204602479934692383e+00,1.948879480361938477e+00,1.626536846160888672e+00,1.626536846160888672e+00,2.180882930755615234e+00,8.852253556251525879e-01,2.117763310670852661e-01,2.117763310670852661e-01,6.073096394538879395e-01,1.028832271695137024e-01,4.644305631518363953e-02,4.644305631518363953e-02,4.621820524334907532e-02,2.259199470281600952e-01,4.482783079147338867e-01,4.482783079147338867e-01,3.508280515670776367e-01,5.823261737823486328e-01,1.251641869544982910e+00,1.251641869544982910e+00,1.536246061325073242e+00,1.023570537567138672e+00
2.900000000000000000e+02,2.690676212310791016e+00,2.690676212310791016e+00,3.024356365203857422e+00,2.066516637802124023e+00,2.781922101974487305e+00,2.781922101974487305e+00,3.246772766113281250e+00,1.958528518676757812e+00,1.602499008178710938e+00,1.602499008178710938e+00,2.190811395645141602e+00,8.739000558853149414e-01,2.056019008159637451e-01,2.056019008159637451e-01,5.918041467666625977e-01,9.701865166425704956e-02,4.786246269941329956e-02,4.786246269941329956e-02,4.691873490810394287e-02,2.256834954023361206e-01,4.473829865455627441e-01,4.473829865455627441e-01,3.573718070983886719e-01,5.789957642555236816e-01,1.276887893676757812e+00,1.276887893676757812e+00,1.575631260871887207e+00,1.019766092300415039e+00
2.910000000000000000e+02,2.731495857238769531e+00,2.731495857238769531e+00,3.075121879577636719e+00,2.092651128768920898e+00,2.809265851974487305e+00,2.809265851974487305e+00,3.285219430923461914e+00,1.967309713363647461e+00,1.623286962509155273e+00,1.623286962509155273e+00,2.199039936065673828e+00,8.645913600921630859e-01,1.981504112482070923e-01,1.981504112482070923e-01,5.746656656265258789e-01,9.285106509923934937e-02,4.913605749607086182e-02,4.913605749607086182e-02,4.735834524035453796e-02,2.249160110950469971e-01,4.516645073890686035e-01,4.516645073890686035e-01,3.639315366744995117e-01,5.754065513610839844e-01,1.300871372222900391e+00,1.300871372222900391e+00,1.614742040634155273e+00,1.015432357788085938e+00
2.920000000000000000e+02,2.772491455078125000e+00,2.772491455078125000e+00,3.125298976898193359e+00,2.117821693420410156e+00,2.835216283798217773e+00,2.835216283798217773e+00,3.322304010391235352e+00,1.971410751342773438e+00,1.618815064430236816e+00,1.618815064430236816e+00,2.189988136291503906e+00,8.543632030487060547e-01,1.901877075433731079e-01,1.901877075433731079e-01,5.561076402664184570e-01,9.038349986076354980e-02,4.990171641111373901e-02,4.990171641111373901e-02,4.773043096065521240e-02,2.229683250188827515e-01,4.525052905082702637e-01,4.525052905082702637e-01,3.722872436046600342e-01,5.713222026824951172e-01,1.325938463211059570e+00,1.325938463211059570e+00,1.654032111167907715e+00,1.010716438293457031e+00
2.930000000000000000e+02,2.813078165054321289e+00,2.813078165054321289e+00,3.175591707229614258e+00,2.142972946166992188e+00,2.861067771911621094e+00,2.861067771911621094e+00,3.357963085174560547e+00,1.979739189147949219e+00,1.612405776977539062e+00,1.612405776977539062e+00,2.210453748703002930e+00,8.430274724960327148e-01,1.810237914323806763e-01,1.810237914323806763e-01,5.361268520355224609e-01,8.773756027221679688e-02,5.208656191825866699e-02,5.208656191825866699e-02,4.864354431629180908e-02,2.226249426603317261e-01,4.527792632579803467e-01,4.527792632579803467e-01,3.835924267768859863e-01,5.669232010841369629e-01,1.346089839935302734e+00,1.346089839935302734e+00,1.696818590164184570e+00,1.005136013031005859e+00
2.940000000000000000e+02,2.853402614593505859e+00,2.853402614593505859e+00,3.224949121475219727e+00,2.168077230453491211e+00,2.885931730270385742e+00,2.885931730270385742e+00,3.392384767532348633e+00,1.986429095268249512e+00,1.604175925254821777e+00,1.604175925254821777e+00,2.213217020034790039e+00,8.307571411132812500e-01,1.708842813968658447e-01,1.708842813968658447e-01,5.143892765045166016e-01,8.491101115942001343e-02,5.509280413389205933e-02,5.509280413389205933e-02,4.916992038488388062e-02,2.221930921077728271e-01,4.532650113105773926e-01,4.532650113105773926e-01,3.948604166507720947e-01,5.624793767929077148e-01,1.374637365341186523e+00,1.374637365341186523e+00,1.740098118782043457e+00,1.005080223083496094e+00
2.950000000000000000e+02,2.893157005310058594e+00,2.893157005310058594e+00,3.273927211761474609e+00,2.191193342208862305e+00,2.910670042037963867e+00,2.910670042037963867e+00,3.425138711929321289e+00,1.991245746612548828e+00,1.594104409217834473e+00,1.594104409217834473e+00,2.214815855026245117e+00,8.172110915184020996e-01,1.598007678985595703e-01,1.598007678985595703e-01,4.934046268463134766e-01,8.277714252471923828e-02,5.756874382495880127e-02,5.756874382495880127e-02,4.979503154754638672e-02,2.212243229150772095e-01,4.529168307781219482e-01,4.529168307781219482e-01,4.057161808013916016e-01,5.585112571716308594e-01,1.398701310157775879e+00,1.398701310157775879e+00,1.774807214736938477e+00,1.008606672286987305e+00
2.960000000000000000e+02,2.933061361312866211e+00,2.933061361312866211e+00,3.322319984436035156e+00,2.217608213424682617e+00,2.927734613418579102e+00,2.927734613418579102e+00,3.451428890228271484e+00,1.995311975479125977e+00,1.582045555114746094e+00,1.582045555114746094e+00,2.214487552642822266e+00,7.991366386413574219e-01,1.477758437395095825e-01,1.477758437395095825e-01,4.774078428745269775e-01,8.137778192758560181e-02,6.014305725693702698e-02,6.014305725693702698e-02,5.055472999811172485e-02,2.202271223068237305e-01,4.519521594047546387e-01,4.519521594047546387e-01,4.162777662277221680e-01,5.537731647491455078e-01,1.422668337821960449e+00,1.422668337821960449e+00,1.828340172767639160e+00,1.011821508407592773e+00
2.970000000000000000e+02,2.972295045852661133e+00,2.972295045852661133e+00,3.370301485061645508e+00,2.241887569427490234e+00,2.954113245010375977e+00,2.954113245010375977e+00,3.487215280532836914e+00,1.998271822929382324e+00,1.568073630332946777e+00,1.568073630332946777e+00,2.212236881256103516e+00,7.868260741233825684e-01,1.347667723894119263e-01,1.347667723894119263e-01,4.616333842277526855e-01,7.982077449560165405e-02,6.210133433341979980e-02,6.210133433341979980e-02,5.139233544468879700e-02,2.190530151128768921e-01,4.504967927932739258e-01,4.504967927932739258e-01,4.265349209308624268e-01,5.482583642005920410e-01,1.446258544921875000e+00,1.446258544921875000e+00,1.874271988868713379e+00,1.014642596244812012e+00
2.980000000000000000e+02,3.009636402130126953e+00,3.009636402130126953e+00,3.417723655700683594e+00,2.265770196914672852e+00,2.973256111145019531e+00,2.973256111145019531e+00,3.515651702880859375e+00,2.000186443328857422e+00,1.554048538208007812e+00,1.554048538208007812e+00,2.208690643310546875e+00,7.696627974510192871e-01,1.210355237126350403e-01,1.210355237126350403e-01,4.450099468231201172e-01,7.816068083047866821e-02,6.288431584835052490e-02,6.288431584835052490e-02,5.249949172139167786e-02,2.174842655658721924e-01,4.506167471408843994e-01,4.506167471408843994e-01,4.369197189807891846e-01,5.428692102432250977e-01,1.469949960708618164e+00,1.469949960708618164e+00,1.920880079269409180e+00,1.018230557441711426e+00
2.990000000000000000e+02,3.049145221710205078e+00,3.049145221710205078e+00,3.463908672332763672e+00,2.289498567581176758e+00,2.991251230239868164e+00,2.991251230239868164e+00,3.542855024337768555e+00,2.000911712646484375e+00,1.538025617599487305e+00,1.538025617599487305e+00,2.202886343002319336e+00,7.513618469238281250e-01,1.063702628016471863e-01,1.063702628016471863e-01,4.282220005989074707e-01,7.652296870946884155e-02,6.574931740760803223e-02,6.574931740760803223e-02,5.345334112644195557e-02,2.165873050689697266e-01,4.500349760055541992e-01,4.500349760055541992e-01,4.471561908721923828e-01,5.367979407310485840e-01,1.493294835090637207e+00,1.493294835090637207e+00,1.967646598815917969e+00,1.022979259490966797e+00
3.000000000000000000e+02,3.086842060089111328e+00,3.086842060089111328e+00,3.509418964385986328e+00,2.312992334365844727e+00,3.007249355316162109e+00,3.007249355316162109e+00,3.567241668701171875e+00,2.000528573989868164e+00,1.520119905471801758e+00,1.520119905471801758e+00,2.195276498794555664e+00,7.316013574600219727e-01,9.079517424106597900e-02,9.079517424106597900e-02,4.117466509342193604e-01,7.461904734373092651e-02,6.684645265340805054e-02,6.684645265340805054e-02,5.085444077849388123e-02,2.135246545076370239e-01,4.489438831806182861e-01,4.489438831806182861e-01,4.566237926483154297e-01,5.303260087966918945e-01,1.516272306442260742e+00,1.516272306442260742e+00,2.014612436294555664e+00,1.034427285194396973e+00
3.010000000000000000e+02,3.123968124389648438e+00,3.123968124389648438e+00,3.554757356643676758e+00,2.335913658142089844e+00,3.022424697875976562e+00,3.022424697875976562e+00,3.590779066085815430e+00,1.998934507369995117e+00,1.500379800796508789e+00,1.500379800796508789e+00,2.184605360031127930e+00,7.104694843292236328e-01,7.960619777441024780e-02,7.960619777441024780e-02,3.942742943763732910e-01,7.254574447870254517e-02,6.877993792295455933e-02,6.877993792295455933e-02,5.475801974534988403e-02,2.128112763166427612e-01,4.474264085292816162e-01,4.474264085292816162e-01,4.662429690361022949e-01,5.232061743736267090e-01,1.544108986854553223e+00,1.544108986854553223e+00,2.061673164367675781e+00,1.047686815261840820e+00
3.020000000000000000e+02,3.160370111465454102e+00,3.160370111465454102e+00,3.598652839660644531e+00,2.358317375183105469e+00,3.035792112350463867e+00,3.035792112350463867e+00,3.613824605941772461e+00,1.995778083801269531e+00,1.478460073471069336e+00,1.478460073471069336e+00,2.174168109893798828e+00,6.880030632019042969e-01,6.771936267614364624e-02,6.771936267614364624e-02,3.845790326595306396e-01,7.030245661735534668e-02,7.013054937124252319e-02,7.013054937124252319e-02,5.508170276880264282e-02,2.103809416294097900e-01,4.452308714389801025e-01,4.452308714389801025e-01,4.752167165279388428e-01,5.160594582557678223e-01,1.571644544601440430e+00,1.571644544601440430e+00,2.108770370483398438e+00,1.061323404312133789e+00
3.030000000000000000e+02,3.196244239807128906e+00,3.196244239807128906e+00,3.642095088958740234e+00,2.380236148834228516e+00,3.045971632003784180e+00,3.045971632003784180e+00,3.633965969085693359e+00,1.992727875709533691e+00,1.455356597900390625e+00,1.455356597900390625e+00,2.161414146423339844e+00,6.633899807929992676e-01,5.514227598905563354e-02,5.514227598905563354e-02,3.743841052055358887e-01,6.790172308683395386e-02,7.058996707201004028e-02,7.058996707201004028e-02,5.564368516206741333e-02,2.076371610164642334e-01,4.425386190414428711e-01,4.425386190414428711e-01,4.837408065795898438e-01,5.086338520050048828e-01,1.598912239074707031e+00,1.598912239074707031e+00,2.155872106552124023e+00,1.067273020744323730e+00
3.040000000000000000e+02,3.230970382690429688e+00,3.230970382690429688e+00,3.684645891189575195e+00,2.401572942733764648e+00,3.056568145751953125e+00,3.056568145751953125e+00,3.652455329895019531e+00,1.987962365150451660e+00,1.431842565536499023e+00,1.431842565536499023e+00,2.146531820297241211e+00,6.391189694404602051e-01,4.473363608121871948e-02,4.473363608121871948e-02,3.634373545646667480e-01,6.533455103635787964e-02,7.152586430311203003e-02,7.152586430311203003e-02,5.516669154167175293e-02,2.047185748815536499e-01,4.411535561084747314e-01,4.411535561084747314e-01,4.922202825546264648e-01,5.006770491600036621e-01,1.628839373588562012e+00,1.628839373588562012e+00,2.203157186508178711e+00,1.087424755096435547e+00
3.050000000000000000e+02,3.265352725982666016e+00,3.265352725982666016e+00,3.726146936416625977e+00,2.422406673431396484e+00,3.066419839859008789e+00,3.066419839859008789e+00,3.669209957122802734e+00,1.982435226440429688e+00,1.411466479301452637e+00,1.411466479301452637e+00,2.130842208862304688e+00,6.134575605392456055e-01,4.239260777831077576e-02,4.239260777831077576e-02,3.520716428756713867e-01,6.282903254032135010e-02,7.375416159629821777e-02,7.375416159629821777e-02,5.772699788212776184e-02,2.018579840660095215e-01,4.447386860847473145e-01,4.447386860847473145e-01,5.012293457984924316e-01,4.929416179656982422e-01,1.667776942253112793e+00,1.667776942253112793e+00,2.251056432723999023e+00,1.100015759468078613e+00
3.060000000000000000e+02,3.298702955245971680e+00,3.298702955245971680e+00,3.766326904296875000e+00,2.442671298980712891e+00,3.073742628097534180e+00,3.073742628097534180e+00,3.684083223342895508e+00,1.975954294204711914e+00,1.388856887817382812e+00,1.388856887817382812e+00,2.110483646392822266e+00,5.877450704574584961e-01,3.968258947134017944e-02,3.968258947134017944e-02,3.399335443973541260e-01,6.047296151518821716e-02,7.540656626224517822e-02,7.540656626224517822e-02,5.901439487934112549e-02,1.986585855484008789e-01,4.477734565734863281e-01,4.477734565734863281e-01,5.104216337203979492e-01,4.846646487712860107e-01,1.706374883651733398e+00,1.706374883651733398e+00,2.298787593841552734e+00,1.112973928451538086e+00
3.070000000000000000e+02,3.326921939849853516e+00,3.326921939849853516e+00,3.805634737014770508e+00,2.461724042892456055e+00,3.077980041503906250e+00,3.077980041503906250e+00,3.695937633514404297e+00,1.968323349952697754e+00,1.317835330963134766e+00,1.317835330963134766e+00,2.093214273452758789e+00,5.660005807876586914e-01,3.963732346892356873e-02,3.963732346892356873e-02,3.270233869552612305e-01,5.804992467164993286e-02,7.756556570529937744e-02,7.756556570529937744e-02,6.012653559446334839e-02,1.950336694717407227e-01,4.450244307518005371e-01,4.450244307518005371e-01,5.203110575675964355e-01,4.762892723083496094e-01,1.747902631759643555e+00,1.747902631759643555e+00,2.345551013946533203e+00,1.125109076499938965e+00
3.080000000000000000e+02,3.362242221832275391e+00,3.362242221832275391e+00,3.844269275665283203e+00,2.481159448623657227e+00,3.083760499954223633e+00,3.083760499954223633e+00,3.707997798919677734e+00,1.959356546401977539e+00,1.335214257240295410e+00,1.335214257240295410e+00,2.072407960891723633e+00,5.475304722785949707e-01,3.934844583272933960e-02,3.934844583272933960e-02,3.133295178413391113e-01,5.549858510494232178e-02,8.005245029926300049e-02,8.005245029926300049e-02,6.134647876024246216e-02,1.910511553287506104e-01,4.522273540496826172e-01,4.522273540496826172e-01,5.298142433166503906e-01,4.684111475944519043e-01,1.789282083511352539e+00,1.789282083511352539e+00,2.393139839172363281e+00,1.136847734451293945e+00
3.090000000000000000e+02,3.393063306808471680e+00,3.393063306808471680e+00,3.881938934326171875e+00,2.499380588531494141e+00,3.086636066436767578e+00,3.086636066436767578e+00,3.717057228088378906e+00,1.949171781539916992e+00,1.312973141670227051e+00,1.312973141670227051e+00,2.050343751907348633e+00,5.069657564163208008e-01,3.890265151858329773e-02,3.890265151858329773e-02,2.989055812358856201e-01,5.280026420950889587e-02,8.200516551733016968e-02,8.200516551733016968e-02,6.255879253149032593e-02,1.867114007472991943e-01,4.538375139236450195e-01,4.538375139236450195e-01,5.464553833007812500e-01,4.601382017135620117e-01,1.830606341361999512e+00,1.830606341361999512e+00,2.441596984863281250e+00,1.146173000335693359e+00
3.100000000000000000e+02,3.422556161880493164e+00,3.422556161880493164e+00,3.917673110961914062e+00,2.516843318939208984e+00,3.088349580764770508e+00,3.088349580764770508e+00,3.724181175231933594e+00,1.937562108039855957e+00,1.126902699470520020e+00,1.126902699470520020e+00,2.026795864105224609e+00,5.081400871276855469e-01,3.828318789601325989e-02,3.828318789601325989e-02,2.837624847888946533e-01,4.998624697327613831e-02,8.366708457469940186e-02,8.366708457469940186e-02,6.351775676012039185e-02,1.819734871387481689e-01,4.522277712821960449e-01,4.522277712821960449e-01,5.651119947433471680e-01,4.513812065124511719e-01,1.871775627136230469e+00,1.871775627136230469e+00,2.488781452178955078e+00,1.158558011054992676e+00
3.110000000000000000e+02,3.448443174362182617e+00,3.448443174362182617e+00,3.950883150100708008e+00,2.533562183380126953e+00,3.090205669403076172e+00,3.090205669403076172e+00,3.729588270187377930e+00,1.924820065498352051e+00,1.254174470901489258e+00,1.254174470901489258e+00,2.002119302749633789e+00,4.869585931301116943e-01,3.748890757560729980e-02,3.748890757560729980e-02,2.679345011711120605e-01,4.699102416634559631e-02,8.502247929573059082e-02,8.502247929573059082e-02,6.442523002624511719e-02,1.773585379123687744e-01,4.537237882614135742e-01,4.537237882614135742e-01,5.834586024284362793e-01,4.420516192913055420e-01,1.912739753723144531e+00,1.912739753723144531e+00,2.535544395446777344e+00,1.169384479522705078e+00
3.120000000000000000e+02,3.475733757019042969e+00,3.475733757019042969e+00,3.985119819641113281e+00,2.549406766891479492e+00,3.086657047271728516e+00,3.086657047271728516e+00,3.709403276443481445e+00,1.911039233207702637e+00,1.222525119781494141e+00,1.222525119781494141e+00,1.973914146423339844e+00,4.647813439369201660e-01,3.651272505521774292e-02,3.651272505521774292e-02,2.514429092407226562e-01,4.380700364708900452e-02,8.521693944931030273e-02,8.521693944931030273e-02,6.471777707338333130e-02,1.725544631481170654e-01,4.551361501216888428e-01,4.551361501216888428e-01,6.018096208572387695e-01,4.324733912944793701e-01,1.953450202941894531e+00,1.953450202941894531e+00,2.581846952438354492e+00,1.179201364517211914e+00
3.130000000000000000e+02,3.501888751983642578e+00,3.501888751983642578e+00,4.016949653625488281e+00,2.564425468444824219e+00,3.083554744720458984e+00,3.083554744720458984e+00,3.734102249145507812e+00,1.896003842353820801e+00,1.188976287841796875e+00,1.188976287841796875e+00,1.947476744651794434e+00,4.437374770641326904e-01,3.536829352378845215e-02,3.536829352378845215e-02,2.339388728141784668e-01,4.081536456942558289e-02,8.539558947086334229e-02,8.539558947086334229e-02,6.566104292869567871e-02,1.674118041992187500e-01,4.544566273689270020e-01,4.544566273689270020e-01,6.197065711021423340e-01,4.223155975341796875e-01,1.993855118751525879e+00,1.993855118751525879e+00,2.627635478973388672e+00,1.188562273979187012e+00
3.140000000000000000e+02,3.529604911804199219e+00,3.529604911804199219e+00,4.047151565551757812e+00,2.578213930130004883e+00,3.077302932739257812e+00,3.077302932739257812e+00,3.734252929687500000e+00,1.880851149559020996e+00,1.154646277427673340e+00,1.154646277427673340e+00,1.916441202163696289e+00,4.275332391262054443e-01,3.406083583831787109e-02,3.406083583831787109e-02,2.165536433458328247e-01,3.850191086530685425e-02,8.566419780254364014e-02,8.566419780254364014e-02,6.616804748773574829e-02,1.618252694606781006e-01,4.532254934310913086e-01,4.532254934310913086e-01,6.379390954971313477e-01,4.116988778114318848e-01,2.033906221389770508e+00,2.033906221389770508e+00,2.670565605163574219e+00,1.197311401367187500e+00
3.150000000000000000e+02,3.553515434265136719e+00,3.553515434265136719e+00,4.076020717620849609e+00,2.591359376907348633e+00,3.068705558776855469e+00,3.068705558776855469e+00,3.732327222824096680e+00,1.864488005638122559e+00,1.118556261062622070e+00,1.118556261062622070e+00,1.886762976646423340e+00,4.103363752365112305e-01,3.256778791546821594e-02,3.256778791546821594e-02,1.951794922351837158e-01,3.637128323316574097e-02,8.491662889719009399e-02,8.491662889719009399e-02,6.716530025005340576e-02,1.556854248046875000e-01,4.514430761337280273e-01,4.514430761337280273e-01,6.628703474998474121e-01,4.006332755088806152e-01,2.073555231094360352e+00,2.073555231094360352e+00,2.718642234802246094e+00,1.205535531044006348e+00
3.160000000000000000e+02,3.571506738662719727e+00,3.571506738662719727e+00,4.103472709655761719e+00,2.608153343200683594e+00,3.055572986602783203e+00,3.055572986602783203e+00,3.729783058166503906e+00,1.850563526153564453e+00,1.088674545288085938e+00,1.088674545288085938e+00,1.854466319084167480e+00,3.969686627388000488e-01,3.186157345771789551e-02,3.186157345771789551e-02,1.793836206197738647e-01,3.890772163867950439e-02,8.588841557502746582e-02,8.588841557502746582e-02,6.881705671548843384e-02,1.555144339799880981e-01,4.583173990249633789e-01,4.583173990249633789e-01,6.886057853698730469e-01,3.955735564231872559e-01,2.114879369735717773e+00,2.114879369735717773e+00,2.765049934387207031e+00,1.221914052963256836e+00
3.170000000000000000e+02,3.594740152359008789e+00,3.594740152359008789e+00,4.129440784454345703e+00,2.623776197433471680e+00,3.048823118209838867e+00,3.048823118209838867e+00,3.724119663238525391e+00,1.837412357330322266e+00,1.057440638542175293e+00,1.057440638542175293e+00,1.820795774459838867e+00,3.828631043434143066e-01,3.096576780080795288e-02,3.096576780080795288e-02,1.620874404907226562e-01,4.144882783293724060e-02,8.645396679639816284e-02,8.645396679639816284e-02,7.093411684036254883e-02,1.551441699266433716e-01,4.646285474300384521e-01,4.646285474300384521e-01,7.139865159988403320e-01,3.926152586936950684e-01,2.155625820159912109e+00,2.155625820159912109e+00,2.810427665710449219e+00,1.241533279418945312e+00
3.180000000000000000e+02,3.613356828689575195e+00,3.613356828689575195e+00,4.154178619384765625e+00,2.638300418853759766e+00,3.036714076995849609e+00,3.036714076995849609e+00,3.716902732849121094e+00,1.822099208831787109e+00,1.024912357330322266e+00,1.024912357330322266e+00,1.787701129913330078e+00,3.679403364658355713e-01,2.987257391214370728e-02,2.987257391214370728e-02,1.489171534776687622e-01,4.387149587273597717e-02,8.661666512489318848e-02,8.661666512489318848e-02,7.203019410371780396e-02,1.544896066188812256e-01,4.703788757324218750e-01,4.703788757324218750e-01,7.389190196990966797e-01,3.890540599822998047e-01,2.195745944976806641e+00,2.195745944976806641e+00,2.855190753936767578e+00,1.261879444122314453e+00
3.190000000000000000e+02,3.636168241500854492e+00,3.636168241500854492e+00,4.176995277404785156e+00,2.651770114898681641e+00,3.022140502929687500e+00,3.022140502929687500e+00,3.707881927490234375e+00,1.805501461029052734e+00,9.911552071571350098e-01,9.911552071571350098e-01,1.754072546958923340e+00,3.520521521568298340e-01,2.857387438416481018e-02,2.857387438416481018e-02,1.365109384059906006e-01,4.621690511703491211e-02,8.636785298585891724e-02,8.636785298585891724e-02,7.369793206453323364e-02,1.534683853387832642e-01,4.755534827709197998e-01,4.755534827709197998e-01,7.634127736091613770e-01,3.858384788036346436e-01,2.235190391540527344e+00,2.235190391540527344e+00,2.899545907974243164e+00,1.281949996948242188e+00
3.200000000000000000e+02,3.653516769409179688e+00,3.653516769409179688e+00,4.198433399200439453e+00,2.664179086685180664e+00,3.005725860595703125e+00,3.005725860595703125e+00,3.696954488754272461e+00,1.787830710411071777e+00,9.561923742294311523e-01,9.561923742294311523e-01,1.719140529632568359e+00,3.356715440750122070e-01,2.677452750504016876e-02,2.677452750504016876e-02,1.240264698863029480e-01,4.850136116147041321e-02,8.571207523345947266e-02,8.571207523345947266e-02,7.423331588506698608e-02,1.520670056343078613e-01,4.801457226276397705e-01,4.801457226276397705e-01,7.874864339828491211e-01,3.814349770545959473e-01,2.270358085632324219e+00,2.270358085632324219e+00,2.942825078964233398e+00,1.301313877105712891e+00
3.210000000000000000e+02,3.669428110122680664e+00,3.669428110122680664e+00,4.217773437500000000e+00,2.675508737564086914e+00,2.986801147460937500e+00,2.986801147460937500e+00,3.684020996093750000e+00,1.769107341766357422e+00,9.200553894042968750e-01,9.200553894042968750e-01,1.682627677917480469e+00,3.207457959651947021e-01,2.538846991956233978e-02,2.538846991956233978e-02,1.111636608839035034e-01,5.078731104731559753e-02,8.465009927749633789e-02,8.465009927749633789e-02,7.585713267326354980e-02,1.502148360013961792e-01,4.841590225696563721e-01,4.841590225696563721e-01,8.110501766204833984e-01,3.774313628673553467e-01,2.311864376068115234e+00,2.311864376068115234e+00,2.984927415847778320e+00,1.319602727890014648e+00
3.220000000000000000e+02,3.683912992477416992e+00,3.683912992477416992e+00,4.232762813568115234e+00,2.684960603713989258e+00,2.966456174850463867e+00,2.966456174850463867e+00,3.669300794601440430e+00,1.749048233032226562e+00,8.827838897705078125e-01,8.827838897705078125e-01,1.643343925476074219e+00,3.081772327423095703e-01,2.350144833326339722e-02,2.350144833326339722e-02,9.794104099273681641e-02,5.296547338366508484e-02,8.235803246498107910e-02,8.235803246498107910e-02,7.660388946533203125e-02,1.479833424091339111e-01,4.875793755054473877e-01,4.875793755054473877e-01,8.333590626716613770e-01,3.731757402420043945e-01,2.348998546600341797e+00,2.348998546600341797e+00,3.025638580322265625e+00,1.337623119354248047e+00
3.230000000000000000e+02,3.697024583816528320e+00,3.697024583816528320e+00,4.252263545989990234e+00,2.694757223129272461e+00,2.945144653320312500e+00,2.945144653320312500e+00,3.652327537536621094e+00,1.727808117866516113e+00,8.444944620132446289e-01,8.444944620132446289e-01,1.607032179832458496e+00,2.966730296611785889e-01,2.147661149501800537e-02,2.147661149501800537e-02,8.442752063274383545e-02,5.507512390613555908e-02,8.158036321401596069e-02,8.158036321401596069e-02,7.728790491819381714e-02,1.455743312835693359e-01,4.798554480075836182e-01,4.798554480075836182e-01,8.577518463134765625e-01,3.705529272556304932e-01,2.385446310043334961e+00,2.385446310043334961e+00,3.067317724227905273e+00,1.360383272171020508e+00
3.240000000000000000e+02,3.708410024642944336e+00,3.708410024642944336e+00,4.266813755035400391e+00,2.701299667358398438e+00,2.922887325286865234e+00,2.922887325286865234e+00,3.634115934371948242e+00,1.705328822135925293e+00,8.053105473518371582e-01,8.053105473518371582e-01,1.569191455841064453e+00,2.859287858009338379e-01,1.910592615604400635e-02,1.910592615604400635e-02,7.059435546398162842e-02,5.718494206666946411e-02,7.986844331026077271e-02,7.986844331026077271e-02,7.788492739200592041e-02,1.429795622825622559e-01,4.933517277240753174e-01,4.933517277240753174e-01,8.875367641448974609e-01,3.676492869853973389e-01,2.420238256454467773e+00,2.420238256454467773e+00,3.107716560363769531e+00,1.387542486190795898e+00
3.250000000000000000e+02,3.718662977218627930e+00,3.718662977218627930e+00,4.279491901397705078e+00,2.709363460540771484e+00,2.898926019668579102e+00,2.898926019668579102e+00,3.613762378692626953e+00,1.681824088096618652e+00,7.650814652442932129e-01,7.650814652442932129e-01,1.531098008155822754e+00,2.746236324310302734e-01,1.790320686995983124e-02,1.790320686995983124e-02,6.000293046236038208e-02,5.916633829474449158e-02,7.865278422832489014e-02,7.865278422832489014e-02,7.817914336919784546e-02,1.398790776729583740e-01,4.954631030559539795e-01,4.954631030559539795e-01,9.179033041000366211e-01,3.653313517570495605e-01,2.456461429595947266e+00,2.456461429595947266e+00,3.146634817123413086e+00,1.416350722312927246e+00
3.260000000000000000e+02,3.726966381072998047e+00,3.726966381072998047e+00,4.290576934814453125e+00,2.703663825988769531e+00,2.873283386230468750e+00,2.873283386230468750e+00,3.591787338256835938e+00,1.656829953193664551e+00,7.239665985107421875e-01,7.239665985107421875e-01,1.493287563323974609e+00,2.627812922000885010e-01,1.633913815021514893e-02,1.633913815021514893e-02,5.605814233422279358e-02,6.099850684404373169e-02,7.709080725908279419e-02,7.709080725908279419e-02,7.814361155033111572e-02,1.365561038255691528e-01,4.969676136970520020e-01,4.969676136970520020e-01,9.476314783096313477e-01,3.633074760437011719e-01,2.491539001464843750e+00,2.491539001464843750e+00,3.184333801269531250e+00,1.444886326789855957e+00
3.270000000000000000e+02,3.734031915664672852e+00,3.734031915664672852e+00,4.300068378448486328e+00,2.719550132751464844e+00,2.846875667572021484e+00,2.846875667572021484e+00,3.568153142929077148e+00,1.631231546401977539e+00,6.977372169494628906e-01,6.977372169494628906e-01,1.455011606216430664e+00,2.505513727664947510e-01,1.614764519035816193e-02,1.614764519035816193e-02,5.398552492260932922e-02,6.292418390512466431e-02,7.635004818439483643e-02,7.635004818439483643e-02,7.834486663341522217e-02,1.332866251468658447e-01,5.142374634742736816e-01,5.142374634742736816e-01,9.778244495391845703e-01,3.613165915012359619e-01,2.527167797088623047e+00,2.527167797088623047e+00,3.221569776535034180e+00,1.472560763359069824e+00
3.280000000000000000e+02,3.740285396575927734e+00,3.740285396575927734e+00,4.307725906372070312e+00,2.722924232482910156e+00,2.819016218185424805e+00,2.819016218185424805e+00,3.542694807052612305e+00,1.605376601219177246e+00,6.758965849876403809e-01,6.758965849876403809e-01,1.415813207626342773e+00,2.430412322282791138e-01,1.623430848121643066e-02,1.623430848121643066e-02,5.177986249327659607e-02,6.476659327745437622e-02,7.560593634843826294e-02,7.560593634843826294e-02,7.809108495712280273e-02,1.298612356185913086e-01,5.363375544548034668e-01,5.363375544548034668e-01,1.007200002670288086e+00,3.590479195117950439e-01,2.559316635131835938e+00,2.559316635131835938e+00,3.257606983184814453e+00,1.499900579452514648e+00
3.290000000000000000e+02,3.744165420532226562e+00,3.744165420532226562e+00,4.215028762817382812e+00,2.724869728088378906e+00,2.789582967758178711e+00,2.789582967758178711e+00,3.515715837478637695e+00,1.577916860580444336e+00,6.532719731330871582e-01,6.532719731330871582e-01,1.375713825225830078e+00,2.370505332946777344e-01,1.647793874144554138e-02,1.647793874144554138e-02,4.940959438681602478e-02,6.652905046939849854e-02,7.442723214626312256e-02,7.442723214626312256e-02,7.812561094760894775e-02,1.261977106332778931e-01,5.577841997146606445e-01,5.577841997146606445e-01,1.036632537841796875e+00,3.563167154788970947e-01,2.596575260162353516e+00,2.596575260162353516e+00,3.292479515075683594e+00,1.526883482933044434e+00
3.300000000000000000e+02,3.746935844421386719e+00,3.746935844421386719e+00,4.317657470703125000e+00,2.725628376007080078e+00,2.758547306060791016e+00,2.758547306060791016e+00,3.487003326416015625e+00,1.551552772521972656e+00,6.298363208770751953e-01,6.298363208770751953e-01,1.334769487380981445e+00,2.305285036563873291e-01,1.649920828640460968e-02,1.649920828640460968e-02,4.706790298223495483e-02,6.818527728319168091e-02,7.281418889760971069e-02,7.281418889760971069e-02,7.787354290485382080e-02,1.221920177340507507e-01,5.785514116287231445e-01,5.785514116287231445e-01,1.071028709411621094e+00,3.531123101711273193e-01,2.629567623138427734e+00,2.629567623138427734e+00,3.326061487197875977e+00,1.552829504013061523e+00
3.310000000000000000e+02,3.747653484344482422e+00,3.747653484344482422e+00,4.319918632507324219e+00,2.725559234619140625e+00,2.726196527481079102e+00,2.726196527481079102e+00,3.456906080245971680e+00,1.524099826812744141e+00,6.054677963256835938e-01,6.054677963256835938e-01,1.293022871017456055e+00,2.236705124378204346e-01,1.681451313197612762e-02,1.681451313197612762e-02,4.438313096761703491e-02,6.972932070493698120e-02,7.104864716529846191e-02,7.104864716529846191e-02,7.782966643571853638e-02,1.178182363510131836e-01,5.910701155662536621e-01,5.910701155662536621e-01,1.106100559234619141e+00,3.493856489658355713e-01,2.661996603012084961e+00,2.661996603012084961e+00,3.358338356018066406e+00,1.578027129173278809e+00
3.320000000000000000e+02,3.747440576553344727e+00,3.747440576553344727e+00,4.320205211639404297e+00,2.723956108093261719e+00,2.692322969436645508e+00,2.692322969436645508e+00,3.425007343292236328e+00,1.495953798294067383e+00,5.806266665458679199e-01,5.806266665458679199e-01,1.250527501106262207e+00,2.164565771818161011e-01,1.703747734427452087e-02,1.703747734427452087e-02,4.176711663603782654e-02,7.126861065626144409e-02,6.884291768074035645e-02,6.884291768074035645e-02,7.937823981046676636e-02,1.131171211600303650e-01,6.179404258728027344e-01,6.179404258728027344e-01,1.140552043914794922e+00,3.452933132648468018e-01,2.693165302276611328e+00,2.693165302276611328e+00,3.389262199401855469e+00,1.602265000343322754e+00
3.330000000000000000e+02,3.745369672775268555e+00,3.745369672775268555e+00,4.318782329559326172e+00,2.721083879470825195e+00,2.656952381134033203e+00,2.656952381134033203e+00,3.391516208648681641e+00,1.467441797256469727e+00,5.550425648689270020e-01,5.550425648689270020e-01,1.207317948341369629e+00,2.089148163795471191e-01,1.717728003859519958e-02,1.717728003859519958e-02,3.892953693866729736e-02,7.275171577930450439e-02,6.620990484952926636e-02,6.620990484952926636e-02,8.102714270353317261e-02,1.079879328608512878e-01,6.365272998809814453e-01,6.365272998809814453e-01,1.174343943595886230e+00,3.406887352466583252e-01,2.723102092742919922e+00,2.723102092742919922e+00,3.418869495391845703e+00,1.625411868095397949e+00
3.340000000000000000e+02,3.741714239120483398e+00,3.741714239120483398e+00,4.315473556518554688e+00,2.717025518417358398e+00,2.620463609695434570e+00,2.620463609695434570e+00,3.356681585311889648e+00,1.438008546829223633e+00,5.325676202774047852e-01,5.325676202774047852e-01,1.163789749145507812e+00,2.014910727739334106e-01,1.760209538042545319e-02,1.760209538042545319e-02,3.631575405597686768e-02,7.443760335445404053e-02,6.450448930263519287e-02,6.450448930263519287e-02,8.398663252592086792e-02,1.036987751722335815e-01,6.594799160957336426e-01,6.594799160957336426e-01,1.208542108535766602e+00,3.372688591480255127e-01,2.753198862075805664e+00,2.753198862075805664e+00,3.448405265808105469e+00,1.649115443229675293e+00
3.350000000000000000e+02,3.736332416534423828e+00,3.736332416534423828e+00,4.310379981994628906e+00,2.711778640747070312e+00,2.561970710754394531e+00,2.561970710754394531e+00,3.320597410202026367e+00,1.409306526184082031e+00,5.094752311706542969e-01,5.094752311706542969e-01,1.119938373565673828e+00,1.930672824382781982e-01,1.789086684584617615e-02,1.789086684584617615e-02,3.353604674339294434e-02,7.592410594224929810e-02,6.163968145847320557e-02,6.163968145847320557e-02,8.675672858953475952e-02,9.936445951461791992e-02,6.818850040435791016e-01,6.818850040435791016e-01,1.243461608886718750e+00,3.334461450576782227e-01,2.781872510910034180e+00,2.781872510910034180e+00,3.476124525070190430e+00,1.672354817390441895e+00
3.360000000000000000e+02,3.729557275772094727e+00,3.729557275772094727e+00,4.303408145904541016e+00,2.705148458480834961e+00,2.543062210083007812e+00,2.543062210083007812e+00,3.283075094223022461e+00,1.382746458053588867e+00,4.841841757297515869e-01,4.841841757297515869e-01,1.075406312942504883e+00,1.862155497074127197e-01,1.806348189711570740e-02,1.806348189711570740e-02,3.116642311215400696e-02,7.748495787382125854e-02,5.997042730450630188e-02,5.997042730450630188e-02,8.917625993490219116e-02,9.485712647438049316e-02,7.026283740997314453e-01,7.026283740997314453e-01,1.276887774467468262e+00,3.291687965393066406e-01,2.808292865753173828e+00,2.808292865753173828e+00,3.502912759780883789e+00,1.695115566253662109e+00
3.370000000000000000e+02,3.721299171447753906e+00,3.721299171447753906e+00,4.294531345367431641e+00,2.697481155395507812e+00,2.502870321273803711e+00,2.502870321273803711e+00,3.230949401855468750e+00,1.355678081512451172e+00,4.614541828632354736e-01,4.614541828632354736e-01,1.030449748039245605e+00,1.838470250368118286e-01,1.822951994836330414e-02,1.822951994836330414e-02,2.909199707210063934e-02,7.902232557535171509e-02,5.712142959237098694e-02,5.712142959237098694e-02,9.312124550342559814e-02,9.006506204605102539e-02,7.239215970039367676e-01,7.239215970039367676e-01,1.309489250183105469e+00,3.243006467819213867e-01,2.835207700729370117e+00,2.835207700729370117e+00,3.527534008026123047e+00,1.716838598251342773e+00
3.380000000000000000e+02,3.711352348327636719e+00,3.711352348327636719e+00,4.283741474151611328e+00,2.690019607543945312e+00,2.462026119232177734e+00,2.462026119232177734e+00,3.204432010650634766e+00,1.329757571220397949e+00,4.378668069839477539e-01,4.378668069839477539e-01,9.853131771087646484e-01,1.833160519599914551e-01,1.916264370083808899e-02,1.916264370083808899e-02,2.709045633673667908e-02,8.230902254581451416e-02,5.527385696768760681e-02,5.527385696768760681e-02,1.001154258847236633e-01,8.736018836498260498e-02,7.445790767669677734e-01,7.445790767669677734e-01,1.347698450088500977e+00,3.220911622047424316e-01,2.861039638519287109e+00,2.861039638519287109e+00,3.551169157028198242e+00,1.739603161811828613e+00
3.390000000000000000e+02,3.699673652648925781e+00,3.699673652648925781e+00,4.271197319030761719e+00,2.683060884475708008e+00,2.420967102050781250e+00,2.420967102050781250e+00,3.163264751434326172e+00,1.304965019226074219e+00,4.149811267852783203e-01,4.149811267852783203e-01,9.395669698715209961e-01,1.846267580986022949e-01,2.087145298719406128e-02,2.087145298719406128e-02,2.519032172858715057e-02,8.731561899185180664e-02,5.459992587566375732e-02,5.459992587566375732e-02,1.071853041648864746e-01,8.722178637981414795e-02,7.680389285087585449e-01,7.680389285087585449e-01,1.386040687561035156e+00,3.272233307361602783e-01,2.886672019958496094e+00,2.886672019958496094e+00,3.574166774749755859e+00,1.765281558036804199e+00
3.400000000000000000e+02,3.686565876007080078e+00,3.686565876007080078e+00,4.255538463592529297e+00,2.674881696701049805e+00,2.378912925720214844e+00,2.378912925720214844e+00,3.121228218078613281e+00,1.279252409934997559e+00,3.916302919387817383e-01,3.916302919387817383e-01,8.960648179054260254e-01,1.873675733804702759e-01,2.239482477307319641e-02,2.239482477307319641e-02,2.427892759442329407e-02,9.231857210397720337e-02,5.359105020761489868e-02,5.359105020761489868e-02,1.137946695089340210e-01,8.675287663936614990e-02,7.896270751953125000e-01,7.896270751953125000e-01,1.408735275268554688e+00,3.370066285133361816e-01,2.910728931427001953e+00,2.910728931427001953e+00,3.594801187515258789e+00,1.789666652679443359e+00
3.410000000000000000e+02,3.662526607513427734e+00,3.662526607513427734e+00,4.240434646606445312e+00,2.665445089340209961e+00,2.335789918899536133e+00,2.335789918899536133e+00,3.077973365783691406e+00,1.248737335205078125e+00,3.678566813468933105e-01,3.678566813468933105e-01,8.591381907463073730e-01,1.914748847484588623e-01,2.377649024128913879e-02,2.377649024128913879e-02,2.343039959669113159e-02,9.716513007879257202e-02,5.225806683301925659e-02,5.225806683301925659e-02,1.199830397963523865e-01,8.624390512704849243e-02,8.104452490806579590e-01,8.104452490806579590e-01,1.461643218994140625e+00,3.461464047431945801e-01,2.933192253112792969e+00,2.933192253112792969e+00,3.614336013793945312e+00,1.812854886054992676e+00
3.420000000000000000e+02,3.655789613723754883e+00,3.655789613723754883e+00,4.222286224365234375e+00,2.653242588043212891e+00,2.291643857955932617e+00,2.291643857955932617e+00,3.033530473709106445e+00,1.225448012351989746e+00,3.436046838760375977e-01,3.436046838760375977e-01,8.231065869331359863e-01,1.954374015331268311e-01,2.499728277325630188e-02,2.499728277325630188e-02,2.234720997512340546e-02,1.018616408109664917e-01,5.067448318004608154e-02,5.067448318004608154e-02,1.257734596729278564e-01,8.528359234333038330e-02,8.301386237144470215e-01,8.301386237144470215e-01,1.500515937805175781e+00,3.546940088272094727e-01,2.954020500183105469e+00,2.954020500183105469e+00,3.631350278854370117e+00,1.834818124771118164e+00
3.430000000000000000e+02,3.637507915496826172e+00,3.637507915496826172e+00,4.202250957489013672e+00,2.642123460769653320e+00,2.247658252716064453e+00,2.247658252716064453e+00,2.988184690475463867e+00,1.197299003601074219e+00,3.189251720905303955e-01,3.189251720905303955e-01,7.868059873580932617e-01,1.989076435565948486e-01,2.629094570875167847e-02,2.629094570875167847e-02,2.150540426373481750e-02,1.063895523548126221e-01,4.986270517110824585e-02,4.986270517110824585e-02,1.310264170169830322e-01,8.415302634239196777e-02,8.488201498985290527e-01,8.488201498985290527e-01,1.538398504257202148e+00,3.637018799781799316e-01,2.972717285156250000e+00,2.972717285156250000e+00,3.647189617156982422e+00,1.854339480400085449e+00
3.440000000000000000e+02,3.618849754333496094e+00,3.618849754333496094e+00,4.180679321289062500e+00,2.629266262054443359e+00,2.202660083770751953e+00,2.202660083770751953e+00,2.941527843475341797e+00,1.168606996536254883e+00,2.938363552093505859e-01,2.938363552093505859e-01,7.513325810432434082e-01,2.026909291744232178e-01,2.742551825940608978e-02,2.742551825940608978e-02,2.005486004054546356e-02,1.104023754596710205e-01,4.864994809031486511e-02,4.864994809031486511e-02,1.359205245971679688e-01,8.267036080360412598e-02,8.664677143096923828e-01,8.664677143096923828e-01,1.575216293334960938e+00,3.738772869110107422e-01,2.991174697875976562e+00,2.991174697875976562e+00,3.660241603851318359e+00,1.874901175498962402e+00
3.450000000000000000e+02,3.597911119461059570e+00,3.597911119461059570e+00,4.157131671905517578e+00,2.615761518478393555e+00,2.156782627105712891e+00,2.156782627105712891e+00,2.893880367279052734e+00,1.139123916625976562e+00,2.684047520160675049e-01,2.684047520160675049e-01,7.171972393989562988e-01,2.060275524854660034e-01,2.839012071490287781e-02,2.839012071490287781e-02,1.929577067494392395e-02,1.148857548832893372e-01,4.714131727814674377e-02,4.714131727814674377e-02,1.401189416646957397e-01,8.097874373197555542e-02,8.830713629722595215e-01,8.830713629722595215e-01,1.610934615135192871e+00,3.908653557300567627e-01,3.007185935974121094e+00,3.007185935974121094e+00,3.672890663146972656e+00,1.893651843070983887e+00
3.460000000000000000e+02,3.575948476791381836e+00,3.575948476791381836e+00,4.131607532501220703e+00,2.601002454757690430e+00,2.111048698425292969e+00,2.111048698425292969e+00,2.844527244567871094e+00,1.110405921936035156e+00,2.512710392475128174e-01,2.512710392475128174e-01,6.834215521812438965e-01,2.109171450138092041e-01,3.010150790214538574e-02,3.010150790214538574e-02,1.833830401301383972e-02,1.204457730054855347e-01,4.622888937592506409e-02,4.622888937592506409e-02,1.444819420576095581e-01,8.019737899303436279e-02,9.070996046066284180e-01,9.070996046066284180e-01,1.646117210388183594e+00,4.107996523380279541e-01,3.022399425506591797e+00,3.022399425506591797e+00,3.683274745941162109e+00,1.912273645401000977e+00
3.470000000000000000e+02,3.552317142486572266e+00,3.552317142486572266e+00,4.105123519897460938e+00,2.585498332977294922e+00,2.063742637634277344e+00,2.063742637634277344e+00,2.795924663543701172e+00,1.081113934516906738e+00,2.338306605815887451e-01,2.338306605815887451e-01,6.584227681159973145e-01,2.156094014644622803e-01,3.160917013883590698e-02,3.160917013883590698e-02,1.711938530206680298e-02,1.256330460309982300e-01,4.496259987354278564e-02,4.496259987354278564e-02,1.482334434986114502e-01,7.943204790353775024e-02,9.299459457397460938e-01,9.299459457397460938e-01,1.680106282234191895e+00,4.306194782257080078e-01,3.035693645477294922e+00,3.035693645477294922e+00,3.691627740859985352e+00,1.930256605148315430e+00
3.480000000000000000e+02,3.527073383331298828e+00,3.527073383331298828e+00,4.076269626617431641e+00,2.568454265594482422e+00,2.017335891723632812e+00,2.017335891723632812e+00,2.746101617813110352e+00,1.050228118896484375e+00,2.160934507846832275e-01,2.160934507846832275e-01,6.334084272384643555e-01,2.200886607170104980e-01,3.293528407812118530e-02,3.293528407812118530e-02,1.625923626124858856e-02,1.307239383459091187e-01,4.343701153993606567e-02,4.343701153993606567e-02,1.514961719512939453e-01,7.851494103670120239e-02,9.517011642456054688e-01,9.517011642456054688e-01,1.712900757789611816e+00,4.431621432304382324e-01,3.047386169433593750e+00,3.047386169433593750e+00,3.696393966674804688e+00,1.946966171264648438e+00
3.490000000000000000e+02,3.500928401947021484e+00,3.500928401947021484e+00,4.046272277832031250e+00,2.551244020462036133e+00,1.970840096473693848e+00,1.970840096473693848e+00,2.695050477981567383e+00,1.021129250526428223e+00,2.022625952959060669e-01,2.022625952959060669e-01,6.083761453628540039e-01,2.245678007602691650e-01,3.427322208881378174e-02,3.427322208881378174e-02,1.544716395437717438e-02,1.357438564300537109e-01,4.294929280877113342e-02,4.294929280877113342e-02,1.545186787843704224e-01,7.739104330539703369e-02,9.765214323997497559e-01,9.765214323997497559e-01,1.744710445404052734e+00,4.674558043479919434e-01,3.057368278503417969e+00,3.057368278503417969e+00,3.703281402587890625e+00,1.962615966796875000e+00
3.500000000000000000e+02,3.473293304443359375e+00,3.473293304443359375e+00,4.014491558074951172e+00,2.532064437866210938e+00,1.927517890930175781e+00,1.927517890930175781e+00,2.644552469253540039e+00,9.915760755538940430e-01,2.006270438432693481e-01,2.006270438432693481e-01,5.837258696556091309e-01,2.300717085599899292e-01,3.584208711981773376e-02,3.584208711981773376e-02,1.487973704934120178e-02,1.414287388324737549e-01,4.604081809520721436e-02,4.604081809520721436e-02,1.577070504426956177e-01,7.681122422218322754e-02,1.013092279434204102e+00,1.013092279434204102e+00,1.776093721389770508e+00,4.849662780761718750e-01,3.066470384597778320e+00,3.066470384597778320e+00,3.706860303878784180e+00,1.977495074272155762e+00
3.510000000000000000e+02,3.444262027740478516e+00,3.444262027740478516e+00,3.981233119964599609e+00,2.512959957122802734e+00,1.882495403289794922e+00,1.882495403289794922e+00,2.590788841247558594e+00,9.626303315162658691e-01,1.985538601875305176e-01,1.985538601875305176e-01,5.588448047637939453e-01,2.360365092754364014e-01,3.762013465166091919e-02,3.762013465166091919e-02,1.553026121109724045e-02,1.464908570051193237e-01,4.872572049498558044e-02,4.872572049498558044e-02,1.609497666358947754e-01,7.593722641468048096e-02,1.048038005828857422e+00,1.048038005828857422e+00,1.806123495101928711e+00,5.027168393135070801e-01,3.073742628097534180e+00,3.073742628097534180e+00,3.708463430404663086e+00,1.990984320640563965e+00
3.520000000000000000e+02,3.409579277038574219e+00,3.409579277038574219e+00,3.946307659149169922e+00,2.492356300354003906e+00,1.773737907409667969e+00,1.773737907409667969e+00,2.541322946548461914e+00,9.392349123954772949e-01,2.019669711589813232e-01,2.019669711589813232e-01,5.351263880729675293e-01,2.433709502220153809e-01,3.909074142575263977e-02,3.909074142575263977e-02,1.605957001447677612e-02,1.526139080524444580e-01,5.236508697271347046e-02,5.236508697271347046e-02,1.659858673810958862e-01,7.599639892578125000e-02,1.087797999382019043e+00,1.087797999382019043e+00,1.835703492164611816e+00,5.205599069595336914e-01,3.074782609939575195e+00,3.074782609939575195e+00,3.709726810455322266e+00,2.004235029220581055e+00
3.530000000000000000e+02,3.377892971038818359e+00,3.377892971038818359e+00,3.910103797912597656e+00,2.470660686492919922e+00,1.789721131324768066e+00,1.789721131324768066e+00,2.490021228790283203e+00,9.197645187377929688e-01,2.054183781147003174e-01,2.054183781147003174e-01,5.115702152252197266e-01,2.509445548057556152e-01,4.250285029411315918e-02,4.250285029411315918e-02,1.717112772166728973e-02,1.587276458740234375e-01,5.595238134264945984e-02,5.595238134264945984e-02,1.708656847476959229e-01,7.710488885641098022e-02,1.126479148864746094e+00,1.126479148864746094e+00,1.865997791290283203e+00,5.378820300102233887e-01,3.085503101348876953e+00,3.085503101348876953e+00,3.708882570266723633e+00,2.016796588897705078e+00
3.540000000000000000e+02,3.348534822463989258e+00,3.348534822463989258e+00,3.872318029403686523e+00,2.448261737823486328e+00,1.752617120742797852e+00,1.752617120742797852e+00,2.438810825347900391e+00,8.841295242309570312e-01,2.090812474489212036e-01,2.090812474489212036e-01,4.882748126983642578e-01,2.586853504180908203e-01,4.505579173564910889e-02,4.505579173564910889e-02,1.830478385090827942e-02,1.646099090576171875e-01,5.949748679995536804e-02,5.949748679995536804e-02,1.825400590896606445e-01,7.808670401573181152e-02,1.164228081703186035e+00,1.164228081703186035e+00,1.896880984306335449e+00,5.529452562332153320e-01,3.089016199111938477e+00,3.089016199111938477e+00,3.706813573837280273e+00,2.028331756591796875e+00
3.550000000000000000e+02,3.315051317214965820e+00,3.315051317214965820e+00,3.832113742828369141e+00,2.424878835678100586e+00,1.507888317108154297e+00,1.507888317108154297e+00,2.387196302413940430e+00,8.813378214836120605e-01,2.124960571527481079e-01,2.124960571527481079e-01,4.648516178131103516e-01,2.662722766399383545e-01,4.732270538806915283e-02,4.732270538806915283e-02,1.955679990351200104e-02,1.707668304443359375e-01,6.268742680549621582e-02,6.268742680549621582e-02,1.958362460136413574e-01,7.888725399971008301e-02,1.200559735298156738e+00,1.200559735298156738e+00,1.925021052360534668e+00,5.700433850288391113e-01,3.090585470199584961e+00,3.090585470199584961e+00,3.702236652374267578e+00,2.038546800613403320e+00
3.560000000000000000e+02,3.280717611312866211e+00,3.280717611312866211e+00,3.792332410812377930e+00,2.400685787200927734e+00,1.663944482803344727e+00,1.663944482803344727e+00,2.335390806198120117e+00,8.615625500679016113e-01,2.156557887792587280e-01,2.156557887792587280e-01,4.413395822048187256e-01,2.735756337642669678e-01,4.930068552494049072e-02,4.930068552494049072e-02,2.099161036312580109e-02,1.763752698898315430e-01,6.551644951105117798e-02,6.551644951105117798e-02,2.085940688848495483e-01,7.948757708072662354e-02,1.235427618026733398e+00,1.235427618026733398e+00,1.951578497886657715e+00,5.852488279342651367e-01,3.087503671646118164e+00,3.087503671646118164e+00,3.693943977355957031e+00,2.047222375869750977e+00
3.570000000000000000e+02,3.244280815124511719e+00,3.244280815124511719e+00,3.750236034393310547e+00,2.375763177871704102e+00,1.619645953178405762e+00,1.619645953178405762e+00,2.281994581222534180e+00,8.414868116378784180e-01,2.185359895229339600e-01,2.185359895229339600e-01,4.177526831626892090e-01,2.804123163223266602e-01,5.098738893866539001e-02,5.098738893866539001e-02,2.154901251196861267e-02,1.814806461334228516e-01,6.798597425222396851e-02,6.798597425222396851e-02,2.209771871566772461e-01,7.997629046440124512e-02,1.268790245056152344e+00,1.268790245056152344e+00,1.976542234420776367e+00,5.990951657295227051e-01,3.085169792175292969e+00,3.085169792175292969e+00,3.687612056732177734e+00,2.053835868835449219e+00
3.580000000000000000e+02,3.207401275634765625e+00,3.207401275634765625e+00,3.706695318222045898e+00,2.349878787994384766e+00,1.574425935745239258e+00,1.574425935745239258e+00,2.230739116668701172e+00,8.231011033058166504e-01,2.211633026599884033e-01,2.211633026599884033e-01,3.936266005039215088e-01,2.877918183803558350e-01,5.236781388521194458e-02,5.236781388521194458e-02,2.277863956987857819e-02,1.866035163402557373e-01,7.008515298366546631e-02,7.008515298366546631e-02,2.326961904764175415e-01,8.025199174880981445e-02,1.300607204437255859e+00,1.300607204437255859e+00,1.999875426292419434e+00,6.119682192802429199e-01,3.080803871154785156e+00,3.080803871154785156e+00,3.677035570144653320e+00,2.058094501495361328e+00
3.590000000000000000e+02,3.168472051620483398e+00,3.168472051620483398e+00,3.661913156509399414e+00,2.323445320129394531e+00,1.529771208763122559e+00,1.529771208763122559e+00,2.177052021026611328e+00,8.091918230056762695e-01,2.235409170389175415e-01,2.235409170389175415e-01,3.704677820205688477e-01,2.965389788150787354e-01,5.346675217151641846e-02,5.346675217151641846e-02,2.404543757438659668e-02,1.912141740322113037e-01,7.181653380393981934e-02,7.181653380393981934e-02,2.443770021200180054e-01,8.035084605216979980e-02,1.330839514732360840e+00,1.330839514732360840e+00,2.018707990646362305e+00,6.238679289817810059e-01,3.077428817749023438e+00,3.077428817749023438e+00,3.664673328399658203e+00,2.064916849136352539e+00
