0.000000000000000000e+00,1.860502004623413086e+00,1.860502004623413086e+00,1.908033132553100586e+00,1.582799077033996582e+00,1.732330441474914551e+00,1.732330441474914551e+00,1.789320111274719238e+00,1.417631626129150391e+00,9.085288047790527344e-01,9.085288047790527344e-01,1.055219292640686035e+00,7.105716466903686523e-01,9.253413230180740356e-02,9.253413230180740356e-02,1.358184814453125000e-01,1.460732966661453247e-01,1.466800272464752197e-01,1.466800272464752197e-01,1.779109090566635132e-01,1.669996380805969238e-01,5.265610814094543457e-01,5.265610814094543457e-01,5.446264147758483887e-01,5.248597264289855957e-01,1.138570189476013184e+00,1.138570189476013184e+00,1.273182153701782227e+00,9.010685682296752930e-01
1.000000000000000000e+00,1.874221086502075195e+00,1.874221086502075195e+00,1.920110583305358887e+00,1.595167875289916992e+00,1.747906446456909180e+00,1.747906446456909180e+00,1.799433588981628418e+00,1.423245429992675781e+00,9.041100740432739258e-01,9.041100740432739258e-01,1.049116849899291992e+00,7.092955708503723145e-01,9.679089486598968506e-02,9.679089486598968506e-02,1.269898116588592529e-01,1.529622524976730347e-01,1.456995010375976562e-01,1.456995010375976562e-01,1.777412295341491699e-01,1.619652360677719116e-01,5.123956203460693359e-01,5.123956203460693359e-01,5.341873764991760254e-01,5.092187523841857910e-01,1.145066976547241211e+00,1.145066976547241211e+00,1.282207250595092773e+00,8.948243856430053711e-01
2.000000000000000000e+00,1.888073205947875977e+00,1.888073205947875977e+00,1.932412385940551758e+00,1.608373999595642090e+00,1.762582063674926758e+00,1.762582063674926758e+00,1.808702707290649414e+00,1.446241855621337891e+00,8.981432318687438965e-01,8.981432318687438965e-01,1.034117460250854492e+00,7.082806229591369629e-01,9.957724809646606445e-02,9.957724809646606445e-02,1.180468946695327759e-01,1.593953520059585571e-01,1.439061462879180908e-01,1.439061462879180908e-01,1.771731823682785034e-01,1.512858122587203979e-01,4.975551962852478027e-01,4.975551962852478027e-01,5.299412608146667480e-01,4.938428997993469238e-01,1.151032090187072754e+00,1.151032090187072754e+00,1.291386604309082031e+00,8.903793096542358398e-01
3.000000000000000000e+00,1.902205228805541992e+00,1.902205228805541992e+00,1.944446206092834473e+00,1.621660828590393066e+00,1.776168584823608398e+00,1.776168584823608398e+00,1.818058729171752930e+00,1.459399342536926270e+00,8.908589482307434082e-01,8.908589482307434082e-01,1.033930301666259766e+00,7.070899009704589844e-01,1.018308326601982117e-01,1.018308326601982117e-01,1.097312048077583313e-01,1.654784381389617920e-01,1.413087397813796997e-01,1.413087397813796997e-01,1.756373345851898193e-01,1.534975022077560425e-01,4.820493459701538086e-01,4.820493459701538086e-01,5.197115540504455566e-01,4.783855676651000977e-01,1.156237125396728516e+00,1.156237125396728516e+00,1.299194812774658203e+00,8.861714601516723633e-01
4.000000000000000000e+00,1.916683077812194824e+00,1.916683077812194824e+00,1.954966545104980469e+00,1.634364247322082520e+00,1.788896799087524414e+00,1.788896799087524414e+00,1.827281594276428223e+00,1.471859335899353027e+00,8.833262920379638672e-01,8.833262920379638672e-01,1.024839878082275391e+00,7.036710381507873535e-01,1.037386059761047363e-01,1.037386059761047363e-01,1.014820486307144165e-01,1.711223423480987549e-01,1.379037052392959595e-01,1.379037052392959595e-01,1.734066158533096313e-01,1.483032256364822388e-01,4.612368345260620117e-01,4.612368345260620117e-01,5.089612603187561035e-01,4.617379307746887207e-01,1.163304924964904785e+00,1.163304924964904785e+00,1.309779763221740723e+00,8.820196390151977539e-01
5.000000000000000000e+00,1.931414484977722168e+00,1.931414484977722168e+00,1.968407750129699707e+00,1.649152517318725586e+00,1.800660490989685059e+00,1.800660490989685059e+00,1.835507750511169434e+00,1.482947111129760742e+00,8.708453774452209473e-01,8.708453774452209473e-01,1.015244603157043457e+00,7.012764215469360352e-01,1.051085665822029114e-01,1.051085665822029114e-01,9.278931468725204468e-02,1.763477474451065063e-01,1.337238252162933350e-01,1.337238252162933350e-01,1.704578697681427002e-01,1.430270522832870483e-01,4.483346343040466309e-01,4.483346343040466309e-01,4.979956746101379395e-01,4.448688328266143799e-01,1.169568061828613281e+00,1.169568061828613281e+00,1.319086790084838867e+00,8.797529339790344238e-01
6.000000000000000000e+00,1.946416139602661133e+00,1.946416139602661133e+00,1.981179594993591309e+00,1.663305282592773438e+00,1.811362147331237793e+00,1.811362147331237793e+00,1.842980980873107910e+00,1.494344949722290039e+00,8.653779029846191406e-01,8.653779029846191406e-01,1.004898309707641602e+00,6.975576281547546387e-01,1.060022711753845215e-01,1.060022711753845215e-01,8.527465164661407471e-02,1.813821941614151001e-01,1.285693943500518799e-01,1.285693943500518799e-01,1.668215394020080566e-01,1.367570310831069946e-01,4.321455657482147217e-01,4.321455657482147217e-01,4.872081577777862549e-01,4.278116822242736816e-01,1.164431452751159668e+00,1.164431452751159668e+00,1.319793462753295898e+00,8.783637881278991699e-01
7.000000000000000000e+00,1.961611747741699219e+00,1.961611747741699219e+00,1.994261384010314941e+00,1.677719831466674805e+00,1.821064352989196777e+00,1.821064352989196777e+00,1.849717140197753906e+00,1.504454612731933594e+00,8.548287153244018555e-01,8.548287153244018555e-01,9.934954643249511719e-01,6.914364695549011230e-01,1.064186543226242065e-01,1.064186543226242065e-01,7.765591889619827271e-02,1.859910339117050171e-01,1.227710619568824768e-01,1.227710619568824768e-01,1.624582409858703613e-01,1.299788355827331543e-01,4.146857857704162598e-01,4.146857857704162598e-01,4.759393930435180664e-01,4.107373952865600586e-01,1.182308197021484375e+00,1.182308197021484375e+00,1.338185191154479980e+00,8.749595880508422852e-01
8.000000000000000000e+00,1.976989626884460449e+00,1.976989626884460449e+00,2.002372264862060547e+00,1.692476630210876465e+00,1.829766035079956055e+00,1.829766035079956055e+00,1.855676293373107910e+00,1.513308405876159668e+00,8.433361053466796875e-01,8.433361053466796875e-01,9.810854196548461914e-01,6.876329183578491211e-01,1.064572185277938843e-01,1.064572185277938843e-01,7.086768746376037598e-02,1.901946812868118286e-01,1.163624301552772522e-01,1.163624301552772522e-01,1.576724797487258911e-01,1.232513040304183960e-01,3.970547914505004883e-01,3.970547914505004883e-01,4.645948410034179688e-01,3.933508694171905518e-01,1.188796639442443848e+00,1.188796639442443848e+00,1.347795009613037109e+00,8.781359791755676270e-01
9.000000000000000000e+00,1.992732524871826172e+00,1.992732524871826172e+00,2.020009756088256836e+00,1.707284212112426758e+00,1.837750077247619629e+00,1.837750077247619629e+00,1.860981106758117676e+00,1.522208929061889648e+00,8.313813209533691406e-01,8.313813209533691406e-01,9.678074121475219727e-01,6.814563274383544922e-01,1.063072830438613892e-01,1.063072830438613892e-01,6.522764265537261963e-02,1.940322816371917725e-01,1.094863712787628174e-01,1.094863712787628174e-01,1.522828489542007446e-01,1.161290556192398071e-01,3.797893822193145752e-01,3.797893822193145752e-01,4.529509544372558594e-01,3.756091296672821045e-01,1.193095684051513672e+00,1.193095684051513672e+00,1.357735633850097656e+00,8.803780078887939453e-01
1.000000000000000000e+01,2.008498191833496094e+00,2.008498191833496094e+00,2.030795097351074219e+00,1.723173141479492188e+00,1.843482255935668945e+00,1.843482255935668945e+00,1.860801458358764648e+00,1.530118584632873535e+00,8.195270299911499023e-01,8.195270299911499023e-01,9.494712948799133301e-01,6.748241186141967773e-01,1.058288738131523132e-01,1.058288738131523132e-01,6.024025380611419678e-02,1.976481527090072632e-01,1.051538884639739990e-01,1.051538884639739990e-01,1.487385779619216919e-01,1.123999655246734619e-01,3.679987788200378418e-01,3.679987788200378418e-01,4.450399279594421387e-01,3.625697195529937744e-01,1.206780195236206055e+00,1.206780195236206055e+00,1.369961261749267578e+00,8.874552249908447266e-01
1.100000000000000000e+01,2.024311542510986328e+00,2.024311542510986328e+00,2.044516324996948242e+00,1.738944888114929199e+00,1.849523425102233887e+00,1.849523425102233887e+00,1.869858264923095703e+00,1.537107944488525391e+00,8.068309426307678223e-01,8.068309426307678223e-01,9.388180971145629883e-01,6.632664799690246582e-01,1.048760116100311279e-01,1.048760116100311279e-01,5.592198669910430908e-02,2.008904069662094116e-01,1.002911776304244995e-01,1.002911776304244995e-01,1.445871293544769287e-01,1.080113351345062256e-01,3.556529283523559570e-01,3.556529283523559570e-01,4.366626739501953125e-01,3.494003117084503174e-01,1.217271566390991211e+00,1.217271566390991211e+00,1.382133364677429199e+00,8.952300548553466797e-01
1.200000000000000000e+01,2.038506507873535156e+00,2.038506507873535156e+00,2.055610179901123047e+00,1.755951881408691406e+00,1.856873989105224609e+00,1.856873989105224609e+00,1.873336434364318848e+00,1.544754385948181152e+00,7.948032021522521973e-01,7.948032021522521973e-01,9.238492846488952637e-01,6.619637608528137207e-01,1.049409061670303345e-01,1.049409061670303345e-01,5.217537283897399902e-02,2.050895094871520996e-01,9.836608916521072388e-02,9.836608916521072388e-02,1.419632881879806519e-01,1.074466407299041748e-01,3.477731347084045410e-01,3.477731347084045410e-01,4.315630793571472168e-01,3.413384854793548584e-01,1.231399774551391602e+00,1.231399774551391602e+00,1.396156787872314453e+00,9.070912599563598633e-01
1.300000000000000000e+01,2.055468320846557617e+00,2.055468320846557617e+00,2.067488670349121094e+00,1.773016452789306641e+00,1.861293911933898926e+00,1.861293911933898926e+00,1.876557111740112305e+00,1.551544547080993652e+00,7.823516130447387695e-01,7.823516130447387695e-01,9.089807271957397461e-01,6.308911442756652832e-01,1.050062850117683411e-01,1.050062850117683411e-01,4.935789853334426880e-02,2.092150747776031494e-01,9.704297035932540894e-02,9.704297035932540894e-02,1.396492272615432739e-01,1.075266748666763306e-01,3.411907553672790527e-01,3.411907553672790527e-01,4.272072017192840576e-01,3.344517350196838379e-01,1.246539235115051270e+00,1.246539235115051270e+00,1.410541653633117676e+00,9.202752709388732910e-01
1.400000000000000000e+01,2.070797204971313477e+00,2.070797204971313477e+00,2.078786611557006836e+00,1.790351390838623047e+00,1.866885900497436523e+00,1.866885900497436523e+00,1.870809197425842285e+00,1.558118700981140137e+00,7.529157400131225586e-01,7.529157400131225586e-01,8.929245471954345703e-01,6.499264836311340332e-01,1.045714914798736572e-01,1.045714914798736572e-01,4.728392884135246277e-02,2.129218727350234985e-01,9.522520750761032104e-02,9.522520750761032104e-02,1.365229338407516479e-01,1.073843091726303101e-01,3.339030742645263672e-01,3.339030742645263672e-01,4.229206442832946777e-01,3.278231620788574219e-01,1.261408448219299316e+00,1.261408448219299316e+00,1.423632860183715820e+00,9.334575533866882324e-01
1.500000000000000000e+01,2.085795879364013672e+00,2.085795879364013672e+00,2.089997291564941406e+00,1.807281494140625000e+00,1.869407653808593750e+00,1.869407653808593750e+00,1.879419088363647461e+00,1.563651204109191895e+00,7.546253800392150879e-01,7.546253800392150879e-01,8.762189149856567383e-01,6.445765495300292969e-01,1.036373823881149292e-01,1.036373823881149292e-01,4.454844817519187927e-02,2.161251753568649292e-01,9.282816201448440552e-02,9.282816201448440552e-02,1.336438059806823730e-01,1.069320887327194214e-01,3.266661167144775391e-01,3.266661167144775391e-01,4.185525774955749512e-01,3.210368752479553223e-01,1.275990724563598633e+00,1.275990724563598633e+00,1.438349485397338867e+00,9.481648802757263184e-01
1.600000000000000000e+01,2.100568294525146484e+00,2.100568294525146484e+00,2.099753379821777344e+00,1.825068712234497070e+00,1.874146938323974609e+00,1.874146938323974609e+00,1.880260109901428223e+00,1.570360898971557617e+00,7.438471317291259766e-01,7.438471317291259766e-01,8.600682616233825684e-01,6.400328874588012695e-01,1.036002933979034424e-01,1.036002933979034424e-01,4.296498000621795654e-02,2.208723425865173340e-01,9.118376672267913818e-02,9.118376672267913818e-02,1.306024044752120972e-01,1.072184070944786072e-01,3.223617970943450928e-01,3.223617970943450928e-01,4.152775704860687256e-01,3.153737783432006836e-01,1.291219592094421387e+00,1.291219592094421387e+00,1.431960463523864746e+00,9.645305871963500977e-01
1.700000000000000000e+01,2.115229129791259766e+00,2.115229129791259766e+00,2.111028909683227539e+00,1.842660784721374512e+00,1.877316713333129883e+00,1.877316713333129883e+00,1.879939794540405273e+00,1.576230764389038086e+00,7.324485182762145996e-01,7.324485182762145996e-01,8.428360223770141602e-01,6.378098130226135254e-01,9.503826498985290527e-02,9.503826498985290527e-02,4.070852324366569519e-02,2.250306308269500732e-01,8.897813409566879272e-02,8.897813409566879272e-02,1.271614283323287964e-01,1.070981472730636597e-01,3.186184763908386230e-01,3.186184763908386230e-01,4.128609299659729004e-01,3.093515038490295410e-01,1.305376410484313965e+00,1.305376410484313965e+00,1.465744137763977051e+00,9.809747338294982910e-01
1.800000000000000000e+01,2.129442453384399414e+00,2.129442453384399414e+00,2.112056732177734375e+00,1.860036969184875488e+00,1.879222154617309570e+00,1.879222154617309570e+00,1.878647804260253906e+00,1.581279754638671875e+00,7.141858339309692383e-01,7.141858339309692383e-01,8.249877691268920898e-01,6.348316669464111328e-01,1.018529310822486877e-01,1.018529310822486877e-01,3.801506757736206055e-02,2.287675142288208008e-01,8.633982390165328979e-02,8.633982390165328979e-02,1.233025118708610535e-01,1.065363883972167969e-01,3.083728551864624023e-01,3.083728551864624023e-01,4.113889932632446289e-01,3.029807507991790771e-01,1.320576906204223633e+00,1.320576906204223633e+00,1.478682398796081543e+00,9.972961544990539551e-01
1.900000000000000000e+01,2.143599748611450195e+00,2.143599748611450195e+00,2.130789756774902344e+00,1.876033663749694824e+00,1.880295753479003906e+00,1.880295753479003906e+00,1.876501798629760742e+00,1.584654211997985840e+00,6.935641765594482422e-01,6.935641765594482422e-01,8.060851097106933594e-01,6.309634447097778320e-01,1.003608554601669312e-01,1.003608554601669312e-01,3.563151881098747253e-02,2.319046556949615479e-01,8.330798149108886719e-02,8.330798149108886719e-02,1.190927103161811829e-01,1.055814623832702637e-01,3.075473606586456299e-01,3.075473606586456299e-01,4.055429697036743164e-01,2.963423728942871094e-01,1.334653854370117188e+00,1.334653854370117188e+00,1.488619208335876465e+00,1.013698816299438477e+00
2.000000000000000000e+01,2.157307147979736328e+00,2.157307147979736328e+00,2.140040636062622070e+00,1.895223736763000488e+00,1.880316495895385742e+00,1.880316495895385742e+00,1.872695207595825195e+00,1.588752150535583496e+00,6.927376389503479004e-01,6.927376389503479004e-01,7.868775129318237305e-01,6.274494528770446777e-01,9.843830764293670654e-02,9.843830764293670654e-02,3.282197937369346619e-02,2.345357090234756470e-01,7.985735684633255005e-02,7.985735684633255005e-02,1.145053803920745850e-01,1.042254269123077393e-01,3.037423491477966309e-01,3.037423491477966309e-01,4.063463807106018066e-01,2.898647189140319824e-01,1.348559975624084473e+00,1.348559975624084473e+00,1.503607392311096191e+00,1.030703902244567871e+00
2.100000000000000000e+01,2.170681715011596680e+00,2.170681715011596680e+00,2.148900032043457031e+00,1.912468791007995605e+00,1.879427194595336914e+00,1.879427194595336914e+00,1.868834137916564941e+00,1.592151999473571777e+00,6.777863502502441406e-01,6.777863502502441406e-01,7.674717307090759277e-01,6.291798353195190430e-01,9.603997319936752319e-02,9.603997319936752319e-02,2.975820191204547882e-02,2.365624308586120605e-01,7.600571215152740479e-02,7.600571215152740479e-02,1.077370047569274902e-01,1.025040298700332642e-01,2.980115115642547607e-01,2.980115115642547607e-01,4.129365384578704834e-01,2.836067676544189453e-01,1.362424135208129883e+00,1.362424135208129883e+00,1.503735661506652832e+00,1.048214793205261230e+00
2.200000000000000000e+01,2.182492017745971680e+00,2.182492017745971680e+00,2.157568931579589844e+00,1.929203271865844727e+00,1.877582907676696777e+00,1.877582907676696777e+00,1.864435791969299316e+00,1.594975471496582031e+00,6.543766260147094727e-01,6.543766260147094727e-01,7.472470402717590332e-01,6.294444203376770020e-01,9.293480962514877319e-02,9.293480962514877319e-02,2.721661701798439026e-02,2.381233274936676025e-01,7.173196226358413696e-02,7.173196226358413696e-02,1.041734144091606140e-01,1.003725677728652954e-01,2.918743193149566650e-01,2.918743193149566650e-01,4.165306091308593750e-01,2.776114940643310547e-01,1.375518560409545898e+00,1.375518560409545898e+00,1.526290059089660645e+00,1.065403223037719727e+00
2.300000000000000000e+01,2.196478605270385742e+00,2.196478605270385742e+00,2.165597915649414062e+00,1.945806026458740234e+00,1.874590635299682617e+00,1.874590635299682617e+00,1.858660936355590820e+00,1.598420381546020508e+00,6.487056612968444824e-01,6.487056612968444824e-01,7.267372608184814453e-01,6.329851150512695312e-01,8.973085135221481323e-02,8.973085135221481323e-02,2.466103062033653259e-02,2.394969910383224487e-01,6.788448989391326904e-02,6.788448989391326904e-02,9.874957054853439331e-02,9.823624044656753540e-02,2.890754342079162598e-01,2.890754342079162598e-01,4.235651195049285889e-01,2.716148495674133301e-01,1.388605594635009766e+00,1.388605594635009766e+00,1.537612676620483398e+00,1.083752870559692383e+00
2.400000000000000000e+01,2.208925247192382812e+00,2.208925247192382812e+00,2.173099756240844727e+00,1.962418437004089355e+00,1.872599005699157715e+00,1.872599005699157715e+00,1.851999759674072266e+00,1.600536584854125977e+00,6.379120349884033203e-01,6.379120349884033203e-01,7.057428359985351562e-01,6.373497247695922852e-01,8.614367991685867310e-02,8.614367991685867310e-02,2.197277918457984924e-02,2.405176609754562378e-01,6.466937065124511719e-02,6.466937065124511719e-02,9.331091493368148804e-02,9.624165296554565430e-02,2.894879281520843506e-01,2.894879281520843506e-01,4.316654503345489502e-01,2.661998569965362549e-01,1.393007755279541016e+00,1.393007755279541016e+00,1.548648953437805176e+00,1.102714180946350098e+00
2.500000000000000000e+01,2.220882654190063477e+00,2.220882654190063477e+00,2.178104877471923828e+00,1.977830410003662109e+00,1.869435548782348633e+00,1.869435548782348633e+00,1.844432830810546875e+00,1.603743433952331543e+00,6.262624263763427734e-01,6.262624263763427734e-01,6.843170523643493652e-01,6.412100791931152344e-01,8.199140429496765137e-02,8.199140429496765137e-02,1.960976049304008484e-02,2.410712838172912598e-01,6.113315373659133911e-02,6.113315373659133911e-02,8.783119916915893555e-02,9.391849488019943237e-02,2.894752621650695801e-01,2.894752621650695801e-01,4.428443014621734619e-01,2.604512870311737061e-01,1.414295911788940430e+00,1.414295911788940430e+00,1.547604560852050781e+00,1.122636914253234863e+00
2.600000000000000000e+01,2.214120388031005859e+00,2.214120388031005859e+00,2.186483144760131836e+00,1.994013667106628418e+00,1.865093111991882324e+00,1.865093111991882324e+00,1.836062431335449219e+00,1.605268359184265137e+00,6.139389872550964355e-01,6.139389872550964355e-01,6.637204289436340332e-01,6.451991796493530273e-01,7.741066068410873413e-02,7.741066068410873413e-02,1.857138238847255707e-02,2.412438690662384033e-01,5.710495635867118835e-02,5.710495635867118835e-02,8.258002251386642456e-02,9.125061333179473877e-02,2.891429364681243896e-01,2.891429364681243896e-01,4.526120126247406006e-01,2.565761208534240723e-01,1.426342368125915527e+00,1.426342368125915527e+00,1.569092035293579102e+00,1.142135381698608398e+00
2.700000000000000000e+01,2.243544101715087891e+00,2.243544101715087891e+00,2.192335128784179688e+00,2.009150266647338867e+00,1.859727859497070312e+00,1.859727859497070312e+00,1.826886892318725586e+00,1.606077432632446289e+00,6.008248329162597656e-01,6.008248329162597656e-01,6.440215706825256348e-01,6.489613652229309082e-01,7.223996520042419434e-02,7.223996520042419434e-02,1.797049865126609802e-02,2.409344166517257690e-01,5.266275256872177124e-02,5.266275256872177124e-02,7.889977097511291504e-02,8.826725929975509644e-02,2.884500026702880859e-01,2.884500026702880859e-01,4.623234570026397705e-01,2.533466517925262451e-01,1.437856435775756836e+00,1.437856435775756836e+00,1.578483939170837402e+00,1.161665201187133789e+00
2.800000000000000000e+01,2.254161834716796875e+00,2.254161834716796875e+00,2.197629928588867188e+00,2.023567199707031250e+00,1.853159666061401367e+00,1.853159666061401367e+00,1.816828250885009766e+00,1.604920148849487305e+00,5.942658782005310059e-01,5.942658782005310059e-01,6.237566471099853516e-01,6.521849632263183594e-01,6.666456907987594604e-02,6.666456907987594604e-02,1.717043109238147736e-02,2.401625812053680420e-01,5.029723048210144043e-02,5.029723048210144043e-02,7.733640074729919434e-02,8.692375570535659790e-02,2.980789840221405029e-01,2.980789840221405029e-01,4.750857949256896973e-01,2.527451515197753906e-01,1.451223731040954590e+00,1.451223731040954590e+00,1.589819669723510742e+00,1.182929158210754395e+00
2.900000000000000000e+01,2.263290882110595703e+00,2.263290882110595703e+00,2.201268196105957031e+00,2.037282466888427734e+00,1.846325159072875977e+00,1.846325159072875977e+00,1.805795311927795410e+00,1.605311393737792969e+00,5.870215892791748047e-01,5.870215892791748047e-01,6.028643250465393066e-01,6.545509099960327148e-01,6.058982014656066895e-02,6.058982014656066895e-02,1.625296100974082947e-02,2.389408499002456665e-01,4.760342836380004883e-02,4.760342836380004883e-02,7.570594549179077148e-02,8.522890508174896240e-02,3.073453903198242188e-01,3.073453903198242188e-01,4.876224398612976074e-01,2.518974840641021729e-01,1.463943004608154297e+00,1.463943004608154297e+00,1.600561261177062988e+00,1.204339981079101562e+00
3.000000000000000000e+01,2.273111820220947266e+00,2.273111820220947266e+00,2.207515954971313477e+00,2.050293684005737305e+00,1.838148117065429688e+00,1.838148117065429688e+00,1.793887019157409668e+00,1.603745579719543457e+00,5.790831446647644043e-01,5.790831446647644043e-01,5.813654661178588867e-01,6.566772460937500000e-01,5.396697670221328735e-02,5.396697670221328735e-02,1.540949940681457520e-02,2.372941374778747559e-01,4.460571333765983582e-02,4.460571333765983582e-02,7.369970530271530151e-02,8.331714570522308350e-02,3.163052797317504883e-01,3.163052797317504883e-01,4.997368454933166504e-01,2.507295906543731689e-01,1.475529670715332031e+00,1.475529670715332031e+00,1.610677003860473633e+00,1.225607156753540039e+00
3.100000000000000000e+01,2.282584905624389648e+00,2.282584905624389648e+00,2.211408376693725586e+00,2.062578201293945312e+00,1.830006480216979980e+00,1.830006480216979980e+00,1.781174659729003906e+00,1.601386547088623047e+00,5.704123973846435547e-01,5.704123973846435547e-01,5.586194992065429688e-01,6.579570174217224121e-01,5.062951892614364624e-02,5.062951892614364624e-02,1.429260149598121643e-02,2.351527810096740723e-01,4.232084751129150391e-02,4.232084751129150391e-02,7.166559994220733643e-02,8.112464845180511475e-02,3.248289525508880615e-01,3.248289525508880615e-01,5.114553570747375488e-01,2.493522465229034424e-01,1.490544199943542480e+00,1.490544199943542480e+00,1.620312452316284180e+00,1.246584892272949219e+00
3.200000000000000000e+01,2.290857553482055664e+00,2.290857553482055664e+00,2.214586734771728516e+00,2.074123144149780273e+00,1.820901513099670410e+00,1.820901513099670410e+00,1.767491936683654785e+00,1.598284482955932617e+00,5.610467195510864258e-01,5.610467195510864258e-01,5.342636108398437500e-01,6.586785912513732910e-01,4.678674414753913879e-02,4.678674414753913879e-02,1.319565251469612122e-02,2.326726317405700684e-01,3.976476565003395081e-02,3.976476565003395081e-02,6.925641745328903198e-02,7.865619659423828125e-02,3.329568803310394287e-01,3.329568803310394287e-01,5.230408310890197754e-01,2.503777444362640381e-01,1.505252003669738770e+00,1.505252003669738770e+00,1.629099130630493164e+00,1.267616987228393555e+00
3.300000000000000000e+01,2.298505783081054688e+00,2.298505783081054688e+00,2.216991424560546875e+00,2.085049152374267578e+00,1.810416936874389648e+00,1.810416936874389648e+00,1.752994894981384277e+00,1.594398617744445801e+00,5.509940385818481445e-01,5.509940385818481445e-01,5.184250473976135254e-01,6.590951085090637207e-01,4.277317225933074951e-02,4.277317225933074951e-02,1.224259287118911743e-02,2.297824025154113770e-01,3.683026134967803955e-02,3.683026134967803955e-02,6.683678925037384033e-02,7.592329382896423340e-02,3.406791388988494873e-01,3.406791388988494873e-01,5.344012975692749023e-01,2.528016567230224609e-01,1.519288301467895508e+00,1.519288301467895508e+00,1.637256741523742676e+00,1.288283705711364746e+00
3.400000000000000000e+01,2.305514574050903320e+00,2.305514574050903320e+00,2.219882965087890625e+00,2.095263242721557617e+00,1.798694729804992676e+00,1.798694729804992676e+00,1.737816929817199707e+00,1.589801430702209473e+00,5.413233637809753418e-01,5.413233637809753418e-01,4.983606338500976562e-01,6.589425206184387207e-01,3.952911868691444397e-02,3.952911868691444397e-02,1.105048507452011108e-02,2.264204770326614380e-01,3.441493585705757141e-02,3.441493585705757141e-02,6.495966017246246338e-02,7.353188842535018921e-02,3.503642678260803223e-01,3.503642678260803223e-01,5.467242598533630371e-01,2.559072077274322510e-01,1.534569025039672852e+00,1.534569025039672852e+00,1.645857095718383789e+00,1.309017658233642578e+00
3.500000000000000000e+01,2.311789512634277344e+00,2.311789512634277344e+00,2.222604990005493164e+00,2.104804754257202148e+00,1.788250803947448730e+00,1.788250803947448730e+00,1.722049951553344727e+00,1.584714293479919434e+00,5.352175235748291016e-01,5.352175235748291016e-01,4.795196950435638428e-01,6.595001816749572754e-01,3.962937369942665100e-02,3.962937369942665100e-02,1.061728969216346741e-02,2.228483557701110840e-01,3.459271043539047241e-02,3.459271043539047241e-02,6.643117964267730713e-02,7.268199324607849121e-02,3.669877946376800537e-01,3.669877946376800537e-01,5.629589557647705078e-01,2.614229619503021240e-01,1.555104732513427734e+00,1.555104732513427734e+00,1.656740665435791016e+00,1.331594705581665039e+00
3.600000000000000000e+01,2.317087888717651367e+00,2.317087888717651367e+00,2.223564386367797852e+00,2.113545179367065430e+00,1.775750398635864258e+00,1.775750398635864258e+00,1.705414533615112305e+00,1.558939695358276367e+00,5.282422304153442383e-01,5.282422304153442383e-01,4.605264365673065186e-01,6.622453927993774414e-01,3.953008726239204407e-02,3.953008726239204407e-02,1.058524101972579956e-02,2.187620103359222412e-01,3.457650542259216309e-02,3.457650542259216309e-02,6.769695878028869629e-02,7.163004577159881592e-02,3.831181824207305908e-01,3.831181824207305908e-01,5.815698504447937012e-01,2.672115564346313477e-01,1.575437903404235840e+00,1.575437903404235840e+00,1.666065096855163574e+00,1.353370070457458496e+00
3.700000000000000000e+01,2.321849346160888672e+00,2.321849346160888672e+00,2.225299358367919922e+00,2.101814031600952148e+00,1.762475490570068359e+00,1.762475490570068359e+00,1.687740802764892578e+00,1.573231935501098633e+00,5.206232070922851562e-01,5.206232070922851562e-01,4.407850801944732666e-01,6.645535826683044434e-01,3.977287188172340393e-02,3.977287188172340393e-02,1.064406242221593857e-02,2.142040580511093140e-01,3.432821109890937805e-02,3.432821109890937805e-02,6.883782893419265747e-02,7.042615860700607300e-02,3.987974226474761963e-01,3.987974226474761963e-01,6.009060740470886230e-01,2.733408510684967041e-01,1.595410466194152832e+00,1.595410466194152832e+00,1.675806760787963867e+00,1.373247742652893066e+00
3.800000000000000000e+01,2.325708627700805664e+00,2.325708627700805664e+00,2.225877761840820312e+00,2.128637552261352539e+00,1.748084545135498047e+00,1.748084545135498047e+00,1.668631315231323242e+00,1.565090775489807129e+00,5.141259431838989258e-01,5.141259431838989258e-01,4.218487441539764404e-01,6.663360595703125000e-01,3.981248661875724792e-02,3.981248661875724792e-02,1.094752643257379532e-02,2.093930542469024658e-01,3.422047197818756104e-02,3.422047197818756104e-02,7.010193169116973877e-02,6.919121742248535156e-02,4.159266948699951172e-01,4.159266948699951172e-01,6.195651888847351074e-01,2.809154391288757324e-01,1.614573717117309570e+00,1.614573717117309570e+00,1.684076547622680664e+00,1.396404027938842773e+00
3.900000000000000000e+01,2.328710317611694336e+00,2.328710317611694336e+00,2.224919319152832031e+00,2.120040893554687500e+00,1.733398437500000000e+00,1.733398437500000000e+00,1.650537014007568359e+00,1.558537960052490234e+00,5.087591409683227539e-01,5.087591409683227539e-01,4.035624265670776367e-01,6.675484776496887207e-01,3.977876156568527222e-02,3.977876156568527222e-02,1.103047281503677368e-02,2.041025161743164062e-01,3.415374085307121277e-02,3.415374085307121277e-02,7.188537716865539551e-02,6.788708269596099854e-02,4.345407187938690186e-01,4.345407187938690186e-01,6.371122598648071289e-01,2.875970602035522461e-01,1.633533358573913574e+00,1.633533358573913574e+00,1.690012693405151367e+00,1.417946100234985352e+00
4.000000000000000000e+01,2.330930709838867188e+00,2.330930709838867188e+00,2.223649024963378906e+00,2.140563249588012695e+00,1.713501691818237305e+00,1.713501691818237305e+00,1.631124973297119141e+00,1.550886154174804688e+00,5.027721524238586426e-01,5.027721524238586426e-01,3.851255178451538086e-01,6.681688427925109863e-01,3.954502940177917480e-02,3.954502940177917480e-02,1.120742596685886383e-02,1.983494162559509277e-01,3.379253670573234558e-02,3.379253670573234558e-02,7.346578687429428101e-02,6.612938642501831055e-02,4.525958299636840820e-01,4.525958299636840820e-01,6.568468213081359863e-01,2.960336208343505859e-01,1.652114033699035645e+00,1.652114033699035645e+00,1.698677539825439453e+00,1.438967585563659668e+00
4.100000000000000000e+01,2.332280635833740234e+00,2.332280635833740234e+00,2.221282720565795898e+00,2.130576610565185547e+00,1.700918912887573242e+00,1.700918912887573242e+00,1.609167337417602539e+00,1.540369272232055664e+00,4.961726069450378418e-01,4.961726069450378418e-01,3.684682548046112061e-01,6.699418425559997559e-01,3.898711875081062317e-02,3.898711875081062317e-02,1.121394056826829910e-02,1.922098845243453979e-01,3.321767225861549377e-02,3.321767225861549377e-02,7.494762539863586426e-02,6.466885656118392944e-02,4.701143205165863037e-01,4.701143205165863037e-01,6.755128502845764160e-01,3.041900098323822021e-01,1.669327974319458008e+00,1.669327974319458008e+00,1.704563975334167480e+00,1.459452629089355469e+00
4.200000000000000000e+01,2.332768678665161133e+00,2.332768678665161133e+00,2.217914581298828125e+00,2.149024248123168945e+00,1.683436512947082520e+00,1.683436512947082520e+00,1.589268922805786133e+00,1.532559394836425781e+00,4.880014955997467041e-01,4.880014955997467041e-01,3.521669209003448486e-01,6.713081002235412598e-01,3.853869810700416565e-02,3.853869810700416565e-02,1.125167682766914368e-02,1.856851130723953247e-01,3.246590495109558105e-02,3.246590495109558105e-02,7.635793834924697876e-02,6.304442882537841797e-02,4.860464930534362793e-01,4.860464930534362793e-01,6.949862241744995117e-01,3.155784904956817627e-01,1.686596512794494629e+00,1.686596512794494629e+00,1.709479808807373047e+00,1.479413986206054688e+00
4.300000000000000000e+01,2.331177949905395508e+00,2.331177949905395508e+00,2.213864564895629883e+00,2.151098012924194336e+00,1.664108633995056152e+00,1.664108633995056152e+00,1.566435217857360840e+00,1.522423386573791504e+00,4.810498356819152832e-01,4.810498356819152832e-01,3.354133665561676025e-01,6.722189784049987793e-01,3.773713856935501099e-02,3.773713856935501099e-02,1.122142188251018524e-02,1.787764132022857666e-01,3.136834502220153809e-02,3.136834502220153809e-02,7.758738100528717041e-02,6.112366169691085815e-02,5.034288167953491211e-01,5.034288167953491211e-01,7.133650779724121094e-01,3.251073360443115234e-01,1.702607631683349609e+00,1.702607631683349609e+00,1.713404059410095215e+00,1.498708605766296387e+00
4.400000000000000000e+01,2.328595399856567383e+00,2.328595399856567383e+00,2.208824157714843750e+00,2.154092311859130859e+00,1.645398616790771484e+00,1.645398616790771484e+00,1.544942021369934082e+00,1.511337280273437500e+00,4.727826416492462158e-01,4.727826416492462158e-01,3.178675174713134766e-01,6.725596785545349121e-01,3.670807927846908569e-02,3.670807927846908569e-02,1.132669392973184586e-02,1.712620556354522705e-01,3.040812909603118896e-02,3.040812909603118896e-02,7.865063846111297607e-02,5.869763717055320740e-02,5.191698670387268066e-01,5.191698670387268066e-01,7.314144968986511230e-01,3.342560529708862305e-01,1.709814786911010742e+00,1.709814786911010742e+00,1.716062545776367188e+00,1.517611980438232422e+00
4.500000000000000000e+01,2.329114437103271484e+00,2.329114437103271484e+00,2.203165054321289062e+00,2.155399799346923828e+00,1.626281142234802246e+00,1.626281142234802246e+00,1.521681904792785645e+00,1.500302672386169434e+00,4.620476961135864258e-01,4.620476961135864258e-01,3.012966513633728027e-01,6.725490093231201172e-01,3.549827635288238525e-02,3.549827635288238525e-02,1.146637741476297379e-02,1.638851761817932129e-01,2.911490947008132935e-02,2.911490947008132935e-02,7.962074130773544312e-02,5.661158636212348938e-02,5.336134433746337891e-01,5.336134433746337891e-01,7.489641308784484863e-01,3.431231677532196045e-01,1.731682658195495605e+00,1.731682658195495605e+00,1.718703866004943848e+00,1.535968303680419922e+00
4.600000000000000000e+01,2.326270341873168945e+00,2.326270341873168945e+00,2.197651863098144531e+00,2.156483888626098633e+00,1.607579588890075684e+00,1.607579588890075684e+00,1.500022888183593750e+00,1.489090800285339355e+00,4.620984792709350586e-01,4.620984792709350586e-01,2.857704162597656250e-01,6.738358139991760254e-01,3.623386844992637634e-02,3.623386844992637634e-02,1.394598558545112610e-02,1.571757048368453979e-01,2.952383086085319519e-02,2.952383086085319519e-02,8.239778876304626465e-02,5.544989556074142456e-02,5.564311146736145020e-01,5.564311146736145020e-01,7.683665752410888672e-01,3.539304733276367188e-01,1.747929096221923828e+00,1.747929096221923828e+00,1.722186326980590820e+00,1.555396318435668945e+00
4.700000000000000000e+01,2.322596549987792969e+00,2.322596549987792969e+00,2.191376209259033203e+00,2.156829833984375000e+00,1.588191151618957520e+00,1.588191151618957520e+00,1.470215439796447754e+00,1.477891683578491211e+00,4.598138630390167236e-01,4.598138630390167236e-01,2.718458175659179688e-01,6.745218038558959961e-01,3.675354644656181335e-02,3.675354644656181335e-02,1.622766256332397461e-02,1.503975987434387207e-01,2.977528981864452362e-02,2.977528981864452362e-02,8.504872024059295654e-02,5.471353977918624878e-02,5.778869986534118652e-01,5.778869986534118652e-01,7.871150970458984375e-01,3.663924634456634521e-01,1.762582063674926758e+00,1.762582063674926758e+00,1.725311875343322754e+00,1.574132204055786133e+00
4.800000000000000000e+01,2.318039417266845703e+00,2.318039417266845703e+00,2.184951066970825195e+00,2.156026124954223633e+00,1.567916154861450195e+00,1.567916154861450195e+00,1.455260038375854492e+00,1.466462492942810059e+00,4.568468332290649414e-01,4.568468332290649414e-01,2.582323253154754639e-01,6.746408939361572266e-01,3.670162335038185120e-02,3.670162335038185120e-02,1.844943314790725708e-02,1.357988566160202026e-01,2.988142333924770355e-02,2.988142333924770355e-02,8.762792497873306274e-02,5.420756340026855469e-02,5.974792242050170898e-01,5.974792242050170898e-01,8.052215576171875000e-01,3.786012530326843262e-01,1.776150465011596680e+00,1.776150465011596680e+00,1.727696418762207031e+00,1.591680407524108887e+00
4.900000000000000000e+01,2.312697649002075195e+00,2.312697649002075195e+00,2.177609205245971680e+00,2.154934883117675781e+00,1.546749949455261230e+00,1.546749949455261230e+00,1.432089924812316895e+00,1.453636288642883301e+00,4.535674750804901123e-01,4.535674750804901123e-01,2.449542284011840820e-01,6.743663549423217773e-01,3.682328760623931885e-02,3.682328760623931885e-02,2.059449069201946259e-02,1.375189721584320068e-01,2.773699536919593811e-02,2.773699536919593811e-02,9.005135297775268555e-02,5.311661958694458008e-02,6.187224984169006348e-01,6.187224984169006348e-01,8.225339651107788086e-01,3.903270959854125977e-01,1.788954257965087891e+00,1.788954257965087891e+00,1.729027509689331055e+00,1.608905315399169922e+00
5.000000000000000000e+01,2.306527376174926758e+00,2.306527376174926758e+00,2.169177055358886719e+00,2.152589559555053711e+00,1.521997094154357910e+00,1.521997094154357910e+00,1.408823609352111816e+00,1.441740393638610840e+00,4.496133327484130859e-01,4.496133327484130859e-01,2.314438372850418091e-01,6.734785437583923340e-01,3.648445010185241699e-02,3.648445010185241699e-02,2.272876352071762085e-02,1.306791454553604126e-01,2.976681850850582123e-02,2.976681850850582123e-02,9.253262728452682495e-02,5.218119919300079346e-02,6.380116343498229980e-01,6.380116343498229980e-01,8.392295241355895996e-01,4.033182561397552490e-01,1.800704479217529297e+00,1.800704479217529297e+00,1.729499101638793945e+00,1.625214219093322754e+00
5.100000000000000000e+01,2.299511194229125977e+00,2.299511194229125977e+00,2.159921646118164062e+00,2.149394035339355469e+00,1.505746364593505859e+00,1.505746364593505859e+00,1.385247945785522461e+00,1.428954243659973145e+00,4.449207782745361328e-01,4.449207782745361328e-01,2.201098352670669556e-01,6.723714470863342285e-01,3.593103587627410889e-02,3.593103587627410889e-02,2.458027563989162445e-02,1.235125511884689331e-01,2.938907407224178314e-02,2.938907407224178314e-02,9.529900550842285156e-02,5.127985402941703796e-02,6.479876637458801270e-01,6.479876637458801270e-01,8.441914319992065430e-01,4.167457520961761475e-01,1.811478137969970703e+00,1.811478137969970703e+00,1.728789210319519043e+00,1.641767740249633789e+00
5.200000000000000000e+01,2.291705846786499023e+00,2.291705846786499023e+00,2.149800300598144531e+00,2.145868301391601562e+00,1.483998417854309082e+00,1.483998417854309082e+00,1.361162424087524414e+00,1.414519429206848145e+00,4.400670826435089111e-01,4.400670826435089111e-01,2.107000201940536499e-01,6.601503491401672363e-01,3.509828448295593262e-02,3.509828448295593262e-02,2.653768099844455719e-02,1.160064414143562317e-01,2.909503132104873657e-02,2.909503132104873657e-02,9.787727147340774536e-02,5.068934708833694458e-02,6.742351055145263672e-01,6.742351055145263672e-01,8.709357380867004395e-01,4.277553856372833252e-01,1.821245431900024414e+00,1.821245431900024414e+00,1.725138664245605469e+00,1.656789422035217285e+00
5.300000000000000000e+01,2.283041954040527344e+00,2.283041954040527344e+00,2.138871669769287109e+00,2.141206741333007812e+00,1.461883902549743652e+00,1.461883902549743652e+00,1.336652398109436035e+00,1.401954889297485352e+00,4.346298575401306152e-01,4.346298575401306152e-01,2.017684280872344971e-01,6.686415076255798340e-01,3.413962572813034058e-02,3.413962572813034058e-02,2.832461707293987274e-02,1.058170273900032043e-01,2.887193672358989716e-02,2.887193672358989716e-02,1.003687381744384766e-01,4.983190074563026428e-02,6.910142898559570312e-01,6.910142898559570312e-01,8.855993747711181641e-01,4.444559812545776367e-01,1.830025672912597656e+00,1.830025672912597656e+00,1.708787679672241211e+00,1.671016693115234375e+00
5.400000000000000000e+01,2.273598670959472656e+00,2.273598670959472656e+00,2.126846075057983398e+00,2.135716676712036133e+00,1.439750671386718750e+00,1.439750671386718750e+00,1.311872720718383789e+00,1.387843251228332520e+00,4.288016557693481445e-01,4.288016557693481445e-01,1.940737813711166382e-01,6.661576032638549805e-01,3.299819305539131165e-02,3.299819305539131165e-02,3.016821108758449554e-02,1.002676114439964294e-01,2.883780747652053833e-02,2.883780747652053833e-02,1.025907099246978760e-01,4.879711940884590149e-02,7.046757936477661133e-01,7.046757936477661133e-01,8.995012044906616211e-01,4.612031579017639160e-01,1.837863445281982422e+00,1.837863445281982422e+00,1.729751944541931152e+00,1.684464693069458008e+00
5.500000000000000000e+01,2.263075828552246094e+00,2.263075828552246094e+00,2.114484786987304688e+00,2.129492044448852539e+00,1.417737364768981934e+00,1.417737364768981934e+00,1.282968163490295410e+00,1.373280405998229980e+00,4.232876002788543701e-01,4.232876002788543701e-01,1.869443356990814209e-01,6.631257534027099609e-01,3.184717148542404175e-02,3.184717148542404175e-02,3.179806843400001526e-02,9.389223158359527588e-02,2.938097156584262848e-02,2.938097156584262848e-02,1.049351692199707031e-01,4.765467345714569092e-02,7.235414385795593262e-01,7.235414385795593262e-01,9.125940799713134766e-01,4.783076047897338867e-01,1.844853281974792480e+00,1.844853281974792480e+00,1.731408715248107910e+00,1.696317911148071289e+00
5.600000000000000000e+01,2.252258777618408203e+00,2.252258777618408203e+00,2.101125240325927734e+00,2.122447729110717773e+00,1.395389795303344727e+00,1.395389795303344727e+00,1.261143684387207031e+00,1.354782700538635254e+00,4.167562723159790039e-01,4.167562723159790039e-01,1.807216405868530273e-01,6.596407294273376465e-01,3.040572069585323334e-02,3.040572069585323334e-02,3.348093852400779724e-02,9.147421270608901978e-02,2.972029522061347961e-02,2.972029522061347961e-02,1.069951727986335754e-01,4.645814001560211182e-02,7.383183240890502930e-01,7.383183240890502930e-01,9.249398708343505859e-01,4.955132603645324707e-01,1.850813746452331543e+00,1.850813746452331543e+00,1.734547495841979980e+00,1.708850145339965820e+00
5.700000000000000000e+01,2.241289377212524414e+00,2.241289377212524414e+00,2.086815834045410156e+00,2.114678621292114258e+00,1.373184800148010254e+00,1.373184800148010254e+00,1.235664725303649902e+00,1.343999862670898438e+00,4.109816849231719971e-01,4.109816849231719971e-01,1.752558946609497070e-01,6.561971902847290039e-01,3.028327971696853638e-02,3.028327971696853638e-02,3.550492972135543823e-02,9.039093554019927979e-02,3.014866635203361511e-02,3.014866635203361511e-02,1.091921031475067139e-01,4.536844417452812195e-02,7.530030012130737305e-01,7.530030012130737305e-01,9.365483522415161133e-01,5.122016668319702148e-01,1.856572628021240234e+00,1.856572628021240234e+00,1.733499765396118164e+00,1.719914674758911133e+00
5.800000000000000000e+01,2.227906465530395508e+00,2.227906465530395508e+00,2.071231603622436523e+00,2.106162071228027344e+00,1.350780963897705078e+00,1.350780963897705078e+00,1.210646629333496094e+00,1.307182908058166504e+00,4.051278531551361084e-01,4.051278531551361084e-01,1.722005605697631836e-01,6.523080468177795410e-01,3.040180914103984833e-02,3.040180914103984833e-02,3.758525103330612183e-02,8.904764056205749512e-02,3.052907809615135193e-02,3.052907809615135193e-02,1.112198382616043091e-01,4.400303587317466736e-02,7.670394182205200195e-01,7.670394182205200195e-01,9.472903609275817871e-01,5.283004045486450195e-01,1.862432599067687988e+00,1.862432599067687988e+00,1.731858611106872559e+00,1.730121970176696777e+00
5.900000000000000000e+01,2.216042518615722656e+00,2.216042518615722656e+00,2.057380437850952148e+00,2.096895217895507812e+00,1.314992666244506836e+00,1.314992666244506836e+00,1.184860825538635254e+00,1.314733266830444336e+00,3.987804353237152100e-01,3.987804353237152100e-01,1.710187196731567383e-01,6.480448842048645020e-01,3.031555749475955963e-02,3.031555749475955963e-02,3.951720148324966431e-02,8.754111826419830322e-02,3.060605563223361969e-02,3.060605563223361969e-02,1.133213341236114502e-01,4.305477812886238098e-02,7.801413536071777344e-01,7.801413536071777344e-01,9.564762711524963379e-01,5.437936186790466309e-01,1.866885542869567871e+00,1.866885542869567871e+00,1.734745502471923828e+00,1.739533782005310059e+00
6.000000000000000000e+01,2.201996564865112305e+00,2.201996564865112305e+00,2.041330814361572266e+00,2.086930274963378906e+00,1.304953455924987793e+00,1.304953455924987793e+00,1.159387350082397461e+00,1.301030397415161133e+00,3.919471502304077148e-01,3.919471502304077148e-01,1.683902889490127563e-01,6.432161927223205566e-01,2.996352314949035645e-02,2.996352314949035645e-02,4.136633500456809998e-02,8.627837896347045898e-02,3.068840503692626953e-02,3.068840503692626953e-02,1.155294775962829590e-01,4.206650331616401672e-02,7.922926545143127441e-01,7.922926545143127441e-01,9.660772681236267090e-01,5.620082020759582520e-01,1.869681835174560547e+00,1.869681835174560547e+00,1.733129262924194336e+00,1.748068928718566895e+00
6.100000000000000000e+01,2.187676191329956055e+00,2.187676191329956055e+00,2.024717092514038086e+00,2.076223850250244141e+00,1.283261060714721680e+00,1.283261060714721680e+00,1.133631944656372070e+00,1.286080002784729004e+00,3.846363723278045654e-01,3.846363723278045654e-01,1.674347519874572754e-01,6.378292441368103027e-01,3.093107789754867554e-02,3.093107789754867554e-02,4.310776665806770325e-02,8.449926227331161499e-02,3.199956193566322327e-02,3.199956193566322327e-02,1.179582476615905762e-01,4.082326218485832214e-02,8.034788370132446289e-01,8.034788370132446289e-01,9.578127861022949219e-01,5.803517103195190430e-01,1.873339414596557617e+00,1.873339414596557617e+00,1.730592489242553711e+00,1.755680203437805176e+00
6.200000000000000000e+01,2.173139095306396484e+00,2.173139095306396484e+00,2.007334947586059570e+00,2.064921855926513672e+00,1.261469483375549316e+00,1.261469483375549316e+00,1.107667565345764160e+00,1.273718953132629395e+00,3.621895015239715576e-01,3.621895015239715576e-01,1.652701795101165771e-01,6.315982341766357422e-01,3.178595006465911865e-02,3.178595006465911865e-02,4.471102356910705566e-02,8.262465894222259521e-02,3.374547883868217468e-02,3.374547883868217468e-02,1.212662979960441589e-01,3.945544362068176270e-02,8.130912184715270996e-01,8.130912184715270996e-01,9.811234474182128906e-01,5.981082916259765625e-01,1.877246856689453125e+00,1.877246856689453125e+00,1.727082133293151855e+00,1.762663245201110840e+00
6.300000000000000000e+01,2.157536268234252930e+00,2.157536268234252930e+00,1.989301204681396484e+00,2.052887201309204102e+00,1.233494520187377930e+00,1.233494520187377930e+00,1.081752777099609375e+00,1.260697126388549805e+00,3.685712814331054688e-01,3.685712814331054688e-01,1.624292433261871338e-01,6.256938576698303223e-01,3.214778751134872437e-02,3.214778751134872437e-02,4.616457968950271606e-02,8.023469150066375732e-02,3.493437543511390686e-02,3.493437543511390686e-02,1.253578066825866699e-01,3.791961818933486938e-02,8.228917717933654785e-01,8.228917717933654785e-01,9.870581030845642090e-01,6.150256395339965820e-01,1.878759145736694336e+00,1.878759145736694336e+00,1.722427845001220703e+00,1.768612623214721680e+00
6.400000000000000000e+01,2.141483306884765625e+00,2.141483306884765625e+00,1.969432473182678223e+00,2.040154695510864258e+00,1.206688404083251953e+00,1.206688404083251953e+00,1.055898904800415039e+00,1.248103499412536621e+00,3.615400791168212891e-01,3.615400791168212891e-01,1.616960912942886353e-01,6.201655864715576172e-01,3.390326723456382751e-02,3.390326723456382751e-02,4.836498945951461792e-02,7.921440899372100830e-02,3.586800396442413330e-02,3.586800396442413330e-02,1.269469559192657471e-01,3.631483763456344604e-02,8.311628103256225586e-01,8.311628103256225586e-01,9.893700480461120605e-01,6.313935518264770508e-01,1.880368471145629883e+00,1.880368471145629883e+00,1.717625141143798828e+00,1.773706793785095215e+00
6.500000000000000000e+01,2.124816179275512695e+00,2.124816179275512695e+00,1.951355099678039551e+00,2.026918172836303711e+00,1.196265935897827148e+00,1.196265935897827148e+00,1.031111955642700195e+00,1.235699176788330078e+00,3.542654812335968018e-01,3.542654812335968018e-01,1.602984666824340820e-01,6.142072677612304688e-01,3.487154841423034668e-02,3.487154841423034668e-02,5.057323351502418518e-02,7.775531709194183350e-02,3.655832633376121521e-02,3.655832633376121521e-02,1.321693658828735352e-01,3.481281548738479614e-02,8.387127518653869629e-01,8.387127518653869629e-01,9.964889287948608398e-01,6.475685238838195801e-01,1.880305886268615723e+00,1.880305886268615723e+00,1.711959838867187500e+00,1.778091430664062500e+00
6.600000000000000000e+01,2.104884862899780273e+00,2.104884862899780273e+00,1.931568980216979980e+00,2.013163328170776367e+00,1.174430012702941895e+00,1.174430012702941895e+00,1.006312608718872070e+00,1.228497028350830078e+00,3.466695845127105713e-01,3.466695845127105713e-01,1.586696058511734009e-01,6.076470613479614258e-01,3.627768531441688538e-02,3.627768531441688538e-02,5.259487405419349670e-02,7.613829523324966431e-02,3.699627891182899475e-02,3.699627891182899475e-02,1.405771672725677490e-01,3.353115171194076538e-02,8.457028269767761230e-01,8.457028269767761230e-01,9.878240227699279785e-01,6.633623242378234863e-01,1.879524946212768555e+00,1.879524946212768555e+00,1.700145125389099121e+00,1.781391143798828125e+00
6.700000000000000000e+01,2.089915990829467773e+00,2.089915990829467773e+00,1.847133398056030273e+00,1.999168634414672852e+00,1.146555542945861816e+00,1.146555542945861816e+00,9.814093708992004395e-01,1.219952821731567383e+00,3.383426368236541748e-01,3.383426368236541748e-01,1.581942737102508545e-01,6.007486581802368164e-01,3.716857731342315674e-02,3.716857731342315674e-02,5.434361100196838379e-02,7.485773414373397827e-02,3.718118742108345032e-02,3.718118742108345032e-02,1.474806219339370728e-01,3.218406066298484802e-02,8.512531518936157227e-01,8.512531518936157227e-01,1.001764297485351562e+00,6.781842112541198730e-01,1.877624273300170898e+00,1.877624273300170898e+00,1.699016094207763672e+00,1.783758401870727539e+00
6.800000000000000000e+01,2.071691989898681641e+00,2.071691989898681641e+00,1.888990044593811035e+00,1.984772562980651855e+00,1.135301351547241211e+00,1.135301351547241211e+00,9.575179815292358398e-01,1.216355681419372559e+00,3.340419232845306396e-01,3.340419232845306396e-01,1.615674793720245361e-01,5.972496271133422852e-01,4.078370705246925354e-02,4.078370705246925354e-02,5.882688611745834351e-02,7.558190822601318359e-02,3.987878561019897461e-02,3.987878561019897461e-02,1.570013463497161865e-01,3.154344856739044189e-02,8.567289113998413086e-01,8.567289113998413086e-01,1.003584504127502441e+00,6.943898797035217285e-01,1.875349283218383789e+00,1.875349283218383789e+00,1.691747665405273438e+00,1.786511778831481934e+00
6.900000000000000000e+01,2.053182840347290039e+00,2.053182840347290039e+00,1.872281074523925781e+00,1.973064422607421875e+00,1.123130559921264648e+00,1.123130559921264648e+00,9.401105046272277832e-01,1.215667963027954102e+00,3.326997160911560059e-01,3.326997160911560059e-01,1.683350801467895508e-01,5.968027710914611816e-01,4.705814272165298462e-02,4.705814272165298462e-02,6.558807194232940674e-02,7.953330874443054199e-02,4.500247538089752197e-02,4.500247538089752197e-02,1.682812124490737915e-01,3.184935450553894043e-02,8.536823391914367676e-01,8.536823391914367676e-01,1.005037903785705566e+00,7.113374471664428711e-01,1.873038887977600098e+00,1.873038887977600098e+00,1.683888196945190430e+00,1.789048433303833008e+00
7.000000000000000000e+01,2.034933328628540039e+00,2.034933328628540039e+00,1.852665424346923828e+00,1.959823131561279297e+00,1.110828280448913574e+00,1.110828280448913574e+00,9.210604429244995117e-01,1.214607238769531250e+00,3.322075903415679932e-01,3.322075903415679932e-01,1.753277033567428589e-01,5.959659814834594727e-01,5.293326452374458313e-02,5.293326452374458313e-02,7.209929823875427246e-02,8.359152078628540039e-02,4.970871284604072571e-02,4.970871284604072571e-02,1.789779961109161377e-01,3.197479248046875000e-02,8.665819764137268066e-01,8.665819764137268066e-01,9.943676590919494629e-01,7.283915281295776367e-01,1.869642496109008789e+00,1.869642496109008789e+00,1.675614953041076660e+00,1.790601372718811035e+00
7.100000000000000000e+01,2.016206741333007812e+00,2.016206741333007812e+00,1.832740545272827148e+00,1.946272373199462891e+00,1.098562240600585938e+00,1.098562240600585938e+00,9.031100869178771973e-01,1.213557243347167969e+00,3.307807743549346924e-01,3.307807743549346924e-01,1.836941242218017578e-01,5.948374271392822266e-01,5.520453304052352905e-02,5.520453304052352905e-02,7.806948572397232056e-02,8.712004125118255615e-02,5.405432730913162231e-02,5.405432730913162231e-02,1.894613802433013916e-01,3.342366591095924377e-02,8.698891997337341309e-01,8.698891997337341309e-01,1.004966735839843750e+00,7.445722818374633789e-01,1.837422966957092285e+00,1.837422966957092285e+00,1.666288495063781738e+00,1.791237354278564453e+00
7.200000000000000000e+01,1.996980786323547363e+00,1.996980786323547363e+00,1.807830929756164551e+00,1.933298587799072266e+00,1.086227655410766602e+00,1.086227655410766602e+00,8.863432407379150391e-01,1.212453603744506836e+00,3.288206458091735840e-01,3.288206458091735840e-01,1.923325955867767334e-01,5.933020710945129395e-01,6.344656646251678467e-02,6.344656646251678467e-02,8.427380025386810303e-02,9.046239405870437622e-02,5.801125615835189819e-02,5.801125615835189819e-02,1.994870901107788086e-01,3.528995066881179810e-02,8.721366524696350098e-01,8.721366524696350098e-01,1.003464341163635254e+00,7.604475021362304688e-01,1.859873890876770020e+00,1.859873890876770020e+00,1.655557751655578613e+00,1.791260004043579102e+00
7.300000000000000000e+01,1.977108716964721680e+00,1.977108716964721680e+00,1.792639017105102539e+00,1.916058540344238281e+00,1.078877210617065430e+00,1.078877210617065430e+00,8.696959614753723145e-01,1.211033463478088379e+00,3.265250921249389648e-01,3.265250921249389648e-01,2.005126029253005981e-01,5.913258790969848633e-01,6.814526766538619995e-02,6.814526766538619995e-02,8.998703211545944214e-02,9.356772154569625854e-02,6.659470498561859131e-02,6.659470498561859131e-02,2.088325619697570801e-01,3.691421821713447571e-02,8.733215332031250000e-01,8.733215332031250000e-01,1.000995397567749023e+00,7.754287719726562500e-01,1.853575348854064941e+00,1.853575348854064941e+00,1.644019961357116699e+00,1.790389180183410645e+00
7.400000000000000000e+01,1.959174394607543945e+00,1.959174394607543945e+00,1.771259069442749023e+00,1.883603453636169434e+00,1.071371793746948242e+00,1.071371793746948242e+00,8.531848192214965820e-01,1.209106445312500000e+00,3.238317370414733887e-01,3.238317370414733887e-01,2.083218246698379517e-01,5.889797210693359375e-01,7.240723073482513428e-02,7.240723073482513428e-02,9.537111967802047729e-02,9.615579247474670410e-02,7.460030168294906616e-02,7.460030168294906616e-02,2.175728529691696167e-01,3.829324990510940552e-02,8.734423518180847168e-01,8.734423518180847168e-01,9.975963830947875977e-01,7.900632619857788086e-01,1.845422387123107910e+00,1.845422387123107910e+00,1.580797195434570312e+00,1.788671731948852539e+00
7.500000000000000000e+01,1.939968347549438477e+00,1.939968347549438477e+00,1.751036286354064941e+00,1.892270565032958984e+00,1.063706040382385254e+00,1.063706040382385254e+00,8.367875814437866211e-01,1.207189202308654785e+00,3.206007778644561768e-01,3.206007778644561768e-01,2.163819074630737305e-01,5.862869024276733398e-01,7.525703310966491699e-02,7.525703310966491699e-02,1.004533469676971436e-01,9.871381521224975586e-02,8.206234872341156006e-02,8.206234872341156006e-02,2.256062030792236328e-01,3.942633792757987976e-02,8.719971776008605957e-01,8.719971776008605957e-01,9.932000637054443359e-01,8.038367629051208496e-01,1.837394475936889648e+00,1.837394475936889648e+00,1.621225237846374512e+00,1.769419908523559570e+00
7.600000000000000000e+01,1.920775890350341797e+00,1.920775890350341797e+00,1.732589364051818848e+00,1.880371928215026855e+00,1.061230778694152832e+00,1.061230778694152832e+00,8.245174288749694824e-01,1.209820270538330078e+00,3.298192024230957031e-01,3.298192024230957031e-01,2.302857637405395508e-01,5.901307463645935059e-01,8.485735207796096802e-02,8.485735207796096802e-02,1.096391379833221436e-01,1.056935936212539673e-01,8.996333926916122437e-02,8.996333926916122437e-02,2.335608005523681641e-01,4.164660349488258362e-02,8.770634531974792480e-01,8.770634531974792480e-01,9.890984296798706055e-01,8.183390498161315918e-01,1.830044984817504883e+00,1.830044984817504883e+00,1.608856797218322754e+00,1.783951878547668457e+00
7.700000000000000000e+01,1.901776552200317383e+00,1.901776552200317383e+00,1.713462591171264648e+00,1.869017004966735840e+00,1.058772683143615723e+00,1.058772683143615723e+00,8.119723796844482422e-01,1.212385892868041992e+00,3.380964398384094238e-01,3.380964398384094238e-01,2.439059019088745117e-01,5.936669111251831055e-01,9.283616393804550171e-02,9.283616393804550171e-02,1.183199584484100342e-01,1.123693361878395081e-01,9.729436784982681274e-02,9.729436784982681274e-02,2.410215735435485840e-01,4.535709321498870850e-02,8.803745508193969727e-01,8.803745508193969727e-01,9.837455749511718750e-01,8.322150707244873047e-01,1.820916891098022461e+00,1.820916891098022461e+00,1.596717834472656250e+00,1.781226038932800293e+00
7.800000000000000000e+01,1.882008194923400879e+00,1.882008194923400879e+00,1.693890094757080078e+00,1.858303546905517578e+00,1.056331992149353027e+00,1.056331992149353027e+00,8.061522841453552246e-01,1.215036630630493164e+00,3.467378020286560059e-01,3.467378020286560059e-01,2.567746639251708984e-01,5.968860387802124023e-01,1.001806855201721191e-01,1.001806855201721191e-01,1.265949010848999023e-01,1.186035424470901489e-01,1.040462404489517212e-01,1.040462404489517212e-01,2.479261457920074463e-01,4.981493577361106873e-02,8.828910589218139648e-01,8.828910589218139648e-01,9.775106310844421387e-01,8.450886011123657227e-01,1.810822606086730957e+00,1.810822606086730957e+00,1.583922028541564941e+00,1.777586460113525391e+00
7.900000000000000000e+01,1.863966107368469238e+00,1.863966107368469238e+00,1.675250053405761719e+00,1.847483038902282715e+00,1.054580330848693848e+00,1.054580330848693848e+00,7.977411150932312012e-01,1.217596650123596191e+00,3.563931584358215332e-01,3.563931584358215332e-01,2.712718844413757324e-01,5.997865200042724609e-01,1.071205139160156250e-01,1.071205139160156250e-01,1.345015913248062134e-01,1.257857680320739746e-01,1.110467761754989624e-01,1.110467761754989624e-01,2.541120648384094238e-01,5.402069538831710815e-02,8.858492970466613770e-01,8.858492970466613770e-01,9.704354405403137207e-01,8.568428158760070801e-01,1.799870252609252930e+00,1.799870252609252930e+00,1.560428738594055176e+00,1.773231983184814453e+00
8.000000000000000000e+01,1.845991969108581543e+00,1.845991969108581543e+00,1.656217217445373535e+00,1.836889028549194336e+00,1.056397914886474609e+00,1.056397914886474609e+00,7.909793257713317871e-01,1.221456646919250488e+00,3.710515201091766357e-01,3.710515201091766357e-01,2.854657173156738281e-01,6.031423807144165039e-01,1.141558289527893066e-01,1.141558289527893066e-01,1.420026123523712158e-01,1.326723545789718628e-01,1.198906078934669495e-01,1.198906078934669495e-01,2.597202956676483154e-01,5.795112252235412598e-02,8.923436999320983887e-01,8.923436999320983887e-01,9.622725248336791992e-01,8.683829903602600098e-01,1.788309454917907715e+00,1.788309454917907715e+00,1.555979967117309570e+00,1.768097162246704102e+00
8.100000000000000000e+01,1.827931523323059082e+00,1.827931523323059082e+00,1.637224197387695312e+00,1.826283574104309082e+00,1.057824492454528809e+00,1.057824492454528809e+00,7.846730947494506836e-01,1.226980209350585938e+00,3.852362632751464844e-01,3.852362632751464844e-01,3.009242117404937744e-01,6.059371829032897949e-01,1.202223375439643860e-01,1.202223375439643860e-01,1.494975090026855469e-01,1.395109146833419800e-01,1.280175596475601196e-01,1.280175596475601196e-01,2.667192220687866211e-01,6.191766262054443359e-02,8.982289433479309082e-01,8.982289433479309082e-01,9.525445699691772461e-01,8.785933852195739746e-01,1.775412321090698242e+00,1.775412321090698242e+00,1.522287130355834961e+00,1.762140750885009766e+00
8.200000000000000000e+01,1.810120344161987305e+00,1.810120344161987305e+00,1.618295550346374512e+00,1.815822601318359375e+00,1.060233354568481445e+00,1.060233354568481445e+00,7.793897986412048340e-01,1.233859300613403320e+00,4.011864662170410156e-01,4.011864662170410156e-01,3.173678517341613770e-01,6.097080707550048828e-01,1.271727979183197021e-01,1.271727979183197021e-01,1.571183502674102783e-01,1.448323726654052734e-01,1.355339735746383667e-01,1.355339735746383667e-01,2.739053368568420410e-01,6.602578610181808472e-02,9.036248922348022461e-01,9.036248922348022461e-01,9.429765343666076660e-01,8.863704800605773926e-01,1.762496352195739746e+00,1.762496352195739746e+00,1.525383710861206055e+00,1.755625963211059570e+00
8.300000000000000000e+01,1.791554570198059082e+00,1.791554570198059082e+00,1.599525451660156250e+00,1.805256724357604980e+00,1.064182758331298828e+00,1.064182758331298828e+00,7.757167220115661621e-01,1.240667462348937988e+00,4.170641303062438965e-01,4.170641303062438965e-01,3.345893025398254395e-01,6.136360764503479004e-01,1.327464580535888672e-01,1.327464580535888672e-01,1.647609323263168335e-01,1.539823412895202637e-01,1.435709148645401001e-01,1.435709148645401001e-01,2.800766229629516602e-01,7.059311866760253906e-02,9.076211452484130859e-01,9.076211452484130859e-01,9.318774938583374023e-01,8.983173370361328125e-01,1.748235702514648438e+00,1.748235702514648438e+00,1.510408043861389160e+00,1.748164415359497070e+00
8.400000000000000000e+01,1.775949001312255859e+00,1.775949001312255859e+00,1.579569697380065918e+00,1.794759511947631836e+00,1.069622278213500977e+00,1.069622278213500977e+00,7.732771039009094238e-01,1.247588872909545898e+00,4.331214725971221924e-01,4.331214725971221924e-01,3.514249026775360107e-01,6.175194978713989258e-01,1.392172425985336304e-01,1.392172425985336304e-01,1.719962358474731445e-01,1.611113548278808594e-01,1.520854830741882324e-01,1.520854830741882324e-01,2.848095297813415527e-01,7.386332750320434570e-02,9.109306335449218750e-01,9.109306335449218750e-01,9.188097715377807617e-01,9.081353545188903809e-01,1.733349084854125977e+00,1.733349084854125977e+00,1.494768619537353516e+00,1.740562677383422852e+00
8.500000000000000000e+01,1.753215193748474121e+00,1.753215193748474121e+00,1.562098026275634766e+00,1.784200549125671387e+00,1.074960231781005859e+00,1.074960231781005859e+00,7.712064981460571289e-01,1.252362251281738281e+00,4.485507309436798096e-01,4.485507309436798096e-01,3.680976033210754395e-01,6.208660006523132324e-01,1.443461030721664429e-01,1.443461030721664429e-01,1.791872382164001465e-01,1.683609187602996826e-01,1.597498506307601929e-01,1.597498506307601929e-01,2.907027304172515869e-01,7.893377542495727539e-02,9.136480689048767090e-01,9.136480689048767090e-01,9.076209068298339844e-01,9.169718027114868164e-01,1.717519402503967285e+00,1.717519402503967285e+00,1.478479266166687012e+00,1.731933951377868652e+00
8.600000000000000000e+01,1.743478775024414062e+00,1.743478775024414062e+00,1.544237017631530762e+00,1.772713661193847656e+00,1.080177068710327148e+00,1.080177068710327148e+00,7.707997560501098633e-01,1.262047767639160156e+00,4.626303017139434814e-01,4.626303017139434814e-01,3.841587007045745850e-01,6.237730383872985840e-01,1.488739848136901855e-01,1.488739848136901855e-01,1.857057213783264160e-01,1.752199381589889526e-01,1.665768921375274658e-01,1.665768921375274658e-01,2.953212261199951172e-01,8.419628441333770752e-02,9.145070910453796387e-01,9.145070910453796387e-01,8.940184116363525391e-01,9.248294234275817871e-01,1.700941085815429688e+00,1.700941085815429688e+00,1.461360692977905273e+00,1.722370386123657227e+00
8.700000000000000000e+01,1.727970004081726074e+00,1.727970004081726074e+00,1.526165723800659180e+00,1.764059424400329590e+00,1.084560394287109375e+00,1.084560394287109375e+00,7.708770036697387695e-01,1.269647240638732910e+00,4.778606593608856201e-01,4.778606593608856201e-01,3.998659253120422363e-01,6.262233257293701172e-01,1.524558365345001221e-01,1.524558365345001221e-01,1.914226561784744263e-01,1.817957907915115356e-01,1.719381064176559448e-01,1.719381064176559448e-01,3.001476526260375977e-01,8.959430456161499023e-02,9.149366021156311035e-01,9.149366021156311035e-01,8.794309496879577637e-01,9.317351579666137695e-01,1.683438777923583984e+00,1.683438777923583984e+00,1.445073723793029785e+00,1.712763905525207520e+00
8.800000000000000000e+01,1.712686538696289062e+00,1.712686538696289062e+00,1.508582592010498047e+00,1.754052162170410156e+00,1.090159416198730469e+00,1.090159416198730469e+00,7.714664340019226074e-01,1.277048707008361816e+00,4.915688633918762207e-01,4.915688633918762207e-01,4.151326417922973633e-01,6.282013654708862305e-01,1.552553176879882812e-01,1.552553176879882812e-01,1.972143501043319702e-01,1.884521692991256714e-01,1.776717007160186768e-01,1.776717007160186768e-01,3.037024438381195068e-01,9.444985538721084595e-02,9.138367772102355957e-01,9.138367772102355957e-01,8.639345169067382812e-01,9.375055432319641113e-01,1.664091229438781738e+00,1.664091229438781738e+00,1.427737236022949219e+00,1.702685475349426270e+00
8.900000000000000000e+01,1.698312163352966309e+00,1.698312163352966309e+00,1.491188764572143555e+00,1.744290232658386230e+00,1.095106124877929688e+00,1.095106124877929688e+00,7.705030441284179688e-01,1.283978343009948730e+00,5.042749643325805664e-01,5.042749643325805664e-01,4.301865994930267334e-01,6.294196844100952148e-01,1.544065475463867188e-01,1.544065475463867188e-01,2.021735757589340210e-01,1.942177712917327881e-01,1.819194853305816650e-01,1.819194853305816650e-01,3.064275979995727539e-01,9.876853972673416138e-02,9.093894362449645996e-01,9.093894362449645996e-01,8.475991487503051758e-01,9.426335692405700684e-01,1.641050815582275391e+00,1.641050815582275391e+00,1.409945368766784668e+00,1.692544460296630859e+00
9.000000000000000000e+01,1.684554815292358398e+00,1.684554815292358398e+00,1.474126577377319336e+00,1.734790682792663574e+00,1.098318576812744141e+00,1.098318576812744141e+00,7.731810212135314941e-01,1.291159629821777344e+00,5.169851779937744141e-01,5.169851779937744141e-01,4.442081153392791748e-01,6.307840943336486816e-01,1.584946811199188232e-01,1.584946811199188232e-01,2.065963596105575562e-01,1.995507329702377319e-01,1.849777549505233765e-01,1.849777549505233765e-01,3.083963096141815186e-01,1.026381254196166992e-01,9.076315760612487793e-01,9.076315760612487793e-01,8.303725719451904297e-01,9.468756914138793945e-01,1.626296877861022949e+00,1.626296877861022949e+00,1.391785383224487305e+00,1.681381225585937500e+00
9.100000000000000000e+01,1.670879244804382324e+00,1.670879244804382324e+00,1.457439064979553223e+00,1.495954394340515137e+00,1.107858657836914062e+00,1.107858657836914062e+00,7.730883955955505371e-01,1.297716856002807617e+00,5.290438532829284668e-01,5.290438532829284668e-01,4.591844677925109863e-01,6.313902735710144043e-01,1.609540432691574097e-01,1.609540432691574097e-01,2.103712111711502075e-01,2.041982710361480713e-01,1.912621706724166870e-01,1.912621706724166870e-01,3.093658089637756348e-01,1.059497892856597900e-01,9.040765166282653809e-01,9.040765166282653809e-01,8.127880692481994629e-01,9.502714872360229492e-01,1.607774734497070312e+00,1.607774734497070312e+00,1.373270273208618164e+00,1.669020414352416992e+00
9.200000000000000000e+01,1.658305644989013672e+00,1.658305644989013672e+00,1.440743446350097656e+00,1.715997695922851562e+00,1.115619897842407227e+00,1.115619897842407227e+00,7.754216194152832031e-01,1.303867578506469727e+00,5.404887199401855469e-01,5.404887199401855469e-01,4.727504253387451172e-01,6.318890452384948730e-01,1.626906394958496094e-01,1.626906394958496094e-01,2.138254940509796143e-01,2.080888450145721436e-01,1.962154656648635864e-01,1.962154656648635864e-01,3.093989491462707520e-01,1.098250001668930054e-01,8.986574411392211914e-01,8.986574411392211914e-01,7.951358556747436523e-01,9.526845812797546387e-01,1.588613033294677734e+00,1.588613033294677734e+00,1.354121327400207520e+00,1.656316518783569336e+00
9.300000000000000000e+01,1.646088957786560059e+00,1.646088957786560059e+00,1.424274802207946777e+00,1.707088470458984375e+00,1.122986912727355957e+00,1.122986912727355957e+00,7.775999307632446289e-01,1.309716343879699707e+00,5.507335066795349121e-01,5.507335066795349121e-01,4.859242439270019531e-01,6.239951252937316895e-01,1.637018024921417236e-01,1.637018024921417236e-01,2.166223078966140747e-01,2.124544978141784668e-01,1.993677616119384766e-01,1.993677616119384766e-01,3.084960281848907471e-01,1.131802350282669067e-01,8.919609785079956055e-01,8.919609785079956055e-01,7.768970727920532227e-01,9.533256292343139648e-01,1.568836688995361328e+00,1.568836688995361328e+00,1.335015773773193359e+00,1.644793272018432617e+00
9.400000000000000000e+01,1.633216857910156250e+00,1.633216857910156250e+00,1.408747434616088867e+00,1.697335004806518555e+00,1.130278944969177246e+00,1.130278944969177246e+00,7.802029252052307129e-01,1.315406322479248047e+00,5.609926581382751465e-01,5.609926581382751465e-01,4.985060393810272217e-01,6.334543824195861816e-01,1.639041751623153687e-01,1.639041751623153687e-01,2.189953327178955078e-01,2.157398462295532227e-01,2.031035721302032471e-01,2.031035721302032471e-01,3.065995573997497559e-01,1.158937141299247742e-01,8.843899965286254883e-01,8.843899965286254883e-01,7.577289342880249023e-01,9.541231393814086914e-01,1.548441648483276367e+00,1.548441648483276367e+00,1.299718856811523438e+00,1.631723403930664062e+00
9.500000000000000000e+01,1.620555520057678223e+00,1.620555520057678223e+00,1.393962025642395020e+00,1.689762473106384277e+00,1.137158989906311035e+00,1.137158989906311035e+00,7.829230427742004395e-01,1.320650339126586914e+00,5.702149271965026855e-01,5.702149271965026855e-01,5.106808543205261230e-01,6.336203813552856445e-01,1.635438650846481323e-01,1.635438650846481323e-01,2.193784415721893311e-01,2.185551971197128296e-01,2.050142586231231689e-01,2.050142586231231689e-01,3.038251996040344238e-01,1.186305284500122070e-01,8.756354451179504395e-01,8.756354451179504395e-01,7.379383444786071777e-01,9.532961249351501465e-01,1.527534246444702148e+00,1.527534246444702148e+00,1.296035528182983398e+00,1.618333816528320312e+00
9.600000000000000000e+01,1.613249063491821289e+00,1.613249063491821289e+00,1.380372405052185059e+00,1.681696772575378418e+00,1.143290281295776367e+00,1.143290281295776367e+00,7.873203158378601074e-01,1.325763702392578125e+00,5.787855386734008789e-01,5.787855386734008789e-01,5.219012498855590820e-01,6.332907676696777344e-01,1.623383462429046631e-01,1.623383462429046631e-01,2.220390737056732178e-01,2.210113108158111572e-01,2.053006440401077271e-01,2.053006440401077271e-01,2.931641936302185059e-01,1.212475672364234924e-01,8.658140301704406738e-01,8.658140301704406738e-01,7.171465158462524414e-01,9.525079727172851562e-01,1.506022691726684570e+00,1.506022691726684570e+00,1.275961399078369141e+00,1.604039311408996582e+00
9.700000000000000000e+01,1.603565812110900879e+00,1.603565812110900879e+00,1.366575241088867188e+00,1.671158790588378906e+00,1.149977326393127441e+00,1.149977326393127441e+00,7.949339151382446289e-01,1.257470607757568359e+00,5.864604711532592773e-01,5.864604711532592773e-01,5.329804420471191406e-01,6.324284076690673828e-01,1.604809612035751343e-01,1.604809612035751343e-01,2.232094556093215942e-01,2.230991572141647339e-01,2.057650834321975708e-01,2.057650834321975708e-01,2.958151102066040039e-01,1.226225197315216064e-01,8.549379110336303711e-01,8.549379110336303711e-01,6.939994692802429199e-01,9.500609040260314941e-01,1.484024286270141602e+00,1.484024286270141602e+00,1.255505919456481934e+00,1.590010643005371094e+00
9.800000000000000000e+01,1.594544887542724609e+00,1.594544887542724609e+00,1.352494120597839355e+00,1.665894627571105957e+00,1.155906081199645996e+00,1.155906081199645996e+00,8.020293712615966797e-01,1.334922790527343750e+00,5.936761498451232910e-01,5.936761498451232910e-01,5.431874990463256836e-01,6.274493932723999023e-01,1.579656153917312622e-01,1.579656153917312622e-01,2.239544391632080078e-01,2.247885167598724365e-01,2.048411965370178223e-01,2.048411965370178223e-01,2.906217575073242188e-01,1.260384023189544678e-01,8.434212207794189453e-01,8.434212207794189453e-01,6.653606295585632324e-01,9.470059871673583984e-01,1.461909174919128418e+00,1.461909174919128418e+00,1.236672878265380859e+00,1.574639916419982910e+00
9.900000000000000000e+01,1.585610747337341309e+00,1.585610747337341309e+00,1.340556383132934570e+00,1.658464193344116211e+00,1.160971641540527344e+00,1.160971641540527344e+00,8.096295595169067383e-01,1.338991641998291016e+00,6.003234386444091797e-01,6.003234386444091797e-01,5.530459284782409668e-01,6.292833685874938965e-01,1.535138487815856934e-01,1.535138487815856934e-01,2.245274931192398071e-01,2.264632135629653931e-01,2.023414373397827148e-01,2.023414373397827148e-01,2.847872972488403320e-01,1.310565620660781860e-01,8.313426375389099121e-01,8.313426375389099121e-01,6.604090929031372070e-01,9.433936476707458496e-01,1.439352869987487793e+00,1.439352869987487793e+00,1.217019796371459961e+00,1.553843736648559570e+00
1.000000000000000000e+02,1.578393816947937012e+00,1.578393816947937012e+00,1.328310132026672363e+00,1.651639103889465332e+00,1.167694687843322754e+00,1.167694687843322754e+00,8.175033330917358398e-01,1.342720866203308105e+00,6.065365672111511230e-01,6.065365672111511230e-01,5.621501803398132324e-01,6.289728879928588867e-01,1.508620232343673706e-01,1.508620232343673706e-01,2.244920283555984497e-01,2.271414548158645630e-01,2.022220939397811890e-01,2.022220939397811890e-01,2.787151038646697998e-01,1.364960074424743652e-01,8.195469379425048828e-01,8.195469379425048828e-01,6.449028849601745605e-01,9.397983551025390625e-01,1.417690277099609375e+00,1.417690277099609375e+00,1.194663882255554199e+00,1.549000740051269531e+00
1.010000000000000000e+02,1.571264505386352539e+00,1.571264505386352539e+00,1.316572427749633789e+00,1.644905686378479004e+00,1.173014044761657715e+00,1.173014044761657715e+00,8.258998990058898926e-01,1.346096038818359375e+00,6.119449138641357422e-01,6.119449138641357422e-01,5.709451436996459961e-01,6.323294639587402344e-01,1.458069831132888794e-01,1.458069831132888794e-01,2.243213355541229248e-01,2.276533097028732300e-01,1.996877640485763550e-01,1.996877640485763550e-01,2.717978656291961670e-01,1.415419131517410278e-01,8.067455291748046875e-01,8.067455291748046875e-01,6.302476525306701660e-01,9.351471662521362305e-01,1.395315885543823242e+00,1.395315885543823242e+00,1.178909301757812500e+00,1.535391926765441895e+00
1.020000000000000000e+02,1.564789414405822754e+00,1.564789414405822754e+00,1.305411219596862793e+00,1.638262510299682617e+00,1.178548455238342285e+00,1.178548455238342285e+00,8.344701528549194336e-01,1.349191546440124512e+00,6.183477044105529785e-01,6.183477044105529785e-01,5.793902277946472168e-01,6.367889046669006348e-01,1.419550329446792603e-01,1.419550329446792603e-01,2.237057089805603027e-01,2.291889488697052002e-01,1.968043446540832520e-01,1.968043446540832520e-01,2.641675770282745361e-01,1.458365619182586670e-01,7.946899533271789551e-01,7.946899533271789551e-01,6.136485934257507324e-01,9.298468828201293945e-01,1.373188138008117676e+00,1.373188138008117676e+00,1.159768462181091309e+00,1.521426320075988770e+00
1.030000000000000000e+02,1.558940768241882324e+00,1.558940768241882324e+00,1.289818763732910156e+00,1.631867647171020508e+00,1.183894038200378418e+00,1.183894038200378418e+00,8.452929854393005371e-01,1.351821780204772949e+00,6.244803667068481445e-01,6.244803667068481445e-01,5.872895717620849609e-01,6.403223276138305664e-01,1.368173658847808838e-01,1.368173658847808838e-01,2.227749228477478027e-01,2.292897701263427734e-01,1.931423991918563843e-01,1.931423991918563843e-01,2.556867301464080811e-01,1.493401229381561279e-01,7.822703719139099121e-01,7.822703719139099121e-01,5.969619750976562500e-01,9.236387014389038086e-01,1.350202202796936035e+00,1.350202202796936035e+00,1.140578508377075195e+00,1.506818771362304688e+00
1.040000000000000000e+02,1.551350951194763184e+00,1.551350951194763184e+00,1.286251306533813477e+00,1.627720355987548828e+00,1.188849925994873047e+00,1.188849925994873047e+00,8.578497767448425293e-01,1.354171991348266602e+00,6.298522949218750000e-01,6.298522949218750000e-01,5.944716930389404297e-01,6.430864334106445312e-01,1.308920830488204956e-01,1.308920830488204956e-01,2.217034250497817993e-01,2.291487902402877808e-01,1.884939670562744141e-01,1.884939670562744141e-01,2.463117092847824097e-01,1.520499140024185181e-01,7.688261270523071289e-01,7.688261270523071289e-01,5.796276330947875977e-01,9.166074395179748535e-01,1.327962756156921387e+00,1.327962756156921387e+00,1.121250152587890625e+00,1.493436932563781738e+00
1.050000000000000000e+02,1.549254179000854492e+00,1.549254179000854492e+00,1.279277324676513672e+00,1.624269366264343262e+00,1.193410158157348633e+00,1.193410158157348633e+00,8.688336610794067383e-01,1.356042742729187012e+00,6.343090534210205078e-01,6.343090534210205078e-01,6.010527610778808594e-01,6.465755105018615723e-01,1.244281232357025146e-01,1.244281232357025146e-01,2.202472090721130371e-01,2.274796366691589355e-01,1.828649193048477173e-01,1.828649193048477173e-01,2.360631376504898071e-01,1.571536362171173096e-01,7.535813450813293457e-01,7.535813450813293457e-01,5.617870092391967773e-01,9.087974429130554199e-01,1.304855823516845703e+00,1.304855823516845703e+00,1.102282643318176270e+00,1.479135274887084961e+00
1.060000000000000000e+02,1.545353651046752930e+00,1.545353651046752930e+00,1.274878978729248047e+00,1.620679855346679688e+00,1.199365258216857910e+00,1.199365258216857910e+00,8.840166330337524414e-01,1.357997298240661621e+00,6.426816582679748535e-01,6.426816582679748535e-01,6.103128790855407715e-01,6.496344208717346191e-01,1.182568743824958801e-01,1.182568743824958801e-01,2.210051864385604858e-01,2.280725538730621338e-01,1.781767010688781738e-01,1.781767010688781738e-01,2.251287996768951416e-01,1.626741886138916016e-01,7.426794767379760742e-01,7.426794767379760742e-01,5.469623804092407227e-01,9.014738202095031738e-01,1.283024787902832031e+00,1.283024787902832031e+00,1.086015224456787109e+00,1.465822696685791016e+00
1.070000000000000000e+02,1.542167901992797852e+00,1.542167901992797852e+00,1.271248936653137207e+00,1.619643807411193848e+00,1.192208409309387207e+00,1.192208409309387207e+00,8.979510068893432617e-01,1.359010457992553711e+00,6.503772735595703125e-01,6.503772735595703125e-01,6.188623905181884766e-01,6.523416638374328613e-01,1.129431352019309998e-01,1.129431352019309998e-01,2.195080518722534180e-01,2.269544899463653564e-01,1.724600493907928467e-01,1.724600493907928467e-01,2.188028395175933838e-01,1.674161553382873535e-01,7.324424386024475098e-01,7.324424386024475098e-01,5.314499735832214355e-01,8.934755325317382812e-01,1.261445164680480957e+00,1.261445164680480957e+00,1.069652676582336426e+00,1.451209425926208496e+00
1.080000000000000000e+02,1.537324190139770508e+00,1.537324190139770508e+00,1.265489578247070312e+00,1.601093053817749023e+00,1.210192799568176270e+00,1.210192799568176270e+00,9.111452102661132812e-01,1.360751152038574219e+00,6.565960049629211426e-01,6.565960049629211426e-01,6.266018152236938477e-01,6.538137197494506836e-01,1.061027795076370239e-01,1.061027795076370239e-01,2.210426479578018188e-01,2.254998832941055298e-01,1.660950481891632080e-01,1.660950481891632080e-01,2.088726609945297241e-01,1.712067127227783203e-01,7.194932699203491211e-01,7.194932699203491211e-01,5.153821706771850586e-01,8.844721317291259766e-01,1.239350438117980957e+00,1.239350438117980957e+00,1.052951335906982422e+00,1.437200546264648438e+00
1.090000000000000000e+02,1.534676671028137207e+00,1.534676671028137207e+00,1.265771865844726562e+00,1.617065191268920898e+00,1.215205907821655273e+00,1.215205907821655273e+00,9.249584674835205078e-01,1.361524105072021484e+00,6.630972623825073242e-01,6.630972623825073242e-01,6.337763667106628418e-01,6.556141376495361328e-01,9.954428672790527344e-02,9.954428672790527344e-02,2.203306853771209717e-01,2.227636873722076416e-01,1.587564647197723389e-01,1.587564647197723389e-01,1.968841850757598877e-01,1.742025613784790039e-01,7.069292664527893066e-01,7.069292664527893066e-01,4.986845552921295166e-01,8.746591806411743164e-01,1.217971801757812500e+00,1.217971801757812500e+00,1.036154031753540039e+00,1.423867702484130859e+00
1.100000000000000000e+02,1.536600589752197266e+00,1.536600589752197266e+00,1.264327287673950195e+00,1.610014677047729492e+00,1.220017433166503906e+00,1.220017433166503906e+00,9.380001425743103027e-01,1.361940979957580566e+00,6.676548123359680176e-01,6.676548123359680176e-01,6.404135823249816895e-01,6.565325260162353516e-01,9.237866103649139404e-02,9.237866103649139404e-02,2.120051532983779907e-01,2.211129665374755859e-01,1.507091075181961060e-01,1.507091075181961060e-01,1.867697387933731079e-01,1.764468848705291748e-01,6.926587820053100586e-01,6.926587820053100586e-01,4.816755652427673340e-01,8.641034364700317383e-01,1.196317195892333984e+00,1.196317195892333984e+00,1.020450353622436523e+00,1.409860253334045410e+00
1.110000000000000000e+02,1.535890817642211914e+00,1.535890817642211914e+00,1.261997222900390625e+00,1.611877083778381348e+00,1.224547386169433594e+00,1.224547386169433594e+00,9.507014155387878418e-01,1.361845016479492188e+00,6.725865602493286133e-01,6.725865602493286133e-01,6.471359729766845703e-01,6.572853922843933105e-01,8.445432782173156738e-02,8.445432782173156738e-02,2.173803150653839111e-01,2.187925875186920166e-01,1.420601606369018555e-01,1.420601606369018555e-01,1.693295240402221680e-01,1.777789294719696045e-01,6.778485774993896484e-01,6.778485774993896484e-01,4.642260074615478516e-01,8.525649309158325195e-01,1.170496225357055664e+00,1.170496225357055664e+00,1.004638791084289551e+00,1.395239353179931641e+00
1.120000000000000000e+02,1.535565853118896484e+00,1.535565853118896484e+00,1.263039112091064453e+00,1.617625236511230469e+00,1.228431224822998047e+00,1.228431224822998047e+00,9.642187952995300293e-01,1.361453413963317871e+00,6.761046648025512695e-01,6.761046648025512695e-01,6.533763408660888672e-01,6.595927476882934570e-01,7.608364522457122803e-02,7.608364522457122803e-02,2.174533605575561523e-01,2.158881276845932007e-01,1.322982460260391235e-01,1.322982460260391235e-01,1.614182293415069580e-01,1.781899183988571167e-01,6.620603799819946289e-01,6.620603799819946289e-01,4.467150866985321045e-01,8.402471542358398438e-01,1.151831150054931641e+00,1.151831150054931641e+00,9.887236952781677246e-01,1.382543683052062988e+00
1.130000000000000000e+02,1.537043094635009766e+00,1.537043094635009766e+00,1.259249448776245117e+00,1.617877364158630371e+00,1.230932593345642090e+00,1.230932593345642090e+00,9.788265228271484375e-01,1.360980868339538574e+00,6.797626018524169922e-01,6.797626018524169922e-01,6.604753732681274414e-01,6.580317616462707520e-01,6.979479640722274780e-02,6.979479640722274780e-02,2.168630063533782959e-01,2.128890454769134521e-01,1.239652782678604126e-01,1.239652782678604126e-01,1.502451300621032715e-01,1.799040287733078003e-01,6.485552787780761719e-01,6.485552787780761719e-01,4.323327541351318359e-01,8.297927975654602051e-01,1.135287284851074219e+00,1.135287284851074219e+00,9.759877920150756836e-01,1.369890570640563965e+00
1.140000000000000000e+02,1.538392782211303711e+00,1.538392782211303711e+00,1.267195820808410645e+00,1.619703650474548340e+00,1.236327648162841797e+00,1.236327648162841797e+00,9.939776659011840820e-01,1.360094189643859863e+00,6.837130784988403320e-01,6.837130784988403320e-01,6.679658293724060059e-01,6.614147424697875977e-01,6.765634566545486450e-02,6.765634566545486450e-02,2.171219140291213989e-01,2.092874944210052490e-01,1.138912439346313477e-01,1.138912439346313477e-01,1.411103159189224243e-01,1.826205849647521973e-01,6.378192305564880371e-01,6.378192305564880371e-01,4.207347333431243896e-01,8.207346200942993164e-01,1.122804164886474609e+00,1.122804164886474609e+00,9.660494327545166016e-01,1.360424280166625977e+00
1.150000000000000000e+02,1.540089488029479980e+00,1.540089488029479980e+00,1.270440340042114258e+00,1.616061091423034668e+00,1.241677999496459961e+00,1.241677999496459961e+00,1.008809208869934082e+00,1.358825802803039551e+00,6.868304014205932617e-01,6.868304014205932617e-01,6.748011112213134766e-01,6.630542874336242676e-01,6.459203362464904785e-02,6.459203362464904785e-02,2.170284539461135864e-01,2.067429870367050171e-01,1.097735315561294556e-01,1.097735315561294556e-01,1.271750181913375854e-01,1.848071664571762085e-01,6.262064576148986816e-01,6.262064576148986816e-01,4.090734720230102539e-01,8.108091950416564941e-01,1.110854506492614746e+00,1.110854506492614746e+00,9.560714960098266602e-01,1.349383950233459473e+00
1.160000000000000000e+02,1.542612195014953613e+00,1.542612195014953613e+00,1.274272561073303223e+00,1.623011469841003418e+00,1.245620012283325195e+00,1.245620012283325195e+00,1.024024486541748047e+00,1.357260107994079590e+00,6.498869061470031738e-01,6.498869061470031738e-01,6.805179119110107422e-01,6.632290482521057129e-01,6.096465885639190674e-02,6.096465885639190674e-02,2.172300666570663452e-01,2.031041979789733887e-01,1.016240566968917847e-01,1.016240566968917847e-01,1.210491955280303955e-01,1.864425390958786011e-01,5.927764773368835449e-01,5.927764773368835449e-01,3.973703980445861816e-01,8.009034395217895508e-01,1.098559141159057617e+00,1.098559141159057617e+00,9.468294978141784668e-01,1.337317705154418945e+00
1.170000000000000000e+02,1.545497059822082520e+00,1.545497059822082520e+00,1.278587818145751953e+00,1.624613285064697266e+00,1.249079465866088867e+00,1.249079465866088867e+00,1.038864612579345703e+00,1.355319738388061523e+00,6.905335187911987305e-01,6.905335187911987305e-01,6.863734722137451172e-01,6.630413532257080078e-01,4.997638612985610962e-02,4.997638612985610962e-02,2.176063209772109985e-01,2.008994072675704956e-01,9.280173480510711670e-02,9.280173480510711670e-02,1.101780831813812256e-01,1.878690272569656372e-01,6.007078289985656738e-01,6.007078289985656738e-01,3.844073414802551270e-01,7.909600138664245605e-01,1.085802793502807617e+00,1.085802793502807617e+00,9.377738237380981445e-01,1.331384181976318359e+00
1.180000000000000000e+02,1.548753261566162109e+00,1.548753261566162109e+00,1.284077882766723633e+00,1.626149415969848633e+00,1.252581715583801270e+00,1.252581715583801270e+00,1.053437113761901855e+00,1.353258728981018066e+00,6.917387843132019043e-01,6.917387843132019043e-01,6.917683482170104980e-01,6.626852750778198242e-01,5.270709842443466187e-02,5.270709842443466187e-02,1.667823046445846558e-01,1.981604397296905518e-01,8.852314949035644531e-02,8.852314949035644531e-02,1.041068658232688904e-01,1.926190257072448730e-01,5.941748619079589844e-01,5.941748619079589844e-01,3.803686499595642090e-01,7.863600850105285645e-01,1.077534914016723633e+00,1.077534914016723633e+00,9.348244667053222656e-01,1.325890541076660156e+00
1.190000000000000000e+02,1.552286982536315918e+00,1.552286982536315918e+00,1.289723873138427734e+00,1.627417325973510742e+00,1.255711197853088379e+00,1.255711197853088379e+00,1.067302584648132324e+00,1.350850224494934082e+00,6.920740604400634766e-01,6.920740604400634766e-01,6.963900327682495117e-01,6.612914800643920898e-01,4.807436838746070862e-02,4.807436838746070862e-02,2.182713896036148071e-01,1.950410157442092896e-01,8.376634865999221802e-02,8.376634865999221802e-02,9.765765815973281860e-02,1.970699727535247803e-01,5.864911079406738281e-01,5.864911079406738281e-01,3.755822181701660156e-01,7.810814976692199707e-01,1.071392655372619629e+00,1.071392655372619629e+00,9.315778017044067383e-01,1.320279240608215332e+00
1.200000000000000000e+02,1.556084990501403809e+00,1.556084990501403809e+00,1.292909502983093262e+00,1.627673625946044922e+00,1.258316516876220703e+00,1.258316516876220703e+00,1.081169366836547852e+00,1.348100423812866211e+00,6.896672248840332031e-01,6.896672248840332031e-01,7.003053426742553711e-01,6.598003506660461426e-01,4.298889264464378357e-02,4.298889264464378357e-02,2.180465757846832275e-01,1.916882693767547607e-01,7.829551398754119873e-02,7.829551398754119873e-02,9.077441692352294922e-02,2.007953524589538574e-01,5.784642696380615234e-01,5.784642696380615234e-01,3.698887526988983154e-01,7.565003633499145508e-01,1.063708662986755371e+00,1.063708662986755371e+00,9.284076094627380371e-01,1.314625024795532227e+00
1.210000000000000000e+02,1.560075759887695312e+00,1.560075759887695312e+00,1.301123857498168945e+00,1.629936218261718750e+00,1.256293654441833496e+00,1.256293654441833496e+00,1.094159364700317383e+00,1.344951033592224121e+00,6.902673244476318359e-01,6.902673244476318359e-01,7.035183906555175781e-01,6.572737097740173340e-01,4.283083602786064148e-02,4.283083602786064148e-02,2.173683643341064453e-01,1.876798570156097412e-01,7.637268304824829102e-02,7.637268304824829102e-02,8.368303626775741577e-02,2.037766724824905396e-01,5.704005956649780273e-01,5.704005956649780273e-01,3.638882339000701904e-01,7.677317261695861816e-01,1.061228513717651367e+00,1.061228513717651367e+00,9.252867698669433594e-01,1.309125661849975586e+00
1.220000000000000000e+02,1.564383029937744141e+00,1.564383029937744141e+00,1.308229923248291016e+00,1.631014943122863770e+00,1.269291043281555176e+00,1.269291043281555176e+00,1.106440901756286621e+00,1.341440796852111816e+00,6.881058812141418457e-01,6.881058812141418457e-01,7.059749364852905273e-01,6.544391512870788574e-01,4.241072759032249451e-02,4.241072759032249451e-02,2.168971002101898193e-01,1.839626282453536987e-01,7.357382774353027344e-02,7.357382774353027344e-02,7.598845660686492920e-02,2.061354070901870728e-01,5.610318779945373535e-01,5.610318779945373535e-01,3.584744632244110107e-01,7.614083290100097656e-01,1.058771967887878418e+00,1.058771967887878418e+00,9.225186109542846680e-01,1.303815007209777832e+00
1.230000000000000000e+02,1.569025158882141113e+00,1.569025158882141113e+00,1.315120697021484375e+00,1.632002830505371094e+00,1.274614810943603516e+00,1.274614810943603516e+00,1.116849541664123535e+00,1.337639927864074707e+00,6.851108670234680176e-01,6.851108670234680176e-01,7.078603506088256836e-01,6.506512165069580078e-01,4.172894358634948730e-02,4.172894358634948730e-02,2.146676778793334961e-01,1.725165396928787231e-01,7.023269683122634888e-02,7.023269683122634888e-02,6.798480451107025146e-02,2.077562808990478516e-01,5.509830713272094727e-01,5.509830713272094727e-01,3.526808619499206543e-01,7.536470890045166016e-01,1.055341482162475586e+00,1.055341482162475586e+00,9.199690818786621094e-01,1.299208879470825195e+00
1.240000000000000000e+02,1.573578238487243652e+00,1.573578238487243652e+00,1.321320533752441406e+00,1.632781624794006348e+00,1.280373334884643555e+00,1.280373334884643555e+00,1.130594968795776367e+00,1.333488464355468750e+00,6.818107366561889648e-01,6.818107366561889648e-01,7.095137834548950195e-01,6.483352780342102051e-01,4.119751974940299988e-02,4.119751974940299988e-02,2.158205807209014893e-01,1.761668026447296143e-01,6.824193149805068970e-02,6.824193149805068970e-02,6.069684773683547974e-02,2.090291976928710938e-01,5.415202379226684570e-01,5.415202379226684570e-01,3.476975560188293457e-01,7.461082935333251953e-01,1.054852962493896484e+00,1.054852962493896484e+00,9.184476137161254883e-01,1.294735312461853027e+00
1.250000000000000000e+02,1.578776121139526367e+00,1.578776121139526367e+00,1.330992460250854492e+00,1.633554816246032715e+00,1.289755105972290039e+00,1.289755105972290039e+00,1.142602443695068359e+00,1.329587936401367188e+00,6.793230772018432617e-01,6.793230772018432617e-01,7.096279859542846680e-01,6.451501250267028809e-01,4.192986339330673218e-02,4.192986339330673218e-02,2.170422226190567017e-01,1.727699935436248779e-01,7.130704075098037720e-02,7.130704075098037720e-02,5.600889027118682861e-02,2.114335298538208008e-01,5.352129936218261719e-01,5.352129936218261719e-01,3.461096882820129395e-01,7.402712106704711914e-01,1.056401371955871582e+00,1.056401371955871582e+00,9.128105044364929199e-01,1.291100740432739258e+00
1.260000000000000000e+02,1.583879709243774414e+00,1.583879709243774414e+00,1.339696288108825684e+00,1.634259343147277832e+00,1.298451185226440430e+00,1.298451185226440430e+00,1.156852126121520996e+00,1.325220942497253418e+00,6.755142211914062500e-01,6.755142211914062500e-01,7.136886119842529297e-01,6.426280140876770020e-01,4.226670786738395691e-02,4.226670786738395691e-02,2.179429233074188232e-01,1.692277491092681885e-01,7.400595396757125854e-02,7.400595396757125854e-02,5.092770233750343323e-02,2.130304276943206787e-01,5.278296470642089844e-01,5.278296470642089844e-01,3.406934142112731934e-01,7.338150739669799805e-01,1.057742834091186523e+00,1.057742834091186523e+00,9.216964244842529297e-01,1.288759112358093262e+00
1.270000000000000000e+02,1.589089512825012207e+00,1.589089512825012207e+00,1.348619341850280762e+00,1.632846236228942871e+00,1.307047128677368164e+00,1.307047128677368164e+00,1.169919133186340332e+00,1.320604205131530762e+00,6.718236804008483887e-01,6.718236804008483887e-01,7.148509621620178223e-01,6.339114904403686523e-01,4.248337447643280029e-02,4.248337447643280029e-02,2.186520844697952271e-01,1.654638200998306274e-01,7.643746584653854370e-02,7.643746584653854370e-02,4.571860656142234802e-02,2.131251692771911621e-01,5.205941796302795410e-01,5.205941796302795410e-01,3.417159914970397949e-01,7.268715500831604004e-01,1.059301853179931641e+00,1.059301853179931641e+00,9.232666492462158203e-01,1.285466313362121582e+00
1.280000000000000000e+02,1.594411969184875488e+00,1.594411969184875488e+00,1.355072498321533203e+00,1.635480403900146484e+00,1.314905166625976562e+00,1.314905166625976562e+00,1.183416843414306641e+00,1.316002368927001953e+00,6.659635305404663086e-01,6.659635305404663086e-01,7.173967957496643066e-01,6.368849277496337891e-01,4.472295939922332764e-02,4.472295939922332764e-02,2.192628979682922363e-01,1.617430597543716431e-01,7.921592146158218384e-02,7.921592146158218384e-02,4.128959402441978455e-02,2.172365188598632812e-01,5.139715075492858887e-01,5.139715075492858887e-01,3.418850004673004150e-01,7.205617427825927734e-01,1.059964418411254883e+00,1.059964418411254883e+00,9.257146120071411133e-01,1.283030986785888672e+00
1.290000000000000000e+02,1.599802374839782715e+00,1.599802374839782715e+00,1.364210367202758789e+00,1.635421276092529297e+00,1.323331356048583984e+00,1.323331356048583984e+00,1.196195721626281738e+00,1.311388134956359863e+00,6.622055768966674805e-01,6.622055768966674805e-01,7.197187542915344238e-01,6.347832679748535156e-01,4.725232720375061035e-02,4.725232720375061035e-02,2.194634079933166504e-01,1.580525338649749756e-01,8.288567513227462769e-02,8.288567513227462769e-02,3.791550174355506897e-02,2.213574051856994629e-01,5.086753964424133301e-01,5.086753964424133301e-01,3.432239294052124023e-01,7.160623073577880859e-01,1.069626331329345703e+00,1.069626331329345703e+00,9.299482703208923340e-01,1.281321525573730469e+00
1.300000000000000000e+02,1.605166792869567871e+00,1.605166792869567871e+00,1.376473307609558105e+00,1.635817766189575195e+00,1.330497741699218750e+00,1.330497741699218750e+00,1.208527088165283203e+00,1.306374549865722656e+00,6.567118167877197266e-01,6.567118167877197266e-01,7.220255136489868164e-01,6.327317953109741211e-01,4.911984875798225403e-02,4.911984875798225403e-02,2.200538069009780884e-01,1.540205180644989014e-01,8.634753525257110596e-02,8.634753525257110596e-02,3.472205251455307007e-02,2.248857468366622925e-01,5.026788115501403809e-01,5.026788115501403809e-01,3.442493081092834473e-01,7.105984091758728027e-01,1.059303879737854004e+00,1.059303879737854004e+00,9.337651133537292480e-01,1.271606922149658203e+00
1.310000000000000000e+02,1.610553026199340820e+00,1.610553026199340820e+00,1.385832428932189941e+00,1.634998559951782227e+00,1.336159586906433105e+00,1.336159586906433105e+00,1.220055103302001953e+00,1.301040291786193848e+00,6.509006023406982422e-01,6.509006023406982422e-01,7.235097885131835938e-01,6.297386884689331055e-01,5.073265358805656433e-02,5.073265358805656433e-02,2.200530171394348145e-01,1.501156091690063477e-01,8.887948840856552124e-02,8.887948840856552124e-02,3.112464956939220428e-02,2.278217822313308716e-01,4.961725771427154541e-01,4.961725771427154541e-01,3.451123535633087158e-01,7.046738862991333008e-01,1.080178737640380859e+00,1.080178737640380859e+00,9.374145865440368652e-01,1.277572631835937500e+00
1.320000000000000000e+02,1.615870714187622070e+00,1.615870714187622070e+00,1.395116925239562988e+00,1.634971141815185547e+00,1.343185901641845703e+00,1.343185901641845703e+00,1.230959296226501465e+00,1.295376181602478027e+00,6.438009142875671387e-01,6.438009142875671387e-01,7.238928675651550293e-01,6.267913579940795898e-01,5.208882689476013184e-02,5.208882689476013184e-02,2.199642360210418701e-01,1.460819840431213379e-01,9.099207818508148193e-02,9.099207818508148193e-02,2.731312252581119537e-02,2.301715016365051270e-01,4.889439046382904053e-01,4.889439046382904053e-01,3.472553789615631104e-01,6.998660564422607422e-01,1.085284709930419922e+00,1.085284709930419922e+00,9.423499107360839844e-01,1.275591492652893066e+00
1.330000000000000000e+02,1.621363997459411621e+00,1.621363997459411621e+00,1.404643177986145020e+00,1.634274601936340332e+00,1.348326444625854492e+00,1.348326444625854492e+00,1.241231083869934082e+00,1.289376020431518555e+00,6.359169483184814453e-01,6.359169483184814453e-01,7.246951460838317871e-01,6.244083046913146973e-01,5.318665504455566406e-02,5.318665504455566406e-02,2.195777893066406250e-01,1.427530050277709961e-01,9.239216893911361694e-02,9.239216893911361694e-02,2.332658320665359497e-02,2.317987382411956787e-01,4.808769226074218750e-01,4.808769226074218750e-01,3.489743769168853760e-01,6.948379874229431152e-01,1.090263128280639648e+00,1.090263128280639648e+00,9.473237395286560059e-01,1.273339986801147461e+00
1.340000000000000000e+02,1.626748085021972656e+00,1.626748085021972656e+00,1.414011955261230469e+00,1.633627772331237793e+00,1.352113246917724609e+00,1.352113246917724609e+00,1.251005411148071289e+00,1.282872200012207031e+00,6.200959682464599609e-01,6.200959682464599609e-01,7.243874073028564453e-01,6.205990314483642578e-01,5.402486398816108704e-02,5.402486398816108704e-02,2.188450694084167480e-01,1.387576311826705933e-01,9.298804402351379395e-02,9.298804402351379395e-02,1.921535283327102661e-02,2.331053763628005981e-01,4.681771397590637207e-01,4.681771397590637207e-01,3.503403663635253906e-01,6.897461414337158203e-01,1.095107913017272949e+00,1.095107913017272949e+00,9.518036246299743652e-01,1.270654201507568359e+00
1.350000000000000000e+02,1.631825447082519531e+00,1.631825447082519531e+00,1.423609495162963867e+00,1.633104205131530762e+00,1.356284141540527344e+00,1.356284141540527344e+00,1.259239912033081055e+00,1.276420116424560547e+00,6.178364753723144531e-01,6.178364753723144531e-01,7.234602570533752441e-01,6.163246631622314453e-01,5.460295081138610840e-02,5.460295081138610840e-02,2.177700847387313843e-01,1.345634013414382935e-01,9.305291622877120972e-02,9.305291622877120972e-02,1.493884995579719543e-02,2.338835000991821289e-01,4.638215005397796631e-01,4.638215005397796631e-01,3.514655828475952148e-01,6.838144063949584961e-01,1.099819183349609375e+00,1.099819183349609375e+00,9.562250375747680664e-01,1.246587276458740234e+00
1.360000000000000000e+02,1.637537479400634766e+00,1.637537479400634766e+00,1.434667825698852539e+00,1.632489919662475586e+00,1.362752318382263184e+00,1.362752318382263184e+00,1.272619009017944336e+00,1.271604657173156738e+00,6.151135563850402832e-01,6.151135563850402832e-01,7.266291379928588867e-01,6.145030856132507324e-01,5.758761242032051086e-02,5.758761242032051086e-02,2.201253920793533325e-01,1.321266293525695801e-01,9.674644470214843750e-02,9.674644470214843750e-02,1.494874339550733566e-02,2.365491688251495361e-01,4.620984792709350586e-01,4.620984792709350586e-01,3.577410280704498291e-01,6.790629625320434570e-01,1.107428431510925293e+00,1.107428431510925293e+00,9.644393920898437500e-01,1.267105221748352051e+00
1.370000000000000000e+02,1.642858624458312988e+00,1.642858624458312988e+00,1.445984482765197754e+00,1.631610631942749023e+00,1.368612885475158691e+00,1.368612885475158691e+00,1.284222841262817383e+00,1.266757726669311523e+00,6.116425395011901855e-01,6.116425395011901855e-01,7.298790216445922852e-01,6.109484434127807617e-01,6.130264699459075928e-02,6.130264699459075928e-02,2.220620661973953247e-01,1.294414997100830078e-01,9.957725554704666138e-02,9.957725554704666138e-02,1.533564738929271698e-02,2.386833429336547852e-01,4.598116874694824219e-01,4.598116874694824219e-01,3.636447489261627197e-01,6.775536537170410156e-01,1.115616798400878906e+00,1.115616798400878906e+00,9.722146391868591309e-01,1.266242384910583496e+00
1.380000000000000000e+02,1.648036479949951172e+00,1.648036479949951172e+00,1.456999540328979492e+00,1.630430459976196289e+00,1.373403429985046387e+00,1.373403429985046387e+00,1.295361757278442383e+00,1.257925629615783691e+00,6.074264049530029297e-01,6.074264049530029297e-01,7.321526408195495605e-01,6.099228858947753906e-01,6.407848745584487915e-02,6.407848745584487915e-02,2.236103266477584839e-01,1.267036646604537964e-01,1.018349602818489075e-01,1.018349602818489075e-01,1.576876081526279449e-02,2.396721094846725464e-01,4.569658041000366211e-01,4.569658041000366211e-01,3.691820800304412842e-01,6.742242574691772461e-01,1.123093366622924805e+00,1.123093366622924805e+00,9.811611771583557129e-01,1.264820694923400879e+00
1.390000000000000000e+02,1.653346657752990723e+00,1.653346657752990723e+00,1.468522667884826660e+00,1.627455353736877441e+00,1.378108263015747070e+00,1.378108263015747070e+00,1.305779218673706055e+00,1.257390379905700684e+00,6.023464202880859375e-01,6.023464202880859375e-01,7.339702248573303223e-01,6.066554188728332520e-01,6.646689027547836304e-02,6.646689027547836304e-02,2.246386408805847168e-01,1.236805096268653870e-01,1.037386283278465271e-01,1.037386283278465271e-01,1.604380644857883453e-02,2.413340508937835693e-01,4.535260200500488281e-01,4.535260200500488281e-01,3.674488663673400879e-01,6.701919436454772949e-01,1.129966378211975098e+00,1.129966378211975098e+00,9.895533919334411621e-01,1.262937307357788086e+00
1.400000000000000000e+02,1.658528327941894531e+00,1.658528327941894531e+00,1.479625940322875977e+00,1.626980185508728027e+00,1.381886839866638184e+00,1.381886839866638184e+00,1.315680742263793945e+00,1.252358198165893555e+00,5.967799425125122070e-01,5.967799425125122070e-01,7.319500446319580078e-01,6.028962731361389160e-01,6.841855496168136597e-02,6.841855496168136597e-02,2.254797518253326416e-01,1.203818544745445251e-01,1.051085740327835083e-01,1.051085740327835083e-01,1.632376387715339661e-02,2.417293787002563477e-01,4.496079683303833008e-01,4.496079683303833008e-01,3.796037435531616211e-01,6.658129692077636719e-01,1.137140870094299316e+00,1.137140870094299316e+00,9.974673986434936523e-01,1.260866165161132812e+00
1.410000000000000000e+02,1.663204193115234375e+00,1.663204193115234375e+00,1.490769624710083008e+00,1.625225067138671875e+00,1.385048985481262207e+00,1.385048985481262207e+00,1.324573040008544922e+00,1.240263223648071289e+00,5.903094410896301270e-01,5.903094410896301270e-01,7.358675599098205566e-01,5.988478660583496094e-01,7.004851847887039185e-02,7.004851847887039185e-02,2.256896197795867920e-01,1.167908608913421631e-01,1.060022711753845215e-01,1.060022711753845215e-01,1.638810895383358002e-02,2.419958412647247314e-01,4.450558423995971680e-01,4.450558423995971680e-01,3.840323984622955322e-01,6.603724956512451172e-01,1.143712759017944336e+00,1.143712759017944336e+00,1.005562305450439453e+00,1.258330225944519043e+00
1.420000000000000000e+02,1.668666481971740723e+00,1.668666481971740723e+00,1.501772880554199219e+00,1.623849987983703613e+00,1.387326717376708984e+00,1.387326717376708984e+00,1.333227276802062988e+00,1.241435289382934570e+00,5.832259654998779297e-01,5.832259654998779297e-01,7.366464138031005859e-01,5.945117473602294922e-01,7.125616818666458130e-02,7.125616818666458130e-02,2.256853729486465454e-01,1.128061562776565552e-01,1.064186543226242065e-01,1.064186543226242065e-01,1.605102419853210449e-02,2.414958626031875610e-01,4.399949908256530762e-01,4.399949908256530762e-01,3.883922100067138672e-01,6.549752950668334961e-01,1.149958968162536621e+00,1.149958968162536621e+00,1.013196349143981934e+00,1.255451440811157227e+00
1.430000000000000000e+02,1.673550724983215332e+00,1.673550724983215332e+00,1.505661368370056152e+00,1.622135162353515625e+00,1.389851212501525879e+00,1.389851212501525879e+00,1.340436816215515137e+00,1.233393073081970215e+00,5.763891935348510742e-01,5.763891935348510742e-01,7.379796504974365234e-01,5.905407667160034180e-01,7.274420559406280518e-02,7.274420559406280518e-02,2.256496399641036987e-01,1.092923730611801147e-01,1.065002307295799255e-01,1.065002307295799255e-01,1.760674826800823212e-02,2.405508011579513550e-01,4.347956180572509766e-01,4.347956180572509766e-01,3.936518132686614990e-01,6.502541899681091309e-01,1.156061649322509766e+00,1.156061649322509766e+00,1.021378993988037109e+00,1.252664208412170410e+00
1.440000000000000000e+02,1.677571296691894531e+00,1.677571296691894531e+00,1.491978883743286133e+00,1.620086550712585449e+00,1.392565011978149414e+00,1.392565011978149414e+00,1.349892139434814453e+00,1.231092691421508789e+00,5.677175521850585938e-01,5.677175521850585938e-01,7.397385835647583008e-01,5.872271060943603516e-01,7.402288168668746948e-02,7.402288168668746948e-02,2.206186503171920776e-01,1.060610264539718628e-01,1.062854900956153870e-01,1.062854900956153870e-01,2.012654393911361694e-02,2.392110079526901245e-01,4.289592504501342773e-01,4.289592504501342773e-01,3.982636332511901855e-01,6.270972490310668945e-01,1.160409212112426758e+00,1.160409212112426758e+00,1.028431534767150879e+00,1.249798774719238281e+00
1.450000000000000000e+02,1.683249235153198242e+00,1.683249235153198242e+00,1.532326936721801758e+00,1.617892026901245117e+00,1.394690871238708496e+00,1.394690871238708496e+00,1.357425689697265625e+00,1.226627588272094727e+00,5.623415112495422363e-01,5.623415112495422363e-01,7.407607436180114746e-01,5.823754668235778809e-01,7.584688812494277954e-02,7.584688812494277954e-02,2.258852571249008179e-01,1.028580144047737122e-01,1.057901009917259216e-01,1.057901009917259216e-01,2.296201325953006744e-02,2.373430132865905762e-01,4.231506288051605225e-01,4.231506288051605225e-01,3.987925052642822266e-01,6.405950784683227539e-01,1.167646884918212891e+00,1.167646884918212891e+00,1.037663817405700684e+00,1.246548175811767578e+00
1.460000000000000000e+02,1.688281774520874023e+00,1.688281774520874023e+00,1.544951081275939941e+00,1.615575909614562988e+00,1.396152615547180176e+00,1.396152615547180176e+00,1.363626956939697266e+00,1.223575949668884277e+00,5.534694790840148926e-01,5.534694790840148926e-01,7.415441870689392090e-01,5.770997405052185059e-01,7.676707208156585693e-02,7.676707208156585693e-02,2.253150790929794312e-01,9.989574551582336426e-02,1.048148870468139648e-01,1.048148870468139648e-01,2.543696947395801544e-02,2.348484694957733154e-01,4.166617989540100098e-01,4.166617989540100098e-01,4.070552885532379150e-01,6.351864933967590332e-01,1.172797918319702148e+00,1.172797918319702148e+00,1.046414613723754883e+00,1.243031501770019531e+00
1.470000000000000000e+02,1.693068265914916992e+00,1.693068265914916992e+00,1.557036757469177246e+00,1.613213896751403809e+00,1.396665692329406738e+00,1.396665692329406738e+00,1.371583700180053711e+00,1.220990657806396484e+00,5.471871495246887207e-01,5.471871495246887207e-01,7.420908808708190918e-01,5.748171806335449219e-01,7.767680287361145020e-02,7.767680287361145020e-02,2.250066101551055908e-01,9.682522714138031006e-02,1.048730239272117615e-01,1.048730239272117615e-01,2.793247252702713013e-02,2.323039174079895020e-01,4.109817147254943848e-01,4.109817147254943848e-01,4.114448130130767822e-01,6.297771334648132324e-01,1.178449273109436035e+00,1.178449273109436035e+00,1.054815769195556641e+00,1.239533185958862305e+00
1.480000000000000000e+02,1.697786211967468262e+00,1.697786211967468262e+00,1.568813920021057129e+00,1.610616207122802734e+00,1.400391221046447754e+00,1.400391221046447754e+00,1.378044128417968750e+00,1.218298196792602539e+00,5.292155742645263672e-01,5.292155742645263672e-01,7.424905300140380859e-01,5.701177120208740234e-01,7.826951146125793457e-02,7.826951146125793457e-02,2.248257696628570557e-01,9.391845017671585083e-02,1.049459129571914673e-01,1.049459129571914673e-01,3.016560524702072144e-02,2.293339669704437256e-01,4.051236510276794434e-01,4.051236510276794434e-01,4.156956374645233154e-01,6.238956451416015625e-01,1.183684825897216797e+00,1.183684825897216797e+00,1.062607288360595703e+00,1.235900402069091797e+00
1.490000000000000000e+02,1.702436089515686035e+00,1.702436089515686035e+00,1.580377817153930664e+00,1.608828306198120117e+00,1.401714563369750977e+00,1.401714563369750977e+00,1.383789300918579102e+00,1.214780807495117188e+00,5.306600332260131836e-01,5.306600332260131836e-01,7.428441047668457031e-01,5.652618408203125000e-01,7.840844243764877319e-02,7.840844243764877319e-02,2.238314151763916016e-01,9.070817381143569946e-02,1.044815629720687866e-01,1.044815629720687866e-01,3.221444040536880493e-02,2.258902639150619507e-01,3.986733853816986084e-01,3.986733853816986084e-01,4.196073412895202637e-01,6.187165975570678711e-01,1.188595771789550781e+00,1.188595771789550781e+00,1.067222595214843750e+00,1.231861233711242676e+00
1.500000000000000000e+02,1.707005977630615234e+00,1.707005977630615234e+00,1.591715812683105469e+00,1.606640338897705078e+00,1.402220964431762695e+00,1.402220964431762695e+00,1.388923168182373047e+00,1.212127327919006348e+00,5.215418338775634766e-01,5.215418338775634766e-01,7.427320480346679688e-01,5.582818388938903809e-01,7.809349149465560913e-02,7.809349149465560913e-02,2.224416732788085938e-01,8.734460920095443726e-02,1.029443591833114624e-01,1.029443591833114624e-01,3.446001559495925903e-02,2.220917642116546631e-01,3.918028473854064941e-01,3.918028473854064941e-01,4.237563014030456543e-01,6.129475831985473633e-01,1.193392515182495117e+00,1.193392515182495117e+00,1.079135775566101074e+00,1.227362394332885742e+00
1.510000000000000000e+02,1.711490035057067871e+00,1.711490035057067871e+00,1.602899909019470215e+00,1.604279994964599609e+00,1.403634428977966309e+00,1.403634428977966309e+00,1.393197774887084961e+00,1.207978725433349609e+00,5.102980732917785645e-01,5.102980732917785645e-01,7.420762181282043457e-01,5.540608763694763184e-01,7.912094891071319580e-02,7.912094891071319580e-02,2.205499112606048584e-01,8.385258913040161133e-02,1.027144491672515869e-01,1.027144491672515869e-01,3.652783483266830444e-02,2.179666757583618164e-01,3.844946622848510742e-01,3.844946622848510742e-01,4.274478554725646973e-01,6.073448061943054199e-01,1.199347019195556641e+00,1.199347019195556641e+00,1.086936950683593750e+00,1.222505331039428711e+00
1.520000000000000000e+02,1.712499976158142090e+00,1.712499976158142090e+00,1.613828778266906738e+00,1.601915836334228516e+00,1.404432773590087891e+00,1.404432773590087891e+00,1.397042512893676758e+00,1.203663706779479980e+00,5.014365315437316895e-01,5.014365315437316895e-01,7.388784289360046387e-01,5.476800799369812012e-01,7.975570857524871826e-02,7.975570857524871826e-02,2.182770669460296631e-01,8.012261241674423218e-02,1.029407531023025513e-01,1.029407531023025513e-01,3.833843767642974854e-02,2.133487164974212646e-01,3.767222464084625244e-01,3.767222464084625244e-01,4.307677745819091797e-01,6.005234122276306152e-01,1.204955101013183594e+00,1.204955101013183594e+00,1.093660831451416016e+00,1.216985702514648438e+00
1.530000000000000000e+02,1.720182895660400391e+00,1.720182895660400391e+00,1.624377489089965820e+00,1.599330425262451172e+00,1.403877973556518555e+00,1.403877973556518555e+00,1.399829745292663574e+00,1.198358178138732910e+00,4.904231429100036621e-01,4.904231429100036621e-01,7.391062974929809570e-01,5.409309864044189453e-01,8.000133931636810303e-02,8.000133931636810303e-02,2.155963480472564697e-01,7.620012760162353516e-02,1.014716848731040955e-01,1.014716848731040955e-01,3.985355421900749207e-02,2.081490755081176758e-01,3.686189949512481689e-01,3.686189949512481689e-01,4.333806931972503662e-01,5.936530232429504395e-01,1.210229158401489258e+00,1.210229158401489258e+00,1.102227568626403809e+00,1.211273550987243652e+00
1.540000000000000000e+02,1.724373102188110352e+00,1.724373102188110352e+00,1.637090563774108887e+00,1.586253404617309570e+00,1.405086874961853027e+00,1.405086874961853027e+00,1.403715491294860840e+00,1.194899439811706543e+00,4.822651743888854980e-01,4.822651743888854980e-01,7.380198836326599121e-01,5.345973372459411621e-01,8.128579705953598022e-02,8.128579705953598022e-02,2.135750651359558105e-01,7.167913019657135010e-02,1.004706770181655884e-01,1.004706770181655884e-01,4.130726680159568787e-02,2.026935666799545288e-01,3.617407083511352539e-01,3.617407083511352539e-01,4.356105327606201172e-01,5.877363085746765137e-01,1.214572668075561523e+00,1.214572668075561523e+00,1.110188484191894531e+00,1.205925822257995605e+00
1.550000000000000000e+02,1.728563070297241211e+00,1.728563070297241211e+00,1.647974014282226562e+00,1.593565940856933594e+00,1.404611468315124512e+00,1.404611468315124512e+00,1.406721353530883789e+00,1.190907120704650879e+00,4.736009836196899414e-01,4.736009836196899414e-01,7.300602197647094727e-01,5.302252173423767090e-01,8.215082436800003052e-02,8.215082436800003052e-02,2.110988348722457886e-01,7.078468799591064453e-02,9.843572974205017090e-02,9.843572974205017090e-02,4.241433367133140564e-02,1.967571973800659180e-01,3.544158935546875000e-01,3.544158935546875000e-01,4.394381642341613770e-01,5.810347795486450195e-01,1.220154881477355957e+00,1.220154881477355957e+00,1.120597720146179199e+00,1.202461242675781250e+00
1.560000000000000000e+02,1.732735753059387207e+00,1.732735753059387207e+00,1.658647537231445312e+00,1.591923356056213379e+00,1.404510974884033203e+00,1.404510974884033203e+00,1.410380601882934570e+00,1.187163949012756348e+00,4.640941619873046875e-01,4.640941619873046875e-01,7.357072234153747559e-01,5.253766775131225586e-01,8.094132691621780396e-02,8.094132691621780396e-02,2.081735134124755859e-01,6.821300089359283447e-02,9.604130685329437256e-02,9.604130685329437256e-02,4.334115982055664062e-02,1.902263611555099487e-01,3.437862992286682129e-01,3.437862992286682129e-01,4.424886107444763184e-01,5.741387009620666504e-01,1.223644137382507324e+00,1.223644137382507324e+00,1.132049441337585449e+00,1.189386963844299316e+00
1.570000000000000000e+02,1.736796975135803223e+00,1.736796975135803223e+00,1.668759226799011230e+00,1.588457226753234863e+00,1.403217315673828125e+00,1.403217315673828125e+00,1.413690924644470215e+00,1.185517787933349609e+00,4.545233249664306641e-01,4.545233249664306641e-01,7.364102602005004883e-01,5.200649499893188477e-01,8.250564336776733398e-02,8.250564336776733398e-02,2.048321962356567383e-01,6.548022478818893433e-02,9.303052723407745361e-02,9.303052723407745361e-02,4.408897832036018372e-02,1.832607090473175049e-01,3.376588821411132812e-01,3.376588821411132812e-01,4.451662302017211914e-01,5.679544210433959961e-01,1.228556156158447266e+00,1.228556156158447266e+00,1.143438816070556641e+00,1.197250962257385254e+00
1.580000000000000000e+02,1.738135337829589844e+00,1.738135337829589844e+00,1.673658609390258789e+00,1.587015628814697266e+00,1.401497006416320801e+00,1.401497006416320801e+00,1.416849732398986816e+00,1.178982377052307129e+00,4.472098350524902344e-01,4.472098350524902344e-01,7.353437542915344238e-01,5.155499577522277832e-01,8.277167379856109619e-02,8.277167379856109619e-02,2.014712691307067871e-01,6.033539026975631714e-02,8.962795883417129517e-02,8.962795883417129517e-02,4.506029933691024780e-02,1.760980933904647827e-01,3.340064287185668945e-01,3.340064287185668945e-01,4.479116499423980713e-01,5.614060163497924805e-01,1.232860803604125977e+00,1.232860803604125977e+00,1.155083179473876953e+00,1.191718816757202148e+00
1.590000000000000000e+02,1.743844509124755859e+00,1.743844509124755859e+00,1.687916517257690430e+00,1.584509611129760742e+00,1.399493932723999023e+00,1.399493932723999023e+00,1.419379234313964844e+00,1.178755521774291992e+00,4.454440772533416748e-01,4.454440772533416748e-01,7.343114018440246582e-01,5.103437304496765137e-01,8.336907625198364258e-02,8.336907625198364258e-02,1.995791643857955933e-01,6.246478110551834106e-02,8.609101176261901855e-02,8.609101176261901855e-02,4.567801579833030701e-02,1.686479300260543823e-01,3.331477046012878418e-01,3.331477046012878418e-01,4.507695436477661133e-01,5.554991364479064941e-01,1.237483143806457520e+00,1.237483143806457520e+00,1.166671991348266602e+00,1.190544128417968750e+00
1.600000000000000000e+02,1.748513936996459961e+00,1.748513936996459961e+00,1.696803689002990723e+00,1.582000017166137695e+00,1.396828174591064453e+00,1.396828174591064453e+00,1.421304106712341309e+00,1.176086425781250000e+00,4.430551826953887939e-01,4.430551826953887939e-01,7.328947782516479492e-01,5.069679021835327148e-01,8.354619890451431274e-02,8.354619890451431274e-02,1.970246136188507080e-01,6.210791692137718201e-02,8.198015391826629639e-02,8.198015391826629639e-02,4.619249328970909119e-02,1.606228202581405640e-01,3.322590589523315430e-01,3.322590589523315430e-01,4.532679319381713867e-01,5.480386614799499512e-01,1.241521000862121582e+00,1.241521000862121582e+00,1.177950263023376465e+00,1.186923742294311523e+00
1.610000000000000000e+02,1.752519845962524414e+00,1.752519845962524414e+00,1.704542040824890137e+00,1.579488992691040039e+00,1.341226100921630859e+00,1.341226100921630859e+00,1.403698205947875977e+00,1.171890735626220703e+00,4.395529627799987793e-01,4.395529627799987793e-01,7.317926883697509766e-01,5.018183588981628418e-01,8.330281823873519897e-02,8.330281823873519897e-02,1.966921985149383545e-01,6.213326752185821533e-02,7.540724426507949829e-02,7.540724426507949829e-02,4.725535959005355835e-02,1.531276553869247437e-01,3.307731747627258301e-01,3.307731747627258301e-01,4.567587673664093018e-01,5.433108806610107422e-01,1.245565652847290039e+00,1.245565652847290039e+00,1.188977718353271484e+00,1.182715296745300293e+00
1.620000000000000000e+02,1.756289958953857422e+00,1.756289958953857422e+00,1.713720202445983887e+00,1.576993823051452637e+00,1.389505863189697266e+00,1.389505863189697266e+00,1.423257350921630859e+00,1.167628765106201172e+00,4.076616466045379639e-01,4.076616466045379639e-01,7.308175563812255859e-01,4.923267960548400879e-01,8.263927698135375977e-02,8.263927698135375977e-02,1.951818615198135376e-01,6.291781365871429443e-02,7.221613079309463501e-02,7.221613079309463501e-02,4.753372818231582642e-02,1.459861695766448975e-01,3.286391794681549072e-01,3.286391794681549072e-01,4.610217213630676270e-01,5.378040671348571777e-01,1.249118566513061523e+00,1.249118566513061523e+00,1.199732780456542969e+00,1.176361203193664551e+00
1.630000000000000000e+02,1.759953498840332031e+00,1.759953498840332031e+00,1.721036911010742188e+00,1.572747826576232910e+00,1.384935855865478516e+00,1.384935855865478516e+00,1.423425912857055664e+00,1.162900924682617188e+00,4.308193325996398926e-01,4.308193325996398926e-01,6.542654633522033691e-01,4.947761297225952148e-01,8.192715048789978027e-02,8.192715048789978027e-02,1.930678635835647583e-01,6.290994584560394287e-02,6.663443893194198608e-02,6.663443893194198608e-02,4.972022026777267456e-02,1.383807957172393799e-01,3.258274793624877930e-01,3.258274793624877930e-01,4.661785960197448730e-01,5.317212343215942383e-01,1.252535820007324219e+00,1.252535820007324219e+00,1.210235238075256348e+00,1.173075318336486816e+00
1.640000000000000000e+02,1.763574600219726562e+00,1.763574600219726562e+00,1.728997707366943359e+00,1.571921944618225098e+00,1.379462480545043945e+00,1.379462480545043945e+00,1.422874450683593750e+00,1.157428622245788574e+00,4.258534908294677734e-01,4.258534908294677734e-01,7.277242541313171387e-01,4.902300536632537842e-01,8.081319928169250488e-02,8.081319928169250488e-02,1.907814741134643555e-01,6.262031197547912598e-02,6.055019050836563110e-02,6.055019050836563110e-02,5.081843584775924683e-02,1.303054094314575195e-01,3.238701522350311279e-01,3.238701522350311279e-01,4.705916345119476318e-01,5.253210663795471191e-01,1.255642414093017578e+00,1.255642414093017578e+00,1.220462918281555176e+00,1.167628765106201172e+00
1.650000000000000000e+02,1.767023801803588867e+00,1.767023801803588867e+00,1.735732197761535645e+00,1.569337010383605957e+00,1.372106313705444336e+00,1.372106313705444336e+00,1.421770691871643066e+00,1.152113080024719238e+00,4.202418327331542969e-01,4.202418327331542969e-01,7.254155278205871582e-01,4.853948056697845459e-01,7.929068058729171753e-02,7.929068058729171753e-02,1.878360509872436523e-01,6.189448013901710510e-02,5.397497490048408508e-02,5.397497490048408508e-02,5.136588960886001587e-02,1.121211424469947815e-01,3.207766413688659668e-01,3.207766413688659668e-01,4.748589694499969482e-01,5.187083482742309570e-01,1.258372187614440918e+00,1.258372187614440918e+00,1.230405092239379883e+00,1.161768317222595215e+00
1.660000000000000000e+02,1.757553577423095703e+00,1.757553577423095703e+00,1.742292642593383789e+00,1.568275094032287598e+00,1.367545962333679199e+00,1.367545962333679199e+00,1.420118212699890137e+00,1.146108984947204590e+00,4.218713641166687012e-01,4.218713641166687012e-01,7.227413058280944824e-01,4.794870913028717041e-01,7.305575907230377197e-02,7.305575907230377197e-02,1.846092343330383301e-01,6.133721768856048584e-02,5.063745751976966858e-02,5.063745751976966858e-02,5.312031134963035583e-02,1.169364303350448608e-01,3.298406898975372314e-01,3.298406898975372314e-01,4.815424382686614990e-01,5.186202526092529297e-01,1.263592600822448730e+00,1.263592600822448730e+00,1.241413593292236328e+00,1.160554885864257812e+00
1.670000000000000000e+02,1.773258686065673828e+00,1.773258686065673828e+00,1.748422145843505859e+00,1.566323041915893555e+00,1.360642075538635254e+00,1.360642075538635254e+00,1.417816877365112305e+00,1.139955043792724609e+00,4.229873716831207275e-01,4.229873716831207275e-01,7.202477455139160156e-01,4.751437902450561523e-01,7.506813108921051025e-02,7.506813108921051025e-02,1.806709766387939453e-01,6.058534234762191772e-02,4.688197001814842224e-02,4.688197001814842224e-02,5.510135740041732788e-02,1.139138489961624146e-01,3.385070264339447021e-01,3.385070264339447021e-01,4.883684515953063965e-01,5.183587074279785156e-01,1.268939137458801270e+00,1.268939137458801270e+00,1.250081658363342285e+00,1.159072875976562500e+00
1.680000000000000000e+02,1.776335954666137695e+00,1.776335954666137695e+00,1.754136085510253906e+00,1.565664410591125488e+00,1.353130936622619629e+00,1.353130936622619629e+00,1.415025949478149414e+00,1.132861375808715820e+00,4.154981374740600586e-01,4.154981374740600586e-01,7.136155366897583008e-01,4.599408507347106934e-01,7.289640605449676514e-02,7.289640605449676514e-02,1.769317239522933960e-01,5.944161489605903625e-02,4.277855902910232544e-02,4.277855902910232544e-02,5.683582648634910583e-02,1.095004305243492126e-01,3.462833762168884277e-01,3.462833762168884277e-01,4.951241910457611084e-01,5.188990831375122070e-01,1.274581670761108398e+00,1.274581670761108398e+00,1.262226939201354980e+00,1.157168626785278320e+00
1.690000000000000000e+02,1.778881430625915527e+00,1.778881430625915527e+00,1.758252859115600586e+00,1.564151883125305176e+00,1.346115350723266602e+00,1.346115350723266602e+00,1.412194490432739258e+00,1.127920508384704590e+00,4.252549409866333008e-01,4.252549409866333008e-01,7.156912088394165039e-01,4.664173722267150879e-01,7.127816975116729736e-02,7.127816975116729736e-02,1.683109998703002930e-01,5.923990905284881592e-02,3.952792286872863770e-02,3.952792286872863770e-02,5.883025377988815308e-02,1.062297374010086060e-01,3.563282489776611328e-01,3.563282489776611328e-01,5.025495290756225586e-01,5.196909904479980469e-01,1.280312657356262207e+00,1.280312657356262207e+00,1.272568583488464355e+00,1.155935168266296387e+00
1.700000000000000000e+02,1.781128525733947754e+00,1.781128525733947754e+00,1.758629798889160156e+00,1.565410852432250977e+00,1.341922879219055176e+00,1.341922879219055176e+00,1.407666563987731934e+00,1.125157713890075684e+00,4.316617548465728760e-01,4.316617548465728760e-01,7.171346545219421387e-01,4.675373733043670654e-01,7.289864122867584229e-02,7.289864122867584229e-02,1.708198785781860352e-01,6.272097676992416382e-02,3.964753076434135437e-02,3.964753076434135437e-02,6.236679106950759888e-02,1.071178317070007324e-01,3.710919618606567383e-01,3.710919618606567383e-01,5.044811964035034180e-01,5.272279381752014160e-01,1.289710044860839844e+00,1.289710044860839844e+00,1.283767223358154297e+00,1.158955097198486328e+00
1.710000000000000000e+02,1.783073067665100098e+00,1.783073067665100098e+00,1.768197894096374512e+00,1.565904378890991211e+00,1.336869478225708008e+00,1.336869478225708008e+00,1.408760786056518555e+00,1.123446226119995117e+00,4.373168349266052246e-01,4.373168349266052246e-01,7.178783416748046875e-01,4.685657620429992676e-01,7.453888654708862305e-02,7.453888654708862305e-02,1.676269918680191040e-01,6.663810461759567261e-02,3.938626125454902649e-02,3.938626125454902649e-02,6.589022278785705566e-02,1.078195422887802124e-01,3.852060437202453613e-01,3.852060437202453613e-01,5.229598283767700195e-01,5.354628562927246094e-01,1.298476696014404297e+00,1.298476696014404297e+00,1.295296669006347656e+00,1.161163210868835449e+00
1.720000000000000000e+02,1.784821033477783203e+00,1.784821033477783203e+00,1.771801352500915527e+00,1.567046880722045898e+00,1.335917472839355469e+00,1.335917472839355469e+00,1.408951997756958008e+00,1.119805574417114258e+00,4.469357728958129883e-01,4.469357728958129883e-01,7.225481867790222168e-01,4.750356972217559814e-01,7.904930412769317627e-02,7.904930412769317627e-02,1.612454950809478760e-01,7.398924231529235840e-02,3.979055583477020264e-02,3.979055583477020264e-02,6.939133256673812866e-02,1.089549586176872253e-01,4.000360369682312012e-01,4.000360369682312012e-01,5.332564711570739746e-01,5.430384874343872070e-01,1.307049751281738281e+00,1.307049751281738281e+00,1.307633399963378906e+00,1.163374543190002441e+00
1.730000000000000000e+02,1.785279035568237305e+00,1.785279035568237305e+00,1.774901390075683594e+00,1.567909479141235352e+00,1.333061575889587402e+00,1.333061575889587402e+00,1.410821080207824707e+00,1.128743052482604980e+00,4.599315524101257324e-01,4.599315524101257324e-01,7.264546751976013184e-01,4.812250733375549316e-01,8.341330289840698242e-02,8.341330289840698242e-02,1.654621362686157227e-01,8.132525533437728882e-02,3.982439264655113220e-02,3.982439264655113220e-02,7.356458902359008789e-02,1.096827983856201172e-01,4.125024676322937012e-01,4.125024676322937012e-01,5.429567098617553711e-01,5.502035021781921387e-01,1.315333127975463867e+00,1.315333127975463867e+00,1.318988561630249023e+00,1.164800405502319336e+00
1.740000000000000000e+02,1.787919640541076660e+00,1.787919640541076660e+00,1.777359724044799805e+00,1.568858146667480469e+00,1.332043647766113281e+00,1.332043647766113281e+00,1.412503600120544434e+00,1.132374167442321777e+00,4.735201299190521240e-01,4.735201299190521240e-01,7.291066050529479980e-01,4.871690273284912109e-01,8.764526247978210449e-02,8.764526247978210449e-02,1.634702384471893311e-01,8.852270245552062988e-02,3.978240489959716797e-02,3.978240489959716797e-02,7.759283483028411865e-02,1.108645349740982056e-01,4.332121014595031738e-01,4.332121014595031738e-01,5.533755421638488770e-01,5.568960905075073242e-01,1.323407292366027832e+00,1.323407292366027832e+00,1.329673290252685547e+00,1.166684508323669434e+00
1.750000000000000000e+02,1.787578701972961426e+00,1.787578701972961426e+00,1.779573798179626465e+00,1.569954156875610352e+00,1.329979062080383301e+00,1.329979062080383301e+00,1.414241552352905273e+00,1.136040806770324707e+00,4.834493398666381836e-01,4.834493398666381836e-01,7.329372763633728027e-01,4.926007986068725586e-01,9.121515601873397827e-02,9.121515601873397827e-02,1.610158383846282959e-01,9.521798044443130493e-02,3.953069448471069336e-02,3.953069448471069336e-02,8.154769241809844971e-02,1.115916520357131958e-01,4.302381873130798340e-01,4.302381873130798340e-01,5.630182027816772461e-01,5.632381439208984375e-01,1.330637454986572266e+00,1.330637454986572266e+00,1.340190172195434570e+00,1.160451054573059082e+00
1.760000000000000000e+02,1.789742946624755859e+00,1.789742946624755859e+00,1.780645847320556641e+00,1.570544123649597168e+00,1.328119277954101562e+00,1.328119277954101562e+00,1.415511369705200195e+00,1.138837814331054688e+00,4.959397315979003906e-01,4.959397315979003906e-01,7.356133460998535156e-01,4.982337057590484619e-01,9.415118396282196045e-02,9.415118396282196045e-02,1.586524248123168945e-01,1.022716239094734192e-01,3.915359824895858765e-02,3.915359824895858765e-02,8.562123775482177734e-02,1.123800203204154968e-01,4.635505676269531250e-01,4.635505676269531250e-01,5.721728205680847168e-01,5.694611072540283203e-01,1.337228178977966309e+00,1.337228178977966309e+00,1.350141644477844238e+00,1.149524807929992676e+00
1.770000000000000000e+02,1.791537284851074219e+00,1.791537284851074219e+00,1.782848596572875977e+00,1.571419477462768555e+00,1.325423002243041992e+00,1.325423002243041992e+00,1.416005730628967285e+00,1.142023205757141113e+00,5.062497854232788086e-01,5.062497854232788086e-01,7.380668520927429199e-01,5.032655596733093262e-01,9.456318616867065430e-02,9.456318616867065430e-02,1.558365970849990845e-01,1.087330132722854614e-01,3.853547573089599609e-02,3.853547573089599609e-02,9.139953553676605225e-02,1.149399131536483765e-01,4.778848290443420410e-01,4.778848290443420410e-01,5.827164649963378906e-01,5.754686594009399414e-01,1.343087315559387207e+00,1.343087315559387207e+00,1.360660672187805176e+00,1.168079972267150879e+00
1.780000000000000000e+02,1.792445421218872070e+00,1.792445421218872070e+00,1.783701896667480469e+00,1.571702599525451660e+00,1.321080446243286133e+00,1.321080446243286133e+00,1.417075037956237793e+00,1.146005988121032715e+00,5.159432888031005859e-01,5.159432888031005859e-01,7.400496006011962891e-01,5.097875595092773438e-01,9.806164354085922241e-02,9.806164354085922241e-02,1.524209976196289062e-01,1.151415631175041199e-01,3.777287527918815613e-02,3.777287527918815613e-02,9.695580601692199707e-02,1.174554079771041870e-01,4.916350245475769043e-01,4.916350245475769043e-01,5.929992794990539551e-01,5.809883475303649902e-01,1.348372101783752441e+00,1.348372101783752441e+00,1.370366930961608887e+00,1.167536973953247070e+00
1.790000000000000000e+02,1.791236281394958496e+00,1.791236281394958496e+00,1.784248590469360352e+00,1.572203516960144043e+00,1.311865687370300293e+00,1.311865687370300293e+00,1.417377948760986328e+00,1.148861169815063477e+00,5.250080227851867676e-01,5.250080227851867676e-01,7.414773106575012207e-01,5.150289535522460938e-01,9.912009537220001221e-02,9.912009537220001221e-02,1.484493166208267212e-01,1.209590286016464233e-01,3.536730259656906128e-02,3.536730259656906128e-02,1.023742780089378357e-01,1.198499724268913269e-01,5.047837495803833008e-01,5.047837495803833008e-01,6.023090481758117676e-01,5.860140323638916016e-01,1.352738261222839355e+00,1.352738261222839355e+00,1.379426598548889160e+00,1.166309118270874023e+00
1.800000000000000000e+02,1.793805003166198730e+00,1.793805003166198730e+00,1.784944653511047363e+00,1.572857737541198730e+00,1.315545558929443359e+00,1.315545558929443359e+00,1.417310118675231934e+00,1.151523709297180176e+00,5.334330797195434570e-01,5.334330797195434570e-01,7.423434257507324219e-01,5.198905467987060547e-01,9.949793666601181030e-02,9.949793666601181030e-02,1.438584476709365845e-01,1.261598467826843262e-01,3.569058328866958618e-02,3.569058328866958618e-02,1.076621338725090027e-01,1.220008209347724915e-01,5.173198580741882324e-01,5.173198580741882324e-01,6.111980676651000977e-01,5.905396938323974609e-01,1.356568336486816406e+00,1.356568336486816406e+00,1.387991666793823242e+00,1.164492011070251465e+00
1.810000000000000000e+02,1.794338583946228027e+00,1.794338583946228027e+00,1.785629272460937500e+00,1.573114871978759766e+00,1.313624382019042969e+00,1.313624382019042969e+00,1.416366577148437500e+00,1.153674483299255371e+00,5.393534898757934570e-01,5.393534898757934570e-01,7.426437139511108398e-01,5.241943597793579102e-01,1.025605127215385437e-01,1.025605127215385437e-01,1.386658400297164917e-01,1.311234384775161743e-01,3.634342923760414124e-02,3.634342923760414124e-02,1.127627491950988770e-01,1.217501312494277954e-01,5.288859009742736816e-01,5.288859009742736816e-01,6.194108128547668457e-01,5.945871472358703613e-01,1.362902641296386719e+00,1.362902641296386719e+00,1.395947694778442383e+00,1.160300374031066895e+00
1.820000000000000000e+02,1.794713377952575684e+00,1.794713377952575684e+00,1.786462545394897461e+00,1.573268532752990723e+00,1.311348080635070801e+00,1.311348080635070801e+00,1.416105985641479492e+00,1.154150724411010742e+00,5.483123660087585449e-01,5.483123660087585449e-01,7.423990368843078613e-01,5.281583070755004883e-01,1.050948947668075562e-01,1.050948947668075562e-01,1.328768581151962280e-01,1.352787762880325317e-01,3.675207495689392090e-02,3.675207495689392090e-02,1.176381260156631470e-01,1.256083101034164429e-01,5.404865145683288574e-01,5.404865145683288574e-01,6.265833377838134766e-01,5.981653928756713867e-01,1.368612885475158691e+00,1.368612885475158691e+00,1.403215408325195312e+00,1.155384182929992676e+00
1.830000000000000000e+02,1.794856786727905273e+00,1.794856786727905273e+00,1.786882042884826660e+00,1.573299646377563477e+00,1.308718681335449219e+00,1.308718681335449219e+00,1.414960384368896484e+00,1.157672047615051270e+00,5.547719001770019531e-01,5.547719001770019531e-01,7.416397333145141602e-01,5.320149064064025879e-01,1.069751605391502380e-01,1.069751605391502380e-01,1.269137859344482422e-01,1.393676996231079102e-01,3.691775724291801453e-02,3.691775724291801453e-02,1.222683340311050415e-01,1.271918267011642456e-01,5.510889887809753418e-01,5.510889887809753418e-01,6.354448795318603516e-01,6.012408733367919922e-01,1.372757673263549805e+00,1.372757673263549805e+00,1.409996509552001953e+00,1.151058316230773926e+00
1.840000000000000000e+02,1.794967770576477051e+00,1.794967770576477051e+00,1.784832715988159180e+00,1.573153734207153320e+00,1.305646896362304688e+00,1.305646896362304688e+00,1.413585901260375977e+00,1.159143209457397461e+00,5.605437755584716797e-01,5.605437755584716797e-01,7.401117086410522461e-01,5.354337692260742188e-01,1.084875389933586121e-01,1.084875389933586121e-01,1.205468475818634033e-01,1.427494585514068604e-01,3.681508451700210571e-02,3.681508451700210571e-02,1.266956776380538940e-01,1.285464018583297729e-01,5.610200166702270508e-01,5.610200166702270508e-01,6.431211829185485840e-01,6.037360429763793945e-01,1.378101229667663574e+00,1.378101229667663574e+00,1.416065335273742676e+00,1.152392029762268066e+00
1.850000000000000000e+02,1.794877767562866211e+00,1.794877767562866211e+00,1.786554098129272461e+00,1.573032975196838379e+00,1.302414417266845703e+00,1.302414417266845703e+00,1.408689856529235840e+00,1.160329103469848633e+00,5.655574202537536621e-01,5.655574202537536621e-01,7.384935617446899414e-01,5.384218692779541016e-01,1.094720885157585144e-01,1.094720885157585144e-01,1.115244552493095398e-01,1.458128690719604492e-01,3.651746734976768494e-02,3.651746734976768494e-02,1.309344321489334106e-01,1.297081559896469116e-01,5.702580213546752930e-01,5.702580213546752930e-01,6.499748229980468750e-01,6.058160066604614258e-01,1.381927609443664551e+00,1.381927609443664551e+00,1.421767592430114746e+00,1.149996757507324219e+00
1.860000000000000000e+02,1.794645190238952637e+00,1.794645190238952637e+00,1.785948991775512695e+00,1.572757482528686523e+00,1.298708796501159668e+00,1.298708796501159668e+00,1.409873008728027344e+00,1.161449790000915527e+00,5.699959397315979004e-01,5.699959397315979004e-01,7.358861565589904785e-01,5.409557223320007324e-01,1.098496541380882263e-01,1.098496541380882263e-01,1.081161051988601685e-01,1.489984691143035889e-01,3.592091798782348633e-02,3.592091798782348633e-02,1.346700340509414673e-01,1.302880495786666870e-01,5.788129568099975586e-01,5.788129568099975586e-01,6.567532420158386230e-01,6.072962284088134766e-01,1.384907245635986328e+00,1.384907245635986328e+00,1.427565813064575195e+00,1.147393226623535156e+00
1.870000000000000000e+02,1.794128894805908203e+00,1.794128894805908203e+00,1.785312771797180176e+00,1.572330474853515625e+00,1.294742822647094727e+00,1.294742822647094727e+00,1.408052325248718262e+00,1.162483692169189453e+00,5.737015008926391602e-01,5.737015008926391602e-01,7.331134080886840820e-01,5.428064465522766113e-01,1.096856892108917236e-01,1.096856892108917236e-01,1.019682437181472778e-01,1.517308801412582397e-01,3.510367870330810547e-02,3.510367870330810547e-02,1.386870741844177246e-01,1.306713819503784180e-01,5.866584777832031250e-01,5.866584777832031250e-01,6.627268195152282715e-01,6.082829236984252930e-01,1.387571573257446289e+00,1.387571573257446289e+00,1.432590007781982422e+00,1.145817756652832031e+00
1.880000000000000000e+02,1.793605923652648926e+00,1.793605923652648926e+00,1.784416437149047852e+00,1.565740704536437988e+00,1.290626287460327148e+00,1.290626287460327148e+00,1.406384229660034180e+00,1.163446903228759766e+00,5.769675970077514648e-01,5.769675970077514648e-01,7.296242713928222656e-01,5.447609424591064453e-01,1.097801178693771362e-01,1.097801178693771362e-01,9.588354080915451050e-02,1.541560143232345581e-01,3.417835757136344910e-02,3.417835757136344910e-02,1.423721015453338623e-01,1.320901662111282349e-01,5.938364267349243164e-01,5.938364267349243164e-01,6.688020229339599609e-01,6.090526580810546875e-01,1.390073895454406738e+00,1.390073895454406738e+00,1.437167644500732422e+00,1.142093658447265625e+00
1.890000000000000000e+02,1.793080210685729980e+00,1.793080210685729980e+00,1.783088088035583496e+00,1.571208119392395020e+00,1.284698009490966797e+00,1.284698009490966797e+00,1.404435515403747559e+00,1.164258003234863281e+00,5.786020159721374512e-01,5.786020159721374512e-01,7.120656371116638184e-01,5.464739203453063965e-01,1.101596504449844360e-01,1.101596504449844360e-01,9.011705219745635986e-02,1.563253998756408691e-01,3.296043351292610168e-02,3.296043351292610168e-02,1.459855735301971436e-01,1.150679737329483032e-01,5.986596345901489258e-01,5.986596345901489258e-01,6.720636487007141113e-01,6.094747781753540039e-01,1.392271995544433594e+00,1.392271995544433594e+00,1.440964937210083008e+00,1.141075491905212402e+00
1.900000000000000000e+02,1.792365550994873047e+00,1.792365550994873047e+00,1.781683087348937988e+00,1.571372985839843750e+00,1.285193204879760742e+00,1.285193204879760742e+00,1.404467582702636719e+00,1.167948484420776367e+00,5.869424343109130859e-01,5.869424343109130859e-01,7.247282266616821289e-01,5.531962513923645020e-01,1.134370267391204834e-01,1.134370267391204834e-01,8.860107511281967163e-02,1.619370132684707642e-01,3.179429098963737488e-02,3.179429098963737488e-02,1.473828703165054321e-01,1.344576030969619751e-01,6.065347194671630859e-01,6.065347194671630859e-01,6.798386573791503906e-01,6.096035242080688477e-01,1.394178986549377441e+00,1.394178986549377441e+00,1.444430351257324219e+00,1.139039278030395508e+00
1.910000000000000000e+02,1.791709065437316895e+00,1.791709065437316895e+00,1.779801845550537109e+00,1.571641802787780762e+00,1.283211588859558105e+00,1.283211588859558105e+00,1.404351592063903809e+00,1.171237468719482422e+00,5.933611392974853516e-01,5.933611392974853516e-01,7.229243516921997070e-01,5.599969625473022461e-01,1.160954013466835022e-01,1.160954013466835022e-01,8.654526621103286743e-02,1.673804372549057007e-01,3.042473644018173218e-02,3.042473644018173218e-02,1.531565338373184204e-01,1.354598253965377808e-01,6.117689609527587891e-01,6.117689609527587891e-01,6.855801939964294434e-01,6.092654466629028320e-01,1.396231770515441895e+00,1.396231770515441895e+00,1.447839498519897461e+00,1.137370109558105469e+00
1.920000000000000000e+02,1.746189355850219727e+00,1.746189355850219727e+00,1.777935862541198730e+00,1.572992086410522461e+00,1.286583065986633301e+00,1.286583065986633301e+00,1.405898571014404297e+00,1.181394934654235840e+00,6.039221882820129395e-01,6.039221882820129395e-01,7.260645031929016113e-01,5.712776184082031250e-01,1.215822994709014893e-01,1.215822994709014893e-01,8.612577617168426514e-02,1.764348149299621582e-01,3.030423447489738464e-02,3.030423447489738464e-02,1.568110287189483643e-01,1.374822705984115601e-01,6.182698607444763184e-01,6.182698607444763184e-01,6.911280751228332520e-01,6.100605726242065430e-01,1.398410201072692871e+00,1.398410201072692871e+00,1.451309680938720703e+00,1.134371399879455566e+00
1.930000000000000000e+02,1.790669918060302734e+00,1.790669918060302734e+00,1.775611877441406250e+00,1.574885129928588867e+00,1.252261877059936523e+00,1.252261877059936523e+00,1.408213853836059570e+00,1.190976738929748535e+00,6.153532266616821289e-01,6.153532266616821289e-01,7.289381027221679688e-01,5.850760936737060547e-01,1.276285946369171143e-01,1.276285946369171143e-01,8.607279509305953979e-02,1.861161291599273682e-01,3.041968122124671936e-02,3.041968122124671936e-02,1.603989005088806152e-01,1.397584974765777588e-01,6.242575645446777344e-01,6.242575645446777344e-01,6.962042450904846191e-01,6.109375953674316406e-01,1.400363922119140625e+00,1.400363922119140625e+00,1.454598069190979004e+00,1.135175466537475586e+00
1.940000000000000000e+02,1.790477752685546875e+00,1.790477752685546875e+00,1.773174285888671875e+00,1.576176166534423828e+00,1.293562293052673340e+00,1.293562293052673340e+00,1.410772442817687988e+00,1.200702071189880371e+00,6.260345578193664551e-01,6.260345578193664551e-01,7.307354807853698730e-01,5.978418588638305664e-01,1.329498887062072754e-01,1.329498887062072754e-01,8.580320328474044800e-02,1.951033473014831543e-01,3.026347421109676361e-02,3.026347421109676361e-02,1.637778878211975098e-01,1.419657468795776367e-01,6.295734047889709473e-01,6.295734047889709473e-01,7.010611295700073242e-01,6.112822294235229492e-01,1.401742577552795410e+00,1.401742577552795410e+00,1.456921815872192383e+00,1.133787512779235840e+00
1.950000000000000000e+02,1.790367960929870605e+00,1.790367960929870605e+00,1.770412921905517578e+00,1.580188512802124023e+00,1.297032833099365234e+00,1.297032833099365234e+00,1.413216590881347656e+00,1.209096670150756836e+00,6.359536051750183105e-01,6.359536051750183105e-01,7.319886684417724609e-01,6.105839014053344727e-01,1.373919248580932617e-01,1.373919248580932617e-01,8.499716967344284058e-02,2.023580819368362427e-01,2.994854189455509186e-02,2.994854189455509186e-02,1.672821640968322754e-01,1.443661451339721680e-01,6.344798803329467773e-01,6.344798803329467773e-01,7.055580019950866699e-01,6.109490990638732910e-01,1.402397513389587402e+00,1.402397513389587402e+00,1.458621978759765625e+00,1.132914185523986816e+00
1.960000000000000000e+02,1.790521264076232910e+00,1.790521264076232910e+00,1.767471432685852051e+00,1.582648634910583496e+00,1.300088763236999512e+00,1.300088763236999512e+00,1.415992379188537598e+00,1.220976948738098145e+00,6.489695310592651367e-01,6.489695310592651367e-01,7.333382368087768555e-01,6.245332360267639160e-01,1.419897377490997314e-01,1.419897377490997314e-01,8.402784168720245361e-02,2.121203243732452393e-01,3.099233843386173248e-02,3.099233843386173248e-02,1.710634827613830566e-01,1.487172096967697144e-01,6.428138613700866699e-01,6.428138613700866699e-01,7.107452750205993652e-01,6.126322150230407715e-01,1.403772115707397461e+00,1.403772115707397461e+00,1.456581592559814453e+00,1.133399248123168945e+00
1.970000000000000000e+02,1.790871262550354004e+00,1.790871262550354004e+00,1.764292716979980469e+00,1.587432026863098145e+00,1.305772304534912109e+00,1.305772304534912109e+00,1.417542815208435059e+00,1.231614589691162109e+00,6.611961126327514648e-01,6.611961126327514648e-01,7.341632843017578125e-01,6.380819678306579590e-01,1.457189917564392090e-01,1.457189917564392090e-01,8.238274604082107544e-02,2.200994491577148438e-01,3.172003105282783508e-02,3.172003105282783508e-02,1.745828241109848022e-01,1.527445912361145020e-01,6.503662467002868652e-01,6.503662467002868652e-01,7.153193950653076172e-01,6.134513616561889648e-01,1.404429674148559570e+00,1.404429674148559570e+00,1.461144208908081055e+00,1.133458614349365234e+00
1.980000000000000000e+02,1.790179252624511719e+00,1.790179252624511719e+00,1.760856866836547852e+00,1.583509683609008789e+00,1.310041785240173340e+00,1.310041785240173340e+00,1.421007275581359863e+00,1.242093324661254883e+00,6.726246476173400879e-01,6.726246476173400879e-01,7.343752384185791016e-01,6.510990262031555176e-01,1.486519724130630493e-01,1.486519724130630493e-01,8.006519079208374023e-02,2.272941619157791138e-01,3.242272883653640747e-02,3.242272883653640747e-02,1.776214987039566040e-01,1.563162654638290405e-01,6.571375131607055664e-01,6.571375131607055664e-01,7.202673554420471191e-01,6.139167547225952148e-01,1.404365420341491699e+00,1.404365420341491699e+00,1.461338400840759277e+00,1.132775545120239258e+00
1.990000000000000000e+02,1.791958212852478027e+00,1.791958212852478027e+00,1.755441427230834961e+00,1.596348762512207031e+00,1.315196514129638672e+00,1.315196514129638672e+00,1.422304272651672363e+00,1.251634359359741211e+00,6.831870079040527344e-01,6.831870079040527344e-01,7.339612841606140137e-01,6.612033843994140625e-01,1.522107720375061035e-01,1.522107720375061035e-01,7.702562958002090454e-02,2.336556017398834229e-01,3.390327468514442444e-02,3.390327468514442444e-02,1.799591481685638428e-01,1.601765304803848267e-01,6.624915599822998047e-01,6.624915599822998047e-01,7.246906757354736328e-01,6.141536831855773926e-01,1.405079364776611328e+00,1.405079364776611328e+00,1.460831880569458008e+00,1.130288124084472656e+00
2.000000000000000000e+02,1.792594552040100098e+00,1.792594552040100098e+00,1.754904747009277344e+00,1.601194381713867188e+00,1.320313930511474609e+00,1.320313930511474609e+00,1.422196269035339355e+00,1.262872934341430664e+00,6.929931640625000000e-01,6.929931640625000000e-01,7.328839898109436035e-01,6.757159233093261719e-01,1.549630314111709595e-01,1.549630314111709595e-01,7.354112714529037476e-02,2.392830401659011841e-01,3.518601506948471069e-02,3.518601506948471069e-02,1.836705207824707031e-01,1.637619137763977051e-01,6.682488918304443359e-01,6.682488918304443359e-01,7.305675148963928223e-01,6.156433820724487305e-01,1.405105829238891602e+00,1.405105829238891602e+00,1.459576129913330078e+00,1.130265235900878906e+00
2.010000000000000000e+02,1.793673038482666016e+00,1.793673038482666016e+00,1.751771926879882812e+00,1.603546142578125000e+00,1.325054883956909180e+00,1.325054883956909180e+00,1.427411079406738281e+00,1.274133682250976562e+00,6.989718675613403320e-01,6.989718675613403320e-01,7.311422824859619141e-01,6.882147192955017090e-01,1.568832844495773315e-01,1.568832844495773315e-01,6.883304566144943237e-02,2.441695332527160645e-01,3.615115955471992493e-02,3.615115955471992493e-02,1.866122633218765259e-01,1.676020622253417969e-01,6.714993119239807129e-01,6.714993119239807129e-01,7.367558479309082031e-01,6.128757596015930176e-01,1.404466390609741211e+00,1.404466390609741211e+00,1.457747697830200195e+00,1.129106521606445312e+00
2.020000000000000000e+02,1.794753432273864746e+00,1.794753432273864746e+00,1.748677372932434082e+00,1.609566330909729004e+00,1.330207586288452148e+00,1.330207586288452148e+00,1.430973410606384277e+00,1.285322189331054688e+00,7.099834680557250977e-01,7.099834680557250977e-01,7.288020253181457520e-01,7.002730369567871094e-01,1.580478996038436890e-01,1.580478996038436890e-01,6.729089468717575073e-02,2.482144981622695923e-01,3.661619499325752258e-02,3.661619499325752258e-02,1.892339736223220825e-01,1.712084710597991943e-01,6.761045455932617188e-01,6.761045455932617188e-01,7.426583766937255859e-01,6.186546087265014648e-01,1.403198003768920898e+00,1.403198003768920898e+00,1.454434394836425781e+00,1.127430438995361328e+00
2.030000000000000000e+02,1.796019792556762695e+00,1.796019792556762695e+00,1.746598720550537109e+00,1.616559863090515137e+00,1.337116956710815430e+00,1.337116956710815430e+00,1.420423865318298340e+00,1.297866344451904297e+00,7.185288667678833008e-01,7.185288667678833008e-01,7.264912724494934082e-01,7.046358585357666016e-01,1.589028686285018921e-01,1.589028686285018921e-01,6.468918174505233765e-02,2.519224584102630615e-01,4.078666493296623230e-02,4.078666493296623230e-02,1.918272972106933594e-01,1.750241965055465698e-01,6.798387169837951660e-01,6.798387169837951660e-01,7.488584518432617188e-01,6.171624660491943359e-01,1.399646520614624023e+00,1.399646520614624023e+00,1.452342271804809570e+00,1.127833366394042969e+00
2.040000000000000000e+02,1.797477245330810547e+00,1.797477245330810547e+00,1.744186639785766602e+00,1.622153282165527344e+00,1.348346471786499023e+00,1.348346471786499023e+00,1.436849474906921387e+00,1.310130238533020020e+00,7.275370955467224121e-01,7.275370955467224121e-01,7.253122925758361816e-01,7.262023687362670898e-01,1.594419330358505249e-01,1.594419330358505249e-01,6.198895722627639771e-02,2.557291090488433838e-01,4.709430038928985596e-02,4.709430038928985596e-02,1.943554580211639404e-01,1.790728867053985596e-01,6.837843656539916992e-01,6.837843656539916992e-01,7.546171545982360840e-01,6.195929050445556641e-01,1.399333715438842773e+00,1.399333715438842773e+00,1.449155688285827637e+00,1.128807663917541504e+00
2.050000000000000000e+02,1.799094557762145996e+00,1.799094557762145996e+00,1.741523146629333496e+00,1.624586820602416992e+00,1.359599590301513672e+00,1.359599590301513672e+00,1.439755439758300781e+00,1.323904156684875488e+00,7.355757355690002441e-01,7.355757355690002441e-01,7.225466370582580566e-01,7.394537925720214844e-01,1.590706557035446167e-01,1.590706557035446167e-01,6.017946824431419373e-02,2.587580680847167969e-01,5.295769125223159790e-02,5.295769125223159790e-02,1.965568959712982178e-01,1.820402443408966064e-01,6.867501735687255859e-01,6.867501735687255859e-01,7.595510482788085938e-01,6.191452145576477051e-01,1.396231174468994141e+00,1.396231174468994141e+00,1.445470213890075684e+00,1.129595994949340820e+00
2.060000000000000000e+02,1.766177892684936523e+00,1.766177892684936523e+00,1.739452242851257324e+00,1.633890748023986816e+00,1.369843482971191406e+00,1.369843482971191406e+00,1.442820906639099121e+00,1.336191892623901367e+00,7.428843379020690918e-01,7.428843379020690918e-01,7.223048210144042969e-01,7.516477108001708984e-01,1.580640226602554321e-01,1.580640226602554321e-01,6.009453907608985901e-02,2.612189650535583496e-01,5.843367427587509155e-02,5.843367427587509155e-02,1.995721161365509033e-01,1.868529766798019409e-01,6.891059279441833496e-01,6.891059279441833496e-01,7.637368440628051758e-01,6.179829835891723633e-01,1.393455862998962402e+00,1.393455862998962402e+00,1.441245079040527344e+00,1.131222367286682129e+00
2.070000000000000000e+02,1.802844285964965820e+00,1.802844285964965820e+00,1.737219333648681641e+00,1.639802336692810059e+00,1.347251653671264648e+00,1.347251653671264648e+00,1.445889711380004883e+00,1.336427211761474609e+00,7.492055296897888184e-01,7.492055296897888184e-01,7.200348377227783203e-01,7.652486562728881836e-01,1.561720371246337891e-01,1.561720371246337891e-01,5.994922295212745667e-02,2.631919980049133301e-01,6.348924338817596436e-02,6.348924338817596436e-02,2.036458104848861694e-01,1.907418221235275269e-01,6.906065344810485840e-01,6.906065344810485840e-01,7.671403884887695312e-01,6.149258017539978027e-01,1.389568686485290527e+00,1.389568686485290527e+00,1.436494350433349609e+00,1.132800698280334473e+00
2.080000000000000000e+02,1.805035114288330078e+00,1.805035114288330078e+00,1.735357999801635742e+00,1.646209359169006348e+00,1.391506195068359375e+00,1.391506195068359375e+00,1.396187543869018555e+00,1.365115523338317871e+00,7.585708498954772949e-01,7.585708498954772949e-01,7.201487421989440918e-01,7.796999812126159668e-01,1.558227390050888062e-01,1.558227390050888062e-01,6.184219941496849060e-02,2.661525905132293701e-01,6.818484514951705933e-02,6.818484514951705933e-02,2.083038389682769775e-01,1.943675279617309570e-01,6.917042136192321777e-01,6.917042136192321777e-01,7.698754668235778809e-01,6.135962009429931641e-01,1.384895801544189453e+00,1.384895801544189453e+00,1.431329488754272461e+00,1.136245727539062500e+00
2.090000000000000000e+02,1.806817531585693359e+00,1.806817531585693359e+00,1.733803033828735352e+00,1.651316642761230469e+00,1.403515219688415527e+00,1.403515219688415527e+00,1.456358194351196289e+00,1.379771947860717773e+00,7.670410871505737305e-01,7.670410871505737305e-01,7.200896143913269043e-01,7.933517694473266602e-01,1.546062082052230835e-01,1.546062082052230835e-01,6.317691504955291748e-02,2.685652673244476318e-01,7.245746254920959473e-02,7.245746254920959473e-02,2.122122198343276978e-01,1.975772231817245483e-01,6.920421719551086426e-01,6.920421719551086426e-01,7.718737721443176270e-01,6.103503704071044922e-01,1.379756808280944824e+00,1.379756808280944824e+00,1.426032900810241699e+00,1.137486338615417480e+00
2.100000000000000000e+02,1.809723973274230957e+00,1.809723973274230957e+00,1.732872486114501953e+00,1.659608483314514160e+00,1.414970278739929199e+00,1.414970278739929199e+00,1.461111068725585938e+00,1.394214630126953125e+00,7.745498418807983398e-01,7.745498418807983398e-01,7.187672853469848633e-01,8.059242367744445801e-01,1.524360179901123047e-01,1.524360179901123047e-01,6.411959975957870483e-02,2.702914476394653320e-01,7.630262523889541626e-02,7.630262523889541626e-02,2.158382385969161987e-01,2.004404813051223755e-01,6.915369033813476562e-01,6.915369033813476562e-01,7.730678319931030273e-01,6.063837409019470215e-01,1.373869180679321289e+00,1.373869180679321289e+00,1.420045971870422363e+00,1.140400171279907227e+00
2.110000000000000000e+02,1.813292622566223145e+00,1.813292622566223145e+00,1.731915950775146484e+00,1.666316986083984375e+00,1.431307435035705566e+00,1.431307435035705566e+00,1.465584039688110352e+00,1.407197237014770508e+00,7.727653384208679199e-01,7.727653384208679199e-01,7.168360948562622070e-01,8.179358839988708496e-01,1.496011316776275635e-01,1.496011316776275635e-01,6.447371095418930054e-02,2.716609537601470947e-01,8.490340411663055420e-02,8.490340411663055420e-02,2.188971191644668579e-01,2.030918151140213013e-01,6.893192529678344727e-01,6.893192529678344727e-01,7.734666466712951660e-01,6.017243266105651855e-01,1.357454538345336914e+00,1.357454538345336914e+00,1.413503766059875488e+00,1.142049789428710938e+00
2.120000000000000000e+02,1.816601037979125977e+00,1.816601037979125977e+00,1.731217503547668457e+00,1.673194885253906250e+00,1.447132825851440430e+00,1.447132825851440430e+00,1.470095515251159668e+00,1.422099709510803223e+00,7.861967682838439941e-01,7.861967682838439941e-01,7.136714458465576172e-01,8.292167186737060547e-01,1.458662897348403931e-01,1.458662897348403931e-01,6.321876496076583862e-02,2.719734907150268555e-01,9.287771582603454590e-02,9.287771582603454590e-02,2.218165695667266846e-01,2.052249461412429810e-01,6.871013641357421875e-01,6.871013641357421875e-01,7.695221304893493652e-01,5.965971946716308594e-01,1.360690474510192871e+00,1.360690474510192871e+00,1.406544089317321777e+00,1.144094944000244141e+00
2.130000000000000000e+02,1.820179462432861328e+00,1.820179462432861328e+00,1.731520891189575195e+00,1.681102037429809570e+00,1.450833916664123535e+00,1.450833916664123535e+00,1.470498204231262207e+00,1.429232954978942871e+00,7.914378643035888672e-01,7.914378643035888672e-01,7.106704711914062500e-01,8.394496440887451172e-01,1.412451714277267456e-01,1.412451714277267456e-01,6.400197744369506836e-02,2.714594006538391113e-01,1.002138108015060425e-01,1.002138108015060425e-01,2.244386672973632812e-01,2.077102363109588623e-01,6.851121783256530762e-01,6.851121783256530762e-01,7.719749212265014648e-01,5.908359885215759277e-01,1.353165149688720703e+00,1.353165149688720703e+00,1.398827552795410156e+00,1.145950078964233398e+00
2.140000000000000000e+02,1.824027657508850098e+00,1.824027657508850098e+00,1.732467651367187500e+00,1.689409255981445312e+00,1.478157997131347656e+00,1.478157997131347656e+00,1.479869604110717773e+00,1.450236678123474121e+00,7.968417406082153320e-01,7.968417406082153320e-01,6.990814805030822754e-01,8.496591448783874512e-01,1.376373171806335449e-01,1.376373171806335449e-01,6.466394662857055664e-02,2.704155147075653076e-01,1.070937216281890869e-01,1.070937216281890869e-01,2.266871929168701172e-01,2.095711231231689453e-01,6.818030476570129395e-01,6.818030476570129395e-01,7.701773047447204590e-01,5.844127535820007324e-01,1.346141219139099121e+00,1.346141219139099121e+00,1.390414714813232422e+00,1.147600412368774414e+00
2.150000000000000000e+02,1.828252553939819336e+00,1.828252553939819336e+00,1.734732508659362793e+00,1.697779774665832520e+00,1.496767997741699219e+00,1.496767997741699219e+00,1.488489627838134766e+00,1.465905666351318359e+00,8.059867620468139648e-01,8.059867620468139648e-01,7.087495923042297363e-01,8.621497750282287598e-01,1.389650553464889526e-01,1.389650553464889526e-01,6.819348782300949097e-02,2.704098224639892578e-01,1.141703575849533081e-01,1.141703575849533081e-01,2.243010252714157104e-01,2.108661830425262451e-01,6.792607307434082031e-01,6.792607307434082031e-01,7.673766016960144043e-01,5.777010321617126465e-01,1.341911792755126953e+00,1.341911792755126953e+00,1.381692409515380859e+00,1.149270296096801758e+00
2.160000000000000000e+02,1.832716345787048340e+00,1.832716345787048340e+00,1.737305879592895508e+00,1.705732941627502441e+00,1.514684319496154785e+00,1.514684319496154785e+00,1.496460676193237305e+00,1.481516122817993164e+00,8.149130344390869141e-01,8.149130344390869141e-01,7.060598731040954590e-01,8.751052618026733398e-01,1.394430994987487793e-01,1.394430994987487793e-01,7.179319858551025391e-02,2.693912088871002197e-01,1.204343736171722412e-01,1.204343736171722412e-01,2.307501137256622314e-01,2.130748331546783447e-01,6.759355068206787109e-01,6.759355068206787109e-01,7.652412652969360352e-01,5.703787207603454590e-01,1.337263464927673340e+00,1.337263464927673340e+00,1.372735619544982910e+00,1.150761008262634277e+00
2.170000000000000000e+02,1.837819218635559082e+00,1.837819218635559082e+00,1.739381432533264160e+00,1.715333700180053711e+00,1.530850410461425781e+00,1.530850410461425781e+00,1.504768252372741699e+00,1.496933221817016602e+00,8.224365711212158203e-01,8.224365711212158203e-01,7.005032896995544434e-01,8.865227103233337402e-01,1.428182721138000488e-01,1.428182721138000488e-01,7.501630485057830811e-02,2.674709260463714600e-01,1.263736784458160400e-01,1.263736784458160400e-01,2.321269512176513672e-01,2.140742242336273193e-01,6.717579960823059082e-01,6.717579960823059082e-01,7.641150951385498047e-01,5.625097751617431641e-01,1.335918188095092773e+00,1.335918188095092773e+00,1.358409404754638672e+00,1.152173399925231934e+00
2.180000000000000000e+02,1.843009710311889648e+00,1.843009710311889648e+00,1.743315696716308594e+00,1.724573135375976562e+00,1.550087571144104004e+00,1.550087571144104004e+00,1.511891841888427734e+00,1.512252688407897949e+00,8.297514915466308594e-01,8.297514915466308594e-01,7.069424986839294434e-01,8.979952931404113770e-01,1.457143574953079224e-01,1.457143574953079224e-01,7.780905067920684814e-02,2.647753059864044189e-01,1.310040503740310669e-01,1.310040503740310669e-01,2.329187542200088501e-01,2.145762294530868530e-01,6.673226952552795410e-01,6.673226952552795410e-01,7.614430189132690430e-01,5.540652871131896973e-01,1.333114743232727051e+00,1.333114743232727051e+00,1.352530479431152344e+00,1.153938055038452148e+00
2.190000000000000000e+02,1.848998427391052246e+00,1.848998427391052246e+00,1.746498823165893555e+00,1.728196501731872559e+00,1.570176362991333008e+00,1.570176362991333008e+00,1.519056677818298340e+00,1.527271986007690430e+00,8.368710279464721680e-01,8.368710279464721680e-01,7.052403092384338379e-01,9.090276956558227539e-01,1.480988711118698120e-01,1.480988711118698120e-01,8.021153509616851807e-02,2.613543868064880371e-01,1.393814533948898315e-01,1.393814533948898315e-01,2.340315431356430054e-01,2.145795226097106934e-01,6.627123951911926270e-01,6.627123951911926270e-01,7.580592632293701172e-01,5.457823276519775391e-01,1.332583069801330566e+00,1.332583069801330566e+00,1.341958284378051758e+00,1.155567765235900879e+00
2.200000000000000000e+02,1.855315446853637695e+00,1.855315446853637695e+00,1.750437498092651367e+00,1.740929126739501953e+00,1.584939122200012207e+00,1.584939122200012207e+00,1.526980996131896973e+00,1.541943550109863281e+00,8.429078459739685059e-01,8.429078459739685059e-01,7.029006481170654297e-01,9.189885854721069336e-01,1.497362852096557617e-01,1.497362852096557617e-01,8.208809792995452881e-02,2.568899095058441162e-01,1.337871998548507690e-01,1.337871998548507690e-01,2.343900501728057861e-01,2.140623182058334351e-01,6.571251153945922852e-01,6.571251153945922852e-01,7.542616128921508789e-01,5.318731069564819336e-01,1.328266382217407227e+00,1.328266382217407227e+00,1.330650091171264648e+00,1.156991124153137207e+00
2.210000000000000000e+02,1.862253665924072266e+00,1.862253665924072266e+00,1.754253029823303223e+00,1.752140760421752930e+00,1.605004072189331055e+00,1.605004072189331055e+00,1.533932805061340332e+00,1.556601047515869141e+00,8.479213714599609375e-01,8.479213714599609375e-01,7.007017135620117188e-01,9.294113516807556152e-01,1.506246775388717651e-01,1.506246775388717651e-01,8.332090079784393311e-02,2.517126798629760742e-01,1.488738059997558594e-01,1.488738059997558594e-01,2.341883778572082520e-01,2.132807374000549316e-01,6.508139967918395996e-01,6.508139967918395996e-01,7.504866123199462891e-01,5.155373811721801758e-01,1.328038573265075684e+00,1.328038573265075684e+00,1.319293260574340820e+00,1.158744454383850098e+00
2.220000000000000000e+02,1.869325399398803711e+00,1.869325399398803711e+00,1.758632302284240723e+00,1.761636734008789062e+00,1.621421217918395996e+00,1.621421217918395996e+00,1.540556311607360840e+00,1.570436358451843262e+00,8.486224412918090820e-01,8.486224412918090820e-01,6.979044675827026367e-01,9.386067390441894531e-01,1.507629454135894775e-01,1.507629454135894775e-01,8.406317979097366333e-02,2.458940297365188599e-01,1.524558514356613159e-01,1.524558514356613159e-01,2.346170395612716675e-01,2.121333628892898560e-01,6.437022089958190918e-01,6.437022089958190918e-01,7.466540932655334473e-01,5.179628133773803711e-01,1.325397729873657227e+00,1.325397729873657227e+00,1.307441949844360352e+00,1.160153746604919434e+00
2.230000000000000000e+02,1.869985103607177734e+00,1.869985103607177734e+00,1.762056231498718262e+00,1.771145820617675781e+00,1.637146830558776855e+00,1.637146830558776855e+00,1.546785593032836914e+00,1.585536837577819824e+00,8.547708988189697266e-01,8.547708988189697266e-01,6.943175792694091797e-01,9.476276040077209473e-01,1.501508951187133789e-01,1.501508951187133789e-01,8.524408191442489624e-02,2.391502857208251953e-01,1.552552878856658936e-01,1.552552878856658936e-01,2.346098870038986206e-01,2.104407101869583130e-01,6.359034180641174316e-01,6.359034180641174316e-01,7.422138452529907227e-01,5.078850984573364258e-01,1.322392106056213379e+00,1.322392106056213379e+00,1.295077681541442871e+00,1.161240458488464355e+00
2.240000000000000000e+02,1.881492376327514648e+00,1.881492376327514648e+00,1.767196059226989746e+00,1.780914306640625000e+00,1.652162432670593262e+00,1.652162432670593262e+00,1.552547454833984375e+00,1.599388718605041504e+00,8.567343950271606445e-01,8.567343950271606445e-01,6.900117993354797363e-01,9.554730653762817383e-01,1.487892866134643555e-01,1.487892866134643555e-01,8.814564347267150879e-02,2.316396534442901611e-01,1.572689116001129150e-01,1.572689116001129150e-01,2.337031066417694092e-01,2.082042396068572998e-01,6.271604895591735840e-01,6.271604895591735840e-01,7.369836568832397461e-01,4.971802532672882080e-01,1.316857457160949707e+00,1.316857457160949707e+00,1.282207131385803223e+00,1.163511514663696289e+00
2.250000000000000000e+02,1.892797231674194336e+00,1.892797231674194336e+00,1.772647261619567871e+00,1.790802478790283203e+00,1.666449427604675293e+00,1.666449427604675293e+00,1.557825326919555664e+00,1.612776398658752441e+00,8.576042056083679199e-01,8.576042056083679199e-01,6.848747134208679199e-01,9.621328115463256836e-01,1.466803401708602905e-01,1.466803401708602905e-01,9.152570366859436035e-02,2.232337146997451782e-01,1.584946364164352417e-01,1.584946364164352417e-01,2.322607934474945068e-01,2.054255306720733643e-01,6.178365349769592285e-01,6.178365349769592285e-01,7.311865091323852539e-01,4.860344529151916504e-01,1.315501451492309570e+00,1.315501451492309570e+00,1.268921494483947754e+00,1.167539954185485840e+00
2.260000000000000000e+02,1.901340484619140625e+00,1.901340484619140625e+00,1.779210329055786133e+00,1.801629781723022461e+00,1.678803563117980957e+00,1.678803563117980957e+00,1.564480066299438477e+00,1.627136945724487305e+00,8.647516965866088867e-01,8.647516965866088867e-01,6.814793348312377930e-01,9.704052805900573730e-01,1.457052081823348999e-01,1.457052081823348999e-01,9.636769443750381470e-02,2.155241817235946655e-01,1.607660204172134399e-01,1.607660204172134399e-01,2.324736714363098145e-01,2.034905552864074707e-01,6.151133775711059570e-01,6.151133775711059570e-01,7.277393937110900879e-01,4.754069149494171143e-01,1.313624382019042969e+00,1.313624382019042969e+00,1.259568929672241211e+00,1.174081206321716309e+00
2.270000000000000000e+02,1.910222530364990234e+00,1.910222530364990234e+00,1.786862730979919434e+00,1.808615684509277344e+00,1.696699380874633789e+00,1.696699380874633789e+00,1.570693969726562500e+00,1.641099333763122559e+00,8.708627223968505859e-01,8.708627223968505859e-01,6.772567629814147949e-01,9.772716760635375977e-01,1.439195871353149414e-01,1.439195871353149414e-01,1.008514612913131714e-01,2.084906697273254395e-01,1.626906394958496094e-01,1.626906394958496094e-01,2.316234409809112549e-01,2.010993063449859619e-01,6.116426587104797363e-01,6.116426587104797363e-01,7.234426736831665039e-01,4.653203487396240234e-01,1.311347961425781250e+00,1.311347961425781250e+00,1.253301024436950684e+00,1.180621266365051270e+00
2.280000000000000000e+02,1.919433355331420898e+00,1.919433355331420898e+00,1.793892860412597656e+00,1.823790192604064941e+00,1.710798621177673340e+00,1.710798621177673340e+00,1.576524734497070312e+00,1.654804944992065430e+00,8.757095932960510254e-01,8.757095932960510254e-01,6.726920008659362793e-01,9.837425947189331055e-01,1.413237154483795166e-01,1.413237154483795166e-01,1.048986688256263733e-01,2.045275866985321045e-01,1.637018173933029175e-01,1.637018173933029175e-01,2.319852411746978760e-01,1.982345283031463623e-01,6.061723828315734863e-01,6.061723828315734863e-01,7.186253666877746582e-01,4.568585753440856934e-01,1.308688879013061523e+00,1.308688879013061523e+00,1.248332858085632324e+00,1.187141776084899902e+00
2.290000000000000000e+02,1.928953886032104492e+00,1.928953886032104492e+00,1.802713871002197266e+00,1.837914943695068359e+00,1.721855878829956055e+00,1.721855878829956055e+00,1.581641912460327148e+00,1.667963624000549316e+00,8.796999454498291016e-01,8.796999454498291016e-01,6.674972772598266602e-01,9.888662695884704590e-01,1.379252523183822632e-01,1.379252523183822632e-01,1.085658147931098938e-01,2.015889436006546021e-01,1.639863550662994385e-01,1.639863550662994385e-01,2.311922013759613037e-01,1.948826611042022705e-01,6.024417877197265625e-01,6.024417877197265625e-01,7.129729986190795898e-01,4.461241960525512695e-01,1.305739760398864746e+00,1.305739760398864746e+00,1.243197798728942871e+00,1.193679332733154297e+00
2.300000000000000000e+02,1.938798904418945312e+00,1.938798904418945312e+00,1.810876846313476562e+00,1.850396633148193359e+00,1.735973715782165527e+00,1.735973715782165527e+00,1.586713194847106934e+00,1.680594205856323242e+00,8.827915191650390625e-01,8.827915191650390625e-01,6.585968136787414551e-01,9.932538270950317383e-01,1.336717307567596436e-01,1.336717307567596436e-01,1.120887994766235352e-01,1.979265064001083374e-01,1.635438799858093262e-01,1.635438799858093262e-01,2.296965420246124268e-01,1.910635381937026978e-01,5.967798829078674316e-01,5.967798829078674316e-01,7.069092988967895508e-01,4.369457960128784180e-01,1.302414655685424805e+00,1.302414655685424805e+00,1.236257910728454590e+00,1.200371265411376953e+00
2.310000000000000000e+02,1.948826193809509277e+00,1.948826193809509277e+00,1.818040609359741211e+00,1.863067626953125000e+00,1.748523235321044922e+00,1.748523235321044922e+00,1.590888261795043945e+00,1.692667961120605469e+00,8.846154808998107910e-01,8.846154808998107910e-01,6.573733687400817871e-01,9.974839687347412109e-01,1.286760717630386353e-01,1.286760717630386353e-01,1.156041473150253296e-01,1.935380250215530396e-01,1.623749136924743652e-01,1.623749136924743652e-01,2.279087007045745850e-01,1.867495328187942505e-01,5.903611183166503906e-01,5.903611183166503906e-01,7.011254429817199707e-01,4.287652969360351562e-01,1.298747181892395020e+00,1.298747181892395020e+00,1.231794357299804688e+00,1.207531213760375977e+00
2.320000000000000000e+02,1.959225416183471680e+00,1.959225416183471680e+00,1.827373147010803223e+00,1.875663876533508301e+00,1.759571552276611328e+00,1.759571552276611328e+00,1.594911932945251465e+00,1.703955411911010742e+00,8.853683471679687500e-01,8.853683471679687500e-01,6.504619717597961426e-01,1.000713348388671875e+00,1.228972673416137695e-01,1.228972673416137695e-01,1.186422184109687805e-01,1.878255307674407959e-01,1.604809612035751343e-01,1.604809612035751343e-01,2.254430949687957764e-01,1.819942295551300049e-01,5.832243561744689941e-01,5.832243561744689941e-01,6.945465207099914551e-01,4.202402532100677490e-01,1.294742584228515625e+00,1.294742584228515625e+00,1.225646495819091797e+00,1.214660406112670898e+00
2.330000000000000000e+02,1.969888329505920410e+00,1.969888329505920410e+00,1.835701107978820801e+00,1.888443470001220703e+00,1.769873976707458496e+00,1.769873976707458496e+00,1.598148941993713379e+00,1.715001940727233887e+00,8.859800100326538086e-01,8.859800100326538086e-01,6.469693779945373535e-01,1.002962350845336914e+00,1.162209138274192810e-01,1.162209138274192810e-01,1.212938129901885986e-01,1.823564022779464722e-01,1.579475998878479004e-01,1.579475998878479004e-01,2.227638363838195801e-01,1.769392788410186768e-01,5.763874650001525879e-01,5.763874650001525879e-01,6.873924136161804199e-01,4.112130403518676758e-01,1.290604829788208008e+00,1.290604829788208008e+00,1.219384431838989258e+00,1.221684455871582031e+00
2.340000000000000000e+02,1.980646610260009766e+00,1.980646610260009766e+00,1.844064950942993164e+00,1.899751901626586914e+00,1.778190255165100098e+00,1.778190255165100098e+00,1.586639761924743652e+00,1.725465297698974609e+00,8.864501714706420898e-01,8.864501714706420898e-01,6.395050883293151855e-01,1.004245638847351074e+00,1.093886792659759521e-01,1.093886792659759521e-01,1.229200512170791626e-01,1.760249137878417969e-01,1.539956033229827881e-01,1.539956033229827881e-01,2.174265384674072266e-01,1.715447902679443359e-01,5.698586702346801758e-01,5.698586702346801758e-01,6.794686317443847656e-01,4.037384986877441406e-01,1.286375045776367188e+00,1.286375045776367188e+00,1.213309407234191895e+00,1.229149580001831055e+00
2.350000000000000000e+02,1.992013931274414062e+00,1.992013931274414062e+00,1.852459669113159180e+00,1.913962841033935547e+00,1.788236856460571289e+00,1.788236856460571289e+00,1.602221846580505371e+00,1.735270500183105469e+00,8.858261108398437500e-01,8.858261108398437500e-01,6.375603079795837402e-01,1.004607558250427246e+00,1.051070690155029297e-01,1.051070690155029297e-01,1.254154890775680542e-01,1.687546968460083008e-01,1.510359793901443481e-01,1.510359793901443481e-01,2.159803211688995361e-01,1.656637191772460938e-01,5.620406270027160645e-01,5.620406270027160645e-01,6.711354851722717285e-01,3.960648775100708008e-01,1.285356044769287109e+00,1.285356044769287109e+00,1.207053780555725098e+00,1.236392140388488770e+00
2.360000000000000000e+02,2.003245830535888672e+00,2.003245830535888672e+00,1.860869526863098145e+00,1.926631808280944824e+00,1.796207070350646973e+00,1.796207070350646973e+00,1.603029727935791016e+00,1.744870662689208984e+00,8.841519951820373535e-01,8.841519951820373535e-01,6.330983638763427734e-01,1.004495620727539062e+00,1.004634276032447815e-01,1.004634276032447815e-01,1.268873214721679688e-01,1.607089340686798096e-01,1.464082896709442139e-01,1.464082896709442139e-01,2.121605575084686279e-01,1.593289077281951904e-01,5.547273755073547363e-01,5.547273755073547363e-01,6.628445386886596680e-01,3.890128433704376221e-01,1.284200072288513184e+00,1.284200072288513184e+00,1.200784683227539062e+00,1.243611931800842285e+00
2.370000000000000000e+02,2.015040397644042969e+00,2.015040397644042969e+00,1.869556784629821777e+00,1.938469290733337402e+00,1.803573369979858398e+00,1.803573369979858398e+00,1.606290102005004883e+00,1.753409385681152344e+00,8.817997574806213379e-01,8.817997574806213379e-01,6.282179355621337891e-01,1.003747582435607910e+00,9.727548062801361084e-02,9.727548062801361084e-02,1.280930787324905396e-01,1.541440635919570923e-01,1.418837159872055054e-01,1.418837159872055054e-01,2.079903781414031982e-01,1.528337597846984863e-01,5.471554398536682129e-01,5.471554398536682129e-01,6.547005772590637207e-01,3.798195719718933105e-01,1.198490619659423828e+00,1.198490619659423828e+00,1.194459676742553711e+00,1.245908975601196289e+00
2.380000000000000000e+02,1.983367681503295898e+00,1.983367681503295898e+00,1.878297924995422363e+00,1.952431678771972656e+00,1.810154199600219727e+00,1.810154199600219727e+00,1.607525467872619629e+00,1.762678503990173340e+00,8.787788748741149902e-01,8.787788748741149902e-01,6.234110593795776367e-01,1.002016663551330566e+00,9.692733734846115112e-02,9.692733734846115112e-02,1.208418309688568115e-01,1.460149735212326050e-01,1.366540193557739258e-01,1.366540193557739258e-01,2.033492177724838257e-01,1.460167318582534790e-01,5.392539501190185547e-01,5.392539501190185547e-01,6.465220451354980469e-01,3.739830255508422852e-01,1.290045619010925293e+00,1.290045619010925293e+00,1.188634872436523438e+00,1.253237485885620117e+00
2.390000000000000000e+02,2.038786172866821289e+00,2.038786172866821289e+00,1.886922597885131836e+00,1.965188264846801758e+00,1.815876483917236328e+00,1.815876483917236328e+00,1.607843637466430664e+00,1.770557403564453125e+00,8.747840523719787598e-01,8.747840523719787598e-01,6.184309720993041992e-01,9.993202686309814453e-01,9.526240080595016479e-02,9.526240080595016479e-02,1.295630186796188354e-01,1.373872756958007812e-01,1.308057308197021484e-01,1.308057308197021484e-01,1.983427852392196655e-01,1.387917101383209229e-01,5.308213829994201660e-01,5.308213829994201660e-01,6.372951269149780273e-01,3.663310706615447998e-01,1.293601751327514648e+00,1.293601751327514648e+00,1.182636618614196777e+00,1.266256093978881836e+00
2.400000000000000000e+02,2.050757408142089844e+00,2.050757408142089844e+00,1.895474910736083984e+00,1.977764368057250977e+00,1.820733547210693359e+00,1.820733547210693359e+00,1.607602238655090332e+00,1.778327226638793945e+00,8.696022033691406250e-01,8.696022033691406250e-01,6.127282381057739258e-01,9.940580725669860840e-01,9.296749532222747803e-02,9.296749532222747803e-02,1.297830343246459961e-01,1.295399665832519531e-01,1.245094910264015198e-01,1.245094910264015198e-01,1.930151283740997314e-01,1.310480982065200806e-01,5.216652154922485352e-01,5.216652154922485352e-01,6.274477839469909668e-01,3.596373200416564941e-01,1.296966195106506348e+00,1.296966195106506348e+00,1.176087141036987305e+00,1.273823022842407227e+00
2.410000000000000000e+02,2.062699317932128906e+00,2.062699317932128906e+00,1.903900265693664551e+00,1.990130186080932617e+00,1.826453685760498047e+00,1.826453685760498047e+00,1.606617569923400879e+00,1.785364508628845215e+00,8.633424043655395508e-01,8.633424043655395508e-01,6.062902212142944336e-01,9.908736944198608398e-01,9.119330346584320068e-02,9.119330346584320068e-02,1.293211579322814941e-01,1.208159327507019043e-01,1.190898120403289795e-01,1.190898120403289795e-01,1.873933970928192139e-01,1.228871122002601624e-01,5.118670463562011719e-01,5.118670463562011719e-01,6.130386590957641602e-01,3.527566194534301758e-01,1.301424026489257812e+00,1.301424026489257812e+00,1.170239210128784180e+00,1.281357288360595703e+00
2.420000000000000000e+02,2.075394868850708008e+00,2.075394868850708008e+00,1.912055015563964844e+00,2.002614259719848633e+00,1.831233978271484375e+00,1.831233978271484375e+00,1.605095982551574707e+00,1.791886091232299805e+00,8.559983372688293457e-01,8.559983372688293457e-01,5.989460945129394531e-01,9.851626157760620117e-01,8.887211233377456665e-02,8.887211233377456665e-02,1.291455775499343872e-01,1.120486631989479065e-01,1.129511445760726929e-01,1.129511445760726929e-01,1.817196905612945557e-01,1.141770929098129272e-01,5.014485120773315430e-01,5.014485120773315430e-01,6.059979200363159180e-01,3.449787497520446777e-01,1.305718660354614258e+00,1.305718660354614258e+00,1.164116024971008301e+00,1.288925528526306152e+00
2.430000000000000000e+02,2.087800025939941406e+00,2.087800025939941406e+00,1.920591711997985840e+00,2.014793634414672852e+00,1.829674124717712402e+00,1.829674124717712402e+00,1.602985024452209473e+00,1.797564268112182617e+00,8.477082252502441406e-01,8.477082252502441406e-01,5.908569693565368652e-01,9.784686565399169922e-01,8.625027537345886230e-02,8.625027537345886230e-02,1.282656490802764893e-01,1.031407713890075684e-01,1.061028763651847839e-01,1.061028763651847839e-01,1.754770278930664062e-01,1.051394715905189514e-01,4.904193878173828125e-01,4.904193878173828125e-01,5.943737030029296875e-01,3.367512524127960205e-01,1.303301572799682617e+00,1.303301572799682617e+00,1.158900260925292969e+00,1.296557307243347168e+00
2.440000000000000000e+02,2.100322484970092773e+00,2.100322484970092773e+00,1.928715348243713379e+00,2.026765108108520508e+00,1.836834430694580078e+00,1.836834430694580078e+00,1.600285768508911133e+00,1.801195621490478516e+00,8.404739499092102051e-01,8.404739499092102051e-01,5.818910598754882812e-01,9.707262516021728516e-01,8.325514197349548340e-02,8.325514197349548340e-02,1.272341907024383545e-01,9.388118982315063477e-02,9.953646361827850342e-02,9.953646361827850342e-02,1.700008213520050049e-01,9.674549847841262817e-02,4.823172986507415771e-01,4.823172986507415771e-01,5.834425091743469238e-01,3.294250369071960449e-01,1.315216302871704102e+00,1.315216302871704102e+00,1.153534889221191406e+00,1.305111885070800781e+00
2.450000000000000000e+02,2.112831592559814453e+00,2.112831592559814453e+00,1.936582922935485840e+00,2.038702487945556641e+00,1.839959740638732910e+00,1.839959740638732910e+00,1.596895098686218262e+00,1.807178378105163574e+00,8.321896791458129883e-01,8.321896791458129883e-01,5.724933743476867676e-01,9.621169567108154297e-01,7.982753217220306396e-02,7.982753217220306396e-02,1.259248703718185425e-01,8.426209539175033569e-02,9.240896999835968018e-02,9.240896999835968018e-02,1.642568707466125488e-01,8.824093639850616455e-02,4.736095368862152100e-01,4.736095368862152100e-01,5.718970298767089844e-01,3.220725953578948975e-01,1.320311784744262695e+00,1.320311784744262695e+00,1.151715755462646484e+00,1.313741564750671387e+00
2.460000000000000000e+02,2.125234365463256836e+00,2.125234365463256836e+00,1.944215536117553711e+00,2.050493717193603516e+00,1.838417768478393555e+00,1.838417768478393555e+00,1.592913031578063965e+00,1.811757564544677734e+00,8.228635787963867188e-01,8.228635787963867188e-01,5.611947774887084961e-01,9.526305198669433594e-01,7.594712823629379272e-02,7.594712823629379272e-02,1.245001330971717834e-01,7.726986706256866455e-02,8.394560962915420532e-02,8.394560962915420532e-02,1.580446064472198486e-01,7.933551818132400513e-02,4.643280506134033203e-01,4.643280506134033203e-01,5.599721670150756836e-01,3.149081468582153320e-01,1.325323939323425293e+00,1.325323939323425293e+00,1.150527954101562500e+00,1.322345376014709473e+00
2.470000000000000000e+02,2.137862920761108398e+00,2.137862920761108398e+00,1.951679110527038574e+00,2.058619499206542969e+00,1.841024160385131836e+00,1.841024160385131836e+00,1.588313221931457520e+00,1.815687060356140137e+00,8.126129508018493652e-01,8.126129508018493652e-01,5.561873912811279297e-01,9.421122670173645020e-01,7.174353301525115967e-02,7.174353301525115967e-02,1.227122470736503601e-01,7.164267450571060181e-02,7.611064612865447998e-02,7.611064612865447998e-02,1.516331285238265991e-01,6.990142166614532471e-02,4.545376598834991455e-01,4.545376598834991455e-01,5.473769903182983398e-01,3.072984218597412109e-01,1.330181360244750977e+00,1.330181360244750977e+00,1.150126457214355469e+00,1.330982923507690430e+00
2.480000000000000000e+02,2.149933099746704102e+00,2.149933099746704102e+00,1.955548763275146484e+00,2.074327468872070312e+00,1.841302871704101562e+00,1.841302871704101562e+00,1.583526849746704102e+00,1.811329364776611328e+00,8.022036552429199219e-01,8.022036552429199219e-01,5.492075085639953613e-01,9.318510293960571289e-01,6.793370097875595093e-02,6.793370097875595093e-02,1.210589185357093811e-01,6.711359322071075439e-02,7.046202570199966431e-02,7.046202570199966431e-02,1.481043249368667603e-01,6.196601316332817078e-02,4.484072327613830566e-01,4.484072327613830566e-01,5.385482311248779297e-01,3.071086108684539795e-01,1.338162183761596680e+00,1.338162183761596680e+00,1.153492450714111328e+00,1.342011094093322754e+00
2.490000000000000000e+02,2.162003993988037109e+00,2.162003993988037109e+00,1.968232989311218262e+00,2.087629079818725586e+00,1.841802597045898438e+00,1.841802597045898438e+00,1.578585147857666016e+00,1.824180841445922852e+00,7.922840714454650879e-01,7.922840714454650879e-01,5.426028370857238770e-01,9.223967790603637695e-01,6.478732079267501831e-02,6.478732079267501831e-02,1.194849684834480286e-01,6.328887492418289185e-02,6.775907427072525024e-02,6.775907427072525024e-02,1.468545794486999512e-01,5.770679563283920288e-02,4.459863901138305664e-01,4.459863901138305664e-01,5.332639217376708984e-01,3.110508322715759277e-01,1.349054932594299316e+00,1.349054932594299316e+00,1.161791443824768066e+00,1.355851173400878906e+00
2.500000000000000000e+02,2.174430131912231445e+00,2.174430131912231445e+00,1.975784659385681152e+00,2.099988460540771484e+00,1.839938521385192871e+00,1.839938521385192871e+00,1.571906447410583496e+00,1.827585458755493164e+00,7.809010744094848633e-01,7.809010744094848633e-01,5.373618006706237793e-01,9.120098948478698730e-01,6.115599721670150757e-02,6.115599721670150757e-02,1.176305860280990601e-01,6.214696168899536133e-02,6.459203362464904785e-02,6.459203362464904785e-02,1.450769901275634766e-01,5.243515223264694214e-02,4.423091709613800049e-01,4.423091709613800049e-01,5.275536775588989258e-01,3.148174583911895752e-01,1.359612107276916504e+00,1.359612107276916504e+00,1.172073483467102051e+00,1.368866086006164551e+00
2.510000000000000000e+02,2.186156511306762695e+00,2.186156511306762695e+00,1.984606742858886719e+00,2.112760066986083984e+00,1.839929580688476562e+00,1.839929580688476562e+00,1.566527724266052246e+00,1.829029679298400879e+00,7.691503763198852539e-01,7.691503763198852539e-01,5.343077182769775391e-01,9.008447527885437012e-01,5.710718780755996704e-02,5.710718780755996704e-02,1.153798326849937439e-01,6.113763526082038879e-02,6.092188134789466858e-02,6.092188134789466858e-02,1.428226232528686523e-01,4.687517881393432617e-02,4.394301772117614746e-01,4.394301772117614746e-01,5.215891003608703613e-01,3.203281760215759277e-01,1.369838476181030273e+00,1.369838476181030273e+00,1.181073427200317383e+00,1.383137822151184082e+00
2.520000000000000000e+02,2.179422140121459961e+00,2.179422140121459961e+00,1.992290258407592773e+00,2.123811721801757812e+00,1.837559223175048828e+00,1.837559223175048828e+00,1.559375405311584473e+00,1.831593751907348633e+00,7.562277317047119141e-01,7.562277317047119141e-01,5.309091806411743164e-01,8.895031809806823730e-01,5.266376957297325134e-02,5.266376957297325134e-02,1.132432967424392700e-01,6.008515879511833191e-02,5.688143521547317505e-02,5.688143521547317505e-02,1.400656551122665405e-01,4.095292091369628906e-02,4.355146586894989014e-01,4.355146586894989014e-01,5.152483582496643066e-01,3.265586197376251221e-01,1.379737377166748047e+00,1.379737377166748047e+00,1.190707087516784668e+00,1.396479964256286621e+00
2.530000000000000000e+02,2.208305120468139648e+00,2.208305120468139648e+00,1.995025873184204102e+00,2.136149168014526367e+00,1.834576725959777832e+00,1.834576725959777832e+00,1.551308155059814453e+00,1.832105040550231934e+00,7.423153519630432129e-01,7.423153519630432129e-01,5.268139839172363281e-01,8.770201802253723145e-01,5.029825121164321899e-02,5.029825121164321899e-02,1.028101295232772827e-01,5.909014120697975159e-02,5.264266952872276306e-02,5.264266952872276306e-02,1.368324607610702515e-01,3.486332297325134277e-02,4.308320879936218262e-01,4.308320879936218262e-01,5.086877346038818359e-01,3.347126543521881104e-01,1.391765832901000977e+00,1.391765832901000977e+00,1.199941158294677734e+00,1.409531831741333008e+00
2.540000000000000000e+02,2.219233512878417969e+00,2.219233512878417969e+00,1.990928530693054199e+00,2.146041393280029297e+00,1.830660820007324219e+00,1.830660820007324219e+00,1.543118238449096680e+00,1.831698894500732422e+00,7.275704741477966309e-01,7.275704741477966309e-01,5.219788551330566406e-01,8.640440106391906738e-01,4.744837433099746704e-02,4.744837433099746704e-02,1.080571115016937256e-01,5.777685716748237610e-02,4.799975082278251648e-02,4.799975082278251648e-02,1.331662088632583618e-01,2.840588428080081940e-02,4.258406758308410645e-01,4.258406758308410645e-01,5.022193193435668945e-01,3.399453461170196533e-01,1.402778029441833496e+00,1.402778029441833496e+00,1.209129571914672852e+00,1.420433759689331055e+00
2.550000000000000000e+02,2.229587554931640625e+00,2.229587554931640625e+00,2.012277603149414062e+00,2.156358957290649414e+00,1.825771570205688477e+00,1.825771570205688477e+00,1.533765554428100586e+00,1.830151557922363281e+00,7.118566036224365234e-01,7.118566036224365234e-01,5.165650844573974609e-01,8.471014499664306641e-01,4.446561634540557861e-02,4.446561634540557861e-02,1.051783114671707153e-01,5.627736076712608337e-02,4.290482774376869202e-02,4.290482774376869202e-02,1.289859712123870850e-01,2.165834605693817139e-02,4.202005863189697266e-01,4.202005863189697266e-01,4.951238036155700684e-01,3.477149605751037598e-01,1.414946079254150391e+00,1.414946079254150391e+00,1.218107819557189941e+00,1.434481263160705566e+00
2.560000000000000000e+02,2.239494323730468750e+00,2.239494323730468750e+00,2.019513607025146484e+00,2.162235260009765625e+00,1.813691139221191406e+00,1.813691139221191406e+00,1.524498343467712402e+00,1.829208016395568848e+00,6.960564851760864258e-01,6.960564851760864258e-01,5.113590955734252930e-01,8.382172584533691406e-01,4.235836863517761230e-02,4.235836863517761230e-02,1.023922562599182129e-01,5.593397095799446106e-02,4.217056185007095337e-02,4.217056185007095337e-02,1.289871633052825928e-01,1.978901028633117676e-02,4.203950762748718262e-01,4.203950762748718262e-01,4.942618608474731445e-01,3.606375157833099365e-01,1.431307554244995117e+00,1.431307554244995117e+00,1.231055974960327148e+00,1.451923608779907227e+00
2.570000000000000000e+02,2.248818635940551758e+00,2.248818635940551758e+00,2.026160240173339844e+00,2.182683229446411133e+00,1.814912199974060059e+00,1.814912199974060059e+00,1.514225244522094727e+00,1.826143980026245117e+00,6.814734935760498047e-01,6.814734935760498047e-01,5.027699470520019531e-01,8.249474167823791504e-01,3.976787999272346497e-02,3.976787999272346497e-02,9.935970604419708252e-02,5.542255565524101257e-02,4.172097519040107727e-02,4.172097519040107727e-02,1.255671083927154541e-01,1.794063672423362732e-02,4.229782521724700928e-01,4.229782521724700928e-01,4.930859208106994629e-01,3.737871646881103516e-01,1.447132825851440430e+00,1.447132825851440430e+00,1.246093273162841797e+00,1.469034790992736816e+00
2.580000000000000000e+02,2.249240875244140625e+00,2.249240875244140625e+00,2.032279729843139648e+00,2.194526195526123047e+00,1.808783888816833496e+00,1.808783888816833496e+00,1.504027724266052246e+00,1.824617743492126465e+00,6.650199890136718750e-01,6.650199890136718750e-01,4.989156723022460938e-01,8.109000325202941895e-01,3.681968897581100464e-02,3.681968897581100464e-02,9.622531384229660034e-02,5.519007146358489990e-02,4.169941321015357971e-02,4.169941321015357971e-02,1.280880868434906006e-01,1.601808145642280579e-02,4.235761165618896484e-01,4.235761165618896484e-01,4.912450313568115234e-01,3.866914510726928711e-01,1.462426185607910156e+00,1.462426185607910156e+00,1.260605931282043457e+00,1.485927343368530273e+00
2.590000000000000000e+02,2.265460968017578125e+00,2.265460968017578125e+00,2.037644147872924805e+00,2.206536531448364258e+00,1.801597118377685547e+00,1.801597118377685547e+00,1.484845161437988281e+00,1.820678234100341797e+00,6.491964459419250488e-01,6.491964459419250488e-01,4.932646453380584717e-01,7.956765890121459961e-01,3.448042273521423340e-02,3.448042273521423340e-02,9.377560019493103027e-02,5.589374899864196777e-02,4.122649133205413818e-02,4.122649133205413818e-02,1.272960603237152100e-01,1.416582148522138596e-02,4.253399372100830078e-01,4.253399372100830078e-01,4.888894259929656982e-01,3.994014859199523926e-01,1.478214263916015625e+00,1.478214263916015625e+00,1.274711966514587402e+00,1.501529574394226074e+00
2.600000000000000000e+02,2.273117780685424805e+00,2.273117780685424805e+00,2.042375326156616211e+00,2.217635154724121094e+00,1.794287085533142090e+00,1.794287085533142090e+00,1.481242656707763672e+00,1.816734552383422852e+00,6.370742321014404297e-01,6.370742321014404297e-01,4.868675470352172852e-01,7.804540395736694336e-01,3.466578572988510132e-02,3.466578572988510132e-02,9.061399847269058228e-02,5.663257837295532227e-02,4.188850522041320801e-02,4.188850522041320801e-02,1.261029243469238281e-01,1.278405915945768356e-02,4.316284656524658203e-01,4.316284656524658203e-01,4.866715669631958008e-01,4.125332534313201904e-01,1.496625304222106934e+00,1.496625304222106934e+00,1.288832068443298340e+00,1.519001483917236328e+00
2.610000000000000000e+02,2.279944181442260742e+00,2.279944181442260742e+00,2.046437025070190430e+00,2.227970123291015625e+00,1.786573290824890137e+00,1.786573290824890137e+00,1.462831139564514160e+00,1.812843084335327148e+00,6.241892576217651367e-01,6.241892576217651367e-01,4.812797904014587402e-01,7.643259167671203613e-01,3.461779281497001648e-02,3.461779281497001648e-02,8.725965768098831177e-02,5.754335597157478333e-02,4.228726029396057129e-02,4.228726029396057129e-02,1.257326602935791016e-01,1.140498369932174683e-02,4.374354481697082520e-01,4.374354481697082520e-01,4.842779636383056641e-01,4.253078699111938477e-01,1.514244556427001953e+00,1.514244556427001953e+00,1.302819967269897461e+00,1.534993886947631836e+00
2.620000000000000000e+02,2.285094499588012695e+00,2.285094499588012695e+00,2.050077438354492188e+00,2.237655162811279297e+00,1.777757763862609863e+00,1.777757763862609863e+00,1.451238751411437988e+00,1.807579517364501953e+00,6.159149408340454102e-01,6.159149408340454102e-01,4.753831326961517334e-01,7.476844787597656250e-01,3.448233008384704590e-02,3.448233008384704590e-02,8.371978253126144409e-02,5.841880291700363159e-02,4.344598203897476196e-02,4.344598203897476196e-02,1.274395287036895752e-01,1.101981289684772491e-02,4.493917822837829590e-01,4.493917822837829590e-01,4.825217425823211670e-01,4.394250214099884033e-01,1.532711863517761230e+00,1.532711863517761230e+00,1.317436218261718750e+00,1.551990866661071777e+00
2.630000000000000000e+02,2.290591955184936523e+00,2.290591955184936523e+00,2.052906990051269531e+00,2.246464729309082031e+00,1.768511772155761719e+00,1.768511772155761719e+00,1.443119168281555176e+00,1.802122712135314941e+00,6.070111393928527832e-01,6.070111393928527832e-01,4.694406390190124512e-01,7.304534912109375000e-01,3.437758237123489380e-02,3.437758237123489380e-02,8.024717122316360474e-02,5.928421020507812500e-02,4.508972167968750000e-02,4.508972167968750000e-02,1.284443438053131104e-01,1.109965145587921143e-02,4.607907533645629883e-01,4.607907533645629883e-01,4.805417060852050781e-01,4.547038674354553223e-01,1.551808953285217285e+00,1.551808953285217285e+00,1.332830905914306641e+00,1.569568634033203125e+00
2.640000000000000000e+02,2.296328306198120117e+00,2.296328306198120117e+00,2.054921627044677734e+00,2.254472970962524414e+00,1.758836388587951660e+00,1.758836388587951660e+00,1.429423689842224121e+00,1.795667767524719238e+00,5.976936817169189453e-01,5.976936817169189453e-01,4.627455174922943115e-01,7.127206325531005859e-01,3.420126810669898987e-02,3.420126810669898987e-02,7.801916450262069702e-02,6.017625704407691956e-02,4.725234955549240112e-02,4.725234955549240112e-02,1.296133399009704590e-01,1.149651128798723221e-02,4.735032916069030762e-01,4.735032916069030762e-01,4.790769815444946289e-01,4.704474210739135742e-01,1.570103526115417480e+00,1.570103526115417480e+00,1.348360657691955566e+00,1.586874485015869141e+00
2.650000000000000000e+02,2.297646522521972656e+00,2.297646522521972656e+00,2.056121349334716797e+00,2.261155605316162109e+00,1.748207330703735352e+00,1.748207330703735352e+00,1.415214896202087402e+00,1.788750648498535156e+00,5.875623822212219238e-01,5.875623822212219238e-01,4.546749293804168701e-01,6.941232681274414062e-01,3.389938920736312866e-02,3.389938920736312866e-02,7.535049319267272949e-02,6.148199737071990967e-02,4.908011481165885925e-02,4.908011481165885925e-02,1.305449306964874268e-01,1.174117904156446457e-02,4.834995269775390625e-01,4.834995269775390625e-01,4.768784046173095703e-01,4.856150746345520020e-01,1.587915420532226562e+00,1.587915420532226562e+00,1.363264560699462891e+00,1.601992249488830566e+00
2.660000000000000000e+02,2.303486824035644531e+00,2.303486824035644531e+00,2.053496360778808594e+00,2.268221378326416016e+00,1.736711263656616211e+00,1.736711263656616211e+00,1.401057481765747070e+00,1.781756639480590820e+00,5.767661929130554199e-01,5.767661929130554199e-01,4.476168155670166016e-01,6.751693487167358398e-01,3.329237550497055054e-02,3.329237550497055054e-02,7.256086170673370361e-02,6.311790645122528076e-02,5.069213360548019409e-02,5.069213360548019409e-02,1.318715661764144897e-01,1.272449549287557602e-02,4.958813786506652832e-01,4.958813786506652832e-01,4.746684134006500244e-01,5.007463097572326660e-01,1.605003833770751953e+00,1.605003833770751953e+00,1.377737522125244141e+00,1.619723558425903320e+00
2.670000000000000000e+02,2.305911064147949219e+00,2.305911064147949219e+00,2.056311845779418945e+00,2.271679878234863281e+00,1.721600174903869629e+00,1.721600174903869629e+00,1.386466264724731445e+00,1.773579120635986328e+00,5.652599334716796875e-01,5.652599334716796875e-01,4.392772912979125977e-01,6.559491753578186035e-01,3.255070000886917114e-02,3.255070000886917114e-02,6.991744041442871094e-02,6.459966301918029785e-02,5.206441506743431091e-02,5.206441506743431091e-02,1.334174871444702148e-01,1.366002019494771957e-02,5.062165260314941406e-01,5.062165260314941406e-01,4.720879197120666504e-01,5.152274370193481445e-01,1.621420979499816895e+00,1.621420979499816895e+00,1.391860246658325195e+00,1.635435461997985840e+00
2.680000000000000000e+02,2.307022809982299805e+00,2.307022809982299805e+00,2.055199861526489258e+00,2.278634071350097656e+00,1.711084961891174316e+00,1.711084961891174316e+00,1.371335506439208984e+00,1.765205740928649902e+00,5.530422329902648926e-01,5.530422329902648926e-01,4.321503341197967529e-01,6.360634565353393555e-01,3.161275014281272888e-02,3.161275014281272888e-02,6.689284741878509521e-02,6.597355008125305176e-02,5.317986011505126953e-02,5.317986011505126953e-02,1.346761882305145264e-01,1.451460365206003189e-02,5.159004330635070801e-01,5.159004330635070801e-01,4.689664244651794434e-01,5.290732383728027344e-01,1.628884673118591309e+00,1.628884673118591309e+00,1.405395984649658203e+00,1.650430560111999512e+00
2.690000000000000000e+02,2.308319330215454102e+00,2.308319330215454102e+00,2.053435802459716797e+00,2.282558679580688477e+00,1.697088599205017090e+00,1.697088599205017090e+00,1.355739235877990723e+00,1.755738615989685059e+00,5.399209260940551758e-01,5.399209260940551758e-01,4.284346997737884521e-01,6.158030629158020020e-01,3.040823899209499359e-02,3.040823899209499359e-02,6.362542510032653809e-02,6.727168709039688110e-02,5.398303270339965820e-02,5.398303270339965820e-02,1.355670541524887085e-01,1.526740007102489471e-02,5.234432220458984375e-01,5.234432220458984375e-01,4.653367400169372559e-01,5.443347096443176270e-01,1.652161955833435059e+00,1.652161955833435059e+00,1.418376088142395020e+00,1.664836764335632324e+00
2.700000000000000000e+02,2.308668851852416992e+00,2.308668851852416992e+00,2.050642013549804688e+00,2.285568714141845703e+00,1.682242274284362793e+00,1.682242274284362793e+00,1.339591145515441895e+00,1.745191097259521484e+00,5.266018509864807129e-01,5.266018509864807129e-01,4.257742166519165039e-01,5.949491858482360840e-01,2.907135337591171265e-02,2.907135337591171265e-02,6.040408462285995483e-02,6.840811669826507568e-02,5.460295081138610840e-02,5.460295081138610840e-02,1.362334638833999634e-01,1.606691069900989532e-02,5.333781838417053223e-01,5.333781838417053223e-01,4.613194763660430908e-01,5.625472068786621094e-01,1.666449069976806641e+00,1.666449069976806641e+00,1.430567860603332520e+00,1.678445100784301758e+00
2.710000000000000000e+02,2.305475711822509766e+00,2.305475711822509766e+00,2.044748306274414062e+00,2.287667512893676758e+00,1.669799804687500000e+00,1.669799804687500000e+00,1.322908043861389160e+00,1.733987569808959961e+00,5.124111175537109375e-01,5.124111175537109375e-01,4.226146936416625977e-01,5.735485553741455078e-01,2.949472889304161072e-02,2.949472889304161072e-02,5.697716772556304932e-02,6.939280033111572266e-02,5.814252048730850220e-02,5.814252048730850220e-02,1.365664750337600708e-01,1.677771098911762238e-02,5.412082672119140625e-01,5.412082672119140625e-01,4.592295289039611816e-01,5.822679400444030762e-01,1.681930661201477051e+00,1.681930661201477051e+00,1.442263960838317871e+00,1.691274285316467285e+00
2.720000000000000000e+02,2.306629180908203125e+00,2.306629180908203125e+00,2.042133808135986328e+00,2.288221120834350586e+00,1.656482815742492676e+00,1.656482815742492676e+00,1.305708169937133789e+00,1.721626877784729004e+00,4.975960254669189453e-01,4.975960254669189453e-01,4.190856516361236572e-01,5.534835457801818848e-01,2.979534491896629333e-02,2.979534491896629333e-02,5.330269038677215576e-02,7.026723772287368774e-02,6.130260229110717773e-02,6.130260229110717773e-02,1.364336013793945312e-01,1.776002161204814911e-02,5.483241081237792969e-01,5.483241081237792969e-01,4.607535004615783691e-01,6.014586091041564941e-01,1.696711301803588867e+00,1.696711301803588867e+00,1.449047088623046875e+00,1.702282190322875977e+00
2.730000000000000000e+02,2.304453372955322266e+00,2.304453372955322266e+00,2.038600683212280273e+00,2.289175748825073242e+00,1.642106533050537109e+00,1.642106533050537109e+00,1.288263797760009766e+00,1.708847284317016602e+00,4.821719229221343994e-01,4.821719229221343994e-01,4.150675237178802490e-01,5.374388098716735840e-01,2.988450601696968079e-02,2.988450601696968079e-02,5.075759068131446838e-02,7.106269150972366333e-02,6.323828548192977905e-02,6.323828548192977905e-02,1.360843330621719360e-01,1.863243617117404938e-02,5.547382831573486328e-01,5.547382831573486328e-01,4.636669456958770752e-01,6.200888156890869141e-01,1.710780620574951172e+00,1.710780620574951172e+00,1.464606761932373047e+00,1.719013810157775879e+00
2.740000000000000000e+02,2.296538829803466797e+00,2.296538829803466797e+00,2.030556917190551758e+00,2.288719177246093750e+00,1.626998543739318848e+00,1.626998543739318848e+00,1.270426273345947266e+00,1.694965243339538574e+00,4.661654829978942871e-01,4.661654829978942871e-01,4.106603860855102539e-01,5.229437351226806641e-01,2.987515181303024292e-02,2.987515181303024292e-02,4.912253841757774353e-02,7.175941765308380127e-02,6.645651161670684814e-02,6.645651161670684814e-02,1.352841854095458984e-01,1.936759054660797119e-02,5.605437755584716797e-01,5.605437755584716797e-01,4.662010073661804199e-01,6.381672024726867676e-01,1.724113702774047852e+00,1.724113702774047852e+00,1.474691748619079590e+00,1.731940507888793945e+00
2.750000000000000000e+02,2.295717954635620117e+00,2.295717954635620117e+00,2.025433540344238281e+00,2.287306785583496094e+00,1.611281394958496094e+00,1.611281394958496094e+00,1.250118374824523926e+00,1.680477380752563477e+00,4.495096504688262939e-01,4.495096504688262939e-01,4.062233865261077881e-01,5.079589486122131348e-01,2.975536696612834930e-02,2.975536696612834930e-02,4.717336222529411316e-02,7.185900211334228516e-02,6.846488267183303833e-02,6.846488267183303833e-02,1.342440247535705566e-01,2.073801122605800629e-02,5.656327605247497559e-01,5.656327605247497559e-01,4.680749773979187012e-01,6.559230089187622070e-01,1.736728429794311523e+00,1.736728429794311523e+00,1.484174847602844238e+00,1.744376778602600098e+00
2.760000000000000000e+02,2.293372631072998047e+00,2.293372631072998047e+00,2.019687652587890625e+00,2.278276681900024414e+00,1.594524621963500977e+00,1.594524621963500977e+00,1.235189199447631836e+00,1.665783405303955078e+00,4.323890805244445801e-01,4.323890805244445801e-01,4.019560217857360840e-01,4.924906194210052490e-01,2.946406975388526917e-02,2.946406975388526917e-02,4.526335000991821289e-02,7.272339612245559692e-02,7.006921619176864624e-02,7.006921619176864624e-02,1.335447579622268677e-01,2.300974167883396149e-02,5.700325369834899902e-01,5.700325369834899902e-01,4.693437218666076660e-01,6.737703084945678711e-01,1.748255610466003418e+00,1.748255610466003418e+00,1.493012428283691406e+00,1.756119608879089355e+00
2.770000000000000000e+02,2.288248062133789062e+00,2.288248062133789062e+00,2.012046098709106445e+00,2.281703948974609375e+00,1.576809644699096680e+00,1.576809644699096680e+00,1.213547945022583008e+00,1.650286436080932617e+00,4.147226810455322266e-01,4.147226810455322266e-01,3.971469700336456299e-01,4.749742746353149414e-01,2.902369014918804169e-02,2.902369014918804169e-02,4.326622933149337769e-02,7.316918671131134033e-02,7.127951085567474365e-02,7.127951085567474365e-02,1.323612779378890991e-01,2.515299059450626373e-02,5.737378001213073730e-01,5.737378001213073730e-01,4.700775742530822754e-01,6.909627914428710938e-01,1.759272575378417969e+00,1.759272575378417969e+00,1.501174211502075195e+00,1.767352938652038574e+00
2.780000000000000000e+02,2.282235622406005859e+00,2.282235622406005859e+00,2.003728151321411133e+00,2.275453090667724609e+00,1.559580564498901367e+00,1.559580564498901367e+00,1.200342774391174316e+00,1.634274721145629883e+00,3.967246711254119873e-01,3.967246711254119873e-01,3.922953307628631592e-01,4.592161476612091064e-01,2.878798171877861023e-02,2.878798171877861023e-02,4.152450710535049438e-02,7.369840145111083984e-02,7.276486605405807495e-02,7.276486605405807495e-02,1.308335065841674805e-01,2.739301323890686035e-02,5.769804716110229492e-01,5.769804716110229492e-01,4.703782200813293457e-01,7.075738906860351562e-01,1.769544839859008789e+00,1.769544839859008789e+00,1.503793358802795410e+00,1.779054880142211914e+00
2.790000000000000000e+02,2.275145053863525391e+00,2.275145053863525391e+00,1.994361996650695801e+00,2.272690296173095703e+00,1.542344927787780762e+00,1.542344927787780762e+00,1.180202722549438477e+00,1.617746591567993164e+00,3.796425461769104004e-01,3.796425461769104004e-01,3.860619366168975830e-01,4.443016052246093750e-01,2.878846600651741028e-02,2.878846600651741028e-02,4.054355248808860779e-02,7.449186593294143677e-02,7.449171692132949829e-02,7.449171692132949829e-02,1.287773698568344116e-01,2.999145723879337311e-02,5.797860622406005859e-01,5.797860622406005859e-01,4.705530703067779541e-01,7.235655784606933594e-01,1.779359221458435059e+00,1.779359221458435059e+00,1.512456536293029785e+00,1.790022134780883789e+00
2.800000000000000000e+02,2.268454074859619141e+00,2.268454074859619141e+00,1.983592510223388672e+00,2.267093658447265625e+00,1.525070548057556152e+00,1.525070548057556152e+00,1.166795611381530762e+00,1.601215958595275879e+00,3.676726222038269043e-01,3.676726222038269043e-01,3.830485343933105469e-01,4.285840094089508057e-01,2.890599705278873444e-02,2.890599705278873444e-02,4.070806503295898438e-02,7.590061426162719727e-02,7.557115703821182251e-02,7.557115703821182251e-02,1.266285181045532227e-01,3.303530439734458923e-02,5.869002938270568848e-01,5.869002938270568848e-01,4.703084230422973633e-01,7.389665246009826660e-01,1.787955522537231445e+00,1.787955522537231445e+00,1.522477626800537109e+00,1.800476074218750000e+00
2.810000000000000000e+02,2.260481357574462891e+00,2.260481357574462891e+00,1.974584221839904785e+00,2.260555982589721680e+00,1.507104039192199707e+00,1.507104039192199707e+00,1.150523662567138672e+00,1.584342002868652344e+00,3.556879460811614990e-01,3.556879460811614990e-01,3.783554136753082275e-01,4.119583368301391602e-01,2.923971973359584808e-02,2.923971973359584808e-02,4.143038764595985413e-02,7.714525610208511353e-02,7.677868008613586426e-02,7.677868008613586426e-02,1.245038881897926331e-01,3.650315850973129272e-02,5.933685302734375000e-01,5.933685302734375000e-01,4.698346853256225586e-01,7.536730766296386719e-01,1.795903563499450684e+00,1.795903563499450684e+00,1.527868986129760742e+00,1.810102701187133789e+00
2.820000000000000000e+02,2.251852035522460938e+00,2.251852035522460938e+00,1.963683843612670898e+00,2.253108501434326172e+00,1.488768219947814941e+00,1.488768219947814941e+00,1.134080052375793457e+00,1.567046046257019043e+00,3.451745510101318359e-01,3.451745510101318359e-01,3.736501336097717285e-01,3.986148536205291748e-01,3.009608946740627289e-02,3.009608946740627289e-02,4.203841835260391235e-02,7.839622348546981812e-02,7.765785604715347290e-02,7.765785604715347290e-02,1.222384199500083923e-01,3.886006772518157959e-02,5.242525935173034668e-01,5.242525935173034668e-01,4.687073230743408203e-01,7.626237273216247559e-01,1.803435206413269043e+00,1.803435206413269043e+00,1.533256173133850098e+00,1.819479465484619141e+00
2.830000000000000000e+02,2.242607831954956055e+00,2.242607831954956055e+00,1.952245831489562988e+00,2.245006799697875977e+00,1.470076322555541992e+00,1.470076322555541992e+00,1.118068337440490723e+00,1.548258543014526367e+00,3.409374058246612549e-01,3.409374058246612549e-01,3.504227101802825928e-01,3.832676410675048828e-01,3.034102357923984528e-02,3.034102357923984528e-02,4.284211993217468262e-02,7.909515500068664551e-02,7.821923494338989258e-02,7.821923494338989258e-02,1.198893561959266663e-01,4.223809018731117249e-02,6.152163147926330566e-01,6.152163147926330566e-01,4.676867425441741943e-01,7.787798643112182617e-01,1.786504387855529785e+00,1.786504387855529785e+00,1.537885069847106934e+00,1.827704787254333496e+00
2.840000000000000000e+02,2.232622146606445312e+00,2.232622146606445312e+00,1.940025925636291504e+00,2.236330986022949219e+00,1.450797557830810547e+00,1.450797557830810547e+00,1.102087616920471191e+00,1.530554533004760742e+00,3.341700434684753418e-01,3.341700434684753418e-01,3.639612197875976562e-01,3.676563799381256104e-01,3.062792122364044189e-02,3.062792122364044189e-02,4.341449961066246033e-02,8.027147501707077026e-02,7.841290533542633057e-02,7.841290533542633057e-02,1.168451905250549316e-01,4.503822326660156250e-02,6.259309649467468262e-01,6.259309649467468262e-01,4.662788808345794678e-01,7.939353585243225098e-01,1.815833687782287598e+00,1.815833687782287598e+00,1.540666818618774414e+00,1.835520029067993164e+00
2.850000000000000000e+02,2.222218513488769531e+00,2.222218513488769531e+00,1.927119016647338867e+00,2.226647377014160156e+00,1.430795907974243164e+00,1.430795907974243164e+00,1.085689663887023926e+00,1.510175585746765137e+00,3.267234861850738525e-01,3.267234861850738525e-01,3.586528301239013672e-01,3.545293211936950684e-01,3.022141568362712860e-02,3.022141568362712860e-02,4.375471174716949463e-02,8.107566833496093750e-02,7.809925824403762817e-02,7.809925824403762817e-02,1.133596748113632202e-01,4.855848848819732666e-02,6.357535123825073242e-01,6.357535123825073242e-01,4.641116857528686523e-01,8.062284588813781738e-01,1.820432066917419434e+00,1.820432066917419434e+00,1.544593453407287598e+00,1.842626333236694336e+00
2.860000000000000000e+02,2.211133480072021484e+00,2.211133480072021484e+00,1.914924025535583496e+00,2.217105865478515625e+00,1.412066578865051270e+00,1.412066578865051270e+00,1.071950674057006836e+00,1.492001891136169434e+00,3.229129910469055176e-01,3.229129910469055176e-01,3.562806844711303711e-01,3.415848910808563232e-01,3.233811631798744202e-02,3.233811631798744202e-02,4.712096601724624634e-02,8.206687122583389282e-02,7.912465929985046387e-02,7.912465929985046387e-02,1.101714074611663818e-01,5.264956876635551453e-02,6.489086747169494629e-01,6.489086747169494629e-01,4.658156931400299072e-01,8.191050291061401367e-01,1.826449275016784668e+00,1.826449275016784668e+00,1.549505352973937988e+00,1.849337935447692871e+00
2.870000000000000000e+02,2.199455499649047852e+00,2.199455499649047852e+00,1.904132962226867676e+00,2.206319808959960938e+00,1.392797827720642090e+00,1.392797827720642090e+00,1.057719588279724121e+00,1.472157955169677734e+00,3.185274899005889893e-01,3.185274899005889893e-01,3.544622957706451416e-01,3.292612731456756592e-01,3.375926613807678223e-02,3.375926613807678223e-02,5.018782988190650940e-02,8.281104266643524170e-02,7.975900918245315552e-02,7.975900918245315552e-02,1.106100752949714661e-01,5.609041452407836914e-02,6.611190438270568848e-01,6.611190438270568848e-01,4.674883484840393066e-01,8.313732147216796875e-01,1.831200599670410156e+00,1.831200599670410156e+00,1.553572297096252441e+00,1.855121731758117676e+00
2.880000000000000000e+02,2.173893213272094727e+00,2.173893213272094727e+00,1.880056023597717285e+00,2.193938732147216797e+00,1.373115420341491699e+00,1.373115420341491699e+00,1.043226122856140137e+00,1.451819658279418945e+00,3.139450550079345703e-01,3.139450550079345703e-01,3.517424464225769043e-01,3.172174990177154541e-01,3.493307158350944519e-02,3.493307158350944519e-02,5.302821844816207886e-02,8.332930505275726318e-02,7.999951392412185669e-02,7.999951392412185669e-02,1.086843013763427734e-01,5.922137573361396790e-02,6.641000509262084961e-01,6.641000509262084961e-01,4.700135290622711182e-01,8.430173993110656738e-01,1.834995985031127930e+00,1.834995985031127930e+00,1.556792974472045898e+00,1.859915018081665039e+00
2.890000000000000000e+02,2.171311616897583008e+00,2.171311616897583008e+00,1.885190963745117188e+00,2.182236909866333008e+00,1.354367613792419434e+00,1.354367613792419434e+00,1.028278827667236328e+00,1.430899262428283691e+00,3.090272545814514160e-01,3.090272545814514160e-01,3.492285609245300293e-01,3.051292896270751953e-01,3.584960475564002991e-02,3.584960475564002991e-02,5.578044429421424866e-02,8.356374502182006836e-02,8.129230141639709473e-02,8.129230141639709473e-02,1.063843294978141785e-01,6.204101070761680603e-02,6.831891536712646484e-01,6.831891536712646484e-01,4.718598127365112305e-01,8.539960980415344238e-01,1.837960481643676758e+00,1.837960481643676758e+00,1.559219479560852051e+00,1.864098787307739258e+00
2.900000000000000000e+02,2.161144018173217773e+00,2.161144018173217773e+00,1.872963547706604004e+00,2.170738935470581055e+00,1.335081338882446289e+00,1.335081338882446289e+00,1.013296604156494141e+00,1.409603595733642578e+00,3.037050366401672363e-01,3.037050366401672363e-01,3.464187383651733398e-01,2.928996086120605469e-01,3.650377690792083740e-02,3.650377690792083740e-02,5.794635415077209473e-02,8.362375199794769287e-02,8.212795853614807129e-02,8.212795853614807129e-02,1.036833450198173523e-01,6.461771577596664429e-02,6.929474472999572754e-01,6.929474472999572754e-01,4.760632812976837158e-01,8.643654584884643555e-01,1.839916944503784180e+00,1.839916944503784180e+00,1.560854554176330566e+00,1.867279887199401855e+00
2.910000000000000000e+02,2.146634340286254883e+00,2.146634340286254883e+00,1.859979033470153809e+00,2.157473325729370117e+00,1.315302133560180664e+00,1.315302133560180664e+00,9.969876408576965332e-01,1.387956500053405762e+00,2.978863418102264404e-01,2.978863418102264404e-01,3.439959287643432617e-01,2.856185138225555420e-01,3.701601922512054443e-02,3.701601922512054443e-02,6.038006395101547241e-02,8.346109092235565186e-02,8.251523971557617188e-02,8.251523971557617188e-02,1.007255315780639648e-01,6.704485416412353516e-02,7.019003629684448242e-01,7.019003629684448242e-01,4.813046455383300781e-01,8.740819692611694336e-01,1.840940356254577637e+00,1.840940356254577637e+00,1.557619929313659668e+00,1.869638323783874512e+00
2.920000000000000000e+02,2.132909536361694336e+00,2.132909536361694336e+00,1.847363591194152832e+00,2.143790006637573242e+00,1.295122861862182617e+00,1.295122861862182617e+00,9.865506887435913086e-01,1.365813016891479492e+00,2.906511425971984863e-01,2.906511425971984863e-01,3.414496779441833496e-01,2.794337272644042969e-01,3.721018135547637939e-02,3.721018135547637939e-02,6.283376365900039673e-02,8.306942880153656006e-02,8.249228447675704956e-02,8.249228447675704956e-02,9.732179343700408936e-02,6.909474730491638184e-02,7.099474072456359863e-01,7.099474072456359863e-01,4.874782264232635498e-01,8.831266760826110840e-01,1.841002941131591797e+00,1.841002941131591797e+00,1.561674118041992188e+00,1.871008157730102539e+00
2.930000000000000000e+02,2.118144989013671875e+00,2.118144989013671875e+00,1.827934503555297852e+00,2.123895406723022461e+00,1.276557207107543945e+00,1.276557207107543945e+00,9.767724871635437012e-01,1.344787955284118652e+00,2.889622151851654053e-01,2.889622151851654053e-01,3.422318100929260254e-01,2.771225273609161377e-01,3.927689418196678162e-02,3.927689418196678162e-02,6.742317974567413330e-02,8.395613729953765869e-02,8.275385946035385132e-02,8.275385946035385132e-02,9.496214240789413452e-02,7.441636174917221069e-02,7.185131311416625977e-01,7.185131311416625977e-01,4.962493777275085449e-01,8.916273117065429688e-01,1.841026902198791504e+00,1.841026902198791504e+00,1.561794877052307129e+00,1.871811985969543457e+00
2.940000000000000000e+02,2.103009939193725586e+00,2.103009939193725586e+00,1.822650432586669922e+00,2.114531993865966797e+00,1.260626912117004395e+00,1.260626912117004395e+00,9.700780510902404785e-01,1.325270414352416992e+00,2.894907593727111816e-01,2.894907593727111816e-01,3.461951017379760742e-01,2.750260829925537109e-01,4.467031732201576233e-02,4.467031732201576233e-02,7.435259222984313965e-02,8.595970273017883301e-02,8.334925770759582520e-02,8.334925770759582520e-02,9.348733723163604736e-02,7.989328354597091675e-02,7.275370359420776367e-01,7.275370359420776367e-01,5.085372924804687500e-01,9.002202153205871582e-01,1.841514348983764648e+00,1.841514348983764648e+00,1.562009215354919434e+00,1.872201681137084961e+00
2.950000000000000000e+02,2.085666656494140625e+00,2.085666656494140625e+00,1.810419082641601562e+00,2.098857879638671875e+00,1.243827939033508301e+00,1.243827939033508301e+00,9.646652936935424805e-01,1.305442094802856445e+00,2.895030379295349121e-01,2.895030379295349121e-01,3.499009311199188232e-01,2.786858379840850830e-01,4.950187355279922485e-02,4.950187355279922485e-02,8.097928762435913086e-02,8.770351111888885498e-02,8.314555883407592773e-02,8.314555883407592773e-02,9.169498831033706665e-02,8.502064645290374756e-02,7.356588244438171387e-01,7.356588244438171387e-01,5.224667191505432129e-01,9.070405364036560059e-01,1.841233730316162109e+00,1.841233730316162109e+00,1.562146306037902832e+00,1.871788501739501953e+00
2.960000000000000000e+02,2.071867704391479492e+00,2.071867704391479492e+00,1.798842787742614746e+00,2.083292961120605469e+00,1.227436304092407227e+00,1.227436304092407227e+00,9.609009623527526855e-01,1.285366773605346680e+00,2.891499400138854980e-01,2.891499400138854980e-01,3.532620072364807129e-01,2.809169888496398926e-01,5.387167632579803467e-02,5.387167632579803467e-02,8.756540715694427490e-02,8.933544903993606567e-02,8.322816342115402222e-02,8.322816342115402222e-02,8.974982798099517822e-02,9.148389101028442383e-02,7.428824305534362793e-01,7.428824305534362793e-01,5.342453718185424805e-01,9.158144593238830566e-01,1.839918375015258789e+00,1.839918375015258789e+00,1.560719609260559082e+00,1.870558381080627441e+00
2.970000000000000000e+02,2.055904865264892578e+00,2.055904865264892578e+00,1.786384940147399902e+00,2.067058801651000977e+00,1.210566043853759766e+00,1.210566043853759766e+00,9.569751620292663574e-01,1.265795707702636719e+00,2.884710133075714111e-01,2.884710133075714111e-01,3.568890392780303955e-01,2.835898995399475098e-01,5.788442865014076233e-02,5.788442865014076233e-02,9.415485709905624390e-02,9.085486084222793579e-02,8.263889700174331665e-02,8.263889700174331665e-02,8.751282840967178345e-02,9.873083233833312988e-02,7.492056488990783691e-01,7.492056488990783691e-01,5.468418598175048828e-01,9.228272438049316406e-01,1.837555885314941406e+00,1.837555885314941406e+00,1.559539437294006348e+00,1.868391633033752441e+00
2.980000000000000000e+02,2.039812326431274414e+00,2.039812326431274414e+00,1.774455785751342773e+00,2.050365924835205078e+00,1.198653340339660645e+00,1.198653340339660645e+00,9.580956697463989258e-01,1.249748468399047852e+00,2.981180250644683838e-01,2.981180250644683838e-01,3.547911345958709717e-01,2.920320034027099609e-01,6.645600497722625732e-02,6.645600497722625732e-02,1.055644303560256958e-01,9.582735598087310791e-02,8.186314254999160767e-02,8.186314254999160767e-02,8.552388101816177368e-02,1.068720817565917969e-01,7.585859894752502441e-01,7.585859894752502441e-01,5.586259365081787109e-01,9.293827414512634277e-01,1.834513425827026367e+00,1.834513425827026367e+00,1.557493329048156738e+00,1.865581154823303223e+00
2.990000000000000000e+02,2.023749113082885742e+00,2.023749113082885742e+00,1.762610316276550293e+00,2.033232927322387695e+00,1.186809420585632324e+00,1.186809420585632324e+00,9.590682387351989746e-01,1.233891487121582031e+00,3.070628345012664795e-01,3.070628345012664795e-01,3.774948120117187500e-01,2.999622225761413574e-01,7.456970214843750000e-02,7.456970214843750000e-02,1.164470240473747253e-01,1.005470380187034607e-01,8.080694824457168579e-02,8.080694824457168579e-02,8.350650966167449951e-02,1.128043085336685181e-01,7.666845917701721191e-01,7.666845917701721191e-01,5.697427988052368164e-01,9.349154233932495117e-01,1.830632925033569336e+00,1.830632925033569336e+00,1.554940938949584961e+00,1.861669182777404785e+00
3.000000000000000000e+02,2.007732868194580078e+00,2.007732868194580078e+00,1.750761747360229492e+00,2.013528108596801758e+00,1.174916267395019531e+00,1.174916267395019531e+00,9.599437713623046875e-01,1.213441491127014160e+00,3.159918189048767090e-01,3.159918189048767090e-01,3.875153064727783203e-01,3.062355220317840576e-01,8.202455192804336548e-02,8.202455192804336548e-02,1.268528997898101807e-01,1.047300994396209717e-01,7.926962524652481079e-02,7.926962524652481079e-02,8.101274818181991577e-02,1.203858479857444763e-01,7.745496034622192383e-01,7.745496034622192383e-01,5.800738334655761719e-01,9.393988847732543945e-01,1.825736761093139648e+00,1.825736761093139648e+00,1.551310896873474121e+00,1.857334017753601074e+00
3.010000000000000000e+02,1.989782929420471191e+00,1.989782929420471191e+00,1.739042997360229492e+00,1.997006654739379883e+00,1.161333322525024414e+00,1.161333322525024414e+00,9.606535434722900391e-01,1.202655911445617676e+00,3.248148262500762939e-01,3.248148262500762939e-01,3.970273137092590332e-01,3.150202631950378418e-01,8.994415402412414551e-02,8.994415402412414551e-02,1.367109864950180054e-01,1.084536984562873840e-01,7.756236195564270020e-02,7.756236195564270020e-02,7.830602675676345825e-02,1.262525767087936401e-01,7.811427712440490723e-01,7.811427712440490723e-01,5.894464850425720215e-01,9.439055323600769043e-01,1.820967435836791992e+00,1.820967435836791992e+00,1.547550559043884277e+00,1.851931452751159668e+00
3.020000000000000000e+02,1.975838422775268555e+00,1.975838422775268555e+00,1.727384448051452637e+00,1.979595780372619629e+00,1.151670694351196289e+00,1.151670694351196289e+00,9.584998488426208496e-01,1.187040090560913086e+00,3.329645693302154541e-01,3.329645693302154541e-01,4.062139987945556641e-01,3.221785426139831543e-01,9.727780520915985107e-02,9.727780520915985107e-02,1.460912227630615234e-01,1.117816343903541565e-01,7.542815059423446655e-02,7.542815059423446655e-02,7.528733462095260620e-02,1.317759901285171509e-01,7.867698073387145996e-01,7.867698073387145996e-01,6.001718044281005859e-01,9.475880861282348633e-01,1.815352201461791992e+00,1.815352201461791992e+00,1.542955160140991211e+00,1.845880150794982910e+00
3.030000000000000000e+02,1.960104227066040039e+00,1.960104227066040039e+00,1.715927958488464355e+00,1.961297273635864258e+00,1.140159130096435547e+00,1.140159130096435547e+00,9.613079428672790527e-01,1.171460866928100586e+00,3.406698107719421387e-01,3.406698107719421387e-01,4.152944087982177734e-01,3.295633792877197266e-01,1.039835363626480103e-01,1.039835363626480103e-01,1.549998074769973755e-01,1.146434471011161804e-01,7.288842648267745972e-02,7.288842648267745972e-02,7.181650400161743164e-02,1.368854343891143799e-01,7.914375662803649902e-01,7.914375662803649902e-01,6.101762056350708008e-01,9.507461786270141602e-01,1.808631896972656250e+00,1.808631896972656250e+00,1.538026928901672363e+00,1.838897347450256348e+00
3.040000000000000000e+02,1.944321870803833008e+00,1.944321870803833008e+00,1.704879760742187500e+00,1.942715644836425781e+00,1.130496144294738770e+00,1.130496144294738770e+00,9.640537500381469727e-01,1.155980587005615234e+00,3.503967225551605225e-01,3.503967225551605225e-01,4.267508089542388916e-01,3.384695947170257568e-01,1.104078292846679688e-01,1.104078292846679688e-01,1.643668264150619507e-01,1.174888759851455688e-01,7.126694172620773315e-02,7.126694172620773315e-02,6.825554370880126953e-02,1.415582448244094849e-01,7.968021035194396973e-01,7.968021035194396973e-01,6.196466684341430664e-01,9.532903432846069336e-01,1.801299452781677246e+00,1.801299452781677246e+00,1.532167911529541016e+00,1.831328153610229492e+00
3.050000000000000000e+02,1.928955435752868652e+00,1.928955435752868652e+00,1.695053458213806152e+00,1.924289822578430176e+00,1.126441001892089844e+00,1.126441001892089844e+00,9.693418741226196289e-01,1.142119884490966797e+00,3.669761717319488525e-01,3.669761717319488525e-01,4.411028623580932617e-01,3.494599461555480957e-01,1.198549345135688782e-01,1.198549345135688782e-01,1.764072179794311523e-01,1.215048804879188538e-01,7.314124703407287598e-02,7.314124703407287598e-02,6.554738432168960571e-02,1.462410241365432739e-01,8.061774969100952148e-01,8.061774969100952148e-01,6.298018097877502441e-01,9.556556344032287598e-01,1.794428110122680664e+00,1.794428110122680664e+00,1.527406573295593262e+00,1.823261260986328125e+00
3.060000000000000000e+02,1.913757085800170898e+00,1.913757085800170898e+00,1.685334205627441406e+00,1.901214241981506348e+00,1.122450351715087891e+00,1.122450351715087891e+00,9.759605526924133301e-01,1.129097700119018555e+00,3.830622434616088867e-01,3.830622434616088867e-01,4.551909267902374268e-01,3.606004118919372559e-01,1.279736608266830444e-01,1.279736608266830444e-01,1.877611279487609863e-01,1.251557171344757080e-01,7.453878968954086304e-02,7.453878968954086304e-02,6.265839189291000366e-02,1.504164934158325195e-01,8.142433166503906250e-01,8.142433166503906250e-01,6.395671963691711426e-01,9.572700262069702148e-01,1.786487102508544922e+00,1.786487102508544922e+00,1.521773815155029297e+00,1.814571022987365723e+00
3.070000000000000000e+02,1.898815751075744629e+00,1.898815751075744629e+00,1.676086306571960449e+00,1.882738351821899414e+00,1.122146129608154297e+00,1.122146129608154297e+00,9.811320900917053223e-01,1.115879416465759277e+00,3.986626863479614258e-01,3.986626863479614258e-01,4.688928425312042236e-01,3.714318275451660156e-01,1.355068385601043701e-01,1.355068385601043701e-01,1.984506398439407349e-01,1.283391565084457397e-01,7.907451689243316650e-02,7.907451689243316650e-02,5.940975993871688843e-02,1.544331163167953491e-01,8.217369318008422852e-01,8.217369318008422852e-01,6.488179564476013184e-01,9.588274359703063965e-01,1.777573227882385254e+00,1.777573227882385254e+00,1.515375375747680664e+00,1.804981946945190430e+00
3.080000000000000000e+02,1.884188532829284668e+00,1.884188532829284668e+00,1.667374372482299805e+00,1.866061687469482422e+00,1.122948408126831055e+00,1.122948408126831055e+00,9.910212755203247070e-01,1.103957653045654297e+00,4.159181118011474609e-01,4.159181118011474609e-01,4.843680560588836670e-01,3.836268782615661621e-01,1.434039473533630371e-01,1.434039473533630371e-01,2.090868949890136719e-01,1.312176287174224854e-01,8.344164490699768066e-02,8.344164490699768066e-02,5.619819834828376770e-02,1.592672765254974365e-01,8.298107385635375977e-01,8.298107385635375977e-01,6.586412787437438965e-01,9.608508348464965820e-01,1.768241643905639648e+00,1.768241643905639648e+00,1.508229374885559082e+00,1.794776916503906250e+00
3.090000000000000000e+02,1.869958639144897461e+00,1.869958639144897461e+00,1.658854722976684570e+00,1.849713444709777832e+00,1.125336647033691406e+00,1.125336647033691406e+00,1.000271916389465332e+00,1.093438267707824707e+00,4.344278275966644287e-01,4.344278275966644287e-01,5.029907226562500000e-01,3.970521986484527588e-01,1.520721912384033203e-01,1.520721912384033203e-01,2.212710827589035034e-01,1.357143968343734741e-01,8.763553202152252197e-02,8.763553202152252197e-02,5.334686860442161560e-02,1.644726991653442383e-01,8.367856740951538086e-01,8.367856740951538086e-01,6.683760881423950195e-01,9.624814391136169434e-01,1.758728027343750000e+00,1.758728027343750000e+00,1.501785635948181152e+00,1.780647635459899902e+00
3.100000000000000000e+02,1.856106042861938477e+00,1.856106042861938477e+00,1.650689721107482910e+00,1.831984043121337891e+00,1.127570509910583496e+00,1.127570509910583496e+00,1.008232712745666504e+00,1.083011031150817871e+00,4.526112973690032959e-01,4.526112973690032959e-01,5.209844708442687988e-01,4.107543230056762695e-01,1.595977842807769775e-01,1.595977842807769775e-01,2.322841137647628784e-01,1.394816190004348755e-01,9.120117872953414917e-02,9.120117872953414917e-02,5.010872334241867065e-02,1.689590960741043091e-01,8.429116606712341309e-01,8.429116606712341309e-01,6.771693825721740723e-01,9.586443305015563965e-01,1.747335910797119141e+00,1.747335910797119141e+00,1.493854403495788574e+00,1.772140979766845703e+00
3.110000000000000000e+02,1.842698812484741211e+00,1.842698812484741211e+00,1.643271684646606445e+00,1.813594698905944824e+00,1.129945039749145508e+00,1.129945039749145508e+00,1.018729805946350098e+00,1.073044419288635254e+00,4.700412750244140625e-01,4.700412750244140625e-01,5.374869108200073242e-01,4.244425296783447266e-01,1.665722876787185669e-01,1.665722876787185669e-01,2.418759614229202271e-01,1.412147581577301025e-01,9.413224458694458008e-02,9.413224458694458008e-02,4.684663563966751099e-02,1.729757785797119141e-01,8.479254841804504395e-01,8.479254841804504395e-01,6.852229237556457520e-01,9.633223414421081543e-01,1.736569166183471680e+00,1.736569166183471680e+00,1.486031889915466309e+00,1.759785294532775879e+00
3.120000000000000000e+02,1.828977108001708984e+00,1.828977108001708984e+00,1.635991454124450684e+00,1.795390605926513672e+00,1.132308125495910645e+00,1.132308125495910645e+00,1.027991414070129395e+00,1.063575863838195801e+00,4.870043396949768066e-01,4.870043396949768066e-01,5.559891462326049805e-01,4.368795454502105713e-01,1.725471019744873047e-01,1.725471019744873047e-01,2.516800463199615479e-01,1.445426940917968750e-01,9.642821550369262695e-02,9.642821550369262695e-02,4.341428354382514954e-02,1.763469725847244263e-01,8.519061803817749023e-01,8.519061803817749023e-01,6.927762031555175781e-01,9.630590081214904785e-01,1.724184274673461914e+00,1.724184274673461914e+00,1.477295756340026855e+00,1.746543884277343750e+00
3.130000000000000000e+02,1.817231535911560059e+00,1.817231535911560059e+00,1.629020690917968750e+00,1.777159094810485840e+00,1.134608387947082520e+00,1.134608387947082520e+00,1.038710355758666992e+00,1.054306268692016602e+00,5.033815503120422363e-01,5.033815503120422363e-01,5.727524161338806152e-01,4.503178298473358154e-01,1.770123541355133057e-01,1.770123541355133057e-01,2.595634460449218750e-01,1.461251229047775269e-01,9.808133542537689209e-02,9.808133542537689209e-02,3.962055966258049011e-02,1.790872961282730103e-01,8.499579429626464844e-01,8.499579429626464844e-01,6.993758678436279297e-01,9.618499279022216797e-01,1.710030674934387207e+00,1.710030674934387207e+00,1.467894911766052246e+00,1.732388615608215332e+00
3.140000000000000000e+02,1.805208444595336914e+00,1.805208444595336914e+00,1.623079299926757812e+00,1.759070396423339844e+00,1.131505966186523438e+00,1.131505966186523438e+00,1.052691698074340820e+00,1.045467972755432129e+00,5.189797878265380859e-01,5.189797878265380859e-01,5.886385440826416016e-01,4.625832438468933105e-01,1.814620941877365112e-01,1.814620941877365112e-01,2.679424881935119629e-01,1.468032300472259521e-01,9.907202422618865967e-02,9.907202422618865967e-02,3.558357059955596924e-02,1.826087832450866699e-01,8.567495346069335938e-01,8.567495346069335938e-01,7.050873637199401855e-01,9.597783088684082031e-01,1.696726799011230469e+00,1.696726799011230469e+00,1.456530213356018066e+00,1.700541615486145020e+00
3.150000000000000000e+02,1.793461203575134277e+00,1.793461203575134277e+00,1.616912007331848145e+00,1.742028951644897461e+00,1.139197945594787598e+00,1.139197945594787598e+00,1.067823767662048340e+00,1.036861181259155273e+00,5.341178178787231445e-01,5.341178178787231445e-01,6.048673391342163086e-01,4.742601811885833740e-01,1.852855980396270752e-01,1.852855980396270752e-01,2.748406827449798584e-01,1.473920792341232300e-01,9.946414828300476074e-02,9.946414828300476074e-02,3.140628337860107422e-02,1.885294318199157715e-01,8.576083183288574219e-01,8.576083183288574219e-01,7.096020579338073730e-01,9.567500948905944824e-01,1.682219266891479492e+00,1.682219266891479492e+00,1.432376384735107422e+00,1.701599597930908203e+00
3.160000000000000000e+02,1.782647371292114258e+00,1.782647371292114258e+00,1.613413810729980469e+00,1.725515007972717285e+00,1.145071744918823242e+00,1.145071744918823242e+00,1.086920499801635742e+00,1.030782699584960938e+00,5.563442111015319824e-01,5.563442111015319824e-01,6.256536841392517090e-01,4.840811789035797119e-01,1.912621855735778809e-01,1.912621855735778809e-01,2.849922776222229004e-01,1.483009159564971924e-01,1.025649979710578918e-01,1.025649979710578918e-01,3.209714591503143311e-02,1.976216286420822144e-01,8.647589683532714844e-01,8.647589683532714844e-01,7.185484170913696289e-01,9.558422565460205078e-01,1.668743014335632324e+00,1.668743014335632324e+00,1.425910949707031250e+00,1.686699271202087402e+00
3.170000000000000000e+02,1.772153973579406738e+00,1.772153973579406738e+00,1.610230445861816406e+00,1.709190130233764648e+00,1.151053190231323242e+00,1.151053190231323242e+00,1.105987906455993652e+00,1.026098847389221191e+00,5.779076814651489258e-01,5.779076814651489258e-01,6.457885503768920898e-01,5.029771327972412109e-01,1.959192305803298950e-01,1.959192305803298950e-01,2.906753420829772949e-01,1.494376957416534424e-01,1.050993651151657104e-01,1.050993651151657104e-01,3.483766689896583557e-02,2.060167789459228516e-01,8.708531856536865234e-01,8.708531856536865234e-01,7.251882553100585938e-01,9.496726393699645996e-01,1.656444907188415527e+00,1.656444907188415527e+00,1.431871175765991211e+00,1.671588301658630371e+00
3.180000000000000000e+02,1.762110948562622070e+00,1.762110948562622070e+00,1.607152938842773438e+00,1.692948818206787109e+00,1.157132863998413086e+00,1.157132863998413086e+00,1.124639391899108887e+00,1.024185180664062500e+00,5.985983610153198242e-01,5.985983610153198242e-01,6.667459607124328613e-01,5.164811015129089355e-01,1.993863582611083984e-01,1.993863582611083984e-01,3.024384975433349609e-01,1.504349410533905029e-01,1.070797964930534363e-01,1.070797964930534363e-01,3.827493637800216675e-02,2.137008458375930786e-01,8.758927583694458008e-01,8.758927583694458008e-01,7.343077063560485840e-01,9.566717743873596191e-01,1.642150640487670898e+00,1.642150640487670898e+00,1.423249363899230957e+00,1.655956983566284180e+00
3.190000000000000000e+02,1.752714395523071289e+00,1.752714395523071289e+00,1.602183580398559570e+00,1.677279591560363770e+00,1.163308739662170410e+00,1.163308739662170410e+00,1.143729090690612793e+00,1.023566484451293945e+00,6.186460852622985840e-01,6.186460852622985840e-01,6.883451938629150391e-01,5.294137001037597656e-01,2.030124813318252563e-01,2.030124813318252563e-01,3.098026514053344727e-01,1.495653688907623291e-01,1.085571348667144775e-01,1.085571348667144775e-01,4.138500243425369263e-02,2.206632494926452637e-01,8.798620104789733887e-01,8.798620104789733887e-01,7.406644821166992188e-01,9.557553529739379883e-01,1.620144724845886230e+00,1.620144724845886230e+00,1.413935184478759766e+00,1.639027595520019531e+00
3.200000000000000000e+02,1.743982076644897461e+00,1.743982076644897461e+00,1.603793501853942871e+00,1.657215595245361328e+00,1.169508099555969238e+00,1.169508099555969238e+00,1.162699937820434570e+00,1.023081421852111816e+00,6.379554271697998047e-01,6.379554271697998047e-01,7.090478539466857910e-01,5.409842133522033691e-01,2.037823498249053955e-01,2.037823498249053955e-01,3.165490031242370605e-01,1.491085886955261230e-01,1.094763278961181641e-01,1.094763278961181641e-01,4.401188343763351440e-02,2.271005511283874512e-01,8.828001618385314941e-01,8.828001618385314941e-01,7.461194992065429688e-01,9.544737339019775391e-01,1.608847260475158691e+00,1.608847260475158691e+00,1.404137849807739258e+00,1.621396780014038086e+00
3.210000000000000000e+02,1.728031516075134277e+00,1.728031516075134277e+00,1.577201485633850098e+00,1.647600889205932617e+00,1.175848364830017090e+00,1.175848364830017090e+00,1.181623816490173340e+00,1.022714734077453613e+00,6.563978195190429688e-01,6.563978195190429688e-01,7.292634248733520508e-01,5.533010363578796387e-01,2.056054174900054932e-01,2.056054174900054932e-01,3.225405812263488770e-01,1.475724726915359497e-01,1.098539978265762329e-01,1.098539978265762329e-01,4.617870226502418518e-02,2.332969605922698975e-01,8.843087553977966309e-01,8.843087553977966309e-01,7.506656050682067871e-01,9.519777297973632812e-01,1.594232559204101562e+00,1.594232559204101562e+00,1.394177794456481934e+00,1.603293895721435547e+00
3.220000000000000000e+02,1.728050589561462402e+00,1.728050589561462402e+00,1.601826190948486328e+00,1.633339166641235352e+00,1.182208299636840820e+00,1.182208299636840820e+00,1.200866818428039551e+00,1.020825505256652832e+00,6.740192770957946777e-01,6.740192770957946777e-01,7.488981485366821289e-01,5.644022226333618164e-01,2.056916058063507080e-01,2.056916058063507080e-01,3.275469541549682617e-01,1.441991627216339111e-01,1.096897050738334656e-01,1.096897050738334656e-01,4.793831706047058105e-02,2.387069463729858398e-01,8.850333094596862793e-01,8.850333094596862793e-01,7.542642354965209961e-01,9.488167762756347656e-01,1.576850533485412598e+00,1.576850533485412598e+00,1.383588075637817383e+00,1.584651470184326172e+00
3.230000000000000000e+02,1.720925331115722656e+00,1.720925331115722656e+00,1.602073788642883301e+00,1.618180036544799805e+00,1.188580870628356934e+00,1.188580870628356934e+00,1.219703197479248047e+00,1.020484924316406250e+00,6.910979747772216797e-01,6.910979747772216797e-01,7.681524753570556641e-01,5.748731493949890137e-01,2.049709260463714600e-01,2.049709260463714600e-01,3.317404687404632568e-01,1.423254013061523438e-01,1.097745001316070557e-01,1.097745001316070557e-01,4.987824335694313049e-02,2.439226806163787842e-01,8.856176137924194336e-01,8.856176137924194336e-01,7.580507993698120117e-01,9.467300176620483398e-01,1.559311032295227051e+00,1.559311032295227051e+00,1.373170971870422363e+00,1.565938711166381836e+00
3.240000000000000000e+02,1.713276982307434082e+00,1.713276982307434082e+00,1.602471470832824707e+00,1.606061458587646484e+00,1.195959925651550293e+00,1.195959925651550293e+00,1.237146496772766113e+00,1.022468566894531250e+00,7.077184915542602539e-01,7.077184915542602539e-01,7.874656915664672852e-01,5.850745439529418945e-01,2.037722319364547729e-01,2.037722319364547729e-01,3.351733088493347168e-01,1.387391686439514160e-01,1.101438030600547791e-01,1.101438030600547791e-01,5.216782540082931519e-02,2.489731013774871826e-01,8.863638639450073242e-01,8.863638639450073242e-01,7.616379857063293457e-01,9.446201324462890625e-01,1.542211651802062988e+00,1.542211651802062988e+00,1.362753629684448242e+00,1.546923160552978516e+00
3.250000000000000000e+02,1.708505630493164062e+00,1.708505630493164062e+00,1.603572964668273926e+00,1.593034267425537109e+00,1.206489205360412598e+00,1.206489205360412598e+00,1.256899356842041016e+00,1.022609114646911621e+00,7.221885919570922852e-01,7.221885919570922852e-01,8.031181097030639648e-01,5.946035981178283691e-01,2.021623104810714722e-01,2.021623104810714722e-01,3.352806270122528076e-01,1.344588100910186768e-01,1.134121417999267578e-01,1.134121417999267578e-01,5.401959642767906189e-02,2.532535791397094727e-01,8.855277895927429199e-01,8.855277895927429199e-01,7.643383741378784180e-01,9.417318701744079590e-01,1.525069952011108398e+00,1.525069952011108398e+00,1.351978302001953125e+00,1.527012586593627930e+00
3.260000000000000000e+02,1.703131675720214844e+00,1.703131675720214844e+00,1.605187535285949707e+00,1.581127524375915527e+00,1.217273473739624023e+00,1.217273473739624023e+00,1.275160551071166992e+00,1.022197127342224121e+00,7.369973659515380859e-01,7.369973659515380859e-01,8.256684541702270508e-01,6.033299565315246582e-01,1.996756196022033691e-01,1.996756196022033691e-01,3.391953706741333008e-01,1.271183937788009644e-01,1.160874813795089722e-01,1.160874813795089722e-01,5.571323260664939880e-02,2.567609548568725586e-01,8.838127851486206055e-01,8.838127851486206055e-01,7.658116817474365234e-01,9.376877546310424805e-01,1.507083058357238770e+00,1.507083058357238770e+00,1.340623021125793457e+00,1.506703972816467285e+00
3.270000000000000000e+02,1.698315620422363281e+00,1.698315620422363281e+00,1.607492923736572266e+00,1.569306731224060059e+00,1.228459477424621582e+00,1.228459477424621582e+00,1.293674707412719727e+00,1.025142550468444824e+00,7.528520822525024414e-01,7.528520822525024414e-01,8.442353010177612305e-01,6.120350956916809082e-01,1.968038976192474365e-01,1.968038976192474365e-01,3.403038382530212402e-01,1.246518939733505249e-01,9.538809210062026978e-02,9.538809210062026978e-02,5.717895179986953735e-02,2.576721906661987305e-01,8.818347454071044922e-01,8.818347454071044922e-01,7.671800255775451660e-01,9.336702227592468262e-01,1.488851785659790039e+00,1.488851785659790039e+00,1.329312205314636230e+00,1.486134171485900879e+00
3.280000000000000000e+02,1.694117903709411621e+00,1.694117903709411621e+00,1.610261082649230957e+00,1.558157444000244141e+00,1.246311902999877930e+00,1.246311902999877930e+00,1.294340014457702637e+00,1.026829004287719727e+00,7.664645314216613770e-01,7.664645314216613770e-01,8.627101182937622070e-01,6.195293664932250977e-01,1.931367069482803345e-01,1.931367069482803345e-01,3.409927189350128174e-01,1.057398244738578796e-01,1.276459097862243652e-01,1.276459097862243652e-01,5.861090496182441711e-02,2.620453238487243652e-01,8.788571357727050781e-01,8.788571357727050781e-01,7.677339315414428711e-01,9.283004403114318848e-01,1.470170497894287109e+00,1.470170497894287109e+00,1.317598462104797363e+00,1.464820623397827148e+00
3.290000000000000000e+02,1.690524101257324219e+00,1.690524101257324219e+00,1.613706588745117188e+00,1.548102140426635742e+00,1.261407852172851562e+00,1.261407852172851562e+00,1.330717563629150391e+00,1.028491258621215820e+00,7.800071239471435547e-01,7.800071239471435547e-01,8.800766468048095703e-01,6.271280050277709961e-01,1.788412481546401978e-01,1.788412481546401978e-01,3.407681882381439209e-01,1.131363734602928162e-01,1.328828334808349609e-01,1.328828334808349609e-01,5.982394143939018250e-02,2.635911107063293457e-01,8.747414946556091309e-01,8.747414946556091309e-01,7.662872672080993652e-01,9.223594069480895996e-01,1.450542449951171875e+00,1.450542449951171875e+00,1.305712461471557617e+00,1.443204998970031738e+00
3.300000000000000000e+02,1.687531590461730957e+00,1.687531590461730957e+00,1.617605686187744141e+00,1.538402795791625977e+00,1.275990724563598633e+00,1.275990724563598633e+00,1.348958015441894531e+00,1.032859802246093750e+00,7.911941409111022949e-01,7.911941409111022949e-01,8.963469266891479492e-01,6.336411237716674805e-01,1.828601956367492676e-01,1.828601956367492676e-01,3.394868969917297363e-01,1.071955487132072449e-01,1.372610926628112793e-01,1.372610926628112793e-01,6.067594885826110840e-02,2.647248804569244385e-01,8.692965507507324219e-01,8.692965507507324219e-01,7.657108306884765625e-01,9.156122803688049316e-01,1.430740356445312500e+00,1.430740356445312500e+00,1.293414115905761719e+00,1.421255350112915039e+00
3.310000000000000000e+02,1.685120105743408203e+00,1.685120105743408203e+00,1.621687769889831543e+00,1.529501318931579590e+00,1.291220903396606445e+00,1.291220903396606445e+00,1.366324067115783691e+00,1.036563873291015625e+00,8.034328222274780273e-01,8.034328222274780273e-01,9.122030735015869141e-01,6.392643451690673828e-01,1.780581921339035034e-01,1.780581921339035034e-01,3.377786278724670410e-01,1.002466604113578796e-01,1.419479697942733765e-01,1.419479697942733765e-01,6.180661171674728394e-02,2.651519775390625000e-01,8.633477091789245605e-01,8.633477091789245605e-01,7.633792757987976074e-01,9.077222943305969238e-01,1.411681532859802246e+00,1.411681532859802246e+00,1.280983090400695801e+00,1.398561835289001465e+00
3.320000000000000000e+02,1.682910442352294922e+00,1.682910442352294922e+00,1.626837372779846191e+00,1.520957589149475098e+00,1.305951476097106934e+00,1.305951476097106934e+00,1.384330511093139648e+00,1.041019678115844727e+00,8.136509656906127930e-01,8.136509656906127930e-01,9.269080758094787598e-01,6.440251469612121582e-01,1.725185960531234741e-01,1.725185960531234741e-01,3.348651230335235596e-01,9.384047985076904297e-02,1.456913650035858154e-01,1.456913650035858154e-01,6.335139274597167969e-02,2.649226188659667969e-01,8.560246229171752930e-01,8.560246229171752930e-01,7.600860595703125000e-01,8.988485336303710938e-01,1.392766237258911133e+00,1.392766237258911133e+00,1.268718242645263672e+00,1.364482998847961426e+00
3.330000000000000000e+02,1.682168483734130859e+00,1.682168483734130859e+00,1.632344603538513184e+00,1.512951016426086426e+00,1.320448756217956543e+00,1.320448756217956543e+00,1.401241779327392578e+00,1.045832037925720215e+00,8.228515982627868652e-01,8.228515982627868652e-01,9.406359195709228516e-01,6.479452252388000488e-01,1.635160893201828003e-01,1.635160893201828003e-01,3.311231136322021484e-01,8.704406023025512695e-02,1.433362513780593872e-01,1.433362513780593872e-01,6.538027524948120117e-02,2.639938890933990479e-01,8.476471304893493652e-01,8.476471304893493652e-01,7.558270692825317383e-01,8.889560699462890625e-01,1.359611272811889648e+00,1.359611272811889648e+00,1.256848812103271484e+00,1.351428031921386719e+00
3.340000000000000000e+02,1.681538224220275879e+00,1.681538224220275879e+00,1.635329961776733398e+00,1.505660653114318848e+00,1.334865331649780273e+00,1.334865331649780273e+00,1.418595671653747559e+00,1.051009178161621094e+00,8.314508199691772461e-01,8.314508199691772461e-01,9.538763761520385742e-01,6.507604122161865234e-01,1.513641178607940674e-01,1.513641178607940674e-01,3.266477584838867188e-01,7.979177683591842651e-02,1.521883010864257812e-01,1.521883010864257812e-01,6.850069016218185425e-02,2.639704048633575439e-01,8.404345512390136719e-01,8.404345512390136719e-01,7.523928284645080566e-01,8.802750110626220703e-01,1.351017713546752930e+00,1.351017713546752930e+00,1.242296814918518066e+00,1.328661203384399414e+00
3.350000000000000000e+02,1.681478261947631836e+00,1.681478261947631836e+00,1.644725680351257324e+00,1.496171712875366211e+00,1.348850369453430176e+00,1.348850369453430176e+00,1.435449600219726562e+00,1.056124687194824219e+00,8.390081524848937988e-01,8.390081524848937988e-01,9.653776884078979492e-01,6.538375616073608398e-01,1.509303599596023560e-01,1.509303599596023560e-01,3.215486407279968262e-01,7.287280261516571045e-02,1.549403816461563110e-01,1.549403816461563110e-01,7.232548296451568604e-02,2.632847428321838379e-01,8.321622014045715332e-01,8.321622014045715332e-01,7.480756640434265137e-01,8.706622719764709473e-01,1.335068702697753906e+00,1.335068702697753906e+00,1.232729554176330566e+00,1.305730462074279785e+00
3.360000000000000000e+02,1.682053685188293457e+00,1.682053685188293457e+00,1.651601314544677734e+00,1.492826938629150391e+00,1.362271547317504883e+00,1.362271547317504883e+00,1.452679395675659180e+00,1.065430521965026855e+00,8.456881046295166016e-01,8.456881046295166016e-01,9.768650531768798828e-01,6.560673713684082031e-01,1.420509368181228638e-01,1.420509368181228638e-01,3.159435391426086426e-01,6.833773851394653320e-02,1.569208055734634399e-01,1.569208055734634399e-01,7.685899734497070312e-02,2.619802951812744141e-01,8.229062557220458984e-01,8.229062557220458984e-01,7.387230396270751953e-01,8.601694703102111816e-01,1.315319061279296875e+00,1.315319061279296875e+00,1.229199528694152832e+00,1.282556295394897461e+00
3.370000000000000000e+02,1.683123230934143066e+00,1.683123230934143066e+00,1.648893237113952637e+00,1.487329959869384766e+00,1.373659372329711914e+00,1.373659372329711914e+00,1.469691872596740723e+00,1.074606657028198242e+00,8.512629866600036621e-01,8.512629866600036621e-01,9.878337383270263672e-01,6.576711535453796387e-01,1.273831576108932495e-01,1.273831576108932495e-01,3.094245493412017822e-01,6.311772763729095459e-02,1.580653786659240723e-01,1.580653786659240723e-01,8.215218037366867065e-02,2.599890828132629395e-01,8.126330375671386719e-01,8.126330375671386719e-01,7.367474436759948730e-01,8.487300276756286621e-01,1.295052766799926758e+00,1.295052766799926758e+00,1.222172498703002930e+00,1.260044217109680176e+00
3.380000000000000000e+02,1.684536933898925781e+00,1.684536933898925781e+00,1.666681289672851562e+00,1.482324600219726562e+00,1.388502120971679688e+00,1.388502120971679688e+00,1.486377835273742676e+00,1.085867047309875488e+00,8.557052612304687500e-01,8.557052612304687500e-01,9.973562955856323242e-01,6.595863103866577148e-01,1.239925026893615723e-01,1.239925026893615723e-01,3.023623824119567871e-01,6.009737402200698853e-02,1.589198857545852661e-01,1.589198857545852661e-01,8.867631852626800537e-02,2.574238479137420654e-01,8.021771907806396484e-01,8.021771907806396484e-01,7.299310564994812012e-01,8.366446495056152344e-01,1.276857018470764160e+00,1.276857018470764160e+00,1.217110037803649902e+00,1.236703753471374512e+00
3.390000000000000000e+02,1.683127641677856445e+00,1.683127641677856445e+00,1.675125241279602051e+00,1.478106379508972168e+00,1.401731610298156738e+00,1.401731610298156738e+00,1.502636432647705078e+00,1.093848466873168945e+00,8.616188168525695801e-01,8.616188168525695801e-01,1.005970358848571777e+00,6.603977680206298828e-01,1.172385439276695251e-01,1.172385439276695251e-01,2.946394681930541992e-01,5.791485309600830078e-02,1.594738960266113281e-01,1.594738960266113281e-01,9.644993394613265991e-02,2.546471953392028809e-01,7.920544743537902832e-01,7.920544743537902832e-01,7.224360704421997070e-01,8.243471980094909668e-01,1.260674357414245605e+00,1.260674357414245605e+00,1.211473345756530762e+00,1.213390231132507324e+00
3.400000000000000000e+02,1.689475774765014648e+00,1.689475774765014648e+00,1.684413194656372070e+00,1.474162101745605469e+00,1.414295911788940430e+00,1.414295911788940430e+00,1.518365025520324707e+00,1.108130574226379395e+00,8.662130832672119141e-01,8.662130832672119141e-01,1.013634681701660156e+00,6.616822481155395508e-01,1.097420305013656616e-01,1.097420305013656616e-01,2.863799333572387695e-01,5.562241002917289734e-02,1.592030376195907593e-01,1.592030376195907593e-01,1.046347469091415405e-01,2.503247261047363281e-01,7.811762690544128418e-01,7.811762690544128418e-01,7.148461341857910156e-01,8.112597465515136719e-01,1.242894887924194336e+00,1.242894887924194336e+00,1.210787773132324219e+00,1.189648866653442383e+00
3.410000000000000000e+02,1.692877531051635742e+00,1.692877531051635742e+00,1.693774819374084473e+00,1.469745516777038574e+00,1.426330327987670898e+00,1.426330327987670898e+00,1.533571720123291016e+00,1.118916749954223633e+00,8.695687651634216309e-01,8.695687651634216309e-01,1.020613074302673340e+00,6.616846323013305664e-01,1.016230210661888123e-01,1.016230210661888123e-01,2.785552442073822021e-01,5.383526906371116638e-02,1.581078171730041504e-01,1.581078171730041504e-01,1.111368313431739807e-01,2.476458549499511719e-01,7.692166566848754883e-01,7.692166566848754883e-01,7.065362930297851562e-01,7.973697185516357422e-01,1.227490663528442383e+00,1.227490663528442383e+00,1.208170652389526367e+00,1.167111039161682129e+00
3.420000000000000000e+02,1.696666717529296875e+00,1.696666717529296875e+00,1.703831553459167480e+00,1.468290805816650391e+00,1.437856674194335938e+00,1.437856674194335938e+00,1.548590660095214844e+00,1.130870342254638672e+00,8.719236850738525391e-01,8.719236850738525391e-01,1.026876091957092285e+00,6.610512137413024902e-01,9.280175715684890747e-02,9.280175715684890747e-02,2.711449563503265381e-01,5.207425728440284729e-02,1.561900228261947632e-01,1.561900228261947632e-01,1.182377263903617859e-01,2.435418963432312012e-01,7.562588453292846680e-01,7.562588453292846680e-01,6.990575194358825684e-01,7.826581001281738281e-01,1.210580468177795410e+00,1.210580468177795410e+00,1.196453332901000977e+00,1.144912838935852051e+00
3.430000000000000000e+02,1.700967431068420410e+00,1.700967431068420410e+00,1.704761981964111328e+00,1.464925408363342285e+00,1.451223611831665039e+00,1.451223611831665039e+00,1.553211688995361328e+00,1.141928195953369141e+00,8.730545043945312500e-01,8.730545043945312500e-01,1.032122731208801270e+00,6.593942046165466309e-01,8.850254863500595093e-02,8.850254863500595093e-02,2.630280256271362305e-01,5.006563663482666016e-02,1.558513045310974121e-01,1.558513045310974121e-01,1.239229440689086914e-01,2.386251091957092285e-01,7.423687577247619629e-01,7.423687577247619629e-01,6.906247735023498535e-01,7.671018838882446289e-01,1.198675274848937988e+00,1.198675274848937988e+00,1.203037977218627930e+00,1.122573018074035645e+00
3.440000000000000000e+02,1.705810189247131348e+00,1.705810189247131348e+00,1.725283741950988770e+00,1.464817166328430176e+00,1.463352918624877930e+00,1.463352918624877930e+00,1.576766133308410645e+00,1.152212381362915039e+00,8.733238577842712402e-01,8.733238577842712402e-01,1.036303997039794922e+00,6.572360992431640625e-01,8.374897390604019165e-02,8.374897390604019165e-02,2.542179524898529053e-01,4.765431955456733704e-02,1.546071916818618774e-01,1.546071916818618774e-01,1.287927031517028809e-01,2.329647094011306763e-01,7.275385856628417969e-01,7.275385856628417969e-01,6.817614436149597168e-01,7.506721019744873047e-01,1.186766028404235840e+00,1.186766028404235840e+00,1.201554894447326660e+00,1.100106000900268555e+00
3.450000000000000000e+02,1.710996508598327637e+00,1.710996508598327637e+00,1.736449122428894043e+00,1.463282704353332520e+00,1.475711822509765625e+00,1.475711822509765625e+00,1.590058684349060059e+00,1.159700870513916016e+00,8.724341988563537598e-01,8.724341988563537598e-01,1.039529800415039062e+00,6.541191935539245605e-01,7.853721082210540771e-02,7.853721082210540771e-02,2.447288632392883301e-01,4.520314559340476990e-02,1.524590402841567993e-01,1.524590402841567993e-01,1.328485310077667236e-01,2.260163277387619019e-01,7.118406295776367188e-01,7.118406295776367188e-01,6.718550324440002441e-01,7.335624098777770996e-01,1.174943923950195312e+00,1.174943923950195312e+00,1.199598073959350586e+00,1.077334403991699219e+00
3.460000000000000000e+02,1.715373039245605469e+00,1.715373039245605469e+00,1.747428297996520996e+00,1.465250730514526367e+00,1.491013646125793457e+00,1.491013646125793457e+00,1.603786230087280273e+00,1.176424622535705566e+00,8.770131468772888184e-01,8.770131468772888184e-01,1.044351100921630859e+00,6.567529439926147461e-01,7.637267559766769409e-02,7.637267559766769409e-02,2.354994267225265503e-01,4.754711687564849854e-02,1.496132612228393555e-01,1.496132612228393555e-01,1.362729966640472412e-01,2.195199280977249146e-01,6.970417499542236328e-01,6.970417499542236328e-01,6.620085835456848145e-01,7.160111069679260254e-01,1.163305640220642090e+00,1.163305640220642090e+00,1.197876453399658203e+00,1.054732203483581543e+00
3.470000000000000000e+02,1.723560452461242676e+00,1.723560452461242676e+00,1.757560491561889648e+00,1.467288851737976074e+00,1.505495071411132812e+00,1.505495071411132812e+00,1.617226958274841309e+00,1.190459012985229492e+00,8.805252313613891602e-01,8.805252313613891602e-01,1.048139452934265137e+00,6.586433649063110352e-01,7.361910492181777954e-02,7.361910492181777954e-02,2.246046215295791626e-01,4.956388473510742188e-02,1.458769887685775757e-01,1.458769887685775757e-01,1.394379884004592896e-01,2.121568173170089722e-01,6.814867258071899414e-01,6.814867258071899414e-01,6.513119339942932129e-01,6.978694796562194824e-01,1.151707887649536133e+00,1.151707887649536133e+00,1.196487426757812500e+00,1.034054517745971680e+00
3.480000000000000000e+02,1.730976104736328125e+00,1.730976104736328125e+00,1.769429802894592285e+00,1.469935894012451172e+00,1.519353389739990234e+00,1.519353389739990234e+00,1.630099058151245117e+00,1.204272985458374023e+00,8.828678131103515625e-01,8.828678131103515625e-01,1.051004528999328613e+00,6.597070693969726562e-01,7.027745991945266724e-02,7.027745991945266724e-02,2.193957716226577759e-01,5.144870653748512268e-02,1.412539184093475342e-01,1.412539184093475342e-01,1.420229077339172363e-01,2.042442262172698975e-01,6.650357842445373535e-01,6.650357842445373535e-01,6.403878331184387207e-01,6.789445877075195312e-01,1.140164852142333984e+00,1.140164852142333984e+00,1.195380091667175293e+00,1.014642119407653809e+00
3.490000000000000000e+02,1.738907217979431152e+00,1.738907217979431152e+00,1.781147718429565430e+00,1.473618149757385254e+00,1.534628152847290039e+00,1.534628152847290039e+00,1.643955588340759277e+00,1.219489693641662598e+00,8.846472501754760742e-01,8.846472501754760742e-01,1.053847789764404297e+00,6.618577241897583008e-01,6.829062104225158691e-02,6.829062104225158691e-02,2.116355597972869873e-01,5.443545803427696228e-02,1.376441121101379395e-01,1.376441121101379395e-01,1.442438364028930664e-01,1.967702805995941162e-01,6.489546895027160645e-01,6.489546895027160645e-01,6.292158961296081543e-01,6.610117554664611816e-01,1.130414247512817383e+00,1.130414247512817383e+00,1.191950559616088867e+00,9.964602589607238770e-01
3.500000000000000000e+02,1.747454285621643066e+00,1.747454285621643066e+00,1.792587280273437500e+00,1.479350805282592773e+00,1.555368423461914062e+00,1.555368423461914062e+00,1.658367753028869629e+00,1.238818764686584473e+00,8.926075100898742676e-01,8.926075100898742676e-01,1.058664798736572266e+00,6.692242622375488281e-01,7.149288058280944824e-02,7.149288058280944824e-02,2.056611627340316772e-01,6.209214031696319580e-02,1.388526260852813721e-01,1.388526260852813721e-01,1.476163864135742188e-01,1.921175569295883179e-01,6.369507908821105957e-01,6.369507908821105957e-01,6.211931705474853516e-01,6.472866535186767578e-01,1.126456856727600098e+00,1.126456856727600098e+00,1.196838974952697754e+00,9.815461635589599609e-01
3.510000000000000000e+02,1.756763935089111328e+00,1.756763935089111328e+00,1.803997993469238281e+00,1.487855911254882812e+00,1.575448870658874512e+00,1.575448870658874512e+00,1.672374010086059570e+00,1.258068203926086426e+00,8.982451558113098145e-01,8.982451558113098145e-01,1.062410473823547363e+00,6.640780568122863770e-01,7.406959682703018188e-02,7.406959682703018188e-02,1.992251873016357422e-01,7.110080122947692871e-02,1.390396952629089355e-01,1.390396952629089355e-01,1.505742967128753662e-01,1.869923770427703857e-01,6.240726709365844727e-01,6.240726709365844727e-01,6.123976707458496094e-01,6.326960325241088867e-01,1.122444391250610352e+00,1.122444391250610352e+00,1.200548648834228516e+00,9.672549962997436523e-01
3.520000000000000000e+02,1.766565442085266113e+00,1.766565442085266113e+00,1.815319776535034180e+00,1.496529698371887207e+00,1.595367312431335449e+00,1.595367312431335449e+00,1.686237454414367676e+00,1.277480006217956543e+00,9.037129282951354980e-01,9.037129282951354980e-01,1.065504789352416992e+00,6.832593083381652832e-01,7.652547210454940796e-02,7.652547210454940796e-02,1.921276450157165527e-01,8.037627488374710083e-02,1.423876285552978516e-01,1.423876285552978516e-01,1.556554287672042847e-01,1.860965192317962646e-01,6.156286001205444336e-01,6.156286001205444336e-01,6.069408655166625977e-01,6.232174634933471680e-01,1.122156620025634766e+00,1.122156620025634766e+00,1.207675218582153320e+00,9.578313231468200684e-01
3.530000000000000000e+02,1.776670694351196289e+00,1.776670694351196289e+00,1.826678991317749023e+00,1.505767107009887695e+00,1.615014076232910156e+00,1.615014076232910156e+00,1.700102567672729492e+00,1.296625494956970215e+00,9.078448414802551270e-01,9.078448414802551270e-01,1.066750764846801758e+00,6.879846453666687012e-01,7.958701252937316895e-02,7.958701252937316895e-02,1.850520968437194824e-01,8.924078196287155151e-02,1.457143574953079224e-01,1.457143574953079224e-01,1.605228483676910400e-01,1.851463913917541504e-01,6.067634224891662598e-01,6.067634224891662598e-01,6.008533835411071777e-01,6.131222248077392578e-01,1.123117446899414062e+00,1.123117446899414062e+00,1.214594960212707520e+00,9.494150876998901367e-01
3.540000000000000000e+02,1.787484765052795410e+00,1.787484765052795410e+00,1.837979793548583984e+00,1.515443563461303711e+00,1.633928298950195312e+00,1.633928298950195312e+00,1.714665889739990234e+00,1.315284252166748047e+00,9.115436077117919922e-01,9.115436077117919922e-01,1.069040775299072266e+00,6.943601965904235840e-01,8.331473916769027710e-02,8.331473916769027710e-02,1.781538426876068115e-01,9.768825769424438477e-02,1.480512470006942749e-01,1.480512470006942749e-01,1.648737937211990356e-01,1.837518513202667236e-01,5.975843071937561035e-01,5.975843071937561035e-01,5.952532291412353516e-01,6.011108160018920898e-01,1.125415325164794922e+00,1.125415325164794922e+00,1.221094131469726562e+00,9.408507943153381348e-01
3.550000000000000000e+02,1.798597693443298340e+00,1.798597693443298340e+00,1.849492669105529785e+00,1.525601625442504883e+00,1.652344703674316406e+00,1.652344703674316406e+00,1.728468537330627441e+00,1.333817481994628906e+00,9.110769033432006836e-01,9.110769033432006836e-01,1.069615125656127930e+00,6.995606422424316406e-01,8.646937459707260132e-02,8.646937459707260132e-02,1.708502769470214844e-01,1.056889966130256653e-01,1.497363001108169556e-01,1.497363001108169556e-01,1.685369461774826050e-01,1.768989861011505127e-01,5.874429941177368164e-01,5.874429941177368164e-01,5.886176228523254395e-01,5.907195210456848145e-01,1.127688169479370117e+00,1.127688169479370117e+00,1.229389667510986328e+00,9.328654408454895020e-01
3.560000000000000000e+02,1.810030221939086914e+00,1.810030221939086914e+00,1.858284235000610352e+00,1.535588383674621582e+00,1.669847607612609863e+00,1.669847607612609863e+00,1.740582227706909180e+00,1.351899504661560059e+00,9.149948358535766602e-01,9.149948358535766602e-01,1.067418336868286133e+00,7.014055252075195312e-01,8.904715627431869507e-02,8.904715627431869507e-02,1.645585894584655762e-01,1.144176349043846130e-01,1.506246775388717651e-01,1.506246775388717651e-01,1.716096103191375732e-01,1.795067787170410156e-01,5.765854120254516602e-01,5.765854120254516602e-01,5.818445682525634766e-01,5.789358615875244141e-01,1.129985928535461426e+00,1.129985928535461426e+00,1.237512469291687012e+00,9.241096377372741699e-01
3.570000000000000000e+02,1.822319865226745605e+00,1.822319865226745605e+00,1.873121976852416992e+00,1.547122240066528320e+00,1.686680078506469727e+00,1.686680078506469727e+00,1.754935503005981445e+00,1.367292284965515137e+00,9.150488972663879395e-01,9.150488972663879395e-01,1.066856980323791504e+00,7.063922882080078125e-01,9.039713442325592041e-02,9.039713442325592041e-02,1.582220196723937988e-01,1.228636875748634338e-01,1.507629305124282837e-01,1.507629305124282837e-01,1.743394434452056885e-01,1.772614270448684692e-01,5.650391578674316406e-01,5.650391578674316406e-01,5.744742155075073242e-01,5.664955377578735352e-01,1.131465435028076172e+00,1.131465435028076172e+00,1.246468782424926758e+00,9.200207591056823730e-01
3.580000000000000000e+02,1.834710955619812012e+00,1.834710955619812012e+00,1.878976225852966309e+00,1.558336138725280762e+00,1.702077746391296387e+00,1.702077746391296387e+00,1.767056822776794434e+00,1.386081337928771973e+00,9.127894639968872070e-01,9.127894639968872070e-01,1.062872171401977539e+00,7.085903882980346680e-01,9.239633381366729736e-02,9.239633381366729736e-02,1.512613743543624878e-01,1.309807151556015015e-01,1.501509100198745728e-01,1.501509100198745728e-01,1.763114035129547119e-01,1.744255572557449341e-01,5.520521998405456543e-01,5.520521998405456543e-01,5.665272474288940430e-01,5.532766580581665039e-01,1.134602189064025879e+00,1.134602189064025879e+00,1.255126237869262695e+00,9.137196540832519531e-01
3.590000000000000000e+02,1.838154554367065430e+00,1.838154554367065430e+00,1.893476009368896484e+00,1.570338129997253418e+00,1.717855453491210938e+00,1.717855453491210938e+00,1.778035759925842285e+00,1.402228236198425293e+00,9.110053777694702148e-01,9.110053777694702148e-01,1.060191869735717773e+00,7.095587253570556641e-01,9.329214692115783691e-02,9.329214692115783691e-02,1.438525617122650146e-01,1.387377083301544189e-01,1.487890332937240601e-01,1.487890332937240601e-01,1.775736212730407715e-01,1.710012108087539673e-01,5.398203134536743164e-01,5.398203134536743164e-01,5.572646260261535645e-01,5.308840870857238770e-01,1.136901021003723145e+00,1.136901021003723145e+00,1.264144778251647949e+00,9.073772430419921875e-01
