0.000000000000000000e+00,2.659999847412109375e+00,2.659999847412109375e+00,2.483323574066162109e+00,2.483323574066162109e+00,9.333810210227966309e-01,9.333810210227966309e-01,8.389173150062561035e-01,8.389173150062561035e-01,6.600000858306884766e-01,6.600000858306884766e-01,5.932040810585021973e-01,5.932041406631469727e-01,1.966953178111907619e-08,1.966953178111907619e-08,2.045836448669433594e-01,2.045836150646209717e-01,4.214684423686776427e-08,4.214684423686776427e-08,4.214684423686776427e-08,4.214684423686776427e-08,2.000000000000000000e+00,2.000000000000000000e+00,1.827090978622436523e+00,1.827090978622436523e+00,2.828426837921142578e+00,2.828426837921142578e+00,2.773716688156127930e+00,2.773716926574707031e+00
1.000000000000000000e+00,2.613234519958496094e+00,2.613234519958496094e+00,2.439664602279663086e+00,2.439664602279663086e+00,9.493840336799621582e-01,9.493840336799621582e-01,8.533006906509399414e-01,8.533006906509399414e-01,6.595979928970336914e-01,6.595979928970336914e-01,5.928428173065185547e-01,5.928428173065185547e-01,0.000000000000000000e+00,0.000000000000000000e+00,2.006757557392120361e-01,2.006757259368896484e-01,4.849391430616378784e-02,4.849391430616378784e-02,4.430142045021057129e-02,4.430142045021057129e-02,1.998781681060791016e+00,1.998781681060791016e+00,1.825977802276611328e+00,1.825977802276611328e+00,2.794781446456909180e+00,2.794781446456909180e+00,2.738694906234741211e+00,2.738694906234741211e+00
2.000000000000000000e+00,2.566526174545288086e+00,2.566526174545288086e+00,2.396058559417724609e+00,2.396058559417724609e+00,9.647988677024841309e-01,9.647988677024841309e-01,8.671555519104003906e-01,8.671554923057556152e-01,6.583923101425170898e-01,6.583923101425170898e-01,5.917590856552124023e-01,5.917591452598571777e-01,0.000000000000000000e+00,0.000000000000000000e+00,1.964580118656158447e-01,1.964579820632934570e-01,9.520580619573593140e-02,9.520580619573593140e-02,8.697477728128433228e-02,8.697477728128433228e-02,1.995128035545349121e+00,1.995128035545349121e+00,1.822640180587768555e+00,1.822640180587768555e+00,2.760022878646850586e+00,2.760022878646850586e+00,2.702346324920654297e+00,2.702346324920654297e+00
3.000000000000000000e+00,2.519931793212890625e+00,2.519931793212890625e+00,2.352558851242065430e+00,2.352558851242065430e+00,9.796068072319030762e-01,9.796068072319030762e-01,8.804647326469421387e-01,8.804646730422973633e-01,6.563844084739685059e-01,6.563844084739685059e-01,5.899544358253479004e-01,5.899544954299926758e-01,0.000000000000000000e+00,0.000000000000000000e+00,1.919387429952621460e-01,1.919386982917785645e-01,1.400783210992813110e-01,1.400783210992813110e-01,1.279679238796234131e-01,1.279679238796234131e-01,1.989043474197387695e+00,1.989043474197387695e+00,1.817081689834594727e+00,1.817081689834594727e+00,2.724193096160888672e+00,2.724193096160888672e+00,2.664718389511108398e+00,2.664718389511108398e+00
4.000000000000000000e+00,2.473508119583129883e+00,2.473508119583129883e+00,2.309218645095825195e+00,2.309218883514404297e+00,9.937900304794311523e-01,9.937900304794311523e-01,8.932125568389892578e-01,8.932125568389892578e-01,6.535769701004028320e-01,6.535769701004028320e-01,5.874310731887817383e-01,5.874311327934265137e-01,0.000000000000000000e+00,0.000000000000000000e+00,1.871265769004821777e-01,1.871265321969985962e-01,1.830575019121170044e-01,1.830575019121170044e-01,1.672314107418060303e-01,1.672314107418060303e-01,1.980536222457885742e+00,1.980536222457885742e+00,1.809309959411621094e+00,1.809309959411621094e+00,2.687336206436157227e+00,2.687336206436157227e+00,2.625860214233398438e+00,2.625860452651977539e+00
5.000000000000000000e+00,2.427311658859252930e+00,2.427311658859252930e+00,2.266090631484985352e+00,2.266090631484985352e+00,1.007330894470214844e+00,1.007330894470214844e+00,9.053829908370971680e-01,9.053829908370971680e-01,6.499731540679931641e-01,6.499731540679931641e-01,5.841919779777526855e-01,5.841920971870422363e-01,0.000000000000000000e+00,0.000000000000000000e+00,1.820304095745086670e-01,1.820303797721862793e-01,2.240905761718750000e-01,2.240905761718750000e-01,2.047168910503387451e-01,2.047168910503387451e-01,1.969615697860717773e+00,1.969615697860717773e+00,1.799333333969116211e+00,1.799333333969116211e+00,2.649496555328369141e+00,2.649496555328369141e+00,2.585821866989135742e+00,2.585822105407714844e+00
6.000000000000000000e+00,2.381398439407348633e+00,2.381398439407348633e+00,2.223227024078369141e+00,2.223227024078369141e+00,1.020213127136230469e+00,1.020213127136230469e+00,9.169614315032958984e-01,9.169615507125854492e-01,6.455774307250976562e-01,6.455774307250976562e-01,5.802412033081054688e-01,5.802412033081054688e-01,0.000000000000000000e+00,0.000000000000000000e+00,1.766594648361206055e-01,1.766594052314758301e-01,2.631275653839111328e-01,2.631275653839111328e-01,2.403790950775146484e-01,2.403790950775146484e-01,1.956295251846313477e+00,1.956295251846313477e+00,1.787164568901062012e+00,1.787164568901062012e+00,2.610720396041870117e+00,2.610720396041870117e+00,2.544654607772827148e+00,2.544654846191406250e+00
7.000000000000000000e+00,2.335824489593505859e+00,2.335824489593505859e+00,2.180680036544799805e+00,2.180680036544799805e+00,1.032420992851257324e+00,1.032420992851257324e+00,9.279338121414184570e-01,9.279338717460632324e-01,6.403951644897460938e-01,6.403951644897460938e-01,5.755833387374877930e-01,5.755833387374877930e-01,0.000000000000000000e+00,0.000000000000000000e+00,1.710232049226760864e-01,1.710231602191925049e-01,3.001212179660797119e-01,3.001212179660797119e-01,2.741743326187133789e-01,2.741743326187133789e-01,1.940591454505920410e+00,1.940591454505920410e+00,1.772818326950073242e+00,1.772818326950073242e+00,2.571055173873901367e+00,2.571055173873901367e+00,2.502411127090454102e+00,2.502411365509033203e+00
8.000000000000000000e+00,2.290645837783813477e+00,2.290645837783813477e+00,2.138502120971679688e+00,2.138502120971679688e+00,1.043939590454101562e+00,1.043939590454101562e+00,9.382865428924560547e-01,9.382866621017456055e-01,6.344326734542846680e-01,6.344326734542846680e-01,5.702243447303771973e-01,5.702242851257324219e-01,0.000000000000000000e+00,0.000000000000000000e+00,1.651313900947570801e-01,1.651313304901123047e-01,3.350258469581604004e-01,3.350258469581604004e-01,3.060614466667175293e-01,3.060614466667175293e-01,1.922523260116577148e+00,1.922523260116577148e+00,1.756312370300292969e+00,1.756312370300292969e+00,2.530548572540283203e+00,2.530548572540283203e+00,2.459146261215209961e+00,2.459146261215209961e+00
9.000000000000000000e+00,2.245917320251464844e+00,2.245917320251464844e+00,2.096744537353515625e+00,2.096744537353515625e+00,1.054754853248596191e+00,1.054754853248596191e+00,9.480073451995849609e-01,9.480074048042297363e-01,6.276973485946655273e-01,6.276973485946655273e-01,5.641705989837646484e-01,5.641705989837646484e-01,0.000000000000000000e+00,0.000000000000000000e+00,1.589939892292022705e-01,1.589939594268798828e-01,3.677995800971984863e-01,3.677995800971984863e-01,3.360016942024230957e-01,3.360016942024230957e-01,1.902113199234008789e+00,1.902113199234008789e+00,1.737666726112365723e+00,1.737666726112365723e+00,2.489251375198364258e+00,2.489251375198364258e+00,2.414914846420288086e+00,2.414915084838867188e+00
1.000000000000000000e+01,2.201692819595336914e+00,2.201692819595336914e+00,2.055457115173339844e+00,2.055457115173339844e+00,1.064853668212890625e+00,1.064853668212890625e+00,9.570840597152709961e-01,9.570840597152709961e-01,6.201971173286437988e-01,6.201971173286437988e-01,5.574294328689575195e-01,5.574294328689575195e-01,0.000000000000000000e+00,0.000000000000000000e+00,1.526212394237518311e-01,1.526212096214294434e-01,3.984020352363586426e-01,3.984020352363586426e-01,3.639584779739379883e-01,3.639584779739379883e-01,1.879385232925415039e+00,1.879385232925415039e+00,1.716903686523437500e+00,1.716903686523437500e+00,2.447212457656860352e+00,2.447212457656860352e+00,2.369773387908935547e+00,2.369773387908935547e+00
1.100000000000000000e+01,2.158027172088623047e+00,2.158027172088623047e+00,2.014691829681396484e+00,2.014691829681396484e+00,1.074223756790161133e+00,1.074223756790161133e+00,9.655058383941650391e-01,9.655058383941650391e-01,6.119413375854492188e-01,6.119413375854492188e-01,5.500091910362243652e-01,5.500092506408691406e-01,0.000000000000000000e+00,0.000000000000000000e+00,1.460236012935638428e-01,1.460235416889190674e-01,4.267961382865905762e-01,4.267961382865905762e-01,3.898977041244506836e-01,3.898977041244506836e-01,1.854367733001708984e+00,1.854367733001708984e+00,1.694049119949340820e+00,1.694049119949340820e+00,2.404483795166015625e+00,2.404483795166015625e+00,2.323779582977294922e+00,2.323779582977294922e+00
1.200000000000000000e+01,2.114973068237304688e+00,2.114973068237304688e+00,1.974497318267822266e+00,1.974497318267822266e+00,1.082853674888610840e+00,1.082853674888610840e+00,9.732623696327209473e-01,9.732623100280761719e-01,6.029399633407592773e-01,6.029399633407592773e-01,5.419188737869262695e-01,5.419189333915710449e-01,0.000000000000000000e+00,0.000000000000000000e+00,1.392116844654083252e-01,1.392116248607635498e-01,4.529473185539245605e-01,4.529473185539245605e-01,4.137880206108093262e-01,4.137880206108093262e-01,1.827090859413146973e+00,1.827090859413146973e+00,1.669130563735961914e+00,1.669130563735961914e+00,2.361117124557495117e+00,2.361117124557495117e+00,2.276991367340087891e+00,2.276991605758666992e+00
1.300000000000000000e+01,2.072582721710205078e+00,2.072582721710205078e+00,1.934922695159912109e+00,1.934922695159912109e+00,1.090732812881469727e+00,1.090732812881469727e+00,9.803440570831298828e-01,9.803440570831298828e-01,5.932040214538574219e-01,5.932040214538574219e-01,5.331682562828063965e-01,5.331683158874511719e-01,0.000000000000000000e+00,0.000000000000000000e+00,1.321963667869567871e-01,1.321963071823120117e-01,4.768235683441162109e-01,4.768235683441162109e-01,4.356000423431396484e-01,4.356000423431396484e-01,1.797588109970092773e+00,1.797588109970092773e+00,1.642178416252136230e+00,1.642178416252136230e+00,2.317165374755859375e+00,2.317165374755859375e+00,2.229468822479248047e+00,2.229468822479248047e+00
1.400000000000000000e+01,2.030908107757568359e+00,2.030908107757568359e+00,1.896016120910644531e+00,1.896016001701354980e+00,1.097851753234863281e+00,1.097851753234863281e+00,9.867424964904785156e-01,9.867424964904785156e-01,5.827454328536987305e-01,5.827454328536987305e-01,5.237681269645690918e-01,5.237681269645690918e-01,0.000000000000000000e+00,0.000000000000000000e+00,1.249886378645896912e-01,1.249885708093643188e-01,4.983959496021270752e-01,4.983959496021270752e-01,4.553073942661285400e-01,4.553073942661285400e-01,1.765895247459411621e+00,1.765895247459411621e+00,1.613225460052490234e+00,1.613225460052490234e+00,2.272682189941406250e+00,2.272682189941406250e+00,2.181271791458129883e+00,2.181271791458129883e+00
1.500000000000000000e+01,1.989999771118164062e+00,1.989999771118164062e+00,1.857824802398681641e+00,1.857824802398681641e+00,1.104201555252075195e+00,1.104201555252075195e+00,9.924497008323669434e-01,9.924497604370117188e-01,5.715767145156860352e-01,5.715767145156860352e-01,5.137298107147216797e-01,5.137298107147216797e-01,0.000000000000000000e+00,0.000000000000000000e+00,1.175997108221054077e-01,1.175996512174606323e-01,5.176380872726440430e-01,5.176380872726440430e-01,4.728859961032867432e-01,4.728859961032867432e-01,1.732050657272338867e+00,1.732050657272338867e+00,1.582307100296020508e+00,1.582307100296020508e+00,2.227721214294433594e+00,2.227721214294433594e+00,2.132460594177246094e+00,2.132460832595825195e+00
1.600000000000000000e+01,1.949908256530761719e+00,1.949908256530761719e+00,1.820395946502685547e+00,1.820396065711975098e+00,1.109774827957153320e+00,1.109774827957153320e+00,9.974589943885803223e-01,9.974589943885803223e-01,5.597118139266967773e-01,5.597118139266967773e-01,5.045821666717529297e-01,5.045821666717529297e-01,0.000000000000000000e+00,0.000000000000000000e+00,1.100409328937530518e-01,1.100408732891082764e-01,5.345265269279479980e-01,5.345265269279479980e-01,4.883143901824951172e-01,4.883143901824951172e-01,1.696096062660217285e+00,1.696096062660217285e+00,1.549460887908935547e+00,1.549460887908935547e+00,2.182338237762451172e+00,2.182338237762451172e+00,2.083098173141479492e+00,2.083098173141479492e+00
1.700000000000000000e+01,1.910681605339050293e+00,1.910681605339050293e+00,1.783774852752685547e+00,1.783774852752685547e+00,1.114564418792724609e+00,1.114564418792724609e+00,1.001763939857482910e+00,1.001763939857482910e+00,5.471648573875427246e-01,5.471648573875427246e-01,5.013530254364013672e-01,5.013530254364013672e-01,0.000000000000000000e+00,0.000000000000000000e+00,1.023238152265548706e-01,1.023237556219100952e-01,5.490408539772033691e-01,5.490408539772033691e-01,5.015737414360046387e-01,5.015737414360046387e-01,1.658075094223022461e+00,1.658075094223022461e+00,1.514727115631103516e+00,1.514727115631103516e+00,2.136588096618652344e+00,2.136588096618652344e+00,2.033246040344238281e+00,2.033246040344238281e+00
1.800000000000000000e+01,1.872367978096008301e+00,1.872367978096008301e+00,1.748005986213684082e+00,1.748005986213684082e+00,1.118564844131469727e+00,1.118564844131469727e+00,1.005359530448913574e+00,1.005359530448913574e+00,5.339512228965759277e-01,5.339512228965759277e-01,4.977465569972991943e-01,4.977465271949768066e-01,0.000000000000000000e+00,0.000000000000000000e+00,9.445989131927490234e-02,9.445980191230773926e-02,5.611631274223327637e-01,5.611631274223327637e-01,5.126481056213378906e-01,5.126481056213378906e-01,1.618034124374389648e+00,1.618034124374389648e+00,1.478147625923156738e+00,1.478147625923156738e+00,2.090526342391967773e+00,2.090526342391967773e+00,1.982967138290405273e+00,1.982967257499694824e+00
1.900000000000000000e+01,1.835013628005981445e+00,1.835013628005981445e+00,1.713132739067077637e+00,1.713132739067077637e+00,1.121770858764648438e+00,1.121770858764648438e+00,1.008240938186645508e+00,1.008241057395935059e+00,5.200870633125305176e-01,5.200870633125305176e-01,4.937691092491149902e-01,4.937690794467926025e-01,0.000000000000000000e+00,0.000000000000000000e+00,8.646094799041748047e-02,8.646087348461151123e-02,5.708786845207214355e-01,5.708786845207214355e-01,5.215235948562622070e-01,5.215235948562622070e-01,1.576021432876586914e+00,1.576021432876586914e+00,1.443483352661132812e+00,1.443483471870422363e+00,2.044208765029907227e+00,2.044208765029907227e+00,1.932324051856994629e+00,1.932324171066284180e+00
2.000000000000000000e+01,1.441452264785766602e+00,1.441452264785766602e+00,1.679198026657104492e+00,1.679198026657104492e+00,1.124178886413574219e+00,1.124178886413574219e+00,1.010405421257019043e+00,1.010405421257019043e+00,5.055893659591674805e-01,5.055893659591674805e-01,4.894278049468994141e-01,4.894278049468994141e-01,0.000000000000000000e+00,0.000000000000000000e+00,7.833873480558395386e-02,7.833865284919738770e-02,5.781757831573486328e-01,5.781757831573486328e-01,5.281898975372314453e-01,5.281898975372314453e-01,1.532088756561279297e+00,1.532088756561279297e+00,1.411988139152526855e+00,1.411988258361816406e+00,1.997692584991455078e+00,1.997692584991455078e+00,1.881381273269653320e+00,1.881381392478942871e+00
2.100000000000000000e+01,1.763364791870117188e+00,1.763364791870117188e+00,1.646242856979370117e+00,1.646242976188659668e+00,1.125786066055297852e+00,1.125786066055297852e+00,1.011849761009216309e+00,1.011849761009216309e+00,4.904755651950836182e-01,4.904755651950836182e-01,4.847297668457031250e-01,4.847297668457031250e-01,0.000000000000000000e+00,0.000000000000000000e+00,7.010513544082641602e-02,7.010507583618164062e-02,5.830454826354980469e-01,5.830454826354980469e-01,5.326385498046875000e-01,5.326385498046875000e-01,1.486289381980895996e+00,1.486289381980895996e+00,1.378994822502136230e+00,1.378994822502136230e+00,1.951033949851989746e+00,1.951033949851989746e+00,1.830202102661132812e+00,1.830202341079711914e+00
2.200000000000000000e+01,1.729158043861389160e+00,1.729158043861389160e+00,1.614307880401611328e+00,1.614307880401611328e+00,1.126590013504028320e+00,1.126590013504028320e+00,1.012572407722473145e+00,1.012572407722473145e+00,4.747642576694488525e-01,4.747642576694488525e-01,4.796826839447021484e-01,4.796826839447021484e-01,0.000000000000000000e+00,0.000000000000000000e+00,6.177213788032531738e-02,6.177205219864845276e-02,5.854818224906921387e-01,5.854818224906921387e-01,5.348643064498901367e-01,5.348643064498901367e-01,1.438679814338684082e+00,1.438679814338684082e+00,1.344545960426330566e+00,1.344546079635620117e+00,1.904290556907653809e+00,1.904290556907653809e+00,1.778851985931396484e+00,1.778852105140686035e+00
2.300000000000000000e+01,1.696084737777709961e+00,1.696084737777709961e+00,1.583431363105773926e+00,1.583431363105773926e+00,1.126589894294738770e+00,1.126589894294738770e+00,1.012572407722473145e+00,1.012572407722473145e+00,4.584744870662689209e-01,4.584744870662689209e-01,4.742945432662963867e-01,4.742944836616516113e-01,0.000000000000000000e+00,0.000000000000000000e+00,5.335171148180961609e-02,5.335162580013275146e-02,5.854818820953369141e-01,5.854818820953369141e-01,5.348643660545349121e-01,5.348643660545349121e-01,1.389316797256469727e+00,1.389316797256469727e+00,1.308684349060058594e+00,1.308684468269348145e+00,1.857517838478088379e+00,1.857517838478088379e+00,1.727393150329589844e+00,1.727393150329589844e+00
2.400000000000000000e+01,1.664186239242553711e+00,1.664186239242553711e+00,1.553651571273803711e+00,1.553651571273803711e+00,1.125786066055297852e+00,1.125786066055297852e+00,1.011849880218505859e+00,1.011849880218505859e+00,4.416262209415435791e-01,4.416262209415435791e-01,4.685736894607543945e-01,4.685736298561096191e-01,0.000000000000000000e+00,0.000000000000000000e+00,4.485586285591125488e-02,4.485578089952468872e-02,5.830456018447875977e-01,5.830456018447875977e-01,5.326386690139770508e-01,5.326386690139770508e-01,1.338261365890502930e+00,1.338261365890502930e+00,1.271455883979797363e+00,1.271455883979797363e+00,1.810774087905883789e+00,1.810774087905883789e+00,1.675891399383544922e+00,1.675891518592834473e+00
2.500000000000000000e+01,1.633500576019287109e+00,1.633500576019287109e+00,1.525004148483276367e+00,1.525004148483276367e+00,8.431342840194702148e-01,8.431342840194702148e-01,1.010405421257019043e+00,1.010405421257019043e+00,4.242398142814636230e-01,4.242398142814636230e-01,4.625286459922790527e-01,4.625286459922790527e-01,0.000000000000000000e+00,0.000000000000000000e+00,3.629665076732635498e-02,3.629656881093978882e-02,2.890878915786743164e-01,2.890878915786743164e-01,5.281898975372314453e-01,5.281898975372314453e-01,1.285575270652770996e+00,1.285575270652770996e+00,1.232907176017761230e+00,1.232907295227050781e+00,1.764115333557128906e+00,1.764115333557128906e+00,1.624410152435302734e+00,1.624410271644592285e+00
2.600000000000000000e+01,1.604065656661987305e+00,1.604065656661987305e+00,1.497524261474609375e+00,1.497524261474609375e+00,1.121770858764648438e+00,1.121770858764648438e+00,1.008241057395935059e+00,1.008241057395935059e+00,4.063365459442138672e-01,4.063365459442138672e-01,4.561685621738433838e-01,4.561685621738433838e-01,0.000000000000000000e+00,0.000000000000000000e+00,2.768612653017044067e-02,2.768604457378387451e-02,5.708787441253662109e-01,5.708787441253662109e-01,5.215237140655517578e-01,5.215237140655517578e-01,1.231322765350341797e+00,1.231322765350341797e+00,1.193086743354797363e+00,1.193086862564086914e+00,1.717599034309387207e+00,1.717599034309387207e+00,1.573014259338378906e+00,1.573014378547668457e+00
2.700000000000000000e+01,1.575917363166809082e+00,1.575917363166809082e+00,1.471245527267456055e+00,1.471245527267456055e+00,1.118564844131469727e+00,1.118564844131469727e+00,1.005359411239624023e+00,1.005359411239624023e+00,3.879382014274597168e-01,3.879382014274597168e-01,4.495027065277099609e-01,4.495026171207427979e-01,0.000000000000000000e+00,0.000000000000000000e+00,1.903628930449485779e-02,1.903621666133403778e-02,5.611631870269775391e-01,5.611631870269775391e-01,5.126481056213378906e-01,5.126481056213378906e-01,1.175570487976074219e+00,1.175570487976074219e+00,1.152045011520385742e+00,1.152045011520385742e+00,1.671281933784484863e+00,1.671281933784484863e+00,1.526792287826538086e+00,1.526792287826538086e+00
2.800000000000000000e+01,1.549089670181274414e+00,1.549089670181274414e+00,1.446199893951416016e+00,1.446199893951416016e+00,1.114564418792724609e+00,1.114564418792724609e+00,1.001763939857482910e+00,1.001763939857482910e+00,3.690673112869262695e-01,3.690673112869262695e-01,4.425406157970428467e-01,4.425405859947204590e-01,0.000000000000000000e+00,0.000000000000000000e+00,1.035919226706027985e-02,1.035910658538341522e-02,5.490407347679138184e-01,5.490407347679138184e-01,5.015738010406494141e-01,5.015738010406494141e-01,1.118385791778564453e+00,1.118385791778564453e+00,1.109832763671875000e+00,1.109832763671875000e+00,1.625220060348510742e+00,1.625220060348510742e+00,1.484712600708007812e+00,1.484712600708007812e+00
2.900000000000000000e+01,1.523615598678588867e+00,1.523615598678588867e+00,1.422417640686035156e+00,1.422417640686035156e+00,1.109774589538574219e+00,1.109774589538574219e+00,9.974588751792907715e-01,9.974588155746459961e-01,3.497467041015625000e-01,3.497467041015625000e-01,4.352921247482299805e-01,4.352920651435852051e-01,0.000000000000000000e+00,0.000000000000000000e+00,1.666780095547437668e-03,1.666679978370666504e-03,5.345265269279479980e-01,5.345265269279479980e-01,4.883143305778503418e-01,4.883143305778503418e-01,1.059838533401489258e+00,1.059838533401489258e+00,1.066502928733825684e+00,1.066503047943115234e+00,1.579469561576843262e+00,1.579469561576843262e+00,1.442917346954345703e+00,1.442917346954345703e+00
3.000000000000000000e+01,1.499525904655456543e+00,1.499525904655456543e+00,1.399927973747253418e+00,1.399927973747253418e+00,1.104201555252075195e+00,1.104201555252075195e+00,9.924497008323669434e-01,9.924498200416564941e-01,3.299999535083770752e-01,3.299999535083770752e-01,4.277674555778503418e-01,4.277674257755279541e-01,0.000000000000000000e+00,0.000000000000000000e+00,0.000000000000000000e+00,0.000000000000000000e+00,5.176379680633544922e-01,5.176379680633544922e-01,4.728859066963195801e-01,4.728859066963195801e-01,9.999997615814208984e-01,9.999997615814208984e-01,1.022109270095825195e+00,1.022109389305114746e+00,1.534086346626281738e+00,1.534086346626281738e+00,1.401457786560058594e+00,1.401457786560058594e+00
3.100000000000000000e+01,1.476850271224975586e+00,1.476850271224975586e+00,1.378758311271667480e+00,1.378758311271667480e+00,1.097851634025573730e+00,1.097851634025573730e+00,9.867424368858337402e-01,9.867424964904785156e-01,3.098511695861816406e-01,3.098511695861816406e-01,4.199770092964172363e-01,4.199769496917724609e-01,0.000000000000000000e+00,0.000000000000000000e+00,0.000000000000000000e+00,0.000000000000000000e+00,4.983959496021270752e-01,4.983959496021270752e-01,4.553073346614837646e-01,4.553073346614837646e-01,9.389430284500122070e-01,9.389430284500122070e-01,9.767076969146728516e-01,9.767078161239624023e-01,1.489125847816467285e+00,1.489125847816467285e+00,1.360384225845336914e+00,1.360384225845336914e+00
3.200000000000000000e+01,1.455616116523742676e+00,1.455616116523742676e+00,1.358934640884399414e+00,1.358934640884399414e+00,1.090732812881469727e+00,1.090732812881469727e+00,9.803440570831298828e-01,9.803440570831298828e-01,2.893248796463012695e-01,2.893248796463012695e-01,4.119313359260559082e-01,4.119313359260559082e-01,0.000000000000000000e+00,0.000000000000000000e+00,0.000000000000000000e+00,0.000000000000000000e+00,4.768235385417938232e-01,4.768235385417938232e-01,4.356000125408172607e-01,4.356000125408172607e-01,8.767421245574951172e-01,8.767421245574951172e-01,9.303538799285888672e-01,9.303539991378784180e-01,1.444642663002014160e+00,1.444642663002014160e+00,1.319746732711791992e+00,1.319746851921081543e+00
3.300000000000000000e+01,1.435849070549011230e+00,1.435849070549011230e+00,1.340480566024780273e+00,1.340480685234069824e+00,1.082853555679321289e+00,1.082853555679321289e+00,9.732623100280761719e-01,9.732623100280761719e-01,2.684461176395416260e-01,2.684461176395416260e-01,4.036414325237274170e-01,4.036413729190826416e-01,0.000000000000000000e+00,0.000000000000000000e+00,0.000000000000000000e+00,0.000000000000000000e+00,4.529472291469573975e-01,4.529472291469573975e-01,4.137879312038421631e-01,4.137879312038421631e-01,8.134731650352478027e-01,8.134731650352478027e-01,8.831058144569396973e-01,8.831058740615844727e-01,1.400691032409667969e+00,1.400691032409667969e+00,1.279594898223876953e+00,1.279595017433166504e+00
3.400000000000000000e+01,1.417573928833007812e+00,1.417573928833007812e+00,1.323419094085693359e+00,1.323419094085693359e+00,1.074223756790161133e+00,1.074223756790161133e+00,9.655058383941650391e-01,9.655059576034545898e-01,2.472403645515441895e-01,2.472403645515441895e-01,3.951183557510375977e-01,3.951182961463928223e-01,0.000000000000000000e+00,0.000000000000000000e+00,0.000000000000000000e+00,0.000000000000000000e+00,4.267962574958801270e-01,4.267962574958801270e-01,3.898977637290954590e-01,3.898977637290954590e-01,7.492133378982543945e-01,7.492133378982543945e-01,8.350218534469604492e-01,8.350219726562500000e-01,1.357324600219726562e+00,1.357324600219726562e+00,1.239977717399597168e+00,1.239977836608886719e+00
3.500000000000000000e+01,1.400811910629272461e+00,1.400811910629272461e+00,1.307770609855651855e+00,1.307770609855651855e+00,1.064853668212890625e+00,1.064853668212890625e+00,9.570840597152709961e-01,9.570840597152709961e-01,2.257332503795623779e-01,2.257332503795623779e-01,3.863733410835266113e-01,3.863732814788818359e-01,0.000000000000000000e+00,0.000000000000000000e+00,0.000000000000000000e+00,0.000000000000000000e+00,3.984019756317138672e-01,3.984019756317138672e-01,3.639582991600036621e-01,3.639583289623260498e-01,6.840401887893676758e-01,6.840401887893676758e-01,7.861608266830444336e-01,7.861609458923339844e-01,1.314595580101013184e+00,1.314595580101013184e+00,1.200942754745483398e+00,1.200942993164062500e+00
3.600000000000000000e+01,1.385584354400634766e+00,1.385584354400634766e+00,1.293554544448852539e+00,1.293554544448852539e+00,1.054754734039306641e+00,1.054754734039306641e+00,9.480074048042297363e-01,9.480073451995849609e-01,2.039511948823928833e-01,2.039511948823928833e-01,3.774179816246032715e-01,3.774179220199584961e-01,0.000000000000000000e+00,0.000000000000000000e+00,0.000000000000000000e+00,0.000000000000000000e+00,3.677994012832641602e-01,3.677994012832641602e-01,3.360014855861663818e-01,3.360015153884887695e-01,6.180338859558105469e-01,6.180338859558105469e-01,7.365838289260864258e-01,7.365838885307312012e-01,1.272556781768798828e+00,1.272556781768798828e+00,1.162538528442382812e+00,1.162538528442382812e+00
3.700000000000000000e+01,1.371909379959106445e+00,1.371909379959106445e+00,1.280787825584411621e+00,1.280787825584411621e+00,1.043939590454101562e+00,1.043939590454101562e+00,9.382866621017456055e-01,9.382866024971008301e-01,1.819206178188323975e-01,1.819206178188323975e-01,3.682639002799987793e-01,3.682638406753540039e-01,0.000000000000000000e+00,0.000000000000000000e+00,0.000000000000000000e+00,0.000000000000000000e+00,3.350257873535156250e-01,3.350257873535156250e-01,3.060612678527832031e-01,3.060612678527832031e-01,5.512745380401611328e-01,5.512745380401611328e-01,6.863516569137573242e-01,6.863516569137573242e-01,1.231259107589721680e+00,1.231259107589721680e+00,1.124811291694641113e+00,1.124811291694641113e+00
3.800000000000000000e+01,1.359803915023803711e+00,1.359803915023803711e+00,1.269486427307128906e+00,1.269486308097839355e+00,1.032421112060546875e+00,1.032421112060546875e+00,9.279338121414184570e-01,9.279338121414184570e-01,1.596684008836746216e-01,1.596684008836746216e-01,3.589229285717010498e-01,3.589228391647338867e-01,0.000000000000000000e+00,0.000000000000000000e+00,0.000000000000000000e+00,0.000000000000000000e+00,3.001210689544677734e-01,3.001210689544677734e-01,2.741742432117462158e-01,2.741742432117462158e-01,4.838438630104064941e-01,4.838438630104064941e-01,6.355264186859130859e-01,6.355264186859130859e-01,1.190753221511840820e+00,1.190753221511840820e+00,1.087807297706604004e+00,1.087807297706604004e+00
3.900000000000000000e+01,1.349282383918762207e+00,1.349282383918762207e+00,1.259663701057434082e+00,1.259663701057434082e+00,1.020213127136230469e+00,1.020213127136230469e+00,9.169614315032958984e-01,9.169615507125854492e-01,1.372216343879699707e-01,1.372216343879699707e-01,3.494070470333099365e-01,3.494069874286651611e-01,0.000000000000000000e+00,0.000000000000000000e+00,0.000000000000000000e+00,0.000000000000000000e+00,2.631275057792663574e-01,2.631275057792663574e-01,2.403789460659027100e-01,2.403789460659027100e-01,4.158232510089874268e-01,4.158232510089874268e-01,5.841699242591857910e-01,5.841700434684753418e-01,1.151087760925292969e+00,1.151087760925292969e+00,1.051571130752563477e+00,1.051571130752563477e+00
4.000000000000000000e+01,1.340358018875122070e+00,1.340358018875122070e+00,1.251331806182861328e+00,1.251331806182861328e+00,1.007330894470214844e+00,1.007330894470214844e+00,9.053830504417419434e-01,9.053829908370971680e-01,1.146077737212181091e-01,1.146077737212181091e-01,3.397284448146820068e-01,3.397283554077148438e-01,0.000000000000000000e+00,0.000000000000000000e+00,0.000000000000000000e+00,0.000000000000000000e+00,2.240904867649078369e-01,2.240904867649078369e-01,2.047168612480163574e-01,2.047168612480163574e-01,3.472962975502014160e-01,3.472962975502014160e-01,5.323458909988403320e-01,5.323460102081298828e-01,1.112311720848083496e+00,1.112311720848083496e+00,1.016147375106811523e+00,1.016147375106811523e+00
4.100000000000000000e+01,1.333040833473205566e+00,1.333040833473205566e+00,1.244500875473022461e+00,1.244500756263732910e+00,9.937899112701416016e-01,9.937899112701416016e-01,8.932124376296997070e-01,8.932124376296997070e-01,9.185420721769332886e-02,9.185420721769332886e-02,3.298991918563842773e-01,3.298991322517395020e-01,0.000000000000000000e+00,0.000000000000000000e+00,0.000000000000000000e+00,0.000000000000000000e+00,1.830574423074722290e-01,1.830574423074722290e-01,1.672313064336776733e-01,1.672313064336776733e-01,2.783462107181549072e-01,2.783462107181549072e-01,4.801176190376281738e-01,4.801177084445953369e-01,1.074471950531005859e+00,1.074471950531005859e+00,9.815790653228759766e-01,9.815791249275207520e-01
4.200000000000000000e+01,1.327340722084045410e+00,1.327340722084045410e+00,1.239179253578186035e+00,1.239179253578186035e+00,9.796067476272583008e-01,9.796067476272583008e-01,8.804646730422973633e-01,8.804647326469421387e-01,6.898872554302215576e-02,6.898872554302215576e-02,3.199318051338195801e-01,3.199317455291748047e-01,0.000000000000000000e+00,0.000000000000000000e+00,0.000000000000000000e+00,0.000000000000000000e+00,1.400782614946365356e-01,1.400782614946365356e-01,1.279678642749786377e-01,1.279678642749786377e-01,2.090567648410797119e-01,2.090567648410797119e-01,4.275489449501037598e-01,4.275490343570709229e-01,1.037614583969116211e+00,1.037614583969116211e+00,9.479081630706787109e-01,9.479081034660339355e-01
4.300000000000000000e+01,1.323264241218566895e+00,1.323264241218566895e+00,1.235373616218566895e+00,1.235373497009277344e+00,9.647988080978393555e-01,9.647988080978393555e-01,8.671554327011108398e-01,8.671554327011108398e-01,4.603922367095947266e-02,4.603922367095947266e-02,3.098386526107788086e-01,3.098385632038116455e-01,0.000000000000000000e+00,0.000000000000000000e+00,0.000000000000000000e+00,0.000000000000000000e+00,9.520553052425384521e-02,9.520553052425384521e-02,8.697458356618881226e-02,8.697458356618881226e-02,1.395128369331359863e-01,1.395128369331359863e-01,3.747045099735260010e-01,3.747045993804931641e-01,1.001785039901733398e+00,1.001785039901733398e+00,9.151760935783386230e-01,9.151760935783386230e-01
4.400000000000000000e+01,1.320816397666931152e+00,1.320816397666931152e+00,1.233088254928588867e+00,1.233088254928588867e+00,9.493839740753173828e-01,9.493839740753173828e-01,8.533005714416503906e-01,8.533006310462951660e-01,2.303364686667919159e-02,2.303364686667919159e-02,2.996321916580200195e-01,2.996321022510528564e-01,0.000000000000000000e+00,0.000000000000000000e+00,0.000000000000000000e+00,0.000000000000000000e+00,4.849379509687423706e-02,4.849379509687423706e-02,4.430128633975982666e-02,4.430128633975982666e-02,6.979892402887344360e-02,6.979892402887344360e-02,3.216486573219299316e-01,3.216487169265747070e-01,9.670262932777404785e-01,9.670262932777404785e-01,8.834225535392761230e-01,8.834224939346313477e-01
4.500000000000000000e+01,1.320000171661376953e+00,1.320000171661376953e+00,1.232326149940490723e+00,1.232326269149780273e+00,9.333811998367309570e-01,9.333811998367309570e-01,8.389173150062561035e-01,8.389174342155456543e-01,3.119316431821061997e-07,3.119316431821061997e-07,2.893252074718475342e-01,2.893251478672027588e-01,2.107342140789114637e-07,2.107342140789114637e-07,1.894066485874645878e-07,1.894066485874645878e-07,0.000000000000000000e+00,0.000000000000000000e+00,0.000000000000000000e+00,0.000000000000000000e+00,1.112676955017377622e-07,1.112676955017377622e-07,2.684462070465087891e-01,2.684463262557983398e-01,9.333810806274414062e-01,9.333810806274414062e-01,8.526861071586608887e-01,8.526861071586608887e-01
4.600000000000000000e+01,1.320816397666931152e+00,1.320816397666931152e+00,1.233088254928588867e+00,1.233088254928588867e+00,9.670264124870300293e-01,9.670264124870300293e-01,8.691574931144714355e-01,8.691575527191162109e-01,6.979916244745254517e-02,6.979916244745254517e-02,3.416647315025329590e-01,3.416646122932434082e-01,4.849395528435707092e-02,4.849395528435707092e-02,4.358607530593872070e-02,4.358607530593872070e-02,0.000000000000000000e+00,0.000000000000000000e+00,0.000000000000000000e+00,0.000000000000000000e+00,2.303373068571090698e-02,2.303373068571090698e-02,2.789264917373657227e-01,2.789265513420104980e-01,9.493840932846069336e-01,9.493840932846069336e-01,8.673055171966552734e-01,8.673055171966552734e-01
4.700000000000000000e+01,1.323264360427856445e+00,1.323264360427856445e+00,1.235373616218566895e+00,1.235373497009277344e+00,1.001785039901733398e+00,1.001785039901733398e+00,9.003984928131103516e-01,9.003983736038208008e-01,1.395130753517150879e-01,1.395130753517150879e-01,3.938523530960083008e-01,3.938522636890411377e-01,9.520568698644638062e-02,9.520568698644638062e-02,8.557030558586120605e-02,8.557030558586120605e-02,0.000000000000000000e+00,0.000000000000000000e+00,0.000000000000000000e+00,0.000000000000000000e+00,4.603930935263633728e-02,4.603930935263633728e-02,2.893121838569641113e-01,2.893122136592864990e-01,9.647988677024841309e-01,9.647988677024841309e-01,8.813877105712890625e-01,8.813876509666442871e-01
4.800000000000000000e+01,1.327340841293334961e+00,1.327340841293334961e+00,1.239179372787475586e+00,1.239179253578186035e+00,1.037614941596984863e+00,1.037614941596984863e+00,9.326021671295166016e-01,9.326021671295166016e-01,2.090571969747543335e-01,2.090571969747543335e-01,4.458244442939758301e-01,4.458243846893310547e-01,1.400785297155380249e-01,1.400785297155380249e-01,1.259017586708068848e-01,1.259017437696456909e-01,0.000000000000000000e+00,0.000000000000000000e+00,0.000000000000000000e+00,0.000000000000000000e+00,6.898885965347290039e-02,6.898885965347290039e-02,2.995905280113220215e-01,2.995905876159667969e-01,9.796069860458374023e-01,9.796069860458374023e-01,8.949155211448669434e-01,8.949155211448669434e-01
4.900000000000000000e+01,1.333040833473205566e+00,1.333040833473205566e+00,1.244500756263732910e+00,1.244500756263732910e+00,1.074471831321716309e+00,1.074471831321716309e+00,9.657288789749145508e-01,9.657289981842041016e-01,2.783462703227996826e-01,2.783462703227996826e-01,4.975171089172363281e-01,4.975170195102691650e-01,1.830574870109558105e-01,1.830574870109558105e-01,1.645309925079345703e-01,1.645309925079345703e-01,0.000000000000000000e+00,0.000000000000000000e+00,0.000000000000000000e+00,0.000000000000000000e+00,9.185433387756347656e-02,9.185433387756347656e-02,3.097488284111022949e-01,3.097488880157470703e-01,9.937899708747863770e-01,9.937899708747863770e-01,9.078723788261413574e-01,9.078724384307861328e-01
5.000000000000000000e+01,1.340358018875122070e+00,1.340358018875122070e+00,1.251331806182861328e+00,1.251331806182861328e+00,1.112311840057373047e+00,1.112311840057373047e+00,9.997391104698181152e-01,9.997391104698181152e-01,3.472964465618133545e-01,3.472964465618133545e-01,5.488675832748413086e-01,5.488674640655517578e-01,2.240905761718750000e-01,2.240905761718750000e-01,2.014112770557403564e-01,2.014112770557403564e-01,0.000000000000000000e+00,0.000000000000000000e+00,0.000000000000000000e+00,0.000000000000000000e+00,1.146079003810882568e-01,1.146079003810882568e-01,3.197744488716125488e-01,3.197745084762573242e-01,1.007331132888793945e+00,1.007331132888793945e+00,9.202427864074707031e-01,9.202427864074707031e-01
5.100000000000000000e+01,1.349282383918762207e+00,1.349282383918762207e+00,1.259663581848144531e+00,1.259663581848144531e+00,1.151087999343872070e+00,1.151087999343872070e+00,1.034590959548950195e+00,1.034590959548950195e+00,4.158236682415008545e-01,4.158236682415008545e-01,5.998127460479736328e-01,5.998126864433288574e-01,2.631277441978454590e-01,2.631277441978454590e-01,2.364976406097412109e-01,2.364976406097412109e-01,0.000000000000000000e+00,0.000000000000000000e+00,0.000000000000000000e+00,0.000000000000000000e+00,1.372218728065490723e-01,1.372218728065490723e-01,3.296548128128051758e-01,3.296548724174499512e-01,1.020213246345520020e+00,1.020213246345520020e+00,9.320112466812133789e-01,9.320112466812133789e-01
5.200000000000000000e+01,1.359803915023803711e+00,1.359803915023803711e+00,1.269486427307128906e+00,1.269486308097839355e+00,1.190753221511840820e+00,1.190753221511840820e+00,1.070241928100585938e+00,1.070241928100585938e+00,4.838440418243408203e-01,4.838440418243408203e-01,6.502900123596191406e-01,6.502898931503295898e-01,3.001211583614349365e-01,3.001211583614349365e-01,2.697471082210540771e-01,2.697470784187316895e-01,0.000000000000000000e+00,0.000000000000000000e+00,0.000000000000000000e+00,0.000000000000000000e+00,1.596685349941253662e-01,1.596685349941253662e-01,3.393774628639221191e-01,3.393775522708892822e-01,1.032421112060546875e+00,1.032421112060546875e+00,9.431636333465576172e-01,9.431636929512023926e-01
5.300000000000000000e+01,1.371909499168395996e+00,1.371909499168395996e+00,1.280787706375122070e+00,1.280787706375122070e+00,1.231259107589721680e+00,1.231259107589721680e+00,1.106648445129394531e+00,1.106648445129394531e+00,5.512747764587402344e-01,5.512747764587402344e-01,7.002371549606323242e-01,7.002370357513427734e-01,3.350258767604827881e-01,3.350258767604827881e-01,3.011192679405212402e-01,3.011192679405212402e-01,0.000000000000000000e+00,0.000000000000000000e+00,0.000000000000000000e+00,0.000000000000000000e+00,1.819207370281219482e-01,1.819207370281219482e-01,3.489301204681396484e-01,3.489301800727844238e-01,1.043939590454101562e+00,1.043939590454101562e+00,9.536864161491394043e-01,9.536864161491394043e-01
5.400000000000000000e+01,1.385584473609924316e+00,1.385584473609924316e+00,1.293554544448852539e+00,1.293554544448852539e+00,1.272557020187377930e+00,1.272557020187377930e+00,1.143766641616821289e+00,1.143766641616821289e+00,6.180342435836791992e-01,6.180342435836791992e-01,7.495932579040527344e-01,7.495931982994079590e-01,3.677996098995208740e-01,3.677996098995208740e-01,3.305761218070983887e-01,3.305761218070983887e-01,0.000000000000000000e+00,0.000000000000000000e+00,0.000000000000000000e+00,0.000000000000000000e+00,2.039513736963272095e-01,2.039513736963272095e-01,3.583005964756011963e-01,3.583006560802459717e-01,1.054754972457885742e+00,1.054754972457885742e+00,9.635666608810424805e-01,9.635666608810424805e-01
5.500000000000000000e+01,1.400811910629272461e+00,1.400811910629272461e+00,1.307770490646362305e+00,1.307770490646362305e+00,1.314595460891723633e+00,1.314595460891723633e+00,1.181550502777099609e+00,1.181550502777099609e+00,6.840402483940124512e-01,6.840402483940124512e-01,7.982968688011169434e-01,7.982968091964721680e-01,3.984019756317138672e-01,3.984019756317138672e-01,3.580813407897949219e-01,3.580813407897949219e-01,0.000000000000000000e+00,0.000000000000000000e+00,0.000000000000000000e+00,0.000000000000000000e+00,2.257333695888519287e-01,2.257333695888519287e-01,3.674767017364501953e-01,3.674767613410949707e-01,1.064853668212890625e+00,1.064853668212890625e+00,9.727922677993774414e-01,9.727923274040222168e-01
5.600000000000000000e+01,1.417573690414428711e+00,1.417573690414428711e+00,1.323419094085693359e+00,1.323419094085693359e+00,1.357324600219726562e+00,1.357324600219726562e+00,1.219955205917358398e+00,1.219955205917358398e+00,7.492135763168334961e-01,7.492135763168334961e-01,8.462888598442077637e-01,8.462888002395629883e-01,4.267963171005249023e-01,4.267963171005249023e-01,3.836019635200500488e-01,3.836019635200500488e-01,0.000000000000000000e+00,0.000000000000000000e+00,0.000000000000000000e+00,0.000000000000000000e+00,2.472404539585113525e-01,2.472404539585113525e-01,3.764467239379882812e-01,3.764468431472778320e-01,1.074223756790161133e+00,1.074223756790161133e+00,9.813522100448608398e-01,9.813523292541503906e-01
5.700000000000000000e+01,1.435849189758300781e+00,1.435849189758300781e+00,1.340480804443359375e+00,1.340480566024780273e+00,1.400691270828247070e+00,1.400691270828247070e+00,1.258932948112487793e+00,1.258932948112487793e+00,8.134737014770507812e-01,8.134737014770507812e-01,8.935089707374572754e-01,8.935088515281677246e-01,4.529474377632141113e-01,4.529474377632141113e-01,4.071064591407775879e-01,4.071064591407775879e-01,0.000000000000000000e+00,0.000000000000000000e+00,0.000000000000000000e+00,0.000000000000000000e+00,2.684463262557983398e-01,2.684463262557983398e-01,3.851989209651947021e-01,3.851990103721618652e-01,1.082853674888610840e+00,1.082853674888610840e+00,9.892361164093017578e-01,9.892361164093017578e-01
5.800000000000000000e+01,1.455615997314453125e+00,1.455615997314453125e+00,1.358934640884399414e+00,1.358934640884399414e+00,1.444642663002014160e+00,1.444642663002014160e+00,1.298436284065246582e+00,1.298436164855957031e+00,8.767423033714294434e-01,8.767423033714294434e-01,9.398984909057617188e-01,9.398984313011169434e-01,4.768235981464385986e-01,4.768235981464385986e-01,4.285662174224853516e-01,4.285662174224853516e-01,0.000000000000000000e+00,0.000000000000000000e+00,0.000000000000000000e+00,0.000000000000000000e+00,2.893250286579132080e-01,2.893250286579132080e-01,3.937216997146606445e-01,3.937217593193054199e-01,1.090732812881469727e+00,1.090732812881469727e+00,9.964339733123779297e-01,9.964339733123779297e-01
5.900000000000000000e+01,1.476850271224975586e+00,1.476850271224975586e+00,1.378758430480957031e+00,1.378758430480957031e+00,1.489125847816467285e+00,1.489125847816467285e+00,1.338417530059814453e+00,1.338417530059814453e+00,9.389431476593017578e-01,9.389431476593017578e-01,9.854010939598083496e-01,9.854009747505187988e-01,4.983959794044494629e-01,4.983959794044494629e-01,4.479553103446960449e-01,4.479553103446960449e-01,0.000000000000000000e+00,0.000000000000000000e+00,0.000000000000000000e+00,0.000000000000000000e+00,3.098513185977935791e-01,3.098513185977935791e-01,4.020037651062011719e-01,4.020038545131683350e-01,1.097851634025573730e+00,1.097851634025573730e+00,1.002937555313110352e+00,1.002937555313110352e+00
6.000000000000000000e+01,1.499526143074035645e+00,1.499526143074035645e+00,1.399928331375122070e+00,1.399928092956542969e+00,1.534086823463439941e+00,1.534086823463439941e+00,1.378828048706054688e+00,1.378828048706054688e+00,1.000000357627868652e+00,1.000000357627868652e+00,1.029959678649902344e+00,1.029959678649902344e+00,5.176382064819335938e-01,5.176382064819335938e-01,4.652501046657562256e-01,4.652501046657562256e-01,0.000000000000000000e+00,0.000000000000000000e+00,0.000000000000000000e+00,0.000000000000000000e+00,3.300001323223114014e-01,3.300001323223114014e-01,4.100341796875000000e-01,4.100342392921447754e-01,1.104201555252075195e+00,1.104201555252075195e+00,1.008738517761230469e+00,1.008738517761230469e+00
6.100000000000000000e+01,1.523615837097167969e+00,1.523615837097167969e+00,1.422417879104614258e+00,1.422417879104614258e+00,1.579470038414001465e+00,1.579470038414001465e+00,1.421285152435302734e+00,1.421284914016723633e+00,1.059839010238647461e+00,1.059839010238647461e+00,1.073518872261047363e+00,1.073518753051757812e+00,5.345267057418823242e-01,5.345267057418823242e-01,4.804294109344482422e-01,4.804294109344482422e-01,0.000000000000000000e+00,0.000000000000000000e+00,0.000000000000000000e+00,0.000000000000000000e+00,3.497468829154968262e-01,3.497468829154968262e-01,4.178018569946289062e-01,4.178019165992736816e-01,1.109774827957153320e+00,1.109774827957153320e+00,1.013829827308654785e+00,1.013829827308654785e+00
6.200000000000000000e+01,1.549089789390563965e+00,1.549089789390563965e+00,1.446199774742126465e+00,1.446199774742126465e+00,1.625219821929931641e+00,1.625219821929931641e+00,1.471097111701965332e+00,1.471097111701965332e+00,1.118385672569274902e+00,1.118385672569274902e+00,1.116023540496826172e+00,1.116023421287536621e+00,5.490407943725585938e-01,5.490407943725585938e-01,4.934745728969573975e-01,4.934745728969573975e-01,0.000000000000000000e+00,0.000000000000000000e+00,0.000000000000000000e+00,0.000000000000000000e+00,3.690673410892486572e-01,3.690673410892486572e-01,4.252962470054626465e-01,4.252963066101074219e-01,1.114564657211303711e+00,1.114564657211303711e+00,1.018205404281616211e+00,1.018205404281616211e+00
6.300000000000000000e+01,1.575917363166809082e+00,1.575917363166809082e+00,1.471245527267456055e+00,1.471245527267456055e+00,1.671281814575195312e+00,1.671281814575195312e+00,1.521174669265747070e+00,1.521174550056457520e+00,1.175570607185363770e+00,1.175570607185363770e+00,1.157422065734863281e+00,1.157421946525573730e+00,5.611631870269775391e-01,5.611631870269775391e-01,5.043700933456420898e-01,5.043700933456420898e-01,0.000000000000000000e+00,0.000000000000000000e+00,0.000000000000000000e+00,0.000000000000000000e+00,3.879383206367492676e-01,3.879383206367492676e-01,4.325071275234222412e-01,4.325072169303894043e-01,1.118564844131469727e+00,1.118564844131469727e+00,1.021859884262084961e+00,1.021859884262084961e+00
6.400000000000000000e+01,1.604065537452697754e+00,1.604065537452697754e+00,1.497524261474609375e+00,1.497524261474609375e+00,1.717599034309387207e+00,1.717599034309387207e+00,1.571453928947448730e+00,1.571453809738159180e+00,1.231322884559631348e+00,1.231322884559631348e+00,1.197661519050598145e+00,1.197661399841308594e+00,5.708787441253662109e-01,5.708787441253662109e-01,5.131024122238159180e-01,5.131024122238159180e-01,0.000000000000000000e+00,0.000000000000000000e+00,3.909409977495670319e-03,3.909469116479158401e-03,4.063366353511810303e-01,4.063366353511810303e-01,4.394243359565734863e-01,4.394243955612182617e-01,1.121770977973937988e+00,1.121770977973937988e+00,1.024788856506347656e+00,1.024788856506347656e+00
6.500000000000000000e+01,1.633500576019287109e+00,1.633500576019287109e+00,1.525004148483276367e+00,1.525004148483276367e+00,1.764115571975708008e+00,1.764115571975708008e+00,1.621873259544372559e+00,1.621873140335083008e+00,1.285575389862060547e+00,1.285575389862060547e+00,1.236691951751708984e+00,1.236691832542419434e+00,5.781759023666381836e-01,5.781759023666381836e-01,5.196610689163208008e-01,5.196610689163208008e-01,0.000000000000000000e+00,0.000000000000000000e+00,1.281057856976985931e-02,1.281063817441463470e-02,4.242399036884307861e-01,4.242399036884307861e-01,4.460380971431732178e-01,4.460381865501403809e-01,1.124179005622863770e+00,1.124179005622863770e+00,1.026988744735717773e+00,1.026988625526428223e+00
6.600000000000000000e+01,1.664186120033264160e+00,1.664186120033264160e+00,1.553651571273803711e+00,1.553651571273803711e+00,1.810774087905883789e+00,1.810774087905883789e+00,1.672369003295898438e+00,1.672369003295898438e+00,1.338261604309082031e+00,1.338261604309082031e+00,1.274464130401611328e+00,1.274464011192321777e+00,5.830456018447875977e-01,5.830456018447875977e-01,5.240378975868225098e-01,5.240378975868225098e-01,0.000000000000000000e+00,0.000000000000000000e+00,2.166692353785037994e-02,2.166697010397911072e-02,4.416263103485107422e-01,4.416263103485107422e-01,4.523389339447021484e-01,4.523390531539916992e-01,1.125786066055297852e+00,1.125786066055297852e+00,1.028456687927246094e+00,1.028456807136535645e+00
6.700000000000000000e+01,1.696084976196289062e+00,1.696084976196289062e+00,1.583431720733642578e+00,1.583431601524353027e+00,1.857518196105957031e+00,1.857518196105957031e+00,1.722877860069274902e+00,1.722877860069274902e+00,1.389317035675048828e+00,1.389317035675048828e+00,1.310930132865905762e+00,1.310930013656616211e+00,5.854818820953369141e-01,5.854818820953369141e-01,5.262275934219360352e-01,5.262275934219360352e-01,0.000000000000000000e+00,0.000000000000000000e+00,3.046613186597824097e-02,3.046618402004241943e-02,4.584746360778808594e-01,4.584746360778808594e-01,4.583176970481872559e-01,4.583177268505096436e-01,1.126590013504028320e+00,1.126590013504028320e+00,1.029191255569458008e+00,1.029191255569458008e+00
6.800000000000000000e+01,1.729157924652099609e+00,1.729157924652099609e+00,1.614307999610900879e+00,1.614307999610900879e+00,1.904290556907653809e+00,1.904290556907653809e+00,1.773337125778198242e+00,1.773337006568908691e+00,1.438679814338684082e+00,1.438679814338684082e+00,1.346044301986694336e+00,1.346044182777404785e+00,5.854818820953369141e-01,5.854818820953369141e-01,5.262276530265808105e-01,5.262276530265808105e-01,0.000000000000000000e+00,0.000000000000000000e+00,3.919588774442672729e-02,3.919594734907150269e-02,4.747642874717712402e-01,4.747642874717712402e-01,4.639653563499450684e-01,4.639654755592346191e-01,1.126590013504028320e+00,1.126590013504028320e+00,1.029191255569458008e+00,1.029191255569458008e+00
6.900000000000000000e+01,1.763364911079406738e+00,1.763364911079406738e+00,1.646242856979370117e+00,1.646242856979370117e+00,1.951034069061279297e+00,1.951034069061279297e+00,1.823682904243469238e+00,1.823682785034179688e+00,1.486289501190185547e+00,1.486289501190185547e+00,1.379761338233947754e+00,1.379761338233947754e+00,5.830454826354980469e-01,5.830454826354980469e-01,5.240377187728881836e-01,5.240377187728881836e-01,0.000000000000000000e+00,0.000000000000000000e+00,4.784402251243591309e-02,4.784408211708068848e-02,4.904755949974060059e-01,4.904755949974060059e-01,4.692736566066741943e-01,4.692737162113189697e-01,1.125786066055297852e+00,1.125786066055297852e+00,1.028456687927246094e+00,1.028456687927246094e+00
7.000000000000000000e+01,1.527604699134826660e+00,1.527604699134826660e+00,1.679198026657104492e+00,1.679198026657104492e+00,1.997692465782165527e+00,1.997692465782165527e+00,1.873852968215942383e+00,1.873852968215942383e+00,1.532088756561279297e+00,1.532088756561279297e+00,1.412039399147033691e+00,1.412039279937744141e+00,5.781757831573486328e-01,5.781757831573486328e-01,5.196609497070312500e-01,5.196609497070312500e-01,0.000000000000000000e+00,0.000000000000000000e+00,5.639821290969848633e-02,5.639827251434326172e-02,5.055893659591674805e-01,5.055893659591674805e-01,4.742342829704284668e-01,4.742343723773956299e-01,1.124178886413574219e+00,1.124178886413574219e+00,1.026988744735717773e+00,1.026988625526428223e+00
7.100000000000000000e+01,1.835013747215270996e+00,1.835013747215270996e+00,1.713132739067077637e+00,1.713132619857788086e+00,2.044209003448486328e+00,2.044209003448486328e+00,1.923783779144287109e+00,1.923783779144287109e+00,1.576021432876586914e+00,1.576021432876586914e+00,1.442836642265319824e+00,1.442836523056030273e+00,5.708786845207214355e-01,5.708786845207214355e-01,5.131023526191711426e-01,5.131023526191711426e-01,0.000000000000000000e+00,0.000000000000000000e+00,6.484630703926086426e-02,6.484636664390563965e-02,5.200871229171752930e-01,5.200871229171752930e-01,4.788394272327423096e-01,4.788394868373870850e-01,1.121770858764648438e+00,1.121770858764648438e+00,1.024788856506347656e+00,1.024788737297058105e+00
7.200000000000000000e+01,1.872368097305297852e+00,1.872368097305297852e+00,1.748006105422973633e+00,1.748006105422973633e+00,2.090526580810546875e+00,2.090526580810546875e+00,1.973412752151489258e+00,1.973412632942199707e+00,1.618034124374389648e+00,1.618034124374389648e+00,1.472113966941833496e+00,1.472113847732543945e+00,5.611631274223327637e-01,5.611631274223327637e-01,5.043700933456420898e-01,5.043700933456420898e-01,0.000000000000000000e+00,0.000000000000000000e+00,7.317616045475006104e-02,7.317619770765304565e-02,5.339513421058654785e-01,5.339513421058654785e-01,4.877887964248657227e-01,4.877887964248657227e-01,1.118564844131469727e+00,1.118564844131469727e+00,1.021859884262084961e+00,1.021859884262084961e+00
7.300000000000000000e+01,1.910681724548339844e+00,1.910681724548339844e+00,1.783775091171264648e+00,1.783774852752685547e+00,2.136588335037231445e+00,2.136588335037231445e+00,2.022676467895507812e+00,2.022676467895507812e+00,1.658075332641601562e+00,1.658075332641601562e+00,1.499832749366760254e+00,1.499832630157470703e+00,5.490407943725585938e-01,5.490407943725585938e-01,4.934745430946350098e-01,4.934745430946350098e-01,0.000000000000000000e+00,0.000000000000000000e+00,8.137564361095428467e-02,8.137571811676025391e-02,5.471648573875427246e-01,5.471648573875427246e-01,4.998599588871002197e-01,4.998600184917449951e-01,1.114564418792724609e+00,1.114564418792724609e+00,1.018205404281616211e+00,1.018205404281616211e+00
7.400000000000000000e+01,1.949908018112182617e+00,1.949908018112182617e+00,1.820395827293395996e+00,1.820395827293395996e+00,2.182337999343872070e+00,2.182337999343872070e+00,2.071513652801513672e+00,2.071513414382934570e+00,1.696095943450927734e+00,1.696095943450927734e+00,1.525957584381103516e+00,1.525957465171813965e+00,5.345265865325927734e-01,5.345265865325927734e-01,4.804292917251586914e-01,4.804292917251586914e-01,0.000000000000000000e+00,0.000000000000000000e+00,8.943282812833786011e-02,8.943288028240203857e-02,5.597117543220520020e-01,5.597117543220520020e-01,5.113221406936645508e-01,5.113221406936645508e-01,1.109774827957153320e+00,1.109774827957153320e+00,1.013829708099365234e+00,1.013829708099365234e+00
7.500000000000000000e+01,1.990000009536743164e+00,1.990000009536743164e+00,1.857825040817260742e+00,1.857825040817260742e+00,2.227721452713012695e+00,2.227721452713012695e+00,2.119862556457519531e+00,2.119862556457519531e+00,1.732050657272338867e+00,1.732050657272338867e+00,1.556756973266601562e+00,1.556756973266601562e+00,5.176380276679992676e-01,5.176380276679992676e-01,4.652500450611114502e-01,4.652500450611114502e-01,0.000000000000000000e+00,0.000000000000000000e+00,9.733591228723526001e-02,9.733596444129943848e-02,5.715768337249755859e-01,5.715768337249755859e-01,5.221613645553588867e-01,5.221614241600036621e-01,1.104201555252075195e+00,1.104201555252075195e+00,1.008738279342651367e+00,1.008738398551940918e+00
7.600000000000000000e+01,2.030908346176147461e+00,2.030908346176147461e+00,1.896016120910644531e+00,1.896016120910644531e+00,2.272681951522827148e+00,2.272681951522827148e+00,2.167661905288696289e+00,2.167661666870117188e+00,1.765895247459411621e+00,1.765895247459411621e+00,1.587176084518432617e+00,1.587176084518432617e+00,4.983958899974822998e-01,4.983958899974822998e-01,4.479552507400512695e-01,4.479552507400512695e-01,0.000000000000000000e+00,0.000000000000000000e+00,1.050731092691421509e-01,1.050731688737869263e-01,5.827454924583435059e-01,5.827454924583435059e-01,5.323645472526550293e-01,5.323644876480102539e-01,1.097851753234863281e+00,1.097851753234863281e+00,1.002937555313110352e+00,1.002937555313110352e+00
7.700000000000000000e+01,2.072582721710205078e+00,2.072582721710205078e+00,1.934922814369201660e+00,1.934922695159912109e+00,2.317165374755859375e+00,2.317165374755859375e+00,2.214850902557373047e+00,2.214850664138793945e+00,1.797588109970092773e+00,1.797588109970092773e+00,1.615661621093750000e+00,1.615661621093750000e+00,4.768235385417938232e-01,4.768235385417938232e-01,4.285661578178405762e-01,4.285661578178405762e-01,0.000000000000000000e+00,0.000000000000000000e+00,1.126328483223915100e-01,1.126329004764556885e-01,5.932041406631469727e-01,5.932041406631469727e-01,5.419189333915710449e-01,5.419188737869262695e-01,1.090732812881469727e+00,1.090732812881469727e+00,9.964339733123779297e-01,9.964339733123779297e-01
7.800000000000000000e+01,2.114973068237304688e+00,2.114973068237304688e+00,1.974497318267822266e+00,1.974497318267822266e+00,2.361116886138916016e+00,2.361116886138916016e+00,2.261369705200195312e+00,2.261369705200195312e+00,1.827090978622436523e+00,1.827090978622436523e+00,1.642178535461425781e+00,1.642178535461425781e+00,4.529471993446350098e-01,4.529471993446350098e-01,4.071062803268432617e-01,4.071062803268432617e-01,0.000000000000000000e+00,0.000000000000000000e+00,1.200036481022834778e-01,1.200037151575088501e-01,6.029400825500488281e-01,6.029400825500488281e-01,5.508131980895996094e-01,5.508131980895996094e-01,1.082853555679321289e+00,1.082853555679321289e+00,9.892359972000122070e-01,9.892359375953674316e-01
7.900000000000000000e+01,2.158027410507202148e+00,2.158027410507202148e+00,2.014692306518554688e+00,2.014692068099975586e+00,2.404483795166015625e+00,2.404483795166015625e+00,2.307159662246704102e+00,2.307159423828125000e+00,1.854367852210998535e+00,1.854367852210998535e+00,1.666694760322570801e+00,1.666694760322570801e+00,4.267959594726562500e-01,4.267959594726562500e-01,3.836016952991485596e-01,3.836016952991485596e-01,0.000000000000000000e+00,0.000000000000000000e+00,1.271742284297943115e-01,1.271742880344390869e-01,6.119413971900939941e-01,6.119413971900939941e-01,5.590362548828125000e-01,5.590363144874572754e-01,1.074223637580871582e+00,1.074223637580871582e+00,9.813522100448608398e-01,9.813522100448608398e-01
8.000000000000000000e+01,2.201693058013916016e+00,2.201693058013916016e+00,2.055457353591918945e+00,2.055457353591918945e+00,2.447212457656860352e+00,2.447212457656860352e+00,2.352161407470703125e+00,2.352161407470703125e+00,1.879385232925415039e+00,1.879385232925415039e+00,1.689180135726928711e+00,1.689180135726928711e+00,3.984019756317138672e-01,3.984019756317138672e-01,3.580813407897949219e-01,3.580813407897949219e-01,0.000000000000000000e+00,0.000000000000000000e+00,1.341334581375122070e-01,1.341335177421569824e-01,6.201971173286437988e-01,6.201971173286437988e-01,5.665783286094665527e-01,5.665782690048217773e-01,1.064853668212890625e+00,1.064853668212890625e+00,9.727923274040222168e-01,9.727922677993774414e-01
8.100000000000000000e+01,2.245917320251464844e+00,2.245917320251464844e+00,2.096744537353515625e+00,2.096744537353515625e+00,2.489251613616943359e+00,2.489251613616943359e+00,2.396318435668945312e+00,2.396318435668945312e+00,1.902113199234008789e+00,1.902113199234008789e+00,1.709608078002929688e+00,1.709608078002929688e+00,3.677995204925537109e-01,3.677995204925537109e-01,3.305760025978088379e-01,3.305760025978088379e-01,0.000000000000000000e+00,0.000000000000000000e+00,1.408705711364746094e-01,1.408706307411193848e-01,6.276974081993103027e-01,6.276974081993103027e-01,5.734300613403320312e-01,5.734300613403320312e-01,1.054754853248596191e+00,1.054754853248596191e+00,9.635665416717529297e-01,9.635665416717529297e-01
8.200000000000000000e+01,2.290645837783813477e+00,2.290645837783813477e+00,2.138502120971679688e+00,2.138502120971679688e+00,2.530548810958862305e+00,2.530548810958862305e+00,2.439573526382446289e+00,2.439573526382446289e+00,1.922523260116577148e+00,1.922523260116577148e+00,1.727952480316162109e+00,1.727952480316162109e+00,3.350258171558380127e-01,3.350258171558380127e-01,3.011192083358764648e-01,3.011192083358764648e-01,0.000000000000000000e+00,0.000000000000000000e+00,1.473747491836547852e-01,1.473747938871383667e-01,6.344327330589294434e-01,6.344327330589294434e-01,5.795831680297851562e-01,5.795831084251403809e-01,1.043939471244812012e+00,1.043939471244812012e+00,9.536861777305603027e-01,9.536861777305603027e-01
8.300000000000000000e+01,2.335824966430664062e+00,2.335824966430664062e+00,2.180680274963378906e+00,2.180680274963378906e+00,2.571055173873901367e+00,2.571055173873901367e+00,2.481872320175170898e+00,2.481872320175170898e+00,1.940591573715209961e+00,1.940591573715209961e+00,1.744192123413085938e+00,1.744192123413085938e+00,3.001208603382110596e-01,3.001208603382110596e-01,2.697468996047973633e-01,2.697468996047973633e-01,0.000000000000000000e+00,0.000000000000000000e+00,1.536355465650558472e-01,1.536355912685394287e-01,6.403952240943908691e-01,6.403952240943908691e-01,5.850301384925842285e-01,5.850301384925842285e-01,1.032420873641967773e+00,1.032420873641967773e+00,9.431635141372680664e-01,9.431635141372680664e-01
8.400000000000000000e+01,2.381398677825927734e+00,2.381398677825927734e+00,2.223227024078369141e+00,2.223227024078369141e+00,2.610720396041870117e+00,2.610720396041870117e+00,2.523159503936767578e+00,2.523159503936767578e+00,1.956295251846313477e+00,1.956295251846313477e+00,1.758306622505187988e+00,1.758306622505187988e+00,2.631274461746215820e-01,2.631274461746215820e-01,2.364973127841949463e-01,2.364973127841949463e-01,0.000000000000000000e+00,0.000000000000000000e+00,1.596427410840988159e-01,1.596427857875823975e-01,6.455774903297424316e-01,6.455774903297424316e-01,5.897643566131591797e-01,5.897643566131591797e-01,1.020213007926940918e+00,1.020213007926940918e+00,9.320110082626342773e-01,9.320110678672790527e-01
8.500000000000000000e+01,2.427311420440673828e+00,2.427311420440673828e+00,2.266090631484985352e+00,2.266090393066406250e+00,2.649496316909790039e+00,2.649496316909790039e+00,2.563382148742675781e+00,2.563382148742675781e+00,1.969615697860717773e+00,1.969615697860717773e+00,1.770278930664062500e+00,1.770278930664062500e+00,2.240906357765197754e-01,2.240906357765197754e-01,2.014113068580627441e-01,2.014113068580627441e-01,0.000000000000000000e+00,0.000000000000000000e+00,1.653863191604614258e-01,1.653863489627838135e-01,6.499731540679931641e-01,6.499731540679931641e-01,5.937800407409667969e-01,5.937800407409667969e-01,1.007330894470214844e+00,1.007330894470214844e+00,9.202427268028259277e-01,9.202426671981811523e-01
8.600000000000000000e+01,2.473508358001708984e+00,2.473508358001708984e+00,2.309218883514404297e+00,2.309218883514404297e+00,2.687336206436157227e+00,2.687336206436157227e+00,2.602488517761230469e+00,2.602488517761230469e+00,1.980536222457885742e+00,1.980536222457885742e+00,1.780094265937805176e+00,1.780094265937805176e+00,1.830574721097946167e-01,1.830574721097946167e-01,1.645309627056121826e-01,1.645309627056121826e-01,0.000000000000000000e+00,0.000000000000000000e+00,1.708565950393676758e-01,1.708566397428512573e-01,6.535769701004028320e-01,6.535769701004028320e-01,5.970723628997802734e-01,5.970723032951354980e-01,9.937899708747863770e-01,9.937899708747863770e-01,9.078723788261413574e-01,9.078723788261413574e-01
8.700000000000000000e+01,2.519931554794311523e+00,2.519931554794311523e+00,2.352558851242065430e+00,2.352558612823486328e+00,2.724192857742309570e+00,2.724192857742309570e+00,2.640427112579345703e+00,2.640427112579345703e+00,1.989043474197387695e+00,1.989043474197387695e+00,1.787740468978881836e+00,1.787740468978881836e+00,1.400783210992813110e-01,1.400783210992813110e-01,1.259015798568725586e-01,1.259015798568725586e-01,0.000000000000000000e+00,0.000000000000000000e+00,1.760441362857818604e-01,1.760441660881042480e-01,6.563844680786132812e-01,6.563844680786132812e-01,5.996369719505310059e-01,5.996369719505310059e-01,9.796067476272583008e-01,9.796067476272583008e-01,8.949152827262878418e-01,8.949152827262878418e-01
8.800000000000000000e+01,2.566526174545288086e+00,2.566526174545288086e+00,2.396058559417724609e+00,2.396058559417724609e+00,2.760022878646850586e+00,2.760022878646850586e+00,2.677150011062622070e+00,2.677150011062622070e+00,1.995128035545349121e+00,1.995128035545349121e+00,1.793209314346313477e+00,1.793209314346313477e+00,9.520568698644638062e-02,9.520568698644638062e-02,8.557023108005523682e-02,8.557023108005523682e-02,0.000000000000000000e+00,0.000000000000000000e+00,1.809397637844085693e-01,1.809397935867309570e-01,6.583923101425170898e-01,6.583923101425170898e-01,6.014713048934936523e-01,6.014713048934936523e-01,9.647988080978393555e-01,9.647988080978393555e-01,8.813875913619995117e-01,8.813875913619995117e-01
8.900000000000000000e+01,2.613234758377075195e+00,2.613234758377075195e+00,2.439664602279663086e+00,2.439664602279663086e+00,2.794781684875488281e+00,2.794781684875488281e+00,2.712609052658081055e+00,2.712608814239501953e+00,1.998781681060791016e+00,1.998781681060791016e+00,1.796493053436279297e+00,1.796493053436279297e+00,4.849378764629364014e-02,4.849378764629364014e-02,4.358594864606857300e-02,4.358594864606857300e-02,0.000000000000000000e+00,0.000000000000000000e+00,1.855346262454986572e-01,1.855346560478210449e-01,6.595979928970336914e-01,6.595979928970336914e-01,6.025727987289428711e-01,6.025727391242980957e-01,9.493839144706726074e-01,9.493839144706726074e-01,8.673054575920104980e-01,8.673053979873657227e-01
9.000000000000000000e+01,2.660000324249267578e+00,2.660000324249267578e+00,2.483324050903320312e+00,2.483324050903320312e+00,2.828427314758300781e+00,2.828427314758300781e+00,2.746757268905639648e+00,2.746757268905639648e+00,2.000000000000000000e+00,2.000000000000000000e+00,1.797588109970092773e+00,1.797588109970092773e+00,0.000000000000000000e+00,0.000000000000000000e+00,0.000000000000000000e+00,0.000000000000000000e+00,7.867812712447630474e-08,7.867812712447630474e-08,1.898201406002044678e-01,1.898201704025268555e-01,6.599999666213989258e-01,6.599999666213989258e-01,6.029400229454040527e-01,6.029399633407592773e-01,9.333810210227966309e-01,9.333810210227966309e-01,8.526862263679504395e-01,8.526861667633056641e-01
9.100000000000000000e+01,2.706765174865722656e+00,2.706765174865722656e+00,2.526982784271240234e+00,2.526982784271240234e+00,2.876920700073242188e+00,2.876920700073242188e+00,2.779549598693847656e+00,2.779549598693847656e+00,1.998781681060791016e+00,1.998781681060791016e+00,1.796493053436279297e+00,1.796493053436279297e+00,0.000000000000000000e+00,0.000000000000000000e+00,0.000000000000000000e+00,0.000000000000000000e+00,1.600293442606925964e-02,1.600293442606925964e-02,1.937881112098693848e-01,1.937881410121917725e-01,6.595979928970336914e-01,6.595979928970336914e-01,6.025727391242980957e-01,6.025726795196533203e-01,9.670260548591613770e-01,9.670260548591613770e-01,8.834223747253417969e-01,8.834223151206970215e-01
9.200000000000000000e+01,2.753473520278930664e+00,2.753473520278930664e+00,2.570588827133178711e+00,2.570588827133178711e+00,2.923632621765136719e+00,2.923632621765136719e+00,2.810943603515625000e+00,2.810943603515625000e+00,1.995128035545349121e+00,1.995128035545349121e+00,1.793209195137023926e+00,1.793209195137023926e+00,0.000000000000000000e+00,0.000000000000000000e+00,0.000000000000000000e+00,0.000000000000000000e+00,3.141786158084869385e-02,3.141786158084869385e-02,1.974306702613830566e-01,1.974307149648666382e-01,6.583923101425170898e-01,6.583923101425170898e-01,6.014713048934936523e-01,6.014712452888488770e-01,1.001784801483154297e+00,1.001784801483154297e+00,9.151760339736938477e-01,9.151760339736938477e-01
9.300000000000000000e+01,2.800067901611328125e+00,2.800067901611328125e+00,2.614088535308837891e+00,2.614088296890258789e+00,2.968504905700683594e+00,2.968504905700683594e+00,2.840897083282470703e+00,2.840897083282470703e+00,1.989043474197387695e+00,1.989043474197387695e+00,1.787740468978881836e+00,1.787740468978881836e+00,0.000000000000000000e+00,0.000000000000000000e+00,0.000000000000000000e+00,0.000000000000000000e+00,4.622587934136390686e-02,4.622587934136390686e-02,2.007402777671813965e-01,2.007403075695037842e-01,6.563844680786132812e-01,6.563844680786132812e-01,5.996370315551757812e-01,5.996370315551757812e-01,1.037614703178405762e+00,1.037614703178405762e+00,9.479082822799682617e-01,9.479081630706787109e-01
9.400000000000000000e+01,2.846492290496826172e+00,2.846492290496826172e+00,2.657429456710815430e+00,2.657429218292236328e+00,3.011484861373901367e+00,3.011484861373901367e+00,2.869371175765991211e+00,2.869371175765991211e+00,1.980536222457885742e+00,1.980536222457885742e+00,1.780094265937805176e+00,1.780094265937805176e+00,0.000000000000000000e+00,0.000000000000000000e+00,0.000000000000000000e+00,0.000000000000000000e+00,6.040902435779571533e-02,6.040902435779571533e-02,2.037097215652465820e-01,2.037097662687301636e-01,6.535769701004028320e-01,6.535769701004028320e-01,5.970723032951354980e-01,5.970722436904907227e-01,1.074471950531005859e+00,1.074471950531005859e+00,9.815790653228759766e-01,9.815790653228759766e-01
9.500000000000000000e+01,2.892688751220703125e+00,2.892688751220703125e+00,2.700557470321655273e+00,2.700557470321655273e+00,3.052517890930175781e+00,3.052517890930175781e+00,2.896326541900634766e+00,2.896326541900634766e+00,1.969615459442138672e+00,1.969615459442138672e+00,1.770278692245483398e+00,1.770278692245483398e+00,0.000000000000000000e+00,0.000000000000000000e+00,0.000000000000000000e+00,0.000000000000000000e+00,7.394991815090179443e-02,7.394991815090179443e-02,2.063321918249130249e-01,2.063322067260742188e-01,6.499731540679931641e-01,6.499731540679931641e-01,5.937800407409667969e-01,5.937799811363220215e-01,1.112311720848083496e+00,1.112311720848083496e+00,1.016147494316101074e+00,1.016147375106811523e+00
9.600000000000000000e+01,2.938601970672607422e+00,2.938601970672607422e+00,2.743421077728271484e+00,2.743421077728271484e+00,3.091555118560791016e+00,3.091555118560791016e+00,2.921727180480957031e+00,2.921727180480957031e+00,1.956295251846313477e+00,1.956295251846313477e+00,1.758306622505187988e+00,1.758306622505187988e+00,0.000000000000000000e+00,0.000000000000000000e+00,0.000000000000000000e+00,0.000000000000000000e+00,8.683216571807861328e-02,8.683216571807861328e-02,2.086012214422225952e-01,2.086012363433837891e-01,6.455774307250976562e-01,6.455774307250976562e-01,5.897644162178039551e-01,5.897643566131591797e-01,1.151087760925292969e+00,1.151087760925292969e+00,1.051571130752563477e+00,1.051571130752563477e+00
9.700000000000000000e+01,2.984175443649291992e+00,2.984175443649291992e+00,2.785967588424682617e+00,2.785967350006103516e+00,3.128548145294189453e+00,3.128548145294189453e+00,2.945538520812988281e+00,2.945538282394409180e+00,1.940591573715209961e+00,1.940591573715209961e+00,1.744192123413085938e+00,1.744192123413085938e+00,0.000000000000000000e+00,0.000000000000000000e+00,0.000000000000000000e+00,0.000000000000000000e+00,9.903993457555770874e-02,9.903993457555770874e-02,2.105107307434082031e-01,2.105107307434082031e-01,6.403951644897460938e-01,6.403951644897460938e-01,5.850301980972290039e-01,5.850300788879394531e-01,1.190752983093261719e+00,1.190752983093261719e+00,1.087806940078735352e+00,1.087806940078735352e+00
9.800000000000000000e+01,3.029354095458984375e+00,3.029354095458984375e+00,2.828145742416381836e+00,2.828145503997802734e+00,3.163452625274658203e+00,3.163452625274658203e+00,2.967728137969970703e+00,2.967728137969970703e+00,1.922523260116577148e+00,1.922523260116577148e+00,1.727952480316162109e+00,1.727952480316162109e+00,0.000000000000000000e+00,0.000000000000000000e+00,0.000000000000000000e+00,0.000000000000000000e+00,1.105585545301437378e-01,1.105585545301437378e-01,2.120550870895385742e-01,2.120551019906997681e-01,6.344327330589294434e-01,6.344327330589294434e-01,5.795831084251403809e-01,5.795830488204956055e-01,1.231259107589721680e+00,1.231259107589721680e+00,1.124811410903930664e+00,1.124811410903930664e+00
9.900000000000000000e+01,3.074082851409912109e+00,3.074082851409912109e+00,2.869903564453125000e+00,2.869903564453125000e+00,3.196226596832275391e+00,3.196226596832275391e+00,2.988265514373779297e+00,2.988265514373779297e+00,1.902113199234008789e+00,1.902113199234008789e+00,1.709608078002929688e+00,1.709608078002929688e+00,0.000000000000000000e+00,0.000000000000000000e+00,0.000000000000000000e+00,0.000000000000000000e+00,1.213738620281219482e-01,1.213738620281219482e-01,2.132290005683898926e-01,2.132290005683898926e-01,6.276973485946655273e-01,6.276973485946655273e-01,5.734301209449768066e-01,5.734300017356872559e-01,1.272556781768798828e+00,1.272556781768798828e+00,1.162538528442382812e+00,1.162538528442382812e+00
1.000000000000000000e+02,3.118307113647460938e+00,3.118307113647460938e+00,2.911190509796142578e+00,2.911190509796142578e+00,3.226829051971435547e+00,3.226829051971435547e+00,3.007121562957763672e+00,3.007121562957763672e+00,1.879385232925415039e+00,1.879385232925415039e+00,1.689180374145507812e+00,1.689180374145507812e+00,0.000000000000000000e+00,0.000000000000000000e+00,0.000000000000000000e+00,0.000000000000000000e+00,1.314727067947387695e-01,1.314727067947387695e-01,2.140275537967681885e-01,2.140275537967681885e-01,6.201971173286437988e-01,6.201971173286437988e-01,5.665782690048217773e-01,5.665782094001770020e-01,1.314595580101013184e+00,1.314595580101013184e+00,1.200942993164062500e+00,1.200942993164062500e+00
1.010000000000000000e+02,3.161973237991333008e+00,3.161973237991333008e+00,2.951956033706665039e+00,2.951956033706665039e+00,3.255223274230957031e+00,3.255223274230957031e+00,3.024269580841064453e+00,3.024269580841064453e+00,1.854367733001708984e+00,1.854367733001708984e+00,1.666694641113281250e+00,1.666694641113281250e+00,0.000000000000000000e+00,0.000000000000000000e+00,0.000000000000000000e+00,0.000000000000000000e+00,1.408427357673645020e-01,1.408427357673645020e-01,2.144463211297988892e-01,2.144463360309600830e-01,6.119412183761596680e-01,6.119412183761596680e-01,5.590361952781677246e-01,5.590361356735229492e-01,1.357324361801147461e+00,1.357324361801147461e+00,1.239977717399597168e+00,1.239977717399597168e+00
1.020000000000000000e+02,3.205027103424072266e+00,3.205027103424072266e+00,2.992150545120239258e+00,2.992150306701660156e+00,3.281374454498291016e+00,3.281374454498291016e+00,3.039684772491455078e+00,3.039684772491455078e+00,1.827090620994567871e+00,1.827090620994567871e+00,1.642178177833557129e+00,1.642178177833557129e+00,0.000000000000000000e+00,0.000000000000000000e+00,0.000000000000000000e+00,0.000000000000000000e+00,1.494726240634918213e-01,1.494726240634918213e-01,2.144812941551208496e-01,2.144812941551208496e-01,6.029399633407592773e-01,6.029399633407592773e-01,5.508130788803100586e-01,5.508129596710205078e-01,1.400691032409667969e+00,1.400691032409667969e+00,1.279595136642456055e+00,1.279595136642456055e+00
1.030000000000000000e+02,3.247417449951171875e+00,3.247417449951171875e+00,3.031725168228149414e+00,3.031725168228149414e+00,3.305250644683837891e+00,3.305250644683837891e+00,3.053344726562500000e+00,3.053344726562500000e+00,1.797588109970092773e+00,1.797588109970092773e+00,1.615661621093750000e+00,1.615661621093750000e+00,0.000000000000000000e+00,0.000000000000000000e+00,0.000000000000000000e+00,0.000000000000000000e+00,1.573517769575119019e-01,1.573517769575119019e-01,2.141288220882415771e-01,2.141288369894027710e-01,5.932040214538574219e-01,5.932040214538574219e-01,5.419188737869262695e-01,5.419188737869262695e-01,1.444642782211303711e+00,1.444642782211303711e+00,1.319746851921081543e+00,1.319746732711791992e+00
1.040000000000000000e+02,3.289092063903808594e+00,3.289092063903808594e+00,3.070632219314575195e+00,3.070631980895996094e+00,3.326823234558105469e+00,3.326823234558105469e+00,3.065229654312133789e+00,3.065229654312133789e+00,1.765895247459411621e+00,1.765895247459411621e+00,1.587176203727722168e+00,1.587176203727722168e+00,0.000000000000000000e+00,0.000000000000000000e+00,0.000000000000000000e+00,0.000000000000000000e+00,1.644706726074218750e-01,1.644706726074218750e-01,2.133857458829879761e-01,2.133857458829879761e-01,5.827454328536987305e-01,5.827454328536987305e-01,5.323644280433654785e-01,5.323643684387207031e-01,1.489125967025756836e+00,1.489125967025756836e+00,1.360384464263916016e+00,1.360384464263916016e+00
1.050000000000000000e+02,3.329999923706054688e+00,3.329999923706054688e+00,3.108822822570800781e+00,3.108822822570800781e+00,3.346064805984497070e+00,3.346064805984497070e+00,3.075319766998291016e+00,3.075319528579711914e+00,1.732050657272338867e+00,1.732050657272338867e+00,1.556756854057312012e+00,1.556756854057312012e+00,0.000000000000000000e+00,0.000000000000000000e+00,0.000000000000000000e+00,0.000000000000000000e+00,1.708205938339233398e-01,1.708205938339233398e-01,2.122493088245391846e-01,2.122493088245391846e-01,5.715768337249755859e-01,5.715768337249755859e-01,5.221613645553588867e-01,5.221613645553588867e-01,1.534086465835571289e+00,1.534086465835571289e+00,1.401457905769348145e+00,1.401457786560058594e+00
1.060000000000000000e+02,3.370091915130615234e+00,3.370091915130615234e+00,3.146251678466796875e+00,3.146251678466796875e+00,3.362953186035156250e+00,3.362953186035156250e+00,3.083599090576171875e+00,3.083598852157592773e+00,1.696096062660217285e+00,1.696096062660217285e+00,1.524441003799438477e+00,1.524441003799438477e+00,0.000000000000000000e+00,0.000000000000000000e+00,0.000000000000000000e+00,0.000000000000000000e+00,1.763937920331954956e-01,1.763937920331954956e-01,2.107171714305877686e-01,2.107171714305877686e-01,5.597116947174072266e-01,5.597116947174072266e-01,5.113221406936645508e-01,5.113220810890197754e-01,1.579469561576843262e+00,1.579469561576843262e+00,1.442917585372924805e+00,1.442917346954345703e+00
1.070000000000000000e+02,3.409318923950195312e+00,3.409318923950195312e+00,3.182873487472534180e+00,3.182873487472534180e+00,3.377468109130859375e+00,3.377468109130859375e+00,3.090054750442504883e+00,3.090054512023925781e+00,1.658075094223022461e+00,1.658075094223022461e+00,1.490268111228942871e+00,1.490268111228942871e+00,0.000000000000000000e+00,0.000000000000000000e+00,0.000000000000000000e+00,0.000000000000000000e+00,1.811834871768951416e-01,1.811834871768951416e-01,2.087875306606292725e-01,2.087875306606292725e-01,5.471647977828979492e-01,5.471647977828979492e-01,4.998598694801330566e-01,4.998598396778106689e-01,1.625220298767089844e+00,1.625220298767089844e+00,1.484712600708007812e+00,1.484712600708007812e+00
1.080000000000000000e+02,3.447632312774658203e+00,3.447632312774658203e+00,3.218641996383666992e+00,3.218641996383666992e+00,3.389590024948120117e+00,3.389590024948120117e+00,3.094673395156860352e+00,3.094673156738281250e+00,1.618033766746520996e+00,1.618033766746520996e+00,1.454279065132141113e+00,1.454279065132141113e+00,0.000000000000000000e+00,0.000000000000000000e+00,0.000000000000000000e+00,0.000000000000000000e+00,1.851838231086730957e-01,1.851838231086730957e-01,2.064589262008666992e-01,2.064589262008666992e-01,5.339511036872863770e-01,5.339511036872863770e-01,4.877886474132537842e-01,4.877886176109313965e-01,1.671281814575195312e+00,1.671281814575195312e+00,1.526792287826538086e+00,1.526792287826538086e+00
1.090000000000000000e+02,3.484986543655395508e+00,3.484986543655395508e+00,3.253515005111694336e+00,3.253515005111694336e+00,3.399306058883666992e+00,3.399306058883666992e+00,3.097445726394653320e+00,3.097445726394653320e+00,1.576021671295166016e+00,1.576021671295166016e+00,1.416518926620483398e+00,1.416518926620483398e+00,0.000000000000000000e+00,0.000000000000000000e+00,0.000000000000000000e+00,0.000000000000000000e+00,1.883900016546249390e-01,1.883900016546249390e-01,2.037304937839508057e-01,2.037304937839508057e-01,5.200871229171752930e-01,5.200871229171752930e-01,4.751232266426086426e-01,4.751232266426086426e-01,1.717599153518676758e+00,1.717599153518676758e+00,1.569104909896850586e+00,1.569104909896850586e+00
1.100000000000000000e+02,3.521335124969482422e+00,3.521335124969482422e+00,3.287449598312377930e+00,3.287449598312377930e+00,3.406602621078491211e+00,3.406602621078491211e+00,3.098364114761352539e+00,3.098364114761352539e+00,1.532088756561279297e+00,1.532088756561279297e+00,1.377032279968261719e+00,1.377032279968261719e+00,0.000000000000000000e+00,0.000000000000000000e+00,0.000000000000000000e+00,0.000000000000000000e+00,1.907980144023895264e-01,1.907980144023895264e-01,2.006016224622726440e-01,2.006016075611114502e-01,5.055893659591674805e-01,5.055893659591674805e-01,4.618788361549377441e-01,4.618788361549377441e-01,1.764115095138549805e+00,1.764115095138549805e+00,1.611599564552307129e+00,1.611599564552307129e+00
1.110000000000000000e+02,3.556634902954101562e+00,3.556634902954101562e+00,3.320404767990112305e+00,3.320404767990112305e+00,3.411472797393798828e+00,3.411472797393798828e+00,3.097424030303955078e+00,3.097424030303955078e+00,1.486289739608764648e+00,1.486289739608764648e+00,1.335868358612060547e+00,1.335868358612060547e+00,0.000000000000000000e+00,0.000000000000000000e+00,0.000000000000000000e+00,0.000000000000000000e+00,1.924050450325012207e-01,1.924050450325012207e-01,1.970722973346710205e-01,1.970722824335098267e-01,4.904756247997283936e-01,4.904756247997283936e-01,4.480718076229095459e-01,4.480717480182647705e-01,1.810773849487304688e+00,1.810773849487304688e+00,1.654224276542663574e+00,1.654224157333374023e+00
1.120000000000000000e+02,3.590842485427856445e+00,3.590842485427856445e+00,3.352339982986450195e+00,3.352339982986450195e+00,3.413908958435058594e+00,3.413908958435058594e+00,3.094622135162353516e+00,3.094621896743774414e+00,1.438679814338684082e+00,1.438679814338684082e+00,1.293076872825622559e+00,1.293076872825622559e+00,0.000000000000000000e+00,0.000000000000000000e+00,0.000000000000000000e+00,0.000000000000000000e+00,1.932090222835540771e-01,1.932090222835540771e-01,1.931429207324981689e-01,1.931428909301757812e-01,4.747642874717712402e-01,4.747642874717712402e-01,4.337187707424163818e-01,4.337187111377716064e-01,1.857517719268798828e+00,1.857517719268798828e+00,1.696927070617675781e+00,1.696926951408386230e+00
1.130000000000000000e+02,3.623916149139404297e+00,3.623916149139404297e+00,3.385354042053222656e+00,3.385353803634643555e+00,3.413909435272216797e+00,3.413909435272216797e+00,3.089956760406494141e+00,3.089956760406494141e+00,1.389316916465759277e+00,1.389316916465759277e+00,1.248709678649902344e+00,1.248709678649902344e+00,0.000000000000000000e+00,0.000000000000000000e+00,0.000000000000000000e+00,0.000000000000000000e+00,1.932090222835540771e-01,1.932090222835540771e-01,1.888143271207809448e-01,1.888143122196197510e-01,4.584745168685913086e-01,4.584745168685913086e-01,4.188373088836669922e-01,4.188372790813446045e-01,1.904290676116943359e+00,1.904290676116943359e+00,1.739656329154968262e+00,1.739656209945678711e+00
1.140000000000000000e+02,3.655814409255981445e+00,3.655814409255981445e+00,3.418626308441162109e+00,3.418626308441162109e+00,3.411472558975219727e+00,3.411472558975219727e+00,3.083429813385009766e+00,3.083429813385009766e+00,1.338261127471923828e+00,1.338261127471923828e+00,1.202821135520935059e+00,1.202821135520935059e+00,0.000000000000000000e+00,0.000000000000000000e+00,0.000000000000000000e+00,0.000000000000000000e+00,1.924050152301788330e-01,1.924050152301788330e-01,1.840878874063491821e-01,1.840878725051879883e-01,4.416261315345764160e-01,4.416261315345764160e-01,4.034455418586730957e-01,4.034455120563507080e-01,1.951034307479858398e+00,1.951034307479858398e+00,1.782358646392822266e+00,1.782358646392822266e+00
1.150000000000000000e+02,3.686499834060668945e+00,3.686499834060668945e+00,3.450462341308593750e+00,3.450462341308593750e+00,3.406602859497070312e+00,3.406602859497070312e+00,3.075045108795166016e+00,3.075045108795166016e+00,1.285574913024902344e+00,1.285574913024902344e+00,1.155467033386230469e+00,1.155467033386230469e+00,0.000000000000000000e+00,0.000000000000000000e+00,0.000000000000000000e+00,0.000000000000000000e+00,1.907980144023895264e-01,1.907980144023895264e-01,1.789653450250625610e-01,1.789653003215789795e-01,4.242397248744964600e-01,4.242397248744964600e-01,3.875622749328613281e-01,3.875622153282165527e-01,1.895401239395141602e+00,1.895401239395141602e+00,1.824983596801757812e+00,1.824983477592468262e+00
1.160000000000000000e+02,3.715934514999389648e+00,3.715934514999389648e+00,3.480818271636962891e+00,3.480818033218383789e+00,3.399305820465087891e+00,3.399305820465087891e+00,3.064809083938598633e+00,3.064809083938598633e+00,1.231323003768920898e+00,1.231323003768920898e+00,1.106705665588378906e+00,1.106705665588378906e+00,0.000000000000000000e+00,0.000000000000000000e+00,0.000000000000000000e+00,0.000000000000000000e+00,1.883899867534637451e-01,1.883899867534637451e-01,1.734489500522613525e-01,1.734489202499389648e-01,4.063365459442138672e-01,4.063365459442138672e-01,3.712069392204284668e-01,3.712068796157836914e-01,2.044209003448486328e+00,2.044209003448486328e+00,1.867477893829345703e+00,1.867477893829345703e+00
1.170000000000000000e+02,3.744082927703857422e+00,3.744082927703857422e+00,3.509653806686401367e+00,3.509653568267822266e+00,3.389590263366699219e+00,3.389590263366699219e+00,3.052728891372680664e+00,3.052728891372680664e+00,1.175570249557495117e+00,1.175570249557495117e+00,1.056595563888549805e+00,1.056595563888549805e+00,0.000000000000000000e+00,0.000000000000000000e+00,0.000000000000000000e+00,0.000000000000000000e+00,1.851837933063507080e-01,1.851837933063507080e-01,1.691738814115524292e-01,1.691737920045852661e-01,3.879381120204925537e-01,3.879381120204925537e-01,3.543991446495056152e-01,3.543990254402160645e-01,2.090526580810546875e+00,2.090526580810546875e+00,1.909791231155395508e+00,1.909791231155395508e+00
1.180000000000000000e+02,3.770910263061523438e+00,3.770910263061523438e+00,3.536930322647094727e+00,3.536930084228515625e+00,3.377467632293701172e+00,3.377467632293701172e+00,3.038815259933471680e+00,3.038815259933471680e+00,1.118385791778564453e+00,1.118385791778564453e+00,1.005198597908020020e+00,1.005198597908020020e+00,0.000000000000000000e+00,0.000000000000000000e+00,0.000000000000000000e+00,0.000000000000000000e+00,1.811834722757339478e-01,1.811834722757339478e-01,1.655193865299224854e-01,1.655193269252777100e-01,3.690673112869262695e-01,3.690673112869262695e-01,3.371597528457641602e-01,3.371596932411193848e-01,2.136587858200073242e+00,2.136587858200073242e+00,1.951870560646057129e+00,1.951870560646057129e+00
1.190000000000000000e+02,3.796384811401367188e+00,3.796384811401367188e+00,3.562611103057861328e+00,3.562611103057861328e+00,3.362954139709472656e+00,3.362954139709472656e+00,3.023081064224243164e+00,3.023081064224243164e+00,1.059838891029357910e+00,1.059838891029357910e+00,9.525768756866455078e-01,9.525768756866455078e-01,0.000000000000000000e+00,0.000000000000000000e+00,0.000000000000000000e+00,0.000000000000000000e+00,1.763937920331954956e-01,1.763937920331954956e-01,1.611437946557998657e-01,1.611437201499938965e-01,3.497467637062072754e-01,3.497467637062072754e-01,3.195095956325531006e-01,3.195095360279083252e-01,2.182338237762451172e+00,2.182338237762451172e+00,1.993665456771850586e+00,1.993665337562561035e+00
1.200000000000000000e+02,3.820474386215209961e+00,3.820474386215209961e+00,3.586661338806152344e+00,3.586661338806152344e+00,3.346065044403076172e+00,3.346065044403076172e+00,3.007423400878906250e+00,3.007423400878906250e+00,9.999997615814208984e-01,9.999997615814208984e-01,8.987938165664672852e-01,8.987938165664672852e-01,0.000000000000000000e+00,0.000000000000000000e+00,0.000000000000000000e+00,0.000000000000000000e+00,1.708205491304397583e-01,1.708205491304397583e-01,1.560523808002471924e-01,1.560523062944412231e-01,3.299998939037322998e-01,3.299998939037322998e-01,3.014699220657348633e-01,3.014698624610900879e-01,2.227721929550170898e+00,2.227721929550170898e+00,2.035125255584716797e+00,2.035125255584716797e+00
1.210000000000000000e+02,3.843149900436401367e+00,3.843149900436401367e+00,3.609047889709472656e+00,3.609047889709472656e+00,3.326823234558105469e+00,3.326823234558105469e+00,2.990128755569458008e+00,2.990128755569458008e+00,9.389430284500122070e-01,9.389430284500122070e-01,8.439164161682128906e-01,8.439164161682128906e-01,0.000000000000000000e+00,0.000000000000000000e+00,0.000000000000000000e+00,0.000000000000000000e+00,1.644706428050994873e-01,1.644706428050994873e-01,1.502514481544494629e-01,1.502513885498046875e-01,3.098511695861816406e-01,3.098511695861816406e-01,2.830631732940673828e-01,2.830631136894226074e-01,2.272682428359985352e+00,2.272682428359985352e+00,2.076198577880859375e+00,2.076198577880859375e+00
1.220000000000000000e+02,3.864384412765502930e+00,3.864384412765502930e+00,3.629739761352539062e+00,3.629739761352539062e+00,3.305250644683837891e+00,3.305250644683837891e+00,2.970739603042602539e+00,2.970739603042602539e+00,8.767418861389160156e-01,8.767418861389160156e-01,7.880103588104248047e-01,7.880103588104248047e-01,0.000000000000000000e+00,0.000000000000000000e+00,0.000000000000000000e+00,0.000000000000000000e+00,1.573517024517059326e-01,1.573517024517059326e-01,1.437479853630065918e-01,1.437479108572006226e-01,2.893247604370117188e-01,2.893247604370117188e-01,2.643113434314727783e-01,2.643112838268280029e-01,2.317165851593017578e+00,2.317165851593017578e+00,2.116836309432983398e+00,2.116836071014404297e+00
1.230000000000000000e+02,3.884150981903076172e+00,3.884150981903076172e+00,3.648707866668701172e+00,3.648707866668701172e+00,3.281374216079711914e+00,3.281374216079711914e+00,2.949279546737670898e+00,2.949279546737670898e+00,8.134731650352478027e-01,8.134731650352478027e-01,7.311448454856872559e-01,7.311448454856872559e-01,0.000000000000000000e+00,0.000000000000000000e+00,0.000000000000000000e+00,0.000000000000000000e+00,1.494725644588470459e-01,1.494725644588470459e-01,1.365500390529632568e-01,1.365499645471572876e-01,2.684460878372192383e-01,2.684460878372192383e-01,2.452377527952194214e-01,2.452376931905746460e-01,2.361117124557495117e+00,2.361117124557495117e+00,2.156987905502319336e+00,2.156987905502319336e+00
1.240000000000000000e+02,3.902426481246948242e+00,3.902426481246948242e+00,3.665926218032836914e+00,3.665926218032836914e+00,3.255223512649536133e+00,3.255223512649536133e+00,2.925775527954101562e+00,2.925775527954101562e+00,7.492134571075439453e-01,7.492134571075439453e-01,6.733886003494262695e-01,6.733886003494262695e-01,0.000000000000000000e+00,0.000000000000000000e+00,0.000000000000000000e+00,0.000000000000000000e+00,1.408427655696868896e-01,1.408427655696868896e-01,1.286663264036178589e-01,1.286662667989730835e-01,2.472404688596725464e-01,2.472404688596725464e-01,2.258654236793518066e-01,2.258653640747070312e-01,2.404483795166015625e+00,2.404483795166015625e+00,2.196605443954467773e+00,2.196605443954467773e+00
1.250000000000000000e+02,3.919188499450683594e+00,3.919188499450683594e+00,3.681369781494140625e+00,3.681369781494140625e+00,3.226829290390014648e+00,3.226829290390014648e+00,2.900254964828491211e+00,2.900254964828491211e+00,6.840400695800781250e-01,6.840400695800781250e-01,6.148111820220947266e-01,6.148111820220947266e-01,0.000000000000000000e+00,0.000000000000000000e+00,0.000000000000000000e+00,0.000000000000000000e+00,1.314726173877716064e-01,1.314726173877716064e-01,1.201062649488449097e-01,1.201062053442001343e-01,2.257332205772399902e-01,2.257332205772399902e-01,2.062175869941711426e-01,2.062175273895263672e-01,2.447212696075439453e+00,2.447212696075439453e+00,2.235640525817871094e+00,2.235640525817871094e+00
1.260000000000000000e+02,3.934416055679321289e+00,3.934416055679321289e+00,3.695015430450439453e+00,3.695015430450439453e+00,3.196226596832275391e+00,3.196226596832275391e+00,2.872749805450439453e+00,2.872749805450439453e+00,6.180340647697448730e-01,6.180340647697448730e-01,5.554853677749633789e-01,5.554853677749633789e-01,0.000000000000000000e+00,0.000000000000000000e+00,0.000000000000000000e+00,0.000000000000000000e+00,1.213738471269607544e-01,1.213738471269607544e-01,1.108805611729621887e-01,1.108805015683174133e-01,2.039512395858764648e-01,2.039512395858764648e-01,1.863187551498413086e-01,1.863186955451965332e-01,2.489251375198364258e+00,2.489251375198364258e+00,2.274044513702392578e+00,2.274044275283813477e+00
1.270000000000000000e+02,3.948091506958007812e+00,3.948091506958007812e+00,3.706843852996826172e+00,3.706843614578247070e+00,3.163453340530395508e+00,3.163453340530395508e+00,2.843292951583862305e+00,2.843292951583862305e+00,5.512744784355163574e-01,5.512744784355163574e-01,4.954822063446044922e-01,4.954822063446044922e-01,0.000000000000000000e+00,0.000000000000000000e+00,0.000000000000000000e+00,0.000000000000000000e+00,1.105584502220153809e-01,1.105584502220153809e-01,1.010002195835113525e-01,1.010001599788665771e-01,1.819204986095428467e-01,1.819204986095428467e-01,1.661926656961441040e-01,1.661926209926605225e-01,2.530549526214599609e+00,2.530549526214599609e+00,2.311772108078002930e+00,2.311772108078002930e+00
1.280000000000000000e+02,3.960196733474731445e+00,3.960196733474731445e+00,3.716835498809814453e+00,3.716835498809814453e+00,3.128548145294189453e+00,3.128548145294189453e+00,2.811920642852783203e+00,2.811920642852783203e+00,4.838438630104064941e-01,4.838438630104064941e-01,4.348759949207305908e-01,4.348759353160858154e-01,0.000000000000000000e+00,0.000000000000000000e+00,0.000000000000000000e+00,0.000000000000000000e+00,9.903991967439651489e-02,9.903991967439651489e-02,9.047750383615493774e-02,9.047745168209075928e-02,1.596684157848358154e-01,1.596684157848358154e-01,1.458643674850463867e-01,1.458643078804016113e-01,2.571054935455322266e+00,2.571054935455322266e+00,2.348775863647460938e+00,2.348775863647460938e+00
1.290000000000000000e+02,3.970717906951904297e+00,3.970717906951904297e+00,3.724975347518920898e+00,3.724975347518920898e+00,3.091555118560791016e+00,3.091555118560791016e+00,2.778671264648437500e+00,2.778671264648437500e+00,4.158236980438232422e-01,4.158236980438232422e-01,3.737398982048034668e-01,3.737398386001586914e-01,0.000000000000000000e+00,0.000000000000000000e+00,0.000000000000000000e+00,0.000000000000000000e+00,8.683214336633682251e-02,8.683214336633682251e-02,7.932513952255249023e-02,7.932508736848831177e-02,1.372217833995819092e-01,1.372217833995819092e-01,1.253583729267120361e-01,1.253583133220672607e-01,2.610720157623291016e+00,2.610720157623291016e+00,2.385011672973632812e+00,2.385011672973632812e+00
1.300000000000000000e+02,3.979642868041992188e+00,3.979642868041992188e+00,3.731250286102294922e+00,3.731250286102294922e+00,3.052517652511596680e+00,3.052517652511596680e+00,2.743584632873535156e+00,2.743584632873535156e+00,3.472961783409118652e-01,3.472961783409118652e-01,3.121477961540222168e-01,3.121477365493774414e-01,0.000000000000000000e+00,0.000000000000000000e+00,0.000000000000000000e+00,0.000000000000000000e+00,7.394982874393463135e-02,7.394982874393463135e-02,6.755656749010086060e-02,6.755650788545608521e-02,1.146077215671539307e-01,1.146077215671539307e-01,1.046993881464004517e-01,1.046993285417556763e-01,2.649497032165527344e+00,2.649497032165527344e+00,2.420436143875122070e+00,2.420435905456542969e+00
1.310000000000000000e+02,3.986959934234619141e+00,3.986959934234619141e+00,3.735648155212402344e+00,3.735648155212402344e+00,3.011485099792480469e+00,3.011485099792480469e+00,2.706704854965209961e+00,2.706704854965209961e+00,2.783463597297668457e-01,2.783463597297668457e-01,2.501760721206665039e-01,2.501760125160217285e-01,0.000000000000000000e+00,0.000000000000000000e+00,0.000000000000000000e+00,0.000000000000000000e+00,6.040897965431213379e-02,6.040897965431213379e-02,5.518638342618942261e-02,5.518632382154464722e-02,9.185427427291870117e-02,9.185427427291870117e-02,8.391308039426803589e-02,8.391302824020385742e-02,2.687336444854736328e+00,2.687336444854736328e+00,2.455004215240478516e+00,2.455004215240478516e+00
1.320000000000000000e+02,3.992660045623779297e+00,3.992660045623779297e+00,3.738159894943237305e+00,3.738159656524658203e+00,2.968505382537841797e+00,2.968505382537841797e+00,2.668075084686279297e+00,2.668075084686279297e+00,2.090565413236618042e-01,2.090565413236618042e-01,1.878988146781921387e-01,1.878987550735473633e-01,0.000000000000000000e+00,0.000000000000000000e+00,0.000000000000000000e+00,0.000000000000000000e+00,4.622578620910644531e-02,4.622578620910644531e-02,4.222938418388366699e-02,4.222933202981948853e-02,6.898867338895797729e-02,6.898867338895797729e-02,6.302431225776672363e-02,6.302426010370254517e-02,2.724193811416625977e+00,2.724193811416625977e+00,2.488675355911254883e+00,2.488675355911254883e+00
1.330000000000000000e+02,3.996736049652099609e+00,3.996736049652099609e+00,3.738778829574584961e+00,3.738778829574584961e+00,2.923632860183715820e+00,2.923632860183715820e+00,2.627743721008300781e+00,2.627743721008300781e+00,1.395128667354583740e-01,1.395128667354583740e-01,1.253933608531951904e-01,1.253933012485504150e-01,0.000000000000000000e+00,0.000000000000000000e+00,0.000000000000000000e+00,0.000000000000000000e+00,3.141781687736511230e-02,3.141781687736511230e-02,2.870163135230541229e-02,2.870157733559608459e-02,4.603922367095947266e-02,4.603922367095947266e-02,4.205895215272903442e-02,4.205889627337455750e-02,2.760023117065429688e+00,2.760023117065429688e+00,2.521406888961791992e+00,2.521406888961791992e+00
1.340000000000000000e+02,3.999183654785156250e+00,3.999183654785156250e+00,3.737499952316284180e+00,3.737499952316284180e+00,2.876920461654663086e+00,2.876920461654663086e+00,2.585758924484252930e+00,2.585758924484252930e+00,6.979844719171524048e-02,6.979844719171524048e-02,6.273445487022399902e-02,6.273439526557922363e-02,0.000000000000000000e+00,0.000000000000000000e+00,0.000000000000000000e+00,0.000000000000000000e+00,1.600283943116664886e-02,1.600283943116664886e-02,1.461935043334960938e-02,1.461929362267255783e-02,2.303348109126091003e-02,2.303348109126091003e-02,2.104215882718563080e-02,2.104210294783115387e-02,2.794782161712646484e+00,2.794782161712646484e+00,2.553160905838012695e+00,2.553160667419433594e+00
1.350000000000000000e+02,3.999999761581420898e+00,3.999999761581420898e+00,3.734321355819702148e+00,3.734321355819702148e+00,2.828426837921142578e+00,2.828426837921142578e+00,2.542173385620117188e+00,2.542173385620117188e+00,1.470262134262156906e-07,1.470262134262156906e-07,1.460810921116717509e-07,1.312759394522799994e-07,1.966953355747591559e-08,1.966953355747591559e-08,5.484722453985568791e-09,2.987299652090769086e-08,2.950429589532177488e-08,2.950429589532177488e-08,4.392476427028668695e-08,9.982274562503334892e-09,4.172538226043798204e-08,4.172538226043798204e-08,6.721096923456570948e-08,2.114678743225795188e-08,2.828426837921142578e+00,2.828426837921142578e+00,2.583896636962890625e+00,2.583896636962890625e+00
1.360000000000000000e+02,3.999183893203735352e+00,3.999183893203735352e+00,3.737500190734863281e+00,3.737500190734863281e+00,2.794782161712646484e+00,2.794782161712646484e+00,2.511933565139770508e+00,2.511933803558349609e+00,2.303359098732471466e-02,2.303359098732471466e-02,2.070243656635284424e-02,2.070247381925582886e-02,1.600291579961776733e-02,1.600291579961776733e-02,1.438330579549074173e-02,1.438334211707115173e-02,0.000000000000000000e+00,0.000000000000000000e+00,0.000000000000000000e+00,0.000000000000000000e+00,6.979850679636001587e-02,6.979850679636001587e-02,6.376412510871887207e-02,6.376408040523529053e-02,2.876920700073242188e+00,2.876920700073242188e+00,2.628198146820068359e+00,2.628198146820068359e+00
1.370000000000000000e+02,3.996736049652099609e+00,3.996736049652099609e+00,3.738778829574584961e+00,3.738778829574584961e+00,2.760023355484008789e+00,2.760023355484008789e+00,2.480692625045776367e+00,2.480692625045776367e+00,4.603933542966842651e-02,4.603933542966842651e-02,4.137986525893211365e-02,4.137990623712539673e-02,3.141789138317108154e-02,3.141789138317108154e-02,2.823819220066070557e-02,2.823822945356369019e-02,0.000000000000000000e+00,0.000000000000000000e+00,0.000000000000000000e+00,0.000000000000000000e+00,1.395131051540374756e-01,1.395131051540374756e-01,1.274515688419342041e-01,1.274515092372894287e-01,2.923633098602294922e+00,2.923633098602294922e+00,2.670871734619140625e+00,2.670871734619140625e+00
1.380000000000000000e+02,3.992660045623779297e+00,3.992660045623779297e+00,3.738159894943237305e+00,3.738159894943237305e+00,2.724193811416625977e+00,2.724193811416625977e+00,2.448489427566528320e+00,2.448489427566528320e+00,6.898878514766693115e-02,6.898878514766693115e-02,6.200668960809707642e-02,6.200672686100006104e-02,4.622585326433181763e-02,4.622585326433181763e-02,4.154750332236289978e-02,4.154754430055618286e-02,0.000000000000000000e+00,0.000000000000000000e+00,0.000000000000000000e+00,0.000000000000000000e+00,2.090567797422409058e-01,2.090567797422409058e-01,1.909828931093215942e-01,1.909828335046768188e-01,2.968505620956420898e+00,2.968505620956420898e+00,2.711864948272705078e+00,2.711864948272705078e+00
1.390000000000000000e+02,3.986959695816040039e+00,3.986959695816040039e+00,3.735647916793823242e+00,3.735648155212402344e+00,2.687336206436157227e+00,2.687336206436157227e+00,2.415361881256103516e+00,2.415362119674682617e+00,9.185440838336944580e-02,9.185440838336944580e-02,8.255816251039505005e-02,8.255822211503982544e-02,6.040905416011810303e-02,6.040905416011810303e-02,5.429526418447494507e-02,5.429533123970031738e-02,0.000000000000000000e+00,0.000000000000000000e+00,0.000000000000000000e+00,0.000000000000000000e+00,2.783465385437011719e-01,2.783465385437011719e-01,2.542822360992431641e-01,2.542821764945983887e-01,3.011485099792480469e+00,3.011485099792480469e+00,2.751128673553466797e+00,2.751128673553466797e+00
1.400000000000000000e+02,3.979642868041992188e+00,3.979642868041992188e+00,3.731250286102294922e+00,3.731250286102294922e+00,2.649496555328369141e+00,2.649496555328369141e+00,2.381351947784423828e+00,2.381351947784423828e+00,1.146078556776046753e-01,1.146078556776046753e-01,1.030088216066360474e-01,1.030088812112808228e-01,7.394990324974060059e-02,7.394990324974060059e-02,6.646569818258285522e-02,6.646576523780822754e-02,0.000000000000000000e+00,0.000000000000000000e+00,0.000000000000000000e+00,0.000000000000000000e+00,3.472964167594909668e-01,3.472964167594909668e-01,3.172710835933685303e-01,3.172710239887237549e-01,3.052517890930175781e+00,3.052517890930175781e+00,2.788614273071289062e+00,2.788614273071289062e+00
1.410000000000000000e+02,3.970717906951904297e+00,3.970717906951904297e+00,3.724975347518920898e+00,3.724975347518920898e+00,2.610720396041870117e+00,2.610720396041870117e+00,2.346500396728515625e+00,2.346500396728515625e+00,1.372216045856475830e-01,1.372216045856475830e-01,1.233339384198188782e-01,1.233340054750442505e-01,8.683203905820846558e-02,8.683203905820846558e-02,7.804408669471740723e-02,7.804415374994277954e-02,0.000000000000000000e+00,0.000000000000000000e+00,0.000000000000000000e+00,0.000000000000000000e+00,4.158228635787963867e-01,4.158228635787963867e-01,3.798730969429016113e-01,3.798730373382568359e-01,3.091554641723632812e+00,3.091554641723632812e+00,2.824275493621826172e+00,2.824275493621826172e+00
1.420000000000000000e+02,3.960196733474731445e+00,3.960196733474731445e+00,3.716835498809814453e+00,3.716835498809814453e+00,2.571055173873901367e+00,2.571055173873901367e+00,2.310848951339721680e+00,2.310848951339721680e+00,1.596685498952865601e-01,1.596685498952865601e-01,1.435091197490692139e-01,1.435091793537139893e-01,9.903999418020248413e-02,9.903999418020248413e-02,8.901652693748474121e-02,8.901658654212951660e-02,0.000000000000000000e+00,0.000000000000000000e+00,0.000000000000000000e+00,0.000000000000000000e+00,4.838440418243408203e-01,4.838440418243408203e-01,4.420135319232940674e-01,4.420134723186492920e-01,3.128548383712768555e+00,3.128548383712768555e+00,2.858071565628051758e+00,2.858071565628051758e+00
1.430000000000000000e+02,3.948091268539428711e+00,3.948091268539428711e+00,3.706843852996826172e+00,3.706843852996826172e+00,2.530549526214599609e+00,2.530549526214599609e+00,2.274442672729492188e+00,2.274442672729492188e+00,1.819206476211547852e-01,1.819206476211547852e-01,1.635091602802276611e-01,1.635092198848724365e-01,1.105585247278213501e-01,1.105585247278213501e-01,9.936930239200592041e-02,9.936937689781188965e-02,0.000000000000000000e+00,0.000000000000000000e+00,0.000000000000000000e+00,0.000000000000000000e+00,5.512746572494506836e-01,5.512746572494506836e-01,5.036144256591796875e-01,5.036144256591796875e-01,3.163453102111816406e+00,3.163453102111816406e+00,2.889958381652832031e+00,2.889958381652832031e+00
1.440000000000000000e+02,3.934416294097900391e+00,3.934416294097900391e+00,3.695015430450439453e+00,3.695015430450439453e+00,2.489251375198364258e+00,2.489251375198364258e+00,2.237324237823486328e+00,2.237324237823486328e+00,2.039513885974884033e-01,2.039513885974884033e-01,1.833102554082870483e-01,1.833103299140930176e-01,1.213739216327667236e-01,1.213739216327667236e-01,1.090901196002960205e-01,1.090901717543601990e-01,0.000000000000000000e+00,0.000000000000000000e+00,0.000000000000000000e+00,0.000000000000000000e+00,6.180343031883239746e-01,6.180343031883239746e-01,5.646023750305175781e-01,5.646023750305175781e-01,3.196226835250854492e+00,3.196226835250854492e+00,2.919898986816406250e+00,2.919898986816406250e+00
1.450000000000000000e+02,3.919188499450683594e+00,3.919188499450683594e+00,3.681369781494140625e+00,3.681369781494140625e+00,2.447212934494018555e+00,2.447212934494018555e+00,2.199540376663208008e+00,2.199540376663208008e+00,2.257333397865295410e-01,2.257333397865295410e-01,2.028877437114715576e-01,2.028878331184387207e-01,1.314726769924163818e-01,1.314726769924163818e-01,1.181668341159820557e-01,1.181668937206268311e-01,0.000000000000000000e+00,0.000000000000000000e+00,0.000000000000000000e+00,0.000000000000000000e+00,6.840401291847229004e-01,6.840401291847229004e-01,6.249017715454101562e-01,6.249017715454101562e-01,3.226829290390014648e+00,3.226829290390014648e+00,2.947855472564697266e+00,2.947855472564697266e+00
1.460000000000000000e+02,3.902426481246948242e+00,3.902426481246948242e+00,3.665926218032836914e+00,3.665926218032836914e+00,2.404484033584594727e+00,2.404484033584594727e+00,2.161135673522949219e+00,2.161135673522949219e+00,2.472405880689620972e-01,2.472405880689620972e-01,2.222183346748352051e-01,2.222184091806411743e-01,1.408428251743316650e-01,1.408428251743316650e-01,1.265886723995208740e-01,1.265887320041656494e-01,0.000000000000000000e+00,0.000000000000000000e+00,0.000000000000000000e+00,0.000000000000000000e+00,7.492136359214782715e-01,7.492136359214782715e-01,6.844407320022583008e-01,6.844407320022583008e-01,3.255223751068115234e+00,3.255223751068115234e+00,2.973794698715209961e+00,2.973794698715209961e+00
1.470000000000000000e+02,3.884150981903076172e+00,3.884150981903076172e+00,3.648707866668701172e+00,3.648707866668701172e+00,2.361117124557495117e+00,2.361117124557495117e+00,2.122158050537109375e+00,2.122158050537109375e+00,2.684462666511535645e-01,2.684462666511535645e-01,2.412778586149215698e-01,2.412779331207275391e-01,1.494726240634918213e-01,1.494726240634918213e-01,1.343450844287872314e-01,1.343451440334320068e-01,0.000000000000000000e+00,0.000000000000000000e+00,0.000000000000000000e+00,0.000000000000000000e+00,8.134733438491821289e-01,8.134733438491821289e-01,7.431448698043823242e-01,7.431448698043823242e-01,3.281374454498291016e+00,3.281374454498291016e+00,2.997684955596923828e+00,2.997684955596923828e+00
1.480000000000000000e+02,3.864384412765502930e+00,3.864384412765502930e+00,3.629739761352539062e+00,3.629739761352539062e+00,2.317165851593017578e+00,2.317165851593017578e+00,2.082654953002929688e+00,2.082654953002929688e+00,2.893249392509460449e-01,2.893249392509460449e-01,2.600434422492980957e-01,2.600435316562652588e-01,1.573517620563507080e-01,1.573517620563507080e-01,1.414268016815185547e-01,1.414268761873245239e-01,0.000000000000000000e+00,0.000000000000000000e+00,0.000000000000000000e+00,0.000000000000000000e+00,8.767420053482055664e-01,8.767420053482055664e-01,8.009437322616577148e-01,8.009437322616577148e-01,3.305250644683837891e+00,3.305250644683837891e+00,3.019496917724609375e+00,3.019496917724609375e+00
1.490000000000000000e+02,3.843149662017822266e+00,3.843149662017822266e+00,3.609047889709472656e+00,3.609047889709472656e+00,2.272682189941406250e+00,2.272682189941406250e+00,2.042673110961914062e+00,2.042673110961914062e+00,3.098513484001159668e-01,3.098513484001159668e-01,2.784925103187561035e-01,2.784925699234008789e-01,1.644707024097442627e-01,1.644707024097442627e-01,1.478252559900283813e-01,1.478253304958343506e-01,0.000000000000000000e+00,0.000000000000000000e+00,0.000000000000000000e+00,0.000000000000000000e+00,9.389431476593017578e-01,9.389431476593017578e-01,8.577672243118286133e-01,8.577672243118286133e-01,3.326823234558105469e+00,3.326823234558105469e+00,3.039204359054565430e+00,3.039204359054565430e+00
1.500000000000000000e+02,3.820474147796630859e+00,3.820474147796630859e+00,3.586661100387573242e+00,3.586661338806152344e+00,2.227721691131591797e+00,2.227721691131591797e+00,2.002263069152832031e+00,2.002263069152832031e+00,3.300000429153442383e-01,3.300000429153442383e-01,2.966020405292510986e-01,2.966021001338958740e-01,1.708205640316009521e-01,1.708205640316009521e-01,1.535324752330780029e-01,1.535325348377227783e-01,0.000000000000000000e+00,0.000000000000000000e+00,0.000000000000000000e+00,0.000000000000000000e+00,9.999999403953552246e-01,9.999999403953552246e-01,9.135453701019287109e-01,9.135453701019287109e-01,3.346065044403076172e+00,3.346065044403076172e+00,3.056782722473144531e+00,3.056782722473144531e+00
1.510000000000000000e+02,3.796384811401367188e+00,3.796384811401367188e+00,3.562611103057861328e+00,3.562611341476440430e+00,2.182338237762451172e+00,2.182338237762451172e+00,1.961472749710083008e+00,1.961472749710083008e+00,3.497469127178192139e-01,3.497469127178192139e-01,3.143504261970520020e-01,3.143504858016967773e-01,1.763938367366790771e-01,1.763938367366790771e-01,1.590196490287780762e-01,1.590196937322616577e-01,0.000000000000000000e+00,0.000000000000000000e+00,0.000000000000000000e+00,0.000000000000000000e+00,1.059839010238647461e+00,1.059839010238647461e+00,9.682111144065856934e-01,9.682111144065856934e-01,3.362954139709472656e+00,3.362954139709472656e+00,3.072211742401123047e+00,3.072211742401123047e+00
1.520000000000000000e+02,3.770910263061523438e+00,3.770910263061523438e+00,3.536930322647094727e+00,3.536930322647094727e+00,2.136588096618652344e+00,2.136588096618652344e+00,1.920352578163146973e+00,1.920352697372436523e+00,3.690674304962158203e-01,3.690674304962158203e-01,3.317155838012695312e-01,3.317156434059143066e-01,1.811835169792175293e-01,1.811835169792175293e-01,1.660137623548507690e-01,1.660138070583343506e-01,0.000000000000000000e+00,0.000000000000000000e+00,0.000000000000000000e+00,0.000000000000000000e+00,1.118385791778564453e+00,1.118385791778564453e+00,1.021696329116821289e+00,1.021696329116821289e+00,3.377467632293701172e+00,3.377467632293701172e+00,3.085470676422119141e+00,3.085470676422119141e+00
1.530000000000000000e+02,3.744082927703857422e+00,3.744082927703857422e+00,3.509653568267822266e+00,3.509653568267822266e+00,2.090526580810546875e+00,2.090526580810546875e+00,1.878952622413635254e+00,1.878952741622924805e+00,3.879382610321044922e-01,3.879382610321044922e-01,3.486765921115875244e-01,3.486766815185546875e-01,1.851838231086730957e-01,1.851838231086730957e-01,1.726273596286773682e-01,1.726274043321609497e-01,0.000000000000000000e+00,0.000000000000000000e+00,0.000000000000000000e+00,0.000000000000000000e+00,1.175570368766784668e+00,1.175570368766784668e+00,1.073936939239501953e+00,1.073936939239501953e+00,3.389590263366699219e+00,3.389590263366699219e+00,3.096544981002807617e+00,3.096544981002807617e+00
1.540000000000000000e+02,3.715934514999389648e+00,3.715934514999389648e+00,3.480817794799804688e+00,3.480818033218383789e+00,2.044208765029907227e+00,2.044208765029907227e+00,1.837322711944580078e+00,1.837322711944580078e+00,4.063367247581481934e-01,4.063367247581481934e-01,3.652130067348480225e-01,3.652130663394927979e-01,1.883900165557861328e-01,1.883900165557861328e-01,1.788569092750549316e-01,1.788569539785385132e-01,0.000000000000000000e+00,0.000000000000000000e+00,0.000000000000000000e+00,0.000000000000000000e+00,1.231323122978210449e+00,1.231323122978210449e+00,1.124869585037231445e+00,1.124869585037231445e+00,3.399305820465087891e+00,3.399305820465087891e+00,3.106766700744628906e+00,3.106766700744628906e+00
1.550000000000000000e+02,3.686499595642089844e+00,3.686499595642089844e+00,3.450462102890014648e+00,3.450462102890014648e+00,1.895401120185852051e+00,1.895401120185852051e+00,1.795514583587646484e+00,1.795514702796936035e+00,4.242398738861083984e-01,4.242398738861083984e-01,3.813042044639587402e-01,3.813042640686035156e-01,1.907980442047119141e-01,1.907980442047119141e-01,1.846990287303924561e-01,1.846990585327148438e-01,0.000000000000000000e+00,0.000000000000000000e+00,0.000000000000000000e+00,0.000000000000000000e+00,1.285574913024902344e+00,1.285574913024902344e+00,1.174431085586547852e+00,1.174431085586547852e+00,3.406602859497070312e+00,3.406602859497070312e+00,3.116749525070190430e+00,3.116749525070190430e+00
1.560000000000000000e+02,3.655814409255981445e+00,3.655814409255981445e+00,3.418626308441162109e+00,3.418626308441162109e+00,1.951034069061279297e+00,1.951034069061279297e+00,1.753577709197998047e+00,1.753577709197998047e+00,4.416263997554779053e-01,4.416263997554779053e-01,3.969311714172363281e-01,3.969312310218811035e-01,1.924050450325012207e-01,1.924050450325012207e-01,1.901510804891586304e-01,1.901510953903198242e-01,0.000000000000000000e+00,0.000000000000000000e+00,0.000000000000000000e+00,0.000000000000000000e+00,1.338261604309082031e+00,1.338261604309082031e+00,1.222562789916992188e+00,1.222562789916992188e+00,3.411472797393798828e+00,3.411472797393798828e+00,3.124852895736694336e+00,3.124852895736694336e+00
1.570000000000000000e+02,3.623915672302246094e+00,3.623915672302246094e+00,3.385353565216064453e+00,3.385353565216064453e+00,1.904290437698364258e+00,1.904290437698364258e+00,1.711564779281616211e+00,1.711564779281616211e+00,4.584746360778808594e-01,4.584746360778808594e-01,4.120742380619049072e-01,4.120743274688720703e-01,1.932090222835540771e-01,1.932090222835540771e-01,1.952106058597564697e-01,1.952106356620788574e-01,0.000000000000000000e+00,0.000000000000000000e+00,0.000000000000000000e+00,0.000000000000000000e+00,1.389316916465759277e+00,1.389316916465759277e+00,1.269204139709472656e+00,1.269204139709472656e+00,3.413909196853637695e+00,3.413909196853637695e+00,3.131070613861083984e+00,3.131070613861083984e+00
1.580000000000000000e+02,3.590842008590698242e+00,3.590842008590698242e+00,3.352339744567871094e+00,3.352339744567871094e+00,1.857517600059509277e+00,1.857517600059509277e+00,1.669525623321533203e+00,1.669525623321533203e+00,4.747644960880279541e-01,4.747644960880279541e-01,4.267154932022094727e-01,4.267155230045318604e-01,1.932090222835540771e-01,1.932090222835540771e-01,1.998758614063262939e-01,1.998758912086486816e-01,0.000000000000000000e+00,0.000000000000000000e+00,0.000000000000000000e+00,0.000000000000000000e+00,1.438679933547973633e+00,1.438679933547973633e+00,1.314299583435058594e+00,1.314299583435058594e+00,3.413908958435058594e+00,3.413908958435058594e+00,3.135399103164672852e+00,3.135399103164672852e+00
1.590000000000000000e+02,3.556635141372680664e+00,3.556635141372680664e+00,3.320404767990112305e+00,3.320404767990112305e+00,1.810773849487304688e+00,1.810773849487304688e+00,1.627512693405151367e+00,1.627512693405151367e+00,4.904757440090179443e-01,4.904757440090179443e-01,4.408366680145263672e-01,4.408367276191711426e-01,1.924050152301788330e-01,1.924050152301788330e-01,2.041453272104263306e-01,2.041453570127487183e-01,0.000000000000000000e+00,0.000000000000000000e+00,0.000000000000000000e+00,0.000000000000000000e+00,1.486289978027343750e+00,1.486289978027343750e+00,1.357793331146240234e+00,1.357793331146240234e+00,3.411472797393798828e+00,3.411472797393798828e+00,3.137837171554565430e+00,3.137837171554565430e+00
1.600000000000000000e+02,3.521335601806640625e+00,3.521335601806640625e+00,3.287450075149536133e+00,3.287450075149536133e+00,1.764115571975708008e+00,1.764115571975708008e+00,1.585576653480529785e+00,1.585576653480529785e+00,5.055893659591674805e-01,5.055893659591674805e-01,4.544206857681274414e-01,4.544207751750946045e-01,1.907980442047119141e-01,1.907980442047119141e-01,2.080180644989013672e-01,2.080181092023849487e-01,0.000000000000000000e+00,0.000000000000000000e+00,0.000000000000000000e+00,0.000000000000000000e+00,1.532088756561279297e+00,1.532088756561279297e+00,1.399632692337036133e+00,1.399632692337036133e+00,3.406602859497070312e+00,3.406602859497070312e+00,3.138385772705078125e+00,3.138385772705078125e+00
1.610000000000000000e+02,3.484986543655395508e+00,3.484986543655395508e+00,3.253515005111694336e+00,3.253515243530273438e+00,1.717599153518676758e+00,1.717599153518676758e+00,1.543767809867858887e+00,1.543767929077148438e+00,5.200872421264648438e-01,5.200872421264648438e-01,4.674512743949890137e-01,4.674513339996337891e-01,1.883899867534637451e-01,1.883899867534637451e-01,2.114936113357543945e-01,2.114936709403991699e-01,0.000000000000000000e+00,0.000000000000000000e+00,0.000000000000000000e+00,0.000000000000000000e+00,1.576021909713745117e+00,1.576021909713745117e+00,1.439767599105834961e+00,1.439767599105834961e+00,3.399306058883666992e+00,3.399306058883666992e+00,3.137048244476318359e+00,3.137048244476318359e+00
1.620000000000000000e+02,3.447632312774658203e+00,3.447632312774658203e+00,3.218641757965087891e+00,3.218641996383666992e+00,1.671282052993774414e+00,1.671282052993774414e+00,1.502138257026672363e+00,1.502138376235961914e+00,5.339512825012207031e-01,5.339512825012207031e-01,4.799122214317321777e-01,4.799122512340545654e-01,1.851838529109954834e-01,1.851838529109954834e-01,2.145718336105346680e-01,2.145718634128570557e-01,0.000000000000000000e+00,0.000000000000000000e+00,0.000000000000000000e+00,0.000000000000000000e+00,1.618033885955810547e+00,1.618033885955810547e+00,1.478147506713867188e+00,1.478147506713867188e+00,3.389590024948120117e+00,3.389590024948120117e+00,3.133829832077026367e+00,3.133829832077026367e+00
1.630000000000000000e+02,3.409318208694458008e+00,3.409318208694458008e+00,3.182872772216796875e+00,3.182872772216796875e+00,1.625219583511352539e+00,1.625219583511352539e+00,1.460737586021423340e+00,1.460737705230712891e+00,5.471650362014770508e-01,5.471650362014770508e-01,4.917886257171630859e-01,4.917886853218078613e-01,1.811834275722503662e-01,1.811834275722503662e-01,2.172531783580780029e-01,2.172532081604003906e-01,0.000000000000000000e+00,0.000000000000000000e+00,0.000000000000000000e+00,0.000000000000000000e+00,1.658075332641601562e+00,1.658075332641601562e+00,1.514727234840393066e+00,1.514727234840393066e+00,3.377467632293701172e+00,3.377467632293701172e+00,3.128738641738891602e+00,3.128738641738891602e+00
1.640000000000000000e+02,3.370091676712036133e+00,3.370091676712036133e+00,3.146251440048217773e+00,3.146251440048217773e+00,1.579469442367553711e+00,1.579469442367553711e+00,1.419617772102355957e+00,1.419617891311645508e+00,5.597118139266967773e-01,5.597118139266967773e-01,5.030655860900878906e-01,5.030656456947326660e-01,1.763937473297119141e-01,1.763937473297119141e-01,2.195383608341217041e-01,2.195383906364440918e-01,0.000000000000000000e+00,0.000000000000000000e+00,0.000000000000000000e+00,0.000000000000000000e+00,1.696096181869506836e+00,1.696096181869506836e+00,1.549460887908935547e+00,1.549460887908935547e+00,3.362953186035156250e+00,3.362953186035156250e+00,3.121784210205078125e+00,3.121784210205078125e+00
1.650000000000000000e+02,3.330000162124633789e+00,3.330000162124633789e+00,3.108823299407958984e+00,3.108823299407958984e+00,1.534086823463439941e+00,1.534086823463439941e+00,1.378828167915344238e+00,1.378828167915344238e+00,5.715768337249755859e-01,5.715768337249755859e-01,5.137298107147216797e-01,5.137298703193664551e-01,1.708205789327621460e-01,1.708205789327621460e-01,2.214287370443344116e-01,2.214287519454956055e-01,0.000000000000000000e+00,0.000000000000000000e+00,0.000000000000000000e+00,0.000000000000000000e+00,1.732050657272338867e+00,1.732050657272338867e+00,1.582306981086730957e+00,1.582306981086730957e+00,3.346065282821655273e+00,3.346065282821655273e+00,3.112979650497436523e+00,3.112979650497436523e+00
1.660000000000000000e+02,3.289092063903808594e+00,3.289092063903808594e+00,3.070631980895996094e+00,3.070631980895996094e+00,1.489125967025756836e+00,1.489125967025756836e+00,1.338417530059814453e+00,1.338417530059814453e+00,5.827454328536987305e-01,5.827454328536987305e-01,5.237681269645690918e-01,5.237681865692138672e-01,1.644706428050994873e-01,1.644706428050994873e-01,2.229259908199310303e-01,2.229260057210922241e-01,0.000000000000000000e+00,0.000000000000000000e+00,0.000000000000000000e+00,0.000000000000000000e+00,1.765895366668701172e+00,1.765895366668701172e+00,1.613225460052490234e+00,1.613225460052490234e+00,3.326822996139526367e+00,3.326822996139526367e+00,3.102338790893554688e+00,3.102338790893554688e+00
1.670000000000000000e+02,3.247417688369750977e+00,3.247417688369750977e+00,3.031725406646728516e+00,3.031725406646728516e+00,1.444643020629882812e+00,1.444643020629882812e+00,1.298436522483825684e+00,1.298436641693115234e+00,5.932041406631469727e-01,5.932041406631469727e-01,5.331683158874511719e-01,5.331683158874511719e-01,1.573517918586730957e-01,1.573517918586730957e-01,2.240322828292846680e-01,2.240323126316070557e-01,0.000000000000000000e+00,0.000000000000000000e+00,0.000000000000000000e+00,0.000000000000000000e+00,1.797588109970092773e+00,1.797588109970092773e+00,1.642178535461425781e+00,1.642178535461425781e+00,3.305250883102416992e+00,3.305250883102416992e+00,3.089878082275390625e+00,3.089878082275390625e+00
1.680000000000000000e+02,3.205027103424072266e+00,3.205027103424072266e+00,2.992150306701660156e+00,2.992150306701660156e+00,1.400690793991088867e+00,1.400690793991088867e+00,1.258932590484619141e+00,1.258932590484619141e+00,6.029400825500488281e-01,6.029400825500488281e-01,5.419189333915710449e-01,5.419189929962158203e-01,1.494725644588470459e-01,1.494725644588470459e-01,2.247502058744430542e-01,2.247502207756042480e-01,0.000000000000000000e+00,0.000000000000000000e+00,0.000000000000000000e+00,0.000000000000000000e+00,1.827091097831726074e+00,1.827091097831726074e+00,1.669130802154541016e+00,1.669130802154541016e+00,3.281374454498291016e+00,3.281374454498291016e+00,3.075616359710693359e+00,3.075616359710693359e+00
1.690000000000000000e+02,3.161972999572753906e+00,3.161972999572753906e+00,2.951955795288085938e+00,2.951956033706665039e+00,1.357324361801147461e+00,1.357324361801147461e+00,1.219955086708068848e+00,1.219955205917358398e+00,6.119413375854492188e-01,6.119413375854492188e-01,5.500092506408691406e-01,5.500093102455139160e-01,1.408426761627197266e-01,1.408426761627197266e-01,2.250827401876449585e-01,2.250827550888061523e-01,0.000000000000000000e+00,0.000000000000000000e+00,0.000000000000000000e+00,0.000000000000000000e+00,1.854367733001708984e+00,1.854367733001708984e+00,1.694049119949340820e+00,1.694049119949340820e+00,3.255223274230957031e+00,3.255223274230957031e+00,3.059574842453002930e+00,3.059574842453002930e+00
1.700000000000000000e+02,3.118307590484619141e+00,3.118307590484619141e+00,2.911190748214721680e+00,2.911190748214721680e+00,1.314595937728881836e+00,1.314595937728881836e+00,1.181550979614257812e+00,1.181551098823547363e+00,6.201971769332885742e-01,6.201971769332885742e-01,5.574294924736022949e-01,5.574295520782470703e-01,1.314726769924163818e-01,1.314726769924163818e-01,2.250334024429321289e-01,2.250334173440933228e-01,0.000000000000000000e+00,0.000000000000000000e+00,0.000000000000000000e+00,0.000000000000000000e+00,1.879385232925415039e+00,1.879385232925415039e+00,1.716903686523437500e+00,1.716903686523437500e+00,3.226829290390014648e+00,3.226829290390014648e+00,3.041776657104492188e+00,3.041776657104492188e+00
1.710000000000000000e+02,3.074082851409912109e+00,3.074082851409912109e+00,2.869903564453125000e+00,2.869903564453125000e+00,1.272556781768798828e+00,1.272556781768798828e+00,1.143766403198242188e+00,1.143766403198242188e+00,6.276974678039550781e-01,6.276974678039550781e-01,5.641707181930541992e-01,5.641707181930541992e-01,1.213738024234771729e-01,1.213738024234771729e-01,2.246060073375701904e-01,2.246060073375701904e-01,0.000000000000000000e+00,0.000000000000000000e+00,0.000000000000000000e+00,0.000000000000000000e+00,1.902113437652587891e+00,1.902113437652587891e+00,1.737667083740234375e+00,1.737667083740234375e+00,3.196226596832275391e+00,3.196226596832275391e+00,3.022247076034545898e+00,3.022247076034545898e+00
1.720000000000000000e+02,3.029354095458984375e+00,3.029354095458984375e+00,2.828145742416381836e+00,2.828145742416381836e+00,1.231259346008300781e+00,1.231259346008300781e+00,1.106648445129394531e+00,1.106648683547973633e+00,6.344327926635742188e-01,6.344327926635742188e-01,5.702244043350219727e-01,5.702244043350219727e-01,1.105585470795631409e-01,1.105585470795631409e-01,2.238047868013381958e-01,2.238048017024993896e-01,0.000000000000000000e+00,0.000000000000000000e+00,0.000000000000000000e+00,0.000000000000000000e+00,1.922523260116577148e+00,1.922523260116577148e+00,1.756312370300292969e+00,1.756312370300292969e+00,3.163453102111816406e+00,3.163453102111816406e+00,3.001013278961181641e+00,3.001013278961181641e+00
1.730000000000000000e+02,2.984175205230712891e+00,2.984175205230712891e+00,2.785967588424682617e+00,2.785967588424682617e+00,1.190752983093261719e+00,1.190752983093261719e+00,1.070241689682006836e+00,1.070241689682006836e+00,6.403952836990356445e-01,6.403952836990356445e-01,5.755833983421325684e-01,5.755834579467773438e-01,9.903985261917114258e-02,9.903985261917114258e-02,2.226344645023345947e-01,2.226344943046569824e-01,0.000000000000000000e+00,0.000000000000000000e+00,0.000000000000000000e+00,0.000000000000000000e+00,1.940591573715209961e+00,1.940591573715209961e+00,1.772818565368652344e+00,1.772818565368652344e+00,3.128548145294189453e+00,3.128548145294189453e+00,2.978104114532470703e+00,2.978104114532470703e+00
1.740000000000000000e+02,2.938601970672607422e+00,2.938601970672607422e+00,2.743421077728271484e+00,2.743421077728271484e+00,1.151087760925292969e+00,1.151087760925292969e+00,1.034590840339660645e+00,1.034590840339660645e+00,6.455774903297424316e-01,6.455774903297424316e-01,5.802412033081054688e-01,5.802412629127502441e-01,8.683210611343383789e-02,8.683210611343383789e-02,2.211001813411712646e-01,2.211001962423324585e-01,0.000000000000000000e+00,0.000000000000000000e+00,0.000000000000000000e+00,0.000000000000000000e+00,1.956295251846313477e+00,1.956295251846313477e+00,1.787164688110351562e+00,1.787164688110351562e+00,3.091555118560791016e+00,3.091555118560791016e+00,2.953552246093750000e+00,2.953552246093750000e+00
1.750000000000000000e+02,2.892688512802124023e+00,2.892688512802124023e+00,2.700557231903076172e+00,2.700557231903076172e+00,1.112311482429504395e+00,1.112311482429504395e+00,9.997389316558837891e-01,9.997389316558837891e-01,6.499731540679931641e-01,6.499731540679931641e-01,5.841919779777526855e-01,5.841920375823974609e-01,7.394974678754806519e-02,7.394974678754806519e-02,2.192073315382003784e-01,2.192073315382003784e-01,0.000000000000000000e+00,0.000000000000000000e+00,0.000000000000000000e+00,0.000000000000000000e+00,1.969615697860717773e+00,1.969615697860717773e+00,1.799333572387695312e+00,1.799333572387695312e+00,3.052517414093017578e+00,3.052517414093017578e+00,2.927389144897460938e+00,2.927389383316040039e+00
1.760000000000000000e+02,2.846492290496826172e+00,2.846492290496826172e+00,2.657429218292236328e+00,2.657429218292236328e+00,1.074472069740295410e+00,1.074472069740295410e+00,9.657291173934936523e-01,9.657291173934936523e-01,6.535769701004028320e-01,6.535769701004028320e-01,5.874310731887817383e-01,5.874311923980712891e-01,6.040892750024795532e-02,6.040892750024795532e-02,2.169618606567382812e-01,2.169618606567382812e-01,0.000000000000000000e+00,0.000000000000000000e+00,0.000000000000000000e+00,0.000000000000000000e+00,1.980536222457885742e+00,1.980536222457885742e+00,1.809309959411621094e+00,1.809309959411621094e+00,3.011484622955322266e+00,3.011484622955322266e+00,2.899651527404785156e+00,2.899651765823364258e+00
1.770000000000000000e+02,2.800067901611328125e+00,2.800067901611328125e+00,2.614088535308837891e+00,2.614088535308837891e+00,1.037614822387695312e+00,1.037614822387695312e+00,9.326020479202270508e-01,9.326020479202270508e-01,6.563844680786132812e-01,6.563844680786132812e-01,5.899544358253479004e-01,5.899544954299926758e-01,4.622587189078330994e-02,4.622587189078330994e-02,2.143699377775192261e-01,2.143699675798416138e-01,0.000000000000000000e+00,0.000000000000000000e+00,0.000000000000000000e+00,0.000000000000000000e+00,1.989043474197387695e+00,1.989043474197387695e+00,1.817081689834594727e+00,1.817081689834594727e+00,2.968505144119262695e+00,2.968505144119262695e+00,2.870375394821166992e+00,2.870375394821166992e+00
1.780000000000000000e+02,2.753473281860351562e+00,2.753473281860351562e+00,2.570588827133178711e+00,2.570588827133178711e+00,1.001784801483154297e+00,1.001784801483154297e+00,9.003982543945312500e-01,9.003983139991760254e-01,6.583923101425170898e-01,6.583923101425170898e-01,5.917590856552124023e-01,5.917591452598571777e-01,3.141776099801063538e-02,3.141776099801063538e-02,2.114382088184356689e-01,2.114382237195968628e-01,0.000000000000000000e+00,0.000000000000000000e+00,0.000000000000000000e+00,0.000000000000000000e+00,1.995128154754638672e+00,1.995128154754638672e+00,1.822640180587768555e+00,1.822640180587768555e+00,2.923632621765136719e+00,2.923632621765136719e+00,2.839600324630737305e+00,2.839600324630737305e+00
1.790000000000000000e+02,2.706765174865722656e+00,2.706765174865722656e+00,2.526983022689819336e+00,2.526983022689819336e+00,9.670262336730957031e-01,9.670262336730957031e-01,8.691573739051818848e-01,8.691574335098266602e-01,6.595979928970336914e-01,6.595979928970336914e-01,5.928426980972290039e-01,5.928427577018737793e-01,1.600295305252075195e-02,1.600295305252075195e-02,2.081736922264099121e-01,2.081736922264099121e-01,0.000000000000000000e+00,0.000000000000000000e+00,0.000000000000000000e+00,0.000000000000000000e+00,1.998781681060791016e+00,1.998781681060791016e+00,1.825977802276611328e+00,1.825977802276611328e+00,2.876920700073242188e+00,2.876920700073242188e+00,2.807366847991943359e+00,2.807366847991943359e+00
1.800000000000000000e+02,2.659999847412109375e+00,2.659999847412109375e+00,2.483323574066162109e+00,2.483323574066162109e+00,9.333811402320861816e-01,9.333811402320861816e-01,8.389173746109008789e-01,8.389174342155456543e-01,6.600000858306884766e-01,6.600000858306884766e-01,5.932040810585021973e-01,5.932041406631469727e-01,0.000000000000000000e+00,0.000000000000000000e+00,2.045836150646209717e-01,2.045836150646209717e-01,1.685873627366163419e-07,1.685873627366163419e-07,2.950279167635017075e-07,2.950279167635017075e-07,2.000000000000000000e+00,2.000000000000000000e+00,1.827090978622436523e+00,1.827090978622436523e+00,2.828427076339721680e+00,2.828427076339721680e+00,2.773716926574707031e+00,2.773716926574707031e+00
1.810000000000000000e+02,2.613234519958496094e+00,2.613234519958496094e+00,2.439664602279663086e+00,2.439664840698242188e+00,9.493840932846069336e-01,9.493840932846069336e-01,8.533006906509399414e-01,8.533007502555847168e-01,6.595979928970336914e-01,6.595979928970336914e-01,5.928427577018737793e-01,5.928428173065185547e-01,0.000000000000000000e+00,0.000000000000000000e+00,2.006757408380508423e-01,2.006757557392120361e-01,4.849391430616378784e-02,4.849391430616378784e-02,4.430142045021057129e-02,4.430142045021057129e-02,1.998781681060791016e+00,1.998781681060791016e+00,1.825977802276611328e+00,1.825977802276611328e+00,2.794781446456909180e+00,2.794781446456909180e+00,2.738694906234741211e+00,2.738694906234741211e+00
1.820000000000000000e+02,2.566526651382446289e+00,2.566526651382446289e+00,2.396059036254882812e+00,2.396059036254882812e+00,9.647988080978393555e-01,9.647988080978393555e-01,8.671554327011108398e-01,8.671554327011108398e-01,6.583923101425170898e-01,6.583923101425170898e-01,5.917590856552124023e-01,5.917591452598571777e-01,0.000000000000000000e+00,0.000000000000000000e+00,1.964580416679382324e-01,1.964580267667770386e-01,9.520525485277175903e-02,9.520525485277175903e-02,8.697435259819030762e-02,8.697435259819030762e-02,1.995128035545349121e+00,1.995128035545349121e+00,1.822640180587768555e+00,1.822640180587768555e+00,2.760023117065429688e+00,2.760023117065429688e+00,2.702346563339233398e+00,2.702346801757812500e+00
1.830000000000000000e+02,2.519931316375732422e+00,2.519931316375732422e+00,2.352558612823486328e+00,2.352558851242065430e+00,9.796069264411926270e-01,9.796069264411926270e-01,8.804647922515869141e-01,8.804649114608764648e-01,6.563844680786132812e-01,6.563844680786132812e-01,5.899543762207031250e-01,5.899544954299926758e-01,0.000000000000000000e+00,0.000000000000000000e+00,1.919387280941009521e-01,1.919387280941009521e-01,1.400785893201828003e-01,1.400785893201828003e-01,1.279681921005249023e-01,1.279681921005249023e-01,1.989043474197387695e+00,1.989043474197387695e+00,1.817081689834594727e+00,1.817081689834594727e+00,2.724192857742309570e+00,2.724192857742309570e+00,2.664718389511108398e+00,2.664718389511108398e+00
1.840000000000000000e+02,2.473508358001708984e+00,2.473508358001708984e+00,2.309218883514404297e+00,2.309218883514404297e+00,9.937899112701416016e-01,9.937899112701416016e-01,8.932124972343444824e-01,8.932125568389892578e-01,6.535769701004028320e-01,6.535769701004028320e-01,5.874310731887817383e-01,5.874311923980712891e-01,0.000000000000000000e+00,0.000000000000000000e+00,1.871265918016433716e-01,1.871265769004821777e-01,1.830573976039886475e-01,1.830573976039886475e-01,1.672312766313552856e-01,1.672312766313552856e-01,1.980536222457885742e+00,1.980536222457885742e+00,1.809309959411621094e+00,1.809309959411621094e+00,2.687336444854736328e+00,2.687336444854736328e+00,2.625860691070556641e+00,2.625860691070556641e+00
1.850000000000000000e+02,2.427311658859252930e+00,2.427311658859252930e+00,2.266090393066406250e+00,2.266090393066406250e+00,1.007331132888793945e+00,1.007331132888793945e+00,9.053830504417419434e-01,9.053831696510314941e-01,6.499731540679931641e-01,6.499731540679931641e-01,5.841919779777526855e-01,5.841920971870422363e-01,0.000000000000000000e+00,0.000000000000000000e+00,1.820303797721862793e-01,1.820303797721862793e-01,2.240906655788421631e-01,2.240906655788421631e-01,2.047170698642730713e-01,2.047170698642730713e-01,1.969615578651428223e+00,1.969615578651428223e+00,1.799333333969116211e+00,1.799333333969116211e+00,2.649496316909790039e+00,2.649496316909790039e+00,2.585822105407714844e+00,2.585822105407714844e+00
1.860000000000000000e+02,2.381398677825927734e+00,2.381398677825927734e+00,2.223227024078369141e+00,2.223227024078369141e+00,1.020213127136230469e+00,1.020213127136230469e+00,9.169614315032958984e-01,9.169614911079406738e-01,6.455774307250976562e-01,6.455774307250976562e-01,5.802411437034606934e-01,5.802412033081054688e-01,0.000000000000000000e+00,0.000000000000000000e+00,1.766594648361206055e-01,1.766594499349594116e-01,2.631275653839111328e-01,2.631275653839111328e-01,2.403789162635803223e-01,2.403789162635803223e-01,1.956295251846313477e+00,1.956295251846313477e+00,1.787164449691772461e+00,1.787164449691772461e+00,2.610720634460449219e+00,2.610720634460449219e+00,2.544654607772827148e+00,2.544654607772827148e+00
1.870000000000000000e+02,2.335824489593505859e+00,2.335824489593505859e+00,2.180679798126220703e+00,2.180679798126220703e+00,1.032420873641967773e+00,1.032420873641967773e+00,9.279338121414184570e-01,9.279338121414184570e-01,6.403951644897460938e-01,6.403951644897460938e-01,5.755832791328430176e-01,5.755833387374877930e-01,0.000000000000000000e+00,0.000000000000000000e+00,1.710231751203536987e-01,1.710231602191925049e-01,3.001213073730468750e-01,3.001213073730468750e-01,2.741744220256805420e-01,2.741744220256805420e-01,1.940591335296630859e+00,1.940591335296630859e+00,1.772818326950073242e+00,1.772818326950073242e+00,2.571054697036743164e+00,2.571054697036743164e+00,2.502411127090454102e+00,2.502411127090454102e+00
1.880000000000000000e+02,2.290645837783813477e+00,2.290645837783813477e+00,2.138502120971679688e+00,2.138502120971679688e+00,1.043939590454101562e+00,1.043939590454101562e+00,9.382865428924560547e-01,9.382866621017456055e-01,6.344326734542846680e-01,6.344326734542846680e-01,5.702242851257324219e-01,5.702244043350219727e-01,0.000000000000000000e+00,0.000000000000000000e+00,1.651313900947570801e-01,1.651313602924346924e-01,3.350258469581604004e-01,3.350258469581604004e-01,3.060614466667175293e-01,3.060614466667175293e-01,1.922523260116577148e+00,1.922523260116577148e+00,1.756312370300292969e+00,1.756312370300292969e+00,2.530548572540283203e+00,2.530548572540283203e+00,2.459146261215209961e+00,2.459146261215209961e+00
1.890000000000000000e+02,2.245917558670043945e+00,2.245917558670043945e+00,2.096744537353515625e+00,2.096744775772094727e+00,1.054754734039306641e+00,1.054754734039306641e+00,9.480073451995849609e-01,9.480074048042297363e-01,6.276973485946655273e-01,6.276973485946655273e-01,5.641706585884094238e-01,5.641707181930541992e-01,0.000000000000000000e+00,0.000000000000000000e+00,1.589940190315246582e-01,1.589940190315246582e-01,3.677994012832641602e-01,3.677994012832641602e-01,3.360014557838439941e-01,3.360014557838439941e-01,1.902113199234008789e+00,1.902113199234008789e+00,1.737666845321655273e+00,1.737666845321655273e+00,2.489251852035522461e+00,2.489251852035522461e+00,2.414915323257446289e+00,2.414915561676025391e+00
1.900000000000000000e+02,2.201693058013916016e+00,2.201693058013916016e+00,2.055457353591918945e+00,2.055457592010498047e+00,1.064853668212890625e+00,1.064853668212890625e+00,9.570841789245605469e-01,9.570842385292053223e-01,6.201970577239990234e-01,6.201970577239990234e-01,5.574294328689575195e-01,5.574295520782470703e-01,0.000000000000000000e+00,0.000000000000000000e+00,1.526212096214294434e-01,1.526212096214294434e-01,3.984020352363586426e-01,3.984020352363586426e-01,3.639584779739379883e-01,3.639584779739379883e-01,1.879385232925415039e+00,1.879385232925415039e+00,1.716903686523437500e+00,1.716903686523437500e+00,2.447212696075439453e+00,2.447212696075439453e+00,2.369773387908935547e+00,2.369773387908935547e+00
1.910000000000000000e+02,2.158027172088623047e+00,2.158027172088623047e+00,2.014691829681396484e+00,2.014691829681396484e+00,1.074223756790161133e+00,1.074223756790161133e+00,9.655058383941650391e-01,9.655059576034545898e-01,6.119413375854492188e-01,6.119413375854492188e-01,5.500091910362243652e-01,5.500092506408691406e-01,0.000000000000000000e+00,0.000000000000000000e+00,1.460235863924026489e-01,1.460235714912414551e-01,4.267960786819458008e-01,4.267960786819458008e-01,3.898976445198059082e-01,3.898976445198059082e-01,1.854367494583129883e+00,1.854367494583129883e+00,1.694049000740051270e+00,1.694049000740051270e+00,2.404483556747436523e+00,2.404483556747436523e+00,2.323779344558715820e+00,2.323779344558715820e+00
1.920000000000000000e+02,2.114972591400146484e+00,2.114972591400146484e+00,1.974496841430664062e+00,1.974497079849243164e+00,1.082853674888610840e+00,1.082853674888610840e+00,9.732623696327209473e-01,9.732624292373657227e-01,6.029399633407592773e-01,6.029399633407592773e-01,5.419187545776367188e-01,5.419188737869262695e-01,0.000000000000000000e+00,0.000000000000000000e+00,1.392116099596023560e-01,1.392115950584411621e-01,4.529473781585693359e-01,4.529473781585693359e-01,4.137880802154541016e-01,4.137880802154541016e-01,1.827090501785278320e+00,1.827090501785278320e+00,1.669130086898803711e+00,1.669130086898803711e+00,2.361116409301757812e+00,2.361116409301757812e+00,2.276991128921508789e+00,2.276991128921508789e+00
1.930000000000000000e+02,2.072582721710205078e+00,2.072582721710205078e+00,1.934922695159912109e+00,1.934922695159912109e+00,1.090732693672180176e+00,1.090732693672180176e+00,9.803440570831298828e-01,9.803441166877746582e-01,5.932040214538574219e-01,5.932040214538574219e-01,5.331681966781616211e-01,5.331683158874511719e-01,0.000000000000000000e+00,0.000000000000000000e+00,1.321963369846343994e-01,1.321963369846343994e-01,4.768235683441162109e-01,4.768235683441162109e-01,4.356000423431396484e-01,4.356000423431396484e-01,1.797588109970092773e+00,1.797588109970092773e+00,1.642178416252136230e+00,1.642178416252136230e+00,2.317165374755859375e+00,2.317165374755859375e+00,2.229468822479248047e+00,2.229468822479248047e+00
1.940000000000000000e+02,2.030908107757568359e+00,2.030908107757568359e+00,1.896016120910644531e+00,1.896016120910644531e+00,1.097851514816284180e+00,1.097851514816284180e+00,9.867423772811889648e-01,9.867424964904785156e-01,5.827454328536987305e-01,5.827454328536987305e-01,5.237680673599243164e-01,5.237681865692138672e-01,0.000000000000000000e+00,0.000000000000000000e+00,1.249886453151702881e-01,1.249886378645896912e-01,4.983958005905151367e-01,4.983958005905151367e-01,4.553072452545166016e-01,4.553072452545166016e-01,1.765895247459411621e+00,1.765895247459411621e+00,1.613225579261779785e+00,1.613225579261779785e+00,2.272682189941406250e+00,2.272682189941406250e+00,2.181271553039550781e+00,2.181271791458129883e+00
1.950000000000000000e+02,1.990000009536743164e+00,1.990000009536743164e+00,1.857824802398681641e+00,1.857824802398681641e+00,1.104201555252075195e+00,1.104201555252075195e+00,9.924497604370117188e-01,9.924497604370117188e-01,5.715767145156860352e-01,5.715767145156860352e-01,5.137297511100769043e-01,5.137298107147216797e-01,0.000000000000000000e+00,0.000000000000000000e+00,1.175996586680412292e-01,1.175996512174606323e-01,5.176380872726440430e-01,5.176380872726440430e-01,4.728859961032867432e-01,4.728859961032867432e-01,1.732050657272338867e+00,1.732050657272338867e+00,1.582307100296020508e+00,1.582307100296020508e+00,2.227721452713012695e+00,2.227721452713012695e+00,2.132460832595825195e+00,2.132460832595825195e+00
1.960000000000000000e+02,1.949908256530761719e+00,1.949908256530761719e+00,1.820395946502685547e+00,1.820396065711975098e+00,1.109774589538574219e+00,1.109774589538574219e+00,9.974588155746459961e-01,9.974589347839355469e-01,5.597116947174072266e-01,5.597116947174072266e-01,5.045820474624633789e-01,5.045820474624633789e-01,0.000000000000000000e+00,0.000000000000000000e+00,1.100409179925918579e-01,1.100409254431724548e-01,5.345264673233032227e-01,5.345264673233032227e-01,4.883143007755279541e-01,4.883143007755279541e-01,1.696096181869506836e+00,1.696096181869506836e+00,1.549460887908935547e+00,1.549460887908935547e+00,2.182338476181030273e+00,2.182338476181030273e+00,2.083098411560058594e+00,2.083098411560058594e+00
1.970000000000000000e+02,1.910681486129760742e+00,1.910681486129760742e+00,1.783774733543395996e+00,1.783774852752685547e+00,1.114564538002014160e+00,1.114564538002014160e+00,1.001763820648193359e+00,1.001763939857482910e+00,5.471646785736083984e-01,5.471646785736083984e-01,5.013530254364013672e-01,5.013530254364013672e-01,0.000000000000000000e+00,0.000000000000000000e+00,1.023237407207489014e-01,1.023237258195877075e-01,5.490408539772033691e-01,5.490408539772033691e-01,5.015738010406494141e-01,5.015738010406494141e-01,1.658075094223022461e+00,1.658075094223022461e+00,1.514726877212524414e+00,1.514726877212524414e+00,2.136588096618652344e+00,2.136588096618652344e+00,2.033246040344238281e+00,2.033246040344238281e+00
1.980000000000000000e+02,1.872367978096008301e+00,1.872367978096008301e+00,1.748006105422973633e+00,1.748006105422973633e+00,1.118564844131469727e+00,1.118564844131469727e+00,1.005359292030334473e+00,1.005359411239624023e+00,5.339512228965759277e-01,5.339512228965759277e-01,4.977465271949768066e-01,4.977465271949768066e-01,0.000000000000000000e+00,0.000000000000000000e+00,9.445989131927490234e-02,9.445987641811370850e-02,5.611631274223327637e-01,5.611631274223327637e-01,5.126481056213378906e-01,5.126481056213378906e-01,1.618034124374389648e+00,1.618034124374389648e+00,1.478147745132446289e+00,1.478147745132446289e+00,2.090526580810546875e+00,2.090526580810546875e+00,1.982967376708984375e+00,1.982967376708984375e+00
1.990000000000000000e+02,1.835013508796691895e+00,1.835013508796691895e+00,1.713132619857788086e+00,1.713132739067077637e+00,1.121771097183227539e+00,1.121771097183227539e+00,1.008241176605224609e+00,1.008241176605224609e+00,5.200870037078857422e-01,5.200870037078857422e-01,4.937691390514373779e-01,4.937691688537597656e-01,0.000000000000000000e+00,0.000000000000000000e+00,8.646084368228912354e-02,8.646082878112792969e-02,5.708788633346557617e-01,5.708788633346557617e-01,5.215238332748413086e-01,5.215238332748413086e-01,1.576021194458007812e+00,1.576021194458007812e+00,1.443483352661132812e+00,1.443483352661132812e+00,2.044208765029907227e+00,2.044208765029907227e+00,1.932323932647705078e+00,1.932323932647705078e+00
2.000000000000000000e+02,1.527604579925537109e+00,1.527604579925537109e+00,1.679198026657104492e+00,1.679198145866394043e+00,1.124179005622863770e+00,1.124179005622863770e+00,1.010405421257019043e+00,1.010405421257019043e+00,5.055893063545227051e-01,5.055893063545227051e-01,4.894278049468994141e-01,4.894278049468994141e-01,0.000000000000000000e+00,0.000000000000000000e+00,7.833868265151977539e-02,7.833868265151977539e-02,5.781757831573486328e-01,5.781757831573486328e-01,5.281898975372314453e-01,5.281898975372314453e-01,1.532088756561279297e+00,1.532088756561279297e+00,1.411988258361816406e+00,1.411988258361816406e+00,1.997692584991455078e+00,1.997692584991455078e+00,1.881381273269653320e+00,1.881381392478942871e+00
2.010000000000000000e+02,1.763365268707275391e+00,1.763365268707275391e+00,1.646243214607238770e+00,1.646243333816528320e+00,1.125786066055297852e+00,1.125786066055297852e+00,1.011849761009216309e+00,1.011849880218505859e+00,4.904756546020507812e-01,4.904756546020507812e-01,4.847297966480255127e-01,4.847298264503479004e-01,0.000000000000000000e+00,0.000000000000000000e+00,7.010514289140701294e-02,7.010513544082641602e-02,5.830455422401428223e-01,5.830455422401428223e-01,5.326385498046875000e-01,5.326385498046875000e-01,1.486289739608764648e+00,1.486289739608764648e+00,1.378995180130004883e+00,1.378995180130004883e+00,1.951034426689147949e+00,1.951034426689147949e+00,1.830202698707580566e+00,1.830202817916870117e+00
2.020000000000000000e+02,1.729157924652099609e+00,1.729157924652099609e+00,1.614307999610900879e+00,1.614307999610900879e+00,1.126590013504028320e+00,1.126590013504028320e+00,1.012572526931762695e+00,1.012572526931762695e+00,4.747642278671264648e-01,4.747642278671264648e-01,4.796826839447021484e-01,4.796826839447021484e-01,0.000000000000000000e+00,0.000000000000000000e+00,6.177208572626113892e-02,6.177205592393875122e-02,5.854818820953369141e-01,5.854818820953369141e-01,5.348643660545349121e-01,5.348643660545349121e-01,1.438679695129394531e+00,1.438679695129394531e+00,1.344545960426330566e+00,1.344545960426330566e+00,1.904290437698364258e+00,1.904290437698364258e+00,1.778851866722106934e+00,1.778851985931396484e+00
2.030000000000000000e+02,1.696084856986999512e+00,1.696084856986999512e+00,1.583431482315063477e+00,1.583431601524353027e+00,1.126590013504028320e+00,1.126590013504028320e+00,1.012572288513183594e+00,1.012572407722473145e+00,4.584745168685913086e-01,4.584745168685913086e-01,4.742945134639739990e-01,4.742945134639739990e-01,0.000000000000000000e+00,0.000000000000000000e+00,5.335168540477752686e-02,5.335166305303573608e-02,5.854818224906921387e-01,5.854818224906921387e-01,5.348643064498901367e-01,5.348643064498901367e-01,1.389316797256469727e+00,1.389316797256469727e+00,1.308684349060058594e+00,1.308684349060058594e+00,1.857518076896667480e+00,1.857518076896667480e+00,1.727393388748168945e+00,1.727393388748168945e+00
2.040000000000000000e+02,1.664185762405395508e+00,1.664185762405395508e+00,1.553651332855224609e+00,1.553651332855224609e+00,1.125786066055297852e+00,1.125786066055297852e+00,1.011849880218505859e+00,1.011849880218505859e+00,4.416260719299316406e-01,4.416260719299316406e-01,4.685735702514648438e-01,4.685736000537872314e-01,0.000000000000000000e+00,0.000000000000000000e+00,4.485578835010528564e-02,4.485575482249259949e-02,5.830454826354980469e-01,5.830454826354980469e-01,5.326385498046875000e-01,5.326385498046875000e-01,1.338260889053344727e+00,1.338260889053344727e+00,1.271455526351928711e+00,1.271455526351928711e+00,1.810773611068725586e+00,1.810773611068725586e+00,1.675890922546386719e+00,1.675891160964965820e+00
2.050000000000000000e+02,1.633500695228576660e+00,1.633500695228576660e+00,1.525004148483276367e+00,1.525004148483276367e+00,1.124179005622863770e+00,1.124179005622863770e+00,1.010405421257019043e+00,1.010405421257019043e+00,4.242398142814636230e-01,4.242398142814636230e-01,4.625286459922790527e-01,4.625286459922790527e-01,0.000000000000000000e+00,0.000000000000000000e+00,3.629660978913307190e-02,3.629659116268157959e-02,5.781759023666381836e-01,5.781759023666381836e-01,5.281898975372314453e-01,5.281898975372314453e-01,1.285575270652770996e+00,1.285575270652770996e+00,1.232907176017761230e+00,1.232907295227050781e+00,1.764115452766418457e+00,1.764115452766418457e+00,1.624410152435302734e+00,1.624410271644592285e+00
2.060000000000000000e+02,1.604065895080566406e+00,1.604065895080566406e+00,1.497524499893188477e+00,1.497524499893188477e+00,1.121771097183227539e+00,1.121771097183227539e+00,1.008241176605224609e+00,1.008241176605224609e+00,4.063366651535034180e-01,4.063366651535034180e-01,4.561685919761657715e-01,4.561686515808105469e-01,0.000000000000000000e+00,0.000000000000000000e+00,2.768613398075103760e-02,2.768610976636409760e-02,5.708788037300109863e-01,5.708788037300109863e-01,5.215237736701965332e-01,5.215237736701965332e-01,1.231323242187500000e+00,1.231323242187500000e+00,1.193087100982666016e+00,1.193087100982666016e+00,1.717599511146545410e+00,1.717599511146545410e+00,1.573014736175537109e+00,1.573014855384826660e+00
2.070000000000000000e+02,1.575917482376098633e+00,1.575917482376098633e+00,1.471245646476745605e+00,1.471245646476745605e+00,1.118564844131469727e+00,1.118564844131469727e+00,1.005359411239624023e+00,1.005359411239624023e+00,3.879382014274597168e-01,3.879382014274597168e-01,4.495026469230651855e-01,4.495026767253875732e-01,0.000000000000000000e+00,0.000000000000000000e+00,1.903623715043067932e-02,1.903621107339859009e-02,5.611631870269775391e-01,5.611631870269775391e-01,5.126481056213378906e-01,5.126481056213378906e-01,1.175570487976074219e+00,1.175570487976074219e+00,1.152045011520385742e+00,1.152045011520385742e+00,1.671282052993774414e+00,1.671282052993774414e+00,1.526792049407958984e+00,1.526792168617248535e+00
2.080000000000000000e+02,1.549089789390563965e+00,1.549089789390563965e+00,1.446199893951416016e+00,1.446199893951416016e+00,1.114564538002014160e+00,1.114564538002014160e+00,1.001763820648193359e+00,1.001763939857482910e+00,3.690673112869262695e-01,3.690673112869262695e-01,4.425405859947204590e-01,4.425405859947204590e-01,0.000000000000000000e+00,0.000000000000000000e+00,1.035918574780225754e-02,1.035915967077016830e-02,5.490407943725585938e-01,5.490407943725585938e-01,5.015738010406494141e-01,5.015738010406494141e-01,1.118385910987854004e+00,1.118385910987854004e+00,1.109832882881164551e+00,1.109832882881164551e+00,1.625220060348510742e+00,1.625220060348510742e+00,1.484712600708007812e+00,1.484712600708007812e+00
2.090000000000000000e+02,1.523615598678588867e+00,1.523615598678588867e+00,1.422417640686035156e+00,1.422417640686035156e+00,1.109774827957153320e+00,1.109774827957153320e+00,9.974589347839355469e-01,9.974590539932250977e-01,3.497466444969177246e-01,3.497466444969177246e-01,4.352921247482299805e-01,4.352921247482299805e-01,0.000000000000000000e+00,0.000000000000000000e+00,1.666690106503665447e-03,1.666663447394967079e-03,5.345264673233032227e-01,5.345264673233032227e-01,4.883142709732055664e-01,4.883142709732055664e-01,1.059838294982910156e+00,1.059838294982910156e+00,1.066502809524536133e+00,1.066502809524536133e+00,1.579469561576843262e+00,1.579469561576843262e+00,1.442917227745056152e+00,1.442917346954345703e+00
2.100000000000000000e+02,1.499526262283325195e+00,1.499526262283325195e+00,1.399928212165832520e+00,1.399928212165832520e+00,1.104201555252075195e+00,1.104201555252075195e+00,9.924497604370117188e-01,9.924498796463012695e-01,3.299999833106994629e-01,3.299999833106994629e-01,4.277674555778503418e-01,4.277675151824951172e-01,0.000000000000000000e+00,0.000000000000000000e+00,0.000000000000000000e+00,0.000000000000000000e+00,5.176381468772888184e-01,5.176381468772888184e-01,4.728860259056091309e-01,4.728860259056091309e-01,1.000000238418579102e+00,1.000000238418579102e+00,1.022109746932983398e+00,1.022109746932983398e+00,1.534086704254150391e+00,1.534086704254150391e+00,1.401458024978637695e+00,1.401458024978637695e+00
2.110000000000000000e+02,1.476850509643554688e+00,1.476850509643554688e+00,1.378758430480957031e+00,1.378758668899536133e+00,1.097851634025573730e+00,1.097851634025573730e+00,9.867424964904785156e-01,9.867424964904785156e-01,3.098513185977935791e-01,3.098513185977935791e-01,4.199770092964172363e-01,4.199770092964172363e-01,0.000000000000000000e+00,0.000000000000000000e+00,0.000000000000000000e+00,0.000000000000000000e+00,4.983961284160614014e-01,4.983961284160614014e-01,4.553075432777404785e-01,4.553075432777404785e-01,9.389436244964599609e-01,9.389436244964599609e-01,9.767081737518310547e-01,9.767081737518310547e-01,1.489126324653625488e+00,1.489126324653625488e+00,1.360384702682495117e+00,1.360384702682495117e+00
2.120000000000000000e+02,1.455616116523742676e+00,1.455616116523742676e+00,1.358934640884399414e+00,1.358934640884399414e+00,1.090732693672180176e+00,1.090732693672180176e+00,9.803440570831298828e-01,9.803441166877746582e-01,2.893248796463012695e-01,2.893248796463012695e-01,4.119313359260559082e-01,4.119313359260559082e-01,0.000000000000000000e+00,0.000000000000000000e+00,0.000000000000000000e+00,0.000000000000000000e+00,4.768235385417938232e-01,4.768235385417938232e-01,4.356000125408172607e-01,4.356000125408172607e-01,8.767421245574951172e-01,8.767421245574951172e-01,9.303539991378784180e-01,9.303539991378784180e-01,1.444642782211303711e+00,1.444642782211303711e+00,1.319746851921081543e+00,1.319746971130371094e+00
2.130000000000000000e+02,1.435849189758300781e+00,1.435849189758300781e+00,1.340480566024780273e+00,1.340480685234069824e+00,1.082853555679321289e+00,1.082853555679321289e+00,9.732623100280761719e-01,9.732624292373657227e-01,2.684462070465087891e-01,2.684462070465087891e-01,4.036414623260498047e-01,4.036414623260498047e-01,0.000000000000000000e+00,0.000000000000000000e+00,0.000000000000000000e+00,0.000000000000000000e+00,4.529474079608917236e-01,4.529474079608917236e-01,4.137881100177764893e-01,4.137881100177764893e-01,8.134736418724060059e-01,8.134736418724060059e-01,8.831061720848083496e-01,8.831062316894531250e-01,1.400691270828247070e+00,1.400691270828247070e+00,1.279595255851745605e+00,1.279595375061035156e+00
2.140000000000000000e+02,1.417573571205139160e+00,1.417573571205139160e+00,1.323419094085693359e+00,1.323419094085693359e+00,1.074223756790161133e+00,1.074223756790161133e+00,9.655058383941650391e-01,9.655058979988098145e-01,2.472402155399322510e-01,2.472402155399322510e-01,3.951182961463928223e-01,3.951182663440704346e-01,0.000000000000000000e+00,0.000000000000000000e+00,0.000000000000000000e+00,0.000000000000000000e+00,4.267960190773010254e-01,4.267960190773010254e-01,3.898975849151611328e-01,3.898975551128387451e-01,7.492128610610961914e-01,7.492128610610961914e-01,8.350214958190917969e-01,8.350216150283813477e-01,1.357324242591857910e+00,1.357324242591857910e+00,1.239977359771728516e+00,1.239977359771728516e+00
2.150000000000000000e+02,1.400812149047851562e+00,1.400812149047851562e+00,1.307770729064941406e+00,1.307770729064941406e+00,1.064853668212890625e+00,1.064853668212890625e+00,9.570841789245605469e-01,9.570841789245605469e-01,2.257333397865295410e-01,2.257333397865295410e-01,3.863733410835266113e-01,3.863733708858489990e-01,0.000000000000000000e+00,0.000000000000000000e+00,0.000000000000000000e+00,0.000000000000000000e+00,3.984021246433258057e-01,3.984021246433258057e-01,3.639584779739379883e-01,3.639584481716156006e-01,6.840405464172363281e-01,6.840405464172363281e-01,7.861611843109130859e-01,7.861612439155578613e-01,1.314595818519592285e+00,1.314595818519592285e+00,1.200943112373352051e+00,1.200943112373352051e+00
2.160000000000000000e+02,1.385584354400634766e+00,1.385584354400634766e+00,1.293554306030273438e+00,1.293554306030273438e+00,1.054754734039306641e+00,1.054754734039306641e+00,9.480072259902954102e-01,9.480072855949401855e-01,2.039510309696197510e-01,2.039510309696197510e-01,3.774178922176361084e-01,3.774178624153137207e-01,0.000000000000000000e+00,0.000000000000000000e+00,0.000000000000000000e+00,0.000000000000000000e+00,3.677993118762969971e-01,3.677993118762969971e-01,3.360014557838439941e-01,3.360013961791992188e-01,6.180336475372314453e-01,6.180336475372314453e-01,7.365837693214416504e-01,7.365838289260864258e-01,1.272556662559509277e+00,1.272556662559509277e+00,1.162538290023803711e+00,1.162538290023803711e+00
2.170000000000000000e+02,1.371909379959106445e+00,1.371909379959106445e+00,1.280787825584411621e+00,1.280787825584411621e+00,1.043939590454101562e+00,1.043939590454101562e+00,9.382866024971008301e-01,9.382866621017456055e-01,1.819205880165100098e-01,1.819205880165100098e-01,3.682638406753540039e-01,3.682638406753540039e-01,0.000000000000000000e+00,0.000000000000000000e+00,0.000000000000000000e+00,0.000000000000000000e+00,3.350257873535156250e-01,3.350257873535156250e-01,3.060612678527832031e-01,3.060612678527832031e-01,5.512745380401611328e-01,5.512745380401611328e-01,6.863516569137573242e-01,6.863517165184020996e-01,1.231259107589721680e+00,1.231259107589721680e+00,1.124811410903930664e+00,1.124811291694641113e+00
2.180000000000000000e+02,1.359803915023803711e+00,1.359803915023803711e+00,1.269486308097839355e+00,1.269486427307128906e+00,1.032421112060546875e+00,1.032421112060546875e+00,9.279338121414184570e-01,9.279338717460632324e-01,1.596685200929641724e-01,1.596685200929641724e-01,3.589229583740234375e-01,3.589229583740234375e-01,0.000000000000000000e+00,0.000000000000000000e+00,0.000000000000000000e+00,0.000000000000000000e+00,3.001212179660797119e-01,3.001212179660797119e-01,2.741744220256805420e-01,2.741744220256805420e-01,4.838441610336303711e-01,4.838441610336303711e-01,6.355266571044921875e-01,6.355266571044921875e-01,1.190753459930419922e+00,1.190753459930419922e+00,1.087807416915893555e+00,1.087807416915893555e+00
2.190000000000000000e+02,1.349282503128051758e+00,1.349282503128051758e+00,1.259663701057434082e+00,1.259663701057434082e+00,1.020213127136230469e+00,1.020213127136230469e+00,9.169614911079406738e-01,9.169615507125854492e-01,1.372216045856475830e-01,1.372216045856475830e-01,3.494070172309875488e-01,3.494070172309875488e-01,0.000000000000000000e+00,0.000000000000000000e+00,0.000000000000000000e+00,0.000000000000000000e+00,2.631275057792663574e-01,2.631275057792663574e-01,2.403789460659027100e-01,2.403789460659027100e-01,4.158232510089874268e-01,4.158232510089874268e-01,5.841699838638305664e-01,5.841700434684753418e-01,1.151087999343872070e+00,1.151087999343872070e+00,1.051571130752563477e+00,1.051571130752563477e+00
2.200000000000000000e+02,1.340357899665832520e+00,1.340357899665832520e+00,1.251331806182861328e+00,1.251331925392150879e+00,1.007330894470214844e+00,1.007330894470214844e+00,9.053829908370971680e-01,9.053830504417419434e-01,1.146077886223793030e-01,1.146077886223793030e-01,3.397284150123596191e-01,3.397284150123596191e-01,0.000000000000000000e+00,0.000000000000000000e+00,0.000000000000000000e+00,0.000000000000000000e+00,2.240906208753585815e-01,2.240906208753585815e-01,2.047169804573059082e-01,2.047169804573059082e-01,3.472965061664581299e-01,3.472965061664581299e-01,5.323461294174194336e-01,5.323461890220642090e-01,1.112311840057373047e+00,1.112311840057373047e+00,1.016147494316101074e+00,1.016147494316101074e+00
2.210000000000000000e+02,1.333040833473205566e+00,1.333040833473205566e+00,1.244500875473022461e+00,1.244500875473022461e+00,9.937897920608520508e-01,9.937897920608520508e-01,8.932123184204101562e-01,8.932124376296997070e-01,9.185405820608139038e-02,9.185405820608139038e-02,3.298991024494171143e-01,3.298991024494171143e-01,0.000000000000000000e+00,0.000000000000000000e+00,0.000000000000000000e+00,0.000000000000000000e+00,1.830572485923767090e-01,1.830572485923767090e-01,1.672311276197433472e-01,1.672311127185821533e-01,2.783458828926086426e-01,2.783458828926086426e-01,4.801174402236938477e-01,4.801174700260162354e-01,1.074471831321716309e+00,1.074471831321716309e+00,9.815788865089416504e-01,9.815788269042968750e-01
2.220000000000000000e+02,1.327340722084045410e+00,1.327340722084045410e+00,1.239179372787475586e+00,1.239179372787475586e+00,9.796068668365478516e-01,9.796068668365478516e-01,8.804647922515869141e-01,8.804648518562316895e-01,6.898875534534454346e-02,6.898875534534454346e-02,3.199318051338195801e-01,3.199318051338195801e-01,0.000000000000000000e+00,0.000000000000000000e+00,0.000000000000000000e+00,0.000000000000000000e+00,1.400784254074096680e-01,1.400784254074096680e-01,1.279680132865905762e-01,1.279680132865905762e-01,2.090570330619812012e-01,2.090570330619812012e-01,4.275492131710052490e-01,4.275492727756500244e-01,1.037614941596984863e+00,1.037614941596984863e+00,9.479084014892578125e-01,9.479084014892578125e-01
2.230000000000000000e+02,1.323264360427856445e+00,1.323264360427856445e+00,1.235373616218566895e+00,1.235373735427856445e+00,9.647989869117736816e-01,9.647989869117736816e-01,8.671555519104003906e-01,8.671555519104003906e-01,4.603941738605499268e-02,4.603941738605499268e-02,3.098387122154235840e-01,3.098387122154235840e-01,0.000000000000000000e+00,0.000000000000000000e+00,0.000000000000000000e+00,0.000000000000000000e+00,9.520591795444488525e-02,9.520591795444488525e-02,8.697494864463806152e-02,8.697493374347686768e-02,1.395134329795837402e-01,1.395134329795837402e-01,3.747050166130065918e-01,3.747050464153289795e-01,1.001785278320312500e+00,1.001785278320312500e+00,9.151764512062072754e-01,9.151765108108520508e-01
2.240000000000000000e+02,1.320816516876220703e+00,1.320816516876220703e+00,1.233088254928588867e+00,1.233088254928588867e+00,9.493839740753173828e-01,9.493839740753173828e-01,8.533006906509399414e-01,8.533006906509399414e-01,2.303361892700195312e-02,2.303361892700195312e-02,2.996321618556976318e-01,2.996321320533752441e-01,0.000000000000000000e+00,0.000000000000000000e+00,0.000000000000000000e+00,0.000000000000000000e+00,4.849379509687423706e-02,4.849379509687423706e-02,4.430128633975982666e-02,4.430128633975982666e-02,6.979892402887344360e-02,6.979892402887344360e-02,3.216486871242523193e-01,3.216487467288970947e-01,9.670263528823852539e-01,9.670263528823852539e-01,8.834226131439208984e-01,8.834225535392761230e-01
2.250000000000000000e+02,1.319999933242797852e+00,1.319999933242797852e+00,1.232326269149780273e+00,1.232326269149780273e+00,9.333809614181518555e-01,9.333809614181518555e-01,8.389172554016113281e-01,8.389172554016113281e-01,5.563384775086888112e-08,5.563384775086888112e-08,2.893249988555908203e-01,2.893249690532684326e-01,0.000000000000000000e+00,0.000000000000000000e+00,0.000000000000000000e+00,0.000000000000000000e+00,1.685873769474710571e-07,1.685873769474710571e-07,1.540122411824995652e-07,1.540122411824995652e-07,2.523270268284250051e-07,2.523270268284250051e-07,2.684464156627655029e-01,2.684464156627655029e-01,9.333810806274414062e-01,9.333810806274414062e-01,8.526861071586608887e-01,8.526861071586608887e-01
2.260000000000000000e+02,1.320816516876220703e+00,1.320816516876220703e+00,1.233088254928588867e+00,1.233088254928588867e+00,9.670265316963195801e-01,9.670265316963195801e-01,8.691576123237609863e-01,8.691576719284057617e-01,6.979933381080627441e-02,6.979933381080627441e-02,3.416648209095001221e-01,3.416647911071777344e-01,4.849407076835632324e-02,4.849407076835632324e-02,4.358618706464767456e-02,4.358618706464767456e-02,0.000000000000000000e+00,0.000000000000000000e+00,0.000000000000000000e+00,0.000000000000000000e+00,2.303381450474262238e-02,2.303381450474262238e-02,2.789265513420104980e-01,2.789265811443328857e-01,9.493841528892517090e-01,9.493841528892517090e-01,8.673056364059448242e-01,8.673056364059448242e-01
2.270000000000000000e+02,1.323264241218566895e+00,1.323264241218566895e+00,1.235373616218566895e+00,1.235373735427856445e+00,1.001785039901733398e+00,1.001785039901733398e+00,9.003983736038208008e-01,9.003983736038208008e-01,1.395129114389419556e-01,1.395129114389419556e-01,3.938521742820739746e-01,3.938521742820739746e-01,9.520557522773742676e-02,9.520557522773742676e-02,8.557020127773284912e-02,8.557020127773284912e-02,0.000000000000000000e+00,0.000000000000000000e+00,0.000000000000000000e+00,0.000000000000000000e+00,4.603928327560424805e-02,4.603928327560424805e-02,2.893121838569641113e-01,2.893122136592864990e-01,9.647988677024841309e-01,9.647988677024841309e-01,8.813876509666442871e-01,8.813877105712890625e-01
2.280000000000000000e+02,1.327340841293334961e+00,1.327340841293334961e+00,1.239179372787475586e+00,1.239179372787475586e+00,1.037615060806274414e+00,1.037615060806274414e+00,9.326021671295166016e-01,9.326022267341613770e-01,2.090573757886886597e-01,2.090573757886886597e-01,4.458245635032653809e-01,4.458245337009429932e-01,1.400786489248275757e-01,1.400786489248275757e-01,1.259018480777740479e-01,1.259018480777740479e-01,0.000000000000000000e+00,0.000000000000000000e+00,0.000000000000000000e+00,0.000000000000000000e+00,6.898900866508483887e-02,6.898900866508483887e-02,2.995905876159667969e-01,2.995906472206115723e-01,9.796071052551269531e-01,9.796071052551269531e-01,8.949155807495117188e-01,8.949155807495117188e-01
2.290000000000000000e+02,1.333040833473205566e+00,1.333040833473205566e+00,1.244500756263732910e+00,1.244500875473022461e+00,1.074471950531005859e+00,1.074471950531005859e+00,9.657288789749145508e-01,9.657289981842041016e-01,2.783462703227996826e-01,2.783462703227996826e-01,4.975170791149139404e-01,4.975170195102691650e-01,1.830574870109558105e-01,1.830574870109558105e-01,1.645309925079345703e-01,1.645309925079345703e-01,0.000000000000000000e+00,0.000000000000000000e+00,0.000000000000000000e+00,0.000000000000000000e+00,9.185434877872467041e-02,9.185434877872467041e-02,3.097488284111022949e-01,3.097488880157470703e-01,9.937899112701416016e-01,9.937899112701416016e-01,9.078724384307861328e-01,9.078724384307861328e-01
2.300000000000000000e+02,1.340357899665832520e+00,1.340357899665832520e+00,1.251331686973571777e+00,1.251331925392150879e+00,1.112311959266662598e+00,1.112311959266662598e+00,9.997394084930419922e-01,9.997394084930419922e-01,3.472970128059387207e-01,3.472970128059387207e-01,5.488679409027099609e-01,5.488679409027099609e-01,2.240909039974212646e-01,2.240909039974212646e-01,2.014115750789642334e-01,2.014115750789642334e-01,0.000000000000000000e+00,0.000000000000000000e+00,0.000000000000000000e+00,0.000000000000000000e+00,1.146080791950225830e-01,1.146080791950225830e-01,3.197745084762573242e-01,3.197745978832244873e-01,1.007331132888793945e+00,1.007331132888793945e+00,9.202427864074707031e-01,9.202427864074707031e-01
2.310000000000000000e+02,1.349282383918762207e+00,1.349282383918762207e+00,1.259663581848144531e+00,1.259663581848144531e+00,1.151087999343872070e+00,1.151087999343872070e+00,1.034590959548950195e+00,1.034590959548950195e+00,4.158236682415008545e-01,4.158236682415008545e-01,5.998127460479736328e-01,5.998127460479736328e-01,2.631277441978454590e-01,2.631277441978454590e-01,2.364976406097412109e-01,2.364976406097412109e-01,0.000000000000000000e+00,0.000000000000000000e+00,0.000000000000000000e+00,0.000000000000000000e+00,1.372218877077102661e-01,1.372218877077102661e-01,3.296548426151275635e-01,3.296549320220947266e-01,1.020213365554809570e+00,1.020213365554809570e+00,9.320112466812133789e-01,9.320113062858581543e-01
2.320000000000000000e+02,1.359803676605224609e+00,1.359803676605224609e+00,1.269486188888549805e+00,1.269486308097839355e+00,1.190752863883972168e+00,1.190752863883972168e+00,1.070241689682006836e+00,1.070241689682006836e+00,4.838435649871826172e-01,4.838435649871826172e-01,6.502896547317504883e-01,6.502895355224609375e-01,3.001208901405334473e-01,3.001208901405334473e-01,2.697468996047973633e-01,2.697468996047973633e-01,0.000000000000000000e+00,0.000000000000000000e+00,0.000000000000000000e+00,0.000000000000000000e+00,1.596684306859970093e-01,1.596684306859970093e-01,3.393774032592773438e-01,3.393775224685668945e-01,1.032420992851257324e+00,1.032420992851257324e+00,9.431635141372680664e-01,9.431635737419128418e-01
2.330000000000000000e+02,1.371909379959106445e+00,1.371909379959106445e+00,1.280787706375122070e+00,1.280787706375122070e+00,1.231258869171142578e+00,1.231258869171142578e+00,1.106647968292236328e+00,1.106648206710815430e+00,5.512742400169372559e-01,5.512742400169372559e-01,7.002367377281188965e-01,7.002366781234741211e-01,3.350256085395812988e-01,3.350256085395812988e-01,3.011190295219421387e-01,3.011190295219421387e-01,0.000000000000000000e+00,0.000000000000000000e+00,0.000000000000000000e+00,0.000000000000000000e+00,1.819205433130264282e-01,1.819205433130264282e-01,3.489300608634948730e-01,3.489301204681396484e-01,1.043939590454101562e+00,1.043939590454101562e+00,9.536862373352050781e-01,9.536862373352050781e-01
2.340000000000000000e+02,1.385584473609924316e+00,1.385584473609924316e+00,1.293554544448852539e+00,1.293554544448852539e+00,1.272557258605957031e+00,1.272557258605957031e+00,1.143766880035400391e+00,1.143766999244689941e+00,6.180349588394165039e-01,6.180349588394165039e-01,7.495938539505004883e-01,7.495938539505004883e-01,3.677999675273895264e-01,3.677999675273895264e-01,3.305764198303222656e-01,3.305764198303222656e-01,0.000000000000000000e+00,0.000000000000000000e+00,0.000000000000000000e+00,0.000000000000000000e+00,2.039515823125839233e-01,2.039515823125839233e-01,3.583006560802459717e-01,3.583007454872131348e-01,1.054754972457885742e+00,1.054754972457885742e+00,9.635666608810424805e-01,9.635667204856872559e-01
2.350000000000000000e+02,1.400812029838562012e+00,1.400812029838562012e+00,1.307770609855651855e+00,1.307770609855651855e+00,1.314595699310302734e+00,1.314595699310302734e+00,1.181550860404968262e+00,1.181550860404968262e+00,6.840407848358154297e-01,6.840407848358154297e-01,7.982972860336303711e-01,7.982972264289855957e-01,3.984022140502929688e-01,3.984022140502929688e-01,3.580815196037292480e-01,3.580815196037292480e-01,0.000000000000000000e+00,0.000000000000000000e+00,0.000000000000000000e+00,0.000000000000000000e+00,2.257335484027862549e-01,2.257335484027862549e-01,3.674768209457397461e-01,3.674768805503845215e-01,1.064853668212890625e+00,1.064853668212890625e+00,9.727923870086669922e-01,9.727923870086669922e-01
2.360000000000000000e+02,1.417573809623718262e+00,1.417573809623718262e+00,1.323419094085693359e+00,1.323419094085693359e+00,1.357324600219726562e+00,1.357324600219726562e+00,1.219955205917358398e+00,1.219955325126647949e+00,7.492135763168334961e-01,7.492135763168334961e-01,8.462888598442077637e-01,8.462888002395629883e-01,4.267963171005249023e-01,4.267963171005249023e-01,3.836019635200500488e-01,3.836019635200500488e-01,0.000000000000000000e+00,0.000000000000000000e+00,0.000000000000000000e+00,0.000000000000000000e+00,2.472404837608337402e-01,2.472404837608337402e-01,3.764467835426330566e-01,3.764468431472778320e-01,1.074223756790161133e+00,1.074223756790161133e+00,9.813523292541503906e-01,9.813523292541503906e-01
2.370000000000000000e+02,1.435849189758300781e+00,1.435849189758300781e+00,1.340480566024780273e+00,1.340480566024780273e+00,1.400690913200378418e+00,1.400690913200378418e+00,1.258932709693908691e+00,1.258932590484619141e+00,8.134731650352478027e-01,8.134731650352478027e-01,8.935084342956542969e-01,8.935084342956542969e-01,4.529472589492797852e-01,4.529472589492797852e-01,4.071062803268432617e-01,4.071062803268432617e-01,0.000000000000000000e+00,0.000000000000000000e+00,0.000000000000000000e+00,0.000000000000000000e+00,2.684462070465087891e-01,2.684462070465087891e-01,3.851988911628723145e-01,3.851989805698394775e-01,1.082853674888610840e+00,1.082853674888610840e+00,9.892361164093017578e-01,9.892361164093017578e-01
2.380000000000000000e+02,1.455615997314453125e+00,1.455615997314453125e+00,1.358934521675109863e+00,1.358934521675109863e+00,1.444642424583435059e+00,1.444642424583435059e+00,1.298435926437377930e+00,1.298436045646667480e+00,8.767418861389160156e-01,8.767418861389160156e-01,9.398982524871826172e-01,9.398981928825378418e-01,4.768234491348266602e-01,4.768234491348266602e-01,4.285660684108734131e-01,4.285660684108734131e-01,0.000000000000000000e+00,0.000000000000000000e+00,0.000000000000000000e+00,0.000000000000000000e+00,2.893248796463012695e-01,2.893248796463012695e-01,3.937216401100158691e-01,3.937216997146606445e-01,1.090732812881469727e+00,1.090732812881469727e+00,9.964340925216674805e-01,9.964340925216674805e-01
2.390000000000000000e+02,1.476850748062133789e+00,1.476850748062133789e+00,1.378758788108825684e+00,1.378758907318115234e+00,1.489126682281494141e+00,1.489126682281494141e+00,1.338418126106262207e+00,1.338418126106262207e+00,9.389441013336181641e-01,9.389441013336181641e-01,9.854017496109008789e-01,9.854017496109008789e-01,4.983963072299957275e-01,4.983963072299957275e-01,4.479556083679199219e-01,4.479556083679199219e-01,0.000000000000000000e+00,0.000000000000000000e+00,0.000000000000000000e+00,0.000000000000000000e+00,3.098515868186950684e-01,3.098515868186950684e-01,4.020039141178131104e-01,4.020040035247802734e-01,1.097851872444152832e+00,1.097851872444152832e+00,1.002937555313110352e+00,1.002937555313110352e+00
2.400000000000000000e+02,1.499526143074035645e+00,1.499526143074035645e+00,1.399928092956542969e+00,1.399928092956542969e+00,1.534086704254150391e+00,1.534086704254150391e+00,1.378828048706054688e+00,1.378828048706054688e+00,1.000000476837158203e+00,1.000000476837158203e+00,1.029959797859191895e+00,1.029959678649902344e+00,5.176382064819335938e-01,5.176382064819335938e-01,4.652501344680786133e-01,4.652501344680786133e-01,0.000000000000000000e+00,0.000000000000000000e+00,0.000000000000000000e+00,0.000000000000000000e+00,3.300001919269561768e-01,3.300001919269561768e-01,4.100341796875000000e-01,4.100342392921447754e-01,1.104201555252075195e+00,1.104201555252075195e+00,1.008738398551940918e+00,1.008738398551940918e+00
2.410000000000000000e+02,1.523615598678588867e+00,1.523615598678588867e+00,1.422417759895324707e+00,1.422417759895324707e+00,1.579469680786132812e+00,1.579469680786132812e+00,1.421284675598144531e+00,1.421284675598144531e+00,1.059838652610778809e+00,1.059838652610778809e+00,1.073518514633178711e+00,1.073518395423889160e+00,5.345265865325927734e-01,5.345265865325927734e-01,4.804292917251586914e-01,4.804292917251586914e-01,0.000000000000000000e+00,0.000000000000000000e+00,0.000000000000000000e+00,0.000000000000000000e+00,3.497468233108520508e-01,3.497468233108520508e-01,4.178018271923065186e-01,4.178019165992736816e-01,1.109774827957153320e+00,1.109774827957153320e+00,1.013829708099365234e+00,1.013829708099365234e+00
2.420000000000000000e+02,1.549089670181274414e+00,1.549089670181274414e+00,1.446199655532836914e+00,1.446199774742126465e+00,1.625219821929931641e+00,1.625219821929931641e+00,1.471097111701965332e+00,1.471097111701965332e+00,1.118385672569274902e+00,1.118385672569274902e+00,1.116023421287536621e+00,1.116023421287536621e+00,5.490407943725585938e-01,5.490407943725585938e-01,4.934745728969573975e-01,4.934745728969573975e-01,0.000000000000000000e+00,0.000000000000000000e+00,0.000000000000000000e+00,0.000000000000000000e+00,3.690673708915710449e-01,3.690673708915710449e-01,4.252962470054626465e-01,4.252963364124298096e-01,1.114564538002014160e+00,1.114564538002014160e+00,1.018205404281616211e+00,1.018205404281616211e+00
2.430000000000000000e+02,1.575917005538940430e+00,1.575917005538940430e+00,1.471245527267456055e+00,1.471245527267456055e+00,1.671281576156616211e+00,1.671281576156616211e+00,1.521174073219299316e+00,1.521174073219299316e+00,1.175570130348205566e+00,1.175570130348205566e+00,1.157421588897705078e+00,1.157421588897705078e+00,5.611630082130432129e-01,5.611630082130432129e-01,5.043700337409973145e-01,5.043700337409973145e-01,0.000000000000000000e+00,0.000000000000000000e+00,0.000000000000000000e+00,0.000000000000000000e+00,3.879382014274597168e-01,3.879382014274597168e-01,4.325070977210998535e-01,4.325071573257446289e-01,1.118564844131469727e+00,1.118564844131469727e+00,1.021859884262084961e+00,1.021859884262084961e+00
2.440000000000000000e+02,1.604065895080566406e+00,1.604065895080566406e+00,1.497524499893188477e+00,1.497524499893188477e+00,1.717599511146545410e+00,1.717599511146545410e+00,1.571454524993896484e+00,1.571454524993896484e+00,1.231323599815368652e+00,1.231323599815368652e+00,1.197661876678466797e+00,1.197661876678466797e+00,5.708788037300109863e-01,5.708788037300109863e-01,5.131024718284606934e-01,5.131024718284606934e-01,0.000000000000000000e+00,0.000000000000000000e+00,3.909547813236713409e-03,3.909580409526824951e-03,4.063368439674377441e-01,4.063368439674377441e-01,4.394244253635406494e-01,4.394244849681854248e-01,1.121770977973937988e+00,1.121770977973937988e+00,1.024788856506347656e+00,1.024788856506347656e+00
2.450000000000000000e+02,1.633500456809997559e+00,1.633500456809997559e+00,1.525004148483276367e+00,1.525004148483276367e+00,1.764115571975708008e+00,1.764115571975708008e+00,1.621873378753662109e+00,1.621873378753662109e+00,1.285575628280639648e+00,1.285575628280639648e+00,1.236691951751708984e+00,1.236691951751708984e+00,2.890878915786743164e-01,2.890878915786743164e-01,5.196610093116760254e-01,5.196610093116760254e-01,0.000000000000000000e+00,0.000000000000000000e+00,1.281064935028553009e-02,1.281070150434970856e-02,4.242399930953979492e-01,4.242399930953979492e-01,4.460381269454956055e-01,4.460381865501403809e-01,8.431341648101806641e-01,8.431341648101806641e-01,1.026988744735717773e+00,1.026988625526428223e+00
2.460000000000000000e+02,1.664186000823974609e+00,1.664186000823974609e+00,1.553651452064514160e+00,1.553651452064514160e+00,1.810774087905883789e+00,1.810774087905883789e+00,1.672368764877319336e+00,1.672368764877319336e+00,1.338261604309082031e+00,1.338261604309082031e+00,1.274464130401611328e+00,1.274464011192321777e+00,5.830456018447875977e-01,5.830456018447875977e-01,5.240378379821777344e-01,5.240378379821777344e-01,0.000000000000000000e+00,0.000000000000000000e+00,2.166691794991493225e-02,2.166696265339851379e-02,4.416263103485107422e-01,4.416263103485107422e-01,4.523389339447021484e-01,4.523389935493469238e-01,1.125786066055297852e+00,1.125786066055297852e+00,1.028456687927246094e+00,1.028456687927246094e+00
2.470000000000000000e+02,1.696084499359130859e+00,1.696084499359130859e+00,1.583431124687194824e+00,1.583431124687194824e+00,1.857517600059509277e+00,1.857517600059509277e+00,1.722877383232116699e+00,1.722877264022827148e+00,1.389316558837890625e+00,1.389316558837890625e+00,1.310929775238037109e+00,1.310929775238037109e+00,5.854818820953369141e-01,5.854818820953369141e-01,5.262275338172912598e-01,5.262275338172912598e-01,0.000000000000000000e+00,0.000000000000000000e+00,3.046610206365585327e-02,3.046614490449428558e-02,4.584745168685913086e-01,4.584745168685913086e-01,4.583176374435424805e-01,4.583176970481872559e-01,1.126590013504028320e+00,1.126590013504028320e+00,1.029191255569458008e+00,1.029191255569458008e+00
2.480000000000000000e+02,1.729157567024230957e+00,1.729157567024230957e+00,1.614307641983032227e+00,1.614307641983032227e+00,1.904289841651916504e+00,1.904289841651916504e+00,1.773336529731750488e+00,1.773336410522460938e+00,1.438679218292236328e+00,1.438679218292236328e+00,1.346043825149536133e+00,1.346043825149536133e+00,5.854818820953369141e-01,5.854818820953369141e-01,5.262275934219360352e-01,5.262275934219360352e-01,0.000000000000000000e+00,0.000000000000000000e+00,3.919582813978195190e-02,3.919588029384613037e-02,4.747641682624816895e-01,4.747641682624816895e-01,4.639653563499450684e-01,4.639653861522674561e-01,1.126590013504028320e+00,1.126590013504028320e+00,1.029191255569458008e+00,1.029191255569458008e+00
2.490000000000000000e+02,1.763365626335144043e+00,1.763365626335144043e+00,1.646243572235107422e+00,1.646243691444396973e+00,1.951035022735595703e+00,1.951035022735595703e+00,1.823683738708496094e+00,1.823683738708496094e+00,1.486290335655212402e+00,1.486290335655212402e+00,1.379762053489685059e+00,1.379762053489685059e+00,5.830455422401428223e-01,5.830455422401428223e-01,5.240378379821777344e-01,5.240378379821777344e-01,0.000000000000000000e+00,0.000000000000000000e+00,4.784412309527397156e-02,4.784417897462844849e-02,4.904758334159851074e-01,4.904758334159851074e-01,4.692737460136413574e-01,4.692738056182861328e-01,1.125786066055297852e+00,1.125786066055297852e+00,1.028456687927246094e+00,1.028456687927246094e+00
2.500000000000000000e+02,1.441452264785766602e+00,1.441452264785766602e+00,1.679198265075683594e+00,1.679198265075683594e+00,1.997693061828613281e+00,1.997693061828613281e+00,1.873853445053100586e+00,1.873853325843811035e+00,1.532089233398437500e+00,1.532089233398437500e+00,1.412039756774902344e+00,1.412039756774902344e+00,5.781757831573486328e-01,5.781757831573486328e-01,5.196610093116760254e-01,5.196610093116760254e-01,0.000000000000000000e+00,0.000000000000000000e+00,5.639829486608505249e-02,5.639833956956863403e-02,5.055894851684570312e-01,5.055894851684570312e-01,4.742343425750732422e-01,4.742344021797180176e-01,1.124179005622863770e+00,1.124179005622863770e+00,1.026988744735717773e+00,1.026988744735717773e+00
2.510000000000000000e+02,1.835013508796691895e+00,1.835013508796691895e+00,1.713132619857788086e+00,1.713132619857788086e+00,2.044208765029907227e+00,2.044208765029907227e+00,1.923783659934997559e+00,1.923783540725708008e+00,1.576021432876586914e+00,1.576021432876586914e+00,1.442836642265319824e+00,1.442836642265319824e+00,5.708787441253662109e-01,5.708787441253662109e-01,5.131024122238159180e-01,5.131024122238159180e-01,0.000000000000000000e+00,0.000000000000000000e+00,6.484632194042205811e-02,6.484637409448623657e-02,5.200871229171752930e-01,5.200871229171752930e-01,4.788394570350646973e-01,4.788394868373870850e-01,1.121770858764648438e+00,1.121770858764648438e+00,1.024788856506347656e+00,1.024788856506347656e+00
2.520000000000000000e+02,1.872367501258850098e+00,1.872367501258850098e+00,1.748005509376525879e+00,1.748005628585815430e+00,2.090525865554809570e+00,2.090525865554809570e+00,1.973412036895751953e+00,1.973412036895751953e+00,1.618033766746520996e+00,1.618033766746520996e+00,1.472113490104675293e+00,1.472113490104675293e+00,5.611631870269775391e-01,5.611631870269775391e-01,5.043701529502868652e-01,5.043701529502868652e-01,0.000000000000000000e+00,0.000000000000000000e+00,7.317611575126647949e-02,7.317615300416946411e-02,5.339511632919311523e-01,5.339511632919311523e-01,4.877886772155761719e-01,4.877886772155761719e-01,1.118564844131469727e+00,1.118564844131469727e+00,1.021859884262084961e+00,1.021859884262084961e+00
2.530000000000000000e+02,1.910681009292602539e+00,1.910681009292602539e+00,1.783774256706237793e+00,1.783774375915527344e+00,2.136587619781494141e+00,2.136587619781494141e+00,2.022675752639770508e+00,2.022675752639770508e+00,1.658074617385864258e+00,1.658074617385864258e+00,1.499832153320312500e+00,1.499832153320312500e+00,5.490409135818481445e-01,5.490409135818481445e-01,4.934747219085693359e-01,4.934747219085693359e-01,0.000000000000000000e+00,0.000000000000000000e+00,8.137553930282592773e-02,8.137558400630950928e-02,5.471646785736083984e-01,5.471646785736083984e-01,4.998598098754882812e-01,4.998598396778106689e-01,1.114564538002014160e+00,1.114564538002014160e+00,1.018205404281616211e+00,1.018205404281616211e+00
2.540000000000000000e+02,1.949908733367919922e+00,1.949908733367919922e+00,1.820396542549133301e+00,1.820396542549133301e+00,2.182338953018188477e+00,2.182338953018188477e+00,2.071514368057250977e+00,2.071514368057250977e+00,1.696096658706665039e+00,1.696096658706665039e+00,1.525957942008972168e+00,1.525957822799682617e+00,5.345264077186584473e-01,5.345264077186584473e-01,4.804291427135467529e-01,4.804291427135467529e-01,0.000000000000000000e+00,0.000000000000000000e+00,8.943293988704681396e-02,8.943298459053039551e-02,5.597119331359863281e-01,5.597119331359863281e-01,5.113222599029541016e-01,5.113223195075988770e-01,1.109774708747863770e+00,1.109774708747863770e+00,1.013829708099365234e+00,1.013829708099365234e+00
2.550000000000000000e+02,1.990000367164611816e+00,1.990000367164611816e+00,1.857825279235839844e+00,1.857825279235839844e+00,2.227721929550170898e+00,2.227721929550170898e+00,2.119863033294677734e+00,2.119863033294677734e+00,1.732051134109497070e+00,1.732051134109497070e+00,1.556757211685180664e+00,1.556757211685180664e+00,5.176379680633544922e-01,5.176379680633544922e-01,4.652499556541442871e-01,4.652499556541442871e-01,0.000000000000000000e+00,0.000000000000000000e+00,9.733597934246063232e-02,9.733601659536361694e-02,5.715769529342651367e-01,5.715769529342651367e-01,5.221614837646484375e-01,5.221614837646484375e-01,1.104201555252075195e+00,1.104201555252075195e+00,1.008738398551940918e+00,1.008738517761230469e+00
2.560000000000000000e+02,2.030908346176147461e+00,2.030908346176147461e+00,1.896016240119934082e+00,1.896016240119934082e+00,2.272682189941406250e+00,2.272682189941406250e+00,2.167661905288696289e+00,2.167661905288696289e+00,1.765895366668701172e+00,1.765895366668701172e+00,1.587176203727722168e+00,1.587176203727722168e+00,4.983959496021270752e-01,4.983959496021270752e-01,4.479553103446960449e-01,4.479553103446960449e-01,0.000000000000000000e+00,0.000000000000000000e+00,1.050731092691421509e-01,1.050731465220451355e-01,5.827455520629882812e-01,5.827455520629882812e-01,5.323644876480102539e-01,5.323644876480102539e-01,1.097851753234863281e+00,1.097851753234863281e+00,1.002937555313110352e+00,1.002937555313110352e+00
2.570000000000000000e+02,2.072582483291625977e+00,2.072582483291625977e+00,1.934922575950622559e+00,1.934922575950622559e+00,2.317165136337280273e+00,2.317165136337280273e+00,2.214850664138793945e+00,2.214850664138793945e+00,1.797588109970092773e+00,1.797588109970092773e+00,1.615661501884460449e+00,1.615661501884460449e+00,4.768238067626953125e-01,4.768238067626953125e-01,4.285663664340972900e-01,4.285663664340972900e-01,0.000000000000000000e+00,0.000000000000000000e+00,1.126328110694885254e-01,1.126328483223915100e-01,5.932041406631469727e-01,5.932041406631469727e-01,5.419188737869262695e-01,5.419188737869262695e-01,1.090732932090759277e+00,1.090732932090759277e+00,9.964340925216674805e-01,9.964340925216674805e-01
2.580000000000000000e+02,2.114972352981567383e+00,2.114972352981567383e+00,1.974496722221374512e+00,1.974496841430664062e+00,2.361116409301757812e+00,2.361116409301757812e+00,2.261368989944458008e+00,2.261368989944458008e+00,1.827090501785278320e+00,1.827090501785278320e+00,1.642178058624267578e+00,1.642178058624267578e+00,4.529475867748260498e-01,4.529475867748260498e-01,4.071065783500671387e-01,4.071065783500671387e-01,0.000000000000000000e+00,0.000000000000000000e+00,1.200035512447357178e-01,1.200035884976387024e-01,6.029399633407592773e-01,6.029399633407592773e-01,5.508130788803100586e-01,5.508130788803100586e-01,1.082853794097900391e+00,1.082853794097900391e+00,9.892362356185913086e-01,9.892362356185913086e-01
2.590000000000000000e+02,2.158027887344360352e+00,2.158027887344360352e+00,2.014692544937133789e+00,2.014692544937133789e+00,2.404484510421752930e+00,2.404484510421752930e+00,2.307160139083862305e+00,2.307159900665283203e+00,1.854368209838867188e+00,1.854368209838867188e+00,1.666695117950439453e+00,1.666695117950439453e+00,4.267958402633666992e-01,4.267958402633666992e-01,3.836016356945037842e-01,3.836016356945037842e-01,0.000000000000000000e+00,0.000000000000000000e+00,1.271742880344390869e-01,1.271743178367614746e-01,6.119415163993835449e-01,6.119415163993835449e-01,5.590363740921020508e-01,5.590363740921020508e-01,1.074223637580871582e+00,1.074223637580871582e+00,9.813522100448608398e-01,9.813522100448608398e-01
2.600000000000000000e+02,2.201693296432495117e+00,2.201693296432495117e+00,2.055457592010498047e+00,2.055457592010498047e+00,2.447212696075439453e+00,2.447212696075439453e+00,2.352161407470703125e+00,2.352161169052124023e+00,1.879385352134704590e+00,1.879385352134704590e+00,1.689180254936218262e+00,1.689180254936218262e+00,3.984019458293914795e-01,3.984019458293914795e-01,3.580812513828277588e-01,3.580812513828277588e-01,0.000000000000000000e+00,0.000000000000000000e+00,1.341335177421569824e-01,1.341335773468017578e-01,6.201972961425781250e-01,6.201972961425781250e-01,5.665783882141113281e-01,5.665783882141113281e-01,1.064853668212890625e+00,1.064853668212890625e+00,9.727923274040222168e-01,9.727923274040222168e-01
2.610000000000000000e+02,2.245917320251464844e+00,2.245917320251464844e+00,2.096744537353515625e+00,2.096744537353515625e+00,2.489251613616943359e+00,2.489251613616943359e+00,2.396318435668945312e+00,2.396318435668945312e+00,1.902113199234008789e+00,1.902113199234008789e+00,1.709608078002929688e+00,1.709608078002929688e+00,3.677995204925537109e-01,3.677995204925537109e-01,3.305760025978088379e-01,3.305760025978088379e-01,0.000000000000000000e+00,0.000000000000000000e+00,1.408706009387969971e-01,1.408706307411193848e-01,6.276973485946655273e-01,6.276973485946655273e-01,5.734300613403320312e-01,5.734300613403320312e-01,1.054754853248596191e+00,1.054754853248596191e+00,9.635665416717529297e-01,9.635665416717529297e-01
2.620000000000000000e+02,2.290645360946655273e+00,2.290645360946655273e+00,2.138501644134521484e+00,2.138501644134521484e+00,2.530548334121704102e+00,2.530548334121704102e+00,2.439573287963867188e+00,2.439573287963867188e+00,1.922523260116577148e+00,1.922523260116577148e+00,1.727952241897583008e+00,1.727952241897583008e+00,3.350260853767395020e-01,3.350260853767395020e-01,3.011195063591003418e-01,3.011195063591003418e-01,0.000000000000000000e+00,0.000000000000000000e+00,1.473747044801712036e-01,1.473747342824935913e-01,6.344327330589294434e-01,6.344327330589294434e-01,5.795831084251403809e-01,5.795831084251403809e-01,1.043939590454101562e+00,1.043939590454101562e+00,9.536863565444946289e-01,9.536862969398498535e-01
2.630000000000000000e+02,2.335824966430664062e+00,2.335824966430664062e+00,2.180680751800537109e+00,2.180680751800537109e+00,2.571055412292480469e+00,2.571055412292480469e+00,2.481872558593750000e+00,2.481872558593750000e+00,1.940591573715209961e+00,1.940591573715209961e+00,1.744192123413085938e+00,1.744192123413085938e+00,3.001204729080200195e-01,3.001204729080200195e-01,2.697465121746063232e-01,2.697465121746063232e-01,0.000000000000000000e+00,0.000000000000000000e+00,1.536356508731842041e-01,1.536356806755065918e-01,6.403953433036804199e-01,6.403953433036804199e-01,5.850301980972290039e-01,5.850301980972290039e-01,1.032420754432678223e+00,1.032420754432678223e+00,9.431633353233337402e-01,9.431633353233337402e-01
2.640000000000000000e+02,2.381398916244506836e+00,2.381398916244506836e+00,2.223227024078369141e+00,2.223227262496948242e+00,2.610720872879028320e+00,2.610720872879028320e+00,2.523159980773925781e+00,2.523159742355346680e+00,1.956295371055603027e+00,1.956295371055603027e+00,1.758306741714477539e+00,1.758306741714477539e+00,2.631271481513977051e-01,2.631271481513977051e-01,2.364971935749053955e-01,2.364971935749053955e-01,0.000000000000000000e+00,0.000000000000000000e+00,1.596427857875823975e-01,1.596428304910659790e-01,6.455775499343872070e-01,6.455775499343872070e-01,5.897644758224487305e-01,5.897644758224487305e-01,1.020212888717651367e+00,1.020212888717651367e+00,9.320110082626342773e-01,9.320110082626342773e-01
2.650000000000000000e+02,2.427311658859252930e+00,2.427311658859252930e+00,2.266090631484985352e+00,2.266090631484985352e+00,2.649496555328369141e+00,2.649496555328369141e+00,2.563382387161254883e+00,2.563382148742675781e+00,1.969615697860717773e+00,1.969615697860717773e+00,1.770278930664062500e+00,1.770278930664062500e+00,2.240904271602630615e-01,2.240904271602630615e-01,2.014111280441284180e-01,2.014111280441284180e-01,0.000000000000000000e+00,0.000000000000000000e+00,1.653863787651062012e-01,1.653864085674285889e-01,6.499732136726379395e-01,6.499732136726379395e-01,5.937801003456115723e-01,5.937800407409667969e-01,1.007330894470214844e+00,1.007330894470214844e+00,9.202425479888916016e-01,9.202426075935363770e-01
2.660000000000000000e+02,2.473507642745971680e+00,2.473507642745971680e+00,2.309218168258666992e+00,2.309218168258666992e+00,2.687335729598999023e+00,2.687335729598999023e+00,2.602488040924072266e+00,2.602488040924072266e+00,1.980535984039306641e+00,1.980535984039306641e+00,1.780093908309936523e+00,1.780093908309936523e+00,1.830576658248901367e-01,1.830576658248901367e-01,1.645310968160629272e-01,1.645310968160629272e-01,0.000000000000000000e+00,0.000000000000000000e+00,1.708565950393676758e-01,1.708566397428512573e-01,6.535769701004028320e-01,6.535769701004028320e-01,5.970722436904907227e-01,5.970722436904907227e-01,9.937899112701416016e-01,9.937899112701416016e-01,9.078723192214965820e-01,9.078723192214965820e-01
2.670000000000000000e+02,2.519931316375732422e+00,2.519931316375732422e+00,2.352558612823486328e+00,2.352558612823486328e+00,2.724192619323730469e+00,2.724192619323730469e+00,2.640426635742187500e+00,2.640426635742187500e+00,1.989043474197387695e+00,1.989043474197387695e+00,1.787740468978881836e+00,1.787740468978881836e+00,1.400786936283111572e-01,1.400786936283111572e-01,1.259018778800964355e-01,1.259018778800964355e-01,0.000000000000000000e+00,0.000000000000000000e+00,1.760441213846206665e-01,1.760441511869430542e-01,6.563844680786132812e-01,6.563844680786132812e-01,5.996370315551757812e-01,5.996370315551757812e-01,9.796069860458374023e-01,9.796069860458374023e-01,8.949155807495117188e-01,8.949155807495117188e-01
2.680000000000000000e+02,2.566526889801025391e+00,2.566526889801025391e+00,2.396059036254882812e+00,2.396059036254882812e+00,2.760023355484008789e+00,2.760023355484008789e+00,2.677150726318359375e+00,2.677150726318359375e+00,1.995128154754638672e+00,1.995128154754638672e+00,1.793209195137023926e+00,1.793209195137023926e+00,9.520497918128967285e-02,9.520497918128967285e-02,8.556964993476867676e-02,8.556964993476867676e-02,0.000000000000000000e+00,0.000000000000000000e+00,1.809398233890533447e-01,1.809398531913757324e-01,6.583923101425170898e-01,6.583923101425170898e-01,6.014713048934936523e-01,6.014713048934936523e-01,9.647984504699707031e-01,9.647984504699707031e-01,8.813873529434204102e-01,8.813873529434204102e-01
2.690000000000000000e+02,2.613234758377075195e+00,2.613234758377075195e+00,2.439664840698242188e+00,2.439664840698242188e+00,2.794781684875488281e+00,2.794781684875488281e+00,2.712608814239501953e+00,2.712608814239501953e+00,1.998781681060791016e+00,1.998781681060791016e+00,1.796493053436279297e+00,1.796493053436279297e+00,4.849354550242424011e-02,4.849354550242424011e-02,4.358578473329544067e-02,4.358578473329544067e-02,0.000000000000000000e+00,0.000000000000000000e+00,1.855346560478210449e-01,1.855346858501434326e-01,6.595979928970336914e-01,6.595979928970336914e-01,6.025727391242980957e-01,6.025727391242980957e-01,9.493838548660278320e-01,9.493838548660278320e-01,8.673053979873657227e-01,8.673053383827209473e-01
2.700000000000000000e+02,2.659999847412109375e+00,2.659999847412109375e+00,2.483323812484741211e+00,2.483323812484741211e+00,2.828427076339721680e+00,2.828427076339721680e+00,2.746757030487060547e+00,2.746757030487060547e+00,2.000000000000000000e+00,2.000000000000000000e+00,1.797588109970092773e+00,1.797588109970092773e+00,0.000000000000000000e+00,0.000000000000000000e+00,0.000000000000000000e+00,0.000000000000000000e+00,4.917383478186820867e-08,4.917383478186820867e-08,1.898201406002044678e-01,1.898201704025268555e-01,6.600000858306884766e-01,6.600000858306884766e-01,6.029400229454040527e-01,6.029400229454040527e-01,9.333809614181518555e-01,9.333809614181518555e-01,8.526860475540161133e-01,8.526860475540161133e-01
2.710000000000000000e+02,2.706765174865722656e+00,2.706765174865722656e+00,2.526983022689819336e+00,2.526983022689819336e+00,2.876920700073242188e+00,2.876920700073242188e+00,2.779549598693847656e+00,2.779549598693847656e+00,1.998781681060791016e+00,1.998781681060791016e+00,1.796493053436279297e+00,1.796493053436279297e+00,0.000000000000000000e+00,0.000000000000000000e+00,0.000000000000000000e+00,0.000000000000000000e+00,1.600293442606925964e-02,1.600293442606925964e-02,1.937881261110305786e-01,1.937881410121917725e-01,6.595979928970336914e-01,6.595979928970336914e-01,6.025727987289428711e-01,6.025727391242980957e-01,9.670261740684509277e-01,9.670261740684509277e-01,8.834224939346313477e-01,8.834224343299865723e-01
2.720000000000000000e+02,2.753473043441772461e+00,2.753473043441772461e+00,2.570588350296020508e+00,2.570588350296020508e+00,2.923632144927978516e+00,2.923632144927978516e+00,2.810943126678466797e+00,2.810943126678466797e+00,1.995128154754638672e+00,1.995128154754638672e+00,1.793209314346313477e+00,1.793209314346313477e+00,0.000000000000000000e+00,0.000000000000000000e+00,0.000000000000000000e+00,0.000000000000000000e+00,3.141775354743003845e-02,3.141775354743003845e-02,1.974306702613830566e-01,1.974307000637054443e-01,6.583923697471618652e-01,6.583923697471618652e-01,6.014713644981384277e-01,6.014713048934936523e-01,1.001784682273864746e+00,1.001784682273864746e+00,9.151757955551147461e-01,9.151757955551147461e-01
2.730000000000000000e+02,2.800068616867065430e+00,2.800068616867065430e+00,2.614089250564575195e+00,2.614089250564575195e+00,2.968505859375000000e+00,2.968505859375000000e+00,2.840897560119628906e+00,2.840897560119628906e+00,1.989043474197387695e+00,1.989043474197387695e+00,1.787740468978881836e+00,1.787740468978881836e+00,0.000000000000000000e+00,0.000000000000000000e+00,0.000000000000000000e+00,0.000000000000000000e+00,4.622609913349151611e-02,4.622609913349151611e-02,2.007403373718261719e-01,2.007403671741485596e-01,6.563844680786132812e-01,6.563844680786132812e-01,5.996370315551757812e-01,5.996370315551757812e-01,1.037615180015563965e+00,1.037615180015563965e+00,9.479086995124816895e-01,9.479086995124816895e-01
2.740000000000000000e+02,2.846492052078247070e+00,2.846492052078247070e+00,2.657429218292236328e+00,2.657429218292236328e+00,3.011484622955322266e+00,3.011484622955322266e+00,2.869370937347412109e+00,2.869370937347412109e+00,1.980535984039306641e+00,1.980535984039306641e+00,1.780093908309936523e+00,1.780093908309936523e+00,0.000000000000000000e+00,0.000000000000000000e+00,0.000000000000000000e+00,0.000000000000000000e+00,6.040909886360168457e-02,6.040909886360168457e-02,2.037097513675689697e-01,2.037097811698913574e-01,6.535768508911132812e-01,6.535768508911132812e-01,5.970722436904907227e-01,5.970722436904907227e-01,1.074472069740295410e+00,1.074472069740295410e+00,9.815792441368103027e-01,9.815792441368103027e-01
2.750000000000000000e+02,2.892688751220703125e+00,2.892688751220703125e+00,2.700557470321655273e+00,2.700557470321655273e+00,3.052517890930175781e+00,3.052517890930175781e+00,2.896326541900634766e+00,2.896326541900634766e+00,1.969615697860717773e+00,1.969615697860717773e+00,1.770278811454772949e+00,1.770278811454772949e+00,0.000000000000000000e+00,0.000000000000000000e+00,0.000000000000000000e+00,0.000000000000000000e+00,7.394991815090179443e-02,7.394991815090179443e-02,2.063321918249130249e-01,2.063322216272354126e-01,6.499731540679931641e-01,6.499731540679931641e-01,5.937800407409667969e-01,5.937799811363220215e-01,1.112311601638793945e+00,1.112311601638793945e+00,1.016147255897521973e+00,1.016147255897521973e+00
2.760000000000000000e+02,2.938601493835449219e+00,2.938601493835449219e+00,2.743421077728271484e+00,2.743421077728271484e+00,3.091554880142211914e+00,3.091554880142211914e+00,2.921726942062377930e+00,2.921726703643798828e+00,1.956295371055603027e+00,1.956295371055603027e+00,1.758306741714477539e+00,1.758306741714477539e+00,0.000000000000000000e+00,0.000000000000000000e+00,0.000000000000000000e+00,0.000000000000000000e+00,8.683209121227264404e-02,8.683209121227264404e-02,2.086012065410614014e-01,2.086012363433837891e-01,6.455774307250976562e-01,6.455774307250976562e-01,5.897643566131591797e-01,5.897643566131591797e-01,1.151087760925292969e+00,1.151087760925292969e+00,1.051570892333984375e+00,1.051570892333984375e+00
2.770000000000000000e+02,2.984174728393554688e+00,2.984174728393554688e+00,2.785966873168945312e+00,2.785966873168945312e+00,3.128547668457031250e+00,3.128547668457031250e+00,2.945538043975830078e+00,2.945538043975830078e+00,1.940591573715209961e+00,1.940591573715209961e+00,1.744192242622375488e+00,1.744192242622375488e+00,0.000000000000000000e+00,0.000000000000000000e+00,0.000000000000000000e+00,0.000000000000000000e+00,9.903984516859054565e-02,9.903984516859054565e-02,2.105107158422470093e-01,2.105107456445693970e-01,6.403952836990356445e-01,6.403952836990356445e-01,5.850301980972290039e-01,5.850301980972290039e-01,1.190752506256103516e+00,1.190752506256103516e+00,1.087806701660156250e+00,1.087806701660156250e+00
2.780000000000000000e+02,3.029354572296142578e+00,3.029354572296142578e+00,2.828146219253540039e+00,2.828146219253540039e+00,3.163453578948974609e+00,3.163453578948974609e+00,2.967728614807128906e+00,2.967728376388549805e+00,1.922523260116577148e+00,1.922523260116577148e+00,1.727952480316162109e+00,1.727952480316162109e+00,0.000000000000000000e+00,0.000000000000000000e+00,0.000000000000000000e+00,0.000000000000000000e+00,1.105586737394332886e-01,1.105586737394332886e-01,2.120551019906997681e-01,2.120551168918609619e-01,6.344326734542846680e-01,6.344326734542846680e-01,5.795830488204956055e-01,5.795830488204956055e-01,1.231259584426879883e+00,1.231259584426879883e+00,1.124811649322509766e+00,1.124811649322509766e+00
2.790000000000000000e+02,3.074082851409912109e+00,3.074082851409912109e+00,2.869903564453125000e+00,2.869903564453125000e+00,3.196226596832275391e+00,3.196226596832275391e+00,2.988265275955200195e+00,2.988265037536621094e+00,1.902112960815429688e+00,1.902112960815429688e+00,1.709607839584350586e+00,1.709607839584350586e+00,0.000000000000000000e+00,0.000000000000000000e+00,0.000000000000000000e+00,0.000000000000000000e+00,1.213739290833473206e-01,1.213739290833473206e-01,2.132290005683898926e-01,2.132290005683898926e-01,6.276972293853759766e-01,6.276972293853759766e-01,5.734300613403320312e-01,5.734300017356872559e-01,1.272556781768798828e+00,1.272556781768798828e+00,1.162538647651672363e+00,1.162538647651672363e+00
2.800000000000000000e+02,3.118306875228881836e+00,3.118306875228881836e+00,2.911190271377563477e+00,2.911190271377563477e+00,3.226829051971435547e+00,3.226829051971435547e+00,3.007121324539184570e+00,3.007121324539184570e+00,1.879385232925415039e+00,1.879385232925415039e+00,1.689180374145507812e+00,1.689180374145507812e+00,0.000000000000000000e+00,0.000000000000000000e+00,0.000000000000000000e+00,0.000000000000000000e+00,1.314726918935775757e-01,1.314726918935775757e-01,2.140275537967681885e-01,2.140275686979293823e-01,6.201971173286437988e-01,6.201971173286437988e-01,5.665782690048217773e-01,5.665782094001770020e-01,1.314595460891723633e+00,1.314595460891723633e+00,1.200942873954772949e+00,1.200942873954772949e+00
2.810000000000000000e+02,3.161972999572753906e+00,3.161972999572753906e+00,2.951956272125244141e+00,2.951956272125244141e+00,3.255223751068115234e+00,3.255223751068115234e+00,3.024269819259643555e+00,3.024269580841064453e+00,1.854368090629577637e+00,1.854368090629577637e+00,1.666695117950439453e+00,1.666695117950439453e+00,0.000000000000000000e+00,0.000000000000000000e+00,0.000000000000000000e+00,0.000000000000000000e+00,1.408427208662033081e-01,1.408427208662033081e-01,2.144463509321212769e-01,2.144463658332824707e-01,6.119414567947387695e-01,6.119414567947387695e-01,5.590363144874572754e-01,5.590362548828125000e-01,1.357324242591857910e+00,1.357324242591857910e+00,1.239977478981018066e+00,1.239977478981018066e+00
2.820000000000000000e+02,3.205026626586914062e+00,3.205026626586914062e+00,2.992150068283081055e+00,2.992150068283081055e+00,3.281373977661132812e+00,3.281373977661132812e+00,3.039684534072875977e+00,3.039684534072875977e+00,1.827091217041015625e+00,1.827091217041015625e+00,1.642178654670715332e+00,1.642178654670715332e+00,0.000000000000000000e+00,0.000000000000000000e+00,0.000000000000000000e+00,0.000000000000000000e+00,1.494725495576858521e-01,1.494725495576858521e-01,2.144812941551208496e-01,2.144813090562820435e-01,6.029400825500488281e-01,6.029400825500488281e-01,5.508131980895996094e-01,5.508131384849548340e-01,1.400690436363220215e+00,1.400690436363220215e+00,1.279594421386718750e+00,1.279594421386718750e+00
2.830000000000000000e+02,3.247417688369750977e+00,3.247417688369750977e+00,3.031725406646728516e+00,3.031725406646728516e+00,3.305250644683837891e+00,3.305250644683837891e+00,3.053345203399658203e+00,3.053345203399658203e+00,1.797587633132934570e+00,1.797587633132934570e+00,1.615661144256591797e+00,1.615661144256591797e+00,0.000000000000000000e+00,0.000000000000000000e+00,0.000000000000000000e+00,0.000000000000000000e+00,1.573518812656402588e-01,1.573518812656402588e-01,2.141288220882415771e-01,2.141288369894027710e-01,5.932039022445678711e-01,5.932039022445678711e-01,5.419187545776367188e-01,5.419187545776367188e-01,1.444643020629882812e+00,1.444643020629882812e+00,1.319747328758239746e+00,1.319747328758239746e+00
2.840000000000000000e+02,3.289092540740966797e+00,3.289092540740966797e+00,3.070631980895996094e+00,3.070631980895996094e+00,3.326823472976684570e+00,3.326823472976684570e+00,3.065229892730712891e+00,3.065229892730712891e+00,1.765895247459411621e+00,1.765895247459411621e+00,1.587176084518432617e+00,1.587176084518432617e+00,0.000000000000000000e+00,0.000000000000000000e+00,0.000000000000000000e+00,0.000000000000000000e+00,1.644707322120666504e-01,1.644707322120666504e-01,2.133857607841491699e-01,2.133857607841491699e-01,5.827454328536987305e-01,5.827454328536987305e-01,5.323643684387207031e-01,5.323643684387207031e-01,1.489126324653625488e+00,1.489126324653625488e+00,1.360384702682495117e+00,1.360384702682495117e+00
2.850000000000000000e+02,3.329999923706054688e+00,3.329999923706054688e+00,3.108823060989379883e+00,3.108823060989379883e+00,3.346065521240234375e+00,3.346065521240234375e+00,3.075319766998291016e+00,3.075319766998291016e+00,1.732051134109497070e+00,1.732051134109497070e+00,1.556757211685180664e+00,1.556757211685180664e+00,0.000000000000000000e+00,0.000000000000000000e+00,0.000000000000000000e+00,0.000000000000000000e+00,1.708205938339233398e-01,1.708205938339233398e-01,2.122493088245391846e-01,2.122493088245391846e-01,5.715768337249755859e-01,5.715768337249755859e-01,5.221613645553588867e-01,5.221613645553588867e-01,1.534086465835571289e+00,1.534086465835571289e+00,1.401457786560058594e+00,1.401457786560058594e+00
2.860000000000000000e+02,3.370091676712036133e+00,3.370091676712036133e+00,3.146251678466796875e+00,3.146251678466796875e+00,3.362953662872314453e+00,3.362953662872314453e+00,3.083599328994750977e+00,3.083599328994750977e+00,1.696096539497375488e+00,1.696096539497375488e+00,1.524441480636596680e+00,1.524441480636596680e+00,0.000000000000000000e+00,0.000000000000000000e+00,0.000000000000000000e+00,0.000000000000000000e+00,1.763937473297119141e-01,1.763937473297119141e-01,2.107172012329101562e-01,2.107172012329101562e-01,5.597118139266967773e-01,5.597118139266967773e-01,5.113221406936645508e-01,5.113221406936645508e-01,1.579469323158264160e+00,1.579469323158264160e+00,1.442917108535766602e+00,1.442917108535766602e+00
2.870000000000000000e+02,3.409318208694458008e+00,3.409318208694458008e+00,3.182872772216796875e+00,3.182872772216796875e+00,3.377467632293701172e+00,3.377467632293701172e+00,3.090054512023925781e+00,3.090054512023925781e+00,1.658075809478759766e+00,1.658075809478759766e+00,1.490268707275390625e+00,1.490268707275390625e+00,0.000000000000000000e+00,0.000000000000000000e+00,0.000000000000000000e+00,0.000000000000000000e+00,1.811834275722503662e-01,1.811834275722503662e-01,2.087875604629516602e-01,2.087875604629516602e-01,5.471649765968322754e-01,5.471649765968322754e-01,4.998600780963897705e-01,4.998600482940673828e-01,1.625219345092773438e+00,1.625219345092773438e+00,1.484711885452270508e+00,1.484711885452270508e+00
2.880000000000000000e+02,3.447632551193237305e+00,3.447632551193237305e+00,3.218641996383666992e+00,3.218641996383666992e+00,3.389590263366699219e+00,3.389590263366699219e+00,3.094673156738281250e+00,3.094673156738281250e+00,1.618033647537231445e+00,1.618033647537231445e+00,1.454278945922851562e+00,1.454278945922851562e+00,0.000000000000000000e+00,0.000000000000000000e+00,0.000000000000000000e+00,0.000000000000000000e+00,1.851838678121566772e-01,1.851838678121566772e-01,2.064589262008666992e-01,2.064589411020278931e-01,5.339510440826416016e-01,5.339510440826416016e-01,4.877886176109313965e-01,4.877885580062866211e-01,1.671282172203063965e+00,1.671282172203063965e+00,1.526792407035827637e+00,1.526792407035827637e+00
2.890000000000000000e+02,3.484986305236816406e+00,3.484986305236816406e+00,3.253515005111694336e+00,3.253515005111694336e+00,3.399305820465087891e+00,3.399305820465087891e+00,3.097445726394653320e+00,3.097445726394653320e+00,1.576021194458007812e+00,1.576021194458007812e+00,1.416518449783325195e+00,1.416518449783325195e+00,0.000000000000000000e+00,0.000000000000000000e+00,0.000000000000000000e+00,0.000000000000000000e+00,1.883900016546249390e-01,1.883900016546249390e-01,2.037304788827896118e-01,2.037304937839508057e-01,5.200870633125305176e-01,5.200870633125305176e-01,4.751231372356414795e-01,4.751231074333190918e-01,1.717599153518676758e+00,1.717599153518676758e+00,1.569105029106140137e+00,1.569104909896850586e+00
2.900000000000000000e+02,3.521335363388061523e+00,3.521335363388061523e+00,3.287449836730957031e+00,3.287449836730957031e+00,3.406603336334228516e+00,3.406603336334228516e+00,3.098364591598510742e+00,3.098364591598510742e+00,7.660446763038635254e-01,7.660446763038635254e-01,1.377032637596130371e+00,1.377032637596130371e+00,0.000000000000000000e+00,0.000000000000000000e+00,0.000000000000000000e+00,0.000000000000000000e+00,1.907980442047119141e-01,1.907980442047119141e-01,2.006016373634338379e-01,2.006016373634338379e-01,3.791920542716979980e-01,3.791920542716979980e-01,4.618789255619049072e-01,4.618788957595825195e-01,1.764115095138549805e+00,1.764115095138549805e+00,1.611599445343017578e+00,1.611599445343017578e+00
2.910000000000000000e+02,3.556635141372680664e+00,3.556635141372680664e+00,3.320404767990112305e+00,3.320404767990112305e+00,3.411473035812377930e+00,3.411473035812377930e+00,3.097424507141113281e+00,3.097424507141113281e+00,1.486290216445922852e+00,1.486290216445922852e+00,1.335868835449218750e+00,1.335868835449218750e+00,0.000000000000000000e+00,0.000000000000000000e+00,0.000000000000000000e+00,0.000000000000000000e+00,1.924050450325012207e-01,1.924050450325012207e-01,1.970723271369934082e-01,1.970723122358322144e-01,4.904757142066955566e-01,4.904757142066955566e-01,4.480718970298767090e-01,4.480718374252319336e-01,1.810773611068725586e+00,1.810773611068725586e+00,1.654224157333374023e+00,1.654224157333374023e+00
2.920000000000000000e+02,3.590843200683593750e+00,3.590843200683593750e+00,3.352340698242187500e+00,3.352340698242187500e+00,3.413909435272216797e+00,3.413909435272216797e+00,3.094622135162353516e+00,3.094622135162353516e+00,1.438679218292236328e+00,1.438679218292236328e+00,1.293076276779174805e+00,1.293076276779174805e+00,0.000000000000000000e+00,0.000000000000000000e+00,0.000000000000000000e+00,0.000000000000000000e+00,1.932090520858764648e-01,1.932090520858764648e-01,1.931428611278533936e-01,1.931428611278533936e-01,4.747640788555145264e-01,4.747640788555145264e-01,4.337185621261596680e-01,4.337185621261596680e-01,1.857518672943115234e+00,1.857518672943115234e+00,1.696927905082702637e+00,1.696927905082702637e+00
2.930000000000000000e+02,3.623915672302246094e+00,3.623915672302246094e+00,3.385353565216064453e+00,3.385353565216064453e+00,3.413908958435058594e+00,3.413908958435058594e+00,3.089956521987915039e+00,3.089956521987915039e+00,1.389316439628601074e+00,1.389316439628601074e+00,1.248709440231323242e+00,1.248709440231323242e+00,0.000000000000000000e+00,0.000000000000000000e+00,0.000000000000000000e+00,0.000000000000000000e+00,1.932090073823928833e-01,1.932090073823928833e-01,1.888142973184585571e-01,1.888142824172973633e-01,4.584743976593017578e-01,4.584743976593017578e-01,4.188372194766998291e-01,4.188371896743774414e-01,1.904290556907653809e+00,1.904290556907653809e+00,1.739656209945678711e+00,1.739656209945678711e+00
2.940000000000000000e+02,3.655814647674560547e+00,3.655814647674560547e+00,3.418626785278320312e+00,3.418626785278320312e+00,3.411472797393798828e+00,3.411472797393798828e+00,3.083430051803588867e+00,3.083430051803588867e+00,1.338261365890502930e+00,1.338261365890502930e+00,1.202821373939514160e+00,1.202821373939514160e+00,0.000000000000000000e+00,0.000000000000000000e+00,0.000000000000000000e+00,0.000000000000000000e+00,1.924050450325012207e-01,1.924050450325012207e-01,1.840878874063491821e-01,1.840878874063491821e-01,4.416262209415435791e-01,4.416262209415435791e-01,4.034456014633178711e-01,4.034456014633178711e-01,1.951034307479858398e+00,1.951034307479858398e+00,1.782358765602111816e+00,1.782358765602111816e+00
2.950000000000000000e+02,3.686499118804931641e+00,3.686499118804931641e+00,3.450461626052856445e+00,3.450461626052856445e+00,3.406602859497070312e+00,3.406602859497070312e+00,3.075045347213745117e+00,3.075045108795166016e+00,1.285575389862060547e+00,1.285575389862060547e+00,1.155467510223388672e+00,1.155467510223388672e+00,0.000000000000000000e+00,0.000000000000000000e+00,0.000000000000000000e+00,0.000000000000000000e+00,1.907980442047119141e-01,1.907980442047119141e-01,1.789653748273849487e-01,1.789653599262237549e-01,4.242398738861083984e-01,4.242398738861083984e-01,3.875623941421508789e-01,3.875623643398284912e-01,1.203430056571960449e+00,1.203430056571960449e+00,1.824983000755310059e+00,1.824982881546020508e+00
2.960000000000000000e+02,3.715934514999389648e+00,3.715934514999389648e+00,3.480818033218383789e+00,3.480818033218383789e+00,3.399306058883666992e+00,3.399306058883666992e+00,3.064809322357177734e+00,3.064809322357177734e+00,1.231323480606079102e+00,1.231323480606079102e+00,1.106706261634826660e+00,1.106706261634826660e+00,0.000000000000000000e+00,0.000000000000000000e+00,0.000000000000000000e+00,0.000000000000000000e+00,1.883899867534637451e-01,1.883899867534637451e-01,1.734489947557449341e-01,1.734489798545837402e-01,4.063366949558258057e-01,4.063366949558258057e-01,3.712070584297180176e-01,3.712069988250732422e-01,2.044208526611328125e+00,2.044208526611328125e+00,1.867477536201477051e+00,1.867477536201477051e+00
2.970000000000000000e+02,3.744083404541015625e+00,3.744083404541015625e+00,3.509654045104980469e+00,3.509654045104980469e+00,3.389590263366699219e+00,3.389590263366699219e+00,3.052728891372680664e+00,3.052728891372680664e+00,1.175570011138916016e+00,1.175570011138916016e+00,1.056595325469970703e+00,1.056595325469970703e+00,0.000000000000000000e+00,0.000000000000000000e+00,0.000000000000000000e+00,0.000000000000000000e+00,1.851837933063507080e-01,1.851837933063507080e-01,1.691738367080688477e-01,1.691738069057464600e-01,3.879380226135253906e-01,3.879380226135253906e-01,3.543990254402160645e-01,3.543990254402160645e-01,2.090526819229125977e+00,2.090526819229125977e+00,1.909791469573974609e+00,1.909791350364685059e+00
2.980000000000000000e+02,3.770910978317260742e+00,3.770910978317260742e+00,3.536930799484252930e+00,3.536930799484252930e+00,3.377468109130859375e+00,3.377468109130859375e+00,3.038815498352050781e+00,3.038815498352050781e+00,1.118385553359985352e+00,1.118385553359985352e+00,1.005198359489440918e+00,1.005198359489440918e+00,0.000000000000000000e+00,0.000000000000000000e+00,0.000000000000000000e+00,0.000000000000000000e+00,1.811834275722503662e-01,1.811834275722503662e-01,1.655193269252777100e-01,1.655192971229553223e-01,3.690671920776367188e-01,3.690671920776367188e-01,3.371596336364746094e-01,3.371596038341522217e-01,2.136588573455810547e+00,2.136588573455810547e+00,1.951870799064636230e+00,1.951870799064636230e+00
2.990000000000000000e+02,3.796384572982788086e+00,3.796384572982788086e+00,3.562611103057861328e+00,3.562611103057861328e+00,3.362953662872314453e+00,3.362953662872314453e+00,3.023080825805664062e+00,3.023080825805664062e+00,1.059838533401489258e+00,1.059838533401489258e+00,9.525765776634216309e-01,9.525765776634216309e-01,0.000000000000000000e+00,0.000000000000000000e+00,0.000000000000000000e+00,0.000000000000000000e+00,1.763937473297119141e-01,1.763937473297119141e-01,1.611437499523162842e-01,1.611437052488327026e-01,3.497466742992401123e-01,3.497466742992401123e-01,3.195094764232635498e-01,3.195094466209411621e-01,2.182338476181030273e+00,2.182338476181030273e+00,1.993665456771850586e+00,1.993665456771850586e+00
3.000000000000000000e+02,3.820473909378051758e+00,3.820473909378051758e+00,3.586661338806152344e+00,3.586661100387573242e+00,3.346065044403076172e+00,3.346065044403076172e+00,3.007423639297485352e+00,3.007423639297485352e+00,1.000000238418579102e+00,1.000000238418579102e+00,8.987942934036254883e-01,8.987942934036254883e-01,0.000000000000000000e+00,0.000000000000000000e+00,0.000000000000000000e+00,0.000000000000000000e+00,1.708205789327621460e-01,1.708205789327621460e-01,1.560524106025695801e-01,1.560523658990859985e-01,3.300000429153442383e-01,3.300000429153442383e-01,3.014700412750244141e-01,3.014700412750244141e-01,2.227721214294433594e+00,2.227721214294433594e+00,2.035124778747558594e+00,2.035124778747558594e+00
3.010000000000000000e+02,3.843150138854980469e+00,3.843150138854980469e+00,3.609047889709472656e+00,3.609047889709472656e+00,3.326823711395263672e+00,3.326823711395263672e+00,2.990129232406616211e+00,2.990129232406616211e+00,9.389439821243286133e-01,9.389439821243286133e-01,8.439172506332397461e-01,8.439172506332397461e-01,0.000000000000000000e+00,0.000000000000000000e+00,0.000000000000000000e+00,0.000000000000000000e+00,1.644707173109054565e-01,1.644707173109054565e-01,1.502515226602554321e-01,1.502514779567718506e-01,3.098514080047607422e-01,3.098514080047607422e-01,2.830633521080017090e-01,2.830633521080017090e-01,2.272681951522827148e+00,2.272681951522827148e+00,2.076198339462280273e+00,2.076198339462280273e+00
3.020000000000000000e+02,3.864385128021240234e+00,3.864385128021240234e+00,3.629740476608276367e+00,3.629740476608276367e+00,3.305251121520996094e+00,3.305251121520996094e+00,2.970739841461181641e+00,2.970739841461181641e+00,8.767417073249816895e-01,8.767417073249816895e-01,7.880102396011352539e-01,7.880102396011352539e-01,0.000000000000000000e+00,0.000000000000000000e+00,0.000000000000000000e+00,0.000000000000000000e+00,1.573516875505447388e-01,1.573516875505447388e-01,1.437479555606842041e-01,1.437479257583618164e-01,2.893246710300445557e-01,2.893246710300445557e-01,2.643112540245056152e-01,2.643112242221832275e-01,2.317166328430175781e+00,2.317166328430175781e+00,2.116837024688720703e+00,2.116837024688720703e+00
3.030000000000000000e+02,3.884151697158813477e+00,3.884151697158813477e+00,3.648708581924438477e+00,3.648708581924438477e+00,3.281374931335449219e+00,3.281374931335449219e+00,2.949279785156250000e+00,2.949279785156250000e+00,8.134729862213134766e-01,8.134729862213134766e-01,7.311447262763977051e-01,7.311447262763977051e-01,0.000000000000000000e+00,0.000000000000000000e+00,0.000000000000000000e+00,0.000000000000000000e+00,1.494725346565246582e-01,1.494725346565246582e-01,1.365499943494796753e-01,1.365499496459960938e-01,2.684460282325744629e-01,2.684460282325744629e-01,2.452376782894134521e-01,2.452376335859298706e-01,2.361117362976074219e+00,2.361117362976074219e+00,2.156988382339477539e+00,2.156988382339477539e+00
3.040000000000000000e+02,3.902426719665527344e+00,3.902426719665527344e+00,3.665926456451416016e+00,3.665926456451416016e+00,3.255223512649536133e+00,3.255223512649536133e+00,2.925775527954101562e+00,2.925775527954101562e+00,7.492133378982543945e-01,7.492133378982543945e-01,6.733884811401367188e-01,6.733884811401367188e-01,0.000000000000000000e+00,0.000000000000000000e+00,0.000000000000000000e+00,0.000000000000000000e+00,1.408427208662033081e-01,1.408427208662033081e-01,1.286662518978118896e-01,1.286662220954895020e-01,2.472403347492218018e-01,2.472403347492218018e-01,2.258653044700622559e-01,2.258652746677398682e-01,2.404483795166015625e+00,2.404483795166015625e+00,2.196605443954467773e+00,2.196605443954467773e+00
3.050000000000000000e+02,3.919187784194946289e+00,3.919187784194946289e+00,3.681369066238403320e+00,3.681369066238403320e+00,3.226829051971435547e+00,3.226829051971435547e+00,2.900254726409912109e+00,2.900254726409912109e+00,6.840406060218811035e-01,6.840406060218811035e-01,6.148116588592529297e-01,6.148116588592529297e-01,0.000000000000000000e+00,0.000000000000000000e+00,0.000000000000000000e+00,0.000000000000000000e+00,1.314727067947387695e-01,1.314727067947387695e-01,1.201063096523284912e-01,1.201062798500061035e-01,2.257333695888519287e-01,2.257333695888519287e-01,2.062177062034606934e-01,2.062176913022994995e-01,2.447212457656860352e+00,2.447212457656860352e+00,2.235639810562133789e+00,2.235639810562133789e+00
3.060000000000000000e+02,3.934415578842163086e+00,3.934415578842163086e+00,3.695014953613281250e+00,3.695014953613281250e+00,3.196227073669433594e+00,3.196227073669433594e+00,2.872749805450439453e+00,2.872749805450439453e+00,6.180348396301269531e-01,6.180348396301269531e-01,5.554860234260559082e-01,5.554860234260559082e-01,0.000000000000000000e+00,0.000000000000000000e+00,0.000000000000000000e+00,0.000000000000000000e+00,1.213739290833473206e-01,1.213739290833473206e-01,1.108806207776069641e-01,1.108805909752845764e-01,2.039514183998107910e-01,2.039514183998107910e-01,1.863189041614532471e-01,1.863188743591308594e-01,2.489250659942626953e+00,2.489250659942626953e+00,2.274043798446655273e+00,2.274043798446655273e+00
3.070000000000000000e+02,3.948091030120849609e+00,3.948091030120849609e+00,3.706843376159667969e+00,3.706843376159667969e+00,3.163452863693237305e+00,3.163452863693237305e+00,2.843292236328125000e+00,2.843292236328125000e+00,5.512740612030029297e-01,5.512740612030029297e-01,4.954818487167358398e-01,4.954818487167358398e-01,0.000000000000000000e+00,0.000000000000000000e+00,0.000000000000000000e+00,0.000000000000000000e+00,1.105583906173706055e-01,1.105583906173706055e-01,1.010001376271247864e-01,1.010001152753829956e-01,1.819203794002532959e-01,1.819203794002532959e-01,1.661925315856933594e-01,1.661925017833709717e-01,2.530549287796020508e+00,2.530549287796020508e+00,2.311771869659423828e+00,2.311771869659423828e+00
3.080000000000000000e+02,3.960196495056152344e+00,3.960196495056152344e+00,3.716835498809814453e+00,3.716835498809814453e+00,3.128548145294189453e+00,3.128548145294189453e+00,2.811920404434204102e+00,2.811920404434204102e+00,4.838433861732482910e-01,4.838433861732482910e-01,4.348755478858947754e-01,4.348755478858947754e-01,0.000000000000000000e+00,0.000000000000000000e+00,0.000000000000000000e+00,0.000000000000000000e+00,9.903983771800994873e-02,9.903983771800994873e-02,9.047741442918777466e-02,9.047739207744598389e-02,1.596682518720626831e-01,1.596682518720626831e-01,1.458642184734344482e-01,1.458641886711120605e-01,2.571055412292480469e+00,2.571055412292480469e+00,2.348776102066040039e+00,2.348775863647460938e+00
3.090000000000000000e+02,3.970718145370483398e+00,3.970718145370483398e+00,3.724975585937500000e+00,3.724975585937500000e+00,3.091555118560791016e+00,3.091555118560791016e+00,2.778671264648437500e+00,2.778671264648437500e+00,4.158234894275665283e-01,4.158234894275665283e-01,3.737396597862243652e-01,3.737396895885467529e-01,0.000000000000000000e+00,0.000000000000000000e+00,0.000000000000000000e+00,0.000000000000000000e+00,8.683209866285324097e-02,8.683209866285324097e-02,7.932508736848831177e-02,7.932506501674652100e-02,1.372217237949371338e-01,1.372217237949371338e-01,1.253582835197448730e-01,1.253582537174224854e-01,2.610720634460449219e+00,2.610720634460449219e+00,2.385011911392211914e+00,2.385011911392211914e+00
3.100000000000000000e+02,3.979642629623413086e+00,3.979642629623413086e+00,3.731250047683715820e+00,3.731250047683715820e+00,3.052517890930175781e+00,3.052517890930175781e+00,2.743585109710693359e+00,2.743585109710693359e+00,3.472967743873596191e-01,3.472967743873596191e-01,3.121482729911804199e-01,3.121482729911804199e-01,0.000000000000000000e+00,0.000000000000000000e+00,0.000000000000000000e+00,0.000000000000000000e+00,7.394993305206298828e-02,7.394993305206298828e-02,6.755664199590682983e-02,6.755661964416503906e-02,1.146079003810882568e-01,1.146079003810882568e-01,1.046995371580123901e-01,1.046995073556900024e-01,2.649496555328369141e+00,2.649496555328369141e+00,2.420435428619384766e+00,2.420435428619384766e+00
3.110000000000000000e+02,3.986959218978881836e+00,3.986959218978881836e+00,3.735647678375244141e+00,3.735647678375244141e+00,3.011485338211059570e+00,3.011485338211059570e+00,2.706704854965209961e+00,2.706704854965209961e+00,2.783471643924713135e-01,2.783471643924713135e-01,2.501767277717590332e-01,2.501767873764038086e-01,0.000000000000000000e+00,0.000000000000000000e+00,0.000000000000000000e+00,0.000000000000000000e+00,6.040911376476287842e-02,6.040911376476287842e-02,5.518648773431777954e-02,5.518646910786628723e-02,9.185449779033660889e-02,9.185449779033660889e-02,8.391326665878295898e-02,8.391325175762176514e-02,2.687335729598999023e+00,2.687335729598999023e+00,2.455003499984741211e+00,2.455003499984741211e+00
3.120000000000000000e+02,3.992659807205200195e+00,3.992659807205200195e+00,3.738159656524658203e+00,3.738159656524658203e+00,2.968505144119262695e+00,2.968505144119262695e+00,2.668074607849121094e+00,2.668074607849121094e+00,2.090561687946319580e-01,2.090561687946319580e-01,1.878984421491622925e-01,1.878984719514846802e-01,0.000000000000000000e+00,0.000000000000000000e+00,0.000000000000000000e+00,0.000000000000000000e+00,4.622570052742958069e-02,4.622570052742958069e-02,4.222929477691650391e-02,4.222925752401351929e-02,6.898853182792663574e-02,6.898853182792663574e-02,6.302417814731597900e-02,6.302414089441299438e-02,2.724193811416625977e+00,2.724193811416625977e+00,2.488675117492675781e+00,2.488675117492675781e+00
3.130000000000000000e+02,3.996736526489257812e+00,3.996736526489257812e+00,3.738779306411743164e+00,3.738779306411743164e+00,2.923633098602294922e+00,2.923633098602294922e+00,2.627744197845458984e+00,2.627744197845458984e+00,1.395127475261688232e-01,1.395127475261688232e-01,1.253932118415832520e-01,1.253932416439056396e-01,0.000000000000000000e+00,0.000000000000000000e+00,0.000000000000000000e+00,0.000000000000000000e+00,3.141776472330093384e-02,3.141776472330093384e-02,2.870157361030578613e-02,2.870153822004795074e-02,4.603914171457290649e-02,4.603914171457290649e-02,4.205886647105216980e-02,4.205883294343948364e-02,2.760023832321166992e+00,2.760023832321166992e+00,2.521407127380371094e+00,2.521407127380371094e+00
3.140000000000000000e+02,3.999183893203735352e+00,3.999183893203735352e+00,3.737500190734863281e+00,3.737500190734863281e+00,2.876921176910400391e+00,2.876921176910400391e+00,2.585759639739990234e+00,2.585759639739990234e+00,6.979916244745254517e-02,6.979916244745254517e-02,6.273505836725234985e-02,6.273508816957473755e-02,0.000000000000000000e+00,0.000000000000000000e+00,0.000000000000000000e+00,0.000000000000000000e+00,1.600297167897224426e-02,1.600297167897224426e-02,1.461945939809083939e-02,1.461942587047815323e-02,2.303367480635643005e-02,2.303367480635643005e-02,2.104232460260391235e-02,2.104229107499122620e-02,2.794781684875488281e+00,2.794781684875488281e+00,2.553160429000854492e+00,2.553160429000854492e+00
3.150000000000000000e+02,4.000000000000000000e+00,4.000000000000000000e+00,3.734321594238281250e+00,3.734321594238281250e+00,2.828427314758300781e+00,2.828427314758300781e+00,2.542173862457275391e+00,2.542173862457275391e+00,4.768371582031250000e-07,4.768371582031250000e-07,4.155139095018967055e-07,4.416428680542594520e-07,0.000000000000000000e+00,0.000000000000000000e+00,0.000000000000000000e+00,0.000000000000000000e+00,6.884337011570096365e-08,6.884337011570096365e-08,7.986280081695440458e-08,4.592030578010053432e-08,9.735923356402054196e-08,9.735923356402054196e-08,1.059133296621439513e-07,7.197083817800375982e-08,2.828426837921142578e+00,2.828426837921142578e+00,2.583896636962890625e+00,2.583896636962890625e+00
3.160000000000000000e+02,3.999183893203735352e+00,3.999183893203735352e+00,3.737500190734863281e+00,3.737500190734863281e+00,2.794781446456909180e+00,2.794781446456909180e+00,2.511933088302612305e+00,2.511933088302612305e+00,2.303400821983814240e-02,2.303400821983814240e-02,2.070279791951179504e-02,2.070285938680171967e-02,1.600319892168045044e-02,1.600319892168045044e-02,1.438354980200529099e-02,1.438361033797264099e-02,0.000000000000000000e+00,0.000000000000000000e+00,0.000000000000000000e+00,0.000000000000000000e+00,6.979993730783462524e-02,6.979993730783462524e-02,6.376539915800094604e-02,6.376542150974273682e-02,2.876921653747558594e+00,2.876921653747558594e+00,2.628199100494384766e+00,2.628199100494384766e+00
3.170000000000000000e+02,3.996735811233520508e+00,3.996735811233520508e+00,3.738778591156005859e+00,3.738778591156005859e+00,2.760022878646850586e+00,2.760022878646850586e+00,2.480691909790039062e+00,2.480692148208618164e+00,4.603952914476394653e-02,4.603952914476394653e-02,4.138002544641494751e-02,4.138008877635002136e-02,3.141801804304122925e-02,3.141801804304122925e-02,2.823829464614391327e-02,2.823835425078868866e-02,0.000000000000000000e+00,0.000000000000000000e+00,0.000000000000000000e+00,0.000000000000000000e+00,1.395136266946792603e-01,1.395136266946792603e-01,1.274520158767700195e-01,1.274520456790924072e-01,2.923633098602294922e+00,2.923633098602294922e+00,2.670872211456298828e+00,2.670872211456298828e+00
3.180000000000000000e+02,3.992660045623779297e+00,3.992660045623779297e+00,3.738159894943237305e+00,3.738159894943237305e+00,2.724193572998046875e+00,2.724193572998046875e+00,2.448488950729370117e+00,2.448488950729370117e+00,6.898885965347290039e-02,6.898885965347290039e-02,6.200674921274185181e-02,6.200681254267692566e-02,4.622590541839599609e-02,4.622590541839599609e-02,4.154754057526588440e-02,4.154760017991065979e-02,0.000000000000000000e+00,0.000000000000000000e+00,0.000000000000000000e+00,0.000000000000000000e+00,2.090571969747543335e-01,2.090571969747543335e-01,1.909832358360290527e-01,1.909832656383514404e-01,2.968505859375000000e+00,2.968505859375000000e+00,2.711865425109863281e+00,2.711865425109863281e+00
3.190000000000000000e+02,3.986959695816040039e+00,3.986959695816040039e+00,3.735647916793823242e+00,3.735647916793823242e+00,2.687336683273315430e+00,2.687336683273315430e+00,2.415361881256103516e+00,2.415361881256103516e+00,9.185422211885452271e-02,9.185422211885452271e-02,8.255799114704132080e-02,8.255806565284729004e-02,6.040894985198974609e-02,6.040894985198974609e-02,5.429516732692718506e-02,5.429523810744285583e-02,0.000000000000000000e+00,0.000000000000000000e+00,0.000000000000000000e+00,0.000000000000000000e+00,2.783461213111877441e-01,2.783461213111877441e-01,2.542818188667297363e-01,2.542818188667297363e-01,3.011484622955322266e+00,3.011484622955322266e+00,2.751128435134887695e+00,2.751128435134887695e+00
3.200000000000000000e+02,3.979642868041992188e+00,3.979642868041992188e+00,3.731250286102294922e+00,3.731250286102294922e+00,2.649497032165527344e+00,2.649497032165527344e+00,2.381351947784423828e+00,2.381352186203002930e+00,1.146076843142509460e-01,1.146076843142509460e-01,1.030086651444435120e-01,1.030087396502494812e-01,7.394981384277343750e-02,7.394981384277343750e-02,6.646560132503509521e-02,6.646567583084106445e-02,0.000000000000000000e+00,0.000000000000000000e+00,0.000000000000000000e+00,0.000000000000000000e+00,3.472958803176879883e-01,3.472958803176879883e-01,3.172705769538879395e-01,3.172705769538879395e-01,3.052517414093017578e+00,3.052517414093017578e+00,2.788613796234130859e+00,2.788613796234130859e+00
3.210000000000000000e+02,3.970717906951904297e+00,3.970717906951904297e+00,3.724975347518920898e+00,3.724975347518920898e+00,2.610720157623291016e+00,2.610720157623291016e+00,2.346499681472778320e+00,2.346499919891357422e+00,1.372220218181610107e-01,1.372220218181610107e-01,1.233343183994293213e-01,1.233343854546546936e-01,8.683227002620697021e-02,8.683227002620697021e-02,7.804429531097412109e-02,7.804436981678009033e-02,0.000000000000000000e+00,0.000000000000000000e+00,0.000000000000000000e+00,0.000000000000000000e+00,4.158242344856262207e-01,4.158242344856262207e-01,3.798743188381195068e-01,3.798743486404418945e-01,3.091555356979370117e+00,3.091555356979370117e+00,2.824276447296142578e+00,2.824276447296142578e+00
3.220000000000000000e+02,3.960196495056152344e+00,3.960196495056152344e+00,3.716835260391235352e+00,3.716835260391235352e+00,2.571054697036743164e+00,2.571054697036743164e+00,2.310848951339721680e+00,2.310848951339721680e+00,1.596686840057373047e-01,1.596686840057373047e-01,1.435092389583587646e-01,1.435092985630035400e-01,9.904006123542785645e-02,9.904006123542785645e-02,8.901658654212951660e-02,8.901666104793548584e-02,0.000000000000000000e+00,0.000000000000000000e+00,0.000000000000000000e+00,0.000000000000000000e+00,4.838443100452423096e-01,4.838443100452423096e-01,4.420137405395507812e-01,4.420137703418731689e-01,3.128548383712768555e+00,3.128548383712768555e+00,2.858071327209472656e+00,2.858071327209472656e+00
3.230000000000000000e+02,3.948091030120849609e+00,3.948091030120849609e+00,3.706843614578247070e+00,3.706843614578247070e+00,2.530549049377441406e+00,2.530549049377441406e+00,2.274442434310913086e+00,2.274442434310913086e+00,1.819207519292831421e-01,1.819207519292831421e-01,1.635092496871948242e-01,1.635093390941619873e-01,1.105585843324661255e-01,1.105585843324661255e-01,9.936935454607009888e-02,9.936941415071487427e-02,0.000000000000000000e+00,0.000000000000000000e+00,0.000000000000000000e+00,0.000000000000000000e+00,5.512747764587402344e-01,5.512747764587402344e-01,5.036145448684692383e-01,5.036145448684692383e-01,3.163453578948974609e+00,3.163453578948974609e+00,2.889958381652832031e+00,2.889958381652832031e+00
3.240000000000000000e+02,3.934415817260742188e+00,3.934415817260742188e+00,3.695015192031860352e+00,3.695015192031860352e+00,2.489251375198364258e+00,2.489251375198364258e+00,2.237324476242065430e+00,2.237324476242065430e+00,2.039511948823928833e-01,2.039511948823928833e-01,1.833100914955139160e-01,1.833101660013198853e-01,1.213738247752189636e-01,1.213738247752189636e-01,1.090900301933288574e-01,1.090900897979736328e-01,0.000000000000000000e+00,0.000000000000000000e+00,0.000000000000000000e+00,0.000000000000000000e+00,6.180338859558105469e-01,6.180338859558105469e-01,5.646020174026489258e-01,5.646020174026489258e-01,3.196226596832275391e+00,3.196226596832275391e+00,2.919898509979248047e+00,2.919898509979248047e+00
3.250000000000000000e+02,3.919188022613525391e+00,3.919188022613525391e+00,3.681369304656982422e+00,3.681369304656982422e+00,2.447212696075439453e+00,2.447212696075439453e+00,2.199540138244628906e+00,2.199540138244628906e+00,2.257331460714340210e-01,2.257331460714340210e-01,2.028875797986984253e-01,2.028876543045043945e-01,1.314725875854492188e-01,1.314725875854492188e-01,1.181667447090148926e-01,1.181668192148208618e-01,0.000000000000000000e+00,0.000000000000000000e+00,0.000000000000000000e+00,0.000000000000000000e+00,6.840397119522094727e-01,6.840397119522094727e-01,6.249014139175415039e-01,6.249014139175415039e-01,3.226828575134277344e+00,3.226828575134277344e+00,2.947854995727539062e+00,2.947854995727539062e+00
3.260000000000000000e+02,3.902426242828369141e+00,3.902426242828369141e+00,3.665925979614257812e+00,3.665926218032836914e+00,2.404483318328857422e+00,2.404483318328857422e+00,2.161135435104370117e+00,2.161135435104370117e+00,2.472407370805740356e-01,2.472407370805740356e-01,2.222184538841247559e-01,2.222185432910919189e-01,1.408428847789764404e-01,1.408428847789764404e-01,1.265887171030044556e-01,1.265887767076492310e-01,0.000000000000000000e+00,0.000000000000000000e+00,0.000000000000000000e+00,0.000000000000000000e+00,7.492141723632812500e-01,7.492141723632812500e-01,6.844412088394165039e-01,6.844412088394165039e-01,3.255223751068115234e+00,3.255223751068115234e+00,2.973795175552368164e+00,2.973795175552368164e+00
3.270000000000000000e+02,3.884150981903076172e+00,3.884150981903076172e+00,3.648707866668701172e+00,3.648707866668701172e+00,2.361116886138916016e+00,2.361116886138916016e+00,2.122157812118530273e+00,2.122157812118530273e+00,2.684463560581207275e-01,2.684463560581207275e-01,2.412779480218887329e-01,2.412780225276947021e-01,1.494726538658142090e-01,1.494726538658142090e-01,1.343451142311096191e-01,1.343451887369155884e-01,0.000000000000000000e+00,0.000000000000000000e+00,0.000000000000000000e+00,0.000000000000000000e+00,8.134738206863403320e-01,8.134738206863403320e-01,7.431452870368957520e-01,7.431452870368957520e-01,3.281374692916870117e+00,3.281374692916870117e+00,2.997685432434082031e+00,2.997685432434082031e+00
3.280000000000000000e+02,3.864384412765502930e+00,3.864384412765502930e+00,3.629739522933959961e+00,3.629739761352539062e+00,2.317165613174438477e+00,2.317165613174438477e+00,2.082654476165771484e+00,2.082654714584350586e+00,2.893249988555908203e-01,2.893249988555908203e-01,2.600435912609100342e-01,2.600436806678771973e-01,1.573517918586730957e-01,1.573517918586730957e-01,1.414268314838409424e-01,1.414269208908081055e-01,0.000000000000000000e+00,0.000000000000000000e+00,0.000000000000000000e+00,0.000000000000000000e+00,8.767423033714294434e-01,8.767423033714294434e-01,8.009439706802368164e-01,8.009439706802368164e-01,3.305251121520996094e+00,3.305251121520996094e+00,3.019496917724609375e+00,3.019496917724609375e+00
3.290000000000000000e+02,3.843149900436401367e+00,3.843149900436401367e+00,3.609047889709472656e+00,3.609047889709472656e+00,2.272682428359985352e+00,2.272682428359985352e+00,2.042673349380493164e+00,2.042673349380493164e+00,3.098511993885040283e-01,3.098511993885040283e-01,2.784923613071441650e-01,2.784924507141113281e-01,1.644706428050994873e-01,1.644706428050994873e-01,1.478252112865447998e-01,1.478252708911895752e-01,0.000000000000000000e+00,0.000000000000000000e+00,0.000000000000000000e+00,0.000000000000000000e+00,9.389428496360778809e-01,9.389428496360778809e-01,8.577669858932495117e-01,8.577669858932495117e-01,3.326822996139526367e+00,3.326822996139526367e+00,3.039204120635986328e+00,3.039204120635986328e+00
3.300000000000000000e+02,3.820474624633789062e+00,3.820474624633789062e+00,3.586661577224731445e+00,3.586661577224731445e+00,2.227722406387329102e+00,2.227722406387329102e+00,2.002263307571411133e+00,2.002263545989990234e+00,3.299998641014099121e-01,3.299998641014099121e-01,2.966018915176391602e-01,2.966019511222839355e-01,1.708205342292785645e-01,1.708205342292785645e-01,1.535324454307556152e-01,1.535325348377227783e-01,0.000000000000000000e+00,0.000000000000000000e+00,0.000000000000000000e+00,0.000000000000000000e+00,9.999994039535522461e-01,9.999994039535522461e-01,9.135448932647705078e-01,9.135448932647705078e-01,3.346065044403076172e+00,3.346065044403076172e+00,3.056782722473144531e+00,3.056782722473144531e+00
3.310000000000000000e+02,3.796384811401367188e+00,3.796384811401367188e+00,3.562611341476440430e+00,3.562611341476440430e+00,2.182338237762451172e+00,2.182338237762451172e+00,1.961472511291503906e+00,1.961472630500793457e+00,3.497470319271087646e-01,3.497470319271087646e-01,3.143505454063415527e-01,3.143506050109863281e-01,1.763938516378402710e-01,1.763938516378402710e-01,1.590196788311004639e-01,1.590197384357452393e-01,0.000000000000000000e+00,0.000000000000000000e+00,0.000000000000000000e+00,0.000000000000000000e+00,1.059839487075805664e+00,1.059839487075805664e+00,9.682115316390991211e-01,9.682115316390991211e-01,3.362954378128051758e+00,3.362954378128051758e+00,3.072211742401123047e+00,3.072211742401123047e+00
3.320000000000000000e+02,3.770910501480102539e+00,3.770910501480102539e+00,3.536930322647094727e+00,3.536930322647094727e+00,2.136587858200073242e+00,2.136587858200073242e+00,1.920352458953857422e+00,1.920352578163146973e+00,3.690674901008605957e-01,3.690674901008605957e-01,3.317155838012695312e-01,3.317157030105590820e-01,1.811835169792175293e-01,1.811835169792175293e-01,1.660137623548507690e-01,1.660138070583343506e-01,0.000000000000000000e+00,0.000000000000000000e+00,0.000000000000000000e+00,0.000000000000000000e+00,1.118386030197143555e+00,1.118386030197143555e+00,1.021696567535400391e+00,1.021696567535400391e+00,3.377468109130859375e+00,3.377468109130859375e+00,3.085470914840698242e+00,3.085470914840698242e+00
3.330000000000000000e+02,3.744083166122436523e+00,3.744083166122436523e+00,3.509653806686401367e+00,3.509653806686401367e+00,2.090526580810546875e+00,2.090526580810546875e+00,1.878952741622924805e+00,1.878952741622924805e+00,3.879383206367492676e-01,3.879383206367492676e-01,3.486766517162322998e-01,3.486766815185546875e-01,1.851838529109954834e-01,1.851838529109954834e-01,1.726273745298385620e-01,1.726274341344833374e-01,0.000000000000000000e+00,0.000000000000000000e+00,0.000000000000000000e+00,0.000000000000000000e+00,1.175570726394653320e+00,1.175570726394653320e+00,1.073937177658081055e+00,1.073937177658081055e+00,3.389590740203857422e+00,3.389590740203857422e+00,3.096545457839965820e+00,3.096545457839965820e+00
3.340000000000000000e+02,3.715934514999389648e+00,3.715934514999389648e+00,3.480818033218383789e+00,3.480818033218383789e+00,2.044209241867065430e+00,2.044209241867065430e+00,1.837322950363159180e+00,1.837323069572448730e+00,4.063365161418914795e-01,4.063365161418914795e-01,3.652128279209136963e-01,3.652129173278808594e-01,1.883899718523025513e-01,1.883899718523025513e-01,1.788568347692489624e-01,1.788568794727325439e-01,0.000000000000000000e+00,0.000000000000000000e+00,0.000000000000000000e+00,0.000000000000000000e+00,1.231322526931762695e+00,1.231322526931762695e+00,1.124869108200073242e+00,1.124869108200073242e+00,3.399305582046508789e+00,3.399305582046508789e+00,3.106766700744628906e+00,3.106766700744628906e+00
3.350000000000000000e+02,3.686500072479248047e+00,3.686500072479248047e+00,3.450462579727172852e+00,3.450462579727172852e+00,1.203430414199829102e+00,1.203430414199829102e+00,1.795514822006225586e+00,1.795514822006225586e+00,4.242397248744964600e-01,4.242397248744964600e-01,3.813040554523468018e-01,3.813041448593139648e-01,1.907980293035507202e-01,1.907980293035507202e-01,1.846989691257476807e-01,1.846990138292312622e-01,0.000000000000000000e+00,0.000000000000000000e+00,0.000000000000000000e+00,0.000000000000000000e+00,1.285574793815612793e+00,1.285574793815612793e+00,1.174430966377258301e+00,1.174430966377258301e+00,3.406603097915649414e+00,3.406603097915649414e+00,3.116749525070190430e+00,3.116749763488769531e+00
3.360000000000000000e+02,3.655813932418823242e+00,3.655813932418823242e+00,3.418626070022583008e+00,3.418626070022583008e+00,1.951033711433410645e+00,1.951033711433410645e+00,1.753577470779418945e+00,1.753577589988708496e+00,4.416264891624450684e-01,4.416264891624450684e-01,3.969312310218811035e-01,3.969312906265258789e-01,1.924050599336624146e-01,1.924050599336624146e-01,1.901510953903198242e-01,1.901511251926422119e-01,0.000000000000000000e+00,0.000000000000000000e+00,0.000000000000000000e+00,0.000000000000000000e+00,1.338261842727661133e+00,1.338261842727661133e+00,1.222563028335571289e+00,1.222563028335571289e+00,3.411472320556640625e+00,3.411472320556640625e+00,3.124852895736694336e+00,3.124852895736694336e+00
3.370000000000000000e+02,3.623915195465087891e+00,3.623915195465087891e+00,3.385353088378906250e+00,3.385353088378906250e+00,1.904289960861206055e+00,1.904289960861206055e+00,1.711564421653747559e+00,1.711564421653747559e+00,4.584746360778808594e-01,4.584746360778808594e-01,4.120742082595825195e-01,4.120742678642272949e-01,1.932089924812316895e-01,1.932089924812316895e-01,1.952105909585952759e-01,1.952106356620788574e-01,0.000000000000000000e+00,0.000000000000000000e+00,0.000000000000000000e+00,0.000000000000000000e+00,1.389317035675048828e+00,1.389317035675048828e+00,1.269204378128051758e+00,1.269204378128051758e+00,3.413908958435058594e+00,3.413908958435058594e+00,3.131070375442504883e+00,3.131070375442504883e+00
3.380000000000000000e+02,3.590842485427856445e+00,3.590842485427856445e+00,3.352339982986450195e+00,3.352340221405029297e+00,1.857517838478088379e+00,1.857517838478088379e+00,1.669525861740112305e+00,1.669525861740112305e+00,4.747642874717712402e-01,4.747642874717712402e-01,4.267153143882751465e-01,4.267153739929199219e-01,1.932089924812316895e-01,1.932089924812316895e-01,1.998758018016815186e-01,1.998758316040039062e-01,0.000000000000000000e+00,0.000000000000000000e+00,0.000000000000000000e+00,0.000000000000000000e+00,1.438679933547973633e+00,1.438679933547973633e+00,1.314299583435058594e+00,1.314299583435058594e+00,3.413908958435058594e+00,3.413908958435058594e+00,3.135399103164672852e+00,3.135399341583251953e+00
3.390000000000000000e+02,3.556635141372680664e+00,3.556635141372680664e+00,3.320404767990112305e+00,3.320404767990112305e+00,1.810774087905883789e+00,1.810774087905883789e+00,1.627513051033020020e+00,1.627513170242309570e+00,4.904755353927612305e-01,4.904755353927612305e-01,4.408364295959472656e-01,4.408365488052368164e-01,1.924050450325012207e-01,1.924050450325012207e-01,2.041452676057815552e-01,2.041453123092651367e-01,0.000000000000000000e+00,0.000000000000000000e+00,0.000000000000000000e+00,0.000000000000000000e+00,1.486289262771606445e+00,1.486289262771606445e+00,1.357792854309082031e+00,1.357792854309082031e+00,3.411472320556640625e+00,3.411472320556640625e+00,3.137836933135986328e+00,3.137836933135986328e+00
3.400000000000000000e+02,3.521336317062377930e+00,3.521336317062377930e+00,3.287450313568115234e+00,3.287450313568115234e+00,1.764116048812866211e+00,1.764116048812866211e+00,1.585576772689819336e+00,1.585576891899108887e+00,3.791918754577636719e-01,3.791918754577636719e-01,4.544205367565155029e-01,4.544205665588378906e-01,1.907980442047119141e-01,1.907980442047119141e-01,2.080180048942565918e-01,2.080180495977401733e-01,0.000000000000000000e+00,0.000000000000000000e+00,0.000000000000000000e+00,0.000000000000000000e+00,7.660443186759948730e-01,7.660443186759948730e-01,1.399632453918457031e+00,1.399632453918457031e+00,3.406603336334228516e+00,3.406603336334228516e+00,3.138386011123657227e+00,3.138386249542236328e+00
3.410000000000000000e+02,3.484986305236816406e+00,3.484986305236816406e+00,3.253514766693115234e+00,3.253514766693115234e+00,1.717598795890808105e+00,1.717598795890808105e+00,1.543767452239990234e+00,1.543767571449279785e+00,5.200872421264648438e-01,5.200872421264648438e-01,4.674513041973114014e-01,4.674513936042785645e-01,1.883899420499801636e-01,1.883899420499801636e-01,2.114936113357543945e-01,2.114936560392379761e-01,0.000000000000000000e+00,0.000000000000000000e+00,0.000000000000000000e+00,0.000000000000000000e+00,1.576022028923034668e+00,1.576022028923034668e+00,1.439767718315124512e+00,1.439767718315124512e+00,3.399305820465087891e+00,3.399305820465087891e+00,3.137048244476318359e+00,3.137048244476318359e+00
3.420000000000000000e+02,3.447632312774658203e+00,3.447632312774658203e+00,3.218641996383666992e+00,3.218641996383666992e+00,1.671281814575195312e+00,1.671281814575195312e+00,1.502138137817382812e+00,1.502138257026672363e+00,5.339513421058654785e-01,5.339513421058654785e-01,4.799123108386993408e-01,4.799123406410217285e-01,1.851838380098342896e-01,1.851838380098342896e-01,2.145718336105346680e-01,2.145718783140182495e-01,0.000000000000000000e+00,0.000000000000000000e+00,0.000000000000000000e+00,0.000000000000000000e+00,1.618034243583679199e+00,1.618034243583679199e+00,1.478147745132446289e+00,1.478147745132446289e+00,3.389590263366699219e+00,3.389590263366699219e+00,3.133830308914184570e+00,3.133830308914184570e+00
3.430000000000000000e+02,3.409318685531616211e+00,3.409318685531616211e+00,3.182873249053955078e+00,3.182873249053955078e+00,1.625220179557800293e+00,1.625220179557800293e+00,1.460738062858581543e+00,1.460738182067871094e+00,5.471647977828979492e-01,5.471647977828979492e-01,4.917884767055511475e-01,4.917885363101959229e-01,1.811834573745727539e-01,1.811834573745727539e-01,2.172531187534332275e-01,2.172531485557556152e-01,0.000000000000000000e+00,0.000000000000000000e+00,0.000000000000000000e+00,0.000000000000000000e+00,1.658075094223022461e+00,1.658075094223022461e+00,1.514727115631103516e+00,1.514727115631103516e+00,3.377468109130859375e+00,3.377468109130859375e+00,3.128738880157470703e+00,3.128738880157470703e+00
3.440000000000000000e+02,3.370092153549194336e+00,3.370092153549194336e+00,3.146251916885375977e+00,3.146251916885375977e+00,1.579470038414001465e+00,1.579470038414001465e+00,1.419618368148803711e+00,1.419618368148803711e+00,5.597116351127624512e-01,5.597116351127624512e-01,5.030654668807983398e-01,5.030655264854431152e-01,1.763938069343566895e-01,1.763938069343566895e-01,2.195383310317993164e-01,2.195383459329605103e-01,0.000000000000000000e+00,0.000000000000000000e+00,0.000000000000000000e+00,0.000000000000000000e+00,1.696095943450927734e+00,1.696095943450927734e+00,1.549460649490356445e+00,1.549460649490356445e+00,3.362953662872314453e+00,3.362953662872314453e+00,3.121784687042236328e+00,3.121784687042236328e+00
3.450000000000000000e+02,3.329999446868896484e+00,3.329999446868896484e+00,3.108822107315063477e+00,3.108822107315063477e+00,1.534085869789123535e+00,1.534085869789123535e+00,1.378827214241027832e+00,1.378827333450317383e+00,5.715769529342651367e-01,5.715769529342651367e-01,5.137299299240112305e-01,5.137299895286560059e-01,1.708204746246337891e-01,1.708204746246337891e-01,2.214287519454956055e-01,2.214287519454956055e-01,0.000000000000000000e+00,0.000000000000000000e+00,0.000000000000000000e+00,0.000000000000000000e+00,1.732051372528076172e+00,1.732051372528076172e+00,1.582307577133178711e+00,1.582307577133178711e+00,3.346065044403076172e+00,3.346065044403076172e+00,3.112979650497436523e+00,3.112979888916015625e+00
3.460000000000000000e+02,3.289091825485229492e+00,3.289091825485229492e+00,3.070631980895996094e+00,3.070631980895996094e+00,1.489125847816467285e+00,1.489125847816467285e+00,1.338417291641235352e+00,1.338417291641235352e+00,5.827456116676330566e-01,5.827456116676330566e-01,5.237682461738586426e-01,5.237683057785034180e-01,1.644706279039382935e-01,1.644706279039382935e-01,2.229260057210922241e-01,2.229260206222534180e-01,0.000000000000000000e+00,0.000000000000000000e+00,0.000000000000000000e+00,0.000000000000000000e+00,1.765895605087280273e+00,1.765895605087280273e+00,1.613225817680358887e+00,1.613225817680358887e+00,3.326822996139526367e+00,3.326822996139526367e+00,3.102338552474975586e+00,3.102338552474975586e+00
3.470000000000000000e+02,3.247417449951171875e+00,3.247417449951171875e+00,3.031725168228149414e+00,3.031725168228149414e+00,1.444642782211303711e+00,1.444642782211303711e+00,1.298436284065246582e+00,1.298436284065246582e+00,5.932042002677917480e-01,5.932042002677917480e-01,5.331683158874511719e-01,5.331683754920959473e-01,1.573517620563507080e-01,1.573517620563507080e-01,2.240322977304458618e-01,2.240323126316070557e-01,0.000000000000000000e+00,0.000000000000000000e+00,0.000000000000000000e+00,0.000000000000000000e+00,1.797588229179382324e+00,1.797588229179382324e+00,1.642178535461425781e+00,1.642178535461425781e+00,3.305250644683837891e+00,3.305250644683837891e+00,3.089877605438232422e+00,3.089877843856811523e+00
3.480000000000000000e+02,3.205027103424072266e+00,3.205027103424072266e+00,2.992150306701660156e+00,2.992150306701660156e+00,1.400691032409667969e+00,1.400691032409667969e+00,1.258932828903198242e+00,1.258932828903198242e+00,6.029400229454040527e-01,6.029400229454040527e-01,5.419188737869262695e-01,5.419189333915710449e-01,1.494725942611694336e-01,1.494725942611694336e-01,2.247502058744430542e-01,2.247501909732818604e-01,0.000000000000000000e+00,0.000000000000000000e+00,0.000000000000000000e+00,0.000000000000000000e+00,1.827090740203857422e+00,1.827090740203857422e+00,1.669130325317382812e+00,1.669130325317382812e+00,3.281373977661132812e+00,3.281373977661132812e+00,3.075615644454956055e+00,3.075615882873535156e+00
3.490000000000000000e+02,3.161973237991333008e+00,3.161973237991333008e+00,2.951956272125244141e+00,2.951956272125244141e+00,1.357324600219726562e+00,1.357324600219726562e+00,1.219955205917358398e+00,1.219955325126647949e+00,6.119413375854492188e-01,6.119413375854492188e-01,5.500092506408691406e-01,5.500092506408691406e-01,1.408428102731704712e-01,1.408428102731704712e-01,2.250827848911285400e-01,2.250827848911285400e-01,0.000000000000000000e+00,0.000000000000000000e+00,0.000000000000000000e+00,0.000000000000000000e+00,1.854367733001708984e+00,1.854367733001708984e+00,1.694049119949340820e+00,1.694049119949340820e+00,3.255223512649536133e+00,3.255223512649536133e+00,3.059575080871582031e+00,3.059575080871582031e+00
3.500000000000000000e+02,3.118306398391723633e+00,3.118306398391723633e+00,2.911189794540405273e+00,2.911189794540405273e+00,1.314594984054565430e+00,1.314594984054565430e+00,1.181550264358520508e+00,1.181550383567810059e+00,6.201972961425781250e-01,6.201972961425781250e-01,5.574296116828918457e-01,5.574296712875366211e-01,1.314725279808044434e-01,1.314725279808044434e-01,2.250334024429321289e-01,2.250333875417709351e-01,0.000000000000000000e+00,0.000000000000000000e+00,0.000000000000000000e+00,0.000000000000000000e+00,1.879385471343994141e+00,1.879385471343994141e+00,1.716904044151306152e+00,1.716904044151306152e+00,3.226828575134277344e+00,3.226828575134277344e+00,3.041776180267333984e+00,3.041776180267333984e+00
3.510000000000000000e+02,3.074082612991333008e+00,3.074082612991333008e+00,2.869903087615966797e+00,2.869903087615966797e+00,1.272556543350219727e+00,1.272556543350219727e+00,1.143766164779663086e+00,1.143766283988952637e+00,6.276974678039550781e-01,6.276974678039550781e-01,5.641706585884094238e-01,5.641707181930541992e-01,1.213737502694129944e-01,1.213737502694129944e-01,2.246059924364089966e-01,2.246059924364089966e-01,0.000000000000000000e+00,0.000000000000000000e+00,0.000000000000000000e+00,0.000000000000000000e+00,1.902113437652587891e+00,1.902113437652587891e+00,1.737667083740234375e+00,1.737667083740234375e+00,3.196226596832275391e+00,3.196226596832275391e+00,3.022247076034545898e+00,3.022247076034545898e+00
3.520000000000000000e+02,3.029353857040405273e+00,3.029353857040405273e+00,2.828145503997802734e+00,2.828145503997802734e+00,1.231259107589721680e+00,1.231259107589721680e+00,1.106648445129394531e+00,1.106648445129394531e+00,6.344327926635742188e-01,6.344327926635742188e-01,5.702244043350219727e-01,5.702244043350219727e-01,1.105585098266601562e-01,1.105585098266601562e-01,2.238047719001770020e-01,2.238047719001770020e-01,0.000000000000000000e+00,0.000000000000000000e+00,0.000000000000000000e+00,0.000000000000000000e+00,1.922523260116577148e+00,1.922523260116577148e+00,1.756312370300292969e+00,1.756312370300292969e+00,3.163452625274658203e+00,3.163452625274658203e+00,3.001013040542602539e+00,3.001013040542602539e+00
3.530000000000000000e+02,2.984175682067871094e+00,2.984175682067871094e+00,2.785967826843261719e+00,2.785967826843261719e+00,1.190753340721130371e+00,1.190753340721130371e+00,1.070241928100585938e+00,1.070241928100585938e+00,6.403952240943908691e-01,6.403952240943908691e-01,5.755833387374877930e-01,5.755833983421325684e-01,9.903994947671890259e-02,9.903994947671890259e-02,2.226344794034957886e-01,2.226344645023345947e-01,0.000000000000000000e+00,0.000000000000000000e+00,0.000000000000000000e+00,0.000000000000000000e+00,1.940591573715209961e+00,1.940591573715209961e+00,1.772818565368652344e+00,1.772818565368652344e+00,3.128548622131347656e+00,3.128548622131347656e+00,2.978104591369628906e+00,2.978104591369628906e+00
3.540000000000000000e+02,2.938601970672607422e+00,2.938601970672607422e+00,2.743421077728271484e+00,2.743421316146850586e+00,1.151087999343872070e+00,1.151087999343872070e+00,1.034590959548950195e+00,1.034591197967529297e+00,6.455773711204528809e-01,6.455773711204528809e-01,5.802410840988159180e-01,5.802410840988159180e-01,8.683221042156219482e-02,8.683221042156219482e-02,2.211002111434936523e-01,2.211001813411712646e-01,0.000000000000000000e+00,0.000000000000000000e+00,0.000000000000000000e+00,0.000000000000000000e+00,1.956295013427734375e+00,1.956295013427734375e+00,1.787164449691772461e+00,1.787164449691772461e+00,3.091554641723632812e+00,3.091554641723632812e+00,2.953552007675170898e+00,2.953552007675170898e+00
3.550000000000000000e+02,2.892688274383544922e+00,2.892688274383544922e+00,2.700556755065917969e+00,2.700556993484497070e+00,1.112311244010925293e+00,1.112311244010925293e+00,9.997386932373046875e-01,9.997386932373046875e-01,6.499732732772827148e-01,6.499732732772827148e-01,5.841920375823974609e-01,5.841920971870422363e-01,7.394970953464508057e-02,7.394970953464508057e-02,2.192073464393615723e-01,2.192073315382003784e-01,0.000000000000000000e+00,0.000000000000000000e+00,0.000000000000000000e+00,0.000000000000000000e+00,1.969615697860717773e+00,1.969615697860717773e+00,1.799333333969116211e+00,1.799333333969116211e+00,3.052516937255859375e+00,3.052516937255859375e+00,2.927389144897460938e+00,2.927389144897460938e+00
3.560000000000000000e+02,2.846492052078247070e+00,2.846492052078247070e+00,2.657429218292236328e+00,2.657429218292236328e+00,1.074471831321716309e+00,1.074471831321716309e+00,9.657288789749145508e-01,9.657288789749145508e-01,6.535769701004028320e-01,6.535769701004028320e-01,5.874310731887817383e-01,5.874311327934265137e-01,6.040886417031288147e-02,6.040886417031288147e-02,2.169618308544158936e-01,2.169618308544158936e-01,0.000000000000000000e+00,0.000000000000000000e+00,0.000000000000000000e+00,0.000000000000000000e+00,1.980536222457885742e+00,1.980536222457885742e+00,1.809309959411621094e+00,1.809309959411621094e+00,3.011484622955322266e+00,3.011484622955322266e+00,2.899651527404785156e+00,2.899651765823364258e+00
3.570000000000000000e+02,2.800067663192749023e+00,2.800067663192749023e+00,2.614088058471679688e+00,2.614088058471679688e+00,1.037614464759826660e+00,1.037614464759826660e+00,9.326016902923583984e-01,9.326017498970031738e-01,6.563844680786132812e-01,6.563844680786132812e-01,5.899543762207031250e-01,5.899544358253479004e-01,4.622582346200942993e-02,4.622582346200942993e-02,2.143699228763580322e-01,2.143699228763580322e-01,0.000000000000000000e+00,0.000000000000000000e+00,0.000000000000000000e+00,0.000000000000000000e+00,1.989043474197387695e+00,1.989043474197387695e+00,1.817081689834594727e+00,1.817081689834594727e+00,2.968504905700683594e+00,2.968504905700683594e+00,2.870375394821166992e+00,2.870375394821166992e+00
3.580000000000000000e+02,2.753473997116088867e+00,2.753473997116088867e+00,2.570589303970336914e+00,2.570589542388916016e+00,1.001785278320312500e+00,1.001785278320312500e+00,9.003986120223999023e-01,9.003986716270446777e-01,6.583923101425170898e-01,6.583923101425170898e-01,5.917590856552124023e-01,5.917591452598571777e-01,3.141789883375167847e-02,3.141789883375167847e-02,2.114382535219192505e-01,2.114382386207580566e-01,0.000000000000000000e+00,0.000000000000000000e+00,0.000000000000000000e+00,0.000000000000000000e+00,1.995128035545349121e+00,1.995128035545349121e+00,1.822640180587768555e+00,1.822640180587768555e+00,2.923633098602294922e+00,2.923633098602294922e+00,2.839600801467895508e+00,2.839600801467895508e+00
3.590000000000000000e+02,2.706765651702880859e+00,2.706765651702880859e+00,2.526983737945556641e+00,2.526983737945556641e+00,9.670267105102539062e-01,9.670267105102539062e-01,8.691577911376953125e-01,8.691577911376953125e-01,6.595980525016784668e-01,6.595980525016784668e-01,5.928428173065185547e-01,5.928428173065185547e-01,1.600312441587448120e-02,1.600312441587448120e-02,2.081737518310546875e-01,2.081737071275711060e-01,0.000000000000000000e+00,0.000000000000000000e+00,0.000000000000000000e+00,0.000000000000000000e+00,1.998781681060791016e+00,1.998781681060791016e+00,1.825977802276611328e+00,1.825977802276611328e+00,2.876921415328979492e+00,2.876921415328979492e+00,2.807367086410522461e+00,2.807367324829101562e+00
