0.000000000000000000e+00,1.195625782012939453e+00,1.195625782012939453e+00,1.061502456665039062e+00,1.189500451087951660e+00,9.282771944999694824e-01,9.282771944999694824e-01,8.094024658203125000e-01,9.254683852195739746e-01,4.251033961772918701e-01,4.251033961772918701e-01,3.957135379314422607e-01,4.377022981643676758e-01,7.519941776990890503e-02,7.519941776990890503e-02,9.672375023365020752e-02,1.017778217792510986e-01,5.398592352867126465e-02,5.398592352867126465e-02,6.394542753696441650e-02,9.338618814945220947e-02,3.819094300270080566e-01,3.819094300270080566e-01,3.297335803508758545e-01,4.266917109489440918e-01,8.896131515502929688e-01,8.896131515502929688e-01,7.755252122879028320e-01,9.075879454612731934e-01
1.000000000000000000e+00,1.198319196701049805e+00,1.198319196701049805e+00,1.063455462455749512e+00,1.192611932754516602e+00,9.345494508743286133e-01,9.345494508743286133e-01,8.172287940979003906e-01,9.291349053382873535e-01,4.276316165924072266e-01,4.276316165924072266e-01,3.987766206264495850e-01,4.385081231594085693e-01,7.640065997838973999e-02,7.640065997838973999e-02,9.761534631252288818e-02,1.021740958094596863e-01,5.429874733090400696e-02,5.429874733090400696e-02,6.263639032840728760e-02,9.469899535179138184e-02,3.812000453472137451e-01,3.812000453472137451e-01,3.284542560577392578e-01,4.269609451293945312e-01,8.925901651382446289e-01,8.925901651382446289e-01,7.752864360809326172e-01,9.057965278625488281e-01
2.000000000000000000e+00,1.200771570205688477e+00,1.200771570205688477e+00,1.058247685432434082e+00,1.192517518997192383e+00,9.383187294006347656e-01,9.383187294006347656e-01,8.180625438690185547e-01,9.283490180969238281e-01,4.270269870758056641e-01,4.270269870758056641e-01,3.996224999427795410e-01,4.406165480613708496e-01,7.724441587924957275e-02,7.724441587924957275e-02,9.765926003456115723e-02,1.014593020081520081e-01,5.521203577518463135e-02,5.521203577518463135e-02,6.259158253669738770e-02,9.548044949769973755e-02,3.787519931793212891e-01,3.787519931793212891e-01,3.282350897789001465e-01,4.249001741409301758e-01,8.925433754920959473e-01,8.925433754920959473e-01,7.743758559226989746e-01,9.031651616096496582e-01
3.000000000000000000e+00,1.197343111038208008e+00,1.197343111038208008e+00,1.068275570869445801e+00,1.193247795104980469e+00,9.431668519973754883e-01,9.431668519973754883e-01,8.269373178482055664e-01,9.330161213874816895e-01,4.291785061359405518e-01,4.291785061359405518e-01,4.020885527133941650e-01,4.427597522735595703e-01,7.748763263225555420e-02,7.748763263225555420e-02,9.875533729791641235e-02,1.024984717369079590e-01,5.564401298761367798e-02,5.564401298761367798e-02,6.236361339688301086e-02,9.790794551372528076e-02,3.781972527503967285e-01,3.781972527503967285e-01,3.270399272441864014e-01,4.253998696804046631e-01,8.910788297653198242e-01,8.910788297653198242e-01,7.693337202072143555e-01,9.045924544334411621e-01
4.000000000000000000e+00,1.201965808868408203e+00,1.201965808868408203e+00,1.068129897117614746e+00,1.195741772651672363e+00,9.458488225936889648e-01,9.458488225936889648e-01,8.278134465217590332e-01,9.353868961334228516e-01,4.279885888099670410e-01,4.279885888099670410e-01,4.029399156570434570e-01,4.433394074440002441e-01,7.841621339321136475e-02,7.841621339321136475e-02,9.977699071168899536e-02,1.026025265455245972e-01,5.661498010158538818e-02,5.661498010158538818e-02,6.223672628402709961e-02,9.963008761405944824e-02,3.746981024742126465e-01,3.746981024742126465e-01,3.287704586982727051e-01,4.203188419342041016e-01,8.924819231033325195e-01,8.924819231033325195e-01,7.754297256469726562e-01,9.027419090270996094e-01
5.000000000000000000e+00,1.205213189125061035e+00,1.205213189125061035e+00,1.072791814804077148e+00,1.195502758026123047e+00,9.515454769134521484e-01,9.515454769134521484e-01,8.352088332176208496e-01,9.357954263687133789e-01,4.301702380180358887e-01,4.301702380180358887e-01,4.057967066764831543e-01,4.454444050788879395e-01,7.854042947292327881e-02,7.854042947292327881e-02,1.005185991525650024e-01,1.027171164751052856e-01,5.835171043872833252e-02,5.835171043872833252e-02,6.162134557962417603e-02,1.008959114551544189e-01,3.749173879623413086e-01,3.749173879623413086e-01,3.291341662406921387e-01,4.223330318927764893e-01,8.902263641357421875e-01,8.902263641357421875e-01,7.761719226837158203e-01,9.058888554573059082e-01
6.000000000000000000e+00,1.206982135772705078e+00,1.206982135772705078e+00,1.074007391929626465e+00,1.192843079566955566e+00,9.536160826683044434e-01,9.536160826683044434e-01,8.387460708618164062e-01,9.403145313262939453e-01,4.285059273242950439e-01,4.285059273242950439e-01,4.074691534042358398e-01,4.480091333389282227e-01,7.901209592819213867e-02,7.901209592819213867e-02,1.011348664760589600e-01,1.022934243083000183e-01,5.956984311342239380e-02,5.956984311342239380e-02,6.226052343845367432e-02,1.027264744043350220e-01,3.694783151149749756e-01,3.694783151149749756e-01,3.290568590164184570e-01,4.203257560729980469e-01,8.909376859664916992e-01,8.909376859664916992e-01,7.745825648307800293e-01,9.053612947463989258e-01
7.000000000000000000e+00,1.211321353912353516e+00,1.211321353912353516e+00,1.077206254005432129e+00,1.196553707122802734e+00,9.582008123397827148e-01,9.582008123397827148e-01,8.432295322418212891e-01,9.394654035568237305e-01,4.317415356636047363e-01,4.317415356636047363e-01,4.068461656570434570e-01,4.492342174053192139e-01,7.885675877332687378e-02,7.885675877332687378e-02,1.017490699887275696e-01,1.025841534137725830e-01,6.089427322149276733e-02,6.089427322149276733e-02,6.190864741802215576e-02,1.039526909589767456e-01,3.698927462100982666e-01,3.698927462100982666e-01,3.295922279357910156e-01,4.203486442565917969e-01,8.918952941894531250e-01,8.918952941894531250e-01,7.773208022117614746e-01,8.997202515602111816e-01
8.000000000000000000e+00,1.211097717285156250e+00,1.211097717285156250e+00,1.078755617141723633e+00,1.197719335556030273e+00,9.623383879661560059e-01,9.623383879661560059e-01,8.505681753158569336e-01,9.420568943023681641e-01,4.311454296112060547e-01,4.311454296112060547e-01,4.108006656169891357e-01,4.472235739231109619e-01,7.899339497089385986e-02,7.899339497089385986e-02,1.023128256201744080e-01,1.026903688907623291e-01,6.261478364467620850e-02,6.261478364467620850e-02,6.296259164810180664e-02,1.052087917923927307e-01,3.678669929504394531e-01,3.678669929504394531e-01,3.282127082347869873e-01,4.160625636577606201e-01,8.926672339439392090e-01,8.926672339439392090e-01,7.771894931793212891e-01,9.040884375572204590e-01
9.000000000000000000e+00,1.212114453315734863e+00,1.212114453315734863e+00,1.082715034484863281e+00,1.200829267501831055e+00,9.654830098152160645e-01,9.654830098152160645e-01,8.552167415618896484e-01,9.434688091278076172e-01,4.314544200897216797e-01,4.314544200897216797e-01,4.128780364990234375e-01,4.524761736392974854e-01,7.948653399944305420e-02,7.948653399944305420e-02,1.035398095846176147e-01,1.020238995552062988e-01,6.401376426219940186e-02,6.401376426219940186e-02,6.291514635086059570e-02,1.066850125789642334e-01,3.660889267921447754e-01,3.660889267921447754e-01,3.298381567001342773e-01,4.182171225547790527e-01,8.904167413711547852e-01,8.904167413711547852e-01,7.795829772949218750e-01,9.035732150077819824e-01
1.000000000000000000e+01,1.215637445449829102e+00,1.215637445449829102e+00,1.084299206733703613e+00,1.200001120567321777e+00,9.718493223190307617e-01,9.718493223190307617e-01,8.592826128005981445e-01,9.469411969184875488e-01,4.315137863159179688e-01,4.315137863159179688e-01,4.140519499778747559e-01,4.544119834899902344e-01,7.969522476196289062e-02,7.969522476196289062e-02,1.039114072918891907e-01,1.025994196534156799e-01,6.539598107337951660e-02,6.539598107337951660e-02,6.325405836105346680e-02,1.076962947845458984e-01,3.669344484806060791e-01,3.669344484806060791e-01,3.302746713161468506e-01,4.168197214603424072e-01,8.917030096054077148e-01,8.917030096054077148e-01,7.775737047195434570e-01,9.057012796401977539e-01
1.100000000000000000e+01,1.219332933425903320e+00,1.219332933425903320e+00,1.084163427352905273e+00,1.203492403030395508e+00,9.770325422286987305e-01,9.770325422286987305e-01,8.630280494689941406e-01,9.489203691482543945e-01,4.340327680110931396e-01,4.340327680110931396e-01,4.154617190361022949e-01,4.560695290565490723e-01,7.921326905488967896e-02,7.921326905488967896e-02,1.048449426889419556e-01,1.024350598454475403e-01,6.642894446849822998e-02,6.642894446849822998e-02,6.367699801921844482e-02,1.083440184593200684e-01,3.654558360576629639e-01,3.654558360576629639e-01,3.316564559936523438e-01,4.137223958969116211e-01,8.918215036392211914e-01,8.918215036392211914e-01,7.806233167648315430e-01,9.050120115280151367e-01
1.200000000000000000e+01,1.220021724700927734e+00,1.220021724700927734e+00,1.089748978614807129e+00,1.201887607574462891e+00,9.824050664901733398e-01,9.824050664901733398e-01,8.659376502037048340e-01,9.506274461746215820e-01,4.334352612495422363e-01,4.334352612495422363e-01,4.183015823364257812e-01,4.566832780838012695e-01,7.968445122241973877e-02,7.968445122241973877e-02,1.049405932426452637e-01,1.023082882165908813e-01,6.765268743038177490e-02,6.765268743038177490e-02,6.342928111553192139e-02,1.093335747718811035e-01,3.617595434188842773e-01,3.617595434188842773e-01,3.335372507572174072e-01,4.135417640209197998e-01,8.945492506027221680e-01,8.945492506027221680e-01,7.810540795326232910e-01,9.049593210220336914e-01
1.300000000000000000e+01,1.225040435791015625e+00,1.225040435791015625e+00,1.091526389122009277e+00,1.208810687065124512e+00,9.841687083244323730e-01,9.841687083244323730e-01,8.738968372344970703e-01,9.517909288406372070e-01,4.370380342006683350e-01,4.370380342006683350e-01,4.203444421291351318e-01,4.602652192115783691e-01,7.950444519519805908e-02,7.950444519519805908e-02,1.057147532701492310e-01,1.023119762539863586e-01,6.863863766193389893e-02,6.863863766193389893e-02,6.403775513172149658e-02,1.103640645742416382e-01,3.641703128814697266e-01,3.641703128814697266e-01,3.337787389755249023e-01,4.145949184894561768e-01,8.939602375030517578e-01,8.939602375030517578e-01,7.796925306320190430e-01,9.048718214035034180e-01
1.400000000000000000e+01,1.224887490272521973e+00,1.224887490272521973e+00,1.095096111297607422e+00,1.210165858268737793e+00,9.876324534416198730e-01,9.876324534416198730e-01,8.775719404220581055e-01,9.555323123931884766e-01,4.384154975414276123e-01,4.384154975414276123e-01,4.214849472045898438e-01,4.612292647361755371e-01,7.919991016387939453e-02,7.919991016387939453e-02,1.063583195209503174e-01,1.017710417509078979e-01,6.957492977380752563e-02,6.957492977380752563e-02,6.400950998067855835e-02,1.104549691081047058e-01,3.628393411636352539e-01,3.628393411636352539e-01,3.344472646713256836e-01,4.129916131496429443e-01,8.936474919319152832e-01,8.936474919319152832e-01,7.775269746780395508e-01,9.055192470550537109e-01
1.500000000000000000e+01,1.228523015975952148e+00,1.228523015975952148e+00,1.101459980010986328e+00,1.210913896560668945e+00,9.930300116539001465e-01,9.930300116539001465e-01,8.808940649032592773e-01,9.553365707397460938e-01,4.361412525177001953e-01,4.361412525177001953e-01,4.237141013145446777e-01,4.612612724304199219e-01,7.867047190666198730e-02,7.867047190666198730e-02,1.068572700023651123e-01,1.014585793018341064e-01,7.041288912296295166e-02,7.041288912296295166e-02,6.453150510787963867e-02,1.097576320171356201e-01,3.600208461284637451e-01,3.600208461284637451e-01,3.358971774578094482e-01,4.118233919143676758e-01,8.904670476913452148e-01,8.904670476913452148e-01,7.823203802108764648e-01,9.036138057708740234e-01
1.600000000000000000e+01,1.227253913879394531e+00,1.227253913879394531e+00,1.105590581893920898e+00,1.211745738983154297e+00,9.965300559997558594e-01,9.965300559997558594e-01,8.863184452056884766e-01,9.604120254516601562e-01,4.418320655822753906e-01,4.418320655822753906e-01,4.254802465438842773e-01,4.657853841781616211e-01,7.841409742832183838e-02,7.841409742832183838e-02,1.067352667450904846e-01,1.011968329548835754e-01,7.061578333377838135e-02,7.061578333377838135e-02,6.450077146291732788e-02,1.104908809065818787e-01,3.628086745738983154e-01,3.628086745738983154e-01,3.346402049064636230e-01,4.109826683998107910e-01,8.919457793235778809e-01,8.919457793235778809e-01,7.852583527565002441e-01,9.026895761489868164e-01
1.700000000000000000e+01,1.231604337692260742e+00,1.231604337692260742e+00,1.105910539627075195e+00,1.213495492935180664e+00,1.001693010330200195e+00,1.001693010330200195e+00,8.880957365036010742e-01,9.623744487762451172e-01,4.446986317634582520e-01,4.446986317634582520e-01,4.284131526947021484e-01,4.647480249404907227e-01,7.813830673694610596e-02,7.813830673694610596e-02,1.068040430545806885e-01,1.009081453084945679e-01,7.133239507675170898e-02,7.133239507675170898e-02,6.438577175140380859e-02,1.108610406517982483e-01,3.634667992591857910e-01,3.634667992591857910e-01,3.366287946701049805e-01,4.108952879905700684e-01,8.919167518615722656e-01,8.919167518615722656e-01,7.818479537963867188e-01,9.038323760032653809e-01
1.800000000000000000e+01,1.234085559844970703e+00,1.234085559844970703e+00,1.110153913497924805e+00,1.214310169219970703e+00,1.000356674194335938e+00,1.000356674194335938e+00,8.937944173812866211e-01,9.654280543327331543e-01,4.466522932052612305e-01,4.466522932052612305e-01,4.322721958160400391e-01,4.656224846839904785e-01,7.775527238845825195e-02,7.775527238845825195e-02,1.077859550714492798e-01,1.010121330618858337e-01,7.087622582912445068e-02,7.087622582912445068e-02,6.503470242023468018e-02,1.100029796361923218e-01,3.633621931076049805e-01,3.633621931076049805e-01,3.369074463844299316e-01,4.074397683143615723e-01,8.914173841476440430e-01,8.914173841476440430e-01,7.830851674079895020e-01,9.037532806396484375e-01
1.900000000000000000e+01,1.239860057830810547e+00,1.239860057830810547e+00,1.114501595497131348e+00,1.216065287590026855e+00,1.010810613632202148e+00,1.010810613632202148e+00,8.958233594894409180e-01,9.674271345138549805e-01,4.483833611011505127e-01,4.483833611011505127e-01,4.342788457870483398e-01,4.684083163738250732e-01,7.694604992866516113e-02,7.694604992866516113e-02,1.083915531635284424e-01,1.006835624575614929e-01,7.199601829051971436e-02,7.199601829051971436e-02,6.514430791139602661e-02,1.097006201744079590e-01,3.631218075752258301e-01,3.631218075752258301e-01,3.368005752563476562e-01,4.083553552627563477e-01,8.940947055816650391e-01,8.940947055816650391e-01,7.881710529327392578e-01,9.035254716873168945e-01
2.000000000000000000e+01,1.241376876831054688e+00,1.241376876831054688e+00,1.120393395423889160e+00,1.216084122657775879e+00,1.010379910469055176e+00,1.010379910469055176e+00,8.999791741371154785e-01,9.682177305221557617e-01,4.500914812088012695e-01,4.500914812088012695e-01,4.349116384983062744e-01,4.730163216590881348e-01,7.669924199581146240e-02,7.669924199581146240e-02,1.078535169363021851e-01,9.999205172061920166e-02,7.165442407131195068e-02,7.165442407131195068e-02,6.454755365848541260e-02,1.090024709701538086e-01,3.618876636028289795e-01,3.618876636028289795e-01,3.384788632392883301e-01,4.065992832183837891e-01,8.930054903030395508e-01,8.930054903030395508e-01,7.914832830429077148e-01,9.026573300361633301e-01
2.100000000000000000e+01,1.242306947708129883e+00,1.242306947708129883e+00,1.123742341995239258e+00,1.220783948898315430e+00,1.018236160278320312e+00,1.018236160278320312e+00,9.064658880233764648e-01,9.733555316925048828e-01,4.530095458030700684e-01,4.530095458030700684e-01,4.389557838439941406e-01,4.713481664657592773e-01,7.623298466205596924e-02,7.623298466205596924e-02,1.084358319640159607e-01,9.910742938518524170e-02,7.172019779682159424e-02,7.172019779682159424e-02,6.473529338836669922e-02,1.078134998679161072e-01,3.633065223693847656e-01,3.633065223693847656e-01,3.395134210586547852e-01,4.075652062892913818e-01,8.943238258361816406e-01,8.943238258361816406e-01,7.916764020919799805e-01,9.001855850219726562e-01
2.200000000000000000e+01,1.250844120979309082e+00,1.250844120979309082e+00,1.124774694442749023e+00,1.222482562065124512e+00,1.018911600112915039e+00,1.018911600112915039e+00,9.035557508468627930e-01,9.697337150573730469e-01,4.556389451026916504e-01,4.556389451026916504e-01,4.390501379966735840e-01,4.723857641220092773e-01,7.590796053409576416e-02,7.590796053409576416e-02,1.085706502199172974e-01,9.826789796352386475e-02,7.067335397005081177e-02,7.067335397005081177e-02,6.406956166028976440e-02,1.071377471089363098e-01,3.636584877967834473e-01,3.636584877967834473e-01,3.386577367782592773e-01,4.084722101688385010e-01,8.947205543518066406e-01,8.947205543518066406e-01,7.852076292037963867e-01,9.035162925720214844e-01
2.300000000000000000e+01,1.250390768051147461e+00,1.250390768051147461e+00,1.129782199859619141e+00,1.223001956939697266e+00,1.022633790969848633e+00,1.022633790969848633e+00,9.102253913879394531e-01,9.744516611099243164e-01,4.568174481391906738e-01,4.568174481391906738e-01,4.440388977527618408e-01,4.736381769180297852e-01,7.492548227310180664e-02,7.492548227310180664e-02,1.092141121625900269e-01,9.792181849479675293e-02,7.042898982763290405e-02,7.042898982763290405e-02,6.399124860763549805e-02,1.058835089206695557e-01,3.622162342071533203e-01,3.622162342071533203e-01,3.394672274589538574e-01,4.081284403800964355e-01,8.942275047302246094e-01,8.942275047302246094e-01,7.928805351257324219e-01,8.994748592376708984e-01
2.400000000000000000e+01,1.255729556083679199e+00,1.255729556083679199e+00,1.134624361991882324e+00,1.225981950759887695e+00,1.023991823196411133e+00,1.023991823196411133e+00,9.165539741516113281e-01,9.754816889762878418e-01,4.564936459064483643e-01,4.564936459064483643e-01,4.446015059947967529e-01,4.745495319366455078e-01,7.396931946277618408e-02,7.396931946277618408e-02,1.083346381783485413e-01,9.711769968271255493e-02,6.900937855243682861e-02,6.900937855243682861e-02,6.264510005712509155e-02,1.046390980482101440e-01,3.611551523208618164e-01,3.611551523208618164e-01,3.396101593971252441e-01,4.071535766124725342e-01,8.940247893333435059e-01,8.940247893333435059e-01,7.921240329742431641e-01,9.038765430450439453e-01
2.500000000000000000e+01,1.260830163955688477e+00,1.260830163955688477e+00,1.139371275901794434e+00,1.229481220245361328e+00,1.027240395545959473e+00,1.027240395545959473e+00,9.159088134765625000e-01,9.773081541061401367e-01,4.598975181579589844e-01,4.598975181579589844e-01,4.484619200229644775e-01,4.763714671134948730e-01,7.341906428337097168e-02,7.341906428337097168e-02,1.086466312408447266e-01,9.696130454540252686e-02,6.796280294656753540e-02,6.796280294656753540e-02,6.275457888841629028e-02,1.025173142552375793e-01,3.613942861557006836e-01,3.613942861557006836e-01,3.398170471191406250e-01,4.040483832359313965e-01,8.935336470603942871e-01,8.935336470603942871e-01,7.965619564056396484e-01,9.015725851058959961e-01
2.600000000000000000e+01,1.260095834732055664e+00,1.260095834732055664e+00,1.145261287689208984e+00,1.228592872619628906e+00,1.028284788131713867e+00,1.028284788131713867e+00,9.210429191589355469e-01,9.759571552276611328e-01,4.586895108222961426e-01,4.586895108222961426e-01,4.471704363822937012e-01,4.768868684768676758e-01,7.215443998575210571e-02,7.215443998575210571e-02,1.085015460848808289e-01,9.505939483642578125e-02,6.744888424873352051e-02,6.744888424873352051e-02,6.202735006809234619e-02,1.012629643082618713e-01,3.604545593261718750e-01,3.604545593261718750e-01,3.394225239753723145e-01,4.004566073417663574e-01,8.961091637611389160e-01,8.961091637611389160e-01,7.927783131599426270e-01,9.018896818161010742e-01
2.700000000000000000e+01,1.266208887100219727e+00,1.266208887100219727e+00,1.148711919784545898e+00,1.229762315750122070e+00,1.031811475753784180e+00,1.031811475753784180e+00,9.240329861640930176e-01,9.784772396087646484e-01,4.646022319793701172e-01,4.646022319793701172e-01,4.511314928531646729e-01,4.745920002460479736e-01,7.179421931505203247e-02,7.179421931505203247e-02,1.097544133663177490e-01,9.498341381549835205e-02,6.685866415500640869e-02,6.685866415500640869e-02,6.133733689785003662e-02,9.910779446363449097e-02,3.621284663677215576e-01,3.621284663677215576e-01,3.401548266410827637e-01,4.007693529129028320e-01,8.945691585540771484e-01,8.945691585540771484e-01,7.995786666870117188e-01,8.996055126190185547e-01
2.800000000000000000e+01,1.268885016441345215e+00,1.268885016441345215e+00,1.152866601943969727e+00,1.236389398574829102e+00,1.035831809043884277e+00,1.035831809043884277e+00,9.255708456039428711e-01,9.792168140411376953e-01,4.632492065429687500e-01,4.632492065429687500e-01,4.527333378791809082e-01,4.769997000694274902e-01,7.101678848266601562e-02,7.101678848266601562e-02,1.092759519815444946e-01,9.419351816177368164e-02,6.540343910455703735e-02,6.540343910455703735e-02,6.136072427034378052e-02,9.698370099067687988e-02,3.615245819091796875e-01,3.615245819091796875e-01,3.382398188114166260e-01,4.023706614971160889e-01,8.964144587516784668e-01,8.964144587516784668e-01,8.000122904777526855e-01,9.007581472396850586e-01
2.900000000000000000e+01,1.270891904830932617e+00,1.270891904830932617e+00,1.155366182327270508e+00,1.234854221343994141e+00,1.039849996566772461e+00,1.039849996566772461e+00,9.331568479537963867e-01,9.829262495040893555e-01,4.679214954376220703e-01,4.679214954376220703e-01,4.569022655487060547e-01,4.773516654968261719e-01,6.995177268981933594e-02,6.995177268981933594e-02,1.099997907876968384e-01,9.354414045810699463e-02,6.407290697097778320e-02,6.407290697097778320e-02,6.130558252334594727e-02,9.566289186477661133e-02,3.619398474693298340e-01,3.619398474693298340e-01,3.386406898498535156e-01,4.020764827728271484e-01,8.952121734619140625e-01,8.952121734619140625e-01,8.034107089042663574e-01,9.006737470626831055e-01
3.000000000000000000e+01,1.276561260223388672e+00,1.276561260223388672e+00,1.164146423339843750e+00,1.240462064743041992e+00,1.038239598274230957e+00,1.038239598274230957e+00,9.275506734848022461e-01,9.862580299377441406e-01,4.686821103096008301e-01,4.686821103096008301e-01,4.567431807518005371e-01,4.777434170246124268e-01,6.983926892280578613e-02,6.983926892280578613e-02,1.097116917371749878e-01,9.280960261821746826e-02,6.263776868581771851e-02,6.263776868581771851e-02,6.081372499465942383e-02,9.393240511417388916e-02,3.624120652675628662e-01,3.624120652675628662e-01,3.408145308494567871e-01,4.008068144321441650e-01,8.991818428039550781e-01,8.991818428039550781e-01,8.042868375778198242e-01,9.002886414527893066e-01
3.100000000000000000e+01,1.282325267791748047e+00,1.282325267791748047e+00,1.167912244796752930e+00,1.242994546890258789e+00,1.040913343429565430e+00,1.040913343429565430e+00,9.387811422348022461e-01,9.863704442977905273e-01,4.709851741790771484e-01,4.709851741790771484e-01,4.562135934829711914e-01,4.793393611907958984e-01,6.860673427581787109e-02,6.860673427581787109e-02,1.107303798198699951e-01,9.236057102680206299e-02,6.080086156725883484e-02,6.080086156725883484e-02,6.005163490772247314e-02,9.237283468246459961e-02,3.610098958015441895e-01,3.610098958015441895e-01,3.402420878410339355e-01,4.020034968852996826e-01,8.992110490798950195e-01,8.992110490798950195e-01,8.057768344879150391e-01,9.025567173957824707e-01
3.200000000000000000e+01,1.285828351974487305e+00,1.285828351974487305e+00,1.171794533729553223e+00,1.242438554763793945e+00,1.043599605560302734e+00,1.043599605560302734e+00,9.381577968597412109e-01,9.868602156639099121e-01,4.709166884422302246e-01,4.709166884422302246e-01,4.623294770717620850e-01,4.775705337524414062e-01,6.873796135187149048e-02,6.873796135187149048e-02,1.108377128839492798e-01,9.220149368047714233e-02,5.914054065942764282e-02,5.914054065942764282e-02,5.964927375316619873e-02,9.018189460039138794e-02,3.604547083377838135e-01,3.604547083377838135e-01,3.401139378547668457e-01,3.989069759845733643e-01,8.962880373001098633e-01,8.962880373001098633e-01,8.090448379516601562e-01,9.009444117546081543e-01
3.300000000000000000e+01,1.287646293640136719e+00,1.287646293640136719e+00,1.175777673721313477e+00,1.246821999549865723e+00,1.045543789863586426e+00,1.045543789863586426e+00,9.428356289863586426e-01,9.925666451454162598e-01,4.741766452789306641e-01,4.741766452789306641e-01,4.628204107284545898e-01,4.791836440563201904e-01,6.807603687047958374e-02,6.807603687047958374e-02,1.106195822358131409e-01,9.133560210466384888e-02,5.750656872987747192e-02,5.750656872987747192e-02,5.941244587302207947e-02,8.746874332427978516e-02,3.617005944252014160e-01,3.617005944252014160e-01,3.411082923412322998e-01,3.977508544921875000e-01,8.968179225921630859e-01,8.968179225921630859e-01,8.124099969863891602e-01,9.002774953842163086e-01
3.400000000000000000e+01,1.293084144592285156e+00,1.293084144592285156e+00,1.182835340499877930e+00,1.245537042617797852e+00,1.048439383506774902e+00,1.048439383506774902e+00,9.453746080398559570e-01,9.894340038299560547e-01,4.763159751892089844e-01,4.763159751892089844e-01,4.671180248260498047e-01,4.804094731807708740e-01,6.824909895658493042e-02,6.824909895658493042e-02,1.107909008860588074e-01,9.133523702621459961e-02,5.590403079986572266e-02,5.590403079986572266e-02,5.869465321302413940e-02,8.520837873220443726e-02,3.617400527000427246e-01,3.617400527000427246e-01,3.408407866954803467e-01,3.965495824813842773e-01,9.034891128540039062e-01,9.034891128540039062e-01,8.093323707580566406e-01,9.001957178115844727e-01
3.500000000000000000e+01,1.297346353530883789e+00,1.297346353530883789e+00,1.185007214546203613e+00,1.250433921813964844e+00,1.050438761711120605e+00,1.050438761711120605e+00,9.481711387634277344e-01,9.957745671272277832e-01,4.758222103118896484e-01,4.758222103118896484e-01,4.649902582168579102e-01,4.786909222602844238e-01,6.767395883798599243e-02,6.767395883798599243e-02,1.105103492736816406e-01,9.034214913845062256e-02,5.400195717811584473e-02,5.400195717811584473e-02,5.795654654502868652e-02,8.330105245113372803e-02,3.616684973239898682e-01,3.616684973239898682e-01,3.418604433536529541e-01,3.941863775253295898e-01,9.044318199157714844e-01,9.044318199157714844e-01,8.169112205505371094e-01,9.009937047958374023e-01
3.600000000000000000e+01,1.298596858978271484e+00,1.298596858978271484e+00,1.191840291023254395e+00,1.254574179649353027e+00,1.054543614387512207e+00,1.054543614387512207e+00,9.510914087295532227e-01,9.964666366577148438e-01,4.773384630680084229e-01,4.773384630680084229e-01,4.687088727951049805e-01,4.796893000602722168e-01,6.833600252866744995e-02,6.833600252866744995e-02,1.108186319470405579e-01,9.073762595653533936e-02,5.264895781874656677e-02,5.264895781874656677e-02,5.781565234065055847e-02,8.151394873857498169e-02,3.595784306526184082e-01,3.595784306526184082e-01,3.406291007995605469e-01,3.932701945304870605e-01,9.057047367095947266e-01,9.057047367095947266e-01,8.180526494979858398e-01,9.021039009094238281e-01
3.700000000000000000e+01,1.306227207183837891e+00,1.306227207183837891e+00,1.195940494537353516e+00,1.258123636245727539e+00,1.055448651313781738e+00,1.055448651313781738e+00,9.539264440536499023e-01,9.979302883148193359e-01,4.781470894813537598e-01,4.781470894813537598e-01,4.706010222434997559e-01,4.774908423423767090e-01,6.824806332588195801e-02,6.824806332588195801e-02,1.108288317918777466e-01,9.008021652698516846e-02,5.142750218510627747e-02,5.142750218510627747e-02,5.712621659040451050e-02,7.947420328855514526e-02,3.594512939453125000e-01,3.594512939453125000e-01,3.412763178348541260e-01,3.914554119110107422e-01,9.075928926467895508e-01,9.075928926467895508e-01,8.204124569892883301e-01,9.042935371398925781e-01
3.800000000000000000e+01,1.305821895599365234e+00,1.305821895599365234e+00,1.203121423721313477e+00,1.260383725166320801e+00,1.058361291885375977e+00,1.058361291885375977e+00,9.587039351463317871e-01,1.001546025276184082e+00,4.807711541652679443e-01,4.807711541652679443e-01,4.691233634948730469e-01,4.786560535430908203e-01,6.811279803514480591e-02,6.811279803514480591e-02,1.110125780105590820e-01,8.971417695283889771e-02,5.032668262720108032e-02,5.032668262720108032e-02,5.777109414339065552e-02,7.807948440313339233e-02,3.613263666629791260e-01,3.613263666629791260e-01,3.408395051956176758e-01,3.935717642307281494e-01,9.077537059783935547e-01,9.077537059783935547e-01,8.260271549224853516e-01,9.033797979354858398e-01
3.900000000000000000e+01,1.312535881996154785e+00,1.312535881996154785e+00,1.205520629882812500e+00,1.263556957244873047e+00,1.061705350875854492e+00,1.061705350875854492e+00,9.571237564086914062e-01,1.000344038009643555e+00,4.802170991897583008e-01,4.802170991897583008e-01,4.711656868457794189e-01,4.767837226390838623e-01,6.834385544061660767e-02,6.834385544061660767e-02,1.107461601495742798e-01,8.952818810939788818e-02,4.884897917509078979e-02,4.884897917509078979e-02,5.754380673170089722e-02,7.624594867229461670e-02,3.597313761711120605e-01,3.597313761711120605e-01,3.408595919609069824e-01,3.921649456024169922e-01,9.109804034233093262e-01,9.109804034233093262e-01,8.301646709442138672e-01,9.056158065795898438e-01
4.000000000000000000e+01,1.318486571311950684e+00,1.318486571311950684e+00,1.210109949111938477e+00,1.263841509819030762e+00,1.064918160438537598e+00,1.064918160438537598e+00,9.626394510269165039e-01,1.001623511314392090e+00,4.798930883407592773e-01,4.798930883407592773e-01,4.736712872982025146e-01,4.781338274478912354e-01,6.854815781116485596e-02,6.854815781116485596e-02,1.110961809754371643e-01,8.953361213207244873e-02,4.774705693125724792e-02,4.774705693125724792e-02,5.764167383313179016e-02,7.440821826457977295e-02,3.610132336616516113e-01,3.610132336616516113e-01,3.431231677532196045e-01,3.918196558952331543e-01,9.170634746551513672e-01,9.170634746551513672e-01,8.318364620208740234e-01,9.063450098037719727e-01
4.100000000000000000e+01,1.320219516754150391e+00,1.320219516754150391e+00,1.215403318405151367e+00,1.269233942031860352e+00,1.065814614295959473e+00,1.065814614295959473e+00,9.607132673263549805e-01,1.003397703170776367e+00,4.812352061271667480e-01,4.812352061271667480e-01,4.738907516002655029e-01,4.767896831035614014e-01,6.850238144397735596e-02,6.850238144397735596e-02,1.112280339002609253e-01,8.959329128265380859e-02,4.697405174374580383e-02,4.697405174374580383e-02,5.806192383170127869e-02,7.329249382019042969e-02,3.617635369300842285e-01,3.617635369300842285e-01,3.440586328506469727e-01,3.904049396514892578e-01,9.175723791122436523e-01,9.175723791122436523e-01,8.363407850265502930e-01,9.075105190277099609e-01
4.200000000000000000e+01,1.324748873710632324e+00,1.324748873710632324e+00,1.220826387405395508e+00,1.271022915840148926e+00,1.064471721649169922e+00,1.064471721649169922e+00,9.660744667053222656e-01,1.003482341766357422e+00,4.813647270202636719e-01,4.813647270202636719e-01,4.737129211425781250e-01,4.772630035877227783e-01,6.827707588672637939e-02,6.827707588672637939e-02,1.111358404159545898e-01,8.945253491401672363e-02,4.516358673572540283e-02,4.516358673572540283e-02,5.845982581377029419e-02,7.240015268325805664e-02,3.610261082649230957e-01,3.610261082649230957e-01,3.429216146469116211e-01,3.870398104190826416e-01,9.200738668441772461e-01,9.200738668441772461e-01,8.410460352897644043e-01,9.099694490432739258e-01
4.300000000000000000e+01,1.329873323440551758e+00,1.329873323440551758e+00,1.228739261627197266e+00,1.273278474807739258e+00,1.067231655120849609e+00,1.067231655120849609e+00,9.687678217887878418e-01,1.006924390792846680e+00,4.807426929473876953e-01,4.807426929473876953e-01,4.763035476207733154e-01,4.750742614269256592e-01,6.804084032773971558e-02,6.804084032773971558e-02,1.110477074980735779e-01,8.900594711303710938e-02,4.470193013548851013e-02,4.470193013548851013e-02,5.881400033831596375e-02,7.065054774284362793e-02,3.616271913051605225e-01,3.616271913051605225e-01,3.445331156253814697e-01,3.918869495391845703e-01,9.228516221046447754e-01,9.228516221046447754e-01,8.428705334663391113e-01,9.073712229728698730e-01
4.400000000000000000e+01,1.334110498428344727e+00,1.334110498428344727e+00,1.228512883186340332e+00,1.269631624221801758e+00,1.073227167129516602e+00,1.073227167129516602e+00,9.728820323944091797e-01,1.006511688232421875e+00,4.817657768726348877e-01,4.817657768726348877e-01,4.774481654167175293e-01,4.758965075016021729e-01,6.765827536582946777e-02,6.765827536582946777e-02,1.110725104808807373e-01,8.931120485067367554e-02,4.405798017978668213e-02,4.405798017978668213e-02,5.939858034253120422e-02,6.894884258508682251e-02,3.633946180343627930e-01,3.633946180343627930e-01,3.454947173595428467e-01,3.912203609943389893e-01,9.252779483795166016e-01,9.252779483795166016e-01,8.497524857521057129e-01,9.127854704856872559e-01
4.500000000000000000e+01,1.337565302848815918e+00,1.337565302848815918e+00,1.234420061111450195e+00,1.278295397758483887e+00,1.071256041526794434e+00,1.071256041526794434e+00,9.728696346282958984e-01,1.011927366256713867e+00,4.802123308181762695e-01,4.802123308181762695e-01,4.779516458511352539e-01,4.739930033683776855e-01,6.788274645805358887e-02,6.788274645805358887e-02,1.105245649814605713e-01,8.850450813770294189e-02,4.301546514034271240e-02,4.301546514034271240e-02,5.995258688926696777e-02,6.761923432350158691e-02,3.623841404914855957e-01,3.623841404914855957e-01,3.472706079483032227e-01,3.907087445259094238e-01,9.303891658782958984e-01,9.303891658782958984e-01,8.514464497566223145e-01,9.147776365280151367e-01
4.600000000000000000e+01,1.343520164489746094e+00,1.343520164489746094e+00,1.235460042953491211e+00,1.278637647628784180e+00,1.075283765792846680e+00,1.075283765792846680e+00,9.758379459381103516e-01,1.011257171630859375e+00,4.821662306785583496e-01,4.821662306785583496e-01,4.780340194702148438e-01,4.744676351547241211e-01,6.736027449369430542e-02,6.736027449369430542e-02,1.105893850326538086e-01,8.843985199928283691e-02,4.260428994894027710e-02,4.260428994894027710e-02,6.009890884160995483e-02,6.741072237491607666e-02,3.660924434661865234e-01,3.660924434661865234e-01,3.489047884941101074e-01,3.899298906326293945e-01,9.332537651062011719e-01,9.332537651062011719e-01,8.560075163841247559e-01,9.174245595932006836e-01
4.700000000000000000e+01,1.345670819282531738e+00,1.345670819282531738e+00,1.244645357131958008e+00,1.281491279602050781e+00,1.073565602302551270e+00,1.073565602302551270e+00,9.782357215881347656e-01,1.014586210250854492e+00,4.820258617401123047e-01,4.820258617401123047e-01,4.771107435226440430e-01,4.699589610099792480e-01,6.717444956302642822e-02,6.717444956302642822e-02,1.106153056025505066e-01,8.762709796428680420e-02,4.179556667804718018e-02,4.179556667804718018e-02,6.103452295064926147e-02,6.618425250053405762e-02,3.670887947082519531e-01,3.670887947082519531e-01,3.490864336490631104e-01,3.904367387294769287e-01,9.388604164123535156e-01,9.388604164123535156e-01,8.606032133102416992e-01,9.163624644279479980e-01
4.800000000000000000e+01,1.352662205696105957e+00,1.352662205696105957e+00,1.249315738677978516e+00,1.283847570419311523e+00,1.075601339340209961e+00,1.075601339340209961e+00,9.774190187454223633e-01,1.013267755508422852e+00,4.795782566070556641e-01,4.795782566070556641e-01,4.759709835052490234e-01,4.711779952049255371e-01,6.651175022125244141e-02,6.651175022125244141e-02,1.102925539016723633e-01,8.658862113952636719e-02,4.113791882991790771e-02,4.113791882991790771e-02,6.141327321529388428e-02,6.605914980173110962e-02,3.678623735904693604e-01,3.678623735904693604e-01,3.505675792694091797e-01,3.906906843185424805e-01,9.395520687103271484e-01,9.395520687103271484e-01,8.641108274459838867e-01,9.217261075973510742e-01
4.900000000000000000e+01,1.355532646179199219e+00,1.355532646179199219e+00,1.254236817359924316e+00,1.289891958236694336e+00,1.072564363479614258e+00,1.072564363479614258e+00,9.799257516860961914e-01,1.014034748077392578e+00,4.800452291965484619e-01,4.800452291965484619e-01,4.766552448272705078e-01,4.684448242187500000e-01,6.679748743772506714e-02,6.679748743772506714e-02,1.097382456064224243e-01,8.612252771854400635e-02,4.076753556728363037e-02,4.076753556728363037e-02,6.268239021301269531e-02,6.498139351606369019e-02,3.696073889732360840e-01,3.696073889732360840e-01,3.529164195060729980e-01,3.910444378852844238e-01,9.457792639732360840e-01,9.457792639732360840e-01,8.675826787948608398e-01,9.239265918731689453e-01
5.000000000000000000e+01,1.359450817108154297e+00,1.359450817108154297e+00,1.254882693290710449e+00,1.290709614753723145e+00,1.077754378318786621e+00,1.077754378318786621e+00,9.843865036964416504e-01,1.013937592506408691e+00,4.782762229442596436e-01,4.782762229442596436e-01,4.773931801319122314e-01,4.674718677997589111e-01,6.604910641908645630e-02,6.604910641908645630e-02,1.091489791870117188e-01,8.578085899353027344e-02,4.069567471742630005e-02,4.069567471742630005e-02,6.377448141574859619e-02,6.522288918495178223e-02,3.699015974998474121e-01,3.699015974998474121e-01,3.554304838180541992e-01,3.945140242576599121e-01,9.509052038192749023e-01,9.509052038192749023e-01,8.728913664817810059e-01,9.256528615951538086e-01
5.100000000000000000e+01,1.357918381690979004e+00,1.357918381690979004e+00,1.261658906936645508e+00,1.296738028526306152e+00,1.072800636291503906e+00,1.072800636291503906e+00,9.857726097106933594e-01,1.018311500549316406e+00,4.773824810981750488e-01,4.773824810981750488e-01,4.768195748329162598e-01,4.656105339527130127e-01,6.566449254751205444e-02,6.566449254751205444e-02,1.098942533135414124e-01,8.472825586795806885e-02,3.997160866856575012e-02,3.997160866856575012e-02,6.476534903049468994e-02,6.590890139341354370e-02,3.728670775890350342e-01,3.728670775890350342e-01,3.563797175884246826e-01,3.954413533210754395e-01,9.545357227325439453e-01,9.545357227325439453e-01,8.794329166412353516e-01,9.294437766075134277e-01
5.200000000000000000e+01,1.363749980926513672e+00,1.363749980926513672e+00,1.267711639404296875e+00,1.297451257705688477e+00,1.078719854354858398e+00,1.078719854354858398e+00,9.856570959091186523e-01,1.017415881156921387e+00,4.755862355232238770e-01,4.755862355232238770e-01,4.743508994579315186e-01,4.637475907802581787e-01,6.513912230730056763e-02,6.513912230730056763e-02,1.094066798686981201e-01,8.454200625419616699e-02,3.961091488599777222e-02,3.961091488599777222e-02,6.572372466325759888e-02,6.580191105604171753e-02,3.737939000129699707e-01,3.737939000129699707e-01,3.594136238098144531e-01,3.939500451087951660e-01,9.599854946136474609e-01,9.599854946136474609e-01,8.821288347244262695e-01,9.339182972908020020e-01
5.300000000000000000e+01,1.366216897964477539e+00,1.366216897964477539e+00,1.269083976745605469e+00,1.299124836921691895e+00,1.077453851699829102e+00,1.077453851699829102e+00,9.883257150650024414e-01,1.011929035186767578e+00,4.736065864562988281e-01,4.736065864562988281e-01,4.746005833148956299e-01,4.625334739685058594e-01,6.428883969783782959e-02,6.428883969783782959e-02,1.084522157907485962e-01,8.380928635597229004e-02,3.956554085016250610e-02,3.956554085016250610e-02,6.593409180641174316e-02,6.541328132152557373e-02,3.762807250022888184e-01,3.762807250022888184e-01,3.605620861053466797e-01,3.978632986545562744e-01,9.625979661941528320e-01,9.625979661941528320e-01,8.877022862434387207e-01,9.358962774276733398e-01
5.400000000000000000e+01,1.368514776229858398e+00,1.368514776229858398e+00,1.271898746490478516e+00,1.302978754043579102e+00,1.076777577400207520e+00,1.076777577400207520e+00,9.921054244041442871e-01,1.017601013183593750e+00,4.710969328880310059e-01,4.710969328880310059e-01,4.753051996231079102e-01,4.589019119739532471e-01,6.356916576623916626e-02,6.356916576623916626e-02,1.083808988332748413e-01,8.283206820487976074e-02,4.041248559951782227e-02,4.041248559951782227e-02,6.792139261960983276e-02,6.756000220775604248e-02,3.774368762969970703e-01,3.774368762969970703e-01,3.633728921413421631e-01,3.989399671554565430e-01,9.666488766670227051e-01,9.666488766670227051e-01,8.898663520812988281e-01,9.403014779090881348e-01
5.500000000000000000e+01,1.373395442962646484e+00,1.373395442962646484e+00,1.277087211608886719e+00,1.304401874542236328e+00,1.076076149940490723e+00,1.076076149940490723e+00,9.890928864479064941e-01,1.017553687095642090e+00,4.700974225997924805e-01,4.700974225997924805e-01,4.733132719993591309e-01,4.577918946743011475e-01,6.292304396629333496e-02,6.292304396629333496e-02,1.070926934480667114e-01,8.244413882493972778e-02,4.118362814188003540e-02,4.118362814188003540e-02,6.919319927692413330e-02,6.819706410169601440e-02,3.804740309715270996e-01,3.804740309715270996e-01,3.644033670425415039e-01,4.031819105148315430e-01,9.708713293075561523e-01,9.708713293075561523e-01,8.971608877182006836e-01,9.440587162971496582e-01
5.600000000000000000e+01,1.379100084304809570e+00,1.379100084304809570e+00,1.278977394104003906e+00,1.306961536407470703e+00,1.077427148818969727e+00,1.077427148818969727e+00,9.923330545425415039e-01,1.015779972076416016e+00,4.675021171569824219e-01,4.675021171569824219e-01,4.727165699005126953e-01,4.558234214782714844e-01,6.273885071277618408e-02,6.273885071277618408e-02,1.067347750067710876e-01,8.125215768814086914e-02,4.153683409094810486e-02,4.153683409094810486e-02,7.049258053302764893e-02,6.857678294181823730e-02,3.812308907508850098e-01,3.812308907508850098e-01,3.682891726493835449e-01,4.047476649284362793e-01,9.767379760742187500e-01,9.767379760742187500e-01,9.010317325592041016e-01,9.445347785949707031e-01
5.700000000000000000e+01,1.383899569511413574e+00,1.383899569511413574e+00,1.282694339752197266e+00,1.312155127525329590e+00,1.075251698493957520e+00,1.075251698493957520e+00,9.942727684974670410e-01,1.015586853027343750e+00,4.662693142890930176e-01,4.662693142890930176e-01,4.708085060119628906e-01,4.549774527549743652e-01,6.210636347532272339e-02,6.210636347532272339e-02,1.065068393945693970e-01,8.081021159887313843e-02,4.246767237782478333e-02,4.246767237782478333e-02,7.241800427436828613e-02,6.955179572105407715e-02,3.843572735786437988e-01,3.843572735786437988e-01,3.693168163299560547e-01,4.058291316032409668e-01,9.791355133056640625e-01,9.791355133056640625e-01,9.070336818695068359e-01,9.494671821594238281e-01
5.800000000000000000e+01,1.383331775665283203e+00,1.383331775665283203e+00,1.288291573524475098e+00,1.308418631553649902e+00,1.077275514602661133e+00,1.077275514602661133e+00,9.957179427146911621e-01,1.017736911773681641e+00,4.637008309364318848e-01,4.637008309364318848e-01,4.700106680393218994e-01,4.534330666065216064e-01,6.178169697523117065e-02,6.178169697523117065e-02,1.057997345924377441e-01,7.940073311328887939e-02,4.395892098546028137e-02,4.395892098546028137e-02,7.363905012607574463e-02,7.122817635536193848e-02,3.853887319564819336e-01,3.853887319564819336e-01,3.704895377159118652e-01,4.077493250370025635e-01,9.867583513259887695e-01,9.867583513259887695e-01,9.049224853515625000e-01,9.521729946136474609e-01
5.900000000000000000e+01,1.384295463562011719e+00,1.384295463562011719e+00,1.291906833648681641e+00,1.310823917388916016e+00,1.079321980476379395e+00,1.079321980476379395e+00,9.943543076515197754e-01,1.017426133155822754e+00,4.609980881214141846e-01,4.609980881214141846e-01,4.692230224609375000e-01,4.494471251964569092e-01,6.139165908098220825e-02,6.139165908098220825e-02,1.050202175974845886e-01,7.896862924098968506e-02,4.499689489603042603e-02,4.499689489603042603e-02,7.517877221107482910e-02,7.286743819713592529e-02,3.871271014213562012e-01,3.871271014213562012e-01,3.692612051963806152e-01,4.108550548553466797e-01,9.883593320846557617e-01,9.883593320846557617e-01,9.113247394561767578e-01,9.567015171051025391e-01
6.000000000000000000e+01,1.389391660690307617e+00,1.389391660690307617e+00,1.294262886047363281e+00,1.312346935272216797e+00,1.073224544525146484e+00,1.073224544525146484e+00,9.967812299728393555e-01,1.012076377868652344e+00,4.565612375736236572e-01,4.565612375736236572e-01,4.667534530162811279e-01,4.414616525173187256e-01,6.032576784491539001e-02,6.032576784491539001e-02,1.040965616703033447e-01,7.760190218687057495e-02,4.618870839476585388e-02,4.618870839476585388e-02,7.659097015857696533e-02,7.374051213264465332e-02,3.870871663093566895e-01,3.870871663093566895e-01,3.745198547840118408e-01,4.122250080108642578e-01,9.940444231033325195e-01,9.940444231033325195e-01,9.153165817260742188e-01,9.581294059753417969e-01
6.100000000000000000e+01,1.390926837921142578e+00,1.390926837921142578e+00,1.297011375427246094e+00,1.315000057220458984e+00,1.077775001525878906e+00,1.077775001525878906e+00,9.948518872261047363e-01,1.018498539924621582e+00,4.546844363212585449e-01,4.546844363212585449e-01,4.643952250480651855e-01,4.433110952377319336e-01,5.949502438306808472e-02,5.949502438306808472e-02,1.036201789975166321e-01,7.634425163269042969e-02,4.794143885374069214e-02,4.794143885374069214e-02,7.778554409742355347e-02,7.496862858533859253e-02,3.882114887237548828e-01,3.882114887237548828e-01,3.775772154331207275e-01,4.129800796508789062e-01,9.945634603500366211e-01,9.945634603500366211e-01,9.224522113800048828e-01,9.625335931777954102e-01
6.200000000000000000e+01,1.394320726394653320e+00,1.394320726394653320e+00,1.297061443328857422e+00,1.319284081459045410e+00,1.078878283500671387e+00,1.078878283500671387e+00,9.968517422676086426e-01,1.012694001197814941e+00,4.528565406799316406e-01,4.528565406799316406e-01,4.624600708484649658e-01,4.400944113731384277e-01,5.865952372550964355e-02,5.865952372550964355e-02,1.027697846293449402e-01,7.585801184177398682e-02,4.952210932970046997e-02,4.952210932970046997e-02,7.911987602710723877e-02,7.640943676233291626e-02,3.904724121093750000e-01,3.904724121093750000e-01,3.761568665504455566e-01,4.136141240596771240e-01,9.998625516891479492e-01,9.998625516891479492e-01,9.242344498634338379e-01,9.639735221862792969e-01
6.300000000000000000e+01,1.392909049987792969e+00,1.392909049987792969e+00,1.299492597579956055e+00,1.318749785423278809e+00,1.075530290603637695e+00,1.075530290603637695e+00,1.001593589782714844e+00,1.011948585510253906e+00,4.477803707122802734e-01,4.477803707122802734e-01,4.610142707824707031e-01,4.386972188949584961e-01,5.821838229894638062e-02,5.821838229894638062e-02,1.018593534827232361e-01,7.509309053421020508e-02,5.110757425427436829e-02,5.110757425427436829e-02,8.009974658489227295e-02,7.745357602834701538e-02,3.907416462898254395e-01,3.907416462898254395e-01,3.801072835922241211e-01,4.153069257736206055e-01,1.003223419189453125e+00,1.003223419189453125e+00,9.288545846939086914e-01,9.647695422172546387e-01
6.400000000000000000e+01,1.400282502174377441e+00,1.400282502174377441e+00,1.301762461662292480e+00,1.318737983703613281e+00,1.078545570373535156e+00,1.078545570373535156e+00,9.995555877685546875e-01,1.012265920639038086e+00,4.443869590759277344e-01,4.443869590759277344e-01,4.613521099090576172e-01,4.369217753410339355e-01,5.737281963229179382e-02,5.737281963229179382e-02,1.008958667516708374e-01,7.392118871212005615e-02,5.258943513035774231e-02,5.258943513035774231e-02,8.143673837184906006e-02,7.931998372077941895e-02,3.939356803894042969e-01,3.939356803894042969e-01,3.820151686668395996e-01,4.170491397380828857e-01,1.008199691772460938e+00,1.008199691772460938e+00,9.363176822662353516e-01,9.709340333938598633e-01
6.500000000000000000e+01,1.397944450378417969e+00,1.397944450378417969e+00,1.304058551788330078e+00,1.321271300315856934e+00,1.077448606491088867e+00,1.077448606491088867e+00,9.989216923713684082e-01,1.015467882156372070e+00,4.425601065158843994e-01,4.425601065158843994e-01,4.575166702270507812e-01,4.317838847637176514e-01,5.676235258579254150e-02,5.676235258579254150e-02,9.995958954095840454e-02,7.366085052490234375e-02,5.376055836677551270e-02,5.376055836677551270e-02,8.251094818115234375e-02,8.063618093729019165e-02,3.941337466239929199e-01,3.941337466239929199e-01,3.838357329368591309e-01,4.181156754493713379e-01,1.011285543441772461e+00,1.011285543441772461e+00,9.385385513305664062e-01,9.708815813064575195e-01
6.600000000000000000e+01,1.403794288635253906e+00,1.403794288635253906e+00,1.307022333145141602e+00,1.322067022323608398e+00,1.078080058097839355e+00,1.078080058097839355e+00,1.000910997390747070e+00,1.007907867431640625e+00,4.398270249366760254e-01,4.398270249366760254e-01,4.557534158229827881e-01,4.284792542457580566e-01,5.636450275778770447e-02,5.636450275778770447e-02,9.945598244667053223e-02,7.236235588788986206e-02,5.535279214382171631e-02,5.535279214382171631e-02,8.352862298488616943e-02,8.267316222190856934e-02,3.961102068424224854e-01,3.961102068424224854e-01,3.853384256362915039e-01,4.184502959251403809e-01,1.013311386108398438e+00,1.013311386108398438e+00,9.406415224075317383e-01,9.758334755897521973e-01
6.700000000000000000e+01,1.403656959533691406e+00,1.403656959533691406e+00,1.311376452445983887e+00,1.320704102516174316e+00,1.077377080917358398e+00,1.077377080917358398e+00,9.984543323516845703e-01,1.007028102874755859e+00,4.371992349624633789e-01,4.371992349624633789e-01,4.529424011707305908e-01,4.249099493026733398e-01,5.533997341990470886e-02,5.533997341990470886e-02,9.824779629707336426e-02,7.152041792869567871e-02,5.702542513608932495e-02,5.702542513608932495e-02,8.399452269077301025e-02,8.431337773799896240e-02,3.972059488296508789e-01,3.972059488296508789e-01,3.845945000648498535e-01,4.217460751533508301e-01,1.021098613739013672e+00,1.021098613739013672e+00,9.427722096443176270e-01,9.750688672065734863e-01
6.800000000000000000e+01,1.403279662132263184e+00,1.403279662132263184e+00,1.311221122741699219e+00,1.323531270027160645e+00,1.075315356254577637e+00,1.075315356254577637e+00,1.001777648925781250e+00,1.005127549171447754e+00,4.316892921924591064e-01,4.316892921924591064e-01,4.522767364978790283e-01,4.226240515708923340e-01,5.473750084638595581e-02,5.473750084638595581e-02,9.755037724971771240e-02,7.109169661998748779e-02,5.804919451475143433e-02,5.804919451475143433e-02,8.511005342006683350e-02,8.562247455120086670e-02,3.976728022098541260e-01,3.976728022098541260e-01,3.870044648647308350e-01,4.213435053825378418e-01,1.019913434982299805e+00,1.019913434982299805e+00,9.478441476821899414e-01,9.796319007873535156e-01
6.900000000000000000e+01,1.404502153396606445e+00,1.404502153396606445e+00,1.310463666915893555e+00,1.324803233146667480e+00,1.070813894271850586e+00,1.070813894271850586e+00,9.999443292617797852e-01,1.000684976577758789e+00,4.292479157447814941e-01,4.292479157447814941e-01,4.481499791145324707e-01,4.171727299690246582e-01,5.368789285421371460e-02,5.368789285421371460e-02,9.683086723089218140e-02,6.977769732475280762e-02,5.939919501543045044e-02,5.939919501543045044e-02,8.571505546569824219e-02,8.705176413059234619e-02,3.985604643821716309e-01,3.985604643821716309e-01,3.883194029331207275e-01,4.251199960708618164e-01,1.025573730468750000e+00,1.025573730468750000e+00,9.531684517860412598e-01,9.814129471778869629e-01
7.000000000000000000e+01,1.405443191528320312e+00,1.405443191528320312e+00,1.313997626304626465e+00,1.324517250061035156e+00,1.073598742485046387e+00,1.073598742485046387e+00,9.995667934417724609e-01,1.001746416091918945e+00,4.253105521202087402e-01,4.253105521202087402e-01,4.482233524322509766e-01,4.168551564216613770e-01,5.250889807939529419e-02,5.250889807939529419e-02,9.606668353080749512e-02,6.903765350580215454e-02,6.059122458100318909e-02,6.059122458100318909e-02,8.594827353954315186e-02,8.767621219158172607e-02,3.988128304481506348e-01,3.988128304481506348e-01,3.913979828357696533e-01,4.251655936241149902e-01,1.030138373374938965e+00,1.030138373374938965e+00,9.527084827423095703e-01,9.833320379257202148e-01
7.100000000000000000e+01,1.402958869934082031e+00,1.402958869934082031e+00,1.310117483139038086e+00,1.322425603866577148e+00,1.065329194068908691e+00,1.065329194068908691e+00,9.965515136718750000e-01,1.000412702560424805e+00,4.219015836715698242e-01,4.219015836715698242e-01,4.444771409034729004e-01,4.093448519706726074e-01,5.177619308233261108e-02,5.177619308233261108e-02,9.473906457424163818e-02,6.793168187141418457e-02,6.168923899531364441e-02,6.168923899531364441e-02,8.677423000335693359e-02,8.859832584857940674e-02,4.012083411216735840e-01,4.012083411216735840e-01,3.897563219070434570e-01,4.264238476753234863e-01,1.029240012168884277e+00,1.029240012168884277e+00,9.599962830543518066e-01,9.824778437614440918e-01
7.200000000000000000e+01,1.405824184417724609e+00,1.405824184417724609e+00,1.317785501480102539e+00,1.326027870178222656e+00,1.071979761123657227e+00,1.071979761123657227e+00,9.991716146469116211e-01,9.928191900253295898e-01,4.180181026458740234e-01,4.180181026458740234e-01,4.451805949211120605e-01,4.094009101390838623e-01,5.097787082195281982e-02,5.097787082195281982e-02,9.440573304891586304e-02,6.723953783512115479e-02,6.286714971065521240e-02,6.286714971065521240e-02,8.654405921697616577e-02,8.999520540237426758e-02,4.009212851524353027e-01,4.009212851524353027e-01,3.936919569969177246e-01,4.266352653503417969e-01,1.033618450164794922e+00,1.033618450164794922e+00,9.591566324234008789e-01,9.859096407890319824e-01
7.300000000000000000e+01,1.407767295837402344e+00,1.407767295837402344e+00,1.315516471862792969e+00,1.324601173400878906e+00,1.065505146980285645e+00,1.065505146980285645e+00,9.983294606208801270e-01,9.953026771545410156e-01,4.157709777355194092e-01,4.157709777355194092e-01,4.416289627552032471e-01,4.068329334259033203e-01,5.013307183980941772e-02,5.013307183980941772e-02,9.324441105127334595e-02,6.660027801990509033e-02,6.332518160343170166e-02,6.332518160343170166e-02,8.629794418811798096e-02,9.104587137699127197e-02,4.020967483520507812e-01,4.020967483520507812e-01,3.940808176994323730e-01,4.283568561077117920e-01,1.035724401473999023e+00,1.035724401473999023e+00,9.644362926483154297e-01,9.870145320892333984e-01
7.400000000000000000e+01,1.408856153488159180e+00,1.408856153488159180e+00,1.314123749732971191e+00,1.323586940765380859e+00,1.068961381912231445e+00,1.068961381912231445e+00,9.980822801589965820e-01,9.906733036041259766e-01,4.124351739883422852e-01,4.124351739883422852e-01,4.411912560462951660e-01,4.003212749958038330e-01,4.938239604234695435e-02,4.938239604234695435e-02,9.290008991956710815e-02,6.581774353981018066e-02,6.452374160289764404e-02,6.452374160289764404e-02,8.654181659221649170e-02,9.193661808967590332e-02,4.027093648910522461e-01,4.027093648910522461e-01,3.955616354942321777e-01,4.288828969001770020e-01,1.035408139228820801e+00,1.035408139228820801e+00,9.664072990417480469e-01,9.889965653419494629e-01
7.500000000000000000e+01,1.405351400375366211e+00,1.405351400375366211e+00,1.316866874694824219e+00,1.326838970184326172e+00,1.064682483673095703e+00,1.064682483673095703e+00,9.955834746360778809e-01,9.869534373283386230e-01,4.102065265178680420e-01,4.102065265178680420e-01,4.381736516952514648e-01,3.973577320575714111e-01,4.928494989871978760e-02,4.928494989871978760e-02,9.205521643161773682e-02,6.598461419343948364e-02,6.547187268733978271e-02,6.547187268733978271e-02,8.695417642593383789e-02,9.284448623657226562e-02,4.044968783855438232e-01,4.044968783855438232e-01,3.958878517150878906e-01,4.302794337272644043e-01,1.040850639343261719e+00,1.040850639343261719e+00,9.679743051528930664e-01,9.904554486274719238e-01
7.600000000000000000e+01,1.403020143508911133e+00,1.403020143508911133e+00,1.319765567779541016e+00,1.319661974906921387e+00,1.062470316886901855e+00,1.062470316886901855e+00,9.906299710273742676e-01,9.871307015419006348e-01,4.060156345367431641e-01,4.060156345367431641e-01,4.379938244819641113e-01,3.966832160949707031e-01,4.928465187549591064e-02,4.928465187549591064e-02,9.168690443038940430e-02,6.522090733051300049e-02,6.584905087947845459e-02,6.584905087947845459e-02,8.695945143699645996e-02,9.393388032913208008e-02,4.041078090667724609e-01,4.041078090667724609e-01,3.964463770389556885e-01,4.315343499183654785e-01,1.043921232223510742e+00,1.043921232223510742e+00,9.699986577033996582e-01,9.928371906280517578e-01
7.700000000000000000e+01,1.405540466308593750e+00,1.405540466308593750e+00,1.321298241615295410e+00,1.322950124740600586e+00,1.059399604797363281e+00,1.059399604797363281e+00,9.965099096298217773e-01,9.814462661743164062e-01,4.019353985786437988e-01,4.019353985786437988e-01,4.350051283836364746e-01,3.952503204345703125e-01,4.886508360505104065e-02,4.886508360505104065e-02,9.106787294149398804e-02,6.490411609411239624e-02,6.646780669689178467e-02,6.646780669689178467e-02,8.607612550258636475e-02,9.381523728370666504e-02,4.032101631164550781e-01,4.032101631164550781e-01,3.975155353546142578e-01,4.312789440155029297e-01,1.046440601348876953e+00,1.046440601348876953e+00,9.760967493057250977e-01,9.921972751617431641e-01
7.800000000000000000e+01,1.407098889350891113e+00,1.407098889350891113e+00,1.322228550910949707e+00,1.322295188903808594e+00,1.058577895164489746e+00,1.058577895164489746e+00,9.936481714248657227e-01,9.782149791717529297e-01,4.002355933189392090e-01,4.002355933189392090e-01,4.320982098579406738e-01,3.916198611259460449e-01,4.834970086812973022e-02,4.834970086812973022e-02,9.027530252933502197e-02,6.436898559331893921e-02,6.677928566932678223e-02,6.677928566932678223e-02,8.621491491794586182e-02,9.454002231359481812e-02,4.043485224246978760e-01,4.043485224246978760e-01,3.996479213237762451e-01,4.320695996284484863e-01,1.048345088958740234e+00,1.048345088958740234e+00,9.770998954772949219e-01,9.921349287033081055e-01
7.900000000000000000e+01,1.407075643539428711e+00,1.407075643539428711e+00,1.322010517120361328e+00,1.321604013442993164e+00,1.057160735130310059e+00,1.057160735130310059e+00,9.939428567886352539e-01,9.769499897956848145e-01,3.990651369094848633e-01,3.990651369094848633e-01,4.306345283985137939e-01,3.898534774780273438e-01,4.826601594686508179e-02,4.826601594686508179e-02,9.010803699493408203e-02,6.453883647918701172e-02,6.745487451553344727e-02,6.745487451553344727e-02,8.660119771957397461e-02,9.471322596073150635e-02,4.080904126167297363e-01,4.080904126167297363e-01,3.976435363292694092e-01,4.320376515388488770e-01,1.051272273063659668e+00,1.051272273063659668e+00,9.804352521896362305e-01,9.928650856018066406e-01
8.000000000000000000e+01,1.403306722640991211e+00,1.403306722640991211e+00,1.318724036216735840e+00,1.317401170730590820e+00,1.053052186965942383e+00,1.053052186965942383e+00,9.875639081001281738e-01,9.701417684555053711e-01,3.955906927585601807e-01,3.955906927585601807e-01,4.281141757965087891e-01,3.837808370590209961e-01,4.858277738094329834e-02,4.858277738094329834e-02,8.970248699188232422e-02,6.425838172435760498e-02,6.754713505506515503e-02,6.754713505506515503e-02,8.621890097856521606e-02,9.425590932369232178e-02,4.093286395072937012e-01,4.093286395072937012e-01,4.025361835956573486e-01,4.330986738204956055e-01,1.054280161857604980e+00,1.054280161857604980e+00,9.828591346740722656e-01,9.961087107658386230e-01
8.100000000000000000e+01,1.405958533287048340e+00,1.405958533287048340e+00,1.321862459182739258e+00,1.318513751029968262e+00,1.050462245941162109e+00,1.050462245941162109e+00,9.883512258529663086e-01,9.687227010726928711e-01,3.946090340614318848e-01,3.946090340614318848e-01,4.264903664588928223e-01,3.839205503463745117e-01,4.805370047688484192e-02,4.805370047688484192e-02,8.925034105777740479e-02,6.379989534616470337e-02,6.782709062099456787e-02,6.782709062099456787e-02,8.560621738433837891e-02,9.526954591274261475e-02,4.107086658477783203e-01,4.107086658477783203e-01,4.031822085380554199e-01,4.337250590324401855e-01,1.052510738372802734e+00,1.052510738372802734e+00,9.838546514511108398e-01,9.984660148620605469e-01
8.200000000000000000e+01,1.403947830200195312e+00,1.403947830200195312e+00,1.320175409317016602e+00,1.319442152976989746e+00,1.047853350639343262e+00,1.047853350639343262e+00,9.860392212867736816e-01,9.596922397613525391e-01,3.924610614776611328e-01,3.924610614776611328e-01,4.248885214328765869e-01,3.783121109008789062e-01,4.857956990599632263e-02,4.857956990599632263e-02,8.888264000415802002e-02,6.390015780925750732e-02,6.788404285907745361e-02,6.788404285907745361e-02,8.550737798213958740e-02,9.521315991878509521e-02,4.124101400375366211e-01,4.124101400375366211e-01,4.046126902103424072e-01,4.364063739776611328e-01,1.058956980705261230e+00,1.058956980705261230e+00,9.853067398071289062e-01,9.986904263496398926e-01
8.300000000000000000e+01,1.403529644012451172e+00,1.403529644012451172e+00,1.323762536048889160e+00,1.312351465225219727e+00,1.045923948287963867e+00,1.045923948287963867e+00,9.812725186347961426e-01,9.600912928581237793e-01,3.896334767341613770e-01,3.896334767341613770e-01,4.236044883728027344e-01,3.789825141429901123e-01,4.901560395956039429e-02,4.901560395956039429e-02,8.866977691650390625e-02,6.353114545345306396e-02,6.878083944320678711e-02,6.878083944320678711e-02,8.548395335674285889e-02,9.610017389059066772e-02,4.132622480392456055e-01,4.132622480392456055e-01,4.082130789756774902e-01,4.358083605766296387e-01,1.057794332504272461e+00,1.057794332504272461e+00,9.908472299575805664e-01,9.986173510551452637e-01
8.400000000000000000e+01,1.405912160873413086e+00,1.405912160873413086e+00,1.323975563049316406e+00,1.312362909317016602e+00,1.043114900588989258e+00,1.043114900588989258e+00,9.812351465225219727e-01,9.515529870986938477e-01,3.886157274246215820e-01,3.886157274246215820e-01,4.212145805358886719e-01,3.738211989402770996e-01,4.870231077075004578e-02,4.870231077075004578e-02,8.829061686992645264e-02,6.303289532661437988e-02,6.856612861156463623e-02,6.856612861156463623e-02,8.493176847696304321e-02,9.590882062911987305e-02,4.152535200119018555e-01,4.152535200119018555e-01,4.100793004035949707e-01,4.380946159362792969e-01,1.062057495117187500e+00,1.062057495117187500e+00,9.904736280441284180e-01,1.001748919486999512e+00
8.500000000000000000e+01,1.405004739761352539e+00,1.405004739761352539e+00,1.317498445510864258e+00,1.315023422241210938e+00,1.038792252540588379e+00,1.038792252540588379e+00,9.784663319587707520e-01,9.535844326019287109e-01,3.879309296607971191e-01,3.879309296607971191e-01,4.197627305984497070e-01,3.753375709056854248e-01,4.961972683668136597e-02,4.961972683668136597e-02,8.749784529209136963e-02,6.399454176425933838e-02,6.918655335903167725e-02,6.918655335903167725e-02,8.527566492557525635e-02,9.634661674499511719e-02,4.191741347312927246e-01,4.191741347312927246e-01,4.107264280319213867e-01,4.378097653388977051e-01,1.065994262695312500e+00,1.065994262695312500e+00,9.950505495071411133e-01,1.002472877502441406e+00
8.600000000000000000e+01,1.402647376060485840e+00,1.402647376060485840e+00,1.324899077415466309e+00,1.315455555915832520e+00,1.034986019134521484e+00,1.034986019134521484e+00,9.759962558746337891e-01,9.480863809585571289e-01,3.858003914356231689e-01,3.858003914356231689e-01,4.175958037376403809e-01,3.744331598281860352e-01,4.965539649128913879e-02,4.965539649128913879e-02,8.849407732486724854e-02,6.406483799219131470e-02,6.931375712156295776e-02,6.931375712156295776e-02,8.522570133209228516e-02,9.616291522979736328e-02,4.195416569709777832e-01,4.195416569709777832e-01,4.138498306274414062e-01,4.396310448646545410e-01,1.065277576446533203e+00,1.065277576446533203e+00,9.978523254394531250e-01,1.002755165100097656e+00
8.700000000000000000e+01,1.398920536041259766e+00,1.398920536041259766e+00,1.319935798645019531e+00,1.311941862106323242e+00,1.033096790313720703e+00,1.033096790313720703e+00,9.742054939270019531e-01,9.452971220016479492e-01,3.835735321044921875e-01,3.835735321044921875e-01,4.160725176334381104e-01,3.698839247226715088e-01,4.965263605117797852e-02,4.965263605117797852e-02,8.707211166620254517e-02,6.467533111572265625e-02,6.893661618232727051e-02,6.893661618232727051e-02,8.446735143661499023e-02,9.494538605213165283e-02,4.217215180397033691e-01,4.217215180397033691e-01,4.160714149475097656e-01,4.401934146881103516e-01,1.066860079765319824e+00,1.066860079765319824e+00,9.977842569351196289e-01,1.004014372825622559e+00
8.800000000000000000e+01,1.398388624191284180e+00,1.398388624191284180e+00,1.318081736564636230e+00,1.308106541633605957e+00,1.029510140419006348e+00,1.029510140419006348e+00,9.732140302658081055e-01,9.402351975440979004e-01,3.813197910785675049e-01,3.813197910785675049e-01,4.140062332153320312e-01,3.708353042602539062e-01,5.119280517101287842e-02,5.119280517101287842e-02,8.801367133855819702e-02,6.472530961036682129e-02,6.885008513927459717e-02,6.885008513927459717e-02,8.429075032472610474e-02,9.640338271856307983e-02,4.224718511104583740e-01,4.224718511104583740e-01,4.167446792125701904e-01,4.400372803211212158e-01,1.070543646812438965e+00,1.070543646812438965e+00,1.002143144607543945e+00,1.002207040786743164e+00
8.900000000000000000e+01,1.401383280754089355e+00,1.401383280754089355e+00,1.320010781288146973e+00,1.307770967483520508e+00,1.025301814079284668e+00,1.025301814079284668e+00,9.723197221755981445e-01,9.385352730751037598e-01,3.808209896087646484e-01,3.808209896087646484e-01,4.136241078376770020e-01,3.688898384571075439e-01,5.120890587568283081e-02,5.120890587568283081e-02,8.808657526969909668e-02,6.492397189140319824e-02,6.891799718141555786e-02,6.891799718141555786e-02,8.330164849758148193e-02,9.584542363882064819e-02,4.230613112449645996e-01,4.230613112449645996e-01,4.202136397361755371e-01,4.410404860973358154e-01,1.072481870651245117e+00,1.072481870651245117e+00,1.003002405166625977e+00,1.004448652267456055e+00
9.000000000000000000e+01,1.396811246871948242e+00,1.396811246871948242e+00,1.317945957183837891e+00,1.302514076232910156e+00,1.022346496582031250e+00,1.022346496582031250e+00,9.706434011459350586e-01,9.324281811714172363e-01,3.796389698982238770e-01,3.796389698982238770e-01,4.123745560646057129e-01,3.679992258548736572e-01,5.245783179998397827e-02,5.245783179998397827e-02,8.782046288251876831e-02,6.579674780368804932e-02,6.776775419712066650e-02,6.776775419712066650e-02,8.338433504104614258e-02,9.496243298053741455e-02,4.257938861846923828e-01,4.257938861846923828e-01,4.197516441345214844e-01,4.412281811237335205e-01,1.073985815048217773e+00,1.073985815048217773e+00,1.005098581314086914e+00,1.005146980285644531e+00
9.100000000000000000e+01,1.396364927291870117e+00,1.396364927291870117e+00,1.315460443496704102e+00,1.300802946090698242e+00,1.021521329879760742e+00,1.021521329879760742e+00,9.684579372406005859e-01,9.319895505905151367e-01,3.769677877426147461e-01,3.769677877426147461e-01,4.119551777839660645e-01,3.670894801616668701e-01,5.313437432050704956e-02,5.313437432050704956e-02,8.856377005577087402e-02,6.611732393503189087e-02,6.773693859577178955e-02,6.773693859577178955e-02,8.263725042343139648e-02,9.386728703975677490e-02,4.258955717086791992e-01,4.258955717086791992e-01,4.209291636943817139e-01,4.428377449512481689e-01,1.075387001037597656e+00,1.075387001037597656e+00,1.004821181297302246e+00,1.004692196846008301e+00
9.200000000000000000e+01,1.393868207931518555e+00,1.393868207931518555e+00,1.318956375122070312e+00,1.303888440132141113e+00,1.018194913864135742e+00,1.018194913864135742e+00,9.647419452667236328e-01,9.243667721748352051e-01,3.780760169029235840e-01,3.780760169029235840e-01,4.111713171005249023e-01,3.660944104194641113e-01,5.398566648364067078e-02,5.398566648364067078e-02,8.924344182014465332e-02,6.687174737453460693e-02,6.674802303314208984e-02,6.674802303314208984e-02,8.156523108482360840e-02,9.345331788063049316e-02,4.278419017791748047e-01,4.278419017791748047e-01,4.216800928115844727e-01,4.421555399894714355e-01,1.073773622512817383e+00,1.073773622512817383e+00,1.006564140319824219e+00,1.004405975341796875e+00
9.300000000000000000e+01,1.391391038894653320e+00,1.391391038894653320e+00,1.312708973884582520e+00,1.301357507705688477e+00,1.013113737106323242e+00,1.013113737106323242e+00,9.615185260772705078e-01,9.229840636253356934e-01,3.757076859474182129e-01,3.757076859474182129e-01,4.111560583114624023e-01,3.632064759731292725e-01,5.534056574106216431e-02,5.534056574106216431e-02,8.994945138692855835e-02,6.791603565216064453e-02,6.576998531818389893e-02,6.576998531818389893e-02,8.098284900188446045e-02,9.196288883686065674e-02,4.277387261390686035e-01,4.277387261390686035e-01,4.233542978763580322e-01,4.427892565727233887e-01,1.077911019325256348e+00,1.077911019325256348e+00,1.010615468025207520e+00,1.006259202957153320e+00
9.400000000000000000e+01,1.386332988739013672e+00,1.386332988739013672e+00,1.317281484603881836e+00,1.296770811080932617e+00,1.011370301246643066e+00,1.011370301246643066e+00,9.584250450134277344e-01,9.189248681068420410e-01,3.771397173404693604e-01,3.771397173404693604e-01,4.094845652580261230e-01,3.632485270500183105e-01,5.621097236871719360e-02,5.621097236871719360e-02,8.999808132648468018e-02,6.869371980428695679e-02,6.471760571002960205e-02,6.471760571002960205e-02,7.987216114997863770e-02,9.107117354869842529e-02,4.291328787803649902e-01,4.291328787803649902e-01,4.250208437442779541e-01,4.417958855628967285e-01,1.078194856643676758e+00,1.078194856643676758e+00,1.010584235191345215e+00,1.004613041877746582e+00
9.500000000000000000e+01,1.390557408332824707e+00,1.390557408332824707e+00,1.310212016105651855e+00,1.294889330863952637e+00,1.009091496467590332e+00,1.009091496467590332e+00,9.597190618515014648e-01,9.144186973571777344e-01,3.756875097751617432e-01,3.756875097751617432e-01,4.086472988128662109e-01,3.607430458068847656e-01,5.742789059877395630e-02,5.742789059877395630e-02,9.073196351528167725e-02,6.967803090810775757e-02,6.327252835035324097e-02,6.327252835035324097e-02,7.937142252922058105e-02,9.084954857826232910e-02,4.299519062042236328e-01,4.299519062042236328e-01,4.257394075393676758e-01,4.409091472625732422e-01,1.077899217605590820e+00,1.077899217605590820e+00,1.008916616439819336e+00,1.004776716232299805e+00
9.600000000000000000e+01,1.383574008941650391e+00,1.383574008941650391e+00,1.312923669815063477e+00,1.292506217956542969e+00,1.005935668945312500e+00,1.005935668945312500e+00,9.560852050781250000e-01,9.133633375167846680e-01,3.771942853927612305e-01,3.771942853927612305e-01,4.110212922096252441e-01,3.610800504684448242e-01,5.848425626754760742e-02,5.848425626754760742e-02,9.164996445178985596e-02,7.086713612079620361e-02,6.214664131402969360e-02,6.214664131402969360e-02,7.813058048486709595e-02,8.917591720819473267e-02,4.308639764785766602e-01,4.308639764785766602e-01,4.263661503791809082e-01,4.427395462989807129e-01,1.073155045509338379e+00,1.073155045509338379e+00,1.009536385536193848e+00,1.004468441009521484e+00
9.700000000000000000e+01,1.387544631958007812e+00,1.387544631958007812e+00,1.309278845787048340e+00,1.288450002670288086e+00,1.003479123115539551e+00,1.003479123115539551e+00,9.508352279663085938e-01,9.111530780792236328e-01,3.772512078285217285e-01,3.772512078285217285e-01,4.098195731639862061e-01,3.633010387420654297e-01,6.004203855991363525e-02,6.004203855991363525e-02,9.233216941356658936e-02,7.245728373527526855e-02,6.043962016701698303e-02,6.043962016701698303e-02,7.757040858268737793e-02,8.774764835834503174e-02,4.309992790222167969e-01,4.309992790222167969e-01,4.275192320346832275e-01,4.427916705608367920e-01,1.076331973075866699e+00,1.076331973075866699e+00,1.010530710220336914e+00,9.977570772171020508e-01
9.800000000000000000e+01,1.384279727935791016e+00,1.384279727935791016e+00,1.308466196060180664e+00,1.289575338363647461e+00,9.996130466461181641e-01,9.996130466461181641e-01,9.516263604164123535e-01,9.096051454544067383e-01,3.770789504051208496e-01,3.770789504051208496e-01,4.108919203281402588e-01,3.619478344917297363e-01,6.089534610509872437e-02,6.089534610509872437e-02,9.298587590456008911e-02,7.426035404205322266e-02,5.941753089427947998e-02,5.941753089427947998e-02,7.651939988136291504e-02,8.670528233051300049e-02,4.308014512062072754e-01,4.308014512062072754e-01,4.277237653732299805e-01,4.410899579524993896e-01,1.074600219726562500e+00,1.074600219726562500e+00,1.013301849365234375e+00,1.001369953155517578e+00
9.900000000000000000e+01,1.381439208984375000e+00,1.381439208984375000e+00,1.304362416267395020e+00,1.282948970794677734e+00,9.953131675720214844e-01,9.953131675720214844e-01,9.506545066833496094e-01,9.026343226432800293e-01,3.760949373245239258e-01,3.760949373245239258e-01,4.102222323417663574e-01,3.630798757076263428e-01,6.193958967924118042e-02,6.193958967924118042e-02,9.351947903633117676e-02,7.578660547733306885e-02,5.841370671987533569e-02,5.841370671987533569e-02,7.576575875282287598e-02,8.522769808769226074e-02,4.314235746860504150e-01,4.314235746860504150e-01,4.278263449668884277e-01,4.416148066520690918e-01,1.074573278427124023e+00,1.074573278427124023e+00,1.016491651535034180e+00,9.997367262840270996e-01
1.000000000000000000e+02,1.379264593124389648e+00,1.379264593124389648e+00,1.309947371482849121e+00,1.281068205833435059e+00,9.940267801284790039e-01,9.940267801284790039e-01,9.482514262199401855e-01,9.015460610389709473e-01,3.769012689590454102e-01,3.769012689590454102e-01,4.096678793430328369e-01,3.635494112968444824e-01,6.283815205097198486e-02,6.283815205097198486e-02,9.419779479503631592e-02,7.676525413990020752e-02,5.744995176792144775e-02,5.744995176792144775e-02,7.538904249668121338e-02,8.500695228576660156e-02,4.321943223476409912e-01,4.321943223476409912e-01,4.309703707695007324e-01,4.418630003929138184e-01,1.075467944145202637e+00,1.075467944145202637e+00,1.015120387077331543e+00,9.995276927947998047e-01
1.010000000000000000e+02,1.377568364143371582e+00,1.377568364143371582e+00,1.308961868286132812e+00,1.283007144927978516e+00,9.902396798133850098e-01,9.902396798133850098e-01,9.447836279869079590e-01,8.975440263748168945e-01,3.787887692451477051e-01,3.787887692451477051e-01,4.096830487251281738e-01,3.631487488746643066e-01,6.446644663810729980e-02,6.446644663810729980e-02,9.533874690532684326e-02,7.703351229429244995e-02,5.630297213792800903e-02,5.630297213792800903e-02,7.507670670747756958e-02,8.393368870019912720e-02,4.339810609817504883e-01,4.339810609817504883e-01,4.310678541660308838e-01,4.405157566070556641e-01,1.078362822532653809e+00,1.078362822532653809e+00,1.013829469680786133e+00,1.000666260719299316e+00
1.020000000000000000e+02,1.374457836151123047e+00,1.374457836151123047e+00,1.304066777229309082e+00,1.277428150177001953e+00,9.884161353111267090e-01,9.884161353111267090e-01,9.440312981605529785e-01,9.010458588600158691e-01,3.782210350036621094e-01,3.782210350036621094e-01,4.107686877250671387e-01,3.641322255134582520e-01,6.533660739660263062e-02,6.533660739660263062e-02,9.571129828691482544e-02,7.905337214469909668e-02,5.557794868946075439e-02,5.557794868946075439e-02,7.412239164113998413e-02,8.259378373622894287e-02,4.336789250373840332e-01,4.336789250373840332e-01,4.331049323081970215e-01,4.430761337280273438e-01,1.079667091369628906e+00,1.079667091369628906e+00,1.014979600906372070e+00,9.990038275718688965e-01
1.030000000000000000e+02,1.370519876480102539e+00,1.370519876480102539e+00,1.303058028221130371e+00,1.278941392898559570e+00,9.857282638549804688e-01,9.857282638549804688e-01,9.407736063003540039e-01,8.988171815872192383e-01,3.802647590637207031e-01,3.802647590637207031e-01,4.114717841148376465e-01,3.630999326705932617e-01,6.647613644599914551e-02,6.647613644599914551e-02,9.593372046947479248e-02,8.023467659950256348e-02,5.459471046924591064e-02,5.459471046924591064e-02,7.433676719665527344e-02,8.224038779735565186e-02,4.375526010990142822e-01,4.375526010990142822e-01,4.334122836589813232e-01,4.415511786937713623e-01,1.078259468078613281e+00,1.078259468078613281e+00,1.017562747001647949e+00,9.971702694892883301e-01
1.040000000000000000e+02,1.373219490051269531e+00,1.373219490051269531e+00,1.298744201660156250e+00,1.268370747566223145e+00,9.811153411865234375e-01,9.811153411865234375e-01,9.406029582023620605e-01,8.950767517089843750e-01,3.800211250782012939e-01,3.800211250782012939e-01,4.100554585456848145e-01,3.642945587635040283e-01,6.719806790351867676e-02,6.719806790351867676e-02,9.655980020761489868e-02,8.134171366691589355e-02,5.404822528362274170e-02,5.404822528362274170e-02,7.344347238540649414e-02,8.190014958381652832e-02,4.386502504348754883e-01,4.386502504348754883e-01,4.343302845954895020e-01,4.443724751472473145e-01,1.076432108879089355e+00,1.076432108879089355e+00,1.017279148101806641e+00,9.978963136672973633e-01
1.050000000000000000e+02,1.367200016975402832e+00,1.367200016975402832e+00,1.296952724456787109e+00,1.274075031280517578e+00,9.774028658866882324e-01,9.774028658866882324e-01,9.356405138969421387e-01,8.839216232299804688e-01,3.809638023376464844e-01,3.809638023376464844e-01,4.105092287063598633e-01,3.637942373752593994e-01,6.763535737991333008e-02,6.763535737991333008e-02,9.682303667068481445e-02,8.224967122077941895e-02,5.361770093441009521e-02,5.361770093441009521e-02,7.441535592079162598e-02,8.122233301401138306e-02,4.403459429740905762e-01,4.403459429740905762e-01,4.353404641151428223e-01,4.439062476158142090e-01,1.078869104385375977e+00,1.078869104385375977e+00,1.016541481018066406e+00,9.954168796539306641e-01
1.060000000000000000e+02,1.367822170257568359e+00,1.367822170257568359e+00,1.294695138931274414e+00,1.271295309066772461e+00,9.757683277130126953e-01,9.757683277130126953e-01,9.337471723556518555e-01,8.865590095520019531e-01,3.785259127616882324e-01,3.785259127616882324e-01,4.109697341918945312e-01,3.640213608741760254e-01,6.843072921037673950e-02,6.843072921037673950e-02,9.716627001762390137e-02,8.303040266036987305e-02,5.280821397900581360e-02,5.280821397900581360e-02,7.518137991428375244e-02,8.039891719818115234e-02,4.406300187110900879e-01,4.406300187110900879e-01,4.412493109703063965e-01,4.448232650756835938e-01,1.077949643135070801e+00,1.077949643135070801e+00,1.020594954490661621e+00,9.960143566131591797e-01
1.070000000000000000e+02,1.366061210632324219e+00,1.366061210632324219e+00,1.296528339385986328e+00,1.266835331916809082e+00,9.731435179710388184e-01,9.731435179710388184e-01,9.326765537261962891e-01,8.860690593719482422e-01,3.801290392875671387e-01,3.801290392875671387e-01,4.096726179122924805e-01,3.649202585220336914e-01,6.898716092109680176e-02,6.898716092109680176e-02,9.663507342338562012e-02,8.331000804901123047e-02,5.285905674099922180e-02,5.285905674099922180e-02,7.501304149627685547e-02,7.991479337215423584e-02,4.435457885265350342e-01,4.435457885265350342e-01,4.412398934364318848e-01,4.451024830341339111e-01,1.078739404678344727e+00,1.078739404678344727e+00,1.020718097686767578e+00,9.970627427101135254e-01
1.080000000000000000e+02,1.359067201614379883e+00,1.359067201614379883e+00,1.294067859649658203e+00,1.261502146720886230e+00,9.685335159301757812e-01,9.685335159301757812e-01,9.283078908920288086e-01,8.849724531173706055e-01,3.818167448043823242e-01,3.818167448043823242e-01,4.082709550857543945e-01,3.668314218521118164e-01,6.942769885063171387e-02,6.942769885063171387e-02,9.736668318510055542e-02,8.464867621660232544e-02,5.252200737595558167e-02,5.252200737595558167e-02,7.550942897796630859e-02,7.953104376792907715e-02,4.465478956699371338e-01,4.465478956699371338e-01,4.438508450984954834e-01,4.453162848949432373e-01,1.078395605087280273e+00,1.078395605087280273e+00,1.021521449089050293e+00,9.922401905059814453e-01
1.090000000000000000e+02,1.360680103302001953e+00,1.360680103302001953e+00,1.292523980140686035e+00,1.260753750801086426e+00,9.670879840850830078e-01,9.670879840850830078e-01,9.290871620178222656e-01,8.859087228775024414e-01,3.831602334976196289e-01,3.831602334976196289e-01,4.085268080234527588e-01,3.650784492492675781e-01,6.937545537948608398e-02,6.937545537948608398e-02,9.728691726922988892e-02,8.553783595561981201e-02,5.275844037532806396e-02,5.275844037532806396e-02,7.606433331966400146e-02,7.964512705802917480e-02,4.475495219230651855e-01,4.475495219230651855e-01,4.485055506229400635e-01,4.480690658092498779e-01,1.079654693603515625e+00,1.079654693603515625e+00,1.024368286132812500e+00,9.940043687820434570e-01
1.100000000000000000e+02,1.359608888626098633e+00,1.359608888626098633e+00,1.290523171424865723e+00,1.257904410362243652e+00,9.647460579872131348e-01,9.647460579872131348e-01,9.254974722862243652e-01,8.776139616966247559e-01,3.821651935577392578e-01,3.821651935577392578e-01,4.099860489368438721e-01,3.676665425300598145e-01,6.920611858367919922e-02,6.920611858367919922e-02,9.718508273363113403e-02,8.678355813026428223e-02,5.249763280153274536e-02,5.249763280153274536e-02,7.603970170021057129e-02,7.950198650360107422e-02,4.503540992736816406e-01,4.503540992736816406e-01,4.508479237556457520e-01,4.480693042278289795e-01,1.077476501464843750e+00,1.077476501464843750e+00,1.022873163223266602e+00,9.932856559753417969e-01
1.110000000000000000e+02,1.357298612594604492e+00,1.357298612594604492e+00,1.289074420928955078e+00,1.251102447509765625e+00,9.646728038787841797e-01,9.646728038787841797e-01,9.238172173500061035e-01,8.763822913169860840e-01,3.832505345344543457e-01,3.832505345344543457e-01,4.086714982986450195e-01,3.665195107460021973e-01,6.921745836734771729e-02,6.921745836734771729e-02,9.667108952999114990e-02,8.705353736877441406e-02,5.320969223976135254e-02,5.320969223976135254e-02,7.755132764577865601e-02,7.948120683431625366e-02,4.521650671958923340e-01,4.521650671958923340e-01,4.507282078266143799e-01,4.499658346176147461e-01,1.078707218170166016e+00,1.078707218170166016e+00,1.023802280426025391e+00,9.934557080268859863e-01
1.120000000000000000e+02,1.353729248046875000e+00,1.353729248046875000e+00,1.287584066390991211e+00,1.252412438392639160e+00,9.627254605293273926e-01,9.627254605293273926e-01,9.174821972846984863e-01,8.763805031776428223e-01,3.848952651023864746e-01,3.848952651023864746e-01,4.083057940006256104e-01,3.681948184967041016e-01,6.942918896675109863e-02,6.942918896675109863e-02,9.572488814592361450e-02,8.768869936466217041e-02,5.355559661984443665e-02,5.355559661984443665e-02,7.826787233352661133e-02,8.004821091890335083e-02,4.554276764392852783e-01,4.554276764392852783e-01,4.545030891895294189e-01,4.495027661323547363e-01,1.078377246856689453e+00,1.078377246856689453e+00,1.023106217384338379e+00,9.927035570144653320e-01
1.130000000000000000e+02,1.350749492645263672e+00,1.350749492645263672e+00,1.285209298133850098e+00,1.246717691421508789e+00,9.571482539176940918e-01,9.571482539176940918e-01,9.184740781784057617e-01,8.744533061981201172e-01,3.839883804321289062e-01,3.839883804321289062e-01,4.084073305130004883e-01,3.701210618019104004e-01,6.930952519178390503e-02,6.930952519178390503e-02,9.537942707538604736e-02,8.830907195806503296e-02,5.378303676843643188e-02,5.378303676843643188e-02,7.876260578632354736e-02,8.050572872161865234e-02,4.558865427970886230e-01,4.558865427970886230e-01,4.572160243988037109e-01,4.517120122909545898e-01,1.074676752090454102e+00,1.074676752090454102e+00,1.025105595588684082e+00,9.901949763298034668e-01
1.140000000000000000e+02,1.344303369522094727e+00,1.344303369522094727e+00,1.281293869018554688e+00,1.246112942695617676e+00,9.564038515090942383e-01,9.564038515090942383e-01,9.137250185012817383e-01,8.703616857528686523e-01,3.838207125663757324e-01,3.838207125663757324e-01,4.083210229873657227e-01,3.708092570304870605e-01,6.883712112903594971e-02,6.883712112903594971e-02,9.481074661016464233e-02,8.916847407817840576e-02,5.394883453845977783e-02,5.394883453845977783e-02,7.990576326847076416e-02,8.109730482101440430e-02,4.589134454727172852e-01,4.589134454727172852e-01,4.597147703170776367e-01,4.534893631935119629e-01,1.075459003448486328e+00,1.075459003448486328e+00,1.021706461906433105e+00,9.875400662422180176e-01
1.150000000000000000e+02,1.347939610481262207e+00,1.347939610481262207e+00,1.280722379684448242e+00,1.245574474334716797e+00,9.525634050369262695e-01,9.525634050369262695e-01,9.153070449829101562e-01,8.707500696182250977e-01,3.851356804370880127e-01,3.851356804370880127e-01,4.077775478363037109e-01,3.718508183956146240e-01,6.802380084991455078e-02,6.802380084991455078e-02,9.356293082237243652e-02,9.010191261768341064e-02,5.438927933573722839e-02,5.438927933573722839e-02,8.142767846584320068e-02,8.131822943687438965e-02,4.613022804260253906e-01,4.613022804260253906e-01,4.593166708946228027e-01,4.536983966827392578e-01,1.073770284652709961e+00,1.073770284652709961e+00,1.019024014472961426e+00,9.875290393829345703e-01
1.160000000000000000e+02,1.338135480880737305e+00,1.338135480880737305e+00,1.276856660842895508e+00,1.244627118110656738e+00,9.512565732002258301e-01,9.512565732002258301e-01,9.091030359268188477e-01,8.650339841842651367e-01,3.850784897804260254e-01,3.850784897804260254e-01,4.044052958488464355e-01,3.708763122558593750e-01,6.752777099609375000e-02,6.752777099609375000e-02,9.285748004913330078e-02,8.970784395933151245e-02,5.517058447003364563e-02,5.517058447003364563e-02,8.207139372825622559e-02,8.170692622661590576e-02,4.613645076751708984e-01,4.613645076751708984e-01,4.652745723724365234e-01,4.528436958789825439e-01,1.068786621093750000e+00,1.068786621093750000e+00,1.025138139724731445e+00,9.842474460601806641e-01
1.170000000000000000e+02,1.342391490936279297e+00,1.342391490936279297e+00,1.269509792327880859e+00,1.245414137840270996e+00,9.470601081848144531e-01,9.470601081848144531e-01,9.110057950019836426e-01,8.682031631469726562e-01,3.846386969089508057e-01,3.846386969089508057e-01,4.061577320098876953e-01,3.735305666923522949e-01,6.708076596260070801e-02,6.708076596260070801e-02,9.142434597015380859e-02,9.088891744613647461e-02,5.590453371405601501e-02,5.590453371405601501e-02,8.341290056705474854e-02,8.231734484434127808e-02,4.641354084014892578e-01,4.641354084014892578e-01,4.665522575378417969e-01,4.537837207317352295e-01,1.070596933364868164e+00,1.070596933364868164e+00,1.022452354431152344e+00,9.819716811180114746e-01
1.180000000000000000e+02,1.335921168327331543e+00,1.335921168327331543e+00,1.275758504867553711e+00,1.238343358039855957e+00,9.461736679077148438e-01,9.461736679077148438e-01,9.066662788391113281e-01,8.669897317886352539e-01,3.843122124671936035e-01,3.843122124671936035e-01,4.048786759376525879e-01,3.743802011013031006e-01,6.622309982776641846e-02,6.622309982776641846e-02,9.016919136047363281e-02,9.085121005773544312e-02,5.644153058528900146e-02,5.644153058528900146e-02,8.434946835041046143e-02,8.325968682765960693e-02,4.656005799770355225e-01,4.656005799770355225e-01,4.691882729530334473e-01,4.557173848152160645e-01,1.069668531417846680e+00,1.069668531417846680e+00,1.024032354354858398e+00,9.814807772636413574e-01
1.190000000000000000e+02,1.336193323135375977e+00,1.336193323135375977e+00,1.269003748893737793e+00,1.237637042999267578e+00,9.440727233886718750e-01,9.440727233886718750e-01,9.062451124191284180e-01,8.585010170936584473e-01,3.829062283039093018e-01,3.829062283039093018e-01,4.042904973030090332e-01,3.747634291648864746e-01,6.517834961414337158e-02,6.517834961414337158e-02,8.840744942426681519e-02,9.152054786682128906e-02,5.741223692893981934e-02,5.741223692893981934e-02,8.586576581001281738e-02,8.390590548515319824e-02,4.653292298316955566e-01,4.653292298316955566e-01,4.700390100479125977e-01,4.565891623497009277e-01,1.067569494247436523e+00,1.067569494247436523e+00,1.025254845619201660e+00,9.769260287284851074e-01
1.200000000000000000e+02,1.330935597419738770e+00,1.330935597419738770e+00,1.263219356536865234e+00,1.233843207359313965e+00,9.427207708358764648e-01,9.427207708358764648e-01,9.030828475952148438e-01,8.590490818023681641e-01,3.848265111446380615e-01,3.848265111446380615e-01,4.013361930847167969e-01,3.752422928810119629e-01,6.462338566780090332e-02,6.462338566780090332e-02,8.699733018875122070e-02,9.154541045427322388e-02,5.866456776857376099e-02,5.866456776857376099e-02,8.682092279195785522e-02,8.491130173206329346e-02,4.694091081619262695e-01,4.694091081619262695e-01,4.716374576091766357e-01,4.573412537574768066e-01,1.064339876174926758e+00,1.064339876174926758e+00,1.019014358520507812e+00,9.782575368881225586e-01
1.210000000000000000e+02,1.326822638511657715e+00,1.326822638511657715e+00,1.257041573524475098e+00,1.232028484344482422e+00,9.393754601478576660e-01,9.393754601478576660e-01,9.028159379959106445e-01,8.604632616043090820e-01,3.859134614467620850e-01,3.859134614467620850e-01,4.019843339920043945e-01,3.766126930713653564e-01,6.324905157089233398e-02,6.324905157089233398e-02,8.579614758491516113e-02,9.130628407001495361e-02,5.918347835540771484e-02,5.918347835540771484e-02,8.800737559795379639e-02,8.589294552803039551e-02,4.710576832294464111e-01,4.710576832294464111e-01,4.740498065948486328e-01,4.586006999015808105e-01,1.058404684066772461e+00,1.058404684066772461e+00,1.020641446113586426e+00,9.742560982704162598e-01
1.220000000000000000e+02,1.323938608169555664e+00,1.323938608169555664e+00,1.261089920997619629e+00,1.227873086929321289e+00,9.345238208770751953e-01,9.345238208770751953e-01,8.987202644348144531e-01,8.615307807922363281e-01,3.852705061435699463e-01,3.852705061435699463e-01,3.987030386924743652e-01,3.780937790870666504e-01,6.251165270805358887e-02,6.251165270805358887e-02,8.431862294673919678e-02,9.169101715087890625e-02,6.048581376671791077e-02,6.048581376671791077e-02,8.866898715496063232e-02,8.654901385307312012e-02,4.729536771774291992e-01,4.729536771774291992e-01,4.776384532451629639e-01,4.587326645851135254e-01,1.059963345527648926e+00,1.059963345527648926e+00,1.020938396453857422e+00,9.717609286308288574e-01
1.230000000000000000e+02,1.321603178977966309e+00,1.321603178977966309e+00,1.261658072471618652e+00,1.224136829376220703e+00,9.324720501899719238e-01,9.324720501899719238e-01,8.941034078598022461e-01,8.584057688713073730e-01,3.854998648166656494e-01,3.854998648166656494e-01,3.973939418792724609e-01,3.776233792304992676e-01,6.125748902559280396e-02,6.125748902559280396e-02,8.271736651659011841e-02,9.151072800159454346e-02,6.181754916906356812e-02,6.181754916906356812e-02,9.044163674116134644e-02,8.707789331674575806e-02,4.747104048728942871e-01,4.747104048728942871e-01,4.785196781158447266e-01,4.593921899795532227e-01,1.059655666351318359e+00,1.059655666351318359e+00,1.019680023193359375e+00,9.730590581893920898e-01
1.240000000000000000e+02,1.319542288780212402e+00,1.319542288780212402e+00,1.253105878829956055e+00,1.224426984786987305e+00,9.338783621788024902e-01,9.338783621788024902e-01,8.917379379272460938e-01,8.592446446418762207e-01,3.852964043617248535e-01,3.852964043617248535e-01,3.979108035564422607e-01,3.782882392406463623e-01,5.997554585337638855e-02,5.997554585337638855e-02,8.142542093992233276e-02,9.145992994308471680e-02,6.324566900730133057e-02,6.324566900730133057e-02,9.076001495122909546e-02,8.792872726917266846e-02,4.759904444217681885e-01,4.759904444217681885e-01,4.802393913269042969e-01,4.581677615642547607e-01,1.057878613471984863e+00,1.057878613471984863e+00,1.017086982727050781e+00,9.697571992874145508e-01
1.250000000000000000e+02,1.315449595451354980e+00,1.315449595451354980e+00,1.252333283424377441e+00,1.220156669616699219e+00,9.303502440452575684e-01,9.303502440452575684e-01,8.897871971130371094e-01,8.509126901626586914e-01,3.862401843070983887e-01,3.862401843070983887e-01,3.960490226745605469e-01,3.795390725135803223e-01,5.841127783060073853e-02,5.841127783060073853e-02,7.985152304172515869e-02,9.078025817871093750e-02,6.441844254732131958e-02,6.441844254732131958e-02,9.270605444908142090e-02,8.822317421436309814e-02,4.786361753940582275e-01,4.786361753940582275e-01,4.818826913833618164e-01,4.594399034976959229e-01,1.050120949745178223e+00,1.050120949745178223e+00,1.013272166252136230e+00,9.653352499008178711e-01
1.260000000000000000e+02,1.312306880950927734e+00,1.312306880950927734e+00,1.245834946632385254e+00,1.218257904052734375e+00,9.281769990921020508e-01,9.281769990921020508e-01,8.869187831878662109e-01,8.546835780143737793e-01,3.832952678203582764e-01,3.832952678203582764e-01,3.937577605247497559e-01,3.768303990364074707e-01,5.708175152540206909e-02,5.708175152540206909e-02,7.763256877660751343e-02,9.031701833009719849e-02,6.575645506381988525e-02,6.575645506381988525e-02,9.362028539180755615e-02,8.867198228836059570e-02,4.768382608890533447e-01,4.768382608890533447e-01,4.822749495506286621e-01,4.609709084033966064e-01,1.050566792488098145e+00,1.050566792488098145e+00,1.015580058097839355e+00,9.629948139190673828e-01
1.270000000000000000e+02,1.307888746261596680e+00,1.307888746261596680e+00,1.241354942321777344e+00,1.216737508773803711e+00,9.253433942794799805e-01,9.253433942794799805e-01,8.840906023979187012e-01,8.478382825851440430e-01,3.846224248409271240e-01,3.846224248409271240e-01,3.912532329559326172e-01,3.805478811264038086e-01,5.606101453304290771e-02,5.606101453304290771e-02,7.639131695032119751e-02,9.101907908916473389e-02,6.684970110654830933e-02,6.684970110654830933e-02,9.511630237102508545e-02,8.975964784622192383e-02,4.803831577301025391e-01,4.803831577301025391e-01,4.833646118640899658e-01,4.605039358139038086e-01,1.047664165496826172e+00,1.047664165496826172e+00,1.012150168418884277e+00,9.619030952453613281e-01
1.280000000000000000e+02,1.305456161499023438e+00,1.305456161499023438e+00,1.236933708190917969e+00,1.209379315376281738e+00,9.230865836143493652e-01,9.230865836143493652e-01,8.824316263198852539e-01,8.522686958312988281e-01,3.827551603317260742e-01,3.827551603317260742e-01,3.907710909843444824e-01,3.790596127510070801e-01,5.449280515313148499e-02,5.449280515313148499e-02,7.497096061706542969e-02,9.067586064338684082e-02,6.855358928442001343e-02,6.855358928442001343e-02,9.667059779167175293e-02,8.999456465244293213e-02,4.800517857074737549e-01,4.800517857074737549e-01,4.861096739768981934e-01,4.596332907676696777e-01,1.044496417045593262e+00,1.044496417045593262e+00,1.010574817657470703e+00,9.590610265731811523e-01
1.290000000000000000e+02,1.303775310516357422e+00,1.303775310516357422e+00,1.233008980751037598e+00,1.209673881530761719e+00,9.229779243469238281e-01,9.229779243469238281e-01,8.782370090484619141e-01,8.461220264434814453e-01,3.834880590438842773e-01,3.834880590438842773e-01,3.880185782909393311e-01,3.782673478126525879e-01,5.319423228502273560e-02,5.319423228502273560e-02,7.247613370418548584e-02,8.969440311193466187e-02,6.952393054962158203e-02,6.952393054962158203e-02,9.758736193180084229e-02,9.071663767099380493e-02,4.813485145568847656e-01,4.813485145568847656e-01,4.859310388565063477e-01,4.600856602191925049e-01,1.044569849967956543e+00,1.044569849967956543e+00,1.003025770187377930e+00,9.562878012657165527e-01
1.300000000000000000e+02,1.300341129302978516e+00,1.300341129302978516e+00,1.230554461479187012e+00,1.206615447998046875e+00,9.233767986297607422e-01,9.233767986297607422e-01,8.760885000228881836e-01,8.501893281936645508e-01,3.848457336425781250e-01,3.848457336425781250e-01,3.862002491950988770e-01,3.821724057197570801e-01,5.130469426512718201e-02,5.130469426512718201e-02,7.147547602653503418e-02,8.976373076438903809e-02,7.123386114835739136e-02,7.123386114835739136e-02,9.858459234237670898e-02,9.080753475427627563e-02,4.828882217407226562e-01,4.828882217407226562e-01,4.875656366348266602e-01,4.595858454704284668e-01,1.040481686592102051e+00,1.040481686592102051e+00,1.002160668373107910e+00,9.536625146865844727e-01
1.310000000000000000e+02,1.294793367385864258e+00,1.294793367385864258e+00,1.227728843688964844e+00,1.203009366989135742e+00,9.191631078720092773e-01,9.191631078720092773e-01,8.712639212608337402e-01,8.508224487304687500e-01,3.823383152484893799e-01,3.823383152484893799e-01,3.840629756450653076e-01,3.814607262611389160e-01,5.037161335349082947e-02,5.037161335349082947e-02,6.948132067918777466e-02,8.916334807872772217e-02,7.211650907993316650e-02,7.211650907993316650e-02,1.000997871160507202e-01,9.190215170383453369e-02,4.821346998214721680e-01,4.821346998214721680e-01,4.885787367820739746e-01,4.591014981269836426e-01,1.037308692932128906e+00,1.037308692932128906e+00,9.987173080444335938e-01,9.500624537467956543e-01
1.320000000000000000e+02,1.293081045150756836e+00,1.293081045150756836e+00,1.229424715042114258e+00,1.202407360076904297e+00,9.165890812873840332e-01,9.165890812873840332e-01,8.692634105682373047e-01,8.439602255821228027e-01,3.818767070770263672e-01,3.818767070770263672e-01,3.809626400470733643e-01,3.835797905921936035e-01,4.878507554531097412e-02,4.878507554531097412e-02,6.834186613559722900e-02,8.807579427957534790e-02,7.332552224397659302e-02,7.332552224397659302e-02,1.012548431754112244e-01,9.196172654628753662e-02,4.820763170719146729e-01,4.820763170719146729e-01,4.872442781925201416e-01,4.585567712783813477e-01,1.032898664474487305e+00,1.032898664474487305e+00,9.951300621032714844e-01,9.464193582534790039e-01
1.330000000000000000e+02,1.290658950805664062e+00,1.290658950805664062e+00,1.223071455955505371e+00,1.195066928863525391e+00,9.124571681022644043e-01,9.124571681022644043e-01,8.645936846733093262e-01,8.477035760879516602e-01,3.832255601882934570e-01,3.832255601882934570e-01,3.798927366733551025e-01,3.831913471221923828e-01,4.807619750499725342e-02,4.807619750499725342e-02,6.642469763755798340e-02,8.758673071861267090e-02,7.412117719650268555e-02,7.412117719650268555e-02,1.019086539745330811e-01,9.224577248096466064e-02,4.838394522666931152e-01,4.838394522666931152e-01,4.887298941612243652e-01,4.561805725097656250e-01,1.030536293983459473e+00,1.030536293983459473e+00,9.901407957077026367e-01,9.466222524642944336e-01
1.340000000000000000e+02,1.284145712852478027e+00,1.284145712852478027e+00,1.213856697082519531e+00,1.200011968612670898e+00,9.123092889785766602e-01,9.123092889785766602e-01,8.638213872909545898e-01,8.441209197044372559e-01,3.819302320480346680e-01,3.819302320480346680e-01,3.781611323356628418e-01,3.834525048732757568e-01,4.584378004074096680e-02,4.584378004074096680e-02,6.507525593042373657e-02,8.700802177190780640e-02,7.485410571098327637e-02,7.485410571098327637e-02,1.031021475791931152e-01,9.307826310396194458e-02,4.836574196815490723e-01,4.836574196815490723e-01,4.881754815578460693e-01,4.570680856704711914e-01,1.028272867202758789e+00,1.028272867202758789e+00,9.911592006683349609e-01,9.425976276397705078e-01
1.350000000000000000e+02,1.282940149307250977e+00,1.282940149307250977e+00,1.214396357536315918e+00,1.189721584320068359e+00,9.104438424110412598e-01,9.104438424110412598e-01,8.612174987792968750e-01,8.442965745925903320e-01,3.809155821800231934e-01,3.809155821800231934e-01,3.746245503425598145e-01,3.814868330955505371e-01,4.513338208198547363e-02,4.513338208198547363e-02,6.339780241250991821e-02,8.580775558948516846e-02,7.602092623710632324e-02,7.602092623710632324e-02,1.030143424868583679e-01,9.322498738765716553e-02,4.834138751029968262e-01,4.834138751029968262e-01,4.887783825397491455e-01,4.554193615913391113e-01,1.024388313293457031e+00,1.024388313293457031e+00,9.880653619766235352e-01,9.394603967666625977e-01
1.360000000000000000e+02,1.279202580451965332e+00,1.279202580451965332e+00,1.211410045623779297e+00,1.188154935836791992e+00,9.062879085540771484e-01,9.062879085540771484e-01,8.583607673645019531e-01,8.442472815513610840e-01,3.803004026412963867e-01,3.803004026412963867e-01,3.733848929405212402e-01,3.830587267875671387e-01,4.401887208223342896e-02,4.401887208223342896e-02,6.130520999431610107e-02,8.467921614646911621e-02,7.665237784385681152e-02,7.665237784385681152e-02,1.038333624601364136e-01,9.411377459764480591e-02,4.832476377487182617e-01,4.832476377487182617e-01,4.882005453109741211e-01,4.542316198348999023e-01,1.020504593849182129e+00,1.020504593849182129e+00,9.809962511062622070e-01,9.368028640747070312e-01
1.370000000000000000e+02,1.274061679840087891e+00,1.274061679840087891e+00,1.205883741378784180e+00,1.185545325279235840e+00,9.072387218475341797e-01,9.072387218475341797e-01,8.548424243927001953e-01,8.437818288803100586e-01,3.792141079902648926e-01,3.792141079902648926e-01,3.709940612316131592e-01,3.829725086688995361e-01,4.325941205024719238e-02,4.325941205024719238e-02,6.029924005270004272e-02,8.436904102563858032e-02,7.720328867435455322e-02,7.720328867435455322e-02,1.040475815534591675e-01,9.428203105926513672e-02,4.809285998344421387e-01,4.809285998344421387e-01,4.866290688514709473e-01,4.533068835735321045e-01,1.018385529518127441e+00,1.018385529518127441e+00,9.819951057434082031e-01,9.349291920661926270e-01
1.380000000000000000e+02,1.271110057830810547e+00,1.271110057830810547e+00,1.202126979827880859e+00,1.185834765434265137e+00,9.002126455307006836e-01,9.002126455307006836e-01,8.525081872940063477e-01,8.398993015289306641e-01,3.795132935047149658e-01,3.795132935047149658e-01,3.692395091056823730e-01,3.833020031452178955e-01,4.240906983613967896e-02,4.240906983613967896e-02,5.848284438252449036e-02,8.324596285820007324e-02,7.728262245655059814e-02,7.728262245655059814e-02,1.047149524092674255e-01,9.451399743556976318e-02,4.818741083145141602e-01,4.818741083145141602e-01,4.877410829067230225e-01,4.533091187477111816e-01,1.012605428695678711e+00,1.012605428695678711e+00,9.769163727760314941e-01,9.315929412841796875e-01
1.390000000000000000e+02,1.267127275466918945e+00,1.267127275466918945e+00,1.194616675376892090e+00,1.185213208198547363e+00,9.013017416000366211e-01,9.013017416000366211e-01,8.467559814453125000e-01,8.395980596542358398e-01,3.774745166301727295e-01,3.774745166301727295e-01,3.656552433967590332e-01,3.827755451202392578e-01,4.109473526477813721e-02,4.109473526477813721e-02,5.637142807245254517e-02,8.212476968765258789e-02,7.849018275737762451e-02,7.849018275737762451e-02,1.052183806896209717e-01,9.395909309387207031e-02,4.807713925838470459e-01,4.807713925838470459e-01,4.866722822189331055e-01,4.511572420597076416e-01,1.008571386337280273e+00,1.008571386337280273e+00,9.732823967933654785e-01,9.298965930938720703e-01
1.400000000000000000e+02,1.266902923583984375e+00,1.266902923583984375e+00,1.194126963615417480e+00,1.181638240814208984e+00,8.984377384185791016e-01,8.984377384185791016e-01,8.435142040252685547e-01,8.340108394622802734e-01,3.758121728897094727e-01,3.758121728897094727e-01,3.639630675315856934e-01,3.819263577461242676e-01,4.078486561775207520e-02,4.078486561775207520e-02,5.620698630809783936e-02,8.225733041763305664e-02,7.861419022083282471e-02,7.861419022083282471e-02,1.053922176361083984e-01,9.433913230895996094e-02,4.792301058769226074e-01,4.792301058769226074e-01,4.836452603340148926e-01,4.506960511207580566e-01,1.009761333465576172e+00,1.009761333465576172e+00,9.695801138877868652e-01,9.274064898490905762e-01
1.410000000000000000e+02,1.262011289596557617e+00,1.262011289596557617e+00,1.188227891921997070e+00,1.179734468460083008e+00,8.986986875534057617e-01,8.986986875534057617e-01,8.439636230468750000e-01,8.349614143371582031e-01,3.725460767745971680e-01,3.725460767745971680e-01,3.618081212043762207e-01,3.798841834068298340e-01,4.051676392555236816e-02,4.051676392555236816e-02,5.425336211919784546e-02,8.136135339736938477e-02,7.910817861557006836e-02,7.910817861557006836e-02,1.055487990379333496e-01,9.504810720682144165e-02,4.754987955093383789e-01,4.754987955093383789e-01,4.828300774097442627e-01,4.481483101844787598e-01,1.004450201988220215e+00,1.004450201988220215e+00,9.629658460617065430e-01,9.244561195373535156e-01
1.420000000000000000e+02,1.258715391159057617e+00,1.258715391159057617e+00,1.185061454772949219e+00,1.177079439163208008e+00,8.964438438415527344e-01,8.964438438415527344e-01,8.374636173248291016e-01,8.360587358474731445e-01,3.740329146385192871e-01,3.740329146385192871e-01,3.589302003383636475e-01,3.815336823463439941e-01,4.015757888555526733e-02,4.015757888555526733e-02,5.409385263919830322e-02,8.061000704765319824e-02,7.918681204319000244e-02,7.918681204319000244e-02,1.059919297695159912e-01,9.518392384052276611e-02,4.761459231376647949e-01,4.761459231376647949e-01,4.817371368408203125e-01,4.435132443904876709e-01,1.003947854042053223e+00,1.003947854042053223e+00,9.618496298789978027e-01,9.205040335655212402e-01
1.430000000000000000e+02,1.254251956939697266e+00,1.254251956939697266e+00,1.179239749908447266e+00,1.171782493591308594e+00,8.920197486877441406e-01,8.920197486877441406e-01,8.380653858184814453e-01,8.327304124832153320e-01,3.698205351829528809e-01,3.698205351829528809e-01,3.570496439933776855e-01,3.814351856708526611e-01,4.037630930542945862e-02,4.037630930542945862e-02,5.329055339097976685e-02,8.032360672950744629e-02,7.906552404165267944e-02,7.906552404165267944e-02,1.060176342725753784e-01,9.463520348072052002e-02,4.726507663726806641e-01,4.726507663726806641e-01,4.815047681331634521e-01,4.445569515228271484e-01,1.000424742698669434e+00,1.000424742698669434e+00,9.566664695739746094e-01,9.155389070510864258e-01
1.440000000000000000e+02,1.248823046684265137e+00,1.248823046684265137e+00,1.177296042442321777e+00,1.168982267379760742e+00,8.871636390686035156e-01,8.871636390686035156e-01,8.310769200325012207e-01,8.334528207778930664e-01,3.680216968059539795e-01,3.680216968059539795e-01,3.525161147117614746e-01,3.830931186676025391e-01,4.002143442630767822e-02,4.002143442630767822e-02,5.251576006412506104e-02,8.017919212579727173e-02,7.937899976968765259e-02,7.937899976968765259e-02,1.058267131447792053e-01,9.434528648853302002e-02,4.715648889541625977e-01,4.715648889541625977e-01,4.809911847114562988e-01,4.426408410072326660e-01,9.970140457153320312e-01,9.970140457153320312e-01,9.499346613883972168e-01,9.176447987556457520e-01
1.450000000000000000e+02,1.247721672058105469e+00,1.247721672058105469e+00,1.169000267982482910e+00,1.170920848846435547e+00,8.885668516159057617e-01,8.885668516159057617e-01,8.284484148025512695e-01,8.320909142494201660e-01,3.675073087215423584e-01,3.675073087215423584e-01,3.509219288825988770e-01,3.822005987167358398e-01,4.004514962434768677e-02,4.004514962434768677e-02,5.174535140395164490e-02,7.899961620569229126e-02,7.959000766277313232e-02,7.959000766277313232e-02,1.061548888683319092e-01,9.467500448226928711e-02,4.694140255451202393e-01,4.694140255451202393e-01,4.784975051879882812e-01,4.410845637321472168e-01,9.943531155586242676e-01,9.943531155586242676e-01,9.478722214698791504e-01,9.124571084976196289e-01
1.460000000000000000e+02,1.242079257965087891e+00,1.242079257965087891e+00,1.169212222099304199e+00,1.166529417037963867e+00,8.884860277175903320e-01,8.884860277175903320e-01,8.272261619567871094e-01,8.293849229812622070e-01,3.679582774639129639e-01,3.679582774639129639e-01,3.494067192077636719e-01,3.788533508777618408e-01,4.033904522657394409e-02,4.033904522657394409e-02,5.141607671976089478e-02,7.954813539981842041e-02,7.969383895397186279e-02,7.969383895397186279e-02,1.055179536342620850e-01,9.387742727994918823e-02,4.690965116024017334e-01,4.690965116024017334e-01,4.759407043457031250e-01,4.398496747016906738e-01,9.907425045967102051e-01,9.907425045967102051e-01,9.443790316581726074e-01,9.097200632095336914e-01
1.470000000000000000e+02,1.238535165786743164e+00,1.238535165786743164e+00,1.159737586975097656e+00,1.164658308029174805e+00,8.848727941513061523e-01,8.848727941513061523e-01,8.255724906921386719e-01,8.305852413177490234e-01,3.647242188453674316e-01,3.647242188453674316e-01,3.479417860507965088e-01,3.820475935935974121e-01,4.094623774290084839e-02,4.094623774290084839e-02,5.101174861192703247e-02,7.914995402097702026e-02,7.925996929407119751e-02,7.925996929407119751e-02,1.051893159747123718e-01,9.473855793476104736e-02,4.667306244373321533e-01,4.667306244373321533e-01,4.728158116340637207e-01,4.379211962223052979e-01,9.890003204345703125e-01,9.890003204345703125e-01,9.404218792915344238e-01,9.097291827201843262e-01
1.480000000000000000e+02,1.236417531967163086e+00,1.236417531967163086e+00,1.159366369247436523e+00,1.162559509277343750e+00,8.853842616081237793e-01,8.853842616081237793e-01,8.233916163444519043e-01,8.286491632461547852e-01,3.649219870567321777e-01,3.649219870567321777e-01,3.440295457839965820e-01,3.810468912124633789e-01,4.147361963987350464e-02,4.147361963987350464e-02,5.115187913179397583e-02,7.902773469686508179e-02,7.983003556728363037e-02,7.983003556728363037e-02,1.040972173213958740e-01,9.339651465415954590e-02,4.640347957611083984e-01,4.640347957611083984e-01,4.712952673435211182e-01,4.351224005222320557e-01,9.817971587181091309e-01,9.817971587181091309e-01,9.395158886909484863e-01,9.104419350624084473e-01
1.490000000000000000e+02,1.229568958282470703e+00,1.229568958282470703e+00,1.151451945304870605e+00,1.160104393959045410e+00,8.804690241813659668e-01,8.804690241813659668e-01,8.168897628784179688e-01,8.270875811576843262e-01,3.641476035118103027e-01,3.641476035118103027e-01,3.422500193119049072e-01,3.822434246540069580e-01,4.156204685568809509e-02,4.156204685568809509e-02,5.061316490173339844e-02,7.931514084339141846e-02,7.941423356533050537e-02,7.941423356533050537e-02,1.040565595030784607e-01,9.406224638223648071e-02,4.602983295917510986e-01,4.602983295917510986e-01,4.680849909782409668e-01,4.325844049453735352e-01,9.834436178207397461e-01,9.834436178207397461e-01,9.358345866203308105e-01,9.044658541679382324e-01
1.500000000000000000e+02,1.226411104202270508e+00,1.226411104202270508e+00,1.151900768280029297e+00,1.156628489494323730e+00,8.812893629074096680e-01,8.812893629074096680e-01,8.161242008209228516e-01,8.262007236480712891e-01,3.622231483459472656e-01,3.622231483459472656e-01,3.403365612030029297e-01,3.818693161010742188e-01,4.307299107313156128e-02,4.307299107313156128e-02,5.074648559093475342e-02,7.938708364963531494e-02,7.912263274192810059e-02,7.912263274192810059e-02,1.028418838977813721e-01,9.317182004451751709e-02,4.586155116558074951e-01,4.586155116558074951e-01,4.654405713081359863e-01,4.300178289413452148e-01,9.814742803573608398e-01,9.814742803573608398e-01,9.277569055557250977e-01,9.053356647491455078e-01
1.510000000000000000e+02,1.224983692169189453e+00,1.224983692169189453e+00,1.147287368774414062e+00,1.153637409210205078e+00,8.730067014694213867e-01,8.730067014694213867e-01,8.138718008995056152e-01,8.264195919036865234e-01,3.608016073703765869e-01,3.608016073703765869e-01,3.386423885822296143e-01,3.809282183647155762e-01,4.342416301369667053e-02,4.342416301369667053e-02,5.058994144201278687e-02,7.976421713829040527e-02,7.847610861063003540e-02,7.847610861063003540e-02,1.031376272439956665e-01,9.273825585842132568e-02,4.549751877784729004e-01,4.549751877784729004e-01,4.649578034877777100e-01,4.272246062755584717e-01,9.780781269073486328e-01,9.780781269073486328e-01,9.257251024246215820e-01,9.028832316398620605e-01
1.520000000000000000e+02,1.219239234924316406e+00,1.219239234924316406e+00,1.144839525222778320e+00,1.149736285209655762e+00,8.757245540618896484e-01,8.757245540618896484e-01,8.081178665161132812e-01,8.234291672706604004e-01,3.595899343490600586e-01,3.595899343490600586e-01,3.351162075996398926e-01,3.788253664970397949e-01,4.477196559309959412e-02,4.477196559309959412e-02,5.080658569931983948e-02,7.971268892288208008e-02,7.809799909591674805e-02,7.809799909591674805e-02,1.022302582859992981e-01,9.210587292909622192e-02,4.527256786823272705e-01,4.527256786823272705e-01,4.611179530620574951e-01,4.258052706718444824e-01,9.754092097282409668e-01,9.754092097282409668e-01,9.197150468826293945e-01,9.013336896896362305e-01
1.530000000000000000e+02,1.216076850891113281e+00,1.216076850891113281e+00,1.136903047561645508e+00,1.152780055999755859e+00,8.741508722305297852e-01,8.741508722305297852e-01,8.053635358810424805e-01,8.282185792922973633e-01,3.601728677749633789e-01,3.601728677749633789e-01,3.353773355484008789e-01,3.809142112731933594e-01,4.587799310684204102e-02,4.587799310684204102e-02,5.100096017122268677e-02,8.137509971857070923e-02,7.805909216403961182e-02,7.805909216403961182e-02,1.013626307249069214e-01,9.167367219924926758e-02,4.500920176506042480e-01,4.500920176506042480e-01,4.586949944496154785e-01,4.206898808479309082e-01,9.689748287200927734e-01,9.689748287200927734e-01,9.134682416915893555e-01,8.996291160583496094e-01
1.540000000000000000e+02,1.214851021766662598e+00,1.214851021766662598e+00,1.135057210922241211e+00,1.146955966949462891e+00,8.767883777618408203e-01,8.767883777618408203e-01,8.037691712379455566e-01,8.244346380233764648e-01,3.587768673896789551e-01,3.587768673896789551e-01,3.336149454116821289e-01,3.835877478122711182e-01,4.674383252859115601e-02,4.674383252859115601e-02,5.169710516929626465e-02,8.189983665943145752e-02,7.727390527725219727e-02,7.727390527725219727e-02,1.014883816242218018e-01,9.130649268627166748e-02,4.469170868396759033e-01,4.469170868396759033e-01,4.571310877799987793e-01,4.206569790840148926e-01,9.679014086723327637e-01,9.679014086723327637e-01,9.105303883552551270e-01,8.942779302597045898e-01
1.550000000000000000e+02,1.211557388305664062e+00,1.211557388305664062e+00,1.131816148757934570e+00,1.147121667861938477e+00,8.713180422782897949e-01,8.713180422782897949e-01,8.046443462371826172e-01,8.247973918914794922e-01,3.571763038635253906e-01,3.571763038635253906e-01,3.314879536628723145e-01,3.850739598274230957e-01,4.770948737859725952e-02,4.770948737859725952e-02,5.188694223761558533e-02,8.264887332916259766e-02,7.686737179756164551e-02,7.686737179756164551e-02,1.007066220045089722e-01,9.056718647480010986e-02,4.435164332389831543e-01,4.435164332389831543e-01,4.535799622535705566e-01,4.172792434692382812e-01,9.677571654319763184e-01,9.677571654319763184e-01,9.115989208221435547e-01,8.956447839736938477e-01
1.560000000000000000e+02,1.212114334106445312e+00,1.212114334106445312e+00,1.129380464553833008e+00,1.145410537719726562e+00,8.711417913436889648e-01,8.711417913436889648e-01,7.994812726974487305e-01,8.247340321540832520e-01,3.567535281181335449e-01,3.567535281181335449e-01,3.299280405044555664e-01,3.839970827102661133e-01,4.924074932932853699e-02,4.924074932932853699e-02,5.260980129241943359e-02,8.332738280296325684e-02,7.643152773380279541e-02,7.643152773380279541e-02,9.962396323680877686e-02,9.008125960826873779e-02,4.404120147228240967e-01,4.404120147228240967e-01,4.505759477615356445e-01,4.155163764953613281e-01,9.644371867179870605e-01,9.644371867179870605e-01,9.086508750915527344e-01,8.917853832244873047e-01
1.570000000000000000e+02,1.209623456001281738e+00,1.209623456001281738e+00,1.124659061431884766e+00,1.140890717506408691e+00,8.747685551643371582e-01,8.747685551643371582e-01,7.989766597747802734e-01,8.263291120529174805e-01,3.566162586212158203e-01,3.566162586212158203e-01,3.262069225311279297e-01,3.846290707588195801e-01,4.987481608986854553e-02,4.987481608986854553e-02,5.383741855621337891e-02,8.447588980197906494e-02,7.606814801692962646e-02,7.606814801692962646e-02,9.938743710517883301e-02,8.910750597715377808e-02,4.375683367252349854e-01,4.375683367252349854e-01,4.475194811820983887e-01,4.131807088851928711e-01,9.599374532699584961e-01,9.599374532699584961e-01,9.043596982955932617e-01,8.910911679267883301e-01
1.580000000000000000e+02,1.204372525215148926e+00,1.204372525215148926e+00,1.121883630752563477e+00,1.133869767189025879e+00,8.668236136436462402e-01,8.668236136436462402e-01,7.972602844238281250e-01,8.282363414764404297e-01,3.564422726631164551e-01,3.564422726631164551e-01,3.274257779121398926e-01,3.862262666225433350e-01,5.161700397729873657e-02,5.161700397729873657e-02,5.483687669038772583e-02,8.505614846944808960e-02,7.545710355043411255e-02,7.545710355043411255e-02,9.855155646800994873e-02,8.876453340053558350e-02,4.327933490276336670e-01,4.327933490276336670e-01,4.459979534149169922e-01,4.084057807922363281e-01,9.576463699340820312e-01,9.576463699340820312e-01,8.990420699119567871e-01,8.905127644538879395e-01
1.590000000000000000e+02,1.203955411911010742e+00,1.203955411911010742e+00,1.118830323219299316e+00,1.136516094207763672e+00,8.703384399414062500e-01,8.703384399414062500e-01,7.965858578681945801e-01,8.305060267448425293e-01,3.559250831604003906e-01,3.559250831604003906e-01,3.251106739044189453e-01,3.874988555908203125e-01,5.302666872739791870e-02,5.302666872739791870e-02,5.590794980525970459e-02,8.682890236377716064e-02,7.449107617139816284e-02,7.449107617139816284e-02,9.757190197706222534e-02,8.841464668512344360e-02,4.299341440200805664e-01,4.299341440200805664e-01,4.418394565582275391e-01,4.054152667522430420e-01,9.529620409011840820e-01,9.529620409011840820e-01,8.936815857887268066e-01,8.890526294708251953e-01
1.600000000000000000e+02,1.199770569801330566e+00,1.199770569801330566e+00,1.112287759780883789e+00,1.140390872955322266e+00,8.731646537780761719e-01,8.731646537780761719e-01,7.957255840301513672e-01,8.290225863456726074e-01,3.554586172103881836e-01,3.554586172103881836e-01,3.221851587295532227e-01,3.911142945289611816e-01,5.476151034235954285e-02,5.476151034235954285e-02,5.759187787771224976e-02,8.861628919839859009e-02,7.359646260738372803e-02,7.359646260738372803e-02,9.570915997028350830e-02,8.738614618778228760e-02,4.256001114845275879e-01,4.256001114845275879e-01,4.378126561641693115e-01,4.028897285461425781e-01,9.549671411514282227e-01,9.549671411514282227e-01,8.927098512649536133e-01,8.906517624855041504e-01
1.610000000000000000e+02,1.199290275573730469e+00,1.199290275573730469e+00,1.112726449966430664e+00,1.134709119796752930e+00,8.720506429672241211e-01,8.720506429672241211e-01,7.907447218894958496e-01,8.299231529235839844e-01,3.544971942901611328e-01,3.544971942901611328e-01,3.244996666908264160e-01,3.911358714103698730e-01,5.684636905789375305e-02,5.684636905789375305e-02,5.899525806307792664e-02,8.993506431579589844e-02,7.234389334917068481e-02,7.234389334917068481e-02,9.631841629743576050e-02,8.591364324092864990e-02,4.206160604953765869e-01,4.206160604953765869e-01,4.382317662239074707e-01,3.999679982662200928e-01,9.496845602989196777e-01,9.496845602989196777e-01,8.867791891098022461e-01,8.877167701721191406e-01
1.620000000000000000e+02,1.195045471191406250e+00,1.195045471191406250e+00,1.104218244552612305e+00,1.129891633987426758e+00,8.717886209487915039e-01,8.717886209487915039e-01,7.937465310096740723e-01,8.338133096694946289e-01,3.572902679443359375e-01,3.572902679443359375e-01,3.235079944133758545e-01,3.945882320404052734e-01,5.844962596893310547e-02,5.844962596893310547e-02,6.075528636574745178e-02,9.097225964069366455e-02,7.185865938663482666e-02,7.185865938663482666e-02,9.513066709041595459e-02,8.525361120700836182e-02,4.196538031101226807e-01,4.196538031101226807e-01,4.340821206569671631e-01,3.962152004241943359e-01,9.493787288665771484e-01,9.493787288665771484e-01,8.851864337921142578e-01,8.847786784172058105e-01
1.630000000000000000e+02,1.193166971206665039e+00,1.193166971206665039e+00,1.102966904640197754e+00,1.135363698005676270e+00,8.720837831497192383e-01,8.720837831497192383e-01,7.927466034889221191e-01,8.374263048171997070e-01,3.576027154922485352e-01,3.576027154922485352e-01,3.221567869186401367e-01,3.938912749290466309e-01,6.070958450436592102e-02,6.070958450436592102e-02,6.275755167007446289e-02,9.254802763462066650e-02,7.085151970386505127e-02,7.085151970386505127e-02,9.469784796237945557e-02,8.532075583934783936e-02,4.169628024101257324e-01,4.169628024101257324e-01,4.316410422325134277e-01,3.952388763427734375e-01,9.461326599121093750e-01,9.461326599121093750e-01,8.790628910064697266e-01,8.847095966339111328e-01
1.640000000000000000e+02,1.191759943962097168e+00,1.191759943962097168e+00,1.101560711860656738e+00,1.132721304893493652e+00,8.706684708595275879e-01,8.706684708595275879e-01,7.926163077354431152e-01,8.385704159736633301e-01,3.579165339469909668e-01,3.579165339469909668e-01,3.240326941013336182e-01,3.982822299003601074e-01,6.260021775960922241e-02,6.260021775960922241e-02,6.454529613256454468e-02,9.364828467369079590e-02,6.974130868911743164e-02,6.974130868911743164e-02,9.361618757247924805e-02,8.416828513145446777e-02,4.126833081245422363e-01,4.126833081245422363e-01,4.292950034141540527e-01,3.917006254196166992e-01,9.425044059753417969e-01,9.425044059753417969e-01,8.775181174278259277e-01,8.810204267501831055e-01
1.650000000000000000e+02,1.191516757011413574e+00,1.191516757011413574e+00,1.100820541381835938e+00,1.134428977966308594e+00,8.743475675582885742e-01,8.743475675582885742e-01,7.898465394973754883e-01,8.370583653450012207e-01,3.595950305461883545e-01,3.595950305461883545e-01,3.248596787452697754e-01,3.989185690879821777e-01,6.441126763820648193e-02,6.441126763820648193e-02,6.644202023744583130e-02,9.558209776878356934e-02,6.974878907203674316e-02,6.974878907203674316e-02,9.345763921737670898e-02,8.354634046554565430e-02,4.099230170249938965e-01,4.099230170249938965e-01,4.250841736793518066e-01,3.901116847991943359e-01,9.397934675216674805e-01,9.397934675216674805e-01,8.703341484069824219e-01,8.824299573898315430e-01
1.660000000000000000e+02,1.189748048782348633e+00,1.189748048782348633e+00,1.091627717018127441e+00,1.130688667297363281e+00,8.780227899551391602e-01,8.780227899551391602e-01,7.939495444297790527e-01,8.407495617866516113e-01,3.608550429344177246e-01,3.608550429344177246e-01,3.255192041397094727e-01,4.011736214160919189e-01,6.700062006711959839e-02,6.700062006711959839e-02,6.927794218063354492e-02,9.665341675281524658e-02,6.942884624004364014e-02,6.942884624004364014e-02,9.236536920070648193e-02,8.291539549827575684e-02,4.045258760452270508e-01,4.045258760452270508e-01,4.227121472358703613e-01,3.876670598983764648e-01,9.369635581970214844e-01,9.369635581970214844e-01,8.689129352569580078e-01,8.818318843841552734e-01
1.670000000000000000e+02,1.186231017112731934e+00,1.186231017112731934e+00,1.092211723327636719e+00,1.127138137817382812e+00,8.788058757781982422e-01,8.788058757781982422e-01,7.897887229919433594e-01,8.462023138999938965e-01,3.632288277149200439e-01,3.632288277149200439e-01,3.281230926513671875e-01,4.040074348449707031e-01,6.898286938667297363e-02,6.898286938667297363e-02,7.153455168008804321e-02,9.853629022836685181e-02,6.895148754119873047e-02,6.895148754119873047e-02,9.281249344348907471e-02,8.249178528785705566e-02,4.034178256988525391e-01,4.034178256988525391e-01,4.217447340488433838e-01,3.843498528003692627e-01,9.353592395782470703e-01,9.353592395782470703e-01,8.644653558731079102e-01,8.803484439849853516e-01
1.680000000000000000e+02,1.181789159774780273e+00,1.181789159774780273e+00,1.094218730926513672e+00,1.130385875701904297e+00,8.803137540817260742e-01,8.803137540817260742e-01,7.915588617324829102e-01,8.468362092971801758e-01,3.658927679061889648e-01,3.658927679061889648e-01,3.295211493968963623e-01,4.087580442428588867e-01,7.172939181327819824e-02,7.172939181327819824e-02,7.364279031753540039e-02,9.976767003536224365e-02,6.845453381538391113e-02,6.845453381538391113e-02,9.185203909873962402e-02,8.181399106979370117e-02,4.014363586902618408e-01,4.014363586902618408e-01,4.195931851863861084e-01,3.844262957572937012e-01,9.329960346221923828e-01,9.329960346221923828e-01,8.638725280761718750e-01,8.793330192565917969e-01
1.690000000000000000e+02,1.185582041740417480e+00,1.185582041740417480e+00,1.090186476707458496e+00,1.132624626159667969e+00,8.848730921745300293e-01,8.848730921745300293e-01,7.965421676635742188e-01,8.497747182846069336e-01,3.686686158180236816e-01,3.686686158180236816e-01,3.312068879604339600e-01,4.108594357967376709e-01,7.425544410943984985e-02,7.425544410943984985e-02,7.636657357215881348e-02,1.015295833349227905e-01,6.812316924333572388e-02,6.812316924333572388e-02,9.180039912462234497e-02,8.101725578308105469e-02,4.000291228294372559e-01,4.000291228294372559e-01,4.153774678707122803e-01,3.816622495651245117e-01,9.322532415390014648e-01,9.322532415390014648e-01,8.614705204963684082e-01,8.798968195915222168e-01
1.700000000000000000e+02,1.184296131134033203e+00,1.184296131134033203e+00,1.089760303497314453e+00,1.130351305007934570e+00,8.885188698768615723e-01,8.885188698768615723e-01,7.963134050369262695e-01,8.528460264205932617e-01,3.699451088905334473e-01,3.699451088905334473e-01,3.349071741104125977e-01,4.152717292308807373e-01,7.628583908081054688e-02,7.628583908081054688e-02,7.893311232328414917e-02,1.031331792473793030e-01,6.875016540288925171e-02,6.875016540288925171e-02,9.197436273097991943e-02,8.070117235183715820e-02,3.939696550369262695e-01,3.939696550369262695e-01,4.128933548927307129e-01,3.801089823246002197e-01,9.299398064613342285e-01,9.299398064613342285e-01,8.577579259872436523e-01,8.797664642333984375e-01
1.710000000000000000e+02,1.181840896606445312e+00,1.181840896606445312e+00,1.087311148643493652e+00,1.125655651092529297e+00,8.874731063842773438e-01,8.874731063842773438e-01,7.986130714416503906e-01,8.527832031250000000e-01,3.750409185886383057e-01,3.750409185886383057e-01,3.371480107307434082e-01,4.164676666259765625e-01,7.891794294118881226e-02,7.891794294118881226e-02,8.192840218544006348e-02,1.043024435639381409e-01,6.795959174633026123e-02,6.795959174633026123e-02,9.137742221355438232e-02,8.070911467075347900e-02,3.939400315284729004e-01,3.939400315284729004e-01,4.130129218101501465e-01,3.787623047828674316e-01,9.280359745025634766e-01,9.280359745025634766e-01,8.524674177169799805e-01,8.757054805755615234e-01
1.720000000000000000e+02,1.179647088050842285e+00,1.179647088050842285e+00,1.087877035140991211e+00,1.125509262084960938e+00,8.947088718414306641e-01,8.947088718414306641e-01,7.987934350967407227e-01,8.605564832687377930e-01,3.788179755210876465e-01,3.788179755210876465e-01,3.405128121376037598e-01,4.227997660636901855e-01,8.115583658218383789e-02,8.115583658218383789e-02,8.447207510471343994e-02,1.059441864490509033e-01,6.846849620342254639e-02,6.846849620342254639e-02,9.170084446668624878e-02,8.050104975700378418e-02,3.925579786300659180e-01,3.925579786300659180e-01,4.112243056297302246e-01,3.787783086299896240e-01,9.245028495788574219e-01,9.245028495788574219e-01,8.501965403556823730e-01,8.770198822021484375e-01
1.730000000000000000e+02,1.180086493492126465e+00,1.180086493492126465e+00,1.084995985031127930e+00,1.131854653358459473e+00,8.949190974235534668e-01,8.949190974235534668e-01,8.021557927131652832e-01,8.594198226928710938e-01,3.823437392711639404e-01,3.823437392711639404e-01,3.451073765754699707e-01,4.262340664863586426e-01,8.413819223642349243e-02,8.413819223642349243e-02,8.676832914352416992e-02,1.073188036680221558e-01,6.867974251508712769e-02,6.867974251508712769e-02,9.157013893127441406e-02,7.972911000251770020e-02,3.901663124561309814e-01,3.901663124561309814e-01,4.087650477886199951e-01,3.767074346542358398e-01,9.235339164733886719e-01,9.235339164733886719e-01,8.492094278335571289e-01,8.765773773193359375e-01
1.740000000000000000e+02,1.181725144386291504e+00,1.181725144386291504e+00,1.084671974182128906e+00,1.130902051925659180e+00,9.012007117271423340e-01,9.012007117271423340e-01,8.041418790817260742e-01,8.649957180023193359e-01,3.865759372711181641e-01,3.865759372711181641e-01,3.467839360237121582e-01,4.298225641250610352e-01,8.591412007808685303e-02,8.591412007808685303e-02,8.972525596618652344e-02,1.084295809268951416e-01,6.822733581066131592e-02,6.822733581066131592e-02,9.130637347698211670e-02,7.939369231462478638e-02,3.892596960067749023e-01,3.892596960067749023e-01,4.039373695850372314e-01,3.759158551692962646e-01,9.232421517372131348e-01,9.232421517372131348e-01,8.461163640022277832e-01,8.768351674079895020e-01
1.750000000000000000e+02,1.183863878250122070e+00,1.183863878250122070e+00,1.086355686187744141e+00,1.128178954124450684e+00,9.063208699226379395e-01,9.063208699226379395e-01,8.080781698226928711e-01,8.727552294731140137e-01,3.891854882240295410e-01,3.891854882240295410e-01,3.521435856819152832e-01,4.338555634021759033e-01,8.839595317840576172e-02,8.839595317840576172e-02,9.313397109508514404e-02,1.090494617819786072e-01,6.860367953777313232e-02,6.860367953777313232e-02,9.135219454765319824e-02,7.917132973670959473e-02,3.867815732955932617e-01,3.867815732955932617e-01,4.027936458587646484e-01,3.756644725799560547e-01,9.220846891403198242e-01,9.220846891403198242e-01,8.433791399002075195e-01,8.745849728584289551e-01
1.760000000000000000e+02,1.180992126464843750e+00,1.180992126464843750e+00,1.085014939308166504e+00,1.125829458236694336e+00,9.077399969100952148e-01,9.077399969100952148e-01,8.088423013687133789e-01,8.750458955764770508e-01,3.947317600250244141e-01,3.947317600250244141e-01,3.557528853416442871e-01,4.372039437294006348e-01,9.015397727489471436e-02,9.015397727489471436e-02,9.504345059394836426e-02,1.103936582803726196e-01,6.835578382015228271e-02,6.835578382015228271e-02,9.086517244577407837e-02,7.917402684688568115e-02,3.861629664897918701e-01,3.861629664897918701e-01,4.016304016113281250e-01,3.746218085289001465e-01,9.184093475341796875e-01,9.184093475341796875e-01,8.378406763076782227e-01,8.745019435882568359e-01
1.770000000000000000e+02,1.180364131927490234e+00,1.180364131927490234e+00,1.087334871292114258e+00,1.133252382278442383e+00,9.126207828521728516e-01,9.126207828521728516e-01,8.129395246505737305e-01,8.824182748794555664e-01,3.979156315326690674e-01,3.979156315326690674e-01,3.609897196292877197e-01,4.402888715267181396e-01,9.258894622325897217e-02,9.258894622325897217e-02,9.780906140804290771e-02,1.112451776862144470e-01,6.807012856006622314e-02,6.807012856006622314e-02,9.045979380607604980e-02,7.855015248060226440e-02,3.839096426963806152e-01,3.839096426963806152e-01,3.985746502876281738e-01,3.721037507057189941e-01,9.168682098388671875e-01,9.168682098388671875e-01,8.366664648056030273e-01,8.726806640625000000e-01
1.780000000000000000e+02,1.180058479309082031e+00,1.180058479309082031e+00,1.081430554389953613e+00,1.132550716400146484e+00,9.206060767173767090e-01,9.206060767173767090e-01,8.163020610809326172e-01,8.856613636016845703e-01,4.041936695575714111e-01,4.041936695575714111e-01,3.649103343486785889e-01,4.428537189960479736e-01,9.435376524925231934e-02,9.435376524925231934e-02,1.006542518734931946e-01,1.120889186859130859e-01,6.852516531944274902e-02,6.852516531944274902e-02,9.076768159866333008e-02,7.725283503532409668e-02,3.834370970726013184e-01,3.834370970726013184e-01,3.951064944267272949e-01,3.731274306774139404e-01,9.171392917633056641e-01,9.171392917633056641e-01,8.358331322669982910e-01,8.756282329559326172e-01
1.790000000000000000e+02,1.181526184082031250e+00,1.181526184082031250e+00,1.088244557380676270e+00,1.131057381629943848e+00,9.244884848594665527e-01,9.244884848594665527e-01,8.205889463424682617e-01,8.917294740676879883e-01,4.075435996055603027e-01,4.075435996055603027e-01,3.708390593528747559e-01,4.483968615531921387e-01,9.599463641643524170e-02,9.599463641643524170e-02,1.030784845352172852e-01,1.122341454029083252e-01,6.801276654005050659e-02,6.801276654005050659e-02,9.026131778955459595e-02,7.722276449203491211e-02,3.805912137031555176e-01,3.805912137031555176e-01,3.956544697284698486e-01,3.727171421051025391e-01,9.121925830841064453e-01,9.121925830841064453e-01,8.329578638076782227e-01,8.753146529197692871e-01
1.800000000000000000e+02,1.183440923690795898e+00,1.183440923690795898e+00,1.088024020195007324e+00,1.130795240402221680e+00,9.268432855606079102e-01,9.268432855606079102e-01,8.234812021255493164e-01,8.894832134246826172e-01,4.133149981498718262e-01,4.133149981498718262e-01,3.728253841400146484e-01,4.495551586151123047e-01,9.775310754776000977e-02,9.775310754776000977e-02,1.054108664393424988e-01,1.121524795889854431e-01,6.799753010272979736e-02,6.799753010272979736e-02,9.029982239007949829e-02,7.635104656219482422e-02,3.803749680519104004e-01,3.803749680519104004e-01,3.936983346939086914e-01,3.727045655250549316e-01,9.128173589706420898e-01,9.128173589706420898e-01,8.280520439147949219e-01,8.719996213912963867e-01
1.810000000000000000e+02,1.183981776237487793e+00,1.183981776237487793e+00,1.090757489204406738e+00,1.137391567230224609e+00,9.338167309761047363e-01,9.338167309761047363e-01,8.285753130912780762e-01,8.992242217063903809e-01,4.175460636615753174e-01,4.175460636615753174e-01,3.793362677097320557e-01,4.533968567848205566e-01,9.878179430961608887e-02,9.878179430961608887e-02,1.078920066356658936e-01,1.124859899282455444e-01,6.797289103269577026e-02,6.797289103269577026e-02,8.983269333839416504e-02,7.637074589729309082e-02,3.785764575004577637e-01,3.785764575004577637e-01,3.910048007965087891e-01,3.721049726009368896e-01,9.082503318786621094e-01,9.082503318786621094e-01,8.224052190780639648e-01,8.700532913208007812e-01
1.820000000000000000e+02,1.187936067581176758e+00,1.187936067581176758e+00,1.090169787406921387e+00,1.133761405944824219e+00,9.394334554672241211e-01,9.394334554672241211e-01,8.332312107086181641e-01,9.039265513420104980e-01,4.244536161422729492e-01,4.244536161422729492e-01,3.857041597366333008e-01,4.592032730579376221e-01,9.939585626125335693e-02,9.939585626125335693e-02,1.097788810729980469e-01,1.129195094108581543e-01,6.737251579761505127e-02,6.737251579761505127e-02,8.874936401844024658e-02,7.548020035028457642e-02,3.791786134243011475e-01,3.791786134243011475e-01,3.901612758636474609e-01,3.732047677040100098e-01,9.035421609878540039e-01,9.035421609878540039e-01,8.192316293716430664e-01,8.706178665161132812e-01
1.830000000000000000e+02,1.183493256568908691e+00,1.183493256568908691e+00,1.093417406082153320e+00,1.139149069786071777e+00,9.468621015548706055e-01,9.468621015548706055e-01,8.383342623710632324e-01,9.101181030273437500e-01,4.294418990612030029e-01,4.294418990612030029e-01,3.913425803184509277e-01,4.619520902633666992e-01,1.011552363634109497e-01,1.011552363634109497e-01,1.117487996816635132e-01,1.133428290486335754e-01,6.731963902711868286e-02,6.731963902711868286e-02,8.926311880350112915e-02,7.567035406827926636e-02,3.767459392547607422e-01,3.767459392547607422e-01,3.871806859970092773e-01,3.722289204597473145e-01,9.042199254035949707e-01,9.042199254035949707e-01,8.184123039245605469e-01,8.661972284317016602e-01
1.840000000000000000e+02,1.189095497131347656e+00,1.189095497131347656e+00,1.094950199127197266e+00,1.141418814659118652e+00,9.520111083984375000e-01,9.520111083984375000e-01,8.430016040802001953e-01,9.152531027793884277e-01,4.336433708667755127e-01,4.336433708667755127e-01,3.957985043525695801e-01,4.658038616180419922e-01,1.018712297081947327e-01,1.018712297081947327e-01,1.139941811561584473e-01,1.126680821180343628e-01,6.682031601667404175e-02,6.682031601667404175e-02,8.861991763114929199e-02,7.511891424655914307e-02,3.767794072628021240e-01,3.767794072628021240e-01,3.850843906402587891e-01,3.722425699234008789e-01,9.006959199905395508e-01,9.006959199905395508e-01,8.133922815322875977e-01,8.684945702552795410e-01
1.850000000000000000e+02,1.191279888153076172e+00,1.191279888153076172e+00,1.095994830131530762e+00,1.144596099853515625e+00,9.558619856834411621e-01,9.558619856834411621e-01,8.460799455642700195e-01,9.183303713798522949e-01,4.419918656349182129e-01,4.419918656349182129e-01,4.018898010253906250e-01,4.695150554180145264e-01,1.030948758125305176e-01,1.030948758125305176e-01,1.152749359607696533e-01,1.128794401884078979e-01,6.633033603429794312e-02,6.633033603429794312e-02,8.790346235036849976e-02,7.511048018932342529e-02,3.774196803569793701e-01,3.774196803569793701e-01,3.845509886741638184e-01,3.726561665534973145e-01,9.019291400909423828e-01,9.019291400909423828e-01,8.112858533859252930e-01,8.679584860801696777e-01
1.860000000000000000e+02,1.196439027786254883e+00,1.196439027786254883e+00,1.093792676925659180e+00,1.146376848220825195e+00,9.569835662841796875e-01,9.569835662841796875e-01,8.544889688491821289e-01,9.180611968040466309e-01,4.487128853797912598e-01,4.487128853797912598e-01,4.088134169578552246e-01,4.746444821357727051e-01,1.038201153278350830e-01,1.038201153278350830e-01,1.175748780369758606e-01,1.123952269554138184e-01,6.603002548217773438e-02,6.603002548217773438e-02,8.747370541095733643e-02,7.413864135742187500e-02,3.774526417255401611e-01,3.774526417255401611e-01,3.815428018569946289e-01,3.733432888984680176e-01,8.984007835388183594e-01,8.984007835388183594e-01,8.043979406356811523e-01,8.693311810493469238e-01
1.870000000000000000e+02,1.199600458145141602e+00,1.199600458145141602e+00,1.098883628845214844e+00,1.147839069366455078e+00,9.685462117195129395e-01,9.685462117195129395e-01,8.574756383895874023e-01,9.266344308853149414e-01,4.555455744266510010e-01,4.555455744266510010e-01,4.170100688934326172e-01,4.794468581676483154e-01,1.043355837464332581e-01,1.043355837464332581e-01,1.202196329832077026e-01,1.114644855260848999e-01,6.568494439125061035e-02,6.568494439125061035e-02,8.684793859720230103e-02,7.325218617916107178e-02,3.777167201042175293e-01,3.777167201042175293e-01,3.803363442420959473e-01,3.736775517463684082e-01,8.955782055854797363e-01,8.955782055854797363e-01,8.034701943397521973e-01,8.670141696929931641e-01
1.880000000000000000e+02,1.199253439903259277e+00,1.199253439903259277e+00,1.099822282791137695e+00,1.148526549339294434e+00,9.707283973693847656e-01,9.707283973693847656e-01,8.655636310577392578e-01,9.333255290985107422e-01,4.624578356742858887e-01,4.624578356742858887e-01,4.224752187728881836e-01,4.811174869537353516e-01,1.046351939439773560e-01,1.046351939439773560e-01,1.218034550547599792e-01,1.107712462544441223e-01,6.436790525913238525e-02,6.436790525913238525e-02,8.604047447443008423e-02,7.308375835418701172e-02,3.775068819522857666e-01,3.775068819522857666e-01,3.787980079650878906e-01,3.725693821907043457e-01,8.934283256530761719e-01,8.934283256530761719e-01,8.048024773597717285e-01,8.676759600639343262e-01
1.890000000000000000e+02,1.200162410736083984e+00,1.200162410736083984e+00,1.102610111236572266e+00,1.151244401931762695e+00,9.752517938613891602e-01,9.752517938613891602e-01,8.668996691703796387e-01,9.420602321624755859e-01,4.685862064361572266e-01,4.685862064361572266e-01,4.297181069850921631e-01,4.872884154319763184e-01,1.041783690452575684e-01,1.041783690452575684e-01,1.229302734136581421e-01,1.095564961433410645e-01,6.397666782140731812e-02,6.397666782140731812e-02,8.579771965742111206e-02,7.292453944683074951e-02,3.776906430721282959e-01,3.776906430721282959e-01,3.758934140205383301e-01,3.758672475814819336e-01,8.899360895156860352e-01,8.899360895156860352e-01,7.999023199081420898e-01,8.645840883255004883e-01
1.900000000000000000e+02,1.207190990447998047e+00,1.207190990447998047e+00,1.106562852859497070e+00,1.154816508293151855e+00,9.834350347518920898e-01,9.834350347518920898e-01,8.715959191322326660e-01,9.434791803359985352e-01,4.736061096191406250e-01,4.736061096191406250e-01,4.357279241085052490e-01,4.868415892124176025e-01,1.044598370790481567e-01,1.044598370790481567e-01,1.250739246606826782e-01,1.082690060138702393e-01,6.366200745105743408e-02,6.366200745105743408e-02,8.499576151371002197e-02,7.226467877626419067e-02,3.778756260871887207e-01,3.778756260871887207e-01,3.748611211776733398e-01,3.756843209266662598e-01,8.903110027313232422e-01,8.903110027313232422e-01,7.950037717819213867e-01,8.632223010063171387e-01
1.910000000000000000e+02,1.211514830589294434e+00,1.211514830589294434e+00,1.110926628112792969e+00,1.156054735183715820e+00,9.925295114517211914e-01,9.925295114517211914e-01,8.791216611862182617e-01,9.452472925186157227e-01,4.794770479202270508e-01,4.794770479202270508e-01,4.412101209163665771e-01,4.933916628360748291e-01,1.040656417608261108e-01,1.040656417608261108e-01,1.257480978965759277e-01,1.063409298658370972e-01,6.313981115818023682e-02,6.313981115818023682e-02,8.466018736362457275e-02,7.194885611534118652e-02,3.780100643634796143e-01,3.780100643634796143e-01,3.738947510719299316e-01,3.759187459945678711e-01,8.864274621009826660e-01,8.864274621009826660e-01,7.965137958526611328e-01,8.609626293182373047e-01
1.920000000000000000e+02,1.214224338531494141e+00,1.214224338531494141e+00,1.115195751190185547e+00,1.160394310951232910e+00,9.955334663391113281e-01,9.955334663391113281e-01,8.878303766250610352e-01,9.530851244926452637e-01,4.866462647914886475e-01,4.866462647914886475e-01,4.487370848655700684e-01,4.970999360084533691e-01,1.036319881677627563e-01,1.036319881677627563e-01,1.273802816867828369e-01,1.056562885642051697e-01,6.214261054992675781e-02,6.214261054992675781e-02,8.334857970476150513e-02,7.156261801719665527e-02,3.794414401054382324e-01,3.794414401054382324e-01,3.727626204490661621e-01,3.777563571929931641e-01,8.841879367828369141e-01,8.841879367828369141e-01,7.893436551094055176e-01,8.642358779907226562e-01
1.930000000000000000e+02,1.218656659126281738e+00,1.218656659126281738e+00,1.118310332298278809e+00,1.159854888916015625e+00,1.003607153892517090e+00,1.003607153892517090e+00,8.897147178649902344e-01,9.585368633270263672e-01,4.904898405075073242e-01,4.904898405075073242e-01,4.550964236259460449e-01,4.985248446464538574e-01,1.031408831477165222e-01,1.031408831477165222e-01,1.276323795318603516e-01,1.035367622971534729e-01,6.213687732815742493e-02,6.213687732815742493e-02,8.271892368793487549e-02,7.064844667911529541e-02,3.777377605438232422e-01,3.777377605438232422e-01,3.721626996994018555e-01,3.803946375846862793e-01,8.837170600891113281e-01,8.837170600891113281e-01,7.876978516578674316e-01,8.619100451469421387e-01
1.940000000000000000e+02,1.220162510871887207e+00,1.220162510871887207e+00,1.124145627021789551e+00,1.166308045387268066e+00,1.008373260498046875e+00,1.008373260498046875e+00,8.967880606651306152e-01,9.643168449401855469e-01,4.972983598709106445e-01,4.972983598709106445e-01,4.615725576877593994e-01,5.019477605819702148e-01,1.013937294483184814e-01,1.013937294483184814e-01,1.280251741409301758e-01,1.009779497981071472e-01,6.111464649438858032e-02,6.111464649438858032e-02,8.153155446052551270e-02,6.987546384334564209e-02,3.794494569301605225e-01,3.794494569301605225e-01,3.709308803081512451e-01,3.794999122619628906e-01,8.788878917694091797e-01,8.788878917694091797e-01,7.878766059875488281e-01,8.581237792968750000e-01
1.950000000000000000e+02,1.226510047912597656e+00,1.226510047912597656e+00,1.125357985496520996e+00,1.170868635177612305e+00,1.013986825942993164e+00,1.013986825942993164e+00,9.019271135330200195e-01,9.674621224403381348e-01,5.043894648551940918e-01,5.043894648551940918e-01,4.652920067310333252e-01,5.041688680648803711e-01,1.005138605833053589e-01,1.005138605833053589e-01,1.278205662965774536e-01,9.834675490856170654e-02,6.038317084312438965e-02,6.038317084312438965e-02,8.099572360515594482e-02,6.993535161018371582e-02,3.821589946746826172e-01,3.821589946746826172e-01,3.672163486480712891e-01,3.814779818058013916e-01,8.783619403839111328e-01,8.783619403839111328e-01,7.791590690612792969e-01,8.610407114028930664e-01
1.960000000000000000e+02,1.224045515060424805e+00,1.224045515060424805e+00,1.131088256835937500e+00,1.173100471496582031e+00,1.019587159156799316e+00,1.019587159156799316e+00,9.087829589843750000e-01,9.715851545333862305e-01,5.083484649658203125e-01,5.083484649658203125e-01,4.710412621498107910e-01,5.076651573181152344e-01,9.969686716794967651e-02,9.969686716794967651e-02,1.277907192707061768e-01,9.625797718763351440e-02,5.954831466078758240e-02,5.954831466078758240e-02,8.123048394918441772e-02,6.927356123924255371e-02,3.821976184844970703e-01,3.821976184844970703e-01,3.683772385120391846e-01,3.832298517227172852e-01,8.786652088165283203e-01,8.786652088165283203e-01,7.817332744598388672e-01,8.613952398300170898e-01
1.970000000000000000e+02,1.234685778617858887e+00,1.234685778617858887e+00,1.134897470474243164e+00,1.176041364669799805e+00,1.023285627365112305e+00,1.023285627365112305e+00,9.119127988815307617e-01,9.715269207954406738e-01,5.146802663803100586e-01,5.146802663803100586e-01,4.776543378829956055e-01,5.092964172363281250e-01,9.778474271297454834e-02,9.778474271297454834e-02,1.270312070846557617e-01,9.345352649688720703e-02,5.917547643184661865e-02,5.917547643184661865e-02,8.029247820377349854e-02,6.928674131631851196e-02,3.830164074897766113e-01,3.830164074897766113e-01,3.667384982109069824e-01,3.838435411453247070e-01,8.736999034881591797e-01,8.736999034881591797e-01,7.803681492805480957e-01,8.572484850883483887e-01
1.980000000000000000e+02,1.236679315567016602e+00,1.236679315567016602e+00,1.136925220489501953e+00,1.181154131889343262e+00,1.028790950775146484e+00,1.028790950775146484e+00,9.208078384399414062e-01,9.761443138122558594e-01,5.186796188354492188e-01,5.186796188354492188e-01,4.823828339576721191e-01,5.128890275955200195e-01,9.583298116922378540e-02,9.583298116922378540e-02,1.258831024169921875e-01,9.132233262062072754e-02,5.847945809364318848e-02,5.847945809364318848e-02,7.968172430992126465e-02,6.843955814838409424e-02,3.828195035457611084e-01,3.828195035457611084e-01,3.638865351676940918e-01,3.865255713462829590e-01,8.743416666984558105e-01,8.743416666984558105e-01,7.764174938201904297e-01,8.571302890777587891e-01
1.990000000000000000e+02,1.247433185577392578e+00,1.247433185577392578e+00,1.143003582954406738e+00,1.186334729194641113e+00,1.037560343742370605e+00,1.037560343742370605e+00,9.261639118194580078e-01,9.871978759765625000e-01,5.210475325584411621e-01,5.210475325584411621e-01,4.881954491138458252e-01,5.134009718894958496e-01,9.416551142930984497e-02,9.416551142930984497e-02,1.260306537151336670e-01,8.827830851078033447e-02,5.756886675953865051e-02,5.756886675953865051e-02,7.930106669664382935e-02,6.842629611492156982e-02,3.819455504417419434e-01,3.819455504417419434e-01,3.630167245864868164e-01,3.852525949478149414e-01,8.740998506546020508e-01,8.740998506546020508e-01,7.744617462158203125e-01,8.585065007209777832e-01
2.000000000000000000e+02,1.245449781417846680e+00,1.245449781417846680e+00,1.146113395690917969e+00,1.192071795463562012e+00,1.039525985717773438e+00,1.039525985717773438e+00,9.290581941604614258e-01,9.904109239578247070e-01,5.267534255981445312e-01,5.267534255981445312e-01,4.911599159240722656e-01,5.160483121871948242e-01,9.224098175764083862e-02,9.224098175764083862e-02,1.250134110450744629e-01,8.587247133255004883e-02,5.701651424169540405e-02,5.701651424169540405e-02,7.871888577938079834e-02,6.752349436283111572e-02,3.841429948806762695e-01,3.841429948806762695e-01,3.638443350791931152e-01,3.888035714626312256e-01,8.729636669158935547e-01,8.729636669158935547e-01,7.753639221191406250e-01,8.598966002464294434e-01
2.010000000000000000e+02,1.251273393630981445e+00,1.251273393630981445e+00,1.154932260513305664e+00,1.195226669311523438e+00,1.046841621398925781e+00,1.046841621398925781e+00,9.361790418624877930e-01,9.953578710556030273e-01,5.311498641967773438e-01,5.311498641967773438e-01,4.954857826232910156e-01,5.167380571365356445e-01,8.976075053215026855e-02,8.976075053215026855e-02,1.234772577881813049e-01,8.330477029085159302e-02,5.602835118770599365e-02,5.602835118770599365e-02,7.805958390235900879e-02,6.751895695924758911e-02,3.844503164291381836e-01,3.844503164291381836e-01,3.644496798515319824e-01,3.872725367546081543e-01,8.741755485534667969e-01,8.741755485534667969e-01,7.729558944702148438e-01,8.604016304016113281e-01
2.020000000000000000e+02,1.260881423950195312e+00,1.260881423950195312e+00,1.159447789192199707e+00,1.199483156204223633e+00,1.052785277366638184e+00,1.052785277366638184e+00,9.343099594116210938e-01,9.974974989891052246e-01,5.331212282180786133e-01,5.331212282180786133e-01,5.007578730583190918e-01,5.172345638275146484e-01,8.781458437442779541e-02,8.781458437442779541e-02,1.227196007966995239e-01,8.021183311939239502e-02,5.532167851924896240e-02,5.532167851924896240e-02,7.743839919567108154e-02,6.688082963228225708e-02,3.836197853088378906e-01,3.836197853088378906e-01,3.621391057968139648e-01,3.898752331733703613e-01,8.739676475524902344e-01,8.739676475524902344e-01,7.724947929382324219e-01,8.552695512771606445e-01
2.030000000000000000e+02,1.257071256637573242e+00,1.257071256637573242e+00,1.163579463958740234e+00,1.201004385948181152e+00,1.056956887245178223e+00,1.056956887245178223e+00,9.466955661773681641e-01,1.003689527511596680e+00,5.358819961547851562e-01,5.358819961547851562e-01,5.043046474456787109e-01,5.185526013374328613e-01,8.555632829666137695e-02,8.555632829666137695e-02,1.209172457456588745e-01,7.717210799455642700e-02,5.449371039867401123e-02,5.449371039867401123e-02,7.713869959115982056e-02,6.563571095466613770e-02,3.841468095779418945e-01,3.841468095779418945e-01,3.606792092323303223e-01,3.920264840126037598e-01,8.727416992187500000e-01,8.727416992187500000e-01,7.700691819190979004e-01,8.587049245834350586e-01
2.040000000000000000e+02,1.265661716461181641e+00,1.265661716461181641e+00,1.170995712280273438e+00,1.210755586624145508e+00,1.061445236206054688e+00,1.061445236206054688e+00,9.482941627502441406e-01,1.002706766128540039e+00,5.382604002952575684e-01,5.382604002952575684e-01,5.079736709594726562e-01,5.194453001022338867e-01,8.271105587482452393e-02,8.271105587482452393e-02,1.193567812442779541e-01,7.467918097972869873e-02,5.366855859756469727e-02,5.366855859756469727e-02,7.631987333297729492e-02,6.544950604438781738e-02,3.837945461273193359e-01,3.837945461273193359e-01,3.592420816421508789e-01,3.921433985233306885e-01,8.732544183731079102e-01,8.732544183731079102e-01,7.733016014099121094e-01,8.567372560501098633e-01
2.050000000000000000e+02,1.276072263717651367e+00,1.276072263717651367e+00,1.175650000572204590e+00,1.215398430824279785e+00,1.063527345657348633e+00,1.063527345657348633e+00,9.490074515342712402e-01,1.011847496032714844e+00,5.422321557998657227e-01,5.422321557998657227e-01,5.118604898452758789e-01,5.211907625198364258e-01,8.000641316175460815e-02,8.000641316175460815e-02,1.170502901077270508e-01,7.263635843992233276e-02,5.255598202347755432e-02,5.255598202347755432e-02,7.565338164567947388e-02,6.506389379501342773e-02,3.857696056365966797e-01,3.857696056365966797e-01,3.595248460769653320e-01,3.949723839759826660e-01,8.719373941421508789e-01,8.719373941421508789e-01,7.726593017578125000e-01,8.566318154335021973e-01
2.060000000000000000e+02,1.279308676719665527e+00,1.279308676719665527e+00,1.179647445678710938e+00,1.218220233917236328e+00,1.065919756889343262e+00,1.065919756889343262e+00,9.571299552917480469e-01,1.014151334762573242e+00,5.442389249801635742e-01,5.442389249801635742e-01,5.144905447959899902e-01,5.210642814636230469e-01,7.772127538919448853e-02,7.772127538919448853e-02,1.155041754245758057e-01,7.032909989356994629e-02,5.145620554685592651e-02,5.145620554685592651e-02,7.548812031745910645e-02,6.462030112743377686e-02,3.859275579452514648e-01,3.859275579452514648e-01,3.565104305744171143e-01,3.952216207981109619e-01,8.730642795562744141e-01,8.730642795562744141e-01,7.731589674949645996e-01,8.541713953018188477e-01
2.070000000000000000e+02,1.286467552185058594e+00,1.286467552185058594e+00,1.186821818351745605e+00,1.221253156661987305e+00,1.072987079620361328e+00,1.072987079620361328e+00,9.605479240417480469e-01,1.021219491958618164e+00,5.452852845191955566e-01,5.452852845191955566e-01,5.170477032661437988e-01,5.200439691543579102e-01,7.529389858245849609e-02,7.529389858245849609e-02,1.130091995000839233e-01,6.734592467546463013e-02,5.116545781493186951e-02,5.116545781493186951e-02,7.471673190593719482e-02,6.332664191722869873e-02,3.858229219913482666e-01,3.858229219913482666e-01,3.569544851779937744e-01,3.958080708980560303e-01,8.724687099456787109e-01,8.724687099456787109e-01,7.731127738952636719e-01,8.537669181823730469e-01
2.080000000000000000e+02,1.292328476905822754e+00,1.292328476905822754e+00,1.193571567535400391e+00,1.229221940040588379e+00,1.077925562858581543e+00,1.077925562858581543e+00,9.659183025360107422e-01,1.018378376960754395e+00,5.479783415794372559e-01,5.479783415794372559e-01,5.213778018951416016e-01,5.202198028564453125e-01,7.256177067756652832e-02,7.256177067756652832e-02,1.116081476211547852e-01,6.639131903648376465e-02,5.057222396135330200e-02,5.057222396135330200e-02,7.417774945497512817e-02,6.397483497858047485e-02,3.856774270534515381e-01,3.856774270534515381e-01,3.560545444488525391e-01,3.977336883544921875e-01,8.719749450683593750e-01,8.719749450683593750e-01,7.745916843414306641e-01,8.516048192977905273e-01
2.090000000000000000e+02,1.294430971145629883e+00,1.294430971145629883e+00,1.199124336242675781e+00,1.232529401779174805e+00,1.082548260688781738e+00,1.082548260688781738e+00,9.726303219795227051e-01,1.026355743408203125e+00,5.454215407371520996e-01,5.454215407371520996e-01,5.232465863227844238e-01,5.177659392356872559e-01,7.122267782688140869e-02,7.122267782688140869e-02,1.090740114450454712e-01,6.411830335855484009e-02,5.014042928814888000e-02,5.014042928814888000e-02,7.387074828147888184e-02,6.385992467403411865e-02,3.837608098983764648e-01,3.837608098983764648e-01,3.550149202346801758e-01,3.962081074714660645e-01,8.736467361450195312e-01,8.736467361450195312e-01,7.760863304138183594e-01,8.599367141723632812e-01
2.100000000000000000e+02,1.302296161651611328e+00,1.302296161651611328e+00,1.205201148986816406e+00,1.239401817321777344e+00,1.082774639129638672e+00,1.082774639129638672e+00,9.793961048126220703e-01,1.023430466651916504e+00,5.476091504096984863e-01,5.476091504096984863e-01,5.242491960525512695e-01,5.189340114593505859e-01,6.887026131153106689e-02,6.887026131153106689e-02,1.068319529294967651e-01,6.266270577907562256e-02,4.973062127828598022e-02,4.973062127828598022e-02,7.362742722034454346e-02,6.349327415227890015e-02,3.842160403728485107e-01,3.842160403728485107e-01,3.530685901641845703e-01,3.986628949642181396e-01,8.767416477203369141e-01,8.767416477203369141e-01,7.778244018554687500e-01,8.525782227516174316e-01
2.110000000000000000e+02,1.310633420944213867e+00,1.310633420944213867e+00,1.208217620849609375e+00,1.236352920532226562e+00,1.087437510490417480e+00,1.087437510490417480e+00,9.782392978668212891e-01,1.026746273040771484e+00,5.478612780570983887e-01,5.478612780570983887e-01,5.269916057586669922e-01,5.169690251350402832e-01,6.697873771190643311e-02,6.697873771190643311e-02,1.043237745761871338e-01,6.173180788755416870e-02,4.900968819856643677e-02,4.900968819856643677e-02,7.295024394989013672e-02,6.346311420202255249e-02,3.851899802684783936e-01,3.851899802684783936e-01,3.518079817295074463e-01,3.998075127601623535e-01,8.787115216255187988e-01,8.787115216255187988e-01,7.823252081871032715e-01,8.580403327941894531e-01
2.120000000000000000e+02,1.315516352653503418e+00,1.315516352653503418e+00,1.214059829711914062e+00,1.248521685600280762e+00,1.093300104141235352e+00,1.093300104141235352e+00,9.872583150863647461e-01,1.032103061676025391e+00,5.481646060943603516e-01,5.481646060943603516e-01,5.293588638305664062e-01,5.158186554908752441e-01,6.503900885581970215e-02,6.503900885581970215e-02,1.018651202321052551e-01,5.942617356777191162e-02,4.911520332098007202e-02,4.911520332098007202e-02,7.293532788753509521e-02,6.331595033407211304e-02,3.842917084693908691e-01,3.842917084693908691e-01,3.500717282295227051e-01,4.012659192085266113e-01,8.814647197723388672e-01,8.814647197723388672e-01,7.850334644317626953e-01,8.588095307350158691e-01
2.130000000000000000e+02,1.316034197807312012e+00,1.316034197807312012e+00,1.223598718643188477e+00,1.252574324607849121e+00,1.094629526138305664e+00,1.094629526138305664e+00,9.911840558052062988e-01,1.036497354507446289e+00,5.478310585021972656e-01,5.478310585021972656e-01,5.299260616302490234e-01,5.133740305900573730e-01,6.249281764030456543e-02,6.249281764030456543e-02,9.920312464237213135e-02,5.866020172834396362e-02,4.856219142675399780e-02,4.856219142675399780e-02,7.268008589744567871e-02,6.422008574008941650e-02,3.848254680633544922e-01,3.848254680633544922e-01,3.513154685497283936e-01,4.029246568679809570e-01,8.781776428222656250e-01,8.781776428222656250e-01,7.834795713424682617e-01,8.622969985008239746e-01
2.140000000000000000e+02,1.325764775276184082e+00,1.325764775276184082e+00,1.221626758575439453e+00,1.253189921379089355e+00,1.101749658584594727e+00,1.101749658584594727e+00,9.920752048492431641e-01,1.037742376327514648e+00,5.487620830535888672e-01,5.487620830535888672e-01,5.306050181388854980e-01,5.120906233787536621e-01,6.136326864361763000e-02,6.136326864361763000e-02,9.673593938350677490e-02,5.782131850719451904e-02,4.880506545305252075e-02,4.880506545305252075e-02,7.184643298387527466e-02,6.408132612705230713e-02,3.856232166290283203e-01,3.856232166290283203e-01,3.499072492122650146e-01,4.025072753429412842e-01,8.850229978561401367e-01,8.850229978561401367e-01,7.905630469322204590e-01,8.613404631614685059e-01
2.150000000000000000e+02,1.332591056823730469e+00,1.332591056823730469e+00,1.230334281921386719e+00,1.261098861694335938e+00,1.100364685058593750e+00,1.100364685058593750e+00,1.000752925872802734e+00,1.042702078819274902e+00,5.461075305938720703e-01,5.461075305938720703e-01,5.296402573585510254e-01,5.081903934478759766e-01,5.964275449514389038e-02,5.964275449514389038e-02,9.406666457653045654e-02,5.679510161280632019e-02,4.843124747276306152e-02,4.843124747276306152e-02,7.210262119770050049e-02,6.474890559911727905e-02,3.845335841178894043e-01,3.845335841178894043e-01,3.489000201225280762e-01,4.033294618129730225e-01,8.885938525199890137e-01,8.885938525199890137e-01,7.948753237724304199e-01,8.621183037757873535e-01
2.160000000000000000e+02,1.334406137466430664e+00,1.334406137466430664e+00,1.238039255142211914e+00,1.264533042907714844e+00,1.108700275421142578e+00,1.108700275421142578e+00,1.003702878952026367e+00,1.041817069053649902e+00,5.448238849639892578e-01,5.448238849639892578e-01,5.304255485534667969e-01,5.068377256393432617e-01,5.846919119358062744e-02,5.846919119358062744e-02,9.055435657501220703e-02,5.573935806751251221e-02,4.861174896359443665e-02,4.861174896359443665e-02,7.212291657924652100e-02,6.506071239709854126e-02,3.844463825225830078e-01,3.844463825225830078e-01,3.481025695800781250e-01,4.038829207420349121e-01,8.894690871238708496e-01,8.894690871238708496e-01,7.996513247489929199e-01,8.594566583633422852e-01
2.170000000000000000e+02,1.344395399093627930e+00,1.344395399093627930e+00,1.242425084114074707e+00,1.270294189453125000e+00,1.107924222946166992e+00,1.107924222946166992e+00,1.006270647048950195e+00,1.048504352569580078e+00,5.438469052314758301e-01,5.438469052314758301e-01,5.308055877685546875e-01,5.041679143905639648e-01,5.726577341556549072e-02,5.726577341556549072e-02,8.923877030611038208e-02,5.582671239972114563e-02,4.888989776372909546e-02,4.888989776372909546e-02,7.180692255496978760e-02,6.609101593494415283e-02,3.831516802310943604e-01,3.831516802310943604e-01,3.449612557888031006e-01,4.041214585304260254e-01,8.920171260833740234e-01,8.920171260833740234e-01,8.045686483383178711e-01,8.654321432113647461e-01
2.180000000000000000e+02,1.346053004264831543e+00,1.346053004264831543e+00,1.249396562576293945e+00,1.274388551712036133e+00,1.115118026733398438e+00,1.115118026733398438e+00,1.012364745140075684e+00,1.049570083618164062e+00,5.438369512557983398e-01,5.438369512557983398e-01,5.294979810714721680e-01,5.009978413581848145e-01,5.637013912200927734e-02,5.637013912200927734e-02,8.664050698280334473e-02,5.555418878793716431e-02,4.897688329219818115e-02,4.897688329219818115e-02,7.179029285907745361e-02,6.627720594406127930e-02,3.843853473663330078e-01,3.843853473663330078e-01,3.451283276081085205e-01,4.056735932826995850e-01,8.977469205856323242e-01,8.977469205856323242e-01,8.064838647842407227e-01,8.697406053543090820e-01
2.190000000000000000e+02,1.354325056076049805e+00,1.354325056076049805e+00,1.255732059478759766e+00,1.277125120162963867e+00,1.118895649909973145e+00,1.118895649909973145e+00,1.012720584869384766e+00,1.050511837005615234e+00,5.421561002731323242e-01,5.421561002731323242e-01,5.301908850669860840e-01,4.986365437507629395e-01,5.532533675432205200e-02,5.532533675432205200e-02,8.423738181591033936e-02,5.538356676697731018e-02,4.883144423365592957e-02,4.883144423365592957e-02,7.120208442211151123e-02,6.745921075344085693e-02,3.839458227157592773e-01,3.839458227157592773e-01,3.439834117889404297e-01,4.053828120231628418e-01,9.026576876640319824e-01,9.026576876640319824e-01,8.111420869827270508e-01,8.721903562545776367e-01
2.200000000000000000e+02,1.358705639839172363e+00,1.358705639839172363e+00,1.257650256156921387e+00,1.287207722663879395e+00,1.121732711791992188e+00,1.121732711791992188e+00,1.018435955047607422e+00,1.053418159484863281e+00,5.401841402053833008e-01,5.401841402053833008e-01,5.321029424667358398e-01,4.937384128570556641e-01,5.453673750162124634e-02,5.453673750162124634e-02,8.295583724975585938e-02,5.575020238757133484e-02,4.900489747524261475e-02,4.900489747524261475e-02,7.126277685165405273e-02,6.797528266906738281e-02,3.838922679424285889e-01,3.838922679424285889e-01,3.421593308448791504e-01,4.042577743530273438e-01,9.075586795806884766e-01,9.075586795806884766e-01,8.181411027908325195e-01,8.738950490951538086e-01
2.210000000000000000e+02,1.362011194229125977e+00,1.362011194229125977e+00,1.266450881958007812e+00,1.287769436836242676e+00,1.123527050018310547e+00,1.123527050018310547e+00,1.021371126174926758e+00,1.055856823921203613e+00,5.370912551879882812e-01,5.370912551879882812e-01,5.301474332809448242e-01,4.927013218402862549e-01,5.412022769451141357e-02,5.412022769451141357e-02,8.137334138154983521e-02,5.525265261530876160e-02,4.985032230615615845e-02,4.985032230615615845e-02,7.144699990749359131e-02,6.924563646316528320e-02,3.829362988471984863e-01,3.829362988471984863e-01,3.393597900867462158e-01,4.047874808311462402e-01,9.099748730659484863e-01,9.099748730659484863e-01,8.227701187133789062e-01,8.729379773139953613e-01
2.220000000000000000e+02,1.368055343627929688e+00,1.368055343627929688e+00,1.272549629211425781e+00,1.293001651763916016e+00,1.127364873886108398e+00,1.127364873886108398e+00,1.026521563529968262e+00,1.056575536727905273e+00,5.367699861526489258e-01,5.367699861526489258e-01,5.296361446380615234e-01,4.902389049530029297e-01,5.383489653468132019e-02,5.383489653468132019e-02,7.901453971862792969e-02,5.636632442474365234e-02,5.014899745583534241e-02,5.014899745583534241e-02,7.099896669387817383e-02,6.864390522241592407e-02,3.821853101253509521e-01,3.821853101253509521e-01,3.400401473045349121e-01,4.057678282260894775e-01,9.134882688522338867e-01,9.134882688522338867e-01,8.269932270050048828e-01,8.790194988250732422e-01
2.230000000000000000e+02,1.377339720726013184e+00,1.377339720726013184e+00,1.277515172958374023e+00,1.301203250885009766e+00,1.128751277923583984e+00,1.128751277923583984e+00,1.029946327209472656e+00,1.057145953178405762e+00,5.352510213851928711e-01,5.352510213851928711e-01,5.276592969894409180e-01,4.876271486282348633e-01,5.380843952298164368e-02,5.380843952298164368e-02,7.797266542911529541e-02,5.683619529008865356e-02,5.112854018807411194e-02,5.112854018807411194e-02,7.068651914596557617e-02,7.021106779575347900e-02,3.830121159553527832e-01,3.830121159553527832e-01,3.396934270858764648e-01,4.072685241699218750e-01,9.187874197959899902e-01,9.187874197959899902e-01,8.322377204895019531e-01,8.766088485717773438e-01
2.240000000000000000e+02,1.382748365402221680e+00,1.382748365402221680e+00,1.279784798622131348e+00,1.300459265708923340e+00,1.135551929473876953e+00,1.135551929473876953e+00,1.034809947013854980e+00,1.062055945396423340e+00,5.324997901916503906e-01,5.324997901916503906e-01,5.283097028732299805e-01,4.831324815750122070e-01,5.398076400160789490e-02,5.398076400160789490e-02,7.707824558019638062e-02,5.841788649559020996e-02,5.080633610486984253e-02,5.080633610486984253e-02,7.096680998802185059e-02,7.134900242090225220e-02,3.821421563625335693e-01,3.821421563625335693e-01,3.382433056831359863e-01,4.069158434867858887e-01,9.221661090850830078e-01,9.221661090850830078e-01,8.394213914871215820e-01,8.818799853324890137e-01
2.250000000000000000e+02,1.383045554161071777e+00,1.383045554161071777e+00,1.286521553993225098e+00,1.312982797622680664e+00,1.139011263847351074e+00,1.139011263847351074e+00,1.033421277999877930e+00,1.058736443519592285e+00,5.316987037658691406e-01,5.316987037658691406e-01,5.271375179290771484e-01,4.804837703704833984e-01,5.402210727334022522e-02,5.402210727334022522e-02,7.598642259836196899e-02,5.912008881568908691e-02,5.193347483873367310e-02,5.193347483873367310e-02,7.044108211994171143e-02,7.301196455955505371e-02,3.818429112434387207e-01,3.818429112434387207e-01,3.355114459991455078e-01,4.049670100212097168e-01,9.285874366760253906e-01,9.285874366760253906e-01,8.455544114112854004e-01,8.820483684539794922e-01
2.260000000000000000e+02,1.391493558883666992e+00,1.391493558883666992e+00,1.287603259086608887e+00,1.308628559112548828e+00,1.140276908874511719e+00,1.140276908874511719e+00,1.040190935134887695e+00,1.062558650970458984e+00,5.290285348892211914e-01,5.290285348892211914e-01,5.263494253158569336e-01,4.766462743282318115e-01,5.482598394155502319e-02,5.482598394155502319e-02,7.459171116352081299e-02,6.113951653242111206e-02,5.321734398603439331e-02,5.321734398603439331e-02,7.111608982086181641e-02,7.381437718868255615e-02,3.793767690658569336e-01,3.793767690658569336e-01,3.330896496772766113e-01,4.052004218101501465e-01,9.344496130943298340e-01,9.344496130943298340e-01,8.512893915176391602e-01,8.888291120529174805e-01
2.270000000000000000e+02,1.397296190261840820e+00,1.397296190261840820e+00,1.293862104415893555e+00,1.319982767105102539e+00,1.146095037460327148e+00,1.146095037460327148e+00,1.045893073081970215e+00,1.069590449333190918e+00,5.242928266525268555e-01,5.242928266525268555e-01,5.232791304588317871e-01,4.748778939247131348e-01,5.487619340419769287e-02,5.487619340419769287e-02,7.377406954765319824e-02,6.305509805679321289e-02,5.411807820200920105e-02,5.411807820200920105e-02,7.105458527803421021e-02,7.544234395027160645e-02,3.765257298946380615e-01,3.765257298946380615e-01,3.326729536056518555e-01,4.054823517799377441e-01,9.399613142013549805e-01,9.399613142013549805e-01,8.557528853416442871e-01,8.917429447174072266e-01
2.280000000000000000e+02,1.404582500457763672e+00,1.404582500457763672e+00,1.298359870910644531e+00,1.324473619461059570e+00,1.147625923156738281e+00,1.147625923156738281e+00,1.048730373382568359e+00,1.070593833923339844e+00,5.230270624160766602e-01,5.230270624160766602e-01,5.228031277656555176e-01,4.726763069629669189e-01,5.492360889911651611e-02,5.492360889911651611e-02,7.320821285247802734e-02,6.499469280242919922e-02,5.466369166970252991e-02,5.466369166970252991e-02,7.074481993913650513e-02,7.650851458311080933e-02,3.776444494724273682e-01,3.776444494724273682e-01,3.321529626846313477e-01,4.032163619995117188e-01,9.403280019760131836e-01,9.403280019760131836e-01,8.617812395095825195e-01,8.917566537857055664e-01
2.290000000000000000e+02,1.409083604812622070e+00,1.409083604812622070e+00,1.309341907501220703e+00,1.331307888031005859e+00,1.147342681884765625e+00,1.147342681884765625e+00,1.053221225738525391e+00,1.071928620338439941e+00,5.205724239349365234e-01,5.205724239349365234e-01,5.221056938171386719e-01,4.686827659606933594e-01,5.646211281418800354e-02,5.646211281418800354e-02,7.245518267154693604e-02,6.699678301811218262e-02,5.606855452060699463e-02,5.606855452060699463e-02,7.039827108383178711e-02,7.731270790100097656e-02,3.757971525192260742e-01,3.757971525192260742e-01,3.293901085853576660e-01,4.047886133193969727e-01,9.489992856979370117e-01,9.489992856979370117e-01,8.690915703773498535e-01,8.973525166511535645e-01
2.300000000000000000e+02,1.411050319671630859e+00,1.411050319671630859e+00,1.308386802673339844e+00,1.331768512725830078e+00,1.156394958496093750e+00,1.156394958496093750e+00,1.054425716400146484e+00,1.073034286499023438e+00,5.192338228225708008e-01,5.192338228225708008e-01,5.173674225807189941e-01,4.677941501140594482e-01,5.725314095616340637e-02,5.725314095616340637e-02,7.113665342330932617e-02,6.889253109693527222e-02,5.718152225017547607e-02,5.718152225017547607e-02,7.117304205894470215e-02,7.878448069095611572e-02,3.758207857608795166e-01,3.758207857608795166e-01,3.283097445964813232e-01,4.045116007328033447e-01,9.547562003135681152e-01,9.547562003135681152e-01,8.761377930641174316e-01,8.998624682426452637e-01
2.310000000000000000e+02,1.411450862884521484e+00,1.411450862884521484e+00,1.315218210220336914e+00,1.336887836456298828e+00,1.157032489776611328e+00,1.157032489776611328e+00,1.060723185539245605e+00,1.076792478561401367e+00,5.158467292785644531e-01,5.158467292785644531e-01,5.150187015533447266e-01,4.642776846885681152e-01,5.895806103944778442e-02,5.895806103944778442e-02,7.071387767791748047e-02,7.137712836265563965e-02,5.846146494150161743e-02,5.846146494150161743e-02,7.057817280292510986e-02,8.067102730274200439e-02,3.741616904735565186e-01,3.741616904735565186e-01,3.244355916976928711e-01,4.042729735374450684e-01,9.622935056686401367e-01,9.622935056686401367e-01,8.777680397033691406e-01,9.042472839355468750e-01
2.320000000000000000e+02,1.420805335044860840e+00,1.420805335044860840e+00,1.317941665649414062e+00,1.338233232498168945e+00,1.165524005889892578e+00,1.165524005889892578e+00,1.066569685935974121e+00,1.081422328948974609e+00,5.120084285736083984e-01,5.120084285736083984e-01,5.179414153099060059e-01,4.608303308486938477e-01,6.096950173377990723e-02,6.096950173377990723e-02,6.872077286243438721e-02,7.424868643283843994e-02,5.937618017196655273e-02,5.937618017196655273e-02,7.055094093084335327e-02,8.155688643455505371e-02,3.718894124031066895e-01,3.718894124031066895e-01,3.256805241107940674e-01,4.030611217021942139e-01,9.695696830749511719e-01,9.695696830749511719e-01,8.868930339813232422e-01,9.078767299652099609e-01
2.330000000000000000e+02,1.422137618064880371e+00,1.422137618064880371e+00,1.325530290603637695e+00,1.344835042953491211e+00,1.168513178825378418e+00,1.168513178825378418e+00,1.065958023071289062e+00,1.078415155410766602e+00,5.108164548873901367e-01,5.108164548873901367e-01,5.151976346969604492e-01,4.587275981903076172e-01,6.243620067834854126e-02,6.243620067834854126e-02,6.900756061077117920e-02,7.639595866203308105e-02,6.069183349609375000e-02,6.069183349609375000e-02,7.055889070034027100e-02,8.279663324356079102e-02,3.711397051811218262e-01,3.711397051811218262e-01,3.245943784713745117e-01,4.032318890094757080e-01,9.728471040725708008e-01,9.728471040725708008e-01,8.954416513442993164e-01,9.134973287582397461e-01
2.340000000000000000e+02,1.426512002944946289e+00,1.426512002944946289e+00,1.329350233078002930e+00,1.349262118339538574e+00,1.171452283859252930e+00,1.171452283859252930e+00,1.070236682891845703e+00,1.085345864295959473e+00,5.064346790313720703e-01,5.064346790313720703e-01,5.105723142623901367e-01,4.557031095027923584e-01,6.394557654857635498e-02,6.394557654857635498e-02,6.810717284679412842e-02,7.889842987060546875e-02,6.193574890494346619e-02,6.193574890494346619e-02,7.007965445518493652e-02,8.456557244062423706e-02,3.684226274490356445e-01,3.684226274490356445e-01,3.225907087326049805e-01,4.026470780372619629e-01,9.782881736755371094e-01,9.782881736755371094e-01,9.012345671653747559e-01,9.114125967025756836e-01
2.350000000000000000e+02,1.434552907943725586e+00,1.434552907943725586e+00,1.332503318786621094e+00,1.354941368103027344e+00,1.172170639038085938e+00,1.172170639038085938e+00,1.074310779571533203e+00,1.082227110862731934e+00,5.047731995582580566e-01,5.047731995582580566e-01,5.115036368370056152e-01,4.537435770034790039e-01,6.567443907260894775e-02,6.567443907260894775e-02,6.802749633789062500e-02,8.118643611669540405e-02,6.286086142063140869e-02,6.286086142063140869e-02,7.012110948562622070e-02,8.579771220684051514e-02,3.687598705291748047e-01,3.687598705291748047e-01,3.182759582996368408e-01,4.015412926673889160e-01,9.861980080604553223e-01,9.861980080604553223e-01,9.077769517898559570e-01,9.169760942459106445e-01
2.360000000000000000e+02,1.442677497863769531e+00,1.442677497863769531e+00,1.336974859237670898e+00,1.357302427291870117e+00,1.175309896469116211e+00,1.175309896469116211e+00,1.074266076087951660e+00,1.085808038711547852e+00,5.009312629699707031e-01,5.009312629699707031e-01,5.063356757164001465e-01,4.498164057731628418e-01,6.653034687042236328e-02,6.653034687042236328e-02,6.735115498304367065e-02,8.353883028030395508e-02,6.372516602277755737e-02,6.372516602277755737e-02,7.028289139270782471e-02,8.711107820272445679e-02,3.669623136520385742e-01,3.669623136520385742e-01,3.200476169586181641e-01,4.013007879257202148e-01,9.919897913932800293e-01,9.919897913932800293e-01,9.115085601806640625e-01,9.221290946006774902e-01
2.370000000000000000e+02,1.444772958755493164e+00,1.444772958755493164e+00,1.343036890029907227e+00,1.362836122512817383e+00,1.178946256637573242e+00,1.178946256637573242e+00,1.080981850624084473e+00,1.091566801071166992e+00,4.974707365036010742e-01,4.974707365036010742e-01,5.057138204574584961e-01,4.488876461982727051e-01,6.790187954902648926e-02,6.790187954902648926e-02,6.685300916433334351e-02,8.615018427371978760e-02,6.518380343914031982e-02,6.518380343914031982e-02,7.002606242895126343e-02,8.867056667804718018e-02,3.654739260673522949e-01,3.654739260673522949e-01,3.166134357452392578e-01,4.014005661010742188e-01,9.982039332389831543e-01,9.982039332389831543e-01,9.204834699630737305e-01,9.295462369918823242e-01
2.380000000000000000e+02,1.450129508972167969e+00,1.450129508972167969e+00,1.341900348663330078e+00,1.370779514312744141e+00,1.178966522216796875e+00,1.178966522216796875e+00,1.082728743553161621e+00,1.089476585388183594e+00,4.943165183067321777e-01,4.943165183067321777e-01,5.009446144104003906e-01,4.450233578681945801e-01,6.869314610958099365e-02,6.869314610958099365e-02,6.608238816261291504e-02,8.797027915716171265e-02,6.624010205268859863e-02,6.624010205268859863e-02,7.017715275287628174e-02,9.025603532791137695e-02,3.646118640899658203e-01,3.646118640899658203e-01,3.146297335624694824e-01,4.000061154365539551e-01,1.002687811851501465e+00,1.002687811851501465e+00,9.263026714324951172e-01,9.303970336914062500e-01
2.390000000000000000e+02,1.450405359268188477e+00,1.450405359268188477e+00,1.347108483314514160e+00,1.375269174575805664e+00,1.183670997619628906e+00,1.183670997619628906e+00,1.085814595222473145e+00,1.092337608337402344e+00,4.889153838157653809e-01,4.889153838157653809e-01,4.992313981056213379e-01,4.411711692810058594e-01,6.927634775638580322e-02,6.927634775638580322e-02,6.512635946273803711e-02,9.020434319972991943e-02,6.661388278007507324e-02,6.661388278007507324e-02,6.983940303325653076e-02,9.082419425249099731e-02,3.623587191104888916e-01,3.623587191104888916e-01,3.148622512817382812e-01,3.981865048408508301e-01,1.008117794990539551e+00,1.008117794990539551e+00,9.316975474357604980e-01,9.345681667327880859e-01
2.400000000000000000e+02,1.458053827285766602e+00,1.458053827285766602e+00,1.349097967147827148e+00,1.379934668540954590e+00,1.185289382934570312e+00,1.185289382934570312e+00,1.082162618637084961e+00,1.090486288070678711e+00,4.865405261516571045e-01,4.865405261516571045e-01,4.942795634269714355e-01,4.373148679733276367e-01,7.046147435903549194e-02,7.046147435903549194e-02,6.492180377244949341e-02,9.239485859870910645e-02,6.829685717821121216e-02,6.829685717821121216e-02,6.948260962963104248e-02,9.148906171321868896e-02,3.610846400260925293e-01,3.610846400260925293e-01,3.115450143814086914e-01,3.970838189125061035e-01,1.014472961425781250e+00,1.014472961425781250e+00,9.375981688499450684e-01,9.386931061744689941e-01
2.410000000000000000e+02,1.462168574333190918e+00,1.462168574333190918e+00,1.355878114700317383e+00,1.384137868881225586e+00,1.188293695449829102e+00,1.188293695449829102e+00,1.085190534591674805e+00,1.093156695365905762e+00,4.837468266487121582e-01,4.837468266487121582e-01,4.911806583404541016e-01,4.346252381801605225e-01,7.054556906223297119e-02,7.054556906223297119e-02,6.302059441804885864e-02,9.445860981941223145e-02,6.841073185205459595e-02,6.841073185205459595e-02,6.937504559755325317e-02,9.294631332159042358e-02,3.614270091056823730e-01,3.614270091056823730e-01,3.122292160987854004e-01,3.966018557548522949e-01,1.016931772232055664e+00,1.016931772232055664e+00,9.441727995872497559e-01,9.427498579025268555e-01
2.420000000000000000e+02,1.463500142097473145e+00,1.463500142097473145e+00,1.361620306968688965e+00,1.386880517005920410e+00,1.190573930740356445e+00,1.190573930740356445e+00,1.088418602943420410e+00,1.093636989593505859e+00,4.776519238948822021e-01,4.776519238948822021e-01,4.857844710350036621e-01,4.298568367958068848e-01,7.138535380363464355e-02,7.138535380363464355e-02,6.337735801935195923e-02,9.478425234556198120e-02,6.931130588054656982e-02,6.931130588054656982e-02,6.932521611452102661e-02,9.314286708831787109e-02,3.584784269332885742e-01,3.584784269332885742e-01,3.108826279640197754e-01,3.923096060752868652e-01,1.027072072029113770e+00,1.027072072029113770e+00,9.495507478713989258e-01,9.516333341598510742e-01
2.430000000000000000e+02,1.465928316116333008e+00,1.465928316116333008e+00,1.363145351409912109e+00,1.391429424285888672e+00,1.188063979148864746e+00,1.188063979148864746e+00,1.089164972305297852e+00,1.095853447914123535e+00,4.729503989219665527e-01,4.729503989219665527e-01,4.802617430686950684e-01,4.282031059265136719e-01,7.172475010156631470e-02,7.172475010156631470e-02,6.236709654331207275e-02,9.688148647546768188e-02,6.938783824443817139e-02,6.938783824443817139e-02,6.799581646919250488e-02,9.442532807588577271e-02,3.582467436790466309e-01,3.582467436790466309e-01,3.090231418609619141e-01,3.939265012741088867e-01,1.029044866561889648e+00,1.029044866561889648e+00,9.548200368881225586e-01,9.554091095924377441e-01
2.440000000000000000e+02,1.477415561676025391e+00,1.477415561676025391e+00,1.365949392318725586e+00,1.393343687057495117e+00,1.189263582229614258e+00,1.189263582229614258e+00,1.092146277427673340e+00,1.094226360321044922e+00,4.704158604145050049e-01,4.704158604145050049e-01,4.781192541122436523e-01,4.240256249904632568e-01,7.212535291910171509e-02,7.212535291910171509e-02,6.165111437439918518e-02,9.841439872980117798e-02,6.942076981067657471e-02,6.942076981067657471e-02,6.783727556467056274e-02,9.406504034996032715e-02,3.568814992904663086e-01,3.568814992904663086e-01,3.094156980514526367e-01,3.918707966804504395e-01,1.039224624633789062e+00,1.039224624633789062e+00,9.599972963333129883e-01,9.607070088386535645e-01
2.450000000000000000e+02,1.475086212158203125e+00,1.475086212158203125e+00,1.369135618209838867e+00,1.396769523620605469e+00,1.192291021347045898e+00,1.192291021347045898e+00,1.090750575065612793e+00,1.095316529273986816e+00,4.648697972297668457e-01,4.648697972297668457e-01,4.738867282867431641e-01,4.216091930866241455e-01,7.189311832189559937e-02,7.189311832189559937e-02,6.117051094770431519e-02,9.967388212680816650e-02,6.942722201347351074e-02,6.942722201347351074e-02,6.736239790916442871e-02,9.502779692411422729e-02,3.570905327796936035e-01,3.570905327796936035e-01,3.092484474182128906e-01,3.921172618865966797e-01,1.039156198501586914e+00,1.039156198501586914e+00,9.666512012481689453e-01,9.619526863098144531e-01
2.460000000000000000e+02,1.484543800354003906e+00,1.484543800354003906e+00,1.373892784118652344e+00,1.403926372528076172e+00,1.193160414695739746e+00,1.193160414695739746e+00,1.088336944580078125e+00,1.095055818557739258e+00,4.612694382667541504e-01,4.612694382667541504e-01,4.676252007484436035e-01,4.193837940692901611e-01,7.165779173374176025e-02,7.165779173374176025e-02,6.039880961179733276e-02,1.007480844855308533e-01,6.984633952379226685e-02,6.984633952379226685e-02,6.755527853965759277e-02,9.472404420375823975e-02,3.561740517616271973e-01,3.561740517616271973e-01,3.091760873794555664e-01,3.911474347114562988e-01,1.045203804969787598e+00,1.045203804969787598e+00,9.721729755401611328e-01,9.663513898849487305e-01
2.470000000000000000e+02,1.488761544227600098e+00,1.488761544227600098e+00,1.376469254493713379e+00,1.404046297073364258e+00,1.191533565521240234e+00,1.191533565521240234e+00,1.088562965393066406e+00,1.092823266983032227e+00,4.577652215957641602e-01,4.577652215957641602e-01,4.643658399581909180e-01,4.138289988040924072e-01,7.099626958370208740e-02,7.099626958370208740e-02,5.957300961017608643e-02,1.013439893722534180e-01,6.922068446874618530e-02,6.922068446874618530e-02,6.665474176406860352e-02,9.494636952877044678e-02,3.562026619911193848e-01,3.562026619911193848e-01,3.089334964752197266e-01,3.892792165279388428e-01,1.051361560821533203e+00,1.051361560821533203e+00,9.766527414321899414e-01,9.704134464263916016e-01
2.480000000000000000e+02,1.491937160491943359e+00,1.491937160491943359e+00,1.381276965141296387e+00,1.407979726791381836e+00,1.190105557441711426e+00,1.190105557441711426e+00,1.088826179504394531e+00,1.093166589736938477e+00,4.534011483192443848e-01,4.534011483192443848e-01,4.581746757030487061e-01,4.119510948657989502e-01,7.095095515251159668e-02,7.095095515251159668e-02,5.781235545873641968e-02,1.020150035619735718e-01,6.880540400743484497e-02,6.880540400743484497e-02,6.569569557905197144e-02,9.551636874675750732e-02,3.555992841720581055e-01,3.555992841720581055e-01,3.089960813522338867e-01,3.883427977561950684e-01,1.051269531250000000e+00,1.051269531250000000e+00,9.845569729804992676e-01,9.705349206924438477e-01
2.490000000000000000e+02,1.492966890335083008e+00,1.492966890335083008e+00,1.384308099746704102e+00,1.411009788513183594e+00,1.188620805740356445e+00,1.188620805740356445e+00,1.088866829872131348e+00,1.091510653495788574e+00,4.478428363800048828e-01,4.478428363800048828e-01,4.528514444828033447e-01,4.085684418678283691e-01,6.971772760152816772e-02,6.971772760152816772e-02,5.692601203918457031e-02,1.026050001382827759e-01,6.884193420410156250e-02,6.884193420410156250e-02,6.574364006519317627e-02,9.505152702331542969e-02,3.556522130966186523e-01,3.556522130966186523e-01,3.120418190956115723e-01,3.848220705986022949e-01,1.056422233581542969e+00,1.056422233581542969e+00,9.882254600524902344e-01,9.778243303298950195e-01
2.500000000000000000e+02,1.494015693664550781e+00,1.494015693664550781e+00,1.386143445968627930e+00,1.416445255279541016e+00,1.191036462783813477e+00,1.191036462783813477e+00,1.085558176040649414e+00,1.091812133789062500e+00,4.426573812961578369e-01,4.426573812961578369e-01,4.457619190216064453e-01,4.086229801177978516e-01,6.843756884336471558e-02,6.843756884336471558e-02,5.608987435698509216e-02,1.025498509407043457e-01,6.804512441158294678e-02,6.804512441158294678e-02,6.494167447090148926e-02,9.515821188688278198e-02,3.548155426979064941e-01,3.548155426979064941e-01,3.128988146781921387e-01,3.837200403213500977e-01,1.064283847808837891e+00,1.064283847808837891e+00,9.917511940002441406e-01,9.830985665321350098e-01
2.510000000000000000e+02,1.494209766387939453e+00,1.494209766387939453e+00,1.383341550827026367e+00,1.410907745361328125e+00,1.185608148574829102e+00,1.185608148574829102e+00,1.085061073303222656e+00,1.088696956634521484e+00,4.386267960071563721e-01,4.386267960071563721e-01,4.405506253242492676e-01,4.067414402961730957e-01,6.753625720739364624e-02,6.753625720739364624e-02,5.417460575699806213e-02,1.026163995265960693e-01,6.767407059669494629e-02,6.767407059669494629e-02,6.356461346149444580e-02,9.451933205127716064e-02,3.552689552307128906e-01,3.552689552307128906e-01,3.150292634963989258e-01,3.829602301120758057e-01,1.066611170768737793e+00,1.066611170768737793e+00,9.967418909072875977e-01,9.860156774520874023e-01
2.520000000000000000e+02,1.499293088912963867e+00,1.499293088912963867e+00,1.391982793807983398e+00,1.423730373382568359e+00,1.185363769531250000e+00,1.185363769531250000e+00,1.082064032554626465e+00,1.086849331855773926e+00,4.346560537815093994e-01,4.346560537815093994e-01,4.329408407211303711e-01,4.029768109321594238e-01,6.689038872718811035e-02,6.689038872718811035e-02,5.309131368994712830e-02,1.031474471092224121e-01,6.706018745899200439e-02,6.706018745899200439e-02,6.268334388732910156e-02,9.418129175901412964e-02,3.552972674369812012e-01,3.552972674369812012e-01,3.176783323287963867e-01,3.809736371040344238e-01,1.074200153350830078e+00,1.074200153350830078e+00,1.004830479621887207e+00,9.864429831504821777e-01
2.530000000000000000e+02,1.504106044769287109e+00,1.504106044769287109e+00,1.396149039268493652e+00,1.419458866119384766e+00,1.183681845664978027e+00,1.183681845664978027e+00,1.081054687500000000e+00,1.085607647895812988e+00,4.289904236793518066e-01,4.289904236793518066e-01,4.287593364715576172e-01,4.038262367248535156e-01,6.570971012115478516e-02,6.570971012115478516e-02,5.128915607929229736e-02,1.031002551317214966e-01,6.601480394601821899e-02,6.601480394601821899e-02,6.192605942487716675e-02,9.410078823566436768e-02,3.553298711776733398e-01,3.553298711776733398e-01,3.207875192165374756e-01,3.791933953762054443e-01,1.079295992851257324e+00,1.079295992851257324e+00,1.006526947021484375e+00,9.931825399398803711e-01
2.540000000000000000e+02,1.509042143821716309e+00,1.509042143821716309e+00,1.394001245498657227e+00,1.423389434814453125e+00,1.176505327224731445e+00,1.176505327224731445e+00,1.077395439147949219e+00,1.079433679580688477e+00,4.263873100280761719e-01,4.263873100280761719e-01,4.209043681621551514e-01,4.006280303001403809e-01,6.434397399425506592e-02,6.434397399425506592e-02,5.008019506931304932e-02,1.023752391338348389e-01,6.461948901414871216e-02,6.461948901414871216e-02,6.099464744329452515e-02,9.285485744476318359e-02,3.572714626789093018e-01,3.572714626789093018e-01,3.230599761009216309e-01,3.814870417118072510e-01,1.080338954925537109e+00,1.080338954925537109e+00,1.008658647537231445e+00,9.981348514556884766e-01
2.550000000000000000e+02,1.504112958908081055e+00,1.504112958908081055e+00,1.401315331459045410e+00,1.424298048019409180e+00,1.175463199615478516e+00,1.175463199615478516e+00,1.072209477424621582e+00,1.079625844955444336e+00,4.209474921226501465e-01,4.209474921226501465e-01,4.171243906021118164e-01,4.010097384452819824e-01,6.267231702804565430e-02,6.267231702804565430e-02,4.835597798228263855e-02,1.016883403062820435e-01,6.384241580963134766e-02,6.384241580963134766e-02,5.985043942928314209e-02,9.223191440105438232e-02,3.598220944404602051e-01,3.598220944404602051e-01,3.262538611888885498e-01,3.769257068634033203e-01,1.085923194885253906e+00,1.085923194885253906e+00,1.011889457702636719e+00,1.003436923027038574e+00
2.560000000000000000e+02,1.507771492004394531e+00,1.507771492004394531e+00,1.395304918289184570e+00,1.430430650711059570e+00,1.170564532279968262e+00,1.170564532279968262e+00,1.071911215782165527e+00,1.076331853866577148e+00,4.183841943740844727e-01,4.183841943740844727e-01,4.102476537227630615e-01,3.999384641647338867e-01,6.117074191570281982e-02,6.117074191570281982e-02,4.663952812552452087e-02,9.998431056737899780e-02,6.359866261482238770e-02,6.359866261482238770e-02,5.900426208972930908e-02,9.106038510799407959e-02,3.619287312030792236e-01,3.619287312030792236e-01,3.314937055110931396e-01,3.788076639175415039e-01,1.091994524002075195e+00,1.091994524002075195e+00,1.018902659416198730e+00,1.005193233489990234e+00
2.570000000000000000e+02,1.513220429420471191e+00,1.513220429420471191e+00,1.400117874145507812e+00,1.430772066116333008e+00,1.167923688888549805e+00,1.167923688888549805e+00,1.066986203193664551e+00,1.074091553688049316e+00,4.140268564224243164e-01,4.140268564224243164e-01,4.038411378860473633e-01,3.985227942466735840e-01,5.958879366517066956e-02,5.958879366517066956e-02,4.508334398269653320e-02,9.993156790733337402e-02,6.198059394955635071e-02,6.198059394955635071e-02,5.772156268358230591e-02,9.093841910362243652e-02,3.650736510753631592e-01,3.650736510753631592e-01,3.360877633094787598e-01,3.776993155479431152e-01,1.095838546752929688e+00,1.095838546752929688e+00,1.022202610969543457e+00,1.008963942527770996e+00
2.580000000000000000e+02,1.507365584373474121e+00,1.507365584373474121e+00,1.400811791419982910e+00,1.436133146286010742e+00,1.162598371505737305e+00,1.162598371505737305e+00,1.063689947128295898e+00,1.070294976234436035e+00,4.081337451934814453e-01,4.081337451934814453e-01,3.965601921081542969e-01,3.982762396335601807e-01,5.720879882574081421e-02,5.720879882574081421e-02,4.411257430911064148e-02,9.853874146938323975e-02,6.088258326053619385e-02,6.088258326053619385e-02,5.702489241957664490e-02,8.991386741399765015e-02,3.641030788421630859e-01,3.641030788421630859e-01,3.396936655044555664e-01,3.785892426967620850e-01,1.091948866844177246e+00,1.091948866844177246e+00,1.024223685264587402e+00,1.012655019760131836e+00
2.590000000000000000e+02,1.516194701194763184e+00,1.516194701194763184e+00,1.401285171508789062e+00,1.437469005584716797e+00,1.159296035766601562e+00,1.159296035766601562e+00,1.059692621231079102e+00,1.066901564598083496e+00,4.056841135025024414e-01,4.056841135025024414e-01,3.915760219097137451e-01,3.993405997753143311e-01,5.567643791437149048e-02,5.567643791437149048e-02,4.264926165342330933e-02,9.837752580642700195e-02,5.997421965003013611e-02,5.997421965003013611e-02,5.528974533081054688e-02,8.832646906375885010e-02,3.685557246208190918e-01,3.685557246208190918e-01,3.439449071884155273e-01,3.767621517181396484e-01,1.099588274955749512e+00,1.099588274955749512e+00,1.026302099227905273e+00,1.016443490982055664e+00
2.600000000000000000e+02,1.513135671615600586e+00,1.513135671615600586e+00,1.403376817703247070e+00,1.433168888092041016e+00,1.151868581771850586e+00,1.151868581771850586e+00,1.051082849502563477e+00,1.060631275177001953e+00,4.042844176292419434e-01,4.042844176292419434e-01,3.845826685428619385e-01,3.979515731334686279e-01,5.451025068759918213e-02,5.451025068759918213e-02,4.211166128516197205e-02,9.758017957210540771e-02,5.833812803030014038e-02,5.833812803030014038e-02,5.442550405859947205e-02,8.739319443702697754e-02,3.722507059574127197e-01,3.722507059574127197e-01,3.489403128623962402e-01,3.776849508285522461e-01,1.104670166969299316e+00,1.104670166969299316e+00,1.031966209411621094e+00,1.020105600357055664e+00
2.610000000000000000e+02,1.519192457199096680e+00,1.519192457199096680e+00,1.405195236206054688e+00,1.435675144195556641e+00,1.147307872772216797e+00,1.147307872772216797e+00,1.048480987548828125e+00,1.058735132217407227e+00,4.020734429359436035e-01,4.020734429359436035e-01,3.783345222473144531e-01,3.979370594024658203e-01,5.260162800550460815e-02,5.260162800550460815e-02,4.105503857135772705e-02,9.724859148263931274e-02,5.683648213744163513e-02,5.683648213744163513e-02,5.329135060310363770e-02,8.644367754459381104e-02,3.750310838222503662e-01,3.750310838222503662e-01,3.550856113433837891e-01,3.770607113838195801e-01,1.105841159820556641e+00,1.105841159820556641e+00,1.037403821945190430e+00,1.023400425910949707e+00
2.620000000000000000e+02,1.513527870178222656e+00,1.513527870178222656e+00,1.408049941062927246e+00,1.438508272171020508e+00,1.142742395401000977e+00,1.142742395401000977e+00,1.043674111366271973e+00,1.053421497344970703e+00,3.981203436851501465e-01,3.981203436851501465e-01,3.746544122695922852e-01,3.979921936988830566e-01,5.170614644885063171e-02,5.170614644885063171e-02,4.078759253025054932e-02,9.631393849849700928e-02,5.586450546979904175e-02,5.586450546979904175e-02,5.159240216016769409e-02,8.500176668167114258e-02,3.777993023395538330e-01,3.777993023395538330e-01,3.606574535369873047e-01,3.778947889804840088e-01,1.112393617630004883e+00,1.112393617630004883e+00,1.040035486221313477e+00,1.028356790542602539e+00
2.630000000000000000e+02,1.519303560256958008e+00,1.519303560256958008e+00,1.399641871452331543e+00,1.443988084793090820e+00,1.138497114181518555e+00,1.138497114181518555e+00,1.037837505340576172e+00,1.046047329902648926e+00,3.969639837741851807e-01,3.969639837741851807e-01,3.677794635295867920e-01,3.987952470779418945e-01,5.012459680438041687e-02,5.012459680438041687e-02,4.000014811754226685e-02,9.623468667268753052e-02,5.467211455106735229e-02,5.467211455106735229e-02,5.090093612670898438e-02,8.375124633312225342e-02,3.828268647193908691e-01,3.828268647193908691e-01,3.651500344276428223e-01,3.799963891506195068e-01,1.113733291625976562e+00,1.113733291625976562e+00,1.044365048408508301e+00,1.032981038093566895e+00
2.640000000000000000e+02,1.521239519119262695e+00,1.521239519119262695e+00,1.401144504547119141e+00,1.442279815673828125e+00,1.135682582855224609e+00,1.135682582855224609e+00,1.033905267715454102e+00,1.044994115829467773e+00,3.941682577133178711e-01,3.941682577133178711e-01,3.626378774642944336e-01,3.998676240444183350e-01,4.901303350925445557e-02,4.901303350925445557e-02,3.923950344324111938e-02,9.529516100883483887e-02,5.313253030180931091e-02,5.313253030180931091e-02,4.957344383001327515e-02,8.168929815292358398e-02,3.867884874343872070e-01,3.867884874343872070e-01,3.706203401088714600e-01,3.811926543712615967e-01,1.118021011352539062e+00,1.118021011352539062e+00,1.047495841979980469e+00,1.034086108207702637e+00
2.650000000000000000e+02,1.522776365280151367e+00,1.522776365280151367e+00,1.404410362243652344e+00,1.440017938613891602e+00,1.128053903579711914e+00,1.128053903579711914e+00,1.030748844146728516e+00,1.037659287452697754e+00,3.925786316394805908e-01,3.925786316394805908e-01,3.593605756759643555e-01,4.003443121910095215e-01,4.792878404259681702e-02,4.792878404259681702e-02,3.873719274997711182e-02,9.477448463439941406e-02,5.142937600612640381e-02,5.142937600612640381e-02,4.784864187240600586e-02,8.025612682104110718e-02,3.906071186065673828e-01,3.906071186065673828e-01,3.784193396568298340e-01,3.817021846771240234e-01,1.119781732559204102e+00,1.119781732559204102e+00,1.048553943634033203e+00,1.037379145622253418e+00
2.660000000000000000e+02,1.519522428512573242e+00,1.519522428512573242e+00,1.406048059463500977e+00,1.444181680679321289e+00,1.121909856796264648e+00,1.121909856796264648e+00,1.023788332939147949e+00,1.034904003143310547e+00,3.897557258605957031e-01,3.897557258605957031e-01,3.549273014068603516e-01,3.998513817787170410e-01,4.666243493556976318e-02,4.666243493556976318e-02,3.899412602186203003e-02,9.430027008056640625e-02,4.992113262414932251e-02,4.992113262414932251e-02,4.651422426104545593e-02,7.856277376413345337e-02,3.948301076889038086e-01,3.948301076889038086e-01,3.839146494865417480e-01,3.811893463134765625e-01,1.122354507446289062e+00,1.122354507446289062e+00,1.056999921798706055e+00,1.045861124992370605e+00
2.670000000000000000e+02,1.519892215728759766e+00,1.519892215728759766e+00,1.402741193771362305e+00,1.442067027091979980e+00,1.117274403572082520e+00,1.117274403572082520e+00,1.015116453170776367e+00,1.031184554100036621e+00,3.881701231002807617e-01,3.881701231002807617e-01,3.483705818653106689e-01,4.021860957145690918e-01,4.549634829163551331e-02,4.549634829163551331e-02,3.847783431410789490e-02,9.419358521699905396e-02,4.862010851502418518e-02,4.862010851502418518e-02,4.579540342092514038e-02,7.772980630397796631e-02,3.985182642936706543e-01,3.985182642936706543e-01,3.890158534049987793e-01,3.850513100624084473e-01,1.125207901000976562e+00,1.125207901000976562e+00,1.056640625000000000e+00,1.045259714126586914e+00
2.680000000000000000e+02,1.515610814094543457e+00,1.515610814094543457e+00,1.405303597450256348e+00,1.440730094909667969e+00,1.111921548843383789e+00,1.111921548843383789e+00,1.009379506111145020e+00,1.026668667793273926e+00,3.864079415798187256e-01,3.864079415798187256e-01,3.454135060310363770e-01,4.013436436653137207e-01,4.456416890025138855e-02,4.456416890025138855e-02,3.873409330844879150e-02,9.292019903659820557e-02,4.777050763368606567e-02,4.777050763368606567e-02,4.511715471744537354e-02,7.640448957681655884e-02,4.041891098022460938e-01,4.041891098022460938e-01,3.951377868652343750e-01,3.851727247238159180e-01,1.131661891937255859e+00,1.131661891937255859e+00,1.056882500648498535e+00,1.051359057426452637e+00
2.690000000000000000e+02,1.521866798400878906e+00,1.521866798400878906e+00,1.404484510421752930e+00,1.442417502403259277e+00,1.101772904396057129e+00,1.101772904396057129e+00,1.005730271339416504e+00,1.019092321395874023e+00,3.842125535011291504e-01,3.842125535011291504e-01,3.415501117706298828e-01,4.042506217956542969e-01,4.337575286626815796e-02,4.337575286626815796e-02,3.807549923658370972e-02,9.221681207418441772e-02,4.682923108339309692e-02,4.682923108339309692e-02,4.416939988732337952e-02,7.488176226615905762e-02,4.077512025833129883e-01,4.077512025833129883e-01,4.037337899208068848e-01,3.866057991981506348e-01,1.135958909988403320e+00,1.135958909988403320e+00,1.062469005584716797e+00,1.053456783294677734e+00
2.700000000000000000e+02,1.518566846847534180e+00,1.518566846847534180e+00,1.397729635238647461e+00,1.437983512878417969e+00,1.099074840545654297e+00,1.099074840545654297e+00,9.982589483261108398e-01,1.014547944068908691e+00,3.820496201515197754e-01,3.820496201515197754e-01,3.370189666748046875e-01,4.007490575313568115e-01,4.266273975372314453e-02,4.266273975372314453e-02,3.857971727848052979e-02,9.112560749053955078e-02,4.561326652765274048e-02,4.561326652765274048e-02,4.286073520779609680e-02,7.308390736579895020e-02,4.134183526039123535e-01,4.134183526039123535e-01,4.101597070693969727e-01,3.893894553184509277e-01,1.135522484779357910e+00,1.135522484779357910e+00,1.067359685897827148e+00,1.057638645172119141e+00
2.710000000000000000e+02,1.515997648239135742e+00,1.515997648239135742e+00,1.400020360946655273e+00,1.437860608100891113e+00,1.091971755027770996e+00,1.091971755027770996e+00,9.923288822174072266e-01,1.006909966468811035e+00,3.819305002689361572e-01,3.819305002689361572e-01,3.323022723197937012e-01,4.036217927932739258e-01,4.193926602602005005e-02,4.193926602602005005e-02,3.849324211478233337e-02,9.087292850017547607e-02,4.430534690618515015e-02,4.430534690618515015e-02,4.262105002999305725e-02,7.233498245477676392e-02,4.192354381084442139e-01,4.192354381084442139e-01,4.173037409782409668e-01,3.924320042133331299e-01,1.141485452651977539e+00,1.141485452651977539e+00,1.068391323089599609e+00,1.066128611564636230e+00
2.720000000000000000e+02,1.516013622283935547e+00,1.516013622283935547e+00,1.401037216186523438e+00,1.438305854797363281e+00,1.082215547561645508e+00,1.082215547561645508e+00,9.814372658729553223e-01,1.001905202865600586e+00,3.784708976745605469e-01,3.784708976745605469e-01,3.280446529388427734e-01,4.052785038948059082e-01,4.146549850702285767e-02,4.146549850702285767e-02,3.802100196480751038e-02,8.931213617324829102e-02,4.269733279943466187e-02,4.269733279943466187e-02,4.199099168181419373e-02,7.126735895872116089e-02,4.244469106197357178e-01,4.244469106197357178e-01,4.232130944728851318e-01,3.960068821907043457e-01,1.145847201347351074e+00,1.145847201347351074e+00,1.069728255271911621e+00,1.065998077392578125e+00
2.730000000000000000e+02,1.513565301895141602e+00,1.513565301895141602e+00,1.398721694946289062e+00,1.432062983512878418e+00,1.075129508972167969e+00,1.075129508972167969e+00,9.767887592315673828e-01,9.961753487586975098e-01,3.740284144878387451e-01,3.740284144878387451e-01,3.247352838516235352e-01,4.068191051483154297e-01,4.080531373620033264e-02,4.080531373620033264e-02,3.933507204055786133e-02,8.879265934228897095e-02,4.222531989216804504e-02,4.222531989216804504e-02,4.153653234243392944e-02,6.913429498672485352e-02,4.279770255088806152e-01,4.279770255088806152e-01,4.305366277694702148e-01,3.968630731105804443e-01,1.150501966476440430e+00,1.150501966476440430e+00,1.075812220573425293e+00,1.075343012809753418e+00
2.740000000000000000e+02,1.505988001823425293e+00,1.505988001823425293e+00,1.396010041236877441e+00,1.434192657470703125e+00,1.068825006484985352e+00,1.068825006484985352e+00,9.711437225341796875e-01,9.893223047256469727e-01,3.734141588211059570e-01,3.734141588211059570e-01,3.207174241542816162e-01,4.075013399124145508e-01,4.021073877811431885e-02,4.021073877811431885e-02,3.946434706449508667e-02,8.737380057573318481e-02,4.166156798601150513e-02,4.166156798601150513e-02,4.123863205313682556e-02,6.927286088466644287e-02,4.356660246849060059e-01,4.356660246849060059e-01,4.379743635654449463e-01,4.017145037651062012e-01,1.153559923171997070e+00,1.153559923171997070e+00,1.078376293182373047e+00,1.078644990921020508e+00
2.750000000000000000e+02,1.510762691497802734e+00,1.510762691497802734e+00,1.393924713134765625e+00,1.426636219024658203e+00,1.061591863632202148e+00,1.061591863632202148e+00,9.587637186050415039e-01,9.851344823837280273e-01,3.713503479957580566e-01,3.713503479957580566e-01,3.154601156711578369e-01,4.048224985599517822e-01,4.056071117520332336e-02,4.056071117520332336e-02,3.971810638904571533e-02,8.584034442901611328e-02,4.080893471837043762e-02,4.080893471837043762e-02,4.117660969495773315e-02,6.856358051300048828e-02,4.412292242050170898e-01,4.412292242050170898e-01,4.466047286987304688e-01,4.063199758529663086e-01,1.155444145202636719e+00,1.155444145202636719e+00,1.079724788665771484e+00,1.079388380050659180e+00
2.760000000000000000e+02,1.499559164047241211e+00,1.499559164047241211e+00,1.391720771789550781e+00,1.428689718246459961e+00,1.051467895507812500e+00,1.051467895507812500e+00,9.495289325714111328e-01,9.763013124465942383e-01,3.713081181049346924e-01,3.713081181049346924e-01,3.124825954437255859e-01,4.051027894020080566e-01,4.035478457808494568e-02,4.035478457808494568e-02,4.024656116962432861e-02,8.478480577468872070e-02,4.057076573371887207e-02,4.057076573371887207e-02,4.128145426511764526e-02,6.813487410545349121e-02,4.487800598144531250e-01,4.487800598144531250e-01,4.506101608276367188e-01,4.093906283378601074e-01,1.157163262367248535e+00,1.157163262367248535e+00,1.083517909049987793e+00,1.082857489585876465e+00
2.770000000000000000e+02,1.506628990173339844e+00,1.506628990173339844e+00,1.387574434280395508e+00,1.428165793418884277e+00,1.043464303016662598e+00,1.043464303016662598e+00,9.510465860366821289e-01,9.696691632270812988e-01,3.709201812744140625e-01,3.709201812744140625e-01,3.055027723312377930e-01,4.074378609657287598e-01,4.021429643034934998e-02,4.021429643034934998e-02,4.072945192456245422e-02,8.413632959127426147e-02,4.010826349258422852e-02,4.010826349258422852e-02,4.144750535488128662e-02,6.743732094764709473e-02,4.567086696624755859e-01,4.567086696624755859e-01,4.601804912090301514e-01,4.133522510528564453e-01,1.161712288856506348e+00,1.161712288856506348e+00,1.078487157821655273e+00,1.085621833801269531e+00
2.780000000000000000e+02,1.501982212066650391e+00,1.501982212066650391e+00,1.386766910552978516e+00,1.427318215370178223e+00,1.037711739540100098e+00,1.037711739540100098e+00,9.415239095687866211e-01,9.640524983406066895e-01,3.688782155513763428e-01,3.688782155513763428e-01,3.047943413257598877e-01,4.057956933975219727e-01,4.044838622212409973e-02,4.044838622212409973e-02,4.207322001457214355e-02,8.307908475399017334e-02,4.026811569929122925e-02,4.026811569929122925e-02,4.153282940387725830e-02,6.765085458755493164e-02,4.627209901809692383e-01,4.627209901809692383e-01,4.682466089725494385e-01,4.176047742366790771e-01,1.163988113403320312e+00,1.163988113403320312e+00,1.085161447525024414e+00,1.094757199287414551e+00
2.790000000000000000e+02,1.497034311294555664e+00,1.497034311294555664e+00,1.380096197128295898e+00,1.420475721359252930e+00,1.027082443237304688e+00,1.027082443237304688e+00,9.314805269241333008e-01,9.565091133117675781e-01,3.669227361679077148e-01,3.669227361679077148e-01,2.999349236488342285e-01,4.068714678287506104e-01,4.070761799812316895e-02,4.070761799812316895e-02,4.280879348516464233e-02,8.234727382659912109e-02,3.966038301587104797e-02,3.966038301587104797e-02,4.205203056335449219e-02,6.804594397544860840e-02,4.695403575897216797e-01,4.695403575897216797e-01,4.748257994651794434e-01,4.179730713367462158e-01,1.168093919754028320e+00,1.168093919754028320e+00,1.086765408515930176e+00,1.098758101463317871e+00
2.800000000000000000e+02,1.492785453796386719e+00,1.492785453796386719e+00,1.377443552017211914e+00,1.424011230468750000e+00,1.020478725433349609e+00,1.020478725433349609e+00,9.286923408508300781e-01,9.525485634803771973e-01,3.676902353763580322e-01,3.676902353763580322e-01,2.991461753845214844e-01,4.063115119934082031e-01,4.138079285621643066e-02,4.138079285621643066e-02,4.353445768356323242e-02,8.161576092243194580e-02,4.009803384542465210e-02,4.009803384542465210e-02,4.200024157762527466e-02,6.781129539012908936e-02,4.754181504249572754e-01,4.754181504249572754e-01,4.823566377162933350e-01,4.243728816509246826e-01,1.173563003540039062e+00,1.173563003540039062e+00,1.086673855781555176e+00,1.100765466690063477e+00
2.810000000000000000e+02,1.489376068115234375e+00,1.489376068115234375e+00,1.374348402023315430e+00,1.420065164566040039e+00,1.013340950012207031e+00,1.013340950012207031e+00,9.170111417770385742e-01,9.450936317443847656e-01,3.660860657691955566e-01,3.660860657691955566e-01,2.959227859973907471e-01,4.076711535453796387e-01,4.191379249095916748e-02,4.191379249095916748e-02,4.484160244464874268e-02,8.111875504255294800e-02,4.089841619133949280e-02,4.089841619133949280e-02,4.301633685827255249e-02,6.826355308294296265e-02,4.814330041408538818e-01,4.814330041408538818e-01,4.870014488697052002e-01,4.294778108596801758e-01,1.178619861602783203e+00,1.178619861602783203e+00,1.090022683143615723e+00,1.102305531501770020e+00
2.820000000000000000e+02,1.482336640357971191e+00,1.482336640357971191e+00,1.368167638778686523e+00,1.412556409835815430e+00,1.006461620330810547e+00,1.006461620330810547e+00,9.131904840469360352e-01,9.407688379287719727e-01,3.650217056274414062e-01,3.650217056274414062e-01,2.947582602500915527e-01,4.079204499721527100e-01,4.279999807476997375e-02,4.279999807476997375e-02,4.650135338306427002e-02,8.010748773813247681e-02,4.136644303798675537e-02,4.136644303798675537e-02,4.370560497045516968e-02,6.836453080177307129e-02,4.878386259078979492e-01,4.878386259078979492e-01,4.949268996715545654e-01,4.345787465572357178e-01,1.180673122406005859e+00,1.180673122406005859e+00,1.088613510131835938e+00,1.104431867599487305e+00
2.830000000000000000e+02,1.478823423385620117e+00,1.478823423385620117e+00,1.367616057395935059e+00,1.406862258911132812e+00,9.994609355926513672e-01,9.994609355926513672e-01,9.033384323120117188e-01,9.345681071281433105e-01,3.642528653144836426e-01,3.642528653144836426e-01,2.927326560020446777e-01,4.071948826313018799e-01,4.396490752696990967e-02,4.396490752696990967e-02,4.802028834819793701e-02,7.945300638675689697e-02,4.138253629207611084e-02,4.138253629207611084e-02,4.396671801805496216e-02,6.855410337448120117e-02,4.922502040863037109e-01,4.922502040863037109e-01,5.000265836715698242e-01,4.369258284568786621e-01,1.182300329208374023e+00,1.182300329208374023e+00,1.093200206756591797e+00,1.110757112503051758e+00
2.840000000000000000e+02,1.475869297981262207e+00,1.475869297981262207e+00,1.355137467384338379e+00,1.402736902236938477e+00,9.902523756027221680e-01,9.902523756027221680e-01,8.980308771133422852e-01,9.283802509307861328e-01,3.637581467628479004e-01,3.637581467628479004e-01,2.898217141628265381e-01,4.089006185531616211e-01,4.526055976748466492e-02,4.526055976748466492e-02,4.936540871858596802e-02,7.998828589916229248e-02,4.193022474646568298e-02,4.193022474646568298e-02,4.484781622886657715e-02,6.835287809371948242e-02,4.987315833568572998e-01,4.987315833568572998e-01,5.065954923629760742e-01,4.417139291763305664e-01,1.179582476615905762e+00,1.179582476615905762e+00,1.089287638664245605e+00,1.115023374557495117e+00
2.850000000000000000e+02,1.466563105583190918e+00,1.466563105583190918e+00,1.359684944152832031e+00,1.396405339241027832e+00,9.842193722724914551e-01,9.842193722724914551e-01,8.899325132369995117e-01,9.225986003875732422e-01,3.627256155014038086e-01,3.627256155014038086e-01,2.905252575874328613e-01,4.087965786457061768e-01,4.661966115236282349e-02,4.661966115236282349e-02,5.135143920779228210e-02,7.900059223175048828e-02,4.268727451562881470e-02,4.268727451562881470e-02,4.606753587722778320e-02,6.859213113784790039e-02,5.038216710090637207e-01,5.038216710090637207e-01,5.115531086921691895e-01,4.472707509994506836e-01,1.186060786247253418e+00,1.186060786247253418e+00,1.088943600654602051e+00,1.110311985015869141e+00
2.860000000000000000e+02,1.467161655426025391e+00,1.467161655426025391e+00,1.351728916168212891e+00,1.395993709564208984e+00,9.801645874977111816e-01,9.801645874977111816e-01,8.837634325027465820e-01,9.162223339080810547e-01,3.611255586147308350e-01,3.611255586147308350e-01,2.872843444347381592e-01,4.119095206260681152e-01,4.787892103195190430e-02,4.787892103195190430e-02,5.316638574004173279e-02,7.950377464294433594e-02,4.363127052783966064e-02,4.363127052783966064e-02,4.732211679220199585e-02,6.893867254257202148e-02,5.085004568099975586e-01,5.085004568099975586e-01,5.169365406036376953e-01,4.489626884460449219e-01,1.187277674674987793e+00,1.187277674674987793e+00,1.093872785568237305e+00,1.119566679000854492e+00
2.870000000000000000e+02,1.462477684020996094e+00,1.462477684020996094e+00,1.345918059349060059e+00,1.391827106475830078e+00,9.704623222351074219e-01,9.704623222351074219e-01,8.768848180770874023e-01,9.102833867073059082e-01,3.620849251747131348e-01,3.620849251747131348e-01,2.892270088195800781e-01,4.084207713603973389e-01,4.938971251249313354e-02,4.938971251249313354e-02,5.481922999024391174e-02,7.931426912546157837e-02,4.444084689021110535e-02,4.444084689021110535e-02,4.897753149271011353e-02,6.776635348796844482e-02,5.149853825569152832e-01,5.149853825569152832e-01,5.223906040191650391e-01,4.568181335926055908e-01,1.186735630035400391e+00,1.186735630035400391e+00,1.091289997100830078e+00,1.119806408882141113e+00
2.880000000000000000e+02,1.452581644058227539e+00,1.452581644058227539e+00,1.338738799095153809e+00,1.390911817550659180e+00,9.643670320510864258e-01,9.643670320510864258e-01,8.710334300994873047e-01,9.072633981704711914e-01,3.632953166961669922e-01,3.632953166961669922e-01,2.884572148323059082e-01,4.119531214237213135e-01,5.040193721652030945e-02,5.040193721652030945e-02,5.685085058212280273e-02,7.956235110759735107e-02,4.538519680500030518e-02,4.538519680500030518e-02,4.971667751669883728e-02,6.906774640083312988e-02,5.180935859680175781e-01,5.180935859680175781e-01,5.271179080009460449e-01,4.611441791057586670e-01,1.184648633003234863e+00,1.184648633003234863e+00,1.088852405548095703e+00,1.119457483291625977e+00
2.890000000000000000e+02,1.449574351310729980e+00,1.449574351310729980e+00,1.335422039031982422e+00,1.381392836570739746e+00,9.608470201492309570e-01,9.608470201492309570e-01,8.670061826705932617e-01,9.023469686508178711e-01,3.636007308959960938e-01,3.636007308959960938e-01,2.880244553089141846e-01,4.126626253128051758e-01,5.259804055094718933e-02,5.259804055094718933e-02,5.855008214712142944e-02,7.942830026149749756e-02,4.618285596370697021e-02,4.618285596370697021e-02,5.186534672975540161e-02,6.891636550426483154e-02,5.242752432823181152e-01,5.242752432823181152e-01,5.306839942932128906e-01,4.655597805976867676e-01,1.193192243576049805e+00,1.193192243576049805e+00,1.088125228881835938e+00,1.125003933906555176e+00
2.900000000000000000e+02,1.445259809494018555e+00,1.445259809494018555e+00,1.331000447273254395e+00,1.372623920440673828e+00,9.530808329582214355e-01,9.530808329582214355e-01,8.612889051437377930e-01,8.992872238159179688e-01,3.632295429706573486e-01,3.632295429706573486e-01,2.882488071918487549e-01,4.133838415145874023e-01,5.384821817278862000e-02,5.384821817278862000e-02,6.006755307316780090e-02,7.933714985847473145e-02,4.760947823524475098e-02,4.760947823524475098e-02,5.310101062059402466e-02,6.946048885583877563e-02,5.260301828384399414e-01,5.260301828384399414e-01,5.359212160110473633e-01,4.687702059745788574e-01,1.187421560287475586e+00,1.187421560287475586e+00,1.088172793388366699e+00,1.121750593185424805e+00
2.910000000000000000e+02,1.441259622573852539e+00,1.441259622573852539e+00,1.327502489089965820e+00,1.372115731239318848e+00,9.499219655990600586e-01,9.499219655990600586e-01,8.532678484916687012e-01,8.960443139076232910e-01,3.631624579429626465e-01,3.631624579429626465e-01,2.890061438083648682e-01,4.148054122924804688e-01,5.565020442008972168e-02,5.565020442008972168e-02,6.227773800492286682e-02,7.998105138540267944e-02,4.842698574066162109e-02,4.842698574066162109e-02,5.489686876535415649e-02,6.989108026027679443e-02,5.304069519042968750e-01,5.304069519042968750e-01,5.388449430465698242e-01,4.719130396842956543e-01,1.193557977676391602e+00,1.193557977676391602e+00,1.088043332099914551e+00,1.123664855957031250e+00
2.920000000000000000e+02,1.434974074363708496e+00,1.434974074363708496e+00,1.319639205932617188e+00,1.366397619247436523e+00,9.461053013801574707e-01,9.461053013801574707e-01,8.507288694381713867e-01,8.864145278930664062e-01,3.626241087913513184e-01,3.626241087913513184e-01,2.891230881214141846e-01,4.125915169715881348e-01,5.689650028944015503e-02,5.689650028944015503e-02,6.383703649044036865e-02,7.977599650621414185e-02,5.011932551860809326e-02,5.011932551860809326e-02,5.726039409637451172e-02,7.059152424335479736e-02,5.326011180877685547e-01,5.326011180877685547e-01,5.415118932723999023e-01,4.755178093910217285e-01,1.192744135856628418e+00,1.192744135856628418e+00,1.084713935852050781e+00,1.123490810394287109e+00
2.930000000000000000e+02,1.427303552627563477e+00,1.427303552627563477e+00,1.315481543540954590e+00,1.361994981765747070e+00,9.412658214569091797e-01,9.412658214569091797e-01,8.421852588653564453e-01,8.872961997985839844e-01,3.642415404319763184e-01,3.642415404319763184e-01,2.891830205917358398e-01,4.145917594432830811e-01,5.827965587377548218e-02,5.827965587377548218e-02,6.528764218091964722e-02,8.008007705211639404e-02,5.172456428408622742e-02,5.172456428408622742e-02,5.933698266744613647e-02,7.082743942737579346e-02,5.362263917922973633e-01,5.362263917922973633e-01,5.460637807846069336e-01,4.773603379726409912e-01,1.192699074745178223e+00,1.192699074745178223e+00,1.085906744003295898e+00,1.125236749649047852e+00
2.940000000000000000e+02,1.419855475425720215e+00,1.419855475425720215e+00,1.305696606636047363e+00,1.353079319000244141e+00,9.349583983421325684e-01,9.349583983421325684e-01,8.380827903747558594e-01,8.835584521293640137e-01,3.628582656383514404e-01,3.628582656383514404e-01,2.901260554790496826e-01,4.132100343704223633e-01,5.951628088951110840e-02,5.951628088951110840e-02,6.747975200414657593e-02,8.000476658344268799e-02,5.303877219557762146e-02,5.303877219557762146e-02,6.293056160211563110e-02,7.030338793992996216e-02,5.362395048141479492e-01,5.362395048141479492e-01,5.475296974182128906e-01,4.807732403278350830e-01,1.187775015830993652e+00,1.187775015830993652e+00,1.082367897033691406e+00,1.123269796371459961e+00
2.950000000000000000e+02,1.417852997779846191e+00,1.417852997779846191e+00,1.298444390296936035e+00,1.352686166763305664e+00,9.299219846725463867e-01,9.299219846725463867e-01,8.300271630287170410e-01,8.848864436149597168e-01,3.620820641517639160e-01,3.620820641517639160e-01,2.911666929721832275e-01,4.151211678981781006e-01,6.048843637108802795e-02,6.048843637108802795e-02,6.859578192234039307e-02,8.003428578376770020e-02,5.435004457831382751e-02,5.435004457831382751e-02,6.490981578826904297e-02,7.105872780084609985e-02,5.399294495582580566e-01,5.399294495582580566e-01,5.486596226692199707e-01,4.854491055011749268e-01,1.184949398040771484e+00,1.184949398040771484e+00,1.080549359321594238e+00,1.118843078613281250e+00
2.960000000000000000e+02,1.405677318572998047e+00,1.405677318572998047e+00,1.296244025230407715e+00,1.347536325454711914e+00,9.264762401580810547e-01,9.264762401580810547e-01,8.243964910507202148e-01,8.806418180465698242e-01,3.614057600498199463e-01,3.614057600498199463e-01,2.899765372276306152e-01,4.151828289031982422e-01,6.153176352381706238e-02,6.153176352381706238e-02,6.964423507452011108e-02,7.994226366281509399e-02,5.611383169889450073e-02,5.611383169889450073e-02,6.832142174243927002e-02,7.242671400308609009e-02,5.409631729125976562e-01,5.409631729125976562e-01,5.516429543495178223e-01,4.874459505081176758e-01,1.182188749313354492e+00,1.182188749313354492e+00,1.077680468559265137e+00,1.123531341552734375e+00
2.970000000000000000e+02,1.404293298721313477e+00,1.404293298721313477e+00,1.292491793632507324e+00,1.342577576637268066e+00,9.228878617286682129e-01,9.228878617286682129e-01,8.190374374389648438e-01,8.794692754745483398e-01,3.631844222545623779e-01,3.631844222545623779e-01,2.925519347190856934e-01,4.166414141654968262e-01,6.310740113258361816e-02,6.310740113258361816e-02,7.101478427648544312e-02,8.000873029232025146e-02,5.768503993749618530e-02,5.768503993749618530e-02,7.129209488630294800e-02,7.261398434638977051e-02,5.452260971069335938e-01,5.452260971069335938e-01,5.542230606079101562e-01,4.888266324996948242e-01,1.181272983551025391e+00,1.181272983551025391e+00,1.069933176040649414e+00,1.118709564208984375e+00
2.980000000000000000e+02,1.397969961166381836e+00,1.397969961166381836e+00,1.285757184028625488e+00,1.337025403976440430e+00,9.183275699615478516e-01,9.183275699615478516e-01,8.158590793609619141e-01,8.800334930419921875e-01,3.626775145530700684e-01,3.626775145530700684e-01,2.933351397514343262e-01,4.167784452438354492e-01,6.404445320367813110e-02,6.404445320367813110e-02,7.256384938955307007e-02,8.076228946447372437e-02,5.973881110548973083e-02,5.973881110548973083e-02,7.488474249839782715e-02,7.298494130373001099e-02,5.474400520324707031e-01,5.474400520324707031e-01,5.540680885314941406e-01,4.927004575729370117e-01,1.180828332901000977e+00,1.180828332901000977e+00,1.069818377494812012e+00,1.118444204330444336e+00
2.990000000000000000e+02,1.389097809791564941e+00,1.389097809791564941e+00,1.279386043548583984e+00,1.331424117088317871e+00,9.148874282836914062e-01,9.148874282836914062e-01,8.086639642715454102e-01,8.775173425674438477e-01,3.629289865493774414e-01,3.629289865493774414e-01,2.938640117645263672e-01,4.163218140602111816e-01,6.485579907894134521e-02,6.485579907894134521e-02,7.348902523517608643e-02,8.055476099252700806e-02,6.236457079648971558e-02,6.236457079648971558e-02,7.798559963703155518e-02,7.412624359130859375e-02,5.464680790901184082e-01,5.464680790901184082e-01,5.531711578369140625e-01,4.956139922142028809e-01,1.180810928344726562e+00,1.180810928344726562e+00,1.066337108612060547e+00,1.120256662368774414e+00
3.000000000000000000e+02,1.384567499160766602e+00,1.384567499160766602e+00,1.268985748291015625e+00,1.321489810943603516e+00,9.122408628463745117e-01,9.122408628463745117e-01,8.075660467147827148e-01,8.801262378692626953e-01,3.626173734664916992e-01,3.626173734664916992e-01,2.953476309776306152e-01,4.170573949813842773e-01,6.538184732198715210e-02,6.538184732198715210e-02,7.295052707195281982e-02,8.131473511457443237e-02,6.456397473812103271e-02,6.456397473812103271e-02,8.111342787742614746e-02,7.409230619668960571e-02,5.485581159591674805e-01,5.485581159591674805e-01,5.522304773330688477e-01,4.987342953681945801e-01,1.171623229980468750e+00,1.171623229980468750e+00,1.063377022743225098e+00,1.116498708724975586e+00
3.010000000000000000e+02,1.375452280044555664e+00,1.375452280044555664e+00,1.264681935310363770e+00,1.316512346267700195e+00,9.116056561470031738e-01,9.116056561470031738e-01,8.021923303604125977e-01,8.779960274696350098e-01,3.635637164115905762e-01,3.635637164115905762e-01,2.956795692443847656e-01,4.150641560554504395e-01,6.613820791244506836e-02,6.613820791244506836e-02,7.565905153751373291e-02,8.117918670177459717e-02,6.692234426736831665e-02,6.692234426736831665e-02,8.553519845008850098e-02,7.517570257186889648e-02,5.498943924903869629e-01,5.498943924903869629e-01,5.538165569305419922e-01,4.993844926357269287e-01,1.168923139572143555e+00,1.168923139572143555e+00,1.056610107421875000e+00,1.117024183273315430e+00
3.020000000000000000e+02,1.369983792304992676e+00,1.369983792304992676e+00,1.256960630416870117e+00,1.312877893447875977e+00,9.070318937301635742e-01,9.070318937301635742e-01,7.979704141616821289e-01,8.796620965003967285e-01,3.631628751754760742e-01,3.631628751754760742e-01,2.966943979263305664e-01,4.163726866245269775e-01,6.671359390020370483e-02,6.671359390020370483e-02,7.635805755853652954e-02,8.144323527812957764e-02,6.966666877269744873e-02,6.966666877269744873e-02,8.930983394384384155e-02,7.520732283592224121e-02,5.503983497619628906e-01,5.503983497619628906e-01,5.522371530532836914e-01,5.017503499984741211e-01,1.168369054794311523e+00,1.168369054794311523e+00,1.050765872001647949e+00,1.112242460250854492e+00
3.030000000000000000e+02,1.363591670989990234e+00,1.363591670989990234e+00,1.253137111663818359e+00,1.311500310897827148e+00,9.014958143234252930e-01,9.014958143234252930e-01,7.917093038558959961e-01,8.797264099121093750e-01,3.606780767440795898e-01,3.606780767440795898e-01,2.983710467815399170e-01,4.146708250045776367e-01,6.669910252094268799e-02,6.669910252094268799e-02,7.657925039529800415e-02,8.215159922838211060e-02,7.127141952514648438e-02,7.127141952514648438e-02,9.302192926406860352e-02,7.623599469661712646e-02,5.453377366065979004e-01,5.453377366065979004e-01,5.511175394058227539e-01,5.033180713653564453e-01,1.155871391296386719e+00,1.155871391296386719e+00,1.051303148269653320e+00,1.108284115791320801e+00
3.040000000000000000e+02,1.357074618339538574e+00,1.357074618339538574e+00,1.244455337524414062e+00,1.303317666053771973e+00,9.019780158996582031e-01,9.019780158996582031e-01,7.895811796188354492e-01,8.807188868522644043e-01,3.610892891883850098e-01,3.610892891883850098e-01,2.990424036979675293e-01,4.159348905086517334e-01,6.760729849338531494e-02,6.760729849338531494e-02,7.772889733314514160e-02,8.264192193746566772e-02,7.397171854972839355e-02,7.397171854972839355e-02,9.578590840101242065e-02,7.585562765598297119e-02,5.463258028030395508e-01,5.463258028030395508e-01,5.492343306541442871e-01,5.047513246536254883e-01,1.158353090286254883e+00,1.158353090286254883e+00,1.045534133911132812e+00,1.100050091743469238e+00
3.050000000000000000e+02,1.349023103713989258e+00,1.349023103713989258e+00,1.237505912780761719e+00,1.298027038574218750e+00,9.020738601684570312e-01,9.020738601684570312e-01,7.833156585693359375e-01,8.797914385795593262e-01,3.620941638946533203e-01,3.620941638946533203e-01,3.013596832752227783e-01,4.156123995780944824e-01,6.755287945270538330e-02,6.755287945270538330e-02,7.859728485345840454e-02,8.208716660737991333e-02,7.642249763011932373e-02,7.642249763011932373e-02,9.909828007221221924e-02,7.701177150011062622e-02,5.471820831298828125e-01,5.471820831298828125e-01,5.481958985328674316e-01,5.068785548210144043e-01,1.151945590972900391e+00,1.151945590972900391e+00,1.037095069885253906e+00,1.102435111999511719e+00
3.060000000000000000e+02,1.341370820999145508e+00,1.341370820999145508e+00,1.230644583702087402e+00,1.290911674499511719e+00,9.008232355117797852e-01,9.008232355117797852e-01,7.796931266784667969e-01,8.808928728103637695e-01,3.613501787185668945e-01,3.613501787185668945e-01,3.032957017421722412e-01,4.149469137191772461e-01,6.817311048507690430e-02,6.817311048507690430e-02,7.873828709125518799e-02,8.318337798118591309e-02,7.884863018989562988e-02,7.884863018989562988e-02,1.033694297075271606e-01,7.774976640939712524e-02,5.448263287544250488e-01,5.448263287544250488e-01,5.485596656799316406e-01,5.077961683273315430e-01,1.149492979049682617e+00,1.149492979049682617e+00,1.034396171569824219e+00,1.097376465797424316e+00
3.070000000000000000e+02,1.335683822631835938e+00,1.335683822631835938e+00,1.227340579032897949e+00,1.287690401077270508e+00,8.969678878784179688e-01,8.969678878784179688e-01,7.779301404953002930e-01,8.810700774192810059e-01,3.621423244476318359e-01,3.621423244476318359e-01,3.048586845397949219e-01,4.145973324775695801e-01,6.874051690101623535e-02,6.874051690101623535e-02,7.969249039888381958e-02,8.295917510986328125e-02,8.083958923816680908e-02,8.083958923816680908e-02,1.066211462020874023e-01,7.825425267219543457e-02,5.446875095367431641e-01,5.446875095367431641e-01,5.462409257888793945e-01,5.107395648956298828e-01,1.140015959739685059e+00,1.140015959739685059e+00,1.029305815696716309e+00,1.095322847366333008e+00
3.080000000000000000e+02,1.330296754837036133e+00,1.330296754837036133e+00,1.212185621261596680e+00,1.283019185066223145e+00,8.968878984451293945e-01,8.968878984451293945e-01,7.728995084762573242e-01,8.811793923377990723e-01,3.608134388923645020e-01,3.608134388923645020e-01,3.055408000946044922e-01,4.159275293350219727e-01,6.899005919694900513e-02,6.899005919694900513e-02,8.041234314441680908e-02,8.327957987785339355e-02,8.382631838321685791e-02,8.382631838321685791e-02,1.096642836928367615e-01,7.945863902568817139e-02,5.424402356147766113e-01,5.424402356147766113e-01,5.435105562210083008e-01,5.109651088714599609e-01,1.138320922851562500e+00,1.138320922851562500e+00,1.021741867065429688e+00,1.089951515197753906e+00
3.090000000000000000e+02,1.326706051826477051e+00,1.326706051826477051e+00,1.212371945381164551e+00,1.273543119430541992e+00,8.953599929809570312e-01,8.953599929809570312e-01,7.689539194107055664e-01,8.818910717964172363e-01,3.612232208251953125e-01,3.612232208251953125e-01,3.038564920425415039e-01,4.151766002178192139e-01,6.918371468782424927e-02,6.918371468782424927e-02,8.044565469026565552e-02,8.368902653455734253e-02,8.607989549636840820e-02,8.607989549636840820e-02,1.128526777029037476e-01,8.034746348857879639e-02,5.414081811904907227e-01,5.414081811904907227e-01,5.411001443862915039e-01,5.114103555679321289e-01,1.134505510330200195e+00,1.134505510330200195e+00,1.018417596817016602e+00,1.084870100021362305e+00
3.100000000000000000e+02,1.318293809890747070e+00,1.318293809890747070e+00,1.202647924423217773e+00,1.272111892700195312e+00,8.961489200592041016e-01,8.961489200592041016e-01,7.669001817703247070e-01,8.840501308441162109e-01,3.616126179695129395e-01,3.616126179695129395e-01,3.091738522052764893e-01,4.132139086723327637e-01,6.941805779933929443e-02,6.941805779933929443e-02,8.075763285160064697e-02,8.410391211509704590e-02,8.815096318721771240e-02,8.815096318721771240e-02,1.164389848709106445e-01,8.080742508172988892e-02,5.395777225494384766e-01,5.395777225494384766e-01,5.391341447830200195e-01,5.112324953079223633e-01,1.130850076675415039e+00,1.130850076675415039e+00,1.014539957046508789e+00,1.082861185073852539e+00
3.110000000000000000e+02,1.313268184661865234e+00,1.313268184661865234e+00,1.196972966194152832e+00,1.261624097824096680e+00,8.934450149536132812e-01,8.934450149536132812e-01,7.659268975257873535e-01,8.839470148086547852e-01,3.618149161338806152e-01,3.618149161338806152e-01,3.119144141674041748e-01,4.140531420707702637e-01,6.963001936674118042e-02,6.963001936674118042e-02,8.049100637435913086e-02,8.430898189544677734e-02,9.046061336994171143e-02,9.046061336994171143e-02,1.192877441644668579e-01,8.181547373533248901e-02,5.373530387878417969e-01,5.373530387878417969e-01,5.384836196899414062e-01,5.144780874252319336e-01,1.122748136520385742e+00,1.122748136520385742e+00,1.009160876274108887e+00,1.077280640602111816e+00
3.120000000000000000e+02,1.306829571723937988e+00,1.306829571723937988e+00,1.191186428070068359e+00,1.264534592628479004e+00,8.921157121658325195e-01,8.921157121658325195e-01,7.608476877212524414e-01,8.875764608383178711e-01,3.623987436294555664e-01,3.623987436294555664e-01,3.143569231033325195e-01,4.156933724880218506e-01,6.884877383708953857e-02,6.884877383708953857e-02,8.146260678768157959e-02,8.466611802577972412e-02,9.251304715871810913e-02,9.251304715871810913e-02,1.216364204883575439e-01,8.276131004095077515e-02,5.348863601684570312e-01,5.348863601684570312e-01,5.343727469444274902e-01,5.136211514472961426e-01,1.116036295890808105e+00,1.116036295890808105e+00,1.001407742500305176e+00,1.073846578598022461e+00
3.130000000000000000e+02,1.301502227783203125e+00,1.301502227783203125e+00,1.182919979095458984e+00,1.255939364433288574e+00,8.922058343887329102e-01,8.922058343887329102e-01,7.606307268142700195e-01,8.871080875396728516e-01,3.627588152885437012e-01,3.627588152885437012e-01,3.173329830169677734e-01,4.145729839801788330e-01,6.901939213275909424e-02,6.901939213275909424e-02,8.194585144519805908e-02,8.473483473062515259e-02,9.418269991874694824e-02,9.418269991874694824e-02,1.241485178470611572e-01,8.292545378208160400e-02,5.338999032974243164e-01,5.338999032974243164e-01,5.291461944580078125e-01,5.151420831680297852e-01,1.107424259185791016e+00,1.107424259185791016e+00,9.956597089767456055e-01,1.064402341842651367e+00
3.140000000000000000e+02,1.291572332382202148e+00,1.291572332382202148e+00,1.180254459381103516e+00,1.249695897102355957e+00,8.912107348442077637e-01,8.912107348442077637e-01,7.579432725906372070e-01,8.913190960884094238e-01,3.623920083045959473e-01,3.623920083045959473e-01,3.179581165313720703e-01,4.147993326187133789e-01,6.883843243122100830e-02,6.883843243122100830e-02,8.175078034400939941e-02,8.498896658420562744e-02,9.588663280010223389e-02,9.588663280010223389e-02,1.272275745868682861e-01,8.331833034753799438e-02,5.332499742507934570e-01,5.332499742507934570e-01,5.269394516944885254e-01,5.143168568611145020e-01,1.106594562530517578e+00,1.106594562530517578e+00,9.877978563308715820e-01,1.059270381927490234e+00
3.150000000000000000e+02,1.289173960685729980e+00,1.289173960685729980e+00,1.171040534973144531e+00,1.247340321540832520e+00,8.905242681503295898e-01,8.905242681503295898e-01,7.563408017158508301e-01,8.861477375030517578e-01,3.624679148197174072e-01,3.624679148197174072e-01,3.192499279975891113e-01,4.128569960594177246e-01,6.832134723663330078e-02,6.832134723663330078e-02,8.156259357929229736e-02,8.575714379549026489e-02,9.751029312610626221e-02,9.751029312610626221e-02,1.292795389890670776e-01,8.430761098861694336e-02,5.295546054840087891e-01,5.295546054840087891e-01,5.244814157485961914e-01,5.158562064170837402e-01,1.096715211868286133e+00,1.096715211868286133e+00,9.822741746902465820e-01,1.057471156120300293e+00
3.160000000000000000e+02,1.285550594329833984e+00,1.285550594329833984e+00,1.164515972137451172e+00,1.242702364921569824e+00,8.929040431976318359e-01,8.929040431976318359e-01,7.527055144309997559e-01,8.906053900718688965e-01,3.652519881725311279e-01,3.652519881725311279e-01,3.226472735404968262e-01,4.146274030208587646e-01,6.781268864870071411e-02,6.781268864870071411e-02,8.171280473470687866e-02,8.582188189029693604e-02,9.897419065237045288e-02,9.897419065237045288e-02,1.315074861049652100e-01,8.507327735424041748e-02,5.279676914215087891e-01,5.279676914215087891e-01,5.186392068862915039e-01,5.172507762908935547e-01,1.090290546417236328e+00,1.090290546417236328e+00,9.755801558494567871e-01,1.053902626037597656e+00
3.170000000000000000e+02,1.278883934020996094e+00,1.278883934020996094e+00,1.161794543266296387e+00,1.239700317382812500e+00,8.913664221763610840e-01,8.913664221763610840e-01,7.502989172935485840e-01,8.929563164710998535e-01,3.666953146457672119e-01,3.666953146457672119e-01,3.224857747554779053e-01,4.126847982406616211e-01,6.660584360361099243e-02,6.660584360361099243e-02,8.116458356380462646e-02,8.568632602691650391e-02,1.000303179025650024e-01,1.000303179025650024e-01,1.331058740615844727e-01,8.573989570140838623e-02,5.260378122329711914e-01,5.260378122329711914e-01,5.150545835494995117e-01,5.145214200019836426e-01,1.082926750183105469e+00,1.082926750183105469e+00,9.688652157783508301e-01,1.048622369766235352e+00
3.180000000000000000e+02,1.272285580635070801e+00,1.272285580635070801e+00,1.153838992118835449e+00,1.236018180847167969e+00,8.859531879425048828e-01,8.859531879425048828e-01,7.515431046485900879e-01,8.959557414054870605e-01,3.678471148014068604e-01,3.678471148014068604e-01,3.279431462287902832e-01,4.147745072841644287e-01,6.581866741180419922e-02,6.581866741180419922e-02,8.108705282211303711e-02,8.613462746143341064e-02,1.003164350986480713e-01,1.003164350986480713e-01,1.347212493419647217e-01,8.551743626594543457e-02,5.237228870391845703e-01,5.237228870391845703e-01,5.121721029281616211e-01,5.173140168190002441e-01,1.076426029205322266e+00,1.076426029205322266e+00,9.616170525550842285e-01,1.045890569686889648e+00
3.190000000000000000e+02,1.269057393074035645e+00,1.269057393074035645e+00,1.150090694427490234e+00,1.227467775344848633e+00,8.890092372894287109e-01,8.890092372894287109e-01,7.487454414367675781e-01,8.962473869323730469e-01,3.683726787567138672e-01,3.683726787567138672e-01,3.277752995491027832e-01,4.146085083484649658e-01,6.449612975120544434e-02,6.449612975120544434e-02,8.046244084835052490e-02,8.572436124086380005e-02,1.018686071038246155e-01,1.018686071038246155e-01,1.357583403587341309e-01,8.578836172819137573e-02,5.202766656875610352e-01,5.202766656875610352e-01,5.073976516723632812e-01,5.172497630119323730e-01,1.064308404922485352e+00,1.064308404922485352e+00,9.581648707389831543e-01,1.033615946769714355e+00
3.200000000000000000e+02,1.262504577636718750e+00,1.262504577636718750e+00,1.141106367111206055e+00,1.223874568939208984e+00,8.893910646438598633e-01,8.893910646438598633e-01,7.463093996047973633e-01,8.943449258804321289e-01,3.716626465320587158e-01,3.716626465320587158e-01,3.313316106796264648e-01,4.139543771743774414e-01,6.378896534442901611e-02,6.378896534442901611e-02,8.013559132814407349e-02,8.597302436828613281e-02,1.024207174777984619e-01,1.024207174777984619e-01,1.372050940990447998e-01,8.626469224691390991e-02,5.175913572311401367e-01,5.175913572311401367e-01,5.019434094429016113e-01,5.150526165962219238e-01,1.061626672744750977e+00,1.061626672744750977e+00,9.509316682815551758e-01,1.033819198608398438e+00
3.210000000000000000e+02,1.256132006645202637e+00,1.256132006645202637e+00,1.139041185379028320e+00,1.222090721130371094e+00,8.904610872268676758e-01,8.904610872268676758e-01,7.470392584800720215e-01,8.970783352851867676e-01,3.728169202804565430e-01,3.728169202804565430e-01,3.345872461795806885e-01,4.138495326042175293e-01,6.195160746574401855e-02,6.195160746574401855e-02,7.964052259922027588e-02,8.574145287275314331e-02,1.033074706792831421e-01,1.033074706792831421e-01,1.372238099575042725e-01,8.578437566757202148e-02,5.148621201515197754e-01,5.148621201515197754e-01,4.979360103607177734e-01,5.139957666397094727e-01,1.045217871665954590e+00,1.045217871665954590e+00,9.431242346763610840e-01,1.024746894836425781e+00
3.220000000000000000e+02,1.251991987228393555e+00,1.251991987228393555e+00,1.132901668548583984e+00,1.219085216522216797e+00,8.932380080223083496e-01,8.932380080223083496e-01,7.415226101875305176e-01,9.011074304580688477e-01,3.746040463447570801e-01,3.746040463447570801e-01,3.353229761123657227e-01,4.136590361595153809e-01,6.100690737366676331e-02,6.100690737366676331e-02,7.839255034923553467e-02,8.552255481481552124e-02,1.043687388300895691e-01,1.043687388300895691e-01,1.383575797080993652e-01,8.591145277023315430e-02,5.112245082855224609e-01,5.112245082855224609e-01,4.893749952316284180e-01,5.114052891731262207e-01,1.044939398765563965e+00,1.044939398765563965e+00,9.346241950988769531e-01,1.020840525627136230e+00
3.230000000000000000e+02,1.248981475830078125e+00,1.248981475830078125e+00,1.127982139587402344e+00,1.212885499000549316e+00,8.916546106338500977e-01,8.916546106338500977e-01,7.436392903327941895e-01,8.985387682914733887e-01,3.763559758663177490e-01,3.763559758663177490e-01,3.399805724620819092e-01,4.129002690315246582e-01,5.951914191246032715e-02,5.951914191246032715e-02,7.832197844982147217e-02,8.520548045635223389e-02,1.045774221420288086e-01,1.045774221420288086e-01,1.384768187999725342e-01,8.586457371711730957e-02,5.076915621757507324e-01,5.076915621757507324e-01,4.865415394306182861e-01,5.133934020996093750e-01,1.035552382469177246e+00,1.035552382469177246e+00,9.259552955627441406e-01,1.010202646255493164e+00
3.240000000000000000e+02,1.240906834602355957e+00,1.240906834602355957e+00,1.118998050689697266e+00,1.209861516952514648e+00,8.908643126487731934e-01,8.908643126487731934e-01,7.413055300712585449e-01,9.017859697341918945e-01,3.779726028442382812e-01,3.779726028442382812e-01,3.418932259082794189e-01,4.129306674003601074e-01,5.820559710264205933e-02,5.820559710264205933e-02,7.795155048370361328e-02,8.587697148323059082e-02,1.045964956283569336e-01,1.045964956283569336e-01,1.384421885013580322e-01,8.505589514970779419e-02,5.058484077453613281e-01,5.058484077453613281e-01,4.802384078502655029e-01,5.123188495635986328e-01,1.026108026504516602e+00,1.026108026504516602e+00,9.197005033493041992e-01,1.007646560668945312e+00
3.250000000000000000e+02,1.237629294395446777e+00,1.237629294395446777e+00,1.116235971450805664e+00,1.206382036209106445e+00,8.935642838478088379e-01,8.935642838478088379e-01,7.432788610458374023e-01,9.014638662338256836e-01,3.803893327713012695e-01,3.803893327713012695e-01,3.434529900550842285e-01,4.141481220722198486e-01,5.699359625577926636e-02,5.699359625577926636e-02,7.738716155290603638e-02,8.636851608753204346e-02,1.046157851815223694e-01,1.046157851815223694e-01,1.381573081016540527e-01,8.547909557819366455e-02,5.037568211555480957e-01,5.037568211555480957e-01,4.758620560169219971e-01,5.096722841262817383e-01,1.020174384117126465e+00,1.020174384117126465e+00,9.113700389862060547e-01,1.001877784729003906e+00
3.260000000000000000e+02,1.233755588531494141e+00,1.233755588531494141e+00,1.113903760910034180e+00,1.204717278480529785e+00,8.938833475112915039e-01,8.938833475112915039e-01,7.409162521362304688e-01,9.048606157302856445e-01,3.824361562728881836e-01,3.824361562728881836e-01,3.451716303825378418e-01,4.138006269931793213e-01,5.626862123608589172e-02,5.626862123608589172e-02,7.669840008020401001e-02,8.636000007390975952e-02,1.043960079550743103e-01,1.043960079550743103e-01,1.370543688535690308e-01,8.581031858921051025e-02,5.009316205978393555e-01,5.009316205978393555e-01,4.699611961841583252e-01,5.073983669281005859e-01,1.012861490249633789e+00,1.012861490249633789e+00,9.072188138961791992e-01,9.937729835510253906e-01
3.270000000000000000e+02,1.231639146804809570e+00,1.231639146804809570e+00,1.107872247695922852e+00,1.199424743652343750e+00,8.933975100517272949e-01,8.933975100517272949e-01,7.429787516593933105e-01,9.044294953346252441e-01,3.842785954475402832e-01,3.842785954475402832e-01,3.465175330638885498e-01,4.125791788101196289e-01,5.529122054576873779e-02,5.529122054576873779e-02,7.646870613098144531e-02,8.630944043397903442e-02,1.037980169057846069e-01,1.037980169057846069e-01,1.367496997117996216e-01,8.558753877878189087e-02,4.972755312919616699e-01,4.972755312919616699e-01,4.627466797828674316e-01,5.053529143333435059e-01,1.000808119773864746e+00,1.000808119773864746e+00,9.020301103591918945e-01,9.886980056762695312e-01
3.280000000000000000e+02,1.227315187454223633e+00,1.227315187454223633e+00,1.101476430892944336e+00,1.200124144554138184e+00,8.942337036132812500e-01,8.942337036132812500e-01,7.416011095046997070e-01,9.044514894485473633e-01,3.846530616283416748e-01,3.846530616283416748e-01,3.501567244529724121e-01,4.126640260219573975e-01,5.462483316659927368e-02,5.462483316659927368e-02,7.577437162399291992e-02,8.721944689750671387e-02,1.028494238853454590e-01,1.028494238853454590e-01,1.351180970668792725e-01,8.521293103694915771e-02,4.928061962127685547e-01,4.928061962127685547e-01,4.592281877994537354e-01,5.053218603134155273e-01,9.978383779525756836e-01,9.978383779525756836e-01,8.949421048164367676e-01,9.879413843154907227e-01
3.290000000000000000e+02,1.222204327583312988e+00,1.222204327583312988e+00,1.098723173141479492e+00,1.192593574523925781e+00,8.925837278366088867e-01,8.925837278366088867e-01,7.354547977447509766e-01,9.063103199005126953e-01,3.862968981266021729e-01,3.862968981266021729e-01,3.510724902153015137e-01,4.141418337821960449e-01,5.412601679563522339e-02,5.412601679563522339e-02,7.511427998542785645e-02,8.722335100173950195e-02,1.016248166561126709e-01,1.016248166561126709e-01,1.341339647769927979e-01,8.529825508594512939e-02,4.868914484977722168e-01,4.868914484977722168e-01,4.504702687263488770e-01,5.031768083572387695e-01,9.900823235511779785e-01,9.900823235511779785e-01,8.838077187538146973e-01,9.796727895736694336e-01
3.300000000000000000e+02,1.216616153717041016e+00,1.216616153717041016e+00,1.093168497085571289e+00,1.194483280181884766e+00,8.929337859153747559e-01,8.929337859153747559e-01,7.415170073509216309e-01,9.044535756111145020e-01,3.881857991218566895e-01,3.881857991218566895e-01,3.529035449028015137e-01,4.121924638748168945e-01,5.288907140493392944e-02,5.288907140493392944e-02,7.416313886642456055e-02,8.735999464988708496e-02,1.008893549442291260e-01,1.008893549442291260e-01,1.322442889213562012e-01,8.525018393993377686e-02,4.858618080615997314e-01,4.858618080615997314e-01,4.449828267097473145e-01,4.968692660331726074e-01,9.780057668685913086e-01,9.780057668685913086e-01,8.818784952163696289e-01,9.738064408302307129e-01
3.310000000000000000e+02,1.215944528579711914e+00,1.215944528579711914e+00,1.087082147598266602e+00,1.192185521125793457e+00,8.900576233863830566e-01,8.900576233863830566e-01,7.391667366027832031e-01,9.091566801071166992e-01,3.891409635543823242e-01,3.891409635543823242e-01,3.551904857158660889e-01,4.134063124656677246e-01,5.304963886737823486e-02,5.304963886737823486e-02,7.428674399852752686e-02,8.747103810310363770e-02,9.938164055347442627e-02,9.938164055347442627e-02,1.303410381078720093e-01,8.431369811296463013e-02,4.809216856956481934e-01,4.809216856956481934e-01,4.403775632381439209e-01,4.978824853897094727e-01,9.779518842697143555e-01,9.779518842697143555e-01,8.714606761932373047e-01,9.684669971466064453e-01
3.320000000000000000e+02,1.210423469543457031e+00,1.210423469543457031e+00,1.085707068443298340e+00,1.193060159683227539e+00,8.913722038269042969e-01,8.913722038269042969e-01,7.418087720870971680e-01,9.022799730300903320e-01,3.913259506225585938e-01,3.913259506225585938e-01,3.553814888000488281e-01,4.125573933124542236e-01,5.307384580373764038e-02,5.307384580373764038e-02,7.438138872385025024e-02,8.772315084934234619e-02,9.802769124507904053e-02,9.802769124507904053e-02,1.285908073186874390e-01,8.459973335266113281e-02,4.768247902393341064e-01,4.768247902393341064e-01,4.338243603706359863e-01,4.960346817970275879e-01,9.719756245613098145e-01,9.719756245613098145e-01,8.671964406967163086e-01,9.650200605392456055e-01
3.330000000000000000e+02,1.207334995269775391e+00,1.207334995269775391e+00,1.084559679031372070e+00,1.189668178558349609e+00,8.918207883834838867e-01,8.918207883834838867e-01,7.414319515228271484e-01,9.086593985557556152e-01,3.891983032226562500e-01,3.891983032226562500e-01,3.579256832599639893e-01,4.126072525978088379e-01,5.310566350817680359e-02,5.310566350817680359e-02,7.419310510158538818e-02,8.662103116512298584e-02,9.604889154434204102e-02,9.604889154434204102e-02,1.263142526149749756e-01,8.447028696537017822e-02,4.714052379131317139e-01,4.714052379131317139e-01,4.286676943302154541e-01,4.920862913131713867e-01,9.631823301315307617e-01,9.631823301315307617e-01,8.605533838272094727e-01,9.561984539031982422e-01
3.340000000000000000e+02,1.207751035690307617e+00,1.207751035690307617e+00,1.076835870742797852e+00,1.188092112541198730e+00,8.946266174316406250e-01,8.946266174316406250e-01,7.414628267288208008e-01,9.088401198387145996e-01,3.947221338748931885e-01,3.947221338748931885e-01,3.577716350555419922e-01,4.128971695899963379e-01,5.273399502038955688e-02,5.273399502038955688e-02,7.419625669717788696e-02,8.800440281629562378e-02,9.450346231460571289e-02,9.450346231460571289e-02,1.241198033094406128e-01,8.423769474029541016e-02,4.706783890724182129e-01,4.706783890724182129e-01,4.221804738044738770e-01,4.904668033123016357e-01,9.600773453712463379e-01,9.600773453712463379e-01,8.520563840866088867e-01,9.545499086380004883e-01
3.350000000000000000e+02,1.203061103820800781e+00,1.203061103820800781e+00,1.077674508094787598e+00,1.183506965637207031e+00,8.930469155311584473e-01,8.930469155311584473e-01,7.408109903335571289e-01,9.086352586746215820e-01,3.938315510749816895e-01,3.938315510749816895e-01,3.584522306919097900e-01,4.118556976318359375e-01,5.300103127956390381e-02,5.300103127956390381e-02,7.400348782539367676e-02,8.891963213682174683e-02,9.237997233867645264e-02,9.237997233867645264e-02,1.216762959957122803e-01,8.363144844770431519e-02,4.634854793548583984e-01,4.634854793548583984e-01,4.165434241294860840e-01,4.867683947086334229e-01,9.530847072601318359e-01,9.530847072601318359e-01,8.500561714172363281e-01,9.483622908592224121e-01
3.360000000000000000e+02,1.202983379364013672e+00,1.202983379364013672e+00,1.075858592987060547e+00,1.184249758720397949e+00,8.918940424919128418e-01,8.918940424919128418e-01,7.437133789062500000e-01,9.104092121124267578e-01,3.973851799964904785e-01,3.973851799964904785e-01,3.616004586219787598e-01,4.137212634086608887e-01,5.316095426678657532e-02,5.316095426678657532e-02,7.472285628318786621e-02,8.888809382915496826e-02,9.041308611631393433e-02,9.041308611631393433e-02,1.189525797963142395e-01,8.298101276159286499e-02,4.622672200202941895e-01,4.622672200202941895e-01,4.102621674537658691e-01,4.836998581886291504e-01,9.496819972991943359e-01,9.496819972991943359e-01,8.448923826217651367e-01,9.467144012451171875e-01
3.370000000000000000e+02,1.201696634292602539e+00,1.201696634292602539e+00,1.071106910705566406e+00,1.181715130805969238e+00,8.949264287948608398e-01,8.949264287948608398e-01,7.441371679306030273e-01,9.056974053382873535e-01,3.966333866119384766e-01,3.966333866119384766e-01,3.606722354888916016e-01,4.110800027847290039e-01,5.363155528903007507e-02,5.363155528903007507e-02,7.461705058813095093e-02,8.874440193176269531e-02,8.763448148965835571e-02,8.763448148965835571e-02,1.155090406537055969e-01,8.274355530738830566e-02,4.564618170261383057e-01,4.564618170261383057e-01,4.035955071449279785e-01,4.814538359642028809e-01,9.447264075279235840e-01,9.447264075279235840e-01,8.365825414657592773e-01,9.464946389198303223e-01
3.380000000000000000e+02,1.199362039566040039e+00,1.199362039566040039e+00,1.063317775726318359e+00,1.179904341697692871e+00,8.948140740394592285e-01,8.948140740394592285e-01,7.443444728851318359e-01,9.083447456359863281e-01,3.986705541610717773e-01,3.986705541610717773e-01,3.626382648944854736e-01,4.125156104564666748e-01,5.390815064311027527e-02,5.390815064311027527e-02,7.538976520299911499e-02,8.910180628299713135e-02,8.558850735425949097e-02,8.558850735425949097e-02,1.127792894840240479e-01,8.231851458549499512e-02,4.532180428504943848e-01,4.532180428504943848e-01,3.984888195991516113e-01,4.785373806953430176e-01,9.380728006362915039e-01,9.380728006362915039e-01,8.325124979019165039e-01,9.418886899948120117e-01
3.390000000000000000e+02,1.196653246879577637e+00,1.196653246879577637e+00,1.061412334442138672e+00,1.181619167327880859e+00,8.945046663284301758e-01,8.945046663284301758e-01,7.444725632667541504e-01,9.052744507789611816e-01,3.976761698722839355e-01,3.976761698722839355e-01,3.654064834117889404e-01,4.122055172920227051e-01,5.380199104547500610e-02,5.380199104547500610e-02,7.547106593847274780e-02,8.995559811592102051e-02,8.315683901309967041e-02,8.315683901309967041e-02,1.091581881046295166e-01,8.106769621372222900e-02,4.453754425048828125e-01,4.453754425048828125e-01,3.916229009628295898e-01,4.741063714027404785e-01,9.317836761474609375e-01,9.317836761474609375e-01,8.269689083099365234e-01,9.384340047836303711e-01
3.400000000000000000e+02,1.194345831871032715e+00,1.194345831871032715e+00,1.063899040222167969e+00,1.181574463844299316e+00,8.949787616729736328e-01,8.949787616729736328e-01,7.466635704040527344e-01,9.091711044311523438e-01,3.985688090324401855e-01,3.985688090324401855e-01,3.641681075096130371e-01,4.125418066978454590e-01,5.424627661705017090e-02,5.424627661705017090e-02,7.604159414768218994e-02,9.018649160861968994e-02,8.030116558074951172e-02,8.030116558074951172e-02,1.060279309749603271e-01,8.138456940650939941e-02,4.410144090652465820e-01,4.410144090652465820e-01,3.869227170944213867e-01,4.679967164993286133e-01,9.294633865356445312e-01,9.294633865356445312e-01,8.234493136405944824e-01,9.337932467460632324e-01
3.410000000000000000e+02,1.194793701171875000e+00,1.194793701171875000e+00,1.062227487564086914e+00,1.179689407348632812e+00,8.926845788955688477e-01,8.926845788955688477e-01,7.447555065155029297e-01,9.096153974533081055e-01,3.991014659404754639e-01,3.991014659404754639e-01,3.647438883781433105e-01,4.104281961917877197e-01,5.493028461933135986e-02,5.493028461933135986e-02,7.588033378124237061e-02,8.993181586265563965e-02,7.766997814178466797e-02,7.766997814178466797e-02,1.030835062265396118e-01,8.087159693241119385e-02,4.366559684276580811e-01,4.366559684276580811e-01,3.814745247364044189e-01,4.683533310890197754e-01,9.208549261093139648e-01,9.208549261093139648e-01,8.160978555679321289e-01,9.254331588745117188e-01
3.420000000000000000e+02,1.192364811897277832e+00,1.192364811897277832e+00,1.057493925094604492e+00,1.175572991371154785e+00,8.958203792572021484e-01,8.958203792572021484e-01,7.507655620574951172e-01,9.097801446914672852e-01,4.006724059581756592e-01,4.006724059581756592e-01,3.653764724731445312e-01,4.102088510990142822e-01,5.587000027298927307e-02,5.587000027298927307e-02,7.669389247894287109e-02,8.993533253669738770e-02,7.567115128040313721e-02,7.567115128040313721e-02,9.981113672256469727e-02,7.985407114028930664e-02,4.337027966976165771e-01,4.337027966976165771e-01,3.737877011299133301e-01,4.633491635322570801e-01,9.219233989715576172e-01,9.219233989715576172e-01,8.135013580322265625e-01,9.240998029708862305e-01
3.430000000000000000e+02,1.191997289657592773e+00,1.191997289657592773e+00,1.057904839515686035e+00,1.177197933197021484e+00,8.953110575675964355e-01,8.953110575675964355e-01,7.528592348098754883e-01,9.093487262725830078e-01,4.025629758834838867e-01,4.025629758834838867e-01,3.670015335083007812e-01,4.111118316650390625e-01,5.634532868862152100e-02,5.634532868862152100e-02,7.734253257513046265e-02,9.040657430887222290e-02,7.361834496259689331e-02,7.361834496259689331e-02,9.668624401092529297e-02,7.964421808719635010e-02,4.297863245010375977e-01,4.297863245010375977e-01,3.707859516143798828e-01,4.602526426315307617e-01,9.173808097839355469e-01,9.173808097839355469e-01,8.070519566535949707e-01,9.253483414649963379e-01
3.440000000000000000e+02,1.188975095748901367e+00,1.188975095748901367e+00,1.056835412979125977e+00,1.174865722656250000e+00,8.959895372390747070e-01,8.959895372390747070e-01,7.512090802192687988e-01,9.084526300430297852e-01,4.034880101680755615e-01,4.034880101680755615e-01,3.688039183616638184e-01,4.120519161224365234e-01,5.718372762203216553e-02,5.718372762203216553e-02,7.814186811447143555e-02,9.100154787302017212e-02,7.102341204881668091e-02,7.102341204881668091e-02,9.332031756639480591e-02,7.990410923957824707e-02,4.266170859336853027e-01,4.266170859336853027e-01,3.664172589778900146e-01,4.591566026210784912e-01,9.150995016098022461e-01,9.150995016098022461e-01,8.012386560440063477e-01,9.245718717575073242e-01
3.450000000000000000e+02,1.190688610076904297e+00,1.190688610076904297e+00,1.055694341659545898e+00,1.176531434059143066e+00,8.969007730484008789e-01,8.969007730484008789e-01,7.571880817413330078e-01,9.107134342193603516e-01,4.025343656539916992e-01,4.025343656539916992e-01,3.653810620307922363e-01,4.133739769458770752e-01,5.840636789798736572e-02,5.840636789798736572e-02,7.895301282405853271e-02,9.155688434839248657e-02,6.926088035106658936e-02,6.926088035106658936e-02,9.013547003269195557e-02,7.928272336721420288e-02,4.210163950920104980e-01,4.210163950920104980e-01,3.621987402439117432e-01,4.559534788131713867e-01,9.124942421913146973e-01,9.124942421913146973e-01,8.000407218933105469e-01,9.208721518516540527e-01
3.460000000000000000e+02,1.191230535507202148e+00,1.191230535507202148e+00,1.050325632095336914e+00,1.175318837165832520e+00,9.001600146293640137e-01,9.001600146293640137e-01,7.578153610229492188e-01,9.092017412185668945e-01,4.042692780494689941e-01,4.042692780494689941e-01,3.712276220321655273e-01,4.128163158893585205e-01,5.942465364933013916e-02,5.942465364933013916e-02,7.993744313716888428e-02,9.269560873508453369e-02,6.721703708171844482e-02,6.721703708171844482e-02,8.757302165031433105e-02,7.912617921829223633e-02,4.167428314685821533e-01,4.167428314685821533e-01,3.568844497203826904e-01,4.549387097358703613e-01,9.074682593345642090e-01,9.074682593345642090e-01,7.978923320770263672e-01,9.215558767318725586e-01
3.470000000000000000e+02,1.186380267143249512e+00,1.186380267143249512e+00,1.052270174026489258e+00,1.179474711418151855e+00,9.005356431007385254e-01,9.005356431007385254e-01,7.591860294342041016e-01,9.106999635696411133e-01,4.042908847332000732e-01,4.042908847332000732e-01,3.721050024032592773e-01,4.133263230323791504e-01,6.044637784361839294e-02,6.044637784361839294e-02,8.091782778501510620e-02,9.238083660602569580e-02,6.535838544368743896e-02,6.535838544368743896e-02,8.428981900215148926e-02,7.964319735765457153e-02,4.139268398284912109e-01,4.139268398284912109e-01,3.527753353118896484e-01,4.519874751567840576e-01,9.049766659736633301e-01,9.049766659736633301e-01,7.922731637954711914e-01,9.172192811965942383e-01
3.480000000000000000e+02,1.183699131011962891e+00,1.183699131011962891e+00,1.053335905075073242e+00,1.180706501007080078e+00,8.983247876167297363e-01,8.983247876167297363e-01,7.618453502655029297e-01,9.079883694648742676e-01,4.042824506759643555e-01,4.042824506759643555e-01,3.723057806491851807e-01,4.159541130065917969e-01,6.166225671768188477e-02,6.166225671768188477e-02,8.160049468278884888e-02,9.427664428949356079e-02,6.275941431522369385e-02,6.275941431522369385e-02,8.141438663005828857e-02,7.999058067798614502e-02,4.065449237823486328e-01,4.065449237823486328e-01,3.513571918010711670e-01,4.478576779365539551e-01,9.043200016021728516e-01,9.043200016021728516e-01,7.934801578521728516e-01,9.131886959075927734e-01
3.490000000000000000e+02,1.188539505004882812e+00,1.188539505004882812e+00,1.053637981414794922e+00,1.180130720138549805e+00,9.012243747711181641e-01,9.012243747711181641e-01,7.649800181388854980e-01,9.126499891281127930e-01,4.066498577594757080e-01,4.066498577594757080e-01,3.741430640220642090e-01,4.154636263847351074e-01,6.332556158304214478e-02,6.332556158304214478e-02,8.368720859289169312e-02,9.492486715316772461e-02,6.128092855215072632e-02,6.128092855215072632e-02,7.913843542337417603e-02,8.060416579246520996e-02,4.058143496513366699e-01,4.058143496513366699e-01,3.475956618785858154e-01,4.421753585338592529e-01,9.016075134277343750e-01,9.016075134277343750e-01,7.887116670608520508e-01,9.131091237068176270e-01
3.500000000000000000e+02,1.189667940139770508e+00,1.189667940139770508e+00,1.052017331123352051e+00,1.179538965225219727e+00,9.037049412727355957e-01,9.037049412727355957e-01,7.688251137733459473e-01,9.128841161727905273e-01,4.077154994010925293e-01,4.077154994010925293e-01,3.765324950218200684e-01,4.175642132759094238e-01,6.432743370532989502e-02,6.432743370532989502e-02,8.421568572521209717e-02,9.551845490932464600e-02,6.003790348768234253e-02,6.003790348768234253e-02,7.664246857166290283e-02,8.153042197227478027e-02,4.033005237579345703e-01,4.033005237579345703e-01,3.426415324211120605e-01,4.440461993217468262e-01,8.997710943222045898e-01,8.997710943222045898e-01,7.882452011108398438e-01,9.110950827598571777e-01
3.510000000000000000e+02,1.189598083496093750e+00,1.189598083496093750e+00,1.049265980720520020e+00,1.180757284164428711e+00,9.045438766479492188e-01,9.045438766479492188e-01,7.748738527297973633e-01,9.134271144866943359e-01,4.105841815471649170e-01,4.105841815471649170e-01,3.780177235603332520e-01,4.196863174438476562e-01,6.577957421541213989e-02,6.577957421541213989e-02,8.593340218067169189e-02,9.659569710493087769e-02,5.812509357929229736e-02,5.812509357929229736e-02,7.496628165245056152e-02,8.196580410003662109e-02,4.007512331008911133e-01,4.007512331008911133e-01,3.415673673152923584e-01,4.406474828720092773e-01,8.964220285415649414e-01,8.964220285415649414e-01,7.830294370651245117e-01,9.093476533889770508e-01
3.520000000000000000e+02,1.188254237174987793e+00,1.188254237174987793e+00,1.053706645965576172e+00,1.180977463722229004e+00,9.085016250610351562e-01,9.085016250610351562e-01,7.771732211112976074e-01,9.146553874015808105e-01,4.120989441871643066e-01,4.120989441871643066e-01,3.803787827491760254e-01,4.211735725402832031e-01,6.685778498649597168e-02,6.685778498649597168e-02,8.752328902482986450e-02,9.744635969400405884e-02,5.726101621985435486e-02,5.726101621985435486e-02,7.324725389480590820e-02,8.339188992977142334e-02,3.982339203357696533e-01,3.982339203357696533e-01,3.392910063266754150e-01,4.408540725708007812e-01,8.952394723892211914e-01,8.952394723892211914e-01,7.827688455581665039e-01,9.083950519561767578e-01
3.530000000000000000e+02,1.187739849090576172e+00,1.187739849090576172e+00,1.054560422897338867e+00,1.179684638977050781e+00,9.077209234237670898e-01,9.077209234237670898e-01,7.790707349777221680e-01,9.157242178916931152e-01,4.141217768192291260e-01,4.141217768192291260e-01,3.835213482379913330e-01,4.233644604682922363e-01,6.859206408262252808e-02,6.859206408262252808e-02,8.839701116085052490e-02,9.755292534828186035e-02,5.603031814098358154e-02,5.603031814098358154e-02,7.116039097309112549e-02,8.421666175127029419e-02,3.958047628402709961e-01,3.958047628402709961e-01,3.373695611953735352e-01,4.379976391792297363e-01,8.957455754280090332e-01,8.957455754280090332e-01,7.788785696029663086e-01,9.123284816741943359e-01
3.540000000000000000e+02,1.188993692398071289e+00,1.188993692398071289e+00,1.053386926651000977e+00,1.183946251869201660e+00,9.113887548446655273e-01,9.113887548446655273e-01,7.778291106224060059e-01,9.177224636077880859e-01,4.157675206661224365e-01,4.157675206661224365e-01,3.839095532894134521e-01,4.245082736015319824e-01,6.940783560276031494e-02,6.940783560276031494e-02,8.949971199035644531e-02,9.862749278545379639e-02,5.521466583013534546e-02,5.521466583013534546e-02,6.972327083349227905e-02,8.537359535694122314e-02,3.945410847663879395e-01,3.945410847663879395e-01,3.361435830593109131e-01,4.360896348953247070e-01,8.950430154800415039e-01,8.950430154800415039e-01,7.788851857185363770e-01,9.112515449523925781e-01
3.550000000000000000e+02,1.193201422691345215e+00,1.193201422691345215e+00,1.050801515579223633e+00,1.180276393890380859e+00,9.151595830917358398e-01,9.151595830917358398e-01,7.888389825820922852e-01,9.159145355224609375e-01,4.184949994087219238e-01,4.184949994087219238e-01,3.864718079566955566e-01,4.263315200805664062e-01,7.048760354518890381e-02,7.048760354518890381e-02,9.166549146175384521e-02,9.947821497917175293e-02,5.498285591602325439e-02,5.498285591602325439e-02,6.868747621774673462e-02,8.615908026695251465e-02,3.931168317794799805e-01,3.931168317794799805e-01,3.351919054985046387e-01,4.351603984832763672e-01,8.938773870468139648e-01,8.938773870468139648e-01,7.805409431457519531e-01,9.104647636413574219e-01
3.560000000000000000e+02,1.191319823265075684e+00,1.191319823265075684e+00,1.052777886390686035e+00,1.184046030044555664e+00,9.168130755424499512e-01,9.168130755424499512e-01,7.927663922309875488e-01,9.182915687561035156e-01,4.203061759471893311e-01,4.203061759471893311e-01,3.870438337326049805e-01,4.281722903251647949e-01,7.236008346080780029e-02,7.236008346080780029e-02,9.239736199378967285e-02,9.970491379499435425e-02,5.426465347409248352e-02,5.426465347409248352e-02,6.757875531911849976e-02,8.727762103080749512e-02,3.917785286903381348e-01,3.917785286903381348e-01,3.343387544155120850e-01,4.345694184303283691e-01,8.947992920875549316e-01,8.947992920875549316e-01,7.792066335678100586e-01,9.089245796203613281e-01
3.570000000000000000e+02,1.191495418548583984e+00,1.191495418548583984e+00,1.057003259658813477e+00,1.183970451354980469e+00,9.201841354370117188e-01,9.201841354370117188e-01,7.984445095062255859e-01,9.221062660217285156e-01,4.194578528404235840e-01,4.194578528404235840e-01,3.906013965606689453e-01,4.290358424186706543e-01,7.265250384807586670e-02,7.265250384807586670e-02,9.302468597888946533e-02,1.001380980014801025e-01,5.345392227172851562e-02,5.345392227172851562e-02,6.678009033203125000e-02,8.878184109926223755e-02,3.873444795608520508e-01,3.873444795608520508e-01,3.326242566108703613e-01,4.338539540767669678e-01,8.923871517181396484e-01,8.923871517181396484e-01,7.747245430946350098e-01,9.045180082321166992e-01
3.580000000000000000e+02,1.193010210990905762e+00,1.193010210990905762e+00,1.057607412338256836e+00,1.183623313903808594e+00,9.232705831527709961e-01,9.232705831527709961e-01,8.047165870666503906e-01,9.218224287033081055e-01,4.220353662967681885e-01,4.220353662967681885e-01,3.923564851284027100e-01,4.321196079254150391e-01,7.361157983541488647e-02,7.361157983541488647e-02,9.431437402963638306e-02,1.005739122629165649e-01,5.322268232703208923e-02,5.322268232703208923e-02,6.537649035453796387e-02,9.034712612628936768e-02,3.867270350456237793e-01,3.867270350456237793e-01,3.302180469036102295e-01,4.307543337345123291e-01,8.918842077255249023e-01,8.918842077255249023e-01,7.736108303070068359e-01,9.092982411384582520e-01
3.590000000000000000e+02,1.193351387977600098e+00,1.193351387977600098e+00,1.060152530670166016e+00,1.189082622528076172e+00,9.256235957145690918e-01,9.256235957145690918e-01,8.069955110549926758e-01,9.231953620910644531e-01,4.251291155815124512e-01,4.251291155815124512e-01,3.945194184780120850e-01,4.330633878707885742e-01,7.460895180702209473e-02,7.460895180702209473e-02,9.568341076374053955e-02,1.015170440077781677e-01,5.373706668615341187e-02,5.373706668615341187e-02,6.448930501937866211e-02,9.118814021348953247e-02,3.858049511909484863e-01,3.858049511909484863e-01,3.310828804969787598e-01,4.269570112228393555e-01,8.896987438201904297e-01,8.896987438201904297e-01,7.758255004882812500e-01,9.063686132431030273e-01
