0.000000000000000000e+00,8.471930623054504395e-01,8.471930623054504395e-01,8.139371871948242188e-01,7.757821083068847656e-01,6.246928572654724121e-01,6.246928572654724121e-01,5.859136581420898438e-01,5.413153171539306641e-01,1.858519315719604492e-01,1.858519315719604492e-01,2.038888186216354370e-01,1.354235112667083740e-01,3.647384047508239746e-02,3.647384047508239746e-02,5.383848398923873901e-02,3.392164409160614014e-02,2.955035679042339325e-02,2.955035679042339325e-02,2.954826131463050842e-02,2.819572016596794128e-02,1.947389990091323853e-01,1.947389990091323853e-01,1.697092354297637939e-01,1.903119385242462158e-01,6.442720890045166016e-01,6.442720890045166016e-01,6.107257008552551270e-01,5.859846472740173340e-01
1.000000000000000000e+00,8.501823544502258301e-01,8.501823544502258301e-01,8.139257431030273438e-01,7.752445340156555176e-01,6.207964420318603516e-01,6.207964420318603516e-01,5.827946662902832031e-01,5.372155308723449707e-01,1.862047612667083740e-01,1.862047612667083740e-01,2.045093178749084473e-01,1.369067132472991943e-01,3.705790266394615173e-02,3.705790266394615173e-02,5.413072556257247925e-02,3.531488403677940369e-02,2.799403294920921326e-02,2.799403294920921326e-02,2.774725854396820068e-02,2.683819457888603210e-02,1.980378329753875732e-01,1.980378329753875732e-01,1.730897575616836548e-01,1.931487023830413818e-01,6.459021568298339844e-01,6.459021568298339844e-01,6.138846278190612793e-01,5.876650810241699219e-01
2.000000000000000000e+00,8.497180938720703125e-01,8.497180938720703125e-01,8.135469555854797363e-01,7.746636867523193359e-01,6.165335178375244141e-01,6.165335178375244141e-01,5.794592499732971191e-01,5.329497456550598145e-01,1.863307058811187744e-01,1.863307058811187744e-01,2.051546573638916016e-01,1.373813450336456299e-01,3.813147544860839844e-02,3.813147544860839844e-02,5.198612064123153687e-02,3.650219365954399109e-02,2.627115510404109955e-02,2.627115510404109955e-02,2.591791749000549316e-02,2.531351521611213684e-02,2.010954022407531738e-01,2.010954022407531738e-01,1.764144748449325562e-01,1.966249197721481323e-01,6.494131088256835938e-01,6.494131088256835938e-01,6.166832447052001953e-01,5.890824198722839355e-01
3.000000000000000000e+00,8.491516709327697754e-01,8.491516709327697754e-01,8.131761550903320312e-01,7.739554643630981445e-01,6.122084259986877441e-01,6.122084259986877441e-01,5.759751796722412109e-01,5.285385847091674805e-01,1.860614717006683350e-01,1.860614717006683350e-01,2.055077552795410156e-01,1.378154456615447998e-01,3.903801366686820984e-02,3.903801366686820984e-02,5.413233488798141479e-02,3.761412575840950012e-02,2.438108064234256744e-02,2.438108064234256744e-02,2.394635044038295746e-02,2.385895699262619019e-02,2.038975954055786133e-01,2.038975954055786133e-01,1.792407333850860596e-01,1.993687748908996582e-01,6.519740223884582520e-01,6.519740223884582520e-01,6.195917725563049316e-01,5.900785923004150391e-01
4.000000000000000000e+00,8.473191261291503906e-01,8.473191261291503906e-01,8.127183318138122559e-01,7.731671333312988281e-01,6.077687740325927734e-01,6.077687740325927734e-01,5.722987651824951172e-01,5.239574909210205078e-01,1.859016865491867065e-01,1.859016865491867065e-01,2.054564654827117920e-01,1.380127966403961182e-01,3.976650536060333252e-02,3.976650536060333252e-02,5.385283008217811584e-02,3.834042325615882874e-02,2.233692631125450134e-02,2.233692631125450134e-02,2.183814160525798798e-02,2.194801345467567444e-02,2.064720988273620605e-01,2.064720988273620605e-01,1.825504302978515625e-01,2.019206583499908447e-01,6.542807817459106445e-01,6.542807817459106445e-01,6.221793293952941895e-01,5.911587476730346680e-01
5.000000000000000000e+00,8.477159738540649414e-01,8.477159738540649414e-01,8.121485114097595215e-01,7.722153067588806152e-01,6.026146411895751953e-01,6.026146411895751953e-01,5.684486627578735352e-01,5.191914439201354980e-01,1.852309405803680420e-01,1.852309405803680420e-01,2.055763602256774902e-01,1.381432861089706421e-01,4.031468555331230164e-02,4.031468555331230164e-02,5.338256806135177612e-02,3.940885886549949646e-02,2.012271992862224579e-02,2.012271992862224579e-02,1.959716901183128357e-02,2.034927718341350555e-02,2.087847143411636353e-01,2.087847143411636353e-01,1.856458038091659546e-01,2.042379081249237061e-01,6.563131809234619141e-01,6.563131809234619141e-01,6.245931982994079590e-01,5.919439196586608887e-01
6.000000000000000000e+00,8.468481302261352539e-01,8.468481302261352539e-01,8.115553259849548340e-01,7.712202072143554688e-01,5.979915857315063477e-01,5.979915857315063477e-01,5.645089149475097656e-01,5.143550038337707520e-01,1.845670193433761597e-01,1.845670193433761597e-01,2.056613266468048096e-01,1.383926570415496826e-01,4.068234190344810486e-02,4.068234190344810486e-02,5.272956192493438721e-02,3.995928168296813965e-02,1.774771139025688171e-02,1.774771139025688171e-02,1.723152957856655121e-02,1.845056936144828796e-02,2.108429223299026489e-01,2.108429223299026489e-01,1.884838640689849854e-01,2.064490616321563721e-01,6.578131318092346191e-01,6.578131318092346191e-01,6.267032027244567871e-01,5.925356149673461914e-01
7.000000000000000000e+00,8.458818197250366211e-01,8.458818197250366211e-01,8.108324408531188965e-01,7.701049447059631348e-01,5.927923917770385742e-01,5.927923917770385742e-01,5.602954626083374023e-01,5.076375007629394531e-01,1.835619211196899414e-01,1.835619211196899414e-01,2.059774994850158691e-01,1.389115005731582642e-01,4.086861386895179749e-02,4.086861386895179749e-02,5.189132690429687500e-02,4.061676189303398132e-02,1.521478872746229172e-02,1.521478872746229172e-02,1.486285217106342316e-02,1.652761362493038177e-02,2.126443088054656982e-01,2.126443088054656982e-01,1.917282938957214355e-01,2.090680450201034546e-01,6.595563292503356934e-01,6.595563292503356934e-01,6.286357045173645020e-01,5.928600430488586426e-01
8.000000000000000000e+00,8.446385264396667480e-01,8.446385264396667480e-01,8.083904385566711426e-01,7.687118649482727051e-01,5.873944759368896484e-01,5.873944759368896484e-01,5.562264919281005859e-01,5.042657852172851562e-01,1.823332011699676514e-01,1.823332011699676514e-01,2.065762728452682495e-01,1.398301869630813599e-01,4.087395220994949341e-02,4.087395220994949341e-02,5.116187036037445068e-02,4.109066724777221680e-02,1.255223061889410019e-02,1.255223061889410019e-02,1.234934199601411819e-02,1.423953846096992493e-02,2.142016291618347168e-01,2.142016291618347168e-01,1.952256560325622559e-01,2.118495851755142212e-01,6.607849597930908203e-01,6.607849597930908203e-01,6.302999258041381836e-01,5.929290056228637695e-01
9.000000000000000000e+00,8.436407446861267090e-01,8.436407446861267090e-01,8.091585636138916016e-01,7.674276232719421387e-01,5.822003483772277832e-01,5.822003483772277832e-01,5.521585345268249512e-01,4.993179440498352051e-01,1.814398467540740967e-01,1.814398467540740967e-01,2.065373063087463379e-01,1.410877406597137451e-01,4.109031334519386292e-02,4.109031334519386292e-02,5.066224932670593262e-02,4.174207523465156555e-02,1.065676007419824600e-02,1.065676007419824600e-02,1.066945679485797882e-02,1.302027795463800430e-02,2.168004959821701050e-01,2.168004959821701050e-01,2.000251710414886475e-01,2.156391739845275879e-01,6.626414656639099121e-01,6.626414656639099121e-01,6.327522397041320801e-01,5.934342741966247559e-01
1.000000000000000000e+01,8.423524498939514160e-01,8.423524498939514160e-01,8.082555532455444336e-01,7.657558917999267578e-01,5.781630873680114746e-01,5.781630873680114746e-01,5.489260554313659668e-01,4.954354166984558105e-01,1.834649145603179932e-01,1.834649145603179932e-01,2.097295969724655151e-01,1.438159793615341187e-01,4.238251224160194397e-02,4.238251224160194397e-02,5.100335553288459778e-02,4.348273947834968567e-02,9.736697189509868622e-03,9.736697189509868622e-03,9.950275532901287079e-03,1.240420527756214142e-02,2.219450771808624268e-01,2.219450771808624268e-01,2.060176730155944824e-01,2.205161750316619873e-01,6.652280092239379883e-01,6.652280092239379883e-01,6.359475255012512207e-01,5.946331620216369629e-01
1.100000000000000000e+01,8.409497141838073730e-01,8.409497141838073730e-01,8.071450591087341309e-01,7.641534805297851562e-01,5.743277072906494141e-01,5.743277072906494141e-01,5.460393428802490234e-01,4.915243685245513916e-01,1.857582032680511475e-01,1.857582032680511475e-01,2.120095342397689819e-01,1.464833617210388184e-01,4.353108257055282593e-02,4.353108257055282593e-02,5.135980993509292603e-02,4.506143182516098022e-02,9.005308151245117188e-03,9.005308151245117188e-03,9.169716387987136841e-03,1.168088614940643311e-02,2.272308468818664551e-01,2.272308468818664551e-01,2.118245363235473633e-01,2.251997441053390503e-01,6.675046682357788086e-01,6.675046682357788086e-01,6.388447880744934082e-01,5.955907106399536133e-01
1.200000000000000000e+01,8.395138978958129883e-01,8.395138978958129883e-01,8.062094449996948242e-01,7.627685070037841797e-01,5.741206407546997070e-01,5.741206407546997070e-01,5.458614826202392578e-01,4.908860921859741211e-01,1.935128569602966309e-01,1.935128569602966309e-01,2.182287871837615967e-01,1.535756289958953857e-01,4.787232354283332825e-02,4.787232354283332825e-02,5.444906279444694519e-02,4.961409419775009155e-02,9.337813593447208405e-03,9.337813593447208405e-03,9.259991347789764404e-03,1.180314924567937851e-02,2.343125492334365845e-01,2.343125492334365845e-01,2.185844182968139648e-01,2.308108359575271606e-01,6.703640222549438477e-01,6.703640222549438477e-01,6.424047946929931641e-01,5.970823168754577637e-01
1.300000000000000000e+01,8.381025195121765137e-01,8.381025195121765137e-01,8.052062988281250000e-01,7.613255977630615234e-01,5.739496350288391113e-01,5.739496350288391113e-01,5.457084774971008301e-01,4.902635812759399414e-01,2.020008563995361328e-01,2.020008563995361328e-01,2.245521396398544312e-01,1.605713367462158203e-01,5.217927321791648865e-02,5.217927321791648865e-02,5.712679401040077209e-02,5.394204705953598022e-02,9.644778445363044739e-03,9.644778445363044739e-03,9.297661483287811279e-03,1.191982906311750412e-02,2.420649230480194092e-01,2.420649230480194092e-01,2.255076617002487183e-01,2.363546788692474365e-01,6.731432676315307617e-01,6.731432676315307617e-01,6.455869078636169434e-01,5.835684537887573242e-01
1.400000000000000000e+01,8.356081247329711914e-01,8.356081247329711914e-01,8.040412664413452148e-01,7.598821520805358887e-01,5.737774372100830078e-01,5.737774372100830078e-01,5.455518960952758789e-01,4.895575642585754395e-01,2.101912796497344971e-01,2.101912796497344971e-01,2.313089966773986816e-01,1.680453717708587646e-01,5.611890181899070740e-02,5.611890181899070740e-02,5.947958305478096008e-02,5.805287137627601624e-02,9.896250441670417786e-03,9.896250441670417786e-03,9.266190230846405029e-03,1.194944884628057480e-02,2.494801282882690430e-01,2.494801282882690430e-01,2.325813174247741699e-01,2.421635985374450684e-01,6.755225658416748047e-01,6.755225658416748047e-01,6.484110951423645020e-01,5.990648269653320312e-01
1.500000000000000000e+01,8.289842009544372559e-01,8.289842009544372559e-01,8.028838634490966797e-01,7.585693597793579102e-01,5.741729736328125000e-01,5.741729736328125000e-01,5.460910797119140625e-01,4.900266528129577637e-01,2.190682739019393921e-01,2.190682739019393921e-01,2.382855713367462158e-01,1.761815696954727173e-01,6.024940311908721924e-02,6.024940311908721924e-02,6.183785200119018555e-02,6.240823119878768921e-02,1.011261530220508575e-02,1.011261530220508575e-02,9.381300769746303558e-03,1.216796692460775375e-02,2.567413151264190674e-01,2.567413151264190674e-01,2.394131273031234741e-01,2.479307055473327637e-01,6.775875687599182129e-01,6.775875687599182129e-01,6.509456634521484375e-01,5.999766588211059570e-01
1.600000000000000000e+01,8.341129422187805176e-01,8.341129422187805176e-01,8.019812703132629395e-01,7.574191093444824219e-01,5.756345391273498535e-01,5.756345391273498535e-01,5.475610494613647461e-01,4.915947914123535156e-01,2.290913760662078857e-01,2.290913760662078857e-01,2.459688335657119751e-01,1.856341660022735596e-01,6.498391926288604736e-02,6.498391926288604736e-02,6.494147330522537231e-02,6.757879257202148438e-02,1.031695585697889328e-02,1.031695585697889328e-02,9.854049421846866608e-03,1.276781316846609116e-02,2.639773190021514893e-01,2.639773190021514893e-01,2.461343705654144287e-01,2.534165680408477783e-01,6.792762875556945801e-01,6.792762875556945801e-01,6.531586647033691406e-01,6.006742119789123535e-01
1.700000000000000000e+01,8.329548835754394531e-01,8.329548835754394531e-01,8.009185791015625000e-01,7.510043978691101074e-01,5.771442055702209473e-01,5.771442055702209473e-01,5.491560697555541992e-01,4.936785697937011719e-01,2.392848432064056396e-01,2.392848432064056396e-01,2.541362941265106201e-01,1.952852010726928711e-01,6.927783042192459106e-02,6.927783042192459106e-02,6.776822358369827271e-02,7.237500697374343872e-02,1.046554371714591980e-02,1.046554371714591980e-02,1.036116480827331543e-02,1.332004740834236145e-02,2.710842788219451904e-01,2.710842788219451904e-01,2.530075609683990479e-01,2.591842114925384521e-01,6.805792450904846191e-01,6.805792450904846191e-01,6.549891233444213867e-01,6.010135412216186523e-01
1.800000000000000000e+01,8.317275643348693848e-01,8.317275643348693848e-01,7.995507717132568359e-01,7.559131979942321777e-01,5.792710185050964355e-01,5.792710185050964355e-01,5.508221983909606934e-01,4.956285059452056885e-01,2.495376765727996826e-01,2.495376765727996826e-01,2.619393765926361084e-01,2.048065513372421265e-01,7.312600314617156982e-02,7.312600314617156982e-02,7.050002366304397583e-02,7.716654986143112183e-02,1.112762466073036194e-02,1.112762466073036194e-02,1.077494584023952484e-02,1.386538613587617874e-02,2.779722213745117188e-01,2.779722213745117188e-01,2.595942616462707520e-01,2.622425556182861328e-01,6.814818978309631348e-01,6.814818978309631348e-01,6.565611958503723145e-01,6.010245084762573242e-01
1.900000000000000000e+01,8.309729695320129395e-01,8.309729695320129395e-01,7.987738847732543945e-01,7.552217245101928711e-01,5.817275047302246094e-01,5.817275047302246094e-01,5.522377490997314453e-01,4.976153671741485596e-01,2.591215372085571289e-01,2.591215372085571289e-01,2.696781158447265625e-01,2.140652239322662354e-01,7.654303312301635742e-02,7.654303312301635742e-02,7.284779846668243408e-02,8.149745315313339233e-02,1.201755367219448090e-02,1.201755367219448090e-02,1.113516092300415039e-02,1.436698250472545624e-02,2.844232320785522461e-01,2.844232320785522461e-01,2.658736705780029297e-01,2.697530388832092285e-01,6.820062994956970215e-01,6.820062994956970215e-01,6.580442190170288086e-01,6.008158326148986816e-01
2.000000000000000000e+01,8.301459550857543945e-01,8.301459550857543945e-01,7.976725101470947266e-01,7.545325756072998047e-01,5.841821432113647461e-01,5.841821432113647461e-01,5.540608167648315430e-01,4.996535778045654297e-01,2.684392631053924561e-01,2.684392631053924561e-01,2.769130766391754150e-01,2.230491340160369873e-01,7.953608036041259766e-02,7.953608036041259766e-02,7.479462772607803345e-02,8.523736149072647095e-02,1.281096320599317551e-02,1.281096320599317551e-02,1.144449599087238312e-02,1.482046023011207581e-02,2.905533909797668457e-01,2.905533909797668457e-01,2.718379497528076172e-01,2.744689583778381348e-01,6.821629405021667480e-01,6.821629405021667480e-01,6.559933423995971680e-01,6.007193922996520996e-01
2.100000000000000000e+01,8.294305801391601562e-01,8.294305801391601562e-01,7.967122197151184082e-01,7.529761195182800293e-01,5.866160392761230469e-01,5.866160392761230469e-01,5.560067892074584961e-01,5.020517110824584961e-01,2.774512767791748047e-01,2.774512767791748047e-01,2.840559184551239014e-01,2.317494601011276245e-01,8.207489550113677979e-02,8.207489550113677979e-02,7.588434219360351562e-02,8.902892470359802246e-02,1.352715119719505310e-02,1.352715119719505310e-02,1.212161965668201447e-02,1.545687392354011536e-02,2.963580787181854248e-01,2.963580787181854248e-01,2.758301794528961182e-01,2.790648639202117920e-01,6.819259524345397949e-01,6.819259524345397949e-01,6.599740386009216309e-01,6.006588339805603027e-01
2.200000000000000000e+01,8.286883831024169922e-01,8.286883831024169922e-01,7.959274053573608398e-01,7.537323236465454102e-01,5.891648530960083008e-01,5.891648530960083008e-01,5.578420758247375488e-01,5.046886205673217773e-01,2.857843935489654541e-01,2.857843935489654541e-01,2.907153666019439697e-01,2.401861399412155151e-01,8.416643738746643066e-02,8.416643738746643066e-02,7.772505283355712891e-02,9.223668277263641357e-02,1.415614131838083267e-02,1.415614131838083267e-02,1.277260575443506241e-02,1.605863682925701141e-02,3.016861081123352051e-01,3.016861081123352051e-01,2.828131914138793945e-01,2.831380069255828857e-01,6.812971234321594238e-01,6.812971234321594238e-01,6.604460477828979492e-01,6.004230976104736328e-01
2.300000000000000000e+01,8.277444839477539062e-01,8.277444839477539062e-01,7.951184511184692383e-01,7.535859942436218262e-01,5.918699502944946289e-01,5.918699502944946289e-01,5.602878332138061523e-01,5.055855512619018555e-01,2.947331666946411133e-01,2.947331666946411133e-01,2.973755896091461182e-01,2.486569285392761230e-01,8.599128574132919312e-02,8.599128574132919312e-02,7.955153286457061768e-02,9.552308171987533569e-02,1.476106606423854828e-02,1.476106606423854828e-02,1.337645482271909714e-02,1.671501435339450836e-02,3.069118857383728027e-01,3.069118857383728027e-01,2.878794968128204346e-01,2.872952222824096680e-01,6.803346276283264160e-01,6.803346276283264160e-01,6.606287956237792969e-01,6.000827550888061523e-01
2.400000000000000000e+01,8.279769420623779297e-01,8.279769420623779297e-01,7.943727970123291016e-01,7.442868947982788086e-01,5.945925116539001465e-01,5.945925116539001465e-01,5.624766349792480469e-01,5.106731057167053223e-01,3.032969534397125244e-01,3.032969534397125244e-01,3.037449717521667480e-01,2.560532987117767334e-01,8.763915300369262695e-02,8.763915300369262695e-02,8.128063380718231201e-02,9.854266047477722168e-02,1.528507750481367111e-02,1.528507750481367111e-02,1.395041868090629578e-02,1.736720837652683258e-02,3.120095729827880859e-01,3.120095729827880859e-01,2.926341891288757324e-01,2.911140620708465576e-01,6.792680621147155762e-01,6.792680621147155762e-01,6.606394052505493164e-01,5.996809005737304688e-01
2.500000000000000000e+01,8.276467919349670410e-01,8.276467919349670410e-01,7.936564087867736816e-01,7.536402940750122070e-01,5.972723960876464844e-01,5.972723960876464844e-01,5.609188079833984375e-01,5.136798620223999023e-01,3.114942908287048340e-01,3.114942908287048340e-01,3.098995387554168701e-01,2.653063535690307617e-01,8.884380757808685303e-02,8.884380757808685303e-02,8.261647820472717285e-02,1.011711284518241882e-01,1.571003906428813934e-02,1.571003906428813934e-02,1.443067006766796112e-02,1.785337179899215698e-02,3.167483210563659668e-01,3.167483210563659668e-01,2.971479296684265137e-01,2.946107089519500732e-01,6.772629618644714355e-01,6.772629618644714355e-01,6.601409316062927246e-01,5.990997552871704102e-01
2.600000000000000000e+01,8.275173306465148926e-01,8.275173306465148926e-01,7.930576205253601074e-01,7.538316249847412109e-01,5.999514460563659668e-01,5.999514460563659668e-01,5.668106079101562500e-01,5.166907906532287598e-01,3.193387985229492188e-01,3.193387985229492188e-01,3.149179816246032715e-01,2.738956809043884277e-01,8.958802372217178345e-02,8.958802372217178345e-02,8.276574313640594482e-02,1.034091487526893616e-01,1.607062667608261108e-02,1.607062667608261108e-02,1.487623061984777451e-02,1.841847971081733704e-02,3.211245238780975342e-01,3.211245238780975342e-01,3.016225397586822510e-01,2.977774441242218018e-01,6.759340167045593262e-01,6.759340167045593262e-01,6.598710417747497559e-01,5.982348918914794922e-01
2.700000000000000000e+01,8.276087045669555664e-01,8.276087045669555664e-01,7.928204536437988281e-01,7.542567253112792969e-01,6.041732430458068848e-01,6.041732430458068848e-01,5.702539682388305664e-01,5.207990407943725586e-01,3.287684321403503418e-01,3.287684321403503418e-01,3.206960260868072510e-01,2.839257419109344482e-01,9.126219153404235840e-02,9.126219153404235840e-02,8.546302467584609985e-02,1.056306883692741394e-01,1.649400778114795685e-02,1.649400778114795685e-02,1.539763715118169785e-02,1.895926892757415771e-02,3.253365159034729004e-01,3.253365159034729004e-01,3.061283230781555176e-01,3.009447455406188965e-01,6.740098595619201660e-01,6.740098595619201660e-01,6.591507792472839355e-01,5.972094535827636719e-01
2.800000000000000000e+01,8.277862668037414551e-01,8.277862668037414551e-01,7.924282550811767578e-01,7.548116445541381836e-01,6.093611717224121094e-01,6.093611717224121094e-01,5.746681094169616699e-01,5.261782407760620117e-01,3.393651843070983887e-01,3.393651843070983887e-01,3.313749730587005615e-01,2.948608398437500000e-01,9.309784322977066040e-02,9.309784322977066040e-02,8.784158527851104736e-02,1.099790558218955994e-01,1.690939068794250488e-02,1.690939068794250488e-02,1.587703078985214233e-02,1.948604732751846313e-02,3.293338716030120850e-01,3.293338716030120850e-01,3.108576536178588867e-01,3.037747740745544434e-01,6.711841821670532227e-01,6.711841821670532227e-01,6.577625274658203125e-01,5.959505438804626465e-01
2.900000000000000000e+01,8.282716870307922363e-01,8.282716870307922363e-01,7.887803316116333008e-01,7.555369138717651367e-01,6.143026947975158691e-01,6.143026947975158691e-01,5.793837308883666992e-01,5.315961837768554688e-01,3.496377170085906982e-01,3.496377170085906982e-01,3.393190801143646240e-01,3.054855763912200928e-01,9.498490393161773682e-02,9.498490393161773682e-02,8.976082503795623779e-02,1.129984259605407715e-01,1.723907329142093658e-02,1.723907329142093658e-02,1.636051572859287262e-02,1.952172443270683289e-02,3.331043720245361328e-01,3.331043720245361328e-01,3.152706623077392578e-01,3.065827786922454834e-01,6.690102219581604004e-01,6.690102219581604004e-01,6.568623781204223633e-01,5.943964719772338867e-01
3.000000000000000000e+01,8.290154933929443359e-01,8.290154933929443359e-01,7.929735183715820312e-01,7.551838159561157227e-01,6.200545430183410645e-01,6.200545430183410645e-01,5.853981375694274902e-01,5.376452207565307617e-01,3.594411015510559082e-01,3.594411015510559082e-01,3.470471203327178955e-01,3.158078193664550781e-01,9.601491689682006836e-02,9.601491689682006836e-02,9.129532426595687866e-02,1.156323626637458801e-01,1.756861433386802673e-02,1.756861433386802673e-02,1.729154214262962341e-02,2.142263948917388916e-02,3.363068401813507080e-01,3.363068401813507080e-01,3.193675279617309570e-01,3.089833557605743408e-01,6.659399271011352539e-01,6.659399271011352539e-01,6.552500128746032715e-01,5.925465822219848633e-01
3.100000000000000000e+01,8.298358321189880371e-01,8.298358321189880371e-01,7.933209538459777832e-01,7.577202916145324707e-01,6.247810125350952148e-01,6.247810125350952148e-01,5.913736820220947266e-01,5.437269210815429688e-01,3.688541054725646973e-01,3.688541054725646973e-01,3.545152544975280762e-01,3.258024156093597412e-01,9.738253802061080933e-02,9.738253802061080933e-02,9.246805310249328613e-02,1.178733855485916138e-01,1.764956861734390259e-02,1.764956861734390259e-02,1.828408986330032349e-02,2.328784950077533722e-02,3.393728435039520264e-01,3.393728435039520264e-01,3.231941163539886475e-01,3.111357390880584717e-01,6.633367538452148438e-01,6.633367538452148438e-01,6.534696221351623535e-01,5.905913114547729492e-01
3.200000000000000000e+01,8.310197591781616211e-01,8.310197591781616211e-01,7.938040494918823242e-01,7.590431571006774902e-01,6.311523914337158203e-01,6.311523914337158203e-01,5.973981022834777832e-01,5.498104691505432129e-01,3.775115609169006348e-01,3.775115609169006348e-01,3.615545034408569336e-01,3.358682096004486084e-01,9.870649874210357666e-02,9.870649874210357666e-02,9.318237751722335815e-02,1.196309775114059448e-01,1.811108179390430450e-02,1.811108179390430450e-02,1.917943917214870453e-02,2.495489083230495453e-02,3.413691520690917969e-01,3.413691520690917969e-01,3.266458511352539062e-01,3.129737973213195801e-01,6.609838008880615234e-01,6.609838008880615234e-01,6.513732671737670898e-01,5.883350968360900879e-01
3.300000000000000000e+01,8.321681618690490723e-01,8.321681618690490723e-01,7.947011590003967285e-01,7.607484459877014160e-01,6.367673873901367188e-01,6.367673873901367188e-01,6.048808693885803223e-01,5.567123293876647949e-01,3.861796855926513672e-01,3.861796855926513672e-01,3.683600723743438721e-01,3.456235527992248535e-01,9.952762722969055176e-02,9.952762722969055176e-02,9.351991117000579834e-02,1.209886223077774048e-01,1.828442700207233429e-02,1.828442700207233429e-02,2.051237784326076508e-02,2.755632251501083374e-02,3.439041972160339355e-01,3.439041972160339355e-01,3.298138082027435303e-01,3.144710361957550049e-01,6.582920551300048828e-01,6.582920551300048828e-01,6.490038037300109863e-01,5.857843160629272461e-01
3.400000000000000000e+01,8.327476978302001953e-01,8.327476978302001953e-01,7.961655259132385254e-01,7.626813650131225586e-01,6.455596685409545898e-01,6.455596685409545898e-01,6.125882267951965332e-01,5.659606456756591797e-01,3.980927467346191406e-01,3.980927467346191406e-01,3.783148229122161865e-01,3.584491908550262451e-01,1.025755926966667175e-01,1.025755926966667175e-01,9.608371555805206299e-02,1.242371946573257446e-01,1.986450888216495514e-02,1.986450888216495514e-02,2.220080979168415070e-02,3.065477311611175537e-02,3.457977771759033203e-01,3.457977771759033203e-01,3.336957693099975586e-01,3.157591521739959717e-01,6.554328799247741699e-01,6.554328799247741699e-01,6.442376375198364258e-01,5.833272933959960938e-01
3.500000000000000000e+01,8.360354900360107422e-01,8.360354900360107422e-01,7.978390455245971680e-01,7.648571133613586426e-01,6.577143073081970215e-01,6.577143073081970215e-01,6.253107786178588867e-01,5.755286216735839844e-01,4.099836051464080811e-01,4.099836051464080811e-01,3.880119919776916504e-01,3.707977533340454102e-01,1.063866913318634033e-01,1.063866913318634033e-01,9.824704378843307495e-02,1.270324587821960449e-01,2.247890084981918335e-02,2.247890084981918335e-02,2.378347143530845642e-02,3.359619528055191040e-02,3.475870192050933838e-01,3.475870192050933838e-01,3.369250297546386719e-01,3.167175948619842529e-01,6.535522937774658203e-01,6.535522937774658203e-01,6.437975764274597168e-01,5.805342197418212891e-01
3.600000000000000000e+01,8.265690207481384277e-01,8.265690207481384277e-01,7.997992038726806641e-01,7.672654986381530762e-01,6.694974899291992188e-01,6.694974899291992188e-01,6.355519890785217285e-01,5.849770307540893555e-01,4.216217398643493652e-01,4.216217398643493652e-01,3.972747027873992920e-01,3.830550312995910645e-01,1.096662357449531555e-01,1.096662357449531555e-01,9.981086850166320801e-02,1.292597353458404541e-01,2.553935721516609192e-02,2.553935721516609192e-02,2.523783408105373383e-02,3.634629398584365845e-02,3.493593633174896240e-01,3.493593633174896240e-01,3.397549986839294434e-01,3.172980844974517822e-01,6.510331630706787109e-01,6.510331630706787109e-01,6.409208774566650391e-01,5.773326754570007324e-01
3.700000000000000000e+01,8.411273956298828125e-01,8.411273956298828125e-01,8.020118474960327148e-01,7.699086666107177734e-01,6.831678748130798340e-01,6.831678748130798340e-01,6.412405967712402344e-01,5.946107506752014160e-01,4.326597452163696289e-01,4.326597452163696289e-01,4.060758352279663086e-01,3.946750760078430176e-01,1.126787811517715454e-01,1.126787811517715454e-01,1.009679809212684631e-01,1.309196501970291138e-01,3.030372224748134613e-02,3.030372224748134613e-02,2.654756419360637665e-02,3.890084475278854370e-02,3.505024909973144531e-01,3.505024909973144531e-01,3.422553241252899170e-01,3.175303041934967041e-01,6.493486166000366211e-01,6.493486166000366211e-01,6.374676227569580078e-01,5.742129087448120117e-01
3.800000000000000000e+01,8.440927267074584961e-01,8.440927267074584961e-01,8.045635223388671875e-01,7.728580236434936523e-01,6.967337727546691895e-01,6.967337727546691895e-01,6.559323072433471680e-01,6.044030189514160156e-01,4.431798160076141357e-01,4.431798160076141357e-01,4.144075810909271240e-01,4.058327674865722656e-01,1.152193695306777954e-01,1.152193695306777954e-01,1.016552522778511047e-01,1.320121884346008301e-01,3.479118645191192627e-02,3.479118645191192627e-02,2.816541120409965515e-02,4.145665094256401062e-02,3.512186408042907715e-01,3.512186408042907715e-01,3.443486690521240234e-01,3.174880146980285645e-01,6.471091508865356445e-01,6.471091508865356445e-01,6.340391635894775391e-01,5.700893998146057129e-01
3.900000000000000000e+01,8.474736213684082031e-01,8.474736213684082031e-01,8.073975443840026855e-01,7.763193845748901367e-01,7.100505828857421875e-01,7.100505828857421875e-01,6.665905714035034180e-01,6.152849197387695312e-01,4.528832435607910156e-01,4.528832435607910156e-01,4.220130741596221924e-01,4.165220856666564941e-01,1.171858385205268860e-01,1.171858385205268860e-01,1.019211634993553162e-01,1.326232403516769409e-01,3.899198770523071289e-02,3.899198770523071289e-02,3.053565882146358490e-02,4.422146454453468323e-02,3.513612449169158936e-01,3.513612449169158936e-01,3.460616469383239746e-01,3.170811831951141357e-01,6.446151733398437500e-01,6.446151733398437500e-01,6.303256154060363770e-01,5.670130252838134766e-01
4.000000000000000000e+01,8.512617945671081543e-01,8.512617945671081543e-01,8.072009086608886719e-01,7.799617052078247070e-01,7.234774827957153320e-01,7.234774827957153320e-01,6.775658726692199707e-01,6.272451281547546387e-01,4.623127877712249756e-01,4.623127877712249756e-01,4.298634529113769531e-01,4.267840981483459473e-01,1.185758188366889954e-01,1.185758188366889954e-01,1.018282771110534668e-01,1.328141242265701294e-01,4.290568083524703979e-02,4.290568083524703979e-02,3.406388685107231140e-02,4.738277941942214966e-02,3.512166440486907959e-01,3.512166440486907959e-01,3.473902940750122070e-01,3.163617253303527832e-01,6.418700218200683594e-01,6.418700218200683594e-01,6.264633536338806152e-01,5.634166598320007324e-01
4.100000000000000000e+01,8.553088903427124023e-01,8.553088903427124023e-01,8.139569759368896484e-01,7.839055061340332031e-01,7.359694242477416992e-01,7.359694242477416992e-01,6.888092756271362305e-01,6.397367715835571289e-01,4.711793661117553711e-01,4.711793661117553711e-01,4.370449185371398926e-01,4.366571903228759766e-01,1.193877607583999634e-01,1.193877607583999634e-01,1.013774573802947998e-01,1.324864625930786133e-01,4.652302339673042297e-02,4.652302339673042297e-02,3.661637753248214722e-02,5.040894076228141785e-02,3.506444692611694336e-01,3.506444692611694336e-01,3.483112752437591553e-01,3.152668476104736328e-01,6.383228302001953125e-01,6.383228302001953125e-01,6.223220825195312500e-01,5.595558881759643555e-01
4.200000000000000000e+01,8.596792817115783691e-01,8.596792817115783691e-01,8.175644874572753906e-01,7.882333993911743164e-01,7.495963573455810547e-01,7.495963573455810547e-01,6.998739838600158691e-01,6.520994305610656738e-01,4.794726967811584473e-01,4.794726967811584473e-01,4.437364339828491211e-01,4.460352957248687744e-01,1.196205615997314453e-01,1.196205615997314453e-01,1.004077196121215820e-01,1.318415850400924683e-01,4.984664916992187500e-02,4.984664916992187500e-02,4.077757149934768677e-02,5.317082628607749939e-02,3.496536612510681152e-01,3.496536612510681152e-01,3.488675951957702637e-01,3.138129711151123047e-01,6.356452107429504395e-01,6.356452107429504395e-01,6.181557178497314453e-01,5.558005571365356445e-01
4.300000000000000000e+01,8.642592430114746094e-01,8.642592430114746094e-01,8.216602206230163574e-01,7.928673028945922852e-01,7.623819112777709961e-01,7.623819112777709961e-01,7.107568383216857910e-01,6.642885804176330566e-01,4.873510599136352539e-01,4.873510599136352539e-01,4.499174952507019043e-01,4.548973441123962402e-01,1.192744374275207520e-01,1.192744374275207520e-01,9.892094880342483521e-02,1.305236220359802246e-01,5.286704003810882568e-02,5.286704003810882568e-02,4.383306205272674561e-02,5.567911267280578613e-02,3.483994901180267334e-01,3.483994901180267334e-01,3.492110371589660645e-01,3.120412528514862061e-01,6.321727633476257324e-01,6.321727633476257324e-01,6.137431859970092773e-01,5.518465042114257812e-01
4.400000000000000000e+01,8.693828582763671875e-01,8.693828582763671875e-01,8.260202407836914062e-01,7.977322936058044434e-01,7.747430801391601562e-01,7.747430801391601562e-01,7.082632780075073242e-01,6.763008832931518555e-01,4.942988157272338867e-01,4.942988157272338867e-01,4.555802345275878906e-01,4.632337391376495361e-01,1.183519661426544189e-01,1.183519661426544189e-01,9.696149826049804688e-02,1.286864131689071655e-01,5.528882890939712524e-02,5.528882890939712524e-02,4.692351818084716797e-02,5.785920098423957825e-02,3.465843796730041504e-01,3.465843796730041504e-01,3.491902947425842285e-01,3.099607229232788086e-01,6.284763813018798828e-01,6.284763813018798828e-01,6.094449162483215332e-01,5.480380654335021973e-01
4.500000000000000000e+01,8.747267723083496094e-01,8.747267723083496094e-01,8.307558894157409668e-01,8.030282258987426758e-01,7.886939048767089844e-01,7.886939048767089844e-01,7.332884669303894043e-01,6.881306171417236328e-01,5.026523470878601074e-01,5.026523470878601074e-01,4.624441266059875488e-01,4.725299477577209473e-01,1.181777864694595337e-01,1.181777864694595337e-01,9.663801640272140503e-02,1.281154155731201172e-01,5.815844237804412842e-02,5.815844237804412842e-02,4.971091076731681824e-02,6.001609563827514648e-02,3.445658385753631592e-01,3.445658385753631592e-01,3.489702939987182617e-01,3.079516887664794922e-01,6.246928572654724121e-01,6.246928572654724121e-01,6.052280664443969727e-01,5.443400144577026367e-01
4.600000000000000000e+01,8.797574043273925781e-01,8.797574043273925781e-01,8.358417153358459473e-01,8.087217807769775391e-01,8.027005791664123535e-01,8.027005791664123535e-01,7.452075481414794922e-01,7.031570672988891602e-01,5.064092278480529785e-01,5.064092278480529785e-01,4.695765078067779541e-01,4.822701811790466309e-01,1.178195998072624207e-01,1.178195998072624207e-01,9.657898545265197754e-02,1.276300549507141113e-01,6.054169684648513794e-02,6.054169684648513794e-02,5.253621935844421387e-02,6.200802698731422424e-02,3.423280715942382812e-01,3.423280715942382812e-01,3.485210835933685303e-01,3.057831227779388428e-01,6.207965016365051270e-01,6.207965016365051270e-01,6.013635396957397461e-01,5.413379669189453125e-01
4.700000000000000000e+01,8.865049481391906738e-01,8.865049481391906738e-01,8.412731885910034180e-01,8.146947622299194336e-01,8.165175914764404297e-01,8.165175914764404297e-01,7.573719024658203125e-01,7.167443633079528809e-01,5.212360024452209473e-01,5.212360024452209473e-01,4.677587151527404785e-01,4.913979768753051758e-01,1.168214380741119385e-01,1.168214380741119385e-01,9.683316946029663086e-02,1.270501911640167236e-01,6.262974441051483154e-02,6.262974441051483154e-02,5.521328374743461609e-02,6.392496824264526367e-02,3.416091501712799072e-01,3.416091501712799072e-01,3.474143445491790771e-01,3.032632470130920410e-01,6.166785359382629395e-01,6.166785359382629395e-01,5.974686145782470703e-01,5.384640693664550781e-01
4.800000000000000000e+01,8.929609060287475586e-01,8.929609060287475586e-01,8.469052910804748535e-01,8.209656476974487305e-01,8.299832940101623535e-01,8.299832940101623535e-01,7.691466212272644043e-01,7.302576303482055664e-01,5.300165414810180664e-01,5.300165414810180664e-01,4.822926521301269531e-01,5.000795125961303711e-01,1.151843294501304626e-01,1.151843294501304626e-01,9.666857123374938965e-02,1.259424835443496704e-01,6.441133469343185425e-02,6.441133469343185425e-02,5.745312198996543884e-02,6.544579565525054932e-02,3.401153385639190674e-01,3.401153385639190674e-01,3.466706573963165283e-01,3.002818822860717773e-01,6.123348474502563477e-01,6.123348474502563477e-01,5.934305787086486816e-01,5.359203219413757324e-01
4.900000000000000000e+01,8.997866511344909668e-01,8.997866511344909668e-01,8.530203104019165039e-01,8.276782035827636719e-01,8.435142636299133301e-01,8.435142636299133301e-01,7.805659770965576172e-01,7.435092926025390625e-01,5.381602644920349121e-01,5.381602644920349121e-01,4.878142774105072021e-01,5.080056786537170410e-01,1.129102706909179688e-01,1.129102706909179688e-01,9.597199410200119019e-02,1.242755800485610962e-01,6.588231027126312256e-02,6.588231027126312256e-02,5.990880355238914490e-02,6.671099364757537842e-02,3.382092118263244629e-01,3.382092118263244629e-01,3.453485667705535889e-01,2.972051501274108887e-01,6.066591143608093262e-01,6.066591143608093262e-01,5.893152952194213867e-01,5.335202217102050781e-01
5.000000000000000000e+01,9.061590433120727539e-01,9.061590433120727539e-01,8.595246076583862305e-01,8.346551656723022461e-01,8.564174771308898926e-01,8.564174771308898926e-01,7.920994162559509277e-01,7.566477060317993164e-01,5.456456542015075684e-01,5.456456542015075684e-01,4.927617609500885010e-01,5.157084465026855469e-01,1.100025698542594910e-01,1.100025698542594910e-01,9.491932392120361328e-02,1.220458000898361206e-01,6.704086810350418091e-02,6.704086810350418091e-02,6.189411878585815430e-02,6.768462806940078735e-02,3.358910381793975830e-01,3.358910381793975830e-01,3.437013030052185059e-01,2.937819361686706543e-01,6.029857993125915527e-01,6.029857993125915527e-01,5.850474834442138672e-01,5.311291813850402832e-01
5.100000000000000000e+01,9.144274592399597168e-01,9.144274592399597168e-01,8.662246465682983398e-01,8.415870666503906250e-01,8.695542812347412109e-01,8.695542812347412109e-01,8.034945726394653320e-01,7.697598934173583984e-01,5.522228479385375977e-01,5.522228479385375977e-01,4.971380829811096191e-01,5.224542617797851562e-01,1.064647808670997620e-01,1.064647808670997620e-01,9.395099431276321411e-02,1.198941320180892944e-01,6.788556277751922607e-02,6.788556277751922607e-02,6.367178261280059814e-02,6.846312433481216431e-02,3.331642448902130127e-01,3.331642448902130127e-01,3.416211903095245361e-01,2.900708317756652832e-01,5.979915857315063477e-01,5.979915857315063477e-01,5.810533761978149414e-01,5.288349390029907227e-01
5.200000000000000000e+01,9.222452640533447266e-01,9.222452640533447266e-01,8.730620741844177246e-01,8.495307564735412598e-01,8.821753263473510742e-01,8.821753263473510742e-01,8.149551153182983398e-01,7.829390764236450195e-01,5.586145520210266113e-01,5.586145520210266113e-01,5.009366273880004883e-01,5.289412736892700195e-01,1.023006364703178406e-01,1.023006364703178406e-01,9.323632717132568359e-02,1.178950518369674683e-01,6.841536611318588257e-02,6.841536611318588257e-02,6.560321897268295288e-02,6.941849738359451294e-02,3.300246000289916992e-01,3.300246000289916992e-01,3.392195105552673340e-01,2.860088348388671875e-01,5.927923917770385742e-01,5.927923917770385742e-01,5.769017934799194336e-01,5.275319218635559082e-01
5.300000000000000000e+01,9.303823113441467285e-01,9.303823113441467285e-01,8.805086016654968262e-01,8.574279546737670898e-01,8.945095539093017578e-01,8.945095539093017578e-01,8.264999985694885254e-01,7.962654232978820801e-01,5.640861988067626953e-01,5.640861988067626953e-01,5.045450925827026367e-01,5.348492264747619629e-01,9.751518070697784424e-02,9.751518070697784424e-02,9.256990253925323486e-02,1.158896088600158691e-01,6.862962990999221802e-02,6.862962990999221802e-02,6.755653768777847290e-02,7.035325467586517334e-02,3.264979124069213867e-01,3.264979124069213867e-01,3.364599049091339111e-01,2.816062271595001221e-01,5.870346426963806152e-01,5.870346426963806152e-01,5.748866200447082520e-01,5.267649292945861816e-01
5.400000000000000000e+01,9.388287663459777832e-01,9.388287663459777832e-01,8.880634307861328125e-01,8.656110763549804688e-01,9.058914184570312500e-01,9.058914184570312500e-01,8.370010852813720703e-01,8.092837929725646973e-01,5.688686966896057129e-01,5.688686966896057129e-01,5.076754689216613770e-01,5.401050448417663574e-01,9.251017868518829346e-02,9.251017868518829346e-02,9.163101017475128174e-02,1.136318892240524292e-01,6.852810084819793701e-02,6.852810084819793701e-02,6.933038681745529175e-02,7.110723853111267090e-02,3.225664794445037842e-01,3.225664794445037842e-01,3.333488702774047852e-01,2.768642604351043701e-01,5.822004079818725586e-01,5.822004079818725586e-01,5.722093582153320312e-01,5.259854197502136230e-01
5.500000000000000000e+01,9.475739598274230957e-01,9.475739598274230957e-01,8.958786725997924805e-01,8.740170001983642578e-01,9.191663265228271484e-01,9.191663265228271484e-01,8.485276699066162109e-01,8.200730085372924805e-01,5.729581713676452637e-01,5.729581713676452637e-01,5.100060105323791504e-01,5.448657870292663574e-01,8.823691308498382568e-02,8.823691308498382568e-02,9.033879637718200684e-02,1.110224574804306030e-01,6.902047246694564819e-02,6.902047246694564819e-02,7.076425850391387939e-02,7.153742015361785889e-02,3.182443976402282715e-01,3.182443976402282715e-01,3.299914896488189697e-01,2.719831168651580811e-01,5.781630873680114746e-01,5.781630873680114746e-01,5.693689584732055664e-01,5.251951813697814941e-01
5.600000000000000000e+01,9.566106200218200684e-01,9.566106200218200684e-01,9.040070772171020508e-01,8.827859163284301758e-01,9.321998357772827148e-01,9.321998357772827148e-01,8.596466779708862305e-01,8.347472548484802246e-01,5.765851736068725586e-01,5.765851736068725586e-01,5.127103924751281738e-01,5.495677590370178223e-01,8.404631912708282471e-02,8.404631912708282471e-02,8.917205780744552612e-02,1.083732470870018005e-01,6.963430345058441162e-02,6.963430345058441162e-02,7.205547392368316650e-02,7.185659557580947876e-02,3.138552606105804443e-01,3.138552606105804443e-01,3.266243040561676025e-01,2.671931982040405273e-01,5.743261575698852539e-01,5.743261575698852539e-01,5.666366219520568848e-01,5.246046781539916992e-01
5.700000000000000000e+01,9.659499526023864746e-01,9.659499526023864746e-01,9.119455218315124512e-01,8.872296810150146484e-01,9.460486173629760742e-01,9.460486173629760742e-01,8.709508180618286133e-01,8.477057218551635742e-01,5.814607739448547363e-01,5.814607739448547363e-01,5.157644748687744141e-01,5.542926788330078125e-01,8.347807824611663818e-02,8.347807824611663818e-02,8.821690082550048828e-02,1.057447046041488647e-01,7.062979042530059814e-02,7.062979042530059814e-02,7.315160334110260010e-02,7.205195724964141846e-02,3.093957901000976562e-01,3.093957901000976562e-01,3.231549561023712158e-01,2.624048292636871338e-01,5.741192102432250977e-01,5.741192102432250977e-01,5.639662146568298340e-01,5.241832137107849121e-01
5.800000000000000000e+01,9.755886793136596680e-01,9.755886793136596680e-01,9.212511777877807617e-01,8.997803926467895508e-01,9.601581692695617676e-01,9.601581692695617676e-01,8.822204470634460449e-01,8.603660464286804199e-01,5.855468511581420898e-01,5.855468511581420898e-01,5.180426836013793945e-01,5.584629774093627930e-01,8.248695731163024902e-02,8.248695731163024902e-02,7.828655838966369629e-02,1.030484288930892944e-01,7.191208004951477051e-02,7.191208004951477051e-02,7.421606034040451050e-02,7.205128669738769531e-02,3.049786388874053955e-01,3.049786388874053955e-01,3.193515837192535400e-01,2.471706718206405640e-01,5.739485025405883789e-01,5.739485025405883789e-01,5.618132948875427246e-01,5.245209932327270508e-01
5.900000000000000000e+01,9.854861497879028320e-01,9.854861497879028320e-01,9.301258325576782227e-01,9.102526307106018066e-01,9.737967848777770996e-01,9.737967848777770996e-01,8.935654759407043457e-01,8.731089234352111816e-01,5.888413190841674805e-01,5.888413190841674805e-01,5.195963978767395020e-01,5.620040893554687500e-01,8.104563504457473755e-02,8.104563504457473755e-02,8.636332303285598755e-02,1.003312692046165466e-01,7.278000563383102417e-02,7.278000563383102417e-02,7.518806308507919312e-02,7.213512063026428223e-02,3.001789748668670654e-01,3.001789748668670654e-01,3.152103722095489502e-01,2.519571185111999512e-01,5.715544819831848145e-01,5.715544819831848145e-01,5.600172281265258789e-01,5.249256491661071777e-01
6.000000000000000000e+01,9.957531690597534180e-01,9.957531690597534180e-01,9.395535588264465332e-01,9.203535318374633789e-01,9.871005415916442871e-01,9.871005415916442871e-01,9.044058918952941895e-01,8.854584693908691406e-01,5.915697813034057617e-01,5.915697813034057617e-01,5.208169817924499512e-01,5.649989843368530273e-01,7.972671091556549072e-02,7.972671091556549072e-02,8.499176055192947388e-02,9.707265347242355347e-02,7.333926856517791748e-02,7.333926856517791748e-02,7.580443471670150757e-02,7.191765308380126953e-02,2.950693964958190918e-01,2.950693964958190918e-01,3.107440769672393799e-01,2.467707395553588867e-01,5.669575929641723633e-01,5.669575929641723633e-01,5.578846335411071777e-01,5.253328084945678711e-01
6.100000000000000000e+01,1.006233692169189453e+00,1.006233692169189453e+00,9.490968585014343262e-01,9.303922057151794434e-01,9.997597932815551758e-01,9.997597932815551758e-01,9.146395921707153320e-01,8.966259956359863281e-01,5.935022234916687012e-01,5.935022234916687012e-01,5.217806100845336914e-01,5.672705173492431641e-01,7.903037220239639282e-02,7.903037220239639282e-02,8.375024050474166870e-02,9.153304994106292725e-02,7.366864383220672607e-02,7.366864383220672607e-02,7.614134997129440308e-02,7.137245684862136841e-02,2.895728051662445068e-01,2.895728051662445068e-01,3.059611618518829346e-01,2.413804531097412109e-01,5.756345391273498535e-01,5.756345391273498535e-01,5.567585229873657227e-01,5.267187356948852539e-01
6.200000000000000000e+01,1.016967177391052246e+00,1.016967177391052246e+00,9.588410854339599609e-01,9.404996037483215332e-01,1.012436032295227051e+00,1.012436032295227051e+00,9.252257347106933594e-01,9.091937541961669922e-01,5.947134494781494141e-01,5.947134494781494141e-01,5.222873091697692871e-01,5.689917802810668945e-01,7.794216275215148926e-02,7.794216275215148926e-02,8.269602805376052856e-02,9.073987603187561035e-02,7.374677807092666626e-02,7.374677807092666626e-02,7.639697194099426270e-02,7.086437195539474487e-02,2.837245464324951172e-01,2.837245464324951172e-01,3.008483648300170898e-01,2.356990873813629150e-01,5.771441459655761719e-01,5.771441459655761719e-01,5.556449294090270996e-01,5.282694101333618164e-01
6.300000000000000000e+01,1.027938127517700195e+00,1.027938127517700195e+00,9.688252210617065430e-01,9.511008262634277344e-01,1.025234341621398926e+00,1.025234341621398926e+00,9.354439973831176758e-01,9.209710359573364258e-01,5.957536101341247559e-01,5.957536101341247559e-01,5.232018828392028809e-01,5.710561871528625488e-01,7.684832066297531128e-02,7.684832066297531128e-02,8.163449913263320923e-02,8.753097057342529297e-02,7.405062019824981689e-02,7.405062019824981689e-02,7.681615650653839111e-02,6.909702718257904053e-02,2.783483862876892090e-01,2.783483862876892090e-01,2.962521314620971680e-01,2.305163443088531494e-01,5.791314244270324707e-01,5.791314244270324707e-01,5.550118684768676758e-01,5.303822159767150879e-01
6.400000000000000000e+01,1.039120435714721680e+00,1.039120435714721680e+00,9.790019989013671875e-01,9.597222805023193359e-01,1.037432193756103516e+00,1.037432193756103516e+00,9.457207918167114258e-01,9.324425458908081055e-01,5.963358283042907715e-01,5.963358283042907715e-01,5.237144827842712402e-01,5.726227760314941406e-01,7.550719380378723145e-02,7.550719380378723145e-02,8.034946024417877197e-02,8.330109715461730957e-02,7.426279783248901367e-02,7.426279783248901367e-02,7.717650383710861206e-02,7.015462964773178101e-02,2.731068730354309082e-01,2.731068730354309082e-01,2.922186255455017090e-01,2.258546203374862671e-01,5.817274451255798340e-01,5.817274451255798340e-01,5.546019673347473145e-01,5.286821126937866211e-01
6.500000000000000000e+01,1.048788309097290039e+00,1.048788309097290039e+00,9.893385767936706543e-01,9.726502299308776855e-01,1.049276947975158691e+00,1.049276947975158691e+00,9.552296400070190430e-01,9.434518814086914062e-01,5.962343215942382812e-01,5.962343215942382812e-01,5.235968828201293945e-01,5.733228921890258789e-01,7.376995682716369629e-02,7.376995682716369629e-02,7.868588715791702271e-02,8.010677248239517212e-02,7.410612702369689941e-02,7.410612702369689941e-02,7.719148695468902588e-02,6.939686834812164307e-02,2.675753831863403320e-01,2.675753831863403320e-01,2.878941297531127930e-01,2.213279604911804199e-01,5.841941237449645996e-01,5.841941237449645996e-01,5.541366338729858398e-01,5.351965427398681641e-01
6.600000000000000000e+01,1.061983108520507812e+00,1.061983108520507812e+00,9.997630715370178223e-01,9.837062358856201172e-01,1.060505628585815430e+00,1.060505628585815430e+00,9.645979404449462891e-01,9.539875984191894531e-01,5.954124927520751953e-01,5.954124927520751953e-01,5.219409465789794922e-01,5.738323926925659180e-01,7.163213938474655151e-02,7.163213938474655151e-02,7.664736360311508179e-02,7.575187087059020996e-02,7.358260452747344971e-02,7.358260452747344971e-02,7.644128054380416870e-02,6.844532489776611328e-02,2.617227733135223389e-01,2.617227733135223389e-01,2.832821607589721680e-01,2.169535458087921143e-01,5.866681337356567383e-01,5.866681337356567383e-01,5.536352396011352539e-01,5.376141071319580078e-01
6.700000000000000000e+01,1.073790311813354492e+00,1.073790311813354492e+00,1.010600805282592773e+00,9.946141242980957031e-01,1.070837974548339844e+00,1.070837974548339844e+00,9.730774164199829102e-01,9.640570282936096191e-01,5.938739180564880371e-01,5.938739180564880371e-01,5.217673182487487793e-01,5.734776258468627930e-01,6.910444796085357666e-02,6.910444796085357666e-02,7.423874735832214355e-02,7.098336517810821533e-02,7.269713282585144043e-02,7.269713282585144043e-02,7.619444280862808228e-02,6.705090403556823730e-02,2.555600702762603760e-01,2.555600702762603760e-01,2.783994972705841064e-01,2.124744653701782227e-01,5.889611244201660156e-01,5.889611244201660156e-01,5.533882975578308105e-01,5.402069687843322754e-01
6.800000000000000000e+01,1.085674166679382324e+00,1.085674166679382324e+00,1.021386265754699707e+00,1.006178379058837891e+00,1.081348419189453125e+00,1.081348419189453125e+00,9.816701412200927734e-01,9.736455678939819336e-01,5.916627645492553711e-01,5.916627645492553711e-01,5.209389925003051758e-01,5.728301405906677246e-01,6.637478619813919067e-02,6.637478619813919067e-02,7.171333581209182739e-02,6.639487296342849731e-02,7.147119194269180298e-02,7.147119194269180298e-02,7.521992176771163940e-02,6.557433307170867920e-02,2.491509169340133667e-01,2.491509169340133667e-01,2.732993960380554199e-01,2.079611569643020630e-01,5.910815596580505371e-01,5.910815596580505371e-01,5.540657043457031250e-01,5.430491566658020020e-01
6.900000000000000000e+01,1.097697257995605469e+00,1.097697257995605469e+00,1.032390236854553223e+00,1.017753362655639648e+00,1.091075658798217773e+00,1.091075658798217773e+00,9.895549416542053223e-01,9.819265604019165039e-01,5.891278386116027832e-01,5.891278386116027832e-01,5.200673937797546387e-01,5.717136263847351074e-01,6.326959282159805298e-02,6.326959282159805298e-02,6.957041472196578979e-02,6.300133466720581055e-02,7.010102272033691406e-02,7.010102272033691406e-02,7.391285151243209839e-02,6.376525759696960449e-02,2.428346425294876099e-01,2.428346425294876099e-01,2.682089805603027344e-01,2.036137580871582031e-01,5.945924520492553711e-01,5.945924520492553711e-01,5.550394654273986816e-01,5.462259650230407715e-01
7.000000000000000000e+01,1.109840393066406250e+00,1.109840393066406250e+00,1.042909741401672363e+00,1.029454231262207031e+00,1.100373625755310059e+00,1.100373625755310059e+00,9.970108866691589355e-01,9.917764663696289062e-01,5.807968974113464355e-01,5.807968974113464355e-01,5.184535384178161621e-01,5.699486732482910156e-01,5.977772176265716553e-02,5.977772176265716553e-02,6.743977963924407959e-02,5.987034738063812256e-02,6.838067620992660522e-02,6.838067620992660522e-02,7.237122952938079834e-02,6.165087968111038208e-02,2.361905872821807861e-01,2.361905872821807861e-01,2.630127072334289551e-01,1.992375105619430542e-01,5.973153710365295410e-01,5.973153710365295410e-01,5.573347806930541992e-01,5.500206947326660156e-01
7.100000000000000000e+01,1.122046470642089844e+00,1.122046470642089844e+00,1.054662466049194336e+00,1.041192770004272461e+00,1.109024405479431152e+00,1.109024405479431152e+00,1.002839803695678711e+00,1.000729560852050781e+00,5.816245675086975098e-01,5.816245675086975098e-01,5.149357318878173828e-01,5.675395727157592773e-01,5.590344592928886414e-02,5.590344592928886414e-02,6.500995159149169922e-02,5.643793195486068726e-02,6.628981977701187134e-02,6.628981977701187134e-02,7.067789882421493530e-02,5.926002562046051025e-02,2.293877601623535156e-01,2.293877601623535156e-01,2.575505375862121582e-01,1.946371793746948242e-01,6.000354886054992676e-01,6.000354886054992676e-01,5.595430731773376465e-01,5.538554787635803223e-01
7.200000000000000000e+01,1.134455084800720215e+00,1.134455084800720215e+00,1.065916657447814941e+00,1.052976369857788086e+00,1.116891860961914062e+00,1.116891860961914062e+00,1.006561875343322754e+00,1.009128212928771973e+00,5.773129463195800781e-01,5.773129463195800781e-01,5.133690834045410156e-01,5.631158947944641113e-01,5.302352830767631531e-02,5.302352830767631531e-02,6.226847320795059204e-02,5.271266400814056396e-02,6.383019685745239258e-02,6.383019685745239258e-02,6.881885975599288940e-02,5.659442022442817688e-02,2.222293019294738770e-01,2.222293019294738770e-01,2.518322169780731201e-01,1.897980123758316040e-01,6.041347980499267578e-01,6.041347980499267578e-01,5.618196725845336914e-01,5.577198266983032227e-01
7.300000000000000000e+01,1.146886587142944336e+00,1.146886587142944336e+00,1.077232956886291504e+00,1.064871788024902344e+00,1.124570012092590332e+00,1.124570012092590332e+00,1.016340374946594238e+00,1.016958594322204590e+00,5.714834332466125488e-01,5.714834332466125488e-01,5.099135637283325195e-01,5.608035326004028320e-01,5.095926299691200256e-02,5.095926299691200256e-02,5.922143906354904175e-02,4.869443550705909729e-02,6.105555221438407898e-02,6.105555221438407898e-02,6.708787381649017334e-02,5.360179394483566284e-02,2.143161594867706299e-01,2.143161594867706299e-01,2.455394566059112549e-01,1.847269535064697266e-01,6.093858480453491211e-01,6.093858480453491211e-01,5.650858879089355469e-01,5.618456602096557617e-01
7.400000000000000000e+01,1.159327507019042969e+00,1.159327507019042969e+00,1.088596105575561523e+00,1.076633691787719727e+00,1.131529331207275391e+00,1.131529331207275391e+00,1.021751284599304199e+00,1.024215459823608398e+00,5.659493207931518555e-01,5.659493207931518555e-01,5.058482289314270020e-01,5.564839839935302734e-01,4.855953902006149292e-02,4.855953902006149292e-02,5.651936680078506470e-02,4.654696211218833923e-02,5.801904946565628052e-02,5.801904946565628052e-02,6.500378251075744629e-02,5.046955123543739319e-02,2.071603834629058838e-01,2.071603834629058838e-01,2.396413087844848633e-01,1.794304102659225464e-01,6.146657466888427734e-01,6.146657466888427734e-01,5.691358447074890137e-01,5.662795305252075195e-01
7.500000000000000000e+01,1.171930432319641113e+00,1.171930432319641113e+00,1.100026965141296387e+00,1.088860273361206055e+00,1.137833595275878906e+00,1.137833595275878906e+00,1.026730775833129883e+00,1.030975103378295898e+00,5.592808723449707031e-01,5.592808723449707031e-01,5.013448596000671387e-01,5.501998662948608398e-01,4.590782523155212402e-02,4.590782523155212402e-02,5.455782637000083923e-02,4.493945091962814331e-02,5.455874651670455933e-02,5.455874651670455933e-02,6.264448165893554688e-02,4.704912751913070679e-02,1.993089616298675537e-01,1.993089616298675537e-01,2.332761436700820923e-01,1.739827990531921387e-01,6.200466156005859375e-01,6.200466156005859375e-01,5.747141242027282715e-01,5.722874999046325684e-01
7.600000000000000000e+01,1.184075951576232910e+00,1.184075951576232910e+00,1.111551761627197266e+00,1.100971937179565430e+00,1.143606781959533691e+00,1.143606781959533691e+00,1.031269788742065430e+00,1.037210345268249512e+00,5.532416105270385742e-01,5.532416105270385742e-01,4.964386224746704102e-01,5.465077161788940430e-01,4.302000254392623901e-02,4.302000254392623901e-02,5.300831422209739685e-02,4.354448616504669189e-02,5.101606994867324829e-02,5.101606994867324829e-02,6.007906794548034668e-02,4.349601268768310547e-02,1.925740838050842285e-01,1.925740838050842285e-01,2.270205318927764893e-01,1.687349975109100342e-01,6.255742311477661133e-01,6.255742311477661133e-01,5.805715918540954590e-01,5.786715745925903320e-01
7.700000000000000000e+01,1.197103381156921387e+00,1.197103381156921387e+00,1.123009324073791504e+00,1.113044857978820801e+00,1.148106813430786133e+00,1.148106813430786133e+00,1.035217523574829102e+00,1.043247938156127930e+00,5.472099781036376953e-01,5.472099781036376953e-01,4.909474849700927734e-01,5.406577587127685547e-01,3.986705839633941650e-02,3.986705839633941650e-02,5.124460533261299133e-02,4.197066277265548706e-02,4.668722674250602722e-02,4.668722674250602722e-02,5.713037028908729553e-02,3.967116773128509521e-02,1.863101720809936523e-01,1.863101720809936523e-01,2.205357998609542847e-01,1.632680296897888184e-01,6.311523318290710449e-01,6.311523318290710449e-01,5.865781307220458984e-01,5.851610302925109863e-01
7.800000000000000000e+01,1.208236694335937500e+00,1.208236694335937500e+00,1.134404540061950684e+00,1.125110268592834473e+00,1.153037786483764648e+00,1.153037786483764648e+00,1.038737177848815918e+00,1.048735857009887695e+00,5.405189990997314453e-01,5.405189990997314453e-01,4.849773049354553223e-01,5.343685150146484375e-01,3.644774109125137329e-02,3.644774109125137329e-02,4.925948381423950195e-02,4.021241888403892517e-02,4.260152950882911682e-02,4.260152950882911682e-02,5.397764965891838074e-02,3.553670644760131836e-02,1.797998398542404175e-01,1.797998398542404175e-01,2.138542383909225464e-01,1.576268523931503296e-01,6.367674469947814941e-01,6.367674469947814941e-01,5.926920771598815918e-01,5.917088985443115234e-01
7.900000000000000000e+01,1.221067428588867188e+00,1.221067428588867188e+00,1.145769476890563965e+00,1.137237429618835449e+00,1.156970977783203125e+00,1.156970977783203125e+00,1.041713237762451172e+00,1.053460836410522461e+00,5.333895683288574219e-01,5.333895683288574219e-01,4.787221550941467285e-01,5.277416110038757324e-01,3.545592352747917175e-02,3.545592352747917175e-02,4.715495556592941284e-02,3.836081176996231079e-02,3.931842371821403503e-02,3.931842371821403503e-02,5.237913504242897034e-02,3.245232626795768738e-02,1.750858426094055176e-01,1.750858426094055176e-01,2.059006392955780029e-01,1.538821011781692505e-01,6.456490159034729004e-01,6.456490159034729004e-01,6.000895500183105469e-01,5.975903272628784180e-01
8.000000000000000000e+01,1.234695553779602051e+00,1.234695553779602051e+00,1.156890869140625000e+00,1.149272441864013672e+00,1.160531520843505859e+00,1.160531520843505859e+00,1.044225215911865234e+00,1.058211088180541992e+00,5.275145173072814941e-01,5.275145173072814941e-01,4.720527827739715576e-01,5.206726193428039551e-01,3.485783189535140991e-02,3.485783189535140991e-02,4.494260996580123901e-02,3.642296791076660156e-02,3.713852912187576294e-02,3.713852912187576294e-02,5.130679160356521606e-02,3.026753291487693787e-02,1.735644936561584473e-01,1.735644936561584473e-01,2.052298337221145630e-01,1.513941735029220581e-01,6.577084064483642578e-01,6.577084064483642578e-01,6.085052490234375000e-01,6.086145639419555664e-01
8.100000000000000000e+01,1.246953487396240234e+00,1.246953487396240234e+00,1.167915105819702148e+00,1.161137104034423828e+00,1.163636922836303711e+00,1.163636922836303711e+00,1.046181201934814453e+00,1.062284827232360840e+00,5.210987329483032227e-01,5.210987329483032227e-01,4.647404551506042480e-01,5.130535364151000977e-01,3.406260162591934204e-02,3.406260162591934204e-02,4.252578318119049072e-02,3.432461246848106384e-02,3.559622168540954590e-02,3.559622168540954590e-02,5.052507668733596802e-02,2.846742235124111176e-02,1.723174154758453369e-01,1.723174154758453369e-01,2.022204101085662842e-01,1.496820300817489624e-01,6.431578993797302246e-01,6.431578993797302246e-01,6.176797151565551758e-01,6.181576848030090332e-01
8.200000000000000000e+01,1.258974194526672363e+00,1.258974194526672363e+00,1.178722977638244629e+00,1.172713994979858398e+00,1.166082143783569336e+00,1.166082143783569336e+00,1.047647476196289062e+00,1.065652966499328613e+00,5.146300196647644043e-01,5.146300196647644043e-01,4.573582112789154053e-01,5.049927830696105957e-01,3.311015293002128601e-02,3.311015293002128601e-02,3.998765349388122559e-02,3.212578594684600830e-02,3.569275513291358948e-02,3.569275513291358948e-02,5.130343511700630188e-02,2.835758402943611145e-02,1.749716401100158691e-01,1.749716401100158691e-01,2.012885957956314087e-01,1.504477262496948242e-01,6.831678748130798340e-01,6.831678748130798340e-01,6.287273168563842773e-01,6.294121146202087402e-01
8.300000000000000000e+01,1.270657777786254883e+00,1.270657777786254883e+00,1.188994169235229492e+00,1.184208631515502930e+00,1.167898297309875488e+00,1.167898297309875488e+00,1.048545718193054199e+00,1.068402528762817383e+00,5.076984763145446777e-01,5.076984763145446777e-01,4.496246278285980225e-01,4.963980913162231445e-01,3.199663013219833374e-02,3.199663013219833374e-02,3.723763674497604370e-02,2.992186695337295532e-02,3.562862053513526917e-02,3.562862053513526917e-02,5.189774185419082642e-02,2.816826850175857544e-02,1.771008521318435669e-01,1.771008521318435669e-01,2.004783749580383301e-01,1.506401300430297852e-01,6.967029571533203125e-01,6.967029571533203125e-01,6.388412117958068848e-01,6.411238908767700195e-01
8.400000000000000000e+01,1.281876325607299805e+00,1.281876325607299805e+00,1.199427127838134766e+00,1.195288658142089844e+00,1.168724894523620605e+00,1.168724894523620605e+00,1.048737883567810059e+00,1.070512771606445312e+00,5.001484751701354980e-01,5.001484751701354980e-01,4.415406286716461182e-01,4.873678684234619141e-01,3.070388734340667725e-02,3.070388734340667725e-02,3.583443164825439453e-02,2.829428948462009430e-02,3.534412756562232971e-02,3.534412756562232971e-02,5.231705680489540100e-02,2.786233648657798767e-02,1.790143102407455444e-01,1.790143102407455444e-01,1.995402574539184570e-01,1.515809148550033569e-01,7.101453542709350586e-01,7.101453542709350586e-01,6.512156724929809570e-01,6.536884903907775879e-01
8.500000000000000000e+01,1.293088197708129883e+00,1.293088197708129883e+00,1.209283232688903809e+00,1.206050276756286621e+00,1.169046401977539062e+00,1.169046401977539062e+00,1.048726797103881836e+00,1.072049260139465332e+00,4.919890761375427246e-01,4.919890761375427246e-01,4.332178831100463867e-01,4.777845144271850586e-01,2.923376485705375671e-02,2.923376485705375671e-02,3.436420112848281860e-02,2.658469416201114655e-02,3.495416790246963501e-02,3.495416790246963501e-02,5.255873873829841614e-02,2.747191116213798523e-02,1.807096153497695923e-01,1.807096153497695923e-01,1.985887587070465088e-01,1.525394916534423828e-01,7.234774231910705566e-01,7.234774231910705566e-01,6.624623537063598633e-01,6.662367582321166992e-01
8.600000000000000000e+01,1.303276300430297852e+00,1.303276300430297852e+00,1.215821385383605957e+00,1.216136932373046875e+00,1.168961882591247559e+00,1.168961882591247559e+00,1.048080801963806152e+00,1.073067426681518555e+00,4.832302331924438477e-01,4.832302331924438477e-01,4.246042370796203613e-01,4.681289792060852051e-01,2.758323401212692261e-02,2.758323401212692261e-02,3.272621333599090576e-02,2.468655630946159363e-02,3.440190479159355164e-02,3.440190479159355164e-02,5.260403454303741455e-02,2.695547789335250854e-02,1.817606240510940552e-01,1.817606240510940552e-01,1.975470632314682007e-01,1.534769982099533081e-01,7.366229891777038574e-01,7.366229891777038574e-01,6.735451221466064453e-01,6.785683035850524902e-01
8.700000000000000000e+01,1.314097166061401367e+00,1.314097166061401367e+00,1.227934479713439941e+00,1.226537942886352539e+00,1.168063521385192871e+00,1.168063521385192871e+00,1.046858787536621094e+00,1.073443412780761719e+00,4.738827049732208252e-01,4.738827049732208252e-01,4.154920876026153564e-01,4.580655694007873535e-01,2.575873211026191711e-02,2.575873211026191711e-02,3.112986870110034943e-02,2.313371375203132629e-02,3.368856385350227356e-02,3.368856385350227356e-02,5.252023041248321533e-02,2.632315084338188171e-02,1.834380030632019043e-01,1.834380030632019043e-01,1.963986307382583618e-01,1.543453186750411987e-01,7.495889663696289062e-01,7.495889663696289062e-01,6.847409009933471680e-01,6.908259987831115723e-01
8.800000000000000000e+01,1.324049234390258789e+00,1.324049234390258789e+00,1.236830592155456543e+00,1.236371994018554688e+00,1.166543364524841309e+00,1.166543364524841309e+00,1.045051097869873047e+00,1.073167562484741211e+00,4.639577865600585938e-01,4.639577865600585938e-01,4.058926403522491455e-01,4.473585784435272217e-01,2.376061864197254181e-02,2.376061864197254181e-02,2.956793829798698425e-02,2.191156893968582153e-02,3.286837786436080933e-02,3.286837786436080933e-02,5.234341323375701904e-02,2.562461420893669128e-02,1.844677478075027466e-01,1.844677478075027466e-01,1.951635926961898804e-01,1.552505493164062500e-01,7.622899413108825684e-01,7.622899413108825684e-01,6.965588331222534180e-01,7.033483386039733887e-01
8.900000000000000000e+01,1.333561420440673828e+00,1.333561420440673828e+00,1.245306134223937988e+00,1.245731472969055176e+00,1.164248347282409668e+00,1.164248347282409668e+00,1.042655825614929199e+00,1.072264432907104492e+00,4.534676373004913330e-01,4.534676373004913330e-01,3.958532810211181641e-01,4.361775517463684082e-01,2.159591950476169586e-02,2.159591950476169586e-02,2.803213521838188171e-02,2.068119123578071594e-02,3.183629363775253296e-02,3.183629363775253296e-02,5.204289034008979797e-02,2.484622970223426819e-02,1.852727085351943970e-01,1.852727085351943970e-01,1.941471993923187256e-01,1.563646942377090454e-01,7.749586701393127441e-01,7.749586701393127441e-01,7.084184288978576660e-01,7.160360813140869141e-01
9.000000000000000000e+01,1.342769026756286621e+00,1.342769026756286621e+00,1.251918315887451172e+00,1.254777193069458008e+00,1.161252140998840332e+00,1.161252140998840332e+00,1.039675474166870117e+00,1.070569396018981934e+00,4.424249529838562012e-01,4.424249529838562012e-01,3.867312371730804443e-01,4.253369867801666260e-01,2.063580043613910675e-02,2.063580043613910675e-02,2.664160914719104767e-02,1.947331055998802185e-02,3.065289184451103210e-02,3.065289184451103210e-02,5.156908929347991943e-02,2.407649718225002289e-02,1.858519464731216431e-01,1.858519464731216431e-01,1.931620091199874878e-01,1.574687957763671875e-01,7.886921167373657227e-01,7.886921167373657227e-01,7.200985550880432129e-01,7.285279035568237305e-01
9.100000000000000000e+01,1.351517915725708008e+00,1.351517915725708008e+00,1.261130213737487793e+00,1.261952519416809082e+00,1.148879170417785645e+00,1.148879170417785645e+00,1.036234617233276367e+00,1.068532586097717285e+00,4.308433532714843750e-01,4.308433532714843750e-01,3.777184486389160156e-01,4.143642187118530273e-01,2.001888304948806763e-02,2.001888304948806763e-02,2.513655833899974823e-02,1.830452866852283478e-02,2.959665097296237946e-02,2.959665097296237946e-02,5.091791599988937378e-02,2.319455146789550781e-02,1.862047612667083740e-01,1.862047612667083740e-01,1.926311552524566650e-01,1.595539897680282593e-01,8.001076579093933105e-01,8.001076579093933105e-01,7.316259145736694336e-01,7.408293485641479492e-01
9.200000000000000000e+01,1.359844446182250977e+00,1.359844446182250977e+00,1.268460869789123535e+00,1.271860837936401367e+00,1.155071020126342773e+00,1.155071020126342773e+00,1.022529244422912598e+00,1.065836668014526367e+00,4.187367260456085205e-01,4.187367260456085205e-01,3.696053028106689453e-01,4.036056697368621826e-01,1.929810270667076111e-02,1.929810270667076111e-02,2.351498790085315704e-02,1.703757047653198242e-02,2.917996421456336975e-02,2.917996421456336975e-02,4.979392141103744507e-02,2.218161337077617645e-02,1.863307058811187744e-01,1.863307058811187744e-01,1.921946257352828979e-01,1.619235426187515259e-01,8.165175914764404297e-01,8.165175914764404297e-01,7.432111501693725586e-01,7.531749010086059570e-01
9.300000000000000000e+01,1.367687940597534180e+00,1.367687940597534180e+00,1.274565815925598145e+00,1.278762578964233398e+00,1.151172757148742676e+00,1.151172757148742676e+00,1.027674317359924316e+00,1.062558889389038086e+00,4.061199128627777100e-01,4.061199128627777100e-01,3.611809909343719482e-01,3.924434781074523926e-01,1.847575604915618896e-02,1.847575604915618896e-02,2.282441593706607819e-02,1.609687693417072296e-02,2.858000062406063080e-02,2.858000062406063080e-02,4.919747635722160339e-02,2.102970518171787262e-02,1.862296313047409058e-01,1.862296313047409058e-01,1.916719526052474976e-01,1.649499088525772095e-01,8.301275372505187988e-01,8.301275372505187988e-01,7.549941539764404297e-01,7.662178277969360352e-01
9.400000000000000000e+01,1.375175118446350098e+00,1.375175118446350098e+00,1.278814673423767090e+00,1.287093639373779297e+00,1.146641612052917480e+00,1.146641612052917480e+00,1.022532701492309570e+00,1.058614373207092285e+00,3.930083811283111572e-01,3.930083811283111572e-01,3.518171906471252441e-01,3.808454871177673340e-01,1.755282282829284668e-02,1.755282282829284668e-02,2.206220291554927826e-02,1.507416740059852600e-02,2.778714522719383240e-02,2.778714522719383240e-02,4.822659119963645935e-02,1.981547661125659943e-02,1.854972541332244873e-01,1.854972541332244873e-01,1.911214292049407959e-01,1.681992411613464355e-01,8.435143232345581055e-01,8.435143232345581055e-01,7.666948437690734863e-01,7.790139913558959961e-01
9.500000000000000000e+01,1.381946563720703125e+00,1.381946563720703125e+00,1.288014411926269531e+00,1.294365882873535156e+00,1.141389250755310059e+00,1.141389250755310059e+00,1.016818404197692871e+00,1.054235100746154785e+00,3.794179558753967285e-01,3.794179558753967285e-01,3.431319892406463623e-01,3.688196241855621338e-01,1.653096452355384827e-02,1.653096452355384827e-02,2.119516208767890930e-02,1.396765932440757751e-02,2.680095657706260681e-02,2.680095657706260681e-02,4.707357287406921387e-02,1.849211379885673523e-02,1.853472441434860229e-01,1.853472441434860229e-01,1.904189884662628174e-01,1.713847517967224121e-01,8.559311628341674805e-01,8.559311628341674805e-01,7.781835794448852539e-01,7.915868759155273438e-01
9.600000000000000000e+01,1.388716936111450195e+00,1.388716936111450195e+00,1.293684840202331543e+00,1.300941109657287598e+00,1.134967446327209473e+00,1.134967446327209473e+00,1.010543823242187500e+00,1.048972606658935547e+00,3.653653264045715332e-01,3.653653264045715332e-01,3.344399631023406982e-01,3.573136925697326660e-01,1.541155297309160233e-02,1.541155297309160233e-02,2.034918218851089478e-02,1.321533415466547012e-02,2.562310919165611267e-02,2.562310919165611267e-02,4.571891576051712036e-02,1.706077530980110168e-02,1.845669746398925781e-01,1.845669746398925781e-01,1.901333034038543701e-01,1.749037802219390869e-01,8.695542216300964355e-01,8.695542216300964355e-01,7.894783616065979004e-01,8.039469718933105469e-01
9.700000000000000000e+01,1.394790887832641602e+00,1.394790887832641602e+00,1.296248316764831543e+00,1.307330965995788574e+00,1.128831624984741211e+00,1.128831624984741211e+00,1.003661870956420898e+00,1.043332338333129883e+00,3.508676290512084961e-01,3.508676290512084961e-01,3.263646364212036133e-01,3.463979959487915039e-01,1.419533789157867432e-02,1.419533789157867432e-02,1.947004161775112152e-02,1.268186699599027634e-02,2.425013296306133270e-02,2.425013296306133270e-02,4.418651014566421509e-02,1.549810171127319336e-02,1.835619211196899414e-01,1.835619211196899414e-01,1.905924081802368164e-01,1.792404502630233765e-01,8.821753263473510742e-01,8.821753263473510742e-01,8.011502027511596680e-01,8.161732554435729980e-01
9.800000000000000000e+01,1.400383591651916504e+00,1.400383591651916504e+00,1.303732514381408691e+00,1.313060164451599121e+00,1.121559619903564453e+00,1.121559619903564453e+00,9.966088533401489258e-01,1.037165880203247070e+00,3.359423279762268066e-01,3.359423279762268066e-01,3.185983002185821533e-01,3.358194530010223389e-01,1.288377773016691208e-02,1.288377773016691208e-02,1.850168965756893158e-02,1.221057586371898651e-02,2.269773557782173157e-02,2.269773557782173157e-02,4.249906912446022034e-02,1.380999106913805008e-02,1.820038706064224243e-01,1.820038706064224243e-01,1.921623051166534424e-01,1.845157444477081299e-01,8.945096731185913086e-01,8.945096731185913086e-01,8.125641345977783203e-01,8.278368115425109863e-01
9.900000000000000000e+01,1.402302265167236328e+00,1.402302265167236328e+00,1.308068275451660156e+00,1.318273067474365234e+00,1.113625764846801758e+00,1.113625764846801758e+00,9.890825152397155762e-01,1.030371546745300293e+00,3.211745917797088623e-01,3.211745917797088623e-01,3.106194436550140381e-01,3.250928819179534912e-01,1.148511283099651337e-02,1.148511283099651337e-02,1.746723800897598267e-02,1.163355261087417603e-02,2.095378376543521881e-02,2.095378376543521881e-02,4.063727334141731262e-02,1.199539378285408020e-02,1.814398169517517090e-01,1.814398169517517090e-01,1.936414241790771484e-01,1.896082907915115356e-01,9.065422415733337402e-01,9.065422415733337402e-01,8.237530589103698730e-01,8.360911011695861816e-01
1.000000000000000000e+02,1.410121440887451172e+00,1.410121440887451172e+00,1.311921596527099609e+00,1.322866678237915039e+00,1.105077981948852539e+00,1.105077981948852539e+00,9.808417558670043945e-01,1.023084640502929688e+00,3.079037070274353027e-01,3.079037070274353027e-01,3.023895025253295898e-01,3.142046928405761719e-01,1.002939976751804352e-02,1.002939976751804352e-02,1.639324985444545746e-02,1.103562675416469574e-02,1.995804905891418457e-02,1.995804905891418457e-02,3.955610841512680054e-02,1.109804771840572357e-02,1.834649294614791870e-01,1.834649294614791870e-01,1.960476934909820557e-01,1.957018226385116577e-01,9.191662073135375977e-01,9.191662073135375977e-01,8.354839682579040527e-01,8.519564867019653320e-01
1.010000000000000000e+02,1.414170742034912109e+00,1.414170742034912109e+00,1.315247774124145508e+00,1.327161788940429688e+00,1.094995260238647461e+00,1.094995260238647461e+00,9.723465442657470703e-01,1.015150427818298340e+00,2.944134771823883057e-01,2.944134771823883057e-01,2.938468456268310547e-01,3.029681146144866943e-01,9.030246175825595856e-03,9.030246175825595856e-03,1.523277536034584045e-02,1.039271801710128784e-02,1.906696707010269165e-02,1.906696707010269165e-02,3.861373290419578552e-02,1.046133507043123245e-02,1.857582181692123413e-01,1.857582181692123413e-01,1.985643506050109863e-01,2.019190788269042969e-01,9.322047233581542969e-01,9.322047233581542969e-01,8.467694520950317383e-01,8.642148375511169434e-01
1.020000000000000000e+02,1.417677164077758789e+00,1.417677164077758789e+00,1.318068981170654297e+00,1.330633401870727539e+00,1.086149811744689941e+00,1.086149811744689941e+00,9.633449912071228027e-01,1.006672859191894531e+00,2.855623364448547363e-01,2.855623364448547363e-01,2.850351333618164062e-01,2.914607822895050049e-01,8.556316606700420380e-03,8.556316606700420380e-03,1.404521986842155457e-02,9.738307446241378784e-03,1.858808472752571106e-02,1.858808472752571106e-02,3.802913054823875427e-02,1.023705117404460907e-02,1.935128569602966309e-01,1.935128569602966309e-01,2.015829682350158691e-01,2.085989266633987427e-01,9.459275603294372559e-01,9.459275603294372559e-01,8.588120937347412109e-01,8.764718174934387207e-01
1.030000000000000000e+02,1.420637607574462891e+00,1.420637607574462891e+00,1.320344328880310059e+00,1.333790779113769531e+00,1.076151132583618164e+00,1.076151132583618164e+00,9.538561701774597168e-01,9.977008700370788574e-01,2.764910161495208740e-01,2.764910161495208740e-01,2.598462402820587158e-01,2.803252041339874268e-01,8.189000189304351807e-03,8.189000189304351807e-03,1.282086409628391266e-02,9.010856039822101593e-03,1.893622800707817078e-02,1.893622800707817078e-02,3.794732317328453064e-02,1.049163099378347397e-02,2.020008265972137451e-01,2.020008265972137451e-01,2.061668187379837036e-01,2.169092148542404175e-01,9.599506258964538574e-01,9.599506258964538574e-01,8.711505532264709473e-01,8.887649178504943848e-01
1.040000000000000000e+02,1.422918200492858887e+00,1.422918200492858887e+00,1.322074532508850098e+00,1.336305141448974609e+00,1.065376162528991699e+00,1.065376162528991699e+00,9.433279633522033691e-01,9.878752827644348145e-01,2.670991122722625732e-01,2.670991122722625732e-01,2.684002220630645752e-01,2.693943083286285400e-01,7.717413827776908875e-03,7.717413827776908875e-03,1.155865099281072617e-02,8.336408995091915131e-03,1.917725615203380585e-02,1.917725615203380585e-02,3.776788339018821716e-02,1.079606637358665466e-02,2.082259356975555420e-01,2.082259356975555420e-01,2.107687890529632568e-01,2.250893414020538330e-01,9.737344980239868164e-01,9.737344980239868164e-01,8.823743462562561035e-01,9.009683132171630859e-01
1.050000000000000000e+02,1.424605131149291992e+00,1.424605131149291992e+00,1.322798490524291992e+00,1.338144779205322266e+00,1.054355978965759277e+00,1.054355978965759277e+00,9.333679676055908203e-01,9.781815409660339355e-01,2.581985592842102051e-01,2.581985592842102051e-01,2.598690092563629150e-01,2.580721676349639893e-01,7.421932648867368698e-03,7.421932648867368698e-03,1.039911247789859772e-02,7.955958135426044464e-03,1.933871023356914520e-02,1.933871023356914520e-02,3.748652711510658264e-02,1.126114465296268463e-02,2.152529358863830566e-01,2.152529358863830566e-01,2.149485349655151367e-01,2.330382466316223145e-01,9.871006608009338379e-01,9.871006608009338379e-01,8.944584727287292480e-01,9.128144979476928711e-01
1.060000000000000000e+02,1.425383329391479492e+00,1.425383329391479492e+00,1.323906660079956055e+00,1.339388132095336914e+00,1.042626261711120605e+00,1.042626261711120605e+00,9.227126240730285645e-01,9.676442742347717285e-01,2.504995465278625488e-01,2.504995465278625488e-01,2.518050670623779297e-01,2.403600215911865234e-01,6.958107464015483856e-03,6.958107464015483856e-03,9.511161595582962036e-03,7.695563137531280518e-03,1.960248313844203949e-02,1.960248313844203949e-02,3.738244250416755676e-02,1.184335071593523026e-02,2.293837368488311768e-01,2.293837368488311768e-01,2.206895947456359863e-01,2.422376722097396851e-01,1.000119686126708984e+00,1.000119686126708984e+00,9.061793088912963867e-01,9.241027832031250000e-01
1.070000000000000000e+02,1.425901770591735840e+00,1.425901770591735840e+00,1.324000954627990723e+00,1.340027451515197754e+00,1.030345201492309570e+00,1.030345201492309570e+00,9.117127060890197754e-01,9.566951990127563477e-01,2.425161004066467285e-01,2.425161004066467285e-01,2.442170083522796631e-01,2.368975877761840820e-01,6.456108298152685165e-03,6.456108298152685165e-03,9.090056642889976501e-03,7.508417591452598572e-03,1.989752799272537231e-02,1.989752799272537231e-02,3.735895082354545593e-02,1.245418563485145569e-02,2.396049797534942627e-01,2.396049797534942627e-01,2.264314144849777222e-01,2.514807283878326416e-01,1.012786865234375000e+00,1.012786865234375000e+00,9.175045490264892578e-01,9.368436932563781738e-01
1.080000000000000000e+02,1.425529241561889648e+00,1.425529241561889648e+00,1.323500990867614746e+00,1.340058326721191406e+00,1.017518997192382812e+00,1.017518997192382812e+00,9.006913304328918457e-01,9.456484317779541016e-01,2.342451065778732300e-01,2.342451065778732300e-01,2.363672703504562378e-01,2.262464761734008789e-01,6.302025169134140015e-03,6.302025169134140015e-03,8.598338812589645386e-03,7.297018542885780334e-03,2.009603939950466156e-02,2.009603939950466156e-02,3.726372495293617249e-02,1.302507799118757248e-02,2.495234459638595581e-01,2.495234459638595581e-01,2.319194376468658447e-01,2.604569792747497559e-01,1.025351881980895996e+00,1.025351881980895996e+00,9.283553361892700195e-01,9.482918977737426758e-01
1.090000000000000000e+02,1.424687027931213379e+00,1.424687027931213379e+00,1.322406768798828125e+00,1.339450478553771973e+00,1.004176497459411621e+00,1.004176497459411621e+00,8.892080187797546387e-01,9.340635538101196289e-01,2.256758958101272583e-01,2.256758958101272583e-01,2.282626330852508545e-01,2.144399285316467285e-01,6.283069960772991180e-03,6.283069960772991180e-03,8.011883124709129333e-03,6.941463798284530640e-03,2.021471783518791199e-02,2.021471783518791199e-02,3.749126568436622620e-02,1.395654585212469101e-02,2.591671645641326904e-01,2.591671645641326904e-01,2.371332943439483643e-01,2.640687227249145508e-01,1.037590384483337402e+00,1.037590384483337402e+00,9.391562938690185547e-01,9.592789411544799805e-01
1.100000000000000000e+02,1.423508286476135254e+00,1.423508286476135254e+00,1.320512294769287109e+00,1.338291525840759277e+00,9.903427362442016602e-01,9.903427362442016602e-01,8.772785663604736328e-01,9.218937158584594727e-01,2.168488502502441406e-01,2.168488502502441406e-01,2.199102640151977539e-01,2.042226791381835938e-01,6.230938248336315155e-03,6.230938248336315155e-03,7.476269267499446869e-03,6.680562160909175873e-03,2.026220969855785370e-02,2.026220969855785370e-02,3.762095421552658081e-02,1.493862364441156387e-02,2.684815824031829834e-01,2.684815824031829834e-01,2.420880198478698730e-01,2.775603830814361572e-01,1.046806216239929199e+00,1.046806216239929199e+00,9.492701292037963867e-01,9.695529937744140625e-01
1.110000000000000000e+02,1.421399831771850586e+00,1.421399831771850586e+00,1.318444371223449707e+00,1.336499452590942383e+00,9.760072231292724609e-01,9.760072231292724609e-01,8.640841245651245117e-01,9.094614386558532715e-01,2.077627331018447876e-01,2.077627331018447876e-01,2.113203853368759155e-01,1.928747445344924927e-01,6.146922707557678223e-03,6.146922707557678223e-03,7.114825770258903503e-03,6.544759031385183334e-03,2.021416649222373962e-02,2.021416649222373962e-02,3.764631599187850952e-02,1.606561802327632904e-02,2.774742245674133301e-01,2.774742245674133301e-01,2.467960417270660400e-01,2.856789529323577881e-01,1.060469508171081543e+00,1.060469508171081543e+00,9.591786861419677734e-01,9.802504777908325195e-01
1.120000000000000000e+02,1.418506145477294922e+00,1.418506145477294922e+00,1.315583944320678711e+00,1.334093928337097168e+00,9.611845016479492188e-01,9.611845016479492188e-01,8.522884249687194824e-01,8.964674472808837891e-01,1.984330713748931885e-01,1.984330713748931885e-01,2.025035172700881958e-01,1.813223659992218018e-01,6.035969592630863190e-03,6.035969592630863190e-03,6.906451191753149033e-03,6.496977061033248901e-03,2.006717771291732788e-02,2.006717771291732788e-02,3.756772354245185852e-02,1.717199385166168213e-02,2.860026061534881592e-01,2.860026061534881592e-01,2.516559958457946777e-01,2.936983108520507812e-01,1.071205615997314453e+00,1.071205615997314453e+00,9.689623713493347168e-01,9.904507994651794434e-01
1.130000000000000000e+02,1.415284395217895508e+00,1.415284395217895508e+00,1.312141656875610352e+00,1.331109285354614258e+00,9.459178447723388672e-01,9.459178447723388672e-01,8.396875858306884766e-01,8.833042383193969727e-01,1.891226321458816528e-01,1.891226321458816528e-01,1.938030570745468140e-01,1.703514009714126587e-01,5.913303699344396591e-03,5.913303699344396591e-03,6.918534170836210251e-03,6.428469903767108917e-03,1.984263211488723755e-02,1.984263211488723755e-02,3.740842267870903015e-02,1.828206330537796021e-02,2.942213416099548340e-01,2.942213416099548340e-01,2.571918964385986328e-01,3.016552627086639404e-01,1.081352472305297852e+00,1.081352472305297852e+00,9.779511094093322754e-01,1.000087618827819824e+00
1.140000000000000000e+02,1.411100268363952637e+00,1.411100268363952637e+00,1.308245182037353516e+00,1.327517628669738770e+00,9.305071234703063965e-01,9.305071234703063965e-01,8.272798657417297363e-01,8.698698282241821289e-01,1.796458661556243896e-01,1.796458661556243896e-01,1.859847307205200195e-01,1.613819748163223267e-01,5.794289521872997284e-03,5.794289521872997284e-03,6.899666506797075272e-03,6.338797975331544876e-03,2.001402340829372406e-02,2.001402340829372406e-02,3.770918026566505432e-02,1.970654353499412537e-02,3.032969832420349121e-01,3.032969832420349121e-01,2.635245621204376221e-01,3.099486231803894043e-01,1.091156601905822754e+00,1.091156601905822754e+00,9.867756366729736328e-01,1.009242534637451172e+00
1.150000000000000000e+02,1.406571507453918457e+00,1.406571507453918457e+00,1.303779602050781250e+00,1.323350429534912109e+00,8.969175219535827637e-01,8.969175219535827637e-01,8.142987489700317383e-01,8.560141324996948242e-01,1.699606627225875854e-01,1.699606627225875854e-01,1.784821450710296631e-01,1.531199514865875244e-01,5.649211350828409195e-03,5.649211350828409195e-03,6.833801046013832092e-03,6.043845321983098984e-03,2.010267786681652069e-02,2.010267786681652069e-02,3.806836158037185669e-02,2.121188305318355560e-02,3.115198016166687012e-01,3.115198016166687012e-01,2.714925110340118408e-01,3.188160955905914307e-01,1.100400924682617188e+00,1.100400924682617188e+00,9.949016571044921875e-01,1.017049193382263184e+00
1.160000000000000000e+02,1.401135325431823730e+00,1.401135325431823730e+00,1.296427249908447266e+00,1.318608880043029785e+00,8.971899747848510742e-01,8.971899747848510742e-01,7.999187707901000977e-01,8.417488336563110352e-01,1.600691378116607666e-01,1.600691378116607666e-01,1.708073765039443970e-01,1.447041034698486328e-01,5.471232347190380096e-03,5.471232347190380096e-03,6.739943288266658783e-03,6.091852672398090363e-03,2.013832889497280121e-02,2.013832889497280121e-02,3.830903023481369019e-02,2.262359298765659332e-02,3.193636536598205566e-01,3.193636536598205566e-01,2.790068089962005615e-01,3.273605704307556152e-01,1.109050512313842773e+00,1.109050512313842773e+00,1.002849221229553223e+00,1.025405406951904297e+00
1.170000000000000000e+02,1.395261526107788086e+00,1.395261526107788086e+00,1.293121933937072754e+00,1.313215374946594238e+00,8.817633390426635742e-01,8.817633390426635742e-01,7.871485948562622070e-01,8.260065317153930664e-01,1.518695354461669922e-01,1.518695354461669922e-01,1.629568189382553101e-01,1.361471116542816162e-01,5.260763224214315414e-03,5.260763224214315414e-03,6.332945078611373901e-03,6.009526550769805908e-03,2.004093304276466370e-02,2.004093304276466370e-02,3.843304887413978577e-02,2.391253411769866943e-02,3.287621140480041504e-01,3.287621140480041504e-01,2.862458825111389160e-01,3.355554342269897461e-01,1.117094278335571289e+00,1.117094278335571289e+00,1.008665919303894043e+00,1.033653497695922852e+00
1.180000000000000000e+02,1.389048337936401367e+00,1.389048337936401367e+00,1.286943197250366211e+00,1.306770443916320801e+00,8.643826842308044434e-01,8.643826842308044434e-01,7.730411291122436523e-01,8.120970726013183594e-01,1.451681107282638550e-01,1.451681107282638550e-01,1.549808979034423828e-01,1.274956762790679932e-01,5.046301521360874176e-03,5.046301521360874176e-03,6.494631059467792511e-03,5.754141137003898621e-03,1.970996893942356110e-02,1.970996893942356110e-02,3.845297545194625854e-02,2.514150366187095642e-02,3.393886387348175049e-01,3.393886387348175049e-01,2.943467497825622559e-01,3.437465131282806396e-01,1.124593973159790039e+00,1.124593973159790039e+00,1.016920924186706543e+00,1.038641929626464844e+00
1.190000000000000000e+02,1.381937265396118164e+00,1.381937265396118164e+00,1.280154347419738770e+00,1.300959467887878418e+00,8.475084304809570312e-01,8.475084304809570312e-01,7.586353421211242676e-01,7.967982888221740723e-01,1.382691264152526855e-01,1.382691264152526855e-01,1.478069871664047241e-01,1.217663064599037170e-01,4.862372763454914093e-03,4.862372763454914093e-03,6.408985704183578491e-03,5.791625007987022400e-03,1.976166479289531708e-02,1.976166479289531708e-02,3.851099312305450439e-02,2.630391530692577362e-02,3.496376276016235352e-01,3.496376276016235352e-01,3.033027648925781250e-01,3.520607650279998779e-01,1.131529450416564941e+00,1.131529450416564941e+00,1.022810220718383789e+00,1.047273278236389160e+00
1.200000000000000000e+02,1.374274969100952148e+00,1.374274969100952148e+00,1.272894144058227539e+00,1.294034719467163086e+00,8.298857808113098145e-01,8.298857808113098145e-01,7.439563870429992676e-01,7.771514654159545898e-01,1.311996132135391235e-01,1.311996132135391235e-01,1.417975723743438721e-01,1.168723627924919128e-01,4.687291104346513748e-03,4.687291104346513748e-03,6.299601867794990540e-03,5.753592122346162796e-03,1.950442790985107422e-02,1.950442790985107422e-02,3.842698037624359131e-02,2.735033258795738220e-02,3.594544827938079834e-01,3.594544827938079834e-01,3.139042556285858154e-01,3.620139658451080322e-01,1.137867569923400879e+00,1.137867569923400879e+00,1.028912425041198730e+00,1.053277492523193359e+00
1.210000000000000000e+02,1.366047382354736328e+00,1.366047382354736328e+00,1.265071153640747070e+00,1.286630153656005859e+00,8.128107786178588867e-01,8.128107786178588867e-01,7.291440963745117188e-01,7.655249834060668945e-01,1.239810436964035034e-01,1.239810436964035034e-01,1.365071684122085571e-01,1.123809814453125000e-01,4.520846996456384659e-03,4.520846996456384659e-03,6.198801100254058838e-03,5.696515552699565887e-03,2.002092264592647552e-02,2.002092264592647552e-02,3.840142861008644104e-02,2.847592905163764954e-02,3.688450157642364502e-01,3.688450157642364502e-01,3.242716193199157715e-01,3.718475401401519775e-01,1.143606781959533691e+00,1.143606781959533691e+00,1.034106612205505371e+00,1.058702588081359863e+00
1.220000000000000000e+02,1.356646180152893066e+00,1.356646180152893066e+00,1.256654500961303711e+00,1.278571605682373047e+00,7.958911061286926270e-01,7.958911061286926270e-01,7.139861583709716797e-01,7.494165897369384766e-01,1.166202053427696228e-01,1.166202053427696228e-01,1.310519576072692871e-01,1.076171994209289551e-01,4.332937300205230713e-03,4.332937300205230713e-03,6.101101636886596680e-03,5.614544264972209930e-03,2.087469026446342468e-02,2.087469026446342468e-02,3.824508190155029297e-02,2.946557104587554932e-02,3.777958452701568604e-01,3.777958452701568604e-01,3.343405723571777344e-01,3.813348412513732910e-01,1.148707509040832520e+00,1.148707509040832520e+00,1.038715124130249023e+00,1.063530683517456055e+00
1.230000000000000000e+02,1.347753643989562988e+00,1.347753643989562988e+00,1.247761368751525879e+00,1.269258022308349609e+00,7.786389589309692383e-01,7.786389589309692383e-01,6.986422538757324219e-01,7.331998944282531738e-01,1.091234534978866577e-01,1.091234534978866577e-01,1.254630982875823975e-01,1.030462235212326050e-01,4.107807762920856476e-03,4.107807762920856476e-03,5.965585820376873016e-03,5.559204146265983582e-03,2.157601714134216309e-02,2.157601714134216309e-02,3.798028081655502319e-02,3.034112975001335144e-02,3.862922191619873047e-01,3.862922191619873047e-01,3.440309762954711914e-01,3.903939723968505859e-01,1.150568366050720215e+00,1.150568366050720215e+00,1.042762756347656250e+00,1.067584395408630371e+00
1.240000000000000000e+02,1.337847590446472168e+00,1.337847590446472168e+00,1.238326907157897949e+00,1.260899662971496582e+00,7.611332535743713379e-01,7.611332535743713379e-01,6.831379532814025879e-01,7.167825698852539062e-01,1.050348654389381409e-01,1.050348654389381409e-01,1.197485849261283875e-01,9.821633994579315186e-02,3.972711041569709778e-03,3.972711041569709778e-03,5.839610937982797623e-03,5.497293546795845032e-03,2.217384055256843567e-02,2.217384055256843567e-02,3.579054027795791626e-02,3.126223012804985046e-02,3.979620039463043213e-01,3.979620039463043213e-01,3.533093929290771484e-01,3.970065116882324219e-01,1.156370520591735840e+00,1.156370520591735840e+00,1.046255230903625488e+00,1.071468830108642578e+00
1.250000000000000000e+02,1.327355027198791504e+00,1.327355027198791504e+00,1.228475213050842285e+00,1.251117587089538574e+00,7.446994185447692871e-01,7.446994185447692871e-01,6.675050258636474609e-01,7.002586126327514648e-01,1.017641797661781311e-01,1.017641797661781311e-01,1.140929311513900757e-01,9.346832334995269775e-02,4.083355423063039780e-03,4.083355423063039780e-03,5.797310266643762589e-03,5.558319389820098877e-03,2.402368374168872833e-02,2.402368374168872833e-02,3.762307390570640564e-02,3.205512091517448425e-02,4.100721478462219238e-01,4.100721478462219238e-01,3.624337911605834961e-01,4.074089527130126953e-01,1.160600781440734863e+00,1.160600781440734863e+00,1.049353122711181641e+00,1.074681878089904785e+00
1.260000000000000000e+02,1.316357254981994629e+00,1.316357254981994629e+00,1.218205451965332031e+00,1.241301059722900391e+00,7.281303405761718750e-01,7.281303405761718750e-01,6.516079902648925781e-01,6.836184859275817871e-01,9.843333065509796143e-02,9.843333065509796143e-02,1.084451079368591309e-01,8.880685269832611084e-02,4.293194506317377090e-03,4.293194506317377090e-03,5.817342083901166916e-03,5.696841981261968613e-03,2.559362724423408508e-02,2.559362724423408508e-02,3.747993707656860352e-02,3.307093679904937744e-02,3.962207138538360596e-01,3.962207138538360596e-01,3.715127110481262207e-01,4.154769778251647949e-01,1.163594245910644531e+00,1.163594245910644531e+00,1.051961898803710938e+00,1.077359437942504883e+00
1.270000000000000000e+02,1.304801583290100098e+00,1.304801583290100098e+00,1.207373380661010742e+00,1.230780482292175293e+00,7.115957140922546387e-01,7.115957140922546387e-01,6.359353661537170410e-01,6.667800545692443848e-01,9.488821029663085938e-02,9.488821029663085938e-02,1.027457714080810547e-01,8.404023200273513794e-02,4.610044881701469421e-03,4.610044881701469421e-03,5.821303930133581161e-03,5.808917805552482605e-03,2.778755687177181244e-02,2.778755687177181244e-02,3.716180473566055298e-02,3.382752090692520142e-02,4.326643943786621094e-01,4.326643943786621094e-01,3.803669810295104980e-01,4.230921864509582520e-01,1.166096687316894531e+00,1.166096687316894531e+00,1.053964376449584961e+00,1.079408049583435059e+00
1.280000000000000000e+02,1.292777895927429199e+00,1.292777895927429199e+00,1.196059346199035645e+00,1.219669938087463379e+00,6.948914527893066406e-01,6.948914527893066406e-01,6.202152371406555176e-01,6.497653126716613770e-01,9.121781587600708008e-02,9.121781587600708008e-02,9.693275392055511475e-02,7.935270667076110840e-02,4.869765136390924454e-03,4.869765136390924454e-03,5.792717449367046356e-03,5.901142489165067673e-03,2.962758950889110565e-02,2.962758950889110565e-02,3.683872893452644348e-02,3.443671017885208130e-02,4.431746304035186768e-01,4.431746304035186768e-01,3.880131840705871582e-01,4.310229718685150146e-01,1.167848944664001465e+00,1.167848944664001465e+00,1.055374979972839355e+00,1.080866098403930664e+00
1.290000000000000000e+02,1.280104398727416992e+00,1.280104398727416992e+00,1.184288263320922852e+00,1.207925558090209961e+00,6.779379844665527344e-01,6.779379844665527344e-01,6.044655442237854004e-01,6.326625943183898926e-01,8.743738383054733276e-02,8.743738383054733276e-02,9.300914406776428223e-02,7.536784559488296509e-02,5.123701412230730057e-03,5.123701412230730057e-03,5.804017186164855957e-03,6.014521233737468719e-03,3.126007318496704102e-02,3.126007318496704102e-02,3.647628799080848694e-02,3.519916534423828125e-02,4.531507790088653564e-01,4.531507790088653564e-01,3.976294994354248047e-01,4.397349953651428223e-01,1.168866991996765137e+00,1.168866991996765137e+00,1.056201457977294922e+00,1.079992175102233887e+00
1.300000000000000000e+02,1.266429424285888672e+00,1.266429424285888672e+00,1.172084808349609375e+00,1.194007396697998047e+00,6.607556939125061035e-01,6.607556939125061035e-01,5.887864232063293457e-01,6.151969432830810547e-01,8.355280011892318726e-02,8.355280011892318726e-02,8.913686871528625488e-02,7.157991081476211548e-02,5.373850930482149124e-03,5.373850930482149124e-03,5.840989761054515839e-03,6.126927677541971207e-03,3.268302604556083679e-02,3.268302604556083679e-02,3.610425442457199097e-02,3.622271865606307983e-02,4.625787436962127686e-01,4.625787436962127686e-01,4.057896137237548828e-01,4.481163918972015381e-01,1.169470191001892090e+00,1.169470191001892090e+00,1.054643392562866211e+00,1.082106947898864746e+00
1.310000000000000000e+02,1.253667235374450684e+00,1.253667235374450684e+00,1.159371376037597656e+00,1.183303356170654297e+00,6.433588862419128418e-01,6.433588862419128418e-01,5.731084346771240234e-01,5.982525348663330078e-01,7.955883443355560303e-02,7.955883443355560303e-02,8.517362177371978760e-02,6.763654947280883789e-02,5.570415873080492020e-03,5.570415873080492020e-03,5.899023730307817459e-03,6.254358682781457901e-03,3.384908661246299744e-02,3.384908661246299744e-02,3.569054231047630310e-02,3.720516338944435120e-02,4.714387059211730957e-01,4.714387059211730957e-01,4.134210348129272461e-01,4.558871388435363770e-01,1.169184446334838867e+00,1.169184446334838867e+00,1.055956006050109863e+00,1.081840515136718750e+00
1.320000000000000000e+02,1.239779710769653320e+00,1.239779710769653320e+00,1.146289825439453125e+00,1.170269370079040527e+00,6.257894039154052734e-01,6.257894039154052734e-01,5.573034286499023438e-01,5.811489820480346680e-01,7.546975463628768921e-02,7.546975463628768921e-02,8.142897486686706543e-02,6.432306766510009766e-02,5.737536121159791946e-03,5.737536121159791946e-03,5.928881000727415085e-03,6.357045844197273254e-03,3.489414229989051819e-02,3.489414229989051819e-02,3.514105081558227539e-02,3.813944384455680847e-02,4.797180891036987305e-01,4.797180891036987305e-01,4.209441840648651123e-01,4.632857739925384521e-01,1.168323159217834473e+00,1.168323159217834473e+00,1.055161476135253906e+00,1.080827951431274414e+00
1.330000000000000000e+02,1.225378870964050293e+00,1.225378870964050293e+00,1.132967710494995117e+00,1.156754851341247559e+00,6.080482006072998047e-01,6.080482006072998047e-01,5.413566827774047852e-01,5.638524889945983887e-01,7.123421132564544678e-02,7.123421132564544678e-02,7.787697017192840576e-02,6.163464486598968506e-02,5.875003524124622345e-03,5.875003524124622345e-03,5.926768295466899872e-03,5.978725384920835495e-03,3.567984700202941895e-02,3.567984700202941895e-02,3.453024849295616150e-02,3.905702754855155945e-02,4.874156713485717773e-01,4.874156713485717773e-01,4.290672838687896729e-01,4.707780480384826660e-01,1.166741728782653809e+00,1.166741728782653809e+00,1.053611874580383301e+00,1.079484462738037109e+00
1.340000000000000000e+02,1.210771918296813965e+00,1.210771918296813965e+00,1.119153499603271484e+00,1.142810106277465820e+00,5.901638865470886230e-01,5.901638865470886230e-01,5.253827571868896484e-01,5.464304685592651367e-01,6.702378392219543457e-02,6.702378392219543457e-02,7.445265352725982666e-02,5.897877737879753113e-02,5.983266979455947876e-03,5.983266979455947876e-03,5.941955838352441788e-03,6.007072981446981430e-03,3.625372052192687988e-02,3.625372052192687988e-02,3.400489687919616699e-02,4.001848399639129639e-02,4.945381581783294678e-01,4.945381581783294678e-01,4.369020760059356689e-01,4.780850410461425781e-01,1.164482831954956055e+00,1.164482831954956055e+00,1.051438093185424805e+00,1.077409744262695312e+00
1.350000000000000000e+02,1.195629358291625977e+00,1.195629358291625977e+00,1.104977965354919434e+00,1.128451108932495117e+00,5.721671581268310547e-01,5.721671581268310547e-01,5.103721022605895996e-01,5.295518636703491211e-01,6.460504233837127686e-02,6.460504233837127686e-02,7.131551206111907959e-02,5.644949898123741150e-02,6.070306058973073959e-03,6.070306058973073959e-03,5.948815494775772095e-03,6.560498848557472229e-03,3.661983460187911987e-02,3.661983460187911987e-02,3.345187380909919739e-02,4.090661555528640747e-02,5.029696822166442871e-01,5.029696822166442871e-01,4.441786110401153564e-01,4.848444759845733643e-01,1.161558389663696289e+00,1.161558389663696289e+00,1.047877311706542969e+00,1.074525475502014160e+00
1.360000000000000000e+02,1.172365069389343262e+00,1.172365069389343262e+00,1.090509533882141113e+00,1.113729357719421387e+00,5.543414354324340820e-01,5.543414354324340820e-01,4.959149360656738281e-01,5.130429267883300781e-01,6.308710575103759766e-02,6.308710575103759766e-02,6.844899803400039673e-02,5.441528558731079102e-02,6.392684765160083771e-03,6.392684765160083771e-03,6.230614613741636276e-03,6.861544214189052582e-03,3.705789521336555481e-02,3.705789521336555481e-02,3.353273868560791016e-02,4.266921058297157288e-02,5.088526606559753418e-01,5.088526606559753418e-01,4.514118731021881104e-01,4.913281798362731934e-01,1.158249616622924805e+00,1.158249616622924805e+00,1.045487880706787109e+00,1.071614861488342285e+00
1.370000000000000000e+02,1.164415717124938965e+00,1.164415717124938965e+00,1.076122522354125977e+00,1.098756432533264160e+00,5.369203686714172363e-01,5.369203686714172363e-01,4.828683733940124512e-01,4.974356293678283691e-01,6.221431866288185120e-02,6.221431866288185120e-02,6.611861288547515869e-02,5.302258580923080444e-02,7.127495948225259781e-03,7.127495948225259781e-03,6.892523262649774551e-03,7.583895698189735413e-03,3.813147544860839844e-02,3.813147544860839844e-02,3.473684191703796387e-02,4.510302096605300903e-02,5.212360620498657227e-01,5.212360620498657227e-01,4.598146677017211914e-01,4.983763396739959717e-01,1.155071020126342773e+00,1.155071020126342773e+00,1.043192267417907715e+00,1.068471193313598633e+00
1.380000000000000000e+02,1.148181319236755371e+00,1.148181319236755371e+00,1.061064481735229492e+00,1.083448171615600586e+00,5.194966197013854980e-01,5.194966197013854980e-01,4.698731899261474609e-01,4.818443059921264648e-01,6.126952171325683594e-02,6.126952171325683594e-02,6.516163051128387451e-02,5.208158120512962341e-02,7.783160079270601273e-03,7.783160079270601273e-03,7.532274816185235977e-03,8.278817869722843170e-03,3.903801366686820984e-02,3.903801366686820984e-02,3.589459136128425598e-02,4.807263612747192383e-02,5.300199985504150391e-01,5.300199985504150391e-01,4.681628942489624023e-01,5.060300827026367188e-01,1.151154875755310059e+00,1.151154875755310059e+00,1.040027976036071777e+00,1.064635634422302246e+00
1.390000000000000000e+02,1.131697416305541992e+00,1.131697416305541992e+00,1.046276688575744629e+00,1.067833423614501953e+00,5.020547509193420410e-01,5.020547509193420410e-01,4.561306834220886230e-01,4.662447571754455566e-01,6.025197729468345642e-02,6.025197729468345642e-02,6.416847556829452515e-02,5.117822065949440002e-02,8.435209281742572784e-03,8.435209281742572784e-03,8.119396865367889404e-03,8.942725136876106262e-03,3.976651281118392944e-02,3.976651281118392944e-02,3.701600432395935059e-02,5.114180594682693481e-02,5.381603837013244629e-01,5.381603837013244629e-01,4.760424196720123291e-01,5.130788683891296387e-01,1.146589398384094238e+00,1.146589398384094238e+00,1.035158872604370117e+00,1.060164093971252441e+00
1.400000000000000000e+02,1.114863872528076172e+00,1.114863872528076172e+00,1.030910253524780273e+00,1.051939725875854492e+00,4.846503138542175293e-01,4.846503138542175293e-01,4.437565207481384277e-01,4.506568014621734619e-01,5.916456133127212524e-02,5.916456133127212524e-02,6.309214979410171509e-02,5.017692968249320984e-02,9.031427092850208282e-03,9.031427092850208282e-03,8.674617856740951538e-03,9.551069699227809906e-03,4.031468182802200317e-02,4.031468182802200317e-02,3.798891231417655945e-02,5.403173714876174927e-02,5.453914403915405273e-01,5.453914403915405273e-01,4.833312034606933594e-01,5.195224881172180176e-01,1.141253709793090820e+00,1.141253709793090820e+00,1.031850814819335938e+00,1.055071234703063965e+00
1.410000000000000000e+02,1.097299933433532715e+00,1.097299933433532715e+00,1.004651546478271484e+00,1.035739183425903320e+00,4.672736227512359619e-01,4.672736227512359619e-01,4.313425421714782715e-01,4.357813000679016113e-01,5.801695957779884338e-02,5.801695957779884338e-02,6.212530657649040222e-02,4.972802847623825073e-02,9.571374393999576569e-03,9.571374393999576569e-03,9.202445857226848602e-03,1.011829916387796402e-02,4.068233072757720947e-02,4.068233072757720947e-02,3.923681378364562988e-02,5.713137984275817871e-02,5.524677038192749023e-01,5.524677038192749023e-01,4.900711476802825928e-01,5.253916978836059570e-01,1.135394096374511719e+00,1.135394096374511719e+00,1.026838302612304688e+00,1.049228668212890625e+00
1.420000000000000000e+02,1.080338716506958008e+00,1.080338716506958008e+00,9.991522431373596191e-01,1.018300175666809082e+00,4.499518871307373047e-01,4.499518871307373047e-01,4.195983409881591797e-01,4.216397404670715332e-01,5.679613351821899414e-02,5.679613351821899414e-02,6.117212027311325073e-02,4.966993629932403564e-02,1.005014218389987946e-02,1.005014218389987946e-02,9.693639352917671204e-03,1.064802240580320358e-02,4.086862131953239441e-02,4.086862131953239441e-02,4.092714563012123108e-02,6.056443974375724792e-02,5.586168169975280762e-01,5.586168169975280762e-01,4.971337914466857910e-01,5.308170914649963379e-01,1.128777742385864258e+00,1.128777742385864258e+00,1.021227717399597168e+00,1.042913556098937988e+00
1.430000000000000000e+02,1.062574028968811035e+00,1.062574028968811035e+00,9.832207560539245605e-01,1.001052141189575195e+00,4.326186478137969971e-01,4.326186478137969971e-01,4.082954823970794678e-01,4.080349802970886230e-01,5.550613626837730408e-02,5.550613626837730408e-02,6.014967337250709534e-02,4.963761568069458008e-02,1.048572361469268799e-02,1.048572361469268799e-02,1.016355119645595551e-02,1.114566065371036530e-02,4.076803848147392273e-02,4.076803848147392273e-02,4.337057471275329590e-02,6.461227685213088989e-02,5.640861988067626953e-01,5.640861988067626953e-01,5.035559535026550293e-01,5.353268980979919434e-01,1.121482014656066895e+00,1.121482014656066895e+00,1.015025377273559570e+00,1.036187529563903809e+00
1.440000000000000000e+02,1.044853210449218750e+00,1.044853210449218750e+00,9.668599367141723633e-01,9.856287837028503418e-01,4.159511029720306396e-01,4.159511029720306396e-01,3.970069885253906250e-01,3.945144116878509521e-01,5.414863675832748413e-02,5.414863675832748413e-02,5.907743051648139954e-02,4.945993795990943909e-02,1.082806568592786789e-02,1.082806568592786789e-02,1.059079729020595551e-02,1.160127576440572739e-02,4.109030961990356445e-02,4.109030961990356445e-02,4.560070857405662537e-02,6.836161017417907715e-02,5.688686966896057129e-01,5.688686966896057129e-01,5.093650221824645996e-01,5.359679460525512695e-01,1.109641551971435547e+00,1.109641551971435547e+00,1.008247375488281250e+00,1.028715014457702637e+00
1.450000000000000000e+02,1.026788234710693359e+00,1.026788234710693359e+00,9.500365853309631348e-01,9.684655070304870605e-01,4.005712568759918213e-01,4.005712568759918213e-01,3.857084512710571289e-01,3.811068832874298096e-01,5.272522941231727600e-02,5.272522941231727600e-02,5.795602500438690186e-02,4.932661354541778564e-02,1.116366125643253326e-02,1.116366125643253326e-02,1.096698269248008728e-02,1.201161369681358337e-02,4.238250479102134705e-02,4.238250479102134705e-02,4.757292196154594421e-02,7.180646061897277832e-02,5.729581117630004883e-01,5.729581117630004883e-01,5.145248770713806152e-01,5.432229042053222656e-01,1.105004549026489258e+00,1.105004549026489258e+00,1.000746846199035645e+00,1.020644903182983398e+00
1.460000000000000000e+02,1.007775783538818359e+00,1.007775783538818359e+00,9.335603117942810059e-01,9.511061906814575195e-01,3.853675127029418945e-01,3.853675127029418945e-01,3.743603825569152832e-01,3.677145242691040039e-01,5.199134722352027893e-02,5.199134722352027893e-02,5.675383284687995911e-02,4.908870533108711243e-02,1.143504492938518524e-02,1.143504492938518524e-02,1.129155606031417847e-02,1.237219292670488358e-02,4.353109747171401978e-02,4.353109747171401978e-02,4.929053038358688354e-02,7.494152337312698364e-02,5.771032571792602539e-01,5.771032571792602539e-01,5.187575817108154297e-01,5.462582111358642578e-01,1.095807433128356934e+00,1.095807433128356934e+00,9.918542504310607910e-01,1.012007594108581543e+00
1.470000000000000000e+02,9.901291131973266602e-01,9.901291131973266602e-01,9.166709780693054199e-01,9.335777163505554199e-01,3.738402426242828369e-01,3.738402426242828369e-01,3.632157742977142334e-01,3.545195162296295166e-01,5.207430571317672729e-02,5.207430571317672729e-02,5.570659041404724121e-02,4.899634048342704773e-02,1.184609346091747284e-02,1.184609346091747284e-02,1.169725600630044937e-02,1.277743279933929443e-02,4.788256064057350159e-02,4.788256064057350159e-02,5.078573524951934814e-02,7.778140157461166382e-02,5.813048481941223145e-01,5.813048481941223145e-01,5.229955315589904785e-01,5.485543012619018555e-01,1.086065411567687988e+00,1.086065411567687988e+00,9.758877754211425781e-01,1.002768397331237793e+00
1.480000000000000000e+02,9.716337323188781738e-01,9.716337323188781738e-01,8.997168540954589844e-01,9.161165356636047363e-01,3.640961050987243652e-01,3.640961050987243652e-01,3.392641246318817139e-01,3.434992432594299316e-01,5.479213967919349670e-02,5.479213967919349670e-02,5.670289322733879089e-02,5.101827904582023621e-02,1.396342460066080093e-02,1.396342460066080093e-02,1.348605379462242126e-02,1.484376005828380585e-02,5.217924714088439941e-02,5.217924714088439941e-02,5.297890305519104004e-02,8.118811994791030884e-02,5.852661728858947754e-01,5.852661728858947754e-01,5.268011093139648438e-01,5.504422187805175781e-01,1.076151251792907715e+00,1.076151251792907715e+00,9.756292104721069336e-01,9.930226206779479980e-01
1.490000000000000000e+02,9.529396295547485352e-01,9.529396295547485352e-01,8.711688518524169922e-01,8.986065387725830078e-01,3.540587723255157471e-01,3.540587723255157471e-01,3.451475501060485840e-01,3.329238891601562500e-01,5.740482360124588013e-02,5.740482360124588013e-02,5.776455625891685486e-02,5.321775376796722412e-02,1.600809581577777863e-02,1.600809581577777863e-02,1.523570064455270767e-02,1.682251878082752228e-02,5.546625331044197083e-02,5.546625331044197083e-02,5.495836958289146423e-02,8.431815356016159058e-02,5.888080000877380371e-01,5.888080000877380371e-01,5.295384526252746582e-01,5.519082546234130859e-01,1.065536499023437500e+00,1.065536499023437500e+00,9.664906859397888184e-01,9.831861853599548340e-01
1.500000000000000000e+02,9.345646500587463379e-01,9.345646500587463379e-01,8.648244738578796387e-01,8.810358643531799316e-01,3.452843725681304932e-01,3.452843725681304932e-01,3.363789319992065430e-01,3.223203718662261963e-01,6.042567640542984009e-02,6.042567640542984009e-02,5.899379402399063110e-02,5.585694313049316406e-02,1.794339716434478760e-02,1.794339716434478760e-02,1.686782389879226685e-02,1.868343353271484375e-02,6.024174392223358154e-02,6.024174392223358154e-02,5.656831339001655579e-02,8.710103482007980347e-02,5.915697813034057617e-01,5.915697813034057617e-01,5.327029824256896973e-01,5.528956055641174316e-01,1.054355978965759277e+00,1.054355978965759277e+00,9.566962122917175293e-01,9.725525975227355957e-01
1.510000000000000000e+02,9.160302877426147461e-01,9.160302877426147461e-01,8.489454984664916992e-01,8.632779717445373535e-01,3.376078903675079346e-01,3.376078903675079346e-01,3.281293809413909912e-01,3.050756752490997314e-01,6.301711499691009521e-02,6.301711499691009521e-02,6.059008836746215820e-02,5.849697440862655640e-02,1.972979679703712463e-02,1.972979679703712463e-02,1.812641508877277374e-02,2.038087509572505951e-02,6.498393416404724121e-02,6.498393416404724121e-02,5.886077880859375000e-02,9.035177528858184814e-02,5.935021638870239258e-01,5.935021638870239258e-01,5.352534651756286621e-01,5.538903474807739258e-01,1.042508363723754883e+00,1.042508363723754883e+00,9.463372230529785156e-01,9.611839652061462402e-01
1.520000000000000000e+02,8.975371122360229492e-01,8.975371122360229492e-01,8.319877386093139648e-01,8.458703756332397461e-01,3.297451138496398926e-01,3.297451138496398926e-01,3.204066753387451172e-01,3.032553791999816895e-01,6.553266197443008423e-02,6.553266197443008423e-02,6.270804256200790405e-02,6.131298467516899109e-02,2.150338143110275269e-02,2.150338143110275269e-02,1.969167962670326233e-02,2.202470228075981140e-02,6.927782297134399414e-02,6.927782297134399414e-02,6.084439903497695923e-02,9.332227706909179688e-02,5.947134494781494141e-01,5.947134494781494141e-01,5.370193719863891602e-01,5.546532869338989258e-01,1.030345201492309570e+00,1.030345201492309570e+00,9.355732202529907227e-01,9.497209787368774414e-01
1.530000000000000000e+02,8.790975809097290039e-01,8.790975809097290039e-01,8.150618076324462891e-01,8.283553123474121094e-01,3.219318091869354248e-01,3.219318091869354248e-01,3.127394318580627441e-01,2.940562367439270020e-01,6.852061301469802856e-02,6.852061301469802856e-02,6.475757807493209839e-02,6.406527012586593628e-02,2.303885668516159058e-02,2.303885668516159058e-02,2.102230116724967957e-02,2.360352873802185059e-02,7.312597334384918213e-02,7.312597334384918213e-02,6.250575929880142212e-02,9.589411318302154541e-02,5.957535505294799805e-01,5.957535505294799805e-01,5.380644202232360840e-01,5.546396374702453613e-01,1.017166852951049805e+00,1.017166852951049805e+00,9.242559075355529785e-01,9.374729394912719727e-01
1.540000000000000000e+02,8.607509136199951172e-01,8.607509136199951172e-01,7.982220053672790527e-01,8.108798265457153320e-01,3.156164884567260742e-01,3.156164884567260742e-01,3.064303696155548096e-01,2.857328653335571289e-01,7.369939237833023071e-02,7.369939237833023071e-02,6.846222281455993652e-02,6.845741719007492065e-02,2.591825276613235474e-02,2.591825276613235474e-02,2.341694198548793793e-02,2.621116861701011658e-02,7.654302567243576050e-02,7.654302567243576050e-02,6.385003030300140381e-02,9.499581158161163330e-02,5.963358283042907715e-01,5.963358283042907715e-01,5.389670133590698242e-01,5.540015101432800293e-01,1.003857493400573730e+00,1.003857493400573730e+00,9.125031828880310059e-01,9.248278141021728516e-01
1.550000000000000000e+02,8.426501750946044922e-01,8.426501750946044922e-01,7.813875079154968262e-01,7.937702536582946777e-01,3.116646111011505127e-01,3.116646111011505127e-01,3.022137582302093506e-01,2.807867825031280518e-01,8.172391355037689209e-02,8.172391355037689209e-02,7.501256465911865234e-02,7.572845369577407837e-02,3.079055435955524445e-02,3.079055435955524445e-02,2.767679467797279358e-02,3.059265390038490295e-02,7.953608036041259766e-02,7.953608036041259766e-02,6.490713357925415039e-02,9.988871216773986816e-02,5.943896174430847168e-01,5.943896174430847168e-01,5.390306115150451660e-01,5.527149438858032227e-01,9.903427958488464355e-01,9.903427958488464355e-01,9.002803564071655273e-01,9.118292331695556641e-01
1.560000000000000000e+02,8.248490095138549805e-01,8.248490095138549805e-01,7.651899456977844238e-01,7.768779993057250977e-01,3.079164922237396240e-01,3.079164922237396240e-01,2.981884181499481201e-01,2.754673659801483154e-01,8.995172381401062012e-02,8.995172381401062012e-02,8.174313604831695557e-02,8.317087590694427490e-02,3.533619269728660583e-02,3.533619269728660583e-02,3.151571750640869141e-02,3.502276539802551270e-02,8.207491040229797363e-02,8.207491040229797363e-02,6.565250456333160400e-02,1.012925803661346436e-01,5.954085588455200195e-01,5.954085588455200195e-01,5.386639237403869629e-01,5.514554977416992188e-01,9.760071635246276855e-01,9.760071635246276855e-01,8.876218795776367188e-01,8.982310295104980469e-01
1.570000000000000000e+02,8.073111176490783691e-01,8.073111176490783691e-01,7.491386532783508301e-01,7.601469159126281738e-01,3.043534159660339355e-01,3.043534159660339355e-01,2.943171262741088867e-01,2.705646753311157227e-01,9.792986512184143066e-02,9.792986512184143066e-02,8.854746818542480469e-02,9.062796086072921753e-02,3.960267826914787292e-02,3.960267826914787292e-02,3.522772341966629028e-02,3.886933624744415283e-02,8.415981382131576538e-02,8.415981382131576538e-02,6.635797768831253052e-02,1.024046987295150757e-01,5.938739776611328125e-01,5.938739776611328125e-01,5.381839871406555176e-01,5.497041940689086914e-01,9.611845016479492188e-01,9.611845016479492188e-01,8.745104074478149414e-01,8.842482566833496094e-01
1.580000000000000000e+02,7.902322411537170410e-01,7.902322411537170410e-01,7.333720326423645020e-01,7.440063357353210449e-01,2.989541590213775635e-01,2.989541590213775635e-01,2.908501625061035156e-01,2.663716673851013184e-01,1.058173328638076782e-01,1.058173328638076782e-01,9.568844735622406006e-02,9.798961132764816284e-02,4.359464347362518311e-02,4.359464347362518311e-02,3.866157680749893188e-02,4.273687303066253662e-02,8.599127829074859619e-02,8.599127829074859619e-02,6.717056035995483398e-02,1.032596230506896973e-01,5.916627049446105957e-01,5.916627049446105957e-01,5.366773009300231934e-01,5.472855567932128906e-01,9.459177255630493164e-01,9.459177255630493164e-01,8.610142469406127930e-01,8.698292970657348633e-01
1.590000000000000000e+02,7.734432220458984375e-01,7.734432220458984375e-01,7.179998159408569336e-01,7.281007170677185059e-01,2.983487844467163086e-01,2.983487844467163086e-01,2.885026633739471436e-01,2.639611661434173584e-01,1.136635541915893555e-01,1.136635541915893555e-01,1.025972887873649597e-01,1.052901744842529297e-01,4.738726094365119934e-02,4.738726094365119934e-02,4.188903793692588806e-02,4.629347473382949829e-02,8.763916790485382080e-02,8.763916790485382080e-02,6.851501017808914185e-02,1.043170168995857239e-01,5.891278982162475586e-01,5.891278982162475586e-01,5.349222421646118164e-01,5.445045232772827148e-01,9.303298592567443848e-01,9.303298592567443848e-01,8.473775386810302734e-01,8.552531599998474121e-01
1.600000000000000000e+02,7.370279431343078613e-01,7.370279431343078613e-01,7.029631137847900391e-01,7.125358581542968750e-01,2.956874668598175049e-01,2.956874668598175049e-01,2.866006195545196533e-01,2.623979747295379639e-01,1.213795617222785950e-01,1.213795617222785950e-01,1.094221696257591248e-01,1.119414418935775757e-01,5.081097409129142761e-02,5.081097409129142761e-02,4.489880800247192383e-02,4.963584989309310913e-02,8.884380757808685303e-02,8.884380757808685303e-02,7.086191326379776001e-02,1.056244671344757080e-01,5.859037637710571289e-01,5.859037637710571289e-01,5.323263406753540039e-01,5.409957170486450195e-01,9.144137501716613770e-01,9.144137501716613770e-01,8.333719968795776367e-01,8.396213650703430176e-01
1.610000000000000000e+02,7.396067976951599121e-01,7.396067976951599121e-01,6.882954835891723633e-01,6.973580121994018555e-01,2.932387888431549072e-01,2.932387888431549072e-01,2.848640978336334229e-01,2.610273361206054688e-01,1.289477646350860596e-01,1.289477646350860596e-01,1.161902472376823425e-01,1.193642094731330872e-01,5.359668284654617310e-02,5.359668284654617310e-02,4.759791865944862366e-02,5.273018777370452881e-02,8.958802372217178345e-02,8.958802372217178345e-02,7.270815968513488770e-02,1.065086722373962402e-01,5.819714665412902832e-01,5.819714665412902832e-01,5.294159650802612305e-01,5.366379618644714355e-01,8.978633880615234375e-01,8.978633880615234375e-01,8.185783028602600098e-01,8.249281644821166992e-01
1.620000000000000000e+02,7.253935933113098145e-01,7.253935933113098145e-01,6.740170717239379883e-01,6.825081706047058105e-01,2.923010289669036865e-01,2.923010289669036865e-01,2.832925915718078613e-01,2.598507404327392578e-01,1.363587677478790283e-01,1.363587677478790283e-01,1.223210990428924561e-01,1.264774203300476074e-01,5.702149122953414917e-02,5.702149122953414917e-02,5.014126002788543701e-02,5.479303747415542603e-02,9.122988581657409668e-02,9.122988581657409668e-02,7.416169345378875732e-02,1.069463938474655151e-01,5.773300528526306152e-01,5.773300528526306152e-01,5.256659388542175293e-01,5.325527787208557129e-01,8.815230727195739746e-01,8.815230727195739746e-01,8.042916655540466309e-01,8.092856407165527344e-01
1.630000000000000000e+02,7.100658416748046875e-01,7.100658416748046875e-01,6.600488424301147461e-01,6.680333614349365234e-01,2.927117645740509033e-01,2.927117645740509033e-01,2.818883657455444336e-01,2.588729262351989746e-01,1.436037570238113403e-01,1.436037570238113403e-01,1.291564404964447021e-01,1.328257769346237183e-01,5.966776981949806213e-02,5.966776981949806213e-02,5.248025804758071899e-02,5.811302363872528076e-02,9.340074658393859863e-02,9.340074658393859863e-02,7.578352838754653931e-02,1.070756912231445312e-01,5.719853639602661133e-01,5.719853639602661133e-01,5.215214490890502930e-01,5.251116156578063965e-01,8.648018240928649902e-01,8.648018240928649902e-01,7.892462611198425293e-01,7.936177253723144531e-01
1.640000000000000000e+02,6.955240368843078613e-01,6.955240368843078613e-01,6.464233398437500000e-01,6.539072990417480469e-01,2.931542992591857910e-01,2.931542992591857910e-01,2.812593579292297363e-01,2.601327300071716309e-01,1.506791710853576660e-01,1.506791710853576660e-01,1.354320347309112549e-01,1.399573385715484619e-01,6.205751746892929077e-02,6.205751746892929077e-02,5.446578189730644226e-02,6.039637327194213867e-02,9.498489648103713989e-02,9.498489648103713989e-02,7.780310511589050293e-02,1.070552766323089600e-01,5.659493207931518555e-01,5.659493207931518555e-01,5.165398120880126953e-01,5.213571786880493164e-01,8.473599553108215332e-01,8.473599553108215332e-01,7.738891839981079102e-01,7.773675322532653809e-01
1.650000000000000000e+02,6.812645792961120605e-01,6.812645792961120605e-01,6.330405473709106445e-01,6.401240229606628418e-01,2.937192022800445557e-01,2.937192022800445557e-01,2.816448807716369629e-01,2.621233165264129639e-01,1.576251834630966187e-01,1.576251834630966187e-01,1.415543109178543091e-01,1.465578377246856689e-01,6.409090757369995117e-02,6.409090757369995117e-02,5.627486482262611389e-02,6.244283914566040039e-02,9.601068496704101562e-02,9.601068496704101562e-02,8.074960112571716309e-02,1.079311147332191467e-01,5.592808723449707031e-01,5.592808723449707031e-01,5.111154317855834961e-01,5.149090886116027832e-01,8.298673629760742188e-01,8.298673629760742188e-01,7.581456303596496582e-01,7.608603835105895996e-01
1.660000000000000000e+02,6.673396825790405273e-01,6.673396825790405273e-01,6.204999089241027832e-01,6.270483136177062988e-01,2.945679724216461182e-01,2.945679724216461182e-01,2.828598320484161377e-01,2.647106349468231201e-01,1.646391749382019043e-01,1.646391749382019043e-01,1.477252244949340820e-01,1.531859189271926880e-01,6.606176495552062988e-02,6.606176495552062988e-02,5.798253417015075684e-02,6.436366587877273560e-02,9.737818688154220581e-02,9.737818688154220581e-02,8.402799814939498901e-02,1.093143224716186523e-01,5.532416105270385742e-01,5.532416105270385742e-01,5.061748027801513672e-01,5.089961886405944824e-01,8.128224015235900879e-01,8.128224015235900879e-01,7.430782318115234375e-01,7.450157999992370605e-01
1.670000000000000000e+02,6.541371941566467285e-01,6.541371941566467285e-01,6.082518696784973145e-01,6.143040060997009277e-01,2.956494390964508057e-01,2.956494390964508057e-01,2.841996252536773682e-01,2.670533061027526855e-01,1.715922206640243530e-01,1.715922206640243530e-01,1.538586914539337158e-01,1.597010344266891479e-01,6.770767271518707275e-02,6.770767271518707275e-02,5.950403958559036255e-02,6.616093218326568604e-02,9.870649874210357666e-02,9.870649874210357666e-02,8.727318048477172852e-02,1.107236817479133606e-01,5.472099781036376953e-01,5.472099781036376953e-01,5.011940598487854004e-01,5.031113028526306152e-01,7.955737113952636719e-01,7.955737113952636719e-01,7.281221151351928711e-01,7.293043136596679688e-01
1.680000000000000000e+02,6.412587761878967285e-01,6.412587761878967285e-01,5.964089632034301758e-01,6.019783020019531250e-01,2.968693673610687256e-01,2.968693673610687256e-01,2.856309711933135986e-01,2.703051567077636719e-01,1.776640117168426514e-01,1.776640117168426514e-01,1.598058342933654785e-01,1.661875247955322266e-01,6.909789890050888062e-02,6.909789890050888062e-02,6.076296791434288025e-02,6.768424063920974731e-02,9.952762722969055176e-02,9.952762722969055176e-02,9.002812206745147705e-02,1.116333454847335815e-01,5.383201241493225098e-01,5.383201241493225098e-01,4.956509470939636230e-01,4.965348839759826660e-01,7.786061763763427734e-01,7.786061763763427734e-01,7.128553390502929688e-01,7.133377790451049805e-01
1.690000000000000000e+02,6.288537979125976562e-01,6.288537979125976562e-01,5.849845409393310547e-01,5.903065204620361328e-01,3.006554841995239258e-01,3.006554841995239258e-01,2.871687412261962891e-01,2.732340693473815918e-01,1.850287169218063354e-01,1.850287169218063354e-01,1.656225919723510742e-01,1.725189089775085449e-01,7.015421986579895020e-02,7.015421986579895020e-02,6.124559417366981506e-02,6.893308460712432861e-02,1.024453118443489075e-01,1.024453118443489075e-01,9.231577813625335693e-02,1.112647205591201782e-01,5.333805680274963379e-01,5.333805680274963379e-01,4.896287918090820312e-01,4.897140860557556152e-01,7.611331939697265625e-01,7.611331939697265625e-01,6.973819732666015625e-01,6.971991062164306641e-01
1.700000000000000000e+02,6.170209050178527832e-01,6.170209050178527832e-01,5.742722749710083008e-01,5.792595148086547852e-01,3.094642758369445801e-01,3.094642758369445801e-01,2.927173972129821777e-01,2.802026569843292236e-01,1.978099793195724487e-01,1.978099793195724487e-01,1.766973733901977539e-01,1.841564774513244629e-01,7.525960355997085571e-02,7.525960355997085571e-02,6.620238721370697021e-02,7.373787462711334229e-02,1.063831895589828491e-01,1.063831895589828491e-01,9.517922997474670410e-02,1.132041141390800476e-01,5.274966955184936523e-01,5.274966955184936523e-01,4.845546782016754150e-01,4.837881028652191162e-01,7.446951866149902344e-01,7.446951866149902344e-01,6.827120780944824219e-01,6.819257736206054688e-01
1.710000000000000000e+02,6.058462858200073242e-01,6.058462858200073242e-01,5.640608072280883789e-01,5.676501393318176270e-01,3.180414140224456787e-01,3.180414140224456787e-01,2.985678315162658691e-01,2.875314950942993164e-01,2.105056643486022949e-01,2.105056643486022949e-01,1.877025514841079712e-01,1.957362890243530273e-01,8.016783744096755981e-02,8.016783744096755981e-02,7.043133676052093506e-02,7.823160290718078613e-02,1.000836044549942017e-01,1.000836044549942017e-01,9.771133959293365479e-02,1.139063760638237000e-01,5.210505723953247070e-01,5.210505723953247070e-01,4.789570868015289307e-01,4.773364961147308350e-01,7.281304001808166504e-01,7.281304001808166504e-01,6.677451729774475098e-01,6.663801670074462891e-01
1.720000000000000000e+02,5.954052209854125977e-01,5.954052209854125977e-01,5.544967651367187500e-01,5.588022470474243164e-01,3.309730589389801025e-01,3.309730589389801025e-01,3.077273368835449219e-01,2.980786561965942383e-01,2.279477417469024658e-01,2.279477417469024658e-01,2.027552723884582520e-01,2.113387137651443481e-01,8.784133195877075195e-02,8.784133195877075195e-02,7.712887972593307495e-02,8.498914539813995361e-02,1.126787737011909485e-01,1.126787737011909485e-01,1.001271903514862061e-01,1.144337877631187439e-01,5.146300196647644043e-01,5.146300196647644043e-01,4.731811285018920898e-01,4.707098603248596191e-01,7.115768194198608398e-01,7.115768194198608398e-01,6.529580950736999512e-01,6.509531736373901367e-01
1.730000000000000000e+02,5.858412981033325195e-01,5.858412981033325195e-01,5.456550121307373047e-01,5.497064590454101562e-01,3.447214961051940918e-01,3.447214961051940918e-01,3.180970549583435059e-01,3.099067509174346924e-01,2.463921010494232178e-01,2.463921010494232178e-01,2.188278585672378540e-01,2.279860526323318481e-01,9.590113908052444458e-02,9.590113908052444458e-02,8.415479958057403564e-02,9.259597212076187134e-02,1.152193695306777954e-01,1.152193695306777954e-01,1.019167825579643250e-01,1.151110902428627014e-01,5.076442956924438477e-01,5.076442956924438477e-01,4.669963419437408447e-01,4.636602997779846191e-01,6.948795914649963379e-01,6.948795914649963379e-01,6.379415392875671387e-01,6.353446841239929199e-01
1.740000000000000000e+02,5.771718025207519531e-01,5.771718025207519531e-01,5.376185774803161621e-01,5.414003133773803711e-01,3.587823808193206787e-01,3.587823808193206787e-01,3.300442099571228027e-01,3.223848640918731689e-01,2.645687758922576904e-01,2.645687758922576904e-01,2.347334623336791992e-01,2.444302439689636230e-01,1.033241897821426392e-01,1.033241897821426392e-01,9.055646508932113647e-02,9.934081137180328369e-02,1.171858459711074829e-01,1.171858459711074829e-01,1.042850613594055176e-01,1.161071434617042542e-01,5.000227093696594238e-01,5.000227093696594238e-01,4.602936506271362305e-01,4.547895789146423340e-01,6.779378652572631836e-01,6.779378652572631836e-01,6.222679615020751953e-01,6.194675564765930176e-01
1.750000000000000000e+02,5.694068670272827148e-01,5.694068670272827148e-01,5.304847955703735352e-01,5.339765548706054688e-01,3.731428682804107666e-01,3.731428682804107666e-01,3.423388600349426270e-01,3.353765606880187988e-01,2.825942933559417725e-01,2.825942933559417725e-01,2.504312098026275635e-01,2.605753242969512939e-01,1.093770042061805725e-01,1.093770042061805725e-01,9.627674520015716553e-02,1.055615767836570740e-01,1.185758411884307861e-01,1.185758411884307861e-01,1.057730540633201599e-01,1.167172268033027649e-01,4.919890165328979492e-01,4.919890165328979492e-01,4.522445797920227051e-01,4.481966197490692139e-01,6.598792076110839844e-01,6.598792076110839844e-01,6.073504686355590820e-01,6.033099293708801270e-01
1.760000000000000000e+02,5.625420808792114258e-01,5.625420808792114258e-01,5.239273309707641602e-01,5.274081230163574219e-01,3.877146244049072266e-01,3.877146244049072266e-01,3.548682630062103271e-01,3.486374914646148682e-01,3.001502454280853271e-01,3.001502454280853271e-01,2.658906280994415283e-01,2.765799462795257568e-01,1.161205545067787170e-01,1.161205545067787170e-01,1.017897054553031921e-01,1.112347170710563660e-01,1.193877458572387695e-01,1.193877458572387695e-01,1.067278832197189331e-01,1.167446300387382507e-01,4.832302331924438477e-01,4.832302331924438477e-01,4.453965425491333008e-01,4.397169947624206543e-01,6.433658003807067871e-01,6.433658003807067871e-01,5.918378233909606934e-01,5.870301723480224609e-01
1.770000000000000000e+02,5.566281080245971680e-01,5.566281080245971680e-01,5.188261270523071289e-01,5.217081308364868164e-01,4.025193452835083008e-01,4.025193452835083008e-01,3.678410351276397705e-01,3.625802695751190186e-01,3.171927928924560547e-01,3.171927928924560547e-01,2.810266017913818359e-01,2.922031283378601074e-01,1.215014159679412842e-01,1.215014159679412842e-01,1.065073981881141663e-01,1.162911728024482727e-01,1.196175813674926758e-01,1.196175813674926758e-01,1.074651107192039490e-01,1.163798123598098755e-01,4.738786816596984863e-01,4.738786816596984863e-01,4.371601939201354980e-01,4.305782318115234375e-01,6.257896423339843750e-01,6.257896423339843750e-01,5.761448144912719727e-01,5.710031986236572266e-01
1.780000000000000000e+02,5.516297221183776855e-01,5.516297221183776855e-01,5.144123435020446777e-01,5.168744921684265137e-01,4.174332618713378906e-01,4.174332618713378906e-01,3.812071382999420166e-01,3.772028982639312744e-01,3.341445326805114746e-01,3.341445326805114746e-01,2.957646846771240234e-01,3.059539794921875000e-01,1.261951476335525513e-01,1.261951476335525513e-01,1.094380766153335571e-01,1.207680329680442810e-01,1.192714795470237732e-01,1.192714795470237732e-01,1.084757670760154724e-01,1.159213855862617493e-01,4.639577865600585938e-01,4.639577865600585938e-01,4.284275472164154053e-01,4.212121069431304932e-01,6.079589724540710449e-01,6.079589724540710449e-01,5.602021813392639160e-01,5.545468330383300781e-01
1.790000000000000000e+02,5.475672483444213867e-01,5.475672483444213867e-01,5.108679533004760742e-01,5.129250288009643555e-01,4.327513575553894043e-01,4.327513575553894043e-01,3.948598802089691162e-01,3.920343816280364990e-01,3.505411148071289062e-01,3.505411148071289062e-01,3.102452158927917480e-01,3.208287954330444336e-01,1.301667094230651855e-01,1.301667094230651855e-01,1.144956946372985840e-01,1.247487366199493408e-01,1.183490306138992310e-01,1.183490306138992310e-01,1.090769469738006592e-01,1.151153221726417542e-01,4.534676671028137207e-01,4.534676671028137207e-01,4.191923141479492188e-01,4.112331867218017578e-01,5.901640653610229492e-01,5.901640653610229492e-01,5.444715023040771484e-01,5.382368564605712891e-01
1.800000000000000000e+02,5.443462729454040527e-01,5.443462729454040527e-01,5.080755949020385742e-01,5.098572373390197754e-01,4.494771957397460938e-01,4.494771957397460938e-01,4.088635444641113281e-01,4.071054160594940186e-01,3.665108978748321533e-01,3.665108978748321533e-01,3.244026005268096924e-01,3.369774222373962402e-01,1.335066258907318115e-01,1.335066258907318115e-01,1.176939755678176880e-01,1.281263679265975952e-01,1.181760281324386597e-01,1.181760281324386597e-01,1.090987399220466614e-01,1.137657612562179565e-01,4.424249529838562012e-01,4.424249529838562012e-01,4.092268645763397217e-01,4.007917344570159912e-01,5.721670389175415039e-01,5.721670389175415039e-01,5.286573171615600586e-01,5.217765569686889648e-01
1.810000000000000000e+02,5.422685146331787109e-01,5.422685146331787109e-01,5.064640641212463379e-01,5.076762437820434570e-01,4.666871726512908936e-01,4.666871726512908936e-01,4.230035543441772461e-01,4.223826229572296143e-01,3.820338845252990723e-01,3.820338845252990723e-01,3.381640613079071045e-01,3.511317372322082520e-01,1.356354504823684692e-01,1.356354504823684692e-01,1.200015768408775330e-01,1.309661716222763062e-01,1.161975413560867310e-01,1.161975413560867310e-01,1.085938587784767151e-01,1.118813827633857727e-01,4.308432936668395996e-01,4.308432936668395996e-01,3.992742896080017090e-01,3.899052143096923828e-01,5.525459647178649902e-01,5.525459647178649902e-01,5.127841234207153320e-01,5.054552555084228516e-01
1.820000000000000000e+02,5.410387516021728516e-01,5.410387516021728516e-01,5.055913925170898438e-01,5.062565803527832031e-01,4.840880036354064941e-01,4.840880036354064941e-01,4.372659921646118164e-01,4.379633069038391113e-01,3.970914483070373535e-01,3.970914483070373535e-01,3.516224026679992676e-01,3.649591505527496338e-01,1.390428096055984497e-01,1.390428096055984497e-01,1.223925650119781494e-01,1.332380473613739014e-01,1.168214529752731323e-01,1.168214529752731323e-01,1.078178733587265015e-01,1.096965521574020386e-01,4.187367558479309082e-01,4.187367558479309082e-01,3.885922431945800781e-01,3.785702884197235107e-01,5.369205474853515625e-01,5.369205474853515625e-01,4.968038797378540039e-01,4.889734983444213867e-01
1.830000000000000000e+02,5.407576560974121094e-01,5.407576560974121094e-01,5.057998299598693848e-01,5.058642029762268066e-01,5.014789700508117676e-01,5.014789700508117676e-01,4.525406360626220703e-01,4.537725150585174561e-01,4.115856885910034180e-01,4.115856885910034180e-01,3.645987510681152344e-01,3.778726756572723389e-01,1.410442888736724854e-01,1.410442888736724854e-01,1.238730624318122864e-01,1.349063962697982788e-01,1.151843443512916565e-01,1.151843443512916565e-01,1.067892387509346008e-01,1.077221259474754333e-01,4.060662388801574707e-01,4.060662388801574707e-01,3.774902820587158203e-01,3.667718470096588135e-01,5.194695591926574707e-01,5.194695591926574707e-01,4.808497130870819092e-01,4.726219177246093750e-01
1.840000000000000000e+02,5.412946939468383789e-01,5.412946939468383789e-01,5.067970752716064453e-01,5.065696835517883301e-01,5.188991427421569824e-01,5.188991427421569824e-01,4.678649604320526123e-01,4.697981774806976318e-01,4.256680607795715332e-01,4.256680607795715332e-01,3.771201968193054199e-01,3.912582993507385254e-01,1.423625051975250244e-01,1.423625051975250244e-01,1.249604225158691406e-01,1.361650079488754272e-01,1.129103079438209534e-01,1.129103079438209534e-01,1.052196621894836426e-01,1.051704362034797668e-01,3.929519057273864746e-01,3.929519057273864746e-01,3.650869131088256836e-01,3.544750809669494629e-01,5.020653605461120605e-01,5.020653605461120605e-01,4.652794599533081055e-01,4.564352929592132568e-01
1.850000000000000000e+02,5.430421233177185059e-01,5.430421233177185059e-01,5.088028907775878906e-01,5.079968571662902832e-01,5.362802743911743164e-01,5.362802743911743164e-01,4.831838309764862061e-01,4.857115149497985840e-01,4.390484094619750977e-01,4.390484094619750977e-01,3.891837000846862793e-01,4.037164449691772461e-01,1.429982185363769531e-01,1.429982185363769531e-01,1.253557950258255005e-01,1.369327157735824585e-01,1.100025400519371033e-01,1.100025400519371033e-01,1.030693650245666504e-01,1.020412147045135498e-01,3.793585002422332764e-01,3.793585002422332764e-01,3.539842963218688965e-01,3.417887687683105469e-01,4.846468865871429443e-01,4.846468865871429443e-01,4.497185349464416504e-01,4.403332769870758057e-01
1.860000000000000000e+02,5.456048250198364258e-01,5.456048250198364258e-01,5.115746259689331055e-01,5.103116631507873535e-01,5.537444949150085449e-01,5.537444949150085449e-01,4.986230432987213135e-01,5.021523833274841309e-01,4.522605836391448975e-01,4.522605836391448975e-01,4.008199572563171387e-01,4.157016277313232422e-01,1.429514586925506592e-01,1.429514586925506592e-01,1.254135817289352417e-01,1.370801180601119995e-01,1.064648032188415527e-01,1.064648032188415527e-01,1.003793105483055115e-01,9.836677461862564087e-02,3.653032183647155762e-01,3.653032183647155762e-01,3.415901660919189453e-01,3.286373913288116455e-01,4.671341180801391602e-01,4.671341180801391602e-01,4.341922104358673096e-01,4.242884814739227295e-01
1.870000000000000000e+02,5.491108298301696777e-01,5.491108298301696777e-01,5.150402784347534180e-01,5.134958624839782715e-01,5.711267590522766113e-01,5.711267590522766113e-01,5.137425065040588379e-01,5.187427401542663574e-01,4.647383689880371094e-01,4.647383689880371094e-01,4.120021760463714600e-01,4.272076785564422607e-01,1.421150118112564087e-01,1.421150118112564087e-01,1.245800256729125977e-01,1.364992856979370117e-01,1.023005992174148560e-01,1.023005992174148560e-01,9.781178832054138184e-02,9.425355494022369385e-02,3.508026301860809326e-01,3.508026301860809326e-01,3.288067281246185303e-01,3.151843547821044922e-01,4.499287605285644531e-01,4.499287605285644531e-01,4.186662435531616211e-01,4.082923233509063721e-01
1.880000000000000000e+02,5.533855557441711426e-01,5.533855557441711426e-01,5.194920897483825684e-01,5.164136886596679688e-01,5.884639024734497070e-01,5.884639024734497070e-01,5.295132398605346680e-01,5.354287624359130859e-01,4.766922593116760254e-01,4.766922593116760254e-01,4.227174818515777588e-01,4.382432699203491211e-01,1.407665461301803589e-01,1.407665461301803589e-01,1.244572177529335022e-01,1.359359174966812134e-01,9.751515835523605347e-02,9.751515835523605347e-02,9.463145583868026733e-02,8.946239948272705078e-02,3.358650505542755127e-01,3.358650505542755127e-01,3.156391084194183350e-01,3.015520274639129639e-01,4.324271976947784424e-01,4.324271976947784424e-01,4.034320414066314697e-01,3.928292989730834961e-01
1.890000000000000000e+02,5.589469671249389648e-01,5.589469671249389648e-01,5.246906280517578125e-01,5.223787426948547363e-01,6.066563725471496582e-01,6.066563725471496582e-01,5.458511710166931152e-01,5.525420904159545898e-01,4.883934557437896729e-01,4.883934557437896729e-01,4.342354536056518555e-01,4.497996866703033447e-01,1.395875513553619385e-01,1.395875513553619385e-01,1.245089843869209290e-01,1.353826522827148438e-01,9.251020103693008423e-02,9.251020103693008423e-02,9.123027324676513672e-02,8.302693068981170654e-02,3.187746107578277588e-01,3.187746107578277588e-01,3.026491403579711914e-01,2.879185974597930908e-01,4.159505665302276611e-01,4.159505665302276611e-01,3.890376985073089600e-01,3.784846663475036621e-01
1.900000000000000000e+02,5.652869343757629395e-01,5.652869343757629395e-01,5.306760668754577637e-01,5.280265212059020996e-01,6.258735060691833496e-01,6.258735060691833496e-01,5.631647109985351562e-01,5.706914663314819336e-01,5.029422640800476074e-01,5.029422640800476074e-01,4.445874094963073730e-01,4.621316492557525635e-01,1.387711465358734131e-01,1.387711465358734131e-01,1.249506995081901550e-01,1.352049112319946289e-01,8.823689818382263184e-02,8.823689818382263184e-02,8.846111595630645752e-02,8.044175058603286743e-02,3.078311085700988770e-01,3.078311085700988770e-01,2.907232344150543213e-01,2.755983173847198486e-01,4.005711674690246582e-01,4.005711674690246582e-01,3.759122788906097412e-01,3.652893602848052979e-01
1.910000000000000000e+02,5.725612640380859375e-01,5.725612640380859375e-01,5.373660922050476074e-01,5.344038009643554688e-01,6.456090211868286133e-01,6.456090211868286133e-01,5.804519653320312500e-01,5.887108445167541504e-01,5.159779787063598633e-01,5.159779787063598633e-01,4.585227668285369873e-01,4.739699959754943848e-01,1.350546777248382568e-01,1.350546777248382568e-01,1.247010529041290283e-01,1.343052685260772705e-01,8.404631912708282471e-02,8.404631912708282471e-02,8.520458638668060303e-02,7.587960362434387207e-02,2.943286001682281494e-01,2.943286001682281494e-01,2.787385284900665283e-01,2.630911767482757568e-01,3.851924240589141846e-01,3.851924240589141846e-01,3.628145456314086914e-01,3.519626557826995850e-01
1.920000000000000000e+02,5.806937217712402344e-01,5.806937217712402344e-01,5.449280738830566406e-01,5.418041944503784180e-01,6.665847301483154297e-01,6.665847301483154297e-01,5.985662341117858887e-01,6.074637770652770996e-01,5.298054218292236328e-01,5.298054218292236328e-01,4.710738062858581543e-01,4.862150251865386963e-01,1.358861923217773438e-01,1.358861923217773438e-01,1.248658075928688049e-01,1.335699111223220825e-01,8.335879445075988770e-02,8.335879445075988770e-02,8.466203510761260986e-02,7.418039441108703613e-02,2.854753136634826660e-01,2.854753136634826660e-01,2.644186615943908691e-01,2.548678517341613770e-01,3.738218545913696289e-01,3.738218545913696289e-01,3.528919219970703125e-01,3.427513539791107178e-01
1.930000000000000000e+02,5.896121263504028320e-01,5.896121263504028320e-01,5.531573295593261719e-01,5.498871803283691406e-01,6.877275705337524414e-01,6.877275705337524414e-01,6.166309118270874023e-01,6.260480284690856934e-01,5.431441068649291992e-01,5.431441068649291992e-01,4.830778539180755615e-01,4.982905089855194092e-01,1.356567442417144775e-01,1.356567442417144775e-01,1.242944747209548950e-01,1.322254240512847900e-01,8.229758590459823608e-02,8.229758590459823608e-02,8.368990570306777954e-02,7.215341180562973022e-02,2.764909863471984863e-01,2.764909863471984863e-01,2.629751563072204590e-01,2.462809681892395020e-01,3.640758395195007324e-01,3.640758395195007324e-01,3.430533111095428467e-01,3.332453370094299316e-01
1.940000000000000000e+02,5.986992120742797852e-01,5.986992120742797852e-01,5.620344877243041992e-01,5.585851669311523438e-01,7.086127400398254395e-01,7.086127400398254395e-01,6.346355080604553223e-01,6.446418166160583496e-01,5.557627677917480469e-01,5.557627677917480469e-01,4.945077300071716309e-01,5.096153616905212402e-01,1.348472684621810913e-01,1.348472684621810913e-01,1.230629831552505493e-01,1.298793554306030273e-01,8.100537955760955811e-02,8.100537955760955811e-02,8.229233324527740479e-02,6.973550468683242798e-02,2.670930325984954834e-01,2.670930325984954834e-01,2.547109425067901611e-01,2.377418726682662964e-01,3.544183075428009033e-01,3.544183075428009033e-01,3.331560194492340088e-01,3.237848877906799316e-01
1.950000000000000000e+02,6.092501878738403320e-01,6.092501878738403320e-01,5.715789198875427246e-01,5.679858326911926270e-01,7.298189401626586914e-01,7.298189401626586914e-01,6.527020931243896484e-01,6.634895801544189453e-01,5.678100585937500000e-01,5.678100585937500000e-01,5.053628683090209961e-01,5.203652381896972656e-01,1.332751810550689697e-01,1.332751810550689697e-01,1.211939379572868347e-01,1.273859888315200806e-01,7.972670346498489380e-02,7.972670346498489380e-02,8.112729340791702271e-02,6.778620928525924683e-02,2.581985294818878174e-01,2.581985294818878174e-01,2.465990185737609863e-01,2.295907139778137207e-01,3.455106317996978760e-01,3.455106317996978760e-01,3.236473202705383301e-01,3.150716125965118408e-01
1.960000000000000000e+02,6.209004521369934082e-01,6.209004521369934082e-01,5.818061232566833496e-01,5.786048173904418945e-01,7.505438327789306641e-01,7.505438327789306641e-01,6.709493398666381836e-01,6.821817159652709961e-01,5.790849328041076660e-01,5.790849328041076660e-01,5.148103237152099609e-01,5.304853916168212891e-01,1.310354471206665039e-01,1.310354471206665039e-01,1.193766444921493530e-01,1.245730966329574585e-01,7.903036475181579590e-02,7.903036475181579590e-02,8.058717846870422363e-02,6.719131767749786377e-02,2.504411339759826660e-01,2.504411339759826660e-01,2.393102794885635376e-01,2.227067053318023682e-01,3.375968933105468750e-01,3.375968933105468750e-01,3.151960670948028564e-01,3.077199161052703857e-01
1.970000000000000000e+02,6.326280236244201660e-01,6.326280236244201660e-01,5.925407409667968750e-01,5.897300243377685547e-01,7.710632085800170898e-01,7.710632085800170898e-01,6.894040107727050781e-01,7.009224891662597656e-01,5.900321602821350098e-01,5.900321602821350098e-01,5.251818895339965820e-01,5.400705933570861816e-01,1.280859559774398804e-01,1.280859559774398804e-01,1.181286498904228210e-01,1.219159290194511414e-01,7.794216275215148926e-02,7.794216275215148926e-02,7.962246239185333252e-02,6.635104864835739136e-02,2.425160706043243408e-01,2.425160706043243408e-01,2.317834645509719849e-01,2.155788093805313110e-01,3.297450542449951172e-01,3.297450542449951172e-01,3.083520829677581787e-01,3.023461997509002686e-01
1.980000000000000000e+02,6.448578834533691406e-01,6.448578834533691406e-01,6.040630340576171875e-01,6.015001535415649414e-01,7.917349934577941895e-01,7.917349934577941895e-01,7.076543569564819336e-01,7.194463610649108887e-01,5.998811721801757812e-01,5.998811721801757812e-01,5.342708230018615723e-01,5.489584207534790039e-01,1.244288980960845947e-01,1.244288980960845947e-01,1.169751584529876709e-01,1.196732223033905029e-01,7.684832811355590820e-02,7.684832811355590820e-02,7.823082059621810913e-02,6.517241150140762329e-02,2.340791523456573486e-01,2.340791523456573486e-01,2.239891141653060913e-01,2.080830633640289307e-01,3.219317793846130371e-01,3.219317793846130371e-01,3.021173477172851562e-01,2.973921597003936768e-01
1.990000000000000000e+02,6.582401394844055176e-01,6.582401394844055176e-01,6.160482168197631836e-01,6.138600707054138184e-01,8.123001456260681152e-01,8.123001456260681152e-01,7.255994677543640137e-01,7.376496195793151855e-01,6.092616319656372070e-01,6.092616319656372070e-01,5.424898266792297363e-01,5.571885108947753906e-01,1.215173453092575073e-01,1.215173453092575073e-01,1.152240782976150513e-01,1.169224455952644348e-01,7.551582157611846924e-02,7.551582157611846924e-02,7.676014304161071777e-02,6.365074217319488525e-02,2.255430966615676880e-01,2.255430966615676880e-01,2.159326672554016113e-01,2.004259377717971802e-01,3.156260848045349121e-01,3.156260848045349121e-01,2.960248291492462158e-01,2.926372289657592773e-01
2.000000000000000000e+02,6.719404458999633789e-01,6.719404458999633789e-01,6.286201477050781250e-01,6.267715096473693848e-01,8.321538567543029785e-01,8.321538567543029785e-01,7.434567213058471680e-01,7.556877732276916504e-01,6.180033683776855469e-01,6.180033683776855469e-01,5.505199432373046875e-01,5.642637014389038086e-01,1.201899871230125427e-01,1.201899871230125427e-01,1.129144355654716492e-01,1.135504394769668579e-01,7.367965579032897949e-02,7.367965579032897949e-02,7.483371347188949585e-02,6.179431080818176270e-02,2.168577462434768677e-01,2.168577462434768677e-01,2.076253592967987061e-01,1.926449835300445557e-01,3.116711080074310303e-01,3.116711080074310303e-01,2.900435030460357666e-01,2.878578305244445801e-01
2.010000000000000000e+02,6.862403154373168945e-01,6.862403154373168945e-01,6.394525170326232910e-01,6.402082443237304688e-01,8.520994186401367188e-01,8.520994186401367188e-01,7.611960768699645996e-01,7.736338973045349121e-01,6.258366107940673828e-01,6.258366107940673828e-01,5.574126839637756348e-01,5.719199180603027344e-01,1.182942092418670654e-01,1.182942092418670654e-01,1.100498363375663757e-01,1.095974892377853394e-01,7.163215428590774536e-02,7.163215428590774536e-02,7.258864492177963257e-02,5.998877063393592834e-02,2.077627629041671753e-01,2.077627629041671753e-01,1.990776807069778442e-01,1.845140308141708374e-01,3.079165220260620117e-01,3.079165220260620117e-01,2.841218709945678711e-01,2.835875451564788818e-01
2.020000000000000000e+02,7.010864019393920898e-01,7.010864019393920898e-01,6.553938984870910645e-01,6.542901992797851562e-01,8.720974326133728027e-01,8.720974326133728027e-01,7.786850929260253906e-01,7.913088798522949219e-01,6.329148411750793457e-01,6.329148411750793457e-01,5.639201402664184570e-01,5.775485634803771973e-01,1.154569983482360840e-01,1.154569983482360840e-01,1.072689518332481384e-01,1.058987155556678772e-01,6.910443305969238281e-02,6.910443305969238281e-02,7.039091736078262329e-02,5.792094767093658447e-02,1.984330564737319946e-01,1.984330564737319946e-01,1.903090327978134155e-01,1.761323511600494385e-01,3.042940497398376465e-01,3.042940497398376465e-01,2.799485921859741211e-01,2.803481817245483398e-01
2.030000000000000000e+02,7.130418419837951660e-01,7.130418419837951660e-01,6.695685386657714844e-01,6.687509417533874512e-01,8.913782835006713867e-01,8.913782835006713867e-01,7.962268590927124023e-01,8.087089657783508301e-01,6.392902731895446777e-01,6.392902731895446777e-01,5.697069764137268066e-01,5.838905572891235352e-01,1.128549277782440186e-01,1.128549277782440186e-01,1.049098968505859375e-01,1.030693799257278442e-01,6.637479364871978760e-02,6.637479364871978760e-02,6.763519346714019775e-02,5.576400458812713623e-02,1.891226470470428467e-01,1.891226470470428467e-01,1.814736127853393555e-01,1.678662896156311035e-01,3.012253046035766602e-01,3.012253046035766602e-01,2.767365872859954834e-01,2.780507504940032959e-01
2.040000000000000000e+02,7.325432300567626953e-01,7.325432300567626953e-01,6.828329563140869141e-01,6.841427087783813477e-01,9.102740287780761719e-01,9.102740287780761719e-01,8.131293058395385742e-01,8.257421255111694336e-01,6.447872519493103027e-01,6.447872519493103027e-01,5.748022794723510742e-01,5.888988375663757324e-01,1.093394234776496887e-01,1.093394234776496887e-01,1.021500676870346069e-01,1.000106483697891235e-01,6.326957046985626221e-02,6.326957046985626221e-02,6.454877555370330811e-02,5.324287712574005127e-02,1.795775890350341797e-01,1.795775890350341797e-01,1.724380701780319214e-01,1.594747453927993774e-01,2.983247041702270508e-01,2.983247041702270508e-01,2.735929191112518311e-01,2.760290801525115967e-01
2.050000000000000000e+02,7.490412592887878418e-01,7.490412592887878418e-01,6.994317173957824707e-01,6.998749375343322754e-01,9.287490248680114746e-01,9.287490248680114746e-01,8.297996520996093750e-01,8.417658805847167969e-01,6.496745347976684570e-01,6.496745347976684570e-01,5.792717933654785156e-01,5.932679772377014160e-01,1.053544878959655762e-01,1.053544878959655762e-01,9.889896214008331299e-02,9.639085829257965088e-02,5.977772921323776245e-02,5.977772921323776245e-02,6.101509928703308105e-02,5.032881721854209900e-02,1.696488261222839355e-01,1.696488261222839355e-01,1.632277369499206543e-01,1.508971005678176880e-01,2.851440906524658203e-01,2.851440906524658203e-01,2.710929811000823975e-01,2.739600241184234619e-01
2.060000000000000000e+02,7.660363912582397461e-01,7.660363912582397461e-01,7.150249481201171875e-01,7.160562276840209961e-01,9.467961788177490234e-01,9.467961788177490234e-01,8.462057113647460938e-01,8.584167957305908203e-01,6.528511643409729004e-01,6.528511643409729004e-01,5.829191207885742188e-01,5.969792604446411133e-01,1.007809415459632874e-01,1.007809415459632874e-01,9.517491608858108521e-02,9.220853447914123535e-02,5.590347573161125183e-02,5.590347573161125183e-02,5.723964050412178040e-02,4.710001125931739807e-02,1.595068573951721191e-01,1.595068573951721191e-01,1.538664251565933228e-01,1.423346698284149170e-01,2.924781739711761475e-01,2.924781739711761475e-01,2.685740590095520020e-01,2.726827859878540039e-01
2.070000000000000000e+02,7.834601998329162598e-01,7.834601998329162598e-01,7.311508655548095703e-01,7.326180338859558105e-01,9.645428657531738281e-01,9.645428657531738281e-01,8.616955280303955078e-01,8.746005296707153320e-01,6.574010252952575684e-01,6.574010252952575684e-01,5.863121747970581055e-01,5.987902879714965820e-01,9.583799540996551514e-02,9.583799540996551514e-02,9.111979603767395020e-02,8.785036206245422363e-02,5.307557061314582825e-02,5.307557061314582825e-02,5.446072667837142944e-02,4.496419802308082581e-02,1.518315374851226807e-01,1.518315374851226807e-01,1.462011784315109253e-01,1.353620886802673340e-01,2.923912703990936279e-01,2.923912703990936279e-01,2.675549983978271484e-01,2.725719213485717773e-01
2.080000000000000000e+02,8.013069033622741699e-01,8.013069033622741699e-01,7.475836277008056641e-01,7.494960427284240723e-01,9.818876981735229492e-01,9.818876981735229492e-01,8.779429197311401367e-01,8.897206783294677734e-01,6.603871583938598633e-01,6.603871583938598633e-01,5.891960859298706055e-01,6.027569770812988281e-01,9.039834141731262207e-02,9.039834141731262207e-02,8.650361001491546631e-02,8.299134671688079834e-02,5.095927417278289795e-02,5.095927417278289795e-02,5.234457924962043762e-02,4.236676916480064392e-02,1.451681554317474365e-01,1.451681554317474365e-01,1.397135704755783081e-01,1.296054124832153320e-01,2.925435006618499756e-01,2.925435006618499756e-01,2.670730948448181152e-01,2.735075652599334717e-01
2.090000000000000000e+02,8.194513916969299316e-01,8.194513916969299316e-01,7.643176317214965820e-01,7.666545510292053223e-01,9.987567663192749023e-01,9.987567663192749023e-01,8.931940197944641113e-01,9.054726362228393555e-01,6.625917553901672363e-01,6.625917553901672363e-01,5.912650823593139648e-01,6.046409606933593750e-01,8.446305990219116211e-02,8.446305990219116211e-02,8.148366957902908325e-02,7.766457647085189819e-02,4.855952039361000061e-02,4.855952039361000061e-02,4.992914944887161255e-02,4.149075597524642944e-02,1.381011158227920532e-01,1.381011158227920532e-01,1.330852210521697998e-01,1.236271113157272339e-01,2.931542992591857910e-01,2.931542992591857910e-01,2.676798701286315918e-01,2.745439708232879639e-01
2.100000000000000000e+02,8.379070758819580078e-01,8.379070758819580078e-01,7.811740040779113770e-01,7.842163443565368652e-01,1.015144228935241699e+00,1.015144228935241699e+00,9.079917669296264648e-01,9.202870130538940430e-01,6.638913750648498535e-01,6.638913750648498535e-01,5.927270650863647461e-01,6.058571338653564453e-01,7.797594368457794189e-02,7.797594368457794189e-02,7.717255502939224243e-02,7.260856777429580688e-02,4.591305926442146301e-02,4.591305926442146301e-02,4.734788462519645691e-02,3.947948664426803589e-02,1.312052011489868164e-01,1.312052011489868164e-01,1.262143552303314209e-01,1.175605580210685730e-01,2.937282919883728027e-01,2.937282919883728027e-01,2.682865858078002930e-01,2.759345173835754395e-01
2.110000000000000000e+02,8.552202582359313965e-01,8.552202582359313965e-01,7.986390590667724609e-01,8.019217252731323242e-01,1.031031250953674316e+00,1.031031250953674316e+00,9.223378896713256836e-01,9.346181154251098633e-01,6.645995378494262695e-01,6.645995378494262695e-01,5.935504436492919922e-01,6.063736081123352051e-01,7.109415531158447266e-02,7.109415531158447266e-02,7.323382049798965454e-02,6.812954694032669067e-02,4.302507266402244568e-02,4.302507266402244568e-02,4.451766982674598694e-02,3.714845329523086548e-02,1.239905878901481628e-01,1.239905878901481628e-01,1.194108575582504272e-01,1.115156784653663635e-01,2.943645715713500977e-01,2.943645715713500977e-01,2.704339325428009033e-01,2.791489064693450928e-01
2.120000000000000000e+02,8.756127357482910156e-01,8.756127357482910156e-01,8.160303831100463867e-01,8.196843266487121582e-01,1.046378493309020996e+00,1.046378493309020996e+00,9.362105131149291992e-01,9.483440518379211426e-01,6.642456054687500000e-01,6.642456054687500000e-01,5.937033295631408691e-01,6.062579751014709473e-01,6.381332874298095703e-02,6.381332874298095703e-02,6.884117424488067627e-02,6.305210292339324951e-02,3.986706212162971497e-02,3.986706212162971497e-02,4.142703860998153687e-02,3.456220403313636780e-02,1.166015937924385071e-01,1.166015937924385071e-01,1.125569716095924377e-01,1.052919924259185791e-01,2.956494390964508057e-01,2.956494390964508057e-01,2.727810442447662354e-01,2.825690805912017822e-01
2.130000000000000000e+02,8.947381973266601562e-01,8.947381973266601562e-01,8.337661623954772949e-01,8.378109335899353027e-01,1.059969186782836914e+00,1.059969186782836914e+00,9.496077895164489746e-01,9.617888927459716797e-01,6.634314060211181641e-01,6.634314060211181641e-01,5.932147502899169922e-01,6.055230498313903809e-01,5.605554580688476562e-02,5.605554580688476562e-02,6.477228552103042603e-02,5.846044793725013733e-02,3.592731058597564697e-02,3.592731058597564697e-02,3.812517970800399780e-02,3.175042942166328430e-02,1.091165319085121155e-01,1.091165319085121155e-01,1.055457666516304016e-01,9.900701791048049927e-02,2.968693375587463379e-01,2.968693375587463379e-01,2.749139070510864258e-01,2.863604426383972168e-01
2.140000000000000000e+02,9.140390157699584961e-01,9.140390157699584961e-01,8.518095016479492188e-01,8.559708595275878906e-01,1.075419902801513672e+00,1.075419902801513672e+00,9.626047015190124512e-01,9.748089313507080078e-01,6.618515849113464355e-01,6.618515849113464355e-01,5.909942388534545898e-01,6.041923761367797852e-01,4.793672263622283936e-02,4.793672263622283936e-02,6.183822825551033020e-02,5.481404066085815430e-02,3.564383462071418762e-02,3.564383462071418762e-02,3.730857372283935547e-02,3.114565089344978333e-02,1.053700596094131470e-01,1.053700596094131470e-01,1.021344587206840515e-01,9.608611464500427246e-02,3.009197115898132324e-01,3.009197115898132324e-01,2.825945317745208740e-01,2.940041422843933105e-01
2.150000000000000000e+02,9.336366057395935059e-01,9.336366057395935059e-01,8.699111342430114746e-01,8.742001652717590332e-01,1.089587807655334473e+00,1.089587807655334473e+00,9.750907421112060547e-01,9.872556328773498535e-01,6.596218943595886230e-01,6.596218943595886230e-01,5.903778672218322754e-01,6.020736098289489746e-01,4.376513883471488953e-02,4.376513883471488953e-02,5.850152298808097839e-02,5.079406872391700745e-02,3.492051362991333008e-02,3.492051362991333008e-02,3.646181523799896240e-02,3.047912195324897766e-02,1.018894836306571960e-01,1.018894836306571960e-01,9.877369552850723267e-02,9.317721426486968994e-02,3.095680773258209229e-01,3.095680773258209229e-01,2.901979982852935791e-01,3.023267090320587158e-01
2.160000000000000000e+02,9.525588750839233398e-01,9.525588750839233398e-01,8.880627155303955078e-01,8.925394415855407715e-01,1.102894425392150879e+00,1.102894425392150879e+00,9.869971871376037598e-01,9.991338849067687988e-01,6.569315195083618164e-01,6.569315195083618164e-01,5.879896879196166992e-01,5.993603467941284180e-01,3.938595950603485107e-02,3.938595950603485107e-02,5.486579239368438721e-02,4.622123762965202332e-02,3.403719142079353333e-02,3.403719142079353333e-02,3.545335307717323303e-02,2.966031059622764587e-02,9.845001250505447388e-02,9.845001250505447388e-02,9.527749568223953247e-02,9.013161063194274902e-02,3.184998333454132080e-01,3.184998333454132080e-01,2.978665530681610107e-01,3.112367987632751465e-01
2.170000000000000000e+02,9.726990461349487305e-01,9.726990461349487305e-01,9.061888456344604492e-01,9.107910394668579102e-01,1.115811347961425781e+00,1.115811347961425781e+00,9.983615279197692871e-01,1.010000228881835938e+00,6.533144712448120117e-01,6.533144712448120117e-01,5.848246812820434570e-01,5.953879952430725098e-01,3.806533664464950562e-02,3.806533664464950562e-02,5.094396695494651794e-02,4.183753952383995056e-02,3.311346471309661865e-02,3.311346471309661865e-02,3.428413346409797668e-02,2.868728712201118469e-02,9.488224983215332031e-02,9.488224983215332031e-02,9.177694469690322876e-02,8.703707903623580933e-02,3.309789001941680908e-01,3.309789001941680908e-01,3.056750595569610596e-01,3.199093341827392578e-01
2.180000000000000000e+02,9.920231699943542480e-01,9.920231699943542480e-01,9.242945313453674316e-01,9.290549755096435547e-01,1.127891659736633301e+00,1.127891659736633301e+00,1.009126901626586914e+00,1.021149873733520508e+00,6.489494442939758301e-01,6.489494442939758301e-01,5.809513330459594727e-01,5.918158292770385742e-01,3.757039085030555725e-02,3.757039085030555725e-02,4.669596254825592041e-02,3.659069910645484924e-02,3.197250142693519592e-02,3.197250142693519592e-02,3.297749534249305725e-02,2.757317945361137390e-02,9.121040254831314087e-02,9.121040254831314087e-02,8.811833709478378296e-02,8.382829278707504272e-02,3.447558879852294922e-01,3.447558879852294922e-01,3.136017918586730957e-01,3.286970257759094238e-01
2.190000000000000000e+02,1.011461257934570312e+00,1.011461257934570312e+00,9.423658847808837891e-01,9.472756385803222656e-01,1.139303803443908691e+00,1.139303803443908691e+00,1.019352436065673828e+00,1.031298995018005371e+00,6.438239216804504395e-01,6.438239216804504395e-01,5.763310194015502930e-01,5.865588188171386719e-01,3.690381720662117004e-02,3.690381720662117004e-02,4.314032196998596191e-02,3.266296163201332092e-02,3.066968545317649841e-02,3.066968545317649841e-02,3.154210373759269714e-02,2.621549367904663086e-02,8.744145184755325317e-02,8.744145184755325317e-02,8.431520313024520874e-02,8.049608767032623291e-02,3.588164150714874268e-01,3.588164150714874268e-01,3.235130310058593750e-01,3.392953574657440186e-01
2.200000000000000000e+02,1.031022906303405762e+00,1.031022906303405762e+00,9.603717327117919922e-01,9.563140869140625000e-01,1.150244116783142090e+00,1.150244116783142090e+00,1.029011607170104980e+00,1.040700316429138184e+00,6.365208625793457031e-01,6.365208625793457031e-01,5.709354281425476074e-01,5.814534425735473633e-01,3.606645762920379639e-02,3.606645762920379639e-02,4.065004736185073853e-02,2.965871058404445648e-02,2.923376858234405518e-02,2.923376858234405518e-02,2.999626845121383667e-02,2.509043924510478973e-02,8.299831300973892212e-02,8.299831300973892212e-02,8.065523207187652588e-02,7.707224786281585693e-02,3.731427192687988281e-01,3.731427192687988281e-01,3.348381519317626953e-01,3.513104021549224854e-01
2.210000000000000000e+02,1.050325870513916016e+00,1.050325870513916016e+00,9.782930016517639160e-01,9.832812547683715820e-01,1.160310387611389160e+00,1.160310387611389160e+00,1.038082599639892578e+00,1.049817800521850586e+00,6.311535239219665527e-01,6.311535239219665527e-01,5.652732849121093750e-01,5.753524899482727051e-01,3.505945950746536255e-02,3.505945950746536255e-02,3.973359614610671997e-02,2.825243212282657623e-02,2.758512645959854126e-02,2.758512645959854126e-02,2.831505611538887024e-02,2.366647124290466309e-02,7.956249266862869263e-02,7.956249266862869263e-02,7.687897235155105591e-02,7.359471172094345093e-02,3.877050280570983887e-01,3.877050280570983887e-01,3.471565544605255127e-01,3.646602034568786621e-01
2.220000000000000000e+02,1.069522619247436523e+00,1.069522619247436523e+00,9.961099624633789062e-01,1.000923037528991699e+00,1.169438004493713379e+00,1.169438004493713379e+00,1.046514987945556641e+00,1.058131098747253418e+00,6.236697435379028320e-01,6.236697435379028320e-01,5.587336421012878418e-01,5.685456395149230957e-01,3.388940542936325073e-02,3.388940542936325073e-02,3.865274786949157715e-02,2.669260092079639435e-02,2.576175890862941742e-02,2.576175890862941742e-02,2.648151665925979614e-02,2.203362435102462769e-02,7.547535002231597900e-02,7.547535002231597900e-02,7.300475984811782837e-02,7.024836540222167969e-02,4.025241732597351074e-01,4.025241732597351074e-01,3.605943620204925537e-01,3.782120645046234131e-01
2.230000000000000000e+02,1.088315129280090332e+00,1.088315129280090332e+00,1.013666033744812012e+00,1.019329547882080078e+00,1.178274273872375488e+00,1.178274273872375488e+00,1.054158210754394531e+00,1.064080595970153809e+00,6.154255270957946777e-01,6.154255270957946777e-01,5.492182374000549316e-01,5.611394643783569336e-01,3.255203738808631897e-02,3.255203738808631897e-02,3.743311762809753418e-02,2.482516318559646606e-02,2.376701496541500092e-02,2.376701496541500092e-02,2.451723255217075348e-02,2.037380263209342957e-02,7.129705697298049927e-02,7.129705697298049927e-02,6.894562393426895142e-02,6.670739501714706421e-02,4.175435304641723633e-01,4.175435304641723633e-01,3.737626671791076660e-01,3.919797241687774658e-01
2.240000000000000000e+02,1.107503414154052734e+00,1.107503414154052734e+00,1.031350493431091309e+00,1.036999344825744629e+00,1.186152219772338867e+00,1.186152219772338867e+00,1.061312675476074219e+00,1.065141677856445312e+00,6.064097881317138672e-01,6.064097881317138672e-01,5.442016720771789551e-01,5.532010197639465332e-01,3.106136247515678406e-02,3.106136247515678406e-02,3.598954156041145325e-02,2.340146526694297791e-02,2.160492725670337677e-02,2.160492725670337677e-02,2.241089940071105957e-02,1.853887550532817841e-02,6.703660637140274048e-02,6.703660637140274048e-02,6.526945531368255615e-02,6.349454075098037720e-02,4.327604770660400391e-01,4.327604770660400391e-01,3.872108459472656250e-01,4.057760834693908691e-01
2.250000000000000000e+02,1.126217603683471680e+00,1.126217603683471680e+00,1.048765301704406738e+00,1.054546833038330078e+00,1.193422555923461914e+00,1.193422555923461914e+00,1.067982912063598633e+00,1.079296946525573730e+00,5.969569087028503418e-01,5.969569087028503418e-01,5.362985134124755859e-01,5.448088645935058594e-01,2.951176464557647705e-02,2.951176464557647705e-02,3.477066010236740112e-02,2.232026122510433197e-02,2.063737809658050537e-02,2.063737809658050537e-02,2.142900973558425903e-02,1.784151792526245117e-02,6.460782885551452637e-02,6.460782885551452637e-02,6.325275450944900513e-02,6.185059994459152222e-02,4.489629566669464111e-01,4.489629566669464111e-01,4.024990499019622803e-01,4.213535189628601074e-01
2.260000000000000000e+02,1.144609093666076660e+00,1.144609093666076660e+00,1.065949320793151855e+00,1.071732282638549805e+00,1.200058698654174805e+00,1.200058698654174805e+00,1.074011445045471191e+00,1.085132479667663574e+00,5.859761834144592285e-01,5.859761834144592285e-01,5.274071097373962402e-01,5.362114906311035156e-01,2.799402922391891479e-02,2.799402922391891479e-02,3.344976156949996948e-02,2.121252566576004028e-02,2.001887932419776917e-02,2.001887932419776917e-02,2.079494670033454895e-02,1.743455044925212860e-02,6.305438280105590820e-02,6.305438280105590820e-02,6.185737997293472290e-02,6.101623550057411194e-02,4.667479395866394043e-01,4.667479395866394043e-01,4.185449182987213135e-01,4.372667074203491211e-01
2.270000000000000000e+02,1.162802696228027344e+00,1.162802696228027344e+00,1.082855105400085449e+00,1.088858604431152344e+00,1.205941915512084961e+00,1.205941915512084961e+00,1.079559564590454102e+00,1.090574502944946289e+00,5.775770545005798340e-01,5.775770545005798340e-01,5.190905332565307617e-01,5.270102024078369141e-01,2.627738192677497864e-02,2.627738192677497864e-02,3.208630904555320740e-02,2.030930668115615845e-02,1.929810084402561188e-02,1.929810084402561188e-02,2.004777640104293823e-02,1.699682325124740601e-02,6.221431866288185120e-02,6.221431866288185120e-02,6.031794846057891846e-02,6.000005081295967102e-02,4.840880930423736572e-01,4.840880930423736572e-01,4.349723160266876221e-01,4.534325599670410156e-01
2.280000000000000000e+02,1.180628180503845215e+00,1.180628180503845215e+00,1.099470257759094238e+00,1.105479240417480469e+00,1.210990428924560547e+00,1.210990428924560547e+00,1.084294319152832031e+00,1.093866109848022461e+00,5.672016143798828125e-01,5.672016143798828125e-01,5.096534490585327148e-01,5.171856284141540527e-01,2.439438551664352417e-02,2.439438551664352417e-02,3.057909384369850159e-02,1.918871514499187469e-02,1.844880729913711548e-02,1.844880729913711548e-02,1.925846189260482788e-02,1.645364426076412201e-02,6.126819178462028503e-02,6.126819178462028503e-02,5.880403518676757812e-02,5.910984799265861511e-02,5.014790296554565430e-01,5.014790296554565430e-01,4.511717557907104492e-01,4.695554375648498535e-01
2.290000000000000000e+02,1.198117494583129883e+00,1.198117494583129883e+00,1.115763783454895020e+00,1.121886610984802246e+00,1.215339660644531250e+00,1.215339660644531250e+00,1.088325142860412598e+00,1.099127531051635742e+00,5.561373829841613770e-01,5.561373829841613770e-01,4.997056126594543457e-01,5.070486068725585938e-01,2.234540507197380066e-02,2.234540507197380066e-02,2.892518043518066406e-02,1.795112900435924530e-02,1.752516999840736389e-02,1.752516999840736389e-02,1.825150474905967712e-02,1.574811711907386780e-02,6.025198101997375488e-02,6.025198101997375488e-02,5.778596922755241394e-02,5.843066424131393433e-02,5.187242627143859863e-01,5.187242627143859863e-01,4.678161740303039551e-01,4.857189655303955078e-01
2.300000000000000000e+02,1.215177416801452637e+00,1.215177416801452637e+00,1.131713867187500000e+00,1.138113617897033691e+00,1.218409776687622070e+00,1.218409776687622070e+00,1.091629981994628906e+00,1.102347970008850098e+00,5.444006323814392090e-01,5.444006323814392090e-01,4.894283711910247803e-01,4.964669644832611084e-01,2.013280987739562988e-02,2.013280987739562988e-02,2.708707936108112335e-02,1.659980788826942444e-02,1.650271937251091003e-02,1.650271937251091003e-02,1.742602512240409851e-02,1.500411331653594971e-02,5.916260927915573120e-02,5.916260927915573120e-02,5.668796598911285400e-02,5.777087062597274780e-02,5.363282561302185059e-01,5.363282561302185059e-01,4.843220114707946777e-01,5.015926957130432129e-01
2.310000000000000000e+02,1.231985092163085938e+00,1.231985092163085938e+00,1.146080970764160156e+00,1.153822422027587891e+00,1.221682071685791016e+00,1.221682071685791016e+00,1.094293236732482910e+00,1.104864239692687988e+00,5.315541028976440430e-01,5.315541028976440430e-01,4.787359833717346191e-01,4.852823317050933838e-01,1.775935292243957520e-02,1.775935292243957520e-02,2.546220272779464722e-02,1.567633822560310364e-02,1.538284402340650558e-02,1.538284402340650558e-02,1.636735722422599792e-02,1.422829832881689072e-02,5.801694467663764954e-02,5.801694467663764954e-02,5.554020777344703674e-02,5.706919729709625244e-02,5.537445545196533203e-01,5.537445545196533203e-01,5.012202262878417969e-01,5.183082222938537598e-01
2.320000000000000000e+02,1.248325109481811523e+00,1.248325109481811523e+00,1.162515282630920410e+00,1.169106960296630859e+00,1.223669886589050293e+00,1.223669886589050293e+00,1.096294879913330078e+00,1.106676459312438965e+00,5.188053250312805176e-01,5.188053250312805176e-01,4.667300283908843994e-01,4.733825922012329102e-01,1.522790919989347458e-02,1.522790919989347458e-02,2.403188496828079224e-02,1.501552015542984009e-02,1.416627969592809677e-02,1.416627969592809677e-02,1.523027103394269943e-02,1.336060650646686554e-02,5.677437782287597656e-02,5.677437782287597656e-02,5.430039763450622559e-02,5.630594491958618164e-02,5.711265802383422852e-01,5.711265802383422852e-01,5.184987783432006836e-01,5.343505740165710449e-01
2.330000000000000000e+02,1.264246225357055664e+00,1.264246225357055664e+00,1.177330732345581055e+00,1.184096813201904297e+00,1.224885702133178711e+00,1.224885702133178711e+00,1.097572803497314453e+00,1.107793092727661133e+00,5.052080154418945312e-01,5.052080154418945312e-01,4.567671418190002441e-01,4.618343114852905273e-01,1.253792084753513336e-02,1.253792084753513336e-02,2.253110706806182861e-02,1.453298516571521759e-02,1.285224314779043198e-02,1.285224314779043198e-02,1.400196552276611328e-02,1.249802205711603165e-02,5.525235459208488464e-02,5.525235459208488464e-02,5.338454246520996094e-02,5.626556277275085449e-02,5.883111953735351562e-01,5.883111953735351562e-01,5.362388491630554199e-01,5.516521334648132324e-01
2.340000000000000000e+02,1.279722571372985840e+00,1.279722571372985840e+00,1.191706657409667969e+00,1.198585629463195801e+00,1.223889589309692383e+00,1.223889589309692383e+00,1.098140954971313477e+00,1.108200192451477051e+00,4.909266829490661621e-01,4.909266829490661621e-01,4.456258416175842285e-01,4.495318531990051270e-01,1.064577139914035797e-02,1.064577139914035797e-02,2.095059491693973541e-02,1.400914229452610016e-02,1.142428163439035416e-02,1.142428163439035416e-02,1.272745989263057709e-02,1.149231847375631332e-02,5.414768308401107788e-02,5.414768308401107788e-02,5.278252810239791870e-02,5.688893795013427734e-02,6.066561937332153320e-01,6.066561937332153320e-01,5.539835095405578613e-01,5.685546994209289551e-01
2.350000000000000000e+02,1.294738173484802246e+00,1.294738173484802246e+00,1.205413341522216797e+00,1.212509274482727051e+00,1.224923491477966309e+00,1.224923491477966309e+00,1.095007538795471191e+00,1.107894182205200195e+00,4.761142134666442871e-01,4.761142134666442871e-01,4.339553415775299072e-01,4.370382726192474365e-01,9.726271033287048340e-03,9.726271033287048340e-03,1.926350593566894531e-02,1.342729106545448303e-02,1.000002492219209671e-02,1.000002492219209671e-02,1.113638095557689667e-02,1.039152406156063080e-02,5.272521823644638062e-02,5.272521823644638062e-02,5.216621607542037964e-02,5.735887214541435242e-02,6.258730888366699219e-01,6.258730888366699219e-01,5.717101693153381348e-01,5.852805972099304199e-01
2.360000000000000000e+02,1.309271574020385742e+00,1.309271574020385742e+00,1.219209074974060059e+00,1.226064085960388184e+00,1.223965167999267578e+00,1.223965167999267578e+00,1.097328543663024902e+00,1.107083678245544434e+00,4.556826651096343994e-01,4.556826651096343994e-01,4.219665229320526123e-01,4.240716099739074707e-01,9.005310013890266418e-03,9.005310013890266418e-03,1.766792498528957367e-02,1.299049705266952515e-02,9.001022204756736755e-03,9.001022204756736755e-03,1.019897963851690292e-02,9.671861305832862854e-03,5.199135094881057739e-02,5.199135094881057739e-02,5.210646614432334900e-02,5.844214931130409241e-02,6.456092000007629395e-01,6.456092000007629395e-01,5.899214148521423340e-01,6.023657917976379395e-01
2.370000000000000000e+02,1.323176860809326172e+00,1.323176860809326172e+00,1.232160806655883789e+00,1.238988876342773438e+00,1.222515106201171875e+00,1.222515106201171875e+00,1.096131801605224609e+00,1.105534315109252930e+00,4.456269443035125732e-01,4.456269443035125732e-01,4.098864793777465820e-01,4.109114408493041992e-01,9.337811730802059174e-03,9.337811730802059174e-03,1.613158546388149261e-02,1.266780588775873184e-02,8.626713417470455170e-03,8.626713417470455170e-03,9.042404592037200928e-03,9.379356168210506439e-03,5.229407176375389099e-02,5.229407176375389099e-02,5.298526585102081299e-02,6.023790687322616577e-02,6.668267250061035156e-01,6.668267250061035156e-01,6.086825132369995117e-01,6.197788119316101074e-01
2.380000000000000000e+02,1.336641073226928711e+00,1.336641073226928711e+00,1.244850754737854004e+00,1.251791000366210938e+00,1.220402359962463379e+00,1.220402359962463379e+00,1.094244837760925293e+00,1.103733062744140625e+00,4.323545396327972412e-01,4.323545396327972412e-01,3.972505927085876465e-01,3.973464369773864746e-01,9.644777514040470123e-03,9.644777514040470123e-03,1.493841409683227539e-02,1.255038566887378693e-02,8.288229815661907196e-03,8.288229815661907196e-03,9.644484147429466248e-03,9.083204902708530426e-03,5.500158295035362244e-02,5.500158295035362244e-02,5.377977341413497925e-02,6.197487562894821167e-02,6.879577040672302246e-01,6.879577040672302246e-01,6.277367472648620605e-01,6.377619504928588867e-01
2.390000000000000000e+02,1.349494218826293945e+00,1.349494218826293945e+00,1.254947185516357422e+00,1.263423442840576172e+00,1.217437863349914551e+00,1.217437863349914551e+00,1.091672062873840332e+00,1.101040959358215332e+00,4.186372756958007812e-01,4.186372756958007812e-01,3.840994238853454590e-01,3.827629685401916504e-01,9.896254166960716248e-03,9.896254166960716248e-03,1.391426287591457367e-02,1.254088338464498520e-02,7.877232506871223450e-03,7.877232506871223450e-03,9.320599958300590515e-03,8.775049820542335510e-03,5.776065587997436523e-02,5.776065587997436523e-02,5.448473244905471802e-02,6.362201273441314697e-02,7.085230350494384766e-01,7.085230350494384766e-01,6.466937661170959473e-01,6.557151675224304199e-01
2.400000000000000000e+02,1.361931800842285156e+00,1.361931800842285156e+00,1.268406748771667480e+00,1.275270223617553711e+00,1.213777661323547363e+00,1.213777661323547363e+00,1.088403820991516113e+00,1.097659587860107422e+00,4.045387804508209229e-01,4.045387804508209229e-01,3.705820739269256592e-01,3.686782717704772949e-01,1.010420639067888260e-02,1.010420639067888260e-02,1.278454810380935669e-02,1.243115589022636414e-02,7.421930320560932159e-03,7.421930320560932159e-03,8.866181597113609314e-03,8.383907377719879150e-03,6.042569503188133240e-02,6.042569503188133240e-02,5.523863434791564941e-02,6.531518697738647461e-02,7.293266057968139648e-01,7.293266057968139648e-01,6.655037403106689453e-01,6.734030246734619141e-01
2.410000000000000000e+02,1.373642683029174805e+00,1.373642683029174805e+00,1.279455661773681641e+00,1.286189913749694824e+00,1.209157228469848633e+00,1.209157228469848633e+00,1.083510398864746094e+00,1.093525171279907227e+00,3.898187875747680664e-01,3.898187875747680664e-01,3.575345277786254883e-01,3.545047938823699951e-01,1.031695585697889328e-02,1.031695585697889328e-02,1.184747368097305298e-02,1.251189596951007843e-02,6.958106532692909241e-03,6.958106532692909241e-03,8.367568254470825195e-03,7.947029545903205872e-03,6.300476938486099243e-02,6.300476938486099243e-02,5.611336976289749146e-02,6.717366725206375122e-02,7.505440115928649902e-01,7.505440115928649902e-01,6.844298839569091797e-01,6.913723945617675781e-01
2.420000000000000000e+02,1.384742021560668945e+00,1.384742021560668945e+00,1.289784431457519531e+00,1.296463370323181152e+00,1.204179763793945312e+00,1.204179763793945312e+00,1.079699516296386719e+00,1.088773965835571289e+00,3.746274411678314209e-01,3.746274411678314209e-01,3.457789421081542969e-01,3.410886824131011963e-01,1.046356838196516037e-02,1.046356838196516037e-02,1.114203780889511108e-02,1.263956259936094284e-02,6.456112489104270935e-03,6.456112489104270935e-03,7.849600166082382202e-03,7.484373636543750763e-03,6.553265452384948730e-02,6.553265452384948730e-02,5.935915932059288025e-02,7.176756113767623901e-02,7.709411382675170898e-01,7.709411382675170898e-01,7.031881213188171387e-01,7.092531919479370117e-01
2.430000000000000000e+02,1.395219445228576660e+00,1.395219445228576660e+00,1.299644470214843750e+00,1.306273698806762695e+00,1.198584318161010742e+00,1.198584318161010742e+00,1.074931263923645020e+00,1.083693027496337891e+00,3.597946166992187500e-01,3.597946166992187500e-01,3.354284167289733887e-01,3.293675780296325684e-01,1.112761627882719040e-02,1.112761627882719040e-02,1.100273337215185165e-02,1.323573105037212372e-02,6.302026100456714630e-03,6.302026100456714630e-03,7.658099755644798279e-03,7.261824794113636017e-03,6.852060556411743164e-02,6.852060556411743164e-02,6.372749805450439453e-02,7.718920707702636719e-02,7.911922335624694824e-01,7.911922335624694824e-01,7.220956087112426758e-01,7.280033230781555176e-01
2.440000000000000000e+02,1.405074238777160645e+00,1.405074238777160645e+00,1.303178191184997559e+00,1.315445184707641602e+00,1.192909240722656250e+00,1.192909240722656250e+00,1.069566965103149414e+00,1.078489542007446289e+00,3.470029830932617188e-01,3.470029830932617188e-01,3.249298930168151855e-01,3.177468180656433105e-01,1.201756019145250320e-02,1.201756019145250320e-02,1.171646825969219208e-02,1.403634622693061829e-02,6.283069029450416565e-03,6.283069029450416565e-03,7.594396360218524933e-03,7.221681997179985046e-03,7.369946688413619995e-02,7.369946688413619995e-02,6.832879781723022461e-02,8.288677036762237549e-02,8.123002052307128906e-01,8.123002052307128906e-01,7.409090995788574219e-01,7.466918826103210449e-01
2.450000000000000000e+02,1.413725614547729492e+00,1.413725614547729492e+00,1.317524313926696777e+00,1.323969602584838867e+00,1.186601758003234863e+00,1.186601758003234863e+00,1.064084649085998535e+00,1.071900486946105957e+00,3.368733525276184082e-01,3.368733525276184082e-01,3.140613734722137451e-01,3.057105541229248047e-01,1.281736604869365692e-02,1.281736604869365692e-02,1.238112803548574448e-02,1.475370582193136215e-02,6.230937782675027847e-03,6.230937782675027847e-03,7.501329760998487473e-03,7.226915564388036728e-03,8.187273144721984863e-02,8.187273144721984863e-02,7.286017388105392456e-02,8.851823210716247559e-02,8.325627446174621582e-01,8.325627446174621582e-01,7.594476342201232910e-01,7.651128172874450684e-01
2.460000000000000000e+02,1.422193765640258789e+00,1.422193765640258789e+00,1.325568675994873047e+00,1.331931948661804199e+00,1.179417729377746582e+00,1.179417729377746582e+00,1.057494997978210449e+00,1.066150546073913574e+00,3.263375163078308105e-01,3.263375163078308105e-01,3.028359413146972656e-01,2.933155000209808350e-01,1.352715026587247849e-02,1.352715026587247849e-02,1.296514179557561874e-02,1.538750249892473221e-02,6.146921310573816299e-03,6.146921310573816299e-03,7.380185648798942566e-03,7.134612649679183960e-03,8.995167911052703857e-02,8.995167911052703857e-02,7.731636613607406616e-02,9.409959614276885986e-02,8.525000810623168945e-01,8.525000810623168945e-01,7.776967883110046387e-01,7.832505106925964355e-01
2.470000000000000000e+02,1.430795073509216309e+00,1.430795073509216309e+00,1.332901835441589355e+00,1.339369177818298340e+00,1.171454429626464844e+00,1.171454429626464844e+00,1.050566196441650391e+00,1.058223724365234375e+00,3.147332370281219482e-01,3.147332370281219482e-01,2.921084463596343994e-01,2.816688418388366699e-01,1.415613759309053421e-02,1.415613759309053421e-02,1.347458176314830780e-02,1.594084873795509338e-02,6.035970058292150497e-03,6.035970058292150497e-03,7.234271615743637085e-03,6.993156392127275467e-03,9.787029772996902466e-02,9.787029772996902466e-02,8.366982638835906982e-02,1.009671390056610107e-01,8.720711469650268555e-01,8.720711469650268555e-01,7.956589460372924805e-01,8.005563020706176758e-01
2.480000000000000000e+02,1.438053131103515625e+00,1.438053131103515625e+00,1.339766383171081543e+00,1.345939636230468750e+00,1.162993073463439941e+00,1.162993073463439941e+00,1.042968511581420898e+00,1.051308393478393555e+00,3.041465282440185547e-01,3.041465282440185547e-01,2.823047041893005371e-01,2.715572714805603027e-01,1.476106233894824982e-02,1.476106233894824982e-02,1.395097188651561737e-02,1.647236570715904236e-02,5.913305096328258514e-03,5.913305096328258514e-03,7.085034623742103577e-03,6.816653534770011902e-03,1.058171838521957397e-01,1.058171838521957397e-01,9.097801893949508667e-02,1.083969399333000183e-01,8.886688351631164551e-01,8.886688351631164551e-01,8.133043646812438965e-01,8.186320066452026367e-01
2.490000000000000000e+02,1.444638490676879883e+00,1.444638490676879883e+00,1.346002817153930664e+00,1.352265596389770508e+00,1.153607606887817383e+00,1.153607606887817383e+00,1.034755110740661621e+00,1.042975425720214844e+00,2.923745512962341309e-01,2.923745512962341309e-01,2.723119556903839111e-01,2.614045739173889160e-01,1.528508309274911880e-02,1.528508309274911880e-02,1.441380009055137634e-02,1.706054620444774628e-02,5.794288590550422668e-03,5.794288590550422668e-03,6.910109426826238632e-03,6.674467585980892181e-03,1.136392354965209961e-01,1.136392354965209961e-01,9.829299151897430420e-02,1.158294975757598877e-01,9.102742671966552734e-01,9.102742671966552734e-01,8.306743502616882324e-01,8.358147740364074707e-01
2.500000000000000000e+02,1.450542211532592773e+00,1.450542211532592773e+00,1.351566910743713379e+00,1.357684373855590820e+00,1.143865108489990234e+00,1.143865108489990234e+00,1.026009082794189453e+00,1.034090757369995117e+00,2.784183025360107422e-01,2.784183025360107422e-01,2.619995772838592529e-01,2.508696913719177246e-01,1.560613326728343964e-02,1.560613326728343964e-02,1.484441291540861130e-02,1.759091578423976898e-02,5.477495957165956497e-03,5.477495957165956497e-03,6.725250743329524994e-03,6.621703039854764938e-03,1.213796362280845642e-01,1.213796362280845642e-01,1.055591404438018799e-01,1.232213601469993591e-01,9.287491440773010254e-01,9.287491440773010254e-01,8.477269411087036133e-01,8.527002930641174316e-01
2.510000000000000000e+02,1.455749988555908203e+00,1.455749988555908203e+00,1.356355190277099609e+00,1.362618446350097656e+00,1.132473111152648926e+00,1.132473111152648926e+00,1.016528964042663574e+00,1.024645686149597168e+00,2.683674991130828857e-01,2.683674991130828857e-01,2.513829767704010010e-01,2.396739423274993896e-01,1.595905795693397522e-02,1.595905795693397522e-02,1.509785745292901993e-02,1.806297525763511658e-02,5.253738723695278168e-03,5.253738723695278168e-03,6.542510818690061569e-03,6.536866072565317154e-03,1.289477348327636719e-01,1.289477348327636719e-01,1.126677542924880981e-01,1.304927915334701538e-01,9.467762708663940430e-01,9.467762708663940430e-01,8.643916845321655273e-01,8.691741824150085449e-01
2.520000000000000000e+02,1.460280179977416992e+00,1.460280179977416992e+00,1.360607385635375977e+00,1.366702318191528320e+00,1.122243165969848633e+00,1.122243165969848633e+00,1.006709575653076172e+00,1.012540936470031738e+00,2.558959126472473145e-01,2.558959126472473145e-01,2.404769957065582275e-01,2.289043068885803223e-01,1.649081893265247345e-02,1.649081893265247345e-02,1.548949070274829865e-02,1.846731267869472504e-02,5.179761908948421478e-03,5.179761908948421478e-03,6.358630023896694183e-03,6.447109859436750412e-03,1.363587528467178345e-01,1.363587528467178345e-01,1.196368858218193054e-01,1.376218050718307495e-01,9.645298123359680176e-01,9.645298123359680176e-01,8.806466460227966309e-01,8.853261470794677734e-01
2.530000000000000000e+02,1.464102149009704590e+00,1.464102149009704590e+00,1.364211440086364746e+00,1.370352506637573242e+00,1.110621452331542969e+00,1.110621452331542969e+00,9.962581396102905273e-01,1.004036903381347656e+00,2.429470270872116089e-01,2.429470270872116089e-01,2.290780097246170044e-01,2.175026535987854004e-01,1.680155098438262939e-02,1.680155098438262939e-02,1.567426137626171112e-02,1.880546659231185913e-02,5.046304315328598022e-03,5.046304315328598022e-03,6.164394319057464600e-03,6.343262735754251480e-03,1.434761136770248413e-01,1.434761136770248413e-01,1.259558796882629395e-01,1.446029543876647949e-01,9.818152189254760742e-01,9.818152189254760742e-01,8.964823484420776367e-01,9.009913206100463867e-01
2.540000000000000000e+02,1.467014312744140625e+00,1.467014312744140625e+00,1.367157101631164551e+00,1.373221993446350098e+00,1.098325371742248535e+00,1.098325371742248535e+00,9.854708313941955566e-01,9.928946495056152344e-01,2.298510074615478516e-01,2.298510074615478516e-01,2.173688709735870361e-01,2.058380246162414551e-01,1.715743541717529297e-02,1.715743541717529297e-02,1.582473516464233398e-02,1.915079727768898010e-02,4.773264750838279724e-03,4.773264750838279724e-03,5.959967151284217834e-03,6.221362389624118805e-03,1.506792455911636353e-01,1.506792455911636353e-01,1.329736113548278809e-01,1.514089852571487427e-01,9.986754655838012695e-01,9.986754655838012695e-01,9.119464159011840820e-01,9.160404801368713379e-01
2.550000000000000000e+02,1.469628334045410156e+00,1.469628334045410156e+00,1.369574308395385742e+00,1.375441551208496094e+00,1.085383772850036621e+00,1.085383772850036621e+00,9.740908145904541016e-01,9.813010692596435547e-01,2.164717465639114380e-01,2.164717465639114380e-01,2.075011283159255981e-01,1.949912309646606445e-01,1.757086068391799927e-02,1.757086068391799927e-02,1.618051715195178986e-02,1.952749677002429962e-02,4.687291104346513748e-03,4.687291104346513748e-03,5.712703336030244827e-03,6.138214841485023499e-03,1.576252430677413940e-01,1.576252430677413940e-01,1.399946212768554688e-01,1.583977341651916504e-01,1.015144228935241699e+00,1.015144228935241699e+00,9.270588159561157227e-01,9.312134981155395508e-01
2.560000000000000000e+02,1.471135616302490234e+00,1.471135616302490234e+00,1.371210217475891113e+00,1.377015709877014160e+00,1.072142958641052246e+00,1.072142958641052246e+00,9.623116254806518555e-01,9.692943096160888672e-01,2.030760347843170166e-01,2.030760347843170166e-01,1.985941082239151001e-01,1.858376711606979370e-01,1.773521862924098969e-02,1.773521862924098969e-02,1.648844406008720398e-02,1.995840109884738922e-02,4.520846530795097351e-03,4.520846530795097351e-03,5.587165709584951401e-03,6.182193756103515625e-03,1.644765138626098633e-01,1.644765138626098633e-01,1.490002721548080444e-01,1.677989512681961060e-01,1.027179956436157227e+00,1.027179956436157227e+00,9.417451024055480957e-01,9.455438852310180664e-01
2.570000000000000000e+02,1.472316741943359375e+00,1.472316741943359375e+00,1.372182369232177734e+00,1.377923011779785156e+00,1.058056592941284180e+00,1.058056592941284180e+00,9.500575661659240723e-01,9.567954540252685547e-01,1.897192597389221191e-01,1.897192597389221191e-01,1.892864704132080078e-01,1.760932505130767822e-01,1.797368563711643219e-02,1.797368563711643219e-02,1.647618226706981659e-02,2.032822929322719574e-02,4.321838263422250748e-03,4.321838263422250748e-03,5.554094910621643066e-03,6.170466076582670212e-03,1.715921908617019653e-01,1.715921908617019653e-01,1.578580886125564575e-01,1.770427674055099487e-01,1.046194672584533691e+00,1.046194672584533691e+00,9.559427499771118164e-01,9.595029354095458984e-01
2.580000000000000000e+02,1.471550941467285156e+00,1.471550941467285156e+00,1.372479915618896484e+00,1.378156423568725586e+00,1.043768525123596191e+00,1.043768525123596191e+00,9.373320341110229492e-01,9.439306259155273438e-01,1.760503649711608887e-01,1.760503649711608887e-01,1.809426844120025635e-01,1.671393215656280518e-01,1.826086081564426422e-02,1.826086081564426422e-02,1.660616882145404816e-02,2.060955204069614410e-02,4.118750337511301041e-03,4.118750337511301041e-03,5.444490816444158554e-03,6.174159236252307892e-03,1.783433556556701660e-01,1.783433556556701660e-01,1.662614196538925171e-01,1.863429844379425049e-01,1.060841202735900879e+00,1.060841202735900879e+00,9.696125388145446777e-01,9.729691147804260254e-01
2.590000000000000000e+02,1.471412181854248047e+00,1.471412181854248047e+00,1.372164964675903320e+00,1.377765655517578125e+00,1.030185937881469727e+00,1.030185937881469727e+00,9.241721034049987793e-01,9.318429231643676758e-01,1.641415506601333618e-01,1.641415506601333618e-01,1.759870201349258423e-01,1.618947386741638184e-01,1.977859623730182648e-02,1.977859623730182648e-02,1.797375828027725220e-02,2.210406959056854248e-02,3.983673173934221268e-03,3.983673173934221268e-03,5.434102844446897507e-03,6.315564736723899841e-03,1.850367039442062378e-01,1.850367039442062378e-01,1.780424416065216064e-01,1.978202760219573975e-01,1.075163960456848145e+00,1.075163960456848145e+00,9.828554987907409668e-01,9.860488772392272949e-01
2.600000000000000000e+02,1.471135616302490234e+00,1.471135616302490234e+00,1.371234655380249023e+00,1.376958131790161133e+00,1.017369985580444336e+00,1.017369985580444336e+00,9.138755798339843750e-01,9.203231334686279297e-01,1.598254442214965820e-01,1.598254442214965820e-01,1.721321195363998413e-01,1.577753722667694092e-01,2.231624349951744080e-02,2.231624349951744080e-02,2.016586624085903168e-02,2.454199455678462982e-02,4.094296600669622421e-03,4.094296600669622421e-03,5.495896097272634506e-03,6.504183635115623474e-03,1.978356838226318359e-01,1.978356838226318359e-01,1.894761323928833008e-01,2.097560018301010132e-01,1.089305281639099121e+00,1.089305281639099121e+00,9.956508874893188477e-01,9.972487092018127441e-01
2.610000000000000000e+02,1.469473242759704590e+00,1.469473242759704590e+00,1.369685411453247070e+00,1.375414848327636719e+00,1.005087375640869141e+00,1.005087375640869141e+00,9.026692509651184082e-01,9.091841578483581543e-01,1.563690155744552612e-01,1.563690155744552612e-01,1.688784956932067871e-01,1.540902107954025269e-01,2.548263594508171082e-02,2.548263594508171082e-02,2.268681302666664124e-02,2.740284800529479980e-02,4.314942751079797745e-03,4.314942751079797745e-03,5.575749091804027557e-03,6.689338013529777527e-03,2.105874717235565186e-01,2.105874717235565186e-01,2.006525993347167969e-01,2.215438187122344971e-01,1.102488994598388672e+00,1.102488994598388672e+00,1.007888793945312500e+00,1.010987758636474609e+00
2.620000000000000000e+02,1.467395901679992676e+00,1.467395901679992676e+00,1.364983916282653809e+00,1.373530983924865723e+00,9.942784309387207031e-01,9.942784309387207031e-01,8.928322196006774902e-01,8.990387320518493652e-01,1.602039635181427002e-01,1.602039635181427002e-01,1.679015606641769409e-01,1.531700193881988525e-01,3.030333481729030609e-02,3.030333481729030609e-02,2.669859118759632111e-02,3.184721246361732483e-02,4.603361710906028748e-03,4.603361710906028748e-03,5.755132064223289490e-03,6.942068692296743393e-03,2.279476672410964966e-01,2.279476672410964966e-01,2.117329835891723633e-01,2.330295592546463013e-01,1.115798711776733398e+00,1.115798711776733398e+00,1.019642353057861328e+00,1.022524237632751465e+00
2.630000000000000000e+02,1.464750528335571289e+00,1.464750528335571289e+00,1.365007638931274414e+00,1.371267199516296387e+00,9.832099676132202148e-01,9.832099676132202148e-01,8.827303647994995117e-01,8.896740078926086426e-01,1.652648597955703735e-01,1.652648597955703735e-01,1.667270958423614502e-01,1.508584171533584595e-01,3.478198125958442688e-02,3.478198125958442688e-02,3.035842813551425934e-02,3.605055809020996094e-02,4.886410199105739594e-03,4.886410199105739594e-03,5.907428916543722153e-03,7.192125543951988220e-03,2.464712113142013550e-01,2.464712113142013550e-01,2.225534915924072266e-01,2.442891150712966919e-01,1.127667307853698730e+00,1.127667307853698730e+00,1.030816316604614258e+00,1.033543825149536133e+00
2.640000000000000000e+02,1.461616039276123047e+00,1.461616039276123047e+00,1.361837387084960938e+00,1.368517041206359863e+00,9.718747138977050781e-01,9.718747138977050781e-01,8.723515868186950684e-01,8.786248564720153809e-01,1.701242178678512573e-01,1.701242178678512573e-01,1.666249632835388184e-01,1.517039239406585693e-01,3.898351639509201050e-02,3.898351639509201050e-02,3.384435549378395081e-02,4.003633558750152588e-02,5.148079246282577515e-03,5.148079246282577515e-03,6.043779198080301285e-03,7.418463472276926041e-03,2.646939456462860107e-01,2.646939456462860107e-01,2.355895638465881348e-01,2.574752569198608398e-01,1.139136552810668945e+00,1.139136552810668945e+00,1.041269302368164062e+00,1.043965458869934082e+00
2.650000000000000000e+02,1.458194971084594727e+00,1.458194971084594727e+00,1.358514904975891113e+00,1.365310907363891602e+00,9.589983224868774414e-01,9.589983224868774414e-01,8.617001771926879883e-01,8.691020011901855469e-01,1.747763454914093018e-01,1.747763454914093018e-01,1.680650264024734497e-01,1.532913446426391602e-01,4.290569946169853210e-02,4.290569946169853210e-02,3.726463019847869873e-02,4.378234967589378357e-02,5.329810548573732376e-03,5.329810548573732376e-03,6.247716024518013000e-03,7.656104397028684616e-03,2.825942039489746094e-01,2.825942039489746094e-01,2.500645518302917480e-01,2.720254361629486084e-01,1.150244116783142090e+00,1.150244116783142090e+00,1.051328539848327637e+00,1.053753495216369629e+00
2.660000000000000000e+02,1.454193830490112305e+00,1.454193830490112305e+00,1.354466557502746582e+00,1.361438393592834473e+00,9.483318328857421875e-01,9.483318328857421875e-01,8.510348796844482422e-01,8.585471510887145996e-01,1.792154908180236816e-01,1.792154908180236816e-01,1.716642081737518311e-01,1.570632755756378174e-01,4.652300104498863220e-02,4.652300104498863220e-02,4.042465984821319580e-02,4.725556820631027222e-02,5.570414941757917404e-03,5.570414941757917404e-03,6.438162643462419510e-03,7.871924899518489838e-03,3.001459240913391113e-01,3.001459240913391113e-01,2.651612758636474609e-01,2.877749800682067871e-01,1.160312891006469727e+00,1.160312891006469727e+00,1.060618162155151367e+00,1.062888979911804199e+00
2.670000000000000000e+02,1.449584722518920898e+00,1.449584722518920898e+00,1.350208759307861328e+00,1.357202649116516113e+00,9.361830353736877441e-01,9.361830353736877441e-01,8.400561213493347168e-01,8.477439880371093750e-01,1.834363788366317749e-01,1.834363788366317749e-01,1.750442385673522949e-01,1.606451570987701416e-01,4.984661191701889038e-02,4.984661191701889038e-02,4.329938441514968872e-02,5.049072578549385071e-02,5.737533792853355408e-03,5.737533792853355408e-03,6.551097147166728973e-03,8.025243878364562988e-03,3.173405230045318604e-01,3.173405230045318604e-01,2.811040878295898438e-01,3.031878769397735596e-01,1.169661998748779297e+00,1.169661998748779297e+00,1.069250702857971191e+00,1.071398735046386719e+00
2.680000000000000000e+02,1.444855690002441406e+00,1.444855690002441406e+00,1.345521569252014160e+00,1.353140711784362793e+00,9.238002300262451172e-01,9.238002300262451172e-01,8.267954587936401367e-01,8.368121981620788574e-01,1.874338686466217041e-01,1.874338686466217041e-01,1.782401353120803833e-01,1.638041585683822632e-01,5.286689102649688721e-02,5.286689102649688721e-02,4.590387642383575439e-02,5.349805578589439392e-02,5.875005852431058884e-03,5.875005852431058884e-03,6.685964297503232956e-03,8.268969133496284485e-03,3.341446518898010254e-01,3.341446518898010254e-01,2.961552739143371582e-01,3.182862401008605957e-01,1.177991628646850586e+00,1.177991628646850586e+00,1.077310681343078613e+00,1.079210042953491211e+00
2.690000000000000000e+02,1.439437866210937500e+00,1.439437866210937500e+00,1.340440869331359863e+00,1.348107218742370605e+00,9.111735224723815918e-01,9.111735224723815918e-01,8.178938627243041992e-01,8.257340788841247559e-01,1.912029236555099487e-01,1.912029236555099487e-01,1.811676323413848877e-01,1.676868051290512085e-01,5.559310317039489746e-02,5.559310317039489746e-02,4.599904268980026245e-02,5.629377439618110657e-02,5.983266048133373260e-03,5.983266048133373260e-03,7.040421944111585617e-03,8.737415075302124023e-03,3.505413234233856201e-01,3.505413234233856201e-01,3.109625577926635742e-01,3.329533934593200684e-01,1.186152219772338867e+00,1.186152219772338867e+00,1.084705233573913574e+00,1.086485385894775391e+00
2.700000000000000000e+02,1.433734178543090820e+00,1.433734178543090820e+00,1.334934592247009277e+00,1.341802358627319336e+00,8.983531594276428223e-01,8.983531594276428223e-01,8.064032196998596191e-01,8.144169449806213379e-01,1.913318783044815063e-01,1.913318783044815063e-01,1.841488033533096313e-01,1.718688309192657471e-01,5.815843865275382996e-02,5.815843865275382996e-02,5.035841092467308044e-02,5.879703164100646973e-02,6.070306524634361267e-03,6.070306524634361267e-03,7.331597618758678436e-03,9.106265380978584290e-03,3.658798038959503174e-01,3.658798038959503174e-01,3.260938525199890137e-01,3.474930524826049805e-01,1.193421363830566406e+00,1.193421363830566406e+00,1.091416120529174805e+00,1.093079328536987305e+00
2.710000000000000000e+02,1.427524328231811523e+00,1.427524328231811523e+00,1.326433777809143066e+00,1.337261438369750977e+00,8.844341039657592773e-01,8.844341039657592773e-01,7.948274612426757812e-01,8.032803535461425781e-01,1.980378180742263794e-01,1.980378180742263794e-01,1.868820339441299438e-01,1.758257597684860229e-01,6.054168939590454102e-02,6.054168939590454102e-02,5.222303420305252075e-02,6.103697419166564941e-02,6.392687093466520309e-03,6.392687093466520309e-03,7.686116732656955719e-03,9.645064361393451691e-03,3.820337951183319092e-01,3.820337951183319092e-01,3.412120044231414795e-01,3.615705966949462891e-01,1.200047254562377930e+00,1.200047254562377930e+00,1.097394824028015137e+00,1.098953366279602051e+00
2.720000000000000000e+02,1.420891523361206055e+00,1.420891523361206055e+00,1.322914242744445801e+00,1.331169366836547852e+00,8.732594251632690430e-01,8.732594251632690430e-01,7.838343381881713867e-01,7.917010188102722168e-01,2.010953873395919800e-01,2.010953873395919800e-01,1.895332783460617065e-01,1.799343824386596680e-01,6.252229213714599609e-02,6.252229213714599609e-02,5.382350087165832520e-02,6.301628798246383667e-02,7.127485703676939011e-03,7.127485703676939011e-03,7.943021133542060852e-03,1.006425358355045319e-02,3.970913589000701904e-01,3.970913589000701904e-01,3.562352657318115234e-01,3.754308819770812988e-01,1.205932140350341797e+00,1.205932140350341797e+00,1.102794766426086426e+00,1.104022502899169922e+00
2.730000000000000000e+02,1.413819670677185059e+00,1.413819670677185059e+00,1.314856529235839844e+00,1.324344038963317871e+00,8.606581687927246094e-01,8.606581687927246094e-01,7.722821235656738281e-01,7.804198861122131348e-01,2.039079666137695312e-01,2.039079666137695312e-01,1.919668614864349365e-01,1.837208271026611328e-01,6.431429833173751831e-02,6.431429833173751831e-02,5.521384254097938538e-02,6.475205719470977783e-02,7.830973714590072632e-03,7.830973714590072632e-03,8.226148784160614014e-03,1.059659291058778763e-02,4.116654992103576660e-01,4.116654992103576660e-01,3.704077005386352539e-01,3.887548446655273438e-01,1.211038351058959961e+00,1.211038351058959961e+00,1.107495903968811035e+00,1.108776330947875977e+00
2.740000000000000000e+02,1.406381845474243164e+00,1.406381845474243164e+00,1.309162735939025879e+00,1.317373633384704590e+00,8.479023575782775879e-01,8.479023575782775879e-01,7.603827118873596191e-01,7.689858675003051758e-01,2.064721137285232544e-01,2.064721137285232544e-01,1.941776573657989502e-01,1.872918903827667236e-01,6.588232517242431641e-02,6.588232517242431641e-02,5.634825676679611206e-02,6.623675674200057983e-02,8.478601463139057159e-03,8.478601463139057159e-03,8.860377594828605652e-03,1.127467118203639984e-02,4.256213903427124023e-01,4.256213903427124023e-01,3.847324252128601074e-01,4.016383886337280273e-01,1.215384483337402344e+00,1.215384483337402344e+00,1.111519217491149902e+00,1.112247109413146973e+00
2.750000000000000000e+02,1.398017764091491699e+00,1.398017764091491699e+00,1.301743984222412109e+00,1.310602188110351562e+00,8.349931836128234863e-01,8.349931836128234863e-01,7.490833997726440430e-01,7.575210928916931152e-01,2.087846994400024414e-01,2.087846994400024414e-01,1.958504319190979004e-01,1.906306892633438110e-01,6.704087555408477783e-02,6.704087555408477783e-02,5.721632391214370728e-02,6.744600087404251099e-02,9.066173806786537170e-03,9.066173806786537170e-03,9.389147162437438965e-03,1.194732449948787689e-02,4.392912089824676514e-01,4.392912089824676514e-01,3.982931673526763916e-01,4.137963056564331055e-01,1.218893766403198242e+00,1.218893766403198242e+00,1.114824652671813965e+00,1.115530014038085938e+00
2.760000000000000000e+02,1.390297174453735352e+00,1.390297174453735352e+00,1.293985366821289062e+00,1.303009033203125000e+00,8.210505843162536621e-01,8.210505843162536621e-01,7.375001311302185059e-01,7.459256052970886230e-01,2.108429074287414551e-01,2.108429074287414551e-01,1.983168423175811768e-01,1.945814639329910278e-01,6.788555532693862915e-02,6.788555532693862915e-02,5.794506147503852844e-02,6.846504658460617065e-02,9.603178128600120544e-03,9.603178128600120544e-03,9.943234734237194061e-03,1.257290039211511612e-02,4.523095488548278809e-01,4.523095488548278809e-01,4.119243621826171875e-01,4.263274371623992920e-01,1.221704721450805664e+00,1.221704721450805664e+00,1.117432475090026855e+00,1.118399739265441895e+00
2.770000000000000000e+02,1.381682872772216797e+00,1.381682872772216797e+00,1.285750389099121094e+00,1.294687271118164062e+00,8.086677789688110352e-01,8.086677789688110352e-01,7.250584363937377930e-01,7.341284751892089844e-01,2.126442790031433105e-01,2.126442790031433105e-01,2.008002400398254395e-01,1.988130211830139160e-01,6.841535866260528564e-02,6.841535866260528564e-02,5.841724574565887451e-02,6.925475597381591797e-02,1.006226241588592529e-02,1.006226241588592529e-02,1.040415652096271515e-02,1.313842460513114929e-02,4.647768139839172363e-01,4.647768139839172363e-01,4.255955815315246582e-01,4.379147291183471680e-01,1.223681926727294922e+00,1.223681926727294922e+00,1.119472503662109375e+00,1.120249390602111816e+00
2.780000000000000000e+02,1.372702240943908691e+00,1.372702240943908691e+00,1.277366995811462402e+00,1.286758184432983398e+00,7.954500913619995117e-01,7.954500913619995117e-01,7.149096727371215820e-01,7.229315638542175293e-01,2.141812443733215332e-01,2.141812443733215332e-01,2.030986398458480835e-01,2.031912803649902344e-01,6.862962990999221802e-02,6.862962990999221802e-02,5.868619680404663086e-02,6.977251172065734863e-02,1.040667481720447540e-02,1.040667481720447540e-02,1.110993232578039169e-02,1.430467702448368073e-02,4.766475558280944824e-01,4.766475558280944824e-01,4.394235610961914062e-01,4.502266943454742432e-01,1.224886298179626465e+00,1.224886298179626465e+00,1.120760679244995117e+00,1.121388912200927734e+00
2.790000000000000000e+02,1.362334966659545898e+00,1.362334966659545898e+00,1.268305301666259766e+00,1.278119683265686035e+00,7.821050882339477539e-01,7.821050882339477539e-01,7.039616703987121582e-01,7.114259600639343262e-01,2.167803347110748291e-01,2.167803347110748291e-01,2.052092552185058594e-01,2.073604911565780640e-01,6.852809339761734009e-02,6.852809339761734009e-02,5.864438414573669434e-02,7.000193744897842407e-02,1.084009185433387756e-02,1.084009185433387756e-02,1.198827847838401794e-02,1.579682528972625732e-02,4.893395304679870605e-01,4.893395304679870605e-01,4.527320265769958496e-01,4.618233144283294678e-01,1.225286245346069336e+00,1.225286245346069336e+00,1.115854620933532715e+00,1.122026324272155762e+00
2.800000000000000000e+02,1.353696584701538086e+00,1.353696584701538086e+00,1.258643031120300293e+00,1.269154191017150879e+00,7.696766853332519531e-01,7.696766853332519531e-01,6.937515735626220703e-01,7.010301351547241211e-01,2.219264209270477295e-01,2.219264209270477295e-01,2.082414329051971436e-01,2.124680131673812866e-01,6.902045756578445435e-02,6.902045756578445435e-02,5.900666117668151855e-02,7.078401744365692139e-02,1.116877514868974686e-02,1.116877514868974686e-02,1.284097693860530853e-02,1.722550950944423676e-02,5.029488205909729004e-01,5.029488205909729004e-01,4.655429422855377197e-01,4.727523028850555420e-01,1.224928617477416992e+00,1.224928617477416992e+00,1.121200680732727051e+00,1.121934294700622559e+00
2.810000000000000000e+02,1.343723297119140625e+00,1.343723297119140625e+00,1.250058174133300781e+00,1.259882330894470215e+00,7.520913481712341309e-01,7.520913481712341309e-01,6.836929917335510254e-01,6.905966997146606445e-01,2.272233814001083374e-01,2.272233814001083374e-01,2.113492339849472046e-01,2.176476866006851196e-01,6.963430345058441162e-02,6.963430345058441162e-02,5.957253649830818176e-02,7.146432995796203613e-02,1.144629530608654022e-02,1.144629530608654022e-02,1.362340804189443588e-02,1.858938112854957581e-02,5.160217881202697754e-01,5.160217881202697754e-01,4.778105020523071289e-01,4.831364154815673828e-01,1.224015951156616211e+00,1.224015951156616211e+00,1.120357513427734375e+00,1.120691537857055664e+00
2.820000000000000000e+02,1.333518981933593750e+00,1.333518981933593750e+00,1.240437150001525879e+00,1.250427007675170898e+00,7.457258105278015137e-01,7.457258105278015137e-01,6.741345524787902832e-01,6.806395649909973145e-01,2.343049347400665283e-01,2.343049347400665283e-01,2.149050086736679077e-01,2.232319861650466919e-01,7.062977552413940430e-02,7.062977552413940430e-02,6.017097085714340210e-02,7.227927446365356445e-02,1.184549927711486816e-02,1.184549927711486816e-02,1.438077166676521301e-02,1.989902928471565247e-02,5.298482179641723633e-01,5.298482179641723633e-01,4.895578324794769287e-01,4.929172396659851074e-01,1.222563982009887695e+00,1.222563982009887695e+00,1.118910193443298340e+00,1.119534492492675781e+00
2.830000000000000000e+02,1.323131203651428223e+00,1.323131203651428223e+00,1.230674386024475098e+00,1.240878105163574219e+00,7.365593314170837402e-01,7.365593314170837402e-01,6.651690602302551270e-01,6.713111996650695801e-01,2.420574426651000977e-01,2.420574426651000977e-01,2.196521013975143433e-01,2.297278046607971191e-01,7.191208750009536743e-02,7.191208750009536743e-02,6.103640794754028320e-02,7.327619194984436035e-02,1.395032368600368500e-02,1.395032368600368500e-02,1.511527877300977707e-02,2.116842195391654968e-02,5.431442260742187500e-01,5.431442260742187500e-01,5.013401508331298828e-01,5.031599998474121094e-01,1.220402359962463379e+00,1.220402359962463379e+00,1.116742610931396484e+00,1.117334842681884766e+00
2.840000000000000000e+02,1.312507867813110352e+00,1.312507867813110352e+00,1.220732450485229492e+00,1.231034874916076660e+00,7.273781299591064453e-01,7.273781299591064453e-01,6.560898423194885254e-01,6.615726947784423828e-01,2.495294213294982910e-01,2.495294213294982910e-01,2.244988977909088135e-01,2.361935824155807495e-01,7.281873375177383423e-02,7.281873375177383423e-02,6.156297400593757629e-02,7.383421063423156738e-02,1.601514965295791626e-02,1.601514965295791626e-02,1.576812565326690674e-02,2.223078534007072449e-02,5.557864904403686523e-01,5.557864904403686523e-01,5.125765204429626465e-01,5.129915475845336914e-01,1.217473506927490234e+00,1.217473506927490234e+00,1.113732576370239258e+00,1.114159345626831055e+00
2.850000000000000000e+02,1.301754832267761230e+00,1.301754832267761230e+00,1.210598945617675781e+00,1.219388008117675781e+00,7.184642553329467773e-01,7.184642553329467773e-01,6.473295688629150391e-01,6.527233719825744629e-01,2.567274868488311768e-01,2.567274868488311768e-01,2.290747910737991333e-01,2.423595041036605835e-01,7.333926856517791748e-02,7.333926856517791748e-02,6.205965951085090637e-02,7.453554868698120117e-02,1.794339902698993683e-02,1.794339902698993683e-02,1.642790064215660095e-02,2.346861734986305237e-02,5.676212310791015625e-01,5.676212310791015625e-01,5.232154726982116699e-01,5.221154093742370605e-01,1.213777780532836914e+00,1.213777780532836914e+00,1.110266208648681641e+00,1.111027479171752930e+00
2.860000000000000000e+02,1.290715813636779785e+00,1.290715813636779785e+00,1.200401663780212402e+00,1.210816264152526855e+00,7.096126675605773926e-01,7.096126675605773926e-01,6.394189596176147461e-01,6.442502140998840332e-01,2.640168666839599609e-01,2.640168666839599609e-01,2.340676784515380859e-01,2.487476617097854614e-01,7.369448989629745483e-02,7.369448989629745483e-02,6.271121650934219360e-02,7.504621893167495728e-02,1.977668143808841705e-02,1.977668143808841705e-02,1.718163676559925079e-02,2.471741475164890289e-02,5.792624354362487793e-01,5.792624354362487793e-01,5.336649417877197266e-01,5.312994122505187988e-01,1.209354996681213379e+00,1.209354996681213379e+00,1.106519818305969238e+00,1.107355713844299316e+00
2.870000000000000000e+02,1.279725790023803711e+00,1.279725790023803711e+00,1.190094828605651855e+00,1.200500011444091797e+00,7.009469866752624512e-01,7.009469866752624512e-01,6.329264640808105469e-01,6.367691755294799805e-01,2.711523473262786865e-01,2.711523473262786865e-01,2.394284307956695557e-01,2.551222741603851318e-01,7.378012686967849731e-02,7.378012686967849731e-02,6.329902261495590210e-02,7.545415312051773071e-02,2.150336094200611115e-02,2.150336094200611115e-02,1.959743350744247437e-02,2.788195945322513580e-02,5.899366140365600586e-01,5.899366140365600586e-01,5.435209274291992188e-01,5.400242209434509277e-01,1.204179644584655762e+00,1.204179644584655762e+00,1.102329969406127930e+00,1.103029727935791016e+00
2.880000000000000000e+02,1.268421769142150879e+00,1.268421769142150879e+00,1.179706692695617676e+00,1.190046787261962891e+00,6.923310160636901855e-01,6.923310160636901855e-01,6.273098587989807129e-01,6.302067637443542480e-01,2.779722809791564941e-01,2.779722809791564941e-01,2.446523159742355347e-01,2.612023055553436279e-01,7.405062019824981689e-02,7.405062019824981689e-02,6.355720013380050659e-02,7.549026608467102051e-02,2.309337072074413300e-02,2.309337072074413300e-02,2.228877693414688110e-02,3.113187849521636963e-02,5.996224880218505859e-01,5.996224880218505859e-01,5.527262687683105469e-01,5.490257143974304199e-01,1.198832750320434570e+00,1.198832750320434570e+00,1.097290277481079102e+00,1.097995281219482422e+00
2.890000000000000000e+02,1.257166862487792969e+00,1.257166862487792969e+00,1.169007539749145508e+00,1.179467916488647461e+00,6.852087378501892090e-01,6.852087378501892090e-01,6.214962601661682129e-01,6.237210631370544434e-01,2.844486236572265625e-01,2.844486236572265625e-01,2.503729164600372314e-01,2.669785618782043457e-01,7.426392287015914917e-02,7.426392287015914917e-02,6.344543397426605225e-02,7.516860961914062500e-02,2.597381919622421265e-02,2.597381919622421265e-02,2.488567680120468140e-02,3.430561348795890808e-02,6.094183325767517090e-01,6.094183325767517090e-01,5.612638592720031738e-01,5.574184656143188477e-01,1.193075418472290039e+00,1.193075418472290039e+00,1.091587543487548828e+00,1.092464327812194824e+00
2.900000000000000000e+02,1.245856404304504395e+00,1.245856404304504395e+00,1.158646941184997559e+00,1.167980551719665527e+00,6.802374124526977539e-01,6.802374124526977539e-01,6.154797077178955078e-01,6.172346472740173340e-01,2.905787825584411621e-01,2.905787825584411621e-01,2.558276355266571045e-01,2.724435925483703613e-01,7.409817725419998169e-02,7.409817725419998169e-02,6.305142492055892944e-02,7.451261579990386963e-02,3.079056739807128906e-02,3.079056739807128906e-02,2.731780335307121277e-02,3.729164227843284607e-02,6.180033087730407715e-01,6.180033087730407715e-01,5.691252946853637695e-01,5.651369094848632812e-01,1.186197757720947266e+00,1.186197757720947266e+00,1.061520457267761230e+00,1.086153507232666016e+00
2.910000000000000000e+02,1.234408617019653320e+00,1.234408617019653320e+00,1.147975564002990723e+00,1.157990813255310059e+00,6.752249598503112793e-01,6.752249598503112793e-01,6.099120378494262695e-01,6.107873916625976562e-01,2.963610887527465820e-01,2.963610887527465820e-01,2.609733939170837402e-01,2.775932848453521729e-01,7.358260452747344971e-02,7.358260452747344971e-02,6.251070648431777954e-02,7.383941113948822021e-02,3.533612936735153198e-02,3.533612936735153198e-02,2.958594821393489838e-02,4.009453207254409790e-02,6.258365511894226074e-01,6.258365511894226074e-01,5.763055086135864258e-01,5.721755027770996094e-01,1.178860545158386230e+00,1.178860545158386230e+00,1.078651309013366699e+00,1.079632759094238281e+00
2.920000000000000000e+02,1.222648382186889648e+00,1.222648382186889648e+00,1.137221336364746094e+00,1.147153139114379883e+00,6.695904731750488281e-01,6.695904731750488281e-01,6.047024726867675781e-01,6.050953865051269531e-01,3.017939329147338867e-01,3.017939329147338867e-01,2.658026218414306641e-01,2.824209332466125488e-01,7.269711792469024658e-02,7.269711792469024658e-02,6.185586005449295044e-02,7.307682931423187256e-02,3.960189223289489746e-02,3.960189223289489746e-02,3.295158222317695618e-02,4.359517619013786316e-02,6.329132318496704102e-01,6.329132318496704102e-01,5.828232765197753906e-01,5.785478353500366211e-01,1.171544432640075684e+00,1.171544432640075684e+00,1.071654319763183594e+00,1.072457075119018555e+00
2.930000000000000000e+02,1.211266398429870605e+00,1.211266398429870605e+00,1.126507639884948730e+00,1.136247515678405762e+00,6.650977134704589844e-01,6.650977134704589844e-01,6.002023816108703613e-01,6.003211140632629395e-01,3.069255948066711426e-01,3.069255948066711426e-01,2.703589797019958496e-01,2.869520485401153564e-01,7.147242873907089233e-02,7.147242873907089233e-02,6.092724576592445374e-02,7.201807945966720581e-02,4.359464347362518311e-02,4.359464347362518311e-02,3.678954765200614929e-02,4.726802185177803040e-02,6.389804482460021973e-01,6.389804482460021973e-01,5.886614322662353516e-01,5.842623710632324219e-01,1.163010239601135254e+00,1.163010239601135254e+00,1.063965082168579102e+00,1.064714670181274414e+00
2.940000000000000000e+02,1.199532270431518555e+00,1.199532270431518555e+00,1.115792155265808105e+00,1.125312089920043945e+00,6.600028872489929199e-01,6.600028872489929199e-01,5.963461399078369141e-01,5.963948965072631836e-01,3.120096325874328613e-01,3.120096325874328613e-01,2.751012146472930908e-01,2.915007472038269043e-01,7.010101526975631714e-02,7.010101526975631714e-02,6.001688539981842041e-02,7.068951427936553955e-02,4.737905785441398621e-02,4.737905785441398621e-02,4.050404205918312073e-02,5.079486593604087830e-02,6.449477672576904297e-01,6.449477672576904297e-01,5.939651131629943848e-01,5.893266201019287109e-01,1.153832435607910156e+00,1.153832435607910156e+00,1.055654644966125488e+00,1.056366324424743652e+00
2.950000000000000000e+02,1.188038349151611328e+00,1.188038349151611328e+00,1.105180978775024414e+00,1.114144921302795410e+00,6.517302989959716797e-01,6.517302989959716797e-01,5.923880338668823242e-01,5.920947790145874023e-01,3.165053725242614746e-01,3.165053725242614746e-01,2.796235382556915283e-01,2.957497835159301758e-01,6.834410130977630615e-02,6.834410130977630615e-02,5.627944320440292358e-02,6.903664767742156982e-02,5.090300366282463074e-02,5.090300366282463074e-02,4.397339373826980591e-02,5.412641912698745728e-02,6.498304605484008789e-01,6.498304605484008789e-01,5.986613631248474121e-01,5.937574505805969238e-01,1.143986582756042480e+00,1.143986582756042480e+00,1.035757303237915039e+00,1.047376990318298340e+00
2.960000000000000000e+02,1.176084518432617188e+00,1.176084518432617188e+00,1.094097256660461426e+00,1.103130936622619629e+00,6.504170894622802734e-01,6.504170894622802734e-01,5.884141921997070312e-01,5.873613357543945312e-01,3.208720088005065918e-01,3.208720088005065918e-01,2.835711240768432617e-01,2.996812164783477783e-01,6.628532707691192627e-02,6.628532707691192627e-02,5.729737505316734314e-02,6.704145669937133789e-02,5.411808192729949951e-02,5.411808192729949951e-02,4.717003181576728821e-02,5.719470232725143433e-02,6.539171338081359863e-01,6.539171338081359863e-01,6.026545763015747070e-01,5.974930524826049805e-01,1.133486986160278320e+00,1.133486986160278320e+00,1.037320375442504883e+00,1.038081645965576172e+00
2.970000000000000000e+02,1.164757251739501953e+00,1.164757251739501953e+00,1.083888053894042969e+00,1.092215538024902344e+00,6.458243131637573242e-01,6.458243131637573242e-01,5.844295024871826172e-01,5.834594964981079102e-01,3.253166973590850830e-01,3.253166973590850830e-01,2.876526713371276855e-01,3.032726943492889404e-01,6.383015960454940796e-02,6.383015960454940796e-02,5.545266717672348022e-02,6.461956351995468140e-02,5.703116953372955322e-02,5.703116953372955322e-02,5.008880421519279480e-02,5.998016148805618286e-02,6.574742197990417480e-01,6.574742197990417480e-01,6.059368848800659180e-01,6.006431579589843750e-01,1.122360229492187500e+00,1.122360229492187500e+00,1.026590704917907715e+00,1.027037620544433594e+00
2.980000000000000000e+02,1.153256893157958984e+00,1.153256893157958984e+00,1.073182225227355957e+00,1.081422328948974609e+00,6.409858465194702148e-01,6.409858465194702148e-01,5.803489089012145996e-01,5.791994333267211914e-01,3.291342258453369141e-01,3.291342258453369141e-01,2.912278771400451660e-01,3.066166043281555176e-01,6.105352938175201416e-02,6.105352938175201416e-02,5.335470288991928101e-02,6.221671029925346375e-02,5.964349582791328430e-02,5.964349582791328430e-02,5.257537215948104858e-02,6.250319629907608032e-02,6.602907776832580566e-01,6.602907776832580566e-01,6.085512638092041016e-01,6.030303835868835449e-01,1.110621213912963867e+00,1.110621213912963867e+00,1.016559958457946777e+00,1.017433762550354004e+00
2.990000000000000000e+02,1.141727924346923828e+00,1.141727924346923828e+00,1.062753677368164062e+00,1.070424556732177734e+00,6.363983154296875000e-01,6.363983154296875000e-01,5.762025713920593262e-01,5.749997496604919434e-01,3.329049944877624512e-01,3.329049944877624512e-01,2.945035099983215332e-01,3.098018467426300049e-01,5.773597955703735352e-02,5.773597955703735352e-02,5.120936781167984009e-02,5.949628353118896484e-02,6.205834075808525085e-02,6.205834075808525085e-02,5.507399514317512512e-02,6.479623913764953613e-02,6.624844670295715332e-01,6.624844670295715332e-01,6.106231808662414551e-01,6.045536994934082031e-01,1.098016142845153809e+00,1.098016142845153809e+00,1.005723714828491211e+00,1.005841493606567383e+00
3.000000000000000000e+02,1.130222320556640625e+00,1.130222320556640625e+00,1.052245974540710449e+00,1.059626102447509766e+00,6.317403316497802734e-01,6.317403316497802734e-01,5.737478733062744141e-01,5.714764595031738281e-01,3.364405632019042969e-01,3.364405632019042969e-01,2.978601455688476562e-01,3.127008974552154541e-01,5.464904010295867920e-02,5.464904010295867920e-02,4.988173395395278931e-02,5.696686729788780212e-02,6.414564698934555054e-02,6.414564698934555054e-02,5.757861956954002380e-02,6.701796501874923706e-02,6.639996767044067383e-01,6.639996767044067383e-01,6.120786666870117188e-01,6.061276793479919434e-01,1.085480093955993652e+00,1.085480093955993652e+00,9.946560263633728027e-01,9.956502318382263184e-01
3.010000000000000000e+02,1.118864893913269043e+00,1.118864893913269043e+00,1.041719436645507812e+00,1.048807621002197266e+00,6.271156072616577148e-01,6.271156072616577148e-01,5.720476508140563965e-01,5.694719552993774414e-01,3.390666544437408447e-01,3.390666544437408447e-01,3.007617592811584473e-01,3.152867555618286133e-01,5.082651972770690918e-02,5.082651972770690918e-02,4.826319217681884766e-02,5.414267629384994507e-02,6.603188812732696533e-02,6.603188812732696533e-02,6.134876608848571777e-02,7.083483040332794189e-02,6.605730056762695312e-01,6.605730056762695312e-01,6.128182411193847656e-01,6.064494848251342773e-01,1.071639060974121094e+00,1.071639060974121094e+00,9.831599593162536621e-01,9.850021600723266602e-01
3.020000000000000000e+02,1.107415437698364258e+00,1.107415437698364258e+00,1.031477093696594238e+00,1.038040995597839355e+00,6.228660941123962402e-01,6.228660941123962402e-01,5.700974464416503906e-01,5.671049356460571289e-01,3.416500389575958252e-01,3.416500389575958252e-01,3.029125034809112549e-01,3.175282180309295654e-01,4.703271389007568359e-02,4.703271389007568359e-02,4.644704982638359070e-02,5.102819204330444336e-02,6.774455308914184570e-02,6.774455308914184570e-02,6.477916240692138672e-02,7.429558038711547852e-02,6.641696095466613770e-01,6.641696095466613770e-01,6.128561496734619141e-01,6.062726974487304688e-01,1.058235406875610352e+00,1.058235406875610352e+00,9.710633158683776855e-01,9.738028049468994141e-01
3.030000000000000000e+02,1.096336483955383301e+00,1.096336483955383301e+00,1.019411563873291016e+00,1.027357935905456543e+00,6.185097098350524902e-01,6.185097098350524902e-01,5.690922737121582031e-01,5.652660131454467773e-01,3.437600433826446533e-01,3.437600433826446533e-01,3.049493134021759033e-01,3.193812966346740723e-01,4.270396381616592407e-02,4.270396381616592407e-02,4.572177305817604065e-02,4.832814261317253113e-02,6.910373270511627197e-02,6.910373270511627197e-02,6.788047403097152710e-02,7.756479829549789429e-02,6.630966067314147949e-01,6.630966067314147949e-01,6.121217012405395508e-01,6.053381562232971191e-01,1.043510198593139648e+00,1.043510198593139648e+00,9.590172767639160156e-01,9.630888104438781738e-01
3.040000000000000000e+02,1.085244536399841309e+00,1.085244536399841309e+00,1.011056542396545410e+00,1.016782283782958984e+00,6.141924858093261719e-01,6.141924858093261719e-01,5.693062543869018555e-01,5.650856494903564453e-01,3.455954194068908691e-01,3.455954194068908691e-01,3.070258498191833496e-01,3.208589553833007812e-01,3.943655639886856079e-02,3.943655639886856079e-02,4.374437779188156128e-02,4.534522071480751038e-02,7.014362514019012451e-02,7.014362514019012451e-02,7.272196561098098755e-02,8.228372782468795776e-02,6.613649725914001465e-01,6.613649725914001465e-01,6.106902360916137695e-01,6.036771535873413086e-01,1.029308319091796875e+00,1.029308319091796875e+00,9.465822577476501465e-01,9.525091648101806641e-01
3.050000000000000000e+02,1.074221730232238770e+00,1.074221730232238770e+00,1.000383853912353516e+00,1.006359577178955078e+00,6.143807768821716309e-01,6.143807768821716309e-01,5.695320963859558105e-01,5.647534132003784180e-01,3.475272059440612793e-01,3.475272059440612793e-01,3.088730275630950928e-01,3.221582174301147461e-01,3.727146983146667480e-02,3.727146983146667480e-02,4.405060783028602600e-02,4.242861643433570862e-02,7.528163492679595947e-02,7.528163492679595947e-02,7.719378173351287842e-02,8.688320964574813843e-02,6.593413352966308594e-01,6.593413352966308594e-01,6.086866855621337891e-01,6.005938053131103516e-01,1.017474055290222168e+00,1.017474055290222168e+00,9.346007704734802246e-01,9.417172670364379883e-01
3.060000000000000000e+02,1.063495635986328125e+00,1.063495635986328125e+00,9.911482334136962891e-01,9.960393309593200684e-01,6.146863698959350586e-01,6.146863698959350586e-01,5.697798728942871094e-01,5.640251636505126953e-01,3.492651879787445068e-01,3.492651879787445068e-01,3.104144334793090820e-01,3.232113420963287354e-01,3.559621796011924744e-02,3.559621796011924744e-02,4.311991482973098755e-02,3.922409936785697937e-02,8.016777038574218750e-02,8.016777038574218750e-02,8.132252097129821777e-02,9.106676280498504639e-02,6.568577289581298828e-01,6.568577289581298828e-01,6.060962677001953125e-01,5.991543531417846680e-01,1.005087614059448242e+00,1.005087614059448242e+00,9.218624234199523926e-01,9.306693077087402344e-01
3.070000000000000000e+02,1.052832603454589844e+00,1.052832603454589844e+00,9.814416170120239258e-01,9.858815073966979980e-01,6.181862950325012207e-01,6.181862950325012207e-01,5.699508786201477051e-01,5.639410614967346191e-01,3.505018949508666992e-01,3.505018949508666992e-01,3.115921318531036377e-01,3.239038288593292236e-01,3.569275885820388794e-02,3.569275885820388794e-02,4.194518923759460449e-02,3.583195060491561890e-02,8.786584436893463135e-02,8.786584436893463135e-02,8.502772450447082520e-02,9.480993449687957764e-02,6.533422470092773438e-01,6.533422470092773438e-01,6.028020977973937988e-01,5.956962108612060547e-01,9.943134188652038574e-01,9.943134188652038574e-01,9.073991775512695312e-01,9.192774295806884766e-01
3.080000000000000000e+02,1.042351722717285156e+00,1.042351722717285156e+00,9.716416001319885254e-01,9.757416844367980957e-01,6.224275827407836914e-01,6.224275827407836914e-01,5.700186491012573242e-01,5.622828006744384766e-01,3.511696457862854004e-01,3.511696457862854004e-01,3.121446967124938965e-01,3.242255449295043945e-01,3.562861680984497070e-02,3.562861680984497070e-02,4.067597165703773499e-02,3.221183270215988159e-02,9.592322260141372681e-02,9.592322260141372681e-02,8.825736492872238159e-02,9.810530394315719604e-02,6.487064361572265625e-01,6.487064361572265625e-01,5.988068580627441406e-01,5.916159152984619141e-01,9.832389950752258301e-01,9.832389950752258301e-01,8.957037925720214844e-01,9.077884554862976074e-01
3.090000000000000000e+02,1.031991839408874512e+00,1.031991839408874512e+00,9.626056551933288574e-01,9.659391641616821289e-01,6.263989806175231934e-01,6.263989806175231934e-01,5.707699656486511230e-01,5.636280775070190430e-01,3.514583706855773926e-01,3.514583706855773926e-01,3.119368255138397217e-01,3.242133557796478271e-01,3.540119528770446777e-02,3.540119528770446777e-02,3.982299566268920898e-02,2.971662580966949463e-02,1.033241823315620422e-01,1.033241823315620422e-01,9.268190711736679077e-02,1.023623347282409668e-01,6.435365676879882812e-01,6.435365676879882812e-01,5.941236019134521484e-01,5.868561863899230957e-01,9.718492031097412109e-01,9.718492031097412109e-01,8.834361433982849121e-01,8.964948654174804688e-01
3.100000000000000000e+02,1.021491646766662598e+00,1.021491646766662598e+00,9.531733989715576172e-01,9.562038183212280273e-01,6.300956010818481445e-01,6.300956010818481445e-01,5.724998116493225098e-01,5.649610757827758789e-01,3.513666689395904541e-01,3.513666689395904541e-01,3.128123283386230469e-01,3.238439857959747314e-01,3.501075878739356995e-02,3.501075878739356995e-02,3.925485908985137939e-02,2.819124236702919006e-02,1.100596264004707336e-01,1.100596264004707336e-01,9.770736098289489746e-02,1.071832627058029175e-01,6.378778815269470215e-01,6.378778815269470215e-01,5.887344479560852051e-01,5.813842415809631348e-01,9.602348208427429199e-01,9.602348208427429199e-01,8.723433017730712891e-01,8.852713704109191895e-01
3.110000000000000000e+02,1.011983156204223633e+00,1.011983156204223633e+00,9.442295432090759277e-01,9.461149573326110840e-01,6.335130333900451660e-01,6.335130333900451660e-01,5.755212306976318359e-01,5.676516890525817871e-01,3.507987260818481445e-01,3.507987260818481445e-01,3.128286004066467285e-01,3.230808377265930176e-01,3.445778787136077881e-02,3.445778787136077881e-02,3.903340548276901245e-02,2.723630331456661224e-02,1.161213591694831848e-01,1.161213591694831848e-01,1.028152257204055786e-01,1.124222204089164734e-01,6.311549544334411621e-01,6.311549544334411621e-01,5.826376676559448242e-01,5.752038955688476562e-01,9.483239054679870605e-01,9.483239054679870605e-01,8.600392937660217285e-01,8.740529417991638184e-01
3.120000000000000000e+02,1.002303600311279297e+00,1.002303600311279297e+00,9.355809092521667480e-01,9.371169805526733398e-01,6.366477012634277344e-01,6.366477012634277344e-01,5.783835649490356445e-01,5.701030492782592773e-01,3.498120307922363281e-01,3.498120307922363281e-01,3.122684359550476074e-01,3.219813108444213867e-01,3.374347835779190063e-02,3.374347835779190063e-02,3.862106800079345703e-02,2.617664262652397156e-02,1.215021982789039612e-01,1.215021982789039612e-01,1.079900488257408142e-01,1.170442700386047363e-01,6.236706972122192383e-01,6.236706972122192383e-01,5.758463144302368164e-01,5.683799386024475098e-01,9.361684322357177734e-01,9.361684322357177734e-01,8.499001264572143555e-01,8.635188341140747070e-01
3.130000000000000000e+02,9.929420948028564453e-01,9.929420948028564453e-01,9.269984960556030273e-01,9.280855655670166016e-01,6.394953131675720215e-01,6.394953131675720215e-01,5.809441804885864258e-01,5.721361041069030762e-01,3.483991622924804688e-01,3.483991622924804688e-01,3.113697767257690430e-01,3.204280734062194824e-01,3.286837041378021240e-02,3.286837041378021240e-02,3.805495426058769226e-02,2.494342252612113953e-02,1.261951923370361328e-01,1.261951923370361328e-01,1.122378557920455933e-01,1.210706308484077454e-01,6.153000593185424805e-01,6.153000593185424805e-01,5.685056447982788086e-01,5.608512759208679199e-01,9.238021969795227051e-01,9.238021969795227051e-01,8.378250002861022949e-01,8.521538376808166504e-01
3.140000000000000000e+02,9.837451577186584473e-01,9.837451577186584473e-01,9.186416268348693848e-01,9.191282987594604492e-01,6.420552730560302734e-01,6.420552730560302734e-01,5.832413434982299805e-01,5.746511816978454590e-01,3.465843796730041504e-01,3.465843796730041504e-01,3.053186535835266113e-01,3.188568055629730225e-01,3.168032690882682800e-02,3.168032690882682800e-02,3.736654296517372131e-02,2.361092902719974518e-02,1.301954984664916992e-01,1.301954984664916992e-01,1.159354895353317261e-01,1.244905963540077209e-01,6.064516901969909668e-01,6.064516901969909668e-01,5.604978799819946289e-01,5.528026223182678223e-01,9.107927083969116211e-01,9.107927083969116211e-01,8.268925547599792480e-01,8.405958414077758789e-01
3.150000000000000000e+02,9.747225642204284668e-01,9.747225642204284668e-01,9.104965329170227051e-01,9.104518890380859375e-01,6.395506858825683594e-01,6.395506858825683594e-01,5.854002237319946289e-01,5.772982835769653320e-01,3.445658683776855469e-01,3.445658683776855469e-01,3.085247278213500977e-01,3.167556524276733398e-01,3.065290674567222595e-02,3.065290674567222595e-02,3.657429665327072144e-02,2.222338691353797913e-02,1.331306248903274536e-01,1.331306248903274536e-01,1.195680350065231323e-01,1.273209750652313232e-01,5.969566702842712402e-01,5.969566702842712402e-01,5.518322587013244629e-01,5.440919995307922363e-01,8.984125256538391113e-01,8.984125256538391113e-01,8.153338432312011719e-01,8.286793231964111328e-01
3.160000000000000000e+02,9.652741551399230957e-01,9.652741551399230957e-01,9.026986360549926758e-01,9.009912014007568359e-01,6.465948820114135742e-01,6.465948820114135742e-01,5.876576900482177734e-01,5.798285007476806641e-01,3.427059650421142578e-01,3.427059650421142578e-01,3.070940971374511719e-01,3.145654201507568359e-01,2.959664538502693176e-02,2.959664538502693176e-02,3.603642433881759644e-02,2.118052542209625244e-02,1.363861262798309326e-01,1.363861262798309326e-01,1.231158599257469177e-01,1.298145502805709839e-01,5.872901678085327148e-01,5.872901678085327148e-01,5.427865386009216309e-01,5.350589156150817871e-01,8.856996297836303711e-01,8.856996297836303711e-01,8.038344979286193848e-01,8.165964484214782715e-01
3.170000000000000000e+02,9.577404260635375977e-01,9.577404260635375977e-01,8.954521417617797852e-01,8.938986659049987793e-01,6.494131684303283691e-01,6.494131684303283691e-01,5.908139348030090332e-01,5.827353000640869141e-01,3.414306342601776123e-01,3.414306342601776123e-01,3.066572844982147217e-01,3.127732276916503906e-01,2.917995862662792206e-02,2.917995862662792206e-02,3.645236045122146606e-02,2.046853303909301758e-02,1.390428394079208374e-01,1.390428394079208374e-01,1.266054064035415649e-01,1.322315633296966553e-01,5.775657892227172852e-01,5.775657892227172852e-01,5.338469743728637695e-01,5.259031653404235840e-01,8.732591271400451660e-01,8.732591271400451660e-01,7.927995324134826660e-01,8.060163259506225586e-01
3.180000000000000000e+02,9.496501088142395020e-01,9.496501088142395020e-01,8.884938955307006836e-01,8.861279487609863281e-01,6.519794464111328125e-01,6.519794464111328125e-01,5.937395095825195312e-01,5.853424072265625000e-01,3.399574160575866699e-01,3.399574160575866699e-01,3.059517741203308105e-01,3.106738626956939697e-01,2.848648093640804291e-02,2.848648093640804291e-02,3.669637441635131836e-02,1.970715820789337158e-02,1.410443037748336792e-01,1.410443037748336792e-01,1.291925758123397827e-01,1.340050399303436279e-01,5.671794414520263672e-01,5.671794414520263672e-01,5.243120193481445312e-01,5.165734887123107910e-01,8.606470227241516113e-01,8.606470227241516113e-01,7.813363075256347656e-01,7.945973873138427734e-01
3.190000000000000000e+02,9.418900609016418457e-01,9.418900609016418457e-01,8.818422555923461914e-01,8.785377740859985352e-01,6.537431478500366211e-01,6.537431478500366211e-01,5.964237451553344727e-01,5.876231193542480469e-01,3.382092416286468506e-01,3.382092416286468506e-01,3.049019575119018555e-01,3.082505464553833008e-01,2.778715081512928009e-02,2.778715081512928009e-02,3.667272627353668213e-02,1.878025196492671967e-02,1.423624902963638306e-01,1.423624902963638306e-01,1.316009312868118286e-01,1.351652741432189941e-01,5.561244487762451172e-01,5.561244487762451172e-01,5.141804814338684082e-01,5.059939622879028320e-01,8.479025363922119141e-01,8.479025363922119141e-01,7.699838876724243164e-01,7.830446958541870117e-01
3.200000000000000000e+02,9.344466924667358398e-01,9.344466924667358398e-01,8.755047917366027832e-01,8.712080121040344238e-01,6.563131213188171387e-01,6.563131213188171387e-01,5.984598994255065918e-01,5.897498726844787598e-01,3.358910679817199707e-01,3.358910679817199707e-01,3.035320341587066650e-01,3.054628372192382812e-01,2.680097520351409912e-02,2.680097520351409912e-02,3.666751459240913391e-02,1.776423491537570953e-02,1.429982185363769531e-01,1.429982185363769531e-01,1.331208199262619019e-01,1.355959624052047729e-01,5.443850159645080566e-01,5.443850159645080566e-01,5.034425258636474609e-01,4.955005645751953125e-01,8.347582817077636719e-01,8.347582817077636719e-01,7.591647505760192871e-01,7.713674306869506836e-01
3.210000000000000000e+02,9.265142679214477539e-01,9.265142679214477539e-01,8.691587448120117188e-01,8.567142486572265625e-01,6.580743193626403809e-01,6.580743193626403809e-01,6.013381481170654297e-01,5.921950340270996094e-01,3.331642150878906250e-01,3.331642150878906250e-01,3.019302189350128174e-01,3.024523258209228516e-01,2.562309615314006805e-02,2.562309615314006805e-02,3.664281964302062988e-02,1.682038046419620514e-02,1.429514586925506592e-01,1.429514586925506592e-01,1.344031989574432373e-01,1.358641982078552246e-01,5.319879651069641113e-01,5.319879651069641113e-01,4.921328425407409668e-01,4.845157861709594727e-01,8.219515681266784668e-01,8.219515681266784668e-01,7.479053735733032227e-01,7.596457004547119141e-01
3.220000000000000000e+02,9.205530881881713867e-01,9.205530881881713867e-01,8.629801273345947266e-01,8.565938472747802734e-01,6.595617532730102539e-01,6.595617532730102539e-01,6.039814949035644531e-01,5.947082042694091797e-01,3.300316333770751953e-01,3.300316333770751953e-01,3.000295162200927734e-01,2.991509437561035156e-01,2.425459772348403931e-02,2.425459772348403931e-02,3.675604984164237976e-02,1.605403237044811249e-02,1.422180235385894775e-01,1.422180235385894775e-01,1.354138553142547607e-01,1.354760676622390747e-01,5.189431309700012207e-01,5.189431309700012207e-01,4.804384708404541016e-01,4.728143811225891113e-01,8.087899684906005859e-01,8.087899684906005859e-01,7.369797825813293457e-01,7.482591271400451660e-01
3.230000000000000000e+02,9.141269922256469727e-01,9.141269922256469727e-01,8.580596446990966797e-01,8.507277965545654297e-01,6.607704758644104004e-01,6.607704758644104004e-01,6.063738465309143066e-01,5.971946716308593750e-01,3.264979124069213867e-01,3.264979124069213867e-01,2.978864014148712158e-01,2.955046296119689941e-01,2.269773185253143311e-02,2.269773185253143311e-02,3.704778850078582764e-02,1.555594895035028458e-02,1.408093571662902832e-01,1.408093571662902832e-01,1.362374722957611084e-01,1.349072158336639404e-01,5.052901506423950195e-01,5.052901506423950195e-01,4.681345224380493164e-01,4.603829383850097656e-01,7.955238819122314453e-01,7.955238819122314453e-01,7.263164520263671875e-01,7.370008826255798340e-01
3.240000000000000000e+02,9.080702662467956543e-01,9.080702662467956543e-01,8.532470464706420898e-01,8.445641994476318359e-01,6.626239418983459473e-01,6.626239418983459473e-01,6.085237264633178711e-01,5.993752479553222656e-01,3.225664794445037842e-01,3.225664794445037842e-01,2.953324913978576660e-01,2.914890050888061523e-01,2.095378935337066650e-02,2.095378935337066650e-02,3.662345558404922485e-02,1.497084274888038635e-02,1.396265029907226562e-01,1.396265029907226562e-01,1.363663077354431152e-01,1.337688565254211426e-01,4.910002946853637695e-01,4.910002946853637695e-01,4.548298716545104980e-01,4.479387402534484863e-01,7.820991873741149902e-01,7.820991873741149902e-01,7.157735228538513184e-01,7.259349226951599121e-01
3.250000000000000000e+02,9.023923873901367188e-01,9.023923873901367188e-01,8.484901189804077148e-01,8.385509848594665527e-01,6.652120351791381836e-01,6.652120351791381836e-01,6.103792190551757812e-01,6.009529829025268555e-01,3.182444572448730469e-01,3.182444572448730469e-01,2.921859622001647949e-01,2.871505618095397949e-01,1.995805837213993073e-02,1.995805837213993073e-02,3.724031895399093628e-02,1.428815163671970367e-02,1.387708336114883423e-01,1.387708336114883423e-01,1.358002275228500366e-01,1.318521201610565186e-01,4.761144220829010010e-01,4.761144220829010010e-01,4.418537616729736328e-01,4.346535801887512207e-01,7.696768641471862793e-01,7.696768641471862793e-01,7.052295207977294922e-01,7.147805690765380859e-01
3.260000000000000000e+02,8.948253393173217773e-01,8.948253393173217773e-01,8.440433740615844727e-01,8.329190015792846680e-01,6.674926280975341797e-01,6.674926280975341797e-01,6.119515299797058105e-01,6.027785539627075195e-01,3.138552308082580566e-01,3.138552308082580566e-01,2.891689538955688477e-01,2.824510037899017334e-01,1.906695775687694550e-02,1.906695775687694550e-02,3.714864328503608704e-02,1.350484788417816162e-02,1.372063010931015015e-01,1.372063010931015015e-01,1.345397979021072388e-01,1.292851418256759644e-01,4.609687924385070801e-01,4.609687924385070801e-01,4.278956949710845947e-01,4.205371737480163574e-01,7.574154138565063477e-01,7.574154138565063477e-01,6.946974396705627441e-01,7.035277485847473145e-01
3.270000000000000000e+02,8.920966982841491699e-01,8.920966982841491699e-01,8.398357629776000977e-01,8.275197744369506836e-01,6.703528165817260742e-01,6.703528165817260742e-01,6.132572293281555176e-01,6.040125489234924316e-01,3.093968331813812256e-01,3.093968331813812256e-01,2.855937182903289795e-01,2.774364352226257324e-01,1.858875527977943420e-02,1.858875527977943420e-02,3.691497072577476501e-02,1.264018565416336060e-02,1.359641551971435547e-01,1.359641551971435547e-01,1.327253282070159912e-01,1.261527985334396362e-01,4.457636773586273193e-01,4.457636773586273193e-01,4.137122035026550293e-01,4.067066311836242676e-01,7.458412647247314453e-01,7.458412647247314453e-01,6.843179464340209961e-01,6.925784349441528320e-01
3.280000000000000000e+02,8.874965310096740723e-01,8.874965310096740723e-01,8.360487222671508789e-01,8.225995302200317383e-01,6.731314659118652344e-01,6.731314659118652344e-01,6.149475574493408203e-01,6.053648591041564941e-01,3.049786090850830078e-01,3.049786090850830078e-01,2.820893228054046631e-01,2.723587453365325928e-01,1.893622800707817078e-02,1.893622800707817078e-02,3.695090115070343018e-02,1.192758511751890182e-02,1.357295513153076172e-01,1.357295513153076172e-01,1.321116834878921509e-01,1.247126460075378418e-01,4.324794709682464600e-01,4.324794709682464600e-01,4.011272788047790527e-01,3.944239616394042969e-01,7.366633415222167969e-01,7.366633415222167969e-01,6.756975650787353516e-01,6.833146810531616211e-01
3.290000000000000000e+02,8.830888271331787109e-01,8.830888271331787109e-01,8.325898051261901855e-01,7.979617118835449219e-01,6.755363345146179199e-01,6.755363345146179199e-01,6.166211366653442383e-01,6.065420508384704590e-01,3.002068996429443359e-01,3.002068996429443359e-01,2.782664299011230469e-01,2.668314278125762939e-01,1.914589107036590576e-02,1.914589107036590576e-02,3.736750036478042603e-02,1.164067722856998444e-02,1.348472684621810913e-01,1.348472684621810913e-01,1.309485435485839844e-01,1.228407621383666992e-01,4.187642931938171387e-01,4.187642931938171387e-01,3.880367577075958252e-01,3.817356526851654053e-01,7.275167107582092285e-01,7.275167107582092285e-01,6.674704551696777344e-01,6.744314432144165039e-01
3.300000000000000000e+02,8.792435526847839355e-01,8.792435526847839355e-01,8.293875455856323242e-01,8.128165602684020996e-01,6.757491230964660645e-01,6.757491230964660645e-01,6.179670095443725586e-01,6.073785424232482910e-01,2.950694859027862549e-01,2.950694859027862549e-01,2.745844423770904541e-01,2.616781890392303467e-01,1.933871209621429443e-02,1.933871209621429443e-02,3.763308376073837280e-02,1.126185152679681778e-02,1.332743614912033081e-01,1.332743614912033081e-01,1.291495561599731445e-01,1.202922165393829346e-01,4.045390188694000244e-01,4.045390188694000244e-01,3.747778832912445068e-01,3.688777983188629150e-01,7.184644341468811035e-01,7.184644341468811035e-01,6.592574715614318848e-01,6.657913923263549805e-01
3.310000000000000000e+02,8.755756020545959473e-01,8.755756020545959473e-01,8.264755010604858398e-01,8.095666766166687012e-01,6.792801618576049805e-01,6.792801618576049805e-01,6.190096735954284668e-01,6.080312132835388184e-01,2.895727753639221191e-01,2.895727753639221191e-01,2.708949446678161621e-01,2.562679350376129150e-01,1.951371319591999054e-02,1.951371319591999054e-02,3.779505565762519836e-02,1.079140976071357727e-02,1.310354173183441162e-01,1.310354173183441162e-01,1.269551217555999756e-01,1.175486370921134949e-01,3.898203969001770020e-01,3.898203969001770020e-01,3.616009354591369629e-01,3.561271727085113525e-01,7.095886468887329102e-01,7.095886468887329102e-01,6.506182551383972168e-01,6.570554971694946289e-01
3.320000000000000000e+02,8.722462654113769531e-01,8.722462654113769531e-01,8.238983154296875000e-01,8.057882189750671387e-01,6.805733442306518555e-01,6.805733442306518555e-01,6.204160451889038086e-01,6.084492206573486328e-01,2.837244868278503418e-01,2.837244868278503418e-01,2.670469284057617188e-01,2.507700324058532715e-01,1.979564875364303589e-02,1.979564875364303589e-02,3.819495439529418945e-02,1.056870073080062866e-02,1.280730366706848145e-01,1.280730366706848145e-01,1.241310760378837585e-01,1.142910420894622803e-01,3.746272623538970947e-01,3.746272623538970947e-01,3.482195734977722168e-01,3.429710268974304199e-01,7.008757591247558594e-01,7.008757591247558594e-01,6.434363722801208496e-01,6.487703323364257812e-01
3.330000000000000000e+02,8.692378997802734375e-01,8.692378997802734375e-01,8.215982913970947266e-01,8.024656176567077637e-01,6.813625097274780273e-01,6.813625097274780273e-01,6.213814616203308105e-01,6.085150837898254395e-01,2.783484160900115967e-01,2.783484160900115967e-01,2.629315853118896484e-01,2.449425756931304932e-01,2.009603939950466156e-02,2.009603939950466156e-02,3.860424086451530457e-02,1.036048680543899536e-02,1.243091821670532227e-01,1.243091821670532227e-01,1.206613630056381226e-01,1.109535396099090576e-01,3.597944378852844238e-01,3.597944378852844238e-01,3.342797458171844482e-01,3.294689655303955078e-01,6.923245191574096680e-01,6.923245191574096680e-01,6.357809901237487793e-01,6.385660171508789062e-01
3.340000000000000000e+02,8.665473461151123047e-01,8.665473461151123047e-01,8.195129036903381348e-01,7.994071841239929199e-01,6.820062398910522461e-01,6.820062398910522461e-01,6.224852204322814941e-01,6.082463264465332031e-01,2.731068730354309082e-01,2.731068730354309082e-01,2.583293914794921875e-01,2.388330698013305664e-01,2.019528485834598541e-02,2.019528485834598541e-02,3.892293199896812439e-02,1.008995622396469116e-02,1.215173602104187012e-01,1.215173602104187012e-01,1.178625226020812988e-01,1.083457171916961670e-01,3.470031619071960449e-01,3.470031619071960449e-01,3.218039870262145996e-01,3.174769878387451172e-01,6.851740479469299316e-01,6.851740479469299316e-01,6.294854879379272461e-01,6.335933208465576172e-01
3.350000000000000000e+02,8.640478849411010742e-01,8.640478849411010742e-01,8.176311850547790527e-01,7.959114313125610352e-01,6.821629405021667480e-01,6.821629405021667480e-01,6.232851743698120117e-01,6.076538562774658203e-01,2.675610184669494629e-01,2.675610184669494629e-01,2.537855803966522217e-01,2.324900776147842407e-01,2.024403586983680725e-02,2.024403586983680725e-02,3.915859386324882507e-02,9.765405207872390747e-03,1.201900169253349304e-01,1.201900169253349304e-01,1.164826452732086182e-01,1.072168275713920593e-01,3.367237746715545654e-01,3.367237746715545654e-01,3.041982948780059814e-01,3.079859614372253418e-01,6.802020668983459473e-01,6.802020668983459473e-01,6.251323223114013672e-01,6.285876035690307617e-01
3.360000000000000000e+02,8.617104291915893555e-01,8.617104291915893555e-01,8.157613277435302734e-01,7.939364314079284668e-01,6.819260120391845703e-01,6.819260120391845703e-01,6.237098574638366699e-01,6.065092682838439941e-01,2.617227137088775635e-01,2.617227137088775635e-01,2.491656690835952759e-01,2.263279110193252563e-01,2.020305395126342773e-02,2.020305395126342773e-02,3.928137570619583130e-02,9.361767210066318512e-03,1.182941943407058716e-01,1.182941943407058716e-01,1.145839765667915344e-01,1.055704951286315918e-01,3.262251019477844238e-01,3.262251019477844238e-01,3.019519150257110596e-01,2.985174059867858887e-01,6.752184033393859863e-01,6.752184033393859863e-01,6.188327074050903320e-01,6.236834526062011719e-01
3.370000000000000000e+02,8.593916893005371094e-01,8.593916893005371094e-01,8.143396973609924316e-01,7.914335727691650391e-01,6.812970042228698730e-01,6.812970042228698730e-01,6.238138675689697266e-01,6.054183840751647949e-01,2.555600702762603760e-01,2.555600702762603760e-01,2.445077747106552124e-01,2.202129662036895752e-01,1.991595141589641571e-02,1.991595141589641571e-02,3.930081799626350403e-02,8.876694366335868835e-03,1.158342957496643066e-01,1.158342957496643066e-01,1.121824830770492554e-01,1.034249663352966309e-01,3.154127597808837891e-01,3.154127597808837891e-01,2.919700741767883301e-01,2.887599170207977295e-01,6.699317693710327148e-01,6.699317693710327148e-01,6.163417696952819824e-01,6.185693144798278809e-01
3.380000000000000000e+02,8.575331568717956543e-01,8.575331568717956543e-01,8.129130601882934570e-01,7.891394495964050293e-01,6.802782416343688965e-01,6.802782416343688965e-01,6.235879063606262207e-01,6.038088202476501465e-01,2.491509169340133667e-01,2.491509169340133667e-01,2.396699637174606323e-01,2.124274373054504395e-01,1.983863487839698792e-02,1.983863487839698792e-02,3.922796249389648438e-02,8.330739103257656097e-03,1.128549277782440186e-01,1.128549277782440186e-01,1.092756092548370361e-01,1.007871776819229126e-01,3.041464090347290039e-01,3.041464090347290039e-01,2.816130220890045166e-01,2.787567973136901855e-01,6.650623083114624023e-01,6.650623083114624023e-01,6.119435429573059082e-01,6.136944890022277832e-01
3.390000000000000000e+02,8.555409312248229980e-01,8.555409312248229980e-01,8.117380142211914062e-01,7.870648503303527832e-01,6.792681813240051270e-01,6.792681813240051270e-01,6.233506202697753906e-01,6.022441983222961426e-01,2.428346872329711914e-01,2.428346872329711914e-01,2.349354028701782227e-01,2.076562792062759399e-01,2.001402154564857483e-02,2.001402154564857483e-02,3.942129015922546387e-02,7.623100653290748596e-03,1.093806624412536621e-01,1.093806624412536621e-01,1.059994623064994812e-01,9.773023426532745361e-02,2.925965189933776855e-01,2.925965189933776855e-01,2.710500657558441162e-01,2.685459852218627930e-01,6.602753400802612305e-01,6.602753400802612305e-01,6.075929999351501465e-01,6.088336110115051270e-01
3.400000000000000000e+02,8.510285019874572754e-01,8.510285019874572754e-01,8.107260465621948242e-01,7.851686477661132812e-01,6.776037812232971191e-01,6.776037812232971191e-01,6.228314638137817383e-01,6.003704071044921875e-01,2.361954897642135620e-01,2.361954897642135620e-01,2.255213558673858643e-01,2.011827379465103149e-01,2.011722326278686523e-02,2.011722326278686523e-02,3.960138559341430664e-02,7.837884128093719482e-03,1.053545400500297546e-01,1.053545400500297546e-01,1.022886037826538086e-01,9.420519322156906128e-02,2.806897759437561035e-01,2.806897759437561035e-01,2.542884945869445801e-01,2.579630017280578613e-01,6.554666161537170410e-01,6.554666161537170410e-01,6.032429337501525879e-01,6.039652228355407715e-01
3.410000000000000000e+02,8.523690104484558105e-01,8.523690104484558105e-01,8.098827004432678223e-01,7.834546566009521484e-01,6.757976412773132324e-01,6.757976412773132324e-01,6.217335462570190430e-01,5.981786847114562988e-01,2.293250262737274170e-01,2.293250262737274170e-01,2.247197180986404419e-01,1.944777369499206543e-01,2.012936957180500031e-02,2.012936957180500031e-02,3.966983035206794739e-02,7.869300432503223419e-03,1.007724404335021973e-01,1.007724404335021973e-01,9.808288514614105225e-02,9.020902961492538452e-02,2.684528827667236328e-01,2.684528827667236328e-01,2.489807307720184326e-01,2.473103851079940796e-01,6.506476998329162598e-01,6.506476998329162598e-01,5.991737246513366699e-01,5.990273952484130859e-01
3.420000000000000000e+02,8.513249754905700684e-01,8.513249754905700684e-01,8.092118501663208008e-01,7.819035053253173828e-01,6.740013360977172852e-01,6.740013360977172852e-01,6.207509040832519531e-01,5.956509709358215332e-01,2.222447842359542847e-01,2.222447842359542847e-01,2.192281782627105713e-01,1.873257458209991455e-01,2.003739029169082642e-02,2.003739029169082642e-02,3.976588696241378784e-02,7.848187349736690521e-03,9.582754224538803101e-02,9.582754224538803101e-02,9.338489174842834473e-02,8.580864220857620239e-02,2.558957934379577637e-01,2.558957934379577637e-01,2.371247112751007080e-01,2.361439168453216553e-01,6.458243727684020996e-01,6.458243727684020996e-01,5.951319932937622070e-01,5.942441225051879883e-01
3.430000000000000000e+02,8.499860167503356934e-01,8.499860167503356934e-01,8.086833953857421875e-01,7.805161476135253906e-01,6.714829802513122559e-01,6.714829802513122559e-01,6.191804409027099609e-01,5.927990674972534180e-01,2.147986292839050293e-01,2.147986292839050293e-01,2.134895026683807373e-01,1.803443729877471924e-01,1.991444267332553864e-02,1.991444267332553864e-02,3.965955227613449097e-02,7.711688987910747528e-03,9.034889191389083862e-02,9.034889191389083862e-02,8.820152282714843750e-02,8.085912466049194336e-02,2.430206686258316040e-01,2.430206686258316040e-01,2.256689220666885376e-01,2.248511612415313721e-01,6.410534381866455078e-01,6.410534381866455078e-01,5.913416147232055664e-01,5.893476605415344238e-01
3.440000000000000000e+02,8.493652939796447754e-01,8.493652939796447754e-01,8.083081245422363281e-01,7.792941331863403320e-01,6.688296198844909668e-01,6.688296198844909668e-01,6.172277927398681641e-01,5.897009968757629395e-01,2.067035436630249023e-01,2.067035436630249023e-01,2.078469693660736084e-01,1.731043606996536255e-01,1.976167038083076477e-02,1.976167038083076477e-02,3.947836533188819885e-02,7.647610735148191452e-03,8.439102768898010254e-02,8.439102768898010254e-02,8.260807394981384277e-02,7.527541369199752808e-02,2.296180129051208496e-01,2.296180129051208496e-01,2.137448936700820923e-01,2.125596553087234497e-01,6.363983750343322754e-01,6.363983750343322754e-01,5.876023769378662109e-01,5.847210884094238281e-01
3.450000000000000000e+02,8.486694693565368652e-01,8.486694693565368652e-01,8.080722689628601074e-01,7.782374620437622070e-01,6.659398078918457031e-01,6.659398078918457031e-01,6.152917146682739258e-01,5.863180160522460938e-01,1.993088424205780029e-01,1.993088424205780029e-01,2.036706954240798950e-01,1.664157509803771973e-01,1.949521899223327637e-02,1.949521899223327637e-02,3.934852033853530884e-02,7.525411434471607208e-03,7.797586172819137573e-02,7.797586172819137573e-02,7.660309970378875732e-02,6.973302364349365234e-02,2.164684236049652100e-01,2.164684236049652100e-01,2.022182345390319824e-01,2.027656286954879761e-01,6.316413879394531250e-01,6.316413879394531250e-01,5.839393734931945801e-01,5.800664424896240234e-01
3.460000000000000000e+02,8.480595350265502930e-01,8.480595350265502930e-01,8.082406520843505859e-01,7.773717045783996582e-01,6.631042361259460449e-01,6.631042361259460449e-01,6.136813759803771973e-01,5.834780335426330566e-01,1.918927133083343506e-01,1.918927133083343506e-01,2.003189027309417725e-01,1.606828719377517700e-01,2.002581954002380371e-02,2.002581954002380371e-02,3.997012972831726074e-02,8.212788961827754974e-03,6.926359236240386963e-02,6.926359236240386963e-02,7.024168968200683594e-02,6.350598484277725220e-02,2.026363164186477661e-01,2.026363164186477661e-01,1.908414810895919800e-01,1.930115818977355957e-01,6.272485852241516113e-01,6.272485852241516113e-01,5.805122256278991699e-01,5.756498575210571289e-01
3.470000000000000000e+02,8.479354381561279297e-01,8.479354381561279297e-01,8.086354732513427734e-01,7.772593498229980469e-01,6.607672572135925293e-01,6.607672572135925293e-01,6.118539571762084961e-01,5.808255672454833984e-01,1.863101720809936523e-01,1.863101720809936523e-01,1.974028497934341431e-01,1.553683727979660034e-01,2.077103406190872192e-02,2.077103406190872192e-02,4.082725197076797485e-02,9.524627588689327240e-03,6.367360800504684448e-02,6.367360800504684448e-02,6.352470070123672485e-02,5.710800737142562866e-02,1.897191405296325684e-01,1.897191405296325684e-01,1.792954653501510620e-01,1.830476671457290649e-01,6.224606037139892578e-01,6.224606037139892578e-01,5.772271156311035156e-01,5.713737010955810547e-01
3.480000000000000000e+02,8.479414582252502441e-01,8.479414582252502441e-01,8.091057538986206055e-01,7.770217061042785645e-01,6.578845977783203125e-01,6.578845977783203125e-01,6.098707914352416992e-01,5.778746008872985840e-01,1.797998696565628052e-01,1.797998696565628052e-01,1.962770521640777588e-01,1.509393155574798584e-01,2.151378989219665527e-02,2.151378989219665527e-02,4.164161905646324158e-02,1.079685986042022705e-02,5.591214820742607117e-02,5.591214820742607117e-02,5.630376562476158142e-02,5.018955841660499573e-02,1.760502457618713379e-01,1.760502457618713379e-01,1.682281792163848877e-01,1.742674261331558228e-01,6.183850169181823730e-01,6.183850169181823730e-01,5.739200711250305176e-01,5.671030879020690918e-01
3.490000000000000000e+02,8.481850624084472656e-01,8.481850624084472656e-01,8.097755908966064453e-01,7.769616246223449707e-01,6.542580723762512207e-01,6.542580723762512207e-01,6.080778241157531738e-01,5.746746659278869629e-01,1.748646497726440430e-01,1.748646497726440430e-01,1.926005035638809204e-01,1.463263183832168579e-01,2.211833745241165161e-02,2.211833745241165161e-02,4.231306165456771851e-02,1.210900023579597473e-02,4.771722108125686646e-02,4.771722108125686646e-02,4.869176447391510010e-02,4.278135299682617188e-02,1.636603474617004395e-01,1.636603474617004395e-01,1.574131846427917480e-01,1.660856902599334717e-01,6.140543222427368164e-01,6.140543222427368164e-01,5.713541507720947266e-01,5.628795623779296875e-01
3.500000000000000000e+02,8.486301898956298828e-01,8.486301898956298828e-01,8.105716705322265625e-01,7.772632837295532227e-01,6.533236503601074219e-01,6.533236503601074219e-01,6.069063544273376465e-01,5.723488926887512207e-01,1.735644936561584473e-01,1.735644936561584473e-01,1.953066885471343994e-01,1.433811038732528687e-01,2.396867424249649048e-02,2.396867424249649048e-02,4.385735094547271729e-02,1.434211060404777527e-02,4.355002567172050476e-02,4.355002567172050476e-02,4.460178315639495850e-02,3.911226615309715271e-02,1.598253995180130005e-01,1.598253995180130005e-01,1.522883474826812744e-01,1.633486598730087280e-01,6.142070293426513672e-01,6.142070293426513672e-01,5.724851489067077637e-01,5.626078248023986816e-01
3.510000000000000000e+02,8.490514159202575684e-01,8.490514159202575684e-01,8.095393776893615723e-01,7.775038480758666992e-01,6.513534784317016602e-01,6.513534784317016602e-01,6.054511070251464844e-01,5.698298215866088867e-01,1.727737784385681152e-01,1.727737784385681152e-01,1.953205466270446777e-01,1.401098370552062988e-01,2.584213763475418091e-02,2.584213763475418091e-02,4.530308395624160767e-02,1.668364368379116058e-02,3.934631124138832092e-02,3.934631124138832092e-02,4.032633453607559204e-02,3.536327555775642395e-02,1.563690006732940674e-01,1.563690006732940674e-01,1.469431966543197632e-01,1.605897098779678345e-01,6.146863698959350586e-01,6.146863698959350586e-01,5.736441612243652344e-01,5.623362064361572266e-01
3.520000000000000000e+02,8.497174978256225586e-01,8.497174978256225586e-01,8.122557997703552246e-01,7.777692675590515137e-01,6.493481397628784180e-01,6.493481397628784180e-01,6.040283441543579102e-01,5.673642158508300781e-01,1.749716401100158691e-01,1.749716401100158691e-01,1.948160529136657715e-01,1.372246146202087402e-01,2.778754755854606628e-02,2.778754755854606628e-02,4.681820049881935120e-02,1.906757988035678864e-02,3.805766254663467407e-02,3.805766254663467407e-02,3.885479271411895752e-02,3.425614908337593079e-02,1.602040082216262817e-01,1.602040082216262817e-01,1.448637992143630981e-01,1.619738191366195679e-01,6.181860566139221191e-01,6.181860566139221191e-01,5.777999162673950195e-01,5.650006532669067383e-01
3.530000000000000000e+02,8.501818776130676270e-01,8.501818776130676270e-01,8.126769065856933594e-01,7.779158353805541992e-01,6.470256447792053223e-01,6.470256447792053223e-01,6.022188067436218262e-01,5.647220611572265625e-01,1.771008372306823730e-01,1.771008372306823730e-01,1.956846117973327637e-01,1.343539804220199585e-01,2.962758764624595642e-02,2.962758764624595642e-02,4.822263121604919434e-02,2.139927074313163757e-02,3.745906800031661987e-02,3.745906800031661987e-02,3.815778344869613647e-02,3.396857902407646179e-02,1.652647405862808228e-01,1.652647405862808228e-01,1.463057994842529297e-01,1.647825390100479126e-01,6.224275231361389160e-01,6.224275231361389160e-01,5.826464295387268066e-01,5.684404969215393066e-01
3.540000000000000000e+02,8.505436778068542480e-01,8.505436778068542480e-01,8.135732412338256836e-01,7.779211997985839844e-01,6.445328593254089355e-01,6.445328593254089355e-01,5.995594263076782227e-01,5.619958043098449707e-01,1.789361536502838135e-01,1.789361536502838135e-01,1.964971572160720825e-01,1.330641806125640869e-01,3.117373771965503693e-02,3.117373771965503693e-02,4.919882491230964661e-02,2.359235845506191254e-02,3.679291158914566040e-02,3.679291158914566040e-02,3.732874244451522827e-02,3.355359658598899841e-02,1.701089143753051758e-01,1.701089143753051758e-01,1.481368243694305420e-01,1.680649966001510620e-01,6.262502074241638184e-01,6.262502074241638184e-01,5.872873067855834961e-01,5.716362595558166504e-01
3.550000000000000000e+02,8.508024215698242188e-01,8.508024215698242188e-01,8.138834834098815918e-01,7.777957320213317871e-01,6.418701410293579102e-01,6.418701410293579102e-01,5.985480546951293945e-01,5.590174198150634766e-01,1.807096600532531738e-01,1.807096600532531738e-01,1.977293342351913452e-01,1.332229077816009521e-01,3.259442746639251709e-02,3.259442746639251709e-02,5.062910914421081543e-02,2.566353231668472290e-02,3.606644272804260254e-02,3.606644272804260254e-02,3.635201603174209595e-02,3.298228979110717773e-02,1.747763752937316895e-01,1.747763752937316895e-01,1.517946720123291016e-01,1.720585078001022339e-01,6.299401521682739258e-01,6.299401521682739258e-01,5.916510820388793945e-01,5.746277570724487305e-01
3.560000000000000000e+02,8.505980372428894043e-01,8.505980372428894043e-01,8.141391277313232422e-01,7.765893340110778809e-01,6.388771533966064453e-01,6.388771533966064453e-01,5.966021418571472168e-01,5.558187961578369141e-01,1.817606389522552490e-01,1.817606389522552490e-01,1.993977725505828857e-01,1.341693401336669922e-01,3.380418196320533752e-02,3.380418196320533752e-02,5.166447162628173828e-02,2.762869931757450104e-02,3.505945950746536255e-02,3.505945950746536255e-02,3.522393852472305298e-02,3.225706145167350769e-02,1.792109906673431396e-01,1.792109906673431396e-01,1.540715396404266357e-01,1.761710643768310547e-01,6.333507895469665527e-01,6.333507895469665527e-01,5.959133505821228027e-01,5.773630738258361816e-01
3.570000000000000000e+02,8.510096073150634766e-01,8.510096073150634766e-01,8.142382502555847168e-01,7.771657109260559082e-01,6.356451511383056641e-01,6.356451511383056641e-01,5.942307710647583008e-01,5.524426698684692383e-01,1.834380030632019043e-01,1.834380030632019043e-01,2.008146941661834717e-01,1.349665820598602295e-01,3.480212017893791199e-02,3.480212017893791199e-02,5.251230299472808838e-02,2.945746108889579773e-02,3.388940542936325073e-02,3.388940542936325073e-02,3.394948318600654602e-02,3.142290562391281128e-02,1.834364235401153564e-01,1.834364235401153564e-01,1.591770350933074951e-01,1.800261735916137695e-01,6.364785432815551758e-01,6.364785432815551758e-01,5.997061133384704590e-01,5.798049569129943848e-01
3.580000000000000000e+02,8.509579300880432129e-01,8.509579300880432129e-01,8.142976760864257812e-01,7.768095731735229492e-01,6.320956349372863770e-01,6.320956349372863770e-01,5.916683673858642578e-01,5.486028790473937988e-01,1.844677329063415527e-01,1.844677329063415527e-01,2.020116001367568970e-01,1.355444937944412231e-01,3.567985072731971741e-02,3.567985072731971741e-02,5.316483229398727417e-02,3.114101849496364594e-02,3.255203738808631897e-02,3.255203738808631897e-02,3.262771666049957275e-02,3.043737076222896576e-02,1.874338388442993164e-01,1.874338388442993164e-01,1.623011529445648193e-01,1.837109774351119995e-01,6.394953727722167969e-01,6.394953727722167969e-01,6.037375926971435547e-01,5.820800662040710449e-01
3.590000000000000000e+02,8.508026003837585449e-01,8.508026003837585449e-01,8.142668008804321289e-01,7.763041257858276367e-01,6.284764409065246582e-01,6.284764409065246582e-01,5.843449831008911133e-01,5.452104210853576660e-01,1.850043684244155884e-01,1.850043684244155884e-01,2.002379149198532104e-01,1.359544098377227783e-01,3.613894060254096985e-02,3.613894060254096985e-02,5.362069606781005859e-02,3.267534822225570679e-02,3.106138482689857483e-02,3.106138482689857483e-02,3.116210363805294037e-02,2.940016053617000580e-02,1.906968355178833008e-01,1.906968355178833008e-01,1.663414984941482544e-01,1.871477812528610229e-01,6.420552730560302734e-01,6.420552730560302734e-01,6.072852611541748047e-01,5.840715169906616211e-01
