0.000000000000000000e+00,1.420383214950561523e+00,1.420383214950561523e+00,1.355425357818603516e+00,1.320000648498535156e+00,1.051078796386718750e+00,1.051078796386718750e+00,9.835305213928222656e-01,9.574471712112426758e-01,3.709001541137695312e-01,3.709001541137695312e-01,3.862912356853485107e-01,3.809403181076049805e-01,4.040198773145675659e-02,4.040198773145675659e-02,7.221408188343048096e-02,6.306144595146179199e-02,3.488311544060707092e-02,3.488311544060707092e-02,6.100234016776084900e-02,5.769696831703186035e-02,3.816248774528503418e-01,3.816248774528503418e-01,3.902142047882080078e-01,3.965926170349121094e-01,1.057950973510742188e+00,1.057950973510742188e+00,1.005105972290039062e+00,9.827029705047607422e-01
1.000000000000000000e+00,1.416294097900390625e+00,1.416294097900390625e+00,1.353998303413391113e+00,1.316624879837036133e+00,1.050441980361938477e+00,1.050441980361938477e+00,9.842042922973632812e-01,9.580511450767517090e-01,3.714137971401214600e-01,3.714137971401214600e-01,3.878486156463623047e-01,3.789044022560119629e-01,4.015531763434410095e-02,4.015531763434410095e-02,7.180784642696380615e-02,6.280650198459625244e-02,3.523304685950279236e-02,3.523304685950279236e-02,6.180652976036071777e-02,5.871602520346641541e-02,3.821935057640075684e-01,3.821935057640075684e-01,3.914158344268798828e-01,3.968040049076080322e-01,1.058237671852111816e+00,1.058237671852111816e+00,1.005420565605163574e+00,9.826487898826599121e-01
2.000000000000000000e+00,1.419504165649414062e+00,1.419504165649414062e+00,1.354443550109863281e+00,1.314787149429321289e+00,1.048297762870788574e+00,1.048297762870788574e+00,9.848762750625610352e-01,9.535629749298095703e-01,3.709149360656738281e-01,3.709149360656738281e-01,3.869435787200927734e-01,3.795199394226074219e-01,3.993766754865646362e-02,3.993766754865646362e-02,7.201366126537322998e-02,6.299031525850296021e-02,3.556274250149726868e-02,3.556274250149726868e-02,6.155325472354888916e-02,5.892811343073844910e-02,3.821344673633575439e-01,3.821344673633575439e-01,3.906084895133972168e-01,3.984549343585968018e-01,1.060419082641601562e+00,1.060419082641601562e+00,1.008826136589050293e+00,9.840867519378662109e-01
3.000000000000000000e+00,1.410814881324768066e+00,1.410814881324768066e+00,1.348486661911010742e+00,1.315471410751342773e+00,1.051262855529785156e+00,1.051262855529785156e+00,9.809865951538085938e-01,9.540467262268066406e-01,3.710734844207763672e-01,3.710734844207763672e-01,3.864259719848632812e-01,3.769962489604949951e-01,3.955206647515296936e-02,3.955206647515296936e-02,7.183842360973358154e-02,6.214334443211555481e-02,3.559683263301849365e-02,3.559683263301849365e-02,6.154615432024002075e-02,5.884832516312599182e-02,3.812900781631469727e-01,3.812900781631469727e-01,3.930085301399230957e-01,3.967798948287963867e-01,1.058824181556701660e+00,1.058824181556701660e+00,1.004541873931884766e+00,9.831804037094116211e-01
4.000000000000000000e+00,1.413720846176147461e+00,1.413720846176147461e+00,1.354189634323120117e+00,1.314146518707275391e+00,1.051438093185424805e+00,1.051438093185424805e+00,9.798952341079711914e-01,9.515174627304077148e-01,3.729636371135711670e-01,3.729636371135711670e-01,3.877030909061431885e-01,3.786469697952270508e-01,3.896957635879516602e-02,3.896957635879516602e-02,7.189942896366119385e-02,6.226602196693420410e-02,3.568258136510848999e-02,3.568258136510848999e-02,6.157137826085090637e-02,5.981636047363281250e-02,3.837524950504302979e-01,3.837524950504302979e-01,3.923617005348205566e-01,3.988341689109802246e-01,1.060678958892822266e+00,1.060678958892822266e+00,1.005968689918518066e+00,9.820619821548461914e-01
5.000000000000000000e+00,1.418817758560180664e+00,1.418817758560180664e+00,1.354118466377258301e+00,1.314019441604614258e+00,1.047846794128417969e+00,1.047846794128417969e+00,9.784659147262573242e-01,9.540224671363830566e-01,3.704078495502471924e-01,3.704078495502471924e-01,3.859478831291198730e-01,3.769932985305786133e-01,3.874759748578071594e-02,3.874759748578071594e-02,7.174216955900192261e-02,6.238971650600433350e-02,3.586500138044357300e-02,3.586500138044357300e-02,6.180269271135330200e-02,6.007457897067070007e-02,3.822304308414459229e-01,3.822304308414459229e-01,3.906723260879516602e-01,3.967450559139251709e-01,1.058966279029846191e+00,1.058966279029846191e+00,1.008469343185424805e+00,9.822636246681213379e-01
6.000000000000000000e+00,1.414693832397460938e+00,1.414693832397460938e+00,1.349812984466552734e+00,1.315233826637268066e+00,1.048906803131103516e+00,1.048906803131103516e+00,9.775984287261962891e-01,9.533808231353759766e-01,3.720203042030334473e-01,3.720203042030334473e-01,3.872562050819396973e-01,3.778365254402160645e-01,3.814747929573059082e-02,3.814747929573059082e-02,7.056654244661331177e-02,6.244319677352905273e-02,3.588363528251647949e-02,3.588363528251647949e-02,6.154050678014755249e-02,6.050285696983337402e-02,3.836611211299896240e-01,3.836611211299896240e-01,3.919999897480010986e-01,3.996374607086181641e-01,1.060808777809143066e+00,1.060808777809143066e+00,1.005715370178222656e+00,9.829266071319580078e-01
7.000000000000000000e+00,1.416434526443481445e+00,1.416434526443481445e+00,1.348523139953613281e+00,1.317294001579284668e+00,1.046943902969360352e+00,1.046943902969360352e+00,9.814716577529907227e-01,9.518539905548095703e-01,3.704437613487243652e-01,3.704437613487243652e-01,3.870530724525451660e-01,3.784063458442687988e-01,3.799230232834815979e-02,3.799230232834815979e-02,7.050976157188415527e-02,6.242235377430915833e-02,3.601018711924552917e-02,3.601018711924552917e-02,6.191500276327133179e-02,6.112293154001235962e-02,3.832250833511352539e-01,3.832250833511352539e-01,3.914864063262939453e-01,3.983692228794097900e-01,1.061455845832824707e+00,1.061455845832824707e+00,1.005324125289916992e+00,9.826294779777526855e-01
8.000000000000000000e+00,1.417604565620422363e+00,1.417604565620422363e+00,1.351871013641357422e+00,1.312512159347534180e+00,1.044115543365478516e+00,1.044115543365478516e+00,9.824752807617187500e-01,9.475351572036743164e-01,3.705996870994567871e-01,3.705996870994567871e-01,3.863151371479034424e-01,3.779335319995880127e-01,3.728542476892471313e-02,3.728542476892471313e-02,7.003451138734817505e-02,6.172018870711326599e-02,3.575476258993148804e-02,3.575476258993148804e-02,6.173738092184066772e-02,6.154574826359748840e-02,3.826273083686828613e-01,3.826273083686828613e-01,3.905177712440490723e-01,3.995880782604217529e-01,1.060171008110046387e+00,1.060171008110046387e+00,1.005902409553527832e+00,9.811341762542724609e-01
9.000000000000000000e+00,1.412966012954711914e+00,1.412966012954711914e+00,1.352819919586181641e+00,1.314042925834655762e+00,1.048949003219604492e+00,1.048949003219604492e+00,9.796975851058959961e-01,9.482859373092651367e-01,3.700838983058929443e-01,3.700838983058929443e-01,3.885990679264068604e-01,3.782969713211059570e-01,3.724339231848716736e-02,3.724339231848716736e-02,6.953126192092895508e-02,6.210684031248092651e-02,3.654576465487480164e-02,3.654576465487480164e-02,6.161988526582717896e-02,6.102875247597694397e-02,3.838872313499450684e-01,3.838872313499450684e-01,3.904917240142822266e-01,3.986283242702484131e-01,1.061797499656677246e+00,1.061797499656677246e+00,1.008072614669799805e+00,9.811031222343444824e-01
1.000000000000000000e+01,1.413143992424011230e+00,1.413143992424011230e+00,1.348220348358154297e+00,1.315772294998168945e+00,1.044606447219848633e+00,1.044606447219848633e+00,9.767661690711975098e-01,9.495376944541931152e-01,3.707665801048278809e-01,3.707665801048278809e-01,3.876716494560241699e-01,3.771555423736572266e-01,3.677524626255035400e-02,3.677524626255035400e-02,6.894946843385696411e-02,6.230929493904113770e-02,3.688133135437965393e-02,3.688133135437965393e-02,6.204393506050109863e-02,6.178839504718780518e-02,3.847059607505798340e-01,3.847059607505798340e-01,3.924036026000976562e-01,3.998262882232666016e-01,1.063169956207275391e+00,1.063169956207275391e+00,1.007186889648437500e+00,9.825865626335144043e-01
1.100000000000000000e+01,1.415867328643798828e+00,1.415867328643798828e+00,1.352240800857543945e+00,1.316990137100219727e+00,1.042884945869445801e+00,1.042884945869445801e+00,9.751412868499755859e-01,9.487302303314208984e-01,3.711553812026977539e-01,3.711553812026977539e-01,3.860237598419189453e-01,3.791584074497222900e-01,3.617674112319946289e-02,3.617674112319946289e-02,6.832017749547958374e-02,6.191146001219749451e-02,3.655601292848587036e-02,3.655601292848587036e-02,6.201424449682235718e-02,6.181085854768753052e-02,3.862933516502380371e-01,3.862933516502380371e-01,3.926263749599456787e-01,3.989512920379638672e-01,1.059749722480773926e+00,1.059749722480773926e+00,1.008401632308959961e+00,9.816741347312927246e-01
1.200000000000000000e+01,1.416979551315307617e+00,1.416979551315307617e+00,1.351470947265625000e+00,1.314183712005615234e+00,1.044911146163940430e+00,1.044911146163940430e+00,9.751379489898681641e-01,9.465371370315551758e-01,3.705901205539703369e-01,3.705901205539703369e-01,3.886725902557373047e-01,3.771108984947204590e-01,3.536534309387207031e-02,3.536534309387207031e-02,6.823264062404632568e-02,6.207590550184249878e-02,3.708171099424362183e-02,3.708171099424362183e-02,6.221415102481842041e-02,6.189709156751632690e-02,3.843923807144165039e-01,3.843923807144165039e-01,3.942859172821044922e-01,3.984263539314270020e-01,1.061397314071655273e+00,1.061397314071655273e+00,1.010114192962646484e+00,9.768468141555786133e-01
1.300000000000000000e+01,1.415200233459472656e+00,1.415200233459472656e+00,1.348783969879150391e+00,1.312294840812683105e+00,1.042182922363281250e+00,1.042182922363281250e+00,9.754080772399902344e-01,9.468181729316711426e-01,3.711016774177551270e-01,3.711016774177551270e-01,3.897005915641784668e-01,3.766674399375915527e-01,3.540442883968353271e-02,3.540442883968353271e-02,6.778211891651153564e-02,6.151937693357467651e-02,3.745580464601516724e-02,3.745580464601516724e-02,6.240339577198028564e-02,6.271186470985412598e-02,3.871519565582275391e-01,3.871519565582275391e-01,3.922711014747619629e-01,3.981022536754608154e-01,1.063231945037841797e+00,1.063231945037841797e+00,1.004723548889160156e+00,9.782840013504028320e-01
1.400000000000000000e+01,1.420120120048522949e+00,1.420120120048522949e+00,1.348378419876098633e+00,1.309314012527465820e+00,1.041104555130004883e+00,1.041104555130004883e+00,9.768809080123901367e-01,9.426949024200439453e-01,3.700805604457855225e-01,3.700805604457855225e-01,3.867888450622558594e-01,3.777542114257812500e-01,3.466637432575225830e-02,3.466637432575225830e-02,6.688544154167175293e-02,6.163229420781135559e-02,3.756866604089736938e-02,3.756866604089736938e-02,6.269741058349609375e-02,6.246213987469673157e-02,3.859364986419677734e-01,3.859364986419677734e-01,3.968080282211303711e-01,3.995327353477478027e-01,1.058753490447998047e+00,1.058753490447998047e+00,1.006301164627075195e+00,9.810385704040527344e-01
1.500000000000000000e+01,1.416575551033020020e+00,1.416575551033020020e+00,1.357255458831787109e+00,1.317356348037719727e+00,1.040466308593750000e+00,1.040466308593750000e+00,9.717532396316528320e-01,9.453830718994140625e-01,3.719396591186523438e-01,3.719396591186523438e-01,3.885607123374938965e-01,3.774917125701904297e-01,3.451665863394737244e-02,3.451665863394737244e-02,6.644104421138763428e-02,6.211369484663009644e-02,3.814500570297241211e-02,3.814500570297241211e-02,6.281301379203796387e-02,6.229937821626663208e-02,3.872765302658081055e-01,3.872765302658081055e-01,3.939724564552307129e-01,4.000152349472045898e-01,1.057975769042968750e+00,1.057975769042968750e+00,1.004313349723815918e+00,9.788828492164611816e-01
1.600000000000000000e+01,1.417141079902648926e+00,1.417141079902648926e+00,1.350188970565795898e+00,1.310569524765014648e+00,1.042166709899902344e+00,1.042166709899902344e+00,9.730480909347534180e-01,9.446388483047485352e-01,3.716284036636352539e-01,3.716284036636352539e-01,3.874443769454956055e-01,3.779920041561126709e-01,3.351509198546409607e-02,3.351509198546409607e-02,6.542471051216125488e-02,6.223831698298454285e-02,3.832200914621353149e-02,3.832200914621353149e-02,6.266292929649353027e-02,6.253536045551300049e-02,3.884747624397277832e-01,3.884747624397277832e-01,3.955888152122497559e-01,4.009796679019927979e-01,1.058503866195678711e+00,1.058503866195678711e+00,1.004280090332031250e+00,9.772080779075622559e-01
1.700000000000000000e+01,1.413907766342163086e+00,1.413907766342163086e+00,1.350922942161560059e+00,1.313889980316162109e+00,1.040026664733886719e+00,1.040026664733886719e+00,9.735413789749145508e-01,9.401545524597167969e-01,3.707451224327087402e-01,3.707451224327087402e-01,3.880084753036499023e-01,3.780749738216400146e-01,3.314477205276489258e-02,3.314477205276489258e-02,6.441815197467803955e-02,6.156933307647705078e-02,3.827250003814697266e-02,3.827250003814697266e-02,6.255512684583663940e-02,6.241065263748168945e-02,3.868518769741058350e-01,3.868518769741058350e-01,3.953891694545745850e-01,3.987072408199310303e-01,1.055907964706420898e+00,1.055907964706420898e+00,1.004056930541992188e+00,9.763851165771484375e-01
1.800000000000000000e+01,1.416676759719848633e+00,1.416676759719848633e+00,1.352911710739135742e+00,1.309206008911132812e+00,1.038851976394653320e+00,1.038851976394653320e+00,9.704893827438354492e-01,9.430251121520996094e-01,3.712894916534423828e-01,3.712894916534423828e-01,3.886514902114868164e-01,3.783741593360900879e-01,3.242295235395431519e-02,3.242295235395431519e-02,6.355595588684082031e-02,6.165343523025512695e-02,3.825104981660842896e-02,3.825104981660842896e-02,6.281609833240509033e-02,6.266494840383529663e-02,3.882983326911926270e-01,3.882983326911926270e-01,3.954055011272430420e-01,3.999828994274139404e-01,1.053580284118652344e+00,1.053580284118652344e+00,1.007744669914245605e+00,9.768390655517578125e-01
1.900000000000000000e+01,1.420119762420654297e+00,1.420119762420654297e+00,1.349425911903381348e+00,1.315410852432250977e+00,1.039591073989868164e+00,1.039591073989868164e+00,9.685084819793701172e-01,9.415709376335144043e-01,3.717456459999084473e-01,3.717456459999084473e-01,3.909943699836730957e-01,3.785552084445953369e-01,3.198391199111938477e-02,3.198391199111938477e-02,6.279700994491577148e-02,6.132294237613677979e-02,3.863753750920295715e-02,3.863753750920295715e-02,6.257425248622894287e-02,6.293389946222305298e-02,3.882094919681549072e-01,3.882094919681549072e-01,3.950546383857727051e-01,3.998415470123291016e-01,1.052420139312744141e+00,1.052420139312744141e+00,1.001913785934448242e+00,9.759162068367004395e-01
2.000000000000000000e+01,1.419427394866943359e+00,1.419427394866943359e+00,1.353055834770202637e+00,1.313085913658142090e+00,1.034799695014953613e+00,1.034799695014953613e+00,9.684116840362548828e-01,9.390499591827392578e-01,3.717612624168395996e-01,3.717612624168395996e-01,3.880809545516967773e-01,3.795096874237060547e-01,3.152980282902717590e-02,3.152980282902717590e-02,6.194055825471878052e-02,6.106503307819366455e-02,3.830572217702865601e-02,3.830572217702865601e-02,6.264519691467285156e-02,6.281574070453643799e-02,3.891677856445312500e-01,3.891677856445312500e-01,3.941551446914672852e-01,3.992630243301391602e-01,1.051684141159057617e+00,1.051684141159057617e+00,1.002316474914550781e+00,9.728657007217407227e-01
2.100000000000000000e+01,1.418047666549682617e+00,1.418047666549682617e+00,1.353534221649169922e+00,1.314721822738647461e+00,1.034227132797241211e+00,1.034227132797241211e+00,9.651867747306823730e-01,9.410161972045898438e-01,3.722093105316162109e-01,3.722093105316162109e-01,3.888985514640808105e-01,3.788327276706695557e-01,3.114974126219749451e-02,3.114974126219749451e-02,6.099686771631240845e-02,6.152072176337242126e-02,3.835917264223098755e-02,3.835917264223098755e-02,6.219423562288284302e-02,6.308250874280929565e-02,3.899443745613098145e-01,3.899443745613098145e-01,3.950965702533721924e-01,3.987941443920135498e-01,1.053897142410278320e+00,1.053897142410278320e+00,1.001625061035156250e+00,9.688951969146728516e-01
2.200000000000000000e+01,1.416423082351684570e+00,1.416423082351684570e+00,1.351905107498168945e+00,1.313911914825439453e+00,1.033164501190185547e+00,1.033164501190185547e+00,9.668121933937072754e-01,9.396530389785766602e-01,3.715994954109191895e-01,3.715994954109191895e-01,3.874453604221343994e-01,3.783524632453918457e-01,3.078550845384597778e-02,3.078550845384597778e-02,6.043191999197006226e-02,6.130990386009216309e-02,3.814729675650596619e-02,3.814729675650596619e-02,6.243257224559783936e-02,6.255212426185607910e-02,3.884722292423248291e-01,3.884722292423248291e-01,3.965805768966674805e-01,3.992097973823547363e-01,1.048085212707519531e+00,1.048085212707519531e+00,1.004478454589843750e+00,9.719479084014892578e-01
2.300000000000000000e+01,1.417657136917114258e+00,1.417657136917114258e+00,1.351788520812988281e+00,1.311921834945678711e+00,1.030953168869018555e+00,1.030953168869018555e+00,9.676072001457214355e-01,9.359875321388244629e-01,3.719336688518524170e-01,3.719336688518524170e-01,3.877211809158325195e-01,3.799038529396057129e-01,3.050349280238151550e-02,3.050349280238151550e-02,5.923742055892944336e-02,6.108675524592399597e-02,3.836544603109359741e-02,3.836544603109359741e-02,6.204236298799514771e-02,6.247617304325103760e-02,3.908840715885162354e-01,3.908840715885162354e-01,3.966364860534667969e-01,3.989278972148895264e-01,1.050142765045166016e+00,1.050142765045166016e+00,9.983402490615844727e-01,9.736224412918090820e-01
2.400000000000000000e+01,1.417194962501525879e+00,1.417194962501525879e+00,1.351396322250366211e+00,1.311438322067260742e+00,1.029478788375854492e+00,1.029478788375854492e+00,9.611473679542541504e-01,9.373418092727661133e-01,3.702716231346130371e-01,3.702716231346130371e-01,3.915497064590454102e-01,3.776143193244934082e-01,3.031114675104618073e-02,3.031114675104618073e-02,5.912626907229423523e-02,6.136490777134895325e-02,3.821987658739089966e-02,3.821987658739089966e-02,6.222784519195556641e-02,6.228931248188018799e-02,3.870204091072082520e-01,3.870204091072082520e-01,3.960977792739868164e-01,4.008460342884063721e-01,1.049519300460815430e+00,1.049519300460815430e+00,9.984719157218933105e-01,9.712922573089599609e-01
2.500000000000000000e+01,1.417396903038024902e+00,1.417396903038024902e+00,1.351959228515625000e+00,1.311964750289916992e+00,1.029599785804748535e+00,1.029599785804748535e+00,9.617161750793457031e-01,9.374651908874511719e-01,3.723937273025512695e-01,3.723937273025512695e-01,3.885517716407775879e-01,3.781159520149230957e-01,3.039156086742877960e-02,3.039156086742877960e-02,5.855352059006690979e-02,6.155459210276603699e-02,3.824998065829277039e-02,3.824998065829277039e-02,6.094613671302795410e-02,6.288702785968780518e-02,3.889359533786773682e-01,3.889359533786773682e-01,3.946347832679748535e-01,3.976950645446777344e-01,1.048139691352844238e+00,1.048139691352844238e+00,9.969393014907836914e-01,9.686511754989624023e-01
2.600000000000000000e+01,1.417726755142211914e+00,1.417726755142211914e+00,1.351008892059326172e+00,1.311085700988769531e+00,1.029836177825927734e+00,1.029836177825927734e+00,9.640368223190307617e-01,9.337307214736938477e-01,3.719209432601928711e-01,3.719209432601928711e-01,3.892536163330078125e-01,3.773650825023651123e-01,3.037513233721256256e-02,3.037513233721256256e-02,5.847181379795074463e-02,6.139718741178512573e-02,3.843059390783309937e-02,3.843059390783309937e-02,6.076897680759429932e-02,6.254562735557556152e-02,3.893315792083740234e-01,3.893315792083740234e-01,3.968613147735595703e-01,3.972882926464080811e-01,1.046642661094665527e+00,1.046642661094665527e+00,9.941334724426269531e-01,9.685331583023071289e-01
2.700000000000000000e+01,1.417277097702026367e+00,1.417277097702026367e+00,1.349794149398803711e+00,1.313076734542846680e+00,1.028846859931945801e+00,1.028846859931945801e+00,9.583128690719604492e-01,9.337980747222900391e-01,3.733719885349273682e-01,3.733719885349273682e-01,3.903854489326477051e-01,3.798349499702453613e-01,3.072740882635116577e-02,3.072740882635116577e-02,5.860086902976036072e-02,6.144276633858680725e-02,3.787088394165039062e-02,3.787088394165039062e-02,6.075120717287063599e-02,6.223263218998908997e-02,3.902052044868469238e-01,3.902052044868469238e-01,3.958171308040618896e-01,3.976036310195922852e-01,1.046092629432678223e+00,1.046092629432678223e+00,9.936615228652954102e-01,9.684904813766479492e-01
2.800000000000000000e+01,1.416973352432250977e+00,1.416973352432250977e+00,1.349904537200927734e+00,1.310655593872070312e+00,1.027086853981018066e+00,1.027086853981018066e+00,9.590404033660888672e-01,9.335854053497314453e-01,3.722398877143859863e-01,3.722398877143859863e-01,3.912408947944641113e-01,3.795461356639862061e-01,3.091940656304359436e-02,3.091940656304359436e-02,5.742839723825454712e-02,6.154980510473251343e-02,3.775192052125930786e-02,3.775192052125930786e-02,6.029805541038513184e-02,6.169513612985610962e-02,3.887227475643157959e-01,3.887227475643157959e-01,3.957042694091796875e-01,3.988058567047119141e-01,1.045962095260620117e+00,1.045962095260620117e+00,9.971746206283569336e-01,9.660419225692749023e-01
2.900000000000000000e+01,1.415444731712341309e+00,1.415444731712341309e+00,1.347931861877441406e+00,1.309227466583251953e+00,1.025419712066650391e+00,1.025419712066650391e+00,9.557381868362426758e-01,9.352139234542846680e-01,3.729743063449859619e-01,3.729743063449859619e-01,3.917816281318664551e-01,3.787327110767364502e-01,3.104978986084461212e-02,3.104978986084461212e-02,5.759526789188385010e-02,6.213447451591491699e-02,3.750032186508178711e-02,3.750032186508178711e-02,5.971232056617736816e-02,6.169315055012702942e-02,3.876076042652130127e-01,3.876076042652130127e-01,3.982676863670349121e-01,3.966128230094909668e-01,1.043407201766967773e+00,1.043407201766967773e+00,9.958146810531616211e-01,9.659677743911743164e-01
3.000000000000000000e+01,1.418217539787292480e+00,1.418217539787292480e+00,1.345173478126525879e+00,1.308187961578369141e+00,1.027404069900512695e+00,1.027404069900512695e+00,9.588109254837036133e-01,9.353666901588439941e-01,3.744603991508483887e-01,3.744603991508483887e-01,3.923900723457336426e-01,3.800195455551147461e-01,3.140981122851371765e-02,3.140981122851371765e-02,5.796704813838005066e-02,6.261296570301055908e-02,3.754384070634841919e-02,3.754384070634841919e-02,5.953934788703918457e-02,6.161788851022720337e-02,3.873580694198608398e-01,3.873580694198608398e-01,3.982611894607543945e-01,3.964518904685974121e-01,1.040614843368530273e+00,1.040614843368530273e+00,9.911260604858398438e-01,9.656037092208862305e-01
3.100000000000000000e+01,1.415813684463500977e+00,1.415813684463500977e+00,1.341025114059448242e+00,1.308073997497558594e+00,1.023709297180175781e+00,1.023709297180175781e+00,9.617068767547607422e-01,9.370022416114807129e-01,3.735857009887695312e-01,3.735857009887695312e-01,3.921969234943389893e-01,3.797591030597686768e-01,3.212007135152816772e-02,3.212007135152816772e-02,5.827257037162780762e-02,6.257646530866622925e-02,3.712622076272964478e-02,3.712622076272964478e-02,5.952141433954238892e-02,6.198202073574066162e-02,3.864364326000213623e-01,3.864364326000213623e-01,3.953554332256317139e-01,3.971460759639739990e-01,1.040363550186157227e+00,1.040363550186157227e+00,9.960718750953674316e-01,9.680008888244628906e-01
3.200000000000000000e+01,1.411406278610229492e+00,1.411406278610229492e+00,1.345727205276489258e+00,1.306133389472961426e+00,1.025152325630187988e+00,1.025152325630187988e+00,9.548648595809936523e-01,9.352710843086242676e-01,3.772306144237518311e-01,3.772306144237518311e-01,3.935763239860534668e-01,3.805257678031921387e-01,3.319896012544631958e-02,3.319896012544631958e-02,5.819346383213996887e-02,6.316055357456207275e-02,3.710795193910598755e-02,3.710795193910598755e-02,5.855088308453559875e-02,6.212414056062698364e-02,3.882223963737487793e-01,3.882223963737487793e-01,3.981683254241943359e-01,3.935268819332122803e-01,1.039951443672180176e+00,1.039951443672180176e+00,9.915995597839355469e-01,9.671784043312072754e-01
3.300000000000000000e+01,1.411535739898681641e+00,1.411535739898681641e+00,1.345674037933349609e+00,1.304342985153198242e+00,1.025533437728881836e+00,1.025533437728881836e+00,9.586027264595031738e-01,9.342043995857238770e-01,3.790304958820343018e-01,3.790304958820343018e-01,3.949376940727233887e-01,3.832350671291351318e-01,3.332975506782531738e-02,3.332975506782531738e-02,5.880861729383468628e-02,6.395931541919708252e-02,3.703727573156356812e-02,3.703727573156356812e-02,5.857510492205619812e-02,6.218498200178146362e-02,3.875075578689575195e-01,3.875075578689575195e-01,3.966875672340393066e-01,3.984148204326629639e-01,1.041156291961669922e+00,1.041156291961669922e+00,9.911181926727294922e-01,9.636619091033935547e-01
3.400000000000000000e+01,1.415057420730590820e+00,1.415057420730590820e+00,1.346015214920043945e+00,1.306577086448669434e+00,1.025690674781799316e+00,1.025690674781799316e+00,9.568943977355957031e-01,9.396511316299438477e-01,3.797557353973388672e-01,3.797557353973388672e-01,3.962375819683074951e-01,3.821104764938354492e-01,3.382265567779541016e-02,3.382265567779541016e-02,5.860435217618942261e-02,6.406171619892120361e-02,3.689953684806823730e-02,3.689953684806823730e-02,5.805676802992820740e-02,6.209603697061538696e-02,3.872164487838745117e-01,3.872164487838745117e-01,3.979654014110565186e-01,3.936275839805603027e-01,1.040785074234008789e+00,1.040785074234008789e+00,9.933248758316040039e-01,9.648645520210266113e-01
3.500000000000000000e+01,1.411463618278503418e+00,1.411463618278503418e+00,1.340521812438964844e+00,1.306008219718933105e+00,1.027079582214355469e+00,1.027079582214355469e+00,9.564371109008789062e-01,9.358334541320800781e-01,3.806369602680206299e-01,3.806369602680206299e-01,3.986458778381347656e-01,3.853086531162261963e-01,3.484490513801574707e-02,3.484490513801574707e-02,5.921667814254760742e-02,6.452009081840515137e-02,3.690561279654502869e-02,3.690561279654502869e-02,5.770479887723922729e-02,6.131828576326370239e-02,3.870695233345031738e-01,3.870695233345031738e-01,3.963230252265930176e-01,3.945539593696594238e-01,1.039935827255249023e+00,1.039935827255249023e+00,9.906895160675048828e-01,9.631941318511962891e-01
3.600000000000000000e+01,1.412968873977661133e+00,1.412968873977661133e+00,1.342792510986328125e+00,1.305068016052246094e+00,1.026904582977294922e+00,1.026904582977294922e+00,9.592835903167724609e-01,9.374423027038574219e-01,3.804098665714263916e-01,3.804098665714263916e-01,3.986788690090179443e-01,3.837348818778991699e-01,3.524839878082275391e-02,3.524839878082275391e-02,5.910317227244377136e-02,6.528258323669433594e-02,3.664579987525939941e-02,3.664579987525939941e-02,5.761958286166191101e-02,6.174788251519203186e-02,3.863732814788818359e-01,3.863732814788818359e-01,3.978763818740844727e-01,3.951086997985839844e-01,1.040196418762207031e+00,1.040196418762207031e+00,9.917845726013183594e-01,9.619964361190795898e-01
3.700000000000000000e+01,1.410632371902465820e+00,1.410632371902465820e+00,1.337583780288696289e+00,1.297778129577636719e+00,1.028589844703674316e+00,1.028589844703674316e+00,9.593671560287475586e-01,9.347923994064331055e-01,3.817736804485321045e-01,3.817736804485321045e-01,3.983725309371948242e-01,3.873209357261657715e-01,3.538724407553672791e-02,3.538724407553672791e-02,5.904843285679817200e-02,6.523676961660385132e-02,3.669581934809684753e-02,3.669581934809684753e-02,5.705418810248374939e-02,6.200193613767623901e-02,3.859621882438659668e-01,3.859621882438659668e-01,3.982921838760375977e-01,3.945280313491821289e-01,1.037224888801574707e+00,1.037224888801574707e+00,9.916243553161621094e-01,9.633208513259887695e-01
3.800000000000000000e+01,1.412842512130737305e+00,1.412842512130737305e+00,1.338943004608154297e+00,1.300410985946655273e+00,1.025117635726928711e+00,1.025117635726928711e+00,9.639705419540405273e-01,9.382423162460327148e-01,3.837363123893737793e-01,3.837363123893737793e-01,4.010770320892333984e-01,3.877946436405181885e-01,3.580043464899063110e-02,3.580043464899063110e-02,5.970224738121032715e-02,6.590781360864639282e-02,3.596705198287963867e-02,3.596705198287963867e-02,5.696741491556167603e-02,6.193921715021133423e-02,3.864889740943908691e-01,3.864889740943908691e-01,3.977243304252624512e-01,3.924783170223236084e-01,1.035014390945434570e+00,1.035014390945434570e+00,9.943506717681884766e-01,9.592658281326293945e-01
3.900000000000000000e+01,1.414694190025329590e+00,1.414694190025329590e+00,1.335367441177368164e+00,1.298880100250244141e+00,1.025480508804321289e+00,1.025480508804321289e+00,9.586614370346069336e-01,9.373515844345092773e-01,3.848183155059814453e-01,3.848183155059814453e-01,4.023447632789611816e-01,3.879261016845703125e-01,3.631211072206497192e-02,3.631211072206497192e-02,5.933789536356925964e-02,6.601221859455108643e-02,3.627299517393112183e-02,3.627299517393112183e-02,5.692965537309646606e-02,6.222716718912124634e-02,3.865070343017578125e-01,3.865070343017578125e-01,3.995332419872283936e-01,3.943020701408386230e-01,1.035702228546142578e+00,1.035702228546142578e+00,9.921714067459106445e-01,9.604542851448059082e-01
4.000000000000000000e+01,1.415625810623168945e+00,1.415625810623168945e+00,1.335059642791748047e+00,1.303602218627929688e+00,1.027603507041931152e+00,1.027603507041931152e+00,9.632676839828491211e-01,9.392095208168029785e-01,3.867313265800476074e-01,3.867313265800476074e-01,4.019232690334320068e-01,3.879496455192565918e-01,3.662608563899993896e-02,3.662608563899993896e-02,5.962777137756347656e-02,6.653442978858947754e-02,3.637764602899551392e-02,3.637764602899551392e-02,5.610701441764831543e-02,6.229930371046066284e-02,3.868001699447631836e-01,3.868001699447631836e-01,3.994091749191284180e-01,3.924987912178039551e-01,1.037151098251342773e+00,1.037151098251342773e+00,9.893412590026855469e-01,9.617407917976379395e-01
4.100000000000000000e+01,1.414595842361450195e+00,1.414595842361450195e+00,1.333292961120605469e+00,1.300642967224121094e+00,1.028427600860595703e+00,1.028427600860595703e+00,9.626247882843017578e-01,9.386136531829833984e-01,3.871380686759948730e-01,3.871380686759948730e-01,4.024668931961059570e-01,3.895562291145324707e-01,3.694674000144004822e-02,3.694674000144004822e-02,5.943439900875091553e-02,6.672228872776031494e-02,3.598300367593765259e-02,3.598300367593765259e-02,5.639744922518730164e-02,6.243903934955596924e-02,3.860491514205932617e-01,3.860491514205932617e-01,4.015452265739440918e-01,3.922176957130432129e-01,1.032512664794921875e+00,1.032512664794921875e+00,9.885342121124267578e-01,9.563555717468261719e-01
4.200000000000000000e+01,1.410894751548767090e+00,1.410894751548767090e+00,1.331184148788452148e+00,1.302124738693237305e+00,1.030428886413574219e+00,1.030428886413574219e+00,9.603685140609741211e-01,9.367218017578125000e-01,3.866619765758514404e-01,3.866619765758514404e-01,4.031595289707183838e-01,3.910498619079589844e-01,3.747799247503280640e-02,3.747799247503280640e-02,5.944053828716278076e-02,6.652483344078063965e-02,3.587602823972702026e-02,3.587602823972702026e-02,5.629597604274749756e-02,6.253188848495483398e-02,3.851260542869567871e-01,3.851260542869567871e-01,4.004591107368469238e-01,3.915615379810333252e-01,1.031321287155151367e+00,1.031321287155151367e+00,9.848682880401611328e-01,9.614247083663940430e-01
4.300000000000000000e+01,1.411184787750244141e+00,1.411184787750244141e+00,1.337864041328430176e+00,1.301227688789367676e+00,1.028857946395874023e+00,1.028857946395874023e+00,9.649000167846679688e-01,9.404656291007995605e-01,3.878903985023498535e-01,3.878903985023498535e-01,4.043396413326263428e-01,3.919783234596252441e-01,3.769507259130477905e-02,3.769507259130477905e-02,5.968077480792999268e-02,6.666244566440582275e-02,3.572127968072891235e-02,3.572127968072891235e-02,5.625897645950317383e-02,6.197549402713775635e-02,3.854915201663970947e-01,3.854915201663970947e-01,4.011747539043426514e-01,3.916462659835815430e-01,1.029995083808898926e+00,1.029995083808898926e+00,9.860911369323730469e-01,9.577646255493164062e-01
4.400000000000000000e+01,1.411460161209106445e+00,1.411460161209106445e+00,1.334311008453369141e+00,1.297260165214538574e+00,1.031316995620727539e+00,1.031316995620727539e+00,9.627853035926818848e-01,9.424611926078796387e-01,3.886770009994506836e-01,3.886770009994506836e-01,4.051679372787475586e-01,3.910822868347167969e-01,3.776850178837776184e-02,3.776850178837776184e-02,5.964687094092369080e-02,6.672072410583496094e-02,3.559885919094085693e-02,3.559885919094085693e-02,5.520227923989295959e-02,6.258617341518402100e-02,3.853778243064880371e-01,3.853778243064880371e-01,3.993328809738159180e-01,3.903936147689819336e-01,1.027934908866882324e+00,1.027934908866882324e+00,9.870877265930175781e-01,9.547463655471801758e-01
4.500000000000000000e+01,1.415094614028930664e+00,1.415094614028930664e+00,1.335227489471435547e+00,1.304097414016723633e+00,1.030194997787475586e+00,1.030194997787475586e+00,9.644092917442321777e-01,9.413233995437622070e-01,3.885704278945922852e-01,3.885704278945922852e-01,4.051714241504669189e-01,3.933346569538116455e-01,3.770401328802108765e-02,3.770401328802108765e-02,5.953007191419601440e-02,6.671655178070068359e-02,3.561876714229583740e-02,3.561876714229583740e-02,5.550295114517211914e-02,6.252355873584747314e-02,3.836297988891601562e-01,3.836297988891601562e-01,4.002940058708190918e-01,3.914159834384918213e-01,1.025070190429687500e+00,1.025070190429687500e+00,9.806480407714843750e-01,9.548508524894714355e-01
4.600000000000000000e+01,1.413166642189025879e+00,1.413166642189025879e+00,1.332797169685363770e+00,1.298064708709716797e+00,1.032710313796997070e+00,1.032710313796997070e+00,9.653135538101196289e-01,9.402066469192504883e-01,3.904550075531005859e-01,3.904550075531005859e-01,4.057041108608245850e-01,3.924386799335479736e-01,3.772097080945968628e-02,3.772097080945968628e-02,5.984939634799957275e-02,6.646017730236053467e-02,3.552802279591560364e-02,3.552802279591560364e-02,5.577131360769271851e-02,6.241703778505325317e-02,3.854923546314239502e-01,3.854923546314239502e-01,4.007401764392852783e-01,3.889893889427185059e-01,1.022058248519897461e+00,1.022058248519897461e+00,9.814966917037963867e-01,9.522136449813842773e-01
4.700000000000000000e+01,1.412358760833740234e+00,1.412358760833740234e+00,1.335048079490661621e+00,1.299513578414916992e+00,1.028815507888793945e+00,1.028815507888793945e+00,9.635101556777954102e-01,9.416635036468505859e-01,3.899434804916381836e-01,3.899434804916381836e-01,4.068401157855987549e-01,3.936233520507812500e-01,3.776160627603530884e-02,3.776160627603530884e-02,5.943325534462928772e-02,6.765158474445343018e-02,3.547145053744316101e-02,3.547145053744316101e-02,5.540939792990684509e-02,6.221799552440643311e-02,3.852510452270507812e-01,3.852510452270507812e-01,4.016935527324676514e-01,3.898493051528930664e-01,1.024718761444091797e+00,1.024718761444091797e+00,9.784938097000122070e-01,9.515995979309082031e-01
4.800000000000000000e+01,1.417640686035156250e+00,1.417640686035156250e+00,1.339603304862976074e+00,1.298630356788635254e+00,1.028428077697753906e+00,1.028428077697753906e+00,9.618297815322875977e-01,9.404255151748657227e-01,3.893190920352935791e-01,3.893190920352935791e-01,4.069943130016326904e-01,3.912163972854614258e-01,3.824847191572189331e-02,3.824847191572189331e-02,5.939902365207672119e-02,6.734588742256164551e-02,3.554150089621543884e-02,3.554150089621543884e-02,5.596799030900001526e-02,6.251339614391326904e-02,3.838653564453125000e-01,3.838653564453125000e-01,4.004588127136230469e-01,3.887683153152465820e-01,1.018212080001831055e+00,1.018212080001831055e+00,9.786088466644287109e-01,9.517461657524108887e-01
4.900000000000000000e+01,1.418551206588745117e+00,1.418551206588745117e+00,1.338553905487060547e+00,1.299855709075927734e+00,1.033669471740722656e+00,1.033669471740722656e+00,9.648557901382446289e-01,9.443643689155578613e-01,3.906469941139221191e-01,3.906469941139221191e-01,4.075428247451782227e-01,3.936817646026611328e-01,3.847403079271316528e-02,3.847403079271316528e-02,5.939130485057830811e-02,6.745921075344085693e-02,3.578690439462661743e-02,3.578690439462661743e-02,5.540519207715988159e-02,6.225493177771568298e-02,3.841608166694641113e-01,3.841608166694641113e-01,4.002488851547241211e-01,3.874769806861877441e-01,1.018092036247253418e+00,1.018092036247253418e+00,9.752727746963500977e-01,9.494984745979309082e-01
5.000000000000000000e+01,1.415124893188476562e+00,1.415124893188476562e+00,1.330790996551513672e+00,1.299581050872802734e+00,1.030884742736816406e+00,1.030884742736816406e+00,9.609317183494567871e-01,9.413356781005859375e-01,3.908303678035736084e-01,3.908303678035736084e-01,4.098034501075744629e-01,3.945059180259704590e-01,3.832384943962097168e-02,3.832384943962097168e-02,6.000760197639465332e-02,6.737121939659118652e-02,3.569158166646957397e-02,3.569158166646957397e-02,5.496853962540626526e-02,6.246820837259292603e-02,3.832956552505493164e-01,3.832956552505493164e-01,4.020126163959503174e-01,3.868866562843322754e-01,1.021148920059204102e+00,1.021148920059204102e+00,9.794728755950927734e-01,9.483268857002258301e-01
5.100000000000000000e+01,1.417457103729248047e+00,1.417457103729248047e+00,1.339310407638549805e+00,1.300586104393005371e+00,1.033267736434936523e+00,1.033267736434936523e+00,9.634490609169006348e-01,9.443720579147338867e-01,3.910735547542572021e-01,3.910735547542572021e-01,4.067657887935638428e-01,3.957631289958953857e-01,3.854651004076004028e-02,3.854651004076004028e-02,5.998697876930236816e-02,6.722483038902282715e-02,3.604846447706222534e-02,3.604846447706222534e-02,5.533877015113830566e-02,6.314536929130554199e-02,3.829343020915985107e-01,3.829343020915985107e-01,3.998198807239532471e-01,3.870310187339782715e-01,1.017012000083923340e+00,1.017012000083923340e+00,9.746425151824951172e-01,9.447861909866333008e-01
5.200000000000000000e+01,1.415866494178771973e+00,1.415866494178771973e+00,1.336179018020629883e+00,1.305866241455078125e+00,1.031080007553100586e+00,1.031080007553100586e+00,9.650164842605590820e-01,9.452432394027709961e-01,3.915089368820190430e-01,3.915089368820190430e-01,4.089257717132568359e-01,3.949766159057617188e-01,3.926586359739303589e-02,3.926586359739303589e-02,6.058285757899284363e-02,6.768120825290679932e-02,3.583921864628791809e-02,3.583921864628791809e-02,5.464255064725875854e-02,6.298141181468963623e-02,3.831329345703125000e-01,3.831329345703125000e-01,4.001936614513397217e-01,3.863831758499145508e-01,1.019048452377319336e+00,1.019048452377319336e+00,9.765917658805847168e-01,9.435841441154479980e-01
5.300000000000000000e+01,1.416029572486877441e+00,1.416029572486877441e+00,1.336118578910827637e+00,1.302680015563964844e+00,1.032901287078857422e+00,1.032901287078857422e+00,9.643281698226928711e-01,9.473525285720825195e-01,3.923914432525634766e-01,3.923914432525634766e-01,4.079514741897583008e-01,3.962739706039428711e-01,3.928712010383605957e-02,3.928712010383605957e-02,6.032622605562210083e-02,6.795454770326614380e-02,3.596813604235649109e-02,3.596813604235649109e-02,5.501250177621841431e-02,6.328985095024108887e-02,3.833605349063873291e-01,3.833605349063873291e-01,3.999015688896179199e-01,3.853333890438079834e-01,1.018357038497924805e+00,1.018357038497924805e+00,9.813059568405151367e-01,9.462271332740783691e-01
5.400000000000000000e+01,1.420106649398803711e+00,1.420106649398803711e+00,1.339142560958862305e+00,1.302202224731445312e+00,1.030194520950317383e+00,1.030194520950317383e+00,9.670114517211914062e-01,9.481807947158813477e-01,3.936204910278320312e-01,3.936204910278320312e-01,4.090885519981384277e-01,3.996832966804504395e-01,3.956715017557144165e-02,3.956715017557144165e-02,6.057723984122276306e-02,6.816701591014862061e-02,3.604793548583984375e-02,3.604793548583984375e-02,5.494138598442077637e-02,6.257281452417373657e-02,3.830234408378601074e-01,3.830234408378601074e-01,4.010747969150543213e-01,3.848925232887268066e-01,1.016272664070129395e+00,1.016272664070129395e+00,9.763107299804687500e-01,9.456074833869934082e-01
5.500000000000000000e+01,1.417382717132568359e+00,1.417382717132568359e+00,1.334544897079467773e+00,1.303013086318969727e+00,1.033311367034912109e+00,1.033311367034912109e+00,9.656883478164672852e-01,9.471658468246459961e-01,3.963445723056793213e-01,3.963445723056793213e-01,4.090639650821685791e-01,3.988460898399353027e-01,3.972179815173149109e-02,3.972179815173149109e-02,6.095844507217407227e-02,6.899862736463546753e-02,3.648732230067253113e-02,3.648732230067253113e-02,5.480223894119262695e-02,6.284649670124053955e-02,3.848091363906860352e-01,3.848091363906860352e-01,4.002901315689086914e-01,3.845565319061279297e-01,1.014699935913085938e+00,1.014699935913085938e+00,9.749421477317810059e-01,9.454463720321655273e-01
5.600000000000000000e+01,1.415330886840820312e+00,1.415330886840820312e+00,1.337905049324035645e+00,1.300962448120117188e+00,1.037039518356323242e+00,1.037039518356323242e+00,9.639893770217895508e-01,9.519804716110229492e-01,3.960399627685546875e-01,3.960399627685546875e-01,4.092778265476226807e-01,3.997125029563903809e-01,4.002327471971511841e-02,4.002327471971511841e-02,6.116162985563278198e-02,6.888984143733978271e-02,3.697922080755233765e-02,3.697922080755233765e-02,5.461916327476501465e-02,6.295511126518249512e-02,3.821361660957336426e-01,3.821361660957336426e-01,4.009122550487518311e-01,3.848583400249481201e-01,1.015228748321533203e+00,1.015228748321533203e+00,9.779297709465026855e-01,9.439020156860351562e-01
5.700000000000000000e+01,1.417836904525756836e+00,1.417836904525756836e+00,1.342150211334228516e+00,1.301647067070007324e+00,1.036403536796569824e+00,1.036403536796569824e+00,9.699788093566894531e-01,9.518436193466186523e-01,3.955228924751281738e-01,3.955228924751281738e-01,4.111529588699340820e-01,4.030316770076751709e-01,4.012753069400787354e-02,4.012753069400787354e-02,6.177955120801925659e-02,6.907735764980316162e-02,3.670519590377807617e-02,3.670519590377807617e-02,5.510624125599861145e-02,6.311333179473876953e-02,3.816888630390167236e-01,3.816888630390167236e-01,4.022943377494812012e-01,3.809126317501068115e-01,1.017595291137695312e+00,1.017595291137695312e+00,9.749404191970825195e-01,9.428117275238037109e-01
5.800000000000000000e+01,1.416738986968994141e+00,1.416738986968994141e+00,1.335922479629516602e+00,1.302790045738220215e+00,1.040096282958984375e+00,1.040096282958984375e+00,9.703694581985473633e-01,9.536195993423461914e-01,3.983640670776367188e-01,3.983640670776367188e-01,4.120060205459594727e-01,3.998246192932128906e-01,4.062486439943313599e-02,4.062486439943313599e-02,6.251441687345504761e-02,6.926687061786651611e-02,3.691868484020233154e-02,3.691868484020233154e-02,5.452060699462890625e-02,6.288890540599822998e-02,3.833847343921661377e-01,3.833847343921661377e-01,3.999354243278503418e-01,3.803000152111053467e-01,1.013721227645874023e+00,1.013721227645874023e+00,9.792928695678710938e-01,9.443340301513671875e-01
5.900000000000000000e+01,1.415466547012329102e+00,1.415466547012329102e+00,1.337964653968811035e+00,1.304238319396972656e+00,1.037748217582702637e+00,1.037748217582702637e+00,9.665643572807312012e-01,9.549360275268554688e-01,3.977019786834716797e-01,3.977019786834716797e-01,4.125757515430450439e-01,4.023994207382202148e-01,4.088211059570312500e-02,4.088211059570312500e-02,6.282355636358261108e-02,6.928601861000061035e-02,3.731610253453254700e-02,3.731610253453254700e-02,5.544294416904449463e-02,6.340404599905014038e-02,3.809122145175933838e-01,3.809122145175933838e-01,4.005487561225891113e-01,3.820590078830718994e-01,1.017813444137573242e+00,1.017813444137573242e+00,9.748235344886779785e-01,9.426676034927368164e-01
6.000000000000000000e+01,1.417188763618469238e+00,1.417188763618469238e+00,1.335817813873291016e+00,1.299725294113159180e+00,1.043236851692199707e+00,1.043236851692199707e+00,9.703541994094848633e-01,9.577567577362060547e-01,3.992434442043304443e-01,3.992434442043304443e-01,4.127204120159149170e-01,4.046971201896667480e-01,4.075133055448532104e-02,4.075133055448532104e-02,6.313566863536834717e-02,6.967623531818389893e-02,3.777106851339340210e-02,3.777106851339340210e-02,5.467632412910461426e-02,6.302822381258010864e-02,3.809449672698974609e-01,3.809449672698974609e-01,4.009917378425598145e-01,3.807344436645507812e-01,1.013161182403564453e+00,1.013161182403564453e+00,9.737613201141357422e-01,9.442808628082275391e-01
6.100000000000000000e+01,1.420434474945068359e+00,1.420434474945068359e+00,1.338207125663757324e+00,1.305177927017211914e+00,1.042895674705505371e+00,1.042895674705505371e+00,9.690080881118774414e-01,9.590581655502319336e-01,3.986923098564147949e-01,3.986923098564147949e-01,4.125922322273254395e-01,4.066450595855712891e-01,4.133645445108413696e-02,4.133645445108413696e-02,6.320536881685256958e-02,6.975171715021133423e-02,3.777605667710304260e-02,3.777605667710304260e-02,5.571714043617248535e-02,6.346976757049560547e-02,3.802583217620849609e-01,3.802583217620849609e-01,3.994396328926086426e-01,3.787027001380920410e-01,1.015344977378845215e+00,1.015344977378845215e+00,9.717986583709716797e-01,9.418681263923645020e-01
6.200000000000000000e+01,1.419453382492065430e+00,1.419453382492065430e+00,1.337057828903198242e+00,1.299526929855346680e+00,1.043467998504638672e+00,1.043467998504638672e+00,9.724914431571960449e-01,9.619137644767761230e-01,4.005581736564636230e-01,4.005581736564636230e-01,4.135444760322570801e-01,4.066566824913024902e-01,4.157977923750877380e-02,4.157977923750877380e-02,6.378798186779022217e-02,6.983177363872528076e-02,3.776884078979492188e-02,3.776884078979492188e-02,5.557936802506446838e-02,6.288962066173553467e-02,3.789053559303283691e-01,3.789053559303283691e-01,3.999144434928894043e-01,3.780335485935211182e-01,1.011110067367553711e+00,1.011110067367553711e+00,9.722251892089843750e-01,9.409220218658447266e-01
6.300000000000000000e+01,1.421348571777343750e+00,1.421348571777343750e+00,1.340248823165893555e+00,1.301116704940795898e+00,1.042014002799987793e+00,1.042014002799987793e+00,9.728173613548278809e-01,9.633132219314575195e-01,3.996430933475494385e-01,3.996430933475494385e-01,4.138336479663848877e-01,4.066889882087707520e-01,4.112275689840316772e-02,4.112275689840316772e-02,6.373900175094604492e-02,6.999681890010833740e-02,3.842040151357650757e-02,3.842040151357650757e-02,5.558352544903755188e-02,6.327161192893981934e-02,3.777719736099243164e-01,3.777719736099243164e-01,4.029137194156646729e-01,3.773088455200195312e-01,1.010844230651855469e+00,1.010844230651855469e+00,9.733251333236694336e-01,9.404868483543395996e-01
6.400000000000000000e+01,1.420229434967041016e+00,1.420229434967041016e+00,1.341263294219970703e+00,1.299789428710937500e+00,1.047324180603027344e+00,1.047324180603027344e+00,9.784702062606811523e-01,9.644631147384643555e-01,3.987869620323181152e-01,3.987869620323181152e-01,4.125410318374633789e-01,4.076117873191833496e-01,4.156012088060379028e-02,4.156012088060379028e-02,6.424161791801452637e-02,6.965371966361999512e-02,3.854983299970626831e-02,3.854983299970626831e-02,5.560700222849845886e-02,6.344313174486160278e-02,3.769257068634033203e-01,3.769257068634033203e-01,3.991498947143554688e-01,3.771027326583862305e-01,1.014909982681274414e+00,1.014909982681274414e+00,9.715257287025451660e-01,9.379540681838989258e-01
6.500000000000000000e+01,1.418169975280761719e+00,1.418169975280761719e+00,1.340149641036987305e+00,1.302116394042968750e+00,1.050322771072387695e+00,1.050322771072387695e+00,9.769381284713745117e-01,9.691315889358520508e-01,4.009637236595153809e-01,4.009637236595153809e-01,4.133453369140625000e-01,4.081970155239105225e-01,4.114900156855583191e-02,4.114900156855583191e-02,6.450226157903671265e-02,6.937237828969955444e-02,3.888228535652160645e-02,3.888228535652160645e-02,5.532680079340934753e-02,6.332747638225555420e-02,3.770630657672882080e-01,3.770630657672882080e-01,3.989040255546569824e-01,3.761095404624938965e-01,1.014626622200012207e+00,1.014626622200012207e+00,9.701377153396606445e-01,9.384312629699707031e-01
6.600000000000000000e+01,1.418909072875976562e+00,1.418909072875976562e+00,1.338560342788696289e+00,1.301204204559326172e+00,1.051293134689331055e+00,1.051293134689331055e+00,9.787680506706237793e-01,9.683187007904052734e-01,4.017681181430816650e-01,4.017681181430816650e-01,4.146431684494018555e-01,4.105444550514221191e-01,4.135417193174362183e-02,4.135417193174362183e-02,6.478894501924514771e-02,6.962383538484573364e-02,3.938184678554534912e-02,3.938184678554534912e-02,5.601560324430465698e-02,6.335804611444473267e-02,3.791354894638061523e-01,3.791354894638061523e-01,3.985767066478729248e-01,3.733280301094055176e-01,1.013276696205139160e+00,1.013276696205139160e+00,9.719370603561401367e-01,9.372664690017700195e-01
6.700000000000000000e+01,1.419367074966430664e+00,1.419367074966430664e+00,1.337325334548950195e+00,1.299108266830444336e+00,1.051771998405456543e+00,1.051771998405456543e+00,9.754933118820190430e-01,9.694341421127319336e-01,4.011224508285522461e-01,4.011224508285522461e-01,4.141019582748413086e-01,4.098300337791442871e-01,4.086248576641082764e-02,4.086248576641082764e-02,6.484583765268325806e-02,6.894738972187042236e-02,3.985264897346496582e-02,3.985264897346496582e-02,5.619637295603752136e-02,6.353814899921417236e-02,3.759059011936187744e-01,3.759059011936187744e-01,4.020999073982238770e-01,3.753699958324432373e-01,1.012463569641113281e+00,1.012463569641113281e+00,9.744340181350708008e-01,9.365806579589843750e-01
6.800000000000000000e+01,1.417535543441772461e+00,1.417535543441772461e+00,1.343001127243041992e+00,1.301436424255371094e+00,1.054753541946411133e+00,1.054753541946411133e+00,9.785936474800109863e-01,9.728318452835083008e-01,4.044696390628814697e-01,4.044696390628814697e-01,4.132305681705474854e-01,4.097312390804290771e-01,4.096379503607749939e-02,4.096379503607749939e-02,6.447712332010269165e-02,6.947627663612365723e-02,3.992617875337600708e-02,3.992617875337600708e-02,5.665477365255355835e-02,6.344715505838394165e-02,3.765170574188232422e-01,3.765170574188232422e-01,3.986036479473114014e-01,3.758561015129089355e-01,1.012923240661621094e+00,1.012923240661621094e+00,9.677475690841674805e-01,9.368076324462890625e-01
6.900000000000000000e+01,1.417283415794372559e+00,1.417283415794372559e+00,1.337122797966003418e+00,1.304754018783569336e+00,1.051821947097778320e+00,1.051821947097778320e+00,9.844061136245727539e-01,9.726239442825317383e-01,4.026970267295837402e-01,4.026970267295837402e-01,4.142522811889648438e-01,4.104177057743072510e-01,4.080542176961898804e-02,4.080542176961898804e-02,6.479246169328689575e-02,6.891403347253799438e-02,3.998712450265884399e-02,3.998712450265884399e-02,5.694423615932464600e-02,6.431142985820770264e-02,3.761067688465118408e-01,3.761067688465118408e-01,3.985718190670013428e-01,3.753005266189575195e-01,1.013118624687194824e+00,1.013118624687194824e+00,9.734182357788085938e-01,9.381015300750732422e-01
7.000000000000000000e+01,1.420553445816040039e+00,1.420553445816040039e+00,1.339020848274230957e+00,1.305929660797119141e+00,1.056937932968139648e+00,1.056937932968139648e+00,9.844833016395568848e-01,9.740601181983947754e-01,4.030491113662719727e-01,4.030491113662719727e-01,4.157379567623138428e-01,4.121430516242980957e-01,4.040942713618278503e-02,4.040942713618278503e-02,6.460431218147277832e-02,6.810744106769561768e-02,4.055636376142501831e-02,4.055636376142501831e-02,5.657668784260749817e-02,6.310158222913742065e-02,3.761231005191802979e-01,3.761231005191802979e-01,3.973223268985748291e-01,3.740492463111877441e-01,1.011645913124084473e+00,1.011645913124084473e+00,9.741573333740234375e-01,9.367629885673522949e-01
7.100000000000000000e+01,1.420187234878540039e+00,1.420187234878540039e+00,1.336755037307739258e+00,1.305105209350585938e+00,1.056813955307006836e+00,1.056813955307006836e+00,9.871811866760253906e-01,9.731928110122680664e-01,4.047981202602386475e-01,4.047981202602386475e-01,4.158402085304260254e-01,4.124667048454284668e-01,4.065513610839843750e-02,4.065513610839843750e-02,6.450838595628738403e-02,6.818717718124389648e-02,4.075410217046737671e-02,4.075410217046737671e-02,5.716103315353393555e-02,6.302127987146377563e-02,3.764755129814147949e-01,3.764755129814147949e-01,3.985360860824584961e-01,3.743674755096435547e-01,1.014162302017211914e+00,1.014162302017211914e+00,9.703666567802429199e-01,9.391527175903320312e-01
7.200000000000000000e+01,1.422128438949584961e+00,1.422128438949584961e+00,1.335878252983093262e+00,1.306357145309448242e+00,1.059552192687988281e+00,1.059552192687988281e+00,9.853084087371826172e-01,9.805754423141479492e-01,4.032480120658874512e-01,4.032480120658874512e-01,4.188725948333740234e-01,4.125672578811645508e-01,4.007218778133392334e-02,4.007218778133392334e-02,6.474959850311279297e-02,6.776592135429382324e-02,4.083695262670516968e-02,4.083695262670516968e-02,5.742113292217254639e-02,6.314267218112945557e-02,3.762129843235015869e-01,3.762129843235015869e-01,3.970025777816772461e-01,3.738896846771240234e-01,1.013134479522705078e+00,1.013134479522705078e+00,9.735917448997497559e-01,9.357101917266845703e-01
7.300000000000000000e+01,1.420000076293945312e+00,1.420000076293945312e+00,1.333401918411254883e+00,1.306049346923828125e+00,1.060161828994750977e+00,1.060161828994750977e+00,9.875530600547790527e-01,9.807693958282470703e-01,4.056565761566162109e-01,4.056565761566162109e-01,4.156203269958496094e-01,4.121579527854919434e-01,3.952005505561828613e-02,3.952005505561828613e-02,6.457662582397460938e-02,6.702528893947601318e-02,4.092037305235862732e-02,4.092037305235862732e-02,5.756286904215812683e-02,6.273900717496871948e-02,3.771809041500091553e-01,3.771809041500091553e-01,3.987352550029754639e-01,3.725314736366271973e-01,1.012822628021240234e+00,1.012822628021240234e+00,9.731661081314086914e-01,9.372727274894714355e-01
7.400000000000000000e+01,1.421059608459472656e+00,1.421059608459472656e+00,1.336296558380126953e+00,1.306056261062622070e+00,1.058999538421630859e+00,1.058999538421630859e+00,9.893192052841186523e-01,9.779801964759826660e-01,4.042491316795349121e-01,4.042491316795349121e-01,4.152759909629821777e-01,4.130796194076538086e-01,3.843287751078605652e-02,3.843287751078605652e-02,6.431552022695541382e-02,6.655069440603256226e-02,4.083033651113510132e-02,4.083033651113510132e-02,5.799169093370437622e-02,6.251253187656402588e-02,3.745325207710266113e-01,3.745325207710266113e-01,3.984453082084655762e-01,3.722202181816101074e-01,1.009664416313171387e+00,1.009664416313171387e+00,9.708327054977416992e-01,9.381487369537353516e-01
7.500000000000000000e+01,1.424687981605529785e+00,1.424687981605529785e+00,1.341081380844116211e+00,1.307544708251953125e+00,1.062460541725158691e+00,1.062460541725158691e+00,9.906148910522460938e-01,9.793604612350463867e-01,4.027063250541687012e-01,4.027063250541687012e-01,4.166221916675567627e-01,4.124519824981689453e-01,3.854961693286895752e-02,3.854961693286895752e-02,6.405971944332122803e-02,6.611198186874389648e-02,4.084613174200057983e-02,4.084613174200057983e-02,5.781007558107376099e-02,6.215539202094078064e-02,3.735154271125793457e-01,3.735154271125793457e-01,3.971576094627380371e-01,3.717612326145172119e-01,1.014798641204833984e+00,1.014798641204833984e+00,9.703663587570190430e-01,9.347727894783020020e-01
7.600000000000000000e+01,1.420880556106567383e+00,1.420880556106567383e+00,1.340848445892333984e+00,1.309558868408203125e+00,1.063519239425659180e+00,1.063519239425659180e+00,9.916101694107055664e-01,9.829798936843872070e-01,4.048733711242675781e-01,4.048733711242675781e-01,4.182160794734954834e-01,4.121834635734558105e-01,3.801586106419563293e-02,3.801586106419563293e-02,6.401884555816650391e-02,6.478030979633331299e-02,4.046728461980819702e-02,4.046728461980819702e-02,5.720401555299758911e-02,6.177861988544464111e-02,3.734957873821258545e-01,3.734957873821258545e-01,3.981273770332336426e-01,3.734657466411590576e-01,1.012922763824462891e+00,1.012922763824462891e+00,9.721419811248779297e-01,9.360711574554443359e-01
7.700000000000000000e+01,1.424378156661987305e+00,1.424378156661987305e+00,1.340181350708007812e+00,1.312247037887573242e+00,1.068681240081787109e+00,1.068681240081787109e+00,9.927982091903686523e-01,9.809925556182861328e-01,4.051339328289031982e-01,4.051339328289031982e-01,4.168459773063659668e-01,4.133390784263610840e-01,3.712357580661773682e-02,3.712357580661773682e-02,6.351099163293838501e-02,6.514379382133483887e-02,4.048304632306098938e-02,4.048304632306098938e-02,5.788859352469444275e-02,6.095451116561889648e-02,3.737629354000091553e-01,3.737629354000091553e-01,3.957021534442901611e-01,3.713335394859313965e-01,1.007263422012329102e+00,1.007263422012329102e+00,9.689840674400329590e-01,9.345696568489074707e-01
7.800000000000000000e+01,1.423648595809936523e+00,1.423648595809936523e+00,1.339122653007507324e+00,1.313036203384399414e+00,1.069843530654907227e+00,1.069843530654907227e+00,9.933835268020629883e-01,9.873569607734680176e-01,4.056574106216430664e-01,4.056574106216430664e-01,4.185207486152648926e-01,4.144150614738464355e-01,3.690751641988754272e-02,3.690751641988754272e-02,6.315432488918304443e-02,6.408391892910003662e-02,4.030947014689445496e-02,4.030947014689445496e-02,5.729578062891960144e-02,6.135048717260360718e-02,3.740026652812957764e-01,3.740026652812957764e-01,3.962996304035186768e-01,3.703692555427551270e-01,1.009307742118835449e+00,1.009307742118835449e+00,9.680391550064086914e-01,9.346910119056701660e-01
7.900000000000000000e+01,1.427461624145507812e+00,1.427461624145507812e+00,1.342154979705810547e+00,1.314378738403320312e+00,1.070788264274597168e+00,1.070788264274597168e+00,9.966186881065368652e-01,9.845479726791381836e-01,4.041640758514404297e-01,4.041640758514404297e-01,4.178537130355834961e-01,4.127630591392517090e-01,3.616126254200935364e-02,3.616126254200935364e-02,6.324370205402374268e-02,6.349290907382965088e-02,4.017511010169982910e-02,4.017511010169982910e-02,5.749397352337837219e-02,5.995167046785354614e-02,3.723105788230895996e-01,3.723105788230895996e-01,3.963574767112731934e-01,3.701500594615936279e-01,1.010909080505371094e+00,1.010909080505371094e+00,9.680344462394714355e-01,9.358476996421813965e-01
8.000000000000000000e+01,1.429851293563842773e+00,1.429851293563842773e+00,1.341314435005187988e+00,1.312275648117065430e+00,1.072456836700439453e+00,1.072456836700439453e+00,9.994180202484130859e-01,9.891482591629028320e-01,4.060742259025573730e-01,4.060742259025573730e-01,4.179802834987640381e-01,4.146938323974609375e-01,3.553760424256324768e-02,3.553760424256324768e-02,6.266565620899200439e-02,6.305506825447082520e-02,3.971213847398757935e-02,3.971213847398757935e-02,5.696463584899902344e-02,5.989332124590873718e-02,3.743082582950592041e-01,3.743082582950592041e-01,3.945024013519287109e-01,3.695912957191467285e-01,1.009700298309326172e+00,1.009700298309326172e+00,9.665451049804687500e-01,9.307022094726562500e-01
8.100000000000000000e+01,1.430145621299743652e+00,1.430145621299743652e+00,1.346654176712036133e+00,1.317942976951599121e+00,1.071501016616821289e+00,1.071501016616821289e+00,9.996085166931152344e-01,9.870021343231201172e-01,4.072153568267822266e-01,4.072153568267822266e-01,4.165990948677062988e-01,4.145779609680175781e-01,3.537058830261230469e-02,3.537058830261230469e-02,6.264239549636840820e-02,6.195392832159996033e-02,3.901165351271629333e-02,3.901165351271629333e-02,5.718966573476791382e-02,5.955644696950912476e-02,3.723427355289459229e-01,3.723427355289459229e-01,3.955661058425903320e-01,3.694269061088562012e-01,1.010384559631347656e+00,1.010384559631347656e+00,9.654971361160278320e-01,9.278937578201293945e-01
8.200000000000000000e+01,1.432471513748168945e+00,1.432471513748168945e+00,1.343230724334716797e+00,1.319943785667419434e+00,1.073699474334716797e+00,1.073699474334716797e+00,9.988269805908203125e-01,9.927148818969726562e-01,4.067659676074981689e-01,4.067659676074981689e-01,4.146620631217956543e-01,4.144825935363769531e-01,3.498320281505584717e-02,3.498320281505584717e-02,6.244138255715370178e-02,6.167368590831756592e-02,3.836281597614288330e-02,3.836281597614288330e-02,5.686806142330169678e-02,5.867059528827667236e-02,3.717746734619140625e-01,3.717746734619140625e-01,3.956856727600097656e-01,3.703359961509704590e-01,1.008696436882019043e+00,1.008696436882019043e+00,9.660044908523559570e-01,9.326683282852172852e-01
8.300000000000000000e+01,1.429628610610961914e+00,1.429628610610961914e+00,1.344442248344421387e+00,1.324907183647155762e+00,1.074935197830200195e+00,1.074935197830200195e+00,1.001530289649963379e+00,9.924097061157226562e-01,4.032173156738281250e-01,4.032173156738281250e-01,4.180746674537658691e-01,4.147900938987731934e-01,3.472854569554328918e-02,3.472854569554328918e-02,6.177490949630737305e-02,6.103131920099258423e-02,3.800707682967185974e-02,3.800707682967185974e-02,5.659343674778938293e-02,5.794516578316688538e-02,3.697479665279388428e-01,3.697479665279388428e-01,3.963974118232727051e-01,3.686992526054382324e-01,1.008737564086914062e+00,1.008737564086914062e+00,9.685980081558227539e-01,9.320743083953857422e-01
8.400000000000000000e+01,1.433137893676757812e+00,1.433137893676757812e+00,1.347075700759887695e+00,1.323830366134643555e+00,1.075811147689819336e+00,1.075811147689819336e+00,1.004474759101867676e+00,9.950487613677978516e-01,4.038125872611999512e-01,4.038125872611999512e-01,4.164749383926391602e-01,4.155847132205963135e-01,3.456532210111618042e-02,3.456532210111618042e-02,6.146344169974327087e-02,6.035266816616058350e-02,3.749082237482070923e-02,3.749082237482070923e-02,5.672570317983627319e-02,5.740970000624656677e-02,3.697152733802795410e-01,3.697152733802795410e-01,3.942862749099731445e-01,3.677894473075866699e-01,1.012282848358154297e+00,1.012282848358154297e+00,9.663416147232055664e-01,9.277812838554382324e-01
8.500000000000000000e+01,1.435609817504882812e+00,1.435609817504882812e+00,1.345752239227294922e+00,1.328903794288635254e+00,1.080364465713500977e+00,1.080364465713500977e+00,1.002639889717102051e+00,9.939110875129699707e-01,4.053038358688354492e-01,4.053038358688354492e-01,4.157505333423614502e-01,4.146078824996948242e-01,3.425050526857376099e-02,3.425050526857376099e-02,6.131484359502792358e-02,6.029748916625976562e-02,3.685588762164115906e-02,3.685588762164115906e-02,5.645542964339256287e-02,5.666986480355262756e-02,3.703931570053100586e-01,3.703931570053100586e-01,3.931204378604888916e-01,3.690860271453857422e-01,1.013605117797851562e+00,1.013605117797851562e+00,9.651685953140258789e-01,9.298899173736572266e-01
8.600000000000000000e+01,1.436297893524169922e+00,1.436297893524169922e+00,1.348994970321655273e+00,1.329729557037353516e+00,1.084530115127563477e+00,1.084530115127563477e+00,1.006938099861145020e+00,9.951077699661254883e-01,4.035684168338775635e-01,4.035684168338775635e-01,4.150085449218750000e-01,4.141182899475097656e-01,3.411937505006790161e-02,3.411937505006790161e-02,6.150930747389793396e-02,6.001730263233184814e-02,3.598094731569290161e-02,3.598094731569290161e-02,5.632838606834411621e-02,5.585953593254089355e-02,3.690123856067657471e-01,3.690123856067657471e-01,3.920565247535705566e-01,3.664399385452270508e-01,1.012555241584777832e+00,1.012555241584777832e+00,9.651069045066833496e-01,9.308306574821472168e-01
8.700000000000000000e+01,1.440370082855224609e+00,1.440370082855224609e+00,1.349342823028564453e+00,1.331138610839843750e+00,1.082695126533508301e+00,1.082695126533508301e+00,1.006580114364624023e+00,1.001576185226440430e+00,4.040910601615905762e-01,4.040910601615905762e-01,4.121741056442260742e-01,4.129040539264678955e-01,3.362610936164855957e-02,3.362610936164855957e-02,6.119319796562194824e-02,5.925650894641876221e-02,3.517618030309677124e-02,3.517618030309677124e-02,5.583486706018447876e-02,5.495537072420120239e-02,3.670728504657745361e-01,3.670728504657745361e-01,3.892757296562194824e-01,3.667259812355041504e-01,1.012331962585449219e+00,1.012331962585449219e+00,9.688013195991516113e-01,9.316531419754028320e-01
8.800000000000000000e+01,1.439130783081054688e+00,1.439130783081054688e+00,1.351357936859130859e+00,1.332657814025878906e+00,1.085941910743713379e+00,1.085941910743713379e+00,1.006661653518676758e+00,1.000325918197631836e+00,4.038880765438079834e-01,4.038880765438079834e-01,4.140540957450866699e-01,4.119929373264312744e-01,3.363216668367385864e-02,3.363216668367385864e-02,6.126800924539566040e-02,5.954953283071517944e-02,3.493565693497657776e-02,3.493565693497657776e-02,5.585336685180664062e-02,5.451132729649543762e-02,3.666095137596130371e-01,3.666095137596130371e-01,3.878313899040222168e-01,3.670811057090759277e-01,1.012531757354736328e+00,1.012531757354736328e+00,9.659538269042968750e-01,9.307696819305419922e-01
8.900000000000000000e+01,1.444650888442993164e+00,1.444650888442993164e+00,1.354962825775146484e+00,1.333889007568359375e+00,1.087148547172546387e+00,1.087148547172546387e+00,1.008587598800659180e+00,1.000658988952636719e+00,4.033878743648529053e-01,4.033878743648529053e-01,4.113506972789764404e-01,4.128894805908203125e-01,3.418202325701713562e-02,3.418202325701713562e-02,6.103351712226867676e-02,5.868150666356086731e-02,3.397413715720176697e-02,3.397413715720176697e-02,5.536285415291786194e-02,5.401173979043960571e-02,3.651685714721679688e-01,3.651685714721679688e-01,3.886312544345855713e-01,3.648465275764465332e-01,1.015658974647521973e+00,1.015658974647521973e+00,9.672343730926513672e-01,9.311522245407104492e-01
9.000000000000000000e+01,1.441864490509033203e+00,1.441864490509033203e+00,1.353699088096618652e+00,1.330057621002197266e+00,1.086539030075073242e+00,1.086539030075073242e+00,1.009424686431884766e+00,1.003404617309570312e+00,4.007936120033264160e-01,4.007936120033264160e-01,4.117338061332702637e-01,4.120827317237854004e-01,3.392881527543067932e-02,3.392881527543067932e-02,6.043677031993865967e-02,5.865826830267906189e-02,3.328563272953033447e-02,3.328563272953033447e-02,5.521207302808761597e-02,5.339985340833663940e-02,3.631443381309509277e-01,3.631443381309509277e-01,3.861923813819885254e-01,3.644090294837951660e-01,1.019369721412658691e+00,1.019369721412658691e+00,9.701950550079345703e-01,9.317693710327148438e-01
9.100000000000000000e+01,1.447252273559570312e+00,1.447252273559570312e+00,1.350547432899475098e+00,1.336045861244201660e+00,1.089862108230590820e+00,1.089862108230590820e+00,1.010259509086608887e+00,1.003139615058898926e+00,4.002048373222351074e-01,4.002048373222351074e-01,4.125246405601501465e-01,4.098616242408752441e-01,3.375742584466934204e-02,3.375742584466934204e-02,6.083227321505546570e-02,5.899865180253982544e-02,3.262330591678619385e-02,3.262330591678619385e-02,5.484841018915176392e-02,5.248426645994186401e-02,3.619873523712158203e-01,3.619873523712158203e-01,3.864104151725769043e-01,3.643846809864044189e-01,1.017441868782043457e+00,1.017441868782043457e+00,9.697205424308776855e-01,9.353715181350708008e-01
9.200000000000000000e+01,1.441777229309082031e+00,1.441777229309082031e+00,1.350797653198242188e+00,1.337340831756591797e+00,1.089230537414550781e+00,1.089230537414550781e+00,1.011525511741638184e+00,1.003612995147705078e+00,4.003300368785858154e-01,4.003300368785858154e-01,4.102507829666137695e-01,4.113328754901885986e-01,3.412420302629470825e-02,3.412420302629470825e-02,6.127333641052246094e-02,5.837812274694442749e-02,3.226467221975326538e-02,3.226467221975326538e-02,5.500720441341400146e-02,5.189865082502365112e-02,3.632084131240844727e-01,3.632084131240844727e-01,3.835729360580444336e-01,3.649369478225708008e-01,1.019481658935546875e+00,1.019481658935546875e+00,9.735483527183532715e-01,9.325936436653137207e-01
9.300000000000000000e+01,1.440370082855224609e+00,1.440370082855224609e+00,1.354853630065917969e+00,1.338347196578979492e+00,1.089251041412353516e+00,1.089251041412353516e+00,1.013329505920410156e+00,1.002932548522949219e+00,3.992856740951538086e-01,3.992856740951538086e-01,4.102956652641296387e-01,4.109959602355957031e-01,3.385074436664581299e-02,3.385074436664581299e-02,6.016295403242111206e-02,5.850750580430030823e-02,3.175436705350875854e-02,3.175436705350875854e-02,5.510413646697998047e-02,5.178532749414443970e-02,3.613535463809967041e-01,3.613535463809967041e-01,3.828716278076171875e-01,3.641173839569091797e-01,1.025199055671691895e+00,1.025199055671691895e+00,9.745114445686340332e-01,9.343416690826416016e-01
9.400000000000000000e+01,1.448570013046264648e+00,1.448570013046264648e+00,1.356525897979736328e+00,1.341422438621520996e+00,1.092277288436889648e+00,1.092277288436889648e+00,1.014798164367675781e+00,1.006326436996459961e+00,3.977067172527313232e-01,3.977067172527313232e-01,4.079497754573822021e-01,4.097778797149658203e-01,3.359162807464599609e-02,3.359162807464599609e-02,6.029352545738220215e-02,5.831404402852058411e-02,3.080023080110549927e-02,3.080023080110549927e-02,5.482873320579528809e-02,5.068787559866905212e-02,3.595798611640930176e-01,3.595798611640930176e-01,3.815817534923553467e-01,3.633342981338500977e-01,1.026435494422912598e+00,1.026435494422912598e+00,9.743680357933044434e-01,9.381105899810791016e-01
9.500000000000000000e+01,1.446084380149841309e+00,1.446084380149841309e+00,1.356069207191467285e+00,1.341558098793029785e+00,1.092092156410217285e+00,1.092092156410217285e+00,1.017241239547729492e+00,1.005773901939392090e+00,3.969643712043762207e-01,3.969643712043762207e-01,4.101346731185913086e-01,4.090650081634521484e-01,3.353635594248771667e-02,3.353635594248771667e-02,5.976813286542892456e-02,5.771777778863906860e-02,3.071795403957366943e-02,3.071795403957366943e-02,5.474950745701789856e-02,5.002110078930854797e-02,3.598816394805908203e-01,3.598816394805908203e-01,3.827408552169799805e-01,3.628173470497131348e-01,1.026026368141174316e+00,1.026026368141174316e+00,9.771658182144165039e-01,9.338167309761047363e-01
9.600000000000000000e+01,1.447094440460205078e+00,1.447094440460205078e+00,1.354682445526123047e+00,1.339376926422119141e+00,1.092627525329589844e+00,1.092627525329589844e+00,1.012229442596435547e+00,1.007487297058105469e+00,3.957128822803497314e-01,3.957128822803497314e-01,4.064167737960815430e-01,4.077295064926147461e-01,3.352349251508712769e-02,3.352349251508712769e-02,5.983743071556091309e-02,5.800823867321014404e-02,2.999082021415233612e-02,2.999082021415233612e-02,5.427603796124458313e-02,4.967931285500526428e-02,3.586221337318420410e-01,3.586221337318420410e-01,3.798011541366577148e-01,3.615235090255737305e-01,1.028538584709167480e+00,1.028538584709167480e+00,9.758147001266479492e-01,9.383252859115600586e-01
9.700000000000000000e+01,1.445147633552551270e+00,1.445147633552551270e+00,1.362585306167602539e+00,1.343768835067749023e+00,1.093706607818603516e+00,1.093706607818603516e+00,1.014831900596618652e+00,1.007735610008239746e+00,3.978052437305450439e-01,3.978052437305450439e-01,4.077632427215576172e-01,4.087446928024291992e-01,3.343213722109794617e-02,3.343213722109794617e-02,5.972209572792053223e-02,5.747525393962860107e-02,2.968194335699081421e-02,2.968194335699081421e-02,5.446111038327217102e-02,4.906731843948364258e-02,3.602052330970764160e-01,3.602052330970764160e-01,3.825890421867370605e-01,3.608910441398620605e-01,1.028593778610229492e+00,1.028593778610229492e+00,9.774344563484191895e-01,9.422519207000732422e-01
9.800000000000000000e+01,1.448615193367004395e+00,1.448615193367004395e+00,1.359532952308654785e+00,1.341265797615051270e+00,1.093673229217529297e+00,1.093673229217529297e+00,1.013374805450439453e+00,1.008630156517028809e+00,3.962016701698303223e-01,3.962016701698303223e-01,4.051137268543243408e-01,4.071740508079528809e-01,3.390632197260856628e-02,3.390632197260856628e-02,5.924204736948013306e-02,5.766331404447555542e-02,2.941584587097167969e-02,2.941584587097167969e-02,5.463085696101188660e-02,4.880791902542114258e-02,3.592490851879119873e-01,3.592490851879119873e-01,3.827926814556121826e-01,3.628847002983093262e-01,1.033090353012084961e+00,1.033090353012084961e+00,9.793795943260192871e-01,9.433214664459228516e-01
9.900000000000000000e+01,1.443763017654418945e+00,1.443763017654418945e+00,1.358977794647216797e+00,1.343497276306152344e+00,1.095171928405761719e+00,1.095171928405761719e+00,1.014740109443664551e+00,1.011281728744506836e+00,3.954394459724426270e-01,3.954394459724426270e-01,4.026919007301330566e-01,4.060628116130828857e-01,3.367245569825172424e-02,3.367245569825172424e-02,5.881892144680023193e-02,5.796403065323829651e-02,2.909491211175918579e-02,2.909491211175918579e-02,5.430045351386070251e-02,4.849092662334442139e-02,3.596388995647430420e-01,3.596388995647430420e-01,3.792304992675781250e-01,3.622853159904479980e-01,1.034576058387756348e+00,1.034576058387756348e+00,9.849941730499267578e-01,9.430624842643737793e-01
1.000000000000000000e+02,1.447221755981445312e+00,1.447221755981445312e+00,1.362547516822814941e+00,1.344493150711059570e+00,1.099179744720458984e+00,1.099179744720458984e+00,1.014160156250000000e+00,1.008575916290283203e+00,3.938196301460266113e-01,3.938196301460266113e-01,4.033921360969543457e-01,4.084721207618713379e-01,3.372240066528320312e-02,3.372240066528320312e-02,5.886086821556091309e-02,5.740489810705184937e-02,2.885074168443679810e-02,2.885074168443679810e-02,5.440483242273330688e-02,4.840660840272903442e-02,3.585256338119506836e-01,3.585256338119506836e-01,3.793690502643585205e-01,3.633199632167816162e-01,1.035814404487609863e+00,1.035814404487609863e+00,9.837731719017028809e-01,9.451896548271179199e-01
1.010000000000000000e+02,1.452480554580688477e+00,1.452480554580688477e+00,1.358696937561035156e+00,1.344922780990600586e+00,1.097453355789184570e+00,1.097453355789184570e+00,1.012434720993041992e+00,1.010370254516601562e+00,3.933562338352203369e-01,3.933562338352203369e-01,4.019028842449188232e-01,4.062695503234863281e-01,3.388581424951553345e-02,3.388581424951553345e-02,5.815714597702026367e-02,5.761153995990753174e-02,2.832572162151336670e-02,2.832572162151336670e-02,5.460722744464874268e-02,4.801214486360549927e-02,3.585531711578369141e-01,3.585531711578369141e-01,3.804696798324584961e-01,3.625735640525817871e-01,1.034444689750671387e+00,1.034444689750671387e+00,9.830558300018310547e-01,9.459136128425598145e-01
1.020000000000000000e+02,1.449852943420410156e+00,1.449852943420410156e+00,1.356372356414794922e+00,1.349223136901855469e+00,1.096493840217590332e+00,1.096493840217590332e+00,1.015028715133666992e+00,1.013395905494689941e+00,3.926830291748046875e-01,3.926830291748046875e-01,4.026070833206176758e-01,4.053248763084411621e-01,3.340631723403930664e-02,3.340631723403930664e-02,5.803230404853820801e-02,5.789560824632644653e-02,2.792657911777496338e-02,2.792657911777496338e-02,5.504913255572319031e-02,4.707530140876770020e-02,3.593601584434509277e-01,3.593601584434509277e-01,3.798516392707824707e-01,3.641219139099121094e-01,1.036761403083801270e+00,1.036761403083801270e+00,9.854560494422912598e-01,9.452592730522155762e-01
1.030000000000000000e+02,1.454231977462768555e+00,1.454231977462768555e+00,1.358660578727722168e+00,1.346978902816772461e+00,1.099883794784545898e+00,1.099883794784545898e+00,1.016881942749023438e+00,1.006643295288085938e+00,3.913757205009460449e-01,3.913757205009460449e-01,4.015262722969055176e-01,4.038891792297363281e-01,3.314987197518348694e-02,3.314987197518348694e-02,5.738266929984092712e-02,5.799406021833419800e-02,2.810092642903327942e-02,2.810092642903327942e-02,5.555789172649383545e-02,4.649043828248977661e-02,3.583051562309265137e-01,3.583051562309265137e-01,3.820368051528930664e-01,3.643141388893127441e-01,1.038593769073486328e+00,1.038593769073486328e+00,9.856117963790893555e-01,9.484254717826843262e-01
1.040000000000000000e+02,1.450361490249633789e+00,1.450361490249633789e+00,1.363712906837463379e+00,1.349408149719238281e+00,1.097124457359313965e+00,1.097124457359313965e+00,1.015697836875915527e+00,1.010721683502197266e+00,3.922817111015319824e-01,3.922817111015319824e-01,4.017386138439178467e-01,4.035071134567260742e-01,3.334044665098190308e-02,3.334044665098190308e-02,5.710799247026443481e-02,5.714934691786766052e-02,2.797755226492881775e-02,2.797755226492881775e-02,5.553903430700302124e-02,4.657952114939689636e-02,3.597165942192077637e-01,3.597165942192077637e-01,3.801377415657043457e-01,3.644018769264221191e-01,1.039036512374877930e+00,1.039036512374877930e+00,9.902915954589843750e-01,9.500500559806823730e-01
1.050000000000000000e+02,1.454201221466064453e+00,1.454201221466064453e+00,1.361348986625671387e+00,1.351569294929504395e+00,1.096503019332885742e+00,1.096503019332885742e+00,1.015851974487304688e+00,1.010447144508361816e+00,3.890272974967956543e-01,3.890272974967956543e-01,3.992846608161926270e-01,4.021286964416503906e-01,3.282396867871284485e-02,3.282396867871284485e-02,5.704330652952194214e-02,5.719118565320968628e-02,2.806269004940986633e-02,2.806269004940986633e-02,5.682388320565223694e-02,4.699938744306564331e-02,3.580785393714904785e-01,3.580785393714904785e-01,3.780810236930847168e-01,3.659643530845642090e-01,1.041829705238342285e+00,1.041829705238342285e+00,9.918028116226196289e-01,9.530961513519287109e-01
1.060000000000000000e+02,1.453058600425720215e+00,1.453058600425720215e+00,1.360291242599487305e+00,1.349924802780151367e+00,1.095627069473266602e+00,1.095627069473266602e+00,1.013817667961120605e+00,1.012449741363525391e+00,3.887703418731689453e-01,3.887703418731689453e-01,3.979403972625732422e-01,4.030039012432098389e-01,3.301141411066055298e-02,3.301141411066055298e-02,5.627882480621337891e-02,5.731649324297904968e-02,2.810645103454589844e-02,2.810645103454589844e-02,5.622101575136184692e-02,4.624171555042266846e-02,3.596776723861694336e-01,3.596776723861694336e-01,3.776044249534606934e-01,3.654417693614959717e-01,1.045982599258422852e+00,1.045982599258422852e+00,9.917743206024169922e-01,9.517558217048645020e-01
1.070000000000000000e+02,1.453876018524169922e+00,1.453876018524169922e+00,1.360871911048889160e+00,1.354127645492553711e+00,1.094832658767700195e+00,1.094832658767700195e+00,1.012415409088134766e+00,1.011922836303710938e+00,3.874479532241821289e-01,3.874479532241821289e-01,3.974962234497070312e-01,4.000095725059509277e-01,3.265155106782913208e-02,3.265155106782913208e-02,5.656311661005020142e-02,5.705146491527557373e-02,2.807781472802162170e-02,2.807781472802162170e-02,5.710003525018692017e-02,4.610272869467735291e-02,3.585726618766784668e-01,3.585726618766784668e-01,3.791934251785278320e-01,3.652713298797607422e-01,1.046525716781616211e+00,1.046525716781616211e+00,9.896709918975830078e-01,9.522482156753540039e-01
1.080000000000000000e+02,1.447882890701293945e+00,1.447882890701293945e+00,1.358575582504272461e+00,1.355217576026916504e+00,1.092211723327636719e+00,1.092211723327636719e+00,1.013241291046142578e+00,1.007521033287048340e+00,3.835474550724029541e-01,3.835474550724029541e-01,3.956685364246368408e-01,4.005704522132873535e-01,3.274057060480117798e-02,3.274057060480117798e-02,5.593398958444595337e-02,5.691830068826675415e-02,2.843463420867919922e-02,2.843463420867919922e-02,5.823883041739463806e-02,4.613721370697021484e-02,3.573439717292785645e-01,3.573439717292785645e-01,3.796589970588684082e-01,3.659718036651611328e-01,1.051638960838317871e+00,1.051638960838317871e+00,9.937959313392639160e-01,9.536603093147277832e-01
1.090000000000000000e+02,1.454594850540161133e+00,1.454594850540161133e+00,1.363589406013488770e+00,1.354169368743896484e+00,1.088394284248352051e+00,1.088394284248352051e+00,1.007553696632385254e+00,1.008065938949584961e+00,3.848367631435394287e-01,3.848367631435394287e-01,3.941649496555328369e-01,3.990404605865478516e-01,3.239034116268157959e-02,3.239034116268157959e-02,5.537415295839309692e-02,5.626867711544036865e-02,2.841226197779178619e-02,2.841226197779178619e-02,5.786538496613502502e-02,4.632655158638954163e-02,3.602126538753509521e-01,3.602126538753509521e-01,3.798696100711822510e-01,3.656250834465026855e-01,1.049391508102416992e+00,1.049391508102416992e+00,9.965811371803283691e-01,9.584193229675292969e-01
1.100000000000000000e+02,1.455712795257568359e+00,1.455712795257568359e+00,1.367301583290100098e+00,1.354784727096557617e+00,1.090300321578979492e+00,1.090300321578979492e+00,1.010001420974731445e+00,1.007853031158447266e+00,3.836767077445983887e-01,3.836767077445983887e-01,3.941121697425842285e-01,3.968033790588378906e-01,3.270145505666732788e-02,3.270145505666732788e-02,5.576486140489578247e-02,5.669222772121429443e-02,2.884838543832302094e-02,2.884838543832302094e-02,5.853056535124778748e-02,4.692589491605758667e-02,3.619341552257537842e-01,3.619341552257537842e-01,3.786362707614898682e-01,3.661720752716064453e-01,1.051091909408569336e+00,1.051091909408569336e+00,9.947056174278259277e-01,9.587991237640380859e-01
1.110000000000000000e+02,1.456753015518188477e+00,1.456753015518188477e+00,1.362485051155090332e+00,1.360899925231933594e+00,1.090130448341369629e+00,1.090130448341369629e+00,1.011752128601074219e+00,1.009641170501708984e+00,3.825630247592926025e-01,3.825630247592926025e-01,3.926142454147338867e-01,3.976562023162841797e-01,3.225539997220039368e-02,3.225539997220039368e-02,5.512652546167373657e-02,5.619791522622108459e-02,2.996448054909706116e-02,2.996448054909706116e-02,5.900421738624572754e-02,4.680815339088439941e-02,3.614121675491333008e-01,3.614121675491333008e-01,3.804525732994079590e-01,3.668057620525360107e-01,1.053059577941894531e+00,1.053059577941894531e+00,9.996167421340942383e-01,9.592851996421813965e-01
1.120000000000000000e+02,1.455365180969238281e+00,1.455365180969238281e+00,1.361308097839355469e+00,1.358458280563354492e+00,1.086471319198608398e+00,1.086471319198608398e+00,1.007146954536437988e+00,1.006944179534912109e+00,3.807551264762878418e-01,3.807551264762878418e-01,3.933163881301879883e-01,3.936029672622680664e-01,3.251484036445617676e-02,3.251484036445617676e-02,5.498240143060684204e-02,5.667267739772796631e-02,3.025069646537303925e-02,3.025069646537303925e-02,6.038065999746322632e-02,4.736228287220001221e-02,3.614544272422790527e-01,3.614544272422790527e-01,3.818939626216888428e-01,3.673011660575866699e-01,1.054995059967041016e+00,1.054995059967041016e+00,9.985395073890686035e-01,9.597726464271545410e-01
1.130000000000000000e+02,1.458961963653564453e+00,1.458961963653564453e+00,1.360686779022216797e+00,1.367016077041625977e+00,1.092358350753784180e+00,1.092358350753784180e+00,1.005582571029663086e+00,1.005423784255981445e+00,3.808164000511169434e-01,3.808164000511169434e-01,3.913554847240447998e-01,3.958970010280609131e-01,3.224563226103782654e-02,3.224563226103782654e-02,5.423644185066223145e-02,5.661994963884353638e-02,3.066984191536903381e-02,3.066984191536903381e-02,6.050188466906547546e-02,4.784025624394416809e-02,3.626746535301208496e-01,3.626746535301208496e-01,3.795432150363922119e-01,3.690731525421142578e-01,1.054603457450866699e+00,1.054603457450866699e+00,9.978078603744506836e-01,9.619522094726562500e-01
1.140000000000000000e+02,1.452454447746276855e+00,1.452454447746276855e+00,1.363085269927978516e+00,1.362089633941650391e+00,1.088554024696350098e+00,1.088554024696350098e+00,1.005311131477355957e+00,1.004169702529907227e+00,3.801333904266357422e-01,3.801333904266357422e-01,3.914144039154052734e-01,3.948805332183837891e-01,3.246013447642326355e-02,3.246013447642326355e-02,5.443460494279861450e-02,5.638611689209938049e-02,3.143369778990745544e-02,3.143369778990745544e-02,6.074135750532150269e-02,4.868274182081222534e-02,3.633724153041839600e-01,3.633724153041839600e-01,3.825370371341705322e-01,3.700299263000488281e-01,1.055283784866333008e+00,1.055283784866333008e+00,9.995403885841369629e-01,9.628328084945678711e-01
1.150000000000000000e+02,1.456646561622619629e+00,1.456646561622619629e+00,1.359338283538818359e+00,1.357816934585571289e+00,1.085814476013183594e+00,1.085814476013183594e+00,1.006952047348022461e+00,1.008369445800781250e+00,3.790700435638427734e-01,3.790700435638427734e-01,3.888338506221771240e-01,3.933641314506530762e-01,3.269988298416137695e-02,3.269988298416137695e-02,5.478669703006744385e-02,5.589586868882179260e-02,3.200349211692810059e-02,3.200349211692810059e-02,6.144537776708602905e-02,4.870011657476425171e-02,3.621433377265930176e-01,3.621433377265930176e-01,3.824869096279144287e-01,3.710098564624786377e-01,1.060116052627563477e+00,1.060116052627563477e+00,9.985862374305725098e-01,9.641802310943603516e-01
1.160000000000000000e+02,1.454195022583007812e+00,1.454195022583007812e+00,1.364665031433105469e+00,1.362167835235595703e+00,1.088083505630493164e+00,1.088083505630493164e+00,1.008755087852478027e+00,1.005737781524658203e+00,3.797267675399780273e-01,3.797267675399780273e-01,3.885684907436370850e-01,3.927468061447143555e-01,3.302713483572006226e-02,3.302713483572006226e-02,5.498699471354484558e-02,5.618604272603988647e-02,3.268857672810554504e-02,3.268857672810554504e-02,6.228110194206237793e-02,4.957392439246177673e-02,3.659615814685821533e-01,3.659615814685821533e-01,3.812982738018035889e-01,3.724114298820495605e-01,1.059260129928588867e+00,1.059260129928588867e+00,9.996318817138671875e-01,9.665462970733642578e-01
1.170000000000000000e+02,1.454593181610107422e+00,1.454593181610107422e+00,1.360221624374389648e+00,1.366719603538513184e+00,1.084366917610168457e+00,1.084366917610168457e+00,1.010448217391967773e+00,1.005699872970581055e+00,3.781999945640563965e-01,3.781999945640563965e-01,3.884781002998352051e-01,3.915017545223236084e-01,3.324830532073974609e-02,3.324830532073974609e-02,5.477869510650634766e-02,5.674077942967414856e-02,3.373915702104568481e-02,3.373915702104568481e-02,6.246630102396011353e-02,4.971944168210029602e-02,3.649458587169647217e-01,3.649458587169647217e-01,3.844970166683197021e-01,3.720325827598571777e-01,1.062423825263977051e+00,1.062423825263977051e+00,1.003648996353149414e+00,9.672775864601135254e-01
1.180000000000000000e+02,1.457110047340393066e+00,1.457110047340393066e+00,1.357694387435913086e+00,1.362707018852233887e+00,1.087691068649291992e+00,1.087691068649291992e+00,1.006322264671325684e+00,1.003756642341613770e+00,3.760891556739807129e-01,3.760891556739807129e-01,3.881006538867950439e-01,3.913328647613525391e-01,3.344591706991195679e-02,3.344591706991195679e-02,5.537253990769386292e-02,5.638954043388366699e-02,3.425269201397895813e-02,3.425269201397895813e-02,6.293112039566040039e-02,4.995905235409736633e-02,3.650478720664978027e-01,3.650478720664978027e-01,3.835851550102233887e-01,3.730336427688598633e-01,1.060765743255615234e+00,1.060765743255615234e+00,1.000013828277587891e+00,9.701387882232666016e-01
1.190000000000000000e+02,1.451872825622558594e+00,1.451872825622558594e+00,1.364991664886474609e+00,1.360816478729248047e+00,1.085857391357421875e+00,1.085857391357421875e+00,1.004680871963500977e+00,1.002766013145446777e+00,3.733038902282714844e-01,3.733038902282714844e-01,3.857713341712951660e-01,3.901198804378509521e-01,3.361538797616958618e-02,3.361538797616958618e-02,5.597943812608718872e-02,5.688070133328437805e-02,3.499300777912139893e-02,3.499300777912139893e-02,6.335526704788208008e-02,5.059324949979782104e-02,3.635462224483489990e-01,3.635462224483489990e-01,3.818932175636291504e-01,3.754815459251403809e-01,1.063669681549072266e+00,1.063669681549072266e+00,1.003766059875488281e+00,9.690085053443908691e-01
1.200000000000000000e+02,1.455083608627319336e+00,1.455083608627319336e+00,1.360752582550048828e+00,1.367030739784240723e+00,1.080560445785522461e+00,1.080560445785522461e+00,1.005157113075256348e+00,1.001526117324829102e+00,3.754771947860717773e-01,3.754771947860717773e-01,3.852683603763580322e-01,3.891515433788299561e-01,3.415895998477935791e-02,3.415895998477935791e-02,5.592497438192367554e-02,5.714511126279830933e-02,3.542909026145935059e-02,3.542909026145935059e-02,6.379538774490356445e-02,5.102287232875823975e-02,3.669704198837280273e-01,3.669704198837280273e-01,3.823801279067993164e-01,3.732082545757293701e-01,1.066587686538696289e+00,1.066587686538696289e+00,1.001896977424621582e+00,9.736493825912475586e-01
1.210000000000000000e+02,1.458018779754638672e+00,1.458018779754638672e+00,1.358631372451782227e+00,1.368407130241394043e+00,1.082110047340393066e+00,1.082110047340393066e+00,1.008958339691162109e+00,1.002197623252868652e+00,3.739567101001739502e-01,3.739567101001739502e-01,3.843787014484405518e-01,3.871934711933135986e-01,3.415931761264801025e-02,3.415931761264801025e-02,5.617745593190193176e-02,5.661567300558090210e-02,3.569673746824264526e-02,3.569673746824264526e-02,6.452836841344833374e-02,5.192986130714416504e-02,3.667673170566558838e-01,3.667673170566558838e-01,3.829410672187805176e-01,3.747266232967376709e-01,1.064723372459411621e+00,1.064723372459411621e+00,1.005044937133789062e+00,9.740192294120788574e-01
1.220000000000000000e+02,1.462011814117431641e+00,1.462011814117431641e+00,1.361835837364196777e+00,1.364850282669067383e+00,1.080952405929565430e+00,1.080952405929565430e+00,1.004017829895019531e+00,1.001768112182617188e+00,3.716809153556823730e-01,3.716809153556823730e-01,3.844874203205108643e-01,3.878407478332519531e-01,3.438948094844818115e-02,3.438948094844818115e-02,5.676872283220291138e-02,5.704504251480102539e-02,3.675648570060729980e-02,3.675648570060729980e-02,6.464513391256332397e-02,5.179107189178466797e-02,3.632941246032714844e-01,3.632941246032714844e-01,3.820445239543914795e-01,3.739796876907348633e-01,1.067399501800537109e+00,1.067399501800537109e+00,1.001071810722351074e+00,9.752202033996582031e-01
1.230000000000000000e+02,1.459285140037536621e+00,1.459285140037536621e+00,1.360264182090759277e+00,1.370232105255126953e+00,1.083694815635681152e+00,1.083694815635681152e+00,1.005302429199218750e+00,1.001548051834106445e+00,3.714806139469146729e-01,3.714806139469146729e-01,3.831980228424072266e-01,3.875467181205749512e-01,3.474967181682586670e-02,3.474967181682586670e-02,5.684447661042213440e-02,5.655519664287567139e-02,3.700449317693710327e-02,3.700449317693710327e-02,6.491342931985855103e-02,5.238783732056617737e-02,3.650903105735778809e-01,3.650903105735778809e-01,3.808580935001373291e-01,3.749884068965911865e-01,1.065711975097656250e+00,1.065711975097656250e+00,1.004757404327392578e+00,9.745475053787231445e-01
1.240000000000000000e+02,1.459762215614318848e+00,1.459762215614318848e+00,1.359213590621948242e+00,1.366776585578918457e+00,1.080842733383178711e+00,1.080842733383178711e+00,1.006718277931213379e+00,9.982114434242248535e-01,3.681653439998626709e-01,3.681653439998626709e-01,3.831337690353393555e-01,3.853560686111450195e-01,3.462098538875579834e-02,3.462098538875579834e-02,5.691988766193389893e-02,5.650636553764343262e-02,3.722900897264480591e-02,3.722900897264480591e-02,6.480427086353302002e-02,5.268127471208572388e-02,3.651115298271179199e-01,3.651115298271179199e-01,3.808736503124237061e-01,3.748683631420135498e-01,1.070274829864501953e+00,1.070274829864501953e+00,1.000743627548217773e+00,9.784379601478576660e-01
1.250000000000000000e+02,1.462436437606811523e+00,1.462436437606811523e+00,1.361564159393310547e+00,1.371101617813110352e+00,1.079913139343261719e+00,1.079913139343261719e+00,1.006505250930786133e+00,1.000247716903686523e+00,3.676950335502624512e-01,3.676950335502624512e-01,3.818275034427642822e-01,3.839464485645294189e-01,3.455172106623649597e-02,3.455172106623649597e-02,5.745514109730720520e-02,5.644650012254714966e-02,3.804661333560943604e-02,3.804661333560943604e-02,6.471382081508636475e-02,5.349083244800567627e-02,3.651400804519653320e-01,3.651400804519653320e-01,3.805991709232330322e-01,3.728932142257690430e-01,1.072428464889526367e+00,1.072428464889526367e+00,1.006327152252197266e+00,9.747922420501708984e-01
1.260000000000000000e+02,1.458606719970703125e+00,1.458606719970703125e+00,1.360952734947204590e+00,1.371696710586547852e+00,1.085008740425109863e+00,1.085008740425109863e+00,1.004159331321716309e+00,9.990785717964172363e-01,3.670462369918823242e-01,3.670462369918823242e-01,3.806946277618408203e-01,3.820124864578247070e-01,3.459291905164718628e-02,3.459291905164718628e-02,5.776681005954742432e-02,5.669644102454185486e-02,3.827557712793350220e-02,3.827557712793350220e-02,6.508740782737731934e-02,5.376426503062248230e-02,3.650344014167785645e-01,3.650344014167785645e-01,3.804436922073364258e-01,3.715288639068603516e-01,1.071790456771850586e+00,1.071790456771850586e+00,1.008248329162597656e+00,9.809474945068359375e-01
1.270000000000000000e+02,1.459643483161926270e+00,1.459643483161926270e+00,1.360816478729248047e+00,1.374376296997070312e+00,1.081083774566650391e+00,1.081083774566650391e+00,1.000686883926391602e+00,9.994953870773315430e-01,3.659055829048156738e-01,3.659055829048156738e-01,3.812651038169860840e-01,3.811399936676025391e-01,3.473028540611267090e-02,3.473028540611267090e-02,5.816685780882835388e-02,5.644392594695091248e-02,3.837129473686218262e-02,3.837129473686218262e-02,6.561268866062164307e-02,5.417356640100479126e-02,3.649632930755615234e-01,3.649632930755615234e-01,3.796488046646118164e-01,3.742489814758300781e-01,1.072594523429870605e+00,1.072594523429870605e+00,1.007636427879333496e+00,9.796312451362609863e-01
1.280000000000000000e+02,1.460170507431030273e+00,1.460170507431030273e+00,1.361556291580200195e+00,1.372344613075256348e+00,1.074633717536926270e+00,1.074633717536926270e+00,1.006148338317871094e+00,9.984242916107177734e-01,3.656967282295227051e-01,3.656967282295227051e-01,3.787298202514648438e-01,3.813277482986450195e-01,3.480698913335800171e-02,3.480698913335800171e-02,5.884856358170509338e-02,5.597517639398574829e-02,3.839150443673133850e-02,3.839150443673133850e-02,6.542200595140457153e-02,5.445095151662826538e-02,3.639213144779205322e-01,3.639213144779205322e-01,3.797388076782226562e-01,3.749275505542755127e-01,1.071684598922729492e+00,1.071684598922729492e+00,1.008030414581298828e+00,9.838058948516845703e-01
1.290000000000000000e+02,1.458272218704223633e+00,1.458272218704223633e+00,1.366175413131713867e+00,1.374441623687744141e+00,1.077330827713012695e+00,1.077330827713012695e+00,1.004118919372558594e+00,1.000443458557128906e+00,3.663141429424285889e-01,3.663141429424285889e-01,3.786262273788452148e-01,3.789407908916473389e-01,3.487904369831085205e-02,3.487904369831085205e-02,5.827631801366806030e-02,5.655958130955696106e-02,3.889449685811996460e-02,3.889449685811996460e-02,6.537778675556182861e-02,5.474142357707023621e-02,3.671078085899353027e-01,3.671078085899353027e-01,3.799814581871032715e-01,3.731960058212280273e-01,1.075887799263000488e+00,1.075887799263000488e+00,1.006440877914428711e+00,9.844040274620056152e-01
1.300000000000000000e+02,1.462201595306396484e+00,1.462201595306396484e+00,1.366395950317382812e+00,1.374780535697937012e+00,1.078525304794311523e+00,1.078525304794311523e+00,1.001242160797119141e+00,9.954851865768432617e-01,3.653949499130249023e-01,3.653949499130249023e-01,3.781709372997283936e-01,3.782886266708374023e-01,3.490725904703140259e-02,3.490725904703140259e-02,5.879527330398559570e-02,5.623111128807067871e-02,3.905035555362701416e-02,3.905035555362701416e-02,6.504289805889129639e-02,5.504458397626876831e-02,3.666834533214569092e-01,3.666834533214569092e-01,3.775755465030670166e-01,3.745657801628112793e-01,1.076620817184448242e+00,1.076620817184448242e+00,1.007849693298339844e+00,9.876520037651062012e-01
1.310000000000000000e+02,1.467807769775390625e+00,1.467807769775390625e+00,1.365574598312377930e+00,1.375891923904418945e+00,1.073015928268432617e+00,1.073015928268432617e+00,1.000891923904418945e+00,9.941506385803222656e-01,3.634144365787506104e-01,3.634144365787506104e-01,3.795193731784820557e-01,3.799262046813964844e-01,3.502928838133811951e-02,3.502928838133811951e-02,5.947360396385192871e-02,5.612822249531745911e-02,3.925595432519912720e-02,3.925595432519912720e-02,6.410571187734603882e-02,5.535868555307388306e-02,3.658818304538726807e-01,3.658818304538726807e-01,3.788498044013977051e-01,3.742274641990661621e-01,1.075285673141479492e+00,1.075285673141479492e+00,1.009105443954467773e+00,9.854795932769775391e-01
1.320000000000000000e+02,1.463324904441833496e+00,1.463324904441833496e+00,1.365078330039978027e+00,1.375131130218505859e+00,1.074382543563842773e+00,1.074382543563842773e+00,9.955465197563171387e-01,9.921055436134338379e-01,3.631736636161804199e-01,3.631736636161804199e-01,3.780903816223144531e-01,3.773843050003051758e-01,3.460635244846343994e-02,3.460635244846343994e-02,5.979738384485244751e-02,5.596755072474479675e-02,3.928908333182334900e-02,3.928908333182334900e-02,6.392167508602142334e-02,5.545326322317123413e-02,3.659892380237579346e-01,3.659892380237579346e-01,3.801029920578002930e-01,3.745090961456298828e-01,1.078114986419677734e+00,1.078114986419677734e+00,1.012522697448730469e+00,9.874787926673889160e-01
1.330000000000000000e+02,1.468154430389404297e+00,1.468154430389404297e+00,1.363720893859863281e+00,1.378891944885253906e+00,1.072698116302490234e+00,1.072698116302490234e+00,9.996337890625000000e-01,9.920459985733032227e-01,3.624913692474365234e-01,3.624913692474365234e-01,3.781880736351013184e-01,3.784381449222564697e-01,3.482021018862724304e-02,3.482021018862724304e-02,5.937757343053817749e-02,5.592970550060272217e-02,3.927518427371978760e-02,3.927518427371978760e-02,6.332989037036895752e-02,5.603634938597679138e-02,3.658599853515625000e-01,3.658599853515625000e-01,3.793355524539947510e-01,3.742381930351257324e-01,1.077038764953613281e+00,1.077038764953613281e+00,1.007858037948608398e+00,9.874922037124633789e-01
1.340000000000000000e+02,1.466143250465393066e+00,1.466143250465393066e+00,1.366445779800415039e+00,1.376983284950256348e+00,1.071419358253479004e+00,1.071419358253479004e+00,9.944163560867309570e-01,9.935358166694641113e-01,3.648536801338195801e-01,3.648536801338195801e-01,3.790186643600463867e-01,3.768706619739532471e-01,3.500202298164367676e-02,3.500202298164367676e-02,5.972535163164138794e-02,5.622694641351699829e-02,3.906034678220748901e-02,3.906034678220748901e-02,6.313908100128173828e-02,5.581848695874214172e-02,3.678938746452331543e-01,3.678938746452331543e-01,3.782722055912017822e-01,3.746226429939270020e-01,1.081104040145874023e+00,1.081104040145874023e+00,1.011307835578918457e+00,9.905771613121032715e-01
1.350000000000000000e+02,1.466521263122558594e+00,1.466521263122558594e+00,1.365447998046875000e+00,1.380072116851806641e+00,1.068455338478088379e+00,1.068455338478088379e+00,9.959737062454223633e-01,9.911082983016967773e-01,3.646089136600494385e-01,3.646089136600494385e-01,3.780024945735931396e-01,3.756158947944641113e-01,3.489699587225914001e-02,3.489699587225914001e-02,6.017953529953956604e-02,5.643448233604431152e-02,3.846040368080139160e-02,3.846040368080139160e-02,6.242116540670394897e-02,5.547291785478591919e-02,3.688466250896453857e-01,3.688466250896453857e-01,3.794383406639099121e-01,3.751995563507080078e-01,1.077242255210876465e+00,1.077242255210876465e+00,1.009160995483398438e+00,9.891477227210998535e-01
1.360000000000000000e+02,1.468163251876831055e+00,1.468163251876831055e+00,1.361898183822631836e+00,1.377227544784545898e+00,1.066439151763916016e+00,1.066439151763916016e+00,9.945031404495239258e-01,9.860647916793823242e-01,3.636865615844726562e-01,3.636865615844726562e-01,3.793883621692657471e-01,3.771002590656280518e-01,3.496737033128738403e-02,3.496737033128738403e-02,6.028645485639572144e-02,5.612923204898834229e-02,3.820769488811492920e-02,3.820769488811492920e-02,6.230369210243225098e-02,5.635198205709457397e-02,3.679784536361694336e-01,3.679784536361694336e-01,3.792698383331298828e-01,3.775317668914794922e-01,1.081362247467041016e+00,1.081362247467041016e+00,1.009589910507202148e+00,9.915465116500854492e-01
1.370000000000000000e+02,1.466855645179748535e+00,1.466855645179748535e+00,1.363089799880981445e+00,1.377247691154479980e+00,1.067640542984008789e+00,1.067640542984008789e+00,9.915748834609985352e-01,9.862856864929199219e-01,3.644896149635314941e-01,3.644896149635314941e-01,3.812552392482757568e-01,3.767596781253814697e-01,3.499902039766311646e-02,3.499902039766311646e-02,6.061912328004837036e-02,5.680509656667709351e-02,3.822208195924758911e-02,3.822208195924758911e-02,6.114223599433898926e-02,5.619075894355773926e-02,3.695428073406219482e-01,3.695428073406219482e-01,3.805319368839263916e-01,3.753081560134887695e-01,1.076459765434265137e+00,1.076459765434265137e+00,1.008467435836791992e+00,9.932037591934204102e-01
1.380000000000000000e+02,1.466897010803222656e+00,1.466897010803222656e+00,1.368704915046691895e+00,1.379620790481567383e+00,1.061751723289489746e+00,1.061751723289489746e+00,9.934852719306945801e-01,9.873467087745666504e-01,3.656278848648071289e-01,3.656278848648071289e-01,3.782081604003906250e-01,3.768919706344604492e-01,3.496349602937698364e-02,3.496349602937698364e-02,6.082427501678466797e-02,5.685955286026000977e-02,3.808073699474334717e-02,3.808073699474334717e-02,6.058309972286224365e-02,5.623013526201248169e-02,3.719572722911834717e-01,3.719572722911834717e-01,3.811206817626953125e-01,3.761319816112518311e-01,1.073902726173400879e+00,1.073902726173400879e+00,1.008006811141967773e+00,9.921001195907592773e-01
1.390000000000000000e+02,1.470295667648315430e+00,1.470295667648315430e+00,1.365231752395629883e+00,1.379895687103271484e+00,1.061542749404907227e+00,1.061542749404907227e+00,9.892864823341369629e-01,9.842849969863891602e-01,3.653568625450134277e-01,3.653568625450134277e-01,3.788581490516662598e-01,3.765602707862854004e-01,3.525085002183914185e-02,3.525085002183914185e-02,6.057554483413696289e-02,5.641546845436096191e-02,3.755254670977592468e-02,3.755254670977592468e-02,5.981682613492012024e-02,5.647195875644683838e-02,3.718574047088623047e-01,3.718574047088623047e-01,3.800543248653411865e-01,3.793372809886932373e-01,1.079473018646240234e+00,1.079473018646240234e+00,1.009896755218505859e+00,9.910919666290283203e-01
1.400000000000000000e+02,1.468542814254760742e+00,1.468542814254760742e+00,1.368307352066040039e+00,1.373430013656616211e+00,1.062263131141662598e+00,1.062263131141662598e+00,9.934701919555664062e-01,9.826682209968566895e-01,3.655954301357269287e-01,3.655954301357269287e-01,3.795876204967498779e-01,3.771688342094421387e-01,3.538668900728225708e-02,3.538668900728225708e-02,6.101182103157043457e-02,5.699125677347183228e-02,3.735580667853355408e-02,3.735580667853355408e-02,5.902697890996932983e-02,5.622980371117591858e-02,3.721012771129608154e-01,3.721012771129608154e-01,3.803677558898925781e-01,3.761616945266723633e-01,1.077621936798095703e+00,1.077621936798095703e+00,1.010055065155029297e+00,9.918072819709777832e-01
1.410000000000000000e+02,1.469258308410644531e+00,1.469258308410644531e+00,1.369935035705566406e+00,1.378957748413085938e+00,1.059911251068115234e+00,1.059911251068115234e+00,9.862234592437744141e-01,9.826548099517822266e-01,3.672283887863159180e-01,3.672283887863159180e-01,3.809084296226501465e-01,3.775248527526855469e-01,3.509320318698883057e-02,3.509320318698883057e-02,6.136697158217430115e-02,5.661897361278533936e-02,3.690614178776741028e-02,3.690614178776741028e-02,5.827160924673080444e-02,5.618439987301826477e-02,3.724440634250640869e-01,3.724440634250640869e-01,3.802391886711120605e-01,3.790392875671386719e-01,1.076002001762390137e+00,1.076002001762390137e+00,1.011370658874511719e+00,9.935836791992187500e-01
1.420000000000000000e+02,1.469585061073303223e+00,1.469585061073303223e+00,1.370435833930969238e+00,1.379139423370361328e+00,1.062488913536071777e+00,1.062488913536071777e+00,9.903754591941833496e-01,9.847098588943481445e-01,3.663682341575622559e-01,3.663682341575622559e-01,3.803576231002807617e-01,3.777306377887725830e-01,3.505647182464599609e-02,3.505647182464599609e-02,6.105320900678634644e-02,5.699552595615386963e-02,3.655641153454780579e-02,3.655641153454780579e-02,5.848855525255203247e-02,5.583894997835159302e-02,3.724524378776550293e-01,3.724524378776550293e-01,3.808812499046325684e-01,3.814639151096343994e-01,1.074818968772888184e+00,1.074818968772888184e+00,1.010737299919128418e+00,9.938241243362426758e-01
1.430000000000000000e+02,1.468101143836975098e+00,1.468101143836975098e+00,1.373703837394714355e+00,1.379256606101989746e+00,1.060052156448364258e+00,1.060052156448364258e+00,9.873067736625671387e-01,9.816496968269348145e-01,3.683692216873168945e-01,3.683692216873168945e-01,3.803598284721374512e-01,3.789341151714324951e-01,3.518907725811004639e-02,3.518907725811004639e-02,6.156338751316070557e-02,5.695413425564765930e-02,3.620348125696182251e-02,3.620348125696182251e-02,5.783225595951080322e-02,5.634965002536773682e-02,3.764088749885559082e-01,3.764088749885559082e-01,3.818578720092773438e-01,3.798781633377075195e-01,1.077399969100952148e+00,1.077399969100952148e+00,1.009421348571777344e+00,9.941335916519165039e-01
1.440000000000000000e+02,1.468902587890625000e+00,1.468902587890625000e+00,1.364493131637573242e+00,1.379625678062438965e+00,1.059570670127868652e+00,1.059570670127868652e+00,9.832079410552978516e-01,9.800945520401000977e-01,3.689485788345336914e-01,3.689485788345336914e-01,3.807271122932434082e-01,3.790686726570129395e-01,3.487553447484970093e-02,3.487553447484970093e-02,6.127573549747467041e-02,5.737964063882827759e-02,3.610868752002716064e-02,3.610868752002716064e-02,5.642686784267425537e-02,5.623735487461090088e-02,3.763120770454406738e-01,3.763120770454406738e-01,3.848311305046081543e-01,3.814287185668945312e-01,1.072468876838684082e+00,1.072468876838684082e+00,1.010367631912231445e+00,9.962237477302551270e-01
1.450000000000000000e+02,1.471869945526123047e+00,1.471869945526123047e+00,1.369332551956176758e+00,1.376470923423767090e+00,1.057253122329711914e+00,1.057253122329711914e+00,9.867664575576782227e-01,9.841857552528381348e-01,3.690626621246337891e-01,3.690626621246337891e-01,3.820627331733703613e-01,3.771960437297821045e-01,3.510180860757827759e-02,3.510180860757827759e-02,6.158789619803428650e-02,5.671608075499534607e-02,3.540731593966484070e-02,3.540731593966484070e-02,5.622165650129318237e-02,5.603741854429244995e-02,3.775658607482910156e-01,3.775658607482910156e-01,3.839631378650665283e-01,3.812299966812133789e-01,1.074419975280761719e+00,1.074419975280761719e+00,1.008694767951965332e+00,9.929163455963134766e-01
1.460000000000000000e+02,1.471783876419067383e+00,1.471783876419067383e+00,1.373084068298339844e+00,1.380014896392822266e+00,1.057080030441284180e+00,1.057080030441284180e+00,9.846901893615722656e-01,9.807853698730468750e-01,3.693807721138000488e-01,3.693807721138000488e-01,3.795331716537475586e-01,3.790057301521301270e-01,3.537044674158096313e-02,3.537044674158096313e-02,6.122347339987754822e-02,5.727715045213699341e-02,3.526903316378593445e-02,3.526903316378593445e-02,5.584953725337982178e-02,5.604182183742523193e-02,3.772146999835968018e-01,3.772146999835968018e-01,3.845293521881103516e-01,3.825044035911560059e-01,1.078389048576354980e+00,1.078389048576354980e+00,1.008771419525146484e+00,9.937746524810791016e-01
1.470000000000000000e+02,1.471587419509887695e+00,1.471587419509887695e+00,1.372051000595092773e+00,1.381860971450805664e+00,1.059186697006225586e+00,1.059186697006225586e+00,9.871169924736022949e-01,9.798774719238281250e-01,3.689170479774475098e-01,3.689170479774475098e-01,3.817499279975891113e-01,3.796313703060150146e-01,3.502443805336952209e-02,3.502443805336952209e-02,6.129577010869979858e-02,5.729283019900321960e-02,3.488082438707351685e-02,3.488082438707351685e-02,5.526614934206008911e-02,5.656772106885910034e-02,3.774089813232421875e-01,3.774089813232421875e-01,3.861653506755828857e-01,3.812093734741210938e-01,1.075107097625732422e+00,1.075107097625732422e+00,1.007042884826660156e+00,9.936522841453552246e-01
1.480000000000000000e+02,1.475343227386474609e+00,1.475343227386474609e+00,1.368546009063720703e+00,1.378515243530273438e+00,1.056072235107421875e+00,1.056072235107421875e+00,9.851837158203125000e-01,9.784659147262573242e-01,3.694537878036499023e-01,3.694537878036499023e-01,3.807902932167053223e-01,3.795838356018066406e-01,3.546174615621566772e-02,3.546174615621566772e-02,6.098183989524841309e-02,5.734669417142868042e-02,3.455404937267303467e-02,3.455404937267303467e-02,5.538284778594970703e-02,5.652035772800445557e-02,3.786771893501281738e-01,3.786771893501281738e-01,3.860170841217041016e-01,3.829129934310913086e-01,1.078016757965087891e+00,1.078016757965087891e+00,1.004500389099121094e+00,9.938021898269653320e-01
1.490000000000000000e+02,1.472517728805541992e+00,1.472517728805541992e+00,1.372545003890991211e+00,1.378215789794921875e+00,1.059522151947021484e+00,1.059522151947021484e+00,9.847346544265747070e-01,9.794958829879760742e-01,3.710253238677978516e-01,3.710253238677978516e-01,3.812302350997924805e-01,3.772822022438049316e-01,3.527456149458885193e-02,3.527456149458885193e-02,6.131752580404281616e-02,5.747152492403984070e-02,3.433372080326080322e-02,3.433372080326080322e-02,5.456598103046417236e-02,5.625775456428527832e-02,3.799349665641784668e-01,3.799349665641784668e-01,3.878601789474487305e-01,3.835931420326232910e-01,1.075279235839843750e+00,1.075279235839843750e+00,1.010680556297302246e+00,9.953991174697875977e-01
1.500000000000000000e+02,1.469652652740478516e+00,1.469652652740478516e+00,1.369208812713623047e+00,1.379056930541992188e+00,1.056978344917297363e+00,1.056978344917297363e+00,9.824682474136352539e-01,9.767277836799621582e-01,3.703242838382720947e-01,3.703242838382720947e-01,3.817970752716064453e-01,3.789887130260467529e-01,3.523948788642883301e-02,3.523948788642883301e-02,6.093358993530273438e-02,5.749669298529624939e-02,3.390906006097793579e-02,3.390906006097793579e-02,5.374441295862197876e-02,5.621772259473800659e-02,3.800489902496337891e-01,3.800489902496337891e-01,3.889893293380737305e-01,3.850485086441040039e-01,1.075639247894287109e+00,1.075639247894287109e+00,1.004037261009216309e+00,9.979141950607299805e-01
1.510000000000000000e+02,1.469559192657470703e+00,1.469559192657470703e+00,1.371487617492675781e+00,1.376252412796020508e+00,1.056209325790405273e+00,1.056209325790405273e+00,9.821038842201232910e-01,9.802359342575073242e-01,3.722704350948333740e-01,3.722704350948333740e-01,3.824084401130676270e-01,3.802546262741088867e-01,3.532394021749496460e-02,3.532394021749496460e-02,6.034459173679351807e-02,5.701324343681335449e-02,3.401784598827362061e-02,3.401784598827362061e-02,5.365548282861709595e-02,5.612464249134063721e-02,3.828986287117004395e-01,3.828986287117004395e-01,3.887942433357238770e-01,3.846594691276550293e-01,1.075196743011474609e+00,1.075196743011474609e+00,1.009614467620849609e+00,9.957197904586791992e-01
1.520000000000000000e+02,1.469190716743469238e+00,1.469190716743469238e+00,1.372136116027832031e+00,1.376759052276611328e+00,1.052725791931152344e+00,1.052725791931152344e+00,9.839891195297241211e-01,9.754934310913085938e-01,3.718560934066772461e-01,3.718560934066772461e-01,3.823500275611877441e-01,3.786674439907073975e-01,3.529082238674163818e-02,3.529082238674163818e-02,6.100734323263168335e-02,5.699606612324714661e-02,3.319405019283294678e-02,3.319405019283294678e-02,5.321785062551498413e-02,5.641380697488784790e-02,3.819606602191925049e-01,3.819606602191925049e-01,3.886666893959045410e-01,3.840734958648681641e-01,1.076383709907531738e+00,1.076383709907531738e+00,1.006811141967773438e+00,9.926124811172485352e-01
1.530000000000000000e+02,1.468081116676330566e+00,1.468081116676330566e+00,1.369872570037841797e+00,1.380732297897338867e+00,1.051314473152160645e+00,1.051314473152160645e+00,9.851293563842773438e-01,9.777352809906005859e-01,3.743720650672912598e-01,3.743720650672912598e-01,3.837579488754272461e-01,3.788703382015228271e-01,3.524701297283172607e-02,3.524701297283172607e-02,6.128364056348800659e-02,5.707597732543945312e-02,3.299230709671974182e-02,3.299230709671974182e-02,5.310411006212234497e-02,5.625368654727935791e-02,3.860181570053100586e-01,3.860181570053100586e-01,3.922524452209472656e-01,3.852335810661315918e-01,1.070405721664428711e+00,1.070405721664428711e+00,1.005973577499389648e+00,9.917427897453308105e-01
1.540000000000000000e+02,1.465134143829345703e+00,1.465134143829345703e+00,1.370557069778442383e+00,1.379127740859985352e+00,1.054837584495544434e+00,1.054837584495544434e+00,9.820579886436462402e-01,9.766315221786499023e-01,3.732716739177703857e-01,3.732716739177703857e-01,3.840440213680267334e-01,3.790338337421417236e-01,3.518613800406455994e-02,3.518613800406455994e-02,6.098200380802154541e-02,5.710747465491294861e-02,3.301038593053817749e-02,3.301038593053817749e-02,5.312453210353851318e-02,5.632503330707550049e-02,3.844026029109954834e-01,3.844026029109954834e-01,3.927988111972808838e-01,3.879207372665405273e-01,1.075439929962158203e+00,1.075439929962158203e+00,1.005944132804870605e+00,9.976561665534973145e-01
1.550000000000000000e+02,1.463581442832946777e+00,1.463581442832946777e+00,1.369385600090026855e+00,1.380272150039672852e+00,1.054352879524230957e+00,1.054352879524230957e+00,9.828627705574035645e-01,9.743962287902832031e-01,3.750476837158203125e-01,3.750476837158203125e-01,3.837513923645019531e-01,3.808229565620422363e-01,3.466093540191650391e-02,3.466093540191650391e-02,6.101901456713676453e-02,5.710699036717414856e-02,3.306572139263153076e-02,3.306572139263153076e-02,5.263629183173179626e-02,5.625514313578605652e-02,3.866443634033203125e-01,3.866443634033203125e-01,3.932991027832031250e-01,3.891777992248535156e-01,1.074194669723510742e+00,1.074194669723510742e+00,1.003006219863891602e+00,9.957529306411743164e-01
1.560000000000000000e+02,1.465316772460937500e+00,1.465316772460937500e+00,1.368657827377319336e+00,1.373070478439331055e+00,1.051581501960754395e+00,1.051581501960754395e+00,9.824054241180419922e-01,9.762593507766723633e-01,3.735811710357666016e-01,3.735811710357666016e-01,3.843205571174621582e-01,3.796106874942779541e-01,3.536439687013626099e-02,3.536439687013626099e-02,6.107182800769805908e-02,5.734670162200927734e-02,3.248360008001327515e-02,3.248360008001327515e-02,5.268119275569915771e-02,5.650606378912925720e-02,3.880742192268371582e-01,3.880742192268371582e-01,3.952916860580444336e-01,3.891224563121795654e-01,1.075742363929748535e+00,1.075742363929748535e+00,1.002595663070678711e+00,9.967466592788696289e-01
1.570000000000000000e+02,1.462548613548278809e+00,1.462548613548278809e+00,1.368091821670532227e+00,1.374363660812377930e+00,1.050682425498962402e+00,1.050682425498962402e+00,9.839698076248168945e-01,9.716287255287170410e-01,3.758954703807830811e-01,3.758954703807830811e-01,3.840920925140380859e-01,3.808603286743164062e-01,3.500116616487503052e-02,3.500116616487503052e-02,6.120404601097106934e-02,5.732803046703338623e-02,3.217655420303344727e-02,3.217655420303344727e-02,5.244541913270950317e-02,5.646907538175582886e-02,3.892815113067626953e-01,3.892815113067626953e-01,3.951105773448944092e-01,3.892449736595153809e-01,1.074268102645874023e+00,1.074268102645874023e+00,1.004274010658264160e+00,9.947307109832763672e-01
1.580000000000000000e+02,1.468885302543640137e+00,1.468885302543640137e+00,1.369684934616088867e+00,1.375490665435791016e+00,1.052275061607360840e+00,1.052275061607360840e+00,9.826880693435668945e-01,9.730657339096069336e-01,3.754785358905792236e-01,3.754785358905792236e-01,3.832971155643463135e-01,3.816263973712921143e-01,3.500062227249145508e-02,3.500062227249145508e-02,6.064427644014358521e-02,5.730042979121208191e-02,3.244887664914131165e-02,3.244887664914131165e-02,5.227098241448402405e-02,5.635095387697219849e-02,3.898105919361114502e-01,3.898105919361114502e-01,3.951811194419860840e-01,3.909145891666412354e-01,1.077188014984130859e+00,1.077188014984130859e+00,1.004749417304992676e+00,9.974744319915771484e-01
1.590000000000000000e+02,1.465517044067382812e+00,1.465517044067382812e+00,1.364466905593872070e+00,1.378212213516235352e+00,1.051930665969848633e+00,1.051930665969848633e+00,9.831596612930297852e-01,9.723864793777465820e-01,3.758442699909210205e-01,3.758442699909210205e-01,3.832752704620361328e-01,3.801056742668151855e-01,3.462956473231315613e-02,3.462956473231315613e-02,6.093568354845046997e-02,5.715557560324668884e-02,3.258380293846130371e-02,3.258380293846130371e-02,5.240569263696670532e-02,5.636980384588241577e-02,3.898925185203552246e-01,3.898925185203552246e-01,3.965671658515930176e-01,3.907852470874786377e-01,1.071164369583129883e+00,1.071164369583129883e+00,1.004999518394470215e+00,9.927388429641723633e-01
1.600000000000000000e+02,1.462459087371826172e+00,1.462459087371826172e+00,1.360790014266967773e+00,1.375099420547485352e+00,1.051279544830322266e+00,1.051279544830322266e+00,9.795073270797729492e-01,9.730429649353027344e-01,3.770067989826202393e-01,3.770067989826202393e-01,3.854787945747375488e-01,3.789681792259216309e-01,3.492476791143417358e-02,3.492476791143417358e-02,6.118556484580039978e-02,5.697019770741462708e-02,3.211559727787971497e-02,3.211559727787971497e-02,5.222076922655105591e-02,5.640849843621253967e-02,3.927896916866302490e-01,3.927896916866302490e-01,3.966983854770660400e-01,3.914839625358581543e-01,1.072719454765319824e+00,1.072719454765319824e+00,1.006652116775512695e+00,9.962754249572753906e-01
1.610000000000000000e+02,1.462619900703430176e+00,1.462619900703430176e+00,1.363148689270019531e+00,1.372723102569580078e+00,1.050981521606445312e+00,1.050981521606445312e+00,9.809926748275756836e-01,9.696601629257202148e-01,3.775007128715515137e-01,3.775007128715515137e-01,3.862994015216827393e-01,3.795489370822906494e-01,3.462222963571548462e-02,3.462222963571548462e-02,6.060237437486648560e-02,5.718718841671943665e-02,3.236877918243408203e-02,3.236877918243408203e-02,5.216883495450019836e-02,5.656182765960693359e-02,3.924058079719543457e-01,3.924058079719543457e-01,3.971569240093231201e-01,3.925943374633789062e-01,1.069652080535888672e+00,1.069652080535888672e+00,1.002282500267028809e+00,9.951931238174438477e-01
1.620000000000000000e+02,1.460824728012084961e+00,1.460824728012084961e+00,1.367994904518127441e+00,1.372620344161987305e+00,1.050487995147705078e+00,1.050487995147705078e+00,9.804763793945312500e-01,9.686672687530517578e-01,3.786215186119079590e-01,3.786215186119079590e-01,3.864880502223968506e-01,3.791896700859069824e-01,3.448880091309547424e-02,3.448880091309547424e-02,6.074323505163192749e-02,5.682443082332611084e-02,3.191330283880233765e-02,3.191330283880233765e-02,5.242669582366943359e-02,5.665574967861175537e-02,3.939787745475769043e-01,3.939787745475769043e-01,3.995397388935089111e-01,3.930315077304840088e-01,1.067579746246337891e+00,1.067579746246337891e+00,1.001059532165527344e+00,9.934229254722595215e-01
1.630000000000000000e+02,1.463445186614990234e+00,1.463445186614990234e+00,1.367372751235961914e+00,1.365422606468200684e+00,1.046447157859802246e+00,1.046447157859802246e+00,9.793521165847778320e-01,9.687731266021728516e-01,3.783534765243530273e-01,3.783534765243530273e-01,3.874357342720031738e-01,3.796731829643249512e-01,3.430131822824478149e-02,3.430131822824478149e-02,6.056007370352745056e-02,5.614291131496429443e-02,3.194854781031608582e-02,3.194854781031608582e-02,5.254677683115005493e-02,5.629286915063858032e-02,3.936296105384826660e-01,3.936296105384826660e-01,3.976800739765167236e-01,3.942841291427612305e-01,1.071245789527893066e+00,1.071245789527893066e+00,1.000868797302246094e+00,9.917150139808654785e-01
1.640000000000000000e+02,1.463000535964965820e+00,1.463000535964965820e+00,1.367343306541442871e+00,1.368821024894714355e+00,1.043289184570312500e+00,1.043289184570312500e+00,9.771869182586669922e-01,9.680052399635314941e-01,3.790388703346252441e-01,3.790388703346252441e-01,3.882251977920532227e-01,3.819415271282196045e-01,3.429013490676879883e-02,3.429013490676879883e-02,5.952394381165504456e-02,5.638951808214187622e-02,3.141617029905319214e-02,3.141617029905319214e-02,5.202357098460197449e-02,5.704435706138610840e-02,3.959250152111053467e-01,3.959250152111053467e-01,4.005714058876037598e-01,3.933868408203125000e-01,1.065445423126220703e+00,1.065445423126220703e+00,9.993976950645446777e-01,9.915756583213806152e-01
1.650000000000000000e+02,1.457360029220581055e+00,1.457360029220581055e+00,1.363486051559448242e+00,1.369349002838134766e+00,1.049263954162597656e+00,1.049263954162597656e+00,9.745365381240844727e-01,9.675492048263549805e-01,3.820285797119140625e-01,3.820285797119140625e-01,3.884965479373931885e-01,3.820887506008148193e-01,3.399704769253730774e-02,3.399704769253730774e-02,5.983472988009452820e-02,5.649213492870330811e-02,3.140937909483909607e-02,3.140937909483909607e-02,5.254824087023735046e-02,5.636696144938468933e-02,3.974185883998870850e-01,3.974185883998870850e-01,3.991349339485168457e-01,3.957516551017761230e-01,1.066715002059936523e+00,1.066715002059936523e+00,9.989421963691711426e-01,9.919228553771972656e-01
1.660000000000000000e+02,1.458361148834228516e+00,1.458361148834228516e+00,1.371212005615234375e+00,1.370549321174621582e+00,1.044256210327148438e+00,1.044256210327148438e+00,9.741762280464172363e-01,9.655795097351074219e-01,3.801307678222656250e-01,3.801307678222656250e-01,3.887219429016113281e-01,3.811554014682769775e-01,3.385201096534729004e-02,3.385201096534729004e-02,6.014800071716308594e-02,5.678286030888557434e-02,3.111521713435649872e-02,3.111521713435649872e-02,5.197414010763168335e-02,5.655686557292938232e-02,3.972735404968261719e-01,3.972735404968261719e-01,4.022230505943298340e-01,3.952999711036682129e-01,1.070183277130126953e+00,1.070183277130126953e+00,9.998109340667724609e-01,9.921431541442871094e-01
1.670000000000000000e+02,1.456897377967834473e+00,1.456897377967834473e+00,1.364575862884521484e+00,1.369973897933959961e+00,1.041272401809692383e+00,1.041272401809692383e+00,9.771556854248046875e-01,9.675571918487548828e-01,3.812862634658813477e-01,3.812862634658813477e-01,3.904047608375549316e-01,3.807977437973022461e-01,3.386890143156051636e-02,3.386890143156051636e-02,5.946095287799835205e-02,5.641329288482666016e-02,3.098576888442039490e-02,3.098576888442039490e-02,5.243502929806709290e-02,5.636873096227645874e-02,3.987066149711608887e-01,3.987066149711608887e-01,4.007897377014160156e-01,3.972668945789337158e-01,1.071551680564880371e+00,1.071551680564880371e+00,9.983355998992919922e-01,9.930285811424255371e-01
1.680000000000000000e+02,1.461812496185302734e+00,1.461812496185302734e+00,1.367862582206726074e+00,1.370141029357910156e+00,1.042133808135986328e+00,1.042133808135986328e+00,9.733086228370666504e-01,9.662410616874694824e-01,3.808620274066925049e-01,3.808620274066925049e-01,3.914114832878112793e-01,3.814272880554199219e-01,3.377207741141319275e-02,3.377207741141319275e-02,5.889752507209777832e-02,5.636173486709594727e-02,3.106518462300300598e-02,3.106518462300300598e-02,5.264216661453247070e-02,5.678530409932136536e-02,3.984328806400299072e-01,3.984328806400299072e-01,4.035293459892272949e-01,3.972124457359313965e-01,1.066713809967041016e+00,1.066713809967041016e+00,9.986986517906188965e-01,9.937683343887329102e-01
1.690000000000000000e+02,1.460202455520629883e+00,1.460202455520629883e+00,1.368061065673828125e+00,1.373962402343750000e+00,1.038671374320983887e+00,1.038671374320983887e+00,9.740028381347656250e-01,9.624090790748596191e-01,3.826420903205871582e-01,3.826420903205871582e-01,3.909227848052978516e-01,3.804711103439331055e-01,3.366257995367050171e-02,3.366257995367050171e-02,5.904715508222579956e-02,5.652462691068649292e-02,3.125752881169319153e-02,3.125752881169319153e-02,5.240305513143539429e-02,5.671636387705802917e-02,4.011502563953399658e-01,4.011502563953399658e-01,4.019536375999450684e-01,3.978254199028015137e-01,1.067110061645507812e+00,1.067110061645507812e+00,9.970788955688476562e-01,9.919409751892089844e-01
1.700000000000000000e+02,1.457176446914672852e+00,1.457176446914672852e+00,1.368771553039550781e+00,1.369370818138122559e+00,1.038183331489562988e+00,1.038183331489562988e+00,9.728786945343017578e-01,9.616882801055908203e-01,3.835942745208740234e-01,3.835942745208740234e-01,3.917054235935211182e-01,3.817590475082397461e-01,3.427829965949058533e-02,3.427829965949058533e-02,5.850799381732940674e-02,5.633681267499923706e-02,3.101117163896560669e-02,3.101117163896560669e-02,5.307750031352043152e-02,5.627970024943351746e-02,4.022487998008728027e-01,4.022487998008728027e-01,4.059959650039672852e-01,3.961395621299743652e-01,1.069687128067016602e+00,1.069687128067016602e+00,9.995147585868835449e-01,9.932181835174560547e-01
1.710000000000000000e+02,1.464535236358642578e+00,1.464535236358642578e+00,1.366730213165283203e+00,1.371346354484558105e+00,1.038864016532897949e+00,1.038864016532897949e+00,9.724787473678588867e-01,9.619383811950683594e-01,3.838168084621429443e-01,3.838168084621429443e-01,3.939140141010284424e-01,3.824258148670196533e-01,3.404861688613891602e-02,3.404861688613891602e-02,5.887614935636520386e-02,5.645255744457244873e-02,3.155333548784255981e-02,3.155333548784255981e-02,5.311461538076400757e-02,5.608772113919258118e-02,4.016584455966949463e-01,4.016584455966949463e-01,4.069417119026184082e-01,3.996973633766174316e-01,1.065225243568420410e+00,1.065225243568420410e+00,9.970602393150329590e-01,9.927064180374145508e-01
1.720000000000000000e+02,1.458735704421997070e+00,1.458735704421997070e+00,1.366872787475585938e+00,1.367420315742492676e+00,1.036213397979736328e+00,1.036213397979736328e+00,9.729614853858947754e-01,9.609535336494445801e-01,3.840844035148620605e-01,3.840844035148620605e-01,3.935267031192779541e-01,3.839893341064453125e-01,3.411841019988059998e-02,3.411841019988059998e-02,5.901269614696502686e-02,5.671516805887222290e-02,3.162365406751632690e-02,3.162365406751632690e-02,5.286379158496856689e-02,5.636180192232131958e-02,4.020304679870605469e-01,4.020304679870605469e-01,4.074664711952209473e-01,3.995804786682128906e-01,1.064647912979125977e+00,1.064647912979125977e+00,1.000264644622802734e+00,9.918005466461181641e-01
1.730000000000000000e+02,1.454250812530517578e+00,1.454250812530517578e+00,1.361544370651245117e+00,1.367319464683532715e+00,1.037026166915893555e+00,1.037026166915893555e+00,9.690338373184204102e-01,9.613459110260009766e-01,3.850062191486358643e-01,3.850062191486358643e-01,3.962132632732391357e-01,3.837970495223999023e-01,3.437965363264083862e-02,3.437965363264083862e-02,5.831550806760787964e-02,5.657467991113662720e-02,3.117587976157665253e-02,3.117587976157665253e-02,5.315487459301948547e-02,5.659950897097587585e-02,4.035198688507080078e-01,4.035198688507080078e-01,4.083690643310546875e-01,4.019088149070739746e-01,1.064942121505737305e+00,1.064942121505737305e+00,9.984502792358398438e-01,9.913368821144104004e-01
1.740000000000000000e+02,1.458159923553466797e+00,1.458159923553466797e+00,1.363844752311706543e+00,1.367544651031494141e+00,1.036470174789428711e+00,1.036470174789428711e+00,9.706053733825683594e-01,9.594172239303588867e-01,3.876877129077911377e-01,3.876877129077911377e-01,3.937823474407196045e-01,3.859958946704864502e-01,3.450629487633705139e-02,3.450629487633705139e-02,5.896794050931930542e-02,5.660491064190864563e-02,3.197567909955978394e-02,3.197567909955978394e-02,5.361833050847053528e-02,5.665690451860427856e-02,4.054644703865051270e-01,4.054644703865051270e-01,4.072806835174560547e-01,4.015448689460754395e-01,1.061931371688842773e+00,1.061931371688842773e+00,9.957073926925659180e-01,9.918366074562072754e-01
1.750000000000000000e+02,1.458281040191650391e+00,1.458281040191650391e+00,1.361481189727783203e+00,1.366084098815917969e+00,1.037819027900695801e+00,1.037819027900695801e+00,9.682444334030151367e-01,9.571507573127746582e-01,3.884751498699188232e-01,3.884751498699188232e-01,3.976826369762420654e-01,3.857790827751159668e-01,3.449470177292823792e-02,3.449470177292823792e-02,5.863919109106063843e-02,5.733683332800865173e-02,3.206210955977439880e-02,3.206210955977439880e-02,5.403166264295578003e-02,5.741880089044570923e-02,4.065325856208801270e-01,4.065325856208801270e-01,4.085658788681030273e-01,4.032748937606811523e-01,1.063021659851074219e+00,1.063021659851074219e+00,9.951774477958679199e-01,9.922695755958557129e-01
1.760000000000000000e+02,1.453136920928955078e+00,1.453136920928955078e+00,1.365997672080993652e+00,1.366468191146850586e+00,1.035915970802307129e+00,1.035915970802307129e+00,9.703122377395629883e-01,9.630026817321777344e-01,3.884703516960144043e-01,3.884703516960144043e-01,3.967446088790893555e-01,3.853620290756225586e-01,3.504008054733276367e-02,3.504008054733276367e-02,5.855571106076240540e-02,5.756594240665435791e-02,3.239583969116210938e-02,3.239583969116210938e-02,5.456154048442840576e-02,5.707056820392608643e-02,4.053497016429901123e-01,4.053497016429901123e-01,4.101062417030334473e-01,4.022850990295410156e-01,1.066980361938476562e+00,1.066980361938476562e+00,9.956816434860229492e-01,9.909563064575195312e-01
1.770000000000000000e+02,1.454728841781616211e+00,1.454728841781616211e+00,1.364379644393920898e+00,1.364827275276184082e+00,1.035687923431396484e+00,1.035687923431396484e+00,9.688170552253723145e-01,9.603596329689025879e-01,3.889300227165222168e-01,3.889300227165222168e-01,3.984864950180053711e-01,3.872235119342803955e-01,3.509352356195449829e-02,3.509352356195449829e-02,5.839994549751281738e-02,5.789054930210113525e-02,3.245751559734344482e-02,3.245751559734344482e-02,5.499431118369102478e-02,5.750839784741401672e-02,4.059637486934661865e-01,4.059637486934661865e-01,4.115789532661437988e-01,4.027801156044006348e-01,1.062011480331420898e+00,1.062011480331420898e+00,9.938021302223205566e-01,9.914830923080444336e-01
1.780000000000000000e+02,1.452958583831787109e+00,1.452958583831787109e+00,1.361292600631713867e+00,1.363016009330749512e+00,1.035136580467224121e+00,1.035136580467224121e+00,9.691421389579772949e-01,9.618422985076904297e-01,3.891181647777557373e-01,3.891181647777557373e-01,3.978648185729980469e-01,3.874207139015197754e-01,3.550232946872711182e-02,3.550232946872711182e-02,5.804080516099929810e-02,5.790412425994873047e-02,3.312246128916740417e-02,3.312246128916740417e-02,5.517552047967910767e-02,5.765013396739959717e-02,4.066001176834106445e-01,4.066001176834106445e-01,4.098142385482788086e-01,4.018344581127166748e-01,1.066458225250244141e+00,1.066458225250244141e+00,9.936398267745971680e-01,9.921226501464843750e-01
1.790000000000000000e+02,1.451498627662658691e+00,1.451498627662658691e+00,1.358916044235229492e+00,1.362128019332885742e+00,1.038084268569946289e+00,1.038084268569946289e+00,9.699631333351135254e-01,9.620698094367980957e-01,3.910373151302337646e-01,3.910373151302337646e-01,3.988764882087707520e-01,3.887355327606201172e-01,3.579962626099586487e-02,3.579962626099586487e-02,5.820686742663383484e-02,5.834385752677917480e-02,3.400485962629318237e-02,3.400485962629318237e-02,5.528306216001510620e-02,5.789050459861755371e-02,4.081797301769256592e-01,4.081797301769256592e-01,4.117571711540222168e-01,4.042941927909851074e-01,1.062112092971801758e+00,1.062112092971801758e+00,9.925795793533325195e-01,9.882680177688598633e-01
1.800000000000000000e+02,1.451629400253295898e+00,1.451629400253295898e+00,1.366631269454956055e+00,1.361406564712524414e+00,1.040388107299804688e+00,1.040388107299804688e+00,9.718025922775268555e-01,9.592487812042236328e-01,3.900277018547058105e-01,3.900277018547058105e-01,3.998276591300964355e-01,3.882222771644592285e-01,3.581253439188003540e-02,3.581253439188003540e-02,5.835170671343803406e-02,5.853304266929626465e-02,3.444846719503402710e-02,3.444846719503402710e-02,5.617260560393333435e-02,5.860226228833198547e-02,4.062112271785736084e-01,4.062112271785736084e-01,4.114825725555419922e-01,4.031773805618286133e-01,1.063225388526916504e+00,1.063225388526916504e+00,9.936567544937133789e-01,9.889325499534606934e-01
1.810000000000000000e+02,1.448259830474853516e+00,1.448259830474853516e+00,1.363585948944091797e+00,1.360721349716186523e+00,1.037624359130859375e+00,1.037624359130859375e+00,9.709013700485229492e-01,9.619079232215881348e-01,3.919648528099060059e-01,3.919648528099060059e-01,4.007172584533691406e-01,3.894246816635131836e-01,3.660148382186889648e-02,3.660148382186889648e-02,5.847932025790214539e-02,5.888350307941436768e-02,3.482113033533096313e-02,3.482113033533096313e-02,5.665630102157592773e-02,5.940101668238639832e-02,4.077013731002807617e-01,4.077013731002807617e-01,4.121112227439880371e-01,4.053809344768524170e-01,1.062685370445251465e+00,1.062685370445251465e+00,9.931301474571228027e-01,9.900856018066406250e-01
1.820000000000000000e+02,1.450442790985107422e+00,1.450442790985107422e+00,1.361701965332031250e+00,1.361180901527404785e+00,1.038363456726074219e+00,1.038363456726074219e+00,9.733320474624633789e-01,9.635733366012573242e-01,3.909280598163604736e-01,3.909280598163604736e-01,4.004588425159454346e-01,3.898299932479858398e-01,3.579179197549819946e-02,3.579179197549819946e-02,5.839566141366958618e-02,5.918751657009124756e-02,3.541879355907440186e-02,3.541879355907440186e-02,5.691491812467575073e-02,5.932945758104324341e-02,4.067203402519226074e-01,4.067203402519226074e-01,4.103449285030364990e-01,4.049074053764343262e-01,1.060953855514526367e+00,1.060953855514526367e+00,9.926114082336425781e-01,9.881491661071777344e-01
1.830000000000000000e+02,1.442906022071838379e+00,1.442906022071838379e+00,1.361288309097290039e+00,1.356341481208801270e+00,1.043113112449645996e+00,1.043113112449645996e+00,9.690606594085693359e-01,9.650356173515319824e-01,3.898729085922241211e-01,3.898729085922241211e-01,4.011473059654235840e-01,3.910256624221801758e-01,3.647257387638092041e-02,3.647257387638092041e-02,5.829482525587081909e-02,5.913591384887695312e-02,3.619209676980972290e-02,3.619209676980972290e-02,5.789341777563095093e-02,5.951531231403350830e-02,4.051018357276916504e-01,4.051018357276916504e-01,4.116675853729248047e-01,4.035114645957946777e-01,1.061137914657592773e+00,1.061137914657592773e+00,9.925544261932373047e-01,9.891766309738159180e-01
1.840000000000000000e+02,1.444197416305541992e+00,1.444197416305541992e+00,1.359984874725341797e+00,1.361085653305053711e+00,1.043148398399353027e+00,1.043148398399353027e+00,9.707702398300170898e-01,9.621866345405578613e-01,3.927162289619445801e-01,3.927162289619445801e-01,4.007455110549926758e-01,3.889323174953460693e-01,3.700593486428260803e-02,3.700593486428260803e-02,5.777961015701293945e-02,5.942475050687789917e-02,3.629628941416740417e-02,3.629628941416740417e-02,5.792825296521186829e-02,6.004535034298896790e-02,4.074162244796752930e-01,4.074162244796752930e-01,4.118565917015075684e-01,4.027811884880065918e-01,1.062610864639282227e+00,1.062610864639282227e+00,9.912250041961669922e-01,9.908614754676818848e-01
1.850000000000000000e+02,1.447971820831298828e+00,1.447971820831298828e+00,1.359095335006713867e+00,1.357792139053344727e+00,1.042123317718505859e+00,1.042123317718505859e+00,9.736401438713073730e-01,9.663667678833007812e-01,3.932067155838012695e-01,3.932067155838012695e-01,4.004483819007873535e-01,3.902544975280761719e-01,3.668482974171638489e-02,3.668482974171638489e-02,5.802379176020622253e-02,5.943551287055015564e-02,3.696401417255401611e-02,3.696401417255401611e-02,5.865445733070373535e-02,6.014344096183776855e-02,4.056195616722106934e-01,4.056195616722106934e-01,4.126581847667694092e-01,4.026079177856445312e-01,1.060358762741088867e+00,1.060358762741088867e+00,9.939578771591186523e-01,9.875404834747314453e-01
1.860000000000000000e+02,1.444800734519958496e+00,1.444800734519958496e+00,1.364210844039916992e+00,1.355981826782226562e+00,1.044839859008789062e+00,1.044839859008789062e+00,9.743849635124206543e-01,9.638100862503051758e-01,3.917427062988281250e-01,3.917427062988281250e-01,4.020186662673950195e-01,3.895536065101623535e-01,3.674163296818733215e-02,3.674163296818733215e-02,5.771459266543388367e-02,5.881737917661666870e-02,3.705672174692153931e-02,3.705672174692153931e-02,5.830861628055572510e-02,6.083169952034950256e-02,4.040637016296386719e-01,4.040637016296386719e-01,4.121774435043334961e-01,4.027430713176727295e-01,1.060747623443603516e+00,1.060747623443603516e+00,9.896986484527587891e-01,9.877672195434570312e-01
1.870000000000000000e+02,1.446898698806762695e+00,1.446898698806762695e+00,1.365677952766418457e+00,1.355763316154479980e+00,1.043540716171264648e+00,1.043540716171264648e+00,9.733392596244812012e-01,9.668574929237365723e-01,3.916777074337005615e-01,3.916777074337005615e-01,4.000241756439208984e-01,3.907089531421661377e-01,3.677161782979965210e-02,3.677161782979965210e-02,5.753092467784881592e-02,5.844764038920402527e-02,3.760588914155960083e-02,3.760588914155960083e-02,5.903778970241546631e-02,6.152398884296417236e-02,4.036275148391723633e-01,4.036275148391723633e-01,4.124081432819366455e-01,4.027168452739715576e-01,1.059624075889587402e+00,1.059624075889587402e+00,9.904638528823852539e-01,9.878978729248046875e-01
1.880000000000000000e+02,1.445727944374084473e+00,1.445727944374084473e+00,1.359525442123413086e+00,1.355066776275634766e+00,1.045304298400878906e+00,1.045304298400878906e+00,9.733558297157287598e-01,9.698281884193420410e-01,3.915930986404418945e-01,3.915930986404418945e-01,4.023726284503936768e-01,3.906852006912231445e-01,3.707204014062881470e-02,3.707204014062881470e-02,5.772779136896133423e-02,5.818135291337966919e-02,3.837687522172927856e-02,3.837687522172927856e-02,5.960593000054359436e-02,6.135345622897148132e-02,4.041911959648132324e-01,4.041911959648132324e-01,4.111337363719940186e-01,4.015412926673889160e-01,1.057060241699218750e+00,1.057060241699218750e+00,9.899182319641113281e-01,9.890244007110595703e-01
1.890000000000000000e+02,1.444857358932495117e+00,1.444857358932495117e+00,1.365073204040527344e+00,1.358685493469238281e+00,1.047995328903198242e+00,1.047995328903198242e+00,9.737222790718078613e-01,9.691783785820007324e-01,3.906255364418029785e-01,3.906255364418029785e-01,4.021178483963012695e-01,3.909713029861450195e-01,3.721284493803977966e-02,3.721284493803977966e-02,5.783704668283462524e-02,5.888076871633529663e-02,3.842539340257644653e-02,3.842539340257644653e-02,6.008404120802879333e-02,6.193852797150611877e-02,4.021985530853271484e-01,4.021985530853271484e-01,4.108932614326477051e-01,4.019174575805664062e-01,1.056550621986389160e+00,1.056550621986389160e+00,9.885931611061096191e-01,9.856666922569274902e-01
1.900000000000000000e+02,1.443758249282836914e+00,1.443758249282836914e+00,1.364388942718505859e+00,1.356061458587646484e+00,1.047042369842529297e+00,1.047042369842529297e+00,9.771159291267395020e-01,9.650862216949462891e-01,3.902157545089721680e-01,3.902157545089721680e-01,4.019086360931396484e-01,3.889834582805633545e-01,3.736299648880958557e-02,3.736299648880958557e-02,5.788852274417877197e-02,5.845160782337188721e-02,3.921187669038772583e-02,3.921187669038772583e-02,6.006014347076416016e-02,6.175858154892921448e-02,4.017485380172729492e-01,4.017485380172729492e-01,4.101050496101379395e-01,4.000032842159271240e-01,1.056982517242431641e+00,1.056982517242431641e+00,9.877838492393493652e-01,9.866788983345031738e-01
1.910000000000000000e+02,1.445989608764648438e+00,1.445989608764648438e+00,1.368109941482543945e+00,1.359931707382202148e+00,1.045489549636840820e+00,1.045489549636840820e+00,9.712759256362915039e-01,9.690161943435668945e-01,3.915846049785614014e-01,3.915846049785614014e-01,4.016895294189453125e-01,3.905194997787475586e-01,3.747662529349327087e-02,3.747662529349327087e-02,5.786101520061492920e-02,5.909305438399314880e-02,3.925651311874389648e-02,3.925651311874389648e-02,6.061647832393646240e-02,6.186831369996070862e-02,4.023191332817077637e-01,4.023191332817077637e-01,4.091275036334991455e-01,3.987484574317932129e-01,1.057465314865112305e+00,1.057465314865112305e+00,9.875648617744445801e-01,9.853639602661132812e-01
1.920000000000000000e+02,1.448328733444213867e+00,1.448328733444213867e+00,1.365377664566040039e+00,1.360458850860595703e+00,1.044973731040954590e+00,1.044973731040954590e+00,9.761242270469665527e-01,9.682379961013793945e-01,3.903368115425109863e-01,3.903368115425109863e-01,4.009157717227935791e-01,3.890770077705383301e-01,3.753243014216423035e-02,3.753243014216423035e-02,5.811288952827453613e-02,5.844764411449432373e-02,3.933362662792205811e-02,3.933362662792205811e-02,6.109869480133056641e-02,6.165834516286849976e-02,3.996503055095672607e-01,3.996503055095672607e-01,4.073438644409179688e-01,3.986288607120513916e-01,1.057497501373291016e+00,1.057497501373291016e+00,9.872758388519287109e-01,9.866222143173217773e-01
1.930000000000000000e+02,1.445811390876770020e+00,1.445811390876770020e+00,1.363485336303710938e+00,1.360685944557189941e+00,1.046488642692565918e+00,1.046488642692565918e+00,9.756239056587219238e-01,9.692618846893310547e-01,3.917067050933837891e-01,3.917067050933837891e-01,4.021568298339843750e-01,3.883038461208343506e-01,3.769540041685104370e-02,3.769540041685104370e-02,5.785750597715377808e-02,5.830398947000503540e-02,3.992994129657745361e-02,3.992994129657745361e-02,6.092739105224609375e-02,6.190488860011100769e-02,3.996888697147369385e-01,3.996888697147369385e-01,4.061543941497802734e-01,3.970798850059509277e-01,1.059194087982177734e+00,1.059194087982177734e+00,9.882009625434875488e-01,9.832303524017333984e-01
1.940000000000000000e+02,1.450303912162780762e+00,1.450303912162780762e+00,1.363002657890319824e+00,1.355468869209289551e+00,1.048239350318908691e+00,1.048239350318908691e+00,9.731705188751220703e-01,9.660551548004150391e-01,3.899944126605987549e-01,3.899944126605987549e-01,4.021912813186645508e-01,3.888424038887023926e-01,3.748501092195510864e-02,3.748501092195510864e-02,5.766325071454048157e-02,5.885324254631996155e-02,3.988219052553176880e-02,3.988219052553176880e-02,6.093668192625045776e-02,6.231999397277832031e-02,3.981895446777343750e-01,3.981895446777343750e-01,4.078233838081359863e-01,3.982921838760375977e-01,1.057431221008300781e+00,1.057431221008300781e+00,9.848315715789794922e-01,9.833900928497314453e-01
1.950000000000000000e+02,1.450244784355163574e+00,1.450244784355163574e+00,1.371398925781250000e+00,1.364560842514038086e+00,1.047161579132080078e+00,1.047161579132080078e+00,9.749656915664672852e-01,9.691294431686401367e-01,3.889179825782775879e-01,3.889179825782775879e-01,4.010194838047027588e-01,3.873257637023925781e-01,3.763541579246520996e-02,3.763541579246520996e-02,5.778280645608901978e-02,5.892099812626838684e-02,3.968284279108047485e-02,3.968284279108047485e-02,6.083093583583831787e-02,6.246637552976608276e-02,3.962756395339965820e-01,3.962756395339965820e-01,4.034100770950317383e-01,3.969877064228057861e-01,1.054032802581787109e+00,1.054032802581787109e+00,9.839041233062744141e-01,9.828600883483886719e-01
1.960000000000000000e+02,1.449328422546386719e+00,1.449328422546386719e+00,1.363452434539794922e+00,1.361030578613281250e+00,1.049297571182250977e+00,1.049297571182250977e+00,9.766548275947570801e-01,9.699659943580627441e-01,3.908967375755310059e-01,3.908967375755310059e-01,3.989655375480651855e-01,3.854571580886840820e-01,3.740478307008743286e-02,3.740478307008743286e-02,5.796165391802787781e-02,5.825658515095710754e-02,4.033932462334632874e-02,4.033932462334632874e-02,6.065551936626434326e-02,6.253337860107421875e-02,3.958618044853210449e-01,3.958618044853210449e-01,4.046447277069091797e-01,3.948219418525695801e-01,1.053054094314575195e+00,1.053054094314575195e+00,9.852335453033447266e-01,9.846218824386596680e-01
1.970000000000000000e+02,1.445032596588134766e+00,1.445032596588134766e+00,1.365847110748291016e+00,1.360143780708312988e+00,1.051892280578613281e+00,1.051892280578613281e+00,9.745646715164184570e-01,9.666707515716552734e-01,3.895401656627655029e-01,3.895401656627655029e-01,4.008731544017791748e-01,3.870142698287963867e-01,3.800176829099655151e-02,3.800176829099655151e-02,5.747492611408233643e-02,5.835178494453430176e-02,4.009595140814781189e-02,4.009595140814781189e-02,6.037804111838340759e-02,6.196066737174987793e-02,3.951584994792938232e-01,3.951584994792938232e-01,4.033922553062438965e-01,3.918841481208801270e-01,1.053238749504089355e+00,1.053238749504089355e+00,9.845826625823974609e-01,9.827649593353271484e-01
1.980000000000000000e+02,1.448535799980163574e+00,1.448535799980163574e+00,1.367576122283935547e+00,1.361901044845581055e+00,1.055292129516601562e+00,1.055292129516601562e+00,9.773055315017700195e-01,9.667056798934936523e-01,3.885377645492553711e-01,3.885377645492553711e-01,4.010728597640991211e-01,3.851727247238159180e-01,3.752018511295318604e-02,3.752018511295318604e-02,5.751787498593330383e-02,5.784456431865692139e-02,4.049175977706909180e-02,4.049175977706909180e-02,6.081658974289894104e-02,6.199353188276290894e-02,3.921471238136291504e-01,3.921471238136291504e-01,4.019221663475036621e-01,3.901251256465911865e-01,1.053125858306884766e+00,1.053125858306884766e+00,9.847583174705505371e-01,9.797933101654052734e-01
1.990000000000000000e+02,1.450223803520202637e+00,1.450223803520202637e+00,1.367156744003295898e+00,1.362080335617065430e+00,1.051334381103515625e+00,1.051334381103515625e+00,9.778030514717102051e-01,9.675260782241821289e-01,3.884699344635009766e-01,3.884699344635009766e-01,4.011331796646118164e-01,3.842232227325439453e-01,3.748548775911331177e-02,3.748548775911331177e-02,5.782417953014373779e-02,5.753405019640922546e-02,4.022533446550369263e-02,4.022533446550369263e-02,6.034504622220993042e-02,6.215463951230049133e-02,3.921963572502136230e-01,3.921963572502136230e-01,4.011902809143066406e-01,3.918258547782897949e-01,1.052284002304077148e+00,1.052284002304077148e+00,9.834585785865783691e-01,9.789147377014160156e-01
2.000000000000000000e+02,1.451592206954956055e+00,1.451592206954956055e+00,1.372464895248413086e+00,1.361147761344909668e+00,1.053227066993713379e+00,1.053227066993713379e+00,9.757618904113769531e-01,9.689279794692993164e-01,3.878469467163085938e-01,3.878469467163085938e-01,4.006683528423309326e-01,3.837814331054687500e-01,3.702795505523681641e-02,3.702795505523681641e-02,5.695560574531555176e-02,5.708561837673187256e-02,3.989438340067863464e-02,3.989438340067863464e-02,6.038144975900650024e-02,6.242889165878295898e-02,3.888056576251983643e-01,3.888056576251983643e-01,3.973073959350585938e-01,3.902041912078857422e-01,1.047342181205749512e+00,1.047342181205749512e+00,9.814778566360473633e-01,9.826292991638183594e-01
2.010000000000000000e+02,1.448148965835571289e+00,1.448148965835571289e+00,1.373029470443725586e+00,1.361343026161193848e+00,1.050296545028686523e+00,1.050296545028686523e+00,9.772694110870361328e-01,9.664392471313476562e-01,3.895456790924072266e-01,3.895456790924072266e-01,4.003429412841796875e-01,3.841588795185089111e-01,3.691181540489196777e-02,3.691181540489196777e-02,5.705799907445907593e-02,5.711644142866134644e-02,3.975691646337509155e-02,3.975691646337509155e-02,5.958612263202667236e-02,6.186331063508987427e-02,3.894659280776977539e-01,3.894659280776977539e-01,3.969883918762207031e-01,3.887048661708831787e-01,1.049289941787719727e+00,1.049289941787719727e+00,9.802476167678833008e-01,9.824775457382202148e-01
2.020000000000000000e+02,1.448799252510070801e+00,1.448799252510070801e+00,1.371213674545288086e+00,1.363276004791259766e+00,1.054954767227172852e+00,1.054954767227172852e+00,9.768455624580383301e-01,9.679282903671264648e-01,3.862335979938507080e-01,3.862335979938507080e-01,3.998804092407226562e-01,3.825849890708923340e-01,3.716188669204711914e-02,3.716188669204711914e-02,5.684185028076171875e-02,5.679650604724884033e-02,3.957651928067207336e-02,3.957651928067207336e-02,5.893702805042266846e-02,6.143830716609954834e-02,3.872373104095458984e-01,3.872373104095458984e-01,3.953526616096496582e-01,3.860103189945220947e-01,1.048480868339538574e+00,1.048480868339538574e+00,9.801336526870727539e-01,9.799604415893554688e-01
2.030000000000000000e+02,1.451191425323486328e+00,1.451191425323486328e+00,1.367890119552612305e+00,1.359841823577880859e+00,1.051887750625610352e+00,1.051887750625610352e+00,9.758834838867187500e-01,9.697424173355102539e-01,3.866822719573974609e-01,3.866822719573974609e-01,3.995056152343750000e-01,3.817881941795349121e-01,3.642996773123741150e-02,3.642996773123741150e-02,5.676166340708732605e-02,5.655833706259727478e-02,3.903298825025558472e-02,3.903298825025558472e-02,5.827970802783966064e-02,6.136719509959220886e-02,3.874521851539611816e-01,3.874521851539611816e-01,3.940042853355407715e-01,3.861877322196960449e-01,1.050907135009765625e+00,1.050907135009765625e+00,9.819420576095581055e-01,9.782240390777587891e-01
2.040000000000000000e+02,1.451284289360046387e+00,1.451284289360046387e+00,1.371052980422973633e+00,1.365469217300415039e+00,1.052436351776123047e+00,1.052436351776123047e+00,9.743574261665344238e-01,9.663411378860473633e-01,3.841711878776550293e-01,3.841711878776550293e-01,3.993036746978759766e-01,3.809767365455627441e-01,3.648474439978599548e-02,3.648474439978599548e-02,5.689919367432594299e-02,5.633694678544998169e-02,3.874614834785461426e-02,3.874614834785461426e-02,5.775906518101692200e-02,6.102584302425384521e-02,3.829556107521057129e-01,3.829556107521057129e-01,3.928597867488861084e-01,3.832283020019531250e-01,1.049818277359008789e+00,1.049818277359008789e+00,9.814351797103881836e-01,9.789718985557556152e-01
2.050000000000000000e+02,1.453385114669799805e+00,1.453385114669799805e+00,1.371286869049072266e+00,1.364360094070434570e+00,1.053907513618469238e+00,1.053907513618469238e+00,9.785536527633666992e-01,9.660015106201171875e-01,3.847008943557739258e-01,3.847008943557739258e-01,3.992744386196136475e-01,3.813908696174621582e-01,3.657490015029907227e-02,3.657490015029907227e-02,5.705546215176582336e-02,5.683682113885879517e-02,3.863748162984848022e-02,3.863748162984848022e-02,5.760857090353965759e-02,6.061147153377532959e-02,3.821894526481628418e-01,3.821894526481628418e-01,3.939324319362640381e-01,3.826049268245697021e-01,1.048454880714416504e+00,1.048454880714416504e+00,9.801080226898193359e-01,9.782984256744384766e-01
2.060000000000000000e+02,1.452189683914184570e+00,1.452189683914184570e+00,1.368540525436401367e+00,1.364406347274780273e+00,1.054408311843872070e+00,1.054408311843872070e+00,9.756593704223632812e-01,9.668141603469848633e-01,3.823255300521850586e-01,3.823255300521850586e-01,3.983024358749389648e-01,3.804881572723388672e-01,3.647897392511367798e-02,3.647897392511367798e-02,5.686571821570396423e-02,5.625442415475845337e-02,3.841073438525199890e-02,3.841073438525199890e-02,5.680476129055023193e-02,6.026209145784378052e-02,3.790789246559143066e-01,3.790789246559143066e-01,3.905232548713684082e-01,3.805576264858245850e-01,1.046905875205993652e+00,1.046905875205993652e+00,9.803081750869750977e-01,9.769508838653564453e-01
2.070000000000000000e+02,1.454077482223510742e+00,1.454077482223510742e+00,1.373269438743591309e+00,1.363420486450195312e+00,1.055065751075744629e+00,1.055065751075744629e+00,9.776108860969543457e-01,9.631659388542175293e-01,3.802865743637084961e-01,3.802865743637084961e-01,3.985353112220764160e-01,3.774768412113189697e-01,3.585124760866165161e-02,3.585124760866165161e-02,5.672690272331237793e-02,5.683056265115737915e-02,3.821720927953720093e-02,3.821720927953720093e-02,5.641451478004455566e-02,6.029960513114929199e-02,3.770279288291931152e-01,3.770279288291931152e-01,3.877794146537780762e-01,3.794963061809539795e-01,1.047887444496154785e+00,1.047887444496154785e+00,9.823888540267944336e-01,9.773771762847900391e-01
2.080000000000000000e+02,1.447846889495849609e+00,1.447846889495849609e+00,1.370773792266845703e+00,1.363188505172729492e+00,1.055254340171813965e+00,1.055254340171813965e+00,9.794064164161682129e-01,9.632765650749206543e-01,3.813052177429199219e-01,3.813052177429199219e-01,3.988277316093444824e-01,3.762351274490356445e-01,3.610179573297500610e-02,3.610179573297500610e-02,5.642297863960266113e-02,5.626410245895385742e-02,3.809443488717079163e-02,3.809443488717079163e-02,5.569410696625709534e-02,5.999724566936492920e-02,3.777226209640502930e-01,3.777226209640502930e-01,3.875258564949035645e-01,3.791528940200805664e-01,1.048589348793029785e+00,1.048589348793029785e+00,9.821176528930664062e-01,9.787527322769165039e-01
2.090000000000000000e+02,1.448426485061645508e+00,1.448426485061645508e+00,1.368603229522705078e+00,1.360478878021240234e+00,1.055935144424438477e+00,1.055935144424438477e+00,9.804819822311401367e-01,9.677855968475341797e-01,3.796765208244323730e-01,3.796765208244323730e-01,3.958788216114044189e-01,3.771760165691375732e-01,3.545873984694480896e-02,3.545873984694480896e-02,5.685583502054214478e-02,5.585108697414398193e-02,3.811049088835716248e-02,3.811049088835716248e-02,5.551657080650329590e-02,6.026641279458999634e-02,3.747665286064147949e-01,3.747665286064147949e-01,3.852559030055999756e-01,3.761860728263854980e-01,1.050100803375244141e+00,1.050100803375244141e+00,9.819653630256652832e-01,9.754530787467956543e-01
2.100000000000000000e+02,1.454759836196899414e+00,1.454759836196899414e+00,1.372658371925354004e+00,1.359222650527954102e+00,1.060186982154846191e+00,1.060186982154846191e+00,9.795022010803222656e-01,9.677447676658630371e-01,3.791244924068450928e-01,3.791244924068450928e-01,3.954099118709564209e-01,3.772717714309692383e-01,3.575577586889266968e-02,3.575577586889266968e-02,5.657985806465148926e-02,5.635358393192291260e-02,3.801157325506210327e-02,3.801157325506210327e-02,5.499503761529922485e-02,6.008226424455642700e-02,3.742486834526062012e-01,3.742486834526062012e-01,3.850427269935607910e-01,3.767037391662597656e-01,1.047760486602783203e+00,1.047760486602783203e+00,9.840863347053527832e-01,9.764304161071777344e-01
2.110000000000000000e+02,1.449260950088500977e+00,1.449260950088500977e+00,1.369546175003051758e+00,1.359801292419433594e+00,1.055878639221191406e+00,1.055878639221191406e+00,9.814249277114868164e-01,9.682201743125915527e-01,3.787698149681091309e-01,3.787698149681091309e-01,3.973662257194519043e-01,3.766823709011077881e-01,3.585065156221389771e-02,3.585065156221389771e-02,5.702217668294906616e-02,5.652433633804321289e-02,3.787154704332351685e-02,3.787154704332351685e-02,5.550245940685272217e-02,6.000660359859466553e-02,3.747673630714416504e-01,3.747673630714416504e-01,3.841460347175598145e-01,3.762365579605102539e-01,1.049070358276367188e+00,1.049070358276367188e+00,9.802919030189514160e-01,9.794294834136962891e-01
2.120000000000000000e+02,1.446909189224243164e+00,1.446909189224243164e+00,1.370342016220092773e+00,1.361382961273193359e+00,1.059752941131591797e+00,1.059752941131591797e+00,9.823071956634521484e-01,9.653037786483764648e-01,3.787071108818054199e-01,3.787071108818054199e-01,3.959289789199829102e-01,3.751558065414428711e-01,3.585957735776901245e-02,3.585957735776901245e-02,5.685282871127128601e-02,5.620762705802917480e-02,3.804435580968856812e-02,3.804435580968856812e-02,5.493386089801788330e-02,6.057965010404586792e-02,3.757230937480926514e-01,3.757230937480926514e-01,3.835975825786590576e-01,3.766628503799438477e-01,1.049094557762145996e+00,1.049094557762145996e+00,9.843226671218872070e-01,9.794098138809204102e-01
2.130000000000000000e+02,1.448300600051879883e+00,1.448300600051879883e+00,1.371473670005798340e+00,1.361366868019104004e+00,1.056753158569335938e+00,1.056753158569335938e+00,9.831405878067016602e-01,9.673350453376770020e-01,3.776968121528625488e-01,3.776968121528625488e-01,3.946425318717956543e-01,3.734295666217803955e-01,3.573308885097503662e-02,3.573308885097503662e-02,5.693238228559494019e-02,5.622700601816177368e-02,3.781107813119888306e-02,3.781107813119888306e-02,5.520236492156982422e-02,6.034425646066665649e-02,3.725311160087585449e-01,3.725311160087585449e-01,3.834903836250305176e-01,3.760653436183929443e-01,1.053666353225708008e+00,1.053666353225708008e+00,9.828618764877319336e-01,9.774019718170166016e-01
2.140000000000000000e+02,1.448232173919677734e+00,1.448232173919677734e+00,1.369503498077392578e+00,1.359674930572509766e+00,1.060962438583374023e+00,1.060962438583374023e+00,9.851675033569335938e-01,9.643588662147521973e-01,3.767545521259307861e-01,3.767545521259307861e-01,3.958129286766052246e-01,3.746241331100463867e-01,3.548478707671165466e-02,3.548478707671165466e-02,5.656051635742187500e-02,5.697818100452423096e-02,3.806310147047042847e-02,3.806310147047042847e-02,5.486031621694564819e-02,6.015773490071296692e-02,3.726966977119445801e-01,3.726966977119445801e-01,3.821969926357269287e-01,3.746295571327209473e-01,1.054754972457885742e+00,1.054754972457885742e+00,9.855882525444030762e-01,9.823028445243835449e-01
2.150000000000000000e+02,1.446655750274658203e+00,1.446655750274658203e+00,1.369746685028076172e+00,1.356818675994873047e+00,1.064281940460205078e+00,1.064281940460205078e+00,9.829398393630981445e-01,9.663264155387878418e-01,3.803233504295349121e-01,3.803233504295349121e-01,3.947527408599853516e-01,3.728542923927307129e-01,3.563456982374191284e-02,3.563456982374191284e-02,5.721895396709442139e-02,5.630122125148773193e-02,3.791730105876922607e-02,3.791730105876922607e-02,5.526506900787353516e-02,6.009195744991302490e-02,3.739588260650634766e-01,3.739588260650634766e-01,3.820945918560028076e-01,3.747920989990234375e-01,1.052461266517639160e+00,1.052461266517639160e+00,9.869699478149414062e-01,9.810895919799804688e-01
2.160000000000000000e+02,1.448962211608886719e+00,1.448962211608886719e+00,1.370163440704345703e+00,1.357597351074218750e+00,1.064452886581420898e+00,1.064452886581420898e+00,9.863934516906738281e-01,9.670442342758178711e-01,3.763868808746337891e-01,3.763868808746337891e-01,3.959159255027770996e-01,3.726677894592285156e-01,3.551809117197990417e-02,3.551809117197990417e-02,5.730924755334854126e-02,5.637507885694503784e-02,3.775171190500259399e-02,3.775171190500259399e-02,5.498284101486206055e-02,6.052443385124206543e-02,3.711792230606079102e-01,3.711792230606079102e-01,3.819758296012878418e-01,3.743257522583007812e-01,1.058250188827514648e+00,1.058250188827514648e+00,9.882041215896606445e-01,9.824436902999877930e-01
2.170000000000000000e+02,1.446422100067138672e+00,1.446422100067138672e+00,1.365824460983276367e+00,1.357585430145263672e+00,1.063047409057617188e+00,1.063047409057617188e+00,9.855812788009643555e-01,9.686101675033569336e-01,3.757196664810180664e-01,3.757196664810180664e-01,3.959780931472778320e-01,3.734250366687774658e-01,3.547004610300064087e-02,3.547004610300064087e-02,5.732794478535652161e-02,5.650643631815910339e-02,3.749597817659378052e-02,3.749597817659378052e-02,5.520960688591003418e-02,6.046291440725326538e-02,3.710581064224243164e-01,3.710581064224243164e-01,3.829973340034484863e-01,3.731866478919982910e-01,1.054005861282348633e+00,1.054005861282348633e+00,9.885536432266235352e-01,9.809937477111816406e-01
2.180000000000000000e+02,1.448309779167175293e+00,1.448309779167175293e+00,1.367771148681640625e+00,1.358707666397094727e+00,1.062623977661132812e+00,1.062623977661132812e+00,9.886176586151123047e-01,9.699293375015258789e-01,3.781639635562896729e-01,3.781639635562896729e-01,3.933044373989105225e-01,3.731703758239746094e-01,3.525283560156822205e-02,3.525283560156822205e-02,5.742913484573364258e-02,5.619525909423828125e-02,3.769547492265701294e-02,3.769547492265701294e-02,5.501457303762435913e-02,6.054971739649772644e-02,3.714939653873443604e-01,3.714939653873443604e-01,3.812814354896545410e-01,3.728090226650238037e-01,1.054610729217529297e+00,1.054610729217529297e+00,9.873420000076293945e-01,9.821282625198364258e-01
2.190000000000000000e+02,1.446755051612854004e+00,1.446755051612854004e+00,1.367696523666381836e+00,1.353107690811157227e+00,1.066796541213989258e+00,1.066796541213989258e+00,9.863451719284057617e-01,9.720939993858337402e-01,3.758199810981750488e-01,3.758199810981750488e-01,3.937051892280578613e-01,3.705878257751464844e-01,3.533032536506652832e-02,3.533032536506652832e-02,5.804216861724853516e-02,5.704826861619949341e-02,3.752310574054718018e-02,3.752310574054718018e-02,5.509570986032485962e-02,6.029451265931129456e-02,3.699189126491546631e-01,3.699189126491546631e-01,3.797222375869750977e-01,3.716518878936767578e-01,1.057521462440490723e+00,1.057521462440490723e+00,9.895110130310058594e-01,9.847992658615112305e-01
2.200000000000000000e+02,1.448982119560241699e+00,1.448982119560241699e+00,1.367787122726440430e+00,1.353968501091003418e+00,1.067566990852355957e+00,1.067566990852355957e+00,9.910138845443725586e-01,9.701799154281616211e-01,3.739101290702819824e-01,3.739101290702819824e-01,3.937439322471618652e-01,3.725658953189849854e-01,3.537866473197937012e-02,3.537866473197937012e-02,5.850770324468612671e-02,5.705448240041732788e-02,3.738929331302642822e-02,3.738929331302642822e-02,5.462495237588882446e-02,6.031610071659088135e-02,3.696427345275878906e-01,3.696427345275878906e-01,3.790266215801239014e-01,3.730550110340118408e-01,1.057306528091430664e+00,1.057306528091430664e+00,9.899942874908447266e-01,9.797974824905395508e-01
2.210000000000000000e+02,1.448685646057128906e+00,1.448685646057128906e+00,1.368397474288940430e+00,1.353025674819946289e+00,1.067730903625488281e+00,1.067730903625488281e+00,9.879660606384277344e-01,9.701077938079833984e-01,3.749358654022216797e-01,3.749358654022216797e-01,3.932830989360809326e-01,3.748228549957275391e-01,3.539666533470153809e-02,3.539666533470153809e-02,5.832462012767791748e-02,5.654774606227874756e-02,3.686808049678802490e-02,3.686808049678802490e-02,5.485145747661590576e-02,6.006193161010742188e-02,3.701892495155334473e-01,3.701892495155334473e-01,3.798802793025970459e-01,3.720717728137969971e-01,1.055619478225708008e+00,1.055619478225708008e+00,9.897077083587646484e-01,9.827296733856201172e-01
2.220000000000000000e+02,1.446043729782104492e+00,1.446043729782104492e+00,1.370798587799072266e+00,1.351685404777526855e+00,1.068151712417602539e+00,1.068151712417602539e+00,9.887434244155883789e-01,9.697139859199523926e-01,3.735802173614501953e-01,3.735802173614501953e-01,3.938989043235778809e-01,3.739876151084899902e-01,3.528074175119400024e-02,3.528074175119400024e-02,5.837188661098480225e-02,5.700576305389404297e-02,3.668481484055519104e-02,3.668481484055519104e-02,5.439246445894241333e-02,5.973361060023307800e-02,3.679566383361816406e-01,3.679566383361816406e-01,3.770383894443511963e-01,3.715617060661315918e-01,1.057287216186523438e+00,1.057287216186523438e+00,9.954675436019897461e-01,9.821579456329345703e-01
2.230000000000000000e+02,1.446095108985900879e+00,1.446095108985900879e+00,1.368337392807006836e+00,1.354766011238098145e+00,1.067820668220520020e+00,1.067820668220520020e+00,9.886109828948974609e-01,9.701682329177856445e-01,3.762310445308685303e-01,3.762310445308685303e-01,3.933393061161041260e-01,3.716533780097961426e-01,3.525500744581222534e-02,3.525500744581222534e-02,5.852425470948219299e-02,5.650007724761962891e-02,3.628759086132049561e-02,3.628759086132049561e-02,5.418029427528381348e-02,5.938381701707839966e-02,3.702127933502197266e-01,3.702127933502197266e-01,3.776702582836151123e-01,3.709050714969635010e-01,1.056771278381347656e+00,1.056771278381347656e+00,9.921643137931823730e-01,9.851188659667968750e-01
2.240000000000000000e+02,1.445797204971313477e+00,1.445797204971313477e+00,1.365895390510559082e+00,1.351628541946411133e+00,1.070860266685485840e+00,1.070860266685485840e+00,9.906660318374633789e-01,9.708093404769897461e-01,3.743121325969696045e-01,3.743121325969696045e-01,3.938964307308197021e-01,3.729859888553619385e-01,3.533723577857017517e-02,3.533723577857017517e-02,5.837510526180267334e-02,5.693402886390686035e-02,3.612296283245086670e-02,3.612296283245086670e-02,5.392979085445404053e-02,5.905467644333839417e-02,3.671035766601562500e-01,3.671035766601562500e-01,3.762108683586120605e-01,3.693913817405700684e-01,1.055959463119506836e+00,1.055959463119506836e+00,9.937877655029296875e-01,9.831891059875488281e-01
2.250000000000000000e+02,1.449832201004028320e+00,1.449832201004028320e+00,1.368897199630737305e+00,1.353375792503356934e+00,1.068169713020324707e+00,1.068169713020324707e+00,9.895494580268859863e-01,9.671764373779296875e-01,3.748375177383422852e-01,3.748375177383422852e-01,3.929786086082458496e-01,3.725521564483642578e-01,3.552337363362312317e-02,3.552337363362312317e-02,5.851846560835838318e-02,5.636546760797500610e-02,3.560110926628112793e-02,3.560110926628112793e-02,5.320334434509277344e-02,5.875582993030548096e-02,3.684108257293701172e-01,3.684108257293701172e-01,3.757613301277160645e-01,3.691445589065551758e-01,1.059345245361328125e+00,1.059345245361328125e+00,9.925411343574523926e-01,9.813304543495178223e-01
2.260000000000000000e+02,1.447304368019104004e+00,1.447304368019104004e+00,1.365310788154602051e+00,1.351948738098144531e+00,1.070311307907104492e+00,1.070311307907104492e+00,9.915009737014770508e-01,9.698199629783630371e-01,3.748884797096252441e-01,3.748884797096252441e-01,3.938403129577636719e-01,3.709631860256195068e-01,3.554294630885124207e-02,3.554294630885124207e-02,5.846789106726646423e-02,5.659299343824386597e-02,3.500170260667800903e-02,3.500170260667800903e-02,5.307436734437942505e-02,5.900615081191062927e-02,3.683420419692993164e-01,3.683420419692993164e-01,3.754721879959106445e-01,3.695138096809387207e-01,1.056433916091918945e+00,1.056433916091918945e+00,9.944279193878173828e-01,9.838752150535583496e-01
2.270000000000000000e+02,1.445914268493652344e+00,1.445914268493652344e+00,1.370512962341308594e+00,1.353640794754028320e+00,1.067203164100646973e+00,1.067203164100646973e+00,9.898389577865600586e-01,9.683738946914672852e-01,3.730567693710327148e-01,3.730567693710327148e-01,3.927151262760162354e-01,3.725939989089965820e-01,3.537072241306304932e-02,3.537072241306304932e-02,5.842518433928489685e-02,5.667043849825859070e-02,3.465882688760757446e-02,3.465882688760757446e-02,5.260811001062393188e-02,5.856615304946899414e-02,3.670314550399780273e-01,3.670314550399780273e-01,3.757111132144927979e-01,3.673601448535919189e-01,1.058400392532348633e+00,1.058400392532348633e+00,9.904152154922485352e-01,9.832281470298767090e-01
2.280000000000000000e+02,1.452918171882629395e+00,1.452918171882629395e+00,1.365967750549316406e+00,1.356087684631347656e+00,1.063651084899902344e+00,1.063651084899902344e+00,9.903020262718200684e-01,9.695825576782226562e-01,3.743775486946105957e-01,3.743775486946105957e-01,3.938840925693511963e-01,3.718317151069641113e-01,3.543728590011596680e-02,3.543728590011596680e-02,5.887540429830551147e-02,5.669138580560684204e-02,3.412015736103057861e-02,3.412015736103057861e-02,5.264389887452125549e-02,5.777060240507125854e-02,3.671356439590454102e-01,3.671356439590454102e-01,3.759621083736419678e-01,3.698559999465942383e-01,1.054042220115661621e+00,1.054042220115661621e+00,9.928181171417236328e-01,9.845249652862548828e-01
2.290000000000000000e+02,1.453389167785644531e+00,1.453389167785644531e+00,1.367612242698669434e+00,1.352823734283447266e+00,1.069629907608032227e+00,1.069629907608032227e+00,9.921350479125976562e-01,9.683991670608520508e-01,3.758093714714050293e-01,3.758093714714050293e-01,3.936711549758911133e-01,3.719108104705810547e-01,3.558811545372009277e-02,3.558811545372009277e-02,5.838122963905334473e-02,5.688507482409477234e-02,3.378348052501678467e-02,3.378348052501678467e-02,5.225552618503570557e-02,5.760234594345092773e-02,3.679056763648986816e-01,3.679056763648986816e-01,3.744145631790161133e-01,3.694795966148376465e-01,1.056690812110900879e+00,1.056690812110900879e+00,9.918704628944396973e-01,9.856612682342529297e-01
2.300000000000000000e+02,1.450177669525146484e+00,1.450177669525146484e+00,1.367993950843811035e+00,1.349235177040100098e+00,1.071058034896850586e+00,1.071058034896850586e+00,9.887935519218444824e-01,9.681285619735717773e-01,3.741946220397949219e-01,3.741946220397949219e-01,3.939804136753082275e-01,3.718749880790710449e-01,3.596500307321548462e-02,3.596500307321548462e-02,5.916815996170043945e-02,5.685559660196304321e-02,3.325191140174865723e-02,3.325191140174865723e-02,5.216001719236373901e-02,5.735086649656295776e-02,3.670510947704315186e-01,3.670510947704315186e-01,3.766380548477172852e-01,3.671304285526275635e-01,1.061236381530761719e+00,1.061236381530761719e+00,9.969691038131713867e-01,9.874384403228759766e-01
2.310000000000000000e+02,1.452941298484802246e+00,1.452941298484802246e+00,1.368681907653808594e+00,1.355369925498962402e+00,1.067445278167724609e+00,1.067445278167724609e+00,9.923987984657287598e-01,9.669951200485229492e-01,3.745043873786926270e-01,3.745043873786926270e-01,3.941414952278137207e-01,3.711167573928833008e-01,3.611448407173156738e-02,3.611448407173156738e-02,5.893985182046890259e-02,5.694055557250976562e-02,3.266549482941627502e-02,3.266549482941627502e-02,5.154501646757125854e-02,5.727281421422958374e-02,3.678873181343078613e-01,3.678873181343078613e-01,3.739879727363586426e-01,3.677071034908294678e-01,1.059781670570373535e+00,1.059781670570373535e+00,9.967763423919677734e-01,9.855849742889404297e-01
2.320000000000000000e+02,1.450859785079956055e+00,1.450859785079956055e+00,1.369366884231567383e+00,1.351118326187133789e+00,1.065428018569946289e+00,1.065428018569946289e+00,9.880914688110351562e-01,9.667918682098388672e-01,3.737879395484924316e-01,3.737879395484924316e-01,3.929135799407958984e-01,3.694860935211181641e-01,3.619543462991714478e-02,3.619543462991714478e-02,5.904159322381019592e-02,5.661964416503906250e-02,3.269618749618530273e-02,3.269618749618530273e-02,5.133162811398506165e-02,5.717226862907409668e-02,3.667795062065124512e-01,3.667795062065124512e-01,3.748342692852020264e-01,3.680727779865264893e-01,1.060530900955200195e+00,1.060530900955200195e+00,9.979444742202758789e-01,9.877927303314208984e-01
2.330000000000000000e+02,1.450964927673339844e+00,1.450964927673339844e+00,1.368314504623413086e+00,1.353035926818847656e+00,1.066942572593688965e+00,1.066942572593688965e+00,9.916917681694030762e-01,9.681206941604614258e-01,3.740860819816589355e-01,3.740860819816589355e-01,3.930822312831878662e-01,3.691930174827575684e-01,3.634078800678253174e-02,3.634078800678253174e-02,5.936259031295776367e-02,5.706758797168731689e-02,3.230692446231842041e-02,3.230692446231842041e-02,5.151649937033653259e-02,5.668558552861213684e-02,3.665045499801635742e-01,3.665045499801635742e-01,3.760381937026977539e-01,3.698159456253051758e-01,1.061752319335937500e+00,1.061752319335937500e+00,9.983168840408325195e-01,9.912418723106384277e-01
2.340000000000000000e+02,1.455636739730834961e+00,1.455636739730834961e+00,1.369961738586425781e+00,1.354048252105712891e+00,1.063931465148925781e+00,1.063931465148925781e+00,9.925594329833984375e-01,9.668816328048706055e-01,3.753106594085693359e-01,3.753106594085693359e-01,3.938918709754943848e-01,3.713255822658538818e-01,3.640069067478179932e-02,3.640069067478179932e-02,5.937542393803596497e-02,5.640988051891326904e-02,3.203367441892623901e-02,3.203367441892623901e-02,5.141109228134155273e-02,5.702552199363708496e-02,3.662591576576232910e-01,3.662591576576232910e-01,3.744869232177734375e-01,3.689459562301635742e-01,1.061639547348022461e+00,1.061639547348022461e+00,1.002712368965148926e+00,9.901028871536254883e-01
2.350000000000000000e+02,1.452472448348999023e+00,1.452472448348999023e+00,1.370495319366455078e+00,1.351266384124755859e+00,1.063140749931335449e+00,1.063140749931335449e+00,9.899618029594421387e-01,9.642842411994934082e-01,3.736802935600280762e-01,3.736802935600280762e-01,3.945138454437255859e-01,3.704482614994049072e-01,3.650877997279167175e-02,3.650877997279167175e-02,5.924915522336959839e-02,5.725534632802009583e-02,3.191877901554107666e-02,3.191877901554107666e-02,5.104941129684448242e-02,5.647525191307067871e-02,3.671351671218872070e-01,3.671351671218872070e-01,3.750369846820831299e-01,3.701593875885009766e-01,1.062619686126708984e+00,1.062619686126708984e+00,1.001897811889648438e+00,9.904018640518188477e-01
2.360000000000000000e+02,1.450340509414672852e+00,1.450340509414672852e+00,1.362929821014404297e+00,1.355533480644226074e+00,1.067324161529541016e+00,1.067324161529541016e+00,9.894123673439025879e-01,9.663718938827514648e-01,3.753895163536071777e-01,3.753895163536071777e-01,3.938719332218170166e-01,3.721954822540283203e-01,3.697394207119941711e-02,3.697394207119941711e-02,5.967196449637413025e-02,5.654993280768394470e-02,3.200710564851760864e-02,3.200710564851760864e-02,5.121143162250518799e-02,5.641900748014450073e-02,3.685783445835113525e-01,3.685783445835113525e-01,3.748344182968139648e-01,3.701064586639404297e-01,1.066470980644226074e+00,1.066470980644226074e+00,1.004832148551940918e+00,9.969444274902343750e-01
2.370000000000000000e+02,1.449210047721862793e+00,1.449210047721862793e+00,1.367866277694702148e+00,1.354195833206176758e+00,1.064545392990112305e+00,1.064545392990112305e+00,9.896023273468017578e-01,9.640227556228637695e-01,3.757858872413635254e-01,3.757858872413635254e-01,3.960733413696289062e-01,3.696695566177368164e-01,3.665830940008163452e-02,3.665830940008163452e-02,5.922951176762580872e-02,5.691482126712799072e-02,3.176211193203926086e-02,3.176211193203926086e-02,5.091003328561782837e-02,5.658166855573654175e-02,3.693881034851074219e-01,3.693881034851074219e-01,3.771961331367492676e-01,3.712077736854553223e-01,1.067097663879394531e+00,1.067097663879394531e+00,1.003502607345581055e+00,9.953808784484863281e-01
2.380000000000000000e+02,1.449214458465576172e+00,1.449214458465576172e+00,1.365742087364196777e+00,1.354867458343505859e+00,1.068102121353149414e+00,1.068102121353149414e+00,9.930429458618164062e-01,9.610719680786132812e-01,3.757220506668090820e-01,3.757220506668090820e-01,3.942195177078247070e-01,3.695901632308959961e-01,3.735513985157012939e-02,3.735513985157012939e-02,5.993087589740753174e-02,5.769579112529754639e-02,3.195033967494964600e-02,3.195033967494964600e-02,5.138337612152099609e-02,5.614737421274185181e-02,3.709242343902587891e-01,3.709242343902587891e-01,3.784674406051635742e-01,3.709338605403900146e-01,1.067621231079101562e+00,1.067621231079101562e+00,1.007879257202148438e+00,9.984096288681030273e-01
2.390000000000000000e+02,1.450144052505493164e+00,1.450144052505493164e+00,1.366160392761230469e+00,1.351991653442382812e+00,1.063209176063537598e+00,1.063209176063537598e+00,9.896347522735595703e-01,9.625633955001831055e-01,3.745528161525726318e-01,3.745528161525726318e-01,3.930817842483520508e-01,3.719600439071655273e-01,3.755557164549827576e-02,3.755557164549827576e-02,5.969344824552536011e-02,5.715357512235641479e-02,3.207472711801528931e-02,3.207472711801528931e-02,5.152221769094467163e-02,5.706452578306198120e-02,3.715349733829498291e-01,3.715349733829498291e-01,3.776571154594421387e-01,3.709658384323120117e-01,1.070714116096496582e+00,1.070714116096496582e+00,1.009843468666076660e+00,9.974274635314941406e-01
2.400000000000000000e+02,1.449037790298461914e+00,1.449037790298461914e+00,1.364149808883666992e+00,1.351261377334594727e+00,1.061284422874450684e+00,1.061284422874450684e+00,9.909083843231201172e-01,9.602184295654296875e-01,3.756057620048522949e-01,3.756057620048522949e-01,3.950377404689788818e-01,3.724042773246765137e-01,3.731651976704597473e-02,3.731651976704597473e-02,5.970503017306327820e-02,5.727875977754592896e-02,3.222041577100753784e-02,3.222041577100753784e-02,5.118967220187187195e-02,5.702945590019226074e-02,3.713880777359008789e-01,3.713880777359008789e-01,3.784410357475280762e-01,3.719489872455596924e-01,1.073098659515380859e+00,1.073098659515380859e+00,1.008348703384399414e+00,1.002729177474975586e+00
2.410000000000000000e+02,1.449616909027099609e+00,1.449616909027099609e+00,1.363314867019653320e+00,1.349141597747802734e+00,1.065063595771789551e+00,1.065063595771789551e+00,9.866853356361389160e-01,9.565802812576293945e-01,3.746249377727508545e-01,3.746249377727508545e-01,3.955956995487213135e-01,3.700603842735290527e-01,3.721262142062187195e-02,3.721262142062187195e-02,6.049845740199089050e-02,5.713222920894622803e-02,3.250790014863014221e-02,3.250790014863014221e-02,5.201801657676696777e-02,5.648259073495864868e-02,3.709102272987365723e-01,3.709102272987365723e-01,3.797345161437988281e-01,3.741284608840942383e-01,1.073239326477050781e+00,1.073239326477050781e+00,1.008970260620117188e+00,1.000672578811645508e+00
2.420000000000000000e+02,1.452700138092041016e+00,1.452700138092041016e+00,1.360606431961059570e+00,1.350275516510009766e+00,1.063375234603881836e+00,1.063375234603881836e+00,9.883846044540405273e-01,9.612146019935607910e-01,3.763680458068847656e-01,3.763680458068847656e-01,3.934880495071411133e-01,3.711891174316406250e-01,3.741542249917984009e-02,3.741542249917984009e-02,6.036583706736564636e-02,5.757214128971099854e-02,3.263467922806739807e-02,3.263467922806739807e-02,5.188120901584625244e-02,5.648662149906158447e-02,3.739523887634277344e-01,3.739523887634277344e-01,3.802982568740844727e-01,3.750634491443634033e-01,1.070703387260437012e+00,1.070703387260437012e+00,1.009701013565063477e+00,9.996317625045776367e-01
2.430000000000000000e+02,1.455106973648071289e+00,1.455106973648071289e+00,1.361465215682983398e+00,1.351624488830566406e+00,1.058550953865051270e+00,1.058550953865051270e+00,9.899249076843261719e-01,9.578455686569213867e-01,3.754066228866577148e-01,3.754066228866577148e-01,3.936327695846557617e-01,3.694968223571777344e-01,3.729628026485443115e-02,3.729628026485443115e-02,6.027056276798248291e-02,5.738721415400505066e-02,3.297262638807296753e-02,3.297262638807296753e-02,5.246538668870925903e-02,5.664622038602828979e-02,3.749885857105255127e-01,3.749885857105255127e-01,3.819752931594848633e-01,3.745595812797546387e-01,1.076819419860839844e+00,1.076819419860839844e+00,1.011953115463256836e+00,1.003868103027343750e+00
2.440000000000000000e+02,1.450212478637695312e+00,1.450212478637695312e+00,1.360658049583435059e+00,1.352168560028076172e+00,1.060426831245422363e+00,1.060426831245422363e+00,9.872064590454101562e-01,9.561246037483215332e-01,3.774528503417968750e-01,3.774528503417968750e-01,3.937803804874420166e-01,3.702046871185302734e-01,3.713023662567138672e-02,3.713023662567138672e-02,6.071323156356811523e-02,5.809600651264190674e-02,3.317081928253173828e-02,3.317081928253173828e-02,5.281144380569458008e-02,5.701337009668350220e-02,3.766094446182250977e-01,3.766094446182250977e-01,3.820684552192687988e-01,3.747552335262298584e-01,1.075523734092712402e+00,1.075523734092712402e+00,1.013408422470092773e+00,1.006245970726013184e+00
2.450000000000000000e+02,1.450743198394775391e+00,1.450743198394775391e+00,1.360889196395874023e+00,1.350473999977111816e+00,1.062460541725158691e+00,1.062460541725158691e+00,9.907618761062622070e-01,9.550406932830810547e-01,3.743790984153747559e-01,3.743790984153747559e-01,3.934275209903717041e-01,3.699746131896972656e-01,3.773063421249389648e-02,3.773063421249389648e-02,6.064887344837188721e-02,5.810979753732681274e-02,3.297699242830276489e-02,3.297699242830276489e-02,5.274437740445137024e-02,5.727130174636840820e-02,3.738834857940673828e-01,3.738834857940673828e-01,3.822128474712371826e-01,3.780625462532043457e-01,1.077557086944580078e+00,1.077557086944580078e+00,1.014678239822387695e+00,1.006687402725219727e+00
2.460000000000000000e+02,1.447502613067626953e+00,1.447502613067626953e+00,1.358801126480102539e+00,1.352618813514709473e+00,1.063931465148925781e+00,1.063931465148925781e+00,9.873445034027099609e-01,9.563504457473754883e-01,3.762221038341522217e-01,3.762221038341522217e-01,3.949137926101684570e-01,3.709851205348968506e-01,3.768675774335861206e-02,3.768675774335861206e-02,6.080138683319091797e-02,5.818560346961021423e-02,3.343201056122779846e-02,3.343201056122779846e-02,5.298204720020294189e-02,5.697238445281982422e-02,3.763327002525329590e-01,3.763327002525329590e-01,3.829988837242126465e-01,3.790085315704345703e-01,1.075883626937866211e+00,1.075883626937866211e+00,1.017918348312377930e+00,1.007573604583740234e+00
2.470000000000000000e+02,1.451158881187438965e+00,1.451158881187438965e+00,1.356308460235595703e+00,1.348998785018920898e+00,1.058635234832763672e+00,1.058635234832763672e+00,9.888926744461059570e-01,9.539793729782104492e-01,3.778822422027587891e-01,3.778822422027587891e-01,3.935987949371337891e-01,3.709678053855895996e-01,3.785005956888198853e-02,3.785005956888198853e-02,6.139776110649108887e-02,5.833594873547554016e-02,3.370361030101776123e-02,3.370361030101776123e-02,5.341273918747901917e-02,5.666375905275344849e-02,3.779914081096649170e-01,3.779914081096649170e-01,3.842739462852478027e-01,3.785092234611511230e-01,1.077362895011901855e+00,1.077362895011901855e+00,1.019770979881286621e+00,1.006010651588439941e+00
2.480000000000000000e+02,1.446275591850280762e+00,1.446275591850280762e+00,1.355561137199401855e+00,1.354110121726989746e+00,1.061570405960083008e+00,1.061570405960083008e+00,9.877884387969970703e-01,9.524180889129638672e-01,3.777449429035186768e-01,3.777449429035186768e-01,3.945400714874267578e-01,3.709119856357574463e-01,3.755521029233932495e-02,3.755521029233932495e-02,6.147794798016548157e-02,5.894830450415611267e-02,3.404137119650840759e-02,3.404137119650840759e-02,5.369034782052040100e-02,5.709182098507881165e-02,3.787259757518768311e-01,3.787259757518768311e-01,3.853542804718017578e-01,3.778867125511169434e-01,1.078798770904541016e+00,1.078798770904541016e+00,1.020378589630126953e+00,1.005718588829040527e+00
2.490000000000000000e+02,1.446778535842895508e+00,1.446778535842895508e+00,1.360830068588256836e+00,1.346436738967895508e+00,1.055226325988769531e+00,1.055226325988769531e+00,9.887005090713500977e-01,9.526842832565307617e-01,3.779262006282806396e-01,3.779262006282806396e-01,3.968198299407958984e-01,3.705990910530090332e-01,3.780396282672882080e-02,3.780396282672882080e-02,6.184252724051475525e-02,5.919393524527549744e-02,3.370643407106399536e-02,3.370643407106399536e-02,5.365136265754699707e-02,5.664662271738052368e-02,3.788782954216003418e-01,3.788782954216003418e-01,3.866579532623291016e-01,3.799519240856170654e-01,1.078831911087036133e+00,1.078831911087036133e+00,1.023216128349304199e+00,1.010662078857421875e+00
2.500000000000000000e+02,1.446198701858520508e+00,1.446198701858520508e+00,1.363489866256713867e+00,1.347329616546630859e+00,1.057951450347900391e+00,1.057951450347900391e+00,9.873380661010742188e-01,9.542022943496704102e-01,3.809616863727569580e-01,3.809616863727569580e-01,3.958316445350646973e-01,3.725624084472656250e-01,3.811387717723846436e-02,3.811387717723846436e-02,6.216279789805412292e-02,5.909927189350128174e-02,3.375507891178131104e-02,3.375507891178131104e-02,5.454867705702781677e-02,5.663902312517166138e-02,3.804292082786560059e-01,3.804292082786560059e-01,3.865661323070526123e-01,3.804692029953002930e-01,1.082344174385070801e+00,1.082344174385070801e+00,1.019016265869140625e+00,1.011316299438476562e+00
2.510000000000000000e+02,1.448261260986328125e+00,1.448261260986328125e+00,1.358332633972167969e+00,1.345564603805541992e+00,1.053282976150512695e+00,1.053282976150512695e+00,9.872747659683227539e-01,9.534356594085693359e-01,3.789761662483215332e-01,3.789761662483215332e-01,3.959433138370513916e-01,3.719847798347473145e-01,3.820361942052841187e-02,3.820361942052841187e-02,6.195319443941116333e-02,5.971322208642959595e-02,3.348270803689956665e-02,3.348270803689956665e-02,5.410940200090408325e-02,5.609869211912155151e-02,3.797053694725036621e-01,3.797053694725036621e-01,3.874484598636627197e-01,3.813451826572418213e-01,1.080763459205627441e+00,1.080763459205627441e+00,1.022099852561950684e+00,1.012081623077392578e+00
2.520000000000000000e+02,1.445088982582092285e+00,1.445088982582092285e+00,1.357457518577575684e+00,1.343538641929626465e+00,1.051995158195495605e+00,1.051995158195495605e+00,9.895224571228027344e-01,9.474008083343505859e-01,3.794394135475158691e-01,3.794394135475158691e-01,3.980260491371154785e-01,3.723577857017517090e-01,3.827443346381187439e-02,3.827443346381187439e-02,6.237943843007087708e-02,5.957313999533653259e-02,3.361383080482482910e-02,3.361383080482482910e-02,5.410864949226379395e-02,5.645372718572616577e-02,3.806389570236206055e-01,3.806389570236206055e-01,3.898800015449523926e-01,3.803726434707641602e-01,1.083178400993347168e+00,1.083178400993347168e+00,1.022017002105712891e+00,1.011110186576843262e+00
2.530000000000000000e+02,1.445562601089477539e+00,1.445562601089477539e+00,1.358358621597290039e+00,1.339283704757690430e+00,1.055961608886718750e+00,1.055961608886718750e+00,9.885039329528808594e-01,9.456496834754943848e-01,3.802599608898162842e-01,3.802599608898162842e-01,3.949843049049377441e-01,3.735921382904052734e-01,3.814952075481414795e-02,3.814952075481414795e-02,6.253547966480255127e-02,5.991253256797790527e-02,3.374063223600387573e-02,3.374063223600387573e-02,5.461860820651054382e-02,5.643222481012344360e-02,3.815303444862365723e-01,3.815303444862365723e-01,3.903971910476684570e-01,3.823833465576171875e-01,1.077471017837524414e+00,1.077471017837524414e+00,1.025039434432983398e+00,1.011247873306274414e+00
2.540000000000000000e+02,1.444969892501831055e+00,1.444969892501831055e+00,1.359008669853210449e+00,1.343338489532470703e+00,1.051013827323913574e+00,1.051013827323913574e+00,9.841206073760986328e-01,9.493308067321777344e-01,3.812397420406341553e-01,3.812397420406341553e-01,3.967183530330657959e-01,3.723645210266113281e-01,3.809621185064315796e-02,3.809621185064315796e-02,6.217143312096595764e-02,6.053008139133453369e-02,3.365281969308853149e-02,3.365281969308853149e-02,5.439170449972152710e-02,5.581595003604888916e-02,3.823324441909790039e-01,3.823324441909790039e-01,3.906848430633544922e-01,3.821915686130523682e-01,1.080367207527160645e+00,1.080367207527160645e+00,1.021755933761596680e+00,1.010613322257995605e+00
2.550000000000000000e+02,1.447930097579956055e+00,1.447930097579956055e+00,1.361176371574401855e+00,1.345245718955993652e+00,1.051348924636840820e+00,1.051348924636840820e+00,9.827282428741455078e-01,9.499362707138061523e-01,3.816820979118347168e-01,3.816820979118347168e-01,3.963321149349212646e-01,3.742088973522186279e-01,3.759663924574851990e-02,3.759663924574851990e-02,6.181509047746658325e-02,6.057163327932357788e-02,3.350902348756790161e-02,3.350902348756790161e-02,5.476594716310501099e-02,5.594276636838912964e-02,3.826587200164794922e-01,3.826587200164794922e-01,3.920372724533081055e-01,3.833918869495391846e-01,1.082780480384826660e+00,1.082780480384826660e+00,1.021707415580749512e+00,1.012161731719970703e+00
2.560000000000000000e+02,1.442491650581359863e+00,1.442491650581359863e+00,1.356544137001037598e+00,1.343508005142211914e+00,1.052065134048461914e+00,1.052065134048461914e+00,9.874172210693359375e-01,9.482110142707824707e-01,3.822349607944488525e-01,3.822349607944488525e-01,3.986352980136871338e-01,3.750865757465362549e-01,3.754137083888053894e-02,3.754137083888053894e-02,6.210049614310264587e-02,6.039011105895042419e-02,3.335411846637725830e-02,3.335411846637725830e-02,5.467097461223602295e-02,5.523313209414482117e-02,3.846973776817321777e-01,3.846973776817321777e-01,3.909772038459777832e-01,3.839654326438903809e-01,1.079410314559936523e+00,1.079410314559936523e+00,1.025877237319946289e+00,1.013545870780944824e+00
2.570000000000000000e+02,1.446846246719360352e+00,1.446846246719360352e+00,1.362291336059570312e+00,1.342898845672607422e+00,1.052268028259277344e+00,1.052268028259277344e+00,9.866079092025756836e-01,9.450827836990356445e-01,3.824458122253417969e-01,3.824458122253417969e-01,3.970806896686553955e-01,3.734451830387115479e-01,3.722163289785385132e-02,3.722163289785385132e-02,6.199573352932929993e-02,6.035812571644783020e-02,3.372666239738464355e-02,3.372666239738464355e-02,5.482669919729232788e-02,5.600084736943244934e-02,3.848798274993896484e-01,3.848798274993896484e-01,3.923636972904205322e-01,3.843323588371276855e-01,1.077934026718139648e+00,1.077934026718139648e+00,1.025854945182800293e+00,1.012132406234741211e+00
2.580000000000000000e+02,1.443615198135375977e+00,1.443615198135375977e+00,1.359813213348388672e+00,1.344043731689453125e+00,1.049686789512634277e+00,1.049686789512634277e+00,9.858572483062744141e-01,9.421184062957763672e-01,3.828983604907989502e-01,3.828983604907989502e-01,3.969995379447937012e-01,3.746648430824279785e-01,3.686111792922019958e-02,3.686111792922019958e-02,6.168456375598907471e-02,6.089813634753227234e-02,3.337497264146804810e-02,3.337497264146804810e-02,5.526306852698326111e-02,5.542219430208206177e-02,3.867633044719696045e-01,3.867633044719696045e-01,3.928574323654174805e-01,3.852715790271759033e-01,1.078489542007446289e+00,1.078489542007446289e+00,1.021786093711853027e+00,1.011414766311645508e+00
2.590000000000000000e+02,1.447253942489624023e+00,1.447253942489624023e+00,1.356710433959960938e+00,1.341313600540161133e+00,1.048292875289916992e+00,1.048292875289916992e+00,9.857886433601379395e-01,9.461263418197631836e-01,3.832068443298339844e-01,3.832068443298339844e-01,3.959621489048004150e-01,3.759420514106750488e-01,3.671301901340484619e-02,3.671301901340484619e-02,6.168743968009948730e-02,6.136717274785041809e-02,3.359565138816833496e-02,3.359565138816833496e-02,5.508771911263465881e-02,5.514685064554214478e-02,3.878456652164459229e-01,3.878456652164459229e-01,3.936083614826202393e-01,3.864752352237701416e-01,1.081206679344177246e+00,1.081206679344177246e+00,1.027651667594909668e+00,1.010503530502319336e+00
2.600000000000000000e+02,1.450624704360961914e+00,1.450624704360961914e+00,1.357782363891601562e+00,1.342142343521118164e+00,1.053697824478149414e+00,1.053697824478149414e+00,9.854334592819213867e-01,9.433329105377197266e-01,3.835672736167907715e-01,3.835672736167907715e-01,3.977785110473632812e-01,3.762422800064086914e-01,3.680700808763504028e-02,3.680700808763504028e-02,6.205447018146514893e-02,6.087885051965713501e-02,3.374315798282623291e-02,3.374315798282623291e-02,5.502842366695404053e-02,5.524299293756484985e-02,3.881319761276245117e-01,3.881319761276245117e-01,3.961175382137298584e-01,3.876496255397796631e-01,1.078271865844726562e+00,1.078271865844726562e+00,1.021454691886901855e+00,1.011608362197875977e+00
2.610000000000000000e+02,1.451412916183471680e+00,1.451412916183471680e+00,1.359217286109924316e+00,1.343805193901062012e+00,1.046758174896240234e+00,1.046758174896240234e+00,9.843924641609191895e-01,9.437985420227050781e-01,3.835086226463317871e-01,3.835086226463317871e-01,3.990063071250915527e-01,3.748813271522521973e-01,3.609301894903182983e-02,3.609301894903182983e-02,6.122006475925445557e-02,6.083400174975395203e-02,3.354242444038391113e-02,3.354242444038391113e-02,5.493716895580291748e-02,5.491511523723602295e-02,3.895132839679718018e-01,3.895132839679718018e-01,3.966723382472991943e-01,3.872202932834625244e-01,1.080125689506530762e+00,1.080125689506530762e+00,1.024762153625488281e+00,1.007238388061523438e+00
2.620000000000000000e+02,1.448572754859924316e+00,1.448572754859924316e+00,1.359109163284301758e+00,1.341185331344604492e+00,1.046317100524902344e+00,1.046317100524902344e+00,9.864854812622070312e-01,9.450910091400146484e-01,3.819066584110260010e-01,3.819066584110260010e-01,3.979741632938385010e-01,3.756664097309112549e-01,3.592629730701446533e-02,3.592629730701446533e-02,6.098725274205207825e-02,6.125123426318168640e-02,3.402428328990936279e-02,3.402428328990936279e-02,5.559462308883666992e-02,5.468753725290298462e-02,3.886253833770751953e-01,3.886253833770751953e-01,3.961592912673950195e-01,3.867723643779754639e-01,1.079177618026733398e+00,1.079177618026733398e+00,1.024741888046264648e+00,1.006435871124267578e+00
2.630000000000000000e+02,1.446420788764953613e+00,1.446420788764953613e+00,1.365121960639953613e+00,1.340145111083984375e+00,1.049660682678222656e+00,1.049660682678222656e+00,9.828250408172607422e-01,9.460984468460083008e-01,3.828433752059936523e-01,3.828433752059936523e-01,3.975226879119873047e-01,3.754401504993438721e-01,3.579702973365783691e-02,3.579702973365783691e-02,6.086945161223411560e-02,6.156373396515846252e-02,3.385473415255546570e-02,3.385473415255546570e-02,5.519492924213409424e-02,5.469134822487831116e-02,3.896806240081787109e-01,3.896806240081787109e-01,3.973880410194396973e-01,3.878638148307800293e-01,1.080163359642028809e+00,1.080163359642028809e+00,1.024443745613098145e+00,1.011533856391906738e+00
2.640000000000000000e+02,1.448647737503051758e+00,1.448647737503051758e+00,1.363151550292968750e+00,1.342184066772460938e+00,1.044323444366455078e+00,1.044323444366455078e+00,9.813671112060546875e-01,9.406602382659912109e-01,3.829763829708099365e-01,3.829763829708099365e-01,3.986015319824218750e-01,3.786173462867736816e-01,3.564520552754402161e-02,3.564520552754402161e-02,6.106308475136756897e-02,6.128376722335815430e-02,3.409865126013755798e-02,3.409865126013755798e-02,5.556767433881759644e-02,5.439240485429763794e-02,3.899203836917877197e-01,3.899203836917877197e-01,3.974245786666870117e-01,3.901849389076232910e-01,1.078286170959472656e+00,1.078286170959472656e+00,1.023771762847900391e+00,1.008497238159179688e+00
2.650000000000000000e+02,1.450666427612304688e+00,1.450666427612304688e+00,1.362549304962158203e+00,1.343443632125854492e+00,1.043418169021606445e+00,1.043418169021606445e+00,9.827236533164978027e-01,9.437772035598754883e-01,3.826441168785095215e-01,3.826441168785095215e-01,3.988560438156127930e-01,3.762673139572143555e-01,3.517204895615577698e-02,3.517204895615577698e-02,6.121093034744262695e-02,6.185833364725112915e-02,3.443473577499389648e-02,3.443473577499389648e-02,5.489419400691986084e-02,5.455346778035163879e-02,3.905155062675476074e-01,3.905155062675476074e-01,3.977059721946716309e-01,3.888854980468750000e-01,1.079791069030761719e+00,1.079791069030761719e+00,1.021139144897460938e+00,1.008753538131713867e+00
2.660000000000000000e+02,1.451527357101440430e+00,1.451527357101440430e+00,1.365589380264282227e+00,1.342500686645507812e+00,1.045517206192016602e+00,1.045517206192016602e+00,9.801639914512634277e-01,9.492096900939941406e-01,3.829829096794128418e-01,3.829829096794128418e-01,3.980201184749603271e-01,3.765280842781066895e-01,3.514244407415390015e-02,3.514244407415390015e-02,6.101915240287780762e-02,6.249770522117614746e-02,3.465390205383300781e-02,3.465390205383300781e-02,5.557250976562500000e-02,5.489757284522056580e-02,3.911742269992828369e-01,3.911742269992828369e-01,3.981012701988220215e-01,3.902868926525115967e-01,1.081712841987609863e+00,1.081712841987609863e+00,1.023048639297485352e+00,1.006332993507385254e+00
2.670000000000000000e+02,1.452067136764526367e+00,1.452067136764526367e+00,1.365046858787536621e+00,1.347040653228759766e+00,1.041914463043212891e+00,1.041914463043212891e+00,9.852961897850036621e-01,9.446915388107299805e-01,3.825911581516265869e-01,3.825911581516265869e-01,3.973512053489685059e-01,3.779728412628173828e-01,3.478357940912246704e-02,3.478357940912246704e-02,6.035791710019111633e-02,6.242452189326286316e-02,3.476227074861526489e-02,3.476227074861526489e-02,5.502881854772567749e-02,5.410621315240859985e-02,3.915782868862152100e-01,3.915782868862152100e-01,4.011918306350708008e-01,3.898108601570129395e-01,1.077494502067565918e+00,1.077494502067565918e+00,1.025334119796752930e+00,1.008520364761352539e+00
2.680000000000000000e+02,1.450849890708923340e+00,1.450849890708923340e+00,1.365880966186523438e+00,1.346284985542297363e+00,1.045901894569396973e+00,1.045901894569396973e+00,9.824830293655395508e-01,9.429065585136413574e-01,3.831212222576141357e-01,3.831212222576141357e-01,3.975228369235992432e-01,3.768721818923950195e-01,3.483394160866737366e-02,3.483394160866737366e-02,6.089046970009803772e-02,6.274171173572540283e-02,3.527444228529930115e-02,3.527444228529930115e-02,5.560298636555671692e-02,5.464164167642593384e-02,3.920341432094573975e-01,3.920341432094573975e-01,4.000113010406494141e-01,3.912357389926910400e-01,1.078203201293945312e+00,1.078203201293945312e+00,1.024480223655700684e+00,1.004831194877624512e+00
2.690000000000000000e+02,1.453854560852050781e+00,1.453854560852050781e+00,1.366819262504577637e+00,1.346698164939880371e+00,1.043704509735107422e+00,1.043704509735107422e+00,9.847955107688903809e-01,9.435018897056579590e-01,3.820460438728332520e-01,3.820460438728332520e-01,3.963926136493682861e-01,3.771398961544036865e-01,3.464844450354576111e-02,3.464844450354576111e-02,6.074534729123115540e-02,6.311987340450286865e-02,3.511768579483032227e-02,3.511768579483032227e-02,5.541877821087837219e-02,5.442496389150619507e-02,3.919747471809387207e-01,3.919747471809387207e-01,4.020985364913940430e-01,3.899216055870056152e-01,1.075261950492858887e+00,1.075261950492858887e+00,1.023581743240356445e+00,1.006160736083984375e+00
2.700000000000000000e+02,1.451798439025878906e+00,1.451798439025878906e+00,1.363594055175781250e+00,1.345997810363769531e+00,1.043087005615234375e+00,1.043087005615234375e+00,9.810891747474670410e-01,9.431878328323364258e-01,3.841047286987304688e-01,3.841047286987304688e-01,3.972597122192382812e-01,3.773719966411590576e-01,3.472327440977096558e-02,3.472327440977096558e-02,6.067961081862449646e-02,6.351726502180099487e-02,3.542288392782211304e-02,3.542288392782211304e-02,5.544998496770858765e-02,5.428261309862136841e-02,3.940331935882568359e-01,3.940331935882568359e-01,4.009813666343688965e-01,3.906841576099395752e-01,1.078783035278320312e+00,1.078783035278320312e+00,1.023779392242431641e+00,1.007805705070495605e+00
2.710000000000000000e+02,1.453623294830322266e+00,1.453623294830322266e+00,1.364003419876098633e+00,1.339792251586914062e+00,1.039257407188415527e+00,1.039257407188415527e+00,9.833421707153320312e-01,9.402363896369934082e-01,3.828598260879516602e-01,3.828598260879516602e-01,3.962100148200988770e-01,3.764736652374267578e-01,3.464020043611526489e-02,3.464020043611526489e-02,6.057671457529067993e-02,6.377866864204406738e-02,3.608804941177368164e-02,3.608804941177368164e-02,5.563336610794067383e-02,5.445948615670204163e-02,3.925885260105133057e-01,3.925885260105133057e-01,4.022696018218994141e-01,3.919644653797149658e-01,1.078191995620727539e+00,1.078191995620727539e+00,1.026548862457275391e+00,1.005653619766235352e+00
2.720000000000000000e+02,1.450238704681396484e+00,1.450238704681396484e+00,1.367108345031738281e+00,1.339809417724609375e+00,1.039648652076721191e+00,1.039648652076721191e+00,9.807524681091308594e-01,9.436545372009277344e-01,3.837807476520538330e-01,3.837807476520538330e-01,3.966746032238006592e-01,3.764731287956237793e-01,3.493832796812057495e-02,3.493832796812057495e-02,6.080150604248046875e-02,6.454298645257949829e-02,3.577957302331924438e-02,3.577957302331924438e-02,5.557749420404434204e-02,5.413001030683517456e-02,3.932964503765106201e-01,3.932964503765106201e-01,4.004239439964294434e-01,3.926115036010742188e-01,1.076201796531677246e+00,1.076201796531677246e+00,1.025186419486999512e+00,1.007635354995727539e+00
2.730000000000000000e+02,1.445359706878662109e+00,1.445359706878662109e+00,1.362940073013305664e+00,1.341691970825195312e+00,1.040670275688171387e+00,1.040670275688171387e+00,9.834388494491577148e-01,9.423158764839172363e-01,3.822895884513854980e-01,3.822895884513854980e-01,3.978604376316070557e-01,3.782797455787658691e-01,3.547638654708862305e-02,3.547638654708862305e-02,6.071753427386283875e-02,6.477792561054229736e-02,3.635077923536300659e-02,3.635077923536300659e-02,5.563077703118324280e-02,5.447866395115852356e-02,3.931344747543334961e-01,3.931344747543334961e-01,4.011925458908081055e-01,3.927209377288818359e-01,1.081044912338256836e+00,1.081044912338256836e+00,1.025833606719970703e+00,1.005956649780273438e+00
2.740000000000000000e+02,1.453099012374877930e+00,1.453099012374877930e+00,1.366624236106872559e+00,1.342381715774536133e+00,1.042628407478332520e+00,1.042628407478332520e+00,9.846426248550415039e-01,9.428567886352539062e-01,3.837586641311645508e-01,3.837586641311645508e-01,3.957988321781158447e-01,3.791239857673645020e-01,3.548935055732727051e-02,3.548935055732727051e-02,6.013434380292892456e-02,6.521312892436981201e-02,3.647520020604133606e-02,3.647520020604133606e-02,5.572128668427467346e-02,5.468104034662246704e-02,3.934242427349090576e-01,3.934242427349090576e-01,4.009031951427459717e-01,3.950502574443817139e-01,1.081557035446166992e+00,1.081557035446166992e+00,1.020349264144897461e+00,1.009242296218872070e+00
2.750000000000000000e+02,1.453145146369934082e+00,1.453145146369934082e+00,1.364434242248535156e+00,1.343072056770324707e+00,1.040149450302124023e+00,1.040149450302124023e+00,9.842433929443359375e-01,9.429297447204589844e-01,3.855006694793701172e-01,3.855006694793701172e-01,3.967349529266357422e-01,3.793030679225921631e-01,3.569228574633598328e-02,3.569228574633598328e-02,6.052759289741516113e-02,6.557440757751464844e-02,3.689300268888473511e-02,3.689300268888473511e-02,5.588344484567642212e-02,5.445476621389389038e-02,3.956097960472106934e-01,3.956097960472106934e-01,4.046382308006286621e-01,3.950156867504119873e-01,1.078078269958496094e+00,1.078078269958496094e+00,1.018713831901550293e+00,1.008182048797607422e+00
2.760000000000000000e+02,1.450548529624938965e+00,1.450548529624938965e+00,1.362504482269287109e+00,1.342123508453369141e+00,1.042041301727294922e+00,1.042041301727294922e+00,9.846732616424560547e-01,9.405014514923095703e-01,3.861503601074218750e-01,3.861503601074218750e-01,3.970639109611511230e-01,3.788891136646270752e-01,3.576026111841201782e-02,3.576026111841201782e-02,6.107164919376373291e-02,6.632333993911743164e-02,3.734161332249641418e-02,3.734161332249641418e-02,5.588288977742195129e-02,5.423870682716369629e-02,3.951167464256286621e-01,3.951167464256286621e-01,4.037050902843475342e-01,3.936869502067565918e-01,1.079292297363281250e+00,1.079292297363281250e+00,1.019443750381469727e+00,1.005903005599975586e+00
2.770000000000000000e+02,1.447646141052246094e+00,1.447646141052246094e+00,1.364479064941406250e+00,1.345746159553527832e+00,1.041199922561645508e+00,1.041199922561645508e+00,9.846754074096679688e-01,9.396222233772277832e-01,3.866922259330749512e-01,3.866922259330749512e-01,3.993008732795715332e-01,3.786439299583435059e-01,3.570951893925666809e-02,3.570951893925666809e-02,6.127475574612617493e-02,6.662301719188690186e-02,3.705797344446182251e-02,3.705797344446182251e-02,5.553402006626129150e-02,5.441487580537796021e-02,3.951823413372039795e-01,3.951823413372039795e-01,4.043648838996887207e-01,3.955324590206146240e-01,1.077640056610107422e+00,1.077640056610107422e+00,1.018725037574768066e+00,1.008443832397460938e+00
2.780000000000000000e+02,1.448944330215454102e+00,1.448944330215454102e+00,1.363815188407897949e+00,1.340372681617736816e+00,1.039451122283935547e+00,1.039451122283935547e+00,9.830876588821411133e-01,9.403588175773620605e-01,3.879536986351013184e-01,3.879536986351013184e-01,3.993995189666748047e-01,3.798127472400665283e-01,3.623411059379577637e-02,3.623411059379577637e-02,6.208166480064392090e-02,6.620103865861892700e-02,3.733217716217041016e-02,3.733217716217041016e-02,5.558184534311294556e-02,5.497891455888748169e-02,3.965041935443878174e-01,3.965041935443878174e-01,4.039176106452941895e-01,3.959150314331054688e-01,1.076233148574829102e+00,1.076233148574829102e+00,1.020921230316162109e+00,1.006352543830871582e+00
2.790000000000000000e+02,1.446866512298583984e+00,1.446866512298583984e+00,1.364584088325500488e+00,1.340918540954589844e+00,1.042745947837829590e+00,1.042745947837829590e+00,9.848276376724243164e-01,9.420260190963745117e-01,3.869862556457519531e-01,3.869862556457519531e-01,3.981052637100219727e-01,3.802053332328796387e-01,3.683484718203544617e-02,3.683484718203544617e-02,6.168536469340324402e-02,6.673589348793029785e-02,3.712370619177818298e-02,3.712370619177818298e-02,5.535683780908584595e-02,5.483068153262138367e-02,3.959105610847473145e-01,3.959105610847473145e-01,4.051716029644012451e-01,3.959625661373138428e-01,1.080911278724670410e+00,1.080911278724670410e+00,1.014130353927612305e+00,1.005347490310668945e+00
2.800000000000000000e+02,1.446290850639343262e+00,1.446290850639343262e+00,1.363209009170532227e+00,1.341539978981018066e+00,1.038861989974975586e+00,1.038861989974975586e+00,9.853159189224243164e-01,9.432802796363830566e-01,3.883538246154785156e-01,3.883538246154785156e-01,3.997253179550170898e-01,3.818072676658630371e-01,3.665006160736083984e-02,3.665006160736083984e-02,6.173761188983917236e-02,6.754497438669204712e-02,3.761919960379600525e-02,3.761919960379600525e-02,5.549503490328788757e-02,5.474810674786567688e-02,3.966606259346008301e-01,3.966606259346008301e-01,4.054841995239257812e-01,3.961797952651977539e-01,1.077685356140136719e+00,1.077685356140136719e+00,1.016928195953369141e+00,1.004298686981201172e+00
2.810000000000000000e+02,1.451735258102416992e+00,1.451735258102416992e+00,1.364001512527465820e+00,1.338004946708679199e+00,1.041038513183593750e+00,1.041038513183593750e+00,9.844952821731567383e-01,9.433386325836181641e-01,3.908293843269348145e-01,3.908293843269348145e-01,4.004259705543518066e-01,3.816732168197631836e-01,3.660507872700691223e-02,3.660507872700691223e-02,6.147217750549316406e-02,6.767511367797851562e-02,3.731314837932586670e-02,3.731314837932586670e-02,5.469477549195289612e-02,5.521714687347412109e-02,3.988660275936126709e-01,3.988660275936126709e-01,4.062454104423522949e-01,3.998616933822631836e-01,1.076080679893493652e+00,1.076080679893493652e+00,1.012178063392639160e+00,1.005561470985412598e+00
2.820000000000000000e+02,1.447607517242431641e+00,1.447607517242431641e+00,1.365684509277343750e+00,1.335280418395996094e+00,1.043478131294250488e+00,1.043478131294250488e+00,9.896556735038757324e-01,9.430803656578063965e-01,3.890570402145385742e-01,3.890570402145385742e-01,4.006235003471374512e-01,3.824892044067382812e-01,3.729002550244331360e-02,3.729002550244331360e-02,6.206453591585159302e-02,6.836353242397308350e-02,3.737983852624893188e-02,3.737983852624893188e-02,5.540594458580017090e-02,5.530909076333045959e-02,3.967105150222778320e-01,3.967105150222778320e-01,4.046874344348907471e-01,3.988315463066101074e-01,1.074885845184326172e+00,1.074885845184326172e+00,1.013514518737792969e+00,1.005511403083801270e+00
2.830000000000000000e+02,1.453860640525817871e+00,1.453860640525817871e+00,1.363448619842529297e+00,1.336802005767822266e+00,1.042699337005615234e+00,1.042699337005615234e+00,9.838500022888183594e-01,9.430959820747375488e-01,3.927484750747680664e-01,3.927484750747680664e-01,4.029229879379272461e-01,3.860941529273986816e-01,3.735459595918655396e-02,3.735459595918655396e-02,6.209296733140945435e-02,6.854532659053802490e-02,3.733051568269729614e-02,3.733051568269729614e-02,5.522153526544570923e-02,5.507414042949676514e-02,3.980337977409362793e-01,3.980337977409362793e-01,4.069270491600036621e-01,4.002086520195007324e-01,1.073623895645141602e+00,1.073623895645141602e+00,1.010463356971740723e+00,1.003100872039794922e+00
2.840000000000000000e+02,1.446766257286071777e+00,1.446766257286071777e+00,1.368471145629882812e+00,1.338857531547546387e+00,1.040308713912963867e+00,1.040308713912963867e+00,9.847291111946105957e-01,9.447465538978576660e-01,3.935257792472839355e-01,3.935257792472839355e-01,4.017502069473266602e-01,3.861503601074218750e-01,3.836745023727416992e-02,3.836745023727416992e-02,6.305165588855743408e-02,6.892083585262298584e-02,3.744823858141899109e-02,3.744823858141899109e-02,5.515530705451965332e-02,5.497876554727554321e-02,3.983626365661621094e-01,3.983626365661621094e-01,4.073427617549896240e-01,3.989787697792053223e-01,1.073463082313537598e+00,1.073463082313537598e+00,1.011103630065917969e+00,1.004300951957702637e+00
2.850000000000000000e+02,1.445834159851074219e+00,1.445834159851074219e+00,1.363993763923645020e+00,1.335520982742309570e+00,1.040951967239379883e+00,1.040951967239379883e+00,9.888269305229187012e-01,9.465733766555786133e-01,3.946540355682373047e-01,3.946540355682373047e-01,4.025906026363372803e-01,3.871344625949859619e-01,3.846015781164169312e-02,3.846015781164169312e-02,6.298789381980895996e-02,6.955920159816741943e-02,3.747186064720153809e-02,3.747186064720153809e-02,5.480916053056716919e-02,5.511343479156494141e-02,3.986883163452148438e-01,3.986883163452148438e-01,4.057113826274871826e-01,4.031381011009216309e-01,1.073012590408325195e+00,1.073012590408325195e+00,1.012797594070434570e+00,1.004235267639160156e+00
2.860000000000000000e+02,1.450321555137634277e+00,1.450321555137634277e+00,1.361786007881164551e+00,1.334380269050598145e+00,1.041245222091674805e+00,1.041245222091674805e+00,9.877612590789794922e-01,9.442836642265319824e-01,3.935473561286926270e-01,3.935473561286926270e-01,4.061600565910339355e-01,3.878712654113769531e-01,3.901384770870208740e-02,3.901384770870208740e-02,6.324425339698791504e-02,7.031467556953430176e-02,3.688386827707290649e-02,3.688386827707290649e-02,5.416342616081237793e-02,5.500880256295204163e-02,3.987028002738952637e-01,3.987028002738952637e-01,4.053293764591217041e-01,3.994675874710083008e-01,1.072072505950927734e+00,1.072072505950927734e+00,1.008766174316406250e+00,1.000993967056274414e+00
2.870000000000000000e+02,1.447787284851074219e+00,1.447787284851074219e+00,1.364354729652404785e+00,1.333710908889770508e+00,1.042291641235351562e+00,1.042291641235351562e+00,9.861362576484680176e-01,9.450256824493408203e-01,3.955555558204650879e-01,3.955555558204650879e-01,4.054365456104278564e-01,3.903620541095733643e-01,3.913736343383789062e-02,3.913736343383789062e-02,6.409538537263870239e-02,6.991856545209884644e-02,3.705473616719245911e-02,3.705473616719245911e-02,5.400198698043823242e-02,5.510058999061584473e-02,3.977635204792022705e-01,3.977635204792022705e-01,4.048627912998199463e-01,3.999396562576293945e-01,1.073543667793273926e+00,1.073543667793273926e+00,1.006466507911682129e+00,9.980986714363098145e-01
2.880000000000000000e+02,1.442703962326049805e+00,1.442703962326049805e+00,1.361566185951232910e+00,1.331897497177124023e+00,1.041065931320190430e+00,1.041065931320190430e+00,9.854703545570373535e-01,9.449254274368286133e-01,3.973505795001983643e-01,3.973505795001983643e-01,4.038419127464294434e-01,3.901126384735107422e-01,3.993500769138336182e-02,3.993500769138336182e-02,6.414984166622161865e-02,7.106746733188629150e-02,3.662332519888877869e-02,3.662332519888877869e-02,5.384161323308944702e-02,5.496586114168167114e-02,3.997424244880676270e-01,3.997424244880676270e-01,4.062835574150085449e-01,4.017428159713745117e-01,1.073572397232055664e+00,1.073572397232055664e+00,1.006212472915649414e+00,9.980029463768005371e-01
2.890000000000000000e+02,1.444955825805664062e+00,1.444955825805664062e+00,1.361071586608886719e+00,1.336998343467712402e+00,1.044036865234375000e+00,1.044036865234375000e+00,9.856395721435546875e-01,9.449810981750488281e-01,3.974875807762145996e-01,3.974875807762145996e-01,4.057466089725494385e-01,3.904754221439361572e-01,4.026994854211807251e-02,4.026994854211807251e-02,6.442904472351074219e-02,7.123158127069473267e-02,3.666809201240539551e-02,3.666809201240539551e-02,5.350239947438240051e-02,5.487838760018348694e-02,3.968910276889801025e-01,3.968910276889801025e-01,4.053624272346496582e-01,4.029425382614135742e-01,1.070608377456665039e+00,1.070608377456665039e+00,1.004153490066528320e+00,1.001970052719116211e+00
2.900000000000000000e+02,1.448822736740112305e+00,1.448822736740112305e+00,1.362161159515380859e+00,1.336846590042114258e+00,1.039681911468505859e+00,1.039681911468505859e+00,9.864206314086914062e-01,9.477008581161499023e-01,3.995985388755798340e-01,3.995985388755798340e-01,4.066029191017150879e-01,3.930532634258270264e-01,4.039940983057022095e-02,4.039940983057022095e-02,6.505638360977172852e-02,7.219992578029632568e-02,3.628852963447570801e-02,3.628852963447570801e-02,5.312987789511680603e-02,5.537876486778259277e-02,3.977813124656677246e-01,3.977813124656677246e-01,4.051786065101623535e-01,4.028897583484649658e-01,1.069315075874328613e+00,1.069315075874328613e+00,1.002744674682617188e+00,9.974662065505981445e-01
2.910000000000000000e+02,1.449272155761718750e+00,1.449272155761718750e+00,1.366026282310485840e+00,1.333041191101074219e+00,1.042908906936645508e+00,1.042908906936645508e+00,9.893798828125000000e-01,9.486480355262756348e-01,3.997757732868194580e-01,3.997757732868194580e-01,4.079816341400146484e-01,3.938215076923370361e-01,4.097755253314971924e-02,4.097755253314971924e-02,6.495396792888641357e-02,7.255992293357849121e-02,3.596115857362747192e-02,3.596115857362747192e-02,5.279241502285003662e-02,5.549872666597366333e-02,3.974937200546264648e-01,3.974937200546264648e-01,4.079937040805816650e-01,4.033112227916717529e-01,1.067355871200561523e+00,1.067355871200561523e+00,1.002144932746887207e+00,9.991518259048461914e-01
2.920000000000000000e+02,1.443108081817626953e+00,1.443108081817626953e+00,1.362313151359558105e+00,1.332572340965270996e+00,1.043825864791870117e+00,1.043825864791870117e+00,9.855568408966064453e-01,9.470496177673339844e-01,3.995417356491088867e-01,3.995417356491088867e-01,4.086667299270629883e-01,3.930813670158386230e-01,4.112663492560386658e-02,4.112663492560386658e-02,6.548020243644714355e-02,7.250830531120300293e-02,3.577939048409461975e-02,3.577939048409461975e-02,5.299897491931915283e-02,5.532566457986831665e-02,3.977763354778289795e-01,3.977763354778289795e-01,4.070784747600555420e-01,4.027230739593505859e-01,1.068063378334045410e+00,1.068063378334045410e+00,1.001958847045898438e+00,9.959700107574462891e-01
2.930000000000000000e+02,1.448892831802368164e+00,1.448892831802368164e+00,1.368105649948120117e+00,1.328320860862731934e+00,1.046019434928894043e+00,1.046019434928894043e+00,9.870169758796691895e-01,9.485145807266235352e-01,4.010159373283386230e-01,4.010159373283386230e-01,4.089535474777221680e-01,3.974171876907348633e-01,4.174423217773437500e-02,4.174423217773437500e-02,6.579420715570449829e-02,7.294145226478576660e-02,3.559116646647453308e-02,3.559116646647453308e-02,5.261902511119842529e-02,5.473849177360534668e-02,3.973162770271301270e-01,3.973162770271301270e-01,4.061831831932067871e-01,4.022405147552490234e-01,1.064009308815002441e+00,1.064009308815002441e+00,1.003063678741455078e+00,9.927076697349548340e-01
2.940000000000000000e+02,1.438514828681945801e+00,1.438514828681945801e+00,1.360753536224365234e+00,1.330310344696044922e+00,1.047120451927185059e+00,1.047120451927185059e+00,9.893736243247985840e-01,9.462428689002990723e-01,4.011146426200866699e-01,4.011146426200866699e-01,4.103554189205169678e-01,3.993310630321502686e-01,4.153350368142127991e-02,4.153350368142127991e-02,6.544413417577743530e-02,7.264391332864761353e-02,3.544044867157936096e-02,3.544044867157936096e-02,5.283136665821075439e-02,5.538089573383331299e-02,3.970097303390502930e-01,3.970097303390502930e-01,4.085990786552429199e-01,4.046109318733215332e-01,1.064384460449218750e+00,1.064384460449218750e+00,1.001623153686523438e+00,9.938881397247314453e-01
2.950000000000000000e+02,1.443053126335144043e+00,1.443053126335144043e+00,1.360355377197265625e+00,1.323825478553771973e+00,1.050340175628662109e+00,1.050340175628662109e+00,9.900559782981872559e-01,9.499993324279785156e-01,4.027579128742218018e-01,4.027579128742218018e-01,4.097150564193725586e-01,3.976037204265594482e-01,4.200001806020736694e-02,4.200001806020736694e-02,6.564497947692871094e-02,7.310067117214202881e-02,3.566636145114898682e-02,3.566636145114898682e-02,5.305177718400955200e-02,5.537303537130355835e-02,3.990731835365295410e-01,3.990731835365295410e-01,4.061490893363952637e-01,4.043807685375213623e-01,1.062378168106079102e+00,1.062378168106079102e+00,9.970498085021972656e-01,9.940084218978881836e-01
2.960000000000000000e+02,1.438811182975769043e+00,1.438811182975769043e+00,1.361634731292724609e+00,1.331699728965759277e+00,1.046451568603515625e+00,1.046451568603515625e+00,9.897282123565673828e-01,9.508944153785705566e-01,4.034898281097412109e-01,4.034898281097412109e-01,4.101936817169189453e-01,3.982755243778228760e-01,4.217982292175292969e-02,4.217982292175292969e-02,6.592535227537155151e-02,7.301241904497146606e-02,3.603656589984893799e-02,3.603656589984893799e-02,5.297165364027023315e-02,5.576901137828826904e-02,3.983827829360961914e-01,3.983827829360961914e-01,4.076809883117675781e-01,4.068442285060882568e-01,1.065373301506042480e+00,1.065373301506042480e+00,9.989566802978515625e-01,9.938599467277526855e-01
2.970000000000000000e+02,1.439898133277893066e+00,1.439898133277893066e+00,1.362229108810424805e+00,1.324594259262084961e+00,1.048635244369506836e+00,1.048635244369506836e+00,9.921968579292297363e-01,9.507380127906799316e-01,4.035300016403198242e-01,4.035300016403198242e-01,4.102876186370849609e-01,3.991602063179016113e-01,4.182482510805130005e-02,4.182482510805130005e-02,6.572729349136352539e-02,7.262425124645233154e-02,3.537034988403320312e-02,3.537034988403320312e-02,5.344955995678901672e-02,5.507795885205268860e-02,3.993818759918212891e-01,3.993818759918212891e-01,4.076962471008300781e-01,4.037931561470031738e-01,1.059800148010253906e+00,1.059800148010253906e+00,9.974175691604614258e-01,9.944456219673156738e-01
2.980000000000000000e+02,1.442834854125976562e+00,1.442834854125976562e+00,1.363215088844299316e+00,1.325399279594421387e+00,1.048363208770751953e+00,1.048363208770751953e+00,9.857956171035766602e-01,9.532015323638916016e-01,4.037092626094818115e-01,4.037092626094818115e-01,4.098199903964996338e-01,4.007799029350280762e-01,4.159940034151077271e-02,4.159940034151077271e-02,6.596004962921142578e-02,7.317127287387847900e-02,3.581150993704795837e-02,3.581150993704795837e-02,5.348083376884460449e-02,5.569542944431304932e-02,3.960909843444824219e-01,3.960909843444824219e-01,4.090614914894104004e-01,4.057007431983947754e-01,1.060294628143310547e+00,1.060294628143310547e+00,9.974025487899780273e-01,9.901797771453857422e-01
2.990000000000000000e+02,1.436519265174865723e+00,1.436519265174865723e+00,1.358894467353820801e+00,1.328133583068847656e+00,1.052450656890869141e+00,1.052450656890869141e+00,9.888988733291625977e-01,9.529405236244201660e-01,4.049362838268280029e-01,4.049362838268280029e-01,4.093960523605346680e-01,4.027417898178100586e-01,4.124606028199195862e-02,4.124606028199195862e-02,6.521713733673095703e-02,7.286289334297180176e-02,3.582650795578956604e-02,3.582650795578956604e-02,5.342246592044830322e-02,5.595958232879638672e-02,3.983268141746520996e-01,3.983268141746520996e-01,4.068217575550079346e-01,4.036219120025634766e-01,1.058771848678588867e+00,1.058771848678588867e+00,9.944964647293090820e-01,9.903204441070556641e-01
3.000000000000000000e+02,1.437352418899536133e+00,1.437352418899536133e+00,1.363750219345092773e+00,1.326027154922485352e+00,1.051859378814697266e+00,1.051859378814697266e+00,9.894617795944213867e-01,9.547919034957885742e-01,4.031758904457092285e-01,4.031758904457092285e-01,4.091996550559997559e-01,4.021291136741638184e-01,4.119964689016342163e-02,4.119964689016342163e-02,6.531929224729537964e-02,7.222709059715270996e-02,3.585465624928474426e-02,3.585465624928474426e-02,5.378106236457824707e-02,5.619810521602630615e-02,3.974621891975402832e-01,3.974621891975402832e-01,4.071110486984252930e-01,4.060987234115600586e-01,1.059045910835266113e+00,1.059045910835266113e+00,9.956774711608886719e-01,9.886491894721984863e-01
3.010000000000000000e+02,1.438311696052551270e+00,1.438311696052551270e+00,1.363400220870971680e+00,1.323337435722351074e+00,1.052537202835083008e+00,1.052537202835083008e+00,9.932326078414916992e-01,9.578732848167419434e-01,4.031794071197509766e-01,4.031794071197509766e-01,4.092615246772766113e-01,4.021934866905212402e-01,4.101399332284927368e-02,4.101399332284927368e-02,6.458583474159240723e-02,7.259061932563781738e-02,3.653890267014503479e-02,3.653890267014503479e-02,5.406953394412994385e-02,5.632933229207992554e-02,3.974927663803100586e-01,3.974927663803100586e-01,4.100161790847778320e-01,4.058400392532348633e-01,1.055331945419311523e+00,1.055331945419311523e+00,9.960925579071044922e-01,9.907086491584777832e-01
3.020000000000000000e+02,1.440298795700073242e+00,1.440298795700073242e+00,1.363231182098388672e+00,1.326667070388793945e+00,1.053026199340820312e+00,1.053026199340820312e+00,9.906150698661804199e-01,9.529645442962646484e-01,4.027908444404602051e-01,4.027908444404602051e-01,4.083186984062194824e-01,4.032464325428009033e-01,4.009124636650085449e-02,4.009124636650085449e-02,6.362739205360412598e-02,7.228727638721466064e-02,3.653790801763534546e-02,3.653790801763534546e-02,5.433374643325805664e-02,5.601464584469795227e-02,3.965258002281188965e-01,3.965258002281188965e-01,4.092381596565246582e-01,4.063146114349365234e-01,1.057703971862792969e+00,1.057703971862792969e+00,9.951330423355102539e-01,9.895448684692382812e-01
3.030000000000000000e+02,1.437326192855834961e+00,1.437326192855834961e+00,1.362741351127624512e+00,1.323526501655578613e+00,1.055104494094848633e+00,1.055104494094848633e+00,9.915840625762939453e-01,9.558118581771850586e-01,4.013668596744537354e-01,4.013668596744537354e-01,4.080855250358581543e-01,4.033847749233245850e-01,4.016475379467010498e-02,4.016475379467010498e-02,6.371182203292846680e-02,7.151791453361511230e-02,3.671974688768386841e-02,3.671974688768386841e-02,5.431661754846572876e-02,5.655580759048461914e-02,3.962460458278656006e-01,3.962460458278656006e-01,4.077174365520477295e-01,4.053357541561126709e-01,1.056610822677612305e+00,1.056610822677612305e+00,9.945259690284729004e-01,9.918760657310485840e-01
3.040000000000000000e+02,1.436245203018188477e+00,1.436245203018188477e+00,1.360256433486938477e+00,1.322863101959228516e+00,1.057894349098205566e+00,1.057894349098205566e+00,9.896478056907653809e-01,9.588804841041564941e-01,4.025624394416809082e-01,4.025624394416809082e-01,4.090968966484069824e-01,4.042234420776367188e-01,3.925801068544387817e-02,3.925801068544387817e-02,6.286594271659851074e-02,7.116634398698806763e-02,3.678476065397262573e-02,3.678476065397262573e-02,5.452410131692886353e-02,5.577883496880531311e-02,3.978124856948852539e-01,3.978124856948852539e-01,4.100552201271057129e-01,4.052745699882507324e-01,1.057187438011169434e+00,1.057187438011169434e+00,9.924068450927734375e-01,9.878321886062622070e-01
3.050000000000000000e+02,1.440713882446289062e+00,1.440713882446289062e+00,1.361852526664733887e+00,1.324549913406372070e+00,1.055480003356933594e+00,1.055480003356933594e+00,9.911657571792602539e-01,9.596817493438720703e-01,4.007432460784912109e-01,4.007432460784912109e-01,4.080360531806945801e-01,4.033586680889129639e-01,3.951369971036911011e-02,3.951369971036911011e-02,6.283944100141525269e-02,7.017235457897186279e-02,3.698553144931793213e-02,3.698553144931793213e-02,5.476317927241325378e-02,5.631264671683311462e-02,3.957598507404327393e-01,3.957598507404327393e-01,4.085176289081573486e-01,4.056147933006286621e-01,1.058628559112548828e+00,1.058628559112548828e+00,9.934239983558654785e-01,9.832783937454223633e-01
3.060000000000000000e+02,1.435029864311218262e+00,1.435029864311218262e+00,1.365133285522460938e+00,1.324588060379028320e+00,1.058749079704284668e+00,1.058749079704284668e+00,9.942076802253723145e-01,9.594373703002929688e-01,3.999707102775573730e-01,3.999707102775573730e-01,4.061598479747772217e-01,4.014774560928344727e-01,3.842112049460411072e-02,3.842112049460411072e-02,6.230112537741661072e-02,6.946025788784027100e-02,3.692162781953811646e-02,3.692162781953811646e-02,5.506179481744766235e-02,5.589091777801513672e-02,3.956668972969055176e-01,3.956668972969055176e-01,4.104413986206054688e-01,4.035190343856811523e-01,1.059317588806152344e+00,1.059317588806152344e+00,9.960384368896484375e-01,9.853941798210144043e-01
3.070000000000000000e+02,1.435725808143615723e+00,1.435725808143615723e+00,1.364635109901428223e+00,1.325865983963012695e+00,1.054386138916015625e+00,1.054386138916015625e+00,9.940370321273803711e-01,9.595985412597656250e-01,3.999195396900177002e-01,3.999195396900177002e-01,4.054077863693237305e-01,4.015466570854187012e-01,3.798714652657508850e-02,3.798714652657508850e-02,6.195175275206565857e-02,6.904900074005126953e-02,3.687461465597152710e-02,3.687461465597152710e-02,5.484512820839881897e-02,5.566257610917091370e-02,3.960997462272644043e-01,3.960997462272644043e-01,4.107757210731506348e-01,4.025634825229644775e-01,1.056865572929382324e+00,1.056865572929382324e+00,9.939131736755371094e-01,9.830709695816040039e-01
3.080000000000000000e+02,1.439186811447143555e+00,1.439186811447143555e+00,1.363389968872070312e+00,1.322465181350708008e+00,1.056658983230590820e+00,1.056658983230590820e+00,9.930528402328491211e-01,9.609187245368957520e-01,4.008094072341918945e-01,4.008094072341918945e-01,4.033282995223999023e-01,4.038097262382507324e-01,3.723230212926864624e-02,3.723230212926864624e-02,6.158740818500518799e-02,6.855002045631408691e-02,3.665062785148620605e-02,3.665062785148620605e-02,5.551458150148391724e-02,5.550930649042129517e-02,3.958638012409210205e-01,3.958638012409210205e-01,4.097898602485656738e-01,4.034715294837951660e-01,1.053748846054077148e+00,1.053748846054077148e+00,9.925792217254638672e-01,9.874900579452514648e-01
3.090000000000000000e+02,1.434532761573791504e+00,1.434532761573791504e+00,1.368136405944824219e+00,1.326475024223327637e+00,1.057964205741882324e+00,1.057964205741882324e+00,9.964057803153991699e-01,9.650612473487854004e-01,4.006735384464263916e-01,4.006735384464263916e-01,4.032206833362579346e-01,4.029503464698791504e-01,3.694541752338409424e-02,3.694541752338409424e-02,6.063228100538253784e-02,6.819423288106918335e-02,3.643818944692611694e-02,3.643818944692611694e-02,5.475302040576934814e-02,5.554952472448348999e-02,3.956316709518432617e-01,3.956316709518432617e-01,4.099243283271789551e-01,4.030379354953765869e-01,1.053132534027099609e+00,1.053132534027099609e+00,9.944733381271362305e-01,9.874510765075683594e-01
3.100000000000000000e+02,1.436372637748718262e+00,1.436372637748718262e+00,1.364993691444396973e+00,1.330080389976501465e+00,1.058195114135742188e+00,1.058195114135742188e+00,9.938371777534484863e-01,9.615264534950256348e-01,3.987429141998291016e-01,3.987429141998291016e-01,4.026622176170349121e-01,4.033522903919219971e-01,3.652331978082656860e-02,3.652331978082656860e-02,6.037935614585876465e-02,6.763084977865219116e-02,3.697663545608520508e-02,3.697663545608520508e-02,5.527175217866897583e-02,5.539833009243011475e-02,3.950942158699035645e-01,3.950942158699035645e-01,4.081645607948303223e-01,4.019804596900939941e-01,1.055516481399536133e+00,1.055516481399536133e+00,9.965860843658447266e-01,9.861871600151062012e-01
3.110000000000000000e+02,1.438749790191650391e+00,1.438749790191650391e+00,1.368432641029357910e+00,1.325211048126220703e+00,1.056151390075683594e+00,1.056151390075683594e+00,9.913892745971679688e-01,9.612784385681152344e-01,3.982076942920684814e-01,3.982076942920684814e-01,4.019984602928161621e-01,4.044468998908996582e-01,3.564960509538650513e-02,3.564960509538650513e-02,6.006665900349617004e-02,6.702512502670288086e-02,3.673638403415679932e-02,3.673638403415679932e-02,5.568679422140121460e-02,5.523622035980224609e-02,3.961337208747863770e-01,3.961337208747863770e-01,4.096450209617614746e-01,4.022053778171539307e-01,1.055952787399291992e+00,1.055952787399291992e+00,9.953547716140747070e-01,9.861464500427246094e-01
3.120000000000000000e+02,1.435379743576049805e+00,1.435379743576049805e+00,1.366219758987426758e+00,1.325679779052734375e+00,1.057217121124267578e+00,1.057217121124267578e+00,9.908108711242675781e-01,9.624336957931518555e-01,3.946174979209899902e-01,3.946174979209899902e-01,3.990539312362670898e-01,4.013278484344482422e-01,3.473806753754615784e-02,3.473806753754615784e-02,5.913420021533966064e-02,6.605611741542816162e-02,3.681869804859161377e-02,3.681869804859161377e-02,5.611995235085487366e-02,5.504674836993217468e-02,3.932962417602539062e-01,3.932962417602539062e-01,4.111904501914978027e-01,4.023921787738800049e-01,1.055798888206481934e+00,1.055798888206481934e+00,9.937453269958496094e-01,9.855852723121643066e-01
3.130000000000000000e+02,1.439141750335693359e+00,1.439141750335693359e+00,1.369135975837707520e+00,1.323593854904174805e+00,1.057444810867309570e+00,1.057444810867309570e+00,9.932706952095031738e-01,9.606029987335205078e-01,3.944071531295776367e-01,3.944071531295776367e-01,3.993306756019592285e-01,4.015867114067077637e-01,3.433595597743988037e-02,3.433595597743988037e-02,5.855952203273773193e-02,6.550657749176025391e-02,3.698354586958885193e-02,3.698354586958885193e-02,5.603233352303504944e-02,5.489278584718704224e-02,3.935450911521911621e-01,3.935450911521911621e-01,4.101764857769012451e-01,4.002476334571838379e-01,1.054628849029541016e+00,1.054628849029541016e+00,9.943102598190307617e-01,9.798710346221923828e-01
3.140000000000000000e+02,1.439060568809509277e+00,1.439060568809509277e+00,1.366416931152343750e+00,1.326089262962341309e+00,1.055435895919799805e+00,1.055435895919799805e+00,9.918853044509887695e-01,9.609797596931457520e-01,3.918860554695129395e-01,3.918860554695129395e-01,3.978407382965087891e-01,4.016906023025512695e-01,3.323310241103172302e-02,3.323310241103172302e-02,5.778840184211730957e-02,6.483092159032821655e-02,3.695967793464660645e-02,3.695967793464660645e-02,5.641704052686691284e-02,5.437349900603294373e-02,3.913757503032684326e-01,3.913757503032684326e-01,4.103729128837585449e-01,4.013244509696960449e-01,1.055697917938232422e+00,1.055697917938232422e+00,9.924761056900024414e-01,9.861485958099365234e-01
3.150000000000000000e+02,1.436767816543579102e+00,1.436767816543579102e+00,1.367281913757324219e+00,1.327171564102172852e+00,1.057597637176513672e+00,1.057597637176513672e+00,9.931921362876892090e-01,9.623764753341674805e-01,3.915189802646636963e-01,3.915189802646636963e-01,3.975947499275207520e-01,4.022586941719055176e-01,3.274911642074584961e-02,3.274911642074584961e-02,5.671256780624389648e-02,6.419499218463897705e-02,3.724805265665054321e-02,3.724805265665054321e-02,5.610296130180358887e-02,5.461260676383972168e-02,3.924066424369812012e-01,3.924066424369812012e-01,4.101169109344482422e-01,4.018060564994812012e-01,1.055546283721923828e+00,1.055546283721923828e+00,9.913552999496459961e-01,9.835620522499084473e-01
3.160000000000000000e+02,1.434252142906188965e+00,1.434252142906188965e+00,1.364114522933959961e+00,1.328283309936523438e+00,1.054408073425292969e+00,1.054408073425292969e+00,9.874191284179687500e-01,9.572948813438415527e-01,3.911651074886322021e-01,3.911651074886322021e-01,3.970882594585418701e-01,4.028917551040649414e-01,3.224401175975799561e-02,3.224401175975799561e-02,5.665244162082672119e-02,6.390089541673660278e-02,3.702121227979660034e-02,3.702121227979660034e-02,5.625300109386444092e-02,5.466912314295768738e-02,3.933028280735015869e-01,3.933028280735015869e-01,4.117532074451446533e-01,4.011417627334594727e-01,1.055906295776367188e+00,1.055906295776367188e+00,9.922889471054077148e-01,9.832136631011962891e-01
3.170000000000000000e+02,1.436840295791625977e+00,1.436840295791625977e+00,1.364261269569396973e+00,1.323684215545654297e+00,1.056574583053588867e+00,1.056574583053588867e+00,9.898585081100463867e-01,9.576071500778198242e-01,3.896136283874511719e-01,3.896136283874511719e-01,3.962533473968505859e-01,4.015628099441528320e-01,3.164941072463989258e-02,3.164941072463989258e-02,5.609267950057983398e-02,6.318215280771255493e-02,3.702987357974052429e-02,3.702987357974052429e-02,5.586287751793861389e-02,5.488391220569610596e-02,3.922945857048034668e-01,3.922945857048034668e-01,4.120796918869018555e-01,4.021473824977874756e-01,1.054348707199096680e+00,1.054348707199096680e+00,9.913775920867919922e-01,9.859608411788940430e-01
3.180000000000000000e+02,1.436297416687011719e+00,1.436297416687011719e+00,1.370248436927795410e+00,1.331353306770324707e+00,1.050487637519836426e+00,1.050487637519836426e+00,9.905573129653930664e-01,9.621512889862060547e-01,3.898641467094421387e-01,3.898641467094421387e-01,3.934681117534637451e-01,4.003722965717315674e-01,3.127487003803253174e-02,3.127487003803253174e-02,5.552309751510620117e-02,6.234653294086456299e-02,3.715328872203826904e-02,3.715328872203826904e-02,5.634632706642150879e-02,5.463214963674545288e-02,3.936562538146972656e-01,3.936562538146972656e-01,4.106007218360900879e-01,4.006841182708740234e-01,1.050864696502685547e+00,1.050864696502685547e+00,9.930883646011352539e-01,9.818646907806396484e-01
3.190000000000000000e+02,1.439282417297363281e+00,1.439282417297363281e+00,1.369460821151733398e+00,1.326787471771240234e+00,1.054114341735839844e+00,1.054114341735839844e+00,9.878661632537841797e-01,9.610633850097656250e-01,3.890103399753570557e-01,3.890103399753570557e-01,3.912419974803924561e-01,3.988851904869079590e-01,3.082798421382904053e-02,3.082798421382904053e-02,5.572718009352684021e-02,6.209998950362205505e-02,3.726783767342567444e-02,3.726783767342567444e-02,5.570051074028015137e-02,5.485518276691436768e-02,3.940304517745971680e-01,3.940304517745971680e-01,4.089852273464202881e-01,4.024428725242614746e-01,1.056547760963439941e+00,1.056547760963439941e+00,9.950205087661743164e-01,9.858850240707397461e-01
3.200000000000000000e+02,1.436758518218994141e+00,1.436758518218994141e+00,1.361948966979980469e+00,1.329175472259521484e+00,1.058759212493896484e+00,1.058759212493896484e+00,9.867362380027770996e-01,9.615806341171264648e-01,3.866223096847534180e-01,3.866223096847534180e-01,3.896726965904235840e-01,3.996888995170593262e-01,3.022624552249908447e-02,3.022624552249908447e-02,5.529670044779777527e-02,6.143196299672126770e-02,3.747081011533737183e-02,3.747081011533737183e-02,5.669313296675682068e-02,5.459625273942947388e-02,3.926346600055694580e-01,3.926346600055694580e-01,4.082712531089782715e-01,4.018976688385009766e-01,1.055144309997558594e+00,1.055144309997558594e+00,9.921627044677734375e-01,9.811602830886840820e-01
3.210000000000000000e+02,1.439843654632568359e+00,1.439843654632568359e+00,1.365958929061889648e+00,1.330936312675476074e+00,1.056678056716918945e+00,1.056678056716918945e+00,9.898035526275634766e-01,9.577191472053527832e-01,3.859542608261108398e-01,3.859542608261108398e-01,3.898143768310546875e-01,3.996075689792633057e-01,3.002490848302841187e-02,3.002490848302841187e-02,5.528331547975540161e-02,6.107645854353904724e-02,3.775836527347564697e-02,3.775836527347564697e-02,5.646147578954696655e-02,5.461469292640686035e-02,3.932561576366424561e-01,3.932561576366424561e-01,4.080746769905090332e-01,4.013286828994750977e-01,1.054970383644104004e+00,1.054970383644104004e+00,9.946783185005187988e-01,9.851220250129699707e-01
3.220000000000000000e+02,1.439818024635314941e+00,1.439818024635314941e+00,1.366998672485351562e+00,1.328662633895874023e+00,1.056870102882385254e+00,1.056870102882385254e+00,9.920760989189147949e-01,9.596455097198486328e-01,3.841256499290466309e-01,3.841256499290466309e-01,3.903293013572692871e-01,3.987101316452026367e-01,2.944384142756462097e-02,2.944384142756462097e-02,5.454859882593154907e-02,6.092472374439239502e-02,3.747563436627388000e-02,3.747563436627388000e-02,5.713857710361480713e-02,5.491375923156738281e-02,3.923763632774353027e-01,3.923763632774353027e-01,4.090156257152557373e-01,4.027509987354278564e-01,1.052747011184692383e+00,1.052747011184692383e+00,9.927765727043151855e-01,9.825959205627441406e-01
3.230000000000000000e+02,1.437721967697143555e+00,1.437721967697143555e+00,1.367583751678466797e+00,1.329284071922302246e+00,1.058920025825500488e+00,1.058920025825500488e+00,9.918065071105957031e-01,9.589343070983886719e-01,3.826982080936431885e-01,3.826982080936431885e-01,3.902087211608886719e-01,3.951968550682067871e-01,2.929838933050632477e-02,2.929838933050632477e-02,5.393432453274726868e-02,6.059126928448677063e-02,3.799235448241233826e-02,3.799235448241233826e-02,5.691406130790710449e-02,5.471592396497726440e-02,3.915167450904846191e-01,3.915167450904846191e-01,4.086266160011291504e-01,4.019349813461303711e-01,1.053468346595764160e+00,1.053468346595764160e+00,9.889486432075500488e-01,9.854528903961181641e-01
3.240000000000000000e+02,1.441261529922485352e+00,1.441261529922485352e+00,1.368395566940307617e+00,1.325224041938781738e+00,1.054568529129028320e+00,1.054568529129028320e+00,9.879869222640991211e-01,9.575717449188232422e-01,3.854338526725769043e-01,3.854338526725769043e-01,3.886764049530029297e-01,3.953218758106231689e-01,2.894537150859832764e-02,2.894537150859832764e-02,5.417188256978988647e-02,6.023710966110229492e-02,3.817458823323249817e-02,3.817458823323249817e-02,5.687386170029640198e-02,5.482973158359527588e-02,3.942179083824157715e-01,3.942179083824157715e-01,4.067135453224182129e-01,4.005815088748931885e-01,1.053229212760925293e+00,1.053229212760925293e+00,9.906390905380249023e-01,9.848313927650451660e-01
3.250000000000000000e+02,1.439627408981323242e+00,1.439627408981323242e+00,1.368713736534118652e+00,1.327389240264892578e+00,1.055797100067138672e+00,1.055797100067138672e+00,9.904239177703857422e-01,9.605073928833007812e-01,3.819209337234497070e-01,3.819209337234497070e-01,3.867438137531280518e-01,3.968914747238159180e-01,2.926010638475418091e-02,2.926010638475418091e-02,5.403503403067588806e-02,6.003982946276664734e-02,3.832288086414337158e-02,3.832288086414337158e-02,5.703859031200408936e-02,5.492113903164863586e-02,3.929759562015533447e-01,3.929759562015533447e-01,4.072989225387573242e-01,4.004153609275817871e-01,1.054013967514038086e+00,1.054013967514038086e+00,9.920551180839538574e-01,9.855696558952331543e-01
3.260000000000000000e+02,1.438975095748901367e+00,1.438975095748901367e+00,1.370272755622863770e+00,1.331698894500732422e+00,1.059234380722045898e+00,1.059234380722045898e+00,9.886434674263000488e-01,9.606909751892089844e-01,3.812249898910522461e-01,3.812249898910522461e-01,3.852263689041137695e-01,3.950769901275634766e-01,2.935596369206905365e-02,2.935596369206905365e-02,5.391532927751541138e-02,5.994051322340965271e-02,3.852844238281250000e-02,3.852844238281250000e-02,5.704920366406440735e-02,5.546998977661132812e-02,3.927986025810241699e-01,3.927986025810241699e-01,4.043226540088653564e-01,4.004967212677001953e-01,1.058272361755371094e+00,1.058272361755371094e+00,9.932379722595214844e-01,9.833338260650634766e-01
3.270000000000000000e+02,1.442061305046081543e+00,1.442061305046081543e+00,1.368262052536010742e+00,1.328047990798950195e+00,1.057820200920104980e+00,1.057820200920104980e+00,9.918779730796813965e-01,9.598844647407531738e-01,3.817446827888488770e-01,3.817446827888488770e-01,3.852550685405731201e-01,3.944237828254699707e-01,2.937112376093864441e-02,2.937112376093864441e-02,5.446147918701171875e-02,5.928601324558258057e-02,3.798573464155197144e-02,3.798573464155197144e-02,5.701334774494171143e-02,5.530736595392227173e-02,3.926474452018737793e-01,3.926474452018737793e-01,4.058572649955749512e-01,4.008022844791412354e-01,1.054512023925781250e+00,1.054512023925781250e+00,9.945204257965087891e-01,9.813249707221984863e-01
3.280000000000000000e+02,1.442599534988403320e+00,1.442599534988403320e+00,1.369707107543945312e+00,1.328312158584594727e+00,1.059592485427856445e+00,1.059592485427856445e+00,9.940595030784606934e-01,9.635526537895202637e-01,3.794059753417968750e-01,3.794059753417968750e-01,3.847850561141967773e-01,3.935302197933197021e-01,2.943933755159378052e-02,2.943933755159378052e-02,5.461431294679641724e-02,5.926840752363204956e-02,3.839685395359992981e-02,3.839685395359992981e-02,5.708194524049758911e-02,5.525887385010719299e-02,3.916749358177185059e-01,3.916749358177185059e-01,4.047402143478393555e-01,3.997581005096435547e-01,1.060241699218750000e+00,1.060241699218750000e+00,9.918423891067504883e-01,9.799391031265258789e-01
3.290000000000000000e+02,1.437865376472473145e+00,1.437865376472473145e+00,1.364159584045410156e+00,1.333714485168457031e+00,1.062457799911499023e+00,1.062457799911499023e+00,9.895334839820861816e-01,9.628246426582336426e-01,3.802361786365509033e-01,3.802361786365509033e-01,3.866169750690460205e-01,3.921769261360168457e-01,2.974817156791687012e-02,2.974817156791687012e-02,5.487093329429626465e-02,5.922734364867210388e-02,3.838645666837692261e-02,3.838645666837692261e-02,5.755452811717987061e-02,5.489192157983779907e-02,3.919402360916137695e-01,3.919402360916137695e-01,4.050663113594055176e-01,4.001121520996093750e-01,1.055331230163574219e+00,1.055331230163574219e+00,9.981409907341003418e-01,9.835127592086791992e-01
3.300000000000000000e+02,1.437647819519042969e+00,1.437647819519042969e+00,1.366485476493835449e+00,1.328615665435791016e+00,1.061546087265014648e+00,1.061546087265014648e+00,9.906098842620849609e-01,9.623579978942871094e-01,3.782532215118408203e-01,3.782532215118408203e-01,3.839185237884521484e-01,3.930530250072479248e-01,3.021152317523956299e-02,3.021152317523956299e-02,5.569748580455780029e-02,5.921790003776550293e-02,3.828147798776626587e-02,3.828147798776626587e-02,5.763567611575126648e-02,5.596200376749038696e-02,3.923325538635253906e-01,3.923325538635253906e-01,4.054979681968688965e-01,4.000955224037170410e-01,1.056356310844421387e+00,1.056356310844421387e+00,9.967089891433715820e-01,9.832018017768859863e-01
3.310000000000000000e+02,1.438401937484741211e+00,1.438401937484741211e+00,1.366616010665893555e+00,1.325923800468444824e+00,1.060001850128173828e+00,1.060001850128173828e+00,9.943752288818359375e-01,9.624359011650085449e-01,3.792154788970947266e-01,3.792154788970947266e-01,3.835879564285278320e-01,3.920647501945495605e-01,3.055013343691825867e-02,3.055013343691825867e-02,5.614165216684341431e-02,5.898118019104003906e-02,3.834814578294754028e-02,3.834814578294754028e-02,5.725242197513580322e-02,5.508453398942947388e-02,3.921478688716888428e-01,3.921478688716888428e-01,4.032143652439117432e-01,3.994536101818084717e-01,1.059234976768493652e+00,1.059234976768493652e+00,9.968322515487670898e-01,9.858037829399108887e-01
3.320000000000000000e+02,1.436940789222717285e+00,1.436940789222717285e+00,1.363186240196228027e+00,1.330941677093505859e+00,1.059111595153808594e+00,1.059111595153808594e+00,9.934791922569274902e-01,9.663515090942382812e-01,3.767200708389282227e-01,3.767200708389282227e-01,3.852565288543701172e-01,3.902106881141662598e-01,3.104262053966522217e-02,3.104262053966522217e-02,5.671750009059906006e-02,5.947752296924591064e-02,3.824541345238685608e-02,3.824541345238685608e-02,5.731011927127838135e-02,5.527285486459732056e-02,3.911520540714263916e-01,3.911520540714263916e-01,4.022862315177917480e-01,3.989027738571166992e-01,1.057107567787170410e+00,1.057107567787170410e+00,9.945604801177978516e-01,9.807887077331542969e-01
3.330000000000000000e+02,1.434493184089660645e+00,1.434493184089660645e+00,1.367628216743469238e+00,1.327258229255676270e+00,1.063002347946166992e+00,1.063002347946166992e+00,9.904294013977050781e-01,9.649182558059692383e-01,3.765475749969482422e-01,3.765475749969482422e-01,3.831204771995544434e-01,3.914364874362945557e-01,3.186229616403579712e-02,3.186229616403579712e-02,5.771882832050323486e-02,5.926387012004852295e-02,3.852291405200958252e-02,3.852291405200958252e-02,5.816251412034034729e-02,5.553197860717773438e-02,3.911855816841125488e-01,3.911855816841125488e-01,4.025864601135253906e-01,3.990315794944763184e-01,1.055185317993164062e+00,1.055185317993164062e+00,9.956054091453552246e-01,9.824010133743286133e-01
3.340000000000000000e+02,1.435830831527709961e+00,1.435830831527709961e+00,1.365068674087524414e+00,1.325780630111694336e+00,1.063624620437622070e+00,1.063624620437622070e+00,9.919052124023437500e-01,9.595322608947753906e-01,3.775502443313598633e-01,3.775502443313598633e-01,3.832904100418090820e-01,3.900495171546936035e-01,3.241252154111862183e-02,3.241252154111862183e-02,5.865333229303359985e-02,5.969548225402832031e-02,3.787852451205253601e-02,3.787852451205253601e-02,5.759271606802940369e-02,5.580987408757209778e-02,3.913103342056274414e-01,3.913103342056274414e-01,4.007653295993804932e-01,4.004552960395812988e-01,1.056755542755126953e+00,1.056755542755126953e+00,9.950670003890991211e-01,9.825284481048583984e-01
3.350000000000000000e+02,1.432059049606323242e+00,1.432059049606323242e+00,1.369982719421386719e+00,1.327651262283325195e+00,1.063337922096252441e+00,1.063337922096252441e+00,9.915797710418701172e-01,9.627327919006347656e-01,3.755375146865844727e-01,3.755375146865844727e-01,3.828133046627044678e-01,3.906559944152832031e-01,3.275680541992187500e-02,3.275680541992187500e-02,5.875099077820777893e-02,6.018680706620216370e-02,3.796635195612907410e-02,3.796635195612907410e-02,5.800648406147956848e-02,5.584423243999481201e-02,3.904178142547607422e-01,3.904178142547607422e-01,4.015043973922729492e-01,3.989770710468292236e-01,1.060063242912292480e+00,1.060063242912292480e+00,9.942345619201660156e-01,9.809947013854980469e-01
3.360000000000000000e+02,1.435294389724731445e+00,1.435294389724731445e+00,1.364734649658203125e+00,1.328340649604797363e+00,1.062265872955322266e+00,1.062265872955322266e+00,9.933115243911743164e-01,9.662549495697021484e-01,3.756599426269531250e-01,3.756599426269531250e-01,3.828702569007873535e-01,3.908134400844573975e-01,3.357471525669097900e-02,3.357471525669097900e-02,5.920575931668281555e-02,6.014413759112358093e-02,3.809203207492828369e-02,3.809203207492828369e-02,5.869138613343238831e-02,5.565366148948669434e-02,3.899661898612976074e-01,3.899661898612976074e-01,3.998287022113800049e-01,3.995000422000885010e-01,1.060451745986938477e+00,1.060451745986938477e+00,9.945921301841735840e-01,9.789195656776428223e-01
3.370000000000000000e+02,1.431520223617553711e+00,1.431520223617553711e+00,1.361719012260437012e+00,1.327424407005310059e+00,1.060683250427246094e+00,1.060683250427246094e+00,9.908738136291503906e-01,9.630485773086547852e-01,3.748805522918701172e-01,3.748805522918701172e-01,3.837336003780364990e-01,3.893060088157653809e-01,3.418939188122749329e-02,3.418939188122749329e-02,5.978981032967567444e-02,6.005794554948806763e-02,3.824652358889579773e-02,3.824652358889579773e-02,5.807345360517501831e-02,5.572208017110824585e-02,3.890412747859954834e-01,3.890412747859954834e-01,4.006325900554656982e-01,3.973249495029449463e-01,1.057065963745117188e+00,1.057065963745117188e+00,9.981191754341125488e-01,9.822551012039184570e-01
3.380000000000000000e+02,1.434842348098754883e+00,1.434842348098754883e+00,1.362594485282897949e+00,1.330484390258789062e+00,1.062057733535766602e+00,1.062057733535766602e+00,9.916428327560424805e-01,9.646893739700317383e-01,3.750301003456115723e-01,3.750301003456115723e-01,3.834222555160522461e-01,3.881529569625854492e-01,3.455832973122596741e-02,3.455832973122596741e-02,6.059999391436576843e-02,6.080127507448196411e-02,3.768716752529144287e-02,3.768716752529144287e-02,5.793052166700363159e-02,5.517863854765892029e-02,3.883725106716156006e-01,3.883725106716156006e-01,4.008838236331939697e-01,3.957426249980926514e-01,1.062574148178100586e+00,1.062574148178100586e+00,9.979268312454223633e-01,9.809448719024658203e-01
3.390000000000000000e+02,1.434466123580932617e+00,1.434466123580932617e+00,1.365795373916625977e+00,1.323186159133911133e+00,1.061357498168945312e+00,1.061357498168945312e+00,9.943108558654785156e-01,9.663686156272888184e-01,3.736738860607147217e-01,3.736738860607147217e-01,3.809506297111511230e-01,3.882047533988952637e-01,3.503060340881347656e-02,3.503060340881347656e-02,6.213030964136123657e-02,6.027451530098915100e-02,3.769163414835929871e-02,3.769163414835929871e-02,5.839000642299652100e-02,5.543726310133934021e-02,3.884077966213226318e-01,3.884077966213226318e-01,4.005892574787139893e-01,3.968942761421203613e-01,1.053853988647460938e+00,1.053853988647460938e+00,9.970526695251464844e-01,9.843986034393310547e-01
3.400000000000000000e+02,1.435449600219726562e+00,1.435449600219726562e+00,1.368454933166503906e+00,1.321593403816223145e+00,1.062958478927612305e+00,1.062958478927612305e+00,9.924383163452148438e-01,9.643239974975585938e-01,3.734967410564422607e-01,3.734967410564422607e-01,3.824769854545593262e-01,3.877593278884887695e-01,3.569338470697402954e-02,3.569338470697402954e-02,6.184180825948715210e-02,6.056138873100280762e-02,3.773038834333419800e-02,3.773038834333419800e-02,5.866700038313865662e-02,5.538646876811981201e-02,3.868869245052337646e-01,3.868869245052337646e-01,3.971849679946899414e-01,3.972872197628021240e-01,1.058173894882202148e+00,1.058173894882202148e+00,9.967522621154785156e-01,9.814667105674743652e-01
3.410000000000000000e+02,1.431028485298156738e+00,1.431028485298156738e+00,1.364818334579467773e+00,1.318942070007324219e+00,1.061393260955810547e+00,1.061393260955810547e+00,9.922879338264465332e-01,9.628673791885375977e-01,3.742952346801757812e-01,3.742952346801757812e-01,3.841249048709869385e-01,3.861737251281738281e-01,3.629238158464431763e-02,3.629238158464431763e-02,6.287367641925811768e-02,6.066219508647918701e-02,3.727784007787704468e-02,3.727784007787704468e-02,5.874110013246536255e-02,5.570201203227043152e-02,3.890978097915649414e-01,3.890978097915649414e-01,3.973405957221984863e-01,3.971140384674072266e-01,1.057028770446777344e+00,1.057028770446777344e+00,1.000779271125793457e+00,9.792724847793579102e-01
3.420000000000000000e+02,1.431962370872497559e+00,1.431962370872497559e+00,1.359361648559570312e+00,1.326416373252868652e+00,1.061282634735107422e+00,1.061282634735107422e+00,9.925560951232910156e-01,9.636921882629394531e-01,3.728863596916198730e-01,3.728863596916198730e-01,3.821179270744323730e-01,3.845861554145812988e-01,3.658117726445198059e-02,3.658117726445198059e-02,6.346505880355834961e-02,6.063912063837051392e-02,3.738293796777725220e-02,3.738293796777725220e-02,5.870622396469116211e-02,5.454683303833007812e-02,3.851625919342041016e-01,3.851625919342041016e-01,3.973197340965270996e-01,3.954509198665618896e-01,1.059707283973693848e+00,1.059707283973693848e+00,9.979304075241088867e-01,9.803423881530761719e-01
3.430000000000000000e+02,1.431041717529296875e+00,1.431041717529296875e+00,1.357490777969360352e+00,1.322240114212036133e+00,1.061281561851501465e+00,1.061281561851501465e+00,9.914961457252502441e-01,9.621862769126892090e-01,3.722983896732330322e-01,3.722983896732330322e-01,3.835519552230834961e-01,3.856764435768127441e-01,3.691747784614562988e-02,3.691747784614562988e-02,6.445301324129104614e-02,6.074433773756027222e-02,3.672100231051445007e-02,3.672100231051445007e-02,5.846333503723144531e-02,5.505741387605667114e-02,3.848508596420288086e-01,3.848508596420288086e-01,3.972899913787841797e-01,3.939878940582275391e-01,1.059737920761108398e+00,1.059737920761108398e+00,9.970238208770751953e-01,9.836423397064208984e-01
3.440000000000000000e+02,1.432167053222656250e+00,1.432167053222656250e+00,1.363058686256408691e+00,1.327206730842590332e+00,1.061535835266113281e+00,1.061535835266113281e+00,9.915663599967956543e-01,9.657670855522155762e-01,3.711039423942565918e-01,3.711039423942565918e-01,3.807088136672973633e-01,3.854900300502777100e-01,3.752111271023750305e-02,3.752111271023750305e-02,6.513106822967529297e-02,6.050945073366165161e-02,3.676218912005424500e-02,3.676218912005424500e-02,5.852812528610229492e-02,5.479114875197410583e-02,3.838015198707580566e-01,3.838015198707580566e-01,3.952531218528747559e-01,3.951370418071746826e-01,1.055762767791748047e+00,1.055762767791748047e+00,9.990880489349365234e-01,9.800316095352172852e-01
3.450000000000000000e+02,1.429334878921508789e+00,1.429334878921508789e+00,1.360221385955810547e+00,1.325325131416320801e+00,1.059845089912414551e+00,1.059845089912414551e+00,9.897493124008178711e-01,9.611300230026245117e-01,3.719050288200378418e-01,3.719050288200378418e-01,3.829160928726196289e-01,3.842107653617858887e-01,3.801038116216659546e-02,3.801038116216659546e-02,6.547551602125167847e-02,6.081759929656982422e-02,3.612407669425010681e-02,3.612407669425010681e-02,5.820933729410171509e-02,5.487651377916336060e-02,3.835743069648742676e-01,3.835743069648742676e-01,3.949943780899047852e-01,3.931485414505004883e-01,1.056144118309020996e+00,1.056144118309020996e+00,9.990226626396179199e-01,9.797660112380981445e-01
3.460000000000000000e+02,1.429311513900756836e+00,1.429311513900756836e+00,1.362569689750671387e+00,1.328084945678710938e+00,1.058109760284423828e+00,1.058109760284423828e+00,9.905842542648315430e-01,9.604915380477905273e-01,3.704649806022644043e-01,3.704649806022644043e-01,3.826032280921936035e-01,3.849057853221893311e-01,3.835947066545486450e-02,3.835947066545486450e-02,6.601615250110626221e-02,6.048342958092689514e-02,3.609620779752731323e-02,3.609620779752731323e-02,5.871999636292457581e-02,5.510695278644561768e-02,3.818622231483459473e-01,3.818622231483459473e-01,3.951541781425476074e-01,3.944289684295654297e-01,1.056282639503479004e+00,1.056282639503479004e+00,9.980791807174682617e-01,9.827206134796142578e-01
3.470000000000000000e+02,1.428680181503295898e+00,1.428680181503295898e+00,1.362994670867919922e+00,1.325236082077026367e+00,1.056970834732055664e+00,1.056970834732055664e+00,9.889782071113586426e-01,9.638112783432006836e-01,3.702585399150848389e-01,3.702585399150848389e-01,3.804027438163757324e-01,3.844789266586303711e-01,3.875891491770744324e-02,3.875891491770744324e-02,6.659169495105743408e-02,6.106777116656303406e-02,3.569825738668441772e-02,3.569825738668441772e-02,5.831417441368103027e-02,5.518262088298797607e-02,3.818001747131347656e-01,3.818001747131347656e-01,3.938688039779663086e-01,3.941639065742492676e-01,1.059055566787719727e+00,1.059055566787719727e+00,1.001429319381713867e+00,9.775741100311279297e-01
3.480000000000000000e+02,1.430861592292785645e+00,1.430861592292785645e+00,1.361819505691528320e+00,1.328316211700439453e+00,1.054769277572631836e+00,1.054769277572631836e+00,9.879016280174255371e-01,9.609984755516052246e-01,3.716718852519989014e-01,3.716718852519989014e-01,3.830107152462005615e-01,3.834680616855621338e-01,3.950538486242294312e-02,3.950538486242294312e-02,6.767296791076660156e-02,6.140125542879104614e-02,3.562458604574203491e-02,3.562458604574203491e-02,5.813230574131011963e-02,5.454663559794425964e-02,3.825283050537109375e-01,3.825283050537109375e-01,3.936219811439514160e-01,3.957307338714599609e-01,1.057052254676818848e+00,1.057052254676818848e+00,1.000431180000305176e+00,9.849106073379516602e-01
3.490000000000000000e+02,1.432572841644287109e+00,1.432572841644287109e+00,1.363318324089050293e+00,1.327566146850585938e+00,1.058343529701232910e+00,1.058343529701232910e+00,9.905133843421936035e-01,9.612219333648681641e-01,3.704600930213928223e-01,3.704600930213928223e-01,3.812480866909027100e-01,3.846507370471954346e-01,3.992888331413269043e-02,3.992888331413269043e-02,6.797933578491210938e-02,6.118974834680557251e-02,3.550780937075614929e-02,3.550780937075614929e-02,5.876209959387779236e-02,5.473617464303970337e-02,3.816973567008972168e-01,3.816973567008972168e-01,3.912904262542724609e-01,3.938881754875183105e-01,1.056638360023498535e+00,1.056638360023498535e+00,1.000537395477294922e+00,9.802991151809692383e-01
3.500000000000000000e+02,1.429594755172729492e+00,1.429594755172729492e+00,1.357959866523742676e+00,1.324424862861633301e+00,1.054329156875610352e+00,1.054329156875610352e+00,9.877439141273498535e-01,9.581605792045593262e-01,3.713115155696868896e-01,3.713115155696868896e-01,3.821853995323181152e-01,3.822285234928131104e-01,4.028354212641716003e-02,4.028354212641716003e-02,6.856612861156463623e-02,6.195930019021034241e-02,3.515739366412162781e-02,3.515739366412162781e-02,5.868922546505928040e-02,5.465604737401008606e-02,3.813495635986328125e-01,3.813495635986328125e-01,3.919482827186584473e-01,3.907272517681121826e-01,1.057780742645263672e+00,1.057780742645263672e+00,1.000091314315795898e+00,9.820883274078369141e-01
3.510000000000000000e+02,1.432009816169738770e+00,1.432009816169738770e+00,1.362365961074829102e+00,1.325601935386657715e+00,1.055321693420410156e+00,1.055321693420410156e+00,9.875609874725341797e-01,9.558584690093994141e-01,3.703259229660034180e-01,3.703259229660034180e-01,3.826421797275543213e-01,3.824350237846374512e-01,4.030006378889083862e-02,4.030006378889083862e-02,6.907812505960464478e-02,6.128442659974098206e-02,3.457603231072425842e-02,3.457603231072425842e-02,5.885837227106094360e-02,5.478042736649513245e-02,3.815521001815795898e-01,3.815521001815795898e-01,3.928961753845214844e-01,3.928858637809753418e-01,1.055833101272583008e+00,1.055833101272583008e+00,1.001226425170898438e+00,9.821097850799560547e-01
3.520000000000000000e+02,1.426945924758911133e+00,1.426945924758911133e+00,1.358426332473754883e+00,1.322462081909179688e+00,1.053815126419067383e+00,1.053815126419067383e+00,9.860366582870483398e-01,9.560172557830810547e-01,3.712643086910247803e-01,3.712643086910247803e-01,3.838886618614196777e-01,3.802689313888549805e-01,4.005830362439155579e-02,4.005830362439155579e-02,6.914310902357101440e-02,6.220217794179916382e-02,3.476638346910476685e-02,3.476638346910476685e-02,5.942418798804283142e-02,5.464775115251541138e-02,3.810265660285949707e-01,3.810265660285949707e-01,3.921694755554199219e-01,3.926733136177062988e-01,1.056539058685302734e+00,1.056539058685302734e+00,1.002646327018737793e+00,9.838741421699523926e-01
3.530000000000000000e+02,1.426916837692260742e+00,1.426916837692260742e+00,1.361636281013488770e+00,1.322601079940795898e+00,1.056399822235107422e+00,1.056399822235107422e+00,9.830433130264282227e-01,9.570933580398559570e-01,3.702553510665893555e-01,3.702553510665893555e-01,3.860725164413452148e-01,3.821915984153747559e-01,4.112092033028602600e-02,4.112092033028602600e-02,7.022514194250106812e-02,6.254233419895172119e-02,3.422800451517105103e-02,3.422800451517105103e-02,5.920969694852828979e-02,5.474221706390380859e-02,3.794844448566436768e-01,3.794844448566436768e-01,3.905875682830810547e-01,3.939858078956604004e-01,1.057866811752319336e+00,1.057866811752319336e+00,1.000980377197265625e+00,9.806920289993286133e-01
3.540000000000000000e+02,1.428023934364318848e+00,1.428023934364318848e+00,1.360660791397094727e+00,1.322564482688903809e+00,1.056001663208007812e+00,1.056001663208007812e+00,9.834095239639282227e-01,9.564001560211181641e-01,3.694011270999908447e-01,3.694011270999908447e-01,3.830539584159851074e-01,3.815824985504150391e-01,4.127026349306106567e-02,4.127026349306106567e-02,7.067465782165527344e-02,6.235025823116302490e-02,3.419028222560882568e-02,3.419028222560882568e-02,5.928213894367218018e-02,5.494080483913421631e-02,3.790785074234008789e-01,3.790785074234008789e-01,3.909692168235778809e-01,3.946193158626556396e-01,1.056412458419799805e+00,1.056412458419799805e+00,1.004463672637939453e+00,9.833760261535644531e-01
3.550000000000000000e+02,1.428974866867065430e+00,1.428974866867065430e+00,1.359186887741088867e+00,1.320016026496887207e+00,1.055757641792297363e+00,1.055757641792297363e+00,9.843673706054687500e-01,9.553089737892150879e-01,3.712783753871917725e-01,3.712783753871917725e-01,3.858680725097656250e-01,3.816474378108978271e-01,4.119500517845153809e-02,4.119500517845153809e-02,7.092873752117156982e-02,6.221685931086540222e-02,3.427443653345108032e-02,3.427443653345108032e-02,5.952431261539459229e-02,5.533652007579803467e-02,3.809845745563507080e-01,3.809845745563507080e-01,3.926806449890136719e-01,3.950934410095214844e-01,1.059246301651000977e+00,1.059246301651000977e+00,1.002563238143920898e+00,9.822157025337219238e-01
3.560000000000000000e+02,1.424292564392089844e+00,1.424292564392089844e+00,1.357079029083251953e+00,1.322232365608215332e+00,1.055486917495727539e+00,1.055486917495727539e+00,9.853019714355468750e-01,9.577674865722656250e-01,3.713362514972686768e-01,3.713362514972686768e-01,3.861551880836486816e-01,3.811273276805877686e-01,4.104431718587875366e-02,4.104431718587875366e-02,7.067826390266418457e-02,6.247115507721900940e-02,3.463199734687805176e-02,3.463199734687805176e-02,5.975072830915451050e-02,5.599546432495117188e-02,3.807907104492187500e-01,3.807907104492187500e-01,3.915528059005737305e-01,3.951885104179382324e-01,1.060271978378295898e+00,1.060271978378295898e+00,1.006651997566223145e+00,9.819882512092590332e-01
3.570000000000000000e+02,1.424209594726562500e+00,1.424209594726562500e+00,1.355469942092895508e+00,1.322420358657836914e+00,1.050388336181640625e+00,1.050388336181640625e+00,9.811518788337707520e-01,9.535698890686035156e-01,3.708950281143188477e-01,3.708950281143188477e-01,3.855150938034057617e-01,3.803030252456665039e-01,4.057783633470535278e-02,4.057783633470535278e-02,7.124654203653335571e-02,6.283853203058242798e-02,3.448196128010749817e-02,3.448196128010749817e-02,6.083639711141586304e-02,5.638008192181587219e-02,3.811371922492980957e-01,3.811371922492980957e-01,3.908095359802246094e-01,3.954554200172424316e-01,1.058330535888671875e+00,1.058330535888671875e+00,1.004912495613098145e+00,9.826202988624572754e-01
3.580000000000000000e+02,1.423367500305175781e+00,1.423367500305175781e+00,1.358816623687744141e+00,1.319561958312988281e+00,1.051212191581726074e+00,1.051212191581726074e+00,9.833326339721679688e-01,9.533194899559020996e-01,3.711137175559997559e-01,3.711137175559997559e-01,3.867632150650024414e-01,3.815121650695800781e-01,4.092757403850555420e-02,4.092757403850555420e-02,7.188111543655395508e-02,6.264086812734603882e-02,3.456230089068412781e-02,3.456230089068412781e-02,6.056618690490722656e-02,5.631055682897567749e-02,3.805216848850250244e-01,3.805216848850250244e-01,3.919555544853210449e-01,3.936623334884643555e-01,1.059653401374816895e+00,1.059653401374816895e+00,1.004983782768249512e+00,9.826698303222656250e-01
3.590000000000000000e+02,1.420613408088684082e+00,1.420613408088684082e+00,1.356846928596496582e+00,1.315160751342773438e+00,1.049025297164916992e+00,1.049025297164916992e+00,9.812014102935791016e-01,9.543781280517578125e-01,3.709848225116729736e-01,3.709848225116729736e-01,3.858458399772644043e-01,3.807614743709564209e-01,4.061764478683471680e-02,4.061764478683471680e-02,7.148483395576477051e-02,6.253641843795776367e-02,3.460580855607986450e-02,3.460580855607986450e-02,6.094492971897125244e-02,5.729366093873977661e-02,3.807694911956787109e-01,3.807694911956787109e-01,3.905713260173797607e-01,3.965970575809478760e-01,1.061288237571716309e+00,1.061288237571716309e+00,1.002908229827880859e+00,9.808797836303710938e-01
